agent_id,domain,case,candidate,method_signature,sim_status,log_path,source_csv,notes,aig_path,area,delay,adp,old_adp
unknown-hard-r4,unknown,ex286,ex286_r4_routing_residual_shared_bdd_paircanon_rotl1_outside_in_all_rows_abc_g_aig,ex286|hamming_weight_preserving_lossy_routing_normalizer|routing_residual_shared_bdd|base_paircanon_rotl1_order_outside_in_nodes_1460|yosys_abc_g_aig|official_evaluate_residual_reconstruction|full_word_residual_xor,not_run,,student/frontend_campaigns/campaigns/ex204_ex299_frontend_continuation_20260614_1216/agent_shards/unknown-hard-r4/simulation_results.csv,iverilog not available in PATH; official evaluate.py used for final equivalence,,,,,
unknown-hard-r4,unknown,ex286,ex286_r4_boundary_layer_residual_bypass_paircanon_rotl1_outside_in_middle_bdd_edge1_abc_g_aig,ex286|hamming_weight_preserving_lossy_routing_normalizer|boundary_layer_residual_bypass|base_paircanon_rotl1_order_outside_in_nodes_1589|yosys_abc_g_aig|official_evaluate_residual_reconstruction|boundary_source_decode_plus_middle_residual,not_run,,student/frontend_campaigns/campaigns/ex204_ex299_frontend_continuation_20260614_1216/agent_shards/unknown-hard-r4/simulation_results.csv,iverilog not available in PATH; official evaluate.py used for final equivalence,,,,,
unknown-hard-r4,unknown,ex287,ex287_r4_routing_residual_shared_bdd_paircanon_outside_in_all_rows_abc_g_aig,ex287|hamming_weight_preserving_lossy_routing_normalizer|routing_residual_shared_bdd|base_paircanon_order_outside_in_nodes_2078|yosys_abc_g_aig|official_evaluate_residual_reconstruction|full_word_residual_xor,not_run,,student/frontend_campaigns/campaigns/ex204_ex299_frontend_continuation_20260614_1216/agent_shards/unknown-hard-r4/simulation_results.csv,iverilog not available in PATH; official evaluate.py used for final equivalence,,,,,
unknown-hard-r4,unknown,ex287,ex287_r4_boundary_layer_residual_bypass_paircanon_pairlate_middle_bdd_edge1_abc_g_aig,ex287|hamming_weight_preserving_lossy_routing_normalizer|boundary_layer_residual_bypass|base_paircanon_order_pairlate_nodes_2246|yosys_abc_g_aig|official_evaluate_residual_reconstruction|boundary_source_decode_plus_middle_residual,not_run,,student/frontend_campaigns/campaigns/ex204_ex299_frontend_continuation_20260614_1216/agent_shards/unknown-hard-r4/simulation_results.csv,iverilog not available in PATH; official evaluate.py used for final equivalence,,,,,
unknown-large-r4,unknown,ex285,ex285_r4_current_boundary_d15,ex285|hamming_weight_route_current_boundary_source|single_source_delay_target|preserve_boundary_alt_source|yosys_internal_abc_g_aig_d15|official_evaluate|full_word,not_run,,student/frontend_campaigns/campaigns/ex204_ex299_frontend_continuation_20260614_1216/agent_shards/unknown-large-r4/simulation_results.csv,official evaluate.py used for final equivalence; no separate iverilog simulation,,,,,
unknown-large-r4,unknown,ex285,ex285_r4_paircount_sorted_mask_mix,ex285|hamming_weight_route_grouped_descriptor_masks|paircount_sorted_boundary_mix|boundary_base_paircount_edge_bits_sorted_inner_bits|yosys_internal_abc_g_aig|official_evaluate|grouped_masks_1_10_3_8,not_run,,student/frontend_campaigns/campaigns/ex204_ex299_frontend_continuation_20260614_1216/agent_shards/unknown-large-r4/simulation_results.csv,official evaluate.py used for final equivalence; no separate iverilog simulation,,,,,
unknown-large-r4,unknown,ex288,ex288_r4_current_keybdd_d13,ex288|hamming_weight_route_current_keybdd_source|single_source_delay_target|preserve_keybdd_selected_source|yosys_internal_abc_g_aig_d13|official_evaluate|full_word,not_run,,student/frontend_campaigns/campaigns/ex204_ex299_frontend_continuation_20260614_1216/agent_shards/unknown-large-r4/simulation_results.csv,official evaluate.py used for final equivalence; no separate iverilog simulation,,,,,
unknown-large-r4,unknown,ex288,ex288_r4_boundary_twohot_mask_mix,ex288|hamming_weight_route_grouped_descriptor_masks|boundary_twohot_keybdd_mix|keybdd_base_boundary_extremes_twohot_swap_cells|yosys_internal_abc_g_aig|official_evaluate|grouped_masks_0_14_4_5_8_9,not_run,,student/frontend_campaigns/campaigns/ex204_ex299_frontend_continuation_20260614_1216/agent_shards/unknown-large-r4/simulation_results.csv,official evaluate.py used for final equivalence; no separate iverilog simulation,,,,,
unknown-large-r4,unknown,ex292,ex292_r4_mod4_planes_d19,ex292|global_state_mod4_output_planes|single_source_delay_target|preserve_mod4_bdd_pools|yosys_internal_abc_g_aig_d19|official_evaluate|mod4_planes,not_run,,student/frontend_campaigns/campaigns/ex204_ex299_frontend_continuation_20260614_1216/agent_shards/unknown-large-r4/simulation_results.csv,official evaluate.py used for final equivalence; no separate iverilog simulation,,,,,
unknown-large-r4,unknown,ex292,ex292_r4_adjacent_mod7_mask_mix,ex292|global_state_output_plane_mix|adjacent_mod7_over_mod4_base|mod4_base_adjacent_mid_pairs_mod7_edge_bits|yosys_internal_abc_g_aig|official_evaluate|mixed_planes_0_2_3_7_10_11_13,not_run,,student/frontend_campaigns/campaigns/ex204_ex299_frontend_continuation_20260614_1216/agent_shards/unknown-large-r4/simulation_results.csv,official evaluate.py used for final equivalence; no separate iverilog simulation,,,,,
unknown-large-r4,unknown,ex294,ex294_r4_octant_d21,ex294|global_state_octant_descriptor_cofactor|single_source_delay_target|preserve_octant_even_plane_mux|yosys_internal_abc_g_aig_d21|official_evaluate|even_plane_0_2_4_6_8_10_12_14,not_run,,student/frontend_campaigns/campaigns/ex204_ex299_frontend_continuation_20260614_1216/agent_shards/unknown-large-r4/simulation_results.csv,official evaluate.py used for final equivalence; no separate iverilog simulation,,,,,
unknown-large-r4,unknown,ex294,ex294_r4_r80_mirror_odd_mask_mix,ex294|global_state_descriptor_mask_mix|r80_mirror_odd_planes_over_octant_base|octant_base_r80_odd_mod4_mirror_highodd|yosys_internal_abc_g_aig|official_evaluate|odd_planes_1_3_5_7_9_11_13_15,not_run,,student/frontend_campaigns/campaigns/ex204_ex299_frontend_continuation_20260614_1216/agent_shards/unknown-large-r4/simulation_results.csv,official evaluate.py used for final equivalence; no separate iverilog simulation,,,,,
unknown-large-r4,unknown,ex297,ex297_r4_pairsel_d15,ex297|cyclic_2bit_pairsel_cell_bit_template|single_source_delay_target|preserve_pairsel_cell_bit_template|yosys_internal_abc_g_aig_d15|official_evaluate|cell_pair_outputs,not_run,,student/frontend_campaigns/campaigns/ex204_ex299_frontend_continuation_20260614_1216/agent_shards/unknown-large-r4/simulation_results.csv,official evaluate.py used for final equivalence; no separate iverilog simulation,,,,,
unknown-large-r4,unknown,ex297,ex297_r4_lowpair_midpair_mask_mix,ex297|cyclic_2bit_cross_output_descriptor_masks|lowpair_midpair_over_pairsel_base|pairsel_base_sel2_lowpair_pairxor_midpair|yosys_internal_abc_g_aig|official_evaluate|cell_pairs_0_1_2_5_6,not_run,,student/frontend_campaigns/campaigns/ex204_ex299_frontend_continuation_20260614_1216/agent_shards/unknown-large-r4/simulation_results.csv,official evaluate.py used for final equivalence; no separate iverilog simulation,,,,,
unknown-large-r4,unknown,ex299,ex299_r4_celllocal_d17,ex299|cyclic_2bit_celllocal_quad_source|single_source_delay_target|preserve_celllocal_quad_source|yosys_internal_abc_g_aig_d17|official_evaluate|celllocal_bits_6_7_8_9,not_run,,student/frontend_campaigns/campaigns/ex204_ex299_frontend_continuation_20260614_1216/agent_shards/unknown-large-r4/simulation_results.csv,official evaluate.py used for final equivalence; no separate iverilog simulation,,,,,
unknown-large-r4,unknown,ex299,ex299_r4_pairsel_lowmid_mask_mix,ex299|cyclic_2bit_cross_output_descriptor_masks|pairsel_lowmid_over_celllocal_base|celllocal_base_pairsel_high_tail_lowmid_cluster|yosys_internal_abc_g_aig|official_evaluate|cell_pairs_1_2_5_7,not_run,,student/frontend_campaigns/campaigns/ex204_ex299_frontend_continuation_20260614_1216/agent_shards/unknown-large-r4/simulation_results.csv,official evaluate.py used for final equivalence; no separate iverilog simulation,,,,,
fp8-tail-transfer-r2,float_fp8,ex241,ex241_r2_tail_product_attr_direct_abc_g_aig_frontend,ex241|E4M3FN packed multiply high byte times low byte|product-tail attr table with direct zero/tail/normal/saturation regions|shared sign xor exponent sum product and direct tail steps|abc_g_aig_frontend|official_evaluate|product_tail_direct_region,not_run_official_evaluate_only,,student/frontend_campaigns/campaigns/ex204_ex299_frontend_continuation_20260614_1216/agent_shards/fp8-tail-transfer-r2/simulation_results.csv,Iverilog was optional; official evaluate.py is the acceptance check.,,,,,
fp8-tail-transfer-r2,float_fp8,ex241,ex241_r2_tail_product_low_overlay_abc_g_aig_frontend,ex241|E4M3FN packed multiply high byte times low byte|tail attr table with low nibble overlay instead of full magnitude mux|high bits share saturation/linear exponent while low tail bits are residual|abc_g_aig_frontend|official_evaluate|tail_low_nibble_overlay,not_run_official_evaluate_only,,student/frontend_campaigns/campaigns/ex204_ex299_frontend_continuation_20260614_1216/agent_shards/fp8-tail-transfer-r2/simulation_results.csv,Iverilog was optional; official evaluate.py is the acceptance check.,,,,,
fp8-tail-transfer-r2,float_fp8,ex241,ex241_r2_current_tail_conemix_abc_g_aig_frontend,ex241|E4M3FN packed multiply high byte times low byte|current nested product high bits with tail-overlay low bits|Yosys flattens two exact sources and can share sign/product/exponent cones|abc_g_aig_frontend|official_evaluate|current_high_tail_low,not_run_official_evaluate_only,,student/frontend_campaigns/campaigns/ex204_ex299_frontend_continuation_20260614_1216/agent_shards/fp8-tail-transfer-r2/simulation_results.csv,Iverilog was optional; official evaluate.py is the acceptance check.,,,,,
fp8-tail-transfer-r2,float_fp8,ex244,ex244_r2_tail_delta_pred_region_abc_g_aig_frontend,ex244|E4M3FN packed hypot abs high low|small-gap delta bits as direct correction predicates|shared max/min decode and max-eff gap/sig residual drive direct saturation|abc_g_aig_frontend|official_evaluate|small_gap_tail_direct_region,not_run_official_evaluate_only,,student/frontend_campaigns/campaigns/ex204_ex299_frontend_continuation_20260614_1216/agent_shards/fp8-tail-transfer-r2/simulation_results.csv,Iverilog was optional; official evaluate.py is the acceptance check.,,,,,
fp8-tail-transfer-r2,float_fp8,ex244,ex244_r2_delta_carry_overlay_abc_g_aig_frontend,ex244|E4M3FN packed hypot abs high low|delta residual overlay with explicit low-bit carry propagation|delta bits overlay maxc low bits while high bits reuse carry/saturation|abc_g_aig_frontend|official_evaluate|delta_lowbit_carry_overlay,not_run_official_evaluate_only,,student/frontend_campaigns/campaigns/ex204_ex299_frontend_continuation_20260614_1216/agent_shards/fp8-tail-transfer-r2/simulation_results.csv,Iverilog was optional; official evaluate.py is the acceptance check.,,,,,
fp8-tail-transfer-r2,float_fp8,ex244,ex244_r2_current_tail_conemix_abc_g_aig_frontend,ex244|E4M3FN packed hypot abs high low|current max-eff BDD high bits with direct-tail low bits|two exact hypot shells are flattened for output-specific residual sharing|abc_g_aig_frontend|official_evaluate|current_high_tail_low,not_run_official_evaluate_only,,student/frontend_campaigns/campaigns/ex204_ex299_frontend_continuation_20260614_1216/agent_shards/fp8-tail-transfer-r2/simulation_results.csv,Iverilog was optional; official evaluate.py is the acceptance check.,,,,,
fp8-tail-transfer-r2,float_fp8,ex246,ex246_r2_tail_product_attr_direct_abc_g_aig_frontend,ex246|E5M2FN packed multiply high byte times low byte|seed12 product-class source recut as direct product-tail attributes|shared sign xor exponent sum product and only four tail steps|abc_g_aig_frontend|official_evaluate|product_tail_direct_region,not_run_official_evaluate_only,,student/frontend_campaigns/campaigns/ex204_ex299_frontend_continuation_20260614_1216/agent_shards/fp8-tail-transfer-r2/simulation_results.csv,Iverilog was optional; official evaluate.py is the acceptance check.,,,,,
fp8-tail-transfer-r2,float_fp8,ex246,ex246_r2_tail_product_low_overlay_abc_g_aig_frontend,ex246|E5M2FN packed multiply high byte times low byte|product-tail low residual bits overlaid on normal/saturation high bits|high magnitude bits share exponent/saturation; low bits carry selected residual|abc_g_aig_frontend|official_evaluate|tail_low_bits_overlay,not_run_official_evaluate_only,,student/frontend_campaigns/campaigns/ex204_ex299_frontend_continuation_20260614_1216/agent_shards/fp8-tail-transfer-r2/simulation_results.csv,Iverilog was optional; official evaluate.py is the acceptance check.,,,,,
fp8-tail-transfer-r2,float_fp8,ex246,ex246_r2_current_tail_conemix_abc_g_aig_frontend,ex246|E5M2FN packed multiply high byte times low byte|current seed12 high bits with tail-overlay low bits|two exact multiply shells are flattened for output-specific cone sharing|abc_g_aig_frontend|official_evaluate|current_high_tail_low,not_run_official_evaluate_only,,student/frontend_campaigns/campaigns/ex204_ex299_frontend_continuation_20260614_1216/agent_shards/fp8-tail-transfer-r2/simulation_results.csv,Iverilog was optional; official evaluate.py is the acceptance check.,,,,,
fp8-tail-transfer-r2,float_fp8,ex247,ex247_r2_lowpred_truth_case_abc_g_aig_frontend,ex247|E5M2FN packed low-over-high division|tail-direct table with 16-row low residual truth case|low_step/pat table only covers the low-underflow residual|abc_g_aig_frontend|official_evaluate|lowpred_truth_case,not_run_official_evaluate_only,,student/frontend_campaigns/campaigns/ex204_ex299_frontend_continuation_20260614_1216/agent_shards/fp8-tail-transfer-r2/simulation_results.csv,Iverilog was optional; official evaluate.py is the acceptance check.,,,,,
fp8-tail-transfer-r2,float_fp8,ex247,ex247_r2_lowpred_step_mux_abc_g_aig_frontend,ex247|E5M2FN packed low-over-high division|tail-direct table with low residual selected by low_step mux|step2 and step3 residual rows are named once and selected by low_step|abc_g_aig_frontend|official_evaluate|lowpred_step_mux,not_run_official_evaluate_only,,student/frontend_campaigns/campaigns/ex204_ex299_frontend_continuation_20260614_1216/agent_shards/fp8-tail-transfer-r2/simulation_results.csv,Iverilog was optional; official evaluate.py is the acceptance check.,,,,,
fp8-tail-transfer-r2,float_fp8,ex247,ex247_r2_split_region_predicates_abc_g_aig_frontend,ex247|E5M2FN packed low-over-high division|split step and saturation predicates before low residual selection|special/exp-first decode exposes step_nonpos step_small_pos and sat_hit|abc_g_aig_frontend|official_evaluate|split_tail_predicates,not_run_official_evaluate_only,,student/frontend_campaigns/campaigns/ex204_ex299_frontend_continuation_20260614_1216/agent_shards/fp8-tail-transfer-r2/simulation_results.csv,Iverilog was optional; official evaluate.py is the acceptance check.,,,,,
fp8-tail-transfer-r2,float_fp8,ex247,ex247_r2_current_r5_conemix_abc_g_aig_frontend,ex247|E5M2FN packed low-over-high division|r4 current high bits with r5 low-tail truth-case residual bits|two exact division shells are flattened; only low three output bits use r5 residual|abc_g_aig_frontend|official_evaluate|r4_high_r5_low,not_run_official_evaluate_only,,student/frontend_campaigns/campaigns/ex204_ex299_frontend_continuation_20260614_1216/agent_shards/fp8-tail-transfer-r2/simulation_results.csv,Iverilog was optional; official evaluate.py is the acceptance check.,,,,,
fp8-tail-transfer-r2,float_fp8,ex249,ex249_r2_tail_delta_pred_region_abc_g_aig_frontend,ex249|E5M2FN packed hypot abs high low|raw-exp active-gap delta-is-one/two predicates|shared ordered magnitude and active-gap predicates feed saturation/delta tail|abc_g_aig_frontend|official_evaluate|active_gap_tail_direct_region,not_run_official_evaluate_only,,student/frontend_campaigns/campaigns/ex204_ex299_frontend_continuation_20260614_1216/agent_shards/fp8-tail-transfer-r2/simulation_results.csv,Iverilog was optional; official evaluate.py is the acceptance check.,,,,,
fp8-tail-transfer-r2,float_fp8,ex249,ex249_r2_delta_carry_overlay_abc_g_aig_frontend,ex249|E5M2FN packed hypot abs high low|delta residual overlay with explicit low-bit carry|delta table remains only as a small residual source|abc_g_aig_frontend|official_evaluate|delta_lowbit_carry_overlay,not_run_official_evaluate_only,,student/frontend_campaigns/campaigns/ex204_ex299_frontend_continuation_20260614_1216/agent_shards/fp8-tail-transfer-r2/simulation_results.csv,Iverilog was optional; official evaluate.py is the acceptance check.,,,,,
fp8-tail-transfer-r2,float_fp8,ex249,ex249_r2_current_tail_conemix_abc_g_aig_frontend,ex249|E5M2FN packed hypot abs high low|current rawexp high bits with direct-tail low bits|two exact hypot shells are flattened for output-specific delta sharing|abc_g_aig_frontend|official_evaluate|current_high_tail_low,not_run_official_evaluate_only,,student/frontend_campaigns/campaigns/ex204_ex299_frontend_continuation_20260614_1216/agent_shards/fp8-tail-transfer-r2/simulation_results.csv,Iverilog was optional; official evaluate.py is the acceptance check.,,,,,
fp8-semantic-r2,float_fp8,ex240,ex240_r2_direct_arith_norm_default_and,ex240|E4M3FN packed add|direct integer add/sub normalizer|shared decoded magnitude arithmetic and one exact RNE quantizer|default_and|official_evaluate|full_word,not_run,,student/frontend_campaigns/campaigns/ex204_ex299_frontend_continuation_20260614_1216/agent_shards/fp8-semantic-r2/simulation_results.csv,iverilog skipped; official evaluate.py used for acceptance,,,,,
fp8-semantic-r2,float_fp8,ex240,ex240_r2_direct_arith_norm_abc_g_aig,ex240|E4M3FN packed add|direct integer add/sub normalizer|shared decoded magnitude arithmetic and one exact RNE quantizer|abc_g_aig|official_evaluate|full_word,not_run,,student/frontend_campaigns/campaigns/ex204_ex299_frontend_continuation_20260614_1216/agent_shards/fp8-semantic-r2/simulation_results.csv,iverilog skipped; official evaluate.py used for acceptance,,,,,
fp8-semantic-r2,float_fp8,ex240,ex240_r2_shared_bdd_interleave_default_and,ex240|E4M3FN packed add|byte-interleaved shared output BDD|single shared exact decision graph over high/low fields|default_and|official_evaluate|full_word_bdd,not_run,,student/frontend_campaigns/campaigns/ex204_ex299_frontend_continuation_20260614_1216/agent_shards/fp8-semantic-r2/simulation_results.csv,iverilog skipped; official evaluate.py used for acceptance,,,,,
fp8-semantic-r2,float_fp8,ex240,ex240_r2_shared_bdd_interleave_abc_g_aig,ex240|E4M3FN packed add|byte-interleaved shared output BDD|single shared exact decision graph over high/low fields|abc_g_aig|official_evaluate|full_word_bdd,not_run,,student/frontend_campaigns/campaigns/ex204_ex299_frontend_continuation_20260614_1216/agent_shards/fp8-semantic-r2/simulation_results.csv,iverilog skipped; official evaluate.py used for acceptance,,,,,
fp8-semantic-r2,float_fp8,ex245,ex245_r2_direct_integer_norm_default_and,ex245|E5M2FN packed add|direct integer add/sub normalizer|shared decoded magnitude arithmetic and one exact RNE quantizer|default_and|official_evaluate|full_word,not_run,,student/frontend_campaigns/campaigns/ex204_ex299_frontend_continuation_20260614_1216/agent_shards/fp8-semantic-r2/simulation_results.csv,iverilog skipped; official evaluate.py used for acceptance,,,,,
fp8-semantic-r2,float_fp8,ex245,ex245_r2_direct_integer_norm_abc_g_aig,ex245|E5M2FN packed add|direct integer add/sub normalizer|shared decoded magnitude arithmetic and one exact RNE quantizer|abc_g_aig|official_evaluate|full_word,not_run,,student/frontend_campaigns/campaigns/ex204_ex299_frontend_continuation_20260614_1216/agent_shards/fp8-semantic-r2/simulation_results.csv,iverilog skipped; official evaluate.py used for acceptance,,,,,
fp8-semantic-r2,float_fp8,ex245,ex245_r2_split_bdd_interleave_default_and,ex245|E5M2FN packed add|split same-diff byte-interleaved BDD|shared sorted decode plus separate same/diff output roots|default_and|official_evaluate|same_diff_bdd,not_run,,student/frontend_campaigns/campaigns/ex204_ex299_frontend_continuation_20260614_1216/agent_shards/fp8-semantic-r2/simulation_results.csv,iverilog skipped; official evaluate.py used for acceptance,,,,,
fp8-semantic-r2,float_fp8,ex245,ex245_r2_split_bdd_interleave_abc_g_aig,ex245|E5M2FN packed add|split same-diff byte-interleaved BDD|shared sorted decode plus separate same/diff output roots|abc_g_aig|official_evaluate|same_diff_bdd,not_run,,student/frontend_campaigns/campaigns/ex204_ex299_frontend_continuation_20260614_1216/agent_shards/fp8-semantic-r2/simulation_results.csv,iverilog skipped; official evaluate.py used for acceptance,,,,,
fp8-semantic-r2,float_fp8,ex248,ex248_r2_direct_arith_mod_default_and,ex248|E5M2FN packed fmod low mod high|direct shifted-significand modulo|shared delta and modulo arithmetic with exact norm table|default_and|official_evaluate|full_word,not_run,,student/frontend_campaigns/campaigns/ex204_ex299_frontend_continuation_20260614_1216/agent_shards/fp8-semantic-r2/simulation_results.csv,iverilog skipped; official evaluate.py used for acceptance,,,,,
fp8-semantic-r2,float_fp8,ex248,ex248_r2_direct_arith_mod_abc_g_aig,ex248|E5M2FN packed fmod low mod high|direct shifted-significand modulo|shared delta and modulo arithmetic with exact norm table|abc_g_aig|official_evaluate|full_word,not_run,,student/frontend_campaigns/campaigns/ex204_ex299_frontend_continuation_20260614_1216/agent_shards/fp8-semantic-r2/simulation_results.csv,iverilog skipped; official evaluate.py used for acceptance,,,,,
fp8-semantic-r2,float_fp8,ex248,ex248_r2_formula_norm_lowarea_default_and,ex248|E5M2FN packed fmod low mod high|periodic remainder formula normalizer|shared period decode and formula norm residual|default_and|official_evaluate|formula_norm_lowarea,not_run,,student/frontend_campaigns/campaigns/ex204_ex299_frontend_continuation_20260614_1216/agent_shards/fp8-semantic-r2/simulation_results.csv,iverilog skipped; official evaluate.py used for acceptance,,,,,
fp8-semantic-r2,float_fp8,ex248,ex248_r2_formula_norm_lowarea_abc_g_aig,ex248|E5M2FN packed fmod low mod high|periodic remainder formula normalizer|shared period decode and formula norm residual|abc_g_aig|official_evaluate|formula_norm_lowarea,not_run,,student/frontend_campaigns/campaigns/ex204_ex299_frontend_continuation_20260614_1216/agent_shards/fp8-semantic-r2/simulation_results.csv,iverilog skipped; official evaluate.py used for acceptance,,,,,
fp8-semantic-r2,float_fp8,ex248,ex248_r2_den_remainder_graph_default_and,ex248|E5M2FN packed fmod low mod high|denominator grouped remainder graph|denominator class plus local numerator residual tables|default_and|official_evaluate|den_grouped_graph,not_run,,student/frontend_campaigns/campaigns/ex204_ex299_frontend_continuation_20260614_1216/agent_shards/fp8-semantic-r2/simulation_results.csv,iverilog skipped; official evaluate.py used for acceptance,,,,,
fp8-semantic-r2,float_fp8,ex248,ex248_r2_den_remainder_graph_abc_g_aig,ex248|E5M2FN packed fmod low mod high|denominator grouped remainder graph|denominator class plus local numerator residual tables|abc_g_aig|official_evaluate|den_grouped_graph,not_run,,student/frontend_campaigns/campaigns/ex204_ex299_frontend_continuation_20260614_1216/agent_shards/fp8-semantic-r2/simulation_results.csv,iverilog skipped; official evaluate.py used for acceptance,,,,,
arith-unary-r2,bf16,ex204,ex204_bf16_output_grouped_low8_hi3_abc_g_aig,ex204|bf16_output_grouped_truth_structure|low8_nested_hi3_highbit_runs|shared_signexp_highbit_runs_plus_nested_low_lut|abc_g_aig|abc_xf_truth_derived|full_word_bitgroup,not_run,student/work/ex204_ex299_frontend_continuation_20260614_1216/arith-unary-r2/bf16_output_grouped/ex204/logs/ex204_bf16_output_grouped_low8_hi3_abc_g_aig.yosys.log,student/frontend_campaigns/campaigns/ex204_ex299_frontend_continuation_20260614_1216/agent_shards/arith-unary-r2/simulation_results.csv,,,,,,
arith-unary-r2,bf16,ex204,ex204_bf16_output_grouped_low10_hi3_abc_g_aig,ex204|bf16_output_grouped_truth_structure|low10_nested_hi3_highbit_runs|shared_signexp_highbit_runs_plus_nested_low_lut|abc_g_aig|abc_xf_truth_derived|full_word_bitgroup,not_run,student/work/ex204_ex299_frontend_continuation_20260614_1216/arith-unary-r2/bf16_output_grouped/ex204/logs/ex204_bf16_output_grouped_low10_hi3_abc_g_aig.yosys.log,student/frontend_campaigns/campaigns/ex204_ex299_frontend_continuation_20260614_1216/agent_shards/arith-unary-r2/simulation_results.csv,,,,,,
arith-unary-r2,bf16,ex205,ex205_bf16_output_grouped_low8_hi3_abc_g_aig,ex205|bf16_output_grouped_truth_structure|low8_nested_hi3_highbit_runs|shared_signexp_highbit_runs_plus_nested_low_lut|abc_g_aig|abc_xf_truth_derived|full_word_bitgroup,not_run,student/work/ex204_ex299_frontend_continuation_20260614_1216/arith-unary-r2/bf16_output_grouped/ex205/logs/ex205_bf16_output_grouped_low8_hi3_abc_g_aig.yosys.log,student/frontend_campaigns/campaigns/ex204_ex299_frontend_continuation_20260614_1216/agent_shards/arith-unary-r2/simulation_results.csv,,,,,,
arith-unary-r2,bf16,ex205,ex205_bf16_output_grouped_low10_hi3_abc_g_aig,ex205|bf16_output_grouped_truth_structure|low10_nested_hi3_highbit_runs|shared_signexp_highbit_runs_plus_nested_low_lut|abc_g_aig|abc_xf_truth_derived|full_word_bitgroup,not_run,student/work/ex204_ex299_frontend_continuation_20260614_1216/arith-unary-r2/bf16_output_grouped/ex205/logs/ex205_bf16_output_grouped_low10_hi3_abc_g_aig.yosys.log,student/frontend_campaigns/campaigns/ex204_ex299_frontend_continuation_20260614_1216/agent_shards/arith-unary-r2/simulation_results.csv,,,,,,
arith-unary-r2,bf16,ex218,ex218_bf16_output_grouped_low8_hi3_abc_g_aig,ex218|bf16_output_grouped_truth_structure|low8_nested_hi3_highbit_runs|shared_signexp_highbit_runs_plus_nested_low_lut|abc_g_aig|abc_xf_truth_derived|full_word_bitgroup,not_run,student/work/ex204_ex299_frontend_continuation_20260614_1216/arith-unary-r2/bf16_output_grouped/ex218/logs/ex218_bf16_output_grouped_low8_hi3_abc_g_aig.yosys.log,student/frontend_campaigns/campaigns/ex204_ex299_frontend_continuation_20260614_1216/agent_shards/arith-unary-r2/simulation_results.csv,,,,,,
arith-unary-r2,bf16,ex218,ex218_bf16_output_grouped_low10_hi3_abc_g_aig,ex218|bf16_output_grouped_truth_structure|low10_nested_hi3_highbit_runs|shared_signexp_highbit_runs_plus_nested_low_lut|abc_g_aig|abc_xf_truth_derived|full_word_bitgroup,not_run,student/work/ex204_ex299_frontend_continuation_20260614_1216/arith-unary-r2/bf16_output_grouped/ex218/logs/ex218_bf16_output_grouped_low10_hi3_abc_g_aig.yosys.log,student/frontend_campaigns/campaigns/ex204_ex299_frontend_continuation_20260614_1216/agent_shards/arith-unary-r2/simulation_results.csv,,,,,,
arith-unary-r2,bf16,ex204,ex204_bf16_log2_hilo4_field_mode,ex204|bf16_log2|hilo4_field_mode|abc_g_aig,not_run,,student/frontend_campaigns/campaigns/ex204_ex299_frontend_continuation_20260614_1216/agent_shards/arith-unary-r2/simulation_results.csv,truth-derived or generator-side exactness; no iverilog simulation run,,,,,
arith-unary-r2,bf16,ex204,ex204_bf16_log2_hilo5_add_delta,ex204|bf16_log2|hilo5_add_delta|abc_g_aig,not_run,,student/frontend_campaigns/campaigns/ex204_ex299_frontend_continuation_20260614_1216/agent_shards/arith-unary-r2/simulation_results.csv,truth-derived or generator-side exactness; no iverilog simulation run,,,,,
arith-unary-r2,bf16,ex205,ex205_bf16_log10_odd_pos_fields_e3_m3,ex205|bf16_log10|odd_pos_fields_e3_m3|abc_g_aig,not_run,,student/frontend_campaigns/campaigns/ex204_ex299_frontend_continuation_20260614_1216/agent_shards/arith-unary-r2/simulation_results.csv,truth-derived or generator-side exactness; no iverilog simulation run,,,,,
arith-unary-r2,bf16,ex205,ex205_bf16_log10_delta_pair_first_hilo3,ex205|bf16_log10|delta_pair_first_hilo3|abc_g_aig,not_run,,student/frontend_campaigns/campaigns/ex204_ex299_frontend_continuation_20260614_1216/agent_shards/arith-unary-r2/simulation_results.csv,truth-derived or generator-side exactness; no iverilog simulation run,,,,,
arith-unary-r2,bf16,ex218,ex218_bf16_reciprocal_cube_sep_fields_e3_m3_s3,ex218|bf16_reciprocal_cube|sep_fields_e3_m3_s3|abc_g_aig,not_run,,student/frontend_campaigns/campaigns/ex204_ex299_frontend_continuation_20260614_1216/agent_shards/arith-unary-r2/simulation_results.csv,truth-derived or generator-side exactness; no iverilog simulation run,,,,,
arith-unary-r2,bf16,ex218,ex218_bf16_reciprocal_cube_delta_pair_mode_hilo4,ex218|bf16_reciprocal_cube|delta_pair_mode_hilo4|abc_g_aig,not_run,,student/frontend_campaigns/campaigns/ex204_ex299_frontend_continuation_20260614_1216/agent_shards/arith-unary-r2/simulation_results.csv,truth-derived or generator-side exactness; no iverilog simulation run,,,,,
arith-unary-r2,fp16,ex223,ex223_log_nested_low13_hi4_abc_g_aig,ex223|fp16_log|log_nested_low13_hi4|abc_g_aig,not_run,,student/frontend_campaigns/campaigns/ex204_ex299_frontend_continuation_20260614_1216/agent_shards/arith-unary-r2/simulation_results.csv,truth-derived or generator-side exactness; no iverilog simulation run,,,,,
arith-unary-r2,fp16,ex223,ex223_log_nested_low14_hi4_abc_g_aig,ex223|fp16_log|log_nested_low14_hi4|abc_g_aig,not_run,,student/frontend_campaigns/campaigns/ex204_ex299_frontend_continuation_20260614_1216/agent_shards/arith-unary-r2/simulation_results.csv,truth-derived or generator-side exactness; no iverilog simulation run,,,,,
arith-unary-r2,fp16,ex225,ex225_log_nested_low13_hi4_abc_g_aig,ex225|fp16_log10|log_nested_low13_hi4|abc_g_aig,not_run,,student/frontend_campaigns/campaigns/ex204_ex299_frontend_continuation_20260614_1216/agent_shards/arith-unary-r2/simulation_results.csv,truth-derived or generator-side exactness; no iverilog simulation run,,,,,
arith-unary-r2,fp16,ex225,ex225_log_nested_low14_hi4_abc_g_aig,ex225|fp16_log10|log_nested_low14_hi4|abc_g_aig,not_run,,student/frontend_campaigns/campaigns/ex204_ex299_frontend_continuation_20260614_1216/agent_shards/arith-unary-r2/simulation_results.csv,truth-derived or generator-side exactness; no iverilog simulation run,,,,,
arith-unary-r2,fp16,ex223,ex223_fp16_log_manual_ex223_sign_bit14,ex223|fp16_log|manual_ex223_sign_bit14|abc_g_aig,not_run,,student/frontend_campaigns/campaigns/ex204_ex299_frontend_continuation_20260614_1216/agent_shards/arith-unary-r2/simulation_results.csv,truth-derived or generator-side exactness; no iverilog simulation run,,,,,
arith-unary-r2,fp16,ex223,ex223_fp16_log_special_casez_sign_bits11_12,ex223|fp16_log|special_casez_sign_bits11_12|abc_g_aig,not_run,,student/frontend_campaigns/campaigns/ex204_ex299_frontend_continuation_20260614_1216/agent_shards/arith-unary-r2/simulation_results.csv,truth-derived or generator-side exactness; no iverilog simulation run,,,,,
arith-unary-r2,fp16,ex225,ex225_fp16_log10_manual_ex225_bitvec14_12_9_bit13,ex225|fp16_log10|manual_ex225_bitvec14_12_9_bit13|abc_g_aig,not_run,,student/frontend_campaigns/campaigns/ex204_ex299_frontend_continuation_20260614_1216/agent_shards/arith-unary-r2/simulation_results.csv,truth-derived or generator-side exactness; no iverilog simulation run,,,,,
arith-unary-r2,fp16,ex225,ex225_fp16_log10_special_casez_sign_bits11_12,ex225|fp16_log10|special_casez_sign_bits11_12|abc_g_aig,not_run,,student/frontend_campaigns/campaigns/ex204_ex299_frontend_continuation_20260614_1216/agent_shards/arith-unary-r2/simulation_results.csv,truth-derived or generator-side exactness; no iverilog simulation run,,,,,
arith-unary-r2,integer,ex260,ex260_smul_baugh_wooley_column_arith_abc_g_aig,ex260|signed low4_high4:a*b|baugh_wooley_column_arith+abc_g_aig|abc_g_aig,not_run,,student/frontend_campaigns/campaigns/ex204_ex299_frontend_continuation_20260614_1216/agent_shards/arith-unary-r2/simulation_results.csv,truth-derived or generator-side exactness; no iverilog simulation run,,,,,
arith-unary-r2,integer,ex260,ex260_smul_direct_signed_abc_g_aig,ex260|signed low4_high4:a*b|direct_signed+abc_g_aig|abc_g_aig,not_run,,student/frontend_campaigns/campaigns/ex204_ex299_frontend_continuation_20260614_1216/agent_shards/arith-unary-r2/simulation_results.csv,truth-derived or generator-side exactness; no iverilog simulation run,,,,,
arith-unary-r2,integer,ex260,ex260_smul_booth_radix4_csa_cla_abc_g_aig,ex260|signed low4_high4:a*b|booth_radix4_csa_cla+abc_g_aig|abc_g_aig,not_run,,student/frontend_campaigns/campaigns/ex204_ex299_frontend_continuation_20260614_1216/agent_shards/arith-unary-r2/simulation_results.csv,truth-derived or generator-side exactness; no iverilog simulation run,,,,,
arith-unary-r2,integer,ex260,ex260_smul_case_b_signed_const_abc_g_aig,ex260|signed low4_high4:a*b|case_b_signed_const+abc_g_aig|abc_g_aig,not_run,,student/frontend_campaigns/campaigns/ex204_ex299_frontend_continuation_20260614_1216/agent_shards/arith-unary-r2/simulation_results.csv,truth-derived or generator-side exactness; no iverilog simulation run,,,,,
arith-unary-r2,integer,ex266,ex266_udiv_cof_bhi1_ahi1_bitbdd_wordmux_abc_g_aig,ex266|unsigned low5_high5:a/b dbz=max|cof_bhi1_ahi1_bitbdd_wordmux+abc_g_aig|abc_g_aig,not_run,,student/frontend_campaigns/campaigns/ex204_ex299_frontend_continuation_20260614_1216/agent_shards/arith-unary-r2/simulation_results.csv,truth-derived or generator-side exactness; no iverilog simulation run,,,,,
arith-unary-r2,integer,ex266,ex266_udiv_cof_bhi1_ahi1_bitbdd_wordmux_synth_preset_d10,ex266|unsigned low5_high5:a/b dbz=max|cof_bhi1_ahi1_bitbdd_wordmux+synth_preset_d10|synth_preset_d10,not_run,,student/frontend_campaigns/campaigns/ex204_ex299_frontend_continuation_20260614_1216/agent_shards/arith-unary-r2/simulation_results.csv,truth-derived or generator-side exactness; no iverilog simulation run,,,,,
arith-unary-r2,integer,ex266,ex266_udiv_ex266_cof_bhi1_a4_bitbdd_abc_g_aig,ex266|unsigned low5_high5:a/b dbz=max|ex266_cof_bhi1_a4_bitbdd+abc_g_aig|abc_g_aig,not_run,,student/frontend_campaigns/campaigns/ex204_ex299_frontend_continuation_20260614_1216/agent_shards/arith-unary-r2/simulation_results.csv,truth-derived or generator-side exactness; no iverilog simulation run,,,,,
arith-unary-r2,integer,ex266,ex266_udiv_ex266_cof_bhi1_a4_bitbdd_synth_preset_d10,ex266|unsigned low5_high5:a/b dbz=max|ex266_cof_bhi1_a4_bitbdd+synth_preset_d10|synth_preset_d10,not_run,,student/frontend_campaigns/campaigns/ex204_ex299_frontend_continuation_20260614_1216/agent_shards/arith-unary-r2/simulation_results.csv,truth-derived or generator-side exactness; no iverilog simulation run,,,,,
arith-unary-r2,integer,ex266,ex266_udiv_ex266_cof_bhi2_bitbdd_wordmux_abc_g_aig,ex266|unsigned low5_high5:a/b dbz=max|ex266_cof_bhi2_bitbdd_wordmux+abc_g_aig|abc_g_aig,not_run,,student/frontend_campaigns/campaigns/ex204_ex299_frontend_continuation_20260614_1216/agent_shards/arith-unary-r2/simulation_results.csv,truth-derived or generator-side exactness; no iverilog simulation run,,,,,
arith-unary-r2,integer,ex266,ex266_udiv_ex266_cof_bhi2_bitbdd_wordmux_synth_preset_d10,ex266|unsigned low5_high5:a/b dbz=max|ex266_cof_bhi2_bitbdd_wordmux+synth_preset_d10|synth_preset_d10,not_run,,student/frontend_campaigns/campaigns/ex204_ex299_frontend_continuation_20260614_1216/agent_shards/arith-unary-r2/simulation_results.csv,truth-derived or generator-side exactness; no iverilog simulation run,,,,,
arith-unary-r2,integer,ex266,ex266_udiv_radix4_compact_digit_abc_g_aig,ex266|unsigned low5_high5:a/b dbz=max|radix4_compact_digit+abc_g_aig|abc_g_aig,not_run,,student/frontend_campaigns/campaigns/ex204_ex299_frontend_continuation_20260614_1216/agent_shards/arith-unary-r2/simulation_results.csv,truth-derived or generator-side exactness; no iverilog simulation run,,,,,
arith-unary-r2,integer,ex266,ex266_udiv_radix4_compact_digit_synth_preset_d10,ex266|unsigned low5_high5:a/b dbz=max|radix4_compact_digit+synth_preset_d10|synth_preset_d10,not_run,,student/frontend_campaigns/campaigns/ex204_ex299_frontend_continuation_20260614_1216/agent_shards/arith-unary-r2/simulation_results.csv,truth-derived or generator-side exactness; no iverilog simulation run,,,,,
arith-unary-r2,integer,ex266,ex266_udiv_denom_lz_range_smallcase_abc_g_aig,ex266|unsigned low5_high5:a/b dbz=max|denom_lz_range_smallcase+abc_g_aig|abc_g_aig,not_run,,student/frontend_campaigns/campaigns/ex204_ex299_frontend_continuation_20260614_1216/agent_shards/arith-unary-r2/simulation_results.csv,truth-derived or generator-side exactness; no iverilog simulation run,,,,,
arith-unary-r2,integer,ex266,ex266_udiv_denom_lz_range_smallcase_synth_preset_d10,ex266|unsigned low5_high5:a/b dbz=max|denom_lz_range_smallcase+synth_preset_d10|synth_preset_d10,not_run,,student/frontend_campaigns/campaigns/ex204_ex299_frontend_continuation_20260614_1216/agent_shards/arith-unary-r2/simulation_results.csv,truth-derived or generator-side exactness; no iverilog simulation run,,,,,
arith-unary-r2,integer,ex266,ex266_udiv_ex266_parallel_threshold_abc_g_aig,ex266|unsigned low5_high5:a/b dbz=max|ex266_parallel_threshold+abc_g_aig|abc_g_aig,not_run,,student/frontend_campaigns/campaigns/ex204_ex299_frontend_continuation_20260614_1216/agent_shards/arith-unary-r2/simulation_results.csv,truth-derived or generator-side exactness; no iverilog simulation run,,,,,
arith-unary-r2,integer,ex266,ex266_udiv_ex266_parallel_threshold_synth_preset_d10,ex266|unsigned low5_high5:a/b dbz=max|ex266_parallel_threshold+synth_preset_d10|synth_preset_d10,not_run,,student/frontend_campaigns/campaigns/ex204_ex299_frontend_continuation_20260614_1216/agent_shards/arith-unary-r2/simulation_results.csv,truth-derived or generator-side exactness; no iverilog simulation run,,,,,
arith-unary-r2,integer,ex276,ex276_isqrt_prefix3_ge_tree_lsb_abc_g_aig,ex276|unsigned_floor_isqrt|prefix3_ge_tree_lsb+abc_g_aig|abc_g_aig,not_run,,student/frontend_campaigns/campaigns/ex204_ex299_frontend_continuation_20260614_1216/agent_shards/arith-unary-r2/simulation_results.csv,truth-derived or generator-side exactness; no iverilog simulation run,,,,,
arith-unary-r2,integer,ex276,ex276_isqrt_prefix3_ge_tree_lsb_synth_preset_d10,ex276|unsigned_floor_isqrt|prefix3_ge_tree_lsb+synth_preset_d10|synth_preset_d10,not_run,,student/frontend_campaigns/campaigns/ex204_ex299_frontend_continuation_20260614_1216/agent_shards/arith-unary-r2/simulation_results.csv,truth-derived or generator-side exactness; no iverilog simulation run,,,,,
arith-unary-r2,integer,ex276,ex276_isqrt_cofbdd4_reverse_abc_g_aig,ex276|unsigned_floor_isqrt|cofbdd4_reverse+abc_g_aig|abc_g_aig,not_run,,student/frontend_campaigns/campaigns/ex204_ex299_frontend_continuation_20260614_1216/agent_shards/arith-unary-r2/simulation_results.csv,truth-derived or generator-side exactness; no iverilog simulation run,,,,,
arith-unary-r2,integer,ex276,ex276_isqrt_cofbdd4_reverse_synth_preset_d10,ex276|unsigned_floor_isqrt|cofbdd4_reverse+synth_preset_d10|synth_preset_d10,not_run,,student/frontend_campaigns/campaigns/ex204_ex299_frontend_continuation_20260614_1216/agent_shards/arith-unary-r2/simulation_results.csv,truth-derived or generator-side exactness; no iverilog simulation run,,,,,
arith-unary-r2,integer,ex276,ex276_isqrt_radix4_wires_abc_g_aig,ex276|unsigned_floor_isqrt|radix4_wires+abc_g_aig|abc_g_aig,not_run,,student/frontend_campaigns/campaigns/ex204_ex299_frontend_continuation_20260614_1216/agent_shards/arith-unary-r2/simulation_results.csv,truth-derived or generator-side exactness; no iverilog simulation run,,,,,
arith-unary-r2,integer,ex276,ex276_isqrt_radix4_wires_synth_preset_d10,ex276|unsigned_floor_isqrt|radix4_wires+synth_preset_d10|synth_preset_d10,not_run,,student/frontend_campaigns/campaigns/ex204_ex299_frontend_continuation_20260614_1216/agent_shards/arith-unary-r2/simulation_results.csv,truth-derived or generator-side exactness; no iverilog simulation run,,,,,
arith-unary-r2,integer,ex273,ex273_square_wallace_square_factored_csel8_abc_g_aig,ex273|unsigned_square_x_times_x|wallace_square_factored_csel8+abc_g_aig|abc_g_aig,not_run,,student/frontend_campaigns/campaigns/ex204_ex299_frontend_continuation_20260614_1216/agent_shards/arith-unary-r2/simulation_results.csv,truth-derived or generator-side exactness; no iverilog simulation run,,,,,
arith-unary-r2,integer,ex273,ex273_square_wallace_square_factored_csel8_synth_preset_d24,ex273|unsigned_square_x_times_x|wallace_square_factored_csel8+synth_preset_d24|synth_preset_d24,not_run,,student/frontend_campaigns/campaigns/ex204_ex299_frontend_continuation_20260614_1216/agent_shards/arith-unary-r2/simulation_results.csv,truth-derived or generator-side exactness; no iverilog simulation run,,,,,
arith-unary-r2,integer,ex273,ex273_square_hybrid_bddtop4_trunc_csel10_abc_g_aig,ex273|unsigned_square_x_times_x|hybrid_bddtop4_trunc_csel10+abc_g_aig|abc_g_aig,not_run,,student/frontend_campaigns/campaigns/ex204_ex299_frontend_continuation_20260614_1216/agent_shards/arith-unary-r2/simulation_results.csv,truth-derived or generator-side exactness; no iverilog simulation run,,,,,
arith-unary-r2,integer,ex273,ex273_square_hybrid_bddtop4_trunc_csel10_synth_preset_d24,ex273|unsigned_square_x_times_x|hybrid_bddtop4_trunc_csel10+synth_preset_d24|synth_preset_d24,not_run,,student/frontend_campaigns/campaigns/ex204_ex299_frontend_continuation_20260614_1216/agent_shards/arith-unary-r2/simulation_results.csv,truth-derived or generator-side exactness; no iverilog simulation run,,,,,
arith-unary-r2,integer,ex273,ex273_square_hybrid_bddtop2_trunc_csel10_abc_g_aig,ex273|unsigned_square_x_times_x|hybrid_bddtop2_trunc_csel10+abc_g_aig|abc_g_aig,not_run,,student/frontend_campaigns/campaigns/ex204_ex299_frontend_continuation_20260614_1216/agent_shards/arith-unary-r2/simulation_results.csv,truth-derived or generator-side exactness; no iverilog simulation run,,,,,
arith-unary-r2,integer,ex273,ex273_square_hybrid_bddtop2_trunc_csel10_synth_preset_d24,ex273|unsigned_square_x_times_x|hybrid_bddtop2_trunc_csel10+synth_preset_d24|synth_preset_d24,not_run,,student/frontend_campaigns/campaigns/ex204_ex299_frontend_continuation_20260614_1216/agent_shards/arith-unary-r2/simulation_results.csv,truth-derived or generator-side exactness; no iverilog simulation run,,,,,
arith-unary-r2,integer,ex274,ex274_square_wallace_square_factored_csel8_abc_g_aig,ex274|unsigned_square_x_times_x|wallace_square_factored_csel8+abc_g_aig|abc_g_aig,not_run,,student/frontend_campaigns/campaigns/ex204_ex299_frontend_continuation_20260614_1216/agent_shards/arith-unary-r2/simulation_results.csv,truth-derived or generator-side exactness; no iverilog simulation run,,,,,
arith-unary-r2,integer,ex274,ex274_square_wallace_square_factored_csel8_synth_preset_d24,ex274|unsigned_square_x_times_x|wallace_square_factored_csel8+synth_preset_d24|synth_preset_d24,not_run,,student/frontend_campaigns/campaigns/ex204_ex299_frontend_continuation_20260614_1216/agent_shards/arith-unary-r2/simulation_results.csv,truth-derived or generator-side exactness; no iverilog simulation run,,,,,
arith-unary-r2,integer,ex274,ex274_square_hybrid_bddtop4_trunc_csel10_abc_g_aig,ex274|unsigned_square_x_times_x|hybrid_bddtop4_trunc_csel10+abc_g_aig|abc_g_aig,not_run,,student/frontend_campaigns/campaigns/ex204_ex299_frontend_continuation_20260614_1216/agent_shards/arith-unary-r2/simulation_results.csv,truth-derived or generator-side exactness; no iverilog simulation run,,,,,
arith-unary-r2,integer,ex274,ex274_square_hybrid_bddtop4_trunc_csel10_synth_preset_d24,ex274|unsigned_square_x_times_x|hybrid_bddtop4_trunc_csel10+synth_preset_d24|synth_preset_d24,not_run,,student/frontend_campaigns/campaigns/ex204_ex299_frontend_continuation_20260614_1216/agent_shards/arith-unary-r2/simulation_results.csv,truth-derived or generator-side exactness; no iverilog simulation run,,,,,
arith-unary-r2,integer,ex274,ex274_square_hybrid_bddtop2_trunc_csel10_abc_g_aig,ex274|unsigned_square_x_times_x|hybrid_bddtop2_trunc_csel10+abc_g_aig|abc_g_aig,not_run,,student/frontend_campaigns/campaigns/ex204_ex299_frontend_continuation_20260614_1216/agent_shards/arith-unary-r2/simulation_results.csv,truth-derived or generator-side exactness; no iverilog simulation run,,,,,
arith-unary-r2,integer,ex274,ex274_square_hybrid_bddtop2_trunc_csel10_synth_preset_d24,ex274|unsigned_square_x_times_x|hybrid_bddtop2_trunc_csel10+synth_preset_d24|synth_preset_d24,not_run,,student/frontend_campaigns/campaigns/ex204_ex299_frontend_continuation_20260614_1216/agent_shards/arith-unary-r2/simulation_results.csv,truth-derived or generator-side exactness; no iverilog simulation run,,,,,
bf16-extra-r2,bf16,ex200,ex200_r2_sepfield_e4m3s0_b14bh2,ex200|bf16_extra_r2_field_residual|bf16_exp|sep_fields_e4_m3_s0_bits_14_bh2|shared sign_exp constants plus field-local mantissa hi/lo residuals|yosys_default_abc_and|abc_xf_official_evaluate|separate_fields_selected_bit14,not_run,,student/frontend_campaigns/campaigns/ex204_ex299_frontend_continuation_20260614_1216/agent_shards/bf16-extra-r2/simulation_results.csv,iverilog simulation skipped; official evaluate.py used for equivalence and ADP,,,,,
bf16-extra-r2,bf16,ex200,ex200_r2_delta_m64h2_b15bh2,ex200|bf16_extra_r2_delta_pair_residual|bf16_exp|delta_pair_mant64_hilo2_bits_15_bh2|shared exp base pair plus mantissa hi2 XOR delta residual|yosys_default_abc_and|abc_xf_official_evaluate|posneg_pair_selected_bit15,not_run,,student/frontend_campaigns/campaigns/ex204_ex299_frontend_continuation_20260614_1216/agent_shards/bf16-extra-r2/simulation_results.csv,iverilog simulation skipped; official evaluate.py used for equivalence and ADP,,,,,
bf16-extra-r2,bf16,ex200,ex200_r2_dg_delta_m64h2_b14,ex200|bf16_extra_r2_decision_graph_residual|bf16_exp|delta_pair_mant64_hilo2_decision_graph_bit14|shared exp base pair plus selected-bit input decision graph|yosys_default_abc_and|abc_xf_official_evaluate|posneg_pair_dg_bit14,not_run,,student/frontend_campaigns/campaigns/ex204_ex299_frontend_continuation_20260614_1216/agent_shards/bf16-extra-r2/simulation_results.csv,iverilog simulation skipped; official evaluate.py used for equivalence and ADP,,,,,
bf16-extra-r2,bf16,ex201,ex201_r2_sepfield_e2m4s0_b3bh2,ex201|bf16_extra_r2_field_residual|bf16_exp2|sep_fields_e2_m4_s0_bits_3_bh2|shared sign_exp constants plus field-local mantissa hi4 residuals|yosys_default_abc_and|abc_xf_official_evaluate|separate_fields_selected_bit3,not_run,,student/frontend_campaigns/campaigns/ex204_ex299_frontend_continuation_20260614_1216/agent_shards/bf16-extra-r2/simulation_results.csv,iverilog simulation skipped; official evaluate.py used for equivalence and ADP,,,,,
bf16-extra-r2,bf16,ex201,ex201_r2_delta_m64h2_b3bh2,ex201|bf16_extra_r2_delta_pair_residual|bf16_exp2|delta_pair_mant64_hilo2_bits_3_bh2|shared exp base pair plus mantissa hi2 XOR delta residual|yosys_default_abc_and|abc_xf_official_evaluate|posneg_pair_selected_bit3,not_run,,student/frontend_campaigns/campaigns/ex204_ex299_frontend_continuation_20260614_1216/agent_shards/bf16-extra-r2/simulation_results.csv,iverilog simulation skipped; official evaluate.py used for equivalence and ADP,,,,,
bf16-extra-r2,bf16,ex201,ex201_r2_dg_delta_m64h2_b3,ex201|bf16_extra_r2_decision_graph_residual|bf16_exp2|delta_pair_mant64_hilo2_decision_graph_bit3|shared exp base pair plus selected-bit input decision graph|yosys_default_abc_and|abc_xf_official_evaluate|posneg_pair_dg_bit3,not_run,,student/frontend_campaigns/campaigns/ex204_ex299_frontend_continuation_20260614_1216/agent_shards/bf16-extra-r2/simulation_results.csv,iverilog simulation skipped; official evaluate.py used for equivalence and ADP,,,,,
bf16-extra-r2,bf16,ex214,ex214_r2_sepfield_e4m4s0_b13bh2,ex214|bf16_extra_r2_field_residual|bf16_reciprocal_square|sep_fields_e4_m4_s0_bits_13_bh2|shared sign_exp constants plus field-local mantissa hi4 residuals|yosys_default_abc_and|abc_xf_official_evaluate|separate_fields_selected_bit13,not_run,,student/frontend_campaigns/campaigns/ex204_ex299_frontend_continuation_20260614_1216/agent_shards/bf16-extra-r2/simulation_results.csv,iverilog simulation skipped; official evaluate.py used for equivalence and ADP,,,,,
bf16-extra-r2,bf16,ex214,ex214_r2_delta_m64h2_b13cmp,ex214|bf16_extra_r2_delta_pair_residual|bf16_reciprocal_square|delta_pair_mant64_hilo2_bits_13_cmp|shared exp base pair plus mantissa hi2 XOR delta residual|yosys_default_abc_and|abc_xf_official_evaluate|posneg_pair_selected_bit13,not_run,,student/frontend_campaigns/campaigns/ex204_ex299_frontend_continuation_20260614_1216/agent_shards/bf16-extra-r2/simulation_results.csv,iverilog simulation skipped; official evaluate.py used for equivalence and ADP,,,,,
bf16-extra-r2,bf16,ex215,ex215_r2_sepfield_e3m4s3_b9bh2,ex215|bf16_extra_r2_field_residual|bf16_reciprocal_sqrt|sep_fields_e3_m4_s3_bits_9_bh2|shared sign_exp constants plus field-local mantissa hi4 residuals|yosys_default_abc_and|abc_xf_official_evaluate|separate_fields_selected_bit9,not_run,,student/frontend_campaigns/campaigns/ex204_ex299_frontend_continuation_20260614_1216/agent_shards/bf16-extra-r2/simulation_results.csv,iverilog simulation skipped; official evaluate.py used for equivalence and ADP,,,,,
bf16-extra-r2,bf16,ex215,ex215_r2_delta_m64h2_b9bh2,ex215|bf16_extra_r2_delta_pair_residual|bf16_reciprocal_sqrt|delta_pair_mant64_hilo2_bits_9_bh2|shared exp base pair plus mantissa hi2 XOR delta residual|yosys_default_abc_and|abc_xf_official_evaluate|posneg_pair_selected_bit9,not_run,,student/frontend_campaigns/campaigns/ex204_ex299_frontend_continuation_20260614_1216/agent_shards/bf16-extra-r2/simulation_results.csv,iverilog simulation skipped; official evaluate.py used for equivalence and ADP,,,,,
bf16-extra-r2,bf16,ex216,ex216_r2_sepfield_e4m4s4_b14bh2,ex216|bf16_extra_r2_field_residual|bf16_cube|sep_fields_e4_m4_s4_bits_14_bh2|shared sign_exp constants plus field-local mantissa hi4 residuals|yosys_default_abc_and|abc_xf_official_evaluate|separate_fields_selected_bit14,not_run,,student/frontend_campaigns/campaigns/ex204_ex299_frontend_continuation_20260614_1216/agent_shards/bf16-extra-r2/simulation_results.csv,iverilog simulation skipped; official evaluate.py used for equivalence and ADP,,,,,
bf16-extra-r2,bf16,ex216,ex216_r2_delta_m64h2_b14cmp,ex216|bf16_extra_r2_delta_pair_residual|bf16_cube|delta_pair_mant64_hilo2_bits_14_cmp|shared exp base pair plus mantissa hi2 XOR delta residual|yosys_default_abc_and|abc_xf_official_evaluate|posneg_pair_selected_bit14,not_run,,student/frontend_campaigns/campaigns/ex204_ex299_frontend_continuation_20260614_1216/agent_shards/bf16-extra-r2/simulation_results.csv,iverilog simulation skipped; official evaluate.py used for equivalence and ADP,,,,,
bf16-extra-r2,bf16,ex216,ex216_r2_dg_delta_m64h2_b14,ex216|bf16_extra_r2_decision_graph_residual|bf16_cube|delta_pair_mant64_hilo2_decision_graph_bit14|shared exp base pair plus selected-bit input decision graph|yosys_default_abc_and|abc_xf_official_evaluate|posneg_pair_dg_bit14,not_run,,student/frontend_campaigns/campaigns/ex204_ex299_frontend_continuation_20260614_1216/agent_shards/bf16-extra-r2/simulation_results.csv,iverilog simulation skipped; official evaluate.py used for equivalence and ADP,,,,,
bf16-extra-r2,bf16,ex219,ex219_r2_sepfield_e3m4s3_b6bh2,ex219|bf16_extra_r2_field_residual|bf16_reciprocal_cbrt|sep_fields_e3_m4_s3_bits_6_bh2|shared sign_exp constants plus field-local mantissa hi4 residuals|yosys_default_abc_and|abc_xf_official_evaluate|separate_fields_selected_bit6,not_run,,student/frontend_campaigns/campaigns/ex204_ex299_frontend_continuation_20260614_1216/agent_shards/bf16-extra-r2/simulation_results.csv,iverilog simulation skipped; official evaluate.py used for equivalence and ADP,,,,,
bf16-extra-r2,bf16,ex219,ex219_r2_delta_m64h2_b6cmp,ex219|bf16_extra_r2_delta_pair_residual|bf16_reciprocal_cbrt|delta_pair_mant64_hilo2_bits_6_cmp|shared exp base pair plus mantissa hi2 XOR delta residual|yosys_default_abc_and|abc_xf_official_evaluate|posneg_pair_selected_bit6,not_run,,student/frontend_campaigns/campaigns/ex204_ex299_frontend_continuation_20260614_1216/agent_shards/bf16-extra-r2/simulation_results.csv,iverilog simulation skipped; official evaluate.py used for equivalence and ADP,,,,,
bf16-extra-r2,bf16,ex219,ex219_r2_dg_delta_m64h2_b6,ex219|bf16_extra_r2_decision_graph_residual|bf16_reciprocal_cbrt|delta_pair_mant64_hilo2_decision_graph_bit6|shared exp base pair plus selected-bit input decision graph|yosys_default_abc_and|abc_xf_official_evaluate|posneg_pair_dg_bit6,not_run,,student/frontend_campaigns/campaigns/ex204_ex299_frontend_continuation_20260614_1216/agent_shards/bf16-extra-r2/simulation_results.csv,iverilog simulation skipped; official evaluate.py used for equivalence and ADP,,,,,
fp16-extra-r2,fp16,ex221,ex221_varying_signexp_nested_low10_hi5_abc_g_aig,ex221|fp16_exp2_field_shell|active_signexp_nested_low10_hi5|shared sign-exp decode plus high output run trees and low10 nested LUT|yosys_abc_g_aig|abc_xf_official_evaluate|active_signexp_low10_hi5,not_run_truth_derived,student/runs/fp16/ex204_ex299_frontend_continuation_20260614_1216/fp16-extra-r2/ex221/official_eval/ex221_varying_signexp_nested_low10_hi5_abc_g_aig/ex221_varying_signexp_nested_low10_hi5_abc_g_aig.evaluate.py.log,student/frontend_campaigns/campaigns/ex204_ex299_frontend_continuation_20260614_1216/agent_shards/fp16-extra-r2/simulation_results.csv,official evaluate.py is acceptance check,,,,,
fp16-extra-r2,fp16,ex221,ex221_varying_signexp_nested_low9_hi6_abc_g_aig,ex221|fp16_exp2_field_shell|active_signexp_nested_low9_hi6|shared sign-exp decode plus high output run trees and low9 nested LUT|yosys_abc_g_aig|abc_xf_official_evaluate|active_signexp_low9_hi6,not_run_truth_derived,student/runs/fp16/ex204_ex299_frontend_continuation_20260614_1216/fp16-extra-r2/ex221/official_eval/ex221_varying_signexp_nested_low9_hi6_abc_g_aig/ex221_varying_signexp_nested_low9_hi6_abc_g_aig.evaluate.py.log,student/frontend_campaigns/campaigns/ex204_ex299_frontend_continuation_20260614_1216/agent_shards/fp16-extra-r2/simulation_results.csv,official evaluate.py is acceptance check,,,,,
fp16-extra-r2,fp16,ex221,ex221_varying_signexp_wordmode_mh5_abc_g_aig,ex221|fp16_exp2_field_shell|active_signexp_wordmode_mh5|shared sign-exp decode plus per mant_hi mode default residuals|yosys_abc_g_aig|abc_xf_official_evaluate|wordmode_mant_hi5,not_run_truth_derived,student/runs/fp16/ex204_ex299_frontend_continuation_20260614_1216/fp16-extra-r2/ex221/official_eval/ex221_varying_signexp_wordmode_mh5_abc_g_aig/ex221_varying_signexp_wordmode_mh5_abc_g_aig.evaluate.py.log,student/frontend_campaigns/campaigns/ex204_ex299_frontend_continuation_20260614_1216/agent_shards/fp16-extra-r2/simulation_results.csv,official evaluate.py is acceptance check,,,,,
fp16-extra-r2,fp16,ex224,ex224_posnormal_wordmode_mh5_abc_g_aig,ex224|fp16_log2_non_nested_residual|positive_normal_wordmode_mh5|shared special sign-exp decode plus per mant_hi word-mode defaults|yosys_abc_g_aig|abc_xf_official_evaluate|non_nested_wordmode_mant_hi5,not_run_truth_derived,student/runs/fp16/ex204_ex299_frontend_continuation_20260614_1216/fp16-extra-r2/ex224/official_eval/ex224_posnormal_wordmode_mh5_abc_g_aig/ex224_posnormal_wordmode_mh5_abc_g_aig.evaluate.py.log,student/frontend_campaigns/campaigns/ex204_ex299_frontend_continuation_20260614_1216/agent_shards/fp16-extra-r2/simulation_results.csv,official evaluate.py is acceptance check,,,,,
fp16-extra-r2,fp16,ex224,ex224_posnormal_nested_low11_hi5_abc_g_aig,ex224|fp16_log2_non_expbase_output_grouping|positive_normal_nested_low11_hi5|shared special sign-exp decode plus high output run trees and low11 nested LUT|yosys_abc_g_aig|abc_xf_official_evaluate|non_expbase_nested_low11_hi5,not_run_truth_derived,student/runs/fp16/ex204_ex299_frontend_continuation_20260614_1216/fp16-extra-r2/ex224/official_eval/ex224_posnormal_nested_low11_hi5_abc_g_aig/ex224_posnormal_nested_low11_hi5_abc_g_aig.evaluate.py.log,student/frontend_campaigns/campaigns/ex204_ex299_frontend_continuation_20260614_1216/agent_shards/fp16-extra-r2/simulation_results.csv,official evaluate.py is acceptance check,,,,,
fp16-extra-r2,fp16,ex229,ex229_odd_nested_low10_hi6_abc_g_aig,"ex229|fp16_tanh_odd_transition_shell|positive_exp_nested_low10_hi6|shared positive exp decode, high output run trees, and sign xor symmetry|yosys_abc_g_aig|abc_xf_official_evaluate|odd_positive_low10_hi6",python_truth_model,student/runs/fp16/ex204_ex299_frontend_continuation_20260614_1216/fp16-extra-r2/ex229/official_eval/ex229_odd_nested_low10_hi6_abc_g_aig/ex229_odd_nested_low10_hi6_abc_g_aig.evaluate.py.log,student/frontend_campaigns/campaigns/ex204_ex299_frontend_continuation_20260614_1216/agent_shards/fp16-extra-r2/simulation_results.csv,official evaluate.py is acceptance check,,,,,
fp16-extra-r2,fp16,ex229,ex229_odd_nested_low9_hi6_abc_g_aig,"ex229|fp16_tanh_odd_transition_shell|positive_exp_nested_low9_hi6|shared positive exp decode, high output run trees, and sign xor symmetry|yosys_abc_g_aig|abc_xf_official_evaluate|odd_positive_low9_hi6",python_truth_model,student/runs/fp16/ex204_ex299_frontend_continuation_20260614_1216/fp16-extra-r2/ex229/official_eval/ex229_odd_nested_low9_hi6_abc_g_aig/ex229_odd_nested_low9_hi6_abc_g_aig.evaluate.py.log,student/frontend_campaigns/campaigns/ex204_ex299_frontend_continuation_20260614_1216/agent_shards/fp16-extra-r2/simulation_results.csv,official evaluate.py is acceptance check,,,,,
fp16-extra-r2,fp16,ex229,ex229_odd_wordmode_mh5_abc_g_aig,"ex229|fp16_tanh_odd_transition_shell|positive_exp_wordmode_mh5|shared positive exp decode, per mant_hi residual defaults, and sign xor symmetry|yosys_abc_g_aig|abc_xf_official_evaluate|odd_positive_wordmode_mant_hi5",python_truth_model,student/runs/fp16/ex204_ex299_frontend_continuation_20260614_1216/fp16-extra-r2/ex229/official_eval/ex229_odd_wordmode_mh5_abc_g_aig/ex229_odd_wordmode_mh5_abc_g_aig.evaluate.py.log,student/frontend_campaigns/campaigns/ex204_ex299_frontend_continuation_20260614_1216/agent_shards/fp16-extra-r2/simulation_results.csv,official evaluate.py is acceptance check,,,,,
fp16-extra-r2,fp16,ex234,ex234_boundary_wordmode_mh5_abc_g_aig,ex234|fp16_reciprocal_square_boundary_split|core_formula_boundary_wordmode_mh5|shared core exponent formula plus boundary mantissa-high word-mode defaults|yosys_abc_g_aig|abc_xf_official_evaluate|core_formula_boundary_wordmode_mh5,not_run_truth_derived,student/runs/fp16/ex204_ex299_frontend_continuation_20260614_1216/fp16-extra-r2/ex234/official_eval/ex234_boundary_wordmode_mh5_abc_g_aig/ex234_boundary_wordmode_mh5_abc_g_aig.evaluate.py.log,student/frontend_campaigns/campaigns/ex204_ex299_frontend_continuation_20260614_1216/agent_shards/fp16-extra-r2/simulation_results.csv,official evaluate.py is acceptance check,,,,,
fp16-extra-r2,fp16,ex234,ex234_boundary_wordmode_mh4_abc_g_aig,ex234|fp16_reciprocal_square_boundary_split|core_formula_boundary_wordmode_mh4|shared core exponent formula plus coarser boundary word-mode defaults|yosys_abc_g_aig|abc_xf_official_evaluate|core_formula_boundary_wordmode_mh4,not_run_truth_derived,student/runs/fp16/ex204_ex299_frontend_continuation_20260614_1216/fp16-extra-r2/ex234/official_eval/ex234_boundary_wordmode_mh4_abc_g_aig/ex234_boundary_wordmode_mh4_abc_g_aig.evaluate.py.log,student/frontend_campaigns/campaigns/ex204_ex299_frontend_continuation_20260614_1216/agent_shards/fp16-extra-r2/simulation_results.csv,official evaluate.py is acceptance check,,,,,
fp16-extra-r2,fp16,ex234,ex234_boundary_wordmode_mh6_abc_g_aig,ex234|fp16_reciprocal_square_boundary_split|core_formula_boundary_wordmode_mh6|shared core exponent formula plus finer boundary word-mode defaults|yosys_abc_g_aig|abc_xf_official_evaluate|core_formula_boundary_wordmode_mh6,not_run_truth_derived,student/runs/fp16/ex204_ex299_frontend_continuation_20260614_1216/fp16-extra-r2/ex234/official_eval/ex234_boundary_wordmode_mh6_abc_g_aig/ex234_boundary_wordmode_mh6_abc_g_aig.evaluate.py.log,student/frontend_campaigns/campaigns/ex204_ex299_frontend_continuation_20260614_1216/agent_shards/fp16-extra-r2/simulation_results.csv,official evaluate.py is acceptance check,,,,,
fp16-extra-r2,fp16,ex236,ex236_core_clamp_hi5_abc_g_aig,ex236|fp16_cube_core_clamp_partition|core_clamp_hi5|shared cube exponent delta/clamp predicates with low mantissa hi5 LUT|yosys_abc_g_aig|abc_xf_official_evaluate|core_clamp_nested_hi5,not_run_truth_derived,student/runs/fp16/ex204_ex299_frontend_continuation_20260614_1216/fp16-extra-r2/ex236/official_eval/ex236_core_clamp_hi5_abc_g_aig/ex236_core_clamp_hi5_abc_g_aig.evaluate.py.log,student/frontend_campaigns/campaigns/ex204_ex299_frontend_continuation_20260614_1216/agent_shards/fp16-extra-r2/simulation_results.csv,official evaluate.py is acceptance check,,,,,
fp16-extra-r2,fp16,ex236,ex236_core_clamp_hi7_abc_g_aig,ex236|fp16_cube_core_clamp_partition|core_clamp_hi7|shared cube exponent delta/clamp predicates with low mantissa hi7 LUT|yosys_abc_g_aig|abc_xf_official_evaluate|core_clamp_nested_hi7,not_run_truth_derived,student/runs/fp16/ex204_ex299_frontend_continuation_20260614_1216/fp16-extra-r2/ex236/official_eval/ex236_core_clamp_hi7_abc_g_aig/ex236_core_clamp_hi7_abc_g_aig.evaluate.py.log,student/frontend_campaigns/campaigns/ex204_ex299_frontend_continuation_20260614_1216/agent_shards/fp16-extra-r2/simulation_results.csv,official evaluate.py is acceptance check,,,,,
integer-extra-r2,integer,ex256,ex256_umul_csa_concat_outside_abc_g_aig,ex256|unsigned_multiplier_shared_compressor|csa_concat_outside|shared_partial_products_with_alternate_final_carry/compressor_structure|abc_g_aig|unsigned_low5_high5_multiply|full_product_word,not_run,student/work/ex204_ex299_frontend_continuation_20260614_1216/integer-extra-r2/ex256/aigs/ex256_umul_csa_concat_outside_abc_g_aig.aig,student/frontend_campaigns/campaigns/ex204_ex299_frontend_continuation_20260614_1216/agent_shards/integer-extra-r2/simulation_results.csv,official evaluate.py used for final validation,,,,,
integer-extra-r2,integer,ex256,ex256_umul_csa_concat_outside_synth_preset_d18,ex256|unsigned_multiplier_shared_compressor|csa_concat_outside|shared_partial_products_with_alternate_final_carry/compressor_structure|synth_preset_d18|unsigned_low5_high5_multiply|full_product_word,not_run,student/work/ex204_ex299_frontend_continuation_20260614_1216/integer-extra-r2/ex256/aigs/ex256_umul_csa_concat_outside_synth_preset_d18.aig,student/frontend_campaigns/campaigns/ex204_ex299_frontend_continuation_20260614_1216/agent_shards/integer-extra-r2/simulation_results.csv,official evaluate.py used for final validation,,,,,
integer-extra-r2,integer,ex256,ex256_umul_csa_concat_center_abc_g_aig,ex256|unsigned_multiplier_shared_compressor|csa_concat_center|shared_partial_products_with_alternate_final_carry/compressor_structure|abc_g_aig|unsigned_low5_high5_multiply|full_product_word,not_run,student/work/ex204_ex299_frontend_continuation_20260614_1216/integer-extra-r2/ex256/aigs/ex256_umul_csa_concat_center_abc_g_aig.aig,student/frontend_campaigns/campaigns/ex204_ex299_frontend_continuation_20260614_1216/agent_shards/integer-extra-r2/simulation_results.csv,official evaluate.py used for final validation,,,,,
integer-extra-r2,integer,ex256,ex256_umul_csa_concat_center_synth_preset_d18,ex256|unsigned_multiplier_shared_compressor|csa_concat_center|shared_partial_products_with_alternate_final_carry/compressor_structure|synth_preset_d18|unsigned_low5_high5_multiply|full_product_word,not_run,student/work/ex204_ex299_frontend_continuation_20260614_1216/integer-extra-r2/ex256/aigs/ex256_umul_csa_concat_center_synth_preset_d18.aig,student/frontend_campaigns/campaigns/ex204_ex299_frontend_continuation_20260614_1216/agent_shards/integer-extra-r2/simulation_results.csv,official evaluate.py used for final validation,,,,,
integer-extra-r2,integer,ex256,ex256_umul_dadda_bits_prefix_abc_g_aig,ex256|unsigned_multiplier_shared_compressor|dadda_bits_prefix|shared_partial_products_with_alternate_final_carry/compressor_structure|abc_g_aig|unsigned_low5_high5_multiply|full_product_word,not_run,student/work/ex204_ex299_frontend_continuation_20260614_1216/integer-extra-r2/ex256/aigs/ex256_umul_dadda_bits_prefix_abc_g_aig.aig,student/frontend_campaigns/campaigns/ex204_ex299_frontend_continuation_20260614_1216/agent_shards/integer-extra-r2/simulation_results.csv,official evaluate.py used for final validation,,,,,
integer-extra-r2,integer,ex256,ex256_umul_dadda_bits_prefix_synth_preset_d18,ex256|unsigned_multiplier_shared_compressor|dadda_bits_prefix|shared_partial_products_with_alternate_final_carry/compressor_structure|synth_preset_d18|unsigned_low5_high5_multiply|full_product_word,not_run,student/work/ex204_ex299_frontend_continuation_20260614_1216/integer-extra-r2/ex256/aigs/ex256_umul_dadda_bits_prefix_synth_preset_d18.aig,student/frontend_campaigns/campaigns/ex204_ex299_frontend_continuation_20260614_1216/agent_shards/integer-extra-r2/simulation_results.csv,official evaluate.py used for final validation,,,,,
integer-extra-r2,integer,ex256,ex256_umul_split_half_abc_g_aig,ex256|unsigned_multiplier_shared_compressor|split_half|shared_partial_products_with_alternate_final_carry/compressor_structure|abc_g_aig|unsigned_low5_high5_multiply|full_product_word,not_run,student/work/ex204_ex299_frontend_continuation_20260614_1216/integer-extra-r2/ex256/aigs/ex256_umul_split_half_abc_g_aig.aig,student/frontend_campaigns/campaigns/ex204_ex299_frontend_continuation_20260614_1216/agent_shards/integer-extra-r2/simulation_results.csv,official evaluate.py used for final validation,,,,,
integer-extra-r2,integer,ex256,ex256_umul_split_half_synth_preset_d18,ex256|unsigned_multiplier_shared_compressor|split_half|shared_partial_products_with_alternate_final_carry/compressor_structure|synth_preset_d18|unsigned_low5_high5_multiply|full_product_word,not_run,student/work/ex204_ex299_frontend_continuation_20260614_1216/integer-extra-r2/ex256/aigs/ex256_umul_split_half_synth_preset_d18.aig,student/frontend_campaigns/campaigns/ex204_ex299_frontend_continuation_20260614_1216/agent_shards/integer-extra-r2/simulation_results.csv,official evaluate.py used for final validation,,,,,
integer-extra-r2,integer,ex261,ex261_smul_baugh_wooley_wallace_csel2_abc_g_aig,ex261|signed_multiplier_baugh_wooley_final_merge|baugh_wooley_wallace_csel2|shared_signed_partial_products_with_alternate_final_carry_selection|abc_g_aig|signed_low5_high5_multiply|full_product_word,not_run,student/work/ex204_ex299_frontend_continuation_20260614_1216/integer-extra-r2/ex261/aigs/ex261_smul_baugh_wooley_wallace_csel2_abc_g_aig.aig,student/frontend_campaigns/campaigns/ex204_ex299_frontend_continuation_20260614_1216/agent_shards/integer-extra-r2/simulation_results.csv,official evaluate.py used for final validation,,,,,
integer-extra-r2,integer,ex261,ex261_smul_baugh_wooley_wallace_csel2_synth_preset_d13,ex261|signed_multiplier_baugh_wooley_final_merge|baugh_wooley_wallace_csel2|shared_signed_partial_products_with_alternate_final_carry_selection|synth_preset_d13|signed_low5_high5_multiply|full_product_word,not_run,student/work/ex204_ex299_frontend_continuation_20260614_1216/integer-extra-r2/ex261/aigs/ex261_smul_baugh_wooley_wallace_csel2_synth_preset_d13.aig,student/frontend_campaigns/campaigns/ex204_ex299_frontend_continuation_20260614_1216/agent_shards/integer-extra-r2/simulation_results.csv,official evaluate.py used for final validation,,,,,
integer-extra-r2,integer,ex261,ex261_smul_baugh_wooley_wallace_csel3_abc_g_aig,ex261|signed_multiplier_baugh_wooley_final_merge|baugh_wooley_wallace_csel3|shared_signed_partial_products_with_alternate_final_carry_selection|abc_g_aig|signed_low5_high5_multiply|full_product_word,not_run,student/work/ex204_ex299_frontend_continuation_20260614_1216/integer-extra-r2/ex261/aigs/ex261_smul_baugh_wooley_wallace_csel3_abc_g_aig.aig,student/frontend_campaigns/campaigns/ex204_ex299_frontend_continuation_20260614_1216/agent_shards/integer-extra-r2/simulation_results.csv,official evaluate.py used for final validation,,,,,
integer-extra-r2,integer,ex261,ex261_smul_baugh_wooley_wallace_csel3_synth_preset_d13,ex261|signed_multiplier_baugh_wooley_final_merge|baugh_wooley_wallace_csel3|shared_signed_partial_products_with_alternate_final_carry_selection|synth_preset_d13|signed_low5_high5_multiply|full_product_word,not_run,student/work/ex204_ex299_frontend_continuation_20260614_1216/integer-extra-r2/ex261/aigs/ex261_smul_baugh_wooley_wallace_csel3_synth_preset_d13.aig,student/frontend_campaigns/campaigns/ex204_ex299_frontend_continuation_20260614_1216/agent_shards/integer-extra-r2/simulation_results.csv,official evaluate.py used for final validation,,,,,
integer-extra-r2,integer,ex261,ex261_smul_baugh_wooley_wallace4_outside_hcla2_abc_g_aig,ex261|signed_multiplier_baugh_wooley_final_merge|baugh_wooley_wallace4_outside_hcla2|shared_signed_partial_products_with_alternate_final_carry_selection|abc_g_aig|signed_low5_high5_multiply|full_product_word,not_run,student/work/ex204_ex299_frontend_continuation_20260614_1216/integer-extra-r2/ex261/aigs/ex261_smul_baugh_wooley_wallace4_outside_hcla2_abc_g_aig.aig,student/frontend_campaigns/campaigns/ex204_ex299_frontend_continuation_20260614_1216/agent_shards/integer-extra-r2/simulation_results.csv,official evaluate.py used for final validation,,,,,
integer-extra-r2,integer,ex261,ex261_smul_baugh_wooley_wallace4_outside_hcla2_synth_preset_d13,ex261|signed_multiplier_baugh_wooley_final_merge|baugh_wooley_wallace4_outside_hcla2|shared_signed_partial_products_with_alternate_final_carry_selection|synth_preset_d13|signed_low5_high5_multiply|full_product_word,not_run,student/work/ex204_ex299_frontend_continuation_20260614_1216/integer-extra-r2/ex261/aigs/ex261_smul_baugh_wooley_wallace4_outside_hcla2_synth_preset_d13.aig,student/frontend_campaigns/campaigns/ex204_ex299_frontend_continuation_20260614_1216/agent_shards/integer-extra-r2/simulation_results.csv,official evaluate.py used for final validation,,,,,
integer-extra-r2,integer,ex261,ex261_smul_baugh_wooley_wallace_center_rhcla3_abc_g_aig,ex261|signed_multiplier_baugh_wooley_final_merge|baugh_wooley_wallace_center_rhcla3|shared_signed_partial_products_with_alternate_final_carry_selection|abc_g_aig|signed_low5_high5_multiply|full_product_word,not_run,student/work/ex204_ex299_frontend_continuation_20260614_1216/integer-extra-r2/ex261/aigs/ex261_smul_baugh_wooley_wallace_center_rhcla3_abc_g_aig.aig,student/frontend_campaigns/campaigns/ex204_ex299_frontend_continuation_20260614_1216/agent_shards/integer-extra-r2/simulation_results.csv,official evaluate.py used for final validation,,,,,
integer-extra-r2,integer,ex261,ex261_smul_baugh_wooley_wallace_center_rhcla3_synth_preset_d13,ex261|signed_multiplier_baugh_wooley_final_merge|baugh_wooley_wallace_center_rhcla3|shared_signed_partial_products_with_alternate_final_carry_selection|synth_preset_d13|signed_low5_high5_multiply|full_product_word,not_run,student/work/ex204_ex299_frontend_continuation_20260614_1216/integer-extra-r2/ex261/aigs/ex261_smul_baugh_wooley_wallace_center_rhcla3_synth_preset_d13.aig,student/frontend_campaigns/campaigns/ex204_ex299_frontend_continuation_20260614_1216/agent_shards/integer-extra-r2/simulation_results.csv,official evaluate.py used for final validation,,,,,
integer-extra-r2,integer,ex261,ex261_smul_signed_correction_csa_cla_abc_g_aig,ex261|signed_multiplier_baugh_wooley_final_merge|signed_correction_csa_cla|shared_signed_partial_products_with_alternate_final_carry_selection|abc_g_aig|signed_low5_high5_multiply|full_product_word,not_run,student/work/ex204_ex299_frontend_continuation_20260614_1216/integer-extra-r2/ex261/aigs/ex261_smul_signed_correction_csa_cla_abc_g_aig.aig,student/frontend_campaigns/campaigns/ex204_ex299_frontend_continuation_20260614_1216/agent_shards/integer-extra-r2/simulation_results.csv,official evaluate.py used for final validation,,,,,
integer-extra-r2,integer,ex261,ex261_smul_signed_correction_csa_cla_synth_preset_d13,ex261|signed_multiplier_baugh_wooley_final_merge|signed_correction_csa_cla|shared_signed_partial_products_with_alternate_final_carry_selection|synth_preset_d13|signed_low5_high5_multiply|full_product_word,not_run,student/work/ex204_ex299_frontend_continuation_20260614_1216/integer-extra-r2/ex261/aigs/ex261_smul_signed_correction_csa_cla_synth_preset_d13.aig,student/frontend_campaigns/campaigns/ex204_ex299_frontend_continuation_20260614_1216/agent_shards/integer-extra-r2/simulation_results.csv,official evaluate.py used for final validation,,,,,
integer-extra-r2,integer,ex265,ex265_udiv_cof_bhi1_ahi1_bitbdd_wordmux_abc_g_aig,ex265|divider_magnitude_cofactor_classifier|cof_bhi1_ahi1_bitbdd_wordmux|shared_quotient_word_mux_and_local_quotient-bit_BDD_roots|abc_g_aig|unsigned_low4_high4_div_dbz_sat|full_quotient_word,not_run,student/work/ex204_ex299_frontend_continuation_20260614_1216/integer-extra-r2/ex265/aigs/ex265_udiv_cof_bhi1_ahi1_bitbdd_wordmux_abc_g_aig.aig,student/frontend_campaigns/campaigns/ex204_ex299_frontend_continuation_20260614_1216/agent_shards/integer-extra-r2/simulation_results.csv,official evaluate.py used for final validation,,,,,
integer-extra-r2,integer,ex265,ex265_udiv_cof_bhi1_ahi1_bitbdd_wordmux_synth_preset_d8,ex265|divider_magnitude_cofactor_classifier|cof_bhi1_ahi1_bitbdd_wordmux|shared_quotient_word_mux_and_local_quotient-bit_BDD_roots|synth_preset_d8|unsigned_low4_high4_div_dbz_sat|full_quotient_word,not_run,student/work/ex204_ex299_frontend_continuation_20260614_1216/integer-extra-r2/ex265/aigs/ex265_udiv_cof_bhi1_ahi1_bitbdd_wordmux_synth_preset_d8.aig,student/frontend_campaigns/campaigns/ex204_ex299_frontend_continuation_20260614_1216/agent_shards/integer-extra-r2/simulation_results.csv,official evaluate.py used for final validation,,,,,
integer-extra-r2,integer,ex265,ex265_udiv_cof_bhi2_ahi1_bitbdd_wordmux_abc_g_aig,ex265|divider_magnitude_cofactor_classifier|cof_bhi2_ahi1_bitbdd_wordmux|shared_quotient_word_mux_and_local_quotient-bit_BDD_roots|abc_g_aig|unsigned_low4_high4_div_dbz_sat|full_quotient_word,not_run,student/work/ex204_ex299_frontend_continuation_20260614_1216/integer-extra-r2/ex265/aigs/ex265_udiv_cof_bhi2_ahi1_bitbdd_wordmux_abc_g_aig.aig,student/frontend_campaigns/campaigns/ex204_ex299_frontend_continuation_20260614_1216/agent_shards/integer-extra-r2/simulation_results.csv,official evaluate.py used for final validation,,,,,
integer-extra-r2,integer,ex265,ex265_udiv_cof_bhi2_ahi1_bitbdd_wordmux_synth_preset_d8,ex265|divider_magnitude_cofactor_classifier|cof_bhi2_ahi1_bitbdd_wordmux|shared_quotient_word_mux_and_local_quotient-bit_BDD_roots|synth_preset_d8|unsigned_low4_high4_div_dbz_sat|full_quotient_word,not_run,student/work/ex204_ex299_frontend_continuation_20260614_1216/integer-extra-r2/ex265/aigs/ex265_udiv_cof_bhi2_ahi1_bitbdd_wordmux_synth_preset_d8.aig,student/frontend_campaigns/campaigns/ex204_ex299_frontend_continuation_20260614_1216/agent_shards/integer-extra-r2/simulation_results.csv,official evaluate.py used for final validation,,,,,
integer-extra-r2,integer,ex265,ex265_udiv_cof_bhi2_ahi2_bitbdd_wordmux_abc_g_aig,ex265|divider_magnitude_cofactor_classifier|cof_bhi2_ahi2_bitbdd_wordmux|shared_quotient_word_mux_and_local_quotient-bit_BDD_roots|abc_g_aig|unsigned_low4_high4_div_dbz_sat|full_quotient_word,not_run,student/work/ex204_ex299_frontend_continuation_20260614_1216/integer-extra-r2/ex265/aigs/ex265_udiv_cof_bhi2_ahi2_bitbdd_wordmux_abc_g_aig.aig,student/frontend_campaigns/campaigns/ex204_ex299_frontend_continuation_20260614_1216/agent_shards/integer-extra-r2/simulation_results.csv,official evaluate.py used for final validation,,,,,
integer-extra-r2,integer,ex265,ex265_udiv_cof_bhi2_ahi2_bitbdd_wordmux_synth_preset_d8,ex265|divider_magnitude_cofactor_classifier|cof_bhi2_ahi2_bitbdd_wordmux|shared_quotient_word_mux_and_local_quotient-bit_BDD_roots|synth_preset_d8|unsigned_low4_high4_div_dbz_sat|full_quotient_word,not_run,student/work/ex204_ex299_frontend_continuation_20260614_1216/integer-extra-r2/ex265/aigs/ex265_udiv_cof_bhi2_ahi2_bitbdd_wordmux_synth_preset_d8.aig,student/frontend_campaigns/campaigns/ex204_ex299_frontend_continuation_20260614_1216/agent_shards/integer-extra-r2/simulation_results.csv,official evaluate.py used for final validation,,,,,
integer-extra-r2,integer,ex265,ex265_udiv_bdd_perbit_search_best_abc_g_aig,ex265|divider_magnitude_cofactor_classifier|bdd_perbit_search_best|shared_quotient_word_mux_and_local_quotient-bit_BDD_roots|abc_g_aig|unsigned_low4_high4_div_dbz_sat|full_quotient_word,not_run,student/work/ex204_ex299_frontend_continuation_20260614_1216/integer-extra-r2/ex265/aigs/ex265_udiv_bdd_perbit_search_best_abc_g_aig.aig,student/frontend_campaigns/campaigns/ex204_ex299_frontend_continuation_20260614_1216/agent_shards/integer-extra-r2/simulation_results.csv,official evaluate.py used for final validation,,,,,
integer-extra-r2,integer,ex265,ex265_udiv_bdd_perbit_search_best_synth_preset_d8,ex265|divider_magnitude_cofactor_classifier|bdd_perbit_search_best|shared_quotient_word_mux_and_local_quotient-bit_BDD_roots|synth_preset_d8|unsigned_low4_high4_div_dbz_sat|full_quotient_word,not_run,student/work/ex204_ex299_frontend_continuation_20260614_1216/integer-extra-r2/ex265/aigs/ex265_udiv_bdd_perbit_search_best_synth_preset_d8.aig,student/frontend_campaigns/campaigns/ex204_ex299_frontend_continuation_20260614_1216/agent_shards/integer-extra-r2/simulation_results.csv,official evaluate.py used for final validation,,,,,
integer-extra-r2,integer,ex265,ex265_udiv_denom_lz_range_lowbdd_abc_g_aig,ex265|divider_magnitude_cofactor_classifier|denom_lz_range_lowbdd|shared_quotient_word_mux_and_local_quotient-bit_BDD_roots|abc_g_aig|unsigned_low4_high4_div_dbz_sat|full_quotient_word,not_run,student/work/ex204_ex299_frontend_continuation_20260614_1216/integer-extra-r2/ex265/aigs/ex265_udiv_denom_lz_range_lowbdd_abc_g_aig.aig,student/frontend_campaigns/campaigns/ex204_ex299_frontend_continuation_20260614_1216/agent_shards/integer-extra-r2/simulation_results.csv,official evaluate.py used for final validation,,,,,
integer-extra-r2,integer,ex265,ex265_udiv_denom_lz_range_lowbdd_synth_preset_d8,ex265|divider_magnitude_cofactor_classifier|denom_lz_range_lowbdd|shared_quotient_word_mux_and_local_quotient-bit_BDD_roots|synth_preset_d8|unsigned_low4_high4_div_dbz_sat|full_quotient_word,not_run,student/work/ex204_ex299_frontend_continuation_20260614_1216/integer-extra-r2/ex265/aigs/ex265_udiv_denom_lz_range_lowbdd_synth_preset_d8.aig,student/frontend_campaigns/campaigns/ex204_ex299_frontend_continuation_20260614_1216/agent_shards/integer-extra-r2/simulation_results.csv,official evaluate.py used for final validation,,,,,
integer-extra-r2,integer,ex267,ex267_udiv_cof_bhi2_ahi1_bitbdd_wordmux_abc_g_aig,"ex267|divider_magnitude_cofactor_classifier|cof_bhi2_ahi1_bitbdd_wordmux|shared_quotient_word_mux,_complemented_local_BDDs,_or_shared_radix_trial_subtracts|abc_g_aig|unsigned_low6_high6_div_dbz_sat|full_quotient_word",not_run,student/work/ex204_ex299_frontend_continuation_20260614_1216/integer-extra-r2/ex267/aigs/ex267_udiv_cof_bhi2_ahi1_bitbdd_wordmux_abc_g_aig.aig,student/frontend_campaigns/campaigns/ex204_ex299_frontend_continuation_20260614_1216/agent_shards/integer-extra-r2/simulation_results.csv,official evaluate.py used for final validation,,,,,
integer-extra-r2,integer,ex267,ex267_udiv_cof_bhi2_ahi1_bitbdd_wordmux_synth_preset_d12,"ex267|divider_magnitude_cofactor_classifier|cof_bhi2_ahi1_bitbdd_wordmux|shared_quotient_word_mux,_complemented_local_BDDs,_or_shared_radix_trial_subtracts|synth_preset_d12|unsigned_low6_high6_div_dbz_sat|full_quotient_word",not_run,student/work/ex204_ex299_frontend_continuation_20260614_1216/integer-extra-r2/ex267/aigs/ex267_udiv_cof_bhi2_ahi1_bitbdd_wordmux_synth_preset_d12.aig,student/frontend_campaigns/campaigns/ex204_ex299_frontend_continuation_20260614_1216/agent_shards/integer-extra-r2/simulation_results.csv,official evaluate.py used for final validation,,,,,
integer-extra-r2,integer,ex267,ex267_udiv_cof_bhi2_ahi2_bitbdd_wordmux_abc_g_aig,"ex267|divider_magnitude_cofactor_classifier|cof_bhi2_ahi2_bitbdd_wordmux|shared_quotient_word_mux,_complemented_local_BDDs,_or_shared_radix_trial_subtracts|abc_g_aig|unsigned_low6_high6_div_dbz_sat|full_quotient_word",not_run,student/work/ex204_ex299_frontend_continuation_20260614_1216/integer-extra-r2/ex267/aigs/ex267_udiv_cof_bhi2_ahi2_bitbdd_wordmux_abc_g_aig.aig,student/frontend_campaigns/campaigns/ex204_ex299_frontend_continuation_20260614_1216/agent_shards/integer-extra-r2/simulation_results.csv,official evaluate.py used for final validation,,,,,
integer-extra-r2,integer,ex267,ex267_udiv_cof_bhi2_ahi2_bitbdd_wordmux_synth_preset_d12,"ex267|divider_magnitude_cofactor_classifier|cof_bhi2_ahi2_bitbdd_wordmux|shared_quotient_word_mux,_complemented_local_BDDs,_or_shared_radix_trial_subtracts|synth_preset_d12|unsigned_low6_high6_div_dbz_sat|full_quotient_word",not_run,student/work/ex204_ex299_frontend_continuation_20260614_1216/integer-extra-r2/ex267/aigs/ex267_udiv_cof_bhi2_ahi2_bitbdd_wordmux_synth_preset_d12.aig,student/frontend_campaigns/campaigns/ex204_ex299_frontend_continuation_20260614_1216/agent_shards/integer-extra-r2/simulation_results.csv,official evaluate.py used for final validation,,,,,
integer-extra-r2,integer,ex267,ex267_udiv_bdd_comp_perbit_search_best_abc_g_aig,"ex267|divider_magnitude_cofactor_classifier|bdd_comp_perbit_search_best|shared_quotient_word_mux,_complemented_local_BDDs,_or_shared_radix_trial_subtracts|abc_g_aig|unsigned_low6_high6_div_dbz_sat|full_quotient_word",not_run,student/work/ex204_ex299_frontend_continuation_20260614_1216/integer-extra-r2/ex267/aigs/ex267_udiv_bdd_comp_perbit_search_best_abc_g_aig.aig,student/frontend_campaigns/campaigns/ex204_ex299_frontend_continuation_20260614_1216/agent_shards/integer-extra-r2/simulation_results.csv,official evaluate.py used for final validation,,,,,
integer-extra-r2,integer,ex267,ex267_udiv_bdd_comp_perbit_search_best_synth_preset_d12,"ex267|divider_magnitude_cofactor_classifier|bdd_comp_perbit_search_best|shared_quotient_word_mux,_complemented_local_BDDs,_or_shared_radix_trial_subtracts|synth_preset_d12|unsigned_low6_high6_div_dbz_sat|full_quotient_word",not_run,student/work/ex204_ex299_frontend_continuation_20260614_1216/integer-extra-r2/ex267/aigs/ex267_udiv_bdd_comp_perbit_search_best_synth_preset_d12.aig,student/frontend_campaigns/campaigns/ex204_ex299_frontend_continuation_20260614_1216/agent_shards/integer-extra-r2/simulation_results.csv,official evaluate.py used for final validation,,,,,
integer-extra-r2,integer,ex267,ex267_udiv_denom_lz_range_lowbdd_abc_g_aig,"ex267|divider_magnitude_cofactor_classifier|denom_lz_range_lowbdd|shared_quotient_word_mux,_complemented_local_BDDs,_or_shared_radix_trial_subtracts|abc_g_aig|unsigned_low6_high6_div_dbz_sat|full_quotient_word",not_run,student/work/ex204_ex299_frontend_continuation_20260614_1216/integer-extra-r2/ex267/aigs/ex267_udiv_denom_lz_range_lowbdd_abc_g_aig.aig,student/frontend_campaigns/campaigns/ex204_ex299_frontend_continuation_20260614_1216/agent_shards/integer-extra-r2/simulation_results.csv,official evaluate.py used for final validation,,,,,
integer-extra-r2,integer,ex267,ex267_udiv_denom_lz_range_lowbdd_synth_preset_d12,"ex267|divider_magnitude_cofactor_classifier|denom_lz_range_lowbdd|shared_quotient_word_mux,_complemented_local_BDDs,_or_shared_radix_trial_subtracts|synth_preset_d12|unsigned_low6_high6_div_dbz_sat|full_quotient_word",not_run,student/work/ex204_ex299_frontend_continuation_20260614_1216/integer-extra-r2/ex267/aigs/ex267_udiv_denom_lz_range_lowbdd_synth_preset_d12.aig,student/frontend_campaigns/campaigns/ex204_ex299_frontend_continuation_20260614_1216/agent_shards/integer-extra-r2/simulation_results.csv,official evaluate.py used for final validation,,,,,
integer-extra-r2,integer,ex267,ex267_udiv_radix4_compact_digit_abc_g_aig,"ex267|divider_magnitude_cofactor_classifier|radix4_compact_digit|shared_quotient_word_mux,_complemented_local_BDDs,_or_shared_radix_trial_subtracts|abc_g_aig|unsigned_low6_high6_div_dbz_sat|full_quotient_word",not_run,student/work/ex204_ex299_frontend_continuation_20260614_1216/integer-extra-r2/ex267/aigs/ex267_udiv_radix4_compact_digit_abc_g_aig.aig,student/frontend_campaigns/campaigns/ex204_ex299_frontend_continuation_20260614_1216/agent_shards/integer-extra-r2/simulation_results.csv,official evaluate.py used for final validation,,,,,
integer-extra-r2,integer,ex267,ex267_udiv_radix4_compact_digit_synth_preset_d12,"ex267|divider_magnitude_cofactor_classifier|radix4_compact_digit|shared_quotient_word_mux,_complemented_local_BDDs,_or_shared_radix_trial_subtracts|synth_preset_d12|unsigned_low6_high6_div_dbz_sat|full_quotient_word",not_run,student/work/ex204_ex299_frontend_continuation_20260614_1216/integer-extra-r2/ex267/aigs/ex267_udiv_radix4_compact_digit_synth_preset_d12.aig,student/frontend_campaigns/campaigns/ex204_ex299_frontend_continuation_20260614_1216/agent_shards/integer-extra-r2/simulation_results.csv,official evaluate.py used for final validation,,,,,
integer-extra-r2,integer,ex270,ex270_square_wallace_square_outside_csel2_abc_g_aig,ex270|square_final_carry_variants|wallace_square_outside_csel2|one_triangular_cross_term_per_pair_with_alternate_carry-select/counter_sharing|abc_g_aig|unsigned_8_square|full_square_word,not_run,student/work/ex204_ex299_frontend_continuation_20260614_1216/integer-extra-r2/ex270/aigs/ex270_square_wallace_square_outside_csel2_abc_g_aig.aig,student/frontend_campaigns/campaigns/ex204_ex299_frontend_continuation_20260614_1216/agent_shards/integer-extra-r2/simulation_results.csv,official evaluate.py used for final validation,,,,,
integer-extra-r2,integer,ex270,ex270_square_wallace_square_outside_csel2_synth_preset_d12,ex270|square_final_carry_variants|wallace_square_outside_csel2|one_triangular_cross_term_per_pair_with_alternate_carry-select/counter_sharing|synth_preset_d12|unsigned_8_square|full_square_word,not_run,student/work/ex204_ex299_frontend_continuation_20260614_1216/integer-extra-r2/ex270/aigs/ex270_square_wallace_square_outside_csel2_synth_preset_d12.aig,student/frontend_campaigns/campaigns/ex204_ex299_frontend_continuation_20260614_1216/agent_shards/integer-extra-r2/simulation_results.csv,official evaluate.py used for final validation,,,,,
integer-extra-r2,integer,ex270,ex270_square_wallace_square_outside_csel6_abc_g_aig,ex270|square_final_carry_variants|wallace_square_outside_csel6|one_triangular_cross_term_per_pair_with_alternate_carry-select/counter_sharing|abc_g_aig|unsigned_8_square|full_square_word,not_run,student/work/ex204_ex299_frontend_continuation_20260614_1216/integer-extra-r2/ex270/aigs/ex270_square_wallace_square_outside_csel6_abc_g_aig.aig,student/frontend_campaigns/campaigns/ex204_ex299_frontend_continuation_20260614_1216/agent_shards/integer-extra-r2/simulation_results.csv,official evaluate.py used for final validation,,,,,
integer-extra-r2,integer,ex270,ex270_square_wallace_square_outside_csel6_synth_preset_d12,ex270|square_final_carry_variants|wallace_square_outside_csel6|one_triangular_cross_term_per_pair_with_alternate_carry-select/counter_sharing|synth_preset_d12|unsigned_8_square|full_square_word,not_run,student/work/ex204_ex299_frontend_continuation_20260614_1216/integer-extra-r2/ex270/aigs/ex270_square_wallace_square_outside_csel6_synth_preset_d12.aig,student/frontend_campaigns/campaigns/ex204_ex299_frontend_continuation_20260614_1216/agent_shards/integer-extra-r2/simulation_results.csv,official evaluate.py used for final validation,,,,,
integer-extra-r2,integer,ex270,ex270_square_wallace_square_factored_csel6_abc_g_aig,ex270|square_final_carry_variants|wallace_square_factored_csel6|one_triangular_cross_term_per_pair_with_alternate_carry-select/counter_sharing|abc_g_aig|unsigned_8_square|full_square_word,not_run,student/work/ex204_ex299_frontend_continuation_20260614_1216/integer-extra-r2/ex270/aigs/ex270_square_wallace_square_factored_csel6_abc_g_aig.aig,student/frontend_campaigns/campaigns/ex204_ex299_frontend_continuation_20260614_1216/agent_shards/integer-extra-r2/simulation_results.csv,official evaluate.py used for final validation,,,,,
integer-extra-r2,integer,ex270,ex270_square_wallace_square_factored_csel6_synth_preset_d12,ex270|square_final_carry_variants|wallace_square_factored_csel6|one_triangular_cross_term_per_pair_with_alternate_carry-select/counter_sharing|synth_preset_d12|unsigned_8_square|full_square_word,not_run,student/work/ex204_ex299_frontend_continuation_20260614_1216/integer-extra-r2/ex270/aigs/ex270_square_wallace_square_factored_csel6_synth_preset_d12.aig,student/frontend_campaigns/campaigns/ex204_ex299_frontend_continuation_20260614_1216/agent_shards/integer-extra-r2/simulation_results.csv,official evaluate.py used for final validation,,,,,
integer-extra-r2,integer,ex270,ex270_square_wallace_square_counter4x_csel4_abc_g_aig,ex270|square_final_carry_variants|wallace_square_counter4x_csel4|one_triangular_cross_term_per_pair_with_alternate_carry-select/counter_sharing|abc_g_aig|unsigned_8_square|full_square_word,not_run,student/work/ex204_ex299_frontend_continuation_20260614_1216/integer-extra-r2/ex270/aigs/ex270_square_wallace_square_counter4x_csel4_abc_g_aig.aig,student/frontend_campaigns/campaigns/ex204_ex299_frontend_continuation_20260614_1216/agent_shards/integer-extra-r2/simulation_results.csv,official evaluate.py used for final validation,,,,,
integer-extra-r2,integer,ex270,ex270_square_wallace_square_counter4x_csel4_synth_preset_d12,ex270|square_final_carry_variants|wallace_square_counter4x_csel4|one_triangular_cross_term_per_pair_with_alternate_carry-select/counter_sharing|synth_preset_d12|unsigned_8_square|full_square_word,not_run,student/work/ex204_ex299_frontend_continuation_20260614_1216/integer-extra-r2/ex270/aigs/ex270_square_wallace_square_counter4x_csel4_synth_preset_d12.aig,student/frontend_campaigns/campaigns/ex204_ex299_frontend_continuation_20260614_1216/agent_shards/integer-extra-r2/simulation_results.csv,official evaluate.py used for final validation,,,,,
integer-extra-r2,integer,ex270,ex270_square_dadda_square_csel6_abc_g_aig,ex270|square_final_carry_variants|dadda_square_csel6|one_triangular_cross_term_per_pair_with_alternate_carry-select/counter_sharing|abc_g_aig|unsigned_8_square|full_square_word,not_run,student/work/ex204_ex299_frontend_continuation_20260614_1216/integer-extra-r2/ex270/aigs/ex270_square_dadda_square_csel6_abc_g_aig.aig,student/frontend_campaigns/campaigns/ex204_ex299_frontend_continuation_20260614_1216/agent_shards/integer-extra-r2/simulation_results.csv,official evaluate.py used for final validation,,,,,
integer-extra-r2,integer,ex270,ex270_square_dadda_square_csel6_synth_preset_d12,ex270|square_final_carry_variants|dadda_square_csel6|one_triangular_cross_term_per_pair_with_alternate_carry-select/counter_sharing|synth_preset_d12|unsigned_8_square|full_square_word,not_run,student/work/ex204_ex299_frontend_continuation_20260614_1216/integer-extra-r2/ex270/aigs/ex270_square_dadda_square_csel6_synth_preset_d12.aig,student/frontend_campaigns/campaigns/ex204_ex299_frontend_continuation_20260614_1216/agent_shards/integer-extra-r2/simulation_results.csv,official evaluate.py used for final validation,,,,,
integer-extra-r2,integer,ex270,ex270_square_hybrid_cmptop1_trunc_abc_g_aig,ex270|square_final_carry_variants|hybrid_cmptop1_trunc|one_triangular_cross_term_per_pair_with_alternate_carry-select/counter_sharing|abc_g_aig|unsigned_8_square|full_square_word,not_run,student/work/ex204_ex299_frontend_continuation_20260614_1216/integer-extra-r2/ex270/aigs/ex270_square_hybrid_cmptop1_trunc_abc_g_aig.aig,student/frontend_campaigns/campaigns/ex204_ex299_frontend_continuation_20260614_1216/agent_shards/integer-extra-r2/simulation_results.csv,official evaluate.py used for final validation,,,,,
integer-extra-r2,integer,ex270,ex270_square_hybrid_cmptop1_trunc_synth_preset_d12,ex270|square_final_carry_variants|hybrid_cmptop1_trunc|one_triangular_cross_term_per_pair_with_alternate_carry-select/counter_sharing|synth_preset_d12|unsigned_8_square|full_square_word,not_run,student/work/ex204_ex299_frontend_continuation_20260614_1216/integer-extra-r2/ex270/aigs/ex270_square_hybrid_cmptop1_trunc_synth_preset_d12.aig,student/frontend_campaigns/campaigns/ex204_ex299_frontend_continuation_20260614_1216/agent_shards/integer-extra-r2/simulation_results.csv,official evaluate.py used for final validation,,,,,
integer-extra-r2,integer,ex271,ex271_square_wallace_square_outside_csel3_abc_g_aig,ex271|square_final_carry_variants|wallace_square_outside_csel3|one_triangular_cross_term_per_pair_with_alternate_carry-select/counter_sharing|abc_g_aig|unsigned_10_square|full_square_word,not_run,student/work/ex204_ex299_frontend_continuation_20260614_1216/integer-extra-r2/ex271/aigs/ex271_square_wallace_square_outside_csel3_abc_g_aig.aig,student/frontend_campaigns/campaigns/ex204_ex299_frontend_continuation_20260614_1216/agent_shards/integer-extra-r2/simulation_results.csv,official evaluate.py used for final validation,,,,,
integer-extra-r2,integer,ex271,ex271_square_wallace_square_outside_csel3_synth_preset_d16,ex271|square_final_carry_variants|wallace_square_outside_csel3|one_triangular_cross_term_per_pair_with_alternate_carry-select/counter_sharing|synth_preset_d16|unsigned_10_square|full_square_word,not_run,student/work/ex204_ex299_frontend_continuation_20260614_1216/integer-extra-r2/ex271/aigs/ex271_square_wallace_square_outside_csel3_synth_preset_d16.aig,student/frontend_campaigns/campaigns/ex204_ex299_frontend_continuation_20260614_1216/agent_shards/integer-extra-r2/simulation_results.csv,official evaluate.py used for final validation,,,,,
integer-extra-r2,integer,ex271,ex271_square_wallace_square_outside_csel5_abc_g_aig,ex271|square_final_carry_variants|wallace_square_outside_csel5|one_triangular_cross_term_per_pair_with_alternate_carry-select/counter_sharing|abc_g_aig|unsigned_10_square|full_square_word,not_run,student/work/ex204_ex299_frontend_continuation_20260614_1216/integer-extra-r2/ex271/aigs/ex271_square_wallace_square_outside_csel5_abc_g_aig.aig,student/frontend_campaigns/campaigns/ex204_ex299_frontend_continuation_20260614_1216/agent_shards/integer-extra-r2/simulation_results.csv,official evaluate.py used for final validation,,,,,
integer-extra-r2,integer,ex271,ex271_square_wallace_square_outside_csel5_synth_preset_d16,ex271|square_final_carry_variants|wallace_square_outside_csel5|one_triangular_cross_term_per_pair_with_alternate_carry-select/counter_sharing|synth_preset_d16|unsigned_10_square|full_square_word,not_run,student/work/ex204_ex299_frontend_continuation_20260614_1216/integer-extra-r2/ex271/aigs/ex271_square_wallace_square_outside_csel5_synth_preset_d16.aig,student/frontend_campaigns/campaigns/ex204_ex299_frontend_continuation_20260614_1216/agent_shards/integer-extra-r2/simulation_results.csv,official evaluate.py used for final validation,,,,,
integer-extra-r2,integer,ex271,ex271_square_wallace_square_factored_csel6_abc_g_aig,ex271|square_final_carry_variants|wallace_square_factored_csel6|one_triangular_cross_term_per_pair_with_alternate_carry-select/counter_sharing|abc_g_aig|unsigned_10_square|full_square_word,not_run,student/work/ex204_ex299_frontend_continuation_20260614_1216/integer-extra-r2/ex271/aigs/ex271_square_wallace_square_factored_csel6_abc_g_aig.aig,student/frontend_campaigns/campaigns/ex204_ex299_frontend_continuation_20260614_1216/agent_shards/integer-extra-r2/simulation_results.csv,official evaluate.py used for final validation,,,,,
integer-extra-r2,integer,ex271,ex271_square_wallace_square_factored_csel6_synth_preset_d16,ex271|square_final_carry_variants|wallace_square_factored_csel6|one_triangular_cross_term_per_pair_with_alternate_carry-select/counter_sharing|synth_preset_d16|unsigned_10_square|full_square_word,not_run,student/work/ex204_ex299_frontend_continuation_20260614_1216/integer-extra-r2/ex271/aigs/ex271_square_wallace_square_factored_csel6_synth_preset_d16.aig,student/frontend_campaigns/campaigns/ex204_ex299_frontend_continuation_20260614_1216/agent_shards/integer-extra-r2/simulation_results.csv,official evaluate.py used for final validation,,,,,
integer-extra-r2,integer,ex271,ex271_square_wallace_square_counter4x_csel6_abc_g_aig,ex271|square_final_carry_variants|wallace_square_counter4x_csel6|one_triangular_cross_term_per_pair_with_alternate_carry-select/counter_sharing|abc_g_aig|unsigned_10_square|full_square_word,not_run,student/work/ex204_ex299_frontend_continuation_20260614_1216/integer-extra-r2/ex271/aigs/ex271_square_wallace_square_counter4x_csel6_abc_g_aig.aig,student/frontend_campaigns/campaigns/ex204_ex299_frontend_continuation_20260614_1216/agent_shards/integer-extra-r2/simulation_results.csv,official evaluate.py used for final validation,,,,,
integer-extra-r2,integer,ex271,ex271_square_wallace_square_counter4x_csel6_synth_preset_d16,ex271|square_final_carry_variants|wallace_square_counter4x_csel6|one_triangular_cross_term_per_pair_with_alternate_carry-select/counter_sharing|synth_preset_d16|unsigned_10_square|full_square_word,not_run,student/work/ex204_ex299_frontend_continuation_20260614_1216/integer-extra-r2/ex271/aigs/ex271_square_wallace_square_counter4x_csel6_synth_preset_d16.aig,student/frontend_campaigns/campaigns/ex204_ex299_frontend_continuation_20260614_1216/agent_shards/integer-extra-r2/simulation_results.csv,official evaluate.py used for final validation,,,,,
integer-extra-r2,integer,ex271,ex271_square_dadda_square_csel4_abc_g_aig,ex271|square_final_carry_variants|dadda_square_csel4|one_triangular_cross_term_per_pair_with_alternate_carry-select/counter_sharing|abc_g_aig|unsigned_10_square|full_square_word,not_run,student/work/ex204_ex299_frontend_continuation_20260614_1216/integer-extra-r2/ex271/aigs/ex271_square_dadda_square_csel4_abc_g_aig.aig,student/frontend_campaigns/campaigns/ex204_ex299_frontend_continuation_20260614_1216/agent_shards/integer-extra-r2/simulation_results.csv,official evaluate.py used for final validation,,,,,
integer-extra-r2,integer,ex271,ex271_square_dadda_square_csel4_synth_preset_d16,ex271|square_final_carry_variants|dadda_square_csel4|one_triangular_cross_term_per_pair_with_alternate_carry-select/counter_sharing|synth_preset_d16|unsigned_10_square|full_square_word,not_run,student/work/ex204_ex299_frontend_continuation_20260614_1216/integer-extra-r2/ex271/aigs/ex271_square_dadda_square_csel4_synth_preset_d16.aig,student/frontend_campaigns/campaigns/ex204_ex299_frontend_continuation_20260614_1216/agent_shards/integer-extra-r2/simulation_results.csv,official evaluate.py used for final validation,,,,,
integer-extra-r2,integer,ex272,ex272_square_wallace_square_outside_csel4_abc_g_aig,ex272|square_final_carry_variants|wallace_square_outside_csel4|one_triangular_cross_term_per_pair_with_alternate_carry-select/counter_sharing|abc_g_aig|unsigned_12_square|full_square_word,not_run,student/work/ex204_ex299_frontend_continuation_20260614_1216/integer-extra-r2/ex272/aigs/ex272_square_wallace_square_outside_csel4_abc_g_aig.aig,student/frontend_campaigns/campaigns/ex204_ex299_frontend_continuation_20260614_1216/agent_shards/integer-extra-r2/simulation_results.csv,official evaluate.py used for final validation,,,,,
integer-extra-r2,integer,ex272,ex272_square_wallace_square_outside_csel4_synth_preset_d20,ex272|square_final_carry_variants|wallace_square_outside_csel4|one_triangular_cross_term_per_pair_with_alternate_carry-select/counter_sharing|synth_preset_d20|unsigned_12_square|full_square_word,not_run,student/work/ex204_ex299_frontend_continuation_20260614_1216/integer-extra-r2/ex272/aigs/ex272_square_wallace_square_outside_csel4_synth_preset_d20.aig,student/frontend_campaigns/campaigns/ex204_ex299_frontend_continuation_20260614_1216/agent_shards/integer-extra-r2/simulation_results.csv,official evaluate.py used for final validation,,,,,
integer-extra-r2,integer,ex272,ex272_square_wallace_square_outside_csel6_abc_g_aig,ex272|square_final_carry_variants|wallace_square_outside_csel6|one_triangular_cross_term_per_pair_with_alternate_carry-select/counter_sharing|abc_g_aig|unsigned_12_square|full_square_word,not_run,student/work/ex204_ex299_frontend_continuation_20260614_1216/integer-extra-r2/ex272/aigs/ex272_square_wallace_square_outside_csel6_abc_g_aig.aig,student/frontend_campaigns/campaigns/ex204_ex299_frontend_continuation_20260614_1216/agent_shards/integer-extra-r2/simulation_results.csv,official evaluate.py used for final validation,,,,,
integer-extra-r2,integer,ex272,ex272_square_wallace_square_outside_csel6_synth_preset_d20,ex272|square_final_carry_variants|wallace_square_outside_csel6|one_triangular_cross_term_per_pair_with_alternate_carry-select/counter_sharing|synth_preset_d20|unsigned_12_square|full_square_word,not_run,student/work/ex204_ex299_frontend_continuation_20260614_1216/integer-extra-r2/ex272/aigs/ex272_square_wallace_square_outside_csel6_synth_preset_d20.aig,student/frontend_campaigns/campaigns/ex204_ex299_frontend_continuation_20260614_1216/agent_shards/integer-extra-r2/simulation_results.csv,official evaluate.py used for final validation,,,,,
integer-extra-r2,integer,ex272,ex272_square_wallace_square_outside_csel8_abc_g_aig,ex272|square_final_carry_variants|wallace_square_outside_csel8|one_triangular_cross_term_per_pair_with_alternate_carry-select/counter_sharing|abc_g_aig|unsigned_12_square|full_square_word,not_run,student/work/ex204_ex299_frontend_continuation_20260614_1216/integer-extra-r2/ex272/aigs/ex272_square_wallace_square_outside_csel8_abc_g_aig.aig,student/frontend_campaigns/campaigns/ex204_ex299_frontend_continuation_20260614_1216/agent_shards/integer-extra-r2/simulation_results.csv,official evaluate.py used for final validation,,,,,
integer-extra-r2,integer,ex272,ex272_square_wallace_square_outside_csel8_synth_preset_d20,ex272|square_final_carry_variants|wallace_square_outside_csel8|one_triangular_cross_term_per_pair_with_alternate_carry-select/counter_sharing|synth_preset_d20|unsigned_12_square|full_square_word,not_run,student/work/ex204_ex299_frontend_continuation_20260614_1216/integer-extra-r2/ex272/aigs/ex272_square_wallace_square_outside_csel8_synth_preset_d20.aig,student/frontend_campaigns/campaigns/ex204_ex299_frontend_continuation_20260614_1216/agent_shards/integer-extra-r2/simulation_results.csv,official evaluate.py used for final validation,,,,,
integer-extra-r2,integer,ex272,ex272_square_wallace_square_factored_csel8_abc_g_aig,ex272|square_final_carry_variants|wallace_square_factored_csel8|one_triangular_cross_term_per_pair_with_alternate_carry-select/counter_sharing|abc_g_aig|unsigned_12_square|full_square_word,not_run,student/work/ex204_ex299_frontend_continuation_20260614_1216/integer-extra-r2/ex272/aigs/ex272_square_wallace_square_factored_csel8_abc_g_aig.aig,student/frontend_campaigns/campaigns/ex204_ex299_frontend_continuation_20260614_1216/agent_shards/integer-extra-r2/simulation_results.csv,official evaluate.py used for final validation,,,,,
integer-extra-r2,integer,ex272,ex272_square_wallace_square_factored_csel8_synth_preset_d20,ex272|square_final_carry_variants|wallace_square_factored_csel8|one_triangular_cross_term_per_pair_with_alternate_carry-select/counter_sharing|synth_preset_d20|unsigned_12_square|full_square_word,not_run,student/work/ex204_ex299_frontend_continuation_20260614_1216/integer-extra-r2/ex272/aigs/ex272_square_wallace_square_factored_csel8_synth_preset_d20.aig,student/frontend_campaigns/campaigns/ex204_ex299_frontend_continuation_20260614_1216/agent_shards/integer-extra-r2/simulation_results.csv,official evaluate.py used for final validation,,,,,
integer-extra-r2,integer,ex272,ex272_square_wallace_square_counter4x_csel8_abc_g_aig,ex272|square_final_carry_variants|wallace_square_counter4x_csel8|one_triangular_cross_term_per_pair_with_alternate_carry-select/counter_sharing|abc_g_aig|unsigned_12_square|full_square_word,not_run,student/work/ex204_ex299_frontend_continuation_20260614_1216/integer-extra-r2/ex272/aigs/ex272_square_wallace_square_counter4x_csel8_abc_g_aig.aig,student/frontend_campaigns/campaigns/ex204_ex299_frontend_continuation_20260614_1216/agent_shards/integer-extra-r2/simulation_results.csv,official evaluate.py used for final validation,,,,,
integer-extra-r2,integer,ex272,ex272_square_wallace_square_counter4x_csel8_synth_preset_d20,ex272|square_final_carry_variants|wallace_square_counter4x_csel8|one_triangular_cross_term_per_pair_with_alternate_carry-select/counter_sharing|synth_preset_d20|unsigned_12_square|full_square_word,not_run,student/work/ex204_ex299_frontend_continuation_20260614_1216/integer-extra-r2/ex272/aigs/ex272_square_wallace_square_counter4x_csel8_synth_preset_d20.aig,student/frontend_campaigns/campaigns/ex204_ex299_frontend_continuation_20260614_1216/agent_shards/integer-extra-r2/simulation_results.csv,official evaluate.py used for final validation,,,,,
integer-extra-r2,integer,ex272,ex272_square_dadda_square_csel6_abc_g_aig,ex272|square_final_carry_variants|dadda_square_csel6|one_triangular_cross_term_per_pair_with_alternate_carry-select/counter_sharing|abc_g_aig|unsigned_12_square|full_square_word,not_run,student/work/ex204_ex299_frontend_continuation_20260614_1216/integer-extra-r2/ex272/aigs/ex272_square_dadda_square_csel6_abc_g_aig.aig,student/frontend_campaigns/campaigns/ex204_ex299_frontend_continuation_20260614_1216/agent_shards/integer-extra-r2/simulation_results.csv,official evaluate.py used for final validation,,,,,
integer-extra-r2,integer,ex272,ex272_square_dadda_square_csel6_synth_preset_d20,ex272|square_final_carry_variants|dadda_square_csel6|one_triangular_cross_term_per_pair_with_alternate_carry-select/counter_sharing|synth_preset_d20|unsigned_12_square|full_square_word,not_run,student/work/ex204_ex299_frontend_continuation_20260614_1216/integer-extra-r2/ex272/aigs/ex272_square_dadda_square_csel6_synth_preset_d20.aig,student/frontend_campaigns/campaigns/ex204_ex299_frontend_continuation_20260614_1216/agent_shards/integer-extra-r2/simulation_results.csv,official evaluate.py used for final validation,,,,,
integer-extra-r2,integer,ex277,ex277_isqrt_prefix3_ge_tree_lsb_abc_g_aig,"ex277|isqrt_shared_trial_classifier|prefix3_ge_tree_lsb|shared_ge_predicates,_high-prefix_local_BDDs,_or_radix-4_trial_subtracts|abc_g_aig|unsigned_floor_isqrt_12_to_6|full_sqrt_word",not_run,student/work/ex204_ex299_frontend_continuation_20260614_1216/integer-extra-r2/ex277/aigs/ex277_isqrt_prefix3_ge_tree_lsb_abc_g_aig.aig,student/frontend_campaigns/campaigns/ex204_ex299_frontend_continuation_20260614_1216/agent_shards/integer-extra-r2/simulation_results.csv,official evaluate.py used for final validation,,,,,
integer-extra-r2,integer,ex277,ex277_isqrt_prefix3_ge_tree_lsb_synth_preset_d10,"ex277|isqrt_shared_trial_classifier|prefix3_ge_tree_lsb|shared_ge_predicates,_high-prefix_local_BDDs,_or_radix-4_trial_subtracts|synth_preset_d10|unsigned_floor_isqrt_12_to_6|full_sqrt_word",not_run,student/work/ex204_ex299_frontend_continuation_20260614_1216/integer-extra-r2/ex277/aigs/ex277_isqrt_prefix3_ge_tree_lsb_synth_preset_d10.aig,student/frontend_campaigns/campaigns/ex204_ex299_frontend_continuation_20260614_1216/agent_shards/integer-extra-r2/simulation_results.csv,official evaluate.py used for final validation,,,,,
integer-extra-r2,integer,ex277,ex277_isqrt_prefix5_ge_tree_lsb_abc_g_aig,"ex277|isqrt_shared_trial_classifier|prefix5_ge_tree_lsb|shared_ge_predicates,_high-prefix_local_BDDs,_or_radix-4_trial_subtracts|abc_g_aig|unsigned_floor_isqrt_12_to_6|full_sqrt_word",not_run,student/work/ex204_ex299_frontend_continuation_20260614_1216/integer-extra-r2/ex277/aigs/ex277_isqrt_prefix5_ge_tree_lsb_abc_g_aig.aig,student/frontend_campaigns/campaigns/ex204_ex299_frontend_continuation_20260614_1216/agent_shards/integer-extra-r2/simulation_results.csv,official evaluate.py used for final validation,,,,,
integer-extra-r2,integer,ex277,ex277_isqrt_prefix5_ge_tree_lsb_synth_preset_d10,"ex277|isqrt_shared_trial_classifier|prefix5_ge_tree_lsb|shared_ge_predicates,_high-prefix_local_BDDs,_or_radix-4_trial_subtracts|synth_preset_d10|unsigned_floor_isqrt_12_to_6|full_sqrt_word",not_run,student/work/ex204_ex299_frontend_continuation_20260614_1216/integer-extra-r2/ex277/aigs/ex277_isqrt_prefix5_ge_tree_lsb_synth_preset_d10.aig,student/frontend_campaigns/campaigns/ex204_ex299_frontend_continuation_20260614_1216/agent_shards/integer-extra-r2/simulation_results.csv,official evaluate.py used for final validation,,,,,
integer-extra-r2,integer,ex277,ex277_isqrt_prefix6_ge_tree_lsb_abc_g_aig,"ex277|isqrt_shared_trial_classifier|prefix6_ge_tree_lsb|shared_ge_predicates,_high-prefix_local_BDDs,_or_radix-4_trial_subtracts|abc_g_aig|unsigned_floor_isqrt_12_to_6|full_sqrt_word",not_run,student/work/ex204_ex299_frontend_continuation_20260614_1216/integer-extra-r2/ex277/aigs/ex277_isqrt_prefix6_ge_tree_lsb_abc_g_aig.aig,student/frontend_campaigns/campaigns/ex204_ex299_frontend_continuation_20260614_1216/agent_shards/integer-extra-r2/simulation_results.csv,official evaluate.py used for final validation,,,,,
integer-extra-r2,integer,ex277,ex277_isqrt_prefix6_ge_tree_lsb_synth_preset_d10,"ex277|isqrt_shared_trial_classifier|prefix6_ge_tree_lsb|shared_ge_predicates,_high-prefix_local_BDDs,_or_radix-4_trial_subtracts|synth_preset_d10|unsigned_floor_isqrt_12_to_6|full_sqrt_word",not_run,student/work/ex204_ex299_frontend_continuation_20260614_1216/integer-extra-r2/ex277/aigs/ex277_isqrt_prefix6_ge_tree_lsb_synth_preset_d10.aig,student/frontend_campaigns/campaigns/ex204_ex299_frontend_continuation_20260614_1216/agent_shards/integer-extra-r2/simulation_results.csv,official evaluate.py used for final validation,,,,,
integer-extra-r2,integer,ex277,ex277_isqrt_cofbdd3_reverse_abc_g_aig,"ex277|isqrt_shared_trial_classifier|cofbdd3_reverse|shared_ge_predicates,_high-prefix_local_BDDs,_or_radix-4_trial_subtracts|abc_g_aig|unsigned_floor_isqrt_12_to_6|full_sqrt_word",not_run,student/work/ex204_ex299_frontend_continuation_20260614_1216/integer-extra-r2/ex277/aigs/ex277_isqrt_cofbdd3_reverse_abc_g_aig.aig,student/frontend_campaigns/campaigns/ex204_ex299_frontend_continuation_20260614_1216/agent_shards/integer-extra-r2/simulation_results.csv,official evaluate.py used for final validation,,,,,
integer-extra-r2,integer,ex277,ex277_isqrt_cofbdd3_reverse_synth_preset_d10,"ex277|isqrt_shared_trial_classifier|cofbdd3_reverse|shared_ge_predicates,_high-prefix_local_BDDs,_or_radix-4_trial_subtracts|synth_preset_d10|unsigned_floor_isqrt_12_to_6|full_sqrt_word",not_run,student/work/ex204_ex299_frontend_continuation_20260614_1216/integer-extra-r2/ex277/aigs/ex277_isqrt_cofbdd3_reverse_synth_preset_d10.aig,student/frontend_campaigns/campaigns/ex204_ex299_frontend_continuation_20260614_1216/agent_shards/integer-extra-r2/simulation_results.csv,official evaluate.py used for final validation,,,,,
integer-extra-r2,integer,ex277,ex277_isqrt_cofbdd5_reverse_abc_g_aig,"ex277|isqrt_shared_trial_classifier|cofbdd5_reverse|shared_ge_predicates,_high-prefix_local_BDDs,_or_radix-4_trial_subtracts|abc_g_aig|unsigned_floor_isqrt_12_to_6|full_sqrt_word",not_run,student/work/ex204_ex299_frontend_continuation_20260614_1216/integer-extra-r2/ex277/aigs/ex277_isqrt_cofbdd5_reverse_abc_g_aig.aig,student/frontend_campaigns/campaigns/ex204_ex299_frontend_continuation_20260614_1216/agent_shards/integer-extra-r2/simulation_results.csv,official evaluate.py used for final validation,,,,,
integer-extra-r2,integer,ex277,ex277_isqrt_cofbdd5_reverse_synth_preset_d10,"ex277|isqrt_shared_trial_classifier|cofbdd5_reverse|shared_ge_predicates,_high-prefix_local_BDDs,_or_radix-4_trial_subtracts|synth_preset_d10|unsigned_floor_isqrt_12_to_6|full_sqrt_word",not_run,student/work/ex204_ex299_frontend_continuation_20260614_1216/integer-extra-r2/ex277/aigs/ex277_isqrt_cofbdd5_reverse_synth_preset_d10.aig,student/frontend_campaigns/campaigns/ex204_ex299_frontend_continuation_20260614_1216/agent_shards/integer-extra-r2/simulation_results.csv,official evaluate.py used for final validation,,,,,
integer-extra-r2,integer,ex277,ex277_isqrt_radix4_wires_abc_g_aig,"ex277|isqrt_shared_trial_classifier|radix4_wires|shared_ge_predicates,_high-prefix_local_BDDs,_or_radix-4_trial_subtracts|abc_g_aig|unsigned_floor_isqrt_12_to_6|full_sqrt_word",not_run,student/work/ex204_ex299_frontend_continuation_20260614_1216/integer-extra-r2/ex277/aigs/ex277_isqrt_radix4_wires_abc_g_aig.aig,student/frontend_campaigns/campaigns/ex204_ex299_frontend_continuation_20260614_1216/agent_shards/integer-extra-r2/simulation_results.csv,official evaluate.py used for final validation,,,,,
integer-extra-r2,integer,ex277,ex277_isqrt_radix4_wires_synth_preset_d10,"ex277|isqrt_shared_trial_classifier|radix4_wires|shared_ge_predicates,_high-prefix_local_BDDs,_or_radix-4_trial_subtracts|synth_preset_d10|unsigned_floor_isqrt_12_to_6|full_sqrt_word",not_run,student/work/ex204_ex299_frontend_continuation_20260614_1216/integer-extra-r2/ex277/aigs/ex277_isqrt_radix4_wires_synth_preset_d10.aig,student/frontend_campaigns/campaigns/ex204_ex299_frontend_continuation_20260614_1216/agent_shards/integer-extra-r2/simulation_results.csv,official evaluate.py used for final validation,,,,,
integer-extra-r2,integer,ex277,ex277_isqrt_range_tree_abc_g_aig,"ex277|isqrt_shared_trial_classifier|range_tree|shared_ge_predicates,_high-prefix_local_BDDs,_or_radix-4_trial_subtracts|abc_g_aig|unsigned_floor_isqrt_12_to_6|full_sqrt_word",not_run,student/work/ex204_ex299_frontend_continuation_20260614_1216/integer-extra-r2/ex277/aigs/ex277_isqrt_range_tree_abc_g_aig.aig,student/frontend_campaigns/campaigns/ex204_ex299_frontend_continuation_20260614_1216/agent_shards/integer-extra-r2/simulation_results.csv,official evaluate.py used for final validation,,,,,
integer-extra-r2,integer,ex277,ex277_isqrt_range_tree_synth_preset_d10,"ex277|isqrt_shared_trial_classifier|range_tree|shared_ge_predicates,_high-prefix_local_BDDs,_or_radix-4_trial_subtracts|synth_preset_d10|unsigned_floor_isqrt_12_to_6|full_sqrt_word",not_run,student/work/ex204_ex299_frontend_continuation_20260614_1216/integer-extra-r2/ex277/aigs/ex277_isqrt_range_tree_synth_preset_d10.aig,student/frontend_campaigns/campaigns/ex204_ex299_frontend_continuation_20260614_1216/agent_shards/integer-extra-r2/simulation_results.csv,official evaluate.py used for final validation,,,,,
integer-extra-r2,integer,ex277,ex277_isqrt_high2_bdd_reverse_abc_g_aig,"ex277|isqrt_shared_trial_classifier|high2_bdd_reverse|shared_ge_predicates,_high-prefix_local_BDDs,_or_radix-4_trial_subtracts|abc_g_aig|unsigned_floor_isqrt_12_to_6|full_sqrt_word",not_run,student/work/ex204_ex299_frontend_continuation_20260614_1216/integer-extra-r2/ex277/aigs/ex277_isqrt_high2_bdd_reverse_abc_g_aig.aig,student/frontend_campaigns/campaigns/ex204_ex299_frontend_continuation_20260614_1216/agent_shards/integer-extra-r2/simulation_results.csv,official evaluate.py used for final validation,,,,,
integer-extra-r2,integer,ex277,ex277_isqrt_high2_bdd_reverse_synth_preset_d10,"ex277|isqrt_shared_trial_classifier|high2_bdd_reverse|shared_ge_predicates,_high-prefix_local_BDDs,_or_radix-4_trial_subtracts|synth_preset_d10|unsigned_floor_isqrt_12_to_6|full_sqrt_word",not_run,student/work/ex204_ex299_frontend_continuation_20260614_1216/integer-extra-r2/ex277/aigs/ex277_isqrt_high2_bdd_reverse_synth_preset_d10.aig,student/frontend_campaigns/campaigns/ex204_ex299_frontend_continuation_20260614_1216/agent_shards/integer-extra-r2/simulation_results.csv,official evaluate.py used for final validation,,,,,
integer-extra-r2,integer,ex256,ex256_umul_csa_prefix_abc_g_aig,ex256|unsigned_multiplier_shared_compressor|csa_prefix|shared_partial_products_with_source-level_operand_ordering_before_final_prefix_carry|abc_g_aig|unsigned_low5_high5_multiply|full_product_word,not_run,student/work/ex204_ex299_frontend_continuation_20260614_1216/integer-extra-r2/ex256/aigs/ex256_umul_csa_prefix_abc_g_aig.aig,student/frontend_campaigns/campaigns/ex204_ex299_frontend_continuation_20260614_1216/agent_shards/integer-extra-r2/simulation_results.csv,official evaluate.py used for final validation,,,,,
integer-extra-r2,integer,ex256,ex256_umul_csa_prefix_synth_preset_d18,ex256|unsigned_multiplier_shared_compressor|csa_prefix|shared_partial_products_with_source-level_operand_ordering_before_final_prefix_carry|synth_preset_d18|unsigned_low5_high5_multiply|full_product_word,not_run,student/work/ex204_ex299_frontend_continuation_20260614_1216/integer-extra-r2/ex256/aigs/ex256_umul_csa_prefix_synth_preset_d18.aig,student/frontend_campaigns/campaigns/ex204_ex299_frontend_continuation_20260614_1216/agent_shards/integer-extra-r2/simulation_results.csv,official evaluate.py used for final validation,,,,,
integer-extra-r2,integer,ex256,ex256_umul_sorted_operands_abc_g_aig,ex256|unsigned_multiplier_shared_compressor|sorted_operands|shared_partial_products_with_source-level_operand_ordering_before_final_prefix_carry|abc_g_aig|unsigned_low5_high5_multiply|full_product_word,not_run,student/work/ex204_ex299_frontend_continuation_20260614_1216/integer-extra-r2/ex256/aigs/ex256_umul_sorted_operands_abc_g_aig.aig,student/frontend_campaigns/campaigns/ex204_ex299_frontend_continuation_20260614_1216/agent_shards/integer-extra-r2/simulation_results.csv,official evaluate.py used for final validation,,,,,
integer-extra-r2,integer,ex256,ex256_umul_sorted_operands_synth_preset_d18,ex256|unsigned_multiplier_shared_compressor|sorted_operands|shared_partial_products_with_source-level_operand_ordering_before_final_prefix_carry|synth_preset_d18|unsigned_low5_high5_multiply|full_product_word,not_run,student/work/ex204_ex299_frontend_continuation_20260614_1216/integer-extra-r2/ex256/aigs/ex256_umul_sorted_operands_synth_preset_d18.aig,student/frontend_campaigns/campaigns/ex204_ex299_frontend_continuation_20260614_1216/agent_shards/integer-extra-r2/simulation_results.csv,official evaluate.py used for final validation,,,,,
integer-extra-r2,integer,ex261,ex261_smul_baugh_wooley_wallace_csel4_abc_g_aig,ex261|signed_multiplier_baugh_wooley_final_merge|baugh_wooley_wallace_csel4|shared_signed_partial_products_with_alternate_prefix/correction_carry_merge_roots|abc_g_aig|signed_low5_high5_multiply|full_product_word,not_run,student/work/ex204_ex299_frontend_continuation_20260614_1216/integer-extra-r2/ex261/aigs/ex261_smul_baugh_wooley_wallace_csel4_abc_g_aig.aig,student/frontend_campaigns/campaigns/ex204_ex299_frontend_continuation_20260614_1216/agent_shards/integer-extra-r2/simulation_results.csv,official evaluate.py used for final validation,,,,,
integer-extra-r2,integer,ex261,ex261_smul_baugh_wooley_wallace_csel4_synth_preset_d18,ex261|signed_multiplier_baugh_wooley_final_merge|baugh_wooley_wallace_csel4|shared_signed_partial_products_with_alternate_prefix/correction_carry_merge_roots|synth_preset_d18|signed_low5_high5_multiply|full_product_word,not_run,student/work/ex204_ex299_frontend_continuation_20260614_1216/integer-extra-r2/ex261/aigs/ex261_smul_baugh_wooley_wallace_csel4_synth_preset_d18.aig,student/frontend_campaigns/campaigns/ex204_ex299_frontend_continuation_20260614_1216/agent_shards/integer-extra-r2/simulation_results.csv,official evaluate.py used for final validation,,,,,
integer-extra-r2,integer,ex261,ex261_smul_baugh_wooley_wallace_rhcla4_abc_g_aig,ex261|signed_multiplier_baugh_wooley_final_merge|baugh_wooley_wallace_rhcla4|shared_signed_partial_products_with_alternate_prefix/correction_carry_merge_roots|abc_g_aig|signed_low5_high5_multiply|full_product_word,not_run,student/work/ex204_ex299_frontend_continuation_20260614_1216/integer-extra-r2/ex261/aigs/ex261_smul_baugh_wooley_wallace_rhcla4_abc_g_aig.aig,student/frontend_campaigns/campaigns/ex204_ex299_frontend_continuation_20260614_1216/agent_shards/integer-extra-r2/simulation_results.csv,official evaluate.py used for final validation,,,,,
integer-extra-r2,integer,ex261,ex261_smul_baugh_wooley_wallace_rhcla4_synth_preset_d18,ex261|signed_multiplier_baugh_wooley_final_merge|baugh_wooley_wallace_rhcla4|shared_signed_partial_products_with_alternate_prefix/correction_carry_merge_roots|synth_preset_d18|signed_low5_high5_multiply|full_product_word,not_run,student/work/ex204_ex299_frontend_continuation_20260614_1216/integer-extra-r2/ex261/aigs/ex261_smul_baugh_wooley_wallace_rhcla4_synth_preset_d18.aig,student/frontend_campaigns/campaigns/ex204_ex299_frontend_continuation_20260614_1216/agent_shards/integer-extra-r2/simulation_results.csv,official evaluate.py used for final validation,,,,,
integer-extra-r2,integer,ex261,ex261_smul_baugh_wooley_wallace_pfx4_abc_g_aig,ex261|signed_multiplier_baugh_wooley_final_merge|baugh_wooley_wallace_pfx4|shared_signed_partial_products_with_alternate_prefix/correction_carry_merge_roots|abc_g_aig|signed_low5_high5_multiply|full_product_word,not_run,student/work/ex204_ex299_frontend_continuation_20260614_1216/integer-extra-r2/ex261/aigs/ex261_smul_baugh_wooley_wallace_pfx4_abc_g_aig.aig,student/frontend_campaigns/campaigns/ex204_ex299_frontend_continuation_20260614_1216/agent_shards/integer-extra-r2/simulation_results.csv,official evaluate.py used for final validation,,,,,
integer-extra-r2,integer,ex261,ex261_smul_baugh_wooley_wallace_pfx4_synth_preset_d18,ex261|signed_multiplier_baugh_wooley_final_merge|baugh_wooley_wallace_pfx4|shared_signed_partial_products_with_alternate_prefix/correction_carry_merge_roots|synth_preset_d18|signed_low5_high5_multiply|full_product_word,not_run,student/work/ex204_ex299_frontend_continuation_20260614_1216/integer-extra-r2/ex261/aigs/ex261_smul_baugh_wooley_wallace_pfx4_synth_preset_d18.aig,student/frontend_campaigns/campaigns/ex204_ex299_frontend_continuation_20260614_1216/agent_shards/integer-extra-r2/simulation_results.csv,official evaluate.py used for final validation,,,,,
integer-extra-r2,integer,ex261,ex261_smul_baugh_wooley_wallace_outside_rhcla4_abc_g_aig,ex261|signed_multiplier_baugh_wooley_final_merge|baugh_wooley_wallace_outside_rhcla4|shared_signed_partial_products_with_alternate_prefix/correction_carry_merge_roots|abc_g_aig|signed_low5_high5_multiply|full_product_word,not_run,student/work/ex204_ex299_frontend_continuation_20260614_1216/integer-extra-r2/ex261/aigs/ex261_smul_baugh_wooley_wallace_outside_rhcla4_abc_g_aig.aig,student/frontend_campaigns/campaigns/ex204_ex299_frontend_continuation_20260614_1216/agent_shards/integer-extra-r2/simulation_results.csv,official evaluate.py used for final validation,,,,,
integer-extra-r2,integer,ex261,ex261_smul_baugh_wooley_wallace_outside_rhcla4_synth_preset_d18,ex261|signed_multiplier_baugh_wooley_final_merge|baugh_wooley_wallace_outside_rhcla4|shared_signed_partial_products_with_alternate_prefix/correction_carry_merge_roots|synth_preset_d18|signed_low5_high5_multiply|full_product_word,not_run,student/work/ex204_ex299_frontend_continuation_20260614_1216/integer-extra-r2/ex261/aigs/ex261_smul_baugh_wooley_wallace_outside_rhcla4_synth_preset_d18.aig,student/frontend_campaigns/campaigns/ex204_ex299_frontend_continuation_20260614_1216/agent_shards/integer-extra-r2/simulation_results.csv,official evaluate.py used for final validation,,,,,
integer-extra-r2,integer,ex261,ex261_smul_baugh_wooley_wallace_rev_pfx4_abc_g_aig,ex261|signed_multiplier_baugh_wooley_final_merge|baugh_wooley_wallace_rev_pfx4|shared_signed_partial_products_with_alternate_prefix/correction_carry_merge_roots|abc_g_aig|signed_low5_high5_multiply|full_product_word,not_run,student/work/ex204_ex299_frontend_continuation_20260614_1216/integer-extra-r2/ex261/aigs/ex261_smul_baugh_wooley_wallace_rev_pfx4_abc_g_aig.aig,student/frontend_campaigns/campaigns/ex204_ex299_frontend_continuation_20260614_1216/agent_shards/integer-extra-r2/simulation_results.csv,official evaluate.py used for final validation,,,,,
integer-extra-r2,integer,ex261,ex261_smul_baugh_wooley_wallace_rev_pfx4_synth_preset_d18,ex261|signed_multiplier_baugh_wooley_final_merge|baugh_wooley_wallace_rev_pfx4|shared_signed_partial_products_with_alternate_prefix/correction_carry_merge_roots|synth_preset_d18|signed_low5_high5_multiply|full_product_word,not_run,student/work/ex204_ex299_frontend_continuation_20260614_1216/integer-extra-r2/ex261/aigs/ex261_smul_baugh_wooley_wallace_rev_pfx4_synth_preset_d18.aig,student/frontend_campaigns/campaigns/ex204_ex299_frontend_continuation_20260614_1216/agent_shards/integer-extra-r2/simulation_results.csv,official evaluate.py used for final validation,,,,,
integer-extra-r2,integer,ex261,ex261_smul_baugh_wooley_wallace_evenodd_rhcla4_abc_g_aig,ex261|signed_multiplier_baugh_wooley_final_merge|baugh_wooley_wallace_evenodd_rhcla4|shared_signed_partial_products_with_alternate_prefix/correction_carry_merge_roots|abc_g_aig|signed_low5_high5_multiply|full_product_word,not_run,student/work/ex204_ex299_frontend_continuation_20260614_1216/integer-extra-r2/ex261/aigs/ex261_smul_baugh_wooley_wallace_evenodd_rhcla4_abc_g_aig.aig,student/frontend_campaigns/campaigns/ex204_ex299_frontend_continuation_20260614_1216/agent_shards/integer-extra-r2/simulation_results.csv,official evaluate.py used for final validation,,,,,
integer-extra-r2,integer,ex261,ex261_smul_baugh_wooley_wallace_evenodd_rhcla4_synth_preset_d18,ex261|signed_multiplier_baugh_wooley_final_merge|baugh_wooley_wallace_evenodd_rhcla4|shared_signed_partial_products_with_alternate_prefix/correction_carry_merge_roots|synth_preset_d18|signed_low5_high5_multiply|full_product_word,not_run,student/work/ex204_ex299_frontend_continuation_20260614_1216/integer-extra-r2/ex261/aigs/ex261_smul_baugh_wooley_wallace_evenodd_rhcla4_synth_preset_d18.aig,student/frontend_campaigns/campaigns/ex204_ex299_frontend_continuation_20260614_1216/agent_shards/integer-extra-r2/simulation_results.csv,official evaluate.py used for final validation,,,,,
integer-extra-r2,integer,ex261,ex261_smul_baugh_wooley_wallace_corrzip_rhcla2_abc_g_aig,ex261|signed_multiplier_baugh_wooley_final_merge|baugh_wooley_wallace_corrzip_rhcla2|shared_signed_partial_products_with_alternate_prefix/correction_carry_merge_roots|abc_g_aig|signed_low5_high5_multiply|full_product_word,not_run,student/work/ex204_ex299_frontend_continuation_20260614_1216/integer-extra-r2/ex261/aigs/ex261_smul_baugh_wooley_wallace_corrzip_rhcla2_abc_g_aig.aig,student/frontend_campaigns/campaigns/ex204_ex299_frontend_continuation_20260614_1216/agent_shards/integer-extra-r2/simulation_results.csv,official evaluate.py used for final validation,,,,,
integer-extra-r2,integer,ex261,ex261_smul_baugh_wooley_wallace_corrzip_rhcla2_synth_preset_d18,ex261|signed_multiplier_baugh_wooley_final_merge|baugh_wooley_wallace_corrzip_rhcla2|shared_signed_partial_products_with_alternate_prefix/correction_carry_merge_roots|synth_preset_d18|signed_low5_high5_multiply|full_product_word,not_run,student/work/ex204_ex299_frontend_continuation_20260614_1216/integer-extra-r2/ex261/aigs/ex261_smul_baugh_wooley_wallace_corrzip_rhcla2_synth_preset_d18.aig,student/frontend_campaigns/campaigns/ex204_ex299_frontend_continuation_20260614_1216/agent_shards/integer-extra-r2/simulation_results.csv,official evaluate.py used for final validation,,,,,
integer-extra-r2,integer,ex267,ex267_udiv_cof_bhi3_ahi1_bitbdd_wordmux_abc_g_aig,ex267|divider_magnitude_cofactor_classifier|cof_bhi3_ahi1_bitbdd_wordmux|shared_quotient_word_mux_or_shared_multi-terminal_decision_graph_roots|abc_g_aig|unsigned_low6_high6_div_dbz_sat|full_quotient_word,not_run,student/work/ex204_ex299_frontend_continuation_20260614_1216/integer-extra-r2/ex267/aigs/ex267_udiv_cof_bhi3_ahi1_bitbdd_wordmux_abc_g_aig.aig,student/frontend_campaigns/campaigns/ex204_ex299_frontend_continuation_20260614_1216/agent_shards/integer-extra-r2/simulation_results.csv,official evaluate.py used for final validation,,,,,
integer-extra-r2,integer,ex267,ex267_udiv_cof_bhi3_ahi1_bitbdd_wordmux_synth_preset_d12,ex267|divider_magnitude_cofactor_classifier|cof_bhi3_ahi1_bitbdd_wordmux|shared_quotient_word_mux_or_shared_multi-terminal_decision_graph_roots|synth_preset_d12|unsigned_low6_high6_div_dbz_sat|full_quotient_word,not_run,student/work/ex204_ex299_frontend_continuation_20260614_1216/integer-extra-r2/ex267/aigs/ex267_udiv_cof_bhi3_ahi1_bitbdd_wordmux_synth_preset_d12.aig,student/frontend_campaigns/campaigns/ex204_ex299_frontend_continuation_20260614_1216/agent_shards/integer-extra-r2/simulation_results.csv,official evaluate.py used for final validation,,,,,
integer-extra-r2,integer,ex267,ex267_udiv_mtbdd_b_msb_abc_g_aig,ex267|divider_magnitude_cofactor_classifier|mtbdd_b_msb|shared_quotient_word_mux_or_shared_multi-terminal_decision_graph_roots|abc_g_aig|unsigned_low6_high6_div_dbz_sat|full_quotient_word,not_run,student/work/ex204_ex299_frontend_continuation_20260614_1216/integer-extra-r2/ex267/aigs/ex267_udiv_mtbdd_b_msb_abc_g_aig.aig,student/frontend_campaigns/campaigns/ex204_ex299_frontend_continuation_20260614_1216/agent_shards/integer-extra-r2/simulation_results.csv,official evaluate.py used for final validation,,,,,
integer-extra-r2,integer,ex267,ex267_udiv_mtbdd_b_msb_synth_preset_d12,ex267|divider_magnitude_cofactor_classifier|mtbdd_b_msb|shared_quotient_word_mux_or_shared_multi-terminal_decision_graph_roots|synth_preset_d12|unsigned_low6_high6_div_dbz_sat|full_quotient_word,not_run,student/work/ex204_ex299_frontend_continuation_20260614_1216/integer-extra-r2/ex267/aigs/ex267_udiv_mtbdd_b_msb_synth_preset_d12.aig,student/frontend_campaigns/campaigns/ex204_ex299_frontend_continuation_20260614_1216/agent_shards/integer-extra-r2/simulation_results.csv,official evaluate.py used for final validation,,,,,
integer-extra-r2,integer,ex267,ex267_udiv_mtbdd_interleave_msb_abc_g_aig,ex267|divider_magnitude_cofactor_classifier|mtbdd_interleave_msb|shared_quotient_word_mux_or_shared_multi-terminal_decision_graph_roots|abc_g_aig|unsigned_low6_high6_div_dbz_sat|full_quotient_word,not_run,student/work/ex204_ex299_frontend_continuation_20260614_1216/integer-extra-r2/ex267/aigs/ex267_udiv_mtbdd_interleave_msb_abc_g_aig.aig,student/frontend_campaigns/campaigns/ex204_ex299_frontend_continuation_20260614_1216/agent_shards/integer-extra-r2/simulation_results.csv,official evaluate.py used for final validation,,,,,
integer-extra-r2,integer,ex267,ex267_udiv_mtbdd_interleave_msb_synth_preset_d12,ex267|divider_magnitude_cofactor_classifier|mtbdd_interleave_msb|shared_quotient_word_mux_or_shared_multi-terminal_decision_graph_roots|synth_preset_d12|unsigned_low6_high6_div_dbz_sat|full_quotient_word,not_run,student/work/ex204_ex299_frontend_continuation_20260614_1216/integer-extra-r2/ex267/aigs/ex267_udiv_mtbdd_interleave_msb_synth_preset_d12.aig,student/frontend_campaigns/campaigns/ex204_ex299_frontend_continuation_20260614_1216/agent_shards/integer-extra-r2/simulation_results.csv,official evaluate.py used for final validation,,,,,
integer-extra-r2,integer,ex267,ex267_udiv_mtbdd_b_lsb_a_msb_abc_g_aig,ex267|divider_magnitude_cofactor_classifier|mtbdd_b_lsb_a_msb|shared_quotient_word_mux_or_shared_multi-terminal_decision_graph_roots|abc_g_aig|unsigned_low6_high6_div_dbz_sat|full_quotient_word,not_run,student/work/ex204_ex299_frontend_continuation_20260614_1216/integer-extra-r2/ex267/aigs/ex267_udiv_mtbdd_b_lsb_a_msb_abc_g_aig.aig,student/frontend_campaigns/campaigns/ex204_ex299_frontend_continuation_20260614_1216/agent_shards/integer-extra-r2/simulation_results.csv,official evaluate.py used for final validation,,,,,
integer-extra-r2,integer,ex267,ex267_udiv_mtbdd_b_lsb_a_msb_synth_preset_d12,ex267|divider_magnitude_cofactor_classifier|mtbdd_b_lsb_a_msb|shared_quotient_word_mux_or_shared_multi-terminal_decision_graph_roots|synth_preset_d12|unsigned_low6_high6_div_dbz_sat|full_quotient_word,not_run,student/work/ex204_ex299_frontend_continuation_20260614_1216/integer-extra-r2/ex267/aigs/ex267_udiv_mtbdd_b_lsb_a_msb_synth_preset_d12.aig,student/frontend_campaigns/campaigns/ex204_ex299_frontend_continuation_20260614_1216/agent_shards/integer-extra-r2/simulation_results.csv,official evaluate.py used for final validation,,,,,
integer-extra-r2,integer,ex270,ex270_square_wallace_square_outside_csel10_abc_g_aig,ex270|square_final_carry_variants|wallace_square_outside_csel10|triangular_square_partial_products_with_alternative_final_carry_block_sharing|abc_g_aig|unsigned_8_square|full_square_word,not_run,student/work/ex204_ex299_frontend_continuation_20260614_1216/integer-extra-r2/ex270/aigs/ex270_square_wallace_square_outside_csel10_abc_g_aig.aig,student/frontend_campaigns/campaigns/ex204_ex299_frontend_continuation_20260614_1216/agent_shards/integer-extra-r2/simulation_results.csv,official evaluate.py used for final validation,,,,,
integer-extra-r2,integer,ex270,ex270_square_wallace_square_outside_csel10_synth_preset_d12,ex270|square_final_carry_variants|wallace_square_outside_csel10|triangular_square_partial_products_with_alternative_final_carry_block_sharing|synth_preset_d12|unsigned_8_square|full_square_word,not_run,student/work/ex204_ex299_frontend_continuation_20260614_1216/integer-extra-r2/ex270/aigs/ex270_square_wallace_square_outside_csel10_synth_preset_d12.aig,student/frontend_campaigns/campaigns/ex204_ex299_frontend_continuation_20260614_1216/agent_shards/integer-extra-r2/simulation_results.csv,official evaluate.py used for final validation,,,,,
integer-extra-r2,integer,ex270,ex270_square_wallace_square_outside_csel12_abc_g_aig,ex270|square_final_carry_variants|wallace_square_outside_csel12|triangular_square_partial_products_with_alternative_final_carry_block_sharing|abc_g_aig|unsigned_8_square|full_square_word,not_run,student/work/ex204_ex299_frontend_continuation_20260614_1216/integer-extra-r2/ex270/aigs/ex270_square_wallace_square_outside_csel12_abc_g_aig.aig,student/frontend_campaigns/campaigns/ex204_ex299_frontend_continuation_20260614_1216/agent_shards/integer-extra-r2/simulation_results.csv,official evaluate.py used for final validation,,,,,
integer-extra-r2,integer,ex270,ex270_square_wallace_square_outside_csel12_synth_preset_d12,ex270|square_final_carry_variants|wallace_square_outside_csel12|triangular_square_partial_products_with_alternative_final_carry_block_sharing|synth_preset_d12|unsigned_8_square|full_square_word,not_run,student/work/ex204_ex299_frontend_continuation_20260614_1216/integer-extra-r2/ex270/aigs/ex270_square_wallace_square_outside_csel12_synth_preset_d12.aig,student/frontend_campaigns/campaigns/ex204_ex299_frontend_continuation_20260614_1216/agent_shards/integer-extra-r2/simulation_results.csv,official evaluate.py used for final validation,,,,,
integer-extra-r2,integer,ex270,ex270_square_wallace_square_outside_csel14_abc_g_aig,ex270|square_final_carry_variants|wallace_square_outside_csel14|triangular_square_partial_products_with_alternative_final_carry_block_sharing|abc_g_aig|unsigned_8_square|full_square_word,not_run,student/work/ex204_ex299_frontend_continuation_20260614_1216/integer-extra-r2/ex270/aigs/ex270_square_wallace_square_outside_csel14_abc_g_aig.aig,student/frontend_campaigns/campaigns/ex204_ex299_frontend_continuation_20260614_1216/agent_shards/integer-extra-r2/simulation_results.csv,official evaluate.py used for final validation,,,,,
integer-extra-r2,integer,ex270,ex270_square_wallace_square_outside_csel14_synth_preset_d12,ex270|square_final_carry_variants|wallace_square_outside_csel14|triangular_square_partial_products_with_alternative_final_carry_block_sharing|synth_preset_d12|unsigned_8_square|full_square_word,not_run,student/work/ex204_ex299_frontend_continuation_20260614_1216/integer-extra-r2/ex270/aigs/ex270_square_wallace_square_outside_csel14_synth_preset_d12.aig,student/frontend_campaigns/campaigns/ex204_ex299_frontend_continuation_20260614_1216/agent_shards/integer-extra-r2/simulation_results.csv,official evaluate.py used for final validation,,,,,
integer-extra-r2,integer,ex270,ex270_square_hybrid_bddtop2_trunc_csel4_abc_g_aig,ex270|square_final_carry_variants|hybrid_bddtop2_trunc_csel4|triangular_square_partial_products_with_alternative_final_carry_block_sharing|abc_g_aig|unsigned_8_square|full_square_word,not_run,student/work/ex204_ex299_frontend_continuation_20260614_1216/integer-extra-r2/ex270/aigs/ex270_square_hybrid_bddtop2_trunc_csel4_abc_g_aig.aig,student/frontend_campaigns/campaigns/ex204_ex299_frontend_continuation_20260614_1216/agent_shards/integer-extra-r2/simulation_results.csv,official evaluate.py used for final validation,,,,,
integer-extra-r2,integer,ex270,ex270_square_hybrid_bddtop2_trunc_csel4_synth_preset_d12,ex270|square_final_carry_variants|hybrid_bddtop2_trunc_csel4|triangular_square_partial_products_with_alternative_final_carry_block_sharing|synth_preset_d12|unsigned_8_square|full_square_word,not_run,student/work/ex204_ex299_frontend_continuation_20260614_1216/integer-extra-r2/ex270/aigs/ex270_square_hybrid_bddtop2_trunc_csel4_synth_preset_d12.aig,student/frontend_campaigns/campaigns/ex204_ex299_frontend_continuation_20260614_1216/agent_shards/integer-extra-r2/simulation_results.csv,official evaluate.py used for final validation,,,,,
integer-extra-r2,integer,ex270,ex270_square_hybrid_bddtop2_trunc_csel7_abc_g_aig,ex270|square_final_carry_variants|hybrid_bddtop2_trunc_csel7|triangular_square_partial_products_with_alternative_final_carry_block_sharing|abc_g_aig|unsigned_8_square|full_square_word,not_run,student/work/ex204_ex299_frontend_continuation_20260614_1216/integer-extra-r2/ex270/aigs/ex270_square_hybrid_bddtop2_trunc_csel7_abc_g_aig.aig,student/frontend_campaigns/campaigns/ex204_ex299_frontend_continuation_20260614_1216/agent_shards/integer-extra-r2/simulation_results.csv,official evaluate.py used for final validation,,,,,
integer-extra-r2,integer,ex270,ex270_square_hybrid_bddtop2_trunc_csel7_synth_preset_d12,ex270|square_final_carry_variants|hybrid_bddtop2_trunc_csel7|triangular_square_partial_products_with_alternative_final_carry_block_sharing|synth_preset_d12|unsigned_8_square|full_square_word,not_run,student/work/ex204_ex299_frontend_continuation_20260614_1216/integer-extra-r2/ex270/aigs/ex270_square_hybrid_bddtop2_trunc_csel7_synth_preset_d12.aig,student/frontend_campaigns/campaigns/ex204_ex299_frontend_continuation_20260614_1216/agent_shards/integer-extra-r2/simulation_results.csv,official evaluate.py used for final validation,,,,,
integer-extra-r2,integer,ex270,ex270_square_hybrid_bddtop3_trunc_csel4_abc_g_aig,ex270|square_final_carry_variants|hybrid_bddtop3_trunc_csel4|triangular_square_partial_products_with_alternative_final_carry_block_sharing|abc_g_aig|unsigned_8_square|full_square_word,not_run,student/work/ex204_ex299_frontend_continuation_20260614_1216/integer-extra-r2/ex270/aigs/ex270_square_hybrid_bddtop3_trunc_csel4_abc_g_aig.aig,student/frontend_campaigns/campaigns/ex204_ex299_frontend_continuation_20260614_1216/agent_shards/integer-extra-r2/simulation_results.csv,official evaluate.py used for final validation,,,,,
integer-extra-r2,integer,ex270,ex270_square_hybrid_bddtop3_trunc_csel4_synth_preset_d12,ex270|square_final_carry_variants|hybrid_bddtop3_trunc_csel4|triangular_square_partial_products_with_alternative_final_carry_block_sharing|synth_preset_d12|unsigned_8_square|full_square_word,not_run,student/work/ex204_ex299_frontend_continuation_20260614_1216/integer-extra-r2/ex270/aigs/ex270_square_hybrid_bddtop3_trunc_csel4_synth_preset_d12.aig,student/frontend_campaigns/campaigns/ex204_ex299_frontend_continuation_20260614_1216/agent_shards/integer-extra-r2/simulation_results.csv,official evaluate.py used for final validation,,,,,
integer-extra-r2,integer,ex271,ex271_square_wallace_square_outside_csel8_abc_g_aig,ex271|square_final_carry_variants|wallace_square_outside_csel8|triangular_square_partial_products_with_wider_carry-select_or_counter_sharing|abc_g_aig|unsigned_10_square|full_square_word,not_run,student/work/ex204_ex299_frontend_continuation_20260614_1216/integer-extra-r2/ex271/aigs/ex271_square_wallace_square_outside_csel8_abc_g_aig.aig,student/frontend_campaigns/campaigns/ex204_ex299_frontend_continuation_20260614_1216/agent_shards/integer-extra-r2/simulation_results.csv,official evaluate.py used for final validation,,,,,
integer-extra-r2,integer,ex271,ex271_square_wallace_square_outside_csel8_synth_preset_d16,ex271|square_final_carry_variants|wallace_square_outside_csel8|triangular_square_partial_products_with_wider_carry-select_or_counter_sharing|synth_preset_d16|unsigned_10_square|full_square_word,not_run,student/work/ex204_ex299_frontend_continuation_20260614_1216/integer-extra-r2/ex271/aigs/ex271_square_wallace_square_outside_csel8_synth_preset_d16.aig,student/frontend_campaigns/campaigns/ex204_ex299_frontend_continuation_20260614_1216/agent_shards/integer-extra-r2/simulation_results.csv,official evaluate.py used for final validation,,,,,
integer-extra-r2,integer,ex271,ex271_square_wallace_square_outside_csel10_abc_g_aig,ex271|square_final_carry_variants|wallace_square_outside_csel10|triangular_square_partial_products_with_wider_carry-select_or_counter_sharing|abc_g_aig|unsigned_10_square|full_square_word,not_run,student/work/ex204_ex299_frontend_continuation_20260614_1216/integer-extra-r2/ex271/aigs/ex271_square_wallace_square_outside_csel10_abc_g_aig.aig,student/frontend_campaigns/campaigns/ex204_ex299_frontend_continuation_20260614_1216/agent_shards/integer-extra-r2/simulation_results.csv,official evaluate.py used for final validation,,,,,
integer-extra-r2,integer,ex271,ex271_square_wallace_square_outside_csel10_synth_preset_d16,ex271|square_final_carry_variants|wallace_square_outside_csel10|triangular_square_partial_products_with_wider_carry-select_or_counter_sharing|synth_preset_d16|unsigned_10_square|full_square_word,not_run,student/work/ex204_ex299_frontend_continuation_20260614_1216/integer-extra-r2/ex271/aigs/ex271_square_wallace_square_outside_csel10_synth_preset_d16.aig,student/frontend_campaigns/campaigns/ex204_ex299_frontend_continuation_20260614_1216/agent_shards/integer-extra-r2/simulation_results.csv,official evaluate.py used for final validation,,,,,
integer-extra-r2,integer,ex271,ex271_square_wallace_square_outside_csel12_abc_g_aig,ex271|square_final_carry_variants|wallace_square_outside_csel12|triangular_square_partial_products_with_wider_carry-select_or_counter_sharing|abc_g_aig|unsigned_10_square|full_square_word,not_run,student/work/ex204_ex299_frontend_continuation_20260614_1216/integer-extra-r2/ex271/aigs/ex271_square_wallace_square_outside_csel12_abc_g_aig.aig,student/frontend_campaigns/campaigns/ex204_ex299_frontend_continuation_20260614_1216/agent_shards/integer-extra-r2/simulation_results.csv,official evaluate.py used for final validation,,,,,
integer-extra-r2,integer,ex271,ex271_square_wallace_square_outside_csel12_synth_preset_d16,ex271|square_final_carry_variants|wallace_square_outside_csel12|triangular_square_partial_products_with_wider_carry-select_or_counter_sharing|synth_preset_d16|unsigned_10_square|full_square_word,not_run,student/work/ex204_ex299_frontend_continuation_20260614_1216/integer-extra-r2/ex271/aigs/ex271_square_wallace_square_outside_csel12_synth_preset_d16.aig,student/frontend_campaigns/campaigns/ex204_ex299_frontend_continuation_20260614_1216/agent_shards/integer-extra-r2/simulation_results.csv,official evaluate.py used for final validation,,,,,
integer-extra-r2,integer,ex271,ex271_square_wallace_square_factored_csel8_abc_g_aig,ex271|square_final_carry_variants|wallace_square_factored_csel8|triangular_square_partial_products_with_wider_carry-select_or_counter_sharing|abc_g_aig|unsigned_10_square|full_square_word,not_run,student/work/ex204_ex299_frontend_continuation_20260614_1216/integer-extra-r2/ex271/aigs/ex271_square_wallace_square_factored_csel8_abc_g_aig.aig,student/frontend_campaigns/campaigns/ex204_ex299_frontend_continuation_20260614_1216/agent_shards/integer-extra-r2/simulation_results.csv,official evaluate.py used for final validation,,,,,
integer-extra-r2,integer,ex271,ex271_square_wallace_square_factored_csel8_synth_preset_d16,ex271|square_final_carry_variants|wallace_square_factored_csel8|triangular_square_partial_products_with_wider_carry-select_or_counter_sharing|synth_preset_d16|unsigned_10_square|full_square_word,not_run,student/work/ex204_ex299_frontend_continuation_20260614_1216/integer-extra-r2/ex271/aigs/ex271_square_wallace_square_factored_csel8_synth_preset_d16.aig,student/frontend_campaigns/campaigns/ex204_ex299_frontend_continuation_20260614_1216/agent_shards/integer-extra-r2/simulation_results.csv,official evaluate.py used for final validation,,,,,
integer-extra-r2,integer,ex271,ex271_square_wallace_square_counter4x_csel8_abc_g_aig,ex271|square_final_carry_variants|wallace_square_counter4x_csel8|triangular_square_partial_products_with_wider_carry-select_or_counter_sharing|abc_g_aig|unsigned_10_square|full_square_word,not_run,student/work/ex204_ex299_frontend_continuation_20260614_1216/integer-extra-r2/ex271/aigs/ex271_square_wallace_square_counter4x_csel8_abc_g_aig.aig,student/frontend_campaigns/campaigns/ex204_ex299_frontend_continuation_20260614_1216/agent_shards/integer-extra-r2/simulation_results.csv,official evaluate.py used for final validation,,,,,
integer-extra-r2,integer,ex271,ex271_square_wallace_square_counter4x_csel8_synth_preset_d16,ex271|square_final_carry_variants|wallace_square_counter4x_csel8|triangular_square_partial_products_with_wider_carry-select_or_counter_sharing|synth_preset_d16|unsigned_10_square|full_square_word,not_run,student/work/ex204_ex299_frontend_continuation_20260614_1216/integer-extra-r2/ex271/aigs/ex271_square_wallace_square_counter4x_csel8_synth_preset_d16.aig,student/frontend_campaigns/campaigns/ex204_ex299_frontend_continuation_20260614_1216/agent_shards/integer-extra-r2/simulation_results.csv,official evaluate.py used for final validation,,,,,
integer-extra-r2,integer,ex271,ex271_square_hybrid_bddtop2_trunc_csel7_abc_g_aig,ex271|square_final_carry_variants|hybrid_bddtop2_trunc_csel7|triangular_square_partial_products_with_wider_carry-select_or_counter_sharing|abc_g_aig|unsigned_10_square|full_square_word,not_run,student/work/ex204_ex299_frontend_continuation_20260614_1216/integer-extra-r2/ex271/aigs/ex271_square_hybrid_bddtop2_trunc_csel7_abc_g_aig.aig,student/frontend_campaigns/campaigns/ex204_ex299_frontend_continuation_20260614_1216/agent_shards/integer-extra-r2/simulation_results.csv,official evaluate.py used for final validation,,,,,
integer-extra-r2,integer,ex271,ex271_square_hybrid_bddtop2_trunc_csel7_synth_preset_d16,ex271|square_final_carry_variants|hybrid_bddtop2_trunc_csel7|triangular_square_partial_products_with_wider_carry-select_or_counter_sharing|synth_preset_d16|unsigned_10_square|full_square_word,not_run,student/work/ex204_ex299_frontend_continuation_20260614_1216/integer-extra-r2/ex271/aigs/ex271_square_hybrid_bddtop2_trunc_csel7_synth_preset_d16.aig,student/frontend_campaigns/campaigns/ex204_ex299_frontend_continuation_20260614_1216/agent_shards/integer-extra-r2/simulation_results.csv,official evaluate.py used for final validation,,,,,
integer-extra-r2,integer,ex272,ex272_square_wallace_square_outside_csel10_abc_g_aig,ex272|square_final_carry_variants|wallace_square_outside_csel10|triangular_square_partial_products_with_wider_final_carry_and_high-output_sharing|abc_g_aig|unsigned_12_square|full_square_word,not_run,student/work/ex204_ex299_frontend_continuation_20260614_1216/integer-extra-r2/ex272/aigs/ex272_square_wallace_square_outside_csel10_abc_g_aig.aig,student/frontend_campaigns/campaigns/ex204_ex299_frontend_continuation_20260614_1216/agent_shards/integer-extra-r2/simulation_results.csv,official evaluate.py used for final validation,,,,,
integer-extra-r2,integer,ex272,ex272_square_wallace_square_outside_csel10_synth_preset_d20,ex272|square_final_carry_variants|wallace_square_outside_csel10|triangular_square_partial_products_with_wider_final_carry_and_high-output_sharing|synth_preset_d20|unsigned_12_square|full_square_word,not_run,student/work/ex204_ex299_frontend_continuation_20260614_1216/integer-extra-r2/ex272/aigs/ex272_square_wallace_square_outside_csel10_synth_preset_d20.aig,student/frontend_campaigns/campaigns/ex204_ex299_frontend_continuation_20260614_1216/agent_shards/integer-extra-r2/simulation_results.csv,official evaluate.py used for final validation,,,,,
integer-extra-r2,integer,ex272,ex272_square_wallace_square_outside_csel12_abc_g_aig,ex272|square_final_carry_variants|wallace_square_outside_csel12|triangular_square_partial_products_with_wider_final_carry_and_high-output_sharing|abc_g_aig|unsigned_12_square|full_square_word,not_run,student/work/ex204_ex299_frontend_continuation_20260614_1216/integer-extra-r2/ex272/aigs/ex272_square_wallace_square_outside_csel12_abc_g_aig.aig,student/frontend_campaigns/campaigns/ex204_ex299_frontend_continuation_20260614_1216/agent_shards/integer-extra-r2/simulation_results.csv,official evaluate.py used for final validation,,,,,
integer-extra-r2,integer,ex272,ex272_square_wallace_square_outside_csel12_synth_preset_d20,ex272|square_final_carry_variants|wallace_square_outside_csel12|triangular_square_partial_products_with_wider_final_carry_and_high-output_sharing|synth_preset_d20|unsigned_12_square|full_square_word,not_run,student/work/ex204_ex299_frontend_continuation_20260614_1216/integer-extra-r2/ex272/aigs/ex272_square_wallace_square_outside_csel12_synth_preset_d20.aig,student/frontend_campaigns/campaigns/ex204_ex299_frontend_continuation_20260614_1216/agent_shards/integer-extra-r2/simulation_results.csv,official evaluate.py used for final validation,,,,,
integer-extra-r2,integer,ex272,ex272_square_wallace_square_outside_csel14_abc_g_aig,ex272|square_final_carry_variants|wallace_square_outside_csel14|triangular_square_partial_products_with_wider_final_carry_and_high-output_sharing|abc_g_aig|unsigned_12_square|full_square_word,not_run,student/work/ex204_ex299_frontend_continuation_20260614_1216/integer-extra-r2/ex272/aigs/ex272_square_wallace_square_outside_csel14_abc_g_aig.aig,student/frontend_campaigns/campaigns/ex204_ex299_frontend_continuation_20260614_1216/agent_shards/integer-extra-r2/simulation_results.csv,official evaluate.py used for final validation,,,,,
integer-extra-r2,integer,ex272,ex272_square_wallace_square_outside_csel14_synth_preset_d20,ex272|square_final_carry_variants|wallace_square_outside_csel14|triangular_square_partial_products_with_wider_final_carry_and_high-output_sharing|synth_preset_d20|unsigned_12_square|full_square_word,not_run,student/work/ex204_ex299_frontend_continuation_20260614_1216/integer-extra-r2/ex272/aigs/ex272_square_wallace_square_outside_csel14_synth_preset_d20.aig,student/frontend_campaigns/campaigns/ex204_ex299_frontend_continuation_20260614_1216/agent_shards/integer-extra-r2/simulation_results.csv,official evaluate.py used for final validation,,,,,
integer-extra-r2,integer,ex272,ex272_square_wallace_square_outside_csel16_abc_g_aig,ex272|square_final_carry_variants|wallace_square_outside_csel16|triangular_square_partial_products_with_wider_final_carry_and_high-output_sharing|abc_g_aig|unsigned_12_square|full_square_word,not_run,student/work/ex204_ex299_frontend_continuation_20260614_1216/integer-extra-r2/ex272/aigs/ex272_square_wallace_square_outside_csel16_abc_g_aig.aig,student/frontend_campaigns/campaigns/ex204_ex299_frontend_continuation_20260614_1216/agent_shards/integer-extra-r2/simulation_results.csv,official evaluate.py used for final validation,,,,,
integer-extra-r2,integer,ex272,ex272_square_wallace_square_outside_csel16_synth_preset_d20,ex272|square_final_carry_variants|wallace_square_outside_csel16|triangular_square_partial_products_with_wider_final_carry_and_high-output_sharing|synth_preset_d20|unsigned_12_square|full_square_word,not_run,student/work/ex204_ex299_frontend_continuation_20260614_1216/integer-extra-r2/ex272/aigs/ex272_square_wallace_square_outside_csel16_synth_preset_d20.aig,student/frontend_campaigns/campaigns/ex204_ex299_frontend_continuation_20260614_1216/agent_shards/integer-extra-r2/simulation_results.csv,official evaluate.py used for final validation,,,,,
integer-extra-r2,integer,ex272,ex272_square_hybrid_bddtop2_trunc_csel10_abc_g_aig,ex272|square_final_carry_variants|hybrid_bddtop2_trunc_csel10|triangular_square_partial_products_with_wider_final_carry_and_high-output_sharing|abc_g_aig|unsigned_12_square|full_square_word,not_run,student/work/ex204_ex299_frontend_continuation_20260614_1216/integer-extra-r2/ex272/aigs/ex272_square_hybrid_bddtop2_trunc_csel10_abc_g_aig.aig,student/frontend_campaigns/campaigns/ex204_ex299_frontend_continuation_20260614_1216/agent_shards/integer-extra-r2/simulation_results.csv,official evaluate.py used for final validation,,,,,
integer-extra-r2,integer,ex272,ex272_square_hybrid_bddtop2_trunc_csel10_synth_preset_d20,ex272|square_final_carry_variants|hybrid_bddtop2_trunc_csel10|triangular_square_partial_products_with_wider_final_carry_and_high-output_sharing|synth_preset_d20|unsigned_12_square|full_square_word,not_run,student/work/ex204_ex299_frontend_continuation_20260614_1216/integer-extra-r2/ex272/aigs/ex272_square_hybrid_bddtop2_trunc_csel10_synth_preset_d20.aig,student/frontend_campaigns/campaigns/ex204_ex299_frontend_continuation_20260614_1216/agent_shards/integer-extra-r2/simulation_results.csv,official evaluate.py used for final validation,,,,,
integer-extra-r2,integer,ex272,ex272_square_hybrid_bddtop3_trunc_csel10_abc_g_aig,ex272|square_final_carry_variants|hybrid_bddtop3_trunc_csel10|triangular_square_partial_products_with_wider_final_carry_and_high-output_sharing|abc_g_aig|unsigned_12_square|full_square_word,not_run,student/work/ex204_ex299_frontend_continuation_20260614_1216/integer-extra-r2/ex272/aigs/ex272_square_hybrid_bddtop3_trunc_csel10_abc_g_aig.aig,student/frontend_campaigns/campaigns/ex204_ex299_frontend_continuation_20260614_1216/agent_shards/integer-extra-r2/simulation_results.csv,official evaluate.py used for final validation,,,,,
integer-extra-r2,integer,ex272,ex272_square_hybrid_bddtop3_trunc_csel10_synth_preset_d20,ex272|square_final_carry_variants|hybrid_bddtop3_trunc_csel10|triangular_square_partial_products_with_wider_final_carry_and_high-output_sharing|synth_preset_d20|unsigned_12_square|full_square_word,not_run,student/work/ex204_ex299_frontend_continuation_20260614_1216/integer-extra-r2/ex272/aigs/ex272_square_hybrid_bddtop3_trunc_csel10_synth_preset_d20.aig,student/frontend_campaigns/campaigns/ex204_ex299_frontend_continuation_20260614_1216/agent_shards/integer-extra-r2/simulation_results.csv,official evaluate.py used for final validation,,,,,
integer-extra-r2,integer,ex277,ex277_isqrt_prefix4_ge_tree_lsb_abc_g_aig,ex277|isqrt_shared_trial_classifier|prefix4_ge_tree_lsb|shared_trial_ge_predicates_with_high-output_support/ANF_and_restricted_lowmix_roots|abc_g_aig|unsigned_floor_isqrt_12_to_6|full_sqrt_word,not_run,student/work/ex204_ex299_frontend_continuation_20260614_1216/integer-extra-r2/ex277/aigs/ex277_isqrt_prefix4_ge_tree_lsb_abc_g_aig.aig,student/frontend_campaigns/campaigns/ex204_ex299_frontend_continuation_20260614_1216/agent_shards/integer-extra-r2/simulation_results.csv,official evaluate.py used for final validation,,,,,
integer-extra-r2,integer,ex277,ex277_isqrt_prefix4_ge_tree_lsb_synth_preset_d10,ex277|isqrt_shared_trial_classifier|prefix4_ge_tree_lsb|shared_trial_ge_predicates_with_high-output_support/ANF_and_restricted_lowmix_roots|synth_preset_d10|unsigned_floor_isqrt_12_to_6|full_sqrt_word,not_run,student/work/ex204_ex299_frontend_continuation_20260614_1216/integer-extra-r2/ex277/aigs/ex277_isqrt_prefix4_ge_tree_lsb_synth_preset_d10.aig,student/frontend_campaigns/campaigns/ex204_ex299_frontend_continuation_20260614_1216/agent_shards/integer-extra-r2/simulation_results.csv,official evaluate.py used for final validation,,,,,
integer-extra-r2,integer,ex277,ex277_isqrt_supporthi2_p4ge_abc_g_aig,ex277|isqrt_shared_trial_classifier|supporthi2_p4ge|shared_trial_ge_predicates_with_high-output_support/ANF_and_restricted_lowmix_roots|abc_g_aig|unsigned_floor_isqrt_12_to_6|full_sqrt_word,not_run,student/work/ex204_ex299_frontend_continuation_20260614_1216/integer-extra-r2/ex277/aigs/ex277_isqrt_supporthi2_p4ge_abc_g_aig.aig,student/frontend_campaigns/campaigns/ex204_ex299_frontend_continuation_20260614_1216/agent_shards/integer-extra-r2/simulation_results.csv,official evaluate.py used for final validation,,,,,
integer-extra-r2,integer,ex277,ex277_isqrt_supporthi2_p4ge_synth_preset_d10,ex277|isqrt_shared_trial_classifier|supporthi2_p4ge|shared_trial_ge_predicates_with_high-output_support/ANF_and_restricted_lowmix_roots|synth_preset_d10|unsigned_floor_isqrt_12_to_6|full_sqrt_word,not_run,student/work/ex204_ex299_frontend_continuation_20260614_1216/integer-extra-r2/ex277/aigs/ex277_isqrt_supporthi2_p4ge_synth_preset_d10.aig,student/frontend_campaigns/campaigns/ex204_ex299_frontend_continuation_20260614_1216/agent_shards/integer-extra-r2/simulation_results.csv,official evaluate.py used for final validation,,,,,
integer-extra-r2,integer,ex277,ex277_isqrt_supporthi3_p4ge_abc_g_aig,ex277|isqrt_shared_trial_classifier|supporthi3_p4ge|shared_trial_ge_predicates_with_high-output_support/ANF_and_restricted_lowmix_roots|abc_g_aig|unsigned_floor_isqrt_12_to_6|full_sqrt_word,not_run,student/work/ex204_ex299_frontend_continuation_20260614_1216/integer-extra-r2/ex277/aigs/ex277_isqrt_supporthi3_p4ge_abc_g_aig.aig,student/frontend_campaigns/campaigns/ex204_ex299_frontend_continuation_20260614_1216/agent_shards/integer-extra-r2/simulation_results.csv,official evaluate.py used for final validation,,,,,
integer-extra-r2,integer,ex277,ex277_isqrt_supporthi3_p4ge_synth_preset_d10,ex277|isqrt_shared_trial_classifier|supporthi3_p4ge|shared_trial_ge_predicates_with_high-output_support/ANF_and_restricted_lowmix_roots|synth_preset_d10|unsigned_floor_isqrt_12_to_6|full_sqrt_word,not_run,student/work/ex204_ex299_frontend_continuation_20260614_1216/integer-extra-r2/ex277/aigs/ex277_isqrt_supporthi3_p4ge_synth_preset_d10.aig,student/frontend_campaigns/campaigns/ex204_ex299_frontend_continuation_20260614_1216/agent_shards/integer-extra-r2/simulation_results.csv,official evaluate.py used for final validation,,,,,
integer-extra-r2,integer,ex277,ex277_isqrt_anfhi2_p4ge_abc_g_aig,ex277|isqrt_shared_trial_classifier|anfhi2_p4ge|shared_trial_ge_predicates_with_high-output_support/ANF_and_restricted_lowmix_roots|abc_g_aig|unsigned_floor_isqrt_12_to_6|full_sqrt_word,not_run,student/work/ex204_ex299_frontend_continuation_20260614_1216/integer-extra-r2/ex277/aigs/ex277_isqrt_anfhi2_p4ge_abc_g_aig.aig,student/frontend_campaigns/campaigns/ex204_ex299_frontend_continuation_20260614_1216/agent_shards/integer-extra-r2/simulation_results.csv,official evaluate.py used for final validation,,,,,
integer-extra-r2,integer,ex277,ex277_isqrt_anfhi2_p4ge_synth_preset_d10,ex277|isqrt_shared_trial_classifier|anfhi2_p4ge|shared_trial_ge_predicates_with_high-output_support/ANF_and_restricted_lowmix_roots|synth_preset_d10|unsigned_floor_isqrt_12_to_6|full_sqrt_word,not_run,student/work/ex204_ex299_frontend_continuation_20260614_1216/integer-extra-r2/ex277/aigs/ex277_isqrt_anfhi2_p4ge_synth_preset_d10.aig,student/frontend_campaigns/campaigns/ex204_ex299_frontend_continuation_20260614_1216/agent_shards/integer-extra-r2/simulation_results.csv,official evaluate.py used for final validation,,,,,
integer-extra-r2,integer,ex277,ex277_isqrt_anfhi3_p4ge_abc_g_aig,ex277|isqrt_shared_trial_classifier|anfhi3_p4ge|shared_trial_ge_predicates_with_high-output_support/ANF_and_restricted_lowmix_roots|abc_g_aig|unsigned_floor_isqrt_12_to_6|full_sqrt_word,not_run,student/work/ex204_ex299_frontend_continuation_20260614_1216/integer-extra-r2/ex277/aigs/ex277_isqrt_anfhi3_p4ge_abc_g_aig.aig,student/frontend_campaigns/campaigns/ex204_ex299_frontend_continuation_20260614_1216/agent_shards/integer-extra-r2/simulation_results.csv,official evaluate.py used for final validation,,,,,
integer-extra-r2,integer,ex277,ex277_isqrt_anfhi3_p4ge_synth_preset_d10,ex277|isqrt_shared_trial_classifier|anfhi3_p4ge|shared_trial_ge_predicates_with_high-output_support/ANF_and_restricted_lowmix_roots|synth_preset_d10|unsigned_floor_isqrt_12_to_6|full_sqrt_word,not_run,student/work/ex204_ex299_frontend_continuation_20260614_1216/integer-extra-r2/ex277/aigs/ex277_isqrt_anfhi3_p4ge_synth_preset_d10.aig,student/frontend_campaigns/campaigns/ex204_ex299_frontend_continuation_20260614_1216/agent_shards/integer-extra-r2/simulation_results.csv,official evaluate.py used for final validation,,,,,
integer-extra-r2,integer,ex277,ex277_isqrt_bdd_lowmix_abc_g_aig,ex277|isqrt_shared_trial_classifier|bdd_lowmix|shared_trial_ge_predicates_with_high-output_support/ANF_and_restricted_lowmix_roots|abc_g_aig|unsigned_floor_isqrt_12_to_6|full_sqrt_word,not_run,student/work/ex204_ex299_frontend_continuation_20260614_1216/integer-extra-r2/ex277/aigs/ex277_isqrt_bdd_lowmix_abc_g_aig.aig,student/frontend_campaigns/campaigns/ex204_ex299_frontend_continuation_20260614_1216/agent_shards/integer-extra-r2/simulation_results.csv,official evaluate.py used for final validation,,,,,
integer-extra-r2,integer,ex277,ex277_isqrt_bdd_lowmix_synth_preset_d10,ex277|isqrt_shared_trial_classifier|bdd_lowmix|shared_trial_ge_predicates_with_high-output_support/ANF_and_restricted_lowmix_roots|synth_preset_d10|unsigned_floor_isqrt_12_to_6|full_sqrt_word,not_run,student/work/ex204_ex299_frontend_continuation_20260614_1216/integer-extra-r2/ex277/aigs/ex277_isqrt_bdd_lowmix_synth_preset_d10.aig,student/frontend_campaigns/campaigns/ex204_ex299_frontend_continuation_20260614_1216/agent_shards/integer-extra-r2/simulation_results.csv,official evaluate.py used for final validation,,,,,
integer-extra-r2,integer,ex277,ex277_isqrt_bdd_lowmix2_abc_g_aig,ex277|isqrt_shared_trial_classifier|bdd_lowmix2|shared_trial_ge_predicates_with_high-output_support/ANF_and_restricted_lowmix_roots|abc_g_aig|unsigned_floor_isqrt_12_to_6|full_sqrt_word,not_run,student/work/ex204_ex299_frontend_continuation_20260614_1216/integer-extra-r2/ex277/aigs/ex277_isqrt_bdd_lowmix2_abc_g_aig.aig,student/frontend_campaigns/campaigns/ex204_ex299_frontend_continuation_20260614_1216/agent_shards/integer-extra-r2/simulation_results.csv,official evaluate.py used for final validation,,,,,
integer-extra-r2,integer,ex277,ex277_isqrt_bdd_lowmix2_synth_preset_d10,ex277|isqrt_shared_trial_classifier|bdd_lowmix2|shared_trial_ge_predicates_with_high-output_support/ANF_and_restricted_lowmix_roots|synth_preset_d10|unsigned_floor_isqrt_12_to_6|full_sqrt_word,not_run,student/work/ex204_ex299_frontend_continuation_20260614_1216/integer-extra-r2/ex277/aigs/ex277_isqrt_bdd_lowmix2_synth_preset_d10.aig,student/frontend_campaigns/campaigns/ex204_ex299_frontend_continuation_20260614_1216/agent_shards/integer-extra-r2/simulation_results.csv,official evaluate.py used for final validation,,,,,
integer-extra-r2,integer,ex277,ex277_isqrt_bdd_lowmix_revtail_abc_g_aig,ex277|isqrt_shared_trial_classifier|bdd_lowmix_revtail|shared_trial_ge_predicates_with_high-output_support/ANF_and_restricted_lowmix_roots|abc_g_aig|unsigned_floor_isqrt_12_to_6|full_sqrt_word,not_run,student/work/ex204_ex299_frontend_continuation_20260614_1216/integer-extra-r2/ex277/aigs/ex277_isqrt_bdd_lowmix_revtail_abc_g_aig.aig,student/frontend_campaigns/campaigns/ex204_ex299_frontend_continuation_20260614_1216/agent_shards/integer-extra-r2/simulation_results.csv,official evaluate.py used for final validation,,,,,
integer-extra-r2,integer,ex277,ex277_isqrt_bdd_lowmix_revtail_synth_preset_d10,ex277|isqrt_shared_trial_classifier|bdd_lowmix_revtail|shared_trial_ge_predicates_with_high-output_support/ANF_and_restricted_lowmix_roots|synth_preset_d10|unsigned_floor_isqrt_12_to_6|full_sqrt_word,not_run,student/work/ex204_ex299_frontend_continuation_20260614_1216/integer-extra-r2/ex277/aigs/ex277_isqrt_bdd_lowmix_revtail_synth_preset_d10.aig,student/frontend_campaigns/campaigns/ex204_ex299_frontend_continuation_20260614_1216/agent_shards/integer-extra-r2/simulation_results.csv,official evaluate.py used for final validation,,,,,
unknown-hard-r5,unknown,ex286,ex286_r5_current_source_word_case_abc_g_aig,ex286|hamming_weight_preserving_lossy_routing_normalizer|current_best_symcof_full_word_case_mux|existing pair-canonical cofactor BDD groups selected by one word-level case mux|yosys_abc_g_aig|abc_xf_official_evaluate|full_word_case_mux,not_run,,student/frontend_campaigns/campaigns/ex204_ex299_frontend_continuation_20260614_1216/agent_shards/unknown-hard-r5/simulation_results.csv,official evaluate.py used for final equivalence; no iverilog simulation claimed,/home/b10507053/ALS_Final_Project/student/work/ex204_ex299_frontend_continuation_20260614_1216/unknown-hard-r5/ex286/aigs/ex286_r5_current_source_word_case_abc_g_aig.aig,1364,15,20460,20190
unknown-hard-r5,unknown,ex286,ex286_r5_selector_min_bits_1_3_9_pairlate_word_case_abc_g_aig,ex286|hamming_weight_preserving_lossy_routing_normalizer|selector_minimized_pairkey_class_bdd_word_case|pair-canonical key cofactors with one shared BDD node pool per selector class|yosys_abc_g_aig|abc_xf_official_evaluate|full_word_case_mux,not_run,,student/frontend_campaigns/campaigns/ex204_ex299_frontend_continuation_20260614_1216/agent_shards/unknown-hard-r5/simulation_results.csv,official evaluate.py used for final equivalence; no iverilog simulation claimed,/home/b10507053/ALS_Final_Project/student/work/ex204_ex299_frontend_continuation_20260614_1216/unknown-hard-r5/ex286/aigs/ex286_r5_selector_min_bits_1_3_9_pairlate_word_case_abc_g_aig.aig,1844,18,33192,20190
unknown-hard-r5,unknown,ex286,ex286_r5_xor_reuse_bits_1_3_9_pairlate_abc_g_aig,ex286|hamming_weight_preserving_lossy_routing_normalizer|selector_cofactor_xor_mask_source_reuse|selector classes reuse representative cofactor sources plus final word-level xor masks|yosys_abc_g_aig|abc_xf_official_evaluate|representative_full_word_case_mux,not_run,,student/frontend_campaigns/campaigns/ex204_ex299_frontend_continuation_20260614_1216/agent_shards/unknown-hard-r5/simulation_results.csv,official evaluate.py used for final equivalence; no iverilog simulation claimed,/home/b10507053/ALS_Final_Project/student/work/ex204_ex299_frontend_continuation_20260614_1216/unknown-hard-r5/ex286/aigs/ex286_r5_xor_reuse_bits_1_3_9_pairlate_abc_g_aig.aig,1844,18,33192,20190
unknown-hard-r5,unknown,ex286,ex286_r5_restricted_residual_bits_1_3_9_abc_g_aig,ex286|hamming_weight_preserving_lossy_routing_normalizer|selector_restricted_pairkey_residual_hard_bits_only|top-level selector plus residual BDDs only for nonconstant residual output bits|yosys_abc_g_aig|abc_xf_official_evaluate|key_xor_residual_case_mux,not_run,,student/frontend_campaigns/campaigns/ex204_ex299_frontend_continuation_20260614_1216/agent_shards/unknown-hard-r5/simulation_results.csv,official evaluate.py used for final equivalence; no iverilog simulation claimed,/home/b10507053/ALS_Final_Project/student/work/ex204_ex299_frontend_continuation_20260614_1216/unknown-hard-r5/ex286/aigs/ex286_r5_restricted_residual_bits_1_3_9_abc_g_aig.aig,2908,19,55252,20190
unknown-hard-r5,unknown,ex287,ex287_r5_selector_min_bits_3_5_11_outside_in_word_case_abc_g_aig,ex287|hamming_weight_preserving_lossy_routing_normalizer|selector_minimized_pairkey_class_bdd_word_case|pair-canonical key cofactors with one shared BDD node pool per selector class|yosys_abc_g_aig|abc_xf_official_evaluate|full_word_case_mux,not_run,,student/frontend_campaigns/campaigns/ex204_ex299_frontend_continuation_20260614_1216/agent_shards/unknown-hard-r5/simulation_results.csv,official evaluate.py used for final equivalence; no iverilog simulation claimed,/home/b10507053/ALS_Final_Project/student/work/ex204_ex299_frontend_continuation_20260614_1216/unknown-hard-r5/ex287/aigs/ex287_r5_selector_min_bits_3_5_11_outside_in_word_case_abc_g_aig.aig,3260,18,58680,26880
unknown-hard-r5,unknown,ex287,ex287_r5_xor_reuse_bits_3_5_11_outside_in_abc_g_aig,ex287|hamming_weight_preserving_lossy_routing_normalizer|selector_cofactor_xor_mask_source_reuse|selector classes reuse representative cofactor sources plus final word-level xor masks|yosys_abc_g_aig|abc_xf_official_evaluate|representative_full_word_case_mux,not_run,,student/frontend_campaigns/campaigns/ex204_ex299_frontend_continuation_20260614_1216/agent_shards/unknown-hard-r5/simulation_results.csv,official evaluate.py used for final equivalence; no iverilog simulation claimed,/home/b10507053/ALS_Final_Project/student/work/ex204_ex299_frontend_continuation_20260614_1216/unknown-hard-r5/ex287/aigs/ex287_r5_xor_reuse_bits_3_5_11_outside_in_abc_g_aig.aig,3260,18,58680,26880
unknown-hard-r5,unknown,ex287,ex287_r5_restricted_residual_bits_3_5_11_abc_g_aig,ex287|hamming_weight_preserving_lossy_routing_normalizer|selector_restricted_pairkey_residual_hard_bits_only|top-level selector plus residual BDDs only for nonconstant residual output bits|yosys_abc_g_aig|abc_xf_official_evaluate|key_xor_residual_case_mux,not_run,,student/frontend_campaigns/campaigns/ex204_ex299_frontend_continuation_20260614_1216/agent_shards/unknown-hard-r5/simulation_results.csv,official evaluate.py used for final equivalence; no iverilog simulation claimed,/home/b10507053/ALS_Final_Project/student/work/ex204_ex299_frontend_continuation_20260614_1216/unknown-hard-r5/ex287/aigs/ex287_r5_restricted_residual_bits_3_5_11_abc_g_aig.aig,5340,20,106800,26880
fp8-source-compress-r3,float_fp8,ex241,ex241_r3_exp_product_range_compress_default_and,ex241|E4M3FN packed multiply high byte times low byte|current nested product table compressed into exp-major product ranges|shared sign xor effective exponent sum and product range predicates|default_and|official_evaluate|full_word_range_compressed,not_run_official_evaluate_only,,student/frontend_campaigns/campaigns/ex204_ex299_frontend_continuation_20260614_1216/agent_shards/fp8-source-compress-r3/simulation_results.csv,Iverilog was optional; official evaluate.py is the acceptance check.,,,,,
fp8-source-compress-r3,float_fp8,ex241,ex241_r3_product_output_plane_bits_abc_g_aig,ex241|E4M3FN packed multiply high byte times low byte|seven output-plane product range predicates over exp_sum/product|shared sign xor effective exponent sum and product; independent magnitude bit planes|abc_g_aig|official_evaluate|output_bit_planes,not_run_official_evaluate_only,,student/frontend_campaigns/campaigns/ex204_ex299_frontend_continuation_20260614_1216/agent_shards/fp8-source-compress-r3/simulation_results.csv,Iverilog was optional; official evaluate.py is the acceptance check.,,,,,
fp8-source-compress-r3,float_fp8,ex244,ex244_r3_maxeff_subkey_delta_table_default_and,"ex244|E4M3FN packed hypot abs high low|max-eff first decision graph with residual gap/significand delta table|shared max/min decode, max_eff class, subkey residual delta|default_and|official_evaluate|maxeff_delta_residual",not_run_official_evaluate_only,,student/frontend_campaigns/campaigns/ex204_ex299_frontend_continuation_20260614_1216/agent_shards/fp8-source-compress-r3/simulation_results.csv,Iverilog was optional; official evaluate.py is the acceptance check.,,,,,
fp8-source-compress-r3,float_fp8,ex244,ex244_r3_field_compare_current_bdd_abc_g_aig,ex244|E4M3FN packed hypot abs high low|field-class max/min comparator feeding current exact delta BDD|shared exponent/significand compare plus max-eff delta BDD|abc_g_aig|official_evaluate|field_compare_bdd,not_run_official_evaluate_only,,student/frontend_campaigns/campaigns/ex204_ex299_frontend_continuation_20260614_1216/agent_shards/fp8-source-compress-r3/simulation_results.csv,Iverilog was optional; official evaluate.py is the acceptance check.,,,,,
fp8-source-compress-r3,float_fp8,ex246,ex246_r3_seed12_exp_window_compress_default_and,ex246|E5M2FN packed multiply high byte times low byte|seed12 product-class source recoded as product-major exp_sum output windows|shared sign xor exponent sum product with range-compressed magnitude windows|default_and|official_evaluate|product_exp_windows,not_run_official_evaluate_only,,student/frontend_campaigns/campaigns/ex204_ex299_frontend_continuation_20260614_1216/agent_shards/fp8-source-compress-r3/simulation_results.csv,Iverilog was optional; official evaluate.py is the acceptance check.,,,,,
fp8-source-compress-r3,float_fp8,ex246,ex246_r3_seed12_output_plane_bits_abc_g_aig,ex246|E5M2FN packed multiply high byte times low byte|seed12 product completion expressed as output-plane predicates|shared sign xor exponent sum product; independent magnitude output predicates|abc_g_aig|official_evaluate|output_bit_planes,not_run_official_evaluate_only,,student/frontend_campaigns/campaigns/ex204_ex299_frontend_continuation_20260614_1216/agent_shards/fp8-source-compress-r3/simulation_results.csv,Iverilog was optional; official evaluate.py is the acceptance check.,,,,,
fp8-output-plane-r3,float_fp8,ex240,ex240_r3_shift_align_source_compress,ex240|E4M3FN packed add|current-best source compression with variable align shifter|shared field decode same-sign GRS and compact diff normalizer|yosys_abc_g_aig_frontend|official_evaluate|output_plane_preserved,not_run,,student/frontend_campaigns/campaigns/ex204_ex299_frontend_continuation_20260614_1216/agent_shards/fp8-output-plane-r3/simulation_results.csv,Skipped iverilog; official evaluate.py is the acceptance check.,,,,,
fp8-output-plane-r3,float_fp8,ex245,ex245_r3_same_diff_decision_graph,ex245|E5M2FN packed add|same-diff active-region decision graph|shared sorted field decode with selected same/diff residual only|yosys_abc_g_aig_frontend|official_evaluate|same_diff_decision_split,not_run,,student/frontend_campaigns/campaigns/ex204_ex299_frontend_continuation_20260614_1216/agent_shards/fp8-output-plane-r3/simulation_results.csv,Skipped iverilog; official evaluate.py is the acceptance check.,,,,,
fp8-output-plane-r3,float_fp8,ex247,ex247_r3_lowpred_boolean_residual,ex247|E5M2FN packed low-over-high division|tail-direct low residual as Boolean output-plane equations|shared tail bound predicates with per-bit low residual equations|yosys_abc_g_aig_frontend|official_evaluate|lowpred_boolean_planes,not_run,,student/frontend_campaigns/campaigns/ex204_ex299_frontend_continuation_20260614_1216/agent_shards/fp8-output-plane-r3/simulation_results.csv,Skipped iverilog; official evaluate.py is the acceptance check.,,,,,
fp8-output-plane-r3,float_fp8,ex248,ex248_r3_shell_output_planes,ex248|E5M2FN packed fmod low mod high|special-range shell output-plane split around current rem core|shared nan zero less-than equality predicates before residual core|yosys_abc_g_aig_frontend|official_evaluate|shell_output_planes,not_run,,student/frontend_campaigns/campaigns/ex204_ex299_frontend_continuation_20260614_1216/agent_shards/fp8-output-plane-r3/simulation_results.csv,Skipped iverilog; official evaluate.py is the acceptance check.,,,,,
fp8-output-plane-r3,float_fp8,ex247,ex247_r3_boolean_final_planes,ex247|E5M2FN packed low-over-high division|Boolean low residual plus final special output planes|shared tail predicates with per-bit low residual and split NaN/special magnitude planes|yosys_abc_g_aig_frontend|official_evaluate|lowpred_boolean_final_planes,not_run,,student/frontend_campaigns/campaigns/ex204_ex299_frontend_continuation_20260614_1216/agent_shards/fp8-output-plane-r3/simulation_results.csv,Skipped iverilog; official evaluate.py is the acceptance check.,,,,,
fp8-output-plane-r3,float_fp8,ex248,ex248_r3_shell_sign_direct,ex248|E5M2FN packed fmod low mod high|special-range shell with direct numerator sign plane|shared nan zero less-than equality predicates and core magnitude-only selection|yosys_abc_g_aig_frontend|official_evaluate|shell_sign_direct,not_run,,student/frontend_campaigns/campaigns/ex204_ex299_frontend_continuation_20260614_1216/agent_shards/fp8-output-plane-r3/simulation_results.csv,Skipped iverilog; official evaluate.py is the acceptance check.,,,,,
fp8-output-plane-r3,float_fp8,ex249,ex249_r3_gap_split_delta_planes,ex249|E5M2FN hypot abs high low|gap0-gap1 split delta output planes|shared max/min decode with separate active-gap delta tables|yosys_abc_g_aig_frontend|official_evaluate|gap_split_delta_planes,not_run,,student/frontend_campaigns/campaigns/ex204_ex299_frontend_continuation_20260614_1216/agent_shards/fp8-output-plane-r3/simulation_results.csv,Skipped iverilog; official evaluate.py is the acceptance check.,,,,,
