case,candidate_id,hypothesis,function_guess,variant,verilog_path,aig_path,verified_truth,equivalent,area,delay,adp,runtime_sec,notes
ex205,ex205_bf16_log10_hilo3_word_mode,bf16_log10,log10,hilo3_word_mode,student/work/ex205_ex209_frontend_bf16_semantic_20260606_0946/ex205/verilog/ex205_bf16_log10_hilo3_word_mode.v,student/work/ex205_ex209_frontend_bf16_semantic_20260606_0946/ex205/aigs/ex205_bf16_log10_hilo3_word_mode.aig,1,1,4495,17,76415,6.945,hi_lo split field_mode=False hi_bits=3 default_mode=default_override items=7626; curated_active_seed
ex205,ex205_bf16_log10_hilo3_field_mode,bf16_log10,log10,hilo3_field_mode,student/archive/cleanup_20260606/ex205_ex209_frontend_bf16_semantic_20260606_0946_low_value_intermediates/student/work/ex205_ex209_frontend_bf16_semantic_20260606_0946/ex205/verilog/ex205_bf16_log10_hilo3_field_mode.v,student/archive/cleanup_20260606/ex205_ex209_frontend_bf16_semantic_20260606_0946_low_value_intermediates/student/work/ex205_ex209_frontend_bf16_semantic_20260606_0946/ex205/aigs/ex205_bf16_log10_hilo3_field_mode.aig,1,1,4580,17,77860,7.609,hi_lo split field_mode=True hi_bits=3 default_mode=default_override items=7626; archived_low_value_intermediate
ex205,ex205_bf16_log10_hilo4_word_mode,bf16_log10,log10,hilo4_word_mode,student/archive/cleanup_20260606/ex205_ex209_frontend_bf16_semantic_20260606_0946_low_value_intermediates/student/work/ex205_ex209_frontend_bf16_semantic_20260606_0946/ex205/verilog/ex205_bf16_log10_hilo4_word_mode.v,student/archive/cleanup_20260606/ex205_ex209_frontend_bf16_semantic_20260606_0946_low_value_intermediates/student/work/ex205_ex209_frontend_bf16_semantic_20260606_0946/ex205/aigs/ex205_bf16_log10_hilo4_word_mode.aig,1,1,4624,18,83232,7.182,hi_lo split field_mode=False hi_bits=4 default_mode=default_override items=7382; archived_low_value_intermediate
ex205,ex205_bf16_log10_hilo4_field_mode,bf16_log10,log10,hilo4_field_mode,student/archive/cleanup_20260606/ex205_ex209_frontend_bf16_semantic_20260606_0946_low_value_intermediates/student/work/ex205_ex209_frontend_bf16_semantic_20260606_0946/ex205/verilog/ex205_bf16_log10_hilo4_field_mode.v,student/archive/cleanup_20260606/ex205_ex209_frontend_bf16_semantic_20260606_0946_low_value_intermediates/student/work/ex205_ex209_frontend_bf16_semantic_20260606_0946/ex205/aigs/ex205_bf16_log10_hilo4_field_mode.aig,1,1,4682,19,88958,8.276,hi_lo split field_mode=True hi_bits=4 default_mode=default_override items=7382; archived_low_value_intermediate
ex205,ex205_bf16_log10_sep_fields_e3_m3_s0,bf16_log10,log10,sep_fields_e3_m3_s0,student/archive/cleanup_20260606/ex205_ex209_frontend_bf16_semantic_20260606_0946_low_value_intermediates/student/work/ex205_ex209_frontend_bf16_semantic_20260606_0946/ex205/verilog/ex205_bf16_log10_sep_fields_e3_m3_s0.v,student/archive/cleanup_20260606/ex205_ex209_frontend_bf16_semantic_20260606_0946_low_value_intermediates/student/work/ex205_ex209_frontend_bf16_semantic_20260606_0946/ex205/aigs/ex205_bf16_log10_sep_fields_e3_m3_s0.aig,1,1,4458,18,80244,5.913,separate fields exp_hi=3 mant_hi=3 sign_hi=0 items=7913; archived_low_value_intermediate
ex205,ex205_bf16_log10_sep_fields_e4_m3_s0,bf16_log10,log10,sep_fields_e4_m3_s0,student/archive/cleanup_20260606/ex205_ex209_frontend_bf16_semantic_20260606_0946_low_value_intermediates/student/work/ex205_ex209_frontend_bf16_semantic_20260606_0946/ex205/verilog/ex205_bf16_log10_sep_fields_e4_m3_s0.v,student/archive/cleanup_20260606/ex205_ex209_frontend_bf16_semantic_20260606_0946_low_value_intermediates/student/work/ex205_ex209_frontend_bf16_semantic_20260606_0946/ex205/aigs/ex205_bf16_log10_sep_fields_e4_m3_s0.aig,1,1,4496,18,80928,5.814,separate fields exp_hi=4 mant_hi=3 sign_hi=0 items=7986; archived_low_value_intermediate
ex205,ex205_bf16_log10_sep_fields_e3_m4_s0,bf16_log10,log10,sep_fields_e3_m4_s0,student/archive/cleanup_20260606/ex205_ex209_frontend_bf16_semantic_20260606_0946_low_value_intermediates/student/work/ex205_ex209_frontend_bf16_semantic_20260606_0946/ex205/verilog/ex205_bf16_log10_sep_fields_e3_m4_s0.v,student/archive/cleanup_20260606/ex205_ex209_frontend_bf16_semantic_20260606_0946_low_value_intermediates/student/work/ex205_ex209_frontend_bf16_semantic_20260606_0946/ex205/aigs/ex205_bf16_log10_sep_fields_e3_m4_s0.aig,1,1,4586,19,87134,6.000,separate fields exp_hi=3 mant_hi=4 sign_hi=0 items=7669; archived_low_value_intermediate
ex205,ex205_bf16_log10_split_sign_word_h3,bf16_log10,log10,split_sign_word_h3,student/archive/cleanup_20260606/ex205_ex209_frontend_bf16_semantic_20260606_0946_low_value_intermediates/student/work/ex205_ex209_frontend_bf16_semantic_20260606_0946/ex205/verilog/ex205_bf16_log10_split_sign_word_h3.v,student/archive/cleanup_20260606/ex205_ex209_frontend_bf16_semantic_20260606_0946_low_value_intermediates/student/work/ex205_ex209_frontend_bf16_semantic_20260606_0946/ex205/aigs/ex205_bf16_log10_split_sign_word_h3.aig,1,1,4390,18,79020,6.451,split-sign word hi_bits=3 items=7626; archived_low_value_intermediate
ex205,ex205_bf16_log10_split_sign_word_h4,bf16_log10,log10,split_sign_word_h4,student/archive/cleanup_20260606/ex205_ex209_frontend_bf16_semantic_20260606_0946_low_value_intermediates/student/work/ex205_ex209_frontend_bf16_semantic_20260606_0946/ex205/verilog/ex205_bf16_log10_split_sign_word_h4.v,student/archive/cleanup_20260606/ex205_ex209_frontend_bf16_semantic_20260606_0946_low_value_intermediates/student/work/ex205_ex209_frontend_bf16_semantic_20260606_0946/ex205/aigs/ex205_bf16_log10_split_sign_word_h4.aig,1,1,4456,20,89120,7.445,split-sign word hi_bits=4 items=7382; archived_low_value_intermediate
ex205,ex205_bf16_log10_default_nan_excepts_h3,bf16_log10,log10,default_nan_excepts_h3,student/archive/cleanup_20260606/ex205_ex209_frontend_bf16_semantic_20260606_0946_low_value_intermediates/student/work/ex205_ex209_frontend_bf16_semantic_20260606_0946/ex205/verilog/ex205_bf16_log10_default_nan_excepts_h3.v,student/archive/cleanup_20260606/ex205_ex209_frontend_bf16_semantic_20260606_0946_low_value_intermediates/student/work/ex205_ex209_frontend_bf16_semantic_20260606_0946/ex205/aigs/ex205_bf16_log10_default_nan_excepts_h3.aig,1,1,4510,19,85690,6.713,default expr 16'h7fc0 with exception hi_bits=3 items=7647; archived_low_value_intermediate
ex206,ex206_bf16_sin_hilo3_word_mode,bf16_sin,sin,hilo3_word_mode,student/archive/cleanup_20260606/ex205_ex209_frontend_bf16_semantic_20260606_0946_low_value_intermediates/student/work/ex205_ex209_frontend_bf16_semantic_20260606_0946/ex206/verilog/ex206_bf16_sin_hilo3_word_mode.v,student/archive/cleanup_20260606/ex205_ex209_frontend_bf16_semantic_20260606_0946_low_value_intermediates/student/work/ex205_ex209_frontend_bf16_semantic_20260606_0946/ex206/aigs/ex206_bf16_sin_hilo3_word_mode.aig,1,1,33033,20,660660,49.731,hi_lo split field_mode=False hi_bits=3 default_mode=default_override items=64636; archived_low_value_intermediate
ex206,ex206_bf16_sin_hilo3_field_mode,bf16_sin,sin,hilo3_field_mode,student/archive/cleanup_20260606/ex205_ex209_frontend_bf16_semantic_20260606_0946_low_value_intermediates/student/work/ex205_ex209_frontend_bf16_semantic_20260606_0946/ex206/verilog/ex206_bf16_sin_hilo3_field_mode.v,student/archive/cleanup_20260606/ex205_ex209_frontend_bf16_semantic_20260606_0946_low_value_intermediates/student/work/ex205_ex209_frontend_bf16_semantic_20260606_0946/ex206/aigs/ex206_bf16_sin_hilo3_field_mode.aig,1,1,33125,21,695625,59.908,hi_lo split field_mode=True hi_bits=3 default_mode=default_override items=64636; archived_low_value_intermediate
ex206,ex206_bf16_sin_hilo4_word_mode,bf16_sin,sin,hilo4_word_mode,student/archive/cleanup_20260606/ex205_ex209_frontend_bf16_semantic_20260606_0946_low_value_intermediates/student/work/ex205_ex209_frontend_bf16_semantic_20260606_0946/ex206/verilog/ex206_bf16_sin_hilo4_word_mode.v,student/archive/cleanup_20260606/ex205_ex209_frontend_bf16_semantic_20260606_0946_low_value_intermediates/student/work/ex205_ex209_frontend_bf16_semantic_20260606_0946/ex206/aigs/ex206_bf16_sin_hilo4_word_mode.aig,1,1,30037,21,630777,76.257,hi_lo split field_mode=False hi_bits=4 default_mode=default_override items=64718; archived_low_value_intermediate
ex206,ex206_bf16_sin_sep_fields_e3_m3_s3,bf16_sin,sin,sep_fields_e3_m3_s3,student/archive/cleanup_20260606/ex205_ex209_frontend_bf16_semantic_20260606_0946_low_value_intermediates/student/work/ex205_ex209_frontend_bf16_semantic_20260606_0946/ex206/verilog/ex206_bf16_sin_sep_fields_e3_m3_s3.v,student/archive/cleanup_20260606/ex205_ex209_frontend_bf16_semantic_20260606_0946_low_value_intermediates/student/work/ex205_ex209_frontend_bf16_semantic_20260606_0946/ex206/aigs/ex206_bf16_sin_sep_fields_e3_m3_s3.aig,1,1,30311,22,666842,60.313,separate fields exp_hi=3 mant_hi=3 sign_hi=3 items=93803; archived_low_value_intermediate
ex206,ex206_bf16_sin_split_sign_sep_fields_e3_m3_s3,bf16_sin,sin,split_sign_sep_fields_e3_m3_s3,student/archive/cleanup_20260606/ex205_ex209_frontend_bf16_semantic_20260606_0946_low_value_intermediates/student/work/ex205_ex209_frontend_bf16_semantic_20260606_0946/ex206/verilog/ex206_bf16_sin_split_sign_sep_fields_e3_m3_s3.v,student/archive/cleanup_20260606/ex205_ex209_frontend_bf16_semantic_20260606_0946_low_value_intermediates/student/work/ex205_ex209_frontend_bf16_semantic_20260606_0946/ex206/aigs/ex206_bf16_sin_split_sign_sep_fields_e3_m3_s3.aig,1,1,30386,20,607720,50.293,split-sign separate fields exp_hi=3 mant_hi=3 sign_hi=3 items=93803; archived_low_value_intermediate
ex206,ex206_bf16_sin_split_sign_word_h3,bf16_sin,sin,split_sign_word_h3,student/work/ex205_ex209_frontend_bf16_semantic_20260606_0946/ex206/verilog/ex206_bf16_sin_split_sign_word_h3.v,student/work/ex205_ex209_frontend_bf16_semantic_20260606_0946/ex206/aigs/ex206_bf16_sin_split_sign_word_h3.aig,1,1,29851,20,597020,46.382,split-sign word hi_bits=3 items=64636; curated_active_seed
ex206,ex206_bf16_sin_default_in_excepts_h3,bf16_sin,sin,default_in_excepts_h3,student/archive/cleanup_20260606/ex205_ex209_frontend_bf16_semantic_20260606_0946_low_value_intermediates/student/work/ex205_ex209_frontend_bf16_semantic_20260606_0946/ex206/verilog/ex206_bf16_sin_default_in_excepts_h3.v,student/archive/cleanup_20260606/ex205_ex209_frontend_bf16_semantic_20260606_0946_low_value_intermediates/student/work/ex205_ex209_frontend_bf16_semantic_20260606_0946/ex206/aigs/ex206_bf16_sin_default_in_excepts_h3.aig,1,1,32779,21,688359,33.866,default expr in with exception hi_bits=3 items=33240; archived_low_value_intermediate
ex206,ex206_bf16_sin_delta_pair_first_hilo3,bf16_sin,sin,delta_pair_first_hilo3,student/archive/cleanup_20260606/ex205_ex209_frontend_bf16_semantic_20260606_0946_low_value_intermediates/student/work/ex205_ex209_frontend_bf16_semantic_20260606_0946/ex206/verilog/ex206_bf16_sin_delta_pair_first_hilo3.v,student/archive/cleanup_20260606/ex205_ex209_frontend_bf16_semantic_20260606_0946_low_value_intermediates/student/work/ex205_ex209_frontend_bf16_semantic_20260606_0946/ex206/aigs/ex206_bf16_sin_delta_pair_first_hilo3.aig,1,1,29536,22,649792,37.689,delta pair base_policy=first delta_mode=hilo3 items=32572; archived_low_value_intermediate
ex207,ex207_bf16_tan_hilo3_word_mode,bf16_tan,tan,hilo3_word_mode,student/archive/cleanup_20260606/ex205_ex209_frontend_bf16_semantic_20260606_0946_low_value_intermediates/student/work/ex205_ex209_frontend_bf16_semantic_20260606_0946/ex207/verilog/ex207_bf16_tan_hilo3_word_mode.v,student/archive/cleanup_20260606/ex205_ex209_frontend_bf16_semantic_20260606_0946_low_value_intermediates/student/work/ex205_ex209_frontend_bf16_semantic_20260606_0946/ex207/aigs/ex207_bf16_tan_hilo3_word_mode.aig,1,1,37886,21,795606,55.024,hi_lo split field_mode=False hi_bits=3 default_mode=default_override items=65020; archived_low_value_intermediate
ex207,ex207_bf16_tan_hilo3_field_mode,bf16_tan,tan,hilo3_field_mode,student/archive/cleanup_20260606/ex205_ex209_frontend_bf16_semantic_20260606_0946_low_value_intermediates/student/work/ex205_ex209_frontend_bf16_semantic_20260606_0946/ex207/verilog/ex207_bf16_tan_hilo3_field_mode.v,student/archive/cleanup_20260606/ex205_ex209_frontend_bf16_semantic_20260606_0946_low_value_intermediates/student/work/ex205_ex209_frontend_bf16_semantic_20260606_0946/ex207/aigs/ex207_bf16_tan_hilo3_field_mode.aig,1,1,37676,21,791196,69.028,hi_lo split field_mode=True hi_bits=3 default_mode=default_override items=65020; archived_low_value_intermediate
ex207,ex207_bf16_tan_hilo4_word_mode,bf16_tan,tan,hilo4_word_mode,student/archive/cleanup_20260606/ex205_ex209_frontend_bf16_semantic_20260606_0946_low_value_intermediates/student/work/ex205_ex209_frontend_bf16_semantic_20260606_0946/ex207/verilog/ex207_bf16_tan_hilo4_word_mode.v,student/archive/cleanup_20260606/ex205_ex209_frontend_bf16_semantic_20260606_0946_low_value_intermediates/student/work/ex205_ex209_frontend_bf16_semantic_20260606_0946/ex207/aigs/ex207_bf16_tan_hilo4_word_mode.aig,1,1,34138,22,751036,75.685,hi_lo split field_mode=False hi_bits=4 default_mode=default_override items=65018; archived_low_value_intermediate
ex207,ex207_bf16_tan_sep_fields_e3_m3_s3,bf16_tan,tan,sep_fields_e3_m3_s3,student/archive/cleanup_20260606/ex205_ex209_frontend_bf16_semantic_20260606_0946_low_value_intermediates/student/work/ex205_ex209_frontend_bf16_semantic_20260606_0946/ex207/verilog/ex207_bf16_tan_sep_fields_e3_m3_s3.v,student/archive/cleanup_20260606/ex205_ex209_frontend_bf16_semantic_20260606_0946_low_value_intermediates/student/work/ex205_ex209_frontend_bf16_semantic_20260606_0946/ex207/aigs/ex207_bf16_tan_sep_fields_e3_m3_s3.aig,1,1,34193,21,718053,76.526,separate fields exp_hi=3 mant_hi=3 sign_hi=3 items=105689; archived_low_value_intermediate
ex207,ex207_bf16_tan_split_sign_sep_fields_e3_m3_s3,bf16_tan,tan,split_sign_sep_fields_e3_m3_s3,student/archive/cleanup_20260606/ex205_ex209_frontend_bf16_semantic_20260606_0946_low_value_intermediates/student/work/ex205_ex209_frontend_bf16_semantic_20260606_0946/ex207/verilog/ex207_bf16_tan_split_sign_sep_fields_e3_m3_s3.v,student/archive/cleanup_20260606/ex205_ex209_frontend_bf16_semantic_20260606_0946_low_value_intermediates/student/work/ex205_ex209_frontend_bf16_semantic_20260606_0946/ex207/aigs/ex207_bf16_tan_split_sign_sep_fields_e3_m3_s3.aig,1,1,34081,22,749782,54.843,split-sign separate fields exp_hi=3 mant_hi=3 sign_hi=3 items=105689; archived_low_value_intermediate
ex207,ex207_bf16_tan_split_sign_word_h3,bf16_tan,tan,split_sign_word_h3,student/archive/cleanup_20260606/ex205_ex209_frontend_bf16_semantic_20260606_0946_low_value_intermediates/student/work/ex205_ex209_frontend_bf16_semantic_20260606_0946/ex207/verilog/ex207_bf16_tan_split_sign_word_h3.v,student/archive/cleanup_20260606/ex205_ex209_frontend_bf16_semantic_20260606_0946_low_value_intermediates/student/work/ex205_ex209_frontend_bf16_semantic_20260606_0946/ex207/aigs/ex207_bf16_tan_split_sign_word_h3.aig,1,1,34160,20,683200,48.749,split-sign word hi_bits=3 items=65020; archived_low_value_intermediate
ex207,ex207_bf16_tan_default_in_excepts_h3,bf16_tan,tan,default_in_excepts_h3,student/archive/cleanup_20260606/ex205_ex209_frontend_bf16_semantic_20260606_0946_low_value_intermediates/student/work/ex205_ex209_frontend_bf16_semantic_20260606_0946/ex207/verilog/ex207_bf16_tan_default_in_excepts_h3.v,student/archive/cleanup_20260606/ex205_ex209_frontend_bf16_semantic_20260606_0946_low_value_intermediates/student/work/ex205_ex209_frontend_bf16_semantic_20260606_0946/ex207/aigs/ex207_bf16_tan_default_in_excepts_h3.aig,1,1,37888,21,795648,40.365,default expr in with exception hi_bits=3 items=33722; archived_low_value_intermediate
ex207,ex207_bf16_tan_delta_pair_first_hilo3,bf16_tan,tan,delta_pair_first_hilo3,student/archive/cleanup_20260606/ex205_ex209_frontend_bf16_semantic_20260606_0946_low_value_intermediates/student/work/ex205_ex209_frontend_bf16_semantic_20260606_0946/ex207/verilog/ex207_bf16_tan_delta_pair_first_hilo3.v,student/archive/cleanup_20260606/ex205_ex209_frontend_bf16_semantic_20260606_0946_low_value_intermediates/student/work/ex205_ex209_frontend_bf16_semantic_20260606_0946/ex207/aigs/ex207_bf16_tan_delta_pair_first_hilo3.aig,1,1,33784,22,743248,43.045,delta pair base_policy=first delta_mode=hilo3 items=32765; archived_low_value_intermediate
ex208,ex208_bf16_sinh_hilo3_word_mode,bf16_sinh,sinh,hilo3_word_mode,student/archive/cleanup_20260606/ex205_ex209_frontend_bf16_semantic_20260606_0946_low_value_intermediates/student/work/ex205_ex209_frontend_bf16_semantic_20260606_0946/ex208/verilog/ex208_bf16_sinh_hilo3_word_mode.v,student/archive/cleanup_20260606/ex205_ex209_frontend_bf16_semantic_20260606_0946_low_value_intermediates/student/work/ex205_ex209_frontend_bf16_semantic_20260606_0946/ex208/aigs/ex208_bf16_sinh_hilo3_word_mode.aig,1,1,2374,16,37984,40.844,hi_lo split field_mode=False hi_bits=3 default_mode=default_override items=33926; archived_low_value_intermediate
ex208,ex208_bf16_sinh_hilo3_field_mode,bf16_sinh,sinh,hilo3_field_mode,student/archive/cleanup_20260606/ex205_ex209_frontend_bf16_semantic_20260606_0946_low_value_intermediates/student/work/ex205_ex209_frontend_bf16_semantic_20260606_0946/ex208/verilog/ex208_bf16_sinh_hilo3_field_mode.v,student/archive/cleanup_20260606/ex205_ex209_frontend_bf16_semantic_20260606_0946_low_value_intermediates/student/work/ex205_ex209_frontend_bf16_semantic_20260606_0946/ex208/aigs/ex208_bf16_sinh_hilo3_field_mode.aig,1,1,2521,16,40336,50.223,hi_lo split field_mode=True hi_bits=3 default_mode=default_override items=33926; archived_low_value_intermediate
ex208,ex208_bf16_sinh_hilo4_word_mode,bf16_sinh,sinh,hilo4_word_mode,student/archive/cleanup_20260606/ex205_ex209_frontend_bf16_semantic_20260606_0946_low_value_intermediates/student/work/ex205_ex209_frontend_bf16_semantic_20260606_0946/ex208/verilog/ex208_bf16_sinh_hilo4_word_mode.v,student/archive/cleanup_20260606/ex205_ex209_frontend_bf16_semantic_20260606_0946_low_value_intermediates/student/work/ex205_ex209_frontend_bf16_semantic_20260606_0946/ex208/aigs/ex208_bf16_sinh_hilo4_word_mode.aig,1,1,2405,16,38480,86.292,hi_lo split field_mode=False hi_bits=4 default_mode=default_override items=33946; archived_low_value_intermediate
ex208,ex208_bf16_sinh_sep_fields_e3_m3_s3,bf16_sinh,sinh,sep_fields_e3_m3_s3,student/archive/cleanup_20260606/ex205_ex209_frontend_bf16_semantic_20260606_0946_low_value_intermediates/student/work/ex205_ex209_frontend_bf16_semantic_20260606_0946/ex208/verilog/ex208_bf16_sinh_sep_fields_e3_m3_s3.v,student/archive/cleanup_20260606/ex205_ex209_frontend_bf16_semantic_20260606_0946_low_value_intermediates/student/work/ex205_ex209_frontend_bf16_semantic_20260606_0946/ex208/aigs/ex208_bf16_sinh_sep_fields_e3_m3_s3.aig,1,1,2271,16,36336,9.541,separate fields exp_hi=3 mant_hi=3 sign_hi=3 items=35011; archived_low_value_intermediate
ex208,ex208_bf16_sinh_split_sign_sep_fields_e3_m3_s3,bf16_sinh,sinh,split_sign_sep_fields_e3_m3_s3,student/archive/cleanup_20260606/ex205_ex209_frontend_bf16_semantic_20260606_0946_low_value_intermediates/student/work/ex205_ex209_frontend_bf16_semantic_20260606_0946/ex208/verilog/ex208_bf16_sinh_split_sign_sep_fields_e3_m3_s3.v,student/archive/cleanup_20260606/ex205_ex209_frontend_bf16_semantic_20260606_0946_low_value_intermediates/student/work/ex205_ex209_frontend_bf16_semantic_20260606_0946/ex208/aigs/ex208_bf16_sinh_split_sign_sep_fields_e3_m3_s3.aig,1,1,2303,16,36848,8.618,split-sign separate fields exp_hi=3 mant_hi=3 sign_hi=3 items=35011; archived_low_value_intermediate
ex208,ex208_bf16_sinh_split_sign_word_h3,bf16_sinh,sinh,split_sign_word_h3,student/archive/cleanup_20260606/ex205_ex209_frontend_bf16_semantic_20260606_0946_low_value_intermediates/student/work/ex205_ex209_frontend_bf16_semantic_20260606_0946/ex208/verilog/ex208_bf16_sinh_split_sign_word_h3.v,student/archive/cleanup_20260606/ex205_ex209_frontend_bf16_semantic_20260606_0946_low_value_intermediates/student/work/ex205_ex209_frontend_bf16_semantic_20260606_0946/ex208/aigs/ex208_bf16_sinh_split_sign_word_h3.aig,1,1,2259,16,36144,11.899,split-sign word hi_bits=3 items=33926; archived_low_value_intermediate
ex208,ex208_bf16_sinh_odd_pos_word_h3,bf16_sinh,sinh,odd_pos_word_h3,student/archive/cleanup_20260606/ex205_ex209_frontend_bf16_semantic_20260606_0946_low_value_intermediates/student/work/ex205_ex209_frontend_bf16_semantic_20260606_0946/ex208/verilog/ex208_bf16_sinh_odd_pos_word_h3.v,student/archive/cleanup_20260606/ex205_ex209_frontend_bf16_semantic_20260606_0946_low_value_intermediates/student/work/ex205_ex209_frontend_bf16_semantic_20260606_0946/ex208/aigs/ex208_bf16_sinh_odd_pos_word_h3.aig,1,1,2309,16,36944,6.670,positive-domain odd symmetry word hi_bits=3 items=16958; archived_low_value_intermediate
ex208,ex208_bf16_sinh_odd_pos_word_h4,bf16_sinh,sinh,odd_pos_word_h4,student/archive/cleanup_20260606/ex205_ex209_frontend_bf16_semantic_20260606_0946_low_value_intermediates/student/work/ex205_ex209_frontend_bf16_semantic_20260606_0946/ex208/verilog/ex208_bf16_sinh_odd_pos_word_h4.v,student/archive/cleanup_20260606/ex205_ex209_frontend_bf16_semantic_20260606_0946_low_value_intermediates/student/work/ex205_ex209_frontend_bf16_semantic_20260606_0946/ex208/aigs/ex208_bf16_sinh_odd_pos_word_h4.aig,1,1,2325,16,37200,17.500,positive-domain odd symmetry word hi_bits=4 items=16968; archived_low_value_intermediate
ex208,ex208_bf16_sinh_odd_pos_fields_e3_m3,bf16_sinh,sinh,odd_pos_fields_e3_m3,student/archive/cleanup_20260606/ex205_ex209_frontend_bf16_semantic_20260606_0946_low_value_intermediates/student/work/ex205_ex209_frontend_bf16_semantic_20260606_0946/ex208/verilog/ex208_bf16_sinh_odd_pos_fields_e3_m3.v,student/archive/cleanup_20260606/ex205_ex209_frontend_bf16_semantic_20260606_0946_low_value_intermediates/student/work/ex205_ex209_frontend_bf16_semantic_20260606_0946/ex208/aigs/ex208_bf16_sinh_odd_pos_fields_e3_m3.aig,1,1,2269,15,34035,4.357,positive-domain odd symmetry separate fields exp_hi=3 mant_hi=3 items=17499; archived_low_value_intermediate
ex208,ex208_bf16_sinh_default_in_excepts_h3,bf16_sinh,sinh,default_in_excepts_h3,student/work/ex205_ex209_frontend_bf16_semantic_20260606_0946/ex208/verilog/ex208_bf16_sinh_default_in_excepts_h3.v,student/work/ex205_ex209_frontend_bf16_semantic_20260606_0946/ex208/aigs/ex208_bf16_sinh_default_in_excepts_h3.aig,1,1,2140,16,34240,2.643,default expr in with exception hi_bits=3 items=4410; curated_active_seed
ex208,ex208_bf16_sinh_delta_pair_first_hilo3,bf16_sinh,sinh,delta_pair_first_hilo3,student/work/ex205_ex209_frontend_bf16_semantic_20260606_0946/ex208/verilog/ex208_bf16_sinh_delta_pair_first_hilo3.v,student/work/ex205_ex209_frontend_bf16_semantic_20260606_0946/ex208/aigs/ex208_bf16_sinh_delta_pair_first_hilo3.aig,1,1,2072,17,35224,6.881,delta pair base_policy=first delta_mode=hilo3 items=17213; curated_active_seed
ex209,ex209_bf16_tanh_hilo3_word_mode,bf16_tanh,tanh,hilo3_word_mode,student/archive/cleanup_20260606/ex205_ex209_frontend_bf16_semantic_20260606_0946_low_value_intermediates/student/work/ex205_ex209_frontend_bf16_semantic_20260606_0946/ex209/verilog/ex209_bf16_tanh_hilo3_word_mode.v,student/archive/cleanup_20260606/ex205_ex209_frontend_bf16_semantic_20260606_0946_low_value_intermediates/student/work/ex205_ex209_frontend_bf16_semantic_20260606_0946/ex209/aigs/ex209_bf16_tanh_hilo3_word_mode.aig,1,1,1171,15,17565,33.371,hi_lo split field_mode=False hi_bits=3 default_mode=default_override items=32540; archived_low_value_intermediate
ex209,ex209_bf16_tanh_hilo3_field_mode,bf16_tanh,tanh,hilo3_field_mode,student/archive/cleanup_20260606/ex205_ex209_frontend_bf16_semantic_20260606_0946_low_value_intermediates/student/work/ex205_ex209_frontend_bf16_semantic_20260606_0946/ex209/verilog/ex209_bf16_tanh_hilo3_field_mode.v,student/archive/cleanup_20260606/ex205_ex209_frontend_bf16_semantic_20260606_0946_low_value_intermediates/student/work/ex205_ex209_frontend_bf16_semantic_20260606_0946/ex209/aigs/ex209_bf16_tanh_hilo3_field_mode.aig,1,1,1133,16,18128,41.599,hi_lo split field_mode=True hi_bits=3 default_mode=default_override items=32540; archived_low_value_intermediate
ex209,ex209_bf16_tanh_hilo4_word_mode,bf16_tanh,tanh,hilo4_word_mode,student/archive/cleanup_20260606/ex205_ex209_frontend_bf16_semantic_20260606_0946_low_value_intermediates/student/work/ex205_ex209_frontend_bf16_semantic_20260606_0946/ex209/verilog/ex209_bf16_tanh_hilo4_word_mode.v,student/archive/cleanup_20260606/ex205_ex209_frontend_bf16_semantic_20260606_0946_low_value_intermediates/student/work/ex205_ex209_frontend_bf16_semantic_20260606_0946/ex209/aigs/ex209_bf16_tanh_hilo4_word_mode.aig,1,1,1221,16,19536,73.364,hi_lo split field_mode=False hi_bits=4 default_mode=default_override items=32494; archived_low_value_intermediate
ex209,ex209_bf16_tanh_sep_fields_e3_m3_s3,bf16_tanh,tanh,sep_fields_e3_m3_s3,student/archive/cleanup_20260606/ex205_ex209_frontend_bf16_semantic_20260606_0946_low_value_intermediates/student/work/ex205_ex209_frontend_bf16_semantic_20260606_0946/ex209/verilog/ex209_bf16_tanh_sep_fields_e3_m3_s3.v,student/archive/cleanup_20260606/ex205_ex209_frontend_bf16_semantic_20260606_0946_low_value_intermediates/student/work/ex205_ex209_frontend_bf16_semantic_20260606_0946/ex209/aigs/ex209_bf16_tanh_sep_fields_e3_m3_s3.aig,1,1,894,15,13410,7.018,separate fields exp_hi=3 mant_hi=3 sign_hi=3 items=32893; archived_low_value_intermediate
ex209,ex209_bf16_tanh_split_sign_sep_fields_e3_m3_s3,bf16_tanh,tanh,split_sign_sep_fields_e3_m3_s3,student/archive/cleanup_20260606/ex205_ex209_frontend_bf16_semantic_20260606_0946_low_value_intermediates/student/work/ex205_ex209_frontend_bf16_semantic_20260606_0946/ex209/verilog/ex209_bf16_tanh_split_sign_sep_fields_e3_m3_s3.v,student/archive/cleanup_20260606/ex205_ex209_frontend_bf16_semantic_20260606_0946_low_value_intermediates/student/work/ex205_ex209_frontend_bf16_semantic_20260606_0946/ex209/aigs/ex209_bf16_tanh_split_sign_sep_fields_e3_m3_s3.aig,1,1,943,14,13202,7.398,split-sign separate fields exp_hi=3 mant_hi=3 sign_hi=3 items=32893; archived_low_value_intermediate
ex209,ex209_bf16_tanh_split_sign_word_h3,bf16_tanh,tanh,split_sign_word_h3,student/archive/cleanup_20260606/ex205_ex209_frontend_bf16_semantic_20260606_0946_low_value_intermediates/student/work/ex205_ex209_frontend_bf16_semantic_20260606_0946/ex209/verilog/ex209_bf16_tanh_split_sign_word_h3.v,student/archive/cleanup_20260606/ex205_ex209_frontend_bf16_semantic_20260606_0946_low_value_intermediates/student/work/ex205_ex209_frontend_bf16_semantic_20260606_0946/ex209/aigs/ex209_bf16_tanh_split_sign_word_h3.aig,1,1,872,14,12208,10.411,split-sign word hi_bits=3 items=32540; archived_low_value_intermediate
ex209,ex209_bf16_tanh_odd_pos_word_h3,bf16_tanh,tanh,odd_pos_word_h3,student/archive/cleanup_20260606/ex205_ex209_frontend_bf16_semantic_20260606_0946_low_value_intermediates/student/work/ex205_ex209_frontend_bf16_semantic_20260606_0946/ex209/verilog/ex209_bf16_tanh_odd_pos_word_h3.v,student/archive/cleanup_20260606/ex205_ex209_frontend_bf16_semantic_20260606_0946_low_value_intermediates/student/work/ex205_ex209_frontend_bf16_semantic_20260606_0946/ex209/aigs/ex209_bf16_tanh_odd_pos_word_h3.aig,1,1,878,13,11414,5.416,positive-domain odd symmetry word hi_bits=3 items=16264; archived_low_value_intermediate
ex209,ex209_bf16_tanh_odd_pos_word_h4,bf16_tanh,tanh,odd_pos_word_h4,student/archive/cleanup_20260606/ex205_ex209_frontend_bf16_semantic_20260606_0946_low_value_intermediates/student/work/ex205_ex209_frontend_bf16_semantic_20260606_0946/ex209/verilog/ex209_bf16_tanh_odd_pos_word_h4.v,student/archive/cleanup_20260606/ex205_ex209_frontend_bf16_semantic_20260606_0946_low_value_intermediates/student/work/ex205_ex209_frontend_bf16_semantic_20260606_0946/ex209/aigs/ex209_bf16_tanh_odd_pos_word_h4.aig,1,1,895,13,11635,17.084,positive-domain odd symmetry word hi_bits=4 items=16241; archived_low_value_intermediate
ex209,ex209_bf16_tanh_odd_pos_fields_e3_m3,bf16_tanh,tanh,odd_pos_fields_e3_m3,student/archive/cleanup_20260606/ex205_ex209_frontend_bf16_semantic_20260606_0946_low_value_intermediates/student/work/ex205_ex209_frontend_bf16_semantic_20260606_0946/ex209/verilog/ex209_bf16_tanh_odd_pos_fields_e3_m3.v,student/archive/cleanup_20260606/ex205_ex209_frontend_bf16_semantic_20260606_0946_low_value_intermediates/student/work/ex205_ex209_frontend_bf16_semantic_20260606_0946/ex209/aigs/ex209_bf16_tanh_odd_pos_fields_e3_m3.aig,1,1,839,14,11746,3.606,positive-domain odd symmetry separate fields exp_hi=3 mant_hi=3 items=16440; archived_low_value_intermediate
ex209,ex209_bf16_tanh_default_in_excepts_h3,bf16_tanh,tanh,default_in_excepts_h3,student/work/ex205_ex209_frontend_bf16_semantic_20260606_0946/ex209/verilog/ex209_bf16_tanh_default_in_excepts_h3.v,student/work/ex205_ex209_frontend_bf16_semantic_20260606_0946/ex209/aigs/ex209_bf16_tanh_default_in_excepts_h3.aig,1,1,741,14,10374,1.693,default expr in with exception hi_bits=3 items=3230; curated_active_seed
ex209,ex209_bf16_tanh_default_signed_one_excepts_h3,bf16_tanh,tanh,default_signed_one_excepts_h3,student/archive/cleanup_20260606/ex205_ex209_frontend_bf16_semantic_20260606_0946_low_value_intermediates/student/work/ex205_ex209_frontend_bf16_semantic_20260606_0946/ex209/verilog/ex209_bf16_tanh_default_signed_one_excepts_h3.v,student/archive/cleanup_20260606/ex205_ex209_frontend_bf16_semantic_20260606_0946_low_value_intermediates/student/work/ex205_ex209_frontend_bf16_semantic_20260606_0946/ex209/aigs/ex209_bf16_tanh_default_signed_one_excepts_h3.aig,1,1,1167,16,18672,10.313,"default expr {sign, 15'h3f80} with exception hi_bits=3 items=32538; archived_low_value_intermediate"
ex209,ex209_bf16_tanh_delta_pair_first_hilo3,bf16_tanh,tanh,delta_pair_first_hilo3,student/archive/cleanup_20260606/ex205_ex209_frontend_bf16_semantic_20260606_0946_low_value_intermediates/student/work/ex205_ex209_frontend_bf16_semantic_20260606_0946/ex209/verilog/ex209_bf16_tanh_delta_pair_first_hilo3.v,student/archive/cleanup_20260606/ex205_ex209_frontend_bf16_semantic_20260606_0946_low_value_intermediates/student/work/ex205_ex209_frontend_bf16_semantic_20260606_0946/ex209/aigs/ex209_bf16_tanh_delta_pair_first_hilo3.aig,1,1,731,15,10965,5.509,delta pair base_policy=first delta_mode=hilo3 items=16519; archived_low_value_intermediate
ex207,ex207_bf16_tan_odd_pos_fullword_h3,bf16_tan,tan,odd_pos_fullword_h3,student/archive/cleanup_20260606/ex205_ex209_frontend_bf16_semantic_20260606_0946_low_value_intermediates/student/work/ex205_ex209_frontend_bf16_semantic_20260606_0946/ex207/verilog/ex207_bf16_tan_odd_pos_fullword_h3.v,student/archive/cleanup_20260606/ex205_ex209_frontend_bf16_semantic_20260606_0946_low_value_intermediates/student/work/ex205_ex209_frontend_bf16_semantic_20260606_0946/ex207/aigs/ex207_bf16_tan_odd_pos_fullword_h3.aig,1,1,34518,21,724878,33.043,positive-domain full word with odd sign flip hi_bits=3 items=32510; archived_low_value_intermediate
ex207,ex207_bf16_tan_odd_pos_fullword_h4,bf16_tan,tan,odd_pos_fullword_h4,student/work/ex205_ex209_frontend_bf16_semantic_20260606_0946/ex207/verilog/ex207_bf16_tan_odd_pos_fullword_h4.v,student/work/ex205_ex209_frontend_bf16_semantic_20260606_0946/ex207/aigs/ex207_bf16_tan_odd_pos_fullword_h4.aig,1,1,29941,22,658702,39.961,positive-domain full word with odd sign flip hi_bits=4 items=32509; curated_active_seed
ex208,ex208_bf16_sinh_odd_pos_fullword_h3,bf16_sinh,sinh,odd_pos_fullword_h3,student/archive/cleanup_20260606/ex205_ex209_frontend_bf16_semantic_20260606_0946_low_value_intermediates/student/work/ex205_ex209_frontend_bf16_semantic_20260606_0946/ex208/verilog/ex208_bf16_sinh_odd_pos_fullword_h3.v,student/archive/cleanup_20260606/ex205_ex209_frontend_bf16_semantic_20260606_0946_low_value_intermediates/student/work/ex205_ex209_frontend_bf16_semantic_20260606_0946/ex208/aigs/ex208_bf16_sinh_odd_pos_fullword_h3.aig,1,1,2274,16,36384,5.318,positive-domain full word with odd sign flip hi_bits=3 items=16958; archived_low_value_intermediate
ex208,ex208_bf16_sinh_odd_pos_fullword_h4,bf16_sinh,sinh,odd_pos_fullword_h4,student/archive/cleanup_20260606/ex205_ex209_frontend_bf16_semantic_20260606_0946_low_value_intermediates/student/work/ex205_ex209_frontend_bf16_semantic_20260606_0946/ex208/verilog/ex208_bf16_sinh_odd_pos_fullword_h4.v,student/archive/cleanup_20260606/ex205_ex209_frontend_bf16_semantic_20260606_0946_low_value_intermediates/student/work/ex205_ex209_frontend_bf16_semantic_20260606_0946/ex208/aigs/ex208_bf16_sinh_odd_pos_fullword_h4.aig,1,1,2325,15,34875,15.532,positive-domain full word with odd sign flip hi_bits=4 items=16968; archived_low_value_intermediate
ex208,ex208_bf16_sinh_legacy_split_sign_exp_mant_case,bf16_sinh,sinh,legacy_split_sign_exp_mant_case,student/work/ex205_ex209_frontend_bf16_semantic_20260606_0946/ex208/verilog/ex208_bf16_sinh_legacy_split_sign_exp_mant_case.v,student/work/ex205_ex209_frontend_bf16_semantic_20260606_0946/ex208/aigs/ex208_bf16_sinh_legacy_split_sign_exp_mant_case.aig,1,1,2208,15,33120,6.380,legacy bf16_verilog_search split_sign_exp_mant_case; 34548; curated_active_seed
ex209,ex209_bf16_tanh_legacy_sign_exp_default_expr_case,bf16_tanh,tanh,legacy_sign_exp_default_expr_case,student/work/ex205_ex209_frontend_bf16_semantic_20260606_0946/ex209/verilog/ex209_bf16_tanh_legacy_sign_exp_default_expr_case.v,student/work/ex205_ex209_frontend_bf16_semantic_20260606_0946/ex209/aigs/ex209_bf16_tanh_legacy_sign_exp_default_expr_case.aig,1,1,765,13,9945,3.525,"legacy bf16_verilog_search sign_exp_default_expr_case; groups=512; full_default_groups=246; exceptions=33680; defaults=abs_input:385,input:123,nan:2,sign_zero:2; curated_active_seed"
ex209,ex209_bf16_tanh_odd_pos_fullword_h3,bf16_tanh,tanh,odd_pos_fullword_h3,student/archive/cleanup_20260606/ex205_ex209_frontend_bf16_semantic_20260606_0946_low_value_intermediates/student/work/ex205_ex209_frontend_bf16_semantic_20260606_0946/ex209/verilog/ex209_bf16_tanh_odd_pos_fullword_h3.v,student/archive/cleanup_20260606/ex205_ex209_frontend_bf16_semantic_20260606_0946_low_value_intermediates/student/work/ex205_ex209_frontend_bf16_semantic_20260606_0946/ex209/aigs/ex209_bf16_tanh_odd_pos_fullword_h3.aig,1,1,887,14,12418,4.633,positive-domain full word with odd sign flip hi_bits=3 items=16264; archived_low_value_intermediate
ex209,ex209_bf16_tanh_odd_pos_fullword_h4,bf16_tanh,tanh,odd_pos_fullword_h4,student/archive/cleanup_20260606/ex205_ex209_frontend_bf16_semantic_20260606_0946_low_value_intermediates/student/work/ex205_ex209_frontend_bf16_semantic_20260606_0946/ex209/verilog/ex209_bf16_tanh_odd_pos_fullword_h4.v,student/archive/cleanup_20260606/ex205_ex209_frontend_bf16_semantic_20260606_0946_low_value_intermediates/student/work/ex205_ex209_frontend_bf16_semantic_20260606_0946/ex209/aigs/ex209_bf16_tanh_odd_pos_fullword_h4.aig,1,1,889,14,12446,13.774,positive-domain full word with odd sign flip hi_bits=4 items=16241; archived_low_value_intermediate
ex205,ex205_bf16_log10_hilo3_word_mode_bits_15_bh3,bf16_log10,log10,hilo3_word_mode_bits_15_bh3,student/archive/cleanup_20260606/ex205_ex209_frontend_bf16_semantic_20260606_0946_low_value_intermediates/student/work/ex205_ex209_frontend_bf16_semantic_20260606_0946/ex205/verilog/ex205_bf16_log10_hilo3_word_mode_bits_15_bh3.v,student/archive/cleanup_20260606/ex205_ex209_frontend_bf16_semantic_20260606_0946_low_value_intermediates/student/work/ex205_ex209_frontend_bf16_semantic_20260606_0946/ex205/aigs/ex205_bf16_log10_hilo3_word_mode_bits_15_bh3.aig,1,1,4477,18,80586,6.546,hilo3 word mode base with bit overrides bits=15 bit_hi_bits=3 items=7634; archived_low_value_intermediate
ex205,ex205_bf16_log10_hilo3_word_mode_bits_15_runs,bf16_log10,log10,hilo3_word_mode_bits_15_runs,student/archive/cleanup_20260606/ex205_ex209_frontend_bf16_semantic_20260606_0946_low_value_intermediates/student/work/ex205_ex209_frontend_bf16_semantic_20260606_0946/ex205/verilog/ex205_bf16_log10_hilo3_word_mode_bits_15_runs.v,student/archive/cleanup_20260606/ex205_ex209_frontend_bf16_semantic_20260606_0946_low_value_intermediates/student/work/ex205_ex209_frontend_bf16_semantic_20260606_0946/ex205/aigs/ex205_bf16_log10_hilo3_word_mode_bits_15_runs.aig,1,1,4477,18,80586,6.430,hilo3 word mode base with bit overrides bits=15 bit_hi_bits=runs items=7634; archived_low_value_intermediate
ex205,ex205_bf16_log10_hilo3_word_mode_bits_15_cmp,bf16_log10,log10,hilo3_word_mode_bits_15_cmp,student/archive/cleanup_20260606/ex205_ex209_frontend_bf16_semantic_20260606_0946_low_value_intermediates/student/work/ex205_ex209_frontend_bf16_semantic_20260606_0946/ex205/verilog/ex205_bf16_log10_hilo3_word_mode_bits_15_cmp.v,student/archive/cleanup_20260606/ex205_ex209_frontend_bf16_semantic_20260606_0946_low_value_intermediates/student/work/ex205_ex209_frontend_bf16_semantic_20260606_0946/ex205/aigs/ex205_bf16_log10_hilo3_word_mode_bits_15_cmp.aig,1,1,4477,18,80586,6.627,hilo3 word mode base with bit overrides bits=15 bit_hi_bits=cmp items=7634; archived_low_value_intermediate
ex205,ex205_bf16_log10_hilo3_word_mode_bits_15_14_bh3,bf16_log10,log10,hilo3_word_mode_bits_15_14_bh3,student/archive/cleanup_20260606/ex205_ex209_frontend_bf16_semantic_20260606_0946_low_value_intermediates/student/work/ex205_ex209_frontend_bf16_semantic_20260606_0946/ex205/verilog/ex205_bf16_log10_hilo3_word_mode_bits_15_14_bh3.v,student/archive/cleanup_20260606/ex205_ex209_frontend_bf16_semantic_20260606_0946_low_value_intermediates/student/work/ex205_ex209_frontend_bf16_semantic_20260606_0946/ex205/aigs/ex205_bf16_log10_hilo3_word_mode_bits_15_14_bh3.aig,1,1,4479,18,80622,6.515,hilo3 word mode base with bit overrides bits=15_14 bit_hi_bits=3 items=7668; archived_low_value_intermediate
ex205,ex205_bf16_log10_hilo3_word_mode_bits_14_bh3,bf16_log10,log10,hilo3_word_mode_bits_14_bh3,student/archive/cleanup_20260606/ex205_ex209_frontend_bf16_semantic_20260606_0946_low_value_intermediates/student/work/ex205_ex209_frontend_bf16_semantic_20260606_0946/ex205/verilog/ex205_bf16_log10_hilo3_word_mode_bits_14_bh3.v,student/archive/cleanup_20260606/ex205_ex209_frontend_bf16_semantic_20260606_0946_low_value_intermediates/student/work/ex205_ex209_frontend_bf16_semantic_20260606_0946/ex205/aigs/ex205_bf16_log10_hilo3_word_mode_bits_14_bh3.aig,1,1,4506,18,81108,6.515,hilo3 word mode base with bit overrides bits=14 bit_hi_bits=3 items=7660; archived_low_value_intermediate
ex205,ex205_bf16_log10_hilo3_field_mode_bits_15_bh3,bf16_log10,log10,hilo3_field_mode_bits_15_bh3,student/archive/cleanup_20260606/ex205_ex209_frontend_bf16_semantic_20260606_0946_low_value_intermediates/student/work/ex205_ex209_frontend_bf16_semantic_20260606_0946/ex205/verilog/ex205_bf16_log10_hilo3_field_mode_bits_15_bh3.v,student/archive/cleanup_20260606/ex205_ex209_frontend_bf16_semantic_20260606_0946_low_value_intermediates/student/work/ex205_ex209_frontend_bf16_semantic_20260606_0946/ex205/aigs/ex205_bf16_log10_hilo3_field_mode_bits_15_bh3.aig,1,1,4520,18,81360,7.706,hilo3 field mode base with bit overrides bits=15 bit_hi_bits=3 items=7634; archived_low_value_intermediate
ex205,ex205_bf16_log10_hilo3_field_mode_bits_15_14_bh3,bf16_log10,log10,hilo3_field_mode_bits_15_14_bh3,student/archive/cleanup_20260606/ex205_ex209_frontend_bf16_semantic_20260606_0946_low_value_intermediates/student/work/ex205_ex209_frontend_bf16_semantic_20260606_0946/ex205/verilog/ex205_bf16_log10_hilo3_field_mode_bits_15_14_bh3.v,student/archive/cleanup_20260606/ex205_ex209_frontend_bf16_semantic_20260606_0946_low_value_intermediates/student/work/ex205_ex209_frontend_bf16_semantic_20260606_0946/ex205/aigs/ex205_bf16_log10_hilo3_field_mode_bits_15_14_bh3.aig,1,1,4561,17,77537,7.685,hilo3 field mode base with bit overrides bits=15_14 bit_hi_bits=3 items=7668; archived_low_value_intermediate
ex205,ex205_bf16_log10_sep_fields_e3_m3_s0_bits_15_bh3,bf16_log10,log10,sep_fields_e3_m3_s0_bits_15_bh3,student/archive/cleanup_20260606/ex205_ex209_frontend_bf16_semantic_20260606_0946_low_value_intermediates/student/work/ex205_ex209_frontend_bf16_semantic_20260606_0946/ex205/verilog/ex205_bf16_log10_sep_fields_e3_m3_s0_bits_15_bh3.v,student/archive/cleanup_20260606/ex205_ex209_frontend_bf16_semantic_20260606_0946_low_value_intermediates/student/work/ex205_ex209_frontend_bf16_semantic_20260606_0946/ex205/aigs/ex205_bf16_log10_sep_fields_e3_m3_s0_bits_15_bh3.aig,1,1,4463,17,75871,5.901,separate fields exp_hi=3 mant_hi=3 sign_hi=0 items=7913; sep bit overrides bits=15 bit_hi_bits=3 bit_items=8; archived_low_value_intermediate
ex205,ex205_bf16_log10_sep_fields_e3_m3_s0_bits_15_14_bh3,bf16_log10,log10,sep_fields_e3_m3_s0_bits_15_14_bh3,student/archive/cleanup_20260606/ex205_ex209_frontend_bf16_semantic_20260606_0946_low_value_intermediates/student/work/ex205_ex209_frontend_bf16_semantic_20260606_0946/ex205/verilog/ex205_bf16_log10_sep_fields_e3_m3_s0_bits_15_14_bh3.v,student/archive/cleanup_20260606/ex205_ex209_frontend_bf16_semantic_20260606_0946_low_value_intermediates/student/work/ex205_ex209_frontend_bf16_semantic_20260606_0946/ex205/aigs/ex205_bf16_log10_sep_fields_e3_m3_s0_bits_15_14_bh3.aig,1,1,4489,18,80802,5.866,separate fields exp_hi=3 mant_hi=3 sign_hi=0 items=7913; sep bit overrides bits=15_14 bit_hi_bits=3 bit_items=42; archived_low_value_intermediate
ex205,ex205_bf16_log10_sep_fields_e3_m3_s0_bits_15_bh1,bf16_log10,log10,sep_fields_e3_m3_s0_bits_15_bh1,student/work/ex205_ex209_frontend_bf16_semantic_20260606_0946/ex205/verilog/ex205_bf16_log10_sep_fields_e3_m3_s0_bits_15_bh1.v,student/work/ex205_ex209_frontend_bf16_semantic_20260606_0946/ex205/aigs/ex205_bf16_log10_sep_fields_e3_m3_s0_bits_15_bh1.aig,1,1,4463,17,75871,5.907,separate fields exp_hi=3 mant_hi=3 sign_hi=0 items=7913; sep bit overrides bits=15 bit_hi_bits=1 bit_items=8; curated_active_seed
ex205,ex205_bf16_log10_sep_fields_e3_m3_s0_bits_15_bh2,bf16_log10,log10,sep_fields_e3_m3_s0_bits_15_bh2,student/archive/cleanup_20260606/ex205_ex209_frontend_bf16_semantic_20260606_0946_low_value_intermediates/student/work/ex205_ex209_frontend_bf16_semantic_20260606_0946/ex205/verilog/ex205_bf16_log10_sep_fields_e3_m3_s0_bits_15_bh2.v,student/archive/cleanup_20260606/ex205_ex209_frontend_bf16_semantic_20260606_0946_low_value_intermediates/student/work/ex205_ex209_frontend_bf16_semantic_20260606_0946/ex205/aigs/ex205_bf16_log10_sep_fields_e3_m3_s0_bits_15_bh2.aig,1,1,4463,17,75871,5.765,separate fields exp_hi=3 mant_hi=3 sign_hi=0 items=7913; sep bit overrides bits=15 bit_hi_bits=2 bit_items=8; archived_low_value_intermediate
ex205,ex205_bf16_log10_sep_fields_e3_m3_s0_bits_15_bh4,bf16_log10,log10,sep_fields_e3_m3_s0_bits_15_bh4,student/archive/cleanup_20260606/ex205_ex209_frontend_bf16_semantic_20260606_0946_low_value_intermediates/student/work/ex205_ex209_frontend_bf16_semantic_20260606_0946/ex205/verilog/ex205_bf16_log10_sep_fields_e3_m3_s0_bits_15_bh4.v,student/archive/cleanup_20260606/ex205_ex209_frontend_bf16_semantic_20260606_0946_low_value_intermediates/student/work/ex205_ex209_frontend_bf16_semantic_20260606_0946/ex205/aigs/ex205_bf16_log10_sep_fields_e3_m3_s0_bits_15_bh4.aig,1,1,4463,17,75871,5.910,separate fields exp_hi=3 mant_hi=3 sign_hi=0 items=7913; sep bit overrides bits=15 bit_hi_bits=4 bit_items=8; archived_low_value_intermediate
ex205,ex205_bf16_log10_sep_fields_e3_m3_s0_bits_15_runs,bf16_log10,log10,sep_fields_e3_m3_s0_bits_15_runs,student/archive/cleanup_20260606/ex205_ex209_frontend_bf16_semantic_20260606_0946_low_value_intermediates/student/work/ex205_ex209_frontend_bf16_semantic_20260606_0946/ex205/verilog/ex205_bf16_log10_sep_fields_e3_m3_s0_bits_15_runs.v,student/archive/cleanup_20260606/ex205_ex209_frontend_bf16_semantic_20260606_0946_low_value_intermediates/student/work/ex205_ex209_frontend_bf16_semantic_20260606_0946/ex205/aigs/ex205_bf16_log10_sep_fields_e3_m3_s0_bits_15_runs.aig,1,1,4463,17,75871,6.143,separate fields exp_hi=3 mant_hi=3 sign_hi=0 items=7913; sep bit overrides bits=15 bit_hi_bits=runs bit_items=8; archived_low_value_intermediate
ex205,ex205_bf16_log10_sep_fields_e3_m3_s0_bits_15_cmp,bf16_log10,log10,sep_fields_e3_m3_s0_bits_15_cmp,student/archive/cleanup_20260606/ex205_ex209_frontend_bf16_semantic_20260606_0946_low_value_intermediates/student/work/ex205_ex209_frontend_bf16_semantic_20260606_0946/ex205/verilog/ex205_bf16_log10_sep_fields_e3_m3_s0_bits_15_cmp.v,student/archive/cleanup_20260606/ex205_ex209_frontend_bf16_semantic_20260606_0946_low_value_intermediates/student/work/ex205_ex209_frontend_bf16_semantic_20260606_0946/ex205/aigs/ex205_bf16_log10_sep_fields_e3_m3_s0_bits_15_cmp.aig,1,1,4463,17,75871,5.728,separate fields exp_hi=3 mant_hi=3 sign_hi=0 items=7913; sep bit overrides bits=15 bit_hi_bits=cmp bit_items=8; archived_low_value_intermediate
ex205,ex205_bf16_log10_sep_fields_e3_m3_s0_bits_15_pla,bf16_log10,log10,sep_fields_e3_m3_s0_bits_15_pla,student/archive/cleanup_20260606/ex205_ex209_frontend_bf16_semantic_20260606_0946_low_value_intermediates/student/work/ex205_ex209_frontend_bf16_semantic_20260606_0946/ex205/verilog/ex205_bf16_log10_sep_fields_e3_m3_s0_bits_15_pla.v,student/archive/cleanup_20260606/ex205_ex209_frontend_bf16_semantic_20260606_0946_low_value_intermediates/student/work/ex205_ex209_frontend_bf16_semantic_20260606_0946/ex205/aigs/ex205_bf16_log10_sep_fields_e3_m3_s0_bits_15_pla.aig,1,1,4463,17,75871,6.120,separate fields exp_hi=3 mant_hi=3 sign_hi=0 items=7913; sep bit overrides bits=15 bit_hi_bits=pla bit_items=8; archived_low_value_intermediate
ex205,ex205_bf16_log10_sep_fields_e4_m3_s0_bits_15_bh3,bf16_log10,log10,sep_fields_e4_m3_s0_bits_15_bh3,student/archive/cleanup_20260606/ex205_ex209_frontend_bf16_semantic_20260606_0946_low_value_intermediates/student/work/ex205_ex209_frontend_bf16_semantic_20260606_0946/ex205/verilog/ex205_bf16_log10_sep_fields_e4_m3_s0_bits_15_bh3.v,student/archive/cleanup_20260606/ex205_ex209_frontend_bf16_semantic_20260606_0946_low_value_intermediates/student/work/ex205_ex209_frontend_bf16_semantic_20260606_0946/ex205/aigs/ex205_bf16_log10_sep_fields_e4_m3_s0_bits_15_bh3.aig,1,1,4475,17,76075,6.248,separate fields exp_hi=4 mant_hi=3 sign_hi=0 items=7986; sep bit overrides bits=15 bit_hi_bits=3 bit_items=8; archived_low_value_intermediate
ex205,ex205_bf16_log10_sep_fields_e2_m3_s0_bits_15_bh3,bf16_log10,log10,sep_fields_e2_m3_s0_bits_15_bh3,student/archive/cleanup_20260606/ex205_ex209_frontend_bf16_semantic_20260606_0946_low_value_intermediates/student/work/ex205_ex209_frontend_bf16_semantic_20260606_0946/ex205/verilog/ex205_bf16_log10_sep_fields_e2_m3_s0_bits_15_bh3.v,student/archive/cleanup_20260606/ex205_ex209_frontend_bf16_semantic_20260606_0946_low_value_intermediates/student/work/ex205_ex209_frontend_bf16_semantic_20260606_0946/ex205/aigs/ex205_bf16_log10_sep_fields_e2_m3_s0_bits_15_bh3.aig,1,1,4471,18,80478,5.835,separate fields exp_hi=2 mant_hi=3 sign_hi=0 items=7930; sep bit overrides bits=15 bit_hi_bits=3 bit_items=8; archived_low_value_intermediate
ex205,ex205_bf16_log10_sep_fields_e3_m4_s0_bits_15_bh3,bf16_log10,log10,sep_fields_e3_m4_s0_bits_15_bh3,student/archive/cleanup_20260606/ex205_ex209_frontend_bf16_semantic_20260606_0946_low_value_intermediates/student/work/ex205_ex209_frontend_bf16_semantic_20260606_0946/ex205/verilog/ex205_bf16_log10_sep_fields_e3_m4_s0_bits_15_bh3.v,student/archive/cleanup_20260606/ex205_ex209_frontend_bf16_semantic_20260606_0946_low_value_intermediates/student/work/ex205_ex209_frontend_bf16_semantic_20260606_0946/ex205/aigs/ex205_bf16_log10_sep_fields_e3_m4_s0_bits_15_bh3.aig,1,1,4560,20,91200,6.028,separate fields exp_hi=3 mant_hi=4 sign_hi=0 items=7669; sep bit overrides bits=15 bit_hi_bits=3 bit_items=8; archived_low_value_intermediate
ex206,ex206_bf16_sin_split_sign_word_h2,bf16_sin,sin,split_sign_word_h2,student/archive/cleanup_20260606/ex205_ex209_frontend_bf16_semantic_20260606_0946_low_value_intermediates/student/work/ex205_ex209_frontend_bf16_semantic_20260606_0946/ex206/verilog/ex206_bf16_sin_split_sign_word_h2.v,student/archive/cleanup_20260606/ex205_ex209_frontend_bf16_semantic_20260606_0946_low_value_intermediates/student/work/ex205_ex209_frontend_bf16_semantic_20260606_0946/ex206/aigs/ex206_bf16_sin_split_sign_word_h2.aig,1,1,29797,21,625737,36.759,split-sign word hi_bits=2 items=64514; archived_low_value_intermediate
ex206,ex206_bf16_sin_split_sign_word_h4,bf16_sin,sin,split_sign_word_h4,student/work/ex205_ex209_frontend_bf16_semantic_20260606_0946/ex206/verilog/ex206_bf16_sin_split_sign_word_h4.v,student/work/ex205_ex209_frontend_bf16_semantic_20260606_0946/ex206/aigs/ex206_bf16_sin_split_sign_word_h4.aig,1,1,27149,21,570129,69.910,split-sign word hi_bits=4 items=64718; curated_active_seed
ex206,ex206_bf16_sin_split_sign_word_h5,bf16_sin,sin,split_sign_word_h5,student/archive/cleanup_20260606/ex205_ex209_frontend_bf16_semantic_20260606_0946_low_value_intermediates/student/work/ex205_ex209_frontend_bf16_semantic_20260606_0946/ex206/verilog/ex206_bf16_sin_split_sign_word_h5.v,student/archive/cleanup_20260606/ex205_ex209_frontend_bf16_semantic_20260606_0946_low_value_intermediates/student/work/ex205_ex209_frontend_bf16_semantic_20260606_0946/ex206/aigs/ex206_bf16_sin_split_sign_word_h5.aig,1,1,26968,22,593296,96.736,split-sign word hi_bits=5 items=64772; archived_low_value_intermediate
ex206,ex206_bf16_sin_odd_pos_fullword_h2,bf16_sin,sin,odd_pos_fullword_h2,student/archive/cleanup_20260606/ex205_ex209_frontend_bf16_semantic_20260606_0946_low_value_intermediates/student/work/ex205_ex209_frontend_bf16_semantic_20260606_0946/ex206/verilog/ex206_bf16_sin_odd_pos_fullword_h2.v,student/archive/cleanup_20260606/ex205_ex209_frontend_bf16_semantic_20260606_0946_low_value_intermediates/student/work/ex205_ex209_frontend_bf16_semantic_20260606_0946/ex206/aigs/ex206_bf16_sin_odd_pos_fullword_h2.aig,1,1,29531,21,620151,24.309,positive-domain full word with odd sign flip hi_bits=2 items=32257; archived_low_value_intermediate
ex206,ex206_bf16_sin_odd_pos_fullword_h5,bf16_sin,sin,odd_pos_fullword_h5,student/archive/cleanup_20260606/ex205_ex209_frontend_bf16_semantic_20260606_0946_low_value_intermediates/student/work/ex205_ex209_frontend_bf16_semantic_20260606_0946/ex206/verilog/ex206_bf16_sin_odd_pos_fullword_h5.v,student/archive/cleanup_20260606/ex205_ex209_frontend_bf16_semantic_20260606_0946_low_value_intermediates/student/work/ex205_ex209_frontend_bf16_semantic_20260606_0946/ex206/aigs/ex206_bf16_sin_odd_pos_fullword_h5.aig,1,1,26704,23,614192,50.687,positive-domain full word with odd sign flip hi_bits=5 items=32386; archived_low_value_intermediate
ex206,ex206_bf16_sin_odd_pos_fullword_h6,bf16_sin,sin,odd_pos_fullword_h6,student/archive/cleanup_20260606/ex205_ex209_frontend_bf16_semantic_20260606_0946_low_value_intermediates/student/work/ex205_ex209_frontend_bf16_semantic_20260606_0946/ex206/verilog/ex206_bf16_sin_odd_pos_fullword_h6.v,student/archive/cleanup_20260606/ex205_ex209_frontend_bf16_semantic_20260606_0946_low_value_intermediates/student/work/ex205_ex209_frontend_bf16_semantic_20260606_0946/ex206/aigs/ex206_bf16_sin_odd_pos_fullword_h6.aig,1,1,27345,22,601590,53.693,positive-domain full word with odd sign flip hi_bits=6 items=32440; archived_low_value_intermediate
ex206,ex206_bf16_sin_split_sign_sep_fields_e4_m3_s3,bf16_sin,sin,split_sign_sep_fields_e4_m3_s3,student/archive/cleanup_20260606/ex205_ex209_frontend_bf16_semantic_20260606_0946_low_value_intermediates/student/work/ex205_ex209_frontend_bf16_semantic_20260606_0946/ex206/verilog/ex206_bf16_sin_split_sign_sep_fields_e4_m3_s3.v,student/archive/cleanup_20260606/ex205_ex209_frontend_bf16_semantic_20260606_0946_low_value_intermediates/student/work/ex205_ex209_frontend_bf16_semantic_20260606_0946/ex206/aigs/ex206_bf16_sin_split_sign_sep_fields_e4_m3_s3.aig,1,1,30314,20,606280,52.582,split-sign separate fields exp_hi=4 mant_hi=3 sign_hi=3 items=95621; archived_low_value_intermediate
ex206,ex206_bf16_sin_split_sign_sep_fields_e3_m4_s3,bf16_sin,sin,split_sign_sep_fields_e3_m4_s3,student/archive/cleanup_20260606/ex205_ex209_frontend_bf16_semantic_20260606_0946_low_value_intermediates/student/work/ex205_ex209_frontend_bf16_semantic_20260606_0946/ex206/verilog/ex206_bf16_sin_split_sign_sep_fields_e3_m4_s3.v,student/archive/cleanup_20260606/ex205_ex209_frontend_bf16_semantic_20260606_0946_low_value_intermediates/student/work/ex205_ex209_frontend_bf16_semantic_20260606_0946/ex206/aigs/ex206_bf16_sin_split_sign_sep_fields_e3_m4_s3.aig,1,1,28809,21,604989,45.604,split-sign separate fields exp_hi=3 mant_hi=4 sign_hi=3 items=94297; archived_low_value_intermediate
ex206,ex206_bf16_sin_sep_fields_e4_m3_s3,bf16_sin,sin,sep_fields_e4_m3_s3,student/archive/cleanup_20260606/ex205_ex209_frontend_bf16_semantic_20260606_0946_low_value_intermediates/student/work/ex205_ex209_frontend_bf16_semantic_20260606_0946/ex206/verilog/ex206_bf16_sin_sep_fields_e4_m3_s3.v,student/archive/cleanup_20260606/ex205_ex209_frontend_bf16_semantic_20260606_0946_low_value_intermediates/student/work/ex205_ex209_frontend_bf16_semantic_20260606_0946/ex206/aigs/ex206_bf16_sin_sep_fields_e4_m3_s3.aig,1,1,30585,23,703455,59.402,separate fields exp_hi=4 mant_hi=3 sign_hi=3 items=95621; archived_low_value_intermediate
ex206,ex206_bf16_sin_sep_fields_e3_m4_s3,bf16_sin,sin,sep_fields_e3_m4_s3,student/archive/cleanup_20260606/ex205_ex209_frontend_bf16_semantic_20260606_0946_low_value_intermediates/student/work/ex205_ex209_frontend_bf16_semantic_20260606_0946/ex206/verilog/ex206_bf16_sin_sep_fields_e3_m4_s3.v,student/archive/cleanup_20260606/ex205_ex209_frontend_bf16_semantic_20260606_0946_low_value_intermediates/student/work/ex205_ex209_frontend_bf16_semantic_20260606_0946/ex206/aigs/ex206_bf16_sin_sep_fields_e3_m4_s3.aig,1,1,28585,22,628870,53.532,separate fields exp_hi=3 mant_hi=4 sign_hi=3 items=94297; archived_low_value_intermediate
ex206,ex206_bf16_sin_sep_fields_e3_m3_s3_bits_15_bh3,bf16_sin,sin,sep_fields_e3_m3_s3_bits_15_bh3,student/archive/cleanup_20260606/ex205_ex209_frontend_bf16_semantic_20260606_0946_low_value_intermediates/student/work/ex205_ex209_frontend_bf16_semantic_20260606_0946/ex206/verilog/ex206_bf16_sin_sep_fields_e3_m3_s3_bits_15_bh3.v,student/archive/cleanup_20260606/ex205_ex209_frontend_bf16_semantic_20260606_0946_low_value_intermediates/student/work/ex205_ex209_frontend_bf16_semantic_20260606_0946/ex206/aigs/ex206_bf16_sin_sep_fields_e3_m3_s3_bits_15_bh3.aig,1,1,30268,21,635628,69.706,separate fields exp_hi=3 mant_hi=3 sign_hi=3 items=93803; sep bit overrides bits=15 bit_hi_bits=3 bit_items=15765; archived_low_value_intermediate
ex206,ex206_bf16_sin_sep_fields_e3_m3_s3_bits_15_14_bh3,bf16_sin,sin,sep_fields_e3_m3_s3_bits_15_14_bh3,student/archive/cleanup_20260606/ex205_ex209_frontend_bf16_semantic_20260606_0946_low_value_intermediates/student/work/ex205_ex209_frontend_bf16_semantic_20260606_0946/ex206/verilog/ex206_bf16_sin_sep_fields_e3_m3_s3_bits_15_14_bh3.v,student/archive/cleanup_20260606/ex205_ex209_frontend_bf16_semantic_20260606_0946_low_value_intermediates/student/work/ex205_ex209_frontend_bf16_semantic_20260606_0946/ex206/aigs/ex206_bf16_sin_sep_fields_e3_m3_s3_bits_15_14_bh3.aig,1,1,30274,22,666028,66.237,separate fields exp_hi=3 mant_hi=3 sign_hi=3 items=93803; sep bit overrides bits=15_14 bit_hi_bits=3 bit_items=15767; archived_low_value_intermediate
ex206,ex206_bf16_sin_hilo4_word_mode_bits_15_pla,bf16_sin,sin,hilo4_word_mode_bits_15_pla,student/archive/cleanup_20260606/ex205_ex209_frontend_bf16_semantic_20260606_0946_low_value_intermediates/student/work/ex205_ex209_frontend_bf16_semantic_20260606_0946/ex206/verilog/ex206_bf16_sin_hilo4_word_mode_bits_15_pla.v,student/archive/cleanup_20260606/ex205_ex209_frontend_bf16_semantic_20260606_0946_low_value_intermediates/student/work/ex205_ex209_frontend_bf16_semantic_20260606_0946/ex206/aigs/ex206_bf16_sin_hilo4_word_mode_bits_15_pla.aig,1,1,32015,21,672315,88.811,hi_lo split field_mode=False hi_bits=4 default_mode=default_override items=64718; generic hilo word bit overrides bits=15 bit_hi_bits=pla bit_items=5539; archived_low_value_intermediate
ex206,ex206_bf16_sin_hilo4_word_mode_bits_15_14_bh3,bf16_sin,sin,hilo4_word_mode_bits_15_14_bh3,student/archive/cleanup_20260606/ex205_ex209_frontend_bf16_semantic_20260606_0946_low_value_intermediates/student/work/ex205_ex209_frontend_bf16_semantic_20260606_0946/ex206/verilog/ex206_bf16_sin_hilo4_word_mode_bits_15_14_bh3.v,student/archive/cleanup_20260606/ex205_ex209_frontend_bf16_semantic_20260606_0946_low_value_intermediates/student/work/ex205_ex209_frontend_bf16_semantic_20260606_0946/ex206/aigs/ex206_bf16_sin_hilo4_word_mode_bits_15_14_bh3.aig,1,1,30728,21,645288,100.197,hi_lo split field_mode=False hi_bits=4 default_mode=default_override items=64718; generic hilo word bit overrides bits=15_14 bit_hi_bits=3 bit_items=15767; archived_low_value_intermediate
ex206,ex206_bf16_sin_odd_pos_fullword_expnan_h4,bf16_sin,sin,odd_pos_fullword_expnan_h4,student/archive/cleanup_20260606/ex205_ex209_frontend_bf16_semantic_20260606_0946_low_value_intermediates/student/work/ex205_ex209_frontend_bf16_semantic_20260606_0946/ex206/verilog/ex206_bf16_sin_odd_pos_fullword_expnan_h4.v,student/archive/cleanup_20260606/ex205_ex209_frontend_bf16_semantic_20260606_0946_low_value_intermediates/student/work/ex205_ex209_frontend_bf16_semantic_20260606_0946/ex206/aigs/ex206_bf16_sin_odd_pos_fullword_expnan_h4.aig,1,1,26860,23,617780,38.662,positive-domain full word with odd sign flip hi_bits=4 items=32359; NaN special simplified to exp==255; archived_low_value_intermediate
ex206,ex206_bf16_sin_odd_pos_fullword_expnan_h5,bf16_sin,sin,odd_pos_fullword_expnan_h5,student/archive/cleanup_20260606/ex205_ex209_frontend_bf16_semantic_20260606_0946_low_value_intermediates/student/work/ex205_ex209_frontend_bf16_semantic_20260606_0946/ex206/verilog/ex206_bf16_sin_odd_pos_fullword_expnan_h5.v,student/archive/cleanup_20260606/ex205_ex209_frontend_bf16_semantic_20260606_0946_low_value_intermediates/student/work/ex205_ex209_frontend_bf16_semantic_20260606_0946/ex206/aigs/ex206_bf16_sin_odd_pos_fullword_expnan_h5.aig,1,1,26679,24,640296,49.085,positive-domain full word with odd sign flip hi_bits=5 items=32386; NaN special simplified to exp==255; archived_low_value_intermediate
ex206,ex206_bf16_sin_split_sign_word_h6,bf16_sin,sin,split_sign_word_h6,student/archive/cleanup_20260606/ex205_ex209_frontend_bf16_semantic_20260606_0946_low_value_intermediates/student/work/ex205_ex209_frontend_bf16_semantic_20260606_0946/ex206/verilog/ex206_bf16_sin_split_sign_word_h6.v,student/archive/cleanup_20260606/ex205_ex209_frontend_bf16_semantic_20260606_0946_low_value_intermediates/student/work/ex205_ex209_frontend_bf16_semantic_20260606_0946/ex206/aigs/ex206_bf16_sin_split_sign_word_h6.aig,1,1,27642,21,580482,104.052,split-sign word hi_bits=6 items=64880; archived_low_value_intermediate
ex206,ex206_bf16_sin_legacy_exp_mant_pair_case,bf16_sin,sin,legacy_exp_mant_pair_case,student/archive/cleanup_20260606/ex205_ex209_frontend_bf16_semantic_20260606_0946_low_value_intermediates/student/work/ex205_ex209_frontend_bf16_semantic_20260606_0946/ex206/verilog/ex206_bf16_sin_legacy_exp_mant_pair_case.v,student/archive/cleanup_20260606/ex205_ex209_frontend_bf16_semantic_20260606_0946_low_value_intermediates/student/work/ex205_ex209_frontend_bf16_semantic_20260606_0946/ex206/aigs/ex206_bf16_sin_legacy_exp_mant_pair_case.aig,1,1,30927,22,680394,26.658,legacy bf16_verilog_search exp_mant_pair_case; 32514; archived_low_value_intermediate
ex207,ex207_bf16_tan_odd_pos_fullword_expnan_h4,bf16_tan,tan,odd_pos_fullword_expnan_h4,student/archive/cleanup_20260606/ex205_ex209_frontend_bf16_semantic_20260606_0946_low_value_intermediates/student/work/ex205_ex209_frontend_bf16_semantic_20260606_0946/ex207/verilog/ex207_bf16_tan_odd_pos_fullword_expnan_h4.v,student/archive/cleanup_20260606/ex205_ex209_frontend_bf16_semantic_20260606_0946_low_value_intermediates/student/work/ex205_ex209_frontend_bf16_semantic_20260606_0946/ex207/aigs/ex207_bf16_tan_odd_pos_fullword_expnan_h4.aig,1,1,30600,22,673200,40.298,positive-domain full word with odd sign flip hi_bits=4 items=32509; NaN special simplified to exp==255; archived_low_value_intermediate
ex207,ex207_bf16_tan_odd_pos_fullword_expnan_h5,bf16_tan,tan,odd_pos_fullword_expnan_h5,student/archive/cleanup_20260606/ex205_ex209_frontend_bf16_semantic_20260606_0946_low_value_intermediates/student/work/ex205_ex209_frontend_bf16_semantic_20260606_0946/ex207/verilog/ex207_bf16_tan_odd_pos_fullword_expnan_h5.v,student/archive/cleanup_20260606/ex205_ex209_frontend_bf16_semantic_20260606_0946_low_value_intermediates/student/work/ex205_ex209_frontend_bf16_semantic_20260606_0946/ex207/aigs/ex207_bf16_tan_odd_pos_fullword_expnan_h5.aig,1,1,30488,23,701224,47.110,positive-domain full word with odd sign flip hi_bits=5 items=32507; NaN special simplified to exp==255; archived_low_value_intermediate
ex207,ex207_bf16_tan_split_sign_word_h4,bf16_tan,tan,split_sign_word_h4,student/archive/cleanup_20260606/ex205_ex209_frontend_bf16_semantic_20260606_0946_low_value_intermediates/student/work/ex205_ex209_frontend_bf16_semantic_20260606_0946/ex207/verilog/ex207_bf16_tan_split_sign_word_h4.v,student/archive/cleanup_20260606/ex205_ex209_frontend_bf16_semantic_20260606_0946_low_value_intermediates/student/work/ex205_ex209_frontend_bf16_semantic_20260606_0946/ex207/aigs/ex207_bf16_tan_split_sign_word_h4.aig,1,1,30308,22,666776,71.935,split-sign word hi_bits=4 items=65018; archived_low_value_intermediate
ex207,ex207_bf16_tan_split_sign_word_h5,bf16_tan,tan,split_sign_word_h5,student/work/ex205_ex209_frontend_bf16_semantic_20260606_0946/ex207/verilog/ex207_bf16_tan_split_sign_word_h5.v,student/work/ex205_ex209_frontend_bf16_semantic_20260606_0946/ex207/aigs/ex207_bf16_tan_split_sign_word_h5.aig,1,1,30217,21,634557,90.877,split-sign word hi_bits=5 items=65014; curated_active_seed
ex207,ex207_bf16_tan_split_sign_word_h6,bf16_tan,tan,split_sign_word_h6,student/archive/cleanup_20260606/ex205_ex209_frontend_bf16_semantic_20260606_0946_low_value_intermediates/student/work/ex205_ex209_frontend_bf16_semantic_20260606_0946/ex207/verilog/ex207_bf16_tan_split_sign_word_h6.v,student/archive/cleanup_20260606/ex205_ex209_frontend_bf16_semantic_20260606_0946_low_value_intermediates/student/work/ex205_ex209_frontend_bf16_semantic_20260606_0946/ex207/aigs/ex207_bf16_tan_split_sign_word_h6.aig,1,1,30236,22,665192,112.003,split-sign word hi_bits=6 items=65016; archived_low_value_intermediate
ex207,ex207_bf16_tan_legacy_exp_mant_pair_case,bf16_tan,tan,legacy_exp_mant_pair_case,student/archive/cleanup_20260606/ex205_ex209_frontend_bf16_semantic_20260606_0946_low_value_intermediates/student/work/ex205_ex209_frontend_bf16_semantic_20260606_0946/ex207/verilog/ex207_bf16_tan_legacy_exp_mant_pair_case.v,student/archive/cleanup_20260606/ex205_ex209_frontend_bf16_semantic_20260606_0946_low_value_intermediates/student/work/ex205_ex209_frontend_bf16_semantic_20260606_0946/ex207/aigs/ex207_bf16_tan_legacy_exp_mant_pair_case.aig,1,1,35257,22,775654,32.528,legacy bf16_verilog_search exp_mant_pair_case; 32514; archived_low_value_intermediate
ex208,ex208_bf16_sinh_default_in_const_excepts_h2,bf16_sinh,sinh,default_in_const_excepts_h2,student/archive/cleanup_20260606/ex205_ex209_frontend_bf16_semantic_20260606_0946_low_value_intermediates/student/work/ex205_ex209_frontend_bf16_semantic_20260606_0946/ex208/verilog/ex208_bf16_sinh_default_in_const_excepts_h2.v,student/archive/cleanup_20260606/ex205_ex209_frontend_bf16_semantic_20260606_0946_low_value_intermediates/student/work/ex205_ex209_frontend_bf16_semantic_20260606_0946/ex208/aigs/ex208_bf16_sinh_default_in_const_excepts_h2.aig,1,1,2243,17,38131,2.176,default expr in with exception hi_bits=2 items=2724; archived_low_value_intermediate
ex208,ex208_bf16_sinh_default_in_const_excepts_h3,bf16_sinh,sinh,default_in_const_excepts_h3,student/archive/cleanup_20260606/ex205_ex209_frontend_bf16_semantic_20260606_0946_low_value_intermediates/student/work/ex205_ex209_frontend_bf16_semantic_20260606_0946/ex208/verilog/ex208_bf16_sinh_default_in_const_excepts_h3.v,student/archive/cleanup_20260606/ex205_ex209_frontend_bf16_semantic_20260606_0946_low_value_intermediates/student/work/ex205_ex209_frontend_bf16_semantic_20260606_0946/ex208/aigs/ex208_bf16_sinh_default_in_const_excepts_h3.aig,1,1,2124,17,36108,2.267,default expr in with exception hi_bits=3 items=2702; archived_low_value_intermediate
ex208,ex208_bf16_sinh_default_in_const_excepts_h4,bf16_sinh,sinh,default_in_const_excepts_h4,student/work/ex205_ex209_frontend_bf16_semantic_20260606_0946/ex208/verilog/ex208_bf16_sinh_default_in_const_excepts_h4.v,student/work/ex205_ex209_frontend_bf16_semantic_20260606_0946/ex208/aigs/ex208_bf16_sinh_default_in_const_excepts_h4.aig,1,1,2167,15,32505,3.162,default expr in with exception hi_bits=4 items=2706; curated_active_seed
ex208,ex208_bf16_sinh_default_signed_one_const_excepts_h3,bf16_sinh,sinh,default_signed_one_const_excepts_h3,student/archive/cleanup_20260606/ex205_ex209_frontend_bf16_semantic_20260606_0946_low_value_intermediates/student/work/ex205_ex209_frontend_bf16_semantic_20260606_0946/ex208/verilog/ex208_bf16_sinh_default_signed_one_const_excepts_h3.v,student/archive/cleanup_20260606/ex205_ex209_frontend_bf16_semantic_20260606_0946_low_value_intermediates/student/work/ex205_ex209_frontend_bf16_semantic_20260606_0946/ex208/aigs/ex208_bf16_sinh_default_signed_one_const_excepts_h3.aig,1,1,2378,16,38048,11.850,"default expr {sign, 15'h3f80} with exception hi_bits=3 items=34158; archived_low_value_intermediate"
ex209,ex209_bf16_tanh_default_in_const_excepts_h2,bf16_tanh,tanh,default_in_const_excepts_h2,student/archive/cleanup_20260606/ex205_ex209_frontend_bf16_semantic_20260606_0946_low_value_intermediates/student/work/ex205_ex209_frontend_bf16_semantic_20260606_0946/ex209/verilog/ex209_bf16_tanh_default_in_const_excepts_h2.v,student/archive/cleanup_20260606/ex205_ex209_frontend_bf16_semantic_20260606_0946_low_value_intermediates/student/work/ex205_ex209_frontend_bf16_semantic_20260606_0946/ex209/aigs/ex209_bf16_tanh_default_in_const_excepts_h2.aig,1,1,765,14,10710,1.336,default expr in with exception hi_bits=2 items=1524; archived_low_value_intermediate
ex209,ex209_bf16_tanh_default_in_const_excepts_h3,bf16_tanh,tanh,default_in_const_excepts_h3,student/archive/cleanup_20260606/ex205_ex209_frontend_bf16_semantic_20260606_0946_low_value_intermediates/student/work/ex205_ex209_frontend_bf16_semantic_20260606_0946/ex209/verilog/ex209_bf16_tanh_default_in_const_excepts_h3.v,student/archive/cleanup_20260606/ex205_ex209_frontend_bf16_semantic_20260606_0946_low_value_intermediates/student/work/ex205_ex209_frontend_bf16_semantic_20260606_0946/ex209/aigs/ex209_bf16_tanh_default_in_const_excepts_h3.aig,1,1,737,15,11055,1.387,default expr in with exception hi_bits=3 items=1452; archived_low_value_intermediate
ex209,ex209_bf16_tanh_default_in_const_excepts_h4,bf16_tanh,tanh,default_in_const_excepts_h4,student/archive/cleanup_20260606/ex205_ex209_frontend_bf16_semantic_20260606_0946_low_value_intermediates/student/work/ex205_ex209_frontend_bf16_semantic_20260606_0946/ex209/verilog/ex209_bf16_tanh_default_in_const_excepts_h4.v,student/archive/cleanup_20260606/ex205_ex209_frontend_bf16_semantic_20260606_0946_low_value_intermediates/student/work/ex205_ex209_frontend_bf16_semantic_20260606_0946/ex209/aigs/ex209_bf16_tanh_default_in_const_excepts_h4.aig,1,1,745,15,11175,1.759,default expr in with exception hi_bits=4 items=1390; archived_low_value_intermediate
ex209,ex209_bf16_tanh_default_signed_one_const_excepts_h3,bf16_tanh,tanh,default_signed_one_const_excepts_h3,student/archive/cleanup_20260606/ex205_ex209_frontend_bf16_semantic_20260606_0946_low_value_intermediates/student/work/ex205_ex209_frontend_bf16_semantic_20260606_0946/ex209/verilog/ex209_bf16_tanh_default_signed_one_const_excepts_h3.v,student/archive/cleanup_20260606/ex205_ex209_frontend_bf16_semantic_20260606_0946_low_value_intermediates/student/work/ex205_ex209_frontend_bf16_semantic_20260606_0946/ex209/aigs/ex209_bf16_tanh_default_signed_one_const_excepts_h3.aig,1,1,1059,15,15885,9.556,"default expr {sign, 15'h3f80} with exception hi_bits=3 items=32524; archived_low_value_intermediate"
ex208,ex208_bf16_sinh_default_in_const_excepts_h1,bf16_sinh,sinh,default_in_const_excepts_h1,student/archive/cleanup_20260606/ex205_ex209_frontend_bf16_semantic_20260606_0946_low_value_intermediates/student/work/ex205_ex209_frontend_bf16_semantic_20260606_0946/ex208/verilog/ex208_bf16_sinh_default_in_const_excepts_h1.v,student/archive/cleanup_20260606/ex205_ex209_frontend_bf16_semantic_20260606_0946_low_value_intermediates/student/work/ex205_ex209_frontend_bf16_semantic_20260606_0946/ex208/aigs/ex208_bf16_sinh_default_in_const_excepts_h1.aig,1,1,2312,16,36992,2.217,default expr in with exception hi_bits=1 items=2782; archived_low_value_intermediate
ex208,ex208_bf16_sinh_default_in_const_excepts_h5,bf16_sinh,sinh,default_in_const_excepts_h5,student/archive/cleanup_20260606/ex205_ex209_frontend_bf16_semantic_20260606_0946_low_value_intermediates/student/work/ex205_ex209_frontend_bf16_semantic_20260606_0946/ex208/verilog/ex208_bf16_sinh_default_in_const_excepts_h5.v,student/archive/cleanup_20260606/ex205_ex209_frontend_bf16_semantic_20260606_0946_low_value_intermediates/student/work/ex205_ex209_frontend_bf16_semantic_20260606_0946/ex208/aigs/ex208_bf16_sinh_default_in_const_excepts_h5.aig,1,1,2402,17,40834,3.913,default expr in with exception hi_bits=5 items=2760; archived_low_value_intermediate
ex208,ex208_bf16_sinh_default_in_const_excepts_h6,bf16_sinh,sinh,default_in_const_excepts_h6,student/archive/cleanup_20260606/ex205_ex209_frontend_bf16_semantic_20260606_0946_low_value_intermediates/student/work/ex205_ex209_frontend_bf16_semantic_20260606_0946/ex208/verilog/ex208_bf16_sinh_default_in_const_excepts_h6.v,student/archive/cleanup_20260606/ex205_ex209_frontend_bf16_semantic_20260606_0946_low_value_intermediates/student/work/ex205_ex209_frontend_bf16_semantic_20260606_0946/ex208/aigs/ex208_bf16_sinh_default_in_const_excepts_h6.aig,1,1,2450,17,41650,3.951,default expr in with exception hi_bits=6 items=2862; archived_low_value_intermediate
ex208,ex208_bf16_sinh_default_signed_inf_const_excepts_h3,bf16_sinh,sinh,default_signed_inf_const_excepts_h3,student/archive/cleanup_20260606/ex205_ex209_frontend_bf16_semantic_20260606_0946_low_value_intermediates/student/work/ex205_ex209_frontend_bf16_semantic_20260606_0946/ex208/verilog/ex208_bf16_sinh_default_signed_inf_const_excepts_h3.v,student/archive/cleanup_20260606/ex205_ex209_frontend_bf16_semantic_20260606_0946_low_value_intermediates/student/work/ex205_ex209_frontend_bf16_semantic_20260606_0946/ex208/aigs/ex208_bf16_sinh_default_signed_inf_const_excepts_h3.aig,1,1,2460,17,41820,11.093,"default expr {sign, 15'h7f80} with exception hi_bits=3 items=33932; archived_low_value_intermediate"
ex208,ex208_bf16_sinh_default_signed_inf_const_excepts_h4,bf16_sinh,sinh,default_signed_inf_const_excepts_h4,student/archive/cleanup_20260606/ex205_ex209_frontend_bf16_semantic_20260606_0946_low_value_intermediates/student/work/ex205_ex209_frontend_bf16_semantic_20260606_0946/ex208/verilog/ex208_bf16_sinh_default_signed_inf_const_excepts_h4.v,student/archive/cleanup_20260606/ex205_ex209_frontend_bf16_semantic_20260606_0946_low_value_intermediates/student/work/ex205_ex209_frontend_bf16_semantic_20260606_0946/ex208/aigs/ex208_bf16_sinh_default_signed_inf_const_excepts_h4.aig,1,1,2497,16,39952,32.736,"default expr {sign, 15'h7f80} with exception hi_bits=4 items=33926; archived_low_value_intermediate"
ex208,ex208_bf16_sinh_default_signed_inf_const_excepts_h5,bf16_sinh,sinh,default_signed_inf_const_excepts_h5,student/archive/cleanup_20260606/ex205_ex209_frontend_bf16_semantic_20260606_0946_low_value_intermediates/student/work/ex205_ex209_frontend_bf16_semantic_20260606_0946/ex208/verilog/ex208_bf16_sinh_default_signed_inf_const_excepts_h5.v,student/archive/cleanup_20260606/ex205_ex209_frontend_bf16_semantic_20260606_0946_low_value_intermediates/student/work/ex205_ex209_frontend_bf16_semantic_20260606_0946/ex208/aigs/ex208_bf16_sinh_default_signed_inf_const_excepts_h5.aig,1,1,2807,16,44912,42.518,"default expr {sign, 15'h7f80} with exception hi_bits=5 items=33952; archived_low_value_intermediate"
ex209,ex209_bf16_tanh_sign_exp_default_expr_casez,bf16_tanh,tanh,sign_exp_default_expr_casez,student/work/ex205_ex209_frontend_bf16_semantic_20260606_0946/ex209/verilog/ex209_bf16_tanh_sign_exp_default_expr_casez.v,student/work/ex205_ex209_frontend_bf16_semantic_20260606_0946/ex209/aigs/ex209_bf16_tanh_sign_exp_default_expr_casez.aig,1,1,756,13,9828,4.574,range-compressed sign-exp default expression groups=3 exceptions=33680 items=33970; curated_active_seed
ex209,ex209_bf16_tanh_legacy_positive_default_exp_mant_case,bf16_tanh,tanh,legacy_positive_default_exp_mant_case,student/archive/cleanup_20260606/ex205_ex209_frontend_bf16_semantic_20260606_0946_low_value_intermediates/student/work/ex205_ex209_frontend_bf16_semantic_20260606_0946/ex209/verilog/ex209_bf16_tanh_legacy_positive_default_exp_mant_case.v,student/archive/cleanup_20260606/ex205_ex209_frontend_bf16_semantic_20260606_0946_low_value_intermediates/student/work/ex205_ex209_frontend_bf16_semantic_20260606_0946/ex209/aigs/ex209_bf16_tanh_legacy_positive_default_exp_mant_case.aig,1,1,767,14,10738,3.335,legacy bf16_verilog_search positive_default_exp_mant_case; 16766; default=sign_flip; exceptions=127; archived_low_value_intermediate
ex209,ex209_bf16_tanh_legacy_positive_default_exp_mant_delta,bf16_tanh,tanh,legacy_positive_default_exp_mant_delta,student/archive/cleanup_20260606/ex205_ex209_frontend_bf16_semantic_20260606_0946_low_value_intermediates/student/work/ex205_ex209_frontend_bf16_semantic_20260606_0946/ex209/verilog/ex209_bf16_tanh_legacy_positive_default_exp_mant_delta.v,student/archive/cleanup_20260606/ex205_ex209_frontend_bf16_semantic_20260606_0946_low_value_intermediates/student/work/ex205_ex209_frontend_bf16_semantic_20260606_0946/ex209/aigs/ex209_bf16_tanh_legacy_positive_default_exp_mant_delta.aig,1,1,756,17,12852,3.075,legacy bf16_verilog_search positive_default_exp_mant_delta; 17022; default=sign_flip; exceptions=127; archived_low_value_intermediate
ex209,ex209_bf16_tanh_legacy_exp_mant_delta_pair,bf16_tanh,tanh,legacy_exp_mant_delta_pair,student/work/ex205_ex209_frontend_bf16_semantic_20260606_0946/ex209/verilog/ex209_bf16_tanh_legacy_exp_mant_delta_pair.v,student/work/ex205_ex209_frontend_bf16_semantic_20260606_0946/ex209/aigs/ex209_bf16_tanh_legacy_exp_mant_delta_pair.aig,1,1,747,16,11952,3.714,legacy bf16_verilog_search exp_mant_delta_pair; 16895; curated_active_seed
ex209,ex209_bf16_tanh_legacy_default_expr_exception_case,bf16_tanh,tanh,legacy_default_expr_exception_case,student/archive/cleanup_20260606/ex205_ex209_frontend_bf16_semantic_20260606_0946_low_value_intermediates/student/work/ex205_ex209_frontend_bf16_semantic_20260606_0946/ex209/verilog/ex209_bf16_tanh_legacy_default_expr_exception_case.v,student/archive/cleanup_20260606/ex205_ex209_frontend_bf16_semantic_20260606_0946_low_value_intermediates/student/work/ex205_ex209_frontend_bf16_semantic_20260606_0946/ex209/aigs/ex209_bf16_tanh_legacy_default_expr_exception_case.aig,1,1,2763,22,60786,44.111,legacy bf16_verilog_search default_expr_exception_case; exceptions=34187; default=input; matches=31349; archived_low_value_intermediate
ex207,ex207_bf16_tan_split_sign_word_h3_first,bf16_tan,tan,split_sign_word_h3_first,student/archive/cleanup_20260606/ex205_ex209_frontend_bf16_semantic_20260606_0946_low_value_intermediates/student/work/ex205_ex209_frontend_bf16_semantic_20260606_0946/ex207/verilog/ex207_bf16_tan_split_sign_word_h3_first.v,student/archive/cleanup_20260606/ex205_ex209_frontend_bf16_semantic_20260606_0946_low_value_intermediates/student/work/ex205_ex209_frontend_bf16_semantic_20260606_0946/ex207/aigs/ex207_bf16_tan_split_sign_word_h3_first.aig,1,1,34160,20,683200,51.784,split-sign word hi_bits=3 default_mode=first items=65024; archived_low_value_intermediate
ex207,ex207_bf16_tan_split_sign_word_h4_first,bf16_tan,tan,split_sign_word_h4_first,student/work/ex205_ex209_frontend_bf16_semantic_20260606_0946/ex207/verilog/ex207_bf16_tan_split_sign_word_h4_first.v,student/work/ex205_ex209_frontend_bf16_semantic_20260606_0946/ex207/aigs/ex207_bf16_tan_split_sign_word_h4_first.aig,1,1,30306,21,636426,72.285,split-sign word hi_bits=4 default_mode=first items=65022; curated_active_seed
ex207,ex207_bf16_tan_split_sign_word_h5_first,bf16_tan,tan,split_sign_word_h5_first,student/archive/cleanup_20260606/ex205_ex209_frontend_bf16_semantic_20260606_0946_low_value_intermediates/student/work/ex205_ex209_frontend_bf16_semantic_20260606_0946/ex207/verilog/ex207_bf16_tan_split_sign_word_h5_first.v,student/archive/cleanup_20260606/ex205_ex209_frontend_bf16_semantic_20260606_0946_low_value_intermediates/student/work/ex205_ex209_frontend_bf16_semantic_20260606_0946/ex207/aigs/ex207_bf16_tan_split_sign_word_h5_first.aig,1,1,30846,21,647766,90.966,split-sign word hi_bits=5 default_mode=first items=65020; archived_low_value_intermediate
ex207,ex207_bf16_tan_split_sign_word_h6_first,bf16_tan,tan,split_sign_word_h6_first,student/archive/cleanup_20260606/ex205_ex209_frontend_bf16_semantic_20260606_0946_low_value_intermediates/student/work/ex205_ex209_frontend_bf16_semantic_20260606_0946/ex207/verilog/ex207_bf16_tan_split_sign_word_h6_first.v,student/archive/cleanup_20260606/ex205_ex209_frontend_bf16_semantic_20260606_0946_low_value_intermediates/student/work/ex205_ex209_frontend_bf16_semantic_20260606_0946/ex207/aigs/ex207_bf16_tan_split_sign_word_h6_first.aig,1,1,30236,22,665192,112.451,split-sign word hi_bits=6 default_mode=first items=65016; archived_low_value_intermediate
ex206,ex206_bf16_sin_split_sign_word_h3_first,bf16_sin,sin,split_sign_word_h3_first,student/archive/cleanup_20260606/ex205_ex209_frontend_bf16_semantic_20260606_0946_low_value_intermediates/student/work/ex205_ex209_frontend_bf16_semantic_20260606_0946/ex206/verilog/ex206_bf16_sin_split_sign_word_h3_first.v,student/archive/cleanup_20260606/ex205_ex209_frontend_bf16_semantic_20260606_0946_low_value_intermediates/student/work/ex205_ex209_frontend_bf16_semantic_20260606_0946/ex206/aigs/ex206_bf16_sin_split_sign_word_h3_first.aig,1,1,30388,20,607760,44.224,split-sign word hi_bits=3 default_mode=first items=64960; archived_low_value_intermediate
ex206,ex206_bf16_sin_split_sign_word_h4_first,bf16_sin,sin,split_sign_word_h4_first,student/work/ex205_ex209_frontend_bf16_semantic_20260606_0946/ex206/verilog/ex206_bf16_sin_split_sign_word_h4_first.v,student/work/ex205_ex209_frontend_bf16_semantic_20260606_0946/ex206/aigs/ex206_bf16_sin_split_sign_word_h4_first.aig,1,1,27130,21,569730,71.494,split-sign word hi_bits=4 default_mode=first items=64916; curated_active_seed
ex206,ex206_bf16_sin_split_sign_word_h5_first,bf16_sin,sin,split_sign_word_h5_first,student/archive/cleanup_20260606/ex205_ex209_frontend_bf16_semantic_20260606_0946_low_value_intermediates/student/work/ex205_ex209_frontend_bf16_semantic_20260606_0946/ex206/verilog/ex206_bf16_sin_split_sign_word_h5_first.v,student/archive/cleanup_20260606/ex205_ex209_frontend_bf16_semantic_20260606_0946_low_value_intermediates/student/work/ex205_ex209_frontend_bf16_semantic_20260606_0946/ex206/aigs/ex206_bf16_sin_split_sign_word_h5_first.aig,1,1,27021,22,594462,99.658,split-sign word hi_bits=5 default_mode=first items=64878; archived_low_value_intermediate
ex206,ex206_bf16_sin_split_sign_word_h6_first,bf16_sin,sin,split_sign_word_h6_first,student/archive/cleanup_20260606/ex205_ex209_frontend_bf16_semantic_20260606_0946_low_value_intermediates/student/work/ex205_ex209_frontend_bf16_semantic_20260606_0946/ex206/verilog/ex206_bf16_sin_split_sign_word_h6_first.v,student/archive/cleanup_20260606/ex205_ex209_frontend_bf16_semantic_20260606_0946_low_value_intermediates/student/work/ex205_ex209_frontend_bf16_semantic_20260606_0946/ex206/aigs/ex206_bf16_sin_split_sign_word_h6_first.aig,1,1,27642,21,580482,102.703,split-sign word hi_bits=6 default_mode=first items=64880; archived_low_value_intermediate
ex205,ex205_bf16_log10_sep_fields_e3_m3_s0_manual_bits_15,bf16_log10,log10,sep_fields_e3_m3_s0_manual_bits_15,student/archive/cleanup_20260606/ex205_ex209_frontend_bf16_semantic_20260606_0946_low_value_intermediates/student/work/ex205_ex209_frontend_bf16_semantic_20260606_0946/ex205/verilog/ex205_bf16_log10_sep_fields_e3_m3_s0_manual_bits_15.v,student/archive/cleanup_20260606/ex205_ex209_frontend_bf16_semantic_20260606_0946_low_value_intermediates/student/work/ex205_ex209_frontend_bf16_semantic_20260606_0946/ex205/aigs/ex205_bf16_log10_sep_fields_e3_m3_s0_manual_bits_15.aig,1,1,4475,18,80550,6.490,separate fields exp_hi=3 mant_hi=3 sign_hi=0 items=7913; manual formula bits=15; archived_low_value_intermediate
ex205,ex205_bf16_log10_sep_fields_e4_m3_s0_manual_bits_15,bf16_log10,log10,sep_fields_e4_m3_s0_manual_bits_15,student/archive/cleanup_20260606/ex205_ex209_frontend_bf16_semantic_20260606_0946_low_value_intermediates/student/work/ex205_ex209_frontend_bf16_semantic_20260606_0946/ex205/verilog/ex205_bf16_log10_sep_fields_e4_m3_s0_manual_bits_15.v,student/archive/cleanup_20260606/ex205_ex209_frontend_bf16_semantic_20260606_0946_low_value_intermediates/student/work/ex205_ex209_frontend_bf16_semantic_20260606_0946/ex205/aigs/ex205_bf16_log10_sep_fields_e4_m3_s0_manual_bits_15.aig,1,1,4459,18,80262,6.096,separate fields exp_hi=4 mant_hi=3 sign_hi=0 items=7986; manual formula bits=15; archived_low_value_intermediate
ex205,ex205_bf16_log10_sep_fields_e3_m2_s0_manual_bits_15,bf16_log10,log10,sep_fields_e3_m2_s0_manual_bits_15,student/archive/cleanup_20260606/ex205_ex209_frontend_bf16_semantic_20260606_0946_low_value_intermediates/student/work/ex205_ex209_frontend_bf16_semantic_20260606_0946/ex205/verilog/ex205_bf16_log10_sep_fields_e3_m2_s0_manual_bits_15.v,student/archive/cleanup_20260606/ex205_ex209_frontend_bf16_semantic_20260606_0946_low_value_intermediates/student/work/ex205_ex209_frontend_bf16_semantic_20260606_0946/ex205/aigs/ex205_bf16_log10_sep_fields_e3_m2_s0_manual_bits_15.aig,1,1,4489,18,80802,5.921,separate fields exp_hi=3 mant_hi=2 sign_hi=0 items=10545; manual formula bits=15; archived_low_value_intermediate
ex205,ex205_bf16_log10_sep_fields_e2_m3_s0_manual_bits_15,bf16_log10,log10,sep_fields_e2_m3_s0_manual_bits_15,student/archive/cleanup_20260606/ex205_ex209_frontend_bf16_semantic_20260606_0946_low_value_intermediates/student/work/ex205_ex209_frontend_bf16_semantic_20260606_0946/ex205/verilog/ex205_bf16_log10_sep_fields_e2_m3_s0_manual_bits_15.v,student/archive/cleanup_20260606/ex205_ex209_frontend_bf16_semantic_20260606_0946_low_value_intermediates/student/work/ex205_ex209_frontend_bf16_semantic_20260606_0946/ex205/aigs/ex205_bf16_log10_sep_fields_e2_m3_s0_manual_bits_15.aig,1,1,4468,19,84892,5.956,separate fields exp_hi=2 mant_hi=3 sign_hi=0 items=7930; manual formula bits=15; archived_low_value_intermediate
ex205,ex205_bf16_log10_hilo3_word_mode_bits_15_bh1,bf16_log10,log10,hilo3_word_mode_bits_15_bh1,student/archive/cleanup_20260606/ex205_ex209_frontend_bf16_semantic_20260606_0946_low_value_intermediates/student/work/ex205_ex209_frontend_bf16_semantic_20260606_0946/ex205/verilog/ex205_bf16_log10_hilo3_word_mode_bits_15_bh1.v,student/archive/cleanup_20260606/ex205_ex209_frontend_bf16_semantic_20260606_0946_low_value_intermediates/student/work/ex205_ex209_frontend_bf16_semantic_20260606_0946/ex205/aigs/ex205_bf16_log10_hilo3_word_mode_bits_15_bh1.aig,1,1,4477,18,80586,6.595,hi_lo split field_mode=False hi_bits=3 default_mode=default_override items=7626; generic hilo word bit overrides bits=15 bit_hi_bits=1 bit_items=8; archived_low_value_intermediate
ex205,ex205_bf16_log10_legacy_sign_exp_mant_case,bf16_log10,log10,legacy_sign_exp_mant_case,student/work/ex205_ex209_frontend_bf16_semantic_20260606_0946/ex205/verilog/ex205_bf16_log10_legacy_sign_exp_mant_case.v,student/work/ex205_ex209_frontend_bf16_semantic_20260606_0946/ex205/aigs/ex205_bf16_log10_legacy_sign_exp_mant_case.aig,1,1,4631,18,83358,6.738,legacy bf16_verilog_search sign_exp_mant_case; 32897; curated_active_seed
ex205,ex205_bf16_log10_legacy_exp_mant_pair_case,bf16_log10,log10,legacy_exp_mant_pair_case,student/archive/cleanup_20260606/ex205_ex209_frontend_bf16_semantic_20260606_0946_low_value_intermediates/student/work/ex205_ex209_frontend_bf16_semantic_20260606_0946/ex205/verilog/ex205_bf16_log10_legacy_exp_mant_pair_case.v,student/archive/cleanup_20260606/ex205_ex209_frontend_bf16_semantic_20260606_0946_low_value_intermediates/student/work/ex205_ex209_frontend_bf16_semantic_20260606_0946/ex205/aigs/ex205_bf16_log10_legacy_exp_mant_pair_case.aig,1,1,4415,19,83885,7.273,legacy bf16_verilog_search exp_mant_pair_case; 32641; archived_low_value_intermediate
ex205,ex205_bf16_log10_legacy_exp_mant_delta_pair,bf16_log10,log10,legacy_exp_mant_delta_pair,student/archive/cleanup_20260606/ex205_ex209_frontend_bf16_semantic_20260606_0946_low_value_intermediates/student/work/ex205_ex209_frontend_bf16_semantic_20260606_0946/ex205/verilog/ex205_bf16_log10_legacy_exp_mant_delta_pair.v,student/archive/cleanup_20260606/ex205_ex209_frontend_bf16_semantic_20260606_0946_low_value_intermediates/student/work/ex205_ex209_frontend_bf16_semantic_20260606_0946/ex205/aigs/ex205_bf16_log10_legacy_exp_mant_delta_pair.aig,1,1,4379,21,91959,7.145,legacy bf16_verilog_search exp_mant_delta_pair; 32897; archived_low_value_intermediate
ex205,ex205_bf16_log10_legacy_positive_default_exp_mant_case,bf16_log10,log10,legacy_positive_default_exp_mant_case,student/archive/cleanup_20260606/ex205_ex209_frontend_bf16_semantic_20260606_0946_low_value_intermediates/student/work/ex205_ex209_frontend_bf16_semantic_20260606_0946/ex205/verilog/ex205_bf16_log10_legacy_positive_default_exp_mant_case.v,student/archive/cleanup_20260606/ex205_ex209_frontend_bf16_semantic_20260606_0946_low_value_intermediates/student/work/ex205_ex209_frontend_bf16_semantic_20260606_0946/ex205/aigs/ex205_bf16_log10_legacy_positive_default_exp_mant_case.aig,1,1,4464,19,84816,6.292,legacy bf16_verilog_search positive_default_exp_mant_case; 32642; default=nan; exceptions=128; archived_low_value_intermediate
ex205,ex205_bf16_log10_legacy_positive_default_exp_mant_delta,bf16_log10,log10,legacy_positive_default_exp_mant_delta,student/archive/cleanup_20260606/ex205_ex209_frontend_bf16_semantic_20260606_0946_low_value_intermediates/student/work/ex205_ex209_frontend_bf16_semantic_20260606_0946/ex205/verilog/ex205_bf16_log10_legacy_positive_default_exp_mant_delta.v,student/archive/cleanup_20260606/ex205_ex209_frontend_bf16_semantic_20260606_0946_low_value_intermediates/student/work/ex205_ex209_frontend_bf16_semantic_20260606_0946/ex205/aigs/ex205_bf16_log10_legacy_positive_default_exp_mant_delta.aig,1,1,4369,21,91749,6.971,legacy bf16_verilog_search positive_default_exp_mant_delta; 32898; default=nan; exceptions=128; archived_low_value_intermediate
ex205,ex205_bf16_log10_legacy_sign_exp_default_expr_case,bf16_log10,log10,legacy_sign_exp_default_expr_case,student/archive/cleanup_20260606/ex205_ex209_frontend_bf16_semantic_20260606_0946_low_value_intermediates/student/work/ex205_ex209_frontend_bf16_semantic_20260606_0946/ex205/verilog/ex205_bf16_log10_legacy_sign_exp_default_expr_case.v,student/archive/cleanup_20260606/ex205_ex209_frontend_bf16_semantic_20260606_0946_low_value_intermediates/student/work/ex205_ex209_frontend_bf16_semantic_20260606_0946/ex205/aigs/ex205_bf16_log10_legacy_sign_exp_default_expr_case.aig,1,1,4811,19,91409,6.954,"legacy bf16_verilog_search sign_exp_default_expr_case; groups=512; full_default_groups=256; exceptions=32640; defaults=abs_input:254,nan:256,sign_inf:1,sign_zero:1; archived_low_value_intermediate"
ex205,ex205_bf16_log10_sign_exp_default_expr_casez,bf16_log10,log10,sign_exp_default_expr_casez,student/archive/cleanup_20260606/ex205_ex209_frontend_bf16_semantic_20260606_0946_low_value_intermediates/student/work/ex205_ex209_frontend_bf16_semantic_20260606_0946/ex205/verilog/ex205_bf16_log10_sign_exp_default_expr_casez.v,student/archive/cleanup_20260606/ex205_ex209_frontend_bf16_semantic_20260606_0946_low_value_intermediates/student/work/ex205_ex209_frontend_bf16_semantic_20260606_0946/ex205/aigs/ex205_bf16_log10_sign_exp_default_expr_casez.aig,1,1,4764,19,90516,7.664,range-compressed sign-exp default expression groups=2 exceptions=32640 items=32905; archived_low_value_intermediate
ex205,ex205_bf16_log10_legacy_default_expr_exception_case,bf16_log10,log10,legacy_default_expr_exception_case,student/archive/cleanup_20260606/ex205_ex209_frontend_bf16_semantic_20260606_0946_low_value_intermediates/student/work/ex205_ex209_frontend_bf16_semantic_20260606_0946/ex205/verilog/ex205_bf16_log10_legacy_default_expr_exception_case.v,student/archive/cleanup_20260606/ex205_ex209_frontend_bf16_semantic_20260606_0946_low_value_intermediates/student/work/ex205_ex209_frontend_bf16_semantic_20260606_0946/ex205/aigs/ex205_bf16_log10_legacy_default_expr_exception_case.aig,1,1,4380,23,100740,9.072,legacy bf16_verilog_search default_expr_exception_case; exceptions=32769; default=nan; matches=32767; archived_low_value_intermediate
ex208,ex208_bf16_sinh_default_in_const_excepts_h4_manual_bits_15,bf16_sinh,sinh,default_in_const_excepts_h4_manual_bits_15,student/archive/cleanup_20260606/ex205_ex209_frontend_bf16_semantic_20260606_0946_low_value_intermediates/student/work/ex205_ex209_frontend_bf16_semantic_20260606_0946/ex208/verilog/ex208_bf16_sinh_default_in_const_excepts_h4_manual_bits_15.v,student/archive/cleanup_20260606/ex205_ex209_frontend_bf16_semantic_20260606_0946_low_value_intermediates/student/work/ex205_ex209_frontend_bf16_semantic_20260606_0946/ex208/aigs/ex208_bf16_sinh_default_in_const_excepts_h4_manual_bits_15.aig,1,1,2182,16,34912,3.217,default expr in with exception hi_bits=4 items=2706; manual formula bits=15; archived_low_value_intermediate
ex208,ex208_bf16_sinh_default_in_const_excepts_h3_manual_bits_15,bf16_sinh,sinh,default_in_const_excepts_h3_manual_bits_15,student/archive/cleanup_20260606/ex205_ex209_frontend_bf16_semantic_20260606_0946_low_value_intermediates/student/work/ex205_ex209_frontend_bf16_semantic_20260606_0946/ex208/verilog/ex208_bf16_sinh_default_in_const_excepts_h3_manual_bits_15.v,student/archive/cleanup_20260606/ex205_ex209_frontend_bf16_semantic_20260606_0946_low_value_intermediates/student/work/ex205_ex209_frontend_bf16_semantic_20260606_0946/ex208/aigs/ex208_bf16_sinh_default_in_const_excepts_h3_manual_bits_15.aig,1,1,2100,16,33600,2.287,default expr in with exception hi_bits=3 items=2702; manual formula bits=15; archived_low_value_intermediate
ex208,ex208_bf16_sinh_sign_exp_default_expr_casez_manual_bits_15,bf16_sinh,sinh,sign_exp_default_expr_casez_manual_bits_15,student/archive/cleanup_20260606/ex205_ex209_frontend_bf16_semantic_20260606_0946_low_value_intermediates/student/work/ex205_ex209_frontend_bf16_semantic_20260606_0946/ex208/verilog/ex208_bf16_sinh_sign_exp_default_expr_casez_manual_bits_15.v,student/archive/cleanup_20260606/ex205_ex209_frontend_bf16_semantic_20260606_0946_low_value_intermediates/student/work/ex205_ex209_frontend_bf16_semantic_20260606_0946/ex208/aigs/ex208_bf16_sinh_sign_exp_default_expr_casez_manual_bits_15.aig,1,1,2358,17,40086,2.324,range-compressed sign-exp default expression groups=5 exceptions=2416 items=2484; manual formula bits=15; archived_low_value_intermediate
ex209,ex209_bf16_tanh_default_in_const_excepts_h4_manual_bits_15,bf16_tanh,tanh,default_in_const_excepts_h4_manual_bits_15,student/work/ex205_ex209_frontend_bf16_semantic_20260606_0946/ex209/verilog/ex209_bf16_tanh_default_in_const_excepts_h4_manual_bits_15.v,student/work/ex205_ex209_frontend_bf16_semantic_20260606_0946/ex209/aigs/ex209_bf16_tanh_default_in_const_excepts_h4_manual_bits_15.aig,1,1,713,14,9982,1.773,default expr in with exception hi_bits=4 items=1390; manual formula bits=15; curated_active_seed
ex209,ex209_bf16_tanh_default_in_const_excepts_h3_manual_bits_15,bf16_tanh,tanh,default_in_const_excepts_h3_manual_bits_15,student/archive/cleanup_20260606/ex205_ex209_frontend_bf16_semantic_20260606_0946_low_value_intermediates/student/work/ex205_ex209_frontend_bf16_semantic_20260606_0946/ex209/verilog/ex209_bf16_tanh_default_in_const_excepts_h3_manual_bits_15.v,student/archive/cleanup_20260606/ex205_ex209_frontend_bf16_semantic_20260606_0946_low_value_intermediates/student/work/ex205_ex209_frontend_bf16_semantic_20260606_0946/ex209/aigs/ex209_bf16_tanh_default_in_const_excepts_h3_manual_bits_15.aig,1,1,710,15,10650,1.358,default expr in with exception hi_bits=3 items=1452; manual formula bits=15; archived_low_value_intermediate
ex209,ex209_bf16_tanh_sign_exp_default_expr_casez_manual_bits_15,bf16_tanh,tanh,sign_exp_default_expr_casez_manual_bits_15,student/archive/cleanup_20260606/ex205_ex209_frontend_bf16_semantic_20260606_0946_low_value_intermediates/student/work/ex205_ex209_frontend_bf16_semantic_20260606_0946/ex209/verilog/ex209_bf16_tanh_sign_exp_default_expr_casez_manual_bits_15.v,student/archive/cleanup_20260606/ex205_ex209_frontend_bf16_semantic_20260606_0946_low_value_intermediates/student/work/ex205_ex209_frontend_bf16_semantic_20260606_0946/ex209/aigs/ex209_bf16_tanh_sign_exp_default_expr_casez_manual_bits_15.aig,1,1,743,14,10402,4.586,range-compressed sign-exp default expression groups=3 exceptions=33680 items=33970; manual formula bits=15; archived_low_value_intermediate
ex205,ex205_bf16_log10_bitplanes_h2,bf16_log10,log10,bitplanes_h2,student/archive/cleanup_20260606/ex205_ex209_frontend_bf16_semantic_20260606_0946_low_value_intermediates/student/work/ex205_ex209_frontend_bf16_semantic_20260606_0946/ex205/verilog/ex205_bf16_log10_bitplanes_h2.v,student/archive/cleanup_20260606/ex205_ex209_frontend_bf16_semantic_20260606_0946_low_value_intermediates/student/work/ex205_ex209_frontend_bf16_semantic_20260606_0946/ex205/aigs/ex205_bf16_log10_bitplanes_h2.aig,1,1,4456,20,89120,27.324,all output bitplanes hi_bits=2 items=24009; archived_low_value_intermediate
ex205,ex205_bf16_log10_bitplanes_h3,bf16_log10,log10,bitplanes_h3,student/work/ex205_ex209_frontend_bf16_semantic_20260606_0946/ex205/verilog/ex205_bf16_log10_bitplanes_h3.v,student/work/ex205_ex209_frontend_bf16_semantic_20260606_0946/ex205/aigs/ex205_bf16_log10_bitplanes_h3.aig,1,1,4465,17,75905,28.097,all output bitplanes hi_bits=3 items=20103; curated_active_seed
ex205,ex205_bf16_log10_bitplanes_h4,bf16_log10,log10,bitplanes_h4,student/archive/cleanup_20260606/ex205_ex209_frontend_bf16_semantic_20260606_0946_low_value_intermediates/student/work/ex205_ex209_frontend_bf16_semantic_20260606_0946/ex205/verilog/ex205_bf16_log10_bitplanes_h4.v,student/archive/cleanup_20260606/ex205_ex209_frontend_bf16_semantic_20260606_0946_low_value_intermediates/student/work/ex205_ex209_frontend_bf16_semantic_20260606_0946/ex205/aigs/ex205_bf16_log10_bitplanes_h4.aig,1,1,4612,22,101464,29.371,all output bitplanes hi_bits=4 items=23223; archived_low_value_intermediate
ex205,ex205_bf16_log10_bdd_all_exp,bf16_log10,log10,bdd_all_exp,student/archive/cleanup_20260606/ex205_ex209_frontend_bf16_semantic_20260606_0946_low_value_intermediates/student/work/ex205_ex209_frontend_bf16_semantic_20260606_0946/ex205/verilog/ex205_bf16_log10_bdd_all_exp.v,student/archive/cleanup_20260606/ex205_ex209_frontend_bf16_semantic_20260606_0946_low_value_intermediates/student/work/ex205_ex209_frontend_bf16_semantic_20260606_0946/ex205/aigs/ex205_bf16_log10_bdd_all_exp.aig,1,1,4688,23,107824,5.663,full-output BDD order=exp nodes=6584; archived_low_value_intermediate
ex205,ex205_bf16_log10_bdd_all_mant,bf16_log10,log10,bdd_all_mant,student/archive/cleanup_20260606/ex205_ex209_frontend_bf16_semantic_20260606_0946_low_value_intermediates/student/work/ex205_ex209_frontend_bf16_semantic_20260606_0946/ex205/verilog/ex205_bf16_log10_bdd_all_mant.v,student/archive/cleanup_20260606/ex205_ex209_frontend_bf16_semantic_20260606_0946_low_value_intermediates/student/work/ex205_ex209_frontend_bf16_semantic_20260606_0946/ex205/aigs/ex205_bf16_log10_bdd_all_mant.aig,1,1,13203,26,343278,9.240,full-output BDD order=mant nodes=10677; archived_low_value_intermediate
ex205,ex205_bf16_log10_bdd_all_sem,bf16_log10,log10,bdd_all_sem,student/archive/cleanup_20260606/ex205_ex209_frontend_bf16_semantic_20260606_0946_low_value_intermediates/student/work/ex205_ex209_frontend_bf16_semantic_20260606_0946/ex205/verilog/ex205_bf16_log10_bdd_all_sem.v,student/archive/cleanup_20260606/ex205_ex209_frontend_bf16_semantic_20260606_0946_low_value_intermediates/student/work/ex205_ex209_frontend_bf16_semantic_20260606_0946/ex205/aigs/ex205_bf16_log10_bdd_all_sem.aig,1,1,4332,23,99636,5.342,full-output BDD order=sem nodes=5663; archived_low_value_intermediate
ex207,ex207_bf16_tan_odd_pos_fullword_h2,bf16_tan,tan,odd_pos_fullword_h2,student/archive/cleanup_20260606/ex205_ex209_frontend_bf16_semantic_20260606_0946_low_value_intermediates/student/work/ex205_ex209_frontend_bf16_semantic_20260606_0946/ex207/verilog/ex207_bf16_tan_odd_pos_fullword_h2.v,student/archive/cleanup_20260606/ex205_ex209_frontend_bf16_semantic_20260606_0946_low_value_intermediates/student/work/ex205_ex209_frontend_bf16_semantic_20260606_0946/ex207/aigs/ex207_bf16_tan_odd_pos_fullword_h2.aig,1,1,34091,21,715911,29.230,positive-domain full word with odd sign flip hi_bits=2 items=32511; archived_low_value_intermediate
ex207,ex207_bf16_tan_odd_pos_fullword_h5,bf16_tan,tan,odd_pos_fullword_h5,student/work/ex205_ex209_frontend_bf16_semantic_20260606_0946/ex207/verilog/ex207_bf16_tan_odd_pos_fullword_h5.v,student/work/ex205_ex209_frontend_bf16_semantic_20260606_0946/ex207/aigs/ex207_bf16_tan_odd_pos_fullword_h5.aig,1,1,29742,22,654324,47.459,positive-domain full word with odd sign flip hi_bits=5 items=32507; curated_active_seed
ex207,ex207_bf16_tan_odd_pos_fullword_h6,bf16_tan,tan,odd_pos_fullword_h6,student/work/ex205_ex209_frontend_bf16_semantic_20260606_0946/ex207/verilog/ex207_bf16_tan_odd_pos_fullword_h6.v,student/work/ex205_ex209_frontend_bf16_semantic_20260606_0946/ex207/aigs/ex207_bf16_tan_odd_pos_fullword_h6.aig,1,1,30580,21,642180,59.886,positive-domain full word with odd sign flip hi_bits=6 items=32508; curated_active_seed
ex207,ex207_bf16_tan_hilo5_word_mode,bf16_tan,tan,hilo5_word_mode,student/archive/cleanup_20260606/ex205_ex209_frontend_bf16_semantic_20260606_0946_low_value_intermediates/student/work/ex205_ex209_frontend_bf16_semantic_20260606_0946/ex207/verilog/ex207_bf16_tan_hilo5_word_mode.v,student/archive/cleanup_20260606/ex205_ex209_frontend_bf16_semantic_20260606_0946_low_value_intermediates/student/work/ex205_ex209_frontend_bf16_semantic_20260606_0946/ex207/aigs/ex207_bf16_tan_hilo5_word_mode.aig,1,1,34837,22,766414,97.028,hi_lo split field_mode=False hi_bits=5 default_mode=default_override items=65014; archived_low_value_intermediate
ex207,ex207_bf16_tan_hilo6_word_mode,bf16_tan,tan,hilo6_word_mode,student/archive/cleanup_20260606/ex205_ex209_frontend_bf16_semantic_20260606_0946_low_value_intermediates/student/work/ex205_ex209_frontend_bf16_semantic_20260606_0946/ex207/verilog/ex207_bf16_tan_hilo6_word_mode.v,student/archive/cleanup_20260606/ex205_ex209_frontend_bf16_semantic_20260606_0946_low_value_intermediates/student/work/ex205_ex209_frontend_bf16_semantic_20260606_0946/ex207/aigs/ex207_bf16_tan_hilo6_word_mode.aig,1,1,34239,22,753258,122.003,hi_lo split field_mode=False hi_bits=6 default_mode=default_override items=65016; archived_low_value_intermediate
ex207,ex207_bf16_tan_hilo5_field_mode,bf16_tan,tan,hilo5_field_mode,student/archive/cleanup_20260606/ex205_ex209_frontend_bf16_semantic_20260606_0946_low_value_intermediates/student/work/ex205_ex209_frontend_bf16_semantic_20260606_0946/ex207/verilog/ex207_bf16_tan_hilo5_field_mode.v,student/archive/cleanup_20260606/ex205_ex209_frontend_bf16_semantic_20260606_0946_low_value_intermediates/student/work/ex205_ex209_frontend_bf16_semantic_20260606_0946/ex207/aigs/ex207_bf16_tan_hilo5_field_mode.aig,1,1,33208,23,763784,96.806,hi_lo split field_mode=True hi_bits=5 default_mode=default_override items=65014; archived_low_value_intermediate
ex207,ex207_bf16_tan_hilo6_field_mode,bf16_tan,tan,hilo6_field_mode,student/archive/cleanup_20260606/ex205_ex209_frontend_bf16_semantic_20260606_0946_low_value_intermediates/student/work/ex205_ex209_frontend_bf16_semantic_20260606_0946/ex207/verilog/ex207_bf16_tan_hilo6_field_mode.v,student/archive/cleanup_20260606/ex205_ex209_frontend_bf16_semantic_20260606_0946_low_value_intermediates/student/work/ex205_ex209_frontend_bf16_semantic_20260606_0946/ex207/aigs/ex207_bf16_tan_hilo6_field_mode.aig,1,1,36595,24,878280,156.100,hi_lo split field_mode=True hi_bits=6 default_mode=default_override items=65016; archived_low_value_intermediate
ex207,ex207_bf16_tan_split_sign_sep_fields_e3_m5_s3,bf16_tan,tan,split_sign_sep_fields_e3_m5_s3,student/archive/cleanup_20260606/ex205_ex209_frontend_bf16_semantic_20260606_0946_low_value_intermediates/student/work/ex205_ex209_frontend_bf16_semantic_20260606_0946/ex207/verilog/ex207_bf16_tan_split_sign_sep_fields_e3_m5_s3.v,student/archive/cleanup_20260606/ex205_ex209_frontend_bf16_semantic_20260606_0946_low_value_intermediates/student/work/ex205_ex209_frontend_bf16_semantic_20260606_0946/ex207/aigs/ex207_bf16_tan_split_sign_sep_fields_e3_m5_s3.aig,1,1,32647,22,718234,63.974,split-sign separate fields exp_hi=3 mant_hi=5 sign_hi=3 items=106567; archived_low_value_intermediate
ex207,ex207_bf16_tan_split_sign_sep_fields_e4_m4_s3,bf16_tan,tan,split_sign_sep_fields_e4_m4_s3,student/archive/cleanup_20260606/ex205_ex209_frontend_bf16_semantic_20260606_0946_low_value_intermediates/student/work/ex205_ex209_frontend_bf16_semantic_20260606_0946/ex207/verilog/ex207_bf16_tan_split_sign_sep_fields_e4_m4_s3.v,student/archive/cleanup_20260606/ex205_ex209_frontend_bf16_semantic_20260606_0946_low_value_intermediates/student/work/ex205_ex209_frontend_bf16_semantic_20260606_0946/ex207/aigs/ex207_bf16_tan_split_sign_sep_fields_e4_m4_s3.aig,1,1,30632,22,673904,50.355,split-sign separate fields exp_hi=4 mant_hi=4 sign_hi=3 items=106463; archived_low_value_intermediate
ex207,ex207_bf16_tan_sep_fields_e3_m5_s3,bf16_tan,tan,sep_fields_e3_m5_s3,student/archive/cleanup_20260606/ex205_ex209_frontend_bf16_semantic_20260606_0946_low_value_intermediates/student/work/ex205_ex209_frontend_bf16_semantic_20260606_0946/ex207/verilog/ex207_bf16_tan_sep_fields_e3_m5_s3.v,student/archive/cleanup_20260606/ex205_ex209_frontend_bf16_semantic_20260606_0946_low_value_intermediates/student/work/ex205_ex209_frontend_bf16_semantic_20260606_0946/ex207/aigs/ex207_bf16_tan_sep_fields_e3_m5_s3.aig,1,1,33127,23,761921,83.499,separate fields exp_hi=3 mant_hi=5 sign_hi=3 items=106567; archived_low_value_intermediate
ex206,ex206_bf16_sin_odd_pos_fullword_h3,bf16_sin,sin,odd_pos_fullword_h3,student/archive/cleanup_20260606/ex205_ex209_frontend_bf16_semantic_20260606_0946_low_value_intermediates/student/work/ex205_ex209_frontend_bf16_semantic_20260606_0946/ex206/verilog/ex206_bf16_sin_odd_pos_fullword_h3.v,student/archive/cleanup_20260606/ex205_ex209_frontend_bf16_semantic_20260606_0946_low_value_intermediates/student/work/ex205_ex209_frontend_bf16_semantic_20260606_0946/ex206/aigs/ex206_bf16_sin_odd_pos_fullword_h3.aig,1,1,29924,21,628404,29.559,positive-domain full word with odd sign flip hi_bits=3 items=32318; archived_low_value_intermediate_after_reregister
ex206,ex206_bf16_sin_odd_pos_fullword_h4,bf16_sin,sin,odd_pos_fullword_h4,student/work/ex205_ex209_frontend_bf16_semantic_20260606_0946/ex206/verilog/ex206_bf16_sin_odd_pos_fullword_h4.v,student/work/ex205_ex209_frontend_bf16_semantic_20260606_0946/ex206/aigs/ex206_bf16_sin_odd_pos_fullword_h4.aig,1,1,26872,21,564312,40.060,positive-domain full word with odd sign flip hi_bits=4 items=32359
ex205,ex205_bf16_log10_log10_pos_runs_casez,bf16_log10,log10,log10_pos_runs_casez,student/work/ex205_ex209_frontend_bf16_semantic_20260606_0946/ex205/verilog/ex205_bf16_log10_log10_pos_runs_casez.v,student/work/ex205_ex209_frontend_bf16_semantic_20260606_0946/ex205/aigs/ex205_bf16_log10_log10_pos_runs_casez.aig,1,1,13255,23,304865,29.448,log10 positive-domain monotone runs mode=casez runs=2010 items=5975
ex205,ex205_bf16_log10_log10_pos_runs_tree,bf16_log10,log10,log10_pos_runs_tree,student/work/ex205_ex209_frontend_bf16_semantic_20260606_0946/ex205/verilog/ex205_bf16_log10_log10_pos_runs_tree.v,student/work/ex205_ex209_frontend_bf16_semantic_20260606_0946/ex205/aigs/ex205_bf16_log10_log10_pos_runs_tree.aig,1,1,12327,30,369810,30.566,log10 positive-domain monotone runs mode=tree runs=2010 items=4019
ex207,ex207_bf16_tan_split_sign_word_mixed_h5_h6special,bf16_tan,tan,split_sign_word_mixed_h5_h6special,student/work/ex205_ex209_frontend_bf16_semantic_20260606_0946/ex207/verilog/ex207_bf16_tan_split_sign_word_mixed_h5_h6special.v,student/work/ex205_ex209_frontend_bf16_semantic_20260606_0946/ex207/aigs/ex207_bf16_tan_split_sign_word_mixed_h5_h6special.aig,1,1,30193,21,634053,90.382,"split-sign word mixed policy=h5_h6special choices={5: 506, 6: 2} items=65012"
ex207,ex207_bf16_tan_split_sign_word_mixed_h5_h4special,bf16_tan,tan,split_sign_word_mixed_h5_h4special,student/work/ex205_ex209_frontend_bf16_semantic_20260606_0946/ex207/verilog/ex207_bf16_tan_split_sign_word_mixed_h5_h4special.v,student/work/ex205_ex209_frontend_bf16_semantic_20260606_0946/ex207/aigs/ex207_bf16_tan_split_sign_word_mixed_h5_h4special.aig,1,1,30048,22,661056,89.520,"split-sign word mixed policy=h5_h4special choices={5: 504, 4: 4} items=65018"
ex207,ex207_bf16_tan_split_sign_word_mixed_minscore_tieh5,bf16_tan,tan,split_sign_word_mixed_minscore_tieh5,student/work/ex205_ex209_frontend_bf16_semantic_20260606_0946/ex207/verilog/ex207_bf16_tan_split_sign_word_mixed_minscore_tieh5.v,student/work/ex205_ex209_frontend_bf16_semantic_20260606_0946/ex207/aigs/ex207_bf16_tan_split_sign_word_mixed_minscore_tieh5.aig,1,1,30193,21,634053,90.541,"split-sign word mixed policy=minscore_tieh5 choices={5: 506, 6: 2} items=65012"
ex207,ex207_bf16_tan_odd_pos_fullword_expflip_h4,bf16_tan,tan,odd_pos_fullword_expflip_h4,student/work/ex205_ex209_frontend_bf16_semantic_20260606_0946/ex207/verilog/ex207_bf16_tan_odd_pos_fullword_expflip_h4.v,student/work/ex205_ex209_frontend_bf16_semantic_20260606_0946/ex207/aigs/ex207_bf16_tan_odd_pos_fullword_expflip_h4.aig,1,1,29873,21,627333,40.083,positive-domain full word with odd sign flip hi_bits=4 items=32509; sign flip simplified to exp!=255
ex207,ex207_bf16_tan_odd_pos_fullword_expflip_h5,bf16_tan,tan,odd_pos_fullword_expflip_h5,student/work/ex205_ex209_frontend_bf16_semantic_20260606_0946/ex207/verilog/ex207_bf16_tan_odd_pos_fullword_expflip_h5.v,student/work/ex205_ex209_frontend_bf16_semantic_20260606_0946/ex207/aigs/ex207_bf16_tan_odd_pos_fullword_expflip_h5.aig,1,1,29757,23,684411,46.694,positive-domain full word with odd sign flip hi_bits=5 items=32507; sign flip simplified to exp!=255
ex206,ex206_bf16_sin_split_sign_word_mixed_h5_h6special,bf16_sin,sin,split_sign_word_mixed_h5_h6special,student/work/ex205_ex209_frontend_bf16_semantic_20260606_0946/ex206/verilog/ex206_bf16_sin_split_sign_word_mixed_h5_h6special.v,student/work/ex205_ex209_frontend_bf16_semantic_20260606_0946/ex206/aigs/ex206_bf16_sin_split_sign_word_mixed_h5_h6special.aig,1,1,26999,21,566979,100.145,"split-sign word mixed policy=h5_h6special choices={5: 506, 6: 2} items=64772"
ex206,ex206_bf16_sin_split_sign_word_mixed_h5_h4special,bf16_sin,sin,split_sign_word_mixed_h5_h4special,student/work/ex205_ex209_frontend_bf16_semantic_20260606_0946/ex206/verilog/ex206_bf16_sin_split_sign_word_mixed_h5_h4special.v,student/work/ex205_ex209_frontend_bf16_semantic_20260606_0946/ex206/aigs/ex206_bf16_sin_split_sign_word_mixed_h5_h4special.aig,1,1,26966,22,593252,97.855,"split-sign word mixed policy=h5_h4special choices={5: 504, 4: 4} items=64770"
ex206,ex206_bf16_sin_split_sign_word_mixed_minscore_tieh5,bf16_sin,sin,split_sign_word_mixed_minscore_tieh5,student/work/ex205_ex209_frontend_bf16_semantic_20260606_0946/ex206/verilog/ex206_bf16_sin_split_sign_word_mixed_minscore_tieh5.v,student/work/ex205_ex209_frontend_bf16_semantic_20260606_0946/ex206/aigs/ex206_bf16_sin_split_sign_word_mixed_minscore_tieh5.aig,1,1,29252,21,614292,95.926,"split-sign word mixed policy=minscore_tieh5 choices={5: 376, 4: 54, 3: 78} items=64574"
ex206,ex206_bf16_sin_odd_pos_fullword_expflip_h4,bf16_sin,sin,odd_pos_fullword_expflip_h4,student/work/ex205_ex209_frontend_bf16_semantic_20260606_0946/ex206/verilog/ex206_bf16_sin_odd_pos_fullword_expflip_h4.v,student/work/ex205_ex209_frontend_bf16_semantic_20260606_0946/ex206/aigs/ex206_bf16_sin_odd_pos_fullword_expflip_h4.aig,1,1,26863,23,617849,38.936,positive-domain full word with odd sign flip hi_bits=4 items=32359; sign flip simplified to exp!=255
ex206,ex206_bf16_sin_odd_pos_fullword_expflip_h5,bf16_sin,sin,odd_pos_fullword_expflip_h5,student/work/ex205_ex209_frontend_bf16_semantic_20260606_0946/ex206/verilog/ex206_bf16_sin_odd_pos_fullword_expflip_h5.v,student/work/ex205_ex209_frontend_bf16_semantic_20260606_0946/ex206/aigs/ex206_bf16_sin_odd_pos_fullword_expflip_h5.aig,1,1,26754,23,615342,50.928,positive-domain full word with odd sign flip hi_bits=5 items=32386; sign flip simplified to exp!=255
ex207,ex207_bf16_tan_odd_pos_fullword_expflip_h3,bf16_tan,tan,odd_pos_fullword_expflip_h3,student/work/ex205_ex209_frontend_bf16_semantic_20260606_0946/ex207/verilog/ex207_bf16_tan_odd_pos_fullword_expflip_h3.v,student/work/ex205_ex209_frontend_bf16_semantic_20260606_0946/ex207/aigs/ex207_bf16_tan_odd_pos_fullword_expflip_h3.aig,1,1,34566,21,725886,32.708,positive-domain full word with odd sign flip hi_bits=3 default_mode=mode items=32510; sign flip simplified to exp!=255
ex207,ex207_bf16_tan_odd_pos_fullword_expflip_h4_first,bf16_tan,tan,odd_pos_fullword_expflip_h4_first,student/work/ex205_ex209_frontend_bf16_semantic_20260606_0946/ex207/verilog/ex207_bf16_tan_odd_pos_fullword_expflip_h4_first.v,student/work/ex205_ex209_frontend_bf16_semantic_20260606_0946/ex207/aigs/ex207_bf16_tan_odd_pos_fullword_expflip_h4_first.aig,1,1,30659,22,674498,40.990,positive-domain full word with odd sign flip hi_bits=4 default_mode=first items=32511; sign flip simplified to exp!=255
ex207,ex207_bf16_tan_odd_pos_fullword_expflip_h6,bf16_tan,tan,odd_pos_fullword_expflip_h6,student/work/ex205_ex209_frontend_bf16_semantic_20260606_0946/ex207/verilog/ex207_bf16_tan_odd_pos_fullword_expflip_h6.v,student/work/ex205_ex209_frontend_bf16_semantic_20260606_0946/ex207/aigs/ex207_bf16_tan_odd_pos_fullword_expflip_h6.aig,1,1,29791,22,655402,58.925,positive-domain full word with odd sign flip hi_bits=6 default_mode=mode items=32508; sign flip simplified to exp!=255
ex207,ex207_bf16_tan_odd_pos_fullword_h4_first,bf16_tan,tan,odd_pos_fullword_h4_first,student/work/ex205_ex209_frontend_bf16_semantic_20260606_0946/ex207/verilog/ex207_bf16_tan_odd_pos_fullword_h4_first.v,student/work/ex205_ex209_frontend_bf16_semantic_20260606_0946/ex207/aigs/ex207_bf16_tan_odd_pos_fullword_h4_first.aig,1,1,29899,22,657778,39.582,positive-domain full word with odd sign flip hi_bits=4 default_mode=first items=32511
ex205,ex205_bf16_log10_log10_exp_runs_mant_sep_m2,bf16_log10,log10,log10_exp_runs_mant_sep_m2,student/work/ex205_ex209_frontend_bf16_semantic_20260606_0946/ex205/verilog/ex205_bf16_log10_log10_exp_runs_mant_sep_m2.v,student/work/ex205_ex209_frontend_bf16_semantic_20260606_0946/ex205/aigs/ex205_bf16_log10_log10_exp_runs_mant_sep_m2.aig,1,1,4935,18,88830,6.117,log10 positive exp range runs plus mant sep mhi=2 exp_items=194 items=10458
ex205,ex205_bf16_log10_log10_exp_runs_mant_sep_m3,bf16_log10,log10,log10_exp_runs_mant_sep_m3,student/work/ex205_ex209_frontend_bf16_semantic_20260606_0946/ex205/verilog/ex205_bf16_log10_log10_exp_runs_mant_sep_m3.v,student/work/ex205_ex209_frontend_bf16_semantic_20260606_0946/ex205/aigs/ex205_bf16_log10_log10_exp_runs_mant_sep_m3.aig,1,1,4767,18,85806,5.770,log10 positive exp range runs plus mant sep mhi=3 exp_items=194 items=7826
ex205,ex205_bf16_log10_log10_exp_runs_mant_sep_m4,bf16_log10,log10,log10_exp_runs_mant_sep_m4,student/work/ex205_ex209_frontend_bf16_semantic_20260606_0946/ex205/verilog/ex205_bf16_log10_log10_exp_runs_mant_sep_m4.v,student/work/ex205_ex209_frontend_bf16_semantic_20260606_0946/ex205/aigs/ex205_bf16_log10_log10_exp_runs_mant_sep_m4.aig,1,1,4886,18,87948,6.342,log10 positive exp range runs plus mant sep mhi=4 exp_items=194 items=7582
