
 /----------------------------------------------------------------------------\
 |  yosys -- Yosys Open SYnthesis Suite                                       |
 |  Copyright (C) 2012 - 2026  Claire Xenia Wolf <claire@yosyshq.com>         |
 |  Distributed under an ISC-like license, type "license" to see terms        |
 \----------------------------------------------------------------------------/
 Yosys 0.65 (git sha1 aec814bdf3071f7e0fd0fbe43f7f711e99d01e24, g++ 14.3.0-19 -fvisibility-inlines-hidden -fmessage-length=0 -march=nocona -mtune=haswell -ftree-vectorize -fPIC -fstack-protector-strong -fno-plt -O2 -ffunction-sections -fdebug-prefix-map=/home/conda/feedstock_root/build_artifacts/yosys_1778591527500/work=/usr/local/src/conda/yosys-0.65 -fdebug-prefix-map=/home/b10507053/ALS_Final_Project/student/tools/conda-env=/usr/local/src/conda-prefix -fPIC -O3) [conda-forge/yosys-feedstock]

-- Executing script file `/home/b10507053/ALS_Final_Project/student/work/ex250_ex254_frontend_fp4_dot_fma_semantic_20260608_2105/ex252/logs/ex252_semantic_u2_dot4_pairtable_qcase_synth_preset.yosys.ys' --

1. Executing Verilog-2005 frontend: /home/b10507053/ALS_Final_Project/student/work/ex250_ex254_frontend_fp4_dot_fma_semantic_20260608_2105/ex252/verilog/ex252_semantic_u2_dot4_pairtable_qcase.v
Parsing Verilog input from `/home/b10507053/ALS_Final_Project/student/work/ex250_ex254_frontend_fp4_dot_fma_semantic_20260608_2105/ex252/verilog/ex252_semantic_u2_dot4_pairtable_qcase.v' to AST representation.
Generating RTLIL representation for module `\ex252_semantic_u2_dot4_pairtable_qcase'.
Successfully finished Verilog frontend.

2. Executing SYNTH pass.

2.1. Executing HIERARCHY pass (managing design hierarchy).

2.1.1. Analyzing design hierarchy..
Top module:  \ex252_semantic_u2_dot4_pairtable_qcase

2.1.2. Analyzing design hierarchy..
Top module:  \ex252_semantic_u2_dot4_pairtable_qcase
Removed 0 unused modules.

2.2. Executing PROC pass (convert processes to netlists).

2.2.1. Executing PROC_CLEAN pass (remove empty switches from decision trees).
Cleaned up 0 empty switches.

2.2.2. Executing PROC_RMDEAD pass (remove dead branches from decision trees).
Marked 1 switch rules as full_case in process $proc$/home/b10507053/ALS_Final_Project/student/work/ex250_ex254_frontend_fp4_dot_fma_semantic_20260608_2105/ex252/verilog/ex252_semantic_u2_dot4_pairtable_qcase.v:320$20 in module ex252_semantic_u2_dot4_pairtable_qcase.
Removed 1 dead cases from process $proc$/home/b10507053/ALS_Final_Project/student/work/ex250_ex254_frontend_fp4_dot_fma_semantic_20260608_2105/ex252/verilog/ex252_semantic_u2_dot4_pairtable_qcase.v:271$14 in module ex252_semantic_u2_dot4_pairtable_qcase.
Marked 1 switch rules as full_case in process $proc$/home/b10507053/ALS_Final_Project/student/work/ex250_ex254_frontend_fp4_dot_fma_semantic_20260608_2105/ex252/verilog/ex252_semantic_u2_dot4_pairtable_qcase.v:271$14 in module ex252_semantic_u2_dot4_pairtable_qcase.
Removed 1 dead cases from process $proc$/home/b10507053/ALS_Final_Project/student/work/ex250_ex254_frontend_fp4_dot_fma_semantic_20260608_2105/ex252/verilog/ex252_semantic_u2_dot4_pairtable_qcase.v:270$8 in module ex252_semantic_u2_dot4_pairtable_qcase.
Marked 1 switch rules as full_case in process $proc$/home/b10507053/ALS_Final_Project/student/work/ex250_ex254_frontend_fp4_dot_fma_semantic_20260608_2105/ex252/verilog/ex252_semantic_u2_dot4_pairtable_qcase.v:270$8 in module ex252_semantic_u2_dot4_pairtable_qcase.
Removed a total of 2 dead cases.

2.2.3. Executing PROC_PRUNE pass (remove redundant assignments in processes).
Removed 0 redundant assignments.
Promoted 11 assignments to connections.

2.2.4. Executing PROC_INIT pass (extract init attributes).

2.2.5. Executing PROC_ARST pass (detect async resets in processes).

2.2.6. Executing PROC_ROM pass (convert switches to ROMs).
Converted 3 switches.

2.2.7. Executing PROC_MUX pass (convert decision trees to multiplexers).
Creating decoders for process `\ex252_semantic_u2_dot4_pairtable_qcase.$proc$/home/b10507053/ALS_Final_Project/student/work/ex250_ex254_frontend_fp4_dot_fma_semantic_20260608_2105/ex252/verilog/ex252_semantic_u2_dot4_pairtable_qcase.v:320$20'.
     1/1: $1\quant_scaled$func$/home/b10507053/ALS_Final_Project/student/work/ex250_ex254_frontend_fp4_dot_fma_semantic_20260608_2105/ex252/verilog/ex252_semantic_u2_dot4_pairtable_qcase.v:320$6.$result[6:0]$24
Creating decoders for process `\ex252_semantic_u2_dot4_pairtable_qcase.$proc$/home/b10507053/ALS_Final_Project/student/work/ex250_ex254_frontend_fp4_dot_fma_semantic_20260608_2105/ex252/verilog/ex252_semantic_u2_dot4_pairtable_qcase.v:271$14'.
     1/1: $1\pair_dot$func$/home/b10507053/ALS_Final_Project/student/work/ex250_ex254_frontend_fp4_dot_fma_semantic_20260608_2105/ex252/verilog/ex252_semantic_u2_dot4_pairtable_qcase.v:271$5.$result[5:0]$19
Creating decoders for process `\ex252_semantic_u2_dot4_pairtable_qcase.$proc$/home/b10507053/ALS_Final_Project/student/work/ex250_ex254_frontend_fp4_dot_fma_semantic_20260608_2105/ex252/verilog/ex252_semantic_u2_dot4_pairtable_qcase.v:270$8'.
     1/1: $1\pair_dot$func$/home/b10507053/ALS_Final_Project/student/work/ex250_ex254_frontend_fp4_dot_fma_semantic_20260608_2105/ex252/verilog/ex252_semantic_u2_dot4_pairtable_qcase.v:270$4.$result[5:0]$13

2.2.8. Executing PROC_DLATCH pass (convert process syncs to latches).
No latch inferred for signal `\ex252_semantic_u2_dot4_pairtable_qcase.\quant_scaled$func$/home/b10507053/ALS_Final_Project/student/work/ex250_ex254_frontend_fp4_dot_fma_semantic_20260608_2105/ex252/verilog/ex252_semantic_u2_dot4_pairtable_qcase.v:320$3.$result' from process `\ex252_semantic_u2_dot4_pairtable_qcase.$proc$/home/b10507053/ALS_Final_Project/student/work/ex250_ex254_frontend_fp4_dot_fma_semantic_20260608_2105/ex252/verilog/ex252_semantic_u2_dot4_pairtable_qcase.v:320$20'.
No latch inferred for signal `\ex252_semantic_u2_dot4_pairtable_qcase.\quant_scaled$func$/home/b10507053/ALS_Final_Project/student/work/ex250_ex254_frontend_fp4_dot_fma_semantic_20260608_2105/ex252/verilog/ex252_semantic_u2_dot4_pairtable_qcase.v:320$6.$result' from process `\ex252_semantic_u2_dot4_pairtable_qcase.$proc$/home/b10507053/ALS_Final_Project/student/work/ex250_ex254_frontend_fp4_dot_fma_semantic_20260608_2105/ex252/verilog/ex252_semantic_u2_dot4_pairtable_qcase.v:320$20'.
No latch inferred for signal `\ex252_semantic_u2_dot4_pairtable_qcase.\quant_scaled$func$/home/b10507053/ALS_Final_Project/student/work/ex250_ex254_frontend_fp4_dot_fma_semantic_20260608_2105/ex252/verilog/ex252_semantic_u2_dot4_pairtable_qcase.v:320$6.value' from process `\ex252_semantic_u2_dot4_pairtable_qcase.$proc$/home/b10507053/ALS_Final_Project/student/work/ex250_ex254_frontend_fp4_dot_fma_semantic_20260608_2105/ex252/verilog/ex252_semantic_u2_dot4_pairtable_qcase.v:320$20'.
No latch inferred for signal `\ex252_semantic_u2_dot4_pairtable_qcase.\pair_dot$func$/home/b10507053/ALS_Final_Project/student/work/ex250_ex254_frontend_fp4_dot_fma_semantic_20260608_2105/ex252/verilog/ex252_semantic_u2_dot4_pairtable_qcase.v:271$2.$result' from process `\ex252_semantic_u2_dot4_pairtable_qcase.$proc$/home/b10507053/ALS_Final_Project/student/work/ex250_ex254_frontend_fp4_dot_fma_semantic_20260608_2105/ex252/verilog/ex252_semantic_u2_dot4_pairtable_qcase.v:271$14'.
No latch inferred for signal `\ex252_semantic_u2_dot4_pairtable_qcase.\pair_dot$func$/home/b10507053/ALS_Final_Project/student/work/ex250_ex254_frontend_fp4_dot_fma_semantic_20260608_2105/ex252/verilog/ex252_semantic_u2_dot4_pairtable_qcase.v:271$5.$result' from process `\ex252_semantic_u2_dot4_pairtable_qcase.$proc$/home/b10507053/ALS_Final_Project/student/work/ex250_ex254_frontend_fp4_dot_fma_semantic_20260608_2105/ex252/verilog/ex252_semantic_u2_dot4_pairtable_qcase.v:271$14'.
No latch inferred for signal `\ex252_semantic_u2_dot4_pairtable_qcase.\pair_dot$func$/home/b10507053/ALS_Final_Project/student/work/ex250_ex254_frontend_fp4_dot_fma_semantic_20260608_2105/ex252/verilog/ex252_semantic_u2_dot4_pairtable_qcase.v:271$5.a' from process `\ex252_semantic_u2_dot4_pairtable_qcase.$proc$/home/b10507053/ALS_Final_Project/student/work/ex250_ex254_frontend_fp4_dot_fma_semantic_20260608_2105/ex252/verilog/ex252_semantic_u2_dot4_pairtable_qcase.v:271$14'.
No latch inferred for signal `\ex252_semantic_u2_dot4_pairtable_qcase.\pair_dot$func$/home/b10507053/ALS_Final_Project/student/work/ex250_ex254_frontend_fp4_dot_fma_semantic_20260608_2105/ex252/verilog/ex252_semantic_u2_dot4_pairtable_qcase.v:271$5.b' from process `\ex252_semantic_u2_dot4_pairtable_qcase.$proc$/home/b10507053/ALS_Final_Project/student/work/ex250_ex254_frontend_fp4_dot_fma_semantic_20260608_2105/ex252/verilog/ex252_semantic_u2_dot4_pairtable_qcase.v:271$14'.
No latch inferred for signal `\ex252_semantic_u2_dot4_pairtable_qcase.\pair_dot$func$/home/b10507053/ALS_Final_Project/student/work/ex250_ex254_frontend_fp4_dot_fma_semantic_20260608_2105/ex252/verilog/ex252_semantic_u2_dot4_pairtable_qcase.v:270$1.$result' from process `\ex252_semantic_u2_dot4_pairtable_qcase.$proc$/home/b10507053/ALS_Final_Project/student/work/ex250_ex254_frontend_fp4_dot_fma_semantic_20260608_2105/ex252/verilog/ex252_semantic_u2_dot4_pairtable_qcase.v:270$8'.
No latch inferred for signal `\ex252_semantic_u2_dot4_pairtable_qcase.\pair_dot$func$/home/b10507053/ALS_Final_Project/student/work/ex250_ex254_frontend_fp4_dot_fma_semantic_20260608_2105/ex252/verilog/ex252_semantic_u2_dot4_pairtable_qcase.v:270$4.$result' from process `\ex252_semantic_u2_dot4_pairtable_qcase.$proc$/home/b10507053/ALS_Final_Project/student/work/ex250_ex254_frontend_fp4_dot_fma_semantic_20260608_2105/ex252/verilog/ex252_semantic_u2_dot4_pairtable_qcase.v:270$8'.
No latch inferred for signal `\ex252_semantic_u2_dot4_pairtable_qcase.\pair_dot$func$/home/b10507053/ALS_Final_Project/student/work/ex250_ex254_frontend_fp4_dot_fma_semantic_20260608_2105/ex252/verilog/ex252_semantic_u2_dot4_pairtable_qcase.v:270$4.a' from process `\ex252_semantic_u2_dot4_pairtable_qcase.$proc$/home/b10507053/ALS_Final_Project/student/work/ex250_ex254_frontend_fp4_dot_fma_semantic_20260608_2105/ex252/verilog/ex252_semantic_u2_dot4_pairtable_qcase.v:270$8'.
No latch inferred for signal `\ex252_semantic_u2_dot4_pairtable_qcase.\pair_dot$func$/home/b10507053/ALS_Final_Project/student/work/ex250_ex254_frontend_fp4_dot_fma_semantic_20260608_2105/ex252/verilog/ex252_semantic_u2_dot4_pairtable_qcase.v:270$4.b' from process `\ex252_semantic_u2_dot4_pairtable_qcase.$proc$/home/b10507053/ALS_Final_Project/student/work/ex250_ex254_frontend_fp4_dot_fma_semantic_20260608_2105/ex252/verilog/ex252_semantic_u2_dot4_pairtable_qcase.v:270$8'.

2.2.9. Executing PROC_DFF pass (convert process syncs to FFs).

2.2.10. Executing PROC_MEMWR pass (convert process memory writes to cells).

2.2.11. Executing PROC_CLEAN pass (remove empty switches from decision trees).
Found and cleaned up 1 empty switch in `\ex252_semantic_u2_dot4_pairtable_qcase.$proc$/home/b10507053/ALS_Final_Project/student/work/ex250_ex254_frontend_fp4_dot_fma_semantic_20260608_2105/ex252/verilog/ex252_semantic_u2_dot4_pairtable_qcase.v:320$20'.
Removing empty process `ex252_semantic_u2_dot4_pairtable_qcase.$proc$/home/b10507053/ALS_Final_Project/student/work/ex250_ex254_frontend_fp4_dot_fma_semantic_20260608_2105/ex252/verilog/ex252_semantic_u2_dot4_pairtable_qcase.v:320$20'.
Found and cleaned up 1 empty switch in `\ex252_semantic_u2_dot4_pairtable_qcase.$proc$/home/b10507053/ALS_Final_Project/student/work/ex250_ex254_frontend_fp4_dot_fma_semantic_20260608_2105/ex252/verilog/ex252_semantic_u2_dot4_pairtable_qcase.v:271$14'.
Removing empty process `ex252_semantic_u2_dot4_pairtable_qcase.$proc$/home/b10507053/ALS_Final_Project/student/work/ex250_ex254_frontend_fp4_dot_fma_semantic_20260608_2105/ex252/verilog/ex252_semantic_u2_dot4_pairtable_qcase.v:271$14'.
Found and cleaned up 1 empty switch in `\ex252_semantic_u2_dot4_pairtable_qcase.$proc$/home/b10507053/ALS_Final_Project/student/work/ex250_ex254_frontend_fp4_dot_fma_semantic_20260608_2105/ex252/verilog/ex252_semantic_u2_dot4_pairtable_qcase.v:270$8'.
Removing empty process `ex252_semantic_u2_dot4_pairtable_qcase.$proc$/home/b10507053/ALS_Final_Project/student/work/ex250_ex254_frontend_fp4_dot_fma_semantic_20260608_2105/ex252/verilog/ex252_semantic_u2_dot4_pairtable_qcase.v:270$8'.
Cleaned up 3 empty switches.

2.2.12. Executing OPT_EXPR pass (perform const folding).
Optimizing module ex252_semantic_u2_dot4_pairtable_qcase.

2.3. Executing CHECK pass (checking for obvious problems).
Checking module ex252_semantic_u2_dot4_pairtable_qcase...
Found and reported 0 problems.

2.4. Executing FLATTEN pass (flatten design).

2.5. Executing OPT_EXPR pass (perform const folding).
Optimizing module ex252_semantic_u2_dot4_pairtable_qcase.

2.6. Executing OPT_CLEAN pass (remove unused cells and wires).
Finding unused cells or wires in module \ex252_semantic_u2_dot4_pairtable_qcase..
Removed 0 unused cells and 23 unused wires.

2.7. Executing CHECK pass (checking for obvious problems).
Checking module ex252_semantic_u2_dot4_pairtable_qcase...
Found and reported 0 problems.

2.8. Executing OPT pass (performing simple optimizations).

2.8.1. Executing OPT_EXPR pass (perform const folding).
Optimizing module ex252_semantic_u2_dot4_pairtable_qcase.

2.8.2. Executing OPT_MERGE pass (detect identical cells).
Finding identical cells in module `\ex252_semantic_u2_dot4_pairtable_qcase'.
Computing hashes of 7 cells of `\ex252_semantic_u2_dot4_pairtable_qcase'.
Finding duplicate cells in `\ex252_semantic_u2_dot4_pairtable_qcase'.
Removed a total of 0 cells.

2.8.3. Executing OPT_MUXTREE pass (detect dead branches in mux trees).
Running muxtree optimizer on module \ex252_semantic_u2_dot4_pairtable_qcase..
  Creating internal representation of mux trees.
  No muxes found in this module.
Removed 0 multiplexer ports.

2.8.4. Executing OPT_REDUCE pass (consolidate $*mux and $reduce_* inputs).
  Optimizing cells in module \ex252_semantic_u2_dot4_pairtable_qcase.
Performed a total of 0 changes.

2.8.5. Executing OPT_MERGE pass (detect identical cells).
Finding identical cells in module `\ex252_semantic_u2_dot4_pairtable_qcase'.
Computing hashes of 7 cells of `\ex252_semantic_u2_dot4_pairtable_qcase'.
Finding duplicate cells in `\ex252_semantic_u2_dot4_pairtable_qcase'.
Removed a total of 0 cells.

2.8.6. Executing OPT_DFF pass (perform DFF optimizations).

2.8.7. Executing OPT_CLEAN pass (remove unused cells and wires).
Finding unused cells or wires in module \ex252_semantic_u2_dot4_pairtable_qcase..

2.8.8. Executing OPT_EXPR pass (perform const folding).
Optimizing module ex252_semantic_u2_dot4_pairtable_qcase.

2.8.9. Finished fast OPT passes. (There is nothing left to do.)

2.9. Executing FSM pass (extract and optimize FSM).

2.9.1. Executing FSM_DETECT pass (finding FSMs in design).

2.9.2. Executing FSM_EXTRACT pass (extracting FSM from design).

2.9.3. Executing FSM_OPT pass (simple optimizations of FSMs).

2.9.4. Executing OPT_CLEAN pass (remove unused cells and wires).
Finding unused cells or wires in module \ex252_semantic_u2_dot4_pairtable_qcase..

2.9.5. Executing FSM_OPT pass (simple optimizations of FSMs).

2.9.6. Executing FSM_RECODE pass (re-assigning FSM state encoding).

2.9.7. Executing FSM_INFO pass (dumping all available information on FSM cells).

2.9.8. Executing FSM_MAP pass (mapping FSMs to basic logic).

2.10. Executing OPT pass (performing simple optimizations).

2.10.1. Executing OPT_EXPR pass (perform const folding).
Optimizing module ex252_semantic_u2_dot4_pairtable_qcase.

2.10.2. Executing OPT_MERGE pass (detect identical cells).
Finding identical cells in module `\ex252_semantic_u2_dot4_pairtable_qcase'.
Computing hashes of 7 cells of `\ex252_semantic_u2_dot4_pairtable_qcase'.
Finding duplicate cells in `\ex252_semantic_u2_dot4_pairtable_qcase'.
Removed a total of 0 cells.

2.10.3. Executing OPT_MUXTREE pass (detect dead branches in mux trees).
Running muxtree optimizer on module \ex252_semantic_u2_dot4_pairtable_qcase..
  Creating internal representation of mux trees.
  No muxes found in this module.
Removed 0 multiplexer ports.

2.10.4. Executing OPT_REDUCE pass (consolidate $*mux and $reduce_* inputs).
  Optimizing cells in module \ex252_semantic_u2_dot4_pairtable_qcase.
Performed a total of 0 changes.

2.10.5. Executing OPT_MERGE pass (detect identical cells).
Finding identical cells in module `\ex252_semantic_u2_dot4_pairtable_qcase'.
Computing hashes of 7 cells of `\ex252_semantic_u2_dot4_pairtable_qcase'.
Finding duplicate cells in `\ex252_semantic_u2_dot4_pairtable_qcase'.
Removed a total of 0 cells.

2.10.6. Executing OPT_DFF pass (perform DFF optimizations).

2.10.7. Executing OPT_CLEAN pass (remove unused cells and wires).
Finding unused cells or wires in module \ex252_semantic_u2_dot4_pairtable_qcase..

2.10.8. Executing OPT_EXPR pass (perform const folding).
Optimizing module ex252_semantic_u2_dot4_pairtable_qcase.

2.10.9. Finished fast OPT passes. (There is nothing left to do.)

2.11. Executing WREDUCE pass (reducing word size of cells).
Removed top 24 address bits (of 32) from memory init port ex252_semantic_u2_dot4_pairtable_qcase.$auto$mem.cc:351:emit$36 ($auto$proc_rom.cc:155:do_switch$34).
Removed top 24 address bits (of 32) from memory init port ex252_semantic_u2_dot4_pairtable_qcase.$auto$mem.cc:351:emit$32 ($auto$proc_rom.cc:155:do_switch$30).
Removed top 26 address bits (of 32) from memory init port ex252_semantic_u2_dot4_pairtable_qcase.$auto$mem.cc:351:emit$28 ($auto$proc_rom.cc:155:do_switch$26).

2.12. Executing PEEPOPT pass (run peephole optimizers).

2.13. Executing OPT_CLEAN pass (remove unused cells and wires).
Finding unused cells or wires in module \ex252_semantic_u2_dot4_pairtable_qcase..

2.14. Executing ALUMACC pass (create $alu and $macc cells).
Extracting $alu and $macc cells in module ex252_semantic_u2_dot4_pairtable_qcase:
  creating $macc model for $add$/home/b10507053/ALS_Final_Project/student/work/ex250_ex254_frontend_fp4_dot_fma_semantic_20260608_2105/ex252/verilog/ex252_semantic_u2_dot4_pairtable_qcase.v:272$7 ($add).
  creating $alu model for $macc $add$/home/b10507053/ALS_Final_Project/student/work/ex250_ex254_frontend_fp4_dot_fma_semantic_20260608_2105/ex252/verilog/ex252_semantic_u2_dot4_pairtable_qcase.v:272$7.
  creating $alu cell for $add$/home/b10507053/ALS_Final_Project/student/work/ex250_ex254_frontend_fp4_dot_fma_semantic_20260608_2105/ex252/verilog/ex252_semantic_u2_dot4_pairtable_qcase.v:272$7: $auto$alumacc.cc:512:replace_alu$40
  created 1 $alu and 0 $macc cells.

2.15. Executing SHARE pass (SAT-based resource sharing).

2.16. Executing OPT pass (performing simple optimizations).

2.16.1. Executing OPT_EXPR pass (perform const folding).
Optimizing module ex252_semantic_u2_dot4_pairtable_qcase.

2.16.2. Executing OPT_MERGE pass (detect identical cells).
Finding identical cells in module `\ex252_semantic_u2_dot4_pairtable_qcase'.
Computing hashes of 7 cells of `\ex252_semantic_u2_dot4_pairtable_qcase'.
Finding duplicate cells in `\ex252_semantic_u2_dot4_pairtable_qcase'.
Removed a total of 0 cells.

2.16.3. Executing OPT_MUXTREE pass (detect dead branches in mux trees).
Running muxtree optimizer on module \ex252_semantic_u2_dot4_pairtable_qcase..
  Creating internal representation of mux trees.
  No muxes found in this module.
Removed 0 multiplexer ports.

2.16.4. Executing OPT_REDUCE pass (consolidate $*mux and $reduce_* inputs).
  Optimizing cells in module \ex252_semantic_u2_dot4_pairtable_qcase.
Performed a total of 0 changes.

2.16.5. Executing OPT_MERGE pass (detect identical cells).
Finding identical cells in module `\ex252_semantic_u2_dot4_pairtable_qcase'.
Computing hashes of 7 cells of `\ex252_semantic_u2_dot4_pairtable_qcase'.
Finding duplicate cells in `\ex252_semantic_u2_dot4_pairtable_qcase'.
Removed a total of 0 cells.

2.16.6. Executing OPT_DFF pass (perform DFF optimizations).

2.16.7. Executing OPT_CLEAN pass (remove unused cells and wires).
Finding unused cells or wires in module \ex252_semantic_u2_dot4_pairtable_qcase..

2.16.8. Executing OPT_EXPR pass (perform const folding).
Optimizing module ex252_semantic_u2_dot4_pairtable_qcase.

2.16.9. Finished fast OPT passes. (There is nothing left to do.)

2.17. Executing MEMORY pass.

2.17.1. Executing OPT_MEM pass (optimize memories).
ex252_semantic_u2_dot4_pairtable_qcase.$auto$proc_rom.cc:155:do_switch$34: removing const-0 lane 5
ex252_semantic_u2_dot4_pairtable_qcase.$auto$proc_rom.cc:155:do_switch$30: removing const-0 lane 5
Performed a total of 2 transformations.

2.17.2. Executing OPT_MEM_PRIORITY pass (removing unnecessary memory write priority relations).
Performed a total of 0 transformations.

2.17.3. Executing OPT_MEM_FEEDBACK pass (finding memory read-to-write feedback paths).

2.17.4. Executing MEMORY_BMUX2ROM pass (converting muxes to ROMs).

2.17.5. Executing MEMORY_DFF pass (merging $dff cells to $memrd).
Checking read port `$auto$proc_rom.cc:155:do_switch$34'[0] in module `\ex252_semantic_u2_dot4_pairtable_qcase': no output FF found.
Checking read port `$auto$proc_rom.cc:155:do_switch$30'[0] in module `\ex252_semantic_u2_dot4_pairtable_qcase': no output FF found.
Checking read port `$auto$proc_rom.cc:155:do_switch$26'[0] in module `\ex252_semantic_u2_dot4_pairtable_qcase': no output FF found.
Checking read port address `$auto$proc_rom.cc:155:do_switch$34'[0] in module `\ex252_semantic_u2_dot4_pairtable_qcase': no address FF found.
Checking read port address `$auto$proc_rom.cc:155:do_switch$30'[0] in module `\ex252_semantic_u2_dot4_pairtable_qcase': no address FF found.
Checking read port address `$auto$proc_rom.cc:155:do_switch$26'[0] in module `\ex252_semantic_u2_dot4_pairtable_qcase': no address FF found.

2.17.6. Executing OPT_CLEAN pass (remove unused cells and wires).
Finding unused cells or wires in module \ex252_semantic_u2_dot4_pairtable_qcase..

2.17.7. Executing MEMORY_SHARE pass (consolidating $memrd/$memwr cells).

2.17.8. Executing OPT_MEM_WIDEN pass (optimize memories where all ports are wide).
Performed a total of 0 transformations.

2.17.9. Executing OPT_CLEAN pass (remove unused cells and wires).
Finding unused cells or wires in module \ex252_semantic_u2_dot4_pairtable_qcase..

2.17.10. Executing MEMORY_COLLECT pass (generating $mem cells).

2.18. Executing OPT_CLEAN pass (remove unused cells and wires).
Finding unused cells or wires in module \ex252_semantic_u2_dot4_pairtable_qcase..

2.19. Executing OPT pass (performing simple optimizations).

2.19.1. Executing OPT_EXPR pass (perform const folding).
Optimizing module ex252_semantic_u2_dot4_pairtable_qcase.

2.19.2. Executing OPT_MERGE pass (detect identical cells).
Finding identical cells in module `\ex252_semantic_u2_dot4_pairtable_qcase'.
Computing hashes of 4 cells of `\ex252_semantic_u2_dot4_pairtable_qcase'.
Finding duplicate cells in `\ex252_semantic_u2_dot4_pairtable_qcase'.
Removed a total of 0 cells.

2.19.3. Executing OPT_DFF pass (perform DFF optimizations).

2.19.4. Executing OPT_CLEAN pass (remove unused cells and wires).
Finding unused cells or wires in module \ex252_semantic_u2_dot4_pairtable_qcase..

2.19.5. Finished fast OPT passes.

2.20. Executing MEMORY_MAP pass (converting memories to logic and flip-flops).
Mapping memory $auto$proc_rom.cc:155:do_switch$30 in module \ex252_semantic_u2_dot4_pairtable_qcase:
  created 256 $dff cells and 0 static cells of width 5.
  read interface: 0 $dff and 255 $mux cells.
  write interface: 0 write mux blocks.
Mapping memory $auto$proc_rom.cc:155:do_switch$34 in module \ex252_semantic_u2_dot4_pairtable_qcase:
  created 256 $dff cells and 0 static cells of width 5.
  read interface: 0 $dff and 255 $mux cells.
  write interface: 0 write mux blocks.
Mapping memory $auto$proc_rom.cc:155:do_switch$26 in module \ex252_semantic_u2_dot4_pairtable_qcase:
  created 64 $dff cells and 0 static cells of width 7.
  read interface: 0 $dff and 63 $mux cells.
  write interface: 0 write mux blocks.

2.21. Executing OPT pass (performing simple optimizations).

2.21.1. Executing OPT_EXPR pass (perform const folding).
Optimizing module ex252_semantic_u2_dot4_pairtable_qcase.

2.21.2. Executing OPT_MERGE pass (detect identical cells).
Finding identical cells in module `\ex252_semantic_u2_dot4_pairtable_qcase'.
Computing hashes of 444 cells of `\ex252_semantic_u2_dot4_pairtable_qcase'.
Finding duplicate cells in `\ex252_semantic_u2_dot4_pairtable_qcase'.
Removed a total of 0 cells.

2.21.3. Executing OPT_MUXTREE pass (detect dead branches in mux trees).
Running muxtree optimizer on module \ex252_semantic_u2_dot4_pairtable_qcase..
  Creating internal representation of mux trees.
  Evaluating internal representation of mux trees.
  Analyzing evaluation results.
Removed 0 multiplexer ports.

2.21.4. Executing OPT_REDUCE pass (consolidate $*mux and $reduce_* inputs).
  Optimizing cells in module \ex252_semantic_u2_dot4_pairtable_qcase.
    Consolidated identical input bits for $mux cell $memory$auto$proc_rom.cc:155:do_switch$34$rdmux[0][7][58]$1369:
      Old ports: A=5'00001, B=5'00100, Y=$memory$auto$proc_rom.cc:155:do_switch$34$rdmux[0][6][29]$a$1091
      New ports: A=2'01, B=2'10, Y={ $memory$auto$proc_rom.cc:155:do_switch$34$rdmux[0][6][29]$a$1091 [2] $memory$auto$proc_rom.cc:155:do_switch$34$rdmux[0][6][29]$a$1091 [0] }
      New connections: { $memory$auto$proc_rom.cc:155:do_switch$34$rdmux[0][6][29]$a$1091 [4:3] $memory$auto$proc_rom.cc:155:do_switch$34$rdmux[0][6][29]$a$1091 [1] } = 3'000
    Consolidated identical input bits for $mux cell $memory$auto$proc_rom.cc:155:do_switch$34$rdmux[0][7][57]$1366:
      Old ports: A=5'00110, B=5'01001, Y=$memory$auto$proc_rom.cc:155:do_switch$34$rdmux[0][6][28]$b$1089
      New ports: A=2'10, B=2'01, Y=$memory$auto$proc_rom.cc:155:do_switch$34$rdmux[0][6][28]$b$1089 [1:0]
      New connections: $memory$auto$proc_rom.cc:155:do_switch$34$rdmux[0][6][28]$b$1089 [4:2] = { 1'0 $memory$auto$proc_rom.cc:155:do_switch$34$rdmux[0][6][28]$b$1089 [0] $memory$auto$proc_rom.cc:155:do_switch$34$rdmux[0][6][28]$b$1089 [1] }
    Consolidated identical input bits for $mux cell $memory$auto$proc_rom.cc:155:do_switch$34$rdmux[0][7][56]$1363:
      Old ports: A=5'00000, B=5'00011, Y=$memory$auto$proc_rom.cc:155:do_switch$34$rdmux[0][6][28]$a$1088
      New ports: A=1'0, B=1'1, Y=$memory$auto$proc_rom.cc:155:do_switch$34$rdmux[0][6][28]$a$1088 [0]
      New connections: $memory$auto$proc_rom.cc:155:do_switch$34$rdmux[0][6][28]$a$1088 [4:1] = { 3'000 $memory$auto$proc_rom.cc:155:do_switch$34$rdmux[0][6][28]$a$1088 [0] }
    Consolidated identical input bits for $mux cell $memory$auto$proc_rom.cc:155:do_switch$34$rdmux[0][7][55]$1360:
      Old ports: A=5'00111, B=5'01001, Y=$memory$auto$proc_rom.cc:155:do_switch$34$rdmux[0][6][27]$b$1086
      New ports: A=2'01, B=2'10, Y={ $memory$auto$proc_rom.cc:155:do_switch$34$rdmux[0][6][27]$b$1086 [3] $memory$auto$proc_rom.cc:155:do_switch$34$rdmux[0][6][27]$b$1086 [1] }
      New connections: { $memory$auto$proc_rom.cc:155:do_switch$34$rdmux[0][6][27]$b$1086 [4] $memory$auto$proc_rom.cc:155:do_switch$34$rdmux[0][6][27]$b$1086 [2] $memory$auto$proc_rom.cc:155:do_switch$34$rdmux[0][6][27]$b$1086 [0] } = { 1'0 $memory$auto$proc_rom.cc:155:do_switch$34$rdmux[0][6][27]$b$1086 [1] 1'1 }
    Consolidated identical input bits for $mux cell $memory$auto$proc_rom.cc:155:do_switch$34$rdmux[0][7][54]$1357:
      Old ports: A=5'00011, B=5'00101, Y=$memory$auto$proc_rom.cc:155:do_switch$34$rdmux[0][6][27]$a$1085
      New ports: A=2'01, B=2'10, Y=$memory$auto$proc_rom.cc:155:do_switch$34$rdmux[0][6][27]$a$1085 [2:1]
      New connections: { $memory$auto$proc_rom.cc:155:do_switch$34$rdmux[0][6][27]$a$1085 [4:3] $memory$auto$proc_rom.cc:155:do_switch$34$rdmux[0][6][27]$a$1085 [0] } = 3'001
    Consolidated identical input bits for $mux cell $memory$auto$proc_rom.cc:155:do_switch$34$rdmux[0][7][53]$1354:
      Old ports: A=5'00110, B=5'01000, Y=$memory$auto$proc_rom.cc:155:do_switch$34$rdmux[0][6][26]$b$1083
      New ports: A=2'01, B=2'10, Y={ $memory$auto$proc_rom.cc:155:do_switch$34$rdmux[0][6][26]$b$1083 [3] $memory$auto$proc_rom.cc:155:do_switch$34$rdmux[0][6][26]$b$1083 [1] }
      New connections: { $memory$auto$proc_rom.cc:155:do_switch$34$rdmux[0][6][26]$b$1083 [4] $memory$auto$proc_rom.cc:155:do_switch$34$rdmux[0][6][26]$b$1083 [2] $memory$auto$proc_rom.cc:155:do_switch$34$rdmux[0][6][26]$b$1083 [0] } = { 1'0 $memory$auto$proc_rom.cc:155:do_switch$34$rdmux[0][6][26]$b$1083 [1] 1'0 }
    Consolidated identical input bits for $mux cell $memory$auto$proc_rom.cc:155:do_switch$34$rdmux[0][7][52]$1351:
      Old ports: A=5'00010, B=5'00100, Y=$memory$auto$proc_rom.cc:155:do_switch$34$rdmux[0][6][26]$a$1082
      New ports: A=2'01, B=2'10, Y=$memory$auto$proc_rom.cc:155:do_switch$34$rdmux[0][6][26]$a$1082 [2:1]
      New connections: { $memory$auto$proc_rom.cc:155:do_switch$34$rdmux[0][6][26]$a$1082 [4:3] $memory$auto$proc_rom.cc:155:do_switch$34$rdmux[0][6][26]$a$1082 [0] } = 3'000
    Consolidated identical input bits for $mux cell $memory$auto$proc_rom.cc:155:do_switch$34$rdmux[0][7][51]$1348:
      Old ports: A=5'00101, B=5'00111, Y=$memory$auto$proc_rom.cc:155:do_switch$34$rdmux[0][6][25]$b$1080
      New ports: A=1'0, B=1'1, Y=$memory$auto$proc_rom.cc:155:do_switch$34$rdmux[0][6][25]$b$1080 [1]
      New connections: { $memory$auto$proc_rom.cc:155:do_switch$34$rdmux[0][6][25]$b$1080 [4:2] $memory$auto$proc_rom.cc:155:do_switch$34$rdmux[0][6][25]$b$1080 [0] } = 4'0011
    Consolidated identical input bits for $mux cell $memory$auto$proc_rom.cc:155:do_switch$34$rdmux[0][7][50]$1345:
      Old ports: A=5'00001, B=5'00011, Y=$memory$auto$proc_rom.cc:155:do_switch$34$rdmux[0][6][25]$a$1079
      New ports: A=1'0, B=1'1, Y=$memory$auto$proc_rom.cc:155:do_switch$34$rdmux[0][6][25]$a$1079 [1]
      New connections: { $memory$auto$proc_rom.cc:155:do_switch$34$rdmux[0][6][25]$a$1079 [4:2] $memory$auto$proc_rom.cc:155:do_switch$34$rdmux[0][6][25]$a$1079 [0] } = 4'0001
    Consolidated identical input bits for $mux cell $memory$auto$proc_rom.cc:155:do_switch$34$rdmux[0][7][49]$1342:
      Old ports: A=5'00100, B=5'00110, Y=$memory$auto$proc_rom.cc:155:do_switch$34$rdmux[0][6][24]$b$1077
      New ports: A=1'0, B=1'1, Y=$memory$auto$proc_rom.cc:155:do_switch$34$rdmux[0][6][24]$b$1077 [1]
      New connections: { $memory$auto$proc_rom.cc:155:do_switch$34$rdmux[0][6][24]$b$1077 [4:2] $memory$auto$proc_rom.cc:155:do_switch$34$rdmux[0][6][24]$b$1077 [0] } = 4'0010
    Consolidated identical input bits for $mux cell $memory$auto$proc_rom.cc:155:do_switch$34$rdmux[0][7][48]$1339:
      Old ports: A=5'00000, B=5'00010, Y=$memory$auto$proc_rom.cc:155:do_switch$34$rdmux[0][6][24]$a$1076
      New ports: A=1'0, B=1'1, Y=$memory$auto$proc_rom.cc:155:do_switch$34$rdmux[0][6][24]$a$1076 [1]
      New connections: { $memory$auto$proc_rom.cc:155:do_switch$34$rdmux[0][6][24]$a$1076 [4:2] $memory$auto$proc_rom.cc:155:do_switch$34$rdmux[0][6][24]$a$1076 [0] } = 4'0000
    Consolidated identical input bits for $mux cell $memory$auto$proc_rom.cc:155:do_switch$34$rdmux[0][7][47]$1336:
      Old ports: A=5'00101, B=5'00110, Y=$memory$auto$proc_rom.cc:155:do_switch$34$rdmux[0][6][23]$b$1074
      New ports: A=2'01, B=2'10, Y=$memory$auto$proc_rom.cc:155:do_switch$34$rdmux[0][6][23]$b$1074 [1:0]
      New connections: $memory$auto$proc_rom.cc:155:do_switch$34$rdmux[0][6][23]$b$1074 [4:2] = 3'001
    Consolidated identical input bits for $mux cell $memory$auto$proc_rom.cc:155:do_switch$34$rdmux[0][7][46]$1333:
      Old ports: A=5'00011, B=5'00100, Y=$memory$auto$proc_rom.cc:155:do_switch$34$rdmux[0][6][23]$a$1073
      New ports: A=2'01, B=2'10, Y={ $memory$auto$proc_rom.cc:155:do_switch$34$rdmux[0][6][23]$a$1073 [2] $memory$auto$proc_rom.cc:155:do_switch$34$rdmux[0][6][23]$a$1073 [0] }
      New connections: { $memory$auto$proc_rom.cc:155:do_switch$34$rdmux[0][6][23]$a$1073 [4:3] $memory$auto$proc_rom.cc:155:do_switch$34$rdmux[0][6][23]$a$1073 [1] } = { 2'00 $memory$auto$proc_rom.cc:155:do_switch$34$rdmux[0][6][23]$a$1073 [0] }
    Consolidated identical input bits for $mux cell $memory$auto$proc_rom.cc:155:do_switch$34$rdmux[0][7][45]$1330:
      Old ports: A=5'00100, B=5'00101, Y=$memory$auto$proc_rom.cc:155:do_switch$34$rdmux[0][6][22]$b$1071
      New ports: A=1'0, B=1'1, Y=$memory$auto$proc_rom.cc:155:do_switch$34$rdmux[0][6][22]$b$1071 [0]
      New connections: $memory$auto$proc_rom.cc:155:do_switch$34$rdmux[0][6][22]$b$1071 [4:1] = 4'0010
    Consolidated identical input bits for $mux cell $memory$auto$proc_rom.cc:155:do_switch$34$rdmux[0][7][44]$1327:
      Old ports: A=5'00010, B=5'00011, Y=$memory$auto$proc_rom.cc:155:do_switch$34$rdmux[0][6][22]$a$1070
      New ports: A=1'0, B=1'1, Y=$memory$auto$proc_rom.cc:155:do_switch$34$rdmux[0][6][22]$a$1070 [0]
      New connections: $memory$auto$proc_rom.cc:155:do_switch$34$rdmux[0][6][22]$a$1070 [4:1] = 4'0001
    Consolidated identical input bits for $mux cell $memory$auto$proc_rom.cc:155:do_switch$34$rdmux[0][7][43]$1324:
      Old ports: A=5'00011, B=5'00100, Y=$memory$auto$proc_rom.cc:155:do_switch$34$rdmux[0][6][21]$b$1068
      New ports: A=2'01, B=2'10, Y={ $memory$auto$proc_rom.cc:155:do_switch$34$rdmux[0][6][21]$b$1068 [2] $memory$auto$proc_rom.cc:155:do_switch$34$rdmux[0][6][21]$b$1068 [0] }
      New connections: { $memory$auto$proc_rom.cc:155:do_switch$34$rdmux[0][6][21]$b$1068 [4:3] $memory$auto$proc_rom.cc:155:do_switch$34$rdmux[0][6][21]$b$1068 [1] } = { 2'00 $memory$auto$proc_rom.cc:155:do_switch$34$rdmux[0][6][21]$b$1068 [0] }
    Consolidated identical input bits for $mux cell $memory$auto$proc_rom.cc:155:do_switch$34$rdmux[0][7][42]$1321:
      Old ports: A=5'00001, B=5'00010, Y=$memory$auto$proc_rom.cc:155:do_switch$34$rdmux[0][6][21]$a$1067
      New ports: A=2'01, B=2'10, Y=$memory$auto$proc_rom.cc:155:do_switch$34$rdmux[0][6][21]$a$1067 [1:0]
      New connections: $memory$auto$proc_rom.cc:155:do_switch$34$rdmux[0][6][21]$a$1067 [4:2] = 3'000
    Consolidated identical input bits for $mux cell $memory$auto$proc_rom.cc:155:do_switch$34$rdmux[0][7][41]$1318:
      Old ports: A=5'00010, B=5'00011, Y=$memory$auto$proc_rom.cc:155:do_switch$34$rdmux[0][6][20]$b$1065
      New ports: A=1'0, B=1'1, Y=$memory$auto$proc_rom.cc:155:do_switch$34$rdmux[0][6][20]$b$1065 [0]
      New connections: $memory$auto$proc_rom.cc:155:do_switch$34$rdmux[0][6][20]$b$1065 [4:1] = 4'0001
    Consolidated identical input bits for $mux cell $memory$auto$proc_rom.cc:155:do_switch$34$rdmux[0][7][40]$1315:
      Old ports: A=5'00000, B=5'00001, Y=$memory$auto$proc_rom.cc:155:do_switch$34$rdmux[0][6][20]$a$1064
      New ports: A=1'0, B=1'1, Y=$memory$auto$proc_rom.cc:155:do_switch$34$rdmux[0][6][20]$a$1064 [0]
      New connections: $memory$auto$proc_rom.cc:155:do_switch$34$rdmux[0][6][20]$a$1064 [4:1] = 4'0000
    Consolidated identical input bits for $mux cell $memory$auto$proc_rom.cc:155:do_switch$34$rdmux[0][7][112]$1531:
      Old ports: A=5'00000, B=5'00010, Y=$memory$auto$proc_rom.cc:155:do_switch$34$rdmux[0][6][56]$a$1172
      New ports: A=1'0, B=1'1, Y=$memory$auto$proc_rom.cc:155:do_switch$34$rdmux[0][6][56]$a$1172 [1]
      New connections: { $memory$auto$proc_rom.cc:155:do_switch$34$rdmux[0][6][56]$a$1172 [4:2] $memory$auto$proc_rom.cc:155:do_switch$34$rdmux[0][6][56]$a$1172 [0] } = 4'0000
    Consolidated identical input bits for $mux cell $memory$auto$proc_rom.cc:155:do_switch$34$rdmux[0][7][113]$1534:
      Old ports: A=5'00100, B=5'00110, Y=$memory$auto$proc_rom.cc:155:do_switch$34$rdmux[0][6][56]$b$1173
      New ports: A=1'0, B=1'1, Y=$memory$auto$proc_rom.cc:155:do_switch$34$rdmux[0][6][56]$b$1173 [1]
      New connections: { $memory$auto$proc_rom.cc:155:do_switch$34$rdmux[0][6][56]$b$1173 [4:2] $memory$auto$proc_rom.cc:155:do_switch$34$rdmux[0][6][56]$b$1173 [0] } = 4'0010
    Consolidated identical input bits for $mux cell $memory$auto$proc_rom.cc:155:do_switch$34$rdmux[0][7][115]$1540:
      Old ports: A=5'00111, B=5'01001, Y=$memory$auto$proc_rom.cc:155:do_switch$34$rdmux[0][6][57]$b$1176
      New ports: A=2'01, B=2'10, Y={ $memory$auto$proc_rom.cc:155:do_switch$34$rdmux[0][6][57]$b$1176 [3] $memory$auto$proc_rom.cc:155:do_switch$34$rdmux[0][6][57]$b$1176 [1] }
      New connections: { $memory$auto$proc_rom.cc:155:do_switch$34$rdmux[0][6][57]$b$1176 [4] $memory$auto$proc_rom.cc:155:do_switch$34$rdmux[0][6][57]$b$1176 [2] $memory$auto$proc_rom.cc:155:do_switch$34$rdmux[0][6][57]$b$1176 [0] } = { 1'0 $memory$auto$proc_rom.cc:155:do_switch$34$rdmux[0][6][57]$b$1176 [1] 1'1 }
    Consolidated identical input bits for $mux cell $memory$auto$proc_rom.cc:155:do_switch$34$rdmux[0][7][116]$1543:
      Old ports: A=5'00110, B=5'01000, Y=$memory$auto$proc_rom.cc:155:do_switch$34$rdmux[0][6][58]$a$1178
      New ports: A=2'01, B=2'10, Y={ $memory$auto$proc_rom.cc:155:do_switch$34$rdmux[0][6][58]$a$1178 [3] $memory$auto$proc_rom.cc:155:do_switch$34$rdmux[0][6][58]$a$1178 [1] }
      New connections: { $memory$auto$proc_rom.cc:155:do_switch$34$rdmux[0][6][58]$a$1178 [4] $memory$auto$proc_rom.cc:155:do_switch$34$rdmux[0][6][58]$a$1178 [2] $memory$auto$proc_rom.cc:155:do_switch$34$rdmux[0][6][58]$a$1178 [0] } = { 1'0 $memory$auto$proc_rom.cc:155:do_switch$34$rdmux[0][6][58]$a$1178 [1] 1'0 }
    Consolidated identical input bits for $mux cell $memory$auto$proc_rom.cc:155:do_switch$34$rdmux[0][7][118]$1549:
      Old ports: A=5'01001, B=5'01011, Y=$memory$auto$proc_rom.cc:155:do_switch$34$rdmux[0][6][59]$a$1181
      New ports: A=1'0, B=1'1, Y=$memory$auto$proc_rom.cc:155:do_switch$34$rdmux[0][6][59]$a$1181 [1]
      New connections: { $memory$auto$proc_rom.cc:155:do_switch$34$rdmux[0][6][59]$a$1181 [4:2] $memory$auto$proc_rom.cc:155:do_switch$34$rdmux[0][6][59]$a$1181 [0] } = 4'0101
    Consolidated identical input bits for $mux cell $memory$auto$proc_rom.cc:155:do_switch$34$rdmux[0][7][119]$1552:
      Old ports: A=5'01101, B=5'01111, Y=$memory$auto$proc_rom.cc:155:do_switch$34$rdmux[0][6][59]$b$1182
      New ports: A=1'0, B=1'1, Y=$memory$auto$proc_rom.cc:155:do_switch$34$rdmux[0][6][59]$b$1182 [1]
      New connections: { $memory$auto$proc_rom.cc:155:do_switch$34$rdmux[0][6][59]$b$1182 [4:2] $memory$auto$proc_rom.cc:155:do_switch$34$rdmux[0][6][59]$b$1182 [0] } = 4'0111
    Consolidated identical input bits for $mux cell $memory$auto$proc_rom.cc:155:do_switch$34$rdmux[0][7][121]$1558:
      Old ports: A=5'00110, B=5'01001, Y=$memory$auto$proc_rom.cc:155:do_switch$34$rdmux[0][6][60]$b$1185
      New ports: A=2'10, B=2'01, Y=$memory$auto$proc_rom.cc:155:do_switch$34$rdmux[0][6][60]$b$1185 [1:0]
      New connections: $memory$auto$proc_rom.cc:155:do_switch$34$rdmux[0][6][60]$b$1185 [4:2] = { 1'0 $memory$auto$proc_rom.cc:155:do_switch$34$rdmux[0][6][60]$b$1185 [0] $memory$auto$proc_rom.cc:155:do_switch$34$rdmux[0][6][60]$b$1185 [1] }
    Consolidated identical input bits for $mux cell $memory$auto$proc_rom.cc:155:do_switch$34$rdmux[0][7][122]$1561:
      Old ports: A=5'00011, B=5'00110, Y=$memory$auto$proc_rom.cc:155:do_switch$34$rdmux[0][6][61]$a$1187
      New ports: A=2'01, B=2'10, Y={ $memory$auto$proc_rom.cc:155:do_switch$34$rdmux[0][6][61]$a$1187 [2] $memory$auto$proc_rom.cc:155:do_switch$34$rdmux[0][6][61]$a$1187 [0] }
      New connections: { $memory$auto$proc_rom.cc:155:do_switch$34$rdmux[0][6][61]$a$1187 [4:3] $memory$auto$proc_rom.cc:155:do_switch$34$rdmux[0][6][61]$a$1187 [1] } = 3'001
    Consolidated identical input bits for $mux cell $memory$auto$proc_rom.cc:155:do_switch$34$rdmux[0][7][31]$1288:
      Old ports: A=5'00110, B=5'01001, Y=$memory$auto$proc_rom.cc:155:do_switch$34$rdmux[0][6][15]$b$1050
      New ports: A=2'10, B=2'01, Y=$memory$auto$proc_rom.cc:155:do_switch$34$rdmux[0][6][15]$b$1050 [1:0]
      New connections: $memory$auto$proc_rom.cc:155:do_switch$34$rdmux[0][6][15]$b$1050 [4:2] = { 1'0 $memory$auto$proc_rom.cc:155:do_switch$34$rdmux[0][6][15]$b$1050 [0] $memory$auto$proc_rom.cc:155:do_switch$34$rdmux[0][6][15]$b$1050 [1] }
    Consolidated identical input bits for $mux cell $memory$auto$proc_rom.cc:155:do_switch$34$rdmux[0][7][30]$1285:
      Old ports: A=5'00000, B=5'00011, Y=$memory$auto$proc_rom.cc:155:do_switch$34$rdmux[0][6][15]$a$1049
      New ports: A=1'0, B=1'1, Y=$memory$auto$proc_rom.cc:155:do_switch$34$rdmux[0][6][15]$a$1049 [0]
      New connections: $memory$auto$proc_rom.cc:155:do_switch$34$rdmux[0][6][15]$a$1049 [4:1] = { 3'000 $memory$auto$proc_rom.cc:155:do_switch$34$rdmux[0][6][15]$a$1049 [0] }
    Consolidated identical input bits for $mux cell $memory$auto$proc_rom.cc:155:do_switch$34$rdmux[0][7][29]$1282:
      Old ports: A=5'00110, B=5'01001, Y=$memory$auto$proc_rom.cc:155:do_switch$34$rdmux[0][6][14]$b$1047
      New ports: A=2'10, B=2'01, Y=$memory$auto$proc_rom.cc:155:do_switch$34$rdmux[0][6][14]$b$1047 [1:0]
      New connections: $memory$auto$proc_rom.cc:155:do_switch$34$rdmux[0][6][14]$b$1047 [4:2] = { 1'0 $memory$auto$proc_rom.cc:155:do_switch$34$rdmux[0][6][14]$b$1047 [0] $memory$auto$proc_rom.cc:155:do_switch$34$rdmux[0][6][14]$b$1047 [1] }
    Consolidated identical input bits for $mux cell $memory$auto$proc_rom.cc:155:do_switch$34$rdmux[0][7][28]$1279:
      Old ports: A=5'00000, B=5'00011, Y=$memory$auto$proc_rom.cc:155:do_switch$34$rdmux[0][6][14]$a$1046
      New ports: A=1'0, B=1'1, Y=$memory$auto$proc_rom.cc:155:do_switch$34$rdmux[0][6][14]$a$1046 [0]
      New connections: $memory$auto$proc_rom.cc:155:do_switch$34$rdmux[0][6][14]$a$1046 [4:1] = { 3'000 $memory$auto$proc_rom.cc:155:do_switch$34$rdmux[0][6][14]$a$1046 [0] }
    Consolidated identical input bits for $mux cell $memory$auto$proc_rom.cc:155:do_switch$34$rdmux[0][7][27]$1276:
      Old ports: A=5'00110, B=5'01001, Y=$memory$auto$proc_rom.cc:155:do_switch$34$rdmux[0][6][13]$b$1044
      New ports: A=2'10, B=2'01, Y=$memory$auto$proc_rom.cc:155:do_switch$34$rdmux[0][6][13]$b$1044 [1:0]
      New connections: $memory$auto$proc_rom.cc:155:do_switch$34$rdmux[0][6][13]$b$1044 [4:2] = { 1'0 $memory$auto$proc_rom.cc:155:do_switch$34$rdmux[0][6][13]$b$1044 [0] $memory$auto$proc_rom.cc:155:do_switch$34$rdmux[0][6][13]$b$1044 [1] }
    Consolidated identical input bits for $mux cell $memory$auto$proc_rom.cc:155:do_switch$34$rdmux[0][7][26]$1273:
      Old ports: A=5'00000, B=5'00011, Y=$memory$auto$proc_rom.cc:155:do_switch$34$rdmux[0][6][13]$a$1043
      New ports: A=1'0, B=1'1, Y=$memory$auto$proc_rom.cc:155:do_switch$34$rdmux[0][6][13]$a$1043 [0]
      New connections: $memory$auto$proc_rom.cc:155:do_switch$34$rdmux[0][6][13]$a$1043 [4:1] = { 3'000 $memory$auto$proc_rom.cc:155:do_switch$34$rdmux[0][6][13]$a$1043 [0] }
    Consolidated identical input bits for $mux cell $memory$auto$proc_rom.cc:155:do_switch$34$rdmux[0][7][25]$1270:
      Old ports: A=5'00110, B=5'01001, Y=$memory$auto$proc_rom.cc:155:do_switch$34$rdmux[0][6][12]$b$1041
      New ports: A=2'10, B=2'01, Y=$memory$auto$proc_rom.cc:155:do_switch$34$rdmux[0][6][12]$b$1041 [1:0]
      New connections: $memory$auto$proc_rom.cc:155:do_switch$34$rdmux[0][6][12]$b$1041 [4:2] = { 1'0 $memory$auto$proc_rom.cc:155:do_switch$34$rdmux[0][6][12]$b$1041 [0] $memory$auto$proc_rom.cc:155:do_switch$34$rdmux[0][6][12]$b$1041 [1] }
    Consolidated identical input bits for $mux cell $memory$auto$proc_rom.cc:155:do_switch$34$rdmux[0][7][24]$1267:
      Old ports: A=5'00000, B=5'00011, Y=$memory$auto$proc_rom.cc:155:do_switch$34$rdmux[0][6][12]$a$1040
      New ports: A=1'0, B=1'1, Y=$memory$auto$proc_rom.cc:155:do_switch$34$rdmux[0][6][12]$a$1040 [0]
      New connections: $memory$auto$proc_rom.cc:155:do_switch$34$rdmux[0][6][12]$a$1040 [4:1] = { 3'000 $memory$auto$proc_rom.cc:155:do_switch$34$rdmux[0][6][12]$a$1040 [0] }
    Consolidated identical input bits for $mux cell $memory$auto$proc_rom.cc:155:do_switch$34$rdmux[0][7][23]$1264:
      Old ports: A=5'00100, B=5'00110, Y=$memory$auto$proc_rom.cc:155:do_switch$34$rdmux[0][6][11]$b$1038
      New ports: A=1'0, B=1'1, Y=$memory$auto$proc_rom.cc:155:do_switch$34$rdmux[0][6][11]$b$1038 [1]
      New connections: { $memory$auto$proc_rom.cc:155:do_switch$34$rdmux[0][6][11]$b$1038 [4:2] $memory$auto$proc_rom.cc:155:do_switch$34$rdmux[0][6][11]$b$1038 [0] } = 4'0010
    Consolidated identical input bits for $mux cell $memory$auto$proc_rom.cc:155:do_switch$34$rdmux[0][7][22]$1261:
      Old ports: A=5'00000, B=5'00010, Y=$memory$auto$proc_rom.cc:155:do_switch$34$rdmux[0][6][11]$a$1037
      New ports: A=1'0, B=1'1, Y=$memory$auto$proc_rom.cc:155:do_switch$34$rdmux[0][6][11]$a$1037 [1]
      New connections: { $memory$auto$proc_rom.cc:155:do_switch$34$rdmux[0][6][11]$a$1037 [4:2] $memory$auto$proc_rom.cc:155:do_switch$34$rdmux[0][6][11]$a$1037 [0] } = 4'0000
    Consolidated identical input bits for $mux cell $memory$auto$proc_rom.cc:155:do_switch$34$rdmux[0][7][21]$1258:
      Old ports: A=5'00100, B=5'00110, Y=$memory$auto$proc_rom.cc:155:do_switch$34$rdmux[0][6][10]$b$1035
      New ports: A=1'0, B=1'1, Y=$memory$auto$proc_rom.cc:155:do_switch$34$rdmux[0][6][10]$b$1035 [1]
      New connections: { $memory$auto$proc_rom.cc:155:do_switch$34$rdmux[0][6][10]$b$1035 [4:2] $memory$auto$proc_rom.cc:155:do_switch$34$rdmux[0][6][10]$b$1035 [0] } = 4'0010
    Consolidated identical input bits for $mux cell $memory$auto$proc_rom.cc:155:do_switch$34$rdmux[0][7][20]$1255:
      Old ports: A=5'00000, B=5'00010, Y=$memory$auto$proc_rom.cc:155:do_switch$34$rdmux[0][6][10]$a$1034
      New ports: A=1'0, B=1'1, Y=$memory$auto$proc_rom.cc:155:do_switch$34$rdmux[0][6][10]$a$1034 [1]
      New connections: { $memory$auto$proc_rom.cc:155:do_switch$34$rdmux[0][6][10]$a$1034 [4:2] $memory$auto$proc_rom.cc:155:do_switch$34$rdmux[0][6][10]$a$1034 [0] } = 4'0000
    Consolidated identical input bits for $mux cell $memory$auto$proc_rom.cc:155:do_switch$34$rdmux[0][7][19]$1252:
      Old ports: A=5'00100, B=5'00110, Y=$memory$auto$proc_rom.cc:155:do_switch$34$rdmux[0][6][9]$b$1032
      New ports: A=1'0, B=1'1, Y=$memory$auto$proc_rom.cc:155:do_switch$34$rdmux[0][6][9]$b$1032 [1]
      New connections: { $memory$auto$proc_rom.cc:155:do_switch$34$rdmux[0][6][9]$b$1032 [4:2] $memory$auto$proc_rom.cc:155:do_switch$34$rdmux[0][6][9]$b$1032 [0] } = 4'0010
    Consolidated identical input bits for $mux cell $memory$auto$proc_rom.cc:155:do_switch$34$rdmux[0][7][18]$1249:
      Old ports: A=5'00000, B=5'00010, Y=$memory$auto$proc_rom.cc:155:do_switch$34$rdmux[0][6][9]$a$1031
      New ports: A=1'0, B=1'1, Y=$memory$auto$proc_rom.cc:155:do_switch$34$rdmux[0][6][9]$a$1031 [1]
      New connections: { $memory$auto$proc_rom.cc:155:do_switch$34$rdmux[0][6][9]$a$1031 [4:2] $memory$auto$proc_rom.cc:155:do_switch$34$rdmux[0][6][9]$a$1031 [0] } = 4'0000
    Consolidated identical input bits for $mux cell $memory$auto$proc_rom.cc:155:do_switch$34$rdmux[0][7][17]$1246:
      Old ports: A=5'00100, B=5'00110, Y=$memory$auto$proc_rom.cc:155:do_switch$34$rdmux[0][6][8]$b$1029
      New ports: A=1'0, B=1'1, Y=$memory$auto$proc_rom.cc:155:do_switch$34$rdmux[0][6][8]$b$1029 [1]
      New connections: { $memory$auto$proc_rom.cc:155:do_switch$34$rdmux[0][6][8]$b$1029 [4:2] $memory$auto$proc_rom.cc:155:do_switch$34$rdmux[0][6][8]$b$1029 [0] } = 4'0010
    Consolidated identical input bits for $mux cell $memory$auto$proc_rom.cc:155:do_switch$34$rdmux[0][7][16]$1243:
      Old ports: A=5'00000, B=5'00010, Y=$memory$auto$proc_rom.cc:155:do_switch$34$rdmux[0][6][8]$a$1028
      New ports: A=1'0, B=1'1, Y=$memory$auto$proc_rom.cc:155:do_switch$34$rdmux[0][6][8]$a$1028 [1]
      New connections: { $memory$auto$proc_rom.cc:155:do_switch$34$rdmux[0][6][8]$a$1028 [4:2] $memory$auto$proc_rom.cc:155:do_switch$34$rdmux[0][6][8]$a$1028 [0] } = 4'0000
    Consolidated identical input bits for $mux cell $memory$auto$proc_rom.cc:155:do_switch$34$rdmux[0][7][15]$1240:
      Old ports: A=5'00010, B=5'00011, Y=$memory$auto$proc_rom.cc:155:do_switch$34$rdmux[0][6][7]$b$1026
      New ports: A=1'0, B=1'1, Y=$memory$auto$proc_rom.cc:155:do_switch$34$rdmux[0][6][7]$b$1026 [0]
      New connections: $memory$auto$proc_rom.cc:155:do_switch$34$rdmux[0][6][7]$b$1026 [4:1] = 4'0001
    Consolidated identical input bits for $mux cell $memory$auto$proc_rom.cc:155:do_switch$34$rdmux[0][7][14]$1237:
      Old ports: A=5'00000, B=5'00001, Y=$memory$auto$proc_rom.cc:155:do_switch$34$rdmux[0][6][7]$a$1025
      New ports: A=1'0, B=1'1, Y=$memory$auto$proc_rom.cc:155:do_switch$34$rdmux[0][6][7]$a$1025 [0]
      New connections: $memory$auto$proc_rom.cc:155:do_switch$34$rdmux[0][6][7]$a$1025 [4:1] = 4'0000
    Consolidated identical input bits for $mux cell $memory$auto$proc_rom.cc:155:do_switch$34$rdmux[0][7][13]$1234:
      Old ports: A=5'00010, B=5'00011, Y=$memory$auto$proc_rom.cc:155:do_switch$34$rdmux[0][6][6]$b$1023
      New ports: A=1'0, B=1'1, Y=$memory$auto$proc_rom.cc:155:do_switch$34$rdmux[0][6][6]$b$1023 [0]
      New connections: $memory$auto$proc_rom.cc:155:do_switch$34$rdmux[0][6][6]$b$1023 [4:1] = 4'0001
    Consolidated identical input bits for $mux cell $memory$auto$proc_rom.cc:155:do_switch$34$rdmux[0][7][12]$1231:
      Old ports: A=5'00000, B=5'00001, Y=$memory$auto$proc_rom.cc:155:do_switch$34$rdmux[0][6][6]$a$1022
      New ports: A=1'0, B=1'1, Y=$memory$auto$proc_rom.cc:155:do_switch$34$rdmux[0][6][6]$a$1022 [0]
      New connections: $memory$auto$proc_rom.cc:155:do_switch$34$rdmux[0][6][6]$a$1022 [4:1] = 4'0000
    Consolidated identical input bits for $mux cell $memory$auto$proc_rom.cc:155:do_switch$34$rdmux[0][7][11]$1228:
      Old ports: A=5'00010, B=5'00011, Y=$memory$auto$proc_rom.cc:155:do_switch$34$rdmux[0][6][5]$b$1020
      New ports: A=1'0, B=1'1, Y=$memory$auto$proc_rom.cc:155:do_switch$34$rdmux[0][6][5]$b$1020 [0]
      New connections: $memory$auto$proc_rom.cc:155:do_switch$34$rdmux[0][6][5]$b$1020 [4:1] = 4'0001
    Consolidated identical input bits for $mux cell $memory$auto$proc_rom.cc:155:do_switch$34$rdmux[0][7][10]$1225:
      Old ports: A=5'00000, B=5'00001, Y=$memory$auto$proc_rom.cc:155:do_switch$34$rdmux[0][6][5]$a$1019
      New ports: A=1'0, B=1'1, Y=$memory$auto$proc_rom.cc:155:do_switch$34$rdmux[0][6][5]$a$1019 [0]
      New connections: $memory$auto$proc_rom.cc:155:do_switch$34$rdmux[0][6][5]$a$1019 [4:1] = 4'0000
    Consolidated identical input bits for $mux cell $memory$auto$proc_rom.cc:155:do_switch$34$rdmux[0][7][9]$1222:
      Old ports: A=5'00010, B=5'00011, Y=$memory$auto$proc_rom.cc:155:do_switch$34$rdmux[0][6][4]$b$1017
      New ports: A=1'0, B=1'1, Y=$memory$auto$proc_rom.cc:155:do_switch$34$rdmux[0][6][4]$b$1017 [0]
      New connections: $memory$auto$proc_rom.cc:155:do_switch$34$rdmux[0][6][4]$b$1017 [4:1] = 4'0001
    Consolidated identical input bits for $mux cell $memory$auto$proc_rom.cc:155:do_switch$34$rdmux[0][7][8]$1219:
      Old ports: A=5'00000, B=5'00001, Y=$memory$auto$proc_rom.cc:155:do_switch$34$rdmux[0][6][4]$a$1016
      New ports: A=1'0, B=1'1, Y=$memory$auto$proc_rom.cc:155:do_switch$34$rdmux[0][6][4]$a$1016 [0]
      New connections: $memory$auto$proc_rom.cc:155:do_switch$34$rdmux[0][6][4]$a$1016 [4:1] = 4'0000
    Consolidated identical input bits for $mux cell $memory$auto$proc_rom.cc:155:do_switch$34$rdmux[0][7][126]$1573:
      Old ports: A=5'01001, B=5'01100, Y=$memory$auto$proc_rom.cc:155:do_switch$34$rdmux[0][6][63]$a$1193
      New ports: A=2'01, B=2'10, Y={ $memory$auto$proc_rom.cc:155:do_switch$34$rdmux[0][6][63]$a$1193 [2] $memory$auto$proc_rom.cc:155:do_switch$34$rdmux[0][6][63]$a$1193 [0] }
      New connections: { $memory$auto$proc_rom.cc:155:do_switch$34$rdmux[0][6][63]$a$1193 [4:3] $memory$auto$proc_rom.cc:155:do_switch$34$rdmux[0][6][63]$a$1193 [1] } = 3'010
    Consolidated identical input bits for $mux cell $memory$auto$proc_rom.cc:155:do_switch$34$rdmux[0][7][59]$1372:
      Old ports: A=5'00111, B=5'01010, Y=$memory$auto$proc_rom.cc:155:do_switch$34$rdmux[0][6][29]$b$1092
      New ports: A=2'01, B=2'10, Y={ $memory$auto$proc_rom.cc:155:do_switch$34$rdmux[0][6][29]$b$1092 [3] $memory$auto$proc_rom.cc:155:do_switch$34$rdmux[0][6][29]$b$1092 [0] }
      New connections: { $memory$auto$proc_rom.cc:155:do_switch$34$rdmux[0][6][29]$b$1092 [4] $memory$auto$proc_rom.cc:155:do_switch$34$rdmux[0][6][29]$b$1092 [2:1] } = { 1'0 $memory$auto$proc_rom.cc:155:do_switch$34$rdmux[0][6][29]$b$1092 [0] 1'1 }
    Consolidated identical input bits for $mux cell $memory$auto$proc_rom.cc:155:do_switch$34$rdmux[0][7][87]$1456:
      Old ports: A=5'01010, B=5'01100, Y=$memory$auto$proc_rom.cc:155:do_switch$34$rdmux[0][6][43]$b$1134
      New ports: A=2'01, B=2'10, Y=$memory$auto$proc_rom.cc:155:do_switch$34$rdmux[0][6][43]$b$1134 [2:1]
      New connections: { $memory$auto$proc_rom.cc:155:do_switch$34$rdmux[0][6][43]$b$1134 [4:3] $memory$auto$proc_rom.cc:155:do_switch$34$rdmux[0][6][43]$b$1134 [0] } = 3'010
    Consolidated identical input bits for $mux cell $memory$auto$proc_rom.cc:155:do_switch$34$rdmux[0][7][90]$1465:
      Old ports: A=5'00010, B=5'00101, Y=$memory$auto$proc_rom.cc:155:do_switch$34$rdmux[0][6][45]$a$1139
      New ports: A=2'10, B=2'01, Y=$memory$auto$proc_rom.cc:155:do_switch$34$rdmux[0][6][45]$a$1139 [1:0]
      New connections: $memory$auto$proc_rom.cc:155:do_switch$34$rdmux[0][6][45]$a$1139 [4:2] = { 2'00 $memory$auto$proc_rom.cc:155:do_switch$34$rdmux[0][6][45]$a$1139 [0] }
    Consolidated identical input bits for $mux cell $memory$auto$proc_rom.cc:155:do_switch$34$rdmux[0][7][93]$1474:
      Old ports: A=5'01010, B=5'01101, Y=$memory$auto$proc_rom.cc:155:do_switch$34$rdmux[0][6][46]$b$1143
      New ports: A=2'10, B=2'01, Y=$memory$auto$proc_rom.cc:155:do_switch$34$rdmux[0][6][46]$b$1143 [1:0]
      New connections: $memory$auto$proc_rom.cc:155:do_switch$34$rdmux[0][6][46]$b$1143 [4:2] = { 2'01 $memory$auto$proc_rom.cc:155:do_switch$34$rdmux[0][6][46]$b$1143 [0] }
    Consolidated identical input bits for $mux cell $memory$auto$proc_rom.cc:155:do_switch$34$rdmux[0][7][95]$1480:
      Old ports: A=5'01100, B=5'01111, Y=$memory$auto$proc_rom.cc:155:do_switch$34$rdmux[0][6][47]$b$1146
      New ports: A=1'0, B=1'1, Y=$memory$auto$proc_rom.cc:155:do_switch$34$rdmux[0][6][47]$b$1146 [0]
      New connections: $memory$auto$proc_rom.cc:155:do_switch$34$rdmux[0][6][47]$b$1146 [4:1] = { 3'011 $memory$auto$proc_rom.cc:155:do_switch$34$rdmux[0][6][47]$b$1146 [0] }
    Consolidated identical input bits for $mux cell $memory$auto$proc_rom.cc:155:do_switch$34$rdmux[0][7][94]$1477:
      Old ports: A=5'00110, B=5'01001, Y=$memory$auto$proc_rom.cc:155:do_switch$34$rdmux[0][6][47]$a$1145
      New ports: A=2'10, B=2'01, Y=$memory$auto$proc_rom.cc:155:do_switch$34$rdmux[0][6][47]$a$1145 [1:0]
      New connections: $memory$auto$proc_rom.cc:155:do_switch$34$rdmux[0][6][47]$a$1145 [4:2] = { 1'0 $memory$auto$proc_rom.cc:155:do_switch$34$rdmux[0][6][47]$a$1145 [0] $memory$auto$proc_rom.cc:155:do_switch$34$rdmux[0][6][47]$a$1145 [1] }
    Consolidated identical input bits for $mux cell $memory$auto$proc_rom.cc:155:do_switch$34$rdmux[0][7][89]$1462:
      Old ports: A=5'00110, B=5'01001, Y=$memory$auto$proc_rom.cc:155:do_switch$34$rdmux[0][6][44]$b$1137
      New ports: A=2'10, B=2'01, Y=$memory$auto$proc_rom.cc:155:do_switch$34$rdmux[0][6][44]$b$1137 [1:0]
      New connections: $memory$auto$proc_rom.cc:155:do_switch$34$rdmux[0][6][44]$b$1137 [4:2] = { 1'0 $memory$auto$proc_rom.cc:155:do_switch$34$rdmux[0][6][44]$b$1137 [0] $memory$auto$proc_rom.cc:155:do_switch$34$rdmux[0][6][44]$b$1137 [1] }
    Consolidated identical input bits for $mux cell $memory$auto$proc_rom.cc:155:do_switch$34$rdmux[0][7][105]$1510:
      Old ports: A=5'00010, B=5'00011, Y=$memory$auto$proc_rom.cc:155:do_switch$34$rdmux[0][6][52]$b$1161
      New ports: A=1'0, B=1'1, Y=$memory$auto$proc_rom.cc:155:do_switch$34$rdmux[0][6][52]$b$1161 [0]
      New connections: $memory$auto$proc_rom.cc:155:do_switch$34$rdmux[0][6][52]$b$1161 [4:1] = 4'0001
    Consolidated identical input bits for $mux cell $memory$auto$proc_rom.cc:155:do_switch$34$rdmux[0][7][108]$1519:
      Old ports: A=5'00110, B=5'00111, Y=$memory$auto$proc_rom.cc:155:do_switch$34$rdmux[0][6][54]$a$1166
      New ports: A=1'0, B=1'1, Y=$memory$auto$proc_rom.cc:155:do_switch$34$rdmux[0][6][54]$a$1166 [0]
      New connections: $memory$auto$proc_rom.cc:155:do_switch$34$rdmux[0][6][54]$a$1166 [4:1] = 4'0011
    Consolidated identical input bits for $mux cell $memory$auto$proc_rom.cc:155:do_switch$34$rdmux[0][7][111]$1528:
      Old ports: A=5'01011, B=5'01100, Y=$memory$auto$proc_rom.cc:155:do_switch$34$rdmux[0][6][55]$b$1170
      New ports: A=2'01, B=2'10, Y={ $memory$auto$proc_rom.cc:155:do_switch$34$rdmux[0][6][55]$b$1170 [2] $memory$auto$proc_rom.cc:155:do_switch$34$rdmux[0][6][55]$b$1170 [0] }
      New connections: { $memory$auto$proc_rom.cc:155:do_switch$34$rdmux[0][6][55]$b$1170 [4:3] $memory$auto$proc_rom.cc:155:do_switch$34$rdmux[0][6][55]$b$1170 [1] } = { 2'01 $memory$auto$proc_rom.cc:155:do_switch$34$rdmux[0][6][55]$b$1170 [0] }
    Consolidated identical input bits for $mux cell $memory$auto$proc_rom.cc:155:do_switch$34$rdmux[0][7][114]$1537:
      Old ports: A=5'00011, B=5'00101, Y=$memory$auto$proc_rom.cc:155:do_switch$34$rdmux[0][6][57]$a$1175
      New ports: A=2'01, B=2'10, Y=$memory$auto$proc_rom.cc:155:do_switch$34$rdmux[0][6][57]$a$1175 [2:1]
      New connections: { $memory$auto$proc_rom.cc:155:do_switch$34$rdmux[0][6][57]$a$1175 [4:3] $memory$auto$proc_rom.cc:155:do_switch$34$rdmux[0][6][57]$a$1175 [0] } = 3'001
    Consolidated identical input bits for $mux cell $memory$auto$proc_rom.cc:155:do_switch$34$rdmux[0][7][117]$1546:
      Old ports: A=5'01010, B=5'01100, Y=$memory$auto$proc_rom.cc:155:do_switch$34$rdmux[0][6][58]$b$1179
      New ports: A=2'01, B=2'10, Y=$memory$auto$proc_rom.cc:155:do_switch$34$rdmux[0][6][58]$b$1179 [2:1]
      New connections: { $memory$auto$proc_rom.cc:155:do_switch$34$rdmux[0][6][58]$b$1179 [4:3] $memory$auto$proc_rom.cc:155:do_switch$34$rdmux[0][6][58]$b$1179 [0] } = 3'010
    Consolidated identical input bits for $mux cell $memory$auto$proc_rom.cc:155:do_switch$34$rdmux[0][7][120]$1555:
      Old ports: A=5'00000, B=5'00011, Y=$memory$auto$proc_rom.cc:155:do_switch$34$rdmux[0][6][60]$a$1184
      New ports: A=1'0, B=1'1, Y=$memory$auto$proc_rom.cc:155:do_switch$34$rdmux[0][6][60]$a$1184 [0]
      New connections: $memory$auto$proc_rom.cc:155:do_switch$34$rdmux[0][6][60]$a$1184 [4:1] = { 3'000 $memory$auto$proc_rom.cc:155:do_switch$34$rdmux[0][6][60]$a$1184 [0] }
    Consolidated identical input bits for $mux cell $memory$auto$proc_rom.cc:155:do_switch$34$rdmux[0][7][125]$1570:
      Old ports: A=5'01100, B=5'01111, Y=$memory$auto$proc_rom.cc:155:do_switch$34$rdmux[0][6][62]$b$1191
      New ports: A=1'0, B=1'1, Y=$memory$auto$proc_rom.cc:155:do_switch$34$rdmux[0][6][62]$b$1191 [0]
      New connections: $memory$auto$proc_rom.cc:155:do_switch$34$rdmux[0][6][62]$b$1191 [4:1] = { 3'011 $memory$auto$proc_rom.cc:155:do_switch$34$rdmux[0][6][62]$b$1191 [0] }
    Consolidated identical input bits for $mux cell $memory$auto$proc_rom.cc:155:do_switch$34$rdmux[0][5][25]$982:
      Old ports: A=5'00110, B=5'01001, Y=$memory$auto$proc_rom.cc:155:do_switch$34$rdmux[0][4][12]$b$897
      New ports: A=2'10, B=2'01, Y=$memory$auto$proc_rom.cc:155:do_switch$34$rdmux[0][4][12]$b$897 [1:0]
      New connections: $memory$auto$proc_rom.cc:155:do_switch$34$rdmux[0][4][12]$b$897 [4:2] = { 1'0 $memory$auto$proc_rom.cc:155:do_switch$34$rdmux[0][4][12]$b$897 [0] $memory$auto$proc_rom.cc:155:do_switch$34$rdmux[0][4][12]$b$897 [1] }
    Consolidated identical input bits for $mux cell $memory$auto$proc_rom.cc:155:do_switch$34$rdmux[0][5][24]$979:
      Old ports: A=5'00000, B=5'00011, Y=$memory$auto$proc_rom.cc:155:do_switch$34$rdmux[0][4][12]$a$896
      New ports: A=1'0, B=1'1, Y=$memory$auto$proc_rom.cc:155:do_switch$34$rdmux[0][4][12]$a$896 [0]
      New connections: $memory$auto$proc_rom.cc:155:do_switch$34$rdmux[0][4][12]$a$896 [4:1] = { 3'000 $memory$auto$proc_rom.cc:155:do_switch$34$rdmux[0][4][12]$a$896 [0] }
    Consolidated identical input bits for $mux cell $memory$auto$proc_rom.cc:155:do_switch$34$rdmux[0][5][17]$958:
      Old ports: A=5'00100, B=5'00110, Y=$memory$auto$proc_rom.cc:155:do_switch$34$rdmux[0][4][8]$b$885
      New ports: A=1'0, B=1'1, Y=$memory$auto$proc_rom.cc:155:do_switch$34$rdmux[0][4][8]$b$885 [1]
      New connections: { $memory$auto$proc_rom.cc:155:do_switch$34$rdmux[0][4][8]$b$885 [4:2] $memory$auto$proc_rom.cc:155:do_switch$34$rdmux[0][4][8]$b$885 [0] } = 4'0010
    Consolidated identical input bits for $mux cell $memory$auto$proc_rom.cc:155:do_switch$34$rdmux[0][5][16]$955:
      Old ports: A=5'00000, B=5'00010, Y=$memory$auto$proc_rom.cc:155:do_switch$34$rdmux[0][4][8]$a$884
      New ports: A=1'0, B=1'1, Y=$memory$auto$proc_rom.cc:155:do_switch$34$rdmux[0][4][8]$a$884 [1]
      New connections: { $memory$auto$proc_rom.cc:155:do_switch$34$rdmux[0][4][8]$a$884 [4:2] $memory$auto$proc_rom.cc:155:do_switch$34$rdmux[0][4][8]$a$884 [0] } = 4'0000
    Consolidated identical input bits for $mux cell $memory$auto$proc_rom.cc:155:do_switch$34$rdmux[0][5][9]$934:
      Old ports: A=5'00010, B=5'00011, Y=$memory$auto$proc_rom.cc:155:do_switch$34$rdmux[0][4][4]$b$873
      New ports: A=1'0, B=1'1, Y=$memory$auto$proc_rom.cc:155:do_switch$34$rdmux[0][4][4]$b$873 [0]
      New connections: $memory$auto$proc_rom.cc:155:do_switch$34$rdmux[0][4][4]$b$873 [4:1] = 4'0001
    Consolidated identical input bits for $mux cell $memory$auto$proc_rom.cc:155:do_switch$34$rdmux[0][5][8]$931:
      Old ports: A=5'00000, B=5'00001, Y=$memory$auto$proc_rom.cc:155:do_switch$34$rdmux[0][4][4]$a$872
      New ports: A=1'0, B=1'1, Y=$memory$auto$proc_rom.cc:155:do_switch$34$rdmux[0][4][4]$a$872 [0]
      New connections: $memory$auto$proc_rom.cc:155:do_switch$34$rdmux[0][4][4]$a$872 [4:1] = 4'0000
    Consolidated identical input bits for $mux cell $memory$auto$proc_rom.cc:155:do_switch$34$rdmux[0][7][124]$1567:
      Old ports: A=5'00110, B=5'01001, Y=$memory$auto$proc_rom.cc:155:do_switch$34$rdmux[0][6][62]$a$1190
      New ports: A=2'10, B=2'01, Y=$memory$auto$proc_rom.cc:155:do_switch$34$rdmux[0][6][62]$a$1190 [1:0]
      New connections: $memory$auto$proc_rom.cc:155:do_switch$34$rdmux[0][6][62]$a$1190 [4:2] = { 1'0 $memory$auto$proc_rom.cc:155:do_switch$34$rdmux[0][6][62]$a$1190 [0] $memory$auto$proc_rom.cc:155:do_switch$34$rdmux[0][6][62]$a$1190 [1] }
    Consolidated identical input bits for $mux cell $memory$auto$proc_rom.cc:155:do_switch$34$rdmux[0][7][123]$1564:
      Old ports: A=5'01001, B=5'01100, Y=$memory$auto$proc_rom.cc:155:do_switch$34$rdmux[0][6][61]$b$1188
      New ports: A=2'01, B=2'10, Y={ $memory$auto$proc_rom.cc:155:do_switch$34$rdmux[0][6][61]$b$1188 [2] $memory$auto$proc_rom.cc:155:do_switch$34$rdmux[0][6][61]$b$1188 [0] }
      New connections: { $memory$auto$proc_rom.cc:155:do_switch$34$rdmux[0][6][61]$b$1188 [4:3] $memory$auto$proc_rom.cc:155:do_switch$34$rdmux[0][6][61]$b$1188 [1] } = 3'010
    Consolidated identical input bits for $mux cell $memory$auto$proc_rom.cc:155:do_switch$30$rdmux[0][7][126]$808:
      Old ports: A=5'01001, B=5'01100, Y=$memory$auto$proc_rom.cc:155:do_switch$30$rdmux[0][6][63]$a$428
      New ports: A=2'01, B=2'10, Y={ $memory$auto$proc_rom.cc:155:do_switch$30$rdmux[0][6][63]$a$428 [2] $memory$auto$proc_rom.cc:155:do_switch$30$rdmux[0][6][63]$a$428 [0] }
      New connections: { $memory$auto$proc_rom.cc:155:do_switch$30$rdmux[0][6][63]$a$428 [4:3] $memory$auto$proc_rom.cc:155:do_switch$30$rdmux[0][6][63]$a$428 [1] } = 3'010
    Consolidated identical input bits for $mux cell $memory$auto$proc_rom.cc:155:do_switch$30$rdmux[0][7][125]$805:
      Old ports: A=5'01100, B=5'01111, Y=$memory$auto$proc_rom.cc:155:do_switch$30$rdmux[0][6][62]$b$426
      New ports: A=1'0, B=1'1, Y=$memory$auto$proc_rom.cc:155:do_switch$30$rdmux[0][6][62]$b$426 [0]
      New connections: $memory$auto$proc_rom.cc:155:do_switch$30$rdmux[0][6][62]$b$426 [4:1] = { 3'011 $memory$auto$proc_rom.cc:155:do_switch$30$rdmux[0][6][62]$b$426 [0] }
    Consolidated identical input bits for $mux cell $memory$auto$proc_rom.cc:155:do_switch$30$rdmux[0][7][124]$802:
      Old ports: A=5'00110, B=5'01001, Y=$memory$auto$proc_rom.cc:155:do_switch$30$rdmux[0][6][62]$a$425
      New ports: A=2'10, B=2'01, Y=$memory$auto$proc_rom.cc:155:do_switch$30$rdmux[0][6][62]$a$425 [1:0]
      New connections: $memory$auto$proc_rom.cc:155:do_switch$30$rdmux[0][6][62]$a$425 [4:2] = { 1'0 $memory$auto$proc_rom.cc:155:do_switch$30$rdmux[0][6][62]$a$425 [0] $memory$auto$proc_rom.cc:155:do_switch$30$rdmux[0][6][62]$a$425 [1] }
    Consolidated identical input bits for $mux cell $memory$auto$proc_rom.cc:155:do_switch$30$rdmux[0][7][123]$799:
      Old ports: A=5'01001, B=5'01100, Y=$memory$auto$proc_rom.cc:155:do_switch$30$rdmux[0][6][61]$b$423
      New ports: A=2'01, B=2'10, Y={ $memory$auto$proc_rom.cc:155:do_switch$30$rdmux[0][6][61]$b$423 [2] $memory$auto$proc_rom.cc:155:do_switch$30$rdmux[0][6][61]$b$423 [0] }
      New connections: { $memory$auto$proc_rom.cc:155:do_switch$30$rdmux[0][6][61]$b$423 [4:3] $memory$auto$proc_rom.cc:155:do_switch$30$rdmux[0][6][61]$b$423 [1] } = 3'010
    Consolidated identical input bits for $mux cell $memory$auto$proc_rom.cc:155:do_switch$30$rdmux[0][7][122]$796:
      Old ports: A=5'00011, B=5'00110, Y=$memory$auto$proc_rom.cc:155:do_switch$30$rdmux[0][6][61]$a$422
      New ports: A=2'01, B=2'10, Y={ $memory$auto$proc_rom.cc:155:do_switch$30$rdmux[0][6][61]$a$422 [2] $memory$auto$proc_rom.cc:155:do_switch$30$rdmux[0][6][61]$a$422 [0] }
      New connections: { $memory$auto$proc_rom.cc:155:do_switch$30$rdmux[0][6][61]$a$422 [4:3] $memory$auto$proc_rom.cc:155:do_switch$30$rdmux[0][6][61]$a$422 [1] } = 3'001
    Consolidated identical input bits for $mux cell $memory$auto$proc_rom.cc:155:do_switch$30$rdmux[0][7][121]$793:
      Old ports: A=5'00110, B=5'01001, Y=$memory$auto$proc_rom.cc:155:do_switch$30$rdmux[0][6][60]$b$420
      New ports: A=2'10, B=2'01, Y=$memory$auto$proc_rom.cc:155:do_switch$30$rdmux[0][6][60]$b$420 [1:0]
      New connections: $memory$auto$proc_rom.cc:155:do_switch$30$rdmux[0][6][60]$b$420 [4:2] = { 1'0 $memory$auto$proc_rom.cc:155:do_switch$30$rdmux[0][6][60]$b$420 [0] $memory$auto$proc_rom.cc:155:do_switch$30$rdmux[0][6][60]$b$420 [1] }
    Consolidated identical input bits for $mux cell $memory$auto$proc_rom.cc:155:do_switch$30$rdmux[0][7][120]$790:
      Old ports: A=5'00000, B=5'00011, Y=$memory$auto$proc_rom.cc:155:do_switch$30$rdmux[0][6][60]$a$419
      New ports: A=1'0, B=1'1, Y=$memory$auto$proc_rom.cc:155:do_switch$30$rdmux[0][6][60]$a$419 [0]
      New connections: $memory$auto$proc_rom.cc:155:do_switch$30$rdmux[0][6][60]$a$419 [4:1] = { 3'000 $memory$auto$proc_rom.cc:155:do_switch$30$rdmux[0][6][60]$a$419 [0] }
    Consolidated identical input bits for $mux cell $memory$auto$proc_rom.cc:155:do_switch$30$rdmux[0][7][119]$787:
      Old ports: A=5'01101, B=5'01111, Y=$memory$auto$proc_rom.cc:155:do_switch$30$rdmux[0][6][59]$b$417
      New ports: A=1'0, B=1'1, Y=$memory$auto$proc_rom.cc:155:do_switch$30$rdmux[0][6][59]$b$417 [1]
      New connections: { $memory$auto$proc_rom.cc:155:do_switch$30$rdmux[0][6][59]$b$417 [4:2] $memory$auto$proc_rom.cc:155:do_switch$30$rdmux[0][6][59]$b$417 [0] } = 4'0111
    Consolidated identical input bits for $mux cell $memory$auto$proc_rom.cc:155:do_switch$30$rdmux[0][7][118]$784:
      Old ports: A=5'01001, B=5'01011, Y=$memory$auto$proc_rom.cc:155:do_switch$30$rdmux[0][6][59]$a$416
      New ports: A=1'0, B=1'1, Y=$memory$auto$proc_rom.cc:155:do_switch$30$rdmux[0][6][59]$a$416 [1]
      New connections: { $memory$auto$proc_rom.cc:155:do_switch$30$rdmux[0][6][59]$a$416 [4:2] $memory$auto$proc_rom.cc:155:do_switch$30$rdmux[0][6][59]$a$416 [0] } = 4'0101
    Consolidated identical input bits for $mux cell $memory$auto$proc_rom.cc:155:do_switch$30$rdmux[0][7][117]$781:
      Old ports: A=5'01010, B=5'01100, Y=$memory$auto$proc_rom.cc:155:do_switch$30$rdmux[0][6][58]$b$414
      New ports: A=2'01, B=2'10, Y=$memory$auto$proc_rom.cc:155:do_switch$30$rdmux[0][6][58]$b$414 [2:1]
      New connections: { $memory$auto$proc_rom.cc:155:do_switch$30$rdmux[0][6][58]$b$414 [4:3] $memory$auto$proc_rom.cc:155:do_switch$30$rdmux[0][6][58]$b$414 [0] } = 3'010
    Consolidated identical input bits for $mux cell $memory$auto$proc_rom.cc:155:do_switch$30$rdmux[0][7][116]$778:
      Old ports: A=5'00110, B=5'01000, Y=$memory$auto$proc_rom.cc:155:do_switch$30$rdmux[0][6][58]$a$413
      New ports: A=2'01, B=2'10, Y={ $memory$auto$proc_rom.cc:155:do_switch$30$rdmux[0][6][58]$a$413 [3] $memory$auto$proc_rom.cc:155:do_switch$30$rdmux[0][6][58]$a$413 [1] }
      New connections: { $memory$auto$proc_rom.cc:155:do_switch$30$rdmux[0][6][58]$a$413 [4] $memory$auto$proc_rom.cc:155:do_switch$30$rdmux[0][6][58]$a$413 [2] $memory$auto$proc_rom.cc:155:do_switch$30$rdmux[0][6][58]$a$413 [0] } = { 1'0 $memory$auto$proc_rom.cc:155:do_switch$30$rdmux[0][6][58]$a$413 [1] 1'0 }
    Consolidated identical input bits for $mux cell $memory$auto$proc_rom.cc:155:do_switch$30$rdmux[0][7][115]$775:
      Old ports: A=5'00111, B=5'01001, Y=$memory$auto$proc_rom.cc:155:do_switch$30$rdmux[0][6][57]$b$411
      New ports: A=2'01, B=2'10, Y={ $memory$auto$proc_rom.cc:155:do_switch$30$rdmux[0][6][57]$b$411 [3] $memory$auto$proc_rom.cc:155:do_switch$30$rdmux[0][6][57]$b$411 [1] }
      New connections: { $memory$auto$proc_rom.cc:155:do_switch$30$rdmux[0][6][57]$b$411 [4] $memory$auto$proc_rom.cc:155:do_switch$30$rdmux[0][6][57]$b$411 [2] $memory$auto$proc_rom.cc:155:do_switch$30$rdmux[0][6][57]$b$411 [0] } = { 1'0 $memory$auto$proc_rom.cc:155:do_switch$30$rdmux[0][6][57]$b$411 [1] 1'1 }
    Consolidated identical input bits for $mux cell $memory$auto$proc_rom.cc:155:do_switch$30$rdmux[0][7][114]$772:
      Old ports: A=5'00011, B=5'00101, Y=$memory$auto$proc_rom.cc:155:do_switch$30$rdmux[0][6][57]$a$410
      New ports: A=2'01, B=2'10, Y=$memory$auto$proc_rom.cc:155:do_switch$30$rdmux[0][6][57]$a$410 [2:1]
      New connections: { $memory$auto$proc_rom.cc:155:do_switch$30$rdmux[0][6][57]$a$410 [4:3] $memory$auto$proc_rom.cc:155:do_switch$30$rdmux[0][6][57]$a$410 [0] } = 3'001
    Consolidated identical input bits for $mux cell $memory$auto$proc_rom.cc:155:do_switch$30$rdmux[0][7][113]$769:
      Old ports: A=5'00100, B=5'00110, Y=$memory$auto$proc_rom.cc:155:do_switch$30$rdmux[0][6][56]$b$408
      New ports: A=1'0, B=1'1, Y=$memory$auto$proc_rom.cc:155:do_switch$30$rdmux[0][6][56]$b$408 [1]
      New connections: { $memory$auto$proc_rom.cc:155:do_switch$30$rdmux[0][6][56]$b$408 [4:2] $memory$auto$proc_rom.cc:155:do_switch$30$rdmux[0][6][56]$b$408 [0] } = 4'0010
    Consolidated identical input bits for $mux cell $memory$auto$proc_rom.cc:155:do_switch$30$rdmux[0][7][112]$766:
      Old ports: A=5'00000, B=5'00010, Y=$memory$auto$proc_rom.cc:155:do_switch$30$rdmux[0][6][56]$a$407
      New ports: A=1'0, B=1'1, Y=$memory$auto$proc_rom.cc:155:do_switch$30$rdmux[0][6][56]$a$407 [1]
      New connections: { $memory$auto$proc_rom.cc:155:do_switch$30$rdmux[0][6][56]$a$407 [4:2] $memory$auto$proc_rom.cc:155:do_switch$30$rdmux[0][6][56]$a$407 [0] } = 4'0000
    Consolidated identical input bits for $mux cell $memory$auto$proc_rom.cc:155:do_switch$30$rdmux[0][7][111]$763:
      Old ports: A=5'01011, B=5'01100, Y=$memory$auto$proc_rom.cc:155:do_switch$30$rdmux[0][6][55]$b$405
      New ports: A=2'01, B=2'10, Y={ $memory$auto$proc_rom.cc:155:do_switch$30$rdmux[0][6][55]$b$405 [2] $memory$auto$proc_rom.cc:155:do_switch$30$rdmux[0][6][55]$b$405 [0] }
      New connections: { $memory$auto$proc_rom.cc:155:do_switch$30$rdmux[0][6][55]$b$405 [4:3] $memory$auto$proc_rom.cc:155:do_switch$30$rdmux[0][6][55]$b$405 [1] } = { 2'01 $memory$auto$proc_rom.cc:155:do_switch$30$rdmux[0][6][55]$b$405 [0] }
    Consolidated identical input bits for $mux cell $memory$auto$proc_rom.cc:155:do_switch$30$rdmux[0][7][110]$760:
      Old ports: A=5'01001, B=5'01010, Y=$memory$auto$proc_rom.cc:155:do_switch$30$rdmux[0][6][55]$a$404
      New ports: A=2'01, B=2'10, Y=$memory$auto$proc_rom.cc:155:do_switch$30$rdmux[0][6][55]$a$404 [1:0]
      New connections: $memory$auto$proc_rom.cc:155:do_switch$30$rdmux[0][6][55]$a$404 [4:2] = 3'010
    Consolidated identical input bits for $mux cell $memory$auto$proc_rom.cc:155:do_switch$30$rdmux[0][7][109]$757:
      Old ports: A=5'01000, B=5'01001, Y=$memory$auto$proc_rom.cc:155:do_switch$30$rdmux[0][6][54]$b$402
      New ports: A=1'0, B=1'1, Y=$memory$auto$proc_rom.cc:155:do_switch$30$rdmux[0][6][54]$b$402 [0]
      New connections: $memory$auto$proc_rom.cc:155:do_switch$30$rdmux[0][6][54]$b$402 [4:1] = 4'0100
    Consolidated identical input bits for $mux cell $memory$auto$proc_rom.cc:155:do_switch$30$rdmux[0][7][108]$754:
      Old ports: A=5'00110, B=5'00111, Y=$memory$auto$proc_rom.cc:155:do_switch$30$rdmux[0][6][54]$a$401
      New ports: A=1'0, B=1'1, Y=$memory$auto$proc_rom.cc:155:do_switch$30$rdmux[0][6][54]$a$401 [0]
      New connections: $memory$auto$proc_rom.cc:155:do_switch$30$rdmux[0][6][54]$a$401 [4:1] = 4'0011
    Consolidated identical input bits for $mux cell $memory$auto$proc_rom.cc:155:do_switch$30$rdmux[0][7][107]$751:
      Old ports: A=5'00101, B=5'00110, Y=$memory$auto$proc_rom.cc:155:do_switch$30$rdmux[0][6][53]$b$399
      New ports: A=2'01, B=2'10, Y=$memory$auto$proc_rom.cc:155:do_switch$30$rdmux[0][6][53]$b$399 [1:0]
      New connections: $memory$auto$proc_rom.cc:155:do_switch$30$rdmux[0][6][53]$b$399 [4:2] = 3'001
    Consolidated identical input bits for $mux cell $memory$auto$proc_rom.cc:155:do_switch$30$rdmux[0][7][106]$748:
      Old ports: A=5'00011, B=5'00100, Y=$memory$auto$proc_rom.cc:155:do_switch$30$rdmux[0][6][53]$a$398
      New ports: A=2'01, B=2'10, Y={ $memory$auto$proc_rom.cc:155:do_switch$30$rdmux[0][6][53]$a$398 [2] $memory$auto$proc_rom.cc:155:do_switch$30$rdmux[0][6][53]$a$398 [0] }
      New connections: { $memory$auto$proc_rom.cc:155:do_switch$30$rdmux[0][6][53]$a$398 [4:3] $memory$auto$proc_rom.cc:155:do_switch$30$rdmux[0][6][53]$a$398 [1] } = { 2'00 $memory$auto$proc_rom.cc:155:do_switch$30$rdmux[0][6][53]$a$398 [0] }
    Consolidated identical input bits for $mux cell $memory$auto$proc_rom.cc:155:do_switch$30$rdmux[0][7][105]$745:
      Old ports: A=5'00010, B=5'00011, Y=$memory$auto$proc_rom.cc:155:do_switch$30$rdmux[0][6][52]$b$396
      New ports: A=1'0, B=1'1, Y=$memory$auto$proc_rom.cc:155:do_switch$30$rdmux[0][6][52]$b$396 [0]
      New connections: $memory$auto$proc_rom.cc:155:do_switch$30$rdmux[0][6][52]$b$396 [4:1] = 4'0001
    Consolidated identical input bits for $mux cell $memory$auto$proc_rom.cc:155:do_switch$30$rdmux[0][7][104]$742:
      Old ports: A=5'00000, B=5'00001, Y=$memory$auto$proc_rom.cc:155:do_switch$30$rdmux[0][6][52]$a$395
      New ports: A=1'0, B=1'1, Y=$memory$auto$proc_rom.cc:155:do_switch$30$rdmux[0][6][52]$a$395 [0]
      New connections: $memory$auto$proc_rom.cc:155:do_switch$30$rdmux[0][6][52]$a$395 [4:1] = 4'0000
    Consolidated identical input bits for $mux cell $memory$auto$proc_rom.cc:155:do_switch$34$rdmux[0][7][80]$1435:
      Old ports: A=5'00000, B=5'00010, Y=$memory$auto$proc_rom.cc:155:do_switch$34$rdmux[0][6][40]$a$1124
      New ports: A=1'0, B=1'1, Y=$memory$auto$proc_rom.cc:155:do_switch$34$rdmux[0][6][40]$a$1124 [1]
      New connections: { $memory$auto$proc_rom.cc:155:do_switch$34$rdmux[0][6][40]$a$1124 [4:2] $memory$auto$proc_rom.cc:155:do_switch$34$rdmux[0][6][40]$a$1124 [0] } = 4'0000
    Consolidated identical input bits for $mux cell $memory$auto$proc_rom.cc:155:do_switch$34$rdmux[0][7][79]$1432:
      Old ports: A=5'01000, B=5'01001, Y=$memory$auto$proc_rom.cc:155:do_switch$34$rdmux[0][6][39]$b$1122
      New ports: A=1'0, B=1'1, Y=$memory$auto$proc_rom.cc:155:do_switch$34$rdmux[0][6][39]$b$1122 [0]
      New connections: $memory$auto$proc_rom.cc:155:do_switch$34$rdmux[0][6][39]$b$1122 [4:1] = 4'0100
    Consolidated identical input bits for $mux cell $memory$auto$proc_rom.cc:155:do_switch$34$rdmux[0][7][76]$1423:
      Old ports: A=5'00100, B=5'00101, Y=$memory$auto$proc_rom.cc:155:do_switch$34$rdmux[0][6][38]$a$1118
      New ports: A=1'0, B=1'1, Y=$memory$auto$proc_rom.cc:155:do_switch$34$rdmux[0][6][38]$a$1118 [0]
      New connections: $memory$auto$proc_rom.cc:155:do_switch$34$rdmux[0][6][38]$a$1118 [4:1] = 4'0010
    Consolidated identical input bits for $mux cell $memory$auto$proc_rom.cc:155:do_switch$34$rdmux[0][7][73]$1414:
      Old ports: A=5'00010, B=5'00011, Y=$memory$auto$proc_rom.cc:155:do_switch$34$rdmux[0][6][36]$b$1113
      New ports: A=1'0, B=1'1, Y=$memory$auto$proc_rom.cc:155:do_switch$34$rdmux[0][6][36]$b$1113 [0]
      New connections: $memory$auto$proc_rom.cc:155:do_switch$34$rdmux[0][6][36]$b$1113 [4:1] = 4'0001
    Consolidated identical input bits for $mux cell $memory$auto$proc_rom.cc:155:do_switch$34$rdmux[0][7][91]$1468:
      Old ports: A=5'01000, B=5'01011, Y=$memory$auto$proc_rom.cc:155:do_switch$34$rdmux[0][6][45]$b$1140
      New ports: A=1'0, B=1'1, Y=$memory$auto$proc_rom.cc:155:do_switch$34$rdmux[0][6][45]$b$1140 [0]
      New connections: $memory$auto$proc_rom.cc:155:do_switch$34$rdmux[0][6][45]$b$1140 [4:1] = { 3'010 $memory$auto$proc_rom.cc:155:do_switch$34$rdmux[0][6][45]$b$1140 [0] }
    Consolidated identical input bits for $mux cell $memory$auto$proc_rom.cc:155:do_switch$34$rdmux[0][7][88]$1459:
      Old ports: A=5'00000, B=5'00011, Y=$memory$auto$proc_rom.cc:155:do_switch$34$rdmux[0][6][44]$a$1136
      New ports: A=1'0, B=1'1, Y=$memory$auto$proc_rom.cc:155:do_switch$34$rdmux[0][6][44]$a$1136 [0]
      New connections: $memory$auto$proc_rom.cc:155:do_switch$34$rdmux[0][6][44]$a$1136 [4:1] = { 3'000 $memory$auto$proc_rom.cc:155:do_switch$34$rdmux[0][6][44]$a$1136 [0] }
    Consolidated identical input bits for $mux cell $memory$auto$proc_rom.cc:155:do_switch$34$rdmux[0][7][109]$1522:
      Old ports: A=5'01000, B=5'01001, Y=$memory$auto$proc_rom.cc:155:do_switch$34$rdmux[0][6][54]$b$1167
      New ports: A=1'0, B=1'1, Y=$memory$auto$proc_rom.cc:155:do_switch$34$rdmux[0][6][54]$b$1167 [0]
      New connections: $memory$auto$proc_rom.cc:155:do_switch$34$rdmux[0][6][54]$b$1167 [4:1] = 4'0100
    Consolidated identical input bits for $mux cell $memory$auto$proc_rom.cc:155:do_switch$34$rdmux[0][7][63]$1384:
      Old ports: A=5'01001, B=5'01100, Y=$memory$auto$proc_rom.cc:155:do_switch$34$rdmux[0][6][31]$b$1098
      New ports: A=2'01, B=2'10, Y={ $memory$auto$proc_rom.cc:155:do_switch$34$rdmux[0][6][31]$b$1098 [2] $memory$auto$proc_rom.cc:155:do_switch$34$rdmux[0][6][31]$b$1098 [0] }
      New connections: { $memory$auto$proc_rom.cc:155:do_switch$34$rdmux[0][6][31]$b$1098 [4:3] $memory$auto$proc_rom.cc:155:do_switch$34$rdmux[0][6][31]$b$1098 [1] } = 3'010
    Consolidated identical input bits for $mux cell $memory$auto$proc_rom.cc:155:do_switch$30$rdmux[0][7][95]$715:
      Old ports: A=5'01100, B=5'01111, Y=$memory$auto$proc_rom.cc:155:do_switch$30$rdmux[0][6][47]$b$381
      New ports: A=1'0, B=1'1, Y=$memory$auto$proc_rom.cc:155:do_switch$30$rdmux[0][6][47]$b$381 [0]
      New connections: $memory$auto$proc_rom.cc:155:do_switch$30$rdmux[0][6][47]$b$381 [4:1] = { 3'011 $memory$auto$proc_rom.cc:155:do_switch$30$rdmux[0][6][47]$b$381 [0] }
    Consolidated identical input bits for $mux cell $memory$auto$proc_rom.cc:155:do_switch$30$rdmux[0][7][94]$712:
      Old ports: A=5'00110, B=5'01001, Y=$memory$auto$proc_rom.cc:155:do_switch$30$rdmux[0][6][47]$a$380
      New ports: A=2'10, B=2'01, Y=$memory$auto$proc_rom.cc:155:do_switch$30$rdmux[0][6][47]$a$380 [1:0]
      New connections: $memory$auto$proc_rom.cc:155:do_switch$30$rdmux[0][6][47]$a$380 [4:2] = { 1'0 $memory$auto$proc_rom.cc:155:do_switch$30$rdmux[0][6][47]$a$380 [0] $memory$auto$proc_rom.cc:155:do_switch$30$rdmux[0][6][47]$a$380 [1] }
    Consolidated identical input bits for $mux cell $memory$auto$proc_rom.cc:155:do_switch$30$rdmux[0][7][93]$709:
      Old ports: A=5'01010, B=5'01101, Y=$memory$auto$proc_rom.cc:155:do_switch$30$rdmux[0][6][46]$b$378
      New ports: A=2'10, B=2'01, Y=$memory$auto$proc_rom.cc:155:do_switch$30$rdmux[0][6][46]$b$378 [1:0]
      New connections: $memory$auto$proc_rom.cc:155:do_switch$30$rdmux[0][6][46]$b$378 [4:2] = { 2'01 $memory$auto$proc_rom.cc:155:do_switch$30$rdmux[0][6][46]$b$378 [0] }
    Consolidated identical input bits for $mux cell $memory$auto$proc_rom.cc:155:do_switch$30$rdmux[0][7][92]$706:
      Old ports: A=5'00100, B=5'00111, Y=$memory$auto$proc_rom.cc:155:do_switch$30$rdmux[0][6][46]$a$377
      New ports: A=1'0, B=1'1, Y=$memory$auto$proc_rom.cc:155:do_switch$30$rdmux[0][6][46]$a$377 [0]
      New connections: $memory$auto$proc_rom.cc:155:do_switch$30$rdmux[0][6][46]$a$377 [4:1] = { 3'001 $memory$auto$proc_rom.cc:155:do_switch$30$rdmux[0][6][46]$a$377 [0] }
    Consolidated identical input bits for $mux cell $memory$auto$proc_rom.cc:155:do_switch$30$rdmux[0][7][91]$703:
      Old ports: A=5'01000, B=5'01011, Y=$memory$auto$proc_rom.cc:155:do_switch$30$rdmux[0][6][45]$b$375
      New ports: A=1'0, B=1'1, Y=$memory$auto$proc_rom.cc:155:do_switch$30$rdmux[0][6][45]$b$375 [0]
      New connections: $memory$auto$proc_rom.cc:155:do_switch$30$rdmux[0][6][45]$b$375 [4:1] = { 3'010 $memory$auto$proc_rom.cc:155:do_switch$30$rdmux[0][6][45]$b$375 [0] }
    Consolidated identical input bits for $mux cell $memory$auto$proc_rom.cc:155:do_switch$30$rdmux[0][7][90]$700:
      Old ports: A=5'00010, B=5'00101, Y=$memory$auto$proc_rom.cc:155:do_switch$30$rdmux[0][6][45]$a$374
      New ports: A=2'10, B=2'01, Y=$memory$auto$proc_rom.cc:155:do_switch$30$rdmux[0][6][45]$a$374 [1:0]
      New connections: $memory$auto$proc_rom.cc:155:do_switch$30$rdmux[0][6][45]$a$374 [4:2] = { 2'00 $memory$auto$proc_rom.cc:155:do_switch$30$rdmux[0][6][45]$a$374 [0] }
    Consolidated identical input bits for $mux cell $memory$auto$proc_rom.cc:155:do_switch$30$rdmux[0][7][89]$697:
      Old ports: A=5'00110, B=5'01001, Y=$memory$auto$proc_rom.cc:155:do_switch$30$rdmux[0][6][44]$b$372
      New ports: A=2'10, B=2'01, Y=$memory$auto$proc_rom.cc:155:do_switch$30$rdmux[0][6][44]$b$372 [1:0]
      New connections: $memory$auto$proc_rom.cc:155:do_switch$30$rdmux[0][6][44]$b$372 [4:2] = { 1'0 $memory$auto$proc_rom.cc:155:do_switch$30$rdmux[0][6][44]$b$372 [0] $memory$auto$proc_rom.cc:155:do_switch$30$rdmux[0][6][44]$b$372 [1] }
    Consolidated identical input bits for $mux cell $memory$auto$proc_rom.cc:155:do_switch$30$rdmux[0][7][88]$694:
      Old ports: A=5'00000, B=5'00011, Y=$memory$auto$proc_rom.cc:155:do_switch$30$rdmux[0][6][44]$a$371
      New ports: A=1'0, B=1'1, Y=$memory$auto$proc_rom.cc:155:do_switch$30$rdmux[0][6][44]$a$371 [0]
      New connections: $memory$auto$proc_rom.cc:155:do_switch$30$rdmux[0][6][44]$a$371 [4:1] = { 3'000 $memory$auto$proc_rom.cc:155:do_switch$30$rdmux[0][6][44]$a$371 [0] }
    Consolidated identical input bits for $mux cell $memory$auto$proc_rom.cc:155:do_switch$30$rdmux[0][7][87]$691:
      Old ports: A=5'01010, B=5'01100, Y=$memory$auto$proc_rom.cc:155:do_switch$30$rdmux[0][6][43]$b$369
      New ports: A=2'01, B=2'10, Y=$memory$auto$proc_rom.cc:155:do_switch$30$rdmux[0][6][43]$b$369 [2:1]
      New connections: { $memory$auto$proc_rom.cc:155:do_switch$30$rdmux[0][6][43]$b$369 [4:3] $memory$auto$proc_rom.cc:155:do_switch$30$rdmux[0][6][43]$b$369 [0] } = 3'010
    Consolidated identical input bits for $mux cell $memory$auto$proc_rom.cc:155:do_switch$30$rdmux[0][7][86]$688:
      Old ports: A=5'00110, B=5'01000, Y=$memory$auto$proc_rom.cc:155:do_switch$30$rdmux[0][6][43]$a$368
      New ports: A=2'01, B=2'10, Y={ $memory$auto$proc_rom.cc:155:do_switch$30$rdmux[0][6][43]$a$368 [3] $memory$auto$proc_rom.cc:155:do_switch$30$rdmux[0][6][43]$a$368 [1] }
      New connections: { $memory$auto$proc_rom.cc:155:do_switch$30$rdmux[0][6][43]$a$368 [4] $memory$auto$proc_rom.cc:155:do_switch$30$rdmux[0][6][43]$a$368 [2] $memory$auto$proc_rom.cc:155:do_switch$30$rdmux[0][6][43]$a$368 [0] } = { 1'0 $memory$auto$proc_rom.cc:155:do_switch$30$rdmux[0][6][43]$a$368 [1] 1'0 }
    Consolidated identical input bits for $mux cell $memory$auto$proc_rom.cc:155:do_switch$30$rdmux[0][7][85]$685:
      Old ports: A=5'01000, B=5'01010, Y=$memory$auto$proc_rom.cc:155:do_switch$30$rdmux[0][6][42]$b$366
      New ports: A=1'0, B=1'1, Y=$memory$auto$proc_rom.cc:155:do_switch$30$rdmux[0][6][42]$b$366 [1]
      New connections: { $memory$auto$proc_rom.cc:155:do_switch$30$rdmux[0][6][42]$b$366 [4:2] $memory$auto$proc_rom.cc:155:do_switch$30$rdmux[0][6][42]$b$366 [0] } = 4'0100
    Consolidated identical input bits for $mux cell $memory$auto$proc_rom.cc:155:do_switch$30$rdmux[0][7][84]$682:
      Old ports: A=5'00100, B=5'00110, Y=$memory$auto$proc_rom.cc:155:do_switch$30$rdmux[0][6][42]$a$365
      New ports: A=1'0, B=1'1, Y=$memory$auto$proc_rom.cc:155:do_switch$30$rdmux[0][6][42]$a$365 [1]
      New connections: { $memory$auto$proc_rom.cc:155:do_switch$30$rdmux[0][6][42]$a$365 [4:2] $memory$auto$proc_rom.cc:155:do_switch$30$rdmux[0][6][42]$a$365 [0] } = 4'0010
    Consolidated identical input bits for $mux cell $memory$auto$proc_rom.cc:155:do_switch$30$rdmux[0][7][83]$679:
      Old ports: A=5'00110, B=5'01000, Y=$memory$auto$proc_rom.cc:155:do_switch$30$rdmux[0][6][41]$b$363
      New ports: A=2'01, B=2'10, Y={ $memory$auto$proc_rom.cc:155:do_switch$30$rdmux[0][6][41]$b$363 [3] $memory$auto$proc_rom.cc:155:do_switch$30$rdmux[0][6][41]$b$363 [1] }
      New connections: { $memory$auto$proc_rom.cc:155:do_switch$30$rdmux[0][6][41]$b$363 [4] $memory$auto$proc_rom.cc:155:do_switch$30$rdmux[0][6][41]$b$363 [2] $memory$auto$proc_rom.cc:155:do_switch$30$rdmux[0][6][41]$b$363 [0] } = { 1'0 $memory$auto$proc_rom.cc:155:do_switch$30$rdmux[0][6][41]$b$363 [1] 1'0 }
    Consolidated identical input bits for $mux cell $memory$auto$proc_rom.cc:155:do_switch$30$rdmux[0][7][82]$676:
      Old ports: A=5'00010, B=5'00100, Y=$memory$auto$proc_rom.cc:155:do_switch$30$rdmux[0][6][41]$a$362
      New ports: A=2'01, B=2'10, Y=$memory$auto$proc_rom.cc:155:do_switch$30$rdmux[0][6][41]$a$362 [2:1]
      New connections: { $memory$auto$proc_rom.cc:155:do_switch$30$rdmux[0][6][41]$a$362 [4:3] $memory$auto$proc_rom.cc:155:do_switch$30$rdmux[0][6][41]$a$362 [0] } = 3'000
    Consolidated identical input bits for $mux cell $memory$auto$proc_rom.cc:155:do_switch$30$rdmux[0][7][81]$673:
      Old ports: A=5'00100, B=5'00110, Y=$memory$auto$proc_rom.cc:155:do_switch$30$rdmux[0][6][40]$b$360
      New ports: A=1'0, B=1'1, Y=$memory$auto$proc_rom.cc:155:do_switch$30$rdmux[0][6][40]$b$360 [1]
      New connections: { $memory$auto$proc_rom.cc:155:do_switch$30$rdmux[0][6][40]$b$360 [4:2] $memory$auto$proc_rom.cc:155:do_switch$30$rdmux[0][6][40]$b$360 [0] } = 4'0010
    Consolidated identical input bits for $mux cell $memory$auto$proc_rom.cc:155:do_switch$30$rdmux[0][7][80]$670:
      Old ports: A=5'00000, B=5'00010, Y=$memory$auto$proc_rom.cc:155:do_switch$30$rdmux[0][6][40]$a$359
      New ports: A=1'0, B=1'1, Y=$memory$auto$proc_rom.cc:155:do_switch$30$rdmux[0][6][40]$a$359 [1]
      New connections: { $memory$auto$proc_rom.cc:155:do_switch$30$rdmux[0][6][40]$a$359 [4:2] $memory$auto$proc_rom.cc:155:do_switch$30$rdmux[0][6][40]$a$359 [0] } = 4'0000
    Consolidated identical input bits for $mux cell $memory$auto$proc_rom.cc:155:do_switch$30$rdmux[0][7][79]$667:
      Old ports: A=5'01000, B=5'01001, Y=$memory$auto$proc_rom.cc:155:do_switch$30$rdmux[0][6][39]$b$357
      New ports: A=1'0, B=1'1, Y=$memory$auto$proc_rom.cc:155:do_switch$30$rdmux[0][6][39]$b$357 [0]
      New connections: $memory$auto$proc_rom.cc:155:do_switch$30$rdmux[0][6][39]$b$357 [4:1] = 4'0100
    Consolidated identical input bits for $mux cell $memory$auto$proc_rom.cc:155:do_switch$30$rdmux[0][7][78]$664:
      Old ports: A=5'00110, B=5'00111, Y=$memory$auto$proc_rom.cc:155:do_switch$30$rdmux[0][6][39]$a$356
      New ports: A=1'0, B=1'1, Y=$memory$auto$proc_rom.cc:155:do_switch$30$rdmux[0][6][39]$a$356 [0]
      New connections: $memory$auto$proc_rom.cc:155:do_switch$30$rdmux[0][6][39]$a$356 [4:1] = 4'0011
    Consolidated identical input bits for $mux cell $memory$auto$proc_rom.cc:155:do_switch$30$rdmux[0][7][77]$661:
      Old ports: A=5'00110, B=5'00111, Y=$memory$auto$proc_rom.cc:155:do_switch$30$rdmux[0][6][38]$b$354
      New ports: A=1'0, B=1'1, Y=$memory$auto$proc_rom.cc:155:do_switch$30$rdmux[0][6][38]$b$354 [0]
      New connections: $memory$auto$proc_rom.cc:155:do_switch$30$rdmux[0][6][38]$b$354 [4:1] = 4'0011
    Consolidated identical input bits for $mux cell $memory$auto$proc_rom.cc:155:do_switch$30$rdmux[0][7][76]$658:
      Old ports: A=5'00100, B=5'00101, Y=$memory$auto$proc_rom.cc:155:do_switch$30$rdmux[0][6][38]$a$353
      New ports: A=1'0, B=1'1, Y=$memory$auto$proc_rom.cc:155:do_switch$30$rdmux[0][6][38]$a$353 [0]
      New connections: $memory$auto$proc_rom.cc:155:do_switch$30$rdmux[0][6][38]$a$353 [4:1] = 4'0010
    Consolidated identical input bits for $mux cell $memory$auto$proc_rom.cc:155:do_switch$30$rdmux[0][7][75]$655:
      Old ports: A=5'00100, B=5'00101, Y=$memory$auto$proc_rom.cc:155:do_switch$30$rdmux[0][6][37]$b$351
      New ports: A=1'0, B=1'1, Y=$memory$auto$proc_rom.cc:155:do_switch$30$rdmux[0][6][37]$b$351 [0]
      New connections: $memory$auto$proc_rom.cc:155:do_switch$30$rdmux[0][6][37]$b$351 [4:1] = 4'0010
    Consolidated identical input bits for $mux cell $memory$auto$proc_rom.cc:155:do_switch$30$rdmux[0][7][74]$652:
      Old ports: A=5'00010, B=5'00011, Y=$memory$auto$proc_rom.cc:155:do_switch$30$rdmux[0][6][37]$a$350
      New ports: A=1'0, B=1'1, Y=$memory$auto$proc_rom.cc:155:do_switch$30$rdmux[0][6][37]$a$350 [0]
      New connections: $memory$auto$proc_rom.cc:155:do_switch$30$rdmux[0][6][37]$a$350 [4:1] = 4'0001
    Consolidated identical input bits for $mux cell $memory$auto$proc_rom.cc:155:do_switch$30$rdmux[0][7][73]$649:
      Old ports: A=5'00010, B=5'00011, Y=$memory$auto$proc_rom.cc:155:do_switch$30$rdmux[0][6][36]$b$348
      New ports: A=1'0, B=1'1, Y=$memory$auto$proc_rom.cc:155:do_switch$30$rdmux[0][6][36]$b$348 [0]
      New connections: $memory$auto$proc_rom.cc:155:do_switch$30$rdmux[0][6][36]$b$348 [4:1] = 4'0001
    Consolidated identical input bits for $mux cell $memory$auto$proc_rom.cc:155:do_switch$30$rdmux[0][7][72]$646:
      Old ports: A=5'00000, B=5'00001, Y=$memory$auto$proc_rom.cc:155:do_switch$30$rdmux[0][6][36]$a$347
      New ports: A=1'0, B=1'1, Y=$memory$auto$proc_rom.cc:155:do_switch$30$rdmux[0][6][36]$a$347 [0]
      New connections: $memory$auto$proc_rom.cc:155:do_switch$30$rdmux[0][6][36]$a$347 [4:1] = 4'0000
    Consolidated identical input bits for $mux cell $memory$auto$proc_rom.cc:155:do_switch$34$rdmux[0][7][86]$1453:
      Old ports: A=5'00110, B=5'01000, Y=$memory$auto$proc_rom.cc:155:do_switch$34$rdmux[0][6][43]$a$1133
      New ports: A=2'01, B=2'10, Y={ $memory$auto$proc_rom.cc:155:do_switch$34$rdmux[0][6][43]$a$1133 [3] $memory$auto$proc_rom.cc:155:do_switch$34$rdmux[0][6][43]$a$1133 [1] }
      New connections: { $memory$auto$proc_rom.cc:155:do_switch$34$rdmux[0][6][43]$a$1133 [4] $memory$auto$proc_rom.cc:155:do_switch$34$rdmux[0][6][43]$a$1133 [2] $memory$auto$proc_rom.cc:155:do_switch$34$rdmux[0][6][43]$a$1133 [0] } = { 1'0 $memory$auto$proc_rom.cc:155:do_switch$34$rdmux[0][6][43]$a$1133 [1] 1'0 }
    Consolidated identical input bits for $mux cell $memory$auto$proc_rom.cc:155:do_switch$26$rdmux[0][5][9]$1699:
      Old ports: A=7'1001001, B=7'1001010, Y=$memory$auto$proc_rom.cc:155:do_switch$26$rdmux[0][4][4]$b$1638
      New ports: A=2'01, B=2'10, Y=$memory$auto$proc_rom.cc:155:do_switch$26$rdmux[0][4][4]$b$1638 [1:0]
      New connections: $memory$auto$proc_rom.cc:155:do_switch$26$rdmux[0][4][4]$b$1638 [6:2] = 5'10010
    Consolidated identical input bits for $mux cell $memory$auto$proc_rom.cc:155:do_switch$26$rdmux[0][5][11]$1705:
      Old ports: A=7'1001011, B=7'1001100, Y=$memory$auto$proc_rom.cc:155:do_switch$26$rdmux[0][4][5]$b$1641
      New ports: A=2'01, B=2'10, Y={ $memory$auto$proc_rom.cc:155:do_switch$26$rdmux[0][4][5]$b$1641 [2] $memory$auto$proc_rom.cc:155:do_switch$26$rdmux[0][4][5]$b$1641 [0] }
      New connections: { $memory$auto$proc_rom.cc:155:do_switch$26$rdmux[0][4][5]$b$1641 [6:3] $memory$auto$proc_rom.cc:155:do_switch$26$rdmux[0][4][5]$b$1641 [1] } = { 4'1001 $memory$auto$proc_rom.cc:155:do_switch$26$rdmux[0][4][5]$b$1641 [0] }
    Consolidated identical input bits for $mux cell $memory$auto$proc_rom.cc:155:do_switch$34$rdmux[0][7][84]$1447:
      Old ports: A=5'00100, B=5'00110, Y=$memory$auto$proc_rom.cc:155:do_switch$34$rdmux[0][6][42]$a$1130
      New ports: A=1'0, B=1'1, Y=$memory$auto$proc_rom.cc:155:do_switch$34$rdmux[0][6][42]$a$1130 [1]
      New connections: { $memory$auto$proc_rom.cc:155:do_switch$34$rdmux[0][6][42]$a$1130 [4:2] $memory$auto$proc_rom.cc:155:do_switch$34$rdmux[0][6][42]$a$1130 [0] } = 4'0010
    Consolidated identical input bits for $mux cell $memory$auto$proc_rom.cc:155:do_switch$34$rdmux[0][7][83]$1444:
      Old ports: A=5'00110, B=5'01000, Y=$memory$auto$proc_rom.cc:155:do_switch$34$rdmux[0][6][41]$b$1128
      New ports: A=2'01, B=2'10, Y={ $memory$auto$proc_rom.cc:155:do_switch$34$rdmux[0][6][41]$b$1128 [3] $memory$auto$proc_rom.cc:155:do_switch$34$rdmux[0][6][41]$b$1128 [1] }
      New connections: { $memory$auto$proc_rom.cc:155:do_switch$34$rdmux[0][6][41]$b$1128 [4] $memory$auto$proc_rom.cc:155:do_switch$34$rdmux[0][6][41]$b$1128 [2] $memory$auto$proc_rom.cc:155:do_switch$34$rdmux[0][6][41]$b$1128 [0] } = { 1'0 $memory$auto$proc_rom.cc:155:do_switch$34$rdmux[0][6][41]$b$1128 [1] 1'0 }
    Consolidated identical input bits for $mux cell $memory$auto$proc_rom.cc:155:do_switch$26$rdmux[0][5][15]$1717:
      Old ports: A=7'1001111, B=7'1010000, Y=$memory$auto$proc_rom.cc:155:do_switch$26$rdmux[0][4][7]$b$1647
      New ports: A=2'01, B=2'10, Y={ $memory$auto$proc_rom.cc:155:do_switch$26$rdmux[0][4][7]$b$1647 [4] $memory$auto$proc_rom.cc:155:do_switch$26$rdmux[0][4][7]$b$1647 [0] }
      New connections: { $memory$auto$proc_rom.cc:155:do_switch$26$rdmux[0][4][7]$b$1647 [6:5] $memory$auto$proc_rom.cc:155:do_switch$26$rdmux[0][4][7]$b$1647 [3:1] } = { 2'10 $memory$auto$proc_rom.cc:155:do_switch$26$rdmux[0][4][7]$b$1647 [0] $memory$auto$proc_rom.cc:155:do_switch$26$rdmux[0][4][7]$b$1647 [0] $memory$auto$proc_rom.cc:155:do_switch$26$rdmux[0][4][7]$b$1647 [0] }
    Consolidated identical input bits for $mux cell $memory$auto$proc_rom.cc:155:do_switch$26$rdmux[0][5][17]$1723:
      Old ports: A=7'1010000, B=7'1010001, Y=$memory$auto$proc_rom.cc:155:do_switch$26$rdmux[0][4][8]$b$1650
      New ports: A=1'0, B=1'1, Y=$memory$auto$proc_rom.cc:155:do_switch$26$rdmux[0][4][8]$b$1650 [0]
      New connections: $memory$auto$proc_rom.cc:155:do_switch$26$rdmux[0][4][8]$b$1650 [6:1] = 6'101000
    Consolidated identical input bits for $mux cell $memory$auto$proc_rom.cc:155:do_switch$26$rdmux[0][5][18]$1726:
      Old ports: A=7'1010001, B=7'1111110, Y=$memory$auto$proc_rom.cc:155:do_switch$26$rdmux[0][4][9]$a$1652
      New ports: A=2'01, B=2'10, Y=$memory$auto$proc_rom.cc:155:do_switch$26$rdmux[0][4][9]$a$1652 [1:0]
      New connections: $memory$auto$proc_rom.cc:155:do_switch$26$rdmux[0][4][9]$a$1652 [6:2] = { 1'1 $memory$auto$proc_rom.cc:155:do_switch$26$rdmux[0][4][9]$a$1652 [1] 1'1 $memory$auto$proc_rom.cc:155:do_switch$26$rdmux[0][4][9]$a$1652 [1] $memory$auto$proc_rom.cc:155:do_switch$26$rdmux[0][4][9]$a$1652 [1] }
    Consolidated identical input bits for $mux cell $memory$auto$proc_rom.cc:155:do_switch$30$rdmux[0][7][63]$619:
      Old ports: A=5'01001, B=5'01100, Y=$memory$auto$proc_rom.cc:155:do_switch$30$rdmux[0][6][31]$b$333
      New ports: A=2'01, B=2'10, Y={ $memory$auto$proc_rom.cc:155:do_switch$30$rdmux[0][6][31]$b$333 [2] $memory$auto$proc_rom.cc:155:do_switch$30$rdmux[0][6][31]$b$333 [0] }
      New connections: { $memory$auto$proc_rom.cc:155:do_switch$30$rdmux[0][6][31]$b$333 [4:3] $memory$auto$proc_rom.cc:155:do_switch$30$rdmux[0][6][31]$b$333 [1] } = 3'010
    Consolidated identical input bits for $mux cell $memory$auto$proc_rom.cc:155:do_switch$30$rdmux[0][7][62]$616:
      Old ports: A=5'00011, B=5'00110, Y=$memory$auto$proc_rom.cc:155:do_switch$30$rdmux[0][6][31]$a$332
      New ports: A=2'01, B=2'10, Y={ $memory$auto$proc_rom.cc:155:do_switch$30$rdmux[0][6][31]$a$332 [2] $memory$auto$proc_rom.cc:155:do_switch$30$rdmux[0][6][31]$a$332 [0] }
      New connections: { $memory$auto$proc_rom.cc:155:do_switch$30$rdmux[0][6][31]$a$332 [4:3] $memory$auto$proc_rom.cc:155:do_switch$30$rdmux[0][6][31]$a$332 [1] } = 3'001
    Consolidated identical input bits for $mux cell $memory$auto$proc_rom.cc:155:do_switch$30$rdmux[0][7][61]$613:
      Old ports: A=5'01000, B=5'01011, Y=$memory$auto$proc_rom.cc:155:do_switch$30$rdmux[0][6][30]$b$330
      New ports: A=1'0, B=1'1, Y=$memory$auto$proc_rom.cc:155:do_switch$30$rdmux[0][6][30]$b$330 [0]
      New connections: $memory$auto$proc_rom.cc:155:do_switch$30$rdmux[0][6][30]$b$330 [4:1] = { 3'010 $memory$auto$proc_rom.cc:155:do_switch$30$rdmux[0][6][30]$b$330 [0] }
    Consolidated identical input bits for $mux cell $memory$auto$proc_rom.cc:155:do_switch$30$rdmux[0][7][60]$610:
      Old ports: A=5'00010, B=5'00101, Y=$memory$auto$proc_rom.cc:155:do_switch$30$rdmux[0][6][30]$a$329
      New ports: A=2'10, B=2'01, Y=$memory$auto$proc_rom.cc:155:do_switch$30$rdmux[0][6][30]$a$329 [1:0]
      New connections: $memory$auto$proc_rom.cc:155:do_switch$30$rdmux[0][6][30]$a$329 [4:2] = { 2'00 $memory$auto$proc_rom.cc:155:do_switch$30$rdmux[0][6][30]$a$329 [0] }
    Consolidated identical input bits for $mux cell $memory$auto$proc_rom.cc:155:do_switch$30$rdmux[0][7][59]$607:
      Old ports: A=5'00111, B=5'01010, Y=$memory$auto$proc_rom.cc:155:do_switch$30$rdmux[0][6][29]$b$327
      New ports: A=2'01, B=2'10, Y={ $memory$auto$proc_rom.cc:155:do_switch$30$rdmux[0][6][29]$b$327 [3] $memory$auto$proc_rom.cc:155:do_switch$30$rdmux[0][6][29]$b$327 [0] }
      New connections: { $memory$auto$proc_rom.cc:155:do_switch$30$rdmux[0][6][29]$b$327 [4] $memory$auto$proc_rom.cc:155:do_switch$30$rdmux[0][6][29]$b$327 [2:1] } = { 1'0 $memory$auto$proc_rom.cc:155:do_switch$30$rdmux[0][6][29]$b$327 [0] 1'1 }
    Consolidated identical input bits for $mux cell $memory$auto$proc_rom.cc:155:do_switch$30$rdmux[0][7][58]$604:
      Old ports: A=5'00001, B=5'00100, Y=$memory$auto$proc_rom.cc:155:do_switch$30$rdmux[0][6][29]$a$326
      New ports: A=2'01, B=2'10, Y={ $memory$auto$proc_rom.cc:155:do_switch$30$rdmux[0][6][29]$a$326 [2] $memory$auto$proc_rom.cc:155:do_switch$30$rdmux[0][6][29]$a$326 [0] }
      New connections: { $memory$auto$proc_rom.cc:155:do_switch$30$rdmux[0][6][29]$a$326 [4:3] $memory$auto$proc_rom.cc:155:do_switch$30$rdmux[0][6][29]$a$326 [1] } = 3'000
    Consolidated identical input bits for $mux cell $memory$auto$proc_rom.cc:155:do_switch$30$rdmux[0][7][57]$601:
      Old ports: A=5'00110, B=5'01001, Y=$memory$auto$proc_rom.cc:155:do_switch$30$rdmux[0][6][28]$b$324
      New ports: A=2'10, B=2'01, Y=$memory$auto$proc_rom.cc:155:do_switch$30$rdmux[0][6][28]$b$324 [1:0]
      New connections: $memory$auto$proc_rom.cc:155:do_switch$30$rdmux[0][6][28]$b$324 [4:2] = { 1'0 $memory$auto$proc_rom.cc:155:do_switch$30$rdmux[0][6][28]$b$324 [0] $memory$auto$proc_rom.cc:155:do_switch$30$rdmux[0][6][28]$b$324 [1] }
    Consolidated identical input bits for $mux cell $memory$auto$proc_rom.cc:155:do_switch$30$rdmux[0][7][56]$598:
      Old ports: A=5'00000, B=5'00011, Y=$memory$auto$proc_rom.cc:155:do_switch$30$rdmux[0][6][28]$a$323
      New ports: A=1'0, B=1'1, Y=$memory$auto$proc_rom.cc:155:do_switch$30$rdmux[0][6][28]$a$323 [0]
      New connections: $memory$auto$proc_rom.cc:155:do_switch$30$rdmux[0][6][28]$a$323 [4:1] = { 3'000 $memory$auto$proc_rom.cc:155:do_switch$30$rdmux[0][6][28]$a$323 [0] }
    Consolidated identical input bits for $mux cell $memory$auto$proc_rom.cc:155:do_switch$30$rdmux[0][7][55]$595:
      Old ports: A=5'00111, B=5'01001, Y=$memory$auto$proc_rom.cc:155:do_switch$30$rdmux[0][6][27]$b$321
      New ports: A=2'01, B=2'10, Y={ $memory$auto$proc_rom.cc:155:do_switch$30$rdmux[0][6][27]$b$321 [3] $memory$auto$proc_rom.cc:155:do_switch$30$rdmux[0][6][27]$b$321 [1] }
      New connections: { $memory$auto$proc_rom.cc:155:do_switch$30$rdmux[0][6][27]$b$321 [4] $memory$auto$proc_rom.cc:155:do_switch$30$rdmux[0][6][27]$b$321 [2] $memory$auto$proc_rom.cc:155:do_switch$30$rdmux[0][6][27]$b$321 [0] } = { 1'0 $memory$auto$proc_rom.cc:155:do_switch$30$rdmux[0][6][27]$b$321 [1] 1'1 }
    Consolidated identical input bits for $mux cell $memory$auto$proc_rom.cc:155:do_switch$30$rdmux[0][7][54]$592:
      Old ports: A=5'00011, B=5'00101, Y=$memory$auto$proc_rom.cc:155:do_switch$30$rdmux[0][6][27]$a$320
      New ports: A=2'01, B=2'10, Y=$memory$auto$proc_rom.cc:155:do_switch$30$rdmux[0][6][27]$a$320 [2:1]
      New connections: { $memory$auto$proc_rom.cc:155:do_switch$30$rdmux[0][6][27]$a$320 [4:3] $memory$auto$proc_rom.cc:155:do_switch$30$rdmux[0][6][27]$a$320 [0] } = 3'001
    Consolidated identical input bits for $mux cell $memory$auto$proc_rom.cc:155:do_switch$30$rdmux[0][7][53]$589:
      Old ports: A=5'00110, B=5'01000, Y=$memory$auto$proc_rom.cc:155:do_switch$30$rdmux[0][6][26]$b$318
      New ports: A=2'01, B=2'10, Y={ $memory$auto$proc_rom.cc:155:do_switch$30$rdmux[0][6][26]$b$318 [3] $memory$auto$proc_rom.cc:155:do_switch$30$rdmux[0][6][26]$b$318 [1] }
      New connections: { $memory$auto$proc_rom.cc:155:do_switch$30$rdmux[0][6][26]$b$318 [4] $memory$auto$proc_rom.cc:155:do_switch$30$rdmux[0][6][26]$b$318 [2] $memory$auto$proc_rom.cc:155:do_switch$30$rdmux[0][6][26]$b$318 [0] } = { 1'0 $memory$auto$proc_rom.cc:155:do_switch$30$rdmux[0][6][26]$b$318 [1] 1'0 }
    Consolidated identical input bits for $mux cell $memory$auto$proc_rom.cc:155:do_switch$30$rdmux[0][7][52]$586:
      Old ports: A=5'00010, B=5'00100, Y=$memory$auto$proc_rom.cc:155:do_switch$30$rdmux[0][6][26]$a$317
      New ports: A=2'01, B=2'10, Y=$memory$auto$proc_rom.cc:155:do_switch$30$rdmux[0][6][26]$a$317 [2:1]
      New connections: { $memory$auto$proc_rom.cc:155:do_switch$30$rdmux[0][6][26]$a$317 [4:3] $memory$auto$proc_rom.cc:155:do_switch$30$rdmux[0][6][26]$a$317 [0] } = 3'000
    Consolidated identical input bits for $mux cell $memory$auto$proc_rom.cc:155:do_switch$30$rdmux[0][7][51]$583:
      Old ports: A=5'00101, B=5'00111, Y=$memory$auto$proc_rom.cc:155:do_switch$30$rdmux[0][6][25]$b$315
      New ports: A=1'0, B=1'1, Y=$memory$auto$proc_rom.cc:155:do_switch$30$rdmux[0][6][25]$b$315 [1]
      New connections: { $memory$auto$proc_rom.cc:155:do_switch$30$rdmux[0][6][25]$b$315 [4:2] $memory$auto$proc_rom.cc:155:do_switch$30$rdmux[0][6][25]$b$315 [0] } = 4'0011
    Consolidated identical input bits for $mux cell $memory$auto$proc_rom.cc:155:do_switch$30$rdmux[0][7][50]$580:
      Old ports: A=5'00001, B=5'00011, Y=$memory$auto$proc_rom.cc:155:do_switch$30$rdmux[0][6][25]$a$314
      New ports: A=1'0, B=1'1, Y=$memory$auto$proc_rom.cc:155:do_switch$30$rdmux[0][6][25]$a$314 [1]
      New connections: { $memory$auto$proc_rom.cc:155:do_switch$30$rdmux[0][6][25]$a$314 [4:2] $memory$auto$proc_rom.cc:155:do_switch$30$rdmux[0][6][25]$a$314 [0] } = 4'0001
    Consolidated identical input bits for $mux cell $memory$auto$proc_rom.cc:155:do_switch$30$rdmux[0][7][49]$577:
      Old ports: A=5'00100, B=5'00110, Y=$memory$auto$proc_rom.cc:155:do_switch$30$rdmux[0][6][24]$b$312
      New ports: A=1'0, B=1'1, Y=$memory$auto$proc_rom.cc:155:do_switch$30$rdmux[0][6][24]$b$312 [1]
      New connections: { $memory$auto$proc_rom.cc:155:do_switch$30$rdmux[0][6][24]$b$312 [4:2] $memory$auto$proc_rom.cc:155:do_switch$30$rdmux[0][6][24]$b$312 [0] } = 4'0010
    Consolidated identical input bits for $mux cell $memory$auto$proc_rom.cc:155:do_switch$30$rdmux[0][7][48]$574:
      Old ports: A=5'00000, B=5'00010, Y=$memory$auto$proc_rom.cc:155:do_switch$30$rdmux[0][6][24]$a$311
      New ports: A=1'0, B=1'1, Y=$memory$auto$proc_rom.cc:155:do_switch$30$rdmux[0][6][24]$a$311 [1]
      New connections: { $memory$auto$proc_rom.cc:155:do_switch$30$rdmux[0][6][24]$a$311 [4:2] $memory$auto$proc_rom.cc:155:do_switch$30$rdmux[0][6][24]$a$311 [0] } = 4'0000
    Consolidated identical input bits for $mux cell $memory$auto$proc_rom.cc:155:do_switch$30$rdmux[0][7][47]$571:
      Old ports: A=5'00101, B=5'00110, Y=$memory$auto$proc_rom.cc:155:do_switch$30$rdmux[0][6][23]$b$309
      New ports: A=2'01, B=2'10, Y=$memory$auto$proc_rom.cc:155:do_switch$30$rdmux[0][6][23]$b$309 [1:0]
      New connections: $memory$auto$proc_rom.cc:155:do_switch$30$rdmux[0][6][23]$b$309 [4:2] = 3'001
    Consolidated identical input bits for $mux cell $memory$auto$proc_rom.cc:155:do_switch$30$rdmux[0][7][46]$568:
      Old ports: A=5'00011, B=5'00100, Y=$memory$auto$proc_rom.cc:155:do_switch$30$rdmux[0][6][23]$a$308
      New ports: A=2'01, B=2'10, Y={ $memory$auto$proc_rom.cc:155:do_switch$30$rdmux[0][6][23]$a$308 [2] $memory$auto$proc_rom.cc:155:do_switch$30$rdmux[0][6][23]$a$308 [0] }
      New connections: { $memory$auto$proc_rom.cc:155:do_switch$30$rdmux[0][6][23]$a$308 [4:3] $memory$auto$proc_rom.cc:155:do_switch$30$rdmux[0][6][23]$a$308 [1] } = { 2'00 $memory$auto$proc_rom.cc:155:do_switch$30$rdmux[0][6][23]$a$308 [0] }
    Consolidated identical input bits for $mux cell $memory$auto$proc_rom.cc:155:do_switch$30$rdmux[0][7][45]$565:
      Old ports: A=5'00100, B=5'00101, Y=$memory$auto$proc_rom.cc:155:do_switch$30$rdmux[0][6][22]$b$306
      New ports: A=1'0, B=1'1, Y=$memory$auto$proc_rom.cc:155:do_switch$30$rdmux[0][6][22]$b$306 [0]
      New connections: $memory$auto$proc_rom.cc:155:do_switch$30$rdmux[0][6][22]$b$306 [4:1] = 4'0010
    Consolidated identical input bits for $mux cell $memory$auto$proc_rom.cc:155:do_switch$30$rdmux[0][7][44]$562:
      Old ports: A=5'00010, B=5'00011, Y=$memory$auto$proc_rom.cc:155:do_switch$30$rdmux[0][6][22]$a$305
      New ports: A=1'0, B=1'1, Y=$memory$auto$proc_rom.cc:155:do_switch$30$rdmux[0][6][22]$a$305 [0]
      New connections: $memory$auto$proc_rom.cc:155:do_switch$30$rdmux[0][6][22]$a$305 [4:1] = 4'0001
    Consolidated identical input bits for $mux cell $memory$auto$proc_rom.cc:155:do_switch$30$rdmux[0][7][43]$559:
      Old ports: A=5'00011, B=5'00100, Y=$memory$auto$proc_rom.cc:155:do_switch$30$rdmux[0][6][21]$b$303
      New ports: A=2'01, B=2'10, Y={ $memory$auto$proc_rom.cc:155:do_switch$30$rdmux[0][6][21]$b$303 [2] $memory$auto$proc_rom.cc:155:do_switch$30$rdmux[0][6][21]$b$303 [0] }
      New connections: { $memory$auto$proc_rom.cc:155:do_switch$30$rdmux[0][6][21]$b$303 [4:3] $memory$auto$proc_rom.cc:155:do_switch$30$rdmux[0][6][21]$b$303 [1] } = { 2'00 $memory$auto$proc_rom.cc:155:do_switch$30$rdmux[0][6][21]$b$303 [0] }
    Consolidated identical input bits for $mux cell $memory$auto$proc_rom.cc:155:do_switch$30$rdmux[0][7][42]$556:
      Old ports: A=5'00001, B=5'00010, Y=$memory$auto$proc_rom.cc:155:do_switch$30$rdmux[0][6][21]$a$302
      New ports: A=2'01, B=2'10, Y=$memory$auto$proc_rom.cc:155:do_switch$30$rdmux[0][6][21]$a$302 [1:0]
      New connections: $memory$auto$proc_rom.cc:155:do_switch$30$rdmux[0][6][21]$a$302 [4:2] = 3'000
    Consolidated identical input bits for $mux cell $memory$auto$proc_rom.cc:155:do_switch$30$rdmux[0][7][41]$553:
      Old ports: A=5'00010, B=5'00011, Y=$memory$auto$proc_rom.cc:155:do_switch$30$rdmux[0][6][20]$b$300
      New ports: A=1'0, B=1'1, Y=$memory$auto$proc_rom.cc:155:do_switch$30$rdmux[0][6][20]$b$300 [0]
      New connections: $memory$auto$proc_rom.cc:155:do_switch$30$rdmux[0][6][20]$b$300 [4:1] = 4'0001
    Consolidated identical input bits for $mux cell $memory$auto$proc_rom.cc:155:do_switch$30$rdmux[0][7][40]$550:
      Old ports: A=5'00000, B=5'00001, Y=$memory$auto$proc_rom.cc:155:do_switch$30$rdmux[0][6][20]$a$299
      New ports: A=1'0, B=1'1, Y=$memory$auto$proc_rom.cc:155:do_switch$30$rdmux[0][6][20]$a$299 [0]
      New connections: $memory$auto$proc_rom.cc:155:do_switch$30$rdmux[0][6][20]$a$299 [4:1] = 4'0000
    Consolidated identical input bits for $mux cell $memory$auto$proc_rom.cc:155:do_switch$34$rdmux[0][7][92]$1471:
      Old ports: A=5'00100, B=5'00111, Y=$memory$auto$proc_rom.cc:155:do_switch$34$rdmux[0][6][46]$a$1142
      New ports: A=1'0, B=1'1, Y=$memory$auto$proc_rom.cc:155:do_switch$34$rdmux[0][6][46]$a$1142 [0]
      New connections: $memory$auto$proc_rom.cc:155:do_switch$34$rdmux[0][6][46]$a$1142 [4:1] = { 3'001 $memory$auto$proc_rom.cc:155:do_switch$34$rdmux[0][6][46]$a$1142 [0] }
    Consolidated identical input bits for $mux cell $memory$auto$proc_rom.cc:155:do_switch$34$rdmux[0][7][104]$1507:
      Old ports: A=5'00000, B=5'00001, Y=$memory$auto$proc_rom.cc:155:do_switch$34$rdmux[0][6][52]$a$1160
      New ports: A=1'0, B=1'1, Y=$memory$auto$proc_rom.cc:155:do_switch$34$rdmux[0][6][52]$a$1160 [0]
      New connections: $memory$auto$proc_rom.cc:155:do_switch$34$rdmux[0][6][52]$a$1160 [4:1] = 4'0000
    Consolidated identical input bits for $mux cell $memory$auto$proc_rom.cc:155:do_switch$34$rdmux[0][7][61]$1378:
      Old ports: A=5'01000, B=5'01011, Y=$memory$auto$proc_rom.cc:155:do_switch$34$rdmux[0][6][30]$b$1095
      New ports: A=1'0, B=1'1, Y=$memory$auto$proc_rom.cc:155:do_switch$34$rdmux[0][6][30]$b$1095 [0]
      New connections: $memory$auto$proc_rom.cc:155:do_switch$34$rdmux[0][6][30]$b$1095 [4:1] = { 3'010 $memory$auto$proc_rom.cc:155:do_switch$34$rdmux[0][6][30]$b$1095 [0] }
    Consolidated identical input bits for $mux cell $memory$auto$proc_rom.cc:155:do_switch$26$rdmux[0][5][0]$1672:
      Old ports: A=7'0000000, B=7'0101000, Y=$memory$auto$proc_rom.cc:155:do_switch$26$rdmux[0][4][0]$a$1625
      New ports: A=1'0, B=1'1, Y=$memory$auto$proc_rom.cc:155:do_switch$26$rdmux[0][4][0]$a$1625 [3]
      New connections: { $memory$auto$proc_rom.cc:155:do_switch$26$rdmux[0][4][0]$a$1625 [6:4] $memory$auto$proc_rom.cc:155:do_switch$26$rdmux[0][4][0]$a$1625 [2:0] } = { 1'0 $memory$auto$proc_rom.cc:155:do_switch$26$rdmux[0][4][0]$a$1625 [3] 4'0000 }
    Consolidated identical input bits for $mux cell $memory$auto$proc_rom.cc:155:do_switch$26$rdmux[0][5][2]$1678:
      Old ports: A=7'0111000, B=7'0111010, Y=$memory$auto$proc_rom.cc:155:do_switch$26$rdmux[0][4][1]$a$1628
      New ports: A=1'0, B=1'1, Y=$memory$auto$proc_rom.cc:155:do_switch$26$rdmux[0][4][1]$a$1628 [1]
      New connections: { $memory$auto$proc_rom.cc:155:do_switch$26$rdmux[0][4][1]$a$1628 [6:2] $memory$auto$proc_rom.cc:155:do_switch$26$rdmux[0][4][1]$a$1628 [0] } = 6'011100
    Consolidated identical input bits for $mux cell $memory$auto$proc_rom.cc:155:do_switch$26$rdmux[0][5][3]$1681:
      Old ports: A=7'0111100, B=7'0111110, Y=$memory$auto$proc_rom.cc:155:do_switch$26$rdmux[0][4][1]$b$1629
      New ports: A=1'0, B=1'1, Y=$memory$auto$proc_rom.cc:155:do_switch$26$rdmux[0][4][1]$b$1629 [1]
      New connections: { $memory$auto$proc_rom.cc:155:do_switch$26$rdmux[0][4][1]$b$1629 [6:2] $memory$auto$proc_rom.cc:155:do_switch$26$rdmux[0][4][1]$b$1629 [0] } = 6'011110
    Consolidated identical input bits for $mux cell $memory$auto$proc_rom.cc:155:do_switch$26$rdmux[0][5][5]$1687:
      Old ports: A=7'1000010, B=7'1000011, Y=$memory$auto$proc_rom.cc:155:do_switch$26$rdmux[0][4][2]$b$1632
      New ports: A=1'0, B=1'1, Y=$memory$auto$proc_rom.cc:155:do_switch$26$rdmux[0][4][2]$b$1632 [0]
      New connections: $memory$auto$proc_rom.cc:155:do_switch$26$rdmux[0][4][2]$b$1632 [6:1] = 6'100001
    Consolidated identical input bits for $mux cell $memory$auto$proc_rom.cc:155:do_switch$26$rdmux[0][5][6]$1690:
      Old ports: A=7'1000100, B=7'1000101, Y=$memory$auto$proc_rom.cc:155:do_switch$26$rdmux[0][4][3]$a$1634
      New ports: A=1'0, B=1'1, Y=$memory$auto$proc_rom.cc:155:do_switch$26$rdmux[0][4][3]$a$1634 [0]
      New connections: $memory$auto$proc_rom.cc:155:do_switch$26$rdmux[0][4][3]$a$1634 [6:1] = 6'100010
    Consolidated identical input bits for $mux cell $memory$auto$proc_rom.cc:155:do_switch$30$rdmux[0][7][31]$523:
      Old ports: A=5'00110, B=5'01001, Y=$memory$auto$proc_rom.cc:155:do_switch$30$rdmux[0][6][15]$b$285
      New ports: A=2'10, B=2'01, Y=$memory$auto$proc_rom.cc:155:do_switch$30$rdmux[0][6][15]$b$285 [1:0]
      New connections: $memory$auto$proc_rom.cc:155:do_switch$30$rdmux[0][6][15]$b$285 [4:2] = { 1'0 $memory$auto$proc_rom.cc:155:do_switch$30$rdmux[0][6][15]$b$285 [0] $memory$auto$proc_rom.cc:155:do_switch$30$rdmux[0][6][15]$b$285 [1] }
    Consolidated identical input bits for $mux cell $memory$auto$proc_rom.cc:155:do_switch$30$rdmux[0][7][30]$520:
      Old ports: A=5'00000, B=5'00011, Y=$memory$auto$proc_rom.cc:155:do_switch$30$rdmux[0][6][15]$a$284
      New ports: A=1'0, B=1'1, Y=$memory$auto$proc_rom.cc:155:do_switch$30$rdmux[0][6][15]$a$284 [0]
      New connections: $memory$auto$proc_rom.cc:155:do_switch$30$rdmux[0][6][15]$a$284 [4:1] = { 3'000 $memory$auto$proc_rom.cc:155:do_switch$30$rdmux[0][6][15]$a$284 [0] }
    Consolidated identical input bits for $mux cell $memory$auto$proc_rom.cc:155:do_switch$30$rdmux[0][7][29]$517:
      Old ports: A=5'00110, B=5'01001, Y=$memory$auto$proc_rom.cc:155:do_switch$30$rdmux[0][6][14]$b$282
      New ports: A=2'10, B=2'01, Y=$memory$auto$proc_rom.cc:155:do_switch$30$rdmux[0][6][14]$b$282 [1:0]
      New connections: $memory$auto$proc_rom.cc:155:do_switch$30$rdmux[0][6][14]$b$282 [4:2] = { 1'0 $memory$auto$proc_rom.cc:155:do_switch$30$rdmux[0][6][14]$b$282 [0] $memory$auto$proc_rom.cc:155:do_switch$30$rdmux[0][6][14]$b$282 [1] }
    Consolidated identical input bits for $mux cell $memory$auto$proc_rom.cc:155:do_switch$30$rdmux[0][7][28]$514:
      Old ports: A=5'00000, B=5'00011, Y=$memory$auto$proc_rom.cc:155:do_switch$30$rdmux[0][6][14]$a$281
      New ports: A=1'0, B=1'1, Y=$memory$auto$proc_rom.cc:155:do_switch$30$rdmux[0][6][14]$a$281 [0]
      New connections: $memory$auto$proc_rom.cc:155:do_switch$30$rdmux[0][6][14]$a$281 [4:1] = { 3'000 $memory$auto$proc_rom.cc:155:do_switch$30$rdmux[0][6][14]$a$281 [0] }
    Consolidated identical input bits for $mux cell $memory$auto$proc_rom.cc:155:do_switch$30$rdmux[0][7][27]$511:
      Old ports: A=5'00110, B=5'01001, Y=$memory$auto$proc_rom.cc:155:do_switch$30$rdmux[0][6][13]$b$279
      New ports: A=2'10, B=2'01, Y=$memory$auto$proc_rom.cc:155:do_switch$30$rdmux[0][6][13]$b$279 [1:0]
      New connections: $memory$auto$proc_rom.cc:155:do_switch$30$rdmux[0][6][13]$b$279 [4:2] = { 1'0 $memory$auto$proc_rom.cc:155:do_switch$30$rdmux[0][6][13]$b$279 [0] $memory$auto$proc_rom.cc:155:do_switch$30$rdmux[0][6][13]$b$279 [1] }
    Consolidated identical input bits for $mux cell $memory$auto$proc_rom.cc:155:do_switch$30$rdmux[0][7][26]$508:
      Old ports: A=5'00000, B=5'00011, Y=$memory$auto$proc_rom.cc:155:do_switch$30$rdmux[0][6][13]$a$278
      New ports: A=1'0, B=1'1, Y=$memory$auto$proc_rom.cc:155:do_switch$30$rdmux[0][6][13]$a$278 [0]
      New connections: $memory$auto$proc_rom.cc:155:do_switch$30$rdmux[0][6][13]$a$278 [4:1] = { 3'000 $memory$auto$proc_rom.cc:155:do_switch$30$rdmux[0][6][13]$a$278 [0] }
    Consolidated identical input bits for $mux cell $memory$auto$proc_rom.cc:155:do_switch$30$rdmux[0][7][25]$505:
      Old ports: A=5'00110, B=5'01001, Y=$memory$auto$proc_rom.cc:155:do_switch$30$rdmux[0][6][12]$b$276
      New ports: A=2'10, B=2'01, Y=$memory$auto$proc_rom.cc:155:do_switch$30$rdmux[0][6][12]$b$276 [1:0]
      New connections: $memory$auto$proc_rom.cc:155:do_switch$30$rdmux[0][6][12]$b$276 [4:2] = { 1'0 $memory$auto$proc_rom.cc:155:do_switch$30$rdmux[0][6][12]$b$276 [0] $memory$auto$proc_rom.cc:155:do_switch$30$rdmux[0][6][12]$b$276 [1] }
    Consolidated identical input bits for $mux cell $memory$auto$proc_rom.cc:155:do_switch$30$rdmux[0][7][24]$502:
      Old ports: A=5'00000, B=5'00011, Y=$memory$auto$proc_rom.cc:155:do_switch$30$rdmux[0][6][12]$a$275
      New ports: A=1'0, B=1'1, Y=$memory$auto$proc_rom.cc:155:do_switch$30$rdmux[0][6][12]$a$275 [0]
      New connections: $memory$auto$proc_rom.cc:155:do_switch$30$rdmux[0][6][12]$a$275 [4:1] = { 3'000 $memory$auto$proc_rom.cc:155:do_switch$30$rdmux[0][6][12]$a$275 [0] }
    Consolidated identical input bits for $mux cell $memory$auto$proc_rom.cc:155:do_switch$30$rdmux[0][7][23]$499:
      Old ports: A=5'00100, B=5'00110, Y=$memory$auto$proc_rom.cc:155:do_switch$30$rdmux[0][6][11]$b$273
      New ports: A=1'0, B=1'1, Y=$memory$auto$proc_rom.cc:155:do_switch$30$rdmux[0][6][11]$b$273 [1]
      New connections: { $memory$auto$proc_rom.cc:155:do_switch$30$rdmux[0][6][11]$b$273 [4:2] $memory$auto$proc_rom.cc:155:do_switch$30$rdmux[0][6][11]$b$273 [0] } = 4'0010
    Consolidated identical input bits for $mux cell $memory$auto$proc_rom.cc:155:do_switch$30$rdmux[0][7][22]$496:
      Old ports: A=5'00000, B=5'00010, Y=$memory$auto$proc_rom.cc:155:do_switch$30$rdmux[0][6][11]$a$272
      New ports: A=1'0, B=1'1, Y=$memory$auto$proc_rom.cc:155:do_switch$30$rdmux[0][6][11]$a$272 [1]
      New connections: { $memory$auto$proc_rom.cc:155:do_switch$30$rdmux[0][6][11]$a$272 [4:2] $memory$auto$proc_rom.cc:155:do_switch$30$rdmux[0][6][11]$a$272 [0] } = 4'0000
    Consolidated identical input bits for $mux cell $memory$auto$proc_rom.cc:155:do_switch$30$rdmux[0][7][21]$493:
      Old ports: A=5'00100, B=5'00110, Y=$memory$auto$proc_rom.cc:155:do_switch$30$rdmux[0][6][10]$b$270
      New ports: A=1'0, B=1'1, Y=$memory$auto$proc_rom.cc:155:do_switch$30$rdmux[0][6][10]$b$270 [1]
      New connections: { $memory$auto$proc_rom.cc:155:do_switch$30$rdmux[0][6][10]$b$270 [4:2] $memory$auto$proc_rom.cc:155:do_switch$30$rdmux[0][6][10]$b$270 [0] } = 4'0010
    Consolidated identical input bits for $mux cell $memory$auto$proc_rom.cc:155:do_switch$30$rdmux[0][7][20]$490:
      Old ports: A=5'00000, B=5'00010, Y=$memory$auto$proc_rom.cc:155:do_switch$30$rdmux[0][6][10]$a$269
      New ports: A=1'0, B=1'1, Y=$memory$auto$proc_rom.cc:155:do_switch$30$rdmux[0][6][10]$a$269 [1]
      New connections: { $memory$auto$proc_rom.cc:155:do_switch$30$rdmux[0][6][10]$a$269 [4:2] $memory$auto$proc_rom.cc:155:do_switch$30$rdmux[0][6][10]$a$269 [0] } = 4'0000
    Consolidated identical input bits for $mux cell $memory$auto$proc_rom.cc:155:do_switch$30$rdmux[0][7][19]$487:
      Old ports: A=5'00100, B=5'00110, Y=$memory$auto$proc_rom.cc:155:do_switch$30$rdmux[0][6][9]$b$267
      New ports: A=1'0, B=1'1, Y=$memory$auto$proc_rom.cc:155:do_switch$30$rdmux[0][6][9]$b$267 [1]
      New connections: { $memory$auto$proc_rom.cc:155:do_switch$30$rdmux[0][6][9]$b$267 [4:2] $memory$auto$proc_rom.cc:155:do_switch$30$rdmux[0][6][9]$b$267 [0] } = 4'0010
    Consolidated identical input bits for $mux cell $memory$auto$proc_rom.cc:155:do_switch$30$rdmux[0][7][18]$484:
      Old ports: A=5'00000, B=5'00010, Y=$memory$auto$proc_rom.cc:155:do_switch$30$rdmux[0][6][9]$a$266
      New ports: A=1'0, B=1'1, Y=$memory$auto$proc_rom.cc:155:do_switch$30$rdmux[0][6][9]$a$266 [1]
      New connections: { $memory$auto$proc_rom.cc:155:do_switch$30$rdmux[0][6][9]$a$266 [4:2] $memory$auto$proc_rom.cc:155:do_switch$30$rdmux[0][6][9]$a$266 [0] } = 4'0000
    Consolidated identical input bits for $mux cell $memory$auto$proc_rom.cc:155:do_switch$30$rdmux[0][7][17]$481:
      Old ports: A=5'00100, B=5'00110, Y=$memory$auto$proc_rom.cc:155:do_switch$30$rdmux[0][6][8]$b$264
      New ports: A=1'0, B=1'1, Y=$memory$auto$proc_rom.cc:155:do_switch$30$rdmux[0][6][8]$b$264 [1]
      New connections: { $memory$auto$proc_rom.cc:155:do_switch$30$rdmux[0][6][8]$b$264 [4:2] $memory$auto$proc_rom.cc:155:do_switch$30$rdmux[0][6][8]$b$264 [0] } = 4'0010
    Consolidated identical input bits for $mux cell $memory$auto$proc_rom.cc:155:do_switch$30$rdmux[0][7][16]$478:
      Old ports: A=5'00000, B=5'00010, Y=$memory$auto$proc_rom.cc:155:do_switch$30$rdmux[0][6][8]$a$263
      New ports: A=1'0, B=1'1, Y=$memory$auto$proc_rom.cc:155:do_switch$30$rdmux[0][6][8]$a$263 [1]
      New connections: { $memory$auto$proc_rom.cc:155:do_switch$30$rdmux[0][6][8]$a$263 [4:2] $memory$auto$proc_rom.cc:155:do_switch$30$rdmux[0][6][8]$a$263 [0] } = 4'0000
    Consolidated identical input bits for $mux cell $memory$auto$proc_rom.cc:155:do_switch$30$rdmux[0][7][15]$475:
      Old ports: A=5'00010, B=5'00011, Y=$memory$auto$proc_rom.cc:155:do_switch$30$rdmux[0][6][7]$b$261
      New ports: A=1'0, B=1'1, Y=$memory$auto$proc_rom.cc:155:do_switch$30$rdmux[0][6][7]$b$261 [0]
      New connections: $memory$auto$proc_rom.cc:155:do_switch$30$rdmux[0][6][7]$b$261 [4:1] = 4'0001
    Consolidated identical input bits for $mux cell $memory$auto$proc_rom.cc:155:do_switch$30$rdmux[0][7][14]$472:
      Old ports: A=5'00000, B=5'00001, Y=$memory$auto$proc_rom.cc:155:do_switch$30$rdmux[0][6][7]$a$260
      New ports: A=1'0, B=1'1, Y=$memory$auto$proc_rom.cc:155:do_switch$30$rdmux[0][6][7]$a$260 [0]
      New connections: $memory$auto$proc_rom.cc:155:do_switch$30$rdmux[0][6][7]$a$260 [4:1] = 4'0000
    Consolidated identical input bits for $mux cell $memory$auto$proc_rom.cc:155:do_switch$30$rdmux[0][7][13]$469:
      Old ports: A=5'00010, B=5'00011, Y=$memory$auto$proc_rom.cc:155:do_switch$30$rdmux[0][6][6]$b$258
      New ports: A=1'0, B=1'1, Y=$memory$auto$proc_rom.cc:155:do_switch$30$rdmux[0][6][6]$b$258 [0]
      New connections: $memory$auto$proc_rom.cc:155:do_switch$30$rdmux[0][6][6]$b$258 [4:1] = 4'0001
    Consolidated identical input bits for $mux cell $memory$auto$proc_rom.cc:155:do_switch$30$rdmux[0][7][12]$466:
      Old ports: A=5'00000, B=5'00001, Y=$memory$auto$proc_rom.cc:155:do_switch$30$rdmux[0][6][6]$a$257
      New ports: A=1'0, B=1'1, Y=$memory$auto$proc_rom.cc:155:do_switch$30$rdmux[0][6][6]$a$257 [0]
      New connections: $memory$auto$proc_rom.cc:155:do_switch$30$rdmux[0][6][6]$a$257 [4:1] = 4'0000
    Consolidated identical input bits for $mux cell $memory$auto$proc_rom.cc:155:do_switch$30$rdmux[0][7][11]$463:
      Old ports: A=5'00010, B=5'00011, Y=$memory$auto$proc_rom.cc:155:do_switch$30$rdmux[0][6][5]$b$255
      New ports: A=1'0, B=1'1, Y=$memory$auto$proc_rom.cc:155:do_switch$30$rdmux[0][6][5]$b$255 [0]
      New connections: $memory$auto$proc_rom.cc:155:do_switch$30$rdmux[0][6][5]$b$255 [4:1] = 4'0001
    Consolidated identical input bits for $mux cell $memory$auto$proc_rom.cc:155:do_switch$30$rdmux[0][7][10]$460:
      Old ports: A=5'00000, B=5'00001, Y=$memory$auto$proc_rom.cc:155:do_switch$30$rdmux[0][6][5]$a$254
      New ports: A=1'0, B=1'1, Y=$memory$auto$proc_rom.cc:155:do_switch$30$rdmux[0][6][5]$a$254 [0]
      New connections: $memory$auto$proc_rom.cc:155:do_switch$30$rdmux[0][6][5]$a$254 [4:1] = 4'0000
    Consolidated identical input bits for $mux cell $memory$auto$proc_rom.cc:155:do_switch$30$rdmux[0][7][9]$457:
      Old ports: A=5'00010, B=5'00011, Y=$memory$auto$proc_rom.cc:155:do_switch$30$rdmux[0][6][4]$b$252
      New ports: A=1'0, B=1'1, Y=$memory$auto$proc_rom.cc:155:do_switch$30$rdmux[0][6][4]$b$252 [0]
      New connections: $memory$auto$proc_rom.cc:155:do_switch$30$rdmux[0][6][4]$b$252 [4:1] = 4'0001
    Consolidated identical input bits for $mux cell $memory$auto$proc_rom.cc:155:do_switch$30$rdmux[0][7][8]$454:
      Old ports: A=5'00000, B=5'00001, Y=$memory$auto$proc_rom.cc:155:do_switch$30$rdmux[0][6][4]$a$251
      New ports: A=1'0, B=1'1, Y=$memory$auto$proc_rom.cc:155:do_switch$30$rdmux[0][6][4]$a$251 [0]
      New connections: $memory$auto$proc_rom.cc:155:do_switch$30$rdmux[0][6][4]$a$251 [4:1] = 4'0000
    Consolidated identical input bits for $mux cell $memory$auto$proc_rom.cc:155:do_switch$34$rdmux[0][7][60]$1375:
      Old ports: A=5'00010, B=5'00101, Y=$memory$auto$proc_rom.cc:155:do_switch$34$rdmux[0][6][30]$a$1094
      New ports: A=2'10, B=2'01, Y=$memory$auto$proc_rom.cc:155:do_switch$34$rdmux[0][6][30]$a$1094 [1:0]
      New connections: $memory$auto$proc_rom.cc:155:do_switch$34$rdmux[0][6][30]$a$1094 [4:2] = { 2'00 $memory$auto$proc_rom.cc:155:do_switch$34$rdmux[0][6][30]$a$1094 [0] }
    Consolidated identical input bits for $mux cell $memory$auto$proc_rom.cc:155:do_switch$34$rdmux[0][7][78]$1429:
      Old ports: A=5'00110, B=5'00111, Y=$memory$auto$proc_rom.cc:155:do_switch$34$rdmux[0][6][39]$a$1121
      New ports: A=1'0, B=1'1, Y=$memory$auto$proc_rom.cc:155:do_switch$34$rdmux[0][6][39]$a$1121 [0]
      New connections: $memory$auto$proc_rom.cc:155:do_switch$34$rdmux[0][6][39]$a$1121 [4:1] = 4'0011
    Consolidated identical input bits for $mux cell $memory$auto$proc_rom.cc:155:do_switch$34$rdmux[0][7][81]$1438:
      Old ports: A=5'00100, B=5'00110, Y=$memory$auto$proc_rom.cc:155:do_switch$34$rdmux[0][6][40]$b$1125
      New ports: A=1'0, B=1'1, Y=$memory$auto$proc_rom.cc:155:do_switch$34$rdmux[0][6][40]$b$1125 [1]
      New connections: { $memory$auto$proc_rom.cc:155:do_switch$34$rdmux[0][6][40]$b$1125 [4:2] $memory$auto$proc_rom.cc:155:do_switch$34$rdmux[0][6][40]$b$1125 [0] } = 4'0010
    Consolidated identical input bits for $mux cell $memory$auto$proc_rom.cc:155:do_switch$34$rdmux[0][7][77]$1426:
      Old ports: A=5'00110, B=5'00111, Y=$memory$auto$proc_rom.cc:155:do_switch$34$rdmux[0][6][38]$b$1119
      New ports: A=1'0, B=1'1, Y=$memory$auto$proc_rom.cc:155:do_switch$34$rdmux[0][6][38]$b$1119 [0]
      New connections: $memory$auto$proc_rom.cc:155:do_switch$34$rdmux[0][6][38]$b$1119 [4:1] = 4'0011
    Consolidated identical input bits for $mux cell $memory$auto$proc_rom.cc:155:do_switch$34$rdmux[0][7][72]$1411:
      Old ports: A=5'00000, B=5'00001, Y=$memory$auto$proc_rom.cc:155:do_switch$34$rdmux[0][6][36]$a$1112
      New ports: A=1'0, B=1'1, Y=$memory$auto$proc_rom.cc:155:do_switch$34$rdmux[0][6][36]$a$1112 [0]
      New connections: $memory$auto$proc_rom.cc:155:do_switch$34$rdmux[0][6][36]$a$1112 [4:1] = 4'0000
    Consolidated identical input bits for $mux cell $memory$auto$proc_rom.cc:155:do_switch$34$rdmux[0][7][107]$1516:
      Old ports: A=5'00101, B=5'00110, Y=$memory$auto$proc_rom.cc:155:do_switch$34$rdmux[0][6][53]$b$1164
      New ports: A=2'01, B=2'10, Y=$memory$auto$proc_rom.cc:155:do_switch$34$rdmux[0][6][53]$b$1164 [1:0]
      New connections: $memory$auto$proc_rom.cc:155:do_switch$34$rdmux[0][6][53]$b$1164 [4:2] = 3'001
    Consolidated identical input bits for $mux cell $memory$auto$proc_rom.cc:155:do_switch$26$rdmux[0][5][7]$1693:
      Old ports: A=7'1000110, B=7'1000111, Y=$memory$auto$proc_rom.cc:155:do_switch$26$rdmux[0][4][3]$b$1635
      New ports: A=1'0, B=1'1, Y=$memory$auto$proc_rom.cc:155:do_switch$26$rdmux[0][4][3]$b$1635 [0]
      New connections: $memory$auto$proc_rom.cc:155:do_switch$26$rdmux[0][4][3]$b$1635 [6:1] = 6'100011
    Consolidated identical input bits for $mux cell $memory$auto$proc_rom.cc:155:do_switch$34$rdmux[0][7][85]$1450:
      Old ports: A=5'01000, B=5'01010, Y=$memory$auto$proc_rom.cc:155:do_switch$34$rdmux[0][6][42]$b$1131
      New ports: A=1'0, B=1'1, Y=$memory$auto$proc_rom.cc:155:do_switch$34$rdmux[0][6][42]$b$1131 [1]
      New connections: { $memory$auto$proc_rom.cc:155:do_switch$34$rdmux[0][6][42]$b$1131 [4:2] $memory$auto$proc_rom.cc:155:do_switch$34$rdmux[0][6][42]$b$1131 [0] } = 4'0100
    Consolidated identical input bits for $mux cell $memory$auto$proc_rom.cc:155:do_switch$26$rdmux[0][5][13]$1711:
      Old ports: A=7'1001101, B=7'1001110, Y=$memory$auto$proc_rom.cc:155:do_switch$26$rdmux[0][4][6]$b$1644
      New ports: A=2'01, B=2'10, Y=$memory$auto$proc_rom.cc:155:do_switch$26$rdmux[0][4][6]$b$1644 [1:0]
      New connections: $memory$auto$proc_rom.cc:155:do_switch$26$rdmux[0][4][6]$b$1644 [6:2] = 5'10011
    Consolidated identical input bits for $mux cell $memory$auto$proc_rom.cc:155:do_switch$34$rdmux[0][7][82]$1441:
      Old ports: A=5'00010, B=5'00100, Y=$memory$auto$proc_rom.cc:155:do_switch$34$rdmux[0][6][41]$a$1127
      New ports: A=2'01, B=2'10, Y=$memory$auto$proc_rom.cc:155:do_switch$34$rdmux[0][6][41]$a$1127 [2:1]
      New connections: { $memory$auto$proc_rom.cc:155:do_switch$34$rdmux[0][6][41]$a$1127 [4:3] $memory$auto$proc_rom.cc:155:do_switch$34$rdmux[0][6][41]$a$1127 [0] } = 3'000
    Consolidated identical input bits for $mux cell $memory$auto$proc_rom.cc:155:do_switch$34$rdmux[0][7][75]$1420:
      Old ports: A=5'00100, B=5'00101, Y=$memory$auto$proc_rom.cc:155:do_switch$34$rdmux[0][6][37]$b$1116
      New ports: A=1'0, B=1'1, Y=$memory$auto$proc_rom.cc:155:do_switch$34$rdmux[0][6][37]$b$1116 [0]
      New connections: $memory$auto$proc_rom.cc:155:do_switch$34$rdmux[0][6][37]$b$1116 [4:1] = 4'0010
    Consolidated identical input bits for $mux cell $memory$auto$proc_rom.cc:155:do_switch$34$rdmux[0][7][110]$1525:
      Old ports: A=5'01001, B=5'01010, Y=$memory$auto$proc_rom.cc:155:do_switch$34$rdmux[0][6][55]$a$1169
      New ports: A=2'01, B=2'10, Y=$memory$auto$proc_rom.cc:155:do_switch$34$rdmux[0][6][55]$a$1169 [1:0]
      New connections: $memory$auto$proc_rom.cc:155:do_switch$34$rdmux[0][6][55]$a$1169 [4:2] = 3'010
    Consolidated identical input bits for $mux cell $memory$auto$proc_rom.cc:155:do_switch$26$rdmux[0][5][1]$1675:
      Old ports: A=7'0110000, B=7'0110100, Y=$memory$auto$proc_rom.cc:155:do_switch$26$rdmux[0][4][0]$b$1626
      New ports: A=1'0, B=1'1, Y=$memory$auto$proc_rom.cc:155:do_switch$26$rdmux[0][4][0]$b$1626 [2]
      New connections: { $memory$auto$proc_rom.cc:155:do_switch$26$rdmux[0][4][0]$b$1626 [6:3] $memory$auto$proc_rom.cc:155:do_switch$26$rdmux[0][4][0]$b$1626 [1:0] } = 6'011000
    Consolidated identical input bits for $mux cell $memory$auto$proc_rom.cc:155:do_switch$26$rdmux[0][5][4]$1684:
      Old ports: A=7'1000000, B=7'1000001, Y=$memory$auto$proc_rom.cc:155:do_switch$26$rdmux[0][4][2]$a$1631
      New ports: A=1'0, B=1'1, Y=$memory$auto$proc_rom.cc:155:do_switch$26$rdmux[0][4][2]$a$1631 [0]
      New connections: $memory$auto$proc_rom.cc:155:do_switch$26$rdmux[0][4][2]$a$1631 [6:1] = 6'100000
    Consolidated identical input bits for $mux cell $memory$auto$proc_rom.cc:155:do_switch$34$rdmux[0][7][106]$1513:
      Old ports: A=5'00011, B=5'00100, Y=$memory$auto$proc_rom.cc:155:do_switch$34$rdmux[0][6][53]$a$1163
      New ports: A=2'01, B=2'10, Y={ $memory$auto$proc_rom.cc:155:do_switch$34$rdmux[0][6][53]$a$1163 [2] $memory$auto$proc_rom.cc:155:do_switch$34$rdmux[0][6][53]$a$1163 [0] }
      New connections: { $memory$auto$proc_rom.cc:155:do_switch$34$rdmux[0][6][53]$a$1163 [4:3] $memory$auto$proc_rom.cc:155:do_switch$34$rdmux[0][6][53]$a$1163 [1] } = { 2'00 $memory$auto$proc_rom.cc:155:do_switch$34$rdmux[0][6][53]$a$1163 [0] }
    Consolidated identical input bits for $mux cell $memory$auto$proc_rom.cc:155:do_switch$30$rdmux[0][5][25]$217:
      Old ports: A=5'00110, B=5'01001, Y=$memory$auto$proc_rom.cc:155:do_switch$30$rdmux[0][4][12]$b$132
      New ports: A=2'10, B=2'01, Y=$memory$auto$proc_rom.cc:155:do_switch$30$rdmux[0][4][12]$b$132 [1:0]
      New connections: $memory$auto$proc_rom.cc:155:do_switch$30$rdmux[0][4][12]$b$132 [4:2] = { 1'0 $memory$auto$proc_rom.cc:155:do_switch$30$rdmux[0][4][12]$b$132 [0] $memory$auto$proc_rom.cc:155:do_switch$30$rdmux[0][4][12]$b$132 [1] }
    Consolidated identical input bits for $mux cell $memory$auto$proc_rom.cc:155:do_switch$30$rdmux[0][5][24]$214:
      Old ports: A=5'00000, B=5'00011, Y=$memory$auto$proc_rom.cc:155:do_switch$30$rdmux[0][4][12]$a$131
      New ports: A=1'0, B=1'1, Y=$memory$auto$proc_rom.cc:155:do_switch$30$rdmux[0][4][12]$a$131 [0]
      New connections: $memory$auto$proc_rom.cc:155:do_switch$30$rdmux[0][4][12]$a$131 [4:1] = { 3'000 $memory$auto$proc_rom.cc:155:do_switch$30$rdmux[0][4][12]$a$131 [0] }
    Consolidated identical input bits for $mux cell $memory$auto$proc_rom.cc:155:do_switch$30$rdmux[0][5][17]$193:
      Old ports: A=5'00100, B=5'00110, Y=$memory$auto$proc_rom.cc:155:do_switch$30$rdmux[0][4][8]$b$120
      New ports: A=1'0, B=1'1, Y=$memory$auto$proc_rom.cc:155:do_switch$30$rdmux[0][4][8]$b$120 [1]
      New connections: { $memory$auto$proc_rom.cc:155:do_switch$30$rdmux[0][4][8]$b$120 [4:2] $memory$auto$proc_rom.cc:155:do_switch$30$rdmux[0][4][8]$b$120 [0] } = 4'0010
    Consolidated identical input bits for $mux cell $memory$auto$proc_rom.cc:155:do_switch$30$rdmux[0][5][16]$190:
      Old ports: A=5'00000, B=5'00010, Y=$memory$auto$proc_rom.cc:155:do_switch$30$rdmux[0][4][8]$a$119
      New ports: A=1'0, B=1'1, Y=$memory$auto$proc_rom.cc:155:do_switch$30$rdmux[0][4][8]$a$119 [1]
      New connections: { $memory$auto$proc_rom.cc:155:do_switch$30$rdmux[0][4][8]$a$119 [4:2] $memory$auto$proc_rom.cc:155:do_switch$30$rdmux[0][4][8]$a$119 [0] } = 4'0000
    Consolidated identical input bits for $mux cell $memory$auto$proc_rom.cc:155:do_switch$30$rdmux[0][5][9]$169:
      Old ports: A=5'00010, B=5'00011, Y=$memory$auto$proc_rom.cc:155:do_switch$30$rdmux[0][4][4]$b$108
      New ports: A=1'0, B=1'1, Y=$memory$auto$proc_rom.cc:155:do_switch$30$rdmux[0][4][4]$b$108 [0]
      New connections: $memory$auto$proc_rom.cc:155:do_switch$30$rdmux[0][4][4]$b$108 [4:1] = 4'0001
    Consolidated identical input bits for $mux cell $memory$auto$proc_rom.cc:155:do_switch$30$rdmux[0][5][8]$166:
      Old ports: A=5'00000, B=5'00001, Y=$memory$auto$proc_rom.cc:155:do_switch$30$rdmux[0][4][4]$a$107
      New ports: A=1'0, B=1'1, Y=$memory$auto$proc_rom.cc:155:do_switch$30$rdmux[0][4][4]$a$107 [0]
      New connections: $memory$auto$proc_rom.cc:155:do_switch$30$rdmux[0][4][4]$a$107 [4:1] = 4'0000
    Consolidated identical input bits for $mux cell $memory$auto$proc_rom.cc:155:do_switch$34$rdmux[0][7][74]$1417:
      Old ports: A=5'00010, B=5'00011, Y=$memory$auto$proc_rom.cc:155:do_switch$34$rdmux[0][6][37]$a$1115
      New ports: A=1'0, B=1'1, Y=$memory$auto$proc_rom.cc:155:do_switch$34$rdmux[0][6][37]$a$1115 [0]
      New connections: $memory$auto$proc_rom.cc:155:do_switch$34$rdmux[0][6][37]$a$1115 [4:1] = 4'0001
    Consolidated identical input bits for $mux cell $memory$auto$proc_rom.cc:155:do_switch$30$rdmux[0][7][127]$811:
      Old ports: A=5'01111, B=5'10010, Y=$memory$auto$proc_rom.cc:155:do_switch$30$rdmux[0][6][63]$b$429
      New ports: A=2'01, B=2'10, Y={ $memory$auto$proc_rom.cc:155:do_switch$30$rdmux[0][6][63]$b$429 [4] $memory$auto$proc_rom.cc:155:do_switch$30$rdmux[0][6][63]$b$429 [0] }
      New connections: $memory$auto$proc_rom.cc:155:do_switch$30$rdmux[0][6][63]$b$429 [3:1] = { $memory$auto$proc_rom.cc:155:do_switch$30$rdmux[0][6][63]$b$429 [0] $memory$auto$proc_rom.cc:155:do_switch$30$rdmux[0][6][63]$b$429 [0] 1'1 }
    Consolidated identical input bits for $mux cell $memory$auto$proc_rom.cc:155:do_switch$34$rdmux[0][7][127]$1576:
      Old ports: A=5'01111, B=5'10010, Y=$memory$auto$proc_rom.cc:155:do_switch$34$rdmux[0][6][63]$b$1194
      New ports: A=2'01, B=2'10, Y={ $memory$auto$proc_rom.cc:155:do_switch$34$rdmux[0][6][63]$b$1194 [4] $memory$auto$proc_rom.cc:155:do_switch$34$rdmux[0][6][63]$b$1194 [0] }
      New connections: $memory$auto$proc_rom.cc:155:do_switch$34$rdmux[0][6][63]$b$1194 [3:1] = { $memory$auto$proc_rom.cc:155:do_switch$34$rdmux[0][6][63]$b$1194 [0] $memory$auto$proc_rom.cc:155:do_switch$34$rdmux[0][6][63]$b$1194 [0] 1'1 }
    Consolidated identical input bits for $mux cell $memory$auto$proc_rom.cc:155:do_switch$34$rdmux[0][7][62]$1381:
      Old ports: A=5'00011, B=5'00110, Y=$memory$auto$proc_rom.cc:155:do_switch$34$rdmux[0][6][31]$a$1097
      New ports: A=2'01, B=2'10, Y={ $memory$auto$proc_rom.cc:155:do_switch$34$rdmux[0][6][31]$a$1097 [2] $memory$auto$proc_rom.cc:155:do_switch$34$rdmux[0][6][31]$a$1097 [0] }
      New connections: { $memory$auto$proc_rom.cc:155:do_switch$34$rdmux[0][6][31]$a$1097 [4:3] $memory$auto$proc_rom.cc:155:do_switch$34$rdmux[0][6][31]$a$1097 [1] } = 3'001
  Optimizing cells in module \ex252_semantic_u2_dot4_pairtable_qcase.
    Consolidated identical input bits for $mux cell $memory$auto$proc_rom.cc:155:do_switch$34$rdmux[0][6][62]$1189:
      Old ports: A=$memory$auto$proc_rom.cc:155:do_switch$34$rdmux[0][6][62]$a$1190, B=$memory$auto$proc_rom.cc:155:do_switch$34$rdmux[0][6][62]$b$1191, Y=$memory$auto$proc_rom.cc:155:do_switch$34$rdmux[0][5][31]$a$1001
      New ports: A={ $memory$auto$proc_rom.cc:155:do_switch$34$rdmux[0][6][62]$a$1190 [0] $memory$auto$proc_rom.cc:155:do_switch$34$rdmux[0][6][62]$a$1190 [1] $memory$auto$proc_rom.cc:155:do_switch$34$rdmux[0][6][62]$a$1190 [1:0] }, B={ 2'11 $memory$auto$proc_rom.cc:155:do_switch$34$rdmux[0][6][62]$b$1191 [0] $memory$auto$proc_rom.cc:155:do_switch$34$rdmux[0][6][62]$b$1191 [0] }, Y=$memory$auto$proc_rom.cc:155:do_switch$34$rdmux[0][5][31]$a$1001 [3:0]
      New connections: $memory$auto$proc_rom.cc:155:do_switch$34$rdmux[0][5][31]$a$1001 [4] = 1'0
    Consolidated identical input bits for $mux cell $memory$auto$proc_rom.cc:155:do_switch$34$rdmux[0][6][61]$1186:
      Old ports: A=$memory$auto$proc_rom.cc:155:do_switch$34$rdmux[0][6][61]$a$1187, B=$memory$auto$proc_rom.cc:155:do_switch$34$rdmux[0][6][61]$b$1188, Y=$memory$auto$proc_rom.cc:155:do_switch$34$rdmux[0][5][30]$b$999
      New ports: A={ 1'0 $memory$auto$proc_rom.cc:155:do_switch$34$rdmux[0][6][61]$a$1187 [2] 1'1 $memory$auto$proc_rom.cc:155:do_switch$34$rdmux[0][6][61]$a$1187 [0] }, B={ 1'1 $memory$auto$proc_rom.cc:155:do_switch$34$rdmux[0][6][61]$b$1188 [2] 1'0 $memory$auto$proc_rom.cc:155:do_switch$34$rdmux[0][6][61]$b$1188 [0] }, Y=$memory$auto$proc_rom.cc:155:do_switch$34$rdmux[0][5][30]$b$999 [3:0]
      New connections: $memory$auto$proc_rom.cc:155:do_switch$34$rdmux[0][5][30]$b$999 [4] = 1'0
    Consolidated identical input bits for $mux cell $memory$auto$proc_rom.cc:155:do_switch$34$rdmux[0][6][60]$1183:
      Old ports: A=$memory$auto$proc_rom.cc:155:do_switch$34$rdmux[0][6][60]$a$1184, B=$memory$auto$proc_rom.cc:155:do_switch$34$rdmux[0][6][60]$b$1185, Y=$memory$auto$proc_rom.cc:155:do_switch$34$rdmux[0][5][30]$a$998
      New ports: A={ 2'00 $memory$auto$proc_rom.cc:155:do_switch$34$rdmux[0][6][60]$a$1184 [0] $memory$auto$proc_rom.cc:155:do_switch$34$rdmux[0][6][60]$a$1184 [0] }, B={ $memory$auto$proc_rom.cc:155:do_switch$34$rdmux[0][6][60]$b$1185 [0] $memory$auto$proc_rom.cc:155:do_switch$34$rdmux[0][6][60]$b$1185 [1] $memory$auto$proc_rom.cc:155:do_switch$34$rdmux[0][6][60]$b$1185 [1:0] }, Y=$memory$auto$proc_rom.cc:155:do_switch$34$rdmux[0][5][30]$a$998 [3:0]
      New connections: $memory$auto$proc_rom.cc:155:do_switch$34$rdmux[0][5][30]$a$998 [4] = 1'0
    Consolidated identical input bits for $mux cell $memory$auto$proc_rom.cc:155:do_switch$34$rdmux[0][6][59]$1180:
      Old ports: A=$memory$auto$proc_rom.cc:155:do_switch$34$rdmux[0][6][59]$a$1181, B=$memory$auto$proc_rom.cc:155:do_switch$34$rdmux[0][6][59]$b$1182, Y=$memory$auto$proc_rom.cc:155:do_switch$34$rdmux[0][5][29]$b$996
      New ports: A={ 1'0 $memory$auto$proc_rom.cc:155:do_switch$34$rdmux[0][6][59]$a$1181 [1] }, B={ 1'1 $memory$auto$proc_rom.cc:155:do_switch$34$rdmux[0][6][59]$b$1182 [1] }, Y=$memory$auto$proc_rom.cc:155:do_switch$34$rdmux[0][5][29]$b$996 [2:1]
      New connections: { $memory$auto$proc_rom.cc:155:do_switch$34$rdmux[0][5][29]$b$996 [4:3] $memory$auto$proc_rom.cc:155:do_switch$34$rdmux[0][5][29]$b$996 [0] } = 3'011
    Consolidated identical input bits for $mux cell $memory$auto$proc_rom.cc:155:do_switch$34$rdmux[0][6][58]$1177:
      Old ports: A=$memory$auto$proc_rom.cc:155:do_switch$34$rdmux[0][6][58]$a$1178, B=$memory$auto$proc_rom.cc:155:do_switch$34$rdmux[0][6][58]$b$1179, Y=$memory$auto$proc_rom.cc:155:do_switch$34$rdmux[0][5][29]$a$995
      New ports: A={ $memory$auto$proc_rom.cc:155:do_switch$34$rdmux[0][6][58]$a$1178 [3] $memory$auto$proc_rom.cc:155:do_switch$34$rdmux[0][6][58]$a$1178 [1] $memory$auto$proc_rom.cc:155:do_switch$34$rdmux[0][6][58]$a$1178 [1] }, B={ 1'1 $memory$auto$proc_rom.cc:155:do_switch$34$rdmux[0][6][58]$b$1179 [2:1] }, Y=$memory$auto$proc_rom.cc:155:do_switch$34$rdmux[0][5][29]$a$995 [3:1]
      New connections: { $memory$auto$proc_rom.cc:155:do_switch$34$rdmux[0][5][29]$a$995 [4] $memory$auto$proc_rom.cc:155:do_switch$34$rdmux[0][5][29]$a$995 [0] } = 2'00
    Consolidated identical input bits for $mux cell $memory$auto$proc_rom.cc:155:do_switch$34$rdmux[0][6][57]$1174:
      Old ports: A=$memory$auto$proc_rom.cc:155:do_switch$34$rdmux[0][6][57]$a$1175, B=$memory$auto$proc_rom.cc:155:do_switch$34$rdmux[0][6][57]$b$1176, Y=$memory$auto$proc_rom.cc:155:do_switch$34$rdmux[0][5][28]$b$993
      New ports: A={ 1'0 $memory$auto$proc_rom.cc:155:do_switch$34$rdmux[0][6][57]$a$1175 [2:1] }, B={ $memory$auto$proc_rom.cc:155:do_switch$34$rdmux[0][6][57]$b$1176 [3] $memory$auto$proc_rom.cc:155:do_switch$34$rdmux[0][6][57]$b$1176 [1] $memory$auto$proc_rom.cc:155:do_switch$34$rdmux[0][6][57]$b$1176 [1] }, Y=$memory$auto$proc_rom.cc:155:do_switch$34$rdmux[0][5][28]$b$993 [3:1]
      New connections: { $memory$auto$proc_rom.cc:155:do_switch$34$rdmux[0][5][28]$b$993 [4] $memory$auto$proc_rom.cc:155:do_switch$34$rdmux[0][5][28]$b$993 [0] } = 2'01
    Consolidated identical input bits for $mux cell $memory$auto$proc_rom.cc:155:do_switch$34$rdmux[0][6][56]$1171:
      Old ports: A=$memory$auto$proc_rom.cc:155:do_switch$34$rdmux[0][6][56]$a$1172, B=$memory$auto$proc_rom.cc:155:do_switch$34$rdmux[0][6][56]$b$1173, Y=$memory$auto$proc_rom.cc:155:do_switch$34$rdmux[0][5][28]$a$992
      New ports: A={ 1'0 $memory$auto$proc_rom.cc:155:do_switch$34$rdmux[0][6][56]$a$1172 [1] }, B={ 1'1 $memory$auto$proc_rom.cc:155:do_switch$34$rdmux[0][6][56]$b$1173 [1] }, Y=$memory$auto$proc_rom.cc:155:do_switch$34$rdmux[0][5][28]$a$992 [2:1]
      New connections: { $memory$auto$proc_rom.cc:155:do_switch$34$rdmux[0][5][28]$a$992 [4:3] $memory$auto$proc_rom.cc:155:do_switch$34$rdmux[0][5][28]$a$992 [0] } = 3'000
    Consolidated identical input bits for $mux cell $memory$auto$proc_rom.cc:155:do_switch$34$rdmux[0][6][55]$1168:
      Old ports: A=$memory$auto$proc_rom.cc:155:do_switch$34$rdmux[0][6][55]$a$1169, B=$memory$auto$proc_rom.cc:155:do_switch$34$rdmux[0][6][55]$b$1170, Y=$memory$auto$proc_rom.cc:155:do_switch$34$rdmux[0][5][27]$b$990
      New ports: A={ 1'0 $memory$auto$proc_rom.cc:155:do_switch$34$rdmux[0][6][55]$a$1169 [1:0] }, B={ $memory$auto$proc_rom.cc:155:do_switch$34$rdmux[0][6][55]$b$1170 [2] $memory$auto$proc_rom.cc:155:do_switch$34$rdmux[0][6][55]$b$1170 [0] $memory$auto$proc_rom.cc:155:do_switch$34$rdmux[0][6][55]$b$1170 [0] }, Y=$memory$auto$proc_rom.cc:155:do_switch$34$rdmux[0][5][27]$b$990 [2:0]
      New connections: $memory$auto$proc_rom.cc:155:do_switch$34$rdmux[0][5][27]$b$990 [4:3] = 2'01
    Consolidated identical input bits for $mux cell $memory$auto$proc_rom.cc:155:do_switch$34$rdmux[0][6][54]$1165:
      Old ports: A=$memory$auto$proc_rom.cc:155:do_switch$34$rdmux[0][6][54]$a$1166, B=$memory$auto$proc_rom.cc:155:do_switch$34$rdmux[0][6][54]$b$1167, Y=$memory$auto$proc_rom.cc:155:do_switch$34$rdmux[0][5][27]$a$989
      New ports: A={ 2'01 $memory$auto$proc_rom.cc:155:do_switch$34$rdmux[0][6][54]$a$1166 [0] }, B={ 2'10 $memory$auto$proc_rom.cc:155:do_switch$34$rdmux[0][6][54]$b$1167 [0] }, Y={ $memory$auto$proc_rom.cc:155:do_switch$34$rdmux[0][5][27]$a$989 [3] $memory$auto$proc_rom.cc:155:do_switch$34$rdmux[0][5][27]$a$989 [1:0] }
      New connections: { $memory$auto$proc_rom.cc:155:do_switch$34$rdmux[0][5][27]$a$989 [4] $memory$auto$proc_rom.cc:155:do_switch$34$rdmux[0][5][27]$a$989 [2] } = { 1'0 $memory$auto$proc_rom.cc:155:do_switch$34$rdmux[0][5][27]$a$989 [1] }
    Consolidated identical input bits for $mux cell $memory$auto$proc_rom.cc:155:do_switch$34$rdmux[0][6][53]$1162:
      Old ports: A=$memory$auto$proc_rom.cc:155:do_switch$34$rdmux[0][6][53]$a$1163, B=$memory$auto$proc_rom.cc:155:do_switch$34$rdmux[0][6][53]$b$1164, Y=$memory$auto$proc_rom.cc:155:do_switch$34$rdmux[0][5][26]$b$987
      New ports: A={ $memory$auto$proc_rom.cc:155:do_switch$34$rdmux[0][6][53]$a$1163 [2] $memory$auto$proc_rom.cc:155:do_switch$34$rdmux[0][6][53]$a$1163 [0] $memory$auto$proc_rom.cc:155:do_switch$34$rdmux[0][6][53]$a$1163 [0] }, B={ 1'1 $memory$auto$proc_rom.cc:155:do_switch$34$rdmux[0][6][53]$b$1164 [1:0] }, Y=$memory$auto$proc_rom.cc:155:do_switch$34$rdmux[0][5][26]$b$987 [2:0]
      New connections: $memory$auto$proc_rom.cc:155:do_switch$34$rdmux[0][5][26]$b$987 [4:3] = 2'00
    Consolidated identical input bits for $mux cell $memory$auto$proc_rom.cc:155:do_switch$34$rdmux[0][6][52]$1159:
      Old ports: A=$memory$auto$proc_rom.cc:155:do_switch$34$rdmux[0][6][52]$a$1160, B=$memory$auto$proc_rom.cc:155:do_switch$34$rdmux[0][6][52]$b$1161, Y=$memory$auto$proc_rom.cc:155:do_switch$34$rdmux[0][5][26]$a$986
      New ports: A={ 1'0 $memory$auto$proc_rom.cc:155:do_switch$34$rdmux[0][6][52]$a$1160 [0] }, B={ 1'1 $memory$auto$proc_rom.cc:155:do_switch$34$rdmux[0][6][52]$b$1161 [0] }, Y=$memory$auto$proc_rom.cc:155:do_switch$34$rdmux[0][5][26]$a$986 [1:0]
      New connections: $memory$auto$proc_rom.cc:155:do_switch$34$rdmux[0][5][26]$a$986 [4:2] = 3'000
    Consolidated identical input bits for $mux cell $memory$auto$proc_rom.cc:155:do_switch$34$rdmux[0][6][47]$1144:
      Old ports: A=$memory$auto$proc_rom.cc:155:do_switch$34$rdmux[0][6][47]$a$1145, B=$memory$auto$proc_rom.cc:155:do_switch$34$rdmux[0][6][47]$b$1146, Y=$memory$auto$proc_rom.cc:155:do_switch$34$rdmux[0][5][23]$b$978
      New ports: A={ $memory$auto$proc_rom.cc:155:do_switch$34$rdmux[0][6][47]$a$1145 [0] $memory$auto$proc_rom.cc:155:do_switch$34$rdmux[0][6][47]$a$1145 [1] $memory$auto$proc_rom.cc:155:do_switch$34$rdmux[0][6][47]$a$1145 [1:0] }, B={ 2'11 $memory$auto$proc_rom.cc:155:do_switch$34$rdmux[0][6][47]$b$1146 [0] $memory$auto$proc_rom.cc:155:do_switch$34$rdmux[0][6][47]$b$1146 [0] }, Y=$memory$auto$proc_rom.cc:155:do_switch$34$rdmux[0][5][23]$b$978 [3:0]
      New connections: $memory$auto$proc_rom.cc:155:do_switch$34$rdmux[0][5][23]$b$978 [4] = 1'0
    Consolidated identical input bits for $mux cell $memory$auto$proc_rom.cc:155:do_switch$34$rdmux[0][6][46]$1141:
      Old ports: A=$memory$auto$proc_rom.cc:155:do_switch$34$rdmux[0][6][46]$a$1142, B=$memory$auto$proc_rom.cc:155:do_switch$34$rdmux[0][6][46]$b$1143, Y=$memory$auto$proc_rom.cc:155:do_switch$34$rdmux[0][5][23]$a$977
      New ports: A={ 2'01 $memory$auto$proc_rom.cc:155:do_switch$34$rdmux[0][6][46]$a$1142 [0] $memory$auto$proc_rom.cc:155:do_switch$34$rdmux[0][6][46]$a$1142 [0] }, B={ 1'1 $memory$auto$proc_rom.cc:155:do_switch$34$rdmux[0][6][46]$b$1143 [0] $memory$auto$proc_rom.cc:155:do_switch$34$rdmux[0][6][46]$b$1143 [1:0] }, Y=$memory$auto$proc_rom.cc:155:do_switch$34$rdmux[0][5][23]$a$977 [3:0]
      New connections: $memory$auto$proc_rom.cc:155:do_switch$34$rdmux[0][5][23]$a$977 [4] = 1'0
    Consolidated identical input bits for $mux cell $memory$auto$proc_rom.cc:155:do_switch$34$rdmux[0][6][45]$1138:
      Old ports: A=$memory$auto$proc_rom.cc:155:do_switch$34$rdmux[0][6][45]$a$1139, B=$memory$auto$proc_rom.cc:155:do_switch$34$rdmux[0][6][45]$b$1140, Y=$memory$auto$proc_rom.cc:155:do_switch$34$rdmux[0][5][22]$b$975
      New ports: A={ 1'0 $memory$auto$proc_rom.cc:155:do_switch$34$rdmux[0][6][45]$a$1139 [0] $memory$auto$proc_rom.cc:155:do_switch$34$rdmux[0][6][45]$a$1139 [1:0] }, B={ 2'10 $memory$auto$proc_rom.cc:155:do_switch$34$rdmux[0][6][45]$b$1140 [0] $memory$auto$proc_rom.cc:155:do_switch$34$rdmux[0][6][45]$b$1140 [0] }, Y=$memory$auto$proc_rom.cc:155:do_switch$34$rdmux[0][5][22]$b$975 [3:0]
      New connections: $memory$auto$proc_rom.cc:155:do_switch$34$rdmux[0][5][22]$b$975 [4] = 1'0
    Consolidated identical input bits for $mux cell $memory$auto$proc_rom.cc:155:do_switch$34$rdmux[0][6][44]$1135:
      Old ports: A=$memory$auto$proc_rom.cc:155:do_switch$34$rdmux[0][6][44]$a$1136, B=$memory$auto$proc_rom.cc:155:do_switch$34$rdmux[0][6][44]$b$1137, Y=$memory$auto$proc_rom.cc:155:do_switch$34$rdmux[0][5][22]$a$974
      New ports: A={ 2'00 $memory$auto$proc_rom.cc:155:do_switch$34$rdmux[0][6][44]$a$1136 [0] $memory$auto$proc_rom.cc:155:do_switch$34$rdmux[0][6][44]$a$1136 [0] }, B={ $memory$auto$proc_rom.cc:155:do_switch$34$rdmux[0][6][44]$b$1137 [0] $memory$auto$proc_rom.cc:155:do_switch$34$rdmux[0][6][44]$b$1137 [1] $memory$auto$proc_rom.cc:155:do_switch$34$rdmux[0][6][44]$b$1137 [1:0] }, Y=$memory$auto$proc_rom.cc:155:do_switch$34$rdmux[0][5][22]$a$974 [3:0]
      New connections: $memory$auto$proc_rom.cc:155:do_switch$34$rdmux[0][5][22]$a$974 [4] = 1'0
    Consolidated identical input bits for $mux cell $memory$auto$proc_rom.cc:155:do_switch$34$rdmux[0][6][43]$1132:
      Old ports: A=$memory$auto$proc_rom.cc:155:do_switch$34$rdmux[0][6][43]$a$1133, B=$memory$auto$proc_rom.cc:155:do_switch$34$rdmux[0][6][43]$b$1134, Y=$memory$auto$proc_rom.cc:155:do_switch$34$rdmux[0][5][21]$b$972
      New ports: A={ $memory$auto$proc_rom.cc:155:do_switch$34$rdmux[0][6][43]$a$1133 [3] $memory$auto$proc_rom.cc:155:do_switch$34$rdmux[0][6][43]$a$1133 [1] $memory$auto$proc_rom.cc:155:do_switch$34$rdmux[0][6][43]$a$1133 [1] }, B={ 1'1 $memory$auto$proc_rom.cc:155:do_switch$34$rdmux[0][6][43]$b$1134 [2:1] }, Y=$memory$auto$proc_rom.cc:155:do_switch$34$rdmux[0][5][21]$b$972 [3:1]
      New connections: { $memory$auto$proc_rom.cc:155:do_switch$34$rdmux[0][5][21]$b$972 [4] $memory$auto$proc_rom.cc:155:do_switch$34$rdmux[0][5][21]$b$972 [0] } = 2'00
    Consolidated identical input bits for $mux cell $memory$auto$proc_rom.cc:155:do_switch$34$rdmux[0][6][42]$1129:
      Old ports: A=$memory$auto$proc_rom.cc:155:do_switch$34$rdmux[0][6][42]$a$1130, B=$memory$auto$proc_rom.cc:155:do_switch$34$rdmux[0][6][42]$b$1131, Y=$memory$auto$proc_rom.cc:155:do_switch$34$rdmux[0][5][21]$a$971
      New ports: A={ 2'01 $memory$auto$proc_rom.cc:155:do_switch$34$rdmux[0][6][42]$a$1130 [1] }, B={ 2'10 $memory$auto$proc_rom.cc:155:do_switch$34$rdmux[0][6][42]$b$1131 [1] }, Y=$memory$auto$proc_rom.cc:155:do_switch$34$rdmux[0][5][21]$a$971 [3:1]
      New connections: { $memory$auto$proc_rom.cc:155:do_switch$34$rdmux[0][5][21]$a$971 [4] $memory$auto$proc_rom.cc:155:do_switch$34$rdmux[0][5][21]$a$971 [0] } = 2'00
    Consolidated identical input bits for $mux cell $memory$auto$proc_rom.cc:155:do_switch$34$rdmux[0][6][41]$1126:
      Old ports: A=$memory$auto$proc_rom.cc:155:do_switch$34$rdmux[0][6][41]$a$1127, B=$memory$auto$proc_rom.cc:155:do_switch$34$rdmux[0][6][41]$b$1128, Y=$memory$auto$proc_rom.cc:155:do_switch$34$rdmux[0][5][20]$b$969
      New ports: A={ 1'0 $memory$auto$proc_rom.cc:155:do_switch$34$rdmux[0][6][41]$a$1127 [2:1] }, B={ $memory$auto$proc_rom.cc:155:do_switch$34$rdmux[0][6][41]$b$1128 [3] $memory$auto$proc_rom.cc:155:do_switch$34$rdmux[0][6][41]$b$1128 [1] $memory$auto$proc_rom.cc:155:do_switch$34$rdmux[0][6][41]$b$1128 [1] }, Y=$memory$auto$proc_rom.cc:155:do_switch$34$rdmux[0][5][20]$b$969 [3:1]
      New connections: { $memory$auto$proc_rom.cc:155:do_switch$34$rdmux[0][5][20]$b$969 [4] $memory$auto$proc_rom.cc:155:do_switch$34$rdmux[0][5][20]$b$969 [0] } = 2'00
    Consolidated identical input bits for $mux cell $memory$auto$proc_rom.cc:155:do_switch$34$rdmux[0][6][40]$1123:
      Old ports: A=$memory$auto$proc_rom.cc:155:do_switch$34$rdmux[0][6][40]$a$1124, B=$memory$auto$proc_rom.cc:155:do_switch$34$rdmux[0][6][40]$b$1125, Y=$memory$auto$proc_rom.cc:155:do_switch$34$rdmux[0][5][20]$a$968
      New ports: A={ 1'0 $memory$auto$proc_rom.cc:155:do_switch$34$rdmux[0][6][40]$a$1124 [1] }, B={ 1'1 $memory$auto$proc_rom.cc:155:do_switch$34$rdmux[0][6][40]$b$1125 [1] }, Y=$memory$auto$proc_rom.cc:155:do_switch$34$rdmux[0][5][20]$a$968 [2:1]
      New connections: { $memory$auto$proc_rom.cc:155:do_switch$34$rdmux[0][5][20]$a$968 [4:3] $memory$auto$proc_rom.cc:155:do_switch$34$rdmux[0][5][20]$a$968 [0] } = 3'000
    Consolidated identical input bits for $mux cell $memory$auto$proc_rom.cc:155:do_switch$34$rdmux[0][6][39]$1120:
      Old ports: A=$memory$auto$proc_rom.cc:155:do_switch$34$rdmux[0][6][39]$a$1121, B=$memory$auto$proc_rom.cc:155:do_switch$34$rdmux[0][6][39]$b$1122, Y=$memory$auto$proc_rom.cc:155:do_switch$34$rdmux[0][5][19]$b$966
      New ports: A={ 2'01 $memory$auto$proc_rom.cc:155:do_switch$34$rdmux[0][6][39]$a$1121 [0] }, B={ 2'10 $memory$auto$proc_rom.cc:155:do_switch$34$rdmux[0][6][39]$b$1122 [0] }, Y={ $memory$auto$proc_rom.cc:155:do_switch$34$rdmux[0][5][19]$b$966 [3] $memory$auto$proc_rom.cc:155:do_switch$34$rdmux[0][5][19]$b$966 [1:0] }
      New connections: { $memory$auto$proc_rom.cc:155:do_switch$34$rdmux[0][5][19]$b$966 [4] $memory$auto$proc_rom.cc:155:do_switch$34$rdmux[0][5][19]$b$966 [2] } = { 1'0 $memory$auto$proc_rom.cc:155:do_switch$34$rdmux[0][5][19]$b$966 [1] }
    Consolidated identical input bits for $mux cell $memory$auto$proc_rom.cc:155:do_switch$34$rdmux[0][6][38]$1117:
      Old ports: A=$memory$auto$proc_rom.cc:155:do_switch$34$rdmux[0][6][38]$a$1118, B=$memory$auto$proc_rom.cc:155:do_switch$34$rdmux[0][6][38]$b$1119, Y=$memory$auto$proc_rom.cc:155:do_switch$34$rdmux[0][5][19]$a$965
      New ports: A={ 1'0 $memory$auto$proc_rom.cc:155:do_switch$34$rdmux[0][6][38]$a$1118 [0] }, B={ 1'1 $memory$auto$proc_rom.cc:155:do_switch$34$rdmux[0][6][38]$b$1119 [0] }, Y=$memory$auto$proc_rom.cc:155:do_switch$34$rdmux[0][5][19]$a$965 [1:0]
      New connections: $memory$auto$proc_rom.cc:155:do_switch$34$rdmux[0][5][19]$a$965 [4:2] = 3'001
    Consolidated identical input bits for $mux cell $memory$auto$proc_rom.cc:155:do_switch$34$rdmux[0][6][37]$1114:
      Old ports: A=$memory$auto$proc_rom.cc:155:do_switch$34$rdmux[0][6][37]$a$1115, B=$memory$auto$proc_rom.cc:155:do_switch$34$rdmux[0][6][37]$b$1116, Y=$memory$auto$proc_rom.cc:155:do_switch$34$rdmux[0][5][18]$b$963
      New ports: A={ 2'01 $memory$auto$proc_rom.cc:155:do_switch$34$rdmux[0][6][37]$a$1115 [0] }, B={ 2'10 $memory$auto$proc_rom.cc:155:do_switch$34$rdmux[0][6][37]$b$1116 [0] }, Y=$memory$auto$proc_rom.cc:155:do_switch$34$rdmux[0][5][18]$b$963 [2:0]
      New connections: $memory$auto$proc_rom.cc:155:do_switch$34$rdmux[0][5][18]$b$963 [4:3] = 2'00
    Consolidated identical input bits for $mux cell $memory$auto$proc_rom.cc:155:do_switch$34$rdmux[0][6][36]$1111:
      Old ports: A=$memory$auto$proc_rom.cc:155:do_switch$34$rdmux[0][6][36]$a$1112, B=$memory$auto$proc_rom.cc:155:do_switch$34$rdmux[0][6][36]$b$1113, Y=$memory$auto$proc_rom.cc:155:do_switch$34$rdmux[0][5][18]$a$962
      New ports: A={ 1'0 $memory$auto$proc_rom.cc:155:do_switch$34$rdmux[0][6][36]$a$1112 [0] }, B={ 1'1 $memory$auto$proc_rom.cc:155:do_switch$34$rdmux[0][6][36]$b$1113 [0] }, Y=$memory$auto$proc_rom.cc:155:do_switch$34$rdmux[0][5][18]$a$962 [1:0]
      New connections: $memory$auto$proc_rom.cc:155:do_switch$34$rdmux[0][5][18]$a$962 [4:2] = 3'000
    Consolidated identical input bits for $mux cell $memory$auto$proc_rom.cc:155:do_switch$34$rdmux[0][6][31]$1096:
      Old ports: A=$memory$auto$proc_rom.cc:155:do_switch$34$rdmux[0][6][31]$a$1097, B=$memory$auto$proc_rom.cc:155:do_switch$34$rdmux[0][6][31]$b$1098, Y=$memory$auto$proc_rom.cc:155:do_switch$34$rdmux[0][5][15]$b$954
      New ports: A={ 1'0 $memory$auto$proc_rom.cc:155:do_switch$34$rdmux[0][6][31]$a$1097 [2] 1'1 $memory$auto$proc_rom.cc:155:do_switch$34$rdmux[0][6][31]$a$1097 [0] }, B={ 1'1 $memory$auto$proc_rom.cc:155:do_switch$34$rdmux[0][6][31]$b$1098 [2] 1'0 $memory$auto$proc_rom.cc:155:do_switch$34$rdmux[0][6][31]$b$1098 [0] }, Y=$memory$auto$proc_rom.cc:155:do_switch$34$rdmux[0][5][15]$b$954 [3:0]
      New connections: $memory$auto$proc_rom.cc:155:do_switch$34$rdmux[0][5][15]$b$954 [4] = 1'0
    Consolidated identical input bits for $mux cell $memory$auto$proc_rom.cc:155:do_switch$34$rdmux[0][6][30]$1093:
      Old ports: A=$memory$auto$proc_rom.cc:155:do_switch$34$rdmux[0][6][30]$a$1094, B=$memory$auto$proc_rom.cc:155:do_switch$34$rdmux[0][6][30]$b$1095, Y=$memory$auto$proc_rom.cc:155:do_switch$34$rdmux[0][5][15]$a$953
      New ports: A={ 1'0 $memory$auto$proc_rom.cc:155:do_switch$34$rdmux[0][6][30]$a$1094 [0] $memory$auto$proc_rom.cc:155:do_switch$34$rdmux[0][6][30]$a$1094 [1:0] }, B={ 2'10 $memory$auto$proc_rom.cc:155:do_switch$34$rdmux[0][6][30]$b$1095 [0] $memory$auto$proc_rom.cc:155:do_switch$34$rdmux[0][6][30]$b$1095 [0] }, Y=$memory$auto$proc_rom.cc:155:do_switch$34$rdmux[0][5][15]$a$953 [3:0]
      New connections: $memory$auto$proc_rom.cc:155:do_switch$34$rdmux[0][5][15]$a$953 [4] = 1'0
    Consolidated identical input bits for $mux cell $memory$auto$proc_rom.cc:155:do_switch$34$rdmux[0][6][29]$1090:
      Old ports: A=$memory$auto$proc_rom.cc:155:do_switch$34$rdmux[0][6][29]$a$1091, B=$memory$auto$proc_rom.cc:155:do_switch$34$rdmux[0][6][29]$b$1092, Y=$memory$auto$proc_rom.cc:155:do_switch$34$rdmux[0][5][14]$b$951
      New ports: A={ 1'0 $memory$auto$proc_rom.cc:155:do_switch$34$rdmux[0][6][29]$a$1091 [2] 1'0 $memory$auto$proc_rom.cc:155:do_switch$34$rdmux[0][6][29]$a$1091 [0] }, B={ $memory$auto$proc_rom.cc:155:do_switch$34$rdmux[0][6][29]$b$1092 [3] $memory$auto$proc_rom.cc:155:do_switch$34$rdmux[0][6][29]$b$1092 [0] 1'1 $memory$auto$proc_rom.cc:155:do_switch$34$rdmux[0][6][29]$b$1092 [0] }, Y=$memory$auto$proc_rom.cc:155:do_switch$34$rdmux[0][5][14]$b$951 [3:0]
      New connections: $memory$auto$proc_rom.cc:155:do_switch$34$rdmux[0][5][14]$b$951 [4] = 1'0
    Consolidated identical input bits for $mux cell $memory$auto$proc_rom.cc:155:do_switch$34$rdmux[0][6][28]$1087:
      Old ports: A=$memory$auto$proc_rom.cc:155:do_switch$34$rdmux[0][6][28]$a$1088, B=$memory$auto$proc_rom.cc:155:do_switch$34$rdmux[0][6][28]$b$1089, Y=$memory$auto$proc_rom.cc:155:do_switch$34$rdmux[0][5][14]$a$950
      New ports: A={ 2'00 $memory$auto$proc_rom.cc:155:do_switch$34$rdmux[0][6][28]$a$1088 [0] $memory$auto$proc_rom.cc:155:do_switch$34$rdmux[0][6][28]$a$1088 [0] }, B={ $memory$auto$proc_rom.cc:155:do_switch$34$rdmux[0][6][28]$b$1089 [0] $memory$auto$proc_rom.cc:155:do_switch$34$rdmux[0][6][28]$b$1089 [1] $memory$auto$proc_rom.cc:155:do_switch$34$rdmux[0][6][28]$b$1089 [1:0] }, Y=$memory$auto$proc_rom.cc:155:do_switch$34$rdmux[0][5][14]$a$950 [3:0]
      New connections: $memory$auto$proc_rom.cc:155:do_switch$34$rdmux[0][5][14]$a$950 [4] = 1'0
    Consolidated identical input bits for $mux cell $memory$auto$proc_rom.cc:155:do_switch$34$rdmux[0][6][27]$1084:
      Old ports: A=$memory$auto$proc_rom.cc:155:do_switch$34$rdmux[0][6][27]$a$1085, B=$memory$auto$proc_rom.cc:155:do_switch$34$rdmux[0][6][27]$b$1086, Y=$memory$auto$proc_rom.cc:155:do_switch$34$rdmux[0][5][13]$b$948
      New ports: A={ 1'0 $memory$auto$proc_rom.cc:155:do_switch$34$rdmux[0][6][27]$a$1085 [2:1] }, B={ $memory$auto$proc_rom.cc:155:do_switch$34$rdmux[0][6][27]$b$1086 [3] $memory$auto$proc_rom.cc:155:do_switch$34$rdmux[0][6][27]$b$1086 [1] $memory$auto$proc_rom.cc:155:do_switch$34$rdmux[0][6][27]$b$1086 [1] }, Y=$memory$auto$proc_rom.cc:155:do_switch$34$rdmux[0][5][13]$b$948 [3:1]
      New connections: { $memory$auto$proc_rom.cc:155:do_switch$34$rdmux[0][5][13]$b$948 [4] $memory$auto$proc_rom.cc:155:do_switch$34$rdmux[0][5][13]$b$948 [0] } = 2'01
    Consolidated identical input bits for $mux cell $memory$auto$proc_rom.cc:155:do_switch$34$rdmux[0][6][26]$1081:
      Old ports: A=$memory$auto$proc_rom.cc:155:do_switch$34$rdmux[0][6][26]$a$1082, B=$memory$auto$proc_rom.cc:155:do_switch$34$rdmux[0][6][26]$b$1083, Y=$memory$auto$proc_rom.cc:155:do_switch$34$rdmux[0][5][13]$a$947
      New ports: A={ 1'0 $memory$auto$proc_rom.cc:155:do_switch$34$rdmux[0][6][26]$a$1082 [2:1] }, B={ $memory$auto$proc_rom.cc:155:do_switch$34$rdmux[0][6][26]$b$1083 [3] $memory$auto$proc_rom.cc:155:do_switch$34$rdmux[0][6][26]$b$1083 [1] $memory$auto$proc_rom.cc:155:do_switch$34$rdmux[0][6][26]$b$1083 [1] }, Y=$memory$auto$proc_rom.cc:155:do_switch$34$rdmux[0][5][13]$a$947 [3:1]
      New connections: { $memory$auto$proc_rom.cc:155:do_switch$34$rdmux[0][5][13]$a$947 [4] $memory$auto$proc_rom.cc:155:do_switch$34$rdmux[0][5][13]$a$947 [0] } = 2'00
    Consolidated identical input bits for $mux cell $memory$auto$proc_rom.cc:155:do_switch$34$rdmux[0][6][25]$1078:
      Old ports: A=$memory$auto$proc_rom.cc:155:do_switch$34$rdmux[0][6][25]$a$1079, B=$memory$auto$proc_rom.cc:155:do_switch$34$rdmux[0][6][25]$b$1080, Y=$memory$auto$proc_rom.cc:155:do_switch$34$rdmux[0][5][12]$b$945
      New ports: A={ 1'0 $memory$auto$proc_rom.cc:155:do_switch$34$rdmux[0][6][25]$a$1079 [1] }, B={ 1'1 $memory$auto$proc_rom.cc:155:do_switch$34$rdmux[0][6][25]$b$1080 [1] }, Y=$memory$auto$proc_rom.cc:155:do_switch$34$rdmux[0][5][12]$b$945 [2:1]
      New connections: { $memory$auto$proc_rom.cc:155:do_switch$34$rdmux[0][5][12]$b$945 [4:3] $memory$auto$proc_rom.cc:155:do_switch$34$rdmux[0][5][12]$b$945 [0] } = 3'001
    Consolidated identical input bits for $mux cell $memory$auto$proc_rom.cc:155:do_switch$34$rdmux[0][6][24]$1075:
      Old ports: A=$memory$auto$proc_rom.cc:155:do_switch$34$rdmux[0][6][24]$a$1076, B=$memory$auto$proc_rom.cc:155:do_switch$34$rdmux[0][6][24]$b$1077, Y=$memory$auto$proc_rom.cc:155:do_switch$34$rdmux[0][5][12]$a$944
      New ports: A={ 1'0 $memory$auto$proc_rom.cc:155:do_switch$34$rdmux[0][6][24]$a$1076 [1] }, B={ 1'1 $memory$auto$proc_rom.cc:155:do_switch$34$rdmux[0][6][24]$b$1077 [1] }, Y=$memory$auto$proc_rom.cc:155:do_switch$34$rdmux[0][5][12]$a$944 [2:1]
      New connections: { $memory$auto$proc_rom.cc:155:do_switch$34$rdmux[0][5][12]$a$944 [4:3] $memory$auto$proc_rom.cc:155:do_switch$34$rdmux[0][5][12]$a$944 [0] } = 3'000
    Consolidated identical input bits for $mux cell $memory$auto$proc_rom.cc:155:do_switch$34$rdmux[0][6][23]$1072:
      Old ports: A=$memory$auto$proc_rom.cc:155:do_switch$34$rdmux[0][6][23]$a$1073, B=$memory$auto$proc_rom.cc:155:do_switch$34$rdmux[0][6][23]$b$1074, Y=$memory$auto$proc_rom.cc:155:do_switch$34$rdmux[0][5][11]$b$942
      New ports: A={ $memory$auto$proc_rom.cc:155:do_switch$34$rdmux[0][6][23]$a$1073 [2] $memory$auto$proc_rom.cc:155:do_switch$34$rdmux[0][6][23]$a$1073 [0] $memory$auto$proc_rom.cc:155:do_switch$34$rdmux[0][6][23]$a$1073 [0] }, B={ 1'1 $memory$auto$proc_rom.cc:155:do_switch$34$rdmux[0][6][23]$b$1074 [1:0] }, Y=$memory$auto$proc_rom.cc:155:do_switch$34$rdmux[0][5][11]$b$942 [2:0]
      New connections: $memory$auto$proc_rom.cc:155:do_switch$34$rdmux[0][5][11]$b$942 [4:3] = 2'00
    Consolidated identical input bits for $mux cell $memory$auto$proc_rom.cc:155:do_switch$34$rdmux[0][6][22]$1069:
      Old ports: A=$memory$auto$proc_rom.cc:155:do_switch$34$rdmux[0][6][22]$a$1070, B=$memory$auto$proc_rom.cc:155:do_switch$34$rdmux[0][6][22]$b$1071, Y=$memory$auto$proc_rom.cc:155:do_switch$34$rdmux[0][5][11]$a$941
      New ports: A={ 2'01 $memory$auto$proc_rom.cc:155:do_switch$34$rdmux[0][6][22]$a$1070 [0] }, B={ 2'10 $memory$auto$proc_rom.cc:155:do_switch$34$rdmux[0][6][22]$b$1071 [0] }, Y=$memory$auto$proc_rom.cc:155:do_switch$34$rdmux[0][5][11]$a$941 [2:0]
      New connections: $memory$auto$proc_rom.cc:155:do_switch$34$rdmux[0][5][11]$a$941 [4:3] = 2'00
    Consolidated identical input bits for $mux cell $memory$auto$proc_rom.cc:155:do_switch$34$rdmux[0][6][21]$1066:
      Old ports: A=$memory$auto$proc_rom.cc:155:do_switch$34$rdmux[0][6][21]$a$1067, B=$memory$auto$proc_rom.cc:155:do_switch$34$rdmux[0][6][21]$b$1068, Y=$memory$auto$proc_rom.cc:155:do_switch$34$rdmux[0][5][10]$b$939
      New ports: A={ 1'0 $memory$auto$proc_rom.cc:155:do_switch$34$rdmux[0][6][21]$a$1067 [1:0] }, B={ $memory$auto$proc_rom.cc:155:do_switch$34$rdmux[0][6][21]$b$1068 [2] $memory$auto$proc_rom.cc:155:do_switch$34$rdmux[0][6][21]$b$1068 [0] $memory$auto$proc_rom.cc:155:do_switch$34$rdmux[0][6][21]$b$1068 [0] }, Y=$memory$auto$proc_rom.cc:155:do_switch$34$rdmux[0][5][10]$b$939 [2:0]
      New connections: $memory$auto$proc_rom.cc:155:do_switch$34$rdmux[0][5][10]$b$939 [4:3] = 2'00
    Consolidated identical input bits for $mux cell $memory$auto$proc_rom.cc:155:do_switch$34$rdmux[0][6][20]$1063:
      Old ports: A=$memory$auto$proc_rom.cc:155:do_switch$34$rdmux[0][6][20]$a$1064, B=$memory$auto$proc_rom.cc:155:do_switch$34$rdmux[0][6][20]$b$1065, Y=$memory$auto$proc_rom.cc:155:do_switch$34$rdmux[0][5][10]$a$938
      New ports: A={ 1'0 $memory$auto$proc_rom.cc:155:do_switch$34$rdmux[0][6][20]$a$1064 [0] }, B={ 1'1 $memory$auto$proc_rom.cc:155:do_switch$34$rdmux[0][6][20]$b$1065 [0] }, Y=$memory$auto$proc_rom.cc:155:do_switch$34$rdmux[0][5][10]$a$938 [1:0]
      New connections: $memory$auto$proc_rom.cc:155:do_switch$34$rdmux[0][5][10]$a$938 [4:2] = 3'000
    Consolidated identical input bits for $mux cell $memory$auto$proc_rom.cc:155:do_switch$34$rdmux[0][6][15]$1048:
      Old ports: A=$memory$auto$proc_rom.cc:155:do_switch$34$rdmux[0][6][15]$a$1049, B=$memory$auto$proc_rom.cc:155:do_switch$34$rdmux[0][6][15]$b$1050, Y=$memory$auto$proc_rom.cc:155:do_switch$34$rdmux[0][5][7]$b$930
      New ports: A={ 2'00 $memory$auto$proc_rom.cc:155:do_switch$34$rdmux[0][6][15]$a$1049 [0] $memory$auto$proc_rom.cc:155:do_switch$34$rdmux[0][6][15]$a$1049 [0] }, B={ $memory$auto$proc_rom.cc:155:do_switch$34$rdmux[0][6][15]$b$1050 [0] $memory$auto$proc_rom.cc:155:do_switch$34$rdmux[0][6][15]$b$1050 [1] $memory$auto$proc_rom.cc:155:do_switch$34$rdmux[0][6][15]$b$1050 [1:0] }, Y=$memory$auto$proc_rom.cc:155:do_switch$34$rdmux[0][5][7]$b$930 [3:0]
      New connections: $memory$auto$proc_rom.cc:155:do_switch$34$rdmux[0][5][7]$b$930 [4] = 1'0
    Consolidated identical input bits for $mux cell $memory$auto$proc_rom.cc:155:do_switch$34$rdmux[0][6][14]$1045:
      Old ports: A=$memory$auto$proc_rom.cc:155:do_switch$34$rdmux[0][6][14]$a$1046, B=$memory$auto$proc_rom.cc:155:do_switch$34$rdmux[0][6][14]$b$1047, Y=$memory$auto$proc_rom.cc:155:do_switch$34$rdmux[0][5][7]$a$929
      New ports: A={ 2'00 $memory$auto$proc_rom.cc:155:do_switch$34$rdmux[0][6][14]$a$1046 [0] $memory$auto$proc_rom.cc:155:do_switch$34$rdmux[0][6][14]$a$1046 [0] }, B={ $memory$auto$proc_rom.cc:155:do_switch$34$rdmux[0][6][14]$b$1047 [0] $memory$auto$proc_rom.cc:155:do_switch$34$rdmux[0][6][14]$b$1047 [1] $memory$auto$proc_rom.cc:155:do_switch$34$rdmux[0][6][14]$b$1047 [1:0] }, Y=$memory$auto$proc_rom.cc:155:do_switch$34$rdmux[0][5][7]$a$929 [3:0]
      New connections: $memory$auto$proc_rom.cc:155:do_switch$34$rdmux[0][5][7]$a$929 [4] = 1'0
    Consolidated identical input bits for $mux cell $memory$auto$proc_rom.cc:155:do_switch$34$rdmux[0][6][13]$1042:
      Old ports: A=$memory$auto$proc_rom.cc:155:do_switch$34$rdmux[0][6][13]$a$1043, B=$memory$auto$proc_rom.cc:155:do_switch$34$rdmux[0][6][13]$b$1044, Y=$memory$auto$proc_rom.cc:155:do_switch$34$rdmux[0][5][6]$b$927
      New ports: A={ 2'00 $memory$auto$proc_rom.cc:155:do_switch$34$rdmux[0][6][13]$a$1043 [0] $memory$auto$proc_rom.cc:155:do_switch$34$rdmux[0][6][13]$a$1043 [0] }, B={ $memory$auto$proc_rom.cc:155:do_switch$34$rdmux[0][6][13]$b$1044 [0] $memory$auto$proc_rom.cc:155:do_switch$34$rdmux[0][6][13]$b$1044 [1] $memory$auto$proc_rom.cc:155:do_switch$34$rdmux[0][6][13]$b$1044 [1:0] }, Y=$memory$auto$proc_rom.cc:155:do_switch$34$rdmux[0][5][6]$b$927 [3:0]
      New connections: $memory$auto$proc_rom.cc:155:do_switch$34$rdmux[0][5][6]$b$927 [4] = 1'0
    Consolidated identical input bits for $mux cell $memory$auto$proc_rom.cc:155:do_switch$34$rdmux[0][6][12]$1039:
      Old ports: A=$memory$auto$proc_rom.cc:155:do_switch$34$rdmux[0][6][12]$a$1040, B=$memory$auto$proc_rom.cc:155:do_switch$34$rdmux[0][6][12]$b$1041, Y=$memory$auto$proc_rom.cc:155:do_switch$34$rdmux[0][5][6]$a$926
      New ports: A={ 2'00 $memory$auto$proc_rom.cc:155:do_switch$34$rdmux[0][6][12]$a$1040 [0] $memory$auto$proc_rom.cc:155:do_switch$34$rdmux[0][6][12]$a$1040 [0] }, B={ $memory$auto$proc_rom.cc:155:do_switch$34$rdmux[0][6][12]$b$1041 [0] $memory$auto$proc_rom.cc:155:do_switch$34$rdmux[0][6][12]$b$1041 [1] $memory$auto$proc_rom.cc:155:do_switch$34$rdmux[0][6][12]$b$1041 [1:0] }, Y=$memory$auto$proc_rom.cc:155:do_switch$34$rdmux[0][5][6]$a$926 [3:0]
      New connections: $memory$auto$proc_rom.cc:155:do_switch$34$rdmux[0][5][6]$a$926 [4] = 1'0
    Consolidated identical input bits for $mux cell $memory$auto$proc_rom.cc:155:do_switch$34$rdmux[0][6][11]$1036:
      Old ports: A=$memory$auto$proc_rom.cc:155:do_switch$34$rdmux[0][6][11]$a$1037, B=$memory$auto$proc_rom.cc:155:do_switch$34$rdmux[0][6][11]$b$1038, Y=$memory$auto$proc_rom.cc:155:do_switch$34$rdmux[0][5][5]$b$924
      New ports: A={ 1'0 $memory$auto$proc_rom.cc:155:do_switch$34$rdmux[0][6][11]$a$1037 [1] }, B={ 1'1 $memory$auto$proc_rom.cc:155:do_switch$34$rdmux[0][6][11]$b$1038 [1] }, Y=$memory$auto$proc_rom.cc:155:do_switch$34$rdmux[0][5][5]$b$924 [2:1]
      New connections: { $memory$auto$proc_rom.cc:155:do_switch$34$rdmux[0][5][5]$b$924 [4:3] $memory$auto$proc_rom.cc:155:do_switch$34$rdmux[0][5][5]$b$924 [0] } = 3'000
    Consolidated identical input bits for $mux cell $memory$auto$proc_rom.cc:155:do_switch$34$rdmux[0][6][10]$1033:
      Old ports: A=$memory$auto$proc_rom.cc:155:do_switch$34$rdmux[0][6][10]$a$1034, B=$memory$auto$proc_rom.cc:155:do_switch$34$rdmux[0][6][10]$b$1035, Y=$memory$auto$proc_rom.cc:155:do_switch$34$rdmux[0][5][5]$a$923
      New ports: A={ 1'0 $memory$auto$proc_rom.cc:155:do_switch$34$rdmux[0][6][10]$a$1034 [1] }, B={ 1'1 $memory$auto$proc_rom.cc:155:do_switch$34$rdmux[0][6][10]$b$1035 [1] }, Y=$memory$auto$proc_rom.cc:155:do_switch$34$rdmux[0][5][5]$a$923 [2:1]
      New connections: { $memory$auto$proc_rom.cc:155:do_switch$34$rdmux[0][5][5]$a$923 [4:3] $memory$auto$proc_rom.cc:155:do_switch$34$rdmux[0][5][5]$a$923 [0] } = 3'000
    Consolidated identical input bits for $mux cell $memory$auto$proc_rom.cc:155:do_switch$34$rdmux[0][6][9]$1030:
      Old ports: A=$memory$auto$proc_rom.cc:155:do_switch$34$rdmux[0][6][9]$a$1031, B=$memory$auto$proc_rom.cc:155:do_switch$34$rdmux[0][6][9]$b$1032, Y=$memory$auto$proc_rom.cc:155:do_switch$34$rdmux[0][5][4]$b$921
      New ports: A={ 1'0 $memory$auto$proc_rom.cc:155:do_switch$34$rdmux[0][6][9]$a$1031 [1] }, B={ 1'1 $memory$auto$proc_rom.cc:155:do_switch$34$rdmux[0][6][9]$b$1032 [1] }, Y=$memory$auto$proc_rom.cc:155:do_switch$34$rdmux[0][5][4]$b$921 [2:1]
      New connections: { $memory$auto$proc_rom.cc:155:do_switch$34$rdmux[0][5][4]$b$921 [4:3] $memory$auto$proc_rom.cc:155:do_switch$34$rdmux[0][5][4]$b$921 [0] } = 3'000
    Consolidated identical input bits for $mux cell $memory$auto$proc_rom.cc:155:do_switch$34$rdmux[0][6][8]$1027:
      Old ports: A=$memory$auto$proc_rom.cc:155:do_switch$34$rdmux[0][6][8]$a$1028, B=$memory$auto$proc_rom.cc:155:do_switch$34$rdmux[0][6][8]$b$1029, Y=$memory$auto$proc_rom.cc:155:do_switch$34$rdmux[0][5][4]$a$920
      New ports: A={ 1'0 $memory$auto$proc_rom.cc:155:do_switch$34$rdmux[0][6][8]$a$1028 [1] }, B={ 1'1 $memory$auto$proc_rom.cc:155:do_switch$34$rdmux[0][6][8]$b$1029 [1] }, Y=$memory$auto$proc_rom.cc:155:do_switch$34$rdmux[0][5][4]$a$920 [2:1]
      New connections: { $memory$auto$proc_rom.cc:155:do_switch$34$rdmux[0][5][4]$a$920 [4:3] $memory$auto$proc_rom.cc:155:do_switch$34$rdmux[0][5][4]$a$920 [0] } = 3'000
    Consolidated identical input bits for $mux cell $memory$auto$proc_rom.cc:155:do_switch$34$rdmux[0][6][7]$1024:
      Old ports: A=$memory$auto$proc_rom.cc:155:do_switch$34$rdmux[0][6][7]$a$1025, B=$memory$auto$proc_rom.cc:155:do_switch$34$rdmux[0][6][7]$b$1026, Y=$memory$auto$proc_rom.cc:155:do_switch$34$rdmux[0][5][3]$b$918
      New ports: A={ 1'0 $memory$auto$proc_rom.cc:155:do_switch$34$rdmux[0][6][7]$a$1025 [0] }, B={ 1'1 $memory$auto$proc_rom.cc:155:do_switch$34$rdmux[0][6][7]$b$1026 [0] }, Y=$memory$auto$proc_rom.cc:155:do_switch$34$rdmux[0][5][3]$b$918 [1:0]
      New connections: $memory$auto$proc_rom.cc:155:do_switch$34$rdmux[0][5][3]$b$918 [4:2] = 3'000
    Consolidated identical input bits for $mux cell $memory$auto$proc_rom.cc:155:do_switch$34$rdmux[0][6][6]$1021:
      Old ports: A=$memory$auto$proc_rom.cc:155:do_switch$34$rdmux[0][6][6]$a$1022, B=$memory$auto$proc_rom.cc:155:do_switch$34$rdmux[0][6][6]$b$1023, Y=$memory$auto$proc_rom.cc:155:do_switch$34$rdmux[0][5][3]$a$917
      New ports: A={ 1'0 $memory$auto$proc_rom.cc:155:do_switch$34$rdmux[0][6][6]$a$1022 [0] }, B={ 1'1 $memory$auto$proc_rom.cc:155:do_switch$34$rdmux[0][6][6]$b$1023 [0] }, Y=$memory$auto$proc_rom.cc:155:do_switch$34$rdmux[0][5][3]$a$917 [1:0]
      New connections: $memory$auto$proc_rom.cc:155:do_switch$34$rdmux[0][5][3]$a$917 [4:2] = 3'000
    Consolidated identical input bits for $mux cell $memory$auto$proc_rom.cc:155:do_switch$34$rdmux[0][6][5]$1018:
      Old ports: A=$memory$auto$proc_rom.cc:155:do_switch$34$rdmux[0][6][5]$a$1019, B=$memory$auto$proc_rom.cc:155:do_switch$34$rdmux[0][6][5]$b$1020, Y=$memory$auto$proc_rom.cc:155:do_switch$34$rdmux[0][5][2]$b$915
      New ports: A={ 1'0 $memory$auto$proc_rom.cc:155:do_switch$34$rdmux[0][6][5]$a$1019 [0] }, B={ 1'1 $memory$auto$proc_rom.cc:155:do_switch$34$rdmux[0][6][5]$b$1020 [0] }, Y=$memory$auto$proc_rom.cc:155:do_switch$34$rdmux[0][5][2]$b$915 [1:0]
      New connections: $memory$auto$proc_rom.cc:155:do_switch$34$rdmux[0][5][2]$b$915 [4:2] = 3'000
    Consolidated identical input bits for $mux cell $memory$auto$proc_rom.cc:155:do_switch$34$rdmux[0][6][4]$1015:
      Old ports: A=$memory$auto$proc_rom.cc:155:do_switch$34$rdmux[0][6][4]$a$1016, B=$memory$auto$proc_rom.cc:155:do_switch$34$rdmux[0][6][4]$b$1017, Y=$memory$auto$proc_rom.cc:155:do_switch$34$rdmux[0][5][2]$a$914
      New ports: A={ 1'0 $memory$auto$proc_rom.cc:155:do_switch$34$rdmux[0][6][4]$a$1016 [0] }, B={ 1'1 $memory$auto$proc_rom.cc:155:do_switch$34$rdmux[0][6][4]$b$1017 [0] }, Y=$memory$auto$proc_rom.cc:155:do_switch$34$rdmux[0][5][2]$a$914 [1:0]
      New connections: $memory$auto$proc_rom.cc:155:do_switch$34$rdmux[0][5][2]$a$914 [4:2] = 3'000
    Consolidated identical input bits for $mux cell $memory$auto$proc_rom.cc:155:do_switch$34$rdmux[0][4][12]$895:
      Old ports: A=$memory$auto$proc_rom.cc:155:do_switch$34$rdmux[0][4][12]$a$896, B=$memory$auto$proc_rom.cc:155:do_switch$34$rdmux[0][4][12]$b$897, Y=$memory$auto$proc_rom.cc:155:do_switch$34$rdmux[0][3][6]$a$854
      New ports: A={ 2'00 $memory$auto$proc_rom.cc:155:do_switch$34$rdmux[0][4][12]$a$896 [0] $memory$auto$proc_rom.cc:155:do_switch$34$rdmux[0][4][12]$a$896 [0] }, B={ $memory$auto$proc_rom.cc:155:do_switch$34$rdmux[0][4][12]$b$897 [0] $memory$auto$proc_rom.cc:155:do_switch$34$rdmux[0][4][12]$b$897 [1] $memory$auto$proc_rom.cc:155:do_switch$34$rdmux[0][4][12]$b$897 [1:0] }, Y=$memory$auto$proc_rom.cc:155:do_switch$34$rdmux[0][3][6]$a$854 [3:0]
      New connections: $memory$auto$proc_rom.cc:155:do_switch$34$rdmux[0][3][6]$a$854 [4] = 1'0
    Consolidated identical input bits for $mux cell $memory$auto$proc_rom.cc:155:do_switch$34$rdmux[0][4][8]$883:
      Old ports: A=$memory$auto$proc_rom.cc:155:do_switch$34$rdmux[0][4][8]$a$884, B=$memory$auto$proc_rom.cc:155:do_switch$34$rdmux[0][4][8]$b$885, Y=$memory$auto$proc_rom.cc:155:do_switch$34$rdmux[0][3][4]$a$848
      New ports: A={ 1'0 $memory$auto$proc_rom.cc:155:do_switch$34$rdmux[0][4][8]$a$884 [1] }, B={ 1'1 $memory$auto$proc_rom.cc:155:do_switch$34$rdmux[0][4][8]$b$885 [1] }, Y=$memory$auto$proc_rom.cc:155:do_switch$34$rdmux[0][3][4]$a$848 [2:1]
      New connections: { $memory$auto$proc_rom.cc:155:do_switch$34$rdmux[0][3][4]$a$848 [4:3] $memory$auto$proc_rom.cc:155:do_switch$34$rdmux[0][3][4]$a$848 [0] } = 3'000
    Consolidated identical input bits for $mux cell $memory$auto$proc_rom.cc:155:do_switch$34$rdmux[0][4][4]$871:
      Old ports: A=$memory$auto$proc_rom.cc:155:do_switch$34$rdmux[0][4][4]$a$872, B=$memory$auto$proc_rom.cc:155:do_switch$34$rdmux[0][4][4]$b$873, Y=$memory$auto$proc_rom.cc:155:do_switch$34$rdmux[0][3][2]$a$842
      New ports: A={ 1'0 $memory$auto$proc_rom.cc:155:do_switch$34$rdmux[0][4][4]$a$872 [0] }, B={ 1'1 $memory$auto$proc_rom.cc:155:do_switch$34$rdmux[0][4][4]$b$873 [0] }, Y=$memory$auto$proc_rom.cc:155:do_switch$34$rdmux[0][3][2]$a$842 [1:0]
      New connections: $memory$auto$proc_rom.cc:155:do_switch$34$rdmux[0][3][2]$a$842 [4:2] = 3'000
    Consolidated identical input bits for $mux cell $memory$auto$proc_rom.cc:155:do_switch$26$rdmux[0][4][0]$1624:
      Old ports: A=$memory$auto$proc_rom.cc:155:do_switch$26$rdmux[0][4][0]$a$1625, B=$memory$auto$proc_rom.cc:155:do_switch$26$rdmux[0][4][0]$b$1626, Y=$memory$auto$proc_rom.cc:155:do_switch$26$rdmux[0][3][0]$a$1601
      New ports: A={ $memory$auto$proc_rom.cc:155:do_switch$26$rdmux[0][4][0]$a$1625 [3] 1'0 $memory$auto$proc_rom.cc:155:do_switch$26$rdmux[0][4][0]$a$1625 [3] 1'0 }, B={ 3'110 $memory$auto$proc_rom.cc:155:do_switch$26$rdmux[0][4][0]$b$1626 [2] }, Y=$memory$auto$proc_rom.cc:155:do_switch$26$rdmux[0][3][0]$a$1601 [5:2]
      New connections: { $memory$auto$proc_rom.cc:155:do_switch$26$rdmux[0][3][0]$a$1601 [6] $memory$auto$proc_rom.cc:155:do_switch$26$rdmux[0][3][0]$a$1601 [1:0] } = 3'000
    Consolidated identical input bits for $mux cell $memory$auto$proc_rom.cc:155:do_switch$26$rdmux[0][4][2]$1630:
      Old ports: A=$memory$auto$proc_rom.cc:155:do_switch$26$rdmux[0][4][2]$a$1631, B=$memory$auto$proc_rom.cc:155:do_switch$26$rdmux[0][4][2]$b$1632, Y=$memory$auto$proc_rom.cc:155:do_switch$26$rdmux[0][3][1]$a$1604
      New ports: A={ 1'0 $memory$auto$proc_rom.cc:155:do_switch$26$rdmux[0][4][2]$a$1631 [0] }, B={ 1'1 $memory$auto$proc_rom.cc:155:do_switch$26$rdmux[0][4][2]$b$1632 [0] }, Y=$memory$auto$proc_rom.cc:155:do_switch$26$rdmux[0][3][1]$a$1604 [1:0]
      New connections: $memory$auto$proc_rom.cc:155:do_switch$26$rdmux[0][3][1]$a$1604 [6:2] = 5'10000
    Consolidated identical input bits for $mux cell $memory$auto$proc_rom.cc:155:do_switch$26$rdmux[0][4][3]$1633:
      Old ports: A=$memory$auto$proc_rom.cc:155:do_switch$26$rdmux[0][4][3]$a$1634, B=$memory$auto$proc_rom.cc:155:do_switch$26$rdmux[0][4][3]$b$1635, Y=$memory$auto$proc_rom.cc:155:do_switch$26$rdmux[0][3][1]$b$1605
      New ports: A={ 1'0 $memory$auto$proc_rom.cc:155:do_switch$26$rdmux[0][4][3]$a$1634 [0] }, B={ 1'1 $memory$auto$proc_rom.cc:155:do_switch$26$rdmux[0][4][3]$b$1635 [0] }, Y=$memory$auto$proc_rom.cc:155:do_switch$26$rdmux[0][3][1]$b$1605 [1:0]
      New connections: $memory$auto$proc_rom.cc:155:do_switch$26$rdmux[0][3][1]$b$1605 [6:2] = 5'10001
    Consolidated identical input bits for $mux cell $memory$auto$proc_rom.cc:155:do_switch$26$rdmux[0][4][6]$1642:
      Old ports: A=7'1001100, B=$memory$auto$proc_rom.cc:155:do_switch$26$rdmux[0][4][6]$b$1644, Y=$memory$auto$proc_rom.cc:155:do_switch$26$rdmux[0][3][3]$a$1610
      New ports: A=2'00, B=$memory$auto$proc_rom.cc:155:do_switch$26$rdmux[0][4][6]$b$1644 [1:0], Y=$memory$auto$proc_rom.cc:155:do_switch$26$rdmux[0][3][3]$a$1610 [1:0]
      New connections: $memory$auto$proc_rom.cc:155:do_switch$26$rdmux[0][3][3]$a$1610 [6:2] = 5'10011
    Consolidated identical input bits for $mux cell $memory$auto$proc_rom.cc:155:do_switch$26$rdmux[0][4][7]$1645:
      Old ports: A=7'1001110, B=$memory$auto$proc_rom.cc:155:do_switch$26$rdmux[0][4][7]$b$1647, Y=$memory$auto$proc_rom.cc:155:do_switch$26$rdmux[0][3][3]$b$1611
      New ports: A=3'010, B={ $memory$auto$proc_rom.cc:155:do_switch$26$rdmux[0][4][7]$b$1647 [4] $memory$auto$proc_rom.cc:155:do_switch$26$rdmux[0][4][7]$b$1647 [0] $memory$auto$proc_rom.cc:155:do_switch$26$rdmux[0][4][7]$b$1647 [0] }, Y={ $memory$auto$proc_rom.cc:155:do_switch$26$rdmux[0][3][3]$b$1611 [4] $memory$auto$proc_rom.cc:155:do_switch$26$rdmux[0][3][3]$b$1611 [1:0] }
      New connections: { $memory$auto$proc_rom.cc:155:do_switch$26$rdmux[0][3][3]$b$1611 [6:5] $memory$auto$proc_rom.cc:155:do_switch$26$rdmux[0][3][3]$b$1611 [3:2] } = { 2'10 $memory$auto$proc_rom.cc:155:do_switch$26$rdmux[0][3][3]$b$1611 [1] $memory$auto$proc_rom.cc:155:do_switch$26$rdmux[0][3][3]$b$1611 [1] }
    Consolidated identical input bits for $mux cell $memory$auto$proc_rom.cc:155:do_switch$26$rdmux[0][4][9]$1651:
      Old ports: A=$memory$auto$proc_rom.cc:155:do_switch$26$rdmux[0][4][9]$a$1652, B=7'1111110, Y=$memory$auto$proc_rom.cc:155:do_switch$26$rdmux[0][3][4]$b$1614
      New ports: A=$memory$auto$proc_rom.cc:155:do_switch$26$rdmux[0][4][9]$a$1652 [1:0], B=2'10, Y=$memory$auto$proc_rom.cc:155:do_switch$26$rdmux[0][3][4]$b$1614 [1:0]
      New connections: $memory$auto$proc_rom.cc:155:do_switch$26$rdmux[0][3][4]$b$1614 [6:2] = { 1'1 $memory$auto$proc_rom.cc:155:do_switch$26$rdmux[0][3][4]$b$1614 [1] 1'1 $memory$auto$proc_rom.cc:155:do_switch$26$rdmux[0][3][4]$b$1614 [1] $memory$auto$proc_rom.cc:155:do_switch$26$rdmux[0][3][4]$b$1614 [1] }
    Consolidated identical input bits for $mux cell $memory$auto$proc_rom.cc:155:do_switch$30$rdmux[0][6][62]$424:
      Old ports: A=$memory$auto$proc_rom.cc:155:do_switch$30$rdmux[0][6][62]$a$425, B=$memory$auto$proc_rom.cc:155:do_switch$30$rdmux[0][6][62]$b$426, Y=$memory$auto$proc_rom.cc:155:do_switch$30$rdmux[0][5][31]$a$236
      New ports: A={ $memory$auto$proc_rom.cc:155:do_switch$30$rdmux[0][6][62]$a$425 [0] $memory$auto$proc_rom.cc:155:do_switch$30$rdmux[0][6][62]$a$425 [1] $memory$auto$proc_rom.cc:155:do_switch$30$rdmux[0][6][62]$a$425 [1:0] }, B={ 2'11 $memory$auto$proc_rom.cc:155:do_switch$30$rdmux[0][6][62]$b$426 [0] $memory$auto$proc_rom.cc:155:do_switch$30$rdmux[0][6][62]$b$426 [0] }, Y=$memory$auto$proc_rom.cc:155:do_switch$30$rdmux[0][5][31]$a$236 [3:0]
      New connections: $memory$auto$proc_rom.cc:155:do_switch$30$rdmux[0][5][31]$a$236 [4] = 1'0
    Consolidated identical input bits for $mux cell $memory$auto$proc_rom.cc:155:do_switch$30$rdmux[0][6][61]$421:
      Old ports: A=$memory$auto$proc_rom.cc:155:do_switch$30$rdmux[0][6][61]$a$422, B=$memory$auto$proc_rom.cc:155:do_switch$30$rdmux[0][6][61]$b$423, Y=$memory$auto$proc_rom.cc:155:do_switch$30$rdmux[0][5][30]$b$234
      New ports: A={ 1'0 $memory$auto$proc_rom.cc:155:do_switch$30$rdmux[0][6][61]$a$422 [2] 1'1 $memory$auto$proc_rom.cc:155:do_switch$30$rdmux[0][6][61]$a$422 [0] }, B={ 1'1 $memory$auto$proc_rom.cc:155:do_switch$30$rdmux[0][6][61]$b$423 [2] 1'0 $memory$auto$proc_rom.cc:155:do_switch$30$rdmux[0][6][61]$b$423 [0] }, Y=$memory$auto$proc_rom.cc:155:do_switch$30$rdmux[0][5][30]$b$234 [3:0]
      New connections: $memory$auto$proc_rom.cc:155:do_switch$30$rdmux[0][5][30]$b$234 [4] = 1'0
    Consolidated identical input bits for $mux cell $memory$auto$proc_rom.cc:155:do_switch$30$rdmux[0][6][60]$418:
      Old ports: A=$memory$auto$proc_rom.cc:155:do_switch$30$rdmux[0][6][60]$a$419, B=$memory$auto$proc_rom.cc:155:do_switch$30$rdmux[0][6][60]$b$420, Y=$memory$auto$proc_rom.cc:155:do_switch$30$rdmux[0][5][30]$a$233
      New ports: A={ 2'00 $memory$auto$proc_rom.cc:155:do_switch$30$rdmux[0][6][60]$a$419 [0] $memory$auto$proc_rom.cc:155:do_switch$30$rdmux[0][6][60]$a$419 [0] }, B={ $memory$auto$proc_rom.cc:155:do_switch$30$rdmux[0][6][60]$b$420 [0] $memory$auto$proc_rom.cc:155:do_switch$30$rdmux[0][6][60]$b$420 [1] $memory$auto$proc_rom.cc:155:do_switch$30$rdmux[0][6][60]$b$420 [1:0] }, Y=$memory$auto$proc_rom.cc:155:do_switch$30$rdmux[0][5][30]$a$233 [3:0]
      New connections: $memory$auto$proc_rom.cc:155:do_switch$30$rdmux[0][5][30]$a$233 [4] = 1'0
    Consolidated identical input bits for $mux cell $memory$auto$proc_rom.cc:155:do_switch$30$rdmux[0][6][59]$415:
      Old ports: A=$memory$auto$proc_rom.cc:155:do_switch$30$rdmux[0][6][59]$a$416, B=$memory$auto$proc_rom.cc:155:do_switch$30$rdmux[0][6][59]$b$417, Y=$memory$auto$proc_rom.cc:155:do_switch$30$rdmux[0][5][29]$b$231
      New ports: A={ 1'0 $memory$auto$proc_rom.cc:155:do_switch$30$rdmux[0][6][59]$a$416 [1] }, B={ 1'1 $memory$auto$proc_rom.cc:155:do_switch$30$rdmux[0][6][59]$b$417 [1] }, Y=$memory$auto$proc_rom.cc:155:do_switch$30$rdmux[0][5][29]$b$231 [2:1]
      New connections: { $memory$auto$proc_rom.cc:155:do_switch$30$rdmux[0][5][29]$b$231 [4:3] $memory$auto$proc_rom.cc:155:do_switch$30$rdmux[0][5][29]$b$231 [0] } = 3'011
    Consolidated identical input bits for $mux cell $memory$auto$proc_rom.cc:155:do_switch$30$rdmux[0][6][58]$412:
      Old ports: A=$memory$auto$proc_rom.cc:155:do_switch$30$rdmux[0][6][58]$a$413, B=$memory$auto$proc_rom.cc:155:do_switch$30$rdmux[0][6][58]$b$414, Y=$memory$auto$proc_rom.cc:155:do_switch$30$rdmux[0][5][29]$a$230
      New ports: A={ $memory$auto$proc_rom.cc:155:do_switch$30$rdmux[0][6][58]$a$413 [3] $memory$auto$proc_rom.cc:155:do_switch$30$rdmux[0][6][58]$a$413 [1] $memory$auto$proc_rom.cc:155:do_switch$30$rdmux[0][6][58]$a$413 [1] }, B={ 1'1 $memory$auto$proc_rom.cc:155:do_switch$30$rdmux[0][6][58]$b$414 [2:1] }, Y=$memory$auto$proc_rom.cc:155:do_switch$30$rdmux[0][5][29]$a$230 [3:1]
      New connections: { $memory$auto$proc_rom.cc:155:do_switch$30$rdmux[0][5][29]$a$230 [4] $memory$auto$proc_rom.cc:155:do_switch$30$rdmux[0][5][29]$a$230 [0] } = 2'00
    Consolidated identical input bits for $mux cell $memory$auto$proc_rom.cc:155:do_switch$30$rdmux[0][6][57]$409:
      Old ports: A=$memory$auto$proc_rom.cc:155:do_switch$30$rdmux[0][6][57]$a$410, B=$memory$auto$proc_rom.cc:155:do_switch$30$rdmux[0][6][57]$b$411, Y=$memory$auto$proc_rom.cc:155:do_switch$30$rdmux[0][5][28]$b$228
      New ports: A={ 1'0 $memory$auto$proc_rom.cc:155:do_switch$30$rdmux[0][6][57]$a$410 [2:1] }, B={ $memory$auto$proc_rom.cc:155:do_switch$30$rdmux[0][6][57]$b$411 [3] $memory$auto$proc_rom.cc:155:do_switch$30$rdmux[0][6][57]$b$411 [1] $memory$auto$proc_rom.cc:155:do_switch$30$rdmux[0][6][57]$b$411 [1] }, Y=$memory$auto$proc_rom.cc:155:do_switch$30$rdmux[0][5][28]$b$228 [3:1]
      New connections: { $memory$auto$proc_rom.cc:155:do_switch$30$rdmux[0][5][28]$b$228 [4] $memory$auto$proc_rom.cc:155:do_switch$30$rdmux[0][5][28]$b$228 [0] } = 2'01
    Consolidated identical input bits for $mux cell $memory$auto$proc_rom.cc:155:do_switch$30$rdmux[0][6][56]$406:
      Old ports: A=$memory$auto$proc_rom.cc:155:do_switch$30$rdmux[0][6][56]$a$407, B=$memory$auto$proc_rom.cc:155:do_switch$30$rdmux[0][6][56]$b$408, Y=$memory$auto$proc_rom.cc:155:do_switch$30$rdmux[0][5][28]$a$227
      New ports: A={ 1'0 $memory$auto$proc_rom.cc:155:do_switch$30$rdmux[0][6][56]$a$407 [1] }, B={ 1'1 $memory$auto$proc_rom.cc:155:do_switch$30$rdmux[0][6][56]$b$408 [1] }, Y=$memory$auto$proc_rom.cc:155:do_switch$30$rdmux[0][5][28]$a$227 [2:1]
      New connections: { $memory$auto$proc_rom.cc:155:do_switch$30$rdmux[0][5][28]$a$227 [4:3] $memory$auto$proc_rom.cc:155:do_switch$30$rdmux[0][5][28]$a$227 [0] } = 3'000
    Consolidated identical input bits for $mux cell $memory$auto$proc_rom.cc:155:do_switch$30$rdmux[0][6][55]$403:
      Old ports: A=$memory$auto$proc_rom.cc:155:do_switch$30$rdmux[0][6][55]$a$404, B=$memory$auto$proc_rom.cc:155:do_switch$30$rdmux[0][6][55]$b$405, Y=$memory$auto$proc_rom.cc:155:do_switch$30$rdmux[0][5][27]$b$225
      New ports: A={ 1'0 $memory$auto$proc_rom.cc:155:do_switch$30$rdmux[0][6][55]$a$404 [1:0] }, B={ $memory$auto$proc_rom.cc:155:do_switch$30$rdmux[0][6][55]$b$405 [2] $memory$auto$proc_rom.cc:155:do_switch$30$rdmux[0][6][55]$b$405 [0] $memory$auto$proc_rom.cc:155:do_switch$30$rdmux[0][6][55]$b$405 [0] }, Y=$memory$auto$proc_rom.cc:155:do_switch$30$rdmux[0][5][27]$b$225 [2:0]
      New connections: $memory$auto$proc_rom.cc:155:do_switch$30$rdmux[0][5][27]$b$225 [4:3] = 2'01
    Consolidated identical input bits for $mux cell $memory$auto$proc_rom.cc:155:do_switch$30$rdmux[0][6][54]$400:
      Old ports: A=$memory$auto$proc_rom.cc:155:do_switch$30$rdmux[0][6][54]$a$401, B=$memory$auto$proc_rom.cc:155:do_switch$30$rdmux[0][6][54]$b$402, Y=$memory$auto$proc_rom.cc:155:do_switch$30$rdmux[0][5][27]$a$224
      New ports: A={ 2'01 $memory$auto$proc_rom.cc:155:do_switch$30$rdmux[0][6][54]$a$401 [0] }, B={ 2'10 $memory$auto$proc_rom.cc:155:do_switch$30$rdmux[0][6][54]$b$402 [0] }, Y={ $memory$auto$proc_rom.cc:155:do_switch$30$rdmux[0][5][27]$a$224 [3] $memory$auto$proc_rom.cc:155:do_switch$30$rdmux[0][5][27]$a$224 [1:0] }
      New connections: { $memory$auto$proc_rom.cc:155:do_switch$30$rdmux[0][5][27]$a$224 [4] $memory$auto$proc_rom.cc:155:do_switch$30$rdmux[0][5][27]$a$224 [2] } = { 1'0 $memory$auto$proc_rom.cc:155:do_switch$30$rdmux[0][5][27]$a$224 [1] }
    Consolidated identical input bits for $mux cell $memory$auto$proc_rom.cc:155:do_switch$30$rdmux[0][6][53]$397:
      Old ports: A=$memory$auto$proc_rom.cc:155:do_switch$30$rdmux[0][6][53]$a$398, B=$memory$auto$proc_rom.cc:155:do_switch$30$rdmux[0][6][53]$b$399, Y=$memory$auto$proc_rom.cc:155:do_switch$30$rdmux[0][5][26]$b$222
      New ports: A={ $memory$auto$proc_rom.cc:155:do_switch$30$rdmux[0][6][53]$a$398 [2] $memory$auto$proc_rom.cc:155:do_switch$30$rdmux[0][6][53]$a$398 [0] $memory$auto$proc_rom.cc:155:do_switch$30$rdmux[0][6][53]$a$398 [0] }, B={ 1'1 $memory$auto$proc_rom.cc:155:do_switch$30$rdmux[0][6][53]$b$399 [1:0] }, Y=$memory$auto$proc_rom.cc:155:do_switch$30$rdmux[0][5][26]$b$222 [2:0]
      New connections: $memory$auto$proc_rom.cc:155:do_switch$30$rdmux[0][5][26]$b$222 [4:3] = 2'00
    Consolidated identical input bits for $mux cell $memory$auto$proc_rom.cc:155:do_switch$30$rdmux[0][6][52]$394:
      Old ports: A=$memory$auto$proc_rom.cc:155:do_switch$30$rdmux[0][6][52]$a$395, B=$memory$auto$proc_rom.cc:155:do_switch$30$rdmux[0][6][52]$b$396, Y=$memory$auto$proc_rom.cc:155:do_switch$30$rdmux[0][5][26]$a$221
      New ports: A={ 1'0 $memory$auto$proc_rom.cc:155:do_switch$30$rdmux[0][6][52]$a$395 [0] }, B={ 1'1 $memory$auto$proc_rom.cc:155:do_switch$30$rdmux[0][6][52]$b$396 [0] }, Y=$memory$auto$proc_rom.cc:155:do_switch$30$rdmux[0][5][26]$a$221 [1:0]
      New connections: $memory$auto$proc_rom.cc:155:do_switch$30$rdmux[0][5][26]$a$221 [4:2] = 3'000
    Consolidated identical input bits for $mux cell $memory$auto$proc_rom.cc:155:do_switch$30$rdmux[0][6][47]$379:
      Old ports: A=$memory$auto$proc_rom.cc:155:do_switch$30$rdmux[0][6][47]$a$380, B=$memory$auto$proc_rom.cc:155:do_switch$30$rdmux[0][6][47]$b$381, Y=$memory$auto$proc_rom.cc:155:do_switch$30$rdmux[0][5][23]$b$213
      New ports: A={ $memory$auto$proc_rom.cc:155:do_switch$30$rdmux[0][6][47]$a$380 [0] $memory$auto$proc_rom.cc:155:do_switch$30$rdmux[0][6][47]$a$380 [1] $memory$auto$proc_rom.cc:155:do_switch$30$rdmux[0][6][47]$a$380 [1:0] }, B={ 2'11 $memory$auto$proc_rom.cc:155:do_switch$30$rdmux[0][6][47]$b$381 [0] $memory$auto$proc_rom.cc:155:do_switch$30$rdmux[0][6][47]$b$381 [0] }, Y=$memory$auto$proc_rom.cc:155:do_switch$30$rdmux[0][5][23]$b$213 [3:0]
      New connections: $memory$auto$proc_rom.cc:155:do_switch$30$rdmux[0][5][23]$b$213 [4] = 1'0
    Consolidated identical input bits for $mux cell $memory$auto$proc_rom.cc:155:do_switch$30$rdmux[0][6][46]$376:
      Old ports: A=$memory$auto$proc_rom.cc:155:do_switch$30$rdmux[0][6][46]$a$377, B=$memory$auto$proc_rom.cc:155:do_switch$30$rdmux[0][6][46]$b$378, Y=$memory$auto$proc_rom.cc:155:do_switch$30$rdmux[0][5][23]$a$212
      New ports: A={ 2'01 $memory$auto$proc_rom.cc:155:do_switch$30$rdmux[0][6][46]$a$377 [0] $memory$auto$proc_rom.cc:155:do_switch$30$rdmux[0][6][46]$a$377 [0] }, B={ 1'1 $memory$auto$proc_rom.cc:155:do_switch$30$rdmux[0][6][46]$b$378 [0] $memory$auto$proc_rom.cc:155:do_switch$30$rdmux[0][6][46]$b$378 [1:0] }, Y=$memory$auto$proc_rom.cc:155:do_switch$30$rdmux[0][5][23]$a$212 [3:0]
      New connections: $memory$auto$proc_rom.cc:155:do_switch$30$rdmux[0][5][23]$a$212 [4] = 1'0
    Consolidated identical input bits for $mux cell $memory$auto$proc_rom.cc:155:do_switch$30$rdmux[0][6][45]$373:
      Old ports: A=$memory$auto$proc_rom.cc:155:do_switch$30$rdmux[0][6][45]$a$374, B=$memory$auto$proc_rom.cc:155:do_switch$30$rdmux[0][6][45]$b$375, Y=$memory$auto$proc_rom.cc:155:do_switch$30$rdmux[0][5][22]$b$210
      New ports: A={ 1'0 $memory$auto$proc_rom.cc:155:do_switch$30$rdmux[0][6][45]$a$374 [0] $memory$auto$proc_rom.cc:155:do_switch$30$rdmux[0][6][45]$a$374 [1:0] }, B={ 2'10 $memory$auto$proc_rom.cc:155:do_switch$30$rdmux[0][6][45]$b$375 [0] $memory$auto$proc_rom.cc:155:do_switch$30$rdmux[0][6][45]$b$375 [0] }, Y=$memory$auto$proc_rom.cc:155:do_switch$30$rdmux[0][5][22]$b$210 [3:0]
      New connections: $memory$auto$proc_rom.cc:155:do_switch$30$rdmux[0][5][22]$b$210 [4] = 1'0
    Consolidated identical input bits for $mux cell $memory$auto$proc_rom.cc:155:do_switch$30$rdmux[0][6][44]$370:
      Old ports: A=$memory$auto$proc_rom.cc:155:do_switch$30$rdmux[0][6][44]$a$371, B=$memory$auto$proc_rom.cc:155:do_switch$30$rdmux[0][6][44]$b$372, Y=$memory$auto$proc_rom.cc:155:do_switch$30$rdmux[0][5][22]$a$209
      New ports: A={ 2'00 $memory$auto$proc_rom.cc:155:do_switch$30$rdmux[0][6][44]$a$371 [0] $memory$auto$proc_rom.cc:155:do_switch$30$rdmux[0][6][44]$a$371 [0] }, B={ $memory$auto$proc_rom.cc:155:do_switch$30$rdmux[0][6][44]$b$372 [0] $memory$auto$proc_rom.cc:155:do_switch$30$rdmux[0][6][44]$b$372 [1] $memory$auto$proc_rom.cc:155:do_switch$30$rdmux[0][6][44]$b$372 [1:0] }, Y=$memory$auto$proc_rom.cc:155:do_switch$30$rdmux[0][5][22]$a$209 [3:0]
      New connections: $memory$auto$proc_rom.cc:155:do_switch$30$rdmux[0][5][22]$a$209 [4] = 1'0
    Consolidated identical input bits for $mux cell $memory$auto$proc_rom.cc:155:do_switch$30$rdmux[0][6][43]$367:
      Old ports: A=$memory$auto$proc_rom.cc:155:do_switch$30$rdmux[0][6][43]$a$368, B=$memory$auto$proc_rom.cc:155:do_switch$30$rdmux[0][6][43]$b$369, Y=$memory$auto$proc_rom.cc:155:do_switch$30$rdmux[0][5][21]$b$207
      New ports: A={ $memory$auto$proc_rom.cc:155:do_switch$30$rdmux[0][6][43]$a$368 [3] $memory$auto$proc_rom.cc:155:do_switch$30$rdmux[0][6][43]$a$368 [1] $memory$auto$proc_rom.cc:155:do_switch$30$rdmux[0][6][43]$a$368 [1] }, B={ 1'1 $memory$auto$proc_rom.cc:155:do_switch$30$rdmux[0][6][43]$b$369 [2:1] }, Y=$memory$auto$proc_rom.cc:155:do_switch$30$rdmux[0][5][21]$b$207 [3:1]
      New connections: { $memory$auto$proc_rom.cc:155:do_switch$30$rdmux[0][5][21]$b$207 [4] $memory$auto$proc_rom.cc:155:do_switch$30$rdmux[0][5][21]$b$207 [0] } = 2'00
    Consolidated identical input bits for $mux cell $memory$auto$proc_rom.cc:155:do_switch$30$rdmux[0][6][42]$364:
      Old ports: A=$memory$auto$proc_rom.cc:155:do_switch$30$rdmux[0][6][42]$a$365, B=$memory$auto$proc_rom.cc:155:do_switch$30$rdmux[0][6][42]$b$366, Y=$memory$auto$proc_rom.cc:155:do_switch$30$rdmux[0][5][21]$a$206
      New ports: A={ 2'01 $memory$auto$proc_rom.cc:155:do_switch$30$rdmux[0][6][42]$a$365 [1] }, B={ 2'10 $memory$auto$proc_rom.cc:155:do_switch$30$rdmux[0][6][42]$b$366 [1] }, Y=$memory$auto$proc_rom.cc:155:do_switch$30$rdmux[0][5][21]$a$206 [3:1]
      New connections: { $memory$auto$proc_rom.cc:155:do_switch$30$rdmux[0][5][21]$a$206 [4] $memory$auto$proc_rom.cc:155:do_switch$30$rdmux[0][5][21]$a$206 [0] } = 2'00
    Consolidated identical input bits for $mux cell $memory$auto$proc_rom.cc:155:do_switch$30$rdmux[0][6][41]$361:
      Old ports: A=$memory$auto$proc_rom.cc:155:do_switch$30$rdmux[0][6][41]$a$362, B=$memory$auto$proc_rom.cc:155:do_switch$30$rdmux[0][6][41]$b$363, Y=$memory$auto$proc_rom.cc:155:do_switch$30$rdmux[0][5][20]$b$204
      New ports: A={ 1'0 $memory$auto$proc_rom.cc:155:do_switch$30$rdmux[0][6][41]$a$362 [2:1] }, B={ $memory$auto$proc_rom.cc:155:do_switch$30$rdmux[0][6][41]$b$363 [3] $memory$auto$proc_rom.cc:155:do_switch$30$rdmux[0][6][41]$b$363 [1] $memory$auto$proc_rom.cc:155:do_switch$30$rdmux[0][6][41]$b$363 [1] }, Y=$memory$auto$proc_rom.cc:155:do_switch$30$rdmux[0][5][20]$b$204 [3:1]
      New connections: { $memory$auto$proc_rom.cc:155:do_switch$30$rdmux[0][5][20]$b$204 [4] $memory$auto$proc_rom.cc:155:do_switch$30$rdmux[0][5][20]$b$204 [0] } = 2'00
    Consolidated identical input bits for $mux cell $memory$auto$proc_rom.cc:155:do_switch$30$rdmux[0][6][40]$358:
      Old ports: A=$memory$auto$proc_rom.cc:155:do_switch$30$rdmux[0][6][40]$a$359, B=$memory$auto$proc_rom.cc:155:do_switch$30$rdmux[0][6][40]$b$360, Y=$memory$auto$proc_rom.cc:155:do_switch$30$rdmux[0][5][20]$a$203
      New ports: A={ 1'0 $memory$auto$proc_rom.cc:155:do_switch$30$rdmux[0][6][40]$a$359 [1] }, B={ 1'1 $memory$auto$proc_rom.cc:155:do_switch$30$rdmux[0][6][40]$b$360 [1] }, Y=$memory$auto$proc_rom.cc:155:do_switch$30$rdmux[0][5][20]$a$203 [2:1]
      New connections: { $memory$auto$proc_rom.cc:155:do_switch$30$rdmux[0][5][20]$a$203 [4:3] $memory$auto$proc_rom.cc:155:do_switch$30$rdmux[0][5][20]$a$203 [0] } = 3'000
    Consolidated identical input bits for $mux cell $memory$auto$proc_rom.cc:155:do_switch$30$rdmux[0][6][39]$355:
      Old ports: A=$memory$auto$proc_rom.cc:155:do_switch$30$rdmux[0][6][39]$a$356, B=$memory$auto$proc_rom.cc:155:do_switch$30$rdmux[0][6][39]$b$357, Y=$memory$auto$proc_rom.cc:155:do_switch$30$rdmux[0][5][19]$b$201
      New ports: A={ 2'01 $memory$auto$proc_rom.cc:155:do_switch$30$rdmux[0][6][39]$a$356 [0] }, B={ 2'10 $memory$auto$proc_rom.cc:155:do_switch$30$rdmux[0][6][39]$b$357 [0] }, Y={ $memory$auto$proc_rom.cc:155:do_switch$30$rdmux[0][5][19]$b$201 [3] $memory$auto$proc_rom.cc:155:do_switch$30$rdmux[0][5][19]$b$201 [1:0] }
      New connections: { $memory$auto$proc_rom.cc:155:do_switch$30$rdmux[0][5][19]$b$201 [4] $memory$auto$proc_rom.cc:155:do_switch$30$rdmux[0][5][19]$b$201 [2] } = { 1'0 $memory$auto$proc_rom.cc:155:do_switch$30$rdmux[0][5][19]$b$201 [1] }
    Consolidated identical input bits for $mux cell $memory$auto$proc_rom.cc:155:do_switch$30$rdmux[0][6][38]$352:
      Old ports: A=$memory$auto$proc_rom.cc:155:do_switch$30$rdmux[0][6][38]$a$353, B=$memory$auto$proc_rom.cc:155:do_switch$30$rdmux[0][6][38]$b$354, Y=$memory$auto$proc_rom.cc:155:do_switch$30$rdmux[0][5][19]$a$200
      New ports: A={ 1'0 $memory$auto$proc_rom.cc:155:do_switch$30$rdmux[0][6][38]$a$353 [0] }, B={ 1'1 $memory$auto$proc_rom.cc:155:do_switch$30$rdmux[0][6][38]$b$354 [0] }, Y=$memory$auto$proc_rom.cc:155:do_switch$30$rdmux[0][5][19]$a$200 [1:0]
      New connections: $memory$auto$proc_rom.cc:155:do_switch$30$rdmux[0][5][19]$a$200 [4:2] = 3'001
    Consolidated identical input bits for $mux cell $memory$auto$proc_rom.cc:155:do_switch$30$rdmux[0][6][37]$349:
      Old ports: A=$memory$auto$proc_rom.cc:155:do_switch$30$rdmux[0][6][37]$a$350, B=$memory$auto$proc_rom.cc:155:do_switch$30$rdmux[0][6][37]$b$351, Y=$memory$auto$proc_rom.cc:155:do_switch$30$rdmux[0][5][18]$b$198
      New ports: A={ 2'01 $memory$auto$proc_rom.cc:155:do_switch$30$rdmux[0][6][37]$a$350 [0] }, B={ 2'10 $memory$auto$proc_rom.cc:155:do_switch$30$rdmux[0][6][37]$b$351 [0] }, Y=$memory$auto$proc_rom.cc:155:do_switch$30$rdmux[0][5][18]$b$198 [2:0]
      New connections: $memory$auto$proc_rom.cc:155:do_switch$30$rdmux[0][5][18]$b$198 [4:3] = 2'00
    Consolidated identical input bits for $mux cell $memory$auto$proc_rom.cc:155:do_switch$30$rdmux[0][6][36]$346:
      Old ports: A=$memory$auto$proc_rom.cc:155:do_switch$30$rdmux[0][6][36]$a$347, B=$memory$auto$proc_rom.cc:155:do_switch$30$rdmux[0][6][36]$b$348, Y=$memory$auto$proc_rom.cc:155:do_switch$30$rdmux[0][5][18]$a$197
      New ports: A={ 1'0 $memory$auto$proc_rom.cc:155:do_switch$30$rdmux[0][6][36]$a$347 [0] }, B={ 1'1 $memory$auto$proc_rom.cc:155:do_switch$30$rdmux[0][6][36]$b$348 [0] }, Y=$memory$auto$proc_rom.cc:155:do_switch$30$rdmux[0][5][18]$a$197 [1:0]
      New connections: $memory$auto$proc_rom.cc:155:do_switch$30$rdmux[0][5][18]$a$197 [4:2] = 3'000
    Consolidated identical input bits for $mux cell $memory$auto$proc_rom.cc:155:do_switch$30$rdmux[0][6][31]$331:
      Old ports: A=$memory$auto$proc_rom.cc:155:do_switch$30$rdmux[0][6][31]$a$332, B=$memory$auto$proc_rom.cc:155:do_switch$30$rdmux[0][6][31]$b$333, Y=$memory$auto$proc_rom.cc:155:do_switch$30$rdmux[0][5][15]$b$189
      New ports: A={ 1'0 $memory$auto$proc_rom.cc:155:do_switch$30$rdmux[0][6][31]$a$332 [2] 1'1 $memory$auto$proc_rom.cc:155:do_switch$30$rdmux[0][6][31]$a$332 [0] }, B={ 1'1 $memory$auto$proc_rom.cc:155:do_switch$30$rdmux[0][6][31]$b$333 [2] 1'0 $memory$auto$proc_rom.cc:155:do_switch$30$rdmux[0][6][31]$b$333 [0] }, Y=$memory$auto$proc_rom.cc:155:do_switch$30$rdmux[0][5][15]$b$189 [3:0]
      New connections: $memory$auto$proc_rom.cc:155:do_switch$30$rdmux[0][5][15]$b$189 [4] = 1'0
    Consolidated identical input bits for $mux cell $memory$auto$proc_rom.cc:155:do_switch$30$rdmux[0][6][30]$328:
      Old ports: A=$memory$auto$proc_rom.cc:155:do_switch$30$rdmux[0][6][30]$a$329, B=$memory$auto$proc_rom.cc:155:do_switch$30$rdmux[0][6][30]$b$330, Y=$memory$auto$proc_rom.cc:155:do_switch$30$rdmux[0][5][15]$a$188
      New ports: A={ 1'0 $memory$auto$proc_rom.cc:155:do_switch$30$rdmux[0][6][30]$a$329 [0] $memory$auto$proc_rom.cc:155:do_switch$30$rdmux[0][6][30]$a$329 [1:0] }, B={ 2'10 $memory$auto$proc_rom.cc:155:do_switch$30$rdmux[0][6][30]$b$330 [0] $memory$auto$proc_rom.cc:155:do_switch$30$rdmux[0][6][30]$b$330 [0] }, Y=$memory$auto$proc_rom.cc:155:do_switch$30$rdmux[0][5][15]$a$188 [3:0]
      New connections: $memory$auto$proc_rom.cc:155:do_switch$30$rdmux[0][5][15]$a$188 [4] = 1'0
    Consolidated identical input bits for $mux cell $memory$auto$proc_rom.cc:155:do_switch$30$rdmux[0][6][29]$325:
      Old ports: A=$memory$auto$proc_rom.cc:155:do_switch$30$rdmux[0][6][29]$a$326, B=$memory$auto$proc_rom.cc:155:do_switch$30$rdmux[0][6][29]$b$327, Y=$memory$auto$proc_rom.cc:155:do_switch$30$rdmux[0][5][14]$b$186
      New ports: A={ 1'0 $memory$auto$proc_rom.cc:155:do_switch$30$rdmux[0][6][29]$a$326 [2] 1'0 $memory$auto$proc_rom.cc:155:do_switch$30$rdmux[0][6][29]$a$326 [0] }, B={ $memory$auto$proc_rom.cc:155:do_switch$30$rdmux[0][6][29]$b$327 [3] $memory$auto$proc_rom.cc:155:do_switch$30$rdmux[0][6][29]$b$327 [0] 1'1 $memory$auto$proc_rom.cc:155:do_switch$30$rdmux[0][6][29]$b$327 [0] }, Y=$memory$auto$proc_rom.cc:155:do_switch$30$rdmux[0][5][14]$b$186 [3:0]
      New connections: $memory$auto$proc_rom.cc:155:do_switch$30$rdmux[0][5][14]$b$186 [4] = 1'0
    Consolidated identical input bits for $mux cell $memory$auto$proc_rom.cc:155:do_switch$30$rdmux[0][6][28]$322:
      Old ports: A=$memory$auto$proc_rom.cc:155:do_switch$30$rdmux[0][6][28]$a$323, B=$memory$auto$proc_rom.cc:155:do_switch$30$rdmux[0][6][28]$b$324, Y=$memory$auto$proc_rom.cc:155:do_switch$30$rdmux[0][5][14]$a$185
      New ports: A={ 2'00 $memory$auto$proc_rom.cc:155:do_switch$30$rdmux[0][6][28]$a$323 [0] $memory$auto$proc_rom.cc:155:do_switch$30$rdmux[0][6][28]$a$323 [0] }, B={ $memory$auto$proc_rom.cc:155:do_switch$30$rdmux[0][6][28]$b$324 [0] $memory$auto$proc_rom.cc:155:do_switch$30$rdmux[0][6][28]$b$324 [1] $memory$auto$proc_rom.cc:155:do_switch$30$rdmux[0][6][28]$b$324 [1:0] }, Y=$memory$auto$proc_rom.cc:155:do_switch$30$rdmux[0][5][14]$a$185 [3:0]
      New connections: $memory$auto$proc_rom.cc:155:do_switch$30$rdmux[0][5][14]$a$185 [4] = 1'0
    Consolidated identical input bits for $mux cell $memory$auto$proc_rom.cc:155:do_switch$30$rdmux[0][6][27]$319:
      Old ports: A=$memory$auto$proc_rom.cc:155:do_switch$30$rdmux[0][6][27]$a$320, B=$memory$auto$proc_rom.cc:155:do_switch$30$rdmux[0][6][27]$b$321, Y=$memory$auto$proc_rom.cc:155:do_switch$30$rdmux[0][5][13]$b$183
      New ports: A={ 1'0 $memory$auto$proc_rom.cc:155:do_switch$30$rdmux[0][6][27]$a$320 [2:1] }, B={ $memory$auto$proc_rom.cc:155:do_switch$30$rdmux[0][6][27]$b$321 [3] $memory$auto$proc_rom.cc:155:do_switch$30$rdmux[0][6][27]$b$321 [1] $memory$auto$proc_rom.cc:155:do_switch$30$rdmux[0][6][27]$b$321 [1] }, Y=$memory$auto$proc_rom.cc:155:do_switch$30$rdmux[0][5][13]$b$183 [3:1]
      New connections: { $memory$auto$proc_rom.cc:155:do_switch$30$rdmux[0][5][13]$b$183 [4] $memory$auto$proc_rom.cc:155:do_switch$30$rdmux[0][5][13]$b$183 [0] } = 2'01
    Consolidated identical input bits for $mux cell $memory$auto$proc_rom.cc:155:do_switch$30$rdmux[0][6][26]$316:
      Old ports: A=$memory$auto$proc_rom.cc:155:do_switch$30$rdmux[0][6][26]$a$317, B=$memory$auto$proc_rom.cc:155:do_switch$30$rdmux[0][6][26]$b$318, Y=$memory$auto$proc_rom.cc:155:do_switch$30$rdmux[0][5][13]$a$182
      New ports: A={ 1'0 $memory$auto$proc_rom.cc:155:do_switch$30$rdmux[0][6][26]$a$317 [2:1] }, B={ $memory$auto$proc_rom.cc:155:do_switch$30$rdmux[0][6][26]$b$318 [3] $memory$auto$proc_rom.cc:155:do_switch$30$rdmux[0][6][26]$b$318 [1] $memory$auto$proc_rom.cc:155:do_switch$30$rdmux[0][6][26]$b$318 [1] }, Y=$memory$auto$proc_rom.cc:155:do_switch$30$rdmux[0][5][13]$a$182 [3:1]
      New connections: { $memory$auto$proc_rom.cc:155:do_switch$30$rdmux[0][5][13]$a$182 [4] $memory$auto$proc_rom.cc:155:do_switch$30$rdmux[0][5][13]$a$182 [0] } = 2'00
    Consolidated identical input bits for $mux cell $memory$auto$proc_rom.cc:155:do_switch$30$rdmux[0][6][25]$313:
      Old ports: A=$memory$auto$proc_rom.cc:155:do_switch$30$rdmux[0][6][25]$a$314, B=$memory$auto$proc_rom.cc:155:do_switch$30$rdmux[0][6][25]$b$315, Y=$memory$auto$proc_rom.cc:155:do_switch$30$rdmux[0][5][12]$b$180
      New ports: A={ 1'0 $memory$auto$proc_rom.cc:155:do_switch$30$rdmux[0][6][25]$a$314 [1] }, B={ 1'1 $memory$auto$proc_rom.cc:155:do_switch$30$rdmux[0][6][25]$b$315 [1] }, Y=$memory$auto$proc_rom.cc:155:do_switch$30$rdmux[0][5][12]$b$180 [2:1]
      New connections: { $memory$auto$proc_rom.cc:155:do_switch$30$rdmux[0][5][12]$b$180 [4:3] $memory$auto$proc_rom.cc:155:do_switch$30$rdmux[0][5][12]$b$180 [0] } = 3'001
    Consolidated identical input bits for $mux cell $memory$auto$proc_rom.cc:155:do_switch$30$rdmux[0][6][24]$310:
      Old ports: A=$memory$auto$proc_rom.cc:155:do_switch$30$rdmux[0][6][24]$a$311, B=$memory$auto$proc_rom.cc:155:do_switch$30$rdmux[0][6][24]$b$312, Y=$memory$auto$proc_rom.cc:155:do_switch$30$rdmux[0][5][12]$a$179
      New ports: A={ 1'0 $memory$auto$proc_rom.cc:155:do_switch$30$rdmux[0][6][24]$a$311 [1] }, B={ 1'1 $memory$auto$proc_rom.cc:155:do_switch$30$rdmux[0][6][24]$b$312 [1] }, Y=$memory$auto$proc_rom.cc:155:do_switch$30$rdmux[0][5][12]$a$179 [2:1]
      New connections: { $memory$auto$proc_rom.cc:155:do_switch$30$rdmux[0][5][12]$a$179 [4:3] $memory$auto$proc_rom.cc:155:do_switch$30$rdmux[0][5][12]$a$179 [0] } = 3'000
    Consolidated identical input bits for $mux cell $memory$auto$proc_rom.cc:155:do_switch$30$rdmux[0][6][23]$307:
      Old ports: A=$memory$auto$proc_rom.cc:155:do_switch$30$rdmux[0][6][23]$a$308, B=$memory$auto$proc_rom.cc:155:do_switch$30$rdmux[0][6][23]$b$309, Y=$memory$auto$proc_rom.cc:155:do_switch$30$rdmux[0][5][11]$b$177
      New ports: A={ $memory$auto$proc_rom.cc:155:do_switch$30$rdmux[0][6][23]$a$308 [2] $memory$auto$proc_rom.cc:155:do_switch$30$rdmux[0][6][23]$a$308 [0] $memory$auto$proc_rom.cc:155:do_switch$30$rdmux[0][6][23]$a$308 [0] }, B={ 1'1 $memory$auto$proc_rom.cc:155:do_switch$30$rdmux[0][6][23]$b$309 [1:0] }, Y=$memory$auto$proc_rom.cc:155:do_switch$30$rdmux[0][5][11]$b$177 [2:0]
      New connections: $memory$auto$proc_rom.cc:155:do_switch$30$rdmux[0][5][11]$b$177 [4:3] = 2'00
    Consolidated identical input bits for $mux cell $memory$auto$proc_rom.cc:155:do_switch$30$rdmux[0][6][22]$304:
      Old ports: A=$memory$auto$proc_rom.cc:155:do_switch$30$rdmux[0][6][22]$a$305, B=$memory$auto$proc_rom.cc:155:do_switch$30$rdmux[0][6][22]$b$306, Y=$memory$auto$proc_rom.cc:155:do_switch$30$rdmux[0][5][11]$a$176
      New ports: A={ 2'01 $memory$auto$proc_rom.cc:155:do_switch$30$rdmux[0][6][22]$a$305 [0] }, B={ 2'10 $memory$auto$proc_rom.cc:155:do_switch$30$rdmux[0][6][22]$b$306 [0] }, Y=$memory$auto$proc_rom.cc:155:do_switch$30$rdmux[0][5][11]$a$176 [2:0]
      New connections: $memory$auto$proc_rom.cc:155:do_switch$30$rdmux[0][5][11]$a$176 [4:3] = 2'00
    Consolidated identical input bits for $mux cell $memory$auto$proc_rom.cc:155:do_switch$30$rdmux[0][6][21]$301:
      Old ports: A=$memory$auto$proc_rom.cc:155:do_switch$30$rdmux[0][6][21]$a$302, B=$memory$auto$proc_rom.cc:155:do_switch$30$rdmux[0][6][21]$b$303, Y=$memory$auto$proc_rom.cc:155:do_switch$30$rdmux[0][5][10]$b$174
      New ports: A={ 1'0 $memory$auto$proc_rom.cc:155:do_switch$30$rdmux[0][6][21]$a$302 [1:0] }, B={ $memory$auto$proc_rom.cc:155:do_switch$30$rdmux[0][6][21]$b$303 [2] $memory$auto$proc_rom.cc:155:do_switch$30$rdmux[0][6][21]$b$303 [0] $memory$auto$proc_rom.cc:155:do_switch$30$rdmux[0][6][21]$b$303 [0] }, Y=$memory$auto$proc_rom.cc:155:do_switch$30$rdmux[0][5][10]$b$174 [2:0]
      New connections: $memory$auto$proc_rom.cc:155:do_switch$30$rdmux[0][5][10]$b$174 [4:3] = 2'00
    Consolidated identical input bits for $mux cell $memory$auto$proc_rom.cc:155:do_switch$30$rdmux[0][6][20]$298:
      Old ports: A=$memory$auto$proc_rom.cc:155:do_switch$30$rdmux[0][6][20]$a$299, B=$memory$auto$proc_rom.cc:155:do_switch$30$rdmux[0][6][20]$b$300, Y=$memory$auto$proc_rom.cc:155:do_switch$30$rdmux[0][5][10]$a$173
      New ports: A={ 1'0 $memory$auto$proc_rom.cc:155:do_switch$30$rdmux[0][6][20]$a$299 [0] }, B={ 1'1 $memory$auto$proc_rom.cc:155:do_switch$30$rdmux[0][6][20]$b$300 [0] }, Y=$memory$auto$proc_rom.cc:155:do_switch$30$rdmux[0][5][10]$a$173 [1:0]
      New connections: $memory$auto$proc_rom.cc:155:do_switch$30$rdmux[0][5][10]$a$173 [4:2] = 3'000
    Consolidated identical input bits for $mux cell $memory$auto$proc_rom.cc:155:do_switch$30$rdmux[0][6][15]$283:
      Old ports: A=$memory$auto$proc_rom.cc:155:do_switch$30$rdmux[0][6][15]$a$284, B=$memory$auto$proc_rom.cc:155:do_switch$30$rdmux[0][6][15]$b$285, Y=$memory$auto$proc_rom.cc:155:do_switch$30$rdmux[0][5][7]$b$165
      New ports: A={ 2'00 $memory$auto$proc_rom.cc:155:do_switch$30$rdmux[0][6][15]$a$284 [0] $memory$auto$proc_rom.cc:155:do_switch$30$rdmux[0][6][15]$a$284 [0] }, B={ $memory$auto$proc_rom.cc:155:do_switch$30$rdmux[0][6][15]$b$285 [0] $memory$auto$proc_rom.cc:155:do_switch$30$rdmux[0][6][15]$b$285 [1] $memory$auto$proc_rom.cc:155:do_switch$30$rdmux[0][6][15]$b$285 [1:0] }, Y=$memory$auto$proc_rom.cc:155:do_switch$30$rdmux[0][5][7]$b$165 [3:0]
      New connections: $memory$auto$proc_rom.cc:155:do_switch$30$rdmux[0][5][7]$b$165 [4] = 1'0
    Consolidated identical input bits for $mux cell $memory$auto$proc_rom.cc:155:do_switch$30$rdmux[0][6][14]$280:
      Old ports: A=$memory$auto$proc_rom.cc:155:do_switch$30$rdmux[0][6][14]$a$281, B=$memory$auto$proc_rom.cc:155:do_switch$30$rdmux[0][6][14]$b$282, Y=$memory$auto$proc_rom.cc:155:do_switch$30$rdmux[0][5][7]$a$164
      New ports: A={ 2'00 $memory$auto$proc_rom.cc:155:do_switch$30$rdmux[0][6][14]$a$281 [0] $memory$auto$proc_rom.cc:155:do_switch$30$rdmux[0][6][14]$a$281 [0] }, B={ $memory$auto$proc_rom.cc:155:do_switch$30$rdmux[0][6][14]$b$282 [0] $memory$auto$proc_rom.cc:155:do_switch$30$rdmux[0][6][14]$b$282 [1] $memory$auto$proc_rom.cc:155:do_switch$30$rdmux[0][6][14]$b$282 [1:0] }, Y=$memory$auto$proc_rom.cc:155:do_switch$30$rdmux[0][5][7]$a$164 [3:0]
      New connections: $memory$auto$proc_rom.cc:155:do_switch$30$rdmux[0][5][7]$a$164 [4] = 1'0
    Consolidated identical input bits for $mux cell $memory$auto$proc_rom.cc:155:do_switch$30$rdmux[0][6][13]$277:
      Old ports: A=$memory$auto$proc_rom.cc:155:do_switch$30$rdmux[0][6][13]$a$278, B=$memory$auto$proc_rom.cc:155:do_switch$30$rdmux[0][6][13]$b$279, Y=$memory$auto$proc_rom.cc:155:do_switch$30$rdmux[0][5][6]$b$162
      New ports: A={ 2'00 $memory$auto$proc_rom.cc:155:do_switch$30$rdmux[0][6][13]$a$278 [0] $memory$auto$proc_rom.cc:155:do_switch$30$rdmux[0][6][13]$a$278 [0] }, B={ $memory$auto$proc_rom.cc:155:do_switch$30$rdmux[0][6][13]$b$279 [0] $memory$auto$proc_rom.cc:155:do_switch$30$rdmux[0][6][13]$b$279 [1] $memory$auto$proc_rom.cc:155:do_switch$30$rdmux[0][6][13]$b$279 [1:0] }, Y=$memory$auto$proc_rom.cc:155:do_switch$30$rdmux[0][5][6]$b$162 [3:0]
      New connections: $memory$auto$proc_rom.cc:155:do_switch$30$rdmux[0][5][6]$b$162 [4] = 1'0
    Consolidated identical input bits for $mux cell $memory$auto$proc_rom.cc:155:do_switch$30$rdmux[0][6][12]$274:
      Old ports: A=$memory$auto$proc_rom.cc:155:do_switch$30$rdmux[0][6][12]$a$275, B=$memory$auto$proc_rom.cc:155:do_switch$30$rdmux[0][6][12]$b$276, Y=$memory$auto$proc_rom.cc:155:do_switch$30$rdmux[0][5][6]$a$161
      New ports: A={ 2'00 $memory$auto$proc_rom.cc:155:do_switch$30$rdmux[0][6][12]$a$275 [0] $memory$auto$proc_rom.cc:155:do_switch$30$rdmux[0][6][12]$a$275 [0] }, B={ $memory$auto$proc_rom.cc:155:do_switch$30$rdmux[0][6][12]$b$276 [0] $memory$auto$proc_rom.cc:155:do_switch$30$rdmux[0][6][12]$b$276 [1] $memory$auto$proc_rom.cc:155:do_switch$30$rdmux[0][6][12]$b$276 [1:0] }, Y=$memory$auto$proc_rom.cc:155:do_switch$30$rdmux[0][5][6]$a$161 [3:0]
      New connections: $memory$auto$proc_rom.cc:155:do_switch$30$rdmux[0][5][6]$a$161 [4] = 1'0
    Consolidated identical input bits for $mux cell $memory$auto$proc_rom.cc:155:do_switch$30$rdmux[0][6][11]$271:
      Old ports: A=$memory$auto$proc_rom.cc:155:do_switch$30$rdmux[0][6][11]$a$272, B=$memory$auto$proc_rom.cc:155:do_switch$30$rdmux[0][6][11]$b$273, Y=$memory$auto$proc_rom.cc:155:do_switch$30$rdmux[0][5][5]$b$159
      New ports: A={ 1'0 $memory$auto$proc_rom.cc:155:do_switch$30$rdmux[0][6][11]$a$272 [1] }, B={ 1'1 $memory$auto$proc_rom.cc:155:do_switch$30$rdmux[0][6][11]$b$273 [1] }, Y=$memory$auto$proc_rom.cc:155:do_switch$30$rdmux[0][5][5]$b$159 [2:1]
      New connections: { $memory$auto$proc_rom.cc:155:do_switch$30$rdmux[0][5][5]$b$159 [4:3] $memory$auto$proc_rom.cc:155:do_switch$30$rdmux[0][5][5]$b$159 [0] } = 3'000
    Consolidated identical input bits for $mux cell $memory$auto$proc_rom.cc:155:do_switch$30$rdmux[0][6][10]$268:
      Old ports: A=$memory$auto$proc_rom.cc:155:do_switch$30$rdmux[0][6][10]$a$269, B=$memory$auto$proc_rom.cc:155:do_switch$30$rdmux[0][6][10]$b$270, Y=$memory$auto$proc_rom.cc:155:do_switch$30$rdmux[0][5][5]$a$158
      New ports: A={ 1'0 $memory$auto$proc_rom.cc:155:do_switch$30$rdmux[0][6][10]$a$269 [1] }, B={ 1'1 $memory$auto$proc_rom.cc:155:do_switch$30$rdmux[0][6][10]$b$270 [1] }, Y=$memory$auto$proc_rom.cc:155:do_switch$30$rdmux[0][5][5]$a$158 [2:1]
      New connections: { $memory$auto$proc_rom.cc:155:do_switch$30$rdmux[0][5][5]$a$158 [4:3] $memory$auto$proc_rom.cc:155:do_switch$30$rdmux[0][5][5]$a$158 [0] } = 3'000
    Consolidated identical input bits for $mux cell $memory$auto$proc_rom.cc:155:do_switch$30$rdmux[0][6][9]$265:
      Old ports: A=$memory$auto$proc_rom.cc:155:do_switch$30$rdmux[0][6][9]$a$266, B=$memory$auto$proc_rom.cc:155:do_switch$30$rdmux[0][6][9]$b$267, Y=$memory$auto$proc_rom.cc:155:do_switch$30$rdmux[0][5][4]$b$156
      New ports: A={ 1'0 $memory$auto$proc_rom.cc:155:do_switch$30$rdmux[0][6][9]$a$266 [1] }, B={ 1'1 $memory$auto$proc_rom.cc:155:do_switch$30$rdmux[0][6][9]$b$267 [1] }, Y=$memory$auto$proc_rom.cc:155:do_switch$30$rdmux[0][5][4]$b$156 [2:1]
      New connections: { $memory$auto$proc_rom.cc:155:do_switch$30$rdmux[0][5][4]$b$156 [4:3] $memory$auto$proc_rom.cc:155:do_switch$30$rdmux[0][5][4]$b$156 [0] } = 3'000
    Consolidated identical input bits for $mux cell $memory$auto$proc_rom.cc:155:do_switch$30$rdmux[0][6][8]$262:
      Old ports: A=$memory$auto$proc_rom.cc:155:do_switch$30$rdmux[0][6][8]$a$263, B=$memory$auto$proc_rom.cc:155:do_switch$30$rdmux[0][6][8]$b$264, Y=$memory$auto$proc_rom.cc:155:do_switch$30$rdmux[0][5][4]$a$155
      New ports: A={ 1'0 $memory$auto$proc_rom.cc:155:do_switch$30$rdmux[0][6][8]$a$263 [1] }, B={ 1'1 $memory$auto$proc_rom.cc:155:do_switch$30$rdmux[0][6][8]$b$264 [1] }, Y=$memory$auto$proc_rom.cc:155:do_switch$30$rdmux[0][5][4]$a$155 [2:1]
      New connections: { $memory$auto$proc_rom.cc:155:do_switch$30$rdmux[0][5][4]$a$155 [4:3] $memory$auto$proc_rom.cc:155:do_switch$30$rdmux[0][5][4]$a$155 [0] } = 3'000
    Consolidated identical input bits for $mux cell $memory$auto$proc_rom.cc:155:do_switch$30$rdmux[0][6][7]$259:
      Old ports: A=$memory$auto$proc_rom.cc:155:do_switch$30$rdmux[0][6][7]$a$260, B=$memory$auto$proc_rom.cc:155:do_switch$30$rdmux[0][6][7]$b$261, Y=$memory$auto$proc_rom.cc:155:do_switch$30$rdmux[0][5][3]$b$153
      New ports: A={ 1'0 $memory$auto$proc_rom.cc:155:do_switch$30$rdmux[0][6][7]$a$260 [0] }, B={ 1'1 $memory$auto$proc_rom.cc:155:do_switch$30$rdmux[0][6][7]$b$261 [0] }, Y=$memory$auto$proc_rom.cc:155:do_switch$30$rdmux[0][5][3]$b$153 [1:0]
      New connections: $memory$auto$proc_rom.cc:155:do_switch$30$rdmux[0][5][3]$b$153 [4:2] = 3'000
    Consolidated identical input bits for $mux cell $memory$auto$proc_rom.cc:155:do_switch$30$rdmux[0][6][6]$256:
      Old ports: A=$memory$auto$proc_rom.cc:155:do_switch$30$rdmux[0][6][6]$a$257, B=$memory$auto$proc_rom.cc:155:do_switch$30$rdmux[0][6][6]$b$258, Y=$memory$auto$proc_rom.cc:155:do_switch$30$rdmux[0][5][3]$a$152
      New ports: A={ 1'0 $memory$auto$proc_rom.cc:155:do_switch$30$rdmux[0][6][6]$a$257 [0] }, B={ 1'1 $memory$auto$proc_rom.cc:155:do_switch$30$rdmux[0][6][6]$b$258 [0] }, Y=$memory$auto$proc_rom.cc:155:do_switch$30$rdmux[0][5][3]$a$152 [1:0]
      New connections: $memory$auto$proc_rom.cc:155:do_switch$30$rdmux[0][5][3]$a$152 [4:2] = 3'000
    Consolidated identical input bits for $mux cell $memory$auto$proc_rom.cc:155:do_switch$30$rdmux[0][6][5]$253:
      Old ports: A=$memory$auto$proc_rom.cc:155:do_switch$30$rdmux[0][6][5]$a$254, B=$memory$auto$proc_rom.cc:155:do_switch$30$rdmux[0][6][5]$b$255, Y=$memory$auto$proc_rom.cc:155:do_switch$30$rdmux[0][5][2]$b$150
      New ports: A={ 1'0 $memory$auto$proc_rom.cc:155:do_switch$30$rdmux[0][6][5]$a$254 [0] }, B={ 1'1 $memory$auto$proc_rom.cc:155:do_switch$30$rdmux[0][6][5]$b$255 [0] }, Y=$memory$auto$proc_rom.cc:155:do_switch$30$rdmux[0][5][2]$b$150 [1:0]
      New connections: $memory$auto$proc_rom.cc:155:do_switch$30$rdmux[0][5][2]$b$150 [4:2] = 3'000
    Consolidated identical input bits for $mux cell $memory$auto$proc_rom.cc:155:do_switch$30$rdmux[0][6][4]$250:
      Old ports: A=$memory$auto$proc_rom.cc:155:do_switch$30$rdmux[0][6][4]$a$251, B=$memory$auto$proc_rom.cc:155:do_switch$30$rdmux[0][6][4]$b$252, Y=$memory$auto$proc_rom.cc:155:do_switch$30$rdmux[0][5][2]$a$149
      New ports: A={ 1'0 $memory$auto$proc_rom.cc:155:do_switch$30$rdmux[0][6][4]$a$251 [0] }, B={ 1'1 $memory$auto$proc_rom.cc:155:do_switch$30$rdmux[0][6][4]$b$252 [0] }, Y=$memory$auto$proc_rom.cc:155:do_switch$30$rdmux[0][5][2]$a$149 [1:0]
      New connections: $memory$auto$proc_rom.cc:155:do_switch$30$rdmux[0][5][2]$a$149 [4:2] = 3'000
    Consolidated identical input bits for $mux cell $memory$auto$proc_rom.cc:155:do_switch$26$rdmux[0][4][1]$1627:
      Old ports: A=$memory$auto$proc_rom.cc:155:do_switch$26$rdmux[0][4][1]$a$1628, B=$memory$auto$proc_rom.cc:155:do_switch$26$rdmux[0][4][1]$b$1629, Y=$memory$auto$proc_rom.cc:155:do_switch$26$rdmux[0][3][0]$b$1602
      New ports: A={ 1'0 $memory$auto$proc_rom.cc:155:do_switch$26$rdmux[0][4][1]$a$1628 [1] }, B={ 1'1 $memory$auto$proc_rom.cc:155:do_switch$26$rdmux[0][4][1]$b$1629 [1] }, Y=$memory$auto$proc_rom.cc:155:do_switch$26$rdmux[0][3][0]$b$1602 [2:1]
      New connections: { $memory$auto$proc_rom.cc:155:do_switch$26$rdmux[0][3][0]$b$1602 [6:3] $memory$auto$proc_rom.cc:155:do_switch$26$rdmux[0][3][0]$b$1602 [0] } = 5'01110
    Consolidated identical input bits for $mux cell $memory$auto$proc_rom.cc:155:do_switch$26$rdmux[0][4][5]$1639:
      Old ports: A=7'1001010, B=$memory$auto$proc_rom.cc:155:do_switch$26$rdmux[0][4][5]$b$1641, Y=$memory$auto$proc_rom.cc:155:do_switch$26$rdmux[0][3][2]$b$1608
      New ports: A=3'010, B={ $memory$auto$proc_rom.cc:155:do_switch$26$rdmux[0][4][5]$b$1641 [2] $memory$auto$proc_rom.cc:155:do_switch$26$rdmux[0][4][5]$b$1641 [0] $memory$auto$proc_rom.cc:155:do_switch$26$rdmux[0][4][5]$b$1641 [0] }, Y=$memory$auto$proc_rom.cc:155:do_switch$26$rdmux[0][3][2]$b$1608 [2:0]
      New connections: $memory$auto$proc_rom.cc:155:do_switch$26$rdmux[0][3][2]$b$1608 [6:3] = 4'1001
    Consolidated identical input bits for $mux cell $memory$auto$proc_rom.cc:155:do_switch$26$rdmux[0][4][8]$1648:
      Old ports: A=7'1010000, B=$memory$auto$proc_rom.cc:155:do_switch$26$rdmux[0][4][8]$b$1650, Y=$memory$auto$proc_rom.cc:155:do_switch$26$rdmux[0][3][4]$a$1613
      New ports: A=1'0, B=$memory$auto$proc_rom.cc:155:do_switch$26$rdmux[0][4][8]$b$1650 [0], Y=$memory$auto$proc_rom.cc:155:do_switch$26$rdmux[0][3][4]$a$1613 [0]
      New connections: $memory$auto$proc_rom.cc:155:do_switch$26$rdmux[0][3][4]$a$1613 [6:1] = 6'101000
    Consolidated identical input bits for $mux cell $memory$auto$proc_rom.cc:155:do_switch$26$rdmux[0][4][4]$1636:
      Old ports: A=7'1001000, B=$memory$auto$proc_rom.cc:155:do_switch$26$rdmux[0][4][4]$b$1638, Y=$memory$auto$proc_rom.cc:155:do_switch$26$rdmux[0][3][2]$a$1607
      New ports: A=2'00, B=$memory$auto$proc_rom.cc:155:do_switch$26$rdmux[0][4][4]$b$1638 [1:0], Y=$memory$auto$proc_rom.cc:155:do_switch$26$rdmux[0][3][2]$a$1607 [1:0]
      New connections: $memory$auto$proc_rom.cc:155:do_switch$26$rdmux[0][3][2]$a$1607 [6:2] = 5'10010
    Consolidated identical input bits for $mux cell $memory$auto$proc_rom.cc:155:do_switch$30$rdmux[0][4][12]$130:
      Old ports: A=$memory$auto$proc_rom.cc:155:do_switch$30$rdmux[0][4][12]$a$131, B=$memory$auto$proc_rom.cc:155:do_switch$30$rdmux[0][4][12]$b$132, Y=$memory$auto$proc_rom.cc:155:do_switch$30$rdmux[0][3][6]$a$89
      New ports: A={ 2'00 $memory$auto$proc_rom.cc:155:do_switch$30$rdmux[0][4][12]$a$131 [0] $memory$auto$proc_rom.cc:155:do_switch$30$rdmux[0][4][12]$a$131 [0] }, B={ $memory$auto$proc_rom.cc:155:do_switch$30$rdmux[0][4][12]$b$132 [0] $memory$auto$proc_rom.cc:155:do_switch$30$rdmux[0][4][12]$b$132 [1] $memory$auto$proc_rom.cc:155:do_switch$30$rdmux[0][4][12]$b$132 [1:0] }, Y=$memory$auto$proc_rom.cc:155:do_switch$30$rdmux[0][3][6]$a$89 [3:0]
      New connections: $memory$auto$proc_rom.cc:155:do_switch$30$rdmux[0][3][6]$a$89 [4] = 1'0
    Consolidated identical input bits for $mux cell $memory$auto$proc_rom.cc:155:do_switch$30$rdmux[0][4][8]$118:
      Old ports: A=$memory$auto$proc_rom.cc:155:do_switch$30$rdmux[0][4][8]$a$119, B=$memory$auto$proc_rom.cc:155:do_switch$30$rdmux[0][4][8]$b$120, Y=$memory$auto$proc_rom.cc:155:do_switch$30$rdmux[0][3][4]$a$83
      New ports: A={ 1'0 $memory$auto$proc_rom.cc:155:do_switch$30$rdmux[0][4][8]$a$119 [1] }, B={ 1'1 $memory$auto$proc_rom.cc:155:do_switch$30$rdmux[0][4][8]$b$120 [1] }, Y=$memory$auto$proc_rom.cc:155:do_switch$30$rdmux[0][3][4]$a$83 [2:1]
      New connections: { $memory$auto$proc_rom.cc:155:do_switch$30$rdmux[0][3][4]$a$83 [4:3] $memory$auto$proc_rom.cc:155:do_switch$30$rdmux[0][3][4]$a$83 [0] } = 3'000
    Consolidated identical input bits for $mux cell $memory$auto$proc_rom.cc:155:do_switch$30$rdmux[0][4][4]$106:
      Old ports: A=$memory$auto$proc_rom.cc:155:do_switch$30$rdmux[0][4][4]$a$107, B=$memory$auto$proc_rom.cc:155:do_switch$30$rdmux[0][4][4]$b$108, Y=$memory$auto$proc_rom.cc:155:do_switch$30$rdmux[0][3][2]$a$77
      New ports: A={ 1'0 $memory$auto$proc_rom.cc:155:do_switch$30$rdmux[0][4][4]$a$107 [0] }, B={ 1'1 $memory$auto$proc_rom.cc:155:do_switch$30$rdmux[0][4][4]$b$108 [0] }, Y=$memory$auto$proc_rom.cc:155:do_switch$30$rdmux[0][3][2]$a$77 [1:0]
      New connections: $memory$auto$proc_rom.cc:155:do_switch$30$rdmux[0][3][2]$a$77 [4:2] = 3'000
  Optimizing cells in module \ex252_semantic_u2_dot4_pairtable_qcase.
    Consolidated identical input bits for $mux cell $memory$auto$proc_rom.cc:155:do_switch$26$rdmux[0][3][0]$1600:
      Old ports: A=$memory$auto$proc_rom.cc:155:do_switch$26$rdmux[0][3][0]$a$1601, B=$memory$auto$proc_rom.cc:155:do_switch$26$rdmux[0][3][0]$b$1602, Y=$memory$auto$proc_rom.cc:155:do_switch$26$rdmux[0][2][0]$a$1589
      New ports: A={ $memory$auto$proc_rom.cc:155:do_switch$26$rdmux[0][3][0]$a$1601 [5:2] 1'0 }, B={ 3'111 $memory$auto$proc_rom.cc:155:do_switch$26$rdmux[0][3][0]$b$1602 [2:1] }, Y=$memory$auto$proc_rom.cc:155:do_switch$26$rdmux[0][2][0]$a$1589 [5:1]
      New connections: { $memory$auto$proc_rom.cc:155:do_switch$26$rdmux[0][2][0]$a$1589 [6] $memory$auto$proc_rom.cc:155:do_switch$26$rdmux[0][2][0]$a$1589 [0] } = 2'00
    Consolidated identical input bits for $mux cell $memory$auto$proc_rom.cc:155:do_switch$26$rdmux[0][3][2]$1606:
      Old ports: A=$memory$auto$proc_rom.cc:155:do_switch$26$rdmux[0][3][2]$a$1607, B=$memory$auto$proc_rom.cc:155:do_switch$26$rdmux[0][3][2]$b$1608, Y=$memory$auto$proc_rom.cc:155:do_switch$26$rdmux[0][2][1]$a$1592
      New ports: A={ 1'0 $memory$auto$proc_rom.cc:155:do_switch$26$rdmux[0][3][2]$a$1607 [1:0] }, B=$memory$auto$proc_rom.cc:155:do_switch$26$rdmux[0][3][2]$b$1608 [2:0], Y=$memory$auto$proc_rom.cc:155:do_switch$26$rdmux[0][2][1]$a$1592 [2:0]
      New connections: $memory$auto$proc_rom.cc:155:do_switch$26$rdmux[0][2][1]$a$1592 [6:3] = 4'1001
    Consolidated identical input bits for $mux cell $memory$auto$proc_rom.cc:155:do_switch$26$rdmux[0][3][3]$1609:
      Old ports: A=$memory$auto$proc_rom.cc:155:do_switch$26$rdmux[0][3][3]$a$1610, B=$memory$auto$proc_rom.cc:155:do_switch$26$rdmux[0][3][3]$b$1611, Y=$memory$auto$proc_rom.cc:155:do_switch$26$rdmux[0][2][1]$b$1593
      New ports: A={ 2'01 $memory$auto$proc_rom.cc:155:do_switch$26$rdmux[0][3][3]$a$1610 [1:0] }, B={ $memory$auto$proc_rom.cc:155:do_switch$26$rdmux[0][3][3]$b$1611 [4] $memory$auto$proc_rom.cc:155:do_switch$26$rdmux[0][3][3]$b$1611 [1] $memory$auto$proc_rom.cc:155:do_switch$26$rdmux[0][3][3]$b$1611 [1:0] }, Y={ $memory$auto$proc_rom.cc:155:do_switch$26$rdmux[0][2][1]$b$1593 [4] $memory$auto$proc_rom.cc:155:do_switch$26$rdmux[0][2][1]$b$1593 [2:0] }
      New connections: { $memory$auto$proc_rom.cc:155:do_switch$26$rdmux[0][2][1]$b$1593 [6:5] $memory$auto$proc_rom.cc:155:do_switch$26$rdmux[0][2][1]$b$1593 [3] } = { 2'10 $memory$auto$proc_rom.cc:155:do_switch$26$rdmux[0][2][1]$b$1593 [2] }
    Consolidated identical input bits for $mux cell $memory$auto$proc_rom.cc:155:do_switch$26$rdmux[0][3][1]$1603:
      Old ports: A=$memory$auto$proc_rom.cc:155:do_switch$26$rdmux[0][3][1]$a$1604, B=$memory$auto$proc_rom.cc:155:do_switch$26$rdmux[0][3][1]$b$1605, Y=$memory$auto$proc_rom.cc:155:do_switch$26$rdmux[0][2][0]$b$1590
      New ports: A={ 1'0 $memory$auto$proc_rom.cc:155:do_switch$26$rdmux[0][3][1]$a$1604 [1:0] }, B={ 1'1 $memory$auto$proc_rom.cc:155:do_switch$26$rdmux[0][3][1]$b$1605 [1:0] }, Y=$memory$auto$proc_rom.cc:155:do_switch$26$rdmux[0][2][0]$b$1590 [2:0]
      New connections: $memory$auto$proc_rom.cc:155:do_switch$26$rdmux[0][2][0]$b$1590 [6:3] = 4'1000
    Consolidated identical input bits for $mux cell $memory$auto$proc_rom.cc:155:do_switch$34$rdmux[0][5][30]$997:
      Old ports: A=$memory$auto$proc_rom.cc:155:do_switch$34$rdmux[0][5][30]$a$998, B=$memory$auto$proc_rom.cc:155:do_switch$34$rdmux[0][5][30]$b$999, Y=$memory$auto$proc_rom.cc:155:do_switch$34$rdmux[0][4][15]$a$905
      New ports: A=$memory$auto$proc_rom.cc:155:do_switch$34$rdmux[0][5][30]$a$998 [3:0], B=$memory$auto$proc_rom.cc:155:do_switch$34$rdmux[0][5][30]$b$999 [3:0], Y=$memory$auto$proc_rom.cc:155:do_switch$34$rdmux[0][4][15]$a$905 [3:0]
      New connections: $memory$auto$proc_rom.cc:155:do_switch$34$rdmux[0][4][15]$a$905 [4] = 1'0
    Consolidated identical input bits for $mux cell $memory$auto$proc_rom.cc:155:do_switch$34$rdmux[0][5][29]$994:
      Old ports: A=$memory$auto$proc_rom.cc:155:do_switch$34$rdmux[0][5][29]$a$995, B=$memory$auto$proc_rom.cc:155:do_switch$34$rdmux[0][5][29]$b$996, Y=$memory$auto$proc_rom.cc:155:do_switch$34$rdmux[0][4][14]$b$903
      New ports: A={ $memory$auto$proc_rom.cc:155:do_switch$34$rdmux[0][5][29]$a$995 [3:1] 1'0 }, B={ 1'1 $memory$auto$proc_rom.cc:155:do_switch$34$rdmux[0][5][29]$b$996 [2:1] 1'1 }, Y=$memory$auto$proc_rom.cc:155:do_switch$34$rdmux[0][4][14]$b$903 [3:0]
      New connections: $memory$auto$proc_rom.cc:155:do_switch$34$rdmux[0][4][14]$b$903 [4] = 1'0
    Consolidated identical input bits for $mux cell $memory$auto$proc_rom.cc:155:do_switch$34$rdmux[0][5][28]$991:
      Old ports: A=$memory$auto$proc_rom.cc:155:do_switch$34$rdmux[0][5][28]$a$992, B=$memory$auto$proc_rom.cc:155:do_switch$34$rdmux[0][5][28]$b$993, Y=$memory$auto$proc_rom.cc:155:do_switch$34$rdmux[0][4][14]$a$902
      New ports: A={ 1'0 $memory$auto$proc_rom.cc:155:do_switch$34$rdmux[0][5][28]$a$992 [2:1] 1'0 }, B={ $memory$auto$proc_rom.cc:155:do_switch$34$rdmux[0][5][28]$b$993 [3:1] 1'1 }, Y=$memory$auto$proc_rom.cc:155:do_switch$34$rdmux[0][4][14]$a$902 [3:0]
      New connections: $memory$auto$proc_rom.cc:155:do_switch$34$rdmux[0][4][14]$a$902 [4] = 1'0
    Consolidated identical input bits for $mux cell $memory$auto$proc_rom.cc:155:do_switch$34$rdmux[0][5][27]$988:
      Old ports: A=$memory$auto$proc_rom.cc:155:do_switch$34$rdmux[0][5][27]$a$989, B=$memory$auto$proc_rom.cc:155:do_switch$34$rdmux[0][5][27]$b$990, Y=$memory$auto$proc_rom.cc:155:do_switch$34$rdmux[0][4][13]$b$900
      New ports: A={ $memory$auto$proc_rom.cc:155:do_switch$34$rdmux[0][5][27]$a$989 [3] $memory$auto$proc_rom.cc:155:do_switch$34$rdmux[0][5][27]$a$989 [1] $memory$auto$proc_rom.cc:155:do_switch$34$rdmux[0][5][27]$a$989 [1:0] }, B={ 1'1 $memory$auto$proc_rom.cc:155:do_switch$34$rdmux[0][5][27]$b$990 [2:0] }, Y=$memory$auto$proc_rom.cc:155:do_switch$34$rdmux[0][4][13]$b$900 [3:0]
      New connections: $memory$auto$proc_rom.cc:155:do_switch$34$rdmux[0][4][13]$b$900 [4] = 1'0
    Consolidated identical input bits for $mux cell $memory$auto$proc_rom.cc:155:do_switch$34$rdmux[0][5][26]$985:
      Old ports: A=$memory$auto$proc_rom.cc:155:do_switch$34$rdmux[0][5][26]$a$986, B=$memory$auto$proc_rom.cc:155:do_switch$34$rdmux[0][5][26]$b$987, Y=$memory$auto$proc_rom.cc:155:do_switch$34$rdmux[0][4][13]$a$899
      New ports: A={ 1'0 $memory$auto$proc_rom.cc:155:do_switch$34$rdmux[0][5][26]$a$986 [1:0] }, B=$memory$auto$proc_rom.cc:155:do_switch$34$rdmux[0][5][26]$b$987 [2:0], Y=$memory$auto$proc_rom.cc:155:do_switch$34$rdmux[0][4][13]$a$899 [2:0]
      New connections: $memory$auto$proc_rom.cc:155:do_switch$34$rdmux[0][4][13]$a$899 [4:3] = 2'00
    Consolidated identical input bits for $mux cell $memory$auto$proc_rom.cc:155:do_switch$34$rdmux[0][5][23]$976:
      Old ports: A=$memory$auto$proc_rom.cc:155:do_switch$34$rdmux[0][5][23]$a$977, B=$memory$auto$proc_rom.cc:155:do_switch$34$rdmux[0][5][23]$b$978, Y=$memory$auto$proc_rom.cc:155:do_switch$34$rdmux[0][4][11]$b$894
      New ports: A=$memory$auto$proc_rom.cc:155:do_switch$34$rdmux[0][5][23]$a$977 [3:0], B=$memory$auto$proc_rom.cc:155:do_switch$34$rdmux[0][5][23]$b$978 [3:0], Y=$memory$auto$proc_rom.cc:155:do_switch$34$rdmux[0][4][11]$b$894 [3:0]
      New connections: $memory$auto$proc_rom.cc:155:do_switch$34$rdmux[0][4][11]$b$894 [4] = 1'0
    Consolidated identical input bits for $mux cell $memory$auto$proc_rom.cc:155:do_switch$34$rdmux[0][5][22]$973:
      Old ports: A=$memory$auto$proc_rom.cc:155:do_switch$34$rdmux[0][5][22]$a$974, B=$memory$auto$proc_rom.cc:155:do_switch$34$rdmux[0][5][22]$b$975, Y=$memory$auto$proc_rom.cc:155:do_switch$34$rdmux[0][4][11]$a$893
      New ports: A=$memory$auto$proc_rom.cc:155:do_switch$34$rdmux[0][5][22]$a$974 [3:0], B=$memory$auto$proc_rom.cc:155:do_switch$34$rdmux[0][5][22]$b$975 [3:0], Y=$memory$auto$proc_rom.cc:155:do_switch$34$rdmux[0][4][11]$a$893 [3:0]
      New connections: $memory$auto$proc_rom.cc:155:do_switch$34$rdmux[0][4][11]$a$893 [4] = 1'0
    Consolidated identical input bits for $mux cell $memory$auto$proc_rom.cc:155:do_switch$34$rdmux[0][5][21]$970:
      Old ports: A=$memory$auto$proc_rom.cc:155:do_switch$34$rdmux[0][5][21]$a$971, B=$memory$auto$proc_rom.cc:155:do_switch$34$rdmux[0][5][21]$b$972, Y=$memory$auto$proc_rom.cc:155:do_switch$34$rdmux[0][4][10]$b$891
      New ports: A=$memory$auto$proc_rom.cc:155:do_switch$34$rdmux[0][5][21]$a$971 [3:1], B=$memory$auto$proc_rom.cc:155:do_switch$34$rdmux[0][5][21]$b$972 [3:1], Y=$memory$auto$proc_rom.cc:155:do_switch$34$rdmux[0][4][10]$b$891 [3:1]
      New connections: { $memory$auto$proc_rom.cc:155:do_switch$34$rdmux[0][4][10]$b$891 [4] $memory$auto$proc_rom.cc:155:do_switch$34$rdmux[0][4][10]$b$891 [0] } = 2'00
    Consolidated identical input bits for $mux cell $memory$auto$proc_rom.cc:155:do_switch$34$rdmux[0][5][20]$967:
      Old ports: A=$memory$auto$proc_rom.cc:155:do_switch$34$rdmux[0][5][20]$a$968, B=$memory$auto$proc_rom.cc:155:do_switch$34$rdmux[0][5][20]$b$969, Y=$memory$auto$proc_rom.cc:155:do_switch$34$rdmux[0][4][10]$a$890
      New ports: A={ 1'0 $memory$auto$proc_rom.cc:155:do_switch$34$rdmux[0][5][20]$a$968 [2:1] }, B=$memory$auto$proc_rom.cc:155:do_switch$34$rdmux[0][5][20]$b$969 [3:1], Y=$memory$auto$proc_rom.cc:155:do_switch$34$rdmux[0][4][10]$a$890 [3:1]
      New connections: { $memory$auto$proc_rom.cc:155:do_switch$34$rdmux[0][4][10]$a$890 [4] $memory$auto$proc_rom.cc:155:do_switch$34$rdmux[0][4][10]$a$890 [0] } = 2'00
    Consolidated identical input bits for $mux cell $memory$auto$proc_rom.cc:155:do_switch$34$rdmux[0][5][19]$964:
      Old ports: A=$memory$auto$proc_rom.cc:155:do_switch$34$rdmux[0][5][19]$a$965, B=$memory$auto$proc_rom.cc:155:do_switch$34$rdmux[0][5][19]$b$966, Y=$memory$auto$proc_rom.cc:155:do_switch$34$rdmux[0][4][9]$b$888
      New ports: A={ 2'01 $memory$auto$proc_rom.cc:155:do_switch$34$rdmux[0][5][19]$a$965 [1:0] }, B={ $memory$auto$proc_rom.cc:155:do_switch$34$rdmux[0][5][19]$b$966 [3] $memory$auto$proc_rom.cc:155:do_switch$34$rdmux[0][5][19]$b$966 [1] $memory$auto$proc_rom.cc:155:do_switch$34$rdmux[0][5][19]$b$966 [1:0] }, Y=$memory$auto$proc_rom.cc:155:do_switch$34$rdmux[0][4][9]$b$888 [3:0]
      New connections: $memory$auto$proc_rom.cc:155:do_switch$34$rdmux[0][4][9]$b$888 [4] = 1'0
    Consolidated identical input bits for $mux cell $memory$auto$proc_rom.cc:155:do_switch$34$rdmux[0][5][18]$961:
      Old ports: A=$memory$auto$proc_rom.cc:155:do_switch$34$rdmux[0][5][18]$a$962, B=$memory$auto$proc_rom.cc:155:do_switch$34$rdmux[0][5][18]$b$963, Y=$memory$auto$proc_rom.cc:155:do_switch$34$rdmux[0][4][9]$a$887
      New ports: A={ 1'0 $memory$auto$proc_rom.cc:155:do_switch$34$rdmux[0][5][18]$a$962 [1:0] }, B=$memory$auto$proc_rom.cc:155:do_switch$34$rdmux[0][5][18]$b$963 [2:0], Y=$memory$auto$proc_rom.cc:155:do_switch$34$rdmux[0][4][9]$a$887 [2:0]
      New connections: $memory$auto$proc_rom.cc:155:do_switch$34$rdmux[0][4][9]$a$887 [4:3] = 2'00
    Consolidated identical input bits for $mux cell $memory$auto$proc_rom.cc:155:do_switch$34$rdmux[0][5][15]$952:
      Old ports: A=$memory$auto$proc_rom.cc:155:do_switch$34$rdmux[0][5][15]$a$953, B=$memory$auto$proc_rom.cc:155:do_switch$34$rdmux[0][5][15]$b$954, Y=$memory$auto$proc_rom.cc:155:do_switch$34$rdmux[0][4][7]$b$882
      New ports: A=$memory$auto$proc_rom.cc:155:do_switch$34$rdmux[0][5][15]$a$953 [3:0], B=$memory$auto$proc_rom.cc:155:do_switch$34$rdmux[0][5][15]$b$954 [3:0], Y=$memory$auto$proc_rom.cc:155:do_switch$34$rdmux[0][4][7]$b$882 [3:0]
      New connections: $memory$auto$proc_rom.cc:155:do_switch$34$rdmux[0][4][7]$b$882 [4] = 1'0
    Consolidated identical input bits for $mux cell $memory$auto$proc_rom.cc:155:do_switch$34$rdmux[0][5][14]$949:
      Old ports: A=$memory$auto$proc_rom.cc:155:do_switch$34$rdmux[0][5][14]$a$950, B=$memory$auto$proc_rom.cc:155:do_switch$34$rdmux[0][5][14]$b$951, Y=$memory$auto$proc_rom.cc:155:do_switch$34$rdmux[0][4][7]$a$881
      New ports: A=$memory$auto$proc_rom.cc:155:do_switch$34$rdmux[0][5][14]$a$950 [3:0], B=$memory$auto$proc_rom.cc:155:do_switch$34$rdmux[0][5][14]$b$951 [3:0], Y=$memory$auto$proc_rom.cc:155:do_switch$34$rdmux[0][4][7]$a$881 [3:0]
      New connections: $memory$auto$proc_rom.cc:155:do_switch$34$rdmux[0][4][7]$a$881 [4] = 1'0
    Consolidated identical input bits for $mux cell $memory$auto$proc_rom.cc:155:do_switch$34$rdmux[0][5][13]$946:
      Old ports: A=$memory$auto$proc_rom.cc:155:do_switch$34$rdmux[0][5][13]$a$947, B=$memory$auto$proc_rom.cc:155:do_switch$34$rdmux[0][5][13]$b$948, Y=$memory$auto$proc_rom.cc:155:do_switch$34$rdmux[0][4][6]$b$879
      New ports: A={ $memory$auto$proc_rom.cc:155:do_switch$34$rdmux[0][5][13]$a$947 [3:1] 1'0 }, B={ $memory$auto$proc_rom.cc:155:do_switch$34$rdmux[0][5][13]$b$948 [3:1] 1'1 }, Y=$memory$auto$proc_rom.cc:155:do_switch$34$rdmux[0][4][6]$b$879 [3:0]
      New connections: $memory$auto$proc_rom.cc:155:do_switch$34$rdmux[0][4][6]$b$879 [4] = 1'0
    Consolidated identical input bits for $mux cell $memory$auto$proc_rom.cc:155:do_switch$34$rdmux[0][5][12]$943:
      Old ports: A=$memory$auto$proc_rom.cc:155:do_switch$34$rdmux[0][5][12]$a$944, B=$memory$auto$proc_rom.cc:155:do_switch$34$rdmux[0][5][12]$b$945, Y=$memory$auto$proc_rom.cc:155:do_switch$34$rdmux[0][4][6]$a$878
      New ports: A={ $memory$auto$proc_rom.cc:155:do_switch$34$rdmux[0][5][12]$a$944 [2:1] 1'0 }, B={ $memory$auto$proc_rom.cc:155:do_switch$34$rdmux[0][5][12]$b$945 [2:1] 1'1 }, Y=$memory$auto$proc_rom.cc:155:do_switch$34$rdmux[0][4][6]$a$878 [2:0]
      New connections: $memory$auto$proc_rom.cc:155:do_switch$34$rdmux[0][4][6]$a$878 [4:3] = 2'00
    Consolidated identical input bits for $mux cell $memory$auto$proc_rom.cc:155:do_switch$34$rdmux[0][5][11]$940:
      Old ports: A=$memory$auto$proc_rom.cc:155:do_switch$34$rdmux[0][5][11]$a$941, B=$memory$auto$proc_rom.cc:155:do_switch$34$rdmux[0][5][11]$b$942, Y=$memory$auto$proc_rom.cc:155:do_switch$34$rdmux[0][4][5]$b$876
      New ports: A=$memory$auto$proc_rom.cc:155:do_switch$34$rdmux[0][5][11]$a$941 [2:0], B=$memory$auto$proc_rom.cc:155:do_switch$34$rdmux[0][5][11]$b$942 [2:0], Y=$memory$auto$proc_rom.cc:155:do_switch$34$rdmux[0][4][5]$b$876 [2:0]
      New connections: $memory$auto$proc_rom.cc:155:do_switch$34$rdmux[0][4][5]$b$876 [4:3] = 2'00
    Consolidated identical input bits for $mux cell $memory$auto$proc_rom.cc:155:do_switch$34$rdmux[0][5][10]$937:
      Old ports: A=$memory$auto$proc_rom.cc:155:do_switch$34$rdmux[0][5][10]$a$938, B=$memory$auto$proc_rom.cc:155:do_switch$34$rdmux[0][5][10]$b$939, Y=$memory$auto$proc_rom.cc:155:do_switch$34$rdmux[0][4][5]$a$875
      New ports: A={ 1'0 $memory$auto$proc_rom.cc:155:do_switch$34$rdmux[0][5][10]$a$938 [1:0] }, B=$memory$auto$proc_rom.cc:155:do_switch$34$rdmux[0][5][10]$b$939 [2:0], Y=$memory$auto$proc_rom.cc:155:do_switch$34$rdmux[0][4][5]$a$875 [2:0]
      New connections: $memory$auto$proc_rom.cc:155:do_switch$34$rdmux[0][4][5]$a$875 [4:3] = 2'00
    Consolidated identical input bits for $mux cell $memory$auto$proc_rom.cc:155:do_switch$34$rdmux[0][5][7]$928:
      Old ports: A=$memory$auto$proc_rom.cc:155:do_switch$34$rdmux[0][5][7]$a$929, B=$memory$auto$proc_rom.cc:155:do_switch$34$rdmux[0][5][7]$b$930, Y=$memory$auto$proc_rom.cc:155:do_switch$34$rdmux[0][4][3]$b$870
      New ports: A=$memory$auto$proc_rom.cc:155:do_switch$34$rdmux[0][5][7]$a$929 [3:0], B=$memory$auto$proc_rom.cc:155:do_switch$34$rdmux[0][5][7]$b$930 [3:0], Y=$memory$auto$proc_rom.cc:155:do_switch$34$rdmux[0][4][3]$b$870 [3:0]
      New connections: $memory$auto$proc_rom.cc:155:do_switch$34$rdmux[0][4][3]$b$870 [4] = 1'0
    Consolidated identical input bits for $mux cell $memory$auto$proc_rom.cc:155:do_switch$34$rdmux[0][5][6]$925:
      Old ports: A=$memory$auto$proc_rom.cc:155:do_switch$34$rdmux[0][5][6]$a$926, B=$memory$auto$proc_rom.cc:155:do_switch$34$rdmux[0][5][6]$b$927, Y=$memory$auto$proc_rom.cc:155:do_switch$34$rdmux[0][4][3]$a$869
      New ports: A=$memory$auto$proc_rom.cc:155:do_switch$34$rdmux[0][5][6]$a$926 [3:0], B=$memory$auto$proc_rom.cc:155:do_switch$34$rdmux[0][5][6]$b$927 [3:0], Y=$memory$auto$proc_rom.cc:155:do_switch$34$rdmux[0][4][3]$a$869 [3:0]
      New connections: $memory$auto$proc_rom.cc:155:do_switch$34$rdmux[0][4][3]$a$869 [4] = 1'0
    Consolidated identical input bits for $mux cell $memory$auto$proc_rom.cc:155:do_switch$34$rdmux[0][5][5]$922:
      Old ports: A=$memory$auto$proc_rom.cc:155:do_switch$34$rdmux[0][5][5]$a$923, B=$memory$auto$proc_rom.cc:155:do_switch$34$rdmux[0][5][5]$b$924, Y=$memory$auto$proc_rom.cc:155:do_switch$34$rdmux[0][4][2]$b$867
      New ports: A=$memory$auto$proc_rom.cc:155:do_switch$34$rdmux[0][5][5]$a$923 [2:1], B=$memory$auto$proc_rom.cc:155:do_switch$34$rdmux[0][5][5]$b$924 [2:1], Y=$memory$auto$proc_rom.cc:155:do_switch$34$rdmux[0][4][2]$b$867 [2:1]
      New connections: { $memory$auto$proc_rom.cc:155:do_switch$34$rdmux[0][4][2]$b$867 [4:3] $memory$auto$proc_rom.cc:155:do_switch$34$rdmux[0][4][2]$b$867 [0] } = 3'000
    Consolidated identical input bits for $mux cell $memory$auto$proc_rom.cc:155:do_switch$34$rdmux[0][5][4]$919:
      Old ports: A=$memory$auto$proc_rom.cc:155:do_switch$34$rdmux[0][5][4]$a$920, B=$memory$auto$proc_rom.cc:155:do_switch$34$rdmux[0][5][4]$b$921, Y=$memory$auto$proc_rom.cc:155:do_switch$34$rdmux[0][4][2]$a$866
      New ports: A=$memory$auto$proc_rom.cc:155:do_switch$34$rdmux[0][5][4]$a$920 [2:1], B=$memory$auto$proc_rom.cc:155:do_switch$34$rdmux[0][5][4]$b$921 [2:1], Y=$memory$auto$proc_rom.cc:155:do_switch$34$rdmux[0][4][2]$a$866 [2:1]
      New connections: { $memory$auto$proc_rom.cc:155:do_switch$34$rdmux[0][4][2]$a$866 [4:3] $memory$auto$proc_rom.cc:155:do_switch$34$rdmux[0][4][2]$a$866 [0] } = 3'000
    Consolidated identical input bits for $mux cell $memory$auto$proc_rom.cc:155:do_switch$34$rdmux[0][5][3]$916:
      Old ports: A=$memory$auto$proc_rom.cc:155:do_switch$34$rdmux[0][5][3]$a$917, B=$memory$auto$proc_rom.cc:155:do_switch$34$rdmux[0][5][3]$b$918, Y=$memory$auto$proc_rom.cc:155:do_switch$34$rdmux[0][4][1]$b$864
      New ports: A=$memory$auto$proc_rom.cc:155:do_switch$34$rdmux[0][5][3]$a$917 [1:0], B=$memory$auto$proc_rom.cc:155:do_switch$34$rdmux[0][5][3]$b$918 [1:0], Y=$memory$auto$proc_rom.cc:155:do_switch$34$rdmux[0][4][1]$b$864 [1:0]
      New connections: $memory$auto$proc_rom.cc:155:do_switch$34$rdmux[0][4][1]$b$864 [4:2] = 3'000
    Consolidated identical input bits for $mux cell $memory$auto$proc_rom.cc:155:do_switch$34$rdmux[0][5][2]$913:
      Old ports: A=$memory$auto$proc_rom.cc:155:do_switch$34$rdmux[0][5][2]$a$914, B=$memory$auto$proc_rom.cc:155:do_switch$34$rdmux[0][5][2]$b$915, Y=$memory$auto$proc_rom.cc:155:do_switch$34$rdmux[0][4][1]$a$863
      New ports: A=$memory$auto$proc_rom.cc:155:do_switch$34$rdmux[0][5][2]$a$914 [1:0], B=$memory$auto$proc_rom.cc:155:do_switch$34$rdmux[0][5][2]$b$915 [1:0], Y=$memory$auto$proc_rom.cc:155:do_switch$34$rdmux[0][4][1]$a$863 [1:0]
      New connections: $memory$auto$proc_rom.cc:155:do_switch$34$rdmux[0][4][1]$a$863 [4:2] = 3'000
    Consolidated identical input bits for $mux cell $memory$auto$proc_rom.cc:155:do_switch$30$rdmux[0][5][30]$232:
      Old ports: A=$memory$auto$proc_rom.cc:155:do_switch$30$rdmux[0][5][30]$a$233, B=$memory$auto$proc_rom.cc:155:do_switch$30$rdmux[0][5][30]$b$234, Y=$memory$auto$proc_rom.cc:155:do_switch$30$rdmux[0][4][15]$a$140
      New ports: A=$memory$auto$proc_rom.cc:155:do_switch$30$rdmux[0][5][30]$a$233 [3:0], B=$memory$auto$proc_rom.cc:155:do_switch$30$rdmux[0][5][30]$b$234 [3:0], Y=$memory$auto$proc_rom.cc:155:do_switch$30$rdmux[0][4][15]$a$140 [3:0]
      New connections: $memory$auto$proc_rom.cc:155:do_switch$30$rdmux[0][4][15]$a$140 [4] = 1'0
    Consolidated identical input bits for $mux cell $memory$auto$proc_rom.cc:155:do_switch$30$rdmux[0][5][29]$229:
      Old ports: A=$memory$auto$proc_rom.cc:155:do_switch$30$rdmux[0][5][29]$a$230, B=$memory$auto$proc_rom.cc:155:do_switch$30$rdmux[0][5][29]$b$231, Y=$memory$auto$proc_rom.cc:155:do_switch$30$rdmux[0][4][14]$b$138
      New ports: A={ $memory$auto$proc_rom.cc:155:do_switch$30$rdmux[0][5][29]$a$230 [3:1] 1'0 }, B={ 1'1 $memory$auto$proc_rom.cc:155:do_switch$30$rdmux[0][5][29]$b$231 [2:1] 1'1 }, Y=$memory$auto$proc_rom.cc:155:do_switch$30$rdmux[0][4][14]$b$138 [3:0]
      New connections: $memory$auto$proc_rom.cc:155:do_switch$30$rdmux[0][4][14]$b$138 [4] = 1'0
    Consolidated identical input bits for $mux cell $memory$auto$proc_rom.cc:155:do_switch$30$rdmux[0][5][28]$226:
      Old ports: A=$memory$auto$proc_rom.cc:155:do_switch$30$rdmux[0][5][28]$a$227, B=$memory$auto$proc_rom.cc:155:do_switch$30$rdmux[0][5][28]$b$228, Y=$memory$auto$proc_rom.cc:155:do_switch$30$rdmux[0][4][14]$a$137
      New ports: A={ 1'0 $memory$auto$proc_rom.cc:155:do_switch$30$rdmux[0][5][28]$a$227 [2:1] 1'0 }, B={ $memory$auto$proc_rom.cc:155:do_switch$30$rdmux[0][5][28]$b$228 [3:1] 1'1 }, Y=$memory$auto$proc_rom.cc:155:do_switch$30$rdmux[0][4][14]$a$137 [3:0]
      New connections: $memory$auto$proc_rom.cc:155:do_switch$30$rdmux[0][4][14]$a$137 [4] = 1'0
    Consolidated identical input bits for $mux cell $memory$auto$proc_rom.cc:155:do_switch$30$rdmux[0][5][27]$223:
      Old ports: A=$memory$auto$proc_rom.cc:155:do_switch$30$rdmux[0][5][27]$a$224, B=$memory$auto$proc_rom.cc:155:do_switch$30$rdmux[0][5][27]$b$225, Y=$memory$auto$proc_rom.cc:155:do_switch$30$rdmux[0][4][13]$b$135
      New ports: A={ $memory$auto$proc_rom.cc:155:do_switch$30$rdmux[0][5][27]$a$224 [3] $memory$auto$proc_rom.cc:155:do_switch$30$rdmux[0][5][27]$a$224 [1] $memory$auto$proc_rom.cc:155:do_switch$30$rdmux[0][5][27]$a$224 [1:0] }, B={ 1'1 $memory$auto$proc_rom.cc:155:do_switch$30$rdmux[0][5][27]$b$225 [2:0] }, Y=$memory$auto$proc_rom.cc:155:do_switch$30$rdmux[0][4][13]$b$135 [3:0]
      New connections: $memory$auto$proc_rom.cc:155:do_switch$30$rdmux[0][4][13]$b$135 [4] = 1'0
    Consolidated identical input bits for $mux cell $memory$auto$proc_rom.cc:155:do_switch$30$rdmux[0][5][26]$220:
      Old ports: A=$memory$auto$proc_rom.cc:155:do_switch$30$rdmux[0][5][26]$a$221, B=$memory$auto$proc_rom.cc:155:do_switch$30$rdmux[0][5][26]$b$222, Y=$memory$auto$proc_rom.cc:155:do_switch$30$rdmux[0][4][13]$a$134
      New ports: A={ 1'0 $memory$auto$proc_rom.cc:155:do_switch$30$rdmux[0][5][26]$a$221 [1:0] }, B=$memory$auto$proc_rom.cc:155:do_switch$30$rdmux[0][5][26]$b$222 [2:0], Y=$memory$auto$proc_rom.cc:155:do_switch$30$rdmux[0][4][13]$a$134 [2:0]
      New connections: $memory$auto$proc_rom.cc:155:do_switch$30$rdmux[0][4][13]$a$134 [4:3] = 2'00
    Consolidated identical input bits for $mux cell $memory$auto$proc_rom.cc:155:do_switch$30$rdmux[0][5][23]$211:
      Old ports: A=$memory$auto$proc_rom.cc:155:do_switch$30$rdmux[0][5][23]$a$212, B=$memory$auto$proc_rom.cc:155:do_switch$30$rdmux[0][5][23]$b$213, Y=$memory$auto$proc_rom.cc:155:do_switch$30$rdmux[0][4][11]$b$129
      New ports: A=$memory$auto$proc_rom.cc:155:do_switch$30$rdmux[0][5][23]$a$212 [3:0], B=$memory$auto$proc_rom.cc:155:do_switch$30$rdmux[0][5][23]$b$213 [3:0], Y=$memory$auto$proc_rom.cc:155:do_switch$30$rdmux[0][4][11]$b$129 [3:0]
      New connections: $memory$auto$proc_rom.cc:155:do_switch$30$rdmux[0][4][11]$b$129 [4] = 1'0
    Consolidated identical input bits for $mux cell $memory$auto$proc_rom.cc:155:do_switch$30$rdmux[0][5][22]$208:
      Old ports: A=$memory$auto$proc_rom.cc:155:do_switch$30$rdmux[0][5][22]$a$209, B=$memory$auto$proc_rom.cc:155:do_switch$30$rdmux[0][5][22]$b$210, Y=$memory$auto$proc_rom.cc:155:do_switch$30$rdmux[0][4][11]$a$128
      New ports: A=$memory$auto$proc_rom.cc:155:do_switch$30$rdmux[0][5][22]$a$209 [3:0], B=$memory$auto$proc_rom.cc:155:do_switch$30$rdmux[0][5][22]$b$210 [3:0], Y=$memory$auto$proc_rom.cc:155:do_switch$30$rdmux[0][4][11]$a$128 [3:0]
      New connections: $memory$auto$proc_rom.cc:155:do_switch$30$rdmux[0][4][11]$a$128 [4] = 1'0
    Consolidated identical input bits for $mux cell $memory$auto$proc_rom.cc:155:do_switch$30$rdmux[0][5][21]$205:
      Old ports: A=$memory$auto$proc_rom.cc:155:do_switch$30$rdmux[0][5][21]$a$206, B=$memory$auto$proc_rom.cc:155:do_switch$30$rdmux[0][5][21]$b$207, Y=$memory$auto$proc_rom.cc:155:do_switch$30$rdmux[0][4][10]$b$126
      New ports: A=$memory$auto$proc_rom.cc:155:do_switch$30$rdmux[0][5][21]$a$206 [3:1], B=$memory$auto$proc_rom.cc:155:do_switch$30$rdmux[0][5][21]$b$207 [3:1], Y=$memory$auto$proc_rom.cc:155:do_switch$30$rdmux[0][4][10]$b$126 [3:1]
      New connections: { $memory$auto$proc_rom.cc:155:do_switch$30$rdmux[0][4][10]$b$126 [4] $memory$auto$proc_rom.cc:155:do_switch$30$rdmux[0][4][10]$b$126 [0] } = 2'00
    Consolidated identical input bits for $mux cell $memory$auto$proc_rom.cc:155:do_switch$30$rdmux[0][5][20]$202:
      Old ports: A=$memory$auto$proc_rom.cc:155:do_switch$30$rdmux[0][5][20]$a$203, B=$memory$auto$proc_rom.cc:155:do_switch$30$rdmux[0][5][20]$b$204, Y=$memory$auto$proc_rom.cc:155:do_switch$30$rdmux[0][4][10]$a$125
      New ports: A={ 1'0 $memory$auto$proc_rom.cc:155:do_switch$30$rdmux[0][5][20]$a$203 [2:1] }, B=$memory$auto$proc_rom.cc:155:do_switch$30$rdmux[0][5][20]$b$204 [3:1], Y=$memory$auto$proc_rom.cc:155:do_switch$30$rdmux[0][4][10]$a$125 [3:1]
      New connections: { $memory$auto$proc_rom.cc:155:do_switch$30$rdmux[0][4][10]$a$125 [4] $memory$auto$proc_rom.cc:155:do_switch$30$rdmux[0][4][10]$a$125 [0] } = 2'00
    Consolidated identical input bits for $mux cell $memory$auto$proc_rom.cc:155:do_switch$30$rdmux[0][5][19]$199:
      Old ports: A=$memory$auto$proc_rom.cc:155:do_switch$30$rdmux[0][5][19]$a$200, B=$memory$auto$proc_rom.cc:155:do_switch$30$rdmux[0][5][19]$b$201, Y=$memory$auto$proc_rom.cc:155:do_switch$30$rdmux[0][4][9]$b$123
      New ports: A={ 2'01 $memory$auto$proc_rom.cc:155:do_switch$30$rdmux[0][5][19]$a$200 [1:0] }, B={ $memory$auto$proc_rom.cc:155:do_switch$30$rdmux[0][5][19]$b$201 [3] $memory$auto$proc_rom.cc:155:do_switch$30$rdmux[0][5][19]$b$201 [1] $memory$auto$proc_rom.cc:155:do_switch$30$rdmux[0][5][19]$b$201 [1:0] }, Y=$memory$auto$proc_rom.cc:155:do_switch$30$rdmux[0][4][9]$b$123 [3:0]
      New connections: $memory$auto$proc_rom.cc:155:do_switch$30$rdmux[0][4][9]$b$123 [4] = 1'0
    Consolidated identical input bits for $mux cell $memory$auto$proc_rom.cc:155:do_switch$30$rdmux[0][5][18]$196:
      Old ports: A=$memory$auto$proc_rom.cc:155:do_switch$30$rdmux[0][5][18]$a$197, B=$memory$auto$proc_rom.cc:155:do_switch$30$rdmux[0][5][18]$b$198, Y=$memory$auto$proc_rom.cc:155:do_switch$30$rdmux[0][4][9]$a$122
      New ports: A={ 1'0 $memory$auto$proc_rom.cc:155:do_switch$30$rdmux[0][5][18]$a$197 [1:0] }, B=$memory$auto$proc_rom.cc:155:do_switch$30$rdmux[0][5][18]$b$198 [2:0], Y=$memory$auto$proc_rom.cc:155:do_switch$30$rdmux[0][4][9]$a$122 [2:0]
      New connections: $memory$auto$proc_rom.cc:155:do_switch$30$rdmux[0][4][9]$a$122 [4:3] = 2'00
    Consolidated identical input bits for $mux cell $memory$auto$proc_rom.cc:155:do_switch$30$rdmux[0][5][15]$187:
      Old ports: A=$memory$auto$proc_rom.cc:155:do_switch$30$rdmux[0][5][15]$a$188, B=$memory$auto$proc_rom.cc:155:do_switch$30$rdmux[0][5][15]$b$189, Y=$memory$auto$proc_rom.cc:155:do_switch$30$rdmux[0][4][7]$b$117
      New ports: A=$memory$auto$proc_rom.cc:155:do_switch$30$rdmux[0][5][15]$a$188 [3:0], B=$memory$auto$proc_rom.cc:155:do_switch$30$rdmux[0][5][15]$b$189 [3:0], Y=$memory$auto$proc_rom.cc:155:do_switch$30$rdmux[0][4][7]$b$117 [3:0]
      New connections: $memory$auto$proc_rom.cc:155:do_switch$30$rdmux[0][4][7]$b$117 [4] = 1'0
    Consolidated identical input bits for $mux cell $memory$auto$proc_rom.cc:155:do_switch$30$rdmux[0][5][14]$184:
      Old ports: A=$memory$auto$proc_rom.cc:155:do_switch$30$rdmux[0][5][14]$a$185, B=$memory$auto$proc_rom.cc:155:do_switch$30$rdmux[0][5][14]$b$186, Y=$memory$auto$proc_rom.cc:155:do_switch$30$rdmux[0][4][7]$a$116
      New ports: A=$memory$auto$proc_rom.cc:155:do_switch$30$rdmux[0][5][14]$a$185 [3:0], B=$memory$auto$proc_rom.cc:155:do_switch$30$rdmux[0][5][14]$b$186 [3:0], Y=$memory$auto$proc_rom.cc:155:do_switch$30$rdmux[0][4][7]$a$116 [3:0]
      New connections: $memory$auto$proc_rom.cc:155:do_switch$30$rdmux[0][4][7]$a$116 [4] = 1'0
    Consolidated identical input bits for $mux cell $memory$auto$proc_rom.cc:155:do_switch$30$rdmux[0][5][13]$181:
      Old ports: A=$memory$auto$proc_rom.cc:155:do_switch$30$rdmux[0][5][13]$a$182, B=$memory$auto$proc_rom.cc:155:do_switch$30$rdmux[0][5][13]$b$183, Y=$memory$auto$proc_rom.cc:155:do_switch$30$rdmux[0][4][6]$b$114
      New ports: A={ $memory$auto$proc_rom.cc:155:do_switch$30$rdmux[0][5][13]$a$182 [3:1] 1'0 }, B={ $memory$auto$proc_rom.cc:155:do_switch$30$rdmux[0][5][13]$b$183 [3:1] 1'1 }, Y=$memory$auto$proc_rom.cc:155:do_switch$30$rdmux[0][4][6]$b$114 [3:0]
      New connections: $memory$auto$proc_rom.cc:155:do_switch$30$rdmux[0][4][6]$b$114 [4] = 1'0
    Consolidated identical input bits for $mux cell $memory$auto$proc_rom.cc:155:do_switch$30$rdmux[0][5][12]$178:
      Old ports: A=$memory$auto$proc_rom.cc:155:do_switch$30$rdmux[0][5][12]$a$179, B=$memory$auto$proc_rom.cc:155:do_switch$30$rdmux[0][5][12]$b$180, Y=$memory$auto$proc_rom.cc:155:do_switch$30$rdmux[0][4][6]$a$113
      New ports: A={ $memory$auto$proc_rom.cc:155:do_switch$30$rdmux[0][5][12]$a$179 [2:1] 1'0 }, B={ $memory$auto$proc_rom.cc:155:do_switch$30$rdmux[0][5][12]$b$180 [2:1] 1'1 }, Y=$memory$auto$proc_rom.cc:155:do_switch$30$rdmux[0][4][6]$a$113 [2:0]
      New connections: $memory$auto$proc_rom.cc:155:do_switch$30$rdmux[0][4][6]$a$113 [4:3] = 2'00
    Consolidated identical input bits for $mux cell $memory$auto$proc_rom.cc:155:do_switch$30$rdmux[0][5][11]$175:
      Old ports: A=$memory$auto$proc_rom.cc:155:do_switch$30$rdmux[0][5][11]$a$176, B=$memory$auto$proc_rom.cc:155:do_switch$30$rdmux[0][5][11]$b$177, Y=$memory$auto$proc_rom.cc:155:do_switch$30$rdmux[0][4][5]$b$111
      New ports: A=$memory$auto$proc_rom.cc:155:do_switch$30$rdmux[0][5][11]$a$176 [2:0], B=$memory$auto$proc_rom.cc:155:do_switch$30$rdmux[0][5][11]$b$177 [2:0], Y=$memory$auto$proc_rom.cc:155:do_switch$30$rdmux[0][4][5]$b$111 [2:0]
      New connections: $memory$auto$proc_rom.cc:155:do_switch$30$rdmux[0][4][5]$b$111 [4:3] = 2'00
    Consolidated identical input bits for $mux cell $memory$auto$proc_rom.cc:155:do_switch$30$rdmux[0][5][10]$172:
      Old ports: A=$memory$auto$proc_rom.cc:155:do_switch$30$rdmux[0][5][10]$a$173, B=$memory$auto$proc_rom.cc:155:do_switch$30$rdmux[0][5][10]$b$174, Y=$memory$auto$proc_rom.cc:155:do_switch$30$rdmux[0][4][5]$a$110
      New ports: A={ 1'0 $memory$auto$proc_rom.cc:155:do_switch$30$rdmux[0][5][10]$a$173 [1:0] }, B=$memory$auto$proc_rom.cc:155:do_switch$30$rdmux[0][5][10]$b$174 [2:0], Y=$memory$auto$proc_rom.cc:155:do_switch$30$rdmux[0][4][5]$a$110 [2:0]
      New connections: $memory$auto$proc_rom.cc:155:do_switch$30$rdmux[0][4][5]$a$110 [4:3] = 2'00
    Consolidated identical input bits for $mux cell $memory$auto$proc_rom.cc:155:do_switch$30$rdmux[0][5][7]$163:
      Old ports: A=$memory$auto$proc_rom.cc:155:do_switch$30$rdmux[0][5][7]$a$164, B=$memory$auto$proc_rom.cc:155:do_switch$30$rdmux[0][5][7]$b$165, Y=$memory$auto$proc_rom.cc:155:do_switch$30$rdmux[0][4][3]$b$105
      New ports: A=$memory$auto$proc_rom.cc:155:do_switch$30$rdmux[0][5][7]$a$164 [3:0], B=$memory$auto$proc_rom.cc:155:do_switch$30$rdmux[0][5][7]$b$165 [3:0], Y=$memory$auto$proc_rom.cc:155:do_switch$30$rdmux[0][4][3]$b$105 [3:0]
      New connections: $memory$auto$proc_rom.cc:155:do_switch$30$rdmux[0][4][3]$b$105 [4] = 1'0
    Consolidated identical input bits for $mux cell $memory$auto$proc_rom.cc:155:do_switch$30$rdmux[0][5][6]$160:
      Old ports: A=$memory$auto$proc_rom.cc:155:do_switch$30$rdmux[0][5][6]$a$161, B=$memory$auto$proc_rom.cc:155:do_switch$30$rdmux[0][5][6]$b$162, Y=$memory$auto$proc_rom.cc:155:do_switch$30$rdmux[0][4][3]$a$104
      New ports: A=$memory$auto$proc_rom.cc:155:do_switch$30$rdmux[0][5][6]$a$161 [3:0], B=$memory$auto$proc_rom.cc:155:do_switch$30$rdmux[0][5][6]$b$162 [3:0], Y=$memory$auto$proc_rom.cc:155:do_switch$30$rdmux[0][4][3]$a$104 [3:0]
      New connections: $memory$auto$proc_rom.cc:155:do_switch$30$rdmux[0][4][3]$a$104 [4] = 1'0
    Consolidated identical input bits for $mux cell $memory$auto$proc_rom.cc:155:do_switch$30$rdmux[0][5][5]$157:
      Old ports: A=$memory$auto$proc_rom.cc:155:do_switch$30$rdmux[0][5][5]$a$158, B=$memory$auto$proc_rom.cc:155:do_switch$30$rdmux[0][5][5]$b$159, Y=$memory$auto$proc_rom.cc:155:do_switch$30$rdmux[0][4][2]$b$102
      New ports: A=$memory$auto$proc_rom.cc:155:do_switch$30$rdmux[0][5][5]$a$158 [2:1], B=$memory$auto$proc_rom.cc:155:do_switch$30$rdmux[0][5][5]$b$159 [2:1], Y=$memory$auto$proc_rom.cc:155:do_switch$30$rdmux[0][4][2]$b$102 [2:1]
      New connections: { $memory$auto$proc_rom.cc:155:do_switch$30$rdmux[0][4][2]$b$102 [4:3] $memory$auto$proc_rom.cc:155:do_switch$30$rdmux[0][4][2]$b$102 [0] } = 3'000
    Consolidated identical input bits for $mux cell $memory$auto$proc_rom.cc:155:do_switch$30$rdmux[0][5][4]$154:
      Old ports: A=$memory$auto$proc_rom.cc:155:do_switch$30$rdmux[0][5][4]$a$155, B=$memory$auto$proc_rom.cc:155:do_switch$30$rdmux[0][5][4]$b$156, Y=$memory$auto$proc_rom.cc:155:do_switch$30$rdmux[0][4][2]$a$101
      New ports: A=$memory$auto$proc_rom.cc:155:do_switch$30$rdmux[0][5][4]$a$155 [2:1], B=$memory$auto$proc_rom.cc:155:do_switch$30$rdmux[0][5][4]$b$156 [2:1], Y=$memory$auto$proc_rom.cc:155:do_switch$30$rdmux[0][4][2]$a$101 [2:1]
      New connections: { $memory$auto$proc_rom.cc:155:do_switch$30$rdmux[0][4][2]$a$101 [4:3] $memory$auto$proc_rom.cc:155:do_switch$30$rdmux[0][4][2]$a$101 [0] } = 3'000
    Consolidated identical input bits for $mux cell $memory$auto$proc_rom.cc:155:do_switch$30$rdmux[0][5][3]$151:
      Old ports: A=$memory$auto$proc_rom.cc:155:do_switch$30$rdmux[0][5][3]$a$152, B=$memory$auto$proc_rom.cc:155:do_switch$30$rdmux[0][5][3]$b$153, Y=$memory$auto$proc_rom.cc:155:do_switch$30$rdmux[0][4][1]$b$99
      New ports: A=$memory$auto$proc_rom.cc:155:do_switch$30$rdmux[0][5][3]$a$152 [1:0], B=$memory$auto$proc_rom.cc:155:do_switch$30$rdmux[0][5][3]$b$153 [1:0], Y=$memory$auto$proc_rom.cc:155:do_switch$30$rdmux[0][4][1]$b$99 [1:0]
      New connections: $memory$auto$proc_rom.cc:155:do_switch$30$rdmux[0][4][1]$b$99 [4:2] = 3'000
    Consolidated identical input bits for $mux cell $memory$auto$proc_rom.cc:155:do_switch$30$rdmux[0][5][2]$148:
      Old ports: A=$memory$auto$proc_rom.cc:155:do_switch$30$rdmux[0][5][2]$a$149, B=$memory$auto$proc_rom.cc:155:do_switch$30$rdmux[0][5][2]$b$150, Y=$memory$auto$proc_rom.cc:155:do_switch$30$rdmux[0][4][1]$a$98
      New ports: A=$memory$auto$proc_rom.cc:155:do_switch$30$rdmux[0][5][2]$a$149 [1:0], B=$memory$auto$proc_rom.cc:155:do_switch$30$rdmux[0][5][2]$b$150 [1:0], Y=$memory$auto$proc_rom.cc:155:do_switch$30$rdmux[0][4][1]$a$98 [1:0]
      New connections: $memory$auto$proc_rom.cc:155:do_switch$30$rdmux[0][4][1]$a$98 [4:2] = 3'000
    Consolidated identical input bits for $mux cell $memory$auto$proc_rom.cc:155:do_switch$26$rdmux[0][3][4]$1612:
      Old ports: A=$memory$auto$proc_rom.cc:155:do_switch$26$rdmux[0][3][4]$a$1613, B=$memory$auto$proc_rom.cc:155:do_switch$26$rdmux[0][3][4]$b$1614, Y=$memory$auto$proc_rom.cc:155:do_switch$26$rdmux[0][2][2]$a$1595
      New ports: A={ 1'0 $memory$auto$proc_rom.cc:155:do_switch$26$rdmux[0][3][4]$a$1613 [0] }, B=$memory$auto$proc_rom.cc:155:do_switch$26$rdmux[0][3][4]$b$1614 [1:0], Y=$memory$auto$proc_rom.cc:155:do_switch$26$rdmux[0][2][2]$a$1595 [1:0]
      New connections: $memory$auto$proc_rom.cc:155:do_switch$26$rdmux[0][2][2]$a$1595 [6:2] = { 1'1 $memory$auto$proc_rom.cc:155:do_switch$26$rdmux[0][2][2]$a$1595 [1] 1'1 $memory$auto$proc_rom.cc:155:do_switch$26$rdmux[0][2][2]$a$1595 [1] $memory$auto$proc_rom.cc:155:do_switch$26$rdmux[0][2][2]$a$1595 [1] }
  Optimizing cells in module \ex252_semantic_u2_dot4_pairtable_qcase.
    Consolidated identical input bits for $mux cell $memory$auto$proc_rom.cc:155:do_switch$26$rdmux[0][2][2]$1594:
      Old ports: A=$memory$auto$proc_rom.cc:155:do_switch$26$rdmux[0][2][2]$a$1595, B=7'1111110, Y=$memory$auto$proc_rom.cc:155:do_switch$26$rdmux[0][1][1]$a$1586
      New ports: A=$memory$auto$proc_rom.cc:155:do_switch$26$rdmux[0][2][2]$a$1595 [1:0], B=2'10, Y=$memory$auto$proc_rom.cc:155:do_switch$26$rdmux[0][1][1]$a$1586 [1:0]
      New connections: $memory$auto$proc_rom.cc:155:do_switch$26$rdmux[0][1][1]$a$1586 [6:2] = { 1'1 $memory$auto$proc_rom.cc:155:do_switch$26$rdmux[0][1][1]$a$1586 [1] 1'1 $memory$auto$proc_rom.cc:155:do_switch$26$rdmux[0][1][1]$a$1586 [1] $memory$auto$proc_rom.cc:155:do_switch$26$rdmux[0][1][1]$a$1586 [1] }
    Consolidated identical input bits for $mux cell $memory$auto$proc_rom.cc:155:do_switch$26$rdmux[0][2][1]$1591:
      Old ports: A=$memory$auto$proc_rom.cc:155:do_switch$26$rdmux[0][2][1]$a$1592, B=$memory$auto$proc_rom.cc:155:do_switch$26$rdmux[0][2][1]$b$1593, Y=$memory$auto$proc_rom.cc:155:do_switch$26$rdmux[0][1][0]$b$1584
      New ports: A={ 2'01 $memory$auto$proc_rom.cc:155:do_switch$26$rdmux[0][2][1]$a$1592 [2:0] }, B={ $memory$auto$proc_rom.cc:155:do_switch$26$rdmux[0][2][1]$b$1593 [4] $memory$auto$proc_rom.cc:155:do_switch$26$rdmux[0][2][1]$b$1593 [2] $memory$auto$proc_rom.cc:155:do_switch$26$rdmux[0][2][1]$b$1593 [2:0] }, Y=$memory$auto$proc_rom.cc:155:do_switch$26$rdmux[0][1][0]$b$1584 [4:0]
      New connections: $memory$auto$proc_rom.cc:155:do_switch$26$rdmux[0][1][0]$b$1584 [6:5] = 2'10
    Consolidated identical input bits for $mux cell $memory$auto$proc_rom.cc:155:do_switch$34$rdmux[0][4][14]$901:
      Old ports: A=$memory$auto$proc_rom.cc:155:do_switch$34$rdmux[0][4][14]$a$902, B=$memory$auto$proc_rom.cc:155:do_switch$34$rdmux[0][4][14]$b$903, Y=$memory$auto$proc_rom.cc:155:do_switch$34$rdmux[0][3][7]$a$857
      New ports: A=$memory$auto$proc_rom.cc:155:do_switch$34$rdmux[0][4][14]$a$902 [3:0], B=$memory$auto$proc_rom.cc:155:do_switch$34$rdmux[0][4][14]$b$903 [3:0], Y=$memory$auto$proc_rom.cc:155:do_switch$34$rdmux[0][3][7]$a$857 [3:0]
      New connections: $memory$auto$proc_rom.cc:155:do_switch$34$rdmux[0][3][7]$a$857 [4] = 1'0
    Consolidated identical input bits for $mux cell $memory$auto$proc_rom.cc:155:do_switch$34$rdmux[0][4][13]$898:
      Old ports: A=$memory$auto$proc_rom.cc:155:do_switch$34$rdmux[0][4][13]$a$899, B=$memory$auto$proc_rom.cc:155:do_switch$34$rdmux[0][4][13]$b$900, Y=$memory$auto$proc_rom.cc:155:do_switch$34$rdmux[0][3][6]$b$855
      New ports: A={ 1'0 $memory$auto$proc_rom.cc:155:do_switch$34$rdmux[0][4][13]$a$899 [2:0] }, B=$memory$auto$proc_rom.cc:155:do_switch$34$rdmux[0][4][13]$b$900 [3:0], Y=$memory$auto$proc_rom.cc:155:do_switch$34$rdmux[0][3][6]$b$855 [3:0]
      New connections: $memory$auto$proc_rom.cc:155:do_switch$34$rdmux[0][3][6]$b$855 [4] = 1'0
    Consolidated identical input bits for $mux cell $memory$auto$proc_rom.cc:155:do_switch$34$rdmux[0][4][11]$892:
      Old ports: A=$memory$auto$proc_rom.cc:155:do_switch$34$rdmux[0][4][11]$a$893, B=$memory$auto$proc_rom.cc:155:do_switch$34$rdmux[0][4][11]$b$894, Y=$memory$auto$proc_rom.cc:155:do_switch$34$rdmux[0][3][5]$b$852
      New ports: A=$memory$auto$proc_rom.cc:155:do_switch$34$rdmux[0][4][11]$a$893 [3:0], B=$memory$auto$proc_rom.cc:155:do_switch$34$rdmux[0][4][11]$b$894 [3:0], Y=$memory$auto$proc_rom.cc:155:do_switch$34$rdmux[0][3][5]$b$852 [3:0]
      New connections: $memory$auto$proc_rom.cc:155:do_switch$34$rdmux[0][3][5]$b$852 [4] = 1'0
    Consolidated identical input bits for $mux cell $memory$auto$proc_rom.cc:155:do_switch$34$rdmux[0][4][10]$889:
      Old ports: A=$memory$auto$proc_rom.cc:155:do_switch$34$rdmux[0][4][10]$a$890, B=$memory$auto$proc_rom.cc:155:do_switch$34$rdmux[0][4][10]$b$891, Y=$memory$auto$proc_rom.cc:155:do_switch$34$rdmux[0][3][5]$a$851
      New ports: A=$memory$auto$proc_rom.cc:155:do_switch$34$rdmux[0][4][10]$a$890 [3:1], B=$memory$auto$proc_rom.cc:155:do_switch$34$rdmux[0][4][10]$b$891 [3:1], Y=$memory$auto$proc_rom.cc:155:do_switch$34$rdmux[0][3][5]$a$851 [3:1]
      New connections: { $memory$auto$proc_rom.cc:155:do_switch$34$rdmux[0][3][5]$a$851 [4] $memory$auto$proc_rom.cc:155:do_switch$34$rdmux[0][3][5]$a$851 [0] } = 2'00
    Consolidated identical input bits for $mux cell $memory$auto$proc_rom.cc:155:do_switch$34$rdmux[0][4][9]$886:
      Old ports: A=$memory$auto$proc_rom.cc:155:do_switch$34$rdmux[0][4][9]$a$887, B=$memory$auto$proc_rom.cc:155:do_switch$34$rdmux[0][4][9]$b$888, Y=$memory$auto$proc_rom.cc:155:do_switch$34$rdmux[0][3][4]$b$849
      New ports: A={ 1'0 $memory$auto$proc_rom.cc:155:do_switch$34$rdmux[0][4][9]$a$887 [2:0] }, B=$memory$auto$proc_rom.cc:155:do_switch$34$rdmux[0][4][9]$b$888 [3:0], Y=$memory$auto$proc_rom.cc:155:do_switch$34$rdmux[0][3][4]$b$849 [3:0]
      New connections: $memory$auto$proc_rom.cc:155:do_switch$34$rdmux[0][3][4]$b$849 [4] = 1'0
    Consolidated identical input bits for $mux cell $memory$auto$proc_rom.cc:155:do_switch$34$rdmux[0][4][7]$880:
      Old ports: A=$memory$auto$proc_rom.cc:155:do_switch$34$rdmux[0][4][7]$a$881, B=$memory$auto$proc_rom.cc:155:do_switch$34$rdmux[0][4][7]$b$882, Y=$memory$auto$proc_rom.cc:155:do_switch$34$rdmux[0][3][3]$b$846
      New ports: A=$memory$auto$proc_rom.cc:155:do_switch$34$rdmux[0][4][7]$a$881 [3:0], B=$memory$auto$proc_rom.cc:155:do_switch$34$rdmux[0][4][7]$b$882 [3:0], Y=$memory$auto$proc_rom.cc:155:do_switch$34$rdmux[0][3][3]$b$846 [3:0]
      New connections: $memory$auto$proc_rom.cc:155:do_switch$34$rdmux[0][3][3]$b$846 [4] = 1'0
    Consolidated identical input bits for $mux cell $memory$auto$proc_rom.cc:155:do_switch$34$rdmux[0][4][6]$877:
      Old ports: A=$memory$auto$proc_rom.cc:155:do_switch$34$rdmux[0][4][6]$a$878, B=$memory$auto$proc_rom.cc:155:do_switch$34$rdmux[0][4][6]$b$879, Y=$memory$auto$proc_rom.cc:155:do_switch$34$rdmux[0][3][3]$a$845
      New ports: A={ 1'0 $memory$auto$proc_rom.cc:155:do_switch$34$rdmux[0][4][6]$a$878 [2:0] }, B=$memory$auto$proc_rom.cc:155:do_switch$34$rdmux[0][4][6]$b$879 [3:0], Y=$memory$auto$proc_rom.cc:155:do_switch$34$rdmux[0][3][3]$a$845 [3:0]
      New connections: $memory$auto$proc_rom.cc:155:do_switch$34$rdmux[0][3][3]$a$845 [4] = 1'0
    Consolidated identical input bits for $mux cell $memory$auto$proc_rom.cc:155:do_switch$34$rdmux[0][4][5]$874:
      Old ports: A=$memory$auto$proc_rom.cc:155:do_switch$34$rdmux[0][4][5]$a$875, B=$memory$auto$proc_rom.cc:155:do_switch$34$rdmux[0][4][5]$b$876, Y=$memory$auto$proc_rom.cc:155:do_switch$34$rdmux[0][3][2]$b$843
      New ports: A=$memory$auto$proc_rom.cc:155:do_switch$34$rdmux[0][4][5]$a$875 [2:0], B=$memory$auto$proc_rom.cc:155:do_switch$34$rdmux[0][4][5]$b$876 [2:0], Y=$memory$auto$proc_rom.cc:155:do_switch$34$rdmux[0][3][2]$b$843 [2:0]
      New connections: $memory$auto$proc_rom.cc:155:do_switch$34$rdmux[0][3][2]$b$843 [4:3] = 2'00
    Consolidated identical input bits for $mux cell $memory$auto$proc_rom.cc:155:do_switch$34$rdmux[0][4][3]$868:
      Old ports: A=$memory$auto$proc_rom.cc:155:do_switch$34$rdmux[0][4][3]$a$869, B=$memory$auto$proc_rom.cc:155:do_switch$34$rdmux[0][4][3]$b$870, Y=$memory$auto$proc_rom.cc:155:do_switch$34$rdmux[0][3][1]$b$840
      New ports: A=$memory$auto$proc_rom.cc:155:do_switch$34$rdmux[0][4][3]$a$869 [3:0], B=$memory$auto$proc_rom.cc:155:do_switch$34$rdmux[0][4][3]$b$870 [3:0], Y=$memory$auto$proc_rom.cc:155:do_switch$34$rdmux[0][3][1]$b$840 [3:0]
      New connections: $memory$auto$proc_rom.cc:155:do_switch$34$rdmux[0][3][1]$b$840 [4] = 1'0
    Consolidated identical input bits for $mux cell $memory$auto$proc_rom.cc:155:do_switch$34$rdmux[0][4][2]$865:
      Old ports: A=$memory$auto$proc_rom.cc:155:do_switch$34$rdmux[0][4][2]$a$866, B=$memory$auto$proc_rom.cc:155:do_switch$34$rdmux[0][4][2]$b$867, Y=$memory$auto$proc_rom.cc:155:do_switch$34$rdmux[0][3][1]$a$839
      New ports: A=$memory$auto$proc_rom.cc:155:do_switch$34$rdmux[0][4][2]$a$866 [2:1], B=$memory$auto$proc_rom.cc:155:do_switch$34$rdmux[0][4][2]$b$867 [2:1], Y=$memory$auto$proc_rom.cc:155:do_switch$34$rdmux[0][3][1]$a$839 [2:1]
      New connections: { $memory$auto$proc_rom.cc:155:do_switch$34$rdmux[0][3][1]$a$839 [4:3] $memory$auto$proc_rom.cc:155:do_switch$34$rdmux[0][3][1]$a$839 [0] } = 3'000
    Consolidated identical input bits for $mux cell $memory$auto$proc_rom.cc:155:do_switch$34$rdmux[0][4][1]$862:
      Old ports: A=$memory$auto$proc_rom.cc:155:do_switch$34$rdmux[0][4][1]$a$863, B=$memory$auto$proc_rom.cc:155:do_switch$34$rdmux[0][4][1]$b$864, Y=$memory$auto$proc_rom.cc:155:do_switch$34$rdmux[0][3][0]$b$837
      New ports: A=$memory$auto$proc_rom.cc:155:do_switch$34$rdmux[0][4][1]$a$863 [1:0], B=$memory$auto$proc_rom.cc:155:do_switch$34$rdmux[0][4][1]$b$864 [1:0], Y=$memory$auto$proc_rom.cc:155:do_switch$34$rdmux[0][3][0]$b$837 [1:0]
      New connections: $memory$auto$proc_rom.cc:155:do_switch$34$rdmux[0][3][0]$b$837 [4:2] = 3'000
    Consolidated identical input bits for $mux cell $memory$auto$proc_rom.cc:155:do_switch$30$rdmux[0][4][14]$136:
      Old ports: A=$memory$auto$proc_rom.cc:155:do_switch$30$rdmux[0][4][14]$a$137, B=$memory$auto$proc_rom.cc:155:do_switch$30$rdmux[0][4][14]$b$138, Y=$memory$auto$proc_rom.cc:155:do_switch$30$rdmux[0][3][7]$a$92
      New ports: A=$memory$auto$proc_rom.cc:155:do_switch$30$rdmux[0][4][14]$a$137 [3:0], B=$memory$auto$proc_rom.cc:155:do_switch$30$rdmux[0][4][14]$b$138 [3:0], Y=$memory$auto$proc_rom.cc:155:do_switch$30$rdmux[0][3][7]$a$92 [3:0]
      New connections: $memory$auto$proc_rom.cc:155:do_switch$30$rdmux[0][3][7]$a$92 [4] = 1'0
    Consolidated identical input bits for $mux cell $memory$auto$proc_rom.cc:155:do_switch$30$rdmux[0][4][13]$133:
      Old ports: A=$memory$auto$proc_rom.cc:155:do_switch$30$rdmux[0][4][13]$a$134, B=$memory$auto$proc_rom.cc:155:do_switch$30$rdmux[0][4][13]$b$135, Y=$memory$auto$proc_rom.cc:155:do_switch$30$rdmux[0][3][6]$b$90
      New ports: A={ 1'0 $memory$auto$proc_rom.cc:155:do_switch$30$rdmux[0][4][13]$a$134 [2:0] }, B=$memory$auto$proc_rom.cc:155:do_switch$30$rdmux[0][4][13]$b$135 [3:0], Y=$memory$auto$proc_rom.cc:155:do_switch$30$rdmux[0][3][6]$b$90 [3:0]
      New connections: $memory$auto$proc_rom.cc:155:do_switch$30$rdmux[0][3][6]$b$90 [4] = 1'0
    Consolidated identical input bits for $mux cell $memory$auto$proc_rom.cc:155:do_switch$30$rdmux[0][4][11]$127:
      Old ports: A=$memory$auto$proc_rom.cc:155:do_switch$30$rdmux[0][4][11]$a$128, B=$memory$auto$proc_rom.cc:155:do_switch$30$rdmux[0][4][11]$b$129, Y=$memory$auto$proc_rom.cc:155:do_switch$30$rdmux[0][3][5]$b$87
      New ports: A=$memory$auto$proc_rom.cc:155:do_switch$30$rdmux[0][4][11]$a$128 [3:0], B=$memory$auto$proc_rom.cc:155:do_switch$30$rdmux[0][4][11]$b$129 [3:0], Y=$memory$auto$proc_rom.cc:155:do_switch$30$rdmux[0][3][5]$b$87 [3:0]
      New connections: $memory$auto$proc_rom.cc:155:do_switch$30$rdmux[0][3][5]$b$87 [4] = 1'0
    Consolidated identical input bits for $mux cell $memory$auto$proc_rom.cc:155:do_switch$30$rdmux[0][4][10]$124:
      Old ports: A=$memory$auto$proc_rom.cc:155:do_switch$30$rdmux[0][4][10]$a$125, B=$memory$auto$proc_rom.cc:155:do_switch$30$rdmux[0][4][10]$b$126, Y=$memory$auto$proc_rom.cc:155:do_switch$30$rdmux[0][3][5]$a$86
      New ports: A=$memory$auto$proc_rom.cc:155:do_switch$30$rdmux[0][4][10]$a$125 [3:1], B=$memory$auto$proc_rom.cc:155:do_switch$30$rdmux[0][4][10]$b$126 [3:1], Y=$memory$auto$proc_rom.cc:155:do_switch$30$rdmux[0][3][5]$a$86 [3:1]
      New connections: { $memory$auto$proc_rom.cc:155:do_switch$30$rdmux[0][3][5]$a$86 [4] $memory$auto$proc_rom.cc:155:do_switch$30$rdmux[0][3][5]$a$86 [0] } = 2'00
    Consolidated identical input bits for $mux cell $memory$auto$proc_rom.cc:155:do_switch$30$rdmux[0][4][9]$121:
      Old ports: A=$memory$auto$proc_rom.cc:155:do_switch$30$rdmux[0][4][9]$a$122, B=$memory$auto$proc_rom.cc:155:do_switch$30$rdmux[0][4][9]$b$123, Y=$memory$auto$proc_rom.cc:155:do_switch$30$rdmux[0][3][4]$b$84
      New ports: A={ 1'0 $memory$auto$proc_rom.cc:155:do_switch$30$rdmux[0][4][9]$a$122 [2:0] }, B=$memory$auto$proc_rom.cc:155:do_switch$30$rdmux[0][4][9]$b$123 [3:0], Y=$memory$auto$proc_rom.cc:155:do_switch$30$rdmux[0][3][4]$b$84 [3:0]
      New connections: $memory$auto$proc_rom.cc:155:do_switch$30$rdmux[0][3][4]$b$84 [4] = 1'0
    Consolidated identical input bits for $mux cell $memory$auto$proc_rom.cc:155:do_switch$30$rdmux[0][4][7]$115:
      Old ports: A=$memory$auto$proc_rom.cc:155:do_switch$30$rdmux[0][4][7]$a$116, B=$memory$auto$proc_rom.cc:155:do_switch$30$rdmux[0][4][7]$b$117, Y=$memory$auto$proc_rom.cc:155:do_switch$30$rdmux[0][3][3]$b$81
      New ports: A=$memory$auto$proc_rom.cc:155:do_switch$30$rdmux[0][4][7]$a$116 [3:0], B=$memory$auto$proc_rom.cc:155:do_switch$30$rdmux[0][4][7]$b$117 [3:0], Y=$memory$auto$proc_rom.cc:155:do_switch$30$rdmux[0][3][3]$b$81 [3:0]
      New connections: $memory$auto$proc_rom.cc:155:do_switch$30$rdmux[0][3][3]$b$81 [4] = 1'0
    Consolidated identical input bits for $mux cell $memory$auto$proc_rom.cc:155:do_switch$30$rdmux[0][4][6]$112:
      Old ports: A=$memory$auto$proc_rom.cc:155:do_switch$30$rdmux[0][4][6]$a$113, B=$memory$auto$proc_rom.cc:155:do_switch$30$rdmux[0][4][6]$b$114, Y=$memory$auto$proc_rom.cc:155:do_switch$30$rdmux[0][3][3]$a$80
      New ports: A={ 1'0 $memory$auto$proc_rom.cc:155:do_switch$30$rdmux[0][4][6]$a$113 [2:0] }, B=$memory$auto$proc_rom.cc:155:do_switch$30$rdmux[0][4][6]$b$114 [3:0], Y=$memory$auto$proc_rom.cc:155:do_switch$30$rdmux[0][3][3]$a$80 [3:0]
      New connections: $memory$auto$proc_rom.cc:155:do_switch$30$rdmux[0][3][3]$a$80 [4] = 1'0
    Consolidated identical input bits for $mux cell $memory$auto$proc_rom.cc:155:do_switch$30$rdmux[0][4][5]$109:
      Old ports: A=$memory$auto$proc_rom.cc:155:do_switch$30$rdmux[0][4][5]$a$110, B=$memory$auto$proc_rom.cc:155:do_switch$30$rdmux[0][4][5]$b$111, Y=$memory$auto$proc_rom.cc:155:do_switch$30$rdmux[0][3][2]$b$78
      New ports: A=$memory$auto$proc_rom.cc:155:do_switch$30$rdmux[0][4][5]$a$110 [2:0], B=$memory$auto$proc_rom.cc:155:do_switch$30$rdmux[0][4][5]$b$111 [2:0], Y=$memory$auto$proc_rom.cc:155:do_switch$30$rdmux[0][3][2]$b$78 [2:0]
      New connections: $memory$auto$proc_rom.cc:155:do_switch$30$rdmux[0][3][2]$b$78 [4:3] = 2'00
    Consolidated identical input bits for $mux cell $memory$auto$proc_rom.cc:155:do_switch$30$rdmux[0][4][3]$103:
      Old ports: A=$memory$auto$proc_rom.cc:155:do_switch$30$rdmux[0][4][3]$a$104, B=$memory$auto$proc_rom.cc:155:do_switch$30$rdmux[0][4][3]$b$105, Y=$memory$auto$proc_rom.cc:155:do_switch$30$rdmux[0][3][1]$b$75
      New ports: A=$memory$auto$proc_rom.cc:155:do_switch$30$rdmux[0][4][3]$a$104 [3:0], B=$memory$auto$proc_rom.cc:155:do_switch$30$rdmux[0][4][3]$b$105 [3:0], Y=$memory$auto$proc_rom.cc:155:do_switch$30$rdmux[0][3][1]$b$75 [3:0]
      New connections: $memory$auto$proc_rom.cc:155:do_switch$30$rdmux[0][3][1]$b$75 [4] = 1'0
    Consolidated identical input bits for $mux cell $memory$auto$proc_rom.cc:155:do_switch$30$rdmux[0][4][2]$100:
      Old ports: A=$memory$auto$proc_rom.cc:155:do_switch$30$rdmux[0][4][2]$a$101, B=$memory$auto$proc_rom.cc:155:do_switch$30$rdmux[0][4][2]$b$102, Y=$memory$auto$proc_rom.cc:155:do_switch$30$rdmux[0][3][1]$a$74
      New ports: A=$memory$auto$proc_rom.cc:155:do_switch$30$rdmux[0][4][2]$a$101 [2:1], B=$memory$auto$proc_rom.cc:155:do_switch$30$rdmux[0][4][2]$b$102 [2:1], Y=$memory$auto$proc_rom.cc:155:do_switch$30$rdmux[0][3][1]$a$74 [2:1]
      New connections: { $memory$auto$proc_rom.cc:155:do_switch$30$rdmux[0][3][1]$a$74 [4:3] $memory$auto$proc_rom.cc:155:do_switch$30$rdmux[0][3][1]$a$74 [0] } = 3'000
    Consolidated identical input bits for $mux cell $memory$auto$proc_rom.cc:155:do_switch$30$rdmux[0][4][1]$97:
      Old ports: A=$memory$auto$proc_rom.cc:155:do_switch$30$rdmux[0][4][1]$a$98, B=$memory$auto$proc_rom.cc:155:do_switch$30$rdmux[0][4][1]$b$99, Y=$memory$auto$proc_rom.cc:155:do_switch$30$rdmux[0][3][0]$b$72
      New ports: A=$memory$auto$proc_rom.cc:155:do_switch$30$rdmux[0][4][1]$a$98 [1:0], B=$memory$auto$proc_rom.cc:155:do_switch$30$rdmux[0][4][1]$b$99 [1:0], Y=$memory$auto$proc_rom.cc:155:do_switch$30$rdmux[0][3][0]$b$72 [1:0]
      New connections: $memory$auto$proc_rom.cc:155:do_switch$30$rdmux[0][3][0]$b$72 [4:2] = 3'000
  Optimizing cells in module \ex252_semantic_u2_dot4_pairtable_qcase.
    Consolidated identical input bits for $mux cell $memory$auto$proc_rom.cc:155:do_switch$26$rdmux[0][1][1]$1585:
      Old ports: A=$memory$auto$proc_rom.cc:155:do_switch$26$rdmux[0][1][1]$a$1586, B=7'1111110, Y=$memory$auto$proc_rom.cc:155:do_switch$26$rdmux[0][0][0]$b$1581
      New ports: A=$memory$auto$proc_rom.cc:155:do_switch$26$rdmux[0][1][1]$a$1586 [1:0], B=2'10, Y=$memory$auto$proc_rom.cc:155:do_switch$26$rdmux[0][0][0]$b$1581 [1:0]
      New connections: $memory$auto$proc_rom.cc:155:do_switch$26$rdmux[0][0][0]$b$1581 [6:2] = { 1'1 $memory$auto$proc_rom.cc:155:do_switch$26$rdmux[0][0][0]$b$1581 [1] 1'1 $memory$auto$proc_rom.cc:155:do_switch$26$rdmux[0][0][0]$b$1581 [1] $memory$auto$proc_rom.cc:155:do_switch$26$rdmux[0][0][0]$b$1581 [1] }
    Consolidated identical input bits for $mux cell $memory$auto$proc_rom.cc:155:do_switch$34$rdmux[0][3][6]$853:
      Old ports: A=$memory$auto$proc_rom.cc:155:do_switch$34$rdmux[0][3][6]$a$854, B=$memory$auto$proc_rom.cc:155:do_switch$34$rdmux[0][3][6]$b$855, Y=$memory$auto$proc_rom.cc:155:do_switch$34$rdmux[0][2][3]$a$833
      New ports: A=$memory$auto$proc_rom.cc:155:do_switch$34$rdmux[0][3][6]$a$854 [3:0], B=$memory$auto$proc_rom.cc:155:do_switch$34$rdmux[0][3][6]$b$855 [3:0], Y=$memory$auto$proc_rom.cc:155:do_switch$34$rdmux[0][2][3]$a$833 [3:0]
      New connections: $memory$auto$proc_rom.cc:155:do_switch$34$rdmux[0][2][3]$a$833 [4] = 1'0
    Consolidated identical input bits for $mux cell $memory$auto$proc_rom.cc:155:do_switch$34$rdmux[0][3][5]$850:
      Old ports: A=$memory$auto$proc_rom.cc:155:do_switch$34$rdmux[0][3][5]$a$851, B=$memory$auto$proc_rom.cc:155:do_switch$34$rdmux[0][3][5]$b$852, Y=$memory$auto$proc_rom.cc:155:do_switch$34$rdmux[0][2][2]$b$831
      New ports: A={ $memory$auto$proc_rom.cc:155:do_switch$34$rdmux[0][3][5]$a$851 [3:1] 1'0 }, B=$memory$auto$proc_rom.cc:155:do_switch$34$rdmux[0][3][5]$b$852 [3:0], Y=$memory$auto$proc_rom.cc:155:do_switch$34$rdmux[0][2][2]$b$831 [3:0]
      New connections: $memory$auto$proc_rom.cc:155:do_switch$34$rdmux[0][2][2]$b$831 [4] = 1'0
    Consolidated identical input bits for $mux cell $memory$auto$proc_rom.cc:155:do_switch$34$rdmux[0][3][4]$847:
      Old ports: A=$memory$auto$proc_rom.cc:155:do_switch$34$rdmux[0][3][4]$a$848, B=$memory$auto$proc_rom.cc:155:do_switch$34$rdmux[0][3][4]$b$849, Y=$memory$auto$proc_rom.cc:155:do_switch$34$rdmux[0][2][2]$a$830
      New ports: A={ 1'0 $memory$auto$proc_rom.cc:155:do_switch$34$rdmux[0][3][4]$a$848 [2:1] 1'0 }, B=$memory$auto$proc_rom.cc:155:do_switch$34$rdmux[0][3][4]$b$849 [3:0], Y=$memory$auto$proc_rom.cc:155:do_switch$34$rdmux[0][2][2]$a$830 [3:0]
      New connections: $memory$auto$proc_rom.cc:155:do_switch$34$rdmux[0][2][2]$a$830 [4] = 1'0
    Consolidated identical input bits for $mux cell $memory$auto$proc_rom.cc:155:do_switch$34$rdmux[0][3][3]$844:
      Old ports: A=$memory$auto$proc_rom.cc:155:do_switch$34$rdmux[0][3][3]$a$845, B=$memory$auto$proc_rom.cc:155:do_switch$34$rdmux[0][3][3]$b$846, Y=$memory$auto$proc_rom.cc:155:do_switch$34$rdmux[0][2][1]$b$828
      New ports: A=$memory$auto$proc_rom.cc:155:do_switch$34$rdmux[0][3][3]$a$845 [3:0], B=$memory$auto$proc_rom.cc:155:do_switch$34$rdmux[0][3][3]$b$846 [3:0], Y=$memory$auto$proc_rom.cc:155:do_switch$34$rdmux[0][2][1]$b$828 [3:0]
      New connections: $memory$auto$proc_rom.cc:155:do_switch$34$rdmux[0][2][1]$b$828 [4] = 1'0
    Consolidated identical input bits for $mux cell $memory$auto$proc_rom.cc:155:do_switch$34$rdmux[0][3][2]$841:
      Old ports: A=$memory$auto$proc_rom.cc:155:do_switch$34$rdmux[0][3][2]$a$842, B=$memory$auto$proc_rom.cc:155:do_switch$34$rdmux[0][3][2]$b$843, Y=$memory$auto$proc_rom.cc:155:do_switch$34$rdmux[0][2][1]$a$827
      New ports: A={ 1'0 $memory$auto$proc_rom.cc:155:do_switch$34$rdmux[0][3][2]$a$842 [1:0] }, B=$memory$auto$proc_rom.cc:155:do_switch$34$rdmux[0][3][2]$b$843 [2:0], Y=$memory$auto$proc_rom.cc:155:do_switch$34$rdmux[0][2][1]$a$827 [2:0]
      New connections: $memory$auto$proc_rom.cc:155:do_switch$34$rdmux[0][2][1]$a$827 [4:3] = 2'00
    Consolidated identical input bits for $mux cell $memory$auto$proc_rom.cc:155:do_switch$34$rdmux[0][3][1]$838:
      Old ports: A=$memory$auto$proc_rom.cc:155:do_switch$34$rdmux[0][3][1]$a$839, B=$memory$auto$proc_rom.cc:155:do_switch$34$rdmux[0][3][1]$b$840, Y=$memory$auto$proc_rom.cc:155:do_switch$34$rdmux[0][2][0]$b$825
      New ports: A={ 1'0 $memory$auto$proc_rom.cc:155:do_switch$34$rdmux[0][3][1]$a$839 [2:1] 1'0 }, B=$memory$auto$proc_rom.cc:155:do_switch$34$rdmux[0][3][1]$b$840 [3:0], Y=$memory$auto$proc_rom.cc:155:do_switch$34$rdmux[0][2][0]$b$825 [3:0]
      New connections: $memory$auto$proc_rom.cc:155:do_switch$34$rdmux[0][2][0]$b$825 [4] = 1'0
    Consolidated identical input bits for $mux cell $memory$auto$proc_rom.cc:155:do_switch$34$rdmux[0][3][0]$835:
      Old ports: A=5'00000, B=$memory$auto$proc_rom.cc:155:do_switch$34$rdmux[0][3][0]$b$837, Y=$memory$auto$proc_rom.cc:155:do_switch$34$rdmux[0][2][0]$a$824
      New ports: A=2'00, B=$memory$auto$proc_rom.cc:155:do_switch$34$rdmux[0][3][0]$b$837 [1:0], Y=$memory$auto$proc_rom.cc:155:do_switch$34$rdmux[0][2][0]$a$824 [1:0]
      New connections: $memory$auto$proc_rom.cc:155:do_switch$34$rdmux[0][2][0]$a$824 [4:2] = 3'000
    Consolidated identical input bits for $mux cell $memory$auto$proc_rom.cc:155:do_switch$30$rdmux[0][3][6]$88:
      Old ports: A=$memory$auto$proc_rom.cc:155:do_switch$30$rdmux[0][3][6]$a$89, B=$memory$auto$proc_rom.cc:155:do_switch$30$rdmux[0][3][6]$b$90, Y=$memory$auto$proc_rom.cc:155:do_switch$30$rdmux[0][2][3]$a$68
      New ports: A=$memory$auto$proc_rom.cc:155:do_switch$30$rdmux[0][3][6]$a$89 [3:0], B=$memory$auto$proc_rom.cc:155:do_switch$30$rdmux[0][3][6]$b$90 [3:0], Y=$memory$auto$proc_rom.cc:155:do_switch$30$rdmux[0][2][3]$a$68 [3:0]
      New connections: $memory$auto$proc_rom.cc:155:do_switch$30$rdmux[0][2][3]$a$68 [4] = 1'0
    Consolidated identical input bits for $mux cell $memory$auto$proc_rom.cc:155:do_switch$30$rdmux[0][3][5]$85:
      Old ports: A=$memory$auto$proc_rom.cc:155:do_switch$30$rdmux[0][3][5]$a$86, B=$memory$auto$proc_rom.cc:155:do_switch$30$rdmux[0][3][5]$b$87, Y=$memory$auto$proc_rom.cc:155:do_switch$30$rdmux[0][2][2]$b$66
      New ports: A={ $memory$auto$proc_rom.cc:155:do_switch$30$rdmux[0][3][5]$a$86 [3:1] 1'0 }, B=$memory$auto$proc_rom.cc:155:do_switch$30$rdmux[0][3][5]$b$87 [3:0], Y=$memory$auto$proc_rom.cc:155:do_switch$30$rdmux[0][2][2]$b$66 [3:0]
      New connections: $memory$auto$proc_rom.cc:155:do_switch$30$rdmux[0][2][2]$b$66 [4] = 1'0
    Consolidated identical input bits for $mux cell $memory$auto$proc_rom.cc:155:do_switch$30$rdmux[0][3][4]$82:
      Old ports: A=$memory$auto$proc_rom.cc:155:do_switch$30$rdmux[0][3][4]$a$83, B=$memory$auto$proc_rom.cc:155:do_switch$30$rdmux[0][3][4]$b$84, Y=$memory$auto$proc_rom.cc:155:do_switch$30$rdmux[0][2][2]$a$65
      New ports: A={ 1'0 $memory$auto$proc_rom.cc:155:do_switch$30$rdmux[0][3][4]$a$83 [2:1] 1'0 }, B=$memory$auto$proc_rom.cc:155:do_switch$30$rdmux[0][3][4]$b$84 [3:0], Y=$memory$auto$proc_rom.cc:155:do_switch$30$rdmux[0][2][2]$a$65 [3:0]
      New connections: $memory$auto$proc_rom.cc:155:do_switch$30$rdmux[0][2][2]$a$65 [4] = 1'0
    Consolidated identical input bits for $mux cell $memory$auto$proc_rom.cc:155:do_switch$30$rdmux[0][3][3]$79:
      Old ports: A=$memory$auto$proc_rom.cc:155:do_switch$30$rdmux[0][3][3]$a$80, B=$memory$auto$proc_rom.cc:155:do_switch$30$rdmux[0][3][3]$b$81, Y=$memory$auto$proc_rom.cc:155:do_switch$30$rdmux[0][2][1]$b$63
      New ports: A=$memory$auto$proc_rom.cc:155:do_switch$30$rdmux[0][3][3]$a$80 [3:0], B=$memory$auto$proc_rom.cc:155:do_switch$30$rdmux[0][3][3]$b$81 [3:0], Y=$memory$auto$proc_rom.cc:155:do_switch$30$rdmux[0][2][1]$b$63 [3:0]
      New connections: $memory$auto$proc_rom.cc:155:do_switch$30$rdmux[0][2][1]$b$63 [4] = 1'0
    Consolidated identical input bits for $mux cell $memory$auto$proc_rom.cc:155:do_switch$30$rdmux[0][3][2]$76:
      Old ports: A=$memory$auto$proc_rom.cc:155:do_switch$30$rdmux[0][3][2]$a$77, B=$memory$auto$proc_rom.cc:155:do_switch$30$rdmux[0][3][2]$b$78, Y=$memory$auto$proc_rom.cc:155:do_switch$30$rdmux[0][2][1]$a$62
      New ports: A={ 1'0 $memory$auto$proc_rom.cc:155:do_switch$30$rdmux[0][3][2]$a$77 [1:0] }, B=$memory$auto$proc_rom.cc:155:do_switch$30$rdmux[0][3][2]$b$78 [2:0], Y=$memory$auto$proc_rom.cc:155:do_switch$30$rdmux[0][2][1]$a$62 [2:0]
      New connections: $memory$auto$proc_rom.cc:155:do_switch$30$rdmux[0][2][1]$a$62 [4:3] = 2'00
    Consolidated identical input bits for $mux cell $memory$auto$proc_rom.cc:155:do_switch$30$rdmux[0][3][1]$73:
      Old ports: A=$memory$auto$proc_rom.cc:155:do_switch$30$rdmux[0][3][1]$a$74, B=$memory$auto$proc_rom.cc:155:do_switch$30$rdmux[0][3][1]$b$75, Y=$memory$auto$proc_rom.cc:155:do_switch$30$rdmux[0][2][0]$b$60
      New ports: A={ 1'0 $memory$auto$proc_rom.cc:155:do_switch$30$rdmux[0][3][1]$a$74 [2:1] 1'0 }, B=$memory$auto$proc_rom.cc:155:do_switch$30$rdmux[0][3][1]$b$75 [3:0], Y=$memory$auto$proc_rom.cc:155:do_switch$30$rdmux[0][2][0]$b$60 [3:0]
      New connections: $memory$auto$proc_rom.cc:155:do_switch$30$rdmux[0][2][0]$b$60 [4] = 1'0
    Consolidated identical input bits for $mux cell $memory$auto$proc_rom.cc:155:do_switch$30$rdmux[0][3][0]$70:
      Old ports: A=5'00000, B=$memory$auto$proc_rom.cc:155:do_switch$30$rdmux[0][3][0]$b$72, Y=$memory$auto$proc_rom.cc:155:do_switch$30$rdmux[0][2][0]$a$59
      New ports: A=2'00, B=$memory$auto$proc_rom.cc:155:do_switch$30$rdmux[0][3][0]$b$72 [1:0], Y=$memory$auto$proc_rom.cc:155:do_switch$30$rdmux[0][2][0]$a$59 [1:0]
      New connections: $memory$auto$proc_rom.cc:155:do_switch$30$rdmux[0][2][0]$a$59 [4:2] = 3'000
  Optimizing cells in module \ex252_semantic_u2_dot4_pairtable_qcase.
    Consolidated identical input bits for $mux cell $memory$auto$proc_rom.cc:155:do_switch$34$rdmux[0][2][2]$829:
      Old ports: A=$memory$auto$proc_rom.cc:155:do_switch$34$rdmux[0][2][2]$a$830, B=$memory$auto$proc_rom.cc:155:do_switch$34$rdmux[0][2][2]$b$831, Y=$memory$auto$proc_rom.cc:155:do_switch$34$rdmux[0][1][1]$a$821
      New ports: A=$memory$auto$proc_rom.cc:155:do_switch$34$rdmux[0][2][2]$a$830 [3:0], B=$memory$auto$proc_rom.cc:155:do_switch$34$rdmux[0][2][2]$b$831 [3:0], Y=$memory$auto$proc_rom.cc:155:do_switch$34$rdmux[0][1][1]$a$821 [3:0]
      New connections: $memory$auto$proc_rom.cc:155:do_switch$34$rdmux[0][1][1]$a$821 [4] = 1'0
    Consolidated identical input bits for $mux cell $memory$auto$proc_rom.cc:155:do_switch$34$rdmux[0][2][1]$826:
      Old ports: A=$memory$auto$proc_rom.cc:155:do_switch$34$rdmux[0][2][1]$a$827, B=$memory$auto$proc_rom.cc:155:do_switch$34$rdmux[0][2][1]$b$828, Y=$memory$auto$proc_rom.cc:155:do_switch$34$rdmux[0][1][0]$b$819
      New ports: A={ 1'0 $memory$auto$proc_rom.cc:155:do_switch$34$rdmux[0][2][1]$a$827 [2:0] }, B=$memory$auto$proc_rom.cc:155:do_switch$34$rdmux[0][2][1]$b$828 [3:0], Y=$memory$auto$proc_rom.cc:155:do_switch$34$rdmux[0][1][0]$b$819 [3:0]
      New connections: $memory$auto$proc_rom.cc:155:do_switch$34$rdmux[0][1][0]$b$819 [4] = 1'0
    Consolidated identical input bits for $mux cell $memory$auto$proc_rom.cc:155:do_switch$34$rdmux[0][2][0]$823:
      Old ports: A=$memory$auto$proc_rom.cc:155:do_switch$34$rdmux[0][2][0]$a$824, B=$memory$auto$proc_rom.cc:155:do_switch$34$rdmux[0][2][0]$b$825, Y=$memory$auto$proc_rom.cc:155:do_switch$34$rdmux[0][1][0]$a$818
      New ports: A={ 2'00 $memory$auto$proc_rom.cc:155:do_switch$34$rdmux[0][2][0]$a$824 [1:0] }, B=$memory$auto$proc_rom.cc:155:do_switch$34$rdmux[0][2][0]$b$825 [3:0], Y=$memory$auto$proc_rom.cc:155:do_switch$34$rdmux[0][1][0]$a$818 [3:0]
      New connections: $memory$auto$proc_rom.cc:155:do_switch$34$rdmux[0][1][0]$a$818 [4] = 1'0
    Consolidated identical input bits for $mux cell $memory$auto$proc_rom.cc:155:do_switch$30$rdmux[0][2][2]$64:
      Old ports: A=$memory$auto$proc_rom.cc:155:do_switch$30$rdmux[0][2][2]$a$65, B=$memory$auto$proc_rom.cc:155:do_switch$30$rdmux[0][2][2]$b$66, Y=$memory$auto$proc_rom.cc:155:do_switch$30$rdmux[0][1][1]$a$56
      New ports: A=$memory$auto$proc_rom.cc:155:do_switch$30$rdmux[0][2][2]$a$65 [3:0], B=$memory$auto$proc_rom.cc:155:do_switch$30$rdmux[0][2][2]$b$66 [3:0], Y=$memory$auto$proc_rom.cc:155:do_switch$30$rdmux[0][1][1]$a$56 [3:0]
      New connections: $memory$auto$proc_rom.cc:155:do_switch$30$rdmux[0][1][1]$a$56 [4] = 1'0
    Consolidated identical input bits for $mux cell $memory$auto$proc_rom.cc:155:do_switch$30$rdmux[0][2][1]$61:
      Old ports: A=$memory$auto$proc_rom.cc:155:do_switch$30$rdmux[0][2][1]$a$62, B=$memory$auto$proc_rom.cc:155:do_switch$30$rdmux[0][2][1]$b$63, Y=$memory$auto$proc_rom.cc:155:do_switch$30$rdmux[0][1][0]$b$54
      New ports: A={ 1'0 $memory$auto$proc_rom.cc:155:do_switch$30$rdmux[0][2][1]$a$62 [2:0] }, B=$memory$auto$proc_rom.cc:155:do_switch$30$rdmux[0][2][1]$b$63 [3:0], Y=$memory$auto$proc_rom.cc:155:do_switch$30$rdmux[0][1][0]$b$54 [3:0]
      New connections: $memory$auto$proc_rom.cc:155:do_switch$30$rdmux[0][1][0]$b$54 [4] = 1'0
    Consolidated identical input bits for $mux cell $memory$auto$proc_rom.cc:155:do_switch$30$rdmux[0][2][0]$58:
      Old ports: A=$memory$auto$proc_rom.cc:155:do_switch$30$rdmux[0][2][0]$a$59, B=$memory$auto$proc_rom.cc:155:do_switch$30$rdmux[0][2][0]$b$60, Y=$memory$auto$proc_rom.cc:155:do_switch$30$rdmux[0][1][0]$a$53
      New ports: A={ 2'00 $memory$auto$proc_rom.cc:155:do_switch$30$rdmux[0][2][0]$a$59 [1:0] }, B=$memory$auto$proc_rom.cc:155:do_switch$30$rdmux[0][2][0]$b$60 [3:0], Y=$memory$auto$proc_rom.cc:155:do_switch$30$rdmux[0][1][0]$a$53 [3:0]
      New connections: $memory$auto$proc_rom.cc:155:do_switch$30$rdmux[0][1][0]$a$53 [4] = 1'0
  Optimizing cells in module \ex252_semantic_u2_dot4_pairtable_qcase.
    Consolidated identical input bits for $mux cell $memory$auto$proc_rom.cc:155:do_switch$34$rdmux[0][1][0]$817:
      Old ports: A=$memory$auto$proc_rom.cc:155:do_switch$34$rdmux[0][1][0]$a$818, B=$memory$auto$proc_rom.cc:155:do_switch$34$rdmux[0][1][0]$b$819, Y=$memory$auto$proc_rom.cc:155:do_switch$34$rdmux[0][0][0]$a$815
      New ports: A=$memory$auto$proc_rom.cc:155:do_switch$34$rdmux[0][1][0]$a$818 [3:0], B=$memory$auto$proc_rom.cc:155:do_switch$34$rdmux[0][1][0]$b$819 [3:0], Y=$memory$auto$proc_rom.cc:155:do_switch$34$rdmux[0][0][0]$a$815 [3:0]
      New connections: $memory$auto$proc_rom.cc:155:do_switch$34$rdmux[0][0][0]$a$815 [4] = 1'0
    Consolidated identical input bits for $mux cell $memory$auto$proc_rom.cc:155:do_switch$30$rdmux[0][1][0]$52:
      Old ports: A=$memory$auto$proc_rom.cc:155:do_switch$30$rdmux[0][1][0]$a$53, B=$memory$auto$proc_rom.cc:155:do_switch$30$rdmux[0][1][0]$b$54, Y=$memory$auto$proc_rom.cc:155:do_switch$30$rdmux[0][0][0]$a$50
      New ports: A=$memory$auto$proc_rom.cc:155:do_switch$30$rdmux[0][1][0]$a$53 [3:0], B=$memory$auto$proc_rom.cc:155:do_switch$30$rdmux[0][1][0]$b$54 [3:0], Y=$memory$auto$proc_rom.cc:155:do_switch$30$rdmux[0][0][0]$a$50 [3:0]
      New connections: $memory$auto$proc_rom.cc:155:do_switch$30$rdmux[0][0][0]$a$50 [4] = 1'0
  Optimizing cells in module \ex252_semantic_u2_dot4_pairtable_qcase.
Performed a total of 426 changes.

2.21.5. Executing OPT_MERGE pass (detect identical cells).
Finding identical cells in module `\ex252_semantic_u2_dot4_pairtable_qcase'.
Computing hashes of 444 cells of `\ex252_semantic_u2_dot4_pairtable_qcase'.
Finding duplicate cells in `\ex252_semantic_u2_dot4_pairtable_qcase'.
Computing hashes of 238 cells of `\ex252_semantic_u2_dot4_pairtable_qcase'.
Finding duplicate cells in `\ex252_semantic_u2_dot4_pairtable_qcase'.
Computing hashes of 158 cells of `\ex252_semantic_u2_dot4_pairtable_qcase'.
Finding duplicate cells in `\ex252_semantic_u2_dot4_pairtable_qcase'.
Computing hashes of 146 cells of `\ex252_semantic_u2_dot4_pairtable_qcase'.
Finding duplicate cells in `\ex252_semantic_u2_dot4_pairtable_qcase'.
Computing hashes of 142 cells of `\ex252_semantic_u2_dot4_pairtable_qcase'.
Finding duplicate cells in `\ex252_semantic_u2_dot4_pairtable_qcase'.
Removed a total of 302 cells.

2.21.6. Executing OPT_SHARE pass.

2.21.7. Executing OPT_DFF pass (perform DFF optimizations).

2.21.8. Executing OPT_CLEAN pass (remove unused cells and wires).
Finding unused cells or wires in module \ex252_semantic_u2_dot4_pairtable_qcase..
Removed 0 unused cells and 1008 unused wires.

2.21.9. Executing OPT_EXPR pass (perform const folding).
Optimizing module ex252_semantic_u2_dot4_pairtable_qcase.

2.21.10. Rerunning OPT passes. (Maybe there is more to do..)

2.21.11. Executing OPT_MUXTREE pass (detect dead branches in mux trees).
Running muxtree optimizer on module \ex252_semantic_u2_dot4_pairtable_qcase..
  Creating internal representation of mux trees.
  Evaluating internal representation of mux trees.
  Analyzing evaluation results.
Removed 0 multiplexer ports.

2.21.12. Executing OPT_REDUCE pass (consolidate $*mux and $reduce_* inputs).
  Optimizing cells in module \ex252_semantic_u2_dot4_pairtable_qcase.
    Consolidated identical input bits for $mux cell $memory$auto$proc_rom.cc:155:do_switch$30$rdmux[0][6][61]$421:
      Old ports: A={ 1'0 $memory$auto$proc_rom.cc:155:do_switch$30$rdmux[0][6][21]$a$302 [1] 1'1 $memory$auto$proc_rom.cc:155:do_switch$30$rdmux[0][6][21]$a$302 [0] }, B={ 1'1 $memory$auto$proc_rom.cc:155:do_switch$30$rdmux[0][6][21]$a$302 [1] 1'0 $memory$auto$proc_rom.cc:155:do_switch$30$rdmux[0][6][21]$a$302 [0] }, Y=$memory$auto$proc_rom.cc:155:do_switch$30$rdmux[0][5][15]$b$189 [3:0]
      New ports: A=2'01, B=2'10, Y={ $memory$auto$proc_rom.cc:155:do_switch$30$rdmux[0][5][15]$b$189 [3] $memory$auto$proc_rom.cc:155:do_switch$30$rdmux[0][5][15]$b$189 [1] }
      New connections: { $memory$auto$proc_rom.cc:155:do_switch$30$rdmux[0][5][15]$b$189 [2] $memory$auto$proc_rom.cc:155:do_switch$30$rdmux[0][5][15]$b$189 [0] } = $memory$auto$proc_rom.cc:155:do_switch$30$rdmux[0][6][21]$a$302 [1:0]
    Consolidated identical input bits for $mux cell $memory$auto$proc_rom.cc:155:do_switch$30$rdmux[0][6][59]$415:
      Old ports: A={ 1'0 $memory$auto$proc_rom.cc:155:do_switch$30$rdmux[0][6][10]$a$269 [1] }, B={ 1'1 $memory$auto$proc_rom.cc:155:do_switch$30$rdmux[0][6][10]$a$269 [1] }, Y=$memory$auto$proc_rom.cc:155:do_switch$30$rdmux[0][5][10]$a$173 [1:0]
      New ports: A=1'0, B=1'1, Y=$memory$auto$proc_rom.cc:155:do_switch$30$rdmux[0][5][10]$a$173 [1]
      New connections: $memory$auto$proc_rom.cc:155:do_switch$30$rdmux[0][5][10]$a$173 [0] = \in [4]
    Consolidated identical input bits for $mux cell $memory$auto$proc_rom.cc:155:do_switch$30$rdmux[0][6][58]$412:
      Old ports: A={ $memory$auto$proc_rom.cc:155:do_switch$30$rdmux[0][6][21]$a$302 [1:0] $memory$auto$proc_rom.cc:155:do_switch$30$rdmux[0][6][21]$a$302 [0] }, B={ 1'1 $memory$auto$proc_rom.cc:155:do_switch$30$rdmux[0][6][21]$a$302 [1:0] }, Y=$memory$auto$proc_rom.cc:155:do_switch$30$rdmux[0][5][11]$b$177 [2:0]
      New ports: A=$memory$auto$proc_rom.cc:155:do_switch$30$rdmux[0][6][21]$a$302 [1:0], B={ 1'1 $memory$auto$proc_rom.cc:155:do_switch$30$rdmux[0][6][21]$a$302 [1] }, Y=$memory$auto$proc_rom.cc:155:do_switch$30$rdmux[0][5][11]$b$177 [2:1]
      New connections: $memory$auto$proc_rom.cc:155:do_switch$30$rdmux[0][5][11]$b$177 [0] = $memory$auto$proc_rom.cc:155:do_switch$30$rdmux[0][6][21]$a$302 [0]
    Consolidated identical input bits for $mux cell $memory$auto$proc_rom.cc:155:do_switch$30$rdmux[0][6][57]$409:
      Old ports: A={ 1'0 $memory$auto$proc_rom.cc:155:do_switch$30$rdmux[0][6][21]$a$302 [1:0] }, B={ $memory$auto$proc_rom.cc:155:do_switch$30$rdmux[0][6][21]$a$302 [1:0] $memory$auto$proc_rom.cc:155:do_switch$30$rdmux[0][6][21]$a$302 [0] }, Y=$memory$auto$proc_rom.cc:155:do_switch$30$rdmux[0][5][10]$b$174 [2:0]
      New ports: A={ 1'0 $memory$auto$proc_rom.cc:155:do_switch$30$rdmux[0][6][21]$a$302 [1] }, B=$memory$auto$proc_rom.cc:155:do_switch$30$rdmux[0][6][21]$a$302 [1:0], Y=$memory$auto$proc_rom.cc:155:do_switch$30$rdmux[0][5][10]$b$174 [2:1]
      New connections: $memory$auto$proc_rom.cc:155:do_switch$30$rdmux[0][5][10]$b$174 [0] = $memory$auto$proc_rom.cc:155:do_switch$30$rdmux[0][6][21]$a$302 [0]
    Consolidated identical input bits for $mux cell $memory$auto$proc_rom.cc:155:do_switch$34$rdmux[0][6][23]$1072:
      Old ports: A={ $memory$auto$proc_rom.cc:155:do_switch$34$rdmux[0][6][21]$a$1067 [1:0] $memory$auto$proc_rom.cc:155:do_switch$34$rdmux[0][6][21]$a$1067 [0] }, B={ 1'1 $memory$auto$proc_rom.cc:155:do_switch$34$rdmux[0][6][21]$a$1067 [1:0] }, Y=$memory$auto$proc_rom.cc:155:do_switch$34$rdmux[0][5][11]$b$942 [2:0]
      New ports: A=$memory$auto$proc_rom.cc:155:do_switch$34$rdmux[0][6][21]$a$1067 [1:0], B={ 1'1 $memory$auto$proc_rom.cc:155:do_switch$34$rdmux[0][6][21]$a$1067 [1] }, Y=$memory$auto$proc_rom.cc:155:do_switch$34$rdmux[0][5][11]$b$942 [2:1]
      New connections: $memory$auto$proc_rom.cc:155:do_switch$34$rdmux[0][5][11]$b$942 [0] = $memory$auto$proc_rom.cc:155:do_switch$34$rdmux[0][6][21]$a$1067 [0]
    Consolidated identical input bits for $mux cell $memory$auto$proc_rom.cc:155:do_switch$30$rdmux[0][6][54]$400:
      Old ports: A={ 2'01 $memory$auto$proc_rom.cc:155:do_switch$30$rdmux[0][6][10]$a$269 [1] }, B={ 2'10 $memory$auto$proc_rom.cc:155:do_switch$30$rdmux[0][6][10]$a$269 [1] }, Y=$memory$auto$proc_rom.cc:155:do_switch$30$rdmux[0][5][11]$a$176 [2:0]
      New ports: A=2'01, B=2'10, Y=$memory$auto$proc_rom.cc:155:do_switch$30$rdmux[0][5][11]$a$176 [2:1]
      New connections: $memory$auto$proc_rom.cc:155:do_switch$30$rdmux[0][5][11]$a$176 [0] = \in [4]
    Consolidated identical input bits for $mux cell $memory$auto$proc_rom.cc:155:do_switch$34$rdmux[0][6][22]$1069:
      Old ports: A={ 2'01 $memory$auto$proc_rom.cc:155:do_switch$34$rdmux[0][6][10]$a$1034 [1] }, B={ 2'10 $memory$auto$proc_rom.cc:155:do_switch$34$rdmux[0][6][10]$a$1034 [1] }, Y=$memory$auto$proc_rom.cc:155:do_switch$34$rdmux[0][5][11]$a$941 [2:0]
      New ports: A=2'01, B=2'10, Y=$memory$auto$proc_rom.cc:155:do_switch$34$rdmux[0][5][11]$a$941 [2:1]
      New connections: $memory$auto$proc_rom.cc:155:do_switch$34$rdmux[0][5][11]$a$941 [0] = \in [0]
    Consolidated identical input bits for $mux cell $memory$auto$proc_rom.cc:155:do_switch$34$rdmux[0][6][63]$1192:
      Old ports: A={ 2'01 $memory$auto$proc_rom.cc:155:do_switch$34$rdmux[0][6][21]$a$1067 [1] 1'0 $memory$auto$proc_rom.cc:155:do_switch$34$rdmux[0][6][21]$a$1067 [0] }, B={ $memory$auto$proc_rom.cc:155:do_switch$34$rdmux[0][6][21]$a$1067 [1:0] $memory$auto$proc_rom.cc:155:do_switch$34$rdmux[0][6][21]$a$1067 [0] 1'1 $memory$auto$proc_rom.cc:155:do_switch$34$rdmux[0][6][21]$a$1067 [0] }, Y=$memory$auto$proc_rom.cc:155:do_switch$34$rdmux[0][5][31]$b$1002
      New ports: A={ 2'01 $memory$auto$proc_rom.cc:155:do_switch$34$rdmux[0][6][21]$a$1067 [1] 1'0 }, B={ $memory$auto$proc_rom.cc:155:do_switch$34$rdmux[0][6][21]$a$1067 [1:0] $memory$auto$proc_rom.cc:155:do_switch$34$rdmux[0][6][21]$a$1067 [0] 1'1 }, Y=$memory$auto$proc_rom.cc:155:do_switch$34$rdmux[0][5][31]$b$1002 [4:1]
      New connections: $memory$auto$proc_rom.cc:155:do_switch$34$rdmux[0][5][31]$b$1002 [0] = $memory$auto$proc_rom.cc:155:do_switch$34$rdmux[0][6][21]$a$1067 [0]
    Consolidated identical input bits for $mux cell $memory$auto$proc_rom.cc:155:do_switch$26$rdmux[0][3][1]$1603:
      Old ports: A={ 1'0 $memory$auto$proc_rom.cc:155:do_switch$26$rdmux[0][3][0]$b$1602 [2:1] }, B={ 1'1 $memory$auto$proc_rom.cc:155:do_switch$26$rdmux[0][3][0]$b$1602 [2:1] }, Y=$memory$auto$proc_rom.cc:155:do_switch$26$rdmux[0][2][0]$b$1590 [2:0]
      New ports: A=1'0, B=1'1, Y=$memory$auto$proc_rom.cc:155:do_switch$26$rdmux[0][2][0]$b$1590 [2]
      New connections: $memory$auto$proc_rom.cc:155:do_switch$26$rdmux[0][2][0]$b$1590 [1:0] = $memory$auto$proc_rom.cc:155:do_switch$26$rdmux[0][3][0]$b$1602 [2:1]
    Consolidated identical input bits for $mux cell $memory$auto$proc_rom.cc:155:do_switch$30$rdmux[0][6][29]$325:
      Old ports: A={ 1'0 $memory$auto$proc_rom.cc:155:do_switch$30$rdmux[0][6][21]$a$302 [1] 1'0 $memory$auto$proc_rom.cc:155:do_switch$30$rdmux[0][6][21]$a$302 [0] }, B={ $memory$auto$proc_rom.cc:155:do_switch$30$rdmux[0][6][21]$a$302 [1:0] 1'1 $memory$auto$proc_rom.cc:155:do_switch$30$rdmux[0][6][21]$a$302 [0] }, Y=$memory$auto$proc_rom.cc:155:do_switch$30$rdmux[0][5][14]$b$186 [3:0]
      New ports: A={ 1'0 $memory$auto$proc_rom.cc:155:do_switch$30$rdmux[0][6][21]$a$302 [1] 1'0 }, B={ $memory$auto$proc_rom.cc:155:do_switch$30$rdmux[0][6][21]$a$302 [1:0] 1'1 }, Y=$memory$auto$proc_rom.cc:155:do_switch$30$rdmux[0][5][14]$b$186 [3:1]
      New connections: $memory$auto$proc_rom.cc:155:do_switch$30$rdmux[0][5][14]$b$186 [0] = $memory$auto$proc_rom.cc:155:do_switch$30$rdmux[0][6][21]$a$302 [0]
    Consolidated identical input bits for $mux cell $memory$auto$proc_rom.cc:155:do_switch$30$rdmux[0][6][63]$427:
      Old ports: A={ 2'01 $memory$auto$proc_rom.cc:155:do_switch$30$rdmux[0][6][21]$a$302 [1] 1'0 $memory$auto$proc_rom.cc:155:do_switch$30$rdmux[0][6][21]$a$302 [0] }, B={ $memory$auto$proc_rom.cc:155:do_switch$30$rdmux[0][6][21]$a$302 [1:0] $memory$auto$proc_rom.cc:155:do_switch$30$rdmux[0][6][21]$a$302 [0] 1'1 $memory$auto$proc_rom.cc:155:do_switch$30$rdmux[0][6][21]$a$302 [0] }, Y=$memory$auto$proc_rom.cc:155:do_switch$30$rdmux[0][5][31]$b$237
      New ports: A={ 2'01 $memory$auto$proc_rom.cc:155:do_switch$30$rdmux[0][6][21]$a$302 [1] 1'0 }, B={ $memory$auto$proc_rom.cc:155:do_switch$30$rdmux[0][6][21]$a$302 [1:0] $memory$auto$proc_rom.cc:155:do_switch$30$rdmux[0][6][21]$a$302 [0] 1'1 }, Y=$memory$auto$proc_rom.cc:155:do_switch$30$rdmux[0][5][31]$b$237 [4:1]
      New connections: $memory$auto$proc_rom.cc:155:do_switch$30$rdmux[0][5][31]$b$237 [0] = $memory$auto$proc_rom.cc:155:do_switch$30$rdmux[0][6][21]$a$302 [0]
    Consolidated identical input bits for $mux cell $memory$auto$proc_rom.cc:155:do_switch$34$rdmux[0][6][31]$1096:
      Old ports: A={ 1'0 $memory$auto$proc_rom.cc:155:do_switch$34$rdmux[0][6][21]$a$1067 [1] 1'1 $memory$auto$proc_rom.cc:155:do_switch$34$rdmux[0][6][21]$a$1067 [0] }, B={ 1'1 $memory$auto$proc_rom.cc:155:do_switch$34$rdmux[0][6][21]$a$1067 [1] 1'0 $memory$auto$proc_rom.cc:155:do_switch$34$rdmux[0][6][21]$a$1067 [0] }, Y=$memory$auto$proc_rom.cc:155:do_switch$34$rdmux[0][5][15]$b$954 [3:0]
      New ports: A=2'01, B=2'10, Y={ $memory$auto$proc_rom.cc:155:do_switch$34$rdmux[0][5][15]$b$954 [3] $memory$auto$proc_rom.cc:155:do_switch$34$rdmux[0][5][15]$b$954 [1] }
      New connections: { $memory$auto$proc_rom.cc:155:do_switch$34$rdmux[0][5][15]$b$954 [2] $memory$auto$proc_rom.cc:155:do_switch$34$rdmux[0][5][15]$b$954 [0] } = $memory$auto$proc_rom.cc:155:do_switch$34$rdmux[0][6][21]$a$1067 [1:0]
    Consolidated identical input bits for $mux cell $memory$auto$proc_rom.cc:155:do_switch$34$rdmux[0][5][13]$946:
      Old ports: A={ $memory$auto$proc_rom.cc:155:do_switch$34$rdmux[0][5][10]$b$939 [2:0] 1'0 }, B={ $memory$auto$proc_rom.cc:155:do_switch$34$rdmux[0][5][10]$b$939 [2:0] 1'1 }, Y=$memory$auto$proc_rom.cc:155:do_switch$34$rdmux[0][4][6]$b$879 [3:0]
      New ports: A=1'0, B=1'1, Y=$memory$auto$proc_rom.cc:155:do_switch$34$rdmux[0][4][6]$b$879 [0]
      New connections: $memory$auto$proc_rom.cc:155:do_switch$34$rdmux[0][4][6]$b$879 [3:1] = $memory$auto$proc_rom.cc:155:do_switch$34$rdmux[0][5][10]$b$939 [2:0]
    Consolidated identical input bits for $mux cell $memory$auto$proc_rom.cc:155:do_switch$34$rdmux[0][5][12]$943:
      Old ports: A={ $memory$auto$proc_rom.cc:155:do_switch$34$rdmux[0][5][10]$a$938 [1:0] 1'0 }, B={ $memory$auto$proc_rom.cc:155:do_switch$34$rdmux[0][5][10]$a$938 [1:0] 1'1 }, Y=$memory$auto$proc_rom.cc:155:do_switch$34$rdmux[0][4][6]$a$878 [2:0]
      New ports: A=1'0, B=1'1, Y=$memory$auto$proc_rom.cc:155:do_switch$34$rdmux[0][4][6]$a$878 [0]
      New connections: $memory$auto$proc_rom.cc:155:do_switch$34$rdmux[0][4][6]$a$878 [2:1] = $memory$auto$proc_rom.cc:155:do_switch$34$rdmux[0][5][10]$a$938 [1:0]
    Consolidated identical input bits for $mux cell $memory$auto$proc_rom.cc:155:do_switch$34$rdmux[0][6][29]$1090:
      Old ports: A={ 1'0 $memory$auto$proc_rom.cc:155:do_switch$34$rdmux[0][6][21]$a$1067 [1] 1'0 $memory$auto$proc_rom.cc:155:do_switch$34$rdmux[0][6][21]$a$1067 [0] }, B={ $memory$auto$proc_rom.cc:155:do_switch$34$rdmux[0][6][21]$a$1067 [1:0] 1'1 $memory$auto$proc_rom.cc:155:do_switch$34$rdmux[0][6][21]$a$1067 [0] }, Y=$memory$auto$proc_rom.cc:155:do_switch$34$rdmux[0][5][14]$b$951 [3:0]
      New ports: A={ 1'0 $memory$auto$proc_rom.cc:155:do_switch$34$rdmux[0][6][21]$a$1067 [1] 1'0 }, B={ $memory$auto$proc_rom.cc:155:do_switch$34$rdmux[0][6][21]$a$1067 [1:0] 1'1 }, Y=$memory$auto$proc_rom.cc:155:do_switch$34$rdmux[0][5][14]$b$951 [3:1]
      New connections: $memory$auto$proc_rom.cc:155:do_switch$34$rdmux[0][5][14]$b$951 [0] = $memory$auto$proc_rom.cc:155:do_switch$34$rdmux[0][6][21]$a$1067 [0]
    Consolidated identical input bits for $mux cell $memory$auto$proc_rom.cc:155:do_switch$34$rdmux[0][6][27]$1084:
      Old ports: A={ 1'0 $memory$auto$proc_rom.cc:155:do_switch$34$rdmux[0][6][21]$a$1067 [1:0] }, B={ $memory$auto$proc_rom.cc:155:do_switch$34$rdmux[0][6][21]$a$1067 [1:0] $memory$auto$proc_rom.cc:155:do_switch$34$rdmux[0][6][21]$a$1067 [0] }, Y=$memory$auto$proc_rom.cc:155:do_switch$34$rdmux[0][5][10]$b$939 [2:0]
      New ports: A={ 1'0 $memory$auto$proc_rom.cc:155:do_switch$34$rdmux[0][6][21]$a$1067 [1] }, B=$memory$auto$proc_rom.cc:155:do_switch$34$rdmux[0][6][21]$a$1067 [1:0], Y=$memory$auto$proc_rom.cc:155:do_switch$34$rdmux[0][5][10]$b$939 [2:1]
      New connections: $memory$auto$proc_rom.cc:155:do_switch$34$rdmux[0][5][10]$b$939 [0] = $memory$auto$proc_rom.cc:155:do_switch$34$rdmux[0][6][21]$a$1067 [0]
    Consolidated identical input bits for $mux cell $memory$auto$proc_rom.cc:155:do_switch$30$rdmux[0][5][13]$181:
      Old ports: A={ $memory$auto$proc_rom.cc:155:do_switch$30$rdmux[0][5][10]$b$174 [2:0] 1'0 }, B={ $memory$auto$proc_rom.cc:155:do_switch$30$rdmux[0][5][10]$b$174 [2:0] 1'1 }, Y=$memory$auto$proc_rom.cc:155:do_switch$30$rdmux[0][4][6]$b$114 [3:0]
      New ports: A=1'0, B=1'1, Y=$memory$auto$proc_rom.cc:155:do_switch$30$rdmux[0][4][6]$b$114 [0]
      New connections: $memory$auto$proc_rom.cc:155:do_switch$30$rdmux[0][4][6]$b$114 [3:1] = $memory$auto$proc_rom.cc:155:do_switch$30$rdmux[0][5][10]$b$174 [2:0]
    Consolidated identical input bits for $mux cell $memory$auto$proc_rom.cc:155:do_switch$30$rdmux[0][5][12]$178:
      Old ports: A={ $memory$auto$proc_rom.cc:155:do_switch$30$rdmux[0][5][10]$a$173 [1:0] 1'0 }, B={ $memory$auto$proc_rom.cc:155:do_switch$30$rdmux[0][5][10]$a$173 [1:0] 1'1 }, Y=$memory$auto$proc_rom.cc:155:do_switch$30$rdmux[0][4][6]$a$113 [2:0]
      New ports: A=1'0, B=1'1, Y=$memory$auto$proc_rom.cc:155:do_switch$30$rdmux[0][4][6]$a$113 [0]
      New connections: $memory$auto$proc_rom.cc:155:do_switch$30$rdmux[0][4][6]$a$113 [2:1] = $memory$auto$proc_rom.cc:155:do_switch$30$rdmux[0][5][10]$a$173 [1:0]
    Consolidated identical input bits for $mux cell $memory$auto$proc_rom.cc:155:do_switch$34$rdmux[0][6][36]$1111:
      Old ports: A={ 1'0 $memory$auto$proc_rom.cc:155:do_switch$34$rdmux[0][6][10]$a$1034 [1] }, B={ 1'1 $memory$auto$proc_rom.cc:155:do_switch$34$rdmux[0][6][10]$a$1034 [1] }, Y=$memory$auto$proc_rom.cc:155:do_switch$34$rdmux[0][5][10]$a$938 [1:0]
      New ports: A=1'0, B=1'1, Y=$memory$auto$proc_rom.cc:155:do_switch$34$rdmux[0][5][10]$a$938 [1]
      New connections: $memory$auto$proc_rom.cc:155:do_switch$34$rdmux[0][5][10]$a$938 [0] = \in [0]
    Consolidated identical input bits for $mux cell $memory$auto$proc_rom.cc:155:do_switch$30$rdmux[0][4][8]$118:
      Old ports: A={ 1'0 $memory$auto$proc_rom.cc:155:do_switch$30$rdmux[0][4][12]$a$131 [0] }, B={ 1'1 $memory$auto$proc_rom.cc:155:do_switch$30$rdmux[0][4][12]$a$131 [0] }, Y=$memory$auto$proc_rom.cc:155:do_switch$30$rdmux[0][3][2]$a$77 [1:0]
      New ports: A=1'0, B=1'1, Y=$memory$auto$proc_rom.cc:155:do_switch$30$rdmux[0][3][2]$a$77 [1]
      New connections: $memory$auto$proc_rom.cc:155:do_switch$30$rdmux[0][3][2]$a$77 [0] = \in [6]
    Consolidated identical input bits for $mux cell $memory$auto$proc_rom.cc:155:do_switch$26$rdmux[0][4][2]$1630:
      Old ports: A={ 1'0 $memory$auto$proc_rom.cc:155:do_switch$26$rdmux[0][4][0]$a$1625 [3] }, B={ 1'1 $memory$auto$proc_rom.cc:155:do_switch$26$rdmux[0][4][0]$a$1625 [3] }, Y=$memory$auto$proc_rom.cc:155:do_switch$26$rdmux[0][3][0]$b$1602 [2:1]
      New ports: A=1'0, B=1'1, Y=$memory$auto$proc_rom.cc:155:do_switch$26$rdmux[0][3][0]$b$1602 [2]
      New connections: $memory$auto$proc_rom.cc:155:do_switch$26$rdmux[0][3][0]$b$1602 [1] = \dot_sum [0]
    Consolidated identical input bits for $mux cell $memory$auto$proc_rom.cc:155:do_switch$34$rdmux[0][4][8]$883:
      Old ports: A={ 1'0 $memory$auto$proc_rom.cc:155:do_switch$34$rdmux[0][4][12]$a$896 [0] }, B={ 1'1 $memory$auto$proc_rom.cc:155:do_switch$34$rdmux[0][4][12]$a$896 [0] }, Y=$memory$auto$proc_rom.cc:155:do_switch$34$rdmux[0][3][2]$a$842 [1:0]
      New ports: A=1'0, B=1'1, Y=$memory$auto$proc_rom.cc:155:do_switch$34$rdmux[0][3][2]$a$842 [1]
      New connections: $memory$auto$proc_rom.cc:155:do_switch$34$rdmux[0][3][2]$a$842 [0] = \in [2]
  Optimizing cells in module \ex252_semantic_u2_dot4_pairtable_qcase.
    Consolidated identical input bits for $mux cell $memory$auto$proc_rom.cc:155:do_switch$34$rdmux[0][5][19]$964:
      Old ports: A={ 2'01 $memory$auto$proc_rom.cc:155:do_switch$34$rdmux[0][5][10]$a$938 [1:0] }, B={ $memory$auto$proc_rom.cc:155:do_switch$34$rdmux[0][5][11]$a$941 [2:1] $memory$auto$proc_rom.cc:155:do_switch$34$rdmux[0][5][11]$a$941 [1:0] }, Y=$memory$auto$proc_rom.cc:155:do_switch$34$rdmux[0][4][9]$b$888 [3:0]
      New ports: A={ 2'01 $memory$auto$proc_rom.cc:155:do_switch$34$rdmux[0][5][10]$a$938 [1] }, B={ $memory$auto$proc_rom.cc:155:do_switch$34$rdmux[0][5][11]$a$941 [2:1] $memory$auto$proc_rom.cc:155:do_switch$34$rdmux[0][5][11]$a$941 [1] }, Y=$memory$auto$proc_rom.cc:155:do_switch$34$rdmux[0][4][9]$b$888 [3:1]
      New connections: $memory$auto$proc_rom.cc:155:do_switch$34$rdmux[0][4][9]$b$888 [0] = \in [0]
    Consolidated identical input bits for $mux cell $memory$auto$proc_rom.cc:155:do_switch$34$rdmux[0][5][18]$961:
      Old ports: A={ 1'0 $memory$auto$proc_rom.cc:155:do_switch$34$rdmux[0][5][10]$a$938 [1:0] }, B=$memory$auto$proc_rom.cc:155:do_switch$34$rdmux[0][5][11]$a$941 [2:0], Y=$memory$auto$proc_rom.cc:155:do_switch$34$rdmux[0][4][9]$a$887 [2:0]
      New ports: A={ 1'0 $memory$auto$proc_rom.cc:155:do_switch$34$rdmux[0][5][10]$a$938 [1] }, B=$memory$auto$proc_rom.cc:155:do_switch$34$rdmux[0][5][11]$a$941 [2:1], Y=$memory$auto$proc_rom.cc:155:do_switch$34$rdmux[0][4][9]$a$887 [2:1]
      New connections: $memory$auto$proc_rom.cc:155:do_switch$34$rdmux[0][4][9]$a$887 [0] = \in [0]
    Consolidated identical input bits for $mux cell $memory$auto$proc_rom.cc:155:do_switch$30$rdmux[0][5][19]$199:
      Old ports: A={ 2'01 $memory$auto$proc_rom.cc:155:do_switch$30$rdmux[0][5][10]$a$173 [1:0] }, B={ $memory$auto$proc_rom.cc:155:do_switch$30$rdmux[0][5][11]$a$176 [2:1] $memory$auto$proc_rom.cc:155:do_switch$30$rdmux[0][5][11]$a$176 [1:0] }, Y=$memory$auto$proc_rom.cc:155:do_switch$30$rdmux[0][4][9]$b$123 [3:0]
      New ports: A={ 2'01 $memory$auto$proc_rom.cc:155:do_switch$30$rdmux[0][5][10]$a$173 [1] }, B={ $memory$auto$proc_rom.cc:155:do_switch$30$rdmux[0][5][11]$a$176 [2:1] $memory$auto$proc_rom.cc:155:do_switch$30$rdmux[0][5][11]$a$176 [1] }, Y=$memory$auto$proc_rom.cc:155:do_switch$30$rdmux[0][4][9]$b$123 [3:1]
      New connections: $memory$auto$proc_rom.cc:155:do_switch$30$rdmux[0][4][9]$b$123 [0] = \in [4]
    Consolidated identical input bits for $mux cell $memory$auto$proc_rom.cc:155:do_switch$30$rdmux[0][5][18]$196:
      Old ports: A={ 1'0 $memory$auto$proc_rom.cc:155:do_switch$30$rdmux[0][5][10]$a$173 [1:0] }, B=$memory$auto$proc_rom.cc:155:do_switch$30$rdmux[0][5][11]$a$176 [2:0], Y=$memory$auto$proc_rom.cc:155:do_switch$30$rdmux[0][4][9]$a$122 [2:0]
      New ports: A={ 1'0 $memory$auto$proc_rom.cc:155:do_switch$30$rdmux[0][5][10]$a$173 [1] }, B=$memory$auto$proc_rom.cc:155:do_switch$30$rdmux[0][5][11]$a$176 [2:1], Y=$memory$auto$proc_rom.cc:155:do_switch$30$rdmux[0][4][9]$a$122 [2:1]
      New connections: $memory$auto$proc_rom.cc:155:do_switch$30$rdmux[0][4][9]$a$122 [0] = \in [4]
  Optimizing cells in module \ex252_semantic_u2_dot4_pairtable_qcase.
    Consolidated identical input bits for $mux cell $memory$auto$proc_rom.cc:155:do_switch$30$rdmux[0][4][9]$121:
      Old ports: A={ 1'0 $memory$auto$proc_rom.cc:155:do_switch$30$rdmux[0][4][9]$a$122 [2:0] }, B=$memory$auto$proc_rom.cc:155:do_switch$30$rdmux[0][4][9]$b$123 [3:0], Y=$memory$auto$proc_rom.cc:155:do_switch$30$rdmux[0][3][4]$b$84 [3:0]
      New ports: A={ 1'0 $memory$auto$proc_rom.cc:155:do_switch$30$rdmux[0][4][9]$a$122 [2:1] }, B=$memory$auto$proc_rom.cc:155:do_switch$30$rdmux[0][4][9]$b$123 [3:1], Y=$memory$auto$proc_rom.cc:155:do_switch$30$rdmux[0][3][4]$b$84 [3:1]
      New connections: $memory$auto$proc_rom.cc:155:do_switch$30$rdmux[0][3][4]$b$84 [0] = \in [4]
    Consolidated identical input bits for $mux cell $memory$auto$proc_rom.cc:155:do_switch$34$rdmux[0][4][9]$886:
      Old ports: A={ 1'0 $memory$auto$proc_rom.cc:155:do_switch$34$rdmux[0][4][9]$a$887 [2:0] }, B=$memory$auto$proc_rom.cc:155:do_switch$34$rdmux[0][4][9]$b$888 [3:0], Y=$memory$auto$proc_rom.cc:155:do_switch$34$rdmux[0][3][4]$b$849 [3:0]
      New ports: A={ 1'0 $memory$auto$proc_rom.cc:155:do_switch$34$rdmux[0][4][9]$a$887 [2:1] }, B=$memory$auto$proc_rom.cc:155:do_switch$34$rdmux[0][4][9]$b$888 [3:1], Y=$memory$auto$proc_rom.cc:155:do_switch$34$rdmux[0][3][4]$b$849 [3:1]
      New connections: $memory$auto$proc_rom.cc:155:do_switch$34$rdmux[0][3][4]$b$849 [0] = \in [0]
  Optimizing cells in module \ex252_semantic_u2_dot4_pairtable_qcase.
Performed a total of 28 changes.

2.21.13. Executing OPT_MERGE pass (detect identical cells).
Finding identical cells in module `\ex252_semantic_u2_dot4_pairtable_qcase'.
Computing hashes of 129 cells of `\ex252_semantic_u2_dot4_pairtable_qcase'.
Finding duplicate cells in `\ex252_semantic_u2_dot4_pairtable_qcase'.
Computing hashes of 125 cells of `\ex252_semantic_u2_dot4_pairtable_qcase'.
Finding duplicate cells in `\ex252_semantic_u2_dot4_pairtable_qcase'.
Removed a total of 4 cells.

2.21.14. Executing OPT_SHARE pass.

2.21.15. Executing OPT_DFF pass (perform DFF optimizations).

2.21.16. Executing OPT_CLEAN pass (remove unused cells and wires).
Finding unused cells or wires in module \ex252_semantic_u2_dot4_pairtable_qcase..
Removed 0 unused cells and 18 unused wires.

2.21.17. Executing OPT_EXPR pass (perform const folding).
Optimizing module ex252_semantic_u2_dot4_pairtable_qcase.

2.21.18. Rerunning OPT passes. (Maybe there is more to do..)

2.21.19. Executing OPT_MUXTREE pass (detect dead branches in mux trees).
Running muxtree optimizer on module \ex252_semantic_u2_dot4_pairtable_qcase..
  Creating internal representation of mux trees.
  Evaluating internal representation of mux trees.
  Analyzing evaluation results.
Removed 0 multiplexer ports.

2.21.20. Executing OPT_REDUCE pass (consolidate $*mux and $reduce_* inputs).
  Optimizing cells in module \ex252_semantic_u2_dot4_pairtable_qcase.
    Consolidated identical input bits for $mux cell $memory$auto$proc_rom.cc:155:do_switch$34$rdmux[0][4][6]$877:
      Old ports: A={ 1'0 $memory$auto$proc_rom.cc:155:do_switch$34$rdmux[0][3][0]$b$837 [1] \in [0] $memory$auto$proc_rom.cc:155:do_switch$34$rdmux[0][4][6]$a$878 [0] }, B={ $memory$auto$proc_rom.cc:155:do_switch$34$rdmux[0][4][6]$b$879 [3:1] $memory$auto$proc_rom.cc:155:do_switch$34$rdmux[0][4][6]$a$878 [0] }, Y=$memory$auto$proc_rom.cc:155:do_switch$34$rdmux[0][3][3]$a$845 [3:0]
      New ports: A={ 1'0 \in [1:0] }, B=$memory$auto$proc_rom.cc:155:do_switch$34$rdmux[0][4][6]$b$879 [3:1], Y=$memory$auto$proc_rom.cc:155:do_switch$34$rdmux[0][3][3]$a$845 [3:1]
      New connections: $memory$auto$proc_rom.cc:155:do_switch$34$rdmux[0][3][3]$a$845 [0] = \in [2]
    Consolidated identical input bits for $mux cell $memory$auto$proc_rom.cc:155:do_switch$30$rdmux[0][4][6]$112:
      Old ports: A={ 1'0 $memory$auto$proc_rom.cc:155:do_switch$30$rdmux[0][3][0]$b$72 [1] \in [4] $memory$auto$proc_rom.cc:155:do_switch$30$rdmux[0][4][6]$a$113 [0] }, B={ $memory$auto$proc_rom.cc:155:do_switch$30$rdmux[0][4][6]$b$114 [3:1] $memory$auto$proc_rom.cc:155:do_switch$30$rdmux[0][4][6]$a$113 [0] }, Y=$memory$auto$proc_rom.cc:155:do_switch$30$rdmux[0][3][3]$a$80 [3:0]
      New ports: A={ 1'0 \in [5:4] }, B=$memory$auto$proc_rom.cc:155:do_switch$30$rdmux[0][4][6]$b$114 [3:1], Y=$memory$auto$proc_rom.cc:155:do_switch$30$rdmux[0][3][3]$a$80 [3:1]
      New connections: $memory$auto$proc_rom.cc:155:do_switch$30$rdmux[0][3][3]$a$80 [0] = \in [6]
  Optimizing cells in module \ex252_semantic_u2_dot4_pairtable_qcase.
Performed a total of 2 changes.

2.21.21. Executing OPT_MERGE pass (detect identical cells).
Finding identical cells in module `\ex252_semantic_u2_dot4_pairtable_qcase'.
Computing hashes of 117 cells of `\ex252_semantic_u2_dot4_pairtable_qcase'.
Finding duplicate cells in `\ex252_semantic_u2_dot4_pairtable_qcase'.
Removed a total of 0 cells.

2.21.22. Executing OPT_SHARE pass.

2.21.23. Executing OPT_DFF pass (perform DFF optimizations).

2.21.24. Executing OPT_CLEAN pass (remove unused cells and wires).
Finding unused cells or wires in module \ex252_semantic_u2_dot4_pairtable_qcase..
Removed 0 unused cells and 7 unused wires.

2.21.25. Executing OPT_EXPR pass (perform const folding).
Optimizing module ex252_semantic_u2_dot4_pairtable_qcase.

2.21.26. Rerunning OPT passes. (Maybe there is more to do..)

2.21.27. Executing OPT_MUXTREE pass (detect dead branches in mux trees).
Running muxtree optimizer on module \ex252_semantic_u2_dot4_pairtable_qcase..
  Creating internal representation of mux trees.
  Evaluating internal representation of mux trees.
  Analyzing evaluation results.
Removed 0 multiplexer ports.

2.21.28. Executing OPT_REDUCE pass (consolidate $*mux and $reduce_* inputs).
  Optimizing cells in module \ex252_semantic_u2_dot4_pairtable_qcase.
Performed a total of 0 changes.

2.21.29. Executing OPT_MERGE pass (detect identical cells).
Finding identical cells in module `\ex252_semantic_u2_dot4_pairtable_qcase'.
Computing hashes of 117 cells of `\ex252_semantic_u2_dot4_pairtable_qcase'.
Finding duplicate cells in `\ex252_semantic_u2_dot4_pairtable_qcase'.
Removed a total of 0 cells.

2.21.30. Executing OPT_SHARE pass.

2.21.31. Executing OPT_DFF pass (perform DFF optimizations).

2.21.32. Executing OPT_CLEAN pass (remove unused cells and wires).
Finding unused cells or wires in module \ex252_semantic_u2_dot4_pairtable_qcase..

2.21.33. Executing OPT_EXPR pass (perform const folding).
Optimizing module ex252_semantic_u2_dot4_pairtable_qcase.

2.21.34. Finished fast OPT passes. (There is nothing left to do.)

2.22. Executing TECHMAP pass (map to technology primitives).

2.22.1. Executing Verilog-2005 frontend: /home/b10507053/ALS_Final_Project/student/tools/conda-env/bin/../share/yosys/techmap.v
Parsing Verilog input from `/home/b10507053/ALS_Final_Project/student/tools/conda-env/bin/../share/yosys/techmap.v' to AST representation.
Generating RTLIL representation for module `\_90_simplemap_bool_ops'.
Generating RTLIL representation for module `\_90_simplemap_reduce_ops'.
Generating RTLIL representation for module `\_90_simplemap_logic_ops'.
Generating RTLIL representation for module `\_90_simplemap_compare_ops'.
Generating RTLIL representation for module `\_90_simplemap_various'.
Generating RTLIL representation for module `\_90_simplemap_registers'.
Generating RTLIL representation for module `\_90_shift_ops_shr_shl_sshl_sshr'.
Generating RTLIL representation for module `\_90_shift_shiftx'.
Generating RTLIL representation for module `\_90_fa'.
Generating RTLIL representation for module `\_90_lcu_brent_kung'.
Generating RTLIL representation for module `\_90_alu'.
Generating RTLIL representation for module `\_90_macc'.
Generating RTLIL representation for module `\_90_alumacc'.
Generating RTLIL representation for module `$__div_mod_u'.
Generating RTLIL representation for module `$__div_mod_trunc'.
Generating RTLIL representation for module `\_90_div'.
Generating RTLIL representation for module `\_90_mod'.
Generating RTLIL representation for module `$__div_mod_floor'.
Generating RTLIL representation for module `\_90_divfloor'.
Generating RTLIL representation for module `\_90_modfloor'.
Generating RTLIL representation for module `\_90_pow'.
Generating RTLIL representation for module `\_90_demux'.
Generating RTLIL representation for module `\_90_lut'.
Generating RTLIL representation for module `$connect'.
Generating RTLIL representation for module `$input_port'.
Successfully finished Verilog frontend.

2.22.2. Continuing TECHMAP pass.
Using template $paramod$00298f3f8094950cb9a5ff2fda48d0d8bde8806c\_90_alu for cells of type $alu.
Using extmapper simplemap for cells of type $mux.
Using extmapper simplemap for cells of type $and.
Using extmapper simplemap for cells of type $not.
Using extmapper simplemap for cells of type $pos.
Using template $paramod\_90_fa\WIDTH=32'00000000000000000000000000000110 for cells of type $fa.
Using template $paramod\_90_lcu_brent_kung\WIDTH=32'00000000000000000000000000000110 for cells of type $lcu.
Using extmapper simplemap for cells of type $xor.
Using extmapper simplemap for cells of type $or.
No more expansions possible.

2.23. Executing OPT pass (performing simple optimizations).

2.23.1. Executing OPT_EXPR pass (perform const folding).
Optimizing module ex252_semantic_u2_dot4_pairtable_qcase.

2.23.2. Executing OPT_MERGE pass (detect identical cells).
Finding identical cells in module `\ex252_semantic_u2_dot4_pairtable_qcase'.
Computing hashes of 407 cells of `\ex252_semantic_u2_dot4_pairtable_qcase'.
Finding duplicate cells in `\ex252_semantic_u2_dot4_pairtable_qcase'.
Computing hashes of 350 cells of `\ex252_semantic_u2_dot4_pairtable_qcase'.
Finding duplicate cells in `\ex252_semantic_u2_dot4_pairtable_qcase'.
Computing hashes of 332 cells of `\ex252_semantic_u2_dot4_pairtable_qcase'.
Finding duplicate cells in `\ex252_semantic_u2_dot4_pairtable_qcase'.
Computing hashes of 324 cells of `\ex252_semantic_u2_dot4_pairtable_qcase'.
Finding duplicate cells in `\ex252_semantic_u2_dot4_pairtable_qcase'.
Computing hashes of 322 cells of `\ex252_semantic_u2_dot4_pairtable_qcase'.
Finding duplicate cells in `\ex252_semantic_u2_dot4_pairtable_qcase'.
Computing hashes of 320 cells of `\ex252_semantic_u2_dot4_pairtable_qcase'.
Finding duplicate cells in `\ex252_semantic_u2_dot4_pairtable_qcase'.
Removed a total of 87 cells.

2.23.3. Executing OPT_DFF pass (perform DFF optimizations).

2.23.4. Executing OPT_CLEAN pass (remove unused cells and wires).
Finding unused cells or wires in module \ex252_semantic_u2_dot4_pairtable_qcase..
Removed 5 unused cells and 51 unused wires.

2.23.5. Finished fast OPT passes.

2.24. Executing ABC pass (technology mapping using ABC).

2.24.1. Extracting gate netlist of module `\ex252_semantic_u2_dot4_pairtable_qcase' to `<abc-temp-dir>/input.blif'..

2.24.1.1. Executed ABC.
Extracted 315 gates and 333 wires to a netlist network with 16 inputs and 7 outputs.
Running ABC script: <abc-temp-dir>/abc.script
ABC: UC Berkeley, ABC 1.01 (compiled May 12 2026 13:26:50)
ABC: abc 01> empty
ABC: abc 01> source <abc-temp-dir>/abc.script
ABC: + read_blif <abc-temp-dir>/input.blif 
ABC: + read_library <abc-temp-dir>/stdcells.genlib 
ABC: + strash 
ABC: + &get -n 
ABC: + &fraig -x 
ABC: + &put 
ABC: + scorr 
ABC: Warning: The network is combinational (run "fraig" or "fraig_sweep").
ABC: + dc2 
ABC: + dretime 
ABC: + strash 
ABC: + &get -n 
ABC: + &dch -f 
ABC: + &nf 
ABC: + &put 
ABC: + write_blif <abc-temp-dir>/output.blif 
ABC: 
ABC: YOSYS_ABC_DONE 

2.24.1.2. Re-integrating ABC results.
ABC RESULTS:               AND cells:       73
ABC RESULTS:            ANDNOT cells:       22
ABC RESULTS:               MUX cells:       22
ABC RESULTS:              NAND cells:       92
ABC RESULTS:               NOR cells:       11
ABC RESULTS:               NOT cells:        5
ABC RESULTS:                OR cells:       40
ABC RESULTS:             ORNOT cells:       17
ABC RESULTS:              XNOR cells:       15
ABC RESULTS:               XOR cells:       11
ABC RESULTS:        internal signals:      310
ABC RESULTS:           input signals:       16
ABC RESULTS:          output signals:        7
Removing temp directory.
Removing global temp directory.

2.25. Executing OPT pass (performing simple optimizations).

2.25.1. Executing OPT_EXPR pass (perform const folding).
Optimizing module ex252_semantic_u2_dot4_pairtable_qcase.

2.25.2. Executing OPT_MERGE pass (detect identical cells).
Finding identical cells in module `\ex252_semantic_u2_dot4_pairtable_qcase'.
Computing hashes of 308 cells of `\ex252_semantic_u2_dot4_pairtable_qcase'.
Finding duplicate cells in `\ex252_semantic_u2_dot4_pairtable_qcase'.
Removed a total of 0 cells.

2.25.3. Executing OPT_DFF pass (perform DFF optimizations).

2.25.4. Executing OPT_CLEAN pass (remove unused cells and wires).
Finding unused cells or wires in module \ex252_semantic_u2_dot4_pairtable_qcase..
Removed 0 unused cells and 140 unused wires.

2.25.5. Finished fast OPT passes.

2.26. Executing HIERARCHY pass (managing design hierarchy).
Attribute `top' found on module `ex252_semantic_u2_dot4_pairtable_qcase'. Setting top module to ex252_semantic_u2_dot4_pairtable_qcase.

2.26.1. Analyzing design hierarchy..
Top module:  \ex252_semantic_u2_dot4_pairtable_qcase

2.26.2. Analyzing design hierarchy..
Top module:  \ex252_semantic_u2_dot4_pairtable_qcase
Removed 0 unused modules.

2.27. Printing statistics.

=== ex252_semantic_u2_dot4_pairtable_qcase ===

        +----------Local Count, excluding submodules.
        | 
      310 wires
      363 wire bits
        9 public wires
       62 public wire bits
        2 ports
       24 port bits
      308 cells
       22   $_ANDNOT_
       73   $_AND_
       22   $_MUX_
       92   $_NAND_
       11   $_NOR_
        5   $_NOT_
       17   $_ORNOT_
       40   $_OR_
       15   $_XNOR_
       11   $_XOR_

2.28. Executing CHECK pass (checking for obvious problems).
Checking module ex252_semantic_u2_dot4_pairtable_qcase...
Found and reported 0 problems.

3. Executing ABC pass (technology mapping using ABC).

3.1. Extracting gate netlist of module `\ex252_semantic_u2_dot4_pairtable_qcase' to `<abc-temp-dir>/input.blif'..

3.1.1. Executed ABC.
Extracted 308 gates and 324 wires to a netlist network with 16 inputs and 7 outputs.
Running ABC script: <abc-temp-dir>/abc.script
ABC: UC Berkeley, ABC 1.01 (compiled May 12 2026 13:26:50)
ABC: abc 01> empty
ABC: abc 01> source <abc-temp-dir>/abc.script
ABC: + read_blif <abc-temp-dir>/input.blif 
ABC: + read_library <abc-temp-dir>/stdcells.genlib 
ABC: + strash 
ABC: + &get -n 
ABC: + &fraig -x 
ABC: + &put 
ABC: + scorr 
ABC: Warning: The network is combinational (run "fraig" or "fraig_sweep").
ABC: + dc2 
ABC: + dretime 
ABC: + strash 
ABC: + &get -n 
ABC: + &dch -f 
ABC: + &nf 
ABC: + &put 
ABC: + write_blif <abc-temp-dir>/output.blif 
ABC: 
ABC: YOSYS_ABC_DONE 

3.1.2. Re-integrating ABC results.
ABC RESULTS:               AND cells:      363
ABC RESULTS:               NOT cells:      302
ABC RESULTS:        internal signals:      301
ABC RESULTS:           input signals:       16
ABC RESULTS:          output signals:        7
Removing temp directory.
Removing global temp directory.

4. Executing AIGMAP pass (map logic to AIG).
Module ex252_semantic_u2_dot4_pairtable_qcase: replaced 0 cells with 0 new cells, skipped 665 cells.
  not replaced 2 cell types:
     363 $_AND_
     302 $_NOT_

5. Executing OPT pass (performing simple optimizations).

5.1. Executing OPT_EXPR pass (perform const folding).
Optimizing module ex252_semantic_u2_dot4_pairtable_qcase.

5.2. Executing OPT_MERGE pass (detect identical cells).
Finding identical cells in module `\ex252_semantic_u2_dot4_pairtable_qcase'.
Computing hashes of 665 cells of `\ex252_semantic_u2_dot4_pairtable_qcase'.
Finding duplicate cells in `\ex252_semantic_u2_dot4_pairtable_qcase'.
Removed a total of 0 cells.

5.3. Executing OPT_MUXTREE pass (detect dead branches in mux trees).
Running muxtree optimizer on module \ex252_semantic_u2_dot4_pairtable_qcase..
  Creating internal representation of mux trees.
  No muxes found in this module.
Removed 0 multiplexer ports.

5.4. Executing OPT_REDUCE pass (consolidate $*mux and $reduce_* inputs).
  Optimizing cells in module \ex252_semantic_u2_dot4_pairtable_qcase.
Performed a total of 0 changes.

5.5. Executing OPT_MERGE pass (detect identical cells).
Finding identical cells in module `\ex252_semantic_u2_dot4_pairtable_qcase'.
Computing hashes of 665 cells of `\ex252_semantic_u2_dot4_pairtable_qcase'.
Finding duplicate cells in `\ex252_semantic_u2_dot4_pairtable_qcase'.
Removed a total of 0 cells.

5.6. Executing OPT_DFF pass (perform DFF optimizations).

5.7. Executing OPT_CLEAN pass (remove unused cells and wires).
Finding unused cells or wires in module \ex252_semantic_u2_dot4_pairtable_qcase..
Removed 0 unused cells and 324 unused wires.

5.8. Executing OPT_EXPR pass (perform const folding).
Optimizing module ex252_semantic_u2_dot4_pairtable_qcase.

5.9. Rerunning OPT passes. (Maybe there is more to do..)

5.10. Executing OPT_MUXTREE pass (detect dead branches in mux trees).
Running muxtree optimizer on module \ex252_semantic_u2_dot4_pairtable_qcase..
  Creating internal representation of mux trees.
  No muxes found in this module.
Removed 0 multiplexer ports.

5.11. Executing OPT_REDUCE pass (consolidate $*mux and $reduce_* inputs).
  Optimizing cells in module \ex252_semantic_u2_dot4_pairtable_qcase.
Performed a total of 0 changes.

5.12. Executing OPT_MERGE pass (detect identical cells).
Finding identical cells in module `\ex252_semantic_u2_dot4_pairtable_qcase'.
Computing hashes of 665 cells of `\ex252_semantic_u2_dot4_pairtable_qcase'.
Finding duplicate cells in `\ex252_semantic_u2_dot4_pairtable_qcase'.
Removed a total of 0 cells.

5.13. Executing OPT_DFF pass (perform DFF optimizations).

5.14. Executing OPT_CLEAN pass (remove unused cells and wires).
Finding unused cells or wires in module \ex252_semantic_u2_dot4_pairtable_qcase..

5.15. Executing OPT_EXPR pass (perform const folding).
Optimizing module ex252_semantic_u2_dot4_pairtable_qcase.

5.16. Finished fast OPT passes. (There is nothing left to do.)

6. Executing AIGER backend.
ERROR: Can't open output file `/home/b10507053/ALS_Final_Project/student/work/ex250_ex254_frontend_fp4_dot_fma_semantic_20260608_2105/ex252/aigs/ex252_semantic_u2_dot4_pairtable_qcase_synth_preset.aig' for writing: No such file or directory
