
 /----------------------------------------------------------------------------\
 |  yosys -- Yosys Open SYnthesis Suite                                       |
 |  Copyright (C) 2012 - 2026  Claire Xenia Wolf <claire@yosyshq.com>         |
 |  Distributed under an ISC-like license, type "license" to see terms        |
 \----------------------------------------------------------------------------/
 Yosys 0.65 (git sha1 aec814bdf3071f7e0fd0fbe43f7f711e99d01e24, g++ 14.3.0-19 -fvisibility-inlines-hidden -fmessage-length=0 -march=nocona -mtune=haswell -ftree-vectorize -fPIC -fstack-protector-strong -fno-plt -O2 -ffunction-sections -fdebug-prefix-map=/home/conda/feedstock_root/build_artifacts/yosys_1778591527500/work=/usr/local/src/conda/yosys-0.65 -fdebug-prefix-map=/home/b10507053/ALS_Final_Project/student/tools/conda-env=/usr/local/src/conda-prefix -fPIC -O3) [conda-forge/yosys-feedstock]

-- Executing script file `/home/b10507053/ALS_Final_Project/student/work/ex250_ex254_frontend_fp4_dot_fma_semantic_20260608_2105/ex252/logs/ex252_semantic_u2_dot4_pairtable_qrange_synth_preset.yosys.ys' --

1. Executing Verilog-2005 frontend: /home/b10507053/ALS_Final_Project/student/work/ex250_ex254_frontend_fp4_dot_fma_semantic_20260608_2105/ex252/verilog/ex252_semantic_u2_dot4_pairtable_qrange.v
Parsing Verilog input from `/home/b10507053/ALS_Final_Project/student/work/ex250_ex254_frontend_fp4_dot_fma_semantic_20260608_2105/ex252/verilog/ex252_semantic_u2_dot4_pairtable_qrange.v' to AST representation.
Generating RTLIL representation for module `\ex252_semantic_u2_dot4_pairtable_qrange'.
Successfully finished Verilog frontend.

2. Executing SYNTH pass.

2.1. Executing HIERARCHY pass (managing design hierarchy).

2.1.1. Analyzing design hierarchy..
Top module:  \ex252_semantic_u2_dot4_pairtable_qrange

2.1.2. Analyzing design hierarchy..
Top module:  \ex252_semantic_u2_dot4_pairtable_qrange
Removed 0 unused modules.

2.2. Executing PROC pass (convert processes to netlists).

2.2.1. Executing PROC_CLEAN pass (remove empty switches from decision trees).
Cleaned up 0 empty switches.

2.2.2. Executing PROC_RMDEAD pass (remove dead branches from decision trees).
Marked 26 switch rules as full_case in process $proc$/home/b10507053/ALS_Final_Project/student/work/ex250_ex254_frontend_fp4_dot_fma_semantic_20260608_2105/ex252/verilog/ex252_semantic_u2_dot4_pairtable_qrange.v:307$20 in module ex252_semantic_u2_dot4_pairtable_qrange.
Removed 1 dead cases from process $proc$/home/b10507053/ALS_Final_Project/student/work/ex250_ex254_frontend_fp4_dot_fma_semantic_20260608_2105/ex252/verilog/ex252_semantic_u2_dot4_pairtable_qrange.v:271$14 in module ex252_semantic_u2_dot4_pairtable_qrange.
Marked 1 switch rules as full_case in process $proc$/home/b10507053/ALS_Final_Project/student/work/ex250_ex254_frontend_fp4_dot_fma_semantic_20260608_2105/ex252/verilog/ex252_semantic_u2_dot4_pairtable_qrange.v:271$14 in module ex252_semantic_u2_dot4_pairtable_qrange.
Removed 1 dead cases from process $proc$/home/b10507053/ALS_Final_Project/student/work/ex250_ex254_frontend_fp4_dot_fma_semantic_20260608_2105/ex252/verilog/ex252_semantic_u2_dot4_pairtable_qrange.v:270$8 in module ex252_semantic_u2_dot4_pairtable_qrange.
Marked 1 switch rules as full_case in process $proc$/home/b10507053/ALS_Final_Project/student/work/ex250_ex254_frontend_fp4_dot_fma_semantic_20260608_2105/ex252/verilog/ex252_semantic_u2_dot4_pairtable_qrange.v:270$8 in module ex252_semantic_u2_dot4_pairtable_qrange.
Removed a total of 2 dead cases.

2.2.3. Executing PROC_PRUNE pass (remove redundant assignments in processes).
Removed 0 redundant assignments.
Promoted 11 assignments to connections.

2.2.4. Executing PROC_INIT pass (extract init attributes).

2.2.5. Executing PROC_ARST pass (detect async resets in processes).

2.2.6. Executing PROC_ROM pass (convert switches to ROMs).
Converted 2 switches.

2.2.7. Executing PROC_MUX pass (convert decision trees to multiplexers).
Creating decoders for process `\ex252_semantic_u2_dot4_pairtable_qrange.$proc$/home/b10507053/ALS_Final_Project/student/work/ex250_ex254_frontend_fp4_dot_fma_semantic_20260608_2105/ex252/verilog/ex252_semantic_u2_dot4_pairtable_qrange.v:307$20'.
     1/26: $26\quant_scaled$func$/home/b10507053/ALS_Final_Project/student/work/ex250_ex254_frontend_fp4_dot_fma_semantic_20260608_2105/ex252/verilog/ex252_semantic_u2_dot4_pairtable_qrange.v:307$6.$result[6:0]$75
     2/26: $25\quant_scaled$func$/home/b10507053/ALS_Final_Project/student/work/ex250_ex254_frontend_fp4_dot_fma_semantic_20260608_2105/ex252/verilog/ex252_semantic_u2_dot4_pairtable_qrange.v:307$6.$result[6:0]$73
     3/26: $24\quant_scaled$func$/home/b10507053/ALS_Final_Project/student/work/ex250_ex254_frontend_fp4_dot_fma_semantic_20260608_2105/ex252/verilog/ex252_semantic_u2_dot4_pairtable_qrange.v:307$6.$result[6:0]$71
     4/26: $23\quant_scaled$func$/home/b10507053/ALS_Final_Project/student/work/ex250_ex254_frontend_fp4_dot_fma_semantic_20260608_2105/ex252/verilog/ex252_semantic_u2_dot4_pairtable_qrange.v:307$6.$result[6:0]$69
     5/26: $22\quant_scaled$func$/home/b10507053/ALS_Final_Project/student/work/ex250_ex254_frontend_fp4_dot_fma_semantic_20260608_2105/ex252/verilog/ex252_semantic_u2_dot4_pairtable_qrange.v:307$6.$result[6:0]$67
     6/26: $21\quant_scaled$func$/home/b10507053/ALS_Final_Project/student/work/ex250_ex254_frontend_fp4_dot_fma_semantic_20260608_2105/ex252/verilog/ex252_semantic_u2_dot4_pairtable_qrange.v:307$6.$result[6:0]$65
     7/26: $20\quant_scaled$func$/home/b10507053/ALS_Final_Project/student/work/ex250_ex254_frontend_fp4_dot_fma_semantic_20260608_2105/ex252/verilog/ex252_semantic_u2_dot4_pairtable_qrange.v:307$6.$result[6:0]$63
     8/26: $19\quant_scaled$func$/home/b10507053/ALS_Final_Project/student/work/ex250_ex254_frontend_fp4_dot_fma_semantic_20260608_2105/ex252/verilog/ex252_semantic_u2_dot4_pairtable_qrange.v:307$6.$result[6:0]$61
     9/26: $18\quant_scaled$func$/home/b10507053/ALS_Final_Project/student/work/ex250_ex254_frontend_fp4_dot_fma_semantic_20260608_2105/ex252/verilog/ex252_semantic_u2_dot4_pairtable_qrange.v:307$6.$result[6:0]$59
    10/26: $17\quant_scaled$func$/home/b10507053/ALS_Final_Project/student/work/ex250_ex254_frontend_fp4_dot_fma_semantic_20260608_2105/ex252/verilog/ex252_semantic_u2_dot4_pairtable_qrange.v:307$6.$result[6:0]$57
    11/26: $16\quant_scaled$func$/home/b10507053/ALS_Final_Project/student/work/ex250_ex254_frontend_fp4_dot_fma_semantic_20260608_2105/ex252/verilog/ex252_semantic_u2_dot4_pairtable_qrange.v:307$6.$result[6:0]$55
    12/26: $15\quant_scaled$func$/home/b10507053/ALS_Final_Project/student/work/ex250_ex254_frontend_fp4_dot_fma_semantic_20260608_2105/ex252/verilog/ex252_semantic_u2_dot4_pairtable_qrange.v:307$6.$result[6:0]$53
    13/26: $14\quant_scaled$func$/home/b10507053/ALS_Final_Project/student/work/ex250_ex254_frontend_fp4_dot_fma_semantic_20260608_2105/ex252/verilog/ex252_semantic_u2_dot4_pairtable_qrange.v:307$6.$result[6:0]$51
    14/26: $13\quant_scaled$func$/home/b10507053/ALS_Final_Project/student/work/ex250_ex254_frontend_fp4_dot_fma_semantic_20260608_2105/ex252/verilog/ex252_semantic_u2_dot4_pairtable_qrange.v:307$6.$result[6:0]$49
    15/26: $12\quant_scaled$func$/home/b10507053/ALS_Final_Project/student/work/ex250_ex254_frontend_fp4_dot_fma_semantic_20260608_2105/ex252/verilog/ex252_semantic_u2_dot4_pairtable_qrange.v:307$6.$result[6:0]$47
    16/26: $11\quant_scaled$func$/home/b10507053/ALS_Final_Project/student/work/ex250_ex254_frontend_fp4_dot_fma_semantic_20260608_2105/ex252/verilog/ex252_semantic_u2_dot4_pairtable_qrange.v:307$6.$result[6:0]$45
    17/26: $10\quant_scaled$func$/home/b10507053/ALS_Final_Project/student/work/ex250_ex254_frontend_fp4_dot_fma_semantic_20260608_2105/ex252/verilog/ex252_semantic_u2_dot4_pairtable_qrange.v:307$6.$result[6:0]$43
    18/26: $9\quant_scaled$func$/home/b10507053/ALS_Final_Project/student/work/ex250_ex254_frontend_fp4_dot_fma_semantic_20260608_2105/ex252/verilog/ex252_semantic_u2_dot4_pairtable_qrange.v:307$6.$result[6:0]$41
    19/26: $8\quant_scaled$func$/home/b10507053/ALS_Final_Project/student/work/ex250_ex254_frontend_fp4_dot_fma_semantic_20260608_2105/ex252/verilog/ex252_semantic_u2_dot4_pairtable_qrange.v:307$6.$result[6:0]$39
    20/26: $7\quant_scaled$func$/home/b10507053/ALS_Final_Project/student/work/ex250_ex254_frontend_fp4_dot_fma_semantic_20260608_2105/ex252/verilog/ex252_semantic_u2_dot4_pairtable_qrange.v:307$6.$result[6:0]$37
    21/26: $6\quant_scaled$func$/home/b10507053/ALS_Final_Project/student/work/ex250_ex254_frontend_fp4_dot_fma_semantic_20260608_2105/ex252/verilog/ex252_semantic_u2_dot4_pairtable_qrange.v:307$6.$result[6:0]$35
    22/26: $5\quant_scaled$func$/home/b10507053/ALS_Final_Project/student/work/ex250_ex254_frontend_fp4_dot_fma_semantic_20260608_2105/ex252/verilog/ex252_semantic_u2_dot4_pairtable_qrange.v:307$6.$result[6:0]$33
    23/26: $4\quant_scaled$func$/home/b10507053/ALS_Final_Project/student/work/ex250_ex254_frontend_fp4_dot_fma_semantic_20260608_2105/ex252/verilog/ex252_semantic_u2_dot4_pairtable_qrange.v:307$6.$result[6:0]$31
    24/26: $3\quant_scaled$func$/home/b10507053/ALS_Final_Project/student/work/ex250_ex254_frontend_fp4_dot_fma_semantic_20260608_2105/ex252/verilog/ex252_semantic_u2_dot4_pairtable_qrange.v:307$6.$result[6:0]$29
    25/26: $2\quant_scaled$func$/home/b10507053/ALS_Final_Project/student/work/ex250_ex254_frontend_fp4_dot_fma_semantic_20260608_2105/ex252/verilog/ex252_semantic_u2_dot4_pairtable_qrange.v:307$6.$result[6:0]$27
    26/26: $1\quant_scaled$func$/home/b10507053/ALS_Final_Project/student/work/ex250_ex254_frontend_fp4_dot_fma_semantic_20260608_2105/ex252/verilog/ex252_semantic_u2_dot4_pairtable_qrange.v:307$6.$result[6:0]$25
Creating decoders for process `\ex252_semantic_u2_dot4_pairtable_qrange.$proc$/home/b10507053/ALS_Final_Project/student/work/ex250_ex254_frontend_fp4_dot_fma_semantic_20260608_2105/ex252/verilog/ex252_semantic_u2_dot4_pairtable_qrange.v:271$14'.
     1/1: $1\pair_dot$func$/home/b10507053/ALS_Final_Project/student/work/ex250_ex254_frontend_fp4_dot_fma_semantic_20260608_2105/ex252/verilog/ex252_semantic_u2_dot4_pairtable_qrange.v:271$5.$result[5:0]$19
Creating decoders for process `\ex252_semantic_u2_dot4_pairtable_qrange.$proc$/home/b10507053/ALS_Final_Project/student/work/ex250_ex254_frontend_fp4_dot_fma_semantic_20260608_2105/ex252/verilog/ex252_semantic_u2_dot4_pairtable_qrange.v:270$8'.
     1/1: $1\pair_dot$func$/home/b10507053/ALS_Final_Project/student/work/ex250_ex254_frontend_fp4_dot_fma_semantic_20260608_2105/ex252/verilog/ex252_semantic_u2_dot4_pairtable_qrange.v:270$4.$result[5:0]$13

2.2.8. Executing PROC_DLATCH pass (convert process syncs to latches).
No latch inferred for signal `\ex252_semantic_u2_dot4_pairtable_qrange.\quant_scaled$func$/home/b10507053/ALS_Final_Project/student/work/ex250_ex254_frontend_fp4_dot_fma_semantic_20260608_2105/ex252/verilog/ex252_semantic_u2_dot4_pairtable_qrange.v:307$3.$result' from process `\ex252_semantic_u2_dot4_pairtable_qrange.$proc$/home/b10507053/ALS_Final_Project/student/work/ex250_ex254_frontend_fp4_dot_fma_semantic_20260608_2105/ex252/verilog/ex252_semantic_u2_dot4_pairtable_qrange.v:307$20'.
No latch inferred for signal `\ex252_semantic_u2_dot4_pairtable_qrange.\quant_scaled$func$/home/b10507053/ALS_Final_Project/student/work/ex250_ex254_frontend_fp4_dot_fma_semantic_20260608_2105/ex252/verilog/ex252_semantic_u2_dot4_pairtable_qrange.v:307$6.$result' from process `\ex252_semantic_u2_dot4_pairtable_qrange.$proc$/home/b10507053/ALS_Final_Project/student/work/ex250_ex254_frontend_fp4_dot_fma_semantic_20260608_2105/ex252/verilog/ex252_semantic_u2_dot4_pairtable_qrange.v:307$20'.
No latch inferred for signal `\ex252_semantic_u2_dot4_pairtable_qrange.\quant_scaled$func$/home/b10507053/ALS_Final_Project/student/work/ex250_ex254_frontend_fp4_dot_fma_semantic_20260608_2105/ex252/verilog/ex252_semantic_u2_dot4_pairtable_qrange.v:307$6.value' from process `\ex252_semantic_u2_dot4_pairtable_qrange.$proc$/home/b10507053/ALS_Final_Project/student/work/ex250_ex254_frontend_fp4_dot_fma_semantic_20260608_2105/ex252/verilog/ex252_semantic_u2_dot4_pairtable_qrange.v:307$20'.
No latch inferred for signal `\ex252_semantic_u2_dot4_pairtable_qrange.\pair_dot$func$/home/b10507053/ALS_Final_Project/student/work/ex250_ex254_frontend_fp4_dot_fma_semantic_20260608_2105/ex252/verilog/ex252_semantic_u2_dot4_pairtable_qrange.v:271$2.$result' from process `\ex252_semantic_u2_dot4_pairtable_qrange.$proc$/home/b10507053/ALS_Final_Project/student/work/ex250_ex254_frontend_fp4_dot_fma_semantic_20260608_2105/ex252/verilog/ex252_semantic_u2_dot4_pairtable_qrange.v:271$14'.
No latch inferred for signal `\ex252_semantic_u2_dot4_pairtable_qrange.\pair_dot$func$/home/b10507053/ALS_Final_Project/student/work/ex250_ex254_frontend_fp4_dot_fma_semantic_20260608_2105/ex252/verilog/ex252_semantic_u2_dot4_pairtable_qrange.v:271$5.$result' from process `\ex252_semantic_u2_dot4_pairtable_qrange.$proc$/home/b10507053/ALS_Final_Project/student/work/ex250_ex254_frontend_fp4_dot_fma_semantic_20260608_2105/ex252/verilog/ex252_semantic_u2_dot4_pairtable_qrange.v:271$14'.
No latch inferred for signal `\ex252_semantic_u2_dot4_pairtable_qrange.\pair_dot$func$/home/b10507053/ALS_Final_Project/student/work/ex250_ex254_frontend_fp4_dot_fma_semantic_20260608_2105/ex252/verilog/ex252_semantic_u2_dot4_pairtable_qrange.v:271$5.a' from process `\ex252_semantic_u2_dot4_pairtable_qrange.$proc$/home/b10507053/ALS_Final_Project/student/work/ex250_ex254_frontend_fp4_dot_fma_semantic_20260608_2105/ex252/verilog/ex252_semantic_u2_dot4_pairtable_qrange.v:271$14'.
No latch inferred for signal `\ex252_semantic_u2_dot4_pairtable_qrange.\pair_dot$func$/home/b10507053/ALS_Final_Project/student/work/ex250_ex254_frontend_fp4_dot_fma_semantic_20260608_2105/ex252/verilog/ex252_semantic_u2_dot4_pairtable_qrange.v:271$5.b' from process `\ex252_semantic_u2_dot4_pairtable_qrange.$proc$/home/b10507053/ALS_Final_Project/student/work/ex250_ex254_frontend_fp4_dot_fma_semantic_20260608_2105/ex252/verilog/ex252_semantic_u2_dot4_pairtable_qrange.v:271$14'.
No latch inferred for signal `\ex252_semantic_u2_dot4_pairtable_qrange.\pair_dot$func$/home/b10507053/ALS_Final_Project/student/work/ex250_ex254_frontend_fp4_dot_fma_semantic_20260608_2105/ex252/verilog/ex252_semantic_u2_dot4_pairtable_qrange.v:270$1.$result' from process `\ex252_semantic_u2_dot4_pairtable_qrange.$proc$/home/b10507053/ALS_Final_Project/student/work/ex250_ex254_frontend_fp4_dot_fma_semantic_20260608_2105/ex252/verilog/ex252_semantic_u2_dot4_pairtable_qrange.v:270$8'.
No latch inferred for signal `\ex252_semantic_u2_dot4_pairtable_qrange.\pair_dot$func$/home/b10507053/ALS_Final_Project/student/work/ex250_ex254_frontend_fp4_dot_fma_semantic_20260608_2105/ex252/verilog/ex252_semantic_u2_dot4_pairtable_qrange.v:270$4.$result' from process `\ex252_semantic_u2_dot4_pairtable_qrange.$proc$/home/b10507053/ALS_Final_Project/student/work/ex250_ex254_frontend_fp4_dot_fma_semantic_20260608_2105/ex252/verilog/ex252_semantic_u2_dot4_pairtable_qrange.v:270$8'.
No latch inferred for signal `\ex252_semantic_u2_dot4_pairtable_qrange.\pair_dot$func$/home/b10507053/ALS_Final_Project/student/work/ex250_ex254_frontend_fp4_dot_fma_semantic_20260608_2105/ex252/verilog/ex252_semantic_u2_dot4_pairtable_qrange.v:270$4.a' from process `\ex252_semantic_u2_dot4_pairtable_qrange.$proc$/home/b10507053/ALS_Final_Project/student/work/ex250_ex254_frontend_fp4_dot_fma_semantic_20260608_2105/ex252/verilog/ex252_semantic_u2_dot4_pairtable_qrange.v:270$8'.
No latch inferred for signal `\ex252_semantic_u2_dot4_pairtable_qrange.\pair_dot$func$/home/b10507053/ALS_Final_Project/student/work/ex250_ex254_frontend_fp4_dot_fma_semantic_20260608_2105/ex252/verilog/ex252_semantic_u2_dot4_pairtable_qrange.v:270$4.b' from process `\ex252_semantic_u2_dot4_pairtable_qrange.$proc$/home/b10507053/ALS_Final_Project/student/work/ex250_ex254_frontend_fp4_dot_fma_semantic_20260608_2105/ex252/verilog/ex252_semantic_u2_dot4_pairtable_qrange.v:270$8'.

2.2.9. Executing PROC_DFF pass (convert process syncs to FFs).

2.2.10. Executing PROC_MEMWR pass (convert process memory writes to cells).

2.2.11. Executing PROC_CLEAN pass (remove empty switches from decision trees).
Found and cleaned up 26 empty switches in `\ex252_semantic_u2_dot4_pairtable_qrange.$proc$/home/b10507053/ALS_Final_Project/student/work/ex250_ex254_frontend_fp4_dot_fma_semantic_20260608_2105/ex252/verilog/ex252_semantic_u2_dot4_pairtable_qrange.v:307$20'.
Removing empty process `ex252_semantic_u2_dot4_pairtable_qrange.$proc$/home/b10507053/ALS_Final_Project/student/work/ex250_ex254_frontend_fp4_dot_fma_semantic_20260608_2105/ex252/verilog/ex252_semantic_u2_dot4_pairtable_qrange.v:307$20'.
Found and cleaned up 1 empty switch in `\ex252_semantic_u2_dot4_pairtable_qrange.$proc$/home/b10507053/ALS_Final_Project/student/work/ex250_ex254_frontend_fp4_dot_fma_semantic_20260608_2105/ex252/verilog/ex252_semantic_u2_dot4_pairtable_qrange.v:271$14'.
Removing empty process `ex252_semantic_u2_dot4_pairtable_qrange.$proc$/home/b10507053/ALS_Final_Project/student/work/ex250_ex254_frontend_fp4_dot_fma_semantic_20260608_2105/ex252/verilog/ex252_semantic_u2_dot4_pairtable_qrange.v:271$14'.
Found and cleaned up 1 empty switch in `\ex252_semantic_u2_dot4_pairtable_qrange.$proc$/home/b10507053/ALS_Final_Project/student/work/ex250_ex254_frontend_fp4_dot_fma_semantic_20260608_2105/ex252/verilog/ex252_semantic_u2_dot4_pairtable_qrange.v:270$8'.
Removing empty process `ex252_semantic_u2_dot4_pairtable_qrange.$proc$/home/b10507053/ALS_Final_Project/student/work/ex250_ex254_frontend_fp4_dot_fma_semantic_20260608_2105/ex252/verilog/ex252_semantic_u2_dot4_pairtable_qrange.v:270$8'.
Cleaned up 28 empty switches.

2.2.12. Executing OPT_EXPR pass (perform const folding).
Optimizing module ex252_semantic_u2_dot4_pairtable_qrange.

2.3. Executing CHECK pass (checking for obvious problems).
Checking module ex252_semantic_u2_dot4_pairtable_qrange...
Found and reported 0 problems.

2.4. Executing FLATTEN pass (flatten design).

2.5. Executing OPT_EXPR pass (perform const folding).
Optimizing module ex252_semantic_u2_dot4_pairtable_qrange.

2.6. Executing OPT_CLEAN pass (remove unused cells and wires).
Finding unused cells or wires in module \ex252_semantic_u2_dot4_pairtable_qrange..
Removed 0 unused cells and 399 unused wires.

2.7. Executing CHECK pass (checking for obvious problems).
Checking module ex252_semantic_u2_dot4_pairtable_qrange...
Found and reported 0 problems.

2.8. Executing OPT pass (performing simple optimizations).

2.8.1. Executing OPT_EXPR pass (perform const folding).
Optimizing module ex252_semantic_u2_dot4_pairtable_qrange.

2.8.2. Executing OPT_MERGE pass (detect identical cells).
Finding identical cells in module `\ex252_semantic_u2_dot4_pairtable_qrange'.
Computing hashes of 382 cells of `\ex252_semantic_u2_dot4_pairtable_qrange'.
Finding duplicate cells in `\ex252_semantic_u2_dot4_pairtable_qrange'.
Removed a total of 0 cells.

2.8.3. Executing OPT_MUXTREE pass (detect dead branches in mux trees).
Running muxtree optimizer on module \ex252_semantic_u2_dot4_pairtable_qrange..
  Creating internal representation of mux trees.
  Evaluating internal representation of mux trees.
  Analyzing evaluation results.
    dead port 1/2 on $mux $procmux$1132.
    dead port 1/2 on $mux $procmux$1126.
    dead port 1/2 on $mux $procmux$1123.
    dead port 1/2 on $mux $procmux$1117.
    dead port 1/2 on $mux $procmux$1114.
    dead port 1/2 on $mux $procmux$1111.
    dead port 1/2 on $mux $procmux$1105.
    dead port 1/2 on $mux $procmux$1102.
    dead port 1/2 on $mux $procmux$1099.
    dead port 1/2 on $mux $procmux$1096.
    dead port 1/2 on $mux $procmux$1090.
    dead port 1/2 on $mux $procmux$1087.
    dead port 1/2 on $mux $procmux$1084.
    dead port 1/2 on $mux $procmux$1081.
    dead port 1/2 on $mux $procmux$1078.
    dead port 1/2 on $mux $procmux$1072.
    dead port 1/2 on $mux $procmux$1069.
    dead port 1/2 on $mux $procmux$1066.
    dead port 1/2 on $mux $procmux$1063.
    dead port 1/2 on $mux $procmux$1060.
    dead port 1/2 on $mux $procmux$1057.
    dead port 1/2 on $mux $procmux$1051.
    dead port 1/2 on $mux $procmux$1048.
    dead port 1/2 on $mux $procmux$1045.
    dead port 1/2 on $mux $procmux$1042.
    dead port 1/2 on $mux $procmux$1039.
    dead port 1/2 on $mux $procmux$1036.
    dead port 1/2 on $mux $procmux$1033.
    dead port 1/2 on $mux $procmux$1027.
    dead port 1/2 on $mux $procmux$1024.
    dead port 1/2 on $mux $procmux$1021.
    dead port 1/2 on $mux $procmux$1018.
    dead port 1/2 on $mux $procmux$1015.
    dead port 1/2 on $mux $procmux$1012.
    dead port 1/2 on $mux $procmux$1009.
    dead port 1/2 on $mux $procmux$1006.
    dead port 1/2 on $mux $procmux$1000.
    dead port 1/2 on $mux $procmux$997.
    dead port 1/2 on $mux $procmux$994.
    dead port 1/2 on $mux $procmux$991.
    dead port 1/2 on $mux $procmux$988.
    dead port 1/2 on $mux $procmux$985.
    dead port 1/2 on $mux $procmux$982.
    dead port 1/2 on $mux $procmux$979.
    dead port 1/2 on $mux $procmux$976.
    dead port 1/2 on $mux $procmux$970.
    dead port 1/2 on $mux $procmux$967.
    dead port 1/2 on $mux $procmux$964.
    dead port 1/2 on $mux $procmux$961.
    dead port 1/2 on $mux $procmux$958.
    dead port 1/2 on $mux $procmux$955.
    dead port 1/2 on $mux $procmux$952.
    dead port 1/2 on $mux $procmux$949.
    dead port 1/2 on $mux $procmux$946.
    dead port 1/2 on $mux $procmux$943.
    dead port 1/2 on $mux $procmux$937.
    dead port 1/2 on $mux $procmux$934.
    dead port 1/2 on $mux $procmux$931.
    dead port 1/2 on $mux $procmux$928.
    dead port 1/2 on $mux $procmux$925.
    dead port 1/2 on $mux $procmux$922.
    dead port 1/2 on $mux $procmux$919.
    dead port 1/2 on $mux $procmux$916.
    dead port 1/2 on $mux $procmux$913.
    dead port 1/2 on $mux $procmux$910.
    dead port 1/2 on $mux $procmux$907.
    dead port 1/2 on $mux $procmux$901.
    dead port 1/2 on $mux $procmux$898.
    dead port 1/2 on $mux $procmux$895.
    dead port 1/2 on $mux $procmux$892.
    dead port 1/2 on $mux $procmux$889.
    dead port 1/2 on $mux $procmux$886.
    dead port 1/2 on $mux $procmux$883.
    dead port 1/2 on $mux $procmux$880.
    dead port 1/2 on $mux $procmux$877.
    dead port 1/2 on $mux $procmux$874.
    dead port 1/2 on $mux $procmux$871.
    dead port 1/2 on $mux $procmux$868.
    dead port 1/2 on $mux $procmux$862.
    dead port 1/2 on $mux $procmux$859.
    dead port 1/2 on $mux $procmux$856.
    dead port 1/2 on $mux $procmux$853.
    dead port 1/2 on $mux $procmux$850.
    dead port 1/2 on $mux $procmux$847.
    dead port 1/2 on $mux $procmux$844.
    dead port 1/2 on $mux $procmux$841.
    dead port 1/2 on $mux $procmux$838.
    dead port 1/2 on $mux $procmux$835.
    dead port 1/2 on $mux $procmux$832.
    dead port 1/2 on $mux $procmux$829.
    dead port 1/2 on $mux $procmux$826.
    dead port 1/2 on $mux $procmux$820.
    dead port 1/2 on $mux $procmux$817.
    dead port 1/2 on $mux $procmux$814.
    dead port 1/2 on $mux $procmux$811.
    dead port 1/2 on $mux $procmux$808.
    dead port 1/2 on $mux $procmux$805.
    dead port 1/2 on $mux $procmux$802.
    dead port 1/2 on $mux $procmux$799.
    dead port 1/2 on $mux $procmux$796.
    dead port 1/2 on $mux $procmux$793.
    dead port 1/2 on $mux $procmux$790.
    dead port 1/2 on $mux $procmux$787.
    dead port 1/2 on $mux $procmux$784.
    dead port 1/2 on $mux $procmux$781.
    dead port 1/2 on $mux $procmux$775.
    dead port 1/2 on $mux $procmux$772.
    dead port 1/2 on $mux $procmux$769.
    dead port 1/2 on $mux $procmux$766.
    dead port 1/2 on $mux $procmux$763.
    dead port 1/2 on $mux $procmux$760.
    dead port 1/2 on $mux $procmux$757.
    dead port 1/2 on $mux $procmux$754.
    dead port 1/2 on $mux $procmux$751.
    dead port 1/2 on $mux $procmux$748.
    dead port 1/2 on $mux $procmux$745.
    dead port 1/2 on $mux $procmux$742.
    dead port 1/2 on $mux $procmux$739.
    dead port 1/2 on $mux $procmux$736.
    dead port 1/2 on $mux $procmux$733.
    dead port 1/2 on $mux $procmux$727.
    dead port 1/2 on $mux $procmux$724.
    dead port 1/2 on $mux $procmux$721.
    dead port 1/2 on $mux $procmux$718.
    dead port 1/2 on $mux $procmux$715.
    dead port 1/2 on $mux $procmux$712.
    dead port 1/2 on $mux $procmux$709.
    dead port 1/2 on $mux $procmux$706.
    dead port 1/2 on $mux $procmux$703.
    dead port 1/2 on $mux $procmux$700.
    dead port 1/2 on $mux $procmux$697.
    dead port 1/2 on $mux $procmux$694.
    dead port 1/2 on $mux $procmux$691.
    dead port 1/2 on $mux $procmux$688.
    dead port 1/2 on $mux $procmux$685.
    dead port 1/2 on $mux $procmux$682.
    dead port 1/2 on $mux $procmux$676.
    dead port 1/2 on $mux $procmux$673.
    dead port 1/2 on $mux $procmux$670.
    dead port 1/2 on $mux $procmux$667.
    dead port 1/2 on $mux $procmux$664.
    dead port 1/2 on $mux $procmux$661.
    dead port 1/2 on $mux $procmux$658.
    dead port 1/2 on $mux $procmux$655.
    dead port 1/2 on $mux $procmux$652.
    dead port 1/2 on $mux $procmux$649.
    dead port 1/2 on $mux $procmux$646.
    dead port 1/2 on $mux $procmux$643.
    dead port 1/2 on $mux $procmux$640.
    dead port 1/2 on $mux $procmux$637.
    dead port 1/2 on $mux $procmux$634.
    dead port 1/2 on $mux $procmux$631.
    dead port 1/2 on $mux $procmux$628.
    dead port 1/2 on $mux $procmux$622.
    dead port 1/2 on $mux $procmux$619.
    dead port 1/2 on $mux $procmux$616.
    dead port 1/2 on $mux $procmux$613.
    dead port 1/2 on $mux $procmux$610.
    dead port 1/2 on $mux $procmux$607.
    dead port 1/2 on $mux $procmux$604.
    dead port 1/2 on $mux $procmux$601.
    dead port 1/2 on $mux $procmux$598.
    dead port 1/2 on $mux $procmux$595.
    dead port 1/2 on $mux $procmux$592.
    dead port 1/2 on $mux $procmux$589.
    dead port 1/2 on $mux $procmux$586.
    dead port 1/2 on $mux $procmux$583.
    dead port 1/2 on $mux $procmux$580.
    dead port 1/2 on $mux $procmux$577.
    dead port 1/2 on $mux $procmux$574.
    dead port 1/2 on $mux $procmux$571.
    dead port 1/2 on $mux $procmux$565.
    dead port 1/2 on $mux $procmux$562.
    dead port 1/2 on $mux $procmux$559.
    dead port 1/2 on $mux $procmux$556.
    dead port 1/2 on $mux $procmux$553.
    dead port 1/2 on $mux $procmux$550.
    dead port 1/2 on $mux $procmux$547.
    dead port 1/2 on $mux $procmux$544.
    dead port 1/2 on $mux $procmux$541.
    dead port 1/2 on $mux $procmux$538.
    dead port 1/2 on $mux $procmux$535.
    dead port 1/2 on $mux $procmux$532.
    dead port 1/2 on $mux $procmux$529.
    dead port 1/2 on $mux $procmux$526.
    dead port 1/2 on $mux $procmux$523.
    dead port 1/2 on $mux $procmux$520.
    dead port 1/2 on $mux $procmux$517.
    dead port 1/2 on $mux $procmux$514.
    dead port 1/2 on $mux $procmux$511.
    dead port 1/2 on $mux $procmux$505.
    dead port 1/2 on $mux $procmux$502.
    dead port 1/2 on $mux $procmux$499.
    dead port 1/2 on $mux $procmux$496.
    dead port 1/2 on $mux $procmux$493.
    dead port 1/2 on $mux $procmux$490.
    dead port 1/2 on $mux $procmux$487.
    dead port 1/2 on $mux $procmux$484.
    dead port 1/2 on $mux $procmux$481.
    dead port 1/2 on $mux $procmux$478.
    dead port 1/2 on $mux $procmux$475.
    dead port 1/2 on $mux $procmux$472.
    dead port 1/2 on $mux $procmux$469.
    dead port 1/2 on $mux $procmux$466.
    dead port 1/2 on $mux $procmux$463.
    dead port 1/2 on $mux $procmux$460.
    dead port 1/2 on $mux $procmux$457.
    dead port 1/2 on $mux $procmux$454.
    dead port 1/2 on $mux $procmux$451.
    dead port 1/2 on $mux $procmux$448.
    dead port 1/2 on $mux $procmux$442.
    dead port 1/2 on $mux $procmux$439.
    dead port 1/2 on $mux $procmux$436.
    dead port 1/2 on $mux $procmux$433.
    dead port 1/2 on $mux $procmux$430.
    dead port 1/2 on $mux $procmux$427.
    dead port 1/2 on $mux $procmux$424.
    dead port 1/2 on $mux $procmux$421.
    dead port 1/2 on $mux $procmux$418.
    dead port 1/2 on $mux $procmux$415.
    dead port 1/2 on $mux $procmux$412.
    dead port 1/2 on $mux $procmux$409.
    dead port 1/2 on $mux $procmux$406.
    dead port 1/2 on $mux $procmux$403.
    dead port 1/2 on $mux $procmux$400.
    dead port 1/2 on $mux $procmux$397.
    dead port 1/2 on $mux $procmux$394.
    dead port 1/2 on $mux $procmux$391.
    dead port 1/2 on $mux $procmux$388.
    dead port 1/2 on $mux $procmux$385.
    dead port 1/2 on $mux $procmux$382.
    dead port 1/2 on $mux $procmux$376.
    dead port 1/2 on $mux $procmux$373.
    dead port 1/2 on $mux $procmux$370.
    dead port 1/2 on $mux $procmux$367.
    dead port 1/2 on $mux $procmux$364.
    dead port 1/2 on $mux $procmux$361.
    dead port 1/2 on $mux $procmux$358.
    dead port 1/2 on $mux $procmux$355.
    dead port 1/2 on $mux $procmux$352.
    dead port 1/2 on $mux $procmux$349.
    dead port 1/2 on $mux $procmux$346.
    dead port 1/2 on $mux $procmux$343.
    dead port 1/2 on $mux $procmux$340.
    dead port 1/2 on $mux $procmux$337.
    dead port 1/2 on $mux $procmux$334.
    dead port 1/2 on $mux $procmux$331.
    dead port 1/2 on $mux $procmux$328.
    dead port 1/2 on $mux $procmux$325.
    dead port 1/2 on $mux $procmux$322.
    dead port 1/2 on $mux $procmux$319.
    dead port 1/2 on $mux $procmux$316.
    dead port 1/2 on $mux $procmux$313.
    dead port 1/2 on $mux $procmux$307.
    dead port 1/2 on $mux $procmux$304.
    dead port 1/2 on $mux $procmux$301.
    dead port 1/2 on $mux $procmux$298.
    dead port 1/2 on $mux $procmux$295.
    dead port 1/2 on $mux $procmux$292.
    dead port 1/2 on $mux $procmux$289.
    dead port 1/2 on $mux $procmux$286.
    dead port 1/2 on $mux $procmux$283.
    dead port 1/2 on $mux $procmux$280.
    dead port 1/2 on $mux $procmux$277.
    dead port 1/2 on $mux $procmux$274.
    dead port 1/2 on $mux $procmux$271.
    dead port 1/2 on $mux $procmux$268.
    dead port 1/2 on $mux $procmux$265.
    dead port 1/2 on $mux $procmux$262.
    dead port 1/2 on $mux $procmux$259.
    dead port 1/2 on $mux $procmux$256.
    dead port 1/2 on $mux $procmux$253.
    dead port 1/2 on $mux $procmux$250.
    dead port 1/2 on $mux $procmux$247.
    dead port 1/2 on $mux $procmux$244.
    dead port 1/2 on $mux $procmux$241.
    dead port 1/2 on $mux $procmux$235.
    dead port 1/2 on $mux $procmux$232.
    dead port 1/2 on $mux $procmux$229.
    dead port 1/2 on $mux $procmux$226.
    dead port 1/2 on $mux $procmux$223.
    dead port 1/2 on $mux $procmux$220.
    dead port 1/2 on $mux $procmux$217.
    dead port 1/2 on $mux $procmux$214.
    dead port 1/2 on $mux $procmux$211.
    dead port 1/2 on $mux $procmux$208.
    dead port 1/2 on $mux $procmux$205.
    dead port 1/2 on $mux $procmux$202.
    dead port 1/2 on $mux $procmux$199.
    dead port 1/2 on $mux $procmux$196.
    dead port 1/2 on $mux $procmux$193.
    dead port 1/2 on $mux $procmux$190.
    dead port 1/2 on $mux $procmux$187.
    dead port 1/2 on $mux $procmux$184.
    dead port 1/2 on $mux $procmux$181.
    dead port 1/2 on $mux $procmux$178.
    dead port 1/2 on $mux $procmux$175.
    dead port 1/2 on $mux $procmux$172.
    dead port 1/2 on $mux $procmux$169.
    dead port 1/2 on $mux $procmux$166.
    dead port 1/2 on $mux $procmux$160.
    dead port 1/2 on $mux $procmux$157.
    dead port 1/2 on $mux $procmux$154.
    dead port 1/2 on $mux $procmux$151.
    dead port 1/2 on $mux $procmux$148.
    dead port 1/2 on $mux $procmux$145.
    dead port 1/2 on $mux $procmux$142.
    dead port 1/2 on $mux $procmux$139.
    dead port 1/2 on $mux $procmux$136.
    dead port 1/2 on $mux $procmux$133.
    dead port 1/2 on $mux $procmux$130.
    dead port 1/2 on $mux $procmux$127.
    dead port 1/2 on $mux $procmux$124.
    dead port 1/2 on $mux $procmux$121.
    dead port 1/2 on $mux $procmux$118.
    dead port 1/2 on $mux $procmux$115.
    dead port 1/2 on $mux $procmux$112.
    dead port 1/2 on $mux $procmux$109.
    dead port 1/2 on $mux $procmux$106.
    dead port 1/2 on $mux $procmux$103.
    dead port 1/2 on $mux $procmux$100.
    dead port 1/2 on $mux $procmux$97.
    dead port 1/2 on $mux $procmux$94.
    dead port 1/2 on $mux $procmux$91.
    dead port 1/2 on $mux $procmux$88.
Removed 325 multiplexer ports.

2.8.4. Executing OPT_REDUCE pass (consolidate $*mux and $reduce_* inputs).
  Optimizing cells in module \ex252_semantic_u2_dot4_pairtable_qrange.
Performed a total of 0 changes.

2.8.5. Executing OPT_MERGE pass (detect identical cells).
Finding identical cells in module `\ex252_semantic_u2_dot4_pairtable_qrange'.
Computing hashes of 57 cells of `\ex252_semantic_u2_dot4_pairtable_qrange'.
Finding duplicate cells in `\ex252_semantic_u2_dot4_pairtable_qrange'.
Removed a total of 0 cells.

2.8.6. Executing OPT_DFF pass (perform DFF optimizations).

2.8.7. Executing OPT_CLEAN pass (remove unused cells and wires).
Finding unused cells or wires in module \ex252_semantic_u2_dot4_pairtable_qrange..
Removed 0 unused cells and 325 unused wires.

2.8.8. Executing OPT_EXPR pass (perform const folding).
Optimizing module ex252_semantic_u2_dot4_pairtable_qrange.

2.8.9. Rerunning OPT passes. (Maybe there is more to do..)

2.8.10. Executing OPT_MUXTREE pass (detect dead branches in mux trees).
Running muxtree optimizer on module \ex252_semantic_u2_dot4_pairtable_qrange..
  Creating internal representation of mux trees.
  Evaluating internal representation of mux trees.
  Analyzing evaluation results.
Removed 0 multiplexer ports.

2.8.11. Executing OPT_REDUCE pass (consolidate $*mux and $reduce_* inputs).
  Optimizing cells in module \ex252_semantic_u2_dot4_pairtable_qrange.
Performed a total of 0 changes.

2.8.12. Executing OPT_MERGE pass (detect identical cells).
Finding identical cells in module `\ex252_semantic_u2_dot4_pairtable_qrange'.
Computing hashes of 57 cells of `\ex252_semantic_u2_dot4_pairtable_qrange'.
Finding duplicate cells in `\ex252_semantic_u2_dot4_pairtable_qrange'.
Removed a total of 0 cells.

2.8.13. Executing OPT_DFF pass (perform DFF optimizations).

2.8.14. Executing OPT_CLEAN pass (remove unused cells and wires).
Finding unused cells or wires in module \ex252_semantic_u2_dot4_pairtable_qrange..

2.8.15. Executing OPT_EXPR pass (perform const folding).
Optimizing module ex252_semantic_u2_dot4_pairtable_qrange.

2.8.16. Finished fast OPT passes. (There is nothing left to do.)

2.9. Executing FSM pass (extract and optimize FSM).

2.9.1. Executing FSM_DETECT pass (finding FSMs in design).

2.9.2. Executing FSM_EXTRACT pass (extracting FSM from design).

2.9.3. Executing FSM_OPT pass (simple optimizations of FSMs).

2.9.4. Executing OPT_CLEAN pass (remove unused cells and wires).
Finding unused cells or wires in module \ex252_semantic_u2_dot4_pairtable_qrange..

2.9.5. Executing FSM_OPT pass (simple optimizations of FSMs).

2.9.6. Executing FSM_RECODE pass (re-assigning FSM state encoding).

2.9.7. Executing FSM_INFO pass (dumping all available information on FSM cells).

2.9.8. Executing FSM_MAP pass (mapping FSMs to basic logic).

2.10. Executing OPT pass (performing simple optimizations).

2.10.1. Executing OPT_EXPR pass (perform const folding).
Optimizing module ex252_semantic_u2_dot4_pairtable_qrange.

2.10.2. Executing OPT_MERGE pass (detect identical cells).
Finding identical cells in module `\ex252_semantic_u2_dot4_pairtable_qrange'.
Computing hashes of 57 cells of `\ex252_semantic_u2_dot4_pairtable_qrange'.
Finding duplicate cells in `\ex252_semantic_u2_dot4_pairtable_qrange'.
Removed a total of 0 cells.

2.10.3. Executing OPT_MUXTREE pass (detect dead branches in mux trees).
Running muxtree optimizer on module \ex252_semantic_u2_dot4_pairtable_qrange..
  Creating internal representation of mux trees.
  Evaluating internal representation of mux trees.
  Analyzing evaluation results.
Removed 0 multiplexer ports.

2.10.4. Executing OPT_REDUCE pass (consolidate $*mux and $reduce_* inputs).
  Optimizing cells in module \ex252_semantic_u2_dot4_pairtable_qrange.
Performed a total of 0 changes.

2.10.5. Executing OPT_MERGE pass (detect identical cells).
Finding identical cells in module `\ex252_semantic_u2_dot4_pairtable_qrange'.
Computing hashes of 57 cells of `\ex252_semantic_u2_dot4_pairtable_qrange'.
Finding duplicate cells in `\ex252_semantic_u2_dot4_pairtable_qrange'.
Removed a total of 0 cells.

2.10.6. Executing OPT_DFF pass (perform DFF optimizations).

2.10.7. Executing OPT_CLEAN pass (remove unused cells and wires).
Finding unused cells or wires in module \ex252_semantic_u2_dot4_pairtable_qrange..

2.10.8. Executing OPT_EXPR pass (perform const folding).
Optimizing module ex252_semantic_u2_dot4_pairtable_qrange.

2.10.9. Finished fast OPT passes. (There is nothing left to do.)

2.11. Executing WREDUCE pass (reducing word size of cells).
Removed top 24 address bits (of 32) from memory init port ex252_semantic_u2_dot4_pairtable_qrange.$auto$mem.cc:351:emit$83 ($auto$proc_rom.cc:155:do_switch$81).
Removed top 24 address bits (of 32) from memory init port ex252_semantic_u2_dot4_pairtable_qrange.$auto$mem.cc:351:emit$79 ($auto$proc_rom.cc:155:do_switch$77).
Removed top 4 bits (of 10) from port A of cell ex252_semantic_u2_dot4_pairtable_qrange.$le$/home/b10507053/ALS_Final_Project/student/work/ex250_ex254_frontend_fp4_dot_fma_semantic_20260608_2105/ex252/verilog/ex252_semantic_u2_dot4_pairtable_qrange.v:277$24 ($le).
Removed top 9 bits (of 10) from port B of cell ex252_semantic_u2_dot4_pairtable_qrange.$le$/home/b10507053/ALS_Final_Project/student/work/ex250_ex254_frontend_fp4_dot_fma_semantic_20260608_2105/ex252/verilog/ex252_semantic_u2_dot4_pairtable_qrange.v:277$24 ($le).
Removed top 4 bits (of 10) from port A of cell ex252_semantic_u2_dot4_pairtable_qrange.$le$/home/b10507053/ALS_Final_Project/student/work/ex250_ex254_frontend_fp4_dot_fma_semantic_20260608_2105/ex252/verilog/ex252_semantic_u2_dot4_pairtable_qrange.v:278$26 ($le).
Removed top 9 bits (of 10) from port B of cell ex252_semantic_u2_dot4_pairtable_qrange.$le$/home/b10507053/ALS_Final_Project/student/work/ex250_ex254_frontend_fp4_dot_fma_semantic_20260608_2105/ex252/verilog/ex252_semantic_u2_dot4_pairtable_qrange.v:278$26 ($le).
Removed top 4 bits (of 10) from port A of cell ex252_semantic_u2_dot4_pairtable_qrange.$le$/home/b10507053/ALS_Final_Project/student/work/ex250_ex254_frontend_fp4_dot_fma_semantic_20260608_2105/ex252/verilog/ex252_semantic_u2_dot4_pairtable_qrange.v:279$28 ($le).
Removed top 8 bits (of 10) from port B of cell ex252_semantic_u2_dot4_pairtable_qrange.$le$/home/b10507053/ALS_Final_Project/student/work/ex250_ex254_frontend_fp4_dot_fma_semantic_20260608_2105/ex252/verilog/ex252_semantic_u2_dot4_pairtable_qrange.v:279$28 ($le).
Removed top 4 bits (of 10) from port A of cell ex252_semantic_u2_dot4_pairtable_qrange.$le$/home/b10507053/ALS_Final_Project/student/work/ex250_ex254_frontend_fp4_dot_fma_semantic_20260608_2105/ex252/verilog/ex252_semantic_u2_dot4_pairtable_qrange.v:280$30 ($le).
Removed top 8 bits (of 10) from port B of cell ex252_semantic_u2_dot4_pairtable_qrange.$le$/home/b10507053/ALS_Final_Project/student/work/ex250_ex254_frontend_fp4_dot_fma_semantic_20260608_2105/ex252/verilog/ex252_semantic_u2_dot4_pairtable_qrange.v:280$30 ($le).
Removed top 4 bits (of 10) from port A of cell ex252_semantic_u2_dot4_pairtable_qrange.$le$/home/b10507053/ALS_Final_Project/student/work/ex250_ex254_frontend_fp4_dot_fma_semantic_20260608_2105/ex252/verilog/ex252_semantic_u2_dot4_pairtable_qrange.v:281$32 ($le).
Removed top 7 bits (of 10) from port B of cell ex252_semantic_u2_dot4_pairtable_qrange.$le$/home/b10507053/ALS_Final_Project/student/work/ex250_ex254_frontend_fp4_dot_fma_semantic_20260608_2105/ex252/verilog/ex252_semantic_u2_dot4_pairtable_qrange.v:281$32 ($le).
Removed top 4 bits (of 10) from port A of cell ex252_semantic_u2_dot4_pairtable_qrange.$le$/home/b10507053/ALS_Final_Project/student/work/ex250_ex254_frontend_fp4_dot_fma_semantic_20260608_2105/ex252/verilog/ex252_semantic_u2_dot4_pairtable_qrange.v:282$34 ($le).
Removed top 7 bits (of 10) from port B of cell ex252_semantic_u2_dot4_pairtable_qrange.$le$/home/b10507053/ALS_Final_Project/student/work/ex250_ex254_frontend_fp4_dot_fma_semantic_20260608_2105/ex252/verilog/ex252_semantic_u2_dot4_pairtable_qrange.v:282$34 ($le).
Removed top 4 bits (of 10) from port A of cell ex252_semantic_u2_dot4_pairtable_qrange.$le$/home/b10507053/ALS_Final_Project/student/work/ex250_ex254_frontend_fp4_dot_fma_semantic_20260608_2105/ex252/verilog/ex252_semantic_u2_dot4_pairtable_qrange.v:283$36 ($le).
Removed top 7 bits (of 10) from port B of cell ex252_semantic_u2_dot4_pairtable_qrange.$le$/home/b10507053/ALS_Final_Project/student/work/ex250_ex254_frontend_fp4_dot_fma_semantic_20260608_2105/ex252/verilog/ex252_semantic_u2_dot4_pairtable_qrange.v:283$36 ($le).
Removed top 4 bits (of 10) from port A of cell ex252_semantic_u2_dot4_pairtable_qrange.$le$/home/b10507053/ALS_Final_Project/student/work/ex250_ex254_frontend_fp4_dot_fma_semantic_20260608_2105/ex252/verilog/ex252_semantic_u2_dot4_pairtable_qrange.v:284$38 ($le).
Removed top 7 bits (of 10) from port B of cell ex252_semantic_u2_dot4_pairtable_qrange.$le$/home/b10507053/ALS_Final_Project/student/work/ex250_ex254_frontend_fp4_dot_fma_semantic_20260608_2105/ex252/verilog/ex252_semantic_u2_dot4_pairtable_qrange.v:284$38 ($le).
Removed top 4 bits (of 10) from port A of cell ex252_semantic_u2_dot4_pairtable_qrange.$le$/home/b10507053/ALS_Final_Project/student/work/ex250_ex254_frontend_fp4_dot_fma_semantic_20260608_2105/ex252/verilog/ex252_semantic_u2_dot4_pairtable_qrange.v:285$40 ($le).
Removed top 6 bits (of 10) from port B of cell ex252_semantic_u2_dot4_pairtable_qrange.$le$/home/b10507053/ALS_Final_Project/student/work/ex250_ex254_frontend_fp4_dot_fma_semantic_20260608_2105/ex252/verilog/ex252_semantic_u2_dot4_pairtable_qrange.v:285$40 ($le).
Removed top 4 bits (of 10) from port A of cell ex252_semantic_u2_dot4_pairtable_qrange.$le$/home/b10507053/ALS_Final_Project/student/work/ex250_ex254_frontend_fp4_dot_fma_semantic_20260608_2105/ex252/verilog/ex252_semantic_u2_dot4_pairtable_qrange.v:286$42 ($le).
Removed top 6 bits (of 10) from port B of cell ex252_semantic_u2_dot4_pairtable_qrange.$le$/home/b10507053/ALS_Final_Project/student/work/ex250_ex254_frontend_fp4_dot_fma_semantic_20260608_2105/ex252/verilog/ex252_semantic_u2_dot4_pairtable_qrange.v:286$42 ($le).
Removed top 4 bits (of 10) from port A of cell ex252_semantic_u2_dot4_pairtable_qrange.$le$/home/b10507053/ALS_Final_Project/student/work/ex250_ex254_frontend_fp4_dot_fma_semantic_20260608_2105/ex252/verilog/ex252_semantic_u2_dot4_pairtable_qrange.v:287$44 ($le).
Removed top 6 bits (of 10) from port B of cell ex252_semantic_u2_dot4_pairtable_qrange.$le$/home/b10507053/ALS_Final_Project/student/work/ex250_ex254_frontend_fp4_dot_fma_semantic_20260608_2105/ex252/verilog/ex252_semantic_u2_dot4_pairtable_qrange.v:287$44 ($le).
Removed top 4 bits (of 10) from port A of cell ex252_semantic_u2_dot4_pairtable_qrange.$le$/home/b10507053/ALS_Final_Project/student/work/ex250_ex254_frontend_fp4_dot_fma_semantic_20260608_2105/ex252/verilog/ex252_semantic_u2_dot4_pairtable_qrange.v:288$46 ($le).
Removed top 6 bits (of 10) from port B of cell ex252_semantic_u2_dot4_pairtable_qrange.$le$/home/b10507053/ALS_Final_Project/student/work/ex250_ex254_frontend_fp4_dot_fma_semantic_20260608_2105/ex252/verilog/ex252_semantic_u2_dot4_pairtable_qrange.v:288$46 ($le).
Removed top 4 bits (of 10) from port A of cell ex252_semantic_u2_dot4_pairtable_qrange.$le$/home/b10507053/ALS_Final_Project/student/work/ex250_ex254_frontend_fp4_dot_fma_semantic_20260608_2105/ex252/verilog/ex252_semantic_u2_dot4_pairtable_qrange.v:289$48 ($le).
Removed top 6 bits (of 10) from port B of cell ex252_semantic_u2_dot4_pairtable_qrange.$le$/home/b10507053/ALS_Final_Project/student/work/ex250_ex254_frontend_fp4_dot_fma_semantic_20260608_2105/ex252/verilog/ex252_semantic_u2_dot4_pairtable_qrange.v:289$48 ($le).
Removed top 4 bits (of 10) from port A of cell ex252_semantic_u2_dot4_pairtable_qrange.$le$/home/b10507053/ALS_Final_Project/student/work/ex250_ex254_frontend_fp4_dot_fma_semantic_20260608_2105/ex252/verilog/ex252_semantic_u2_dot4_pairtable_qrange.v:290$50 ($le).
Removed top 6 bits (of 10) from port B of cell ex252_semantic_u2_dot4_pairtable_qrange.$le$/home/b10507053/ALS_Final_Project/student/work/ex250_ex254_frontend_fp4_dot_fma_semantic_20260608_2105/ex252/verilog/ex252_semantic_u2_dot4_pairtable_qrange.v:290$50 ($le).
Removed top 4 bits (of 10) from port A of cell ex252_semantic_u2_dot4_pairtable_qrange.$le$/home/b10507053/ALS_Final_Project/student/work/ex250_ex254_frontend_fp4_dot_fma_semantic_20260608_2105/ex252/verilog/ex252_semantic_u2_dot4_pairtable_qrange.v:291$52 ($le).
Removed top 6 bits (of 10) from port B of cell ex252_semantic_u2_dot4_pairtable_qrange.$le$/home/b10507053/ALS_Final_Project/student/work/ex250_ex254_frontend_fp4_dot_fma_semantic_20260608_2105/ex252/verilog/ex252_semantic_u2_dot4_pairtable_qrange.v:291$52 ($le).
Removed top 4 bits (of 10) from port A of cell ex252_semantic_u2_dot4_pairtable_qrange.$le$/home/b10507053/ALS_Final_Project/student/work/ex250_ex254_frontend_fp4_dot_fma_semantic_20260608_2105/ex252/verilog/ex252_semantic_u2_dot4_pairtable_qrange.v:292$54 ($le).
Removed top 6 bits (of 10) from port B of cell ex252_semantic_u2_dot4_pairtable_qrange.$le$/home/b10507053/ALS_Final_Project/student/work/ex250_ex254_frontend_fp4_dot_fma_semantic_20260608_2105/ex252/verilog/ex252_semantic_u2_dot4_pairtable_qrange.v:292$54 ($le).
Removed top 4 bits (of 10) from port A of cell ex252_semantic_u2_dot4_pairtable_qrange.$le$/home/b10507053/ALS_Final_Project/student/work/ex250_ex254_frontend_fp4_dot_fma_semantic_20260608_2105/ex252/verilog/ex252_semantic_u2_dot4_pairtable_qrange.v:293$56 ($le).
Removed top 5 bits (of 10) from port B of cell ex252_semantic_u2_dot4_pairtable_qrange.$le$/home/b10507053/ALS_Final_Project/student/work/ex250_ex254_frontend_fp4_dot_fma_semantic_20260608_2105/ex252/verilog/ex252_semantic_u2_dot4_pairtable_qrange.v:293$56 ($le).
Removed top 4 bits (of 10) from port A of cell ex252_semantic_u2_dot4_pairtable_qrange.$le$/home/b10507053/ALS_Final_Project/student/work/ex250_ex254_frontend_fp4_dot_fma_semantic_20260608_2105/ex252/verilog/ex252_semantic_u2_dot4_pairtable_qrange.v:294$58 ($le).
Removed top 5 bits (of 10) from port B of cell ex252_semantic_u2_dot4_pairtable_qrange.$le$/home/b10507053/ALS_Final_Project/student/work/ex250_ex254_frontend_fp4_dot_fma_semantic_20260608_2105/ex252/verilog/ex252_semantic_u2_dot4_pairtable_qrange.v:294$58 ($le).
Removed top 4 bits (of 10) from port A of cell ex252_semantic_u2_dot4_pairtable_qrange.$le$/home/b10507053/ALS_Final_Project/student/work/ex250_ex254_frontend_fp4_dot_fma_semantic_20260608_2105/ex252/verilog/ex252_semantic_u2_dot4_pairtable_qrange.v:295$60 ($le).
Removed top 5 bits (of 10) from port B of cell ex252_semantic_u2_dot4_pairtable_qrange.$le$/home/b10507053/ALS_Final_Project/student/work/ex250_ex254_frontend_fp4_dot_fma_semantic_20260608_2105/ex252/verilog/ex252_semantic_u2_dot4_pairtable_qrange.v:295$60 ($le).
Removed top 4 bits (of 10) from port A of cell ex252_semantic_u2_dot4_pairtable_qrange.$le$/home/b10507053/ALS_Final_Project/student/work/ex250_ex254_frontend_fp4_dot_fma_semantic_20260608_2105/ex252/verilog/ex252_semantic_u2_dot4_pairtable_qrange.v:296$62 ($le).
Removed top 5 bits (of 10) from port B of cell ex252_semantic_u2_dot4_pairtable_qrange.$le$/home/b10507053/ALS_Final_Project/student/work/ex250_ex254_frontend_fp4_dot_fma_semantic_20260608_2105/ex252/verilog/ex252_semantic_u2_dot4_pairtable_qrange.v:296$62 ($le).
Removed top 4 bits (of 10) from port A of cell ex252_semantic_u2_dot4_pairtable_qrange.$le$/home/b10507053/ALS_Final_Project/student/work/ex250_ex254_frontend_fp4_dot_fma_semantic_20260608_2105/ex252/verilog/ex252_semantic_u2_dot4_pairtable_qrange.v:297$64 ($le).
Removed top 5 bits (of 10) from port B of cell ex252_semantic_u2_dot4_pairtable_qrange.$le$/home/b10507053/ALS_Final_Project/student/work/ex250_ex254_frontend_fp4_dot_fma_semantic_20260608_2105/ex252/verilog/ex252_semantic_u2_dot4_pairtable_qrange.v:297$64 ($le).
Removed top 4 bits (of 10) from port A of cell ex252_semantic_u2_dot4_pairtable_qrange.$le$/home/b10507053/ALS_Final_Project/student/work/ex250_ex254_frontend_fp4_dot_fma_semantic_20260608_2105/ex252/verilog/ex252_semantic_u2_dot4_pairtable_qrange.v:298$66 ($le).
Removed top 5 bits (of 10) from port B of cell ex252_semantic_u2_dot4_pairtable_qrange.$le$/home/b10507053/ALS_Final_Project/student/work/ex250_ex254_frontend_fp4_dot_fma_semantic_20260608_2105/ex252/verilog/ex252_semantic_u2_dot4_pairtable_qrange.v:298$66 ($le).
Removed top 4 bits (of 10) from port A of cell ex252_semantic_u2_dot4_pairtable_qrange.$le$/home/b10507053/ALS_Final_Project/student/work/ex250_ex254_frontend_fp4_dot_fma_semantic_20260608_2105/ex252/verilog/ex252_semantic_u2_dot4_pairtable_qrange.v:299$68 ($le).
Removed top 5 bits (of 10) from port B of cell ex252_semantic_u2_dot4_pairtable_qrange.$le$/home/b10507053/ALS_Final_Project/student/work/ex250_ex254_frontend_fp4_dot_fma_semantic_20260608_2105/ex252/verilog/ex252_semantic_u2_dot4_pairtable_qrange.v:299$68 ($le).
Removed top 4 bits (of 10) from port A of cell ex252_semantic_u2_dot4_pairtable_qrange.$le$/home/b10507053/ALS_Final_Project/student/work/ex250_ex254_frontend_fp4_dot_fma_semantic_20260608_2105/ex252/verilog/ex252_semantic_u2_dot4_pairtable_qrange.v:300$70 ($le).
Removed top 5 bits (of 10) from port B of cell ex252_semantic_u2_dot4_pairtable_qrange.$le$/home/b10507053/ALS_Final_Project/student/work/ex250_ex254_frontend_fp4_dot_fma_semantic_20260608_2105/ex252/verilog/ex252_semantic_u2_dot4_pairtable_qrange.v:300$70 ($le).
Removed top 4 bits (of 10) from port A of cell ex252_semantic_u2_dot4_pairtable_qrange.$le$/home/b10507053/ALS_Final_Project/student/work/ex250_ex254_frontend_fp4_dot_fma_semantic_20260608_2105/ex252/verilog/ex252_semantic_u2_dot4_pairtable_qrange.v:301$72 ($le).
Removed top 4 bits (of 10) from port B of cell ex252_semantic_u2_dot4_pairtable_qrange.$le$/home/b10507053/ALS_Final_Project/student/work/ex250_ex254_frontend_fp4_dot_fma_semantic_20260608_2105/ex252/verilog/ex252_semantic_u2_dot4_pairtable_qrange.v:301$72 ($le).
Removed top 4 bits (of 10) from port A of cell ex252_semantic_u2_dot4_pairtable_qrange.$le$/home/b10507053/ALS_Final_Project/student/work/ex250_ex254_frontend_fp4_dot_fma_semantic_20260608_2105/ex252/verilog/ex252_semantic_u2_dot4_pairtable_qrange.v:302$74 ($le).
Removed top 4 bits (of 10) from port B of cell ex252_semantic_u2_dot4_pairtable_qrange.$le$/home/b10507053/ALS_Final_Project/student/work/ex250_ex254_frontend_fp4_dot_fma_semantic_20260608_2105/ex252/verilog/ex252_semantic_u2_dot4_pairtable_qrange.v:302$74 ($le).
Removed top 1 bits (of 7) from mux cell ex252_semantic_u2_dot4_pairtable_qrange.$procmux$85 ($mux).
Removed top 1 bits (of 7) from mux cell ex252_semantic_u2_dot4_pairtable_qrange.$procmux$163 ($mux).
Removed top 1 bits (of 7) from mux cell ex252_semantic_u2_dot4_pairtable_qrange.$procmux$238 ($mux).
Removed top 1 bits (of 7) from mux cell ex252_semantic_u2_dot4_pairtable_qrange.$procmux$310 ($mux).
Removed top 1 bits (of 7) from mux cell ex252_semantic_u2_dot4_pairtable_qrange.$procmux$379 ($mux).
Removed top 1 bits (of 7) from mux cell ex252_semantic_u2_dot4_pairtable_qrange.$procmux$445 ($mux).
Removed top 1 bits (of 7) from mux cell ex252_semantic_u2_dot4_pairtable_qrange.$procmux$508 ($mux).
Removed top 1 bits (of 7) from mux cell ex252_semantic_u2_dot4_pairtable_qrange.$procmux$568 ($mux).
Removed top 1 bits (of 7) from mux cell ex252_semantic_u2_dot4_pairtable_qrange.$procmux$625 ($mux).
Removed top 1 bits (of 7) from mux cell ex252_semantic_u2_dot4_pairtable_qrange.$procmux$679 ($mux).
Removed top 1 bits (of 7) from mux cell ex252_semantic_u2_dot4_pairtable_qrange.$procmux$730 ($mux).
Removed top 1 bits (of 7) from mux cell ex252_semantic_u2_dot4_pairtable_qrange.$procmux$778 ($mux).
Removed top 1 bits (of 7) from mux cell ex252_semantic_u2_dot4_pairtable_qrange.$procmux$823 ($mux).
Removed top 1 bits (of 7) from mux cell ex252_semantic_u2_dot4_pairtable_qrange.$procmux$865 ($mux).
Removed top 1 bits (of 7) from mux cell ex252_semantic_u2_dot4_pairtable_qrange.$procmux$904 ($mux).
Removed top 1 bits (of 7) from mux cell ex252_semantic_u2_dot4_pairtable_qrange.$procmux$940 ($mux).
Removed top 1 bits (of 7) from mux cell ex252_semantic_u2_dot4_pairtable_qrange.$procmux$973 ($mux).
Removed top 1 bits (of 7) from mux cell ex252_semantic_u2_dot4_pairtable_qrange.$procmux$1003 ($mux).
Removed top 1 bits (of 7) from wire ex252_semantic_u2_dot4_pairtable_qrange.$16\quant_scaled$func$/home/b10507053/ALS_Final_Project/student/work/ex250_ex254_frontend_fp4_dot_fma_semantic_20260608_2105/ex252/verilog/ex252_semantic_u2_dot4_pairtable_qrange.v:307$6.$result[6:0]$55.
Removed top 1 bits (of 7) from wire ex252_semantic_u2_dot4_pairtable_qrange.$15\quant_scaled$func$/home/b10507053/ALS_Final_Project/student/work/ex250_ex254_frontend_fp4_dot_fma_semantic_20260608_2105/ex252/verilog/ex252_semantic_u2_dot4_pairtable_qrange.v:307$6.$result[6:0]$53.
Removed top 1 bits (of 7) from wire ex252_semantic_u2_dot4_pairtable_qrange.$14\quant_scaled$func$/home/b10507053/ALS_Final_Project/student/work/ex250_ex254_frontend_fp4_dot_fma_semantic_20260608_2105/ex252/verilog/ex252_semantic_u2_dot4_pairtable_qrange.v:307$6.$result[6:0]$51.
Removed top 1 bits (of 7) from wire ex252_semantic_u2_dot4_pairtable_qrange.$13\quant_scaled$func$/home/b10507053/ALS_Final_Project/student/work/ex250_ex254_frontend_fp4_dot_fma_semantic_20260608_2105/ex252/verilog/ex252_semantic_u2_dot4_pairtable_qrange.v:307$6.$result[6:0]$49.
Removed top 1 bits (of 7) from wire ex252_semantic_u2_dot4_pairtable_qrange.$12\quant_scaled$func$/home/b10507053/ALS_Final_Project/student/work/ex250_ex254_frontend_fp4_dot_fma_semantic_20260608_2105/ex252/verilog/ex252_semantic_u2_dot4_pairtable_qrange.v:307$6.$result[6:0]$47.
Removed top 1 bits (of 7) from wire ex252_semantic_u2_dot4_pairtable_qrange.$11\quant_scaled$func$/home/b10507053/ALS_Final_Project/student/work/ex250_ex254_frontend_fp4_dot_fma_semantic_20260608_2105/ex252/verilog/ex252_semantic_u2_dot4_pairtable_qrange.v:307$6.$result[6:0]$45.
Removed top 1 bits (of 7) from wire ex252_semantic_u2_dot4_pairtable_qrange.$10\quant_scaled$func$/home/b10507053/ALS_Final_Project/student/work/ex250_ex254_frontend_fp4_dot_fma_semantic_20260608_2105/ex252/verilog/ex252_semantic_u2_dot4_pairtable_qrange.v:307$6.$result[6:0]$43.
Removed top 1 bits (of 7) from wire ex252_semantic_u2_dot4_pairtable_qrange.$9\quant_scaled$func$/home/b10507053/ALS_Final_Project/student/work/ex250_ex254_frontend_fp4_dot_fma_semantic_20260608_2105/ex252/verilog/ex252_semantic_u2_dot4_pairtable_qrange.v:307$6.$result[6:0]$41.
Removed top 1 bits (of 7) from wire ex252_semantic_u2_dot4_pairtable_qrange.$26\quant_scaled$func$/home/b10507053/ALS_Final_Project/student/work/ex250_ex254_frontend_fp4_dot_fma_semantic_20260608_2105/ex252/verilog/ex252_semantic_u2_dot4_pairtable_qrange.v:307$6.$result[6:0]$75.
Removed top 1 bits (of 7) from wire ex252_semantic_u2_dot4_pairtable_qrange.$25\quant_scaled$func$/home/b10507053/ALS_Final_Project/student/work/ex250_ex254_frontend_fp4_dot_fma_semantic_20260608_2105/ex252/verilog/ex252_semantic_u2_dot4_pairtable_qrange.v:307$6.$result[6:0]$73.
Removed top 1 bits (of 7) from wire ex252_semantic_u2_dot4_pairtable_qrange.$24\quant_scaled$func$/home/b10507053/ALS_Final_Project/student/work/ex250_ex254_frontend_fp4_dot_fma_semantic_20260608_2105/ex252/verilog/ex252_semantic_u2_dot4_pairtable_qrange.v:307$6.$result[6:0]$71.
Removed top 1 bits (of 7) from wire ex252_semantic_u2_dot4_pairtable_qrange.$23\quant_scaled$func$/home/b10507053/ALS_Final_Project/student/work/ex250_ex254_frontend_fp4_dot_fma_semantic_20260608_2105/ex252/verilog/ex252_semantic_u2_dot4_pairtable_qrange.v:307$6.$result[6:0]$69.
Removed top 1 bits (of 7) from wire ex252_semantic_u2_dot4_pairtable_qrange.$22\quant_scaled$func$/home/b10507053/ALS_Final_Project/student/work/ex250_ex254_frontend_fp4_dot_fma_semantic_20260608_2105/ex252/verilog/ex252_semantic_u2_dot4_pairtable_qrange.v:307$6.$result[6:0]$67.
Removed top 1 bits (of 7) from wire ex252_semantic_u2_dot4_pairtable_qrange.$21\quant_scaled$func$/home/b10507053/ALS_Final_Project/student/work/ex250_ex254_frontend_fp4_dot_fma_semantic_20260608_2105/ex252/verilog/ex252_semantic_u2_dot4_pairtable_qrange.v:307$6.$result[6:0]$65.
Removed top 1 bits (of 7) from wire ex252_semantic_u2_dot4_pairtable_qrange.$20\quant_scaled$func$/home/b10507053/ALS_Final_Project/student/work/ex250_ex254_frontend_fp4_dot_fma_semantic_20260608_2105/ex252/verilog/ex252_semantic_u2_dot4_pairtable_qrange.v:307$6.$result[6:0]$63.
Removed top 1 bits (of 7) from wire ex252_semantic_u2_dot4_pairtable_qrange.$19\quant_scaled$func$/home/b10507053/ALS_Final_Project/student/work/ex250_ex254_frontend_fp4_dot_fma_semantic_20260608_2105/ex252/verilog/ex252_semantic_u2_dot4_pairtable_qrange.v:307$6.$result[6:0]$61.
Removed top 1 bits (of 7) from wire ex252_semantic_u2_dot4_pairtable_qrange.$18\quant_scaled$func$/home/b10507053/ALS_Final_Project/student/work/ex250_ex254_frontend_fp4_dot_fma_semantic_20260608_2105/ex252/verilog/ex252_semantic_u2_dot4_pairtable_qrange.v:307$6.$result[6:0]$59.
Removed top 1 bits (of 7) from wire ex252_semantic_u2_dot4_pairtable_qrange.$17\quant_scaled$func$/home/b10507053/ALS_Final_Project/student/work/ex250_ex254_frontend_fp4_dot_fma_semantic_20260608_2105/ex252/verilog/ex252_semantic_u2_dot4_pairtable_qrange.v:307$6.$result[6:0]$57.

2.12. Executing PEEPOPT pass (run peephole optimizers).

2.13. Executing OPT_CLEAN pass (remove unused cells and wires).
Finding unused cells or wires in module \ex252_semantic_u2_dot4_pairtable_qrange..
Removed 0 unused cells and 18 unused wires.

2.14. Executing ALUMACC pass (create $alu and $macc cells).
Extracting $alu and $macc cells in module ex252_semantic_u2_dot4_pairtable_qrange:
  creating $macc model for $add$/home/b10507053/ALS_Final_Project/student/work/ex250_ex254_frontend_fp4_dot_fma_semantic_20260608_2105/ex252/verilog/ex252_semantic_u2_dot4_pairtable_qrange.v:272$7 ($add).
  creating $alu model for $macc $add$/home/b10507053/ALS_Final_Project/student/work/ex250_ex254_frontend_fp4_dot_fma_semantic_20260608_2105/ex252/verilog/ex252_semantic_u2_dot4_pairtable_qrange.v:272$7.
  creating $alu model for $le$/home/b10507053/ALS_Final_Project/student/work/ex250_ex254_frontend_fp4_dot_fma_semantic_20260608_2105/ex252/verilog/ex252_semantic_u2_dot4_pairtable_qrange.v:302$74 ($le): new $alu
  creating $alu model for $le$/home/b10507053/ALS_Final_Project/student/work/ex250_ex254_frontend_fp4_dot_fma_semantic_20260608_2105/ex252/verilog/ex252_semantic_u2_dot4_pairtable_qrange.v:301$72 ($le): new $alu
  creating $alu model for $le$/home/b10507053/ALS_Final_Project/student/work/ex250_ex254_frontend_fp4_dot_fma_semantic_20260608_2105/ex252/verilog/ex252_semantic_u2_dot4_pairtable_qrange.v:300$70 ($le): new $alu
  creating $alu model for $le$/home/b10507053/ALS_Final_Project/student/work/ex250_ex254_frontend_fp4_dot_fma_semantic_20260608_2105/ex252/verilog/ex252_semantic_u2_dot4_pairtable_qrange.v:299$68 ($le): new $alu
  creating $alu model for $le$/home/b10507053/ALS_Final_Project/student/work/ex250_ex254_frontend_fp4_dot_fma_semantic_20260608_2105/ex252/verilog/ex252_semantic_u2_dot4_pairtable_qrange.v:298$66 ($le): new $alu
  creating $alu model for $le$/home/b10507053/ALS_Final_Project/student/work/ex250_ex254_frontend_fp4_dot_fma_semantic_20260608_2105/ex252/verilog/ex252_semantic_u2_dot4_pairtable_qrange.v:297$64 ($le): new $alu
  creating $alu model for $le$/home/b10507053/ALS_Final_Project/student/work/ex250_ex254_frontend_fp4_dot_fma_semantic_20260608_2105/ex252/verilog/ex252_semantic_u2_dot4_pairtable_qrange.v:296$62 ($le): new $alu
  creating $alu model for $le$/home/b10507053/ALS_Final_Project/student/work/ex250_ex254_frontend_fp4_dot_fma_semantic_20260608_2105/ex252/verilog/ex252_semantic_u2_dot4_pairtable_qrange.v:295$60 ($le): new $alu
  creating $alu model for $le$/home/b10507053/ALS_Final_Project/student/work/ex250_ex254_frontend_fp4_dot_fma_semantic_20260608_2105/ex252/verilog/ex252_semantic_u2_dot4_pairtable_qrange.v:294$58 ($le): new $alu
  creating $alu model for $le$/home/b10507053/ALS_Final_Project/student/work/ex250_ex254_frontend_fp4_dot_fma_semantic_20260608_2105/ex252/verilog/ex252_semantic_u2_dot4_pairtable_qrange.v:293$56 ($le): new $alu
  creating $alu model for $le$/home/b10507053/ALS_Final_Project/student/work/ex250_ex254_frontend_fp4_dot_fma_semantic_20260608_2105/ex252/verilog/ex252_semantic_u2_dot4_pairtable_qrange.v:292$54 ($le): new $alu
  creating $alu model for $le$/home/b10507053/ALS_Final_Project/student/work/ex250_ex254_frontend_fp4_dot_fma_semantic_20260608_2105/ex252/verilog/ex252_semantic_u2_dot4_pairtable_qrange.v:291$52 ($le): new $alu
  creating $alu model for $le$/home/b10507053/ALS_Final_Project/student/work/ex250_ex254_frontend_fp4_dot_fma_semantic_20260608_2105/ex252/verilog/ex252_semantic_u2_dot4_pairtable_qrange.v:290$50 ($le): new $alu
  creating $alu model for $le$/home/b10507053/ALS_Final_Project/student/work/ex250_ex254_frontend_fp4_dot_fma_semantic_20260608_2105/ex252/verilog/ex252_semantic_u2_dot4_pairtable_qrange.v:289$48 ($le): new $alu
  creating $alu model for $le$/home/b10507053/ALS_Final_Project/student/work/ex250_ex254_frontend_fp4_dot_fma_semantic_20260608_2105/ex252/verilog/ex252_semantic_u2_dot4_pairtable_qrange.v:288$46 ($le): new $alu
  creating $alu model for $le$/home/b10507053/ALS_Final_Project/student/work/ex250_ex254_frontend_fp4_dot_fma_semantic_20260608_2105/ex252/verilog/ex252_semantic_u2_dot4_pairtable_qrange.v:287$44 ($le): new $alu
  creating $alu model for $le$/home/b10507053/ALS_Final_Project/student/work/ex250_ex254_frontend_fp4_dot_fma_semantic_20260608_2105/ex252/verilog/ex252_semantic_u2_dot4_pairtable_qrange.v:286$42 ($le): new $alu
  creating $alu model for $le$/home/b10507053/ALS_Final_Project/student/work/ex250_ex254_frontend_fp4_dot_fma_semantic_20260608_2105/ex252/verilog/ex252_semantic_u2_dot4_pairtable_qrange.v:285$40 ($le): new $alu
  creating $alu model for $le$/home/b10507053/ALS_Final_Project/student/work/ex250_ex254_frontend_fp4_dot_fma_semantic_20260608_2105/ex252/verilog/ex252_semantic_u2_dot4_pairtable_qrange.v:284$38 ($le): new $alu
  creating $alu model for $le$/home/b10507053/ALS_Final_Project/student/work/ex250_ex254_frontend_fp4_dot_fma_semantic_20260608_2105/ex252/verilog/ex252_semantic_u2_dot4_pairtable_qrange.v:283$36 ($le): new $alu
  creating $alu model for $le$/home/b10507053/ALS_Final_Project/student/work/ex250_ex254_frontend_fp4_dot_fma_semantic_20260608_2105/ex252/verilog/ex252_semantic_u2_dot4_pairtable_qrange.v:282$34 ($le): new $alu
  creating $alu model for $le$/home/b10507053/ALS_Final_Project/student/work/ex250_ex254_frontend_fp4_dot_fma_semantic_20260608_2105/ex252/verilog/ex252_semantic_u2_dot4_pairtable_qrange.v:281$32 ($le): new $alu
  creating $alu model for $le$/home/b10507053/ALS_Final_Project/student/work/ex250_ex254_frontend_fp4_dot_fma_semantic_20260608_2105/ex252/verilog/ex252_semantic_u2_dot4_pairtable_qrange.v:280$30 ($le): new $alu
  creating $alu model for $le$/home/b10507053/ALS_Final_Project/student/work/ex250_ex254_frontend_fp4_dot_fma_semantic_20260608_2105/ex252/verilog/ex252_semantic_u2_dot4_pairtable_qrange.v:279$28 ($le): new $alu
  creating $alu model for $le$/home/b10507053/ALS_Final_Project/student/work/ex250_ex254_frontend_fp4_dot_fma_semantic_20260608_2105/ex252/verilog/ex252_semantic_u2_dot4_pairtable_qrange.v:278$26 ($le): new $alu
  creating $alu model for $le$/home/b10507053/ALS_Final_Project/student/work/ex250_ex254_frontend_fp4_dot_fma_semantic_20260608_2105/ex252/verilog/ex252_semantic_u2_dot4_pairtable_qrange.v:277$24 ($le): new $alu
  creating $alu cell for $le$/home/b10507053/ALS_Final_Project/student/work/ex250_ex254_frontend_fp4_dot_fma_semantic_20260608_2105/ex252/verilog/ex252_semantic_u2_dot4_pairtable_qrange.v:277$24: $auto$alumacc.cc:512:replace_alu$1183
  creating $alu cell for $le$/home/b10507053/ALS_Final_Project/student/work/ex250_ex254_frontend_fp4_dot_fma_semantic_20260608_2105/ex252/verilog/ex252_semantic_u2_dot4_pairtable_qrange.v:278$26: $auto$alumacc.cc:512:replace_alu$1192
  creating $alu cell for $le$/home/b10507053/ALS_Final_Project/student/work/ex250_ex254_frontend_fp4_dot_fma_semantic_20260608_2105/ex252/verilog/ex252_semantic_u2_dot4_pairtable_qrange.v:279$28: $auto$alumacc.cc:512:replace_alu$1201
  creating $alu cell for $le$/home/b10507053/ALS_Final_Project/student/work/ex250_ex254_frontend_fp4_dot_fma_semantic_20260608_2105/ex252/verilog/ex252_semantic_u2_dot4_pairtable_qrange.v:280$30: $auto$alumacc.cc:512:replace_alu$1210
  creating $alu cell for $le$/home/b10507053/ALS_Final_Project/student/work/ex250_ex254_frontend_fp4_dot_fma_semantic_20260608_2105/ex252/verilog/ex252_semantic_u2_dot4_pairtable_qrange.v:281$32: $auto$alumacc.cc:512:replace_alu$1219
  creating $alu cell for $le$/home/b10507053/ALS_Final_Project/student/work/ex250_ex254_frontend_fp4_dot_fma_semantic_20260608_2105/ex252/verilog/ex252_semantic_u2_dot4_pairtable_qrange.v:282$34: $auto$alumacc.cc:512:replace_alu$1228
  creating $alu cell for $le$/home/b10507053/ALS_Final_Project/student/work/ex250_ex254_frontend_fp4_dot_fma_semantic_20260608_2105/ex252/verilog/ex252_semantic_u2_dot4_pairtable_qrange.v:283$36: $auto$alumacc.cc:512:replace_alu$1237
  creating $alu cell for $le$/home/b10507053/ALS_Final_Project/student/work/ex250_ex254_frontend_fp4_dot_fma_semantic_20260608_2105/ex252/verilog/ex252_semantic_u2_dot4_pairtable_qrange.v:284$38: $auto$alumacc.cc:512:replace_alu$1246
  creating $alu cell for $le$/home/b10507053/ALS_Final_Project/student/work/ex250_ex254_frontend_fp4_dot_fma_semantic_20260608_2105/ex252/verilog/ex252_semantic_u2_dot4_pairtable_qrange.v:285$40: $auto$alumacc.cc:512:replace_alu$1255
  creating $alu cell for $le$/home/b10507053/ALS_Final_Project/student/work/ex250_ex254_frontend_fp4_dot_fma_semantic_20260608_2105/ex252/verilog/ex252_semantic_u2_dot4_pairtable_qrange.v:286$42: $auto$alumacc.cc:512:replace_alu$1264
  creating $alu cell for $le$/home/b10507053/ALS_Final_Project/student/work/ex250_ex254_frontend_fp4_dot_fma_semantic_20260608_2105/ex252/verilog/ex252_semantic_u2_dot4_pairtable_qrange.v:287$44: $auto$alumacc.cc:512:replace_alu$1273
  creating $alu cell for $le$/home/b10507053/ALS_Final_Project/student/work/ex250_ex254_frontend_fp4_dot_fma_semantic_20260608_2105/ex252/verilog/ex252_semantic_u2_dot4_pairtable_qrange.v:288$46: $auto$alumacc.cc:512:replace_alu$1282
  creating $alu cell for $le$/home/b10507053/ALS_Final_Project/student/work/ex250_ex254_frontend_fp4_dot_fma_semantic_20260608_2105/ex252/verilog/ex252_semantic_u2_dot4_pairtable_qrange.v:289$48: $auto$alumacc.cc:512:replace_alu$1291
  creating $alu cell for $le$/home/b10507053/ALS_Final_Project/student/work/ex250_ex254_frontend_fp4_dot_fma_semantic_20260608_2105/ex252/verilog/ex252_semantic_u2_dot4_pairtable_qrange.v:290$50: $auto$alumacc.cc:512:replace_alu$1300
  creating $alu cell for $le$/home/b10507053/ALS_Final_Project/student/work/ex250_ex254_frontend_fp4_dot_fma_semantic_20260608_2105/ex252/verilog/ex252_semantic_u2_dot4_pairtable_qrange.v:291$52: $auto$alumacc.cc:512:replace_alu$1309
  creating $alu cell for $le$/home/b10507053/ALS_Final_Project/student/work/ex250_ex254_frontend_fp4_dot_fma_semantic_20260608_2105/ex252/verilog/ex252_semantic_u2_dot4_pairtable_qrange.v:292$54: $auto$alumacc.cc:512:replace_alu$1318
  creating $alu cell for $le$/home/b10507053/ALS_Final_Project/student/work/ex250_ex254_frontend_fp4_dot_fma_semantic_20260608_2105/ex252/verilog/ex252_semantic_u2_dot4_pairtable_qrange.v:293$56: $auto$alumacc.cc:512:replace_alu$1327
  creating $alu cell for $le$/home/b10507053/ALS_Final_Project/student/work/ex250_ex254_frontend_fp4_dot_fma_semantic_20260608_2105/ex252/verilog/ex252_semantic_u2_dot4_pairtable_qrange.v:294$58: $auto$alumacc.cc:512:replace_alu$1336
  creating $alu cell for $le$/home/b10507053/ALS_Final_Project/student/work/ex250_ex254_frontend_fp4_dot_fma_semantic_20260608_2105/ex252/verilog/ex252_semantic_u2_dot4_pairtable_qrange.v:295$60: $auto$alumacc.cc:512:replace_alu$1345
  creating $alu cell for $le$/home/b10507053/ALS_Final_Project/student/work/ex250_ex254_frontend_fp4_dot_fma_semantic_20260608_2105/ex252/verilog/ex252_semantic_u2_dot4_pairtable_qrange.v:296$62: $auto$alumacc.cc:512:replace_alu$1354
  creating $alu cell for $le$/home/b10507053/ALS_Final_Project/student/work/ex250_ex254_frontend_fp4_dot_fma_semantic_20260608_2105/ex252/verilog/ex252_semantic_u2_dot4_pairtable_qrange.v:297$64: $auto$alumacc.cc:512:replace_alu$1363
  creating $alu cell for $le$/home/b10507053/ALS_Final_Project/student/work/ex250_ex254_frontend_fp4_dot_fma_semantic_20260608_2105/ex252/verilog/ex252_semantic_u2_dot4_pairtable_qrange.v:298$66: $auto$alumacc.cc:512:replace_alu$1372
  creating $alu cell for $le$/home/b10507053/ALS_Final_Project/student/work/ex250_ex254_frontend_fp4_dot_fma_semantic_20260608_2105/ex252/verilog/ex252_semantic_u2_dot4_pairtable_qrange.v:299$68: $auto$alumacc.cc:512:replace_alu$1381
  creating $alu cell for $le$/home/b10507053/ALS_Final_Project/student/work/ex250_ex254_frontend_fp4_dot_fma_semantic_20260608_2105/ex252/verilog/ex252_semantic_u2_dot4_pairtable_qrange.v:300$70: $auto$alumacc.cc:512:replace_alu$1390
  creating $alu cell for $le$/home/b10507053/ALS_Final_Project/student/work/ex250_ex254_frontend_fp4_dot_fma_semantic_20260608_2105/ex252/verilog/ex252_semantic_u2_dot4_pairtable_qrange.v:301$72: $auto$alumacc.cc:512:replace_alu$1399
  creating $alu cell for $le$/home/b10507053/ALS_Final_Project/student/work/ex250_ex254_frontend_fp4_dot_fma_semantic_20260608_2105/ex252/verilog/ex252_semantic_u2_dot4_pairtable_qrange.v:302$74: $auto$alumacc.cc:512:replace_alu$1408
  creating $alu cell for $add$/home/b10507053/ALS_Final_Project/student/work/ex250_ex254_frontend_fp4_dot_fma_semantic_20260608_2105/ex252/verilog/ex252_semantic_u2_dot4_pairtable_qrange.v:272$7: $auto$alumacc.cc:512:replace_alu$1417
  created 27 $alu and 0 $macc cells.

2.15. Executing SHARE pass (SAT-based resource sharing).

2.16. Executing OPT pass (performing simple optimizations).

2.16.1. Executing OPT_EXPR pass (perform const folding).
Optimizing module ex252_semantic_u2_dot4_pairtable_qrange.

2.16.2. Executing OPT_MERGE pass (detect identical cells).
Finding identical cells in module `\ex252_semantic_u2_dot4_pairtable_qrange'.
Computing hashes of 134 cells of `\ex252_semantic_u2_dot4_pairtable_qrange'.
Finding duplicate cells in `\ex252_semantic_u2_dot4_pairtable_qrange'.
Removed a total of 0 cells.

2.16.3. Executing OPT_MUXTREE pass (detect dead branches in mux trees).
Running muxtree optimizer on module \ex252_semantic_u2_dot4_pairtable_qrange..
  Creating internal representation of mux trees.
  Evaluating internal representation of mux trees.
  Analyzing evaluation results.
Removed 0 multiplexer ports.

2.16.4. Executing OPT_REDUCE pass (consolidate $*mux and $reduce_* inputs).
  Optimizing cells in module \ex252_semantic_u2_dot4_pairtable_qrange.
Performed a total of 0 changes.

2.16.5. Executing OPT_MERGE pass (detect identical cells).
Finding identical cells in module `\ex252_semantic_u2_dot4_pairtable_qrange'.
Computing hashes of 134 cells of `\ex252_semantic_u2_dot4_pairtable_qrange'.
Finding duplicate cells in `\ex252_semantic_u2_dot4_pairtable_qrange'.
Removed a total of 0 cells.

2.16.6. Executing OPT_DFF pass (perform DFF optimizations).

2.16.7. Executing OPT_CLEAN pass (remove unused cells and wires).
Finding unused cells or wires in module \ex252_semantic_u2_dot4_pairtable_qrange..
Removed 0 unused cells and 31 unused wires.

2.16.8. Executing OPT_EXPR pass (perform const folding).
Optimizing module ex252_semantic_u2_dot4_pairtable_qrange.

2.16.9. Rerunning OPT passes. (Maybe there is more to do..)

2.16.10. Executing OPT_MUXTREE pass (detect dead branches in mux trees).
Running muxtree optimizer on module \ex252_semantic_u2_dot4_pairtable_qrange..
  Creating internal representation of mux trees.
  Evaluating internal representation of mux trees.
  Analyzing evaluation results.
Removed 0 multiplexer ports.

2.16.11. Executing OPT_REDUCE pass (consolidate $*mux and $reduce_* inputs).
  Optimizing cells in module \ex252_semantic_u2_dot4_pairtable_qrange.
Performed a total of 0 changes.

2.16.12. Executing OPT_MERGE pass (detect identical cells).
Finding identical cells in module `\ex252_semantic_u2_dot4_pairtable_qrange'.
Computing hashes of 133 cells of `\ex252_semantic_u2_dot4_pairtable_qrange'.
Finding duplicate cells in `\ex252_semantic_u2_dot4_pairtable_qrange'.
Removed a total of 0 cells.

2.16.13. Executing OPT_DFF pass (perform DFF optimizations).

2.16.14. Executing OPT_CLEAN pass (remove unused cells and wires).
Finding unused cells or wires in module \ex252_semantic_u2_dot4_pairtable_qrange..

2.16.15. Executing OPT_EXPR pass (perform const folding).
Optimizing module ex252_semantic_u2_dot4_pairtable_qrange.

2.16.16. Finished fast OPT passes. (There is nothing left to do.)

2.17. Executing MEMORY pass.

2.17.1. Executing OPT_MEM pass (optimize memories).
ex252_semantic_u2_dot4_pairtable_qrange.$auto$proc_rom.cc:155:do_switch$81: removing const-0 lane 5
ex252_semantic_u2_dot4_pairtable_qrange.$auto$proc_rom.cc:155:do_switch$77: removing const-0 lane 5
Performed a total of 2 transformations.

2.17.2. Executing OPT_MEM_PRIORITY pass (removing unnecessary memory write priority relations).
Performed a total of 0 transformations.

2.17.3. Executing OPT_MEM_FEEDBACK pass (finding memory read-to-write feedback paths).

2.17.4. Executing MEMORY_BMUX2ROM pass (converting muxes to ROMs).

2.17.5. Executing MEMORY_DFF pass (merging $dff cells to $memrd).
Checking read port `$auto$proc_rom.cc:155:do_switch$81'[0] in module `\ex252_semantic_u2_dot4_pairtable_qrange': no output FF found.
Checking read port `$auto$proc_rom.cc:155:do_switch$77'[0] in module `\ex252_semantic_u2_dot4_pairtable_qrange': no output FF found.
Checking read port address `$auto$proc_rom.cc:155:do_switch$81'[0] in module `\ex252_semantic_u2_dot4_pairtable_qrange': no address FF found.
Checking read port address `$auto$proc_rom.cc:155:do_switch$77'[0] in module `\ex252_semantic_u2_dot4_pairtable_qrange': no address FF found.

2.17.6. Executing OPT_CLEAN pass (remove unused cells and wires).
Finding unused cells or wires in module \ex252_semantic_u2_dot4_pairtable_qrange..

2.17.7. Executing MEMORY_SHARE pass (consolidating $memrd/$memwr cells).

2.17.8. Executing OPT_MEM_WIDEN pass (optimize memories where all ports are wide).
Performed a total of 0 transformations.

2.17.9. Executing OPT_CLEAN pass (remove unused cells and wires).
Finding unused cells or wires in module \ex252_semantic_u2_dot4_pairtable_qrange..

2.17.10. Executing MEMORY_COLLECT pass (generating $mem cells).

2.18. Executing OPT_CLEAN pass (remove unused cells and wires).
Finding unused cells or wires in module \ex252_semantic_u2_dot4_pairtable_qrange..

2.19. Executing OPT pass (performing simple optimizations).

2.19.1. Executing OPT_EXPR pass (perform const folding).
Optimizing module ex252_semantic_u2_dot4_pairtable_qrange.

2.19.2. Executing OPT_MERGE pass (detect identical cells).
Finding identical cells in module `\ex252_semantic_u2_dot4_pairtable_qrange'.
Computing hashes of 149 cells of `\ex252_semantic_u2_dot4_pairtable_qrange'.
Finding duplicate cells in `\ex252_semantic_u2_dot4_pairtable_qrange'.
Computing hashes of 134 cells of `\ex252_semantic_u2_dot4_pairtable_qrange'.
Finding duplicate cells in `\ex252_semantic_u2_dot4_pairtable_qrange'.
Removed a total of 15 cells.

2.19.3. Executing OPT_DFF pass (perform DFF optimizations).

2.19.4. Executing OPT_CLEAN pass (remove unused cells and wires).
Finding unused cells or wires in module \ex252_semantic_u2_dot4_pairtable_qrange..
Removed 0 unused cells and 18 unused wires.

2.19.5. Finished fast OPT passes.

2.20. Executing MEMORY_MAP pass (converting memories to logic and flip-flops).
Mapping memory $auto$proc_rom.cc:155:do_switch$81 in module \ex252_semantic_u2_dot4_pairtable_qrange:
  created 256 $dff cells and 0 static cells of width 5.
  read interface: 0 $dff and 255 $mux cells.
  write interface: 0 write mux blocks.
Mapping memory $auto$proc_rom.cc:155:do_switch$77 in module \ex252_semantic_u2_dot4_pairtable_qrange:
  created 256 $dff cells and 0 static cells of width 5.
  read interface: 0 $dff and 255 $mux cells.
  write interface: 0 write mux blocks.

2.21. Executing OPT pass (performing simple optimizations).

2.21.1. Executing OPT_EXPR pass (perform const folding).
Optimizing module ex252_semantic_u2_dot4_pairtable_qrange.

2.21.2. Executing OPT_MERGE pass (detect identical cells).
Finding identical cells in module `\ex252_semantic_u2_dot4_pairtable_qrange'.
Computing hashes of 540 cells of `\ex252_semantic_u2_dot4_pairtable_qrange'.
Finding duplicate cells in `\ex252_semantic_u2_dot4_pairtable_qrange'.
Removed a total of 0 cells.

2.21.3. Executing OPT_MUXTREE pass (detect dead branches in mux trees).
Running muxtree optimizer on module \ex252_semantic_u2_dot4_pairtable_qrange..
  Creating internal representation of mux trees.
  Evaluating internal representation of mux trees.
  Analyzing evaluation results.
Removed 0 multiplexer ports.

2.21.4. Executing OPT_REDUCE pass (consolidate $*mux and $reduce_* inputs).
  Optimizing cells in module \ex252_semantic_u2_dot4_pairtable_qrange.
    Consolidated identical input bits for $mux cell $memory$auto$proc_rom.cc:155:do_switch$77$rdmux[0][7][24]$2680:
      Old ports: A=5'00000, B=5'00011, Y=$memory$auto$proc_rom.cc:155:do_switch$77$rdmux[0][6][12]$a$2453
      New ports: A=1'0, B=1'1, Y=$memory$auto$proc_rom.cc:155:do_switch$77$rdmux[0][6][12]$a$2453 [0]
      New connections: $memory$auto$proc_rom.cc:155:do_switch$77$rdmux[0][6][12]$a$2453 [4:1] = { 3'000 $memory$auto$proc_rom.cc:155:do_switch$77$rdmux[0][6][12]$a$2453 [0] }
    Consolidated identical input bits for $mux cell $memory$auto$proc_rom.cc:155:do_switch$77$rdmux[0][7][23]$2677:
      Old ports: A=5'00100, B=5'00110, Y=$memory$auto$proc_rom.cc:155:do_switch$77$rdmux[0][6][11]$b$2451
      New ports: A=1'0, B=1'1, Y=$memory$auto$proc_rom.cc:155:do_switch$77$rdmux[0][6][11]$b$2451 [1]
      New connections: { $memory$auto$proc_rom.cc:155:do_switch$77$rdmux[0][6][11]$b$2451 [4:2] $memory$auto$proc_rom.cc:155:do_switch$77$rdmux[0][6][11]$b$2451 [0] } = 4'0010
    Consolidated identical input bits for $mux cell $memory$auto$proc_rom.cc:155:do_switch$77$rdmux[0][7][22]$2674:
      Old ports: A=5'00000, B=5'00010, Y=$memory$auto$proc_rom.cc:155:do_switch$77$rdmux[0][6][11]$a$2450
      New ports: A=1'0, B=1'1, Y=$memory$auto$proc_rom.cc:155:do_switch$77$rdmux[0][6][11]$a$2450 [1]
      New connections: { $memory$auto$proc_rom.cc:155:do_switch$77$rdmux[0][6][11]$a$2450 [4:2] $memory$auto$proc_rom.cc:155:do_switch$77$rdmux[0][6][11]$a$2450 [0] } = 4'0000
    Consolidated identical input bits for $mux cell $memory$auto$proc_rom.cc:155:do_switch$77$rdmux[0][7][21]$2671:
      Old ports: A=5'00100, B=5'00110, Y=$memory$auto$proc_rom.cc:155:do_switch$77$rdmux[0][6][10]$b$2448
      New ports: A=1'0, B=1'1, Y=$memory$auto$proc_rom.cc:155:do_switch$77$rdmux[0][6][10]$b$2448 [1]
      New connections: { $memory$auto$proc_rom.cc:155:do_switch$77$rdmux[0][6][10]$b$2448 [4:2] $memory$auto$proc_rom.cc:155:do_switch$77$rdmux[0][6][10]$b$2448 [0] } = 4'0010
    Consolidated identical input bits for $mux cell $memory$auto$proc_rom.cc:155:do_switch$77$rdmux[0][7][20]$2668:
      Old ports: A=5'00000, B=5'00010, Y=$memory$auto$proc_rom.cc:155:do_switch$77$rdmux[0][6][10]$a$2447
      New ports: A=1'0, B=1'1, Y=$memory$auto$proc_rom.cc:155:do_switch$77$rdmux[0][6][10]$a$2447 [1]
      New connections: { $memory$auto$proc_rom.cc:155:do_switch$77$rdmux[0][6][10]$a$2447 [4:2] $memory$auto$proc_rom.cc:155:do_switch$77$rdmux[0][6][10]$a$2447 [0] } = 4'0000
    Consolidated identical input bits for $mux cell $memory$auto$proc_rom.cc:155:do_switch$77$rdmux[0][7][19]$2665:
      Old ports: A=5'00100, B=5'00110, Y=$memory$auto$proc_rom.cc:155:do_switch$77$rdmux[0][6][9]$b$2445
      New ports: A=1'0, B=1'1, Y=$memory$auto$proc_rom.cc:155:do_switch$77$rdmux[0][6][9]$b$2445 [1]
      New connections: { $memory$auto$proc_rom.cc:155:do_switch$77$rdmux[0][6][9]$b$2445 [4:2] $memory$auto$proc_rom.cc:155:do_switch$77$rdmux[0][6][9]$b$2445 [0] } = 4'0010
    Consolidated identical input bits for $mux cell $memory$auto$proc_rom.cc:155:do_switch$77$rdmux[0][7][18]$2662:
      Old ports: A=5'00000, B=5'00010, Y=$memory$auto$proc_rom.cc:155:do_switch$77$rdmux[0][6][9]$a$2444
      New ports: A=1'0, B=1'1, Y=$memory$auto$proc_rom.cc:155:do_switch$77$rdmux[0][6][9]$a$2444 [1]
      New connections: { $memory$auto$proc_rom.cc:155:do_switch$77$rdmux[0][6][9]$a$2444 [4:2] $memory$auto$proc_rom.cc:155:do_switch$77$rdmux[0][6][9]$a$2444 [0] } = 4'0000
    Consolidated identical input bits for $mux cell $memory$auto$proc_rom.cc:155:do_switch$77$rdmux[0][7][17]$2659:
      Old ports: A=5'00100, B=5'00110, Y=$memory$auto$proc_rom.cc:155:do_switch$77$rdmux[0][6][8]$b$2442
      New ports: A=1'0, B=1'1, Y=$memory$auto$proc_rom.cc:155:do_switch$77$rdmux[0][6][8]$b$2442 [1]
      New connections: { $memory$auto$proc_rom.cc:155:do_switch$77$rdmux[0][6][8]$b$2442 [4:2] $memory$auto$proc_rom.cc:155:do_switch$77$rdmux[0][6][8]$b$2442 [0] } = 4'0010
    Consolidated identical input bits for $mux cell $memory$auto$proc_rom.cc:155:do_switch$77$rdmux[0][7][16]$2656:
      Old ports: A=5'00000, B=5'00010, Y=$memory$auto$proc_rom.cc:155:do_switch$77$rdmux[0][6][8]$a$2441
      New ports: A=1'0, B=1'1, Y=$memory$auto$proc_rom.cc:155:do_switch$77$rdmux[0][6][8]$a$2441 [1]
      New connections: { $memory$auto$proc_rom.cc:155:do_switch$77$rdmux[0][6][8]$a$2441 [4:2] $memory$auto$proc_rom.cc:155:do_switch$77$rdmux[0][6][8]$a$2441 [0] } = 4'0000
    Consolidated identical input bits for $mux cell $memory$auto$proc_rom.cc:155:do_switch$77$rdmux[0][7][15]$2653:
      Old ports: A=5'00010, B=5'00011, Y=$memory$auto$proc_rom.cc:155:do_switch$77$rdmux[0][6][7]$b$2439
      New ports: A=1'0, B=1'1, Y=$memory$auto$proc_rom.cc:155:do_switch$77$rdmux[0][6][7]$b$2439 [0]
      New connections: $memory$auto$proc_rom.cc:155:do_switch$77$rdmux[0][6][7]$b$2439 [4:1] = 4'0001
    Consolidated identical input bits for $mux cell $memory$auto$proc_rom.cc:155:do_switch$77$rdmux[0][7][14]$2650:
      Old ports: A=5'00000, B=5'00001, Y=$memory$auto$proc_rom.cc:155:do_switch$77$rdmux[0][6][7]$a$2438
      New ports: A=1'0, B=1'1, Y=$memory$auto$proc_rom.cc:155:do_switch$77$rdmux[0][6][7]$a$2438 [0]
      New connections: $memory$auto$proc_rom.cc:155:do_switch$77$rdmux[0][6][7]$a$2438 [4:1] = 4'0000
    Consolidated identical input bits for $mux cell $memory$auto$proc_rom.cc:155:do_switch$77$rdmux[0][7][13]$2647:
      Old ports: A=5'00010, B=5'00011, Y=$memory$auto$proc_rom.cc:155:do_switch$77$rdmux[0][6][6]$b$2436
      New ports: A=1'0, B=1'1, Y=$memory$auto$proc_rom.cc:155:do_switch$77$rdmux[0][6][6]$b$2436 [0]
      New connections: $memory$auto$proc_rom.cc:155:do_switch$77$rdmux[0][6][6]$b$2436 [4:1] = 4'0001
    Consolidated identical input bits for $mux cell $memory$auto$proc_rom.cc:155:do_switch$77$rdmux[0][7][12]$2644:
      Old ports: A=5'00000, B=5'00001, Y=$memory$auto$proc_rom.cc:155:do_switch$77$rdmux[0][6][6]$a$2435
      New ports: A=1'0, B=1'1, Y=$memory$auto$proc_rom.cc:155:do_switch$77$rdmux[0][6][6]$a$2435 [0]
      New connections: $memory$auto$proc_rom.cc:155:do_switch$77$rdmux[0][6][6]$a$2435 [4:1] = 4'0000
    Consolidated identical input bits for $mux cell $memory$auto$proc_rom.cc:155:do_switch$77$rdmux[0][7][11]$2641:
      Old ports: A=5'00010, B=5'00011, Y=$memory$auto$proc_rom.cc:155:do_switch$77$rdmux[0][6][5]$b$2433
      New ports: A=1'0, B=1'1, Y=$memory$auto$proc_rom.cc:155:do_switch$77$rdmux[0][6][5]$b$2433 [0]
      New connections: $memory$auto$proc_rom.cc:155:do_switch$77$rdmux[0][6][5]$b$2433 [4:1] = 4'0001
    Consolidated identical input bits for $mux cell $memory$auto$proc_rom.cc:155:do_switch$77$rdmux[0][7][10]$2638:
      Old ports: A=5'00000, B=5'00001, Y=$memory$auto$proc_rom.cc:155:do_switch$77$rdmux[0][6][5]$a$2432
      New ports: A=1'0, B=1'1, Y=$memory$auto$proc_rom.cc:155:do_switch$77$rdmux[0][6][5]$a$2432 [0]
      New connections: $memory$auto$proc_rom.cc:155:do_switch$77$rdmux[0][6][5]$a$2432 [4:1] = 4'0000
    Consolidated identical input bits for $mux cell $memory$auto$proc_rom.cc:155:do_switch$77$rdmux[0][7][9]$2635:
      Old ports: A=5'00010, B=5'00011, Y=$memory$auto$proc_rom.cc:155:do_switch$77$rdmux[0][6][4]$b$2430
      New ports: A=1'0, B=1'1, Y=$memory$auto$proc_rom.cc:155:do_switch$77$rdmux[0][6][4]$b$2430 [0]
      New connections: $memory$auto$proc_rom.cc:155:do_switch$77$rdmux[0][6][4]$b$2430 [4:1] = 4'0001
    Consolidated identical input bits for $mux cell $memory$auto$proc_rom.cc:155:do_switch$77$rdmux[0][7][8]$2632:
      Old ports: A=5'00000, B=5'00001, Y=$memory$auto$proc_rom.cc:155:do_switch$77$rdmux[0][6][4]$a$2429
      New ports: A=1'0, B=1'1, Y=$memory$auto$proc_rom.cc:155:do_switch$77$rdmux[0][6][4]$a$2429 [0]
      New connections: $memory$auto$proc_rom.cc:155:do_switch$77$rdmux[0][6][4]$a$2429 [4:1] = 4'0000
    Consolidated identical input bits for $mux cell $memory$auto$proc_rom.cc:155:do_switch$77$rdmux[0][7][51]$2761:
      Old ports: A=5'00101, B=5'00111, Y=$memory$auto$proc_rom.cc:155:do_switch$77$rdmux[0][6][25]$b$2493
      New ports: A=1'0, B=1'1, Y=$memory$auto$proc_rom.cc:155:do_switch$77$rdmux[0][6][25]$b$2493 [1]
      New connections: { $memory$auto$proc_rom.cc:155:do_switch$77$rdmux[0][6][25]$b$2493 [4:2] $memory$auto$proc_rom.cc:155:do_switch$77$rdmux[0][6][25]$b$2493 [0] } = 4'0011
    Consolidated identical input bits for $mux cell $memory$auto$proc_rom.cc:155:do_switch$77$rdmux[0][7][50]$2758:
      Old ports: A=5'00001, B=5'00011, Y=$memory$auto$proc_rom.cc:155:do_switch$77$rdmux[0][6][25]$a$2492
      New ports: A=1'0, B=1'1, Y=$memory$auto$proc_rom.cc:155:do_switch$77$rdmux[0][6][25]$a$2492 [1]
      New connections: { $memory$auto$proc_rom.cc:155:do_switch$77$rdmux[0][6][25]$a$2492 [4:2] $memory$auto$proc_rom.cc:155:do_switch$77$rdmux[0][6][25]$a$2492 [0] } = 4'0001
    Consolidated identical input bits for $mux cell $memory$auto$proc_rom.cc:155:do_switch$77$rdmux[0][7][44]$2740:
      Old ports: A=5'00010, B=5'00011, Y=$memory$auto$proc_rom.cc:155:do_switch$77$rdmux[0][6][22]$a$2483
      New ports: A=1'0, B=1'1, Y=$memory$auto$proc_rom.cc:155:do_switch$77$rdmux[0][6][22]$a$2483 [0]
      New connections: $memory$auto$proc_rom.cc:155:do_switch$77$rdmux[0][6][22]$a$2483 [4:1] = 4'0001
    Consolidated identical input bits for $mux cell $memory$auto$proc_rom.cc:155:do_switch$77$rdmux[0][7][48]$2752:
      Old ports: A=5'00000, B=5'00010, Y=$memory$auto$proc_rom.cc:155:do_switch$77$rdmux[0][6][24]$a$2489
      New ports: A=1'0, B=1'1, Y=$memory$auto$proc_rom.cc:155:do_switch$77$rdmux[0][6][24]$a$2489 [1]
      New connections: { $memory$auto$proc_rom.cc:155:do_switch$77$rdmux[0][6][24]$a$2489 [4:2] $memory$auto$proc_rom.cc:155:do_switch$77$rdmux[0][6][24]$a$2489 [0] } = 4'0000
    Consolidated identical input bits for $mux cell $memory$auto$proc_rom.cc:155:do_switch$77$rdmux[0][7][31]$2701:
      Old ports: A=5'00110, B=5'01001, Y=$memory$auto$proc_rom.cc:155:do_switch$77$rdmux[0][6][15]$b$2463
      New ports: A=2'10, B=2'01, Y=$memory$auto$proc_rom.cc:155:do_switch$77$rdmux[0][6][15]$b$2463 [1:0]
      New connections: $memory$auto$proc_rom.cc:155:do_switch$77$rdmux[0][6][15]$b$2463 [4:2] = { 1'0 $memory$auto$proc_rom.cc:155:do_switch$77$rdmux[0][6][15]$b$2463 [0] $memory$auto$proc_rom.cc:155:do_switch$77$rdmux[0][6][15]$b$2463 [1] }
    Consolidated identical input bits for $mux cell $memory$auto$proc_rom.cc:155:do_switch$77$rdmux[0][7][42]$2734:
      Old ports: A=5'00001, B=5'00010, Y=$memory$auto$proc_rom.cc:155:do_switch$77$rdmux[0][6][21]$a$2480
      New ports: A=2'01, B=2'10, Y=$memory$auto$proc_rom.cc:155:do_switch$77$rdmux[0][6][21]$a$2480 [1:0]
      New connections: $memory$auto$proc_rom.cc:155:do_switch$77$rdmux[0][6][21]$a$2480 [4:2] = 3'000
    Consolidated identical input bits for $mux cell $memory$auto$proc_rom.cc:155:do_switch$77$rdmux[0][7][28]$2692:
      Old ports: A=5'00000, B=5'00011, Y=$memory$auto$proc_rom.cc:155:do_switch$77$rdmux[0][6][14]$a$2459
      New ports: A=1'0, B=1'1, Y=$memory$auto$proc_rom.cc:155:do_switch$77$rdmux[0][6][14]$a$2459 [0]
      New connections: $memory$auto$proc_rom.cc:155:do_switch$77$rdmux[0][6][14]$a$2459 [4:1] = { 3'000 $memory$auto$proc_rom.cc:155:do_switch$77$rdmux[0][6][14]$a$2459 [0] }
    Consolidated identical input bits for $mux cell $memory$auto$proc_rom.cc:155:do_switch$77$rdmux[0][7][29]$2695:
      Old ports: A=5'00110, B=5'01001, Y=$memory$auto$proc_rom.cc:155:do_switch$77$rdmux[0][6][14]$b$2460
      New ports: A=2'10, B=2'01, Y=$memory$auto$proc_rom.cc:155:do_switch$77$rdmux[0][6][14]$b$2460 [1:0]
      New connections: $memory$auto$proc_rom.cc:155:do_switch$77$rdmux[0][6][14]$b$2460 [4:2] = { 1'0 $memory$auto$proc_rom.cc:155:do_switch$77$rdmux[0][6][14]$b$2460 [0] $memory$auto$proc_rom.cc:155:do_switch$77$rdmux[0][6][14]$b$2460 [1] }
    Consolidated identical input bits for $mux cell $memory$auto$proc_rom.cc:155:do_switch$77$rdmux[0][7][63]$2797:
      Old ports: A=5'01001, B=5'01100, Y=$memory$auto$proc_rom.cc:155:do_switch$77$rdmux[0][6][31]$b$2511
      New ports: A=2'01, B=2'10, Y={ $memory$auto$proc_rom.cc:155:do_switch$77$rdmux[0][6][31]$b$2511 [2] $memory$auto$proc_rom.cc:155:do_switch$77$rdmux[0][6][31]$b$2511 [0] }
      New connections: { $memory$auto$proc_rom.cc:155:do_switch$77$rdmux[0][6][31]$b$2511 [4:3] $memory$auto$proc_rom.cc:155:do_switch$77$rdmux[0][6][31]$b$2511 [1] } = 3'010
    Consolidated identical input bits for $mux cell $memory$auto$proc_rom.cc:155:do_switch$77$rdmux[0][7][73]$2827:
      Old ports: A=5'00010, B=5'00011, Y=$memory$auto$proc_rom.cc:155:do_switch$77$rdmux[0][6][36]$b$2526
      New ports: A=1'0, B=1'1, Y=$memory$auto$proc_rom.cc:155:do_switch$77$rdmux[0][6][36]$b$2526 [0]
      New connections: $memory$auto$proc_rom.cc:155:do_switch$77$rdmux[0][6][36]$b$2526 [4:1] = 4'0001
    Consolidated identical input bits for $mux cell $memory$auto$proc_rom.cc:155:do_switch$77$rdmux[0][7][56]$2776:
      Old ports: A=5'00000, B=5'00011, Y=$memory$auto$proc_rom.cc:155:do_switch$77$rdmux[0][6][28]$a$2501
      New ports: A=1'0, B=1'1, Y=$memory$auto$proc_rom.cc:155:do_switch$77$rdmux[0][6][28]$a$2501 [0]
      New connections: $memory$auto$proc_rom.cc:155:do_switch$77$rdmux[0][6][28]$a$2501 [4:1] = { 3'000 $memory$auto$proc_rom.cc:155:do_switch$77$rdmux[0][6][28]$a$2501 [0] }
    Consolidated identical input bits for $mux cell $memory$auto$proc_rom.cc:155:do_switch$77$rdmux[0][7][54]$2770:
      Old ports: A=5'00011, B=5'00101, Y=$memory$auto$proc_rom.cc:155:do_switch$77$rdmux[0][6][27]$a$2498
      New ports: A=2'01, B=2'10, Y=$memory$auto$proc_rom.cc:155:do_switch$77$rdmux[0][6][27]$a$2498 [2:1]
      New connections: { $memory$auto$proc_rom.cc:155:do_switch$77$rdmux[0][6][27]$a$2498 [4:3] $memory$auto$proc_rom.cc:155:do_switch$77$rdmux[0][6][27]$a$2498 [0] } = 3'001
    Consolidated identical input bits for $mux cell $memory$auto$proc_rom.cc:155:do_switch$77$rdmux[0][7][61]$2791:
      Old ports: A=5'01000, B=5'01011, Y=$memory$auto$proc_rom.cc:155:do_switch$77$rdmux[0][6][30]$b$2508
      New ports: A=1'0, B=1'1, Y=$memory$auto$proc_rom.cc:155:do_switch$77$rdmux[0][6][30]$b$2508 [0]
      New connections: $memory$auto$proc_rom.cc:155:do_switch$77$rdmux[0][6][30]$b$2508 [4:1] = { 3'010 $memory$auto$proc_rom.cc:155:do_switch$77$rdmux[0][6][30]$b$2508 [0] }
    Consolidated identical input bits for $mux cell $memory$auto$proc_rom.cc:155:do_switch$77$rdmux[0][7][58]$2782:
      Old ports: A=5'00001, B=5'00100, Y=$memory$auto$proc_rom.cc:155:do_switch$77$rdmux[0][6][29]$a$2504
      New ports: A=2'01, B=2'10, Y={ $memory$auto$proc_rom.cc:155:do_switch$77$rdmux[0][6][29]$a$2504 [2] $memory$auto$proc_rom.cc:155:do_switch$77$rdmux[0][6][29]$a$2504 [0] }
      New connections: { $memory$auto$proc_rom.cc:155:do_switch$77$rdmux[0][6][29]$a$2504 [4:3] $memory$auto$proc_rom.cc:155:do_switch$77$rdmux[0][6][29]$a$2504 [1] } = 3'000
    Consolidated identical input bits for $mux cell $memory$auto$proc_rom.cc:155:do_switch$77$rdmux[0][7][55]$2773:
      Old ports: A=5'00111, B=5'01001, Y=$memory$auto$proc_rom.cc:155:do_switch$77$rdmux[0][6][27]$b$2499
      New ports: A=2'01, B=2'10, Y={ $memory$auto$proc_rom.cc:155:do_switch$77$rdmux[0][6][27]$b$2499 [3] $memory$auto$proc_rom.cc:155:do_switch$77$rdmux[0][6][27]$b$2499 [1] }
      New connections: { $memory$auto$proc_rom.cc:155:do_switch$77$rdmux[0][6][27]$b$2499 [4] $memory$auto$proc_rom.cc:155:do_switch$77$rdmux[0][6][27]$b$2499 [2] $memory$auto$proc_rom.cc:155:do_switch$77$rdmux[0][6][27]$b$2499 [0] } = { 1'0 $memory$auto$proc_rom.cc:155:do_switch$77$rdmux[0][6][27]$b$2499 [1] 1'1 }
    Consolidated identical input bits for $mux cell $memory$auto$proc_rom.cc:155:do_switch$77$rdmux[0][7][52]$2764:
      Old ports: A=5'00010, B=5'00100, Y=$memory$auto$proc_rom.cc:155:do_switch$77$rdmux[0][6][26]$a$2495
      New ports: A=2'01, B=2'10, Y=$memory$auto$proc_rom.cc:155:do_switch$77$rdmux[0][6][26]$a$2495 [2:1]
      New connections: { $memory$auto$proc_rom.cc:155:do_switch$77$rdmux[0][6][26]$a$2495 [4:3] $memory$auto$proc_rom.cc:155:do_switch$77$rdmux[0][6][26]$a$2495 [0] } = 3'000
    Consolidated identical input bits for $mux cell $memory$auto$proc_rom.cc:155:do_switch$77$rdmux[0][7][49]$2755:
      Old ports: A=5'00100, B=5'00110, Y=$memory$auto$proc_rom.cc:155:do_switch$77$rdmux[0][6][24]$b$2490
      New ports: A=1'0, B=1'1, Y=$memory$auto$proc_rom.cc:155:do_switch$77$rdmux[0][6][24]$b$2490 [1]
      New connections: { $memory$auto$proc_rom.cc:155:do_switch$77$rdmux[0][6][24]$b$2490 [4:2] $memory$auto$proc_rom.cc:155:do_switch$77$rdmux[0][6][24]$b$2490 [0] } = 4'0010
    Consolidated identical input bits for $mux cell $memory$auto$proc_rom.cc:155:do_switch$77$rdmux[0][7][46]$2746:
      Old ports: A=5'00011, B=5'00100, Y=$memory$auto$proc_rom.cc:155:do_switch$77$rdmux[0][6][23]$a$2486
      New ports: A=2'01, B=2'10, Y={ $memory$auto$proc_rom.cc:155:do_switch$77$rdmux[0][6][23]$a$2486 [2] $memory$auto$proc_rom.cc:155:do_switch$77$rdmux[0][6][23]$a$2486 [0] }
      New connections: { $memory$auto$proc_rom.cc:155:do_switch$77$rdmux[0][6][23]$a$2486 [4:3] $memory$auto$proc_rom.cc:155:do_switch$77$rdmux[0][6][23]$a$2486 [1] } = { 2'00 $memory$auto$proc_rom.cc:155:do_switch$77$rdmux[0][6][23]$a$2486 [0] }
    Consolidated identical input bits for $mux cell $memory$auto$proc_rom.cc:155:do_switch$77$rdmux[0][7][43]$2737:
      Old ports: A=5'00011, B=5'00100, Y=$memory$auto$proc_rom.cc:155:do_switch$77$rdmux[0][6][21]$b$2481
      New ports: A=2'01, B=2'10, Y={ $memory$auto$proc_rom.cc:155:do_switch$77$rdmux[0][6][21]$b$2481 [2] $memory$auto$proc_rom.cc:155:do_switch$77$rdmux[0][6][21]$b$2481 [0] }
      New connections: { $memory$auto$proc_rom.cc:155:do_switch$77$rdmux[0][6][21]$b$2481 [4:3] $memory$auto$proc_rom.cc:155:do_switch$77$rdmux[0][6][21]$b$2481 [1] } = { 2'00 $memory$auto$proc_rom.cc:155:do_switch$77$rdmux[0][6][21]$b$2481 [0] }
    Consolidated identical input bits for $mux cell $memory$auto$proc_rom.cc:155:do_switch$77$rdmux[0][7][40]$2728:
      Old ports: A=5'00000, B=5'00001, Y=$memory$auto$proc_rom.cc:155:do_switch$77$rdmux[0][6][20]$a$2477
      New ports: A=1'0, B=1'1, Y=$memory$auto$proc_rom.cc:155:do_switch$77$rdmux[0][6][20]$a$2477 [0]
      New connections: $memory$auto$proc_rom.cc:155:do_switch$77$rdmux[0][6][20]$a$2477 [4:1] = 4'0000
    Consolidated identical input bits for $mux cell $memory$auto$proc_rom.cc:155:do_switch$77$rdmux[0][7][47]$2749:
      Old ports: A=5'00101, B=5'00110, Y=$memory$auto$proc_rom.cc:155:do_switch$77$rdmux[0][6][23]$b$2487
      New ports: A=2'01, B=2'10, Y=$memory$auto$proc_rom.cc:155:do_switch$77$rdmux[0][6][23]$b$2487 [1:0]
      New connections: $memory$auto$proc_rom.cc:155:do_switch$77$rdmux[0][6][23]$b$2487 [4:2] = 3'001
    Consolidated identical input bits for $mux cell $memory$auto$proc_rom.cc:155:do_switch$77$rdmux[0][7][45]$2743:
      Old ports: A=5'00100, B=5'00101, Y=$memory$auto$proc_rom.cc:155:do_switch$77$rdmux[0][6][22]$b$2484
      New ports: A=1'0, B=1'1, Y=$memory$auto$proc_rom.cc:155:do_switch$77$rdmux[0][6][22]$b$2484 [0]
      New connections: $memory$auto$proc_rom.cc:155:do_switch$77$rdmux[0][6][22]$b$2484 [4:1] = 4'0010
    Consolidated identical input bits for $mux cell $memory$auto$proc_rom.cc:155:do_switch$77$rdmux[0][7][30]$2698:
      Old ports: A=5'00000, B=5'00011, Y=$memory$auto$proc_rom.cc:155:do_switch$77$rdmux[0][6][15]$a$2462
      New ports: A=1'0, B=1'1, Y=$memory$auto$proc_rom.cc:155:do_switch$77$rdmux[0][6][15]$a$2462 [0]
      New connections: $memory$auto$proc_rom.cc:155:do_switch$77$rdmux[0][6][15]$a$2462 [4:1] = { 3'000 $memory$auto$proc_rom.cc:155:do_switch$77$rdmux[0][6][15]$a$2462 [0] }
    Consolidated identical input bits for $mux cell $memory$auto$proc_rom.cc:155:do_switch$77$rdmux[0][7][27]$2689:
      Old ports: A=5'00110, B=5'01001, Y=$memory$auto$proc_rom.cc:155:do_switch$77$rdmux[0][6][13]$b$2457
      New ports: A=2'10, B=2'01, Y=$memory$auto$proc_rom.cc:155:do_switch$77$rdmux[0][6][13]$b$2457 [1:0]
      New connections: $memory$auto$proc_rom.cc:155:do_switch$77$rdmux[0][6][13]$b$2457 [4:2] = { 1'0 $memory$auto$proc_rom.cc:155:do_switch$77$rdmux[0][6][13]$b$2457 [0] $memory$auto$proc_rom.cc:155:do_switch$77$rdmux[0][6][13]$b$2457 [1] }
    Consolidated identical input bits for $mux cell $memory$auto$proc_rom.cc:155:do_switch$77$rdmux[0][5][25]$2395:
      Old ports: A=5'00110, B=5'01001, Y=$memory$auto$proc_rom.cc:155:do_switch$77$rdmux[0][4][12]$b$2310
      New ports: A=2'10, B=2'01, Y=$memory$auto$proc_rom.cc:155:do_switch$77$rdmux[0][4][12]$b$2310 [1:0]
      New connections: $memory$auto$proc_rom.cc:155:do_switch$77$rdmux[0][4][12]$b$2310 [4:2] = { 1'0 $memory$auto$proc_rom.cc:155:do_switch$77$rdmux[0][4][12]$b$2310 [0] $memory$auto$proc_rom.cc:155:do_switch$77$rdmux[0][4][12]$b$2310 [1] }
    Consolidated identical input bits for $mux cell $memory$auto$proc_rom.cc:155:do_switch$77$rdmux[0][5][24]$2392:
      Old ports: A=5'00000, B=5'00011, Y=$memory$auto$proc_rom.cc:155:do_switch$77$rdmux[0][4][12]$a$2309
      New ports: A=1'0, B=1'1, Y=$memory$auto$proc_rom.cc:155:do_switch$77$rdmux[0][4][12]$a$2309 [0]
      New connections: $memory$auto$proc_rom.cc:155:do_switch$77$rdmux[0][4][12]$a$2309 [4:1] = { 3'000 $memory$auto$proc_rom.cc:155:do_switch$77$rdmux[0][4][12]$a$2309 [0] }
    Consolidated identical input bits for $mux cell $memory$auto$proc_rom.cc:155:do_switch$77$rdmux[0][5][17]$2371:
      Old ports: A=5'00100, B=5'00110, Y=$memory$auto$proc_rom.cc:155:do_switch$77$rdmux[0][4][8]$b$2298
      New ports: A=1'0, B=1'1, Y=$memory$auto$proc_rom.cc:155:do_switch$77$rdmux[0][4][8]$b$2298 [1]
      New connections: { $memory$auto$proc_rom.cc:155:do_switch$77$rdmux[0][4][8]$b$2298 [4:2] $memory$auto$proc_rom.cc:155:do_switch$77$rdmux[0][4][8]$b$2298 [0] } = 4'0010
    Consolidated identical input bits for $mux cell $memory$auto$proc_rom.cc:155:do_switch$77$rdmux[0][5][16]$2368:
      Old ports: A=5'00000, B=5'00010, Y=$memory$auto$proc_rom.cc:155:do_switch$77$rdmux[0][4][8]$a$2297
      New ports: A=1'0, B=1'1, Y=$memory$auto$proc_rom.cc:155:do_switch$77$rdmux[0][4][8]$a$2297 [1]
      New connections: { $memory$auto$proc_rom.cc:155:do_switch$77$rdmux[0][4][8]$a$2297 [4:2] $memory$auto$proc_rom.cc:155:do_switch$77$rdmux[0][4][8]$a$2297 [0] } = 4'0000
    Consolidated identical input bits for $mux cell $memory$auto$proc_rom.cc:155:do_switch$77$rdmux[0][5][9]$2347:
      Old ports: A=5'00010, B=5'00011, Y=$memory$auto$proc_rom.cc:155:do_switch$77$rdmux[0][4][4]$b$2286
      New ports: A=1'0, B=1'1, Y=$memory$auto$proc_rom.cc:155:do_switch$77$rdmux[0][4][4]$b$2286 [0]
      New connections: $memory$auto$proc_rom.cc:155:do_switch$77$rdmux[0][4][4]$b$2286 [4:1] = 4'0001
    Consolidated identical input bits for $mux cell $memory$auto$proc_rom.cc:155:do_switch$77$rdmux[0][5][8]$2344:
      Old ports: A=5'00000, B=5'00001, Y=$memory$auto$proc_rom.cc:155:do_switch$77$rdmux[0][4][4]$a$2285
      New ports: A=1'0, B=1'1, Y=$memory$auto$proc_rom.cc:155:do_switch$77$rdmux[0][4][4]$a$2285 [0]
      New connections: $memory$auto$proc_rom.cc:155:do_switch$77$rdmux[0][4][4]$a$2285 [4:1] = 4'0000
    Consolidated identical input bits for $mux cell $memory$auto$proc_rom.cc:155:do_switch$77$rdmux[0][7][41]$2731:
      Old ports: A=5'00010, B=5'00011, Y=$memory$auto$proc_rom.cc:155:do_switch$77$rdmux[0][6][20]$b$2478
      New ports: A=1'0, B=1'1, Y=$memory$auto$proc_rom.cc:155:do_switch$77$rdmux[0][6][20]$b$2478 [0]
      New connections: $memory$auto$proc_rom.cc:155:do_switch$77$rdmux[0][6][20]$b$2478 [4:1] = 4'0001
    Consolidated identical input bits for $mux cell $memory$auto$proc_rom.cc:155:do_switch$77$rdmux[0][7][26]$2686:
      Old ports: A=5'00000, B=5'00011, Y=$memory$auto$proc_rom.cc:155:do_switch$77$rdmux[0][6][13]$a$2456
      New ports: A=1'0, B=1'1, Y=$memory$auto$proc_rom.cc:155:do_switch$77$rdmux[0][6][13]$a$2456 [0]
      New connections: $memory$auto$proc_rom.cc:155:do_switch$77$rdmux[0][6][13]$a$2456 [4:1] = { 3'000 $memory$auto$proc_rom.cc:155:do_switch$77$rdmux[0][6][13]$a$2456 [0] }
    Consolidated identical input bits for $mux cell $memory$auto$proc_rom.cc:155:do_switch$77$rdmux[0][7][25]$2683:
      Old ports: A=5'00110, B=5'01001, Y=$memory$auto$proc_rom.cc:155:do_switch$77$rdmux[0][6][12]$b$2454
      New ports: A=2'10, B=2'01, Y=$memory$auto$proc_rom.cc:155:do_switch$77$rdmux[0][6][12]$b$2454 [1:0]
      New connections: $memory$auto$proc_rom.cc:155:do_switch$77$rdmux[0][6][12]$b$2454 [4:2] = { 1'0 $memory$auto$proc_rom.cc:155:do_switch$77$rdmux[0][6][12]$b$2454 [0] $memory$auto$proc_rom.cc:155:do_switch$77$rdmux[0][6][12]$b$2454 [1] }
    Consolidated identical input bits for $mux cell $memory$auto$proc_rom.cc:155:do_switch$81$rdmux[0][7][126]$2221:
      Old ports: A=5'01001, B=5'01100, Y=$memory$auto$proc_rom.cc:155:do_switch$81$rdmux[0][6][63]$a$1841
      New ports: A=2'01, B=2'10, Y={ $memory$auto$proc_rom.cc:155:do_switch$81$rdmux[0][6][63]$a$1841 [2] $memory$auto$proc_rom.cc:155:do_switch$81$rdmux[0][6][63]$a$1841 [0] }
      New connections: { $memory$auto$proc_rom.cc:155:do_switch$81$rdmux[0][6][63]$a$1841 [4:3] $memory$auto$proc_rom.cc:155:do_switch$81$rdmux[0][6][63]$a$1841 [1] } = 3'010
    Consolidated identical input bits for $mux cell $memory$auto$proc_rom.cc:155:do_switch$81$rdmux[0][7][125]$2218:
      Old ports: A=5'01100, B=5'01111, Y=$memory$auto$proc_rom.cc:155:do_switch$81$rdmux[0][6][62]$b$1839
      New ports: A=1'0, B=1'1, Y=$memory$auto$proc_rom.cc:155:do_switch$81$rdmux[0][6][62]$b$1839 [0]
      New connections: $memory$auto$proc_rom.cc:155:do_switch$81$rdmux[0][6][62]$b$1839 [4:1] = { 3'011 $memory$auto$proc_rom.cc:155:do_switch$81$rdmux[0][6][62]$b$1839 [0] }
    Consolidated identical input bits for $mux cell $memory$auto$proc_rom.cc:155:do_switch$81$rdmux[0][7][124]$2215:
      Old ports: A=5'00110, B=5'01001, Y=$memory$auto$proc_rom.cc:155:do_switch$81$rdmux[0][6][62]$a$1838
      New ports: A=2'10, B=2'01, Y=$memory$auto$proc_rom.cc:155:do_switch$81$rdmux[0][6][62]$a$1838 [1:0]
      New connections: $memory$auto$proc_rom.cc:155:do_switch$81$rdmux[0][6][62]$a$1838 [4:2] = { 1'0 $memory$auto$proc_rom.cc:155:do_switch$81$rdmux[0][6][62]$a$1838 [0] $memory$auto$proc_rom.cc:155:do_switch$81$rdmux[0][6][62]$a$1838 [1] }
    Consolidated identical input bits for $mux cell $memory$auto$proc_rom.cc:155:do_switch$81$rdmux[0][7][123]$2212:
      Old ports: A=5'01001, B=5'01100, Y=$memory$auto$proc_rom.cc:155:do_switch$81$rdmux[0][6][61]$b$1836
      New ports: A=2'01, B=2'10, Y={ $memory$auto$proc_rom.cc:155:do_switch$81$rdmux[0][6][61]$b$1836 [2] $memory$auto$proc_rom.cc:155:do_switch$81$rdmux[0][6][61]$b$1836 [0] }
      New connections: { $memory$auto$proc_rom.cc:155:do_switch$81$rdmux[0][6][61]$b$1836 [4:3] $memory$auto$proc_rom.cc:155:do_switch$81$rdmux[0][6][61]$b$1836 [1] } = 3'010
    Consolidated identical input bits for $mux cell $memory$auto$proc_rom.cc:155:do_switch$81$rdmux[0][7][122]$2209:
      Old ports: A=5'00011, B=5'00110, Y=$memory$auto$proc_rom.cc:155:do_switch$81$rdmux[0][6][61]$a$1835
      New ports: A=2'01, B=2'10, Y={ $memory$auto$proc_rom.cc:155:do_switch$81$rdmux[0][6][61]$a$1835 [2] $memory$auto$proc_rom.cc:155:do_switch$81$rdmux[0][6][61]$a$1835 [0] }
      New connections: { $memory$auto$proc_rom.cc:155:do_switch$81$rdmux[0][6][61]$a$1835 [4:3] $memory$auto$proc_rom.cc:155:do_switch$81$rdmux[0][6][61]$a$1835 [1] } = 3'001
    Consolidated identical input bits for $mux cell $memory$auto$proc_rom.cc:155:do_switch$81$rdmux[0][7][121]$2206:
      Old ports: A=5'00110, B=5'01001, Y=$memory$auto$proc_rom.cc:155:do_switch$81$rdmux[0][6][60]$b$1833
      New ports: A=2'10, B=2'01, Y=$memory$auto$proc_rom.cc:155:do_switch$81$rdmux[0][6][60]$b$1833 [1:0]
      New connections: $memory$auto$proc_rom.cc:155:do_switch$81$rdmux[0][6][60]$b$1833 [4:2] = { 1'0 $memory$auto$proc_rom.cc:155:do_switch$81$rdmux[0][6][60]$b$1833 [0] $memory$auto$proc_rom.cc:155:do_switch$81$rdmux[0][6][60]$b$1833 [1] }
    Consolidated identical input bits for $mux cell $memory$auto$proc_rom.cc:155:do_switch$81$rdmux[0][7][120]$2203:
      Old ports: A=5'00000, B=5'00011, Y=$memory$auto$proc_rom.cc:155:do_switch$81$rdmux[0][6][60]$a$1832
      New ports: A=1'0, B=1'1, Y=$memory$auto$proc_rom.cc:155:do_switch$81$rdmux[0][6][60]$a$1832 [0]
      New connections: $memory$auto$proc_rom.cc:155:do_switch$81$rdmux[0][6][60]$a$1832 [4:1] = { 3'000 $memory$auto$proc_rom.cc:155:do_switch$81$rdmux[0][6][60]$a$1832 [0] }
    Consolidated identical input bits for $mux cell $memory$auto$proc_rom.cc:155:do_switch$81$rdmux[0][7][119]$2200:
      Old ports: A=5'01101, B=5'01111, Y=$memory$auto$proc_rom.cc:155:do_switch$81$rdmux[0][6][59]$b$1830
      New ports: A=1'0, B=1'1, Y=$memory$auto$proc_rom.cc:155:do_switch$81$rdmux[0][6][59]$b$1830 [1]
      New connections: { $memory$auto$proc_rom.cc:155:do_switch$81$rdmux[0][6][59]$b$1830 [4:2] $memory$auto$proc_rom.cc:155:do_switch$81$rdmux[0][6][59]$b$1830 [0] } = 4'0111
    Consolidated identical input bits for $mux cell $memory$auto$proc_rom.cc:155:do_switch$81$rdmux[0][7][118]$2197:
      Old ports: A=5'01001, B=5'01011, Y=$memory$auto$proc_rom.cc:155:do_switch$81$rdmux[0][6][59]$a$1829
      New ports: A=1'0, B=1'1, Y=$memory$auto$proc_rom.cc:155:do_switch$81$rdmux[0][6][59]$a$1829 [1]
      New connections: { $memory$auto$proc_rom.cc:155:do_switch$81$rdmux[0][6][59]$a$1829 [4:2] $memory$auto$proc_rom.cc:155:do_switch$81$rdmux[0][6][59]$a$1829 [0] } = 4'0101
    Consolidated identical input bits for $mux cell $memory$auto$proc_rom.cc:155:do_switch$81$rdmux[0][7][117]$2194:
      Old ports: A=5'01010, B=5'01100, Y=$memory$auto$proc_rom.cc:155:do_switch$81$rdmux[0][6][58]$b$1827
      New ports: A=2'01, B=2'10, Y=$memory$auto$proc_rom.cc:155:do_switch$81$rdmux[0][6][58]$b$1827 [2:1]
      New connections: { $memory$auto$proc_rom.cc:155:do_switch$81$rdmux[0][6][58]$b$1827 [4:3] $memory$auto$proc_rom.cc:155:do_switch$81$rdmux[0][6][58]$b$1827 [0] } = 3'010
    Consolidated identical input bits for $mux cell $memory$auto$proc_rom.cc:155:do_switch$81$rdmux[0][7][116]$2191:
      Old ports: A=5'00110, B=5'01000, Y=$memory$auto$proc_rom.cc:155:do_switch$81$rdmux[0][6][58]$a$1826
      New ports: A=2'01, B=2'10, Y={ $memory$auto$proc_rom.cc:155:do_switch$81$rdmux[0][6][58]$a$1826 [3] $memory$auto$proc_rom.cc:155:do_switch$81$rdmux[0][6][58]$a$1826 [1] }
      New connections: { $memory$auto$proc_rom.cc:155:do_switch$81$rdmux[0][6][58]$a$1826 [4] $memory$auto$proc_rom.cc:155:do_switch$81$rdmux[0][6][58]$a$1826 [2] $memory$auto$proc_rom.cc:155:do_switch$81$rdmux[0][6][58]$a$1826 [0] } = { 1'0 $memory$auto$proc_rom.cc:155:do_switch$81$rdmux[0][6][58]$a$1826 [1] 1'0 }
    Consolidated identical input bits for $mux cell $memory$auto$proc_rom.cc:155:do_switch$81$rdmux[0][7][115]$2188:
      Old ports: A=5'00111, B=5'01001, Y=$memory$auto$proc_rom.cc:155:do_switch$81$rdmux[0][6][57]$b$1824
      New ports: A=2'01, B=2'10, Y={ $memory$auto$proc_rom.cc:155:do_switch$81$rdmux[0][6][57]$b$1824 [3] $memory$auto$proc_rom.cc:155:do_switch$81$rdmux[0][6][57]$b$1824 [1] }
      New connections: { $memory$auto$proc_rom.cc:155:do_switch$81$rdmux[0][6][57]$b$1824 [4] $memory$auto$proc_rom.cc:155:do_switch$81$rdmux[0][6][57]$b$1824 [2] $memory$auto$proc_rom.cc:155:do_switch$81$rdmux[0][6][57]$b$1824 [0] } = { 1'0 $memory$auto$proc_rom.cc:155:do_switch$81$rdmux[0][6][57]$b$1824 [1] 1'1 }
    Consolidated identical input bits for $mux cell $memory$auto$proc_rom.cc:155:do_switch$81$rdmux[0][7][114]$2185:
      Old ports: A=5'00011, B=5'00101, Y=$memory$auto$proc_rom.cc:155:do_switch$81$rdmux[0][6][57]$a$1823
      New ports: A=2'01, B=2'10, Y=$memory$auto$proc_rom.cc:155:do_switch$81$rdmux[0][6][57]$a$1823 [2:1]
      New connections: { $memory$auto$proc_rom.cc:155:do_switch$81$rdmux[0][6][57]$a$1823 [4:3] $memory$auto$proc_rom.cc:155:do_switch$81$rdmux[0][6][57]$a$1823 [0] } = 3'001
    Consolidated identical input bits for $mux cell $memory$auto$proc_rom.cc:155:do_switch$81$rdmux[0][7][113]$2182:
      Old ports: A=5'00100, B=5'00110, Y=$memory$auto$proc_rom.cc:155:do_switch$81$rdmux[0][6][56]$b$1821
      New ports: A=1'0, B=1'1, Y=$memory$auto$proc_rom.cc:155:do_switch$81$rdmux[0][6][56]$b$1821 [1]
      New connections: { $memory$auto$proc_rom.cc:155:do_switch$81$rdmux[0][6][56]$b$1821 [4:2] $memory$auto$proc_rom.cc:155:do_switch$81$rdmux[0][6][56]$b$1821 [0] } = 4'0010
    Consolidated identical input bits for $mux cell $memory$auto$proc_rom.cc:155:do_switch$81$rdmux[0][7][112]$2179:
      Old ports: A=5'00000, B=5'00010, Y=$memory$auto$proc_rom.cc:155:do_switch$81$rdmux[0][6][56]$a$1820
      New ports: A=1'0, B=1'1, Y=$memory$auto$proc_rom.cc:155:do_switch$81$rdmux[0][6][56]$a$1820 [1]
      New connections: { $memory$auto$proc_rom.cc:155:do_switch$81$rdmux[0][6][56]$a$1820 [4:2] $memory$auto$proc_rom.cc:155:do_switch$81$rdmux[0][6][56]$a$1820 [0] } = 4'0000
    Consolidated identical input bits for $mux cell $memory$auto$proc_rom.cc:155:do_switch$81$rdmux[0][7][111]$2176:
      Old ports: A=5'01011, B=5'01100, Y=$memory$auto$proc_rom.cc:155:do_switch$81$rdmux[0][6][55]$b$1818
      New ports: A=2'01, B=2'10, Y={ $memory$auto$proc_rom.cc:155:do_switch$81$rdmux[0][6][55]$b$1818 [2] $memory$auto$proc_rom.cc:155:do_switch$81$rdmux[0][6][55]$b$1818 [0] }
      New connections: { $memory$auto$proc_rom.cc:155:do_switch$81$rdmux[0][6][55]$b$1818 [4:3] $memory$auto$proc_rom.cc:155:do_switch$81$rdmux[0][6][55]$b$1818 [1] } = { 2'01 $memory$auto$proc_rom.cc:155:do_switch$81$rdmux[0][6][55]$b$1818 [0] }
    Consolidated identical input bits for $mux cell $memory$auto$proc_rom.cc:155:do_switch$81$rdmux[0][7][110]$2173:
      Old ports: A=5'01001, B=5'01010, Y=$memory$auto$proc_rom.cc:155:do_switch$81$rdmux[0][6][55]$a$1817
      New ports: A=2'01, B=2'10, Y=$memory$auto$proc_rom.cc:155:do_switch$81$rdmux[0][6][55]$a$1817 [1:0]
      New connections: $memory$auto$proc_rom.cc:155:do_switch$81$rdmux[0][6][55]$a$1817 [4:2] = 3'010
    Consolidated identical input bits for $mux cell $memory$auto$proc_rom.cc:155:do_switch$81$rdmux[0][7][109]$2170:
      Old ports: A=5'01000, B=5'01001, Y=$memory$auto$proc_rom.cc:155:do_switch$81$rdmux[0][6][54]$b$1815
      New ports: A=1'0, B=1'1, Y=$memory$auto$proc_rom.cc:155:do_switch$81$rdmux[0][6][54]$b$1815 [0]
      New connections: $memory$auto$proc_rom.cc:155:do_switch$81$rdmux[0][6][54]$b$1815 [4:1] = 4'0100
    Consolidated identical input bits for $mux cell $memory$auto$proc_rom.cc:155:do_switch$81$rdmux[0][7][108]$2167:
      Old ports: A=5'00110, B=5'00111, Y=$memory$auto$proc_rom.cc:155:do_switch$81$rdmux[0][6][54]$a$1814
      New ports: A=1'0, B=1'1, Y=$memory$auto$proc_rom.cc:155:do_switch$81$rdmux[0][6][54]$a$1814 [0]
      New connections: $memory$auto$proc_rom.cc:155:do_switch$81$rdmux[0][6][54]$a$1814 [4:1] = 4'0011
    Consolidated identical input bits for $mux cell $memory$auto$proc_rom.cc:155:do_switch$81$rdmux[0][7][107]$2164:
      Old ports: A=5'00101, B=5'00110, Y=$memory$auto$proc_rom.cc:155:do_switch$81$rdmux[0][6][53]$b$1812
      New ports: A=2'01, B=2'10, Y=$memory$auto$proc_rom.cc:155:do_switch$81$rdmux[0][6][53]$b$1812 [1:0]
      New connections: $memory$auto$proc_rom.cc:155:do_switch$81$rdmux[0][6][53]$b$1812 [4:2] = 3'001
    Consolidated identical input bits for $mux cell $memory$auto$proc_rom.cc:155:do_switch$81$rdmux[0][7][106]$2161:
      Old ports: A=5'00011, B=5'00100, Y=$memory$auto$proc_rom.cc:155:do_switch$81$rdmux[0][6][53]$a$1811
      New ports: A=2'01, B=2'10, Y={ $memory$auto$proc_rom.cc:155:do_switch$81$rdmux[0][6][53]$a$1811 [2] $memory$auto$proc_rom.cc:155:do_switch$81$rdmux[0][6][53]$a$1811 [0] }
      New connections: { $memory$auto$proc_rom.cc:155:do_switch$81$rdmux[0][6][53]$a$1811 [4:3] $memory$auto$proc_rom.cc:155:do_switch$81$rdmux[0][6][53]$a$1811 [1] } = { 2'00 $memory$auto$proc_rom.cc:155:do_switch$81$rdmux[0][6][53]$a$1811 [0] }
    Consolidated identical input bits for $mux cell $memory$auto$proc_rom.cc:155:do_switch$81$rdmux[0][7][105]$2158:
      Old ports: A=5'00010, B=5'00011, Y=$memory$auto$proc_rom.cc:155:do_switch$81$rdmux[0][6][52]$b$1809
      New ports: A=1'0, B=1'1, Y=$memory$auto$proc_rom.cc:155:do_switch$81$rdmux[0][6][52]$b$1809 [0]
      New connections: $memory$auto$proc_rom.cc:155:do_switch$81$rdmux[0][6][52]$b$1809 [4:1] = 4'0001
    Consolidated identical input bits for $mux cell $memory$auto$proc_rom.cc:155:do_switch$81$rdmux[0][7][104]$2155:
      Old ports: A=5'00000, B=5'00001, Y=$memory$auto$proc_rom.cc:155:do_switch$81$rdmux[0][6][52]$a$1808
      New ports: A=1'0, B=1'1, Y=$memory$auto$proc_rom.cc:155:do_switch$81$rdmux[0][6][52]$a$1808 [0]
      New connections: $memory$auto$proc_rom.cc:155:do_switch$81$rdmux[0][6][52]$a$1808 [4:1] = 4'0000
    Consolidated identical input bits for $mux cell $memory$auto$proc_rom.cc:155:do_switch$77$rdmux[0][7][126]$2986:
      Old ports: A=5'01001, B=5'01100, Y=$memory$auto$proc_rom.cc:155:do_switch$77$rdmux[0][6][63]$a$2606
      New ports: A=2'01, B=2'10, Y={ $memory$auto$proc_rom.cc:155:do_switch$77$rdmux[0][6][63]$a$2606 [2] $memory$auto$proc_rom.cc:155:do_switch$77$rdmux[0][6][63]$a$2606 [0] }
      New connections: { $memory$auto$proc_rom.cc:155:do_switch$77$rdmux[0][6][63]$a$2606 [4:3] $memory$auto$proc_rom.cc:155:do_switch$77$rdmux[0][6][63]$a$2606 [1] } = 3'010
    Consolidated identical input bits for $mux cell $memory$auto$proc_rom.cc:155:do_switch$77$rdmux[0][7][125]$2983:
      Old ports: A=5'01100, B=5'01111, Y=$memory$auto$proc_rom.cc:155:do_switch$77$rdmux[0][6][62]$b$2604
      New ports: A=1'0, B=1'1, Y=$memory$auto$proc_rom.cc:155:do_switch$77$rdmux[0][6][62]$b$2604 [0]
      New connections: $memory$auto$proc_rom.cc:155:do_switch$77$rdmux[0][6][62]$b$2604 [4:1] = { 3'011 $memory$auto$proc_rom.cc:155:do_switch$77$rdmux[0][6][62]$b$2604 [0] }
    Consolidated identical input bits for $mux cell $memory$auto$proc_rom.cc:155:do_switch$77$rdmux[0][7][123]$2977:
      Old ports: A=5'01001, B=5'01100, Y=$memory$auto$proc_rom.cc:155:do_switch$77$rdmux[0][6][61]$b$2601
      New ports: A=2'01, B=2'10, Y={ $memory$auto$proc_rom.cc:155:do_switch$77$rdmux[0][6][61]$b$2601 [2] $memory$auto$proc_rom.cc:155:do_switch$77$rdmux[0][6][61]$b$2601 [0] }
      New connections: { $memory$auto$proc_rom.cc:155:do_switch$77$rdmux[0][6][61]$b$2601 [4:3] $memory$auto$proc_rom.cc:155:do_switch$77$rdmux[0][6][61]$b$2601 [1] } = 3'010
    Consolidated identical input bits for $mux cell $memory$auto$proc_rom.cc:155:do_switch$77$rdmux[0][7][122]$2974:
      Old ports: A=5'00011, B=5'00110, Y=$memory$auto$proc_rom.cc:155:do_switch$77$rdmux[0][6][61]$a$2600
      New ports: A=2'01, B=2'10, Y={ $memory$auto$proc_rom.cc:155:do_switch$77$rdmux[0][6][61]$a$2600 [2] $memory$auto$proc_rom.cc:155:do_switch$77$rdmux[0][6][61]$a$2600 [0] }
      New connections: { $memory$auto$proc_rom.cc:155:do_switch$77$rdmux[0][6][61]$a$2600 [4:3] $memory$auto$proc_rom.cc:155:do_switch$77$rdmux[0][6][61]$a$2600 [1] } = 3'001
    Consolidated identical input bits for $mux cell $memory$auto$proc_rom.cc:155:do_switch$77$rdmux[0][7][120]$2968:
      Old ports: A=5'00000, B=5'00011, Y=$memory$auto$proc_rom.cc:155:do_switch$77$rdmux[0][6][60]$a$2597
      New ports: A=1'0, B=1'1, Y=$memory$auto$proc_rom.cc:155:do_switch$77$rdmux[0][6][60]$a$2597 [0]
      New connections: $memory$auto$proc_rom.cc:155:do_switch$77$rdmux[0][6][60]$a$2597 [4:1] = { 3'000 $memory$auto$proc_rom.cc:155:do_switch$77$rdmux[0][6][60]$a$2597 [0] }
    Consolidated identical input bits for $mux cell $memory$auto$proc_rom.cc:155:do_switch$77$rdmux[0][7][119]$2965:
      Old ports: A=5'01101, B=5'01111, Y=$memory$auto$proc_rom.cc:155:do_switch$77$rdmux[0][6][59]$b$2595
      New ports: A=1'0, B=1'1, Y=$memory$auto$proc_rom.cc:155:do_switch$77$rdmux[0][6][59]$b$2595 [1]
      New connections: { $memory$auto$proc_rom.cc:155:do_switch$77$rdmux[0][6][59]$b$2595 [4:2] $memory$auto$proc_rom.cc:155:do_switch$77$rdmux[0][6][59]$b$2595 [0] } = 4'0111
    Consolidated identical input bits for $mux cell $memory$auto$proc_rom.cc:155:do_switch$77$rdmux[0][7][117]$2959:
      Old ports: A=5'01010, B=5'01100, Y=$memory$auto$proc_rom.cc:155:do_switch$77$rdmux[0][6][58]$b$2592
      New ports: A=2'01, B=2'10, Y=$memory$auto$proc_rom.cc:155:do_switch$77$rdmux[0][6][58]$b$2592 [2:1]
      New connections: { $memory$auto$proc_rom.cc:155:do_switch$77$rdmux[0][6][58]$b$2592 [4:3] $memory$auto$proc_rom.cc:155:do_switch$77$rdmux[0][6][58]$b$2592 [0] } = 3'010
    Consolidated identical input bits for $mux cell $memory$auto$proc_rom.cc:155:do_switch$77$rdmux[0][7][116]$2956:
      Old ports: A=5'00110, B=5'01000, Y=$memory$auto$proc_rom.cc:155:do_switch$77$rdmux[0][6][58]$a$2591
      New ports: A=2'01, B=2'10, Y={ $memory$auto$proc_rom.cc:155:do_switch$77$rdmux[0][6][58]$a$2591 [3] $memory$auto$proc_rom.cc:155:do_switch$77$rdmux[0][6][58]$a$2591 [1] }
      New connections: { $memory$auto$proc_rom.cc:155:do_switch$77$rdmux[0][6][58]$a$2591 [4] $memory$auto$proc_rom.cc:155:do_switch$77$rdmux[0][6][58]$a$2591 [2] $memory$auto$proc_rom.cc:155:do_switch$77$rdmux[0][6][58]$a$2591 [0] } = { 1'0 $memory$auto$proc_rom.cc:155:do_switch$77$rdmux[0][6][58]$a$2591 [1] 1'0 }
    Consolidated identical input bits for $mux cell $memory$auto$proc_rom.cc:155:do_switch$81$rdmux[0][7][95]$2128:
      Old ports: A=5'01100, B=5'01111, Y=$memory$auto$proc_rom.cc:155:do_switch$81$rdmux[0][6][47]$b$1794
      New ports: A=1'0, B=1'1, Y=$memory$auto$proc_rom.cc:155:do_switch$81$rdmux[0][6][47]$b$1794 [0]
      New connections: $memory$auto$proc_rom.cc:155:do_switch$81$rdmux[0][6][47]$b$1794 [4:1] = { 3'011 $memory$auto$proc_rom.cc:155:do_switch$81$rdmux[0][6][47]$b$1794 [0] }
    Consolidated identical input bits for $mux cell $memory$auto$proc_rom.cc:155:do_switch$81$rdmux[0][7][94]$2125:
      Old ports: A=5'00110, B=5'01001, Y=$memory$auto$proc_rom.cc:155:do_switch$81$rdmux[0][6][47]$a$1793
      New ports: A=2'10, B=2'01, Y=$memory$auto$proc_rom.cc:155:do_switch$81$rdmux[0][6][47]$a$1793 [1:0]
      New connections: $memory$auto$proc_rom.cc:155:do_switch$81$rdmux[0][6][47]$a$1793 [4:2] = { 1'0 $memory$auto$proc_rom.cc:155:do_switch$81$rdmux[0][6][47]$a$1793 [0] $memory$auto$proc_rom.cc:155:do_switch$81$rdmux[0][6][47]$a$1793 [1] }
    Consolidated identical input bits for $mux cell $memory$auto$proc_rom.cc:155:do_switch$81$rdmux[0][7][93]$2122:
      Old ports: A=5'01010, B=5'01101, Y=$memory$auto$proc_rom.cc:155:do_switch$81$rdmux[0][6][46]$b$1791
      New ports: A=2'10, B=2'01, Y=$memory$auto$proc_rom.cc:155:do_switch$81$rdmux[0][6][46]$b$1791 [1:0]
      New connections: $memory$auto$proc_rom.cc:155:do_switch$81$rdmux[0][6][46]$b$1791 [4:2] = { 2'01 $memory$auto$proc_rom.cc:155:do_switch$81$rdmux[0][6][46]$b$1791 [0] }
    Consolidated identical input bits for $mux cell $memory$auto$proc_rom.cc:155:do_switch$81$rdmux[0][7][92]$2119:
      Old ports: A=5'00100, B=5'00111, Y=$memory$auto$proc_rom.cc:155:do_switch$81$rdmux[0][6][46]$a$1790
      New ports: A=1'0, B=1'1, Y=$memory$auto$proc_rom.cc:155:do_switch$81$rdmux[0][6][46]$a$1790 [0]
      New connections: $memory$auto$proc_rom.cc:155:do_switch$81$rdmux[0][6][46]$a$1790 [4:1] = { 3'001 $memory$auto$proc_rom.cc:155:do_switch$81$rdmux[0][6][46]$a$1790 [0] }
    Consolidated identical input bits for $mux cell $memory$auto$proc_rom.cc:155:do_switch$81$rdmux[0][7][91]$2116:
      Old ports: A=5'01000, B=5'01011, Y=$memory$auto$proc_rom.cc:155:do_switch$81$rdmux[0][6][45]$b$1788
      New ports: A=1'0, B=1'1, Y=$memory$auto$proc_rom.cc:155:do_switch$81$rdmux[0][6][45]$b$1788 [0]
      New connections: $memory$auto$proc_rom.cc:155:do_switch$81$rdmux[0][6][45]$b$1788 [4:1] = { 3'010 $memory$auto$proc_rom.cc:155:do_switch$81$rdmux[0][6][45]$b$1788 [0] }
    Consolidated identical input bits for $mux cell $memory$auto$proc_rom.cc:155:do_switch$81$rdmux[0][7][90]$2113:
      Old ports: A=5'00010, B=5'00101, Y=$memory$auto$proc_rom.cc:155:do_switch$81$rdmux[0][6][45]$a$1787
      New ports: A=2'10, B=2'01, Y=$memory$auto$proc_rom.cc:155:do_switch$81$rdmux[0][6][45]$a$1787 [1:0]
      New connections: $memory$auto$proc_rom.cc:155:do_switch$81$rdmux[0][6][45]$a$1787 [4:2] = { 2'00 $memory$auto$proc_rom.cc:155:do_switch$81$rdmux[0][6][45]$a$1787 [0] }
    Consolidated identical input bits for $mux cell $memory$auto$proc_rom.cc:155:do_switch$81$rdmux[0][7][89]$2110:
      Old ports: A=5'00110, B=5'01001, Y=$memory$auto$proc_rom.cc:155:do_switch$81$rdmux[0][6][44]$b$1785
      New ports: A=2'10, B=2'01, Y=$memory$auto$proc_rom.cc:155:do_switch$81$rdmux[0][6][44]$b$1785 [1:0]
      New connections: $memory$auto$proc_rom.cc:155:do_switch$81$rdmux[0][6][44]$b$1785 [4:2] = { 1'0 $memory$auto$proc_rom.cc:155:do_switch$81$rdmux[0][6][44]$b$1785 [0] $memory$auto$proc_rom.cc:155:do_switch$81$rdmux[0][6][44]$b$1785 [1] }
    Consolidated identical input bits for $mux cell $memory$auto$proc_rom.cc:155:do_switch$81$rdmux[0][7][88]$2107:
      Old ports: A=5'00000, B=5'00011, Y=$memory$auto$proc_rom.cc:155:do_switch$81$rdmux[0][6][44]$a$1784
      New ports: A=1'0, B=1'1, Y=$memory$auto$proc_rom.cc:155:do_switch$81$rdmux[0][6][44]$a$1784 [0]
      New connections: $memory$auto$proc_rom.cc:155:do_switch$81$rdmux[0][6][44]$a$1784 [4:1] = { 3'000 $memory$auto$proc_rom.cc:155:do_switch$81$rdmux[0][6][44]$a$1784 [0] }
    Consolidated identical input bits for $mux cell $memory$auto$proc_rom.cc:155:do_switch$81$rdmux[0][7][87]$2104:
      Old ports: A=5'01010, B=5'01100, Y=$memory$auto$proc_rom.cc:155:do_switch$81$rdmux[0][6][43]$b$1782
      New ports: A=2'01, B=2'10, Y=$memory$auto$proc_rom.cc:155:do_switch$81$rdmux[0][6][43]$b$1782 [2:1]
      New connections: { $memory$auto$proc_rom.cc:155:do_switch$81$rdmux[0][6][43]$b$1782 [4:3] $memory$auto$proc_rom.cc:155:do_switch$81$rdmux[0][6][43]$b$1782 [0] } = 3'010
    Consolidated identical input bits for $mux cell $memory$auto$proc_rom.cc:155:do_switch$81$rdmux[0][7][86]$2101:
      Old ports: A=5'00110, B=5'01000, Y=$memory$auto$proc_rom.cc:155:do_switch$81$rdmux[0][6][43]$a$1781
      New ports: A=2'01, B=2'10, Y={ $memory$auto$proc_rom.cc:155:do_switch$81$rdmux[0][6][43]$a$1781 [3] $memory$auto$proc_rom.cc:155:do_switch$81$rdmux[0][6][43]$a$1781 [1] }
      New connections: { $memory$auto$proc_rom.cc:155:do_switch$81$rdmux[0][6][43]$a$1781 [4] $memory$auto$proc_rom.cc:155:do_switch$81$rdmux[0][6][43]$a$1781 [2] $memory$auto$proc_rom.cc:155:do_switch$81$rdmux[0][6][43]$a$1781 [0] } = { 1'0 $memory$auto$proc_rom.cc:155:do_switch$81$rdmux[0][6][43]$a$1781 [1] 1'0 }
    Consolidated identical input bits for $mux cell $memory$auto$proc_rom.cc:155:do_switch$81$rdmux[0][7][85]$2098:
      Old ports: A=5'01000, B=5'01010, Y=$memory$auto$proc_rom.cc:155:do_switch$81$rdmux[0][6][42]$b$1779
      New ports: A=1'0, B=1'1, Y=$memory$auto$proc_rom.cc:155:do_switch$81$rdmux[0][6][42]$b$1779 [1]
      New connections: { $memory$auto$proc_rom.cc:155:do_switch$81$rdmux[0][6][42]$b$1779 [4:2] $memory$auto$proc_rom.cc:155:do_switch$81$rdmux[0][6][42]$b$1779 [0] } = 4'0100
    Consolidated identical input bits for $mux cell $memory$auto$proc_rom.cc:155:do_switch$81$rdmux[0][7][84]$2095:
      Old ports: A=5'00100, B=5'00110, Y=$memory$auto$proc_rom.cc:155:do_switch$81$rdmux[0][6][42]$a$1778
      New ports: A=1'0, B=1'1, Y=$memory$auto$proc_rom.cc:155:do_switch$81$rdmux[0][6][42]$a$1778 [1]
      New connections: { $memory$auto$proc_rom.cc:155:do_switch$81$rdmux[0][6][42]$a$1778 [4:2] $memory$auto$proc_rom.cc:155:do_switch$81$rdmux[0][6][42]$a$1778 [0] } = 4'0010
    Consolidated identical input bits for $mux cell $memory$auto$proc_rom.cc:155:do_switch$81$rdmux[0][7][83]$2092:
      Old ports: A=5'00110, B=5'01000, Y=$memory$auto$proc_rom.cc:155:do_switch$81$rdmux[0][6][41]$b$1776
      New ports: A=2'01, B=2'10, Y={ $memory$auto$proc_rom.cc:155:do_switch$81$rdmux[0][6][41]$b$1776 [3] $memory$auto$proc_rom.cc:155:do_switch$81$rdmux[0][6][41]$b$1776 [1] }
      New connections: { $memory$auto$proc_rom.cc:155:do_switch$81$rdmux[0][6][41]$b$1776 [4] $memory$auto$proc_rom.cc:155:do_switch$81$rdmux[0][6][41]$b$1776 [2] $memory$auto$proc_rom.cc:155:do_switch$81$rdmux[0][6][41]$b$1776 [0] } = { 1'0 $memory$auto$proc_rom.cc:155:do_switch$81$rdmux[0][6][41]$b$1776 [1] 1'0 }
    Consolidated identical input bits for $mux cell $memory$auto$proc_rom.cc:155:do_switch$81$rdmux[0][7][82]$2089:
      Old ports: A=5'00010, B=5'00100, Y=$memory$auto$proc_rom.cc:155:do_switch$81$rdmux[0][6][41]$a$1775
      New ports: A=2'01, B=2'10, Y=$memory$auto$proc_rom.cc:155:do_switch$81$rdmux[0][6][41]$a$1775 [2:1]
      New connections: { $memory$auto$proc_rom.cc:155:do_switch$81$rdmux[0][6][41]$a$1775 [4:3] $memory$auto$proc_rom.cc:155:do_switch$81$rdmux[0][6][41]$a$1775 [0] } = 3'000
    Consolidated identical input bits for $mux cell $memory$auto$proc_rom.cc:155:do_switch$81$rdmux[0][7][81]$2086:
      Old ports: A=5'00100, B=5'00110, Y=$memory$auto$proc_rom.cc:155:do_switch$81$rdmux[0][6][40]$b$1773
      New ports: A=1'0, B=1'1, Y=$memory$auto$proc_rom.cc:155:do_switch$81$rdmux[0][6][40]$b$1773 [1]
      New connections: { $memory$auto$proc_rom.cc:155:do_switch$81$rdmux[0][6][40]$b$1773 [4:2] $memory$auto$proc_rom.cc:155:do_switch$81$rdmux[0][6][40]$b$1773 [0] } = 4'0010
    Consolidated identical input bits for $mux cell $memory$auto$proc_rom.cc:155:do_switch$81$rdmux[0][7][80]$2083:
      Old ports: A=5'00000, B=5'00010, Y=$memory$auto$proc_rom.cc:155:do_switch$81$rdmux[0][6][40]$a$1772
      New ports: A=1'0, B=1'1, Y=$memory$auto$proc_rom.cc:155:do_switch$81$rdmux[0][6][40]$a$1772 [1]
      New connections: { $memory$auto$proc_rom.cc:155:do_switch$81$rdmux[0][6][40]$a$1772 [4:2] $memory$auto$proc_rom.cc:155:do_switch$81$rdmux[0][6][40]$a$1772 [0] } = 4'0000
    Consolidated identical input bits for $mux cell $memory$auto$proc_rom.cc:155:do_switch$81$rdmux[0][7][79]$2080:
      Old ports: A=5'01000, B=5'01001, Y=$memory$auto$proc_rom.cc:155:do_switch$81$rdmux[0][6][39]$b$1770
      New ports: A=1'0, B=1'1, Y=$memory$auto$proc_rom.cc:155:do_switch$81$rdmux[0][6][39]$b$1770 [0]
      New connections: $memory$auto$proc_rom.cc:155:do_switch$81$rdmux[0][6][39]$b$1770 [4:1] = 4'0100
    Consolidated identical input bits for $mux cell $memory$auto$proc_rom.cc:155:do_switch$81$rdmux[0][7][78]$2077:
      Old ports: A=5'00110, B=5'00111, Y=$memory$auto$proc_rom.cc:155:do_switch$81$rdmux[0][6][39]$a$1769
      New ports: A=1'0, B=1'1, Y=$memory$auto$proc_rom.cc:155:do_switch$81$rdmux[0][6][39]$a$1769 [0]
      New connections: $memory$auto$proc_rom.cc:155:do_switch$81$rdmux[0][6][39]$a$1769 [4:1] = 4'0011
    Consolidated identical input bits for $mux cell $memory$auto$proc_rom.cc:155:do_switch$81$rdmux[0][7][77]$2074:
      Old ports: A=5'00110, B=5'00111, Y=$memory$auto$proc_rom.cc:155:do_switch$81$rdmux[0][6][38]$b$1767
      New ports: A=1'0, B=1'1, Y=$memory$auto$proc_rom.cc:155:do_switch$81$rdmux[0][6][38]$b$1767 [0]
      New connections: $memory$auto$proc_rom.cc:155:do_switch$81$rdmux[0][6][38]$b$1767 [4:1] = 4'0011
    Consolidated identical input bits for $mux cell $memory$auto$proc_rom.cc:155:do_switch$81$rdmux[0][7][76]$2071:
      Old ports: A=5'00100, B=5'00101, Y=$memory$auto$proc_rom.cc:155:do_switch$81$rdmux[0][6][38]$a$1766
      New ports: A=1'0, B=1'1, Y=$memory$auto$proc_rom.cc:155:do_switch$81$rdmux[0][6][38]$a$1766 [0]
      New connections: $memory$auto$proc_rom.cc:155:do_switch$81$rdmux[0][6][38]$a$1766 [4:1] = 4'0010
    Consolidated identical input bits for $mux cell $memory$auto$proc_rom.cc:155:do_switch$81$rdmux[0][7][75]$2068:
      Old ports: A=5'00100, B=5'00101, Y=$memory$auto$proc_rom.cc:155:do_switch$81$rdmux[0][6][37]$b$1764
      New ports: A=1'0, B=1'1, Y=$memory$auto$proc_rom.cc:155:do_switch$81$rdmux[0][6][37]$b$1764 [0]
      New connections: $memory$auto$proc_rom.cc:155:do_switch$81$rdmux[0][6][37]$b$1764 [4:1] = 4'0010
    Consolidated identical input bits for $mux cell $memory$auto$proc_rom.cc:155:do_switch$81$rdmux[0][7][74]$2065:
      Old ports: A=5'00010, B=5'00011, Y=$memory$auto$proc_rom.cc:155:do_switch$81$rdmux[0][6][37]$a$1763
      New ports: A=1'0, B=1'1, Y=$memory$auto$proc_rom.cc:155:do_switch$81$rdmux[0][6][37]$a$1763 [0]
      New connections: $memory$auto$proc_rom.cc:155:do_switch$81$rdmux[0][6][37]$a$1763 [4:1] = 4'0001
    Consolidated identical input bits for $mux cell $memory$auto$proc_rom.cc:155:do_switch$81$rdmux[0][7][73]$2062:
      Old ports: A=5'00010, B=5'00011, Y=$memory$auto$proc_rom.cc:155:do_switch$81$rdmux[0][6][36]$b$1761
      New ports: A=1'0, B=1'1, Y=$memory$auto$proc_rom.cc:155:do_switch$81$rdmux[0][6][36]$b$1761 [0]
      New connections: $memory$auto$proc_rom.cc:155:do_switch$81$rdmux[0][6][36]$b$1761 [4:1] = 4'0001
    Consolidated identical input bits for $mux cell $memory$auto$proc_rom.cc:155:do_switch$81$rdmux[0][7][72]$2059:
      Old ports: A=5'00000, B=5'00001, Y=$memory$auto$proc_rom.cc:155:do_switch$81$rdmux[0][6][36]$a$1760
      New ports: A=1'0, B=1'1, Y=$memory$auto$proc_rom.cc:155:do_switch$81$rdmux[0][6][36]$a$1760 [0]
      New connections: $memory$auto$proc_rom.cc:155:do_switch$81$rdmux[0][6][36]$a$1760 [4:1] = 4'0000
    Consolidated identical input bits for $mux cell $memory$auto$proc_rom.cc:155:do_switch$77$rdmux[0][7][114]$2950:
      Old ports: A=5'00011, B=5'00101, Y=$memory$auto$proc_rom.cc:155:do_switch$77$rdmux[0][6][57]$a$2588
      New ports: A=2'01, B=2'10, Y=$memory$auto$proc_rom.cc:155:do_switch$77$rdmux[0][6][57]$a$2588 [2:1]
      New connections: { $memory$auto$proc_rom.cc:155:do_switch$77$rdmux[0][6][57]$a$2588 [4:3] $memory$auto$proc_rom.cc:155:do_switch$77$rdmux[0][6][57]$a$2588 [0] } = 3'001
    Consolidated identical input bits for $mux cell $memory$auto$proc_rom.cc:155:do_switch$77$rdmux[0][7][113]$2947:
      Old ports: A=5'00100, B=5'00110, Y=$memory$auto$proc_rom.cc:155:do_switch$77$rdmux[0][6][56]$b$2586
      New ports: A=1'0, B=1'1, Y=$memory$auto$proc_rom.cc:155:do_switch$77$rdmux[0][6][56]$b$2586 [1]
      New connections: { $memory$auto$proc_rom.cc:155:do_switch$77$rdmux[0][6][56]$b$2586 [4:2] $memory$auto$proc_rom.cc:155:do_switch$77$rdmux[0][6][56]$b$2586 [0] } = 4'0010
    Consolidated identical input bits for $mux cell $memory$auto$proc_rom.cc:155:do_switch$77$rdmux[0][7][111]$2941:
      Old ports: A=5'01011, B=5'01100, Y=$memory$auto$proc_rom.cc:155:do_switch$77$rdmux[0][6][55]$b$2583
      New ports: A=2'01, B=2'10, Y={ $memory$auto$proc_rom.cc:155:do_switch$77$rdmux[0][6][55]$b$2583 [2] $memory$auto$proc_rom.cc:155:do_switch$77$rdmux[0][6][55]$b$2583 [0] }
      New connections: { $memory$auto$proc_rom.cc:155:do_switch$77$rdmux[0][6][55]$b$2583 [4:3] $memory$auto$proc_rom.cc:155:do_switch$77$rdmux[0][6][55]$b$2583 [1] } = { 2'01 $memory$auto$proc_rom.cc:155:do_switch$77$rdmux[0][6][55]$b$2583 [0] }
    Consolidated identical input bits for $mux cell $memory$auto$proc_rom.cc:155:do_switch$77$rdmux[0][7][110]$2938:
      Old ports: A=5'01001, B=5'01010, Y=$memory$auto$proc_rom.cc:155:do_switch$77$rdmux[0][6][55]$a$2582
      New ports: A=2'01, B=2'10, Y=$memory$auto$proc_rom.cc:155:do_switch$77$rdmux[0][6][55]$a$2582 [1:0]
      New connections: $memory$auto$proc_rom.cc:155:do_switch$77$rdmux[0][6][55]$a$2582 [4:2] = 3'010
    Consolidated identical input bits for $mux cell $memory$auto$proc_rom.cc:155:do_switch$77$rdmux[0][7][108]$2932:
      Old ports: A=5'00110, B=5'00111, Y=$memory$auto$proc_rom.cc:155:do_switch$77$rdmux[0][6][54]$a$2579
      New ports: A=1'0, B=1'1, Y=$memory$auto$proc_rom.cc:155:do_switch$77$rdmux[0][6][54]$a$2579 [0]
      New connections: $memory$auto$proc_rom.cc:155:do_switch$77$rdmux[0][6][54]$a$2579 [4:1] = 4'0011
    Consolidated identical input bits for $mux cell $memory$auto$proc_rom.cc:155:do_switch$77$rdmux[0][7][107]$2929:
      Old ports: A=5'00101, B=5'00110, Y=$memory$auto$proc_rom.cc:155:do_switch$77$rdmux[0][6][53]$b$2577
      New ports: A=2'01, B=2'10, Y=$memory$auto$proc_rom.cc:155:do_switch$77$rdmux[0][6][53]$b$2577 [1:0]
      New connections: $memory$auto$proc_rom.cc:155:do_switch$77$rdmux[0][6][53]$b$2577 [4:2] = 3'001
    Consolidated identical input bits for $mux cell $memory$auto$proc_rom.cc:155:do_switch$77$rdmux[0][7][105]$2923:
      Old ports: A=5'00010, B=5'00011, Y=$memory$auto$proc_rom.cc:155:do_switch$77$rdmux[0][6][52]$b$2574
      New ports: A=1'0, B=1'1, Y=$memory$auto$proc_rom.cc:155:do_switch$77$rdmux[0][6][52]$b$2574 [0]
      New connections: $memory$auto$proc_rom.cc:155:do_switch$77$rdmux[0][6][52]$b$2574 [4:1] = 4'0001
    Consolidated identical input bits for $mux cell $memory$auto$proc_rom.cc:155:do_switch$77$rdmux[0][7][104]$2920:
      Old ports: A=5'00000, B=5'00001, Y=$memory$auto$proc_rom.cc:155:do_switch$77$rdmux[0][6][52]$a$2573
      New ports: A=1'0, B=1'1, Y=$memory$auto$proc_rom.cc:155:do_switch$77$rdmux[0][6][52]$a$2573 [0]
      New connections: $memory$auto$proc_rom.cc:155:do_switch$77$rdmux[0][6][52]$a$2573 [4:1] = 4'0000
    Consolidated identical input bits for $mux cell $memory$auto$proc_rom.cc:155:do_switch$81$rdmux[0][7][63]$2032:
      Old ports: A=5'01001, B=5'01100, Y=$memory$auto$proc_rom.cc:155:do_switch$81$rdmux[0][6][31]$b$1746
      New ports: A=2'01, B=2'10, Y={ $memory$auto$proc_rom.cc:155:do_switch$81$rdmux[0][6][31]$b$1746 [2] $memory$auto$proc_rom.cc:155:do_switch$81$rdmux[0][6][31]$b$1746 [0] }
      New connections: { $memory$auto$proc_rom.cc:155:do_switch$81$rdmux[0][6][31]$b$1746 [4:3] $memory$auto$proc_rom.cc:155:do_switch$81$rdmux[0][6][31]$b$1746 [1] } = 3'010
    Consolidated identical input bits for $mux cell $memory$auto$proc_rom.cc:155:do_switch$81$rdmux[0][7][62]$2029:
      Old ports: A=5'00011, B=5'00110, Y=$memory$auto$proc_rom.cc:155:do_switch$81$rdmux[0][6][31]$a$1745
      New ports: A=2'01, B=2'10, Y={ $memory$auto$proc_rom.cc:155:do_switch$81$rdmux[0][6][31]$a$1745 [2] $memory$auto$proc_rom.cc:155:do_switch$81$rdmux[0][6][31]$a$1745 [0] }
      New connections: { $memory$auto$proc_rom.cc:155:do_switch$81$rdmux[0][6][31]$a$1745 [4:3] $memory$auto$proc_rom.cc:155:do_switch$81$rdmux[0][6][31]$a$1745 [1] } = 3'001
    Consolidated identical input bits for $mux cell $memory$auto$proc_rom.cc:155:do_switch$81$rdmux[0][7][61]$2026:
      Old ports: A=5'01000, B=5'01011, Y=$memory$auto$proc_rom.cc:155:do_switch$81$rdmux[0][6][30]$b$1743
      New ports: A=1'0, B=1'1, Y=$memory$auto$proc_rom.cc:155:do_switch$81$rdmux[0][6][30]$b$1743 [0]
      New connections: $memory$auto$proc_rom.cc:155:do_switch$81$rdmux[0][6][30]$b$1743 [4:1] = { 3'010 $memory$auto$proc_rom.cc:155:do_switch$81$rdmux[0][6][30]$b$1743 [0] }
    Consolidated identical input bits for $mux cell $memory$auto$proc_rom.cc:155:do_switch$81$rdmux[0][7][60]$2023:
      Old ports: A=5'00010, B=5'00101, Y=$memory$auto$proc_rom.cc:155:do_switch$81$rdmux[0][6][30]$a$1742
      New ports: A=2'10, B=2'01, Y=$memory$auto$proc_rom.cc:155:do_switch$81$rdmux[0][6][30]$a$1742 [1:0]
      New connections: $memory$auto$proc_rom.cc:155:do_switch$81$rdmux[0][6][30]$a$1742 [4:2] = { 2'00 $memory$auto$proc_rom.cc:155:do_switch$81$rdmux[0][6][30]$a$1742 [0] }
    Consolidated identical input bits for $mux cell $memory$auto$proc_rom.cc:155:do_switch$81$rdmux[0][7][59]$2020:
      Old ports: A=5'00111, B=5'01010, Y=$memory$auto$proc_rom.cc:155:do_switch$81$rdmux[0][6][29]$b$1740
      New ports: A=2'01, B=2'10, Y={ $memory$auto$proc_rom.cc:155:do_switch$81$rdmux[0][6][29]$b$1740 [3] $memory$auto$proc_rom.cc:155:do_switch$81$rdmux[0][6][29]$b$1740 [0] }
      New connections: { $memory$auto$proc_rom.cc:155:do_switch$81$rdmux[0][6][29]$b$1740 [4] $memory$auto$proc_rom.cc:155:do_switch$81$rdmux[0][6][29]$b$1740 [2:1] } = { 1'0 $memory$auto$proc_rom.cc:155:do_switch$81$rdmux[0][6][29]$b$1740 [0] 1'1 }
    Consolidated identical input bits for $mux cell $memory$auto$proc_rom.cc:155:do_switch$81$rdmux[0][7][58]$2017:
      Old ports: A=5'00001, B=5'00100, Y=$memory$auto$proc_rom.cc:155:do_switch$81$rdmux[0][6][29]$a$1739
      New ports: A=2'01, B=2'10, Y={ $memory$auto$proc_rom.cc:155:do_switch$81$rdmux[0][6][29]$a$1739 [2] $memory$auto$proc_rom.cc:155:do_switch$81$rdmux[0][6][29]$a$1739 [0] }
      New connections: { $memory$auto$proc_rom.cc:155:do_switch$81$rdmux[0][6][29]$a$1739 [4:3] $memory$auto$proc_rom.cc:155:do_switch$81$rdmux[0][6][29]$a$1739 [1] } = 3'000
    Consolidated identical input bits for $mux cell $memory$auto$proc_rom.cc:155:do_switch$81$rdmux[0][7][57]$2014:
      Old ports: A=5'00110, B=5'01001, Y=$memory$auto$proc_rom.cc:155:do_switch$81$rdmux[0][6][28]$b$1737
      New ports: A=2'10, B=2'01, Y=$memory$auto$proc_rom.cc:155:do_switch$81$rdmux[0][6][28]$b$1737 [1:0]
      New connections: $memory$auto$proc_rom.cc:155:do_switch$81$rdmux[0][6][28]$b$1737 [4:2] = { 1'0 $memory$auto$proc_rom.cc:155:do_switch$81$rdmux[0][6][28]$b$1737 [0] $memory$auto$proc_rom.cc:155:do_switch$81$rdmux[0][6][28]$b$1737 [1] }
    Consolidated identical input bits for $mux cell $memory$auto$proc_rom.cc:155:do_switch$81$rdmux[0][7][56]$2011:
      Old ports: A=5'00000, B=5'00011, Y=$memory$auto$proc_rom.cc:155:do_switch$81$rdmux[0][6][28]$a$1736
      New ports: A=1'0, B=1'1, Y=$memory$auto$proc_rom.cc:155:do_switch$81$rdmux[0][6][28]$a$1736 [0]
      New connections: $memory$auto$proc_rom.cc:155:do_switch$81$rdmux[0][6][28]$a$1736 [4:1] = { 3'000 $memory$auto$proc_rom.cc:155:do_switch$81$rdmux[0][6][28]$a$1736 [0] }
    Consolidated identical input bits for $mux cell $memory$auto$proc_rom.cc:155:do_switch$81$rdmux[0][7][55]$2008:
      Old ports: A=5'00111, B=5'01001, Y=$memory$auto$proc_rom.cc:155:do_switch$81$rdmux[0][6][27]$b$1734
      New ports: A=2'01, B=2'10, Y={ $memory$auto$proc_rom.cc:155:do_switch$81$rdmux[0][6][27]$b$1734 [3] $memory$auto$proc_rom.cc:155:do_switch$81$rdmux[0][6][27]$b$1734 [1] }
      New connections: { $memory$auto$proc_rom.cc:155:do_switch$81$rdmux[0][6][27]$b$1734 [4] $memory$auto$proc_rom.cc:155:do_switch$81$rdmux[0][6][27]$b$1734 [2] $memory$auto$proc_rom.cc:155:do_switch$81$rdmux[0][6][27]$b$1734 [0] } = { 1'0 $memory$auto$proc_rom.cc:155:do_switch$81$rdmux[0][6][27]$b$1734 [1] 1'1 }
    Consolidated identical input bits for $mux cell $memory$auto$proc_rom.cc:155:do_switch$81$rdmux[0][7][54]$2005:
      Old ports: A=5'00011, B=5'00101, Y=$memory$auto$proc_rom.cc:155:do_switch$81$rdmux[0][6][27]$a$1733
      New ports: A=2'01, B=2'10, Y=$memory$auto$proc_rom.cc:155:do_switch$81$rdmux[0][6][27]$a$1733 [2:1]
      New connections: { $memory$auto$proc_rom.cc:155:do_switch$81$rdmux[0][6][27]$a$1733 [4:3] $memory$auto$proc_rom.cc:155:do_switch$81$rdmux[0][6][27]$a$1733 [0] } = 3'001
    Consolidated identical input bits for $mux cell $memory$auto$proc_rom.cc:155:do_switch$81$rdmux[0][7][53]$2002:
      Old ports: A=5'00110, B=5'01000, Y=$memory$auto$proc_rom.cc:155:do_switch$81$rdmux[0][6][26]$b$1731
      New ports: A=2'01, B=2'10, Y={ $memory$auto$proc_rom.cc:155:do_switch$81$rdmux[0][6][26]$b$1731 [3] $memory$auto$proc_rom.cc:155:do_switch$81$rdmux[0][6][26]$b$1731 [1] }
      New connections: { $memory$auto$proc_rom.cc:155:do_switch$81$rdmux[0][6][26]$b$1731 [4] $memory$auto$proc_rom.cc:155:do_switch$81$rdmux[0][6][26]$b$1731 [2] $memory$auto$proc_rom.cc:155:do_switch$81$rdmux[0][6][26]$b$1731 [0] } = { 1'0 $memory$auto$proc_rom.cc:155:do_switch$81$rdmux[0][6][26]$b$1731 [1] 1'0 }
    Consolidated identical input bits for $mux cell $memory$auto$proc_rom.cc:155:do_switch$81$rdmux[0][7][52]$1999:
      Old ports: A=5'00010, B=5'00100, Y=$memory$auto$proc_rom.cc:155:do_switch$81$rdmux[0][6][26]$a$1730
      New ports: A=2'01, B=2'10, Y=$memory$auto$proc_rom.cc:155:do_switch$81$rdmux[0][6][26]$a$1730 [2:1]
      New connections: { $memory$auto$proc_rom.cc:155:do_switch$81$rdmux[0][6][26]$a$1730 [4:3] $memory$auto$proc_rom.cc:155:do_switch$81$rdmux[0][6][26]$a$1730 [0] } = 3'000
    Consolidated identical input bits for $mux cell $memory$auto$proc_rom.cc:155:do_switch$81$rdmux[0][7][51]$1996:
      Old ports: A=5'00101, B=5'00111, Y=$memory$auto$proc_rom.cc:155:do_switch$81$rdmux[0][6][25]$b$1728
      New ports: A=1'0, B=1'1, Y=$memory$auto$proc_rom.cc:155:do_switch$81$rdmux[0][6][25]$b$1728 [1]
      New connections: { $memory$auto$proc_rom.cc:155:do_switch$81$rdmux[0][6][25]$b$1728 [4:2] $memory$auto$proc_rom.cc:155:do_switch$81$rdmux[0][6][25]$b$1728 [0] } = 4'0011
    Consolidated identical input bits for $mux cell $memory$auto$proc_rom.cc:155:do_switch$81$rdmux[0][7][50]$1993:
      Old ports: A=5'00001, B=5'00011, Y=$memory$auto$proc_rom.cc:155:do_switch$81$rdmux[0][6][25]$a$1727
      New ports: A=1'0, B=1'1, Y=$memory$auto$proc_rom.cc:155:do_switch$81$rdmux[0][6][25]$a$1727 [1]
      New connections: { $memory$auto$proc_rom.cc:155:do_switch$81$rdmux[0][6][25]$a$1727 [4:2] $memory$auto$proc_rom.cc:155:do_switch$81$rdmux[0][6][25]$a$1727 [0] } = 4'0001
    Consolidated identical input bits for $mux cell $memory$auto$proc_rom.cc:155:do_switch$81$rdmux[0][7][49]$1990:
      Old ports: A=5'00100, B=5'00110, Y=$memory$auto$proc_rom.cc:155:do_switch$81$rdmux[0][6][24]$b$1725
      New ports: A=1'0, B=1'1, Y=$memory$auto$proc_rom.cc:155:do_switch$81$rdmux[0][6][24]$b$1725 [1]
      New connections: { $memory$auto$proc_rom.cc:155:do_switch$81$rdmux[0][6][24]$b$1725 [4:2] $memory$auto$proc_rom.cc:155:do_switch$81$rdmux[0][6][24]$b$1725 [0] } = 4'0010
    Consolidated identical input bits for $mux cell $memory$auto$proc_rom.cc:155:do_switch$81$rdmux[0][7][48]$1987:
      Old ports: A=5'00000, B=5'00010, Y=$memory$auto$proc_rom.cc:155:do_switch$81$rdmux[0][6][24]$a$1724
      New ports: A=1'0, B=1'1, Y=$memory$auto$proc_rom.cc:155:do_switch$81$rdmux[0][6][24]$a$1724 [1]
      New connections: { $memory$auto$proc_rom.cc:155:do_switch$81$rdmux[0][6][24]$a$1724 [4:2] $memory$auto$proc_rom.cc:155:do_switch$81$rdmux[0][6][24]$a$1724 [0] } = 4'0000
    Consolidated identical input bits for $mux cell $memory$auto$proc_rom.cc:155:do_switch$81$rdmux[0][7][47]$1984:
      Old ports: A=5'00101, B=5'00110, Y=$memory$auto$proc_rom.cc:155:do_switch$81$rdmux[0][6][23]$b$1722
      New ports: A=2'01, B=2'10, Y=$memory$auto$proc_rom.cc:155:do_switch$81$rdmux[0][6][23]$b$1722 [1:0]
      New connections: $memory$auto$proc_rom.cc:155:do_switch$81$rdmux[0][6][23]$b$1722 [4:2] = 3'001
    Consolidated identical input bits for $mux cell $memory$auto$proc_rom.cc:155:do_switch$81$rdmux[0][7][46]$1981:
      Old ports: A=5'00011, B=5'00100, Y=$memory$auto$proc_rom.cc:155:do_switch$81$rdmux[0][6][23]$a$1721
      New ports: A=2'01, B=2'10, Y={ $memory$auto$proc_rom.cc:155:do_switch$81$rdmux[0][6][23]$a$1721 [2] $memory$auto$proc_rom.cc:155:do_switch$81$rdmux[0][6][23]$a$1721 [0] }
      New connections: { $memory$auto$proc_rom.cc:155:do_switch$81$rdmux[0][6][23]$a$1721 [4:3] $memory$auto$proc_rom.cc:155:do_switch$81$rdmux[0][6][23]$a$1721 [1] } = { 2'00 $memory$auto$proc_rom.cc:155:do_switch$81$rdmux[0][6][23]$a$1721 [0] }
    Consolidated identical input bits for $mux cell $memory$auto$proc_rom.cc:155:do_switch$81$rdmux[0][7][45]$1978:
      Old ports: A=5'00100, B=5'00101, Y=$memory$auto$proc_rom.cc:155:do_switch$81$rdmux[0][6][22]$b$1719
      New ports: A=1'0, B=1'1, Y=$memory$auto$proc_rom.cc:155:do_switch$81$rdmux[0][6][22]$b$1719 [0]
      New connections: $memory$auto$proc_rom.cc:155:do_switch$81$rdmux[0][6][22]$b$1719 [4:1] = 4'0010
    Consolidated identical input bits for $mux cell $memory$auto$proc_rom.cc:155:do_switch$81$rdmux[0][7][44]$1975:
      Old ports: A=5'00010, B=5'00011, Y=$memory$auto$proc_rom.cc:155:do_switch$81$rdmux[0][6][22]$a$1718
      New ports: A=1'0, B=1'1, Y=$memory$auto$proc_rom.cc:155:do_switch$81$rdmux[0][6][22]$a$1718 [0]
      New connections: $memory$auto$proc_rom.cc:155:do_switch$81$rdmux[0][6][22]$a$1718 [4:1] = 4'0001
    Consolidated identical input bits for $mux cell $memory$auto$proc_rom.cc:155:do_switch$81$rdmux[0][7][43]$1972:
      Old ports: A=5'00011, B=5'00100, Y=$memory$auto$proc_rom.cc:155:do_switch$81$rdmux[0][6][21]$b$1716
      New ports: A=2'01, B=2'10, Y={ $memory$auto$proc_rom.cc:155:do_switch$81$rdmux[0][6][21]$b$1716 [2] $memory$auto$proc_rom.cc:155:do_switch$81$rdmux[0][6][21]$b$1716 [0] }
      New connections: { $memory$auto$proc_rom.cc:155:do_switch$81$rdmux[0][6][21]$b$1716 [4:3] $memory$auto$proc_rom.cc:155:do_switch$81$rdmux[0][6][21]$b$1716 [1] } = { 2'00 $memory$auto$proc_rom.cc:155:do_switch$81$rdmux[0][6][21]$b$1716 [0] }
    Consolidated identical input bits for $mux cell $memory$auto$proc_rom.cc:155:do_switch$81$rdmux[0][7][42]$1969:
      Old ports: A=5'00001, B=5'00010, Y=$memory$auto$proc_rom.cc:155:do_switch$81$rdmux[0][6][21]$a$1715
      New ports: A=2'01, B=2'10, Y=$memory$auto$proc_rom.cc:155:do_switch$81$rdmux[0][6][21]$a$1715 [1:0]
      New connections: $memory$auto$proc_rom.cc:155:do_switch$81$rdmux[0][6][21]$a$1715 [4:2] = 3'000
    Consolidated identical input bits for $mux cell $memory$auto$proc_rom.cc:155:do_switch$81$rdmux[0][7][41]$1966:
      Old ports: A=5'00010, B=5'00011, Y=$memory$auto$proc_rom.cc:155:do_switch$81$rdmux[0][6][20]$b$1713
      New ports: A=1'0, B=1'1, Y=$memory$auto$proc_rom.cc:155:do_switch$81$rdmux[0][6][20]$b$1713 [0]
      New connections: $memory$auto$proc_rom.cc:155:do_switch$81$rdmux[0][6][20]$b$1713 [4:1] = 4'0001
    Consolidated identical input bits for $mux cell $memory$auto$proc_rom.cc:155:do_switch$81$rdmux[0][7][40]$1963:
      Old ports: A=5'00000, B=5'00001, Y=$memory$auto$proc_rom.cc:155:do_switch$81$rdmux[0][6][20]$a$1712
      New ports: A=1'0, B=1'1, Y=$memory$auto$proc_rom.cc:155:do_switch$81$rdmux[0][6][20]$a$1712 [0]
      New connections: $memory$auto$proc_rom.cc:155:do_switch$81$rdmux[0][6][20]$a$1712 [4:1] = 4'0000
    Consolidated identical input bits for $mux cell $memory$auto$proc_rom.cc:155:do_switch$77$rdmux[0][7][72]$2824:
      Old ports: A=5'00000, B=5'00001, Y=$memory$auto$proc_rom.cc:155:do_switch$77$rdmux[0][6][36]$a$2525
      New ports: A=1'0, B=1'1, Y=$memory$auto$proc_rom.cc:155:do_switch$77$rdmux[0][6][36]$a$2525 [0]
      New connections: $memory$auto$proc_rom.cc:155:do_switch$77$rdmux[0][6][36]$a$2525 [4:1] = 4'0000
    Consolidated identical input bits for $mux cell $memory$auto$proc_rom.cc:155:do_switch$77$rdmux[0][7][74]$2830:
      Old ports: A=5'00010, B=5'00011, Y=$memory$auto$proc_rom.cc:155:do_switch$77$rdmux[0][6][37]$a$2528
      New ports: A=1'0, B=1'1, Y=$memory$auto$proc_rom.cc:155:do_switch$77$rdmux[0][6][37]$a$2528 [0]
      New connections: $memory$auto$proc_rom.cc:155:do_switch$77$rdmux[0][6][37]$a$2528 [4:1] = 4'0001
    Consolidated identical input bits for $mux cell $memory$auto$proc_rom.cc:155:do_switch$77$rdmux[0][7][60]$2788:
      Old ports: A=5'00010, B=5'00101, Y=$memory$auto$proc_rom.cc:155:do_switch$77$rdmux[0][6][30]$a$2507
      New ports: A=2'10, B=2'01, Y=$memory$auto$proc_rom.cc:155:do_switch$77$rdmux[0][6][30]$a$2507 [1:0]
      New connections: $memory$auto$proc_rom.cc:155:do_switch$77$rdmux[0][6][30]$a$2507 [4:2] = { 2'00 $memory$auto$proc_rom.cc:155:do_switch$77$rdmux[0][6][30]$a$2507 [0] }
    Consolidated identical input bits for $mux cell $memory$auto$proc_rom.cc:155:do_switch$77$rdmux[0][7][59]$2785:
      Old ports: A=5'00111, B=5'01010, Y=$memory$auto$proc_rom.cc:155:do_switch$77$rdmux[0][6][29]$b$2505
      New ports: A=2'01, B=2'10, Y={ $memory$auto$proc_rom.cc:155:do_switch$77$rdmux[0][6][29]$b$2505 [3] $memory$auto$proc_rom.cc:155:do_switch$77$rdmux[0][6][29]$b$2505 [0] }
      New connections: { $memory$auto$proc_rom.cc:155:do_switch$77$rdmux[0][6][29]$b$2505 [4] $memory$auto$proc_rom.cc:155:do_switch$77$rdmux[0][6][29]$b$2505 [2:1] } = { 1'0 $memory$auto$proc_rom.cc:155:do_switch$77$rdmux[0][6][29]$b$2505 [0] 1'1 }
    Consolidated identical input bits for $mux cell $memory$auto$proc_rom.cc:155:do_switch$77$rdmux[0][7][57]$2779:
      Old ports: A=5'00110, B=5'01001, Y=$memory$auto$proc_rom.cc:155:do_switch$77$rdmux[0][6][28]$b$2502
      New ports: A=2'10, B=2'01, Y=$memory$auto$proc_rom.cc:155:do_switch$77$rdmux[0][6][28]$b$2502 [1:0]
      New connections: $memory$auto$proc_rom.cc:155:do_switch$77$rdmux[0][6][28]$b$2502 [4:2] = { 1'0 $memory$auto$proc_rom.cc:155:do_switch$77$rdmux[0][6][28]$b$2502 [0] $memory$auto$proc_rom.cc:155:do_switch$77$rdmux[0][6][28]$b$2502 [1] }
    Consolidated identical input bits for $mux cell $memory$auto$proc_rom.cc:155:do_switch$77$rdmux[0][7][95]$2893:
      Old ports: A=5'01100, B=5'01111, Y=$memory$auto$proc_rom.cc:155:do_switch$77$rdmux[0][6][47]$b$2559
      New ports: A=1'0, B=1'1, Y=$memory$auto$proc_rom.cc:155:do_switch$77$rdmux[0][6][47]$b$2559 [0]
      New connections: $memory$auto$proc_rom.cc:155:do_switch$77$rdmux[0][6][47]$b$2559 [4:1] = { 3'011 $memory$auto$proc_rom.cc:155:do_switch$77$rdmux[0][6][47]$b$2559 [0] }
    Consolidated identical input bits for $mux cell $memory$auto$proc_rom.cc:155:do_switch$77$rdmux[0][7][93]$2887:
      Old ports: A=5'01010, B=5'01101, Y=$memory$auto$proc_rom.cc:155:do_switch$77$rdmux[0][6][46]$b$2556
      New ports: A=2'10, B=2'01, Y=$memory$auto$proc_rom.cc:155:do_switch$77$rdmux[0][6][46]$b$2556 [1:0]
      New connections: $memory$auto$proc_rom.cc:155:do_switch$77$rdmux[0][6][46]$b$2556 [4:2] = { 2'01 $memory$auto$proc_rom.cc:155:do_switch$77$rdmux[0][6][46]$b$2556 [0] }
    Consolidated identical input bits for $mux cell $memory$auto$proc_rom.cc:155:do_switch$77$rdmux[0][7][92]$2884:
      Old ports: A=5'00100, B=5'00111, Y=$memory$auto$proc_rom.cc:155:do_switch$77$rdmux[0][6][46]$a$2555
      New ports: A=1'0, B=1'1, Y=$memory$auto$proc_rom.cc:155:do_switch$77$rdmux[0][6][46]$a$2555 [0]
      New connections: $memory$auto$proc_rom.cc:155:do_switch$77$rdmux[0][6][46]$a$2555 [4:1] = { 3'001 $memory$auto$proc_rom.cc:155:do_switch$77$rdmux[0][6][46]$a$2555 [0] }
    Consolidated identical input bits for $mux cell $memory$auto$proc_rom.cc:155:do_switch$81$rdmux[0][7][31]$1936:
      Old ports: A=5'00110, B=5'01001, Y=$memory$auto$proc_rom.cc:155:do_switch$81$rdmux[0][6][15]$b$1698
      New ports: A=2'10, B=2'01, Y=$memory$auto$proc_rom.cc:155:do_switch$81$rdmux[0][6][15]$b$1698 [1:0]
      New connections: $memory$auto$proc_rom.cc:155:do_switch$81$rdmux[0][6][15]$b$1698 [4:2] = { 1'0 $memory$auto$proc_rom.cc:155:do_switch$81$rdmux[0][6][15]$b$1698 [0] $memory$auto$proc_rom.cc:155:do_switch$81$rdmux[0][6][15]$b$1698 [1] }
    Consolidated identical input bits for $mux cell $memory$auto$proc_rom.cc:155:do_switch$81$rdmux[0][7][30]$1933:
      Old ports: A=5'00000, B=5'00011, Y=$memory$auto$proc_rom.cc:155:do_switch$81$rdmux[0][6][15]$a$1697
      New ports: A=1'0, B=1'1, Y=$memory$auto$proc_rom.cc:155:do_switch$81$rdmux[0][6][15]$a$1697 [0]
      New connections: $memory$auto$proc_rom.cc:155:do_switch$81$rdmux[0][6][15]$a$1697 [4:1] = { 3'000 $memory$auto$proc_rom.cc:155:do_switch$81$rdmux[0][6][15]$a$1697 [0] }
    Consolidated identical input bits for $mux cell $memory$auto$proc_rom.cc:155:do_switch$81$rdmux[0][7][29]$1930:
      Old ports: A=5'00110, B=5'01001, Y=$memory$auto$proc_rom.cc:155:do_switch$81$rdmux[0][6][14]$b$1695
      New ports: A=2'10, B=2'01, Y=$memory$auto$proc_rom.cc:155:do_switch$81$rdmux[0][6][14]$b$1695 [1:0]
      New connections: $memory$auto$proc_rom.cc:155:do_switch$81$rdmux[0][6][14]$b$1695 [4:2] = { 1'0 $memory$auto$proc_rom.cc:155:do_switch$81$rdmux[0][6][14]$b$1695 [0] $memory$auto$proc_rom.cc:155:do_switch$81$rdmux[0][6][14]$b$1695 [1] }
    Consolidated identical input bits for $mux cell $memory$auto$proc_rom.cc:155:do_switch$81$rdmux[0][7][28]$1927:
      Old ports: A=5'00000, B=5'00011, Y=$memory$auto$proc_rom.cc:155:do_switch$81$rdmux[0][6][14]$a$1694
      New ports: A=1'0, B=1'1, Y=$memory$auto$proc_rom.cc:155:do_switch$81$rdmux[0][6][14]$a$1694 [0]
      New connections: $memory$auto$proc_rom.cc:155:do_switch$81$rdmux[0][6][14]$a$1694 [4:1] = { 3'000 $memory$auto$proc_rom.cc:155:do_switch$81$rdmux[0][6][14]$a$1694 [0] }
    Consolidated identical input bits for $mux cell $memory$auto$proc_rom.cc:155:do_switch$81$rdmux[0][7][27]$1924:
      Old ports: A=5'00110, B=5'01001, Y=$memory$auto$proc_rom.cc:155:do_switch$81$rdmux[0][6][13]$b$1692
      New ports: A=2'10, B=2'01, Y=$memory$auto$proc_rom.cc:155:do_switch$81$rdmux[0][6][13]$b$1692 [1:0]
      New connections: $memory$auto$proc_rom.cc:155:do_switch$81$rdmux[0][6][13]$b$1692 [4:2] = { 1'0 $memory$auto$proc_rom.cc:155:do_switch$81$rdmux[0][6][13]$b$1692 [0] $memory$auto$proc_rom.cc:155:do_switch$81$rdmux[0][6][13]$b$1692 [1] }
    Consolidated identical input bits for $mux cell $memory$auto$proc_rom.cc:155:do_switch$81$rdmux[0][7][26]$1921:
      Old ports: A=5'00000, B=5'00011, Y=$memory$auto$proc_rom.cc:155:do_switch$81$rdmux[0][6][13]$a$1691
      New ports: A=1'0, B=1'1, Y=$memory$auto$proc_rom.cc:155:do_switch$81$rdmux[0][6][13]$a$1691 [0]
      New connections: $memory$auto$proc_rom.cc:155:do_switch$81$rdmux[0][6][13]$a$1691 [4:1] = { 3'000 $memory$auto$proc_rom.cc:155:do_switch$81$rdmux[0][6][13]$a$1691 [0] }
    Consolidated identical input bits for $mux cell $memory$auto$proc_rom.cc:155:do_switch$81$rdmux[0][7][25]$1918:
      Old ports: A=5'00110, B=5'01001, Y=$memory$auto$proc_rom.cc:155:do_switch$81$rdmux[0][6][12]$b$1689
      New ports: A=2'10, B=2'01, Y=$memory$auto$proc_rom.cc:155:do_switch$81$rdmux[0][6][12]$b$1689 [1:0]
      New connections: $memory$auto$proc_rom.cc:155:do_switch$81$rdmux[0][6][12]$b$1689 [4:2] = { 1'0 $memory$auto$proc_rom.cc:155:do_switch$81$rdmux[0][6][12]$b$1689 [0] $memory$auto$proc_rom.cc:155:do_switch$81$rdmux[0][6][12]$b$1689 [1] }
    Consolidated identical input bits for $mux cell $memory$auto$proc_rom.cc:155:do_switch$81$rdmux[0][7][24]$1915:
      Old ports: A=5'00000, B=5'00011, Y=$memory$auto$proc_rom.cc:155:do_switch$81$rdmux[0][6][12]$a$1688
      New ports: A=1'0, B=1'1, Y=$memory$auto$proc_rom.cc:155:do_switch$81$rdmux[0][6][12]$a$1688 [0]
      New connections: $memory$auto$proc_rom.cc:155:do_switch$81$rdmux[0][6][12]$a$1688 [4:1] = { 3'000 $memory$auto$proc_rom.cc:155:do_switch$81$rdmux[0][6][12]$a$1688 [0] }
    Consolidated identical input bits for $mux cell $memory$auto$proc_rom.cc:155:do_switch$81$rdmux[0][7][23]$1912:
      Old ports: A=5'00100, B=5'00110, Y=$memory$auto$proc_rom.cc:155:do_switch$81$rdmux[0][6][11]$b$1686
      New ports: A=1'0, B=1'1, Y=$memory$auto$proc_rom.cc:155:do_switch$81$rdmux[0][6][11]$b$1686 [1]
      New connections: { $memory$auto$proc_rom.cc:155:do_switch$81$rdmux[0][6][11]$b$1686 [4:2] $memory$auto$proc_rom.cc:155:do_switch$81$rdmux[0][6][11]$b$1686 [0] } = 4'0010
    Consolidated identical input bits for $mux cell $memory$auto$proc_rom.cc:155:do_switch$81$rdmux[0][7][22]$1909:
      Old ports: A=5'00000, B=5'00010, Y=$memory$auto$proc_rom.cc:155:do_switch$81$rdmux[0][6][11]$a$1685
      New ports: A=1'0, B=1'1, Y=$memory$auto$proc_rom.cc:155:do_switch$81$rdmux[0][6][11]$a$1685 [1]
      New connections: { $memory$auto$proc_rom.cc:155:do_switch$81$rdmux[0][6][11]$a$1685 [4:2] $memory$auto$proc_rom.cc:155:do_switch$81$rdmux[0][6][11]$a$1685 [0] } = 4'0000
    Consolidated identical input bits for $mux cell $memory$auto$proc_rom.cc:155:do_switch$81$rdmux[0][7][21]$1906:
      Old ports: A=5'00100, B=5'00110, Y=$memory$auto$proc_rom.cc:155:do_switch$81$rdmux[0][6][10]$b$1683
      New ports: A=1'0, B=1'1, Y=$memory$auto$proc_rom.cc:155:do_switch$81$rdmux[0][6][10]$b$1683 [1]
      New connections: { $memory$auto$proc_rom.cc:155:do_switch$81$rdmux[0][6][10]$b$1683 [4:2] $memory$auto$proc_rom.cc:155:do_switch$81$rdmux[0][6][10]$b$1683 [0] } = 4'0010
    Consolidated identical input bits for $mux cell $memory$auto$proc_rom.cc:155:do_switch$81$rdmux[0][7][20]$1903:
      Old ports: A=5'00000, B=5'00010, Y=$memory$auto$proc_rom.cc:155:do_switch$81$rdmux[0][6][10]$a$1682
      New ports: A=1'0, B=1'1, Y=$memory$auto$proc_rom.cc:155:do_switch$81$rdmux[0][6][10]$a$1682 [1]
      New connections: { $memory$auto$proc_rom.cc:155:do_switch$81$rdmux[0][6][10]$a$1682 [4:2] $memory$auto$proc_rom.cc:155:do_switch$81$rdmux[0][6][10]$a$1682 [0] } = 4'0000
    Consolidated identical input bits for $mux cell $memory$auto$proc_rom.cc:155:do_switch$81$rdmux[0][7][19]$1900:
      Old ports: A=5'00100, B=5'00110, Y=$memory$auto$proc_rom.cc:155:do_switch$81$rdmux[0][6][9]$b$1680
      New ports: A=1'0, B=1'1, Y=$memory$auto$proc_rom.cc:155:do_switch$81$rdmux[0][6][9]$b$1680 [1]
      New connections: { $memory$auto$proc_rom.cc:155:do_switch$81$rdmux[0][6][9]$b$1680 [4:2] $memory$auto$proc_rom.cc:155:do_switch$81$rdmux[0][6][9]$b$1680 [0] } = 4'0010
    Consolidated identical input bits for $mux cell $memory$auto$proc_rom.cc:155:do_switch$81$rdmux[0][7][18]$1897:
      Old ports: A=5'00000, B=5'00010, Y=$memory$auto$proc_rom.cc:155:do_switch$81$rdmux[0][6][9]$a$1679
      New ports: A=1'0, B=1'1, Y=$memory$auto$proc_rom.cc:155:do_switch$81$rdmux[0][6][9]$a$1679 [1]
      New connections: { $memory$auto$proc_rom.cc:155:do_switch$81$rdmux[0][6][9]$a$1679 [4:2] $memory$auto$proc_rom.cc:155:do_switch$81$rdmux[0][6][9]$a$1679 [0] } = 4'0000
    Consolidated identical input bits for $mux cell $memory$auto$proc_rom.cc:155:do_switch$81$rdmux[0][7][17]$1894:
      Old ports: A=5'00100, B=5'00110, Y=$memory$auto$proc_rom.cc:155:do_switch$81$rdmux[0][6][8]$b$1677
      New ports: A=1'0, B=1'1, Y=$memory$auto$proc_rom.cc:155:do_switch$81$rdmux[0][6][8]$b$1677 [1]
      New connections: { $memory$auto$proc_rom.cc:155:do_switch$81$rdmux[0][6][8]$b$1677 [4:2] $memory$auto$proc_rom.cc:155:do_switch$81$rdmux[0][6][8]$b$1677 [0] } = 4'0010
    Consolidated identical input bits for $mux cell $memory$auto$proc_rom.cc:155:do_switch$81$rdmux[0][7][16]$1891:
      Old ports: A=5'00000, B=5'00010, Y=$memory$auto$proc_rom.cc:155:do_switch$81$rdmux[0][6][8]$a$1676
      New ports: A=1'0, B=1'1, Y=$memory$auto$proc_rom.cc:155:do_switch$81$rdmux[0][6][8]$a$1676 [1]
      New connections: { $memory$auto$proc_rom.cc:155:do_switch$81$rdmux[0][6][8]$a$1676 [4:2] $memory$auto$proc_rom.cc:155:do_switch$81$rdmux[0][6][8]$a$1676 [0] } = 4'0000
    Consolidated identical input bits for $mux cell $memory$auto$proc_rom.cc:155:do_switch$81$rdmux[0][7][15]$1888:
      Old ports: A=5'00010, B=5'00011, Y=$memory$auto$proc_rom.cc:155:do_switch$81$rdmux[0][6][7]$b$1674
      New ports: A=1'0, B=1'1, Y=$memory$auto$proc_rom.cc:155:do_switch$81$rdmux[0][6][7]$b$1674 [0]
      New connections: $memory$auto$proc_rom.cc:155:do_switch$81$rdmux[0][6][7]$b$1674 [4:1] = 4'0001
    Consolidated identical input bits for $mux cell $memory$auto$proc_rom.cc:155:do_switch$81$rdmux[0][7][14]$1885:
      Old ports: A=5'00000, B=5'00001, Y=$memory$auto$proc_rom.cc:155:do_switch$81$rdmux[0][6][7]$a$1673
      New ports: A=1'0, B=1'1, Y=$memory$auto$proc_rom.cc:155:do_switch$81$rdmux[0][6][7]$a$1673 [0]
      New connections: $memory$auto$proc_rom.cc:155:do_switch$81$rdmux[0][6][7]$a$1673 [4:1] = 4'0000
    Consolidated identical input bits for $mux cell $memory$auto$proc_rom.cc:155:do_switch$81$rdmux[0][7][13]$1882:
      Old ports: A=5'00010, B=5'00011, Y=$memory$auto$proc_rom.cc:155:do_switch$81$rdmux[0][6][6]$b$1671
      New ports: A=1'0, B=1'1, Y=$memory$auto$proc_rom.cc:155:do_switch$81$rdmux[0][6][6]$b$1671 [0]
      New connections: $memory$auto$proc_rom.cc:155:do_switch$81$rdmux[0][6][6]$b$1671 [4:1] = 4'0001
    Consolidated identical input bits for $mux cell $memory$auto$proc_rom.cc:155:do_switch$81$rdmux[0][7][12]$1879:
      Old ports: A=5'00000, B=5'00001, Y=$memory$auto$proc_rom.cc:155:do_switch$81$rdmux[0][6][6]$a$1670
      New ports: A=1'0, B=1'1, Y=$memory$auto$proc_rom.cc:155:do_switch$81$rdmux[0][6][6]$a$1670 [0]
      New connections: $memory$auto$proc_rom.cc:155:do_switch$81$rdmux[0][6][6]$a$1670 [4:1] = 4'0000
    Consolidated identical input bits for $mux cell $memory$auto$proc_rom.cc:155:do_switch$81$rdmux[0][7][11]$1876:
      Old ports: A=5'00010, B=5'00011, Y=$memory$auto$proc_rom.cc:155:do_switch$81$rdmux[0][6][5]$b$1668
      New ports: A=1'0, B=1'1, Y=$memory$auto$proc_rom.cc:155:do_switch$81$rdmux[0][6][5]$b$1668 [0]
      New connections: $memory$auto$proc_rom.cc:155:do_switch$81$rdmux[0][6][5]$b$1668 [4:1] = 4'0001
    Consolidated identical input bits for $mux cell $memory$auto$proc_rom.cc:155:do_switch$81$rdmux[0][7][10]$1873:
      Old ports: A=5'00000, B=5'00001, Y=$memory$auto$proc_rom.cc:155:do_switch$81$rdmux[0][6][5]$a$1667
      New ports: A=1'0, B=1'1, Y=$memory$auto$proc_rom.cc:155:do_switch$81$rdmux[0][6][5]$a$1667 [0]
      New connections: $memory$auto$proc_rom.cc:155:do_switch$81$rdmux[0][6][5]$a$1667 [4:1] = 4'0000
    Consolidated identical input bits for $mux cell $memory$auto$proc_rom.cc:155:do_switch$81$rdmux[0][7][9]$1870:
      Old ports: A=5'00010, B=5'00011, Y=$memory$auto$proc_rom.cc:155:do_switch$81$rdmux[0][6][4]$b$1665
      New ports: A=1'0, B=1'1, Y=$memory$auto$proc_rom.cc:155:do_switch$81$rdmux[0][6][4]$b$1665 [0]
      New connections: $memory$auto$proc_rom.cc:155:do_switch$81$rdmux[0][6][4]$b$1665 [4:1] = 4'0001
    Consolidated identical input bits for $mux cell $memory$auto$proc_rom.cc:155:do_switch$81$rdmux[0][7][8]$1867:
      Old ports: A=5'00000, B=5'00001, Y=$memory$auto$proc_rom.cc:155:do_switch$81$rdmux[0][6][4]$a$1664
      New ports: A=1'0, B=1'1, Y=$memory$auto$proc_rom.cc:155:do_switch$81$rdmux[0][6][4]$a$1664 [0]
      New connections: $memory$auto$proc_rom.cc:155:do_switch$81$rdmux[0][6][4]$a$1664 [4:1] = 4'0000
    Consolidated identical input bits for $mux cell $memory$auto$proc_rom.cc:155:do_switch$77$rdmux[0][7][90]$2878:
      Old ports: A=5'00010, B=5'00101, Y=$memory$auto$proc_rom.cc:155:do_switch$77$rdmux[0][6][45]$a$2552
      New ports: A=2'10, B=2'01, Y=$memory$auto$proc_rom.cc:155:do_switch$77$rdmux[0][6][45]$a$2552 [1:0]
      New connections: $memory$auto$proc_rom.cc:155:do_switch$77$rdmux[0][6][45]$a$2552 [4:2] = { 2'00 $memory$auto$proc_rom.cc:155:do_switch$77$rdmux[0][6][45]$a$2552 [0] }
    Consolidated identical input bits for $mux cell $memory$auto$proc_rom.cc:155:do_switch$77$rdmux[0][7][89]$2875:
      Old ports: A=5'00110, B=5'01001, Y=$memory$auto$proc_rom.cc:155:do_switch$77$rdmux[0][6][44]$b$2550
      New ports: A=2'10, B=2'01, Y=$memory$auto$proc_rom.cc:155:do_switch$77$rdmux[0][6][44]$b$2550 [1:0]
      New connections: $memory$auto$proc_rom.cc:155:do_switch$77$rdmux[0][6][44]$b$2550 [4:2] = { 1'0 $memory$auto$proc_rom.cc:155:do_switch$77$rdmux[0][6][44]$b$2550 [0] $memory$auto$proc_rom.cc:155:do_switch$77$rdmux[0][6][44]$b$2550 [1] }
    Consolidated identical input bits for $mux cell $memory$auto$proc_rom.cc:155:do_switch$77$rdmux[0][7][87]$2869:
      Old ports: A=5'01010, B=5'01100, Y=$memory$auto$proc_rom.cc:155:do_switch$77$rdmux[0][6][43]$b$2547
      New ports: A=2'01, B=2'10, Y=$memory$auto$proc_rom.cc:155:do_switch$77$rdmux[0][6][43]$b$2547 [2:1]
      New connections: { $memory$auto$proc_rom.cc:155:do_switch$77$rdmux[0][6][43]$b$2547 [4:3] $memory$auto$proc_rom.cc:155:do_switch$77$rdmux[0][6][43]$b$2547 [0] } = 3'010
    Consolidated identical input bits for $mux cell $memory$auto$proc_rom.cc:155:do_switch$77$rdmux[0][7][86]$2866:
      Old ports: A=5'00110, B=5'01000, Y=$memory$auto$proc_rom.cc:155:do_switch$77$rdmux[0][6][43]$a$2546
      New ports: A=2'01, B=2'10, Y={ $memory$auto$proc_rom.cc:155:do_switch$77$rdmux[0][6][43]$a$2546 [3] $memory$auto$proc_rom.cc:155:do_switch$77$rdmux[0][6][43]$a$2546 [1] }
      New connections: { $memory$auto$proc_rom.cc:155:do_switch$77$rdmux[0][6][43]$a$2546 [4] $memory$auto$proc_rom.cc:155:do_switch$77$rdmux[0][6][43]$a$2546 [2] $memory$auto$proc_rom.cc:155:do_switch$77$rdmux[0][6][43]$a$2546 [0] } = { 1'0 $memory$auto$proc_rom.cc:155:do_switch$77$rdmux[0][6][43]$a$2546 [1] 1'0 }
    Consolidated identical input bits for $mux cell $memory$auto$proc_rom.cc:155:do_switch$77$rdmux[0][7][83]$2857:
      Old ports: A=5'00110, B=5'01000, Y=$memory$auto$proc_rom.cc:155:do_switch$77$rdmux[0][6][41]$b$2541
      New ports: A=2'01, B=2'10, Y={ $memory$auto$proc_rom.cc:155:do_switch$77$rdmux[0][6][41]$b$2541 [3] $memory$auto$proc_rom.cc:155:do_switch$77$rdmux[0][6][41]$b$2541 [1] }
      New connections: { $memory$auto$proc_rom.cc:155:do_switch$77$rdmux[0][6][41]$b$2541 [4] $memory$auto$proc_rom.cc:155:do_switch$77$rdmux[0][6][41]$b$2541 [2] $memory$auto$proc_rom.cc:155:do_switch$77$rdmux[0][6][41]$b$2541 [0] } = { 1'0 $memory$auto$proc_rom.cc:155:do_switch$77$rdmux[0][6][41]$b$2541 [1] 1'0 }
    Consolidated identical input bits for $mux cell $memory$auto$proc_rom.cc:155:do_switch$77$rdmux[0][7][82]$2854:
      Old ports: A=5'00010, B=5'00100, Y=$memory$auto$proc_rom.cc:155:do_switch$77$rdmux[0][6][41]$a$2540
      New ports: A=2'01, B=2'10, Y=$memory$auto$proc_rom.cc:155:do_switch$77$rdmux[0][6][41]$a$2540 [2:1]
      New connections: { $memory$auto$proc_rom.cc:155:do_switch$77$rdmux[0][6][41]$a$2540 [4:3] $memory$auto$proc_rom.cc:155:do_switch$77$rdmux[0][6][41]$a$2540 [0] } = 3'000
    Consolidated identical input bits for $mux cell $memory$auto$proc_rom.cc:155:do_switch$77$rdmux[0][7][80]$2848:
      Old ports: A=5'00000, B=5'00010, Y=$memory$auto$proc_rom.cc:155:do_switch$77$rdmux[0][6][40]$a$2537
      New ports: A=1'0, B=1'1, Y=$memory$auto$proc_rom.cc:155:do_switch$77$rdmux[0][6][40]$a$2537 [1]
      New connections: { $memory$auto$proc_rom.cc:155:do_switch$77$rdmux[0][6][40]$a$2537 [4:2] $memory$auto$proc_rom.cc:155:do_switch$77$rdmux[0][6][40]$a$2537 [0] } = 4'0000
    Consolidated identical input bits for $mux cell $memory$auto$proc_rom.cc:155:do_switch$77$rdmux[0][7][79]$2845:
      Old ports: A=5'01000, B=5'01001, Y=$memory$auto$proc_rom.cc:155:do_switch$77$rdmux[0][6][39]$b$2535
      New ports: A=1'0, B=1'1, Y=$memory$auto$proc_rom.cc:155:do_switch$77$rdmux[0][6][39]$b$2535 [0]
      New connections: $memory$auto$proc_rom.cc:155:do_switch$77$rdmux[0][6][39]$b$2535 [4:1] = 4'0100
    Consolidated identical input bits for $mux cell $memory$auto$proc_rom.cc:155:do_switch$77$rdmux[0][7][124]$2980:
      Old ports: A=5'00110, B=5'01001, Y=$memory$auto$proc_rom.cc:155:do_switch$77$rdmux[0][6][62]$a$2603
      New ports: A=2'10, B=2'01, Y=$memory$auto$proc_rom.cc:155:do_switch$77$rdmux[0][6][62]$a$2603 [1:0]
      New connections: $memory$auto$proc_rom.cc:155:do_switch$77$rdmux[0][6][62]$a$2603 [4:2] = { 1'0 $memory$auto$proc_rom.cc:155:do_switch$77$rdmux[0][6][62]$a$2603 [0] $memory$auto$proc_rom.cc:155:do_switch$77$rdmux[0][6][62]$a$2603 [1] }
    Consolidated identical input bits for $mux cell $memory$auto$proc_rom.cc:155:do_switch$77$rdmux[0][7][121]$2971:
      Old ports: A=5'00110, B=5'01001, Y=$memory$auto$proc_rom.cc:155:do_switch$77$rdmux[0][6][60]$b$2598
      New ports: A=2'10, B=2'01, Y=$memory$auto$proc_rom.cc:155:do_switch$77$rdmux[0][6][60]$b$2598 [1:0]
      New connections: $memory$auto$proc_rom.cc:155:do_switch$77$rdmux[0][6][60]$b$2598 [4:2] = { 1'0 $memory$auto$proc_rom.cc:155:do_switch$77$rdmux[0][6][60]$b$2598 [0] $memory$auto$proc_rom.cc:155:do_switch$77$rdmux[0][6][60]$b$2598 [1] }
    Consolidated identical input bits for $mux cell $memory$auto$proc_rom.cc:155:do_switch$77$rdmux[0][7][118]$2962:
      Old ports: A=5'01001, B=5'01011, Y=$memory$auto$proc_rom.cc:155:do_switch$77$rdmux[0][6][59]$a$2594
      New ports: A=1'0, B=1'1, Y=$memory$auto$proc_rom.cc:155:do_switch$77$rdmux[0][6][59]$a$2594 [1]
      New connections: { $memory$auto$proc_rom.cc:155:do_switch$77$rdmux[0][6][59]$a$2594 [4:2] $memory$auto$proc_rom.cc:155:do_switch$77$rdmux[0][6][59]$a$2594 [0] } = 4'0101
    Consolidated identical input bits for $mux cell $memory$auto$proc_rom.cc:155:do_switch$77$rdmux[0][7][115]$2953:
      Old ports: A=5'00111, B=5'01001, Y=$memory$auto$proc_rom.cc:155:do_switch$77$rdmux[0][6][57]$b$2589
      New ports: A=2'01, B=2'10, Y={ $memory$auto$proc_rom.cc:155:do_switch$77$rdmux[0][6][57]$b$2589 [3] $memory$auto$proc_rom.cc:155:do_switch$77$rdmux[0][6][57]$b$2589 [1] }
      New connections: { $memory$auto$proc_rom.cc:155:do_switch$77$rdmux[0][6][57]$b$2589 [4] $memory$auto$proc_rom.cc:155:do_switch$77$rdmux[0][6][57]$b$2589 [2] $memory$auto$proc_rom.cc:155:do_switch$77$rdmux[0][6][57]$b$2589 [0] } = { 1'0 $memory$auto$proc_rom.cc:155:do_switch$77$rdmux[0][6][57]$b$2589 [1] 1'1 }
    Consolidated identical input bits for $mux cell $memory$auto$proc_rom.cc:155:do_switch$77$rdmux[0][7][112]$2944:
      Old ports: A=5'00000, B=5'00010, Y=$memory$auto$proc_rom.cc:155:do_switch$77$rdmux[0][6][56]$a$2585
      New ports: A=1'0, B=1'1, Y=$memory$auto$proc_rom.cc:155:do_switch$77$rdmux[0][6][56]$a$2585 [1]
      New connections: { $memory$auto$proc_rom.cc:155:do_switch$77$rdmux[0][6][56]$a$2585 [4:2] $memory$auto$proc_rom.cc:155:do_switch$77$rdmux[0][6][56]$a$2585 [0] } = 4'0000
    Consolidated identical input bits for $mux cell $memory$auto$proc_rom.cc:155:do_switch$77$rdmux[0][7][109]$2935:
      Old ports: A=5'01000, B=5'01001, Y=$memory$auto$proc_rom.cc:155:do_switch$77$rdmux[0][6][54]$b$2580
      New ports: A=1'0, B=1'1, Y=$memory$auto$proc_rom.cc:155:do_switch$77$rdmux[0][6][54]$b$2580 [0]
      New connections: $memory$auto$proc_rom.cc:155:do_switch$77$rdmux[0][6][54]$b$2580 [4:1] = 4'0100
    Consolidated identical input bits for $mux cell $memory$auto$proc_rom.cc:155:do_switch$77$rdmux[0][7][106]$2926:
      Old ports: A=5'00011, B=5'00100, Y=$memory$auto$proc_rom.cc:155:do_switch$77$rdmux[0][6][53]$a$2576
      New ports: A=2'01, B=2'10, Y={ $memory$auto$proc_rom.cc:155:do_switch$77$rdmux[0][6][53]$a$2576 [2] $memory$auto$proc_rom.cc:155:do_switch$77$rdmux[0][6][53]$a$2576 [0] }
      New connections: { $memory$auto$proc_rom.cc:155:do_switch$77$rdmux[0][6][53]$a$2576 [4:3] $memory$auto$proc_rom.cc:155:do_switch$77$rdmux[0][6][53]$a$2576 [1] } = { 2'00 $memory$auto$proc_rom.cc:155:do_switch$77$rdmux[0][6][53]$a$2576 [0] }
    Consolidated identical input bits for $mux cell $memory$auto$proc_rom.cc:155:do_switch$77$rdmux[0][7][62]$2794:
      Old ports: A=5'00011, B=5'00110, Y=$memory$auto$proc_rom.cc:155:do_switch$77$rdmux[0][6][31]$a$2510
      New ports: A=2'01, B=2'10, Y={ $memory$auto$proc_rom.cc:155:do_switch$77$rdmux[0][6][31]$a$2510 [2] $memory$auto$proc_rom.cc:155:do_switch$77$rdmux[0][6][31]$a$2510 [0] }
      New connections: { $memory$auto$proc_rom.cc:155:do_switch$77$rdmux[0][6][31]$a$2510 [4:3] $memory$auto$proc_rom.cc:155:do_switch$77$rdmux[0][6][31]$a$2510 [1] } = 3'001
    Consolidated identical input bits for $mux cell $memory$auto$proc_rom.cc:155:do_switch$77$rdmux[0][7][75]$2833:
      Old ports: A=5'00100, B=5'00101, Y=$memory$auto$proc_rom.cc:155:do_switch$77$rdmux[0][6][37]$b$2529
      New ports: A=1'0, B=1'1, Y=$memory$auto$proc_rom.cc:155:do_switch$77$rdmux[0][6][37]$b$2529 [0]
      New connections: $memory$auto$proc_rom.cc:155:do_switch$77$rdmux[0][6][37]$b$2529 [4:1] = 4'0010
    Consolidated identical input bits for $mux cell $memory$auto$proc_rom.cc:155:do_switch$77$rdmux[0][7][53]$2767:
      Old ports: A=5'00110, B=5'01000, Y=$memory$auto$proc_rom.cc:155:do_switch$77$rdmux[0][6][26]$b$2496
      New ports: A=2'01, B=2'10, Y={ $memory$auto$proc_rom.cc:155:do_switch$77$rdmux[0][6][26]$b$2496 [3] $memory$auto$proc_rom.cc:155:do_switch$77$rdmux[0][6][26]$b$2496 [1] }
      New connections: { $memory$auto$proc_rom.cc:155:do_switch$77$rdmux[0][6][26]$b$2496 [4] $memory$auto$proc_rom.cc:155:do_switch$77$rdmux[0][6][26]$b$2496 [2] $memory$auto$proc_rom.cc:155:do_switch$77$rdmux[0][6][26]$b$2496 [0] } = { 1'0 $memory$auto$proc_rom.cc:155:do_switch$77$rdmux[0][6][26]$b$2496 [1] 1'0 }
    Consolidated identical input bits for $mux cell $memory$auto$proc_rom.cc:155:do_switch$77$rdmux[0][7][94]$2890:
      Old ports: A=5'00110, B=5'01001, Y=$memory$auto$proc_rom.cc:155:do_switch$77$rdmux[0][6][47]$a$2558
      New ports: A=2'10, B=2'01, Y=$memory$auto$proc_rom.cc:155:do_switch$77$rdmux[0][6][47]$a$2558 [1:0]
      New connections: $memory$auto$proc_rom.cc:155:do_switch$77$rdmux[0][6][47]$a$2558 [4:2] = { 1'0 $memory$auto$proc_rom.cc:155:do_switch$77$rdmux[0][6][47]$a$2558 [0] $memory$auto$proc_rom.cc:155:do_switch$77$rdmux[0][6][47]$a$2558 [1] }
    Consolidated identical input bits for $mux cell $memory$auto$proc_rom.cc:155:do_switch$77$rdmux[0][7][91]$2881:
      Old ports: A=5'01000, B=5'01011, Y=$memory$auto$proc_rom.cc:155:do_switch$77$rdmux[0][6][45]$b$2553
      New ports: A=1'0, B=1'1, Y=$memory$auto$proc_rom.cc:155:do_switch$77$rdmux[0][6][45]$b$2553 [0]
      New connections: $memory$auto$proc_rom.cc:155:do_switch$77$rdmux[0][6][45]$b$2553 [4:1] = { 3'010 $memory$auto$proc_rom.cc:155:do_switch$77$rdmux[0][6][45]$b$2553 [0] }
    Consolidated identical input bits for $mux cell $memory$auto$proc_rom.cc:155:do_switch$77$rdmux[0][7][88]$2872:
      Old ports: A=5'00000, B=5'00011, Y=$memory$auto$proc_rom.cc:155:do_switch$77$rdmux[0][6][44]$a$2549
      New ports: A=1'0, B=1'1, Y=$memory$auto$proc_rom.cc:155:do_switch$77$rdmux[0][6][44]$a$2549 [0]
      New connections: $memory$auto$proc_rom.cc:155:do_switch$77$rdmux[0][6][44]$a$2549 [4:1] = { 3'000 $memory$auto$proc_rom.cc:155:do_switch$77$rdmux[0][6][44]$a$2549 [0] }
    Consolidated identical input bits for $mux cell $memory$auto$proc_rom.cc:155:do_switch$77$rdmux[0][7][85]$2863:
      Old ports: A=5'01000, B=5'01010, Y=$memory$auto$proc_rom.cc:155:do_switch$77$rdmux[0][6][42]$b$2544
      New ports: A=1'0, B=1'1, Y=$memory$auto$proc_rom.cc:155:do_switch$77$rdmux[0][6][42]$b$2544 [1]
      New connections: { $memory$auto$proc_rom.cc:155:do_switch$77$rdmux[0][6][42]$b$2544 [4:2] $memory$auto$proc_rom.cc:155:do_switch$77$rdmux[0][6][42]$b$2544 [0] } = 4'0100
    Consolidated identical input bits for $mux cell $memory$auto$proc_rom.cc:155:do_switch$77$rdmux[0][7][81]$2851:
      Old ports: A=5'00100, B=5'00110, Y=$memory$auto$proc_rom.cc:155:do_switch$77$rdmux[0][6][40]$b$2538
      New ports: A=1'0, B=1'1, Y=$memory$auto$proc_rom.cc:155:do_switch$77$rdmux[0][6][40]$b$2538 [1]
      New connections: { $memory$auto$proc_rom.cc:155:do_switch$77$rdmux[0][6][40]$b$2538 [4:2] $memory$auto$proc_rom.cc:155:do_switch$77$rdmux[0][6][40]$b$2538 [0] } = 4'0010
    Consolidated identical input bits for $mux cell $memory$auto$proc_rom.cc:155:do_switch$77$rdmux[0][7][78]$2842:
      Old ports: A=5'00110, B=5'00111, Y=$memory$auto$proc_rom.cc:155:do_switch$77$rdmux[0][6][39]$a$2534
      New ports: A=1'0, B=1'1, Y=$memory$auto$proc_rom.cc:155:do_switch$77$rdmux[0][6][39]$a$2534 [0]
      New connections: $memory$auto$proc_rom.cc:155:do_switch$77$rdmux[0][6][39]$a$2534 [4:1] = 4'0011
    Consolidated identical input bits for $mux cell $memory$auto$proc_rom.cc:155:do_switch$81$rdmux[0][5][25]$1630:
      Old ports: A=5'00110, B=5'01001, Y=$memory$auto$proc_rom.cc:155:do_switch$81$rdmux[0][4][12]$b$1545
      New ports: A=2'10, B=2'01, Y=$memory$auto$proc_rom.cc:155:do_switch$81$rdmux[0][4][12]$b$1545 [1:0]
      New connections: $memory$auto$proc_rom.cc:155:do_switch$81$rdmux[0][4][12]$b$1545 [4:2] = { 1'0 $memory$auto$proc_rom.cc:155:do_switch$81$rdmux[0][4][12]$b$1545 [0] $memory$auto$proc_rom.cc:155:do_switch$81$rdmux[0][4][12]$b$1545 [1] }
    Consolidated identical input bits for $mux cell $memory$auto$proc_rom.cc:155:do_switch$81$rdmux[0][5][24]$1627:
      Old ports: A=5'00000, B=5'00011, Y=$memory$auto$proc_rom.cc:155:do_switch$81$rdmux[0][4][12]$a$1544
      New ports: A=1'0, B=1'1, Y=$memory$auto$proc_rom.cc:155:do_switch$81$rdmux[0][4][12]$a$1544 [0]
      New connections: $memory$auto$proc_rom.cc:155:do_switch$81$rdmux[0][4][12]$a$1544 [4:1] = { 3'000 $memory$auto$proc_rom.cc:155:do_switch$81$rdmux[0][4][12]$a$1544 [0] }
    Consolidated identical input bits for $mux cell $memory$auto$proc_rom.cc:155:do_switch$81$rdmux[0][5][17]$1606:
      Old ports: A=5'00100, B=5'00110, Y=$memory$auto$proc_rom.cc:155:do_switch$81$rdmux[0][4][8]$b$1533
      New ports: A=1'0, B=1'1, Y=$memory$auto$proc_rom.cc:155:do_switch$81$rdmux[0][4][8]$b$1533 [1]
      New connections: { $memory$auto$proc_rom.cc:155:do_switch$81$rdmux[0][4][8]$b$1533 [4:2] $memory$auto$proc_rom.cc:155:do_switch$81$rdmux[0][4][8]$b$1533 [0] } = 4'0010
    Consolidated identical input bits for $mux cell $memory$auto$proc_rom.cc:155:do_switch$81$rdmux[0][5][16]$1603:
      Old ports: A=5'00000, B=5'00010, Y=$memory$auto$proc_rom.cc:155:do_switch$81$rdmux[0][4][8]$a$1532
      New ports: A=1'0, B=1'1, Y=$memory$auto$proc_rom.cc:155:do_switch$81$rdmux[0][4][8]$a$1532 [1]
      New connections: { $memory$auto$proc_rom.cc:155:do_switch$81$rdmux[0][4][8]$a$1532 [4:2] $memory$auto$proc_rom.cc:155:do_switch$81$rdmux[0][4][8]$a$1532 [0] } = 4'0000
    Consolidated identical input bits for $mux cell $memory$auto$proc_rom.cc:155:do_switch$81$rdmux[0][5][9]$1582:
      Old ports: A=5'00010, B=5'00011, Y=$memory$auto$proc_rom.cc:155:do_switch$81$rdmux[0][4][4]$b$1521
      New ports: A=1'0, B=1'1, Y=$memory$auto$proc_rom.cc:155:do_switch$81$rdmux[0][4][4]$b$1521 [0]
      New connections: $memory$auto$proc_rom.cc:155:do_switch$81$rdmux[0][4][4]$b$1521 [4:1] = 4'0001
    Consolidated identical input bits for $mux cell $memory$auto$proc_rom.cc:155:do_switch$81$rdmux[0][5][8]$1579:
      Old ports: A=5'00000, B=5'00001, Y=$memory$auto$proc_rom.cc:155:do_switch$81$rdmux[0][4][4]$a$1520
      New ports: A=1'0, B=1'1, Y=$memory$auto$proc_rom.cc:155:do_switch$81$rdmux[0][4][4]$a$1520 [0]
      New connections: $memory$auto$proc_rom.cc:155:do_switch$81$rdmux[0][4][4]$a$1520 [4:1] = 4'0000
    Consolidated identical input bits for $mux cell $memory$auto$proc_rom.cc:155:do_switch$77$rdmux[0][7][84]$2860:
      Old ports: A=5'00100, B=5'00110, Y=$memory$auto$proc_rom.cc:155:do_switch$77$rdmux[0][6][42]$a$2543
      New ports: A=1'0, B=1'1, Y=$memory$auto$proc_rom.cc:155:do_switch$77$rdmux[0][6][42]$a$2543 [1]
      New connections: { $memory$auto$proc_rom.cc:155:do_switch$77$rdmux[0][6][42]$a$2543 [4:2] $memory$auto$proc_rom.cc:155:do_switch$77$rdmux[0][6][42]$a$2543 [0] } = 4'0010
    Consolidated identical input bits for $mux cell $memory$auto$proc_rom.cc:155:do_switch$77$rdmux[0][7][77]$2839:
      Old ports: A=5'00110, B=5'00111, Y=$memory$auto$proc_rom.cc:155:do_switch$77$rdmux[0][6][38]$b$2532
      New ports: A=1'0, B=1'1, Y=$memory$auto$proc_rom.cc:155:do_switch$77$rdmux[0][6][38]$b$2532 [0]
      New connections: $memory$auto$proc_rom.cc:155:do_switch$77$rdmux[0][6][38]$b$2532 [4:1] = 4'0011
    Consolidated identical input bits for $mux cell $memory$auto$proc_rom.cc:155:do_switch$77$rdmux[0][7][76]$2836:
      Old ports: A=5'00100, B=5'00101, Y=$memory$auto$proc_rom.cc:155:do_switch$77$rdmux[0][6][38]$a$2531
      New ports: A=1'0, B=1'1, Y=$memory$auto$proc_rom.cc:155:do_switch$77$rdmux[0][6][38]$a$2531 [0]
      New connections: $memory$auto$proc_rom.cc:155:do_switch$77$rdmux[0][6][38]$a$2531 [4:1] = 4'0010
    Consolidated identical input bits for $mux cell $procmux$85:
      Old ports: A=6'111110, B=6'010001, Y=$26\quant_scaled$func$/home/b10507053/ALS_Final_Project/student/work/ex250_ex254_frontend_fp4_dot_fma_semantic_20260608_2105/ex252/verilog/ex252_semantic_u2_dot4_pairtable_qrange.v:307$6.$result[6:0]$75
      New ports: A=2'10, B=2'01, Y=$26\quant_scaled$func$/home/b10507053/ALS_Final_Project/student/work/ex250_ex254_frontend_fp4_dot_fma_semantic_20260608_2105/ex252/verilog/ex252_semantic_u2_dot4_pairtable_qrange.v:307$6.$result[6:0]$75 [1:0]
      New connections: $26\quant_scaled$func$/home/b10507053/ALS_Final_Project/student/work/ex250_ex254_frontend_fp4_dot_fma_semantic_20260608_2105/ex252/verilog/ex252_semantic_u2_dot4_pairtable_qrange.v:307$6.$result[6:0]$75 [5:2] = { $26\quant_scaled$func$/home/b10507053/ALS_Final_Project/student/work/ex250_ex254_frontend_fp4_dot_fma_semantic_20260608_2105/ex252/verilog/ex252_semantic_u2_dot4_pairtable_qrange.v:307$6.$result[6:0]$75 [1] 1'1 $26\quant_scaled$func$/home/b10507053/ALS_Final_Project/student/work/ex250_ex254_frontend_fp4_dot_fma_semantic_20260608_2105/ex252/verilog/ex252_semantic_u2_dot4_pairtable_qrange.v:307$6.$result[6:0]$75 [1] $26\quant_scaled$func$/home/b10507053/ALS_Final_Project/student/work/ex250_ex254_frontend_fp4_dot_fma_semantic_20260608_2105/ex252/verilog/ex252_semantic_u2_dot4_pairtable_qrange.v:307$6.$result[6:0]$75 [1] }
    Consolidated identical input bits for $mux cell $memory$auto$proc_rom.cc:155:do_switch$81$rdmux[0][7][127]$2224:
      Old ports: A=5'01111, B=5'10010, Y=$memory$auto$proc_rom.cc:155:do_switch$81$rdmux[0][6][63]$b$1842
      New ports: A=2'01, B=2'10, Y={ $memory$auto$proc_rom.cc:155:do_switch$81$rdmux[0][6][63]$b$1842 [4] $memory$auto$proc_rom.cc:155:do_switch$81$rdmux[0][6][63]$b$1842 [0] }
      New connections: $memory$auto$proc_rom.cc:155:do_switch$81$rdmux[0][6][63]$b$1842 [3:1] = { $memory$auto$proc_rom.cc:155:do_switch$81$rdmux[0][6][63]$b$1842 [0] $memory$auto$proc_rom.cc:155:do_switch$81$rdmux[0][6][63]$b$1842 [0] 1'1 }
    Consolidated identical input bits for $mux cell $memory$auto$proc_rom.cc:155:do_switch$77$rdmux[0][7][127]$2989:
      Old ports: A=5'01111, B=5'10010, Y=$memory$auto$proc_rom.cc:155:do_switch$77$rdmux[0][6][63]$b$2607
      New ports: A=2'01, B=2'10, Y={ $memory$auto$proc_rom.cc:155:do_switch$77$rdmux[0][6][63]$b$2607 [4] $memory$auto$proc_rom.cc:155:do_switch$77$rdmux[0][6][63]$b$2607 [0] }
      New connections: $memory$auto$proc_rom.cc:155:do_switch$77$rdmux[0][6][63]$b$2607 [3:1] = { $memory$auto$proc_rom.cc:155:do_switch$77$rdmux[0][6][63]$b$2607 [0] $memory$auto$proc_rom.cc:155:do_switch$77$rdmux[0][6][63]$b$2607 [0] 1'1 }
  Optimizing cells in module \ex252_semantic_u2_dot4_pairtable_qrange.
    Consolidated identical input bits for $mux cell $memory$auto$proc_rom.cc:155:do_switch$77$rdmux[0][6][62]$2602:
      Old ports: A=$memory$auto$proc_rom.cc:155:do_switch$77$rdmux[0][6][62]$a$2603, B=$memory$auto$proc_rom.cc:155:do_switch$77$rdmux[0][6][62]$b$2604, Y=$memory$auto$proc_rom.cc:155:do_switch$77$rdmux[0][5][31]$a$2414
      New ports: A={ $memory$auto$proc_rom.cc:155:do_switch$77$rdmux[0][6][62]$a$2603 [0] $memory$auto$proc_rom.cc:155:do_switch$77$rdmux[0][6][62]$a$2603 [1] $memory$auto$proc_rom.cc:155:do_switch$77$rdmux[0][6][62]$a$2603 [1:0] }, B={ 2'11 $memory$auto$proc_rom.cc:155:do_switch$77$rdmux[0][6][62]$b$2604 [0] $memory$auto$proc_rom.cc:155:do_switch$77$rdmux[0][6][62]$b$2604 [0] }, Y=$memory$auto$proc_rom.cc:155:do_switch$77$rdmux[0][5][31]$a$2414 [3:0]
      New connections: $memory$auto$proc_rom.cc:155:do_switch$77$rdmux[0][5][31]$a$2414 [4] = 1'0
    Consolidated identical input bits for $mux cell $memory$auto$proc_rom.cc:155:do_switch$77$rdmux[0][6][61]$2599:
      Old ports: A=$memory$auto$proc_rom.cc:155:do_switch$77$rdmux[0][6][61]$a$2600, B=$memory$auto$proc_rom.cc:155:do_switch$77$rdmux[0][6][61]$b$2601, Y=$memory$auto$proc_rom.cc:155:do_switch$77$rdmux[0][5][30]$b$2412
      New ports: A={ 1'0 $memory$auto$proc_rom.cc:155:do_switch$77$rdmux[0][6][61]$a$2600 [2] 1'1 $memory$auto$proc_rom.cc:155:do_switch$77$rdmux[0][6][61]$a$2600 [0] }, B={ 1'1 $memory$auto$proc_rom.cc:155:do_switch$77$rdmux[0][6][61]$b$2601 [2] 1'0 $memory$auto$proc_rom.cc:155:do_switch$77$rdmux[0][6][61]$b$2601 [0] }, Y=$memory$auto$proc_rom.cc:155:do_switch$77$rdmux[0][5][30]$b$2412 [3:0]
      New connections: $memory$auto$proc_rom.cc:155:do_switch$77$rdmux[0][5][30]$b$2412 [4] = 1'0
    Consolidated identical input bits for $mux cell $memory$auto$proc_rom.cc:155:do_switch$77$rdmux[0][6][60]$2596:
      Old ports: A=$memory$auto$proc_rom.cc:155:do_switch$77$rdmux[0][6][60]$a$2597, B=$memory$auto$proc_rom.cc:155:do_switch$77$rdmux[0][6][60]$b$2598, Y=$memory$auto$proc_rom.cc:155:do_switch$77$rdmux[0][5][30]$a$2411
      New ports: A={ 2'00 $memory$auto$proc_rom.cc:155:do_switch$77$rdmux[0][6][60]$a$2597 [0] $memory$auto$proc_rom.cc:155:do_switch$77$rdmux[0][6][60]$a$2597 [0] }, B={ $memory$auto$proc_rom.cc:155:do_switch$77$rdmux[0][6][60]$b$2598 [0] $memory$auto$proc_rom.cc:155:do_switch$77$rdmux[0][6][60]$b$2598 [1] $memory$auto$proc_rom.cc:155:do_switch$77$rdmux[0][6][60]$b$2598 [1:0] }, Y=$memory$auto$proc_rom.cc:155:do_switch$77$rdmux[0][5][30]$a$2411 [3:0]
      New connections: $memory$auto$proc_rom.cc:155:do_switch$77$rdmux[0][5][30]$a$2411 [4] = 1'0
    Consolidated identical input bits for $mux cell $memory$auto$proc_rom.cc:155:do_switch$77$rdmux[0][6][59]$2593:
      Old ports: A=$memory$auto$proc_rom.cc:155:do_switch$77$rdmux[0][6][59]$a$2594, B=$memory$auto$proc_rom.cc:155:do_switch$77$rdmux[0][6][59]$b$2595, Y=$memory$auto$proc_rom.cc:155:do_switch$77$rdmux[0][5][29]$b$2409
      New ports: A={ 1'0 $memory$auto$proc_rom.cc:155:do_switch$77$rdmux[0][6][59]$a$2594 [1] }, B={ 1'1 $memory$auto$proc_rom.cc:155:do_switch$77$rdmux[0][6][59]$b$2595 [1] }, Y=$memory$auto$proc_rom.cc:155:do_switch$77$rdmux[0][5][29]$b$2409 [2:1]
      New connections: { $memory$auto$proc_rom.cc:155:do_switch$77$rdmux[0][5][29]$b$2409 [4:3] $memory$auto$proc_rom.cc:155:do_switch$77$rdmux[0][5][29]$b$2409 [0] } = 3'011
    Consolidated identical input bits for $mux cell $memory$auto$proc_rom.cc:155:do_switch$77$rdmux[0][6][58]$2590:
      Old ports: A=$memory$auto$proc_rom.cc:155:do_switch$77$rdmux[0][6][58]$a$2591, B=$memory$auto$proc_rom.cc:155:do_switch$77$rdmux[0][6][58]$b$2592, Y=$memory$auto$proc_rom.cc:155:do_switch$77$rdmux[0][5][29]$a$2408
      New ports: A={ $memory$auto$proc_rom.cc:155:do_switch$77$rdmux[0][6][58]$a$2591 [3] $memory$auto$proc_rom.cc:155:do_switch$77$rdmux[0][6][58]$a$2591 [1] $memory$auto$proc_rom.cc:155:do_switch$77$rdmux[0][6][58]$a$2591 [1] }, B={ 1'1 $memory$auto$proc_rom.cc:155:do_switch$77$rdmux[0][6][58]$b$2592 [2:1] }, Y=$memory$auto$proc_rom.cc:155:do_switch$77$rdmux[0][5][29]$a$2408 [3:1]
      New connections: { $memory$auto$proc_rom.cc:155:do_switch$77$rdmux[0][5][29]$a$2408 [4] $memory$auto$proc_rom.cc:155:do_switch$77$rdmux[0][5][29]$a$2408 [0] } = 2'00
    Consolidated identical input bits for $mux cell $memory$auto$proc_rom.cc:155:do_switch$77$rdmux[0][6][57]$2587:
      Old ports: A=$memory$auto$proc_rom.cc:155:do_switch$77$rdmux[0][6][57]$a$2588, B=$memory$auto$proc_rom.cc:155:do_switch$77$rdmux[0][6][57]$b$2589, Y=$memory$auto$proc_rom.cc:155:do_switch$77$rdmux[0][5][28]$b$2406
      New ports: A={ 1'0 $memory$auto$proc_rom.cc:155:do_switch$77$rdmux[0][6][57]$a$2588 [2:1] }, B={ $memory$auto$proc_rom.cc:155:do_switch$77$rdmux[0][6][57]$b$2589 [3] $memory$auto$proc_rom.cc:155:do_switch$77$rdmux[0][6][57]$b$2589 [1] $memory$auto$proc_rom.cc:155:do_switch$77$rdmux[0][6][57]$b$2589 [1] }, Y=$memory$auto$proc_rom.cc:155:do_switch$77$rdmux[0][5][28]$b$2406 [3:1]
      New connections: { $memory$auto$proc_rom.cc:155:do_switch$77$rdmux[0][5][28]$b$2406 [4] $memory$auto$proc_rom.cc:155:do_switch$77$rdmux[0][5][28]$b$2406 [0] } = 2'01
    Consolidated identical input bits for $mux cell $memory$auto$proc_rom.cc:155:do_switch$77$rdmux[0][6][56]$2584:
      Old ports: A=$memory$auto$proc_rom.cc:155:do_switch$77$rdmux[0][6][56]$a$2585, B=$memory$auto$proc_rom.cc:155:do_switch$77$rdmux[0][6][56]$b$2586, Y=$memory$auto$proc_rom.cc:155:do_switch$77$rdmux[0][5][28]$a$2405
      New ports: A={ 1'0 $memory$auto$proc_rom.cc:155:do_switch$77$rdmux[0][6][56]$a$2585 [1] }, B={ 1'1 $memory$auto$proc_rom.cc:155:do_switch$77$rdmux[0][6][56]$b$2586 [1] }, Y=$memory$auto$proc_rom.cc:155:do_switch$77$rdmux[0][5][28]$a$2405 [2:1]
      New connections: { $memory$auto$proc_rom.cc:155:do_switch$77$rdmux[0][5][28]$a$2405 [4:3] $memory$auto$proc_rom.cc:155:do_switch$77$rdmux[0][5][28]$a$2405 [0] } = 3'000
    Consolidated identical input bits for $mux cell $memory$auto$proc_rom.cc:155:do_switch$77$rdmux[0][6][55]$2581:
      Old ports: A=$memory$auto$proc_rom.cc:155:do_switch$77$rdmux[0][6][55]$a$2582, B=$memory$auto$proc_rom.cc:155:do_switch$77$rdmux[0][6][55]$b$2583, Y=$memory$auto$proc_rom.cc:155:do_switch$77$rdmux[0][5][27]$b$2403
      New ports: A={ 1'0 $memory$auto$proc_rom.cc:155:do_switch$77$rdmux[0][6][55]$a$2582 [1:0] }, B={ $memory$auto$proc_rom.cc:155:do_switch$77$rdmux[0][6][55]$b$2583 [2] $memory$auto$proc_rom.cc:155:do_switch$77$rdmux[0][6][55]$b$2583 [0] $memory$auto$proc_rom.cc:155:do_switch$77$rdmux[0][6][55]$b$2583 [0] }, Y=$memory$auto$proc_rom.cc:155:do_switch$77$rdmux[0][5][27]$b$2403 [2:0]
      New connections: $memory$auto$proc_rom.cc:155:do_switch$77$rdmux[0][5][27]$b$2403 [4:3] = 2'01
    Consolidated identical input bits for $mux cell $memory$auto$proc_rom.cc:155:do_switch$77$rdmux[0][6][54]$2578:
      Old ports: A=$memory$auto$proc_rom.cc:155:do_switch$77$rdmux[0][6][54]$a$2579, B=$memory$auto$proc_rom.cc:155:do_switch$77$rdmux[0][6][54]$b$2580, Y=$memory$auto$proc_rom.cc:155:do_switch$77$rdmux[0][5][27]$a$2402
      New ports: A={ 2'01 $memory$auto$proc_rom.cc:155:do_switch$77$rdmux[0][6][54]$a$2579 [0] }, B={ 2'10 $memory$auto$proc_rom.cc:155:do_switch$77$rdmux[0][6][54]$b$2580 [0] }, Y={ $memory$auto$proc_rom.cc:155:do_switch$77$rdmux[0][5][27]$a$2402 [3] $memory$auto$proc_rom.cc:155:do_switch$77$rdmux[0][5][27]$a$2402 [1:0] }
      New connections: { $memory$auto$proc_rom.cc:155:do_switch$77$rdmux[0][5][27]$a$2402 [4] $memory$auto$proc_rom.cc:155:do_switch$77$rdmux[0][5][27]$a$2402 [2] } = { 1'0 $memory$auto$proc_rom.cc:155:do_switch$77$rdmux[0][5][27]$a$2402 [1] }
    Consolidated identical input bits for $mux cell $memory$auto$proc_rom.cc:155:do_switch$77$rdmux[0][6][53]$2575:
      Old ports: A=$memory$auto$proc_rom.cc:155:do_switch$77$rdmux[0][6][53]$a$2576, B=$memory$auto$proc_rom.cc:155:do_switch$77$rdmux[0][6][53]$b$2577, Y=$memory$auto$proc_rom.cc:155:do_switch$77$rdmux[0][5][26]$b$2400
      New ports: A={ $memory$auto$proc_rom.cc:155:do_switch$77$rdmux[0][6][53]$a$2576 [2] $memory$auto$proc_rom.cc:155:do_switch$77$rdmux[0][6][53]$a$2576 [0] $memory$auto$proc_rom.cc:155:do_switch$77$rdmux[0][6][53]$a$2576 [0] }, B={ 1'1 $memory$auto$proc_rom.cc:155:do_switch$77$rdmux[0][6][53]$b$2577 [1:0] }, Y=$memory$auto$proc_rom.cc:155:do_switch$77$rdmux[0][5][26]$b$2400 [2:0]
      New connections: $memory$auto$proc_rom.cc:155:do_switch$77$rdmux[0][5][26]$b$2400 [4:3] = 2'00
    Consolidated identical input bits for $mux cell $memory$auto$proc_rom.cc:155:do_switch$77$rdmux[0][6][52]$2572:
      Old ports: A=$memory$auto$proc_rom.cc:155:do_switch$77$rdmux[0][6][52]$a$2573, B=$memory$auto$proc_rom.cc:155:do_switch$77$rdmux[0][6][52]$b$2574, Y=$memory$auto$proc_rom.cc:155:do_switch$77$rdmux[0][5][26]$a$2399
      New ports: A={ 1'0 $memory$auto$proc_rom.cc:155:do_switch$77$rdmux[0][6][52]$a$2573 [0] }, B={ 1'1 $memory$auto$proc_rom.cc:155:do_switch$77$rdmux[0][6][52]$b$2574 [0] }, Y=$memory$auto$proc_rom.cc:155:do_switch$77$rdmux[0][5][26]$a$2399 [1:0]
      New connections: $memory$auto$proc_rom.cc:155:do_switch$77$rdmux[0][5][26]$a$2399 [4:2] = 3'000
    Consolidated identical input bits for $mux cell $memory$auto$proc_rom.cc:155:do_switch$77$rdmux[0][6][47]$2557:
      Old ports: A=$memory$auto$proc_rom.cc:155:do_switch$77$rdmux[0][6][47]$a$2558, B=$memory$auto$proc_rom.cc:155:do_switch$77$rdmux[0][6][47]$b$2559, Y=$memory$auto$proc_rom.cc:155:do_switch$77$rdmux[0][5][23]$b$2391
      New ports: A={ $memory$auto$proc_rom.cc:155:do_switch$77$rdmux[0][6][47]$a$2558 [0] $memory$auto$proc_rom.cc:155:do_switch$77$rdmux[0][6][47]$a$2558 [1] $memory$auto$proc_rom.cc:155:do_switch$77$rdmux[0][6][47]$a$2558 [1:0] }, B={ 2'11 $memory$auto$proc_rom.cc:155:do_switch$77$rdmux[0][6][47]$b$2559 [0] $memory$auto$proc_rom.cc:155:do_switch$77$rdmux[0][6][47]$b$2559 [0] }, Y=$memory$auto$proc_rom.cc:155:do_switch$77$rdmux[0][5][23]$b$2391 [3:0]
      New connections: $memory$auto$proc_rom.cc:155:do_switch$77$rdmux[0][5][23]$b$2391 [4] = 1'0
    Consolidated identical input bits for $mux cell $memory$auto$proc_rom.cc:155:do_switch$77$rdmux[0][6][46]$2554:
      Old ports: A=$memory$auto$proc_rom.cc:155:do_switch$77$rdmux[0][6][46]$a$2555, B=$memory$auto$proc_rom.cc:155:do_switch$77$rdmux[0][6][46]$b$2556, Y=$memory$auto$proc_rom.cc:155:do_switch$77$rdmux[0][5][23]$a$2390
      New ports: A={ 2'01 $memory$auto$proc_rom.cc:155:do_switch$77$rdmux[0][6][46]$a$2555 [0] $memory$auto$proc_rom.cc:155:do_switch$77$rdmux[0][6][46]$a$2555 [0] }, B={ 1'1 $memory$auto$proc_rom.cc:155:do_switch$77$rdmux[0][6][46]$b$2556 [0] $memory$auto$proc_rom.cc:155:do_switch$77$rdmux[0][6][46]$b$2556 [1:0] }, Y=$memory$auto$proc_rom.cc:155:do_switch$77$rdmux[0][5][23]$a$2390 [3:0]
      New connections: $memory$auto$proc_rom.cc:155:do_switch$77$rdmux[0][5][23]$a$2390 [4] = 1'0
    Consolidated identical input bits for $mux cell $memory$auto$proc_rom.cc:155:do_switch$77$rdmux[0][6][45]$2551:
      Old ports: A=$memory$auto$proc_rom.cc:155:do_switch$77$rdmux[0][6][45]$a$2552, B=$memory$auto$proc_rom.cc:155:do_switch$77$rdmux[0][6][45]$b$2553, Y=$memory$auto$proc_rom.cc:155:do_switch$77$rdmux[0][5][22]$b$2388
      New ports: A={ 1'0 $memory$auto$proc_rom.cc:155:do_switch$77$rdmux[0][6][45]$a$2552 [0] $memory$auto$proc_rom.cc:155:do_switch$77$rdmux[0][6][45]$a$2552 [1:0] }, B={ 2'10 $memory$auto$proc_rom.cc:155:do_switch$77$rdmux[0][6][45]$b$2553 [0] $memory$auto$proc_rom.cc:155:do_switch$77$rdmux[0][6][45]$b$2553 [0] }, Y=$memory$auto$proc_rom.cc:155:do_switch$77$rdmux[0][5][22]$b$2388 [3:0]
      New connections: $memory$auto$proc_rom.cc:155:do_switch$77$rdmux[0][5][22]$b$2388 [4] = 1'0
    Consolidated identical input bits for $mux cell $memory$auto$proc_rom.cc:155:do_switch$77$rdmux[0][6][44]$2548:
      Old ports: A=$memory$auto$proc_rom.cc:155:do_switch$77$rdmux[0][6][44]$a$2549, B=$memory$auto$proc_rom.cc:155:do_switch$77$rdmux[0][6][44]$b$2550, Y=$memory$auto$proc_rom.cc:155:do_switch$77$rdmux[0][5][22]$a$2387
      New ports: A={ 2'00 $memory$auto$proc_rom.cc:155:do_switch$77$rdmux[0][6][44]$a$2549 [0] $memory$auto$proc_rom.cc:155:do_switch$77$rdmux[0][6][44]$a$2549 [0] }, B={ $memory$auto$proc_rom.cc:155:do_switch$77$rdmux[0][6][44]$b$2550 [0] $memory$auto$proc_rom.cc:155:do_switch$77$rdmux[0][6][44]$b$2550 [1] $memory$auto$proc_rom.cc:155:do_switch$77$rdmux[0][6][44]$b$2550 [1:0] }, Y=$memory$auto$proc_rom.cc:155:do_switch$77$rdmux[0][5][22]$a$2387 [3:0]
      New connections: $memory$auto$proc_rom.cc:155:do_switch$77$rdmux[0][5][22]$a$2387 [4] = 1'0
    Consolidated identical input bits for $mux cell $memory$auto$proc_rom.cc:155:do_switch$77$rdmux[0][6][43]$2545:
      Old ports: A=$memory$auto$proc_rom.cc:155:do_switch$77$rdmux[0][6][43]$a$2546, B=$memory$auto$proc_rom.cc:155:do_switch$77$rdmux[0][6][43]$b$2547, Y=$memory$auto$proc_rom.cc:155:do_switch$77$rdmux[0][5][21]$b$2385
      New ports: A={ $memory$auto$proc_rom.cc:155:do_switch$77$rdmux[0][6][43]$a$2546 [3] $memory$auto$proc_rom.cc:155:do_switch$77$rdmux[0][6][43]$a$2546 [1] $memory$auto$proc_rom.cc:155:do_switch$77$rdmux[0][6][43]$a$2546 [1] }, B={ 1'1 $memory$auto$proc_rom.cc:155:do_switch$77$rdmux[0][6][43]$b$2547 [2:1] }, Y=$memory$auto$proc_rom.cc:155:do_switch$77$rdmux[0][5][21]$b$2385 [3:1]
      New connections: { $memory$auto$proc_rom.cc:155:do_switch$77$rdmux[0][5][21]$b$2385 [4] $memory$auto$proc_rom.cc:155:do_switch$77$rdmux[0][5][21]$b$2385 [0] } = 2'00
    Consolidated identical input bits for $mux cell $memory$auto$proc_rom.cc:155:do_switch$77$rdmux[0][6][42]$2542:
      Old ports: A=$memory$auto$proc_rom.cc:155:do_switch$77$rdmux[0][6][42]$a$2543, B=$memory$auto$proc_rom.cc:155:do_switch$77$rdmux[0][6][42]$b$2544, Y=$memory$auto$proc_rom.cc:155:do_switch$77$rdmux[0][5][21]$a$2384
      New ports: A={ 2'01 $memory$auto$proc_rom.cc:155:do_switch$77$rdmux[0][6][42]$a$2543 [1] }, B={ 2'10 $memory$auto$proc_rom.cc:155:do_switch$77$rdmux[0][6][42]$b$2544 [1] }, Y=$memory$auto$proc_rom.cc:155:do_switch$77$rdmux[0][5][21]$a$2384 [3:1]
      New connections: { $memory$auto$proc_rom.cc:155:do_switch$77$rdmux[0][5][21]$a$2384 [4] $memory$auto$proc_rom.cc:155:do_switch$77$rdmux[0][5][21]$a$2384 [0] } = 2'00
    Consolidated identical input bits for $mux cell $memory$auto$proc_rom.cc:155:do_switch$77$rdmux[0][6][41]$2539:
      Old ports: A=$memory$auto$proc_rom.cc:155:do_switch$77$rdmux[0][6][41]$a$2540, B=$memory$auto$proc_rom.cc:155:do_switch$77$rdmux[0][6][41]$b$2541, Y=$memory$auto$proc_rom.cc:155:do_switch$77$rdmux[0][5][20]$b$2382
      New ports: A={ 1'0 $memory$auto$proc_rom.cc:155:do_switch$77$rdmux[0][6][41]$a$2540 [2:1] }, B={ $memory$auto$proc_rom.cc:155:do_switch$77$rdmux[0][6][41]$b$2541 [3] $memory$auto$proc_rom.cc:155:do_switch$77$rdmux[0][6][41]$b$2541 [1] $memory$auto$proc_rom.cc:155:do_switch$77$rdmux[0][6][41]$b$2541 [1] }, Y=$memory$auto$proc_rom.cc:155:do_switch$77$rdmux[0][5][20]$b$2382 [3:1]
      New connections: { $memory$auto$proc_rom.cc:155:do_switch$77$rdmux[0][5][20]$b$2382 [4] $memory$auto$proc_rom.cc:155:do_switch$77$rdmux[0][5][20]$b$2382 [0] } = 2'00
    Consolidated identical input bits for $mux cell $memory$auto$proc_rom.cc:155:do_switch$77$rdmux[0][6][40]$2536:
      Old ports: A=$memory$auto$proc_rom.cc:155:do_switch$77$rdmux[0][6][40]$a$2537, B=$memory$auto$proc_rom.cc:155:do_switch$77$rdmux[0][6][40]$b$2538, Y=$memory$auto$proc_rom.cc:155:do_switch$77$rdmux[0][5][20]$a$2381
      New ports: A={ 1'0 $memory$auto$proc_rom.cc:155:do_switch$77$rdmux[0][6][40]$a$2537 [1] }, B={ 1'1 $memory$auto$proc_rom.cc:155:do_switch$77$rdmux[0][6][40]$b$2538 [1] }, Y=$memory$auto$proc_rom.cc:155:do_switch$77$rdmux[0][5][20]$a$2381 [2:1]
      New connections: { $memory$auto$proc_rom.cc:155:do_switch$77$rdmux[0][5][20]$a$2381 [4:3] $memory$auto$proc_rom.cc:155:do_switch$77$rdmux[0][5][20]$a$2381 [0] } = 3'000
    Consolidated identical input bits for $mux cell $memory$auto$proc_rom.cc:155:do_switch$77$rdmux[0][6][39]$2533:
      Old ports: A=$memory$auto$proc_rom.cc:155:do_switch$77$rdmux[0][6][39]$a$2534, B=$memory$auto$proc_rom.cc:155:do_switch$77$rdmux[0][6][39]$b$2535, Y=$memory$auto$proc_rom.cc:155:do_switch$77$rdmux[0][5][19]$b$2379
      New ports: A={ 2'01 $memory$auto$proc_rom.cc:155:do_switch$77$rdmux[0][6][39]$a$2534 [0] }, B={ 2'10 $memory$auto$proc_rom.cc:155:do_switch$77$rdmux[0][6][39]$b$2535 [0] }, Y={ $memory$auto$proc_rom.cc:155:do_switch$77$rdmux[0][5][19]$b$2379 [3] $memory$auto$proc_rom.cc:155:do_switch$77$rdmux[0][5][19]$b$2379 [1:0] }
      New connections: { $memory$auto$proc_rom.cc:155:do_switch$77$rdmux[0][5][19]$b$2379 [4] $memory$auto$proc_rom.cc:155:do_switch$77$rdmux[0][5][19]$b$2379 [2] } = { 1'0 $memory$auto$proc_rom.cc:155:do_switch$77$rdmux[0][5][19]$b$2379 [1] }
    Consolidated identical input bits for $mux cell $memory$auto$proc_rom.cc:155:do_switch$77$rdmux[0][6][38]$2530:
      Old ports: A=$memory$auto$proc_rom.cc:155:do_switch$77$rdmux[0][6][38]$a$2531, B=$memory$auto$proc_rom.cc:155:do_switch$77$rdmux[0][6][38]$b$2532, Y=$memory$auto$proc_rom.cc:155:do_switch$77$rdmux[0][5][19]$a$2378
      New ports: A={ 1'0 $memory$auto$proc_rom.cc:155:do_switch$77$rdmux[0][6][38]$a$2531 [0] }, B={ 1'1 $memory$auto$proc_rom.cc:155:do_switch$77$rdmux[0][6][38]$b$2532 [0] }, Y=$memory$auto$proc_rom.cc:155:do_switch$77$rdmux[0][5][19]$a$2378 [1:0]
      New connections: $memory$auto$proc_rom.cc:155:do_switch$77$rdmux[0][5][19]$a$2378 [4:2] = 3'001
    Consolidated identical input bits for $mux cell $memory$auto$proc_rom.cc:155:do_switch$77$rdmux[0][6][37]$2527:
      Old ports: A=$memory$auto$proc_rom.cc:155:do_switch$77$rdmux[0][6][37]$a$2528, B=$memory$auto$proc_rom.cc:155:do_switch$77$rdmux[0][6][37]$b$2529, Y=$memory$auto$proc_rom.cc:155:do_switch$77$rdmux[0][5][18]$b$2376
      New ports: A={ 2'01 $memory$auto$proc_rom.cc:155:do_switch$77$rdmux[0][6][37]$a$2528 [0] }, B={ 2'10 $memory$auto$proc_rom.cc:155:do_switch$77$rdmux[0][6][37]$b$2529 [0] }, Y=$memory$auto$proc_rom.cc:155:do_switch$77$rdmux[0][5][18]$b$2376 [2:0]
      New connections: $memory$auto$proc_rom.cc:155:do_switch$77$rdmux[0][5][18]$b$2376 [4:3] = 2'00
    Consolidated identical input bits for $mux cell $memory$auto$proc_rom.cc:155:do_switch$77$rdmux[0][6][36]$2524:
      Old ports: A=$memory$auto$proc_rom.cc:155:do_switch$77$rdmux[0][6][36]$a$2525, B=$memory$auto$proc_rom.cc:155:do_switch$77$rdmux[0][6][36]$b$2526, Y=$memory$auto$proc_rom.cc:155:do_switch$77$rdmux[0][5][18]$a$2375
      New ports: A={ 1'0 $memory$auto$proc_rom.cc:155:do_switch$77$rdmux[0][6][36]$a$2525 [0] }, B={ 1'1 $memory$auto$proc_rom.cc:155:do_switch$77$rdmux[0][6][36]$b$2526 [0] }, Y=$memory$auto$proc_rom.cc:155:do_switch$77$rdmux[0][5][18]$a$2375 [1:0]
      New connections: $memory$auto$proc_rom.cc:155:do_switch$77$rdmux[0][5][18]$a$2375 [4:2] = 3'000
    Consolidated identical input bits for $mux cell $memory$auto$proc_rom.cc:155:do_switch$77$rdmux[0][6][31]$2509:
      Old ports: A=$memory$auto$proc_rom.cc:155:do_switch$77$rdmux[0][6][31]$a$2510, B=$memory$auto$proc_rom.cc:155:do_switch$77$rdmux[0][6][31]$b$2511, Y=$memory$auto$proc_rom.cc:155:do_switch$77$rdmux[0][5][15]$b$2367
      New ports: A={ 1'0 $memory$auto$proc_rom.cc:155:do_switch$77$rdmux[0][6][31]$a$2510 [2] 1'1 $memory$auto$proc_rom.cc:155:do_switch$77$rdmux[0][6][31]$a$2510 [0] }, B={ 1'1 $memory$auto$proc_rom.cc:155:do_switch$77$rdmux[0][6][31]$b$2511 [2] 1'0 $memory$auto$proc_rom.cc:155:do_switch$77$rdmux[0][6][31]$b$2511 [0] }, Y=$memory$auto$proc_rom.cc:155:do_switch$77$rdmux[0][5][15]$b$2367 [3:0]
      New connections: $memory$auto$proc_rom.cc:155:do_switch$77$rdmux[0][5][15]$b$2367 [4] = 1'0
    Consolidated identical input bits for $mux cell $memory$auto$proc_rom.cc:155:do_switch$77$rdmux[0][6][30]$2506:
      Old ports: A=$memory$auto$proc_rom.cc:155:do_switch$77$rdmux[0][6][30]$a$2507, B=$memory$auto$proc_rom.cc:155:do_switch$77$rdmux[0][6][30]$b$2508, Y=$memory$auto$proc_rom.cc:155:do_switch$77$rdmux[0][5][15]$a$2366
      New ports: A={ 1'0 $memory$auto$proc_rom.cc:155:do_switch$77$rdmux[0][6][30]$a$2507 [0] $memory$auto$proc_rom.cc:155:do_switch$77$rdmux[0][6][30]$a$2507 [1:0] }, B={ 2'10 $memory$auto$proc_rom.cc:155:do_switch$77$rdmux[0][6][30]$b$2508 [0] $memory$auto$proc_rom.cc:155:do_switch$77$rdmux[0][6][30]$b$2508 [0] }, Y=$memory$auto$proc_rom.cc:155:do_switch$77$rdmux[0][5][15]$a$2366 [3:0]
      New connections: $memory$auto$proc_rom.cc:155:do_switch$77$rdmux[0][5][15]$a$2366 [4] = 1'0
    Consolidated identical input bits for $mux cell $memory$auto$proc_rom.cc:155:do_switch$77$rdmux[0][6][29]$2503:
      Old ports: A=$memory$auto$proc_rom.cc:155:do_switch$77$rdmux[0][6][29]$a$2504, B=$memory$auto$proc_rom.cc:155:do_switch$77$rdmux[0][6][29]$b$2505, Y=$memory$auto$proc_rom.cc:155:do_switch$77$rdmux[0][5][14]$b$2364
      New ports: A={ 1'0 $memory$auto$proc_rom.cc:155:do_switch$77$rdmux[0][6][29]$a$2504 [2] 1'0 $memory$auto$proc_rom.cc:155:do_switch$77$rdmux[0][6][29]$a$2504 [0] }, B={ $memory$auto$proc_rom.cc:155:do_switch$77$rdmux[0][6][29]$b$2505 [3] $memory$auto$proc_rom.cc:155:do_switch$77$rdmux[0][6][29]$b$2505 [0] 1'1 $memory$auto$proc_rom.cc:155:do_switch$77$rdmux[0][6][29]$b$2505 [0] }, Y=$memory$auto$proc_rom.cc:155:do_switch$77$rdmux[0][5][14]$b$2364 [3:0]
      New connections: $memory$auto$proc_rom.cc:155:do_switch$77$rdmux[0][5][14]$b$2364 [4] = 1'0
    Consolidated identical input bits for $mux cell $memory$auto$proc_rom.cc:155:do_switch$77$rdmux[0][6][28]$2500:
      Old ports: A=$memory$auto$proc_rom.cc:155:do_switch$77$rdmux[0][6][28]$a$2501, B=$memory$auto$proc_rom.cc:155:do_switch$77$rdmux[0][6][28]$b$2502, Y=$memory$auto$proc_rom.cc:155:do_switch$77$rdmux[0][5][14]$a$2363
      New ports: A={ 2'00 $memory$auto$proc_rom.cc:155:do_switch$77$rdmux[0][6][28]$a$2501 [0] $memory$auto$proc_rom.cc:155:do_switch$77$rdmux[0][6][28]$a$2501 [0] }, B={ $memory$auto$proc_rom.cc:155:do_switch$77$rdmux[0][6][28]$b$2502 [0] $memory$auto$proc_rom.cc:155:do_switch$77$rdmux[0][6][28]$b$2502 [1] $memory$auto$proc_rom.cc:155:do_switch$77$rdmux[0][6][28]$b$2502 [1:0] }, Y=$memory$auto$proc_rom.cc:155:do_switch$77$rdmux[0][5][14]$a$2363 [3:0]
      New connections: $memory$auto$proc_rom.cc:155:do_switch$77$rdmux[0][5][14]$a$2363 [4] = 1'0
    Consolidated identical input bits for $mux cell $memory$auto$proc_rom.cc:155:do_switch$77$rdmux[0][6][27]$2497:
      Old ports: A=$memory$auto$proc_rom.cc:155:do_switch$77$rdmux[0][6][27]$a$2498, B=$memory$auto$proc_rom.cc:155:do_switch$77$rdmux[0][6][27]$b$2499, Y=$memory$auto$proc_rom.cc:155:do_switch$77$rdmux[0][5][13]$b$2361
      New ports: A={ 1'0 $memory$auto$proc_rom.cc:155:do_switch$77$rdmux[0][6][27]$a$2498 [2:1] }, B={ $memory$auto$proc_rom.cc:155:do_switch$77$rdmux[0][6][27]$b$2499 [3] $memory$auto$proc_rom.cc:155:do_switch$77$rdmux[0][6][27]$b$2499 [1] $memory$auto$proc_rom.cc:155:do_switch$77$rdmux[0][6][27]$b$2499 [1] }, Y=$memory$auto$proc_rom.cc:155:do_switch$77$rdmux[0][5][13]$b$2361 [3:1]
      New connections: { $memory$auto$proc_rom.cc:155:do_switch$77$rdmux[0][5][13]$b$2361 [4] $memory$auto$proc_rom.cc:155:do_switch$77$rdmux[0][5][13]$b$2361 [0] } = 2'01
    Consolidated identical input bits for $mux cell $memory$auto$proc_rom.cc:155:do_switch$77$rdmux[0][6][26]$2494:
      Old ports: A=$memory$auto$proc_rom.cc:155:do_switch$77$rdmux[0][6][26]$a$2495, B=$memory$auto$proc_rom.cc:155:do_switch$77$rdmux[0][6][26]$b$2496, Y=$memory$auto$proc_rom.cc:155:do_switch$77$rdmux[0][5][13]$a$2360
      New ports: A={ 1'0 $memory$auto$proc_rom.cc:155:do_switch$77$rdmux[0][6][26]$a$2495 [2:1] }, B={ $memory$auto$proc_rom.cc:155:do_switch$77$rdmux[0][6][26]$b$2496 [3] $memory$auto$proc_rom.cc:155:do_switch$77$rdmux[0][6][26]$b$2496 [1] $memory$auto$proc_rom.cc:155:do_switch$77$rdmux[0][6][26]$b$2496 [1] }, Y=$memory$auto$proc_rom.cc:155:do_switch$77$rdmux[0][5][13]$a$2360 [3:1]
      New connections: { $memory$auto$proc_rom.cc:155:do_switch$77$rdmux[0][5][13]$a$2360 [4] $memory$auto$proc_rom.cc:155:do_switch$77$rdmux[0][5][13]$a$2360 [0] } = 2'00
    Consolidated identical input bits for $mux cell $memory$auto$proc_rom.cc:155:do_switch$77$rdmux[0][6][25]$2491:
      Old ports: A=$memory$auto$proc_rom.cc:155:do_switch$77$rdmux[0][6][25]$a$2492, B=$memory$auto$proc_rom.cc:155:do_switch$77$rdmux[0][6][25]$b$2493, Y=$memory$auto$proc_rom.cc:155:do_switch$77$rdmux[0][5][12]$b$2358
      New ports: A={ 1'0 $memory$auto$proc_rom.cc:155:do_switch$77$rdmux[0][6][25]$a$2492 [1] }, B={ 1'1 $memory$auto$proc_rom.cc:155:do_switch$77$rdmux[0][6][25]$b$2493 [1] }, Y=$memory$auto$proc_rom.cc:155:do_switch$77$rdmux[0][5][12]$b$2358 [2:1]
      New connections: { $memory$auto$proc_rom.cc:155:do_switch$77$rdmux[0][5][12]$b$2358 [4:3] $memory$auto$proc_rom.cc:155:do_switch$77$rdmux[0][5][12]$b$2358 [0] } = 3'001
    Consolidated identical input bits for $mux cell $memory$auto$proc_rom.cc:155:do_switch$77$rdmux[0][6][24]$2488:
      Old ports: A=$memory$auto$proc_rom.cc:155:do_switch$77$rdmux[0][6][24]$a$2489, B=$memory$auto$proc_rom.cc:155:do_switch$77$rdmux[0][6][24]$b$2490, Y=$memory$auto$proc_rom.cc:155:do_switch$77$rdmux[0][5][12]$a$2357
      New ports: A={ 1'0 $memory$auto$proc_rom.cc:155:do_switch$77$rdmux[0][6][24]$a$2489 [1] }, B={ 1'1 $memory$auto$proc_rom.cc:155:do_switch$77$rdmux[0][6][24]$b$2490 [1] }, Y=$memory$auto$proc_rom.cc:155:do_switch$77$rdmux[0][5][12]$a$2357 [2:1]
      New connections: { $memory$auto$proc_rom.cc:155:do_switch$77$rdmux[0][5][12]$a$2357 [4:3] $memory$auto$proc_rom.cc:155:do_switch$77$rdmux[0][5][12]$a$2357 [0] } = 3'000
    Consolidated identical input bits for $mux cell $memory$auto$proc_rom.cc:155:do_switch$77$rdmux[0][6][23]$2485:
      Old ports: A=$memory$auto$proc_rom.cc:155:do_switch$77$rdmux[0][6][23]$a$2486, B=$memory$auto$proc_rom.cc:155:do_switch$77$rdmux[0][6][23]$b$2487, Y=$memory$auto$proc_rom.cc:155:do_switch$77$rdmux[0][5][11]$b$2355
      New ports: A={ $memory$auto$proc_rom.cc:155:do_switch$77$rdmux[0][6][23]$a$2486 [2] $memory$auto$proc_rom.cc:155:do_switch$77$rdmux[0][6][23]$a$2486 [0] $memory$auto$proc_rom.cc:155:do_switch$77$rdmux[0][6][23]$a$2486 [0] }, B={ 1'1 $memory$auto$proc_rom.cc:155:do_switch$77$rdmux[0][6][23]$b$2487 [1:0] }, Y=$memory$auto$proc_rom.cc:155:do_switch$77$rdmux[0][5][11]$b$2355 [2:0]
      New connections: $memory$auto$proc_rom.cc:155:do_switch$77$rdmux[0][5][11]$b$2355 [4:3] = 2'00
    Consolidated identical input bits for $mux cell $memory$auto$proc_rom.cc:155:do_switch$77$rdmux[0][6][22]$2482:
      Old ports: A=$memory$auto$proc_rom.cc:155:do_switch$77$rdmux[0][6][22]$a$2483, B=$memory$auto$proc_rom.cc:155:do_switch$77$rdmux[0][6][22]$b$2484, Y=$memory$auto$proc_rom.cc:155:do_switch$77$rdmux[0][5][11]$a$2354
      New ports: A={ 2'01 $memory$auto$proc_rom.cc:155:do_switch$77$rdmux[0][6][22]$a$2483 [0] }, B={ 2'10 $memory$auto$proc_rom.cc:155:do_switch$77$rdmux[0][6][22]$b$2484 [0] }, Y=$memory$auto$proc_rom.cc:155:do_switch$77$rdmux[0][5][11]$a$2354 [2:0]
      New connections: $memory$auto$proc_rom.cc:155:do_switch$77$rdmux[0][5][11]$a$2354 [4:3] = 2'00
    Consolidated identical input bits for $mux cell $memory$auto$proc_rom.cc:155:do_switch$77$rdmux[0][6][21]$2479:
      Old ports: A=$memory$auto$proc_rom.cc:155:do_switch$77$rdmux[0][6][21]$a$2480, B=$memory$auto$proc_rom.cc:155:do_switch$77$rdmux[0][6][21]$b$2481, Y=$memory$auto$proc_rom.cc:155:do_switch$77$rdmux[0][5][10]$b$2352
      New ports: A={ 1'0 $memory$auto$proc_rom.cc:155:do_switch$77$rdmux[0][6][21]$a$2480 [1:0] }, B={ $memory$auto$proc_rom.cc:155:do_switch$77$rdmux[0][6][21]$b$2481 [2] $memory$auto$proc_rom.cc:155:do_switch$77$rdmux[0][6][21]$b$2481 [0] $memory$auto$proc_rom.cc:155:do_switch$77$rdmux[0][6][21]$b$2481 [0] }, Y=$memory$auto$proc_rom.cc:155:do_switch$77$rdmux[0][5][10]$b$2352 [2:0]
      New connections: $memory$auto$proc_rom.cc:155:do_switch$77$rdmux[0][5][10]$b$2352 [4:3] = 2'00
    Consolidated identical input bits for $mux cell $memory$auto$proc_rom.cc:155:do_switch$77$rdmux[0][6][20]$2476:
      Old ports: A=$memory$auto$proc_rom.cc:155:do_switch$77$rdmux[0][6][20]$a$2477, B=$memory$auto$proc_rom.cc:155:do_switch$77$rdmux[0][6][20]$b$2478, Y=$memory$auto$proc_rom.cc:155:do_switch$77$rdmux[0][5][10]$a$2351
      New ports: A={ 1'0 $memory$auto$proc_rom.cc:155:do_switch$77$rdmux[0][6][20]$a$2477 [0] }, B={ 1'1 $memory$auto$proc_rom.cc:155:do_switch$77$rdmux[0][6][20]$b$2478 [0] }, Y=$memory$auto$proc_rom.cc:155:do_switch$77$rdmux[0][5][10]$a$2351 [1:0]
      New connections: $memory$auto$proc_rom.cc:155:do_switch$77$rdmux[0][5][10]$a$2351 [4:2] = 3'000
    Consolidated identical input bits for $mux cell $memory$auto$proc_rom.cc:155:do_switch$77$rdmux[0][6][15]$2461:
      Old ports: A=$memory$auto$proc_rom.cc:155:do_switch$77$rdmux[0][6][15]$a$2462, B=$memory$auto$proc_rom.cc:155:do_switch$77$rdmux[0][6][15]$b$2463, Y=$memory$auto$proc_rom.cc:155:do_switch$77$rdmux[0][5][7]$b$2343
      New ports: A={ 2'00 $memory$auto$proc_rom.cc:155:do_switch$77$rdmux[0][6][15]$a$2462 [0] $memory$auto$proc_rom.cc:155:do_switch$77$rdmux[0][6][15]$a$2462 [0] }, B={ $memory$auto$proc_rom.cc:155:do_switch$77$rdmux[0][6][15]$b$2463 [0] $memory$auto$proc_rom.cc:155:do_switch$77$rdmux[0][6][15]$b$2463 [1] $memory$auto$proc_rom.cc:155:do_switch$77$rdmux[0][6][15]$b$2463 [1:0] }, Y=$memory$auto$proc_rom.cc:155:do_switch$77$rdmux[0][5][7]$b$2343 [3:0]
      New connections: $memory$auto$proc_rom.cc:155:do_switch$77$rdmux[0][5][7]$b$2343 [4] = 1'0
    Consolidated identical input bits for $mux cell $memory$auto$proc_rom.cc:155:do_switch$77$rdmux[0][6][14]$2458:
      Old ports: A=$memory$auto$proc_rom.cc:155:do_switch$77$rdmux[0][6][14]$a$2459, B=$memory$auto$proc_rom.cc:155:do_switch$77$rdmux[0][6][14]$b$2460, Y=$memory$auto$proc_rom.cc:155:do_switch$77$rdmux[0][5][7]$a$2342
      New ports: A={ 2'00 $memory$auto$proc_rom.cc:155:do_switch$77$rdmux[0][6][14]$a$2459 [0] $memory$auto$proc_rom.cc:155:do_switch$77$rdmux[0][6][14]$a$2459 [0] }, B={ $memory$auto$proc_rom.cc:155:do_switch$77$rdmux[0][6][14]$b$2460 [0] $memory$auto$proc_rom.cc:155:do_switch$77$rdmux[0][6][14]$b$2460 [1] $memory$auto$proc_rom.cc:155:do_switch$77$rdmux[0][6][14]$b$2460 [1:0] }, Y=$memory$auto$proc_rom.cc:155:do_switch$77$rdmux[0][5][7]$a$2342 [3:0]
      New connections: $memory$auto$proc_rom.cc:155:do_switch$77$rdmux[0][5][7]$a$2342 [4] = 1'0
    Consolidated identical input bits for $mux cell $memory$auto$proc_rom.cc:155:do_switch$77$rdmux[0][6][13]$2455:
      Old ports: A=$memory$auto$proc_rom.cc:155:do_switch$77$rdmux[0][6][13]$a$2456, B=$memory$auto$proc_rom.cc:155:do_switch$77$rdmux[0][6][13]$b$2457, Y=$memory$auto$proc_rom.cc:155:do_switch$77$rdmux[0][5][6]$b$2340
      New ports: A={ 2'00 $memory$auto$proc_rom.cc:155:do_switch$77$rdmux[0][6][13]$a$2456 [0] $memory$auto$proc_rom.cc:155:do_switch$77$rdmux[0][6][13]$a$2456 [0] }, B={ $memory$auto$proc_rom.cc:155:do_switch$77$rdmux[0][6][13]$b$2457 [0] $memory$auto$proc_rom.cc:155:do_switch$77$rdmux[0][6][13]$b$2457 [1] $memory$auto$proc_rom.cc:155:do_switch$77$rdmux[0][6][13]$b$2457 [1:0] }, Y=$memory$auto$proc_rom.cc:155:do_switch$77$rdmux[0][5][6]$b$2340 [3:0]
      New connections: $memory$auto$proc_rom.cc:155:do_switch$77$rdmux[0][5][6]$b$2340 [4] = 1'0
    Consolidated identical input bits for $mux cell $memory$auto$proc_rom.cc:155:do_switch$77$rdmux[0][6][12]$2452:
      Old ports: A=$memory$auto$proc_rom.cc:155:do_switch$77$rdmux[0][6][12]$a$2453, B=$memory$auto$proc_rom.cc:155:do_switch$77$rdmux[0][6][12]$b$2454, Y=$memory$auto$proc_rom.cc:155:do_switch$77$rdmux[0][5][6]$a$2339
      New ports: A={ 2'00 $memory$auto$proc_rom.cc:155:do_switch$77$rdmux[0][6][12]$a$2453 [0] $memory$auto$proc_rom.cc:155:do_switch$77$rdmux[0][6][12]$a$2453 [0] }, B={ $memory$auto$proc_rom.cc:155:do_switch$77$rdmux[0][6][12]$b$2454 [0] $memory$auto$proc_rom.cc:155:do_switch$77$rdmux[0][6][12]$b$2454 [1] $memory$auto$proc_rom.cc:155:do_switch$77$rdmux[0][6][12]$b$2454 [1:0] }, Y=$memory$auto$proc_rom.cc:155:do_switch$77$rdmux[0][5][6]$a$2339 [3:0]
      New connections: $memory$auto$proc_rom.cc:155:do_switch$77$rdmux[0][5][6]$a$2339 [4] = 1'0
    Consolidated identical input bits for $mux cell $memory$auto$proc_rom.cc:155:do_switch$77$rdmux[0][6][11]$2449:
      Old ports: A=$memory$auto$proc_rom.cc:155:do_switch$77$rdmux[0][6][11]$a$2450, B=$memory$auto$proc_rom.cc:155:do_switch$77$rdmux[0][6][11]$b$2451, Y=$memory$auto$proc_rom.cc:155:do_switch$77$rdmux[0][5][5]$b$2337
      New ports: A={ 1'0 $memory$auto$proc_rom.cc:155:do_switch$77$rdmux[0][6][11]$a$2450 [1] }, B={ 1'1 $memory$auto$proc_rom.cc:155:do_switch$77$rdmux[0][6][11]$b$2451 [1] }, Y=$memory$auto$proc_rom.cc:155:do_switch$77$rdmux[0][5][5]$b$2337 [2:1]
      New connections: { $memory$auto$proc_rom.cc:155:do_switch$77$rdmux[0][5][5]$b$2337 [4:3] $memory$auto$proc_rom.cc:155:do_switch$77$rdmux[0][5][5]$b$2337 [0] } = 3'000
    Consolidated identical input bits for $mux cell $memory$auto$proc_rom.cc:155:do_switch$77$rdmux[0][6][10]$2446:
      Old ports: A=$memory$auto$proc_rom.cc:155:do_switch$77$rdmux[0][6][10]$a$2447, B=$memory$auto$proc_rom.cc:155:do_switch$77$rdmux[0][6][10]$b$2448, Y=$memory$auto$proc_rom.cc:155:do_switch$77$rdmux[0][5][5]$a$2336
      New ports: A={ 1'0 $memory$auto$proc_rom.cc:155:do_switch$77$rdmux[0][6][10]$a$2447 [1] }, B={ 1'1 $memory$auto$proc_rom.cc:155:do_switch$77$rdmux[0][6][10]$b$2448 [1] }, Y=$memory$auto$proc_rom.cc:155:do_switch$77$rdmux[0][5][5]$a$2336 [2:1]
      New connections: { $memory$auto$proc_rom.cc:155:do_switch$77$rdmux[0][5][5]$a$2336 [4:3] $memory$auto$proc_rom.cc:155:do_switch$77$rdmux[0][5][5]$a$2336 [0] } = 3'000
    Consolidated identical input bits for $mux cell $memory$auto$proc_rom.cc:155:do_switch$77$rdmux[0][6][9]$2443:
      Old ports: A=$memory$auto$proc_rom.cc:155:do_switch$77$rdmux[0][6][9]$a$2444, B=$memory$auto$proc_rom.cc:155:do_switch$77$rdmux[0][6][9]$b$2445, Y=$memory$auto$proc_rom.cc:155:do_switch$77$rdmux[0][5][4]$b$2334
      New ports: A={ 1'0 $memory$auto$proc_rom.cc:155:do_switch$77$rdmux[0][6][9]$a$2444 [1] }, B={ 1'1 $memory$auto$proc_rom.cc:155:do_switch$77$rdmux[0][6][9]$b$2445 [1] }, Y=$memory$auto$proc_rom.cc:155:do_switch$77$rdmux[0][5][4]$b$2334 [2:1]
      New connections: { $memory$auto$proc_rom.cc:155:do_switch$77$rdmux[0][5][4]$b$2334 [4:3] $memory$auto$proc_rom.cc:155:do_switch$77$rdmux[0][5][4]$b$2334 [0] } = 3'000
    Consolidated identical input bits for $mux cell $memory$auto$proc_rom.cc:155:do_switch$77$rdmux[0][6][8]$2440:
      Old ports: A=$memory$auto$proc_rom.cc:155:do_switch$77$rdmux[0][6][8]$a$2441, B=$memory$auto$proc_rom.cc:155:do_switch$77$rdmux[0][6][8]$b$2442, Y=$memory$auto$proc_rom.cc:155:do_switch$77$rdmux[0][5][4]$a$2333
      New ports: A={ 1'0 $memory$auto$proc_rom.cc:155:do_switch$77$rdmux[0][6][8]$a$2441 [1] }, B={ 1'1 $memory$auto$proc_rom.cc:155:do_switch$77$rdmux[0][6][8]$b$2442 [1] }, Y=$memory$auto$proc_rom.cc:155:do_switch$77$rdmux[0][5][4]$a$2333 [2:1]
      New connections: { $memory$auto$proc_rom.cc:155:do_switch$77$rdmux[0][5][4]$a$2333 [4:3] $memory$auto$proc_rom.cc:155:do_switch$77$rdmux[0][5][4]$a$2333 [0] } = 3'000
    Consolidated identical input bits for $mux cell $memory$auto$proc_rom.cc:155:do_switch$77$rdmux[0][6][7]$2437:
      Old ports: A=$memory$auto$proc_rom.cc:155:do_switch$77$rdmux[0][6][7]$a$2438, B=$memory$auto$proc_rom.cc:155:do_switch$77$rdmux[0][6][7]$b$2439, Y=$memory$auto$proc_rom.cc:155:do_switch$77$rdmux[0][5][3]$b$2331
      New ports: A={ 1'0 $memory$auto$proc_rom.cc:155:do_switch$77$rdmux[0][6][7]$a$2438 [0] }, B={ 1'1 $memory$auto$proc_rom.cc:155:do_switch$77$rdmux[0][6][7]$b$2439 [0] }, Y=$memory$auto$proc_rom.cc:155:do_switch$77$rdmux[0][5][3]$b$2331 [1:0]
      New connections: $memory$auto$proc_rom.cc:155:do_switch$77$rdmux[0][5][3]$b$2331 [4:2] = 3'000
    Consolidated identical input bits for $mux cell $memory$auto$proc_rom.cc:155:do_switch$77$rdmux[0][6][6]$2434:
      Old ports: A=$memory$auto$proc_rom.cc:155:do_switch$77$rdmux[0][6][6]$a$2435, B=$memory$auto$proc_rom.cc:155:do_switch$77$rdmux[0][6][6]$b$2436, Y=$memory$auto$proc_rom.cc:155:do_switch$77$rdmux[0][5][3]$a$2330
      New ports: A={ 1'0 $memory$auto$proc_rom.cc:155:do_switch$77$rdmux[0][6][6]$a$2435 [0] }, B={ 1'1 $memory$auto$proc_rom.cc:155:do_switch$77$rdmux[0][6][6]$b$2436 [0] }, Y=$memory$auto$proc_rom.cc:155:do_switch$77$rdmux[0][5][3]$a$2330 [1:0]
      New connections: $memory$auto$proc_rom.cc:155:do_switch$77$rdmux[0][5][3]$a$2330 [4:2] = 3'000
    Consolidated identical input bits for $mux cell $memory$auto$proc_rom.cc:155:do_switch$77$rdmux[0][6][5]$2431:
      Old ports: A=$memory$auto$proc_rom.cc:155:do_switch$77$rdmux[0][6][5]$a$2432, B=$memory$auto$proc_rom.cc:155:do_switch$77$rdmux[0][6][5]$b$2433, Y=$memory$auto$proc_rom.cc:155:do_switch$77$rdmux[0][5][2]$b$2328
      New ports: A={ 1'0 $memory$auto$proc_rom.cc:155:do_switch$77$rdmux[0][6][5]$a$2432 [0] }, B={ 1'1 $memory$auto$proc_rom.cc:155:do_switch$77$rdmux[0][6][5]$b$2433 [0] }, Y=$memory$auto$proc_rom.cc:155:do_switch$77$rdmux[0][5][2]$b$2328 [1:0]
      New connections: $memory$auto$proc_rom.cc:155:do_switch$77$rdmux[0][5][2]$b$2328 [4:2] = 3'000
    Consolidated identical input bits for $mux cell $memory$auto$proc_rom.cc:155:do_switch$77$rdmux[0][6][4]$2428:
      Old ports: A=$memory$auto$proc_rom.cc:155:do_switch$77$rdmux[0][6][4]$a$2429, B=$memory$auto$proc_rom.cc:155:do_switch$77$rdmux[0][6][4]$b$2430, Y=$memory$auto$proc_rom.cc:155:do_switch$77$rdmux[0][5][2]$a$2327
      New ports: A={ 1'0 $memory$auto$proc_rom.cc:155:do_switch$77$rdmux[0][6][4]$a$2429 [0] }, B={ 1'1 $memory$auto$proc_rom.cc:155:do_switch$77$rdmux[0][6][4]$b$2430 [0] }, Y=$memory$auto$proc_rom.cc:155:do_switch$77$rdmux[0][5][2]$a$2327 [1:0]
      New connections: $memory$auto$proc_rom.cc:155:do_switch$77$rdmux[0][5][2]$a$2327 [4:2] = 3'000
    Consolidated identical input bits for $mux cell $memory$auto$proc_rom.cc:155:do_switch$77$rdmux[0][4][12]$2308:
      Old ports: A=$memory$auto$proc_rom.cc:155:do_switch$77$rdmux[0][4][12]$a$2309, B=$memory$auto$proc_rom.cc:155:do_switch$77$rdmux[0][4][12]$b$2310, Y=$memory$auto$proc_rom.cc:155:do_switch$77$rdmux[0][3][6]$a$2267
      New ports: A={ 2'00 $memory$auto$proc_rom.cc:155:do_switch$77$rdmux[0][4][12]$a$2309 [0] $memory$auto$proc_rom.cc:155:do_switch$77$rdmux[0][4][12]$a$2309 [0] }, B={ $memory$auto$proc_rom.cc:155:do_switch$77$rdmux[0][4][12]$b$2310 [0] $memory$auto$proc_rom.cc:155:do_switch$77$rdmux[0][4][12]$b$2310 [1] $memory$auto$proc_rom.cc:155:do_switch$77$rdmux[0][4][12]$b$2310 [1:0] }, Y=$memory$auto$proc_rom.cc:155:do_switch$77$rdmux[0][3][6]$a$2267 [3:0]
      New connections: $memory$auto$proc_rom.cc:155:do_switch$77$rdmux[0][3][6]$a$2267 [4] = 1'0
    Consolidated identical input bits for $mux cell $memory$auto$proc_rom.cc:155:do_switch$77$rdmux[0][4][8]$2296:
      Old ports: A=$memory$auto$proc_rom.cc:155:do_switch$77$rdmux[0][4][8]$a$2297, B=$memory$auto$proc_rom.cc:155:do_switch$77$rdmux[0][4][8]$b$2298, Y=$memory$auto$proc_rom.cc:155:do_switch$77$rdmux[0][3][4]$a$2261
      New ports: A={ 1'0 $memory$auto$proc_rom.cc:155:do_switch$77$rdmux[0][4][8]$a$2297 [1] }, B={ 1'1 $memory$auto$proc_rom.cc:155:do_switch$77$rdmux[0][4][8]$b$2298 [1] }, Y=$memory$auto$proc_rom.cc:155:do_switch$77$rdmux[0][3][4]$a$2261 [2:1]
      New connections: { $memory$auto$proc_rom.cc:155:do_switch$77$rdmux[0][3][4]$a$2261 [4:3] $memory$auto$proc_rom.cc:155:do_switch$77$rdmux[0][3][4]$a$2261 [0] } = 3'000
    Consolidated identical input bits for $mux cell $memory$auto$proc_rom.cc:155:do_switch$77$rdmux[0][4][4]$2284:
      Old ports: A=$memory$auto$proc_rom.cc:155:do_switch$77$rdmux[0][4][4]$a$2285, B=$memory$auto$proc_rom.cc:155:do_switch$77$rdmux[0][4][4]$b$2286, Y=$memory$auto$proc_rom.cc:155:do_switch$77$rdmux[0][3][2]$a$2255
      New ports: A={ 1'0 $memory$auto$proc_rom.cc:155:do_switch$77$rdmux[0][4][4]$a$2285 [0] }, B={ 1'1 $memory$auto$proc_rom.cc:155:do_switch$77$rdmux[0][4][4]$b$2286 [0] }, Y=$memory$auto$proc_rom.cc:155:do_switch$77$rdmux[0][3][2]$a$2255 [1:0]
      New connections: $memory$auto$proc_rom.cc:155:do_switch$77$rdmux[0][3][2]$a$2255 [4:2] = 3'000
    Consolidated identical input bits for $mux cell $memory$auto$proc_rom.cc:155:do_switch$81$rdmux[0][6][62]$1837:
      Old ports: A=$memory$auto$proc_rom.cc:155:do_switch$81$rdmux[0][6][62]$a$1838, B=$memory$auto$proc_rom.cc:155:do_switch$81$rdmux[0][6][62]$b$1839, Y=$memory$auto$proc_rom.cc:155:do_switch$81$rdmux[0][5][31]$a$1649
      New ports: A={ $memory$auto$proc_rom.cc:155:do_switch$81$rdmux[0][6][62]$a$1838 [0] $memory$auto$proc_rom.cc:155:do_switch$81$rdmux[0][6][62]$a$1838 [1] $memory$auto$proc_rom.cc:155:do_switch$81$rdmux[0][6][62]$a$1838 [1:0] }, B={ 2'11 $memory$auto$proc_rom.cc:155:do_switch$81$rdmux[0][6][62]$b$1839 [0] $memory$auto$proc_rom.cc:155:do_switch$81$rdmux[0][6][62]$b$1839 [0] }, Y=$memory$auto$proc_rom.cc:155:do_switch$81$rdmux[0][5][31]$a$1649 [3:0]
      New connections: $memory$auto$proc_rom.cc:155:do_switch$81$rdmux[0][5][31]$a$1649 [4] = 1'0
    Consolidated identical input bits for $mux cell $memory$auto$proc_rom.cc:155:do_switch$81$rdmux[0][6][61]$1834:
      Old ports: A=$memory$auto$proc_rom.cc:155:do_switch$81$rdmux[0][6][61]$a$1835, B=$memory$auto$proc_rom.cc:155:do_switch$81$rdmux[0][6][61]$b$1836, Y=$memory$auto$proc_rom.cc:155:do_switch$81$rdmux[0][5][30]$b$1647
      New ports: A={ 1'0 $memory$auto$proc_rom.cc:155:do_switch$81$rdmux[0][6][61]$a$1835 [2] 1'1 $memory$auto$proc_rom.cc:155:do_switch$81$rdmux[0][6][61]$a$1835 [0] }, B={ 1'1 $memory$auto$proc_rom.cc:155:do_switch$81$rdmux[0][6][61]$b$1836 [2] 1'0 $memory$auto$proc_rom.cc:155:do_switch$81$rdmux[0][6][61]$b$1836 [0] }, Y=$memory$auto$proc_rom.cc:155:do_switch$81$rdmux[0][5][30]$b$1647 [3:0]
      New connections: $memory$auto$proc_rom.cc:155:do_switch$81$rdmux[0][5][30]$b$1647 [4] = 1'0
    Consolidated identical input bits for $mux cell $memory$auto$proc_rom.cc:155:do_switch$81$rdmux[0][6][60]$1831:
      Old ports: A=$memory$auto$proc_rom.cc:155:do_switch$81$rdmux[0][6][60]$a$1832, B=$memory$auto$proc_rom.cc:155:do_switch$81$rdmux[0][6][60]$b$1833, Y=$memory$auto$proc_rom.cc:155:do_switch$81$rdmux[0][5][30]$a$1646
      New ports: A={ 2'00 $memory$auto$proc_rom.cc:155:do_switch$81$rdmux[0][6][60]$a$1832 [0] $memory$auto$proc_rom.cc:155:do_switch$81$rdmux[0][6][60]$a$1832 [0] }, B={ $memory$auto$proc_rom.cc:155:do_switch$81$rdmux[0][6][60]$b$1833 [0] $memory$auto$proc_rom.cc:155:do_switch$81$rdmux[0][6][60]$b$1833 [1] $memory$auto$proc_rom.cc:155:do_switch$81$rdmux[0][6][60]$b$1833 [1:0] }, Y=$memory$auto$proc_rom.cc:155:do_switch$81$rdmux[0][5][30]$a$1646 [3:0]
      New connections: $memory$auto$proc_rom.cc:155:do_switch$81$rdmux[0][5][30]$a$1646 [4] = 1'0
    Consolidated identical input bits for $mux cell $memory$auto$proc_rom.cc:155:do_switch$81$rdmux[0][6][59]$1828:
      Old ports: A=$memory$auto$proc_rom.cc:155:do_switch$81$rdmux[0][6][59]$a$1829, B=$memory$auto$proc_rom.cc:155:do_switch$81$rdmux[0][6][59]$b$1830, Y=$memory$auto$proc_rom.cc:155:do_switch$81$rdmux[0][5][29]$b$1644
      New ports: A={ 1'0 $memory$auto$proc_rom.cc:155:do_switch$81$rdmux[0][6][59]$a$1829 [1] }, B={ 1'1 $memory$auto$proc_rom.cc:155:do_switch$81$rdmux[0][6][59]$b$1830 [1] }, Y=$memory$auto$proc_rom.cc:155:do_switch$81$rdmux[0][5][29]$b$1644 [2:1]
      New connections: { $memory$auto$proc_rom.cc:155:do_switch$81$rdmux[0][5][29]$b$1644 [4:3] $memory$auto$proc_rom.cc:155:do_switch$81$rdmux[0][5][29]$b$1644 [0] } = 3'011
    Consolidated identical input bits for $mux cell $memory$auto$proc_rom.cc:155:do_switch$81$rdmux[0][6][58]$1825:
      Old ports: A=$memory$auto$proc_rom.cc:155:do_switch$81$rdmux[0][6][58]$a$1826, B=$memory$auto$proc_rom.cc:155:do_switch$81$rdmux[0][6][58]$b$1827, Y=$memory$auto$proc_rom.cc:155:do_switch$81$rdmux[0][5][29]$a$1643
      New ports: A={ $memory$auto$proc_rom.cc:155:do_switch$81$rdmux[0][6][58]$a$1826 [3] $memory$auto$proc_rom.cc:155:do_switch$81$rdmux[0][6][58]$a$1826 [1] $memory$auto$proc_rom.cc:155:do_switch$81$rdmux[0][6][58]$a$1826 [1] }, B={ 1'1 $memory$auto$proc_rom.cc:155:do_switch$81$rdmux[0][6][58]$b$1827 [2:1] }, Y=$memory$auto$proc_rom.cc:155:do_switch$81$rdmux[0][5][29]$a$1643 [3:1]
      New connections: { $memory$auto$proc_rom.cc:155:do_switch$81$rdmux[0][5][29]$a$1643 [4] $memory$auto$proc_rom.cc:155:do_switch$81$rdmux[0][5][29]$a$1643 [0] } = 2'00
    Consolidated identical input bits for $mux cell $memory$auto$proc_rom.cc:155:do_switch$81$rdmux[0][6][57]$1822:
      Old ports: A=$memory$auto$proc_rom.cc:155:do_switch$81$rdmux[0][6][57]$a$1823, B=$memory$auto$proc_rom.cc:155:do_switch$81$rdmux[0][6][57]$b$1824, Y=$memory$auto$proc_rom.cc:155:do_switch$81$rdmux[0][5][28]$b$1641
      New ports: A={ 1'0 $memory$auto$proc_rom.cc:155:do_switch$81$rdmux[0][6][57]$a$1823 [2:1] }, B={ $memory$auto$proc_rom.cc:155:do_switch$81$rdmux[0][6][57]$b$1824 [3] $memory$auto$proc_rom.cc:155:do_switch$81$rdmux[0][6][57]$b$1824 [1] $memory$auto$proc_rom.cc:155:do_switch$81$rdmux[0][6][57]$b$1824 [1] }, Y=$memory$auto$proc_rom.cc:155:do_switch$81$rdmux[0][5][28]$b$1641 [3:1]
      New connections: { $memory$auto$proc_rom.cc:155:do_switch$81$rdmux[0][5][28]$b$1641 [4] $memory$auto$proc_rom.cc:155:do_switch$81$rdmux[0][5][28]$b$1641 [0] } = 2'01
    Consolidated identical input bits for $mux cell $memory$auto$proc_rom.cc:155:do_switch$81$rdmux[0][6][56]$1819:
      Old ports: A=$memory$auto$proc_rom.cc:155:do_switch$81$rdmux[0][6][56]$a$1820, B=$memory$auto$proc_rom.cc:155:do_switch$81$rdmux[0][6][56]$b$1821, Y=$memory$auto$proc_rom.cc:155:do_switch$81$rdmux[0][5][28]$a$1640
      New ports: A={ 1'0 $memory$auto$proc_rom.cc:155:do_switch$81$rdmux[0][6][56]$a$1820 [1] }, B={ 1'1 $memory$auto$proc_rom.cc:155:do_switch$81$rdmux[0][6][56]$b$1821 [1] }, Y=$memory$auto$proc_rom.cc:155:do_switch$81$rdmux[0][5][28]$a$1640 [2:1]
      New connections: { $memory$auto$proc_rom.cc:155:do_switch$81$rdmux[0][5][28]$a$1640 [4:3] $memory$auto$proc_rom.cc:155:do_switch$81$rdmux[0][5][28]$a$1640 [0] } = 3'000
    Consolidated identical input bits for $mux cell $memory$auto$proc_rom.cc:155:do_switch$81$rdmux[0][6][55]$1816:
      Old ports: A=$memory$auto$proc_rom.cc:155:do_switch$81$rdmux[0][6][55]$a$1817, B=$memory$auto$proc_rom.cc:155:do_switch$81$rdmux[0][6][55]$b$1818, Y=$memory$auto$proc_rom.cc:155:do_switch$81$rdmux[0][5][27]$b$1638
      New ports: A={ 1'0 $memory$auto$proc_rom.cc:155:do_switch$81$rdmux[0][6][55]$a$1817 [1:0] }, B={ $memory$auto$proc_rom.cc:155:do_switch$81$rdmux[0][6][55]$b$1818 [2] $memory$auto$proc_rom.cc:155:do_switch$81$rdmux[0][6][55]$b$1818 [0] $memory$auto$proc_rom.cc:155:do_switch$81$rdmux[0][6][55]$b$1818 [0] }, Y=$memory$auto$proc_rom.cc:155:do_switch$81$rdmux[0][5][27]$b$1638 [2:0]
      New connections: $memory$auto$proc_rom.cc:155:do_switch$81$rdmux[0][5][27]$b$1638 [4:3] = 2'01
    Consolidated identical input bits for $mux cell $memory$auto$proc_rom.cc:155:do_switch$81$rdmux[0][6][54]$1813:
      Old ports: A=$memory$auto$proc_rom.cc:155:do_switch$81$rdmux[0][6][54]$a$1814, B=$memory$auto$proc_rom.cc:155:do_switch$81$rdmux[0][6][54]$b$1815, Y=$memory$auto$proc_rom.cc:155:do_switch$81$rdmux[0][5][27]$a$1637
      New ports: A={ 2'01 $memory$auto$proc_rom.cc:155:do_switch$81$rdmux[0][6][54]$a$1814 [0] }, B={ 2'10 $memory$auto$proc_rom.cc:155:do_switch$81$rdmux[0][6][54]$b$1815 [0] }, Y={ $memory$auto$proc_rom.cc:155:do_switch$81$rdmux[0][5][27]$a$1637 [3] $memory$auto$proc_rom.cc:155:do_switch$81$rdmux[0][5][27]$a$1637 [1:0] }
      New connections: { $memory$auto$proc_rom.cc:155:do_switch$81$rdmux[0][5][27]$a$1637 [4] $memory$auto$proc_rom.cc:155:do_switch$81$rdmux[0][5][27]$a$1637 [2] } = { 1'0 $memory$auto$proc_rom.cc:155:do_switch$81$rdmux[0][5][27]$a$1637 [1] }
    Consolidated identical input bits for $mux cell $memory$auto$proc_rom.cc:155:do_switch$81$rdmux[0][6][53]$1810:
      Old ports: A=$memory$auto$proc_rom.cc:155:do_switch$81$rdmux[0][6][53]$a$1811, B=$memory$auto$proc_rom.cc:155:do_switch$81$rdmux[0][6][53]$b$1812, Y=$memory$auto$proc_rom.cc:155:do_switch$81$rdmux[0][5][26]$b$1635
      New ports: A={ $memory$auto$proc_rom.cc:155:do_switch$81$rdmux[0][6][53]$a$1811 [2] $memory$auto$proc_rom.cc:155:do_switch$81$rdmux[0][6][53]$a$1811 [0] $memory$auto$proc_rom.cc:155:do_switch$81$rdmux[0][6][53]$a$1811 [0] }, B={ 1'1 $memory$auto$proc_rom.cc:155:do_switch$81$rdmux[0][6][53]$b$1812 [1:0] }, Y=$memory$auto$proc_rom.cc:155:do_switch$81$rdmux[0][5][26]$b$1635 [2:0]
      New connections: $memory$auto$proc_rom.cc:155:do_switch$81$rdmux[0][5][26]$b$1635 [4:3] = 2'00
    Consolidated identical input bits for $mux cell $memory$auto$proc_rom.cc:155:do_switch$81$rdmux[0][6][52]$1807:
      Old ports: A=$memory$auto$proc_rom.cc:155:do_switch$81$rdmux[0][6][52]$a$1808, B=$memory$auto$proc_rom.cc:155:do_switch$81$rdmux[0][6][52]$b$1809, Y=$memory$auto$proc_rom.cc:155:do_switch$81$rdmux[0][5][26]$a$1634
      New ports: A={ 1'0 $memory$auto$proc_rom.cc:155:do_switch$81$rdmux[0][6][52]$a$1808 [0] }, B={ 1'1 $memory$auto$proc_rom.cc:155:do_switch$81$rdmux[0][6][52]$b$1809 [0] }, Y=$memory$auto$proc_rom.cc:155:do_switch$81$rdmux[0][5][26]$a$1634 [1:0]
      New connections: $memory$auto$proc_rom.cc:155:do_switch$81$rdmux[0][5][26]$a$1634 [4:2] = 3'000
    Consolidated identical input bits for $mux cell $memory$auto$proc_rom.cc:155:do_switch$81$rdmux[0][6][47]$1792:
      Old ports: A=$memory$auto$proc_rom.cc:155:do_switch$81$rdmux[0][6][47]$a$1793, B=$memory$auto$proc_rom.cc:155:do_switch$81$rdmux[0][6][47]$b$1794, Y=$memory$auto$proc_rom.cc:155:do_switch$81$rdmux[0][5][23]$b$1626
      New ports: A={ $memory$auto$proc_rom.cc:155:do_switch$81$rdmux[0][6][47]$a$1793 [0] $memory$auto$proc_rom.cc:155:do_switch$81$rdmux[0][6][47]$a$1793 [1] $memory$auto$proc_rom.cc:155:do_switch$81$rdmux[0][6][47]$a$1793 [1:0] }, B={ 2'11 $memory$auto$proc_rom.cc:155:do_switch$81$rdmux[0][6][47]$b$1794 [0] $memory$auto$proc_rom.cc:155:do_switch$81$rdmux[0][6][47]$b$1794 [0] }, Y=$memory$auto$proc_rom.cc:155:do_switch$81$rdmux[0][5][23]$b$1626 [3:0]
      New connections: $memory$auto$proc_rom.cc:155:do_switch$81$rdmux[0][5][23]$b$1626 [4] = 1'0
    Consolidated identical input bits for $mux cell $memory$auto$proc_rom.cc:155:do_switch$81$rdmux[0][6][46]$1789:
      Old ports: A=$memory$auto$proc_rom.cc:155:do_switch$81$rdmux[0][6][46]$a$1790, B=$memory$auto$proc_rom.cc:155:do_switch$81$rdmux[0][6][46]$b$1791, Y=$memory$auto$proc_rom.cc:155:do_switch$81$rdmux[0][5][23]$a$1625
      New ports: A={ 2'01 $memory$auto$proc_rom.cc:155:do_switch$81$rdmux[0][6][46]$a$1790 [0] $memory$auto$proc_rom.cc:155:do_switch$81$rdmux[0][6][46]$a$1790 [0] }, B={ 1'1 $memory$auto$proc_rom.cc:155:do_switch$81$rdmux[0][6][46]$b$1791 [0] $memory$auto$proc_rom.cc:155:do_switch$81$rdmux[0][6][46]$b$1791 [1:0] }, Y=$memory$auto$proc_rom.cc:155:do_switch$81$rdmux[0][5][23]$a$1625 [3:0]
      New connections: $memory$auto$proc_rom.cc:155:do_switch$81$rdmux[0][5][23]$a$1625 [4] = 1'0
    Consolidated identical input bits for $mux cell $memory$auto$proc_rom.cc:155:do_switch$81$rdmux[0][6][45]$1786:
      Old ports: A=$memory$auto$proc_rom.cc:155:do_switch$81$rdmux[0][6][45]$a$1787, B=$memory$auto$proc_rom.cc:155:do_switch$81$rdmux[0][6][45]$b$1788, Y=$memory$auto$proc_rom.cc:155:do_switch$81$rdmux[0][5][22]$b$1623
      New ports: A={ 1'0 $memory$auto$proc_rom.cc:155:do_switch$81$rdmux[0][6][45]$a$1787 [0] $memory$auto$proc_rom.cc:155:do_switch$81$rdmux[0][6][45]$a$1787 [1:0] }, B={ 2'10 $memory$auto$proc_rom.cc:155:do_switch$81$rdmux[0][6][45]$b$1788 [0] $memory$auto$proc_rom.cc:155:do_switch$81$rdmux[0][6][45]$b$1788 [0] }, Y=$memory$auto$proc_rom.cc:155:do_switch$81$rdmux[0][5][22]$b$1623 [3:0]
      New connections: $memory$auto$proc_rom.cc:155:do_switch$81$rdmux[0][5][22]$b$1623 [4] = 1'0
    Consolidated identical input bits for $mux cell $memory$auto$proc_rom.cc:155:do_switch$81$rdmux[0][6][44]$1783:
      Old ports: A=$memory$auto$proc_rom.cc:155:do_switch$81$rdmux[0][6][44]$a$1784, B=$memory$auto$proc_rom.cc:155:do_switch$81$rdmux[0][6][44]$b$1785, Y=$memory$auto$proc_rom.cc:155:do_switch$81$rdmux[0][5][22]$a$1622
      New ports: A={ 2'00 $memory$auto$proc_rom.cc:155:do_switch$81$rdmux[0][6][44]$a$1784 [0] $memory$auto$proc_rom.cc:155:do_switch$81$rdmux[0][6][44]$a$1784 [0] }, B={ $memory$auto$proc_rom.cc:155:do_switch$81$rdmux[0][6][44]$b$1785 [0] $memory$auto$proc_rom.cc:155:do_switch$81$rdmux[0][6][44]$b$1785 [1] $memory$auto$proc_rom.cc:155:do_switch$81$rdmux[0][6][44]$b$1785 [1:0] }, Y=$memory$auto$proc_rom.cc:155:do_switch$81$rdmux[0][5][22]$a$1622 [3:0]
      New connections: $memory$auto$proc_rom.cc:155:do_switch$81$rdmux[0][5][22]$a$1622 [4] = 1'0
    Consolidated identical input bits for $mux cell $memory$auto$proc_rom.cc:155:do_switch$81$rdmux[0][6][43]$1780:
      Old ports: A=$memory$auto$proc_rom.cc:155:do_switch$81$rdmux[0][6][43]$a$1781, B=$memory$auto$proc_rom.cc:155:do_switch$81$rdmux[0][6][43]$b$1782, Y=$memory$auto$proc_rom.cc:155:do_switch$81$rdmux[0][5][21]$b$1620
      New ports: A={ $memory$auto$proc_rom.cc:155:do_switch$81$rdmux[0][6][43]$a$1781 [3] $memory$auto$proc_rom.cc:155:do_switch$81$rdmux[0][6][43]$a$1781 [1] $memory$auto$proc_rom.cc:155:do_switch$81$rdmux[0][6][43]$a$1781 [1] }, B={ 1'1 $memory$auto$proc_rom.cc:155:do_switch$81$rdmux[0][6][43]$b$1782 [2:1] }, Y=$memory$auto$proc_rom.cc:155:do_switch$81$rdmux[0][5][21]$b$1620 [3:1]
      New connections: { $memory$auto$proc_rom.cc:155:do_switch$81$rdmux[0][5][21]$b$1620 [4] $memory$auto$proc_rom.cc:155:do_switch$81$rdmux[0][5][21]$b$1620 [0] } = 2'00
    Consolidated identical input bits for $mux cell $memory$auto$proc_rom.cc:155:do_switch$81$rdmux[0][6][42]$1777:
      Old ports: A=$memory$auto$proc_rom.cc:155:do_switch$81$rdmux[0][6][42]$a$1778, B=$memory$auto$proc_rom.cc:155:do_switch$81$rdmux[0][6][42]$b$1779, Y=$memory$auto$proc_rom.cc:155:do_switch$81$rdmux[0][5][21]$a$1619
      New ports: A={ 2'01 $memory$auto$proc_rom.cc:155:do_switch$81$rdmux[0][6][42]$a$1778 [1] }, B={ 2'10 $memory$auto$proc_rom.cc:155:do_switch$81$rdmux[0][6][42]$b$1779 [1] }, Y=$memory$auto$proc_rom.cc:155:do_switch$81$rdmux[0][5][21]$a$1619 [3:1]
      New connections: { $memory$auto$proc_rom.cc:155:do_switch$81$rdmux[0][5][21]$a$1619 [4] $memory$auto$proc_rom.cc:155:do_switch$81$rdmux[0][5][21]$a$1619 [0] } = 2'00
    Consolidated identical input bits for $mux cell $memory$auto$proc_rom.cc:155:do_switch$81$rdmux[0][6][41]$1774:
      Old ports: A=$memory$auto$proc_rom.cc:155:do_switch$81$rdmux[0][6][41]$a$1775, B=$memory$auto$proc_rom.cc:155:do_switch$81$rdmux[0][6][41]$b$1776, Y=$memory$auto$proc_rom.cc:155:do_switch$81$rdmux[0][5][20]$b$1617
      New ports: A={ 1'0 $memory$auto$proc_rom.cc:155:do_switch$81$rdmux[0][6][41]$a$1775 [2:1] }, B={ $memory$auto$proc_rom.cc:155:do_switch$81$rdmux[0][6][41]$b$1776 [3] $memory$auto$proc_rom.cc:155:do_switch$81$rdmux[0][6][41]$b$1776 [1] $memory$auto$proc_rom.cc:155:do_switch$81$rdmux[0][6][41]$b$1776 [1] }, Y=$memory$auto$proc_rom.cc:155:do_switch$81$rdmux[0][5][20]$b$1617 [3:1]
      New connections: { $memory$auto$proc_rom.cc:155:do_switch$81$rdmux[0][5][20]$b$1617 [4] $memory$auto$proc_rom.cc:155:do_switch$81$rdmux[0][5][20]$b$1617 [0] } = 2'00
    Consolidated identical input bits for $mux cell $memory$auto$proc_rom.cc:155:do_switch$81$rdmux[0][6][40]$1771:
      Old ports: A=$memory$auto$proc_rom.cc:155:do_switch$81$rdmux[0][6][40]$a$1772, B=$memory$auto$proc_rom.cc:155:do_switch$81$rdmux[0][6][40]$b$1773, Y=$memory$auto$proc_rom.cc:155:do_switch$81$rdmux[0][5][20]$a$1616
      New ports: A={ 1'0 $memory$auto$proc_rom.cc:155:do_switch$81$rdmux[0][6][40]$a$1772 [1] }, B={ 1'1 $memory$auto$proc_rom.cc:155:do_switch$81$rdmux[0][6][40]$b$1773 [1] }, Y=$memory$auto$proc_rom.cc:155:do_switch$81$rdmux[0][5][20]$a$1616 [2:1]
      New connections: { $memory$auto$proc_rom.cc:155:do_switch$81$rdmux[0][5][20]$a$1616 [4:3] $memory$auto$proc_rom.cc:155:do_switch$81$rdmux[0][5][20]$a$1616 [0] } = 3'000
    Consolidated identical input bits for $mux cell $memory$auto$proc_rom.cc:155:do_switch$81$rdmux[0][6][39]$1768:
      Old ports: A=$memory$auto$proc_rom.cc:155:do_switch$81$rdmux[0][6][39]$a$1769, B=$memory$auto$proc_rom.cc:155:do_switch$81$rdmux[0][6][39]$b$1770, Y=$memory$auto$proc_rom.cc:155:do_switch$81$rdmux[0][5][19]$b$1614
      New ports: A={ 2'01 $memory$auto$proc_rom.cc:155:do_switch$81$rdmux[0][6][39]$a$1769 [0] }, B={ 2'10 $memory$auto$proc_rom.cc:155:do_switch$81$rdmux[0][6][39]$b$1770 [0] }, Y={ $memory$auto$proc_rom.cc:155:do_switch$81$rdmux[0][5][19]$b$1614 [3] $memory$auto$proc_rom.cc:155:do_switch$81$rdmux[0][5][19]$b$1614 [1:0] }
      New connections: { $memory$auto$proc_rom.cc:155:do_switch$81$rdmux[0][5][19]$b$1614 [4] $memory$auto$proc_rom.cc:155:do_switch$81$rdmux[0][5][19]$b$1614 [2] } = { 1'0 $memory$auto$proc_rom.cc:155:do_switch$81$rdmux[0][5][19]$b$1614 [1] }
    Consolidated identical input bits for $mux cell $memory$auto$proc_rom.cc:155:do_switch$81$rdmux[0][6][38]$1765:
      Old ports: A=$memory$auto$proc_rom.cc:155:do_switch$81$rdmux[0][6][38]$a$1766, B=$memory$auto$proc_rom.cc:155:do_switch$81$rdmux[0][6][38]$b$1767, Y=$memory$auto$proc_rom.cc:155:do_switch$81$rdmux[0][5][19]$a$1613
      New ports: A={ 1'0 $memory$auto$proc_rom.cc:155:do_switch$81$rdmux[0][6][38]$a$1766 [0] }, B={ 1'1 $memory$auto$proc_rom.cc:155:do_switch$81$rdmux[0][6][38]$b$1767 [0] }, Y=$memory$auto$proc_rom.cc:155:do_switch$81$rdmux[0][5][19]$a$1613 [1:0]
      New connections: $memory$auto$proc_rom.cc:155:do_switch$81$rdmux[0][5][19]$a$1613 [4:2] = 3'001
    Consolidated identical input bits for $mux cell $memory$auto$proc_rom.cc:155:do_switch$81$rdmux[0][6][37]$1762:
      Old ports: A=$memory$auto$proc_rom.cc:155:do_switch$81$rdmux[0][6][37]$a$1763, B=$memory$auto$proc_rom.cc:155:do_switch$81$rdmux[0][6][37]$b$1764, Y=$memory$auto$proc_rom.cc:155:do_switch$81$rdmux[0][5][18]$b$1611
      New ports: A={ 2'01 $memory$auto$proc_rom.cc:155:do_switch$81$rdmux[0][6][37]$a$1763 [0] }, B={ 2'10 $memory$auto$proc_rom.cc:155:do_switch$81$rdmux[0][6][37]$b$1764 [0] }, Y=$memory$auto$proc_rom.cc:155:do_switch$81$rdmux[0][5][18]$b$1611 [2:0]
      New connections: $memory$auto$proc_rom.cc:155:do_switch$81$rdmux[0][5][18]$b$1611 [4:3] = 2'00
    Consolidated identical input bits for $mux cell $memory$auto$proc_rom.cc:155:do_switch$81$rdmux[0][6][36]$1759:
      Old ports: A=$memory$auto$proc_rom.cc:155:do_switch$81$rdmux[0][6][36]$a$1760, B=$memory$auto$proc_rom.cc:155:do_switch$81$rdmux[0][6][36]$b$1761, Y=$memory$auto$proc_rom.cc:155:do_switch$81$rdmux[0][5][18]$a$1610
      New ports: A={ 1'0 $memory$auto$proc_rom.cc:155:do_switch$81$rdmux[0][6][36]$a$1760 [0] }, B={ 1'1 $memory$auto$proc_rom.cc:155:do_switch$81$rdmux[0][6][36]$b$1761 [0] }, Y=$memory$auto$proc_rom.cc:155:do_switch$81$rdmux[0][5][18]$a$1610 [1:0]
      New connections: $memory$auto$proc_rom.cc:155:do_switch$81$rdmux[0][5][18]$a$1610 [4:2] = 3'000
    Consolidated identical input bits for $mux cell $memory$auto$proc_rom.cc:155:do_switch$81$rdmux[0][6][31]$1744:
      Old ports: A=$memory$auto$proc_rom.cc:155:do_switch$81$rdmux[0][6][31]$a$1745, B=$memory$auto$proc_rom.cc:155:do_switch$81$rdmux[0][6][31]$b$1746, Y=$memory$auto$proc_rom.cc:155:do_switch$81$rdmux[0][5][15]$b$1602
      New ports: A={ 1'0 $memory$auto$proc_rom.cc:155:do_switch$81$rdmux[0][6][31]$a$1745 [2] 1'1 $memory$auto$proc_rom.cc:155:do_switch$81$rdmux[0][6][31]$a$1745 [0] }, B={ 1'1 $memory$auto$proc_rom.cc:155:do_switch$81$rdmux[0][6][31]$b$1746 [2] 1'0 $memory$auto$proc_rom.cc:155:do_switch$81$rdmux[0][6][31]$b$1746 [0] }, Y=$memory$auto$proc_rom.cc:155:do_switch$81$rdmux[0][5][15]$b$1602 [3:0]
      New connections: $memory$auto$proc_rom.cc:155:do_switch$81$rdmux[0][5][15]$b$1602 [4] = 1'0
    Consolidated identical input bits for $mux cell $memory$auto$proc_rom.cc:155:do_switch$81$rdmux[0][6][30]$1741:
      Old ports: A=$memory$auto$proc_rom.cc:155:do_switch$81$rdmux[0][6][30]$a$1742, B=$memory$auto$proc_rom.cc:155:do_switch$81$rdmux[0][6][30]$b$1743, Y=$memory$auto$proc_rom.cc:155:do_switch$81$rdmux[0][5][15]$a$1601
      New ports: A={ 1'0 $memory$auto$proc_rom.cc:155:do_switch$81$rdmux[0][6][30]$a$1742 [0] $memory$auto$proc_rom.cc:155:do_switch$81$rdmux[0][6][30]$a$1742 [1:0] }, B={ 2'10 $memory$auto$proc_rom.cc:155:do_switch$81$rdmux[0][6][30]$b$1743 [0] $memory$auto$proc_rom.cc:155:do_switch$81$rdmux[0][6][30]$b$1743 [0] }, Y=$memory$auto$proc_rom.cc:155:do_switch$81$rdmux[0][5][15]$a$1601 [3:0]
      New connections: $memory$auto$proc_rom.cc:155:do_switch$81$rdmux[0][5][15]$a$1601 [4] = 1'0
    Consolidated identical input bits for $mux cell $memory$auto$proc_rom.cc:155:do_switch$81$rdmux[0][6][29]$1738:
      Old ports: A=$memory$auto$proc_rom.cc:155:do_switch$81$rdmux[0][6][29]$a$1739, B=$memory$auto$proc_rom.cc:155:do_switch$81$rdmux[0][6][29]$b$1740, Y=$memory$auto$proc_rom.cc:155:do_switch$81$rdmux[0][5][14]$b$1599
      New ports: A={ 1'0 $memory$auto$proc_rom.cc:155:do_switch$81$rdmux[0][6][29]$a$1739 [2] 1'0 $memory$auto$proc_rom.cc:155:do_switch$81$rdmux[0][6][29]$a$1739 [0] }, B={ $memory$auto$proc_rom.cc:155:do_switch$81$rdmux[0][6][29]$b$1740 [3] $memory$auto$proc_rom.cc:155:do_switch$81$rdmux[0][6][29]$b$1740 [0] 1'1 $memory$auto$proc_rom.cc:155:do_switch$81$rdmux[0][6][29]$b$1740 [0] }, Y=$memory$auto$proc_rom.cc:155:do_switch$81$rdmux[0][5][14]$b$1599 [3:0]
      New connections: $memory$auto$proc_rom.cc:155:do_switch$81$rdmux[0][5][14]$b$1599 [4] = 1'0
    Consolidated identical input bits for $mux cell $memory$auto$proc_rom.cc:155:do_switch$81$rdmux[0][6][28]$1735:
      Old ports: A=$memory$auto$proc_rom.cc:155:do_switch$81$rdmux[0][6][28]$a$1736, B=$memory$auto$proc_rom.cc:155:do_switch$81$rdmux[0][6][28]$b$1737, Y=$memory$auto$proc_rom.cc:155:do_switch$81$rdmux[0][5][14]$a$1598
      New ports: A={ 2'00 $memory$auto$proc_rom.cc:155:do_switch$81$rdmux[0][6][28]$a$1736 [0] $memory$auto$proc_rom.cc:155:do_switch$81$rdmux[0][6][28]$a$1736 [0] }, B={ $memory$auto$proc_rom.cc:155:do_switch$81$rdmux[0][6][28]$b$1737 [0] $memory$auto$proc_rom.cc:155:do_switch$81$rdmux[0][6][28]$b$1737 [1] $memory$auto$proc_rom.cc:155:do_switch$81$rdmux[0][6][28]$b$1737 [1:0] }, Y=$memory$auto$proc_rom.cc:155:do_switch$81$rdmux[0][5][14]$a$1598 [3:0]
      New connections: $memory$auto$proc_rom.cc:155:do_switch$81$rdmux[0][5][14]$a$1598 [4] = 1'0
    Consolidated identical input bits for $mux cell $memory$auto$proc_rom.cc:155:do_switch$81$rdmux[0][6][27]$1732:
      Old ports: A=$memory$auto$proc_rom.cc:155:do_switch$81$rdmux[0][6][27]$a$1733, B=$memory$auto$proc_rom.cc:155:do_switch$81$rdmux[0][6][27]$b$1734, Y=$memory$auto$proc_rom.cc:155:do_switch$81$rdmux[0][5][13]$b$1596
      New ports: A={ 1'0 $memory$auto$proc_rom.cc:155:do_switch$81$rdmux[0][6][27]$a$1733 [2:1] }, B={ $memory$auto$proc_rom.cc:155:do_switch$81$rdmux[0][6][27]$b$1734 [3] $memory$auto$proc_rom.cc:155:do_switch$81$rdmux[0][6][27]$b$1734 [1] $memory$auto$proc_rom.cc:155:do_switch$81$rdmux[0][6][27]$b$1734 [1] }, Y=$memory$auto$proc_rom.cc:155:do_switch$81$rdmux[0][5][13]$b$1596 [3:1]
      New connections: { $memory$auto$proc_rom.cc:155:do_switch$81$rdmux[0][5][13]$b$1596 [4] $memory$auto$proc_rom.cc:155:do_switch$81$rdmux[0][5][13]$b$1596 [0] } = 2'01
    Consolidated identical input bits for $mux cell $memory$auto$proc_rom.cc:155:do_switch$81$rdmux[0][6][26]$1729:
      Old ports: A=$memory$auto$proc_rom.cc:155:do_switch$81$rdmux[0][6][26]$a$1730, B=$memory$auto$proc_rom.cc:155:do_switch$81$rdmux[0][6][26]$b$1731, Y=$memory$auto$proc_rom.cc:155:do_switch$81$rdmux[0][5][13]$a$1595
      New ports: A={ 1'0 $memory$auto$proc_rom.cc:155:do_switch$81$rdmux[0][6][26]$a$1730 [2:1] }, B={ $memory$auto$proc_rom.cc:155:do_switch$81$rdmux[0][6][26]$b$1731 [3] $memory$auto$proc_rom.cc:155:do_switch$81$rdmux[0][6][26]$b$1731 [1] $memory$auto$proc_rom.cc:155:do_switch$81$rdmux[0][6][26]$b$1731 [1] }, Y=$memory$auto$proc_rom.cc:155:do_switch$81$rdmux[0][5][13]$a$1595 [3:1]
      New connections: { $memory$auto$proc_rom.cc:155:do_switch$81$rdmux[0][5][13]$a$1595 [4] $memory$auto$proc_rom.cc:155:do_switch$81$rdmux[0][5][13]$a$1595 [0] } = 2'00
    Consolidated identical input bits for $mux cell $memory$auto$proc_rom.cc:155:do_switch$81$rdmux[0][6][25]$1726:
      Old ports: A=$memory$auto$proc_rom.cc:155:do_switch$81$rdmux[0][6][25]$a$1727, B=$memory$auto$proc_rom.cc:155:do_switch$81$rdmux[0][6][25]$b$1728, Y=$memory$auto$proc_rom.cc:155:do_switch$81$rdmux[0][5][12]$b$1593
      New ports: A={ 1'0 $memory$auto$proc_rom.cc:155:do_switch$81$rdmux[0][6][25]$a$1727 [1] }, B={ 1'1 $memory$auto$proc_rom.cc:155:do_switch$81$rdmux[0][6][25]$b$1728 [1] }, Y=$memory$auto$proc_rom.cc:155:do_switch$81$rdmux[0][5][12]$b$1593 [2:1]
      New connections: { $memory$auto$proc_rom.cc:155:do_switch$81$rdmux[0][5][12]$b$1593 [4:3] $memory$auto$proc_rom.cc:155:do_switch$81$rdmux[0][5][12]$b$1593 [0] } = 3'001
    Consolidated identical input bits for $mux cell $memory$auto$proc_rom.cc:155:do_switch$81$rdmux[0][6][24]$1723:
      Old ports: A=$memory$auto$proc_rom.cc:155:do_switch$81$rdmux[0][6][24]$a$1724, B=$memory$auto$proc_rom.cc:155:do_switch$81$rdmux[0][6][24]$b$1725, Y=$memory$auto$proc_rom.cc:155:do_switch$81$rdmux[0][5][12]$a$1592
      New ports: A={ 1'0 $memory$auto$proc_rom.cc:155:do_switch$81$rdmux[0][6][24]$a$1724 [1] }, B={ 1'1 $memory$auto$proc_rom.cc:155:do_switch$81$rdmux[0][6][24]$b$1725 [1] }, Y=$memory$auto$proc_rom.cc:155:do_switch$81$rdmux[0][5][12]$a$1592 [2:1]
      New connections: { $memory$auto$proc_rom.cc:155:do_switch$81$rdmux[0][5][12]$a$1592 [4:3] $memory$auto$proc_rom.cc:155:do_switch$81$rdmux[0][5][12]$a$1592 [0] } = 3'000
    Consolidated identical input bits for $mux cell $memory$auto$proc_rom.cc:155:do_switch$81$rdmux[0][6][23]$1720:
      Old ports: A=$memory$auto$proc_rom.cc:155:do_switch$81$rdmux[0][6][23]$a$1721, B=$memory$auto$proc_rom.cc:155:do_switch$81$rdmux[0][6][23]$b$1722, Y=$memory$auto$proc_rom.cc:155:do_switch$81$rdmux[0][5][11]$b$1590
      New ports: A={ $memory$auto$proc_rom.cc:155:do_switch$81$rdmux[0][6][23]$a$1721 [2] $memory$auto$proc_rom.cc:155:do_switch$81$rdmux[0][6][23]$a$1721 [0] $memory$auto$proc_rom.cc:155:do_switch$81$rdmux[0][6][23]$a$1721 [0] }, B={ 1'1 $memory$auto$proc_rom.cc:155:do_switch$81$rdmux[0][6][23]$b$1722 [1:0] }, Y=$memory$auto$proc_rom.cc:155:do_switch$81$rdmux[0][5][11]$b$1590 [2:0]
      New connections: $memory$auto$proc_rom.cc:155:do_switch$81$rdmux[0][5][11]$b$1590 [4:3] = 2'00
    Consolidated identical input bits for $mux cell $memory$auto$proc_rom.cc:155:do_switch$81$rdmux[0][6][22]$1717:
      Old ports: A=$memory$auto$proc_rom.cc:155:do_switch$81$rdmux[0][6][22]$a$1718, B=$memory$auto$proc_rom.cc:155:do_switch$81$rdmux[0][6][22]$b$1719, Y=$memory$auto$proc_rom.cc:155:do_switch$81$rdmux[0][5][11]$a$1589
      New ports: A={ 2'01 $memory$auto$proc_rom.cc:155:do_switch$81$rdmux[0][6][22]$a$1718 [0] }, B={ 2'10 $memory$auto$proc_rom.cc:155:do_switch$81$rdmux[0][6][22]$b$1719 [0] }, Y=$memory$auto$proc_rom.cc:155:do_switch$81$rdmux[0][5][11]$a$1589 [2:0]
      New connections: $memory$auto$proc_rom.cc:155:do_switch$81$rdmux[0][5][11]$a$1589 [4:3] = 2'00
    Consolidated identical input bits for $mux cell $memory$auto$proc_rom.cc:155:do_switch$81$rdmux[0][6][21]$1714:
      Old ports: A=$memory$auto$proc_rom.cc:155:do_switch$81$rdmux[0][6][21]$a$1715, B=$memory$auto$proc_rom.cc:155:do_switch$81$rdmux[0][6][21]$b$1716, Y=$memory$auto$proc_rom.cc:155:do_switch$81$rdmux[0][5][10]$b$1587
      New ports: A={ 1'0 $memory$auto$proc_rom.cc:155:do_switch$81$rdmux[0][6][21]$a$1715 [1:0] }, B={ $memory$auto$proc_rom.cc:155:do_switch$81$rdmux[0][6][21]$b$1716 [2] $memory$auto$proc_rom.cc:155:do_switch$81$rdmux[0][6][21]$b$1716 [0] $memory$auto$proc_rom.cc:155:do_switch$81$rdmux[0][6][21]$b$1716 [0] }, Y=$memory$auto$proc_rom.cc:155:do_switch$81$rdmux[0][5][10]$b$1587 [2:0]
      New connections: $memory$auto$proc_rom.cc:155:do_switch$81$rdmux[0][5][10]$b$1587 [4:3] = 2'00
    Consolidated identical input bits for $mux cell $memory$auto$proc_rom.cc:155:do_switch$81$rdmux[0][6][20]$1711:
      Old ports: A=$memory$auto$proc_rom.cc:155:do_switch$81$rdmux[0][6][20]$a$1712, B=$memory$auto$proc_rom.cc:155:do_switch$81$rdmux[0][6][20]$b$1713, Y=$memory$auto$proc_rom.cc:155:do_switch$81$rdmux[0][5][10]$a$1586
      New ports: A={ 1'0 $memory$auto$proc_rom.cc:155:do_switch$81$rdmux[0][6][20]$a$1712 [0] }, B={ 1'1 $memory$auto$proc_rom.cc:155:do_switch$81$rdmux[0][6][20]$b$1713 [0] }, Y=$memory$auto$proc_rom.cc:155:do_switch$81$rdmux[0][5][10]$a$1586 [1:0]
      New connections: $memory$auto$proc_rom.cc:155:do_switch$81$rdmux[0][5][10]$a$1586 [4:2] = 3'000
    Consolidated identical input bits for $mux cell $memory$auto$proc_rom.cc:155:do_switch$81$rdmux[0][6][15]$1696:
      Old ports: A=$memory$auto$proc_rom.cc:155:do_switch$81$rdmux[0][6][15]$a$1697, B=$memory$auto$proc_rom.cc:155:do_switch$81$rdmux[0][6][15]$b$1698, Y=$memory$auto$proc_rom.cc:155:do_switch$81$rdmux[0][5][7]$b$1578
      New ports: A={ 2'00 $memory$auto$proc_rom.cc:155:do_switch$81$rdmux[0][6][15]$a$1697 [0] $memory$auto$proc_rom.cc:155:do_switch$81$rdmux[0][6][15]$a$1697 [0] }, B={ $memory$auto$proc_rom.cc:155:do_switch$81$rdmux[0][6][15]$b$1698 [0] $memory$auto$proc_rom.cc:155:do_switch$81$rdmux[0][6][15]$b$1698 [1] $memory$auto$proc_rom.cc:155:do_switch$81$rdmux[0][6][15]$b$1698 [1:0] }, Y=$memory$auto$proc_rom.cc:155:do_switch$81$rdmux[0][5][7]$b$1578 [3:0]
      New connections: $memory$auto$proc_rom.cc:155:do_switch$81$rdmux[0][5][7]$b$1578 [4] = 1'0
    Consolidated identical input bits for $mux cell $memory$auto$proc_rom.cc:155:do_switch$81$rdmux[0][6][14]$1693:
      Old ports: A=$memory$auto$proc_rom.cc:155:do_switch$81$rdmux[0][6][14]$a$1694, B=$memory$auto$proc_rom.cc:155:do_switch$81$rdmux[0][6][14]$b$1695, Y=$memory$auto$proc_rom.cc:155:do_switch$81$rdmux[0][5][7]$a$1577
      New ports: A={ 2'00 $memory$auto$proc_rom.cc:155:do_switch$81$rdmux[0][6][14]$a$1694 [0] $memory$auto$proc_rom.cc:155:do_switch$81$rdmux[0][6][14]$a$1694 [0] }, B={ $memory$auto$proc_rom.cc:155:do_switch$81$rdmux[0][6][14]$b$1695 [0] $memory$auto$proc_rom.cc:155:do_switch$81$rdmux[0][6][14]$b$1695 [1] $memory$auto$proc_rom.cc:155:do_switch$81$rdmux[0][6][14]$b$1695 [1:0] }, Y=$memory$auto$proc_rom.cc:155:do_switch$81$rdmux[0][5][7]$a$1577 [3:0]
      New connections: $memory$auto$proc_rom.cc:155:do_switch$81$rdmux[0][5][7]$a$1577 [4] = 1'0
    Consolidated identical input bits for $mux cell $memory$auto$proc_rom.cc:155:do_switch$81$rdmux[0][6][13]$1690:
      Old ports: A=$memory$auto$proc_rom.cc:155:do_switch$81$rdmux[0][6][13]$a$1691, B=$memory$auto$proc_rom.cc:155:do_switch$81$rdmux[0][6][13]$b$1692, Y=$memory$auto$proc_rom.cc:155:do_switch$81$rdmux[0][5][6]$b$1575
      New ports: A={ 2'00 $memory$auto$proc_rom.cc:155:do_switch$81$rdmux[0][6][13]$a$1691 [0] $memory$auto$proc_rom.cc:155:do_switch$81$rdmux[0][6][13]$a$1691 [0] }, B={ $memory$auto$proc_rom.cc:155:do_switch$81$rdmux[0][6][13]$b$1692 [0] $memory$auto$proc_rom.cc:155:do_switch$81$rdmux[0][6][13]$b$1692 [1] $memory$auto$proc_rom.cc:155:do_switch$81$rdmux[0][6][13]$b$1692 [1:0] }, Y=$memory$auto$proc_rom.cc:155:do_switch$81$rdmux[0][5][6]$b$1575 [3:0]
      New connections: $memory$auto$proc_rom.cc:155:do_switch$81$rdmux[0][5][6]$b$1575 [4] = 1'0
    Consolidated identical input bits for $mux cell $memory$auto$proc_rom.cc:155:do_switch$81$rdmux[0][6][12]$1687:
      Old ports: A=$memory$auto$proc_rom.cc:155:do_switch$81$rdmux[0][6][12]$a$1688, B=$memory$auto$proc_rom.cc:155:do_switch$81$rdmux[0][6][12]$b$1689, Y=$memory$auto$proc_rom.cc:155:do_switch$81$rdmux[0][5][6]$a$1574
      New ports: A={ 2'00 $memory$auto$proc_rom.cc:155:do_switch$81$rdmux[0][6][12]$a$1688 [0] $memory$auto$proc_rom.cc:155:do_switch$81$rdmux[0][6][12]$a$1688 [0] }, B={ $memory$auto$proc_rom.cc:155:do_switch$81$rdmux[0][6][12]$b$1689 [0] $memory$auto$proc_rom.cc:155:do_switch$81$rdmux[0][6][12]$b$1689 [1] $memory$auto$proc_rom.cc:155:do_switch$81$rdmux[0][6][12]$b$1689 [1:0] }, Y=$memory$auto$proc_rom.cc:155:do_switch$81$rdmux[0][5][6]$a$1574 [3:0]
      New connections: $memory$auto$proc_rom.cc:155:do_switch$81$rdmux[0][5][6]$a$1574 [4] = 1'0
    Consolidated identical input bits for $mux cell $memory$auto$proc_rom.cc:155:do_switch$81$rdmux[0][6][11]$1684:
      Old ports: A=$memory$auto$proc_rom.cc:155:do_switch$81$rdmux[0][6][11]$a$1685, B=$memory$auto$proc_rom.cc:155:do_switch$81$rdmux[0][6][11]$b$1686, Y=$memory$auto$proc_rom.cc:155:do_switch$81$rdmux[0][5][5]$b$1572
      New ports: A={ 1'0 $memory$auto$proc_rom.cc:155:do_switch$81$rdmux[0][6][11]$a$1685 [1] }, B={ 1'1 $memory$auto$proc_rom.cc:155:do_switch$81$rdmux[0][6][11]$b$1686 [1] }, Y=$memory$auto$proc_rom.cc:155:do_switch$81$rdmux[0][5][5]$b$1572 [2:1]
      New connections: { $memory$auto$proc_rom.cc:155:do_switch$81$rdmux[0][5][5]$b$1572 [4:3] $memory$auto$proc_rom.cc:155:do_switch$81$rdmux[0][5][5]$b$1572 [0] } = 3'000
    Consolidated identical input bits for $mux cell $memory$auto$proc_rom.cc:155:do_switch$81$rdmux[0][6][10]$1681:
      Old ports: A=$memory$auto$proc_rom.cc:155:do_switch$81$rdmux[0][6][10]$a$1682, B=$memory$auto$proc_rom.cc:155:do_switch$81$rdmux[0][6][10]$b$1683, Y=$memory$auto$proc_rom.cc:155:do_switch$81$rdmux[0][5][5]$a$1571
      New ports: A={ 1'0 $memory$auto$proc_rom.cc:155:do_switch$81$rdmux[0][6][10]$a$1682 [1] }, B={ 1'1 $memory$auto$proc_rom.cc:155:do_switch$81$rdmux[0][6][10]$b$1683 [1] }, Y=$memory$auto$proc_rom.cc:155:do_switch$81$rdmux[0][5][5]$a$1571 [2:1]
      New connections: { $memory$auto$proc_rom.cc:155:do_switch$81$rdmux[0][5][5]$a$1571 [4:3] $memory$auto$proc_rom.cc:155:do_switch$81$rdmux[0][5][5]$a$1571 [0] } = 3'000
    Consolidated identical input bits for $mux cell $memory$auto$proc_rom.cc:155:do_switch$81$rdmux[0][6][9]$1678:
      Old ports: A=$memory$auto$proc_rom.cc:155:do_switch$81$rdmux[0][6][9]$a$1679, B=$memory$auto$proc_rom.cc:155:do_switch$81$rdmux[0][6][9]$b$1680, Y=$memory$auto$proc_rom.cc:155:do_switch$81$rdmux[0][5][4]$b$1569
      New ports: A={ 1'0 $memory$auto$proc_rom.cc:155:do_switch$81$rdmux[0][6][9]$a$1679 [1] }, B={ 1'1 $memory$auto$proc_rom.cc:155:do_switch$81$rdmux[0][6][9]$b$1680 [1] }, Y=$memory$auto$proc_rom.cc:155:do_switch$81$rdmux[0][5][4]$b$1569 [2:1]
      New connections: { $memory$auto$proc_rom.cc:155:do_switch$81$rdmux[0][5][4]$b$1569 [4:3] $memory$auto$proc_rom.cc:155:do_switch$81$rdmux[0][5][4]$b$1569 [0] } = 3'000
    Consolidated identical input bits for $mux cell $memory$auto$proc_rom.cc:155:do_switch$81$rdmux[0][6][8]$1675:
      Old ports: A=$memory$auto$proc_rom.cc:155:do_switch$81$rdmux[0][6][8]$a$1676, B=$memory$auto$proc_rom.cc:155:do_switch$81$rdmux[0][6][8]$b$1677, Y=$memory$auto$proc_rom.cc:155:do_switch$81$rdmux[0][5][4]$a$1568
      New ports: A={ 1'0 $memory$auto$proc_rom.cc:155:do_switch$81$rdmux[0][6][8]$a$1676 [1] }, B={ 1'1 $memory$auto$proc_rom.cc:155:do_switch$81$rdmux[0][6][8]$b$1677 [1] }, Y=$memory$auto$proc_rom.cc:155:do_switch$81$rdmux[0][5][4]$a$1568 [2:1]
      New connections: { $memory$auto$proc_rom.cc:155:do_switch$81$rdmux[0][5][4]$a$1568 [4:3] $memory$auto$proc_rom.cc:155:do_switch$81$rdmux[0][5][4]$a$1568 [0] } = 3'000
    Consolidated identical input bits for $mux cell $memory$auto$proc_rom.cc:155:do_switch$81$rdmux[0][6][7]$1672:
      Old ports: A=$memory$auto$proc_rom.cc:155:do_switch$81$rdmux[0][6][7]$a$1673, B=$memory$auto$proc_rom.cc:155:do_switch$81$rdmux[0][6][7]$b$1674, Y=$memory$auto$proc_rom.cc:155:do_switch$81$rdmux[0][5][3]$b$1566
      New ports: A={ 1'0 $memory$auto$proc_rom.cc:155:do_switch$81$rdmux[0][6][7]$a$1673 [0] }, B={ 1'1 $memory$auto$proc_rom.cc:155:do_switch$81$rdmux[0][6][7]$b$1674 [0] }, Y=$memory$auto$proc_rom.cc:155:do_switch$81$rdmux[0][5][3]$b$1566 [1:0]
      New connections: $memory$auto$proc_rom.cc:155:do_switch$81$rdmux[0][5][3]$b$1566 [4:2] = 3'000
    Consolidated identical input bits for $mux cell $memory$auto$proc_rom.cc:155:do_switch$81$rdmux[0][6][6]$1669:
      Old ports: A=$memory$auto$proc_rom.cc:155:do_switch$81$rdmux[0][6][6]$a$1670, B=$memory$auto$proc_rom.cc:155:do_switch$81$rdmux[0][6][6]$b$1671, Y=$memory$auto$proc_rom.cc:155:do_switch$81$rdmux[0][5][3]$a$1565
      New ports: A={ 1'0 $memory$auto$proc_rom.cc:155:do_switch$81$rdmux[0][6][6]$a$1670 [0] }, B={ 1'1 $memory$auto$proc_rom.cc:155:do_switch$81$rdmux[0][6][6]$b$1671 [0] }, Y=$memory$auto$proc_rom.cc:155:do_switch$81$rdmux[0][5][3]$a$1565 [1:0]
      New connections: $memory$auto$proc_rom.cc:155:do_switch$81$rdmux[0][5][3]$a$1565 [4:2] = 3'000
    Consolidated identical input bits for $mux cell $memory$auto$proc_rom.cc:155:do_switch$81$rdmux[0][6][5]$1666:
      Old ports: A=$memory$auto$proc_rom.cc:155:do_switch$81$rdmux[0][6][5]$a$1667, B=$memory$auto$proc_rom.cc:155:do_switch$81$rdmux[0][6][5]$b$1668, Y=$memory$auto$proc_rom.cc:155:do_switch$81$rdmux[0][5][2]$b$1563
      New ports: A={ 1'0 $memory$auto$proc_rom.cc:155:do_switch$81$rdmux[0][6][5]$a$1667 [0] }, B={ 1'1 $memory$auto$proc_rom.cc:155:do_switch$81$rdmux[0][6][5]$b$1668 [0] }, Y=$memory$auto$proc_rom.cc:155:do_switch$81$rdmux[0][5][2]$b$1563 [1:0]
      New connections: $memory$auto$proc_rom.cc:155:do_switch$81$rdmux[0][5][2]$b$1563 [4:2] = 3'000
    Consolidated identical input bits for $mux cell $memory$auto$proc_rom.cc:155:do_switch$81$rdmux[0][6][4]$1663:
      Old ports: A=$memory$auto$proc_rom.cc:155:do_switch$81$rdmux[0][6][4]$a$1664, B=$memory$auto$proc_rom.cc:155:do_switch$81$rdmux[0][6][4]$b$1665, Y=$memory$auto$proc_rom.cc:155:do_switch$81$rdmux[0][5][2]$a$1562
      New ports: A={ 1'0 $memory$auto$proc_rom.cc:155:do_switch$81$rdmux[0][6][4]$a$1664 [0] }, B={ 1'1 $memory$auto$proc_rom.cc:155:do_switch$81$rdmux[0][6][4]$b$1665 [0] }, Y=$memory$auto$proc_rom.cc:155:do_switch$81$rdmux[0][5][2]$a$1562 [1:0]
      New connections: $memory$auto$proc_rom.cc:155:do_switch$81$rdmux[0][5][2]$a$1562 [4:2] = 3'000
    Consolidated identical input bits for $mux cell $memory$auto$proc_rom.cc:155:do_switch$81$rdmux[0][4][12]$1543:
      Old ports: A=$memory$auto$proc_rom.cc:155:do_switch$81$rdmux[0][4][12]$a$1544, B=$memory$auto$proc_rom.cc:155:do_switch$81$rdmux[0][4][12]$b$1545, Y=$memory$auto$proc_rom.cc:155:do_switch$81$rdmux[0][3][6]$a$1502
      New ports: A={ 2'00 $memory$auto$proc_rom.cc:155:do_switch$81$rdmux[0][4][12]$a$1544 [0] $memory$auto$proc_rom.cc:155:do_switch$81$rdmux[0][4][12]$a$1544 [0] }, B={ $memory$auto$proc_rom.cc:155:do_switch$81$rdmux[0][4][12]$b$1545 [0] $memory$auto$proc_rom.cc:155:do_switch$81$rdmux[0][4][12]$b$1545 [1] $memory$auto$proc_rom.cc:155:do_switch$81$rdmux[0][4][12]$b$1545 [1:0] }, Y=$memory$auto$proc_rom.cc:155:do_switch$81$rdmux[0][3][6]$a$1502 [3:0]
      New connections: $memory$auto$proc_rom.cc:155:do_switch$81$rdmux[0][3][6]$a$1502 [4] = 1'0
    Consolidated identical input bits for $mux cell $memory$auto$proc_rom.cc:155:do_switch$81$rdmux[0][4][8]$1531:
      Old ports: A=$memory$auto$proc_rom.cc:155:do_switch$81$rdmux[0][4][8]$a$1532, B=$memory$auto$proc_rom.cc:155:do_switch$81$rdmux[0][4][8]$b$1533, Y=$memory$auto$proc_rom.cc:155:do_switch$81$rdmux[0][3][4]$a$1496
      New ports: A={ 1'0 $memory$auto$proc_rom.cc:155:do_switch$81$rdmux[0][4][8]$a$1532 [1] }, B={ 1'1 $memory$auto$proc_rom.cc:155:do_switch$81$rdmux[0][4][8]$b$1533 [1] }, Y=$memory$auto$proc_rom.cc:155:do_switch$81$rdmux[0][3][4]$a$1496 [2:1]
      New connections: { $memory$auto$proc_rom.cc:155:do_switch$81$rdmux[0][3][4]$a$1496 [4:3] $memory$auto$proc_rom.cc:155:do_switch$81$rdmux[0][3][4]$a$1496 [0] } = 3'000
    Consolidated identical input bits for $mux cell $memory$auto$proc_rom.cc:155:do_switch$81$rdmux[0][4][4]$1519:
      Old ports: A=$memory$auto$proc_rom.cc:155:do_switch$81$rdmux[0][4][4]$a$1520, B=$memory$auto$proc_rom.cc:155:do_switch$81$rdmux[0][4][4]$b$1521, Y=$memory$auto$proc_rom.cc:155:do_switch$81$rdmux[0][3][2]$a$1490
      New ports: A={ 1'0 $memory$auto$proc_rom.cc:155:do_switch$81$rdmux[0][4][4]$a$1520 [0] }, B={ 1'1 $memory$auto$proc_rom.cc:155:do_switch$81$rdmux[0][4][4]$b$1521 [0] }, Y=$memory$auto$proc_rom.cc:155:do_switch$81$rdmux[0][3][2]$a$1490 [1:0]
      New connections: $memory$auto$proc_rom.cc:155:do_switch$81$rdmux[0][3][2]$a$1490 [4:2] = 3'000
    Consolidated identical input bits for $mux cell $procmux$163:
      Old ports: A=$26\quant_scaled$func$/home/b10507053/ALS_Final_Project/student/work/ex250_ex254_frontend_fp4_dot_fma_semantic_20260608_2105/ex252/verilog/ex252_semantic_u2_dot4_pairtable_qrange.v:307$6.$result[6:0]$75, B=6'010000, Y=$25\quant_scaled$func$/home/b10507053/ALS_Final_Project/student/work/ex250_ex254_frontend_fp4_dot_fma_semantic_20260608_2105/ex252/verilog/ex252_semantic_u2_dot4_pairtable_qrange.v:307$6.$result[6:0]$73
      New ports: A=$26\quant_scaled$func$/home/b10507053/ALS_Final_Project/student/work/ex250_ex254_frontend_fp4_dot_fma_semantic_20260608_2105/ex252/verilog/ex252_semantic_u2_dot4_pairtable_qrange.v:307$6.$result[6:0]$75 [1:0], B=2'00, Y=$25\quant_scaled$func$/home/b10507053/ALS_Final_Project/student/work/ex250_ex254_frontend_fp4_dot_fma_semantic_20260608_2105/ex252/verilog/ex252_semantic_u2_dot4_pairtable_qrange.v:307$6.$result[6:0]$73 [1:0]
      New connections: $25\quant_scaled$func$/home/b10507053/ALS_Final_Project/student/work/ex250_ex254_frontend_fp4_dot_fma_semantic_20260608_2105/ex252/verilog/ex252_semantic_u2_dot4_pairtable_qrange.v:307$6.$result[6:0]$73 [5:2] = { $25\quant_scaled$func$/home/b10507053/ALS_Final_Project/student/work/ex250_ex254_frontend_fp4_dot_fma_semantic_20260608_2105/ex252/verilog/ex252_semantic_u2_dot4_pairtable_qrange.v:307$6.$result[6:0]$73 [1] 1'1 $25\quant_scaled$func$/home/b10507053/ALS_Final_Project/student/work/ex250_ex254_frontend_fp4_dot_fma_semantic_20260608_2105/ex252/verilog/ex252_semantic_u2_dot4_pairtable_qrange.v:307$6.$result[6:0]$73 [1] $25\quant_scaled$func$/home/b10507053/ALS_Final_Project/student/work/ex250_ex254_frontend_fp4_dot_fma_semantic_20260608_2105/ex252/verilog/ex252_semantic_u2_dot4_pairtable_qrange.v:307$6.$result[6:0]$73 [1] }
  Optimizing cells in module \ex252_semantic_u2_dot4_pairtable_qrange.
    Consolidated identical input bits for $mux cell $memory$auto$proc_rom.cc:155:do_switch$77$rdmux[0][5][30]$2410:
      Old ports: A=$memory$auto$proc_rom.cc:155:do_switch$77$rdmux[0][5][30]$a$2411, B=$memory$auto$proc_rom.cc:155:do_switch$77$rdmux[0][5][30]$b$2412, Y=$memory$auto$proc_rom.cc:155:do_switch$77$rdmux[0][4][15]$a$2318
      New ports: A=$memory$auto$proc_rom.cc:155:do_switch$77$rdmux[0][5][30]$a$2411 [3:0], B=$memory$auto$proc_rom.cc:155:do_switch$77$rdmux[0][5][30]$b$2412 [3:0], Y=$memory$auto$proc_rom.cc:155:do_switch$77$rdmux[0][4][15]$a$2318 [3:0]
      New connections: $memory$auto$proc_rom.cc:155:do_switch$77$rdmux[0][4][15]$a$2318 [4] = 1'0
    Consolidated identical input bits for $mux cell $memory$auto$proc_rom.cc:155:do_switch$77$rdmux[0][5][29]$2407:
      Old ports: A=$memory$auto$proc_rom.cc:155:do_switch$77$rdmux[0][5][29]$a$2408, B=$memory$auto$proc_rom.cc:155:do_switch$77$rdmux[0][5][29]$b$2409, Y=$memory$auto$proc_rom.cc:155:do_switch$77$rdmux[0][4][14]$b$2316
      New ports: A={ $memory$auto$proc_rom.cc:155:do_switch$77$rdmux[0][5][29]$a$2408 [3:1] 1'0 }, B={ 1'1 $memory$auto$proc_rom.cc:155:do_switch$77$rdmux[0][5][29]$b$2409 [2:1] 1'1 }, Y=$memory$auto$proc_rom.cc:155:do_switch$77$rdmux[0][4][14]$b$2316 [3:0]
      New connections: $memory$auto$proc_rom.cc:155:do_switch$77$rdmux[0][4][14]$b$2316 [4] = 1'0
    Consolidated identical input bits for $mux cell $memory$auto$proc_rom.cc:155:do_switch$77$rdmux[0][5][28]$2404:
      Old ports: A=$memory$auto$proc_rom.cc:155:do_switch$77$rdmux[0][5][28]$a$2405, B=$memory$auto$proc_rom.cc:155:do_switch$77$rdmux[0][5][28]$b$2406, Y=$memory$auto$proc_rom.cc:155:do_switch$77$rdmux[0][4][14]$a$2315
      New ports: A={ 1'0 $memory$auto$proc_rom.cc:155:do_switch$77$rdmux[0][5][28]$a$2405 [2:1] 1'0 }, B={ $memory$auto$proc_rom.cc:155:do_switch$77$rdmux[0][5][28]$b$2406 [3:1] 1'1 }, Y=$memory$auto$proc_rom.cc:155:do_switch$77$rdmux[0][4][14]$a$2315 [3:0]
      New connections: $memory$auto$proc_rom.cc:155:do_switch$77$rdmux[0][4][14]$a$2315 [4] = 1'0
    Consolidated identical input bits for $mux cell $memory$auto$proc_rom.cc:155:do_switch$77$rdmux[0][5][27]$2401:
      Old ports: A=$memory$auto$proc_rom.cc:155:do_switch$77$rdmux[0][5][27]$a$2402, B=$memory$auto$proc_rom.cc:155:do_switch$77$rdmux[0][5][27]$b$2403, Y=$memory$auto$proc_rom.cc:155:do_switch$77$rdmux[0][4][13]$b$2313
      New ports: A={ $memory$auto$proc_rom.cc:155:do_switch$77$rdmux[0][5][27]$a$2402 [3] $memory$auto$proc_rom.cc:155:do_switch$77$rdmux[0][5][27]$a$2402 [1] $memory$auto$proc_rom.cc:155:do_switch$77$rdmux[0][5][27]$a$2402 [1:0] }, B={ 1'1 $memory$auto$proc_rom.cc:155:do_switch$77$rdmux[0][5][27]$b$2403 [2:0] }, Y=$memory$auto$proc_rom.cc:155:do_switch$77$rdmux[0][4][13]$b$2313 [3:0]
      New connections: $memory$auto$proc_rom.cc:155:do_switch$77$rdmux[0][4][13]$b$2313 [4] = 1'0
    Consolidated identical input bits for $mux cell $memory$auto$proc_rom.cc:155:do_switch$77$rdmux[0][5][26]$2398:
      Old ports: A=$memory$auto$proc_rom.cc:155:do_switch$77$rdmux[0][5][26]$a$2399, B=$memory$auto$proc_rom.cc:155:do_switch$77$rdmux[0][5][26]$b$2400, Y=$memory$auto$proc_rom.cc:155:do_switch$77$rdmux[0][4][13]$a$2312
      New ports: A={ 1'0 $memory$auto$proc_rom.cc:155:do_switch$77$rdmux[0][5][26]$a$2399 [1:0] }, B=$memory$auto$proc_rom.cc:155:do_switch$77$rdmux[0][5][26]$b$2400 [2:0], Y=$memory$auto$proc_rom.cc:155:do_switch$77$rdmux[0][4][13]$a$2312 [2:0]
      New connections: $memory$auto$proc_rom.cc:155:do_switch$77$rdmux[0][4][13]$a$2312 [4:3] = 2'00
    Consolidated identical input bits for $mux cell $memory$auto$proc_rom.cc:155:do_switch$77$rdmux[0][5][23]$2389:
      Old ports: A=$memory$auto$proc_rom.cc:155:do_switch$77$rdmux[0][5][23]$a$2390, B=$memory$auto$proc_rom.cc:155:do_switch$77$rdmux[0][5][23]$b$2391, Y=$memory$auto$proc_rom.cc:155:do_switch$77$rdmux[0][4][11]$b$2307
      New ports: A=$memory$auto$proc_rom.cc:155:do_switch$77$rdmux[0][5][23]$a$2390 [3:0], B=$memory$auto$proc_rom.cc:155:do_switch$77$rdmux[0][5][23]$b$2391 [3:0], Y=$memory$auto$proc_rom.cc:155:do_switch$77$rdmux[0][4][11]$b$2307 [3:0]
      New connections: $memory$auto$proc_rom.cc:155:do_switch$77$rdmux[0][4][11]$b$2307 [4] = 1'0
    Consolidated identical input bits for $mux cell $memory$auto$proc_rom.cc:155:do_switch$77$rdmux[0][5][22]$2386:
      Old ports: A=$memory$auto$proc_rom.cc:155:do_switch$77$rdmux[0][5][22]$a$2387, B=$memory$auto$proc_rom.cc:155:do_switch$77$rdmux[0][5][22]$b$2388, Y=$memory$auto$proc_rom.cc:155:do_switch$77$rdmux[0][4][11]$a$2306
      New ports: A=$memory$auto$proc_rom.cc:155:do_switch$77$rdmux[0][5][22]$a$2387 [3:0], B=$memory$auto$proc_rom.cc:155:do_switch$77$rdmux[0][5][22]$b$2388 [3:0], Y=$memory$auto$proc_rom.cc:155:do_switch$77$rdmux[0][4][11]$a$2306 [3:0]
      New connections: $memory$auto$proc_rom.cc:155:do_switch$77$rdmux[0][4][11]$a$2306 [4] = 1'0
    Consolidated identical input bits for $mux cell $memory$auto$proc_rom.cc:155:do_switch$77$rdmux[0][5][21]$2383:
      Old ports: A=$memory$auto$proc_rom.cc:155:do_switch$77$rdmux[0][5][21]$a$2384, B=$memory$auto$proc_rom.cc:155:do_switch$77$rdmux[0][5][21]$b$2385, Y=$memory$auto$proc_rom.cc:155:do_switch$77$rdmux[0][4][10]$b$2304
      New ports: A=$memory$auto$proc_rom.cc:155:do_switch$77$rdmux[0][5][21]$a$2384 [3:1], B=$memory$auto$proc_rom.cc:155:do_switch$77$rdmux[0][5][21]$b$2385 [3:1], Y=$memory$auto$proc_rom.cc:155:do_switch$77$rdmux[0][4][10]$b$2304 [3:1]
      New connections: { $memory$auto$proc_rom.cc:155:do_switch$77$rdmux[0][4][10]$b$2304 [4] $memory$auto$proc_rom.cc:155:do_switch$77$rdmux[0][4][10]$b$2304 [0] } = 2'00
    Consolidated identical input bits for $mux cell $memory$auto$proc_rom.cc:155:do_switch$77$rdmux[0][5][20]$2380:
      Old ports: A=$memory$auto$proc_rom.cc:155:do_switch$77$rdmux[0][5][20]$a$2381, B=$memory$auto$proc_rom.cc:155:do_switch$77$rdmux[0][5][20]$b$2382, Y=$memory$auto$proc_rom.cc:155:do_switch$77$rdmux[0][4][10]$a$2303
      New ports: A={ 1'0 $memory$auto$proc_rom.cc:155:do_switch$77$rdmux[0][5][20]$a$2381 [2:1] }, B=$memory$auto$proc_rom.cc:155:do_switch$77$rdmux[0][5][20]$b$2382 [3:1], Y=$memory$auto$proc_rom.cc:155:do_switch$77$rdmux[0][4][10]$a$2303 [3:1]
      New connections: { $memory$auto$proc_rom.cc:155:do_switch$77$rdmux[0][4][10]$a$2303 [4] $memory$auto$proc_rom.cc:155:do_switch$77$rdmux[0][4][10]$a$2303 [0] } = 2'00
    Consolidated identical input bits for $mux cell $memory$auto$proc_rom.cc:155:do_switch$77$rdmux[0][5][19]$2377:
      Old ports: A=$memory$auto$proc_rom.cc:155:do_switch$77$rdmux[0][5][19]$a$2378, B=$memory$auto$proc_rom.cc:155:do_switch$77$rdmux[0][5][19]$b$2379, Y=$memory$auto$proc_rom.cc:155:do_switch$77$rdmux[0][4][9]$b$2301
      New ports: A={ 2'01 $memory$auto$proc_rom.cc:155:do_switch$77$rdmux[0][5][19]$a$2378 [1:0] }, B={ $memory$auto$proc_rom.cc:155:do_switch$77$rdmux[0][5][19]$b$2379 [3] $memory$auto$proc_rom.cc:155:do_switch$77$rdmux[0][5][19]$b$2379 [1] $memory$auto$proc_rom.cc:155:do_switch$77$rdmux[0][5][19]$b$2379 [1:0] }, Y=$memory$auto$proc_rom.cc:155:do_switch$77$rdmux[0][4][9]$b$2301 [3:0]
      New connections: $memory$auto$proc_rom.cc:155:do_switch$77$rdmux[0][4][9]$b$2301 [4] = 1'0
    Consolidated identical input bits for $mux cell $memory$auto$proc_rom.cc:155:do_switch$77$rdmux[0][5][18]$2374:
      Old ports: A=$memory$auto$proc_rom.cc:155:do_switch$77$rdmux[0][5][18]$a$2375, B=$memory$auto$proc_rom.cc:155:do_switch$77$rdmux[0][5][18]$b$2376, Y=$memory$auto$proc_rom.cc:155:do_switch$77$rdmux[0][4][9]$a$2300
      New ports: A={ 1'0 $memory$auto$proc_rom.cc:155:do_switch$77$rdmux[0][5][18]$a$2375 [1:0] }, B=$memory$auto$proc_rom.cc:155:do_switch$77$rdmux[0][5][18]$b$2376 [2:0], Y=$memory$auto$proc_rom.cc:155:do_switch$77$rdmux[0][4][9]$a$2300 [2:0]
      New connections: $memory$auto$proc_rom.cc:155:do_switch$77$rdmux[0][4][9]$a$2300 [4:3] = 2'00
    Consolidated identical input bits for $mux cell $memory$auto$proc_rom.cc:155:do_switch$77$rdmux[0][5][15]$2365:
      Old ports: A=$memory$auto$proc_rom.cc:155:do_switch$77$rdmux[0][5][15]$a$2366, B=$memory$auto$proc_rom.cc:155:do_switch$77$rdmux[0][5][15]$b$2367, Y=$memory$auto$proc_rom.cc:155:do_switch$77$rdmux[0][4][7]$b$2295
      New ports: A=$memory$auto$proc_rom.cc:155:do_switch$77$rdmux[0][5][15]$a$2366 [3:0], B=$memory$auto$proc_rom.cc:155:do_switch$77$rdmux[0][5][15]$b$2367 [3:0], Y=$memory$auto$proc_rom.cc:155:do_switch$77$rdmux[0][4][7]$b$2295 [3:0]
      New connections: $memory$auto$proc_rom.cc:155:do_switch$77$rdmux[0][4][7]$b$2295 [4] = 1'0
    Consolidated identical input bits for $mux cell $memory$auto$proc_rom.cc:155:do_switch$77$rdmux[0][5][14]$2362:
      Old ports: A=$memory$auto$proc_rom.cc:155:do_switch$77$rdmux[0][5][14]$a$2363, B=$memory$auto$proc_rom.cc:155:do_switch$77$rdmux[0][5][14]$b$2364, Y=$memory$auto$proc_rom.cc:155:do_switch$77$rdmux[0][4][7]$a$2294
      New ports: A=$memory$auto$proc_rom.cc:155:do_switch$77$rdmux[0][5][14]$a$2363 [3:0], B=$memory$auto$proc_rom.cc:155:do_switch$77$rdmux[0][5][14]$b$2364 [3:0], Y=$memory$auto$proc_rom.cc:155:do_switch$77$rdmux[0][4][7]$a$2294 [3:0]
      New connections: $memory$auto$proc_rom.cc:155:do_switch$77$rdmux[0][4][7]$a$2294 [4] = 1'0
    Consolidated identical input bits for $mux cell $memory$auto$proc_rom.cc:155:do_switch$77$rdmux[0][5][13]$2359:
      Old ports: A=$memory$auto$proc_rom.cc:155:do_switch$77$rdmux[0][5][13]$a$2360, B=$memory$auto$proc_rom.cc:155:do_switch$77$rdmux[0][5][13]$b$2361, Y=$memory$auto$proc_rom.cc:155:do_switch$77$rdmux[0][4][6]$b$2292
      New ports: A={ $memory$auto$proc_rom.cc:155:do_switch$77$rdmux[0][5][13]$a$2360 [3:1] 1'0 }, B={ $memory$auto$proc_rom.cc:155:do_switch$77$rdmux[0][5][13]$b$2361 [3:1] 1'1 }, Y=$memory$auto$proc_rom.cc:155:do_switch$77$rdmux[0][4][6]$b$2292 [3:0]
      New connections: $memory$auto$proc_rom.cc:155:do_switch$77$rdmux[0][4][6]$b$2292 [4] = 1'0
    Consolidated identical input bits for $mux cell $memory$auto$proc_rom.cc:155:do_switch$77$rdmux[0][5][12]$2356:
      Old ports: A=$memory$auto$proc_rom.cc:155:do_switch$77$rdmux[0][5][12]$a$2357, B=$memory$auto$proc_rom.cc:155:do_switch$77$rdmux[0][5][12]$b$2358, Y=$memory$auto$proc_rom.cc:155:do_switch$77$rdmux[0][4][6]$a$2291
      New ports: A={ $memory$auto$proc_rom.cc:155:do_switch$77$rdmux[0][5][12]$a$2357 [2:1] 1'0 }, B={ $memory$auto$proc_rom.cc:155:do_switch$77$rdmux[0][5][12]$b$2358 [2:1] 1'1 }, Y=$memory$auto$proc_rom.cc:155:do_switch$77$rdmux[0][4][6]$a$2291 [2:0]
      New connections: $memory$auto$proc_rom.cc:155:do_switch$77$rdmux[0][4][6]$a$2291 [4:3] = 2'00
    Consolidated identical input bits for $mux cell $memory$auto$proc_rom.cc:155:do_switch$77$rdmux[0][5][11]$2353:
      Old ports: A=$memory$auto$proc_rom.cc:155:do_switch$77$rdmux[0][5][11]$a$2354, B=$memory$auto$proc_rom.cc:155:do_switch$77$rdmux[0][5][11]$b$2355, Y=$memory$auto$proc_rom.cc:155:do_switch$77$rdmux[0][4][5]$b$2289
      New ports: A=$memory$auto$proc_rom.cc:155:do_switch$77$rdmux[0][5][11]$a$2354 [2:0], B=$memory$auto$proc_rom.cc:155:do_switch$77$rdmux[0][5][11]$b$2355 [2:0], Y=$memory$auto$proc_rom.cc:155:do_switch$77$rdmux[0][4][5]$b$2289 [2:0]
      New connections: $memory$auto$proc_rom.cc:155:do_switch$77$rdmux[0][4][5]$b$2289 [4:3] = 2'00
    Consolidated identical input bits for $mux cell $memory$auto$proc_rom.cc:155:do_switch$77$rdmux[0][5][10]$2350:
      Old ports: A=$memory$auto$proc_rom.cc:155:do_switch$77$rdmux[0][5][10]$a$2351, B=$memory$auto$proc_rom.cc:155:do_switch$77$rdmux[0][5][10]$b$2352, Y=$memory$auto$proc_rom.cc:155:do_switch$77$rdmux[0][4][5]$a$2288
      New ports: A={ 1'0 $memory$auto$proc_rom.cc:155:do_switch$77$rdmux[0][5][10]$a$2351 [1:0] }, B=$memory$auto$proc_rom.cc:155:do_switch$77$rdmux[0][5][10]$b$2352 [2:0], Y=$memory$auto$proc_rom.cc:155:do_switch$77$rdmux[0][4][5]$a$2288 [2:0]
      New connections: $memory$auto$proc_rom.cc:155:do_switch$77$rdmux[0][4][5]$a$2288 [4:3] = 2'00
    Consolidated identical input bits for $mux cell $memory$auto$proc_rom.cc:155:do_switch$77$rdmux[0][5][7]$2341:
      Old ports: A=$memory$auto$proc_rom.cc:155:do_switch$77$rdmux[0][5][7]$a$2342, B=$memory$auto$proc_rom.cc:155:do_switch$77$rdmux[0][5][7]$b$2343, Y=$memory$auto$proc_rom.cc:155:do_switch$77$rdmux[0][4][3]$b$2283
      New ports: A=$memory$auto$proc_rom.cc:155:do_switch$77$rdmux[0][5][7]$a$2342 [3:0], B=$memory$auto$proc_rom.cc:155:do_switch$77$rdmux[0][5][7]$b$2343 [3:0], Y=$memory$auto$proc_rom.cc:155:do_switch$77$rdmux[0][4][3]$b$2283 [3:0]
      New connections: $memory$auto$proc_rom.cc:155:do_switch$77$rdmux[0][4][3]$b$2283 [4] = 1'0
    Consolidated identical input bits for $mux cell $memory$auto$proc_rom.cc:155:do_switch$77$rdmux[0][5][6]$2338:
      Old ports: A=$memory$auto$proc_rom.cc:155:do_switch$77$rdmux[0][5][6]$a$2339, B=$memory$auto$proc_rom.cc:155:do_switch$77$rdmux[0][5][6]$b$2340, Y=$memory$auto$proc_rom.cc:155:do_switch$77$rdmux[0][4][3]$a$2282
      New ports: A=$memory$auto$proc_rom.cc:155:do_switch$77$rdmux[0][5][6]$a$2339 [3:0], B=$memory$auto$proc_rom.cc:155:do_switch$77$rdmux[0][5][6]$b$2340 [3:0], Y=$memory$auto$proc_rom.cc:155:do_switch$77$rdmux[0][4][3]$a$2282 [3:0]
      New connections: $memory$auto$proc_rom.cc:155:do_switch$77$rdmux[0][4][3]$a$2282 [4] = 1'0
    Consolidated identical input bits for $mux cell $memory$auto$proc_rom.cc:155:do_switch$77$rdmux[0][5][5]$2335:
      Old ports: A=$memory$auto$proc_rom.cc:155:do_switch$77$rdmux[0][5][5]$a$2336, B=$memory$auto$proc_rom.cc:155:do_switch$77$rdmux[0][5][5]$b$2337, Y=$memory$auto$proc_rom.cc:155:do_switch$77$rdmux[0][4][2]$b$2280
      New ports: A=$memory$auto$proc_rom.cc:155:do_switch$77$rdmux[0][5][5]$a$2336 [2:1], B=$memory$auto$proc_rom.cc:155:do_switch$77$rdmux[0][5][5]$b$2337 [2:1], Y=$memory$auto$proc_rom.cc:155:do_switch$77$rdmux[0][4][2]$b$2280 [2:1]
      New connections: { $memory$auto$proc_rom.cc:155:do_switch$77$rdmux[0][4][2]$b$2280 [4:3] $memory$auto$proc_rom.cc:155:do_switch$77$rdmux[0][4][2]$b$2280 [0] } = 3'000
    Consolidated identical input bits for $mux cell $memory$auto$proc_rom.cc:155:do_switch$77$rdmux[0][5][4]$2332:
      Old ports: A=$memory$auto$proc_rom.cc:155:do_switch$77$rdmux[0][5][4]$a$2333, B=$memory$auto$proc_rom.cc:155:do_switch$77$rdmux[0][5][4]$b$2334, Y=$memory$auto$proc_rom.cc:155:do_switch$77$rdmux[0][4][2]$a$2279
      New ports: A=$memory$auto$proc_rom.cc:155:do_switch$77$rdmux[0][5][4]$a$2333 [2:1], B=$memory$auto$proc_rom.cc:155:do_switch$77$rdmux[0][5][4]$b$2334 [2:1], Y=$memory$auto$proc_rom.cc:155:do_switch$77$rdmux[0][4][2]$a$2279 [2:1]
      New connections: { $memory$auto$proc_rom.cc:155:do_switch$77$rdmux[0][4][2]$a$2279 [4:3] $memory$auto$proc_rom.cc:155:do_switch$77$rdmux[0][4][2]$a$2279 [0] } = 3'000
    Consolidated identical input bits for $mux cell $memory$auto$proc_rom.cc:155:do_switch$77$rdmux[0][5][3]$2329:
      Old ports: A=$memory$auto$proc_rom.cc:155:do_switch$77$rdmux[0][5][3]$a$2330, B=$memory$auto$proc_rom.cc:155:do_switch$77$rdmux[0][5][3]$b$2331, Y=$memory$auto$proc_rom.cc:155:do_switch$77$rdmux[0][4][1]$b$2277
      New ports: A=$memory$auto$proc_rom.cc:155:do_switch$77$rdmux[0][5][3]$a$2330 [1:0], B=$memory$auto$proc_rom.cc:155:do_switch$77$rdmux[0][5][3]$b$2331 [1:0], Y=$memory$auto$proc_rom.cc:155:do_switch$77$rdmux[0][4][1]$b$2277 [1:0]
      New connections: $memory$auto$proc_rom.cc:155:do_switch$77$rdmux[0][4][1]$b$2277 [4:2] = 3'000
    Consolidated identical input bits for $mux cell $memory$auto$proc_rom.cc:155:do_switch$77$rdmux[0][5][2]$2326:
      Old ports: A=$memory$auto$proc_rom.cc:155:do_switch$77$rdmux[0][5][2]$a$2327, B=$memory$auto$proc_rom.cc:155:do_switch$77$rdmux[0][5][2]$b$2328, Y=$memory$auto$proc_rom.cc:155:do_switch$77$rdmux[0][4][1]$a$2276
      New ports: A=$memory$auto$proc_rom.cc:155:do_switch$77$rdmux[0][5][2]$a$2327 [1:0], B=$memory$auto$proc_rom.cc:155:do_switch$77$rdmux[0][5][2]$b$2328 [1:0], Y=$memory$auto$proc_rom.cc:155:do_switch$77$rdmux[0][4][1]$a$2276 [1:0]
      New connections: $memory$auto$proc_rom.cc:155:do_switch$77$rdmux[0][4][1]$a$2276 [4:2] = 3'000
    Consolidated identical input bits for $mux cell $memory$auto$proc_rom.cc:155:do_switch$81$rdmux[0][5][30]$1645:
      Old ports: A=$memory$auto$proc_rom.cc:155:do_switch$81$rdmux[0][5][30]$a$1646, B=$memory$auto$proc_rom.cc:155:do_switch$81$rdmux[0][5][30]$b$1647, Y=$memory$auto$proc_rom.cc:155:do_switch$81$rdmux[0][4][15]$a$1553
      New ports: A=$memory$auto$proc_rom.cc:155:do_switch$81$rdmux[0][5][30]$a$1646 [3:0], B=$memory$auto$proc_rom.cc:155:do_switch$81$rdmux[0][5][30]$b$1647 [3:0], Y=$memory$auto$proc_rom.cc:155:do_switch$81$rdmux[0][4][15]$a$1553 [3:0]
      New connections: $memory$auto$proc_rom.cc:155:do_switch$81$rdmux[0][4][15]$a$1553 [4] = 1'0
    Consolidated identical input bits for $mux cell $memory$auto$proc_rom.cc:155:do_switch$81$rdmux[0][5][29]$1642:
      Old ports: A=$memory$auto$proc_rom.cc:155:do_switch$81$rdmux[0][5][29]$a$1643, B=$memory$auto$proc_rom.cc:155:do_switch$81$rdmux[0][5][29]$b$1644, Y=$memory$auto$proc_rom.cc:155:do_switch$81$rdmux[0][4][14]$b$1551
      New ports: A={ $memory$auto$proc_rom.cc:155:do_switch$81$rdmux[0][5][29]$a$1643 [3:1] 1'0 }, B={ 1'1 $memory$auto$proc_rom.cc:155:do_switch$81$rdmux[0][5][29]$b$1644 [2:1] 1'1 }, Y=$memory$auto$proc_rom.cc:155:do_switch$81$rdmux[0][4][14]$b$1551 [3:0]
      New connections: $memory$auto$proc_rom.cc:155:do_switch$81$rdmux[0][4][14]$b$1551 [4] = 1'0
    Consolidated identical input bits for $mux cell $memory$auto$proc_rom.cc:155:do_switch$81$rdmux[0][5][28]$1639:
      Old ports: A=$memory$auto$proc_rom.cc:155:do_switch$81$rdmux[0][5][28]$a$1640, B=$memory$auto$proc_rom.cc:155:do_switch$81$rdmux[0][5][28]$b$1641, Y=$memory$auto$proc_rom.cc:155:do_switch$81$rdmux[0][4][14]$a$1550
      New ports: A={ 1'0 $memory$auto$proc_rom.cc:155:do_switch$81$rdmux[0][5][28]$a$1640 [2:1] 1'0 }, B={ $memory$auto$proc_rom.cc:155:do_switch$81$rdmux[0][5][28]$b$1641 [3:1] 1'1 }, Y=$memory$auto$proc_rom.cc:155:do_switch$81$rdmux[0][4][14]$a$1550 [3:0]
      New connections: $memory$auto$proc_rom.cc:155:do_switch$81$rdmux[0][4][14]$a$1550 [4] = 1'0
    Consolidated identical input bits for $mux cell $memory$auto$proc_rom.cc:155:do_switch$81$rdmux[0][5][27]$1636:
      Old ports: A=$memory$auto$proc_rom.cc:155:do_switch$81$rdmux[0][5][27]$a$1637, B=$memory$auto$proc_rom.cc:155:do_switch$81$rdmux[0][5][27]$b$1638, Y=$memory$auto$proc_rom.cc:155:do_switch$81$rdmux[0][4][13]$b$1548
      New ports: A={ $memory$auto$proc_rom.cc:155:do_switch$81$rdmux[0][5][27]$a$1637 [3] $memory$auto$proc_rom.cc:155:do_switch$81$rdmux[0][5][27]$a$1637 [1] $memory$auto$proc_rom.cc:155:do_switch$81$rdmux[0][5][27]$a$1637 [1:0] }, B={ 1'1 $memory$auto$proc_rom.cc:155:do_switch$81$rdmux[0][5][27]$b$1638 [2:0] }, Y=$memory$auto$proc_rom.cc:155:do_switch$81$rdmux[0][4][13]$b$1548 [3:0]
      New connections: $memory$auto$proc_rom.cc:155:do_switch$81$rdmux[0][4][13]$b$1548 [4] = 1'0
    Consolidated identical input bits for $mux cell $memory$auto$proc_rom.cc:155:do_switch$81$rdmux[0][5][26]$1633:
      Old ports: A=$memory$auto$proc_rom.cc:155:do_switch$81$rdmux[0][5][26]$a$1634, B=$memory$auto$proc_rom.cc:155:do_switch$81$rdmux[0][5][26]$b$1635, Y=$memory$auto$proc_rom.cc:155:do_switch$81$rdmux[0][4][13]$a$1547
      New ports: A={ 1'0 $memory$auto$proc_rom.cc:155:do_switch$81$rdmux[0][5][26]$a$1634 [1:0] }, B=$memory$auto$proc_rom.cc:155:do_switch$81$rdmux[0][5][26]$b$1635 [2:0], Y=$memory$auto$proc_rom.cc:155:do_switch$81$rdmux[0][4][13]$a$1547 [2:0]
      New connections: $memory$auto$proc_rom.cc:155:do_switch$81$rdmux[0][4][13]$a$1547 [4:3] = 2'00
    Consolidated identical input bits for $mux cell $memory$auto$proc_rom.cc:155:do_switch$81$rdmux[0][5][23]$1624:
      Old ports: A=$memory$auto$proc_rom.cc:155:do_switch$81$rdmux[0][5][23]$a$1625, B=$memory$auto$proc_rom.cc:155:do_switch$81$rdmux[0][5][23]$b$1626, Y=$memory$auto$proc_rom.cc:155:do_switch$81$rdmux[0][4][11]$b$1542
      New ports: A=$memory$auto$proc_rom.cc:155:do_switch$81$rdmux[0][5][23]$a$1625 [3:0], B=$memory$auto$proc_rom.cc:155:do_switch$81$rdmux[0][5][23]$b$1626 [3:0], Y=$memory$auto$proc_rom.cc:155:do_switch$81$rdmux[0][4][11]$b$1542 [3:0]
      New connections: $memory$auto$proc_rom.cc:155:do_switch$81$rdmux[0][4][11]$b$1542 [4] = 1'0
    Consolidated identical input bits for $mux cell $memory$auto$proc_rom.cc:155:do_switch$81$rdmux[0][5][22]$1621:
      Old ports: A=$memory$auto$proc_rom.cc:155:do_switch$81$rdmux[0][5][22]$a$1622, B=$memory$auto$proc_rom.cc:155:do_switch$81$rdmux[0][5][22]$b$1623, Y=$memory$auto$proc_rom.cc:155:do_switch$81$rdmux[0][4][11]$a$1541
      New ports: A=$memory$auto$proc_rom.cc:155:do_switch$81$rdmux[0][5][22]$a$1622 [3:0], B=$memory$auto$proc_rom.cc:155:do_switch$81$rdmux[0][5][22]$b$1623 [3:0], Y=$memory$auto$proc_rom.cc:155:do_switch$81$rdmux[0][4][11]$a$1541 [3:0]
      New connections: $memory$auto$proc_rom.cc:155:do_switch$81$rdmux[0][4][11]$a$1541 [4] = 1'0
    Consolidated identical input bits for $mux cell $memory$auto$proc_rom.cc:155:do_switch$81$rdmux[0][5][21]$1618:
      Old ports: A=$memory$auto$proc_rom.cc:155:do_switch$81$rdmux[0][5][21]$a$1619, B=$memory$auto$proc_rom.cc:155:do_switch$81$rdmux[0][5][21]$b$1620, Y=$memory$auto$proc_rom.cc:155:do_switch$81$rdmux[0][4][10]$b$1539
      New ports: A=$memory$auto$proc_rom.cc:155:do_switch$81$rdmux[0][5][21]$a$1619 [3:1], B=$memory$auto$proc_rom.cc:155:do_switch$81$rdmux[0][5][21]$b$1620 [3:1], Y=$memory$auto$proc_rom.cc:155:do_switch$81$rdmux[0][4][10]$b$1539 [3:1]
      New connections: { $memory$auto$proc_rom.cc:155:do_switch$81$rdmux[0][4][10]$b$1539 [4] $memory$auto$proc_rom.cc:155:do_switch$81$rdmux[0][4][10]$b$1539 [0] } = 2'00
    Consolidated identical input bits for $mux cell $memory$auto$proc_rom.cc:155:do_switch$81$rdmux[0][5][20]$1615:
      Old ports: A=$memory$auto$proc_rom.cc:155:do_switch$81$rdmux[0][5][20]$a$1616, B=$memory$auto$proc_rom.cc:155:do_switch$81$rdmux[0][5][20]$b$1617, Y=$memory$auto$proc_rom.cc:155:do_switch$81$rdmux[0][4][10]$a$1538
      New ports: A={ 1'0 $memory$auto$proc_rom.cc:155:do_switch$81$rdmux[0][5][20]$a$1616 [2:1] }, B=$memory$auto$proc_rom.cc:155:do_switch$81$rdmux[0][5][20]$b$1617 [3:1], Y=$memory$auto$proc_rom.cc:155:do_switch$81$rdmux[0][4][10]$a$1538 [3:1]
      New connections: { $memory$auto$proc_rom.cc:155:do_switch$81$rdmux[0][4][10]$a$1538 [4] $memory$auto$proc_rom.cc:155:do_switch$81$rdmux[0][4][10]$a$1538 [0] } = 2'00
    Consolidated identical input bits for $mux cell $memory$auto$proc_rom.cc:155:do_switch$81$rdmux[0][5][19]$1612:
      Old ports: A=$memory$auto$proc_rom.cc:155:do_switch$81$rdmux[0][5][19]$a$1613, B=$memory$auto$proc_rom.cc:155:do_switch$81$rdmux[0][5][19]$b$1614, Y=$memory$auto$proc_rom.cc:155:do_switch$81$rdmux[0][4][9]$b$1536
      New ports: A={ 2'01 $memory$auto$proc_rom.cc:155:do_switch$81$rdmux[0][5][19]$a$1613 [1:0] }, B={ $memory$auto$proc_rom.cc:155:do_switch$81$rdmux[0][5][19]$b$1614 [3] $memory$auto$proc_rom.cc:155:do_switch$81$rdmux[0][5][19]$b$1614 [1] $memory$auto$proc_rom.cc:155:do_switch$81$rdmux[0][5][19]$b$1614 [1:0] }, Y=$memory$auto$proc_rom.cc:155:do_switch$81$rdmux[0][4][9]$b$1536 [3:0]
      New connections: $memory$auto$proc_rom.cc:155:do_switch$81$rdmux[0][4][9]$b$1536 [4] = 1'0
    Consolidated identical input bits for $mux cell $memory$auto$proc_rom.cc:155:do_switch$81$rdmux[0][5][18]$1609:
      Old ports: A=$memory$auto$proc_rom.cc:155:do_switch$81$rdmux[0][5][18]$a$1610, B=$memory$auto$proc_rom.cc:155:do_switch$81$rdmux[0][5][18]$b$1611, Y=$memory$auto$proc_rom.cc:155:do_switch$81$rdmux[0][4][9]$a$1535
      New ports: A={ 1'0 $memory$auto$proc_rom.cc:155:do_switch$81$rdmux[0][5][18]$a$1610 [1:0] }, B=$memory$auto$proc_rom.cc:155:do_switch$81$rdmux[0][5][18]$b$1611 [2:0], Y=$memory$auto$proc_rom.cc:155:do_switch$81$rdmux[0][4][9]$a$1535 [2:0]
      New connections: $memory$auto$proc_rom.cc:155:do_switch$81$rdmux[0][4][9]$a$1535 [4:3] = 2'00
    Consolidated identical input bits for $mux cell $memory$auto$proc_rom.cc:155:do_switch$81$rdmux[0][5][15]$1600:
      Old ports: A=$memory$auto$proc_rom.cc:155:do_switch$81$rdmux[0][5][15]$a$1601, B=$memory$auto$proc_rom.cc:155:do_switch$81$rdmux[0][5][15]$b$1602, Y=$memory$auto$proc_rom.cc:155:do_switch$81$rdmux[0][4][7]$b$1530
      New ports: A=$memory$auto$proc_rom.cc:155:do_switch$81$rdmux[0][5][15]$a$1601 [3:0], B=$memory$auto$proc_rom.cc:155:do_switch$81$rdmux[0][5][15]$b$1602 [3:0], Y=$memory$auto$proc_rom.cc:155:do_switch$81$rdmux[0][4][7]$b$1530 [3:0]
      New connections: $memory$auto$proc_rom.cc:155:do_switch$81$rdmux[0][4][7]$b$1530 [4] = 1'0
    Consolidated identical input bits for $mux cell $memory$auto$proc_rom.cc:155:do_switch$81$rdmux[0][5][14]$1597:
      Old ports: A=$memory$auto$proc_rom.cc:155:do_switch$81$rdmux[0][5][14]$a$1598, B=$memory$auto$proc_rom.cc:155:do_switch$81$rdmux[0][5][14]$b$1599, Y=$memory$auto$proc_rom.cc:155:do_switch$81$rdmux[0][4][7]$a$1529
      New ports: A=$memory$auto$proc_rom.cc:155:do_switch$81$rdmux[0][5][14]$a$1598 [3:0], B=$memory$auto$proc_rom.cc:155:do_switch$81$rdmux[0][5][14]$b$1599 [3:0], Y=$memory$auto$proc_rom.cc:155:do_switch$81$rdmux[0][4][7]$a$1529 [3:0]
      New connections: $memory$auto$proc_rom.cc:155:do_switch$81$rdmux[0][4][7]$a$1529 [4] = 1'0
    Consolidated identical input bits for $mux cell $memory$auto$proc_rom.cc:155:do_switch$81$rdmux[0][5][13]$1594:
      Old ports: A=$memory$auto$proc_rom.cc:155:do_switch$81$rdmux[0][5][13]$a$1595, B=$memory$auto$proc_rom.cc:155:do_switch$81$rdmux[0][5][13]$b$1596, Y=$memory$auto$proc_rom.cc:155:do_switch$81$rdmux[0][4][6]$b$1527
      New ports: A={ $memory$auto$proc_rom.cc:155:do_switch$81$rdmux[0][5][13]$a$1595 [3:1] 1'0 }, B={ $memory$auto$proc_rom.cc:155:do_switch$81$rdmux[0][5][13]$b$1596 [3:1] 1'1 }, Y=$memory$auto$proc_rom.cc:155:do_switch$81$rdmux[0][4][6]$b$1527 [3:0]
      New connections: $memory$auto$proc_rom.cc:155:do_switch$81$rdmux[0][4][6]$b$1527 [4] = 1'0
    Consolidated identical input bits for $mux cell $memory$auto$proc_rom.cc:155:do_switch$81$rdmux[0][5][12]$1591:
      Old ports: A=$memory$auto$proc_rom.cc:155:do_switch$81$rdmux[0][5][12]$a$1592, B=$memory$auto$proc_rom.cc:155:do_switch$81$rdmux[0][5][12]$b$1593, Y=$memory$auto$proc_rom.cc:155:do_switch$81$rdmux[0][4][6]$a$1526
      New ports: A={ $memory$auto$proc_rom.cc:155:do_switch$81$rdmux[0][5][12]$a$1592 [2:1] 1'0 }, B={ $memory$auto$proc_rom.cc:155:do_switch$81$rdmux[0][5][12]$b$1593 [2:1] 1'1 }, Y=$memory$auto$proc_rom.cc:155:do_switch$81$rdmux[0][4][6]$a$1526 [2:0]
      New connections: $memory$auto$proc_rom.cc:155:do_switch$81$rdmux[0][4][6]$a$1526 [4:3] = 2'00
    Consolidated identical input bits for $mux cell $memory$auto$proc_rom.cc:155:do_switch$81$rdmux[0][5][11]$1588:
      Old ports: A=$memory$auto$proc_rom.cc:155:do_switch$81$rdmux[0][5][11]$a$1589, B=$memory$auto$proc_rom.cc:155:do_switch$81$rdmux[0][5][11]$b$1590, Y=$memory$auto$proc_rom.cc:155:do_switch$81$rdmux[0][4][5]$b$1524
      New ports: A=$memory$auto$proc_rom.cc:155:do_switch$81$rdmux[0][5][11]$a$1589 [2:0], B=$memory$auto$proc_rom.cc:155:do_switch$81$rdmux[0][5][11]$b$1590 [2:0], Y=$memory$auto$proc_rom.cc:155:do_switch$81$rdmux[0][4][5]$b$1524 [2:0]
      New connections: $memory$auto$proc_rom.cc:155:do_switch$81$rdmux[0][4][5]$b$1524 [4:3] = 2'00
    Consolidated identical input bits for $mux cell $memory$auto$proc_rom.cc:155:do_switch$81$rdmux[0][5][10]$1585:
      Old ports: A=$memory$auto$proc_rom.cc:155:do_switch$81$rdmux[0][5][10]$a$1586, B=$memory$auto$proc_rom.cc:155:do_switch$81$rdmux[0][5][10]$b$1587, Y=$memory$auto$proc_rom.cc:155:do_switch$81$rdmux[0][4][5]$a$1523
      New ports: A={ 1'0 $memory$auto$proc_rom.cc:155:do_switch$81$rdmux[0][5][10]$a$1586 [1:0] }, B=$memory$auto$proc_rom.cc:155:do_switch$81$rdmux[0][5][10]$b$1587 [2:0], Y=$memory$auto$proc_rom.cc:155:do_switch$81$rdmux[0][4][5]$a$1523 [2:0]
      New connections: $memory$auto$proc_rom.cc:155:do_switch$81$rdmux[0][4][5]$a$1523 [4:3] = 2'00
    Consolidated identical input bits for $mux cell $memory$auto$proc_rom.cc:155:do_switch$81$rdmux[0][5][7]$1576:
      Old ports: A=$memory$auto$proc_rom.cc:155:do_switch$81$rdmux[0][5][7]$a$1577, B=$memory$auto$proc_rom.cc:155:do_switch$81$rdmux[0][5][7]$b$1578, Y=$memory$auto$proc_rom.cc:155:do_switch$81$rdmux[0][4][3]$b$1518
      New ports: A=$memory$auto$proc_rom.cc:155:do_switch$81$rdmux[0][5][7]$a$1577 [3:0], B=$memory$auto$proc_rom.cc:155:do_switch$81$rdmux[0][5][7]$b$1578 [3:0], Y=$memory$auto$proc_rom.cc:155:do_switch$81$rdmux[0][4][3]$b$1518 [3:0]
      New connections: $memory$auto$proc_rom.cc:155:do_switch$81$rdmux[0][4][3]$b$1518 [4] = 1'0
    Consolidated identical input bits for $mux cell $memory$auto$proc_rom.cc:155:do_switch$81$rdmux[0][5][6]$1573:
      Old ports: A=$memory$auto$proc_rom.cc:155:do_switch$81$rdmux[0][5][6]$a$1574, B=$memory$auto$proc_rom.cc:155:do_switch$81$rdmux[0][5][6]$b$1575, Y=$memory$auto$proc_rom.cc:155:do_switch$81$rdmux[0][4][3]$a$1517
      New ports: A=$memory$auto$proc_rom.cc:155:do_switch$81$rdmux[0][5][6]$a$1574 [3:0], B=$memory$auto$proc_rom.cc:155:do_switch$81$rdmux[0][5][6]$b$1575 [3:0], Y=$memory$auto$proc_rom.cc:155:do_switch$81$rdmux[0][4][3]$a$1517 [3:0]
      New connections: $memory$auto$proc_rom.cc:155:do_switch$81$rdmux[0][4][3]$a$1517 [4] = 1'0
    Consolidated identical input bits for $mux cell $memory$auto$proc_rom.cc:155:do_switch$81$rdmux[0][5][5]$1570:
      Old ports: A=$memory$auto$proc_rom.cc:155:do_switch$81$rdmux[0][5][5]$a$1571, B=$memory$auto$proc_rom.cc:155:do_switch$81$rdmux[0][5][5]$b$1572, Y=$memory$auto$proc_rom.cc:155:do_switch$81$rdmux[0][4][2]$b$1515
      New ports: A=$memory$auto$proc_rom.cc:155:do_switch$81$rdmux[0][5][5]$a$1571 [2:1], B=$memory$auto$proc_rom.cc:155:do_switch$81$rdmux[0][5][5]$b$1572 [2:1], Y=$memory$auto$proc_rom.cc:155:do_switch$81$rdmux[0][4][2]$b$1515 [2:1]
      New connections: { $memory$auto$proc_rom.cc:155:do_switch$81$rdmux[0][4][2]$b$1515 [4:3] $memory$auto$proc_rom.cc:155:do_switch$81$rdmux[0][4][2]$b$1515 [0] } = 3'000
    Consolidated identical input bits for $mux cell $memory$auto$proc_rom.cc:155:do_switch$81$rdmux[0][5][4]$1567:
      Old ports: A=$memory$auto$proc_rom.cc:155:do_switch$81$rdmux[0][5][4]$a$1568, B=$memory$auto$proc_rom.cc:155:do_switch$81$rdmux[0][5][4]$b$1569, Y=$memory$auto$proc_rom.cc:155:do_switch$81$rdmux[0][4][2]$a$1514
      New ports: A=$memory$auto$proc_rom.cc:155:do_switch$81$rdmux[0][5][4]$a$1568 [2:1], B=$memory$auto$proc_rom.cc:155:do_switch$81$rdmux[0][5][4]$b$1569 [2:1], Y=$memory$auto$proc_rom.cc:155:do_switch$81$rdmux[0][4][2]$a$1514 [2:1]
      New connections: { $memory$auto$proc_rom.cc:155:do_switch$81$rdmux[0][4][2]$a$1514 [4:3] $memory$auto$proc_rom.cc:155:do_switch$81$rdmux[0][4][2]$a$1514 [0] } = 3'000
    Consolidated identical input bits for $mux cell $memory$auto$proc_rom.cc:155:do_switch$81$rdmux[0][5][3]$1564:
      Old ports: A=$memory$auto$proc_rom.cc:155:do_switch$81$rdmux[0][5][3]$a$1565, B=$memory$auto$proc_rom.cc:155:do_switch$81$rdmux[0][5][3]$b$1566, Y=$memory$auto$proc_rom.cc:155:do_switch$81$rdmux[0][4][1]$b$1512
      New ports: A=$memory$auto$proc_rom.cc:155:do_switch$81$rdmux[0][5][3]$a$1565 [1:0], B=$memory$auto$proc_rom.cc:155:do_switch$81$rdmux[0][5][3]$b$1566 [1:0], Y=$memory$auto$proc_rom.cc:155:do_switch$81$rdmux[0][4][1]$b$1512 [1:0]
      New connections: $memory$auto$proc_rom.cc:155:do_switch$81$rdmux[0][4][1]$b$1512 [4:2] = 3'000
    Consolidated identical input bits for $mux cell $memory$auto$proc_rom.cc:155:do_switch$81$rdmux[0][5][2]$1561:
      Old ports: A=$memory$auto$proc_rom.cc:155:do_switch$81$rdmux[0][5][2]$a$1562, B=$memory$auto$proc_rom.cc:155:do_switch$81$rdmux[0][5][2]$b$1563, Y=$memory$auto$proc_rom.cc:155:do_switch$81$rdmux[0][4][1]$a$1511
      New ports: A=$memory$auto$proc_rom.cc:155:do_switch$81$rdmux[0][5][2]$a$1562 [1:0], B=$memory$auto$proc_rom.cc:155:do_switch$81$rdmux[0][5][2]$b$1563 [1:0], Y=$memory$auto$proc_rom.cc:155:do_switch$81$rdmux[0][4][1]$a$1511 [1:0]
      New connections: $memory$auto$proc_rom.cc:155:do_switch$81$rdmux[0][4][1]$a$1511 [4:2] = 3'000
    Consolidated identical input bits for $mux cell $procmux$238:
      Old ports: A=$25\quant_scaled$func$/home/b10507053/ALS_Final_Project/student/work/ex250_ex254_frontend_fp4_dot_fma_semantic_20260608_2105/ex252/verilog/ex252_semantic_u2_dot4_pairtable_qrange.v:307$6.$result[6:0]$73, B=6'001111, Y=$24\quant_scaled$func$/home/b10507053/ALS_Final_Project/student/work/ex250_ex254_frontend_fp4_dot_fma_semantic_20260608_2105/ex252/verilog/ex252_semantic_u2_dot4_pairtable_qrange.v:307$6.$result[6:0]$71
      New ports: A={ $25\quant_scaled$func$/home/b10507053/ALS_Final_Project/student/work/ex250_ex254_frontend_fp4_dot_fma_semantic_20260608_2105/ex252/verilog/ex252_semantic_u2_dot4_pairtable_qrange.v:307$6.$result[6:0]$73 [1] 1'1 $25\quant_scaled$func$/home/b10507053/ALS_Final_Project/student/work/ex250_ex254_frontend_fp4_dot_fma_semantic_20260608_2105/ex252/verilog/ex252_semantic_u2_dot4_pairtable_qrange.v:307$6.$result[6:0]$73 [1:0] }, B=4'0011, Y={ $24\quant_scaled$func$/home/b10507053/ALS_Final_Project/student/work/ex250_ex254_frontend_fp4_dot_fma_semantic_20260608_2105/ex252/verilog/ex252_semantic_u2_dot4_pairtable_qrange.v:307$6.$result[6:0]$71 [5:4] $24\quant_scaled$func$/home/b10507053/ALS_Final_Project/student/work/ex250_ex254_frontend_fp4_dot_fma_semantic_20260608_2105/ex252/verilog/ex252_semantic_u2_dot4_pairtable_qrange.v:307$6.$result[6:0]$71 [1:0] }
      New connections: $24\quant_scaled$func$/home/b10507053/ALS_Final_Project/student/work/ex250_ex254_frontend_fp4_dot_fma_semantic_20260608_2105/ex252/verilog/ex252_semantic_u2_dot4_pairtable_qrange.v:307$6.$result[6:0]$71 [3:2] = { $24\quant_scaled$func$/home/b10507053/ALS_Final_Project/student/work/ex250_ex254_frontend_fp4_dot_fma_semantic_20260608_2105/ex252/verilog/ex252_semantic_u2_dot4_pairtable_qrange.v:307$6.$result[6:0]$71 [1] $24\quant_scaled$func$/home/b10507053/ALS_Final_Project/student/work/ex250_ex254_frontend_fp4_dot_fma_semantic_20260608_2105/ex252/verilog/ex252_semantic_u2_dot4_pairtable_qrange.v:307$6.$result[6:0]$71 [1] }
  Optimizing cells in module \ex252_semantic_u2_dot4_pairtable_qrange.
    Consolidated identical input bits for $mux cell $memory$auto$proc_rom.cc:155:do_switch$77$rdmux[0][4][14]$2314:
      Old ports: A=$memory$auto$proc_rom.cc:155:do_switch$77$rdmux[0][4][14]$a$2315, B=$memory$auto$proc_rom.cc:155:do_switch$77$rdmux[0][4][14]$b$2316, Y=$memory$auto$proc_rom.cc:155:do_switch$77$rdmux[0][3][7]$a$2270
      New ports: A=$memory$auto$proc_rom.cc:155:do_switch$77$rdmux[0][4][14]$a$2315 [3:0], B=$memory$auto$proc_rom.cc:155:do_switch$77$rdmux[0][4][14]$b$2316 [3:0], Y=$memory$auto$proc_rom.cc:155:do_switch$77$rdmux[0][3][7]$a$2270 [3:0]
      New connections: $memory$auto$proc_rom.cc:155:do_switch$77$rdmux[0][3][7]$a$2270 [4] = 1'0
    Consolidated identical input bits for $mux cell $memory$auto$proc_rom.cc:155:do_switch$77$rdmux[0][4][13]$2311:
      Old ports: A=$memory$auto$proc_rom.cc:155:do_switch$77$rdmux[0][4][13]$a$2312, B=$memory$auto$proc_rom.cc:155:do_switch$77$rdmux[0][4][13]$b$2313, Y=$memory$auto$proc_rom.cc:155:do_switch$77$rdmux[0][3][6]$b$2268
      New ports: A={ 1'0 $memory$auto$proc_rom.cc:155:do_switch$77$rdmux[0][4][13]$a$2312 [2:0] }, B=$memory$auto$proc_rom.cc:155:do_switch$77$rdmux[0][4][13]$b$2313 [3:0], Y=$memory$auto$proc_rom.cc:155:do_switch$77$rdmux[0][3][6]$b$2268 [3:0]
      New connections: $memory$auto$proc_rom.cc:155:do_switch$77$rdmux[0][3][6]$b$2268 [4] = 1'0
    Consolidated identical input bits for $mux cell $memory$auto$proc_rom.cc:155:do_switch$77$rdmux[0][4][11]$2305:
      Old ports: A=$memory$auto$proc_rom.cc:155:do_switch$77$rdmux[0][4][11]$a$2306, B=$memory$auto$proc_rom.cc:155:do_switch$77$rdmux[0][4][11]$b$2307, Y=$memory$auto$proc_rom.cc:155:do_switch$77$rdmux[0][3][5]$b$2265
      New ports: A=$memory$auto$proc_rom.cc:155:do_switch$77$rdmux[0][4][11]$a$2306 [3:0], B=$memory$auto$proc_rom.cc:155:do_switch$77$rdmux[0][4][11]$b$2307 [3:0], Y=$memory$auto$proc_rom.cc:155:do_switch$77$rdmux[0][3][5]$b$2265 [3:0]
      New connections: $memory$auto$proc_rom.cc:155:do_switch$77$rdmux[0][3][5]$b$2265 [4] = 1'0
    Consolidated identical input bits for $mux cell $memory$auto$proc_rom.cc:155:do_switch$77$rdmux[0][4][10]$2302:
      Old ports: A=$memory$auto$proc_rom.cc:155:do_switch$77$rdmux[0][4][10]$a$2303, B=$memory$auto$proc_rom.cc:155:do_switch$77$rdmux[0][4][10]$b$2304, Y=$memory$auto$proc_rom.cc:155:do_switch$77$rdmux[0][3][5]$a$2264
      New ports: A=$memory$auto$proc_rom.cc:155:do_switch$77$rdmux[0][4][10]$a$2303 [3:1], B=$memory$auto$proc_rom.cc:155:do_switch$77$rdmux[0][4][10]$b$2304 [3:1], Y=$memory$auto$proc_rom.cc:155:do_switch$77$rdmux[0][3][5]$a$2264 [3:1]
      New connections: { $memory$auto$proc_rom.cc:155:do_switch$77$rdmux[0][3][5]$a$2264 [4] $memory$auto$proc_rom.cc:155:do_switch$77$rdmux[0][3][5]$a$2264 [0] } = 2'00
    Consolidated identical input bits for $mux cell $memory$auto$proc_rom.cc:155:do_switch$77$rdmux[0][4][9]$2299:
      Old ports: A=$memory$auto$proc_rom.cc:155:do_switch$77$rdmux[0][4][9]$a$2300, B=$memory$auto$proc_rom.cc:155:do_switch$77$rdmux[0][4][9]$b$2301, Y=$memory$auto$proc_rom.cc:155:do_switch$77$rdmux[0][3][4]$b$2262
      New ports: A={ 1'0 $memory$auto$proc_rom.cc:155:do_switch$77$rdmux[0][4][9]$a$2300 [2:0] }, B=$memory$auto$proc_rom.cc:155:do_switch$77$rdmux[0][4][9]$b$2301 [3:0], Y=$memory$auto$proc_rom.cc:155:do_switch$77$rdmux[0][3][4]$b$2262 [3:0]
      New connections: $memory$auto$proc_rom.cc:155:do_switch$77$rdmux[0][3][4]$b$2262 [4] = 1'0
    Consolidated identical input bits for $mux cell $memory$auto$proc_rom.cc:155:do_switch$77$rdmux[0][4][7]$2293:
      Old ports: A=$memory$auto$proc_rom.cc:155:do_switch$77$rdmux[0][4][7]$a$2294, B=$memory$auto$proc_rom.cc:155:do_switch$77$rdmux[0][4][7]$b$2295, Y=$memory$auto$proc_rom.cc:155:do_switch$77$rdmux[0][3][3]$b$2259
      New ports: A=$memory$auto$proc_rom.cc:155:do_switch$77$rdmux[0][4][7]$a$2294 [3:0], B=$memory$auto$proc_rom.cc:155:do_switch$77$rdmux[0][4][7]$b$2295 [3:0], Y=$memory$auto$proc_rom.cc:155:do_switch$77$rdmux[0][3][3]$b$2259 [3:0]
      New connections: $memory$auto$proc_rom.cc:155:do_switch$77$rdmux[0][3][3]$b$2259 [4] = 1'0
    Consolidated identical input bits for $mux cell $memory$auto$proc_rom.cc:155:do_switch$77$rdmux[0][4][6]$2290:
      Old ports: A=$memory$auto$proc_rom.cc:155:do_switch$77$rdmux[0][4][6]$a$2291, B=$memory$auto$proc_rom.cc:155:do_switch$77$rdmux[0][4][6]$b$2292, Y=$memory$auto$proc_rom.cc:155:do_switch$77$rdmux[0][3][3]$a$2258
      New ports: A={ 1'0 $memory$auto$proc_rom.cc:155:do_switch$77$rdmux[0][4][6]$a$2291 [2:0] }, B=$memory$auto$proc_rom.cc:155:do_switch$77$rdmux[0][4][6]$b$2292 [3:0], Y=$memory$auto$proc_rom.cc:155:do_switch$77$rdmux[0][3][3]$a$2258 [3:0]
      New connections: $memory$auto$proc_rom.cc:155:do_switch$77$rdmux[0][3][3]$a$2258 [4] = 1'0
    Consolidated identical input bits for $mux cell $memory$auto$proc_rom.cc:155:do_switch$77$rdmux[0][4][5]$2287:
      Old ports: A=$memory$auto$proc_rom.cc:155:do_switch$77$rdmux[0][4][5]$a$2288, B=$memory$auto$proc_rom.cc:155:do_switch$77$rdmux[0][4][5]$b$2289, Y=$memory$auto$proc_rom.cc:155:do_switch$77$rdmux[0][3][2]$b$2256
      New ports: A=$memory$auto$proc_rom.cc:155:do_switch$77$rdmux[0][4][5]$a$2288 [2:0], B=$memory$auto$proc_rom.cc:155:do_switch$77$rdmux[0][4][5]$b$2289 [2:0], Y=$memory$auto$proc_rom.cc:155:do_switch$77$rdmux[0][3][2]$b$2256 [2:0]
      New connections: $memory$auto$proc_rom.cc:155:do_switch$77$rdmux[0][3][2]$b$2256 [4:3] = 2'00
    Consolidated identical input bits for $mux cell $memory$auto$proc_rom.cc:155:do_switch$77$rdmux[0][4][3]$2281:
      Old ports: A=$memory$auto$proc_rom.cc:155:do_switch$77$rdmux[0][4][3]$a$2282, B=$memory$auto$proc_rom.cc:155:do_switch$77$rdmux[0][4][3]$b$2283, Y=$memory$auto$proc_rom.cc:155:do_switch$77$rdmux[0][3][1]$b$2253
      New ports: A=$memory$auto$proc_rom.cc:155:do_switch$77$rdmux[0][4][3]$a$2282 [3:0], B=$memory$auto$proc_rom.cc:155:do_switch$77$rdmux[0][4][3]$b$2283 [3:0], Y=$memory$auto$proc_rom.cc:155:do_switch$77$rdmux[0][3][1]$b$2253 [3:0]
      New connections: $memory$auto$proc_rom.cc:155:do_switch$77$rdmux[0][3][1]$b$2253 [4] = 1'0
    Consolidated identical input bits for $mux cell $memory$auto$proc_rom.cc:155:do_switch$77$rdmux[0][4][2]$2278:
      Old ports: A=$memory$auto$proc_rom.cc:155:do_switch$77$rdmux[0][4][2]$a$2279, B=$memory$auto$proc_rom.cc:155:do_switch$77$rdmux[0][4][2]$b$2280, Y=$memory$auto$proc_rom.cc:155:do_switch$77$rdmux[0][3][1]$a$2252
      New ports: A=$memory$auto$proc_rom.cc:155:do_switch$77$rdmux[0][4][2]$a$2279 [2:1], B=$memory$auto$proc_rom.cc:155:do_switch$77$rdmux[0][4][2]$b$2280 [2:1], Y=$memory$auto$proc_rom.cc:155:do_switch$77$rdmux[0][3][1]$a$2252 [2:1]
      New connections: { $memory$auto$proc_rom.cc:155:do_switch$77$rdmux[0][3][1]$a$2252 [4:3] $memory$auto$proc_rom.cc:155:do_switch$77$rdmux[0][3][1]$a$2252 [0] } = 3'000
    Consolidated identical input bits for $mux cell $memory$auto$proc_rom.cc:155:do_switch$77$rdmux[0][4][1]$2275:
      Old ports: A=$memory$auto$proc_rom.cc:155:do_switch$77$rdmux[0][4][1]$a$2276, B=$memory$auto$proc_rom.cc:155:do_switch$77$rdmux[0][4][1]$b$2277, Y=$memory$auto$proc_rom.cc:155:do_switch$77$rdmux[0][3][0]$b$2250
      New ports: A=$memory$auto$proc_rom.cc:155:do_switch$77$rdmux[0][4][1]$a$2276 [1:0], B=$memory$auto$proc_rom.cc:155:do_switch$77$rdmux[0][4][1]$b$2277 [1:0], Y=$memory$auto$proc_rom.cc:155:do_switch$77$rdmux[0][3][0]$b$2250 [1:0]
      New connections: $memory$auto$proc_rom.cc:155:do_switch$77$rdmux[0][3][0]$b$2250 [4:2] = 3'000
    Consolidated identical input bits for $mux cell $memory$auto$proc_rom.cc:155:do_switch$81$rdmux[0][4][14]$1549:
      Old ports: A=$memory$auto$proc_rom.cc:155:do_switch$81$rdmux[0][4][14]$a$1550, B=$memory$auto$proc_rom.cc:155:do_switch$81$rdmux[0][4][14]$b$1551, Y=$memory$auto$proc_rom.cc:155:do_switch$81$rdmux[0][3][7]$a$1505
      New ports: A=$memory$auto$proc_rom.cc:155:do_switch$81$rdmux[0][4][14]$a$1550 [3:0], B=$memory$auto$proc_rom.cc:155:do_switch$81$rdmux[0][4][14]$b$1551 [3:0], Y=$memory$auto$proc_rom.cc:155:do_switch$81$rdmux[0][3][7]$a$1505 [3:0]
      New connections: $memory$auto$proc_rom.cc:155:do_switch$81$rdmux[0][3][7]$a$1505 [4] = 1'0
    Consolidated identical input bits for $mux cell $memory$auto$proc_rom.cc:155:do_switch$81$rdmux[0][4][13]$1546:
      Old ports: A=$memory$auto$proc_rom.cc:155:do_switch$81$rdmux[0][4][13]$a$1547, B=$memory$auto$proc_rom.cc:155:do_switch$81$rdmux[0][4][13]$b$1548, Y=$memory$auto$proc_rom.cc:155:do_switch$81$rdmux[0][3][6]$b$1503
      New ports: A={ 1'0 $memory$auto$proc_rom.cc:155:do_switch$81$rdmux[0][4][13]$a$1547 [2:0] }, B=$memory$auto$proc_rom.cc:155:do_switch$81$rdmux[0][4][13]$b$1548 [3:0], Y=$memory$auto$proc_rom.cc:155:do_switch$81$rdmux[0][3][6]$b$1503 [3:0]
      New connections: $memory$auto$proc_rom.cc:155:do_switch$81$rdmux[0][3][6]$b$1503 [4] = 1'0
    Consolidated identical input bits for $mux cell $memory$auto$proc_rom.cc:155:do_switch$81$rdmux[0][4][11]$1540:
      Old ports: A=$memory$auto$proc_rom.cc:155:do_switch$81$rdmux[0][4][11]$a$1541, B=$memory$auto$proc_rom.cc:155:do_switch$81$rdmux[0][4][11]$b$1542, Y=$memory$auto$proc_rom.cc:155:do_switch$81$rdmux[0][3][5]$b$1500
      New ports: A=$memory$auto$proc_rom.cc:155:do_switch$81$rdmux[0][4][11]$a$1541 [3:0], B=$memory$auto$proc_rom.cc:155:do_switch$81$rdmux[0][4][11]$b$1542 [3:0], Y=$memory$auto$proc_rom.cc:155:do_switch$81$rdmux[0][3][5]$b$1500 [3:0]
      New connections: $memory$auto$proc_rom.cc:155:do_switch$81$rdmux[0][3][5]$b$1500 [4] = 1'0
    Consolidated identical input bits for $mux cell $memory$auto$proc_rom.cc:155:do_switch$81$rdmux[0][4][10]$1537:
      Old ports: A=$memory$auto$proc_rom.cc:155:do_switch$81$rdmux[0][4][10]$a$1538, B=$memory$auto$proc_rom.cc:155:do_switch$81$rdmux[0][4][10]$b$1539, Y=$memory$auto$proc_rom.cc:155:do_switch$81$rdmux[0][3][5]$a$1499
      New ports: A=$memory$auto$proc_rom.cc:155:do_switch$81$rdmux[0][4][10]$a$1538 [3:1], B=$memory$auto$proc_rom.cc:155:do_switch$81$rdmux[0][4][10]$b$1539 [3:1], Y=$memory$auto$proc_rom.cc:155:do_switch$81$rdmux[0][3][5]$a$1499 [3:1]
      New connections: { $memory$auto$proc_rom.cc:155:do_switch$81$rdmux[0][3][5]$a$1499 [4] $memory$auto$proc_rom.cc:155:do_switch$81$rdmux[0][3][5]$a$1499 [0] } = 2'00
    Consolidated identical input bits for $mux cell $memory$auto$proc_rom.cc:155:do_switch$81$rdmux[0][4][9]$1534:
      Old ports: A=$memory$auto$proc_rom.cc:155:do_switch$81$rdmux[0][4][9]$a$1535, B=$memory$auto$proc_rom.cc:155:do_switch$81$rdmux[0][4][9]$b$1536, Y=$memory$auto$proc_rom.cc:155:do_switch$81$rdmux[0][3][4]$b$1497
      New ports: A={ 1'0 $memory$auto$proc_rom.cc:155:do_switch$81$rdmux[0][4][9]$a$1535 [2:0] }, B=$memory$auto$proc_rom.cc:155:do_switch$81$rdmux[0][4][9]$b$1536 [3:0], Y=$memory$auto$proc_rom.cc:155:do_switch$81$rdmux[0][3][4]$b$1497 [3:0]
      New connections: $memory$auto$proc_rom.cc:155:do_switch$81$rdmux[0][3][4]$b$1497 [4] = 1'0
    Consolidated identical input bits for $mux cell $memory$auto$proc_rom.cc:155:do_switch$81$rdmux[0][4][7]$1528:
      Old ports: A=$memory$auto$proc_rom.cc:155:do_switch$81$rdmux[0][4][7]$a$1529, B=$memory$auto$proc_rom.cc:155:do_switch$81$rdmux[0][4][7]$b$1530, Y=$memory$auto$proc_rom.cc:155:do_switch$81$rdmux[0][3][3]$b$1494
      New ports: A=$memory$auto$proc_rom.cc:155:do_switch$81$rdmux[0][4][7]$a$1529 [3:0], B=$memory$auto$proc_rom.cc:155:do_switch$81$rdmux[0][4][7]$b$1530 [3:0], Y=$memory$auto$proc_rom.cc:155:do_switch$81$rdmux[0][3][3]$b$1494 [3:0]
      New connections: $memory$auto$proc_rom.cc:155:do_switch$81$rdmux[0][3][3]$b$1494 [4] = 1'0
    Consolidated identical input bits for $mux cell $memory$auto$proc_rom.cc:155:do_switch$81$rdmux[0][4][6]$1525:
      Old ports: A=$memory$auto$proc_rom.cc:155:do_switch$81$rdmux[0][4][6]$a$1526, B=$memory$auto$proc_rom.cc:155:do_switch$81$rdmux[0][4][6]$b$1527, Y=$memory$auto$proc_rom.cc:155:do_switch$81$rdmux[0][3][3]$a$1493
      New ports: A={ 1'0 $memory$auto$proc_rom.cc:155:do_switch$81$rdmux[0][4][6]$a$1526 [2:0] }, B=$memory$auto$proc_rom.cc:155:do_switch$81$rdmux[0][4][6]$b$1527 [3:0], Y=$memory$auto$proc_rom.cc:155:do_switch$81$rdmux[0][3][3]$a$1493 [3:0]
      New connections: $memory$auto$proc_rom.cc:155:do_switch$81$rdmux[0][3][3]$a$1493 [4] = 1'0
    Consolidated identical input bits for $mux cell $memory$auto$proc_rom.cc:155:do_switch$81$rdmux[0][4][5]$1522:
      Old ports: A=$memory$auto$proc_rom.cc:155:do_switch$81$rdmux[0][4][5]$a$1523, B=$memory$auto$proc_rom.cc:155:do_switch$81$rdmux[0][4][5]$b$1524, Y=$memory$auto$proc_rom.cc:155:do_switch$81$rdmux[0][3][2]$b$1491
      New ports: A=$memory$auto$proc_rom.cc:155:do_switch$81$rdmux[0][4][5]$a$1523 [2:0], B=$memory$auto$proc_rom.cc:155:do_switch$81$rdmux[0][4][5]$b$1524 [2:0], Y=$memory$auto$proc_rom.cc:155:do_switch$81$rdmux[0][3][2]$b$1491 [2:0]
      New connections: $memory$auto$proc_rom.cc:155:do_switch$81$rdmux[0][3][2]$b$1491 [4:3] = 2'00
    Consolidated identical input bits for $mux cell $memory$auto$proc_rom.cc:155:do_switch$81$rdmux[0][4][3]$1516:
      Old ports: A=$memory$auto$proc_rom.cc:155:do_switch$81$rdmux[0][4][3]$a$1517, B=$memory$auto$proc_rom.cc:155:do_switch$81$rdmux[0][4][3]$b$1518, Y=$memory$auto$proc_rom.cc:155:do_switch$81$rdmux[0][3][1]$b$1488
      New ports: A=$memory$auto$proc_rom.cc:155:do_switch$81$rdmux[0][4][3]$a$1517 [3:0], B=$memory$auto$proc_rom.cc:155:do_switch$81$rdmux[0][4][3]$b$1518 [3:0], Y=$memory$auto$proc_rom.cc:155:do_switch$81$rdmux[0][3][1]$b$1488 [3:0]
      New connections: $memory$auto$proc_rom.cc:155:do_switch$81$rdmux[0][3][1]$b$1488 [4] = 1'0
    Consolidated identical input bits for $mux cell $memory$auto$proc_rom.cc:155:do_switch$81$rdmux[0][4][2]$1513:
      Old ports: A=$memory$auto$proc_rom.cc:155:do_switch$81$rdmux[0][4][2]$a$1514, B=$memory$auto$proc_rom.cc:155:do_switch$81$rdmux[0][4][2]$b$1515, Y=$memory$auto$proc_rom.cc:155:do_switch$81$rdmux[0][3][1]$a$1487
      New ports: A=$memory$auto$proc_rom.cc:155:do_switch$81$rdmux[0][4][2]$a$1514 [2:1], B=$memory$auto$proc_rom.cc:155:do_switch$81$rdmux[0][4][2]$b$1515 [2:1], Y=$memory$auto$proc_rom.cc:155:do_switch$81$rdmux[0][3][1]$a$1487 [2:1]
      New connections: { $memory$auto$proc_rom.cc:155:do_switch$81$rdmux[0][3][1]$a$1487 [4:3] $memory$auto$proc_rom.cc:155:do_switch$81$rdmux[0][3][1]$a$1487 [0] } = 3'000
    Consolidated identical input bits for $mux cell $memory$auto$proc_rom.cc:155:do_switch$81$rdmux[0][4][1]$1510:
      Old ports: A=$memory$auto$proc_rom.cc:155:do_switch$81$rdmux[0][4][1]$a$1511, B=$memory$auto$proc_rom.cc:155:do_switch$81$rdmux[0][4][1]$b$1512, Y=$memory$auto$proc_rom.cc:155:do_switch$81$rdmux[0][3][0]$b$1485
      New ports: A=$memory$auto$proc_rom.cc:155:do_switch$81$rdmux[0][4][1]$a$1511 [1:0], B=$memory$auto$proc_rom.cc:155:do_switch$81$rdmux[0][4][1]$b$1512 [1:0], Y=$memory$auto$proc_rom.cc:155:do_switch$81$rdmux[0][3][0]$b$1485 [1:0]
      New connections: $memory$auto$proc_rom.cc:155:do_switch$81$rdmux[0][3][0]$b$1485 [4:2] = 3'000
    Consolidated identical input bits for $mux cell $procmux$310:
      Old ports: A=$24\quant_scaled$func$/home/b10507053/ALS_Final_Project/student/work/ex250_ex254_frontend_fp4_dot_fma_semantic_20260608_2105/ex252/verilog/ex252_semantic_u2_dot4_pairtable_qrange.v:307$6.$result[6:0]$71, B=6'001110, Y=$23\quant_scaled$func$/home/b10507053/ALS_Final_Project/student/work/ex250_ex254_frontend_fp4_dot_fma_semantic_20260608_2105/ex252/verilog/ex252_semantic_u2_dot4_pairtable_qrange.v:307$6.$result[6:0]$69
      New ports: A={ $24\quant_scaled$func$/home/b10507053/ALS_Final_Project/student/work/ex250_ex254_frontend_fp4_dot_fma_semantic_20260608_2105/ex252/verilog/ex252_semantic_u2_dot4_pairtable_qrange.v:307$6.$result[6:0]$71 [5:4] $24\quant_scaled$func$/home/b10507053/ALS_Final_Project/student/work/ex250_ex254_frontend_fp4_dot_fma_semantic_20260608_2105/ex252/verilog/ex252_semantic_u2_dot4_pairtable_qrange.v:307$6.$result[6:0]$71 [1:0] }, B=4'0010, Y={ $23\quant_scaled$func$/home/b10507053/ALS_Final_Project/student/work/ex250_ex254_frontend_fp4_dot_fma_semantic_20260608_2105/ex252/verilog/ex252_semantic_u2_dot4_pairtable_qrange.v:307$6.$result[6:0]$69 [5:4] $23\quant_scaled$func$/home/b10507053/ALS_Final_Project/student/work/ex250_ex254_frontend_fp4_dot_fma_semantic_20260608_2105/ex252/verilog/ex252_semantic_u2_dot4_pairtable_qrange.v:307$6.$result[6:0]$69 [1:0] }
      New connections: $23\quant_scaled$func$/home/b10507053/ALS_Final_Project/student/work/ex250_ex254_frontend_fp4_dot_fma_semantic_20260608_2105/ex252/verilog/ex252_semantic_u2_dot4_pairtable_qrange.v:307$6.$result[6:0]$69 [3:2] = { $23\quant_scaled$func$/home/b10507053/ALS_Final_Project/student/work/ex250_ex254_frontend_fp4_dot_fma_semantic_20260608_2105/ex252/verilog/ex252_semantic_u2_dot4_pairtable_qrange.v:307$6.$result[6:0]$69 [1] $23\quant_scaled$func$/home/b10507053/ALS_Final_Project/student/work/ex250_ex254_frontend_fp4_dot_fma_semantic_20260608_2105/ex252/verilog/ex252_semantic_u2_dot4_pairtable_qrange.v:307$6.$result[6:0]$69 [1] }
  Optimizing cells in module \ex252_semantic_u2_dot4_pairtable_qrange.
    Consolidated identical input bits for $mux cell $memory$auto$proc_rom.cc:155:do_switch$77$rdmux[0][3][6]$2266:
      Old ports: A=$memory$auto$proc_rom.cc:155:do_switch$77$rdmux[0][3][6]$a$2267, B=$memory$auto$proc_rom.cc:155:do_switch$77$rdmux[0][3][6]$b$2268, Y=$memory$auto$proc_rom.cc:155:do_switch$77$rdmux[0][2][3]$a$2246
      New ports: A=$memory$auto$proc_rom.cc:155:do_switch$77$rdmux[0][3][6]$a$2267 [3:0], B=$memory$auto$proc_rom.cc:155:do_switch$77$rdmux[0][3][6]$b$2268 [3:0], Y=$memory$auto$proc_rom.cc:155:do_switch$77$rdmux[0][2][3]$a$2246 [3:0]
      New connections: $memory$auto$proc_rom.cc:155:do_switch$77$rdmux[0][2][3]$a$2246 [4] = 1'0
    Consolidated identical input bits for $mux cell $memory$auto$proc_rom.cc:155:do_switch$77$rdmux[0][3][5]$2263:
      Old ports: A=$memory$auto$proc_rom.cc:155:do_switch$77$rdmux[0][3][5]$a$2264, B=$memory$auto$proc_rom.cc:155:do_switch$77$rdmux[0][3][5]$b$2265, Y=$memory$auto$proc_rom.cc:155:do_switch$77$rdmux[0][2][2]$b$2244
      New ports: A={ $memory$auto$proc_rom.cc:155:do_switch$77$rdmux[0][3][5]$a$2264 [3:1] 1'0 }, B=$memory$auto$proc_rom.cc:155:do_switch$77$rdmux[0][3][5]$b$2265 [3:0], Y=$memory$auto$proc_rom.cc:155:do_switch$77$rdmux[0][2][2]$b$2244 [3:0]
      New connections: $memory$auto$proc_rom.cc:155:do_switch$77$rdmux[0][2][2]$b$2244 [4] = 1'0
    Consolidated identical input bits for $mux cell $memory$auto$proc_rom.cc:155:do_switch$77$rdmux[0][3][4]$2260:
      Old ports: A=$memory$auto$proc_rom.cc:155:do_switch$77$rdmux[0][3][4]$a$2261, B=$memory$auto$proc_rom.cc:155:do_switch$77$rdmux[0][3][4]$b$2262, Y=$memory$auto$proc_rom.cc:155:do_switch$77$rdmux[0][2][2]$a$2243
      New ports: A={ 1'0 $memory$auto$proc_rom.cc:155:do_switch$77$rdmux[0][3][4]$a$2261 [2:1] 1'0 }, B=$memory$auto$proc_rom.cc:155:do_switch$77$rdmux[0][3][4]$b$2262 [3:0], Y=$memory$auto$proc_rom.cc:155:do_switch$77$rdmux[0][2][2]$a$2243 [3:0]
      New connections: $memory$auto$proc_rom.cc:155:do_switch$77$rdmux[0][2][2]$a$2243 [4] = 1'0
    Consolidated identical input bits for $mux cell $memory$auto$proc_rom.cc:155:do_switch$77$rdmux[0][3][3]$2257:
      Old ports: A=$memory$auto$proc_rom.cc:155:do_switch$77$rdmux[0][3][3]$a$2258, B=$memory$auto$proc_rom.cc:155:do_switch$77$rdmux[0][3][3]$b$2259, Y=$memory$auto$proc_rom.cc:155:do_switch$77$rdmux[0][2][1]$b$2241
      New ports: A=$memory$auto$proc_rom.cc:155:do_switch$77$rdmux[0][3][3]$a$2258 [3:0], B=$memory$auto$proc_rom.cc:155:do_switch$77$rdmux[0][3][3]$b$2259 [3:0], Y=$memory$auto$proc_rom.cc:155:do_switch$77$rdmux[0][2][1]$b$2241 [3:0]
      New connections: $memory$auto$proc_rom.cc:155:do_switch$77$rdmux[0][2][1]$b$2241 [4] = 1'0
    Consolidated identical input bits for $mux cell $memory$auto$proc_rom.cc:155:do_switch$77$rdmux[0][3][2]$2254:
      Old ports: A=$memory$auto$proc_rom.cc:155:do_switch$77$rdmux[0][3][2]$a$2255, B=$memory$auto$proc_rom.cc:155:do_switch$77$rdmux[0][3][2]$b$2256, Y=$memory$auto$proc_rom.cc:155:do_switch$77$rdmux[0][2][1]$a$2240
      New ports: A={ 1'0 $memory$auto$proc_rom.cc:155:do_switch$77$rdmux[0][3][2]$a$2255 [1:0] }, B=$memory$auto$proc_rom.cc:155:do_switch$77$rdmux[0][3][2]$b$2256 [2:0], Y=$memory$auto$proc_rom.cc:155:do_switch$77$rdmux[0][2][1]$a$2240 [2:0]
      New connections: $memory$auto$proc_rom.cc:155:do_switch$77$rdmux[0][2][1]$a$2240 [4:3] = 2'00
    Consolidated identical input bits for $mux cell $memory$auto$proc_rom.cc:155:do_switch$77$rdmux[0][3][1]$2251:
      Old ports: A=$memory$auto$proc_rom.cc:155:do_switch$77$rdmux[0][3][1]$a$2252, B=$memory$auto$proc_rom.cc:155:do_switch$77$rdmux[0][3][1]$b$2253, Y=$memory$auto$proc_rom.cc:155:do_switch$77$rdmux[0][2][0]$b$2238
      New ports: A={ 1'0 $memory$auto$proc_rom.cc:155:do_switch$77$rdmux[0][3][1]$a$2252 [2:1] 1'0 }, B=$memory$auto$proc_rom.cc:155:do_switch$77$rdmux[0][3][1]$b$2253 [3:0], Y=$memory$auto$proc_rom.cc:155:do_switch$77$rdmux[0][2][0]$b$2238 [3:0]
      New connections: $memory$auto$proc_rom.cc:155:do_switch$77$rdmux[0][2][0]$b$2238 [4] = 1'0
    Consolidated identical input bits for $mux cell $memory$auto$proc_rom.cc:155:do_switch$77$rdmux[0][3][0]$2248:
      Old ports: A=5'00000, B=$memory$auto$proc_rom.cc:155:do_switch$77$rdmux[0][3][0]$b$2250, Y=$memory$auto$proc_rom.cc:155:do_switch$77$rdmux[0][2][0]$a$2237
      New ports: A=2'00, B=$memory$auto$proc_rom.cc:155:do_switch$77$rdmux[0][3][0]$b$2250 [1:0], Y=$memory$auto$proc_rom.cc:155:do_switch$77$rdmux[0][2][0]$a$2237 [1:0]
      New connections: $memory$auto$proc_rom.cc:155:do_switch$77$rdmux[0][2][0]$a$2237 [4:2] = 3'000
    Consolidated identical input bits for $mux cell $memory$auto$proc_rom.cc:155:do_switch$81$rdmux[0][3][6]$1501:
      Old ports: A=$memory$auto$proc_rom.cc:155:do_switch$81$rdmux[0][3][6]$a$1502, B=$memory$auto$proc_rom.cc:155:do_switch$81$rdmux[0][3][6]$b$1503, Y=$memory$auto$proc_rom.cc:155:do_switch$81$rdmux[0][2][3]$a$1481
      New ports: A=$memory$auto$proc_rom.cc:155:do_switch$81$rdmux[0][3][6]$a$1502 [3:0], B=$memory$auto$proc_rom.cc:155:do_switch$81$rdmux[0][3][6]$b$1503 [3:0], Y=$memory$auto$proc_rom.cc:155:do_switch$81$rdmux[0][2][3]$a$1481 [3:0]
      New connections: $memory$auto$proc_rom.cc:155:do_switch$81$rdmux[0][2][3]$a$1481 [4] = 1'0
    Consolidated identical input bits for $mux cell $memory$auto$proc_rom.cc:155:do_switch$81$rdmux[0][3][5]$1498:
      Old ports: A=$memory$auto$proc_rom.cc:155:do_switch$81$rdmux[0][3][5]$a$1499, B=$memory$auto$proc_rom.cc:155:do_switch$81$rdmux[0][3][5]$b$1500, Y=$memory$auto$proc_rom.cc:155:do_switch$81$rdmux[0][2][2]$b$1479
      New ports: A={ $memory$auto$proc_rom.cc:155:do_switch$81$rdmux[0][3][5]$a$1499 [3:1] 1'0 }, B=$memory$auto$proc_rom.cc:155:do_switch$81$rdmux[0][3][5]$b$1500 [3:0], Y=$memory$auto$proc_rom.cc:155:do_switch$81$rdmux[0][2][2]$b$1479 [3:0]
      New connections: $memory$auto$proc_rom.cc:155:do_switch$81$rdmux[0][2][2]$b$1479 [4] = 1'0
    Consolidated identical input bits for $mux cell $memory$auto$proc_rom.cc:155:do_switch$81$rdmux[0][3][4]$1495:
      Old ports: A=$memory$auto$proc_rom.cc:155:do_switch$81$rdmux[0][3][4]$a$1496, B=$memory$auto$proc_rom.cc:155:do_switch$81$rdmux[0][3][4]$b$1497, Y=$memory$auto$proc_rom.cc:155:do_switch$81$rdmux[0][2][2]$a$1478
      New ports: A={ 1'0 $memory$auto$proc_rom.cc:155:do_switch$81$rdmux[0][3][4]$a$1496 [2:1] 1'0 }, B=$memory$auto$proc_rom.cc:155:do_switch$81$rdmux[0][3][4]$b$1497 [3:0], Y=$memory$auto$proc_rom.cc:155:do_switch$81$rdmux[0][2][2]$a$1478 [3:0]
      New connections: $memory$auto$proc_rom.cc:155:do_switch$81$rdmux[0][2][2]$a$1478 [4] = 1'0
    Consolidated identical input bits for $mux cell $memory$auto$proc_rom.cc:155:do_switch$81$rdmux[0][3][3]$1492:
      Old ports: A=$memory$auto$proc_rom.cc:155:do_switch$81$rdmux[0][3][3]$a$1493, B=$memory$auto$proc_rom.cc:155:do_switch$81$rdmux[0][3][3]$b$1494, Y=$memory$auto$proc_rom.cc:155:do_switch$81$rdmux[0][2][1]$b$1476
      New ports: A=$memory$auto$proc_rom.cc:155:do_switch$81$rdmux[0][3][3]$a$1493 [3:0], B=$memory$auto$proc_rom.cc:155:do_switch$81$rdmux[0][3][3]$b$1494 [3:0], Y=$memory$auto$proc_rom.cc:155:do_switch$81$rdmux[0][2][1]$b$1476 [3:0]
      New connections: $memory$auto$proc_rom.cc:155:do_switch$81$rdmux[0][2][1]$b$1476 [4] = 1'0
    Consolidated identical input bits for $mux cell $memory$auto$proc_rom.cc:155:do_switch$81$rdmux[0][3][2]$1489:
      Old ports: A=$memory$auto$proc_rom.cc:155:do_switch$81$rdmux[0][3][2]$a$1490, B=$memory$auto$proc_rom.cc:155:do_switch$81$rdmux[0][3][2]$b$1491, Y=$memory$auto$proc_rom.cc:155:do_switch$81$rdmux[0][2][1]$a$1475
      New ports: A={ 1'0 $memory$auto$proc_rom.cc:155:do_switch$81$rdmux[0][3][2]$a$1490 [1:0] }, B=$memory$auto$proc_rom.cc:155:do_switch$81$rdmux[0][3][2]$b$1491 [2:0], Y=$memory$auto$proc_rom.cc:155:do_switch$81$rdmux[0][2][1]$a$1475 [2:0]
      New connections: $memory$auto$proc_rom.cc:155:do_switch$81$rdmux[0][2][1]$a$1475 [4:3] = 2'00
    Consolidated identical input bits for $mux cell $memory$auto$proc_rom.cc:155:do_switch$81$rdmux[0][3][1]$1486:
      Old ports: A=$memory$auto$proc_rom.cc:155:do_switch$81$rdmux[0][3][1]$a$1487, B=$memory$auto$proc_rom.cc:155:do_switch$81$rdmux[0][3][1]$b$1488, Y=$memory$auto$proc_rom.cc:155:do_switch$81$rdmux[0][2][0]$b$1473
      New ports: A={ 1'0 $memory$auto$proc_rom.cc:155:do_switch$81$rdmux[0][3][1]$a$1487 [2:1] 1'0 }, B=$memory$auto$proc_rom.cc:155:do_switch$81$rdmux[0][3][1]$b$1488 [3:0], Y=$memory$auto$proc_rom.cc:155:do_switch$81$rdmux[0][2][0]$b$1473 [3:0]
      New connections: $memory$auto$proc_rom.cc:155:do_switch$81$rdmux[0][2][0]$b$1473 [4] = 1'0
    Consolidated identical input bits for $mux cell $memory$auto$proc_rom.cc:155:do_switch$81$rdmux[0][3][0]$1483:
      Old ports: A=5'00000, B=$memory$auto$proc_rom.cc:155:do_switch$81$rdmux[0][3][0]$b$1485, Y=$memory$auto$proc_rom.cc:155:do_switch$81$rdmux[0][2][0]$a$1472
      New ports: A=2'00, B=$memory$auto$proc_rom.cc:155:do_switch$81$rdmux[0][3][0]$b$1485 [1:0], Y=$memory$auto$proc_rom.cc:155:do_switch$81$rdmux[0][2][0]$a$1472 [1:0]
      New connections: $memory$auto$proc_rom.cc:155:do_switch$81$rdmux[0][2][0]$a$1472 [4:2] = 3'000
    Consolidated identical input bits for $mux cell $procmux$379:
      Old ports: A=$23\quant_scaled$func$/home/b10507053/ALS_Final_Project/student/work/ex250_ex254_frontend_fp4_dot_fma_semantic_20260608_2105/ex252/verilog/ex252_semantic_u2_dot4_pairtable_qrange.v:307$6.$result[6:0]$69, B=6'001101, Y=$22\quant_scaled$func$/home/b10507053/ALS_Final_Project/student/work/ex250_ex254_frontend_fp4_dot_fma_semantic_20260608_2105/ex252/verilog/ex252_semantic_u2_dot4_pairtable_qrange.v:307$6.$result[6:0]$67
      New ports: A={ $23\quant_scaled$func$/home/b10507053/ALS_Final_Project/student/work/ex250_ex254_frontend_fp4_dot_fma_semantic_20260608_2105/ex252/verilog/ex252_semantic_u2_dot4_pairtable_qrange.v:307$6.$result[6:0]$69 [5:4] $23\quant_scaled$func$/home/b10507053/ALS_Final_Project/student/work/ex250_ex254_frontend_fp4_dot_fma_semantic_20260608_2105/ex252/verilog/ex252_semantic_u2_dot4_pairtable_qrange.v:307$6.$result[6:0]$69 [1] $23\quant_scaled$func$/home/b10507053/ALS_Final_Project/student/work/ex250_ex254_frontend_fp4_dot_fma_semantic_20260608_2105/ex252/verilog/ex252_semantic_u2_dot4_pairtable_qrange.v:307$6.$result[6:0]$69 [1:0] }, B=5'00101, Y={ $22\quant_scaled$func$/home/b10507053/ALS_Final_Project/student/work/ex250_ex254_frontend_fp4_dot_fma_semantic_20260608_2105/ex252/verilog/ex252_semantic_u2_dot4_pairtable_qrange.v:307$6.$result[6:0]$67 [5:4] $22\quant_scaled$func$/home/b10507053/ALS_Final_Project/student/work/ex250_ex254_frontend_fp4_dot_fma_semantic_20260608_2105/ex252/verilog/ex252_semantic_u2_dot4_pairtable_qrange.v:307$6.$result[6:0]$67 [2:0] }
      New connections: $22\quant_scaled$func$/home/b10507053/ALS_Final_Project/student/work/ex250_ex254_frontend_fp4_dot_fma_semantic_20260608_2105/ex252/verilog/ex252_semantic_u2_dot4_pairtable_qrange.v:307$6.$result[6:0]$67 [3] = $22\quant_scaled$func$/home/b10507053/ALS_Final_Project/student/work/ex250_ex254_frontend_fp4_dot_fma_semantic_20260608_2105/ex252/verilog/ex252_semantic_u2_dot4_pairtable_qrange.v:307$6.$result[6:0]$67 [2]
  Optimizing cells in module \ex252_semantic_u2_dot4_pairtable_qrange.
    Consolidated identical input bits for $mux cell $memory$auto$proc_rom.cc:155:do_switch$77$rdmux[0][2][2]$2242:
      Old ports: A=$memory$auto$proc_rom.cc:155:do_switch$77$rdmux[0][2][2]$a$2243, B=$memory$auto$proc_rom.cc:155:do_switch$77$rdmux[0][2][2]$b$2244, Y=$memory$auto$proc_rom.cc:155:do_switch$77$rdmux[0][1][1]$a$2234
      New ports: A=$memory$auto$proc_rom.cc:155:do_switch$77$rdmux[0][2][2]$a$2243 [3:0], B=$memory$auto$proc_rom.cc:155:do_switch$77$rdmux[0][2][2]$b$2244 [3:0], Y=$memory$auto$proc_rom.cc:155:do_switch$77$rdmux[0][1][1]$a$2234 [3:0]
      New connections: $memory$auto$proc_rom.cc:155:do_switch$77$rdmux[0][1][1]$a$2234 [4] = 1'0
    Consolidated identical input bits for $mux cell $memory$auto$proc_rom.cc:155:do_switch$77$rdmux[0][2][1]$2239:
      Old ports: A=$memory$auto$proc_rom.cc:155:do_switch$77$rdmux[0][2][1]$a$2240, B=$memory$auto$proc_rom.cc:155:do_switch$77$rdmux[0][2][1]$b$2241, Y=$memory$auto$proc_rom.cc:155:do_switch$77$rdmux[0][1][0]$b$2232
      New ports: A={ 1'0 $memory$auto$proc_rom.cc:155:do_switch$77$rdmux[0][2][1]$a$2240 [2:0] }, B=$memory$auto$proc_rom.cc:155:do_switch$77$rdmux[0][2][1]$b$2241 [3:0], Y=$memory$auto$proc_rom.cc:155:do_switch$77$rdmux[0][1][0]$b$2232 [3:0]
      New connections: $memory$auto$proc_rom.cc:155:do_switch$77$rdmux[0][1][0]$b$2232 [4] = 1'0
    Consolidated identical input bits for $mux cell $memory$auto$proc_rom.cc:155:do_switch$77$rdmux[0][2][0]$2236:
      Old ports: A=$memory$auto$proc_rom.cc:155:do_switch$77$rdmux[0][2][0]$a$2237, B=$memory$auto$proc_rom.cc:155:do_switch$77$rdmux[0][2][0]$b$2238, Y=$memory$auto$proc_rom.cc:155:do_switch$77$rdmux[0][1][0]$a$2231
      New ports: A={ 2'00 $memory$auto$proc_rom.cc:155:do_switch$77$rdmux[0][2][0]$a$2237 [1:0] }, B=$memory$auto$proc_rom.cc:155:do_switch$77$rdmux[0][2][0]$b$2238 [3:0], Y=$memory$auto$proc_rom.cc:155:do_switch$77$rdmux[0][1][0]$a$2231 [3:0]
      New connections: $memory$auto$proc_rom.cc:155:do_switch$77$rdmux[0][1][0]$a$2231 [4] = 1'0
    Consolidated identical input bits for $mux cell $memory$auto$proc_rom.cc:155:do_switch$81$rdmux[0][2][2]$1477:
      Old ports: A=$memory$auto$proc_rom.cc:155:do_switch$81$rdmux[0][2][2]$a$1478, B=$memory$auto$proc_rom.cc:155:do_switch$81$rdmux[0][2][2]$b$1479, Y=$memory$auto$proc_rom.cc:155:do_switch$81$rdmux[0][1][1]$a$1469
      New ports: A=$memory$auto$proc_rom.cc:155:do_switch$81$rdmux[0][2][2]$a$1478 [3:0], B=$memory$auto$proc_rom.cc:155:do_switch$81$rdmux[0][2][2]$b$1479 [3:0], Y=$memory$auto$proc_rom.cc:155:do_switch$81$rdmux[0][1][1]$a$1469 [3:0]
      New connections: $memory$auto$proc_rom.cc:155:do_switch$81$rdmux[0][1][1]$a$1469 [4] = 1'0
    Consolidated identical input bits for $mux cell $memory$auto$proc_rom.cc:155:do_switch$81$rdmux[0][2][1]$1474:
      Old ports: A=$memory$auto$proc_rom.cc:155:do_switch$81$rdmux[0][2][1]$a$1475, B=$memory$auto$proc_rom.cc:155:do_switch$81$rdmux[0][2][1]$b$1476, Y=$memory$auto$proc_rom.cc:155:do_switch$81$rdmux[0][1][0]$b$1467
      New ports: A={ 1'0 $memory$auto$proc_rom.cc:155:do_switch$81$rdmux[0][2][1]$a$1475 [2:0] }, B=$memory$auto$proc_rom.cc:155:do_switch$81$rdmux[0][2][1]$b$1476 [3:0], Y=$memory$auto$proc_rom.cc:155:do_switch$81$rdmux[0][1][0]$b$1467 [3:0]
      New connections: $memory$auto$proc_rom.cc:155:do_switch$81$rdmux[0][1][0]$b$1467 [4] = 1'0
    Consolidated identical input bits for $mux cell $memory$auto$proc_rom.cc:155:do_switch$81$rdmux[0][2][0]$1471:
      Old ports: A=$memory$auto$proc_rom.cc:155:do_switch$81$rdmux[0][2][0]$a$1472, B=$memory$auto$proc_rom.cc:155:do_switch$81$rdmux[0][2][0]$b$1473, Y=$memory$auto$proc_rom.cc:155:do_switch$81$rdmux[0][1][0]$a$1466
      New ports: A={ 2'00 $memory$auto$proc_rom.cc:155:do_switch$81$rdmux[0][2][0]$a$1472 [1:0] }, B=$memory$auto$proc_rom.cc:155:do_switch$81$rdmux[0][2][0]$b$1473 [3:0], Y=$memory$auto$proc_rom.cc:155:do_switch$81$rdmux[0][1][0]$a$1466 [3:0]
      New connections: $memory$auto$proc_rom.cc:155:do_switch$81$rdmux[0][1][0]$a$1466 [4] = 1'0
    Consolidated identical input bits for $mux cell $procmux$445:
      Old ports: A=$22\quant_scaled$func$/home/b10507053/ALS_Final_Project/student/work/ex250_ex254_frontend_fp4_dot_fma_semantic_20260608_2105/ex252/verilog/ex252_semantic_u2_dot4_pairtable_qrange.v:307$6.$result[6:0]$67, B=6'001100, Y=$21\quant_scaled$func$/home/b10507053/ALS_Final_Project/student/work/ex250_ex254_frontend_fp4_dot_fma_semantic_20260608_2105/ex252/verilog/ex252_semantic_u2_dot4_pairtable_qrange.v:307$6.$result[6:0]$65
      New ports: A={ $22\quant_scaled$func$/home/b10507053/ALS_Final_Project/student/work/ex250_ex254_frontend_fp4_dot_fma_semantic_20260608_2105/ex252/verilog/ex252_semantic_u2_dot4_pairtable_qrange.v:307$6.$result[6:0]$67 [5:4] $22\quant_scaled$func$/home/b10507053/ALS_Final_Project/student/work/ex250_ex254_frontend_fp4_dot_fma_semantic_20260608_2105/ex252/verilog/ex252_semantic_u2_dot4_pairtable_qrange.v:307$6.$result[6:0]$67 [2:0] }, B=5'00100, Y={ $21\quant_scaled$func$/home/b10507053/ALS_Final_Project/student/work/ex250_ex254_frontend_fp4_dot_fma_semantic_20260608_2105/ex252/verilog/ex252_semantic_u2_dot4_pairtable_qrange.v:307$6.$result[6:0]$65 [5:4] $21\quant_scaled$func$/home/b10507053/ALS_Final_Project/student/work/ex250_ex254_frontend_fp4_dot_fma_semantic_20260608_2105/ex252/verilog/ex252_semantic_u2_dot4_pairtable_qrange.v:307$6.$result[6:0]$65 [2:0] }
      New connections: $21\quant_scaled$func$/home/b10507053/ALS_Final_Project/student/work/ex250_ex254_frontend_fp4_dot_fma_semantic_20260608_2105/ex252/verilog/ex252_semantic_u2_dot4_pairtable_qrange.v:307$6.$result[6:0]$65 [3] = $21\quant_scaled$func$/home/b10507053/ALS_Final_Project/student/work/ex250_ex254_frontend_fp4_dot_fma_semantic_20260608_2105/ex252/verilog/ex252_semantic_u2_dot4_pairtable_qrange.v:307$6.$result[6:0]$65 [2]
  Optimizing cells in module \ex252_semantic_u2_dot4_pairtable_qrange.
    Consolidated identical input bits for $mux cell $memory$auto$proc_rom.cc:155:do_switch$77$rdmux[0][1][0]$2230:
      Old ports: A=$memory$auto$proc_rom.cc:155:do_switch$77$rdmux[0][1][0]$a$2231, B=$memory$auto$proc_rom.cc:155:do_switch$77$rdmux[0][1][0]$b$2232, Y=$memory$auto$proc_rom.cc:155:do_switch$77$rdmux[0][0][0]$a$2228
      New ports: A=$memory$auto$proc_rom.cc:155:do_switch$77$rdmux[0][1][0]$a$2231 [3:0], B=$memory$auto$proc_rom.cc:155:do_switch$77$rdmux[0][1][0]$b$2232 [3:0], Y=$memory$auto$proc_rom.cc:155:do_switch$77$rdmux[0][0][0]$a$2228 [3:0]
      New connections: $memory$auto$proc_rom.cc:155:do_switch$77$rdmux[0][0][0]$a$2228 [4] = 1'0
    Consolidated identical input bits for $mux cell $memory$auto$proc_rom.cc:155:do_switch$81$rdmux[0][1][0]$1465:
      Old ports: A=$memory$auto$proc_rom.cc:155:do_switch$81$rdmux[0][1][0]$a$1466, B=$memory$auto$proc_rom.cc:155:do_switch$81$rdmux[0][1][0]$b$1467, Y=$memory$auto$proc_rom.cc:155:do_switch$81$rdmux[0][0][0]$a$1463
      New ports: A=$memory$auto$proc_rom.cc:155:do_switch$81$rdmux[0][1][0]$a$1466 [3:0], B=$memory$auto$proc_rom.cc:155:do_switch$81$rdmux[0][1][0]$b$1467 [3:0], Y=$memory$auto$proc_rom.cc:155:do_switch$81$rdmux[0][0][0]$a$1463 [3:0]
      New connections: $memory$auto$proc_rom.cc:155:do_switch$81$rdmux[0][0][0]$a$1463 [4] = 1'0
  Optimizing cells in module \ex252_semantic_u2_dot4_pairtable_qrange.
Performed a total of 400 changes.

2.21.5. Executing OPT_MERGE pass (detect identical cells).
Finding identical cells in module `\ex252_semantic_u2_dot4_pairtable_qrange'.
Computing hashes of 540 cells of `\ex252_semantic_u2_dot4_pairtable_qrange'.
Finding duplicate cells in `\ex252_semantic_u2_dot4_pairtable_qrange'.
Computing hashes of 346 cells of `\ex252_semantic_u2_dot4_pairtable_qrange'.
Finding duplicate cells in `\ex252_semantic_u2_dot4_pairtable_qrange'.
Computing hashes of 270 cells of `\ex252_semantic_u2_dot4_pairtable_qrange'.
Finding duplicate cells in `\ex252_semantic_u2_dot4_pairtable_qrange'.
Computing hashes of 258 cells of `\ex252_semantic_u2_dot4_pairtable_qrange'.
Finding duplicate cells in `\ex252_semantic_u2_dot4_pairtable_qrange'.
Computing hashes of 254 cells of `\ex252_semantic_u2_dot4_pairtable_qrange'.
Finding duplicate cells in `\ex252_semantic_u2_dot4_pairtable_qrange'.
Removed a total of 286 cells.

2.21.6. Executing OPT_SHARE pass.

2.21.7. Executing OPT_DFF pass (perform DFF optimizations).

2.21.8. Executing OPT_CLEAN pass (remove unused cells and wires).
Finding unused cells or wires in module \ex252_semantic_u2_dot4_pairtable_qrange..
Removed 0 unused cells and 900 unused wires.

2.21.9. Executing OPT_EXPR pass (perform const folding).
Optimizing module ex252_semantic_u2_dot4_pairtable_qrange.

2.21.10. Rerunning OPT passes. (Maybe there is more to do..)

2.21.11. Executing OPT_MUXTREE pass (detect dead branches in mux trees).
Running muxtree optimizer on module \ex252_semantic_u2_dot4_pairtable_qrange..
  Creating internal representation of mux trees.
  Evaluating internal representation of mux trees.
  Analyzing evaluation results.
Removed 0 multiplexer ports.

2.21.12. Executing OPT_REDUCE pass (consolidate $*mux and $reduce_* inputs).
  Optimizing cells in module \ex252_semantic_u2_dot4_pairtable_qrange.
    Consolidated identical input bits for $mux cell $memory$auto$proc_rom.cc:155:do_switch$77$rdmux[0][5][13]$2359:
      Old ports: A={ $memory$auto$proc_rom.cc:155:do_switch$77$rdmux[0][5][10]$b$2352 [2:0] 1'0 }, B={ $memory$auto$proc_rom.cc:155:do_switch$77$rdmux[0][5][10]$b$2352 [2:0] 1'1 }, Y=$memory$auto$proc_rom.cc:155:do_switch$77$rdmux[0][4][6]$b$2292 [3:0]
      New ports: A=1'0, B=1'1, Y=$memory$auto$proc_rom.cc:155:do_switch$77$rdmux[0][4][6]$b$2292 [0]
      New connections: $memory$auto$proc_rom.cc:155:do_switch$77$rdmux[0][4][6]$b$2292 [3:1] = $memory$auto$proc_rom.cc:155:do_switch$77$rdmux[0][5][10]$b$2352 [2:0]
    Consolidated identical input bits for $mux cell $memory$auto$proc_rom.cc:155:do_switch$77$rdmux[0][5][12]$2356:
      Old ports: A={ $memory$auto$proc_rom.cc:155:do_switch$77$rdmux[0][5][10]$a$2351 [1:0] 1'0 }, B={ $memory$auto$proc_rom.cc:155:do_switch$77$rdmux[0][5][10]$a$2351 [1:0] 1'1 }, Y=$memory$auto$proc_rom.cc:155:do_switch$77$rdmux[0][4][6]$a$2291 [2:0]
      New ports: A=1'0, B=1'1, Y=$memory$auto$proc_rom.cc:155:do_switch$77$rdmux[0][4][6]$a$2291 [0]
      New connections: $memory$auto$proc_rom.cc:155:do_switch$77$rdmux[0][4][6]$a$2291 [2:1] = $memory$auto$proc_rom.cc:155:do_switch$77$rdmux[0][5][10]$a$2351 [1:0]
    Consolidated identical input bits for $mux cell $memory$auto$proc_rom.cc:155:do_switch$77$rdmux[0][6][63]$2605:
      Old ports: A={ 2'01 $memory$auto$proc_rom.cc:155:do_switch$77$rdmux[0][6][21]$a$2480 [1] 1'0 $memory$auto$proc_rom.cc:155:do_switch$77$rdmux[0][6][21]$a$2480 [0] }, B={ $memory$auto$proc_rom.cc:155:do_switch$77$rdmux[0][6][21]$a$2480 [1:0] $memory$auto$proc_rom.cc:155:do_switch$77$rdmux[0][6][21]$a$2480 [0] 1'1 $memory$auto$proc_rom.cc:155:do_switch$77$rdmux[0][6][21]$a$2480 [0] }, Y=$memory$auto$proc_rom.cc:155:do_switch$77$rdmux[0][5][31]$b$2415
      New ports: A={ 2'01 $memory$auto$proc_rom.cc:155:do_switch$77$rdmux[0][6][21]$a$2480 [1] 1'0 }, B={ $memory$auto$proc_rom.cc:155:do_switch$77$rdmux[0][6][21]$a$2480 [1:0] $memory$auto$proc_rom.cc:155:do_switch$77$rdmux[0][6][21]$a$2480 [0] 1'1 }, Y=$memory$auto$proc_rom.cc:155:do_switch$77$rdmux[0][5][31]$b$2415 [4:1]
      New connections: $memory$auto$proc_rom.cc:155:do_switch$77$rdmux[0][5][31]$b$2415 [0] = $memory$auto$proc_rom.cc:155:do_switch$77$rdmux[0][6][21]$a$2480 [0]
    Consolidated identical input bits for $mux cell $memory$auto$proc_rom.cc:155:do_switch$77$rdmux[0][6][61]$2599:
      Old ports: A={ 1'0 $memory$auto$proc_rom.cc:155:do_switch$77$rdmux[0][6][21]$a$2480 [1] 1'1 $memory$auto$proc_rom.cc:155:do_switch$77$rdmux[0][6][21]$a$2480 [0] }, B={ 1'1 $memory$auto$proc_rom.cc:155:do_switch$77$rdmux[0][6][21]$a$2480 [1] 1'0 $memory$auto$proc_rom.cc:155:do_switch$77$rdmux[0][6][21]$a$2480 [0] }, Y=$memory$auto$proc_rom.cc:155:do_switch$77$rdmux[0][5][15]$b$2367 [3:0]
      New ports: A=2'01, B=2'10, Y={ $memory$auto$proc_rom.cc:155:do_switch$77$rdmux[0][5][15]$b$2367 [3] $memory$auto$proc_rom.cc:155:do_switch$77$rdmux[0][5][15]$b$2367 [1] }
      New connections: { $memory$auto$proc_rom.cc:155:do_switch$77$rdmux[0][5][15]$b$2367 [2] $memory$auto$proc_rom.cc:155:do_switch$77$rdmux[0][5][15]$b$2367 [0] } = $memory$auto$proc_rom.cc:155:do_switch$77$rdmux[0][6][21]$a$2480 [1:0]
    Consolidated identical input bits for $mux cell $memory$auto$proc_rom.cc:155:do_switch$81$rdmux[0][6][29]$1738:
      Old ports: A={ 1'0 $memory$auto$proc_rom.cc:155:do_switch$81$rdmux[0][6][21]$a$1715 [1] 1'0 $memory$auto$proc_rom.cc:155:do_switch$81$rdmux[0][6][21]$a$1715 [0] }, B={ $memory$auto$proc_rom.cc:155:do_switch$81$rdmux[0][6][21]$a$1715 [1:0] 1'1 $memory$auto$proc_rom.cc:155:do_switch$81$rdmux[0][6][21]$a$1715 [0] }, Y=$memory$auto$proc_rom.cc:155:do_switch$81$rdmux[0][5][14]$b$1599 [3:0]
      New ports: A={ 1'0 $memory$auto$proc_rom.cc:155:do_switch$81$rdmux[0][6][21]$a$1715 [1] 1'0 }, B={ $memory$auto$proc_rom.cc:155:do_switch$81$rdmux[0][6][21]$a$1715 [1:0] 1'1 }, Y=$memory$auto$proc_rom.cc:155:do_switch$81$rdmux[0][5][14]$b$1599 [3:1]
      New connections: $memory$auto$proc_rom.cc:155:do_switch$81$rdmux[0][5][14]$b$1599 [0] = $memory$auto$proc_rom.cc:155:do_switch$81$rdmux[0][6][21]$a$1715 [0]
    Consolidated identical input bits for $mux cell $memory$auto$proc_rom.cc:155:do_switch$77$rdmux[0][4][8]$2296:
      Old ports: A={ 1'0 $memory$auto$proc_rom.cc:155:do_switch$77$rdmux[0][4][12]$a$2309 [0] }, B={ 1'1 $memory$auto$proc_rom.cc:155:do_switch$77$rdmux[0][4][12]$a$2309 [0] }, Y=$memory$auto$proc_rom.cc:155:do_switch$77$rdmux[0][3][2]$a$2255 [1:0]
      New ports: A=1'0, B=1'1, Y=$memory$auto$proc_rom.cc:155:do_switch$77$rdmux[0][3][2]$a$2255 [1]
      New connections: $memory$auto$proc_rom.cc:155:do_switch$77$rdmux[0][3][2]$a$2255 [0] = \in [6]
    Consolidated identical input bits for $mux cell $memory$auto$proc_rom.cc:155:do_switch$77$rdmux[0][6][54]$2578:
      Old ports: A={ 2'01 $memory$auto$proc_rom.cc:155:do_switch$77$rdmux[0][6][10]$a$2447 [1] }, B={ 2'10 $memory$auto$proc_rom.cc:155:do_switch$77$rdmux[0][6][10]$a$2447 [1] }, Y=$memory$auto$proc_rom.cc:155:do_switch$77$rdmux[0][5][11]$a$2354 [2:0]
      New ports: A=2'01, B=2'10, Y=$memory$auto$proc_rom.cc:155:do_switch$77$rdmux[0][5][11]$a$2354 [2:1]
      New connections: $memory$auto$proc_rom.cc:155:do_switch$77$rdmux[0][5][11]$a$2354 [0] = \in [4]
    Consolidated identical input bits for $mux cell $memory$auto$proc_rom.cc:155:do_switch$81$rdmux[0][6][59]$1828:
      Old ports: A={ 1'0 $memory$auto$proc_rom.cc:155:do_switch$81$rdmux[0][6][10]$a$1682 [1] }, B={ 1'1 $memory$auto$proc_rom.cc:155:do_switch$81$rdmux[0][6][10]$a$1682 [1] }, Y=$memory$auto$proc_rom.cc:155:do_switch$81$rdmux[0][5][10]$a$1586 [1:0]
      New ports: A=1'0, B=1'1, Y=$memory$auto$proc_rom.cc:155:do_switch$81$rdmux[0][5][10]$a$1586 [1]
      New connections: $memory$auto$proc_rom.cc:155:do_switch$81$rdmux[0][5][10]$a$1586 [0] = \in [0]
    Consolidated identical input bits for $mux cell $memory$auto$proc_rom.cc:155:do_switch$81$rdmux[0][5][13]$1594:
      Old ports: A={ $memory$auto$proc_rom.cc:155:do_switch$81$rdmux[0][5][10]$b$1587 [2:0] 1'0 }, B={ $memory$auto$proc_rom.cc:155:do_switch$81$rdmux[0][5][10]$b$1587 [2:0] 1'1 }, Y=$memory$auto$proc_rom.cc:155:do_switch$81$rdmux[0][4][6]$b$1527 [3:0]
      New ports: A=1'0, B=1'1, Y=$memory$auto$proc_rom.cc:155:do_switch$81$rdmux[0][4][6]$b$1527 [0]
      New connections: $memory$auto$proc_rom.cc:155:do_switch$81$rdmux[0][4][6]$b$1527 [3:1] = $memory$auto$proc_rom.cc:155:do_switch$81$rdmux[0][5][10]$b$1587 [2:0]
    Consolidated identical input bits for $mux cell $memory$auto$proc_rom.cc:155:do_switch$81$rdmux[0][5][12]$1591:
      Old ports: A={ $memory$auto$proc_rom.cc:155:do_switch$81$rdmux[0][5][10]$a$1586 [1:0] 1'0 }, B={ $memory$auto$proc_rom.cc:155:do_switch$81$rdmux[0][5][10]$a$1586 [1:0] 1'1 }, Y=$memory$auto$proc_rom.cc:155:do_switch$81$rdmux[0][4][6]$a$1526 [2:0]
      New ports: A=1'0, B=1'1, Y=$memory$auto$proc_rom.cc:155:do_switch$81$rdmux[0][4][6]$a$1526 [0]
      New connections: $memory$auto$proc_rom.cc:155:do_switch$81$rdmux[0][4][6]$a$1526 [2:1] = $memory$auto$proc_rom.cc:155:do_switch$81$rdmux[0][5][10]$a$1586 [1:0]
    Consolidated identical input bits for $mux cell $memory$auto$proc_rom.cc:155:do_switch$81$rdmux[0][6][54]$1813:
      Old ports: A={ 2'01 $memory$auto$proc_rom.cc:155:do_switch$81$rdmux[0][6][10]$a$1682 [1] }, B={ 2'10 $memory$auto$proc_rom.cc:155:do_switch$81$rdmux[0][6][10]$a$1682 [1] }, Y=$memory$auto$proc_rom.cc:155:do_switch$81$rdmux[0][5][11]$a$1589 [2:0]
      New ports: A=2'01, B=2'10, Y=$memory$auto$proc_rom.cc:155:do_switch$81$rdmux[0][5][11]$a$1589 [2:1]
      New connections: $memory$auto$proc_rom.cc:155:do_switch$81$rdmux[0][5][11]$a$1589 [0] = \in [0]
    Consolidated identical input bits for $mux cell $memory$auto$proc_rom.cc:155:do_switch$81$rdmux[0][6][63]$1840:
      Old ports: A={ 2'01 $memory$auto$proc_rom.cc:155:do_switch$81$rdmux[0][6][21]$a$1715 [1] 1'0 $memory$auto$proc_rom.cc:155:do_switch$81$rdmux[0][6][21]$a$1715 [0] }, B={ $memory$auto$proc_rom.cc:155:do_switch$81$rdmux[0][6][21]$a$1715 [1:0] $memory$auto$proc_rom.cc:155:do_switch$81$rdmux[0][6][21]$a$1715 [0] 1'1 $memory$auto$proc_rom.cc:155:do_switch$81$rdmux[0][6][21]$a$1715 [0] }, Y=$memory$auto$proc_rom.cc:155:do_switch$81$rdmux[0][5][31]$b$1650
      New ports: A={ 2'01 $memory$auto$proc_rom.cc:155:do_switch$81$rdmux[0][6][21]$a$1715 [1] 1'0 }, B={ $memory$auto$proc_rom.cc:155:do_switch$81$rdmux[0][6][21]$a$1715 [1:0] $memory$auto$proc_rom.cc:155:do_switch$81$rdmux[0][6][21]$a$1715 [0] 1'1 }, Y=$memory$auto$proc_rom.cc:155:do_switch$81$rdmux[0][5][31]$b$1650 [4:1]
      New connections: $memory$auto$proc_rom.cc:155:do_switch$81$rdmux[0][5][31]$b$1650 [0] = $memory$auto$proc_rom.cc:155:do_switch$81$rdmux[0][6][21]$a$1715 [0]
    Consolidated identical input bits for $mux cell $memory$auto$proc_rom.cc:155:do_switch$81$rdmux[0][6][61]$1834:
      Old ports: A={ 1'0 $memory$auto$proc_rom.cc:155:do_switch$81$rdmux[0][6][21]$a$1715 [1] 1'1 $memory$auto$proc_rom.cc:155:do_switch$81$rdmux[0][6][21]$a$1715 [0] }, B={ 1'1 $memory$auto$proc_rom.cc:155:do_switch$81$rdmux[0][6][21]$a$1715 [1] 1'0 $memory$auto$proc_rom.cc:155:do_switch$81$rdmux[0][6][21]$a$1715 [0] }, Y=$memory$auto$proc_rom.cc:155:do_switch$81$rdmux[0][5][15]$b$1602 [3:0]
      New ports: A=2'01, B=2'10, Y={ $memory$auto$proc_rom.cc:155:do_switch$81$rdmux[0][5][15]$b$1602 [3] $memory$auto$proc_rom.cc:155:do_switch$81$rdmux[0][5][15]$b$1602 [1] }
      New connections: { $memory$auto$proc_rom.cc:155:do_switch$81$rdmux[0][5][15]$b$1602 [2] $memory$auto$proc_rom.cc:155:do_switch$81$rdmux[0][5][15]$b$1602 [0] } = $memory$auto$proc_rom.cc:155:do_switch$81$rdmux[0][6][21]$a$1715 [1:0]
    Consolidated identical input bits for $mux cell $memory$auto$proc_rom.cc:155:do_switch$77$rdmux[0][6][53]$2575:
      Old ports: A={ $memory$auto$proc_rom.cc:155:do_switch$77$rdmux[0][6][21]$a$2480 [1:0] $memory$auto$proc_rom.cc:155:do_switch$77$rdmux[0][6][21]$a$2480 [0] }, B={ 1'1 $memory$auto$proc_rom.cc:155:do_switch$77$rdmux[0][6][21]$a$2480 [1:0] }, Y=$memory$auto$proc_rom.cc:155:do_switch$77$rdmux[0][5][11]$b$2355 [2:0]
      New ports: A=$memory$auto$proc_rom.cc:155:do_switch$77$rdmux[0][6][21]$a$2480 [1:0], B={ 1'1 $memory$auto$proc_rom.cc:155:do_switch$77$rdmux[0][6][21]$a$2480 [1] }, Y=$memory$auto$proc_rom.cc:155:do_switch$77$rdmux[0][5][11]$b$2355 [2:1]
      New connections: $memory$auto$proc_rom.cc:155:do_switch$77$rdmux[0][5][11]$b$2355 [0] = $memory$auto$proc_rom.cc:155:do_switch$77$rdmux[0][6][21]$a$2480 [0]
    Consolidated identical input bits for $mux cell $memory$auto$proc_rom.cc:155:do_switch$81$rdmux[0][4][8]$1531:
      Old ports: A={ 1'0 $memory$auto$proc_rom.cc:155:do_switch$81$rdmux[0][4][12]$a$1544 [0] }, B={ 1'1 $memory$auto$proc_rom.cc:155:do_switch$81$rdmux[0][4][12]$a$1544 [0] }, Y=$memory$auto$proc_rom.cc:155:do_switch$81$rdmux[0][3][2]$a$1490 [1:0]
      New ports: A=1'0, B=1'1, Y=$memory$auto$proc_rom.cc:155:do_switch$81$rdmux[0][3][2]$a$1490 [1]
      New connections: $memory$auto$proc_rom.cc:155:do_switch$81$rdmux[0][3][2]$a$1490 [0] = \in [2]
    Consolidated identical input bits for $mux cell $memory$auto$proc_rom.cc:155:do_switch$81$rdmux[0][6][58]$1825:
      Old ports: A={ $memory$auto$proc_rom.cc:155:do_switch$81$rdmux[0][6][21]$a$1715 [1:0] $memory$auto$proc_rom.cc:155:do_switch$81$rdmux[0][6][21]$a$1715 [0] }, B={ 1'1 $memory$auto$proc_rom.cc:155:do_switch$81$rdmux[0][6][21]$a$1715 [1:0] }, Y=$memory$auto$proc_rom.cc:155:do_switch$81$rdmux[0][5][11]$b$1590 [2:0]
      New ports: A=$memory$auto$proc_rom.cc:155:do_switch$81$rdmux[0][6][21]$a$1715 [1:0], B={ 1'1 $memory$auto$proc_rom.cc:155:do_switch$81$rdmux[0][6][21]$a$1715 [1] }, Y=$memory$auto$proc_rom.cc:155:do_switch$81$rdmux[0][5][11]$b$1590 [2:1]
      New connections: $memory$auto$proc_rom.cc:155:do_switch$81$rdmux[0][5][11]$b$1590 [0] = $memory$auto$proc_rom.cc:155:do_switch$81$rdmux[0][6][21]$a$1715 [0]
    Consolidated identical input bits for $mux cell $memory$auto$proc_rom.cc:155:do_switch$77$rdmux[0][6][4]$2428:
      Old ports: A={ 1'0 $memory$auto$proc_rom.cc:155:do_switch$77$rdmux[0][6][10]$a$2447 [1] }, B={ 1'1 $memory$auto$proc_rom.cc:155:do_switch$77$rdmux[0][6][10]$a$2447 [1] }, Y=$memory$auto$proc_rom.cc:155:do_switch$77$rdmux[0][5][10]$a$2351 [1:0]
      New ports: A=1'0, B=1'1, Y=$memory$auto$proc_rom.cc:155:do_switch$77$rdmux[0][5][10]$a$2351 [1]
      New connections: $memory$auto$proc_rom.cc:155:do_switch$77$rdmux[0][5][10]$a$2351 [0] = \in [4]
    Consolidated identical input bits for $mux cell $memory$auto$proc_rom.cc:155:do_switch$77$rdmux[0][6][29]$2503:
      Old ports: A={ 1'0 $memory$auto$proc_rom.cc:155:do_switch$77$rdmux[0][6][21]$a$2480 [1] 1'0 $memory$auto$proc_rom.cc:155:do_switch$77$rdmux[0][6][21]$a$2480 [0] }, B={ $memory$auto$proc_rom.cc:155:do_switch$77$rdmux[0][6][21]$a$2480 [1:0] 1'1 $memory$auto$proc_rom.cc:155:do_switch$77$rdmux[0][6][21]$a$2480 [0] }, Y=$memory$auto$proc_rom.cc:155:do_switch$77$rdmux[0][5][14]$b$2364 [3:0]
      New ports: A={ 1'0 $memory$auto$proc_rom.cc:155:do_switch$77$rdmux[0][6][21]$a$2480 [1] 1'0 }, B={ $memory$auto$proc_rom.cc:155:do_switch$77$rdmux[0][6][21]$a$2480 [1:0] 1'1 }, Y=$memory$auto$proc_rom.cc:155:do_switch$77$rdmux[0][5][14]$b$2364 [3:1]
      New connections: $memory$auto$proc_rom.cc:155:do_switch$77$rdmux[0][5][14]$b$2364 [0] = $memory$auto$proc_rom.cc:155:do_switch$77$rdmux[0][6][21]$a$2480 [0]
    Consolidated identical input bits for $mux cell $memory$auto$proc_rom.cc:155:do_switch$81$rdmux[0][6][57]$1822:
      Old ports: A={ 1'0 $memory$auto$proc_rom.cc:155:do_switch$81$rdmux[0][6][21]$a$1715 [1:0] }, B={ $memory$auto$proc_rom.cc:155:do_switch$81$rdmux[0][6][21]$a$1715 [1:0] $memory$auto$proc_rom.cc:155:do_switch$81$rdmux[0][6][21]$a$1715 [0] }, Y=$memory$auto$proc_rom.cc:155:do_switch$81$rdmux[0][5][10]$b$1587 [2:0]
      New ports: A={ 1'0 $memory$auto$proc_rom.cc:155:do_switch$81$rdmux[0][6][21]$a$1715 [1] }, B=$memory$auto$proc_rom.cc:155:do_switch$81$rdmux[0][6][21]$a$1715 [1:0], Y=$memory$auto$proc_rom.cc:155:do_switch$81$rdmux[0][5][10]$b$1587 [2:1]
      New connections: $memory$auto$proc_rom.cc:155:do_switch$81$rdmux[0][5][10]$b$1587 [0] = $memory$auto$proc_rom.cc:155:do_switch$81$rdmux[0][6][21]$a$1715 [0]
    Consolidated identical input bits for $mux cell $memory$auto$proc_rom.cc:155:do_switch$77$rdmux[0][6][41]$2539:
      Old ports: A={ 1'0 $memory$auto$proc_rom.cc:155:do_switch$77$rdmux[0][6][21]$a$2480 [1:0] }, B={ $memory$auto$proc_rom.cc:155:do_switch$77$rdmux[0][6][21]$a$2480 [1:0] $memory$auto$proc_rom.cc:155:do_switch$77$rdmux[0][6][21]$a$2480 [0] }, Y=$memory$auto$proc_rom.cc:155:do_switch$77$rdmux[0][5][10]$b$2352 [2:0]
      New ports: A={ 1'0 $memory$auto$proc_rom.cc:155:do_switch$77$rdmux[0][6][21]$a$2480 [1] }, B=$memory$auto$proc_rom.cc:155:do_switch$77$rdmux[0][6][21]$a$2480 [1:0], Y=$memory$auto$proc_rom.cc:155:do_switch$77$rdmux[0][5][10]$b$2352 [2:1]
      New connections: $memory$auto$proc_rom.cc:155:do_switch$77$rdmux[0][5][10]$b$2352 [0] = $memory$auto$proc_rom.cc:155:do_switch$77$rdmux[0][6][21]$a$2480 [0]
  Optimizing cells in module \ex252_semantic_u2_dot4_pairtable_qrange.
    Consolidated identical input bits for $mux cell $memory$auto$proc_rom.cc:155:do_switch$81$rdmux[0][5][19]$1612:
      Old ports: A={ 2'01 $memory$auto$proc_rom.cc:155:do_switch$81$rdmux[0][5][10]$a$1586 [1:0] }, B={ $memory$auto$proc_rom.cc:155:do_switch$81$rdmux[0][5][11]$a$1589 [2:1] $memory$auto$proc_rom.cc:155:do_switch$81$rdmux[0][5][11]$a$1589 [1:0] }, Y=$memory$auto$proc_rom.cc:155:do_switch$81$rdmux[0][4][9]$b$1536 [3:0]
      New ports: A={ 2'01 $memory$auto$proc_rom.cc:155:do_switch$81$rdmux[0][5][10]$a$1586 [1] }, B={ $memory$auto$proc_rom.cc:155:do_switch$81$rdmux[0][5][11]$a$1589 [2:1] $memory$auto$proc_rom.cc:155:do_switch$81$rdmux[0][5][11]$a$1589 [1] }, Y=$memory$auto$proc_rom.cc:155:do_switch$81$rdmux[0][4][9]$b$1536 [3:1]
      New connections: $memory$auto$proc_rom.cc:155:do_switch$81$rdmux[0][4][9]$b$1536 [0] = \in [0]
    Consolidated identical input bits for $mux cell $memory$auto$proc_rom.cc:155:do_switch$81$rdmux[0][5][18]$1609:
      Old ports: A={ 1'0 $memory$auto$proc_rom.cc:155:do_switch$81$rdmux[0][5][10]$a$1586 [1:0] }, B=$memory$auto$proc_rom.cc:155:do_switch$81$rdmux[0][5][11]$a$1589 [2:0], Y=$memory$auto$proc_rom.cc:155:do_switch$81$rdmux[0][4][9]$a$1535 [2:0]
      New ports: A={ 1'0 $memory$auto$proc_rom.cc:155:do_switch$81$rdmux[0][5][10]$a$1586 [1] }, B=$memory$auto$proc_rom.cc:155:do_switch$81$rdmux[0][5][11]$a$1589 [2:1], Y=$memory$auto$proc_rom.cc:155:do_switch$81$rdmux[0][4][9]$a$1535 [2:1]
      New connections: $memory$auto$proc_rom.cc:155:do_switch$81$rdmux[0][4][9]$a$1535 [0] = \in [0]
    Consolidated identical input bits for $mux cell $memory$auto$proc_rom.cc:155:do_switch$77$rdmux[0][5][18]$2374:
      Old ports: A={ 1'0 $memory$auto$proc_rom.cc:155:do_switch$77$rdmux[0][5][10]$a$2351 [1:0] }, B=$memory$auto$proc_rom.cc:155:do_switch$77$rdmux[0][5][11]$a$2354 [2:0], Y=$memory$auto$proc_rom.cc:155:do_switch$77$rdmux[0][4][9]$a$2300 [2:0]
      New ports: A={ 1'0 $memory$auto$proc_rom.cc:155:do_switch$77$rdmux[0][5][10]$a$2351 [1] }, B=$memory$auto$proc_rom.cc:155:do_switch$77$rdmux[0][5][11]$a$2354 [2:1], Y=$memory$auto$proc_rom.cc:155:do_switch$77$rdmux[0][4][9]$a$2300 [2:1]
      New connections: $memory$auto$proc_rom.cc:155:do_switch$77$rdmux[0][4][9]$a$2300 [0] = \in [4]
    Consolidated identical input bits for $mux cell $memory$auto$proc_rom.cc:155:do_switch$77$rdmux[0][5][19]$2377:
      Old ports: A={ 2'01 $memory$auto$proc_rom.cc:155:do_switch$77$rdmux[0][5][10]$a$2351 [1:0] }, B={ $memory$auto$proc_rom.cc:155:do_switch$77$rdmux[0][5][11]$a$2354 [2:1] $memory$auto$proc_rom.cc:155:do_switch$77$rdmux[0][5][11]$a$2354 [1:0] }, Y=$memory$auto$proc_rom.cc:155:do_switch$77$rdmux[0][4][9]$b$2301 [3:0]
      New ports: A={ 2'01 $memory$auto$proc_rom.cc:155:do_switch$77$rdmux[0][5][10]$a$2351 [1] }, B={ $memory$auto$proc_rom.cc:155:do_switch$77$rdmux[0][5][11]$a$2354 [2:1] $memory$auto$proc_rom.cc:155:do_switch$77$rdmux[0][5][11]$a$2354 [1] }, Y=$memory$auto$proc_rom.cc:155:do_switch$77$rdmux[0][4][9]$b$2301 [3:1]
      New connections: $memory$auto$proc_rom.cc:155:do_switch$77$rdmux[0][4][9]$b$2301 [0] = \in [4]
  Optimizing cells in module \ex252_semantic_u2_dot4_pairtable_qrange.
    Consolidated identical input bits for $mux cell $memory$auto$proc_rom.cc:155:do_switch$77$rdmux[0][4][9]$2299:
      Old ports: A={ 1'0 $memory$auto$proc_rom.cc:155:do_switch$77$rdmux[0][4][9]$a$2300 [2:0] }, B=$memory$auto$proc_rom.cc:155:do_switch$77$rdmux[0][4][9]$b$2301 [3:0], Y=$memory$auto$proc_rom.cc:155:do_switch$77$rdmux[0][3][4]$b$2262 [3:0]
      New ports: A={ 1'0 $memory$auto$proc_rom.cc:155:do_switch$77$rdmux[0][4][9]$a$2300 [2:1] }, B=$memory$auto$proc_rom.cc:155:do_switch$77$rdmux[0][4][9]$b$2301 [3:1], Y=$memory$auto$proc_rom.cc:155:do_switch$77$rdmux[0][3][4]$b$2262 [3:1]
      New connections: $memory$auto$proc_rom.cc:155:do_switch$77$rdmux[0][3][4]$b$2262 [0] = \in [4]
    Consolidated identical input bits for $mux cell $memory$auto$proc_rom.cc:155:do_switch$81$rdmux[0][4][9]$1534:
      Old ports: A={ 1'0 $memory$auto$proc_rom.cc:155:do_switch$81$rdmux[0][4][9]$a$1535 [2:0] }, B=$memory$auto$proc_rom.cc:155:do_switch$81$rdmux[0][4][9]$b$1536 [3:0], Y=$memory$auto$proc_rom.cc:155:do_switch$81$rdmux[0][3][4]$b$1497 [3:0]
      New ports: A={ 1'0 $memory$auto$proc_rom.cc:155:do_switch$81$rdmux[0][4][9]$a$1535 [2:1] }, B=$memory$auto$proc_rom.cc:155:do_switch$81$rdmux[0][4][9]$b$1536 [3:1], Y=$memory$auto$proc_rom.cc:155:do_switch$81$rdmux[0][3][4]$b$1497 [3:1]
      New connections: $memory$auto$proc_rom.cc:155:do_switch$81$rdmux[0][3][4]$b$1497 [0] = \in [0]
  Optimizing cells in module \ex252_semantic_u2_dot4_pairtable_qrange.
Performed a total of 26 changes.

2.21.13. Executing OPT_MERGE pass (detect identical cells).
Finding identical cells in module `\ex252_semantic_u2_dot4_pairtable_qrange'.
Computing hashes of 242 cells of `\ex252_semantic_u2_dot4_pairtable_qrange'.
Finding duplicate cells in `\ex252_semantic_u2_dot4_pairtable_qrange'.
Computing hashes of 238 cells of `\ex252_semantic_u2_dot4_pairtable_qrange'.
Finding duplicate cells in `\ex252_semantic_u2_dot4_pairtable_qrange'.
Removed a total of 4 cells.

2.21.14. Executing OPT_SHARE pass.

2.21.15. Executing OPT_DFF pass (perform DFF optimizations).

2.21.16. Executing OPT_CLEAN pass (remove unused cells and wires).
Finding unused cells or wires in module \ex252_semantic_u2_dot4_pairtable_qrange..
Removed 0 unused cells and 16 unused wires.

2.21.17. Executing OPT_EXPR pass (perform const folding).
Optimizing module ex252_semantic_u2_dot4_pairtable_qrange.

2.21.18. Rerunning OPT passes. (Maybe there is more to do..)

2.21.19. Executing OPT_MUXTREE pass (detect dead branches in mux trees).
Running muxtree optimizer on module \ex252_semantic_u2_dot4_pairtable_qrange..
  Creating internal representation of mux trees.
  Evaluating internal representation of mux trees.
  Analyzing evaluation results.
Removed 0 multiplexer ports.

2.21.20. Executing OPT_REDUCE pass (consolidate $*mux and $reduce_* inputs).
  Optimizing cells in module \ex252_semantic_u2_dot4_pairtable_qrange.
    Consolidated identical input bits for $mux cell $memory$auto$proc_rom.cc:155:do_switch$77$rdmux[0][4][6]$2290:
      Old ports: A={ 1'0 $memory$auto$proc_rom.cc:155:do_switch$77$rdmux[0][3][0]$b$2250 [1] \in [4] $memory$auto$proc_rom.cc:155:do_switch$77$rdmux[0][4][6]$a$2291 [0] }, B={ $memory$auto$proc_rom.cc:155:do_switch$77$rdmux[0][4][6]$b$2292 [3:1] $memory$auto$proc_rom.cc:155:do_switch$77$rdmux[0][4][6]$a$2291 [0] }, Y=$memory$auto$proc_rom.cc:155:do_switch$77$rdmux[0][3][3]$a$2258 [3:0]
      New ports: A={ 1'0 \in [5:4] }, B=$memory$auto$proc_rom.cc:155:do_switch$77$rdmux[0][4][6]$b$2292 [3:1], Y=$memory$auto$proc_rom.cc:155:do_switch$77$rdmux[0][3][3]$a$2258 [3:1]
      New connections: $memory$auto$proc_rom.cc:155:do_switch$77$rdmux[0][3][3]$a$2258 [0] = \in [6]
    Consolidated identical input bits for $mux cell $memory$auto$proc_rom.cc:155:do_switch$81$rdmux[0][4][6]$1525:
      Old ports: A={ 1'0 $memory$auto$proc_rom.cc:155:do_switch$81$rdmux[0][3][0]$b$1485 [1] \in [0] $memory$auto$proc_rom.cc:155:do_switch$81$rdmux[0][4][6]$a$1526 [0] }, B={ $memory$auto$proc_rom.cc:155:do_switch$81$rdmux[0][4][6]$b$1527 [3:1] $memory$auto$proc_rom.cc:155:do_switch$81$rdmux[0][4][6]$a$1526 [0] }, Y=$memory$auto$proc_rom.cc:155:do_switch$81$rdmux[0][3][3]$a$1493 [3:0]
      New ports: A={ 1'0 \in [1:0] }, B=$memory$auto$proc_rom.cc:155:do_switch$81$rdmux[0][4][6]$b$1527 [3:1], Y=$memory$auto$proc_rom.cc:155:do_switch$81$rdmux[0][3][3]$a$1493 [3:1]
      New connections: $memory$auto$proc_rom.cc:155:do_switch$81$rdmux[0][3][3]$a$1493 [0] = \in [2]
  Optimizing cells in module \ex252_semantic_u2_dot4_pairtable_qrange.
Performed a total of 2 changes.

2.21.21. Executing OPT_MERGE pass (detect identical cells).
Finding identical cells in module `\ex252_semantic_u2_dot4_pairtable_qrange'.
Computing hashes of 232 cells of `\ex252_semantic_u2_dot4_pairtable_qrange'.
Finding duplicate cells in `\ex252_semantic_u2_dot4_pairtable_qrange'.
Removed a total of 0 cells.

2.21.22. Executing OPT_SHARE pass.

2.21.23. Executing OPT_DFF pass (perform DFF optimizations).

2.21.24. Executing OPT_CLEAN pass (remove unused cells and wires).
Finding unused cells or wires in module \ex252_semantic_u2_dot4_pairtable_qrange..
Removed 0 unused cells and 6 unused wires.

2.21.25. Executing OPT_EXPR pass (perform const folding).
Optimizing module ex252_semantic_u2_dot4_pairtable_qrange.

2.21.26. Rerunning OPT passes. (Maybe there is more to do..)

2.21.27. Executing OPT_MUXTREE pass (detect dead branches in mux trees).
Running muxtree optimizer on module \ex252_semantic_u2_dot4_pairtable_qrange..
  Creating internal representation of mux trees.
  Evaluating internal representation of mux trees.
  Analyzing evaluation results.
Removed 0 multiplexer ports.

2.21.28. Executing OPT_REDUCE pass (consolidate $*mux and $reduce_* inputs).
  Optimizing cells in module \ex252_semantic_u2_dot4_pairtable_qrange.
Performed a total of 0 changes.

2.21.29. Executing OPT_MERGE pass (detect identical cells).
Finding identical cells in module `\ex252_semantic_u2_dot4_pairtable_qrange'.
Computing hashes of 232 cells of `\ex252_semantic_u2_dot4_pairtable_qrange'.
Finding duplicate cells in `\ex252_semantic_u2_dot4_pairtable_qrange'.
Removed a total of 0 cells.

2.21.30. Executing OPT_SHARE pass.

2.21.31. Executing OPT_DFF pass (perform DFF optimizations).

2.21.32. Executing OPT_CLEAN pass (remove unused cells and wires).
Finding unused cells or wires in module \ex252_semantic_u2_dot4_pairtable_qrange..

2.21.33. Executing OPT_EXPR pass (perform const folding).
Optimizing module ex252_semantic_u2_dot4_pairtable_qrange.

2.21.34. Finished fast OPT passes. (There is nothing left to do.)

2.22. Executing TECHMAP pass (map to technology primitives).

2.22.1. Executing Verilog-2005 frontend: /home/b10507053/ALS_Final_Project/student/tools/conda-env/bin/../share/yosys/techmap.v
Parsing Verilog input from `/home/b10507053/ALS_Final_Project/student/tools/conda-env/bin/../share/yosys/techmap.v' to AST representation.
Generating RTLIL representation for module `\_90_simplemap_bool_ops'.
Generating RTLIL representation for module `\_90_simplemap_reduce_ops'.
Generating RTLIL representation for module `\_90_simplemap_logic_ops'.
Generating RTLIL representation for module `\_90_simplemap_compare_ops'.
Generating RTLIL representation for module `\_90_simplemap_various'.
Generating RTLIL representation for module `\_90_simplemap_registers'.
Generating RTLIL representation for module `\_90_shift_ops_shr_shl_sshl_sshr'.
Generating RTLIL representation for module `\_90_shift_shiftx'.
Generating RTLIL representation for module `\_90_fa'.
Generating RTLIL representation for module `\_90_lcu_brent_kung'.
Generating RTLIL representation for module `\_90_alu'.
Generating RTLIL representation for module `\_90_macc'.
Generating RTLIL representation for module `\_90_alumacc'.
Generating RTLIL representation for module `$__div_mod_u'.
Generating RTLIL representation for module `$__div_mod_trunc'.
Generating RTLIL representation for module `\_90_div'.
Generating RTLIL representation for module `\_90_mod'.
Generating RTLIL representation for module `$__div_mod_floor'.
Generating RTLIL representation for module `\_90_divfloor'.
Generating RTLIL representation for module `\_90_modfloor'.
Generating RTLIL representation for module `\_90_pow'.
Generating RTLIL representation for module `\_90_demux'.
Generating RTLIL representation for module `\_90_lut'.
Generating RTLIL representation for module `$connect'.
Generating RTLIL representation for module `$input_port'.
Successfully finished Verilog frontend.

2.22.2. Continuing TECHMAP pass.
Using extmapper simplemap for cells of type $not.
Using template $paramod$00298f3f8094950cb9a5ff2fda48d0d8bde8806c\_90_alu for cells of type $alu.
Using extmapper simplemap for cells of type $reduce_or.
Using extmapper simplemap for cells of type $reduce_and.
Using template $paramod$740b056ede97228d3eae64ea2fdc81f0a33e0fe7\_90_alu for cells of type $alu.
Using template $paramod$b18e16801adf491a64caa0542270798e5d4ac6b6\_90_alu for cells of type $alu.
Using template $paramod$dad13a281fa6a9ffd6dd427a87dc9a952e80e9ea\_90_alu for cells of type $alu.
Using template $paramod$a40b3a69ab2154dca9743e30e1e84efb03b892b4\_90_alu for cells of type $alu.
Using template $paramod$ed40eaed6d7865a5f6e873e7da3aa6067d71cfbb\_90_alu for cells of type $alu.
Using template $paramod$8b1a36ab2238111d2a0f4cb4ef2e14f2a55fc1f9\_90_alu for cells of type $alu.
Using template $paramod$5ccf584370207a3ccc3032757a8e590623d4de56\_90_alu for cells of type $alu.
Using template $paramod$b8c0a997bce700f23568a5ada79cc6781d1f5ca0\_90_alu for cells of type $alu.
Using template $paramod$68eb2ee261b49d479fb9d9ec0659e1d20891082b\_90_alu for cells of type $alu.
Using template $paramod$eae5c6d909a05153739c7821f34da2cbc0422532\_90_alu for cells of type $alu.
Using template $paramod$8742280fdebca84e1c87f2a86ed84f62d558f4cc\_90_alu for cells of type $alu.
Using template $paramod$75108d6e8d490ab2eec24aee458e87cb2a6c124c\_90_alu for cells of type $alu.
Using template $paramod$dc04b7d98e503a7bab16fce2df70e6e2c5ca34d6\_90_alu for cells of type $alu.
Using template $paramod$a04dd9d4d8b430140c4ff94b50470fb380fda2a0\_90_alu for cells of type $alu.
Using extmapper simplemap for cells of type $mux.
Using extmapper simplemap for cells of type $pos.
Using template $paramod\_90_fa\WIDTH=32'00000000000000000000000000000110 for cells of type $fa.
Using template $paramod\_90_lcu_brent_kung\WIDTH=32'00000000000000000000000000000110 for cells of type $lcu.
Using extmapper simplemap for cells of type $xor.
Using template $paramod\_90_fa\WIDTH=32'00000000000000000000000000000101 for cells of type $fa.
Using template $paramod\_90_lcu_brent_kung\WIDTH=32'00000000000000000000000000000101 for cells of type $lcu.
Using template $paramod\_90_fa\WIDTH=32'00000000000000000000000000000100 for cells of type $fa.
Using template $paramod\_90_lcu_brent_kung\WIDTH=32'00000000000000000000000000000100 for cells of type $lcu.
Using template $paramod\_90_fa\WIDTH=32'00000000000000000000000000000011 for cells of type $fa.
Using template $paramod\_90_lcu_brent_kung\WIDTH=32'00000000000000000000000000000011 for cells of type $lcu.
Using extmapper simplemap for cells of type $and.
Using extmapper simplemap for cells of type $or.
No more expansions possible.

2.23. Executing OPT pass (performing simple optimizations).

2.23.1. Executing OPT_EXPR pass (perform const folding).
Optimizing module ex252_semantic_u2_dot4_pairtable_qrange.

2.23.2. Executing OPT_MERGE pass (detect identical cells).
Finding identical cells in module `\ex252_semantic_u2_dot4_pairtable_qrange'.
Computing hashes of 1153 cells of `\ex252_semantic_u2_dot4_pairtable_qrange'.
Finding duplicate cells in `\ex252_semantic_u2_dot4_pairtable_qrange'.
Computing hashes of 924 cells of `\ex252_semantic_u2_dot4_pairtable_qrange'.
Finding duplicate cells in `\ex252_semantic_u2_dot4_pairtable_qrange'.
Computing hashes of 810 cells of `\ex252_semantic_u2_dot4_pairtable_qrange'.
Finding duplicate cells in `\ex252_semantic_u2_dot4_pairtable_qrange'.
Computing hashes of 768 cells of `\ex252_semantic_u2_dot4_pairtable_qrange'.
Finding duplicate cells in `\ex252_semantic_u2_dot4_pairtable_qrange'.
Computing hashes of 741 cells of `\ex252_semantic_u2_dot4_pairtable_qrange'.
Finding duplicate cells in `\ex252_semantic_u2_dot4_pairtable_qrange'.
Computing hashes of 727 cells of `\ex252_semantic_u2_dot4_pairtable_qrange'.
Finding duplicate cells in `\ex252_semantic_u2_dot4_pairtable_qrange'.
Computing hashes of 724 cells of `\ex252_semantic_u2_dot4_pairtable_qrange'.
Finding duplicate cells in `\ex252_semantic_u2_dot4_pairtable_qrange'.
Removed a total of 429 cells.

2.23.3. Executing OPT_DFF pass (perform DFF optimizations).

2.23.4. Executing OPT_CLEAN pass (remove unused cells and wires).
Finding unused cells or wires in module \ex252_semantic_u2_dot4_pairtable_qrange..
Removed 111 unused cells and 1455 unused wires.

2.23.5. Finished fast OPT passes.

2.24. Executing ABC pass (technology mapping using ABC).

2.24.1. Extracting gate netlist of module `\ex252_semantic_u2_dot4_pairtable_qrange' to `<abc-temp-dir>/input.blif'..

2.24.1.1. Executed ABC.
Extracted 613 gates and 631 wires to a netlist network with 16 inputs and 7 outputs.
Running ABC script: <abc-temp-dir>/abc.script
ABC: UC Berkeley, ABC 1.01 (compiled May 12 2026 13:26:50)
ABC: abc 01> empty
ABC: abc 01> source <abc-temp-dir>/abc.script
ABC: + read_blif <abc-temp-dir>/input.blif 
ABC: + read_library <abc-temp-dir>/stdcells.genlib 
ABC: + strash 
ABC: + &get -n 
ABC: + &fraig -x 
ABC: + &put 
ABC: + scorr 
ABC: Warning: The network is combinational (run "fraig" or "fraig_sweep").
ABC: + dc2 
ABC: + dretime 
ABC: + strash 
ABC: + &get -n 
ABC: + &dch -f 
ABC: + &nf 
ABC: + &put 
ABC: + write_blif <abc-temp-dir>/output.blif 
ABC: 
ABC: YOSYS_ABC_DONE 

2.24.1.2. Re-integrating ABC results.
ABC RESULTS:               AND cells:       85
ABC RESULTS:            ANDNOT cells:       24
ABC RESULTS:               MUX cells:       18
ABC RESULTS:              NAND cells:      105
ABC RESULTS:               NOR cells:       21
ABC RESULTS:               NOT cells:        5
ABC RESULTS:                OR cells:       37
ABC RESULTS:             ORNOT cells:       15
ABC RESULTS:              XNOR cells:       16
ABC RESULTS:               XOR cells:        9
ABC RESULTS:        internal signals:      608
ABC RESULTS:           input signals:       16
ABC RESULTS:          output signals:        7
Removing temp directory.
Removing global temp directory.

2.25. Executing OPT pass (performing simple optimizations).

2.25.1. Executing OPT_EXPR pass (perform const folding).
Optimizing module ex252_semantic_u2_dot4_pairtable_qrange.

2.25.2. Executing OPT_MERGE pass (detect identical cells).
Finding identical cells in module `\ex252_semantic_u2_dot4_pairtable_qrange'.
Computing hashes of 335 cells of `\ex252_semantic_u2_dot4_pairtable_qrange'.
Finding duplicate cells in `\ex252_semantic_u2_dot4_pairtable_qrange'.
Removed a total of 0 cells.

2.25.3. Executing OPT_DFF pass (perform DFF optimizations).

2.25.4. Executing OPT_CLEAN pass (remove unused cells and wires).
Finding unused cells or wires in module \ex252_semantic_u2_dot4_pairtable_qrange..
Removed 0 unused cells and 313 unused wires.

2.25.5. Finished fast OPT passes.

2.26. Executing HIERARCHY pass (managing design hierarchy).
Attribute `top' found on module `ex252_semantic_u2_dot4_pairtable_qrange'. Setting top module to ex252_semantic_u2_dot4_pairtable_qrange.

2.26.1. Analyzing design hierarchy..
Top module:  \ex252_semantic_u2_dot4_pairtable_qrange

2.26.2. Analyzing design hierarchy..
Top module:  \ex252_semantic_u2_dot4_pairtable_qrange
Removed 0 unused modules.

2.27. Printing statistics.

=== ex252_semantic_u2_dot4_pairtable_qrange ===

        +----------Local Count, excluding submodules.
        | 
      337 wires
      390 wire bits
        9 public wires
       62 public wire bits
        2 ports
       24 port bits
      335 cells
       24   $_ANDNOT_
       85   $_AND_
       18   $_MUX_
      105   $_NAND_
       21   $_NOR_
        5   $_NOT_
       15   $_ORNOT_
       37   $_OR_
       16   $_XNOR_
        9   $_XOR_

2.28. Executing CHECK pass (checking for obvious problems).
Checking module ex252_semantic_u2_dot4_pairtable_qrange...
Found and reported 0 problems.

3. Executing ABC pass (technology mapping using ABC).

3.1. Extracting gate netlist of module `\ex252_semantic_u2_dot4_pairtable_qrange' to `<abc-temp-dir>/input.blif'..

3.1.1. Executed ABC.
Extracted 335 gates and 351 wires to a netlist network with 16 inputs and 7 outputs.
Running ABC script: <abc-temp-dir>/abc.script
ABC: UC Berkeley, ABC 1.01 (compiled May 12 2026 13:26:50)
ABC: abc 01> empty
ABC: abc 01> source <abc-temp-dir>/abc.script
ABC: + read_blif <abc-temp-dir>/input.blif 
ABC: + read_library <abc-temp-dir>/stdcells.genlib 
ABC: + strash 
ABC: + &get -n 
ABC: + &fraig -x 
ABC: + &put 
ABC: + scorr 
ABC: Warning: The network is combinational (run "fraig" or "fraig_sweep").
ABC: + dc2 
ABC: + dretime 
ABC: + strash 
ABC: + &get -n 
ABC: + &dch -f 
ABC: + &nf 
ABC: + &put 
ABC: + write_blif <abc-temp-dir>/output.blif 
ABC: 
ABC: YOSYS_ABC_DONE 

3.1.2. Re-integrating ABC results.
ABC RESULTS:               AND cells:      381
ABC RESULTS:               NOT cells:      312
ABC RESULTS:        internal signals:      328
ABC RESULTS:           input signals:       16
ABC RESULTS:          output signals:        7
Removing temp directory.
Removing global temp directory.

4. Executing AIGMAP pass (map logic to AIG).
Module ex252_semantic_u2_dot4_pairtable_qrange: replaced 0 cells with 0 new cells, skipped 693 cells.
  not replaced 2 cell types:
     381 $_AND_
     312 $_NOT_

5. Executing OPT pass (performing simple optimizations).

5.1. Executing OPT_EXPR pass (perform const folding).
Optimizing module ex252_semantic_u2_dot4_pairtable_qrange.

5.2. Executing OPT_MERGE pass (detect identical cells).
Finding identical cells in module `\ex252_semantic_u2_dot4_pairtable_qrange'.
Computing hashes of 693 cells of `\ex252_semantic_u2_dot4_pairtable_qrange'.
Finding duplicate cells in `\ex252_semantic_u2_dot4_pairtable_qrange'.
Removed a total of 0 cells.

5.3. Executing OPT_MUXTREE pass (detect dead branches in mux trees).
Running muxtree optimizer on module \ex252_semantic_u2_dot4_pairtable_qrange..
  Creating internal representation of mux trees.
  No muxes found in this module.
Removed 0 multiplexer ports.

5.4. Executing OPT_REDUCE pass (consolidate $*mux and $reduce_* inputs).
  Optimizing cells in module \ex252_semantic_u2_dot4_pairtable_qrange.
Performed a total of 0 changes.

5.5. Executing OPT_MERGE pass (detect identical cells).
Finding identical cells in module `\ex252_semantic_u2_dot4_pairtable_qrange'.
Computing hashes of 693 cells of `\ex252_semantic_u2_dot4_pairtable_qrange'.
Finding duplicate cells in `\ex252_semantic_u2_dot4_pairtable_qrange'.
Removed a total of 0 cells.

5.6. Executing OPT_DFF pass (perform DFF optimizations).

5.7. Executing OPT_CLEAN pass (remove unused cells and wires).
Finding unused cells or wires in module \ex252_semantic_u2_dot4_pairtable_qrange..
Removed 0 unused cells and 351 unused wires.

5.8. Executing OPT_EXPR pass (perform const folding).
Optimizing module ex252_semantic_u2_dot4_pairtable_qrange.

5.9. Rerunning OPT passes. (Maybe there is more to do..)

5.10. Executing OPT_MUXTREE pass (detect dead branches in mux trees).
Running muxtree optimizer on module \ex252_semantic_u2_dot4_pairtable_qrange..
  Creating internal representation of mux trees.
  No muxes found in this module.
Removed 0 multiplexer ports.

5.11. Executing OPT_REDUCE pass (consolidate $*mux and $reduce_* inputs).
  Optimizing cells in module \ex252_semantic_u2_dot4_pairtable_qrange.
Performed a total of 0 changes.

5.12. Executing OPT_MERGE pass (detect identical cells).
Finding identical cells in module `\ex252_semantic_u2_dot4_pairtable_qrange'.
Computing hashes of 693 cells of `\ex252_semantic_u2_dot4_pairtable_qrange'.
Finding duplicate cells in `\ex252_semantic_u2_dot4_pairtable_qrange'.
Removed a total of 0 cells.

5.13. Executing OPT_DFF pass (perform DFF optimizations).

5.14. Executing OPT_CLEAN pass (remove unused cells and wires).
Finding unused cells or wires in module \ex252_semantic_u2_dot4_pairtable_qrange..

5.15. Executing OPT_EXPR pass (perform const folding).
Optimizing module ex252_semantic_u2_dot4_pairtable_qrange.

5.16. Finished fast OPT passes. (There is nothing left to do.)

6. Executing AIGER backend.
ERROR: Can't open output file `/home/b10507053/ALS_Final_Project/student/work/ex250_ex254_frontend_fp4_dot_fma_semantic_20260608_2105/ex252/aigs/ex252_semantic_u2_dot4_pairtable_qrange_synth_preset.aig' for writing: No such file or directory
