case,candidate_id,hypothesis,function_guess,variant,method_signature,verilog_path,aig_path,metadata_path,verified_truth,equivalent,official_status,area,delay,adp,reference_adp,ratio_to_reference,within_1p5_reference,beats_reference,classification,selection_reason,source_kind,source_csv,source_run,source_verilog_path,source_aig_path,source_evaluate_log,aig_sha256,verilog_sha256,notes
ex240,ex240_r3_shift_align_source_compress,,,replace fixed min-alignment case tree with one guarded source-level shifter,ex240|E4M3FN packed add|current-best source compression with variable align shifter|shared field decode same-sign GRS and compact diff normalizer|yosys_abc_g_aig_frontend|official_evaluate|output_plane_preserved,student/new_seeds/float_fp8/ex240_ex254_backend_candidates_20260614_2011/ex240/verilog/ex240_r3_shift_align_source_compress.v,student/new_seeds/float_fp8/ex240_ex254_backend_candidates_20260614_2011/ex240/aigs/ex240_r3_shift_align_source_compress.aig,student/new_seeds/float_fp8/ex240_ex254_backend_candidates_20260614_2011/ex240/metadata/ex240_r3_shift_align_source_compress.json,1,1,OK,611,44,26884,13299,2.021505,0,0,frontend_verified,backend_start_diverse_noncurrent,frontend_campaign_shard,student/frontend_campaigns/campaigns/ex204_ex299_frontend_continuation_20260614_1216/agent_shards/fp8-output-plane-r3/candidates.csv,ex204_ex299_frontend_continuation_20260614_1216,student/work/ex204_ex299_frontend_continuation_20260614_1216/fp8-output-plane-r3/ex240/verilog/ex240_r3_shift_align_source_compress.v,student/work/ex204_ex299_frontend_continuation_20260614_1216/fp8-output-plane-r3/ex240/aigs/ex240_r3_shift_align_source_compress.aig,student/runs/float_fp8/ex204_ex299_frontend_continuation_20260614_1216/fp8-output-plane-r3/ex240/logs/ex240_r3_shift_align_source_compress.evaluate.py.log,aab034550507e5f9bc5ee97dfd837730d033168c0d0e18600a87ecb8a6f2258a,30ee57fb08b176e41ed0bf75c2629cc57e9a7ba5a326ebca3132f153d211fb7f,Materially different source compression of the r64 current best; not a BDD or direct arithmetic replay.; synth_log=student/work/ex204_ex299_frontend_continuation_20260614_1216/fp8-output-plane-r3/ex240/logs/ex240_r3_shift_align_source_compress.yosys.log
ex240,ex240_r64_compact_cancel_predicate_mux_synth_preset,E4M3FN packed add source restructuring,,synth_preset,ex240|E4M3FN packed add|ex240_r64_compact_cancel_predicate_mux|shared field decode diff-normalizer and selected-output factoring|repo_yosys_frontend|official_evaluate|full_word|synth_preset,student/new_seeds/float_fp8/ex240_ex254_backend_candidates_20260614_2011/ex240/verilog/ex240_r64_compact_cancel_predicate_mux_synth_preset.v,student/new_seeds/float_fp8/ex240_ex254_backend_candidates_20260614_2011/ex240/aigs/ex240_r64_compact_cancel_predicate_mux_synth_preset.aig,student/new_seeds/float_fp8/ex240_ex254_backend_candidates_20260614_2011/ex240/metadata/ex240_r64_compact_cancel_predicate_mux_synth_preset.json,1,1,OK,584,47,27448,13299,2.063915,0,0,frontend_verified,backend_start_diverse_noncurrent,frontend_campaign_shard,student/frontend_campaigns/campaigns/frontend_source_parallel_round64_20260613_1004/agent_shards/sub-mixed-diffroute-r64/candidates.csv,frontend_source_parallel_round64_20260613_1004,student/work/frontend_source_parallel_round64_20260613_1004/sub-mixed-diffroute-r64/ex240/verilog/ex240_r64_compact_cancel_predicate_mux.v,student/work/frontend_source_parallel_round64_20260613_1004/sub-mixed-diffroute-r64/ex240/aigs/ex240_r64_compact_cancel_predicate_mux_synth_preset.aig,student/work/frontend_source_parallel_round64_20260613_1004/sub-mixed-diffroute-r64/ex240/logs/ex240_r64_compact_cancel_predicate_mux_synth_preset.evaluate.py.log,29dad5bb5e84eeda2d795d3058a5aea522f31a1375b43e4d31240ada4e6d5ec1,70fc04e5da1c0f7b3cebdfddcde8979f79cc2a17f96af0203099cf7efea8a794,official evaluate.py OK
ex240,ex240_r2_zero_passthrough_abc_g_aig_frontend,,,zero passthrough shell around r64 sign/magnitude source,ex240|E4M3FN packed add high byte plus low byte|zero passthrough shell around r64 sign/magnitude source|shared NaN/zero predicates plus existing same/diff normalizer|abc_g_aig_frontend|official_evaluate|full_word,student/new_seeds/float_fp8/ex240_ex254_backend_candidates_20260614_2011/ex240/verilog/ex240_r2_zero_passthrough_abc_g_aig_frontend.v,student/new_seeds/float_fp8/ex240_ex254_backend_candidates_20260614_2011/ex240/aigs/ex240_r2_zero_passthrough_abc_g_aig_frontend.aig,student/new_seeds/float_fp8/ex240_ex254_backend_candidates_20260614_2011/ex240/metadata/ex240_r2_zero_passthrough_abc_g_aig_frontend.json,1,1,OK,620,45,27900,13299,2.097902,0,0,frontend_verified,backend_start_diverse_noncurrent,frontend_campaign_shard,student/frontend_campaigns/campaigns/ex204_ex299_frontend_breakthrough_20260614_1051/agent_shards/fp8-breakthrough-r2/candidates.csv,ex204_ex299_frontend_breakthrough_20260614_1051,student/work/ex204_ex299_frontend_breakthrough_20260614_1051/fp8-breakthrough-r2/ex240/verilog/ex240_r2_zero_passthrough_abc_g_aig_frontend.v,student/work/ex204_ex299_frontend_breakthrough_20260614_1051/fp8-breakthrough-r2/ex240/aigs/ex240_r2_zero_passthrough_abc_g_aig_frontend.aig,student/runs/float_fp8/ex204_ex299_frontend_breakthrough_20260614_1051/fp8-breakthrough-r2/ex240/logs/ex240_r2_zero_passthrough_abc_g_aig_frontend.evaluate.py.log,b0d12052e86ccb90e55679aaf05248d3833fbbadf021d849fd85c185ce31c1d0,def875974ec81f9e5b26c5a952ddc51dff44399746b7f2a17ecf01954e8e2b71,Quick low-priority check; exposes exact zero passthrough before selected output.; synth_log=student/work/ex204_ex299_frontend_breakthrough_20260614_1051/fp8-breakthrough-r2/ex240/logs/ex240_r2_zero_passthrough_abc_g_aig_frontend.yosys.log
ex240,ex240_r10_current_muxclean,,,current frontend best source with opt_muxtree/opt_reduce before abc -g aig,ex240|E4M3FN packed add high byte plus low byte|current frontend best source with opt_muxtree/opt_reduce before abc -g aig|preserves current shared source while reducing mux tree shape before AIG mapping|muxclean_aig|official_evaluate|frontend_only,student/new_seeds/float_fp8/ex240_ex254_backend_candidates_20260614_2011/ex240/verilog/ex240_r10_current_muxclean.v,student/new_seeds/float_fp8/ex240_ex254_backend_candidates_20260614_2011/ex240/aigs/ex240_r10_current_muxclean.aig,student/new_seeds/float_fp8/ex240_ex254_backend_candidates_20260614_2011/ex240/metadata/ex240_r10_current_muxclean.json,1,1,OK,627,45,28215,13299,2.121588,0,0,frontend_verified,backend_start_diverse_noncurrent,frontend_campaign_shard,student/frontend_campaigns/campaigns/ex204_ex299_frontend_breakthrough_20260614_1051/agent_shards/fp8-r10/candidates.csv,ex204_ex299_frontend_breakthrough_20260614_1051,student/work/ex204_ex299_frontend_breakthrough_20260614_1051/fp8-r10/ex240/verilog/ex240_r10_current_muxclean.v,student/work/ex204_ex299_frontend_breakthrough_20260614_1051/fp8-r10/ex240/aigs/ex240_r10_current_muxclean.aig,student/runs/float_fp8/ex204_ex299_frontend_breakthrough_20260614_1051/fp8-r10/ex240/logs/ex240_r10_current_muxclean.evaluate.py.log,a2ad0d07c591f3a8b1e62fdb244b48fb071f1c17f8a03c76c658162f70f3c667,fdb9b5b08cd0c71569081ea16cb2799e35cb0a52bd20dd5b2d0318e7cb9b95cb,frontend-only source generation and Yosys AIG synthesis; no backend/remap/postpareto
ex240,ex240_r11_nan_or_mask,,,replace final NaN mux with finite-output sign mask and payload OR mask,ex240|E4M3FN packed add high byte plus low byte|replace final NaN mux with finite-output sign mask and payload OR mask|keeps current semantic roots while changing the final output cone|abc_g_aig_frontend|official_evaluate|full_word,student/new_seeds/float_fp8/ex240_ex254_backend_candidates_20260614_2011/ex240/verilog/ex240_r11_nan_or_mask.v,student/new_seeds/float_fp8/ex240_ex254_backend_candidates_20260614_2011/ex240/aigs/ex240_r11_nan_or_mask.aig,student/new_seeds/float_fp8/ex240_ex254_backend_candidates_20260614_2011/ex240/metadata/ex240_r11_nan_or_mask.json,1,1,OK,627,45,28215,13299,2.121588,0,0,frontend_verified,backend_start_diverse_noncurrent,frontend_campaign_shard,student/frontend_campaigns/campaigns/ex204_ex299_frontend_breakthrough_20260614_1051/agent_shards/fp8-hard-r11/candidates.csv,ex204_ex299_frontend_breakthrough_20260614_1051,student/work/ex204_ex299_frontend_breakthrough_20260614_1051/fp8-hard-r11/ex240/verilog/ex240_r11_nan_or_mask.v,student/work/ex204_ex299_frontend_breakthrough_20260614_1051/fp8-hard-r11/ex240/aigs/ex240_r11_nan_or_mask.aig,student/runs/float_fp8/ex204_ex299_frontend_breakthrough_20260614_1051/fp8-hard-r11/ex240/logs/ex240_r11_nan_or_mask.evaluate.py.log,cab584ae7ba86545a0db2efcfad9b13902fe92f9a5a9e1ce48f578025c74d8f2,9c0b172c7ef9149c7e5c5261771fefde802b83072dfa5485db448de418320895,frontend-only r11 shard; no backend/remap/postpareto/deepsyn/CULS/e-syn
ex240,ex240_r10_output_plane_split,,,current source wrapped into high/mid/low output planes with kept plane wires,ex240|E4M3FN packed add high byte plus low byte|current source wrapped into high/mid/low output planes with kept plane wires|keeps the current core but asks Yosys to preserve separate output plane boundaries|plane_split_aig|official_evaluate|frontend_only,student/new_seeds/float_fp8/ex240_ex254_backend_candidates_20260614_2011/ex240/verilog/ex240_r10_output_plane_split.v,student/new_seeds/float_fp8/ex240_ex254_backend_candidates_20260614_2011/ex240/aigs/ex240_r10_output_plane_split.aig,student/new_seeds/float_fp8/ex240_ex254_backend_candidates_20260614_2011/ex240/metadata/ex240_r10_output_plane_split.json,1,1,OK,614,46,28244,13299,2.123769,0,0,frontend_verified,backend_start_diverse_noncurrent,frontend_campaign_shard,student/frontend_campaigns/campaigns/ex204_ex299_frontend_breakthrough_20260614_1051/agent_shards/fp8-r10/candidates.csv,ex204_ex299_frontend_breakthrough_20260614_1051,student/work/ex204_ex299_frontend_breakthrough_20260614_1051/fp8-r10/ex240/verilog/ex240_r10_output_plane_split.v,student/work/ex204_ex299_frontend_breakthrough_20260614_1051/fp8-r10/ex240/aigs/ex240_r10_output_plane_split.aig,student/runs/float_fp8/ex204_ex299_frontend_breakthrough_20260614_1051/fp8-r10/ex240/logs/ex240_r10_output_plane_split.evaluate.py.log,f1a2114fc12cdf5d1637fc70f82efcd24a473fb60a111eb6c98a38d81367c225,65614b10ef40fe9642841a638f46e279051ccffbbd490fec60a3f1058390b87f,frontend-only source generation and Yosys AIG synthesis; no backend/remap/postpareto
ex240,ex240_r9_truth_residual16_overlay,,,16-row exact residual LUT over decoded sign/magnitude fields with current core fallback,ex240|E4M3FN packed add high byte plus low byte|16-row exact residual LUT over decoded sign/magnitude fields with current core fallback|shared decoded high/low sign and magnitude key feeding a small hard-row residual table|yosys_abc_g_aig_frontend|official_evaluate|hard_row_residual_lut,student/new_seeds/float_fp8/ex240_ex254_backend_candidates_20260614_2011/ex240/verilog/ex240_r9_truth_residual16_overlay.v,student/new_seeds/float_fp8/ex240_ex254_backend_candidates_20260614_2011/ex240/aigs/ex240_r9_truth_residual16_overlay.aig,student/new_seeds/float_fp8/ex240_ex254_backend_candidates_20260614_2011/ex240/metadata/ex240_r9_truth_residual16_overlay.json,1,1,OK,618,46,28428,13299,2.137604,0,0,frontend_verified,backend_start_diverse_noncurrent,frontend_campaign_shard,student/frontend_campaigns/campaigns/ex204_ex299_frontend_breakthrough_20260614_1051/agent_shards/fp8-r9/candidates.csv,ex204_ex299_frontend_breakthrough_20260614_1051,student/work/ex204_ex299_frontend_breakthrough_20260614_1051/fp8-r9/ex240/verilog/ex240_r9_truth_residual16_overlay.v,student/work/ex204_ex299_frontend_breakthrough_20260614_1051/fp8-r9/ex240/aigs/ex240_r9_truth_residual16_overlay.aig,student/runs/float_fp8/ex204_ex299_frontend_breakthrough_20260614_1051/fp8-r9/ex240/logs/ex240_r9_truth_residual16_overlay.evaluate.py.log,290ff3d9085fe02e3a9c3178cdcf5251413c263e35f9647b2ce78fa7a15282ba,e5412b1bd15dd21b605ce14929a21046c08f190b8a7cfe25ca383f6992032326,frontend-only source overlay; no backend/remap/postpareto
ex240,ex240_r10_caseattrs_optfull,,,current source with parallel_case attributes on existing case statements,ex240|E4M3FN packed add high byte plus low byte|current source with parallel_case attributes on existing case statements|preserves existing decode but gives Yosys explicit case parallelism hints|caseattrs_optfull_aig|official_evaluate|frontend_only,student/new_seeds/float_fp8/ex240_ex254_backend_candidates_20260614_2011/ex240/verilog/ex240_r10_caseattrs_optfull.v,student/new_seeds/float_fp8/ex240_ex254_backend_candidates_20260614_2011/ex240/aigs/ex240_r10_caseattrs_optfull.aig,student/new_seeds/float_fp8/ex240_ex254_backend_candidates_20260614_2011/ex240/metadata/ex240_r10_caseattrs_optfull.json,1,1,OK,620,46,28520,13299,2.144522,0,0,frontend_verified,backend_start_diverse_noncurrent,frontend_campaign_shard,student/frontend_campaigns/campaigns/ex204_ex299_frontend_breakthrough_20260614_1051/agent_shards/fp8-r10/candidates.csv,ex204_ex299_frontend_breakthrough_20260614_1051,student/work/ex204_ex299_frontend_breakthrough_20260614_1051/fp8-r10/ex240/verilog/ex240_r10_caseattrs_optfull.v,student/work/ex204_ex299_frontend_breakthrough_20260614_1051/fp8-r10/ex240/aigs/ex240_r10_caseattrs_optfull.aig,student/runs/float_fp8/ex204_ex299_frontend_breakthrough_20260614_1051/fp8-r10/ex240/logs/ex240_r10_caseattrs_optfull.evaluate.py.log,e9f22e49ccd075213926acff1c59b313975a342c723a760a259e4d2723023d47,5609d2ee13de53592081ecc97b4ca1a9223936529500bc126d04667865dcd656,frontend-only source generation and Yosys AIG synthesis; no backend/remap/postpareto
ex241,ex241_r27_currentbest_delaytarget_synth_preset_aig_D16,verified FP8 semantic source with delay-targeted frontend synthesis,,currentbest_delaytarget,"ex241|current_frontend_semantic|delay_targeted_yosys_abc|reuse verified source with ABC delay target, not generic replay|shard_official_evaluate|exact_fp8_semantics|same_output_grouping_delay_target|synth_preset_aig_D16",student/new_seeds/float_fp8/ex240_ex254_backend_candidates_20260614_2011/ex241/verilog/ex241_r27_currentbest_delaytarget_synth_preset_aig_D16.v,student/new_seeds/float_fp8/ex240_ex254_backend_candidates_20260614_2011/ex241/aigs/ex241_r27_currentbest_delaytarget_synth_preset_aig_D16.aig,student/new_seeds/float_fp8/ex240_ex254_backend_candidates_20260614_2011/ex241/metadata/ex241_r27_currentbest_delaytarget_synth_preset_aig_D16.json,1,1,OK,536,29,15544,7224,2.151717,0,0,frontend_verified,backend_start_diverse_noncurrent,frontend_campaign_shard,student/frontend_campaigns/campaigns/ex240_ex299_frontend_gt2_round27_20260613_0619/agent_shards/fp8-semantic-r27/candidates.csv,ex240_ex299_frontend_gt2_round27_20260613_0619,student/work/ex240_ex299_frontend_gt2_round27_20260613_0619/fp8-semantic-r27/ex241/verilog/ex241_r27_currentbest_delaytarget_synth_preset_aig_D16.v,student/work/ex240_ex299_frontend_gt2_round27_20260613_0619/fp8-semantic-r27/ex241/aigs/ex241_r27_currentbest_delaytarget_synth_preset_aig_D16.aig,student/work/ex240_ex299_frontend_gt2_round27_20260613_0619/fp8-semantic-r27/ex241/logs/ex241_r27_currentbest_delaytarget_synth_preset_aig_D16.evaluate.py.log,0a46f0af98e1844806fbf55e0f53594c10c804879fd2dc48cba3f74312881614,6a27d2e9db1512491e0e71b75ac48a6dfa99206bee3a22260edc2ecadc366a06,official evaluate.py status OK; synth=synth_preset_aig_D16; runtime_sec=1.646; yosys_log=student/work/ex240_ex299_frontend_gt2_round27_20260613_0619/fp8-semantic-r27/ex241/logs/ex241_r27_currentbest_delaytarget_synth_preset_aig_D16.yosys.log
ex241,ex241_r10_current_muxclean,,,current frontend best source with opt_muxtree/opt_reduce before abc -g aig,ex241|E4M3FN packed multiply high byte times low byte|current frontend best source with opt_muxtree/opt_reduce before abc -g aig|preserves current shared source while reducing mux tree shape before AIG mapping|muxclean_aig|official_evaluate|frontend_only,student/new_seeds/float_fp8/ex240_ex254_backend_candidates_20260614_2011/ex241/verilog/ex241_r10_current_muxclean.v,student/new_seeds/float_fp8/ex240_ex254_backend_candidates_20260614_2011/ex241/aigs/ex241_r10_current_muxclean.aig,student/new_seeds/float_fp8/ex240_ex254_backend_candidates_20260614_2011/ex241/metadata/ex241_r10_current_muxclean.json,1,1,OK,548,29,15892,7224,2.199889,0,0,frontend_verified,backend_start_diverse_noncurrent,frontend_campaign_shard,student/frontend_campaigns/campaigns/ex204_ex299_frontend_breakthrough_20260614_1051/agent_shards/fp8-r10/candidates.csv,ex204_ex299_frontend_breakthrough_20260614_1051,student/work/ex204_ex299_frontend_breakthrough_20260614_1051/fp8-r10/ex241/verilog/ex241_r10_current_muxclean.v,student/work/ex204_ex299_frontend_breakthrough_20260614_1051/fp8-r10/ex241/aigs/ex241_r10_current_muxclean.aig,student/runs/float_fp8/ex204_ex299_frontend_breakthrough_20260614_1051/fp8-r10/ex241/logs/ex241_r10_current_muxclean.evaluate.py.log,ace537ebbbe2e4c0a157f5c6dd3aeed499cafae85880fefb14a6b0c7a05d41b2,95af16dac4112172b4bc6c723586f567606fecd15964b6eb919e4de29057713a,frontend-only source generation and Yosys AIG synthesis; no backend/remap/postpareto
ex241,ex241_r27_currentbest_delaytarget_abc_g_aig_D20,,,,,student/new_seeds/float_fp8/ex240_ex254_backend_candidates_20260614_2011/ex241/verilog/ex241_r27_currentbest_delaytarget_abc_g_aig_D20.v,student/new_seeds/float_fp8/ex240_ex254_backend_candidates_20260614_2011/ex241/aigs/ex241_r27_currentbest_delaytarget_abc_g_aig_D20.aig,student/new_seeds/float_fp8/ex240_ex254_backend_candidates_20260614_2011/ex241/metadata/ex241_r27_currentbest_delaytarget_abc_g_aig_D20.json,1,1,OK,548,29,15892,7224,2.199889,0,0,frontend_verified,backend_start_diverse_noncurrent,frontend_campaign_results,student/frontend_campaigns/campaigns/ex240_ex299_frontend_gt2_round27_20260613_0619/results/evaluation_results.csv,ex240_ex299_frontend_gt2_round27_20260613_0619,student/work/ex240_ex299_frontend_gt2_round27_20260613_0619/fp8-semantic-r27/ex241/verilog/ex241_r27_currentbest_delaytarget_abc_g_aig_D20.v,student/work/ex240_ex299_frontend_gt2_round27_20260613_0619/fp8-semantic-r27/ex241/aigs/ex241_r27_currentbest_delaytarget_abc_g_aig_D20.aig,student/work/ex240_ex299_frontend_gt2_round27_20260613_0619/fp8-semantic-r27/ex241/logs/ex241_r27_currentbest_delaytarget_abc_g_aig_D20.evaluate.py.log,e1f1069859899941dac88cbda11a7fc6923c39895ddfff3e110367f29c99cb26,6a27d2e9db1512491e0e71b75ac48a6dfa99206bee3a22260edc2ecadc366a06,official evaluate.py status OK; synth=abc_g_aig_D20; runtime_sec=1.602; yosys_log=student/work/ex240_ex299_frontend_gt2_round27_20260613_0619/fp8-semantic-r27/ex241/logs/ex241_r27_currentbest_delaytarget_abc_g_aig_D20.yosys.log
ex241,ex241_r10_output_plane_split,,,current source wrapped into high/mid/low output planes with kept plane wires,ex241|E4M3FN packed multiply high byte times low byte|current source wrapped into high/mid/low output planes with kept plane wires|keeps the current core but asks Yosys to preserve separate output plane boundaries|plane_split_aig|official_evaluate|frontend_only,student/new_seeds/float_fp8/ex240_ex254_backend_candidates_20260614_2011/ex241/verilog/ex241_r10_output_plane_split.v,student/new_seeds/float_fp8/ex240_ex254_backend_candidates_20260614_2011/ex241/aigs/ex241_r10_output_plane_split.aig,student/new_seeds/float_fp8/ex240_ex254_backend_candidates_20260614_2011/ex241/metadata/ex241_r10_output_plane_split.json,1,1,OK,551,29,15979,7224,2.211932,0,0,frontend_verified,backend_start_diverse_noncurrent,frontend_campaign_shard,student/frontend_campaigns/campaigns/ex204_ex299_frontend_breakthrough_20260614_1051/agent_shards/fp8-r10/candidates.csv,ex204_ex299_frontend_breakthrough_20260614_1051,student/work/ex204_ex299_frontend_breakthrough_20260614_1051/fp8-r10/ex241/verilog/ex241_r10_output_plane_split.v,student/work/ex204_ex299_frontend_breakthrough_20260614_1051/fp8-r10/ex241/aigs/ex241_r10_output_plane_split.aig,student/runs/float_fp8/ex204_ex299_frontend_breakthrough_20260614_1051/fp8-r10/ex241/logs/ex241_r10_output_plane_split.evaluate.py.log,2c046517e888ec0fa04b527c1beedc9f99252bc5c0cb2e2683a21a8e57f5a07e,16838b2a11512ee591ddbe0abf8dd7b6c553c4bc57ecc8ccd25cac61d6f76468,frontend-only source generation and Yosys AIG synthesis; no backend/remap/postpareto
ex241,ex241_r9_special_dag_overlay,,,top-level special/zero decision DAG with current exact frontend source as residual core,"ex241|E4M3FN packed multiply high byte times low byte|top-level special/zero decision DAG with current exact frontend source as residual core|shared byte field decode, NaN/zero/sign predicates, and residual current-core output|repo_yosys_frontend_default|official_evaluate|special_dag_residual_core",student/new_seeds/float_fp8/ex240_ex254_backend_candidates_20260614_2011/ex241/verilog/ex241_r9_special_dag_overlay.v,student/new_seeds/float_fp8/ex240_ex254_backend_candidates_20260614_2011/ex241/aigs/ex241_r9_special_dag_overlay.aig,student/new_seeds/float_fp8/ex240_ex254_backend_candidates_20260614_2011/ex241/metadata/ex241_r9_special_dag_overlay.json,1,1,OK,552,29,16008,7224,2.215947,0,0,frontend_verified,backend_start_diverse_noncurrent,frontend_campaign_shard,student/frontend_campaigns/campaigns/ex204_ex299_frontend_breakthrough_20260614_1051/agent_shards/fp8-r9/candidates.csv,ex204_ex299_frontend_breakthrough_20260614_1051,student/work/ex204_ex299_frontend_breakthrough_20260614_1051/fp8-r9/ex241/verilog/ex241_r9_special_dag_overlay.v,student/work/ex204_ex299_frontend_breakthrough_20260614_1051/fp8-r9/ex241/aigs/ex241_r9_special_dag_overlay.aig,student/runs/float_fp8/ex204_ex299_frontend_breakthrough_20260614_1051/fp8-r9/ex241/logs/ex241_r9_special_dag_overlay.evaluate.py.log,7ff7859f22af02982fb31fd757d62453a124d3c61f1612155b27acf843556c2e,d19a5062ddaa7c5c23a90976e095325c15297dcaf8b65336ffbc4e0f0fe9f149,frontend-only source overlay; no backend/remap/postpareto
ex241,ex241_r9_truth_residual16_overlay,,,16-row exact residual LUT over decoded sign/magnitude fields with current core fallback,ex241|E4M3FN packed multiply high byte times low byte|16-row exact residual LUT over decoded sign/magnitude fields with current core fallback|shared decoded high/low sign and magnitude key feeding a small hard-row residual table|yosys_abc_g_aig_frontend|official_evaluate|hard_row_residual_lut,student/new_seeds/float_fp8/ex240_ex254_backend_candidates_20260614_2011/ex241/verilog/ex241_r9_truth_residual16_overlay.v,student/new_seeds/float_fp8/ex240_ex254_backend_candidates_20260614_2011/ex241/aigs/ex241_r9_truth_residual16_overlay.aig,student/new_seeds/float_fp8/ex240_ex254_backend_candidates_20260614_2011/ex241/metadata/ex241_r9_truth_residual16_overlay.json,1,1,OK,554,29,16066,7224,2.223976,0,0,frontend_verified,backend_start_diverse_noncurrent,frontend_campaign_shard,student/frontend_campaigns/campaigns/ex204_ex299_frontend_breakthrough_20260614_1051/agent_shards/fp8-r9/candidates.csv,ex204_ex299_frontend_breakthrough_20260614_1051,student/work/ex204_ex299_frontend_breakthrough_20260614_1051/fp8-r9/ex241/verilog/ex241_r9_truth_residual16_overlay.v,student/work/ex204_ex299_frontend_breakthrough_20260614_1051/fp8-r9/ex241/aigs/ex241_r9_truth_residual16_overlay.aig,student/runs/float_fp8/ex204_ex299_frontend_breakthrough_20260614_1051/fp8-r9/ex241/logs/ex241_r9_truth_residual16_overlay.evaluate.py.log,095eef7477552a87dec9e4cf3bf80c7d984eb86e063113c3fcce520f151d2914,a1fd46280e60a182d32e6f32954e6d652d38ad81babc3dc50c9e905295aa4df8,frontend-only source overlay; no backend/remap/postpareto
ex241,ex241_r10_caseattrs_optfull,,,current source with parallel_case attributes on existing case statements,ex241|E4M3FN packed multiply high byte times low byte|current source with parallel_case attributes on existing case statements|preserves existing decode but gives Yosys explicit case parallelism hints|caseattrs_optfull_aig|official_evaluate|frontend_only,student/new_seeds/float_fp8/ex240_ex254_backend_candidates_20260614_2011/ex241/verilog/ex241_r10_caseattrs_optfull.v,student/new_seeds/float_fp8/ex240_ex254_backend_candidates_20260614_2011/ex241/aigs/ex241_r10_caseattrs_optfull.aig,student/new_seeds/float_fp8/ex240_ex254_backend_candidates_20260614_2011/ex241/metadata/ex241_r10_caseattrs_optfull.json,1,1,OK,538,30,16140,7224,2.234219,0,0,frontend_verified,backend_start_diverse_noncurrent,frontend_campaign_shard,student/frontend_campaigns/campaigns/ex204_ex299_frontend_breakthrough_20260614_1051/agent_shards/fp8-r10/candidates.csv,ex204_ex299_frontend_breakthrough_20260614_1051,student/work/ex204_ex299_frontend_breakthrough_20260614_1051/fp8-r10/ex241/verilog/ex241_r10_caseattrs_optfull.v,student/work/ex204_ex299_frontend_breakthrough_20260614_1051/fp8-r10/ex241/aigs/ex241_r10_caseattrs_optfull.aig,student/runs/float_fp8/ex204_ex299_frontend_breakthrough_20260614_1051/fp8-r10/ex241/logs/ex241_r10_caseattrs_optfull.evaluate.py.log,b9f32ff978a6275b289b0cc18cd1fda8c38c5b830de00a37d12a6a1f47fb90d1,58911620ccfced826d4e3ea8348f7bfcfe7cf46e12186664d62467bae8ba2e43,frontend-only source generation and Yosys AIG synthesis; no backend/remap/postpareto
ex241,ex241_r11_r71_splitcase_muxclean,,,r71 case-attributed output-split product table with mux-clean frontend flow,"ex241|E4M3FN packed multiply high byte times low byte|r71 case-attributed output-split product table with mux-clean frontend flow|shared sign xor, exponent sum, and product table with split final output bits|muxclean_aig|official_evaluate|full_word",student/new_seeds/float_fp8/ex240_ex254_backend_candidates_20260614_2011/ex241/verilog/ex241_r11_r71_splitcase_muxclean.v,student/new_seeds/float_fp8/ex240_ex254_backend_candidates_20260614_2011/ex241/aigs/ex241_r11_r71_splitcase_muxclean.aig,student/new_seeds/float_fp8/ex240_ex254_backend_candidates_20260614_2011/ex241/metadata/ex241_r11_r71_splitcase_muxclean.json,1,1,OK,540,30,16200,7224,2.242525,0,0,frontend_verified,backend_start_diverse_noncurrent,frontend_campaign_shard,student/frontend_campaigns/campaigns/ex204_ex299_frontend_breakthrough_20260614_1051/agent_shards/fp8-hard-r11/candidates.csv,ex204_ex299_frontend_breakthrough_20260614_1051,student/work/ex204_ex299_frontend_breakthrough_20260614_1051/fp8-hard-r11/ex241/verilog/ex241_r11_r71_splitcase_muxclean.v,student/work/ex204_ex299_frontend_breakthrough_20260614_1051/fp8-hard-r11/ex241/aigs/ex241_r11_r71_splitcase_muxclean.aig,student/runs/float_fp8/ex204_ex299_frontend_breakthrough_20260614_1051/fp8-hard-r11/ex241/logs/ex241_r11_r71_splitcase_muxclean.evaluate.py.log,4f81d108ff0821d9388f8468d67dd8ddf9a3ec76244f6472eaf437649be11756,5ae51b0d9e409497c2094cb509b5c8c88f9be7bb63a7169c0f948696d19381b9,frontend-only r11 shard; no backend/remap/postpareto/deepsyn/CULS/e-syn
ex242,ex242_r71_axis_attr_hardrom,E4M3FN packed low-over-high division,,axis/minor affine shell with full hard-row ROM repairs,"ex242|E4M3FN packed low-over-high division|reciprocal-class exponent-delta shell plus hard-zone quotient ROM|shared sign xor, exponent delta, numerator/denominator significands, per-sigpair affine attributes|axis/minor affine shell with full hard-row ROM repairs|repo_yosys_frontend_default|official_evaluate|full_word",student/new_seeds/float_fp8/ex240_ex254_backend_candidates_20260614_2011/ex242/verilog/ex242_r71_axis_attr_hardrom.v,student/new_seeds/float_fp8/ex240_ex254_backend_candidates_20260614_2011/ex242/aigs/ex242_r71_axis_attr_hardrom.aig,student/new_seeds/float_fp8/ex240_ex254_backend_candidates_20260614_2011/ex242/metadata/ex242_r71_axis_attr_hardrom.json,1,1,OK,842,21,17682,11900,1.485882,1,0,frontend_verified,backend_start_diverse_noncurrent,frontend_campaign_shard,student/frontend_campaigns/campaigns/frontend_source_parallel_round71_20260613_1308/agent_shards/sub-fp8-arith-hybrid-r71/candidates.csv,frontend_source_parallel_round71_20260613_1308,student/work/frontend_source_parallel_round71_20260613_1308/sub-fp8-arith-hybrid-r71/ex242/verilog/ex242_r71_axis_attr_hardrom.v,student/work/frontend_source_parallel_round71_20260613_1308/sub-fp8-arith-hybrid-r71/ex242/aigs/ex242_r71_axis_attr_hardrom.aig,student/work/frontend_source_parallel_round71_20260613_1308/sub-fp8-arith-hybrid-r71/ex242/logs/ex242_r71_axis_attr_hardrom.evaluate.py.log,8aab6ebed254be8b90b8570aaac339aef90db148561809c5152987bad7660ed5,a54f9f3a83ff4bee33bc332321139b6a1897b58185413feb9a83f0f1657b0624,official evaluate.py OK; attr_rows=225; hard_rows=1972; synth_sec=0.908; eval_sec=0.526
ex242,ex242_r8_splitpo_numzero_shell_abc_g_aig_frontend,,,axis difference + split hard exponent/mantissa repair functions,r8_splitpo_axis_numzero_special_shell,student/new_seeds/float_fp8/ex240_ex254_backend_candidates_20260614_2011/ex242/verilog/ex242_r8_splitpo_numzero_shell_abc_g_aig_frontend.v,student/new_seeds/float_fp8/ex240_ex254_backend_candidates_20260614_2011/ex242/aigs/ex242_r8_splitpo_numzero_shell_abc_g_aig_frontend.aig,student/new_seeds/float_fp8/ex240_ex254_backend_candidates_20260614_2011/ex242/metadata/ex242_r8_splitpo_numzero_shell_abc_g_aig_frontend.json,1,1,OK,905,21,19005,11900,1.597059,0,0,frontend_verified,backend_start_diverse_noncurrent,frontend_campaign_shard,student/frontend_campaigns/campaigns/ex204_ex299_frontend_breakthrough_20260614_1051/agent_shards/fp8-recent-r8/candidates.csv,ex204_ex299_frontend_breakthrough_20260614_1051,student/work/ex204_ex299_frontend_breakthrough_20260614_1051/fp8-recent-r8/ex242/verilog/ex242_r8_splitpo_numzero_shell_abc_g_aig_frontend.v,student/work/ex204_ex299_frontend_breakthrough_20260614_1051/fp8-recent-r8/ex242/aig/ex242_r8_splitpo_numzero_shell_abc_g_aig_frontend.aig,student/runs/float_fp8/ex204_ex299_frontend_breakthrough_20260614_1051/fp8-recent-r8/ex242/logs/ex242_r8_splitpo_numzero_shell_abc_g_aig_frontend.evaluate.py.log,f0e36b5745c0909f5c0bc266651b42ad20710153c07fde2d3fb88938c0b55e45,51189bd25162c07a8a0c113b6f6aa36c29ebf70f03fa8a6b67e4c36bda9e524a,synth_log=student/work/ex204_ex299_frontend_breakthrough_20260614_1051/fp8-recent-r8/ex242/logs/ex242_r8_splitpo_numzero_shell_abc_g_aig_frontend.yosys.log
ex242,ex242_r71_splitpo_hardpieces,E4M3FN packed low-over-high division,,axis/minor affine shell with independent exponent and mantissa hard-piece functions,"ex242|E4M3FN packed low-over-high division|source-level split-PO quotient crossover with shared delta/sigpair shell|shared sign xor, exponent delta, numerator/denominator significands, per-sigpair affine attributes|axis/minor affine shell with independent exponent and mantissa hard-piece functions|repo_yosys_frontend_default|official_evaluate|full_word",student/new_seeds/float_fp8/ex240_ex254_backend_candidates_20260614_2011/ex242/verilog/ex242_r71_splitpo_hardpieces.v,student/new_seeds/float_fp8/ex240_ex254_backend_candidates_20260614_2011/ex242/aigs/ex242_r71_splitpo_hardpieces.aig,student/new_seeds/float_fp8/ex240_ex254_backend_candidates_20260614_2011/ex242/metadata/ex242_r71_splitpo_hardpieces.json,1,1,OK,906,21,19026,11900,1.598824,0,0,frontend_verified,backend_start_diverse_noncurrent,frontend_campaign_shard,student/frontend_campaigns/campaigns/frontend_source_parallel_round71_20260613_1308/agent_shards/sub-fp8-arith-hybrid-r71/candidates.csv,frontend_source_parallel_round71_20260613_1308,student/work/frontend_source_parallel_round71_20260613_1308/sub-fp8-arith-hybrid-r71/ex242/verilog/ex242_r71_splitpo_hardpieces.v,student/work/frontend_source_parallel_round71_20260613_1308/sub-fp8-arith-hybrid-r71/ex242/aigs/ex242_r71_splitpo_hardpieces.aig,student/work/frontend_source_parallel_round71_20260613_1308/sub-fp8-arith-hybrid-r71/ex242/logs/ex242_r71_splitpo_hardpieces.evaluate.py.log,0fa19b431670daaaf472041717a982ae3fb2bdd1ab47cb0af27080ce06baa816,067098153473ebcae4e57506ba85db64bb0976bc24057e918c1a28360a3fa311,official evaluate.py OK; attr_rows=225; hard_rows=3822; synth_sec=1.079; eval_sec=0.531
ex242,ex242_r67_div_desc_split,E4M3FN packed low-over-high division,,output-clustered quotient descriptor high/low tables,ex242|E4M3FN packed low-over-high division|output-clustered quotient descriptor high/low tables|shared quotient delta/sig descriptor with split output clusters|repo_yosys_frontend_default|official_evaluate|full_word,student/new_seeds/float_fp8/ex240_ex254_backend_candidates_20260614_2011/ex242/verilog/ex242_r67_div_desc_split.v,student/new_seeds/float_fp8/ex240_ex254_backend_candidates_20260614_2011/ex242/aigs/ex242_r67_div_desc_split.aig,student/new_seeds/float_fp8/ex240_ex254_backend_candidates_20260614_2011/ex242/metadata/ex242_r67_div_desc_split.json,1,1,OK,1325,19,25175,11900,2.115546,0,0,frontend_verified,backend_start_diverse_noncurrent,frontend_campaign_shard,student/frontend_campaigns/campaigns/frontend_source_parallel_round67_20260613_1104/agent_shards/sub-fp8-mid-r67/candidates.csv,frontend_source_parallel_round67_20260613_1104,student/work/frontend_source_parallel_round67_20260613_1104/sub-fp8-mid-r67/ex242/verilog/ex242_r67_div_desc_split.v,student/work/frontend_source_parallel_round67_20260613_1104/sub-fp8-mid-r67/ex242/aigs/ex242_r67_div_desc_split.aig,student/work/frontend_source_parallel_round67_20260613_1104/sub-fp8-mid-r67/ex242/logs/ex242_r67_div_desc_split.evaluate.py.log,48cbc55f6f0bb62f22b486f749f62c818853c65634664c0f7642274f04146fb3,4c98b7439a8b0eee1a7539655611751a0cc60eeeada7dd6d13148df34597b34f,official evaluate.py OK; synth_sec=1.267; eval_sec=0.504
ex242,ex242_r27_currentbest_delaytarget_synth_preset_aig_D16,verified FP8 semantic source with delay-targeted frontend synthesis,,currentbest_delaytarget,"ex242|current_frontend_semantic|delay_targeted_yosys_abc|reuse verified source with ABC delay target, not generic replay|shard_official_evaluate|exact_fp8_semantics|same_output_grouping_delay_target|synth_preset_aig_D16",student/new_seeds/float_fp8/ex240_ex254_backend_candidates_20260614_2011/ex242/verilog/ex242_r27_currentbest_delaytarget_synth_preset_aig_D16.v,student/new_seeds/float_fp8/ex240_ex254_backend_candidates_20260614_2011/ex242/aigs/ex242_r27_currentbest_delaytarget_synth_preset_aig_D16.aig,student/new_seeds/float_fp8/ex240_ex254_backend_candidates_20260614_2011/ex242/metadata/ex242_r27_currentbest_delaytarget_synth_preset_aig_D16.json,1,1,OK,1266,20,25320,11900,2.127731,0,0,frontend_verified,backend_start_diverse_noncurrent,frontend_campaign_shard,student/frontend_campaigns/campaigns/ex240_ex299_frontend_gt2_round27_20260613_0619/agent_shards/fp8-semantic-r27/candidates.csv,ex240_ex299_frontend_gt2_round27_20260613_0619,student/work/ex240_ex299_frontend_gt2_round27_20260613_0619/fp8-semantic-r27/ex242/verilog/ex242_r27_currentbest_delaytarget_synth_preset_aig_D16.v,student/work/ex240_ex299_frontend_gt2_round27_20260613_0619/fp8-semantic-r27/ex242/aigs/ex242_r27_currentbest_delaytarget_synth_preset_aig_D16.aig,student/work/ex240_ex299_frontend_gt2_round27_20260613_0619/fp8-semantic-r27/ex242/logs/ex242_r27_currentbest_delaytarget_synth_preset_aig_D16.evaluate.py.log,cda96e509b5b72f69a89969555f12620d9389c338a79e70c0b06b933b907094b,0a72c981b49bdc7f279f62bc6109619c67c4e84c334e2034f5ce90eb14baa6e0,official evaluate.py status OK; synth=synth_preset_aig_D16; runtime_sec=1.910; yosys_log=student/work/ex240_ex299_frontend_gt2_round27_20260613_0619/fp8-semantic-r27/ex242/logs/ex242_r27_currentbest_delaytarget_synth_preset_aig_D16.yosys.log
ex242,ex242_semantic_div_formula_exception_compact_synth_preset_aig,fp8_e4m3fn_div_low_over_high,fp8_e4m3fn_div_low_over_high,semantic_div_formula_exception_compact_synth_preset_aig,fp8_e4m3fn_div_low_over_high,student/new_seeds/float_fp8/ex240_ex254_backend_candidates_20260614_2011/ex242/verilog/ex242_semantic_div_formula_exception_compact_synth_preset_aig.v,student/new_seeds/float_fp8/ex240_ex254_backend_candidates_20260614_2011/ex242/aigs/ex242_semantic_div_formula_exception_compact_synth_preset_aig.aig,student/new_seeds/float_fp8/ex240_ex254_backend_candidates_20260614_2011/ex242/metadata/ex242_semantic_div_formula_exception_compact_synth_preset_aig.json,1,1,OK,1028,25,25700,11900,2.159664,0,0,frontend_verified,backend_start_diverse_noncurrent,student_runs,student/runs/float_fp8/ex242_frontend_fp8_div_formula_compact_20260608_1253/results/best.csv,ex242_frontend_fp8_div_formula_compact_20260608_1253,student/work/ex242_frontend_fp8_div_formula_compact_20260608_1253/ex242/verilog/ex242_semantic_div_formula_exception_compact.v,student/work/ex242_frontend_fp8_div_formula_compact_20260608_1253/ex242/aigs/ex242_semantic_div_formula_exception_compact_synth_preset_aig.aig,,72b69e9849cdfd4f620b7c69b5bc405d67ca890e44e34db1b279deac639464cc,cd47ac9013f92b2a5490c7c8c92ffbb9beeefb498bb9a9579a602100b18df407,division formula/exception with compact default param table
ex243,ex243_semantic_fmod_modsig_nested_delta_abc_g_aig_abc_g_gates,fp8_e4m3fn_fmod_low_by_high_abs,fp8_e4m3fn_fmod_low_by_high_abs,abc_g_gates,fp8_e4m3fn_fmod_low_by_high_abs,student/new_seeds/float_fp8/ex240_ex254_backend_candidates_20260614_2011/ex243/verilog/ex243_semantic_fmod_modsig_nested_delta_abc_g_aig_abc_g_gates.v,student/new_seeds/float_fp8/ex240_ex254_backend_candidates_20260614_2011/ex243/aigs/ex243_semantic_fmod_modsig_nested_delta_abc_g_aig_abc_g_gates.aig,student/new_seeds/float_fp8/ex240_ex254_backend_candidates_20260614_2011/ex243/metadata/ex243_semantic_fmod_modsig_nested_delta_abc_g_aig_abc_g_gates.json,1,1,OK,1808,27,48816,53227,0.917129,1,1,frontend_verified,backend_start_diverse_noncurrent,student_runs,student/runs/float_fp8/ex241_ex243_frontend_fp8_nested_best_synthflow_20260608_1330/results/candidates.csv,ex241_ex243_frontend_fp8_nested_best_synthflow_20260608_1330,student/work/ex241_ex242_ex243_frontend_fp8_nested_tables_fix_20260608_1330/ex243/verilog/ex243_semantic_fmod_modsig_nested_delta.v,student/work/ex241_ex243_frontend_fp8_nested_best_synthflow_20260608_1330/ex243/aigs/ex243_semantic_fmod_modsig_nested_delta_abc_g_aig_abc_g_gates.aig,,212b4456caf63cdbe503c82c9d81dff45821681eb7bf896516ab1fbf546b516b,d3b6a5fa2fc7596f1a25297c59be0aab34d7f1bbfa11cf79f1f7a9a6835a1ce9,Yosys abc gate set gates
ex243,ex243_semantic_fmod_modsig_nested_delta_abc_g_aig_abc_d20,fp8_e4m3fn_fmod_low_by_high_abs,fp8_e4m3fn_fmod_low_by_high_abs,abc_d20,fp8_e4m3fn_fmod_low_by_high_abs,student/new_seeds/float_fp8/ex240_ex254_backend_candidates_20260614_2011/ex243/verilog/ex243_semantic_fmod_modsig_nested_delta_abc_g_aig_abc_d20.v,student/new_seeds/float_fp8/ex240_ex254_backend_candidates_20260614_2011/ex243/aigs/ex243_semantic_fmod_modsig_nested_delta_abc_g_aig_abc_d20.aig,student/new_seeds/float_fp8/ex240_ex254_backend_candidates_20260614_2011/ex243/metadata/ex243_semantic_fmod_modsig_nested_delta_abc_g_aig_abc_d20.json,1,1,OK,1809,27,48843,53227,0.917636,1,1,frontend_verified,backend_start_diverse_noncurrent,student_runs,student/runs/float_fp8/ex241_ex243_frontend_fp8_nested_best_synthflow_20260608_1330/results/candidates.csv,ex241_ex243_frontend_fp8_nested_best_synthflow_20260608_1330,student/work/ex241_ex242_ex243_frontend_fp8_nested_tables_fix_20260608_1330/ex243/verilog/ex243_semantic_fmod_modsig_nested_delta.v,student/work/ex241_ex243_frontend_fp8_nested_best_synthflow_20260608_1330/ex243/aigs/ex243_semantic_fmod_modsig_nested_delta_abc_g_aig_abc_d20.aig,,efc1b575baa69eb6a8e2346ccfb8d12ed3c73c5e11a284c7668a34725cc2c98d,d3b6a5fa2fc7596f1a25297c59be0aab34d7f1bbfa11cf79f1f7a9a6835a1ce9,Yosys abc delay target 20
ex243,ex243_semantic_fmod_modsig_nested_delta_abc_g_aig_abc_g_cmos2,fp8_e4m3fn_fmod_low_by_high_abs,fp8_e4m3fn_fmod_low_by_high_abs,abc_g_cmos2,fp8_e4m3fn_fmod_low_by_high_abs,student/new_seeds/float_fp8/ex240_ex254_backend_candidates_20260614_2011/ex243/verilog/ex243_semantic_fmod_modsig_nested_delta_abc_g_aig_abc_g_cmos2.v,student/new_seeds/float_fp8/ex240_ex254_backend_candidates_20260614_2011/ex243/aigs/ex243_semantic_fmod_modsig_nested_delta_abc_g_aig_abc_g_cmos2.aig,student/new_seeds/float_fp8/ex240_ex254_backend_candidates_20260614_2011/ex243/metadata/ex243_semantic_fmod_modsig_nested_delta_abc_g_aig_abc_g_cmos2.json,1,1,OK,1857,27,50139,53227,0.941984,1,1,frontend_verified,backend_start_diverse_noncurrent,student_runs,student/runs/float_fp8/ex241_ex243_frontend_fp8_nested_best_synthflow_20260608_1330/results/candidates.csv,ex241_ex243_frontend_fp8_nested_best_synthflow_20260608_1330,student/work/ex241_ex242_ex243_frontend_fp8_nested_tables_fix_20260608_1330/ex243/verilog/ex243_semantic_fmod_modsig_nested_delta.v,student/work/ex241_ex243_frontend_fp8_nested_best_synthflow_20260608_1330/ex243/aigs/ex243_semantic_fmod_modsig_nested_delta_abc_g_aig_abc_g_cmos2.aig,,085544267ed86792b97f7cd0b248de8ab1dd005672745cd048533a008c46a698,d3b6a5fa2fc7596f1a25297c59be0aab34d7f1bbfa11cf79f1f7a9a6835a1ce9,Yosys abc gate set cmos2
ex243,ex243_semantic_fmod_modsig_nested_delta_synth_preset_aig,fp8_e4m3fn_fmod_low_by_high_abs,fp8_e4m3fn_fmod_low_by_high_abs,semantic_fmod_modsig_nested_delta_synth_preset_aig,fp8_e4m3fn_fmod_low_by_high_abs,student/new_seeds/float_fp8/ex240_ex254_backend_candidates_20260614_2011/ex243/verilog/ex243_semantic_fmod_modsig_nested_delta_synth_preset_aig.v,student/new_seeds/float_fp8/ex240_ex254_backend_candidates_20260614_2011/ex243/aigs/ex243_semantic_fmod_modsig_nested_delta_synth_preset_aig.aig,student/new_seeds/float_fp8/ex240_ex254_backend_candidates_20260614_2011/ex243/metadata/ex243_semantic_fmod_modsig_nested_delta_synth_preset_aig.json,1,1,OK,1914,27,51678,53227,0.970898,1,1,frontend_verified,backend_start_diverse_noncurrent,student_runs,student/runs/float_fp8/ex241_ex242_ex243_frontend_fp8_nested_tables_fix_20260608_1330/results/candidates.csv,ex241_ex242_ex243_frontend_fp8_nested_tables_fix_20260608_1330,student/work/ex241_ex242_ex243_frontend_fp8_nested_tables_fix_20260608_1330/ex243/verilog/ex243_semantic_fmod_modsig_nested_delta.v,student/work/ex241_ex242_ex243_frontend_fp8_nested_tables_fix_20260608_1330/ex243/aigs/ex243_semantic_fmod_modsig_nested_delta_synth_preset_aig.aig,,f68e1c7cb9424d2678ad257579407dddf926028e79f3d552bb3ff7493e9b4392,d3b6a5fa2fc7596f1a25297c59be0aab34d7f1bbfa11cf79f1f7a9a6835a1ce9,
ex244,ex244_r22_maxeff_delta_bdd_replay,E4M3FN packed hypot max-plus-delta max-eff BDD,,,ex244|E4M3FN packed hypot|round22 max-eff delta BDD replay|shared abs max/min decode max_eff gap sig4 and delta BDD bits|yosys_synth_flatten_abc_g_aig_official_evaluate|exact_e4m3fn_hypot_abs_high_low|max_plus_delta_outputs,student/new_seeds/float_fp8/ex240_ex254_backend_candidates_20260614_2011/ex244/verilog/ex244_r22_maxeff_delta_bdd_replay.v,student/new_seeds/float_fp8/ex240_ex254_backend_candidates_20260614_2011/ex244/aigs/ex244_r22_maxeff_delta_bdd_replay.aig,student/new_seeds/float_fp8/ex240_ex254_backend_candidates_20260614_2011/ex244/metadata/ex244_r22_maxeff_delta_bdd_replay.json,1,1,OK,301,34,10234,4272,2.395599,0,0,frontend_verified,backend_start_diverse_noncurrent,frontend_campaign_shard,student/frontend_campaigns/campaigns/ex200_ex299_frontend_refgap_round22_20260613_0218/agent_shards/float-fp8-r22/candidates.csv,ex200_ex299_frontend_refgap_round22_20260613_0218,student/work/ex200_ex299_frontend_refgap_round22_20260613_0218/float-fp8-r22/ex244/verilog/ex244_r22_maxeff_delta_bdd_replay.v,student/work/ex200_ex299_frontend_refgap_round22_20260613_0218/float-fp8-r22/ex244/aigs/ex244_r22_maxeff_delta_bdd_replay.aig,student/work/ex200_ex299_frontend_refgap_round22_20260613_0218/float-fp8-r22/ex244/logs/ex244_r22_maxeff_delta_bdd_replay.official_evaluate.log,856c6f4888ae3c0301ba852ff71402aa0e283191582cf1a3388d3528e31343bc,8f7c7ff25f556618ff609719fdd517af5203ea9b4eda4062569e2fbf1ca25825,official evaluate.py OK; tied current frontend ADP and remains above reference; synth_log=student/work/ex200_ex299_frontend_refgap_round22_20260613_0218/float-fp8-r22/ex244/logs/ex244_r22_maxeff_delta_bdd_replay.yosys.log; synth_script=student/work/ex200_ex299_frontend_refgap_round22_20260613_0218/float-fp8-r22/ex244/logs/ex244_r22_maxeff_delta_bdd_replay.yosys.ys; official_output_aig=student/work/ex200_ex299_frontend_refgap_round22_20260613_0218/float-fp8-r22/ex244/official_eval/ex244_r22_maxeff_delta_bdd_replay/output/ex244.aig
ex244,ex244_r60_gapcofactor_satsplit_field_abc_g_aig,shallow field compare with gap-cofactored delta,,gapcofactor_satsplit/field/abc_g_aig,shallow field compare with gap-cofactored delta,student/new_seeds/float_fp8/ex240_ex254_backend_candidates_20260614_2011/ex244/verilog/ex244_r60_gapcofactor_satsplit_field_abc_g_aig.v,student/new_seeds/float_fp8/ex240_ex254_backend_candidates_20260614_2011/ex244/aigs/ex244_r60_gapcofactor_satsplit_field_abc_g_aig.aig,student/new_seeds/float_fp8/ex240_ex254_backend_candidates_20260614_2011/ex244/metadata/ex244_r60_gapcofactor_satsplit_field_abc_g_aig.json,1,1,OK,304,34,10336,4272,2.419476,0,0,frontend_verified,backend_start_diverse_noncurrent,frontend_campaign_shard,student/frontend_campaigns/campaigns/frontend_source_parallel_round60_20260613_0825/agent_shards/sub-ex244-r60/candidates.csv,frontend_source_parallel_round60_20260613_0825,student/work/frontend_source_parallel_round60_20260613_0825/sub-ex244-r60/ex244/verilog/ex244_r60_gapcofactor_satsplit_field.v,student/work/frontend_source_parallel_round60_20260613_0825/sub-ex244-r60/ex244/aigs/ex244_r60_gapcofactor_satsplit_field_abc_g_aig.aig,,91e95f3325f2f0feedc91104079f6108abe103d41379a5ccf6495a2b99f426d5,ff4ff93a45fa184ce49be14478e526d66e14b8b38ecee25e7fda069a0ae43349,official evaluate.py OK; synth_sec=0.290; eval_sec=0.514; yosys_log=student/work/frontend_source_parallel_round60_20260613_0825/sub-ex244-r60/ex244/logs/ex244_r60_gapcofactor_satsplit_field_abc_g_aig.yosys.log
ex244,ex244_semantic_hypot_delta_maxeff_bdd_expfirst_synth_preset,fp8_e4m3fn_hypot_abs,fp8_e4m3fn_hypot_abs,semantic_hypot_delta_maxeff_bdd_expfirst_synth_preset,fp8_e4m3fn_hypot_abs,student/new_seeds/float_fp8/ex240_ex254_backend_candidates_20260614_2011/ex244/verilog/ex244_semantic_hypot_delta_maxeff_bdd_expfirst_synth_preset.v,student/new_seeds/float_fp8/ex240_ex254_backend_candidates_20260614_2011/ex244/aigs/ex244_semantic_hypot_delta_maxeff_bdd_expfirst_synth_preset.aig,student/new_seeds/float_fp8/ex240_ex254_backend_candidates_20260614_2011/ex244/metadata/ex244_semantic_hypot_delta_maxeff_bdd_expfirst_synth_preset.json,1,1,OK,307,34,10438,4272,2.443352,0,0,frontend_verified,backend_start_diverse_noncurrent,student_runs,student/runs/float_fp8/ex240_ex244_frontend_fp8_magbdd_deltaeff_20260608_1401/results/candidates.csv,ex240_ex244_frontend_fp8_magbdd_deltaeff_20260608_1401,student/work/ex240_ex244_frontend_fp8_magbdd_deltaeff_20260608_1401/ex244/verilog/ex244_semantic_hypot_delta_maxeff_bdd_expfirst.v,student/work/ex240_ex244_frontend_fp8_magbdd_deltaeff_20260608_1401/ex244/aigs/ex244_semantic_hypot_delta_maxeff_bdd_expfirst_synth_preset.aig,,df2ef8012aaeed64ca9bb33d758bb84438fe3b38dba862531496c101aabe0f0e,8f7c7ff25f556618ff609719fdd517af5203ea9b4eda4062569e2fbf1ca25825,
ex244,ex244_r60_gapcofactor_satsplit_raw_abc_g_aig,gap-cofactored delta tables with saturation split,,gapcofactor_satsplit/raw/abc_g_aig,gap-cofactored delta tables with saturation split,student/new_seeds/float_fp8/ex240_ex254_backend_candidates_20260614_2011/ex244/verilog/ex244_r60_gapcofactor_satsplit_raw_abc_g_aig.v,student/new_seeds/float_fp8/ex240_ex254_backend_candidates_20260614_2011/ex244/aigs/ex244_r60_gapcofactor_satsplit_raw_abc_g_aig.aig,student/new_seeds/float_fp8/ex240_ex254_backend_candidates_20260614_2011/ex244/metadata/ex244_r60_gapcofactor_satsplit_raw_abc_g_aig.json,1,1,OK,300,35,10500,4272,2.457865,0,0,frontend_verified,backend_start_diverse_noncurrent,frontend_campaign_shard,student/frontend_campaigns/campaigns/frontend_source_parallel_round60_20260613_0825/agent_shards/sub-ex244-r60/candidates.csv,frontend_source_parallel_round60_20260613_0825,student/work/frontend_source_parallel_round60_20260613_0825/sub-ex244-r60/ex244/verilog/ex244_r60_gapcofactor_satsplit_raw.v,student/work/frontend_source_parallel_round60_20260613_0825/sub-ex244-r60/ex244/aigs/ex244_r60_gapcofactor_satsplit_raw_abc_g_aig.aig,,a44893d50c611f8136f5357abf96731de78262c60209753cdcd43ea1b38f5157,973249419e3235420abadac357254afca895db2304c090b64054c765cafa9de3,official evaluate.py OK; synth_sec=0.292; eval_sec=0.512; yosys_log=student/work/frontend_source_parallel_round60_20260613_0825/sub-ex244-r60/ex244/logs/ex244_r60_gapcofactor_satsplit_raw_abc_g_aig.yosys.log
ex244,ex244_semantic_hypot_delta_maxeff_bdd_mixed_synth_preset_aig,E4M3FN packed hypot of operand magnitudes,,,ex244|E4M3FN packed hypot|round16 maxeff gap/sig mixed-order delta BDD|shared max/min decode plus max exponent saturation context in BDD roots|yosys_synth_preset_aig_official_evaluate|exact_e4m3fn_hypot_abs_high_low|output_grouped_delta_bits,student/new_seeds/float_fp8/ex240_ex254_backend_candidates_20260614_2011/ex244/verilog/ex244_semantic_hypot_delta_maxeff_bdd_mixed_synth_preset_aig.v,student/new_seeds/float_fp8/ex240_ex254_backend_candidates_20260614_2011/ex244/aigs/ex244_semantic_hypot_delta_maxeff_bdd_mixed_synth_preset_aig.aig,student/new_seeds/float_fp8/ex240_ex254_backend_candidates_20260614_2011/ex244/metadata/ex244_semantic_hypot_delta_maxeff_bdd_mixed_synth_preset_aig.json,1,1,OK,309,34,10506,4272,2.459270,0,0,frontend_verified,backend_start_diverse_noncurrent,frontend_campaign_shard,student/frontend_campaigns/campaigns/ex200_ex299_frontend_refgap_round16_20260612_2233/agent_shards/fp8-struct-r16/candidates.csv,ex200_ex299_frontend_refgap_round16_20260612_2233,student/work/ex200_ex299_frontend_refgap_round16_20260612_2233/fp8-struct-r16/ex244/verilog/ex244_semantic_hypot_delta_maxeff_bdd_mixed.v,student/work/ex200_ex299_frontend_refgap_round16_20260612_2233/fp8-struct-r16/ex244/aigs/ex244_semantic_hypot_delta_maxeff_bdd_mixed_synth_preset_aig.aig,student/work/ex200_ex299_frontend_refgap_round16_20260612_2233/fp8-struct-r16/ex244/logs/ex244_semantic_hypot_delta_maxeff_bdd_mixed_synth_preset_aig.official_evaluate.log,725ff734496fd2821779ec4e75d9eb2862150d7f67988496130c359d8d417ef9,64d8d5d93066c9c0d74aefbe91ce5e7609967d9a76aa0de7d7ba188141af6a9e,"Alternate max-eff/gap/significand BDD ordering, distinct from existing exp-first and sig-first orders. source_sha256_12=64d8d5d93066; official_aig=student/work/ex200_ex299_frontend_refgap_round16_20260612_2233/fp8-struct-r16/ex244/official_eval/ex244_semantic_hypot_delta_maxeff_bdd_mixed_synth_preset_aig/ex244.aig; yosys_log=student/work/ex200_ex299_frontend_refgap_round16_20260612_2233/fp8-struct-r16/ex244/logs/ex244_semantic_hypot_delta_maxeff_bdd_mixed_synth_preset_aig.yosys.log"
ex244,ex244_r7_current_sat_boundary_synth_preset_aig,,,current_maxeff_bdd_boundary_regroup,ex244|fp8_source_r7|current_sat_boundary|current_bdd_with_explicit_inc_saturation_boundary|synth_preset_aig|official_evaluate,student/new_seeds/float_fp8/ex240_ex254_backend_candidates_20260614_2011/ex244/verilog/ex244_r7_current_sat_boundary_synth_preset_aig.v,student/new_seeds/float_fp8/ex240_ex254_backend_candidates_20260614_2011/ex244/aigs/ex244_r7_current_sat_boundary_synth_preset_aig.aig,student/new_seeds/float_fp8/ex240_ex254_backend_candidates_20260614_2011/ex244/metadata/ex244_r7_current_sat_boundary_synth_preset_aig.json,1,1,OK,310,34,10540,4272,2.467228,0,0,frontend_verified,backend_start_diverse_noncurrent,frontend_campaign_shard,student/frontend_campaigns/campaigns/ex204_ex299_frontend_breakthrough_20260614_1051/agent_shards/fp8-source-r7/candidates.csv,ex204_ex299_frontend_breakthrough_20260614_1051,student/work/ex204_ex299_frontend_breakthrough_20260614_1051/fp8-source-r7/ex244/verilog/ex244_r7_current_sat_boundary.v,student/work/ex204_ex299_frontend_breakthrough_20260614_1051/fp8-source-r7/ex244/aigs/ex244_r7_current_sat_boundary_synth_preset_aig.aig,student/runs/float_fp8/ex204_ex299_frontend_breakthrough_20260614_1051/fp8-source-r7/ex244/logs/ex244_r7_current_sat_boundary_synth_preset_aig.evaluate.py.log,444f498702a864b20646b1f929fe6c16c5236c2ab87e0c4ef8ab655593fddb27,418cddd2f74d7ad85dc8c1d347cc84b8b7eb086591c3ce15fb0e52d7f8fb9213,official evaluate.py OK; yosys_log=student/runs/float_fp8/ex204_ex299_frontend_breakthrough_20260614_1051/fp8-source-r7/ex244/logs/ex244_r7_current_sat_boundary_synth_preset_aig.yosys.log
ex244,ex244_r60_gapcofactor_satsplit_field_synth_preset,shallow field compare with gap-cofactored delta,,gapcofactor_satsplit/field/synth_preset,shallow field compare with gap-cofactored delta,student/new_seeds/float_fp8/ex240_ex254_backend_candidates_20260614_2011/ex244/verilog/ex244_r60_gapcofactor_satsplit_field_synth_preset.v,student/new_seeds/float_fp8/ex240_ex254_backend_candidates_20260614_2011/ex244/aigs/ex244_r60_gapcofactor_satsplit_field_synth_preset.aig,student/new_seeds/float_fp8/ex240_ex254_backend_candidates_20260614_2011/ex244/metadata/ex244_r60_gapcofactor_satsplit_field_synth_preset.json,1,1,OK,312,34,10608,4272,2.483146,0,0,frontend_verified,backend_start_diverse_noncurrent,frontend_campaign_shard,student/frontend_campaigns/campaigns/frontend_source_parallel_round60_20260613_0825/agent_shards/sub-ex244-r60/candidates.csv,frontend_source_parallel_round60_20260613_0825,student/work/frontend_source_parallel_round60_20260613_0825/sub-ex244-r60/ex244/verilog/ex244_r60_gapcofactor_satsplit_field.v,student/work/frontend_source_parallel_round60_20260613_0825/sub-ex244-r60/ex244/aigs/ex244_r60_gapcofactor_satsplit_field_synth_preset.aig,,80809ddc225aa431a3278ed8cc6c7f713f972e04daae999b3950cdbb8d3e17ef,ff4ff93a45fa184ce49be14478e526d66e14b8b38ecee25e7fda069a0ae43349,official evaluate.py OK; synth_sec=0.489; eval_sec=0.497; yosys_log=student/work/frontend_source_parallel_round60_20260613_0825/sub-ex244-r60/ex244/logs/ex244_r60_gapcofactor_satsplit_field_synth_preset.yosys.log
ex244,ex244_r69_explicit_sat_bdd_synth_preset_aig,E4M3FN packed hypot,,explicit saturation predicate over max plus delta,"ex244|E4M3FN packed hypot|explicit saturation predicate over max plus delta|known-good max/min decode and delta residual, separate saturation selector|explicit_sat_residual|yosys_synth_preset_aig|official_evaluate|max_plus_delta_sat_selector",student/new_seeds/float_fp8/ex240_ex254_backend_candidates_20260614_2011/ex244/verilog/ex244_r69_explicit_sat_bdd_synth_preset_aig.v,student/new_seeds/float_fp8/ex240_ex254_backend_candidates_20260614_2011/ex244/aigs/ex244_r69_explicit_sat_bdd_synth_preset_aig.aig,student/new_seeds/float_fp8/ex240_ex254_backend_candidates_20260614_2011/ex244/metadata/ex244_r69_explicit_sat_bdd_synth_preset_aig.json,1,1,OK,299,36,10764,4272,2.519663,0,0,frontend_verified,backend_start_diverse_noncurrent,frontend_campaign_shard,student/frontend_campaigns/campaigns/frontend_source_parallel_round69_20260613_1204/agent_shards/sub-fp8-worst-source-r69/candidates.csv,frontend_source_parallel_round69_20260613_1204,student/work/frontend_source_parallel_round69_20260613_1204/sub-fp8-worst-source-r69/ex244/verilog/ex244_r69_explicit_sat_bdd.v,student/work/frontend_source_parallel_round69_20260613_1204/sub-fp8-worst-source-r69/ex244/aigs/ex244_r69_explicit_sat_bdd_synth_preset_aig.aig,student/work/frontend_source_parallel_round69_20260613_1204/sub-fp8-worst-source-r69/ex244/logs/ex244_r69_explicit_sat_bdd.evaluate.py.log,a00ab0f1f4f3e20a515f6496b7ee0f8c1241f61bafb648e1633036954568fa9e,c2a2fa351046cf47ed04aaeae9463154a48b8180ea1289980eddaae4b4068f4d,official evaluate.py OK; frontend/source-only Yosys synth_preset_aig
ex245,ex245_ex245_r75_field_active_mux_repo_yosys,E5M2FN packed add high byte plus low byte,,ex245_r75_field_active_mux,ex245|E5M2FN packed add high byte plus low byte|ex245_r75_field_active_mux|direct_e5_field_compare_decode_plus_active_same_diff_table_gating_before_output_mux|repo_yosys_frontend_default|official_evaluate|full_word,student/new_seeds/float_fp8/ex240_ex254_backend_candidates_20260614_2011/ex245/verilog/ex245_ex245_r75_field_active_mux_repo_yosys.v,student/new_seeds/float_fp8/ex240_ex254_backend_candidates_20260614_2011/ex245/aigs/ex245_ex245_r75_field_active_mux_repo_yosys.aig,student/new_seeds/float_fp8/ex240_ex254_backend_candidates_20260614_2011/ex245/metadata/ex245_ex245_r75_field_active_mux_repo_yosys.json,1,1,OK,741,31,22971,11050,2.078824,0,0,frontend_verified,backend_start_diverse_noncurrent,frontend_campaign_shard,student/frontend_campaigns/campaigns/frontend_source_parallel_round75_20260613_1450/agent_shards/sub-fp8-addhypot-redesc-r75/candidates.csv,frontend_source_parallel_round75_20260613_1450,student/work/frontend_source_parallel_round75_20260613_1450/sub-fp8-addhypot-redesc-r75/ex245/verilog/ex245_r75_field_active_mux.v,student/work/frontend_source_parallel_round75_20260613_1450/sub-fp8-addhypot-redesc-r75/ex245/aigs/ex245_ex245_r75_field_active_mux_repo_yosys.aig,student/work/frontend_source_parallel_round75_20260613_1450/sub-fp8-addhypot-redesc-r75/ex245/logs/ex245_ex245_r75_field_active_mux_repo_yosys.evaluate.py.log,00ce6d92b8afa041c752c0a0293a92e7f1d0d0b56bce0f7d3e0a90b4e342b937,f4070d5b379be5683574120d7d0e35d7fc95c914353e90d766d22a3cf40d832b,official evaluate.py OK; eval_sec=0.785; total_sec=2.059
ex245,ex245_r11_r89_active_branch_preset,,,r89 active same/diff/pass branch source with explicit synth preset,ex245|E5M2FN packed add high byte plus low byte|r89 active same/diff/pass branch source with explicit synth preset|shared sorted decode plus selected active residual roots before final NaN mux|synth_preset_aig|official_evaluate|full_word,student/new_seeds/float_fp8/ex240_ex254_backend_candidates_20260614_2011/ex245/verilog/ex245_r11_r89_active_branch_preset.v,student/new_seeds/float_fp8/ex240_ex254_backend_candidates_20260614_2011/ex245/aigs/ex245_r11_r89_active_branch_preset.aig,student/new_seeds/float_fp8/ex240_ex254_backend_candidates_20260614_2011/ex245/metadata/ex245_r11_r89_active_branch_preset.json,1,1,OK,706,33,23298,11050,2.108416,0,0,frontend_verified,backend_start_diverse_noncurrent,frontend_campaign_shard,student/frontend_campaigns/campaigns/ex204_ex299_frontend_breakthrough_20260614_1051/agent_shards/fp8-hard-r11/candidates.csv,ex204_ex299_frontend_breakthrough_20260614_1051,student/work/ex204_ex299_frontend_breakthrough_20260614_1051/fp8-hard-r11/ex245/verilog/ex245_r11_r89_active_branch_preset.v,student/work/ex204_ex299_frontend_breakthrough_20260614_1051/fp8-hard-r11/ex245/aigs/ex245_r11_r89_active_branch_preset.aig,student/runs/float_fp8/ex204_ex299_frontend_breakthrough_20260614_1051/fp8-hard-r11/ex245/logs/ex245_r11_r89_active_branch_preset.evaluate.py.log,36c33b8dbf4b4f256be438ba62a50092da4e63299d61266ad8e6319f5dab8bcf,106516e81748112acc2b00daed1ffe8c1bfa2fa9a476cacbc3046c7df9584deb,frontend-only r11 shard; no backend/remap/postpareto/deepsyn/CULS/e-syn
ex245,ex245_r11_r89_active_branch_d30,,,r89 active same/diff/pass branch source with abc -D 30 target,ex245|E5M2FN packed add high byte plus low byte|r89 active same/diff/pass branch source with abc -D 30 target|shared active branch source with delay-targeted frontend ABC pass|abc_d30_AND|official_evaluate|full_word,student/new_seeds/float_fp8/ex240_ex254_backend_candidates_20260614_2011/ex245/verilog/ex245_r11_r89_active_branch_d30.v,student/new_seeds/float_fp8/ex240_ex254_backend_candidates_20260614_2011/ex245/aigs/ex245_r11_r89_active_branch_d30.aig,student/new_seeds/float_fp8/ex240_ex254_backend_candidates_20260614_2011/ex245/metadata/ex245_r11_r89_active_branch_d30.json,1,1,OK,707,33,23331,11050,2.111403,0,0,frontend_verified,backend_start_diverse_noncurrent,frontend_campaign_shard,student/frontend_campaigns/campaigns/ex204_ex299_frontend_breakthrough_20260614_1051/agent_shards/fp8-hard-r11/candidates.csv,ex204_ex299_frontend_breakthrough_20260614_1051,student/work/ex204_ex299_frontend_breakthrough_20260614_1051/fp8-hard-r11/ex245/verilog/ex245_r11_r89_active_branch_d30.v,student/work/ex204_ex299_frontend_breakthrough_20260614_1051/fp8-hard-r11/ex245/aigs/ex245_r11_r89_active_branch_d30.aig,student/runs/float_fp8/ex204_ex299_frontend_breakthrough_20260614_1051/fp8-hard-r11/ex245/logs/ex245_r11_r89_active_branch_d30.evaluate.py.log,73251d3c74618876fd03ed7aa2402384fa154f50906cc97586c40aa7520ec2d5,4098e927e829a7191223e30b0899a8f7756b2dba7abce9ecc7eb557e24e0ac36,frontend-only r11 shard; no backend/remap/postpareto/deepsyn/CULS/e-syn
ex245,ex245_r11_nan_or_mask,,,replace final NaN mux with finite-output sign mask and payload OR mask,ex245|E5M2FN packed add high byte plus low byte|replace final NaN mux with finite-output sign mask and payload OR mask|keeps current semantic roots while changing the final output cone|abc_g_aig_frontend|official_evaluate|full_word,student/new_seeds/float_fp8/ex240_ex254_backend_candidates_20260614_2011/ex245/verilog/ex245_r11_nan_or_mask.v,student/new_seeds/float_fp8/ex240_ex254_backend_candidates_20260614_2011/ex245/aigs/ex245_r11_nan_or_mask.aig,student/new_seeds/float_fp8/ex240_ex254_backend_candidates_20260614_2011/ex245/metadata/ex245_r11_nan_or_mask.json,1,1,OK,713,33,23529,11050,2.129321,0,0,frontend_verified,backend_start_diverse_noncurrent,frontend_campaign_shard,student/frontend_campaigns/campaigns/ex204_ex299_frontend_breakthrough_20260614_1051/agent_shards/fp8-hard-r11/candidates.csv,ex204_ex299_frontend_breakthrough_20260614_1051,student/work/ex204_ex299_frontend_breakthrough_20260614_1051/fp8-hard-r11/ex245/verilog/ex245_r11_nan_or_mask.v,student/work/ex204_ex299_frontend_breakthrough_20260614_1051/fp8-hard-r11/ex245/aigs/ex245_r11_nan_or_mask.aig,student/runs/float_fp8/ex204_ex299_frontend_breakthrough_20260614_1051/fp8-hard-r11/ex245/logs/ex245_r11_nan_or_mask.evaluate.py.log,823993444a9bc992869173f264919d02b99dc80980c317604c5068594956b6df,755948d2490d8bbf640a3d31f25ee25da22310dbe86e854954e7aefc55a72b79,frontend-only r11 shard; no backend/remap/postpareto/deepsyn/CULS/e-syn
ex245,ex245_r10_current_muxclean,,,current frontend best source with opt_muxtree/opt_reduce before abc -g aig,ex245|E5M2FN packed add high byte plus low byte|current frontend best source with opt_muxtree/opt_reduce before abc -g aig|preserves current shared source while reducing mux tree shape before AIG mapping|muxclean_aig|official_evaluate|frontend_only,student/new_seeds/float_fp8/ex240_ex254_backend_candidates_20260614_2011/ex245/verilog/ex245_r10_current_muxclean.v,student/new_seeds/float_fp8/ex240_ex254_backend_candidates_20260614_2011/ex245/aigs/ex245_r10_current_muxclean.aig,student/new_seeds/float_fp8/ex240_ex254_backend_candidates_20260614_2011/ex245/metadata/ex245_r10_current_muxclean.json,1,1,OK,717,33,23661,11050,2.141267,0,0,frontend_verified,backend_start_diverse_noncurrent,frontend_campaign_shard,student/frontend_campaigns/campaigns/ex204_ex299_frontend_breakthrough_20260614_1051/agent_shards/fp8-r10/candidates.csv,ex204_ex299_frontend_breakthrough_20260614_1051,student/work/ex204_ex299_frontend_breakthrough_20260614_1051/fp8-r10/ex245/verilog/ex245_r10_current_muxclean.v,student/work/ex204_ex299_frontend_breakthrough_20260614_1051/fp8-r10/ex245/aigs/ex245_r10_current_muxclean.aig,student/runs/float_fp8/ex204_ex299_frontend_breakthrough_20260614_1051/fp8-r10/ex245/logs/ex245_r10_current_muxclean.evaluate.py.log,e8aa4cb737eea99a0399063a3b39fb8c916f382e5dbeccf7b0a339f2939718fc,2251d2ec40997a17f89e949de4af4404cde7a3c00eee10e2feda321ebc5b1bce,frontend-only source generation and Yosys AIG synthesis; no backend/remap/postpareto
ex245,ex245_r71_caseattrs_outputsplit,E5M2FN packed add small-gap class source factoring,,split NaN/sign output mux and add case attributes to same/diff class tables,ex245|E5M2FN packed add|caseattrs_outputsplit|shared_sorted_field_decode_smallgap_class|repo_yosys_frontend_synth_preset|official_evaluate|full_word,student/new_seeds/float_fp8/ex240_ex254_backend_candidates_20260614_2011/ex245/verilog/ex245_r71_caseattrs_outputsplit.v,student/new_seeds/float_fp8/ex240_ex254_backend_candidates_20260614_2011/ex245/aigs/ex245_r71_caseattrs_outputsplit.aig,student/new_seeds/float_fp8/ex240_ex254_backend_candidates_20260614_2011/ex245/metadata/ex245_r71_caseattrs_outputsplit.json,1,1,OK,698,34,23732,11050,2.147692,0,0,frontend_verified,backend_start_diverse_noncurrent,frontend_campaign_shard,student/frontend_campaigns/campaigns/frontend_source_parallel_round71_20260613_1312/agent_shards/sub-fp8-mid-local-r71/candidates.csv,frontend_source_parallel_round71_20260613_1312,student/work/frontend_source_parallel_round71_20260613_1312/sub-fp8-mid-local-r71/ex245/verilog/ex245_r71_caseattrs_outputsplit.v,student/work/frontend_source_parallel_round71_20260613_1312/sub-fp8-mid-local-r71/ex245/aigs/ex245_r71_caseattrs_outputsplit.aig,,710640580ad1fde0a33b3255143e2c0b932af2e8b2a26533312f9ef8be3e0018,9636b7087adaa2c51822e77f2baae3168c3e086dbe9c9bcc468dd919f85693c5,evaluate_log=student/work/frontend_source_parallel_round71_20260613_1312/sub-fp8-mid-local-r71/ex245/logs/ex245_r71_caseattrs_outputsplit.evaluate.py.log; yosys_log=student/work/frontend_source_parallel_round71_20260613_1312/sub-fp8-mid-local-r71/ex245/logs/ex245_r71_caseattrs_outputsplit.yosys.log; yosys_script=student/work/frontend_source_parallel_round71_20260613_1312/sub-fp8-mid-local-r71/ex245/logs/ex245_r71_caseattrs_outputsplit.yosys.yosys.ys; synth_sec=1.519; eval_sec=0.741; beats_current=0; beats_frontend=0; beats_reference=0
ex245,ex245_r26_gap_class_synth_preset_aig,E5M2FN add with shared gap class formulas,,gap_class,ex245|E5M2FN packed add|gap class formula with shared same/diff decode|shared sorted fields gap sig class formulas and special shell|yosys_multi_official_evaluate|exact_e5m2fn_add_high_plus_low|gap_class_outputs|synth_preset_aig,student/new_seeds/float_fp8/ex240_ex254_backend_candidates_20260614_2011/ex245/verilog/ex245_r26_gap_class_synth_preset_aig.v,student/new_seeds/float_fp8/ex240_ex254_backend_candidates_20260614_2011/ex245/aigs/ex245_r26_gap_class_synth_preset_aig.aig,student/new_seeds/float_fp8/ex240_ex254_backend_candidates_20260614_2011/ex245/metadata/ex245_r26_gap_class_synth_preset_aig.json,1,1,OK,701,34,23834,11050,2.156923,0,0,frontend_verified,backend_start_diverse_noncurrent,frontend_campaign_shard,student/frontend_campaigns/campaigns/ex200_ex299_frontend_refgap_round26_20260613_0539/agent_shards/fp8-r26/candidates.csv,ex200_ex299_frontend_refgap_round26_20260613_0539,student/work/ex200_ex299_frontend_refgap_round26_20260613_0539/fp8-r26/ex245/verilog/ex245_r26_gap_class_synth_preset_aig.v,student/work/ex200_ex299_frontend_refgap_round26_20260613_0539/fp8-r26/ex245/aigs/ex245_r26_gap_class_synth_preset_aig.aig,student/work/ex200_ex299_frontend_refgap_round26_20260613_0539/fp8-r26/ex245/logs/ex245_r26_gap_class_synth_preset_aig.evaluate.py.log,759b267cb10d326c5c7871e5dcd98eda545c660e45fbbe464d673247faabbf1a,50fab1b3ce9ccd743ffda0ab48f457c9e67b8c89227c080c39fb58fec3f68376,official evaluate.py status OK; synth=synth_preset_aig; runtime_sec=2.350; yosys_log=student/work/ex200_ex299_frontend_refgap_round26_20260613_0539/fp8-r26/ex245/logs/ex245_r26_gap_class_synth_preset_aig.yosys.log
ex245,ex245_r8_active_decision,,,unified same/diff active decision bus around small-gap core,"ex245|E5M2FN packed add high byte plus low byte|unified same/diff active decision bus around small-gap core|shared sorted decode, gap, same/diff saturation and residual predicates|repo_yosys_frontend_default|official_evaluate_py|decision_bus_active_magnitude",student/new_seeds/float_fp8/ex240_ex254_backend_candidates_20260614_2011/ex245/verilog/ex245_r8_active_decision.v,student/new_seeds/float_fp8/ex240_ex254_backend_candidates_20260614_2011/ex245/aigs/ex245_r8_active_decision.aig,student/new_seeds/float_fp8/ex240_ex254_backend_candidates_20260614_2011/ex245/metadata/ex245_r8_active_decision.json,1,1,OK,665,36,23940,11050,2.166516,0,0,frontend_verified,backend_start_diverse_noncurrent,frontend_campaign_shard,student/frontend_campaigns/campaigns/ex204_ex299_frontend_breakthrough_20260614_1051/agent_shards/fp8-high-r8/candidates.csv,ex204_ex299_frontend_breakthrough_20260614_1051,student/work/ex204_ex299_frontend_breakthrough_20260614_1051/fp8-high-r8/ex245/verilog/ex245_r8_active_decision.v,student/work/ex204_ex299_frontend_breakthrough_20260614_1051/fp8-high-r8/ex245/aigs/ex245_r8_active_decision.aig,student/runs/float_fp8/ex204_ex299_frontend_breakthrough_20260614_1051/fp8-high-r8/ex245/logs/ex245_r8_active_decision.evaluate.py.log,9c3e93bffa8e460494afbd45ede4ad6c4ee64b12c93b37278254c6ccad7eb5a2,da732463c6eca144ad255a1075e4626294f5d5ceeafcf644de8827e8d11bd5ac,official evaluate.py status OK
ex246,ex246_semantic_mul_product_dc_seed12_set22to21_synth_preset_aig,fp8_e5m2fn_mul,fp8_e5m2fn_mul,semantic_mul_product_dc_seed12_set22to21_synth_preset_aig,fp8_e5m2fn_mul,student/new_seeds/float_fp8/ex240_ex254_backend_candidates_20260614_2011/ex246/verilog/ex246_semantic_mul_product_dc_seed12_set22to21_synth_preset_aig.v,student/new_seeds/float_fp8/ex240_ex254_backend_candidates_20260614_2011/ex246/aigs/ex246_semantic_mul_product_dc_seed12_set22to21_synth_preset_aig.aig,student/new_seeds/float_fp8/ex240_ex254_backend_candidates_20260614_2011/ex246/metadata/ex246_semantic_mul_product_dc_seed12_set22to21_synth_preset_aig.json,1,1,OK,341,22,7502,2805,2.674510,0,0,frontend_verified,backend_start_diverse_noncurrent,student_runs,student/runs/float_fp8/ex246_frontend_fp8_e5m2_dc_neighbor12_20260608_2000/results/candidates.csv,ex246_frontend_fp8_e5m2_dc_neighbor12_20260608_2000,student/work/ex246_frontend_fp8_e5m2_dc_neighbor12_20260608_2000/ex246/verilog/ex246_semantic_mul_product_dc_seed12_set22to21.v,student/work/ex246_frontend_fp8_e5m2_dc_neighbor12_20260608_2000/ex246/aigs/ex246_semantic_mul_product_dc_seed12_set22to21_synth_preset_aig.aig,,35d89eedc181b0469c149176aec4fd7984a2ba2228a83e7fd82fae689b81ead5,d76cdaf1d8a4ef50f2dee368ede14adbefb3554f0b67c27eb4ea3fca38b5583d,
ex246,ex246_semantic_mul_product_dc_seed10_synth_preset_aig,fp8_e5m2fn_mul,fp8_e5m2fn_mul,semantic_mul_product_dc_seed10_synth_preset_aig,fp8_e5m2fn_mul,student/new_seeds/float_fp8/ex240_ex254_backend_candidates_20260614_2011/ex246/verilog/ex246_semantic_mul_product_dc_seed10_synth_preset_aig.v,student/new_seeds/float_fp8/ex240_ex254_backend_candidates_20260614_2011/ex246/aigs/ex246_semantic_mul_product_dc_seed10_synth_preset_aig.aig,student/new_seeds/float_fp8/ex240_ex254_backend_candidates_20260614_2011/ex246/metadata/ex246_semantic_mul_product_dc_seed10_synth_preset_aig.json,1,1,OK,343,22,7546,2805,2.690196,0,0,frontend_verified,backend_start_diverse_noncurrent,student_runs,student/runs/float_fp8/ex246_frontend_fp8_e5m2_dc_random_20260608_1932/results/candidates.csv,ex246_frontend_fp8_e5m2_dc_random_20260608_1932,student/work/ex246_frontend_fp8_e5m2_dc_random_20260608_1932/ex246/verilog/ex246_semantic_mul_product_dc_seed10.v,student/work/ex246_frontend_fp8_e5m2_dc_random_20260608_1932/ex246/aigs/ex246_semantic_mul_product_dc_seed10_synth_preset_aig.aig,,4ee13f667ef6ef008b7204f994a52fdfbf51702fa16aa8ac5af7c41e412a42cd,904e8788c697c15a2e2df33b4a1ccd1f92e39d85e7d7894cb84ab50aeee286d7,
ex246,ex246_semantic_mul_product_dc_seed132_synth_preset_aig,fp8_e5m2fn_mul,fp8_e5m2fn_mul,semantic_mul_product_dc_seed132_synth_preset_aig,fp8_e5m2fn_mul,student/new_seeds/float_fp8/ex240_ex254_backend_candidates_20260614_2011/ex246/verilog/ex246_semantic_mul_product_dc_seed132_synth_preset_aig.v,student/new_seeds/float_fp8/ex240_ex254_backend_candidates_20260614_2011/ex246/aigs/ex246_semantic_mul_product_dc_seed132_synth_preset_aig.aig,student/new_seeds/float_fp8/ex240_ex254_backend_candidates_20260614_2011/ex246/metadata/ex246_semantic_mul_product_dc_seed132_synth_preset_aig.json,1,1,OK,343,22,7546,2805,2.690196,0,0,frontend_verified,backend_start_diverse_noncurrent,student_runs,student/runs/float_fp8/ex246_frontend_fp8_e5m2_dc_random2_20260608_2110/results/best.csv,ex246_frontend_fp8_e5m2_dc_random2_20260608_2110,student/work/ex246_frontend_fp8_e5m2_dc_random2_20260608_2110/ex246/verilog/ex246_semantic_mul_product_dc_seed132.v,student/work/ex246_frontend_fp8_e5m2_dc_random2_20260608_2110/ex246/aigs/ex246_semantic_mul_product_dc_seed132_synth_preset_aig.aig,,8fdf5aba138460e709bec568f1727abb8d5f16b97d2d3dee657a17b5bb7f7235,19cea0e71f5456c16a3a76e866a8aa6059912ce95d0c418d9e0775e119cae11f,
ex246,ex246_semantic_mul_product_dc_seed215_synth_preset_aig,fp8_e5m2fn_mul,fp8_e5m2fn_mul,semantic_mul_product_dc_seed215_synth_preset_aig,fp8_e5m2fn_mul,student/new_seeds/float_fp8/ex240_ex254_backend_candidates_20260614_2011/ex246/verilog/ex246_semantic_mul_product_dc_seed215_synth_preset_aig.v,student/new_seeds/float_fp8/ex240_ex254_backend_candidates_20260614_2011/ex246/aigs/ex246_semantic_mul_product_dc_seed215_synth_preset_aig.aig,student/new_seeds/float_fp8/ex240_ex254_backend_candidates_20260614_2011/ex246/metadata/ex246_semantic_mul_product_dc_seed215_synth_preset_aig.json,1,1,OK,344,22,7568,2805,2.698039,0,0,frontend_verified,backend_start_diverse_noncurrent,student_runs,student/runs/float_fp8/ex246_frontend_fp8_e5m2_dc_random2_20260608_2110/results/candidates.csv,ex246_frontend_fp8_e5m2_dc_random2_20260608_2110,student/work/ex246_frontend_fp8_e5m2_dc_random2_20260608_2110/ex246/verilog/ex246_semantic_mul_product_dc_seed215.v,student/work/ex246_frontend_fp8_e5m2_dc_random2_20260608_2110/ex246/aigs/ex246_semantic_mul_product_dc_seed215_synth_preset_aig.aig,,beac4bbecb50d31a445087691b8e724fdf8a93de1e6b0a426ecbfb9d0217d400,e86cc0266461db4f842342c222e2b1d23b8be1b303444e0bd84651d88df65422,
ex246,ex246_semantic_mul_product_dc_seed150_synth_preset_aig,fp8_e5m2fn_mul,fp8_e5m2fn_mul,semantic_mul_product_dc_seed150_synth_preset_aig,fp8_e5m2fn_mul,student/new_seeds/float_fp8/ex240_ex254_backend_candidates_20260614_2011/ex246/verilog/ex246_semantic_mul_product_dc_seed150_synth_preset_aig.v,student/new_seeds/float_fp8/ex240_ex254_backend_candidates_20260614_2011/ex246/aigs/ex246_semantic_mul_product_dc_seed150_synth_preset_aig.aig,student/new_seeds/float_fp8/ex240_ex254_backend_candidates_20260614_2011/ex246/metadata/ex246_semantic_mul_product_dc_seed150_synth_preset_aig.json,1,1,OK,346,22,7612,2805,2.713725,0,0,frontend_verified,backend_start_diverse_noncurrent,student_runs,student/runs/float_fp8/ex246_frontend_fp8_e5m2_dc_random2_20260608_2110/results/candidates.csv,ex246_frontend_fp8_e5m2_dc_random2_20260608_2110,student/work/ex246_frontend_fp8_e5m2_dc_random2_20260608_2110/ex246/verilog/ex246_semantic_mul_product_dc_seed150.v,student/work/ex246_frontend_fp8_e5m2_dc_random2_20260608_2110/ex246/aigs/ex246_semantic_mul_product_dc_seed150_synth_preset_aig.aig,,13266772ee19dc97988d0d6990bc0e7952c2d745d08d1d36c955fa157fbc2c55,6abe5de509ffa58bfc6fe9a964465fa56103ee2db507628fae4ebe20ea50b07e,
ex246,ex246_semantic_mul_product_dc_seed272_synth_preset_aig,fp8_e5m2fn_mul,fp8_e5m2fn_mul,semantic_mul_product_dc_seed272_synth_preset_aig,fp8_e5m2fn_mul,student/new_seeds/float_fp8/ex240_ex254_backend_candidates_20260614_2011/ex246/verilog/ex246_semantic_mul_product_dc_seed272_synth_preset_aig.v,student/new_seeds/float_fp8/ex240_ex254_backend_candidates_20260614_2011/ex246/aigs/ex246_semantic_mul_product_dc_seed272_synth_preset_aig.aig,student/new_seeds/float_fp8/ex240_ex254_backend_candidates_20260614_2011/ex246/metadata/ex246_semantic_mul_product_dc_seed272_synth_preset_aig.json,1,1,OK,346,22,7612,2805,2.713725,0,0,frontend_verified,backend_start_diverse_noncurrent,student_runs,student/runs/float_fp8/ex246_frontend_fp8_e5m2_dc_random2_20260608_2110/results/candidates.csv,ex246_frontend_fp8_e5m2_dc_random2_20260608_2110,student/work/ex246_frontend_fp8_e5m2_dc_random2_20260608_2110/ex246/verilog/ex246_semantic_mul_product_dc_seed272.v,student/work/ex246_frontend_fp8_e5m2_dc_random2_20260608_2110/ex246/aigs/ex246_semantic_mul_product_dc_seed272_synth_preset_aig.aig,,339e447e3a9ca5c02536582d96780f72a5b44773c41af6bfba118913fc754e3d,d916452b7ab3def8d5ae3b529c21c64edcf1964a3e519760e9542dfdc65ddd78,
ex246,ex246_semantic_mul_product_dc_seed77_synth_preset_aig,fp8_e5m2fn_mul,fp8_e5m2fn_mul,semantic_mul_product_dc_seed77_synth_preset_aig,fp8_e5m2fn_mul,student/new_seeds/float_fp8/ex240_ex254_backend_candidates_20260614_2011/ex246/verilog/ex246_semantic_mul_product_dc_seed77_synth_preset_aig.v,student/new_seeds/float_fp8/ex240_ex254_backend_candidates_20260614_2011/ex246/aigs/ex246_semantic_mul_product_dc_seed77_synth_preset_aig.aig,student/new_seeds/float_fp8/ex240_ex254_backend_candidates_20260614_2011/ex246/metadata/ex246_semantic_mul_product_dc_seed77_synth_preset_aig.json,1,1,OK,347,22,7634,2805,2.721569,0,0,frontend_verified,backend_start_diverse_noncurrent,student_runs,student/runs/float_fp8/ex246_frontend_fp8_e5m2_dc_random_20260608_1940/results/candidates.csv,ex246_frontend_fp8_e5m2_dc_random_20260608_1940,student/work/ex246_frontend_fp8_e5m2_dc_random_20260608_1940/ex246/verilog/ex246_semantic_mul_product_dc_seed77.v,student/work/ex246_frontend_fp8_e5m2_dc_random_20260608_1940/ex246/aigs/ex246_semantic_mul_product_dc_seed77_synth_preset_aig.aig,,fedd38027ac5e1736250ee5306fd3851ce5f4032ff2c3a248be74becf702acbf,b557db02f70f5b9d5fc9b698c53c5a93b02f55f9fb973239bc304af437f439ae,
ex246,ex246_semantic_mul_sigprodcode_dc_seed12_set11to10_synth_preset_aig_fp8agent,,,semantic_mul_sigprodcode_dc_seed12_set11to10,ex246|E5M2FN packed multiply|sigpair product-code table plus product-class completion|shared product-code decode and boundary reassembly|synth_preset_aig|exact_e5m2fn_mul_high_times_low|factored_product_code,student/new_seeds/float_fp8/ex240_ex254_backend_candidates_20260614_2011/ex246/verilog/ex246_semantic_mul_sigprodcode_dc_seed12_set11to10_synth_preset_aig_fp8agent.v,student/new_seeds/float_fp8/ex240_ex254_backend_candidates_20260614_2011/ex246/aigs/ex246_semantic_mul_sigprodcode_dc_seed12_set11to10_synth_preset_aig_fp8agent.aig,student/new_seeds/float_fp8/ex240_ex254_backend_candidates_20260614_2011/ex246/metadata/ex246_semantic_mul_sigprodcode_dc_seed12_set11to10_synth_preset_aig_fp8agent.json,1,1,OK,364,21,7644,2805,2.725134,0,0,frontend_verified,backend_start_diverse_noncurrent,frontend_campaign_shard,student/frontend_campaigns/campaigns/ex200_ex299_frontend_parallel_shared_20260612_1422/agent_shards/float-fp8-agent/candidates.csv,ex200_ex299_frontend_parallel_shared_20260612_1422,student/work/ex200_ex299_frontend_parallel_shared_20260612_1422/float-fp8-agent/ex246/verilog/ex246_semantic_mul_sigprodcode_dc_seed12_set11to10.v,student/work/ex200_ex299_frontend_parallel_shared_20260612_1422/float-fp8-agent/ex246/aigs/ex246_semantic_mul_sigprodcode_dc_seed12_set11to10_synth_preset_aig_fp8agent.aig,student/work/ex200_ex299_frontend_parallel_shared_20260612_1422/float-fp8-agent/ex246/logs/ex246_semantic_mul_sigprodcode_dc_seed12_set11to10_synth_preset_aig_fp8agent.evaluate.log,c89e25d9b8901db3287ea2a4519594c1cb4b62c3f1560cd89eb48f3cca081668,f9f3125d232af0a0c3bfdc7f0b14e5bacfb2043482221eff63c3b481612f38c6,
ex247,ex247_r10_caseattrs_optfull,,,current source with parallel_case attributes on existing case statements,ex247|E5M2FN packed low-over-high division|current source with parallel_case attributes on existing case statements|preserves existing decode but gives Yosys explicit case parallelism hints|caseattrs_optfull_aig|official_evaluate|frontend_only,student/new_seeds/float_fp8/ex240_ex254_backend_candidates_20260614_2011/ex247/verilog/ex247_r10_caseattrs_optfull.v,student/new_seeds/float_fp8/ex240_ex254_backend_candidates_20260614_2011/ex247/aigs/ex247_r10_caseattrs_optfull.aig,student/new_seeds/float_fp8/ex240_ex254_backend_candidates_20260614_2011/ex247/metadata/ex247_r10_caseattrs_optfull.json,1,1,OK,249,26,6474,2975,2.176134,0,0,frontend_verified,backend_start_diverse_noncurrent,frontend_campaign_shard,student/frontend_campaigns/campaigns/ex204_ex299_frontend_breakthrough_20260614_1051/agent_shards/fp8-r10/candidates.csv,ex204_ex299_frontend_breakthrough_20260614_1051,student/work/ex204_ex299_frontend_breakthrough_20260614_1051/fp8-r10/ex247/verilog/ex247_r10_caseattrs_optfull.v,student/work/ex204_ex299_frontend_breakthrough_20260614_1051/fp8-r10/ex247/aigs/ex247_r10_caseattrs_optfull.aig,student/runs/float_fp8/ex204_ex299_frontend_breakthrough_20260614_1051/fp8-r10/ex247/logs/ex247_r10_caseattrs_optfull.evaluate.py.log,873c51ccef470b6877b346f90b989159dafab14ed4777b6efdbcdb21a9ba31ac,db26009b21f6f03160b304e9135dfabe420d86b6aa364b2962caf772d416acdc,frontend-only source generation and Yosys AIG synthesis; no backend/remap/postpareto
ex247,ex247_r2_lowpred_step_mux_abc_g_aig_frontend,,,tail-direct table with low residual selected by low_step mux,ex247|E5M2FN packed low-over-high division|tail-direct table with low residual selected by low_step mux|step2 and step3 residual rows are named once and selected by low_step|abc_g_aig_frontend|official_evaluate|lowpred_step_mux,student/new_seeds/float_fp8/ex240_ex254_backend_candidates_20260614_2011/ex247/verilog/ex247_r2_lowpred_step_mux_abc_g_aig_frontend.v,student/new_seeds/float_fp8/ex240_ex254_backend_candidates_20260614_2011/ex247/aigs/ex247_r2_lowpred_step_mux_abc_g_aig_frontend.aig,student/new_seeds/float_fp8/ex240_ex254_backend_candidates_20260614_2011/ex247/metadata/ex247_r2_lowpred_step_mux_abc_g_aig_frontend.json,1,1,OK,250,26,6500,2975,2.184874,0,0,frontend_verified,backend_start_diverse_noncurrent,frontend_campaign_shard,student/frontend_campaigns/campaigns/ex204_ex299_frontend_continuation_20260614_1216/agent_shards/fp8-tail-transfer-r2/candidates.csv,ex204_ex299_frontend_continuation_20260614_1216,student/work/ex204_ex299_frontend_continuation_20260614_1216/fp8-tail-transfer-r2/ex247/verilog/ex247_r2_lowpred_step_mux_abc_g_aig_frontend.v,student/work/ex204_ex299_frontend_continuation_20260614_1216/fp8-tail-transfer-r2/ex247/aigs/ex247_r2_lowpred_step_mux_abc_g_aig_frontend.aig,student/runs/float_fp8/ex204_ex299_frontend_continuation_20260614_1216/fp8-tail-transfer-r2/ex247/logs/ex247_r2_lowpred_step_mux_abc_g_aig_frontend.evaluate.py.log,ee700e97f038134b3b9b15018d6ad1efa807123ecd47691f9999b78a5ecdcc68,541ce6ca44cddf535a15a50b020cc5cdb3a4e2af8dba55ef2536bc4b3febdb1b,Second low-tail predicate spelling to test area sensitivity.; synth_log=student/work/ex204_ex299_frontend_continuation_20260614_1216/fp8-tail-transfer-r2/ex247/logs/ex247_r2_lowpred_step_mux_abc_g_aig_frontend.yosys.log
ex247,ex247_r6_low12_grouped_mag_abc_g_aig_frontend,,,r5 low residual with output grouping targeted only at magnitude bits one and zero,ex247|E5M2FN packed low-over-high division|r5 low residual with output grouping targeted only at magnitude bits one and zero|upper magnitude bits remain in the compact region case while mag1 and mag0 use direct low/linear gates|abc_g_aig_frontend|official_evaluate|low12_only_output_grouping,student/new_seeds/float_fp8/ex240_ex254_backend_candidates_20260614_2011/ex247/verilog/ex247_r6_low12_grouped_mag_abc_g_aig_frontend.v,student/new_seeds/float_fp8/ex240_ex254_backend_candidates_20260614_2011/ex247/aigs/ex247_r6_low12_grouped_mag_abc_g_aig_frontend.aig,student/new_seeds/float_fp8/ex240_ex254_backend_candidates_20260614_2011/ex247/metadata/ex247_r6_low12_grouped_mag_abc_g_aig_frontend.json,1,1,OK,250,26,6500,2975,2.184874,0,0,frontend_verified,backend_start_diverse_noncurrent,frontend_campaign_shard,student/frontend_campaigns/campaigns/ex204_ex299_frontend_breakthrough_20260614_1051/agent_shards/ex247-breakthrough-r6/candidates.csv,ex204_ex299_frontend_breakthrough_20260614_1051,student/work/ex204_ex299_frontend_breakthrough_20260614_1051/ex247-breakthrough-r6/ex247/verilog/ex247_r6_low12_grouped_mag_abc_g_aig_frontend.v,student/work/ex204_ex299_frontend_breakthrough_20260614_1051/ex247-breakthrough-r6/ex247/aigs/ex247_r6_low12_grouped_mag_abc_g_aig_frontend.aig,student/runs/float_fp8/ex204_ex299_frontend_breakthrough_20260614_1051/ex247-breakthrough-r6/ex247/logs/ex247_r6_low12_grouped_mag_abc_g_aig_frontend.evaluate.py.log,339c03a654a4edc9ccfef6a38a5e8ddfd4ea2bb4a720e51cdc8d4ac44c73cc35,a4496ac573f9e9ca9a4a4574cc4504158cf658ef5446f1e7482a60fa2445bee0,Targets only the two low output bits instead of repeating full high/low grouping.; r5_best=249/26/6474; synth_log=student/work/ex204_ex299_frontend_breakthrough_20260614_1051/ex247-breakthrough-r6/ex247/logs/ex247_r6_low12_grouped_mag_abc_g_aig_frontend.yosys.log
ex247,ex247_r4_tail_direct_lowpred_min_abc_g_aig_frontend,,,tail-only bound table with minimized low-underflow predicates,ex247|E5M2FN packed low-over-high division|tail-only bound table with minimized low-underflow predicates|derived region predicates and compact pat/step low residual share the tail table|abc_g_aig_frontend|official_evaluate|tail_direct_min_lowpred,student/new_seeds/float_fp8/ex240_ex254_backend_candidates_20260614_2011/ex247/verilog/ex247_r4_tail_direct_lowpred_min_abc_g_aig_frontend.v,student/new_seeds/float_fp8/ex240_ex254_backend_candidates_20260614_2011/ex247/aigs/ex247_r4_tail_direct_lowpred_min_abc_g_aig_frontend.aig,student/new_seeds/float_fp8/ex240_ex254_backend_candidates_20260614_2011/ex247/metadata/ex247_r4_tail_direct_lowpred_min_abc_g_aig_frontend.json,1,1,OK,251,26,6526,2975,2.193613,0,0,frontend_verified,backend_start_diverse_noncurrent,frontend_campaign_shard,student/frontend_campaigns/campaigns/ex204_ex299_frontend_breakthrough_20260614_1051/agent_shards/ex247-breakthrough-r4/candidates.csv,ex204_ex299_frontend_breakthrough_20260614_1051,student/work/ex204_ex299_frontend_breakthrough_20260614_1051/ex247-breakthrough-r4/ex247/verilog/ex247_r4_tail_direct_lowpred_min_abc_g_aig_frontend.v,student/work/ex204_ex299_frontend_breakthrough_20260614_1051/ex247-breakthrough-r4/ex247/aigs/ex247_r4_tail_direct_lowpred_min_abc_g_aig_frontend.aig,student/runs/float_fp8/ex204_ex299_frontend_breakthrough_20260614_1051/ex247-breakthrough-r4/ex247/logs/ex247_r4_tail_direct_lowpred_min_abc_g_aig_frontend.evaluate.py.log,246c71bb5ff9e4d8f567479901b1228c9f2bc6860d7f934250e86a717d3f2d16,874a04a81639a3338d8751ea987e68ec35a11007204a81a025f5a6dcd9e5ee43,Existing r4 artifact folded into the shard CSV from its official evaluate log.; synth_log=student/work/ex204_ex299_frontend_breakthrough_20260614_1051/ex247-breakthrough-r4/ex247/logs/ex247_r4_tail_direct_lowpred_min_abc_g_aig_frontend.yosys.log
ex247,ex247_r5_grouped_mag_assign_abc_g_aig_frontend,,,tail-direct lowpred-min with grouped magnitude assign,ex247|E5M2FN packed low-over-high division|tail-direct lowpred-min with grouped magnitude assign|zero/sat/low/linear region masks directly OR into the magnitude bus|abc_g_aig_frontend|official_evaluate|grouped_mag_assign,student/new_seeds/float_fp8/ex240_ex254_backend_candidates_20260614_2011/ex247/verilog/ex247_r5_grouped_mag_assign_abc_g_aig_frontend.v,student/new_seeds/float_fp8/ex240_ex254_backend_candidates_20260614_2011/ex247/aigs/ex247_r5_grouped_mag_assign_abc_g_aig_frontend.aig,student/new_seeds/float_fp8/ex240_ex254_backend_candidates_20260614_2011/ex247/metadata/ex247_r5_grouped_mag_assign_abc_g_aig_frontend.json,1,1,OK,251,26,6526,2975,2.193613,0,0,frontend_verified,backend_start_diverse_noncurrent,frontend_campaign_shard,student/frontend_campaigns/campaigns/ex204_ex299_frontend_breakthrough_20260614_1051/agent_shards/ex247-breakthrough-r5/candidates.csv,ex204_ex299_frontend_breakthrough_20260614_1051,student/work/ex204_ex299_frontend_breakthrough_20260614_1051/ex247-breakthrough-r5/ex247/verilog/ex247_r5_grouped_mag_assign_abc_g_aig_frontend.v,student/work/ex204_ex299_frontend_breakthrough_20260614_1051/ex247-breakthrough-r5/ex247/aigs/ex247_r5_grouped_mag_assign_abc_g_aig_frontend.aig,student/runs/float_fp8/ex204_ex299_frontend_breakthrough_20260614_1051/ex247-breakthrough-r5/ex247/logs/ex247_r5_grouped_mag_assign_abc_g_aig_frontend.evaluate.py.log,17c529841971ec3f134330e081a7d900c15145a0929fe6b98a6b3e7b154194a0,e36b6b18c7b6a562554022908f051c32941197dd6f60d7f2b1d63081cc4f37e1,Keeps the 251-area tail structure and only changes selected output grouping after region predicates.; r4_best=251/26/6526; synth_log=student/work/ex204_ex299_frontend_breakthrough_20260614_1051/ex247-breakthrough-r5/ex247/logs/ex247_r5_grouped_mag_assign_abc_g_aig_frontend.yosys.log
ex247,ex247_r2_current_r5_conemix_abc_g_aig_frontend,,,r4 current high bits with r5 low-tail truth-case residual bits,ex247|E5M2FN packed low-over-high division|r4 current high bits with r5 low-tail truth-case residual bits|two exact division shells are flattened; only low three output bits use r5 residual|abc_g_aig_frontend|official_evaluate|r4_high_r5_low,student/new_seeds/float_fp8/ex240_ex254_backend_candidates_20260614_2011/ex247/verilog/ex247_r2_current_r5_conemix_abc_g_aig_frontend.v,student/new_seeds/float_fp8/ex240_ex254_backend_candidates_20260614_2011/ex247/aigs/ex247_r2_current_r5_conemix_abc_g_aig_frontend.aig,student/new_seeds/float_fp8/ex240_ex254_backend_candidates_20260614_2011/ex247/metadata/ex247_r2_current_r5_conemix_abc_g_aig_frontend.json,1,1,OK,252,26,6552,2975,2.202353,0,0,frontend_verified,backend_start_diverse_noncurrent,frontend_campaign_shard,student/frontend_campaigns/campaigns/ex204_ex299_frontend_continuation_20260614_1216/agent_shards/fp8-tail-transfer-r2/candidates.csv,ex204_ex299_frontend_continuation_20260614_1216,student/work/ex204_ex299_frontend_continuation_20260614_1216/fp8-tail-transfer-r2/ex247/verilog/ex247_r2_current_r5_conemix_abc_g_aig_frontend.v,student/work/ex204_ex299_frontend_continuation_20260614_1216/fp8-tail-transfer-r2/ex247/aigs/ex247_r2_current_r5_conemix_abc_g_aig_frontend.aig,student/runs/float_fp8/ex204_ex299_frontend_continuation_20260614_1216/fp8-tail-transfer-r2/ex247/logs/ex247_r2_current_r5_conemix_abc_g_aig_frontend.evaluate.py.log,518e983c01dd3ff047ef63972f0aa199e2c13f499b97eda566033e849223c55d,f4b408f209cdd92159e36bc67af893858496d3a0a9a19eadc6987571ec867867,Area/delay output grouping contrast around the r4/r5 low-tail boundary.; synth_log=student/work/ex204_ex299_frontend_continuation_20260614_1216/fp8-tail-transfer-r2/ex247/logs/ex247_r2_current_r5_conemix_abc_g_aig_frontend.yosys.log
ex247,ex247_r10_guard_rows4,,,4 exact special/boundary rows guarded before the current core fallback,"ex247|E5M2FN packed low-over-high division|4 exact special/boundary rows guarded before the current core fallback|tiny guard table only, not the r9 residual16 overlay|guard_rows4_aig|official_evaluate|frontend_only",student/new_seeds/float_fp8/ex240_ex254_backend_candidates_20260614_2011/ex247/verilog/ex247_r10_guard_rows4.v,student/new_seeds/float_fp8/ex240_ex254_backend_candidates_20260614_2011/ex247/aigs/ex247_r10_guard_rows4.aig,student/new_seeds/float_fp8/ex240_ex254_backend_candidates_20260614_2011/ex247/metadata/ex247_r10_guard_rows4.json,1,1,OK,253,26,6578,2975,2.211092,0,0,frontend_verified,backend_start_diverse_noncurrent,frontend_campaign_shard,student/frontend_campaigns/campaigns/ex204_ex299_frontend_breakthrough_20260614_1051/agent_shards/fp8-r10/candidates.csv,ex204_ex299_frontend_breakthrough_20260614_1051,student/work/ex204_ex299_frontend_breakthrough_20260614_1051/fp8-r10/ex247/verilog/ex247_r10_guard_rows4.v,student/work/ex204_ex299_frontend_breakthrough_20260614_1051/fp8-r10/ex247/aigs/ex247_r10_guard_rows4.aig,student/runs/float_fp8/ex204_ex299_frontend_breakthrough_20260614_1051/fp8-r10/ex247/logs/ex247_r10_guard_rows4.evaluate.py.log,0324f91b934ec075711726338affb74e40401137f1b6d56d182b82fea3343650,0800466fbbf24c74b2ae2c6c21beb32792297871605fa56c28de60621d188c35,frontend-only source generation and Yosys AIG synthesis; no backend/remap/postpareto
ex247,ex247_r11_region_action_code,,,encode zero/low/sat/linear region then decode magnitude,ex247|E5M2FN packed low-over-high division|encode zero/low/sat/linear region then decode magnitude|one small region action is shared by all magnitude output bits|abc_g_aig_frontend|official_evaluate|full_word,student/new_seeds/float_fp8/ex240_ex254_backend_candidates_20260614_2011/ex247/verilog/ex247_r11_region_action_code.v,student/new_seeds/float_fp8/ex240_ex254_backend_candidates_20260614_2011/ex247/aigs/ex247_r11_region_action_code.aig,student/new_seeds/float_fp8/ex240_ex254_backend_candidates_20260614_2011/ex247/metadata/ex247_r11_region_action_code.json,1,1,OK,253,26,6578,2975,2.211092,0,0,frontend_verified,backend_start_diverse_noncurrent,frontend_campaign_shard,student/frontend_campaigns/campaigns/ex204_ex299_frontend_breakthrough_20260614_1051/agent_shards/fp8-tail-r11/candidates.csv,ex204_ex299_frontend_breakthrough_20260614_1051,student/work/ex204_ex299_frontend_breakthrough_20260614_1051/fp8-tail-r11/ex247/verilog/ex247_r11_region_action_code.v,student/work/ex204_ex299_frontend_breakthrough_20260614_1051/fp8-tail-r11/ex247/aigs/ex247_r11_region_action_code.aig,student/runs/float_fp8/ex204_ex299_frontend_breakthrough_20260614_1051/fp8-tail-r11/ex247/logs/ex247_r11_region_action_code.evaluate.py.log,46ef62770ffb2f38bc2880a153da378778f2235b4bf79ace76bb11ef1b04401f,f0f26c33020fd45e96d427e439250d2fd9c3e6ea6f8fe42bdebe0911dc163371,frontend-only RTL source transformation; no backend/remap/postpareto/deepsyn flow
ex248,ex248_r10_current_muxclean,,,current frontend best source with opt_muxtree/opt_reduce before abc -g aig,ex248|E5M2FN packed fmod low by high|current frontend best source with opt_muxtree/opt_reduce before abc -g aig|preserves current shared source while reducing mux tree shape before AIG mapping|muxclean_aig|official_evaluate|frontend_only,student/new_seeds/float_fp8/ex240_ex254_backend_candidates_20260614_2011/ex248/verilog/ex248_r10_current_muxclean.v,student/new_seeds/float_fp8/ex240_ex254_backend_candidates_20260614_2011/ex248/aigs/ex248_r10_current_muxclean.aig,student/new_seeds/float_fp8/ex240_ex254_backend_candidates_20260614_2011/ex248/metadata/ex248_r10_current_muxclean.json,1,1,OK,290,27,7830,4180,1.873206,0,0,frontend_verified,backend_start_diverse_noncurrent,frontend_campaign_shard,student/frontend_campaigns/campaigns/ex204_ex299_frontend_breakthrough_20260614_1051/agent_shards/fp8-r10/candidates.csv,ex204_ex299_frontend_breakthrough_20260614_1051,student/work/ex204_ex299_frontend_breakthrough_20260614_1051/fp8-r10/ex248/verilog/ex248_r10_current_muxclean.v,student/work/ex204_ex299_frontend_breakthrough_20260614_1051/fp8-r10/ex248/aigs/ex248_r10_current_muxclean.aig,student/runs/float_fp8/ex204_ex299_frontend_breakthrough_20260614_1051/fp8-r10/ex248/logs/ex248_r10_current_muxclean.evaluate.py.log,fd2fc42edb29e04cc21a35dd8f0f7580c8678f8c88992a590bf12228589a591b,86ec7171efdb056f790e143d632d0c28ac0e1c2e46bd997a79dc4c420b68e42b,frontend-only source generation and Yosys AIG synthesis; no backend/remap/postpareto
ex248,ex248_r11_exp_sig_compare,,,replace flat 7-bit num<den comparator with exponent/significand comparator,ex248|E5M2FN packed fmod low by high|replace flat 7-bit num<den comparator with exponent/significand comparator|high exponent compare gates the low two-bit compare before the periodic core|abc_g_aig_frontend|official_evaluate|full_word,student/new_seeds/float_fp8/ex240_ex254_backend_candidates_20260614_2011/ex248/verilog/ex248_r11_exp_sig_compare.v,student/new_seeds/float_fp8/ex240_ex254_backend_candidates_20260614_2011/ex248/aigs/ex248_r11_exp_sig_compare.aig,student/new_seeds/float_fp8/ex240_ex254_backend_candidates_20260614_2011/ex248/metadata/ex248_r11_exp_sig_compare.json,1,1,OK,290,27,7830,4180,1.873206,0,0,frontend_verified,backend_start_diverse_noncurrent,frontend_campaign_shard,student/frontend_campaigns/campaigns/ex204_ex299_frontend_breakthrough_20260614_1051/agent_shards/fp8-tail-r11/candidates.csv,ex204_ex299_frontend_breakthrough_20260614_1051,student/work/ex204_ex299_frontend_breakthrough_20260614_1051/fp8-tail-r11/ex248/verilog/ex248_r11_exp_sig_compare.v,student/work/ex204_ex299_frontend_breakthrough_20260614_1051/fp8-tail-r11/ex248/aigs/ex248_r11_exp_sig_compare.aig,student/runs/float_fp8/ex204_ex299_frontend_breakthrough_20260614_1051/fp8-tail-r11/ex248/logs/ex248_r11_exp_sig_compare.evaluate.py.log,5066079ea6fb51b2cab1871bec1a01dee500bc085288a5317f44933c1578219a,a2049beb3be8ad30829357a3340a9082d2589d04c15254ec83f070812415ca66,frontend-only RTL source transformation; no backend/remap/postpareto/deepsyn flow
ex248,ex248_r6_numden_range_shell_core,,,num/den range partition plus residual core,ex248|E5M2FN packed fmod low mod high|direct numerator denominator range partition shell|shared NaN divisor-zero numerator-zero less-than and equality predicates around current periodic residual core|abc_g_aig_frontend|official_evaluate|numden_range_shell_core,student/new_seeds/float_fp8/ex240_ex254_backend_candidates_20260614_2011/ex248/verilog/ex248_r6_numden_range_shell_core.v,student/new_seeds/float_fp8/ex240_ex254_backend_candidates_20260614_2011/ex248/aigs/ex248_r6_numden_range_shell_core.aig,student/new_seeds/float_fp8/ex240_ex254_backend_candidates_20260614_2011/ex248/metadata/ex248_r6_numden_range_shell_core.json,1,1,OK,291,27,7857,4180,1.879665,0,0,frontend_verified,backend_start_diverse_noncurrent,frontend_campaign_shard,student/frontend_campaigns/campaigns/ex204_ex299_frontend_breakthrough_20260614_1051/agent_shards/fp8-source-r6/candidates.csv,ex204_ex299_frontend_breakthrough_20260614_1051,student/work/ex204_ex299_frontend_breakthrough_20260614_1051/fp8-source-r6/ex248/verilog/ex248_r6_numden_range_shell_core.v,student/work/ex204_ex299_frontend_breakthrough_20260614_1051/fp8-source-r6/ex248/aigs/ex248_r6_numden_range_shell_core.aig,student/runs/float_fp8/ex204_ex299_frontend_breakthrough_20260614_1051/fp8-source-r6/ex248/logs/ex248_r6_numden_range_shell_core.evaluate.py.log,6be3970452a4e7508ca4e04d0bc6bf53b011560c685c05db24696435b618f3f8,4dde3ea4803928b274c6c25d95b8a4aaad19739d6d6a73bf433344b6613a0d97,official evaluate.py OK
ex248,ex248_r8_pruned_periodic_core_abc_g_aig_frontend,,,num/den range shell + periodic remainder class core,r8_numden_shell_pruned_periodic_core,student/new_seeds/float_fp8/ex240_ex254_backend_candidates_20260614_2011/ex248/verilog/ex248_r8_pruned_periodic_core_abc_g_aig_frontend.v,student/new_seeds/float_fp8/ex240_ex254_backend_candidates_20260614_2011/ex248/aigs/ex248_r8_pruned_periodic_core_abc_g_aig_frontend.aig,student/new_seeds/float_fp8/ex240_ex254_backend_candidates_20260614_2011/ex248/metadata/ex248_r8_pruned_periodic_core_abc_g_aig_frontend.json,1,1,OK,291,27,7857,4180,1.879665,0,0,frontend_verified,backend_start_diverse_noncurrent,frontend_campaign_shard,student/frontend_campaigns/campaigns/ex204_ex299_frontend_breakthrough_20260614_1051/agent_shards/fp8-recent-r8/candidates.csv,ex204_ex299_frontend_breakthrough_20260614_1051,student/work/ex204_ex299_frontend_breakthrough_20260614_1051/fp8-recent-r8/ex248/verilog/ex248_r8_pruned_periodic_core_abc_g_aig_frontend.v,student/work/ex204_ex299_frontend_breakthrough_20260614_1051/fp8-recent-r8/ex248/aig/ex248_r8_pruned_periodic_core_abc_g_aig_frontend.aig,student/runs/float_fp8/ex204_ex299_frontend_breakthrough_20260614_1051/fp8-recent-r8/ex248/logs/ex248_r8_pruned_periodic_core_abc_g_aig_frontend.evaluate.py.log,24e463875862bfe56152efd56ff8629349c328360c892dd4c3f742da5c129536,5d3e3c1b7c7c759dcda2082c145be5ac914ff1c8c7106c736a94cb9782ff80b5,synth_log=student/work/ex204_ex299_frontend_breakthrough_20260614_1051/fp8-recent-r8/ex248/logs/ex248_r8_pruned_periodic_core_abc_g_aig_frontend.yosys.log
ex248,ex248_r11_action_mag_select,,,payload-only core plus small action selector for zero/lt/eq/core paths,ex248|E5M2FN packed fmod low by high|payload-only core plus small action selector for zero/lt/eq/core paths|classification action is shared across all payload output bits|abc_g_aig_frontend|official_evaluate|full_word,student/new_seeds/float_fp8/ex240_ex254_backend_candidates_20260614_2011/ex248/verilog/ex248_r11_action_mag_select.v,student/new_seeds/float_fp8/ex240_ex254_backend_candidates_20260614_2011/ex248/aigs/ex248_r11_action_mag_select.aig,student/new_seeds/float_fp8/ex240_ex254_backend_candidates_20260614_2011/ex248/metadata/ex248_r11_action_mag_select.json,1,1,OK,292,27,7884,4180,1.886124,0,0,frontend_verified,backend_start_diverse_noncurrent,frontend_campaign_shard,student/frontend_campaigns/campaigns/ex204_ex299_frontend_breakthrough_20260614_1051/agent_shards/fp8-tail-r11/candidates.csv,ex204_ex299_frontend_breakthrough_20260614_1051,student/work/ex204_ex299_frontend_breakthrough_20260614_1051/fp8-tail-r11/ex248/verilog/ex248_r11_action_mag_select.v,student/work/ex204_ex299_frontend_breakthrough_20260614_1051/fp8-tail-r11/ex248/aigs/ex248_r11_action_mag_select.aig,student/runs/float_fp8/ex204_ex299_frontend_breakthrough_20260614_1051/fp8-tail-r11/ex248/logs/ex248_r11_action_mag_select.evaluate.py.log,f269f2a035429b1cb77d340ef87ab02d837e44dcb228de3b2f4b151047a33fb6,63418c1cade26f30ae66f08000f4372ebb7fb6225f9e3ab7b37eba7901fc024d,frontend-only RTL source transformation; no backend/remap/postpareto/deepsyn flow
ex248,ex248_r26r_fmod_norm_by_rem_abc_g_aig,E5M2FN packed fmod low mod high,,fmod_norm_by_rem_abc_g_aig,ex248|E5M2FN packed fmod low mod high|periodic residue with cofactored normalizer by remainder|shared divisor-period residue and rem-first normalization tables|yosys_abc_g_aig_official_evaluate|exact_e5m2fn_fmod_low_mod_high|rem_cofactored_norm|fp8_rounding_r26,student/new_seeds/float_fp8/ex240_ex254_backend_candidates_20260614_2011/ex248/verilog/ex248_r26r_fmod_norm_by_rem_abc_g_aig.v,student/new_seeds/float_fp8/ex240_ex254_backend_candidates_20260614_2011/ex248/aigs/ex248_r26r_fmod_norm_by_rem_abc_g_aig.aig,student/new_seeds/float_fp8/ex240_ex254_backend_candidates_20260614_2011/ex248/metadata/ex248_r26r_fmod_norm_by_rem_abc_g_aig.json,1,1,OK,294,27,7938,4180,1.899043,0,0,frontend_verified,backend_start_diverse_noncurrent,frontend_campaign_shard,student/frontend_campaigns/campaigns/ex240_ex299_frontend_gt2_round26_20260613_0556/agent_shards/fp8-rounding-r26/candidates.csv,ex240_ex299_frontend_gt2_round26_20260613_0556,student/work/ex240_ex299_frontend_gt2_round26_20260613_0556/fp8-rounding-r26/ex248/verilog/ex248_r26r_fmod_norm_by_rem_abc_g_aig.v,student/work/ex240_ex299_frontend_gt2_round26_20260613_0556/fp8-rounding-r26/ex248/aigs/ex248_r26r_fmod_norm_by_rem_abc_g_aig.aig,student/work/ex240_ex299_frontend_gt2_round26_20260613_0556/fp8-rounding-r26/ex248/logs/ex248_r26r_fmod_norm_by_rem_abc_g_aig.evaluate.py.log,4628371d5fdcc97b9a1b8ab02cbf6e1f9adf21fbbb3e941176fe74564b271b6f,ba81b894a8e1d83e0d14ee4faf83aa107d35b63e74afc44577e9286c56cd00eb,official evaluate.py status OK; synth=abc_g_aig; runtime_sec=0.677; yosys_log=student/work/ex240_ex299_frontend_gt2_round26_20260613_0556/fp8-rounding-r26/ex248/logs/ex248_r26r_fmod_norm_by_rem_abc_g_aig.yosys.log
ex248,ex248_r26r_fmod_norm_by_rem_synth_preset_aig,,,,,student/new_seeds/float_fp8/ex240_ex254_backend_candidates_20260614_2011/ex248/verilog/ex248_r26r_fmod_norm_by_rem_synth_preset_aig.v,student/new_seeds/float_fp8/ex240_ex254_backend_candidates_20260614_2011/ex248/aigs/ex248_r26r_fmod_norm_by_rem_synth_preset_aig.aig,student/new_seeds/float_fp8/ex240_ex254_backend_candidates_20260614_2011/ex248/metadata/ex248_r26r_fmod_norm_by_rem_synth_preset_aig.json,1,1,OK,287,28,8036,4180,1.922488,0,0,frontend_verified,backend_start_diverse_noncurrent,frontend_campaign_results,student/frontend_campaigns/campaigns/ex240_ex299_frontend_gt2_round26_20260613_0556/results/evaluation_results.csv,ex240_ex299_frontend_gt2_round26_20260613_0556,student/work/ex240_ex299_frontend_gt2_round26_20260613_0556/fp8-rounding-r26/ex248/verilog/ex248_r26r_fmod_norm_by_rem_synth_preset_aig.v,student/work/ex240_ex299_frontend_gt2_round26_20260613_0556/fp8-rounding-r26/ex248/aigs/ex248_r26r_fmod_norm_by_rem_synth_preset_aig.aig,student/work/ex240_ex299_frontend_gt2_round26_20260613_0556/fp8-rounding-r26/ex248/logs/ex248_r26r_fmod_norm_by_rem_synth_preset_aig.evaluate.py.log,39e28055afd03d94951f7ba88ef67b0b355fb7314fc59cefc415d14764fd7aa6,ba81b894a8e1d83e0d14ee4faf83aa107d35b63e74afc44577e9286c56cd00eb,official evaluate.py status OK; synth=synth_preset_aig; runtime_sec=0.779; yosys_log=student/work/ex240_ex299_frontend_gt2_round26_20260613_0556/fp8-rounding-r26/ex248/logs/ex248_r26r_fmod_norm_by_rem_synth_preset_aig.yosys.log
ex248,ex248_r10_output_plane_split,,,current source wrapped into high/mid/low output planes with kept plane wires,ex248|E5M2FN packed fmod low by high|current source wrapped into high/mid/low output planes with kept plane wires|keeps the current core but asks Yosys to preserve separate output plane boundaries|plane_split_aig|official_evaluate|frontend_only,student/new_seeds/float_fp8/ex240_ex254_backend_candidates_20260614_2011/ex248/verilog/ex248_r10_output_plane_split.v,student/new_seeds/float_fp8/ex240_ex254_backend_candidates_20260614_2011/ex248/aigs/ex248_r10_output_plane_split.aig,student/new_seeds/float_fp8/ex240_ex254_backend_candidates_20260614_2011/ex248/metadata/ex248_r10_output_plane_split.json,1,1,OK,290,28,8120,4180,1.942584,0,0,frontend_verified,backend_start_diverse_noncurrent,frontend_campaign_shard,student/frontend_campaigns/campaigns/ex204_ex299_frontend_breakthrough_20260614_1051/agent_shards/fp8-r10/candidates.csv,ex204_ex299_frontend_breakthrough_20260614_1051,student/work/ex204_ex299_frontend_breakthrough_20260614_1051/fp8-r10/ex248/verilog/ex248_r10_output_plane_split.v,student/work/ex204_ex299_frontend_breakthrough_20260614_1051/fp8-r10/ex248/aigs/ex248_r10_output_plane_split.aig,student/runs/float_fp8/ex204_ex299_frontend_breakthrough_20260614_1051/fp8-r10/ex248/logs/ex248_r10_output_plane_split.evaluate.py.log,104751d39fffb9940508e6b38dc7d17a0985357475b39e345229b24f056bf598,fc973fed7b22511f8d8267079f0897bf65c5387fa3f66f55341006139c07c7f9,frontend-only source generation and Yosys AIG synthesis; no backend/remap/postpareto
ex249,ex249_r69_manual_sat_increment_synth_preset_aig,E5M2FN packed hypot,,manual saturating increment over raw-exp threshold residual,ex249|E5M2FN packed hypot|manual saturating increment over raw-exp threshold residual|raw-exp active-gap delta table with hand exposed increment and saturation selector|manual_sat_increment|yosys_synth_preset_aig|official_evaluate|max_plus_delta_manual_carry,student/new_seeds/float_fp8/ex240_ex254_backend_candidates_20260614_2011/ex249/verilog/ex249_r69_manual_sat_increment_synth_preset_aig.v,student/new_seeds/float_fp8/ex240_ex254_backend_candidates_20260614_2011/ex249/aigs/ex249_r69_manual_sat_increment_synth_preset_aig.aig,student/new_seeds/float_fp8/ex240_ex254_backend_candidates_20260614_2011/ex249/metadata/ex249_r69_manual_sat_increment_synth_preset_aig.json,1,1,OK,165,28,4620,2079,2.222222,0,0,frontend_verified,backend_start_diverse_noncurrent,frontend_campaign_shard,student/frontend_campaigns/campaigns/frontend_source_parallel_round69_20260613_1204/agent_shards/sub-fp8-worst-source-r69/candidates.csv,frontend_source_parallel_round69_20260613_1204,student/work/frontend_source_parallel_round69_20260613_1204/sub-fp8-worst-source-r69/ex249/verilog/ex249_r69_manual_sat_increment.v,student/work/frontend_source_parallel_round69_20260613_1204/sub-fp8-worst-source-r69/ex249/aigs/ex249_r69_manual_sat_increment_synth_preset_aig.aig,student/work/frontend_source_parallel_round69_20260613_1204/sub-fp8-worst-source-r69/ex249/logs/ex249_r69_manual_sat_increment.evaluate.py.log,f638b431ae4e8599cdcb1cf3c4c341770488d28942e761b99289e99ea2602c69,76b81c32d1a92cf2f2e2ffecdcb6dbb4d329160ee29984a9a977f4f780a875bf,official evaluate.py OK; frontend/source-only Yosys synth_preset_aig
ex249,ex249_r7_bitout_boundary_synth_preset_aig,,,rawexp_threshold_payload_boundary,ex249|fp8_source_r7|bitout_boundary|rawexp_threshold_with_payload_bit_boundary|synth_preset_aig|official_evaluate,student/new_seeds/float_fp8/ex240_ex254_backend_candidates_20260614_2011/ex249/verilog/ex249_r7_bitout_boundary_synth_preset_aig.v,student/new_seeds/float_fp8/ex240_ex254_backend_candidates_20260614_2011/ex249/aigs/ex249_r7_bitout_boundary_synth_preset_aig.aig,student/new_seeds/float_fp8/ex240_ex254_backend_candidates_20260614_2011/ex249/metadata/ex249_r7_bitout_boundary_synth_preset_aig.json,1,1,OK,180,26,4680,2079,2.251082,0,0,frontend_verified,backend_start_diverse_noncurrent,frontend_campaign_shard,student/frontend_campaigns/campaigns/ex204_ex299_frontend_breakthrough_20260614_1051/agent_shards/fp8-source-r7/candidates.csv,ex204_ex299_frontend_breakthrough_20260614_1051,student/work/ex204_ex299_frontend_breakthrough_20260614_1051/fp8-source-r7/ex249/verilog/ex249_r7_bitout_boundary.v,student/work/ex204_ex299_frontend_breakthrough_20260614_1051/fp8-source-r7/ex249/aigs/ex249_r7_bitout_boundary_synth_preset_aig.aig,student/runs/float_fp8/ex204_ex299_frontend_breakthrough_20260614_1051/fp8-source-r7/ex249/logs/ex249_r7_bitout_boundary_synth_preset_aig.evaluate.py.log,b06062f437e38686500afa717fcffac337c699a998d0daf442e30a6a227c4118,19378bac2eb136af08a9eefb1c42753642baaf5b26751298100331d95b77cb63,official evaluate.py OK; yosys_log=student/runs/float_fp8/ex204_ex299_frontend_breakthrough_20260614_1051/fp8-source-r7/ex249/logs/ex249_r7_bitout_boundary_synth_preset_aig.yosys.log
ex249,ex249_r2_current_tail_conemix_abc_g_aig_frontend,,,current rawexp high bits with direct-tail low bits,ex249|E5M2FN packed hypot abs high low|current rawexp high bits with direct-tail low bits|two exact hypot shells are flattened for output-specific delta sharing|abc_g_aig_frontend|official_evaluate|current_high_tail_low,student/new_seeds/float_fp8/ex240_ex254_backend_candidates_20260614_2011/ex249/verilog/ex249_r2_current_tail_conemix_abc_g_aig_frontend.v,student/new_seeds/float_fp8/ex240_ex254_backend_candidates_20260614_2011/ex249/aigs/ex249_r2_current_tail_conemix_abc_g_aig_frontend.aig,student/new_seeds/float_fp8/ex240_ex254_backend_candidates_20260614_2011/ex249/metadata/ex249_r2_current_tail_conemix_abc_g_aig_frontend.json,1,1,OK,169,28,4732,2079,2.276094,0,0,frontend_verified,backend_start_diverse_noncurrent,frontend_campaign_shard,student/frontend_campaigns/campaigns/ex204_ex299_frontend_continuation_20260614_1216/agent_shards/fp8-tail-transfer-r2/candidates.csv,ex204_ex299_frontend_continuation_20260614_1216,student/work/ex204_ex299_frontend_continuation_20260614_1216/fp8-tail-transfer-r2/ex249/verilog/ex249_r2_current_tail_conemix_abc_g_aig_frontend.v,student/work/ex204_ex299_frontend_continuation_20260614_1216/fp8-tail-transfer-r2/ex249/aigs/ex249_r2_current_tail_conemix_abc_g_aig_frontend.aig,student/runs/float_fp8/ex204_ex299_frontend_continuation_20260614_1216/fp8-tail-transfer-r2/ex249/logs/ex249_r2_current_tail_conemix_abc_g_aig_frontend.evaluate.py.log,2c385ad5146adcbf5f31e59a4afbf90527517806f31a1f794e56656a0bee9b04,fdbc33fbcf793b7f9273b2f0c94c631d1305540a5eff3ba354c8cec5d901d30b,Area/delay output grouping contrast for active-gap residual bits.; synth_log=student/work/ex204_ex299_frontend_continuation_20260614_1216/fp8-tail-transfer-r2/ex249/logs/ex249_r2_current_tail_conemix_abc_g_aig_frontend.yosys.log
ex249,ex249_r26_threshold_case_synth_preset_aig,E5M2FN hypot with compact threshold case table,,threshold_case,ex249|E5M2FN packed hypot|compact gap-threshold case table|shared max/min decode gap sig threshold table and saturation guard|yosys_multi_official_evaluate|exact_e5m2fn_hypot_abs_high_low|case_threshold_delta|synth_preset_aig,student/new_seeds/float_fp8/ex240_ex254_backend_candidates_20260614_2011/ex249/verilog/ex249_r26_threshold_case_synth_preset_aig.v,student/new_seeds/float_fp8/ex240_ex254_backend_candidates_20260614_2011/ex249/aigs/ex249_r26_threshold_case_synth_preset_aig.aig,student/new_seeds/float_fp8/ex240_ex254_backend_candidates_20260614_2011/ex249/metadata/ex249_r26_threshold_case_synth_preset_aig.json,1,1,OK,164,29,4756,2079,2.287638,0,0,frontend_verified,backend_start_diverse_noncurrent,frontend_campaign_shard,student/frontend_campaigns/campaigns/ex200_ex299_frontend_refgap_round26_20260613_0539/agent_shards/fp8-r26/candidates.csv,ex200_ex299_frontend_refgap_round26_20260613_0539,student/work/ex200_ex299_frontend_refgap_round26_20260613_0539/fp8-r26/ex249/verilog/ex249_r26_threshold_case_synth_preset_aig.v,student/work/ex200_ex299_frontend_refgap_round26_20260613_0539/fp8-r26/ex249/aigs/ex249_r26_threshold_case_synth_preset_aig.aig,student/work/ex200_ex299_frontend_refgap_round26_20260613_0539/fp8-r26/ex249/logs/ex249_r26_threshold_case_synth_preset_aig.evaluate.py.log,73145e32c4a832fe8d57109aad09d862bcecddcd6cd9167b2d638e31babc6d1d,dc694f62847d9481c15843462602c478454860794f2e0b6df4131131162e0e2b,official evaluate.py status OK; synth=synth_preset_aig; runtime_sec=0.776; yosys_log=student/work/ex200_ex299_frontend_refgap_round26_20260613_0539/fp8-r26/ex249/logs/ex249_r26_threshold_case_synth_preset_aig.yosys.log
ex249,ex249_r26r_hypot_onehot_delta_abc_g_aig,"E5M2FN packed hypot abs(high,low)",,hypot_onehot_delta_abc_g_aig,"ex249|E5M2FN packed hypot abs(high,low)|onehot shared gap0/gap1 delta predicates|shared max/min raw exponent decode, onehot significand thresholds, delta/saturation predicates|yosys_abc_g_aig_official_evaluate|exact_e5m2fn_hypot_abs_high_low|onehot_delta_predicates|fp8_rounding_r26",student/new_seeds/float_fp8/ex240_ex254_backend_candidates_20260614_2011/ex249/verilog/ex249_r26r_hypot_onehot_delta_abc_g_aig.v,student/new_seeds/float_fp8/ex240_ex254_backend_candidates_20260614_2011/ex249/aigs/ex249_r26r_hypot_onehot_delta_abc_g_aig.aig,student/new_seeds/float_fp8/ex240_ex254_backend_candidates_20260614_2011/ex249/metadata/ex249_r26r_hypot_onehot_delta_abc_g_aig.json,1,1,OK,170,28,4760,2079,2.289562,0,0,frontend_verified,backend_start_diverse_noncurrent,frontend_campaign_shard,student/frontend_campaigns/campaigns/ex240_ex299_frontend_gt2_round26_20260613_0556/agent_shards/fp8-rounding-r26/candidates.csv,ex240_ex299_frontend_gt2_round26_20260613_0556,student/work/ex240_ex299_frontend_gt2_round26_20260613_0556/fp8-rounding-r26/ex249/verilog/ex249_r26r_hypot_onehot_delta_abc_g_aig.v,student/work/ex240_ex299_frontend_gt2_round26_20260613_0556/fp8-rounding-r26/ex249/aigs/ex249_r26r_hypot_onehot_delta_abc_g_aig.aig,student/work/ex240_ex299_frontend_gt2_round26_20260613_0556/fp8-rounding-r26/ex249/logs/ex249_r26r_hypot_onehot_delta_abc_g_aig.evaluate.py.log,b15795bb4f7b6825e3c7cd44f0ef9f6216ee034fdff6c35481d35193e4543df7,3180307231a1ea823bbfd5f54dc7fdb5ddaa0bb2b4d37862ee5b0fc799a85596,official evaluate.py status OK; synth=abc_g_aig; runtime_sec=0.659; yosys_log=student/work/ex240_ex299_frontend_gt2_round26_20260613_0556/fp8-rounding-r26/ex249/logs/ex249_r26r_hypot_onehot_delta_abc_g_aig.yosys.log
ex249,ex249_r3_gap_split_delta_planes,,,split raw-exponent delta table into separate gap0 and gap1 decision planes,ex249|E5M2FN hypot abs high low|gap0-gap1 split delta output planes|shared max/min decode with separate active-gap delta tables|yosys_abc_g_aig_frontend|official_evaluate|gap_split_delta_planes,student/new_seeds/float_fp8/ex240_ex254_backend_candidates_20260614_2011/ex249/verilog/ex249_r3_gap_split_delta_planes.v,student/new_seeds/float_fp8/ex240_ex254_backend_candidates_20260614_2011/ex249/aigs/ex249_r3_gap_split_delta_planes.aig,student/new_seeds/float_fp8/ex240_ex254_backend_candidates_20260614_2011/ex249/metadata/ex249_r3_gap_split_delta_planes.json,1,1,OK,170,28,4760,2079,2.289562,0,0,frontend_verified,backend_start_diverse_noncurrent,frontend_campaign_shard,student/frontend_campaigns/campaigns/ex204_ex299_frontend_continuation_20260614_1216/agent_shards/fp8-output-plane-r3/candidates.csv,ex204_ex299_frontend_continuation_20260614_1216,student/work/ex204_ex299_frontend_continuation_20260614_1216/fp8-output-plane-r3/ex249/verilog/ex249_r3_gap_split_delta_planes.v,student/work/ex204_ex299_frontend_continuation_20260614_1216/fp8-output-plane-r3/ex249/aigs/ex249_r3_gap_split_delta_planes.aig,student/runs/float_fp8/ex204_ex299_frontend_continuation_20260614_1216/fp8-output-plane-r3/ex249/logs/ex249_r3_gap_split_delta_planes.evaluate.py.log,ae72a1b74ac5b0c1ebd52789081d2f3baafaf4588727c0a504b56ac6570fc7e5,8f58d37ee82cb48e90ce97cb9563f0e7512bd5c9e90bb1312b6f051899126b78,Different from r2 direct-tail/carry/cone-mix variants; keeps the current semantic rawexp hypothesis.; synth_log=student/work/ex204_ex299_frontend_continuation_20260614_1216/fp8-output-plane-r3/ex249/logs/ex249_r3_gap_split_delta_planes.yosys.log
ex249,ex249_r26r_hypot_onehot_delta_synth_preset_aig,,,,,student/new_seeds/float_fp8/ex240_ex254_backend_candidates_20260614_2011/ex249/verilog/ex249_r26r_hypot_onehot_delta_synth_preset_aig.v,student/new_seeds/float_fp8/ex240_ex254_backend_candidates_20260614_2011/ex249/aigs/ex249_r26r_hypot_onehot_delta_synth_preset_aig.aig,student/new_seeds/float_fp8/ex240_ex254_backend_candidates_20260614_2011/ex249/metadata/ex249_r26r_hypot_onehot_delta_synth_preset_aig.json,1,1,OK,171,28,4788,2079,2.303030,0,0,frontend_verified,backend_start_diverse_noncurrent,frontend_campaign_results,student/frontend_campaigns/campaigns/ex240_ex299_frontend_gt2_round26_20260613_0556/results/evaluation_results.csv,ex240_ex299_frontend_gt2_round26_20260613_0556,student/work/ex240_ex299_frontend_gt2_round26_20260613_0556/fp8-rounding-r26/ex249/verilog/ex249_r26r_hypot_onehot_delta_synth_preset_aig.v,student/work/ex240_ex299_frontend_gt2_round26_20260613_0556/fp8-rounding-r26/ex249/aigs/ex249_r26r_hypot_onehot_delta_synth_preset_aig.aig,student/work/ex240_ex299_frontend_gt2_round26_20260613_0556/fp8-rounding-r26/ex249/logs/ex249_r26r_hypot_onehot_delta_synth_preset_aig.evaluate.py.log,e14a7a7ebb5cda8d42b4be1f05bcef928ecf0dff9728c98eb99468d2c4d6f295,3180307231a1ea823bbfd5f54dc7fdb5ddaa0bb2b4d37862ee5b0fc799a85596,official evaluate.py status OK; synth=synth_preset_aig; runtime_sec=0.788; yosys_log=student/work/ex240_ex299_frontend_gt2_round26_20260613_0556/fp8-rounding-r26/ex249/logs/ex249_r26r_hypot_onehot_delta_synth_preset_aig.yosys.log
ex249,ex249_r9_truth_residual16_overlay,,,16-row exact residual LUT over decoded sign/magnitude fields with current core fallback,ex249|E5M2FN packed hypot abs high low|16-row exact residual LUT over decoded sign/magnitude fields with current core fallback|shared decoded high/low sign and magnitude key feeding a small hard-row residual table|yosys_abc_g_aig_frontend|official_evaluate|hard_row_residual_lut,student/new_seeds/float_fp8/ex240_ex254_backend_candidates_20260614_2011/ex249/verilog/ex249_r9_truth_residual16_overlay.v,student/new_seeds/float_fp8/ex240_ex254_backend_candidates_20260614_2011/ex249/aigs/ex249_r9_truth_residual16_overlay.aig,student/new_seeds/float_fp8/ex240_ex254_backend_candidates_20260614_2011/ex249/metadata/ex249_r9_truth_residual16_overlay.json,1,1,OK,171,28,4788,2079,2.303030,0,0,frontend_verified,backend_start_diverse_noncurrent,frontend_campaign_shard,student/frontend_campaigns/campaigns/ex204_ex299_frontend_breakthrough_20260614_1051/agent_shards/fp8-r9/candidates.csv,ex204_ex299_frontend_breakthrough_20260614_1051,student/work/ex204_ex299_frontend_breakthrough_20260614_1051/fp8-r9/ex249/verilog/ex249_r9_truth_residual16_overlay.v,student/work/ex204_ex299_frontend_breakthrough_20260614_1051/fp8-r9/ex249/aigs/ex249_r9_truth_residual16_overlay.aig,student/runs/float_fp8/ex204_ex299_frontend_breakthrough_20260614_1051/fp8-r9/ex249/logs/ex249_r9_truth_residual16_overlay.evaluate.py.log,60ff687d6687c477b27176aad37fe59bfbad7a175f1864a71e3e769f644e135a,256fc7a33cbaa8d5da9ad4f6925bc63343b8ae27f721a5dba1b93ae6470d07c6,frontend-only source overlay; no backend/remap/postpareto
ex250,ex250_semantic_fp4_dot2_magprod_qcase_synthD20_aig,packed_fp4_e2m1_dot2_to_e4m3,packed_fp4_e2m1_dot2_to_e4m3,semantic_fp4_dot2_magprod_qcase_synthD20_aig,packed_fp4_e2m1_dot2_to_e4m3,student/new_seeds/float_fp8/ex240_ex254_backend_candidates_20260614_2011/ex250/verilog/ex250_semantic_fp4_dot2_magprod_qcase_synthD20_aig.v,student/new_seeds/float_fp8/ex240_ex254_backend_candidates_20260614_2011/ex250/aigs/ex250_semantic_fp4_dot2_magprod_qcase_synthD20_aig.aig,student/new_seeds/float_fp8/ex240_ex254_backend_candidates_20260614_2011/ex250/metadata/ex250_semantic_fp4_dot2_magprod_qcase_synthD20_aig.json,1,1,OK,413,41,16933,20355,0.831884,1,1,frontend_verified,backend_start_diverse_noncurrent,student_runs,student/runs/float_fp8/ex250_frontend_magprod_20260608_2254/results/candidates.csv,ex250_frontend_magprod_20260608_2254,student/work/ex250_frontend_magprod_20260608_2254/ex250/verilog/ex250_semantic_fp4_dot2_magprod_qcase.v,student/work/ex250_frontend_magprod_20260608_2254/ex250/aigs/ex250_semantic_fp4_dot2_magprod_qcase_synthD20_aig.aig,,aeb5c1776cf891a4f25816a4599e807d24ecba5c924866a0da99396935b80eb4,d1b785c28ff4132f865494bc1b011a9a18067c5b0be5d2488a2dba42a6b05940,
ex250,ex250_semantic_fp4_dot2_magarith_qcase_abcD15_aig,packed_fp4_e2m1_dot2_to_e4m3,packed_fp4_e2m1_dot2_to_e4m3,semantic_fp4_dot2_magarith_qcase_abcD15_aig,packed_fp4_e2m1_dot2_to_e4m3,student/new_seeds/float_fp8/ex240_ex254_backend_candidates_20260614_2011/ex250/verilog/ex250_semantic_fp4_dot2_magarith_qcase_abcD15_aig.v,student/new_seeds/float_fp8/ex240_ex254_backend_candidates_20260614_2011/ex250/aigs/ex250_semantic_fp4_dot2_magarith_qcase_abcD15_aig.aig,student/new_seeds/float_fp8/ex240_ex254_backend_candidates_20260614_2011/ex250/metadata/ex250_semantic_fp4_dot2_magarith_qcase_abcD15_aig.json,1,1,OK,416,41,17056,20355,0.837927,1,1,frontend_verified,backend_start_diverse_noncurrent,student_runs,student/runs/float_fp8/ex250_frontend_magarith_20260608_2303/results/candidates.csv,ex250_frontend_magarith_20260608_2303,student/work/ex250_frontend_magarith_20260608_2303/ex250/verilog/ex250_semantic_fp4_dot2_magarith_qcase.v,student/work/ex250_frontend_magarith_20260608_2303/ex250/aigs/ex250_semantic_fp4_dot2_magarith_qcase_abcD15_aig.aig,,c871b3577785f62a7a5375145f77c3405471cc651f94ba680c6ea61995718e02,53889ce43ddad3b2bb00d76aec39f23459b184ce15fb78aaba9a4cc80c1188b4,
ex250,ex250_semantic_fp4_dot2_magprod_qcase_abcD15_aig,packed_fp4_e2m1_dot2_to_e4m3,packed_fp4_e2m1_dot2_to_e4m3,semantic_fp4_dot2_magprod_qcase_abcD15_aig,packed_fp4_e2m1_dot2_to_e4m3,student/new_seeds/float_fp8/ex240_ex254_backend_candidates_20260614_2011/ex250/verilog/ex250_semantic_fp4_dot2_magprod_qcase_abcD15_aig.v,student/new_seeds/float_fp8/ex240_ex254_backend_candidates_20260614_2011/ex250/aigs/ex250_semantic_fp4_dot2_magprod_qcase_abcD15_aig.aig,student/new_seeds/float_fp8/ex240_ex254_backend_candidates_20260614_2011/ex250/metadata/ex250_semantic_fp4_dot2_magprod_qcase_abcD15_aig.json,1,1,OK,417,41,17097,20355,0.839941,1,1,frontend_verified,backend_start_diverse_noncurrent,student_runs,student/runs/float_fp8/ex250_frontend_magprod_20260608_2254/results/candidates.csv,ex250_frontend_magprod_20260608_2254,student/work/ex250_frontend_magprod_20260608_2254/ex250/verilog/ex250_semantic_fp4_dot2_magprod_qcase.v,student/work/ex250_frontend_magprod_20260608_2254/ex250/aigs/ex250_semantic_fp4_dot2_magprod_qcase_abcD15_aig.aig,,d65745c7eb46268c6882e4d22656efa649434b9a872020afa0518bc92ccdfd4d,d1b785c28ff4132f865494bc1b011a9a18067c5b0be5d2488a2dba42a6b05940,
ex250,ex250_semantic_fp4_dot2_magprod_qunrolled_norm_synthD20_aig,packed_fp4_e2m1_dot2_to_e4m3,packed_fp4_e2m1_dot2_to_e4m3,semantic_fp4_dot2_magprod_qunrolled_norm_synthD20_aig,packed_fp4_e2m1_dot2_to_e4m3,student/new_seeds/float_fp8/ex240_ex254_backend_candidates_20260614_2011/ex250/verilog/ex250_semantic_fp4_dot2_magprod_qunrolled_norm_synthD20_aig.v,student/new_seeds/float_fp8/ex240_ex254_backend_candidates_20260614_2011/ex250/aigs/ex250_semantic_fp4_dot2_magprod_qunrolled_norm_synthD20_aig.aig,student/new_seeds/float_fp8/ex240_ex254_backend_candidates_20260614_2011/ex250/metadata/ex250_semantic_fp4_dot2_magprod_qunrolled_norm_synthD20_aig.json,1,1,OK,420,41,17220,20355,0.845984,1,1,frontend_verified,backend_start_diverse_noncurrent,student_runs,student/runs/float_fp8/ex250_frontend_magprod_quant_followup_20260608_2258/results/candidates.csv,ex250_frontend_magprod_quant_followup_20260608_2258,student/work/ex250_frontend_magprod_quant_followup_20260608_2258/ex250/verilog/ex250_semantic_fp4_dot2_magprod_qunrolled_norm.v,student/work/ex250_frontend_magprod_quant_followup_20260608_2258/ex250/aigs/ex250_semantic_fp4_dot2_magprod_qunrolled_norm_synthD20_aig.aig,,c10fe22f2f21c71a5850242bd30239a2540664fae554662bed7cbab2bcdb41d3,3196dfc529f8d346d9f8e500e8b9c017ef90d0f363cd03305db0b508882451e9,
ex251,ex251_semantic_int3_dot2_arith_qcase_synth_preset_aig,packed_int3_signmag_dot2_to_e4m3,packed_int3_signmag_dot2_to_e4m3,semantic_int3_dot2_arith_qcase_synth_preset_aig,packed_int3_signmag_dot2_to_e4m3,student/new_seeds/float_fp8/ex240_ex254_backend_candidates_20260614_2011/ex251/verilog/ex251_semantic_int3_dot2_arith_qcase_synth_preset_aig.v,student/new_seeds/float_fp8/ex240_ex254_backend_candidates_20260614_2011/ex251/aigs/ex251_semantic_int3_dot2_arith_qcase_synth_preset_aig.aig,student/new_seeds/float_fp8/ex240_ex254_backend_candidates_20260614_2011/ex251/metadata/ex251_semantic_int3_dot2_arith_qcase_synth_preset_aig.json,1,1,OK,450,42,18900,39270,0.481283,1,1,frontend_verified,backend_start_diverse_noncurrent,student_runs,student/runs/float_fp8/ex250_ex254_frontend_fp4_dot_fma_semantic_fix_20260608_2110/results/candidates.csv,ex250_ex254_frontend_fp4_dot_fma_semantic_fix_20260608_2110,student/work/ex250_ex254_frontend_fp4_dot_fma_semantic_fix_20260608_2110/ex251/verilog/ex251_semantic_int3_dot2_arith_qcase.v,student/work/ex250_ex254_frontend_fp4_dot_fma_semantic_fix_20260608_2110/ex251/aigs/ex251_semantic_int3_dot2_arith_qcase_synth_preset_aig.aig,,2c00f75669a79af31cbaba018ac897cd3a599b4784ccc6d519dd4735178843b7,38e537220229084254036b28b2bcfbaa061d92d24a33b009ab51ee95302080fd,
ex251,ex251_semantic_int3_dot2_arith_qcase_synth_preset,packed_int3_signmag_dot2_to_e4m3,packed_int3_signmag_dot2_to_e4m3,semantic_int3_dot2_arith_qcase_synth_preset,packed_int3_signmag_dot2_to_e4m3,student/new_seeds/float_fp8/ex240_ex254_backend_candidates_20260614_2011/ex251/verilog/ex251_semantic_int3_dot2_arith_qcase_synth_preset.v,student/new_seeds/float_fp8/ex240_ex254_backend_candidates_20260614_2011/ex251/aigs/ex251_semantic_int3_dot2_arith_qcase_synth_preset.aig,student/new_seeds/float_fp8/ex240_ex254_backend_candidates_20260614_2011/ex251/metadata/ex251_semantic_int3_dot2_arith_qcase_synth_preset.json,1,1,OK,459,42,19278,39270,0.490909,1,1,frontend_verified,backend_start_diverse_noncurrent,student_runs,student/runs/float_fp8/ex250_ex254_frontend_fp4_dot_fma_semantic_fix_20260608_2110/results/candidates.csv,ex250_ex254_frontend_fp4_dot_fma_semantic_fix_20260608_2110,student/work/ex250_ex254_frontend_fp4_dot_fma_semantic_fix_20260608_2110/ex251/verilog/ex251_semantic_int3_dot2_arith_qcase.v,student/work/ex250_ex254_frontend_fp4_dot_fma_semantic_fix_20260608_2110/ex251/aigs/ex251_semantic_int3_dot2_arith_qcase_synth_preset.aig,,dc365731f283e0deb9a67893f758b0edd68bd657eddb62a06bfcf9e997b58534,38e537220229084254036b28b2bcfbaa061d92d24a33b009ab51ee95302080fd,
ex251,ex251_semantic_int3_dot2_prodtable_qcase_abc_g_aig,packed_int3_signmag_dot2_to_e4m3,packed_int3_signmag_dot2_to_e4m3,semantic_int3_dot2_prodtable_qcase_abc_g_aig,packed_int3_signmag_dot2_to_e4m3,student/new_seeds/float_fp8/ex240_ex254_backend_candidates_20260614_2011/ex251/verilog/ex251_semantic_int3_dot2_prodtable_qcase_abc_g_aig.v,student/new_seeds/float_fp8/ex240_ex254_backend_candidates_20260614_2011/ex251/aigs/ex251_semantic_int3_dot2_prodtable_qcase_abc_g_aig.aig,student/new_seeds/float_fp8/ex240_ex254_backend_candidates_20260614_2011/ex251/metadata/ex251_semantic_int3_dot2_prodtable_qcase_abc_g_aig.json,1,1,OK,610,34,20740,39270,0.528139,1,1,frontend_verified,backend_start_diverse_noncurrent,student_runs,student/runs/float_fp8/ex250_ex254_frontend_fp4_dot_fma_semantic_fix_20260608_2110/results/candidates.csv,ex250_ex254_frontend_fp4_dot_fma_semantic_fix_20260608_2110,student/work/ex250_ex254_frontend_fp4_dot_fma_semantic_fix_20260608_2110/ex251/verilog/ex251_semantic_int3_dot2_prodtable_qcase.v,student/work/ex250_ex254_frontend_fp4_dot_fma_semantic_fix_20260608_2110/ex251/aigs/ex251_semantic_int3_dot2_prodtable_qcase_abc_g_aig.aig,,660fea974c8d38163b18ca4d2e89aa9c9a417f518f62b8a2b095e5c8664976c7,1c7f94479a7f742c75f7cf5ff7fd8b0d1a5af685dd4f106a36c817dddb6ac55b,
ex251,ex251_semantic_int3_dot2_arith_qcase_default,packed_int3_signmag_dot2_to_e4m3,packed_int3_signmag_dot2_to_e4m3,semantic_int3_dot2_arith_qcase_default,packed_int3_signmag_dot2_to_e4m3,student/new_seeds/float_fp8/ex240_ex254_backend_candidates_20260614_2011/ex251/verilog/ex251_semantic_int3_dot2_arith_qcase_default.v,student/new_seeds/float_fp8/ex240_ex254_backend_candidates_20260614_2011/ex251/aigs/ex251_semantic_int3_dot2_arith_qcase_default.aig,student/new_seeds/float_fp8/ex240_ex254_backend_candidates_20260614_2011/ex251/metadata/ex251_semantic_int3_dot2_arith_qcase_default.json,1,1,OK,547,38,20786,39270,0.529310,1,1,frontend_verified,backend_start_diverse_noncurrent,student_runs,student/runs/float_fp8/ex250_ex254_frontend_fp4_dot_fma_semantic_fix_20260608_2110/results/candidates.csv,ex250_ex254_frontend_fp4_dot_fma_semantic_fix_20260608_2110,student/work/ex250_ex254_frontend_fp4_dot_fma_semantic_fix_20260608_2110/ex251/verilog/ex251_semantic_int3_dot2_arith_qcase.v,student/work/ex250_ex254_frontend_fp4_dot_fma_semantic_fix_20260608_2110/ex251/aigs/ex251_semantic_int3_dot2_arith_qcase_default.aig,,cfca68eb865ea2688b54ebf61d4d18ef01a8529d8d37cf896f0186a4876e51f4,38e537220229084254036b28b2bcfbaa061d92d24a33b009ab51ee95302080fd,
ex252,ex252_semantic_u2_dot4_balanced_qcase_abcD15_aig,packed_u2_dot4_to_e4m3,packed_u2_dot4_to_e4m3,semantic_u2_dot4_balanced_qcase_abcD15_aig,packed_u2_dot4_to_e4m3,student/new_seeds/float_fp8/ex240_ex254_backend_candidates_20260614_2011/ex252/verilog/ex252_semantic_u2_dot4_balanced_qcase_abcD15_aig.v,student/new_seeds/float_fp8/ex240_ex254_backend_candidates_20260614_2011/ex252/aigs/ex252_semantic_u2_dot4_balanced_qcase_abcD15_aig.aig,student/new_seeds/float_fp8/ex240_ex254_backend_candidates_20260614_2011/ex252/metadata/ex252_semantic_u2_dot4_balanced_qcase_abcD15_aig.json,1,1,OK,145,21,3045,2603,1.169804,1,0,frontend_verified,backend_start_diverse_noncurrent,student_runs,student/runs/float_fp8/ex252_ex253_frontend_u2_balanced_tree_20260608_2220/results/candidates.csv,ex252_ex253_frontend_u2_balanced_tree_20260608_2220,student/work/ex252_ex253_frontend_u2_balanced_tree_20260608_2220/ex252/verilog/ex252_semantic_u2_dot4_balanced_qcase.v,student/work/ex252_ex253_frontend_u2_balanced_tree_20260608_2220/ex252/aigs/ex252_semantic_u2_dot4_balanced_qcase_abcD15_aig.aig,,376432ff5b220af3f7662c56959f40c55ec4bfc2e687d169906b44d52d9722e2,d0121c861ee1a53d89a94f064c93e9a59f43152563d1fc90c286e9a61fb01a6c,
ex252,ex252_semantic_u2_dot4_balanced_qcase_default,packed_u2_dot4_to_e4m3,packed_u2_dot4_to_e4m3,semantic_u2_dot4_balanced_qcase_default,packed_u2_dot4_to_e4m3,student/new_seeds/float_fp8/ex240_ex254_backend_candidates_20260614_2011/ex252/verilog/ex252_semantic_u2_dot4_balanced_qcase_default.v,student/new_seeds/float_fp8/ex240_ex254_backend_candidates_20260614_2011/ex252/aigs/ex252_semantic_u2_dot4_balanced_qcase_default.aig,student/new_seeds/float_fp8/ex240_ex254_backend_candidates_20260614_2011/ex252/metadata/ex252_semantic_u2_dot4_balanced_qcase_default.json,1,1,OK,145,21,3045,2603,1.169804,1,0,frontend_verified,backend_start_diverse_noncurrent,student_runs,student/runs/float_fp8/ex252_ex253_frontend_u2_balanced_tree_20260608_2220/results/best.csv,ex252_ex253_frontend_u2_balanced_tree_20260608_2220,student/work/ex252_ex253_frontend_u2_balanced_tree_20260608_2220/ex252/verilog/ex252_semantic_u2_dot4_balanced_qcase.v,student/work/ex252_ex253_frontend_u2_balanced_tree_20260608_2220/ex252/aigs/ex252_semantic_u2_dot4_balanced_qcase_default.aig,,b9ab4f7d21ef164266be3985c8ade1f8b094249ea6d5f588d33b5a8f7276db5c,d0121c861ee1a53d89a94f064c93e9a59f43152563d1fc90c286e9a61fb01a6c,
ex252,ex252_semantic_u2_dot4_balanced_threshold_fields_abcD15_aig,packed_u2_dot4_to_e4m3,packed_u2_dot4_to_e4m3,semantic_u2_dot4_balanced_threshold_fields_abcD15_aig,packed_u2_dot4_to_e4m3,student/new_seeds/float_fp8/ex240_ex254_backend_candidates_20260614_2011/ex252/verilog/ex252_semantic_u2_dot4_balanced_threshold_fields_abcD15_aig.v,student/new_seeds/float_fp8/ex240_ex254_backend_candidates_20260614_2011/ex252/aigs/ex252_semantic_u2_dot4_balanced_threshold_fields_abcD15_aig.aig,student/new_seeds/float_fp8/ex240_ex254_backend_candidates_20260614_2011/ex252/metadata/ex252_semantic_u2_dot4_balanced_threshold_fields_abcD15_aig.json,1,1,OK,144,22,3168,2603,1.217057,1,0,frontend_verified,backend_start_diverse_noncurrent,student_runs,student/runs/float_fp8/ex250_ex252_ex253_frontend_field_threshold_20260608_2218/results/candidates.csv,ex250_ex252_ex253_frontend_field_threshold_20260608_2218,student/work/ex250_ex252_ex253_frontend_field_threshold_20260608_2218/ex252/verilog/ex252_semantic_u2_dot4_balanced_threshold_fields.v,student/work/ex250_ex252_ex253_frontend_field_threshold_20260608_2218/ex252/aigs/ex252_semantic_u2_dot4_balanced_threshold_fields_abcD15_aig.aig,,65af2fb4a4d553cf174d10bfe4be113c912a8369b81b21f45eae569dd14bdf54,daef65b3230bbad94acab1458d341ea750c92e706c928c796c59be5c8ab889ba,
ex252,ex252_semantic_u2_dot4_balanced_threshold_fields_default,packed_u2_dot4_to_e4m3,packed_u2_dot4_to_e4m3,semantic_u2_dot4_balanced_threshold_fields_default,packed_u2_dot4_to_e4m3,student/new_seeds/float_fp8/ex240_ex254_backend_candidates_20260614_2011/ex252/verilog/ex252_semantic_u2_dot4_balanced_threshold_fields_default.v,student/new_seeds/float_fp8/ex240_ex254_backend_candidates_20260614_2011/ex252/aigs/ex252_semantic_u2_dot4_balanced_threshold_fields_default.aig,student/new_seeds/float_fp8/ex240_ex254_backend_candidates_20260614_2011/ex252/metadata/ex252_semantic_u2_dot4_balanced_threshold_fields_default.json,1,1,OK,144,22,3168,2603,1.217057,1,0,frontend_verified,backend_start_diverse_noncurrent,student_runs,student/runs/float_fp8/ex250_ex252_ex253_frontend_field_threshold_20260608_2218/results/best.csv,ex250_ex252_ex253_frontend_field_threshold_20260608_2218,student/work/ex250_ex252_ex253_frontend_field_threshold_20260608_2218/ex252/verilog/ex252_semantic_u2_dot4_balanced_threshold_fields.v,student/work/ex250_ex252_ex253_frontend_field_threshold_20260608_2218/ex252/aigs/ex252_semantic_u2_dot4_balanced_threshold_fields_default.aig,,4329ff115d8d4c211abaaddb10eef06a7118b82b63d1a917a9e3a9132b50cac3,daef65b3230bbad94acab1458d341ea750c92e706c928c796c59be5c8ab889ba,
ex252,ex252_semantic_u2_dot4_balanced_bitformula_abcD15_aig,packed_u2_dot4_to_e4m3,packed_u2_dot4_to_e4m3,semantic_u2_dot4_balanced_bitformula_abcD15_aig,packed_u2_dot4_to_e4m3,student/new_seeds/float_fp8/ex240_ex254_backend_candidates_20260614_2011/ex252/verilog/ex252_semantic_u2_dot4_balanced_bitformula_abcD15_aig.v,student/new_seeds/float_fp8/ex240_ex254_backend_candidates_20260614_2011/ex252/aigs/ex252_semantic_u2_dot4_balanced_bitformula_abcD15_aig.aig,student/new_seeds/float_fp8/ex240_ex254_backend_candidates_20260614_2011/ex252/metadata/ex252_semantic_u2_dot4_balanced_bitformula_abcD15_aig.json,1,1,OK,147,23,3381,2603,1.298886,1,0,frontend_verified,backend_start_diverse_noncurrent,student_runs,student/runs/float_fp8/ex252_ex253_frontend_bitformula_20260608_2240/results/candidates.csv,ex252_ex253_frontend_bitformula_20260608_2240,student/work/ex252_ex253_frontend_bitformula_20260608_2240/ex252/verilog/ex252_semantic_u2_dot4_balanced_bitformula.v,student/work/ex252_ex253_frontend_bitformula_20260608_2240/ex252/aigs/ex252_semantic_u2_dot4_balanced_bitformula_abcD15_aig.aig,,a8ddc701d1dc16186db8647dde3c72e586b31f92c8b475630646678bbab9f879,4991cc774c2b8163a40a598cda16db04d1cbf5e2d440b2833b65774b470c21b2,
ex252,ex252_semantic_u2_dot4_balanced_bitformula_default,packed_u2_dot4_to_e4m3,packed_u2_dot4_to_e4m3,semantic_u2_dot4_balanced_bitformula_default,packed_u2_dot4_to_e4m3,student/new_seeds/float_fp8/ex240_ex254_backend_candidates_20260614_2011/ex252/verilog/ex252_semantic_u2_dot4_balanced_bitformula_default.v,student/new_seeds/float_fp8/ex240_ex254_backend_candidates_20260614_2011/ex252/aigs/ex252_semantic_u2_dot4_balanced_bitformula_default.aig,student/new_seeds/float_fp8/ex240_ex254_backend_candidates_20260614_2011/ex252/metadata/ex252_semantic_u2_dot4_balanced_bitformula_default.json,1,1,OK,147,23,3381,2603,1.298886,1,0,frontend_verified,backend_start_diverse_noncurrent,student_runs,student/runs/float_fp8/ex252_ex253_frontend_bitformula_20260608_2240/results/best.csv,ex252_ex253_frontend_bitformula_20260608_2240,student/work/ex252_ex253_frontend_bitformula_20260608_2240/ex252/verilog/ex252_semantic_u2_dot4_balanced_bitformula.v,student/work/ex252_ex253_frontend_bitformula_20260608_2240/ex252/aigs/ex252_semantic_u2_dot4_balanced_bitformula_default.aig,,425ac1fafce53d7a7d2237da654a8b3b05d1dcc71ee035ba1e48f949f1c63103,4991cc774c2b8163a40a598cda16db04d1cbf5e2d440b2833b65774b470c21b2,
ex253,ex253_semantic_u2_sum8_popcount_bitformula_default,packed_u2_sum8_times2_to_e4m3,packed_u2_sum8_times2_to_e4m3,semantic_u2_sum8_popcount_bitformula_default,packed_u2_sum8_times2_to_e4m3,student/new_seeds/float_fp8/ex240_ex254_backend_candidates_20260614_2011/ex253/verilog/ex253_semantic_u2_sum8_popcount_bitformula_default.v,student/new_seeds/float_fp8/ex240_ex254_backend_candidates_20260614_2011/ex253/aigs/ex253_semantic_u2_sum8_popcount_bitformula_default.aig,student/new_seeds/float_fp8/ex240_ex254_backend_candidates_20260614_2011/ex253/metadata/ex253_semantic_u2_sum8_popcount_bitformula_default.json,1,1,OK,127,19,2413,1845,1.307859,1,0,frontend_verified,backend_start_diverse_noncurrent,student_runs,student/runs/float_fp8/ex252_ex253_frontend_bitformula_20260608_2240/results/best.csv,ex252_ex253_frontend_bitformula_20260608_2240,student/work/ex252_ex253_frontend_bitformula_20260608_2240/ex253/verilog/ex253_semantic_u2_sum8_popcount_bitformula.v,student/work/ex252_ex253_frontend_bitformula_20260608_2240/ex253/aigs/ex253_semantic_u2_sum8_popcount_bitformula_default.aig,,3739e8c7d633de2d0c7336f62724b82c8d4846a5ae295f280a40c03942c2c8a7,d1e5c801f7f8bec79f95c5daf856c2dd1ab1d243606afd3077afa7ee718e7588,
ex253,ex253_semantic_u2_sum8_popcount_bitformula_abcD15_aig,packed_u2_sum8_times2_to_e4m3,packed_u2_sum8_times2_to_e4m3,semantic_u2_sum8_popcount_bitformula_abcD15_aig,packed_u2_sum8_times2_to_e4m3,student/new_seeds/float_fp8/ex240_ex254_backend_candidates_20260614_2011/ex253/verilog/ex253_semantic_u2_sum8_popcount_bitformula_abcD15_aig.v,student/new_seeds/float_fp8/ex240_ex254_backend_candidates_20260614_2011/ex253/aigs/ex253_semantic_u2_sum8_popcount_bitformula_abcD15_aig.aig,student/new_seeds/float_fp8/ex240_ex254_backend_candidates_20260614_2011/ex253/metadata/ex253_semantic_u2_sum8_popcount_bitformula_abcD15_aig.json,1,1,OK,128,19,2432,1845,1.318157,1,0,frontend_verified,backend_start_diverse_noncurrent,student_runs,student/runs/float_fp8/ex252_ex253_frontend_bitformula_20260608_2240/results/candidates.csv,ex252_ex253_frontend_bitformula_20260608_2240,student/work/ex252_ex253_frontend_bitformula_20260608_2240/ex253/verilog/ex253_semantic_u2_sum8_popcount_bitformula.v,student/work/ex252_ex253_frontend_bitformula_20260608_2240/ex253/aigs/ex253_semantic_u2_sum8_popcount_bitformula_abcD15_aig.aig,,07dac495bd068ae7e3c61bc7c1f044d77607dd55f26e40f1eb128acc9a7aa4b7,d1e5c801f7f8bec79f95c5daf856c2dd1ab1d243606afd3077afa7ee718e7588,
ex253,ex253_semantic_u2_sum8_popcount_threshold_fields_abcD15_aig,packed_u2_sum8_times2_to_e4m3,packed_u2_sum8_times2_to_e4m3,semantic_u2_sum8_popcount_threshold_fields_abcD15_aig,packed_u2_sum8_times2_to_e4m3,student/new_seeds/float_fp8/ex240_ex254_backend_candidates_20260614_2011/ex253/verilog/ex253_semantic_u2_sum8_popcount_threshold_fields_abcD15_aig.v,student/new_seeds/float_fp8/ex240_ex254_backend_candidates_20260614_2011/ex253/aigs/ex253_semantic_u2_sum8_popcount_threshold_fields_abcD15_aig.aig,student/new_seeds/float_fp8/ex240_ex254_backend_candidates_20260614_2011/ex253/metadata/ex253_semantic_u2_sum8_popcount_threshold_fields_abcD15_aig.json,1,1,OK,131,19,2489,1845,1.349051,1,0,frontend_verified,backend_start_diverse_noncurrent,student_runs,student/runs/float_fp8/ex252_ex253_frontend_handmul_popthreshold_20260608_2229/results/candidates.csv,ex252_ex253_frontend_handmul_popthreshold_20260608_2229,student/work/ex252_ex253_frontend_handmul_popthreshold_20260608_2229/ex253/verilog/ex253_semantic_u2_sum8_popcount_threshold_fields.v,student/work/ex252_ex253_frontend_handmul_popthreshold_20260608_2229/ex253/aigs/ex253_semantic_u2_sum8_popcount_threshold_fields_abcD15_aig.aig,,06a090746b94f8ce962c537f07652b710c637cc3d1d27befd923919874ef3d6f,5a22f196e1647eb13ca59470532f9ce1cbea006bd16a53289cc22787ca86dd1b,
ex253,ex253_semantic_u2_sum8_popcount_threshold_fields_default,packed_u2_sum8_times2_to_e4m3,packed_u2_sum8_times2_to_e4m3,semantic_u2_sum8_popcount_threshold_fields_default,packed_u2_sum8_times2_to_e4m3,student/new_seeds/float_fp8/ex240_ex254_backend_candidates_20260614_2011/ex253/verilog/ex253_semantic_u2_sum8_popcount_threshold_fields_default.v,student/new_seeds/float_fp8/ex240_ex254_backend_candidates_20260614_2011/ex253/aigs/ex253_semantic_u2_sum8_popcount_threshold_fields_default.aig,student/new_seeds/float_fp8/ex240_ex254_backend_candidates_20260614_2011/ex253/metadata/ex253_semantic_u2_sum8_popcount_threshold_fields_default.json,1,1,OK,131,19,2489,1845,1.349051,1,0,frontend_verified,backend_start_diverse_noncurrent,student_runs,student/runs/float_fp8/ex252_ex253_frontend_handmul_popthreshold_20260608_2229/results/best.csv,ex252_ex253_frontend_handmul_popthreshold_20260608_2229,student/work/ex252_ex253_frontend_handmul_popthreshold_20260608_2229/ex253/verilog/ex253_semantic_u2_sum8_popcount_threshold_fields.v,student/work/ex252_ex253_frontend_handmul_popthreshold_20260608_2229/ex253/aigs/ex253_semantic_u2_sum8_popcount_threshold_fields_default.aig,,4f3ff71ac23ad5a1eef1dbd23d71be0faf3f20c384c0ecfb20e8ceaa45f45736,5a22f196e1647eb13ca59470532f9ce1cbea006bd16a53289cc22787ca86dd1b,
ex253,ex253_semantic_u2_sum8_balanced_laneqcase_abcD15_aig,packed_u2_sum8_times2_to_e4m3,packed_u2_sum8_times2_to_e4m3,semantic_u2_sum8_balanced_laneqcase_abcD15_aig,packed_u2_sum8_times2_to_e4m3,student/new_seeds/float_fp8/ex240_ex254_backend_candidates_20260614_2011/ex253/verilog/ex253_semantic_u2_sum8_balanced_laneqcase_abcD15_aig.v,student/new_seeds/float_fp8/ex240_ex254_backend_candidates_20260614_2011/ex253/aigs/ex253_semantic_u2_sum8_balanced_laneqcase_abcD15_aig.aig,student/new_seeds/float_fp8/ex240_ex254_backend_candidates_20260614_2011/ex253/metadata/ex253_semantic_u2_sum8_balanced_laneqcase_abcD15_aig.json,1,1,OK,126,20,2520,1845,1.365854,1,0,frontend_verified,backend_start_diverse_noncurrent,student_runs,student/runs/float_fp8/ex252_ex253_frontend_u2_balanced_tree_20260608_2220/results/candidates.csv,ex252_ex253_frontend_u2_balanced_tree_20260608_2220,student/work/ex252_ex253_frontend_u2_balanced_tree_20260608_2220/ex253/verilog/ex253_semantic_u2_sum8_balanced_laneqcase.v,student/work/ex252_ex253_frontend_u2_balanced_tree_20260608_2220/ex253/aigs/ex253_semantic_u2_sum8_balanced_laneqcase_abcD15_aig.aig,,dae8c5efe6e981fb8a962ccf1123419573e24042cad92287e4e4477e7bdaad4f,cd1cf99e1c3741b2d062d601bb05d269f378e2b66062e53b3bcaf12c52cca6a2,
ex253,ex253_semantic_u2_sum8_balanced_threshold_fields_abcD15_aig,packed_u2_sum8_times2_to_e4m3,packed_u2_sum8_times2_to_e4m3,semantic_u2_sum8_balanced_threshold_fields_abcD15_aig,packed_u2_sum8_times2_to_e4m3,student/new_seeds/float_fp8/ex240_ex254_backend_candidates_20260614_2011/ex253/verilog/ex253_semantic_u2_sum8_balanced_threshold_fields_abcD15_aig.v,student/new_seeds/float_fp8/ex240_ex254_backend_candidates_20260614_2011/ex253/aigs/ex253_semantic_u2_sum8_balanced_threshold_fields_abcD15_aig.aig,student/new_seeds/float_fp8/ex240_ex254_backend_candidates_20260614_2011/ex253/metadata/ex253_semantic_u2_sum8_balanced_threshold_fields_abcD15_aig.json,1,1,OK,132,21,2772,1845,1.502439,0,0,frontend_verified,backend_start_diverse_noncurrent,student_runs,student/runs/float_fp8/ex250_ex252_ex253_frontend_field_threshold_20260608_2218/results/candidates.csv,ex250_ex252_ex253_frontend_field_threshold_20260608_2218,student/work/ex250_ex252_ex253_frontend_field_threshold_20260608_2218/ex253/verilog/ex253_semantic_u2_sum8_balanced_threshold_fields.v,student/work/ex250_ex252_ex253_frontend_field_threshold_20260608_2218/ex253/aigs/ex253_semantic_u2_sum8_balanced_threshold_fields_abcD15_aig.aig,,3b9b35e2a8a41bc6a262d40078592a15b75483c858288efeb7721237c1eb8ef0,9c9da8ec544f3d7d6aa55d0e66d6ec7f0a65610750f3abd04aa99f236d020aa6,
ex254,ex254_semantic_e4add_fp4product_grs_abcD15_aig,e4m3_accumulator_plus_fp4_e2m1_product,e4m3_accumulator_plus_fp4_e2m1_product,semantic_e4add_fp4product_grs_abcD15_aig,e4m3_accumulator_plus_fp4_e2m1_product,student/new_seeds/float_fp8/ex240_ex254_backend_candidates_20260614_2011/ex254/verilog/ex254_semantic_e4add_fp4product_grs_abcD15_aig.v,student/new_seeds/float_fp8/ex240_ex254_backend_candidates_20260614_2011/ex254/aigs/ex254_semantic_e4add_fp4product_grs_abcD15_aig.aig,student/new_seeds/float_fp8/ex240_ex254_backend_candidates_20260614_2011/ex254/metadata/ex254_semantic_e4add_fp4product_grs_abcD15_aig.json,1,1,OK,664,56,37184,38220,0.972894,1,1,frontend_verified,backend_start_diverse_noncurrent,student_runs,student/runs/float_fp8/ex254_frontend_fp4_product_e4add_20260608_2210/results/candidates.csv,ex254_frontend_fp4_product_e4add_20260608_2210,student/work/ex254_frontend_fp4_product_e4add_20260608_2210/ex254/verilog/ex254_semantic_e4add_fp4product_grs.v,student/work/ex254_frontend_fp4_product_e4add_20260608_2210/ex254/aigs/ex254_semantic_e4add_fp4product_grs_abcD15_aig.aig,,8dd78832997a02c4b6aada2f0506749c5005f3f013fe52ca3dba7740c5046079,601ecfbcedcb0ebc843408ff7cfd900ec23e18760bb120ba146e6cdc050c743f,
ex254,ex254_semantic_e4add_fp4product_grs_magfactored_default,e4m3_accumulator_plus_fp4_e2m1_product,e4m3_accumulator_plus_fp4_e2m1_product,semantic_e4add_fp4product_grs_magfactored_default,e4m3_accumulator_plus_fp4_e2m1_product,student/new_seeds/float_fp8/ex240_ex254_backend_candidates_20260614_2011/ex254/verilog/ex254_semantic_e4add_fp4product_grs_magfactored_default.v,student/new_seeds/float_fp8/ex240_ex254_backend_candidates_20260614_2011/ex254/aigs/ex254_semantic_e4add_fp4product_grs_magfactored_default.aig,student/new_seeds/float_fp8/ex240_ex254_backend_candidates_20260614_2011/ex254/metadata/ex254_semantic_e4add_fp4product_grs_magfactored_default.json,1,1,OK,686,55,37730,38220,0.987179,1,1,frontend_verified,backend_start_diverse_noncurrent,student_runs,student/runs/float_fp8/ex254_frontend_product_magfactored_20260608_2310/results/candidates.csv,ex254_frontend_product_magfactored_20260608_2310,student/work/ex254_frontend_product_magfactored_20260608_2310/ex254/verilog/ex254_semantic_e4add_fp4product_grs_magfactored.v,student/work/ex254_frontend_product_magfactored_20260608_2310/ex254/aigs/ex254_semantic_e4add_fp4product_grs_magfactored_default.aig,,d02e9a2f7198640a01f4d0911a72251bfffdd2684c7649361fe111ddfb775adb,0d1ae120c4acf55ed7e5a542e207b4483e05ae8bbe01a84e7e5fed84ac6e8873,
ex254,ex254_semantic_e4add_fp4product_grs_default,e4m3_accumulator_plus_fp4_e2m1_product,e4m3_accumulator_plus_fp4_e2m1_product,semantic_e4add_fp4product_grs_default,e4m3_accumulator_plus_fp4_e2m1_product,student/new_seeds/float_fp8/ex240_ex254_backend_candidates_20260614_2011/ex254/verilog/ex254_semantic_e4add_fp4product_grs_default.v,student/new_seeds/float_fp8/ex240_ex254_backend_candidates_20260614_2011/ex254/aigs/ex254_semantic_e4add_fp4product_grs_default.aig,student/new_seeds/float_fp8/ex240_ex254_backend_candidates_20260614_2011/ex254/metadata/ex254_semantic_e4add_fp4product_grs_default.json,1,1,OK,675,56,37800,38220,0.989011,1,1,frontend_verified,backend_start_diverse_noncurrent,student_runs,student/runs/float_fp8/ex254_frontend_fp4_product_e4add_20260608_2210/results/candidates.csv,ex254_frontend_fp4_product_e4add_20260608_2210,student/work/ex254_frontend_fp4_product_e4add_20260608_2210/ex254/verilog/ex254_semantic_e4add_fp4product_grs.v,student/work/ex254_frontend_fp4_product_e4add_20260608_2210/ex254/aigs/ex254_semantic_e4add_fp4product_grs_default.aig,,80cb01c0fd8385c1338c282b3c3b663e37f2803e3187d02f296cef6b01bbacc1,601ecfbcedcb0ebc843408ff7cfd900ec23e18760bb120ba146e6cdc050c743f,
ex254,ex254_semantic_e4add_fp4product_grs_synthD20_aig,e4m3_accumulator_plus_fp4_e2m1_product,e4m3_accumulator_plus_fp4_e2m1_product,semantic_e4add_fp4product_grs_synthD20_aig,e4m3_accumulator_plus_fp4_e2m1_product,student/new_seeds/float_fp8/ex240_ex254_backend_candidates_20260614_2011/ex254/verilog/ex254_semantic_e4add_fp4product_grs_synthD20_aig.v,student/new_seeds/float_fp8/ex240_ex254_backend_candidates_20260614_2011/ex254/aigs/ex254_semantic_e4add_fp4product_grs_synthD20_aig.aig,student/new_seeds/float_fp8/ex240_ex254_backend_candidates_20260614_2011/ex254/metadata/ex254_semantic_e4add_fp4product_grs_synthD20_aig.json,1,1,OK,650,59,38350,38220,1.003401,1,0,frontend_verified,backend_start_diverse_noncurrent,student_runs,student/runs/float_fp8/ex254_frontend_fp4_product_e4add_20260608_2210/results/candidates.csv,ex254_frontend_fp4_product_e4add_20260608_2210,student/work/ex254_frontend_fp4_product_e4add_20260608_2210/ex254/verilog/ex254_semantic_e4add_fp4product_grs.v,student/work/ex254_frontend_fp4_product_e4add_20260608_2210/ex254/aigs/ex254_semantic_e4add_fp4product_grs_synthD20_aig.aig,,b1475606e9b76c742fb811a3b37c69e6abe368f34d8f03a1e754c3a8793f25a7,601ecfbcedcb0ebc843408ff7cfd900ec23e18760bb120ba146e6cdc050c743f,
