
 /----------------------------------------------------------------------------\
 |  yosys -- Yosys Open SYnthesis Suite                                       |
 |  Copyright (C) 2012 - 2026  Claire Xenia Wolf <claire@yosyshq.com>         |
 |  Distributed under an ISC-like license, type "license" to see terms        |
 \----------------------------------------------------------------------------/
 Yosys 0.65 (git sha1 aec814bdf3071f7e0fd0fbe43f7f711e99d01e24, g++ 14.3.0-19 -fvisibility-inlines-hidden -fmessage-length=0 -march=nocona -mtune=haswell -ftree-vectorize -fPIC -fstack-protector-strong -fno-plt -O2 -ffunction-sections -fdebug-prefix-map=/home/conda/feedstock_root/build_artifacts/yosys_1778591527500/work=/usr/local/src/conda/yosys-0.65 -fdebug-prefix-map=/home/b10507053/ALS_Final_Project/student/tools/conda-env=/usr/local/src/conda-prefix -fPIC -O3) [conda-forge/yosys-feedstock]

-- Executing script file `/home/b10507053/ALS_Final_Project/student/work/ex250_ex254_frontend_fp4_dot_fma_semantic_20260608_2105/ex250/logs/ex250_semantic_fp4_dot2_prodtable_qrange_synth_preset.yosys.ys' --

1. Executing Verilog-2005 frontend: /home/b10507053/ALS_Final_Project/student/work/ex250_ex254_frontend_fp4_dot_fma_semantic_20260608_2105/ex250/verilog/ex250_semantic_fp4_dot2_prodtable_qrange.v
Parsing Verilog input from `/home/b10507053/ALS_Final_Project/student/work/ex250_ex254_frontend_fp4_dot_fma_semantic_20260608_2105/ex250/verilog/ex250_semantic_fp4_dot2_prodtable_qrange.v' to AST representation.
Generating RTLIL representation for module `\ex250_semantic_fp4_dot2_prodtable_qrange'.
Successfully finished Verilog frontend.

2. Executing SYNTH pass.

2.1. Executing HIERARCHY pass (managing design hierarchy).

2.1.1. Analyzing design hierarchy..
Top module:  \ex250_semantic_fp4_dot2_prodtable_qrange

2.1.2. Analyzing design hierarchy..
Top module:  \ex250_semantic_fp4_dot2_prodtable_qrange
Removed 0 unused modules.

2.2. Executing PROC pass (convert processes to netlists).

2.2.1. Executing PROC_CLEAN pass (remove empty switches from decision trees).
Cleaned up 0 empty switches.

2.2.2. Executing PROC_RMDEAD pass (remove dead branches from decision trees).
Marked 50 switch rules as full_case in process $proc$/home/b10507053/ALS_Final_Project/student/work/ex250_ex254_frontend_fp4_dot_fma_semantic_20260608_2105/ex250/verilog/ex250_semantic_fp4_dot2_prodtable_qrange.v:366$51 in module ex250_semantic_fp4_dot2_prodtable_qrange.
Removed 1 dead cases from process $proc$/home/b10507053/ALS_Final_Project/student/work/ex250_ex254_frontend_fp4_dot_fma_semantic_20260608_2105/ex250/verilog/ex250_semantic_fp4_dot2_prodtable_qrange.v:360$25 in module ex250_semantic_fp4_dot2_prodtable_qrange.
Marked 1 switch rules as full_case in process $proc$/home/b10507053/ALS_Final_Project/student/work/ex250_ex254_frontend_fp4_dot_fma_semantic_20260608_2105/ex250/verilog/ex250_semantic_fp4_dot2_prodtable_qrange.v:360$25 in module ex250_semantic_fp4_dot2_prodtable_qrange.
Removed 1 dead cases from process $proc$/home/b10507053/ALS_Final_Project/student/work/ex250_ex254_frontend_fp4_dot_fma_semantic_20260608_2105/ex250/verilog/ex250_semantic_fp4_dot2_prodtable_qrange.v:359$19 in module ex250_semantic_fp4_dot2_prodtable_qrange.
Marked 1 switch rules as full_case in process $proc$/home/b10507053/ALS_Final_Project/student/work/ex250_ex254_frontend_fp4_dot_fma_semantic_20260608_2105/ex250/verilog/ex250_semantic_fp4_dot2_prodtable_qrange.v:359$19 in module ex250_semantic_fp4_dot2_prodtable_qrange.
Removed a total of 2 dead cases.

2.2.3. Executing PROC_PRUNE pass (remove redundant assignments in processes).
Removed 0 redundant assignments.
Promoted 19 assignments to connections.

2.2.4. Executing PROC_INIT pass (extract init attributes).

2.2.5. Executing PROC_ARST pass (detect async resets in processes).

2.2.6. Executing PROC_ROM pass (convert switches to ROMs).
Converted 2 switches.

2.2.7. Executing PROC_MUX pass (convert decision trees to multiplexers).
Creating decoders for process `\ex250_semantic_fp4_dot2_prodtable_qrange.$proc$/home/b10507053/ALS_Final_Project/student/work/ex250_ex254_frontend_fp4_dot_fma_semantic_20260608_2105/ex250/verilog/ex250_semantic_fp4_dot2_prodtable_qrange.v:366$51'.
     1/50: $50\quant_scaled$func$/home/b10507053/ALS_Final_Project/student/work/ex250_ex254_frontend_fp4_dot_fma_semantic_20260608_2105/ex250/verilog/ex250_semantic_fp4_dot2_prodtable_qrange.v:366$10.$result[6:0]$154
     2/50: $49\quant_scaled$func$/home/b10507053/ALS_Final_Project/student/work/ex250_ex254_frontend_fp4_dot_fma_semantic_20260608_2105/ex250/verilog/ex250_semantic_fp4_dot2_prodtable_qrange.v:366$10.$result[6:0]$152
     3/50: $48\quant_scaled$func$/home/b10507053/ALS_Final_Project/student/work/ex250_ex254_frontend_fp4_dot_fma_semantic_20260608_2105/ex250/verilog/ex250_semantic_fp4_dot2_prodtable_qrange.v:366$10.$result[6:0]$150
     4/50: $47\quant_scaled$func$/home/b10507053/ALS_Final_Project/student/work/ex250_ex254_frontend_fp4_dot_fma_semantic_20260608_2105/ex250/verilog/ex250_semantic_fp4_dot2_prodtable_qrange.v:366$10.$result[6:0]$148
     5/50: $46\quant_scaled$func$/home/b10507053/ALS_Final_Project/student/work/ex250_ex254_frontend_fp4_dot_fma_semantic_20260608_2105/ex250/verilog/ex250_semantic_fp4_dot2_prodtable_qrange.v:366$10.$result[6:0]$146
     6/50: $45\quant_scaled$func$/home/b10507053/ALS_Final_Project/student/work/ex250_ex254_frontend_fp4_dot_fma_semantic_20260608_2105/ex250/verilog/ex250_semantic_fp4_dot2_prodtable_qrange.v:366$10.$result[6:0]$144
     7/50: $44\quant_scaled$func$/home/b10507053/ALS_Final_Project/student/work/ex250_ex254_frontend_fp4_dot_fma_semantic_20260608_2105/ex250/verilog/ex250_semantic_fp4_dot2_prodtable_qrange.v:366$10.$result[6:0]$142
     8/50: $43\quant_scaled$func$/home/b10507053/ALS_Final_Project/student/work/ex250_ex254_frontend_fp4_dot_fma_semantic_20260608_2105/ex250/verilog/ex250_semantic_fp4_dot2_prodtable_qrange.v:366$10.$result[6:0]$140
     9/50: $42\quant_scaled$func$/home/b10507053/ALS_Final_Project/student/work/ex250_ex254_frontend_fp4_dot_fma_semantic_20260608_2105/ex250/verilog/ex250_semantic_fp4_dot2_prodtable_qrange.v:366$10.$result[6:0]$138
    10/50: $41\quant_scaled$func$/home/b10507053/ALS_Final_Project/student/work/ex250_ex254_frontend_fp4_dot_fma_semantic_20260608_2105/ex250/verilog/ex250_semantic_fp4_dot2_prodtable_qrange.v:366$10.$result[6:0]$136
    11/50: $40\quant_scaled$func$/home/b10507053/ALS_Final_Project/student/work/ex250_ex254_frontend_fp4_dot_fma_semantic_20260608_2105/ex250/verilog/ex250_semantic_fp4_dot2_prodtable_qrange.v:366$10.$result[6:0]$134
    12/50: $39\quant_scaled$func$/home/b10507053/ALS_Final_Project/student/work/ex250_ex254_frontend_fp4_dot_fma_semantic_20260608_2105/ex250/verilog/ex250_semantic_fp4_dot2_prodtable_qrange.v:366$10.$result[6:0]$132
    13/50: $38\quant_scaled$func$/home/b10507053/ALS_Final_Project/student/work/ex250_ex254_frontend_fp4_dot_fma_semantic_20260608_2105/ex250/verilog/ex250_semantic_fp4_dot2_prodtable_qrange.v:366$10.$result[6:0]$130
    14/50: $37\quant_scaled$func$/home/b10507053/ALS_Final_Project/student/work/ex250_ex254_frontend_fp4_dot_fma_semantic_20260608_2105/ex250/verilog/ex250_semantic_fp4_dot2_prodtable_qrange.v:366$10.$result[6:0]$128
    15/50: $36\quant_scaled$func$/home/b10507053/ALS_Final_Project/student/work/ex250_ex254_frontend_fp4_dot_fma_semantic_20260608_2105/ex250/verilog/ex250_semantic_fp4_dot2_prodtable_qrange.v:366$10.$result[6:0]$126
    16/50: $35\quant_scaled$func$/home/b10507053/ALS_Final_Project/student/work/ex250_ex254_frontend_fp4_dot_fma_semantic_20260608_2105/ex250/verilog/ex250_semantic_fp4_dot2_prodtable_qrange.v:366$10.$result[6:0]$124
    17/50: $34\quant_scaled$func$/home/b10507053/ALS_Final_Project/student/work/ex250_ex254_frontend_fp4_dot_fma_semantic_20260608_2105/ex250/verilog/ex250_semantic_fp4_dot2_prodtable_qrange.v:366$10.$result[6:0]$122
    18/50: $33\quant_scaled$func$/home/b10507053/ALS_Final_Project/student/work/ex250_ex254_frontend_fp4_dot_fma_semantic_20260608_2105/ex250/verilog/ex250_semantic_fp4_dot2_prodtable_qrange.v:366$10.$result[6:0]$120
    19/50: $32\quant_scaled$func$/home/b10507053/ALS_Final_Project/student/work/ex250_ex254_frontend_fp4_dot_fma_semantic_20260608_2105/ex250/verilog/ex250_semantic_fp4_dot2_prodtable_qrange.v:366$10.$result[6:0]$118
    20/50: $31\quant_scaled$func$/home/b10507053/ALS_Final_Project/student/work/ex250_ex254_frontend_fp4_dot_fma_semantic_20260608_2105/ex250/verilog/ex250_semantic_fp4_dot2_prodtable_qrange.v:366$10.$result[6:0]$116
    21/50: $30\quant_scaled$func$/home/b10507053/ALS_Final_Project/student/work/ex250_ex254_frontend_fp4_dot_fma_semantic_20260608_2105/ex250/verilog/ex250_semantic_fp4_dot2_prodtable_qrange.v:366$10.$result[6:0]$114
    22/50: $29\quant_scaled$func$/home/b10507053/ALS_Final_Project/student/work/ex250_ex254_frontend_fp4_dot_fma_semantic_20260608_2105/ex250/verilog/ex250_semantic_fp4_dot2_prodtable_qrange.v:366$10.$result[6:0]$112
    23/50: $28\quant_scaled$func$/home/b10507053/ALS_Final_Project/student/work/ex250_ex254_frontend_fp4_dot_fma_semantic_20260608_2105/ex250/verilog/ex250_semantic_fp4_dot2_prodtable_qrange.v:366$10.$result[6:0]$110
    24/50: $27\quant_scaled$func$/home/b10507053/ALS_Final_Project/student/work/ex250_ex254_frontend_fp4_dot_fma_semantic_20260608_2105/ex250/verilog/ex250_semantic_fp4_dot2_prodtable_qrange.v:366$10.$result[6:0]$108
    25/50: $26\quant_scaled$func$/home/b10507053/ALS_Final_Project/student/work/ex250_ex254_frontend_fp4_dot_fma_semantic_20260608_2105/ex250/verilog/ex250_semantic_fp4_dot2_prodtable_qrange.v:366$10.$result[6:0]$106
    26/50: $25\quant_scaled$func$/home/b10507053/ALS_Final_Project/student/work/ex250_ex254_frontend_fp4_dot_fma_semantic_20260608_2105/ex250/verilog/ex250_semantic_fp4_dot2_prodtable_qrange.v:366$10.$result[6:0]$104
    27/50: $24\quant_scaled$func$/home/b10507053/ALS_Final_Project/student/work/ex250_ex254_frontend_fp4_dot_fma_semantic_20260608_2105/ex250/verilog/ex250_semantic_fp4_dot2_prodtable_qrange.v:366$10.$result[6:0]$102
    28/50: $23\quant_scaled$func$/home/b10507053/ALS_Final_Project/student/work/ex250_ex254_frontend_fp4_dot_fma_semantic_20260608_2105/ex250/verilog/ex250_semantic_fp4_dot2_prodtable_qrange.v:366$10.$result[6:0]$100
    29/50: $22\quant_scaled$func$/home/b10507053/ALS_Final_Project/student/work/ex250_ex254_frontend_fp4_dot_fma_semantic_20260608_2105/ex250/verilog/ex250_semantic_fp4_dot2_prodtable_qrange.v:366$10.$result[6:0]$98
    30/50: $21\quant_scaled$func$/home/b10507053/ALS_Final_Project/student/work/ex250_ex254_frontend_fp4_dot_fma_semantic_20260608_2105/ex250/verilog/ex250_semantic_fp4_dot2_prodtable_qrange.v:366$10.$result[6:0]$96
    31/50: $20\quant_scaled$func$/home/b10507053/ALS_Final_Project/student/work/ex250_ex254_frontend_fp4_dot_fma_semantic_20260608_2105/ex250/verilog/ex250_semantic_fp4_dot2_prodtable_qrange.v:366$10.$result[6:0]$94
    32/50: $19\quant_scaled$func$/home/b10507053/ALS_Final_Project/student/work/ex250_ex254_frontend_fp4_dot_fma_semantic_20260608_2105/ex250/verilog/ex250_semantic_fp4_dot2_prodtable_qrange.v:366$10.$result[6:0]$92
    33/50: $18\quant_scaled$func$/home/b10507053/ALS_Final_Project/student/work/ex250_ex254_frontend_fp4_dot_fma_semantic_20260608_2105/ex250/verilog/ex250_semantic_fp4_dot2_prodtable_qrange.v:366$10.$result[6:0]$90
    34/50: $17\quant_scaled$func$/home/b10507053/ALS_Final_Project/student/work/ex250_ex254_frontend_fp4_dot_fma_semantic_20260608_2105/ex250/verilog/ex250_semantic_fp4_dot2_prodtable_qrange.v:366$10.$result[6:0]$88
    35/50: $16\quant_scaled$func$/home/b10507053/ALS_Final_Project/student/work/ex250_ex254_frontend_fp4_dot_fma_semantic_20260608_2105/ex250/verilog/ex250_semantic_fp4_dot2_prodtable_qrange.v:366$10.$result[6:0]$86
    36/50: $15\quant_scaled$func$/home/b10507053/ALS_Final_Project/student/work/ex250_ex254_frontend_fp4_dot_fma_semantic_20260608_2105/ex250/verilog/ex250_semantic_fp4_dot2_prodtable_qrange.v:366$10.$result[6:0]$84
    37/50: $14\quant_scaled$func$/home/b10507053/ALS_Final_Project/student/work/ex250_ex254_frontend_fp4_dot_fma_semantic_20260608_2105/ex250/verilog/ex250_semantic_fp4_dot2_prodtable_qrange.v:366$10.$result[6:0]$82
    38/50: $13\quant_scaled$func$/home/b10507053/ALS_Final_Project/student/work/ex250_ex254_frontend_fp4_dot_fma_semantic_20260608_2105/ex250/verilog/ex250_semantic_fp4_dot2_prodtable_qrange.v:366$10.$result[6:0]$80
    39/50: $12\quant_scaled$func$/home/b10507053/ALS_Final_Project/student/work/ex250_ex254_frontend_fp4_dot_fma_semantic_20260608_2105/ex250/verilog/ex250_semantic_fp4_dot2_prodtable_qrange.v:366$10.$result[6:0]$78
    40/50: $11\quant_scaled$func$/home/b10507053/ALS_Final_Project/student/work/ex250_ex254_frontend_fp4_dot_fma_semantic_20260608_2105/ex250/verilog/ex250_semantic_fp4_dot2_prodtable_qrange.v:366$10.$result[6:0]$76
    41/50: $10\quant_scaled$func$/home/b10507053/ALS_Final_Project/student/work/ex250_ex254_frontend_fp4_dot_fma_semantic_20260608_2105/ex250/verilog/ex250_semantic_fp4_dot2_prodtable_qrange.v:366$10.$result[6:0]$74
    42/50: $9\quant_scaled$func$/home/b10507053/ALS_Final_Project/student/work/ex250_ex254_frontend_fp4_dot_fma_semantic_20260608_2105/ex250/verilog/ex250_semantic_fp4_dot2_prodtable_qrange.v:366$10.$result[6:0]$72
    43/50: $8\quant_scaled$func$/home/b10507053/ALS_Final_Project/student/work/ex250_ex254_frontend_fp4_dot_fma_semantic_20260608_2105/ex250/verilog/ex250_semantic_fp4_dot2_prodtable_qrange.v:366$10.$result[6:0]$70
    44/50: $7\quant_scaled$func$/home/b10507053/ALS_Final_Project/student/work/ex250_ex254_frontend_fp4_dot_fma_semantic_20260608_2105/ex250/verilog/ex250_semantic_fp4_dot2_prodtable_qrange.v:366$10.$result[6:0]$68
    45/50: $6\quant_scaled$func$/home/b10507053/ALS_Final_Project/student/work/ex250_ex254_frontend_fp4_dot_fma_semantic_20260608_2105/ex250/verilog/ex250_semantic_fp4_dot2_prodtable_qrange.v:366$10.$result[6:0]$66
    46/50: $5\quant_scaled$func$/home/b10507053/ALS_Final_Project/student/work/ex250_ex254_frontend_fp4_dot_fma_semantic_20260608_2105/ex250/verilog/ex250_semantic_fp4_dot2_prodtable_qrange.v:366$10.$result[6:0]$64
    47/50: $4\quant_scaled$func$/home/b10507053/ALS_Final_Project/student/work/ex250_ex254_frontend_fp4_dot_fma_semantic_20260608_2105/ex250/verilog/ex250_semantic_fp4_dot2_prodtable_qrange.v:366$10.$result[6:0]$62
    48/50: $3\quant_scaled$func$/home/b10507053/ALS_Final_Project/student/work/ex250_ex254_frontend_fp4_dot_fma_semantic_20260608_2105/ex250/verilog/ex250_semantic_fp4_dot2_prodtable_qrange.v:366$10.$result[6:0]$60
    49/50: $2\quant_scaled$func$/home/b10507053/ALS_Final_Project/student/work/ex250_ex254_frontend_fp4_dot_fma_semantic_20260608_2105/ex250/verilog/ex250_semantic_fp4_dot2_prodtable_qrange.v:366$10.$result[6:0]$58
    50/50: $1\quant_scaled$func$/home/b10507053/ALS_Final_Project/student/work/ex250_ex254_frontend_fp4_dot_fma_semantic_20260608_2105/ex250/verilog/ex250_semantic_fp4_dot2_prodtable_qrange.v:366$10.$result[6:0]$56
Creating decoders for process `\ex250_semantic_fp4_dot2_prodtable_qrange.$proc$/home/b10507053/ALS_Final_Project/student/work/ex250_ex254_frontend_fp4_dot_fma_semantic_20260608_2105/ex250/verilog/ex250_semantic_fp4_dot2_prodtable_qrange.v:365$41'.
Creating decoders for process `\ex250_semantic_fp4_dot2_prodtable_qrange.$proc$/home/b10507053/ALS_Final_Project/student/work/ex250_ex254_frontend_fp4_dot_fma_semantic_20260608_2105/ex250/verilog/ex250_semantic_fp4_dot2_prodtable_qrange.v:365$31'.
Creating decoders for process `\ex250_semantic_fp4_dot2_prodtable_qrange.$proc$/home/b10507053/ALS_Final_Project/student/work/ex250_ex254_frontend_fp4_dot_fma_semantic_20260608_2105/ex250/verilog/ex250_semantic_fp4_dot2_prodtable_qrange.v:360$25'.
     1/1: $1\lane_product$func$/home/b10507053/ALS_Final_Project/student/work/ex250_ex254_frontend_fp4_dot_fma_semantic_20260608_2105/ex250/verilog/ex250_semantic_fp4_dot2_prodtable_qrange.v:360$7.$result[9:0]$30
Creating decoders for process `\ex250_semantic_fp4_dot2_prodtable_qrange.$proc$/home/b10507053/ALS_Final_Project/student/work/ex250_ex254_frontend_fp4_dot_fma_semantic_20260608_2105/ex250/verilog/ex250_semantic_fp4_dot2_prodtable_qrange.v:359$19'.
     1/1: $1\lane_product$func$/home/b10507053/ALS_Final_Project/student/work/ex250_ex254_frontend_fp4_dot_fma_semantic_20260608_2105/ex250/verilog/ex250_semantic_fp4_dot2_prodtable_qrange.v:359$6.$result[9:0]$24

2.2.8. Executing PROC_DLATCH pass (convert process syncs to latches).
No latch inferred for signal `\ex250_semantic_fp4_dot2_prodtable_qrange.\quant_scaled$func$/home/b10507053/ALS_Final_Project/student/work/ex250_ex254_frontend_fp4_dot_fma_semantic_20260608_2105/ex250/verilog/ex250_semantic_fp4_dot2_prodtable_qrange.v:366$5.$result' from process `\ex250_semantic_fp4_dot2_prodtable_qrange.$proc$/home/b10507053/ALS_Final_Project/student/work/ex250_ex254_frontend_fp4_dot_fma_semantic_20260608_2105/ex250/verilog/ex250_semantic_fp4_dot2_prodtable_qrange.v:366$51'.
No latch inferred for signal `\ex250_semantic_fp4_dot2_prodtable_qrange.\quant_scaled$func$/home/b10507053/ALS_Final_Project/student/work/ex250_ex254_frontend_fp4_dot_fma_semantic_20260608_2105/ex250/verilog/ex250_semantic_fp4_dot2_prodtable_qrange.v:366$10.$result' from process `\ex250_semantic_fp4_dot2_prodtable_qrange.$proc$/home/b10507053/ALS_Final_Project/student/work/ex250_ex254_frontend_fp4_dot_fma_semantic_20260608_2105/ex250/verilog/ex250_semantic_fp4_dot2_prodtable_qrange.v:366$51'.
No latch inferred for signal `\ex250_semantic_fp4_dot2_prodtable_qrange.\quant_scaled$func$/home/b10507053/ALS_Final_Project/student/work/ex250_ex254_frontend_fp4_dot_fma_semantic_20260608_2105/ex250/verilog/ex250_semantic_fp4_dot2_prodtable_qrange.v:366$10.value' from process `\ex250_semantic_fp4_dot2_prodtable_qrange.$proc$/home/b10507053/ALS_Final_Project/student/work/ex250_ex254_frontend_fp4_dot_fma_semantic_20260608_2105/ex250/verilog/ex250_semantic_fp4_dot2_prodtable_qrange.v:366$51'.
No latch inferred for signal `\ex250_semantic_fp4_dot2_prodtable_qrange.\fp4_neg_zero_product$func$/home/b10507053/ALS_Final_Project/student/work/ex250_ex254_frontend_fp4_dot_fma_semantic_20260608_2105/ex250/verilog/ex250_semantic_fp4_dot2_prodtable_qrange.v:365$4.$result' from process `\ex250_semantic_fp4_dot2_prodtable_qrange.$proc$/home/b10507053/ALS_Final_Project/student/work/ex250_ex254_frontend_fp4_dot_fma_semantic_20260608_2105/ex250/verilog/ex250_semantic_fp4_dot2_prodtable_qrange.v:365$41'.
No latch inferred for signal `\ex250_semantic_fp4_dot2_prodtable_qrange.\fp4_neg_zero_product$func$/home/b10507053/ALS_Final_Project/student/work/ex250_ex254_frontend_fp4_dot_fma_semantic_20260608_2105/ex250/verilog/ex250_semantic_fp4_dot2_prodtable_qrange.v:365$9.$result' from process `\ex250_semantic_fp4_dot2_prodtable_qrange.$proc$/home/b10507053/ALS_Final_Project/student/work/ex250_ex254_frontend_fp4_dot_fma_semantic_20260608_2105/ex250/verilog/ex250_semantic_fp4_dot2_prodtable_qrange.v:365$41'.
No latch inferred for signal `\ex250_semantic_fp4_dot2_prodtable_qrange.\fp4_neg_zero_product$func$/home/b10507053/ALS_Final_Project/student/work/ex250_ex254_frontend_fp4_dot_fma_semantic_20260608_2105/ex250/verilog/ex250_semantic_fp4_dot2_prodtable_qrange.v:365$9.a' from process `\ex250_semantic_fp4_dot2_prodtable_qrange.$proc$/home/b10507053/ALS_Final_Project/student/work/ex250_ex254_frontend_fp4_dot_fma_semantic_20260608_2105/ex250/verilog/ex250_semantic_fp4_dot2_prodtable_qrange.v:365$41'.
No latch inferred for signal `\ex250_semantic_fp4_dot2_prodtable_qrange.\fp4_neg_zero_product$func$/home/b10507053/ALS_Final_Project/student/work/ex250_ex254_frontend_fp4_dot_fma_semantic_20260608_2105/ex250/verilog/ex250_semantic_fp4_dot2_prodtable_qrange.v:365$9.b' from process `\ex250_semantic_fp4_dot2_prodtable_qrange.$proc$/home/b10507053/ALS_Final_Project/student/work/ex250_ex254_frontend_fp4_dot_fma_semantic_20260608_2105/ex250/verilog/ex250_semantic_fp4_dot2_prodtable_qrange.v:365$41'.
No latch inferred for signal `\ex250_semantic_fp4_dot2_prodtable_qrange.\fp4_neg_zero_product$func$/home/b10507053/ALS_Final_Project/student/work/ex250_ex254_frontend_fp4_dot_fma_semantic_20260608_2105/ex250/verilog/ex250_semantic_fp4_dot2_prodtable_qrange.v:365$3.$result' from process `\ex250_semantic_fp4_dot2_prodtable_qrange.$proc$/home/b10507053/ALS_Final_Project/student/work/ex250_ex254_frontend_fp4_dot_fma_semantic_20260608_2105/ex250/verilog/ex250_semantic_fp4_dot2_prodtable_qrange.v:365$31'.
No latch inferred for signal `\ex250_semantic_fp4_dot2_prodtable_qrange.\fp4_neg_zero_product$func$/home/b10507053/ALS_Final_Project/student/work/ex250_ex254_frontend_fp4_dot_fma_semantic_20260608_2105/ex250/verilog/ex250_semantic_fp4_dot2_prodtable_qrange.v:365$8.$result' from process `\ex250_semantic_fp4_dot2_prodtable_qrange.$proc$/home/b10507053/ALS_Final_Project/student/work/ex250_ex254_frontend_fp4_dot_fma_semantic_20260608_2105/ex250/verilog/ex250_semantic_fp4_dot2_prodtable_qrange.v:365$31'.
No latch inferred for signal `\ex250_semantic_fp4_dot2_prodtable_qrange.\fp4_neg_zero_product$func$/home/b10507053/ALS_Final_Project/student/work/ex250_ex254_frontend_fp4_dot_fma_semantic_20260608_2105/ex250/verilog/ex250_semantic_fp4_dot2_prodtable_qrange.v:365$8.a' from process `\ex250_semantic_fp4_dot2_prodtable_qrange.$proc$/home/b10507053/ALS_Final_Project/student/work/ex250_ex254_frontend_fp4_dot_fma_semantic_20260608_2105/ex250/verilog/ex250_semantic_fp4_dot2_prodtable_qrange.v:365$31'.
No latch inferred for signal `\ex250_semantic_fp4_dot2_prodtable_qrange.\fp4_neg_zero_product$func$/home/b10507053/ALS_Final_Project/student/work/ex250_ex254_frontend_fp4_dot_fma_semantic_20260608_2105/ex250/verilog/ex250_semantic_fp4_dot2_prodtable_qrange.v:365$8.b' from process `\ex250_semantic_fp4_dot2_prodtable_qrange.$proc$/home/b10507053/ALS_Final_Project/student/work/ex250_ex254_frontend_fp4_dot_fma_semantic_20260608_2105/ex250/verilog/ex250_semantic_fp4_dot2_prodtable_qrange.v:365$31'.
No latch inferred for signal `\ex250_semantic_fp4_dot2_prodtable_qrange.\lane_product$func$/home/b10507053/ALS_Final_Project/student/work/ex250_ex254_frontend_fp4_dot_fma_semantic_20260608_2105/ex250/verilog/ex250_semantic_fp4_dot2_prodtable_qrange.v:360$2.$result' from process `\ex250_semantic_fp4_dot2_prodtable_qrange.$proc$/home/b10507053/ALS_Final_Project/student/work/ex250_ex254_frontend_fp4_dot_fma_semantic_20260608_2105/ex250/verilog/ex250_semantic_fp4_dot2_prodtable_qrange.v:360$25'.
No latch inferred for signal `\ex250_semantic_fp4_dot2_prodtable_qrange.\lane_product$func$/home/b10507053/ALS_Final_Project/student/work/ex250_ex254_frontend_fp4_dot_fma_semantic_20260608_2105/ex250/verilog/ex250_semantic_fp4_dot2_prodtable_qrange.v:360$7.$result' from process `\ex250_semantic_fp4_dot2_prodtable_qrange.$proc$/home/b10507053/ALS_Final_Project/student/work/ex250_ex254_frontend_fp4_dot_fma_semantic_20260608_2105/ex250/verilog/ex250_semantic_fp4_dot2_prodtable_qrange.v:360$25'.
No latch inferred for signal `\ex250_semantic_fp4_dot2_prodtable_qrange.\lane_product$func$/home/b10507053/ALS_Final_Project/student/work/ex250_ex254_frontend_fp4_dot_fma_semantic_20260608_2105/ex250/verilog/ex250_semantic_fp4_dot2_prodtable_qrange.v:360$7.a' from process `\ex250_semantic_fp4_dot2_prodtable_qrange.$proc$/home/b10507053/ALS_Final_Project/student/work/ex250_ex254_frontend_fp4_dot_fma_semantic_20260608_2105/ex250/verilog/ex250_semantic_fp4_dot2_prodtable_qrange.v:360$25'.
No latch inferred for signal `\ex250_semantic_fp4_dot2_prodtable_qrange.\lane_product$func$/home/b10507053/ALS_Final_Project/student/work/ex250_ex254_frontend_fp4_dot_fma_semantic_20260608_2105/ex250/verilog/ex250_semantic_fp4_dot2_prodtable_qrange.v:360$7.b' from process `\ex250_semantic_fp4_dot2_prodtable_qrange.$proc$/home/b10507053/ALS_Final_Project/student/work/ex250_ex254_frontend_fp4_dot_fma_semantic_20260608_2105/ex250/verilog/ex250_semantic_fp4_dot2_prodtable_qrange.v:360$25'.
No latch inferred for signal `\ex250_semantic_fp4_dot2_prodtable_qrange.\lane_product$func$/home/b10507053/ALS_Final_Project/student/work/ex250_ex254_frontend_fp4_dot_fma_semantic_20260608_2105/ex250/verilog/ex250_semantic_fp4_dot2_prodtable_qrange.v:359$1.$result' from process `\ex250_semantic_fp4_dot2_prodtable_qrange.$proc$/home/b10507053/ALS_Final_Project/student/work/ex250_ex254_frontend_fp4_dot_fma_semantic_20260608_2105/ex250/verilog/ex250_semantic_fp4_dot2_prodtable_qrange.v:359$19'.
No latch inferred for signal `\ex250_semantic_fp4_dot2_prodtable_qrange.\lane_product$func$/home/b10507053/ALS_Final_Project/student/work/ex250_ex254_frontend_fp4_dot_fma_semantic_20260608_2105/ex250/verilog/ex250_semantic_fp4_dot2_prodtable_qrange.v:359$6.$result' from process `\ex250_semantic_fp4_dot2_prodtable_qrange.$proc$/home/b10507053/ALS_Final_Project/student/work/ex250_ex254_frontend_fp4_dot_fma_semantic_20260608_2105/ex250/verilog/ex250_semantic_fp4_dot2_prodtable_qrange.v:359$19'.
No latch inferred for signal `\ex250_semantic_fp4_dot2_prodtable_qrange.\lane_product$func$/home/b10507053/ALS_Final_Project/student/work/ex250_ex254_frontend_fp4_dot_fma_semantic_20260608_2105/ex250/verilog/ex250_semantic_fp4_dot2_prodtable_qrange.v:359$6.a' from process `\ex250_semantic_fp4_dot2_prodtable_qrange.$proc$/home/b10507053/ALS_Final_Project/student/work/ex250_ex254_frontend_fp4_dot_fma_semantic_20260608_2105/ex250/verilog/ex250_semantic_fp4_dot2_prodtable_qrange.v:359$19'.
No latch inferred for signal `\ex250_semantic_fp4_dot2_prodtable_qrange.\lane_product$func$/home/b10507053/ALS_Final_Project/student/work/ex250_ex254_frontend_fp4_dot_fma_semantic_20260608_2105/ex250/verilog/ex250_semantic_fp4_dot2_prodtable_qrange.v:359$6.b' from process `\ex250_semantic_fp4_dot2_prodtable_qrange.$proc$/home/b10507053/ALS_Final_Project/student/work/ex250_ex254_frontend_fp4_dot_fma_semantic_20260608_2105/ex250/verilog/ex250_semantic_fp4_dot2_prodtable_qrange.v:359$19'.

2.2.9. Executing PROC_DFF pass (convert process syncs to FFs).

2.2.10. Executing PROC_MEMWR pass (convert process memory writes to cells).

2.2.11. Executing PROC_CLEAN pass (remove empty switches from decision trees).
Found and cleaned up 50 empty switches in `\ex250_semantic_fp4_dot2_prodtable_qrange.$proc$/home/b10507053/ALS_Final_Project/student/work/ex250_ex254_frontend_fp4_dot_fma_semantic_20260608_2105/ex250/verilog/ex250_semantic_fp4_dot2_prodtable_qrange.v:366$51'.
Removing empty process `ex250_semantic_fp4_dot2_prodtable_qrange.$proc$/home/b10507053/ALS_Final_Project/student/work/ex250_ex254_frontend_fp4_dot_fma_semantic_20260608_2105/ex250/verilog/ex250_semantic_fp4_dot2_prodtable_qrange.v:366$51'.
Removing empty process `ex250_semantic_fp4_dot2_prodtable_qrange.$proc$/home/b10507053/ALS_Final_Project/student/work/ex250_ex254_frontend_fp4_dot_fma_semantic_20260608_2105/ex250/verilog/ex250_semantic_fp4_dot2_prodtable_qrange.v:365$41'.
Removing empty process `ex250_semantic_fp4_dot2_prodtable_qrange.$proc$/home/b10507053/ALS_Final_Project/student/work/ex250_ex254_frontend_fp4_dot_fma_semantic_20260608_2105/ex250/verilog/ex250_semantic_fp4_dot2_prodtable_qrange.v:365$31'.
Found and cleaned up 1 empty switch in `\ex250_semantic_fp4_dot2_prodtable_qrange.$proc$/home/b10507053/ALS_Final_Project/student/work/ex250_ex254_frontend_fp4_dot_fma_semantic_20260608_2105/ex250/verilog/ex250_semantic_fp4_dot2_prodtable_qrange.v:360$25'.
Removing empty process `ex250_semantic_fp4_dot2_prodtable_qrange.$proc$/home/b10507053/ALS_Final_Project/student/work/ex250_ex254_frontend_fp4_dot_fma_semantic_20260608_2105/ex250/verilog/ex250_semantic_fp4_dot2_prodtable_qrange.v:360$25'.
Found and cleaned up 1 empty switch in `\ex250_semantic_fp4_dot2_prodtable_qrange.$proc$/home/b10507053/ALS_Final_Project/student/work/ex250_ex254_frontend_fp4_dot_fma_semantic_20260608_2105/ex250/verilog/ex250_semantic_fp4_dot2_prodtable_qrange.v:359$19'.
Removing empty process `ex250_semantic_fp4_dot2_prodtable_qrange.$proc$/home/b10507053/ALS_Final_Project/student/work/ex250_ex254_frontend_fp4_dot_fma_semantic_20260608_2105/ex250/verilog/ex250_semantic_fp4_dot2_prodtable_qrange.v:359$19'.
Cleaned up 52 empty switches.

2.2.12. Executing OPT_EXPR pass (perform const folding).
Optimizing module ex250_semantic_fp4_dot2_prodtable_qrange.

2.3. Executing CHECK pass (checking for obvious problems).
Checking module ex250_semantic_fp4_dot2_prodtable_qrange...
Found and reported 0 problems.

2.4. Executing FLATTEN pass (flatten design).

2.5. Executing OPT_EXPR pass (perform const folding).
Optimizing module ex250_semantic_fp4_dot2_prodtable_qrange.

2.6. Executing OPT_CLEAN pass (remove unused cells and wires).
Finding unused cells or wires in module \ex250_semantic_fp4_dot2_prodtable_qrange..
Removed 0 unused cells and 1362 unused wires.

2.7. Executing CHECK pass (checking for obvious problems).
Checking module ex250_semantic_fp4_dot2_prodtable_qrange...
Found and reported 0 problems.

2.8. Executing OPT pass (performing simple optimizations).

2.8.1. Executing OPT_EXPR pass (perform const folding).
Optimizing module ex250_semantic_fp4_dot2_prodtable_qrange.

2.8.2. Executing OPT_MERGE pass (detect identical cells).
Finding identical cells in module `\ex250_semantic_fp4_dot2_prodtable_qrange'.
Computing hashes of 1347 cells of `\ex250_semantic_fp4_dot2_prodtable_qrange'.
Finding duplicate cells in `\ex250_semantic_fp4_dot2_prodtable_qrange'.
Removed a total of 0 cells.

2.8.3. Executing OPT_MUXTREE pass (detect dead branches in mux trees).
Running muxtree optimizer on module \ex250_semantic_fp4_dot2_prodtable_qrange..
  Creating internal representation of mux trees.
  Evaluating internal representation of mux trees.
  Analyzing evaluation results.
    dead port 1/2 on $mux $procmux$3983.
    dead port 1/2 on $mux $procmux$3977.
    dead port 1/2 on $mux $procmux$3974.
    dead port 1/2 on $mux $procmux$3968.
    dead port 1/2 on $mux $procmux$3965.
    dead port 1/2 on $mux $procmux$3962.
    dead port 1/2 on $mux $procmux$3956.
    dead port 1/2 on $mux $procmux$3953.
    dead port 1/2 on $mux $procmux$3950.
    dead port 1/2 on $mux $procmux$3947.
    dead port 1/2 on $mux $procmux$3941.
    dead port 1/2 on $mux $procmux$3938.
    dead port 1/2 on $mux $procmux$3935.
    dead port 1/2 on $mux $procmux$3932.
    dead port 1/2 on $mux $procmux$3929.
    dead port 1/2 on $mux $procmux$3923.
    dead port 1/2 on $mux $procmux$3920.
    dead port 1/2 on $mux $procmux$3917.
    dead port 1/2 on $mux $procmux$3914.
    dead port 1/2 on $mux $procmux$3911.
    dead port 1/2 on $mux $procmux$3908.
    dead port 1/2 on $mux $procmux$3902.
    dead port 1/2 on $mux $procmux$3899.
    dead port 1/2 on $mux $procmux$3896.
    dead port 1/2 on $mux $procmux$3893.
    dead port 1/2 on $mux $procmux$3890.
    dead port 1/2 on $mux $procmux$3887.
    dead port 1/2 on $mux $procmux$3884.
    dead port 1/2 on $mux $procmux$3878.
    dead port 1/2 on $mux $procmux$3875.
    dead port 1/2 on $mux $procmux$3872.
    dead port 1/2 on $mux $procmux$3869.
    dead port 1/2 on $mux $procmux$3866.
    dead port 1/2 on $mux $procmux$3863.
    dead port 1/2 on $mux $procmux$3860.
    dead port 1/2 on $mux $procmux$3857.
    dead port 1/2 on $mux $procmux$3851.
    dead port 1/2 on $mux $procmux$3848.
    dead port 1/2 on $mux $procmux$3845.
    dead port 1/2 on $mux $procmux$3842.
    dead port 1/2 on $mux $procmux$3839.
    dead port 1/2 on $mux $procmux$3836.
    dead port 1/2 on $mux $procmux$3833.
    dead port 1/2 on $mux $procmux$3830.
    dead port 1/2 on $mux $procmux$3827.
    dead port 1/2 on $mux $procmux$3821.
    dead port 1/2 on $mux $procmux$3818.
    dead port 1/2 on $mux $procmux$3815.
    dead port 1/2 on $mux $procmux$3812.
    dead port 1/2 on $mux $procmux$3809.
    dead port 1/2 on $mux $procmux$3806.
    dead port 1/2 on $mux $procmux$3803.
    dead port 1/2 on $mux $procmux$3800.
    dead port 1/2 on $mux $procmux$3797.
    dead port 1/2 on $mux $procmux$3794.
    dead port 1/2 on $mux $procmux$3788.
    dead port 1/2 on $mux $procmux$3785.
    dead port 1/2 on $mux $procmux$3782.
    dead port 1/2 on $mux $procmux$3779.
    dead port 1/2 on $mux $procmux$3776.
    dead port 1/2 on $mux $procmux$3773.
    dead port 1/2 on $mux $procmux$3770.
    dead port 1/2 on $mux $procmux$3767.
    dead port 1/2 on $mux $procmux$3764.
    dead port 1/2 on $mux $procmux$3761.
    dead port 1/2 on $mux $procmux$3758.
    dead port 1/2 on $mux $procmux$3752.
    dead port 1/2 on $mux $procmux$3749.
    dead port 1/2 on $mux $procmux$3746.
    dead port 1/2 on $mux $procmux$3743.
    dead port 1/2 on $mux $procmux$3740.
    dead port 1/2 on $mux $procmux$3737.
    dead port 1/2 on $mux $procmux$3734.
    dead port 1/2 on $mux $procmux$3731.
    dead port 1/2 on $mux $procmux$3728.
    dead port 1/2 on $mux $procmux$3725.
    dead port 1/2 on $mux $procmux$3722.
    dead port 1/2 on $mux $procmux$3719.
    dead port 1/2 on $mux $procmux$3713.
    dead port 1/2 on $mux $procmux$3710.
    dead port 1/2 on $mux $procmux$3707.
    dead port 1/2 on $mux $procmux$3704.
    dead port 1/2 on $mux $procmux$3701.
    dead port 1/2 on $mux $procmux$3698.
    dead port 1/2 on $mux $procmux$3695.
    dead port 1/2 on $mux $procmux$3692.
    dead port 1/2 on $mux $procmux$3689.
    dead port 1/2 on $mux $procmux$3686.
    dead port 1/2 on $mux $procmux$3683.
    dead port 1/2 on $mux $procmux$3680.
    dead port 1/2 on $mux $procmux$3677.
    dead port 1/2 on $mux $procmux$3671.
    dead port 1/2 on $mux $procmux$3668.
    dead port 1/2 on $mux $procmux$3665.
    dead port 1/2 on $mux $procmux$3662.
    dead port 1/2 on $mux $procmux$3659.
    dead port 1/2 on $mux $procmux$3656.
    dead port 1/2 on $mux $procmux$3653.
    dead port 1/2 on $mux $procmux$3650.
    dead port 1/2 on $mux $procmux$3647.
    dead port 1/2 on $mux $procmux$3644.
    dead port 1/2 on $mux $procmux$3641.
    dead port 1/2 on $mux $procmux$3638.
    dead port 1/2 on $mux $procmux$3635.
    dead port 1/2 on $mux $procmux$3632.
    dead port 1/2 on $mux $procmux$3626.
    dead port 1/2 on $mux $procmux$3623.
    dead port 1/2 on $mux $procmux$3620.
    dead port 1/2 on $mux $procmux$3617.
    dead port 1/2 on $mux $procmux$3614.
    dead port 1/2 on $mux $procmux$3611.
    dead port 1/2 on $mux $procmux$3608.
    dead port 1/2 on $mux $procmux$3605.
    dead port 1/2 on $mux $procmux$3602.
    dead port 1/2 on $mux $procmux$3599.
    dead port 1/2 on $mux $procmux$3596.
    dead port 1/2 on $mux $procmux$3593.
    dead port 1/2 on $mux $procmux$3590.
    dead port 1/2 on $mux $procmux$3587.
    dead port 1/2 on $mux $procmux$3584.
    dead port 1/2 on $mux $procmux$3578.
    dead port 1/2 on $mux $procmux$3575.
    dead port 1/2 on $mux $procmux$3572.
    dead port 1/2 on $mux $procmux$3569.
    dead port 1/2 on $mux $procmux$3566.
    dead port 1/2 on $mux $procmux$3563.
    dead port 1/2 on $mux $procmux$3560.
    dead port 1/2 on $mux $procmux$3557.
    dead port 1/2 on $mux $procmux$3554.
    dead port 1/2 on $mux $procmux$3551.
    dead port 1/2 on $mux $procmux$3548.
    dead port 1/2 on $mux $procmux$3545.
    dead port 1/2 on $mux $procmux$3542.
    dead port 1/2 on $mux $procmux$3539.
    dead port 1/2 on $mux $procmux$3536.
    dead port 1/2 on $mux $procmux$3533.
    dead port 1/2 on $mux $procmux$3527.
    dead port 1/2 on $mux $procmux$3524.
    dead port 1/2 on $mux $procmux$3521.
    dead port 1/2 on $mux $procmux$3518.
    dead port 1/2 on $mux $procmux$3515.
    dead port 1/2 on $mux $procmux$3512.
    dead port 1/2 on $mux $procmux$3509.
    dead port 1/2 on $mux $procmux$3506.
    dead port 1/2 on $mux $procmux$3503.
    dead port 1/2 on $mux $procmux$3500.
    dead port 1/2 on $mux $procmux$3497.
    dead port 1/2 on $mux $procmux$3494.
    dead port 1/2 on $mux $procmux$3491.
    dead port 1/2 on $mux $procmux$3488.
    dead port 1/2 on $mux $procmux$3485.
    dead port 1/2 on $mux $procmux$3482.
    dead port 1/2 on $mux $procmux$3479.
    dead port 1/2 on $mux $procmux$3473.
    dead port 1/2 on $mux $procmux$3470.
    dead port 1/2 on $mux $procmux$3467.
    dead port 1/2 on $mux $procmux$3464.
    dead port 1/2 on $mux $procmux$3461.
    dead port 1/2 on $mux $procmux$3458.
    dead port 1/2 on $mux $procmux$3455.
    dead port 1/2 on $mux $procmux$3452.
    dead port 1/2 on $mux $procmux$3449.
    dead port 1/2 on $mux $procmux$3446.
    dead port 1/2 on $mux $procmux$3443.
    dead port 1/2 on $mux $procmux$3440.
    dead port 1/2 on $mux $procmux$3437.
    dead port 1/2 on $mux $procmux$3434.
    dead port 1/2 on $mux $procmux$3431.
    dead port 1/2 on $mux $procmux$3428.
    dead port 1/2 on $mux $procmux$3425.
    dead port 1/2 on $mux $procmux$3422.
    dead port 1/2 on $mux $procmux$3416.
    dead port 1/2 on $mux $procmux$3413.
    dead port 1/2 on $mux $procmux$3410.
    dead port 1/2 on $mux $procmux$3407.
    dead port 1/2 on $mux $procmux$3404.
    dead port 1/2 on $mux $procmux$3401.
    dead port 1/2 on $mux $procmux$3398.
    dead port 1/2 on $mux $procmux$3395.
    dead port 1/2 on $mux $procmux$3392.
    dead port 1/2 on $mux $procmux$3389.
    dead port 1/2 on $mux $procmux$3386.
    dead port 1/2 on $mux $procmux$3383.
    dead port 1/2 on $mux $procmux$3380.
    dead port 1/2 on $mux $procmux$3377.
    dead port 1/2 on $mux $procmux$3374.
    dead port 1/2 on $mux $procmux$3371.
    dead port 1/2 on $mux $procmux$3368.
    dead port 1/2 on $mux $procmux$3365.
    dead port 1/2 on $mux $procmux$3362.
    dead port 1/2 on $mux $procmux$3356.
    dead port 1/2 on $mux $procmux$3353.
    dead port 1/2 on $mux $procmux$3350.
    dead port 1/2 on $mux $procmux$3347.
    dead port 1/2 on $mux $procmux$3344.
    dead port 1/2 on $mux $procmux$3341.
    dead port 1/2 on $mux $procmux$3338.
    dead port 1/2 on $mux $procmux$3335.
    dead port 1/2 on $mux $procmux$3332.
    dead port 1/2 on $mux $procmux$3329.
    dead port 1/2 on $mux $procmux$3326.
    dead port 1/2 on $mux $procmux$3323.
    dead port 1/2 on $mux $procmux$3320.
    dead port 1/2 on $mux $procmux$3317.
    dead port 1/2 on $mux $procmux$3314.
    dead port 1/2 on $mux $procmux$3311.
    dead port 1/2 on $mux $procmux$3308.
    dead port 1/2 on $mux $procmux$3305.
    dead port 1/2 on $mux $procmux$3302.
    dead port 1/2 on $mux $procmux$3299.
    dead port 1/2 on $mux $procmux$3293.
    dead port 1/2 on $mux $procmux$3290.
    dead port 1/2 on $mux $procmux$3287.
    dead port 1/2 on $mux $procmux$3284.
    dead port 1/2 on $mux $procmux$3281.
    dead port 1/2 on $mux $procmux$3278.
    dead port 1/2 on $mux $procmux$3275.
    dead port 1/2 on $mux $procmux$3272.
    dead port 1/2 on $mux $procmux$3269.
    dead port 1/2 on $mux $procmux$3266.
    dead port 1/2 on $mux $procmux$3263.
    dead port 1/2 on $mux $procmux$3260.
    dead port 1/2 on $mux $procmux$3257.
    dead port 1/2 on $mux $procmux$3254.
    dead port 1/2 on $mux $procmux$3251.
    dead port 1/2 on $mux $procmux$3248.
    dead port 1/2 on $mux $procmux$3245.
    dead port 1/2 on $mux $procmux$3242.
    dead port 1/2 on $mux $procmux$3239.
    dead port 1/2 on $mux $procmux$3236.
    dead port 1/2 on $mux $procmux$3233.
    dead port 1/2 on $mux $procmux$3227.
    dead port 1/2 on $mux $procmux$3224.
    dead port 1/2 on $mux $procmux$3221.
    dead port 1/2 on $mux $procmux$3218.
    dead port 1/2 on $mux $procmux$3215.
    dead port 1/2 on $mux $procmux$3212.
    dead port 1/2 on $mux $procmux$3209.
    dead port 1/2 on $mux $procmux$3206.
    dead port 1/2 on $mux $procmux$3203.
    dead port 1/2 on $mux $procmux$3200.
    dead port 1/2 on $mux $procmux$3197.
    dead port 1/2 on $mux $procmux$3194.
    dead port 1/2 on $mux $procmux$3191.
    dead port 1/2 on $mux $procmux$3188.
    dead port 1/2 on $mux $procmux$3185.
    dead port 1/2 on $mux $procmux$3182.
    dead port 1/2 on $mux $procmux$3179.
    dead port 1/2 on $mux $procmux$3176.
    dead port 1/2 on $mux $procmux$3173.
    dead port 1/2 on $mux $procmux$3170.
    dead port 1/2 on $mux $procmux$3167.
    dead port 1/2 on $mux $procmux$3164.
    dead port 1/2 on $mux $procmux$3158.
    dead port 1/2 on $mux $procmux$3155.
    dead port 1/2 on $mux $procmux$3152.
    dead port 1/2 on $mux $procmux$3149.
    dead port 1/2 on $mux $procmux$3146.
    dead port 1/2 on $mux $procmux$3143.
    dead port 1/2 on $mux $procmux$3140.
    dead port 1/2 on $mux $procmux$3137.
    dead port 1/2 on $mux $procmux$3134.
    dead port 1/2 on $mux $procmux$3131.
    dead port 1/2 on $mux $procmux$3128.
    dead port 1/2 on $mux $procmux$3125.
    dead port 1/2 on $mux $procmux$3122.
    dead port 1/2 on $mux $procmux$3119.
    dead port 1/2 on $mux $procmux$3116.
    dead port 1/2 on $mux $procmux$3113.
    dead port 1/2 on $mux $procmux$3110.
    dead port 1/2 on $mux $procmux$3107.
    dead port 1/2 on $mux $procmux$3104.
    dead port 1/2 on $mux $procmux$3101.
    dead port 1/2 on $mux $procmux$3098.
    dead port 1/2 on $mux $procmux$3095.
    dead port 1/2 on $mux $procmux$3092.
    dead port 1/2 on $mux $procmux$3086.
    dead port 1/2 on $mux $procmux$3083.
    dead port 1/2 on $mux $procmux$3080.
    dead port 1/2 on $mux $procmux$3077.
    dead port 1/2 on $mux $procmux$3074.
    dead port 1/2 on $mux $procmux$3071.
    dead port 1/2 on $mux $procmux$3068.
    dead port 1/2 on $mux $procmux$3065.
    dead port 1/2 on $mux $procmux$3062.
    dead port 1/2 on $mux $procmux$3059.
    dead port 1/2 on $mux $procmux$3056.
    dead port 1/2 on $mux $procmux$3053.
    dead port 1/2 on $mux $procmux$3050.
    dead port 1/2 on $mux $procmux$3047.
    dead port 1/2 on $mux $procmux$3044.
    dead port 1/2 on $mux $procmux$3041.
    dead port 1/2 on $mux $procmux$3038.
    dead port 1/2 on $mux $procmux$3035.
    dead port 1/2 on $mux $procmux$3032.
    dead port 1/2 on $mux $procmux$3029.
    dead port 1/2 on $mux $procmux$3026.
    dead port 1/2 on $mux $procmux$3023.
    dead port 1/2 on $mux $procmux$3020.
    dead port 1/2 on $mux $procmux$3017.
    dead port 1/2 on $mux $procmux$3011.
    dead port 1/2 on $mux $procmux$3008.
    dead port 1/2 on $mux $procmux$3005.
    dead port 1/2 on $mux $procmux$3002.
    dead port 1/2 on $mux $procmux$2999.
    dead port 1/2 on $mux $procmux$2996.
    dead port 1/2 on $mux $procmux$2993.
    dead port 1/2 on $mux $procmux$2990.
    dead port 1/2 on $mux $procmux$2987.
    dead port 1/2 on $mux $procmux$2984.
    dead port 1/2 on $mux $procmux$2981.
    dead port 1/2 on $mux $procmux$2978.
    dead port 1/2 on $mux $procmux$2975.
    dead port 1/2 on $mux $procmux$2972.
    dead port 1/2 on $mux $procmux$2969.
    dead port 1/2 on $mux $procmux$2966.
    dead port 1/2 on $mux $procmux$2963.
    dead port 1/2 on $mux $procmux$2960.
    dead port 1/2 on $mux $procmux$2957.
    dead port 1/2 on $mux $procmux$2954.
    dead port 1/2 on $mux $procmux$2951.
    dead port 1/2 on $mux $procmux$2948.
    dead port 1/2 on $mux $procmux$2945.
    dead port 1/2 on $mux $procmux$2942.
    dead port 1/2 on $mux $procmux$2939.
    dead port 1/2 on $mux $procmux$2933.
    dead port 1/2 on $mux $procmux$2930.
    dead port 1/2 on $mux $procmux$2927.
    dead port 1/2 on $mux $procmux$2924.
    dead port 1/2 on $mux $procmux$2921.
    dead port 1/2 on $mux $procmux$2918.
    dead port 1/2 on $mux $procmux$2915.
    dead port 1/2 on $mux $procmux$2912.
    dead port 1/2 on $mux $procmux$2909.
    dead port 1/2 on $mux $procmux$2906.
    dead port 1/2 on $mux $procmux$2903.
    dead port 1/2 on $mux $procmux$2900.
    dead port 1/2 on $mux $procmux$2897.
    dead port 1/2 on $mux $procmux$2894.
    dead port 1/2 on $mux $procmux$2891.
    dead port 1/2 on $mux $procmux$2888.
    dead port 1/2 on $mux $procmux$2885.
    dead port 1/2 on $mux $procmux$2882.
    dead port 1/2 on $mux $procmux$2879.
    dead port 1/2 on $mux $procmux$2876.
    dead port 1/2 on $mux $procmux$2873.
    dead port 1/2 on $mux $procmux$2870.
    dead port 1/2 on $mux $procmux$2867.
    dead port 1/2 on $mux $procmux$2864.
    dead port 1/2 on $mux $procmux$2861.
    dead port 1/2 on $mux $procmux$2858.
    dead port 1/2 on $mux $procmux$2852.
    dead port 1/2 on $mux $procmux$2849.
    dead port 1/2 on $mux $procmux$2846.
    dead port 1/2 on $mux $procmux$2843.
    dead port 1/2 on $mux $procmux$2840.
    dead port 1/2 on $mux $procmux$2837.
    dead port 1/2 on $mux $procmux$2834.
    dead port 1/2 on $mux $procmux$2831.
    dead port 1/2 on $mux $procmux$2828.
    dead port 1/2 on $mux $procmux$2825.
    dead port 1/2 on $mux $procmux$2822.
    dead port 1/2 on $mux $procmux$2819.
    dead port 1/2 on $mux $procmux$2816.
    dead port 1/2 on $mux $procmux$2813.
    dead port 1/2 on $mux $procmux$2810.
    dead port 1/2 on $mux $procmux$2807.
    dead port 1/2 on $mux $procmux$2804.
    dead port 1/2 on $mux $procmux$2801.
    dead port 1/2 on $mux $procmux$2798.
    dead port 1/2 on $mux $procmux$2795.
    dead port 1/2 on $mux $procmux$2792.
    dead port 1/2 on $mux $procmux$2789.
    dead port 1/2 on $mux $procmux$2786.
    dead port 1/2 on $mux $procmux$2783.
    dead port 1/2 on $mux $procmux$2780.
    dead port 1/2 on $mux $procmux$2777.
    dead port 1/2 on $mux $procmux$2774.
    dead port 1/2 on $mux $procmux$2768.
    dead port 1/2 on $mux $procmux$2765.
    dead port 1/2 on $mux $procmux$2762.
    dead port 1/2 on $mux $procmux$2759.
    dead port 1/2 on $mux $procmux$2756.
    dead port 1/2 on $mux $procmux$2753.
    dead port 1/2 on $mux $procmux$2750.
    dead port 1/2 on $mux $procmux$2747.
    dead port 1/2 on $mux $procmux$2744.
    dead port 1/2 on $mux $procmux$2741.
    dead port 1/2 on $mux $procmux$2738.
    dead port 1/2 on $mux $procmux$2735.
    dead port 1/2 on $mux $procmux$2732.
    dead port 1/2 on $mux $procmux$2729.
    dead port 1/2 on $mux $procmux$2726.
    dead port 1/2 on $mux $procmux$2723.
    dead port 1/2 on $mux $procmux$2720.
    dead port 1/2 on $mux $procmux$2717.
    dead port 1/2 on $mux $procmux$2714.
    dead port 1/2 on $mux $procmux$2711.
    dead port 1/2 on $mux $procmux$2708.
    dead port 1/2 on $mux $procmux$2705.
    dead port 1/2 on $mux $procmux$2702.
    dead port 1/2 on $mux $procmux$2699.
    dead port 1/2 on $mux $procmux$2696.
    dead port 1/2 on $mux $procmux$2693.
    dead port 1/2 on $mux $procmux$2690.
    dead port 1/2 on $mux $procmux$2687.
    dead port 1/2 on $mux $procmux$2681.
    dead port 1/2 on $mux $procmux$2678.
    dead port 1/2 on $mux $procmux$2675.
    dead port 1/2 on $mux $procmux$2672.
    dead port 1/2 on $mux $procmux$2669.
    dead port 1/2 on $mux $procmux$2666.
    dead port 1/2 on $mux $procmux$2663.
    dead port 1/2 on $mux $procmux$2660.
    dead port 1/2 on $mux $procmux$2657.
    dead port 1/2 on $mux $procmux$2654.
    dead port 1/2 on $mux $procmux$2651.
    dead port 1/2 on $mux $procmux$2648.
    dead port 1/2 on $mux $procmux$2645.
    dead port 1/2 on $mux $procmux$2642.
    dead port 1/2 on $mux $procmux$2639.
    dead port 1/2 on $mux $procmux$2636.
    dead port 1/2 on $mux $procmux$2633.
    dead port 1/2 on $mux $procmux$2630.
    dead port 1/2 on $mux $procmux$2627.
    dead port 1/2 on $mux $procmux$2624.
    dead port 1/2 on $mux $procmux$2621.
    dead port 1/2 on $mux $procmux$2618.
    dead port 1/2 on $mux $procmux$2615.
    dead port 1/2 on $mux $procmux$2612.
    dead port 1/2 on $mux $procmux$2609.
    dead port 1/2 on $mux $procmux$2606.
    dead port 1/2 on $mux $procmux$2603.
    dead port 1/2 on $mux $procmux$2600.
    dead port 1/2 on $mux $procmux$2597.
    dead port 1/2 on $mux $procmux$2591.
    dead port 1/2 on $mux $procmux$2588.
    dead port 1/2 on $mux $procmux$2585.
    dead port 1/2 on $mux $procmux$2582.
    dead port 1/2 on $mux $procmux$2579.
    dead port 1/2 on $mux $procmux$2576.
    dead port 1/2 on $mux $procmux$2573.
    dead port 1/2 on $mux $procmux$2570.
    dead port 1/2 on $mux $procmux$2567.
    dead port 1/2 on $mux $procmux$2564.
    dead port 1/2 on $mux $procmux$2561.
    dead port 1/2 on $mux $procmux$2558.
    dead port 1/2 on $mux $procmux$2555.
    dead port 1/2 on $mux $procmux$2552.
    dead port 1/2 on $mux $procmux$2549.
    dead port 1/2 on $mux $procmux$2546.
    dead port 1/2 on $mux $procmux$2543.
    dead port 1/2 on $mux $procmux$2540.
    dead port 1/2 on $mux $procmux$2537.
    dead port 1/2 on $mux $procmux$2534.
    dead port 1/2 on $mux $procmux$2531.
    dead port 1/2 on $mux $procmux$2528.
    dead port 1/2 on $mux $procmux$2525.
    dead port 1/2 on $mux $procmux$2522.
    dead port 1/2 on $mux $procmux$2519.
    dead port 1/2 on $mux $procmux$2516.
    dead port 1/2 on $mux $procmux$2513.
    dead port 1/2 on $mux $procmux$2510.
    dead port 1/2 on $mux $procmux$2507.
    dead port 1/2 on $mux $procmux$2504.
    dead port 1/2 on $mux $procmux$2498.
    dead port 1/2 on $mux $procmux$2495.
    dead port 1/2 on $mux $procmux$2492.
    dead port 1/2 on $mux $procmux$2489.
    dead port 1/2 on $mux $procmux$2486.
    dead port 1/2 on $mux $procmux$2483.
    dead port 1/2 on $mux $procmux$2480.
    dead port 1/2 on $mux $procmux$2477.
    dead port 1/2 on $mux $procmux$2474.
    dead port 1/2 on $mux $procmux$2471.
    dead port 1/2 on $mux $procmux$2468.
    dead port 1/2 on $mux $procmux$2465.
    dead port 1/2 on $mux $procmux$2462.
    dead port 1/2 on $mux $procmux$2459.
    dead port 1/2 on $mux $procmux$2456.
    dead port 1/2 on $mux $procmux$2453.
    dead port 1/2 on $mux $procmux$2450.
    dead port 1/2 on $mux $procmux$2447.
    dead port 1/2 on $mux $procmux$2444.
    dead port 1/2 on $mux $procmux$2441.
    dead port 1/2 on $mux $procmux$2438.
    dead port 1/2 on $mux $procmux$2435.
    dead port 1/2 on $mux $procmux$2432.
    dead port 1/2 on $mux $procmux$2429.
    dead port 1/2 on $mux $procmux$2426.
    dead port 1/2 on $mux $procmux$2423.
    dead port 1/2 on $mux $procmux$2420.
    dead port 1/2 on $mux $procmux$2417.
    dead port 1/2 on $mux $procmux$2414.
    dead port 1/2 on $mux $procmux$2411.
    dead port 1/2 on $mux $procmux$2408.
    dead port 1/2 on $mux $procmux$2402.
    dead port 1/2 on $mux $procmux$2399.
    dead port 1/2 on $mux $procmux$2396.
    dead port 1/2 on $mux $procmux$2393.
    dead port 1/2 on $mux $procmux$2390.
    dead port 1/2 on $mux $procmux$2387.
    dead port 1/2 on $mux $procmux$2384.
    dead port 1/2 on $mux $procmux$2381.
    dead port 1/2 on $mux $procmux$2378.
    dead port 1/2 on $mux $procmux$2375.
    dead port 1/2 on $mux $procmux$2372.
    dead port 1/2 on $mux $procmux$2369.
    dead port 1/2 on $mux $procmux$2366.
    dead port 1/2 on $mux $procmux$2363.
    dead port 1/2 on $mux $procmux$2360.
    dead port 1/2 on $mux $procmux$2357.
    dead port 1/2 on $mux $procmux$2354.
    dead port 1/2 on $mux $procmux$2351.
    dead port 1/2 on $mux $procmux$2348.
    dead port 1/2 on $mux $procmux$2345.
    dead port 1/2 on $mux $procmux$2342.
    dead port 1/2 on $mux $procmux$2339.
    dead port 1/2 on $mux $procmux$2336.
    dead port 1/2 on $mux $procmux$2333.
    dead port 1/2 on $mux $procmux$2330.
    dead port 1/2 on $mux $procmux$2327.
    dead port 1/2 on $mux $procmux$2324.
    dead port 1/2 on $mux $procmux$2321.
    dead port 1/2 on $mux $procmux$2318.
    dead port 1/2 on $mux $procmux$2315.
    dead port 1/2 on $mux $procmux$2312.
    dead port 1/2 on $mux $procmux$2309.
    dead port 1/2 on $mux $procmux$2303.
    dead port 1/2 on $mux $procmux$2300.
    dead port 1/2 on $mux $procmux$2297.
    dead port 1/2 on $mux $procmux$2294.
    dead port 1/2 on $mux $procmux$2291.
    dead port 1/2 on $mux $procmux$2288.
    dead port 1/2 on $mux $procmux$2285.
    dead port 1/2 on $mux $procmux$2282.
    dead port 1/2 on $mux $procmux$2279.
    dead port 1/2 on $mux $procmux$2276.
    dead port 1/2 on $mux $procmux$2273.
    dead port 1/2 on $mux $procmux$2270.
    dead port 1/2 on $mux $procmux$2267.
    dead port 1/2 on $mux $procmux$2264.
    dead port 1/2 on $mux $procmux$2261.
    dead port 1/2 on $mux $procmux$2258.
    dead port 1/2 on $mux $procmux$2255.
    dead port 1/2 on $mux $procmux$2252.
    dead port 1/2 on $mux $procmux$2249.
    dead port 1/2 on $mux $procmux$2246.
    dead port 1/2 on $mux $procmux$2243.
    dead port 1/2 on $mux $procmux$2240.
    dead port 1/2 on $mux $procmux$2237.
    dead port 1/2 on $mux $procmux$2234.
    dead port 1/2 on $mux $procmux$2231.
    dead port 1/2 on $mux $procmux$2228.
    dead port 1/2 on $mux $procmux$2225.
    dead port 1/2 on $mux $procmux$2222.
    dead port 1/2 on $mux $procmux$2219.
    dead port 1/2 on $mux $procmux$2216.
    dead port 1/2 on $mux $procmux$2213.
    dead port 1/2 on $mux $procmux$2210.
    dead port 1/2 on $mux $procmux$2207.
    dead port 1/2 on $mux $procmux$2201.
    dead port 1/2 on $mux $procmux$2198.
    dead port 1/2 on $mux $procmux$2195.
    dead port 1/2 on $mux $procmux$2192.
    dead port 1/2 on $mux $procmux$2189.
    dead port 1/2 on $mux $procmux$2186.
    dead port 1/2 on $mux $procmux$2183.
    dead port 1/2 on $mux $procmux$2180.
    dead port 1/2 on $mux $procmux$2177.
    dead port 1/2 on $mux $procmux$2174.
    dead port 1/2 on $mux $procmux$2171.
    dead port 1/2 on $mux $procmux$2168.
    dead port 1/2 on $mux $procmux$2165.
    dead port 1/2 on $mux $procmux$2162.
    dead port 1/2 on $mux $procmux$2159.
    dead port 1/2 on $mux $procmux$2156.
    dead port 1/2 on $mux $procmux$2153.
    dead port 1/2 on $mux $procmux$2150.
    dead port 1/2 on $mux $procmux$2147.
    dead port 1/2 on $mux $procmux$2144.
    dead port 1/2 on $mux $procmux$2141.
    dead port 1/2 on $mux $procmux$2138.
    dead port 1/2 on $mux $procmux$2135.
    dead port 1/2 on $mux $procmux$2132.
    dead port 1/2 on $mux $procmux$2129.
    dead port 1/2 on $mux $procmux$2126.
    dead port 1/2 on $mux $procmux$2123.
    dead port 1/2 on $mux $procmux$2120.
    dead port 1/2 on $mux $procmux$2117.
    dead port 1/2 on $mux $procmux$2114.
    dead port 1/2 on $mux $procmux$2111.
    dead port 1/2 on $mux $procmux$2108.
    dead port 1/2 on $mux $procmux$2105.
    dead port 1/2 on $mux $procmux$2102.
    dead port 1/2 on $mux $procmux$2096.
    dead port 1/2 on $mux $procmux$2093.
    dead port 1/2 on $mux $procmux$2090.
    dead port 1/2 on $mux $procmux$2087.
    dead port 1/2 on $mux $procmux$2084.
    dead port 1/2 on $mux $procmux$2081.
    dead port 1/2 on $mux $procmux$2078.
    dead port 1/2 on $mux $procmux$2075.
    dead port 1/2 on $mux $procmux$2072.
    dead port 1/2 on $mux $procmux$2069.
    dead port 1/2 on $mux $procmux$2066.
    dead port 1/2 on $mux $procmux$2063.
    dead port 1/2 on $mux $procmux$2060.
    dead port 1/2 on $mux $procmux$2057.
    dead port 1/2 on $mux $procmux$2054.
    dead port 1/2 on $mux $procmux$2051.
    dead port 1/2 on $mux $procmux$2048.
    dead port 1/2 on $mux $procmux$2045.
    dead port 1/2 on $mux $procmux$2042.
    dead port 1/2 on $mux $procmux$2039.
    dead port 1/2 on $mux $procmux$2036.
    dead port 1/2 on $mux $procmux$2033.
    dead port 1/2 on $mux $procmux$2030.
    dead port 1/2 on $mux $procmux$2027.
    dead port 1/2 on $mux $procmux$2024.
    dead port 1/2 on $mux $procmux$2021.
    dead port 1/2 on $mux $procmux$2018.
    dead port 1/2 on $mux $procmux$2015.
    dead port 1/2 on $mux $procmux$2012.
    dead port 1/2 on $mux $procmux$2009.
    dead port 1/2 on $mux $procmux$2006.
    dead port 1/2 on $mux $procmux$2003.
    dead port 1/2 on $mux $procmux$2000.
    dead port 1/2 on $mux $procmux$1997.
    dead port 1/2 on $mux $procmux$1994.
    dead port 1/2 on $mux $procmux$1988.
    dead port 1/2 on $mux $procmux$1985.
    dead port 1/2 on $mux $procmux$1982.
    dead port 1/2 on $mux $procmux$1979.
    dead port 1/2 on $mux $procmux$1976.
    dead port 1/2 on $mux $procmux$1973.
    dead port 1/2 on $mux $procmux$1970.
    dead port 1/2 on $mux $procmux$1967.
    dead port 1/2 on $mux $procmux$1964.
    dead port 1/2 on $mux $procmux$1961.
    dead port 1/2 on $mux $procmux$1958.
    dead port 1/2 on $mux $procmux$1955.
    dead port 1/2 on $mux $procmux$1952.
    dead port 1/2 on $mux $procmux$1949.
    dead port 1/2 on $mux $procmux$1946.
    dead port 1/2 on $mux $procmux$1943.
    dead port 1/2 on $mux $procmux$1940.
    dead port 1/2 on $mux $procmux$1937.
    dead port 1/2 on $mux $procmux$1934.
    dead port 1/2 on $mux $procmux$1931.
    dead port 1/2 on $mux $procmux$1928.
    dead port 1/2 on $mux $procmux$1925.
    dead port 1/2 on $mux $procmux$1922.
    dead port 1/2 on $mux $procmux$1919.
    dead port 1/2 on $mux $procmux$1916.
    dead port 1/2 on $mux $procmux$1913.
    dead port 1/2 on $mux $procmux$1910.
    dead port 1/2 on $mux $procmux$1907.
    dead port 1/2 on $mux $procmux$1904.
    dead port 1/2 on $mux $procmux$1901.
    dead port 1/2 on $mux $procmux$1898.
    dead port 1/2 on $mux $procmux$1895.
    dead port 1/2 on $mux $procmux$1892.
    dead port 1/2 on $mux $procmux$1889.
    dead port 1/2 on $mux $procmux$1886.
    dead port 1/2 on $mux $procmux$1883.
    dead port 1/2 on $mux $procmux$1877.
    dead port 1/2 on $mux $procmux$1874.
    dead port 1/2 on $mux $procmux$1871.
    dead port 1/2 on $mux $procmux$1868.
    dead port 1/2 on $mux $procmux$1865.
    dead port 1/2 on $mux $procmux$1862.
    dead port 1/2 on $mux $procmux$1859.
    dead port 1/2 on $mux $procmux$1856.
    dead port 1/2 on $mux $procmux$1853.
    dead port 1/2 on $mux $procmux$1850.
    dead port 1/2 on $mux $procmux$1847.
    dead port 1/2 on $mux $procmux$1844.
    dead port 1/2 on $mux $procmux$1841.
    dead port 1/2 on $mux $procmux$1838.
    dead port 1/2 on $mux $procmux$1835.
    dead port 1/2 on $mux $procmux$1832.
    dead port 1/2 on $mux $procmux$1829.
    dead port 1/2 on $mux $procmux$1826.
    dead port 1/2 on $mux $procmux$1823.
    dead port 1/2 on $mux $procmux$1820.
    dead port 1/2 on $mux $procmux$1817.
    dead port 1/2 on $mux $procmux$1814.
    dead port 1/2 on $mux $procmux$1811.
    dead port 1/2 on $mux $procmux$1808.
    dead port 1/2 on $mux $procmux$1805.
    dead port 1/2 on $mux $procmux$1802.
    dead port 1/2 on $mux $procmux$1799.
    dead port 1/2 on $mux $procmux$1796.
    dead port 1/2 on $mux $procmux$1793.
    dead port 1/2 on $mux $procmux$1790.
    dead port 1/2 on $mux $procmux$1787.
    dead port 1/2 on $mux $procmux$1784.
    dead port 1/2 on $mux $procmux$1781.
    dead port 1/2 on $mux $procmux$1778.
    dead port 1/2 on $mux $procmux$1775.
    dead port 1/2 on $mux $procmux$1772.
    dead port 1/2 on $mux $procmux$1769.
    dead port 1/2 on $mux $procmux$1763.
    dead port 1/2 on $mux $procmux$1760.
    dead port 1/2 on $mux $procmux$1757.
    dead port 1/2 on $mux $procmux$1754.
    dead port 1/2 on $mux $procmux$1751.
    dead port 1/2 on $mux $procmux$1748.
    dead port 1/2 on $mux $procmux$1745.
    dead port 1/2 on $mux $procmux$1742.
    dead port 1/2 on $mux $procmux$1739.
    dead port 1/2 on $mux $procmux$1736.
    dead port 1/2 on $mux $procmux$1733.
    dead port 1/2 on $mux $procmux$1730.
    dead port 1/2 on $mux $procmux$1727.
    dead port 1/2 on $mux $procmux$1724.
    dead port 1/2 on $mux $procmux$1721.
    dead port 1/2 on $mux $procmux$1718.
    dead port 1/2 on $mux $procmux$1715.
    dead port 1/2 on $mux $procmux$1712.
    dead port 1/2 on $mux $procmux$1709.
    dead port 1/2 on $mux $procmux$1706.
    dead port 1/2 on $mux $procmux$1703.
    dead port 1/2 on $mux $procmux$1700.
    dead port 1/2 on $mux $procmux$1697.
    dead port 1/2 on $mux $procmux$1694.
    dead port 1/2 on $mux $procmux$1691.
    dead port 1/2 on $mux $procmux$1688.
    dead port 1/2 on $mux $procmux$1685.
    dead port 1/2 on $mux $procmux$1682.
    dead port 1/2 on $mux $procmux$1679.
    dead port 1/2 on $mux $procmux$1676.
    dead port 1/2 on $mux $procmux$1673.
    dead port 1/2 on $mux $procmux$1670.
    dead port 1/2 on $mux $procmux$1667.
    dead port 1/2 on $mux $procmux$1664.
    dead port 1/2 on $mux $procmux$1661.
    dead port 1/2 on $mux $procmux$1658.
    dead port 1/2 on $mux $procmux$1655.
    dead port 1/2 on $mux $procmux$1652.
    dead port 1/2 on $mux $procmux$1646.
    dead port 1/2 on $mux $procmux$1643.
    dead port 1/2 on $mux $procmux$1640.
    dead port 1/2 on $mux $procmux$1637.
    dead port 1/2 on $mux $procmux$1634.
    dead port 1/2 on $mux $procmux$1631.
    dead port 1/2 on $mux $procmux$1628.
    dead port 1/2 on $mux $procmux$1625.
    dead port 1/2 on $mux $procmux$1622.
    dead port 1/2 on $mux $procmux$1619.
    dead port 1/2 on $mux $procmux$1616.
    dead port 1/2 on $mux $procmux$1613.
    dead port 1/2 on $mux $procmux$1610.
    dead port 1/2 on $mux $procmux$1607.
    dead port 1/2 on $mux $procmux$1604.
    dead port 1/2 on $mux $procmux$1601.
    dead port 1/2 on $mux $procmux$1598.
    dead port 1/2 on $mux $procmux$1595.
    dead port 1/2 on $mux $procmux$1592.
    dead port 1/2 on $mux $procmux$1589.
    dead port 1/2 on $mux $procmux$1586.
    dead port 1/2 on $mux $procmux$1583.
    dead port 1/2 on $mux $procmux$1580.
    dead port 1/2 on $mux $procmux$1577.
    dead port 1/2 on $mux $procmux$1574.
    dead port 1/2 on $mux $procmux$1571.
    dead port 1/2 on $mux $procmux$1568.
    dead port 1/2 on $mux $procmux$1565.
    dead port 1/2 on $mux $procmux$1562.
    dead port 1/2 on $mux $procmux$1559.
    dead port 1/2 on $mux $procmux$1556.
    dead port 1/2 on $mux $procmux$1553.
    dead port 1/2 on $mux $procmux$1550.
    dead port 1/2 on $mux $procmux$1547.
    dead port 1/2 on $mux $procmux$1544.
    dead port 1/2 on $mux $procmux$1541.
    dead port 1/2 on $mux $procmux$1538.
    dead port 1/2 on $mux $procmux$1535.
    dead port 1/2 on $mux $procmux$1532.
    dead port 1/2 on $mux $procmux$1526.
    dead port 1/2 on $mux $procmux$1523.
    dead port 1/2 on $mux $procmux$1520.
    dead port 1/2 on $mux $procmux$1517.
    dead port 1/2 on $mux $procmux$1514.
    dead port 1/2 on $mux $procmux$1511.
    dead port 1/2 on $mux $procmux$1508.
    dead port 1/2 on $mux $procmux$1505.
    dead port 1/2 on $mux $procmux$1502.
    dead port 1/2 on $mux $procmux$1499.
    dead port 1/2 on $mux $procmux$1496.
    dead port 1/2 on $mux $procmux$1493.
    dead port 1/2 on $mux $procmux$1490.
    dead port 1/2 on $mux $procmux$1487.
    dead port 1/2 on $mux $procmux$1484.
    dead port 1/2 on $mux $procmux$1481.
    dead port 1/2 on $mux $procmux$1478.
    dead port 1/2 on $mux $procmux$1475.
    dead port 1/2 on $mux $procmux$1472.
    dead port 1/2 on $mux $procmux$1469.
    dead port 1/2 on $mux $procmux$1466.
    dead port 1/2 on $mux $procmux$1463.
    dead port 1/2 on $mux $procmux$1460.
    dead port 1/2 on $mux $procmux$1457.
    dead port 1/2 on $mux $procmux$1454.
    dead port 1/2 on $mux $procmux$1451.
    dead port 1/2 on $mux $procmux$1448.
    dead port 1/2 on $mux $procmux$1445.
    dead port 1/2 on $mux $procmux$1442.
    dead port 1/2 on $mux $procmux$1439.
    dead port 1/2 on $mux $procmux$1436.
    dead port 1/2 on $mux $procmux$1433.
    dead port 1/2 on $mux $procmux$1430.
    dead port 1/2 on $mux $procmux$1427.
    dead port 1/2 on $mux $procmux$1424.
    dead port 1/2 on $mux $procmux$1421.
    dead port 1/2 on $mux $procmux$1418.
    dead port 1/2 on $mux $procmux$1415.
    dead port 1/2 on $mux $procmux$1412.
    dead port 1/2 on $mux $procmux$1409.
    dead port 1/2 on $mux $procmux$1403.
    dead port 1/2 on $mux $procmux$1400.
    dead port 1/2 on $mux $procmux$1397.
    dead port 1/2 on $mux $procmux$1394.
    dead port 1/2 on $mux $procmux$1391.
    dead port 1/2 on $mux $procmux$1388.
    dead port 1/2 on $mux $procmux$1385.
    dead port 1/2 on $mux $procmux$1382.
    dead port 1/2 on $mux $procmux$1379.
    dead port 1/2 on $mux $procmux$1376.
    dead port 1/2 on $mux $procmux$1373.
    dead port 1/2 on $mux $procmux$1370.
    dead port 1/2 on $mux $procmux$1367.
    dead port 1/2 on $mux $procmux$1364.
    dead port 1/2 on $mux $procmux$1361.
    dead port 1/2 on $mux $procmux$1358.
    dead port 1/2 on $mux $procmux$1355.
    dead port 1/2 on $mux $procmux$1352.
    dead port 1/2 on $mux $procmux$1349.
    dead port 1/2 on $mux $procmux$1346.
    dead port 1/2 on $mux $procmux$1343.
    dead port 1/2 on $mux $procmux$1340.
    dead port 1/2 on $mux $procmux$1337.
    dead port 1/2 on $mux $procmux$1334.
    dead port 1/2 on $mux $procmux$1331.
    dead port 1/2 on $mux $procmux$1328.
    dead port 1/2 on $mux $procmux$1325.
    dead port 1/2 on $mux $procmux$1322.
    dead port 1/2 on $mux $procmux$1319.
    dead port 1/2 on $mux $procmux$1316.
    dead port 1/2 on $mux $procmux$1313.
    dead port 1/2 on $mux $procmux$1310.
    dead port 1/2 on $mux $procmux$1307.
    dead port 1/2 on $mux $procmux$1304.
    dead port 1/2 on $mux $procmux$1301.
    dead port 1/2 on $mux $procmux$1298.
    dead port 1/2 on $mux $procmux$1295.
    dead port 1/2 on $mux $procmux$1292.
    dead port 1/2 on $mux $procmux$1289.
    dead port 1/2 on $mux $procmux$1286.
    dead port 1/2 on $mux $procmux$1283.
    dead port 1/2 on $mux $procmux$1277.
    dead port 1/2 on $mux $procmux$1274.
    dead port 1/2 on $mux $procmux$1271.
    dead port 1/2 on $mux $procmux$1268.
    dead port 1/2 on $mux $procmux$1265.
    dead port 1/2 on $mux $procmux$1262.
    dead port 1/2 on $mux $procmux$1259.
    dead port 1/2 on $mux $procmux$1256.
    dead port 1/2 on $mux $procmux$1253.
    dead port 1/2 on $mux $procmux$1250.
    dead port 1/2 on $mux $procmux$1247.
    dead port 1/2 on $mux $procmux$1244.
    dead port 1/2 on $mux $procmux$1241.
    dead port 1/2 on $mux $procmux$1238.
    dead port 1/2 on $mux $procmux$1235.
    dead port 1/2 on $mux $procmux$1232.
    dead port 1/2 on $mux $procmux$1229.
    dead port 1/2 on $mux $procmux$1226.
    dead port 1/2 on $mux $procmux$1223.
    dead port 1/2 on $mux $procmux$1220.
    dead port 1/2 on $mux $procmux$1217.
    dead port 1/2 on $mux $procmux$1214.
    dead port 1/2 on $mux $procmux$1211.
    dead port 1/2 on $mux $procmux$1208.
    dead port 1/2 on $mux $procmux$1205.
    dead port 1/2 on $mux $procmux$1202.
    dead port 1/2 on $mux $procmux$1199.
    dead port 1/2 on $mux $procmux$1196.
    dead port 1/2 on $mux $procmux$1193.
    dead port 1/2 on $mux $procmux$1190.
    dead port 1/2 on $mux $procmux$1187.
    dead port 1/2 on $mux $procmux$1184.
    dead port 1/2 on $mux $procmux$1181.
    dead port 1/2 on $mux $procmux$1178.
    dead port 1/2 on $mux $procmux$1175.
    dead port 1/2 on $mux $procmux$1172.
    dead port 1/2 on $mux $procmux$1169.
    dead port 1/2 on $mux $procmux$1166.
    dead port 1/2 on $mux $procmux$1163.
    dead port 1/2 on $mux $procmux$1160.
    dead port 1/2 on $mux $procmux$1157.
    dead port 1/2 on $mux $procmux$1154.
    dead port 1/2 on $mux $procmux$1148.
    dead port 1/2 on $mux $procmux$1145.
    dead port 1/2 on $mux $procmux$1142.
    dead port 1/2 on $mux $procmux$1139.
    dead port 1/2 on $mux $procmux$1136.
    dead port 1/2 on $mux $procmux$1133.
    dead port 1/2 on $mux $procmux$1130.
    dead port 1/2 on $mux $procmux$1127.
    dead port 1/2 on $mux $procmux$1124.
    dead port 1/2 on $mux $procmux$1121.
    dead port 1/2 on $mux $procmux$1118.
    dead port 1/2 on $mux $procmux$1115.
    dead port 1/2 on $mux $procmux$1112.
    dead port 1/2 on $mux $procmux$1109.
    dead port 1/2 on $mux $procmux$1106.
    dead port 1/2 on $mux $procmux$1103.
    dead port 1/2 on $mux $procmux$1100.
    dead port 1/2 on $mux $procmux$1097.
    dead port 1/2 on $mux $procmux$1094.
    dead port 1/2 on $mux $procmux$1091.
    dead port 1/2 on $mux $procmux$1088.
    dead port 1/2 on $mux $procmux$1085.
    dead port 1/2 on $mux $procmux$1082.
    dead port 1/2 on $mux $procmux$1079.
    dead port 1/2 on $mux $procmux$1076.
    dead port 1/2 on $mux $procmux$1073.
    dead port 1/2 on $mux $procmux$1070.
    dead port 1/2 on $mux $procmux$1067.
    dead port 1/2 on $mux $procmux$1064.
    dead port 1/2 on $mux $procmux$1061.
    dead port 1/2 on $mux $procmux$1058.
    dead port 1/2 on $mux $procmux$1055.
    dead port 1/2 on $mux $procmux$1052.
    dead port 1/2 on $mux $procmux$1049.
    dead port 1/2 on $mux $procmux$1046.
    dead port 1/2 on $mux $procmux$1043.
    dead port 1/2 on $mux $procmux$1040.
    dead port 1/2 on $mux $procmux$1037.
    dead port 1/2 on $mux $procmux$1034.
    dead port 1/2 on $mux $procmux$1031.
    dead port 1/2 on $mux $procmux$1028.
    dead port 1/2 on $mux $procmux$1025.
    dead port 1/2 on $mux $procmux$1022.
    dead port 1/2 on $mux $procmux$1016.
    dead port 1/2 on $mux $procmux$1013.
    dead port 1/2 on $mux $procmux$1010.
    dead port 1/2 on $mux $procmux$1007.
    dead port 1/2 on $mux $procmux$1004.
    dead port 1/2 on $mux $procmux$1001.
    dead port 1/2 on $mux $procmux$998.
    dead port 1/2 on $mux $procmux$995.
    dead port 1/2 on $mux $procmux$992.
    dead port 1/2 on $mux $procmux$989.
    dead port 1/2 on $mux $procmux$986.
    dead port 1/2 on $mux $procmux$983.
    dead port 1/2 on $mux $procmux$980.
    dead port 1/2 on $mux $procmux$977.
    dead port 1/2 on $mux $procmux$974.
    dead port 1/2 on $mux $procmux$971.
    dead port 1/2 on $mux $procmux$968.
    dead port 1/2 on $mux $procmux$965.
    dead port 1/2 on $mux $procmux$962.
    dead port 1/2 on $mux $procmux$959.
    dead port 1/2 on $mux $procmux$956.
    dead port 1/2 on $mux $procmux$953.
    dead port 1/2 on $mux $procmux$950.
    dead port 1/2 on $mux $procmux$947.
    dead port 1/2 on $mux $procmux$944.
    dead port 1/2 on $mux $procmux$941.
    dead port 1/2 on $mux $procmux$938.
    dead port 1/2 on $mux $procmux$935.
    dead port 1/2 on $mux $procmux$932.
    dead port 1/2 on $mux $procmux$929.
    dead port 1/2 on $mux $procmux$926.
    dead port 1/2 on $mux $procmux$923.
    dead port 1/2 on $mux $procmux$920.
    dead port 1/2 on $mux $procmux$917.
    dead port 1/2 on $mux $procmux$914.
    dead port 1/2 on $mux $procmux$911.
    dead port 1/2 on $mux $procmux$908.
    dead port 1/2 on $mux $procmux$905.
    dead port 1/2 on $mux $procmux$902.
    dead port 1/2 on $mux $procmux$899.
    dead port 1/2 on $mux $procmux$896.
    dead port 1/2 on $mux $procmux$893.
    dead port 1/2 on $mux $procmux$890.
    dead port 1/2 on $mux $procmux$887.
    dead port 1/2 on $mux $procmux$881.
    dead port 1/2 on $mux $procmux$878.
    dead port 1/2 on $mux $procmux$875.
    dead port 1/2 on $mux $procmux$872.
    dead port 1/2 on $mux $procmux$869.
    dead port 1/2 on $mux $procmux$866.
    dead port 1/2 on $mux $procmux$863.
    dead port 1/2 on $mux $procmux$860.
    dead port 1/2 on $mux $procmux$857.
    dead port 1/2 on $mux $procmux$854.
    dead port 1/2 on $mux $procmux$851.
    dead port 1/2 on $mux $procmux$848.
    dead port 1/2 on $mux $procmux$845.
    dead port 1/2 on $mux $procmux$842.
    dead port 1/2 on $mux $procmux$839.
    dead port 1/2 on $mux $procmux$836.
    dead port 1/2 on $mux $procmux$833.
    dead port 1/2 on $mux $procmux$830.
    dead port 1/2 on $mux $procmux$827.
    dead port 1/2 on $mux $procmux$824.
    dead port 1/2 on $mux $procmux$821.
    dead port 1/2 on $mux $procmux$818.
    dead port 1/2 on $mux $procmux$815.
    dead port 1/2 on $mux $procmux$812.
    dead port 1/2 on $mux $procmux$809.
    dead port 1/2 on $mux $procmux$806.
    dead port 1/2 on $mux $procmux$803.
    dead port 1/2 on $mux $procmux$800.
    dead port 1/2 on $mux $procmux$797.
    dead port 1/2 on $mux $procmux$794.
    dead port 1/2 on $mux $procmux$791.
    dead port 1/2 on $mux $procmux$788.
    dead port 1/2 on $mux $procmux$785.
    dead port 1/2 on $mux $procmux$782.
    dead port 1/2 on $mux $procmux$779.
    dead port 1/2 on $mux $procmux$776.
    dead port 1/2 on $mux $procmux$773.
    dead port 1/2 on $mux $procmux$770.
    dead port 1/2 on $mux $procmux$767.
    dead port 1/2 on $mux $procmux$764.
    dead port 1/2 on $mux $procmux$761.
    dead port 1/2 on $mux $procmux$758.
    dead port 1/2 on $mux $procmux$755.
    dead port 1/2 on $mux $procmux$752.
    dead port 1/2 on $mux $procmux$749.
    dead port 1/2 on $mux $procmux$743.
    dead port 1/2 on $mux $procmux$740.
    dead port 1/2 on $mux $procmux$737.
    dead port 1/2 on $mux $procmux$734.
    dead port 1/2 on $mux $procmux$731.
    dead port 1/2 on $mux $procmux$728.
    dead port 1/2 on $mux $procmux$725.
    dead port 1/2 on $mux $procmux$722.
    dead port 1/2 on $mux $procmux$719.
    dead port 1/2 on $mux $procmux$716.
    dead port 1/2 on $mux $procmux$713.
    dead port 1/2 on $mux $procmux$710.
    dead port 1/2 on $mux $procmux$707.
    dead port 1/2 on $mux $procmux$704.
    dead port 1/2 on $mux $procmux$701.
    dead port 1/2 on $mux $procmux$698.
    dead port 1/2 on $mux $procmux$695.
    dead port 1/2 on $mux $procmux$692.
    dead port 1/2 on $mux $procmux$689.
    dead port 1/2 on $mux $procmux$686.
    dead port 1/2 on $mux $procmux$683.
    dead port 1/2 on $mux $procmux$680.
    dead port 1/2 on $mux $procmux$677.
    dead port 1/2 on $mux $procmux$674.
    dead port 1/2 on $mux $procmux$671.
    dead port 1/2 on $mux $procmux$668.
    dead port 1/2 on $mux $procmux$665.
    dead port 1/2 on $mux $procmux$662.
    dead port 1/2 on $mux $procmux$659.
    dead port 1/2 on $mux $procmux$656.
    dead port 1/2 on $mux $procmux$653.
    dead port 1/2 on $mux $procmux$650.
    dead port 1/2 on $mux $procmux$647.
    dead port 1/2 on $mux $procmux$644.
    dead port 1/2 on $mux $procmux$641.
    dead port 1/2 on $mux $procmux$638.
    dead port 1/2 on $mux $procmux$635.
    dead port 1/2 on $mux $procmux$632.
    dead port 1/2 on $mux $procmux$629.
    dead port 1/2 on $mux $procmux$626.
    dead port 1/2 on $mux $procmux$623.
    dead port 1/2 on $mux $procmux$620.
    dead port 1/2 on $mux $procmux$617.
    dead port 1/2 on $mux $procmux$614.
    dead port 1/2 on $mux $procmux$611.
    dead port 1/2 on $mux $procmux$608.
    dead port 1/2 on $mux $procmux$602.
    dead port 1/2 on $mux $procmux$599.
    dead port 1/2 on $mux $procmux$596.
    dead port 1/2 on $mux $procmux$593.
    dead port 1/2 on $mux $procmux$590.
    dead port 1/2 on $mux $procmux$587.
    dead port 1/2 on $mux $procmux$584.
    dead port 1/2 on $mux $procmux$581.
    dead port 1/2 on $mux $procmux$578.
    dead port 1/2 on $mux $procmux$575.
    dead port 1/2 on $mux $procmux$572.
    dead port 1/2 on $mux $procmux$569.
    dead port 1/2 on $mux $procmux$566.
    dead port 1/2 on $mux $procmux$563.
    dead port 1/2 on $mux $procmux$560.
    dead port 1/2 on $mux $procmux$557.
    dead port 1/2 on $mux $procmux$554.
    dead port 1/2 on $mux $procmux$551.
    dead port 1/2 on $mux $procmux$548.
    dead port 1/2 on $mux $procmux$545.
    dead port 1/2 on $mux $procmux$542.
    dead port 1/2 on $mux $procmux$539.
    dead port 1/2 on $mux $procmux$536.
    dead port 1/2 on $mux $procmux$533.
    dead port 1/2 on $mux $procmux$530.
    dead port 1/2 on $mux $procmux$527.
    dead port 1/2 on $mux $procmux$524.
    dead port 1/2 on $mux $procmux$521.
    dead port 1/2 on $mux $procmux$518.
    dead port 1/2 on $mux $procmux$515.
    dead port 1/2 on $mux $procmux$512.
    dead port 1/2 on $mux $procmux$509.
    dead port 1/2 on $mux $procmux$506.
    dead port 1/2 on $mux $procmux$503.
    dead port 1/2 on $mux $procmux$500.
    dead port 1/2 on $mux $procmux$497.
    dead port 1/2 on $mux $procmux$494.
    dead port 1/2 on $mux $procmux$491.
    dead port 1/2 on $mux $procmux$488.
    dead port 1/2 on $mux $procmux$485.
    dead port 1/2 on $mux $procmux$482.
    dead port 1/2 on $mux $procmux$479.
    dead port 1/2 on $mux $procmux$476.
    dead port 1/2 on $mux $procmux$473.
    dead port 1/2 on $mux $procmux$470.
    dead port 1/2 on $mux $procmux$467.
    dead port 1/2 on $mux $procmux$464.
    dead port 1/2 on $mux $procmux$458.
    dead port 1/2 on $mux $procmux$455.
    dead port 1/2 on $mux $procmux$452.
    dead port 1/2 on $mux $procmux$449.
    dead port 1/2 on $mux $procmux$446.
    dead port 1/2 on $mux $procmux$443.
    dead port 1/2 on $mux $procmux$440.
    dead port 1/2 on $mux $procmux$437.
    dead port 1/2 on $mux $procmux$434.
    dead port 1/2 on $mux $procmux$431.
    dead port 1/2 on $mux $procmux$428.
    dead port 1/2 on $mux $procmux$425.
    dead port 1/2 on $mux $procmux$422.
    dead port 1/2 on $mux $procmux$419.
    dead port 1/2 on $mux $procmux$416.
    dead port 1/2 on $mux $procmux$413.
    dead port 1/2 on $mux $procmux$410.
    dead port 1/2 on $mux $procmux$407.
    dead port 1/2 on $mux $procmux$404.
    dead port 1/2 on $mux $procmux$401.
    dead port 1/2 on $mux $procmux$398.
    dead port 1/2 on $mux $procmux$395.
    dead port 1/2 on $mux $procmux$392.
    dead port 1/2 on $mux $procmux$389.
    dead port 1/2 on $mux $procmux$386.
    dead port 1/2 on $mux $procmux$383.
    dead port 1/2 on $mux $procmux$380.
    dead port 1/2 on $mux $procmux$377.
    dead port 1/2 on $mux $procmux$374.
    dead port 1/2 on $mux $procmux$371.
    dead port 1/2 on $mux $procmux$368.
    dead port 1/2 on $mux $procmux$365.
    dead port 1/2 on $mux $procmux$362.
    dead port 1/2 on $mux $procmux$359.
    dead port 1/2 on $mux $procmux$356.
    dead port 1/2 on $mux $procmux$353.
    dead port 1/2 on $mux $procmux$350.
    dead port 1/2 on $mux $procmux$347.
    dead port 1/2 on $mux $procmux$344.
    dead port 1/2 on $mux $procmux$341.
    dead port 1/2 on $mux $procmux$338.
    dead port 1/2 on $mux $procmux$335.
    dead port 1/2 on $mux $procmux$332.
    dead port 1/2 on $mux $procmux$329.
    dead port 1/2 on $mux $procmux$326.
    dead port 1/2 on $mux $procmux$323.
    dead port 1/2 on $mux $procmux$320.
    dead port 1/2 on $mux $procmux$317.
    dead port 1/2 on $mux $procmux$311.
    dead port 1/2 on $mux $procmux$308.
    dead port 1/2 on $mux $procmux$305.
    dead port 1/2 on $mux $procmux$302.
    dead port 1/2 on $mux $procmux$299.
    dead port 1/2 on $mux $procmux$296.
    dead port 1/2 on $mux $procmux$293.
    dead port 1/2 on $mux $procmux$290.
    dead port 1/2 on $mux $procmux$287.
    dead port 1/2 on $mux $procmux$284.
    dead port 1/2 on $mux $procmux$281.
    dead port 1/2 on $mux $procmux$278.
    dead port 1/2 on $mux $procmux$275.
    dead port 1/2 on $mux $procmux$272.
    dead port 1/2 on $mux $procmux$269.
    dead port 1/2 on $mux $procmux$266.
    dead port 1/2 on $mux $procmux$263.
    dead port 1/2 on $mux $procmux$260.
    dead port 1/2 on $mux $procmux$257.
    dead port 1/2 on $mux $procmux$254.
    dead port 1/2 on $mux $procmux$251.
    dead port 1/2 on $mux $procmux$248.
    dead port 1/2 on $mux $procmux$245.
    dead port 1/2 on $mux $procmux$242.
    dead port 1/2 on $mux $procmux$239.
    dead port 1/2 on $mux $procmux$236.
    dead port 1/2 on $mux $procmux$233.
    dead port 1/2 on $mux $procmux$230.
    dead port 1/2 on $mux $procmux$227.
    dead port 1/2 on $mux $procmux$224.
    dead port 1/2 on $mux $procmux$221.
    dead port 1/2 on $mux $procmux$218.
    dead port 1/2 on $mux $procmux$215.
    dead port 1/2 on $mux $procmux$212.
    dead port 1/2 on $mux $procmux$209.
    dead port 1/2 on $mux $procmux$206.
    dead port 1/2 on $mux $procmux$203.
    dead port 1/2 on $mux $procmux$200.
    dead port 1/2 on $mux $procmux$197.
    dead port 1/2 on $mux $procmux$194.
    dead port 1/2 on $mux $procmux$191.
    dead port 1/2 on $mux $procmux$188.
    dead port 1/2 on $mux $procmux$185.
    dead port 1/2 on $mux $procmux$182.
    dead port 1/2 on $mux $procmux$179.
    dead port 1/2 on $mux $procmux$176.
    dead port 1/2 on $mux $procmux$173.
    dead port 1/2 on $mux $procmux$170.
    dead port 1/2 on $mux $procmux$167.
Removed 1225 multiplexer ports.

2.8.4. Executing OPT_REDUCE pass (consolidate $*mux and $reduce_* inputs).
  Optimizing cells in module \ex250_semantic_fp4_dot2_prodtable_qrange.
Performed a total of 0 changes.

2.8.5. Executing OPT_MERGE pass (detect identical cells).
Finding identical cells in module `\ex250_semantic_fp4_dot2_prodtable_qrange'.
Computing hashes of 122 cells of `\ex250_semantic_fp4_dot2_prodtable_qrange'.
Finding duplicate cells in `\ex250_semantic_fp4_dot2_prodtable_qrange'.
Removed a total of 0 cells.

2.8.6. Executing OPT_DFF pass (perform DFF optimizations).

2.8.7. Executing OPT_CLEAN pass (remove unused cells and wires).
Finding unused cells or wires in module \ex250_semantic_fp4_dot2_prodtable_qrange..
Removed 0 unused cells and 1225 unused wires.

2.8.8. Executing OPT_EXPR pass (perform const folding).
Optimizing module ex250_semantic_fp4_dot2_prodtable_qrange.

2.8.9. Rerunning OPT passes. (Maybe there is more to do..)

2.8.10. Executing OPT_MUXTREE pass (detect dead branches in mux trees).
Running muxtree optimizer on module \ex250_semantic_fp4_dot2_prodtable_qrange..
  Creating internal representation of mux trees.
  Evaluating internal representation of mux trees.
  Analyzing evaluation results.
Removed 0 multiplexer ports.

2.8.11. Executing OPT_REDUCE pass (consolidate $*mux and $reduce_* inputs).
  Optimizing cells in module \ex250_semantic_fp4_dot2_prodtable_qrange.
Performed a total of 0 changes.

2.8.12. Executing OPT_MERGE pass (detect identical cells).
Finding identical cells in module `\ex250_semantic_fp4_dot2_prodtable_qrange'.
Computing hashes of 122 cells of `\ex250_semantic_fp4_dot2_prodtable_qrange'.
Finding duplicate cells in `\ex250_semantic_fp4_dot2_prodtable_qrange'.
Removed a total of 0 cells.

2.8.13. Executing OPT_DFF pass (perform DFF optimizations).

2.8.14. Executing OPT_CLEAN pass (remove unused cells and wires).
Finding unused cells or wires in module \ex250_semantic_fp4_dot2_prodtable_qrange..

2.8.15. Executing OPT_EXPR pass (perform const folding).
Optimizing module ex250_semantic_fp4_dot2_prodtable_qrange.

2.8.16. Finished fast OPT passes. (There is nothing left to do.)

2.9. Executing FSM pass (extract and optimize FSM).

2.9.1. Executing FSM_DETECT pass (finding FSMs in design).

2.9.2. Executing FSM_EXTRACT pass (extracting FSM from design).

2.9.3. Executing FSM_OPT pass (simple optimizations of FSMs).

2.9.4. Executing OPT_CLEAN pass (remove unused cells and wires).
Finding unused cells or wires in module \ex250_semantic_fp4_dot2_prodtable_qrange..

2.9.5. Executing FSM_OPT pass (simple optimizations of FSMs).

2.9.6. Executing FSM_RECODE pass (re-assigning FSM state encoding).

2.9.7. Executing FSM_INFO pass (dumping all available information on FSM cells).

2.9.8. Executing FSM_MAP pass (mapping FSMs to basic logic).

2.10. Executing OPT pass (performing simple optimizations).

2.10.1. Executing OPT_EXPR pass (perform const folding).
Optimizing module ex250_semantic_fp4_dot2_prodtable_qrange.

2.10.2. Executing OPT_MERGE pass (detect identical cells).
Finding identical cells in module `\ex250_semantic_fp4_dot2_prodtable_qrange'.
Computing hashes of 122 cells of `\ex250_semantic_fp4_dot2_prodtable_qrange'.
Finding duplicate cells in `\ex250_semantic_fp4_dot2_prodtable_qrange'.
Removed a total of 0 cells.

2.10.3. Executing OPT_MUXTREE pass (detect dead branches in mux trees).
Running muxtree optimizer on module \ex250_semantic_fp4_dot2_prodtable_qrange..
  Creating internal representation of mux trees.
  Evaluating internal representation of mux trees.
  Analyzing evaluation results.
Removed 0 multiplexer ports.

2.10.4. Executing OPT_REDUCE pass (consolidate $*mux and $reduce_* inputs).
  Optimizing cells in module \ex250_semantic_fp4_dot2_prodtable_qrange.
Performed a total of 0 changes.

2.10.5. Executing OPT_MERGE pass (detect identical cells).
Finding identical cells in module `\ex250_semantic_fp4_dot2_prodtable_qrange'.
Computing hashes of 122 cells of `\ex250_semantic_fp4_dot2_prodtable_qrange'.
Finding duplicate cells in `\ex250_semantic_fp4_dot2_prodtable_qrange'.
Removed a total of 0 cells.

2.10.6. Executing OPT_DFF pass (perform DFF optimizations).

2.10.7. Executing OPT_CLEAN pass (remove unused cells and wires).
Finding unused cells or wires in module \ex250_semantic_fp4_dot2_prodtable_qrange..

2.10.8. Executing OPT_EXPR pass (perform const folding).
Optimizing module ex250_semantic_fp4_dot2_prodtable_qrange.

2.10.9. Finished fast OPT passes. (There is nothing left to do.)

2.11. Executing WREDUCE pass (reducing word size of cells).
Removed top 24 address bits (of 32) from memory init port ex250_semantic_fp4_dot2_prodtable_qrange.$auto$mem.cc:351:emit$162 ($auto$proc_rom.cc:155:do_switch$160).
Removed top 24 address bits (of 32) from memory init port ex250_semantic_fp4_dot2_prodtable_qrange.$auto$mem.cc:351:emit$158 ($auto$proc_rom.cc:155:do_switch$156).
Converting cell ex250_semantic_fp4_dot2_prodtable_qrange.$add$/home/b10507053/ALS_Final_Project/student/work/ex250_ex254_frontend_fp4_dot_fma_semantic_20260608_2105/ex250/verilog/ex250_semantic_fp4_dot2_prodtable_qrange.v:361$11 ($add) from unsigned to signed.
Removed top 1 bits (of 11) from port A of cell ex250_semantic_fp4_dot2_prodtable_qrange.$add$/home/b10507053/ALS_Final_Project/student/work/ex250_ex254_frontend_fp4_dot_fma_semantic_20260608_2105/ex250/verilog/ex250_semantic_fp4_dot2_prodtable_qrange.v:361$11 ($add).
Removed top 1 bits (of 11) from port B of cell ex250_semantic_fp4_dot2_prodtable_qrange.$add$/home/b10507053/ALS_Final_Project/student/work/ex250_ex254_frontend_fp4_dot_fma_semantic_20260608_2105/ex250/verilog/ex250_semantic_fp4_dot2_prodtable_qrange.v:361$11 ($add).
Removed top 31 bits (of 32) from port B of cell ex250_semantic_fp4_dot2_prodtable_qrange.$lt$/home/b10507053/ALS_Final_Project/student/work/ex250_ex254_frontend_fp4_dot_fma_semantic_20260608_2105/ex250/verilog/ex250_semantic_fp4_dot2_prodtable_qrange.v:362$12 ($lt).
Removed top 1 bits (of 11) from port Y of cell ex250_semantic_fp4_dot2_prodtable_qrange.$neg$/home/b10507053/ALS_Final_Project/student/work/ex250_ex254_frontend_fp4_dot_fma_semantic_20260608_2105/ex250/verilog/ex250_semantic_fp4_dot2_prodtable_qrange.v:363$13 ($neg).
Removed top 1 bits (of 11) from port A of cell ex250_semantic_fp4_dot2_prodtable_qrange.$neg$/home/b10507053/ALS_Final_Project/student/work/ex250_ex254_frontend_fp4_dot_fma_semantic_20260608_2105/ex250/verilog/ex250_semantic_fp4_dot2_prodtable_qrange.v:363$13 ($neg).
Removed top 9 bits (of 10) from port B of cell ex250_semantic_fp4_dot2_prodtable_qrange.$le$/home/b10507053/ALS_Final_Project/student/work/ex250_ex254_frontend_fp4_dot_fma_semantic_20260608_2105/ex250/verilog/ex250_semantic_fp4_dot2_prodtable_qrange.v:305$55 ($le).
Removed top 9 bits (of 10) from port B of cell ex250_semantic_fp4_dot2_prodtable_qrange.$le$/home/b10507053/ALS_Final_Project/student/work/ex250_ex254_frontend_fp4_dot_fma_semantic_20260608_2105/ex250/verilog/ex250_semantic_fp4_dot2_prodtable_qrange.v:306$57 ($le).
Removed top 8 bits (of 10) from port B of cell ex250_semantic_fp4_dot2_prodtable_qrange.$le$/home/b10507053/ALS_Final_Project/student/work/ex250_ex254_frontend_fp4_dot_fma_semantic_20260608_2105/ex250/verilog/ex250_semantic_fp4_dot2_prodtable_qrange.v:307$59 ($le).
Removed top 8 bits (of 10) from port B of cell ex250_semantic_fp4_dot2_prodtable_qrange.$le$/home/b10507053/ALS_Final_Project/student/work/ex250_ex254_frontend_fp4_dot_fma_semantic_20260608_2105/ex250/verilog/ex250_semantic_fp4_dot2_prodtable_qrange.v:308$61 ($le).
Removed top 7 bits (of 10) from port B of cell ex250_semantic_fp4_dot2_prodtable_qrange.$le$/home/b10507053/ALS_Final_Project/student/work/ex250_ex254_frontend_fp4_dot_fma_semantic_20260608_2105/ex250/verilog/ex250_semantic_fp4_dot2_prodtable_qrange.v:309$63 ($le).
Removed top 7 bits (of 10) from port B of cell ex250_semantic_fp4_dot2_prodtable_qrange.$le$/home/b10507053/ALS_Final_Project/student/work/ex250_ex254_frontend_fp4_dot_fma_semantic_20260608_2105/ex250/verilog/ex250_semantic_fp4_dot2_prodtable_qrange.v:310$65 ($le).
Removed top 7 bits (of 10) from port B of cell ex250_semantic_fp4_dot2_prodtable_qrange.$le$/home/b10507053/ALS_Final_Project/student/work/ex250_ex254_frontend_fp4_dot_fma_semantic_20260608_2105/ex250/verilog/ex250_semantic_fp4_dot2_prodtable_qrange.v:311$67 ($le).
Removed top 7 bits (of 10) from port B of cell ex250_semantic_fp4_dot2_prodtable_qrange.$le$/home/b10507053/ALS_Final_Project/student/work/ex250_ex254_frontend_fp4_dot_fma_semantic_20260608_2105/ex250/verilog/ex250_semantic_fp4_dot2_prodtable_qrange.v:312$69 ($le).
Removed top 6 bits (of 10) from port B of cell ex250_semantic_fp4_dot2_prodtable_qrange.$le$/home/b10507053/ALS_Final_Project/student/work/ex250_ex254_frontend_fp4_dot_fma_semantic_20260608_2105/ex250/verilog/ex250_semantic_fp4_dot2_prodtable_qrange.v:313$71 ($le).
Removed top 6 bits (of 10) from port B of cell ex250_semantic_fp4_dot2_prodtable_qrange.$le$/home/b10507053/ALS_Final_Project/student/work/ex250_ex254_frontend_fp4_dot_fma_semantic_20260608_2105/ex250/verilog/ex250_semantic_fp4_dot2_prodtable_qrange.v:314$73 ($le).
Removed top 6 bits (of 10) from port B of cell ex250_semantic_fp4_dot2_prodtable_qrange.$le$/home/b10507053/ALS_Final_Project/student/work/ex250_ex254_frontend_fp4_dot_fma_semantic_20260608_2105/ex250/verilog/ex250_semantic_fp4_dot2_prodtable_qrange.v:315$75 ($le).
Removed top 6 bits (of 10) from port B of cell ex250_semantic_fp4_dot2_prodtable_qrange.$le$/home/b10507053/ALS_Final_Project/student/work/ex250_ex254_frontend_fp4_dot_fma_semantic_20260608_2105/ex250/verilog/ex250_semantic_fp4_dot2_prodtable_qrange.v:316$77 ($le).
Removed top 6 bits (of 10) from port B of cell ex250_semantic_fp4_dot2_prodtable_qrange.$le$/home/b10507053/ALS_Final_Project/student/work/ex250_ex254_frontend_fp4_dot_fma_semantic_20260608_2105/ex250/verilog/ex250_semantic_fp4_dot2_prodtable_qrange.v:317$79 ($le).
Removed top 6 bits (of 10) from port B of cell ex250_semantic_fp4_dot2_prodtable_qrange.$le$/home/b10507053/ALS_Final_Project/student/work/ex250_ex254_frontend_fp4_dot_fma_semantic_20260608_2105/ex250/verilog/ex250_semantic_fp4_dot2_prodtable_qrange.v:318$81 ($le).
Removed top 6 bits (of 10) from port B of cell ex250_semantic_fp4_dot2_prodtable_qrange.$le$/home/b10507053/ALS_Final_Project/student/work/ex250_ex254_frontend_fp4_dot_fma_semantic_20260608_2105/ex250/verilog/ex250_semantic_fp4_dot2_prodtable_qrange.v:319$83 ($le).
Removed top 6 bits (of 10) from port B of cell ex250_semantic_fp4_dot2_prodtable_qrange.$le$/home/b10507053/ALS_Final_Project/student/work/ex250_ex254_frontend_fp4_dot_fma_semantic_20260608_2105/ex250/verilog/ex250_semantic_fp4_dot2_prodtable_qrange.v:320$85 ($le).
Removed top 5 bits (of 10) from port B of cell ex250_semantic_fp4_dot2_prodtable_qrange.$le$/home/b10507053/ALS_Final_Project/student/work/ex250_ex254_frontend_fp4_dot_fma_semantic_20260608_2105/ex250/verilog/ex250_semantic_fp4_dot2_prodtable_qrange.v:321$87 ($le).
Removed top 5 bits (of 10) from port B of cell ex250_semantic_fp4_dot2_prodtable_qrange.$le$/home/b10507053/ALS_Final_Project/student/work/ex250_ex254_frontend_fp4_dot_fma_semantic_20260608_2105/ex250/verilog/ex250_semantic_fp4_dot2_prodtable_qrange.v:322$89 ($le).
Removed top 5 bits (of 10) from port B of cell ex250_semantic_fp4_dot2_prodtable_qrange.$le$/home/b10507053/ALS_Final_Project/student/work/ex250_ex254_frontend_fp4_dot_fma_semantic_20260608_2105/ex250/verilog/ex250_semantic_fp4_dot2_prodtable_qrange.v:323$91 ($le).
Removed top 5 bits (of 10) from port B of cell ex250_semantic_fp4_dot2_prodtable_qrange.$le$/home/b10507053/ALS_Final_Project/student/work/ex250_ex254_frontend_fp4_dot_fma_semantic_20260608_2105/ex250/verilog/ex250_semantic_fp4_dot2_prodtable_qrange.v:324$93 ($le).
Removed top 5 bits (of 10) from port B of cell ex250_semantic_fp4_dot2_prodtable_qrange.$le$/home/b10507053/ALS_Final_Project/student/work/ex250_ex254_frontend_fp4_dot_fma_semantic_20260608_2105/ex250/verilog/ex250_semantic_fp4_dot2_prodtable_qrange.v:325$95 ($le).
Removed top 5 bits (of 10) from port B of cell ex250_semantic_fp4_dot2_prodtable_qrange.$le$/home/b10507053/ALS_Final_Project/student/work/ex250_ex254_frontend_fp4_dot_fma_semantic_20260608_2105/ex250/verilog/ex250_semantic_fp4_dot2_prodtable_qrange.v:326$97 ($le).
Removed top 5 bits (of 10) from port B of cell ex250_semantic_fp4_dot2_prodtable_qrange.$le$/home/b10507053/ALS_Final_Project/student/work/ex250_ex254_frontend_fp4_dot_fma_semantic_20260608_2105/ex250/verilog/ex250_semantic_fp4_dot2_prodtable_qrange.v:327$99 ($le).
Removed top 5 bits (of 10) from port B of cell ex250_semantic_fp4_dot2_prodtable_qrange.$le$/home/b10507053/ALS_Final_Project/student/work/ex250_ex254_frontend_fp4_dot_fma_semantic_20260608_2105/ex250/verilog/ex250_semantic_fp4_dot2_prodtable_qrange.v:328$101 ($le).
Removed top 4 bits (of 10) from port B of cell ex250_semantic_fp4_dot2_prodtable_qrange.$le$/home/b10507053/ALS_Final_Project/student/work/ex250_ex254_frontend_fp4_dot_fma_semantic_20260608_2105/ex250/verilog/ex250_semantic_fp4_dot2_prodtable_qrange.v:329$103 ($le).
Removed top 4 bits (of 10) from port B of cell ex250_semantic_fp4_dot2_prodtable_qrange.$le$/home/b10507053/ALS_Final_Project/student/work/ex250_ex254_frontend_fp4_dot_fma_semantic_20260608_2105/ex250/verilog/ex250_semantic_fp4_dot2_prodtable_qrange.v:330$105 ($le).
Removed top 4 bits (of 10) from port B of cell ex250_semantic_fp4_dot2_prodtable_qrange.$le$/home/b10507053/ALS_Final_Project/student/work/ex250_ex254_frontend_fp4_dot_fma_semantic_20260608_2105/ex250/verilog/ex250_semantic_fp4_dot2_prodtable_qrange.v:331$107 ($le).
Removed top 4 bits (of 10) from port B of cell ex250_semantic_fp4_dot2_prodtable_qrange.$le$/home/b10507053/ALS_Final_Project/student/work/ex250_ex254_frontend_fp4_dot_fma_semantic_20260608_2105/ex250/verilog/ex250_semantic_fp4_dot2_prodtable_qrange.v:332$109 ($le).
Removed top 4 bits (of 10) from port B of cell ex250_semantic_fp4_dot2_prodtable_qrange.$le$/home/b10507053/ALS_Final_Project/student/work/ex250_ex254_frontend_fp4_dot_fma_semantic_20260608_2105/ex250/verilog/ex250_semantic_fp4_dot2_prodtable_qrange.v:333$111 ($le).
Removed top 4 bits (of 10) from port B of cell ex250_semantic_fp4_dot2_prodtable_qrange.$le$/home/b10507053/ALS_Final_Project/student/work/ex250_ex254_frontend_fp4_dot_fma_semantic_20260608_2105/ex250/verilog/ex250_semantic_fp4_dot2_prodtable_qrange.v:334$113 ($le).
Removed top 4 bits (of 10) from port B of cell ex250_semantic_fp4_dot2_prodtable_qrange.$le$/home/b10507053/ALS_Final_Project/student/work/ex250_ex254_frontend_fp4_dot_fma_semantic_20260608_2105/ex250/verilog/ex250_semantic_fp4_dot2_prodtable_qrange.v:335$115 ($le).
Removed top 4 bits (of 10) from port B of cell ex250_semantic_fp4_dot2_prodtable_qrange.$le$/home/b10507053/ALS_Final_Project/student/work/ex250_ex254_frontend_fp4_dot_fma_semantic_20260608_2105/ex250/verilog/ex250_semantic_fp4_dot2_prodtable_qrange.v:336$117 ($le).
Removed top 3 bits (of 10) from port B of cell ex250_semantic_fp4_dot2_prodtable_qrange.$le$/home/b10507053/ALS_Final_Project/student/work/ex250_ex254_frontend_fp4_dot_fma_semantic_20260608_2105/ex250/verilog/ex250_semantic_fp4_dot2_prodtable_qrange.v:337$119 ($le).
Removed top 3 bits (of 10) from port B of cell ex250_semantic_fp4_dot2_prodtable_qrange.$le$/home/b10507053/ALS_Final_Project/student/work/ex250_ex254_frontend_fp4_dot_fma_semantic_20260608_2105/ex250/verilog/ex250_semantic_fp4_dot2_prodtable_qrange.v:338$121 ($le).
Removed top 3 bits (of 10) from port B of cell ex250_semantic_fp4_dot2_prodtable_qrange.$le$/home/b10507053/ALS_Final_Project/student/work/ex250_ex254_frontend_fp4_dot_fma_semantic_20260608_2105/ex250/verilog/ex250_semantic_fp4_dot2_prodtable_qrange.v:339$123 ($le).
Removed top 3 bits (of 10) from port B of cell ex250_semantic_fp4_dot2_prodtable_qrange.$le$/home/b10507053/ALS_Final_Project/student/work/ex250_ex254_frontend_fp4_dot_fma_semantic_20260608_2105/ex250/verilog/ex250_semantic_fp4_dot2_prodtable_qrange.v:340$125 ($le).
Removed top 3 bits (of 10) from port B of cell ex250_semantic_fp4_dot2_prodtable_qrange.$le$/home/b10507053/ALS_Final_Project/student/work/ex250_ex254_frontend_fp4_dot_fma_semantic_20260608_2105/ex250/verilog/ex250_semantic_fp4_dot2_prodtable_qrange.v:341$127 ($le).
Removed top 3 bits (of 10) from port B of cell ex250_semantic_fp4_dot2_prodtable_qrange.$le$/home/b10507053/ALS_Final_Project/student/work/ex250_ex254_frontend_fp4_dot_fma_semantic_20260608_2105/ex250/verilog/ex250_semantic_fp4_dot2_prodtable_qrange.v:342$129 ($le).
Removed top 3 bits (of 10) from port B of cell ex250_semantic_fp4_dot2_prodtable_qrange.$le$/home/b10507053/ALS_Final_Project/student/work/ex250_ex254_frontend_fp4_dot_fma_semantic_20260608_2105/ex250/verilog/ex250_semantic_fp4_dot2_prodtable_qrange.v:343$131 ($le).
Removed top 3 bits (of 10) from port B of cell ex250_semantic_fp4_dot2_prodtable_qrange.$le$/home/b10507053/ALS_Final_Project/student/work/ex250_ex254_frontend_fp4_dot_fma_semantic_20260608_2105/ex250/verilog/ex250_semantic_fp4_dot2_prodtable_qrange.v:344$133 ($le).
Removed top 2 bits (of 10) from port B of cell ex250_semantic_fp4_dot2_prodtable_qrange.$le$/home/b10507053/ALS_Final_Project/student/work/ex250_ex254_frontend_fp4_dot_fma_semantic_20260608_2105/ex250/verilog/ex250_semantic_fp4_dot2_prodtable_qrange.v:345$135 ($le).
Removed top 2 bits (of 10) from port B of cell ex250_semantic_fp4_dot2_prodtable_qrange.$le$/home/b10507053/ALS_Final_Project/student/work/ex250_ex254_frontend_fp4_dot_fma_semantic_20260608_2105/ex250/verilog/ex250_semantic_fp4_dot2_prodtable_qrange.v:346$137 ($le).
Removed top 2 bits (of 10) from port B of cell ex250_semantic_fp4_dot2_prodtable_qrange.$le$/home/b10507053/ALS_Final_Project/student/work/ex250_ex254_frontend_fp4_dot_fma_semantic_20260608_2105/ex250/verilog/ex250_semantic_fp4_dot2_prodtable_qrange.v:347$139 ($le).
Removed top 2 bits (of 10) from port B of cell ex250_semantic_fp4_dot2_prodtable_qrange.$le$/home/b10507053/ALS_Final_Project/student/work/ex250_ex254_frontend_fp4_dot_fma_semantic_20260608_2105/ex250/verilog/ex250_semantic_fp4_dot2_prodtable_qrange.v:348$141 ($le).
Removed top 2 bits (of 10) from port B of cell ex250_semantic_fp4_dot2_prodtable_qrange.$le$/home/b10507053/ALS_Final_Project/student/work/ex250_ex254_frontend_fp4_dot_fma_semantic_20260608_2105/ex250/verilog/ex250_semantic_fp4_dot2_prodtable_qrange.v:349$143 ($le).
Removed top 2 bits (of 10) from port B of cell ex250_semantic_fp4_dot2_prodtable_qrange.$le$/home/b10507053/ALS_Final_Project/student/work/ex250_ex254_frontend_fp4_dot_fma_semantic_20260608_2105/ex250/verilog/ex250_semantic_fp4_dot2_prodtable_qrange.v:350$145 ($le).
Removed top 2 bits (of 10) from port B of cell ex250_semantic_fp4_dot2_prodtable_qrange.$le$/home/b10507053/ALS_Final_Project/student/work/ex250_ex254_frontend_fp4_dot_fma_semantic_20260608_2105/ex250/verilog/ex250_semantic_fp4_dot2_prodtable_qrange.v:351$147 ($le).
Removed top 2 bits (of 10) from port B of cell ex250_semantic_fp4_dot2_prodtable_qrange.$le$/home/b10507053/ALS_Final_Project/student/work/ex250_ex254_frontend_fp4_dot_fma_semantic_20260608_2105/ex250/verilog/ex250_semantic_fp4_dot2_prodtable_qrange.v:352$149 ($le).
Removed top 1 bits (of 10) from port B of cell ex250_semantic_fp4_dot2_prodtable_qrange.$le$/home/b10507053/ALS_Final_Project/student/work/ex250_ex254_frontend_fp4_dot_fma_semantic_20260608_2105/ex250/verilog/ex250_semantic_fp4_dot2_prodtable_qrange.v:353$151 ($le).
Removed top 1 bits (of 10) from port B of cell ex250_semantic_fp4_dot2_prodtable_qrange.$le$/home/b10507053/ALS_Final_Project/student/work/ex250_ex254_frontend_fp4_dot_fma_semantic_20260608_2105/ex250/verilog/ex250_semantic_fp4_dot2_prodtable_qrange.v:354$153 ($le).
Removed top 2 bits (of 7) from mux cell ex250_semantic_fp4_dot2_prodtable_qrange.$procmux$164 ($mux).
Removed top 2 bits (of 7) from mux cell ex250_semantic_fp4_dot2_prodtable_qrange.$procmux$314 ($mux).
Removed top 2 bits (of 7) from mux cell ex250_semantic_fp4_dot2_prodtable_qrange.$procmux$461 ($mux).
Removed top 2 bits (of 7) from mux cell ex250_semantic_fp4_dot2_prodtable_qrange.$procmux$605 ($mux).
Removed top 2 bits (of 7) from mux cell ex250_semantic_fp4_dot2_prodtable_qrange.$procmux$746 ($mux).
Removed top 2 bits (of 7) from mux cell ex250_semantic_fp4_dot2_prodtable_qrange.$procmux$884 ($mux).
Removed top 2 bits (of 7) from mux cell ex250_semantic_fp4_dot2_prodtable_qrange.$procmux$1019 ($mux).
Removed top 2 bits (of 7) from mux cell ex250_semantic_fp4_dot2_prodtable_qrange.$procmux$1151 ($mux).
Removed top 2 bits (of 7) from mux cell ex250_semantic_fp4_dot2_prodtable_qrange.$procmux$1280 ($mux).
Removed top 2 bits (of 7) from mux cell ex250_semantic_fp4_dot2_prodtable_qrange.$procmux$1406 ($mux).
Removed top 1 bits (of 7) from mux cell ex250_semantic_fp4_dot2_prodtable_qrange.$procmux$1529 ($mux).
Removed top 1 bits (of 7) from mux cell ex250_semantic_fp4_dot2_prodtable_qrange.$procmux$1649 ($mux).
Removed top 1 bits (of 7) from mux cell ex250_semantic_fp4_dot2_prodtable_qrange.$procmux$1766 ($mux).
Removed top 1 bits (of 7) from mux cell ex250_semantic_fp4_dot2_prodtable_qrange.$procmux$1880 ($mux).
Removed top 1 bits (of 7) from mux cell ex250_semantic_fp4_dot2_prodtable_qrange.$procmux$1991 ($mux).
Removed top 1 bits (of 7) from mux cell ex250_semantic_fp4_dot2_prodtable_qrange.$procmux$2099 ($mux).
Removed top 1 bits (of 7) from mux cell ex250_semantic_fp4_dot2_prodtable_qrange.$procmux$2204 ($mux).
Removed top 1 bits (of 7) from mux cell ex250_semantic_fp4_dot2_prodtable_qrange.$procmux$2306 ($mux).
Removed top 1 bits (of 7) from mux cell ex250_semantic_fp4_dot2_prodtable_qrange.$procmux$2405 ($mux).
Removed top 1 bits (of 7) from mux cell ex250_semantic_fp4_dot2_prodtable_qrange.$procmux$2501 ($mux).
Removed top 1 bits (of 7) from mux cell ex250_semantic_fp4_dot2_prodtable_qrange.$procmux$2594 ($mux).
Removed top 1 bits (of 7) from mux cell ex250_semantic_fp4_dot2_prodtable_qrange.$procmux$2684 ($mux).
Removed top 1 bits (of 7) from mux cell ex250_semantic_fp4_dot2_prodtable_qrange.$procmux$2771 ($mux).
Removed top 1 bits (of 7) from mux cell ex250_semantic_fp4_dot2_prodtable_qrange.$procmux$2855 ($mux).
Removed top 1 bits (of 7) from mux cell ex250_semantic_fp4_dot2_prodtable_qrange.$procmux$2936 ($mux).
Removed top 1 bits (of 7) from mux cell ex250_semantic_fp4_dot2_prodtable_qrange.$procmux$3014 ($mux).
Removed top 1 bits (of 7) from mux cell ex250_semantic_fp4_dot2_prodtable_qrange.$procmux$3089 ($mux).
Removed top 1 bits (of 7) from mux cell ex250_semantic_fp4_dot2_prodtable_qrange.$procmux$3161 ($mux).
Removed top 1 bits (of 7) from mux cell ex250_semantic_fp4_dot2_prodtable_qrange.$procmux$3230 ($mux).
Removed top 1 bits (of 7) from mux cell ex250_semantic_fp4_dot2_prodtable_qrange.$procmux$3296 ($mux).
Removed top 1 bits (of 7) from mux cell ex250_semantic_fp4_dot2_prodtable_qrange.$procmux$3359 ($mux).
Removed top 1 bits (of 7) from mux cell ex250_semantic_fp4_dot2_prodtable_qrange.$procmux$3419 ($mux).
Removed top 1 bits (of 7) from mux cell ex250_semantic_fp4_dot2_prodtable_qrange.$procmux$3476 ($mux).
Removed top 1 bits (of 7) from mux cell ex250_semantic_fp4_dot2_prodtable_qrange.$procmux$3530 ($mux).
Removed top 1 bits (of 7) from mux cell ex250_semantic_fp4_dot2_prodtable_qrange.$procmux$3581 ($mux).
Removed top 1 bits (of 7) from mux cell ex250_semantic_fp4_dot2_prodtable_qrange.$procmux$3629 ($mux).
Removed top 1 bits (of 7) from mux cell ex250_semantic_fp4_dot2_prodtable_qrange.$procmux$3674 ($mux).
Removed top 1 bits (of 7) from mux cell ex250_semantic_fp4_dot2_prodtable_qrange.$procmux$3716 ($mux).
Removed top 1 bits (of 7) from mux cell ex250_semantic_fp4_dot2_prodtable_qrange.$procmux$3755 ($mux).
Removed top 1 bits (of 7) from mux cell ex250_semantic_fp4_dot2_prodtable_qrange.$procmux$3791 ($mux).
Removed top 1 bits (of 7) from mux cell ex250_semantic_fp4_dot2_prodtable_qrange.$procmux$3824 ($mux).
Removed top 1 bits (of 7) from mux cell ex250_semantic_fp4_dot2_prodtable_qrange.$procmux$3854 ($mux).
Removed top 1 bits (of 7) from wire ex250_semantic_fp4_dot2_prodtable_qrange.$32\quant_scaled$func$/home/b10507053/ALS_Final_Project/student/work/ex250_ex254_frontend_fp4_dot_fma_semantic_20260608_2105/ex250/verilog/ex250_semantic_fp4_dot2_prodtable_qrange.v:366$10.$result[6:0]$118.
Removed top 1 bits (of 7) from wire ex250_semantic_fp4_dot2_prodtable_qrange.$31\quant_scaled$func$/home/b10507053/ALS_Final_Project/student/work/ex250_ex254_frontend_fp4_dot_fma_semantic_20260608_2105/ex250/verilog/ex250_semantic_fp4_dot2_prodtable_qrange.v:366$10.$result[6:0]$116.
Removed top 1 bits (of 7) from wire ex250_semantic_fp4_dot2_prodtable_qrange.$30\quant_scaled$func$/home/b10507053/ALS_Final_Project/student/work/ex250_ex254_frontend_fp4_dot_fma_semantic_20260608_2105/ex250/verilog/ex250_semantic_fp4_dot2_prodtable_qrange.v:366$10.$result[6:0]$114.
Removed top 1 bits (of 7) from wire ex250_semantic_fp4_dot2_prodtable_qrange.$29\quant_scaled$func$/home/b10507053/ALS_Final_Project/student/work/ex250_ex254_frontend_fp4_dot_fma_semantic_20260608_2105/ex250/verilog/ex250_semantic_fp4_dot2_prodtable_qrange.v:366$10.$result[6:0]$112.
Removed top 1 bits (of 7) from wire ex250_semantic_fp4_dot2_prodtable_qrange.$28\quant_scaled$func$/home/b10507053/ALS_Final_Project/student/work/ex250_ex254_frontend_fp4_dot_fma_semantic_20260608_2105/ex250/verilog/ex250_semantic_fp4_dot2_prodtable_qrange.v:366$10.$result[6:0]$110.
Removed top 1 bits (of 7) from wire ex250_semantic_fp4_dot2_prodtable_qrange.$27\quant_scaled$func$/home/b10507053/ALS_Final_Project/student/work/ex250_ex254_frontend_fp4_dot_fma_semantic_20260608_2105/ex250/verilog/ex250_semantic_fp4_dot2_prodtable_qrange.v:366$10.$result[6:0]$108.
Removed top 1 bits (of 7) from wire ex250_semantic_fp4_dot2_prodtable_qrange.$26\quant_scaled$func$/home/b10507053/ALS_Final_Project/student/work/ex250_ex254_frontend_fp4_dot_fma_semantic_20260608_2105/ex250/verilog/ex250_semantic_fp4_dot2_prodtable_qrange.v:366$10.$result[6:0]$106.
Removed top 1 bits (of 7) from wire ex250_semantic_fp4_dot2_prodtable_qrange.$25\quant_scaled$func$/home/b10507053/ALS_Final_Project/student/work/ex250_ex254_frontend_fp4_dot_fma_semantic_20260608_2105/ex250/verilog/ex250_semantic_fp4_dot2_prodtable_qrange.v:366$10.$result[6:0]$104.
Removed top 1 bits (of 7) from wire ex250_semantic_fp4_dot2_prodtable_qrange.$24\quant_scaled$func$/home/b10507053/ALS_Final_Project/student/work/ex250_ex254_frontend_fp4_dot_fma_semantic_20260608_2105/ex250/verilog/ex250_semantic_fp4_dot2_prodtable_qrange.v:366$10.$result[6:0]$102.
Removed top 1 bits (of 7) from wire ex250_semantic_fp4_dot2_prodtable_qrange.$23\quant_scaled$func$/home/b10507053/ALS_Final_Project/student/work/ex250_ex254_frontend_fp4_dot_fma_semantic_20260608_2105/ex250/verilog/ex250_semantic_fp4_dot2_prodtable_qrange.v:366$10.$result[6:0]$100.
Removed top 1 bits (of 7) from wire ex250_semantic_fp4_dot2_prodtable_qrange.$22\quant_scaled$func$/home/b10507053/ALS_Final_Project/student/work/ex250_ex254_frontend_fp4_dot_fma_semantic_20260608_2105/ex250/verilog/ex250_semantic_fp4_dot2_prodtable_qrange.v:366$10.$result[6:0]$98.
Removed top 1 bits (of 7) from wire ex250_semantic_fp4_dot2_prodtable_qrange.$21\quant_scaled$func$/home/b10507053/ALS_Final_Project/student/work/ex250_ex254_frontend_fp4_dot_fma_semantic_20260608_2105/ex250/verilog/ex250_semantic_fp4_dot2_prodtable_qrange.v:366$10.$result[6:0]$96.
Removed top 1 bits (of 7) from wire ex250_semantic_fp4_dot2_prodtable_qrange.$20\quant_scaled$func$/home/b10507053/ALS_Final_Project/student/work/ex250_ex254_frontend_fp4_dot_fma_semantic_20260608_2105/ex250/verilog/ex250_semantic_fp4_dot2_prodtable_qrange.v:366$10.$result[6:0]$94.
Removed top 1 bits (of 7) from wire ex250_semantic_fp4_dot2_prodtable_qrange.$19\quant_scaled$func$/home/b10507053/ALS_Final_Project/student/work/ex250_ex254_frontend_fp4_dot_fma_semantic_20260608_2105/ex250/verilog/ex250_semantic_fp4_dot2_prodtable_qrange.v:366$10.$result[6:0]$92.
Removed top 1 bits (of 7) from wire ex250_semantic_fp4_dot2_prodtable_qrange.$18\quant_scaled$func$/home/b10507053/ALS_Final_Project/student/work/ex250_ex254_frontend_fp4_dot_fma_semantic_20260608_2105/ex250/verilog/ex250_semantic_fp4_dot2_prodtable_qrange.v:366$10.$result[6:0]$90.
Removed top 1 bits (of 7) from wire ex250_semantic_fp4_dot2_prodtable_qrange.$17\quant_scaled$func$/home/b10507053/ALS_Final_Project/student/work/ex250_ex254_frontend_fp4_dot_fma_semantic_20260608_2105/ex250/verilog/ex250_semantic_fp4_dot2_prodtable_qrange.v:366$10.$result[6:0]$88.
Removed top 1 bits (of 7) from wire ex250_semantic_fp4_dot2_prodtable_qrange.$16\quant_scaled$func$/home/b10507053/ALS_Final_Project/student/work/ex250_ex254_frontend_fp4_dot_fma_semantic_20260608_2105/ex250/verilog/ex250_semantic_fp4_dot2_prodtable_qrange.v:366$10.$result[6:0]$86.
Removed top 1 bits (of 7) from wire ex250_semantic_fp4_dot2_prodtable_qrange.$15\quant_scaled$func$/home/b10507053/ALS_Final_Project/student/work/ex250_ex254_frontend_fp4_dot_fma_semantic_20260608_2105/ex250/verilog/ex250_semantic_fp4_dot2_prodtable_qrange.v:366$10.$result[6:0]$84.
Removed top 1 bits (of 7) from wire ex250_semantic_fp4_dot2_prodtable_qrange.$14\quant_scaled$func$/home/b10507053/ALS_Final_Project/student/work/ex250_ex254_frontend_fp4_dot_fma_semantic_20260608_2105/ex250/verilog/ex250_semantic_fp4_dot2_prodtable_qrange.v:366$10.$result[6:0]$82.
Removed top 1 bits (of 7) from wire ex250_semantic_fp4_dot2_prodtable_qrange.$13\quant_scaled$func$/home/b10507053/ALS_Final_Project/student/work/ex250_ex254_frontend_fp4_dot_fma_semantic_20260608_2105/ex250/verilog/ex250_semantic_fp4_dot2_prodtable_qrange.v:366$10.$result[6:0]$80.
Removed top 1 bits (of 7) from wire ex250_semantic_fp4_dot2_prodtable_qrange.$12\quant_scaled$func$/home/b10507053/ALS_Final_Project/student/work/ex250_ex254_frontend_fp4_dot_fma_semantic_20260608_2105/ex250/verilog/ex250_semantic_fp4_dot2_prodtable_qrange.v:366$10.$result[6:0]$78.
Removed top 1 bits (of 7) from wire ex250_semantic_fp4_dot2_prodtable_qrange.$11\quant_scaled$func$/home/b10507053/ALS_Final_Project/student/work/ex250_ex254_frontend_fp4_dot_fma_semantic_20260608_2105/ex250/verilog/ex250_semantic_fp4_dot2_prodtable_qrange.v:366$10.$result[6:0]$76.
Removed top 1 bits (of 7) from wire ex250_semantic_fp4_dot2_prodtable_qrange.$10\quant_scaled$func$/home/b10507053/ALS_Final_Project/student/work/ex250_ex254_frontend_fp4_dot_fma_semantic_20260608_2105/ex250/verilog/ex250_semantic_fp4_dot2_prodtable_qrange.v:366$10.$result[6:0]$74.
Removed top 1 bits (of 7) from wire ex250_semantic_fp4_dot2_prodtable_qrange.$9\quant_scaled$func$/home/b10507053/ALS_Final_Project/student/work/ex250_ex254_frontend_fp4_dot_fma_semantic_20260608_2105/ex250/verilog/ex250_semantic_fp4_dot2_prodtable_qrange.v:366$10.$result[6:0]$72.
Removed top 2 bits (of 7) from wire ex250_semantic_fp4_dot2_prodtable_qrange.$50\quant_scaled$func$/home/b10507053/ALS_Final_Project/student/work/ex250_ex254_frontend_fp4_dot_fma_semantic_20260608_2105/ex250/verilog/ex250_semantic_fp4_dot2_prodtable_qrange.v:366$10.$result[6:0]$154.
Removed top 2 bits (of 7) from wire ex250_semantic_fp4_dot2_prodtable_qrange.$49\quant_scaled$func$/home/b10507053/ALS_Final_Project/student/work/ex250_ex254_frontend_fp4_dot_fma_semantic_20260608_2105/ex250/verilog/ex250_semantic_fp4_dot2_prodtable_qrange.v:366$10.$result[6:0]$152.
Removed top 2 bits (of 7) from wire ex250_semantic_fp4_dot2_prodtable_qrange.$48\quant_scaled$func$/home/b10507053/ALS_Final_Project/student/work/ex250_ex254_frontend_fp4_dot_fma_semantic_20260608_2105/ex250/verilog/ex250_semantic_fp4_dot2_prodtable_qrange.v:366$10.$result[6:0]$150.
Removed top 2 bits (of 7) from wire ex250_semantic_fp4_dot2_prodtable_qrange.$47\quant_scaled$func$/home/b10507053/ALS_Final_Project/student/work/ex250_ex254_frontend_fp4_dot_fma_semantic_20260608_2105/ex250/verilog/ex250_semantic_fp4_dot2_prodtable_qrange.v:366$10.$result[6:0]$148.
Removed top 2 bits (of 7) from wire ex250_semantic_fp4_dot2_prodtable_qrange.$46\quant_scaled$func$/home/b10507053/ALS_Final_Project/student/work/ex250_ex254_frontend_fp4_dot_fma_semantic_20260608_2105/ex250/verilog/ex250_semantic_fp4_dot2_prodtable_qrange.v:366$10.$result[6:0]$146.
Removed top 2 bits (of 7) from wire ex250_semantic_fp4_dot2_prodtable_qrange.$45\quant_scaled$func$/home/b10507053/ALS_Final_Project/student/work/ex250_ex254_frontend_fp4_dot_fma_semantic_20260608_2105/ex250/verilog/ex250_semantic_fp4_dot2_prodtable_qrange.v:366$10.$result[6:0]$144.
Removed top 2 bits (of 7) from wire ex250_semantic_fp4_dot2_prodtable_qrange.$44\quant_scaled$func$/home/b10507053/ALS_Final_Project/student/work/ex250_ex254_frontend_fp4_dot_fma_semantic_20260608_2105/ex250/verilog/ex250_semantic_fp4_dot2_prodtable_qrange.v:366$10.$result[6:0]$142.
Removed top 2 bits (of 7) from wire ex250_semantic_fp4_dot2_prodtable_qrange.$43\quant_scaled$func$/home/b10507053/ALS_Final_Project/student/work/ex250_ex254_frontend_fp4_dot_fma_semantic_20260608_2105/ex250/verilog/ex250_semantic_fp4_dot2_prodtable_qrange.v:366$10.$result[6:0]$140.
Removed top 2 bits (of 7) from wire ex250_semantic_fp4_dot2_prodtable_qrange.$42\quant_scaled$func$/home/b10507053/ALS_Final_Project/student/work/ex250_ex254_frontend_fp4_dot_fma_semantic_20260608_2105/ex250/verilog/ex250_semantic_fp4_dot2_prodtable_qrange.v:366$10.$result[6:0]$138.
Removed top 2 bits (of 7) from wire ex250_semantic_fp4_dot2_prodtable_qrange.$41\quant_scaled$func$/home/b10507053/ALS_Final_Project/student/work/ex250_ex254_frontend_fp4_dot_fma_semantic_20260608_2105/ex250/verilog/ex250_semantic_fp4_dot2_prodtable_qrange.v:366$10.$result[6:0]$136.
Removed top 1 bits (of 7) from wire ex250_semantic_fp4_dot2_prodtable_qrange.$40\quant_scaled$func$/home/b10507053/ALS_Final_Project/student/work/ex250_ex254_frontend_fp4_dot_fma_semantic_20260608_2105/ex250/verilog/ex250_semantic_fp4_dot2_prodtable_qrange.v:366$10.$result[6:0]$134.
Removed top 1 bits (of 7) from wire ex250_semantic_fp4_dot2_prodtable_qrange.$39\quant_scaled$func$/home/b10507053/ALS_Final_Project/student/work/ex250_ex254_frontend_fp4_dot_fma_semantic_20260608_2105/ex250/verilog/ex250_semantic_fp4_dot2_prodtable_qrange.v:366$10.$result[6:0]$132.
Removed top 1 bits (of 7) from wire ex250_semantic_fp4_dot2_prodtable_qrange.$38\quant_scaled$func$/home/b10507053/ALS_Final_Project/student/work/ex250_ex254_frontend_fp4_dot_fma_semantic_20260608_2105/ex250/verilog/ex250_semantic_fp4_dot2_prodtable_qrange.v:366$10.$result[6:0]$130.
Removed top 1 bits (of 7) from wire ex250_semantic_fp4_dot2_prodtable_qrange.$37\quant_scaled$func$/home/b10507053/ALS_Final_Project/student/work/ex250_ex254_frontend_fp4_dot_fma_semantic_20260608_2105/ex250/verilog/ex250_semantic_fp4_dot2_prodtable_qrange.v:366$10.$result[6:0]$128.
Removed top 1 bits (of 7) from wire ex250_semantic_fp4_dot2_prodtable_qrange.$36\quant_scaled$func$/home/b10507053/ALS_Final_Project/student/work/ex250_ex254_frontend_fp4_dot_fma_semantic_20260608_2105/ex250/verilog/ex250_semantic_fp4_dot2_prodtable_qrange.v:366$10.$result[6:0]$126.
Removed top 1 bits (of 7) from wire ex250_semantic_fp4_dot2_prodtable_qrange.$35\quant_scaled$func$/home/b10507053/ALS_Final_Project/student/work/ex250_ex254_frontend_fp4_dot_fma_semantic_20260608_2105/ex250/verilog/ex250_semantic_fp4_dot2_prodtable_qrange.v:366$10.$result[6:0]$124.
Removed top 1 bits (of 7) from wire ex250_semantic_fp4_dot2_prodtable_qrange.$34\quant_scaled$func$/home/b10507053/ALS_Final_Project/student/work/ex250_ex254_frontend_fp4_dot_fma_semantic_20260608_2105/ex250/verilog/ex250_semantic_fp4_dot2_prodtable_qrange.v:366$10.$result[6:0]$122.
Removed top 1 bits (of 7) from wire ex250_semantic_fp4_dot2_prodtable_qrange.$33\quant_scaled$func$/home/b10507053/ALS_Final_Project/student/work/ex250_ex254_frontend_fp4_dot_fma_semantic_20260608_2105/ex250/verilog/ex250_semantic_fp4_dot2_prodtable_qrange.v:366$10.$result[6:0]$120.
Removed top 1 bits (of 11) from wire ex250_semantic_fp4_dot2_prodtable_qrange.neg_sum.

2.12. Executing PEEPOPT pass (run peephole optimizers).

2.13. Executing OPT_CLEAN pass (remove unused cells and wires).
Finding unused cells or wires in module \ex250_semantic_fp4_dot2_prodtable_qrange..
Removed 0 unused cells and 43 unused wires.

2.14. Executing ALUMACC pass (create $alu and $macc cells).
Extracting $alu and $macc cells in module ex250_semantic_fp4_dot2_prodtable_qrange:
  creating $macc model for $neg$/home/b10507053/ALS_Final_Project/student/work/ex250_ex254_frontend_fp4_dot_fma_semantic_20260608_2105/ex250/verilog/ex250_semantic_fp4_dot2_prodtable_qrange.v:363$13 ($neg).
  creating $macc model for $add$/home/b10507053/ALS_Final_Project/student/work/ex250_ex254_frontend_fp4_dot_fma_semantic_20260608_2105/ex250/verilog/ex250_semantic_fp4_dot2_prodtable_qrange.v:361$11 ($add).
  creating $alu model for $macc $add$/home/b10507053/ALS_Final_Project/student/work/ex250_ex254_frontend_fp4_dot_fma_semantic_20260608_2105/ex250/verilog/ex250_semantic_fp4_dot2_prodtable_qrange.v:361$11.
  creating $alu model for $macc $neg$/home/b10507053/ALS_Final_Project/student/work/ex250_ex254_frontend_fp4_dot_fma_semantic_20260608_2105/ex250/verilog/ex250_semantic_fp4_dot2_prodtable_qrange.v:363$13.
  creating $alu model for $le$/home/b10507053/ALS_Final_Project/student/work/ex250_ex254_frontend_fp4_dot_fma_semantic_20260608_2105/ex250/verilog/ex250_semantic_fp4_dot2_prodtable_qrange.v:354$153 ($le): new $alu
  creating $alu model for $le$/home/b10507053/ALS_Final_Project/student/work/ex250_ex254_frontend_fp4_dot_fma_semantic_20260608_2105/ex250/verilog/ex250_semantic_fp4_dot2_prodtable_qrange.v:353$151 ($le): new $alu
  creating $alu model for $le$/home/b10507053/ALS_Final_Project/student/work/ex250_ex254_frontend_fp4_dot_fma_semantic_20260608_2105/ex250/verilog/ex250_semantic_fp4_dot2_prodtable_qrange.v:352$149 ($le): new $alu
  creating $alu model for $le$/home/b10507053/ALS_Final_Project/student/work/ex250_ex254_frontend_fp4_dot_fma_semantic_20260608_2105/ex250/verilog/ex250_semantic_fp4_dot2_prodtable_qrange.v:351$147 ($le): new $alu
  creating $alu model for $le$/home/b10507053/ALS_Final_Project/student/work/ex250_ex254_frontend_fp4_dot_fma_semantic_20260608_2105/ex250/verilog/ex250_semantic_fp4_dot2_prodtable_qrange.v:350$145 ($le): new $alu
  creating $alu model for $le$/home/b10507053/ALS_Final_Project/student/work/ex250_ex254_frontend_fp4_dot_fma_semantic_20260608_2105/ex250/verilog/ex250_semantic_fp4_dot2_prodtable_qrange.v:349$143 ($le): new $alu
  creating $alu model for $le$/home/b10507053/ALS_Final_Project/student/work/ex250_ex254_frontend_fp4_dot_fma_semantic_20260608_2105/ex250/verilog/ex250_semantic_fp4_dot2_prodtable_qrange.v:348$141 ($le): new $alu
  creating $alu model for $le$/home/b10507053/ALS_Final_Project/student/work/ex250_ex254_frontend_fp4_dot_fma_semantic_20260608_2105/ex250/verilog/ex250_semantic_fp4_dot2_prodtable_qrange.v:347$139 ($le): new $alu
  creating $alu model for $le$/home/b10507053/ALS_Final_Project/student/work/ex250_ex254_frontend_fp4_dot_fma_semantic_20260608_2105/ex250/verilog/ex250_semantic_fp4_dot2_prodtable_qrange.v:346$137 ($le): new $alu
  creating $alu model for $le$/home/b10507053/ALS_Final_Project/student/work/ex250_ex254_frontend_fp4_dot_fma_semantic_20260608_2105/ex250/verilog/ex250_semantic_fp4_dot2_prodtable_qrange.v:345$135 ($le): new $alu
  creating $alu model for $le$/home/b10507053/ALS_Final_Project/student/work/ex250_ex254_frontend_fp4_dot_fma_semantic_20260608_2105/ex250/verilog/ex250_semantic_fp4_dot2_prodtable_qrange.v:344$133 ($le): new $alu
  creating $alu model for $le$/home/b10507053/ALS_Final_Project/student/work/ex250_ex254_frontend_fp4_dot_fma_semantic_20260608_2105/ex250/verilog/ex250_semantic_fp4_dot2_prodtable_qrange.v:343$131 ($le): new $alu
  creating $alu model for $le$/home/b10507053/ALS_Final_Project/student/work/ex250_ex254_frontend_fp4_dot_fma_semantic_20260608_2105/ex250/verilog/ex250_semantic_fp4_dot2_prodtable_qrange.v:342$129 ($le): new $alu
  creating $alu model for $le$/home/b10507053/ALS_Final_Project/student/work/ex250_ex254_frontend_fp4_dot_fma_semantic_20260608_2105/ex250/verilog/ex250_semantic_fp4_dot2_prodtable_qrange.v:341$127 ($le): new $alu
  creating $alu model for $le$/home/b10507053/ALS_Final_Project/student/work/ex250_ex254_frontend_fp4_dot_fma_semantic_20260608_2105/ex250/verilog/ex250_semantic_fp4_dot2_prodtable_qrange.v:340$125 ($le): new $alu
  creating $alu model for $le$/home/b10507053/ALS_Final_Project/student/work/ex250_ex254_frontend_fp4_dot_fma_semantic_20260608_2105/ex250/verilog/ex250_semantic_fp4_dot2_prodtable_qrange.v:339$123 ($le): new $alu
  creating $alu model for $le$/home/b10507053/ALS_Final_Project/student/work/ex250_ex254_frontend_fp4_dot_fma_semantic_20260608_2105/ex250/verilog/ex250_semantic_fp4_dot2_prodtable_qrange.v:338$121 ($le): new $alu
  creating $alu model for $le$/home/b10507053/ALS_Final_Project/student/work/ex250_ex254_frontend_fp4_dot_fma_semantic_20260608_2105/ex250/verilog/ex250_semantic_fp4_dot2_prodtable_qrange.v:337$119 ($le): new $alu
  creating $alu model for $le$/home/b10507053/ALS_Final_Project/student/work/ex250_ex254_frontend_fp4_dot_fma_semantic_20260608_2105/ex250/verilog/ex250_semantic_fp4_dot2_prodtable_qrange.v:336$117 ($le): new $alu
  creating $alu model for $le$/home/b10507053/ALS_Final_Project/student/work/ex250_ex254_frontend_fp4_dot_fma_semantic_20260608_2105/ex250/verilog/ex250_semantic_fp4_dot2_prodtable_qrange.v:335$115 ($le): new $alu
  creating $alu model for $le$/home/b10507053/ALS_Final_Project/student/work/ex250_ex254_frontend_fp4_dot_fma_semantic_20260608_2105/ex250/verilog/ex250_semantic_fp4_dot2_prodtable_qrange.v:334$113 ($le): new $alu
  creating $alu model for $le$/home/b10507053/ALS_Final_Project/student/work/ex250_ex254_frontend_fp4_dot_fma_semantic_20260608_2105/ex250/verilog/ex250_semantic_fp4_dot2_prodtable_qrange.v:333$111 ($le): new $alu
  creating $alu model for $le$/home/b10507053/ALS_Final_Project/student/work/ex250_ex254_frontend_fp4_dot_fma_semantic_20260608_2105/ex250/verilog/ex250_semantic_fp4_dot2_prodtable_qrange.v:332$109 ($le): new $alu
  creating $alu model for $le$/home/b10507053/ALS_Final_Project/student/work/ex250_ex254_frontend_fp4_dot_fma_semantic_20260608_2105/ex250/verilog/ex250_semantic_fp4_dot2_prodtable_qrange.v:331$107 ($le): new $alu
  creating $alu model for $le$/home/b10507053/ALS_Final_Project/student/work/ex250_ex254_frontend_fp4_dot_fma_semantic_20260608_2105/ex250/verilog/ex250_semantic_fp4_dot2_prodtable_qrange.v:330$105 ($le): new $alu
  creating $alu model for $le$/home/b10507053/ALS_Final_Project/student/work/ex250_ex254_frontend_fp4_dot_fma_semantic_20260608_2105/ex250/verilog/ex250_semantic_fp4_dot2_prodtable_qrange.v:329$103 ($le): new $alu
  creating $alu model for $le$/home/b10507053/ALS_Final_Project/student/work/ex250_ex254_frontend_fp4_dot_fma_semantic_20260608_2105/ex250/verilog/ex250_semantic_fp4_dot2_prodtable_qrange.v:328$101 ($le): new $alu
  creating $alu model for $le$/home/b10507053/ALS_Final_Project/student/work/ex250_ex254_frontend_fp4_dot_fma_semantic_20260608_2105/ex250/verilog/ex250_semantic_fp4_dot2_prodtable_qrange.v:327$99 ($le): new $alu
  creating $alu model for $le$/home/b10507053/ALS_Final_Project/student/work/ex250_ex254_frontend_fp4_dot_fma_semantic_20260608_2105/ex250/verilog/ex250_semantic_fp4_dot2_prodtable_qrange.v:326$97 ($le): new $alu
  creating $alu model for $le$/home/b10507053/ALS_Final_Project/student/work/ex250_ex254_frontend_fp4_dot_fma_semantic_20260608_2105/ex250/verilog/ex250_semantic_fp4_dot2_prodtable_qrange.v:325$95 ($le): new $alu
  creating $alu model for $le$/home/b10507053/ALS_Final_Project/student/work/ex250_ex254_frontend_fp4_dot_fma_semantic_20260608_2105/ex250/verilog/ex250_semantic_fp4_dot2_prodtable_qrange.v:324$93 ($le): new $alu
  creating $alu model for $le$/home/b10507053/ALS_Final_Project/student/work/ex250_ex254_frontend_fp4_dot_fma_semantic_20260608_2105/ex250/verilog/ex250_semantic_fp4_dot2_prodtable_qrange.v:323$91 ($le): new $alu
  creating $alu model for $le$/home/b10507053/ALS_Final_Project/student/work/ex250_ex254_frontend_fp4_dot_fma_semantic_20260608_2105/ex250/verilog/ex250_semantic_fp4_dot2_prodtable_qrange.v:322$89 ($le): new $alu
  creating $alu model for $le$/home/b10507053/ALS_Final_Project/student/work/ex250_ex254_frontend_fp4_dot_fma_semantic_20260608_2105/ex250/verilog/ex250_semantic_fp4_dot2_prodtable_qrange.v:321$87 ($le): new $alu
  creating $alu model for $le$/home/b10507053/ALS_Final_Project/student/work/ex250_ex254_frontend_fp4_dot_fma_semantic_20260608_2105/ex250/verilog/ex250_semantic_fp4_dot2_prodtable_qrange.v:320$85 ($le): new $alu
  creating $alu model for $le$/home/b10507053/ALS_Final_Project/student/work/ex250_ex254_frontend_fp4_dot_fma_semantic_20260608_2105/ex250/verilog/ex250_semantic_fp4_dot2_prodtable_qrange.v:319$83 ($le): new $alu
  creating $alu model for $le$/home/b10507053/ALS_Final_Project/student/work/ex250_ex254_frontend_fp4_dot_fma_semantic_20260608_2105/ex250/verilog/ex250_semantic_fp4_dot2_prodtable_qrange.v:318$81 ($le): new $alu
  creating $alu model for $le$/home/b10507053/ALS_Final_Project/student/work/ex250_ex254_frontend_fp4_dot_fma_semantic_20260608_2105/ex250/verilog/ex250_semantic_fp4_dot2_prodtable_qrange.v:317$79 ($le): new $alu
  creating $alu model for $le$/home/b10507053/ALS_Final_Project/student/work/ex250_ex254_frontend_fp4_dot_fma_semantic_20260608_2105/ex250/verilog/ex250_semantic_fp4_dot2_prodtable_qrange.v:316$77 ($le): new $alu
  creating $alu model for $le$/home/b10507053/ALS_Final_Project/student/work/ex250_ex254_frontend_fp4_dot_fma_semantic_20260608_2105/ex250/verilog/ex250_semantic_fp4_dot2_prodtable_qrange.v:315$75 ($le): new $alu
  creating $alu model for $le$/home/b10507053/ALS_Final_Project/student/work/ex250_ex254_frontend_fp4_dot_fma_semantic_20260608_2105/ex250/verilog/ex250_semantic_fp4_dot2_prodtable_qrange.v:314$73 ($le): new $alu
  creating $alu model for $le$/home/b10507053/ALS_Final_Project/student/work/ex250_ex254_frontend_fp4_dot_fma_semantic_20260608_2105/ex250/verilog/ex250_semantic_fp4_dot2_prodtable_qrange.v:313$71 ($le): new $alu
  creating $alu model for $le$/home/b10507053/ALS_Final_Project/student/work/ex250_ex254_frontend_fp4_dot_fma_semantic_20260608_2105/ex250/verilog/ex250_semantic_fp4_dot2_prodtable_qrange.v:312$69 ($le): new $alu
  creating $alu model for $le$/home/b10507053/ALS_Final_Project/student/work/ex250_ex254_frontend_fp4_dot_fma_semantic_20260608_2105/ex250/verilog/ex250_semantic_fp4_dot2_prodtable_qrange.v:311$67 ($le): new $alu
  creating $alu model for $le$/home/b10507053/ALS_Final_Project/student/work/ex250_ex254_frontend_fp4_dot_fma_semantic_20260608_2105/ex250/verilog/ex250_semantic_fp4_dot2_prodtable_qrange.v:310$65 ($le): new $alu
  creating $alu model for $le$/home/b10507053/ALS_Final_Project/student/work/ex250_ex254_frontend_fp4_dot_fma_semantic_20260608_2105/ex250/verilog/ex250_semantic_fp4_dot2_prodtable_qrange.v:309$63 ($le): new $alu
  creating $alu model for $le$/home/b10507053/ALS_Final_Project/student/work/ex250_ex254_frontend_fp4_dot_fma_semantic_20260608_2105/ex250/verilog/ex250_semantic_fp4_dot2_prodtable_qrange.v:308$61 ($le): new $alu
  creating $alu model for $le$/home/b10507053/ALS_Final_Project/student/work/ex250_ex254_frontend_fp4_dot_fma_semantic_20260608_2105/ex250/verilog/ex250_semantic_fp4_dot2_prodtable_qrange.v:307$59 ($le): new $alu
  creating $alu model for $le$/home/b10507053/ALS_Final_Project/student/work/ex250_ex254_frontend_fp4_dot_fma_semantic_20260608_2105/ex250/verilog/ex250_semantic_fp4_dot2_prodtable_qrange.v:306$57 ($le): new $alu
  creating $alu model for $le$/home/b10507053/ALS_Final_Project/student/work/ex250_ex254_frontend_fp4_dot_fma_semantic_20260608_2105/ex250/verilog/ex250_semantic_fp4_dot2_prodtable_qrange.v:305$55 ($le): new $alu
  creating $alu model for $lt$/home/b10507053/ALS_Final_Project/student/work/ex250_ex254_frontend_fp4_dot_fma_semantic_20260608_2105/ex250/verilog/ex250_semantic_fp4_dot2_prodtable_qrange.v:362$12 ($lt): new $alu
  creating $alu cell for $lt$/home/b10507053/ALS_Final_Project/student/work/ex250_ex254_frontend_fp4_dot_fma_semantic_20260608_2105/ex250/verilog/ex250_semantic_fp4_dot2_prodtable_qrange.v:362$12: $auto$alumacc.cc:512:replace_alu$4084
  creating $alu cell for $le$/home/b10507053/ALS_Final_Project/student/work/ex250_ex254_frontend_fp4_dot_fma_semantic_20260608_2105/ex250/verilog/ex250_semantic_fp4_dot2_prodtable_qrange.v:305$55: $auto$alumacc.cc:512:replace_alu$4091
  creating $alu cell for $le$/home/b10507053/ALS_Final_Project/student/work/ex250_ex254_frontend_fp4_dot_fma_semantic_20260608_2105/ex250/verilog/ex250_semantic_fp4_dot2_prodtable_qrange.v:306$57: $auto$alumacc.cc:512:replace_alu$4100
  creating $alu cell for $le$/home/b10507053/ALS_Final_Project/student/work/ex250_ex254_frontend_fp4_dot_fma_semantic_20260608_2105/ex250/verilog/ex250_semantic_fp4_dot2_prodtable_qrange.v:307$59: $auto$alumacc.cc:512:replace_alu$4109
  creating $alu cell for $le$/home/b10507053/ALS_Final_Project/student/work/ex250_ex254_frontend_fp4_dot_fma_semantic_20260608_2105/ex250/verilog/ex250_semantic_fp4_dot2_prodtable_qrange.v:308$61: $auto$alumacc.cc:512:replace_alu$4118
  creating $alu cell for $le$/home/b10507053/ALS_Final_Project/student/work/ex250_ex254_frontend_fp4_dot_fma_semantic_20260608_2105/ex250/verilog/ex250_semantic_fp4_dot2_prodtable_qrange.v:309$63: $auto$alumacc.cc:512:replace_alu$4127
  creating $alu cell for $le$/home/b10507053/ALS_Final_Project/student/work/ex250_ex254_frontend_fp4_dot_fma_semantic_20260608_2105/ex250/verilog/ex250_semantic_fp4_dot2_prodtable_qrange.v:310$65: $auto$alumacc.cc:512:replace_alu$4136
  creating $alu cell for $le$/home/b10507053/ALS_Final_Project/student/work/ex250_ex254_frontend_fp4_dot_fma_semantic_20260608_2105/ex250/verilog/ex250_semantic_fp4_dot2_prodtable_qrange.v:311$67: $auto$alumacc.cc:512:replace_alu$4145
  creating $alu cell for $le$/home/b10507053/ALS_Final_Project/student/work/ex250_ex254_frontend_fp4_dot_fma_semantic_20260608_2105/ex250/verilog/ex250_semantic_fp4_dot2_prodtable_qrange.v:312$69: $auto$alumacc.cc:512:replace_alu$4154
  creating $alu cell for $le$/home/b10507053/ALS_Final_Project/student/work/ex250_ex254_frontend_fp4_dot_fma_semantic_20260608_2105/ex250/verilog/ex250_semantic_fp4_dot2_prodtable_qrange.v:313$71: $auto$alumacc.cc:512:replace_alu$4163
  creating $alu cell for $le$/home/b10507053/ALS_Final_Project/student/work/ex250_ex254_frontend_fp4_dot_fma_semantic_20260608_2105/ex250/verilog/ex250_semantic_fp4_dot2_prodtable_qrange.v:314$73: $auto$alumacc.cc:512:replace_alu$4172
  creating $alu cell for $le$/home/b10507053/ALS_Final_Project/student/work/ex250_ex254_frontend_fp4_dot_fma_semantic_20260608_2105/ex250/verilog/ex250_semantic_fp4_dot2_prodtable_qrange.v:315$75: $auto$alumacc.cc:512:replace_alu$4181
  creating $alu cell for $le$/home/b10507053/ALS_Final_Project/student/work/ex250_ex254_frontend_fp4_dot_fma_semantic_20260608_2105/ex250/verilog/ex250_semantic_fp4_dot2_prodtable_qrange.v:316$77: $auto$alumacc.cc:512:replace_alu$4190
  creating $alu cell for $le$/home/b10507053/ALS_Final_Project/student/work/ex250_ex254_frontend_fp4_dot_fma_semantic_20260608_2105/ex250/verilog/ex250_semantic_fp4_dot2_prodtable_qrange.v:317$79: $auto$alumacc.cc:512:replace_alu$4199
  creating $alu cell for $le$/home/b10507053/ALS_Final_Project/student/work/ex250_ex254_frontend_fp4_dot_fma_semantic_20260608_2105/ex250/verilog/ex250_semantic_fp4_dot2_prodtable_qrange.v:318$81: $auto$alumacc.cc:512:replace_alu$4208
  creating $alu cell for $le$/home/b10507053/ALS_Final_Project/student/work/ex250_ex254_frontend_fp4_dot_fma_semantic_20260608_2105/ex250/verilog/ex250_semantic_fp4_dot2_prodtable_qrange.v:319$83: $auto$alumacc.cc:512:replace_alu$4217
  creating $alu cell for $le$/home/b10507053/ALS_Final_Project/student/work/ex250_ex254_frontend_fp4_dot_fma_semantic_20260608_2105/ex250/verilog/ex250_semantic_fp4_dot2_prodtable_qrange.v:320$85: $auto$alumacc.cc:512:replace_alu$4226
  creating $alu cell for $le$/home/b10507053/ALS_Final_Project/student/work/ex250_ex254_frontend_fp4_dot_fma_semantic_20260608_2105/ex250/verilog/ex250_semantic_fp4_dot2_prodtable_qrange.v:321$87: $auto$alumacc.cc:512:replace_alu$4235
  creating $alu cell for $le$/home/b10507053/ALS_Final_Project/student/work/ex250_ex254_frontend_fp4_dot_fma_semantic_20260608_2105/ex250/verilog/ex250_semantic_fp4_dot2_prodtable_qrange.v:322$89: $auto$alumacc.cc:512:replace_alu$4244
  creating $alu cell for $le$/home/b10507053/ALS_Final_Project/student/work/ex250_ex254_frontend_fp4_dot_fma_semantic_20260608_2105/ex250/verilog/ex250_semantic_fp4_dot2_prodtable_qrange.v:323$91: $auto$alumacc.cc:512:replace_alu$4253
  creating $alu cell for $le$/home/b10507053/ALS_Final_Project/student/work/ex250_ex254_frontend_fp4_dot_fma_semantic_20260608_2105/ex250/verilog/ex250_semantic_fp4_dot2_prodtable_qrange.v:324$93: $auto$alumacc.cc:512:replace_alu$4262
  creating $alu cell for $le$/home/b10507053/ALS_Final_Project/student/work/ex250_ex254_frontend_fp4_dot_fma_semantic_20260608_2105/ex250/verilog/ex250_semantic_fp4_dot2_prodtable_qrange.v:325$95: $auto$alumacc.cc:512:replace_alu$4271
  creating $alu cell for $le$/home/b10507053/ALS_Final_Project/student/work/ex250_ex254_frontend_fp4_dot_fma_semantic_20260608_2105/ex250/verilog/ex250_semantic_fp4_dot2_prodtable_qrange.v:326$97: $auto$alumacc.cc:512:replace_alu$4280
  creating $alu cell for $le$/home/b10507053/ALS_Final_Project/student/work/ex250_ex254_frontend_fp4_dot_fma_semantic_20260608_2105/ex250/verilog/ex250_semantic_fp4_dot2_prodtable_qrange.v:327$99: $auto$alumacc.cc:512:replace_alu$4289
  creating $alu cell for $le$/home/b10507053/ALS_Final_Project/student/work/ex250_ex254_frontend_fp4_dot_fma_semantic_20260608_2105/ex250/verilog/ex250_semantic_fp4_dot2_prodtable_qrange.v:328$101: $auto$alumacc.cc:512:replace_alu$4298
  creating $alu cell for $le$/home/b10507053/ALS_Final_Project/student/work/ex250_ex254_frontend_fp4_dot_fma_semantic_20260608_2105/ex250/verilog/ex250_semantic_fp4_dot2_prodtable_qrange.v:329$103: $auto$alumacc.cc:512:replace_alu$4307
  creating $alu cell for $le$/home/b10507053/ALS_Final_Project/student/work/ex250_ex254_frontend_fp4_dot_fma_semantic_20260608_2105/ex250/verilog/ex250_semantic_fp4_dot2_prodtable_qrange.v:330$105: $auto$alumacc.cc:512:replace_alu$4316
  creating $alu cell for $le$/home/b10507053/ALS_Final_Project/student/work/ex250_ex254_frontend_fp4_dot_fma_semantic_20260608_2105/ex250/verilog/ex250_semantic_fp4_dot2_prodtable_qrange.v:331$107: $auto$alumacc.cc:512:replace_alu$4325
  creating $alu cell for $le$/home/b10507053/ALS_Final_Project/student/work/ex250_ex254_frontend_fp4_dot_fma_semantic_20260608_2105/ex250/verilog/ex250_semantic_fp4_dot2_prodtable_qrange.v:332$109: $auto$alumacc.cc:512:replace_alu$4334
  creating $alu cell for $le$/home/b10507053/ALS_Final_Project/student/work/ex250_ex254_frontend_fp4_dot_fma_semantic_20260608_2105/ex250/verilog/ex250_semantic_fp4_dot2_prodtable_qrange.v:333$111: $auto$alumacc.cc:512:replace_alu$4343
  creating $alu cell for $le$/home/b10507053/ALS_Final_Project/student/work/ex250_ex254_frontend_fp4_dot_fma_semantic_20260608_2105/ex250/verilog/ex250_semantic_fp4_dot2_prodtable_qrange.v:334$113: $auto$alumacc.cc:512:replace_alu$4352
  creating $alu cell for $le$/home/b10507053/ALS_Final_Project/student/work/ex250_ex254_frontend_fp4_dot_fma_semantic_20260608_2105/ex250/verilog/ex250_semantic_fp4_dot2_prodtable_qrange.v:335$115: $auto$alumacc.cc:512:replace_alu$4361
  creating $alu cell for $le$/home/b10507053/ALS_Final_Project/student/work/ex250_ex254_frontend_fp4_dot_fma_semantic_20260608_2105/ex250/verilog/ex250_semantic_fp4_dot2_prodtable_qrange.v:336$117: $auto$alumacc.cc:512:replace_alu$4370
  creating $alu cell for $le$/home/b10507053/ALS_Final_Project/student/work/ex250_ex254_frontend_fp4_dot_fma_semantic_20260608_2105/ex250/verilog/ex250_semantic_fp4_dot2_prodtable_qrange.v:337$119: $auto$alumacc.cc:512:replace_alu$4379
  creating $alu cell for $le$/home/b10507053/ALS_Final_Project/student/work/ex250_ex254_frontend_fp4_dot_fma_semantic_20260608_2105/ex250/verilog/ex250_semantic_fp4_dot2_prodtable_qrange.v:338$121: $auto$alumacc.cc:512:replace_alu$4388
  creating $alu cell for $le$/home/b10507053/ALS_Final_Project/student/work/ex250_ex254_frontend_fp4_dot_fma_semantic_20260608_2105/ex250/verilog/ex250_semantic_fp4_dot2_prodtable_qrange.v:339$123: $auto$alumacc.cc:512:replace_alu$4397
  creating $alu cell for $le$/home/b10507053/ALS_Final_Project/student/work/ex250_ex254_frontend_fp4_dot_fma_semantic_20260608_2105/ex250/verilog/ex250_semantic_fp4_dot2_prodtable_qrange.v:340$125: $auto$alumacc.cc:512:replace_alu$4406
  creating $alu cell for $le$/home/b10507053/ALS_Final_Project/student/work/ex250_ex254_frontend_fp4_dot_fma_semantic_20260608_2105/ex250/verilog/ex250_semantic_fp4_dot2_prodtable_qrange.v:341$127: $auto$alumacc.cc:512:replace_alu$4415
  creating $alu cell for $le$/home/b10507053/ALS_Final_Project/student/work/ex250_ex254_frontend_fp4_dot_fma_semantic_20260608_2105/ex250/verilog/ex250_semantic_fp4_dot2_prodtable_qrange.v:342$129: $auto$alumacc.cc:512:replace_alu$4424
  creating $alu cell for $le$/home/b10507053/ALS_Final_Project/student/work/ex250_ex254_frontend_fp4_dot_fma_semantic_20260608_2105/ex250/verilog/ex250_semantic_fp4_dot2_prodtable_qrange.v:343$131: $auto$alumacc.cc:512:replace_alu$4433
  creating $alu cell for $le$/home/b10507053/ALS_Final_Project/student/work/ex250_ex254_frontend_fp4_dot_fma_semantic_20260608_2105/ex250/verilog/ex250_semantic_fp4_dot2_prodtable_qrange.v:344$133: $auto$alumacc.cc:512:replace_alu$4442
  creating $alu cell for $le$/home/b10507053/ALS_Final_Project/student/work/ex250_ex254_frontend_fp4_dot_fma_semantic_20260608_2105/ex250/verilog/ex250_semantic_fp4_dot2_prodtable_qrange.v:345$135: $auto$alumacc.cc:512:replace_alu$4451
  creating $alu cell for $le$/home/b10507053/ALS_Final_Project/student/work/ex250_ex254_frontend_fp4_dot_fma_semantic_20260608_2105/ex250/verilog/ex250_semantic_fp4_dot2_prodtable_qrange.v:346$137: $auto$alumacc.cc:512:replace_alu$4460
  creating $alu cell for $le$/home/b10507053/ALS_Final_Project/student/work/ex250_ex254_frontend_fp4_dot_fma_semantic_20260608_2105/ex250/verilog/ex250_semantic_fp4_dot2_prodtable_qrange.v:347$139: $auto$alumacc.cc:512:replace_alu$4469
  creating $alu cell for $le$/home/b10507053/ALS_Final_Project/student/work/ex250_ex254_frontend_fp4_dot_fma_semantic_20260608_2105/ex250/verilog/ex250_semantic_fp4_dot2_prodtable_qrange.v:348$141: $auto$alumacc.cc:512:replace_alu$4478
  creating $alu cell for $le$/home/b10507053/ALS_Final_Project/student/work/ex250_ex254_frontend_fp4_dot_fma_semantic_20260608_2105/ex250/verilog/ex250_semantic_fp4_dot2_prodtable_qrange.v:349$143: $auto$alumacc.cc:512:replace_alu$4487
  creating $alu cell for $le$/home/b10507053/ALS_Final_Project/student/work/ex250_ex254_frontend_fp4_dot_fma_semantic_20260608_2105/ex250/verilog/ex250_semantic_fp4_dot2_prodtable_qrange.v:350$145: $auto$alumacc.cc:512:replace_alu$4496
  creating $alu cell for $le$/home/b10507053/ALS_Final_Project/student/work/ex250_ex254_frontend_fp4_dot_fma_semantic_20260608_2105/ex250/verilog/ex250_semantic_fp4_dot2_prodtable_qrange.v:351$147: $auto$alumacc.cc:512:replace_alu$4505
  creating $alu cell for $le$/home/b10507053/ALS_Final_Project/student/work/ex250_ex254_frontend_fp4_dot_fma_semantic_20260608_2105/ex250/verilog/ex250_semantic_fp4_dot2_prodtable_qrange.v:352$149: $auto$alumacc.cc:512:replace_alu$4514
  creating $alu cell for $le$/home/b10507053/ALS_Final_Project/student/work/ex250_ex254_frontend_fp4_dot_fma_semantic_20260608_2105/ex250/verilog/ex250_semantic_fp4_dot2_prodtable_qrange.v:353$151: $auto$alumacc.cc:512:replace_alu$4523
  creating $alu cell for $le$/home/b10507053/ALS_Final_Project/student/work/ex250_ex254_frontend_fp4_dot_fma_semantic_20260608_2105/ex250/verilog/ex250_semantic_fp4_dot2_prodtable_qrange.v:354$153: $auto$alumacc.cc:512:replace_alu$4532
  creating $alu cell for $neg$/home/b10507053/ALS_Final_Project/student/work/ex250_ex254_frontend_fp4_dot_fma_semantic_20260608_2105/ex250/verilog/ex250_semantic_fp4_dot2_prodtable_qrange.v:363$13: $auto$alumacc.cc:512:replace_alu$4541
  creating $alu cell for $add$/home/b10507053/ALS_Final_Project/student/work/ex250_ex254_frontend_fp4_dot_fma_semantic_20260608_2105/ex250/verilog/ex250_semantic_fp4_dot2_prodtable_qrange.v:361$11: $auto$alumacc.cc:512:replace_alu$4544
  created 53 $alu and 0 $macc cells.

2.15. Executing SHARE pass (SAT-based resource sharing).

2.16. Executing OPT pass (performing simple optimizations).

2.16.1. Executing OPT_EXPR pass (perform const folding).
Optimizing module ex250_semantic_fp4_dot2_prodtable_qrange.

2.16.2. Executing OPT_MERGE pass (detect identical cells).
Finding identical cells in module `\ex250_semantic_fp4_dot2_prodtable_qrange'.
Computing hashes of 272 cells of `\ex250_semantic_fp4_dot2_prodtable_qrange'.
Finding duplicate cells in `\ex250_semantic_fp4_dot2_prodtable_qrange'.
Removed a total of 0 cells.

2.16.3. Executing OPT_MUXTREE pass (detect dead branches in mux trees).
Running muxtree optimizer on module \ex250_semantic_fp4_dot2_prodtable_qrange..
  Creating internal representation of mux trees.
  Evaluating internal representation of mux trees.
  Analyzing evaluation results.
Removed 0 multiplexer ports.

2.16.4. Executing OPT_REDUCE pass (consolidate $*mux and $reduce_* inputs).
  Optimizing cells in module \ex250_semantic_fp4_dot2_prodtable_qrange.
Performed a total of 0 changes.

2.16.5. Executing OPT_MERGE pass (detect identical cells).
Finding identical cells in module `\ex250_semantic_fp4_dot2_prodtable_qrange'.
Computing hashes of 272 cells of `\ex250_semantic_fp4_dot2_prodtable_qrange'.
Finding duplicate cells in `\ex250_semantic_fp4_dot2_prodtable_qrange'.
Removed a total of 0 cells.

2.16.6. Executing OPT_DFF pass (perform DFF optimizations).

2.16.7. Executing OPT_CLEAN pass (remove unused cells and wires).
Finding unused cells or wires in module \ex250_semantic_fp4_dot2_prodtable_qrange..
Removed 1 unused cells and 61 unused wires.

2.16.8. Executing OPT_EXPR pass (perform const folding).
Optimizing module ex250_semantic_fp4_dot2_prodtable_qrange.

2.16.9. Rerunning OPT passes. (Maybe there is more to do..)

2.16.10. Executing OPT_MUXTREE pass (detect dead branches in mux trees).
Running muxtree optimizer on module \ex250_semantic_fp4_dot2_prodtable_qrange..
  Creating internal representation of mux trees.
  Evaluating internal representation of mux trees.
  Analyzing evaluation results.
Removed 0 multiplexer ports.

2.16.11. Executing OPT_REDUCE pass (consolidate $*mux and $reduce_* inputs).
  Optimizing cells in module \ex250_semantic_fp4_dot2_prodtable_qrange.
Performed a total of 0 changes.

2.16.12. Executing OPT_MERGE pass (detect identical cells).
Finding identical cells in module `\ex250_semantic_fp4_dot2_prodtable_qrange'.
Computing hashes of 269 cells of `\ex250_semantic_fp4_dot2_prodtable_qrange'.
Finding duplicate cells in `\ex250_semantic_fp4_dot2_prodtable_qrange'.
Removed a total of 0 cells.

2.16.13. Executing OPT_DFF pass (perform DFF optimizations).

2.16.14. Executing OPT_CLEAN pass (remove unused cells and wires).
Finding unused cells or wires in module \ex250_semantic_fp4_dot2_prodtable_qrange..

2.16.15. Executing OPT_EXPR pass (perform const folding).
Optimizing module ex250_semantic_fp4_dot2_prodtable_qrange.

2.16.16. Finished fast OPT passes. (There is nothing left to do.)

2.17. Executing MEMORY pass.

2.17.1. Executing OPT_MEM pass (optimize memories).
Performed a total of 0 transformations.

2.17.2. Executing OPT_MEM_PRIORITY pass (removing unnecessary memory write priority relations).
Performed a total of 0 transformations.

2.17.3. Executing OPT_MEM_FEEDBACK pass (finding memory read-to-write feedback paths).

2.17.4. Executing MEMORY_BMUX2ROM pass (converting muxes to ROMs).

2.17.5. Executing MEMORY_DFF pass (merging $dff cells to $memrd).
Checking read port `$auto$proc_rom.cc:155:do_switch$160'[0] in module `\ex250_semantic_fp4_dot2_prodtable_qrange': no output FF found.
Checking read port `$auto$proc_rom.cc:155:do_switch$156'[0] in module `\ex250_semantic_fp4_dot2_prodtable_qrange': no output FF found.
Checking read port address `$auto$proc_rom.cc:155:do_switch$160'[0] in module `\ex250_semantic_fp4_dot2_prodtable_qrange': no address FF found.
Checking read port address `$auto$proc_rom.cc:155:do_switch$156'[0] in module `\ex250_semantic_fp4_dot2_prodtable_qrange': no address FF found.

2.17.6. Executing OPT_CLEAN pass (remove unused cells and wires).
Finding unused cells or wires in module \ex250_semantic_fp4_dot2_prodtable_qrange..

2.17.7. Executing MEMORY_SHARE pass (consolidating $memrd/$memwr cells).

2.17.8. Executing OPT_MEM_WIDEN pass (optimize memories where all ports are wide).
Performed a total of 0 transformations.

2.17.9. Executing OPT_CLEAN pass (remove unused cells and wires).
Finding unused cells or wires in module \ex250_semantic_fp4_dot2_prodtable_qrange..

2.17.10. Executing MEMORY_COLLECT pass (generating $mem cells).

2.18. Executing OPT_CLEAN pass (remove unused cells and wires).
Finding unused cells or wires in module \ex250_semantic_fp4_dot2_prodtable_qrange..

2.19. Executing OPT pass (performing simple optimizations).

2.19.1. Executing OPT_EXPR pass (perform const folding).
Optimizing module ex250_semantic_fp4_dot2_prodtable_qrange.

2.19.2. Executing OPT_MERGE pass (detect identical cells).
Finding identical cells in module `\ex250_semantic_fp4_dot2_prodtable_qrange'.
Computing hashes of 315 cells of `\ex250_semantic_fp4_dot2_prodtable_qrange'.
Finding duplicate cells in `\ex250_semantic_fp4_dot2_prodtable_qrange'.
Computing hashes of 272 cells of `\ex250_semantic_fp4_dot2_prodtable_qrange'.
Finding duplicate cells in `\ex250_semantic_fp4_dot2_prodtable_qrange'.
Removed a total of 43 cells.

2.19.3. Executing OPT_DFF pass (perform DFF optimizations).

2.19.4. Executing OPT_CLEAN pass (remove unused cells and wires).
Finding unused cells or wires in module \ex250_semantic_fp4_dot2_prodtable_qrange..
Removed 0 unused cells and 48 unused wires.

2.19.5. Finished fast OPT passes.

2.20. Executing MEMORY_MAP pass (converting memories to logic and flip-flops).
Mapping memory $auto$proc_rom.cc:155:do_switch$160 in module \ex250_semantic_fp4_dot2_prodtable_qrange:
  created 256 $dff cells and 0 static cells of width 10.
  read interface: 0 $dff and 255 $mux cells.
  write interface: 0 write mux blocks.
Mapping memory $auto$proc_rom.cc:155:do_switch$156 in module \ex250_semantic_fp4_dot2_prodtable_qrange:
  created 256 $dff cells and 0 static cells of width 10.
  read interface: 0 $dff and 255 $mux cells.
  write interface: 0 write mux blocks.

2.21. Executing OPT pass (performing simple optimizations).

2.21.1. Executing OPT_EXPR pass (perform const folding).
Optimizing module ex250_semantic_fp4_dot2_prodtable_qrange.

2.21.2. Executing OPT_MERGE pass (detect identical cells).
Finding identical cells in module `\ex250_semantic_fp4_dot2_prodtable_qrange'.
Computing hashes of 720 cells of `\ex250_semantic_fp4_dot2_prodtable_qrange'.
Finding duplicate cells in `\ex250_semantic_fp4_dot2_prodtable_qrange'.
Removed a total of 0 cells.

2.21.3. Executing OPT_MUXTREE pass (detect dead branches in mux trees).
Running muxtree optimizer on module \ex250_semantic_fp4_dot2_prodtable_qrange..
  Creating internal representation of mux trees.
  Evaluating internal representation of mux trees.
  Analyzing evaluation results.
Removed 0 multiplexer ports.

2.21.4. Executing OPT_REDUCE pass (consolidate $*mux and $reduce_* inputs).
  Optimizing cells in module \ex250_semantic_fp4_dot2_prodtable_qrange.
    Consolidated identical input bits for $mux cell $memory$auto$proc_rom.cc:155:do_switch$156$rdmux[0][7][88]$6061:
      Old ports: A=10'0000000000, B=10'1111111101, Y=$memory$auto$proc_rom.cc:155:do_switch$156$rdmux[0][6][44]$a$5738
      New ports: A=1'0, B=1'1, Y=$memory$auto$proc_rom.cc:155:do_switch$156$rdmux[0][6][44]$a$5738 [0]
      New connections: $memory$auto$proc_rom.cc:155:do_switch$156$rdmux[0][6][44]$a$5738 [9:1] = { $memory$auto$proc_rom.cc:155:do_switch$156$rdmux[0][6][44]$a$5738 [0] $memory$auto$proc_rom.cc:155:do_switch$156$rdmux[0][6][44]$a$5738 [0] $memory$auto$proc_rom.cc:155:do_switch$156$rdmux[0][6][44]$a$5738 [0] $memory$auto$proc_rom.cc:155:do_switch$156$rdmux[0][6][44]$a$5738 [0] $memory$auto$proc_rom.cc:155:do_switch$156$rdmux[0][6][44]$a$5738 [0] $memory$auto$proc_rom.cc:155:do_switch$156$rdmux[0][6][44]$a$5738 [0] $memory$auto$proc_rom.cc:155:do_switch$156$rdmux[0][6][44]$a$5738 [0] $memory$auto$proc_rom.cc:155:do_switch$156$rdmux[0][6][44]$a$5738 [0] 1'0 }
    Consolidated identical input bits for $mux cell $memory$auto$proc_rom.cc:155:do_switch$156$rdmux[0][7][86]$6055:
      Old ports: A=10'0000001000, B=10'0000001100, Y=$memory$auto$proc_rom.cc:155:do_switch$156$rdmux[0][6][43]$a$5735
      New ports: A=1'0, B=1'1, Y=$memory$auto$proc_rom.cc:155:do_switch$156$rdmux[0][6][43]$a$5735 [2]
      New connections: { $memory$auto$proc_rom.cc:155:do_switch$156$rdmux[0][6][43]$a$5735 [9:3] $memory$auto$proc_rom.cc:155:do_switch$156$rdmux[0][6][43]$a$5735 [1:0] } = 9'000000100
    Consolidated identical input bits for $mux cell $memory$auto$proc_rom.cc:155:do_switch$156$rdmux[0][7][85]$6052:
      Old ports: A=10'0000000100, B=10'0000000110, Y=$memory$auto$proc_rom.cc:155:do_switch$156$rdmux[0][6][42]$b$5733
      New ports: A=1'0, B=1'1, Y=$memory$auto$proc_rom.cc:155:do_switch$156$rdmux[0][6][42]$b$5733 [1]
      New connections: { $memory$auto$proc_rom.cc:155:do_switch$156$rdmux[0][6][42]$b$5733 [9:2] $memory$auto$proc_rom.cc:155:do_switch$156$rdmux[0][6][42]$b$5733 [0] } = 9'000000010
    Consolidated identical input bits for $mux cell $memory$auto$proc_rom.cc:155:do_switch$156$rdmux[0][7][63]$5986:
      Old ports: A=10'1110100000, B=10'1101110000, Y=$memory$auto$proc_rom.cc:155:do_switch$156$rdmux[0][6][31]$b$5700
      New ports: A=2'10, B=2'01, Y={ $memory$auto$proc_rom.cc:155:do_switch$156$rdmux[0][6][31]$b$5700 [7] $memory$auto$proc_rom.cc:155:do_switch$156$rdmux[0][6][31]$b$5700 [4] }
      New connections: { $memory$auto$proc_rom.cc:155:do_switch$156$rdmux[0][6][31]$b$5700 [9:8] $memory$auto$proc_rom.cc:155:do_switch$156$rdmux[0][6][31]$b$5700 [6:5] $memory$auto$proc_rom.cc:155:do_switch$156$rdmux[0][6][31]$b$5700 [3:0] } = { 2'11 $memory$auto$proc_rom.cc:155:do_switch$156$rdmux[0][6][31]$b$5700 [4] 5'10000 }
    Consolidated identical input bits for $mux cell $memory$auto$proc_rom.cc:155:do_switch$156$rdmux[0][7][62]$5983:
      Old ports: A=10'1111010000, B=10'1110111000, Y=$memory$auto$proc_rom.cc:155:do_switch$156$rdmux[0][6][31]$a$5699
      New ports: A=2'10, B=2'01, Y={ $memory$auto$proc_rom.cc:155:do_switch$156$rdmux[0][6][31]$a$5699 [6] $memory$auto$proc_rom.cc:155:do_switch$156$rdmux[0][6][31]$a$5699 [3] }
      New connections: { $memory$auto$proc_rom.cc:155:do_switch$156$rdmux[0][6][31]$a$5699 [9:7] $memory$auto$proc_rom.cc:155:do_switch$156$rdmux[0][6][31]$a$5699 [5:4] $memory$auto$proc_rom.cc:155:do_switch$156$rdmux[0][6][31]$a$5699 [2:0] } = { 3'111 $memory$auto$proc_rom.cc:155:do_switch$156$rdmux[0][6][31]$a$5699 [3] 4'1000 }
    Consolidated identical input bits for $mux cell $memory$auto$proc_rom.cc:155:do_switch$156$rdmux[0][7][61]$5980:
      Old ports: A=10'1111101000, B=10'1111011100, Y=$memory$auto$proc_rom.cc:155:do_switch$156$rdmux[0][6][30]$b$5697
      New ports: A=2'10, B=2'01, Y={ $memory$auto$proc_rom.cc:155:do_switch$156$rdmux[0][6][30]$b$5697 [5] $memory$auto$proc_rom.cc:155:do_switch$156$rdmux[0][6][30]$b$5697 [2] }
      New connections: { $memory$auto$proc_rom.cc:155:do_switch$156$rdmux[0][6][30]$b$5697 [9:6] $memory$auto$proc_rom.cc:155:do_switch$156$rdmux[0][6][30]$b$5697 [4:3] $memory$auto$proc_rom.cc:155:do_switch$156$rdmux[0][6][30]$b$5697 [1:0] } = { 4'1111 $memory$auto$proc_rom.cc:155:do_switch$156$rdmux[0][6][30]$b$5697 [2] 3'100 }
    Consolidated identical input bits for $mux cell $memory$auto$proc_rom.cc:155:do_switch$156$rdmux[0][7][60]$5977:
      Old ports: A=10'0000000000, B=10'1111110100, Y=$memory$auto$proc_rom.cc:155:do_switch$156$rdmux[0][6][30]$a$5696
      New ports: A=1'0, B=1'1, Y=$memory$auto$proc_rom.cc:155:do_switch$156$rdmux[0][6][30]$a$5696 [2]
      New connections: { $memory$auto$proc_rom.cc:155:do_switch$156$rdmux[0][6][30]$a$5696 [9:3] $memory$auto$proc_rom.cc:155:do_switch$156$rdmux[0][6][30]$a$5696 [1:0] } = { $memory$auto$proc_rom.cc:155:do_switch$156$rdmux[0][6][30]$a$5696 [2] $memory$auto$proc_rom.cc:155:do_switch$156$rdmux[0][6][30]$a$5696 [2] $memory$auto$proc_rom.cc:155:do_switch$156$rdmux[0][6][30]$a$5696 [2] $memory$auto$proc_rom.cc:155:do_switch$156$rdmux[0][6][30]$a$5696 [2] $memory$auto$proc_rom.cc:155:do_switch$156$rdmux[0][6][30]$a$5696 [2] $memory$auto$proc_rom.cc:155:do_switch$156$rdmux[0][6][30]$a$5696 [2] 3'000 }
    Consolidated identical input bits for $mux cell $memory$auto$proc_rom.cc:155:do_switch$156$rdmux[0][7][59]$5974:
      Old ports: A=10'0001100000, B=10'0010010000, Y=$memory$auto$proc_rom.cc:155:do_switch$156$rdmux[0][6][29]$b$5694
      New ports: A=2'10, B=2'01, Y=$memory$auto$proc_rom.cc:155:do_switch$156$rdmux[0][6][29]$b$5694 [5:4]
      New connections: { $memory$auto$proc_rom.cc:155:do_switch$156$rdmux[0][6][29]$b$5694 [9:6] $memory$auto$proc_rom.cc:155:do_switch$156$rdmux[0][6][29]$b$5694 [3:0] } = { 2'00 $memory$auto$proc_rom.cc:155:do_switch$156$rdmux[0][6][29]$b$5694 [4] $memory$auto$proc_rom.cc:155:do_switch$156$rdmux[0][6][29]$b$5694 [5] 4'0000 }
    Consolidated identical input bits for $mux cell $memory$auto$proc_rom.cc:155:do_switch$156$rdmux[0][7][58]$5971:
      Old ports: A=10'0000110000, B=10'0001001000, Y=$memory$auto$proc_rom.cc:155:do_switch$156$rdmux[0][6][29]$a$5693
      New ports: A=2'10, B=2'01, Y=$memory$auto$proc_rom.cc:155:do_switch$156$rdmux[0][6][29]$a$5693 [4:3]
      New connections: { $memory$auto$proc_rom.cc:155:do_switch$156$rdmux[0][6][29]$a$5693 [9:5] $memory$auto$proc_rom.cc:155:do_switch$156$rdmux[0][6][29]$a$5693 [2:0] } = { 3'000 $memory$auto$proc_rom.cc:155:do_switch$156$rdmux[0][6][29]$a$5693 [3] $memory$auto$proc_rom.cc:155:do_switch$156$rdmux[0][6][29]$a$5693 [4] 3'000 }
    Consolidated identical input bits for $mux cell $memory$auto$proc_rom.cc:155:do_switch$156$rdmux[0][7][57]$5968:
      Old ports: A=10'0000011000, B=10'0000100100, Y=$memory$auto$proc_rom.cc:155:do_switch$156$rdmux[0][6][28]$b$5691
      New ports: A=2'10, B=2'01, Y=$memory$auto$proc_rom.cc:155:do_switch$156$rdmux[0][6][28]$b$5691 [3:2]
      New connections: { $memory$auto$proc_rom.cc:155:do_switch$156$rdmux[0][6][28]$b$5691 [9:4] $memory$auto$proc_rom.cc:155:do_switch$156$rdmux[0][6][28]$b$5691 [1:0] } = { 4'0000 $memory$auto$proc_rom.cc:155:do_switch$156$rdmux[0][6][28]$b$5691 [2] $memory$auto$proc_rom.cc:155:do_switch$156$rdmux[0][6][28]$b$5691 [3] 2'00 }
    Consolidated identical input bits for $mux cell $memory$auto$proc_rom.cc:155:do_switch$156$rdmux[0][7][56]$5965:
      Old ports: A=10'0000000000, B=10'0000001100, Y=$memory$auto$proc_rom.cc:155:do_switch$156$rdmux[0][6][28]$a$5690
      New ports: A=1'0, B=1'1, Y=$memory$auto$proc_rom.cc:155:do_switch$156$rdmux[0][6][28]$a$5690 [2]
      New connections: { $memory$auto$proc_rom.cc:155:do_switch$156$rdmux[0][6][28]$a$5690 [9:3] $memory$auto$proc_rom.cc:155:do_switch$156$rdmux[0][6][28]$a$5690 [1:0] } = { 6'000000 $memory$auto$proc_rom.cc:155:do_switch$156$rdmux[0][6][28]$a$5690 [2] 2'00 }
    Consolidated identical input bits for $mux cell $memory$auto$proc_rom.cc:155:do_switch$156$rdmux[0][7][55]$5962:
      Old ports: A=10'1111000000, B=10'1110100000, Y=$memory$auto$proc_rom.cc:155:do_switch$156$rdmux[0][6][27]$b$5688
      New ports: A=2'10, B=2'01, Y=$memory$auto$proc_rom.cc:155:do_switch$156$rdmux[0][6][27]$b$5688 [6:5]
      New connections: { $memory$auto$proc_rom.cc:155:do_switch$156$rdmux[0][6][27]$b$5688 [9:7] $memory$auto$proc_rom.cc:155:do_switch$156$rdmux[0][6][27]$b$5688 [4:0] } = 8'11100000
    Consolidated identical input bits for $mux cell $memory$auto$proc_rom.cc:155:do_switch$156$rdmux[0][7][54]$5959:
      Old ports: A=10'1111100000, B=10'1111010000, Y=$memory$auto$proc_rom.cc:155:do_switch$156$rdmux[0][6][27]$a$5687
      New ports: A=2'10, B=2'01, Y=$memory$auto$proc_rom.cc:155:do_switch$156$rdmux[0][6][27]$a$5687 [5:4]
      New connections: { $memory$auto$proc_rom.cc:155:do_switch$156$rdmux[0][6][27]$a$5687 [9:6] $memory$auto$proc_rom.cc:155:do_switch$156$rdmux[0][6][27]$a$5687 [3:0] } = 8'11110000
    Consolidated identical input bits for $mux cell $memory$auto$proc_rom.cc:155:do_switch$156$rdmux[0][7][53]$5956:
      Old ports: A=10'1111110000, B=10'1111101000, Y=$memory$auto$proc_rom.cc:155:do_switch$156$rdmux[0][6][26]$b$5685
      New ports: A=2'10, B=2'01, Y=$memory$auto$proc_rom.cc:155:do_switch$156$rdmux[0][6][26]$b$5685 [4:3]
      New connections: { $memory$auto$proc_rom.cc:155:do_switch$156$rdmux[0][6][26]$b$5685 [9:5] $memory$auto$proc_rom.cc:155:do_switch$156$rdmux[0][6][26]$b$5685 [2:0] } = 8'11111000
    Consolidated identical input bits for $mux cell $memory$auto$proc_rom.cc:155:do_switch$156$rdmux[0][7][52]$5953:
      Old ports: A=10'0000000000, B=10'1111111000, Y=$memory$auto$proc_rom.cc:155:do_switch$156$rdmux[0][6][26]$a$5684
      New ports: A=1'0, B=1'1, Y=$memory$auto$proc_rom.cc:155:do_switch$156$rdmux[0][6][26]$a$5684 [3]
      New connections: { $memory$auto$proc_rom.cc:155:do_switch$156$rdmux[0][6][26]$a$5684 [9:4] $memory$auto$proc_rom.cc:155:do_switch$156$rdmux[0][6][26]$a$5684 [2:0] } = { $memory$auto$proc_rom.cc:155:do_switch$156$rdmux[0][6][26]$a$5684 [3] $memory$auto$proc_rom.cc:155:do_switch$156$rdmux[0][6][26]$a$5684 [3] $memory$auto$proc_rom.cc:155:do_switch$156$rdmux[0][6][26]$a$5684 [3] $memory$auto$proc_rom.cc:155:do_switch$156$rdmux[0][6][26]$a$5684 [3] $memory$auto$proc_rom.cc:155:do_switch$156$rdmux[0][6][26]$a$5684 [3] $memory$auto$proc_rom.cc:155:do_switch$156$rdmux[0][6][26]$a$5684 [3] 3'000 }
    Consolidated identical input bits for $mux cell $memory$auto$proc_rom.cc:155:do_switch$156$rdmux[0][7][51]$5950:
      Old ports: A=10'0001000000, B=10'0001100000, Y=$memory$auto$proc_rom.cc:155:do_switch$156$rdmux[0][6][25]$b$5682
      New ports: A=1'0, B=1'1, Y=$memory$auto$proc_rom.cc:155:do_switch$156$rdmux[0][6][25]$b$5682 [5]
      New connections: { $memory$auto$proc_rom.cc:155:do_switch$156$rdmux[0][6][25]$b$5682 [9:6] $memory$auto$proc_rom.cc:155:do_switch$156$rdmux[0][6][25]$b$5682 [4:0] } = 9'000100000
    Consolidated identical input bits for $mux cell $memory$auto$proc_rom.cc:155:do_switch$156$rdmux[0][7][50]$5947:
      Old ports: A=10'0000100000, B=10'0000110000, Y=$memory$auto$proc_rom.cc:155:do_switch$156$rdmux[0][6][25]$a$5681
      New ports: A=1'0, B=1'1, Y=$memory$auto$proc_rom.cc:155:do_switch$156$rdmux[0][6][25]$a$5681 [4]
      New connections: { $memory$auto$proc_rom.cc:155:do_switch$156$rdmux[0][6][25]$a$5681 [9:5] $memory$auto$proc_rom.cc:155:do_switch$156$rdmux[0][6][25]$a$5681 [3:0] } = 9'000010000
    Consolidated identical input bits for $mux cell $memory$auto$proc_rom.cc:155:do_switch$156$rdmux[0][7][49]$5944:
      Old ports: A=10'0000010000, B=10'0000011000, Y=$memory$auto$proc_rom.cc:155:do_switch$156$rdmux[0][6][24]$b$5679
      New ports: A=1'0, B=1'1, Y=$memory$auto$proc_rom.cc:155:do_switch$156$rdmux[0][6][24]$b$5679 [3]
      New connections: { $memory$auto$proc_rom.cc:155:do_switch$156$rdmux[0][6][24]$b$5679 [9:4] $memory$auto$proc_rom.cc:155:do_switch$156$rdmux[0][6][24]$b$5679 [2:0] } = 9'000001000
    Consolidated identical input bits for $mux cell $memory$auto$proc_rom.cc:155:do_switch$156$rdmux[0][7][48]$5941:
      Old ports: A=10'0000000000, B=10'0000001000, Y=$memory$auto$proc_rom.cc:155:do_switch$156$rdmux[0][6][24]$a$5678
      New ports: A=1'0, B=1'1, Y=$memory$auto$proc_rom.cc:155:do_switch$156$rdmux[0][6][24]$a$5678 [3]
      New connections: { $memory$auto$proc_rom.cc:155:do_switch$156$rdmux[0][6][24]$a$5678 [9:4] $memory$auto$proc_rom.cc:155:do_switch$156$rdmux[0][6][24]$a$5678 [2:0] } = 9'000000000
    Consolidated identical input bits for $mux cell $memory$auto$proc_rom.cc:155:do_switch$156$rdmux[0][7][47]$5938:
      Old ports: A=10'1111010000, B=10'1110111000, Y=$memory$auto$proc_rom.cc:155:do_switch$156$rdmux[0][6][23]$b$5676
      New ports: A=2'10, B=2'01, Y={ $memory$auto$proc_rom.cc:155:do_switch$156$rdmux[0][6][23]$b$5676 [6] $memory$auto$proc_rom.cc:155:do_switch$156$rdmux[0][6][23]$b$5676 [3] }
      New connections: { $memory$auto$proc_rom.cc:155:do_switch$156$rdmux[0][6][23]$b$5676 [9:7] $memory$auto$proc_rom.cc:155:do_switch$156$rdmux[0][6][23]$b$5676 [5:4] $memory$auto$proc_rom.cc:155:do_switch$156$rdmux[0][6][23]$b$5676 [2:0] } = { 3'111 $memory$auto$proc_rom.cc:155:do_switch$156$rdmux[0][6][23]$b$5676 [3] 4'1000 }
    Consolidated identical input bits for $mux cell $memory$auto$proc_rom.cc:155:do_switch$156$rdmux[0][7][46]$5935:
      Old ports: A=10'1111101000, B=10'1111011100, Y=$memory$auto$proc_rom.cc:155:do_switch$156$rdmux[0][6][23]$a$5675
      New ports: A=2'10, B=2'01, Y={ $memory$auto$proc_rom.cc:155:do_switch$156$rdmux[0][6][23]$a$5675 [5] $memory$auto$proc_rom.cc:155:do_switch$156$rdmux[0][6][23]$a$5675 [2] }
      New connections: { $memory$auto$proc_rom.cc:155:do_switch$156$rdmux[0][6][23]$a$5675 [9:6] $memory$auto$proc_rom.cc:155:do_switch$156$rdmux[0][6][23]$a$5675 [4:3] $memory$auto$proc_rom.cc:155:do_switch$156$rdmux[0][6][23]$a$5675 [1:0] } = { 4'1111 $memory$auto$proc_rom.cc:155:do_switch$156$rdmux[0][6][23]$a$5675 [2] 3'100 }
    Consolidated identical input bits for $mux cell $memory$auto$proc_rom.cc:155:do_switch$156$rdmux[0][7][45]$5932:
      Old ports: A=10'1111110100, B=10'1111101110, Y=$memory$auto$proc_rom.cc:155:do_switch$156$rdmux[0][6][22]$b$5673
      New ports: A=2'10, B=2'01, Y={ $memory$auto$proc_rom.cc:155:do_switch$156$rdmux[0][6][22]$b$5673 [4] $memory$auto$proc_rom.cc:155:do_switch$156$rdmux[0][6][22]$b$5673 [1] }
      New connections: { $memory$auto$proc_rom.cc:155:do_switch$156$rdmux[0][6][22]$b$5673 [9:5] $memory$auto$proc_rom.cc:155:do_switch$156$rdmux[0][6][22]$b$5673 [3:2] $memory$auto$proc_rom.cc:155:do_switch$156$rdmux[0][6][22]$b$5673 [0] } = { 5'11111 $memory$auto$proc_rom.cc:155:do_switch$156$rdmux[0][6][22]$b$5673 [1] 2'10 }
    Consolidated identical input bits for $mux cell $memory$auto$proc_rom.cc:155:do_switch$156$rdmux[0][7][44]$5929:
      Old ports: A=10'0000000000, B=10'1111111010, Y=$memory$auto$proc_rom.cc:155:do_switch$156$rdmux[0][6][22]$a$5672
      New ports: A=1'0, B=1'1, Y=$memory$auto$proc_rom.cc:155:do_switch$156$rdmux[0][6][22]$a$5672 [1]
      New connections: { $memory$auto$proc_rom.cc:155:do_switch$156$rdmux[0][6][22]$a$5672 [9:2] $memory$auto$proc_rom.cc:155:do_switch$156$rdmux[0][6][22]$a$5672 [0] } = { $memory$auto$proc_rom.cc:155:do_switch$156$rdmux[0][6][22]$a$5672 [1] $memory$auto$proc_rom.cc:155:do_switch$156$rdmux[0][6][22]$a$5672 [1] $memory$auto$proc_rom.cc:155:do_switch$156$rdmux[0][6][22]$a$5672 [1] $memory$auto$proc_rom.cc:155:do_switch$156$rdmux[0][6][22]$a$5672 [1] $memory$auto$proc_rom.cc:155:do_switch$156$rdmux[0][6][22]$a$5672 [1] $memory$auto$proc_rom.cc:155:do_switch$156$rdmux[0][6][22]$a$5672 [1] $memory$auto$proc_rom.cc:155:do_switch$156$rdmux[0][6][22]$a$5672 [1] 2'00 }
    Consolidated identical input bits for $mux cell $memory$auto$proc_rom.cc:155:do_switch$156$rdmux[0][7][43]$5926:
      Old ports: A=10'0000110000, B=10'0001001000, Y=$memory$auto$proc_rom.cc:155:do_switch$156$rdmux[0][6][21]$b$5670
      New ports: A=2'10, B=2'01, Y=$memory$auto$proc_rom.cc:155:do_switch$156$rdmux[0][6][21]$b$5670 [4:3]
      New connections: { $memory$auto$proc_rom.cc:155:do_switch$156$rdmux[0][6][21]$b$5670 [9:5] $memory$auto$proc_rom.cc:155:do_switch$156$rdmux[0][6][21]$b$5670 [2:0] } = { 3'000 $memory$auto$proc_rom.cc:155:do_switch$156$rdmux[0][6][21]$b$5670 [3] $memory$auto$proc_rom.cc:155:do_switch$156$rdmux[0][6][21]$b$5670 [4] 3'000 }
    Consolidated identical input bits for $mux cell $memory$auto$proc_rom.cc:155:do_switch$156$rdmux[0][7][42]$5923:
      Old ports: A=10'0000011000, B=10'0000100100, Y=$memory$auto$proc_rom.cc:155:do_switch$156$rdmux[0][6][21]$a$5669
      New ports: A=2'10, B=2'01, Y=$memory$auto$proc_rom.cc:155:do_switch$156$rdmux[0][6][21]$a$5669 [3:2]
      New connections: { $memory$auto$proc_rom.cc:155:do_switch$156$rdmux[0][6][21]$a$5669 [9:4] $memory$auto$proc_rom.cc:155:do_switch$156$rdmux[0][6][21]$a$5669 [1:0] } = { 4'0000 $memory$auto$proc_rom.cc:155:do_switch$156$rdmux[0][6][21]$a$5669 [2] $memory$auto$proc_rom.cc:155:do_switch$156$rdmux[0][6][21]$a$5669 [3] 2'00 }
    Consolidated identical input bits for $mux cell $memory$auto$proc_rom.cc:155:do_switch$156$rdmux[0][7][41]$5920:
      Old ports: A=10'0000001100, B=10'0000010010, Y=$memory$auto$proc_rom.cc:155:do_switch$156$rdmux[0][6][20]$b$5667
      New ports: A=2'10, B=2'01, Y=$memory$auto$proc_rom.cc:155:do_switch$156$rdmux[0][6][20]$b$5667 [2:1]
      New connections: { $memory$auto$proc_rom.cc:155:do_switch$156$rdmux[0][6][20]$b$5667 [9:3] $memory$auto$proc_rom.cc:155:do_switch$156$rdmux[0][6][20]$b$5667 [0] } = { 5'00000 $memory$auto$proc_rom.cc:155:do_switch$156$rdmux[0][6][20]$b$5667 [1] $memory$auto$proc_rom.cc:155:do_switch$156$rdmux[0][6][20]$b$5667 [2] 1'0 }
    Consolidated identical input bits for $mux cell $memory$auto$proc_rom.cc:155:do_switch$156$rdmux[0][7][40]$5917:
      Old ports: A=10'0000000000, B=10'0000000110, Y=$memory$auto$proc_rom.cc:155:do_switch$156$rdmux[0][6][20]$a$5666
      New ports: A=1'0, B=1'1, Y=$memory$auto$proc_rom.cc:155:do_switch$156$rdmux[0][6][20]$a$5666 [1]
      New connections: { $memory$auto$proc_rom.cc:155:do_switch$156$rdmux[0][6][20]$a$5666 [9:2] $memory$auto$proc_rom.cc:155:do_switch$156$rdmux[0][6][20]$a$5666 [0] } = { 7'0000000 $memory$auto$proc_rom.cc:155:do_switch$156$rdmux[0][6][20]$a$5666 [1] 1'0 }
    Consolidated identical input bits for $mux cell $memory$auto$proc_rom.cc:155:do_switch$156$rdmux[0][7][39]$5914:
      Old ports: A=10'1111100000, B=10'1111010000, Y=$memory$auto$proc_rom.cc:155:do_switch$156$rdmux[0][6][19]$b$5664
      New ports: A=2'10, B=2'01, Y=$memory$auto$proc_rom.cc:155:do_switch$156$rdmux[0][6][19]$b$5664 [5:4]
      New connections: { $memory$auto$proc_rom.cc:155:do_switch$156$rdmux[0][6][19]$b$5664 [9:6] $memory$auto$proc_rom.cc:155:do_switch$156$rdmux[0][6][19]$b$5664 [3:0] } = 8'11110000
    Consolidated identical input bits for $mux cell $memory$auto$proc_rom.cc:155:do_switch$156$rdmux[0][7][38]$5911:
      Old ports: A=10'1111110000, B=10'1111101000, Y=$memory$auto$proc_rom.cc:155:do_switch$156$rdmux[0][6][19]$a$5663
      New ports: A=2'10, B=2'01, Y=$memory$auto$proc_rom.cc:155:do_switch$156$rdmux[0][6][19]$a$5663 [4:3]
      New connections: { $memory$auto$proc_rom.cc:155:do_switch$156$rdmux[0][6][19]$a$5663 [9:5] $memory$auto$proc_rom.cc:155:do_switch$156$rdmux[0][6][19]$a$5663 [2:0] } = 8'11111000
    Consolidated identical input bits for $mux cell $memory$auto$proc_rom.cc:155:do_switch$156$rdmux[0][7][37]$5908:
      Old ports: A=10'1111111000, B=10'1111110100, Y=$memory$auto$proc_rom.cc:155:do_switch$156$rdmux[0][6][18]$b$5661
      New ports: A=2'10, B=2'01, Y=$memory$auto$proc_rom.cc:155:do_switch$156$rdmux[0][6][18]$b$5661 [3:2]
      New connections: { $memory$auto$proc_rom.cc:155:do_switch$156$rdmux[0][6][18]$b$5661 [9:4] $memory$auto$proc_rom.cc:155:do_switch$156$rdmux[0][6][18]$b$5661 [1:0] } = 8'11111100
    Consolidated identical input bits for $mux cell $memory$auto$proc_rom.cc:155:do_switch$156$rdmux[0][7][36]$5905:
      Old ports: A=10'0000000000, B=10'1111111100, Y=$memory$auto$proc_rom.cc:155:do_switch$156$rdmux[0][6][18]$a$5660
      New ports: A=1'0, B=1'1, Y=$memory$auto$proc_rom.cc:155:do_switch$156$rdmux[0][6][18]$a$5660 [2]
      New connections: { $memory$auto$proc_rom.cc:155:do_switch$156$rdmux[0][6][18]$a$5660 [9:3] $memory$auto$proc_rom.cc:155:do_switch$156$rdmux[0][6][18]$a$5660 [1:0] } = { $memory$auto$proc_rom.cc:155:do_switch$156$rdmux[0][6][18]$a$5660 [2] $memory$auto$proc_rom.cc:155:do_switch$156$rdmux[0][6][18]$a$5660 [2] $memory$auto$proc_rom.cc:155:do_switch$156$rdmux[0][6][18]$a$5660 [2] $memory$auto$proc_rom.cc:155:do_switch$156$rdmux[0][6][18]$a$5660 [2] $memory$auto$proc_rom.cc:155:do_switch$156$rdmux[0][6][18]$a$5660 [2] $memory$auto$proc_rom.cc:155:do_switch$156$rdmux[0][6][18]$a$5660 [2] $memory$auto$proc_rom.cc:155:do_switch$156$rdmux[0][6][18]$a$5660 [2] 2'00 }
    Consolidated identical input bits for $mux cell $memory$auto$proc_rom.cc:155:do_switch$156$rdmux[0][7][35]$5902:
      Old ports: A=10'0000100000, B=10'0000110000, Y=$memory$auto$proc_rom.cc:155:do_switch$156$rdmux[0][6][17]$b$5658
      New ports: A=1'0, B=1'1, Y=$memory$auto$proc_rom.cc:155:do_switch$156$rdmux[0][6][17]$b$5658 [4]
      New connections: { $memory$auto$proc_rom.cc:155:do_switch$156$rdmux[0][6][17]$b$5658 [9:5] $memory$auto$proc_rom.cc:155:do_switch$156$rdmux[0][6][17]$b$5658 [3:0] } = 9'000010000
    Consolidated identical input bits for $mux cell $memory$auto$proc_rom.cc:155:do_switch$156$rdmux[0][7][34]$5899:
      Old ports: A=10'0000010000, B=10'0000011000, Y=$memory$auto$proc_rom.cc:155:do_switch$156$rdmux[0][6][17]$a$5657
      New ports: A=1'0, B=1'1, Y=$memory$auto$proc_rom.cc:155:do_switch$156$rdmux[0][6][17]$a$5657 [3]
      New connections: { $memory$auto$proc_rom.cc:155:do_switch$156$rdmux[0][6][17]$a$5657 [9:4] $memory$auto$proc_rom.cc:155:do_switch$156$rdmux[0][6][17]$a$5657 [2:0] } = 9'000001000
    Consolidated identical input bits for $mux cell $memory$auto$proc_rom.cc:155:do_switch$156$rdmux[0][7][33]$5896:
      Old ports: A=10'0000001000, B=10'0000001100, Y=$memory$auto$proc_rom.cc:155:do_switch$156$rdmux[0][6][16]$b$5655
      New ports: A=1'0, B=1'1, Y=$memory$auto$proc_rom.cc:155:do_switch$156$rdmux[0][6][16]$b$5655 [2]
      New connections: { $memory$auto$proc_rom.cc:155:do_switch$156$rdmux[0][6][16]$b$5655 [9:3] $memory$auto$proc_rom.cc:155:do_switch$156$rdmux[0][6][16]$b$5655 [1:0] } = 9'000000100
    Consolidated identical input bits for $mux cell $memory$auto$proc_rom.cc:155:do_switch$156$rdmux[0][7][32]$5893:
      Old ports: A=10'0000000000, B=10'0000000100, Y=$memory$auto$proc_rom.cc:155:do_switch$156$rdmux[0][6][16]$a$5654
      New ports: A=1'0, B=1'1, Y=$memory$auto$proc_rom.cc:155:do_switch$156$rdmux[0][6][16]$a$5654 [2]
      New connections: { $memory$auto$proc_rom.cc:155:do_switch$156$rdmux[0][6][16]$a$5654 [9:3] $memory$auto$proc_rom.cc:155:do_switch$156$rdmux[0][6][16]$a$5654 [1:0] } = 9'000000000
    Consolidated identical input bits for $mux cell $memory$auto$proc_rom.cc:155:do_switch$156$rdmux[0][7][31]$5890:
      Old ports: A=10'1111101000, B=10'1111011100, Y=$memory$auto$proc_rom.cc:155:do_switch$156$rdmux[0][6][15]$b$5652
      New ports: A=2'10, B=2'01, Y={ $memory$auto$proc_rom.cc:155:do_switch$156$rdmux[0][6][15]$b$5652 [5] $memory$auto$proc_rom.cc:155:do_switch$156$rdmux[0][6][15]$b$5652 [2] }
      New connections: { $memory$auto$proc_rom.cc:155:do_switch$156$rdmux[0][6][15]$b$5652 [9:6] $memory$auto$proc_rom.cc:155:do_switch$156$rdmux[0][6][15]$b$5652 [4:3] $memory$auto$proc_rom.cc:155:do_switch$156$rdmux[0][6][15]$b$5652 [1:0] } = { 4'1111 $memory$auto$proc_rom.cc:155:do_switch$156$rdmux[0][6][15]$b$5652 [2] 3'100 }
    Consolidated identical input bits for $mux cell $memory$auto$proc_rom.cc:155:do_switch$156$rdmux[0][7][30]$5887:
      Old ports: A=10'1111110100, B=10'1111101110, Y=$memory$auto$proc_rom.cc:155:do_switch$156$rdmux[0][6][15]$a$5651
      New ports: A=2'10, B=2'01, Y={ $memory$auto$proc_rom.cc:155:do_switch$156$rdmux[0][6][15]$a$5651 [4] $memory$auto$proc_rom.cc:155:do_switch$156$rdmux[0][6][15]$a$5651 [1] }
      New connections: { $memory$auto$proc_rom.cc:155:do_switch$156$rdmux[0][6][15]$a$5651 [9:5] $memory$auto$proc_rom.cc:155:do_switch$156$rdmux[0][6][15]$a$5651 [3:2] $memory$auto$proc_rom.cc:155:do_switch$156$rdmux[0][6][15]$a$5651 [0] } = { 5'11111 $memory$auto$proc_rom.cc:155:do_switch$156$rdmux[0][6][15]$a$5651 [1] 2'10 }
    Consolidated identical input bits for $mux cell $memory$auto$proc_rom.cc:155:do_switch$156$rdmux[0][7][29]$5884:
      Old ports: A=10'1111111010, B=10'1111110111, Y=$memory$auto$proc_rom.cc:155:do_switch$156$rdmux[0][6][14]$b$5649
      New ports: A=2'10, B=2'01, Y={ $memory$auto$proc_rom.cc:155:do_switch$156$rdmux[0][6][14]$b$5649 [3] $memory$auto$proc_rom.cc:155:do_switch$156$rdmux[0][6][14]$b$5649 [0] }
      New connections: { $memory$auto$proc_rom.cc:155:do_switch$156$rdmux[0][6][14]$b$5649 [9:4] $memory$auto$proc_rom.cc:155:do_switch$156$rdmux[0][6][14]$b$5649 [2:1] } = { 6'111111 $memory$auto$proc_rom.cc:155:do_switch$156$rdmux[0][6][14]$b$5649 [0] 1'1 }
    Consolidated identical input bits for $mux cell $memory$auto$proc_rom.cc:155:do_switch$156$rdmux[0][7][28]$5881:
      Old ports: A=10'0000000000, B=10'1111111101, Y=$memory$auto$proc_rom.cc:155:do_switch$156$rdmux[0][6][14]$a$5648
      New ports: A=1'0, B=1'1, Y=$memory$auto$proc_rom.cc:155:do_switch$156$rdmux[0][6][14]$a$5648 [0]
      New connections: $memory$auto$proc_rom.cc:155:do_switch$156$rdmux[0][6][14]$a$5648 [9:1] = { $memory$auto$proc_rom.cc:155:do_switch$156$rdmux[0][6][14]$a$5648 [0] $memory$auto$proc_rom.cc:155:do_switch$156$rdmux[0][6][14]$a$5648 [0] $memory$auto$proc_rom.cc:155:do_switch$156$rdmux[0][6][14]$a$5648 [0] $memory$auto$proc_rom.cc:155:do_switch$156$rdmux[0][6][14]$a$5648 [0] $memory$auto$proc_rom.cc:155:do_switch$156$rdmux[0][6][14]$a$5648 [0] $memory$auto$proc_rom.cc:155:do_switch$156$rdmux[0][6][14]$a$5648 [0] $memory$auto$proc_rom.cc:155:do_switch$156$rdmux[0][6][14]$a$5648 [0] $memory$auto$proc_rom.cc:155:do_switch$156$rdmux[0][6][14]$a$5648 [0] 1'0 }
    Consolidated identical input bits for $mux cell $memory$auto$proc_rom.cc:155:do_switch$156$rdmux[0][7][27]$5878:
      Old ports: A=10'0000011000, B=10'0000100100, Y=$memory$auto$proc_rom.cc:155:do_switch$156$rdmux[0][6][13]$b$5646
      New ports: A=2'10, B=2'01, Y=$memory$auto$proc_rom.cc:155:do_switch$156$rdmux[0][6][13]$b$5646 [3:2]
      New connections: { $memory$auto$proc_rom.cc:155:do_switch$156$rdmux[0][6][13]$b$5646 [9:4] $memory$auto$proc_rom.cc:155:do_switch$156$rdmux[0][6][13]$b$5646 [1:0] } = { 4'0000 $memory$auto$proc_rom.cc:155:do_switch$156$rdmux[0][6][13]$b$5646 [2] $memory$auto$proc_rom.cc:155:do_switch$156$rdmux[0][6][13]$b$5646 [3] 2'00 }
    Consolidated identical input bits for $mux cell $memory$auto$proc_rom.cc:155:do_switch$156$rdmux[0][7][26]$5875:
      Old ports: A=10'0000001100, B=10'0000010010, Y=$memory$auto$proc_rom.cc:155:do_switch$156$rdmux[0][6][13]$a$5645
      New ports: A=2'10, B=2'01, Y=$memory$auto$proc_rom.cc:155:do_switch$156$rdmux[0][6][13]$a$5645 [2:1]
      New connections: { $memory$auto$proc_rom.cc:155:do_switch$156$rdmux[0][6][13]$a$5645 [9:3] $memory$auto$proc_rom.cc:155:do_switch$156$rdmux[0][6][13]$a$5645 [0] } = { 5'00000 $memory$auto$proc_rom.cc:155:do_switch$156$rdmux[0][6][13]$a$5645 [1] $memory$auto$proc_rom.cc:155:do_switch$156$rdmux[0][6][13]$a$5645 [2] 1'0 }
    Consolidated identical input bits for $mux cell $memory$auto$proc_rom.cc:155:do_switch$156$rdmux[0][7][25]$5872:
      Old ports: A=10'0000000110, B=10'0000001001, Y=$memory$auto$proc_rom.cc:155:do_switch$156$rdmux[0][6][12]$b$5643
      New ports: A=2'10, B=2'01, Y=$memory$auto$proc_rom.cc:155:do_switch$156$rdmux[0][6][12]$b$5643 [1:0]
      New connections: $memory$auto$proc_rom.cc:155:do_switch$156$rdmux[0][6][12]$b$5643 [9:2] = { 6'000000 $memory$auto$proc_rom.cc:155:do_switch$156$rdmux[0][6][12]$b$5643 [0] $memory$auto$proc_rom.cc:155:do_switch$156$rdmux[0][6][12]$b$5643 [1] }
    Consolidated identical input bits for $mux cell $memory$auto$proc_rom.cc:155:do_switch$156$rdmux[0][7][24]$5869:
      Old ports: A=10'0000000000, B=10'0000000011, Y=$memory$auto$proc_rom.cc:155:do_switch$156$rdmux[0][6][12]$a$5642
      New ports: A=1'0, B=1'1, Y=$memory$auto$proc_rom.cc:155:do_switch$156$rdmux[0][6][12]$a$5642 [0]
      New connections: $memory$auto$proc_rom.cc:155:do_switch$156$rdmux[0][6][12]$a$5642 [9:1] = { 8'00000000 $memory$auto$proc_rom.cc:155:do_switch$156$rdmux[0][6][12]$a$5642 [0] }
    Consolidated identical input bits for $mux cell $memory$auto$proc_rom.cc:155:do_switch$156$rdmux[0][7][23]$5866:
      Old ports: A=10'1111110000, B=10'1111101000, Y=$memory$auto$proc_rom.cc:155:do_switch$156$rdmux[0][6][11]$b$5640
      New ports: A=2'10, B=2'01, Y=$memory$auto$proc_rom.cc:155:do_switch$156$rdmux[0][6][11]$b$5640 [4:3]
      New connections: { $memory$auto$proc_rom.cc:155:do_switch$156$rdmux[0][6][11]$b$5640 [9:5] $memory$auto$proc_rom.cc:155:do_switch$156$rdmux[0][6][11]$b$5640 [2:0] } = 8'11111000
    Consolidated identical input bits for $mux cell $memory$auto$proc_rom.cc:155:do_switch$156$rdmux[0][7][22]$5863:
      Old ports: A=10'1111111000, B=10'1111110100, Y=$memory$auto$proc_rom.cc:155:do_switch$156$rdmux[0][6][11]$a$5639
      New ports: A=2'10, B=2'01, Y=$memory$auto$proc_rom.cc:155:do_switch$156$rdmux[0][6][11]$a$5639 [3:2]
      New connections: { $memory$auto$proc_rom.cc:155:do_switch$156$rdmux[0][6][11]$a$5639 [9:4] $memory$auto$proc_rom.cc:155:do_switch$156$rdmux[0][6][11]$a$5639 [1:0] } = 8'11111100
    Consolidated identical input bits for $mux cell $memory$auto$proc_rom.cc:155:do_switch$156$rdmux[0][7][21]$5860:
      Old ports: A=10'1111111100, B=10'1111111010, Y=$memory$auto$proc_rom.cc:155:do_switch$156$rdmux[0][6][10]$b$5637
      New ports: A=2'10, B=2'01, Y=$memory$auto$proc_rom.cc:155:do_switch$156$rdmux[0][6][10]$b$5637 [2:1]
      New connections: { $memory$auto$proc_rom.cc:155:do_switch$156$rdmux[0][6][10]$b$5637 [9:3] $memory$auto$proc_rom.cc:155:do_switch$156$rdmux[0][6][10]$b$5637 [0] } = 8'11111110
    Consolidated identical input bits for $mux cell $memory$auto$proc_rom.cc:155:do_switch$156$rdmux[0][7][20]$5857:
      Old ports: A=10'0000000000, B=10'1111111110, Y=$memory$auto$proc_rom.cc:155:do_switch$156$rdmux[0][6][10]$a$5636
      New ports: A=1'0, B=1'1, Y=$memory$auto$proc_rom.cc:155:do_switch$156$rdmux[0][6][10]$a$5636 [1]
      New connections: { $memory$auto$proc_rom.cc:155:do_switch$156$rdmux[0][6][10]$a$5636 [9:2] $memory$auto$proc_rom.cc:155:do_switch$156$rdmux[0][6][10]$a$5636 [0] } = { $memory$auto$proc_rom.cc:155:do_switch$156$rdmux[0][6][10]$a$5636 [1] $memory$auto$proc_rom.cc:155:do_switch$156$rdmux[0][6][10]$a$5636 [1] $memory$auto$proc_rom.cc:155:do_switch$156$rdmux[0][6][10]$a$5636 [1] $memory$auto$proc_rom.cc:155:do_switch$156$rdmux[0][6][10]$a$5636 [1] $memory$auto$proc_rom.cc:155:do_switch$156$rdmux[0][6][10]$a$5636 [1] $memory$auto$proc_rom.cc:155:do_switch$156$rdmux[0][6][10]$a$5636 [1] $memory$auto$proc_rom.cc:155:do_switch$156$rdmux[0][6][10]$a$5636 [1] $memory$auto$proc_rom.cc:155:do_switch$156$rdmux[0][6][10]$a$5636 [1] 1'0 }
    Consolidated identical input bits for $mux cell $memory$auto$proc_rom.cc:155:do_switch$156$rdmux[0][7][19]$5854:
      Old ports: A=10'0000010000, B=10'0000011000, Y=$memory$auto$proc_rom.cc:155:do_switch$156$rdmux[0][6][9]$b$5634
      New ports: A=1'0, B=1'1, Y=$memory$auto$proc_rom.cc:155:do_switch$156$rdmux[0][6][9]$b$5634 [3]
      New connections: { $memory$auto$proc_rom.cc:155:do_switch$156$rdmux[0][6][9]$b$5634 [9:4] $memory$auto$proc_rom.cc:155:do_switch$156$rdmux[0][6][9]$b$5634 [2:0] } = 9'000001000
    Consolidated identical input bits for $mux cell $memory$auto$proc_rom.cc:155:do_switch$156$rdmux[0][7][18]$5851:
      Old ports: A=10'0000001000, B=10'0000001100, Y=$memory$auto$proc_rom.cc:155:do_switch$156$rdmux[0][6][9]$a$5633
      New ports: A=1'0, B=1'1, Y=$memory$auto$proc_rom.cc:155:do_switch$156$rdmux[0][6][9]$a$5633 [2]
      New connections: { $memory$auto$proc_rom.cc:155:do_switch$156$rdmux[0][6][9]$a$5633 [9:3] $memory$auto$proc_rom.cc:155:do_switch$156$rdmux[0][6][9]$a$5633 [1:0] } = 9'000000100
    Consolidated identical input bits for $mux cell $memory$auto$proc_rom.cc:155:do_switch$156$rdmux[0][7][17]$5848:
      Old ports: A=10'0000000100, B=10'0000000110, Y=$memory$auto$proc_rom.cc:155:do_switch$156$rdmux[0][6][8]$b$5631
      New ports: A=1'0, B=1'1, Y=$memory$auto$proc_rom.cc:155:do_switch$156$rdmux[0][6][8]$b$5631 [1]
      New connections: { $memory$auto$proc_rom.cc:155:do_switch$156$rdmux[0][6][8]$b$5631 [9:2] $memory$auto$proc_rom.cc:155:do_switch$156$rdmux[0][6][8]$b$5631 [0] } = 9'000000010
    Consolidated identical input bits for $mux cell $memory$auto$proc_rom.cc:155:do_switch$156$rdmux[0][7][16]$5845:
      Old ports: A=10'0000000000, B=10'0000000010, Y=$memory$auto$proc_rom.cc:155:do_switch$156$rdmux[0][6][8]$a$5630
      New ports: A=1'0, B=1'1, Y=$memory$auto$proc_rom.cc:155:do_switch$156$rdmux[0][6][8]$a$5630 [1]
      New connections: { $memory$auto$proc_rom.cc:155:do_switch$156$rdmux[0][6][8]$a$5630 [9:2] $memory$auto$proc_rom.cc:155:do_switch$156$rdmux[0][6][8]$a$5630 [0] } = 9'000000000
    Consolidated identical input bits for $mux cell $memory$auto$proc_rom.cc:155:do_switch$156$rdmux[0][7][15]$5842:
      Old ports: A=10'1111111000, B=10'1111110100, Y=$memory$auto$proc_rom.cc:155:do_switch$156$rdmux[0][6][7]$b$5628
      New ports: A=2'10, B=2'01, Y=$memory$auto$proc_rom.cc:155:do_switch$156$rdmux[0][6][7]$b$5628 [3:2]
      New connections: { $memory$auto$proc_rom.cc:155:do_switch$156$rdmux[0][6][7]$b$5628 [9:4] $memory$auto$proc_rom.cc:155:do_switch$156$rdmux[0][6][7]$b$5628 [1:0] } = 8'11111100
    Consolidated identical input bits for $mux cell $memory$auto$proc_rom.cc:155:do_switch$156$rdmux[0][7][14]$5839:
      Old ports: A=10'1111111100, B=10'1111111010, Y=$memory$auto$proc_rom.cc:155:do_switch$156$rdmux[0][6][7]$a$5627
      New ports: A=2'10, B=2'01, Y=$memory$auto$proc_rom.cc:155:do_switch$156$rdmux[0][6][7]$a$5627 [2:1]
      New connections: { $memory$auto$proc_rom.cc:155:do_switch$156$rdmux[0][6][7]$a$5627 [9:3] $memory$auto$proc_rom.cc:155:do_switch$156$rdmux[0][6][7]$a$5627 [0] } = 8'11111110
    Consolidated identical input bits for $mux cell $memory$auto$proc_rom.cc:155:do_switch$156$rdmux[0][7][13]$5836:
      Old ports: A=10'1111111110, B=10'1111111101, Y=$memory$auto$proc_rom.cc:155:do_switch$156$rdmux[0][6][6]$b$5625
      New ports: A=2'10, B=2'01, Y=$memory$auto$proc_rom.cc:155:do_switch$156$rdmux[0][6][6]$b$5625 [1:0]
      New connections: $memory$auto$proc_rom.cc:155:do_switch$156$rdmux[0][6][6]$b$5625 [9:2] = 8'11111111
    Consolidated identical input bits for $mux cell $memory$auto$proc_rom.cc:155:do_switch$156$rdmux[0][7][12]$5833:
      Old ports: A=10'0000000000, B=10'1111111111, Y=$memory$auto$proc_rom.cc:155:do_switch$156$rdmux[0][6][6]$a$5624
      New ports: A=1'0, B=1'1, Y=$memory$auto$proc_rom.cc:155:do_switch$156$rdmux[0][6][6]$a$5624 [0]
      New connections: $memory$auto$proc_rom.cc:155:do_switch$156$rdmux[0][6][6]$a$5624 [9:1] = { $memory$auto$proc_rom.cc:155:do_switch$156$rdmux[0][6][6]$a$5624 [0] $memory$auto$proc_rom.cc:155:do_switch$156$rdmux[0][6][6]$a$5624 [0] $memory$auto$proc_rom.cc:155:do_switch$156$rdmux[0][6][6]$a$5624 [0] $memory$auto$proc_rom.cc:155:do_switch$156$rdmux[0][6][6]$a$5624 [0] $memory$auto$proc_rom.cc:155:do_switch$156$rdmux[0][6][6]$a$5624 [0] $memory$auto$proc_rom.cc:155:do_switch$156$rdmux[0][6][6]$a$5624 [0] $memory$auto$proc_rom.cc:155:do_switch$156$rdmux[0][6][6]$a$5624 [0] $memory$auto$proc_rom.cc:155:do_switch$156$rdmux[0][6][6]$a$5624 [0] $memory$auto$proc_rom.cc:155:do_switch$156$rdmux[0][6][6]$a$5624 [0] }
    Consolidated identical input bits for $mux cell $memory$auto$proc_rom.cc:155:do_switch$156$rdmux[0][7][11]$5830:
      Old ports: A=10'0000001000, B=10'0000001100, Y=$memory$auto$proc_rom.cc:155:do_switch$156$rdmux[0][6][5]$b$5622
      New ports: A=1'0, B=1'1, Y=$memory$auto$proc_rom.cc:155:do_switch$156$rdmux[0][6][5]$b$5622 [2]
      New connections: { $memory$auto$proc_rom.cc:155:do_switch$156$rdmux[0][6][5]$b$5622 [9:3] $memory$auto$proc_rom.cc:155:do_switch$156$rdmux[0][6][5]$b$5622 [1:0] } = 9'000000100
    Consolidated identical input bits for $mux cell $memory$auto$proc_rom.cc:155:do_switch$156$rdmux[0][7][10]$5827:
      Old ports: A=10'0000000100, B=10'0000000110, Y=$memory$auto$proc_rom.cc:155:do_switch$156$rdmux[0][6][5]$a$5621
      New ports: A=1'0, B=1'1, Y=$memory$auto$proc_rom.cc:155:do_switch$156$rdmux[0][6][5]$a$5621 [1]
      New connections: { $memory$auto$proc_rom.cc:155:do_switch$156$rdmux[0][6][5]$a$5621 [9:2] $memory$auto$proc_rom.cc:155:do_switch$156$rdmux[0][6][5]$a$5621 [0] } = 9'000000010
    Consolidated identical input bits for $mux cell $memory$auto$proc_rom.cc:155:do_switch$156$rdmux[0][7][9]$5824:
      Old ports: A=10'0000000010, B=10'0000000011, Y=$memory$auto$proc_rom.cc:155:do_switch$156$rdmux[0][6][4]$b$5619
      New ports: A=1'0, B=1'1, Y=$memory$auto$proc_rom.cc:155:do_switch$156$rdmux[0][6][4]$b$5619 [0]
      New connections: $memory$auto$proc_rom.cc:155:do_switch$156$rdmux[0][6][4]$b$5619 [9:1] = 9'000000001
    Consolidated identical input bits for $mux cell $memory$auto$proc_rom.cc:155:do_switch$156$rdmux[0][7][8]$5821:
      Old ports: A=10'0000000000, B=10'0000000001, Y=$memory$auto$proc_rom.cc:155:do_switch$156$rdmux[0][6][4]$a$5618
      New ports: A=1'0, B=1'1, Y=$memory$auto$proc_rom.cc:155:do_switch$156$rdmux[0][6][4]$a$5618 [0]
      New connections: $memory$auto$proc_rom.cc:155:do_switch$156$rdmux[0][6][4]$a$5618 [9:1] = 9'000000000
    Consolidated identical input bits for $mux cell $memory$auto$proc_rom.cc:155:do_switch$156$rdmux[0][7][81]$6040:
      Old ports: A=10'1111111100, B=10'1111111010, Y=$memory$auto$proc_rom.cc:155:do_switch$156$rdmux[0][6][40]$b$5727
      New ports: A=2'10, B=2'01, Y=$memory$auto$proc_rom.cc:155:do_switch$156$rdmux[0][6][40]$b$5727 [2:1]
      New connections: { $memory$auto$proc_rom.cc:155:do_switch$156$rdmux[0][6][40]$b$5727 [9:3] $memory$auto$proc_rom.cc:155:do_switch$156$rdmux[0][6][40]$b$5727 [0] } = 8'11111110
    Consolidated identical input bits for $mux cell $memory$auto$proc_rom.cc:155:do_switch$156$rdmux[0][7][80]$6037:
      Old ports: A=10'0000000000, B=10'1111111110, Y=$memory$auto$proc_rom.cc:155:do_switch$156$rdmux[0][6][40]$a$5726
      New ports: A=1'0, B=1'1, Y=$memory$auto$proc_rom.cc:155:do_switch$156$rdmux[0][6][40]$a$5726 [1]
      New connections: { $memory$auto$proc_rom.cc:155:do_switch$156$rdmux[0][6][40]$a$5726 [9:2] $memory$auto$proc_rom.cc:155:do_switch$156$rdmux[0][6][40]$a$5726 [0] } = { $memory$auto$proc_rom.cc:155:do_switch$156$rdmux[0][6][40]$a$5726 [1] $memory$auto$proc_rom.cc:155:do_switch$156$rdmux[0][6][40]$a$5726 [1] $memory$auto$proc_rom.cc:155:do_switch$156$rdmux[0][6][40]$a$5726 [1] $memory$auto$proc_rom.cc:155:do_switch$156$rdmux[0][6][40]$a$5726 [1] $memory$auto$proc_rom.cc:155:do_switch$156$rdmux[0][6][40]$a$5726 [1] $memory$auto$proc_rom.cc:155:do_switch$156$rdmux[0][6][40]$a$5726 [1] $memory$auto$proc_rom.cc:155:do_switch$156$rdmux[0][6][40]$a$5726 [1] $memory$auto$proc_rom.cc:155:do_switch$156$rdmux[0][6][40]$a$5726 [1] 1'0 }
    Consolidated identical input bits for $mux cell $memory$auto$proc_rom.cc:155:do_switch$156$rdmux[0][7][78]$6031:
      Old ports: A=10'0000000100, B=10'0000000110, Y=$memory$auto$proc_rom.cc:155:do_switch$156$rdmux[0][6][39]$a$5723
      New ports: A=1'0, B=1'1, Y=$memory$auto$proc_rom.cc:155:do_switch$156$rdmux[0][6][39]$a$5723 [1]
      New connections: { $memory$auto$proc_rom.cc:155:do_switch$156$rdmux[0][6][39]$a$5723 [9:2] $memory$auto$proc_rom.cc:155:do_switch$156$rdmux[0][6][39]$a$5723 [0] } = 9'000000010
    Consolidated identical input bits for $mux cell $memory$auto$proc_rom.cc:155:do_switch$156$rdmux[0][7][77]$6028:
      Old ports: A=10'0000000010, B=10'0000000011, Y=$memory$auto$proc_rom.cc:155:do_switch$156$rdmux[0][6][38]$b$5721
      New ports: A=1'0, B=1'1, Y=$memory$auto$proc_rom.cc:155:do_switch$156$rdmux[0][6][38]$b$5721 [0]
      New connections: $memory$auto$proc_rom.cc:155:do_switch$156$rdmux[0][6][38]$b$5721 [9:1] = 9'000000001
    Consolidated identical input bits for $mux cell $memory$auto$proc_rom.cc:155:do_switch$156$rdmux[0][7][74]$6019:
      Old ports: A=10'1111111100, B=10'1111111010, Y=$memory$auto$proc_rom.cc:155:do_switch$156$rdmux[0][6][37]$a$5717
      New ports: A=2'10, B=2'01, Y=$memory$auto$proc_rom.cc:155:do_switch$156$rdmux[0][6][37]$a$5717 [2:1]
      New connections: { $memory$auto$proc_rom.cc:155:do_switch$156$rdmux[0][6][37]$a$5717 [9:3] $memory$auto$proc_rom.cc:155:do_switch$156$rdmux[0][6][37]$a$5717 [0] } = 8'11111110
    Consolidated identical input bits for $mux cell $memory$auto$proc_rom.cc:155:do_switch$156$rdmux[0][7][73]$6016:
      Old ports: A=10'1111111110, B=10'1111111101, Y=$memory$auto$proc_rom.cc:155:do_switch$156$rdmux[0][6][36]$b$5715
      New ports: A=2'10, B=2'01, Y=$memory$auto$proc_rom.cc:155:do_switch$156$rdmux[0][6][36]$b$5715 [1:0]
      New connections: $memory$auto$proc_rom.cc:155:do_switch$156$rdmux[0][6][36]$b$5715 [9:2] = 8'11111111
    Consolidated identical input bits for $mux cell $memory$auto$proc_rom.cc:155:do_switch$156$rdmux[0][7][96]$6085:
      Old ports: A=10'0000000000, B=10'1111111100, Y=$memory$auto$proc_rom.cc:155:do_switch$156$rdmux[0][6][48]$a$5750
      New ports: A=1'0, B=1'1, Y=$memory$auto$proc_rom.cc:155:do_switch$156$rdmux[0][6][48]$a$5750 [2]
      New connections: { $memory$auto$proc_rom.cc:155:do_switch$156$rdmux[0][6][48]$a$5750 [9:3] $memory$auto$proc_rom.cc:155:do_switch$156$rdmux[0][6][48]$a$5750 [1:0] } = { $memory$auto$proc_rom.cc:155:do_switch$156$rdmux[0][6][48]$a$5750 [2] $memory$auto$proc_rom.cc:155:do_switch$156$rdmux[0][6][48]$a$5750 [2] $memory$auto$proc_rom.cc:155:do_switch$156$rdmux[0][6][48]$a$5750 [2] $memory$auto$proc_rom.cc:155:do_switch$156$rdmux[0][6][48]$a$5750 [2] $memory$auto$proc_rom.cc:155:do_switch$156$rdmux[0][6][48]$a$5750 [2] $memory$auto$proc_rom.cc:155:do_switch$156$rdmux[0][6][48]$a$5750 [2] $memory$auto$proc_rom.cc:155:do_switch$156$rdmux[0][6][48]$a$5750 [2] 2'00 }
    Consolidated identical input bits for $mux cell $memory$auto$proc_rom.cc:155:do_switch$156$rdmux[0][7][95]$6082:
      Old ports: A=10'0000011000, B=10'0000100100, Y=$memory$auto$proc_rom.cc:155:do_switch$156$rdmux[0][6][47]$b$5748
      New ports: A=2'10, B=2'01, Y=$memory$auto$proc_rom.cc:155:do_switch$156$rdmux[0][6][47]$b$5748 [3:2]
      New connections: { $memory$auto$proc_rom.cc:155:do_switch$156$rdmux[0][6][47]$b$5748 [9:4] $memory$auto$proc_rom.cc:155:do_switch$156$rdmux[0][6][47]$b$5748 [1:0] } = { 4'0000 $memory$auto$proc_rom.cc:155:do_switch$156$rdmux[0][6][47]$b$5748 [2] $memory$auto$proc_rom.cc:155:do_switch$156$rdmux[0][6][47]$b$5748 [3] 2'00 }
    Consolidated identical input bits for $mux cell $memory$auto$proc_rom.cc:155:do_switch$156$rdmux[0][7][94]$6079:
      Old ports: A=10'0000001100, B=10'0000010010, Y=$memory$auto$proc_rom.cc:155:do_switch$156$rdmux[0][6][47]$a$5747
      New ports: A=2'10, B=2'01, Y=$memory$auto$proc_rom.cc:155:do_switch$156$rdmux[0][6][47]$a$5747 [2:1]
      New connections: { $memory$auto$proc_rom.cc:155:do_switch$156$rdmux[0][6][47]$a$5747 [9:3] $memory$auto$proc_rom.cc:155:do_switch$156$rdmux[0][6][47]$a$5747 [0] } = { 5'00000 $memory$auto$proc_rom.cc:155:do_switch$156$rdmux[0][6][47]$a$5747 [1] $memory$auto$proc_rom.cc:155:do_switch$156$rdmux[0][6][47]$a$5747 [2] 1'0 }
    Consolidated identical input bits for $mux cell $memory$auto$proc_rom.cc:155:do_switch$156$rdmux[0][7][91]$6070:
      Old ports: A=10'1111101000, B=10'1111011100, Y=$memory$auto$proc_rom.cc:155:do_switch$156$rdmux[0][6][45]$b$5742
      New ports: A=2'10, B=2'01, Y={ $memory$auto$proc_rom.cc:155:do_switch$156$rdmux[0][6][45]$b$5742 [5] $memory$auto$proc_rom.cc:155:do_switch$156$rdmux[0][6][45]$b$5742 [2] }
      New connections: { $memory$auto$proc_rom.cc:155:do_switch$156$rdmux[0][6][45]$b$5742 [9:6] $memory$auto$proc_rom.cc:155:do_switch$156$rdmux[0][6][45]$b$5742 [4:3] $memory$auto$proc_rom.cc:155:do_switch$156$rdmux[0][6][45]$b$5742 [1:0] } = { 4'1111 $memory$auto$proc_rom.cc:155:do_switch$156$rdmux[0][6][45]$b$5742 [2] 3'100 }
    Consolidated identical input bits for $mux cell $memory$auto$proc_rom.cc:155:do_switch$156$rdmux[0][7][87]$6058:
      Old ports: A=10'0000010000, B=10'0000011000, Y=$memory$auto$proc_rom.cc:155:do_switch$156$rdmux[0][6][43]$b$5736
      New ports: A=1'0, B=1'1, Y=$memory$auto$proc_rom.cc:155:do_switch$156$rdmux[0][6][43]$b$5736 [3]
      New connections: { $memory$auto$proc_rom.cc:155:do_switch$156$rdmux[0][6][43]$b$5736 [9:4] $memory$auto$proc_rom.cc:155:do_switch$156$rdmux[0][6][43]$b$5736 [2:0] } = 9'000001000
    Consolidated identical input bits for $mux cell $memory$auto$proc_rom.cc:155:do_switch$156$rdmux[0][7][84]$6049:
      Old ports: A=10'0000000000, B=10'0000000010, Y=$memory$auto$proc_rom.cc:155:do_switch$156$rdmux[0][6][42]$a$5732
      New ports: A=1'0, B=1'1, Y=$memory$auto$proc_rom.cc:155:do_switch$156$rdmux[0][6][42]$a$5732 [1]
      New connections: { $memory$auto$proc_rom.cc:155:do_switch$156$rdmux[0][6][42]$a$5732 [9:2] $memory$auto$proc_rom.cc:155:do_switch$156$rdmux[0][6][42]$a$5732 [0] } = 9'000000000
    Consolidated identical input bits for $mux cell $memory$auto$proc_rom.cc:155:do_switch$156$rdmux[0][7][79]$6034:
      Old ports: A=10'0000001000, B=10'0000001100, Y=$memory$auto$proc_rom.cc:155:do_switch$156$rdmux[0][6][39]$b$5724
      New ports: A=1'0, B=1'1, Y=$memory$auto$proc_rom.cc:155:do_switch$156$rdmux[0][6][39]$b$5724 [2]
      New connections: { $memory$auto$proc_rom.cc:155:do_switch$156$rdmux[0][6][39]$b$5724 [9:3] $memory$auto$proc_rom.cc:155:do_switch$156$rdmux[0][6][39]$b$5724 [1:0] } = 9'000000100
    Consolidated identical input bits for $mux cell $memory$auto$proc_rom.cc:155:do_switch$156$rdmux[0][7][76]$6025:
      Old ports: A=10'0000000000, B=10'0000000001, Y=$memory$auto$proc_rom.cc:155:do_switch$156$rdmux[0][6][38]$a$5720
      New ports: A=1'0, B=1'1, Y=$memory$auto$proc_rom.cc:155:do_switch$156$rdmux[0][6][38]$a$5720 [0]
      New connections: $memory$auto$proc_rom.cc:155:do_switch$156$rdmux[0][6][38]$a$5720 [9:1] = 9'000000000
    Consolidated identical input bits for $mux cell $memory$auto$proc_rom.cc:155:do_switch$156$rdmux[0][7][72]$6013:
      Old ports: A=10'0000000000, B=10'1111111111, Y=$memory$auto$proc_rom.cc:155:do_switch$156$rdmux[0][6][36]$a$5714
      New ports: A=1'0, B=1'1, Y=$memory$auto$proc_rom.cc:155:do_switch$156$rdmux[0][6][36]$a$5714 [0]
      New connections: $memory$auto$proc_rom.cc:155:do_switch$156$rdmux[0][6][36]$a$5714 [9:1] = { $memory$auto$proc_rom.cc:155:do_switch$156$rdmux[0][6][36]$a$5714 [0] $memory$auto$proc_rom.cc:155:do_switch$156$rdmux[0][6][36]$a$5714 [0] $memory$auto$proc_rom.cc:155:do_switch$156$rdmux[0][6][36]$a$5714 [0] $memory$auto$proc_rom.cc:155:do_switch$156$rdmux[0][6][36]$a$5714 [0] $memory$auto$proc_rom.cc:155:do_switch$156$rdmux[0][6][36]$a$5714 [0] $memory$auto$proc_rom.cc:155:do_switch$156$rdmux[0][6][36]$a$5714 [0] $memory$auto$proc_rom.cc:155:do_switch$156$rdmux[0][6][36]$a$5714 [0] $memory$auto$proc_rom.cc:155:do_switch$156$rdmux[0][6][36]$a$5714 [0] $memory$auto$proc_rom.cc:155:do_switch$156$rdmux[0][6][36]$a$5714 [0] }
    Consolidated identical input bits for $mux cell $memory$auto$proc_rom.cc:155:do_switch$156$rdmux[0][7][93]$6076:
      Old ports: A=10'0000000110, B=10'0000001001, Y=$memory$auto$proc_rom.cc:155:do_switch$156$rdmux[0][6][46]$b$5745
      New ports: A=2'10, B=2'01, Y=$memory$auto$proc_rom.cc:155:do_switch$156$rdmux[0][6][46]$b$5745 [1:0]
      New connections: $memory$auto$proc_rom.cc:155:do_switch$156$rdmux[0][6][46]$b$5745 [9:2] = { 6'000000 $memory$auto$proc_rom.cc:155:do_switch$156$rdmux[0][6][46]$b$5745 [0] $memory$auto$proc_rom.cc:155:do_switch$156$rdmux[0][6][46]$b$5745 [1] }
    Consolidated identical input bits for $mux cell $memory$auto$proc_rom.cc:155:do_switch$156$rdmux[0][7][90]$6067:
      Old ports: A=10'1111110100, B=10'1111101110, Y=$memory$auto$proc_rom.cc:155:do_switch$156$rdmux[0][6][45]$a$5741
      New ports: A=2'10, B=2'01, Y={ $memory$auto$proc_rom.cc:155:do_switch$156$rdmux[0][6][45]$a$5741 [4] $memory$auto$proc_rom.cc:155:do_switch$156$rdmux[0][6][45]$a$5741 [1] }
      New connections: { $memory$auto$proc_rom.cc:155:do_switch$156$rdmux[0][6][45]$a$5741 [9:5] $memory$auto$proc_rom.cc:155:do_switch$156$rdmux[0][6][45]$a$5741 [3:2] $memory$auto$proc_rom.cc:155:do_switch$156$rdmux[0][6][45]$a$5741 [0] } = { 5'11111 $memory$auto$proc_rom.cc:155:do_switch$156$rdmux[0][6][45]$a$5741 [1] 2'10 }
    Consolidated identical input bits for $mux cell $memory$auto$proc_rom.cc:155:do_switch$156$rdmux[0][7][83]$6046:
      Old ports: A=10'1111110000, B=10'1111101000, Y=$memory$auto$proc_rom.cc:155:do_switch$156$rdmux[0][6][41]$b$5730
      New ports: A=2'10, B=2'01, Y=$memory$auto$proc_rom.cc:155:do_switch$156$rdmux[0][6][41]$b$5730 [4:3]
      New connections: { $memory$auto$proc_rom.cc:155:do_switch$156$rdmux[0][6][41]$b$5730 [9:5] $memory$auto$proc_rom.cc:155:do_switch$156$rdmux[0][6][41]$b$5730 [2:0] } = 8'11111000
    Consolidated identical input bits for $mux cell $memory$auto$proc_rom.cc:155:do_switch$156$rdmux[0][7][75]$6022:
      Old ports: A=10'1111111000, B=10'1111110100, Y=$memory$auto$proc_rom.cc:155:do_switch$156$rdmux[0][6][37]$b$5718
      New ports: A=2'10, B=2'01, Y=$memory$auto$proc_rom.cc:155:do_switch$156$rdmux[0][6][37]$b$5718 [3:2]
      New connections: { $memory$auto$proc_rom.cc:155:do_switch$156$rdmux[0][6][37]$b$5718 [9:4] $memory$auto$proc_rom.cc:155:do_switch$156$rdmux[0][6][37]$b$5718 [1:0] } = 8'11111100
    Consolidated identical input bits for $mux cell $memory$auto$proc_rom.cc:155:do_switch$156$rdmux[0][7][92]$6073:
      Old ports: A=10'0000000000, B=10'0000000011, Y=$memory$auto$proc_rom.cc:155:do_switch$156$rdmux[0][6][46]$a$5744
      New ports: A=1'0, B=1'1, Y=$memory$auto$proc_rom.cc:155:do_switch$156$rdmux[0][6][46]$a$5744 [0]
      New connections: $memory$auto$proc_rom.cc:155:do_switch$156$rdmux[0][6][46]$a$5744 [9:1] = { 8'00000000 $memory$auto$proc_rom.cc:155:do_switch$156$rdmux[0][6][46]$a$5744 [0] }
    Consolidated identical input bits for $mux cell $memory$auto$proc_rom.cc:155:do_switch$156$rdmux[0][7][82]$6043:
      Old ports: A=10'1111111000, B=10'1111110100, Y=$memory$auto$proc_rom.cc:155:do_switch$156$rdmux[0][6][41]$a$5729
      New ports: A=2'10, B=2'01, Y=$memory$auto$proc_rom.cc:155:do_switch$156$rdmux[0][6][41]$a$5729 [3:2]
      New connections: { $memory$auto$proc_rom.cc:155:do_switch$156$rdmux[0][6][41]$a$5729 [9:4] $memory$auto$proc_rom.cc:155:do_switch$156$rdmux[0][6][41]$a$5729 [1:0] } = 8'11111100
    Consolidated identical input bits for $mux cell $memory$auto$proc_rom.cc:155:do_switch$156$rdmux[0][7][89]$6064:
      Old ports: A=10'1111111010, B=10'1111110111, Y=$memory$auto$proc_rom.cc:155:do_switch$156$rdmux[0][6][44]$b$5739
      New ports: A=2'10, B=2'01, Y={ $memory$auto$proc_rom.cc:155:do_switch$156$rdmux[0][6][44]$b$5739 [3] $memory$auto$proc_rom.cc:155:do_switch$156$rdmux[0][6][44]$b$5739 [0] }
      New connections: { $memory$auto$proc_rom.cc:155:do_switch$156$rdmux[0][6][44]$b$5739 [9:4] $memory$auto$proc_rom.cc:155:do_switch$156$rdmux[0][6][44]$b$5739 [2:1] } = { 6'111111 $memory$auto$proc_rom.cc:155:do_switch$156$rdmux[0][6][44]$b$5739 [0] 1'1 }
    Consolidated identical input bits for $mux cell $memory$auto$proc_rom.cc:155:do_switch$160$rdmux[0][7][126]$5410:
      Old ports: A=10'0000110000, B=10'0001001000, Y=$memory$auto$proc_rom.cc:155:do_switch$160$rdmux[0][6][63]$a$5030
      New ports: A=2'10, B=2'01, Y=$memory$auto$proc_rom.cc:155:do_switch$160$rdmux[0][6][63]$a$5030 [4:3]
      New connections: { $memory$auto$proc_rom.cc:155:do_switch$160$rdmux[0][6][63]$a$5030 [9:5] $memory$auto$proc_rom.cc:155:do_switch$160$rdmux[0][6][63]$a$5030 [2:0] } = { 3'000 $memory$auto$proc_rom.cc:155:do_switch$160$rdmux[0][6][63]$a$5030 [3] $memory$auto$proc_rom.cc:155:do_switch$160$rdmux[0][6][63]$a$5030 [4] 3'000 }
    Consolidated identical input bits for $mux cell $memory$auto$proc_rom.cc:155:do_switch$160$rdmux[0][7][125]$5407:
      Old ports: A=10'0000011000, B=10'0000100100, Y=$memory$auto$proc_rom.cc:155:do_switch$160$rdmux[0][6][62]$b$5028
      New ports: A=2'10, B=2'01, Y=$memory$auto$proc_rom.cc:155:do_switch$160$rdmux[0][6][62]$b$5028 [3:2]
      New connections: { $memory$auto$proc_rom.cc:155:do_switch$160$rdmux[0][6][62]$b$5028 [9:4] $memory$auto$proc_rom.cc:155:do_switch$160$rdmux[0][6][62]$b$5028 [1:0] } = { 4'0000 $memory$auto$proc_rom.cc:155:do_switch$160$rdmux[0][6][62]$b$5028 [2] $memory$auto$proc_rom.cc:155:do_switch$160$rdmux[0][6][62]$b$5028 [3] 2'00 }
    Consolidated identical input bits for $mux cell $memory$auto$proc_rom.cc:155:do_switch$160$rdmux[0][7][124]$5404:
      Old ports: A=10'0000000000, B=10'0000001100, Y=$memory$auto$proc_rom.cc:155:do_switch$160$rdmux[0][6][62]$a$5027
      New ports: A=1'0, B=1'1, Y=$memory$auto$proc_rom.cc:155:do_switch$160$rdmux[0][6][62]$a$5027 [2]
      New connections: { $memory$auto$proc_rom.cc:155:do_switch$160$rdmux[0][6][62]$a$5027 [9:3] $memory$auto$proc_rom.cc:155:do_switch$160$rdmux[0][6][62]$a$5027 [1:0] } = { 6'000000 $memory$auto$proc_rom.cc:155:do_switch$160$rdmux[0][6][62]$a$5027 [2] 2'00 }
    Consolidated identical input bits for $mux cell $memory$auto$proc_rom.cc:155:do_switch$160$rdmux[0][7][123]$5401:
      Old ports: A=10'1110100000, B=10'1101110000, Y=$memory$auto$proc_rom.cc:155:do_switch$160$rdmux[0][6][61]$b$5025
      New ports: A=2'10, B=2'01, Y={ $memory$auto$proc_rom.cc:155:do_switch$160$rdmux[0][6][61]$b$5025 [7] $memory$auto$proc_rom.cc:155:do_switch$160$rdmux[0][6][61]$b$5025 [4] }
      New connections: { $memory$auto$proc_rom.cc:155:do_switch$160$rdmux[0][6][61]$b$5025 [9:8] $memory$auto$proc_rom.cc:155:do_switch$160$rdmux[0][6][61]$b$5025 [6:5] $memory$auto$proc_rom.cc:155:do_switch$160$rdmux[0][6][61]$b$5025 [3:0] } = { 2'11 $memory$auto$proc_rom.cc:155:do_switch$160$rdmux[0][6][61]$b$5025 [4] 5'10000 }
    Consolidated identical input bits for $mux cell $memory$auto$proc_rom.cc:155:do_switch$160$rdmux[0][7][122]$5398:
      Old ports: A=10'1111010000, B=10'1110111000, Y=$memory$auto$proc_rom.cc:155:do_switch$160$rdmux[0][6][61]$a$5024
      New ports: A=2'10, B=2'01, Y={ $memory$auto$proc_rom.cc:155:do_switch$160$rdmux[0][6][61]$a$5024 [6] $memory$auto$proc_rom.cc:155:do_switch$160$rdmux[0][6][61]$a$5024 [3] }
      New connections: { $memory$auto$proc_rom.cc:155:do_switch$160$rdmux[0][6][61]$a$5024 [9:7] $memory$auto$proc_rom.cc:155:do_switch$160$rdmux[0][6][61]$a$5024 [5:4] $memory$auto$proc_rom.cc:155:do_switch$160$rdmux[0][6][61]$a$5024 [2:0] } = { 3'111 $memory$auto$proc_rom.cc:155:do_switch$160$rdmux[0][6][61]$a$5024 [3] 4'1000 }
    Consolidated identical input bits for $mux cell $memory$auto$proc_rom.cc:155:do_switch$160$rdmux[0][7][121]$5395:
      Old ports: A=10'1111101000, B=10'1111011100, Y=$memory$auto$proc_rom.cc:155:do_switch$160$rdmux[0][6][60]$b$5022
      New ports: A=2'10, B=2'01, Y={ $memory$auto$proc_rom.cc:155:do_switch$160$rdmux[0][6][60]$b$5022 [5] $memory$auto$proc_rom.cc:155:do_switch$160$rdmux[0][6][60]$b$5022 [2] }
      New connections: { $memory$auto$proc_rom.cc:155:do_switch$160$rdmux[0][6][60]$b$5022 [9:6] $memory$auto$proc_rom.cc:155:do_switch$160$rdmux[0][6][60]$b$5022 [4:3] $memory$auto$proc_rom.cc:155:do_switch$160$rdmux[0][6][60]$b$5022 [1:0] } = { 4'1111 $memory$auto$proc_rom.cc:155:do_switch$160$rdmux[0][6][60]$b$5022 [2] 3'100 }
    Consolidated identical input bits for $mux cell $memory$auto$proc_rom.cc:155:do_switch$160$rdmux[0][7][120]$5392:
      Old ports: A=10'0000000000, B=10'1111110100, Y=$memory$auto$proc_rom.cc:155:do_switch$160$rdmux[0][6][60]$a$5021
      New ports: A=1'0, B=1'1, Y=$memory$auto$proc_rom.cc:155:do_switch$160$rdmux[0][6][60]$a$5021 [2]
      New connections: { $memory$auto$proc_rom.cc:155:do_switch$160$rdmux[0][6][60]$a$5021 [9:3] $memory$auto$proc_rom.cc:155:do_switch$160$rdmux[0][6][60]$a$5021 [1:0] } = { $memory$auto$proc_rom.cc:155:do_switch$160$rdmux[0][6][60]$a$5021 [2] $memory$auto$proc_rom.cc:155:do_switch$160$rdmux[0][6][60]$a$5021 [2] $memory$auto$proc_rom.cc:155:do_switch$160$rdmux[0][6][60]$a$5021 [2] $memory$auto$proc_rom.cc:155:do_switch$160$rdmux[0][6][60]$a$5021 [2] $memory$auto$proc_rom.cc:155:do_switch$160$rdmux[0][6][60]$a$5021 [2] $memory$auto$proc_rom.cc:155:do_switch$160$rdmux[0][6][60]$a$5021 [2] 3'000 }
    Consolidated identical input bits for $mux cell $memory$auto$proc_rom.cc:155:do_switch$160$rdmux[0][7][119]$5389:
      Old ports: A=10'0001000000, B=10'0001100000, Y=$memory$auto$proc_rom.cc:155:do_switch$160$rdmux[0][6][59]$b$5019
      New ports: A=1'0, B=1'1, Y=$memory$auto$proc_rom.cc:155:do_switch$160$rdmux[0][6][59]$b$5019 [5]
      New connections: { $memory$auto$proc_rom.cc:155:do_switch$160$rdmux[0][6][59]$b$5019 [9:6] $memory$auto$proc_rom.cc:155:do_switch$160$rdmux[0][6][59]$b$5019 [4:0] } = 9'000100000
    Consolidated identical input bits for $mux cell $memory$auto$proc_rom.cc:155:do_switch$160$rdmux[0][7][118]$5386:
      Old ports: A=10'0000100000, B=10'0000110000, Y=$memory$auto$proc_rom.cc:155:do_switch$160$rdmux[0][6][59]$a$5018
      New ports: A=1'0, B=1'1, Y=$memory$auto$proc_rom.cc:155:do_switch$160$rdmux[0][6][59]$a$5018 [4]
      New connections: { $memory$auto$proc_rom.cc:155:do_switch$160$rdmux[0][6][59]$a$5018 [9:5] $memory$auto$proc_rom.cc:155:do_switch$160$rdmux[0][6][59]$a$5018 [3:0] } = 9'000010000
    Consolidated identical input bits for $mux cell $memory$auto$proc_rom.cc:155:do_switch$160$rdmux[0][7][117]$5383:
      Old ports: A=10'0000010000, B=10'0000011000, Y=$memory$auto$proc_rom.cc:155:do_switch$160$rdmux[0][6][58]$b$5016
      New ports: A=1'0, B=1'1, Y=$memory$auto$proc_rom.cc:155:do_switch$160$rdmux[0][6][58]$b$5016 [3]
      New connections: { $memory$auto$proc_rom.cc:155:do_switch$160$rdmux[0][6][58]$b$5016 [9:4] $memory$auto$proc_rom.cc:155:do_switch$160$rdmux[0][6][58]$b$5016 [2:0] } = 9'000001000
    Consolidated identical input bits for $mux cell $memory$auto$proc_rom.cc:155:do_switch$160$rdmux[0][7][116]$5380:
      Old ports: A=10'0000000000, B=10'0000001000, Y=$memory$auto$proc_rom.cc:155:do_switch$160$rdmux[0][6][58]$a$5015
      New ports: A=1'0, B=1'1, Y=$memory$auto$proc_rom.cc:155:do_switch$160$rdmux[0][6][58]$a$5015 [3]
      New connections: { $memory$auto$proc_rom.cc:155:do_switch$160$rdmux[0][6][58]$a$5015 [9:4] $memory$auto$proc_rom.cc:155:do_switch$160$rdmux[0][6][58]$a$5015 [2:0] } = 9'000000000
    Consolidated identical input bits for $mux cell $memory$auto$proc_rom.cc:155:do_switch$160$rdmux[0][7][115]$5377:
      Old ports: A=10'1111000000, B=10'1110100000, Y=$memory$auto$proc_rom.cc:155:do_switch$160$rdmux[0][6][57]$b$5013
      New ports: A=2'10, B=2'01, Y=$memory$auto$proc_rom.cc:155:do_switch$160$rdmux[0][6][57]$b$5013 [6:5]
      New connections: { $memory$auto$proc_rom.cc:155:do_switch$160$rdmux[0][6][57]$b$5013 [9:7] $memory$auto$proc_rom.cc:155:do_switch$160$rdmux[0][6][57]$b$5013 [4:0] } = 8'11100000
    Consolidated identical input bits for $mux cell $memory$auto$proc_rom.cc:155:do_switch$160$rdmux[0][7][114]$5374:
      Old ports: A=10'1111100000, B=10'1111010000, Y=$memory$auto$proc_rom.cc:155:do_switch$160$rdmux[0][6][57]$a$5012
      New ports: A=2'10, B=2'01, Y=$memory$auto$proc_rom.cc:155:do_switch$160$rdmux[0][6][57]$a$5012 [5:4]
      New connections: { $memory$auto$proc_rom.cc:155:do_switch$160$rdmux[0][6][57]$a$5012 [9:6] $memory$auto$proc_rom.cc:155:do_switch$160$rdmux[0][6][57]$a$5012 [3:0] } = 8'11110000
    Consolidated identical input bits for $mux cell $memory$auto$proc_rom.cc:155:do_switch$160$rdmux[0][7][113]$5371:
      Old ports: A=10'1111110000, B=10'1111101000, Y=$memory$auto$proc_rom.cc:155:do_switch$160$rdmux[0][6][56]$b$5010
      New ports: A=2'10, B=2'01, Y=$memory$auto$proc_rom.cc:155:do_switch$160$rdmux[0][6][56]$b$5010 [4:3]
      New connections: { $memory$auto$proc_rom.cc:155:do_switch$160$rdmux[0][6][56]$b$5010 [9:5] $memory$auto$proc_rom.cc:155:do_switch$160$rdmux[0][6][56]$b$5010 [2:0] } = 8'11111000
    Consolidated identical input bits for $mux cell $memory$auto$proc_rom.cc:155:do_switch$160$rdmux[0][7][112]$5368:
      Old ports: A=10'0000000000, B=10'1111111000, Y=$memory$auto$proc_rom.cc:155:do_switch$160$rdmux[0][6][56]$a$5009
      New ports: A=1'0, B=1'1, Y=$memory$auto$proc_rom.cc:155:do_switch$160$rdmux[0][6][56]$a$5009 [3]
      New connections: { $memory$auto$proc_rom.cc:155:do_switch$160$rdmux[0][6][56]$a$5009 [9:4] $memory$auto$proc_rom.cc:155:do_switch$160$rdmux[0][6][56]$a$5009 [2:0] } = { $memory$auto$proc_rom.cc:155:do_switch$160$rdmux[0][6][56]$a$5009 [3] $memory$auto$proc_rom.cc:155:do_switch$160$rdmux[0][6][56]$a$5009 [3] $memory$auto$proc_rom.cc:155:do_switch$160$rdmux[0][6][56]$a$5009 [3] $memory$auto$proc_rom.cc:155:do_switch$160$rdmux[0][6][56]$a$5009 [3] $memory$auto$proc_rom.cc:155:do_switch$160$rdmux[0][6][56]$a$5009 [3] $memory$auto$proc_rom.cc:155:do_switch$160$rdmux[0][6][56]$a$5009 [3] 3'000 }
    Consolidated identical input bits for $mux cell $memory$auto$proc_rom.cc:155:do_switch$160$rdmux[0][7][111]$5365:
      Old ports: A=10'0000110000, B=10'0001001000, Y=$memory$auto$proc_rom.cc:155:do_switch$160$rdmux[0][6][55]$b$5007
      New ports: A=2'10, B=2'01, Y=$memory$auto$proc_rom.cc:155:do_switch$160$rdmux[0][6][55]$b$5007 [4:3]
      New connections: { $memory$auto$proc_rom.cc:155:do_switch$160$rdmux[0][6][55]$b$5007 [9:5] $memory$auto$proc_rom.cc:155:do_switch$160$rdmux[0][6][55]$b$5007 [2:0] } = { 3'000 $memory$auto$proc_rom.cc:155:do_switch$160$rdmux[0][6][55]$b$5007 [3] $memory$auto$proc_rom.cc:155:do_switch$160$rdmux[0][6][55]$b$5007 [4] 3'000 }
    Consolidated identical input bits for $mux cell $memory$auto$proc_rom.cc:155:do_switch$160$rdmux[0][7][110]$5362:
      Old ports: A=10'0000011000, B=10'0000100100, Y=$memory$auto$proc_rom.cc:155:do_switch$160$rdmux[0][6][55]$a$5006
      New ports: A=2'10, B=2'01, Y=$memory$auto$proc_rom.cc:155:do_switch$160$rdmux[0][6][55]$a$5006 [3:2]
      New connections: { $memory$auto$proc_rom.cc:155:do_switch$160$rdmux[0][6][55]$a$5006 [9:4] $memory$auto$proc_rom.cc:155:do_switch$160$rdmux[0][6][55]$a$5006 [1:0] } = { 4'0000 $memory$auto$proc_rom.cc:155:do_switch$160$rdmux[0][6][55]$a$5006 [2] $memory$auto$proc_rom.cc:155:do_switch$160$rdmux[0][6][55]$a$5006 [3] 2'00 }
    Consolidated identical input bits for $mux cell $memory$auto$proc_rom.cc:155:do_switch$160$rdmux[0][7][109]$5359:
      Old ports: A=10'0000001100, B=10'0000010010, Y=$memory$auto$proc_rom.cc:155:do_switch$160$rdmux[0][6][54]$b$5004
      New ports: A=2'10, B=2'01, Y=$memory$auto$proc_rom.cc:155:do_switch$160$rdmux[0][6][54]$b$5004 [2:1]
      New connections: { $memory$auto$proc_rom.cc:155:do_switch$160$rdmux[0][6][54]$b$5004 [9:3] $memory$auto$proc_rom.cc:155:do_switch$160$rdmux[0][6][54]$b$5004 [0] } = { 5'00000 $memory$auto$proc_rom.cc:155:do_switch$160$rdmux[0][6][54]$b$5004 [1] $memory$auto$proc_rom.cc:155:do_switch$160$rdmux[0][6][54]$b$5004 [2] 1'0 }
    Consolidated identical input bits for $mux cell $memory$auto$proc_rom.cc:155:do_switch$160$rdmux[0][7][108]$5356:
      Old ports: A=10'0000000000, B=10'0000000110, Y=$memory$auto$proc_rom.cc:155:do_switch$160$rdmux[0][6][54]$a$5003
      New ports: A=1'0, B=1'1, Y=$memory$auto$proc_rom.cc:155:do_switch$160$rdmux[0][6][54]$a$5003 [1]
      New connections: { $memory$auto$proc_rom.cc:155:do_switch$160$rdmux[0][6][54]$a$5003 [9:2] $memory$auto$proc_rom.cc:155:do_switch$160$rdmux[0][6][54]$a$5003 [0] } = { 7'0000000 $memory$auto$proc_rom.cc:155:do_switch$160$rdmux[0][6][54]$a$5003 [1] 1'0 }
    Consolidated identical input bits for $mux cell $memory$auto$proc_rom.cc:155:do_switch$160$rdmux[0][7][107]$5353:
      Old ports: A=10'1111010000, B=10'1110111000, Y=$memory$auto$proc_rom.cc:155:do_switch$160$rdmux[0][6][53]$b$5001
      New ports: A=2'10, B=2'01, Y={ $memory$auto$proc_rom.cc:155:do_switch$160$rdmux[0][6][53]$b$5001 [6] $memory$auto$proc_rom.cc:155:do_switch$160$rdmux[0][6][53]$b$5001 [3] }
      New connections: { $memory$auto$proc_rom.cc:155:do_switch$160$rdmux[0][6][53]$b$5001 [9:7] $memory$auto$proc_rom.cc:155:do_switch$160$rdmux[0][6][53]$b$5001 [5:4] $memory$auto$proc_rom.cc:155:do_switch$160$rdmux[0][6][53]$b$5001 [2:0] } = { 3'111 $memory$auto$proc_rom.cc:155:do_switch$160$rdmux[0][6][53]$b$5001 [3] 4'1000 }
    Consolidated identical input bits for $mux cell $memory$auto$proc_rom.cc:155:do_switch$160$rdmux[0][7][106]$5350:
      Old ports: A=10'1111101000, B=10'1111011100, Y=$memory$auto$proc_rom.cc:155:do_switch$160$rdmux[0][6][53]$a$5000
      New ports: A=2'10, B=2'01, Y={ $memory$auto$proc_rom.cc:155:do_switch$160$rdmux[0][6][53]$a$5000 [5] $memory$auto$proc_rom.cc:155:do_switch$160$rdmux[0][6][53]$a$5000 [2] }
      New connections: { $memory$auto$proc_rom.cc:155:do_switch$160$rdmux[0][6][53]$a$5000 [9:6] $memory$auto$proc_rom.cc:155:do_switch$160$rdmux[0][6][53]$a$5000 [4:3] $memory$auto$proc_rom.cc:155:do_switch$160$rdmux[0][6][53]$a$5000 [1:0] } = { 4'1111 $memory$auto$proc_rom.cc:155:do_switch$160$rdmux[0][6][53]$a$5000 [2] 3'100 }
    Consolidated identical input bits for $mux cell $memory$auto$proc_rom.cc:155:do_switch$160$rdmux[0][7][105]$5347:
      Old ports: A=10'1111110100, B=10'1111101110, Y=$memory$auto$proc_rom.cc:155:do_switch$160$rdmux[0][6][52]$b$4998
      New ports: A=2'10, B=2'01, Y={ $memory$auto$proc_rom.cc:155:do_switch$160$rdmux[0][6][52]$b$4998 [4] $memory$auto$proc_rom.cc:155:do_switch$160$rdmux[0][6][52]$b$4998 [1] }
      New connections: { $memory$auto$proc_rom.cc:155:do_switch$160$rdmux[0][6][52]$b$4998 [9:5] $memory$auto$proc_rom.cc:155:do_switch$160$rdmux[0][6][52]$b$4998 [3:2] $memory$auto$proc_rom.cc:155:do_switch$160$rdmux[0][6][52]$b$4998 [0] } = { 5'11111 $memory$auto$proc_rom.cc:155:do_switch$160$rdmux[0][6][52]$b$4998 [1] 2'10 }
    Consolidated identical input bits for $mux cell $memory$auto$proc_rom.cc:155:do_switch$160$rdmux[0][7][104]$5344:
      Old ports: A=10'0000000000, B=10'1111111010, Y=$memory$auto$proc_rom.cc:155:do_switch$160$rdmux[0][6][52]$a$4997
      New ports: A=1'0, B=1'1, Y=$memory$auto$proc_rom.cc:155:do_switch$160$rdmux[0][6][52]$a$4997 [1]
      New connections: { $memory$auto$proc_rom.cc:155:do_switch$160$rdmux[0][6][52]$a$4997 [9:2] $memory$auto$proc_rom.cc:155:do_switch$160$rdmux[0][6][52]$a$4997 [0] } = { $memory$auto$proc_rom.cc:155:do_switch$160$rdmux[0][6][52]$a$4997 [1] $memory$auto$proc_rom.cc:155:do_switch$160$rdmux[0][6][52]$a$4997 [1] $memory$auto$proc_rom.cc:155:do_switch$160$rdmux[0][6][52]$a$4997 [1] $memory$auto$proc_rom.cc:155:do_switch$160$rdmux[0][6][52]$a$4997 [1] $memory$auto$proc_rom.cc:155:do_switch$160$rdmux[0][6][52]$a$4997 [1] $memory$auto$proc_rom.cc:155:do_switch$160$rdmux[0][6][52]$a$4997 [1] $memory$auto$proc_rom.cc:155:do_switch$160$rdmux[0][6][52]$a$4997 [1] 2'00 }
    Consolidated identical input bits for $mux cell $memory$auto$proc_rom.cc:155:do_switch$160$rdmux[0][7][103]$5341:
      Old ports: A=10'0000100000, B=10'0000110000, Y=$memory$auto$proc_rom.cc:155:do_switch$160$rdmux[0][6][51]$b$4995
      New ports: A=1'0, B=1'1, Y=$memory$auto$proc_rom.cc:155:do_switch$160$rdmux[0][6][51]$b$4995 [4]
      New connections: { $memory$auto$proc_rom.cc:155:do_switch$160$rdmux[0][6][51]$b$4995 [9:5] $memory$auto$proc_rom.cc:155:do_switch$160$rdmux[0][6][51]$b$4995 [3:0] } = 9'000010000
    Consolidated identical input bits for $mux cell $memory$auto$proc_rom.cc:155:do_switch$160$rdmux[0][7][102]$5338:
      Old ports: A=10'0000010000, B=10'0000011000, Y=$memory$auto$proc_rom.cc:155:do_switch$160$rdmux[0][6][51]$a$4994
      New ports: A=1'0, B=1'1, Y=$memory$auto$proc_rom.cc:155:do_switch$160$rdmux[0][6][51]$a$4994 [3]
      New connections: { $memory$auto$proc_rom.cc:155:do_switch$160$rdmux[0][6][51]$a$4994 [9:4] $memory$auto$proc_rom.cc:155:do_switch$160$rdmux[0][6][51]$a$4994 [2:0] } = 9'000001000
    Consolidated identical input bits for $mux cell $memory$auto$proc_rom.cc:155:do_switch$160$rdmux[0][7][101]$5335:
      Old ports: A=10'0000001000, B=10'0000001100, Y=$memory$auto$proc_rom.cc:155:do_switch$160$rdmux[0][6][50]$b$4992
      New ports: A=1'0, B=1'1, Y=$memory$auto$proc_rom.cc:155:do_switch$160$rdmux[0][6][50]$b$4992 [2]
      New connections: { $memory$auto$proc_rom.cc:155:do_switch$160$rdmux[0][6][50]$b$4992 [9:3] $memory$auto$proc_rom.cc:155:do_switch$160$rdmux[0][6][50]$b$4992 [1:0] } = 9'000000100
    Consolidated identical input bits for $mux cell $memory$auto$proc_rom.cc:155:do_switch$160$rdmux[0][7][100]$5332:
      Old ports: A=10'0000000000, B=10'0000000100, Y=$memory$auto$proc_rom.cc:155:do_switch$160$rdmux[0][6][50]$a$4991
      New ports: A=1'0, B=1'1, Y=$memory$auto$proc_rom.cc:155:do_switch$160$rdmux[0][6][50]$a$4991 [2]
      New connections: { $memory$auto$proc_rom.cc:155:do_switch$160$rdmux[0][6][50]$a$4991 [9:3] $memory$auto$proc_rom.cc:155:do_switch$160$rdmux[0][6][50]$a$4991 [1:0] } = 9'000000000
    Consolidated identical input bits for $mux cell $memory$auto$proc_rom.cc:155:do_switch$160$rdmux[0][7][99]$5329:
      Old ports: A=10'1111100000, B=10'1111010000, Y=$memory$auto$proc_rom.cc:155:do_switch$160$rdmux[0][6][49]$b$4989
      New ports: A=2'10, B=2'01, Y=$memory$auto$proc_rom.cc:155:do_switch$160$rdmux[0][6][49]$b$4989 [5:4]
      New connections: { $memory$auto$proc_rom.cc:155:do_switch$160$rdmux[0][6][49]$b$4989 [9:6] $memory$auto$proc_rom.cc:155:do_switch$160$rdmux[0][6][49]$b$4989 [3:0] } = 8'11110000
    Consolidated identical input bits for $mux cell $memory$auto$proc_rom.cc:155:do_switch$160$rdmux[0][7][98]$5326:
      Old ports: A=10'1111110000, B=10'1111101000, Y=$memory$auto$proc_rom.cc:155:do_switch$160$rdmux[0][6][49]$a$4988
      New ports: A=2'10, B=2'01, Y=$memory$auto$proc_rom.cc:155:do_switch$160$rdmux[0][6][49]$a$4988 [4:3]
      New connections: { $memory$auto$proc_rom.cc:155:do_switch$160$rdmux[0][6][49]$a$4988 [9:5] $memory$auto$proc_rom.cc:155:do_switch$160$rdmux[0][6][49]$a$4988 [2:0] } = 8'11111000
    Consolidated identical input bits for $mux cell $memory$auto$proc_rom.cc:155:do_switch$160$rdmux[0][7][97]$5323:
      Old ports: A=10'1111111000, B=10'1111110100, Y=$memory$auto$proc_rom.cc:155:do_switch$160$rdmux[0][6][48]$b$4986
      New ports: A=2'10, B=2'01, Y=$memory$auto$proc_rom.cc:155:do_switch$160$rdmux[0][6][48]$b$4986 [3:2]
      New connections: { $memory$auto$proc_rom.cc:155:do_switch$160$rdmux[0][6][48]$b$4986 [9:4] $memory$auto$proc_rom.cc:155:do_switch$160$rdmux[0][6][48]$b$4986 [1:0] } = 8'11111100
    Consolidated identical input bits for $mux cell $memory$auto$proc_rom.cc:155:do_switch$160$rdmux[0][7][96]$5320:
      Old ports: A=10'0000000000, B=10'1111111100, Y=$memory$auto$proc_rom.cc:155:do_switch$160$rdmux[0][6][48]$a$4985
      New ports: A=1'0, B=1'1, Y=$memory$auto$proc_rom.cc:155:do_switch$160$rdmux[0][6][48]$a$4985 [2]
      New connections: { $memory$auto$proc_rom.cc:155:do_switch$160$rdmux[0][6][48]$a$4985 [9:3] $memory$auto$proc_rom.cc:155:do_switch$160$rdmux[0][6][48]$a$4985 [1:0] } = { $memory$auto$proc_rom.cc:155:do_switch$160$rdmux[0][6][48]$a$4985 [2] $memory$auto$proc_rom.cc:155:do_switch$160$rdmux[0][6][48]$a$4985 [2] $memory$auto$proc_rom.cc:155:do_switch$160$rdmux[0][6][48]$a$4985 [2] $memory$auto$proc_rom.cc:155:do_switch$160$rdmux[0][6][48]$a$4985 [2] $memory$auto$proc_rom.cc:155:do_switch$160$rdmux[0][6][48]$a$4985 [2] $memory$auto$proc_rom.cc:155:do_switch$160$rdmux[0][6][48]$a$4985 [2] $memory$auto$proc_rom.cc:155:do_switch$160$rdmux[0][6][48]$a$4985 [2] 2'00 }
    Consolidated identical input bits for $mux cell $memory$auto$proc_rom.cc:155:do_switch$160$rdmux[0][7][95]$5317:
      Old ports: A=10'0000011000, B=10'0000100100, Y=$memory$auto$proc_rom.cc:155:do_switch$160$rdmux[0][6][47]$b$4983
      New ports: A=2'10, B=2'01, Y=$memory$auto$proc_rom.cc:155:do_switch$160$rdmux[0][6][47]$b$4983 [3:2]
      New connections: { $memory$auto$proc_rom.cc:155:do_switch$160$rdmux[0][6][47]$b$4983 [9:4] $memory$auto$proc_rom.cc:155:do_switch$160$rdmux[0][6][47]$b$4983 [1:0] } = { 4'0000 $memory$auto$proc_rom.cc:155:do_switch$160$rdmux[0][6][47]$b$4983 [2] $memory$auto$proc_rom.cc:155:do_switch$160$rdmux[0][6][47]$b$4983 [3] 2'00 }
    Consolidated identical input bits for $mux cell $memory$auto$proc_rom.cc:155:do_switch$160$rdmux[0][7][94]$5314:
      Old ports: A=10'0000001100, B=10'0000010010, Y=$memory$auto$proc_rom.cc:155:do_switch$160$rdmux[0][6][47]$a$4982
      New ports: A=2'10, B=2'01, Y=$memory$auto$proc_rom.cc:155:do_switch$160$rdmux[0][6][47]$a$4982 [2:1]
      New connections: { $memory$auto$proc_rom.cc:155:do_switch$160$rdmux[0][6][47]$a$4982 [9:3] $memory$auto$proc_rom.cc:155:do_switch$160$rdmux[0][6][47]$a$4982 [0] } = { 5'00000 $memory$auto$proc_rom.cc:155:do_switch$160$rdmux[0][6][47]$a$4982 [1] $memory$auto$proc_rom.cc:155:do_switch$160$rdmux[0][6][47]$a$4982 [2] 1'0 }
    Consolidated identical input bits for $mux cell $memory$auto$proc_rom.cc:155:do_switch$160$rdmux[0][7][93]$5311:
      Old ports: A=10'0000000110, B=10'0000001001, Y=$memory$auto$proc_rom.cc:155:do_switch$160$rdmux[0][6][46]$b$4980
      New ports: A=2'10, B=2'01, Y=$memory$auto$proc_rom.cc:155:do_switch$160$rdmux[0][6][46]$b$4980 [1:0]
      New connections: $memory$auto$proc_rom.cc:155:do_switch$160$rdmux[0][6][46]$b$4980 [9:2] = { 6'000000 $memory$auto$proc_rom.cc:155:do_switch$160$rdmux[0][6][46]$b$4980 [0] $memory$auto$proc_rom.cc:155:do_switch$160$rdmux[0][6][46]$b$4980 [1] }
    Consolidated identical input bits for $mux cell $memory$auto$proc_rom.cc:155:do_switch$160$rdmux[0][7][92]$5308:
      Old ports: A=10'0000000000, B=10'0000000011, Y=$memory$auto$proc_rom.cc:155:do_switch$160$rdmux[0][6][46]$a$4979
      New ports: A=1'0, B=1'1, Y=$memory$auto$proc_rom.cc:155:do_switch$160$rdmux[0][6][46]$a$4979 [0]
      New connections: $memory$auto$proc_rom.cc:155:do_switch$160$rdmux[0][6][46]$a$4979 [9:1] = { 8'00000000 $memory$auto$proc_rom.cc:155:do_switch$160$rdmux[0][6][46]$a$4979 [0] }
    Consolidated identical input bits for $mux cell $memory$auto$proc_rom.cc:155:do_switch$160$rdmux[0][7][91]$5305:
      Old ports: A=10'1111101000, B=10'1111011100, Y=$memory$auto$proc_rom.cc:155:do_switch$160$rdmux[0][6][45]$b$4977
      New ports: A=2'10, B=2'01, Y={ $memory$auto$proc_rom.cc:155:do_switch$160$rdmux[0][6][45]$b$4977 [5] $memory$auto$proc_rom.cc:155:do_switch$160$rdmux[0][6][45]$b$4977 [2] }
      New connections: { $memory$auto$proc_rom.cc:155:do_switch$160$rdmux[0][6][45]$b$4977 [9:6] $memory$auto$proc_rom.cc:155:do_switch$160$rdmux[0][6][45]$b$4977 [4:3] $memory$auto$proc_rom.cc:155:do_switch$160$rdmux[0][6][45]$b$4977 [1:0] } = { 4'1111 $memory$auto$proc_rom.cc:155:do_switch$160$rdmux[0][6][45]$b$4977 [2] 3'100 }
    Consolidated identical input bits for $mux cell $memory$auto$proc_rom.cc:155:do_switch$160$rdmux[0][7][90]$5302:
      Old ports: A=10'1111110100, B=10'1111101110, Y=$memory$auto$proc_rom.cc:155:do_switch$160$rdmux[0][6][45]$a$4976
      New ports: A=2'10, B=2'01, Y={ $memory$auto$proc_rom.cc:155:do_switch$160$rdmux[0][6][45]$a$4976 [4] $memory$auto$proc_rom.cc:155:do_switch$160$rdmux[0][6][45]$a$4976 [1] }
      New connections: { $memory$auto$proc_rom.cc:155:do_switch$160$rdmux[0][6][45]$a$4976 [9:5] $memory$auto$proc_rom.cc:155:do_switch$160$rdmux[0][6][45]$a$4976 [3:2] $memory$auto$proc_rom.cc:155:do_switch$160$rdmux[0][6][45]$a$4976 [0] } = { 5'11111 $memory$auto$proc_rom.cc:155:do_switch$160$rdmux[0][6][45]$a$4976 [1] 2'10 }
    Consolidated identical input bits for $mux cell $memory$auto$proc_rom.cc:155:do_switch$160$rdmux[0][7][89]$5299:
      Old ports: A=10'1111111010, B=10'1111110111, Y=$memory$auto$proc_rom.cc:155:do_switch$160$rdmux[0][6][44]$b$4974
      New ports: A=2'10, B=2'01, Y={ $memory$auto$proc_rom.cc:155:do_switch$160$rdmux[0][6][44]$b$4974 [3] $memory$auto$proc_rom.cc:155:do_switch$160$rdmux[0][6][44]$b$4974 [0] }
      New connections: { $memory$auto$proc_rom.cc:155:do_switch$160$rdmux[0][6][44]$b$4974 [9:4] $memory$auto$proc_rom.cc:155:do_switch$160$rdmux[0][6][44]$b$4974 [2:1] } = { 6'111111 $memory$auto$proc_rom.cc:155:do_switch$160$rdmux[0][6][44]$b$4974 [0] 1'1 }
    Consolidated identical input bits for $mux cell $memory$auto$proc_rom.cc:155:do_switch$160$rdmux[0][7][88]$5296:
      Old ports: A=10'0000000000, B=10'1111111101, Y=$memory$auto$proc_rom.cc:155:do_switch$160$rdmux[0][6][44]$a$4973
      New ports: A=1'0, B=1'1, Y=$memory$auto$proc_rom.cc:155:do_switch$160$rdmux[0][6][44]$a$4973 [0]
      New connections: $memory$auto$proc_rom.cc:155:do_switch$160$rdmux[0][6][44]$a$4973 [9:1] = { $memory$auto$proc_rom.cc:155:do_switch$160$rdmux[0][6][44]$a$4973 [0] $memory$auto$proc_rom.cc:155:do_switch$160$rdmux[0][6][44]$a$4973 [0] $memory$auto$proc_rom.cc:155:do_switch$160$rdmux[0][6][44]$a$4973 [0] $memory$auto$proc_rom.cc:155:do_switch$160$rdmux[0][6][44]$a$4973 [0] $memory$auto$proc_rom.cc:155:do_switch$160$rdmux[0][6][44]$a$4973 [0] $memory$auto$proc_rom.cc:155:do_switch$160$rdmux[0][6][44]$a$4973 [0] $memory$auto$proc_rom.cc:155:do_switch$160$rdmux[0][6][44]$a$4973 [0] $memory$auto$proc_rom.cc:155:do_switch$160$rdmux[0][6][44]$a$4973 [0] 1'0 }
    Consolidated identical input bits for $mux cell $memory$auto$proc_rom.cc:155:do_switch$160$rdmux[0][7][87]$5293:
      Old ports: A=10'0000010000, B=10'0000011000, Y=$memory$auto$proc_rom.cc:155:do_switch$160$rdmux[0][6][43]$b$4971
      New ports: A=1'0, B=1'1, Y=$memory$auto$proc_rom.cc:155:do_switch$160$rdmux[0][6][43]$b$4971 [3]
      New connections: { $memory$auto$proc_rom.cc:155:do_switch$160$rdmux[0][6][43]$b$4971 [9:4] $memory$auto$proc_rom.cc:155:do_switch$160$rdmux[0][6][43]$b$4971 [2:0] } = 9'000001000
    Consolidated identical input bits for $mux cell $memory$auto$proc_rom.cc:155:do_switch$160$rdmux[0][7][86]$5290:
      Old ports: A=10'0000001000, B=10'0000001100, Y=$memory$auto$proc_rom.cc:155:do_switch$160$rdmux[0][6][43]$a$4970
      New ports: A=1'0, B=1'1, Y=$memory$auto$proc_rom.cc:155:do_switch$160$rdmux[0][6][43]$a$4970 [2]
      New connections: { $memory$auto$proc_rom.cc:155:do_switch$160$rdmux[0][6][43]$a$4970 [9:3] $memory$auto$proc_rom.cc:155:do_switch$160$rdmux[0][6][43]$a$4970 [1:0] } = 9'000000100
    Consolidated identical input bits for $mux cell $memory$auto$proc_rom.cc:155:do_switch$160$rdmux[0][7][85]$5287:
      Old ports: A=10'0000000100, B=10'0000000110, Y=$memory$auto$proc_rom.cc:155:do_switch$160$rdmux[0][6][42]$b$4968
      New ports: A=1'0, B=1'1, Y=$memory$auto$proc_rom.cc:155:do_switch$160$rdmux[0][6][42]$b$4968 [1]
      New connections: { $memory$auto$proc_rom.cc:155:do_switch$160$rdmux[0][6][42]$b$4968 [9:2] $memory$auto$proc_rom.cc:155:do_switch$160$rdmux[0][6][42]$b$4968 [0] } = 9'000000010
    Consolidated identical input bits for $mux cell $memory$auto$proc_rom.cc:155:do_switch$160$rdmux[0][7][84]$5284:
      Old ports: A=10'0000000000, B=10'0000000010, Y=$memory$auto$proc_rom.cc:155:do_switch$160$rdmux[0][6][42]$a$4967
      New ports: A=1'0, B=1'1, Y=$memory$auto$proc_rom.cc:155:do_switch$160$rdmux[0][6][42]$a$4967 [1]
      New connections: { $memory$auto$proc_rom.cc:155:do_switch$160$rdmux[0][6][42]$a$4967 [9:2] $memory$auto$proc_rom.cc:155:do_switch$160$rdmux[0][6][42]$a$4967 [0] } = 9'000000000
    Consolidated identical input bits for $mux cell $memory$auto$proc_rom.cc:155:do_switch$160$rdmux[0][7][83]$5281:
      Old ports: A=10'1111110000, B=10'1111101000, Y=$memory$auto$proc_rom.cc:155:do_switch$160$rdmux[0][6][41]$b$4965
      New ports: A=2'10, B=2'01, Y=$memory$auto$proc_rom.cc:155:do_switch$160$rdmux[0][6][41]$b$4965 [4:3]
      New connections: { $memory$auto$proc_rom.cc:155:do_switch$160$rdmux[0][6][41]$b$4965 [9:5] $memory$auto$proc_rom.cc:155:do_switch$160$rdmux[0][6][41]$b$4965 [2:0] } = 8'11111000
    Consolidated identical input bits for $mux cell $memory$auto$proc_rom.cc:155:do_switch$160$rdmux[0][7][82]$5278:
      Old ports: A=10'1111111000, B=10'1111110100, Y=$memory$auto$proc_rom.cc:155:do_switch$160$rdmux[0][6][41]$a$4964
      New ports: A=2'10, B=2'01, Y=$memory$auto$proc_rom.cc:155:do_switch$160$rdmux[0][6][41]$a$4964 [3:2]
      New connections: { $memory$auto$proc_rom.cc:155:do_switch$160$rdmux[0][6][41]$a$4964 [9:4] $memory$auto$proc_rom.cc:155:do_switch$160$rdmux[0][6][41]$a$4964 [1:0] } = 8'11111100
    Consolidated identical input bits for $mux cell $memory$auto$proc_rom.cc:155:do_switch$160$rdmux[0][7][81]$5275:
      Old ports: A=10'1111111100, B=10'1111111010, Y=$memory$auto$proc_rom.cc:155:do_switch$160$rdmux[0][6][40]$b$4962
      New ports: A=2'10, B=2'01, Y=$memory$auto$proc_rom.cc:155:do_switch$160$rdmux[0][6][40]$b$4962 [2:1]
      New connections: { $memory$auto$proc_rom.cc:155:do_switch$160$rdmux[0][6][40]$b$4962 [9:3] $memory$auto$proc_rom.cc:155:do_switch$160$rdmux[0][6][40]$b$4962 [0] } = 8'11111110
    Consolidated identical input bits for $mux cell $memory$auto$proc_rom.cc:155:do_switch$160$rdmux[0][7][80]$5272:
      Old ports: A=10'0000000000, B=10'1111111110, Y=$memory$auto$proc_rom.cc:155:do_switch$160$rdmux[0][6][40]$a$4961
      New ports: A=1'0, B=1'1, Y=$memory$auto$proc_rom.cc:155:do_switch$160$rdmux[0][6][40]$a$4961 [1]
      New connections: { $memory$auto$proc_rom.cc:155:do_switch$160$rdmux[0][6][40]$a$4961 [9:2] $memory$auto$proc_rom.cc:155:do_switch$160$rdmux[0][6][40]$a$4961 [0] } = { $memory$auto$proc_rom.cc:155:do_switch$160$rdmux[0][6][40]$a$4961 [1] $memory$auto$proc_rom.cc:155:do_switch$160$rdmux[0][6][40]$a$4961 [1] $memory$auto$proc_rom.cc:155:do_switch$160$rdmux[0][6][40]$a$4961 [1] $memory$auto$proc_rom.cc:155:do_switch$160$rdmux[0][6][40]$a$4961 [1] $memory$auto$proc_rom.cc:155:do_switch$160$rdmux[0][6][40]$a$4961 [1] $memory$auto$proc_rom.cc:155:do_switch$160$rdmux[0][6][40]$a$4961 [1] $memory$auto$proc_rom.cc:155:do_switch$160$rdmux[0][6][40]$a$4961 [1] $memory$auto$proc_rom.cc:155:do_switch$160$rdmux[0][6][40]$a$4961 [1] 1'0 }
    Consolidated identical input bits for $mux cell $memory$auto$proc_rom.cc:155:do_switch$160$rdmux[0][7][79]$5269:
      Old ports: A=10'0000001000, B=10'0000001100, Y=$memory$auto$proc_rom.cc:155:do_switch$160$rdmux[0][6][39]$b$4959
      New ports: A=1'0, B=1'1, Y=$memory$auto$proc_rom.cc:155:do_switch$160$rdmux[0][6][39]$b$4959 [2]
      New connections: { $memory$auto$proc_rom.cc:155:do_switch$160$rdmux[0][6][39]$b$4959 [9:3] $memory$auto$proc_rom.cc:155:do_switch$160$rdmux[0][6][39]$b$4959 [1:0] } = 9'000000100
    Consolidated identical input bits for $mux cell $memory$auto$proc_rom.cc:155:do_switch$160$rdmux[0][7][78]$5266:
      Old ports: A=10'0000000100, B=10'0000000110, Y=$memory$auto$proc_rom.cc:155:do_switch$160$rdmux[0][6][39]$a$4958
      New ports: A=1'0, B=1'1, Y=$memory$auto$proc_rom.cc:155:do_switch$160$rdmux[0][6][39]$a$4958 [1]
      New connections: { $memory$auto$proc_rom.cc:155:do_switch$160$rdmux[0][6][39]$a$4958 [9:2] $memory$auto$proc_rom.cc:155:do_switch$160$rdmux[0][6][39]$a$4958 [0] } = 9'000000010
    Consolidated identical input bits for $mux cell $memory$auto$proc_rom.cc:155:do_switch$160$rdmux[0][7][77]$5263:
      Old ports: A=10'0000000010, B=10'0000000011, Y=$memory$auto$proc_rom.cc:155:do_switch$160$rdmux[0][6][38]$b$4956
      New ports: A=1'0, B=1'1, Y=$memory$auto$proc_rom.cc:155:do_switch$160$rdmux[0][6][38]$b$4956 [0]
      New connections: $memory$auto$proc_rom.cc:155:do_switch$160$rdmux[0][6][38]$b$4956 [9:1] = 9'000000001
    Consolidated identical input bits for $mux cell $memory$auto$proc_rom.cc:155:do_switch$160$rdmux[0][7][76]$5260:
      Old ports: A=10'0000000000, B=10'0000000001, Y=$memory$auto$proc_rom.cc:155:do_switch$160$rdmux[0][6][38]$a$4955
      New ports: A=1'0, B=1'1, Y=$memory$auto$proc_rom.cc:155:do_switch$160$rdmux[0][6][38]$a$4955 [0]
      New connections: $memory$auto$proc_rom.cc:155:do_switch$160$rdmux[0][6][38]$a$4955 [9:1] = 9'000000000
    Consolidated identical input bits for $mux cell $memory$auto$proc_rom.cc:155:do_switch$160$rdmux[0][7][75]$5257:
      Old ports: A=10'1111111000, B=10'1111110100, Y=$memory$auto$proc_rom.cc:155:do_switch$160$rdmux[0][6][37]$b$4953
      New ports: A=2'10, B=2'01, Y=$memory$auto$proc_rom.cc:155:do_switch$160$rdmux[0][6][37]$b$4953 [3:2]
      New connections: { $memory$auto$proc_rom.cc:155:do_switch$160$rdmux[0][6][37]$b$4953 [9:4] $memory$auto$proc_rom.cc:155:do_switch$160$rdmux[0][6][37]$b$4953 [1:0] } = 8'11111100
    Consolidated identical input bits for $mux cell $memory$auto$proc_rom.cc:155:do_switch$160$rdmux[0][7][74]$5254:
      Old ports: A=10'1111111100, B=10'1111111010, Y=$memory$auto$proc_rom.cc:155:do_switch$160$rdmux[0][6][37]$a$4952
      New ports: A=2'10, B=2'01, Y=$memory$auto$proc_rom.cc:155:do_switch$160$rdmux[0][6][37]$a$4952 [2:1]
      New connections: { $memory$auto$proc_rom.cc:155:do_switch$160$rdmux[0][6][37]$a$4952 [9:3] $memory$auto$proc_rom.cc:155:do_switch$160$rdmux[0][6][37]$a$4952 [0] } = 8'11111110
    Consolidated identical input bits for $mux cell $memory$auto$proc_rom.cc:155:do_switch$160$rdmux[0][7][73]$5251:
      Old ports: A=10'1111111110, B=10'1111111101, Y=$memory$auto$proc_rom.cc:155:do_switch$160$rdmux[0][6][36]$b$4950
      New ports: A=2'10, B=2'01, Y=$memory$auto$proc_rom.cc:155:do_switch$160$rdmux[0][6][36]$b$4950 [1:0]
      New connections: $memory$auto$proc_rom.cc:155:do_switch$160$rdmux[0][6][36]$b$4950 [9:2] = 8'11111111
    Consolidated identical input bits for $mux cell $memory$auto$proc_rom.cc:155:do_switch$160$rdmux[0][7][72]$5248:
      Old ports: A=10'0000000000, B=10'1111111111, Y=$memory$auto$proc_rom.cc:155:do_switch$160$rdmux[0][6][36]$a$4949
      New ports: A=1'0, B=1'1, Y=$memory$auto$proc_rom.cc:155:do_switch$160$rdmux[0][6][36]$a$4949 [0]
      New connections: $memory$auto$proc_rom.cc:155:do_switch$160$rdmux[0][6][36]$a$4949 [9:1] = { $memory$auto$proc_rom.cc:155:do_switch$160$rdmux[0][6][36]$a$4949 [0] $memory$auto$proc_rom.cc:155:do_switch$160$rdmux[0][6][36]$a$4949 [0] $memory$auto$proc_rom.cc:155:do_switch$160$rdmux[0][6][36]$a$4949 [0] $memory$auto$proc_rom.cc:155:do_switch$160$rdmux[0][6][36]$a$4949 [0] $memory$auto$proc_rom.cc:155:do_switch$160$rdmux[0][6][36]$a$4949 [0] $memory$auto$proc_rom.cc:155:do_switch$160$rdmux[0][6][36]$a$4949 [0] $memory$auto$proc_rom.cc:155:do_switch$160$rdmux[0][6][36]$a$4949 [0] $memory$auto$proc_rom.cc:155:do_switch$160$rdmux[0][6][36]$a$4949 [0] $memory$auto$proc_rom.cc:155:do_switch$160$rdmux[0][6][36]$a$4949 [0] }
    Consolidated identical input bits for $mux cell $memory$auto$proc_rom.cc:155:do_switch$156$rdmux[0][7][126]$6175:
      Old ports: A=10'0000110000, B=10'0001001000, Y=$memory$auto$proc_rom.cc:155:do_switch$156$rdmux[0][6][63]$a$5795
      New ports: A=2'10, B=2'01, Y=$memory$auto$proc_rom.cc:155:do_switch$156$rdmux[0][6][63]$a$5795 [4:3]
      New connections: { $memory$auto$proc_rom.cc:155:do_switch$156$rdmux[0][6][63]$a$5795 [9:5] $memory$auto$proc_rom.cc:155:do_switch$156$rdmux[0][6][63]$a$5795 [2:0] } = { 3'000 $memory$auto$proc_rom.cc:155:do_switch$156$rdmux[0][6][63]$a$5795 [3] $memory$auto$proc_rom.cc:155:do_switch$156$rdmux[0][6][63]$a$5795 [4] 3'000 }
    Consolidated identical input bits for $mux cell $memory$auto$proc_rom.cc:155:do_switch$156$rdmux[0][7][125]$6172:
      Old ports: A=10'0000011000, B=10'0000100100, Y=$memory$auto$proc_rom.cc:155:do_switch$156$rdmux[0][6][62]$b$5793
      New ports: A=2'10, B=2'01, Y=$memory$auto$proc_rom.cc:155:do_switch$156$rdmux[0][6][62]$b$5793 [3:2]
      New connections: { $memory$auto$proc_rom.cc:155:do_switch$156$rdmux[0][6][62]$b$5793 [9:4] $memory$auto$proc_rom.cc:155:do_switch$156$rdmux[0][6][62]$b$5793 [1:0] } = { 4'0000 $memory$auto$proc_rom.cc:155:do_switch$156$rdmux[0][6][62]$b$5793 [2] $memory$auto$proc_rom.cc:155:do_switch$156$rdmux[0][6][62]$b$5793 [3] 2'00 }
    Consolidated identical input bits for $mux cell $memory$auto$proc_rom.cc:155:do_switch$156$rdmux[0][7][123]$6166:
      Old ports: A=10'1110100000, B=10'1101110000, Y=$memory$auto$proc_rom.cc:155:do_switch$156$rdmux[0][6][61]$b$5790
      New ports: A=2'10, B=2'01, Y={ $memory$auto$proc_rom.cc:155:do_switch$156$rdmux[0][6][61]$b$5790 [7] $memory$auto$proc_rom.cc:155:do_switch$156$rdmux[0][6][61]$b$5790 [4] }
      New connections: { $memory$auto$proc_rom.cc:155:do_switch$156$rdmux[0][6][61]$b$5790 [9:8] $memory$auto$proc_rom.cc:155:do_switch$156$rdmux[0][6][61]$b$5790 [6:5] $memory$auto$proc_rom.cc:155:do_switch$156$rdmux[0][6][61]$b$5790 [3:0] } = { 2'11 $memory$auto$proc_rom.cc:155:do_switch$156$rdmux[0][6][61]$b$5790 [4] 5'10000 }
    Consolidated identical input bits for $mux cell $memory$auto$proc_rom.cc:155:do_switch$156$rdmux[0][7][122]$6163:
      Old ports: A=10'1111010000, B=10'1110111000, Y=$memory$auto$proc_rom.cc:155:do_switch$156$rdmux[0][6][61]$a$5789
      New ports: A=2'10, B=2'01, Y={ $memory$auto$proc_rom.cc:155:do_switch$156$rdmux[0][6][61]$a$5789 [6] $memory$auto$proc_rom.cc:155:do_switch$156$rdmux[0][6][61]$a$5789 [3] }
      New connections: { $memory$auto$proc_rom.cc:155:do_switch$156$rdmux[0][6][61]$a$5789 [9:7] $memory$auto$proc_rom.cc:155:do_switch$156$rdmux[0][6][61]$a$5789 [5:4] $memory$auto$proc_rom.cc:155:do_switch$156$rdmux[0][6][61]$a$5789 [2:0] } = { 3'111 $memory$auto$proc_rom.cc:155:do_switch$156$rdmux[0][6][61]$a$5789 [3] 4'1000 }
    Consolidated identical input bits for $mux cell $memory$auto$proc_rom.cc:155:do_switch$156$rdmux[0][7][119]$6154:
      Old ports: A=10'0001000000, B=10'0001100000, Y=$memory$auto$proc_rom.cc:155:do_switch$156$rdmux[0][6][59]$b$5784
      New ports: A=1'0, B=1'1, Y=$memory$auto$proc_rom.cc:155:do_switch$156$rdmux[0][6][59]$b$5784 [5]
      New connections: { $memory$auto$proc_rom.cc:155:do_switch$156$rdmux[0][6][59]$b$5784 [9:6] $memory$auto$proc_rom.cc:155:do_switch$156$rdmux[0][6][59]$b$5784 [4:0] } = 9'000100000
    Consolidated identical input bits for $mux cell $memory$auto$proc_rom.cc:155:do_switch$156$rdmux[0][7][118]$6151:
      Old ports: A=10'0000100000, B=10'0000110000, Y=$memory$auto$proc_rom.cc:155:do_switch$156$rdmux[0][6][59]$a$5783
      New ports: A=1'0, B=1'1, Y=$memory$auto$proc_rom.cc:155:do_switch$156$rdmux[0][6][59]$a$5783 [4]
      New connections: { $memory$auto$proc_rom.cc:155:do_switch$156$rdmux[0][6][59]$a$5783 [9:5] $memory$auto$proc_rom.cc:155:do_switch$156$rdmux[0][6][59]$a$5783 [3:0] } = 9'000010000
    Consolidated identical input bits for $mux cell $memory$auto$proc_rom.cc:155:do_switch$156$rdmux[0][7][116]$6145:
      Old ports: A=10'0000000000, B=10'0000001000, Y=$memory$auto$proc_rom.cc:155:do_switch$156$rdmux[0][6][58]$a$5780
      New ports: A=1'0, B=1'1, Y=$memory$auto$proc_rom.cc:155:do_switch$156$rdmux[0][6][58]$a$5780 [3]
      New connections: { $memory$auto$proc_rom.cc:155:do_switch$156$rdmux[0][6][58]$a$5780 [9:4] $memory$auto$proc_rom.cc:155:do_switch$156$rdmux[0][6][58]$a$5780 [2:0] } = 9'000000000
    Consolidated identical input bits for $mux cell $memory$auto$proc_rom.cc:155:do_switch$156$rdmux[0][7][115]$6142:
      Old ports: A=10'1111000000, B=10'1110100000, Y=$memory$auto$proc_rom.cc:155:do_switch$156$rdmux[0][6][57]$b$5778
      New ports: A=2'10, B=2'01, Y=$memory$auto$proc_rom.cc:155:do_switch$156$rdmux[0][6][57]$b$5778 [6:5]
      New connections: { $memory$auto$proc_rom.cc:155:do_switch$156$rdmux[0][6][57]$b$5778 [9:7] $memory$auto$proc_rom.cc:155:do_switch$156$rdmux[0][6][57]$b$5778 [4:0] } = 8'11100000
    Consolidated identical input bits for $mux cell $memory$auto$proc_rom.cc:155:do_switch$160$rdmux[0][7][63]$5221:
      Old ports: A=10'1110100000, B=10'1101110000, Y=$memory$auto$proc_rom.cc:155:do_switch$160$rdmux[0][6][31]$b$4935
      New ports: A=2'10, B=2'01, Y={ $memory$auto$proc_rom.cc:155:do_switch$160$rdmux[0][6][31]$b$4935 [7] $memory$auto$proc_rom.cc:155:do_switch$160$rdmux[0][6][31]$b$4935 [4] }
      New connections: { $memory$auto$proc_rom.cc:155:do_switch$160$rdmux[0][6][31]$b$4935 [9:8] $memory$auto$proc_rom.cc:155:do_switch$160$rdmux[0][6][31]$b$4935 [6:5] $memory$auto$proc_rom.cc:155:do_switch$160$rdmux[0][6][31]$b$4935 [3:0] } = { 2'11 $memory$auto$proc_rom.cc:155:do_switch$160$rdmux[0][6][31]$b$4935 [4] 5'10000 }
    Consolidated identical input bits for $mux cell $memory$auto$proc_rom.cc:155:do_switch$160$rdmux[0][7][62]$5218:
      Old ports: A=10'1111010000, B=10'1110111000, Y=$memory$auto$proc_rom.cc:155:do_switch$160$rdmux[0][6][31]$a$4934
      New ports: A=2'10, B=2'01, Y={ $memory$auto$proc_rom.cc:155:do_switch$160$rdmux[0][6][31]$a$4934 [6] $memory$auto$proc_rom.cc:155:do_switch$160$rdmux[0][6][31]$a$4934 [3] }
      New connections: { $memory$auto$proc_rom.cc:155:do_switch$160$rdmux[0][6][31]$a$4934 [9:7] $memory$auto$proc_rom.cc:155:do_switch$160$rdmux[0][6][31]$a$4934 [5:4] $memory$auto$proc_rom.cc:155:do_switch$160$rdmux[0][6][31]$a$4934 [2:0] } = { 3'111 $memory$auto$proc_rom.cc:155:do_switch$160$rdmux[0][6][31]$a$4934 [3] 4'1000 }
    Consolidated identical input bits for $mux cell $memory$auto$proc_rom.cc:155:do_switch$160$rdmux[0][7][61]$5215:
      Old ports: A=10'1111101000, B=10'1111011100, Y=$memory$auto$proc_rom.cc:155:do_switch$160$rdmux[0][6][30]$b$4932
      New ports: A=2'10, B=2'01, Y={ $memory$auto$proc_rom.cc:155:do_switch$160$rdmux[0][6][30]$b$4932 [5] $memory$auto$proc_rom.cc:155:do_switch$160$rdmux[0][6][30]$b$4932 [2] }
      New connections: { $memory$auto$proc_rom.cc:155:do_switch$160$rdmux[0][6][30]$b$4932 [9:6] $memory$auto$proc_rom.cc:155:do_switch$160$rdmux[0][6][30]$b$4932 [4:3] $memory$auto$proc_rom.cc:155:do_switch$160$rdmux[0][6][30]$b$4932 [1:0] } = { 4'1111 $memory$auto$proc_rom.cc:155:do_switch$160$rdmux[0][6][30]$b$4932 [2] 3'100 }
    Consolidated identical input bits for $mux cell $memory$auto$proc_rom.cc:155:do_switch$160$rdmux[0][7][60]$5212:
      Old ports: A=10'0000000000, B=10'1111110100, Y=$memory$auto$proc_rom.cc:155:do_switch$160$rdmux[0][6][30]$a$4931
      New ports: A=1'0, B=1'1, Y=$memory$auto$proc_rom.cc:155:do_switch$160$rdmux[0][6][30]$a$4931 [2]
      New connections: { $memory$auto$proc_rom.cc:155:do_switch$160$rdmux[0][6][30]$a$4931 [9:3] $memory$auto$proc_rom.cc:155:do_switch$160$rdmux[0][6][30]$a$4931 [1:0] } = { $memory$auto$proc_rom.cc:155:do_switch$160$rdmux[0][6][30]$a$4931 [2] $memory$auto$proc_rom.cc:155:do_switch$160$rdmux[0][6][30]$a$4931 [2] $memory$auto$proc_rom.cc:155:do_switch$160$rdmux[0][6][30]$a$4931 [2] $memory$auto$proc_rom.cc:155:do_switch$160$rdmux[0][6][30]$a$4931 [2] $memory$auto$proc_rom.cc:155:do_switch$160$rdmux[0][6][30]$a$4931 [2] $memory$auto$proc_rom.cc:155:do_switch$160$rdmux[0][6][30]$a$4931 [2] 3'000 }
    Consolidated identical input bits for $mux cell $memory$auto$proc_rom.cc:155:do_switch$160$rdmux[0][7][59]$5209:
      Old ports: A=10'0001100000, B=10'0010010000, Y=$memory$auto$proc_rom.cc:155:do_switch$160$rdmux[0][6][29]$b$4929
      New ports: A=2'10, B=2'01, Y=$memory$auto$proc_rom.cc:155:do_switch$160$rdmux[0][6][29]$b$4929 [5:4]
      New connections: { $memory$auto$proc_rom.cc:155:do_switch$160$rdmux[0][6][29]$b$4929 [9:6] $memory$auto$proc_rom.cc:155:do_switch$160$rdmux[0][6][29]$b$4929 [3:0] } = { 2'00 $memory$auto$proc_rom.cc:155:do_switch$160$rdmux[0][6][29]$b$4929 [4] $memory$auto$proc_rom.cc:155:do_switch$160$rdmux[0][6][29]$b$4929 [5] 4'0000 }
    Consolidated identical input bits for $mux cell $memory$auto$proc_rom.cc:155:do_switch$160$rdmux[0][7][58]$5206:
      Old ports: A=10'0000110000, B=10'0001001000, Y=$memory$auto$proc_rom.cc:155:do_switch$160$rdmux[0][6][29]$a$4928
      New ports: A=2'10, B=2'01, Y=$memory$auto$proc_rom.cc:155:do_switch$160$rdmux[0][6][29]$a$4928 [4:3]
      New connections: { $memory$auto$proc_rom.cc:155:do_switch$160$rdmux[0][6][29]$a$4928 [9:5] $memory$auto$proc_rom.cc:155:do_switch$160$rdmux[0][6][29]$a$4928 [2:0] } = { 3'000 $memory$auto$proc_rom.cc:155:do_switch$160$rdmux[0][6][29]$a$4928 [3] $memory$auto$proc_rom.cc:155:do_switch$160$rdmux[0][6][29]$a$4928 [4] 3'000 }
    Consolidated identical input bits for $mux cell $memory$auto$proc_rom.cc:155:do_switch$160$rdmux[0][7][57]$5203:
      Old ports: A=10'0000011000, B=10'0000100100, Y=$memory$auto$proc_rom.cc:155:do_switch$160$rdmux[0][6][28]$b$4926
      New ports: A=2'10, B=2'01, Y=$memory$auto$proc_rom.cc:155:do_switch$160$rdmux[0][6][28]$b$4926 [3:2]
      New connections: { $memory$auto$proc_rom.cc:155:do_switch$160$rdmux[0][6][28]$b$4926 [9:4] $memory$auto$proc_rom.cc:155:do_switch$160$rdmux[0][6][28]$b$4926 [1:0] } = { 4'0000 $memory$auto$proc_rom.cc:155:do_switch$160$rdmux[0][6][28]$b$4926 [2] $memory$auto$proc_rom.cc:155:do_switch$160$rdmux[0][6][28]$b$4926 [3] 2'00 }
    Consolidated identical input bits for $mux cell $memory$auto$proc_rom.cc:155:do_switch$160$rdmux[0][7][56]$5200:
      Old ports: A=10'0000000000, B=10'0000001100, Y=$memory$auto$proc_rom.cc:155:do_switch$160$rdmux[0][6][28]$a$4925
      New ports: A=1'0, B=1'1, Y=$memory$auto$proc_rom.cc:155:do_switch$160$rdmux[0][6][28]$a$4925 [2]
      New connections: { $memory$auto$proc_rom.cc:155:do_switch$160$rdmux[0][6][28]$a$4925 [9:3] $memory$auto$proc_rom.cc:155:do_switch$160$rdmux[0][6][28]$a$4925 [1:0] } = { 6'000000 $memory$auto$proc_rom.cc:155:do_switch$160$rdmux[0][6][28]$a$4925 [2] 2'00 }
    Consolidated identical input bits for $mux cell $memory$auto$proc_rom.cc:155:do_switch$160$rdmux[0][7][55]$5197:
      Old ports: A=10'1111000000, B=10'1110100000, Y=$memory$auto$proc_rom.cc:155:do_switch$160$rdmux[0][6][27]$b$4923
      New ports: A=2'10, B=2'01, Y=$memory$auto$proc_rom.cc:155:do_switch$160$rdmux[0][6][27]$b$4923 [6:5]
      New connections: { $memory$auto$proc_rom.cc:155:do_switch$160$rdmux[0][6][27]$b$4923 [9:7] $memory$auto$proc_rom.cc:155:do_switch$160$rdmux[0][6][27]$b$4923 [4:0] } = 8'11100000
    Consolidated identical input bits for $mux cell $memory$auto$proc_rom.cc:155:do_switch$160$rdmux[0][7][54]$5194:
      Old ports: A=10'1111100000, B=10'1111010000, Y=$memory$auto$proc_rom.cc:155:do_switch$160$rdmux[0][6][27]$a$4922
      New ports: A=2'10, B=2'01, Y=$memory$auto$proc_rom.cc:155:do_switch$160$rdmux[0][6][27]$a$4922 [5:4]
      New connections: { $memory$auto$proc_rom.cc:155:do_switch$160$rdmux[0][6][27]$a$4922 [9:6] $memory$auto$proc_rom.cc:155:do_switch$160$rdmux[0][6][27]$a$4922 [3:0] } = 8'11110000
    Consolidated identical input bits for $mux cell $memory$auto$proc_rom.cc:155:do_switch$160$rdmux[0][7][53]$5191:
      Old ports: A=10'1111110000, B=10'1111101000, Y=$memory$auto$proc_rom.cc:155:do_switch$160$rdmux[0][6][26]$b$4920
      New ports: A=2'10, B=2'01, Y=$memory$auto$proc_rom.cc:155:do_switch$160$rdmux[0][6][26]$b$4920 [4:3]
      New connections: { $memory$auto$proc_rom.cc:155:do_switch$160$rdmux[0][6][26]$b$4920 [9:5] $memory$auto$proc_rom.cc:155:do_switch$160$rdmux[0][6][26]$b$4920 [2:0] } = 8'11111000
    Consolidated identical input bits for $mux cell $memory$auto$proc_rom.cc:155:do_switch$160$rdmux[0][7][52]$5188:
      Old ports: A=10'0000000000, B=10'1111111000, Y=$memory$auto$proc_rom.cc:155:do_switch$160$rdmux[0][6][26]$a$4919
      New ports: A=1'0, B=1'1, Y=$memory$auto$proc_rom.cc:155:do_switch$160$rdmux[0][6][26]$a$4919 [3]
      New connections: { $memory$auto$proc_rom.cc:155:do_switch$160$rdmux[0][6][26]$a$4919 [9:4] $memory$auto$proc_rom.cc:155:do_switch$160$rdmux[0][6][26]$a$4919 [2:0] } = { $memory$auto$proc_rom.cc:155:do_switch$160$rdmux[0][6][26]$a$4919 [3] $memory$auto$proc_rom.cc:155:do_switch$160$rdmux[0][6][26]$a$4919 [3] $memory$auto$proc_rom.cc:155:do_switch$160$rdmux[0][6][26]$a$4919 [3] $memory$auto$proc_rom.cc:155:do_switch$160$rdmux[0][6][26]$a$4919 [3] $memory$auto$proc_rom.cc:155:do_switch$160$rdmux[0][6][26]$a$4919 [3] $memory$auto$proc_rom.cc:155:do_switch$160$rdmux[0][6][26]$a$4919 [3] 3'000 }
    Consolidated identical input bits for $mux cell $memory$auto$proc_rom.cc:155:do_switch$160$rdmux[0][7][51]$5185:
      Old ports: A=10'0001000000, B=10'0001100000, Y=$memory$auto$proc_rom.cc:155:do_switch$160$rdmux[0][6][25]$b$4917
      New ports: A=1'0, B=1'1, Y=$memory$auto$proc_rom.cc:155:do_switch$160$rdmux[0][6][25]$b$4917 [5]
      New connections: { $memory$auto$proc_rom.cc:155:do_switch$160$rdmux[0][6][25]$b$4917 [9:6] $memory$auto$proc_rom.cc:155:do_switch$160$rdmux[0][6][25]$b$4917 [4:0] } = 9'000100000
    Consolidated identical input bits for $mux cell $memory$auto$proc_rom.cc:155:do_switch$160$rdmux[0][7][50]$5182:
      Old ports: A=10'0000100000, B=10'0000110000, Y=$memory$auto$proc_rom.cc:155:do_switch$160$rdmux[0][6][25]$a$4916
      New ports: A=1'0, B=1'1, Y=$memory$auto$proc_rom.cc:155:do_switch$160$rdmux[0][6][25]$a$4916 [4]
      New connections: { $memory$auto$proc_rom.cc:155:do_switch$160$rdmux[0][6][25]$a$4916 [9:5] $memory$auto$proc_rom.cc:155:do_switch$160$rdmux[0][6][25]$a$4916 [3:0] } = 9'000010000
    Consolidated identical input bits for $mux cell $memory$auto$proc_rom.cc:155:do_switch$160$rdmux[0][7][49]$5179:
      Old ports: A=10'0000010000, B=10'0000011000, Y=$memory$auto$proc_rom.cc:155:do_switch$160$rdmux[0][6][24]$b$4914
      New ports: A=1'0, B=1'1, Y=$memory$auto$proc_rom.cc:155:do_switch$160$rdmux[0][6][24]$b$4914 [3]
      New connections: { $memory$auto$proc_rom.cc:155:do_switch$160$rdmux[0][6][24]$b$4914 [9:4] $memory$auto$proc_rom.cc:155:do_switch$160$rdmux[0][6][24]$b$4914 [2:0] } = 9'000001000
    Consolidated identical input bits for $mux cell $memory$auto$proc_rom.cc:155:do_switch$160$rdmux[0][7][48]$5176:
      Old ports: A=10'0000000000, B=10'0000001000, Y=$memory$auto$proc_rom.cc:155:do_switch$160$rdmux[0][6][24]$a$4913
      New ports: A=1'0, B=1'1, Y=$memory$auto$proc_rom.cc:155:do_switch$160$rdmux[0][6][24]$a$4913 [3]
      New connections: { $memory$auto$proc_rom.cc:155:do_switch$160$rdmux[0][6][24]$a$4913 [9:4] $memory$auto$proc_rom.cc:155:do_switch$160$rdmux[0][6][24]$a$4913 [2:0] } = 9'000000000
    Consolidated identical input bits for $mux cell $memory$auto$proc_rom.cc:155:do_switch$160$rdmux[0][7][47]$5173:
      Old ports: A=10'1111010000, B=10'1110111000, Y=$memory$auto$proc_rom.cc:155:do_switch$160$rdmux[0][6][23]$b$4911
      New ports: A=2'10, B=2'01, Y={ $memory$auto$proc_rom.cc:155:do_switch$160$rdmux[0][6][23]$b$4911 [6] $memory$auto$proc_rom.cc:155:do_switch$160$rdmux[0][6][23]$b$4911 [3] }
      New connections: { $memory$auto$proc_rom.cc:155:do_switch$160$rdmux[0][6][23]$b$4911 [9:7] $memory$auto$proc_rom.cc:155:do_switch$160$rdmux[0][6][23]$b$4911 [5:4] $memory$auto$proc_rom.cc:155:do_switch$160$rdmux[0][6][23]$b$4911 [2:0] } = { 3'111 $memory$auto$proc_rom.cc:155:do_switch$160$rdmux[0][6][23]$b$4911 [3] 4'1000 }
    Consolidated identical input bits for $mux cell $memory$auto$proc_rom.cc:155:do_switch$160$rdmux[0][7][46]$5170:
      Old ports: A=10'1111101000, B=10'1111011100, Y=$memory$auto$proc_rom.cc:155:do_switch$160$rdmux[0][6][23]$a$4910
      New ports: A=2'10, B=2'01, Y={ $memory$auto$proc_rom.cc:155:do_switch$160$rdmux[0][6][23]$a$4910 [5] $memory$auto$proc_rom.cc:155:do_switch$160$rdmux[0][6][23]$a$4910 [2] }
      New connections: { $memory$auto$proc_rom.cc:155:do_switch$160$rdmux[0][6][23]$a$4910 [9:6] $memory$auto$proc_rom.cc:155:do_switch$160$rdmux[0][6][23]$a$4910 [4:3] $memory$auto$proc_rom.cc:155:do_switch$160$rdmux[0][6][23]$a$4910 [1:0] } = { 4'1111 $memory$auto$proc_rom.cc:155:do_switch$160$rdmux[0][6][23]$a$4910 [2] 3'100 }
    Consolidated identical input bits for $mux cell $memory$auto$proc_rom.cc:155:do_switch$160$rdmux[0][7][45]$5167:
      Old ports: A=10'1111110100, B=10'1111101110, Y=$memory$auto$proc_rom.cc:155:do_switch$160$rdmux[0][6][22]$b$4908
      New ports: A=2'10, B=2'01, Y={ $memory$auto$proc_rom.cc:155:do_switch$160$rdmux[0][6][22]$b$4908 [4] $memory$auto$proc_rom.cc:155:do_switch$160$rdmux[0][6][22]$b$4908 [1] }
      New connections: { $memory$auto$proc_rom.cc:155:do_switch$160$rdmux[0][6][22]$b$4908 [9:5] $memory$auto$proc_rom.cc:155:do_switch$160$rdmux[0][6][22]$b$4908 [3:2] $memory$auto$proc_rom.cc:155:do_switch$160$rdmux[0][6][22]$b$4908 [0] } = { 5'11111 $memory$auto$proc_rom.cc:155:do_switch$160$rdmux[0][6][22]$b$4908 [1] 2'10 }
    Consolidated identical input bits for $mux cell $memory$auto$proc_rom.cc:155:do_switch$160$rdmux[0][7][44]$5164:
      Old ports: A=10'0000000000, B=10'1111111010, Y=$memory$auto$proc_rom.cc:155:do_switch$160$rdmux[0][6][22]$a$4907
      New ports: A=1'0, B=1'1, Y=$memory$auto$proc_rom.cc:155:do_switch$160$rdmux[0][6][22]$a$4907 [1]
      New connections: { $memory$auto$proc_rom.cc:155:do_switch$160$rdmux[0][6][22]$a$4907 [9:2] $memory$auto$proc_rom.cc:155:do_switch$160$rdmux[0][6][22]$a$4907 [0] } = { $memory$auto$proc_rom.cc:155:do_switch$160$rdmux[0][6][22]$a$4907 [1] $memory$auto$proc_rom.cc:155:do_switch$160$rdmux[0][6][22]$a$4907 [1] $memory$auto$proc_rom.cc:155:do_switch$160$rdmux[0][6][22]$a$4907 [1] $memory$auto$proc_rom.cc:155:do_switch$160$rdmux[0][6][22]$a$4907 [1] $memory$auto$proc_rom.cc:155:do_switch$160$rdmux[0][6][22]$a$4907 [1] $memory$auto$proc_rom.cc:155:do_switch$160$rdmux[0][6][22]$a$4907 [1] $memory$auto$proc_rom.cc:155:do_switch$160$rdmux[0][6][22]$a$4907 [1] 2'00 }
    Consolidated identical input bits for $mux cell $memory$auto$proc_rom.cc:155:do_switch$160$rdmux[0][7][43]$5161:
      Old ports: A=10'0000110000, B=10'0001001000, Y=$memory$auto$proc_rom.cc:155:do_switch$160$rdmux[0][6][21]$b$4905
      New ports: A=2'10, B=2'01, Y=$memory$auto$proc_rom.cc:155:do_switch$160$rdmux[0][6][21]$b$4905 [4:3]
      New connections: { $memory$auto$proc_rom.cc:155:do_switch$160$rdmux[0][6][21]$b$4905 [9:5] $memory$auto$proc_rom.cc:155:do_switch$160$rdmux[0][6][21]$b$4905 [2:0] } = { 3'000 $memory$auto$proc_rom.cc:155:do_switch$160$rdmux[0][6][21]$b$4905 [3] $memory$auto$proc_rom.cc:155:do_switch$160$rdmux[0][6][21]$b$4905 [4] 3'000 }
    Consolidated identical input bits for $mux cell $memory$auto$proc_rom.cc:155:do_switch$160$rdmux[0][7][42]$5158:
      Old ports: A=10'0000011000, B=10'0000100100, Y=$memory$auto$proc_rom.cc:155:do_switch$160$rdmux[0][6][21]$a$4904
      New ports: A=2'10, B=2'01, Y=$memory$auto$proc_rom.cc:155:do_switch$160$rdmux[0][6][21]$a$4904 [3:2]
      New connections: { $memory$auto$proc_rom.cc:155:do_switch$160$rdmux[0][6][21]$a$4904 [9:4] $memory$auto$proc_rom.cc:155:do_switch$160$rdmux[0][6][21]$a$4904 [1:0] } = { 4'0000 $memory$auto$proc_rom.cc:155:do_switch$160$rdmux[0][6][21]$a$4904 [2] $memory$auto$proc_rom.cc:155:do_switch$160$rdmux[0][6][21]$a$4904 [3] 2'00 }
    Consolidated identical input bits for $mux cell $memory$auto$proc_rom.cc:155:do_switch$160$rdmux[0][7][41]$5155:
      Old ports: A=10'0000001100, B=10'0000010010, Y=$memory$auto$proc_rom.cc:155:do_switch$160$rdmux[0][6][20]$b$4902
      New ports: A=2'10, B=2'01, Y=$memory$auto$proc_rom.cc:155:do_switch$160$rdmux[0][6][20]$b$4902 [2:1]
      New connections: { $memory$auto$proc_rom.cc:155:do_switch$160$rdmux[0][6][20]$b$4902 [9:3] $memory$auto$proc_rom.cc:155:do_switch$160$rdmux[0][6][20]$b$4902 [0] } = { 5'00000 $memory$auto$proc_rom.cc:155:do_switch$160$rdmux[0][6][20]$b$4902 [1] $memory$auto$proc_rom.cc:155:do_switch$160$rdmux[0][6][20]$b$4902 [2] 1'0 }
    Consolidated identical input bits for $mux cell $memory$auto$proc_rom.cc:155:do_switch$160$rdmux[0][7][40]$5152:
      Old ports: A=10'0000000000, B=10'0000000110, Y=$memory$auto$proc_rom.cc:155:do_switch$160$rdmux[0][6][20]$a$4901
      New ports: A=1'0, B=1'1, Y=$memory$auto$proc_rom.cc:155:do_switch$160$rdmux[0][6][20]$a$4901 [1]
      New connections: { $memory$auto$proc_rom.cc:155:do_switch$160$rdmux[0][6][20]$a$4901 [9:2] $memory$auto$proc_rom.cc:155:do_switch$160$rdmux[0][6][20]$a$4901 [0] } = { 7'0000000 $memory$auto$proc_rom.cc:155:do_switch$160$rdmux[0][6][20]$a$4901 [1] 1'0 }
    Consolidated identical input bits for $mux cell $memory$auto$proc_rom.cc:155:do_switch$160$rdmux[0][7][39]$5149:
      Old ports: A=10'1111100000, B=10'1111010000, Y=$memory$auto$proc_rom.cc:155:do_switch$160$rdmux[0][6][19]$b$4899
      New ports: A=2'10, B=2'01, Y=$memory$auto$proc_rom.cc:155:do_switch$160$rdmux[0][6][19]$b$4899 [5:4]
      New connections: { $memory$auto$proc_rom.cc:155:do_switch$160$rdmux[0][6][19]$b$4899 [9:6] $memory$auto$proc_rom.cc:155:do_switch$160$rdmux[0][6][19]$b$4899 [3:0] } = 8'11110000
    Consolidated identical input bits for $mux cell $memory$auto$proc_rom.cc:155:do_switch$160$rdmux[0][7][38]$5146:
      Old ports: A=10'1111110000, B=10'1111101000, Y=$memory$auto$proc_rom.cc:155:do_switch$160$rdmux[0][6][19]$a$4898
      New ports: A=2'10, B=2'01, Y=$memory$auto$proc_rom.cc:155:do_switch$160$rdmux[0][6][19]$a$4898 [4:3]
      New connections: { $memory$auto$proc_rom.cc:155:do_switch$160$rdmux[0][6][19]$a$4898 [9:5] $memory$auto$proc_rom.cc:155:do_switch$160$rdmux[0][6][19]$a$4898 [2:0] } = 8'11111000
    Consolidated identical input bits for $mux cell $memory$auto$proc_rom.cc:155:do_switch$160$rdmux[0][7][37]$5143:
      Old ports: A=10'1111111000, B=10'1111110100, Y=$memory$auto$proc_rom.cc:155:do_switch$160$rdmux[0][6][18]$b$4896
      New ports: A=2'10, B=2'01, Y=$memory$auto$proc_rom.cc:155:do_switch$160$rdmux[0][6][18]$b$4896 [3:2]
      New connections: { $memory$auto$proc_rom.cc:155:do_switch$160$rdmux[0][6][18]$b$4896 [9:4] $memory$auto$proc_rom.cc:155:do_switch$160$rdmux[0][6][18]$b$4896 [1:0] } = 8'11111100
    Consolidated identical input bits for $mux cell $memory$auto$proc_rom.cc:155:do_switch$160$rdmux[0][7][36]$5140:
      Old ports: A=10'0000000000, B=10'1111111100, Y=$memory$auto$proc_rom.cc:155:do_switch$160$rdmux[0][6][18]$a$4895
      New ports: A=1'0, B=1'1, Y=$memory$auto$proc_rom.cc:155:do_switch$160$rdmux[0][6][18]$a$4895 [2]
      New connections: { $memory$auto$proc_rom.cc:155:do_switch$160$rdmux[0][6][18]$a$4895 [9:3] $memory$auto$proc_rom.cc:155:do_switch$160$rdmux[0][6][18]$a$4895 [1:0] } = { $memory$auto$proc_rom.cc:155:do_switch$160$rdmux[0][6][18]$a$4895 [2] $memory$auto$proc_rom.cc:155:do_switch$160$rdmux[0][6][18]$a$4895 [2] $memory$auto$proc_rom.cc:155:do_switch$160$rdmux[0][6][18]$a$4895 [2] $memory$auto$proc_rom.cc:155:do_switch$160$rdmux[0][6][18]$a$4895 [2] $memory$auto$proc_rom.cc:155:do_switch$160$rdmux[0][6][18]$a$4895 [2] $memory$auto$proc_rom.cc:155:do_switch$160$rdmux[0][6][18]$a$4895 [2] $memory$auto$proc_rom.cc:155:do_switch$160$rdmux[0][6][18]$a$4895 [2] 2'00 }
    Consolidated identical input bits for $mux cell $memory$auto$proc_rom.cc:155:do_switch$160$rdmux[0][7][35]$5137:
      Old ports: A=10'0000100000, B=10'0000110000, Y=$memory$auto$proc_rom.cc:155:do_switch$160$rdmux[0][6][17]$b$4893
      New ports: A=1'0, B=1'1, Y=$memory$auto$proc_rom.cc:155:do_switch$160$rdmux[0][6][17]$b$4893 [4]
      New connections: { $memory$auto$proc_rom.cc:155:do_switch$160$rdmux[0][6][17]$b$4893 [9:5] $memory$auto$proc_rom.cc:155:do_switch$160$rdmux[0][6][17]$b$4893 [3:0] } = 9'000010000
    Consolidated identical input bits for $mux cell $memory$auto$proc_rom.cc:155:do_switch$160$rdmux[0][7][34]$5134:
      Old ports: A=10'0000010000, B=10'0000011000, Y=$memory$auto$proc_rom.cc:155:do_switch$160$rdmux[0][6][17]$a$4892
      New ports: A=1'0, B=1'1, Y=$memory$auto$proc_rom.cc:155:do_switch$160$rdmux[0][6][17]$a$4892 [3]
      New connections: { $memory$auto$proc_rom.cc:155:do_switch$160$rdmux[0][6][17]$a$4892 [9:4] $memory$auto$proc_rom.cc:155:do_switch$160$rdmux[0][6][17]$a$4892 [2:0] } = 9'000001000
    Consolidated identical input bits for $mux cell $memory$auto$proc_rom.cc:155:do_switch$160$rdmux[0][7][33]$5131:
      Old ports: A=10'0000001000, B=10'0000001100, Y=$memory$auto$proc_rom.cc:155:do_switch$160$rdmux[0][6][16]$b$4890
      New ports: A=1'0, B=1'1, Y=$memory$auto$proc_rom.cc:155:do_switch$160$rdmux[0][6][16]$b$4890 [2]
      New connections: { $memory$auto$proc_rom.cc:155:do_switch$160$rdmux[0][6][16]$b$4890 [9:3] $memory$auto$proc_rom.cc:155:do_switch$160$rdmux[0][6][16]$b$4890 [1:0] } = 9'000000100
    Consolidated identical input bits for $mux cell $memory$auto$proc_rom.cc:155:do_switch$160$rdmux[0][7][32]$5128:
      Old ports: A=10'0000000000, B=10'0000000100, Y=$memory$auto$proc_rom.cc:155:do_switch$160$rdmux[0][6][16]$a$4889
      New ports: A=1'0, B=1'1, Y=$memory$auto$proc_rom.cc:155:do_switch$160$rdmux[0][6][16]$a$4889 [2]
      New connections: { $memory$auto$proc_rom.cc:155:do_switch$160$rdmux[0][6][16]$a$4889 [9:3] $memory$auto$proc_rom.cc:155:do_switch$160$rdmux[0][6][16]$a$4889 [1:0] } = 9'000000000
    Consolidated identical input bits for $mux cell $memory$auto$proc_rom.cc:155:do_switch$160$rdmux[0][7][31]$5125:
      Old ports: A=10'1111101000, B=10'1111011100, Y=$memory$auto$proc_rom.cc:155:do_switch$160$rdmux[0][6][15]$b$4887
      New ports: A=2'10, B=2'01, Y={ $memory$auto$proc_rom.cc:155:do_switch$160$rdmux[0][6][15]$b$4887 [5] $memory$auto$proc_rom.cc:155:do_switch$160$rdmux[0][6][15]$b$4887 [2] }
      New connections: { $memory$auto$proc_rom.cc:155:do_switch$160$rdmux[0][6][15]$b$4887 [9:6] $memory$auto$proc_rom.cc:155:do_switch$160$rdmux[0][6][15]$b$4887 [4:3] $memory$auto$proc_rom.cc:155:do_switch$160$rdmux[0][6][15]$b$4887 [1:0] } = { 4'1111 $memory$auto$proc_rom.cc:155:do_switch$160$rdmux[0][6][15]$b$4887 [2] 3'100 }
    Consolidated identical input bits for $mux cell $memory$auto$proc_rom.cc:155:do_switch$160$rdmux[0][7][30]$5122:
      Old ports: A=10'1111110100, B=10'1111101110, Y=$memory$auto$proc_rom.cc:155:do_switch$160$rdmux[0][6][15]$a$4886
      New ports: A=2'10, B=2'01, Y={ $memory$auto$proc_rom.cc:155:do_switch$160$rdmux[0][6][15]$a$4886 [4] $memory$auto$proc_rom.cc:155:do_switch$160$rdmux[0][6][15]$a$4886 [1] }
      New connections: { $memory$auto$proc_rom.cc:155:do_switch$160$rdmux[0][6][15]$a$4886 [9:5] $memory$auto$proc_rom.cc:155:do_switch$160$rdmux[0][6][15]$a$4886 [3:2] $memory$auto$proc_rom.cc:155:do_switch$160$rdmux[0][6][15]$a$4886 [0] } = { 5'11111 $memory$auto$proc_rom.cc:155:do_switch$160$rdmux[0][6][15]$a$4886 [1] 2'10 }
    Consolidated identical input bits for $mux cell $memory$auto$proc_rom.cc:155:do_switch$160$rdmux[0][7][29]$5119:
      Old ports: A=10'1111111010, B=10'1111110111, Y=$memory$auto$proc_rom.cc:155:do_switch$160$rdmux[0][6][14]$b$4884
      New ports: A=2'10, B=2'01, Y={ $memory$auto$proc_rom.cc:155:do_switch$160$rdmux[0][6][14]$b$4884 [3] $memory$auto$proc_rom.cc:155:do_switch$160$rdmux[0][6][14]$b$4884 [0] }
      New connections: { $memory$auto$proc_rom.cc:155:do_switch$160$rdmux[0][6][14]$b$4884 [9:4] $memory$auto$proc_rom.cc:155:do_switch$160$rdmux[0][6][14]$b$4884 [2:1] } = { 6'111111 $memory$auto$proc_rom.cc:155:do_switch$160$rdmux[0][6][14]$b$4884 [0] 1'1 }
    Consolidated identical input bits for $mux cell $memory$auto$proc_rom.cc:155:do_switch$160$rdmux[0][7][28]$5116:
      Old ports: A=10'0000000000, B=10'1111111101, Y=$memory$auto$proc_rom.cc:155:do_switch$160$rdmux[0][6][14]$a$4883
      New ports: A=1'0, B=1'1, Y=$memory$auto$proc_rom.cc:155:do_switch$160$rdmux[0][6][14]$a$4883 [0]
      New connections: $memory$auto$proc_rom.cc:155:do_switch$160$rdmux[0][6][14]$a$4883 [9:1] = { $memory$auto$proc_rom.cc:155:do_switch$160$rdmux[0][6][14]$a$4883 [0] $memory$auto$proc_rom.cc:155:do_switch$160$rdmux[0][6][14]$a$4883 [0] $memory$auto$proc_rom.cc:155:do_switch$160$rdmux[0][6][14]$a$4883 [0] $memory$auto$proc_rom.cc:155:do_switch$160$rdmux[0][6][14]$a$4883 [0] $memory$auto$proc_rom.cc:155:do_switch$160$rdmux[0][6][14]$a$4883 [0] $memory$auto$proc_rom.cc:155:do_switch$160$rdmux[0][6][14]$a$4883 [0] $memory$auto$proc_rom.cc:155:do_switch$160$rdmux[0][6][14]$a$4883 [0] $memory$auto$proc_rom.cc:155:do_switch$160$rdmux[0][6][14]$a$4883 [0] 1'0 }
    Consolidated identical input bits for $mux cell $memory$auto$proc_rom.cc:155:do_switch$160$rdmux[0][7][27]$5113:
      Old ports: A=10'0000011000, B=10'0000100100, Y=$memory$auto$proc_rom.cc:155:do_switch$160$rdmux[0][6][13]$b$4881
      New ports: A=2'10, B=2'01, Y=$memory$auto$proc_rom.cc:155:do_switch$160$rdmux[0][6][13]$b$4881 [3:2]
      New connections: { $memory$auto$proc_rom.cc:155:do_switch$160$rdmux[0][6][13]$b$4881 [9:4] $memory$auto$proc_rom.cc:155:do_switch$160$rdmux[0][6][13]$b$4881 [1:0] } = { 4'0000 $memory$auto$proc_rom.cc:155:do_switch$160$rdmux[0][6][13]$b$4881 [2] $memory$auto$proc_rom.cc:155:do_switch$160$rdmux[0][6][13]$b$4881 [3] 2'00 }
    Consolidated identical input bits for $mux cell $memory$auto$proc_rom.cc:155:do_switch$160$rdmux[0][7][26]$5110:
      Old ports: A=10'0000001100, B=10'0000010010, Y=$memory$auto$proc_rom.cc:155:do_switch$160$rdmux[0][6][13]$a$4880
      New ports: A=2'10, B=2'01, Y=$memory$auto$proc_rom.cc:155:do_switch$160$rdmux[0][6][13]$a$4880 [2:1]
      New connections: { $memory$auto$proc_rom.cc:155:do_switch$160$rdmux[0][6][13]$a$4880 [9:3] $memory$auto$proc_rom.cc:155:do_switch$160$rdmux[0][6][13]$a$4880 [0] } = { 5'00000 $memory$auto$proc_rom.cc:155:do_switch$160$rdmux[0][6][13]$a$4880 [1] $memory$auto$proc_rom.cc:155:do_switch$160$rdmux[0][6][13]$a$4880 [2] 1'0 }
    Consolidated identical input bits for $mux cell $memory$auto$proc_rom.cc:155:do_switch$160$rdmux[0][7][25]$5107:
      Old ports: A=10'0000000110, B=10'0000001001, Y=$memory$auto$proc_rom.cc:155:do_switch$160$rdmux[0][6][12]$b$4878
      New ports: A=2'10, B=2'01, Y=$memory$auto$proc_rom.cc:155:do_switch$160$rdmux[0][6][12]$b$4878 [1:0]
      New connections: $memory$auto$proc_rom.cc:155:do_switch$160$rdmux[0][6][12]$b$4878 [9:2] = { 6'000000 $memory$auto$proc_rom.cc:155:do_switch$160$rdmux[0][6][12]$b$4878 [0] $memory$auto$proc_rom.cc:155:do_switch$160$rdmux[0][6][12]$b$4878 [1] }
    Consolidated identical input bits for $mux cell $memory$auto$proc_rom.cc:155:do_switch$160$rdmux[0][7][24]$5104:
      Old ports: A=10'0000000000, B=10'0000000011, Y=$memory$auto$proc_rom.cc:155:do_switch$160$rdmux[0][6][12]$a$4877
      New ports: A=1'0, B=1'1, Y=$memory$auto$proc_rom.cc:155:do_switch$160$rdmux[0][6][12]$a$4877 [0]
      New connections: $memory$auto$proc_rom.cc:155:do_switch$160$rdmux[0][6][12]$a$4877 [9:1] = { 8'00000000 $memory$auto$proc_rom.cc:155:do_switch$160$rdmux[0][6][12]$a$4877 [0] }
    Consolidated identical input bits for $mux cell $memory$auto$proc_rom.cc:155:do_switch$160$rdmux[0][7][23]$5101:
      Old ports: A=10'1111110000, B=10'1111101000, Y=$memory$auto$proc_rom.cc:155:do_switch$160$rdmux[0][6][11]$b$4875
      New ports: A=2'10, B=2'01, Y=$memory$auto$proc_rom.cc:155:do_switch$160$rdmux[0][6][11]$b$4875 [4:3]
      New connections: { $memory$auto$proc_rom.cc:155:do_switch$160$rdmux[0][6][11]$b$4875 [9:5] $memory$auto$proc_rom.cc:155:do_switch$160$rdmux[0][6][11]$b$4875 [2:0] } = 8'11111000
    Consolidated identical input bits for $mux cell $memory$auto$proc_rom.cc:155:do_switch$160$rdmux[0][7][22]$5098:
      Old ports: A=10'1111111000, B=10'1111110100, Y=$memory$auto$proc_rom.cc:155:do_switch$160$rdmux[0][6][11]$a$4874
      New ports: A=2'10, B=2'01, Y=$memory$auto$proc_rom.cc:155:do_switch$160$rdmux[0][6][11]$a$4874 [3:2]
      New connections: { $memory$auto$proc_rom.cc:155:do_switch$160$rdmux[0][6][11]$a$4874 [9:4] $memory$auto$proc_rom.cc:155:do_switch$160$rdmux[0][6][11]$a$4874 [1:0] } = 8'11111100
    Consolidated identical input bits for $mux cell $memory$auto$proc_rom.cc:155:do_switch$160$rdmux[0][7][21]$5095:
      Old ports: A=10'1111111100, B=10'1111111010, Y=$memory$auto$proc_rom.cc:155:do_switch$160$rdmux[0][6][10]$b$4872
      New ports: A=2'10, B=2'01, Y=$memory$auto$proc_rom.cc:155:do_switch$160$rdmux[0][6][10]$b$4872 [2:1]
      New connections: { $memory$auto$proc_rom.cc:155:do_switch$160$rdmux[0][6][10]$b$4872 [9:3] $memory$auto$proc_rom.cc:155:do_switch$160$rdmux[0][6][10]$b$4872 [0] } = 8'11111110
    Consolidated identical input bits for $mux cell $memory$auto$proc_rom.cc:155:do_switch$160$rdmux[0][7][20]$5092:
      Old ports: A=10'0000000000, B=10'1111111110, Y=$memory$auto$proc_rom.cc:155:do_switch$160$rdmux[0][6][10]$a$4871
      New ports: A=1'0, B=1'1, Y=$memory$auto$proc_rom.cc:155:do_switch$160$rdmux[0][6][10]$a$4871 [1]
      New connections: { $memory$auto$proc_rom.cc:155:do_switch$160$rdmux[0][6][10]$a$4871 [9:2] $memory$auto$proc_rom.cc:155:do_switch$160$rdmux[0][6][10]$a$4871 [0] } = { $memory$auto$proc_rom.cc:155:do_switch$160$rdmux[0][6][10]$a$4871 [1] $memory$auto$proc_rom.cc:155:do_switch$160$rdmux[0][6][10]$a$4871 [1] $memory$auto$proc_rom.cc:155:do_switch$160$rdmux[0][6][10]$a$4871 [1] $memory$auto$proc_rom.cc:155:do_switch$160$rdmux[0][6][10]$a$4871 [1] $memory$auto$proc_rom.cc:155:do_switch$160$rdmux[0][6][10]$a$4871 [1] $memory$auto$proc_rom.cc:155:do_switch$160$rdmux[0][6][10]$a$4871 [1] $memory$auto$proc_rom.cc:155:do_switch$160$rdmux[0][6][10]$a$4871 [1] $memory$auto$proc_rom.cc:155:do_switch$160$rdmux[0][6][10]$a$4871 [1] 1'0 }
    Consolidated identical input bits for $mux cell $memory$auto$proc_rom.cc:155:do_switch$160$rdmux[0][7][19]$5089:
      Old ports: A=10'0000010000, B=10'0000011000, Y=$memory$auto$proc_rom.cc:155:do_switch$160$rdmux[0][6][9]$b$4869
      New ports: A=1'0, B=1'1, Y=$memory$auto$proc_rom.cc:155:do_switch$160$rdmux[0][6][9]$b$4869 [3]
      New connections: { $memory$auto$proc_rom.cc:155:do_switch$160$rdmux[0][6][9]$b$4869 [9:4] $memory$auto$proc_rom.cc:155:do_switch$160$rdmux[0][6][9]$b$4869 [2:0] } = 9'000001000
    Consolidated identical input bits for $mux cell $memory$auto$proc_rom.cc:155:do_switch$160$rdmux[0][7][18]$5086:
      Old ports: A=10'0000001000, B=10'0000001100, Y=$memory$auto$proc_rom.cc:155:do_switch$160$rdmux[0][6][9]$a$4868
      New ports: A=1'0, B=1'1, Y=$memory$auto$proc_rom.cc:155:do_switch$160$rdmux[0][6][9]$a$4868 [2]
      New connections: { $memory$auto$proc_rom.cc:155:do_switch$160$rdmux[0][6][9]$a$4868 [9:3] $memory$auto$proc_rom.cc:155:do_switch$160$rdmux[0][6][9]$a$4868 [1:0] } = 9'000000100
    Consolidated identical input bits for $mux cell $memory$auto$proc_rom.cc:155:do_switch$160$rdmux[0][7][17]$5083:
      Old ports: A=10'0000000100, B=10'0000000110, Y=$memory$auto$proc_rom.cc:155:do_switch$160$rdmux[0][6][8]$b$4866
      New ports: A=1'0, B=1'1, Y=$memory$auto$proc_rom.cc:155:do_switch$160$rdmux[0][6][8]$b$4866 [1]
      New connections: { $memory$auto$proc_rom.cc:155:do_switch$160$rdmux[0][6][8]$b$4866 [9:2] $memory$auto$proc_rom.cc:155:do_switch$160$rdmux[0][6][8]$b$4866 [0] } = 9'000000010
    Consolidated identical input bits for $mux cell $memory$auto$proc_rom.cc:155:do_switch$160$rdmux[0][7][16]$5080:
      Old ports: A=10'0000000000, B=10'0000000010, Y=$memory$auto$proc_rom.cc:155:do_switch$160$rdmux[0][6][8]$a$4865
      New ports: A=1'0, B=1'1, Y=$memory$auto$proc_rom.cc:155:do_switch$160$rdmux[0][6][8]$a$4865 [1]
      New connections: { $memory$auto$proc_rom.cc:155:do_switch$160$rdmux[0][6][8]$a$4865 [9:2] $memory$auto$proc_rom.cc:155:do_switch$160$rdmux[0][6][8]$a$4865 [0] } = 9'000000000
    Consolidated identical input bits for $mux cell $memory$auto$proc_rom.cc:155:do_switch$160$rdmux[0][7][15]$5077:
      Old ports: A=10'1111111000, B=10'1111110100, Y=$memory$auto$proc_rom.cc:155:do_switch$160$rdmux[0][6][7]$b$4863
      New ports: A=2'10, B=2'01, Y=$memory$auto$proc_rom.cc:155:do_switch$160$rdmux[0][6][7]$b$4863 [3:2]
      New connections: { $memory$auto$proc_rom.cc:155:do_switch$160$rdmux[0][6][7]$b$4863 [9:4] $memory$auto$proc_rom.cc:155:do_switch$160$rdmux[0][6][7]$b$4863 [1:0] } = 8'11111100
    Consolidated identical input bits for $mux cell $memory$auto$proc_rom.cc:155:do_switch$160$rdmux[0][7][14]$5074:
      Old ports: A=10'1111111100, B=10'1111111010, Y=$memory$auto$proc_rom.cc:155:do_switch$160$rdmux[0][6][7]$a$4862
      New ports: A=2'10, B=2'01, Y=$memory$auto$proc_rom.cc:155:do_switch$160$rdmux[0][6][7]$a$4862 [2:1]
      New connections: { $memory$auto$proc_rom.cc:155:do_switch$160$rdmux[0][6][7]$a$4862 [9:3] $memory$auto$proc_rom.cc:155:do_switch$160$rdmux[0][6][7]$a$4862 [0] } = 8'11111110
    Consolidated identical input bits for $mux cell $memory$auto$proc_rom.cc:155:do_switch$160$rdmux[0][7][13]$5071:
      Old ports: A=10'1111111110, B=10'1111111101, Y=$memory$auto$proc_rom.cc:155:do_switch$160$rdmux[0][6][6]$b$4860
      New ports: A=2'10, B=2'01, Y=$memory$auto$proc_rom.cc:155:do_switch$160$rdmux[0][6][6]$b$4860 [1:0]
      New connections: $memory$auto$proc_rom.cc:155:do_switch$160$rdmux[0][6][6]$b$4860 [9:2] = 8'11111111
    Consolidated identical input bits for $mux cell $memory$auto$proc_rom.cc:155:do_switch$160$rdmux[0][7][12]$5068:
      Old ports: A=10'0000000000, B=10'1111111111, Y=$memory$auto$proc_rom.cc:155:do_switch$160$rdmux[0][6][6]$a$4859
      New ports: A=1'0, B=1'1, Y=$memory$auto$proc_rom.cc:155:do_switch$160$rdmux[0][6][6]$a$4859 [0]
      New connections: $memory$auto$proc_rom.cc:155:do_switch$160$rdmux[0][6][6]$a$4859 [9:1] = { $memory$auto$proc_rom.cc:155:do_switch$160$rdmux[0][6][6]$a$4859 [0] $memory$auto$proc_rom.cc:155:do_switch$160$rdmux[0][6][6]$a$4859 [0] $memory$auto$proc_rom.cc:155:do_switch$160$rdmux[0][6][6]$a$4859 [0] $memory$auto$proc_rom.cc:155:do_switch$160$rdmux[0][6][6]$a$4859 [0] $memory$auto$proc_rom.cc:155:do_switch$160$rdmux[0][6][6]$a$4859 [0] $memory$auto$proc_rom.cc:155:do_switch$160$rdmux[0][6][6]$a$4859 [0] $memory$auto$proc_rom.cc:155:do_switch$160$rdmux[0][6][6]$a$4859 [0] $memory$auto$proc_rom.cc:155:do_switch$160$rdmux[0][6][6]$a$4859 [0] $memory$auto$proc_rom.cc:155:do_switch$160$rdmux[0][6][6]$a$4859 [0] }
    Consolidated identical input bits for $mux cell $memory$auto$proc_rom.cc:155:do_switch$160$rdmux[0][7][11]$5065:
      Old ports: A=10'0000001000, B=10'0000001100, Y=$memory$auto$proc_rom.cc:155:do_switch$160$rdmux[0][6][5]$b$4857
      New ports: A=1'0, B=1'1, Y=$memory$auto$proc_rom.cc:155:do_switch$160$rdmux[0][6][5]$b$4857 [2]
      New connections: { $memory$auto$proc_rom.cc:155:do_switch$160$rdmux[0][6][5]$b$4857 [9:3] $memory$auto$proc_rom.cc:155:do_switch$160$rdmux[0][6][5]$b$4857 [1:0] } = 9'000000100
    Consolidated identical input bits for $mux cell $memory$auto$proc_rom.cc:155:do_switch$160$rdmux[0][7][10]$5062:
      Old ports: A=10'0000000100, B=10'0000000110, Y=$memory$auto$proc_rom.cc:155:do_switch$160$rdmux[0][6][5]$a$4856
      New ports: A=1'0, B=1'1, Y=$memory$auto$proc_rom.cc:155:do_switch$160$rdmux[0][6][5]$a$4856 [1]
      New connections: { $memory$auto$proc_rom.cc:155:do_switch$160$rdmux[0][6][5]$a$4856 [9:2] $memory$auto$proc_rom.cc:155:do_switch$160$rdmux[0][6][5]$a$4856 [0] } = 9'000000010
    Consolidated identical input bits for $mux cell $memory$auto$proc_rom.cc:155:do_switch$160$rdmux[0][7][9]$5059:
      Old ports: A=10'0000000010, B=10'0000000011, Y=$memory$auto$proc_rom.cc:155:do_switch$160$rdmux[0][6][4]$b$4854
      New ports: A=1'0, B=1'1, Y=$memory$auto$proc_rom.cc:155:do_switch$160$rdmux[0][6][4]$b$4854 [0]
      New connections: $memory$auto$proc_rom.cc:155:do_switch$160$rdmux[0][6][4]$b$4854 [9:1] = 9'000000001
    Consolidated identical input bits for $mux cell $memory$auto$proc_rom.cc:155:do_switch$160$rdmux[0][7][8]$5056:
      Old ports: A=10'0000000000, B=10'0000000001, Y=$memory$auto$proc_rom.cc:155:do_switch$160$rdmux[0][6][4]$a$4853
      New ports: A=1'0, B=1'1, Y=$memory$auto$proc_rom.cc:155:do_switch$160$rdmux[0][6][4]$a$4853 [0]
      New connections: $memory$auto$proc_rom.cc:155:do_switch$160$rdmux[0][6][4]$a$4853 [9:1] = 9'000000000
    Consolidated identical input bits for $mux cell $memory$auto$proc_rom.cc:155:do_switch$156$rdmux[0][7][111]$6130:
      Old ports: A=10'0000110000, B=10'0001001000, Y=$memory$auto$proc_rom.cc:155:do_switch$156$rdmux[0][6][55]$b$5772
      New ports: A=2'10, B=2'01, Y=$memory$auto$proc_rom.cc:155:do_switch$156$rdmux[0][6][55]$b$5772 [4:3]
      New connections: { $memory$auto$proc_rom.cc:155:do_switch$156$rdmux[0][6][55]$b$5772 [9:5] $memory$auto$proc_rom.cc:155:do_switch$156$rdmux[0][6][55]$b$5772 [2:0] } = { 3'000 $memory$auto$proc_rom.cc:155:do_switch$156$rdmux[0][6][55]$b$5772 [3] $memory$auto$proc_rom.cc:155:do_switch$156$rdmux[0][6][55]$b$5772 [4] 3'000 }
    Consolidated identical input bits for $mux cell $memory$auto$proc_rom.cc:155:do_switch$156$rdmux[0][7][110]$6127:
      Old ports: A=10'0000011000, B=10'0000100100, Y=$memory$auto$proc_rom.cc:155:do_switch$156$rdmux[0][6][55]$a$5771
      New ports: A=2'10, B=2'01, Y=$memory$auto$proc_rom.cc:155:do_switch$156$rdmux[0][6][55]$a$5771 [3:2]
      New connections: { $memory$auto$proc_rom.cc:155:do_switch$156$rdmux[0][6][55]$a$5771 [9:4] $memory$auto$proc_rom.cc:155:do_switch$156$rdmux[0][6][55]$a$5771 [1:0] } = { 4'0000 $memory$auto$proc_rom.cc:155:do_switch$156$rdmux[0][6][55]$a$5771 [2] $memory$auto$proc_rom.cc:155:do_switch$156$rdmux[0][6][55]$a$5771 [3] 2'00 }
    Consolidated identical input bits for $mux cell $memory$auto$proc_rom.cc:155:do_switch$156$rdmux[0][7][108]$6121:
      Old ports: A=10'0000000000, B=10'0000000110, Y=$memory$auto$proc_rom.cc:155:do_switch$156$rdmux[0][6][54]$a$5768
      New ports: A=1'0, B=1'1, Y=$memory$auto$proc_rom.cc:155:do_switch$156$rdmux[0][6][54]$a$5768 [1]
      New connections: { $memory$auto$proc_rom.cc:155:do_switch$156$rdmux[0][6][54]$a$5768 [9:2] $memory$auto$proc_rom.cc:155:do_switch$156$rdmux[0][6][54]$a$5768 [0] } = { 7'0000000 $memory$auto$proc_rom.cc:155:do_switch$156$rdmux[0][6][54]$a$5768 [1] 1'0 }
    Consolidated identical input bits for $mux cell $memory$auto$proc_rom.cc:155:do_switch$156$rdmux[0][7][107]$6118:
      Old ports: A=10'1111010000, B=10'1110111000, Y=$memory$auto$proc_rom.cc:155:do_switch$156$rdmux[0][6][53]$b$5766
      New ports: A=2'10, B=2'01, Y={ $memory$auto$proc_rom.cc:155:do_switch$156$rdmux[0][6][53]$b$5766 [6] $memory$auto$proc_rom.cc:155:do_switch$156$rdmux[0][6][53]$b$5766 [3] }
      New connections: { $memory$auto$proc_rom.cc:155:do_switch$156$rdmux[0][6][53]$b$5766 [9:7] $memory$auto$proc_rom.cc:155:do_switch$156$rdmux[0][6][53]$b$5766 [5:4] $memory$auto$proc_rom.cc:155:do_switch$156$rdmux[0][6][53]$b$5766 [2:0] } = { 3'111 $memory$auto$proc_rom.cc:155:do_switch$156$rdmux[0][6][53]$b$5766 [3] 4'1000 }
    Consolidated identical input bits for $mux cell $memory$auto$proc_rom.cc:155:do_switch$156$rdmux[0][7][104]$6109:
      Old ports: A=10'0000000000, B=10'1111111010, Y=$memory$auto$proc_rom.cc:155:do_switch$156$rdmux[0][6][52]$a$5762
      New ports: A=1'0, B=1'1, Y=$memory$auto$proc_rom.cc:155:do_switch$156$rdmux[0][6][52]$a$5762 [1]
      New connections: { $memory$auto$proc_rom.cc:155:do_switch$156$rdmux[0][6][52]$a$5762 [9:2] $memory$auto$proc_rom.cc:155:do_switch$156$rdmux[0][6][52]$a$5762 [0] } = { $memory$auto$proc_rom.cc:155:do_switch$156$rdmux[0][6][52]$a$5762 [1] $memory$auto$proc_rom.cc:155:do_switch$156$rdmux[0][6][52]$a$5762 [1] $memory$auto$proc_rom.cc:155:do_switch$156$rdmux[0][6][52]$a$5762 [1] $memory$auto$proc_rom.cc:155:do_switch$156$rdmux[0][6][52]$a$5762 [1] $memory$auto$proc_rom.cc:155:do_switch$156$rdmux[0][6][52]$a$5762 [1] $memory$auto$proc_rom.cc:155:do_switch$156$rdmux[0][6][52]$a$5762 [1] $memory$auto$proc_rom.cc:155:do_switch$156$rdmux[0][6][52]$a$5762 [1] 2'00 }
    Consolidated identical input bits for $mux cell $memory$auto$proc_rom.cc:155:do_switch$156$rdmux[0][7][103]$6106:
      Old ports: A=10'0000100000, B=10'0000110000, Y=$memory$auto$proc_rom.cc:155:do_switch$156$rdmux[0][6][51]$b$5760
      New ports: A=1'0, B=1'1, Y=$memory$auto$proc_rom.cc:155:do_switch$156$rdmux[0][6][51]$b$5760 [4]
      New connections: { $memory$auto$proc_rom.cc:155:do_switch$156$rdmux[0][6][51]$b$5760 [9:5] $memory$auto$proc_rom.cc:155:do_switch$156$rdmux[0][6][51]$b$5760 [3:0] } = 9'000010000
    Consolidated identical input bits for $mux cell $memory$auto$proc_rom.cc:155:do_switch$156$rdmux[0][7][101]$6100:
      Old ports: A=10'0000001000, B=10'0000001100, Y=$memory$auto$proc_rom.cc:155:do_switch$156$rdmux[0][6][50]$b$5757
      New ports: A=1'0, B=1'1, Y=$memory$auto$proc_rom.cc:155:do_switch$156$rdmux[0][6][50]$b$5757 [2]
      New connections: { $memory$auto$proc_rom.cc:155:do_switch$156$rdmux[0][6][50]$b$5757 [9:3] $memory$auto$proc_rom.cc:155:do_switch$156$rdmux[0][6][50]$b$5757 [1:0] } = 9'000000100
    Consolidated identical input bits for $mux cell $memory$auto$proc_rom.cc:155:do_switch$156$rdmux[0][7][100]$6097:
      Old ports: A=10'0000000000, B=10'0000000100, Y=$memory$auto$proc_rom.cc:155:do_switch$156$rdmux[0][6][50]$a$5756
      New ports: A=1'0, B=1'1, Y=$memory$auto$proc_rom.cc:155:do_switch$156$rdmux[0][6][50]$a$5756 [2]
      New connections: { $memory$auto$proc_rom.cc:155:do_switch$156$rdmux[0][6][50]$a$5756 [9:3] $memory$auto$proc_rom.cc:155:do_switch$156$rdmux[0][6][50]$a$5756 [1:0] } = 9'000000000
    Consolidated identical input bits for $mux cell $memory$auto$proc_rom.cc:155:do_switch$156$rdmux[0][7][124]$6169:
      Old ports: A=10'0000000000, B=10'0000001100, Y=$memory$auto$proc_rom.cc:155:do_switch$156$rdmux[0][6][62]$a$5792
      New ports: A=1'0, B=1'1, Y=$memory$auto$proc_rom.cc:155:do_switch$156$rdmux[0][6][62]$a$5792 [2]
      New connections: { $memory$auto$proc_rom.cc:155:do_switch$156$rdmux[0][6][62]$a$5792 [9:3] $memory$auto$proc_rom.cc:155:do_switch$156$rdmux[0][6][62]$a$5792 [1:0] } = { 6'000000 $memory$auto$proc_rom.cc:155:do_switch$156$rdmux[0][6][62]$a$5792 [2] 2'00 }
    Consolidated identical input bits for $mux cell $memory$auto$proc_rom.cc:155:do_switch$156$rdmux[0][7][121]$6160:
      Old ports: A=10'1111101000, B=10'1111011100, Y=$memory$auto$proc_rom.cc:155:do_switch$156$rdmux[0][6][60]$b$5787
      New ports: A=2'10, B=2'01, Y={ $memory$auto$proc_rom.cc:155:do_switch$156$rdmux[0][6][60]$b$5787 [5] $memory$auto$proc_rom.cc:155:do_switch$156$rdmux[0][6][60]$b$5787 [2] }
      New connections: { $memory$auto$proc_rom.cc:155:do_switch$156$rdmux[0][6][60]$b$5787 [9:6] $memory$auto$proc_rom.cc:155:do_switch$156$rdmux[0][6][60]$b$5787 [4:3] $memory$auto$proc_rom.cc:155:do_switch$156$rdmux[0][6][60]$b$5787 [1:0] } = { 4'1111 $memory$auto$proc_rom.cc:155:do_switch$156$rdmux[0][6][60]$b$5787 [2] 3'100 }
    Consolidated identical input bits for $mux cell $memory$auto$proc_rom.cc:155:do_switch$156$rdmux[0][7][117]$6148:
      Old ports: A=10'0000010000, B=10'0000011000, Y=$memory$auto$proc_rom.cc:155:do_switch$156$rdmux[0][6][58]$b$5781
      New ports: A=1'0, B=1'1, Y=$memory$auto$proc_rom.cc:155:do_switch$156$rdmux[0][6][58]$b$5781 [3]
      New connections: { $memory$auto$proc_rom.cc:155:do_switch$156$rdmux[0][6][58]$b$5781 [9:4] $memory$auto$proc_rom.cc:155:do_switch$156$rdmux[0][6][58]$b$5781 [2:0] } = 9'000001000
    Consolidated identical input bits for $mux cell $memory$auto$proc_rom.cc:155:do_switch$156$rdmux[0][7][114]$6139:
      Old ports: A=10'1111100000, B=10'1111010000, Y=$memory$auto$proc_rom.cc:155:do_switch$156$rdmux[0][6][57]$a$5777
      New ports: A=2'10, B=2'01, Y=$memory$auto$proc_rom.cc:155:do_switch$156$rdmux[0][6][57]$a$5777 [5:4]
      New connections: { $memory$auto$proc_rom.cc:155:do_switch$156$rdmux[0][6][57]$a$5777 [9:6] $memory$auto$proc_rom.cc:155:do_switch$156$rdmux[0][6][57]$a$5777 [3:0] } = 8'11110000
    Consolidated identical input bits for $mux cell $memory$auto$proc_rom.cc:155:do_switch$156$rdmux[0][7][109]$6124:
      Old ports: A=10'0000001100, B=10'0000010010, Y=$memory$auto$proc_rom.cc:155:do_switch$156$rdmux[0][6][54]$b$5769
      New ports: A=2'10, B=2'01, Y=$memory$auto$proc_rom.cc:155:do_switch$156$rdmux[0][6][54]$b$5769 [2:1]
      New connections: { $memory$auto$proc_rom.cc:155:do_switch$156$rdmux[0][6][54]$b$5769 [9:3] $memory$auto$proc_rom.cc:155:do_switch$156$rdmux[0][6][54]$b$5769 [0] } = { 5'00000 $memory$auto$proc_rom.cc:155:do_switch$156$rdmux[0][6][54]$b$5769 [1] $memory$auto$proc_rom.cc:155:do_switch$156$rdmux[0][6][54]$b$5769 [2] 1'0 }
    Consolidated identical input bits for $mux cell $memory$auto$proc_rom.cc:155:do_switch$156$rdmux[0][7][106]$6115:
      Old ports: A=10'1111101000, B=10'1111011100, Y=$memory$auto$proc_rom.cc:155:do_switch$156$rdmux[0][6][53]$a$5765
      New ports: A=2'10, B=2'01, Y={ $memory$auto$proc_rom.cc:155:do_switch$156$rdmux[0][6][53]$a$5765 [5] $memory$auto$proc_rom.cc:155:do_switch$156$rdmux[0][6][53]$a$5765 [2] }
      New connections: { $memory$auto$proc_rom.cc:155:do_switch$156$rdmux[0][6][53]$a$5765 [9:6] $memory$auto$proc_rom.cc:155:do_switch$156$rdmux[0][6][53]$a$5765 [4:3] $memory$auto$proc_rom.cc:155:do_switch$156$rdmux[0][6][53]$a$5765 [1:0] } = { 4'1111 $memory$auto$proc_rom.cc:155:do_switch$156$rdmux[0][6][53]$a$5765 [2] 3'100 }
    Consolidated identical input bits for $mux cell $memory$auto$proc_rom.cc:155:do_switch$156$rdmux[0][7][102]$6103:
      Old ports: A=10'0000010000, B=10'0000011000, Y=$memory$auto$proc_rom.cc:155:do_switch$156$rdmux[0][6][51]$a$5759
      New ports: A=1'0, B=1'1, Y=$memory$auto$proc_rom.cc:155:do_switch$156$rdmux[0][6][51]$a$5759 [3]
      New connections: { $memory$auto$proc_rom.cc:155:do_switch$156$rdmux[0][6][51]$a$5759 [9:4] $memory$auto$proc_rom.cc:155:do_switch$156$rdmux[0][6][51]$a$5759 [2:0] } = 9'000001000
    Consolidated identical input bits for $mux cell $memory$auto$proc_rom.cc:155:do_switch$156$rdmux[0][7][99]$6094:
      Old ports: A=10'1111100000, B=10'1111010000, Y=$memory$auto$proc_rom.cc:155:do_switch$156$rdmux[0][6][49]$b$5754
      New ports: A=2'10, B=2'01, Y=$memory$auto$proc_rom.cc:155:do_switch$156$rdmux[0][6][49]$b$5754 [5:4]
      New connections: { $memory$auto$proc_rom.cc:155:do_switch$156$rdmux[0][6][49]$b$5754 [9:6] $memory$auto$proc_rom.cc:155:do_switch$156$rdmux[0][6][49]$b$5754 [3:0] } = 8'11110000
    Consolidated identical input bits for $mux cell $memory$auto$proc_rom.cc:155:do_switch$156$rdmux[0][7][120]$6157:
      Old ports: A=10'0000000000, B=10'1111110100, Y=$memory$auto$proc_rom.cc:155:do_switch$156$rdmux[0][6][60]$a$5786
      New ports: A=1'0, B=1'1, Y=$memory$auto$proc_rom.cc:155:do_switch$156$rdmux[0][6][60]$a$5786 [2]
      New connections: { $memory$auto$proc_rom.cc:155:do_switch$156$rdmux[0][6][60]$a$5786 [9:3] $memory$auto$proc_rom.cc:155:do_switch$156$rdmux[0][6][60]$a$5786 [1:0] } = { $memory$auto$proc_rom.cc:155:do_switch$156$rdmux[0][6][60]$a$5786 [2] $memory$auto$proc_rom.cc:155:do_switch$156$rdmux[0][6][60]$a$5786 [2] $memory$auto$proc_rom.cc:155:do_switch$156$rdmux[0][6][60]$a$5786 [2] $memory$auto$proc_rom.cc:155:do_switch$156$rdmux[0][6][60]$a$5786 [2] $memory$auto$proc_rom.cc:155:do_switch$156$rdmux[0][6][60]$a$5786 [2] $memory$auto$proc_rom.cc:155:do_switch$156$rdmux[0][6][60]$a$5786 [2] 3'000 }
    Consolidated identical input bits for $mux cell $memory$auto$proc_rom.cc:155:do_switch$156$rdmux[0][7][113]$6136:
      Old ports: A=10'1111110000, B=10'1111101000, Y=$memory$auto$proc_rom.cc:155:do_switch$156$rdmux[0][6][56]$b$5775
      New ports: A=2'10, B=2'01, Y=$memory$auto$proc_rom.cc:155:do_switch$156$rdmux[0][6][56]$b$5775 [4:3]
      New connections: { $memory$auto$proc_rom.cc:155:do_switch$156$rdmux[0][6][56]$b$5775 [9:5] $memory$auto$proc_rom.cc:155:do_switch$156$rdmux[0][6][56]$b$5775 [2:0] } = 8'11111000
    Consolidated identical input bits for $mux cell $memory$auto$proc_rom.cc:155:do_switch$156$rdmux[0][7][105]$6112:
      Old ports: A=10'1111110100, B=10'1111101110, Y=$memory$auto$proc_rom.cc:155:do_switch$156$rdmux[0][6][52]$b$5763
      New ports: A=2'10, B=2'01, Y={ $memory$auto$proc_rom.cc:155:do_switch$156$rdmux[0][6][52]$b$5763 [4] $memory$auto$proc_rom.cc:155:do_switch$156$rdmux[0][6][52]$b$5763 [1] }
      New connections: { $memory$auto$proc_rom.cc:155:do_switch$156$rdmux[0][6][52]$b$5763 [9:5] $memory$auto$proc_rom.cc:155:do_switch$156$rdmux[0][6][52]$b$5763 [3:2] $memory$auto$proc_rom.cc:155:do_switch$156$rdmux[0][6][52]$b$5763 [0] } = { 5'11111 $memory$auto$proc_rom.cc:155:do_switch$156$rdmux[0][6][52]$b$5763 [1] 2'10 }
    Consolidated identical input bits for $mux cell $memory$auto$proc_rom.cc:155:do_switch$156$rdmux[0][7][98]$6091:
      Old ports: A=10'1111110000, B=10'1111101000, Y=$memory$auto$proc_rom.cc:155:do_switch$156$rdmux[0][6][49]$a$5753
      New ports: A=2'10, B=2'01, Y=$memory$auto$proc_rom.cc:155:do_switch$156$rdmux[0][6][49]$a$5753 [4:3]
      New connections: { $memory$auto$proc_rom.cc:155:do_switch$156$rdmux[0][6][49]$a$5753 [9:5] $memory$auto$proc_rom.cc:155:do_switch$156$rdmux[0][6][49]$a$5753 [2:0] } = 8'11111000
    Consolidated identical input bits for $mux cell $memory$auto$proc_rom.cc:155:do_switch$156$rdmux[0][7][112]$6133:
      Old ports: A=10'0000000000, B=10'1111111000, Y=$memory$auto$proc_rom.cc:155:do_switch$156$rdmux[0][6][56]$a$5774
      New ports: A=1'0, B=1'1, Y=$memory$auto$proc_rom.cc:155:do_switch$156$rdmux[0][6][56]$a$5774 [3]
      New connections: { $memory$auto$proc_rom.cc:155:do_switch$156$rdmux[0][6][56]$a$5774 [9:4] $memory$auto$proc_rom.cc:155:do_switch$156$rdmux[0][6][56]$a$5774 [2:0] } = { $memory$auto$proc_rom.cc:155:do_switch$156$rdmux[0][6][56]$a$5774 [3] $memory$auto$proc_rom.cc:155:do_switch$156$rdmux[0][6][56]$a$5774 [3] $memory$auto$proc_rom.cc:155:do_switch$156$rdmux[0][6][56]$a$5774 [3] $memory$auto$proc_rom.cc:155:do_switch$156$rdmux[0][6][56]$a$5774 [3] $memory$auto$proc_rom.cc:155:do_switch$156$rdmux[0][6][56]$a$5774 [3] $memory$auto$proc_rom.cc:155:do_switch$156$rdmux[0][6][56]$a$5774 [3] 3'000 }
    Consolidated identical input bits for $mux cell $memory$auto$proc_rom.cc:155:do_switch$156$rdmux[0][7][97]$6088:
      Old ports: A=10'1111111000, B=10'1111110100, Y=$memory$auto$proc_rom.cc:155:do_switch$156$rdmux[0][6][48]$b$5751
      New ports: A=2'10, B=2'01, Y=$memory$auto$proc_rom.cc:155:do_switch$156$rdmux[0][6][48]$b$5751 [3:2]
      New connections: { $memory$auto$proc_rom.cc:155:do_switch$156$rdmux[0][6][48]$b$5751 [9:4] $memory$auto$proc_rom.cc:155:do_switch$156$rdmux[0][6][48]$b$5751 [1:0] } = 8'11111100
    Consolidated identical input bits for $mux cell $procmux$164:
      Old ports: A=5'11110, B=5'01001, Y=$50\quant_scaled$func$/home/b10507053/ALS_Final_Project/student/work/ex250_ex254_frontend_fp4_dot_fma_semantic_20260608_2105/ex250/verilog/ex250_semantic_fp4_dot2_prodtable_qrange.v:366$10.$result[6:0]$154
      New ports: A=2'10, B=2'01, Y=$50\quant_scaled$func$/home/b10507053/ALS_Final_Project/student/work/ex250_ex254_frontend_fp4_dot_fma_semantic_20260608_2105/ex250/verilog/ex250_semantic_fp4_dot2_prodtable_qrange.v:366$10.$result[6:0]$154 [1:0]
      New connections: $50\quant_scaled$func$/home/b10507053/ALS_Final_Project/student/work/ex250_ex254_frontend_fp4_dot_fma_semantic_20260608_2105/ex250/verilog/ex250_semantic_fp4_dot2_prodtable_qrange.v:366$10.$result[6:0]$154 [4:2] = { $50\quant_scaled$func$/home/b10507053/ALS_Final_Project/student/work/ex250_ex254_frontend_fp4_dot_fma_semantic_20260608_2105/ex250/verilog/ex250_semantic_fp4_dot2_prodtable_qrange.v:366$10.$result[6:0]$154 [1] 1'1 $50\quant_scaled$func$/home/b10507053/ALS_Final_Project/student/work/ex250_ex254_frontend_fp4_dot_fma_semantic_20260608_2105/ex250/verilog/ex250_semantic_fp4_dot2_prodtable_qrange.v:366$10.$result[6:0]$154 [1] }
    Consolidated identical input bits for $mux cell $memory$auto$proc_rom.cc:155:do_switch$160$rdmux[0][7][127]$5413:
      Old ports: A=10'0001100000, B=10'0010010000, Y=$memory$auto$proc_rom.cc:155:do_switch$160$rdmux[0][6][63]$b$5031
      New ports: A=2'10, B=2'01, Y=$memory$auto$proc_rom.cc:155:do_switch$160$rdmux[0][6][63]$b$5031 [5:4]
      New connections: { $memory$auto$proc_rom.cc:155:do_switch$160$rdmux[0][6][63]$b$5031 [9:6] $memory$auto$proc_rom.cc:155:do_switch$160$rdmux[0][6][63]$b$5031 [3:0] } = { 2'00 $memory$auto$proc_rom.cc:155:do_switch$160$rdmux[0][6][63]$b$5031 [4] $memory$auto$proc_rom.cc:155:do_switch$160$rdmux[0][6][63]$b$5031 [5] 4'0000 }
    Consolidated identical input bits for $mux cell $memory$auto$proc_rom.cc:155:do_switch$156$rdmux[0][7][127]$6178:
      Old ports: A=10'0001100000, B=10'0010010000, Y=$memory$auto$proc_rom.cc:155:do_switch$156$rdmux[0][6][63]$b$5796
      New ports: A=2'10, B=2'01, Y=$memory$auto$proc_rom.cc:155:do_switch$156$rdmux[0][6][63]$b$5796 [5:4]
      New connections: { $memory$auto$proc_rom.cc:155:do_switch$156$rdmux[0][6][63]$b$5796 [9:6] $memory$auto$proc_rom.cc:155:do_switch$156$rdmux[0][6][63]$b$5796 [3:0] } = { 2'00 $memory$auto$proc_rom.cc:155:do_switch$156$rdmux[0][6][63]$b$5796 [4] $memory$auto$proc_rom.cc:155:do_switch$156$rdmux[0][6][63]$b$5796 [5] 4'0000 }
  Optimizing cells in module \ex250_semantic_fp4_dot2_prodtable_qrange.
    Consolidated identical input bits for $mux cell $memory$auto$proc_rom.cc:155:do_switch$156$rdmux[0][6][63]$5794:
      Old ports: A=$memory$auto$proc_rom.cc:155:do_switch$156$rdmux[0][6][63]$a$5795, B=$memory$auto$proc_rom.cc:155:do_switch$156$rdmux[0][6][63]$b$5796, Y=$memory$auto$proc_rom.cc:155:do_switch$156$rdmux[0][5][31]$b$5604
      New ports: A={ 1'0 $memory$auto$proc_rom.cc:155:do_switch$156$rdmux[0][6][63]$a$5795 [3] $memory$auto$proc_rom.cc:155:do_switch$156$rdmux[0][6][63]$a$5795 [4] $memory$auto$proc_rom.cc:155:do_switch$156$rdmux[0][6][63]$a$5795 [4:3] }, B={ $memory$auto$proc_rom.cc:155:do_switch$156$rdmux[0][6][63]$b$5796 [4] $memory$auto$proc_rom.cc:155:do_switch$156$rdmux[0][6][63]$b$5796 [5] $memory$auto$proc_rom.cc:155:do_switch$156$rdmux[0][6][63]$b$5796 [5:4] 1'0 }, Y=$memory$auto$proc_rom.cc:155:do_switch$156$rdmux[0][5][31]$b$5604 [7:3]
      New connections: { $memory$auto$proc_rom.cc:155:do_switch$156$rdmux[0][5][31]$b$5604 [9:8] $memory$auto$proc_rom.cc:155:do_switch$156$rdmux[0][5][31]$b$5604 [2:0] } = 5'00000
    Consolidated identical input bits for $mux cell $memory$auto$proc_rom.cc:155:do_switch$156$rdmux[0][6][62]$5791:
      Old ports: A=$memory$auto$proc_rom.cc:155:do_switch$156$rdmux[0][6][62]$a$5792, B=$memory$auto$proc_rom.cc:155:do_switch$156$rdmux[0][6][62]$b$5793, Y=$memory$auto$proc_rom.cc:155:do_switch$156$rdmux[0][5][31]$a$5603
      New ports: A={ 2'00 $memory$auto$proc_rom.cc:155:do_switch$156$rdmux[0][6][62]$a$5792 [2] $memory$auto$proc_rom.cc:155:do_switch$156$rdmux[0][6][62]$a$5792 [2] }, B={ $memory$auto$proc_rom.cc:155:do_switch$156$rdmux[0][6][62]$b$5793 [2] $memory$auto$proc_rom.cc:155:do_switch$156$rdmux[0][6][62]$b$5793 [3] $memory$auto$proc_rom.cc:155:do_switch$156$rdmux[0][6][62]$b$5793 [3:2] }, Y=$memory$auto$proc_rom.cc:155:do_switch$156$rdmux[0][5][31]$a$5603 [5:2]
      New connections: { $memory$auto$proc_rom.cc:155:do_switch$156$rdmux[0][5][31]$a$5603 [9:6] $memory$auto$proc_rom.cc:155:do_switch$156$rdmux[0][5][31]$a$5603 [1:0] } = 6'000000
    Consolidated identical input bits for $mux cell $memory$auto$proc_rom.cc:155:do_switch$156$rdmux[0][6][61]$5788:
      Old ports: A=$memory$auto$proc_rom.cc:155:do_switch$156$rdmux[0][6][61]$a$5789, B=$memory$auto$proc_rom.cc:155:do_switch$156$rdmux[0][6][61]$b$5790, Y=$memory$auto$proc_rom.cc:155:do_switch$156$rdmux[0][5][30]$b$5601
      New ports: A={ 1'1 $memory$auto$proc_rom.cc:155:do_switch$156$rdmux[0][6][61]$a$5789 [6] $memory$auto$proc_rom.cc:155:do_switch$156$rdmux[0][6][61]$a$5789 [3] 1'1 $memory$auto$proc_rom.cc:155:do_switch$156$rdmux[0][6][61]$a$5789 [3] }, B={ $memory$auto$proc_rom.cc:155:do_switch$156$rdmux[0][6][61]$b$5790 [7] $memory$auto$proc_rom.cc:155:do_switch$156$rdmux[0][6][61]$b$5790 [4] 1'1 $memory$auto$proc_rom.cc:155:do_switch$156$rdmux[0][6][61]$b$5790 [4] 1'0 }, Y=$memory$auto$proc_rom.cc:155:do_switch$156$rdmux[0][5][30]$b$5601 [7:3]
      New connections: { $memory$auto$proc_rom.cc:155:do_switch$156$rdmux[0][5][30]$b$5601 [9:8] $memory$auto$proc_rom.cc:155:do_switch$156$rdmux[0][5][30]$b$5601 [2:0] } = 5'11000
    Consolidated identical input bits for $mux cell $memory$auto$proc_rom.cc:155:do_switch$156$rdmux[0][6][60]$5785:
      Old ports: A=$memory$auto$proc_rom.cc:155:do_switch$156$rdmux[0][6][60]$a$5786, B=$memory$auto$proc_rom.cc:155:do_switch$156$rdmux[0][6][60]$b$5787, Y=$memory$auto$proc_rom.cc:155:do_switch$156$rdmux[0][5][30]$a$5600
      New ports: A={ $memory$auto$proc_rom.cc:155:do_switch$156$rdmux[0][6][60]$a$5786 [2] $memory$auto$proc_rom.cc:155:do_switch$156$rdmux[0][6][60]$a$5786 [2] 1'0 $memory$auto$proc_rom.cc:155:do_switch$156$rdmux[0][6][60]$a$5786 [2] }, B={ 1'1 $memory$auto$proc_rom.cc:155:do_switch$156$rdmux[0][6][60]$b$5787 [5] 1'1 $memory$auto$proc_rom.cc:155:do_switch$156$rdmux[0][6][60]$b$5787 [2] }, Y={ $memory$auto$proc_rom.cc:155:do_switch$156$rdmux[0][5][30]$a$5600 [6:5] $memory$auto$proc_rom.cc:155:do_switch$156$rdmux[0][5][30]$a$5600 [3:2] }
      New connections: { $memory$auto$proc_rom.cc:155:do_switch$156$rdmux[0][5][30]$a$5600 [9:7] $memory$auto$proc_rom.cc:155:do_switch$156$rdmux[0][5][30]$a$5600 [4] $memory$auto$proc_rom.cc:155:do_switch$156$rdmux[0][5][30]$a$5600 [1:0] } = { $memory$auto$proc_rom.cc:155:do_switch$156$rdmux[0][5][30]$a$5600 [6] $memory$auto$proc_rom.cc:155:do_switch$156$rdmux[0][5][30]$a$5600 [6] $memory$auto$proc_rom.cc:155:do_switch$156$rdmux[0][5][30]$a$5600 [6] $memory$auto$proc_rom.cc:155:do_switch$156$rdmux[0][5][30]$a$5600 [2] 2'00 }
    Consolidated identical input bits for $mux cell $memory$auto$proc_rom.cc:155:do_switch$156$rdmux[0][6][59]$5782:
      Old ports: A=$memory$auto$proc_rom.cc:155:do_switch$156$rdmux[0][6][59]$a$5783, B=$memory$auto$proc_rom.cc:155:do_switch$156$rdmux[0][6][59]$b$5784, Y=$memory$auto$proc_rom.cc:155:do_switch$156$rdmux[0][5][29]$b$5598
      New ports: A={ 2'01 $memory$auto$proc_rom.cc:155:do_switch$156$rdmux[0][6][59]$a$5783 [4] }, B={ 1'1 $memory$auto$proc_rom.cc:155:do_switch$156$rdmux[0][6][59]$b$5784 [5] 1'0 }, Y=$memory$auto$proc_rom.cc:155:do_switch$156$rdmux[0][5][29]$b$5598 [6:4]
      New connections: { $memory$auto$proc_rom.cc:155:do_switch$156$rdmux[0][5][29]$b$5598 [9:7] $memory$auto$proc_rom.cc:155:do_switch$156$rdmux[0][5][29]$b$5598 [3:0] } = 7'0000000
    Consolidated identical input bits for $mux cell $memory$auto$proc_rom.cc:155:do_switch$156$rdmux[0][6][58]$5779:
      Old ports: A=$memory$auto$proc_rom.cc:155:do_switch$156$rdmux[0][6][58]$a$5780, B=$memory$auto$proc_rom.cc:155:do_switch$156$rdmux[0][6][58]$b$5781, Y=$memory$auto$proc_rom.cc:155:do_switch$156$rdmux[0][5][29]$a$5597
      New ports: A={ 1'0 $memory$auto$proc_rom.cc:155:do_switch$156$rdmux[0][6][58]$a$5780 [3] }, B={ 1'1 $memory$auto$proc_rom.cc:155:do_switch$156$rdmux[0][6][58]$b$5781 [3] }, Y=$memory$auto$proc_rom.cc:155:do_switch$156$rdmux[0][5][29]$a$5597 [4:3]
      New connections: { $memory$auto$proc_rom.cc:155:do_switch$156$rdmux[0][5][29]$a$5597 [9:5] $memory$auto$proc_rom.cc:155:do_switch$156$rdmux[0][5][29]$a$5597 [2:0] } = 8'00000000
    Consolidated identical input bits for $mux cell $memory$auto$proc_rom.cc:155:do_switch$156$rdmux[0][6][57]$5776:
      Old ports: A=$memory$auto$proc_rom.cc:155:do_switch$156$rdmux[0][6][57]$a$5777, B=$memory$auto$proc_rom.cc:155:do_switch$156$rdmux[0][6][57]$b$5778, Y=$memory$auto$proc_rom.cc:155:do_switch$156$rdmux[0][5][28]$b$5595
      New ports: A={ 1'1 $memory$auto$proc_rom.cc:155:do_switch$156$rdmux[0][6][57]$a$5777 [5:4] }, B={ $memory$auto$proc_rom.cc:155:do_switch$156$rdmux[0][6][57]$b$5778 [6:5] 1'0 }, Y=$memory$auto$proc_rom.cc:155:do_switch$156$rdmux[0][5][28]$b$5595 [6:4]
      New connections: { $memory$auto$proc_rom.cc:155:do_switch$156$rdmux[0][5][28]$b$5595 [9:7] $memory$auto$proc_rom.cc:155:do_switch$156$rdmux[0][5][28]$b$5595 [3:0] } = 7'1110000
    Consolidated identical input bits for $mux cell $memory$auto$proc_rom.cc:155:do_switch$156$rdmux[0][6][56]$5773:
      Old ports: A=$memory$auto$proc_rom.cc:155:do_switch$156$rdmux[0][6][56]$a$5774, B=$memory$auto$proc_rom.cc:155:do_switch$156$rdmux[0][6][56]$b$5775, Y=$memory$auto$proc_rom.cc:155:do_switch$156$rdmux[0][5][28]$a$5594
      New ports: A={ $memory$auto$proc_rom.cc:155:do_switch$156$rdmux[0][6][56]$a$5774 [3] $memory$auto$proc_rom.cc:155:do_switch$156$rdmux[0][6][56]$a$5774 [3] $memory$auto$proc_rom.cc:155:do_switch$156$rdmux[0][6][56]$a$5774 [3] }, B={ 1'1 $memory$auto$proc_rom.cc:155:do_switch$156$rdmux[0][6][56]$b$5775 [4:3] }, Y=$memory$auto$proc_rom.cc:155:do_switch$156$rdmux[0][5][28]$a$5594 [5:3]
      New connections: { $memory$auto$proc_rom.cc:155:do_switch$156$rdmux[0][5][28]$a$5594 [9:6] $memory$auto$proc_rom.cc:155:do_switch$156$rdmux[0][5][28]$a$5594 [2:0] } = { $memory$auto$proc_rom.cc:155:do_switch$156$rdmux[0][5][28]$a$5594 [5] $memory$auto$proc_rom.cc:155:do_switch$156$rdmux[0][5][28]$a$5594 [5] $memory$auto$proc_rom.cc:155:do_switch$156$rdmux[0][5][28]$a$5594 [5] $memory$auto$proc_rom.cc:155:do_switch$156$rdmux[0][5][28]$a$5594 [5] 3'000 }
    Consolidated identical input bits for $mux cell $memory$auto$proc_rom.cc:155:do_switch$156$rdmux[0][6][55]$5770:
      Old ports: A=$memory$auto$proc_rom.cc:155:do_switch$156$rdmux[0][6][55]$a$5771, B=$memory$auto$proc_rom.cc:155:do_switch$156$rdmux[0][6][55]$b$5772, Y=$memory$auto$proc_rom.cc:155:do_switch$156$rdmux[0][5][27]$b$5592
      New ports: A={ 1'0 $memory$auto$proc_rom.cc:155:do_switch$156$rdmux[0][6][55]$a$5771 [2] $memory$auto$proc_rom.cc:155:do_switch$156$rdmux[0][6][55]$a$5771 [3] $memory$auto$proc_rom.cc:155:do_switch$156$rdmux[0][6][55]$a$5771 [3:2] }, B={ $memory$auto$proc_rom.cc:155:do_switch$156$rdmux[0][6][55]$b$5772 [3] $memory$auto$proc_rom.cc:155:do_switch$156$rdmux[0][6][55]$b$5772 [4] $memory$auto$proc_rom.cc:155:do_switch$156$rdmux[0][6][55]$b$5772 [4:3] 1'0 }, Y=$memory$auto$proc_rom.cc:155:do_switch$156$rdmux[0][5][27]$b$5592 [6:2]
      New connections: { $memory$auto$proc_rom.cc:155:do_switch$156$rdmux[0][5][27]$b$5592 [9:7] $memory$auto$proc_rom.cc:155:do_switch$156$rdmux[0][5][27]$b$5592 [1:0] } = 5'00000
    Consolidated identical input bits for $mux cell $memory$auto$proc_rom.cc:155:do_switch$156$rdmux[0][6][54]$5767:
      Old ports: A=$memory$auto$proc_rom.cc:155:do_switch$156$rdmux[0][6][54]$a$5768, B=$memory$auto$proc_rom.cc:155:do_switch$156$rdmux[0][6][54]$b$5769, Y=$memory$auto$proc_rom.cc:155:do_switch$156$rdmux[0][5][27]$a$5591
      New ports: A={ 2'00 $memory$auto$proc_rom.cc:155:do_switch$156$rdmux[0][6][54]$a$5768 [1] $memory$auto$proc_rom.cc:155:do_switch$156$rdmux[0][6][54]$a$5768 [1] }, B={ $memory$auto$proc_rom.cc:155:do_switch$156$rdmux[0][6][54]$b$5769 [1] $memory$auto$proc_rom.cc:155:do_switch$156$rdmux[0][6][54]$b$5769 [2] $memory$auto$proc_rom.cc:155:do_switch$156$rdmux[0][6][54]$b$5769 [2:1] }, Y=$memory$auto$proc_rom.cc:155:do_switch$156$rdmux[0][5][27]$a$5591 [4:1]
      New connections: { $memory$auto$proc_rom.cc:155:do_switch$156$rdmux[0][5][27]$a$5591 [9:5] $memory$auto$proc_rom.cc:155:do_switch$156$rdmux[0][5][27]$a$5591 [0] } = 6'000000
    Consolidated identical input bits for $mux cell $memory$auto$proc_rom.cc:155:do_switch$156$rdmux[0][6][53]$5764:
      Old ports: A=$memory$auto$proc_rom.cc:155:do_switch$156$rdmux[0][6][53]$a$5765, B=$memory$auto$proc_rom.cc:155:do_switch$156$rdmux[0][6][53]$b$5766, Y=$memory$auto$proc_rom.cc:155:do_switch$156$rdmux[0][5][26]$b$5589
      New ports: A={ 1'1 $memory$auto$proc_rom.cc:155:do_switch$156$rdmux[0][6][53]$a$5765 [5] $memory$auto$proc_rom.cc:155:do_switch$156$rdmux[0][6][53]$a$5765 [2] 1'1 $memory$auto$proc_rom.cc:155:do_switch$156$rdmux[0][6][53]$a$5765 [2] }, B={ $memory$auto$proc_rom.cc:155:do_switch$156$rdmux[0][6][53]$b$5766 [6] $memory$auto$proc_rom.cc:155:do_switch$156$rdmux[0][6][53]$b$5766 [3] 1'1 $memory$auto$proc_rom.cc:155:do_switch$156$rdmux[0][6][53]$b$5766 [3] 1'0 }, Y=$memory$auto$proc_rom.cc:155:do_switch$156$rdmux[0][5][26]$b$5589 [6:2]
      New connections: { $memory$auto$proc_rom.cc:155:do_switch$156$rdmux[0][5][26]$b$5589 [9:7] $memory$auto$proc_rom.cc:155:do_switch$156$rdmux[0][5][26]$b$5589 [1:0] } = 5'11100
    Consolidated identical input bits for $mux cell $memory$auto$proc_rom.cc:155:do_switch$156$rdmux[0][6][52]$5761:
      Old ports: A=$memory$auto$proc_rom.cc:155:do_switch$156$rdmux[0][6][52]$a$5762, B=$memory$auto$proc_rom.cc:155:do_switch$156$rdmux[0][6][52]$b$5763, Y=$memory$auto$proc_rom.cc:155:do_switch$156$rdmux[0][5][26]$a$5588
      New ports: A={ $memory$auto$proc_rom.cc:155:do_switch$156$rdmux[0][6][52]$a$5762 [1] $memory$auto$proc_rom.cc:155:do_switch$156$rdmux[0][6][52]$a$5762 [1] 1'0 $memory$auto$proc_rom.cc:155:do_switch$156$rdmux[0][6][52]$a$5762 [1] }, B={ 1'1 $memory$auto$proc_rom.cc:155:do_switch$156$rdmux[0][6][52]$b$5763 [4] 1'1 $memory$auto$proc_rom.cc:155:do_switch$156$rdmux[0][6][52]$b$5763 [1] }, Y={ $memory$auto$proc_rom.cc:155:do_switch$156$rdmux[0][5][26]$a$5588 [5:4] $memory$auto$proc_rom.cc:155:do_switch$156$rdmux[0][5][26]$a$5588 [2:1] }
      New connections: { $memory$auto$proc_rom.cc:155:do_switch$156$rdmux[0][5][26]$a$5588 [9:6] $memory$auto$proc_rom.cc:155:do_switch$156$rdmux[0][5][26]$a$5588 [3] $memory$auto$proc_rom.cc:155:do_switch$156$rdmux[0][5][26]$a$5588 [0] } = { $memory$auto$proc_rom.cc:155:do_switch$156$rdmux[0][5][26]$a$5588 [5] $memory$auto$proc_rom.cc:155:do_switch$156$rdmux[0][5][26]$a$5588 [5] $memory$auto$proc_rom.cc:155:do_switch$156$rdmux[0][5][26]$a$5588 [5] $memory$auto$proc_rom.cc:155:do_switch$156$rdmux[0][5][26]$a$5588 [5] $memory$auto$proc_rom.cc:155:do_switch$156$rdmux[0][5][26]$a$5588 [1] 1'0 }
    Consolidated identical input bits for $mux cell $memory$auto$proc_rom.cc:155:do_switch$156$rdmux[0][6][51]$5758:
      Old ports: A=$memory$auto$proc_rom.cc:155:do_switch$156$rdmux[0][6][51]$a$5759, B=$memory$auto$proc_rom.cc:155:do_switch$156$rdmux[0][6][51]$b$5760, Y=$memory$auto$proc_rom.cc:155:do_switch$156$rdmux[0][5][25]$b$5586
      New ports: A={ 2'01 $memory$auto$proc_rom.cc:155:do_switch$156$rdmux[0][6][51]$a$5759 [3] }, B={ 1'1 $memory$auto$proc_rom.cc:155:do_switch$156$rdmux[0][6][51]$b$5760 [4] 1'0 }, Y=$memory$auto$proc_rom.cc:155:do_switch$156$rdmux[0][5][25]$b$5586 [5:3]
      New connections: { $memory$auto$proc_rom.cc:155:do_switch$156$rdmux[0][5][25]$b$5586 [9:6] $memory$auto$proc_rom.cc:155:do_switch$156$rdmux[0][5][25]$b$5586 [2:0] } = 7'0000000
    Consolidated identical input bits for $mux cell $memory$auto$proc_rom.cc:155:do_switch$156$rdmux[0][6][50]$5755:
      Old ports: A=$memory$auto$proc_rom.cc:155:do_switch$156$rdmux[0][6][50]$a$5756, B=$memory$auto$proc_rom.cc:155:do_switch$156$rdmux[0][6][50]$b$5757, Y=$memory$auto$proc_rom.cc:155:do_switch$156$rdmux[0][5][25]$a$5585
      New ports: A={ 1'0 $memory$auto$proc_rom.cc:155:do_switch$156$rdmux[0][6][50]$a$5756 [2] }, B={ 1'1 $memory$auto$proc_rom.cc:155:do_switch$156$rdmux[0][6][50]$b$5757 [2] }, Y=$memory$auto$proc_rom.cc:155:do_switch$156$rdmux[0][5][25]$a$5585 [3:2]
      New connections: { $memory$auto$proc_rom.cc:155:do_switch$156$rdmux[0][5][25]$a$5585 [9:4] $memory$auto$proc_rom.cc:155:do_switch$156$rdmux[0][5][25]$a$5585 [1:0] } = 8'00000000
    Consolidated identical input bits for $mux cell $memory$auto$proc_rom.cc:155:do_switch$156$rdmux[0][6][49]$5752:
      Old ports: A=$memory$auto$proc_rom.cc:155:do_switch$156$rdmux[0][6][49]$a$5753, B=$memory$auto$proc_rom.cc:155:do_switch$156$rdmux[0][6][49]$b$5754, Y=$memory$auto$proc_rom.cc:155:do_switch$156$rdmux[0][5][24]$b$5583
      New ports: A={ 1'1 $memory$auto$proc_rom.cc:155:do_switch$156$rdmux[0][6][49]$a$5753 [4:3] }, B={ $memory$auto$proc_rom.cc:155:do_switch$156$rdmux[0][6][49]$b$5754 [5:4] 1'0 }, Y=$memory$auto$proc_rom.cc:155:do_switch$156$rdmux[0][5][24]$b$5583 [5:3]
      New connections: { $memory$auto$proc_rom.cc:155:do_switch$156$rdmux[0][5][24]$b$5583 [9:6] $memory$auto$proc_rom.cc:155:do_switch$156$rdmux[0][5][24]$b$5583 [2:0] } = 7'1111000
    Consolidated identical input bits for $mux cell $memory$auto$proc_rom.cc:155:do_switch$156$rdmux[0][6][48]$5749:
      Old ports: A=$memory$auto$proc_rom.cc:155:do_switch$156$rdmux[0][6][48]$a$5750, B=$memory$auto$proc_rom.cc:155:do_switch$156$rdmux[0][6][48]$b$5751, Y=$memory$auto$proc_rom.cc:155:do_switch$156$rdmux[0][5][24]$a$5582
      New ports: A={ $memory$auto$proc_rom.cc:155:do_switch$156$rdmux[0][6][48]$a$5750 [2] $memory$auto$proc_rom.cc:155:do_switch$156$rdmux[0][6][48]$a$5750 [2] $memory$auto$proc_rom.cc:155:do_switch$156$rdmux[0][6][48]$a$5750 [2] }, B={ 1'1 $memory$auto$proc_rom.cc:155:do_switch$156$rdmux[0][6][48]$b$5751 [3:2] }, Y=$memory$auto$proc_rom.cc:155:do_switch$156$rdmux[0][5][24]$a$5582 [4:2]
      New connections: { $memory$auto$proc_rom.cc:155:do_switch$156$rdmux[0][5][24]$a$5582 [9:5] $memory$auto$proc_rom.cc:155:do_switch$156$rdmux[0][5][24]$a$5582 [1:0] } = { $memory$auto$proc_rom.cc:155:do_switch$156$rdmux[0][5][24]$a$5582 [4] $memory$auto$proc_rom.cc:155:do_switch$156$rdmux[0][5][24]$a$5582 [4] $memory$auto$proc_rom.cc:155:do_switch$156$rdmux[0][5][24]$a$5582 [4] $memory$auto$proc_rom.cc:155:do_switch$156$rdmux[0][5][24]$a$5582 [4] $memory$auto$proc_rom.cc:155:do_switch$156$rdmux[0][5][24]$a$5582 [4] 2'00 }
    Consolidated identical input bits for $mux cell $memory$auto$proc_rom.cc:155:do_switch$156$rdmux[0][6][47]$5746:
      Old ports: A=$memory$auto$proc_rom.cc:155:do_switch$156$rdmux[0][6][47]$a$5747, B=$memory$auto$proc_rom.cc:155:do_switch$156$rdmux[0][6][47]$b$5748, Y=$memory$auto$proc_rom.cc:155:do_switch$156$rdmux[0][5][23]$b$5580
      New ports: A={ 1'0 $memory$auto$proc_rom.cc:155:do_switch$156$rdmux[0][6][47]$a$5747 [1] $memory$auto$proc_rom.cc:155:do_switch$156$rdmux[0][6][47]$a$5747 [2] $memory$auto$proc_rom.cc:155:do_switch$156$rdmux[0][6][47]$a$5747 [2:1] }, B={ $memory$auto$proc_rom.cc:155:do_switch$156$rdmux[0][6][47]$b$5748 [2] $memory$auto$proc_rom.cc:155:do_switch$156$rdmux[0][6][47]$b$5748 [3] $memory$auto$proc_rom.cc:155:do_switch$156$rdmux[0][6][47]$b$5748 [3:2] 1'0 }, Y=$memory$auto$proc_rom.cc:155:do_switch$156$rdmux[0][5][23]$b$5580 [5:1]
      New connections: { $memory$auto$proc_rom.cc:155:do_switch$156$rdmux[0][5][23]$b$5580 [9:6] $memory$auto$proc_rom.cc:155:do_switch$156$rdmux[0][5][23]$b$5580 [0] } = 5'00000
    Consolidated identical input bits for $mux cell $memory$auto$proc_rom.cc:155:do_switch$156$rdmux[0][6][46]$5743:
      Old ports: A=$memory$auto$proc_rom.cc:155:do_switch$156$rdmux[0][6][46]$a$5744, B=$memory$auto$proc_rom.cc:155:do_switch$156$rdmux[0][6][46]$b$5745, Y=$memory$auto$proc_rom.cc:155:do_switch$156$rdmux[0][5][23]$a$5579
      New ports: A={ 2'00 $memory$auto$proc_rom.cc:155:do_switch$156$rdmux[0][6][46]$a$5744 [0] $memory$auto$proc_rom.cc:155:do_switch$156$rdmux[0][6][46]$a$5744 [0] }, B={ $memory$auto$proc_rom.cc:155:do_switch$156$rdmux[0][6][46]$b$5745 [0] $memory$auto$proc_rom.cc:155:do_switch$156$rdmux[0][6][46]$b$5745 [1] $memory$auto$proc_rom.cc:155:do_switch$156$rdmux[0][6][46]$b$5745 [1:0] }, Y=$memory$auto$proc_rom.cc:155:do_switch$156$rdmux[0][5][23]$a$5579 [3:0]
      New connections: $memory$auto$proc_rom.cc:155:do_switch$156$rdmux[0][5][23]$a$5579 [9:4] = 6'000000
    Consolidated identical input bits for $mux cell $memory$auto$proc_rom.cc:155:do_switch$156$rdmux[0][6][45]$5740:
      Old ports: A=$memory$auto$proc_rom.cc:155:do_switch$156$rdmux[0][6][45]$a$5741, B=$memory$auto$proc_rom.cc:155:do_switch$156$rdmux[0][6][45]$b$5742, Y=$memory$auto$proc_rom.cc:155:do_switch$156$rdmux[0][5][22]$b$5577
      New ports: A={ 1'1 $memory$auto$proc_rom.cc:155:do_switch$156$rdmux[0][6][45]$a$5741 [4] $memory$auto$proc_rom.cc:155:do_switch$156$rdmux[0][6][45]$a$5741 [1] 1'1 $memory$auto$proc_rom.cc:155:do_switch$156$rdmux[0][6][45]$a$5741 [1] }, B={ $memory$auto$proc_rom.cc:155:do_switch$156$rdmux[0][6][45]$b$5742 [5] $memory$auto$proc_rom.cc:155:do_switch$156$rdmux[0][6][45]$b$5742 [2] 1'1 $memory$auto$proc_rom.cc:155:do_switch$156$rdmux[0][6][45]$b$5742 [2] 1'0 }, Y=$memory$auto$proc_rom.cc:155:do_switch$156$rdmux[0][5][22]$b$5577 [5:1]
      New connections: { $memory$auto$proc_rom.cc:155:do_switch$156$rdmux[0][5][22]$b$5577 [9:6] $memory$auto$proc_rom.cc:155:do_switch$156$rdmux[0][5][22]$b$5577 [0] } = 5'11110
    Consolidated identical input bits for $mux cell $memory$auto$proc_rom.cc:155:do_switch$156$rdmux[0][6][44]$5737:
      Old ports: A=$memory$auto$proc_rom.cc:155:do_switch$156$rdmux[0][6][44]$a$5738, B=$memory$auto$proc_rom.cc:155:do_switch$156$rdmux[0][6][44]$b$5739, Y=$memory$auto$proc_rom.cc:155:do_switch$156$rdmux[0][5][22]$a$5576
      New ports: A={ $memory$auto$proc_rom.cc:155:do_switch$156$rdmux[0][6][44]$a$5738 [0] $memory$auto$proc_rom.cc:155:do_switch$156$rdmux[0][6][44]$a$5738 [0] 1'0 $memory$auto$proc_rom.cc:155:do_switch$156$rdmux[0][6][44]$a$5738 [0] }, B={ 1'1 $memory$auto$proc_rom.cc:155:do_switch$156$rdmux[0][6][44]$b$5739 [3] 1'1 $memory$auto$proc_rom.cc:155:do_switch$156$rdmux[0][6][44]$b$5739 [0] }, Y={ $memory$auto$proc_rom.cc:155:do_switch$156$rdmux[0][5][22]$a$5576 [4:3] $memory$auto$proc_rom.cc:155:do_switch$156$rdmux[0][5][22]$a$5576 [1:0] }
      New connections: { $memory$auto$proc_rom.cc:155:do_switch$156$rdmux[0][5][22]$a$5576 [9:5] $memory$auto$proc_rom.cc:155:do_switch$156$rdmux[0][5][22]$a$5576 [2] } = { $memory$auto$proc_rom.cc:155:do_switch$156$rdmux[0][5][22]$a$5576 [4] $memory$auto$proc_rom.cc:155:do_switch$156$rdmux[0][5][22]$a$5576 [4] $memory$auto$proc_rom.cc:155:do_switch$156$rdmux[0][5][22]$a$5576 [4] $memory$auto$proc_rom.cc:155:do_switch$156$rdmux[0][5][22]$a$5576 [4] $memory$auto$proc_rom.cc:155:do_switch$156$rdmux[0][5][22]$a$5576 [4] $memory$auto$proc_rom.cc:155:do_switch$156$rdmux[0][5][22]$a$5576 [0] }
    Consolidated identical input bits for $mux cell $memory$auto$proc_rom.cc:155:do_switch$156$rdmux[0][6][43]$5734:
      Old ports: A=$memory$auto$proc_rom.cc:155:do_switch$156$rdmux[0][6][43]$a$5735, B=$memory$auto$proc_rom.cc:155:do_switch$156$rdmux[0][6][43]$b$5736, Y=$memory$auto$proc_rom.cc:155:do_switch$156$rdmux[0][5][21]$b$5574
      New ports: A={ 2'01 $memory$auto$proc_rom.cc:155:do_switch$156$rdmux[0][6][43]$a$5735 [2] }, B={ 1'1 $memory$auto$proc_rom.cc:155:do_switch$156$rdmux[0][6][43]$b$5736 [3] 1'0 }, Y=$memory$auto$proc_rom.cc:155:do_switch$156$rdmux[0][5][21]$b$5574 [4:2]
      New connections: { $memory$auto$proc_rom.cc:155:do_switch$156$rdmux[0][5][21]$b$5574 [9:5] $memory$auto$proc_rom.cc:155:do_switch$156$rdmux[0][5][21]$b$5574 [1:0] } = 7'0000000
    Consolidated identical input bits for $mux cell $memory$auto$proc_rom.cc:155:do_switch$156$rdmux[0][6][42]$5731:
      Old ports: A=$memory$auto$proc_rom.cc:155:do_switch$156$rdmux[0][6][42]$a$5732, B=$memory$auto$proc_rom.cc:155:do_switch$156$rdmux[0][6][42]$b$5733, Y=$memory$auto$proc_rom.cc:155:do_switch$156$rdmux[0][5][21]$a$5573
      New ports: A={ 1'0 $memory$auto$proc_rom.cc:155:do_switch$156$rdmux[0][6][42]$a$5732 [1] }, B={ 1'1 $memory$auto$proc_rom.cc:155:do_switch$156$rdmux[0][6][42]$b$5733 [1] }, Y=$memory$auto$proc_rom.cc:155:do_switch$156$rdmux[0][5][21]$a$5573 [2:1]
      New connections: { $memory$auto$proc_rom.cc:155:do_switch$156$rdmux[0][5][21]$a$5573 [9:3] $memory$auto$proc_rom.cc:155:do_switch$156$rdmux[0][5][21]$a$5573 [0] } = 8'00000000
    Consolidated identical input bits for $mux cell $memory$auto$proc_rom.cc:155:do_switch$156$rdmux[0][6][41]$5728:
      Old ports: A=$memory$auto$proc_rom.cc:155:do_switch$156$rdmux[0][6][41]$a$5729, B=$memory$auto$proc_rom.cc:155:do_switch$156$rdmux[0][6][41]$b$5730, Y=$memory$auto$proc_rom.cc:155:do_switch$156$rdmux[0][5][20]$b$5571
      New ports: A={ 1'1 $memory$auto$proc_rom.cc:155:do_switch$156$rdmux[0][6][41]$a$5729 [3:2] }, B={ $memory$auto$proc_rom.cc:155:do_switch$156$rdmux[0][6][41]$b$5730 [4:3] 1'0 }, Y=$memory$auto$proc_rom.cc:155:do_switch$156$rdmux[0][5][20]$b$5571 [4:2]
      New connections: { $memory$auto$proc_rom.cc:155:do_switch$156$rdmux[0][5][20]$b$5571 [9:5] $memory$auto$proc_rom.cc:155:do_switch$156$rdmux[0][5][20]$b$5571 [1:0] } = 7'1111100
    Consolidated identical input bits for $mux cell $memory$auto$proc_rom.cc:155:do_switch$156$rdmux[0][6][40]$5725:
      Old ports: A=$memory$auto$proc_rom.cc:155:do_switch$156$rdmux[0][6][40]$a$5726, B=$memory$auto$proc_rom.cc:155:do_switch$156$rdmux[0][6][40]$b$5727, Y=$memory$auto$proc_rom.cc:155:do_switch$156$rdmux[0][5][20]$a$5570
      New ports: A={ $memory$auto$proc_rom.cc:155:do_switch$156$rdmux[0][6][40]$a$5726 [1] $memory$auto$proc_rom.cc:155:do_switch$156$rdmux[0][6][40]$a$5726 [1] $memory$auto$proc_rom.cc:155:do_switch$156$rdmux[0][6][40]$a$5726 [1] }, B={ 1'1 $memory$auto$proc_rom.cc:155:do_switch$156$rdmux[0][6][40]$b$5727 [2:1] }, Y=$memory$auto$proc_rom.cc:155:do_switch$156$rdmux[0][5][20]$a$5570 [3:1]
      New connections: { $memory$auto$proc_rom.cc:155:do_switch$156$rdmux[0][5][20]$a$5570 [9:4] $memory$auto$proc_rom.cc:155:do_switch$156$rdmux[0][5][20]$a$5570 [0] } = { $memory$auto$proc_rom.cc:155:do_switch$156$rdmux[0][5][20]$a$5570 [3] $memory$auto$proc_rom.cc:155:do_switch$156$rdmux[0][5][20]$a$5570 [3] $memory$auto$proc_rom.cc:155:do_switch$156$rdmux[0][5][20]$a$5570 [3] $memory$auto$proc_rom.cc:155:do_switch$156$rdmux[0][5][20]$a$5570 [3] $memory$auto$proc_rom.cc:155:do_switch$156$rdmux[0][5][20]$a$5570 [3] $memory$auto$proc_rom.cc:155:do_switch$156$rdmux[0][5][20]$a$5570 [3] 1'0 }
    Consolidated identical input bits for $mux cell $memory$auto$proc_rom.cc:155:do_switch$156$rdmux[0][6][39]$5722:
      Old ports: A=$memory$auto$proc_rom.cc:155:do_switch$156$rdmux[0][6][39]$a$5723, B=$memory$auto$proc_rom.cc:155:do_switch$156$rdmux[0][6][39]$b$5724, Y=$memory$auto$proc_rom.cc:155:do_switch$156$rdmux[0][5][19]$b$5568
      New ports: A={ 2'01 $memory$auto$proc_rom.cc:155:do_switch$156$rdmux[0][6][39]$a$5723 [1] }, B={ 1'1 $memory$auto$proc_rom.cc:155:do_switch$156$rdmux[0][6][39]$b$5724 [2] 1'0 }, Y=$memory$auto$proc_rom.cc:155:do_switch$156$rdmux[0][5][19]$b$5568 [3:1]
      New connections: { $memory$auto$proc_rom.cc:155:do_switch$156$rdmux[0][5][19]$b$5568 [9:4] $memory$auto$proc_rom.cc:155:do_switch$156$rdmux[0][5][19]$b$5568 [0] } = 7'0000000
    Consolidated identical input bits for $mux cell $memory$auto$proc_rom.cc:155:do_switch$156$rdmux[0][6][38]$5719:
      Old ports: A=$memory$auto$proc_rom.cc:155:do_switch$156$rdmux[0][6][38]$a$5720, B=$memory$auto$proc_rom.cc:155:do_switch$156$rdmux[0][6][38]$b$5721, Y=$memory$auto$proc_rom.cc:155:do_switch$156$rdmux[0][5][19]$a$5567
      New ports: A={ 1'0 $memory$auto$proc_rom.cc:155:do_switch$156$rdmux[0][6][38]$a$5720 [0] }, B={ 1'1 $memory$auto$proc_rom.cc:155:do_switch$156$rdmux[0][6][38]$b$5721 [0] }, Y=$memory$auto$proc_rom.cc:155:do_switch$156$rdmux[0][5][19]$a$5567 [1:0]
      New connections: $memory$auto$proc_rom.cc:155:do_switch$156$rdmux[0][5][19]$a$5567 [9:2] = 8'00000000
    Consolidated identical input bits for $mux cell $memory$auto$proc_rom.cc:155:do_switch$156$rdmux[0][6][37]$5716:
      Old ports: A=$memory$auto$proc_rom.cc:155:do_switch$156$rdmux[0][6][37]$a$5717, B=$memory$auto$proc_rom.cc:155:do_switch$156$rdmux[0][6][37]$b$5718, Y=$memory$auto$proc_rom.cc:155:do_switch$156$rdmux[0][5][18]$b$5565
      New ports: A={ 1'1 $memory$auto$proc_rom.cc:155:do_switch$156$rdmux[0][6][37]$a$5717 [2:1] }, B={ $memory$auto$proc_rom.cc:155:do_switch$156$rdmux[0][6][37]$b$5718 [3:2] 1'0 }, Y=$memory$auto$proc_rom.cc:155:do_switch$156$rdmux[0][5][18]$b$5565 [3:1]
      New connections: { $memory$auto$proc_rom.cc:155:do_switch$156$rdmux[0][5][18]$b$5565 [9:4] $memory$auto$proc_rom.cc:155:do_switch$156$rdmux[0][5][18]$b$5565 [0] } = 7'1111110
    Consolidated identical input bits for $mux cell $memory$auto$proc_rom.cc:155:do_switch$156$rdmux[0][6][36]$5713:
      Old ports: A=$memory$auto$proc_rom.cc:155:do_switch$156$rdmux[0][6][36]$a$5714, B=$memory$auto$proc_rom.cc:155:do_switch$156$rdmux[0][6][36]$b$5715, Y=$memory$auto$proc_rom.cc:155:do_switch$156$rdmux[0][5][18]$a$5564
      New ports: A={ $memory$auto$proc_rom.cc:155:do_switch$156$rdmux[0][6][36]$a$5714 [0] $memory$auto$proc_rom.cc:155:do_switch$156$rdmux[0][6][36]$a$5714 [0] $memory$auto$proc_rom.cc:155:do_switch$156$rdmux[0][6][36]$a$5714 [0] }, B={ 1'1 $memory$auto$proc_rom.cc:155:do_switch$156$rdmux[0][6][36]$b$5715 [1:0] }, Y=$memory$auto$proc_rom.cc:155:do_switch$156$rdmux[0][5][18]$a$5564 [2:0]
      New connections: $memory$auto$proc_rom.cc:155:do_switch$156$rdmux[0][5][18]$a$5564 [9:3] = { $memory$auto$proc_rom.cc:155:do_switch$156$rdmux[0][5][18]$a$5564 [2] $memory$auto$proc_rom.cc:155:do_switch$156$rdmux[0][5][18]$a$5564 [2] $memory$auto$proc_rom.cc:155:do_switch$156$rdmux[0][5][18]$a$5564 [2] $memory$auto$proc_rom.cc:155:do_switch$156$rdmux[0][5][18]$a$5564 [2] $memory$auto$proc_rom.cc:155:do_switch$156$rdmux[0][5][18]$a$5564 [2] $memory$auto$proc_rom.cc:155:do_switch$156$rdmux[0][5][18]$a$5564 [2] $memory$auto$proc_rom.cc:155:do_switch$156$rdmux[0][5][18]$a$5564 [2] }
    Consolidated identical input bits for $mux cell $memory$auto$proc_rom.cc:155:do_switch$156$rdmux[0][6][31]$5698:
      Old ports: A=$memory$auto$proc_rom.cc:155:do_switch$156$rdmux[0][6][31]$a$5699, B=$memory$auto$proc_rom.cc:155:do_switch$156$rdmux[0][6][31]$b$5700, Y=$memory$auto$proc_rom.cc:155:do_switch$156$rdmux[0][5][15]$b$5556
      New ports: A={ 1'1 $memory$auto$proc_rom.cc:155:do_switch$156$rdmux[0][6][31]$a$5699 [6] $memory$auto$proc_rom.cc:155:do_switch$156$rdmux[0][6][31]$a$5699 [3] 1'1 $memory$auto$proc_rom.cc:155:do_switch$156$rdmux[0][6][31]$a$5699 [3] }, B={ $memory$auto$proc_rom.cc:155:do_switch$156$rdmux[0][6][31]$b$5700 [7] $memory$auto$proc_rom.cc:155:do_switch$156$rdmux[0][6][31]$b$5700 [4] 1'1 $memory$auto$proc_rom.cc:155:do_switch$156$rdmux[0][6][31]$b$5700 [4] 1'0 }, Y=$memory$auto$proc_rom.cc:155:do_switch$156$rdmux[0][5][15]$b$5556 [7:3]
      New connections: { $memory$auto$proc_rom.cc:155:do_switch$156$rdmux[0][5][15]$b$5556 [9:8] $memory$auto$proc_rom.cc:155:do_switch$156$rdmux[0][5][15]$b$5556 [2:0] } = 5'11000
    Consolidated identical input bits for $mux cell $memory$auto$proc_rom.cc:155:do_switch$156$rdmux[0][6][30]$5695:
      Old ports: A=$memory$auto$proc_rom.cc:155:do_switch$156$rdmux[0][6][30]$a$5696, B=$memory$auto$proc_rom.cc:155:do_switch$156$rdmux[0][6][30]$b$5697, Y=$memory$auto$proc_rom.cc:155:do_switch$156$rdmux[0][5][15]$a$5555
      New ports: A={ $memory$auto$proc_rom.cc:155:do_switch$156$rdmux[0][6][30]$a$5696 [2] $memory$auto$proc_rom.cc:155:do_switch$156$rdmux[0][6][30]$a$5696 [2] 1'0 $memory$auto$proc_rom.cc:155:do_switch$156$rdmux[0][6][30]$a$5696 [2] }, B={ 1'1 $memory$auto$proc_rom.cc:155:do_switch$156$rdmux[0][6][30]$b$5697 [5] 1'1 $memory$auto$proc_rom.cc:155:do_switch$156$rdmux[0][6][30]$b$5697 [2] }, Y={ $memory$auto$proc_rom.cc:155:do_switch$156$rdmux[0][5][15]$a$5555 [6:5] $memory$auto$proc_rom.cc:155:do_switch$156$rdmux[0][5][15]$a$5555 [3:2] }
      New connections: { $memory$auto$proc_rom.cc:155:do_switch$156$rdmux[0][5][15]$a$5555 [9:7] $memory$auto$proc_rom.cc:155:do_switch$156$rdmux[0][5][15]$a$5555 [4] $memory$auto$proc_rom.cc:155:do_switch$156$rdmux[0][5][15]$a$5555 [1:0] } = { $memory$auto$proc_rom.cc:155:do_switch$156$rdmux[0][5][15]$a$5555 [6] $memory$auto$proc_rom.cc:155:do_switch$156$rdmux[0][5][15]$a$5555 [6] $memory$auto$proc_rom.cc:155:do_switch$156$rdmux[0][5][15]$a$5555 [6] $memory$auto$proc_rom.cc:155:do_switch$156$rdmux[0][5][15]$a$5555 [2] 2'00 }
    Consolidated identical input bits for $mux cell $memory$auto$proc_rom.cc:155:do_switch$156$rdmux[0][6][29]$5692:
      Old ports: A=$memory$auto$proc_rom.cc:155:do_switch$156$rdmux[0][6][29]$a$5693, B=$memory$auto$proc_rom.cc:155:do_switch$156$rdmux[0][6][29]$b$5694, Y=$memory$auto$proc_rom.cc:155:do_switch$156$rdmux[0][5][14]$b$5553
      New ports: A={ 1'0 $memory$auto$proc_rom.cc:155:do_switch$156$rdmux[0][6][29]$a$5693 [3] $memory$auto$proc_rom.cc:155:do_switch$156$rdmux[0][6][29]$a$5693 [4] $memory$auto$proc_rom.cc:155:do_switch$156$rdmux[0][6][29]$a$5693 [4:3] }, B={ $memory$auto$proc_rom.cc:155:do_switch$156$rdmux[0][6][29]$b$5694 [4] $memory$auto$proc_rom.cc:155:do_switch$156$rdmux[0][6][29]$b$5694 [5] $memory$auto$proc_rom.cc:155:do_switch$156$rdmux[0][6][29]$b$5694 [5:4] 1'0 }, Y=$memory$auto$proc_rom.cc:155:do_switch$156$rdmux[0][5][14]$b$5553 [7:3]
      New connections: { $memory$auto$proc_rom.cc:155:do_switch$156$rdmux[0][5][14]$b$5553 [9:8] $memory$auto$proc_rom.cc:155:do_switch$156$rdmux[0][5][14]$b$5553 [2:0] } = 5'00000
    Consolidated identical input bits for $mux cell $memory$auto$proc_rom.cc:155:do_switch$156$rdmux[0][6][28]$5689:
      Old ports: A=$memory$auto$proc_rom.cc:155:do_switch$156$rdmux[0][6][28]$a$5690, B=$memory$auto$proc_rom.cc:155:do_switch$156$rdmux[0][6][28]$b$5691, Y=$memory$auto$proc_rom.cc:155:do_switch$156$rdmux[0][5][14]$a$5552
      New ports: A={ 2'00 $memory$auto$proc_rom.cc:155:do_switch$156$rdmux[0][6][28]$a$5690 [2] $memory$auto$proc_rom.cc:155:do_switch$156$rdmux[0][6][28]$a$5690 [2] }, B={ $memory$auto$proc_rom.cc:155:do_switch$156$rdmux[0][6][28]$b$5691 [2] $memory$auto$proc_rom.cc:155:do_switch$156$rdmux[0][6][28]$b$5691 [3] $memory$auto$proc_rom.cc:155:do_switch$156$rdmux[0][6][28]$b$5691 [3:2] }, Y=$memory$auto$proc_rom.cc:155:do_switch$156$rdmux[0][5][14]$a$5552 [5:2]
      New connections: { $memory$auto$proc_rom.cc:155:do_switch$156$rdmux[0][5][14]$a$5552 [9:6] $memory$auto$proc_rom.cc:155:do_switch$156$rdmux[0][5][14]$a$5552 [1:0] } = 6'000000
    Consolidated identical input bits for $mux cell $memory$auto$proc_rom.cc:155:do_switch$156$rdmux[0][6][27]$5686:
      Old ports: A=$memory$auto$proc_rom.cc:155:do_switch$156$rdmux[0][6][27]$a$5687, B=$memory$auto$proc_rom.cc:155:do_switch$156$rdmux[0][6][27]$b$5688, Y=$memory$auto$proc_rom.cc:155:do_switch$156$rdmux[0][5][13]$b$5550
      New ports: A={ 1'1 $memory$auto$proc_rom.cc:155:do_switch$156$rdmux[0][6][27]$a$5687 [5:4] }, B={ $memory$auto$proc_rom.cc:155:do_switch$156$rdmux[0][6][27]$b$5688 [6:5] 1'0 }, Y=$memory$auto$proc_rom.cc:155:do_switch$156$rdmux[0][5][13]$b$5550 [6:4]
      New connections: { $memory$auto$proc_rom.cc:155:do_switch$156$rdmux[0][5][13]$b$5550 [9:7] $memory$auto$proc_rom.cc:155:do_switch$156$rdmux[0][5][13]$b$5550 [3:0] } = 7'1110000
    Consolidated identical input bits for $mux cell $memory$auto$proc_rom.cc:155:do_switch$156$rdmux[0][6][26]$5683:
      Old ports: A=$memory$auto$proc_rom.cc:155:do_switch$156$rdmux[0][6][26]$a$5684, B=$memory$auto$proc_rom.cc:155:do_switch$156$rdmux[0][6][26]$b$5685, Y=$memory$auto$proc_rom.cc:155:do_switch$156$rdmux[0][5][13]$a$5549
      New ports: A={ $memory$auto$proc_rom.cc:155:do_switch$156$rdmux[0][6][26]$a$5684 [3] $memory$auto$proc_rom.cc:155:do_switch$156$rdmux[0][6][26]$a$5684 [3] $memory$auto$proc_rom.cc:155:do_switch$156$rdmux[0][6][26]$a$5684 [3] }, B={ 1'1 $memory$auto$proc_rom.cc:155:do_switch$156$rdmux[0][6][26]$b$5685 [4:3] }, Y=$memory$auto$proc_rom.cc:155:do_switch$156$rdmux[0][5][13]$a$5549 [5:3]
      New connections: { $memory$auto$proc_rom.cc:155:do_switch$156$rdmux[0][5][13]$a$5549 [9:6] $memory$auto$proc_rom.cc:155:do_switch$156$rdmux[0][5][13]$a$5549 [2:0] } = { $memory$auto$proc_rom.cc:155:do_switch$156$rdmux[0][5][13]$a$5549 [5] $memory$auto$proc_rom.cc:155:do_switch$156$rdmux[0][5][13]$a$5549 [5] $memory$auto$proc_rom.cc:155:do_switch$156$rdmux[0][5][13]$a$5549 [5] $memory$auto$proc_rom.cc:155:do_switch$156$rdmux[0][5][13]$a$5549 [5] 3'000 }
    Consolidated identical input bits for $mux cell $memory$auto$proc_rom.cc:155:do_switch$156$rdmux[0][6][25]$5680:
      Old ports: A=$memory$auto$proc_rom.cc:155:do_switch$156$rdmux[0][6][25]$a$5681, B=$memory$auto$proc_rom.cc:155:do_switch$156$rdmux[0][6][25]$b$5682, Y=$memory$auto$proc_rom.cc:155:do_switch$156$rdmux[0][5][12]$b$5547
      New ports: A={ 2'01 $memory$auto$proc_rom.cc:155:do_switch$156$rdmux[0][6][25]$a$5681 [4] }, B={ 1'1 $memory$auto$proc_rom.cc:155:do_switch$156$rdmux[0][6][25]$b$5682 [5] 1'0 }, Y=$memory$auto$proc_rom.cc:155:do_switch$156$rdmux[0][5][12]$b$5547 [6:4]
      New connections: { $memory$auto$proc_rom.cc:155:do_switch$156$rdmux[0][5][12]$b$5547 [9:7] $memory$auto$proc_rom.cc:155:do_switch$156$rdmux[0][5][12]$b$5547 [3:0] } = 7'0000000
    Consolidated identical input bits for $mux cell $memory$auto$proc_rom.cc:155:do_switch$156$rdmux[0][6][24]$5677:
      Old ports: A=$memory$auto$proc_rom.cc:155:do_switch$156$rdmux[0][6][24]$a$5678, B=$memory$auto$proc_rom.cc:155:do_switch$156$rdmux[0][6][24]$b$5679, Y=$memory$auto$proc_rom.cc:155:do_switch$156$rdmux[0][5][12]$a$5546
      New ports: A={ 1'0 $memory$auto$proc_rom.cc:155:do_switch$156$rdmux[0][6][24]$a$5678 [3] }, B={ 1'1 $memory$auto$proc_rom.cc:155:do_switch$156$rdmux[0][6][24]$b$5679 [3] }, Y=$memory$auto$proc_rom.cc:155:do_switch$156$rdmux[0][5][12]$a$5546 [4:3]
      New connections: { $memory$auto$proc_rom.cc:155:do_switch$156$rdmux[0][5][12]$a$5546 [9:5] $memory$auto$proc_rom.cc:155:do_switch$156$rdmux[0][5][12]$a$5546 [2:0] } = 8'00000000
    Consolidated identical input bits for $mux cell $memory$auto$proc_rom.cc:155:do_switch$156$rdmux[0][6][23]$5674:
      Old ports: A=$memory$auto$proc_rom.cc:155:do_switch$156$rdmux[0][6][23]$a$5675, B=$memory$auto$proc_rom.cc:155:do_switch$156$rdmux[0][6][23]$b$5676, Y=$memory$auto$proc_rom.cc:155:do_switch$156$rdmux[0][5][11]$b$5544
      New ports: A={ 1'1 $memory$auto$proc_rom.cc:155:do_switch$156$rdmux[0][6][23]$a$5675 [5] $memory$auto$proc_rom.cc:155:do_switch$156$rdmux[0][6][23]$a$5675 [2] 1'1 $memory$auto$proc_rom.cc:155:do_switch$156$rdmux[0][6][23]$a$5675 [2] }, B={ $memory$auto$proc_rom.cc:155:do_switch$156$rdmux[0][6][23]$b$5676 [6] $memory$auto$proc_rom.cc:155:do_switch$156$rdmux[0][6][23]$b$5676 [3] 1'1 $memory$auto$proc_rom.cc:155:do_switch$156$rdmux[0][6][23]$b$5676 [3] 1'0 }, Y=$memory$auto$proc_rom.cc:155:do_switch$156$rdmux[0][5][11]$b$5544 [6:2]
      New connections: { $memory$auto$proc_rom.cc:155:do_switch$156$rdmux[0][5][11]$b$5544 [9:7] $memory$auto$proc_rom.cc:155:do_switch$156$rdmux[0][5][11]$b$5544 [1:0] } = 5'11100
    Consolidated identical input bits for $mux cell $memory$auto$proc_rom.cc:155:do_switch$156$rdmux[0][6][22]$5671:
      Old ports: A=$memory$auto$proc_rom.cc:155:do_switch$156$rdmux[0][6][22]$a$5672, B=$memory$auto$proc_rom.cc:155:do_switch$156$rdmux[0][6][22]$b$5673, Y=$memory$auto$proc_rom.cc:155:do_switch$156$rdmux[0][5][11]$a$5543
      New ports: A={ $memory$auto$proc_rom.cc:155:do_switch$156$rdmux[0][6][22]$a$5672 [1] $memory$auto$proc_rom.cc:155:do_switch$156$rdmux[0][6][22]$a$5672 [1] 1'0 $memory$auto$proc_rom.cc:155:do_switch$156$rdmux[0][6][22]$a$5672 [1] }, B={ 1'1 $memory$auto$proc_rom.cc:155:do_switch$156$rdmux[0][6][22]$b$5673 [4] 1'1 $memory$auto$proc_rom.cc:155:do_switch$156$rdmux[0][6][22]$b$5673 [1] }, Y={ $memory$auto$proc_rom.cc:155:do_switch$156$rdmux[0][5][11]$a$5543 [5:4] $memory$auto$proc_rom.cc:155:do_switch$156$rdmux[0][5][11]$a$5543 [2:1] }
      New connections: { $memory$auto$proc_rom.cc:155:do_switch$156$rdmux[0][5][11]$a$5543 [9:6] $memory$auto$proc_rom.cc:155:do_switch$156$rdmux[0][5][11]$a$5543 [3] $memory$auto$proc_rom.cc:155:do_switch$156$rdmux[0][5][11]$a$5543 [0] } = { $memory$auto$proc_rom.cc:155:do_switch$156$rdmux[0][5][11]$a$5543 [5] $memory$auto$proc_rom.cc:155:do_switch$156$rdmux[0][5][11]$a$5543 [5] $memory$auto$proc_rom.cc:155:do_switch$156$rdmux[0][5][11]$a$5543 [5] $memory$auto$proc_rom.cc:155:do_switch$156$rdmux[0][5][11]$a$5543 [5] $memory$auto$proc_rom.cc:155:do_switch$156$rdmux[0][5][11]$a$5543 [1] 1'0 }
    Consolidated identical input bits for $mux cell $memory$auto$proc_rom.cc:155:do_switch$156$rdmux[0][6][21]$5668:
      Old ports: A=$memory$auto$proc_rom.cc:155:do_switch$156$rdmux[0][6][21]$a$5669, B=$memory$auto$proc_rom.cc:155:do_switch$156$rdmux[0][6][21]$b$5670, Y=$memory$auto$proc_rom.cc:155:do_switch$156$rdmux[0][5][10]$b$5541
      New ports: A={ 1'0 $memory$auto$proc_rom.cc:155:do_switch$156$rdmux[0][6][21]$a$5669 [2] $memory$auto$proc_rom.cc:155:do_switch$156$rdmux[0][6][21]$a$5669 [3] $memory$auto$proc_rom.cc:155:do_switch$156$rdmux[0][6][21]$a$5669 [3:2] }, B={ $memory$auto$proc_rom.cc:155:do_switch$156$rdmux[0][6][21]$b$5670 [3] $memory$auto$proc_rom.cc:155:do_switch$156$rdmux[0][6][21]$b$5670 [4] $memory$auto$proc_rom.cc:155:do_switch$156$rdmux[0][6][21]$b$5670 [4:3] 1'0 }, Y=$memory$auto$proc_rom.cc:155:do_switch$156$rdmux[0][5][10]$b$5541 [6:2]
      New connections: { $memory$auto$proc_rom.cc:155:do_switch$156$rdmux[0][5][10]$b$5541 [9:7] $memory$auto$proc_rom.cc:155:do_switch$156$rdmux[0][5][10]$b$5541 [1:0] } = 5'00000
    Consolidated identical input bits for $mux cell $memory$auto$proc_rom.cc:155:do_switch$156$rdmux[0][6][20]$5665:
      Old ports: A=$memory$auto$proc_rom.cc:155:do_switch$156$rdmux[0][6][20]$a$5666, B=$memory$auto$proc_rom.cc:155:do_switch$156$rdmux[0][6][20]$b$5667, Y=$memory$auto$proc_rom.cc:155:do_switch$156$rdmux[0][5][10]$a$5540
      New ports: A={ 2'00 $memory$auto$proc_rom.cc:155:do_switch$156$rdmux[0][6][20]$a$5666 [1] $memory$auto$proc_rom.cc:155:do_switch$156$rdmux[0][6][20]$a$5666 [1] }, B={ $memory$auto$proc_rom.cc:155:do_switch$156$rdmux[0][6][20]$b$5667 [1] $memory$auto$proc_rom.cc:155:do_switch$156$rdmux[0][6][20]$b$5667 [2] $memory$auto$proc_rom.cc:155:do_switch$156$rdmux[0][6][20]$b$5667 [2:1] }, Y=$memory$auto$proc_rom.cc:155:do_switch$156$rdmux[0][5][10]$a$5540 [4:1]
      New connections: { $memory$auto$proc_rom.cc:155:do_switch$156$rdmux[0][5][10]$a$5540 [9:5] $memory$auto$proc_rom.cc:155:do_switch$156$rdmux[0][5][10]$a$5540 [0] } = 6'000000
    Consolidated identical input bits for $mux cell $memory$auto$proc_rom.cc:155:do_switch$156$rdmux[0][6][19]$5662:
      Old ports: A=$memory$auto$proc_rom.cc:155:do_switch$156$rdmux[0][6][19]$a$5663, B=$memory$auto$proc_rom.cc:155:do_switch$156$rdmux[0][6][19]$b$5664, Y=$memory$auto$proc_rom.cc:155:do_switch$156$rdmux[0][5][9]$b$5538
      New ports: A={ 1'1 $memory$auto$proc_rom.cc:155:do_switch$156$rdmux[0][6][19]$a$5663 [4:3] }, B={ $memory$auto$proc_rom.cc:155:do_switch$156$rdmux[0][6][19]$b$5664 [5:4] 1'0 }, Y=$memory$auto$proc_rom.cc:155:do_switch$156$rdmux[0][5][9]$b$5538 [5:3]
      New connections: { $memory$auto$proc_rom.cc:155:do_switch$156$rdmux[0][5][9]$b$5538 [9:6] $memory$auto$proc_rom.cc:155:do_switch$156$rdmux[0][5][9]$b$5538 [2:0] } = 7'1111000
    Consolidated identical input bits for $mux cell $memory$auto$proc_rom.cc:155:do_switch$156$rdmux[0][6][18]$5659:
      Old ports: A=$memory$auto$proc_rom.cc:155:do_switch$156$rdmux[0][6][18]$a$5660, B=$memory$auto$proc_rom.cc:155:do_switch$156$rdmux[0][6][18]$b$5661, Y=$memory$auto$proc_rom.cc:155:do_switch$156$rdmux[0][5][9]$a$5537
      New ports: A={ $memory$auto$proc_rom.cc:155:do_switch$156$rdmux[0][6][18]$a$5660 [2] $memory$auto$proc_rom.cc:155:do_switch$156$rdmux[0][6][18]$a$5660 [2] $memory$auto$proc_rom.cc:155:do_switch$156$rdmux[0][6][18]$a$5660 [2] }, B={ 1'1 $memory$auto$proc_rom.cc:155:do_switch$156$rdmux[0][6][18]$b$5661 [3:2] }, Y=$memory$auto$proc_rom.cc:155:do_switch$156$rdmux[0][5][9]$a$5537 [4:2]
      New connections: { $memory$auto$proc_rom.cc:155:do_switch$156$rdmux[0][5][9]$a$5537 [9:5] $memory$auto$proc_rom.cc:155:do_switch$156$rdmux[0][5][9]$a$5537 [1:0] } = { $memory$auto$proc_rom.cc:155:do_switch$156$rdmux[0][5][9]$a$5537 [4] $memory$auto$proc_rom.cc:155:do_switch$156$rdmux[0][5][9]$a$5537 [4] $memory$auto$proc_rom.cc:155:do_switch$156$rdmux[0][5][9]$a$5537 [4] $memory$auto$proc_rom.cc:155:do_switch$156$rdmux[0][5][9]$a$5537 [4] $memory$auto$proc_rom.cc:155:do_switch$156$rdmux[0][5][9]$a$5537 [4] 2'00 }
    Consolidated identical input bits for $mux cell $memory$auto$proc_rom.cc:155:do_switch$156$rdmux[0][6][17]$5656:
      Old ports: A=$memory$auto$proc_rom.cc:155:do_switch$156$rdmux[0][6][17]$a$5657, B=$memory$auto$proc_rom.cc:155:do_switch$156$rdmux[0][6][17]$b$5658, Y=$memory$auto$proc_rom.cc:155:do_switch$156$rdmux[0][5][8]$b$5535
      New ports: A={ 2'01 $memory$auto$proc_rom.cc:155:do_switch$156$rdmux[0][6][17]$a$5657 [3] }, B={ 1'1 $memory$auto$proc_rom.cc:155:do_switch$156$rdmux[0][6][17]$b$5658 [4] 1'0 }, Y=$memory$auto$proc_rom.cc:155:do_switch$156$rdmux[0][5][8]$b$5535 [5:3]
      New connections: { $memory$auto$proc_rom.cc:155:do_switch$156$rdmux[0][5][8]$b$5535 [9:6] $memory$auto$proc_rom.cc:155:do_switch$156$rdmux[0][5][8]$b$5535 [2:0] } = 7'0000000
    Consolidated identical input bits for $mux cell $memory$auto$proc_rom.cc:155:do_switch$156$rdmux[0][6][16]$5653:
      Old ports: A=$memory$auto$proc_rom.cc:155:do_switch$156$rdmux[0][6][16]$a$5654, B=$memory$auto$proc_rom.cc:155:do_switch$156$rdmux[0][6][16]$b$5655, Y=$memory$auto$proc_rom.cc:155:do_switch$156$rdmux[0][5][8]$a$5534
      New ports: A={ 1'0 $memory$auto$proc_rom.cc:155:do_switch$156$rdmux[0][6][16]$a$5654 [2] }, B={ 1'1 $memory$auto$proc_rom.cc:155:do_switch$156$rdmux[0][6][16]$b$5655 [2] }, Y=$memory$auto$proc_rom.cc:155:do_switch$156$rdmux[0][5][8]$a$5534 [3:2]
      New connections: { $memory$auto$proc_rom.cc:155:do_switch$156$rdmux[0][5][8]$a$5534 [9:4] $memory$auto$proc_rom.cc:155:do_switch$156$rdmux[0][5][8]$a$5534 [1:0] } = 8'00000000
    Consolidated identical input bits for $mux cell $memory$auto$proc_rom.cc:155:do_switch$156$rdmux[0][6][15]$5650:
      Old ports: A=$memory$auto$proc_rom.cc:155:do_switch$156$rdmux[0][6][15]$a$5651, B=$memory$auto$proc_rom.cc:155:do_switch$156$rdmux[0][6][15]$b$5652, Y=$memory$auto$proc_rom.cc:155:do_switch$156$rdmux[0][5][7]$b$5532
      New ports: A={ 1'1 $memory$auto$proc_rom.cc:155:do_switch$156$rdmux[0][6][15]$a$5651 [4] $memory$auto$proc_rom.cc:155:do_switch$156$rdmux[0][6][15]$a$5651 [1] 1'1 $memory$auto$proc_rom.cc:155:do_switch$156$rdmux[0][6][15]$a$5651 [1] }, B={ $memory$auto$proc_rom.cc:155:do_switch$156$rdmux[0][6][15]$b$5652 [5] $memory$auto$proc_rom.cc:155:do_switch$156$rdmux[0][6][15]$b$5652 [2] 1'1 $memory$auto$proc_rom.cc:155:do_switch$156$rdmux[0][6][15]$b$5652 [2] 1'0 }, Y=$memory$auto$proc_rom.cc:155:do_switch$156$rdmux[0][5][7]$b$5532 [5:1]
      New connections: { $memory$auto$proc_rom.cc:155:do_switch$156$rdmux[0][5][7]$b$5532 [9:6] $memory$auto$proc_rom.cc:155:do_switch$156$rdmux[0][5][7]$b$5532 [0] } = 5'11110
    Consolidated identical input bits for $mux cell $memory$auto$proc_rom.cc:155:do_switch$156$rdmux[0][6][14]$5647:
      Old ports: A=$memory$auto$proc_rom.cc:155:do_switch$156$rdmux[0][6][14]$a$5648, B=$memory$auto$proc_rom.cc:155:do_switch$156$rdmux[0][6][14]$b$5649, Y=$memory$auto$proc_rom.cc:155:do_switch$156$rdmux[0][5][7]$a$5531
      New ports: A={ $memory$auto$proc_rom.cc:155:do_switch$156$rdmux[0][6][14]$a$5648 [0] $memory$auto$proc_rom.cc:155:do_switch$156$rdmux[0][6][14]$a$5648 [0] 1'0 $memory$auto$proc_rom.cc:155:do_switch$156$rdmux[0][6][14]$a$5648 [0] }, B={ 1'1 $memory$auto$proc_rom.cc:155:do_switch$156$rdmux[0][6][14]$b$5649 [3] 1'1 $memory$auto$proc_rom.cc:155:do_switch$156$rdmux[0][6][14]$b$5649 [0] }, Y={ $memory$auto$proc_rom.cc:155:do_switch$156$rdmux[0][5][7]$a$5531 [4:3] $memory$auto$proc_rom.cc:155:do_switch$156$rdmux[0][5][7]$a$5531 [1:0] }
      New connections: { $memory$auto$proc_rom.cc:155:do_switch$156$rdmux[0][5][7]$a$5531 [9:5] $memory$auto$proc_rom.cc:155:do_switch$156$rdmux[0][5][7]$a$5531 [2] } = { $memory$auto$proc_rom.cc:155:do_switch$156$rdmux[0][5][7]$a$5531 [4] $memory$auto$proc_rom.cc:155:do_switch$156$rdmux[0][5][7]$a$5531 [4] $memory$auto$proc_rom.cc:155:do_switch$156$rdmux[0][5][7]$a$5531 [4] $memory$auto$proc_rom.cc:155:do_switch$156$rdmux[0][5][7]$a$5531 [4] $memory$auto$proc_rom.cc:155:do_switch$156$rdmux[0][5][7]$a$5531 [4] $memory$auto$proc_rom.cc:155:do_switch$156$rdmux[0][5][7]$a$5531 [0] }
    Consolidated identical input bits for $mux cell $memory$auto$proc_rom.cc:155:do_switch$156$rdmux[0][6][13]$5644:
      Old ports: A=$memory$auto$proc_rom.cc:155:do_switch$156$rdmux[0][6][13]$a$5645, B=$memory$auto$proc_rom.cc:155:do_switch$156$rdmux[0][6][13]$b$5646, Y=$memory$auto$proc_rom.cc:155:do_switch$156$rdmux[0][5][6]$b$5529
      New ports: A={ 1'0 $memory$auto$proc_rom.cc:155:do_switch$156$rdmux[0][6][13]$a$5645 [1] $memory$auto$proc_rom.cc:155:do_switch$156$rdmux[0][6][13]$a$5645 [2] $memory$auto$proc_rom.cc:155:do_switch$156$rdmux[0][6][13]$a$5645 [2:1] }, B={ $memory$auto$proc_rom.cc:155:do_switch$156$rdmux[0][6][13]$b$5646 [2] $memory$auto$proc_rom.cc:155:do_switch$156$rdmux[0][6][13]$b$5646 [3] $memory$auto$proc_rom.cc:155:do_switch$156$rdmux[0][6][13]$b$5646 [3:2] 1'0 }, Y=$memory$auto$proc_rom.cc:155:do_switch$156$rdmux[0][5][6]$b$5529 [5:1]
      New connections: { $memory$auto$proc_rom.cc:155:do_switch$156$rdmux[0][5][6]$b$5529 [9:6] $memory$auto$proc_rom.cc:155:do_switch$156$rdmux[0][5][6]$b$5529 [0] } = 5'00000
    Consolidated identical input bits for $mux cell $memory$auto$proc_rom.cc:155:do_switch$156$rdmux[0][6][12]$5641:
      Old ports: A=$memory$auto$proc_rom.cc:155:do_switch$156$rdmux[0][6][12]$a$5642, B=$memory$auto$proc_rom.cc:155:do_switch$156$rdmux[0][6][12]$b$5643, Y=$memory$auto$proc_rom.cc:155:do_switch$156$rdmux[0][5][6]$a$5528
      New ports: A={ 2'00 $memory$auto$proc_rom.cc:155:do_switch$156$rdmux[0][6][12]$a$5642 [0] $memory$auto$proc_rom.cc:155:do_switch$156$rdmux[0][6][12]$a$5642 [0] }, B={ $memory$auto$proc_rom.cc:155:do_switch$156$rdmux[0][6][12]$b$5643 [0] $memory$auto$proc_rom.cc:155:do_switch$156$rdmux[0][6][12]$b$5643 [1] $memory$auto$proc_rom.cc:155:do_switch$156$rdmux[0][6][12]$b$5643 [1:0] }, Y=$memory$auto$proc_rom.cc:155:do_switch$156$rdmux[0][5][6]$a$5528 [3:0]
      New connections: $memory$auto$proc_rom.cc:155:do_switch$156$rdmux[0][5][6]$a$5528 [9:4] = 6'000000
    Consolidated identical input bits for $mux cell $memory$auto$proc_rom.cc:155:do_switch$156$rdmux[0][6][11]$5638:
      Old ports: A=$memory$auto$proc_rom.cc:155:do_switch$156$rdmux[0][6][11]$a$5639, B=$memory$auto$proc_rom.cc:155:do_switch$156$rdmux[0][6][11]$b$5640, Y=$memory$auto$proc_rom.cc:155:do_switch$156$rdmux[0][5][5]$b$5526
      New ports: A={ 1'1 $memory$auto$proc_rom.cc:155:do_switch$156$rdmux[0][6][11]$a$5639 [3:2] }, B={ $memory$auto$proc_rom.cc:155:do_switch$156$rdmux[0][6][11]$b$5640 [4:3] 1'0 }, Y=$memory$auto$proc_rom.cc:155:do_switch$156$rdmux[0][5][5]$b$5526 [4:2]
      New connections: { $memory$auto$proc_rom.cc:155:do_switch$156$rdmux[0][5][5]$b$5526 [9:5] $memory$auto$proc_rom.cc:155:do_switch$156$rdmux[0][5][5]$b$5526 [1:0] } = 7'1111100
    Consolidated identical input bits for $mux cell $memory$auto$proc_rom.cc:155:do_switch$156$rdmux[0][6][10]$5635:
      Old ports: A=$memory$auto$proc_rom.cc:155:do_switch$156$rdmux[0][6][10]$a$5636, B=$memory$auto$proc_rom.cc:155:do_switch$156$rdmux[0][6][10]$b$5637, Y=$memory$auto$proc_rom.cc:155:do_switch$156$rdmux[0][5][5]$a$5525
      New ports: A={ $memory$auto$proc_rom.cc:155:do_switch$156$rdmux[0][6][10]$a$5636 [1] $memory$auto$proc_rom.cc:155:do_switch$156$rdmux[0][6][10]$a$5636 [1] $memory$auto$proc_rom.cc:155:do_switch$156$rdmux[0][6][10]$a$5636 [1] }, B={ 1'1 $memory$auto$proc_rom.cc:155:do_switch$156$rdmux[0][6][10]$b$5637 [2:1] }, Y=$memory$auto$proc_rom.cc:155:do_switch$156$rdmux[0][5][5]$a$5525 [3:1]
      New connections: { $memory$auto$proc_rom.cc:155:do_switch$156$rdmux[0][5][5]$a$5525 [9:4] $memory$auto$proc_rom.cc:155:do_switch$156$rdmux[0][5][5]$a$5525 [0] } = { $memory$auto$proc_rom.cc:155:do_switch$156$rdmux[0][5][5]$a$5525 [3] $memory$auto$proc_rom.cc:155:do_switch$156$rdmux[0][5][5]$a$5525 [3] $memory$auto$proc_rom.cc:155:do_switch$156$rdmux[0][5][5]$a$5525 [3] $memory$auto$proc_rom.cc:155:do_switch$156$rdmux[0][5][5]$a$5525 [3] $memory$auto$proc_rom.cc:155:do_switch$156$rdmux[0][5][5]$a$5525 [3] $memory$auto$proc_rom.cc:155:do_switch$156$rdmux[0][5][5]$a$5525 [3] 1'0 }
    Consolidated identical input bits for $mux cell $memory$auto$proc_rom.cc:155:do_switch$156$rdmux[0][6][9]$5632:
      Old ports: A=$memory$auto$proc_rom.cc:155:do_switch$156$rdmux[0][6][9]$a$5633, B=$memory$auto$proc_rom.cc:155:do_switch$156$rdmux[0][6][9]$b$5634, Y=$memory$auto$proc_rom.cc:155:do_switch$156$rdmux[0][5][4]$b$5523
      New ports: A={ 2'01 $memory$auto$proc_rom.cc:155:do_switch$156$rdmux[0][6][9]$a$5633 [2] }, B={ 1'1 $memory$auto$proc_rom.cc:155:do_switch$156$rdmux[0][6][9]$b$5634 [3] 1'0 }, Y=$memory$auto$proc_rom.cc:155:do_switch$156$rdmux[0][5][4]$b$5523 [4:2]
      New connections: { $memory$auto$proc_rom.cc:155:do_switch$156$rdmux[0][5][4]$b$5523 [9:5] $memory$auto$proc_rom.cc:155:do_switch$156$rdmux[0][5][4]$b$5523 [1:0] } = 7'0000000
    Consolidated identical input bits for $mux cell $memory$auto$proc_rom.cc:155:do_switch$156$rdmux[0][6][8]$5629:
      Old ports: A=$memory$auto$proc_rom.cc:155:do_switch$156$rdmux[0][6][8]$a$5630, B=$memory$auto$proc_rom.cc:155:do_switch$156$rdmux[0][6][8]$b$5631, Y=$memory$auto$proc_rom.cc:155:do_switch$156$rdmux[0][5][4]$a$5522
      New ports: A={ 1'0 $memory$auto$proc_rom.cc:155:do_switch$156$rdmux[0][6][8]$a$5630 [1] }, B={ 1'1 $memory$auto$proc_rom.cc:155:do_switch$156$rdmux[0][6][8]$b$5631 [1] }, Y=$memory$auto$proc_rom.cc:155:do_switch$156$rdmux[0][5][4]$a$5522 [2:1]
      New connections: { $memory$auto$proc_rom.cc:155:do_switch$156$rdmux[0][5][4]$a$5522 [9:3] $memory$auto$proc_rom.cc:155:do_switch$156$rdmux[0][5][4]$a$5522 [0] } = 8'00000000
    Consolidated identical input bits for $mux cell $memory$auto$proc_rom.cc:155:do_switch$156$rdmux[0][6][7]$5626:
      Old ports: A=$memory$auto$proc_rom.cc:155:do_switch$156$rdmux[0][6][7]$a$5627, B=$memory$auto$proc_rom.cc:155:do_switch$156$rdmux[0][6][7]$b$5628, Y=$memory$auto$proc_rom.cc:155:do_switch$156$rdmux[0][5][3]$b$5520
      New ports: A={ 1'1 $memory$auto$proc_rom.cc:155:do_switch$156$rdmux[0][6][7]$a$5627 [2:1] }, B={ $memory$auto$proc_rom.cc:155:do_switch$156$rdmux[0][6][7]$b$5628 [3:2] 1'0 }, Y=$memory$auto$proc_rom.cc:155:do_switch$156$rdmux[0][5][3]$b$5520 [3:1]
      New connections: { $memory$auto$proc_rom.cc:155:do_switch$156$rdmux[0][5][3]$b$5520 [9:4] $memory$auto$proc_rom.cc:155:do_switch$156$rdmux[0][5][3]$b$5520 [0] } = 7'1111110
    Consolidated identical input bits for $mux cell $memory$auto$proc_rom.cc:155:do_switch$156$rdmux[0][6][6]$5623:
      Old ports: A=$memory$auto$proc_rom.cc:155:do_switch$156$rdmux[0][6][6]$a$5624, B=$memory$auto$proc_rom.cc:155:do_switch$156$rdmux[0][6][6]$b$5625, Y=$memory$auto$proc_rom.cc:155:do_switch$156$rdmux[0][5][3]$a$5519
      New ports: A={ $memory$auto$proc_rom.cc:155:do_switch$156$rdmux[0][6][6]$a$5624 [0] $memory$auto$proc_rom.cc:155:do_switch$156$rdmux[0][6][6]$a$5624 [0] $memory$auto$proc_rom.cc:155:do_switch$156$rdmux[0][6][6]$a$5624 [0] }, B={ 1'1 $memory$auto$proc_rom.cc:155:do_switch$156$rdmux[0][6][6]$b$5625 [1:0] }, Y=$memory$auto$proc_rom.cc:155:do_switch$156$rdmux[0][5][3]$a$5519 [2:0]
      New connections: $memory$auto$proc_rom.cc:155:do_switch$156$rdmux[0][5][3]$a$5519 [9:3] = { $memory$auto$proc_rom.cc:155:do_switch$156$rdmux[0][5][3]$a$5519 [2] $memory$auto$proc_rom.cc:155:do_switch$156$rdmux[0][5][3]$a$5519 [2] $memory$auto$proc_rom.cc:155:do_switch$156$rdmux[0][5][3]$a$5519 [2] $memory$auto$proc_rom.cc:155:do_switch$156$rdmux[0][5][3]$a$5519 [2] $memory$auto$proc_rom.cc:155:do_switch$156$rdmux[0][5][3]$a$5519 [2] $memory$auto$proc_rom.cc:155:do_switch$156$rdmux[0][5][3]$a$5519 [2] $memory$auto$proc_rom.cc:155:do_switch$156$rdmux[0][5][3]$a$5519 [2] }
    Consolidated identical input bits for $mux cell $memory$auto$proc_rom.cc:155:do_switch$156$rdmux[0][6][5]$5620:
      Old ports: A=$memory$auto$proc_rom.cc:155:do_switch$156$rdmux[0][6][5]$a$5621, B=$memory$auto$proc_rom.cc:155:do_switch$156$rdmux[0][6][5]$b$5622, Y=$memory$auto$proc_rom.cc:155:do_switch$156$rdmux[0][5][2]$b$5517
      New ports: A={ 2'01 $memory$auto$proc_rom.cc:155:do_switch$156$rdmux[0][6][5]$a$5621 [1] }, B={ 1'1 $memory$auto$proc_rom.cc:155:do_switch$156$rdmux[0][6][5]$b$5622 [2] 1'0 }, Y=$memory$auto$proc_rom.cc:155:do_switch$156$rdmux[0][5][2]$b$5517 [3:1]
      New connections: { $memory$auto$proc_rom.cc:155:do_switch$156$rdmux[0][5][2]$b$5517 [9:4] $memory$auto$proc_rom.cc:155:do_switch$156$rdmux[0][5][2]$b$5517 [0] } = 7'0000000
    Consolidated identical input bits for $mux cell $memory$auto$proc_rom.cc:155:do_switch$156$rdmux[0][6][4]$5617:
      Old ports: A=$memory$auto$proc_rom.cc:155:do_switch$156$rdmux[0][6][4]$a$5618, B=$memory$auto$proc_rom.cc:155:do_switch$156$rdmux[0][6][4]$b$5619, Y=$memory$auto$proc_rom.cc:155:do_switch$156$rdmux[0][5][2]$a$5516
      New ports: A={ 1'0 $memory$auto$proc_rom.cc:155:do_switch$156$rdmux[0][6][4]$a$5618 [0] }, B={ 1'1 $memory$auto$proc_rom.cc:155:do_switch$156$rdmux[0][6][4]$b$5619 [0] }, Y=$memory$auto$proc_rom.cc:155:do_switch$156$rdmux[0][5][2]$a$5516 [1:0]
      New connections: $memory$auto$proc_rom.cc:155:do_switch$156$rdmux[0][5][2]$a$5516 [9:2] = 8'00000000
    Consolidated identical input bits for $mux cell $memory$auto$proc_rom.cc:155:do_switch$160$rdmux[0][6][63]$5029:
      Old ports: A=$memory$auto$proc_rom.cc:155:do_switch$160$rdmux[0][6][63]$a$5030, B=$memory$auto$proc_rom.cc:155:do_switch$160$rdmux[0][6][63]$b$5031, Y=$memory$auto$proc_rom.cc:155:do_switch$160$rdmux[0][5][31]$b$4839
      New ports: A={ 1'0 $memory$auto$proc_rom.cc:155:do_switch$160$rdmux[0][6][63]$a$5030 [3] $memory$auto$proc_rom.cc:155:do_switch$160$rdmux[0][6][63]$a$5030 [4] $memory$auto$proc_rom.cc:155:do_switch$160$rdmux[0][6][63]$a$5030 [4:3] }, B={ $memory$auto$proc_rom.cc:155:do_switch$160$rdmux[0][6][63]$b$5031 [4] $memory$auto$proc_rom.cc:155:do_switch$160$rdmux[0][6][63]$b$5031 [5] $memory$auto$proc_rom.cc:155:do_switch$160$rdmux[0][6][63]$b$5031 [5:4] 1'0 }, Y=$memory$auto$proc_rom.cc:155:do_switch$160$rdmux[0][5][31]$b$4839 [7:3]
      New connections: { $memory$auto$proc_rom.cc:155:do_switch$160$rdmux[0][5][31]$b$4839 [9:8] $memory$auto$proc_rom.cc:155:do_switch$160$rdmux[0][5][31]$b$4839 [2:0] } = 5'00000
    Consolidated identical input bits for $mux cell $memory$auto$proc_rom.cc:155:do_switch$160$rdmux[0][6][62]$5026:
      Old ports: A=$memory$auto$proc_rom.cc:155:do_switch$160$rdmux[0][6][62]$a$5027, B=$memory$auto$proc_rom.cc:155:do_switch$160$rdmux[0][6][62]$b$5028, Y=$memory$auto$proc_rom.cc:155:do_switch$160$rdmux[0][5][31]$a$4838
      New ports: A={ 2'00 $memory$auto$proc_rom.cc:155:do_switch$160$rdmux[0][6][62]$a$5027 [2] $memory$auto$proc_rom.cc:155:do_switch$160$rdmux[0][6][62]$a$5027 [2] }, B={ $memory$auto$proc_rom.cc:155:do_switch$160$rdmux[0][6][62]$b$5028 [2] $memory$auto$proc_rom.cc:155:do_switch$160$rdmux[0][6][62]$b$5028 [3] $memory$auto$proc_rom.cc:155:do_switch$160$rdmux[0][6][62]$b$5028 [3:2] }, Y=$memory$auto$proc_rom.cc:155:do_switch$160$rdmux[0][5][31]$a$4838 [5:2]
      New connections: { $memory$auto$proc_rom.cc:155:do_switch$160$rdmux[0][5][31]$a$4838 [9:6] $memory$auto$proc_rom.cc:155:do_switch$160$rdmux[0][5][31]$a$4838 [1:0] } = 6'000000
    Consolidated identical input bits for $mux cell $memory$auto$proc_rom.cc:155:do_switch$160$rdmux[0][6][61]$5023:
      Old ports: A=$memory$auto$proc_rom.cc:155:do_switch$160$rdmux[0][6][61]$a$5024, B=$memory$auto$proc_rom.cc:155:do_switch$160$rdmux[0][6][61]$b$5025, Y=$memory$auto$proc_rom.cc:155:do_switch$160$rdmux[0][5][30]$b$4836
      New ports: A={ 1'1 $memory$auto$proc_rom.cc:155:do_switch$160$rdmux[0][6][61]$a$5024 [6] $memory$auto$proc_rom.cc:155:do_switch$160$rdmux[0][6][61]$a$5024 [3] 1'1 $memory$auto$proc_rom.cc:155:do_switch$160$rdmux[0][6][61]$a$5024 [3] }, B={ $memory$auto$proc_rom.cc:155:do_switch$160$rdmux[0][6][61]$b$5025 [7] $memory$auto$proc_rom.cc:155:do_switch$160$rdmux[0][6][61]$b$5025 [4] 1'1 $memory$auto$proc_rom.cc:155:do_switch$160$rdmux[0][6][61]$b$5025 [4] 1'0 }, Y=$memory$auto$proc_rom.cc:155:do_switch$160$rdmux[0][5][30]$b$4836 [7:3]
      New connections: { $memory$auto$proc_rom.cc:155:do_switch$160$rdmux[0][5][30]$b$4836 [9:8] $memory$auto$proc_rom.cc:155:do_switch$160$rdmux[0][5][30]$b$4836 [2:0] } = 5'11000
    Consolidated identical input bits for $mux cell $memory$auto$proc_rom.cc:155:do_switch$160$rdmux[0][6][60]$5020:
      Old ports: A=$memory$auto$proc_rom.cc:155:do_switch$160$rdmux[0][6][60]$a$5021, B=$memory$auto$proc_rom.cc:155:do_switch$160$rdmux[0][6][60]$b$5022, Y=$memory$auto$proc_rom.cc:155:do_switch$160$rdmux[0][5][30]$a$4835
      New ports: A={ $memory$auto$proc_rom.cc:155:do_switch$160$rdmux[0][6][60]$a$5021 [2] $memory$auto$proc_rom.cc:155:do_switch$160$rdmux[0][6][60]$a$5021 [2] 1'0 $memory$auto$proc_rom.cc:155:do_switch$160$rdmux[0][6][60]$a$5021 [2] }, B={ 1'1 $memory$auto$proc_rom.cc:155:do_switch$160$rdmux[0][6][60]$b$5022 [5] 1'1 $memory$auto$proc_rom.cc:155:do_switch$160$rdmux[0][6][60]$b$5022 [2] }, Y={ $memory$auto$proc_rom.cc:155:do_switch$160$rdmux[0][5][30]$a$4835 [6:5] $memory$auto$proc_rom.cc:155:do_switch$160$rdmux[0][5][30]$a$4835 [3:2] }
      New connections: { $memory$auto$proc_rom.cc:155:do_switch$160$rdmux[0][5][30]$a$4835 [9:7] $memory$auto$proc_rom.cc:155:do_switch$160$rdmux[0][5][30]$a$4835 [4] $memory$auto$proc_rom.cc:155:do_switch$160$rdmux[0][5][30]$a$4835 [1:0] } = { $memory$auto$proc_rom.cc:155:do_switch$160$rdmux[0][5][30]$a$4835 [6] $memory$auto$proc_rom.cc:155:do_switch$160$rdmux[0][5][30]$a$4835 [6] $memory$auto$proc_rom.cc:155:do_switch$160$rdmux[0][5][30]$a$4835 [6] $memory$auto$proc_rom.cc:155:do_switch$160$rdmux[0][5][30]$a$4835 [2] 2'00 }
    Consolidated identical input bits for $mux cell $memory$auto$proc_rom.cc:155:do_switch$160$rdmux[0][6][59]$5017:
      Old ports: A=$memory$auto$proc_rom.cc:155:do_switch$160$rdmux[0][6][59]$a$5018, B=$memory$auto$proc_rom.cc:155:do_switch$160$rdmux[0][6][59]$b$5019, Y=$memory$auto$proc_rom.cc:155:do_switch$160$rdmux[0][5][29]$b$4833
      New ports: A={ 2'01 $memory$auto$proc_rom.cc:155:do_switch$160$rdmux[0][6][59]$a$5018 [4] }, B={ 1'1 $memory$auto$proc_rom.cc:155:do_switch$160$rdmux[0][6][59]$b$5019 [5] 1'0 }, Y=$memory$auto$proc_rom.cc:155:do_switch$160$rdmux[0][5][29]$b$4833 [6:4]
      New connections: { $memory$auto$proc_rom.cc:155:do_switch$160$rdmux[0][5][29]$b$4833 [9:7] $memory$auto$proc_rom.cc:155:do_switch$160$rdmux[0][5][29]$b$4833 [3:0] } = 7'0000000
    Consolidated identical input bits for $mux cell $memory$auto$proc_rom.cc:155:do_switch$160$rdmux[0][6][58]$5014:
      Old ports: A=$memory$auto$proc_rom.cc:155:do_switch$160$rdmux[0][6][58]$a$5015, B=$memory$auto$proc_rom.cc:155:do_switch$160$rdmux[0][6][58]$b$5016, Y=$memory$auto$proc_rom.cc:155:do_switch$160$rdmux[0][5][29]$a$4832
      New ports: A={ 1'0 $memory$auto$proc_rom.cc:155:do_switch$160$rdmux[0][6][58]$a$5015 [3] }, B={ 1'1 $memory$auto$proc_rom.cc:155:do_switch$160$rdmux[0][6][58]$b$5016 [3] }, Y=$memory$auto$proc_rom.cc:155:do_switch$160$rdmux[0][5][29]$a$4832 [4:3]
      New connections: { $memory$auto$proc_rom.cc:155:do_switch$160$rdmux[0][5][29]$a$4832 [9:5] $memory$auto$proc_rom.cc:155:do_switch$160$rdmux[0][5][29]$a$4832 [2:0] } = 8'00000000
    Consolidated identical input bits for $mux cell $memory$auto$proc_rom.cc:155:do_switch$160$rdmux[0][6][57]$5011:
      Old ports: A=$memory$auto$proc_rom.cc:155:do_switch$160$rdmux[0][6][57]$a$5012, B=$memory$auto$proc_rom.cc:155:do_switch$160$rdmux[0][6][57]$b$5013, Y=$memory$auto$proc_rom.cc:155:do_switch$160$rdmux[0][5][28]$b$4830
      New ports: A={ 1'1 $memory$auto$proc_rom.cc:155:do_switch$160$rdmux[0][6][57]$a$5012 [5:4] }, B={ $memory$auto$proc_rom.cc:155:do_switch$160$rdmux[0][6][57]$b$5013 [6:5] 1'0 }, Y=$memory$auto$proc_rom.cc:155:do_switch$160$rdmux[0][5][28]$b$4830 [6:4]
      New connections: { $memory$auto$proc_rom.cc:155:do_switch$160$rdmux[0][5][28]$b$4830 [9:7] $memory$auto$proc_rom.cc:155:do_switch$160$rdmux[0][5][28]$b$4830 [3:0] } = 7'1110000
    Consolidated identical input bits for $mux cell $memory$auto$proc_rom.cc:155:do_switch$160$rdmux[0][6][56]$5008:
      Old ports: A=$memory$auto$proc_rom.cc:155:do_switch$160$rdmux[0][6][56]$a$5009, B=$memory$auto$proc_rom.cc:155:do_switch$160$rdmux[0][6][56]$b$5010, Y=$memory$auto$proc_rom.cc:155:do_switch$160$rdmux[0][5][28]$a$4829
      New ports: A={ $memory$auto$proc_rom.cc:155:do_switch$160$rdmux[0][6][56]$a$5009 [3] $memory$auto$proc_rom.cc:155:do_switch$160$rdmux[0][6][56]$a$5009 [3] $memory$auto$proc_rom.cc:155:do_switch$160$rdmux[0][6][56]$a$5009 [3] }, B={ 1'1 $memory$auto$proc_rom.cc:155:do_switch$160$rdmux[0][6][56]$b$5010 [4:3] }, Y=$memory$auto$proc_rom.cc:155:do_switch$160$rdmux[0][5][28]$a$4829 [5:3]
      New connections: { $memory$auto$proc_rom.cc:155:do_switch$160$rdmux[0][5][28]$a$4829 [9:6] $memory$auto$proc_rom.cc:155:do_switch$160$rdmux[0][5][28]$a$4829 [2:0] } = { $memory$auto$proc_rom.cc:155:do_switch$160$rdmux[0][5][28]$a$4829 [5] $memory$auto$proc_rom.cc:155:do_switch$160$rdmux[0][5][28]$a$4829 [5] $memory$auto$proc_rom.cc:155:do_switch$160$rdmux[0][5][28]$a$4829 [5] $memory$auto$proc_rom.cc:155:do_switch$160$rdmux[0][5][28]$a$4829 [5] 3'000 }
    Consolidated identical input bits for $mux cell $memory$auto$proc_rom.cc:155:do_switch$160$rdmux[0][6][55]$5005:
      Old ports: A=$memory$auto$proc_rom.cc:155:do_switch$160$rdmux[0][6][55]$a$5006, B=$memory$auto$proc_rom.cc:155:do_switch$160$rdmux[0][6][55]$b$5007, Y=$memory$auto$proc_rom.cc:155:do_switch$160$rdmux[0][5][27]$b$4827
      New ports: A={ 1'0 $memory$auto$proc_rom.cc:155:do_switch$160$rdmux[0][6][55]$a$5006 [2] $memory$auto$proc_rom.cc:155:do_switch$160$rdmux[0][6][55]$a$5006 [3] $memory$auto$proc_rom.cc:155:do_switch$160$rdmux[0][6][55]$a$5006 [3:2] }, B={ $memory$auto$proc_rom.cc:155:do_switch$160$rdmux[0][6][55]$b$5007 [3] $memory$auto$proc_rom.cc:155:do_switch$160$rdmux[0][6][55]$b$5007 [4] $memory$auto$proc_rom.cc:155:do_switch$160$rdmux[0][6][55]$b$5007 [4:3] 1'0 }, Y=$memory$auto$proc_rom.cc:155:do_switch$160$rdmux[0][5][27]$b$4827 [6:2]
      New connections: { $memory$auto$proc_rom.cc:155:do_switch$160$rdmux[0][5][27]$b$4827 [9:7] $memory$auto$proc_rom.cc:155:do_switch$160$rdmux[0][5][27]$b$4827 [1:0] } = 5'00000
    Consolidated identical input bits for $mux cell $memory$auto$proc_rom.cc:155:do_switch$160$rdmux[0][6][54]$5002:
      Old ports: A=$memory$auto$proc_rom.cc:155:do_switch$160$rdmux[0][6][54]$a$5003, B=$memory$auto$proc_rom.cc:155:do_switch$160$rdmux[0][6][54]$b$5004, Y=$memory$auto$proc_rom.cc:155:do_switch$160$rdmux[0][5][27]$a$4826
      New ports: A={ 2'00 $memory$auto$proc_rom.cc:155:do_switch$160$rdmux[0][6][54]$a$5003 [1] $memory$auto$proc_rom.cc:155:do_switch$160$rdmux[0][6][54]$a$5003 [1] }, B={ $memory$auto$proc_rom.cc:155:do_switch$160$rdmux[0][6][54]$b$5004 [1] $memory$auto$proc_rom.cc:155:do_switch$160$rdmux[0][6][54]$b$5004 [2] $memory$auto$proc_rom.cc:155:do_switch$160$rdmux[0][6][54]$b$5004 [2:1] }, Y=$memory$auto$proc_rom.cc:155:do_switch$160$rdmux[0][5][27]$a$4826 [4:1]
      New connections: { $memory$auto$proc_rom.cc:155:do_switch$160$rdmux[0][5][27]$a$4826 [9:5] $memory$auto$proc_rom.cc:155:do_switch$160$rdmux[0][5][27]$a$4826 [0] } = 6'000000
    Consolidated identical input bits for $mux cell $memory$auto$proc_rom.cc:155:do_switch$160$rdmux[0][6][53]$4999:
      Old ports: A=$memory$auto$proc_rom.cc:155:do_switch$160$rdmux[0][6][53]$a$5000, B=$memory$auto$proc_rom.cc:155:do_switch$160$rdmux[0][6][53]$b$5001, Y=$memory$auto$proc_rom.cc:155:do_switch$160$rdmux[0][5][26]$b$4824
      New ports: A={ 1'1 $memory$auto$proc_rom.cc:155:do_switch$160$rdmux[0][6][53]$a$5000 [5] $memory$auto$proc_rom.cc:155:do_switch$160$rdmux[0][6][53]$a$5000 [2] 1'1 $memory$auto$proc_rom.cc:155:do_switch$160$rdmux[0][6][53]$a$5000 [2] }, B={ $memory$auto$proc_rom.cc:155:do_switch$160$rdmux[0][6][53]$b$5001 [6] $memory$auto$proc_rom.cc:155:do_switch$160$rdmux[0][6][53]$b$5001 [3] 1'1 $memory$auto$proc_rom.cc:155:do_switch$160$rdmux[0][6][53]$b$5001 [3] 1'0 }, Y=$memory$auto$proc_rom.cc:155:do_switch$160$rdmux[0][5][26]$b$4824 [6:2]
      New connections: { $memory$auto$proc_rom.cc:155:do_switch$160$rdmux[0][5][26]$b$4824 [9:7] $memory$auto$proc_rom.cc:155:do_switch$160$rdmux[0][5][26]$b$4824 [1:0] } = 5'11100
    Consolidated identical input bits for $mux cell $memory$auto$proc_rom.cc:155:do_switch$160$rdmux[0][6][52]$4996:
      Old ports: A=$memory$auto$proc_rom.cc:155:do_switch$160$rdmux[0][6][52]$a$4997, B=$memory$auto$proc_rom.cc:155:do_switch$160$rdmux[0][6][52]$b$4998, Y=$memory$auto$proc_rom.cc:155:do_switch$160$rdmux[0][5][26]$a$4823
      New ports: A={ $memory$auto$proc_rom.cc:155:do_switch$160$rdmux[0][6][52]$a$4997 [1] $memory$auto$proc_rom.cc:155:do_switch$160$rdmux[0][6][52]$a$4997 [1] 1'0 $memory$auto$proc_rom.cc:155:do_switch$160$rdmux[0][6][52]$a$4997 [1] }, B={ 1'1 $memory$auto$proc_rom.cc:155:do_switch$160$rdmux[0][6][52]$b$4998 [4] 1'1 $memory$auto$proc_rom.cc:155:do_switch$160$rdmux[0][6][52]$b$4998 [1] }, Y={ $memory$auto$proc_rom.cc:155:do_switch$160$rdmux[0][5][26]$a$4823 [5:4] $memory$auto$proc_rom.cc:155:do_switch$160$rdmux[0][5][26]$a$4823 [2:1] }
      New connections: { $memory$auto$proc_rom.cc:155:do_switch$160$rdmux[0][5][26]$a$4823 [9:6] $memory$auto$proc_rom.cc:155:do_switch$160$rdmux[0][5][26]$a$4823 [3] $memory$auto$proc_rom.cc:155:do_switch$160$rdmux[0][5][26]$a$4823 [0] } = { $memory$auto$proc_rom.cc:155:do_switch$160$rdmux[0][5][26]$a$4823 [5] $memory$auto$proc_rom.cc:155:do_switch$160$rdmux[0][5][26]$a$4823 [5] $memory$auto$proc_rom.cc:155:do_switch$160$rdmux[0][5][26]$a$4823 [5] $memory$auto$proc_rom.cc:155:do_switch$160$rdmux[0][5][26]$a$4823 [5] $memory$auto$proc_rom.cc:155:do_switch$160$rdmux[0][5][26]$a$4823 [1] 1'0 }
    Consolidated identical input bits for $mux cell $memory$auto$proc_rom.cc:155:do_switch$160$rdmux[0][6][51]$4993:
      Old ports: A=$memory$auto$proc_rom.cc:155:do_switch$160$rdmux[0][6][51]$a$4994, B=$memory$auto$proc_rom.cc:155:do_switch$160$rdmux[0][6][51]$b$4995, Y=$memory$auto$proc_rom.cc:155:do_switch$160$rdmux[0][5][25]$b$4821
      New ports: A={ 2'01 $memory$auto$proc_rom.cc:155:do_switch$160$rdmux[0][6][51]$a$4994 [3] }, B={ 1'1 $memory$auto$proc_rom.cc:155:do_switch$160$rdmux[0][6][51]$b$4995 [4] 1'0 }, Y=$memory$auto$proc_rom.cc:155:do_switch$160$rdmux[0][5][25]$b$4821 [5:3]
      New connections: { $memory$auto$proc_rom.cc:155:do_switch$160$rdmux[0][5][25]$b$4821 [9:6] $memory$auto$proc_rom.cc:155:do_switch$160$rdmux[0][5][25]$b$4821 [2:0] } = 7'0000000
    Consolidated identical input bits for $mux cell $memory$auto$proc_rom.cc:155:do_switch$160$rdmux[0][6][50]$4990:
      Old ports: A=$memory$auto$proc_rom.cc:155:do_switch$160$rdmux[0][6][50]$a$4991, B=$memory$auto$proc_rom.cc:155:do_switch$160$rdmux[0][6][50]$b$4992, Y=$memory$auto$proc_rom.cc:155:do_switch$160$rdmux[0][5][25]$a$4820
      New ports: A={ 1'0 $memory$auto$proc_rom.cc:155:do_switch$160$rdmux[0][6][50]$a$4991 [2] }, B={ 1'1 $memory$auto$proc_rom.cc:155:do_switch$160$rdmux[0][6][50]$b$4992 [2] }, Y=$memory$auto$proc_rom.cc:155:do_switch$160$rdmux[0][5][25]$a$4820 [3:2]
      New connections: { $memory$auto$proc_rom.cc:155:do_switch$160$rdmux[0][5][25]$a$4820 [9:4] $memory$auto$proc_rom.cc:155:do_switch$160$rdmux[0][5][25]$a$4820 [1:0] } = 8'00000000
    Consolidated identical input bits for $mux cell $memory$auto$proc_rom.cc:155:do_switch$160$rdmux[0][6][49]$4987:
      Old ports: A=$memory$auto$proc_rom.cc:155:do_switch$160$rdmux[0][6][49]$a$4988, B=$memory$auto$proc_rom.cc:155:do_switch$160$rdmux[0][6][49]$b$4989, Y=$memory$auto$proc_rom.cc:155:do_switch$160$rdmux[0][5][24]$b$4818
      New ports: A={ 1'1 $memory$auto$proc_rom.cc:155:do_switch$160$rdmux[0][6][49]$a$4988 [4:3] }, B={ $memory$auto$proc_rom.cc:155:do_switch$160$rdmux[0][6][49]$b$4989 [5:4] 1'0 }, Y=$memory$auto$proc_rom.cc:155:do_switch$160$rdmux[0][5][24]$b$4818 [5:3]
      New connections: { $memory$auto$proc_rom.cc:155:do_switch$160$rdmux[0][5][24]$b$4818 [9:6] $memory$auto$proc_rom.cc:155:do_switch$160$rdmux[0][5][24]$b$4818 [2:0] } = 7'1111000
    Consolidated identical input bits for $mux cell $memory$auto$proc_rom.cc:155:do_switch$160$rdmux[0][6][48]$4984:
      Old ports: A=$memory$auto$proc_rom.cc:155:do_switch$160$rdmux[0][6][48]$a$4985, B=$memory$auto$proc_rom.cc:155:do_switch$160$rdmux[0][6][48]$b$4986, Y=$memory$auto$proc_rom.cc:155:do_switch$160$rdmux[0][5][24]$a$4817
      New ports: A={ $memory$auto$proc_rom.cc:155:do_switch$160$rdmux[0][6][48]$a$4985 [2] $memory$auto$proc_rom.cc:155:do_switch$160$rdmux[0][6][48]$a$4985 [2] $memory$auto$proc_rom.cc:155:do_switch$160$rdmux[0][6][48]$a$4985 [2] }, B={ 1'1 $memory$auto$proc_rom.cc:155:do_switch$160$rdmux[0][6][48]$b$4986 [3:2] }, Y=$memory$auto$proc_rom.cc:155:do_switch$160$rdmux[0][5][24]$a$4817 [4:2]
      New connections: { $memory$auto$proc_rom.cc:155:do_switch$160$rdmux[0][5][24]$a$4817 [9:5] $memory$auto$proc_rom.cc:155:do_switch$160$rdmux[0][5][24]$a$4817 [1:0] } = { $memory$auto$proc_rom.cc:155:do_switch$160$rdmux[0][5][24]$a$4817 [4] $memory$auto$proc_rom.cc:155:do_switch$160$rdmux[0][5][24]$a$4817 [4] $memory$auto$proc_rom.cc:155:do_switch$160$rdmux[0][5][24]$a$4817 [4] $memory$auto$proc_rom.cc:155:do_switch$160$rdmux[0][5][24]$a$4817 [4] $memory$auto$proc_rom.cc:155:do_switch$160$rdmux[0][5][24]$a$4817 [4] 2'00 }
    Consolidated identical input bits for $mux cell $memory$auto$proc_rom.cc:155:do_switch$160$rdmux[0][6][47]$4981:
      Old ports: A=$memory$auto$proc_rom.cc:155:do_switch$160$rdmux[0][6][47]$a$4982, B=$memory$auto$proc_rom.cc:155:do_switch$160$rdmux[0][6][47]$b$4983, Y=$memory$auto$proc_rom.cc:155:do_switch$160$rdmux[0][5][23]$b$4815
      New ports: A={ 1'0 $memory$auto$proc_rom.cc:155:do_switch$160$rdmux[0][6][47]$a$4982 [1] $memory$auto$proc_rom.cc:155:do_switch$160$rdmux[0][6][47]$a$4982 [2] $memory$auto$proc_rom.cc:155:do_switch$160$rdmux[0][6][47]$a$4982 [2:1] }, B={ $memory$auto$proc_rom.cc:155:do_switch$160$rdmux[0][6][47]$b$4983 [2] $memory$auto$proc_rom.cc:155:do_switch$160$rdmux[0][6][47]$b$4983 [3] $memory$auto$proc_rom.cc:155:do_switch$160$rdmux[0][6][47]$b$4983 [3:2] 1'0 }, Y=$memory$auto$proc_rom.cc:155:do_switch$160$rdmux[0][5][23]$b$4815 [5:1]
      New connections: { $memory$auto$proc_rom.cc:155:do_switch$160$rdmux[0][5][23]$b$4815 [9:6] $memory$auto$proc_rom.cc:155:do_switch$160$rdmux[0][5][23]$b$4815 [0] } = 5'00000
    Consolidated identical input bits for $mux cell $memory$auto$proc_rom.cc:155:do_switch$160$rdmux[0][6][46]$4978:
      Old ports: A=$memory$auto$proc_rom.cc:155:do_switch$160$rdmux[0][6][46]$a$4979, B=$memory$auto$proc_rom.cc:155:do_switch$160$rdmux[0][6][46]$b$4980, Y=$memory$auto$proc_rom.cc:155:do_switch$160$rdmux[0][5][23]$a$4814
      New ports: A={ 2'00 $memory$auto$proc_rom.cc:155:do_switch$160$rdmux[0][6][46]$a$4979 [0] $memory$auto$proc_rom.cc:155:do_switch$160$rdmux[0][6][46]$a$4979 [0] }, B={ $memory$auto$proc_rom.cc:155:do_switch$160$rdmux[0][6][46]$b$4980 [0] $memory$auto$proc_rom.cc:155:do_switch$160$rdmux[0][6][46]$b$4980 [1] $memory$auto$proc_rom.cc:155:do_switch$160$rdmux[0][6][46]$b$4980 [1:0] }, Y=$memory$auto$proc_rom.cc:155:do_switch$160$rdmux[0][5][23]$a$4814 [3:0]
      New connections: $memory$auto$proc_rom.cc:155:do_switch$160$rdmux[0][5][23]$a$4814 [9:4] = 6'000000
    Consolidated identical input bits for $mux cell $memory$auto$proc_rom.cc:155:do_switch$160$rdmux[0][6][45]$4975:
      Old ports: A=$memory$auto$proc_rom.cc:155:do_switch$160$rdmux[0][6][45]$a$4976, B=$memory$auto$proc_rom.cc:155:do_switch$160$rdmux[0][6][45]$b$4977, Y=$memory$auto$proc_rom.cc:155:do_switch$160$rdmux[0][5][22]$b$4812
      New ports: A={ 1'1 $memory$auto$proc_rom.cc:155:do_switch$160$rdmux[0][6][45]$a$4976 [4] $memory$auto$proc_rom.cc:155:do_switch$160$rdmux[0][6][45]$a$4976 [1] 1'1 $memory$auto$proc_rom.cc:155:do_switch$160$rdmux[0][6][45]$a$4976 [1] }, B={ $memory$auto$proc_rom.cc:155:do_switch$160$rdmux[0][6][45]$b$4977 [5] $memory$auto$proc_rom.cc:155:do_switch$160$rdmux[0][6][45]$b$4977 [2] 1'1 $memory$auto$proc_rom.cc:155:do_switch$160$rdmux[0][6][45]$b$4977 [2] 1'0 }, Y=$memory$auto$proc_rom.cc:155:do_switch$160$rdmux[0][5][22]$b$4812 [5:1]
      New connections: { $memory$auto$proc_rom.cc:155:do_switch$160$rdmux[0][5][22]$b$4812 [9:6] $memory$auto$proc_rom.cc:155:do_switch$160$rdmux[0][5][22]$b$4812 [0] } = 5'11110
    Consolidated identical input bits for $mux cell $memory$auto$proc_rom.cc:155:do_switch$160$rdmux[0][6][44]$4972:
      Old ports: A=$memory$auto$proc_rom.cc:155:do_switch$160$rdmux[0][6][44]$a$4973, B=$memory$auto$proc_rom.cc:155:do_switch$160$rdmux[0][6][44]$b$4974, Y=$memory$auto$proc_rom.cc:155:do_switch$160$rdmux[0][5][22]$a$4811
      New ports: A={ $memory$auto$proc_rom.cc:155:do_switch$160$rdmux[0][6][44]$a$4973 [0] $memory$auto$proc_rom.cc:155:do_switch$160$rdmux[0][6][44]$a$4973 [0] 1'0 $memory$auto$proc_rom.cc:155:do_switch$160$rdmux[0][6][44]$a$4973 [0] }, B={ 1'1 $memory$auto$proc_rom.cc:155:do_switch$160$rdmux[0][6][44]$b$4974 [3] 1'1 $memory$auto$proc_rom.cc:155:do_switch$160$rdmux[0][6][44]$b$4974 [0] }, Y={ $memory$auto$proc_rom.cc:155:do_switch$160$rdmux[0][5][22]$a$4811 [4:3] $memory$auto$proc_rom.cc:155:do_switch$160$rdmux[0][5][22]$a$4811 [1:0] }
      New connections: { $memory$auto$proc_rom.cc:155:do_switch$160$rdmux[0][5][22]$a$4811 [9:5] $memory$auto$proc_rom.cc:155:do_switch$160$rdmux[0][5][22]$a$4811 [2] } = { $memory$auto$proc_rom.cc:155:do_switch$160$rdmux[0][5][22]$a$4811 [4] $memory$auto$proc_rom.cc:155:do_switch$160$rdmux[0][5][22]$a$4811 [4] $memory$auto$proc_rom.cc:155:do_switch$160$rdmux[0][5][22]$a$4811 [4] $memory$auto$proc_rom.cc:155:do_switch$160$rdmux[0][5][22]$a$4811 [4] $memory$auto$proc_rom.cc:155:do_switch$160$rdmux[0][5][22]$a$4811 [4] $memory$auto$proc_rom.cc:155:do_switch$160$rdmux[0][5][22]$a$4811 [0] }
    Consolidated identical input bits for $mux cell $memory$auto$proc_rom.cc:155:do_switch$160$rdmux[0][6][43]$4969:
      Old ports: A=$memory$auto$proc_rom.cc:155:do_switch$160$rdmux[0][6][43]$a$4970, B=$memory$auto$proc_rom.cc:155:do_switch$160$rdmux[0][6][43]$b$4971, Y=$memory$auto$proc_rom.cc:155:do_switch$160$rdmux[0][5][21]$b$4809
      New ports: A={ 2'01 $memory$auto$proc_rom.cc:155:do_switch$160$rdmux[0][6][43]$a$4970 [2] }, B={ 1'1 $memory$auto$proc_rom.cc:155:do_switch$160$rdmux[0][6][43]$b$4971 [3] 1'0 }, Y=$memory$auto$proc_rom.cc:155:do_switch$160$rdmux[0][5][21]$b$4809 [4:2]
      New connections: { $memory$auto$proc_rom.cc:155:do_switch$160$rdmux[0][5][21]$b$4809 [9:5] $memory$auto$proc_rom.cc:155:do_switch$160$rdmux[0][5][21]$b$4809 [1:0] } = 7'0000000
    Consolidated identical input bits for $mux cell $memory$auto$proc_rom.cc:155:do_switch$160$rdmux[0][6][42]$4966:
      Old ports: A=$memory$auto$proc_rom.cc:155:do_switch$160$rdmux[0][6][42]$a$4967, B=$memory$auto$proc_rom.cc:155:do_switch$160$rdmux[0][6][42]$b$4968, Y=$memory$auto$proc_rom.cc:155:do_switch$160$rdmux[0][5][21]$a$4808
      New ports: A={ 1'0 $memory$auto$proc_rom.cc:155:do_switch$160$rdmux[0][6][42]$a$4967 [1] }, B={ 1'1 $memory$auto$proc_rom.cc:155:do_switch$160$rdmux[0][6][42]$b$4968 [1] }, Y=$memory$auto$proc_rom.cc:155:do_switch$160$rdmux[0][5][21]$a$4808 [2:1]
      New connections: { $memory$auto$proc_rom.cc:155:do_switch$160$rdmux[0][5][21]$a$4808 [9:3] $memory$auto$proc_rom.cc:155:do_switch$160$rdmux[0][5][21]$a$4808 [0] } = 8'00000000
    Consolidated identical input bits for $mux cell $memory$auto$proc_rom.cc:155:do_switch$160$rdmux[0][6][41]$4963:
      Old ports: A=$memory$auto$proc_rom.cc:155:do_switch$160$rdmux[0][6][41]$a$4964, B=$memory$auto$proc_rom.cc:155:do_switch$160$rdmux[0][6][41]$b$4965, Y=$memory$auto$proc_rom.cc:155:do_switch$160$rdmux[0][5][20]$b$4806
      New ports: A={ 1'1 $memory$auto$proc_rom.cc:155:do_switch$160$rdmux[0][6][41]$a$4964 [3:2] }, B={ $memory$auto$proc_rom.cc:155:do_switch$160$rdmux[0][6][41]$b$4965 [4:3] 1'0 }, Y=$memory$auto$proc_rom.cc:155:do_switch$160$rdmux[0][5][20]$b$4806 [4:2]
      New connections: { $memory$auto$proc_rom.cc:155:do_switch$160$rdmux[0][5][20]$b$4806 [9:5] $memory$auto$proc_rom.cc:155:do_switch$160$rdmux[0][5][20]$b$4806 [1:0] } = 7'1111100
    Consolidated identical input bits for $mux cell $memory$auto$proc_rom.cc:155:do_switch$160$rdmux[0][6][40]$4960:
      Old ports: A=$memory$auto$proc_rom.cc:155:do_switch$160$rdmux[0][6][40]$a$4961, B=$memory$auto$proc_rom.cc:155:do_switch$160$rdmux[0][6][40]$b$4962, Y=$memory$auto$proc_rom.cc:155:do_switch$160$rdmux[0][5][20]$a$4805
      New ports: A={ $memory$auto$proc_rom.cc:155:do_switch$160$rdmux[0][6][40]$a$4961 [1] $memory$auto$proc_rom.cc:155:do_switch$160$rdmux[0][6][40]$a$4961 [1] $memory$auto$proc_rom.cc:155:do_switch$160$rdmux[0][6][40]$a$4961 [1] }, B={ 1'1 $memory$auto$proc_rom.cc:155:do_switch$160$rdmux[0][6][40]$b$4962 [2:1] }, Y=$memory$auto$proc_rom.cc:155:do_switch$160$rdmux[0][5][20]$a$4805 [3:1]
      New connections: { $memory$auto$proc_rom.cc:155:do_switch$160$rdmux[0][5][20]$a$4805 [9:4] $memory$auto$proc_rom.cc:155:do_switch$160$rdmux[0][5][20]$a$4805 [0] } = { $memory$auto$proc_rom.cc:155:do_switch$160$rdmux[0][5][20]$a$4805 [3] $memory$auto$proc_rom.cc:155:do_switch$160$rdmux[0][5][20]$a$4805 [3] $memory$auto$proc_rom.cc:155:do_switch$160$rdmux[0][5][20]$a$4805 [3] $memory$auto$proc_rom.cc:155:do_switch$160$rdmux[0][5][20]$a$4805 [3] $memory$auto$proc_rom.cc:155:do_switch$160$rdmux[0][5][20]$a$4805 [3] $memory$auto$proc_rom.cc:155:do_switch$160$rdmux[0][5][20]$a$4805 [3] 1'0 }
    Consolidated identical input bits for $mux cell $memory$auto$proc_rom.cc:155:do_switch$160$rdmux[0][6][39]$4957:
      Old ports: A=$memory$auto$proc_rom.cc:155:do_switch$160$rdmux[0][6][39]$a$4958, B=$memory$auto$proc_rom.cc:155:do_switch$160$rdmux[0][6][39]$b$4959, Y=$memory$auto$proc_rom.cc:155:do_switch$160$rdmux[0][5][19]$b$4803
      New ports: A={ 2'01 $memory$auto$proc_rom.cc:155:do_switch$160$rdmux[0][6][39]$a$4958 [1] }, B={ 1'1 $memory$auto$proc_rom.cc:155:do_switch$160$rdmux[0][6][39]$b$4959 [2] 1'0 }, Y=$memory$auto$proc_rom.cc:155:do_switch$160$rdmux[0][5][19]$b$4803 [3:1]
      New connections: { $memory$auto$proc_rom.cc:155:do_switch$160$rdmux[0][5][19]$b$4803 [9:4] $memory$auto$proc_rom.cc:155:do_switch$160$rdmux[0][5][19]$b$4803 [0] } = 7'0000000
    Consolidated identical input bits for $mux cell $memory$auto$proc_rom.cc:155:do_switch$160$rdmux[0][6][38]$4954:
      Old ports: A=$memory$auto$proc_rom.cc:155:do_switch$160$rdmux[0][6][38]$a$4955, B=$memory$auto$proc_rom.cc:155:do_switch$160$rdmux[0][6][38]$b$4956, Y=$memory$auto$proc_rom.cc:155:do_switch$160$rdmux[0][5][19]$a$4802
      New ports: A={ 1'0 $memory$auto$proc_rom.cc:155:do_switch$160$rdmux[0][6][38]$a$4955 [0] }, B={ 1'1 $memory$auto$proc_rom.cc:155:do_switch$160$rdmux[0][6][38]$b$4956 [0] }, Y=$memory$auto$proc_rom.cc:155:do_switch$160$rdmux[0][5][19]$a$4802 [1:0]
      New connections: $memory$auto$proc_rom.cc:155:do_switch$160$rdmux[0][5][19]$a$4802 [9:2] = 8'00000000
    Consolidated identical input bits for $mux cell $memory$auto$proc_rom.cc:155:do_switch$160$rdmux[0][6][37]$4951:
      Old ports: A=$memory$auto$proc_rom.cc:155:do_switch$160$rdmux[0][6][37]$a$4952, B=$memory$auto$proc_rom.cc:155:do_switch$160$rdmux[0][6][37]$b$4953, Y=$memory$auto$proc_rom.cc:155:do_switch$160$rdmux[0][5][18]$b$4800
      New ports: A={ 1'1 $memory$auto$proc_rom.cc:155:do_switch$160$rdmux[0][6][37]$a$4952 [2:1] }, B={ $memory$auto$proc_rom.cc:155:do_switch$160$rdmux[0][6][37]$b$4953 [3:2] 1'0 }, Y=$memory$auto$proc_rom.cc:155:do_switch$160$rdmux[0][5][18]$b$4800 [3:1]
      New connections: { $memory$auto$proc_rom.cc:155:do_switch$160$rdmux[0][5][18]$b$4800 [9:4] $memory$auto$proc_rom.cc:155:do_switch$160$rdmux[0][5][18]$b$4800 [0] } = 7'1111110
    Consolidated identical input bits for $mux cell $memory$auto$proc_rom.cc:155:do_switch$160$rdmux[0][6][36]$4948:
      Old ports: A=$memory$auto$proc_rom.cc:155:do_switch$160$rdmux[0][6][36]$a$4949, B=$memory$auto$proc_rom.cc:155:do_switch$160$rdmux[0][6][36]$b$4950, Y=$memory$auto$proc_rom.cc:155:do_switch$160$rdmux[0][5][18]$a$4799
      New ports: A={ $memory$auto$proc_rom.cc:155:do_switch$160$rdmux[0][6][36]$a$4949 [0] $memory$auto$proc_rom.cc:155:do_switch$160$rdmux[0][6][36]$a$4949 [0] $memory$auto$proc_rom.cc:155:do_switch$160$rdmux[0][6][36]$a$4949 [0] }, B={ 1'1 $memory$auto$proc_rom.cc:155:do_switch$160$rdmux[0][6][36]$b$4950 [1:0] }, Y=$memory$auto$proc_rom.cc:155:do_switch$160$rdmux[0][5][18]$a$4799 [2:0]
      New connections: $memory$auto$proc_rom.cc:155:do_switch$160$rdmux[0][5][18]$a$4799 [9:3] = { $memory$auto$proc_rom.cc:155:do_switch$160$rdmux[0][5][18]$a$4799 [2] $memory$auto$proc_rom.cc:155:do_switch$160$rdmux[0][5][18]$a$4799 [2] $memory$auto$proc_rom.cc:155:do_switch$160$rdmux[0][5][18]$a$4799 [2] $memory$auto$proc_rom.cc:155:do_switch$160$rdmux[0][5][18]$a$4799 [2] $memory$auto$proc_rom.cc:155:do_switch$160$rdmux[0][5][18]$a$4799 [2] $memory$auto$proc_rom.cc:155:do_switch$160$rdmux[0][5][18]$a$4799 [2] $memory$auto$proc_rom.cc:155:do_switch$160$rdmux[0][5][18]$a$4799 [2] }
    Consolidated identical input bits for $mux cell $memory$auto$proc_rom.cc:155:do_switch$160$rdmux[0][6][31]$4933:
      Old ports: A=$memory$auto$proc_rom.cc:155:do_switch$160$rdmux[0][6][31]$a$4934, B=$memory$auto$proc_rom.cc:155:do_switch$160$rdmux[0][6][31]$b$4935, Y=$memory$auto$proc_rom.cc:155:do_switch$160$rdmux[0][5][15]$b$4791
      New ports: A={ 1'1 $memory$auto$proc_rom.cc:155:do_switch$160$rdmux[0][6][31]$a$4934 [6] $memory$auto$proc_rom.cc:155:do_switch$160$rdmux[0][6][31]$a$4934 [3] 1'1 $memory$auto$proc_rom.cc:155:do_switch$160$rdmux[0][6][31]$a$4934 [3] }, B={ $memory$auto$proc_rom.cc:155:do_switch$160$rdmux[0][6][31]$b$4935 [7] $memory$auto$proc_rom.cc:155:do_switch$160$rdmux[0][6][31]$b$4935 [4] 1'1 $memory$auto$proc_rom.cc:155:do_switch$160$rdmux[0][6][31]$b$4935 [4] 1'0 }, Y=$memory$auto$proc_rom.cc:155:do_switch$160$rdmux[0][5][15]$b$4791 [7:3]
      New connections: { $memory$auto$proc_rom.cc:155:do_switch$160$rdmux[0][5][15]$b$4791 [9:8] $memory$auto$proc_rom.cc:155:do_switch$160$rdmux[0][5][15]$b$4791 [2:0] } = 5'11000
    Consolidated identical input bits for $mux cell $memory$auto$proc_rom.cc:155:do_switch$160$rdmux[0][6][30]$4930:
      Old ports: A=$memory$auto$proc_rom.cc:155:do_switch$160$rdmux[0][6][30]$a$4931, B=$memory$auto$proc_rom.cc:155:do_switch$160$rdmux[0][6][30]$b$4932, Y=$memory$auto$proc_rom.cc:155:do_switch$160$rdmux[0][5][15]$a$4790
      New ports: A={ $memory$auto$proc_rom.cc:155:do_switch$160$rdmux[0][6][30]$a$4931 [2] $memory$auto$proc_rom.cc:155:do_switch$160$rdmux[0][6][30]$a$4931 [2] 1'0 $memory$auto$proc_rom.cc:155:do_switch$160$rdmux[0][6][30]$a$4931 [2] }, B={ 1'1 $memory$auto$proc_rom.cc:155:do_switch$160$rdmux[0][6][30]$b$4932 [5] 1'1 $memory$auto$proc_rom.cc:155:do_switch$160$rdmux[0][6][30]$b$4932 [2] }, Y={ $memory$auto$proc_rom.cc:155:do_switch$160$rdmux[0][5][15]$a$4790 [6:5] $memory$auto$proc_rom.cc:155:do_switch$160$rdmux[0][5][15]$a$4790 [3:2] }
      New connections: { $memory$auto$proc_rom.cc:155:do_switch$160$rdmux[0][5][15]$a$4790 [9:7] $memory$auto$proc_rom.cc:155:do_switch$160$rdmux[0][5][15]$a$4790 [4] $memory$auto$proc_rom.cc:155:do_switch$160$rdmux[0][5][15]$a$4790 [1:0] } = { $memory$auto$proc_rom.cc:155:do_switch$160$rdmux[0][5][15]$a$4790 [6] $memory$auto$proc_rom.cc:155:do_switch$160$rdmux[0][5][15]$a$4790 [6] $memory$auto$proc_rom.cc:155:do_switch$160$rdmux[0][5][15]$a$4790 [6] $memory$auto$proc_rom.cc:155:do_switch$160$rdmux[0][5][15]$a$4790 [2] 2'00 }
    Consolidated identical input bits for $mux cell $memory$auto$proc_rom.cc:155:do_switch$160$rdmux[0][6][29]$4927:
      Old ports: A=$memory$auto$proc_rom.cc:155:do_switch$160$rdmux[0][6][29]$a$4928, B=$memory$auto$proc_rom.cc:155:do_switch$160$rdmux[0][6][29]$b$4929, Y=$memory$auto$proc_rom.cc:155:do_switch$160$rdmux[0][5][14]$b$4788
      New ports: A={ 1'0 $memory$auto$proc_rom.cc:155:do_switch$160$rdmux[0][6][29]$a$4928 [3] $memory$auto$proc_rom.cc:155:do_switch$160$rdmux[0][6][29]$a$4928 [4] $memory$auto$proc_rom.cc:155:do_switch$160$rdmux[0][6][29]$a$4928 [4:3] }, B={ $memory$auto$proc_rom.cc:155:do_switch$160$rdmux[0][6][29]$b$4929 [4] $memory$auto$proc_rom.cc:155:do_switch$160$rdmux[0][6][29]$b$4929 [5] $memory$auto$proc_rom.cc:155:do_switch$160$rdmux[0][6][29]$b$4929 [5:4] 1'0 }, Y=$memory$auto$proc_rom.cc:155:do_switch$160$rdmux[0][5][14]$b$4788 [7:3]
      New connections: { $memory$auto$proc_rom.cc:155:do_switch$160$rdmux[0][5][14]$b$4788 [9:8] $memory$auto$proc_rom.cc:155:do_switch$160$rdmux[0][5][14]$b$4788 [2:0] } = 5'00000
    Consolidated identical input bits for $mux cell $memory$auto$proc_rom.cc:155:do_switch$160$rdmux[0][6][28]$4924:
      Old ports: A=$memory$auto$proc_rom.cc:155:do_switch$160$rdmux[0][6][28]$a$4925, B=$memory$auto$proc_rom.cc:155:do_switch$160$rdmux[0][6][28]$b$4926, Y=$memory$auto$proc_rom.cc:155:do_switch$160$rdmux[0][5][14]$a$4787
      New ports: A={ 2'00 $memory$auto$proc_rom.cc:155:do_switch$160$rdmux[0][6][28]$a$4925 [2] $memory$auto$proc_rom.cc:155:do_switch$160$rdmux[0][6][28]$a$4925 [2] }, B={ $memory$auto$proc_rom.cc:155:do_switch$160$rdmux[0][6][28]$b$4926 [2] $memory$auto$proc_rom.cc:155:do_switch$160$rdmux[0][6][28]$b$4926 [3] $memory$auto$proc_rom.cc:155:do_switch$160$rdmux[0][6][28]$b$4926 [3:2] }, Y=$memory$auto$proc_rom.cc:155:do_switch$160$rdmux[0][5][14]$a$4787 [5:2]
      New connections: { $memory$auto$proc_rom.cc:155:do_switch$160$rdmux[0][5][14]$a$4787 [9:6] $memory$auto$proc_rom.cc:155:do_switch$160$rdmux[0][5][14]$a$4787 [1:0] } = 6'000000
    Consolidated identical input bits for $mux cell $memory$auto$proc_rom.cc:155:do_switch$160$rdmux[0][6][27]$4921:
      Old ports: A=$memory$auto$proc_rom.cc:155:do_switch$160$rdmux[0][6][27]$a$4922, B=$memory$auto$proc_rom.cc:155:do_switch$160$rdmux[0][6][27]$b$4923, Y=$memory$auto$proc_rom.cc:155:do_switch$160$rdmux[0][5][13]$b$4785
      New ports: A={ 1'1 $memory$auto$proc_rom.cc:155:do_switch$160$rdmux[0][6][27]$a$4922 [5:4] }, B={ $memory$auto$proc_rom.cc:155:do_switch$160$rdmux[0][6][27]$b$4923 [6:5] 1'0 }, Y=$memory$auto$proc_rom.cc:155:do_switch$160$rdmux[0][5][13]$b$4785 [6:4]
      New connections: { $memory$auto$proc_rom.cc:155:do_switch$160$rdmux[0][5][13]$b$4785 [9:7] $memory$auto$proc_rom.cc:155:do_switch$160$rdmux[0][5][13]$b$4785 [3:0] } = 7'1110000
    Consolidated identical input bits for $mux cell $memory$auto$proc_rom.cc:155:do_switch$160$rdmux[0][6][26]$4918:
      Old ports: A=$memory$auto$proc_rom.cc:155:do_switch$160$rdmux[0][6][26]$a$4919, B=$memory$auto$proc_rom.cc:155:do_switch$160$rdmux[0][6][26]$b$4920, Y=$memory$auto$proc_rom.cc:155:do_switch$160$rdmux[0][5][13]$a$4784
      New ports: A={ $memory$auto$proc_rom.cc:155:do_switch$160$rdmux[0][6][26]$a$4919 [3] $memory$auto$proc_rom.cc:155:do_switch$160$rdmux[0][6][26]$a$4919 [3] $memory$auto$proc_rom.cc:155:do_switch$160$rdmux[0][6][26]$a$4919 [3] }, B={ 1'1 $memory$auto$proc_rom.cc:155:do_switch$160$rdmux[0][6][26]$b$4920 [4:3] }, Y=$memory$auto$proc_rom.cc:155:do_switch$160$rdmux[0][5][13]$a$4784 [5:3]
      New connections: { $memory$auto$proc_rom.cc:155:do_switch$160$rdmux[0][5][13]$a$4784 [9:6] $memory$auto$proc_rom.cc:155:do_switch$160$rdmux[0][5][13]$a$4784 [2:0] } = { $memory$auto$proc_rom.cc:155:do_switch$160$rdmux[0][5][13]$a$4784 [5] $memory$auto$proc_rom.cc:155:do_switch$160$rdmux[0][5][13]$a$4784 [5] $memory$auto$proc_rom.cc:155:do_switch$160$rdmux[0][5][13]$a$4784 [5] $memory$auto$proc_rom.cc:155:do_switch$160$rdmux[0][5][13]$a$4784 [5] 3'000 }
    Consolidated identical input bits for $mux cell $memory$auto$proc_rom.cc:155:do_switch$160$rdmux[0][6][25]$4915:
      Old ports: A=$memory$auto$proc_rom.cc:155:do_switch$160$rdmux[0][6][25]$a$4916, B=$memory$auto$proc_rom.cc:155:do_switch$160$rdmux[0][6][25]$b$4917, Y=$memory$auto$proc_rom.cc:155:do_switch$160$rdmux[0][5][12]$b$4782
      New ports: A={ 2'01 $memory$auto$proc_rom.cc:155:do_switch$160$rdmux[0][6][25]$a$4916 [4] }, B={ 1'1 $memory$auto$proc_rom.cc:155:do_switch$160$rdmux[0][6][25]$b$4917 [5] 1'0 }, Y=$memory$auto$proc_rom.cc:155:do_switch$160$rdmux[0][5][12]$b$4782 [6:4]
      New connections: { $memory$auto$proc_rom.cc:155:do_switch$160$rdmux[0][5][12]$b$4782 [9:7] $memory$auto$proc_rom.cc:155:do_switch$160$rdmux[0][5][12]$b$4782 [3:0] } = 7'0000000
    Consolidated identical input bits for $mux cell $memory$auto$proc_rom.cc:155:do_switch$160$rdmux[0][6][24]$4912:
      Old ports: A=$memory$auto$proc_rom.cc:155:do_switch$160$rdmux[0][6][24]$a$4913, B=$memory$auto$proc_rom.cc:155:do_switch$160$rdmux[0][6][24]$b$4914, Y=$memory$auto$proc_rom.cc:155:do_switch$160$rdmux[0][5][12]$a$4781
      New ports: A={ 1'0 $memory$auto$proc_rom.cc:155:do_switch$160$rdmux[0][6][24]$a$4913 [3] }, B={ 1'1 $memory$auto$proc_rom.cc:155:do_switch$160$rdmux[0][6][24]$b$4914 [3] }, Y=$memory$auto$proc_rom.cc:155:do_switch$160$rdmux[0][5][12]$a$4781 [4:3]
      New connections: { $memory$auto$proc_rom.cc:155:do_switch$160$rdmux[0][5][12]$a$4781 [9:5] $memory$auto$proc_rom.cc:155:do_switch$160$rdmux[0][5][12]$a$4781 [2:0] } = 8'00000000
    Consolidated identical input bits for $mux cell $memory$auto$proc_rom.cc:155:do_switch$160$rdmux[0][6][23]$4909:
      Old ports: A=$memory$auto$proc_rom.cc:155:do_switch$160$rdmux[0][6][23]$a$4910, B=$memory$auto$proc_rom.cc:155:do_switch$160$rdmux[0][6][23]$b$4911, Y=$memory$auto$proc_rom.cc:155:do_switch$160$rdmux[0][5][11]$b$4779
      New ports: A={ 1'1 $memory$auto$proc_rom.cc:155:do_switch$160$rdmux[0][6][23]$a$4910 [5] $memory$auto$proc_rom.cc:155:do_switch$160$rdmux[0][6][23]$a$4910 [2] 1'1 $memory$auto$proc_rom.cc:155:do_switch$160$rdmux[0][6][23]$a$4910 [2] }, B={ $memory$auto$proc_rom.cc:155:do_switch$160$rdmux[0][6][23]$b$4911 [6] $memory$auto$proc_rom.cc:155:do_switch$160$rdmux[0][6][23]$b$4911 [3] 1'1 $memory$auto$proc_rom.cc:155:do_switch$160$rdmux[0][6][23]$b$4911 [3] 1'0 }, Y=$memory$auto$proc_rom.cc:155:do_switch$160$rdmux[0][5][11]$b$4779 [6:2]
      New connections: { $memory$auto$proc_rom.cc:155:do_switch$160$rdmux[0][5][11]$b$4779 [9:7] $memory$auto$proc_rom.cc:155:do_switch$160$rdmux[0][5][11]$b$4779 [1:0] } = 5'11100
    Consolidated identical input bits for $mux cell $memory$auto$proc_rom.cc:155:do_switch$160$rdmux[0][6][22]$4906:
      Old ports: A=$memory$auto$proc_rom.cc:155:do_switch$160$rdmux[0][6][22]$a$4907, B=$memory$auto$proc_rom.cc:155:do_switch$160$rdmux[0][6][22]$b$4908, Y=$memory$auto$proc_rom.cc:155:do_switch$160$rdmux[0][5][11]$a$4778
      New ports: A={ $memory$auto$proc_rom.cc:155:do_switch$160$rdmux[0][6][22]$a$4907 [1] $memory$auto$proc_rom.cc:155:do_switch$160$rdmux[0][6][22]$a$4907 [1] 1'0 $memory$auto$proc_rom.cc:155:do_switch$160$rdmux[0][6][22]$a$4907 [1] }, B={ 1'1 $memory$auto$proc_rom.cc:155:do_switch$160$rdmux[0][6][22]$b$4908 [4] 1'1 $memory$auto$proc_rom.cc:155:do_switch$160$rdmux[0][6][22]$b$4908 [1] }, Y={ $memory$auto$proc_rom.cc:155:do_switch$160$rdmux[0][5][11]$a$4778 [5:4] $memory$auto$proc_rom.cc:155:do_switch$160$rdmux[0][5][11]$a$4778 [2:1] }
      New connections: { $memory$auto$proc_rom.cc:155:do_switch$160$rdmux[0][5][11]$a$4778 [9:6] $memory$auto$proc_rom.cc:155:do_switch$160$rdmux[0][5][11]$a$4778 [3] $memory$auto$proc_rom.cc:155:do_switch$160$rdmux[0][5][11]$a$4778 [0] } = { $memory$auto$proc_rom.cc:155:do_switch$160$rdmux[0][5][11]$a$4778 [5] $memory$auto$proc_rom.cc:155:do_switch$160$rdmux[0][5][11]$a$4778 [5] $memory$auto$proc_rom.cc:155:do_switch$160$rdmux[0][5][11]$a$4778 [5] $memory$auto$proc_rom.cc:155:do_switch$160$rdmux[0][5][11]$a$4778 [5] $memory$auto$proc_rom.cc:155:do_switch$160$rdmux[0][5][11]$a$4778 [1] 1'0 }
    Consolidated identical input bits for $mux cell $memory$auto$proc_rom.cc:155:do_switch$160$rdmux[0][6][21]$4903:
      Old ports: A=$memory$auto$proc_rom.cc:155:do_switch$160$rdmux[0][6][21]$a$4904, B=$memory$auto$proc_rom.cc:155:do_switch$160$rdmux[0][6][21]$b$4905, Y=$memory$auto$proc_rom.cc:155:do_switch$160$rdmux[0][5][10]$b$4776
      New ports: A={ 1'0 $memory$auto$proc_rom.cc:155:do_switch$160$rdmux[0][6][21]$a$4904 [2] $memory$auto$proc_rom.cc:155:do_switch$160$rdmux[0][6][21]$a$4904 [3] $memory$auto$proc_rom.cc:155:do_switch$160$rdmux[0][6][21]$a$4904 [3:2] }, B={ $memory$auto$proc_rom.cc:155:do_switch$160$rdmux[0][6][21]$b$4905 [3] $memory$auto$proc_rom.cc:155:do_switch$160$rdmux[0][6][21]$b$4905 [4] $memory$auto$proc_rom.cc:155:do_switch$160$rdmux[0][6][21]$b$4905 [4:3] 1'0 }, Y=$memory$auto$proc_rom.cc:155:do_switch$160$rdmux[0][5][10]$b$4776 [6:2]
      New connections: { $memory$auto$proc_rom.cc:155:do_switch$160$rdmux[0][5][10]$b$4776 [9:7] $memory$auto$proc_rom.cc:155:do_switch$160$rdmux[0][5][10]$b$4776 [1:0] } = 5'00000
    Consolidated identical input bits for $mux cell $memory$auto$proc_rom.cc:155:do_switch$160$rdmux[0][6][20]$4900:
      Old ports: A=$memory$auto$proc_rom.cc:155:do_switch$160$rdmux[0][6][20]$a$4901, B=$memory$auto$proc_rom.cc:155:do_switch$160$rdmux[0][6][20]$b$4902, Y=$memory$auto$proc_rom.cc:155:do_switch$160$rdmux[0][5][10]$a$4775
      New ports: A={ 2'00 $memory$auto$proc_rom.cc:155:do_switch$160$rdmux[0][6][20]$a$4901 [1] $memory$auto$proc_rom.cc:155:do_switch$160$rdmux[0][6][20]$a$4901 [1] }, B={ $memory$auto$proc_rom.cc:155:do_switch$160$rdmux[0][6][20]$b$4902 [1] $memory$auto$proc_rom.cc:155:do_switch$160$rdmux[0][6][20]$b$4902 [2] $memory$auto$proc_rom.cc:155:do_switch$160$rdmux[0][6][20]$b$4902 [2:1] }, Y=$memory$auto$proc_rom.cc:155:do_switch$160$rdmux[0][5][10]$a$4775 [4:1]
      New connections: { $memory$auto$proc_rom.cc:155:do_switch$160$rdmux[0][5][10]$a$4775 [9:5] $memory$auto$proc_rom.cc:155:do_switch$160$rdmux[0][5][10]$a$4775 [0] } = 6'000000
    Consolidated identical input bits for $mux cell $memory$auto$proc_rom.cc:155:do_switch$160$rdmux[0][6][19]$4897:
      Old ports: A=$memory$auto$proc_rom.cc:155:do_switch$160$rdmux[0][6][19]$a$4898, B=$memory$auto$proc_rom.cc:155:do_switch$160$rdmux[0][6][19]$b$4899, Y=$memory$auto$proc_rom.cc:155:do_switch$160$rdmux[0][5][9]$b$4773
      New ports: A={ 1'1 $memory$auto$proc_rom.cc:155:do_switch$160$rdmux[0][6][19]$a$4898 [4:3] }, B={ $memory$auto$proc_rom.cc:155:do_switch$160$rdmux[0][6][19]$b$4899 [5:4] 1'0 }, Y=$memory$auto$proc_rom.cc:155:do_switch$160$rdmux[0][5][9]$b$4773 [5:3]
      New connections: { $memory$auto$proc_rom.cc:155:do_switch$160$rdmux[0][5][9]$b$4773 [9:6] $memory$auto$proc_rom.cc:155:do_switch$160$rdmux[0][5][9]$b$4773 [2:0] } = 7'1111000
    Consolidated identical input bits for $mux cell $memory$auto$proc_rom.cc:155:do_switch$160$rdmux[0][6][18]$4894:
      Old ports: A=$memory$auto$proc_rom.cc:155:do_switch$160$rdmux[0][6][18]$a$4895, B=$memory$auto$proc_rom.cc:155:do_switch$160$rdmux[0][6][18]$b$4896, Y=$memory$auto$proc_rom.cc:155:do_switch$160$rdmux[0][5][9]$a$4772
      New ports: A={ $memory$auto$proc_rom.cc:155:do_switch$160$rdmux[0][6][18]$a$4895 [2] $memory$auto$proc_rom.cc:155:do_switch$160$rdmux[0][6][18]$a$4895 [2] $memory$auto$proc_rom.cc:155:do_switch$160$rdmux[0][6][18]$a$4895 [2] }, B={ 1'1 $memory$auto$proc_rom.cc:155:do_switch$160$rdmux[0][6][18]$b$4896 [3:2] }, Y=$memory$auto$proc_rom.cc:155:do_switch$160$rdmux[0][5][9]$a$4772 [4:2]
      New connections: { $memory$auto$proc_rom.cc:155:do_switch$160$rdmux[0][5][9]$a$4772 [9:5] $memory$auto$proc_rom.cc:155:do_switch$160$rdmux[0][5][9]$a$4772 [1:0] } = { $memory$auto$proc_rom.cc:155:do_switch$160$rdmux[0][5][9]$a$4772 [4] $memory$auto$proc_rom.cc:155:do_switch$160$rdmux[0][5][9]$a$4772 [4] $memory$auto$proc_rom.cc:155:do_switch$160$rdmux[0][5][9]$a$4772 [4] $memory$auto$proc_rom.cc:155:do_switch$160$rdmux[0][5][9]$a$4772 [4] $memory$auto$proc_rom.cc:155:do_switch$160$rdmux[0][5][9]$a$4772 [4] 2'00 }
    Consolidated identical input bits for $mux cell $memory$auto$proc_rom.cc:155:do_switch$160$rdmux[0][6][17]$4891:
      Old ports: A=$memory$auto$proc_rom.cc:155:do_switch$160$rdmux[0][6][17]$a$4892, B=$memory$auto$proc_rom.cc:155:do_switch$160$rdmux[0][6][17]$b$4893, Y=$memory$auto$proc_rom.cc:155:do_switch$160$rdmux[0][5][8]$b$4770
      New ports: A={ 2'01 $memory$auto$proc_rom.cc:155:do_switch$160$rdmux[0][6][17]$a$4892 [3] }, B={ 1'1 $memory$auto$proc_rom.cc:155:do_switch$160$rdmux[0][6][17]$b$4893 [4] 1'0 }, Y=$memory$auto$proc_rom.cc:155:do_switch$160$rdmux[0][5][8]$b$4770 [5:3]
      New connections: { $memory$auto$proc_rom.cc:155:do_switch$160$rdmux[0][5][8]$b$4770 [9:6] $memory$auto$proc_rom.cc:155:do_switch$160$rdmux[0][5][8]$b$4770 [2:0] } = 7'0000000
    Consolidated identical input bits for $mux cell $memory$auto$proc_rom.cc:155:do_switch$160$rdmux[0][6][16]$4888:
      Old ports: A=$memory$auto$proc_rom.cc:155:do_switch$160$rdmux[0][6][16]$a$4889, B=$memory$auto$proc_rom.cc:155:do_switch$160$rdmux[0][6][16]$b$4890, Y=$memory$auto$proc_rom.cc:155:do_switch$160$rdmux[0][5][8]$a$4769
      New ports: A={ 1'0 $memory$auto$proc_rom.cc:155:do_switch$160$rdmux[0][6][16]$a$4889 [2] }, B={ 1'1 $memory$auto$proc_rom.cc:155:do_switch$160$rdmux[0][6][16]$b$4890 [2] }, Y=$memory$auto$proc_rom.cc:155:do_switch$160$rdmux[0][5][8]$a$4769 [3:2]
      New connections: { $memory$auto$proc_rom.cc:155:do_switch$160$rdmux[0][5][8]$a$4769 [9:4] $memory$auto$proc_rom.cc:155:do_switch$160$rdmux[0][5][8]$a$4769 [1:0] } = 8'00000000
    Consolidated identical input bits for $mux cell $memory$auto$proc_rom.cc:155:do_switch$160$rdmux[0][6][15]$4885:
      Old ports: A=$memory$auto$proc_rom.cc:155:do_switch$160$rdmux[0][6][15]$a$4886, B=$memory$auto$proc_rom.cc:155:do_switch$160$rdmux[0][6][15]$b$4887, Y=$memory$auto$proc_rom.cc:155:do_switch$160$rdmux[0][5][7]$b$4767
      New ports: A={ 1'1 $memory$auto$proc_rom.cc:155:do_switch$160$rdmux[0][6][15]$a$4886 [4] $memory$auto$proc_rom.cc:155:do_switch$160$rdmux[0][6][15]$a$4886 [1] 1'1 $memory$auto$proc_rom.cc:155:do_switch$160$rdmux[0][6][15]$a$4886 [1] }, B={ $memory$auto$proc_rom.cc:155:do_switch$160$rdmux[0][6][15]$b$4887 [5] $memory$auto$proc_rom.cc:155:do_switch$160$rdmux[0][6][15]$b$4887 [2] 1'1 $memory$auto$proc_rom.cc:155:do_switch$160$rdmux[0][6][15]$b$4887 [2] 1'0 }, Y=$memory$auto$proc_rom.cc:155:do_switch$160$rdmux[0][5][7]$b$4767 [5:1]
      New connections: { $memory$auto$proc_rom.cc:155:do_switch$160$rdmux[0][5][7]$b$4767 [9:6] $memory$auto$proc_rom.cc:155:do_switch$160$rdmux[0][5][7]$b$4767 [0] } = 5'11110
    Consolidated identical input bits for $mux cell $memory$auto$proc_rom.cc:155:do_switch$160$rdmux[0][6][14]$4882:
      Old ports: A=$memory$auto$proc_rom.cc:155:do_switch$160$rdmux[0][6][14]$a$4883, B=$memory$auto$proc_rom.cc:155:do_switch$160$rdmux[0][6][14]$b$4884, Y=$memory$auto$proc_rom.cc:155:do_switch$160$rdmux[0][5][7]$a$4766
      New ports: A={ $memory$auto$proc_rom.cc:155:do_switch$160$rdmux[0][6][14]$a$4883 [0] $memory$auto$proc_rom.cc:155:do_switch$160$rdmux[0][6][14]$a$4883 [0] 1'0 $memory$auto$proc_rom.cc:155:do_switch$160$rdmux[0][6][14]$a$4883 [0] }, B={ 1'1 $memory$auto$proc_rom.cc:155:do_switch$160$rdmux[0][6][14]$b$4884 [3] 1'1 $memory$auto$proc_rom.cc:155:do_switch$160$rdmux[0][6][14]$b$4884 [0] }, Y={ $memory$auto$proc_rom.cc:155:do_switch$160$rdmux[0][5][7]$a$4766 [4:3] $memory$auto$proc_rom.cc:155:do_switch$160$rdmux[0][5][7]$a$4766 [1:0] }
      New connections: { $memory$auto$proc_rom.cc:155:do_switch$160$rdmux[0][5][7]$a$4766 [9:5] $memory$auto$proc_rom.cc:155:do_switch$160$rdmux[0][5][7]$a$4766 [2] } = { $memory$auto$proc_rom.cc:155:do_switch$160$rdmux[0][5][7]$a$4766 [4] $memory$auto$proc_rom.cc:155:do_switch$160$rdmux[0][5][7]$a$4766 [4] $memory$auto$proc_rom.cc:155:do_switch$160$rdmux[0][5][7]$a$4766 [4] $memory$auto$proc_rom.cc:155:do_switch$160$rdmux[0][5][7]$a$4766 [4] $memory$auto$proc_rom.cc:155:do_switch$160$rdmux[0][5][7]$a$4766 [4] $memory$auto$proc_rom.cc:155:do_switch$160$rdmux[0][5][7]$a$4766 [0] }
    Consolidated identical input bits for $mux cell $memory$auto$proc_rom.cc:155:do_switch$160$rdmux[0][6][13]$4879:
      Old ports: A=$memory$auto$proc_rom.cc:155:do_switch$160$rdmux[0][6][13]$a$4880, B=$memory$auto$proc_rom.cc:155:do_switch$160$rdmux[0][6][13]$b$4881, Y=$memory$auto$proc_rom.cc:155:do_switch$160$rdmux[0][5][6]$b$4764
      New ports: A={ 1'0 $memory$auto$proc_rom.cc:155:do_switch$160$rdmux[0][6][13]$a$4880 [1] $memory$auto$proc_rom.cc:155:do_switch$160$rdmux[0][6][13]$a$4880 [2] $memory$auto$proc_rom.cc:155:do_switch$160$rdmux[0][6][13]$a$4880 [2:1] }, B={ $memory$auto$proc_rom.cc:155:do_switch$160$rdmux[0][6][13]$b$4881 [2] $memory$auto$proc_rom.cc:155:do_switch$160$rdmux[0][6][13]$b$4881 [3] $memory$auto$proc_rom.cc:155:do_switch$160$rdmux[0][6][13]$b$4881 [3:2] 1'0 }, Y=$memory$auto$proc_rom.cc:155:do_switch$160$rdmux[0][5][6]$b$4764 [5:1]
      New connections: { $memory$auto$proc_rom.cc:155:do_switch$160$rdmux[0][5][6]$b$4764 [9:6] $memory$auto$proc_rom.cc:155:do_switch$160$rdmux[0][5][6]$b$4764 [0] } = 5'00000
    Consolidated identical input bits for $mux cell $memory$auto$proc_rom.cc:155:do_switch$160$rdmux[0][6][12]$4876:
      Old ports: A=$memory$auto$proc_rom.cc:155:do_switch$160$rdmux[0][6][12]$a$4877, B=$memory$auto$proc_rom.cc:155:do_switch$160$rdmux[0][6][12]$b$4878, Y=$memory$auto$proc_rom.cc:155:do_switch$160$rdmux[0][5][6]$a$4763
      New ports: A={ 2'00 $memory$auto$proc_rom.cc:155:do_switch$160$rdmux[0][6][12]$a$4877 [0] $memory$auto$proc_rom.cc:155:do_switch$160$rdmux[0][6][12]$a$4877 [0] }, B={ $memory$auto$proc_rom.cc:155:do_switch$160$rdmux[0][6][12]$b$4878 [0] $memory$auto$proc_rom.cc:155:do_switch$160$rdmux[0][6][12]$b$4878 [1] $memory$auto$proc_rom.cc:155:do_switch$160$rdmux[0][6][12]$b$4878 [1:0] }, Y=$memory$auto$proc_rom.cc:155:do_switch$160$rdmux[0][5][6]$a$4763 [3:0]
      New connections: $memory$auto$proc_rom.cc:155:do_switch$160$rdmux[0][5][6]$a$4763 [9:4] = 6'000000
    Consolidated identical input bits for $mux cell $memory$auto$proc_rom.cc:155:do_switch$160$rdmux[0][6][11]$4873:
      Old ports: A=$memory$auto$proc_rom.cc:155:do_switch$160$rdmux[0][6][11]$a$4874, B=$memory$auto$proc_rom.cc:155:do_switch$160$rdmux[0][6][11]$b$4875, Y=$memory$auto$proc_rom.cc:155:do_switch$160$rdmux[0][5][5]$b$4761
      New ports: A={ 1'1 $memory$auto$proc_rom.cc:155:do_switch$160$rdmux[0][6][11]$a$4874 [3:2] }, B={ $memory$auto$proc_rom.cc:155:do_switch$160$rdmux[0][6][11]$b$4875 [4:3] 1'0 }, Y=$memory$auto$proc_rom.cc:155:do_switch$160$rdmux[0][5][5]$b$4761 [4:2]
      New connections: { $memory$auto$proc_rom.cc:155:do_switch$160$rdmux[0][5][5]$b$4761 [9:5] $memory$auto$proc_rom.cc:155:do_switch$160$rdmux[0][5][5]$b$4761 [1:0] } = 7'1111100
    Consolidated identical input bits for $mux cell $memory$auto$proc_rom.cc:155:do_switch$160$rdmux[0][6][10]$4870:
      Old ports: A=$memory$auto$proc_rom.cc:155:do_switch$160$rdmux[0][6][10]$a$4871, B=$memory$auto$proc_rom.cc:155:do_switch$160$rdmux[0][6][10]$b$4872, Y=$memory$auto$proc_rom.cc:155:do_switch$160$rdmux[0][5][5]$a$4760
      New ports: A={ $memory$auto$proc_rom.cc:155:do_switch$160$rdmux[0][6][10]$a$4871 [1] $memory$auto$proc_rom.cc:155:do_switch$160$rdmux[0][6][10]$a$4871 [1] $memory$auto$proc_rom.cc:155:do_switch$160$rdmux[0][6][10]$a$4871 [1] }, B={ 1'1 $memory$auto$proc_rom.cc:155:do_switch$160$rdmux[0][6][10]$b$4872 [2:1] }, Y=$memory$auto$proc_rom.cc:155:do_switch$160$rdmux[0][5][5]$a$4760 [3:1]
      New connections: { $memory$auto$proc_rom.cc:155:do_switch$160$rdmux[0][5][5]$a$4760 [9:4] $memory$auto$proc_rom.cc:155:do_switch$160$rdmux[0][5][5]$a$4760 [0] } = { $memory$auto$proc_rom.cc:155:do_switch$160$rdmux[0][5][5]$a$4760 [3] $memory$auto$proc_rom.cc:155:do_switch$160$rdmux[0][5][5]$a$4760 [3] $memory$auto$proc_rom.cc:155:do_switch$160$rdmux[0][5][5]$a$4760 [3] $memory$auto$proc_rom.cc:155:do_switch$160$rdmux[0][5][5]$a$4760 [3] $memory$auto$proc_rom.cc:155:do_switch$160$rdmux[0][5][5]$a$4760 [3] $memory$auto$proc_rom.cc:155:do_switch$160$rdmux[0][5][5]$a$4760 [3] 1'0 }
    Consolidated identical input bits for $mux cell $memory$auto$proc_rom.cc:155:do_switch$160$rdmux[0][6][9]$4867:
      Old ports: A=$memory$auto$proc_rom.cc:155:do_switch$160$rdmux[0][6][9]$a$4868, B=$memory$auto$proc_rom.cc:155:do_switch$160$rdmux[0][6][9]$b$4869, Y=$memory$auto$proc_rom.cc:155:do_switch$160$rdmux[0][5][4]$b$4758
      New ports: A={ 2'01 $memory$auto$proc_rom.cc:155:do_switch$160$rdmux[0][6][9]$a$4868 [2] }, B={ 1'1 $memory$auto$proc_rom.cc:155:do_switch$160$rdmux[0][6][9]$b$4869 [3] 1'0 }, Y=$memory$auto$proc_rom.cc:155:do_switch$160$rdmux[0][5][4]$b$4758 [4:2]
      New connections: { $memory$auto$proc_rom.cc:155:do_switch$160$rdmux[0][5][4]$b$4758 [9:5] $memory$auto$proc_rom.cc:155:do_switch$160$rdmux[0][5][4]$b$4758 [1:0] } = 7'0000000
    Consolidated identical input bits for $mux cell $memory$auto$proc_rom.cc:155:do_switch$160$rdmux[0][6][8]$4864:
      Old ports: A=$memory$auto$proc_rom.cc:155:do_switch$160$rdmux[0][6][8]$a$4865, B=$memory$auto$proc_rom.cc:155:do_switch$160$rdmux[0][6][8]$b$4866, Y=$memory$auto$proc_rom.cc:155:do_switch$160$rdmux[0][5][4]$a$4757
      New ports: A={ 1'0 $memory$auto$proc_rom.cc:155:do_switch$160$rdmux[0][6][8]$a$4865 [1] }, B={ 1'1 $memory$auto$proc_rom.cc:155:do_switch$160$rdmux[0][6][8]$b$4866 [1] }, Y=$memory$auto$proc_rom.cc:155:do_switch$160$rdmux[0][5][4]$a$4757 [2:1]
      New connections: { $memory$auto$proc_rom.cc:155:do_switch$160$rdmux[0][5][4]$a$4757 [9:3] $memory$auto$proc_rom.cc:155:do_switch$160$rdmux[0][5][4]$a$4757 [0] } = 8'00000000
    Consolidated identical input bits for $mux cell $memory$auto$proc_rom.cc:155:do_switch$160$rdmux[0][6][7]$4861:
      Old ports: A=$memory$auto$proc_rom.cc:155:do_switch$160$rdmux[0][6][7]$a$4862, B=$memory$auto$proc_rom.cc:155:do_switch$160$rdmux[0][6][7]$b$4863, Y=$memory$auto$proc_rom.cc:155:do_switch$160$rdmux[0][5][3]$b$4755
      New ports: A={ 1'1 $memory$auto$proc_rom.cc:155:do_switch$160$rdmux[0][6][7]$a$4862 [2:1] }, B={ $memory$auto$proc_rom.cc:155:do_switch$160$rdmux[0][6][7]$b$4863 [3:2] 1'0 }, Y=$memory$auto$proc_rom.cc:155:do_switch$160$rdmux[0][5][3]$b$4755 [3:1]
      New connections: { $memory$auto$proc_rom.cc:155:do_switch$160$rdmux[0][5][3]$b$4755 [9:4] $memory$auto$proc_rom.cc:155:do_switch$160$rdmux[0][5][3]$b$4755 [0] } = 7'1111110
    Consolidated identical input bits for $mux cell $memory$auto$proc_rom.cc:155:do_switch$160$rdmux[0][6][6]$4858:
      Old ports: A=$memory$auto$proc_rom.cc:155:do_switch$160$rdmux[0][6][6]$a$4859, B=$memory$auto$proc_rom.cc:155:do_switch$160$rdmux[0][6][6]$b$4860, Y=$memory$auto$proc_rom.cc:155:do_switch$160$rdmux[0][5][3]$a$4754
      New ports: A={ $memory$auto$proc_rom.cc:155:do_switch$160$rdmux[0][6][6]$a$4859 [0] $memory$auto$proc_rom.cc:155:do_switch$160$rdmux[0][6][6]$a$4859 [0] $memory$auto$proc_rom.cc:155:do_switch$160$rdmux[0][6][6]$a$4859 [0] }, B={ 1'1 $memory$auto$proc_rom.cc:155:do_switch$160$rdmux[0][6][6]$b$4860 [1:0] }, Y=$memory$auto$proc_rom.cc:155:do_switch$160$rdmux[0][5][3]$a$4754 [2:0]
      New connections: $memory$auto$proc_rom.cc:155:do_switch$160$rdmux[0][5][3]$a$4754 [9:3] = { $memory$auto$proc_rom.cc:155:do_switch$160$rdmux[0][5][3]$a$4754 [2] $memory$auto$proc_rom.cc:155:do_switch$160$rdmux[0][5][3]$a$4754 [2] $memory$auto$proc_rom.cc:155:do_switch$160$rdmux[0][5][3]$a$4754 [2] $memory$auto$proc_rom.cc:155:do_switch$160$rdmux[0][5][3]$a$4754 [2] $memory$auto$proc_rom.cc:155:do_switch$160$rdmux[0][5][3]$a$4754 [2] $memory$auto$proc_rom.cc:155:do_switch$160$rdmux[0][5][3]$a$4754 [2] $memory$auto$proc_rom.cc:155:do_switch$160$rdmux[0][5][3]$a$4754 [2] }
    Consolidated identical input bits for $mux cell $memory$auto$proc_rom.cc:155:do_switch$160$rdmux[0][6][5]$4855:
      Old ports: A=$memory$auto$proc_rom.cc:155:do_switch$160$rdmux[0][6][5]$a$4856, B=$memory$auto$proc_rom.cc:155:do_switch$160$rdmux[0][6][5]$b$4857, Y=$memory$auto$proc_rom.cc:155:do_switch$160$rdmux[0][5][2]$b$4752
      New ports: A={ 2'01 $memory$auto$proc_rom.cc:155:do_switch$160$rdmux[0][6][5]$a$4856 [1] }, B={ 1'1 $memory$auto$proc_rom.cc:155:do_switch$160$rdmux[0][6][5]$b$4857 [2] 1'0 }, Y=$memory$auto$proc_rom.cc:155:do_switch$160$rdmux[0][5][2]$b$4752 [3:1]
      New connections: { $memory$auto$proc_rom.cc:155:do_switch$160$rdmux[0][5][2]$b$4752 [9:4] $memory$auto$proc_rom.cc:155:do_switch$160$rdmux[0][5][2]$b$4752 [0] } = 7'0000000
    Consolidated identical input bits for $mux cell $memory$auto$proc_rom.cc:155:do_switch$160$rdmux[0][6][4]$4852:
      Old ports: A=$memory$auto$proc_rom.cc:155:do_switch$160$rdmux[0][6][4]$a$4853, B=$memory$auto$proc_rom.cc:155:do_switch$160$rdmux[0][6][4]$b$4854, Y=$memory$auto$proc_rom.cc:155:do_switch$160$rdmux[0][5][2]$a$4751
      New ports: A={ 1'0 $memory$auto$proc_rom.cc:155:do_switch$160$rdmux[0][6][4]$a$4853 [0] }, B={ 1'1 $memory$auto$proc_rom.cc:155:do_switch$160$rdmux[0][6][4]$b$4854 [0] }, Y=$memory$auto$proc_rom.cc:155:do_switch$160$rdmux[0][5][2]$a$4751 [1:0]
      New connections: $memory$auto$proc_rom.cc:155:do_switch$160$rdmux[0][5][2]$a$4751 [9:2] = 8'00000000
    Consolidated identical input bits for $mux cell $procmux$314:
      Old ports: A=$50\quant_scaled$func$/home/b10507053/ALS_Final_Project/student/work/ex250_ex254_frontend_fp4_dot_fma_semantic_20260608_2105/ex250/verilog/ex250_semantic_fp4_dot2_prodtable_qrange.v:366$10.$result[6:0]$154, B=5'01000, Y=$49\quant_scaled$func$/home/b10507053/ALS_Final_Project/student/work/ex250_ex254_frontend_fp4_dot_fma_semantic_20260608_2105/ex250/verilog/ex250_semantic_fp4_dot2_prodtable_qrange.v:366$10.$result[6:0]$152
      New ports: A=$50\quant_scaled$func$/home/b10507053/ALS_Final_Project/student/work/ex250_ex254_frontend_fp4_dot_fma_semantic_20260608_2105/ex250/verilog/ex250_semantic_fp4_dot2_prodtable_qrange.v:366$10.$result[6:0]$154 [1:0], B=2'00, Y=$49\quant_scaled$func$/home/b10507053/ALS_Final_Project/student/work/ex250_ex254_frontend_fp4_dot_fma_semantic_20260608_2105/ex250/verilog/ex250_semantic_fp4_dot2_prodtable_qrange.v:366$10.$result[6:0]$152 [1:0]
      New connections: $49\quant_scaled$func$/home/b10507053/ALS_Final_Project/student/work/ex250_ex254_frontend_fp4_dot_fma_semantic_20260608_2105/ex250/verilog/ex250_semantic_fp4_dot2_prodtable_qrange.v:366$10.$result[6:0]$152 [4:2] = { $49\quant_scaled$func$/home/b10507053/ALS_Final_Project/student/work/ex250_ex254_frontend_fp4_dot_fma_semantic_20260608_2105/ex250/verilog/ex250_semantic_fp4_dot2_prodtable_qrange.v:366$10.$result[6:0]$152 [1] 1'1 $49\quant_scaled$func$/home/b10507053/ALS_Final_Project/student/work/ex250_ex254_frontend_fp4_dot_fma_semantic_20260608_2105/ex250/verilog/ex250_semantic_fp4_dot2_prodtable_qrange.v:366$10.$result[6:0]$152 [1] }
  Optimizing cells in module \ex250_semantic_fp4_dot2_prodtable_qrange.
    Consolidated identical input bits for $mux cell $memory$auto$proc_rom.cc:155:do_switch$156$rdmux[0][5][31]$5602:
      Old ports: A=$memory$auto$proc_rom.cc:155:do_switch$156$rdmux[0][5][31]$a$5603, B=$memory$auto$proc_rom.cc:155:do_switch$156$rdmux[0][5][31]$b$5604, Y=$memory$auto$proc_rom.cc:155:do_switch$156$rdmux[0][4][15]$b$5508
      New ports: A={ 2'00 $memory$auto$proc_rom.cc:155:do_switch$156$rdmux[0][5][31]$a$5603 [5:2] }, B={ $memory$auto$proc_rom.cc:155:do_switch$156$rdmux[0][5][31]$b$5604 [7:3] 1'0 }, Y=$memory$auto$proc_rom.cc:155:do_switch$156$rdmux[0][4][15]$b$5508 [7:2]
      New connections: { $memory$auto$proc_rom.cc:155:do_switch$156$rdmux[0][4][15]$b$5508 [9:8] $memory$auto$proc_rom.cc:155:do_switch$156$rdmux[0][4][15]$b$5508 [1:0] } = 4'0000
    Consolidated identical input bits for $mux cell $memory$auto$proc_rom.cc:155:do_switch$156$rdmux[0][5][30]$5599:
      Old ports: A=$memory$auto$proc_rom.cc:155:do_switch$156$rdmux[0][5][30]$a$5600, B=$memory$auto$proc_rom.cc:155:do_switch$156$rdmux[0][5][30]$b$5601, Y=$memory$auto$proc_rom.cc:155:do_switch$156$rdmux[0][4][15]$a$5507
      New ports: A={ $memory$auto$proc_rom.cc:155:do_switch$156$rdmux[0][5][30]$a$5600 [6] $memory$auto$proc_rom.cc:155:do_switch$156$rdmux[0][5][30]$a$5600 [6] $memory$auto$proc_rom.cc:155:do_switch$156$rdmux[0][5][30]$a$5600 [6:5] $memory$auto$proc_rom.cc:155:do_switch$156$rdmux[0][5][30]$a$5600 [2] $memory$auto$proc_rom.cc:155:do_switch$156$rdmux[0][5][30]$a$5600 [3:2] }, B={ 1'1 $memory$auto$proc_rom.cc:155:do_switch$156$rdmux[0][5][30]$b$5601 [7:3] 1'0 }, Y=$memory$auto$proc_rom.cc:155:do_switch$156$rdmux[0][4][15]$a$5507 [8:2]
      New connections: { $memory$auto$proc_rom.cc:155:do_switch$156$rdmux[0][4][15]$a$5507 [9] $memory$auto$proc_rom.cc:155:do_switch$156$rdmux[0][4][15]$a$5507 [1:0] } = { $memory$auto$proc_rom.cc:155:do_switch$156$rdmux[0][4][15]$a$5507 [8] 2'00 }
    Consolidated identical input bits for $mux cell $memory$auto$proc_rom.cc:155:do_switch$156$rdmux[0][5][29]$5596:
      Old ports: A=$memory$auto$proc_rom.cc:155:do_switch$156$rdmux[0][5][29]$a$5597, B=$memory$auto$proc_rom.cc:155:do_switch$156$rdmux[0][5][29]$b$5598, Y=$memory$auto$proc_rom.cc:155:do_switch$156$rdmux[0][4][14]$b$5505
      New ports: A={ 2'00 $memory$auto$proc_rom.cc:155:do_switch$156$rdmux[0][5][29]$a$5597 [4:3] }, B={ $memory$auto$proc_rom.cc:155:do_switch$156$rdmux[0][5][29]$b$5598 [6:4] 1'0 }, Y=$memory$auto$proc_rom.cc:155:do_switch$156$rdmux[0][4][14]$b$5505 [6:3]
      New connections: { $memory$auto$proc_rom.cc:155:do_switch$156$rdmux[0][4][14]$b$5505 [9:7] $memory$auto$proc_rom.cc:155:do_switch$156$rdmux[0][4][14]$b$5505 [2:0] } = 6'000000
    Consolidated identical input bits for $mux cell $memory$auto$proc_rom.cc:155:do_switch$156$rdmux[0][5][28]$5593:
      Old ports: A=$memory$auto$proc_rom.cc:155:do_switch$156$rdmux[0][5][28]$a$5594, B=$memory$auto$proc_rom.cc:155:do_switch$156$rdmux[0][5][28]$b$5595, Y=$memory$auto$proc_rom.cc:155:do_switch$156$rdmux[0][4][14]$a$5504
      New ports: A={ $memory$auto$proc_rom.cc:155:do_switch$156$rdmux[0][5][28]$a$5594 [5] $memory$auto$proc_rom.cc:155:do_switch$156$rdmux[0][5][28]$a$5594 [5] $memory$auto$proc_rom.cc:155:do_switch$156$rdmux[0][5][28]$a$5594 [5:3] }, B={ 1'1 $memory$auto$proc_rom.cc:155:do_switch$156$rdmux[0][5][28]$b$5595 [6:4] 1'0 }, Y=$memory$auto$proc_rom.cc:155:do_switch$156$rdmux[0][4][14]$a$5504 [7:3]
      New connections: { $memory$auto$proc_rom.cc:155:do_switch$156$rdmux[0][4][14]$a$5504 [9:8] $memory$auto$proc_rom.cc:155:do_switch$156$rdmux[0][4][14]$a$5504 [2:0] } = { $memory$auto$proc_rom.cc:155:do_switch$156$rdmux[0][4][14]$a$5504 [7] $memory$auto$proc_rom.cc:155:do_switch$156$rdmux[0][4][14]$a$5504 [7] 3'000 }
    Consolidated identical input bits for $mux cell $memory$auto$proc_rom.cc:155:do_switch$156$rdmux[0][5][27]$5590:
      Old ports: A=$memory$auto$proc_rom.cc:155:do_switch$156$rdmux[0][5][27]$a$5591, B=$memory$auto$proc_rom.cc:155:do_switch$156$rdmux[0][5][27]$b$5592, Y=$memory$auto$proc_rom.cc:155:do_switch$156$rdmux[0][4][13]$b$5502
      New ports: A={ 2'00 $memory$auto$proc_rom.cc:155:do_switch$156$rdmux[0][5][27]$a$5591 [4:1] }, B={ $memory$auto$proc_rom.cc:155:do_switch$156$rdmux[0][5][27]$b$5592 [6:2] 1'0 }, Y=$memory$auto$proc_rom.cc:155:do_switch$156$rdmux[0][4][13]$b$5502 [6:1]
      New connections: { $memory$auto$proc_rom.cc:155:do_switch$156$rdmux[0][4][13]$b$5502 [9:7] $memory$auto$proc_rom.cc:155:do_switch$156$rdmux[0][4][13]$b$5502 [0] } = 4'0000
    Consolidated identical input bits for $mux cell $memory$auto$proc_rom.cc:155:do_switch$156$rdmux[0][5][26]$5587:
      Old ports: A=$memory$auto$proc_rom.cc:155:do_switch$156$rdmux[0][5][26]$a$5588, B=$memory$auto$proc_rom.cc:155:do_switch$156$rdmux[0][5][26]$b$5589, Y=$memory$auto$proc_rom.cc:155:do_switch$156$rdmux[0][4][13]$a$5501
      New ports: A={ $memory$auto$proc_rom.cc:155:do_switch$156$rdmux[0][5][26]$a$5588 [5] $memory$auto$proc_rom.cc:155:do_switch$156$rdmux[0][5][26]$a$5588 [5] $memory$auto$proc_rom.cc:155:do_switch$156$rdmux[0][5][26]$a$5588 [5:4] $memory$auto$proc_rom.cc:155:do_switch$156$rdmux[0][5][26]$a$5588 [1] $memory$auto$proc_rom.cc:155:do_switch$156$rdmux[0][5][26]$a$5588 [2:1] }, B={ 1'1 $memory$auto$proc_rom.cc:155:do_switch$156$rdmux[0][5][26]$b$5589 [6:2] 1'0 }, Y=$memory$auto$proc_rom.cc:155:do_switch$156$rdmux[0][4][13]$a$5501 [7:1]
      New connections: { $memory$auto$proc_rom.cc:155:do_switch$156$rdmux[0][4][13]$a$5501 [9:8] $memory$auto$proc_rom.cc:155:do_switch$156$rdmux[0][4][13]$a$5501 [0] } = { $memory$auto$proc_rom.cc:155:do_switch$156$rdmux[0][4][13]$a$5501 [7] $memory$auto$proc_rom.cc:155:do_switch$156$rdmux[0][4][13]$a$5501 [7] 1'0 }
    Consolidated identical input bits for $mux cell $memory$auto$proc_rom.cc:155:do_switch$156$rdmux[0][5][25]$5584:
      Old ports: A=$memory$auto$proc_rom.cc:155:do_switch$156$rdmux[0][5][25]$a$5585, B=$memory$auto$proc_rom.cc:155:do_switch$156$rdmux[0][5][25]$b$5586, Y=$memory$auto$proc_rom.cc:155:do_switch$156$rdmux[0][4][12]$b$5499
      New ports: A={ 2'00 $memory$auto$proc_rom.cc:155:do_switch$156$rdmux[0][5][25]$a$5585 [3:2] }, B={ $memory$auto$proc_rom.cc:155:do_switch$156$rdmux[0][5][25]$b$5586 [5:3] 1'0 }, Y=$memory$auto$proc_rom.cc:155:do_switch$156$rdmux[0][4][12]$b$5499 [5:2]
      New connections: { $memory$auto$proc_rom.cc:155:do_switch$156$rdmux[0][4][12]$b$5499 [9:6] $memory$auto$proc_rom.cc:155:do_switch$156$rdmux[0][4][12]$b$5499 [1:0] } = 6'000000
    Consolidated identical input bits for $mux cell $memory$auto$proc_rom.cc:155:do_switch$156$rdmux[0][5][24]$5581:
      Old ports: A=$memory$auto$proc_rom.cc:155:do_switch$156$rdmux[0][5][24]$a$5582, B=$memory$auto$proc_rom.cc:155:do_switch$156$rdmux[0][5][24]$b$5583, Y=$memory$auto$proc_rom.cc:155:do_switch$156$rdmux[0][4][12]$a$5498
      New ports: A={ $memory$auto$proc_rom.cc:155:do_switch$156$rdmux[0][5][24]$a$5582 [4] $memory$auto$proc_rom.cc:155:do_switch$156$rdmux[0][5][24]$a$5582 [4] $memory$auto$proc_rom.cc:155:do_switch$156$rdmux[0][5][24]$a$5582 [4:2] }, B={ 1'1 $memory$auto$proc_rom.cc:155:do_switch$156$rdmux[0][5][24]$b$5583 [5:3] 1'0 }, Y=$memory$auto$proc_rom.cc:155:do_switch$156$rdmux[0][4][12]$a$5498 [6:2]
      New connections: { $memory$auto$proc_rom.cc:155:do_switch$156$rdmux[0][4][12]$a$5498 [9:7] $memory$auto$proc_rom.cc:155:do_switch$156$rdmux[0][4][12]$a$5498 [1:0] } = { $memory$auto$proc_rom.cc:155:do_switch$156$rdmux[0][4][12]$a$5498 [6] $memory$auto$proc_rom.cc:155:do_switch$156$rdmux[0][4][12]$a$5498 [6] $memory$auto$proc_rom.cc:155:do_switch$156$rdmux[0][4][12]$a$5498 [6] 2'00 }
    Consolidated identical input bits for $mux cell $memory$auto$proc_rom.cc:155:do_switch$156$rdmux[0][5][23]$5578:
      Old ports: A=$memory$auto$proc_rom.cc:155:do_switch$156$rdmux[0][5][23]$a$5579, B=$memory$auto$proc_rom.cc:155:do_switch$156$rdmux[0][5][23]$b$5580, Y=$memory$auto$proc_rom.cc:155:do_switch$156$rdmux[0][4][11]$b$5496
      New ports: A={ 2'00 $memory$auto$proc_rom.cc:155:do_switch$156$rdmux[0][5][23]$a$5579 [3:0] }, B={ $memory$auto$proc_rom.cc:155:do_switch$156$rdmux[0][5][23]$b$5580 [5:1] 1'0 }, Y=$memory$auto$proc_rom.cc:155:do_switch$156$rdmux[0][4][11]$b$5496 [5:0]
      New connections: $memory$auto$proc_rom.cc:155:do_switch$156$rdmux[0][4][11]$b$5496 [9:6] = 4'0000
    Consolidated identical input bits for $mux cell $memory$auto$proc_rom.cc:155:do_switch$156$rdmux[0][5][22]$5575:
      Old ports: A=$memory$auto$proc_rom.cc:155:do_switch$156$rdmux[0][5][22]$a$5576, B=$memory$auto$proc_rom.cc:155:do_switch$156$rdmux[0][5][22]$b$5577, Y=$memory$auto$proc_rom.cc:155:do_switch$156$rdmux[0][4][11]$a$5495
      New ports: A={ $memory$auto$proc_rom.cc:155:do_switch$156$rdmux[0][5][22]$a$5576 [4] $memory$auto$proc_rom.cc:155:do_switch$156$rdmux[0][5][22]$a$5576 [4] $memory$auto$proc_rom.cc:155:do_switch$156$rdmux[0][5][22]$a$5576 [4:3] $memory$auto$proc_rom.cc:155:do_switch$156$rdmux[0][5][22]$a$5576 [0] $memory$auto$proc_rom.cc:155:do_switch$156$rdmux[0][5][22]$a$5576 [1:0] }, B={ 1'1 $memory$auto$proc_rom.cc:155:do_switch$156$rdmux[0][5][22]$b$5577 [5:1] 1'0 }, Y=$memory$auto$proc_rom.cc:155:do_switch$156$rdmux[0][4][11]$a$5495 [6:0]
      New connections: $memory$auto$proc_rom.cc:155:do_switch$156$rdmux[0][4][11]$a$5495 [9:7] = { $memory$auto$proc_rom.cc:155:do_switch$156$rdmux[0][4][11]$a$5495 [6] $memory$auto$proc_rom.cc:155:do_switch$156$rdmux[0][4][11]$a$5495 [6] $memory$auto$proc_rom.cc:155:do_switch$156$rdmux[0][4][11]$a$5495 [6] }
    Consolidated identical input bits for $mux cell $memory$auto$proc_rom.cc:155:do_switch$156$rdmux[0][5][21]$5572:
      Old ports: A=$memory$auto$proc_rom.cc:155:do_switch$156$rdmux[0][5][21]$a$5573, B=$memory$auto$proc_rom.cc:155:do_switch$156$rdmux[0][5][21]$b$5574, Y=$memory$auto$proc_rom.cc:155:do_switch$156$rdmux[0][4][10]$b$5493
      New ports: A={ 2'00 $memory$auto$proc_rom.cc:155:do_switch$156$rdmux[0][5][21]$a$5573 [2:1] }, B={ $memory$auto$proc_rom.cc:155:do_switch$156$rdmux[0][5][21]$b$5574 [4:2] 1'0 }, Y=$memory$auto$proc_rom.cc:155:do_switch$156$rdmux[0][4][10]$b$5493 [4:1]
      New connections: { $memory$auto$proc_rom.cc:155:do_switch$156$rdmux[0][4][10]$b$5493 [9:5] $memory$auto$proc_rom.cc:155:do_switch$156$rdmux[0][4][10]$b$5493 [0] } = 6'000000
    Consolidated identical input bits for $mux cell $memory$auto$proc_rom.cc:155:do_switch$156$rdmux[0][5][20]$5569:
      Old ports: A=$memory$auto$proc_rom.cc:155:do_switch$156$rdmux[0][5][20]$a$5570, B=$memory$auto$proc_rom.cc:155:do_switch$156$rdmux[0][5][20]$b$5571, Y=$memory$auto$proc_rom.cc:155:do_switch$156$rdmux[0][4][10]$a$5492
      New ports: A={ $memory$auto$proc_rom.cc:155:do_switch$156$rdmux[0][5][20]$a$5570 [3] $memory$auto$proc_rom.cc:155:do_switch$156$rdmux[0][5][20]$a$5570 [3] $memory$auto$proc_rom.cc:155:do_switch$156$rdmux[0][5][20]$a$5570 [3:1] }, B={ 1'1 $memory$auto$proc_rom.cc:155:do_switch$156$rdmux[0][5][20]$b$5571 [4:2] 1'0 }, Y=$memory$auto$proc_rom.cc:155:do_switch$156$rdmux[0][4][10]$a$5492 [5:1]
      New connections: { $memory$auto$proc_rom.cc:155:do_switch$156$rdmux[0][4][10]$a$5492 [9:6] $memory$auto$proc_rom.cc:155:do_switch$156$rdmux[0][4][10]$a$5492 [0] } = { $memory$auto$proc_rom.cc:155:do_switch$156$rdmux[0][4][10]$a$5492 [5] $memory$auto$proc_rom.cc:155:do_switch$156$rdmux[0][4][10]$a$5492 [5] $memory$auto$proc_rom.cc:155:do_switch$156$rdmux[0][4][10]$a$5492 [5] $memory$auto$proc_rom.cc:155:do_switch$156$rdmux[0][4][10]$a$5492 [5] 1'0 }
    Consolidated identical input bits for $mux cell $memory$auto$proc_rom.cc:155:do_switch$156$rdmux[0][5][19]$5566:
      Old ports: A=$memory$auto$proc_rom.cc:155:do_switch$156$rdmux[0][5][19]$a$5567, B=$memory$auto$proc_rom.cc:155:do_switch$156$rdmux[0][5][19]$b$5568, Y=$memory$auto$proc_rom.cc:155:do_switch$156$rdmux[0][4][9]$b$5490
      New ports: A={ 2'00 $memory$auto$proc_rom.cc:155:do_switch$156$rdmux[0][5][19]$a$5567 [1:0] }, B={ $memory$auto$proc_rom.cc:155:do_switch$156$rdmux[0][5][19]$b$5568 [3:1] 1'0 }, Y=$memory$auto$proc_rom.cc:155:do_switch$156$rdmux[0][4][9]$b$5490 [3:0]
      New connections: $memory$auto$proc_rom.cc:155:do_switch$156$rdmux[0][4][9]$b$5490 [9:4] = 6'000000
    Consolidated identical input bits for $mux cell $memory$auto$proc_rom.cc:155:do_switch$156$rdmux[0][5][18]$5563:
      Old ports: A=$memory$auto$proc_rom.cc:155:do_switch$156$rdmux[0][5][18]$a$5564, B=$memory$auto$proc_rom.cc:155:do_switch$156$rdmux[0][5][18]$b$5565, Y=$memory$auto$proc_rom.cc:155:do_switch$156$rdmux[0][4][9]$a$5489
      New ports: A={ $memory$auto$proc_rom.cc:155:do_switch$156$rdmux[0][5][18]$a$5564 [2] $memory$auto$proc_rom.cc:155:do_switch$156$rdmux[0][5][18]$a$5564 [2] $memory$auto$proc_rom.cc:155:do_switch$156$rdmux[0][5][18]$a$5564 [2:0] }, B={ 1'1 $memory$auto$proc_rom.cc:155:do_switch$156$rdmux[0][5][18]$b$5565 [3:1] 1'0 }, Y=$memory$auto$proc_rom.cc:155:do_switch$156$rdmux[0][4][9]$a$5489 [4:0]
      New connections: $memory$auto$proc_rom.cc:155:do_switch$156$rdmux[0][4][9]$a$5489 [9:5] = { $memory$auto$proc_rom.cc:155:do_switch$156$rdmux[0][4][9]$a$5489 [4] $memory$auto$proc_rom.cc:155:do_switch$156$rdmux[0][4][9]$a$5489 [4] $memory$auto$proc_rom.cc:155:do_switch$156$rdmux[0][4][9]$a$5489 [4] $memory$auto$proc_rom.cc:155:do_switch$156$rdmux[0][4][9]$a$5489 [4] $memory$auto$proc_rom.cc:155:do_switch$156$rdmux[0][4][9]$a$5489 [4] }
    Consolidated identical input bits for $mux cell $memory$auto$proc_rom.cc:155:do_switch$156$rdmux[0][5][15]$5554:
      Old ports: A=$memory$auto$proc_rom.cc:155:do_switch$156$rdmux[0][5][15]$a$5555, B=$memory$auto$proc_rom.cc:155:do_switch$156$rdmux[0][5][15]$b$5556, Y=$memory$auto$proc_rom.cc:155:do_switch$156$rdmux[0][4][7]$b$5484
      New ports: A={ $memory$auto$proc_rom.cc:155:do_switch$156$rdmux[0][5][15]$a$5555 [6] $memory$auto$proc_rom.cc:155:do_switch$156$rdmux[0][5][15]$a$5555 [6] $memory$auto$proc_rom.cc:155:do_switch$156$rdmux[0][5][15]$a$5555 [6:5] $memory$auto$proc_rom.cc:155:do_switch$156$rdmux[0][5][15]$a$5555 [2] $memory$auto$proc_rom.cc:155:do_switch$156$rdmux[0][5][15]$a$5555 [3:2] }, B={ 1'1 $memory$auto$proc_rom.cc:155:do_switch$156$rdmux[0][5][15]$b$5556 [7:3] 1'0 }, Y=$memory$auto$proc_rom.cc:155:do_switch$156$rdmux[0][4][7]$b$5484 [8:2]
      New connections: { $memory$auto$proc_rom.cc:155:do_switch$156$rdmux[0][4][7]$b$5484 [9] $memory$auto$proc_rom.cc:155:do_switch$156$rdmux[0][4][7]$b$5484 [1:0] } = { $memory$auto$proc_rom.cc:155:do_switch$156$rdmux[0][4][7]$b$5484 [8] 2'00 }
    Consolidated identical input bits for $mux cell $memory$auto$proc_rom.cc:155:do_switch$156$rdmux[0][5][14]$5551:
      Old ports: A=$memory$auto$proc_rom.cc:155:do_switch$156$rdmux[0][5][14]$a$5552, B=$memory$auto$proc_rom.cc:155:do_switch$156$rdmux[0][5][14]$b$5553, Y=$memory$auto$proc_rom.cc:155:do_switch$156$rdmux[0][4][7]$a$5483
      New ports: A={ 2'00 $memory$auto$proc_rom.cc:155:do_switch$156$rdmux[0][5][14]$a$5552 [5:2] }, B={ $memory$auto$proc_rom.cc:155:do_switch$156$rdmux[0][5][14]$b$5553 [7:3] 1'0 }, Y=$memory$auto$proc_rom.cc:155:do_switch$156$rdmux[0][4][7]$a$5483 [7:2]
      New connections: { $memory$auto$proc_rom.cc:155:do_switch$156$rdmux[0][4][7]$a$5483 [9:8] $memory$auto$proc_rom.cc:155:do_switch$156$rdmux[0][4][7]$a$5483 [1:0] } = 4'0000
    Consolidated identical input bits for $mux cell $memory$auto$proc_rom.cc:155:do_switch$156$rdmux[0][5][13]$5548:
      Old ports: A=$memory$auto$proc_rom.cc:155:do_switch$156$rdmux[0][5][13]$a$5549, B=$memory$auto$proc_rom.cc:155:do_switch$156$rdmux[0][5][13]$b$5550, Y=$memory$auto$proc_rom.cc:155:do_switch$156$rdmux[0][4][6]$b$5481
      New ports: A={ $memory$auto$proc_rom.cc:155:do_switch$156$rdmux[0][5][13]$a$5549 [5] $memory$auto$proc_rom.cc:155:do_switch$156$rdmux[0][5][13]$a$5549 [5] $memory$auto$proc_rom.cc:155:do_switch$156$rdmux[0][5][13]$a$5549 [5:3] }, B={ 1'1 $memory$auto$proc_rom.cc:155:do_switch$156$rdmux[0][5][13]$b$5550 [6:4] 1'0 }, Y=$memory$auto$proc_rom.cc:155:do_switch$156$rdmux[0][4][6]$b$5481 [7:3]
      New connections: { $memory$auto$proc_rom.cc:155:do_switch$156$rdmux[0][4][6]$b$5481 [9:8] $memory$auto$proc_rom.cc:155:do_switch$156$rdmux[0][4][6]$b$5481 [2:0] } = { $memory$auto$proc_rom.cc:155:do_switch$156$rdmux[0][4][6]$b$5481 [7] $memory$auto$proc_rom.cc:155:do_switch$156$rdmux[0][4][6]$b$5481 [7] 3'000 }
    Consolidated identical input bits for $mux cell $memory$auto$proc_rom.cc:155:do_switch$156$rdmux[0][5][12]$5545:
      Old ports: A=$memory$auto$proc_rom.cc:155:do_switch$156$rdmux[0][5][12]$a$5546, B=$memory$auto$proc_rom.cc:155:do_switch$156$rdmux[0][5][12]$b$5547, Y=$memory$auto$proc_rom.cc:155:do_switch$156$rdmux[0][4][6]$a$5480
      New ports: A={ 2'00 $memory$auto$proc_rom.cc:155:do_switch$156$rdmux[0][5][12]$a$5546 [4:3] }, B={ $memory$auto$proc_rom.cc:155:do_switch$156$rdmux[0][5][12]$b$5547 [6:4] 1'0 }, Y=$memory$auto$proc_rom.cc:155:do_switch$156$rdmux[0][4][6]$a$5480 [6:3]
      New connections: { $memory$auto$proc_rom.cc:155:do_switch$156$rdmux[0][4][6]$a$5480 [9:7] $memory$auto$proc_rom.cc:155:do_switch$156$rdmux[0][4][6]$a$5480 [2:0] } = 6'000000
    Consolidated identical input bits for $mux cell $memory$auto$proc_rom.cc:155:do_switch$156$rdmux[0][5][11]$5542:
      Old ports: A=$memory$auto$proc_rom.cc:155:do_switch$156$rdmux[0][5][11]$a$5543, B=$memory$auto$proc_rom.cc:155:do_switch$156$rdmux[0][5][11]$b$5544, Y=$memory$auto$proc_rom.cc:155:do_switch$156$rdmux[0][4][5]$b$5478
      New ports: A={ $memory$auto$proc_rom.cc:155:do_switch$156$rdmux[0][5][11]$a$5543 [5] $memory$auto$proc_rom.cc:155:do_switch$156$rdmux[0][5][11]$a$5543 [5] $memory$auto$proc_rom.cc:155:do_switch$156$rdmux[0][5][11]$a$5543 [5:4] $memory$auto$proc_rom.cc:155:do_switch$156$rdmux[0][5][11]$a$5543 [1] $memory$auto$proc_rom.cc:155:do_switch$156$rdmux[0][5][11]$a$5543 [2:1] }, B={ 1'1 $memory$auto$proc_rom.cc:155:do_switch$156$rdmux[0][5][11]$b$5544 [6:2] 1'0 }, Y=$memory$auto$proc_rom.cc:155:do_switch$156$rdmux[0][4][5]$b$5478 [7:1]
      New connections: { $memory$auto$proc_rom.cc:155:do_switch$156$rdmux[0][4][5]$b$5478 [9:8] $memory$auto$proc_rom.cc:155:do_switch$156$rdmux[0][4][5]$b$5478 [0] } = { $memory$auto$proc_rom.cc:155:do_switch$156$rdmux[0][4][5]$b$5478 [7] $memory$auto$proc_rom.cc:155:do_switch$156$rdmux[0][4][5]$b$5478 [7] 1'0 }
    Consolidated identical input bits for $mux cell $memory$auto$proc_rom.cc:155:do_switch$156$rdmux[0][5][10]$5539:
      Old ports: A=$memory$auto$proc_rom.cc:155:do_switch$156$rdmux[0][5][10]$a$5540, B=$memory$auto$proc_rom.cc:155:do_switch$156$rdmux[0][5][10]$b$5541, Y=$memory$auto$proc_rom.cc:155:do_switch$156$rdmux[0][4][5]$a$5477
      New ports: A={ 2'00 $memory$auto$proc_rom.cc:155:do_switch$156$rdmux[0][5][10]$a$5540 [4:1] }, B={ $memory$auto$proc_rom.cc:155:do_switch$156$rdmux[0][5][10]$b$5541 [6:2] 1'0 }, Y=$memory$auto$proc_rom.cc:155:do_switch$156$rdmux[0][4][5]$a$5477 [6:1]
      New connections: { $memory$auto$proc_rom.cc:155:do_switch$156$rdmux[0][4][5]$a$5477 [9:7] $memory$auto$proc_rom.cc:155:do_switch$156$rdmux[0][4][5]$a$5477 [0] } = 4'0000
    Consolidated identical input bits for $mux cell $memory$auto$proc_rom.cc:155:do_switch$156$rdmux[0][5][9]$5536:
      Old ports: A=$memory$auto$proc_rom.cc:155:do_switch$156$rdmux[0][5][9]$a$5537, B=$memory$auto$proc_rom.cc:155:do_switch$156$rdmux[0][5][9]$b$5538, Y=$memory$auto$proc_rom.cc:155:do_switch$156$rdmux[0][4][4]$b$5475
      New ports: A={ $memory$auto$proc_rom.cc:155:do_switch$156$rdmux[0][5][9]$a$5537 [4] $memory$auto$proc_rom.cc:155:do_switch$156$rdmux[0][5][9]$a$5537 [4] $memory$auto$proc_rom.cc:155:do_switch$156$rdmux[0][5][9]$a$5537 [4:2] }, B={ 1'1 $memory$auto$proc_rom.cc:155:do_switch$156$rdmux[0][5][9]$b$5538 [5:3] 1'0 }, Y=$memory$auto$proc_rom.cc:155:do_switch$156$rdmux[0][4][4]$b$5475 [6:2]
      New connections: { $memory$auto$proc_rom.cc:155:do_switch$156$rdmux[0][4][4]$b$5475 [9:7] $memory$auto$proc_rom.cc:155:do_switch$156$rdmux[0][4][4]$b$5475 [1:0] } = { $memory$auto$proc_rom.cc:155:do_switch$156$rdmux[0][4][4]$b$5475 [6] $memory$auto$proc_rom.cc:155:do_switch$156$rdmux[0][4][4]$b$5475 [6] $memory$auto$proc_rom.cc:155:do_switch$156$rdmux[0][4][4]$b$5475 [6] 2'00 }
    Consolidated identical input bits for $mux cell $memory$auto$proc_rom.cc:155:do_switch$156$rdmux[0][5][8]$5533:
      Old ports: A=$memory$auto$proc_rom.cc:155:do_switch$156$rdmux[0][5][8]$a$5534, B=$memory$auto$proc_rom.cc:155:do_switch$156$rdmux[0][5][8]$b$5535, Y=$memory$auto$proc_rom.cc:155:do_switch$156$rdmux[0][4][4]$a$5474
      New ports: A={ 2'00 $memory$auto$proc_rom.cc:155:do_switch$156$rdmux[0][5][8]$a$5534 [3:2] }, B={ $memory$auto$proc_rom.cc:155:do_switch$156$rdmux[0][5][8]$b$5535 [5:3] 1'0 }, Y=$memory$auto$proc_rom.cc:155:do_switch$156$rdmux[0][4][4]$a$5474 [5:2]
      New connections: { $memory$auto$proc_rom.cc:155:do_switch$156$rdmux[0][4][4]$a$5474 [9:6] $memory$auto$proc_rom.cc:155:do_switch$156$rdmux[0][4][4]$a$5474 [1:0] } = 6'000000
    Consolidated identical input bits for $mux cell $memory$auto$proc_rom.cc:155:do_switch$156$rdmux[0][5][7]$5530:
      Old ports: A=$memory$auto$proc_rom.cc:155:do_switch$156$rdmux[0][5][7]$a$5531, B=$memory$auto$proc_rom.cc:155:do_switch$156$rdmux[0][5][7]$b$5532, Y=$memory$auto$proc_rom.cc:155:do_switch$156$rdmux[0][4][3]$b$5472
      New ports: A={ $memory$auto$proc_rom.cc:155:do_switch$156$rdmux[0][5][7]$a$5531 [4] $memory$auto$proc_rom.cc:155:do_switch$156$rdmux[0][5][7]$a$5531 [4] $memory$auto$proc_rom.cc:155:do_switch$156$rdmux[0][5][7]$a$5531 [4:3] $memory$auto$proc_rom.cc:155:do_switch$156$rdmux[0][5][7]$a$5531 [0] $memory$auto$proc_rom.cc:155:do_switch$156$rdmux[0][5][7]$a$5531 [1:0] }, B={ 1'1 $memory$auto$proc_rom.cc:155:do_switch$156$rdmux[0][5][7]$b$5532 [5:1] 1'0 }, Y=$memory$auto$proc_rom.cc:155:do_switch$156$rdmux[0][4][3]$b$5472 [6:0]
      New connections: $memory$auto$proc_rom.cc:155:do_switch$156$rdmux[0][4][3]$b$5472 [9:7] = { $memory$auto$proc_rom.cc:155:do_switch$156$rdmux[0][4][3]$b$5472 [6] $memory$auto$proc_rom.cc:155:do_switch$156$rdmux[0][4][3]$b$5472 [6] $memory$auto$proc_rom.cc:155:do_switch$156$rdmux[0][4][3]$b$5472 [6] }
    Consolidated identical input bits for $mux cell $memory$auto$proc_rom.cc:155:do_switch$156$rdmux[0][5][6]$5527:
      Old ports: A=$memory$auto$proc_rom.cc:155:do_switch$156$rdmux[0][5][6]$a$5528, B=$memory$auto$proc_rom.cc:155:do_switch$156$rdmux[0][5][6]$b$5529, Y=$memory$auto$proc_rom.cc:155:do_switch$156$rdmux[0][4][3]$a$5471
      New ports: A={ 2'00 $memory$auto$proc_rom.cc:155:do_switch$156$rdmux[0][5][6]$a$5528 [3:0] }, B={ $memory$auto$proc_rom.cc:155:do_switch$156$rdmux[0][5][6]$b$5529 [5:1] 1'0 }, Y=$memory$auto$proc_rom.cc:155:do_switch$156$rdmux[0][4][3]$a$5471 [5:0]
      New connections: $memory$auto$proc_rom.cc:155:do_switch$156$rdmux[0][4][3]$a$5471 [9:6] = 4'0000
    Consolidated identical input bits for $mux cell $memory$auto$proc_rom.cc:155:do_switch$156$rdmux[0][5][5]$5524:
      Old ports: A=$memory$auto$proc_rom.cc:155:do_switch$156$rdmux[0][5][5]$a$5525, B=$memory$auto$proc_rom.cc:155:do_switch$156$rdmux[0][5][5]$b$5526, Y=$memory$auto$proc_rom.cc:155:do_switch$156$rdmux[0][4][2]$b$5469
      New ports: A={ $memory$auto$proc_rom.cc:155:do_switch$156$rdmux[0][5][5]$a$5525 [3] $memory$auto$proc_rom.cc:155:do_switch$156$rdmux[0][5][5]$a$5525 [3] $memory$auto$proc_rom.cc:155:do_switch$156$rdmux[0][5][5]$a$5525 [3:1] }, B={ 1'1 $memory$auto$proc_rom.cc:155:do_switch$156$rdmux[0][5][5]$b$5526 [4:2] 1'0 }, Y=$memory$auto$proc_rom.cc:155:do_switch$156$rdmux[0][4][2]$b$5469 [5:1]
      New connections: { $memory$auto$proc_rom.cc:155:do_switch$156$rdmux[0][4][2]$b$5469 [9:6] $memory$auto$proc_rom.cc:155:do_switch$156$rdmux[0][4][2]$b$5469 [0] } = { $memory$auto$proc_rom.cc:155:do_switch$156$rdmux[0][4][2]$b$5469 [5] $memory$auto$proc_rom.cc:155:do_switch$156$rdmux[0][4][2]$b$5469 [5] $memory$auto$proc_rom.cc:155:do_switch$156$rdmux[0][4][2]$b$5469 [5] $memory$auto$proc_rom.cc:155:do_switch$156$rdmux[0][4][2]$b$5469 [5] 1'0 }
    Consolidated identical input bits for $mux cell $memory$auto$proc_rom.cc:155:do_switch$156$rdmux[0][5][4]$5521:
      Old ports: A=$memory$auto$proc_rom.cc:155:do_switch$156$rdmux[0][5][4]$a$5522, B=$memory$auto$proc_rom.cc:155:do_switch$156$rdmux[0][5][4]$b$5523, Y=$memory$auto$proc_rom.cc:155:do_switch$156$rdmux[0][4][2]$a$5468
      New ports: A={ 2'00 $memory$auto$proc_rom.cc:155:do_switch$156$rdmux[0][5][4]$a$5522 [2:1] }, B={ $memory$auto$proc_rom.cc:155:do_switch$156$rdmux[0][5][4]$b$5523 [4:2] 1'0 }, Y=$memory$auto$proc_rom.cc:155:do_switch$156$rdmux[0][4][2]$a$5468 [4:1]
      New connections: { $memory$auto$proc_rom.cc:155:do_switch$156$rdmux[0][4][2]$a$5468 [9:5] $memory$auto$proc_rom.cc:155:do_switch$156$rdmux[0][4][2]$a$5468 [0] } = 6'000000
    Consolidated identical input bits for $mux cell $memory$auto$proc_rom.cc:155:do_switch$156$rdmux[0][5][3]$5518:
      Old ports: A=$memory$auto$proc_rom.cc:155:do_switch$156$rdmux[0][5][3]$a$5519, B=$memory$auto$proc_rom.cc:155:do_switch$156$rdmux[0][5][3]$b$5520, Y=$memory$auto$proc_rom.cc:155:do_switch$156$rdmux[0][4][1]$b$5466
      New ports: A={ $memory$auto$proc_rom.cc:155:do_switch$156$rdmux[0][5][3]$a$5519 [2] $memory$auto$proc_rom.cc:155:do_switch$156$rdmux[0][5][3]$a$5519 [2] $memory$auto$proc_rom.cc:155:do_switch$156$rdmux[0][5][3]$a$5519 [2:0] }, B={ 1'1 $memory$auto$proc_rom.cc:155:do_switch$156$rdmux[0][5][3]$b$5520 [3:1] 1'0 }, Y=$memory$auto$proc_rom.cc:155:do_switch$156$rdmux[0][4][1]$b$5466 [4:0]
      New connections: $memory$auto$proc_rom.cc:155:do_switch$156$rdmux[0][4][1]$b$5466 [9:5] = { $memory$auto$proc_rom.cc:155:do_switch$156$rdmux[0][4][1]$b$5466 [4] $memory$auto$proc_rom.cc:155:do_switch$156$rdmux[0][4][1]$b$5466 [4] $memory$auto$proc_rom.cc:155:do_switch$156$rdmux[0][4][1]$b$5466 [4] $memory$auto$proc_rom.cc:155:do_switch$156$rdmux[0][4][1]$b$5466 [4] $memory$auto$proc_rom.cc:155:do_switch$156$rdmux[0][4][1]$b$5466 [4] }
    Consolidated identical input bits for $mux cell $memory$auto$proc_rom.cc:155:do_switch$156$rdmux[0][5][2]$5515:
      Old ports: A=$memory$auto$proc_rom.cc:155:do_switch$156$rdmux[0][5][2]$a$5516, B=$memory$auto$proc_rom.cc:155:do_switch$156$rdmux[0][5][2]$b$5517, Y=$memory$auto$proc_rom.cc:155:do_switch$156$rdmux[0][4][1]$a$5465
      New ports: A={ 2'00 $memory$auto$proc_rom.cc:155:do_switch$156$rdmux[0][5][2]$a$5516 [1:0] }, B={ $memory$auto$proc_rom.cc:155:do_switch$156$rdmux[0][5][2]$b$5517 [3:1] 1'0 }, Y=$memory$auto$proc_rom.cc:155:do_switch$156$rdmux[0][4][1]$a$5465 [3:0]
      New connections: $memory$auto$proc_rom.cc:155:do_switch$156$rdmux[0][4][1]$a$5465 [9:4] = 6'000000
    Consolidated identical input bits for $mux cell $memory$auto$proc_rom.cc:155:do_switch$160$rdmux[0][5][31]$4837:
      Old ports: A=$memory$auto$proc_rom.cc:155:do_switch$160$rdmux[0][5][31]$a$4838, B=$memory$auto$proc_rom.cc:155:do_switch$160$rdmux[0][5][31]$b$4839, Y=$memory$auto$proc_rom.cc:155:do_switch$160$rdmux[0][4][15]$b$4743
      New ports: A={ 2'00 $memory$auto$proc_rom.cc:155:do_switch$160$rdmux[0][5][31]$a$4838 [5:2] }, B={ $memory$auto$proc_rom.cc:155:do_switch$160$rdmux[0][5][31]$b$4839 [7:3] 1'0 }, Y=$memory$auto$proc_rom.cc:155:do_switch$160$rdmux[0][4][15]$b$4743 [7:2]
      New connections: { $memory$auto$proc_rom.cc:155:do_switch$160$rdmux[0][4][15]$b$4743 [9:8] $memory$auto$proc_rom.cc:155:do_switch$160$rdmux[0][4][15]$b$4743 [1:0] } = 4'0000
    Consolidated identical input bits for $mux cell $memory$auto$proc_rom.cc:155:do_switch$160$rdmux[0][5][30]$4834:
      Old ports: A=$memory$auto$proc_rom.cc:155:do_switch$160$rdmux[0][5][30]$a$4835, B=$memory$auto$proc_rom.cc:155:do_switch$160$rdmux[0][5][30]$b$4836, Y=$memory$auto$proc_rom.cc:155:do_switch$160$rdmux[0][4][15]$a$4742
      New ports: A={ $memory$auto$proc_rom.cc:155:do_switch$160$rdmux[0][5][30]$a$4835 [6] $memory$auto$proc_rom.cc:155:do_switch$160$rdmux[0][5][30]$a$4835 [6] $memory$auto$proc_rom.cc:155:do_switch$160$rdmux[0][5][30]$a$4835 [6:5] $memory$auto$proc_rom.cc:155:do_switch$160$rdmux[0][5][30]$a$4835 [2] $memory$auto$proc_rom.cc:155:do_switch$160$rdmux[0][5][30]$a$4835 [3:2] }, B={ 1'1 $memory$auto$proc_rom.cc:155:do_switch$160$rdmux[0][5][30]$b$4836 [7:3] 1'0 }, Y=$memory$auto$proc_rom.cc:155:do_switch$160$rdmux[0][4][15]$a$4742 [8:2]
      New connections: { $memory$auto$proc_rom.cc:155:do_switch$160$rdmux[0][4][15]$a$4742 [9] $memory$auto$proc_rom.cc:155:do_switch$160$rdmux[0][4][15]$a$4742 [1:0] } = { $memory$auto$proc_rom.cc:155:do_switch$160$rdmux[0][4][15]$a$4742 [8] 2'00 }
    Consolidated identical input bits for $mux cell $memory$auto$proc_rom.cc:155:do_switch$160$rdmux[0][5][29]$4831:
      Old ports: A=$memory$auto$proc_rom.cc:155:do_switch$160$rdmux[0][5][29]$a$4832, B=$memory$auto$proc_rom.cc:155:do_switch$160$rdmux[0][5][29]$b$4833, Y=$memory$auto$proc_rom.cc:155:do_switch$160$rdmux[0][4][14]$b$4740
      New ports: A={ 2'00 $memory$auto$proc_rom.cc:155:do_switch$160$rdmux[0][5][29]$a$4832 [4:3] }, B={ $memory$auto$proc_rom.cc:155:do_switch$160$rdmux[0][5][29]$b$4833 [6:4] 1'0 }, Y=$memory$auto$proc_rom.cc:155:do_switch$160$rdmux[0][4][14]$b$4740 [6:3]
      New connections: { $memory$auto$proc_rom.cc:155:do_switch$160$rdmux[0][4][14]$b$4740 [9:7] $memory$auto$proc_rom.cc:155:do_switch$160$rdmux[0][4][14]$b$4740 [2:0] } = 6'000000
    Consolidated identical input bits for $mux cell $memory$auto$proc_rom.cc:155:do_switch$160$rdmux[0][5][28]$4828:
      Old ports: A=$memory$auto$proc_rom.cc:155:do_switch$160$rdmux[0][5][28]$a$4829, B=$memory$auto$proc_rom.cc:155:do_switch$160$rdmux[0][5][28]$b$4830, Y=$memory$auto$proc_rom.cc:155:do_switch$160$rdmux[0][4][14]$a$4739
      New ports: A={ $memory$auto$proc_rom.cc:155:do_switch$160$rdmux[0][5][28]$a$4829 [5] $memory$auto$proc_rom.cc:155:do_switch$160$rdmux[0][5][28]$a$4829 [5] $memory$auto$proc_rom.cc:155:do_switch$160$rdmux[0][5][28]$a$4829 [5:3] }, B={ 1'1 $memory$auto$proc_rom.cc:155:do_switch$160$rdmux[0][5][28]$b$4830 [6:4] 1'0 }, Y=$memory$auto$proc_rom.cc:155:do_switch$160$rdmux[0][4][14]$a$4739 [7:3]
      New connections: { $memory$auto$proc_rom.cc:155:do_switch$160$rdmux[0][4][14]$a$4739 [9:8] $memory$auto$proc_rom.cc:155:do_switch$160$rdmux[0][4][14]$a$4739 [2:0] } = { $memory$auto$proc_rom.cc:155:do_switch$160$rdmux[0][4][14]$a$4739 [7] $memory$auto$proc_rom.cc:155:do_switch$160$rdmux[0][4][14]$a$4739 [7] 3'000 }
    Consolidated identical input bits for $mux cell $memory$auto$proc_rom.cc:155:do_switch$160$rdmux[0][5][27]$4825:
      Old ports: A=$memory$auto$proc_rom.cc:155:do_switch$160$rdmux[0][5][27]$a$4826, B=$memory$auto$proc_rom.cc:155:do_switch$160$rdmux[0][5][27]$b$4827, Y=$memory$auto$proc_rom.cc:155:do_switch$160$rdmux[0][4][13]$b$4737
      New ports: A={ 2'00 $memory$auto$proc_rom.cc:155:do_switch$160$rdmux[0][5][27]$a$4826 [4:1] }, B={ $memory$auto$proc_rom.cc:155:do_switch$160$rdmux[0][5][27]$b$4827 [6:2] 1'0 }, Y=$memory$auto$proc_rom.cc:155:do_switch$160$rdmux[0][4][13]$b$4737 [6:1]
      New connections: { $memory$auto$proc_rom.cc:155:do_switch$160$rdmux[0][4][13]$b$4737 [9:7] $memory$auto$proc_rom.cc:155:do_switch$160$rdmux[0][4][13]$b$4737 [0] } = 4'0000
    Consolidated identical input bits for $mux cell $memory$auto$proc_rom.cc:155:do_switch$160$rdmux[0][5][26]$4822:
      Old ports: A=$memory$auto$proc_rom.cc:155:do_switch$160$rdmux[0][5][26]$a$4823, B=$memory$auto$proc_rom.cc:155:do_switch$160$rdmux[0][5][26]$b$4824, Y=$memory$auto$proc_rom.cc:155:do_switch$160$rdmux[0][4][13]$a$4736
      New ports: A={ $memory$auto$proc_rom.cc:155:do_switch$160$rdmux[0][5][26]$a$4823 [5] $memory$auto$proc_rom.cc:155:do_switch$160$rdmux[0][5][26]$a$4823 [5] $memory$auto$proc_rom.cc:155:do_switch$160$rdmux[0][5][26]$a$4823 [5:4] $memory$auto$proc_rom.cc:155:do_switch$160$rdmux[0][5][26]$a$4823 [1] $memory$auto$proc_rom.cc:155:do_switch$160$rdmux[0][5][26]$a$4823 [2:1] }, B={ 1'1 $memory$auto$proc_rom.cc:155:do_switch$160$rdmux[0][5][26]$b$4824 [6:2] 1'0 }, Y=$memory$auto$proc_rom.cc:155:do_switch$160$rdmux[0][4][13]$a$4736 [7:1]
      New connections: { $memory$auto$proc_rom.cc:155:do_switch$160$rdmux[0][4][13]$a$4736 [9:8] $memory$auto$proc_rom.cc:155:do_switch$160$rdmux[0][4][13]$a$4736 [0] } = { $memory$auto$proc_rom.cc:155:do_switch$160$rdmux[0][4][13]$a$4736 [7] $memory$auto$proc_rom.cc:155:do_switch$160$rdmux[0][4][13]$a$4736 [7] 1'0 }
    Consolidated identical input bits for $mux cell $memory$auto$proc_rom.cc:155:do_switch$160$rdmux[0][5][25]$4819:
      Old ports: A=$memory$auto$proc_rom.cc:155:do_switch$160$rdmux[0][5][25]$a$4820, B=$memory$auto$proc_rom.cc:155:do_switch$160$rdmux[0][5][25]$b$4821, Y=$memory$auto$proc_rom.cc:155:do_switch$160$rdmux[0][4][12]$b$4734
      New ports: A={ 2'00 $memory$auto$proc_rom.cc:155:do_switch$160$rdmux[0][5][25]$a$4820 [3:2] }, B={ $memory$auto$proc_rom.cc:155:do_switch$160$rdmux[0][5][25]$b$4821 [5:3] 1'0 }, Y=$memory$auto$proc_rom.cc:155:do_switch$160$rdmux[0][4][12]$b$4734 [5:2]
      New connections: { $memory$auto$proc_rom.cc:155:do_switch$160$rdmux[0][4][12]$b$4734 [9:6] $memory$auto$proc_rom.cc:155:do_switch$160$rdmux[0][4][12]$b$4734 [1:0] } = 6'000000
    Consolidated identical input bits for $mux cell $memory$auto$proc_rom.cc:155:do_switch$160$rdmux[0][5][24]$4816:
      Old ports: A=$memory$auto$proc_rom.cc:155:do_switch$160$rdmux[0][5][24]$a$4817, B=$memory$auto$proc_rom.cc:155:do_switch$160$rdmux[0][5][24]$b$4818, Y=$memory$auto$proc_rom.cc:155:do_switch$160$rdmux[0][4][12]$a$4733
      New ports: A={ $memory$auto$proc_rom.cc:155:do_switch$160$rdmux[0][5][24]$a$4817 [4] $memory$auto$proc_rom.cc:155:do_switch$160$rdmux[0][5][24]$a$4817 [4] $memory$auto$proc_rom.cc:155:do_switch$160$rdmux[0][5][24]$a$4817 [4:2] }, B={ 1'1 $memory$auto$proc_rom.cc:155:do_switch$160$rdmux[0][5][24]$b$4818 [5:3] 1'0 }, Y=$memory$auto$proc_rom.cc:155:do_switch$160$rdmux[0][4][12]$a$4733 [6:2]
      New connections: { $memory$auto$proc_rom.cc:155:do_switch$160$rdmux[0][4][12]$a$4733 [9:7] $memory$auto$proc_rom.cc:155:do_switch$160$rdmux[0][4][12]$a$4733 [1:0] } = { $memory$auto$proc_rom.cc:155:do_switch$160$rdmux[0][4][12]$a$4733 [6] $memory$auto$proc_rom.cc:155:do_switch$160$rdmux[0][4][12]$a$4733 [6] $memory$auto$proc_rom.cc:155:do_switch$160$rdmux[0][4][12]$a$4733 [6] 2'00 }
    Consolidated identical input bits for $mux cell $memory$auto$proc_rom.cc:155:do_switch$160$rdmux[0][5][23]$4813:
      Old ports: A=$memory$auto$proc_rom.cc:155:do_switch$160$rdmux[0][5][23]$a$4814, B=$memory$auto$proc_rom.cc:155:do_switch$160$rdmux[0][5][23]$b$4815, Y=$memory$auto$proc_rom.cc:155:do_switch$160$rdmux[0][4][11]$b$4731
      New ports: A={ 2'00 $memory$auto$proc_rom.cc:155:do_switch$160$rdmux[0][5][23]$a$4814 [3:0] }, B={ $memory$auto$proc_rom.cc:155:do_switch$160$rdmux[0][5][23]$b$4815 [5:1] 1'0 }, Y=$memory$auto$proc_rom.cc:155:do_switch$160$rdmux[0][4][11]$b$4731 [5:0]
      New connections: $memory$auto$proc_rom.cc:155:do_switch$160$rdmux[0][4][11]$b$4731 [9:6] = 4'0000
    Consolidated identical input bits for $mux cell $memory$auto$proc_rom.cc:155:do_switch$160$rdmux[0][5][22]$4810:
      Old ports: A=$memory$auto$proc_rom.cc:155:do_switch$160$rdmux[0][5][22]$a$4811, B=$memory$auto$proc_rom.cc:155:do_switch$160$rdmux[0][5][22]$b$4812, Y=$memory$auto$proc_rom.cc:155:do_switch$160$rdmux[0][4][11]$a$4730
      New ports: A={ $memory$auto$proc_rom.cc:155:do_switch$160$rdmux[0][5][22]$a$4811 [4] $memory$auto$proc_rom.cc:155:do_switch$160$rdmux[0][5][22]$a$4811 [4] $memory$auto$proc_rom.cc:155:do_switch$160$rdmux[0][5][22]$a$4811 [4:3] $memory$auto$proc_rom.cc:155:do_switch$160$rdmux[0][5][22]$a$4811 [0] $memory$auto$proc_rom.cc:155:do_switch$160$rdmux[0][5][22]$a$4811 [1:0] }, B={ 1'1 $memory$auto$proc_rom.cc:155:do_switch$160$rdmux[0][5][22]$b$4812 [5:1] 1'0 }, Y=$memory$auto$proc_rom.cc:155:do_switch$160$rdmux[0][4][11]$a$4730 [6:0]
      New connections: $memory$auto$proc_rom.cc:155:do_switch$160$rdmux[0][4][11]$a$4730 [9:7] = { $memory$auto$proc_rom.cc:155:do_switch$160$rdmux[0][4][11]$a$4730 [6] $memory$auto$proc_rom.cc:155:do_switch$160$rdmux[0][4][11]$a$4730 [6] $memory$auto$proc_rom.cc:155:do_switch$160$rdmux[0][4][11]$a$4730 [6] }
    Consolidated identical input bits for $mux cell $memory$auto$proc_rom.cc:155:do_switch$160$rdmux[0][5][21]$4807:
      Old ports: A=$memory$auto$proc_rom.cc:155:do_switch$160$rdmux[0][5][21]$a$4808, B=$memory$auto$proc_rom.cc:155:do_switch$160$rdmux[0][5][21]$b$4809, Y=$memory$auto$proc_rom.cc:155:do_switch$160$rdmux[0][4][10]$b$4728
      New ports: A={ 2'00 $memory$auto$proc_rom.cc:155:do_switch$160$rdmux[0][5][21]$a$4808 [2:1] }, B={ $memory$auto$proc_rom.cc:155:do_switch$160$rdmux[0][5][21]$b$4809 [4:2] 1'0 }, Y=$memory$auto$proc_rom.cc:155:do_switch$160$rdmux[0][4][10]$b$4728 [4:1]
      New connections: { $memory$auto$proc_rom.cc:155:do_switch$160$rdmux[0][4][10]$b$4728 [9:5] $memory$auto$proc_rom.cc:155:do_switch$160$rdmux[0][4][10]$b$4728 [0] } = 6'000000
    Consolidated identical input bits for $mux cell $memory$auto$proc_rom.cc:155:do_switch$160$rdmux[0][5][20]$4804:
      Old ports: A=$memory$auto$proc_rom.cc:155:do_switch$160$rdmux[0][5][20]$a$4805, B=$memory$auto$proc_rom.cc:155:do_switch$160$rdmux[0][5][20]$b$4806, Y=$memory$auto$proc_rom.cc:155:do_switch$160$rdmux[0][4][10]$a$4727
      New ports: A={ $memory$auto$proc_rom.cc:155:do_switch$160$rdmux[0][5][20]$a$4805 [3] $memory$auto$proc_rom.cc:155:do_switch$160$rdmux[0][5][20]$a$4805 [3] $memory$auto$proc_rom.cc:155:do_switch$160$rdmux[0][5][20]$a$4805 [3:1] }, B={ 1'1 $memory$auto$proc_rom.cc:155:do_switch$160$rdmux[0][5][20]$b$4806 [4:2] 1'0 }, Y=$memory$auto$proc_rom.cc:155:do_switch$160$rdmux[0][4][10]$a$4727 [5:1]
      New connections: { $memory$auto$proc_rom.cc:155:do_switch$160$rdmux[0][4][10]$a$4727 [9:6] $memory$auto$proc_rom.cc:155:do_switch$160$rdmux[0][4][10]$a$4727 [0] } = { $memory$auto$proc_rom.cc:155:do_switch$160$rdmux[0][4][10]$a$4727 [5] $memory$auto$proc_rom.cc:155:do_switch$160$rdmux[0][4][10]$a$4727 [5] $memory$auto$proc_rom.cc:155:do_switch$160$rdmux[0][4][10]$a$4727 [5] $memory$auto$proc_rom.cc:155:do_switch$160$rdmux[0][4][10]$a$4727 [5] 1'0 }
    Consolidated identical input bits for $mux cell $memory$auto$proc_rom.cc:155:do_switch$160$rdmux[0][5][19]$4801:
      Old ports: A=$memory$auto$proc_rom.cc:155:do_switch$160$rdmux[0][5][19]$a$4802, B=$memory$auto$proc_rom.cc:155:do_switch$160$rdmux[0][5][19]$b$4803, Y=$memory$auto$proc_rom.cc:155:do_switch$160$rdmux[0][4][9]$b$4725
      New ports: A={ 2'00 $memory$auto$proc_rom.cc:155:do_switch$160$rdmux[0][5][19]$a$4802 [1:0] }, B={ $memory$auto$proc_rom.cc:155:do_switch$160$rdmux[0][5][19]$b$4803 [3:1] 1'0 }, Y=$memory$auto$proc_rom.cc:155:do_switch$160$rdmux[0][4][9]$b$4725 [3:0]
      New connections: $memory$auto$proc_rom.cc:155:do_switch$160$rdmux[0][4][9]$b$4725 [9:4] = 6'000000
    Consolidated identical input bits for $mux cell $memory$auto$proc_rom.cc:155:do_switch$160$rdmux[0][5][18]$4798:
      Old ports: A=$memory$auto$proc_rom.cc:155:do_switch$160$rdmux[0][5][18]$a$4799, B=$memory$auto$proc_rom.cc:155:do_switch$160$rdmux[0][5][18]$b$4800, Y=$memory$auto$proc_rom.cc:155:do_switch$160$rdmux[0][4][9]$a$4724
      New ports: A={ $memory$auto$proc_rom.cc:155:do_switch$160$rdmux[0][5][18]$a$4799 [2] $memory$auto$proc_rom.cc:155:do_switch$160$rdmux[0][5][18]$a$4799 [2] $memory$auto$proc_rom.cc:155:do_switch$160$rdmux[0][5][18]$a$4799 [2:0] }, B={ 1'1 $memory$auto$proc_rom.cc:155:do_switch$160$rdmux[0][5][18]$b$4800 [3:1] 1'0 }, Y=$memory$auto$proc_rom.cc:155:do_switch$160$rdmux[0][4][9]$a$4724 [4:0]
      New connections: $memory$auto$proc_rom.cc:155:do_switch$160$rdmux[0][4][9]$a$4724 [9:5] = { $memory$auto$proc_rom.cc:155:do_switch$160$rdmux[0][4][9]$a$4724 [4] $memory$auto$proc_rom.cc:155:do_switch$160$rdmux[0][4][9]$a$4724 [4] $memory$auto$proc_rom.cc:155:do_switch$160$rdmux[0][4][9]$a$4724 [4] $memory$auto$proc_rom.cc:155:do_switch$160$rdmux[0][4][9]$a$4724 [4] $memory$auto$proc_rom.cc:155:do_switch$160$rdmux[0][4][9]$a$4724 [4] }
    Consolidated identical input bits for $mux cell $memory$auto$proc_rom.cc:155:do_switch$160$rdmux[0][5][15]$4789:
      Old ports: A=$memory$auto$proc_rom.cc:155:do_switch$160$rdmux[0][5][15]$a$4790, B=$memory$auto$proc_rom.cc:155:do_switch$160$rdmux[0][5][15]$b$4791, Y=$memory$auto$proc_rom.cc:155:do_switch$160$rdmux[0][4][7]$b$4719
      New ports: A={ $memory$auto$proc_rom.cc:155:do_switch$160$rdmux[0][5][15]$a$4790 [6] $memory$auto$proc_rom.cc:155:do_switch$160$rdmux[0][5][15]$a$4790 [6] $memory$auto$proc_rom.cc:155:do_switch$160$rdmux[0][5][15]$a$4790 [6:5] $memory$auto$proc_rom.cc:155:do_switch$160$rdmux[0][5][15]$a$4790 [2] $memory$auto$proc_rom.cc:155:do_switch$160$rdmux[0][5][15]$a$4790 [3:2] }, B={ 1'1 $memory$auto$proc_rom.cc:155:do_switch$160$rdmux[0][5][15]$b$4791 [7:3] 1'0 }, Y=$memory$auto$proc_rom.cc:155:do_switch$160$rdmux[0][4][7]$b$4719 [8:2]
      New connections: { $memory$auto$proc_rom.cc:155:do_switch$160$rdmux[0][4][7]$b$4719 [9] $memory$auto$proc_rom.cc:155:do_switch$160$rdmux[0][4][7]$b$4719 [1:0] } = { $memory$auto$proc_rom.cc:155:do_switch$160$rdmux[0][4][7]$b$4719 [8] 2'00 }
    Consolidated identical input bits for $mux cell $memory$auto$proc_rom.cc:155:do_switch$160$rdmux[0][5][14]$4786:
      Old ports: A=$memory$auto$proc_rom.cc:155:do_switch$160$rdmux[0][5][14]$a$4787, B=$memory$auto$proc_rom.cc:155:do_switch$160$rdmux[0][5][14]$b$4788, Y=$memory$auto$proc_rom.cc:155:do_switch$160$rdmux[0][4][7]$a$4718
      New ports: A={ 2'00 $memory$auto$proc_rom.cc:155:do_switch$160$rdmux[0][5][14]$a$4787 [5:2] }, B={ $memory$auto$proc_rom.cc:155:do_switch$160$rdmux[0][5][14]$b$4788 [7:3] 1'0 }, Y=$memory$auto$proc_rom.cc:155:do_switch$160$rdmux[0][4][7]$a$4718 [7:2]
      New connections: { $memory$auto$proc_rom.cc:155:do_switch$160$rdmux[0][4][7]$a$4718 [9:8] $memory$auto$proc_rom.cc:155:do_switch$160$rdmux[0][4][7]$a$4718 [1:0] } = 4'0000
    Consolidated identical input bits for $mux cell $memory$auto$proc_rom.cc:155:do_switch$160$rdmux[0][5][13]$4783:
      Old ports: A=$memory$auto$proc_rom.cc:155:do_switch$160$rdmux[0][5][13]$a$4784, B=$memory$auto$proc_rom.cc:155:do_switch$160$rdmux[0][5][13]$b$4785, Y=$memory$auto$proc_rom.cc:155:do_switch$160$rdmux[0][4][6]$b$4716
      New ports: A={ $memory$auto$proc_rom.cc:155:do_switch$160$rdmux[0][5][13]$a$4784 [5] $memory$auto$proc_rom.cc:155:do_switch$160$rdmux[0][5][13]$a$4784 [5] $memory$auto$proc_rom.cc:155:do_switch$160$rdmux[0][5][13]$a$4784 [5:3] }, B={ 1'1 $memory$auto$proc_rom.cc:155:do_switch$160$rdmux[0][5][13]$b$4785 [6:4] 1'0 }, Y=$memory$auto$proc_rom.cc:155:do_switch$160$rdmux[0][4][6]$b$4716 [7:3]
      New connections: { $memory$auto$proc_rom.cc:155:do_switch$160$rdmux[0][4][6]$b$4716 [9:8] $memory$auto$proc_rom.cc:155:do_switch$160$rdmux[0][4][6]$b$4716 [2:0] } = { $memory$auto$proc_rom.cc:155:do_switch$160$rdmux[0][4][6]$b$4716 [7] $memory$auto$proc_rom.cc:155:do_switch$160$rdmux[0][4][6]$b$4716 [7] 3'000 }
    Consolidated identical input bits for $mux cell $memory$auto$proc_rom.cc:155:do_switch$160$rdmux[0][5][12]$4780:
      Old ports: A=$memory$auto$proc_rom.cc:155:do_switch$160$rdmux[0][5][12]$a$4781, B=$memory$auto$proc_rom.cc:155:do_switch$160$rdmux[0][5][12]$b$4782, Y=$memory$auto$proc_rom.cc:155:do_switch$160$rdmux[0][4][6]$a$4715
      New ports: A={ 2'00 $memory$auto$proc_rom.cc:155:do_switch$160$rdmux[0][5][12]$a$4781 [4:3] }, B={ $memory$auto$proc_rom.cc:155:do_switch$160$rdmux[0][5][12]$b$4782 [6:4] 1'0 }, Y=$memory$auto$proc_rom.cc:155:do_switch$160$rdmux[0][4][6]$a$4715 [6:3]
      New connections: { $memory$auto$proc_rom.cc:155:do_switch$160$rdmux[0][4][6]$a$4715 [9:7] $memory$auto$proc_rom.cc:155:do_switch$160$rdmux[0][4][6]$a$4715 [2:0] } = 6'000000
    Consolidated identical input bits for $mux cell $memory$auto$proc_rom.cc:155:do_switch$160$rdmux[0][5][11]$4777:
      Old ports: A=$memory$auto$proc_rom.cc:155:do_switch$160$rdmux[0][5][11]$a$4778, B=$memory$auto$proc_rom.cc:155:do_switch$160$rdmux[0][5][11]$b$4779, Y=$memory$auto$proc_rom.cc:155:do_switch$160$rdmux[0][4][5]$b$4713
      New ports: A={ $memory$auto$proc_rom.cc:155:do_switch$160$rdmux[0][5][11]$a$4778 [5] $memory$auto$proc_rom.cc:155:do_switch$160$rdmux[0][5][11]$a$4778 [5] $memory$auto$proc_rom.cc:155:do_switch$160$rdmux[0][5][11]$a$4778 [5:4] $memory$auto$proc_rom.cc:155:do_switch$160$rdmux[0][5][11]$a$4778 [1] $memory$auto$proc_rom.cc:155:do_switch$160$rdmux[0][5][11]$a$4778 [2:1] }, B={ 1'1 $memory$auto$proc_rom.cc:155:do_switch$160$rdmux[0][5][11]$b$4779 [6:2] 1'0 }, Y=$memory$auto$proc_rom.cc:155:do_switch$160$rdmux[0][4][5]$b$4713 [7:1]
      New connections: { $memory$auto$proc_rom.cc:155:do_switch$160$rdmux[0][4][5]$b$4713 [9:8] $memory$auto$proc_rom.cc:155:do_switch$160$rdmux[0][4][5]$b$4713 [0] } = { $memory$auto$proc_rom.cc:155:do_switch$160$rdmux[0][4][5]$b$4713 [7] $memory$auto$proc_rom.cc:155:do_switch$160$rdmux[0][4][5]$b$4713 [7] 1'0 }
    Consolidated identical input bits for $mux cell $memory$auto$proc_rom.cc:155:do_switch$160$rdmux[0][5][10]$4774:
      Old ports: A=$memory$auto$proc_rom.cc:155:do_switch$160$rdmux[0][5][10]$a$4775, B=$memory$auto$proc_rom.cc:155:do_switch$160$rdmux[0][5][10]$b$4776, Y=$memory$auto$proc_rom.cc:155:do_switch$160$rdmux[0][4][5]$a$4712
      New ports: A={ 2'00 $memory$auto$proc_rom.cc:155:do_switch$160$rdmux[0][5][10]$a$4775 [4:1] }, B={ $memory$auto$proc_rom.cc:155:do_switch$160$rdmux[0][5][10]$b$4776 [6:2] 1'0 }, Y=$memory$auto$proc_rom.cc:155:do_switch$160$rdmux[0][4][5]$a$4712 [6:1]
      New connections: { $memory$auto$proc_rom.cc:155:do_switch$160$rdmux[0][4][5]$a$4712 [9:7] $memory$auto$proc_rom.cc:155:do_switch$160$rdmux[0][4][5]$a$4712 [0] } = 4'0000
    Consolidated identical input bits for $mux cell $memory$auto$proc_rom.cc:155:do_switch$160$rdmux[0][5][9]$4771:
      Old ports: A=$memory$auto$proc_rom.cc:155:do_switch$160$rdmux[0][5][9]$a$4772, B=$memory$auto$proc_rom.cc:155:do_switch$160$rdmux[0][5][9]$b$4773, Y=$memory$auto$proc_rom.cc:155:do_switch$160$rdmux[0][4][4]$b$4710
      New ports: A={ $memory$auto$proc_rom.cc:155:do_switch$160$rdmux[0][5][9]$a$4772 [4] $memory$auto$proc_rom.cc:155:do_switch$160$rdmux[0][5][9]$a$4772 [4] $memory$auto$proc_rom.cc:155:do_switch$160$rdmux[0][5][9]$a$4772 [4:2] }, B={ 1'1 $memory$auto$proc_rom.cc:155:do_switch$160$rdmux[0][5][9]$b$4773 [5:3] 1'0 }, Y=$memory$auto$proc_rom.cc:155:do_switch$160$rdmux[0][4][4]$b$4710 [6:2]
      New connections: { $memory$auto$proc_rom.cc:155:do_switch$160$rdmux[0][4][4]$b$4710 [9:7] $memory$auto$proc_rom.cc:155:do_switch$160$rdmux[0][4][4]$b$4710 [1:0] } = { $memory$auto$proc_rom.cc:155:do_switch$160$rdmux[0][4][4]$b$4710 [6] $memory$auto$proc_rom.cc:155:do_switch$160$rdmux[0][4][4]$b$4710 [6] $memory$auto$proc_rom.cc:155:do_switch$160$rdmux[0][4][4]$b$4710 [6] 2'00 }
    Consolidated identical input bits for $mux cell $memory$auto$proc_rom.cc:155:do_switch$160$rdmux[0][5][8]$4768:
      Old ports: A=$memory$auto$proc_rom.cc:155:do_switch$160$rdmux[0][5][8]$a$4769, B=$memory$auto$proc_rom.cc:155:do_switch$160$rdmux[0][5][8]$b$4770, Y=$memory$auto$proc_rom.cc:155:do_switch$160$rdmux[0][4][4]$a$4709
      New ports: A={ 2'00 $memory$auto$proc_rom.cc:155:do_switch$160$rdmux[0][5][8]$a$4769 [3:2] }, B={ $memory$auto$proc_rom.cc:155:do_switch$160$rdmux[0][5][8]$b$4770 [5:3] 1'0 }, Y=$memory$auto$proc_rom.cc:155:do_switch$160$rdmux[0][4][4]$a$4709 [5:2]
      New connections: { $memory$auto$proc_rom.cc:155:do_switch$160$rdmux[0][4][4]$a$4709 [9:6] $memory$auto$proc_rom.cc:155:do_switch$160$rdmux[0][4][4]$a$4709 [1:0] } = 6'000000
    Consolidated identical input bits for $mux cell $memory$auto$proc_rom.cc:155:do_switch$160$rdmux[0][5][7]$4765:
      Old ports: A=$memory$auto$proc_rom.cc:155:do_switch$160$rdmux[0][5][7]$a$4766, B=$memory$auto$proc_rom.cc:155:do_switch$160$rdmux[0][5][7]$b$4767, Y=$memory$auto$proc_rom.cc:155:do_switch$160$rdmux[0][4][3]$b$4707
      New ports: A={ $memory$auto$proc_rom.cc:155:do_switch$160$rdmux[0][5][7]$a$4766 [4] $memory$auto$proc_rom.cc:155:do_switch$160$rdmux[0][5][7]$a$4766 [4] $memory$auto$proc_rom.cc:155:do_switch$160$rdmux[0][5][7]$a$4766 [4:3] $memory$auto$proc_rom.cc:155:do_switch$160$rdmux[0][5][7]$a$4766 [0] $memory$auto$proc_rom.cc:155:do_switch$160$rdmux[0][5][7]$a$4766 [1:0] }, B={ 1'1 $memory$auto$proc_rom.cc:155:do_switch$160$rdmux[0][5][7]$b$4767 [5:1] 1'0 }, Y=$memory$auto$proc_rom.cc:155:do_switch$160$rdmux[0][4][3]$b$4707 [6:0]
      New connections: $memory$auto$proc_rom.cc:155:do_switch$160$rdmux[0][4][3]$b$4707 [9:7] = { $memory$auto$proc_rom.cc:155:do_switch$160$rdmux[0][4][3]$b$4707 [6] $memory$auto$proc_rom.cc:155:do_switch$160$rdmux[0][4][3]$b$4707 [6] $memory$auto$proc_rom.cc:155:do_switch$160$rdmux[0][4][3]$b$4707 [6] }
    Consolidated identical input bits for $mux cell $memory$auto$proc_rom.cc:155:do_switch$160$rdmux[0][5][6]$4762:
      Old ports: A=$memory$auto$proc_rom.cc:155:do_switch$160$rdmux[0][5][6]$a$4763, B=$memory$auto$proc_rom.cc:155:do_switch$160$rdmux[0][5][6]$b$4764, Y=$memory$auto$proc_rom.cc:155:do_switch$160$rdmux[0][4][3]$a$4706
      New ports: A={ 2'00 $memory$auto$proc_rom.cc:155:do_switch$160$rdmux[0][5][6]$a$4763 [3:0] }, B={ $memory$auto$proc_rom.cc:155:do_switch$160$rdmux[0][5][6]$b$4764 [5:1] 1'0 }, Y=$memory$auto$proc_rom.cc:155:do_switch$160$rdmux[0][4][3]$a$4706 [5:0]
      New connections: $memory$auto$proc_rom.cc:155:do_switch$160$rdmux[0][4][3]$a$4706 [9:6] = 4'0000
    Consolidated identical input bits for $mux cell $memory$auto$proc_rom.cc:155:do_switch$160$rdmux[0][5][5]$4759:
      Old ports: A=$memory$auto$proc_rom.cc:155:do_switch$160$rdmux[0][5][5]$a$4760, B=$memory$auto$proc_rom.cc:155:do_switch$160$rdmux[0][5][5]$b$4761, Y=$memory$auto$proc_rom.cc:155:do_switch$160$rdmux[0][4][2]$b$4704
      New ports: A={ $memory$auto$proc_rom.cc:155:do_switch$160$rdmux[0][5][5]$a$4760 [3] $memory$auto$proc_rom.cc:155:do_switch$160$rdmux[0][5][5]$a$4760 [3] $memory$auto$proc_rom.cc:155:do_switch$160$rdmux[0][5][5]$a$4760 [3:1] }, B={ 1'1 $memory$auto$proc_rom.cc:155:do_switch$160$rdmux[0][5][5]$b$4761 [4:2] 1'0 }, Y=$memory$auto$proc_rom.cc:155:do_switch$160$rdmux[0][4][2]$b$4704 [5:1]
      New connections: { $memory$auto$proc_rom.cc:155:do_switch$160$rdmux[0][4][2]$b$4704 [9:6] $memory$auto$proc_rom.cc:155:do_switch$160$rdmux[0][4][2]$b$4704 [0] } = { $memory$auto$proc_rom.cc:155:do_switch$160$rdmux[0][4][2]$b$4704 [5] $memory$auto$proc_rom.cc:155:do_switch$160$rdmux[0][4][2]$b$4704 [5] $memory$auto$proc_rom.cc:155:do_switch$160$rdmux[0][4][2]$b$4704 [5] $memory$auto$proc_rom.cc:155:do_switch$160$rdmux[0][4][2]$b$4704 [5] 1'0 }
    Consolidated identical input bits for $mux cell $memory$auto$proc_rom.cc:155:do_switch$160$rdmux[0][5][4]$4756:
      Old ports: A=$memory$auto$proc_rom.cc:155:do_switch$160$rdmux[0][5][4]$a$4757, B=$memory$auto$proc_rom.cc:155:do_switch$160$rdmux[0][5][4]$b$4758, Y=$memory$auto$proc_rom.cc:155:do_switch$160$rdmux[0][4][2]$a$4703
      New ports: A={ 2'00 $memory$auto$proc_rom.cc:155:do_switch$160$rdmux[0][5][4]$a$4757 [2:1] }, B={ $memory$auto$proc_rom.cc:155:do_switch$160$rdmux[0][5][4]$b$4758 [4:2] 1'0 }, Y=$memory$auto$proc_rom.cc:155:do_switch$160$rdmux[0][4][2]$a$4703 [4:1]
      New connections: { $memory$auto$proc_rom.cc:155:do_switch$160$rdmux[0][4][2]$a$4703 [9:5] $memory$auto$proc_rom.cc:155:do_switch$160$rdmux[0][4][2]$a$4703 [0] } = 6'000000
    Consolidated identical input bits for $mux cell $memory$auto$proc_rom.cc:155:do_switch$160$rdmux[0][5][3]$4753:
      Old ports: A=$memory$auto$proc_rom.cc:155:do_switch$160$rdmux[0][5][3]$a$4754, B=$memory$auto$proc_rom.cc:155:do_switch$160$rdmux[0][5][3]$b$4755, Y=$memory$auto$proc_rom.cc:155:do_switch$160$rdmux[0][4][1]$b$4701
      New ports: A={ $memory$auto$proc_rom.cc:155:do_switch$160$rdmux[0][5][3]$a$4754 [2] $memory$auto$proc_rom.cc:155:do_switch$160$rdmux[0][5][3]$a$4754 [2] $memory$auto$proc_rom.cc:155:do_switch$160$rdmux[0][5][3]$a$4754 [2:0] }, B={ 1'1 $memory$auto$proc_rom.cc:155:do_switch$160$rdmux[0][5][3]$b$4755 [3:1] 1'0 }, Y=$memory$auto$proc_rom.cc:155:do_switch$160$rdmux[0][4][1]$b$4701 [4:0]
      New connections: $memory$auto$proc_rom.cc:155:do_switch$160$rdmux[0][4][1]$b$4701 [9:5] = { $memory$auto$proc_rom.cc:155:do_switch$160$rdmux[0][4][1]$b$4701 [4] $memory$auto$proc_rom.cc:155:do_switch$160$rdmux[0][4][1]$b$4701 [4] $memory$auto$proc_rom.cc:155:do_switch$160$rdmux[0][4][1]$b$4701 [4] $memory$auto$proc_rom.cc:155:do_switch$160$rdmux[0][4][1]$b$4701 [4] $memory$auto$proc_rom.cc:155:do_switch$160$rdmux[0][4][1]$b$4701 [4] }
    Consolidated identical input bits for $mux cell $memory$auto$proc_rom.cc:155:do_switch$160$rdmux[0][5][2]$4750:
      Old ports: A=$memory$auto$proc_rom.cc:155:do_switch$160$rdmux[0][5][2]$a$4751, B=$memory$auto$proc_rom.cc:155:do_switch$160$rdmux[0][5][2]$b$4752, Y=$memory$auto$proc_rom.cc:155:do_switch$160$rdmux[0][4][1]$a$4700
      New ports: A={ 2'00 $memory$auto$proc_rom.cc:155:do_switch$160$rdmux[0][5][2]$a$4751 [1:0] }, B={ $memory$auto$proc_rom.cc:155:do_switch$160$rdmux[0][5][2]$b$4752 [3:1] 1'0 }, Y=$memory$auto$proc_rom.cc:155:do_switch$160$rdmux[0][4][1]$a$4700 [3:0]
      New connections: $memory$auto$proc_rom.cc:155:do_switch$160$rdmux[0][4][1]$a$4700 [9:4] = 6'000000
    Consolidated identical input bits for $mux cell $procmux$461:
      Old ports: A=$49\quant_scaled$func$/home/b10507053/ALS_Final_Project/student/work/ex250_ex254_frontend_fp4_dot_fma_semantic_20260608_2105/ex250/verilog/ex250_semantic_fp4_dot2_prodtable_qrange.v:366$10.$result[6:0]$152, B=5'00111, Y=$48\quant_scaled$func$/home/b10507053/ALS_Final_Project/student/work/ex250_ex254_frontend_fp4_dot_fma_semantic_20260608_2105/ex250/verilog/ex250_semantic_fp4_dot2_prodtable_qrange.v:366$10.$result[6:0]$150
      New ports: A={ $49\quant_scaled$func$/home/b10507053/ALS_Final_Project/student/work/ex250_ex254_frontend_fp4_dot_fma_semantic_20260608_2105/ex250/verilog/ex250_semantic_fp4_dot2_prodtable_qrange.v:366$10.$result[6:0]$152 [1] 1'1 $49\quant_scaled$func$/home/b10507053/ALS_Final_Project/student/work/ex250_ex254_frontend_fp4_dot_fma_semantic_20260608_2105/ex250/verilog/ex250_semantic_fp4_dot2_prodtable_qrange.v:366$10.$result[6:0]$152 [1:0] }, B=4'0011, Y={ $48\quant_scaled$func$/home/b10507053/ALS_Final_Project/student/work/ex250_ex254_frontend_fp4_dot_fma_semantic_20260608_2105/ex250/verilog/ex250_semantic_fp4_dot2_prodtable_qrange.v:366$10.$result[6:0]$150 [4:3] $48\quant_scaled$func$/home/b10507053/ALS_Final_Project/student/work/ex250_ex254_frontend_fp4_dot_fma_semantic_20260608_2105/ex250/verilog/ex250_semantic_fp4_dot2_prodtable_qrange.v:366$10.$result[6:0]$150 [1:0] }
      New connections: $48\quant_scaled$func$/home/b10507053/ALS_Final_Project/student/work/ex250_ex254_frontend_fp4_dot_fma_semantic_20260608_2105/ex250/verilog/ex250_semantic_fp4_dot2_prodtable_qrange.v:366$10.$result[6:0]$150 [2] = $48\quant_scaled$func$/home/b10507053/ALS_Final_Project/student/work/ex250_ex254_frontend_fp4_dot_fma_semantic_20260608_2105/ex250/verilog/ex250_semantic_fp4_dot2_prodtable_qrange.v:366$10.$result[6:0]$150 [1]
  Optimizing cells in module \ex250_semantic_fp4_dot2_prodtable_qrange.
    Consolidated identical input bits for $mux cell $memory$auto$proc_rom.cc:155:do_switch$156$rdmux[0][4][15]$5506:
      Old ports: A=$memory$auto$proc_rom.cc:155:do_switch$156$rdmux[0][4][15]$a$5507, B=$memory$auto$proc_rom.cc:155:do_switch$156$rdmux[0][4][15]$b$5508, Y=$memory$auto$proc_rom.cc:155:do_switch$156$rdmux[0][3][7]$b$5460
      New ports: A=$memory$auto$proc_rom.cc:155:do_switch$156$rdmux[0][4][15]$a$5507 [8:2], B={ 1'0 $memory$auto$proc_rom.cc:155:do_switch$156$rdmux[0][4][15]$b$5508 [7:2] }, Y=$memory$auto$proc_rom.cc:155:do_switch$156$rdmux[0][3][7]$b$5460 [8:2]
      New connections: { $memory$auto$proc_rom.cc:155:do_switch$156$rdmux[0][3][7]$b$5460 [9] $memory$auto$proc_rom.cc:155:do_switch$156$rdmux[0][3][7]$b$5460 [1:0] } = { $memory$auto$proc_rom.cc:155:do_switch$156$rdmux[0][3][7]$b$5460 [8] 2'00 }
    Consolidated identical input bits for $mux cell $memory$auto$proc_rom.cc:155:do_switch$156$rdmux[0][4][14]$5503:
      Old ports: A=$memory$auto$proc_rom.cc:155:do_switch$156$rdmux[0][4][14]$a$5504, B=$memory$auto$proc_rom.cc:155:do_switch$156$rdmux[0][4][14]$b$5505, Y=$memory$auto$proc_rom.cc:155:do_switch$156$rdmux[0][3][7]$a$5459
      New ports: A=$memory$auto$proc_rom.cc:155:do_switch$156$rdmux[0][4][14]$a$5504 [7:3], B={ 1'0 $memory$auto$proc_rom.cc:155:do_switch$156$rdmux[0][4][14]$b$5505 [6:3] }, Y=$memory$auto$proc_rom.cc:155:do_switch$156$rdmux[0][3][7]$a$5459 [7:3]
      New connections: { $memory$auto$proc_rom.cc:155:do_switch$156$rdmux[0][3][7]$a$5459 [9:8] $memory$auto$proc_rom.cc:155:do_switch$156$rdmux[0][3][7]$a$5459 [2:0] } = { $memory$auto$proc_rom.cc:155:do_switch$156$rdmux[0][3][7]$a$5459 [7] $memory$auto$proc_rom.cc:155:do_switch$156$rdmux[0][3][7]$a$5459 [7] 3'000 }
    Consolidated identical input bits for $mux cell $memory$auto$proc_rom.cc:155:do_switch$156$rdmux[0][4][13]$5500:
      Old ports: A=$memory$auto$proc_rom.cc:155:do_switch$156$rdmux[0][4][13]$a$5501, B=$memory$auto$proc_rom.cc:155:do_switch$156$rdmux[0][4][13]$b$5502, Y=$memory$auto$proc_rom.cc:155:do_switch$156$rdmux[0][3][6]$b$5457
      New ports: A=$memory$auto$proc_rom.cc:155:do_switch$156$rdmux[0][4][13]$a$5501 [7:1], B={ 1'0 $memory$auto$proc_rom.cc:155:do_switch$156$rdmux[0][4][13]$b$5502 [6:1] }, Y=$memory$auto$proc_rom.cc:155:do_switch$156$rdmux[0][3][6]$b$5457 [7:1]
      New connections: { $memory$auto$proc_rom.cc:155:do_switch$156$rdmux[0][3][6]$b$5457 [9:8] $memory$auto$proc_rom.cc:155:do_switch$156$rdmux[0][3][6]$b$5457 [0] } = { $memory$auto$proc_rom.cc:155:do_switch$156$rdmux[0][3][6]$b$5457 [7] $memory$auto$proc_rom.cc:155:do_switch$156$rdmux[0][3][6]$b$5457 [7] 1'0 }
    Consolidated identical input bits for $mux cell $memory$auto$proc_rom.cc:155:do_switch$156$rdmux[0][4][12]$5497:
      Old ports: A=$memory$auto$proc_rom.cc:155:do_switch$156$rdmux[0][4][12]$a$5498, B=$memory$auto$proc_rom.cc:155:do_switch$156$rdmux[0][4][12]$b$5499, Y=$memory$auto$proc_rom.cc:155:do_switch$156$rdmux[0][3][6]$a$5456
      New ports: A=$memory$auto$proc_rom.cc:155:do_switch$156$rdmux[0][4][12]$a$5498 [6:2], B={ 1'0 $memory$auto$proc_rom.cc:155:do_switch$156$rdmux[0][4][12]$b$5499 [5:2] }, Y=$memory$auto$proc_rom.cc:155:do_switch$156$rdmux[0][3][6]$a$5456 [6:2]
      New connections: { $memory$auto$proc_rom.cc:155:do_switch$156$rdmux[0][3][6]$a$5456 [9:7] $memory$auto$proc_rom.cc:155:do_switch$156$rdmux[0][3][6]$a$5456 [1:0] } = { $memory$auto$proc_rom.cc:155:do_switch$156$rdmux[0][3][6]$a$5456 [6] $memory$auto$proc_rom.cc:155:do_switch$156$rdmux[0][3][6]$a$5456 [6] $memory$auto$proc_rom.cc:155:do_switch$156$rdmux[0][3][6]$a$5456 [6] 2'00 }
    Consolidated identical input bits for $mux cell $memory$auto$proc_rom.cc:155:do_switch$156$rdmux[0][4][11]$5494:
      Old ports: A=$memory$auto$proc_rom.cc:155:do_switch$156$rdmux[0][4][11]$a$5495, B=$memory$auto$proc_rom.cc:155:do_switch$156$rdmux[0][4][11]$b$5496, Y=$memory$auto$proc_rom.cc:155:do_switch$156$rdmux[0][3][5]$b$5454
      New ports: A=$memory$auto$proc_rom.cc:155:do_switch$156$rdmux[0][4][11]$a$5495 [6:0], B={ 1'0 $memory$auto$proc_rom.cc:155:do_switch$156$rdmux[0][4][11]$b$5496 [5:0] }, Y=$memory$auto$proc_rom.cc:155:do_switch$156$rdmux[0][3][5]$b$5454 [6:0]
      New connections: $memory$auto$proc_rom.cc:155:do_switch$156$rdmux[0][3][5]$b$5454 [9:7] = { $memory$auto$proc_rom.cc:155:do_switch$156$rdmux[0][3][5]$b$5454 [6] $memory$auto$proc_rom.cc:155:do_switch$156$rdmux[0][3][5]$b$5454 [6] $memory$auto$proc_rom.cc:155:do_switch$156$rdmux[0][3][5]$b$5454 [6] }
    Consolidated identical input bits for $mux cell $memory$auto$proc_rom.cc:155:do_switch$156$rdmux[0][4][10]$5491:
      Old ports: A=$memory$auto$proc_rom.cc:155:do_switch$156$rdmux[0][4][10]$a$5492, B=$memory$auto$proc_rom.cc:155:do_switch$156$rdmux[0][4][10]$b$5493, Y=$memory$auto$proc_rom.cc:155:do_switch$156$rdmux[0][3][5]$a$5453
      New ports: A=$memory$auto$proc_rom.cc:155:do_switch$156$rdmux[0][4][10]$a$5492 [5:1], B={ 1'0 $memory$auto$proc_rom.cc:155:do_switch$156$rdmux[0][4][10]$b$5493 [4:1] }, Y=$memory$auto$proc_rom.cc:155:do_switch$156$rdmux[0][3][5]$a$5453 [5:1]
      New connections: { $memory$auto$proc_rom.cc:155:do_switch$156$rdmux[0][3][5]$a$5453 [9:6] $memory$auto$proc_rom.cc:155:do_switch$156$rdmux[0][3][5]$a$5453 [0] } = { $memory$auto$proc_rom.cc:155:do_switch$156$rdmux[0][3][5]$a$5453 [5] $memory$auto$proc_rom.cc:155:do_switch$156$rdmux[0][3][5]$a$5453 [5] $memory$auto$proc_rom.cc:155:do_switch$156$rdmux[0][3][5]$a$5453 [5] $memory$auto$proc_rom.cc:155:do_switch$156$rdmux[0][3][5]$a$5453 [5] 1'0 }
    Consolidated identical input bits for $mux cell $memory$auto$proc_rom.cc:155:do_switch$156$rdmux[0][4][9]$5488:
      Old ports: A=$memory$auto$proc_rom.cc:155:do_switch$156$rdmux[0][4][9]$a$5489, B=$memory$auto$proc_rom.cc:155:do_switch$156$rdmux[0][4][9]$b$5490, Y=$memory$auto$proc_rom.cc:155:do_switch$156$rdmux[0][3][4]$b$5451
      New ports: A=$memory$auto$proc_rom.cc:155:do_switch$156$rdmux[0][4][9]$a$5489 [4:0], B={ 1'0 $memory$auto$proc_rom.cc:155:do_switch$156$rdmux[0][4][9]$b$5490 [3:0] }, Y=$memory$auto$proc_rom.cc:155:do_switch$156$rdmux[0][3][4]$b$5451 [4:0]
      New connections: $memory$auto$proc_rom.cc:155:do_switch$156$rdmux[0][3][4]$b$5451 [9:5] = { $memory$auto$proc_rom.cc:155:do_switch$156$rdmux[0][3][4]$b$5451 [4] $memory$auto$proc_rom.cc:155:do_switch$156$rdmux[0][3][4]$b$5451 [4] $memory$auto$proc_rom.cc:155:do_switch$156$rdmux[0][3][4]$b$5451 [4] $memory$auto$proc_rom.cc:155:do_switch$156$rdmux[0][3][4]$b$5451 [4] $memory$auto$proc_rom.cc:155:do_switch$156$rdmux[0][3][4]$b$5451 [4] }
    Consolidated identical input bits for $mux cell $memory$auto$proc_rom.cc:155:do_switch$156$rdmux[0][4][7]$5482:
      Old ports: A=$memory$auto$proc_rom.cc:155:do_switch$156$rdmux[0][4][7]$a$5483, B=$memory$auto$proc_rom.cc:155:do_switch$156$rdmux[0][4][7]$b$5484, Y=$memory$auto$proc_rom.cc:155:do_switch$156$rdmux[0][3][3]$b$5448
      New ports: A={ 1'0 $memory$auto$proc_rom.cc:155:do_switch$156$rdmux[0][4][7]$a$5483 [7:2] }, B=$memory$auto$proc_rom.cc:155:do_switch$156$rdmux[0][4][7]$b$5484 [8:2], Y=$memory$auto$proc_rom.cc:155:do_switch$156$rdmux[0][3][3]$b$5448 [8:2]
      New connections: { $memory$auto$proc_rom.cc:155:do_switch$156$rdmux[0][3][3]$b$5448 [9] $memory$auto$proc_rom.cc:155:do_switch$156$rdmux[0][3][3]$b$5448 [1:0] } = { $memory$auto$proc_rom.cc:155:do_switch$156$rdmux[0][3][3]$b$5448 [8] 2'00 }
    Consolidated identical input bits for $mux cell $memory$auto$proc_rom.cc:155:do_switch$156$rdmux[0][4][6]$5479:
      Old ports: A=$memory$auto$proc_rom.cc:155:do_switch$156$rdmux[0][4][6]$a$5480, B=$memory$auto$proc_rom.cc:155:do_switch$156$rdmux[0][4][6]$b$5481, Y=$memory$auto$proc_rom.cc:155:do_switch$156$rdmux[0][3][3]$a$5447
      New ports: A={ 1'0 $memory$auto$proc_rom.cc:155:do_switch$156$rdmux[0][4][6]$a$5480 [6:3] }, B=$memory$auto$proc_rom.cc:155:do_switch$156$rdmux[0][4][6]$b$5481 [7:3], Y=$memory$auto$proc_rom.cc:155:do_switch$156$rdmux[0][3][3]$a$5447 [7:3]
      New connections: { $memory$auto$proc_rom.cc:155:do_switch$156$rdmux[0][3][3]$a$5447 [9:8] $memory$auto$proc_rom.cc:155:do_switch$156$rdmux[0][3][3]$a$5447 [2:0] } = { $memory$auto$proc_rom.cc:155:do_switch$156$rdmux[0][3][3]$a$5447 [7] $memory$auto$proc_rom.cc:155:do_switch$156$rdmux[0][3][3]$a$5447 [7] 3'000 }
    Consolidated identical input bits for $mux cell $memory$auto$proc_rom.cc:155:do_switch$156$rdmux[0][4][5]$5476:
      Old ports: A=$memory$auto$proc_rom.cc:155:do_switch$156$rdmux[0][4][5]$a$5477, B=$memory$auto$proc_rom.cc:155:do_switch$156$rdmux[0][4][5]$b$5478, Y=$memory$auto$proc_rom.cc:155:do_switch$156$rdmux[0][3][2]$b$5445
      New ports: A={ 1'0 $memory$auto$proc_rom.cc:155:do_switch$156$rdmux[0][4][5]$a$5477 [6:1] }, B=$memory$auto$proc_rom.cc:155:do_switch$156$rdmux[0][4][5]$b$5478 [7:1], Y=$memory$auto$proc_rom.cc:155:do_switch$156$rdmux[0][3][2]$b$5445 [7:1]
      New connections: { $memory$auto$proc_rom.cc:155:do_switch$156$rdmux[0][3][2]$b$5445 [9:8] $memory$auto$proc_rom.cc:155:do_switch$156$rdmux[0][3][2]$b$5445 [0] } = { $memory$auto$proc_rom.cc:155:do_switch$156$rdmux[0][3][2]$b$5445 [7] $memory$auto$proc_rom.cc:155:do_switch$156$rdmux[0][3][2]$b$5445 [7] 1'0 }
    Consolidated identical input bits for $mux cell $memory$auto$proc_rom.cc:155:do_switch$156$rdmux[0][4][4]$5473:
      Old ports: A=$memory$auto$proc_rom.cc:155:do_switch$156$rdmux[0][4][4]$a$5474, B=$memory$auto$proc_rom.cc:155:do_switch$156$rdmux[0][4][4]$b$5475, Y=$memory$auto$proc_rom.cc:155:do_switch$156$rdmux[0][3][2]$a$5444
      New ports: A={ 1'0 $memory$auto$proc_rom.cc:155:do_switch$156$rdmux[0][4][4]$a$5474 [5:2] }, B=$memory$auto$proc_rom.cc:155:do_switch$156$rdmux[0][4][4]$b$5475 [6:2], Y=$memory$auto$proc_rom.cc:155:do_switch$156$rdmux[0][3][2]$a$5444 [6:2]
      New connections: { $memory$auto$proc_rom.cc:155:do_switch$156$rdmux[0][3][2]$a$5444 [9:7] $memory$auto$proc_rom.cc:155:do_switch$156$rdmux[0][3][2]$a$5444 [1:0] } = { $memory$auto$proc_rom.cc:155:do_switch$156$rdmux[0][3][2]$a$5444 [6] $memory$auto$proc_rom.cc:155:do_switch$156$rdmux[0][3][2]$a$5444 [6] $memory$auto$proc_rom.cc:155:do_switch$156$rdmux[0][3][2]$a$5444 [6] 2'00 }
    Consolidated identical input bits for $mux cell $memory$auto$proc_rom.cc:155:do_switch$156$rdmux[0][4][3]$5470:
      Old ports: A=$memory$auto$proc_rom.cc:155:do_switch$156$rdmux[0][4][3]$a$5471, B=$memory$auto$proc_rom.cc:155:do_switch$156$rdmux[0][4][3]$b$5472, Y=$memory$auto$proc_rom.cc:155:do_switch$156$rdmux[0][3][1]$b$5442
      New ports: A={ 1'0 $memory$auto$proc_rom.cc:155:do_switch$156$rdmux[0][4][3]$a$5471 [5:0] }, B=$memory$auto$proc_rom.cc:155:do_switch$156$rdmux[0][4][3]$b$5472 [6:0], Y=$memory$auto$proc_rom.cc:155:do_switch$156$rdmux[0][3][1]$b$5442 [6:0]
      New connections: $memory$auto$proc_rom.cc:155:do_switch$156$rdmux[0][3][1]$b$5442 [9:7] = { $memory$auto$proc_rom.cc:155:do_switch$156$rdmux[0][3][1]$b$5442 [6] $memory$auto$proc_rom.cc:155:do_switch$156$rdmux[0][3][1]$b$5442 [6] $memory$auto$proc_rom.cc:155:do_switch$156$rdmux[0][3][1]$b$5442 [6] }
    Consolidated identical input bits for $mux cell $memory$auto$proc_rom.cc:155:do_switch$156$rdmux[0][4][2]$5467:
      Old ports: A=$memory$auto$proc_rom.cc:155:do_switch$156$rdmux[0][4][2]$a$5468, B=$memory$auto$proc_rom.cc:155:do_switch$156$rdmux[0][4][2]$b$5469, Y=$memory$auto$proc_rom.cc:155:do_switch$156$rdmux[0][3][1]$a$5441
      New ports: A={ 1'0 $memory$auto$proc_rom.cc:155:do_switch$156$rdmux[0][4][2]$a$5468 [4:1] }, B=$memory$auto$proc_rom.cc:155:do_switch$156$rdmux[0][4][2]$b$5469 [5:1], Y=$memory$auto$proc_rom.cc:155:do_switch$156$rdmux[0][3][1]$a$5441 [5:1]
      New connections: { $memory$auto$proc_rom.cc:155:do_switch$156$rdmux[0][3][1]$a$5441 [9:6] $memory$auto$proc_rom.cc:155:do_switch$156$rdmux[0][3][1]$a$5441 [0] } = { $memory$auto$proc_rom.cc:155:do_switch$156$rdmux[0][3][1]$a$5441 [5] $memory$auto$proc_rom.cc:155:do_switch$156$rdmux[0][3][1]$a$5441 [5] $memory$auto$proc_rom.cc:155:do_switch$156$rdmux[0][3][1]$a$5441 [5] $memory$auto$proc_rom.cc:155:do_switch$156$rdmux[0][3][1]$a$5441 [5] 1'0 }
    Consolidated identical input bits for $mux cell $memory$auto$proc_rom.cc:155:do_switch$156$rdmux[0][4][1]$5464:
      Old ports: A=$memory$auto$proc_rom.cc:155:do_switch$156$rdmux[0][4][1]$a$5465, B=$memory$auto$proc_rom.cc:155:do_switch$156$rdmux[0][4][1]$b$5466, Y=$memory$auto$proc_rom.cc:155:do_switch$156$rdmux[0][3][0]$b$5439
      New ports: A={ 1'0 $memory$auto$proc_rom.cc:155:do_switch$156$rdmux[0][4][1]$a$5465 [3:0] }, B=$memory$auto$proc_rom.cc:155:do_switch$156$rdmux[0][4][1]$b$5466 [4:0], Y=$memory$auto$proc_rom.cc:155:do_switch$156$rdmux[0][3][0]$b$5439 [4:0]
      New connections: $memory$auto$proc_rom.cc:155:do_switch$156$rdmux[0][3][0]$b$5439 [9:5] = { $memory$auto$proc_rom.cc:155:do_switch$156$rdmux[0][3][0]$b$5439 [4] $memory$auto$proc_rom.cc:155:do_switch$156$rdmux[0][3][0]$b$5439 [4] $memory$auto$proc_rom.cc:155:do_switch$156$rdmux[0][3][0]$b$5439 [4] $memory$auto$proc_rom.cc:155:do_switch$156$rdmux[0][3][0]$b$5439 [4] $memory$auto$proc_rom.cc:155:do_switch$156$rdmux[0][3][0]$b$5439 [4] }
    Consolidated identical input bits for $mux cell $memory$auto$proc_rom.cc:155:do_switch$160$rdmux[0][4][15]$4741:
      Old ports: A=$memory$auto$proc_rom.cc:155:do_switch$160$rdmux[0][4][15]$a$4742, B=$memory$auto$proc_rom.cc:155:do_switch$160$rdmux[0][4][15]$b$4743, Y=$memory$auto$proc_rom.cc:155:do_switch$160$rdmux[0][3][7]$b$4695
      New ports: A=$memory$auto$proc_rom.cc:155:do_switch$160$rdmux[0][4][15]$a$4742 [8:2], B={ 1'0 $memory$auto$proc_rom.cc:155:do_switch$160$rdmux[0][4][15]$b$4743 [7:2] }, Y=$memory$auto$proc_rom.cc:155:do_switch$160$rdmux[0][3][7]$b$4695 [8:2]
      New connections: { $memory$auto$proc_rom.cc:155:do_switch$160$rdmux[0][3][7]$b$4695 [9] $memory$auto$proc_rom.cc:155:do_switch$160$rdmux[0][3][7]$b$4695 [1:0] } = { $memory$auto$proc_rom.cc:155:do_switch$160$rdmux[0][3][7]$b$4695 [8] 2'00 }
    Consolidated identical input bits for $mux cell $memory$auto$proc_rom.cc:155:do_switch$160$rdmux[0][4][14]$4738:
      Old ports: A=$memory$auto$proc_rom.cc:155:do_switch$160$rdmux[0][4][14]$a$4739, B=$memory$auto$proc_rom.cc:155:do_switch$160$rdmux[0][4][14]$b$4740, Y=$memory$auto$proc_rom.cc:155:do_switch$160$rdmux[0][3][7]$a$4694
      New ports: A=$memory$auto$proc_rom.cc:155:do_switch$160$rdmux[0][4][14]$a$4739 [7:3], B={ 1'0 $memory$auto$proc_rom.cc:155:do_switch$160$rdmux[0][4][14]$b$4740 [6:3] }, Y=$memory$auto$proc_rom.cc:155:do_switch$160$rdmux[0][3][7]$a$4694 [7:3]
      New connections: { $memory$auto$proc_rom.cc:155:do_switch$160$rdmux[0][3][7]$a$4694 [9:8] $memory$auto$proc_rom.cc:155:do_switch$160$rdmux[0][3][7]$a$4694 [2:0] } = { $memory$auto$proc_rom.cc:155:do_switch$160$rdmux[0][3][7]$a$4694 [7] $memory$auto$proc_rom.cc:155:do_switch$160$rdmux[0][3][7]$a$4694 [7] 3'000 }
    Consolidated identical input bits for $mux cell $memory$auto$proc_rom.cc:155:do_switch$160$rdmux[0][4][13]$4735:
      Old ports: A=$memory$auto$proc_rom.cc:155:do_switch$160$rdmux[0][4][13]$a$4736, B=$memory$auto$proc_rom.cc:155:do_switch$160$rdmux[0][4][13]$b$4737, Y=$memory$auto$proc_rom.cc:155:do_switch$160$rdmux[0][3][6]$b$4692
      New ports: A=$memory$auto$proc_rom.cc:155:do_switch$160$rdmux[0][4][13]$a$4736 [7:1], B={ 1'0 $memory$auto$proc_rom.cc:155:do_switch$160$rdmux[0][4][13]$b$4737 [6:1] }, Y=$memory$auto$proc_rom.cc:155:do_switch$160$rdmux[0][3][6]$b$4692 [7:1]
      New connections: { $memory$auto$proc_rom.cc:155:do_switch$160$rdmux[0][3][6]$b$4692 [9:8] $memory$auto$proc_rom.cc:155:do_switch$160$rdmux[0][3][6]$b$4692 [0] } = { $memory$auto$proc_rom.cc:155:do_switch$160$rdmux[0][3][6]$b$4692 [7] $memory$auto$proc_rom.cc:155:do_switch$160$rdmux[0][3][6]$b$4692 [7] 1'0 }
    Consolidated identical input bits for $mux cell $memory$auto$proc_rom.cc:155:do_switch$160$rdmux[0][4][12]$4732:
      Old ports: A=$memory$auto$proc_rom.cc:155:do_switch$160$rdmux[0][4][12]$a$4733, B=$memory$auto$proc_rom.cc:155:do_switch$160$rdmux[0][4][12]$b$4734, Y=$memory$auto$proc_rom.cc:155:do_switch$160$rdmux[0][3][6]$a$4691
      New ports: A=$memory$auto$proc_rom.cc:155:do_switch$160$rdmux[0][4][12]$a$4733 [6:2], B={ 1'0 $memory$auto$proc_rom.cc:155:do_switch$160$rdmux[0][4][12]$b$4734 [5:2] }, Y=$memory$auto$proc_rom.cc:155:do_switch$160$rdmux[0][3][6]$a$4691 [6:2]
      New connections: { $memory$auto$proc_rom.cc:155:do_switch$160$rdmux[0][3][6]$a$4691 [9:7] $memory$auto$proc_rom.cc:155:do_switch$160$rdmux[0][3][6]$a$4691 [1:0] } = { $memory$auto$proc_rom.cc:155:do_switch$160$rdmux[0][3][6]$a$4691 [6] $memory$auto$proc_rom.cc:155:do_switch$160$rdmux[0][3][6]$a$4691 [6] $memory$auto$proc_rom.cc:155:do_switch$160$rdmux[0][3][6]$a$4691 [6] 2'00 }
    Consolidated identical input bits for $mux cell $memory$auto$proc_rom.cc:155:do_switch$160$rdmux[0][4][11]$4729:
      Old ports: A=$memory$auto$proc_rom.cc:155:do_switch$160$rdmux[0][4][11]$a$4730, B=$memory$auto$proc_rom.cc:155:do_switch$160$rdmux[0][4][11]$b$4731, Y=$memory$auto$proc_rom.cc:155:do_switch$160$rdmux[0][3][5]$b$4689
      New ports: A=$memory$auto$proc_rom.cc:155:do_switch$160$rdmux[0][4][11]$a$4730 [6:0], B={ 1'0 $memory$auto$proc_rom.cc:155:do_switch$160$rdmux[0][4][11]$b$4731 [5:0] }, Y=$memory$auto$proc_rom.cc:155:do_switch$160$rdmux[0][3][5]$b$4689 [6:0]
      New connections: $memory$auto$proc_rom.cc:155:do_switch$160$rdmux[0][3][5]$b$4689 [9:7] = { $memory$auto$proc_rom.cc:155:do_switch$160$rdmux[0][3][5]$b$4689 [6] $memory$auto$proc_rom.cc:155:do_switch$160$rdmux[0][3][5]$b$4689 [6] $memory$auto$proc_rom.cc:155:do_switch$160$rdmux[0][3][5]$b$4689 [6] }
    Consolidated identical input bits for $mux cell $memory$auto$proc_rom.cc:155:do_switch$160$rdmux[0][4][10]$4726:
      Old ports: A=$memory$auto$proc_rom.cc:155:do_switch$160$rdmux[0][4][10]$a$4727, B=$memory$auto$proc_rom.cc:155:do_switch$160$rdmux[0][4][10]$b$4728, Y=$memory$auto$proc_rom.cc:155:do_switch$160$rdmux[0][3][5]$a$4688
      New ports: A=$memory$auto$proc_rom.cc:155:do_switch$160$rdmux[0][4][10]$a$4727 [5:1], B={ 1'0 $memory$auto$proc_rom.cc:155:do_switch$160$rdmux[0][4][10]$b$4728 [4:1] }, Y=$memory$auto$proc_rom.cc:155:do_switch$160$rdmux[0][3][5]$a$4688 [5:1]
      New connections: { $memory$auto$proc_rom.cc:155:do_switch$160$rdmux[0][3][5]$a$4688 [9:6] $memory$auto$proc_rom.cc:155:do_switch$160$rdmux[0][3][5]$a$4688 [0] } = { $memory$auto$proc_rom.cc:155:do_switch$160$rdmux[0][3][5]$a$4688 [5] $memory$auto$proc_rom.cc:155:do_switch$160$rdmux[0][3][5]$a$4688 [5] $memory$auto$proc_rom.cc:155:do_switch$160$rdmux[0][3][5]$a$4688 [5] $memory$auto$proc_rom.cc:155:do_switch$160$rdmux[0][3][5]$a$4688 [5] 1'0 }
    Consolidated identical input bits for $mux cell $memory$auto$proc_rom.cc:155:do_switch$160$rdmux[0][4][9]$4723:
      Old ports: A=$memory$auto$proc_rom.cc:155:do_switch$160$rdmux[0][4][9]$a$4724, B=$memory$auto$proc_rom.cc:155:do_switch$160$rdmux[0][4][9]$b$4725, Y=$memory$auto$proc_rom.cc:155:do_switch$160$rdmux[0][3][4]$b$4686
      New ports: A=$memory$auto$proc_rom.cc:155:do_switch$160$rdmux[0][4][9]$a$4724 [4:0], B={ 1'0 $memory$auto$proc_rom.cc:155:do_switch$160$rdmux[0][4][9]$b$4725 [3:0] }, Y=$memory$auto$proc_rom.cc:155:do_switch$160$rdmux[0][3][4]$b$4686 [4:0]
      New connections: $memory$auto$proc_rom.cc:155:do_switch$160$rdmux[0][3][4]$b$4686 [9:5] = { $memory$auto$proc_rom.cc:155:do_switch$160$rdmux[0][3][4]$b$4686 [4] $memory$auto$proc_rom.cc:155:do_switch$160$rdmux[0][3][4]$b$4686 [4] $memory$auto$proc_rom.cc:155:do_switch$160$rdmux[0][3][4]$b$4686 [4] $memory$auto$proc_rom.cc:155:do_switch$160$rdmux[0][3][4]$b$4686 [4] $memory$auto$proc_rom.cc:155:do_switch$160$rdmux[0][3][4]$b$4686 [4] }
    Consolidated identical input bits for $mux cell $memory$auto$proc_rom.cc:155:do_switch$160$rdmux[0][4][7]$4717:
      Old ports: A=$memory$auto$proc_rom.cc:155:do_switch$160$rdmux[0][4][7]$a$4718, B=$memory$auto$proc_rom.cc:155:do_switch$160$rdmux[0][4][7]$b$4719, Y=$memory$auto$proc_rom.cc:155:do_switch$160$rdmux[0][3][3]$b$4683
      New ports: A={ 1'0 $memory$auto$proc_rom.cc:155:do_switch$160$rdmux[0][4][7]$a$4718 [7:2] }, B=$memory$auto$proc_rom.cc:155:do_switch$160$rdmux[0][4][7]$b$4719 [8:2], Y=$memory$auto$proc_rom.cc:155:do_switch$160$rdmux[0][3][3]$b$4683 [8:2]
      New connections: { $memory$auto$proc_rom.cc:155:do_switch$160$rdmux[0][3][3]$b$4683 [9] $memory$auto$proc_rom.cc:155:do_switch$160$rdmux[0][3][3]$b$4683 [1:0] } = { $memory$auto$proc_rom.cc:155:do_switch$160$rdmux[0][3][3]$b$4683 [8] 2'00 }
    Consolidated identical input bits for $mux cell $memory$auto$proc_rom.cc:155:do_switch$160$rdmux[0][4][6]$4714:
      Old ports: A=$memory$auto$proc_rom.cc:155:do_switch$160$rdmux[0][4][6]$a$4715, B=$memory$auto$proc_rom.cc:155:do_switch$160$rdmux[0][4][6]$b$4716, Y=$memory$auto$proc_rom.cc:155:do_switch$160$rdmux[0][3][3]$a$4682
      New ports: A={ 1'0 $memory$auto$proc_rom.cc:155:do_switch$160$rdmux[0][4][6]$a$4715 [6:3] }, B=$memory$auto$proc_rom.cc:155:do_switch$160$rdmux[0][4][6]$b$4716 [7:3], Y=$memory$auto$proc_rom.cc:155:do_switch$160$rdmux[0][3][3]$a$4682 [7:3]
      New connections: { $memory$auto$proc_rom.cc:155:do_switch$160$rdmux[0][3][3]$a$4682 [9:8] $memory$auto$proc_rom.cc:155:do_switch$160$rdmux[0][3][3]$a$4682 [2:0] } = { $memory$auto$proc_rom.cc:155:do_switch$160$rdmux[0][3][3]$a$4682 [7] $memory$auto$proc_rom.cc:155:do_switch$160$rdmux[0][3][3]$a$4682 [7] 3'000 }
    Consolidated identical input bits for $mux cell $memory$auto$proc_rom.cc:155:do_switch$160$rdmux[0][4][5]$4711:
      Old ports: A=$memory$auto$proc_rom.cc:155:do_switch$160$rdmux[0][4][5]$a$4712, B=$memory$auto$proc_rom.cc:155:do_switch$160$rdmux[0][4][5]$b$4713, Y=$memory$auto$proc_rom.cc:155:do_switch$160$rdmux[0][3][2]$b$4680
      New ports: A={ 1'0 $memory$auto$proc_rom.cc:155:do_switch$160$rdmux[0][4][5]$a$4712 [6:1] }, B=$memory$auto$proc_rom.cc:155:do_switch$160$rdmux[0][4][5]$b$4713 [7:1], Y=$memory$auto$proc_rom.cc:155:do_switch$160$rdmux[0][3][2]$b$4680 [7:1]
      New connections: { $memory$auto$proc_rom.cc:155:do_switch$160$rdmux[0][3][2]$b$4680 [9:8] $memory$auto$proc_rom.cc:155:do_switch$160$rdmux[0][3][2]$b$4680 [0] } = { $memory$auto$proc_rom.cc:155:do_switch$160$rdmux[0][3][2]$b$4680 [7] $memory$auto$proc_rom.cc:155:do_switch$160$rdmux[0][3][2]$b$4680 [7] 1'0 }
    Consolidated identical input bits for $mux cell $memory$auto$proc_rom.cc:155:do_switch$160$rdmux[0][4][4]$4708:
      Old ports: A=$memory$auto$proc_rom.cc:155:do_switch$160$rdmux[0][4][4]$a$4709, B=$memory$auto$proc_rom.cc:155:do_switch$160$rdmux[0][4][4]$b$4710, Y=$memory$auto$proc_rom.cc:155:do_switch$160$rdmux[0][3][2]$a$4679
      New ports: A={ 1'0 $memory$auto$proc_rom.cc:155:do_switch$160$rdmux[0][4][4]$a$4709 [5:2] }, B=$memory$auto$proc_rom.cc:155:do_switch$160$rdmux[0][4][4]$b$4710 [6:2], Y=$memory$auto$proc_rom.cc:155:do_switch$160$rdmux[0][3][2]$a$4679 [6:2]
      New connections: { $memory$auto$proc_rom.cc:155:do_switch$160$rdmux[0][3][2]$a$4679 [9:7] $memory$auto$proc_rom.cc:155:do_switch$160$rdmux[0][3][2]$a$4679 [1:0] } = { $memory$auto$proc_rom.cc:155:do_switch$160$rdmux[0][3][2]$a$4679 [6] $memory$auto$proc_rom.cc:155:do_switch$160$rdmux[0][3][2]$a$4679 [6] $memory$auto$proc_rom.cc:155:do_switch$160$rdmux[0][3][2]$a$4679 [6] 2'00 }
    Consolidated identical input bits for $mux cell $memory$auto$proc_rom.cc:155:do_switch$160$rdmux[0][4][3]$4705:
      Old ports: A=$memory$auto$proc_rom.cc:155:do_switch$160$rdmux[0][4][3]$a$4706, B=$memory$auto$proc_rom.cc:155:do_switch$160$rdmux[0][4][3]$b$4707, Y=$memory$auto$proc_rom.cc:155:do_switch$160$rdmux[0][3][1]$b$4677
      New ports: A={ 1'0 $memory$auto$proc_rom.cc:155:do_switch$160$rdmux[0][4][3]$a$4706 [5:0] }, B=$memory$auto$proc_rom.cc:155:do_switch$160$rdmux[0][4][3]$b$4707 [6:0], Y=$memory$auto$proc_rom.cc:155:do_switch$160$rdmux[0][3][1]$b$4677 [6:0]
      New connections: $memory$auto$proc_rom.cc:155:do_switch$160$rdmux[0][3][1]$b$4677 [9:7] = { $memory$auto$proc_rom.cc:155:do_switch$160$rdmux[0][3][1]$b$4677 [6] $memory$auto$proc_rom.cc:155:do_switch$160$rdmux[0][3][1]$b$4677 [6] $memory$auto$proc_rom.cc:155:do_switch$160$rdmux[0][3][1]$b$4677 [6] }
    Consolidated identical input bits for $mux cell $memory$auto$proc_rom.cc:155:do_switch$160$rdmux[0][4][2]$4702:
      Old ports: A=$memory$auto$proc_rom.cc:155:do_switch$160$rdmux[0][4][2]$a$4703, B=$memory$auto$proc_rom.cc:155:do_switch$160$rdmux[0][4][2]$b$4704, Y=$memory$auto$proc_rom.cc:155:do_switch$160$rdmux[0][3][1]$a$4676
      New ports: A={ 1'0 $memory$auto$proc_rom.cc:155:do_switch$160$rdmux[0][4][2]$a$4703 [4:1] }, B=$memory$auto$proc_rom.cc:155:do_switch$160$rdmux[0][4][2]$b$4704 [5:1], Y=$memory$auto$proc_rom.cc:155:do_switch$160$rdmux[0][3][1]$a$4676 [5:1]
      New connections: { $memory$auto$proc_rom.cc:155:do_switch$160$rdmux[0][3][1]$a$4676 [9:6] $memory$auto$proc_rom.cc:155:do_switch$160$rdmux[0][3][1]$a$4676 [0] } = { $memory$auto$proc_rom.cc:155:do_switch$160$rdmux[0][3][1]$a$4676 [5] $memory$auto$proc_rom.cc:155:do_switch$160$rdmux[0][3][1]$a$4676 [5] $memory$auto$proc_rom.cc:155:do_switch$160$rdmux[0][3][1]$a$4676 [5] $memory$auto$proc_rom.cc:155:do_switch$160$rdmux[0][3][1]$a$4676 [5] 1'0 }
    Consolidated identical input bits for $mux cell $memory$auto$proc_rom.cc:155:do_switch$160$rdmux[0][4][1]$4699:
      Old ports: A=$memory$auto$proc_rom.cc:155:do_switch$160$rdmux[0][4][1]$a$4700, B=$memory$auto$proc_rom.cc:155:do_switch$160$rdmux[0][4][1]$b$4701, Y=$memory$auto$proc_rom.cc:155:do_switch$160$rdmux[0][3][0]$b$4674
      New ports: A={ 1'0 $memory$auto$proc_rom.cc:155:do_switch$160$rdmux[0][4][1]$a$4700 [3:0] }, B=$memory$auto$proc_rom.cc:155:do_switch$160$rdmux[0][4][1]$b$4701 [4:0], Y=$memory$auto$proc_rom.cc:155:do_switch$160$rdmux[0][3][0]$b$4674 [4:0]
      New connections: $memory$auto$proc_rom.cc:155:do_switch$160$rdmux[0][3][0]$b$4674 [9:5] = { $memory$auto$proc_rom.cc:155:do_switch$160$rdmux[0][3][0]$b$4674 [4] $memory$auto$proc_rom.cc:155:do_switch$160$rdmux[0][3][0]$b$4674 [4] $memory$auto$proc_rom.cc:155:do_switch$160$rdmux[0][3][0]$b$4674 [4] $memory$auto$proc_rom.cc:155:do_switch$160$rdmux[0][3][0]$b$4674 [4] $memory$auto$proc_rom.cc:155:do_switch$160$rdmux[0][3][0]$b$4674 [4] }
    Consolidated identical input bits for $mux cell $procmux$605:
      Old ports: A=$48\quant_scaled$func$/home/b10507053/ALS_Final_Project/student/work/ex250_ex254_frontend_fp4_dot_fma_semantic_20260608_2105/ex250/verilog/ex250_semantic_fp4_dot2_prodtable_qrange.v:366$10.$result[6:0]$150, B=5'00110, Y=$47\quant_scaled$func$/home/b10507053/ALS_Final_Project/student/work/ex250_ex254_frontend_fp4_dot_fma_semantic_20260608_2105/ex250/verilog/ex250_semantic_fp4_dot2_prodtable_qrange.v:366$10.$result[6:0]$148
      New ports: A={ $48\quant_scaled$func$/home/b10507053/ALS_Final_Project/student/work/ex250_ex254_frontend_fp4_dot_fma_semantic_20260608_2105/ex250/verilog/ex250_semantic_fp4_dot2_prodtable_qrange.v:366$10.$result[6:0]$150 [4:3] $48\quant_scaled$func$/home/b10507053/ALS_Final_Project/student/work/ex250_ex254_frontend_fp4_dot_fma_semantic_20260608_2105/ex250/verilog/ex250_semantic_fp4_dot2_prodtable_qrange.v:366$10.$result[6:0]$150 [1:0] }, B=4'0010, Y={ $47\quant_scaled$func$/home/b10507053/ALS_Final_Project/student/work/ex250_ex254_frontend_fp4_dot_fma_semantic_20260608_2105/ex250/verilog/ex250_semantic_fp4_dot2_prodtable_qrange.v:366$10.$result[6:0]$148 [4:3] $47\quant_scaled$func$/home/b10507053/ALS_Final_Project/student/work/ex250_ex254_frontend_fp4_dot_fma_semantic_20260608_2105/ex250/verilog/ex250_semantic_fp4_dot2_prodtable_qrange.v:366$10.$result[6:0]$148 [1:0] }
      New connections: $47\quant_scaled$func$/home/b10507053/ALS_Final_Project/student/work/ex250_ex254_frontend_fp4_dot_fma_semantic_20260608_2105/ex250/verilog/ex250_semantic_fp4_dot2_prodtable_qrange.v:366$10.$result[6:0]$148 [2] = $47\quant_scaled$func$/home/b10507053/ALS_Final_Project/student/work/ex250_ex254_frontend_fp4_dot_fma_semantic_20260608_2105/ex250/verilog/ex250_semantic_fp4_dot2_prodtable_qrange.v:366$10.$result[6:0]$148 [1]
  Optimizing cells in module \ex250_semantic_fp4_dot2_prodtable_qrange.
    Consolidated identical input bits for $mux cell $memory$auto$proc_rom.cc:155:do_switch$156$rdmux[0][3][7]$5458:
      Old ports: A=$memory$auto$proc_rom.cc:155:do_switch$156$rdmux[0][3][7]$a$5459, B=$memory$auto$proc_rom.cc:155:do_switch$156$rdmux[0][3][7]$b$5460, Y=$memory$auto$proc_rom.cc:155:do_switch$156$rdmux[0][2][3]$b$5436
      New ports: A={ $memory$auto$proc_rom.cc:155:do_switch$156$rdmux[0][3][7]$a$5459 [7] $memory$auto$proc_rom.cc:155:do_switch$156$rdmux[0][3][7]$a$5459 [7:3] 1'0 }, B=$memory$auto$proc_rom.cc:155:do_switch$156$rdmux[0][3][7]$b$5460 [8:2], Y=$memory$auto$proc_rom.cc:155:do_switch$156$rdmux[0][2][3]$b$5436 [8:2]
      New connections: { $memory$auto$proc_rom.cc:155:do_switch$156$rdmux[0][2][3]$b$5436 [9] $memory$auto$proc_rom.cc:155:do_switch$156$rdmux[0][2][3]$b$5436 [1:0] } = { $memory$auto$proc_rom.cc:155:do_switch$156$rdmux[0][2][3]$b$5436 [8] 2'00 }
    Consolidated identical input bits for $mux cell $memory$auto$proc_rom.cc:155:do_switch$156$rdmux[0][3][6]$5455:
      Old ports: A=$memory$auto$proc_rom.cc:155:do_switch$156$rdmux[0][3][6]$a$5456, B=$memory$auto$proc_rom.cc:155:do_switch$156$rdmux[0][3][6]$b$5457, Y=$memory$auto$proc_rom.cc:155:do_switch$156$rdmux[0][2][3]$a$5435
      New ports: A={ $memory$auto$proc_rom.cc:155:do_switch$156$rdmux[0][3][6]$a$5456 [6] $memory$auto$proc_rom.cc:155:do_switch$156$rdmux[0][3][6]$a$5456 [6:2] 1'0 }, B=$memory$auto$proc_rom.cc:155:do_switch$156$rdmux[0][3][6]$b$5457 [7:1], Y=$memory$auto$proc_rom.cc:155:do_switch$156$rdmux[0][2][3]$a$5435 [7:1]
      New connections: { $memory$auto$proc_rom.cc:155:do_switch$156$rdmux[0][2][3]$a$5435 [9:8] $memory$auto$proc_rom.cc:155:do_switch$156$rdmux[0][2][3]$a$5435 [0] } = { $memory$auto$proc_rom.cc:155:do_switch$156$rdmux[0][2][3]$a$5435 [7] $memory$auto$proc_rom.cc:155:do_switch$156$rdmux[0][2][3]$a$5435 [7] 1'0 }
    Consolidated identical input bits for $mux cell $memory$auto$proc_rom.cc:155:do_switch$156$rdmux[0][3][5]$5452:
      Old ports: A=$memory$auto$proc_rom.cc:155:do_switch$156$rdmux[0][3][5]$a$5453, B=$memory$auto$proc_rom.cc:155:do_switch$156$rdmux[0][3][5]$b$5454, Y=$memory$auto$proc_rom.cc:155:do_switch$156$rdmux[0][2][2]$b$5433
      New ports: A={ $memory$auto$proc_rom.cc:155:do_switch$156$rdmux[0][3][5]$a$5453 [5] $memory$auto$proc_rom.cc:155:do_switch$156$rdmux[0][3][5]$a$5453 [5:1] 1'0 }, B=$memory$auto$proc_rom.cc:155:do_switch$156$rdmux[0][3][5]$b$5454 [6:0], Y=$memory$auto$proc_rom.cc:155:do_switch$156$rdmux[0][2][2]$b$5433 [6:0]
      New connections: $memory$auto$proc_rom.cc:155:do_switch$156$rdmux[0][2][2]$b$5433 [9:7] = { $memory$auto$proc_rom.cc:155:do_switch$156$rdmux[0][2][2]$b$5433 [6] $memory$auto$proc_rom.cc:155:do_switch$156$rdmux[0][2][2]$b$5433 [6] $memory$auto$proc_rom.cc:155:do_switch$156$rdmux[0][2][2]$b$5433 [6] }
    Consolidated identical input bits for $mux cell $memory$auto$proc_rom.cc:155:do_switch$156$rdmux[0][3][4]$5449:
      Old ports: A=10'0000000000, B=$memory$auto$proc_rom.cc:155:do_switch$156$rdmux[0][3][4]$b$5451, Y=$memory$auto$proc_rom.cc:155:do_switch$156$rdmux[0][2][2]$a$5432
      New ports: A=5'00000, B=$memory$auto$proc_rom.cc:155:do_switch$156$rdmux[0][3][4]$b$5451 [4:0], Y=$memory$auto$proc_rom.cc:155:do_switch$156$rdmux[0][2][2]$a$5432 [4:0]
      New connections: $memory$auto$proc_rom.cc:155:do_switch$156$rdmux[0][2][2]$a$5432 [9:5] = { $memory$auto$proc_rom.cc:155:do_switch$156$rdmux[0][2][2]$a$5432 [4] $memory$auto$proc_rom.cc:155:do_switch$156$rdmux[0][2][2]$a$5432 [4] $memory$auto$proc_rom.cc:155:do_switch$156$rdmux[0][2][2]$a$5432 [4] $memory$auto$proc_rom.cc:155:do_switch$156$rdmux[0][2][2]$a$5432 [4] $memory$auto$proc_rom.cc:155:do_switch$156$rdmux[0][2][2]$a$5432 [4] }
    Consolidated identical input bits for $mux cell $memory$auto$proc_rom.cc:155:do_switch$156$rdmux[0][3][3]$5446:
      Old ports: A=$memory$auto$proc_rom.cc:155:do_switch$156$rdmux[0][3][3]$a$5447, B=$memory$auto$proc_rom.cc:155:do_switch$156$rdmux[0][3][3]$b$5448, Y=$memory$auto$proc_rom.cc:155:do_switch$156$rdmux[0][2][1]$b$5430
      New ports: A={ $memory$auto$proc_rom.cc:155:do_switch$156$rdmux[0][3][3]$a$5447 [7] $memory$auto$proc_rom.cc:155:do_switch$156$rdmux[0][3][3]$a$5447 [7:3] 1'0 }, B=$memory$auto$proc_rom.cc:155:do_switch$156$rdmux[0][3][3]$b$5448 [8:2], Y=$memory$auto$proc_rom.cc:155:do_switch$156$rdmux[0][2][1]$b$5430 [8:2]
      New connections: { $memory$auto$proc_rom.cc:155:do_switch$156$rdmux[0][2][1]$b$5430 [9] $memory$auto$proc_rom.cc:155:do_switch$156$rdmux[0][2][1]$b$5430 [1:0] } = { $memory$auto$proc_rom.cc:155:do_switch$156$rdmux[0][2][1]$b$5430 [8] 2'00 }
    Consolidated identical input bits for $mux cell $memory$auto$proc_rom.cc:155:do_switch$156$rdmux[0][3][2]$5443:
      Old ports: A=$memory$auto$proc_rom.cc:155:do_switch$156$rdmux[0][3][2]$a$5444, B=$memory$auto$proc_rom.cc:155:do_switch$156$rdmux[0][3][2]$b$5445, Y=$memory$auto$proc_rom.cc:155:do_switch$156$rdmux[0][2][1]$a$5429
      New ports: A={ $memory$auto$proc_rom.cc:155:do_switch$156$rdmux[0][3][2]$a$5444 [6] $memory$auto$proc_rom.cc:155:do_switch$156$rdmux[0][3][2]$a$5444 [6:2] 1'0 }, B=$memory$auto$proc_rom.cc:155:do_switch$156$rdmux[0][3][2]$b$5445 [7:1], Y=$memory$auto$proc_rom.cc:155:do_switch$156$rdmux[0][2][1]$a$5429 [7:1]
      New connections: { $memory$auto$proc_rom.cc:155:do_switch$156$rdmux[0][2][1]$a$5429 [9:8] $memory$auto$proc_rom.cc:155:do_switch$156$rdmux[0][2][1]$a$5429 [0] } = { $memory$auto$proc_rom.cc:155:do_switch$156$rdmux[0][2][1]$a$5429 [7] $memory$auto$proc_rom.cc:155:do_switch$156$rdmux[0][2][1]$a$5429 [7] 1'0 }
    Consolidated identical input bits for $mux cell $memory$auto$proc_rom.cc:155:do_switch$156$rdmux[0][3][1]$5440:
      Old ports: A=$memory$auto$proc_rom.cc:155:do_switch$156$rdmux[0][3][1]$a$5441, B=$memory$auto$proc_rom.cc:155:do_switch$156$rdmux[0][3][1]$b$5442, Y=$memory$auto$proc_rom.cc:155:do_switch$156$rdmux[0][2][0]$b$5427
      New ports: A={ $memory$auto$proc_rom.cc:155:do_switch$156$rdmux[0][3][1]$a$5441 [5] $memory$auto$proc_rom.cc:155:do_switch$156$rdmux[0][3][1]$a$5441 [5:1] 1'0 }, B=$memory$auto$proc_rom.cc:155:do_switch$156$rdmux[0][3][1]$b$5442 [6:0], Y=$memory$auto$proc_rom.cc:155:do_switch$156$rdmux[0][2][0]$b$5427 [6:0]
      New connections: $memory$auto$proc_rom.cc:155:do_switch$156$rdmux[0][2][0]$b$5427 [9:7] = { $memory$auto$proc_rom.cc:155:do_switch$156$rdmux[0][2][0]$b$5427 [6] $memory$auto$proc_rom.cc:155:do_switch$156$rdmux[0][2][0]$b$5427 [6] $memory$auto$proc_rom.cc:155:do_switch$156$rdmux[0][2][0]$b$5427 [6] }
    Consolidated identical input bits for $mux cell $memory$auto$proc_rom.cc:155:do_switch$156$rdmux[0][3][0]$5437:
      Old ports: A=10'0000000000, B=$memory$auto$proc_rom.cc:155:do_switch$156$rdmux[0][3][0]$b$5439, Y=$memory$auto$proc_rom.cc:155:do_switch$156$rdmux[0][2][0]$a$5426
      New ports: A=5'00000, B=$memory$auto$proc_rom.cc:155:do_switch$156$rdmux[0][3][0]$b$5439 [4:0], Y=$memory$auto$proc_rom.cc:155:do_switch$156$rdmux[0][2][0]$a$5426 [4:0]
      New connections: $memory$auto$proc_rom.cc:155:do_switch$156$rdmux[0][2][0]$a$5426 [9:5] = { $memory$auto$proc_rom.cc:155:do_switch$156$rdmux[0][2][0]$a$5426 [4] $memory$auto$proc_rom.cc:155:do_switch$156$rdmux[0][2][0]$a$5426 [4] $memory$auto$proc_rom.cc:155:do_switch$156$rdmux[0][2][0]$a$5426 [4] $memory$auto$proc_rom.cc:155:do_switch$156$rdmux[0][2][0]$a$5426 [4] $memory$auto$proc_rom.cc:155:do_switch$156$rdmux[0][2][0]$a$5426 [4] }
    Consolidated identical input bits for $mux cell $memory$auto$proc_rom.cc:155:do_switch$160$rdmux[0][3][7]$4693:
      Old ports: A=$memory$auto$proc_rom.cc:155:do_switch$160$rdmux[0][3][7]$a$4694, B=$memory$auto$proc_rom.cc:155:do_switch$160$rdmux[0][3][7]$b$4695, Y=$memory$auto$proc_rom.cc:155:do_switch$160$rdmux[0][2][3]$b$4671
      New ports: A={ $memory$auto$proc_rom.cc:155:do_switch$160$rdmux[0][3][7]$a$4694 [7] $memory$auto$proc_rom.cc:155:do_switch$160$rdmux[0][3][7]$a$4694 [7:3] 1'0 }, B=$memory$auto$proc_rom.cc:155:do_switch$160$rdmux[0][3][7]$b$4695 [8:2], Y=$memory$auto$proc_rom.cc:155:do_switch$160$rdmux[0][2][3]$b$4671 [8:2]
      New connections: { $memory$auto$proc_rom.cc:155:do_switch$160$rdmux[0][2][3]$b$4671 [9] $memory$auto$proc_rom.cc:155:do_switch$160$rdmux[0][2][3]$b$4671 [1:0] } = { $memory$auto$proc_rom.cc:155:do_switch$160$rdmux[0][2][3]$b$4671 [8] 2'00 }
    Consolidated identical input bits for $mux cell $memory$auto$proc_rom.cc:155:do_switch$160$rdmux[0][3][6]$4690:
      Old ports: A=$memory$auto$proc_rom.cc:155:do_switch$160$rdmux[0][3][6]$a$4691, B=$memory$auto$proc_rom.cc:155:do_switch$160$rdmux[0][3][6]$b$4692, Y=$memory$auto$proc_rom.cc:155:do_switch$160$rdmux[0][2][3]$a$4670
      New ports: A={ $memory$auto$proc_rom.cc:155:do_switch$160$rdmux[0][3][6]$a$4691 [6] $memory$auto$proc_rom.cc:155:do_switch$160$rdmux[0][3][6]$a$4691 [6:2] 1'0 }, B=$memory$auto$proc_rom.cc:155:do_switch$160$rdmux[0][3][6]$b$4692 [7:1], Y=$memory$auto$proc_rom.cc:155:do_switch$160$rdmux[0][2][3]$a$4670 [7:1]
      New connections: { $memory$auto$proc_rom.cc:155:do_switch$160$rdmux[0][2][3]$a$4670 [9:8] $memory$auto$proc_rom.cc:155:do_switch$160$rdmux[0][2][3]$a$4670 [0] } = { $memory$auto$proc_rom.cc:155:do_switch$160$rdmux[0][2][3]$a$4670 [7] $memory$auto$proc_rom.cc:155:do_switch$160$rdmux[0][2][3]$a$4670 [7] 1'0 }
    Consolidated identical input bits for $mux cell $memory$auto$proc_rom.cc:155:do_switch$160$rdmux[0][3][5]$4687:
      Old ports: A=$memory$auto$proc_rom.cc:155:do_switch$160$rdmux[0][3][5]$a$4688, B=$memory$auto$proc_rom.cc:155:do_switch$160$rdmux[0][3][5]$b$4689, Y=$memory$auto$proc_rom.cc:155:do_switch$160$rdmux[0][2][2]$b$4668
      New ports: A={ $memory$auto$proc_rom.cc:155:do_switch$160$rdmux[0][3][5]$a$4688 [5] $memory$auto$proc_rom.cc:155:do_switch$160$rdmux[0][3][5]$a$4688 [5:1] 1'0 }, B=$memory$auto$proc_rom.cc:155:do_switch$160$rdmux[0][3][5]$b$4689 [6:0], Y=$memory$auto$proc_rom.cc:155:do_switch$160$rdmux[0][2][2]$b$4668 [6:0]
      New connections: $memory$auto$proc_rom.cc:155:do_switch$160$rdmux[0][2][2]$b$4668 [9:7] = { $memory$auto$proc_rom.cc:155:do_switch$160$rdmux[0][2][2]$b$4668 [6] $memory$auto$proc_rom.cc:155:do_switch$160$rdmux[0][2][2]$b$4668 [6] $memory$auto$proc_rom.cc:155:do_switch$160$rdmux[0][2][2]$b$4668 [6] }
    Consolidated identical input bits for $mux cell $memory$auto$proc_rom.cc:155:do_switch$160$rdmux[0][3][4]$4684:
      Old ports: A=10'0000000000, B=$memory$auto$proc_rom.cc:155:do_switch$160$rdmux[0][3][4]$b$4686, Y=$memory$auto$proc_rom.cc:155:do_switch$160$rdmux[0][2][2]$a$4667
      New ports: A=5'00000, B=$memory$auto$proc_rom.cc:155:do_switch$160$rdmux[0][3][4]$b$4686 [4:0], Y=$memory$auto$proc_rom.cc:155:do_switch$160$rdmux[0][2][2]$a$4667 [4:0]
      New connections: $memory$auto$proc_rom.cc:155:do_switch$160$rdmux[0][2][2]$a$4667 [9:5] = { $memory$auto$proc_rom.cc:155:do_switch$160$rdmux[0][2][2]$a$4667 [4] $memory$auto$proc_rom.cc:155:do_switch$160$rdmux[0][2][2]$a$4667 [4] $memory$auto$proc_rom.cc:155:do_switch$160$rdmux[0][2][2]$a$4667 [4] $memory$auto$proc_rom.cc:155:do_switch$160$rdmux[0][2][2]$a$4667 [4] $memory$auto$proc_rom.cc:155:do_switch$160$rdmux[0][2][2]$a$4667 [4] }
    Consolidated identical input bits for $mux cell $memory$auto$proc_rom.cc:155:do_switch$160$rdmux[0][3][3]$4681:
      Old ports: A=$memory$auto$proc_rom.cc:155:do_switch$160$rdmux[0][3][3]$a$4682, B=$memory$auto$proc_rom.cc:155:do_switch$160$rdmux[0][3][3]$b$4683, Y=$memory$auto$proc_rom.cc:155:do_switch$160$rdmux[0][2][1]$b$4665
      New ports: A={ $memory$auto$proc_rom.cc:155:do_switch$160$rdmux[0][3][3]$a$4682 [7] $memory$auto$proc_rom.cc:155:do_switch$160$rdmux[0][3][3]$a$4682 [7:3] 1'0 }, B=$memory$auto$proc_rom.cc:155:do_switch$160$rdmux[0][3][3]$b$4683 [8:2], Y=$memory$auto$proc_rom.cc:155:do_switch$160$rdmux[0][2][1]$b$4665 [8:2]
      New connections: { $memory$auto$proc_rom.cc:155:do_switch$160$rdmux[0][2][1]$b$4665 [9] $memory$auto$proc_rom.cc:155:do_switch$160$rdmux[0][2][1]$b$4665 [1:0] } = { $memory$auto$proc_rom.cc:155:do_switch$160$rdmux[0][2][1]$b$4665 [8] 2'00 }
    Consolidated identical input bits for $mux cell $memory$auto$proc_rom.cc:155:do_switch$160$rdmux[0][3][2]$4678:
      Old ports: A=$memory$auto$proc_rom.cc:155:do_switch$160$rdmux[0][3][2]$a$4679, B=$memory$auto$proc_rom.cc:155:do_switch$160$rdmux[0][3][2]$b$4680, Y=$memory$auto$proc_rom.cc:155:do_switch$160$rdmux[0][2][1]$a$4664
      New ports: A={ $memory$auto$proc_rom.cc:155:do_switch$160$rdmux[0][3][2]$a$4679 [6] $memory$auto$proc_rom.cc:155:do_switch$160$rdmux[0][3][2]$a$4679 [6:2] 1'0 }, B=$memory$auto$proc_rom.cc:155:do_switch$160$rdmux[0][3][2]$b$4680 [7:1], Y=$memory$auto$proc_rom.cc:155:do_switch$160$rdmux[0][2][1]$a$4664 [7:1]
      New connections: { $memory$auto$proc_rom.cc:155:do_switch$160$rdmux[0][2][1]$a$4664 [9:8] $memory$auto$proc_rom.cc:155:do_switch$160$rdmux[0][2][1]$a$4664 [0] } = { $memory$auto$proc_rom.cc:155:do_switch$160$rdmux[0][2][1]$a$4664 [7] $memory$auto$proc_rom.cc:155:do_switch$160$rdmux[0][2][1]$a$4664 [7] 1'0 }
    Consolidated identical input bits for $mux cell $memory$auto$proc_rom.cc:155:do_switch$160$rdmux[0][3][1]$4675:
      Old ports: A=$memory$auto$proc_rom.cc:155:do_switch$160$rdmux[0][3][1]$a$4676, B=$memory$auto$proc_rom.cc:155:do_switch$160$rdmux[0][3][1]$b$4677, Y=$memory$auto$proc_rom.cc:155:do_switch$160$rdmux[0][2][0]$b$4662
      New ports: A={ $memory$auto$proc_rom.cc:155:do_switch$160$rdmux[0][3][1]$a$4676 [5] $memory$auto$proc_rom.cc:155:do_switch$160$rdmux[0][3][1]$a$4676 [5:1] 1'0 }, B=$memory$auto$proc_rom.cc:155:do_switch$160$rdmux[0][3][1]$b$4677 [6:0], Y=$memory$auto$proc_rom.cc:155:do_switch$160$rdmux[0][2][0]$b$4662 [6:0]
      New connections: $memory$auto$proc_rom.cc:155:do_switch$160$rdmux[0][2][0]$b$4662 [9:7] = { $memory$auto$proc_rom.cc:155:do_switch$160$rdmux[0][2][0]$b$4662 [6] $memory$auto$proc_rom.cc:155:do_switch$160$rdmux[0][2][0]$b$4662 [6] $memory$auto$proc_rom.cc:155:do_switch$160$rdmux[0][2][0]$b$4662 [6] }
    Consolidated identical input bits for $mux cell $memory$auto$proc_rom.cc:155:do_switch$160$rdmux[0][3][0]$4672:
      Old ports: A=10'0000000000, B=$memory$auto$proc_rom.cc:155:do_switch$160$rdmux[0][3][0]$b$4674, Y=$memory$auto$proc_rom.cc:155:do_switch$160$rdmux[0][2][0]$a$4661
      New ports: A=5'00000, B=$memory$auto$proc_rom.cc:155:do_switch$160$rdmux[0][3][0]$b$4674 [4:0], Y=$memory$auto$proc_rom.cc:155:do_switch$160$rdmux[0][2][0]$a$4661 [4:0]
      New connections: $memory$auto$proc_rom.cc:155:do_switch$160$rdmux[0][2][0]$a$4661 [9:5] = { $memory$auto$proc_rom.cc:155:do_switch$160$rdmux[0][2][0]$a$4661 [4] $memory$auto$proc_rom.cc:155:do_switch$160$rdmux[0][2][0]$a$4661 [4] $memory$auto$proc_rom.cc:155:do_switch$160$rdmux[0][2][0]$a$4661 [4] $memory$auto$proc_rom.cc:155:do_switch$160$rdmux[0][2][0]$a$4661 [4] $memory$auto$proc_rom.cc:155:do_switch$160$rdmux[0][2][0]$a$4661 [4] }
  Optimizing cells in module \ex250_semantic_fp4_dot2_prodtable_qrange.
    Consolidated identical input bits for $mux cell $memory$auto$proc_rom.cc:155:do_switch$156$rdmux[0][2][3]$5434:
      Old ports: A=$memory$auto$proc_rom.cc:155:do_switch$156$rdmux[0][2][3]$a$5435, B=$memory$auto$proc_rom.cc:155:do_switch$156$rdmux[0][2][3]$b$5436, Y=$memory$auto$proc_rom.cc:155:do_switch$156$rdmux[0][1][1]$b$5424
      New ports: A={ $memory$auto$proc_rom.cc:155:do_switch$156$rdmux[0][2][3]$a$5435 [7] $memory$auto$proc_rom.cc:155:do_switch$156$rdmux[0][2][3]$a$5435 [7:1] }, B={ $memory$auto$proc_rom.cc:155:do_switch$156$rdmux[0][2][3]$b$5436 [8:2] 1'0 }, Y=$memory$auto$proc_rom.cc:155:do_switch$156$rdmux[0][1][1]$b$5424 [8:1]
      New connections: { $memory$auto$proc_rom.cc:155:do_switch$156$rdmux[0][1][1]$b$5424 [9] $memory$auto$proc_rom.cc:155:do_switch$156$rdmux[0][1][1]$b$5424 [0] } = { $memory$auto$proc_rom.cc:155:do_switch$156$rdmux[0][1][1]$b$5424 [8] 1'0 }
    Consolidated identical input bits for $mux cell $memory$auto$proc_rom.cc:155:do_switch$156$rdmux[0][2][2]$5431:
      Old ports: A=$memory$auto$proc_rom.cc:155:do_switch$156$rdmux[0][2][2]$a$5432, B=$memory$auto$proc_rom.cc:155:do_switch$156$rdmux[0][2][2]$b$5433, Y=$memory$auto$proc_rom.cc:155:do_switch$156$rdmux[0][1][1]$a$5423
      New ports: A={ $memory$auto$proc_rom.cc:155:do_switch$156$rdmux[0][2][2]$a$5432 [4] $memory$auto$proc_rom.cc:155:do_switch$156$rdmux[0][2][2]$a$5432 [4] $memory$auto$proc_rom.cc:155:do_switch$156$rdmux[0][2][2]$a$5432 [4:0] }, B=$memory$auto$proc_rom.cc:155:do_switch$156$rdmux[0][2][2]$b$5433 [6:0], Y=$memory$auto$proc_rom.cc:155:do_switch$156$rdmux[0][1][1]$a$5423 [6:0]
      New connections: $memory$auto$proc_rom.cc:155:do_switch$156$rdmux[0][1][1]$a$5423 [9:7] = { $memory$auto$proc_rom.cc:155:do_switch$156$rdmux[0][1][1]$a$5423 [6] $memory$auto$proc_rom.cc:155:do_switch$156$rdmux[0][1][1]$a$5423 [6] $memory$auto$proc_rom.cc:155:do_switch$156$rdmux[0][1][1]$a$5423 [6] }
    Consolidated identical input bits for $mux cell $memory$auto$proc_rom.cc:155:do_switch$156$rdmux[0][2][1]$5428:
      Old ports: A=$memory$auto$proc_rom.cc:155:do_switch$156$rdmux[0][2][1]$a$5429, B=$memory$auto$proc_rom.cc:155:do_switch$156$rdmux[0][2][1]$b$5430, Y=$memory$auto$proc_rom.cc:155:do_switch$156$rdmux[0][1][0]$b$5421
      New ports: A={ $memory$auto$proc_rom.cc:155:do_switch$156$rdmux[0][2][1]$a$5429 [7] $memory$auto$proc_rom.cc:155:do_switch$156$rdmux[0][2][1]$a$5429 [7:1] }, B={ $memory$auto$proc_rom.cc:155:do_switch$156$rdmux[0][2][1]$b$5430 [8:2] 1'0 }, Y=$memory$auto$proc_rom.cc:155:do_switch$156$rdmux[0][1][0]$b$5421 [8:1]
      New connections: { $memory$auto$proc_rom.cc:155:do_switch$156$rdmux[0][1][0]$b$5421 [9] $memory$auto$proc_rom.cc:155:do_switch$156$rdmux[0][1][0]$b$5421 [0] } = { $memory$auto$proc_rom.cc:155:do_switch$156$rdmux[0][1][0]$b$5421 [8] 1'0 }
    Consolidated identical input bits for $mux cell $memory$auto$proc_rom.cc:155:do_switch$156$rdmux[0][2][0]$5425:
      Old ports: A=$memory$auto$proc_rom.cc:155:do_switch$156$rdmux[0][2][0]$a$5426, B=$memory$auto$proc_rom.cc:155:do_switch$156$rdmux[0][2][0]$b$5427, Y=$memory$auto$proc_rom.cc:155:do_switch$156$rdmux[0][1][0]$a$5420
      New ports: A={ $memory$auto$proc_rom.cc:155:do_switch$156$rdmux[0][2][0]$a$5426 [4] $memory$auto$proc_rom.cc:155:do_switch$156$rdmux[0][2][0]$a$5426 [4] $memory$auto$proc_rom.cc:155:do_switch$156$rdmux[0][2][0]$a$5426 [4:0] }, B=$memory$auto$proc_rom.cc:155:do_switch$156$rdmux[0][2][0]$b$5427 [6:0], Y=$memory$auto$proc_rom.cc:155:do_switch$156$rdmux[0][1][0]$a$5420 [6:0]
      New connections: $memory$auto$proc_rom.cc:155:do_switch$156$rdmux[0][1][0]$a$5420 [9:7] = { $memory$auto$proc_rom.cc:155:do_switch$156$rdmux[0][1][0]$a$5420 [6] $memory$auto$proc_rom.cc:155:do_switch$156$rdmux[0][1][0]$a$5420 [6] $memory$auto$proc_rom.cc:155:do_switch$156$rdmux[0][1][0]$a$5420 [6] }
    Consolidated identical input bits for $mux cell $memory$auto$proc_rom.cc:155:do_switch$160$rdmux[0][2][3]$4669:
      Old ports: A=$memory$auto$proc_rom.cc:155:do_switch$160$rdmux[0][2][3]$a$4670, B=$memory$auto$proc_rom.cc:155:do_switch$160$rdmux[0][2][3]$b$4671, Y=$memory$auto$proc_rom.cc:155:do_switch$160$rdmux[0][1][1]$b$4659
      New ports: A={ $memory$auto$proc_rom.cc:155:do_switch$160$rdmux[0][2][3]$a$4670 [7] $memory$auto$proc_rom.cc:155:do_switch$160$rdmux[0][2][3]$a$4670 [7:1] }, B={ $memory$auto$proc_rom.cc:155:do_switch$160$rdmux[0][2][3]$b$4671 [8:2] 1'0 }, Y=$memory$auto$proc_rom.cc:155:do_switch$160$rdmux[0][1][1]$b$4659 [8:1]
      New connections: { $memory$auto$proc_rom.cc:155:do_switch$160$rdmux[0][1][1]$b$4659 [9] $memory$auto$proc_rom.cc:155:do_switch$160$rdmux[0][1][1]$b$4659 [0] } = { $memory$auto$proc_rom.cc:155:do_switch$160$rdmux[0][1][1]$b$4659 [8] 1'0 }
    Consolidated identical input bits for $mux cell $memory$auto$proc_rom.cc:155:do_switch$160$rdmux[0][2][2]$4666:
      Old ports: A=$memory$auto$proc_rom.cc:155:do_switch$160$rdmux[0][2][2]$a$4667, B=$memory$auto$proc_rom.cc:155:do_switch$160$rdmux[0][2][2]$b$4668, Y=$memory$auto$proc_rom.cc:155:do_switch$160$rdmux[0][1][1]$a$4658
      New ports: A={ $memory$auto$proc_rom.cc:155:do_switch$160$rdmux[0][2][2]$a$4667 [4] $memory$auto$proc_rom.cc:155:do_switch$160$rdmux[0][2][2]$a$4667 [4] $memory$auto$proc_rom.cc:155:do_switch$160$rdmux[0][2][2]$a$4667 [4:0] }, B=$memory$auto$proc_rom.cc:155:do_switch$160$rdmux[0][2][2]$b$4668 [6:0], Y=$memory$auto$proc_rom.cc:155:do_switch$160$rdmux[0][1][1]$a$4658 [6:0]
      New connections: $memory$auto$proc_rom.cc:155:do_switch$160$rdmux[0][1][1]$a$4658 [9:7] = { $memory$auto$proc_rom.cc:155:do_switch$160$rdmux[0][1][1]$a$4658 [6] $memory$auto$proc_rom.cc:155:do_switch$160$rdmux[0][1][1]$a$4658 [6] $memory$auto$proc_rom.cc:155:do_switch$160$rdmux[0][1][1]$a$4658 [6] }
    Consolidated identical input bits for $mux cell $memory$auto$proc_rom.cc:155:do_switch$160$rdmux[0][2][1]$4663:
      Old ports: A=$memory$auto$proc_rom.cc:155:do_switch$160$rdmux[0][2][1]$a$4664, B=$memory$auto$proc_rom.cc:155:do_switch$160$rdmux[0][2][1]$b$4665, Y=$memory$auto$proc_rom.cc:155:do_switch$160$rdmux[0][1][0]$b$4656
      New ports: A={ $memory$auto$proc_rom.cc:155:do_switch$160$rdmux[0][2][1]$a$4664 [7] $memory$auto$proc_rom.cc:155:do_switch$160$rdmux[0][2][1]$a$4664 [7:1] }, B={ $memory$auto$proc_rom.cc:155:do_switch$160$rdmux[0][2][1]$b$4665 [8:2] 1'0 }, Y=$memory$auto$proc_rom.cc:155:do_switch$160$rdmux[0][1][0]$b$4656 [8:1]
      New connections: { $memory$auto$proc_rom.cc:155:do_switch$160$rdmux[0][1][0]$b$4656 [9] $memory$auto$proc_rom.cc:155:do_switch$160$rdmux[0][1][0]$b$4656 [0] } = { $memory$auto$proc_rom.cc:155:do_switch$160$rdmux[0][1][0]$b$4656 [8] 1'0 }
    Consolidated identical input bits for $mux cell $memory$auto$proc_rom.cc:155:do_switch$160$rdmux[0][2][0]$4660:
      Old ports: A=$memory$auto$proc_rom.cc:155:do_switch$160$rdmux[0][2][0]$a$4661, B=$memory$auto$proc_rom.cc:155:do_switch$160$rdmux[0][2][0]$b$4662, Y=$memory$auto$proc_rom.cc:155:do_switch$160$rdmux[0][1][0]$a$4655
      New ports: A={ $memory$auto$proc_rom.cc:155:do_switch$160$rdmux[0][2][0]$a$4661 [4] $memory$auto$proc_rom.cc:155:do_switch$160$rdmux[0][2][0]$a$4661 [4] $memory$auto$proc_rom.cc:155:do_switch$160$rdmux[0][2][0]$a$4661 [4:0] }, B=$memory$auto$proc_rom.cc:155:do_switch$160$rdmux[0][2][0]$b$4662 [6:0], Y=$memory$auto$proc_rom.cc:155:do_switch$160$rdmux[0][1][0]$a$4655 [6:0]
      New connections: $memory$auto$proc_rom.cc:155:do_switch$160$rdmux[0][1][0]$a$4655 [9:7] = { $memory$auto$proc_rom.cc:155:do_switch$160$rdmux[0][1][0]$a$4655 [6] $memory$auto$proc_rom.cc:155:do_switch$160$rdmux[0][1][0]$a$4655 [6] $memory$auto$proc_rom.cc:155:do_switch$160$rdmux[0][1][0]$a$4655 [6] }
  Optimizing cells in module \ex250_semantic_fp4_dot2_prodtable_qrange.
    Consolidated identical input bits for $mux cell $memory$auto$proc_rom.cc:155:do_switch$156$rdmux[0][1][1]$5422:
      Old ports: A=$memory$auto$proc_rom.cc:155:do_switch$156$rdmux[0][1][1]$a$5423, B=$memory$auto$proc_rom.cc:155:do_switch$156$rdmux[0][1][1]$b$5424, Y=$memory$auto$proc_rom.cc:155:do_switch$156$rdmux[0][0][0]$b$5418
      New ports: A={ $memory$auto$proc_rom.cc:155:do_switch$156$rdmux[0][1][1]$a$5423 [6] $memory$auto$proc_rom.cc:155:do_switch$156$rdmux[0][1][1]$a$5423 [6] $memory$auto$proc_rom.cc:155:do_switch$156$rdmux[0][1][1]$a$5423 [6:0] }, B={ $memory$auto$proc_rom.cc:155:do_switch$156$rdmux[0][1][1]$b$5424 [8:1] 1'0 }, Y=$memory$auto$proc_rom.cc:155:do_switch$156$rdmux[0][0][0]$b$5418 [8:0]
      New connections: $memory$auto$proc_rom.cc:155:do_switch$156$rdmux[0][0][0]$b$5418 [9] = $memory$auto$proc_rom.cc:155:do_switch$156$rdmux[0][0][0]$b$5418 [8]
    Consolidated identical input bits for $mux cell $memory$auto$proc_rom.cc:155:do_switch$156$rdmux[0][1][0]$5419:
      Old ports: A=$memory$auto$proc_rom.cc:155:do_switch$156$rdmux[0][1][0]$a$5420, B=$memory$auto$proc_rom.cc:155:do_switch$156$rdmux[0][1][0]$b$5421, Y=$memory$auto$proc_rom.cc:155:do_switch$156$rdmux[0][0][0]$a$5417
      New ports: A={ $memory$auto$proc_rom.cc:155:do_switch$156$rdmux[0][1][0]$a$5420 [6] $memory$auto$proc_rom.cc:155:do_switch$156$rdmux[0][1][0]$a$5420 [6] $memory$auto$proc_rom.cc:155:do_switch$156$rdmux[0][1][0]$a$5420 [6:0] }, B={ $memory$auto$proc_rom.cc:155:do_switch$156$rdmux[0][1][0]$b$5421 [8:1] 1'0 }, Y=$memory$auto$proc_rom.cc:155:do_switch$156$rdmux[0][0][0]$a$5417 [8:0]
      New connections: $memory$auto$proc_rom.cc:155:do_switch$156$rdmux[0][0][0]$a$5417 [9] = $memory$auto$proc_rom.cc:155:do_switch$156$rdmux[0][0][0]$a$5417 [8]
    Consolidated identical input bits for $mux cell $memory$auto$proc_rom.cc:155:do_switch$160$rdmux[0][1][1]$4657:
      Old ports: A=$memory$auto$proc_rom.cc:155:do_switch$160$rdmux[0][1][1]$a$4658, B=$memory$auto$proc_rom.cc:155:do_switch$160$rdmux[0][1][1]$b$4659, Y=$memory$auto$proc_rom.cc:155:do_switch$160$rdmux[0][0][0]$b$4653
      New ports: A={ $memory$auto$proc_rom.cc:155:do_switch$160$rdmux[0][1][1]$a$4658 [6] $memory$auto$proc_rom.cc:155:do_switch$160$rdmux[0][1][1]$a$4658 [6] $memory$auto$proc_rom.cc:155:do_switch$160$rdmux[0][1][1]$a$4658 [6:0] }, B={ $memory$auto$proc_rom.cc:155:do_switch$160$rdmux[0][1][1]$b$4659 [8:1] 1'0 }, Y=$memory$auto$proc_rom.cc:155:do_switch$160$rdmux[0][0][0]$b$4653 [8:0]
      New connections: $memory$auto$proc_rom.cc:155:do_switch$160$rdmux[0][0][0]$b$4653 [9] = $memory$auto$proc_rom.cc:155:do_switch$160$rdmux[0][0][0]$b$4653 [8]
    Consolidated identical input bits for $mux cell $memory$auto$proc_rom.cc:155:do_switch$160$rdmux[0][1][0]$4654:
      Old ports: A=$memory$auto$proc_rom.cc:155:do_switch$160$rdmux[0][1][0]$a$4655, B=$memory$auto$proc_rom.cc:155:do_switch$160$rdmux[0][1][0]$b$4656, Y=$memory$auto$proc_rom.cc:155:do_switch$160$rdmux[0][0][0]$a$4652
      New ports: A={ $memory$auto$proc_rom.cc:155:do_switch$160$rdmux[0][1][0]$a$4655 [6] $memory$auto$proc_rom.cc:155:do_switch$160$rdmux[0][1][0]$a$4655 [6] $memory$auto$proc_rom.cc:155:do_switch$160$rdmux[0][1][0]$a$4655 [6:0] }, B={ $memory$auto$proc_rom.cc:155:do_switch$160$rdmux[0][1][0]$b$4656 [8:1] 1'0 }, Y=$memory$auto$proc_rom.cc:155:do_switch$160$rdmux[0][0][0]$a$4652 [8:0]
      New connections: $memory$auto$proc_rom.cc:155:do_switch$160$rdmux[0][0][0]$a$4652 [9] = $memory$auto$proc_rom.cc:155:do_switch$160$rdmux[0][0][0]$a$4652 [8]
  Optimizing cells in module \ex250_semantic_fp4_dot2_prodtable_qrange.
    Consolidated identical input bits for $mux cell $memory$auto$proc_rom.cc:155:do_switch$156$rdmux[0][0][0]$5416:
      Old ports: A=$memory$auto$proc_rom.cc:155:do_switch$156$rdmux[0][0][0]$a$5417, B=$memory$auto$proc_rom.cc:155:do_switch$156$rdmux[0][0][0]$b$5418, Y=\lane_product$func$/home/b10507053/ALS_Final_Project/student/work/ex250_ex254_frontend_fp4_dot_fma_semantic_20260608_2105/ex250/verilog/ex250_semantic_fp4_dot2_prodtable_qrange.v:360$2.$result
      New ports: A=$memory$auto$proc_rom.cc:155:do_switch$156$rdmux[0][0][0]$a$5417 [8:0], B=$memory$auto$proc_rom.cc:155:do_switch$156$rdmux[0][0][0]$b$5418 [8:0], Y=\lane_product$func$/home/b10507053/ALS_Final_Project/student/work/ex250_ex254_frontend_fp4_dot_fma_semantic_20260608_2105/ex250/verilog/ex250_semantic_fp4_dot2_prodtable_qrange.v:360$2.$result [8:0]
      New connections: \lane_product$func$/home/b10507053/ALS_Final_Project/student/work/ex250_ex254_frontend_fp4_dot_fma_semantic_20260608_2105/ex250/verilog/ex250_semantic_fp4_dot2_prodtable_qrange.v:360$2.$result [9] = \lane_product$func$/home/b10507053/ALS_Final_Project/student/work/ex250_ex254_frontend_fp4_dot_fma_semantic_20260608_2105/ex250/verilog/ex250_semantic_fp4_dot2_prodtable_qrange.v:360$2.$result [8]
    Consolidated identical input bits for $mux cell $memory$auto$proc_rom.cc:155:do_switch$160$rdmux[0][0][0]$4651:
      Old ports: A=$memory$auto$proc_rom.cc:155:do_switch$160$rdmux[0][0][0]$a$4652, B=$memory$auto$proc_rom.cc:155:do_switch$160$rdmux[0][0][0]$b$4653, Y=\lane_product$func$/home/b10507053/ALS_Final_Project/student/work/ex250_ex254_frontend_fp4_dot_fma_semantic_20260608_2105/ex250/verilog/ex250_semantic_fp4_dot2_prodtable_qrange.v:359$1.$result
      New ports: A=$memory$auto$proc_rom.cc:155:do_switch$160$rdmux[0][0][0]$a$4652 [8:0], B=$memory$auto$proc_rom.cc:155:do_switch$160$rdmux[0][0][0]$b$4653 [8:0], Y=\lane_product$func$/home/b10507053/ALS_Final_Project/student/work/ex250_ex254_frontend_fp4_dot_fma_semantic_20260608_2105/ex250/verilog/ex250_semantic_fp4_dot2_prodtable_qrange.v:359$1.$result [8:0]
      New connections: \lane_product$func$/home/b10507053/ALS_Final_Project/student/work/ex250_ex254_frontend_fp4_dot_fma_semantic_20260608_2105/ex250/verilog/ex250_semantic_fp4_dot2_prodtable_qrange.v:359$1.$result [9] = \lane_product$func$/home/b10507053/ALS_Final_Project/student/work/ex250_ex254_frontend_fp4_dot_fma_semantic_20260608_2105/ex250/verilog/ex250_semantic_fp4_dot2_prodtable_qrange.v:359$1.$result [8]
  Optimizing cells in module \ex250_semantic_fp4_dot2_prodtable_qrange.
Performed a total of 454 changes.

2.21.5. Executing OPT_MERGE pass (detect identical cells).
Finding identical cells in module `\ex250_semantic_fp4_dot2_prodtable_qrange'.
Computing hashes of 720 cells of `\ex250_semantic_fp4_dot2_prodtable_qrange'.
Finding duplicate cells in `\ex250_semantic_fp4_dot2_prodtable_qrange'.
Computing hashes of 500 cells of `\ex250_semantic_fp4_dot2_prodtable_qrange'.
Finding duplicate cells in `\ex250_semantic_fp4_dot2_prodtable_qrange'.
Computing hashes of 404 cells of `\ex250_semantic_fp4_dot2_prodtable_qrange'.
Finding duplicate cells in `\ex250_semantic_fp4_dot2_prodtable_qrange'.
Computing hashes of 356 cells of `\ex250_semantic_fp4_dot2_prodtable_qrange'.
Finding duplicate cells in `\ex250_semantic_fp4_dot2_prodtable_qrange'.
Computing hashes of 336 cells of `\ex250_semantic_fp4_dot2_prodtable_qrange'.
Finding duplicate cells in `\ex250_semantic_fp4_dot2_prodtable_qrange'.
Computing hashes of 328 cells of `\ex250_semantic_fp4_dot2_prodtable_qrange'.
Finding duplicate cells in `\ex250_semantic_fp4_dot2_prodtable_qrange'.
Removed a total of 392 cells.

2.21.6. Executing OPT_SHARE pass.

2.21.7. Executing OPT_DFF pass (perform DFF optimizations).

2.21.8. Executing OPT_CLEAN pass (remove unused cells and wires).
Finding unused cells or wires in module \ex250_semantic_fp4_dot2_prodtable_qrange..
Removed 0 unused cells and 964 unused wires.

2.21.9. Executing OPT_EXPR pass (perform const folding).
Optimizing module ex250_semantic_fp4_dot2_prodtable_qrange.

2.21.10. Rerunning OPT passes. (Maybe there is more to do..)

2.21.11. Executing OPT_MUXTREE pass (detect dead branches in mux trees).
Running muxtree optimizer on module \ex250_semantic_fp4_dot2_prodtable_qrange..
  Creating internal representation of mux trees.
  Evaluating internal representation of mux trees.
  Analyzing evaluation results.
Removed 0 multiplexer ports.

2.21.12. Executing OPT_REDUCE pass (consolidate $*mux and $reduce_* inputs).
  Optimizing cells in module \ex250_semantic_fp4_dot2_prodtable_qrange.
    Consolidated identical input bits for $mux cell $memory$auto$proc_rom.cc:155:do_switch$160$rdmux[0][6][63]$5029:
      Old ports: A={ 1'0 $memory$auto$proc_rom.cc:155:do_switch$160$rdmux[0][6][10]$b$4872 [1] $memory$auto$proc_rom.cc:155:do_switch$160$rdmux[0][6][10]$b$4872 [2] $memory$auto$proc_rom.cc:155:do_switch$160$rdmux[0][6][10]$b$4872 [2:1] }, B={ $memory$auto$proc_rom.cc:155:do_switch$160$rdmux[0][6][10]$b$4872 [1] $memory$auto$proc_rom.cc:155:do_switch$160$rdmux[0][6][10]$b$4872 [2] $memory$auto$proc_rom.cc:155:do_switch$160$rdmux[0][6][10]$b$4872 [2:1] 1'0 }, Y=$memory$auto$proc_rom.cc:155:do_switch$160$rdmux[0][5][10]$b$4776 [6:2]
      New ports: A={ 1'0 $memory$auto$proc_rom.cc:155:do_switch$160$rdmux[0][6][10]$b$4872 [1] $memory$auto$proc_rom.cc:155:do_switch$160$rdmux[0][6][10]$b$4872 [2:1] }, B={ $memory$auto$proc_rom.cc:155:do_switch$160$rdmux[0][6][10]$b$4872 [1] $memory$auto$proc_rom.cc:155:do_switch$160$rdmux[0][6][10]$b$4872 [2:1] 1'0 }, Y={ $memory$auto$proc_rom.cc:155:do_switch$160$rdmux[0][5][10]$b$4776 [6:5] $memory$auto$proc_rom.cc:155:do_switch$160$rdmux[0][5][10]$b$4776 [3:2] }
      New connections: $memory$auto$proc_rom.cc:155:do_switch$160$rdmux[0][5][10]$b$4776 [4] = $memory$auto$proc_rom.cc:155:do_switch$160$rdmux[0][6][10]$b$4872 [2]
    Consolidated identical input bits for $mux cell $memory$auto$proc_rom.cc:155:do_switch$156$rdmux[0][6][21]$5668:
      Old ports: A={ 1'0 $memory$auto$proc_rom.cc:155:do_switch$156$rdmux[0][6][10]$b$5637 [1] $memory$auto$proc_rom.cc:155:do_switch$156$rdmux[0][6][10]$b$5637 [2] $memory$auto$proc_rom.cc:155:do_switch$156$rdmux[0][6][10]$b$5637 [2:1] }, B={ $memory$auto$proc_rom.cc:155:do_switch$156$rdmux[0][6][10]$b$5637 [1] $memory$auto$proc_rom.cc:155:do_switch$156$rdmux[0][6][10]$b$5637 [2] $memory$auto$proc_rom.cc:155:do_switch$156$rdmux[0][6][10]$b$5637 [2:1] 1'0 }, Y=$memory$auto$proc_rom.cc:155:do_switch$156$rdmux[0][5][10]$b$5541 [6:2]
      New ports: A={ 1'0 $memory$auto$proc_rom.cc:155:do_switch$156$rdmux[0][6][10]$b$5637 [1] $memory$auto$proc_rom.cc:155:do_switch$156$rdmux[0][6][10]$b$5637 [2:1] }, B={ $memory$auto$proc_rom.cc:155:do_switch$156$rdmux[0][6][10]$b$5637 [1] $memory$auto$proc_rom.cc:155:do_switch$156$rdmux[0][6][10]$b$5637 [2:1] 1'0 }, Y={ $memory$auto$proc_rom.cc:155:do_switch$156$rdmux[0][5][10]$b$5541 [6:5] $memory$auto$proc_rom.cc:155:do_switch$156$rdmux[0][5][10]$b$5541 [3:2] }
      New connections: $memory$auto$proc_rom.cc:155:do_switch$156$rdmux[0][5][10]$b$5541 [4] = $memory$auto$proc_rom.cc:155:do_switch$156$rdmux[0][6][10]$b$5637 [2]
    Consolidated identical input bits for $mux cell $memory$auto$proc_rom.cc:155:do_switch$156$rdmux[0][2][3]$5434:
      Old ports: A={ $memory$auto$proc_rom.cc:155:do_switch$156$rdmux[0][2][2]$b$5433 [6] $memory$auto$proc_rom.cc:155:do_switch$156$rdmux[0][2][2]$b$5433 [6:0] }, B={ $memory$auto$proc_rom.cc:155:do_switch$156$rdmux[0][2][2]$b$5433 [6:0] 1'0 }, Y=$memory$auto$proc_rom.cc:155:do_switch$156$rdmux[0][1][1]$b$5424 [8:1]
      New ports: A=$memory$auto$proc_rom.cc:155:do_switch$156$rdmux[0][2][2]$b$5433 [6:0], B={ $memory$auto$proc_rom.cc:155:do_switch$156$rdmux[0][2][2]$b$5433 [5:0] 1'0 }, Y=$memory$auto$proc_rom.cc:155:do_switch$156$rdmux[0][1][1]$b$5424 [7:1]
      New connections: $memory$auto$proc_rom.cc:155:do_switch$156$rdmux[0][1][1]$b$5424 [8] = $memory$auto$proc_rom.cc:155:do_switch$156$rdmux[0][2][2]$b$5433 [6]
    Consolidated identical input bits for $mux cell $memory$auto$proc_rom.cc:155:do_switch$156$rdmux[0][2][1]$5428:
      Old ports: A={ $memory$auto$proc_rom.cc:155:do_switch$156$rdmux[0][2][0]$b$5427 [6] $memory$auto$proc_rom.cc:155:do_switch$156$rdmux[0][2][0]$b$5427 [6:0] }, B={ $memory$auto$proc_rom.cc:155:do_switch$156$rdmux[0][2][0]$b$5427 [6:0] 1'0 }, Y=$memory$auto$proc_rom.cc:155:do_switch$156$rdmux[0][1][0]$b$5421 [8:1]
      New ports: A=$memory$auto$proc_rom.cc:155:do_switch$156$rdmux[0][2][0]$b$5427 [6:0], B={ $memory$auto$proc_rom.cc:155:do_switch$156$rdmux[0][2][0]$b$5427 [5:0] 1'0 }, Y=$memory$auto$proc_rom.cc:155:do_switch$156$rdmux[0][1][0]$b$5421 [7:1]
      New connections: $memory$auto$proc_rom.cc:155:do_switch$156$rdmux[0][1][0]$b$5421 [8] = $memory$auto$proc_rom.cc:155:do_switch$156$rdmux[0][2][0]$b$5427 [6]
    Consolidated identical input bits for $mux cell $memory$auto$proc_rom.cc:155:do_switch$160$rdmux[0][6][58]$5014:
      Old ports: A={ 1'0 $memory$auto$proc_rom.cc:155:do_switch$160$rdmux[0][6][10]$a$4871 [1] }, B={ 1'1 $memory$auto$proc_rom.cc:155:do_switch$160$rdmux[0][6][10]$a$4871 [1] }, Y=$memory$auto$proc_rom.cc:155:do_switch$160$rdmux[0][5][12]$a$4781 [4:3]
      New ports: A=1'0, B=1'1, Y=$memory$auto$proc_rom.cc:155:do_switch$160$rdmux[0][5][12]$a$4781 [4]
      New connections: $memory$auto$proc_rom.cc:155:do_switch$160$rdmux[0][5][12]$a$4781 [3] = \in [4]
    Consolidated identical input bits for $mux cell $memory$auto$proc_rom.cc:155:do_switch$160$rdmux[0][2][3]$4669:
      Old ports: A={ $memory$auto$proc_rom.cc:155:do_switch$160$rdmux[0][2][2]$b$4668 [6] $memory$auto$proc_rom.cc:155:do_switch$160$rdmux[0][2][2]$b$4668 [6:0] }, B={ $memory$auto$proc_rom.cc:155:do_switch$160$rdmux[0][2][2]$b$4668 [6:0] 1'0 }, Y=$memory$auto$proc_rom.cc:155:do_switch$160$rdmux[0][1][1]$b$4659 [8:1]
      New ports: A=$memory$auto$proc_rom.cc:155:do_switch$160$rdmux[0][2][2]$b$4668 [6:0], B={ $memory$auto$proc_rom.cc:155:do_switch$160$rdmux[0][2][2]$b$4668 [5:0] 1'0 }, Y=$memory$auto$proc_rom.cc:155:do_switch$160$rdmux[0][1][1]$b$4659 [7:1]
      New connections: $memory$auto$proc_rom.cc:155:do_switch$160$rdmux[0][1][1]$b$4659 [8] = $memory$auto$proc_rom.cc:155:do_switch$160$rdmux[0][2][2]$b$4668 [6]
    Consolidated identical input bits for $mux cell $memory$auto$proc_rom.cc:155:do_switch$160$rdmux[0][2][1]$4663:
      Old ports: A={ $memory$auto$proc_rom.cc:155:do_switch$160$rdmux[0][2][0]$b$4662 [6] $memory$auto$proc_rom.cc:155:do_switch$160$rdmux[0][2][0]$b$4662 [6:0] }, B={ $memory$auto$proc_rom.cc:155:do_switch$160$rdmux[0][2][0]$b$4662 [6:0] 1'0 }, Y=$memory$auto$proc_rom.cc:155:do_switch$160$rdmux[0][1][0]$b$4656 [8:1]
      New ports: A=$memory$auto$proc_rom.cc:155:do_switch$160$rdmux[0][2][0]$b$4662 [6:0], B={ $memory$auto$proc_rom.cc:155:do_switch$160$rdmux[0][2][0]$b$4662 [5:0] 1'0 }, Y=$memory$auto$proc_rom.cc:155:do_switch$160$rdmux[0][1][0]$b$4656 [7:1]
      New connections: $memory$auto$proc_rom.cc:155:do_switch$160$rdmux[0][1][0]$b$4656 [8] = $memory$auto$proc_rom.cc:155:do_switch$160$rdmux[0][2][0]$b$4662 [6]
    Consolidated identical input bits for $mux cell $memory$auto$proc_rom.cc:155:do_switch$156$rdmux[0][6][24]$5677:
      Old ports: A={ 1'0 $memory$auto$proc_rom.cc:155:do_switch$156$rdmux[0][6][10]$a$5636 [1] }, B={ 1'1 $memory$auto$proc_rom.cc:155:do_switch$156$rdmux[0][6][10]$a$5636 [1] }, Y=$memory$auto$proc_rom.cc:155:do_switch$156$rdmux[0][5][12]$a$5546 [4:3]
      New ports: A=1'0, B=1'1, Y=$memory$auto$proc_rom.cc:155:do_switch$156$rdmux[0][5][12]$a$5546 [4]
      New connections: $memory$auto$proc_rom.cc:155:do_switch$156$rdmux[0][5][12]$a$5546 [3] = \in [0]
  Optimizing cells in module \ex250_semantic_fp4_dot2_prodtable_qrange.
Performed a total of 8 changes.

2.21.13. Executing OPT_MERGE pass (detect identical cells).
Finding identical cells in module `\ex250_semantic_fp4_dot2_prodtable_qrange'.
Computing hashes of 326 cells of `\ex250_semantic_fp4_dot2_prodtable_qrange'.
Finding duplicate cells in `\ex250_semantic_fp4_dot2_prodtable_qrange'.
Removed a total of 0 cells.

2.21.14. Executing OPT_SHARE pass.

2.21.15. Executing OPT_DFF pass (perform DFF optimizations).

2.21.16. Executing OPT_CLEAN pass (remove unused cells and wires).
Finding unused cells or wires in module \ex250_semantic_fp4_dot2_prodtable_qrange..
Removed 0 unused cells and 2 unused wires.

2.21.17. Executing OPT_EXPR pass (perform const folding).
Optimizing module ex250_semantic_fp4_dot2_prodtable_qrange.

2.21.18. Rerunning OPT passes. (Maybe there is more to do..)

2.21.19. Executing OPT_MUXTREE pass (detect dead branches in mux trees).
Running muxtree optimizer on module \ex250_semantic_fp4_dot2_prodtable_qrange..
  Creating internal representation of mux trees.
  Evaluating internal representation of mux trees.
  Analyzing evaluation results.
Removed 0 multiplexer ports.

2.21.20. Executing OPT_REDUCE pass (consolidate $*mux and $reduce_* inputs).
  Optimizing cells in module \ex250_semantic_fp4_dot2_prodtable_qrange.
Performed a total of 0 changes.

2.21.21. Executing OPT_MERGE pass (detect identical cells).
Finding identical cells in module `\ex250_semantic_fp4_dot2_prodtable_qrange'.
Computing hashes of 324 cells of `\ex250_semantic_fp4_dot2_prodtable_qrange'.
Finding duplicate cells in `\ex250_semantic_fp4_dot2_prodtable_qrange'.
Removed a total of 0 cells.

2.21.22. Executing OPT_SHARE pass.

2.21.23. Executing OPT_DFF pass (perform DFF optimizations).

2.21.24. Executing OPT_CLEAN pass (remove unused cells and wires).
Finding unused cells or wires in module \ex250_semantic_fp4_dot2_prodtable_qrange..
Removed 0 unused cells and 2 unused wires.

2.21.25. Executing OPT_EXPR pass (perform const folding).
Optimizing module ex250_semantic_fp4_dot2_prodtable_qrange.

2.21.26. Rerunning OPT passes. (Maybe there is more to do..)

2.21.27. Executing OPT_MUXTREE pass (detect dead branches in mux trees).
Running muxtree optimizer on module \ex250_semantic_fp4_dot2_prodtable_qrange..
  Creating internal representation of mux trees.
  Evaluating internal representation of mux trees.
  Analyzing evaluation results.
Removed 0 multiplexer ports.

2.21.28. Executing OPT_REDUCE pass (consolidate $*mux and $reduce_* inputs).
  Optimizing cells in module \ex250_semantic_fp4_dot2_prodtable_qrange.
Performed a total of 0 changes.

2.21.29. Executing OPT_MERGE pass (detect identical cells).
Finding identical cells in module `\ex250_semantic_fp4_dot2_prodtable_qrange'.
Computing hashes of 324 cells of `\ex250_semantic_fp4_dot2_prodtable_qrange'.
Finding duplicate cells in `\ex250_semantic_fp4_dot2_prodtable_qrange'.
Removed a total of 0 cells.

2.21.30. Executing OPT_SHARE pass.

2.21.31. Executing OPT_DFF pass (perform DFF optimizations).

2.21.32. Executing OPT_CLEAN pass (remove unused cells and wires).
Finding unused cells or wires in module \ex250_semantic_fp4_dot2_prodtable_qrange..

2.21.33. Executing OPT_EXPR pass (perform const folding).
Optimizing module ex250_semantic_fp4_dot2_prodtable_qrange.

2.21.34. Finished fast OPT passes. (There is nothing left to do.)

2.22. Executing TECHMAP pass (map to technology primitives).

2.22.1. Executing Verilog-2005 frontend: /home/b10507053/ALS_Final_Project/student/tools/conda-env/bin/../share/yosys/techmap.v
Parsing Verilog input from `/home/b10507053/ALS_Final_Project/student/tools/conda-env/bin/../share/yosys/techmap.v' to AST representation.
Generating RTLIL representation for module `\_90_simplemap_bool_ops'.
Generating RTLIL representation for module `\_90_simplemap_reduce_ops'.
Generating RTLIL representation for module `\_90_simplemap_logic_ops'.
Generating RTLIL representation for module `\_90_simplemap_compare_ops'.
Generating RTLIL representation for module `\_90_simplemap_various'.
Generating RTLIL representation for module `\_90_simplemap_registers'.
Generating RTLIL representation for module `\_90_shift_ops_shr_shl_sshl_sshr'.
Generating RTLIL representation for module `\_90_shift_shiftx'.
Generating RTLIL representation for module `\_90_fa'.
Generating RTLIL representation for module `\_90_lcu_brent_kung'.
Generating RTLIL representation for module `\_90_alu'.
Generating RTLIL representation for module `\_90_macc'.
Generating RTLIL representation for module `\_90_alumacc'.
Generating RTLIL representation for module `$__div_mod_u'.
Generating RTLIL representation for module `$__div_mod_trunc'.
Generating RTLIL representation for module `\_90_div'.
Generating RTLIL representation for module `\_90_mod'.
Generating RTLIL representation for module `$__div_mod_floor'.
Generating RTLIL representation for module `\_90_divfloor'.
Generating RTLIL representation for module `\_90_modfloor'.
Generating RTLIL representation for module `\_90_pow'.
Generating RTLIL representation for module `\_90_demux'.
Generating RTLIL representation for module `\_90_lut'.
Generating RTLIL representation for module `$connect'.
Generating RTLIL representation for module `$input_port'.
Successfully finished Verilog frontend.

2.22.2. Continuing TECHMAP pass.
Using extmapper simplemap for cells of type $not.
Using template $paramod$d7bce073994a2e72d43625386f50f475e47fb258\_90_alu for cells of type $alu.
Using template $paramod$bd91b1311a7e26328ec7b35acb363a89aa87e033\_90_alu for cells of type $alu.
Using extmapper simplemap for cells of type $reduce_or.
Using extmapper simplemap for cells of type $reduce_and.
Using template $paramod$dad13a281fa6a9ffd6dd427a87dc9a952e80e9ea\_90_alu for cells of type $alu.
Using template $paramod$a40b3a69ab2154dca9743e30e1e84efb03b892b4\_90_alu for cells of type $alu.
Using template $paramod$0bf21d6ba6357507623b189abbc1d6f284d75c81\_90_alu for cells of type $alu.
Using template $paramod$5042debdcb1fbd120a67f55dfe5b3afe2a9f08e5\_90_alu for cells of type $alu.
Using template $paramod$94b2d39efe5cee36393111e3a7a149e3dba7e8c5\_90_alu for cells of type $alu.
Using template $paramod$5d2e07eca6b9fbd538aff231e6f05d9604b7a77e\_90_alu for cells of type $alu.
Using template $paramod$0a99ad9384143cca5401875bb0df6f3a9993fbd6\_90_alu for cells of type $alu.
Using template $paramod$3fe4bdf8d597404bdd222c1fea42f692fdc77de4\_90_alu for cells of type $alu.
Using template $paramod$8f00ca5ffae7aacb4fd127c662dabcdb3ad72531\_90_alu for cells of type $alu.
Using template $paramod$d865e08a1072904410537366de76463bde0f0d04\_90_alu for cells of type $alu.
Using template $paramod$171d7a25a18afa142d7cd9c5440effedeb7df28c\_90_alu for cells of type $alu.
Using template $paramod$9aa1dd3e3f148818dd239a30b44938d8d4bd6da1\_90_alu for cells of type $alu.
Using template $paramod$65af072f6065f0ed27ad80c8089003dcba6e1c40\_90_alu for cells of type $alu.
Using template $paramod$10ed987432f06055e5279101f9ec60a49861b43c\_90_alu for cells of type $alu.
Using template $paramod$ddab720faa40d035d913770ad185ecf4a3c6ab08\_90_alu for cells of type $alu.
Using template $paramod$694f8aada8e1d2b9d9b778ffe851c169b50bc07c\_90_alu for cells of type $alu.
Using template $paramod$403a3c2fa431a154c52a6a5429d7a6260b5d144f\_90_alu for cells of type $alu.
Using template $paramod$f6be9c44ab2ca5376bc6f0f45697cdb0ad470520\_90_alu for cells of type $alu.
Using template $paramod$6f67705c43e5e94c02b6ebb52209ce5aa5ade4c1\_90_alu for cells of type $alu.
Using template $paramod$1eb759649286d7485bd82f4dfc30385bade4b4b3\_90_alu for cells of type $alu.
Using extmapper simplemap for cells of type $mux.
Using extmapper simplemap for cells of type $logic_not.
Using extmapper simplemap for cells of type $logic_and.
Using extmapper simplemap for cells of type $logic_or.
Using extmapper simplemap for cells of type $xor.
Using extmapper simplemap for cells of type $pos.
Using template $paramod\_90_fa\WIDTH=32'00000000000000000000000000001010 for cells of type $fa.
Using template $paramod\_90_lcu_brent_kung\WIDTH=32'00000000000000000000000000001010 for cells of type $lcu.
Using template $paramod\_90_fa\WIDTH=32'00000000000000000000000000001001 for cells of type $fa.
Using template $paramod\_90_lcu_brent_kung\WIDTH=32'00000000000000000000000000001001 for cells of type $lcu.
Using template $paramod\_90_fa\WIDTH=32'00000000000000000000000000001000 for cells of type $fa.
Using template $paramod\_90_lcu_brent_kung\WIDTH=32'00000000000000000000000000001000 for cells of type $lcu.
Using template $paramod\_90_fa\WIDTH=32'00000000000000000000000000000111 for cells of type $fa.
Using template $paramod\_90_lcu_brent_kung\WIDTH=32'00000000000000000000000000000111 for cells of type $lcu.
Using template $paramod\_90_fa\WIDTH=32'00000000000000000000000000000110 for cells of type $fa.
Using template $paramod\_90_lcu_brent_kung\WIDTH=32'00000000000000000000000000000110 for cells of type $lcu.
Using template $paramod\_90_fa\WIDTH=32'00000000000000000000000000000101 for cells of type $fa.
Using template $paramod\_90_lcu_brent_kung\WIDTH=32'00000000000000000000000000000101 for cells of type $lcu.
Using template $paramod\_90_fa\WIDTH=32'00000000000000000000000000001011 for cells of type $fa.
Using template $paramod\_90_lcu_brent_kung\WIDTH=32'00000000000000000000000000001011 for cells of type $lcu.
Using extmapper simplemap for cells of type $or.
Using extmapper simplemap for cells of type $and.
No more expansions possible.

2.23. Executing OPT pass (performing simple optimizations).

2.23.1. Executing OPT_EXPR pass (perform const folding).
Optimizing module ex250_semantic_fp4_dot2_prodtable_qrange.

2.23.2. Executing OPT_MERGE pass (detect identical cells).
Finding identical cells in module `\ex250_semantic_fp4_dot2_prodtable_qrange'.
Computing hashes of 3200 cells of `\ex250_semantic_fp4_dot2_prodtable_qrange'.
Finding duplicate cells in `\ex250_semantic_fp4_dot2_prodtable_qrange'.
Computing hashes of 2556 cells of `\ex250_semantic_fp4_dot2_prodtable_qrange'.
Finding duplicate cells in `\ex250_semantic_fp4_dot2_prodtable_qrange'.
Computing hashes of 2149 cells of `\ex250_semantic_fp4_dot2_prodtable_qrange'.
Finding duplicate cells in `\ex250_semantic_fp4_dot2_prodtable_qrange'.
Computing hashes of 1945 cells of `\ex250_semantic_fp4_dot2_prodtable_qrange'.
Finding duplicate cells in `\ex250_semantic_fp4_dot2_prodtable_qrange'.
Computing hashes of 1845 cells of `\ex250_semantic_fp4_dot2_prodtable_qrange'.
Finding duplicate cells in `\ex250_semantic_fp4_dot2_prodtable_qrange'.
Computing hashes of 1780 cells of `\ex250_semantic_fp4_dot2_prodtable_qrange'.
Finding duplicate cells in `\ex250_semantic_fp4_dot2_prodtable_qrange'.
Computing hashes of 1763 cells of `\ex250_semantic_fp4_dot2_prodtable_qrange'.
Finding duplicate cells in `\ex250_semantic_fp4_dot2_prodtable_qrange'.
Computing hashes of 1761 cells of `\ex250_semantic_fp4_dot2_prodtable_qrange'.
Finding duplicate cells in `\ex250_semantic_fp4_dot2_prodtable_qrange'.
Removed a total of 1439 cells.

2.23.3. Executing OPT_DFF pass (perform DFF optimizations).

2.23.4. Executing OPT_CLEAN pass (remove unused cells and wires).
Finding unused cells or wires in module \ex250_semantic_fp4_dot2_prodtable_qrange..
Removed 578 unused cells and 3532 unused wires.

2.23.5. Finished fast OPT passes.

2.24. Executing ABC pass (technology mapping using ABC).

2.24.1. Extracting gate netlist of module `\ex250_semantic_fp4_dot2_prodtable_qrange' to `<abc-temp-dir>/input.blif'..

2.24.1.1. Executed ABC.
Extracted 1183 gates and 1201 wires to a netlist network with 16 inputs and 8 outputs.
Running ABC script: <abc-temp-dir>/abc.script
ABC: UC Berkeley, ABC 1.01 (compiled May 12 2026 13:26:50)
ABC: abc 01> empty
ABC: abc 01> source <abc-temp-dir>/abc.script
ABC: + read_blif <abc-temp-dir>/input.blif 
ABC: + read_library <abc-temp-dir>/stdcells.genlib 
ABC: + strash 
ABC: + &get -n 
ABC: + &fraig -x 
ABC: + &put 
ABC: + scorr 
ABC: Warning: The network is combinational (run "fraig" or "fraig_sweep").
ABC: + dc2 
ABC: + dretime 
ABC: + strash 
ABC: + &get -n 
ABC: + &dch -f 
ABC: + &nf 
ABC: + &put 
ABC: + write_blif <abc-temp-dir>/output.blif 
ABC: 
ABC: YOSYS_ABC_DONE 

2.24.1.2. Re-integrating ABC results.
ABC RESULTS:               AND cells:      156
ABC RESULTS:            ANDNOT cells:       58
ABC RESULTS:               MUX cells:       69
ABC RESULTS:              NAND cells:      235
ABC RESULTS:               NOR cells:       24
ABC RESULTS:               NOT cells:       17
ABC RESULTS:                OR cells:       39
ABC RESULTS:             ORNOT cells:       29
ABC RESULTS:              XNOR cells:       11
ABC RESULTS:               XOR cells:       13
ABC RESULTS:        internal signals:     1177
ABC RESULTS:           input signals:       16
ABC RESULTS:          output signals:        8
Removing temp directory.
Removing global temp directory.

2.25. Executing OPT pass (performing simple optimizations).

2.25.1. Executing OPT_EXPR pass (perform const folding).
Optimizing module ex250_semantic_fp4_dot2_prodtable_qrange.

2.25.2. Executing OPT_MERGE pass (detect identical cells).
Finding identical cells in module `\ex250_semantic_fp4_dot2_prodtable_qrange'.
Computing hashes of 651 cells of `\ex250_semantic_fp4_dot2_prodtable_qrange'.
Finding duplicate cells in `\ex250_semantic_fp4_dot2_prodtable_qrange'.
Removed a total of 0 cells.

2.25.3. Executing OPT_DFF pass (perform DFF optimizations).

2.25.4. Executing OPT_CLEAN pass (remove unused cells and wires).
Finding unused cells or wires in module \ex250_semantic_fp4_dot2_prodtable_qrange..
Removed 0 unused cells and 609 unused wires.

2.25.5. Finished fast OPT passes.

2.26. Executing HIERARCHY pass (managing design hierarchy).
Attribute `top' found on module `ex250_semantic_fp4_dot2_prodtable_qrange'. Setting top module to ex250_semantic_fp4_dot2_prodtable_qrange.

2.26.1. Analyzing design hierarchy..
Top module:  \ex250_semantic_fp4_dot2_prodtable_qrange

2.26.2. Analyzing design hierarchy..
Top module:  \ex250_semantic_fp4_dot2_prodtable_qrange
Removed 0 unused modules.

2.27. Printing statistics.

=== ex250_semantic_fp4_dot2_prodtable_qrange ===

        +----------Local Count, excluding submodules.
        | 
      658 wires
      725 wire bits
       15 public wires
       82 public wire bits
        2 ports
       24 port bits
      651 cells
       58   $_ANDNOT_
      156   $_AND_
       69   $_MUX_
      235   $_NAND_
       24   $_NOR_
       17   $_NOT_
       29   $_ORNOT_
       39   $_OR_
       11   $_XNOR_
       13   $_XOR_

2.28. Executing CHECK pass (checking for obvious problems).
Checking module ex250_semantic_fp4_dot2_prodtable_qrange...
Found and reported 0 problems.

3. Executing ABC pass (technology mapping using ABC).

3.1. Extracting gate netlist of module `\ex250_semantic_fp4_dot2_prodtable_qrange' to `<abc-temp-dir>/input.blif'..

3.1.1. Executed ABC.
Extracted 651 gates and 667 wires to a netlist network with 16 inputs and 8 outputs.
Running ABC script: <abc-temp-dir>/abc.script
ABC: UC Berkeley, ABC 1.01 (compiled May 12 2026 13:26:50)
ABC: abc 01> empty
ABC: abc 01> source <abc-temp-dir>/abc.script
ABC: + read_blif <abc-temp-dir>/input.blif 
ABC: + read_library <abc-temp-dir>/stdcells.genlib 
ABC: + strash 
ABC: + &get -n 
ABC: + &fraig -x 
ABC: + &put 
ABC: + scorr 
ABC: Warning: The network is combinational (run "fraig" or "fraig_sweep").
ABC: + dc2 
ABC: + dretime 
ABC: + strash 
ABC: + &get -n 
ABC: + &dch -f 
ABC: + &nf 
ABC: + &put 
ABC: + write_blif <abc-temp-dir>/output.blif 
ABC: 
ABC: YOSYS_ABC_DONE 

3.1.2. Re-integrating ABC results.
ABC RESULTS:               AND cells:      749
ABC RESULTS:               NOT cells:      591
ABC RESULTS:        internal signals:      643
ABC RESULTS:           input signals:       16
ABC RESULTS:          output signals:        8
Removing temp directory.
Removing global temp directory.

4. Executing AIGMAP pass (map logic to AIG).
Module ex250_semantic_fp4_dot2_prodtable_qrange: replaced 0 cells with 0 new cells, skipped 1340 cells.
  not replaced 2 cell types:
     749 $_AND_
     591 $_NOT_

5. Executing OPT pass (performing simple optimizations).

5.1. Executing OPT_EXPR pass (perform const folding).
Optimizing module ex250_semantic_fp4_dot2_prodtable_qrange.

5.2. Executing OPT_MERGE pass (detect identical cells).
Finding identical cells in module `\ex250_semantic_fp4_dot2_prodtable_qrange'.
Computing hashes of 1340 cells of `\ex250_semantic_fp4_dot2_prodtable_qrange'.
Finding duplicate cells in `\ex250_semantic_fp4_dot2_prodtable_qrange'.
Removed a total of 0 cells.

5.3. Executing OPT_MUXTREE pass (detect dead branches in mux trees).
Running muxtree optimizer on module \ex250_semantic_fp4_dot2_prodtable_qrange..
  Creating internal representation of mux trees.
  No muxes found in this module.
Removed 0 multiplexer ports.

5.4. Executing OPT_REDUCE pass (consolidate $*mux and $reduce_* inputs).
  Optimizing cells in module \ex250_semantic_fp4_dot2_prodtable_qrange.
Performed a total of 0 changes.

5.5. Executing OPT_MERGE pass (detect identical cells).
Finding identical cells in module `\ex250_semantic_fp4_dot2_prodtable_qrange'.
Computing hashes of 1340 cells of `\ex250_semantic_fp4_dot2_prodtable_qrange'.
Finding duplicate cells in `\ex250_semantic_fp4_dot2_prodtable_qrange'.
Removed a total of 0 cells.

5.6. Executing OPT_DFF pass (perform DFF optimizations).

5.7. Executing OPT_CLEAN pass (remove unused cells and wires).
Finding unused cells or wires in module \ex250_semantic_fp4_dot2_prodtable_qrange..
Removed 0 unused cells and 667 unused wires.

5.8. Executing OPT_EXPR pass (perform const folding).
Optimizing module ex250_semantic_fp4_dot2_prodtable_qrange.

5.9. Rerunning OPT passes. (Maybe there is more to do..)

5.10. Executing OPT_MUXTREE pass (detect dead branches in mux trees).
Running muxtree optimizer on module \ex250_semantic_fp4_dot2_prodtable_qrange..
  Creating internal representation of mux trees.
  No muxes found in this module.
Removed 0 multiplexer ports.

5.11. Executing OPT_REDUCE pass (consolidate $*mux and $reduce_* inputs).
  Optimizing cells in module \ex250_semantic_fp4_dot2_prodtable_qrange.
Performed a total of 0 changes.

5.12. Executing OPT_MERGE pass (detect identical cells).
Finding identical cells in module `\ex250_semantic_fp4_dot2_prodtable_qrange'.
Computing hashes of 1340 cells of `\ex250_semantic_fp4_dot2_prodtable_qrange'.
Finding duplicate cells in `\ex250_semantic_fp4_dot2_prodtable_qrange'.
Removed a total of 0 cells.

5.13. Executing OPT_DFF pass (perform DFF optimizations).

5.14. Executing OPT_CLEAN pass (remove unused cells and wires).
Finding unused cells or wires in module \ex250_semantic_fp4_dot2_prodtable_qrange..

5.15. Executing OPT_EXPR pass (perform const folding).
Optimizing module ex250_semantic_fp4_dot2_prodtable_qrange.

5.16. Finished fast OPT passes. (There is nothing left to do.)

6. Executing AIGER backend.
ERROR: Can't open output file `/home/b10507053/ALS_Final_Project/student/work/ex250_ex254_frontend_fp4_dot_fma_semantic_20260608_2105/ex250/aigs/ex250_semantic_fp4_dot2_prodtable_qrange_synth_preset.aig' for writing: No such file or directory
