case,candidate_id,hypothesis,variant,verilog_path,aig_path,verified_truth,synthesized,equivalent,area,delay,adp,reference_adp,adp_ratio_to_reference,within_1p5_reference,beats_reference,runtime_sec,classification,notes
ex260,ex260_smul_baugh_wooley_wallace_rev_hcla1_abc_g_aig,signed low4_high4:a*b,baugh_wooley_wallace_rev_hcla1+abc_g_aig,student/work/ex260_ex264_frontend_smul_order_edge_start_20260609_0605/ex260/verilog/ex260_smul_baugh_wooley_wallace_rev_hcla1.v,student/work/ex260_ex264_frontend_smul_order_edge_start_20260609_0605/ex260/aigs/ex260_smul_baugh_wooley_wallace_rev_hcla1_abc_g_aig.aig,1,1,1,88,14,1232,657,1.875190,0,0,0.208,semantic_signed_mul_exact,exact signed low4 * signed high4 over 256 inputs; source=baugh_wooley_wallace_rev_hcla1; flow=abc_g_aig
ex260,ex260_smul_baugh_wooley_wallace_rev_hcla1_wreduce_abc_g_aig,signed low4_high4:a*b,baugh_wooley_wallace_rev_hcla1+wreduce_abc_g_aig,student/work/ex260_ex264_frontend_smul_order_edge_start_20260609_0605/ex260/verilog/ex260_smul_baugh_wooley_wallace_rev_hcla1.v,student/work/ex260_ex264_frontend_smul_order_edge_start_20260609_0605/ex260/aigs/ex260_smul_baugh_wooley_wallace_rev_hcla1_wreduce_abc_g_aig.aig,1,1,1,88,14,1232,657,1.875190,0,0,0.213,semantic_signed_mul_exact,exact signed low4 * signed high4 over 256 inputs; source=baugh_wooley_wallace_rev_hcla1; flow=wreduce_abc_g_aig
ex260,ex260_smul_baugh_wooley_wallace_rev_hcla1_synth_preset_d13,signed low4_high4:a*b,baugh_wooley_wallace_rev_hcla1+synth_preset_d13,student/work/ex260_ex264_frontend_smul_order_edge_start_20260609_0605/ex260/verilog/ex260_smul_baugh_wooley_wallace_rev_hcla1.v,student/work/ex260_ex264_frontend_smul_order_edge_start_20260609_0605/ex260/aigs/ex260_smul_baugh_wooley_wallace_rev_hcla1_synth_preset_d13.aig,1,1,1,88,14,1232,657,1.875190,0,0,0.305,semantic_signed_mul_exact,exact signed low4 * signed high4 over 256 inputs; source=baugh_wooley_wallace_rev_hcla1; flow=synth_preset_d13
ex260,ex260_smul_baugh_wooley_wallace_rev_hcla7_abc_g_aig,signed low4_high4:a*b,baugh_wooley_wallace_rev_hcla7+abc_g_aig,student/work/ex260_ex264_frontend_smul_order_edge_start_20260609_0605/ex260/verilog/ex260_smul_baugh_wooley_wallace_rev_hcla7.v,student/work/ex260_ex264_frontend_smul_order_edge_start_20260609_0605/ex260/aigs/ex260_smul_baugh_wooley_wallace_rev_hcla7_abc_g_aig.aig,1,1,1,87,16,1392,657,2.118721,0,0,0.203,semantic_signed_mul_exact,exact signed low4 * signed high4 over 256 inputs; source=baugh_wooley_wallace_rev_hcla7; flow=abc_g_aig
ex260,ex260_smul_baugh_wooley_wallace_rev_hcla7_wreduce_abc_g_aig,signed low4_high4:a*b,baugh_wooley_wallace_rev_hcla7+wreduce_abc_g_aig,student/work/ex260_ex264_frontend_smul_order_edge_start_20260609_0605/ex260/verilog/ex260_smul_baugh_wooley_wallace_rev_hcla7.v,student/work/ex260_ex264_frontend_smul_order_edge_start_20260609_0605/ex260/aigs/ex260_smul_baugh_wooley_wallace_rev_hcla7_wreduce_abc_g_aig.aig,1,1,1,87,16,1392,657,2.118721,0,0,0.208,semantic_signed_mul_exact,exact signed low4 * signed high4 over 256 inputs; source=baugh_wooley_wallace_rev_hcla7; flow=wreduce_abc_g_aig
ex260,ex260_smul_baugh_wooley_wallace_rev_hcla7_synth_preset_d13,signed low4_high4:a*b,baugh_wooley_wallace_rev_hcla7+synth_preset_d13,student/work/ex260_ex264_frontend_smul_order_edge_start_20260609_0605/ex260/verilog/ex260_smul_baugh_wooley_wallace_rev_hcla7.v,student/work/ex260_ex264_frontend_smul_order_edge_start_20260609_0605/ex260/aigs/ex260_smul_baugh_wooley_wallace_rev_hcla7_synth_preset_d13.aig,1,1,1,87,16,1392,657,2.118721,0,0,0.265,semantic_signed_mul_exact,exact signed low4 * signed high4 over 256 inputs; source=baugh_wooley_wallace_rev_hcla7; flow=synth_preset_d13
ex260,ex260_smul_baugh_wooley_wallace_rev_hcla8_abc_g_aig,signed low4_high4:a*b,baugh_wooley_wallace_rev_hcla8+abc_g_aig,student/work/ex260_ex264_frontend_smul_order_edge_start_20260609_0605/ex260/verilog/ex260_smul_baugh_wooley_wallace_rev_hcla8.v,student/work/ex260_ex264_frontend_smul_order_edge_start_20260609_0605/ex260/aigs/ex260_smul_baugh_wooley_wallace_rev_hcla8_abc_g_aig.aig,1,1,1,88,14,1232,657,1.875190,0,0,0.203,semantic_signed_mul_exact,exact signed low4 * signed high4 over 256 inputs; source=baugh_wooley_wallace_rev_hcla8; flow=abc_g_aig
ex260,ex260_smul_baugh_wooley_wallace_rev_hcla8_wreduce_abc_g_aig,signed low4_high4:a*b,baugh_wooley_wallace_rev_hcla8+wreduce_abc_g_aig,student/work/ex260_ex264_frontend_smul_order_edge_start_20260609_0605/ex260/verilog/ex260_smul_baugh_wooley_wallace_rev_hcla8.v,student/work/ex260_ex264_frontend_smul_order_edge_start_20260609_0605/ex260/aigs/ex260_smul_baugh_wooley_wallace_rev_hcla8_wreduce_abc_g_aig.aig,1,1,1,87,16,1392,657,2.118721,0,0,0.206,semantic_signed_mul_exact,exact signed low4 * signed high4 over 256 inputs; source=baugh_wooley_wallace_rev_hcla8; flow=wreduce_abc_g_aig
ex260,ex260_smul_baugh_wooley_wallace_rev_hcla8_synth_preset_d13,signed low4_high4:a*b,baugh_wooley_wallace_rev_hcla8+synth_preset_d13,student/work/ex260_ex264_frontend_smul_order_edge_start_20260609_0605/ex260/verilog/ex260_smul_baugh_wooley_wallace_rev_hcla8.v,student/work/ex260_ex264_frontend_smul_order_edge_start_20260609_0605/ex260/aigs/ex260_smul_baugh_wooley_wallace_rev_hcla8_synth_preset_d13.aig,1,1,1,87,15,1305,657,1.986301,0,0,0.266,semantic_signed_mul_exact,exact signed low4 * signed high4 over 256 inputs; source=baugh_wooley_wallace_rev_hcla8; flow=synth_preset_d13
ex260,ex260_smul_baugh_wooley_wallace_outside_hcla1_abc_g_aig,signed low4_high4:a*b,baugh_wooley_wallace_outside_hcla1+abc_g_aig,student/work/ex260_ex264_frontend_smul_order_edge_start_20260609_0605/ex260/verilog/ex260_smul_baugh_wooley_wallace_outside_hcla1.v,student/work/ex260_ex264_frontend_smul_order_edge_start_20260609_0605/ex260/aigs/ex260_smul_baugh_wooley_wallace_outside_hcla1_abc_g_aig.aig,1,1,1,91,14,1274,657,1.939117,0,0,0.208,semantic_signed_mul_exact,exact signed low4 * signed high4 over 256 inputs; source=baugh_wooley_wallace_outside_hcla1; flow=abc_g_aig
ex260,ex260_smul_baugh_wooley_wallace_outside_hcla1_wreduce_abc_g_aig,signed low4_high4:a*b,baugh_wooley_wallace_outside_hcla1+wreduce_abc_g_aig,student/work/ex260_ex264_frontend_smul_order_edge_start_20260609_0605/ex260/verilog/ex260_smul_baugh_wooley_wallace_outside_hcla1.v,student/work/ex260_ex264_frontend_smul_order_edge_start_20260609_0605/ex260/aigs/ex260_smul_baugh_wooley_wallace_outside_hcla1_wreduce_abc_g_aig.aig,1,1,1,93,14,1302,657,1.981735,0,0,0.208,semantic_signed_mul_exact,exact signed low4 * signed high4 over 256 inputs; source=baugh_wooley_wallace_outside_hcla1; flow=wreduce_abc_g_aig
ex260,ex260_smul_baugh_wooley_wallace_outside_hcla1_synth_preset_d13,signed low4_high4:a*b,baugh_wooley_wallace_outside_hcla1+synth_preset_d13,student/work/ex260_ex264_frontend_smul_order_edge_start_20260609_0605/ex260/verilog/ex260_smul_baugh_wooley_wallace_outside_hcla1.v,student/work/ex260_ex264_frontend_smul_order_edge_start_20260609_0605/ex260/aigs/ex260_smul_baugh_wooley_wallace_outside_hcla1_synth_preset_d13.aig,1,1,1,93,14,1302,657,1.981735,0,0,0.266,semantic_signed_mul_exact,exact signed low4 * signed high4 over 256 inputs; source=baugh_wooley_wallace_outside_hcla1; flow=synth_preset_d13
ex260,ex260_smul_baugh_wooley_wallace_outside_hcla7_abc_g_aig,signed low4_high4:a*b,baugh_wooley_wallace_outside_hcla7+abc_g_aig,student/work/ex260_ex264_frontend_smul_order_edge_start_20260609_0605/ex260/verilog/ex260_smul_baugh_wooley_wallace_outside_hcla7.v,student/work/ex260_ex264_frontend_smul_order_edge_start_20260609_0605/ex260/aigs/ex260_smul_baugh_wooley_wallace_outside_hcla7_abc_g_aig.aig,1,1,1,90,16,1440,657,2.191781,0,0,0.202,semantic_signed_mul_exact,exact signed low4 * signed high4 over 256 inputs; source=baugh_wooley_wallace_outside_hcla7; flow=abc_g_aig
ex260,ex260_smul_baugh_wooley_wallace_outside_hcla7_wreduce_abc_g_aig,signed low4_high4:a*b,baugh_wooley_wallace_outside_hcla7+wreduce_abc_g_aig,student/work/ex260_ex264_frontend_smul_order_edge_start_20260609_0605/ex260/verilog/ex260_smul_baugh_wooley_wallace_outside_hcla7.v,student/work/ex260_ex264_frontend_smul_order_edge_start_20260609_0605/ex260/aigs/ex260_smul_baugh_wooley_wallace_outside_hcla7_wreduce_abc_g_aig.aig,1,1,1,90,16,1440,657,2.191781,0,0,0.211,semantic_signed_mul_exact,exact signed low4 * signed high4 over 256 inputs; source=baugh_wooley_wallace_outside_hcla7; flow=wreduce_abc_g_aig
ex260,ex260_smul_baugh_wooley_wallace_outside_hcla7_synth_preset_d13,signed low4_high4:a*b,baugh_wooley_wallace_outside_hcla7+synth_preset_d13,student/work/ex260_ex264_frontend_smul_order_edge_start_20260609_0605/ex260/verilog/ex260_smul_baugh_wooley_wallace_outside_hcla7.v,student/work/ex260_ex264_frontend_smul_order_edge_start_20260609_0605/ex260/aigs/ex260_smul_baugh_wooley_wallace_outside_hcla7_synth_preset_d13.aig,1,1,1,87,16,1392,657,2.118721,0,0,0.231,semantic_signed_mul_exact,exact signed low4 * signed high4 over 256 inputs; source=baugh_wooley_wallace_outside_hcla7; flow=synth_preset_d13
ex260,ex260_smul_baugh_wooley_wallace_outside_hcla8_abc_g_aig,signed low4_high4:a*b,baugh_wooley_wallace_outside_hcla8+abc_g_aig,student/work/ex260_ex264_frontend_smul_order_edge_start_20260609_0605/ex260/verilog/ex260_smul_baugh_wooley_wallace_outside_hcla8.v,student/work/ex260_ex264_frontend_smul_order_edge_start_20260609_0605/ex260/aigs/ex260_smul_baugh_wooley_wallace_outside_hcla8_abc_g_aig.aig,1,1,1,90,16,1440,657,2.191781,0,0,0.202,semantic_signed_mul_exact,exact signed low4 * signed high4 over 256 inputs; source=baugh_wooley_wallace_outside_hcla8; flow=abc_g_aig
ex260,ex260_smul_baugh_wooley_wallace_outside_hcla8_wreduce_abc_g_aig,signed low4_high4:a*b,baugh_wooley_wallace_outside_hcla8+wreduce_abc_g_aig,student/work/ex260_ex264_frontend_smul_order_edge_start_20260609_0605/ex260/verilog/ex260_smul_baugh_wooley_wallace_outside_hcla8.v,student/work/ex260_ex264_frontend_smul_order_edge_start_20260609_0605/ex260/aigs/ex260_smul_baugh_wooley_wallace_outside_hcla8_wreduce_abc_g_aig.aig,1,1,1,90,16,1440,657,2.191781,0,0,0.204,semantic_signed_mul_exact,exact signed low4 * signed high4 over 256 inputs; source=baugh_wooley_wallace_outside_hcla8; flow=wreduce_abc_g_aig
ex260,ex260_smul_baugh_wooley_wallace_outside_hcla8_synth_preset_d13,signed low4_high4:a*b,baugh_wooley_wallace_outside_hcla8+synth_preset_d13,student/work/ex260_ex264_frontend_smul_order_edge_start_20260609_0605/ex260/verilog/ex260_smul_baugh_wooley_wallace_outside_hcla8.v,student/work/ex260_ex264_frontend_smul_order_edge_start_20260609_0605/ex260/aigs/ex260_smul_baugh_wooley_wallace_outside_hcla8_synth_preset_d13.aig,1,1,1,89,16,1424,657,2.167428,0,0,0.230,semantic_signed_mul_exact,exact signed low4 * signed high4 over 256 inputs; source=baugh_wooley_wallace_outside_hcla8; flow=synth_preset_d13
ex260,ex260_smul_baugh_wooley_wallace_rev_rhcla1_abc_g_aig,signed low4_high4:a*b,baugh_wooley_wallace_rev_rhcla1+abc_g_aig,student/work/ex260_ex264_frontend_smul_order_edge_start_20260609_0605/ex260/verilog/ex260_smul_baugh_wooley_wallace_rev_rhcla1.v,student/work/ex260_ex264_frontend_smul_order_edge_start_20260609_0605/ex260/aigs/ex260_smul_baugh_wooley_wallace_rev_rhcla1_abc_g_aig.aig,1,1,1,87,16,1392,657,2.118721,0,0,0.213,semantic_signed_mul_exact,exact signed low4 * signed high4 over 256 inputs; source=baugh_wooley_wallace_rev_rhcla1; flow=abc_g_aig
ex260,ex260_smul_baugh_wooley_wallace_rev_rhcla1_wreduce_abc_g_aig,signed low4_high4:a*b,baugh_wooley_wallace_rev_rhcla1+wreduce_abc_g_aig,student/work/ex260_ex264_frontend_smul_order_edge_start_20260609_0605/ex260/verilog/ex260_smul_baugh_wooley_wallace_rev_rhcla1.v,student/work/ex260_ex264_frontend_smul_order_edge_start_20260609_0605/ex260/aigs/ex260_smul_baugh_wooley_wallace_rev_rhcla1_wreduce_abc_g_aig.aig,1,1,1,87,16,1392,657,2.118721,0,0,0.208,semantic_signed_mul_exact,exact signed low4 * signed high4 over 256 inputs; source=baugh_wooley_wallace_rev_rhcla1; flow=wreduce_abc_g_aig
ex260,ex260_smul_baugh_wooley_wallace_rev_rhcla1_synth_preset_d13,signed low4_high4:a*b,baugh_wooley_wallace_rev_rhcla1+synth_preset_d13,student/work/ex260_ex264_frontend_smul_order_edge_start_20260609_0605/ex260/verilog/ex260_smul_baugh_wooley_wallace_rev_rhcla1.v,student/work/ex260_ex264_frontend_smul_order_edge_start_20260609_0605/ex260/aigs/ex260_smul_baugh_wooley_wallace_rev_rhcla1_synth_preset_d13.aig,1,1,1,88,14,1232,657,1.875190,0,0,0.271,semantic_signed_mul_exact,exact signed low4 * signed high4 over 256 inputs; source=baugh_wooley_wallace_rev_rhcla1; flow=synth_preset_d13
ex260,ex260_smul_baugh_wooley_wallace_rev_rhcla7_abc_g_aig,signed low4_high4:a*b,baugh_wooley_wallace_rev_rhcla7+abc_g_aig,student/work/ex260_ex264_frontend_smul_order_edge_start_20260609_0605/ex260/verilog/ex260_smul_baugh_wooley_wallace_rev_rhcla7.v,student/work/ex260_ex264_frontend_smul_order_edge_start_20260609_0605/ex260/aigs/ex260_smul_baugh_wooley_wallace_rev_rhcla7_abc_g_aig.aig,1,1,1,86,16,1376,657,2.094368,0,0,0.189,semantic_signed_mul_exact,exact signed low4 * signed high4 over 256 inputs; source=baugh_wooley_wallace_rev_rhcla7; flow=abc_g_aig
ex260,ex260_smul_baugh_wooley_wallace_rev_rhcla7_wreduce_abc_g_aig,signed low4_high4:a*b,baugh_wooley_wallace_rev_rhcla7+wreduce_abc_g_aig,student/work/ex260_ex264_frontend_smul_order_edge_start_20260609_0605/ex260/verilog/ex260_smul_baugh_wooley_wallace_rev_rhcla7.v,student/work/ex260_ex264_frontend_smul_order_edge_start_20260609_0605/ex260/aigs/ex260_smul_baugh_wooley_wallace_rev_rhcla7_wreduce_abc_g_aig.aig,1,1,1,86,16,1376,657,2.094368,0,0,0.193,semantic_signed_mul_exact,exact signed low4 * signed high4 over 256 inputs; source=baugh_wooley_wallace_rev_rhcla7; flow=wreduce_abc_g_aig
ex260,ex260_smul_baugh_wooley_wallace_rev_rhcla7_synth_preset_d13,signed low4_high4:a*b,baugh_wooley_wallace_rev_rhcla7+synth_preset_d13,student/work/ex260_ex264_frontend_smul_order_edge_start_20260609_0605/ex260/verilog/ex260_smul_baugh_wooley_wallace_rev_rhcla7.v,student/work/ex260_ex264_frontend_smul_order_edge_start_20260609_0605/ex260/aigs/ex260_smul_baugh_wooley_wallace_rev_rhcla7_synth_preset_d13.aig,1,1,1,86,16,1376,657,2.094368,0,0,0.251,semantic_signed_mul_exact,exact signed low4 * signed high4 over 256 inputs; source=baugh_wooley_wallace_rev_rhcla7; flow=synth_preset_d13
ex260,ex260_smul_baugh_wooley_wallace_rev_rhcla8_abc_g_aig,signed low4_high4:a*b,baugh_wooley_wallace_rev_rhcla8+abc_g_aig,student/work/ex260_ex264_frontend_smul_order_edge_start_20260609_0605/ex260/verilog/ex260_smul_baugh_wooley_wallace_rev_rhcla8.v,student/work/ex260_ex264_frontend_smul_order_edge_start_20260609_0605/ex260/aigs/ex260_smul_baugh_wooley_wallace_rev_rhcla8_abc_g_aig.aig,1,1,1,86,16,1376,657,2.094368,0,0,0.193,semantic_signed_mul_exact,exact signed low4 * signed high4 over 256 inputs; source=baugh_wooley_wallace_rev_rhcla8; flow=abc_g_aig
ex260,ex260_smul_baugh_wooley_wallace_rev_rhcla8_wreduce_abc_g_aig,signed low4_high4:a*b,baugh_wooley_wallace_rev_rhcla8+wreduce_abc_g_aig,student/work/ex260_ex264_frontend_smul_order_edge_start_20260609_0605/ex260/verilog/ex260_smul_baugh_wooley_wallace_rev_rhcla8.v,student/work/ex260_ex264_frontend_smul_order_edge_start_20260609_0605/ex260/aigs/ex260_smul_baugh_wooley_wallace_rev_rhcla8_wreduce_abc_g_aig.aig,1,1,1,86,16,1376,657,2.094368,0,0,0.197,semantic_signed_mul_exact,exact signed low4 * signed high4 over 256 inputs; source=baugh_wooley_wallace_rev_rhcla8; flow=wreduce_abc_g_aig
ex260,ex260_smul_baugh_wooley_wallace_rev_rhcla8_synth_preset_d13,signed low4_high4:a*b,baugh_wooley_wallace_rev_rhcla8+synth_preset_d13,student/work/ex260_ex264_frontend_smul_order_edge_start_20260609_0605/ex260/verilog/ex260_smul_baugh_wooley_wallace_rev_rhcla8.v,student/work/ex260_ex264_frontend_smul_order_edge_start_20260609_0605/ex260/aigs/ex260_smul_baugh_wooley_wallace_rev_rhcla8_synth_preset_d13.aig,1,1,1,86,16,1376,657,2.094368,0,0,0.264,semantic_signed_mul_exact,exact signed low4 * signed high4 over 256 inputs; source=baugh_wooley_wallace_rev_rhcla8; flow=synth_preset_d13
ex260,ex260_smul_baugh_wooley_wallace_outside_rhcla1_abc_g_aig,signed low4_high4:a*b,baugh_wooley_wallace_outside_rhcla1+abc_g_aig,student/work/ex260_ex264_frontend_smul_order_edge_start_20260609_0605/ex260/verilog/ex260_smul_baugh_wooley_wallace_outside_rhcla1.v,student/work/ex260_ex264_frontend_smul_order_edge_start_20260609_0605/ex260/aigs/ex260_smul_baugh_wooley_wallace_outside_rhcla1_abc_g_aig.aig,1,1,1,93,14,1302,657,1.981735,0,0,0.206,semantic_signed_mul_exact,exact signed low4 * signed high4 over 256 inputs; source=baugh_wooley_wallace_outside_rhcla1; flow=abc_g_aig
ex260,ex260_smul_baugh_wooley_wallace_outside_rhcla1_wreduce_abc_g_aig,signed low4_high4:a*b,baugh_wooley_wallace_outside_rhcla1+wreduce_abc_g_aig,student/work/ex260_ex264_frontend_smul_order_edge_start_20260609_0605/ex260/verilog/ex260_smul_baugh_wooley_wallace_outside_rhcla1.v,student/work/ex260_ex264_frontend_smul_order_edge_start_20260609_0605/ex260/aigs/ex260_smul_baugh_wooley_wallace_outside_rhcla1_wreduce_abc_g_aig.aig,1,1,1,94,14,1316,657,2.003044,0,0,0.210,semantic_signed_mul_exact,exact signed low4 * signed high4 over 256 inputs; source=baugh_wooley_wallace_outside_rhcla1; flow=wreduce_abc_g_aig
ex260,ex260_smul_baugh_wooley_wallace_outside_rhcla1_synth_preset_d13,signed low4_high4:a*b,baugh_wooley_wallace_outside_rhcla1+synth_preset_d13,student/work/ex260_ex264_frontend_smul_order_edge_start_20260609_0605/ex260/verilog/ex260_smul_baugh_wooley_wallace_outside_rhcla1.v,student/work/ex260_ex264_frontend_smul_order_edge_start_20260609_0605/ex260/aigs/ex260_smul_baugh_wooley_wallace_outside_rhcla1_synth_preset_d13.aig,1,1,1,93,14,1302,657,1.981735,0,0,0.251,semantic_signed_mul_exact,exact signed low4 * signed high4 over 256 inputs; source=baugh_wooley_wallace_outside_rhcla1; flow=synth_preset_d13
ex260,ex260_smul_baugh_wooley_wallace_outside_rhcla7_abc_g_aig,signed low4_high4:a*b,baugh_wooley_wallace_outside_rhcla7+abc_g_aig,student/work/ex260_ex264_frontend_smul_order_edge_start_20260609_0605/ex260/verilog/ex260_smul_baugh_wooley_wallace_outside_rhcla7.v,student/work/ex260_ex264_frontend_smul_order_edge_start_20260609_0605/ex260/aigs/ex260_smul_baugh_wooley_wallace_outside_rhcla7_abc_g_aig.aig,1,1,1,89,16,1424,657,2.167428,0,0,0.188,semantic_signed_mul_exact,exact signed low4 * signed high4 over 256 inputs; source=baugh_wooley_wallace_outside_rhcla7; flow=abc_g_aig
ex260,ex260_smul_baugh_wooley_wallace_outside_rhcla7_wreduce_abc_g_aig,signed low4_high4:a*b,baugh_wooley_wallace_outside_rhcla7+wreduce_abc_g_aig,student/work/ex260_ex264_frontend_smul_order_edge_start_20260609_0605/ex260/verilog/ex260_smul_baugh_wooley_wallace_outside_rhcla7.v,student/work/ex260_ex264_frontend_smul_order_edge_start_20260609_0605/ex260/aigs/ex260_smul_baugh_wooley_wallace_outside_rhcla7_wreduce_abc_g_aig.aig,1,1,1,89,16,1424,657,2.167428,0,0,0.192,semantic_signed_mul_exact,exact signed low4 * signed high4 over 256 inputs; source=baugh_wooley_wallace_outside_rhcla7; flow=wreduce_abc_g_aig
ex260,ex260_smul_baugh_wooley_wallace_outside_rhcla7_synth_preset_d13,signed low4_high4:a*b,baugh_wooley_wallace_outside_rhcla7+synth_preset_d13,student/work/ex260_ex264_frontend_smul_order_edge_start_20260609_0605/ex260/verilog/ex260_smul_baugh_wooley_wallace_outside_rhcla7.v,student/work/ex260_ex264_frontend_smul_order_edge_start_20260609_0605/ex260/aigs/ex260_smul_baugh_wooley_wallace_outside_rhcla7_synth_preset_d13.aig,1,1,1,89,16,1424,657,2.167428,0,0,0.253,semantic_signed_mul_exact,exact signed low4 * signed high4 over 256 inputs; source=baugh_wooley_wallace_outside_rhcla7; flow=synth_preset_d13
ex260,ex260_smul_baugh_wooley_wallace_outside_rhcla8_abc_g_aig,signed low4_high4:a*b,baugh_wooley_wallace_outside_rhcla8+abc_g_aig,student/work/ex260_ex264_frontend_smul_order_edge_start_20260609_0605/ex260/verilog/ex260_smul_baugh_wooley_wallace_outside_rhcla8.v,student/work/ex260_ex264_frontend_smul_order_edge_start_20260609_0605/ex260/aigs/ex260_smul_baugh_wooley_wallace_outside_rhcla8_abc_g_aig.aig,1,1,1,90,16,1440,657,2.191781,0,0,0.184,semantic_signed_mul_exact,exact signed low4 * signed high4 over 256 inputs; source=baugh_wooley_wallace_outside_rhcla8; flow=abc_g_aig
ex260,ex260_smul_baugh_wooley_wallace_outside_rhcla8_wreduce_abc_g_aig,signed low4_high4:a*b,baugh_wooley_wallace_outside_rhcla8+wreduce_abc_g_aig,student/work/ex260_ex264_frontend_smul_order_edge_start_20260609_0605/ex260/verilog/ex260_smul_baugh_wooley_wallace_outside_rhcla8.v,student/work/ex260_ex264_frontend_smul_order_edge_start_20260609_0605/ex260/aigs/ex260_smul_baugh_wooley_wallace_outside_rhcla8_wreduce_abc_g_aig.aig,1,1,1,90,16,1440,657,2.191781,0,0,0.190,semantic_signed_mul_exact,exact signed low4 * signed high4 over 256 inputs; source=baugh_wooley_wallace_outside_rhcla8; flow=wreduce_abc_g_aig
ex260,ex260_smul_baugh_wooley_wallace_outside_rhcla8_synth_preset_d13,signed low4_high4:a*b,baugh_wooley_wallace_outside_rhcla8+synth_preset_d13,student/work/ex260_ex264_frontend_smul_order_edge_start_20260609_0605/ex260/verilog/ex260_smul_baugh_wooley_wallace_outside_rhcla8.v,student/work/ex260_ex264_frontend_smul_order_edge_start_20260609_0605/ex260/aigs/ex260_smul_baugh_wooley_wallace_outside_rhcla8_synth_preset_d13.aig,1,1,1,88,16,1408,657,2.143075,0,0,0.235,semantic_signed_mul_exact,exact signed low4 * signed high4 over 256 inputs; source=baugh_wooley_wallace_outside_rhcla8; flow=synth_preset_d13
ex260,ex260_smul_baugh_wooley_wallace_rev_hcla4_abc_g_aig,signed low4_high4:a*b,baugh_wooley_wallace_rev_hcla4+abc_g_aig,student/work/ex260_ex264_frontend_smul_order_edge_start_20260609_0605/ex260/verilog/ex260_smul_baugh_wooley_wallace_rev_hcla4.v,student/work/ex260_ex264_frontend_smul_order_edge_start_20260609_0605/ex260/aigs/ex260_smul_baugh_wooley_wallace_rev_hcla4_abc_g_aig.aig,1,1,1,88,13,1144,657,1.741248,0,0,0.210,semantic_signed_mul_exact,exact signed low4 * signed high4 over 256 inputs; source=baugh_wooley_wallace_rev_hcla4; flow=abc_g_aig
ex260,ex260_smul_baugh_wooley_wallace_rev_hcla4_wreduce_abc_g_aig,signed low4_high4:a*b,baugh_wooley_wallace_rev_hcla4+wreduce_abc_g_aig,student/work/ex260_ex264_frontend_smul_order_edge_start_20260609_0605/ex260/verilog/ex260_smul_baugh_wooley_wallace_rev_hcla4.v,student/work/ex260_ex264_frontend_smul_order_edge_start_20260609_0605/ex260/aigs/ex260_smul_baugh_wooley_wallace_rev_hcla4_wreduce_abc_g_aig.aig,1,1,1,88,13,1144,657,1.741248,0,0,0.214,semantic_signed_mul_exact,exact signed low4 * signed high4 over 256 inputs; source=baugh_wooley_wallace_rev_hcla4; flow=wreduce_abc_g_aig
ex260,ex260_smul_baugh_wooley_wallace_rev_hcla4_synth_preset_d13,signed low4_high4:a*b,baugh_wooley_wallace_rev_hcla4+synth_preset_d13,student/work/ex260_ex264_frontend_smul_order_edge_start_20260609_0605/ex260/verilog/ex260_smul_baugh_wooley_wallace_rev_hcla4.v,student/work/ex260_ex264_frontend_smul_order_edge_start_20260609_0605/ex260/aigs/ex260_smul_baugh_wooley_wallace_rev_hcla4_synth_preset_d13.aig,1,1,1,88,16,1408,657,2.143075,0,0,0.273,semantic_signed_mul_exact,exact signed low4 * signed high4 over 256 inputs; source=baugh_wooley_wallace_rev_hcla4; flow=synth_preset_d13
ex260,ex260_smul_baugh_wooley_wallace_outside_rhcla2_abc_g_aig,signed low4_high4:a*b,baugh_wooley_wallace_outside_rhcla2+abc_g_aig,student/work/ex260_ex264_frontend_smul_order_edge_start_20260609_0605/ex260/verilog/ex260_smul_baugh_wooley_wallace_outside_rhcla2.v,student/work/ex260_ex264_frontend_smul_order_edge_start_20260609_0605/ex260/aigs/ex260_smul_baugh_wooley_wallace_outside_rhcla2_abc_g_aig.aig,1,1,1,93,14,1302,657,1.981735,0,0,0.204,semantic_signed_mul_exact,exact signed low4 * signed high4 over 256 inputs; source=baugh_wooley_wallace_outside_rhcla2; flow=abc_g_aig
ex260,ex260_smul_baugh_wooley_wallace_outside_rhcla2_wreduce_abc_g_aig,signed low4_high4:a*b,baugh_wooley_wallace_outside_rhcla2+wreduce_abc_g_aig,student/work/ex260_ex264_frontend_smul_order_edge_start_20260609_0605/ex260/verilog/ex260_smul_baugh_wooley_wallace_outside_rhcla2.v,student/work/ex260_ex264_frontend_smul_order_edge_start_20260609_0605/ex260/aigs/ex260_smul_baugh_wooley_wallace_outside_rhcla2_wreduce_abc_g_aig.aig,1,1,1,93,14,1302,657,1.981735,0,0,0.207,semantic_signed_mul_exact,exact signed low4 * signed high4 over 256 inputs; source=baugh_wooley_wallace_outside_rhcla2; flow=wreduce_abc_g_aig
ex260,ex260_smul_baugh_wooley_wallace_outside_rhcla2_synth_preset_d13,signed low4_high4:a*b,baugh_wooley_wallace_outside_rhcla2+synth_preset_d13,student/work/ex260_ex264_frontend_smul_order_edge_start_20260609_0605/ex260/verilog/ex260_smul_baugh_wooley_wallace_outside_rhcla2.v,student/work/ex260_ex264_frontend_smul_order_edge_start_20260609_0605/ex260/aigs/ex260_smul_baugh_wooley_wallace_outside_rhcla2_synth_preset_d13.aig,1,1,1,91,14,1274,657,1.939117,0,0,0.251,semantic_signed_mul_exact,exact signed low4 * signed high4 over 256 inputs; source=baugh_wooley_wallace_outside_rhcla2; flow=synth_preset_d13
ex260,ex260_smul_baugh_wooley_wallace_rev_hcla6_abc_g_aig,signed low4_high4:a*b,baugh_wooley_wallace_rev_hcla6+abc_g_aig,student/work/ex260_ex264_frontend_smul_order_edge_start_20260609_0605/ex260/verilog/ex260_smul_baugh_wooley_wallace_rev_hcla6.v,student/work/ex260_ex264_frontend_smul_order_edge_start_20260609_0605/ex260/aigs/ex260_smul_baugh_wooley_wallace_rev_hcla6_abc_g_aig.aig,1,1,1,88,14,1232,657,1.875190,0,0,0.203,semantic_signed_mul_exact,exact signed low4 * signed high4 over 256 inputs; source=baugh_wooley_wallace_rev_hcla6; flow=abc_g_aig
ex260,ex260_smul_baugh_wooley_wallace_rev_hcla6_wreduce_abc_g_aig,signed low4_high4:a*b,baugh_wooley_wallace_rev_hcla6+wreduce_abc_g_aig,student/work/ex260_ex264_frontend_smul_order_edge_start_20260609_0605/ex260/verilog/ex260_smul_baugh_wooley_wallace_rev_hcla6.v,student/work/ex260_ex264_frontend_smul_order_edge_start_20260609_0605/ex260/aigs/ex260_smul_baugh_wooley_wallace_rev_hcla6_wreduce_abc_g_aig.aig,1,1,1,88,14,1232,657,1.875190,0,0,0.209,semantic_signed_mul_exact,exact signed low4 * signed high4 over 256 inputs; source=baugh_wooley_wallace_rev_hcla6; flow=wreduce_abc_g_aig
ex260,ex260_smul_baugh_wooley_wallace_rev_hcla6_synth_preset_d13,signed low4_high4:a*b,baugh_wooley_wallace_rev_hcla6+synth_preset_d13,student/work/ex260_ex264_frontend_smul_order_edge_start_20260609_0605/ex260/verilog/ex260_smul_baugh_wooley_wallace_rev_hcla6.v,student/work/ex260_ex264_frontend_smul_order_edge_start_20260609_0605/ex260/aigs/ex260_smul_baugh_wooley_wallace_rev_hcla6_synth_preset_d13.aig,1,1,1,87,16,1392,657,2.118721,0,0,0.268,semantic_signed_mul_exact,exact signed low4 * signed high4 over 256 inputs; source=baugh_wooley_wallace_rev_hcla6; flow=synth_preset_d13
ex261,ex261_smul_baugh_wooley_wallace_rev_hcla1_abc_g_aig,signed low5_high5:a*b,baugh_wooley_wallace_rev_hcla1+abc_g_aig,student/work/ex260_ex264_frontend_smul_order_edge_start_20260609_0605/ex261/verilog/ex261_smul_baugh_wooley_wallace_rev_hcla1.v,student/work/ex260_ex264_frontend_smul_order_edge_start_20260609_0605/ex261/aigs/ex261_smul_baugh_wooley_wallace_rev_hcla1_abc_g_aig.aig,1,1,1,166,20,3320,2041,1.626654,0,0,0.252,semantic_signed_mul_exact,exact signed low5 * signed high5 over 1024 inputs; source=baugh_wooley_wallace_rev_hcla1; flow=abc_g_aig
ex261,ex261_smul_baugh_wooley_wallace_rev_hcla1_wreduce_abc_g_aig,signed low5_high5:a*b,baugh_wooley_wallace_rev_hcla1+wreduce_abc_g_aig,student/work/ex260_ex264_frontend_smul_order_edge_start_20260609_0605/ex261/verilog/ex261_smul_baugh_wooley_wallace_rev_hcla1.v,student/work/ex260_ex264_frontend_smul_order_edge_start_20260609_0605/ex261/aigs/ex261_smul_baugh_wooley_wallace_rev_hcla1_wreduce_abc_g_aig.aig,1,1,1,165,20,3300,2041,1.616854,0,0,0.262,semantic_signed_mul_exact,exact signed low5 * signed high5 over 1024 inputs; source=baugh_wooley_wallace_rev_hcla1; flow=wreduce_abc_g_aig
ex261,ex261_smul_baugh_wooley_wallace_rev_hcla1_synth_preset_d13,signed low5_high5:a*b,baugh_wooley_wallace_rev_hcla1+synth_preset_d13,student/work/ex260_ex264_frontend_smul_order_edge_start_20260609_0605/ex261/verilog/ex261_smul_baugh_wooley_wallace_rev_hcla1.v,student/work/ex260_ex264_frontend_smul_order_edge_start_20260609_0605/ex261/aigs/ex261_smul_baugh_wooley_wallace_rev_hcla1_synth_preset_d13.aig,1,1,1,165,20,3300,2041,1.616854,0,0,0.307,semantic_signed_mul_exact,exact signed low5 * signed high5 over 1024 inputs; source=baugh_wooley_wallace_rev_hcla1; flow=synth_preset_d13
ex261,ex261_smul_baugh_wooley_wallace_rev_hcla7_abc_g_aig,signed low5_high5:a*b,baugh_wooley_wallace_rev_hcla7+abc_g_aig,student/work/ex260_ex264_frontend_smul_order_edge_start_20260609_0605/ex261/verilog/ex261_smul_baugh_wooley_wallace_rev_hcla7.v,student/work/ex260_ex264_frontend_smul_order_edge_start_20260609_0605/ex261/aigs/ex261_smul_baugh_wooley_wallace_rev_hcla7_abc_g_aig.aig,1,1,1,158,22,3476,2041,1.703087,0,0,0.234,semantic_signed_mul_exact,exact signed low5 * signed high5 over 1024 inputs; source=baugh_wooley_wallace_rev_hcla7; flow=abc_g_aig
ex261,ex261_smul_baugh_wooley_wallace_rev_hcla7_wreduce_abc_g_aig,signed low5_high5:a*b,baugh_wooley_wallace_rev_hcla7+wreduce_abc_g_aig,student/work/ex260_ex264_frontend_smul_order_edge_start_20260609_0605/ex261/verilog/ex261_smul_baugh_wooley_wallace_rev_hcla7.v,student/work/ex260_ex264_frontend_smul_order_edge_start_20260609_0605/ex261/aigs/ex261_smul_baugh_wooley_wallace_rev_hcla7_wreduce_abc_g_aig.aig,1,1,1,158,22,3476,2041,1.703087,0,0,0.234,semantic_signed_mul_exact,exact signed low5 * signed high5 over 1024 inputs; source=baugh_wooley_wallace_rev_hcla7; flow=wreduce_abc_g_aig
ex261,ex261_smul_baugh_wooley_wallace_rev_hcla7_synth_preset_d13,signed low5_high5:a*b,baugh_wooley_wallace_rev_hcla7+synth_preset_d13,student/work/ex260_ex264_frontend_smul_order_edge_start_20260609_0605/ex261/verilog/ex261_smul_baugh_wooley_wallace_rev_hcla7.v,student/work/ex260_ex264_frontend_smul_order_edge_start_20260609_0605/ex261/aigs/ex261_smul_baugh_wooley_wallace_rev_hcla7_synth_preset_d13.aig,1,1,1,157,22,3454,2041,1.692308,0,0,0.307,semantic_signed_mul_exact,exact signed low5 * signed high5 over 1024 inputs; source=baugh_wooley_wallace_rev_hcla7; flow=synth_preset_d13
ex261,ex261_smul_baugh_wooley_wallace_rev_hcla8_abc_g_aig,signed low5_high5:a*b,baugh_wooley_wallace_rev_hcla8+abc_g_aig,student/work/ex260_ex264_frontend_smul_order_edge_start_20260609_0605/ex261/verilog/ex261_smul_baugh_wooley_wallace_rev_hcla8.v,student/work/ex260_ex264_frontend_smul_order_edge_start_20260609_0605/ex261/aigs/ex261_smul_baugh_wooley_wallace_rev_hcla8_abc_g_aig.aig,1,1,1,156,21,3276,2041,1.605096,0,0,0.214,semantic_signed_mul_exact,exact signed low5 * signed high5 over 1024 inputs; source=baugh_wooley_wallace_rev_hcla8; flow=abc_g_aig
ex261,ex261_smul_baugh_wooley_wallace_rev_hcla8_wreduce_abc_g_aig,signed low5_high5:a*b,baugh_wooley_wallace_rev_hcla8+wreduce_abc_g_aig,student/work/ex260_ex264_frontend_smul_order_edge_start_20260609_0605/ex261/verilog/ex261_smul_baugh_wooley_wallace_rev_hcla8.v,student/work/ex260_ex264_frontend_smul_order_edge_start_20260609_0605/ex261/aigs/ex261_smul_baugh_wooley_wallace_rev_hcla8_wreduce_abc_g_aig.aig,1,1,1,156,22,3432,2041,1.681529,0,0,0.222,semantic_signed_mul_exact,exact signed low5 * signed high5 over 1024 inputs; source=baugh_wooley_wallace_rev_hcla8; flow=wreduce_abc_g_aig
ex261,ex261_smul_baugh_wooley_wallace_rev_hcla8_synth_preset_d13,signed low5_high5:a*b,baugh_wooley_wallace_rev_hcla8+synth_preset_d13,student/work/ex260_ex264_frontend_smul_order_edge_start_20260609_0605/ex261/verilog/ex261_smul_baugh_wooley_wallace_rev_hcla8.v,student/work/ex260_ex264_frontend_smul_order_edge_start_20260609_0605/ex261/aigs/ex261_smul_baugh_wooley_wallace_rev_hcla8_synth_preset_d13.aig,1,1,1,156,22,3432,2041,1.681529,0,0,0.269,semantic_signed_mul_exact,exact signed low5 * signed high5 over 1024 inputs; source=baugh_wooley_wallace_rev_hcla8; flow=synth_preset_d13
ex261,ex261_smul_baugh_wooley_wallace_outside_hcla1_abc_g_aig,signed low5_high5:a*b,baugh_wooley_wallace_outside_hcla1+abc_g_aig,student/work/ex260_ex264_frontend_smul_order_edge_start_20260609_0605/ex261/verilog/ex261_smul_baugh_wooley_wallace_outside_hcla1.v,student/work/ex260_ex264_frontend_smul_order_edge_start_20260609_0605/ex261/aigs/ex261_smul_baugh_wooley_wallace_outside_hcla1_abc_g_aig.aig,1,1,1,164,20,3280,2041,1.607055,0,0,0.245,semantic_signed_mul_exact,exact signed low5 * signed high5 over 1024 inputs; source=baugh_wooley_wallace_outside_hcla1; flow=abc_g_aig
ex261,ex261_smul_baugh_wooley_wallace_outside_hcla1_wreduce_abc_g_aig,signed low5_high5:a*b,baugh_wooley_wallace_outside_hcla1+wreduce_abc_g_aig,student/work/ex260_ex264_frontend_smul_order_edge_start_20260609_0605/ex261/verilog/ex261_smul_baugh_wooley_wallace_outside_hcla1.v,student/work/ex260_ex264_frontend_smul_order_edge_start_20260609_0605/ex261/aigs/ex261_smul_baugh_wooley_wallace_outside_hcla1_wreduce_abc_g_aig.aig,1,1,1,166,20,3320,2041,1.626654,0,0,0.249,semantic_signed_mul_exact,exact signed low5 * signed high5 over 1024 inputs; source=baugh_wooley_wallace_outside_hcla1; flow=wreduce_abc_g_aig
ex261,ex261_smul_baugh_wooley_wallace_outside_hcla1_synth_preset_d13,signed low5_high5:a*b,baugh_wooley_wallace_outside_hcla1+synth_preset_d13,student/work/ex260_ex264_frontend_smul_order_edge_start_20260609_0605/ex261/verilog/ex261_smul_baugh_wooley_wallace_outside_hcla1.v,student/work/ex260_ex264_frontend_smul_order_edge_start_20260609_0605/ex261/aigs/ex261_smul_baugh_wooley_wallace_outside_hcla1_synth_preset_d13.aig,1,1,1,166,19,3154,2041,1.545321,0,0,0.296,semantic_signed_mul_exact,exact signed low5 * signed high5 over 1024 inputs; source=baugh_wooley_wallace_outside_hcla1; flow=synth_preset_d13
ex261,ex261_smul_baugh_wooley_wallace_outside_hcla7_abc_g_aig,signed low5_high5:a*b,baugh_wooley_wallace_outside_hcla7+abc_g_aig,student/work/ex260_ex264_frontend_smul_order_edge_start_20260609_0605/ex261/verilog/ex261_smul_baugh_wooley_wallace_outside_hcla7.v,student/work/ex260_ex264_frontend_smul_order_edge_start_20260609_0605/ex261/aigs/ex261_smul_baugh_wooley_wallace_outside_hcla7_abc_g_aig.aig,1,1,1,155,22,3410,2041,1.670750,0,0,0.215,semantic_signed_mul_exact,exact signed low5 * signed high5 over 1024 inputs; source=baugh_wooley_wallace_outside_hcla7; flow=abc_g_aig
ex261,ex261_smul_baugh_wooley_wallace_outside_hcla7_wreduce_abc_g_aig,signed low5_high5:a*b,baugh_wooley_wallace_outside_hcla7+wreduce_abc_g_aig,student/work/ex260_ex264_frontend_smul_order_edge_start_20260609_0605/ex261/verilog/ex261_smul_baugh_wooley_wallace_outside_hcla7.v,student/work/ex260_ex264_frontend_smul_order_edge_start_20260609_0605/ex261/aigs/ex261_smul_baugh_wooley_wallace_outside_hcla7_wreduce_abc_g_aig.aig,1,1,1,155,21,3255,2041,1.594806,0,0,0.219,semantic_signed_mul_exact,exact signed low5 * signed high5 over 1024 inputs; source=baugh_wooley_wallace_outside_hcla7; flow=wreduce_abc_g_aig
ex261,ex261_smul_baugh_wooley_wallace_outside_hcla7_synth_preset_d13,signed low5_high5:a*b,baugh_wooley_wallace_outside_hcla7+synth_preset_d13,student/work/ex260_ex264_frontend_smul_order_edge_start_20260609_0605/ex261/verilog/ex261_smul_baugh_wooley_wallace_outside_hcla7.v,student/work/ex260_ex264_frontend_smul_order_edge_start_20260609_0605/ex261/aigs/ex261_smul_baugh_wooley_wallace_outside_hcla7_synth_preset_d13.aig,1,1,1,156,22,3432,2041,1.681529,0,0,0.271,semantic_signed_mul_exact,exact signed low5 * signed high5 over 1024 inputs; source=baugh_wooley_wallace_outside_hcla7; flow=synth_preset_d13
ex261,ex261_smul_baugh_wooley_wallace_outside_hcla8_abc_g_aig,signed low5_high5:a*b,baugh_wooley_wallace_outside_hcla8+abc_g_aig,student/work/ex260_ex264_frontend_smul_order_edge_start_20260609_0605/ex261/verilog/ex261_smul_baugh_wooley_wallace_outside_hcla8.v,student/work/ex260_ex264_frontend_smul_order_edge_start_20260609_0605/ex261/aigs/ex261_smul_baugh_wooley_wallace_outside_hcla8_abc_g_aig.aig,1,1,1,156,22,3432,2041,1.681529,0,0,0.213,semantic_signed_mul_exact,exact signed low5 * signed high5 over 1024 inputs; source=baugh_wooley_wallace_outside_hcla8; flow=abc_g_aig
ex261,ex261_smul_baugh_wooley_wallace_outside_hcla8_wreduce_abc_g_aig,signed low5_high5:a*b,baugh_wooley_wallace_outside_hcla8+wreduce_abc_g_aig,student/work/ex260_ex264_frontend_smul_order_edge_start_20260609_0605/ex261/verilog/ex261_smul_baugh_wooley_wallace_outside_hcla8.v,student/work/ex260_ex264_frontend_smul_order_edge_start_20260609_0605/ex261/aigs/ex261_smul_baugh_wooley_wallace_outside_hcla8_wreduce_abc_g_aig.aig,1,1,1,155,21,3255,2041,1.594806,0,0,0.218,semantic_signed_mul_exact,exact signed low5 * signed high5 over 1024 inputs; source=baugh_wooley_wallace_outside_hcla8; flow=wreduce_abc_g_aig
ex261,ex261_smul_baugh_wooley_wallace_outside_hcla8_synth_preset_d13,signed low5_high5:a*b,baugh_wooley_wallace_outside_hcla8+synth_preset_d13,student/work/ex260_ex264_frontend_smul_order_edge_start_20260609_0605/ex261/verilog/ex261_smul_baugh_wooley_wallace_outside_hcla8.v,student/work/ex260_ex264_frontend_smul_order_edge_start_20260609_0605/ex261/aigs/ex261_smul_baugh_wooley_wallace_outside_hcla8_synth_preset_d13.aig,1,1,1,156,22,3432,2041,1.681529,0,0,0.266,semantic_signed_mul_exact,exact signed low5 * signed high5 over 1024 inputs; source=baugh_wooley_wallace_outside_hcla8; flow=synth_preset_d13
ex261,ex261_smul_baugh_wooley_wallace_rev_rhcla1_abc_g_aig,signed low5_high5:a*b,baugh_wooley_wallace_rev_rhcla1+abc_g_aig,student/work/ex260_ex264_frontend_smul_order_edge_start_20260609_0605/ex261/verilog/ex261_smul_baugh_wooley_wallace_rev_rhcla1.v,student/work/ex260_ex264_frontend_smul_order_edge_start_20260609_0605/ex261/aigs/ex261_smul_baugh_wooley_wallace_rev_rhcla1_abc_g_aig.aig,1,1,1,167,20,3340,2041,1.636453,0,0,0.246,semantic_signed_mul_exact,exact signed low5 * signed high5 over 1024 inputs; source=baugh_wooley_wallace_rev_rhcla1; flow=abc_g_aig
ex261,ex261_smul_baugh_wooley_wallace_rev_rhcla1_wreduce_abc_g_aig,signed low5_high5:a*b,baugh_wooley_wallace_rev_rhcla1+wreduce_abc_g_aig,student/work/ex260_ex264_frontend_smul_order_edge_start_20260609_0605/ex261/verilog/ex261_smul_baugh_wooley_wallace_rev_rhcla1.v,student/work/ex260_ex264_frontend_smul_order_edge_start_20260609_0605/ex261/aigs/ex261_smul_baugh_wooley_wallace_rev_rhcla1_wreduce_abc_g_aig.aig,1,1,1,167,20,3340,2041,1.636453,0,0,0.254,semantic_signed_mul_exact,exact signed low5 * signed high5 over 1024 inputs; source=baugh_wooley_wallace_rev_rhcla1; flow=wreduce_abc_g_aig
ex261,ex261_smul_baugh_wooley_wallace_rev_rhcla1_synth_preset_d13,signed low5_high5:a*b,baugh_wooley_wallace_rev_rhcla1+synth_preset_d13,student/work/ex260_ex264_frontend_smul_order_edge_start_20260609_0605/ex261/verilog/ex261_smul_baugh_wooley_wallace_rev_rhcla1.v,student/work/ex260_ex264_frontend_smul_order_edge_start_20260609_0605/ex261/aigs/ex261_smul_baugh_wooley_wallace_rev_rhcla1_synth_preset_d13.aig,1,1,1,158,22,3476,2041,1.703087,0,0,0.323,semantic_signed_mul_exact,exact signed low5 * signed high5 over 1024 inputs; source=baugh_wooley_wallace_rev_rhcla1; flow=synth_preset_d13
ex261,ex261_smul_baugh_wooley_wallace_rev_rhcla7_abc_g_aig,signed low5_high5:a*b,baugh_wooley_wallace_rev_rhcla7+abc_g_aig,student/work/ex260_ex264_frontend_smul_order_edge_start_20260609_0605/ex261/verilog/ex261_smul_baugh_wooley_wallace_rev_rhcla7.v,student/work/ex260_ex264_frontend_smul_order_edge_start_20260609_0605/ex261/aigs/ex261_smul_baugh_wooley_wallace_rev_rhcla7_abc_g_aig.aig,1,1,1,158,22,3476,2041,1.703087,0,0,0.230,semantic_signed_mul_exact,exact signed low5 * signed high5 over 1024 inputs; source=baugh_wooley_wallace_rev_rhcla7; flow=abc_g_aig
ex261,ex261_smul_baugh_wooley_wallace_rev_rhcla7_wreduce_abc_g_aig,signed low5_high5:a*b,baugh_wooley_wallace_rev_rhcla7+wreduce_abc_g_aig,student/work/ex260_ex264_frontend_smul_order_edge_start_20260609_0605/ex261/verilog/ex261_smul_baugh_wooley_wallace_rev_rhcla7.v,student/work/ex260_ex264_frontend_smul_order_edge_start_20260609_0605/ex261/aigs/ex261_smul_baugh_wooley_wallace_rev_rhcla7_wreduce_abc_g_aig.aig,1,1,1,158,22,3476,2041,1.703087,0,0,0.235,semantic_signed_mul_exact,exact signed low5 * signed high5 over 1024 inputs; source=baugh_wooley_wallace_rev_rhcla7; flow=wreduce_abc_g_aig
ex261,ex261_smul_baugh_wooley_wallace_rev_rhcla7_synth_preset_d13,signed low5_high5:a*b,baugh_wooley_wallace_rev_rhcla7+synth_preset_d13,student/work/ex260_ex264_frontend_smul_order_edge_start_20260609_0605/ex261/verilog/ex261_smul_baugh_wooley_wallace_rev_rhcla7.v,student/work/ex260_ex264_frontend_smul_order_edge_start_20260609_0605/ex261/aigs/ex261_smul_baugh_wooley_wallace_rev_rhcla7_synth_preset_d13.aig,1,1,1,158,21,3318,2041,1.625674,0,0,0.286,semantic_signed_mul_exact,exact signed low5 * signed high5 over 1024 inputs; source=baugh_wooley_wallace_rev_rhcla7; flow=synth_preset_d13
ex261,ex261_smul_baugh_wooley_wallace_rev_rhcla8_abc_g_aig,signed low5_high5:a*b,baugh_wooley_wallace_rev_rhcla8+abc_g_aig,student/work/ex260_ex264_frontend_smul_order_edge_start_20260609_0605/ex261/verilog/ex261_smul_baugh_wooley_wallace_rev_rhcla8.v,student/work/ex260_ex264_frontend_smul_order_edge_start_20260609_0605/ex261/aigs/ex261_smul_baugh_wooley_wallace_rev_rhcla8_abc_g_aig.aig,1,1,1,156,22,3432,2041,1.681529,0,0,0.211,semantic_signed_mul_exact,exact signed low5 * signed high5 over 1024 inputs; source=baugh_wooley_wallace_rev_rhcla8; flow=abc_g_aig
ex261,ex261_smul_baugh_wooley_wallace_rev_rhcla8_wreduce_abc_g_aig,signed low5_high5:a*b,baugh_wooley_wallace_rev_rhcla8+wreduce_abc_g_aig,student/work/ex260_ex264_frontend_smul_order_edge_start_20260609_0605/ex261/verilog/ex261_smul_baugh_wooley_wallace_rev_rhcla8.v,student/work/ex260_ex264_frontend_smul_order_edge_start_20260609_0605/ex261/aigs/ex261_smul_baugh_wooley_wallace_rev_rhcla8_wreduce_abc_g_aig.aig,1,1,1,156,22,3432,2041,1.681529,0,0,0.217,semantic_signed_mul_exact,exact signed low5 * signed high5 over 1024 inputs; source=baugh_wooley_wallace_rev_rhcla8; flow=wreduce_abc_g_aig
ex261,ex261_smul_baugh_wooley_wallace_rev_rhcla8_synth_preset_d13,signed low5_high5:a*b,baugh_wooley_wallace_rev_rhcla8+synth_preset_d13,student/work/ex260_ex264_frontend_smul_order_edge_start_20260609_0605/ex261/verilog/ex261_smul_baugh_wooley_wallace_rev_rhcla8.v,student/work/ex260_ex264_frontend_smul_order_edge_start_20260609_0605/ex261/aigs/ex261_smul_baugh_wooley_wallace_rev_rhcla8_synth_preset_d13.aig,1,1,1,156,22,3432,2041,1.681529,0,0,0.270,semantic_signed_mul_exact,exact signed low5 * signed high5 over 1024 inputs; source=baugh_wooley_wallace_rev_rhcla8; flow=synth_preset_d13
ex261,ex261_smul_baugh_wooley_wallace_outside_rhcla1_abc_g_aig,signed low5_high5:a*b,baugh_wooley_wallace_outside_rhcla1+abc_g_aig,student/work/ex260_ex264_frontend_smul_order_edge_start_20260609_0605/ex261/verilog/ex261_smul_baugh_wooley_wallace_outside_rhcla1.v,student/work/ex260_ex264_frontend_smul_order_edge_start_20260609_0605/ex261/aigs/ex261_smul_baugh_wooley_wallace_outside_rhcla1_abc_g_aig.aig,1,1,1,167,20,3340,2041,1.636453,0,0,0.242,semantic_signed_mul_exact,exact signed low5 * signed high5 over 1024 inputs; source=baugh_wooley_wallace_outside_rhcla1; flow=abc_g_aig
ex261,ex261_smul_baugh_wooley_wallace_outside_rhcla1_wreduce_abc_g_aig,signed low5_high5:a*b,baugh_wooley_wallace_outside_rhcla1+wreduce_abc_g_aig,student/work/ex260_ex264_frontend_smul_order_edge_start_20260609_0605/ex261/verilog/ex261_smul_baugh_wooley_wallace_outside_rhcla1.v,student/work/ex260_ex264_frontend_smul_order_edge_start_20260609_0605/ex261/aigs/ex261_smul_baugh_wooley_wallace_outside_rhcla1_wreduce_abc_g_aig.aig,1,1,1,167,20,3340,2041,1.636453,0,0,0.250,semantic_signed_mul_exact,exact signed low5 * signed high5 over 1024 inputs; source=baugh_wooley_wallace_outside_rhcla1; flow=wreduce_abc_g_aig
ex261,ex261_smul_baugh_wooley_wallace_outside_rhcla1_synth_preset_d13,signed low5_high5:a*b,baugh_wooley_wallace_outside_rhcla1+synth_preset_d13,student/work/ex260_ex264_frontend_smul_order_edge_start_20260609_0605/ex261/verilog/ex261_smul_baugh_wooley_wallace_outside_rhcla1.v,student/work/ex260_ex264_frontend_smul_order_edge_start_20260609_0605/ex261/aigs/ex261_smul_baugh_wooley_wallace_outside_rhcla1_synth_preset_d13.aig,1,1,1,161,20,3220,2041,1.577658,0,0,0.293,semantic_signed_mul_exact,exact signed low5 * signed high5 over 1024 inputs; source=baugh_wooley_wallace_outside_rhcla1; flow=synth_preset_d13
ex261,ex261_smul_baugh_wooley_wallace_outside_rhcla7_abc_g_aig,signed low5_high5:a*b,baugh_wooley_wallace_outside_rhcla7+abc_g_aig,student/work/ex260_ex264_frontend_smul_order_edge_start_20260609_0605/ex261/verilog/ex261_smul_baugh_wooley_wallace_outside_rhcla7.v,student/work/ex260_ex264_frontend_smul_order_edge_start_20260609_0605/ex261/aigs/ex261_smul_baugh_wooley_wallace_outside_rhcla7_abc_g_aig.aig,1,1,1,156,22,3432,2041,1.681529,0,0,0.210,semantic_signed_mul_exact,exact signed low5 * signed high5 over 1024 inputs; source=baugh_wooley_wallace_outside_rhcla7; flow=abc_g_aig
ex261,ex261_smul_baugh_wooley_wallace_outside_rhcla7_wreduce_abc_g_aig,signed low5_high5:a*b,baugh_wooley_wallace_outside_rhcla7+wreduce_abc_g_aig,student/work/ex260_ex264_frontend_smul_order_edge_start_20260609_0605/ex261/verilog/ex261_smul_baugh_wooley_wallace_outside_rhcla7.v,student/work/ex260_ex264_frontend_smul_order_edge_start_20260609_0605/ex261/aigs/ex261_smul_baugh_wooley_wallace_outside_rhcla7_wreduce_abc_g_aig.aig,1,1,1,156,22,3432,2041,1.681529,0,0,0.214,semantic_signed_mul_exact,exact signed low5 * signed high5 over 1024 inputs; source=baugh_wooley_wallace_outside_rhcla7; flow=wreduce_abc_g_aig
ex261,ex261_smul_baugh_wooley_wallace_outside_rhcla7_synth_preset_d13,signed low5_high5:a*b,baugh_wooley_wallace_outside_rhcla7+synth_preset_d13,student/work/ex260_ex264_frontend_smul_order_edge_start_20260609_0605/ex261/verilog/ex261_smul_baugh_wooley_wallace_outside_rhcla7.v,student/work/ex260_ex264_frontend_smul_order_edge_start_20260609_0605/ex261/aigs/ex261_smul_baugh_wooley_wallace_outside_rhcla7_synth_preset_d13.aig,1,1,1,156,22,3432,2041,1.681529,0,0,0.263,semantic_signed_mul_exact,exact signed low5 * signed high5 over 1024 inputs; source=baugh_wooley_wallace_outside_rhcla7; flow=synth_preset_d13
ex261,ex261_smul_baugh_wooley_wallace_outside_rhcla8_abc_g_aig,signed low5_high5:a*b,baugh_wooley_wallace_outside_rhcla8+abc_g_aig,student/work/ex260_ex264_frontend_smul_order_edge_start_20260609_0605/ex261/verilog/ex261_smul_baugh_wooley_wallace_outside_rhcla8.v,student/work/ex260_ex264_frontend_smul_order_edge_start_20260609_0605/ex261/aigs/ex261_smul_baugh_wooley_wallace_outside_rhcla8_abc_g_aig.aig,1,1,1,156,22,3432,2041,1.681529,0,0,0.212,semantic_signed_mul_exact,exact signed low5 * signed high5 over 1024 inputs; source=baugh_wooley_wallace_outside_rhcla8; flow=abc_g_aig
ex261,ex261_smul_baugh_wooley_wallace_outside_rhcla8_wreduce_abc_g_aig,signed low5_high5:a*b,baugh_wooley_wallace_outside_rhcla8+wreduce_abc_g_aig,student/work/ex260_ex264_frontend_smul_order_edge_start_20260609_0605/ex261/verilog/ex261_smul_baugh_wooley_wallace_outside_rhcla8.v,student/work/ex260_ex264_frontend_smul_order_edge_start_20260609_0605/ex261/aigs/ex261_smul_baugh_wooley_wallace_outside_rhcla8_wreduce_abc_g_aig.aig,1,1,1,156,22,3432,2041,1.681529,0,0,0.215,semantic_signed_mul_exact,exact signed low5 * signed high5 over 1024 inputs; source=baugh_wooley_wallace_outside_rhcla8; flow=wreduce_abc_g_aig
ex261,ex261_smul_baugh_wooley_wallace_outside_rhcla8_synth_preset_d13,signed low5_high5:a*b,baugh_wooley_wallace_outside_rhcla8+synth_preset_d13,student/work/ex260_ex264_frontend_smul_order_edge_start_20260609_0605/ex261/verilog/ex261_smul_baugh_wooley_wallace_outside_rhcla8.v,student/work/ex260_ex264_frontend_smul_order_edge_start_20260609_0605/ex261/aigs/ex261_smul_baugh_wooley_wallace_outside_rhcla8_synth_preset_d13.aig,1,1,1,155,22,3410,2041,1.670750,0,0,0.261,semantic_signed_mul_exact,exact signed low5 * signed high5 over 1024 inputs; source=baugh_wooley_wallace_outside_rhcla8; flow=synth_preset_d13
ex261,ex261_smul_baugh_wooley_wallace_rev_hcla4_abc_g_aig,signed low5_high5:a*b,baugh_wooley_wallace_rev_hcla4+abc_g_aig,student/work/ex260_ex264_frontend_smul_order_edge_start_20260609_0605/ex261/verilog/ex261_smul_baugh_wooley_wallace_rev_hcla4.v,student/work/ex260_ex264_frontend_smul_order_edge_start_20260609_0605/ex261/aigs/ex261_smul_baugh_wooley_wallace_rev_hcla4_abc_g_aig.aig,1,1,1,163,20,3260,2041,1.597256,0,0,0.248,semantic_signed_mul_exact,exact signed low5 * signed high5 over 1024 inputs; source=baugh_wooley_wallace_rev_hcla4; flow=abc_g_aig
ex261,ex261_smul_baugh_wooley_wallace_rev_hcla4_wreduce_abc_g_aig,signed low5_high5:a*b,baugh_wooley_wallace_rev_hcla4+wreduce_abc_g_aig,student/work/ex260_ex264_frontend_smul_order_edge_start_20260609_0605/ex261/verilog/ex261_smul_baugh_wooley_wallace_rev_hcla4.v,student/work/ex260_ex264_frontend_smul_order_edge_start_20260609_0605/ex261/aigs/ex261_smul_baugh_wooley_wallace_rev_hcla4_wreduce_abc_g_aig.aig,1,1,1,163,20,3260,2041,1.597256,0,0,0.252,semantic_signed_mul_exact,exact signed low5 * signed high5 over 1024 inputs; source=baugh_wooley_wallace_rev_hcla4; flow=wreduce_abc_g_aig
ex261,ex261_smul_baugh_wooley_wallace_rev_hcla4_synth_preset_d13,signed low5_high5:a*b,baugh_wooley_wallace_rev_hcla4+synth_preset_d13,student/work/ex260_ex264_frontend_smul_order_edge_start_20260609_0605/ex261/verilog/ex261_smul_baugh_wooley_wallace_rev_hcla4.v,student/work/ex260_ex264_frontend_smul_order_edge_start_20260609_0605/ex261/aigs/ex261_smul_baugh_wooley_wallace_rev_hcla4_synth_preset_d13.aig,1,1,1,158,21,3318,2041,1.625674,0,0,0.303,semantic_signed_mul_exact,exact signed low5 * signed high5 over 1024 inputs; source=baugh_wooley_wallace_rev_hcla4; flow=synth_preset_d13
ex261,ex261_smul_baugh_wooley_wallace_outside_rhcla2_abc_g_aig,signed low5_high5:a*b,baugh_wooley_wallace_outside_rhcla2+abc_g_aig,student/work/ex260_ex264_frontend_smul_order_edge_start_20260609_0605/ex261/verilog/ex261_smul_baugh_wooley_wallace_outside_rhcla2.v,student/work/ex260_ex264_frontend_smul_order_edge_start_20260609_0605/ex261/aigs/ex261_smul_baugh_wooley_wallace_outside_rhcla2_abc_g_aig.aig,1,1,1,167,20,3340,2041,1.636453,0,0,0.241,semantic_signed_mul_exact,exact signed low5 * signed high5 over 1024 inputs; source=baugh_wooley_wallace_outside_rhcla2; flow=abc_g_aig
ex261,ex261_smul_baugh_wooley_wallace_outside_rhcla2_wreduce_abc_g_aig,signed low5_high5:a*b,baugh_wooley_wallace_outside_rhcla2+wreduce_abc_g_aig,student/work/ex260_ex264_frontend_smul_order_edge_start_20260609_0605/ex261/verilog/ex261_smul_baugh_wooley_wallace_outside_rhcla2.v,student/work/ex260_ex264_frontend_smul_order_edge_start_20260609_0605/ex261/aigs/ex261_smul_baugh_wooley_wallace_outside_rhcla2_wreduce_abc_g_aig.aig,1,1,1,166,20,3320,2041,1.626654,0,0,0.243,semantic_signed_mul_exact,exact signed low5 * signed high5 over 1024 inputs; source=baugh_wooley_wallace_outside_rhcla2; flow=wreduce_abc_g_aig
ex261,ex261_smul_baugh_wooley_wallace_outside_rhcla2_synth_preset_d13,signed low5_high5:a*b,baugh_wooley_wallace_outside_rhcla2+synth_preset_d13,student/work/ex260_ex264_frontend_smul_order_edge_start_20260609_0605/ex261/verilog/ex261_smul_baugh_wooley_wallace_outside_rhcla2.v,student/work/ex260_ex264_frontend_smul_order_edge_start_20260609_0605/ex261/aigs/ex261_smul_baugh_wooley_wallace_outside_rhcla2_synth_preset_d13.aig,1,1,1,163,21,3423,2041,1.677119,0,0,0.295,semantic_signed_mul_exact,exact signed low5 * signed high5 over 1024 inputs; source=baugh_wooley_wallace_outside_rhcla2; flow=synth_preset_d13
ex261,ex261_smul_baugh_wooley_wallace_rev_hcla6_abc_g_aig,signed low5_high5:a*b,baugh_wooley_wallace_rev_hcla6+abc_g_aig,student/work/ex260_ex264_frontend_smul_order_edge_start_20260609_0605/ex261/verilog/ex261_smul_baugh_wooley_wallace_rev_hcla6.v,student/work/ex260_ex264_frontend_smul_order_edge_start_20260609_0605/ex261/aigs/ex261_smul_baugh_wooley_wallace_rev_hcla6_abc_g_aig.aig,1,1,1,163,21,3423,2041,1.677119,0,0,0.237,semantic_signed_mul_exact,exact signed low5 * signed high5 over 1024 inputs; source=baugh_wooley_wallace_rev_hcla6; flow=abc_g_aig
ex261,ex261_smul_baugh_wooley_wallace_rev_hcla6_wreduce_abc_g_aig,signed low5_high5:a*b,baugh_wooley_wallace_rev_hcla6+wreduce_abc_g_aig,student/work/ex260_ex264_frontend_smul_order_edge_start_20260609_0605/ex261/verilog/ex261_smul_baugh_wooley_wallace_rev_hcla6.v,student/work/ex260_ex264_frontend_smul_order_edge_start_20260609_0605/ex261/aigs/ex261_smul_baugh_wooley_wallace_rev_hcla6_wreduce_abc_g_aig.aig,1,1,1,161,20,3220,2041,1.577658,0,0,0.242,semantic_signed_mul_exact,exact signed low5 * signed high5 over 1024 inputs; source=baugh_wooley_wallace_rev_hcla6; flow=wreduce_abc_g_aig
ex261,ex261_smul_baugh_wooley_wallace_rev_hcla6_synth_preset_d13,signed low5_high5:a*b,baugh_wooley_wallace_rev_hcla6+synth_preset_d13,student/work/ex260_ex264_frontend_smul_order_edge_start_20260609_0605/ex261/verilog/ex261_smul_baugh_wooley_wallace_rev_hcla6.v,student/work/ex260_ex264_frontend_smul_order_edge_start_20260609_0605/ex261/aigs/ex261_smul_baugh_wooley_wallace_rev_hcla6_synth_preset_d13.aig,1,1,1,156,22,3432,2041,1.681529,0,0,0.288,semantic_signed_mul_exact,exact signed low5 * signed high5 over 1024 inputs; source=baugh_wooley_wallace_rev_hcla6; flow=synth_preset_d13
ex263,ex263_smul_baugh_wooley_wallace_rev_hcla1_abc_g_aig,signed low7_high7:a*b,baugh_wooley_wallace_rev_hcla1+abc_g_aig,student/work/ex260_ex264_frontend_smul_order_edge_start_20260609_0605/ex263/verilog/ex263_smul_baugh_wooley_wallace_rev_hcla1.v,student/work/ex260_ex264_frontend_smul_order_edge_start_20260609_0605/ex263/aigs/ex263_smul_baugh_wooley_wallace_rev_hcla1_abc_g_aig.aig,1,1,1,355,27,9585,6840,1.401316,1,0,0.542,semantic_signed_mul_exact,exact signed low7 * signed high7 over 16384 inputs; source=baugh_wooley_wallace_rev_hcla1; flow=abc_g_aig
ex263,ex263_smul_baugh_wooley_wallace_rev_hcla1_wreduce_abc_g_aig,signed low7_high7:a*b,baugh_wooley_wallace_rev_hcla1+wreduce_abc_g_aig,student/work/ex260_ex264_frontend_smul_order_edge_start_20260609_0605/ex263/verilog/ex263_smul_baugh_wooley_wallace_rev_hcla1.v,student/work/ex260_ex264_frontend_smul_order_edge_start_20260609_0605/ex263/aigs/ex263_smul_baugh_wooley_wallace_rev_hcla1_wreduce_abc_g_aig.aig,1,1,1,367,25,9175,6840,1.341374,1,0,0.548,semantic_signed_mul_exact,exact signed low7 * signed high7 over 16384 inputs; source=baugh_wooley_wallace_rev_hcla1; flow=wreduce_abc_g_aig
ex263,ex263_smul_baugh_wooley_wallace_rev_hcla1_synth_preset_d13,signed low7_high7:a*b,baugh_wooley_wallace_rev_hcla1+synth_preset_d13,student/work/ex260_ex264_frontend_smul_order_edge_start_20260609_0605/ex263/verilog/ex263_smul_baugh_wooley_wallace_rev_hcla1.v,student/work/ex260_ex264_frontend_smul_order_edge_start_20260609_0605/ex263/aigs/ex263_smul_baugh_wooley_wallace_rev_hcla1_synth_preset_d13.aig,1,1,1,356,28,9968,6840,1.457310,1,0,0.673,semantic_signed_mul_exact,exact signed low7 * signed high7 over 16384 inputs; source=baugh_wooley_wallace_rev_hcla1; flow=synth_preset_d13
ex263,ex263_smul_baugh_wooley_wallace_rev_hcla7_abc_g_aig,signed low7_high7:a*b,baugh_wooley_wallace_rev_hcla7+abc_g_aig,student/work/ex260_ex264_frontend_smul_order_edge_start_20260609_0605/ex263/verilog/ex263_smul_baugh_wooley_wallace_rev_hcla7.v,student/work/ex260_ex264_frontend_smul_order_edge_start_20260609_0605/ex263/aigs/ex263_smul_baugh_wooley_wallace_rev_hcla7_abc_g_aig.aig,1,1,1,357,29,10353,6840,1.513596,0,0,0.510,semantic_signed_mul_exact,exact signed low7 * signed high7 over 16384 inputs; source=baugh_wooley_wallace_rev_hcla7; flow=abc_g_aig
ex263,ex263_smul_baugh_wooley_wallace_rev_hcla7_wreduce_abc_g_aig,signed low7_high7:a*b,baugh_wooley_wallace_rev_hcla7+wreduce_abc_g_aig,student/work/ex260_ex264_frontend_smul_order_edge_start_20260609_0605/ex263/verilog/ex263_smul_baugh_wooley_wallace_rev_hcla7.v,student/work/ex260_ex264_frontend_smul_order_edge_start_20260609_0605/ex263/aigs/ex263_smul_baugh_wooley_wallace_rev_hcla7_wreduce_abc_g_aig.aig,1,1,1,352,29,10208,6840,1.492398,1,0,0.520,semantic_signed_mul_exact,exact signed low7 * signed high7 over 16384 inputs; source=baugh_wooley_wallace_rev_hcla7; flow=wreduce_abc_g_aig
ex263,ex263_smul_baugh_wooley_wallace_rev_hcla7_synth_preset_d13,signed low7_high7:a*b,baugh_wooley_wallace_rev_hcla7+synth_preset_d13,student/work/ex260_ex264_frontend_smul_order_edge_start_20260609_0605/ex263/verilog/ex263_smul_baugh_wooley_wallace_rev_hcla7.v,student/work/ex260_ex264_frontend_smul_order_edge_start_20260609_0605/ex263/aigs/ex263_smul_baugh_wooley_wallace_rev_hcla7_synth_preset_d13.aig,1,1,1,357,28,9996,6840,1.461404,1,0,0.645,semantic_signed_mul_exact,exact signed low7 * signed high7 over 16384 inputs; source=baugh_wooley_wallace_rev_hcla7; flow=synth_preset_d13
ex263,ex263_smul_baugh_wooley_wallace_rev_hcla8_abc_g_aig,signed low7_high7:a*b,baugh_wooley_wallace_rev_hcla8+abc_g_aig,student/work/ex260_ex264_frontend_smul_order_edge_start_20260609_0605/ex263/verilog/ex263_smul_baugh_wooley_wallace_rev_hcla8.v,student/work/ex260_ex264_frontend_smul_order_edge_start_20260609_0605/ex263/aigs/ex263_smul_baugh_wooley_wallace_rev_hcla8_abc_g_aig.aig,1,1,1,349,30,10470,6840,1.530702,0,0,0.505,semantic_signed_mul_exact,exact signed low7 * signed high7 over 16384 inputs; source=baugh_wooley_wallace_rev_hcla8; flow=abc_g_aig
ex263,ex263_smul_baugh_wooley_wallace_rev_hcla8_wreduce_abc_g_aig,signed low7_high7:a*b,baugh_wooley_wallace_rev_hcla8+wreduce_abc_g_aig,student/work/ex260_ex264_frontend_smul_order_edge_start_20260609_0605/ex263/verilog/ex263_smul_baugh_wooley_wallace_rev_hcla8.v,student/work/ex260_ex264_frontend_smul_order_edge_start_20260609_0605/ex263/aigs/ex263_smul_baugh_wooley_wallace_rev_hcla8_wreduce_abc_g_aig.aig,1,1,1,349,29,10121,6840,1.479678,1,0,0.511,semantic_signed_mul_exact,exact signed low7 * signed high7 over 16384 inputs; source=baugh_wooley_wallace_rev_hcla8; flow=wreduce_abc_g_aig
ex263,ex263_smul_baugh_wooley_wallace_rev_hcla8_synth_preset_d13,signed low7_high7:a*b,baugh_wooley_wallace_rev_hcla8+synth_preset_d13,student/work/ex260_ex264_frontend_smul_order_edge_start_20260609_0605/ex263/verilog/ex263_smul_baugh_wooley_wallace_rev_hcla8.v,student/work/ex260_ex264_frontend_smul_order_edge_start_20260609_0605/ex263/aigs/ex263_smul_baugh_wooley_wallace_rev_hcla8_synth_preset_d13.aig,1,1,1,349,29,10121,6840,1.479678,1,0,0.606,semantic_signed_mul_exact,exact signed low7 * signed high7 over 16384 inputs; source=baugh_wooley_wallace_rev_hcla8; flow=synth_preset_d13
ex263,ex263_smul_baugh_wooley_wallace_outside_hcla1_abc_g_aig,signed low7_high7:a*b,baugh_wooley_wallace_outside_hcla1+abc_g_aig,student/work/ex260_ex264_frontend_smul_order_edge_start_20260609_0605/ex263/verilog/ex263_smul_baugh_wooley_wallace_outside_hcla1.v,student/work/ex260_ex264_frontend_smul_order_edge_start_20260609_0605/ex263/aigs/ex263_smul_baugh_wooley_wallace_outside_hcla1_abc_g_aig.aig,1,1,1,362,25,9050,6840,1.323099,1,0,0.531,semantic_signed_mul_exact,exact signed low7 * signed high7 over 16384 inputs; source=baugh_wooley_wallace_outside_hcla1; flow=abc_g_aig
ex263,ex263_smul_baugh_wooley_wallace_outside_hcla1_wreduce_abc_g_aig,signed low7_high7:a*b,baugh_wooley_wallace_outside_hcla1+wreduce_abc_g_aig,student/work/ex260_ex264_frontend_smul_order_edge_start_20260609_0605/ex263/verilog/ex263_smul_baugh_wooley_wallace_outside_hcla1.v,student/work/ex260_ex264_frontend_smul_order_edge_start_20260609_0605/ex263/aigs/ex263_smul_baugh_wooley_wallace_outside_hcla1_wreduce_abc_g_aig.aig,1,1,1,362,25,9050,6840,1.323099,1,0,0.547,semantic_signed_mul_exact,exact signed low7 * signed high7 over 16384 inputs; source=baugh_wooley_wallace_outside_hcla1; flow=wreduce_abc_g_aig
ex263,ex263_smul_baugh_wooley_wallace_outside_hcla1_synth_preset_d13,signed low7_high7:a*b,baugh_wooley_wallace_outside_hcla1+synth_preset_d13,student/work/ex260_ex264_frontend_smul_order_edge_start_20260609_0605/ex263/verilog/ex263_smul_baugh_wooley_wallace_outside_hcla1.v,student/work/ex260_ex264_frontend_smul_order_edge_start_20260609_0605/ex263/aigs/ex263_smul_baugh_wooley_wallace_outside_hcla1_synth_preset_d13.aig,1,1,1,362,24,8688,6840,1.270175,1,0,0.655,semantic_signed_mul_exact,exact signed low7 * signed high7 over 16384 inputs; source=baugh_wooley_wallace_outside_hcla1; flow=synth_preset_d13
ex263,ex263_smul_baugh_wooley_wallace_outside_hcla7_abc_g_aig,signed low7_high7:a*b,baugh_wooley_wallace_outside_hcla7+abc_g_aig,student/work/ex260_ex264_frontend_smul_order_edge_start_20260609_0605/ex263/verilog/ex263_smul_baugh_wooley_wallace_outside_hcla7.v,student/work/ex260_ex264_frontend_smul_order_edge_start_20260609_0605/ex263/aigs/ex263_smul_baugh_wooley_wallace_outside_hcla7_abc_g_aig.aig,1,1,1,362,28,10136,6840,1.481871,1,0,0.503,semantic_signed_mul_exact,exact signed low7 * signed high7 over 16384 inputs; source=baugh_wooley_wallace_outside_hcla7; flow=abc_g_aig
ex263,ex263_smul_baugh_wooley_wallace_outside_hcla7_wreduce_abc_g_aig,signed low7_high7:a*b,baugh_wooley_wallace_outside_hcla7+wreduce_abc_g_aig,student/work/ex260_ex264_frontend_smul_order_edge_start_20260609_0605/ex263/verilog/ex263_smul_baugh_wooley_wallace_outside_hcla7.v,student/work/ex260_ex264_frontend_smul_order_edge_start_20260609_0605/ex263/aigs/ex263_smul_baugh_wooley_wallace_outside_hcla7_wreduce_abc_g_aig.aig,1,1,1,361,25,9025,6840,1.319444,1,0,0.512,semantic_signed_mul_exact,exact signed low7 * signed high7 over 16384 inputs; source=baugh_wooley_wallace_outside_hcla7; flow=wreduce_abc_g_aig
ex263,ex263_smul_baugh_wooley_wallace_outside_hcla7_synth_preset_d13,signed low7_high7:a*b,baugh_wooley_wallace_outside_hcla7+synth_preset_d13,student/work/ex260_ex264_frontend_smul_order_edge_start_20260609_0605/ex263/verilog/ex263_smul_baugh_wooley_wallace_outside_hcla7.v,student/work/ex260_ex264_frontend_smul_order_edge_start_20260609_0605/ex263/aigs/ex263_smul_baugh_wooley_wallace_outside_hcla7_synth_preset_d13.aig,1,1,1,364,28,10192,6840,1.490058,1,0,0.631,semantic_signed_mul_exact,exact signed low7 * signed high7 over 16384 inputs; source=baugh_wooley_wallace_outside_hcla7; flow=synth_preset_d13
ex263,ex263_smul_baugh_wooley_wallace_outside_hcla8_abc_g_aig,signed low7_high7:a*b,baugh_wooley_wallace_outside_hcla8+abc_g_aig,student/work/ex260_ex264_frontend_smul_order_edge_start_20260609_0605/ex263/verilog/ex263_smul_baugh_wooley_wallace_outside_hcla8.v,student/work/ex260_ex264_frontend_smul_order_edge_start_20260609_0605/ex263/aigs/ex263_smul_baugh_wooley_wallace_outside_hcla8_abc_g_aig.aig,1,1,1,355,27,9585,6840,1.401316,1,0,0.487,semantic_signed_mul_exact,exact signed low7 * signed high7 over 16384 inputs; source=baugh_wooley_wallace_outside_hcla8; flow=abc_g_aig
ex263,ex263_smul_baugh_wooley_wallace_outside_hcla8_wreduce_abc_g_aig,signed low7_high7:a*b,baugh_wooley_wallace_outside_hcla8+wreduce_abc_g_aig,student/work/ex260_ex264_frontend_smul_order_edge_start_20260609_0605/ex263/verilog/ex263_smul_baugh_wooley_wallace_outside_hcla8.v,student/work/ex260_ex264_frontend_smul_order_edge_start_20260609_0605/ex263/aigs/ex263_smul_baugh_wooley_wallace_outside_hcla8_wreduce_abc_g_aig.aig,1,1,1,354,26,9204,6840,1.345614,1,0,0.501,semantic_signed_mul_exact,exact signed low7 * signed high7 over 16384 inputs; source=baugh_wooley_wallace_outside_hcla8; flow=wreduce_abc_g_aig
ex263,ex263_smul_baugh_wooley_wallace_outside_hcla8_synth_preset_d13,signed low7_high7:a*b,baugh_wooley_wallace_outside_hcla8+synth_preset_d13,student/work/ex260_ex264_frontend_smul_order_edge_start_20260609_0605/ex263/verilog/ex263_smul_baugh_wooley_wallace_outside_hcla8.v,student/work/ex260_ex264_frontend_smul_order_edge_start_20260609_0605/ex263/aigs/ex263_smul_baugh_wooley_wallace_outside_hcla8_synth_preset_d13.aig,1,1,1,355,26,9230,6840,1.349415,1,0,0.597,semantic_signed_mul_exact,exact signed low7 * signed high7 over 16384 inputs; source=baugh_wooley_wallace_outside_hcla8; flow=synth_preset_d13
ex263,ex263_smul_baugh_wooley_wallace_rev_rhcla1_abc_g_aig,signed low7_high7:a*b,baugh_wooley_wallace_rev_rhcla1+abc_g_aig,student/work/ex260_ex264_frontend_smul_order_edge_start_20260609_0605/ex263/verilog/ex263_smul_baugh_wooley_wallace_rev_rhcla1.v,student/work/ex260_ex264_frontend_smul_order_edge_start_20260609_0605/ex263/aigs/ex263_smul_baugh_wooley_wallace_rev_rhcla1_abc_g_aig.aig,1,1,1,361,26,9386,6840,1.372222,1,0,0.529,semantic_signed_mul_exact,exact signed low7 * signed high7 over 16384 inputs; source=baugh_wooley_wallace_rev_rhcla1; flow=abc_g_aig
ex263,ex263_smul_baugh_wooley_wallace_rev_rhcla1_wreduce_abc_g_aig,signed low7_high7:a*b,baugh_wooley_wallace_rev_rhcla1+wreduce_abc_g_aig,student/work/ex260_ex264_frontend_smul_order_edge_start_20260609_0605/ex263/verilog/ex263_smul_baugh_wooley_wallace_rev_rhcla1.v,student/work/ex260_ex264_frontend_smul_order_edge_start_20260609_0605/ex263/aigs/ex263_smul_baugh_wooley_wallace_rev_rhcla1_wreduce_abc_g_aig.aig,1,1,1,363,25,9075,6840,1.326754,1,0,0.533,semantic_signed_mul_exact,exact signed low7 * signed high7 over 16384 inputs; source=baugh_wooley_wallace_rev_rhcla1; flow=wreduce_abc_g_aig
ex263,ex263_smul_baugh_wooley_wallace_rev_rhcla1_synth_preset_d13,signed low7_high7:a*b,baugh_wooley_wallace_rev_rhcla1+synth_preset_d13,student/work/ex260_ex264_frontend_smul_order_edge_start_20260609_0605/ex263/verilog/ex263_smul_baugh_wooley_wallace_rev_rhcla1.v,student/work/ex260_ex264_frontend_smul_order_edge_start_20260609_0605/ex263/aigs/ex263_smul_baugh_wooley_wallace_rev_rhcla1_synth_preset_d13.aig,1,1,1,356,27,9612,6840,1.405263,1,0,0.645,semantic_signed_mul_exact,exact signed low7 * signed high7 over 16384 inputs; source=baugh_wooley_wallace_rev_rhcla1; flow=synth_preset_d13
ex263,ex263_smul_baugh_wooley_wallace_rev_rhcla7_abc_g_aig,signed low7_high7:a*b,baugh_wooley_wallace_rev_rhcla7+abc_g_aig,student/work/ex260_ex264_frontend_smul_order_edge_start_20260609_0605/ex263/verilog/ex263_smul_baugh_wooley_wallace_rev_rhcla7.v,student/work/ex260_ex264_frontend_smul_order_edge_start_20260609_0605/ex263/aigs/ex263_smul_baugh_wooley_wallace_rev_rhcla7_abc_g_aig.aig,1,1,1,362,25,9050,6840,1.323099,1,0,0.507,semantic_signed_mul_exact,exact signed low7 * signed high7 over 16384 inputs; source=baugh_wooley_wallace_rev_rhcla7; flow=abc_g_aig
ex263,ex263_smul_baugh_wooley_wallace_rev_rhcla7_wreduce_abc_g_aig,signed low7_high7:a*b,baugh_wooley_wallace_rev_rhcla7+wreduce_abc_g_aig,student/work/ex260_ex264_frontend_smul_order_edge_start_20260609_0605/ex263/verilog/ex263_smul_baugh_wooley_wallace_rev_rhcla7.v,student/work/ex260_ex264_frontend_smul_order_edge_start_20260609_0605/ex263/aigs/ex263_smul_baugh_wooley_wallace_rev_rhcla7_wreduce_abc_g_aig.aig,1,1,1,362,25,9050,6840,1.323099,1,0,0.518,semantic_signed_mul_exact,exact signed low7 * signed high7 over 16384 inputs; source=baugh_wooley_wallace_rev_rhcla7; flow=wreduce_abc_g_aig
ex263,ex263_smul_baugh_wooley_wallace_rev_rhcla7_synth_preset_d13,signed low7_high7:a*b,baugh_wooley_wallace_rev_rhcla7+synth_preset_d13,student/work/ex260_ex264_frontend_smul_order_edge_start_20260609_0605/ex263/verilog/ex263_smul_baugh_wooley_wallace_rev_rhcla7.v,student/work/ex260_ex264_frontend_smul_order_edge_start_20260609_0605/ex263/aigs/ex263_smul_baugh_wooley_wallace_rev_rhcla7_synth_preset_d13.aig,1,1,1,363,24,8712,6840,1.273684,1,0,0.621,semantic_signed_mul_exact,exact signed low7 * signed high7 over 16384 inputs; source=baugh_wooley_wallace_rev_rhcla7; flow=synth_preset_d13
ex263,ex263_smul_baugh_wooley_wallace_rev_rhcla8_abc_g_aig,signed low7_high7:a*b,baugh_wooley_wallace_rev_rhcla8+abc_g_aig,student/work/ex260_ex264_frontend_smul_order_edge_start_20260609_0605/ex263/verilog/ex263_smul_baugh_wooley_wallace_rev_rhcla8.v,student/work/ex260_ex264_frontend_smul_order_edge_start_20260609_0605/ex263/aigs/ex263_smul_baugh_wooley_wallace_rev_rhcla8_abc_g_aig.aig,1,1,1,355,26,9230,6840,1.349415,1,0,0.499,semantic_signed_mul_exact,exact signed low7 * signed high7 over 16384 inputs; source=baugh_wooley_wallace_rev_rhcla8; flow=abc_g_aig
ex263,ex263_smul_baugh_wooley_wallace_rev_rhcla8_wreduce_abc_g_aig,signed low7_high7:a*b,baugh_wooley_wallace_rev_rhcla8+wreduce_abc_g_aig,student/work/ex260_ex264_frontend_smul_order_edge_start_20260609_0605/ex263/verilog/ex263_smul_baugh_wooley_wallace_rev_rhcla8.v,student/work/ex260_ex264_frontend_smul_order_edge_start_20260609_0605/ex263/aigs/ex263_smul_baugh_wooley_wallace_rev_rhcla8_wreduce_abc_g_aig.aig,1,1,1,355,26,9230,6840,1.349415,1,0,0.510,semantic_signed_mul_exact,exact signed low7 * signed high7 over 16384 inputs; source=baugh_wooley_wallace_rev_rhcla8; flow=wreduce_abc_g_aig
ex263,ex263_smul_baugh_wooley_wallace_rev_rhcla8_synth_preset_d13,signed low7_high7:a*b,baugh_wooley_wallace_rev_rhcla8+synth_preset_d13,student/work/ex260_ex264_frontend_smul_order_edge_start_20260609_0605/ex263/verilog/ex263_smul_baugh_wooley_wallace_rev_rhcla8.v,student/work/ex260_ex264_frontend_smul_order_edge_start_20260609_0605/ex263/aigs/ex263_smul_baugh_wooley_wallace_rev_rhcla8_synth_preset_d13.aig,1,1,1,353,29,10237,6840,1.496637,1,0,0.615,semantic_signed_mul_exact,exact signed low7 * signed high7 over 16384 inputs; source=baugh_wooley_wallace_rev_rhcla8; flow=synth_preset_d13
ex263,ex263_smul_baugh_wooley_wallace_outside_rhcla1_abc_g_aig,signed low7_high7:a*b,baugh_wooley_wallace_outside_rhcla1+abc_g_aig,student/work/ex260_ex264_frontend_smul_order_edge_start_20260609_0605/ex263/verilog/ex263_smul_baugh_wooley_wallace_outside_rhcla1.v,student/work/ex260_ex264_frontend_smul_order_edge_start_20260609_0605/ex263/aigs/ex263_smul_baugh_wooley_wallace_outside_rhcla1_abc_g_aig.aig,1,1,1,361,25,9025,6840,1.319444,1,0,0.531,semantic_signed_mul_exact,exact signed low7 * signed high7 over 16384 inputs; source=baugh_wooley_wallace_outside_rhcla1; flow=abc_g_aig
ex263,ex263_smul_baugh_wooley_wallace_outside_rhcla1_wreduce_abc_g_aig,signed low7_high7:a*b,baugh_wooley_wallace_outside_rhcla1+wreduce_abc_g_aig,student/work/ex260_ex264_frontend_smul_order_edge_start_20260609_0605/ex263/verilog/ex263_smul_baugh_wooley_wallace_outside_rhcla1.v,student/work/ex260_ex264_frontend_smul_order_edge_start_20260609_0605/ex263/aigs/ex263_smul_baugh_wooley_wallace_outside_rhcla1_wreduce_abc_g_aig.aig,1,1,1,363,25,9075,6840,1.326754,1,0,0.537,semantic_signed_mul_exact,exact signed low7 * signed high7 over 16384 inputs; source=baugh_wooley_wallace_outside_rhcla1; flow=wreduce_abc_g_aig
ex263,ex263_smul_baugh_wooley_wallace_outside_rhcla1_synth_preset_d13,signed low7_high7:a*b,baugh_wooley_wallace_outside_rhcla1+synth_preset_d13,student/work/ex260_ex264_frontend_smul_order_edge_start_20260609_0605/ex263/verilog/ex263_smul_baugh_wooley_wallace_outside_rhcla1.v,student/work/ex260_ex264_frontend_smul_order_edge_start_20260609_0605/ex263/aigs/ex263_smul_baugh_wooley_wallace_outside_rhcla1_synth_preset_d13.aig,1,1,1,355,26,9230,6840,1.349415,1,0,0.635,semantic_signed_mul_exact,exact signed low7 * signed high7 over 16384 inputs; source=baugh_wooley_wallace_outside_rhcla1; flow=synth_preset_d13
ex263,ex263_smul_baugh_wooley_wallace_outside_rhcla7_abc_g_aig,signed low7_high7:a*b,baugh_wooley_wallace_outside_rhcla7+abc_g_aig,student/work/ex260_ex264_frontend_smul_order_edge_start_20260609_0605/ex263/verilog/ex263_smul_baugh_wooley_wallace_outside_rhcla7.v,student/work/ex260_ex264_frontend_smul_order_edge_start_20260609_0605/ex263/aigs/ex263_smul_baugh_wooley_wallace_outside_rhcla7_abc_g_aig.aig,1,1,1,361,25,9025,6840,1.319444,1,0,0.501,semantic_signed_mul_exact,exact signed low7 * signed high7 over 16384 inputs; source=baugh_wooley_wallace_outside_rhcla7; flow=abc_g_aig
ex263,ex263_smul_baugh_wooley_wallace_outside_rhcla7_wreduce_abc_g_aig,signed low7_high7:a*b,baugh_wooley_wallace_outside_rhcla7+wreduce_abc_g_aig,student/work/ex260_ex264_frontend_smul_order_edge_start_20260609_0605/ex263/verilog/ex263_smul_baugh_wooley_wallace_outside_rhcla7.v,student/work/ex260_ex264_frontend_smul_order_edge_start_20260609_0605/ex263/aigs/ex263_smul_baugh_wooley_wallace_outside_rhcla7_wreduce_abc_g_aig.aig,1,1,1,361,25,9025,6840,1.319444,1,0,0.506,semantic_signed_mul_exact,exact signed low7 * signed high7 over 16384 inputs; source=baugh_wooley_wallace_outside_rhcla7; flow=wreduce_abc_g_aig
ex263,ex263_smul_baugh_wooley_wallace_outside_rhcla7_synth_preset_d13,signed low7_high7:a*b,baugh_wooley_wallace_outside_rhcla7+synth_preset_d13,student/work/ex260_ex264_frontend_smul_order_edge_start_20260609_0605/ex263/verilog/ex263_smul_baugh_wooley_wallace_outside_rhcla7.v,student/work/ex260_ex264_frontend_smul_order_edge_start_20260609_0605/ex263/aigs/ex263_smul_baugh_wooley_wallace_outside_rhcla7_synth_preset_d13.aig,1,1,1,364,25,9100,6840,1.330409,1,0,0.621,semantic_signed_mul_exact,exact signed low7 * signed high7 over 16384 inputs; source=baugh_wooley_wallace_outside_rhcla7; flow=synth_preset_d13
ex263,ex263_smul_baugh_wooley_wallace_outside_rhcla8_abc_g_aig,signed low7_high7:a*b,baugh_wooley_wallace_outside_rhcla8+abc_g_aig,student/work/ex260_ex264_frontend_smul_order_edge_start_20260609_0605/ex263/verilog/ex263_smul_baugh_wooley_wallace_outside_rhcla8.v,student/work/ex260_ex264_frontend_smul_order_edge_start_20260609_0605/ex263/aigs/ex263_smul_baugh_wooley_wallace_outside_rhcla8_abc_g_aig.aig,1,1,1,355,28,9940,6840,1.453216,1,0,0.488,semantic_signed_mul_exact,exact signed low7 * signed high7 over 16384 inputs; source=baugh_wooley_wallace_outside_rhcla8; flow=abc_g_aig
ex263,ex263_smul_baugh_wooley_wallace_outside_rhcla8_wreduce_abc_g_aig,signed low7_high7:a*b,baugh_wooley_wallace_outside_rhcla8+wreduce_abc_g_aig,student/work/ex260_ex264_frontend_smul_order_edge_start_20260609_0605/ex263/verilog/ex263_smul_baugh_wooley_wallace_outside_rhcla8.v,student/work/ex260_ex264_frontend_smul_order_edge_start_20260609_0605/ex263/aigs/ex263_smul_baugh_wooley_wallace_outside_rhcla8_wreduce_abc_g_aig.aig,1,1,1,355,28,9940,6840,1.453216,1,0,0.498,semantic_signed_mul_exact,exact signed low7 * signed high7 over 16384 inputs; source=baugh_wooley_wallace_outside_rhcla8; flow=wreduce_abc_g_aig
ex263,ex263_smul_baugh_wooley_wallace_outside_rhcla8_synth_preset_d13,signed low7_high7:a*b,baugh_wooley_wallace_outside_rhcla8+synth_preset_d13,student/work/ex260_ex264_frontend_smul_order_edge_start_20260609_0605/ex263/verilog/ex263_smul_baugh_wooley_wallace_outside_rhcla8.v,student/work/ex260_ex264_frontend_smul_order_edge_start_20260609_0605/ex263/aigs/ex263_smul_baugh_wooley_wallace_outside_rhcla8_synth_preset_d13.aig,1,1,1,355,28,9940,6840,1.453216,1,0,0.592,semantic_signed_mul_exact,exact signed low7 * signed high7 over 16384 inputs; source=baugh_wooley_wallace_outside_rhcla8; flow=synth_preset_d13
ex263,ex263_smul_baugh_wooley_wallace_rev_hcla4_abc_g_aig,signed low7_high7:a*b,baugh_wooley_wallace_rev_hcla4+abc_g_aig,student/work/ex260_ex264_frontend_smul_order_edge_start_20260609_0605/ex263/verilog/ex263_smul_baugh_wooley_wallace_rev_hcla4.v,student/work/ex260_ex264_frontend_smul_order_edge_start_20260609_0605/ex263/aigs/ex263_smul_baugh_wooley_wallace_rev_hcla4_abc_g_aig.aig,1,1,1,354,28,9912,6840,1.449123,1,0,0.506,semantic_signed_mul_exact,exact signed low7 * signed high7 over 16384 inputs; source=baugh_wooley_wallace_rev_hcla4; flow=abc_g_aig
ex263,ex263_smul_baugh_wooley_wallace_rev_hcla4_wreduce_abc_g_aig,signed low7_high7:a*b,baugh_wooley_wallace_rev_hcla4+wreduce_abc_g_aig,student/work/ex260_ex264_frontend_smul_order_edge_start_20260609_0605/ex263/verilog/ex263_smul_baugh_wooley_wallace_rev_hcla4.v,student/work/ex260_ex264_frontend_smul_order_edge_start_20260609_0605/ex263/aigs/ex263_smul_baugh_wooley_wallace_rev_hcla4_wreduce_abc_g_aig.aig,1,1,1,354,28,9912,6840,1.449123,1,0,0.525,semantic_signed_mul_exact,exact signed low7 * signed high7 over 16384 inputs; source=baugh_wooley_wallace_rev_hcla4; flow=wreduce_abc_g_aig
ex263,ex263_smul_baugh_wooley_wallace_rev_hcla4_synth_preset_d13,signed low7_high7:a*b,baugh_wooley_wallace_rev_hcla4+synth_preset_d13,student/work/ex260_ex264_frontend_smul_order_edge_start_20260609_0605/ex263/verilog/ex263_smul_baugh_wooley_wallace_rev_hcla4.v,student/work/ex260_ex264_frontend_smul_order_edge_start_20260609_0605/ex263/aigs/ex263_smul_baugh_wooley_wallace_rev_hcla4_synth_preset_d13.aig,1,1,1,356,28,9968,6840,1.457310,1,0,0.654,semantic_signed_mul_exact,exact signed low7 * signed high7 over 16384 inputs; source=baugh_wooley_wallace_rev_hcla4; flow=synth_preset_d13
ex263,ex263_smul_baugh_wooley_wallace_outside_rhcla2_abc_g_aig,signed low7_high7:a*b,baugh_wooley_wallace_outside_rhcla2+abc_g_aig,student/work/ex260_ex264_frontend_smul_order_edge_start_20260609_0605/ex263/verilog/ex263_smul_baugh_wooley_wallace_outside_rhcla2.v,student/work/ex260_ex264_frontend_smul_order_edge_start_20260609_0605/ex263/aigs/ex263_smul_baugh_wooley_wallace_outside_rhcla2_abc_g_aig.aig,1,1,1,364,24,8736,6840,1.277193,1,0,0.513,semantic_signed_mul_exact,exact signed low7 * signed high7 over 16384 inputs; source=baugh_wooley_wallace_outside_rhcla2; flow=abc_g_aig
ex263,ex263_smul_baugh_wooley_wallace_outside_rhcla2_wreduce_abc_g_aig,signed low7_high7:a*b,baugh_wooley_wallace_outside_rhcla2+wreduce_abc_g_aig,student/work/ex260_ex264_frontend_smul_order_edge_start_20260609_0605/ex263/verilog/ex263_smul_baugh_wooley_wallace_outside_rhcla2.v,student/work/ex260_ex264_frontend_smul_order_edge_start_20260609_0605/ex263/aigs/ex263_smul_baugh_wooley_wallace_outside_rhcla2_wreduce_abc_g_aig.aig,1,1,1,362,25,9050,6840,1.323099,1,0,0.531,semantic_signed_mul_exact,exact signed low7 * signed high7 over 16384 inputs; source=baugh_wooley_wallace_outside_rhcla2; flow=wreduce_abc_g_aig
ex263,ex263_smul_baugh_wooley_wallace_outside_rhcla2_synth_preset_d13,signed low7_high7:a*b,baugh_wooley_wallace_outside_rhcla2+synth_preset_d13,student/work/ex260_ex264_frontend_smul_order_edge_start_20260609_0605/ex263/verilog/ex263_smul_baugh_wooley_wallace_outside_rhcla2.v,student/work/ex260_ex264_frontend_smul_order_edge_start_20260609_0605/ex263/aigs/ex263_smul_baugh_wooley_wallace_outside_rhcla2_synth_preset_d13.aig,1,1,1,361,26,9386,6840,1.372222,1,0,0.646,semantic_signed_mul_exact,exact signed low7 * signed high7 over 16384 inputs; source=baugh_wooley_wallace_outside_rhcla2; flow=synth_preset_d13
ex263,ex263_smul_baugh_wooley_wallace_rev_hcla6_abc_g_aig,signed low7_high7:a*b,baugh_wooley_wallace_rev_hcla6+abc_g_aig,student/work/ex260_ex264_frontend_smul_order_edge_start_20260609_0605/ex263/verilog/ex263_smul_baugh_wooley_wallace_rev_hcla6.v,student/work/ex260_ex264_frontend_smul_order_edge_start_20260609_0605/ex263/aigs/ex263_smul_baugh_wooley_wallace_rev_hcla6_abc_g_aig.aig,1,1,1,365,26,9490,6840,1.387427,1,0,0.513,semantic_signed_mul_exact,exact signed low7 * signed high7 over 16384 inputs; source=baugh_wooley_wallace_rev_hcla6; flow=abc_g_aig
ex263,ex263_smul_baugh_wooley_wallace_rev_hcla6_wreduce_abc_g_aig,signed low7_high7:a*b,baugh_wooley_wallace_rev_hcla6+wreduce_abc_g_aig,student/work/ex260_ex264_frontend_smul_order_edge_start_20260609_0605/ex263/verilog/ex263_smul_baugh_wooley_wallace_rev_hcla6.v,student/work/ex260_ex264_frontend_smul_order_edge_start_20260609_0605/ex263/aigs/ex263_smul_baugh_wooley_wallace_rev_hcla6_wreduce_abc_g_aig.aig,1,1,1,359,27,9693,6840,1.417105,1,0,0.520,semantic_signed_mul_exact,exact signed low7 * signed high7 over 16384 inputs; source=baugh_wooley_wallace_rev_hcla6; flow=wreduce_abc_g_aig
ex263,ex263_smul_baugh_wooley_wallace_rev_hcla6_synth_preset_d13,signed low7_high7:a*b,baugh_wooley_wallace_rev_hcla6+synth_preset_d13,student/work/ex260_ex264_frontend_smul_order_edge_start_20260609_0605/ex263/verilog/ex263_smul_baugh_wooley_wallace_rev_hcla6.v,student/work/ex260_ex264_frontend_smul_order_edge_start_20260609_0605/ex263/aigs/ex263_smul_baugh_wooley_wallace_rev_hcla6_synth_preset_d13.aig,1,1,1,360,26,9360,6840,1.368421,1,0,0.626,semantic_signed_mul_exact,exact signed low7 * signed high7 over 16384 inputs; source=baugh_wooley_wallace_rev_hcla6; flow=synth_preset_d13
ex264,ex264_smul_baugh_wooley_wallace_rev_hcla1_abc_g_aig,signed low8_high8:a*b,baugh_wooley_wallace_rev_hcla1+abc_g_aig,student/work/ex260_ex264_frontend_smul_order_edge_start_20260609_0605/ex264/verilog/ex264_smul_baugh_wooley_wallace_rev_hcla1.v,student/work/ex260_ex264_frontend_smul_order_edge_start_20260609_0605/ex264/aigs/ex264_smul_baugh_wooley_wallace_rev_hcla1_abc_g_aig.aig,1,1,1,492,27,13284,9724,1.366104,1,0,1.957,semantic_signed_mul_exact,exact signed low8 * signed high8 over 65536 inputs; source=baugh_wooley_wallace_rev_hcla1; flow=abc_g_aig
ex264,ex264_smul_baugh_wooley_wallace_rev_hcla1_wreduce_abc_g_aig,signed low8_high8:a*b,baugh_wooley_wallace_rev_hcla1+wreduce_abc_g_aig,student/work/ex260_ex264_frontend_smul_order_edge_start_20260609_0605/ex264/verilog/ex264_smul_baugh_wooley_wallace_rev_hcla1.v,student/work/ex260_ex264_frontend_smul_order_edge_start_20260609_0605/ex264/aigs/ex264_smul_baugh_wooley_wallace_rev_hcla1_wreduce_abc_g_aig.aig,1,1,1,485,29,14065,9724,1.446421,1,0,1.987,semantic_signed_mul_exact,exact signed low8 * signed high8 over 65536 inputs; source=baugh_wooley_wallace_rev_hcla1; flow=wreduce_abc_g_aig
ex264,ex264_smul_baugh_wooley_wallace_rev_hcla1_synth_preset_d13,signed low8_high8:a*b,baugh_wooley_wallace_rev_hcla1+synth_preset_d13,student/work/ex260_ex264_frontend_smul_order_edge_start_20260609_0605/ex264/verilog/ex264_smul_baugh_wooley_wallace_rev_hcla1.v,student/work/ex260_ex264_frontend_smul_order_edge_start_20260609_0605/ex264/aigs/ex264_smul_baugh_wooley_wallace_rev_hcla1_synth_preset_d13.aig,1,1,1,483,29,14007,9724,1.440457,1,0,2.132,semantic_signed_mul_exact,exact signed low8 * signed high8 over 65536 inputs; source=baugh_wooley_wallace_rev_hcla1; flow=synth_preset_d13
ex264,ex264_smul_baugh_wooley_wallace_rev_hcla7_abc_g_aig,signed low8_high8:a*b,baugh_wooley_wallace_rev_hcla7+abc_g_aig,student/work/ex260_ex264_frontend_smul_order_edge_start_20260609_0605/ex264/verilog/ex264_smul_baugh_wooley_wallace_rev_hcla7.v,student/work/ex260_ex264_frontend_smul_order_edge_start_20260609_0605/ex264/aigs/ex264_smul_baugh_wooley_wallace_rev_hcla7_abc_g_aig.aig,1,1,1,485,28,13580,9724,1.396545,1,0,1.912,semantic_signed_mul_exact,exact signed low8 * signed high8 over 65536 inputs; source=baugh_wooley_wallace_rev_hcla7; flow=abc_g_aig
ex264,ex264_smul_baugh_wooley_wallace_rev_hcla7_wreduce_abc_g_aig,signed low8_high8:a*b,baugh_wooley_wallace_rev_hcla7+wreduce_abc_g_aig,student/work/ex260_ex264_frontend_smul_order_edge_start_20260609_0605/ex264/verilog/ex264_smul_baugh_wooley_wallace_rev_hcla7.v,student/work/ex260_ex264_frontend_smul_order_edge_start_20260609_0605/ex264/aigs/ex264_smul_baugh_wooley_wallace_rev_hcla7_wreduce_abc_g_aig.aig,1,1,1,487,30,14610,9724,1.502468,0,0,1.910,semantic_signed_mul_exact,exact signed low8 * signed high8 over 65536 inputs; source=baugh_wooley_wallace_rev_hcla7; flow=wreduce_abc_g_aig
ex264,ex264_smul_baugh_wooley_wallace_rev_hcla7_synth_preset_d13,signed low8_high8:a*b,baugh_wooley_wallace_rev_hcla7+synth_preset_d13,student/work/ex260_ex264_frontend_smul_order_edge_start_20260609_0605/ex264/verilog/ex264_smul_baugh_wooley_wallace_rev_hcla7.v,student/work/ex260_ex264_frontend_smul_order_edge_start_20260609_0605/ex264/aigs/ex264_smul_baugh_wooley_wallace_rev_hcla7_synth_preset_d13.aig,1,1,1,479,30,14370,9724,1.477787,1,0,2.046,semantic_signed_mul_exact,exact signed low8 * signed high8 over 65536 inputs; source=baugh_wooley_wallace_rev_hcla7; flow=synth_preset_d13
ex264,ex264_smul_baugh_wooley_wallace_rev_hcla8_abc_g_aig,signed low8_high8:a*b,baugh_wooley_wallace_rev_hcla8+abc_g_aig,student/work/ex260_ex264_frontend_smul_order_edge_start_20260609_0605/ex264/verilog/ex264_smul_baugh_wooley_wallace_rev_hcla8.v,student/work/ex260_ex264_frontend_smul_order_edge_start_20260609_0605/ex264/aigs/ex264_smul_baugh_wooley_wallace_rev_hcla8_abc_g_aig.aig,1,1,1,484,33,15972,9724,1.642534,0,0,1.926,semantic_signed_mul_exact,exact signed low8 * signed high8 over 65536 inputs; source=baugh_wooley_wallace_rev_hcla8; flow=abc_g_aig
ex264,ex264_smul_baugh_wooley_wallace_rev_hcla8_wreduce_abc_g_aig,signed low8_high8:a*b,baugh_wooley_wallace_rev_hcla8+wreduce_abc_g_aig,student/work/ex260_ex264_frontend_smul_order_edge_start_20260609_0605/ex264/verilog/ex264_smul_baugh_wooley_wallace_rev_hcla8.v,student/work/ex260_ex264_frontend_smul_order_edge_start_20260609_0605/ex264/aigs/ex264_smul_baugh_wooley_wallace_rev_hcla8_wreduce_abc_g_aig.aig,1,1,1,484,32,15488,9724,1.592760,0,0,1.933,semantic_signed_mul_exact,exact signed low8 * signed high8 over 65536 inputs; source=baugh_wooley_wallace_rev_hcla8; flow=wreduce_abc_g_aig
ex264,ex264_smul_baugh_wooley_wallace_rev_hcla8_synth_preset_d13,signed low8_high8:a*b,baugh_wooley_wallace_rev_hcla8+synth_preset_d13,student/work/ex260_ex264_frontend_smul_order_edge_start_20260609_0605/ex264/verilog/ex264_smul_baugh_wooley_wallace_rev_hcla8.v,student/work/ex260_ex264_frontend_smul_order_edge_start_20260609_0605/ex264/aigs/ex264_smul_baugh_wooley_wallace_rev_hcla8_synth_preset_d13.aig,1,1,1,478,29,13862,9724,1.425545,1,0,2.053,semantic_signed_mul_exact,exact signed low8 * signed high8 over 65536 inputs; source=baugh_wooley_wallace_rev_hcla8; flow=synth_preset_d13
ex264,ex264_smul_baugh_wooley_wallace_outside_hcla1_abc_g_aig,signed low8_high8:a*b,baugh_wooley_wallace_outside_hcla1+abc_g_aig,student/work/ex260_ex264_frontend_smul_order_edge_start_20260609_0605/ex264/verilog/ex264_smul_baugh_wooley_wallace_outside_hcla1.v,student/work/ex260_ex264_frontend_smul_order_edge_start_20260609_0605/ex264/aigs/ex264_smul_baugh_wooley_wallace_outside_hcla1_abc_g_aig.aig,1,1,1,493,27,13311,9724,1.368881,1,0,1.951,semantic_signed_mul_exact,exact signed low8 * signed high8 over 65536 inputs; source=baugh_wooley_wallace_outside_hcla1; flow=abc_g_aig
ex264,ex264_smul_baugh_wooley_wallace_outside_hcla1_wreduce_abc_g_aig,signed low8_high8:a*b,baugh_wooley_wallace_outside_hcla1+wreduce_abc_g_aig,student/work/ex260_ex264_frontend_smul_order_edge_start_20260609_0605/ex264/verilog/ex264_smul_baugh_wooley_wallace_outside_hcla1.v,student/work/ex260_ex264_frontend_smul_order_edge_start_20260609_0605/ex264/aigs/ex264_smul_baugh_wooley_wallace_outside_hcla1_wreduce_abc_g_aig.aig,1,1,1,489,29,14181,9724,1.458350,1,0,1.968,semantic_signed_mul_exact,exact signed low8 * signed high8 over 65536 inputs; source=baugh_wooley_wallace_outside_hcla1; flow=wreduce_abc_g_aig
ex264,ex264_smul_baugh_wooley_wallace_outside_hcla1_synth_preset_d13,signed low8_high8:a*b,baugh_wooley_wallace_outside_hcla1+synth_preset_d13,student/work/ex260_ex264_frontend_smul_order_edge_start_20260609_0605/ex264/verilog/ex264_smul_baugh_wooley_wallace_outside_hcla1.v,student/work/ex260_ex264_frontend_smul_order_edge_start_20260609_0605/ex264/aigs/ex264_smul_baugh_wooley_wallace_outside_hcla1_synth_preset_d13.aig,1,1,1,490,28,13720,9724,1.410942,1,0,2.461,semantic_signed_mul_exact,exact signed low8 * signed high8 over 65536 inputs; source=baugh_wooley_wallace_outside_hcla1; flow=synth_preset_d13
ex264,ex264_smul_baugh_wooley_wallace_outside_hcla7_abc_g_aig,signed low8_high8:a*b,baugh_wooley_wallace_outside_hcla7+abc_g_aig,student/work/ex260_ex264_frontend_smul_order_edge_start_20260609_0605/ex264/verilog/ex264_smul_baugh_wooley_wallace_outside_hcla7.v,student/work/ex260_ex264_frontend_smul_order_edge_start_20260609_0605/ex264/aigs/ex264_smul_baugh_wooley_wallace_outside_hcla7_abc_g_aig.aig,1,1,1,484,28,13552,9724,1.393665,1,0,2.562,semantic_signed_mul_exact,exact signed low8 * signed high8 over 65536 inputs; source=baugh_wooley_wallace_outside_hcla7; flow=abc_g_aig
ex264,ex264_smul_baugh_wooley_wallace_outside_hcla7_wreduce_abc_g_aig,signed low8_high8:a*b,baugh_wooley_wallace_outside_hcla7+wreduce_abc_g_aig,student/work/ex260_ex264_frontend_smul_order_edge_start_20260609_0605/ex264/verilog/ex264_smul_baugh_wooley_wallace_outside_hcla7.v,student/work/ex260_ex264_frontend_smul_order_edge_start_20260609_0605/ex264/aigs/ex264_smul_baugh_wooley_wallace_outside_hcla7_wreduce_abc_g_aig.aig,1,1,1,485,30,14550,9724,1.496298,1,0,2.642,semantic_signed_mul_exact,exact signed low8 * signed high8 over 65536 inputs; source=baugh_wooley_wallace_outside_hcla7; flow=wreduce_abc_g_aig
ex264,ex264_smul_baugh_wooley_wallace_outside_hcla7_synth_preset_d13,signed low8_high8:a*b,baugh_wooley_wallace_outside_hcla7+synth_preset_d13,student/work/ex260_ex264_frontend_smul_order_edge_start_20260609_0605/ex264/verilog/ex264_smul_baugh_wooley_wallace_outside_hcla7.v,student/work/ex260_ex264_frontend_smul_order_edge_start_20260609_0605/ex264/aigs/ex264_smul_baugh_wooley_wallace_outside_hcla7_synth_preset_d13.aig,1,1,1,493,28,13804,9724,1.419580,1,0,2.048,semantic_signed_mul_exact,exact signed low8 * signed high8 over 65536 inputs; source=baugh_wooley_wallace_outside_hcla7; flow=synth_preset_d13
ex264,ex264_smul_baugh_wooley_wallace_outside_hcla8_abc_g_aig,signed low8_high8:a*b,baugh_wooley_wallace_outside_hcla8+abc_g_aig,student/work/ex260_ex264_frontend_smul_order_edge_start_20260609_0605/ex264/verilog/ex264_smul_baugh_wooley_wallace_outside_hcla8.v,student/work/ex260_ex264_frontend_smul_order_edge_start_20260609_0605/ex264/aigs/ex264_smul_baugh_wooley_wallace_outside_hcla8_abc_g_aig.aig,1,1,1,485,29,14065,9724,1.446421,1,0,1.799,semantic_signed_mul_exact,exact signed low8 * signed high8 over 65536 inputs; source=baugh_wooley_wallace_outside_hcla8; flow=abc_g_aig
ex264,ex264_smul_baugh_wooley_wallace_outside_hcla8_wreduce_abc_g_aig,signed low8_high8:a*b,baugh_wooley_wallace_outside_hcla8+wreduce_abc_g_aig,student/work/ex260_ex264_frontend_smul_order_edge_start_20260609_0605/ex264/verilog/ex264_smul_baugh_wooley_wallace_outside_hcla8.v,student/work/ex260_ex264_frontend_smul_order_edge_start_20260609_0605/ex264/aigs/ex264_smul_baugh_wooley_wallace_outside_hcla8_wreduce_abc_g_aig.aig,1,1,1,486,30,14580,9724,1.499383,1,0,1.952,semantic_signed_mul_exact,exact signed low8 * signed high8 over 65536 inputs; source=baugh_wooley_wallace_outside_hcla8; flow=wreduce_abc_g_aig
ex264,ex264_smul_baugh_wooley_wallace_outside_hcla8_synth_preset_d13,signed low8_high8:a*b,baugh_wooley_wallace_outside_hcla8+synth_preset_d13,student/work/ex260_ex264_frontend_smul_order_edge_start_20260609_0605/ex264/verilog/ex264_smul_baugh_wooley_wallace_outside_hcla8.v,student/work/ex260_ex264_frontend_smul_order_edge_start_20260609_0605/ex264/aigs/ex264_smul_baugh_wooley_wallace_outside_hcla8_synth_preset_d13.aig,1,1,1,490,30,14700,9724,1.511724,0,0,2.051,semantic_signed_mul_exact,exact signed low8 * signed high8 over 65536 inputs; source=baugh_wooley_wallace_outside_hcla8; flow=synth_preset_d13
ex264,ex264_smul_baugh_wooley_wallace_rev_rhcla1_abc_g_aig,signed low8_high8:a*b,baugh_wooley_wallace_rev_rhcla1+abc_g_aig,student/work/ex260_ex264_frontend_smul_order_edge_start_20260609_0605/ex264/verilog/ex264_smul_baugh_wooley_wallace_rev_rhcla1.v,student/work/ex260_ex264_frontend_smul_order_edge_start_20260609_0605/ex264/aigs/ex264_smul_baugh_wooley_wallace_rev_rhcla1_abc_g_aig.aig,1,1,1,487,27,13149,9724,1.352221,1,0,1.943,semantic_signed_mul_exact,exact signed low8 * signed high8 over 65536 inputs; source=baugh_wooley_wallace_rev_rhcla1; flow=abc_g_aig
ex264,ex264_smul_baugh_wooley_wallace_rev_rhcla1_wreduce_abc_g_aig,signed low8_high8:a*b,baugh_wooley_wallace_rev_rhcla1+wreduce_abc_g_aig,student/work/ex260_ex264_frontend_smul_order_edge_start_20260609_0605/ex264/verilog/ex264_smul_baugh_wooley_wallace_rev_rhcla1.v,student/work/ex260_ex264_frontend_smul_order_edge_start_20260609_0605/ex264/aigs/ex264_smul_baugh_wooley_wallace_rev_rhcla1_wreduce_abc_g_aig.aig,1,1,1,483,28,13524,9724,1.390786,1,0,1.959,semantic_signed_mul_exact,exact signed low8 * signed high8 over 65536 inputs; source=baugh_wooley_wallace_rev_rhcla1; flow=wreduce_abc_g_aig
ex264,ex264_smul_baugh_wooley_wallace_rev_rhcla1_synth_preset_d13,signed low8_high8:a*b,baugh_wooley_wallace_rev_rhcla1+synth_preset_d13,student/work/ex260_ex264_frontend_smul_order_edge_start_20260609_0605/ex264/verilog/ex264_smul_baugh_wooley_wallace_rev_rhcla1.v,student/work/ex260_ex264_frontend_smul_order_edge_start_20260609_0605/ex264/aigs/ex264_smul_baugh_wooley_wallace_rev_rhcla1_synth_preset_d13.aig,1,1,1,487,29,14123,9724,1.452386,1,0,2.091,semantic_signed_mul_exact,exact signed low8 * signed high8 over 65536 inputs; source=baugh_wooley_wallace_rev_rhcla1; flow=synth_preset_d13
ex264,ex264_smul_baugh_wooley_wallace_rev_rhcla7_abc_g_aig,signed low8_high8:a*b,baugh_wooley_wallace_rev_rhcla7+abc_g_aig,student/work/ex260_ex264_frontend_smul_order_edge_start_20260609_0605/ex264/verilog/ex264_smul_baugh_wooley_wallace_rev_rhcla7.v,student/work/ex260_ex264_frontend_smul_order_edge_start_20260609_0605/ex264/aigs/ex264_smul_baugh_wooley_wallace_rev_rhcla7_abc_g_aig.aig,1,1,1,489,28,13692,9724,1.408063,1,0,1.904,semantic_signed_mul_exact,exact signed low8 * signed high8 over 65536 inputs; source=baugh_wooley_wallace_rev_rhcla7; flow=abc_g_aig
ex264,ex264_smul_baugh_wooley_wallace_rev_rhcla7_wreduce_abc_g_aig,signed low8_high8:a*b,baugh_wooley_wallace_rev_rhcla7+wreduce_abc_g_aig,student/work/ex260_ex264_frontend_smul_order_edge_start_20260609_0605/ex264/verilog/ex264_smul_baugh_wooley_wallace_rev_rhcla7.v,student/work/ex260_ex264_frontend_smul_order_edge_start_20260609_0605/ex264/aigs/ex264_smul_baugh_wooley_wallace_rev_rhcla7_wreduce_abc_g_aig.aig,1,1,1,489,28,13692,9724,1.408063,1,0,1.927,semantic_signed_mul_exact,exact signed low8 * signed high8 over 65536 inputs; source=baugh_wooley_wallace_rev_rhcla7; flow=wreduce_abc_g_aig
ex264,ex264_smul_baugh_wooley_wallace_rev_rhcla7_synth_preset_d13,signed low8_high8:a*b,baugh_wooley_wallace_rev_rhcla7+synth_preset_d13,student/work/ex260_ex264_frontend_smul_order_edge_start_20260609_0605/ex264/verilog/ex264_smul_baugh_wooley_wallace_rev_rhcla7.v,student/work/ex260_ex264_frontend_smul_order_edge_start_20260609_0605/ex264/aigs/ex264_smul_baugh_wooley_wallace_rev_rhcla7_synth_preset_d13.aig,1,1,1,486,28,13608,9724,1.399424,1,0,2.057,semantic_signed_mul_exact,exact signed low8 * signed high8 over 65536 inputs; source=baugh_wooley_wallace_rev_rhcla7; flow=synth_preset_d13
ex264,ex264_smul_baugh_wooley_wallace_rev_rhcla8_abc_g_aig,signed low8_high8:a*b,baugh_wooley_wallace_rev_rhcla8+abc_g_aig,student/work/ex260_ex264_frontend_smul_order_edge_start_20260609_0605/ex264/verilog/ex264_smul_baugh_wooley_wallace_rev_rhcla8.v,student/work/ex260_ex264_frontend_smul_order_edge_start_20260609_0605/ex264/aigs/ex264_smul_baugh_wooley_wallace_rev_rhcla8_abc_g_aig.aig,1,1,1,488,29,14152,9724,1.455368,1,0,1.915,semantic_signed_mul_exact,exact signed low8 * signed high8 over 65536 inputs; source=baugh_wooley_wallace_rev_rhcla8; flow=abc_g_aig
ex264,ex264_smul_baugh_wooley_wallace_rev_rhcla8_wreduce_abc_g_aig,signed low8_high8:a*b,baugh_wooley_wallace_rev_rhcla8+wreduce_abc_g_aig,student/work/ex260_ex264_frontend_smul_order_edge_start_20260609_0605/ex264/verilog/ex264_smul_baugh_wooley_wallace_rev_rhcla8.v,student/work/ex260_ex264_frontend_smul_order_edge_start_20260609_0605/ex264/aigs/ex264_smul_baugh_wooley_wallace_rev_rhcla8_wreduce_abc_g_aig.aig,1,1,1,488,29,14152,9724,1.455368,1,0,1.818,semantic_signed_mul_exact,exact signed low8 * signed high8 over 65536 inputs; source=baugh_wooley_wallace_rev_rhcla8; flow=wreduce_abc_g_aig
ex264,ex264_smul_baugh_wooley_wallace_rev_rhcla8_synth_preset_d13,signed low8_high8:a*b,baugh_wooley_wallace_rev_rhcla8+synth_preset_d13,student/work/ex260_ex264_frontend_smul_order_edge_start_20260609_0605/ex264/verilog/ex264_smul_baugh_wooley_wallace_rev_rhcla8.v,student/work/ex260_ex264_frontend_smul_order_edge_start_20260609_0605/ex264/aigs/ex264_smul_baugh_wooley_wallace_rev_rhcla8_synth_preset_d13.aig,1,1,1,487,29,14123,9724,1.452386,1,0,2.073,semantic_signed_mul_exact,exact signed low8 * signed high8 over 65536 inputs; source=baugh_wooley_wallace_rev_rhcla8; flow=synth_preset_d13
ex264,ex264_smul_baugh_wooley_wallace_outside_rhcla1_abc_g_aig,signed low8_high8:a*b,baugh_wooley_wallace_outside_rhcla1+abc_g_aig,student/work/ex260_ex264_frontend_smul_order_edge_start_20260609_0605/ex264/verilog/ex264_smul_baugh_wooley_wallace_outside_rhcla1.v,student/work/ex260_ex264_frontend_smul_order_edge_start_20260609_0605/ex264/aigs/ex264_smul_baugh_wooley_wallace_outside_rhcla1_abc_g_aig.aig,1,1,1,493,28,13804,9724,1.419580,1,0,1.939,semantic_signed_mul_exact,exact signed low8 * signed high8 over 65536 inputs; source=baugh_wooley_wallace_outside_rhcla1; flow=abc_g_aig
ex264,ex264_smul_baugh_wooley_wallace_outside_rhcla1_wreduce_abc_g_aig,signed low8_high8:a*b,baugh_wooley_wallace_outside_rhcla1+wreduce_abc_g_aig,student/work/ex260_ex264_frontend_smul_order_edge_start_20260609_0605/ex264/verilog/ex264_smul_baugh_wooley_wallace_outside_rhcla1.v,student/work/ex260_ex264_frontend_smul_order_edge_start_20260609_0605/ex264/aigs/ex264_smul_baugh_wooley_wallace_outside_rhcla1_wreduce_abc_g_aig.aig,1,1,1,489,28,13692,9724,1.408063,1,0,1.954,semantic_signed_mul_exact,exact signed low8 * signed high8 over 65536 inputs; source=baugh_wooley_wallace_outside_rhcla1; flow=wreduce_abc_g_aig
ex264,ex264_smul_baugh_wooley_wallace_outside_rhcla1_synth_preset_d13,signed low8_high8:a*b,baugh_wooley_wallace_outside_rhcla1+synth_preset_d13,student/work/ex260_ex264_frontend_smul_order_edge_start_20260609_0605/ex264/verilog/ex264_smul_baugh_wooley_wallace_outside_rhcla1.v,student/work/ex260_ex264_frontend_smul_order_edge_start_20260609_0605/ex264/aigs/ex264_smul_baugh_wooley_wallace_outside_rhcla1_synth_preset_d13.aig,1,1,1,489,27,13203,9724,1.357775,1,0,2.114,semantic_signed_mul_exact,exact signed low8 * signed high8 over 65536 inputs; source=baugh_wooley_wallace_outside_rhcla1; flow=synth_preset_d13
ex264,ex264_smul_baugh_wooley_wallace_outside_rhcla7_abc_g_aig,signed low8_high8:a*b,baugh_wooley_wallace_outside_rhcla7+abc_g_aig,student/work/ex260_ex264_frontend_smul_order_edge_start_20260609_0605/ex264/verilog/ex264_smul_baugh_wooley_wallace_outside_rhcla7.v,student/work/ex260_ex264_frontend_smul_order_edge_start_20260609_0605/ex264/aigs/ex264_smul_baugh_wooley_wallace_outside_rhcla7_abc_g_aig.aig,1,1,1,491,27,13257,9724,1.363328,1,0,1.914,semantic_signed_mul_exact,exact signed low8 * signed high8 over 65536 inputs; source=baugh_wooley_wallace_outside_rhcla7; flow=abc_g_aig
ex264,ex264_smul_baugh_wooley_wallace_outside_rhcla7_wreduce_abc_g_aig,signed low8_high8:a*b,baugh_wooley_wallace_outside_rhcla7+wreduce_abc_g_aig,student/work/ex260_ex264_frontend_smul_order_edge_start_20260609_0605/ex264/verilog/ex264_smul_baugh_wooley_wallace_outside_rhcla7.v,student/work/ex260_ex264_frontend_smul_order_edge_start_20260609_0605/ex264/aigs/ex264_smul_baugh_wooley_wallace_outside_rhcla7_wreduce_abc_g_aig.aig,1,1,1,491,27,13257,9724,1.363328,1,0,1.928,semantic_signed_mul_exact,exact signed low8 * signed high8 over 65536 inputs; source=baugh_wooley_wallace_outside_rhcla7; flow=wreduce_abc_g_aig
ex264,ex264_smul_baugh_wooley_wallace_outside_rhcla7_synth_preset_d13,signed low8_high8:a*b,baugh_wooley_wallace_outside_rhcla7+synth_preset_d13,student/work/ex260_ex264_frontend_smul_order_edge_start_20260609_0605/ex264/verilog/ex264_smul_baugh_wooley_wallace_outside_rhcla7.v,student/work/ex260_ex264_frontend_smul_order_edge_start_20260609_0605/ex264/aigs/ex264_smul_baugh_wooley_wallace_outside_rhcla7_synth_preset_d13.aig,1,1,1,488,29,14152,9724,1.455368,1,0,2.046,semantic_signed_mul_exact,exact signed low8 * signed high8 over 65536 inputs; source=baugh_wooley_wallace_outside_rhcla7; flow=synth_preset_d13
ex264,ex264_smul_baugh_wooley_wallace_outside_rhcla8_abc_g_aig,signed low8_high8:a*b,baugh_wooley_wallace_outside_rhcla8+abc_g_aig,student/work/ex260_ex264_frontend_smul_order_edge_start_20260609_0605/ex264/verilog/ex264_smul_baugh_wooley_wallace_outside_rhcla8.v,student/work/ex260_ex264_frontend_smul_order_edge_start_20260609_0605/ex264/aigs/ex264_smul_baugh_wooley_wallace_outside_rhcla8_abc_g_aig.aig,1,1,1,492,28,13776,9724,1.416701,1,0,1.917,semantic_signed_mul_exact,exact signed low8 * signed high8 over 65536 inputs; source=baugh_wooley_wallace_outside_rhcla8; flow=abc_g_aig
ex264,ex264_smul_baugh_wooley_wallace_outside_rhcla8_wreduce_abc_g_aig,signed low8_high8:a*b,baugh_wooley_wallace_outside_rhcla8+wreduce_abc_g_aig,student/work/ex260_ex264_frontend_smul_order_edge_start_20260609_0605/ex264/verilog/ex264_smul_baugh_wooley_wallace_outside_rhcla8.v,student/work/ex260_ex264_frontend_smul_order_edge_start_20260609_0605/ex264/aigs/ex264_smul_baugh_wooley_wallace_outside_rhcla8_wreduce_abc_g_aig.aig,1,1,1,492,28,13776,9724,1.416701,1,0,1.928,semantic_signed_mul_exact,exact signed low8 * signed high8 over 65536 inputs; source=baugh_wooley_wallace_outside_rhcla8; flow=wreduce_abc_g_aig
ex264,ex264_smul_baugh_wooley_wallace_outside_rhcla8_synth_preset_d13,signed low8_high8:a*b,baugh_wooley_wallace_outside_rhcla8+synth_preset_d13,student/work/ex260_ex264_frontend_smul_order_edge_start_20260609_0605/ex264/verilog/ex264_smul_baugh_wooley_wallace_outside_rhcla8.v,student/work/ex260_ex264_frontend_smul_order_edge_start_20260609_0605/ex264/aigs/ex264_smul_baugh_wooley_wallace_outside_rhcla8_synth_preset_d13.aig,1,1,1,489,29,14181,9724,1.458350,1,0,2.046,semantic_signed_mul_exact,exact signed low8 * signed high8 over 65536 inputs; source=baugh_wooley_wallace_outside_rhcla8; flow=synth_preset_d13
ex264,ex264_smul_baugh_wooley_wallace_rev_hcla4_abc_g_aig,signed low8_high8:a*b,baugh_wooley_wallace_rev_hcla4+abc_g_aig,student/work/ex260_ex264_frontend_smul_order_edge_start_20260609_0605/ex264/verilog/ex264_smul_baugh_wooley_wallace_rev_hcla4.v,student/work/ex260_ex264_frontend_smul_order_edge_start_20260609_0605/ex264/aigs/ex264_smul_baugh_wooley_wallace_rev_hcla4_abc_g_aig.aig,1,1,1,492,27,13284,9724,1.366104,1,0,1.924,semantic_signed_mul_exact,exact signed low8 * signed high8 over 65536 inputs; source=baugh_wooley_wallace_rev_hcla4; flow=abc_g_aig
ex264,ex264_smul_baugh_wooley_wallace_rev_hcla4_wreduce_abc_g_aig,signed low8_high8:a*b,baugh_wooley_wallace_rev_hcla4+wreduce_abc_g_aig,student/work/ex260_ex264_frontend_smul_order_edge_start_20260609_0605/ex264/verilog/ex264_smul_baugh_wooley_wallace_rev_hcla4.v,student/work/ex260_ex264_frontend_smul_order_edge_start_20260609_0605/ex264/aigs/ex264_smul_baugh_wooley_wallace_rev_hcla4_wreduce_abc_g_aig.aig,1,1,1,491,28,13748,9724,1.413821,1,0,1.951,semantic_signed_mul_exact,exact signed low8 * signed high8 over 65536 inputs; source=baugh_wooley_wallace_rev_hcla4; flow=wreduce_abc_g_aig
ex264,ex264_smul_baugh_wooley_wallace_rev_hcla4_synth_preset_d13,signed low8_high8:a*b,baugh_wooley_wallace_rev_hcla4+synth_preset_d13,student/work/ex260_ex264_frontend_smul_order_edge_start_20260609_0605/ex264/verilog/ex264_smul_baugh_wooley_wallace_rev_hcla4.v,student/work/ex260_ex264_frontend_smul_order_edge_start_20260609_0605/ex264/aigs/ex264_smul_baugh_wooley_wallace_rev_hcla4_synth_preset_d13.aig,1,1,1,481,28,13468,9724,1.385027,1,0,2.068,semantic_signed_mul_exact,exact signed low8 * signed high8 over 65536 inputs; source=baugh_wooley_wallace_rev_hcla4; flow=synth_preset_d13
ex264,ex264_smul_baugh_wooley_wallace_outside_rhcla2_abc_g_aig,signed low8_high8:a*b,baugh_wooley_wallace_outside_rhcla2+abc_g_aig,student/work/ex260_ex264_frontend_smul_order_edge_start_20260609_0605/ex264/verilog/ex264_smul_baugh_wooley_wallace_outside_rhcla2.v,student/work/ex260_ex264_frontend_smul_order_edge_start_20260609_0605/ex264/aigs/ex264_smul_baugh_wooley_wallace_outside_rhcla2_abc_g_aig.aig,1,1,1,490,28,13720,9724,1.410942,1,0,1.936,semantic_signed_mul_exact,exact signed low8 * signed high8 over 65536 inputs; source=baugh_wooley_wallace_outside_rhcla2; flow=abc_g_aig
ex264,ex264_smul_baugh_wooley_wallace_outside_rhcla2_wreduce_abc_g_aig,signed low8_high8:a*b,baugh_wooley_wallace_outside_rhcla2+wreduce_abc_g_aig,student/work/ex260_ex264_frontend_smul_order_edge_start_20260609_0605/ex264/verilog/ex264_smul_baugh_wooley_wallace_outside_rhcla2.v,student/work/ex260_ex264_frontend_smul_order_edge_start_20260609_0605/ex264/aigs/ex264_smul_baugh_wooley_wallace_outside_rhcla2_wreduce_abc_g_aig.aig,1,1,1,492,27,13284,9724,1.366104,1,0,1.961,semantic_signed_mul_exact,exact signed low8 * signed high8 over 65536 inputs; source=baugh_wooley_wallace_outside_rhcla2; flow=wreduce_abc_g_aig
ex264,ex264_smul_baugh_wooley_wallace_outside_rhcla2_synth_preset_d13,signed low8_high8:a*b,baugh_wooley_wallace_outside_rhcla2+synth_preset_d13,student/work/ex260_ex264_frontend_smul_order_edge_start_20260609_0605/ex264/verilog/ex264_smul_baugh_wooley_wallace_outside_rhcla2.v,student/work/ex260_ex264_frontend_smul_order_edge_start_20260609_0605/ex264/aigs/ex264_smul_baugh_wooley_wallace_outside_rhcla2_synth_preset_d13.aig,1,1,1,488,27,13176,9724,1.354998,1,0,2.076,semantic_signed_mul_exact,exact signed low8 * signed high8 over 65536 inputs; source=baugh_wooley_wallace_outside_rhcla2; flow=synth_preset_d13
ex264,ex264_smul_baugh_wooley_wallace_rev_hcla6_abc_g_aig,signed low8_high8:a*b,baugh_wooley_wallace_rev_hcla6+abc_g_aig,student/work/ex260_ex264_frontend_smul_order_edge_start_20260609_0605/ex264/verilog/ex264_smul_baugh_wooley_wallace_rev_hcla6.v,student/work/ex260_ex264_frontend_smul_order_edge_start_20260609_0605/ex264/aigs/ex264_smul_baugh_wooley_wallace_rev_hcla6_abc_g_aig.aig,1,1,1,486,27,13122,9724,1.349445,1,0,1.909,semantic_signed_mul_exact,exact signed low8 * signed high8 over 65536 inputs; source=baugh_wooley_wallace_rev_hcla6; flow=abc_g_aig
ex264,ex264_smul_baugh_wooley_wallace_rev_hcla6_wreduce_abc_g_aig,signed low8_high8:a*b,baugh_wooley_wallace_rev_hcla6+wreduce_abc_g_aig,student/work/ex260_ex264_frontend_smul_order_edge_start_20260609_0605/ex264/verilog/ex264_smul_baugh_wooley_wallace_rev_hcla6.v,student/work/ex260_ex264_frontend_smul_order_edge_start_20260609_0605/ex264/aigs/ex264_smul_baugh_wooley_wallace_rev_hcla6_wreduce_abc_g_aig.aig,1,1,1,485,29,14065,9724,1.446421,1,0,1.923,semantic_signed_mul_exact,exact signed low8 * signed high8 over 65536 inputs; source=baugh_wooley_wallace_rev_hcla6; flow=wreduce_abc_g_aig
ex264,ex264_smul_baugh_wooley_wallace_rev_hcla6_synth_preset_d13,signed low8_high8:a*b,baugh_wooley_wallace_rev_hcla6+synth_preset_d13,student/work/ex260_ex264_frontend_smul_order_edge_start_20260609_0605/ex264/verilog/ex264_smul_baugh_wooley_wallace_rev_hcla6.v,student/work/ex260_ex264_frontend_smul_order_edge_start_20260609_0605/ex264/aigs/ex264_smul_baugh_wooley_wallace_rev_hcla6_synth_preset_d13.aig,1,1,1,489,29,14181,9724,1.458350,1,0,1.936,semantic_signed_mul_exact,exact signed low8 * signed high8 over 65536 inputs; source=baugh_wooley_wallace_rev_hcla6; flow=synth_preset_d13
