agent_id,domain,case,candidate,method_signature,hypothesis_family,high_level_description,representation,sharing_strategy,synth_flow,status,equivalent,area,delay,adp,old_adp,reference_adp,verilog_path,aig_path,log_path,source_csv,notes,candidate_id,hypothesis,shared_structure,evaluate_log,variant,semantics,output_grouping,verified_truth,current_frontend_adp,beats_current_frontend,beats_reference,run_id,family,synth_log,official_output_dir,simulation_pass,frontend_best_adp,current_adp,beats_frontend,beats_current,runtime_sec,registry_frontend_adp,beats_registry_frontend,official_aig_path,yosys_log,frontend_target_adp,delta_vs_frontend_target_adp,improved_vs_frontend_target,yosys_log_path,evaluate_log_path,elapsed_synth_sec,elapsed_eval_sec,catalog_frontend_adp,beats_catalog_frontend,current_overall_adp,beats_overall
unknown-ex286-agent,unknown,ex286,ex286_bucket_count_cover_sop_selectors_first,ex286|hamming_weight_preserving_lossy_routing_normalizer|bucket_count_cover_sop_selectors_first|shared_home_bucket_counters_invalid_key_cube_cover|yosys_abc_g_aig|abc_xf_official_evaluate|per_output_cover_terms,,,bucket_count_cover_sop,,,,1,7012,16,112192,,,student/work/ex223_ex299_frontend_parallel_deep_20260614_0943/unknown-ex286-agent/ex286/verilog/ex286_bucket_count_cover_sop_selectors_first.v,student/work/ex223_ex299_frontend_parallel_deep_20260614_0943/unknown-ex286-agent/ex286/aigs/ex286_bucket_count_cover_sop_selectors_first.aig,student/work/ex223_ex299_frontend_parallel_deep_20260614_0943/unknown-ex286-agent/ex286/logs/ex286_bucket_count_cover_sop_selectors_first.evaluate.py.log,student/frontend_campaigns/campaigns/ex223_ex299_frontend_parallel_deep_20260614_0943/agent_shards/unknown-ex286-agent/candidates.csv,cover_order=selectors_first; key_width=15; mapped_keys=4608; cover_stats=b0:cubes=344:on=2202:lits=2777;b1:cubes=261:on=2304:lits=1960;b2:cubes=247:on=2304:lits=1860;b3:cubes=253:on=2304:lits=1915;b4:cubes=335:on=2229:lits=2665;b5:cubes=121:on=2304:lits=779;b6:cubes=121:on=2304:lits=777;b7:cubes=121:on=2304:lits=777;b8:cubes=323:on=2406:lits=2530;b9:cubes=261:on=2304:lits=1960;b10:cubes=247:on=2304:lits=1862;b11:cubes=253:on=2304:lits=1915;b12:cubes=338:on=2379:lits=2669,ex286_bucket_count_cover_sop_selectors_first,hamming_weight_preserving_lossy_routing_normalizer,shared home-bucket counters plus selector wires and invalid-key cube covers,student/work/ex223_ex299_frontend_parallel_deep_20260614_0943/unknown-ex286-agent/ex286/logs/ex286_bucket_count_cover_sop_selectors_first.evaluate.py.log,,,,,,,,,,,,,,,,,,,,,,,,,,,,,,,,
unknown-ex286-agent,unknown,ex286,ex286_bucket_class_mtbdd_selectors_then_counts,ex286|hamming_weight_preserving_lossy_routing_normalizer|bucket_class_mtbdd_selectors_then_counts|shared_home_bucket_counters_fullword_descriptor_dag|yosys_abc_g_aig|abc_xf_official_evaluate|full_word_mtbdd_leaves,,,bucket_class_decision_dag,,,,1,3736,22,82192,,,student/work/ex223_ex299_frontend_parallel_deep_20260614_0943/unknown-ex286-agent/ex286/verilog/ex286_bucket_class_mtbdd_selectors_then_counts.v,student/work/ex223_ex299_frontend_parallel_deep_20260614_0943/unknown-ex286-agent/ex286/aigs/ex286_bucket_class_mtbdd_selectors_then_counts.aig,student/work/ex223_ex299_frontend_parallel_deep_20260614_0943/unknown-ex286-agent/ex286/logs/ex286_bucket_class_mtbdd_selectors_then_counts.evaluate.py.log,student/frontend_campaigns/campaigns/ex223_ex299_frontend_parallel_deep_20260614_0943/agent_shards/unknown-ex286-agent/candidates.csv,mtbdd_order=selectors_then_counts; key_width=15; mapped_keys=4608; nodes=4591; leaves=2233,ex286_bucket_class_mtbdd_selectors_then_counts,hamming_weight_preserving_lossy_routing_normalizer,shared home-bucket counters plus full-word reduced descriptor MTBDD,student/work/ex223_ex299_frontend_parallel_deep_20260614_0943/unknown-ex286-agent/ex286/logs/ex286_bucket_class_mtbdd_selectors_then_counts.evaluate.py.log,,,,,,,,,,,,,,,,,,,,,,,,,,,,,,,,
unknown-ex287-agent,unknown,ex287,ex287_deep_current_selector_d14,ex287|hamming_weight_preserving_lossy_routing_normalizer|selector_reordered_symcof_source_delay_targeted_resynth|known_three_pair_symmetry_key_and_group_bdd_cofactors|yosys_abc_g_aig_d14|abc_xf_official_evaluate|classonehot_grouped_outputs,,,selector_reordered_symcof_source_delay_targeted_resynth,,yosys_abc_g_aig_d14,,1,1826,15,27390,27390,5782,student/work/ex223_ex299_frontend_parallel_deep_20260614_0943/unknown-ex287-agent/ex287/verilog/ex287_deep_current_selector_d14.v,student/work/ex223_ex299_frontend_parallel_deep_20260614_0943/unknown-ex287-agent/ex287/aigs/ex287_deep_current_selector_d14.aig,student/work/ex223_ex299_frontend_parallel_deep_20260614_0943/unknown-ex287-agent/ex287/logs/ex287_deep_current_selector_d14.evaluate.py.log,student/frontend_campaigns/campaigns/ex223_ex299_frontend_parallel_deep_20260614_0943/agent_shards/unknown-ex287-agent/candidates.csv,"local copy of current frontend source; tests delay-constrained frontend synthesis from Verilog, not existing-AIG remap",ex287_deep_current_selector_d14,hamming_weight_preserving_lossy_routing_normalizer,known_three_pair_symmetry_key_and_group_bdd_cofactors,student/work/ex223_ex299_frontend_parallel_deep_20260614_0943/unknown-ex287-agent/ex287/logs/ex287_deep_current_selector_d14.evaluate.py.log,selector_reordered_symcof_source_delay_targeted_resynth,abc_xf_official_evaluate,classonehot_grouped_outputs,1,27390,0,0,,,,,,,,,,,,,,,,,,,,,,,,,
unknown-ex287-agent,unknown,ex287,ex287_deep_vector_mask_flat_d14,ex287|hamming_weight_preserving_lossy_routing_normalizer|symcof_vector_mask_flat_or|class vector masks over existing group BDD cofactors|yosys_abc_g_aig_d14|abc_xf_official_evaluate|full_word_vector_mask_or,,,symcof_vector_mask_flat_or,,yosys_abc_g_aig_d14,,1,1843,15,27645,27390,5782,student/work/ex223_ex299_frontend_parallel_deep_20260614_0943/unknown-ex287-agent/ex287/verilog/ex287_deep_vector_mask_flat_d14.v,student/work/ex223_ex299_frontend_parallel_deep_20260614_0943/unknown-ex287-agent/ex287/aigs/ex287_deep_vector_mask_flat_d14.aig,student/work/ex223_ex299_frontend_parallel_deep_20260614_0943/unknown-ex287-agent/ex287/logs/ex287_deep_vector_mask_flat_d14.evaluate.py.log,student/frontend_campaigns/campaigns/ex223_ex299_frontend_parallel_deep_20260614_0943/agent_shards/unknown-ex287-agent/candidates.csv,rewrites per-bit onehot class mux into full-word vector mask OR,ex287_deep_vector_mask_flat_d14,hamming_weight_preserving_lossy_routing_normalizer,class vector masks over existing group BDD cofactors,student/work/ex223_ex299_frontend_parallel_deep_20260614_0943/unknown-ex287-agent/ex287/logs/ex287_deep_vector_mask_flat_d14.evaluate.py.log,symcof_vector_mask_flat_or,abc_xf_official_evaluate,full_word_vector_mask_or,1,27390,0,0,,,,,,,,,,,,,,,,,,,,,,,,,
unknown-ex287-agent,unknown,ex287,ex287_deep_vector_mask_twostage,ex287|hamming_weight_preserving_lossy_routing_normalizer|symcof_vector_mask_two_stage_or|class vector masks grouped by outer-key octets|yosys_abc_g_aig|abc_xf_official_evaluate|two_stage_full_word_vector_or,,,symcof_vector_mask_two_stage_or,,yosys_abc_g_aig,,1,1847,15,27705,27390,5782,student/work/ex223_ex299_frontend_parallel_deep_20260614_0943/unknown-ex287-agent/ex287/verilog/ex287_deep_vector_mask_twostage.v,student/work/ex223_ex299_frontend_parallel_deep_20260614_0943/unknown-ex287-agent/ex287/aigs/ex287_deep_vector_mask_twostage.aig,student/work/ex223_ex299_frontend_parallel_deep_20260614_0943/unknown-ex287-agent/ex287/logs/ex287_deep_vector_mask_twostage.evaluate.py.log,student/frontend_campaigns/campaigns/ex223_ex299_frontend_parallel_deep_20260614_0943/agent_shards/unknown-ex287-agent/candidates.csv,rewrites class mux as four balanced vector OR groups,ex287_deep_vector_mask_twostage,hamming_weight_preserving_lossy_routing_normalizer,class vector masks grouped by outer-key octets,student/work/ex223_ex299_frontend_parallel_deep_20260614_0943/unknown-ex287-agent/ex287/logs/ex287_deep_vector_mask_twostage.evaluate.py.log,symcof_vector_mask_two_stage_or,abc_xf_official_evaluate,two_stage_full_word_vector_or,1,27390,0,0,,,,,,,,,,,,,,,,,,,,,,,,,
unknown-ex287-agent,unknown,ex287,ex287_deep_k4_source_d14,ex287|hamming_weight_preserving_lossy_routing_normalizer|symcof_outer_k4_delay_targeted_resynth|known_three_pair_symmetry_key_and_group_bdd_cofactors|yosys_abc_g_aig_d14|abc_xf_official_evaluate|classonehot_grouped_outputs,,,symcof_outer_k4_delay_targeted_resynth,,yosys_abc_g_aig_d14,,1,1714,16,27424,27390,5782,student/work/ex223_ex299_frontend_parallel_deep_20260614_0943/unknown-ex287-agent/ex287/verilog/ex287_deep_k4_source_d14.v,student/work/ex223_ex299_frontend_parallel_deep_20260614_0943/unknown-ex287-agent/ex287/aigs/ex287_deep_k4_source_d14.aig,student/work/ex223_ex299_frontend_parallel_deep_20260614_0943/unknown-ex287-agent/ex287/logs/ex287_deep_k4_source_d14.evaluate.py.log,student/frontend_campaigns/campaigns/ex223_ex299_frontend_parallel_deep_20260614_0943/agent_shards/unknown-ex287-agent/candidates.csv,revisits the known lower-area k4 source only to test whether delay-targeted frontend synthesis cuts delay,ex287_deep_k4_source_d14,hamming_weight_preserving_lossy_routing_normalizer,known_three_pair_symmetry_key_and_group_bdd_cofactors,student/work/ex223_ex299_frontend_parallel_deep_20260614_0943/unknown-ex287-agent/ex287/logs/ex287_deep_k4_source_d14.evaluate.py.log,symcof_outer_k4_delay_targeted_resynth,abc_xf_official_evaluate,classonehot_grouped_outputs,1,27390,0,0,,,,,,,,,,,,,,,,,,,,,,,,,
unknown-ex287-agent,unknown,ex287,ex287_deep_k4_source_d15,ex287|hamming_weight_preserving_lossy_routing_normalizer|symcof_outer_k4_delay_targeted_resynth|known_three_pair_symmetry_key_and_group_bdd_cofactors|yosys_abc_g_aig_d15|abc_xf_official_evaluate|classonehot_grouped_outputs,,,symcof_outer_k4_delay_targeted_resynth,,yosys_abc_g_aig_d15,,1,1714,16,27424,27390,5782,student/work/ex223_ex299_frontend_parallel_deep_20260614_0943/unknown-ex287-agent/ex287/verilog/ex287_deep_k4_source_d15.v,student/work/ex223_ex299_frontend_parallel_deep_20260614_0943/unknown-ex287-agent/ex287/aigs/ex287_deep_k4_source_d15.aig,student/work/ex223_ex299_frontend_parallel_deep_20260614_0943/unknown-ex287-agent/ex287/logs/ex287_deep_k4_source_d15.evaluate.py.log,student/frontend_campaigns/campaigns/ex223_ex299_frontend_parallel_deep_20260614_0943/agent_shards/unknown-ex287-agent/candidates.csv,revisits the known lower-area k4 source only to test whether delay-targeted frontend synthesis cuts delay,ex287_deep_k4_source_d15,hamming_weight_preserving_lossy_routing_normalizer,known_three_pair_symmetry_key_and_group_bdd_cofactors,student/work/ex223_ex299_frontend_parallel_deep_20260614_0943/unknown-ex287-agent/ex287/logs/ex287_deep_k4_source_d15.evaluate.py.log,symcof_outer_k4_delay_targeted_resynth,abc_xf_official_evaluate,classonehot_grouped_outputs,1,27390,0,0,,,,,,,,,,,,,,,,,,,,,,,,,
unknown-ex287-agent,unknown,ex287,ex287_deep_k4_vector_mask_d14,ex287|hamming_weight_preserving_lossy_routing_normalizer|symcof_outer_k4_vector_mask_flat_or|class vector masks over lower-area k4 group BDD cofactors|yosys_abc_g_aig_d14|abc_xf_official_evaluate|full_word_vector_mask_or,,,symcof_outer_k4_vector_mask_flat_or,,yosys_abc_g_aig_d14,,1,1700,16,27200,27390,5782,student/work/ex223_ex299_frontend_parallel_deep_20260614_0943/unknown-ex287-agent/ex287/verilog/ex287_deep_k4_vector_mask_d14.v,student/work/ex223_ex299_frontend_parallel_deep_20260614_0943/unknown-ex287-agent/ex287/aigs/ex287_deep_k4_vector_mask_d14.aig,student/work/ex223_ex299_frontend_parallel_deep_20260614_0943/unknown-ex287-agent/ex287/logs/ex287_deep_k4_vector_mask_d14.evaluate.py.log,student/frontend_campaigns/campaigns/ex223_ex299_frontend_parallel_deep_20260614_0943/agent_shards/unknown-ex287-agent/candidates.csv,combines the lower-area k4 source with full-word vector mask output grouping,ex287_deep_k4_vector_mask_d14,hamming_weight_preserving_lossy_routing_normalizer,class vector masks over lower-area k4 group BDD cofactors,student/work/ex223_ex299_frontend_parallel_deep_20260614_0943/unknown-ex287-agent/ex287/logs/ex287_deep_k4_vector_mask_d14.evaluate.py.log,symcof_outer_k4_vector_mask_flat_or,abc_xf_official_evaluate,full_word_vector_mask_or,1,27390,1,0,,,,,,,,,,,,,,,,,,,,,,,,,
unknown-ex287-agent,unknown,ex287,ex287_deep_k4_vector_mask_plain,ex287|hamming_weight_preserving_lossy_routing_normalizer|symcof_outer_k4_vector_mask_flat_or|class vector masks over lower-area k4 group BDD cofactors|yosys_abc_g_aig|abc_xf_official_evaluate|full_word_vector_mask_or,,,symcof_outer_k4_vector_mask_flat_or,,yosys_abc_g_aig,,1,1700,16,27200,27390,5782,student/work/ex223_ex299_frontend_parallel_deep_20260614_0943/unknown-ex287-agent/ex287/verilog/ex287_deep_k4_vector_mask_plain.v,student/work/ex223_ex299_frontend_parallel_deep_20260614_0943/unknown-ex287-agent/ex287/aigs/ex287_deep_k4_vector_mask_plain.aig,student/work/ex223_ex299_frontend_parallel_deep_20260614_0943/unknown-ex287-agent/ex287/logs/ex287_deep_k4_vector_mask_plain.evaluate.py.log,student/frontend_campaigns/campaigns/ex223_ex299_frontend_parallel_deep_20260614_0943/agent_shards/unknown-ex287-agent/candidates.csv,same lower-area k4 vector-mask source without a delay target,ex287_deep_k4_vector_mask_plain,hamming_weight_preserving_lossy_routing_normalizer,class vector masks over lower-area k4 group BDD cofactors,student/work/ex223_ex299_frontend_parallel_deep_20260614_0943/unknown-ex287-agent/ex287/logs/ex287_deep_k4_vector_mask_plain.evaluate.py.log,symcof_outer_k4_vector_mask_flat_or,abc_xf_official_evaluate,full_word_vector_mask_or,1,27390,1,0,,,,,,,,,,,,,,,,,,,,,,,,,
unknown-ex287-agent,unknown,ex287,ex287_deep_k4_vector_mask_d13,ex287|hamming_weight_preserving_lossy_routing_normalizer|symcof_outer_k4_vector_mask_flat_or|class vector masks over lower-area k4 group BDD cofactors|yosys_abc_g_aig_d13|abc_xf_official_evaluate|full_word_vector_mask_or,,,symcof_outer_k4_vector_mask_flat_or,,yosys_abc_g_aig_d13,,1,1700,16,27200,27390,5782,student/work/ex223_ex299_frontend_parallel_deep_20260614_0943/unknown-ex287-agent/ex287/verilog/ex287_deep_k4_vector_mask_d13.v,student/work/ex223_ex299_frontend_parallel_deep_20260614_0943/unknown-ex287-agent/ex287/aigs/ex287_deep_k4_vector_mask_d13.aig,student/work/ex223_ex299_frontend_parallel_deep_20260614_0943/unknown-ex287-agent/ex287/logs/ex287_deep_k4_vector_mask_d13.evaluate.py.log,student/frontend_campaigns/campaigns/ex223_ex299_frontend_parallel_deep_20260614_0943/agent_shards/unknown-ex287-agent/candidates.csv,same lower-area k4 vector-mask source with tighter delay target,ex287_deep_k4_vector_mask_d13,hamming_weight_preserving_lossy_routing_normalizer,class vector masks over lower-area k4 group BDD cofactors,student/work/ex223_ex299_frontend_parallel_deep_20260614_0943/unknown-ex287-agent/ex287/logs/ex287_deep_k4_vector_mask_d13.evaluate.py.log,symcof_outer_k4_vector_mask_flat_or,abc_xf_official_evaluate,full_word_vector_mask_or,1,27390,1,0,,,,,,,,,,,,,,,,,,,,,,,,,
unknown-ex287-agent,unknown,ex287,ex287_deep_k4_vector_mask_d15,ex287|hamming_weight_preserving_lossy_routing_normalizer|symcof_outer_k4_vector_mask_flat_or|class vector masks over lower-area k4 group BDD cofactors|yosys_abc_g_aig_d15|abc_xf_official_evaluate|full_word_vector_mask_or,,,symcof_outer_k4_vector_mask_flat_or,,yosys_abc_g_aig_d15,,1,1700,16,27200,27390,5782,student/work/ex223_ex299_frontend_parallel_deep_20260614_0943/unknown-ex287-agent/ex287/verilog/ex287_deep_k4_vector_mask_d15.v,student/work/ex223_ex299_frontend_parallel_deep_20260614_0943/unknown-ex287-agent/ex287/aigs/ex287_deep_k4_vector_mask_d15.aig,student/work/ex223_ex299_frontend_parallel_deep_20260614_0943/unknown-ex287-agent/ex287/logs/ex287_deep_k4_vector_mask_d15.evaluate.py.log,student/frontend_campaigns/campaigns/ex223_ex299_frontend_parallel_deep_20260614_0943/agent_shards/unknown-ex287-agent/candidates.csv,same lower-area k4 vector-mask source with delay target 15,ex287_deep_k4_vector_mask_d15,hamming_weight_preserving_lossy_routing_normalizer,class vector masks over lower-area k4 group BDD cofactors,student/work/ex223_ex299_frontend_parallel_deep_20260614_0943/unknown-ex287-agent/ex287/logs/ex287_deep_k4_vector_mask_d15.evaluate.py.log,symcof_outer_k4_vector_mask_flat_or,abc_xf_official_evaluate,full_word_vector_mask_or,1,27390,1,0,,,,,,,,,,,,,,,,,,,,,,,,,
unknown-ex287-agent,unknown,ex287,ex287_deep_k4_vector_mask_d16,ex287|hamming_weight_preserving_lossy_routing_normalizer|symcof_outer_k4_vector_mask_flat_or|class vector masks over lower-area k4 group BDD cofactors|yosys_abc_g_aig_d16|abc_xf_official_evaluate|full_word_vector_mask_or,,,symcof_outer_k4_vector_mask_flat_or,,yosys_abc_g_aig_d16,,1,1700,16,27200,27390,5782,student/work/ex223_ex299_frontend_parallel_deep_20260614_0943/unknown-ex287-agent/ex287/verilog/ex287_deep_k4_vector_mask_d16.v,student/work/ex223_ex299_frontend_parallel_deep_20260614_0943/unknown-ex287-agent/ex287/aigs/ex287_deep_k4_vector_mask_d16.aig,student/work/ex223_ex299_frontend_parallel_deep_20260614_0943/unknown-ex287-agent/ex287/logs/ex287_deep_k4_vector_mask_d16.evaluate.py.log,student/frontend_campaigns/campaigns/ex223_ex299_frontend_parallel_deep_20260614_0943/agent_shards/unknown-ex287-agent/candidates.csv,same lower-area k4 vector-mask source with delay target 16,ex287_deep_k4_vector_mask_d16,hamming_weight_preserving_lossy_routing_normalizer,class vector masks over lower-area k4 group BDD cofactors,student/work/ex223_ex299_frontend_parallel_deep_20260614_0943/unknown-ex287-agent/ex287/logs/ex287_deep_k4_vector_mask_d16.evaluate.py.log,symcof_outer_k4_vector_mask_flat_or,abc_xf_official_evaluate,full_word_vector_mask_or,1,27390,1,0,,,,,,,,,,,,,,,,,,,,,,,,,
unknown-ex287-agent,unknown,ex287,ex287_deep_k4_vector_mask_twostage_d14,ex287|hamming_weight_preserving_lossy_routing_normalizer|symcof_outer_k4_vector_mask_two_stage_or|class vector masks over lower-area k4 group BDD cofactors|yosys_abc_g_aig_d14|abc_xf_official_evaluate|two_stage_full_word_vector_or,,,symcof_outer_k4_vector_mask_two_stage_or,,yosys_abc_g_aig_d14,,1,1702,16,27232,27390,5782,student/work/ex223_ex299_frontend_parallel_deep_20260614_0943/unknown-ex287-agent/ex287/verilog/ex287_deep_k4_vector_mask_twostage_d14.v,student/work/ex223_ex299_frontend_parallel_deep_20260614_0943/unknown-ex287-agent/ex287/aigs/ex287_deep_k4_vector_mask_twostage_d14.aig,student/work/ex223_ex299_frontend_parallel_deep_20260614_0943/unknown-ex287-agent/ex287/logs/ex287_deep_k4_vector_mask_twostage_d14.evaluate.py.log,student/frontend_campaigns/campaigns/ex223_ex299_frontend_parallel_deep_20260614_0943/agent_shards/unknown-ex287-agent/candidates.csv,lower-area k4 vector-mask source with balanced two-stage vector OR grouping,ex287_deep_k4_vector_mask_twostage_d14,hamming_weight_preserving_lossy_routing_normalizer,class vector masks over lower-area k4 group BDD cofactors,student/work/ex223_ex299_frontend_parallel_deep_20260614_0943/unknown-ex287-agent/ex287/logs/ex287_deep_k4_vector_mask_twostage_d14.evaluate.py.log,symcof_outer_k4_vector_mask_two_stage_or,abc_xf_official_evaluate,two_stage_full_word_vector_or,1,27390,1,0,,,,,,,,,,,,,,,,,,,,,,,,,
unknown-ex287-agent,unknown,ex287,ex287_deep_k4_vector_mask_noshare_aig,ex287|hamming_weight_preserving_lossy_routing_normalizer|symcof_outer_k4_vector_mask_flat_or|class vector masks over lower-area k4 group BDD cofactors without explicit Yosys share prepass|yosys_abc_g_aig_noshare|abc_xf_official_evaluate|full_word_vector_mask_or,,,symcof_outer_k4_vector_mask_flat_or,,yosys_abc_g_aig_noshare,,1,1700,16,27200,27390,5782,student/work/ex223_ex299_frontend_parallel_deep_20260614_0943/unknown-ex287-agent/ex287/verilog/ex287_deep_k4_vector_mask_noshare_aig.v,student/work/ex223_ex299_frontend_parallel_deep_20260614_0943/unknown-ex287-agent/ex287/aigs/ex287_deep_k4_vector_mask_noshare_aig.aig,student/work/ex223_ex299_frontend_parallel_deep_20260614_0943/unknown-ex287-agent/ex287/logs/ex287_deep_k4_vector_mask_noshare_aig.evaluate.py.log,student/frontend_campaigns/campaigns/ex223_ex299_frontend_parallel_deep_20260614_0943/agent_shards/unknown-ex287-agent/candidates.csv,tests whether omitting the explicit frontend share pass trades area for lower delay,ex287_deep_k4_vector_mask_noshare_aig,hamming_weight_preserving_lossy_routing_normalizer,class vector masks over lower-area k4 group BDD cofactors without explicit Yosys share prepass,student/work/ex223_ex299_frontend_parallel_deep_20260614_0943/unknown-ex287-agent/ex287/logs/ex287_deep_k4_vector_mask_noshare_aig.evaluate.py.log,symcof_outer_k4_vector_mask_flat_or,abc_xf_official_evaluate,full_word_vector_mask_or,1,27390,1,0,,,,,,,,,,,,,,,,,,,,,,,,,
unknown-ex287-agent,unknown,ex287,ex287_deep_k4_vector_mask_noshare_d15,ex287|hamming_weight_preserving_lossy_routing_normalizer|symcof_outer_k4_vector_mask_flat_or|class vector masks over lower-area k4 group BDD cofactors without explicit Yosys share prepass|yosys_abc_g_aig_d15_noshare|abc_xf_official_evaluate|full_word_vector_mask_or,,,symcof_outer_k4_vector_mask_flat_or,,yosys_abc_g_aig_d15_noshare,,1,1700,16,27200,27390,5782,student/work/ex223_ex299_frontend_parallel_deep_20260614_0943/unknown-ex287-agent/ex287/verilog/ex287_deep_k4_vector_mask_noshare_d15.v,student/work/ex223_ex299_frontend_parallel_deep_20260614_0943/unknown-ex287-agent/ex287/aigs/ex287_deep_k4_vector_mask_noshare_d15.aig,student/work/ex223_ex299_frontend_parallel_deep_20260614_0943/unknown-ex287-agent/ex287/logs/ex287_deep_k4_vector_mask_noshare_d15.evaluate.py.log,student/frontend_campaigns/campaigns/ex223_ex299_frontend_parallel_deep_20260614_0943/agent_shards/unknown-ex287-agent/candidates.csv,tests no-share vector-mask source with delay target 15,ex287_deep_k4_vector_mask_noshare_d15,hamming_weight_preserving_lossy_routing_normalizer,class vector masks over lower-area k4 group BDD cofactors without explicit Yosys share prepass,student/work/ex223_ex299_frontend_parallel_deep_20260614_0943/unknown-ex287-agent/ex287/logs/ex287_deep_k4_vector_mask_noshare_d15.evaluate.py.log,symcof_outer_k4_vector_mask_flat_or,abc_xf_official_evaluate,full_word_vector_mask_or,1,27390,1,0,,,,,,,,,,,,,,,,,,,,,,,,,
unknown-ex287-agent,unknown,ex287,ex287_deep_k4_vector_mask_noshare_and,ex287|hamming_weight_preserving_lossy_routing_normalizer|symcof_outer_k4_vector_mask_flat_or|class vector masks over lower-area k4 group BDD cofactors without explicit Yosys share prepass|yosys_abc_g_AND_noshare|abc_xf_official_evaluate|full_word_vector_mask_or,,,symcof_outer_k4_vector_mask_flat_or,,yosys_abc_g_AND_noshare,,1,1708,17,29036,27390,5782,student/work/ex223_ex299_frontend_parallel_deep_20260614_0943/unknown-ex287-agent/ex287/verilog/ex287_deep_k4_vector_mask_noshare_and.v,student/work/ex223_ex299_frontend_parallel_deep_20260614_0943/unknown-ex287-agent/ex287/aigs/ex287_deep_k4_vector_mask_noshare_and.aig,student/work/ex223_ex299_frontend_parallel_deep_20260614_0943/unknown-ex287-agent/ex287/logs/ex287_deep_k4_vector_mask_noshare_and.evaluate.py.log,student/frontend_campaigns/campaigns/ex223_ex299_frontend_parallel_deep_20260614_0943/agent_shards/unknown-ex287-agent/candidates.csv,tests no-share vector-mask source with standard AND mapping before aigmap,ex287_deep_k4_vector_mask_noshare_and,hamming_weight_preserving_lossy_routing_normalizer,class vector masks over lower-area k4 group BDD cofactors without explicit Yosys share prepass,student/work/ex223_ex299_frontend_parallel_deep_20260614_0943/unknown-ex287-agent/ex287/logs/ex287_deep_k4_vector_mask_noshare_and.evaluate.py.log,symcof_outer_k4_vector_mask_flat_or,abc_xf_official_evaluate,full_word_vector_mask_or,1,27390,0,0,,,,,,,,,,,,,,,,,,,,,,,,,
unknown-ex287-agent,unknown,ex287,ex287_deep_k4_vector_case_plain,ex287|hamming_weight_preserving_lossy_routing_normalizer|symcof_outer_k4_vector_case_mux|lower-area k4 group BDD cofactors selected by one full-word case mux|yosys_abc_g_aig|abc_xf_official_evaluate|full_word_case_mux,,,symcof_outer_k4_vector_case_mux,,yosys_abc_g_aig,,1,1680,16,26880,27390,5782,student/work/ex223_ex299_frontend_parallel_deep_20260614_0943/unknown-ex287-agent/ex287/verilog/ex287_deep_k4_vector_case_plain.v,student/work/ex223_ex299_frontend_parallel_deep_20260614_0943/unknown-ex287-agent/ex287/aigs/ex287_deep_k4_vector_case_plain.aig,student/work/ex223_ex299_frontend_parallel_deep_20260614_0943/unknown-ex287-agent/ex287/logs/ex287_deep_k4_vector_case_plain.evaluate.py.log,student/frontend_campaigns/campaigns/ex223_ex299_frontend_parallel_deep_20260614_0943/agent_shards/unknown-ex287-agent/candidates.csv,rewrites k4 per-bit onehot mux into a 16-way full-word case mux; no prior k4 case row was found,ex287_deep_k4_vector_case_plain,hamming_weight_preserving_lossy_routing_normalizer,lower-area k4 group BDD cofactors selected by one full-word case mux,student/work/ex223_ex299_frontend_parallel_deep_20260614_0943/unknown-ex287-agent/ex287/logs/ex287_deep_k4_vector_case_plain.evaluate.py.log,symcof_outer_k4_vector_case_mux,abc_xf_official_evaluate,full_word_case_mux,1,27390,1,0,,,,,,,,,,,,,,,,,,,,,,,,,
unknown-ex287-agent,unknown,ex287,ex287_deep_k4_vector_case_d14,ex287|hamming_weight_preserving_lossy_routing_normalizer|symcof_outer_k4_vector_case_mux|lower-area k4 group BDD cofactors selected by one full-word case mux|yosys_abc_g_aig_d14|abc_xf_official_evaluate|full_word_case_mux,,,symcof_outer_k4_vector_case_mux,,yosys_abc_g_aig_d14,,1,1680,16,26880,27390,5782,student/work/ex223_ex299_frontend_parallel_deep_20260614_0943/unknown-ex287-agent/ex287/verilog/ex287_deep_k4_vector_case_d14.v,student/work/ex223_ex299_frontend_parallel_deep_20260614_0943/unknown-ex287-agent/ex287/aigs/ex287_deep_k4_vector_case_d14.aig,student/work/ex223_ex299_frontend_parallel_deep_20260614_0943/unknown-ex287-agent/ex287/logs/ex287_deep_k4_vector_case_d14.evaluate.py.log,student/frontend_campaigns/campaigns/ex223_ex299_frontend_parallel_deep_20260614_0943/agent_shards/unknown-ex287-agent/candidates.csv,rewrites k4 per-bit onehot mux into a 16-way full-word case mux with delay-targeted frontend synthesis,ex287_deep_k4_vector_case_d14,hamming_weight_preserving_lossy_routing_normalizer,lower-area k4 group BDD cofactors selected by one full-word case mux,student/work/ex223_ex299_frontend_parallel_deep_20260614_0943/unknown-ex287-agent/ex287/logs/ex287_deep_k4_vector_case_d14.evaluate.py.log,symcof_outer_k4_vector_case_mux,abc_xf_official_evaluate,full_word_case_mux,1,27390,1,0,,,,,,,,,,,,,,,,,,,,,,,,,
unknown-ex287-agent,unknown,ex287,ex287_deep_k4_vector_case_attr_plain,ex287|hamming_weight_preserving_lossy_routing_normalizer|symcof_outer_k4_vector_case_mux_parallel_full|lower-area k4 group BDD cofactors selected by attributed full-word case mux|yosys_abc_g_aig|abc_xf_official_evaluate|full_word_case_mux,,,symcof_outer_k4_vector_case_mux_parallel_full,,yosys_abc_g_aig,,1,1680,16,26880,27390,5782,student/work/ex223_ex299_frontend_parallel_deep_20260614_0943/unknown-ex287-agent/ex287/verilog/ex287_deep_k4_vector_case_attr_plain.v,student/work/ex223_ex299_frontend_parallel_deep_20260614_0943/unknown-ex287-agent/ex287/aigs/ex287_deep_k4_vector_case_attr_plain.aig,student/work/ex223_ex299_frontend_parallel_deep_20260614_0943/unknown-ex287-agent/ex287/logs/ex287_deep_k4_vector_case_attr_plain.evaluate.py.log,student/frontend_campaigns/campaigns/ex223_ex299_frontend_parallel_deep_20260614_0943/agent_shards/unknown-ex287-agent/candidates.csv,adds parallel_case/full_case attributes to the k4 full-word case source,ex287_deep_k4_vector_case_attr_plain,hamming_weight_preserving_lossy_routing_normalizer,lower-area k4 group BDD cofactors selected by attributed full-word case mux,student/work/ex223_ex299_frontend_parallel_deep_20260614_0943/unknown-ex287-agent/ex287/logs/ex287_deep_k4_vector_case_attr_plain.evaluate.py.log,symcof_outer_k4_vector_case_mux_parallel_full,abc_xf_official_evaluate,full_word_case_mux,1,27390,1,0,,,,,,,,,,,,,,,,,,,,,,,,,
unknown-ex287-agent,unknown,ex287,ex287_deep_k4_vector_case_attr_d14,ex287|hamming_weight_preserving_lossy_routing_normalizer|symcof_outer_k4_vector_case_mux_parallel_full|lower-area k4 group BDD cofactors selected by attributed full-word case mux|yosys_abc_g_aig_d14|abc_xf_official_evaluate|full_word_case_mux,,,symcof_outer_k4_vector_case_mux_parallel_full,,yosys_abc_g_aig_d14,,1,1680,16,26880,27390,5782,student/work/ex223_ex299_frontend_parallel_deep_20260614_0943/unknown-ex287-agent/ex287/verilog/ex287_deep_k4_vector_case_attr_d14.v,student/work/ex223_ex299_frontend_parallel_deep_20260614_0943/unknown-ex287-agent/ex287/aigs/ex287_deep_k4_vector_case_attr_d14.aig,student/work/ex223_ex299_frontend_parallel_deep_20260614_0943/unknown-ex287-agent/ex287/logs/ex287_deep_k4_vector_case_attr_d14.evaluate.py.log,student/frontend_campaigns/campaigns/ex223_ex299_frontend_parallel_deep_20260614_0943/agent_shards/unknown-ex287-agent/candidates.csv,adds parallel_case/full_case attributes to the k4 full-word case source with delay target,ex287_deep_k4_vector_case_attr_d14,hamming_weight_preserving_lossy_routing_normalizer,lower-area k4 group BDD cofactors selected by attributed full-word case mux,student/work/ex223_ex299_frontend_parallel_deep_20260614_0943/unknown-ex287-agent/ex287/logs/ex287_deep_k4_vector_case_attr_d14.evaluate.py.log,symcof_outer_k4_vector_case_mux_parallel_full,abc_xf_official_evaluate,full_word_case_mux,1,27390,1,0,,,,,,,,,,,,,,,,,,,,,,,,,
unknown-ex287-agent,unknown,ex287,ex287_deep_k5_vector_case_plain,ex287|hamming_weight_preserving_lossy_routing_normalizer|symcof_outer_k5_vector_case_mux|selector-reordered k5 group BDD cofactors selected by one full-word case mux|yosys_abc_g_aig|abc_xf_official_evaluate|full_word_case_mux,,,symcof_outer_k5_vector_case_mux,,yosys_abc_g_aig,,1,1844,15,27660,27390,5782,student/work/ex223_ex299_frontend_parallel_deep_20260614_0943/unknown-ex287-agent/ex287/verilog/ex287_deep_k5_vector_case_plain.v,student/work/ex223_ex299_frontend_parallel_deep_20260614_0943/unknown-ex287-agent/ex287/aigs/ex287_deep_k5_vector_case_plain.aig,student/work/ex223_ex299_frontend_parallel_deep_20260614_0943/unknown-ex287-agent/ex287/logs/ex287_deep_k5_vector_case_plain.evaluate.py.log,student/frontend_campaigns/campaigns/ex223_ex299_frontend_parallel_deep_20260614_0943/agent_shards/unknown-ex287-agent/candidates.csv,tests full-word vector case on the current k5 selector-reordered source,ex287_deep_k5_vector_case_plain,hamming_weight_preserving_lossy_routing_normalizer,selector-reordered k5 group BDD cofactors selected by one full-word case mux,student/work/ex223_ex299_frontend_parallel_deep_20260614_0943/unknown-ex287-agent/ex287/logs/ex287_deep_k5_vector_case_plain.evaluate.py.log,symcof_outer_k5_vector_case_mux,abc_xf_official_evaluate,full_word_case_mux,1,27390,0,0,,,,,,,,,,,,,,,,,,,,,,,,,
unknown-ex287-agent,unknown,ex287,ex287_deep_k5_vector_case_attr_plain,ex287|hamming_weight_preserving_lossy_routing_normalizer|symcof_outer_k5_vector_case_mux_parallel_full|selector-reordered k5 group BDD cofactors selected by attributed full-word case mux|yosys_abc_g_aig|abc_xf_official_evaluate|full_word_case_mux,,,symcof_outer_k5_vector_case_mux_parallel_full,,yosys_abc_g_aig,,1,1844,15,27660,27390,5782,student/work/ex223_ex299_frontend_parallel_deep_20260614_0943/unknown-ex287-agent/ex287/verilog/ex287_deep_k5_vector_case_attr_plain.v,student/work/ex223_ex299_frontend_parallel_deep_20260614_0943/unknown-ex287-agent/ex287/aigs/ex287_deep_k5_vector_case_attr_plain.aig,student/work/ex223_ex299_frontend_parallel_deep_20260614_0943/unknown-ex287-agent/ex287/logs/ex287_deep_k5_vector_case_attr_plain.evaluate.py.log,student/frontend_campaigns/campaigns/ex223_ex299_frontend_parallel_deep_20260614_0943/agent_shards/unknown-ex287-agent/candidates.csv,tests attributed full-word vector case on the current k5 selector-reordered source,ex287_deep_k5_vector_case_attr_plain,hamming_weight_preserving_lossy_routing_normalizer,selector-reordered k5 group BDD cofactors selected by attributed full-word case mux,student/work/ex223_ex299_frontend_parallel_deep_20260614_0943/unknown-ex287-agent/ex287/logs/ex287_deep_k5_vector_case_attr_plain.evaluate.py.log,symcof_outer_k5_vector_case_mux_parallel_full,abc_xf_official_evaluate,full_word_case_mux,1,27390,0,0,,,,,,,,,,,,,,,,,,,,,,,,,
unknown-ex287-agent,unknown,ex287,ex287_deep_pairkey_residual_bdd_outer13,ex287|hamming_weight_preserving_lossy_routing_normalizer|pairkey_xor_residual_shared_bdd|single residual BDD node pool over canonical pair key|yosys_abc_g_aig|abc_xf_official_evaluate|residual_bit_roots_recombined_with_key,,,pairkey_xor_residual_shared_bdd,,yosys_abc_g_aig,,1,4923,22,108306,27390,5782,student/work/ex223_ex299_frontend_parallel_deep_20260614_0943/unknown-ex287-agent/ex287/verilog/ex287_deep_pairkey_residual_bdd_outer13.v,student/work/ex223_ex299_frontend_parallel_deep_20260614_0943/unknown-ex287-agent/ex287/aigs/ex287_deep_pairkey_residual_bdd_outer13.aig,student/work/ex223_ex299_frontend_parallel_deep_20260614_0943/unknown-ex287-agent/ex287/logs/ex287_deep_pairkey_residual_bdd_outer13.evaluate.py.log,student/frontend_campaigns/campaigns/ex223_ex299_frontend_parallel_deep_20260614_0943/agent_shards/unknown-ex287-agent/candidates.csv,builds residual out^key over the three-pair canonical key with invalid key states tied low,ex287_deep_pairkey_residual_bdd_outer13,hamming_weight_preserving_lossy_routing_normalizer,single residual BDD node pool over canonical pair key,student/work/ex223_ex299_frontend_parallel_deep_20260614_0943/unknown-ex287-agent/ex287/logs/ex287_deep_pairkey_residual_bdd_outer13.evaluate.py.log,pairkey_xor_residual_shared_bdd,abc_xf_official_evaluate,residual_bit_roots_recombined_with_key,1,27390,0,0,,,,,,,,,,,,,,,,,,,,,,,,,
unknown-ex287-agent,unknown,ex287,ex287_deep_raw_bdd_outside_in,ex287|non_PPT_structural_hypothesis|outside_in_raw_shared_bdd|single BDD node pool with outside-in variable order|yosys_abc_g_aig|abc_xf_official_evaluate|full_word_roots,,,outside_in_raw_shared_bdd,,yosys_abc_g_aig,,1,1741,23,40043,27390,5782,student/work/ex223_ex299_frontend_parallel_deep_20260614_0943/unknown-ex287-agent/ex287/verilog/ex287_deep_raw_bdd_outside_in.v,student/work/ex223_ex299_frontend_parallel_deep_20260614_0943/unknown-ex287-agent/ex287/aigs/ex287_deep_raw_bdd_outside_in.aig,student/work/ex223_ex299_frontend_parallel_deep_20260614_0943/unknown-ex287-agent/ex287/logs/ex287_deep_raw_bdd_outside_in.evaluate.py.log,student/frontend_campaigns/campaigns/ex223_ex299_frontend_parallel_deep_20260614_0943/agent_shards/unknown-ex287-agent/candidates.csv,raw full-word BDD with outside-in order; control family distinct from symcof class mux,ex287_deep_raw_bdd_outside_in,non_PPT_structural_hypothesis,single BDD node pool with outside-in variable order,student/work/ex223_ex299_frontend_parallel_deep_20260614_0943/unknown-ex287-agent/ex287/logs/ex287_deep_raw_bdd_outside_in.evaluate.py.log,outside_in_raw_shared_bdd,abc_xf_official_evaluate,full_word_roots,1,27390,0,0,,,,,,,,,,,,,,,,,,,,,,,,,
float-fp8-agent,float_fp8,ex240,ex240_deep_truth_bdd_fieldorder_abc_g_aig,ex240|E4M3FN packed add high byte plus low byte|shared truth-derived decision graph with FP8 field-major variable order|shared ROBDD nodes across all output bits|yosys_abc_g_aig|official_evaluate|decision_graph_full_word,,,shared truth-derived decision graph with FP8 field-major variable order,,,,1,2755,23,63365,,,student/work/ex223_ex299_frontend_parallel_deep_20260614_0943/float-fp8-agent/ex240/verilog/ex240_deep_truth_bdd_fieldorder.v,student/work/ex223_ex299_frontend_parallel_deep_20260614_0943/float-fp8-agent/ex240/aigs/ex240_deep_truth_bdd_fieldorder_abc_g_aig.aig,student/runs/float_fp8/ex223_ex299_frontend_parallel_deep_20260614_0943/float-fp8-agent/ex240/official_eval_logs/ex240_deep_truth_bdd_fieldorder_abc_g_aig.evaluate.py.log,student/frontend_campaigns/campaigns/ex223_ex299_frontend_parallel_deep_20260614_0943/agent_shards/float-fp8-agent/candidates.csv,flow=abc_g_aig; render_notes=truth_bdd_order=field_major_sign_exp_mant; nodes=1668; frontend_best_adp=26230; reference_adp=13299,ex240_deep_truth_bdd_fieldorder_abc_g_aig,E4M3FN packed add high byte plus low byte,shared ROBDD nodes across all output bits,student/runs/float_fp8/ex223_ex299_frontend_parallel_deep_20260614_0943/float-fp8-agent/ex240/official_eval_logs/ex240_deep_truth_bdd_fieldorder_abc_g_aig.evaluate.py.log,,,,,,,,,,,,,,,,,,,,,,,,,,,,,,,,
float-fp8-agent,float_fp8,ex241,ex241_deep_product_param_exception_default,ex241|E4M3FN packed multiply high byte times low byte|product exponent formula with compact rounding exception overlay|shared sign xor exponent sum and significand product|yosys_default|official_evaluate|formula_with_exception_overlay,,,product exponent formula with compact rounding exception overlay,,,,1,582,40,23280,,,student/work/ex223_ex299_frontend_parallel_deep_20260614_0943/float-fp8-agent/ex241/verilog/ex241_deep_product_param_exception.v,student/work/ex223_ex299_frontend_parallel_deep_20260614_0943/float-fp8-agent/ex241/aigs/ex241_deep_product_param_exception_default.aig,student/runs/float_fp8/ex223_ex299_frontend_parallel_deep_20260614_0943/float-fp8-agent/ex241/official_eval_logs/ex241_deep_product_param_exception_default.evaluate.py.log,student/frontend_campaigns/campaigns/ex223_ex299_frontend_parallel_deep_20260614_0943/agent_shards/float-fp8-agent/candidates.csv,flow=default; render_notes=; frontend_best_adp=14094; reference_adp=7224,ex241_deep_product_param_exception_default,E4M3FN packed multiply high byte times low byte,shared sign xor exponent sum and significand product,student/runs/float_fp8/ex223_ex299_frontend_parallel_deep_20260614_0943/float-fp8-agent/ex241/official_eval_logs/ex241_deep_product_param_exception_default.evaluate.py.log,,,,,,,,,,,,,,,,,,,,,,,,,,,,,,,,
float-fp8-agent,float_fp8,ex241,ex241_deep_product_param_exception_abc_g_aig,ex241|E4M3FN packed multiply high byte times low byte|product exponent formula with compact rounding exception overlay|shared sign xor exponent sum and significand product|yosys_abc_g_aig|official_evaluate|formula_with_exception_overlay,,,product exponent formula with compact rounding exception overlay,,,,1,577,40,23080,,,student/work/ex223_ex299_frontend_parallel_deep_20260614_0943/float-fp8-agent/ex241/verilog/ex241_deep_product_param_exception.v,student/work/ex223_ex299_frontend_parallel_deep_20260614_0943/float-fp8-agent/ex241/aigs/ex241_deep_product_param_exception_abc_g_aig.aig,student/runs/float_fp8/ex223_ex299_frontend_parallel_deep_20260614_0943/float-fp8-agent/ex241/official_eval_logs/ex241_deep_product_param_exception_abc_g_aig.evaluate.py.log,student/frontend_campaigns/campaigns/ex223_ex299_frontend_parallel_deep_20260614_0943/agent_shards/float-fp8-agent/candidates.csv,flow=abc_g_aig; render_notes=; frontend_best_adp=14094; reference_adp=7224,ex241_deep_product_param_exception_abc_g_aig,E4M3FN packed multiply high byte times low byte,shared sign xor exponent sum and significand product,student/runs/float_fp8/ex223_ex299_frontend_parallel_deep_20260614_0943/float-fp8-agent/ex241/official_eval_logs/ex241_deep_product_param_exception_abc_g_aig.evaluate.py.log,,,,,,,,,,,,,,,,,,,,,,,,,,,,,,,,
float-fp8-agent,float_fp8,ex241,ex241_deep_truth_bdd_fieldorder_abc_g_aig,ex241|E4M3FN packed multiply high byte times low byte|shared truth-derived decision graph with FP8 field-major variable order|shared ROBDD nodes across all output bits|yosys_abc_g_aig|official_evaluate|decision_graph_full_word,,,shared truth-derived decision graph with FP8 field-major variable order,,,,1,1498,21,31458,,,student/work/ex223_ex299_frontend_parallel_deep_20260614_0943/float-fp8-agent/ex241/verilog/ex241_deep_truth_bdd_fieldorder.v,student/work/ex223_ex299_frontend_parallel_deep_20260614_0943/float-fp8-agent/ex241/aigs/ex241_deep_truth_bdd_fieldorder_abc_g_aig.aig,student/runs/float_fp8/ex223_ex299_frontend_parallel_deep_20260614_0943/float-fp8-agent/ex241/official_eval_logs/ex241_deep_truth_bdd_fieldorder_abc_g_aig.evaluate.py.log,student/frontend_campaigns/campaigns/ex223_ex299_frontend_parallel_deep_20260614_0943/agent_shards/float-fp8-agent/candidates.csv,flow=abc_g_aig; render_notes=truth_bdd_order=field_major_sign_exp_mant; nodes=995; frontend_best_adp=14094; reference_adp=7224,ex241_deep_truth_bdd_fieldorder_abc_g_aig,E4M3FN packed multiply high byte times low byte,shared ROBDD nodes across all output bits,student/runs/float_fp8/ex223_ex299_frontend_parallel_deep_20260614_0943/float-fp8-agent/ex241/official_eval_logs/ex241_deep_truth_bdd_fieldorder_abc_g_aig.evaluate.py.log,,,,,,,,,,,,,,,,,,,,,,,,,,,,,,,,
float-fp8-agent,float_fp8,ex244,ex244_deep_maxeff_delta_sigfirst_default,"ex244|E4M3FN hypot abs high low|max-eff delta BDD with significand-first delta-node order|shared max/min decode, max_eff saturation context, delta BDD|yosys_default|official_evaluate|max_plus_delta",,,max-eff delta BDD with significand-first delta-node order,,,,1,351,40,14040,,,student/work/ex223_ex299_frontend_parallel_deep_20260614_0943/float-fp8-agent/ex244/verilog/ex244_deep_maxeff_delta_sigfirst.v,student/work/ex223_ex299_frontend_parallel_deep_20260614_0943/float-fp8-agent/ex244/aigs/ex244_deep_maxeff_delta_sigfirst_default.aig,student/runs/float_fp8/ex223_ex299_frontend_parallel_deep_20260614_0943/float-fp8-agent/ex244/official_eval_logs/ex244_deep_maxeff_delta_sigfirst_default.evaluate.py.log,student/frontend_campaigns/campaigns/ex223_ex299_frontend_parallel_deep_20260614_0943/agent_shards/float-fp8-agent/candidates.csv,flow=default; render_notes=; frontend_best_adp=9120; reference_adp=4272,ex244_deep_maxeff_delta_sigfirst_default,E4M3FN hypot abs high low,"shared max/min decode, max_eff saturation context, delta BDD",student/runs/float_fp8/ex223_ex299_frontend_parallel_deep_20260614_0943/float-fp8-agent/ex244/official_eval_logs/ex244_deep_maxeff_delta_sigfirst_default.evaluate.py.log,,,,,,,,,,,,,,,,,,,,,,,,,,,,,,,,
float-fp8-agent,float_fp8,ex244,ex244_deep_maxeff_delta_sigfirst_abc_g_aig,"ex244|E4M3FN hypot abs high low|max-eff delta BDD with significand-first delta-node order|shared max/min decode, max_eff saturation context, delta BDD|yosys_abc_g_aig|official_evaluate|max_plus_delta",,,max-eff delta BDD with significand-first delta-node order,,,,1,338,40,13520,,,student/work/ex223_ex299_frontend_parallel_deep_20260614_0943/float-fp8-agent/ex244/verilog/ex244_deep_maxeff_delta_sigfirst.v,student/work/ex223_ex299_frontend_parallel_deep_20260614_0943/float-fp8-agent/ex244/aigs/ex244_deep_maxeff_delta_sigfirst_abc_g_aig.aig,student/runs/float_fp8/ex223_ex299_frontend_parallel_deep_20260614_0943/float-fp8-agent/ex244/official_eval_logs/ex244_deep_maxeff_delta_sigfirst_abc_g_aig.evaluate.py.log,student/frontend_campaigns/campaigns/ex223_ex299_frontend_parallel_deep_20260614_0943/agent_shards/float-fp8-agent/candidates.csv,flow=abc_g_aig; render_notes=; frontend_best_adp=9120; reference_adp=4272,ex244_deep_maxeff_delta_sigfirst_abc_g_aig,E4M3FN hypot abs high low,"shared max/min decode, max_eff saturation context, delta BDD",student/runs/float_fp8/ex223_ex299_frontend_parallel_deep_20260614_0943/float-fp8-agent/ex244/official_eval_logs/ex244_deep_maxeff_delta_sigfirst_abc_g_aig.evaluate.py.log,,,,,,,,,,,,,,,,,,,,,,,,,,,,,,,,
float-fp8-agent,float_fp8,ex244,ex244_deep_threshold_maxeff_pack_default,ex244|E4M3FN hypot abs high low|max-eff threshold pack instead of BDD delta nodes|shared max/min decode and packed threshold predicates|yosys_default|official_evaluate|threshold_delta_predicate_bits,,,max-eff threshold pack instead of BDD delta nodes,,,,1,371,42,15582,,,student/work/ex223_ex299_frontend_parallel_deep_20260614_0943/float-fp8-agent/ex244/verilog/ex244_deep_threshold_maxeff_pack.v,student/work/ex223_ex299_frontend_parallel_deep_20260614_0943/float-fp8-agent/ex244/aigs/ex244_deep_threshold_maxeff_pack_default.aig,student/runs/float_fp8/ex223_ex299_frontend_parallel_deep_20260614_0943/float-fp8-agent/ex244/official_eval_logs/ex244_deep_threshold_maxeff_pack_default.evaluate.py.log,student/frontend_campaigns/campaigns/ex223_ex299_frontend_parallel_deep_20260614_0943/agent_shards/float-fp8-agent/candidates.csv,flow=default; render_notes=; frontend_best_adp=9120; reference_adp=4272,ex244_deep_threshold_maxeff_pack_default,E4M3FN hypot abs high low,shared max/min decode and packed threshold predicates,student/runs/float_fp8/ex223_ex299_frontend_parallel_deep_20260614_0943/float-fp8-agent/ex244/official_eval_logs/ex244_deep_threshold_maxeff_pack_default.evaluate.py.log,,,,,,,,,,,,,,,,,,,,,,,,,,,,,,,,
float-fp8-agent,float_fp8,ex244,ex244_deep_threshold_maxeff_pack_abc_g_aig,ex244|E4M3FN hypot abs high low|max-eff threshold pack instead of BDD delta nodes|shared max/min decode and packed threshold predicates|yosys_abc_g_aig|official_evaluate|threshold_delta_predicate_bits,,,max-eff threshold pack instead of BDD delta nodes,,,,1,362,42,15204,,,student/work/ex223_ex299_frontend_parallel_deep_20260614_0943/float-fp8-agent/ex244/verilog/ex244_deep_threshold_maxeff_pack.v,student/work/ex223_ex299_frontend_parallel_deep_20260614_0943/float-fp8-agent/ex244/aigs/ex244_deep_threshold_maxeff_pack_abc_g_aig.aig,student/runs/float_fp8/ex223_ex299_frontend_parallel_deep_20260614_0943/float-fp8-agent/ex244/official_eval_logs/ex244_deep_threshold_maxeff_pack_abc_g_aig.evaluate.py.log,student/frontend_campaigns/campaigns/ex223_ex299_frontend_parallel_deep_20260614_0943/agent_shards/float-fp8-agent/candidates.csv,flow=abc_g_aig; render_notes=; frontend_best_adp=9120; reference_adp=4272,ex244_deep_threshold_maxeff_pack_abc_g_aig,E4M3FN hypot abs high low,shared max/min decode and packed threshold predicates,student/runs/float_fp8/ex223_ex299_frontend_parallel_deep_20260614_0943/float-fp8-agent/ex244/official_eval_logs/ex244_deep_threshold_maxeff_pack_abc_g_aig.evaluate.py.log,,,,,,,,,,,,,,,,,,,,,,,,,,,,,,,,
float-fp8-agent,float_fp8,ex245,ex245_deep_gap4_local_norm_default,ex245|E5M2FN packed add high byte plus low byte|gap-limited local normalizer over active same/diff regions|shared sorted field decode and active-region local normalizer|yosys_default|official_evaluate|single_normalizer_full_output,,,gap-limited local normalizer over active same/diff regions,,,,1,613,71,43523,,,student/work/ex223_ex299_frontend_parallel_deep_20260614_0943/float-fp8-agent/ex245/verilog/ex245_deep_gap4_local_norm.v,student/work/ex223_ex299_frontend_parallel_deep_20260614_0943/float-fp8-agent/ex245/aigs/ex245_deep_gap4_local_norm_default.aig,student/runs/float_fp8/ex223_ex299_frontend_parallel_deep_20260614_0943/float-fp8-agent/ex245/official_eval_logs/ex245_deep_gap4_local_norm_default.evaluate.py.log,student/frontend_campaigns/campaigns/ex223_ex299_frontend_parallel_deep_20260614_0943/agent_shards/float-fp8-agent/candidates.csv,flow=default; render_notes=; frontend_best_adp=22077; reference_adp=11050,ex245_deep_gap4_local_norm_default,E5M2FN packed add high byte plus low byte,shared sorted field decode and active-region local normalizer,student/runs/float_fp8/ex223_ex299_frontend_parallel_deep_20260614_0943/float-fp8-agent/ex245/official_eval_logs/ex245_deep_gap4_local_norm_default.evaluate.py.log,,,,,,,,,,,,,,,,,,,,,,,,,,,,,,,,
float-fp8-agent,float_fp8,ex245,ex245_deep_gap4_local_norm_abc_g_aig,ex245|E5M2FN packed add high byte plus low byte|gap-limited local normalizer over active same/diff regions|shared sorted field decode and active-region local normalizer|yosys_abc_g_aig|official_evaluate|single_normalizer_full_output,,,gap-limited local normalizer over active same/diff regions,,,,1,602,70,42140,,,student/work/ex223_ex299_frontend_parallel_deep_20260614_0943/float-fp8-agent/ex245/verilog/ex245_deep_gap4_local_norm.v,student/work/ex223_ex299_frontend_parallel_deep_20260614_0943/float-fp8-agent/ex245/aigs/ex245_deep_gap4_local_norm_abc_g_aig.aig,student/runs/float_fp8/ex223_ex299_frontend_parallel_deep_20260614_0943/float-fp8-agent/ex245/official_eval_logs/ex245_deep_gap4_local_norm_abc_g_aig.evaluate.py.log,student/frontend_campaigns/campaigns/ex223_ex299_frontend_parallel_deep_20260614_0943/agent_shards/float-fp8-agent/candidates.csv,flow=abc_g_aig; render_notes=; frontend_best_adp=22077; reference_adp=11050,ex245_deep_gap4_local_norm_abc_g_aig,E5M2FN packed add high byte plus low byte,shared sorted field decode and active-region local normalizer,student/runs/float_fp8/ex223_ex299_frontend_parallel_deep_20260614_0943/float-fp8-agent/ex245/official_eval_logs/ex245_deep_gap4_local_norm_abc_g_aig.evaluate.py.log,,,,,,,,,,,,,,,,,,,,,,,,,,,,,,,,
float-fp8-agent,float_fp8,ex245,ex245_deep_truth_bdd_fieldorder_abc_g_aig,ex245|E5M2FN packed add high byte plus low byte|shared truth-derived decision graph with E5M2 field-major variable order|shared ROBDD nodes across all output bits|yosys_abc_g_aig|official_evaluate|decision_graph_full_word,,,shared truth-derived decision graph with E5M2 field-major variable order,,,,1,1497,23,34431,,,student/work/ex223_ex299_frontend_parallel_deep_20260614_0943/float-fp8-agent/ex245/verilog/ex245_deep_truth_bdd_fieldorder.v,student/work/ex223_ex299_frontend_parallel_deep_20260614_0943/float-fp8-agent/ex245/aigs/ex245_deep_truth_bdd_fieldorder_abc_g_aig.aig,student/runs/float_fp8/ex223_ex299_frontend_parallel_deep_20260614_0943/float-fp8-agent/ex245/official_eval_logs/ex245_deep_truth_bdd_fieldorder_abc_g_aig.evaluate.py.log,student/frontend_campaigns/campaigns/ex223_ex299_frontend_parallel_deep_20260614_0943/agent_shards/float-fp8-agent/candidates.csv,flow=abc_g_aig; render_notes=truth_bdd_order=field_major_sign_exp_mant; nodes=953; frontend_best_adp=22077; reference_adp=11050,ex245_deep_truth_bdd_fieldorder_abc_g_aig,E5M2FN packed add high byte plus low byte,shared ROBDD nodes across all output bits,student/runs/float_fp8/ex223_ex299_frontend_parallel_deep_20260614_0943/float-fp8-agent/ex245/official_eval_logs/ex245_deep_truth_bdd_fieldorder_abc_g_aig.evaluate.py.log,,,,,,,,,,,,,,,,,,,,,,,,,,,,,,,,
float-fp8-agent,float_fp8,ex246,ex246_deep_sigprodcode_seed12_default,ex246|E5M2FN packed multiply high byte times low byte|significand product-code table with seed12 unreachable completion|shared sign xor exponent sum and product-code boundary reassembly|yosys_default|official_evaluate|grouped_exp_mant_magnitude,,,significand product-code table with seed12 unreachable completion,,,,1,380,23,8740,,,student/work/ex223_ex299_frontend_parallel_deep_20260614_0943/float-fp8-agent/ex246/verilog/ex246_deep_sigprodcode_seed12.v,student/work/ex223_ex299_frontend_parallel_deep_20260614_0943/float-fp8-agent/ex246/aigs/ex246_deep_sigprodcode_seed12_default.aig,student/runs/float_fp8/ex223_ex299_frontend_parallel_deep_20260614_0943/float-fp8-agent/ex246/official_eval_logs/ex246_deep_sigprodcode_seed12_default.evaluate.py.log,student/frontend_campaigns/campaigns/ex223_ex299_frontend_parallel_deep_20260614_0943/agent_shards/float-fp8-agent/candidates.csv,flow=default; render_notes=; frontend_best_adp=6888; reference_adp=2805,ex246_deep_sigprodcode_seed12_default,E5M2FN packed multiply high byte times low byte,shared sign xor exponent sum and product-code boundary reassembly,student/runs/float_fp8/ex223_ex299_frontend_parallel_deep_20260614_0943/float-fp8-agent/ex246/official_eval_logs/ex246_deep_sigprodcode_seed12_default.evaluate.py.log,,,,,,,,,,,,,,,,,,,,,,,,,,,,,,,,
float-fp8-agent,float_fp8,ex246,ex246_deep_sigprodcode_seed12_abc_g_aig,ex246|E5M2FN packed multiply high byte times low byte|significand product-code table with seed12 unreachable completion|shared sign xor exponent sum and product-code boundary reassembly|yosys_abc_g_aig|official_evaluate|grouped_exp_mant_magnitude,,,significand product-code table with seed12 unreachable completion,,,,1,377,21,7917,,,student/work/ex223_ex299_frontend_parallel_deep_20260614_0943/float-fp8-agent/ex246/verilog/ex246_deep_sigprodcode_seed12.v,student/work/ex223_ex299_frontend_parallel_deep_20260614_0943/float-fp8-agent/ex246/aigs/ex246_deep_sigprodcode_seed12_abc_g_aig.aig,student/runs/float_fp8/ex223_ex299_frontend_parallel_deep_20260614_0943/float-fp8-agent/ex246/official_eval_logs/ex246_deep_sigprodcode_seed12_abc_g_aig.evaluate.py.log,student/frontend_campaigns/campaigns/ex223_ex299_frontend_parallel_deep_20260614_0943/agent_shards/float-fp8-agent/candidates.csv,flow=abc_g_aig; render_notes=; frontend_best_adp=6888; reference_adp=2805,ex246_deep_sigprodcode_seed12_abc_g_aig,E5M2FN packed multiply high byte times low byte,shared sign xor exponent sum and product-code boundary reassembly,student/runs/float_fp8/ex223_ex299_frontend_parallel_deep_20260614_0943/float-fp8-agent/ex246/official_eval_logs/ex246_deep_sigprodcode_seed12_abc_g_aig.evaluate.py.log,,,,,,,,,,,,,,,,,,,,,,,,,,,,,,,,
float-fp8-agent,float_fp8,ex246,ex246_deep_product_qclass_smallpat_default,ex246|E5M2FN packed multiply high byte times low byte|product quotient-class small-pattern low-boundary recut|shared product attributes plus low underflow pattern decoder|yosys_default|official_evaluate|grouped_product_boundary,,,product quotient-class small-pattern low-boundary recut,,,,1,329,34,11186,,,student/work/ex223_ex299_frontend_parallel_deep_20260614_0943/float-fp8-agent/ex246/verilog/ex246_deep_product_qclass_smallpat.v,student/work/ex223_ex299_frontend_parallel_deep_20260614_0943/float-fp8-agent/ex246/aigs/ex246_deep_product_qclass_smallpat_default.aig,student/runs/float_fp8/ex223_ex299_frontend_parallel_deep_20260614_0943/float-fp8-agent/ex246/official_eval_logs/ex246_deep_product_qclass_smallpat_default.evaluate.py.log,student/frontend_campaigns/campaigns/ex223_ex299_frontend_parallel_deep_20260614_0943/agent_shards/float-fp8-agent/candidates.csv,flow=default; render_notes=; frontend_best_adp=6888; reference_adp=2805,ex246_deep_product_qclass_smallpat_default,E5M2FN packed multiply high byte times low byte,shared product attributes plus low underflow pattern decoder,student/runs/float_fp8/ex223_ex299_frontend_parallel_deep_20260614_0943/float-fp8-agent/ex246/official_eval_logs/ex246_deep_product_qclass_smallpat_default.evaluate.py.log,,,,,,,,,,,,,,,,,,,,,,,,,,,,,,,,
float-fp8-agent,float_fp8,ex246,ex246_deep_product_qclass_smallpat_abc_g_aig,ex246|E5M2FN packed multiply high byte times low byte|product quotient-class small-pattern low-boundary recut|shared product attributes plus low underflow pattern decoder|yosys_abc_g_aig|official_evaluate|grouped_product_boundary,,,product quotient-class small-pattern low-boundary recut,,,,1,315,34,10710,,,student/work/ex223_ex299_frontend_parallel_deep_20260614_0943/float-fp8-agent/ex246/verilog/ex246_deep_product_qclass_smallpat.v,student/work/ex223_ex299_frontend_parallel_deep_20260614_0943/float-fp8-agent/ex246/aigs/ex246_deep_product_qclass_smallpat_abc_g_aig.aig,student/runs/float_fp8/ex223_ex299_frontend_parallel_deep_20260614_0943/float-fp8-agent/ex246/official_eval_logs/ex246_deep_product_qclass_smallpat_abc_g_aig.evaluate.py.log,student/frontend_campaigns/campaigns/ex223_ex299_frontend_parallel_deep_20260614_0943/agent_shards/float-fp8-agent/candidates.csv,flow=abc_g_aig; render_notes=; frontend_best_adp=6888; reference_adp=2805,ex246_deep_product_qclass_smallpat_abc_g_aig,E5M2FN packed multiply high byte times low byte,shared product attributes plus low underflow pattern decoder,student/runs/float_fp8/ex223_ex299_frontend_parallel_deep_20260614_0943/float-fp8-agent/ex246/official_eval_logs/ex246_deep_product_qclass_smallpat_abc_g_aig.evaluate.py.log,,,,,,,,,,,,,,,,,,,,,,,,,,,,,,,,
float-fp8-agent,float_fp8,ex247,ex247_deep_bound_smallpat_flat_default,ex247|E5M2FN packed low-over-high division|flat bound-smallpat boundary attributes|shared sign exponent delta sigpair predicates and low-pattern decoder|yosys_default|official_evaluate|region_grouped_magnitude_flat,,,flat bound-smallpat boundary attributes,,,,1,407,26,10582,,,student/work/ex223_ex299_frontend_parallel_deep_20260614_0943/float-fp8-agent/ex247/verilog/ex247_deep_bound_smallpat_flat.v,student/work/ex223_ex299_frontend_parallel_deep_20260614_0943/float-fp8-agent/ex247/aigs/ex247_deep_bound_smallpat_flat_default.aig,student/runs/float_fp8/ex223_ex299_frontend_parallel_deep_20260614_0943/float-fp8-agent/ex247/official_eval_logs/ex247_deep_bound_smallpat_flat_default.evaluate.py.log,student/frontend_campaigns/campaigns/ex223_ex299_frontend_parallel_deep_20260614_0943/agent_shards/float-fp8-agent/candidates.csv,flow=default; render_notes=; frontend_best_adp=7291; reference_adp=2975,ex247_deep_bound_smallpat_flat_default,E5M2FN packed low-over-high division,shared sign exponent delta sigpair predicates and low-pattern decoder,student/runs/float_fp8/ex223_ex299_frontend_parallel_deep_20260614_0943/float-fp8-agent/ex247/official_eval_logs/ex247_deep_bound_smallpat_flat_default.evaluate.py.log,,,,,,,,,,,,,,,,,,,,,,,,,,,,,,,,
float-fp8-agent,float_fp8,ex247,ex247_deep_bound_smallpat_flat_abc_g_aig,ex247|E5M2FN packed low-over-high division|flat bound-smallpat boundary attributes|shared sign exponent delta sigpair predicates and low-pattern decoder|yosys_abc_g_aig|official_evaluate|region_grouped_magnitude_flat,,,flat bound-smallpat boundary attributes,,,,1,402,26,10452,,,student/work/ex223_ex299_frontend_parallel_deep_20260614_0943/float-fp8-agent/ex247/verilog/ex247_deep_bound_smallpat_flat.v,student/work/ex223_ex299_frontend_parallel_deep_20260614_0943/float-fp8-agent/ex247/aigs/ex247_deep_bound_smallpat_flat_abc_g_aig.aig,student/runs/float_fp8/ex223_ex299_frontend_parallel_deep_20260614_0943/float-fp8-agent/ex247/official_eval_logs/ex247_deep_bound_smallpat_flat_abc_g_aig.evaluate.py.log,student/frontend_campaigns/campaigns/ex223_ex299_frontend_parallel_deep_20260614_0943/agent_shards/float-fp8-agent/candidates.csv,flow=abc_g_aig; render_notes=; frontend_best_adp=7291; reference_adp=2975,ex247_deep_bound_smallpat_flat_abc_g_aig,E5M2FN packed low-over-high division,shared sign exponent delta sigpair predicates and low-pattern decoder,student/runs/float_fp8/ex223_ex299_frontend_parallel_deep_20260614_0943/float-fp8-agent/ex247/official_eval_logs/ex247_deep_bound_smallpat_flat_abc_g_aig.evaluate.py.log,,,,,,,,,,,,,,,,,,,,,,,,,,,,,,,,
float-fp8-agent,float_fp8,ex247,ex247_deep_qclass_smallpat_nested_default,ex247|E5M2FN packed low-over-high division|denominator-nested quotient-class small residual pattern|shared denominator decode and quotient-class low-pattern decoder|yosys_default|official_evaluate|nested_quotient_class,,,denominator-nested quotient-class small residual pattern,,,,1,343,30,10290,,,student/work/ex223_ex299_frontend_parallel_deep_20260614_0943/float-fp8-agent/ex247/verilog/ex247_deep_qclass_smallpat_nested.v,student/work/ex223_ex299_frontend_parallel_deep_20260614_0943/float-fp8-agent/ex247/aigs/ex247_deep_qclass_smallpat_nested_default.aig,student/runs/float_fp8/ex223_ex299_frontend_parallel_deep_20260614_0943/float-fp8-agent/ex247/official_eval_logs/ex247_deep_qclass_smallpat_nested_default.evaluate.py.log,student/frontend_campaigns/campaigns/ex223_ex299_frontend_parallel_deep_20260614_0943/agent_shards/float-fp8-agent/candidates.csv,flow=default; render_notes=; frontend_best_adp=7291; reference_adp=2975,ex247_deep_qclass_smallpat_nested_default,E5M2FN packed low-over-high division,shared denominator decode and quotient-class low-pattern decoder,student/runs/float_fp8/ex223_ex299_frontend_parallel_deep_20260614_0943/float-fp8-agent/ex247/official_eval_logs/ex247_deep_qclass_smallpat_nested_default.evaluate.py.log,,,,,,,,,,,,,,,,,,,,,,,,,,,,,,,,
float-fp8-agent,float_fp8,ex247,ex247_deep_qclass_smallpat_nested_abc_g_aig,ex247|E5M2FN packed low-over-high division|denominator-nested quotient-class small residual pattern|shared denominator decode and quotient-class low-pattern decoder|yosys_abc_g_aig|official_evaluate|nested_quotient_class,,,denominator-nested quotient-class small residual pattern,,,,1,339,30,10170,,,student/work/ex223_ex299_frontend_parallel_deep_20260614_0943/float-fp8-agent/ex247/verilog/ex247_deep_qclass_smallpat_nested.v,student/work/ex223_ex299_frontend_parallel_deep_20260614_0943/float-fp8-agent/ex247/aigs/ex247_deep_qclass_smallpat_nested_abc_g_aig.aig,student/runs/float_fp8/ex223_ex299_frontend_parallel_deep_20260614_0943/float-fp8-agent/ex247/official_eval_logs/ex247_deep_qclass_smallpat_nested_abc_g_aig.evaluate.py.log,student/frontend_campaigns/campaigns/ex223_ex299_frontend_parallel_deep_20260614_0943/agent_shards/float-fp8-agent/candidates.csv,flow=abc_g_aig; render_notes=; frontend_best_adp=7291; reference_adp=2975,ex247_deep_qclass_smallpat_nested_abc_g_aig,E5M2FN packed low-over-high division,shared denominator decode and quotient-class low-pattern decoder,student/runs/float_fp8/ex223_ex299_frontend_parallel_deep_20260614_0943/float-fp8-agent/ex247/official_eval_logs/ex247_deep_qclass_smallpat_nested_abc_g_aig.evaluate.py.log,,,,,,,,,,,,,,,,,,,,,,,,,,,,,,,,
float-fp8-agent,float_fp8,ex248,ex248_deep_periodic_formula_norm_default,ex248|E5M2FN packed fmod low mod high|periodic remainder with formula normalizer|shared divisor-period remainder and formula normalization path|yosys_default|official_evaluate|formula_normalizer_full_output,,,periodic remainder with formula normalizer,,,,1,296,35,10360,,,student/work/ex223_ex299_frontend_parallel_deep_20260614_0943/float-fp8-agent/ex248/verilog/ex248_deep_periodic_formula_norm.v,student/work/ex223_ex299_frontend_parallel_deep_20260614_0943/float-fp8-agent/ex248/aigs/ex248_deep_periodic_formula_norm_default.aig,student/runs/float_fp8/ex223_ex299_frontend_parallel_deep_20260614_0943/float-fp8-agent/ex248/official_eval_logs/ex248_deep_periodic_formula_norm_default.evaluate.py.log,student/frontend_campaigns/campaigns/ex223_ex299_frontend_parallel_deep_20260614_0943/agent_shards/float-fp8-agent/candidates.csv,flow=default; render_notes=; frontend_best_adp=7938; reference_adp=4180,ex248_deep_periodic_formula_norm_default,E5M2FN packed fmod low mod high,shared divisor-period remainder and formula normalization path,student/runs/float_fp8/ex223_ex299_frontend_parallel_deep_20260614_0943/float-fp8-agent/ex248/official_eval_logs/ex248_deep_periodic_formula_norm_default.evaluate.py.log,,,,,,,,,,,,,,,,,,,,,,,,,,,,,,,,
float-fp8-agent,float_fp8,ex248,ex248_deep_periodic_formula_norm_abc_g_aig,ex248|E5M2FN packed fmod low mod high|periodic remainder with formula normalizer|shared divisor-period remainder and formula normalization path|yosys_abc_g_aig|official_evaluate|formula_normalizer_full_output,,,periodic remainder with formula normalizer,,,,1,286,35,10010,,,student/work/ex223_ex299_frontend_parallel_deep_20260614_0943/float-fp8-agent/ex248/verilog/ex248_deep_periodic_formula_norm.v,student/work/ex223_ex299_frontend_parallel_deep_20260614_0943/float-fp8-agent/ex248/aigs/ex248_deep_periodic_formula_norm_abc_g_aig.aig,student/runs/float_fp8/ex223_ex299_frontend_parallel_deep_20260614_0943/float-fp8-agent/ex248/official_eval_logs/ex248_deep_periodic_formula_norm_abc_g_aig.evaluate.py.log,student/frontend_campaigns/campaigns/ex223_ex299_frontend_parallel_deep_20260614_0943/agent_shards/float-fp8-agent/candidates.csv,flow=abc_g_aig; render_notes=; frontend_best_adp=7938; reference_adp=4180,ex248_deep_periodic_formula_norm_abc_g_aig,E5M2FN packed fmod low mod high,shared divisor-period remainder and formula normalization path,student/runs/float_fp8/ex223_ex299_frontend_parallel_deep_20260614_0943/float-fp8-agent/ex248/official_eval_logs/ex248_deep_periodic_formula_norm_abc_g_aig.evaluate.py.log,,,,,,,,,,,,,,,,,,,,,,,,,,,,,,,,
float-fp8-agent,float_fp8,ex248,ex248_deep_modsig_nested_delta_default,"ex248|E5M2FN packed fmod low mod high|delta-major modular-significand nested remainder table|shared exponent delta, divisor significand, and remainder normalizer|yosys_default|official_evaluate|delta_remainder_shared_table",,,delta-major modular-significand nested remainder table,,,,1,516,31,15996,,,student/work/ex223_ex299_frontend_parallel_deep_20260614_0943/float-fp8-agent/ex248/verilog/ex248_deep_modsig_nested_delta.v,student/work/ex223_ex299_frontend_parallel_deep_20260614_0943/float-fp8-agent/ex248/aigs/ex248_deep_modsig_nested_delta_default.aig,student/runs/float_fp8/ex223_ex299_frontend_parallel_deep_20260614_0943/float-fp8-agent/ex248/official_eval_logs/ex248_deep_modsig_nested_delta_default.evaluate.py.log,student/frontend_campaigns/campaigns/ex223_ex299_frontend_parallel_deep_20260614_0943/agent_shards/float-fp8-agent/candidates.csv,flow=default; render_notes=; frontend_best_adp=7938; reference_adp=4180,ex248_deep_modsig_nested_delta_default,E5M2FN packed fmod low mod high,"shared exponent delta, divisor significand, and remainder normalizer",student/runs/float_fp8/ex223_ex299_frontend_parallel_deep_20260614_0943/float-fp8-agent/ex248/official_eval_logs/ex248_deep_modsig_nested_delta_default.evaluate.py.log,,,,,,,,,,,,,,,,,,,,,,,,,,,,,,,,
float-fp8-agent,float_fp8,ex248,ex248_deep_modsig_nested_delta_abc_g_aig,"ex248|E5M2FN packed fmod low mod high|delta-major modular-significand nested remainder table|shared exponent delta, divisor significand, and remainder normalizer|yosys_abc_g_aig|official_evaluate|delta_remainder_shared_table",,,delta-major modular-significand nested remainder table,,,,1,508,31,15748,,,student/work/ex223_ex299_frontend_parallel_deep_20260614_0943/float-fp8-agent/ex248/verilog/ex248_deep_modsig_nested_delta.v,student/work/ex223_ex299_frontend_parallel_deep_20260614_0943/float-fp8-agent/ex248/aigs/ex248_deep_modsig_nested_delta_abc_g_aig.aig,student/runs/float_fp8/ex223_ex299_frontend_parallel_deep_20260614_0943/float-fp8-agent/ex248/official_eval_logs/ex248_deep_modsig_nested_delta_abc_g_aig.evaluate.py.log,student/frontend_campaigns/campaigns/ex223_ex299_frontend_parallel_deep_20260614_0943/agent_shards/float-fp8-agent/candidates.csv,flow=abc_g_aig; render_notes=; frontend_best_adp=7938; reference_adp=4180,ex248_deep_modsig_nested_delta_abc_g_aig,E5M2FN packed fmod low mod high,"shared exponent delta, divisor significand, and remainder normalizer",student/runs/float_fp8/ex223_ex299_frontend_parallel_deep_20260614_0943/float-fp8-agent/ex248/official_eval_logs/ex248_deep_modsig_nested_delta_abc_g_aig.evaluate.py.log,,,,,,,,,,,,,,,,,,,,,,,,,,,,,,,,
float-fp8-agent,float_fp8,ex249,ex249_deep_threshold_case_delta_default,"ex249|E5M2FN hypot abs high low|threshold-case delta classification keyed by active gap and significands|shared max/min decode, active-gap, and saturation guard|yosys_default|official_evaluate|threshold_delta_predicate_bits",,,threshold-case delta classification keyed by active gap and significands,,,,1,185,30,5550,,,student/work/ex223_ex299_frontend_parallel_deep_20260614_0943/float-fp8-agent/ex249/verilog/ex249_deep_threshold_case_delta.v,student/work/ex223_ex299_frontend_parallel_deep_20260614_0943/float-fp8-agent/ex249/aigs/ex249_deep_threshold_case_delta_default.aig,student/runs/float_fp8/ex223_ex299_frontend_parallel_deep_20260614_0943/float-fp8-agent/ex249/official_eval_logs/ex249_deep_threshold_case_delta_default.evaluate.py.log,student/frontend_campaigns/campaigns/ex223_ex299_frontend_parallel_deep_20260614_0943/agent_shards/float-fp8-agent/candidates.csv,flow=default; render_notes=; frontend_best_adp=4342; reference_adp=2079,ex249_deep_threshold_case_delta_default,E5M2FN hypot abs high low,"shared max/min decode, active-gap, and saturation guard",student/runs/float_fp8/ex223_ex299_frontend_parallel_deep_20260614_0943/float-fp8-agent/ex249/official_eval_logs/ex249_deep_threshold_case_delta_default.evaluate.py.log,,,,,,,,,,,,,,,,,,,,,,,,,,,,,,,,
float-fp8-agent,float_fp8,ex249,ex249_deep_threshold_case_delta_abc_g_aig,"ex249|E5M2FN hypot abs high low|threshold-case delta classification keyed by active gap and significands|shared max/min decode, active-gap, and saturation guard|yosys_abc_g_aig|official_evaluate|threshold_delta_predicate_bits",,,threshold-case delta classification keyed by active gap and significands,,,,1,177,30,5310,,,student/work/ex223_ex299_frontend_parallel_deep_20260614_0943/float-fp8-agent/ex249/verilog/ex249_deep_threshold_case_delta.v,student/work/ex223_ex299_frontend_parallel_deep_20260614_0943/float-fp8-agent/ex249/aigs/ex249_deep_threshold_case_delta_abc_g_aig.aig,student/runs/float_fp8/ex223_ex299_frontend_parallel_deep_20260614_0943/float-fp8-agent/ex249/official_eval_logs/ex249_deep_threshold_case_delta_abc_g_aig.evaluate.py.log,student/frontend_campaigns/campaigns/ex223_ex299_frontend_parallel_deep_20260614_0943/agent_shards/float-fp8-agent/candidates.csv,flow=abc_g_aig; render_notes=; frontend_best_adp=4342; reference_adp=2079,ex249_deep_threshold_case_delta_abc_g_aig,E5M2FN hypot abs high low,"shared max/min decode, active-gap, and saturation guard",student/runs/float_fp8/ex223_ex299_frontend_parallel_deep_20260614_0943/float-fp8-agent/ex249/official_eval_logs/ex249_deep_threshold_case_delta_abc_g_aig.evaluate.py.log,,,,,,,,,,,,,,,,,,,,,,,,,,,,,,,,
float-fp8-agent,float_fp8,ex249,ex249_deep_truth_bdd_fieldorder_abc_g_aig,ex249|E5M2FN hypot abs high low|shared truth-derived decision graph with E5M2 field-major variable order|shared ROBDD nodes across all output bits|yosys_abc_g_aig|official_evaluate|decision_graph_full_word,,,shared truth-derived decision graph with E5M2 field-major variable order,,,,1,411,23,9453,,,student/work/ex223_ex299_frontend_parallel_deep_20260614_0943/float-fp8-agent/ex249/verilog/ex249_deep_truth_bdd_fieldorder.v,student/work/ex223_ex299_frontend_parallel_deep_20260614_0943/float-fp8-agent/ex249/aigs/ex249_deep_truth_bdd_fieldorder_abc_g_aig.aig,student/runs/float_fp8/ex223_ex299_frontend_parallel_deep_20260614_0943/float-fp8-agent/ex249/official_eval_logs/ex249_deep_truth_bdd_fieldorder_abc_g_aig.evaluate.py.log,student/frontend_campaigns/campaigns/ex223_ex299_frontend_parallel_deep_20260614_0943/agent_shards/float-fp8-agent/candidates.csv,flow=abc_g_aig; render_notes=truth_bdd_order=field_major_sign_exp_mant; nodes=247; frontend_best_adp=4342; reference_adp=2079,ex249_deep_truth_bdd_fieldorder_abc_g_aig,E5M2FN hypot abs high low,shared ROBDD nodes across all output bits,student/runs/float_fp8/ex223_ex299_frontend_parallel_deep_20260614_0943/float-fp8-agent/ex249/official_eval_logs/ex249_deep_truth_bdd_fieldorder_abc_g_aig.evaluate.py.log,,,,,,,,,,,,,,,,,,,,,,,,,,,,,,,,
unknown-state-agent,unknown,ex292,ex292_deep_quad_mirror_residue_bdd,ex292|global state/permutation-like transform|fresh grouped scalar BDD root pools|quad mirror-residue output groups with outside-in input order|abc_g_aig|official_evaluate_py|groups_0_4_9_13__1_5_8_12__2_6_7_11__3_10,,,fresh grouped scalar BDD root pools,,abc_g_aig,,1,6741,21,141561,,84854,student/work/ex223_ex299_frontend_parallel_deep_20260614_0943/unknown-state-agent/ex292/verilog/ex292_deep_quad_mirror_residue_bdd.v,student/work/ex223_ex299_frontend_parallel_deep_20260614_0943/unknown-state-agent/ex292/aigs/ex292_deep_quad_mirror_residue_bdd.aig,student/work/ex223_ex299_frontend_parallel_deep_20260614_0943/unknown-state-agent/ex292/logs/ex292_deep_quad_mirror_residue_bdd.evaluate.py.log,student/frontend_campaigns/campaigns/ex223_ex299_frontend_parallel_deep_20260614_0943/agent_shards/unknown-state-agent/candidates.csv,"official evaluate.py OK; source_stats={'python_model_exact': True, 'vector_count': 16384, 'bdd_nodes': 5048, 'groups': [[0, 4, 9, 13], [1, 5, 8, 12], [2, 6, 7, 11], [3, 10]], 'order': [0, 13, 1, 12, 2, 11, 3, 10, 4, 9, 5, 8, 6, 7], 'line_count': 5067}; synth_sec=2.495; eval_sec=0.388",ex292_deep_quad_mirror_residue_bdd,global state/permutation-like transform,quad mirror-residue output groups with outside-in input order,student/work/ex223_ex299_frontend_parallel_deep_20260614_0943/unknown-state-agent/ex292/logs/ex292_deep_quad_mirror_residue_bdd.evaluate.py.log,,official_truth_exact_bdd_roots,groups_0_4_9_13__1_5_8_12__2_6_7_11__3_10,,,,0,ex223_ex299_frontend_parallel_deep_20260614_0943,global_state_permutation_like_transform,student/work/ex223_ex299_frontend_parallel_deep_20260614_0943/unknown-state-agent/ex292/logs/ex292_deep_quad_mirror_residue_bdd.yosys.log,student/work/ex223_ex299_frontend_parallel_deep_20260614_0943/unknown-state-agent/ex292/official_outputs/ex292_deep_quad_mirror_residue_bdd,1,135780,102158,0,0,2.892,,,,,,,,,,,,,,,
unknown-state-agent,unknown,ex292,ex292_deep_mod4_adjacent_descriptor_mux,ex292|global state output-plane cofactor|exact source-body mux between mod4-plane and adjacent-pair BDD bodies|endpoint/center parity descriptor selects adjacent-pair body for six edge/mid roots|abc_g_aig|official_evaluate_py|selected_bits_0_1_6_7_12_13,,,exact source-body mux between mod4-plane and adjacent-pair BDD bodies,,abc_g_aig,,1,6758,21,141918,,84854,student/work/ex223_ex299_frontend_parallel_deep_20260614_0943/unknown-state-agent/ex292/verilog/ex292_deep_mod4_adjacent_descriptor_mux.v,student/work/ex223_ex299_frontend_parallel_deep_20260614_0943/unknown-state-agent/ex292/aigs/ex292_deep_mod4_adjacent_descriptor_mux.aig,student/work/ex223_ex299_frontend_parallel_deep_20260614_0943/unknown-state-agent/ex292/logs/ex292_deep_mod4_adjacent_descriptor_mux.evaluate.py.log,student/frontend_campaigns/campaigns/ex223_ex299_frontend_parallel_deep_20260614_0943/agent_shards/unknown-state-agent/candidates.csv,"official evaluate.py OK; source_stats={'selected_bits': [0, 1, 6, 7, 12, 13], 'selector': ['  wire [5:0] edge_pair = {in[0] ^ in[13], in[1] ^ in[12], in[2] ^ in[11], in[3] ^ in[10], in[4] ^ in[9], in[5] ^ in[8]};', '  wire route_sel = (edge_pair[0] & edge_pair[5]) ^ (edge_pair[1] & edge_pair[4]) ^ edge_pair[2] ^ edge_pair[3];']}; synth_sec=3.642; eval_sec=0.392",ex292_deep_mod4_adjacent_descriptor_mux,global state output-plane cofactor,endpoint/center parity descriptor selects adjacent-pair body for six edge/mid roots,student/work/ex223_ex299_frontend_parallel_deep_20260614_0943/unknown-state-agent/ex292/logs/ex292_deep_mod4_adjacent_descriptor_mux.evaluate.py.log,,two exact frontend sources muxed by descriptor,selected_bits_0_1_6_7_12_13,,,,0,ex223_ex299_frontend_parallel_deep_20260614_0943,global_state_permutation_like_transform,student/work/ex223_ex299_frontend_parallel_deep_20260614_0943/unknown-state-agent/ex292/logs/ex292_deep_mod4_adjacent_descriptor_mux.yosys.log,student/work/ex223_ex299_frontend_parallel_deep_20260614_0943/unknown-state-agent/ex292/official_outputs/ex292_deep_mod4_adjacent_descriptor_mux,1,135780,102158,0,0,4.058,,,,,,,,,,,,,,,
unknown-state-agent,unknown,ex292,ex292_deep_quad_mirror_residue_bdd_d20,ex292|global state/permutation-like transform|fresh grouped scalar BDD root pools with delay-targeted frontend synthesis|quad mirror-residue output groups with outside-in input order|abc_g_aig_d20|official_evaluate_py|groups_0_4_9_13__1_5_8_12__2_6_7_11__3_10,,,fresh grouped scalar BDD root pools with delay-targeted frontend synthesis,,abc_g_aig_d20,,1,6741,21,141561,,84854,student/work/ex223_ex299_frontend_parallel_deep_20260614_0943/unknown-state-agent/ex292/verilog/ex292_deep_quad_mirror_residue_bdd_d20.v,student/work/ex223_ex299_frontend_parallel_deep_20260614_0943/unknown-state-agent/ex292/aigs/ex292_deep_quad_mirror_residue_bdd_d20.aig,student/work/ex223_ex299_frontend_parallel_deep_20260614_0943/unknown-state-agent/ex292/logs/ex292_deep_quad_mirror_residue_bdd_d20.evaluate.py.log,student/frontend_campaigns/campaigns/ex223_ex299_frontend_parallel_deep_20260614_0943/agent_shards/unknown-state-agent/candidates.csv,"official evaluate.py OK; source_stats={'python_model_exact': True, 'vector_count': 16384, 'bdd_nodes': 5048, 'groups': [[0, 4, 9, 13], [1, 5, 8, 12], [2, 6, 7, 11], [3, 10]], 'order': [0, 13, 1, 12, 2, 11, 3, 10, 4, 9, 5, 8, 6, 7], 'line_count': 5067}; synth_sec=2.483; eval_sec=0.389",ex292_deep_quad_mirror_residue_bdd_d20,global state/permutation-like transform,quad mirror-residue output groups with outside-in input order,student/work/ex223_ex299_frontend_parallel_deep_20260614_0943/unknown-state-agent/ex292/logs/ex292_deep_quad_mirror_residue_bdd_d20.evaluate.py.log,,official_truth_exact_bdd_roots,groups_0_4_9_13__1_5_8_12__2_6_7_11__3_10,,,,0,ex223_ex299_frontend_parallel_deep_20260614_0943,global_state_permutation_like_transform,student/work/ex223_ex299_frontend_parallel_deep_20260614_0943/unknown-state-agent/ex292/logs/ex292_deep_quad_mirror_residue_bdd_d20.yosys.log,student/work/ex223_ex299_frontend_parallel_deep_20260614_0943/unknown-state-agent/ex292/official_outputs/ex292_deep_quad_mirror_residue_bdd_d20,1,135780,102158,0,0,2.881,,,,,,,,,,,,,,,
unknown-state-agent,unknown,ex294,ex294_deep_blockpair_grouped_bdd,ex294|block-pair output planes expose shared global-state roots|fresh grouped scalar BDD root pools|four symmetric two-pair output blocks with outside-in input order|abc_g_aig|official_evaluate_py|groups_0_1_14_15__2_3_12_13__4_5_10_11__6_7_8_9,,,fresh grouped scalar BDD root pools,,abc_g_aig,,1,10841,25,271025,,133365,student/work/ex223_ex299_frontend_parallel_deep_20260614_0943/unknown-state-agent/ex294/verilog/ex294_deep_blockpair_grouped_bdd.v,student/work/ex223_ex299_frontend_parallel_deep_20260614_0943/unknown-state-agent/ex294/aigs/ex294_deep_blockpair_grouped_bdd.aig,student/work/ex223_ex299_frontend_parallel_deep_20260614_0943/unknown-state-agent/ex294/logs/ex294_deep_blockpair_grouped_bdd.evaluate.py.log,student/frontend_campaigns/campaigns/ex223_ex299_frontend_parallel_deep_20260614_0943/agent_shards/unknown-state-agent/candidates.csv,"official evaluate.py OK; source_stats={'python_model_exact': True, 'vector_count': 65536, 'bdd_nodes': 8330, 'groups': [[0, 1, 14, 15], [2, 3, 12, 13], [4, 5, 10, 11], [6, 7, 8, 9]], 'order': [0, 15, 1, 14, 2, 13, 3, 12, 4, 11, 5, 10, 6, 9, 7, 8], 'line_count': 8351}; synth_sec=4.693; eval_sec=1.674",ex294_deep_blockpair_grouped_bdd,block-pair output planes expose shared global-state roots,four symmetric two-pair output blocks with outside-in input order,student/work/ex223_ex299_frontend_parallel_deep_20260614_0943/unknown-state-agent/ex294/logs/ex294_deep_blockpair_grouped_bdd.evaluate.py.log,,official_truth_exact_bdd_roots,groups_0_1_14_15__2_3_12_13__4_5_10_11__6_7_8_9,,,,0,ex223_ex299_frontend_parallel_deep_20260614_0943,global_state_permutation_like_transform,student/work/ex223_ex299_frontend_parallel_deep_20260614_0943/unknown-state-agent/ex294/logs/ex294_deep_blockpair_grouped_bdd.yosys.log,student/work/ex223_ex299_frontend_parallel_deep_20260614_0943/unknown-state-agent/ex294/official_outputs/ex294_deep_blockpair_grouped_bdd,1,234608,165570,0,0,6.377,,,,,,,,,,,,,,,
unknown-state-agent,unknown,ex294,ex294_deep_octant_odd_plane_descriptor,ex294|octant descriptor can cofactor odd output planes|octant descriptor source mux|endpoint/midpoint octant descriptor selects mod4 body for odd roots|abc_g_aig|official_evaluate_py|odd_plane_1_3_5_7_9_11_13_15,,,octant descriptor source mux,,abc_g_aig,,1,10789,23,248147,,133365,student/work/ex223_ex299_frontend_parallel_deep_20260614_0943/unknown-state-agent/ex294/verilog/ex294_deep_octant_odd_plane_descriptor.v,student/work/ex223_ex299_frontend_parallel_deep_20260614_0943/unknown-state-agent/ex294/aigs/ex294_deep_octant_odd_plane_descriptor.aig,student/work/ex223_ex299_frontend_parallel_deep_20260614_0943/unknown-state-agent/ex294/logs/ex294_deep_octant_odd_plane_descriptor.evaluate.py.log,student/frontend_campaigns/campaigns/ex223_ex299_frontend_parallel_deep_20260614_0943/agent_shards/unknown-state-agent/candidates.csv,"official evaluate.py OK; source_stats={'selected_bits': [1, 3, 5, 7, 9, 11, 13, 15], 'selector': ['  wire [7:0] octant = {in[0] ^ in[15], in[1] ^ in[14], in[2] ^ in[13], in[3] ^ in[12], in[4] ^ in[11], in[5] ^ in[10], in[6] ^ in[9], in[7] ^ in[8]};', '  wire endpoint_state = (octant[0] | octant[7]) ^ (octant[1] & octant[6]) ^ (^octant[5:2]);', '  wire midpoint_state = (in[5] ^ in[6]) ^ (in[9] ^ in[10]) ^ (in[7] & in[8]);', '  wire route_sel = endpoint_state ^ midpoint_state;']}; synth_sec=6.195; eval_sec=1.673",ex294_deep_octant_odd_plane_descriptor,octant descriptor can cofactor odd output planes,endpoint/midpoint octant descriptor selects mod4 body for odd roots,student/work/ex223_ex299_frontend_parallel_deep_20260614_0943/unknown-state-agent/ex294/logs/ex294_deep_octant_odd_plane_descriptor.evaluate.py.log,,two exact frontend sources muxed by descriptor,odd_plane_1_3_5_7_9_11_13_15,,,,0,ex223_ex299_frontend_parallel_deep_20260614_0943,global_state_permutation_like_transform,student/work/ex223_ex299_frontend_parallel_deep_20260614_0943/unknown-state-agent/ex294/logs/ex294_deep_octant_odd_plane_descriptor.yosys.log,student/work/ex223_ex299_frontend_parallel_deep_20260614_0943/unknown-state-agent/ex294/official_outputs/ex294_deep_octant_odd_plane_descriptor,1,234608,165570,0,0,7.880,,,,,,,,,,,,,,,
unknown-state-agent,unknown,ex296,ex296_deep_high_rotate_source_bitmix,ex296|open-boundary split sources have complementary output cones|per-output bit source grouping across exact high and rotated-high split bodies|base high-split body with rotated-high boundary and upper-middle output bits|abc_g_aig|official_evaluate_py|rot_hi_bits_0_1_8_9_10_11,,,per-output bit source grouping across exact high and rotated-high split bodies,,abc_g_aig,,1,10387,16,166192,,104025,student/work/ex223_ex299_frontend_parallel_deep_20260614_0943/unknown-state-agent/ex296/verilog/ex296_deep_high_rotate_source_bitmix.v,student/work/ex223_ex299_frontend_parallel_deep_20260614_0943/unknown-state-agent/ex296/aigs/ex296_deep_high_rotate_source_bitmix.aig,student/work/ex223_ex299_frontend_parallel_deep_20260614_0943/unknown-state-agent/ex296/logs/ex296_deep_high_rotate_source_bitmix.evaluate.py.log,student/frontend_campaigns/campaigns/ex223_ex299_frontend_parallel_deep_20260614_0943/agent_shards/unknown-state-agent/candidates.csv,"official evaluate.py OK; source_stats={'bit_source_counts': {'ex296_rot_hi': 6, 'ex296_high': 7}, 'bit_sources': {0: 'ex296_rot_hi', 1: 'ex296_rot_hi', 8: 'ex296_rot_hi', 9: 'ex296_rot_hi', 10: 'ex296_rot_hi', 11: 'ex296_rot_hi'}}; synth_sec=9.975; eval_sec=0.289",ex296_deep_high_rotate_source_bitmix,open-boundary split sources have complementary output cones,base high-split body with rotated-high boundary and upper-middle output bits,student/work/ex223_ex299_frontend_parallel_deep_20260614_0943/unknown-state-agent/ex296/logs/ex296_deep_high_rotate_source_bitmix.evaluate.py.log,,exact bitwise composition of exact frontend sources,rot_hi_bits_0_1_8_9_10_11,,,,0,ex223_ex299_frontend_parallel_deep_20260614_0943,odd_open_boundary_state_transform,student/work/ex223_ex299_frontend_parallel_deep_20260614_0943/unknown-state-agent/ex296/logs/ex296_deep_high_rotate_source_bitmix.yosys.log,student/work/ex223_ex299_frontend_parallel_deep_20260614_0943/unknown-state-agent/ex296/official_outputs/ex296_deep_high_rotate_source_bitmix,1,143792,130425,0,0,10.275,,,,,,,,,,,,,,,
unknown-state-agent,unknown,ex296,ex296_deep_selected_high_bdd_overlay,"ex296|selected high output planes can be replaced by shared cofactor roots|base high-split body plus selected exact BDD output roots|one shared BDD node pool for output bits 8,9,10,11|abc_g_aig|official_evaluate_py|selected_bdd_bits_8_9_10_11",,,base high-split body plus selected exact BDD output roots,,abc_g_aig,,1,9020,19,171380,,104025,student/work/ex223_ex299_frontend_parallel_deep_20260614_0943/unknown-state-agent/ex296/verilog/ex296_deep_selected_high_bdd_overlay.v,student/work/ex223_ex299_frontend_parallel_deep_20260614_0943/unknown-state-agent/ex296/aigs/ex296_deep_selected_high_bdd_overlay.aig,student/work/ex223_ex299_frontend_parallel_deep_20260614_0943/unknown-state-agent/ex296/logs/ex296_deep_selected_high_bdd_overlay.evaluate.py.log,student/frontend_campaigns/campaigns/ex223_ex299_frontend_parallel_deep_20260614_0943/agent_shards/unknown-state-agent/candidates.csv,"official evaluate.py OK; source_stats={'selected_bits': [8, 9, 10, 11], 'bdd_nodes': 1370, 'order': [0, 12, 1, 11, 2, 10, 3, 9, 4, 8, 5, 7, 6], 'line_count': 1392, 'python_model_exact': 'selected roots generated from TruthTable; base source exact by prior official evaluate.py'}; synth_sec=6.017; eval_sec=0.290",ex296_deep_selected_high_bdd_overlay,selected high output planes can be replaced by shared cofactor roots,"one shared BDD node pool for output bits 8,9,10,11",student/work/ex223_ex299_frontend_parallel_deep_20260614_0943/unknown-state-agent/ex296/logs/ex296_deep_selected_high_bdd_overlay.evaluate.py.log,,exact TruthTable-selected output root overlay,selected_bdd_bits_8_9_10_11,,,,0,ex223_ex299_frontend_parallel_deep_20260614_0943,odd_open_boundary_state_transform,student/work/ex223_ex299_frontend_parallel_deep_20260614_0943/unknown-state-agent/ex296/logs/ex296_deep_selected_high_bdd_overlay.yosys.log,student/work/ex223_ex299_frontend_parallel_deep_20260614_0943/unknown-state-agent/ex296/official_outputs/ex296_deep_selected_high_bdd_overlay,1,143792,130425,0,0,6.317,,,,,,,,,,,,,,,
unknown-state-agent,unknown,ex298,ex298_deep_rot_plain_source_bitmix,ex298|rotated and plain high split sources have complementary boundary cones|per-output bit source grouping across exact rotated-high and high-split bodies|rotated high-split body with plain-high boundary and upper output bits|synth_preset|official_evaluate_py|plain_high_bits_0_1_10_11_12_13,,,per-output bit source grouping across exact rotated-high and high-split bodies,,synth_preset,,1,34761,21,729981,,442296,student/work/ex223_ex299_frontend_parallel_deep_20260614_0943/unknown-state-agent/ex298/verilog/ex298_deep_rot_plain_source_bitmix.v,student/work/ex223_ex299_frontend_parallel_deep_20260614_0943/unknown-state-agent/ex298/aigs/ex298_deep_rot_plain_source_bitmix.aig,student/work/ex223_ex299_frontend_parallel_deep_20260614_0943/unknown-state-agent/ex298/logs/ex298_deep_rot_plain_source_bitmix.evaluate.py.log,student/frontend_campaigns/campaigns/ex223_ex299_frontend_parallel_deep_20260614_0943/agent_shards/unknown-state-agent/candidates.csv,"official evaluate.py OK; source_stats={'bit_source_counts': {'ex298_high': 6, 'ex298_rot_hi': 9}, 'bit_sources': {0: 'ex298_high', 1: 'ex298_high', 10: 'ex298_high', 11: 'ex298_high', 12: 'ex298_high', 13: 'ex298_high'}}; synth_sec=48.597; eval_sec=1.228",ex298_deep_rot_plain_source_bitmix,rotated and plain high split sources have complementary boundary cones,rotated high-split body with plain-high boundary and upper output bits,student/work/ex223_ex299_frontend_parallel_deep_20260614_0943/unknown-state-agent/ex298/logs/ex298_deep_rot_plain_source_bitmix.evaluate.py.log,,exact bitwise composition of exact frontend sources,plain_high_bits_0_1_10_11_12_13,,,,0,ex223_ex299_frontend_parallel_deep_20260614_0943,odd_open_boundary_state_transform,student/work/ex223_ex299_frontend_parallel_deep_20260614_0943/unknown-state-agent/ex298/logs/ex298_deep_rot_plain_source_bitmix.yosys.log,student/work/ex223_ex299_frontend_parallel_deep_20260614_0943/unknown-state-agent/ex298/official_outputs/ex298_deep_rot_plain_source_bitmix,1,645639,554857,0,0,50.749,,,,,,,,,,,,,,,
unknown-state-agent,unknown,ex298,ex298_deep_selected_high_bdd_overlay,"ex298|selected high output planes can be replaced by shared cofactor roots|base rotated-high source plus selected exact BDD output roots|one shared BDD node pool for output bits 10,11,12,13|synth_preset|official_evaluate_py|selected_bdd_bits_10_11_12_13",,,base rotated-high source plus selected exact BDD output roots,,synth_preset,,1,31893,23,733539,,442296,student/work/ex223_ex299_frontend_parallel_deep_20260614_0943/unknown-state-agent/ex298/verilog/ex298_deep_selected_high_bdd_overlay.v,student/work/ex223_ex299_frontend_parallel_deep_20260614_0943/unknown-state-agent/ex298/aigs/ex298_deep_selected_high_bdd_overlay.aig,student/work/ex223_ex299_frontend_parallel_deep_20260614_0943/unknown-state-agent/ex298/logs/ex298_deep_selected_high_bdd_overlay.evaluate.py.log,student/frontend_campaigns/campaigns/ex223_ex299_frontend_parallel_deep_20260614_0943/agent_shards/unknown-state-agent/candidates.csv,"official evaluate.py OK; source_stats={'selected_bits': [10, 11, 12, 13], 'bdd_nodes': 3574, 'order': [0, 14, 1, 13, 2, 12, 3, 11, 4, 10, 5, 9, 6, 8, 7], 'line_count': 3598, 'python_model_exact': 'selected roots generated from TruthTable; base source exact by prior official evaluate.py'}; synth_sec=33.993; eval_sec=1.235",ex298_deep_selected_high_bdd_overlay,selected high output planes can be replaced by shared cofactor roots,"one shared BDD node pool for output bits 10,11,12,13",student/work/ex223_ex299_frontend_parallel_deep_20260614_0943/unknown-state-agent/ex298/logs/ex298_deep_selected_high_bdd_overlay.evaluate.py.log,,exact TruthTable-selected output root overlay,selected_bdd_bits_10_11_12_13,,,,0,ex223_ex299_frontend_parallel_deep_20260614_0943,odd_open_boundary_state_transform,student/work/ex223_ex299_frontend_parallel_deep_20260614_0943/unknown-state-agent/ex298/logs/ex298_deep_selected_high_bdd_overlay.yosys.log,student/work/ex223_ex299_frontend_parallel_deep_20260614_0943/unknown-state-agent/ex298/official_outputs/ex298_deep_selected_high_bdd_overlay,1,645639,554857,0,0,35.640,,,,,,,,,,,,,,,
fp16-agent,fp16,ex223,ex223_catalog_source_recheck_synth_preset_aig,ex223|fp16_log|current_catalog_source_copied_into_shard_with_alternate_frontend_synthesis_flow|preserve_existing_shared_special_decode_and_mantissa_table/residual_predicates|synth_preset_aig|abc_xf_official_evaluate|full_word,,,current catalog source copied into shard with alternate frontend synthesis flow,preserve existing shared special decode and mantissa table/residual predicates,synth_preset_aig,OK,1,10564,19,200716,200716,120549,student/work/ex223_ex299_frontend_parallel_deep_20260614_0943/fp16-agent/ex223/verilog/ex223_catalog_source_recheck.v,student/work/ex223_ex299_frontend_parallel_deep_20260614_0943/fp16-agent/ex223/aigs/ex223_catalog_source_recheck_synth_preset_aig.aig,student/runs/fp16/ex223_ex299_frontend_parallel_deep_20260614_0943/fp16-agent/ex223/official_eval/ex223_catalog_source_recheck_synth_preset_aig/ex223_catalog_source_recheck_synth_preset_aig.evaluate.py.log,student/frontend_campaigns/campaigns/ex223_ex299_frontend_parallel_deep_20260614_0943/agent_shards/fp16-agent/candidates.csv,official evaluate.py OK,ex223_catalog_source_recheck_synth_preset_aig,fp16_log,,student/runs/fp16/ex223_ex299_frontend_parallel_deep_20260614_0943/fp16-agent/ex223/official_eval/ex223_catalog_source_recheck_synth_preset_aig/ex223_catalog_source_recheck_synth_preset_aig.evaluate.py.log,,,,,200716,,0,,,,,not_run,,,0,,,203395,1,,,,,,,,,,,,,
fp16-agent,fp16,ex223,ex223_catalog_source_d18_synth_preset_aig_d18,ex223|fp16_log|current_catalog_source_copied_into_shard_with_alternate_frontend_synthesis_flow|preserve_existing_shared_special_decode_and_mantissa_table/residual_predicates|synth_preset_aig_d18|abc_xf_official_evaluate|full_word,,,current catalog source copied into shard with alternate frontend synthesis flow,preserve existing shared special decode and mantissa table/residual predicates,synth_preset_aig_d18,OK,1,10564,19,200716,200716,120549,student/work/ex223_ex299_frontend_parallel_deep_20260614_0943/fp16-agent/ex223/verilog/ex223_catalog_source_d18.v,student/work/ex223_ex299_frontend_parallel_deep_20260614_0943/fp16-agent/ex223/aigs/ex223_catalog_source_d18_synth_preset_aig_d18.aig,student/runs/fp16/ex223_ex299_frontend_parallel_deep_20260614_0943/fp16-agent/ex223/official_eval/ex223_catalog_source_d18_synth_preset_aig_d18/ex223_catalog_source_d18_synth_preset_aig_d18.evaluate.py.log,student/frontend_campaigns/campaigns/ex223_ex299_frontend_parallel_deep_20260614_0943/agent_shards/fp16-agent/candidates.csv,official evaluate.py OK,ex223_catalog_source_d18_synth_preset_aig_d18,fp16_log,,student/runs/fp16/ex223_ex299_frontend_parallel_deep_20260614_0943/fp16-agent/ex223/official_eval/ex223_catalog_source_d18_synth_preset_aig_d18/ex223_catalog_source_d18_synth_preset_aig_d18.evaluate.py.log,,,,,200716,,0,,,,,not_run,,,0,,,203395,1,,,,,,,,,,,,,
fp16-agent,fp16,ex223,ex223_catalog_source_noabc_synth_preset_noabc_aig,ex223|fp16_log|current_catalog_source_copied_into_shard_with_alternate_frontend_synthesis_flow|preserve_existing_shared_special_decode_and_mantissa_table/residual_predicates|synth_preset_noabc_aig|abc_xf_official_evaluate|full_word,,,current catalog source copied into shard with alternate frontend synthesis flow,preserve existing shared special decode and mantissa table/residual predicates,synth_preset_noabc_aig,OK,1,10782,19,204858,200716,120549,student/work/ex223_ex299_frontend_parallel_deep_20260614_0943/fp16-agent/ex223/verilog/ex223_catalog_source_noabc.v,student/work/ex223_ex299_frontend_parallel_deep_20260614_0943/fp16-agent/ex223/aigs/ex223_catalog_source_noabc_synth_preset_noabc_aig.aig,student/runs/fp16/ex223_ex299_frontend_parallel_deep_20260614_0943/fp16-agent/ex223/official_eval/ex223_catalog_source_noabc_synth_preset_noabc_aig/ex223_catalog_source_noabc_synth_preset_noabc_aig.evaluate.py.log,student/frontend_campaigns/campaigns/ex223_ex299_frontend_parallel_deep_20260614_0943/agent_shards/fp16-agent/candidates.csv,official evaluate.py OK,ex223_catalog_source_noabc_synth_preset_noabc_aig,fp16_log,,student/runs/fp16/ex223_ex299_frontend_parallel_deep_20260614_0943/fp16-agent/ex223/official_eval/ex223_catalog_source_noabc_synth_preset_noabc_aig/ex223_catalog_source_noabc_synth_preset_noabc_aig.evaluate.py.log,,,,,200716,,0,,,,,not_run,,,0,,,203395,0,,,,,,,,,,,,,
fp16-agent,fp16,ex223,ex223_wrapper_hi3_keep_synth_preset_aig,ex223|fp16_log|output-grouping_wrapper_around_current_catalog_source|kept_high/low_output_groups_over_existing_shared_decode|synth_preset_aig|abc_xf_official_evaluate|wrapper_split_hi3,,,output-grouping wrapper around current catalog source,kept high/low output groups over existing shared decode,synth_preset_aig,OK,1,10585,19,201115,200716,120549,student/work/ex223_ex299_frontend_parallel_deep_20260614_0943/fp16-agent/ex223/verilog/ex223_wrapper_hi3_keep.v,student/work/ex223_ex299_frontend_parallel_deep_20260614_0943/fp16-agent/ex223/aigs/ex223_wrapper_hi3_keep_synth_preset_aig.aig,student/runs/fp16/ex223_ex299_frontend_parallel_deep_20260614_0943/fp16-agent/ex223/official_eval/ex223_wrapper_hi3_keep_synth_preset_aig/ex223_wrapper_hi3_keep_synth_preset_aig.evaluate.py.log,student/frontend_campaigns/campaigns/ex223_ex299_frontend_parallel_deep_20260614_0943/agent_shards/fp16-agent/candidates.csv,official evaluate.py OK,ex223_wrapper_hi3_keep_synth_preset_aig,fp16_log,,student/runs/fp16/ex223_ex299_frontend_parallel_deep_20260614_0943/fp16-agent/ex223/official_eval/ex223_wrapper_hi3_keep_synth_preset_aig/ex223_wrapper_hi3_keep_synth_preset_aig.evaluate.py.log,,,,,200716,,0,,,,,not_run,,,0,,,203395,1,,,,,,,,,,,,,
fp16-agent,fp16,ex223,ex223_wrapper_hi4_keep_synth_preset_aig,ex223|fp16_log|output-grouping_wrapper_around_current_catalog_source|kept_high/low_output_groups_over_existing_shared_decode|synth_preset_aig|abc_xf_official_evaluate|wrapper_split_hi4,,,output-grouping wrapper around current catalog source,kept high/low output groups over existing shared decode,synth_preset_aig,OK,1,10585,19,201115,200716,120549,student/work/ex223_ex299_frontend_parallel_deep_20260614_0943/fp16-agent/ex223/verilog/ex223_wrapper_hi4_keep.v,student/work/ex223_ex299_frontend_parallel_deep_20260614_0943/fp16-agent/ex223/aigs/ex223_wrapper_hi4_keep_synth_preset_aig.aig,student/runs/fp16/ex223_ex299_frontend_parallel_deep_20260614_0943/fp16-agent/ex223/official_eval/ex223_wrapper_hi4_keep_synth_preset_aig/ex223_wrapper_hi4_keep_synth_preset_aig.evaluate.py.log,student/frontend_campaigns/campaigns/ex223_ex299_frontend_parallel_deep_20260614_0943/agent_shards/fp16-agent/candidates.csv,official evaluate.py OK,ex223_wrapper_hi4_keep_synth_preset_aig,fp16_log,,student/runs/fp16/ex223_ex299_frontend_parallel_deep_20260614_0943/fp16-agent/ex223/official_eval/ex223_wrapper_hi4_keep_synth_preset_aig/ex223_wrapper_hi4_keep_synth_preset_aig.evaluate.py.log,,,,,200716,,0,,,,,not_run,,,0,,,203395,1,,,,,,,,,,,,,
fp16-agent,fp16,ex224,ex224_catalog_source_recheck_synth_preset_aig,ex224|fp16_log2|current_catalog_source_copied_into_shard_with_alternate_frontend_synthesis_flow|preserve_existing_shared_special_decode_and_mantissa_table/residual_predicates|synth_preset_aig|abc_xf_official_evaluate|full_word,,,current catalog source copied into shard with alternate frontend synthesis flow,preserve existing shared special decode and mantissa table/residual predicates,synth_preset_aig,OK,1,5834,17,99178,96224,64708,student/work/ex223_ex299_frontend_parallel_deep_20260614_0943/fp16-agent/ex224/verilog/ex224_catalog_source_recheck.v,student/work/ex223_ex299_frontend_parallel_deep_20260614_0943/fp16-agent/ex224/aigs/ex224_catalog_source_recheck_synth_preset_aig.aig,student/runs/fp16/ex223_ex299_frontend_parallel_deep_20260614_0943/fp16-agent/ex224/official_eval/ex224_catalog_source_recheck_synth_preset_aig/ex224_catalog_source_recheck_synth_preset_aig.evaluate.py.log,student/frontend_campaigns/campaigns/ex223_ex299_frontend_parallel_deep_20260614_0943/agent_shards/fp16-agent/candidates.csv,official evaluate.py OK,ex224_catalog_source_recheck_synth_preset_aig,fp16_log2,,student/runs/fp16/ex223_ex299_frontend_parallel_deep_20260614_0943/fp16-agent/ex224/official_eval/ex224_catalog_source_recheck_synth_preset_aig/ex224_catalog_source_recheck_synth_preset_aig.evaluate.py.log,,,,,96224,,0,,,,,not_run,,,0,,,96224,0,,,,,,,,,,,,,
fp16-agent,fp16,ex224,ex224_catalog_source_d18_synth_preset_aig_d18,ex224|fp16_log2|current_catalog_source_copied_into_shard_with_alternate_frontend_synthesis_flow|preserve_existing_shared_special_decode_and_mantissa_table/residual_predicates|synth_preset_aig_d18|abc_xf_official_evaluate|full_word,,,current catalog source copied into shard with alternate frontend synthesis flow,preserve existing shared special decode and mantissa table/residual predicates,synth_preset_aig_d18,OK,1,5834,17,99178,96224,64708,student/work/ex223_ex299_frontend_parallel_deep_20260614_0943/fp16-agent/ex224/verilog/ex224_catalog_source_d18.v,student/work/ex223_ex299_frontend_parallel_deep_20260614_0943/fp16-agent/ex224/aigs/ex224_catalog_source_d18_synth_preset_aig_d18.aig,student/runs/fp16/ex223_ex299_frontend_parallel_deep_20260614_0943/fp16-agent/ex224/official_eval/ex224_catalog_source_d18_synth_preset_aig_d18/ex224_catalog_source_d18_synth_preset_aig_d18.evaluate.py.log,student/frontend_campaigns/campaigns/ex223_ex299_frontend_parallel_deep_20260614_0943/agent_shards/fp16-agent/candidates.csv,official evaluate.py OK,ex224_catalog_source_d18_synth_preset_aig_d18,fp16_log2,,student/runs/fp16/ex223_ex299_frontend_parallel_deep_20260614_0943/fp16-agent/ex224/official_eval/ex224_catalog_source_d18_synth_preset_aig_d18/ex224_catalog_source_d18_synth_preset_aig_d18.evaluate.py.log,,,,,96224,,0,,,,,not_run,,,0,,,96224,0,,,,,,,,,,,,,
fp16-agent,fp16,ex224,ex224_catalog_source_noabc_synth_preset_noabc_aig,ex224|fp16_log2|current_catalog_source_copied_into_shard_with_alternate_frontend_synthesis_flow|preserve_existing_shared_special_decode_and_mantissa_table/residual_predicates|synth_preset_noabc_aig|abc_xf_official_evaluate|full_word,,,current catalog source copied into shard with alternate frontend synthesis flow,preserve existing shared special decode and mantissa table/residual predicates,synth_preset_noabc_aig,OK,1,5988,17,101796,96224,64708,student/work/ex223_ex299_frontend_parallel_deep_20260614_0943/fp16-agent/ex224/verilog/ex224_catalog_source_noabc.v,student/work/ex223_ex299_frontend_parallel_deep_20260614_0943/fp16-agent/ex224/aigs/ex224_catalog_source_noabc_synth_preset_noabc_aig.aig,student/runs/fp16/ex223_ex299_frontend_parallel_deep_20260614_0943/fp16-agent/ex224/official_eval/ex224_catalog_source_noabc_synth_preset_noabc_aig/ex224_catalog_source_noabc_synth_preset_noabc_aig.evaluate.py.log,student/frontend_campaigns/campaigns/ex223_ex299_frontend_parallel_deep_20260614_0943/agent_shards/fp16-agent/candidates.csv,official evaluate.py OK,ex224_catalog_source_noabc_synth_preset_noabc_aig,fp16_log2,,student/runs/fp16/ex223_ex299_frontend_parallel_deep_20260614_0943/fp16-agent/ex224/official_eval/ex224_catalog_source_noabc_synth_preset_noabc_aig/ex224_catalog_source_noabc_synth_preset_noabc_aig.evaluate.py.log,,,,,96224,,0,,,,,not_run,,,0,,,96224,0,,,,,,,,,,,,,
fp16-agent,fp16,ex224,ex224_wrapper_hi3_keep_synth_preset_aig,ex224|fp16_log2|output-grouping_wrapper_around_current_catalog_source|kept_high/low_output_groups_over_existing_shared_decode|synth_preset_aig|abc_xf_official_evaluate|wrapper_split_hi3,,,output-grouping wrapper around current catalog source,kept high/low output groups over existing shared decode,synth_preset_aig,OK,1,5848,16,93568,96224,64708,student/work/ex223_ex299_frontend_parallel_deep_20260614_0943/fp16-agent/ex224/verilog/ex224_wrapper_hi3_keep.v,student/work/ex223_ex299_frontend_parallel_deep_20260614_0943/fp16-agent/ex224/aigs/ex224_wrapper_hi3_keep_synth_preset_aig.aig,student/runs/fp16/ex223_ex299_frontend_parallel_deep_20260614_0943/fp16-agent/ex224/official_eval/ex224_wrapper_hi3_keep_synth_preset_aig/ex224_wrapper_hi3_keep_synth_preset_aig.evaluate.py.log,student/frontend_campaigns/campaigns/ex223_ex299_frontend_parallel_deep_20260614_0943/agent_shards/fp16-agent/candidates.csv,official evaluate.py OK,ex224_wrapper_hi3_keep_synth_preset_aig,fp16_log2,,student/runs/fp16/ex223_ex299_frontend_parallel_deep_20260614_0943/fp16-agent/ex224/official_eval/ex224_wrapper_hi3_keep_synth_preset_aig/ex224_wrapper_hi3_keep_synth_preset_aig.evaluate.py.log,,,,,96224,,0,,,,,not_run,,,1,,,96224,1,,,,,,,,,,,,,
fp16-agent,fp16,ex224,ex224_wrapper_hi4_keep_synth_preset_aig,ex224|fp16_log2|output-grouping_wrapper_around_current_catalog_source|kept_high/low_output_groups_over_existing_shared_decode|synth_preset_aig|abc_xf_official_evaluate|wrapper_split_hi4,,,output-grouping wrapper around current catalog source,kept high/low output groups over existing shared decode,synth_preset_aig,OK,1,5848,16,93568,96224,64708,student/work/ex223_ex299_frontend_parallel_deep_20260614_0943/fp16-agent/ex224/verilog/ex224_wrapper_hi4_keep.v,student/work/ex223_ex299_frontend_parallel_deep_20260614_0943/fp16-agent/ex224/aigs/ex224_wrapper_hi4_keep_synth_preset_aig.aig,student/runs/fp16/ex223_ex299_frontend_parallel_deep_20260614_0943/fp16-agent/ex224/official_eval/ex224_wrapper_hi4_keep_synth_preset_aig/ex224_wrapper_hi4_keep_synth_preset_aig.evaluate.py.log,student/frontend_campaigns/campaigns/ex223_ex299_frontend_parallel_deep_20260614_0943/agent_shards/fp16-agent/candidates.csv,official evaluate.py OK,ex224_wrapper_hi4_keep_synth_preset_aig,fp16_log2,,student/runs/fp16/ex223_ex299_frontend_parallel_deep_20260614_0943/fp16-agent/ex224/official_eval/ex224_wrapper_hi4_keep_synth_preset_aig/ex224_wrapper_hi4_keep_synth_preset_aig.evaluate.py.log,,,,,96224,,0,,,,,not_run,,,1,,,96224,1,,,,,,,,,,,,,
fp16-agent,fp16,ex225,ex225_catalog_source_recheck_synth_preset_aig,ex225|fp16_log10|current_catalog_source_copied_into_shard_with_alternate_frontend_synthesis_flow|preserve_existing_shared_special_decode_and_mantissa_table/residual_predicates|synth_preset_aig|abc_xf_official_evaluate|full_word,,,current catalog source copied into shard with alternate frontend synthesis flow,preserve existing shared special decode and mantissa table/residual predicates,synth_preset_aig,OK,1,11356,19,215764,215764,116676,student/work/ex223_ex299_frontend_parallel_deep_20260614_0943/fp16-agent/ex225/verilog/ex225_catalog_source_recheck.v,student/work/ex223_ex299_frontend_parallel_deep_20260614_0943/fp16-agent/ex225/aigs/ex225_catalog_source_recheck_synth_preset_aig.aig,student/runs/fp16/ex223_ex299_frontend_parallel_deep_20260614_0943/fp16-agent/ex225/official_eval/ex225_catalog_source_recheck_synth_preset_aig/ex225_catalog_source_recheck_synth_preset_aig.evaluate.py.log,student/frontend_campaigns/campaigns/ex223_ex299_frontend_parallel_deep_20260614_0943/agent_shards/fp16-agent/candidates.csv,official evaluate.py OK,ex225_catalog_source_recheck_synth_preset_aig,fp16_log10,,student/runs/fp16/ex223_ex299_frontend_parallel_deep_20260614_0943/fp16-agent/ex225/official_eval/ex225_catalog_source_recheck_synth_preset_aig/ex225_catalog_source_recheck_synth_preset_aig.evaluate.py.log,,,,,215764,,0,,,,,not_run,,,0,,,218595,1,,,,,,,,,,,,,
fp16-agent,fp16,ex225,ex225_catalog_source_d18_synth_preset_aig_d18,ex225|fp16_log10|current_catalog_source_copied_into_shard_with_alternate_frontend_synthesis_flow|preserve_existing_shared_special_decode_and_mantissa_table/residual_predicates|synth_preset_aig_d18|abc_xf_official_evaluate|full_word,,,current catalog source copied into shard with alternate frontend synthesis flow,preserve existing shared special decode and mantissa table/residual predicates,synth_preset_aig_d18,OK,1,11356,19,215764,215764,116676,student/work/ex223_ex299_frontend_parallel_deep_20260614_0943/fp16-agent/ex225/verilog/ex225_catalog_source_d18.v,student/work/ex223_ex299_frontend_parallel_deep_20260614_0943/fp16-agent/ex225/aigs/ex225_catalog_source_d18_synth_preset_aig_d18.aig,student/runs/fp16/ex223_ex299_frontend_parallel_deep_20260614_0943/fp16-agent/ex225/official_eval/ex225_catalog_source_d18_synth_preset_aig_d18/ex225_catalog_source_d18_synth_preset_aig_d18.evaluate.py.log,student/frontend_campaigns/campaigns/ex223_ex299_frontend_parallel_deep_20260614_0943/agent_shards/fp16-agent/candidates.csv,official evaluate.py OK,ex225_catalog_source_d18_synth_preset_aig_d18,fp16_log10,,student/runs/fp16/ex223_ex299_frontend_parallel_deep_20260614_0943/fp16-agent/ex225/official_eval/ex225_catalog_source_d18_synth_preset_aig_d18/ex225_catalog_source_d18_synth_preset_aig_d18.evaluate.py.log,,,,,215764,,0,,,,,not_run,,,0,,,218595,1,,,,,,,,,,,,,
fp16-agent,fp16,ex225,ex225_catalog_source_noabc_synth_preset_noabc_aig,ex225|fp16_log10|current_catalog_source_copied_into_shard_with_alternate_frontend_synthesis_flow|preserve_existing_shared_special_decode_and_mantissa_table/residual_predicates|synth_preset_noabc_aig|abc_xf_official_evaluate|full_word,,,current catalog source copied into shard with alternate frontend synthesis flow,preserve existing shared special decode and mantissa table/residual predicates,synth_preset_noabc_aig,OK,1,11534,20,230680,215764,116676,student/work/ex223_ex299_frontend_parallel_deep_20260614_0943/fp16-agent/ex225/verilog/ex225_catalog_source_noabc.v,student/work/ex223_ex299_frontend_parallel_deep_20260614_0943/fp16-agent/ex225/aigs/ex225_catalog_source_noabc_synth_preset_noabc_aig.aig,student/runs/fp16/ex223_ex299_frontend_parallel_deep_20260614_0943/fp16-agent/ex225/official_eval/ex225_catalog_source_noabc_synth_preset_noabc_aig/ex225_catalog_source_noabc_synth_preset_noabc_aig.evaluate.py.log,student/frontend_campaigns/campaigns/ex223_ex299_frontend_parallel_deep_20260614_0943/agent_shards/fp16-agent/candidates.csv,official evaluate.py OK,ex225_catalog_source_noabc_synth_preset_noabc_aig,fp16_log10,,student/runs/fp16/ex223_ex299_frontend_parallel_deep_20260614_0943/fp16-agent/ex225/official_eval/ex225_catalog_source_noabc_synth_preset_noabc_aig/ex225_catalog_source_noabc_synth_preset_noabc_aig.evaluate.py.log,,,,,215764,,0,,,,,not_run,,,0,,,218595,0,,,,,,,,,,,,,
fp16-agent,fp16,ex225,ex225_wrapper_hi3_keep_synth_preset_aig,ex225|fp16_log10|output-grouping_wrapper_around_current_catalog_source|kept_high/low_output_groups_over_existing_shared_decode|synth_preset_aig|abc_xf_official_evaluate|wrapper_split_hi3,,,output-grouping wrapper around current catalog source,kept high/low output groups over existing shared decode,synth_preset_aig,OK,1,11414,19,216866,215764,116676,student/work/ex223_ex299_frontend_parallel_deep_20260614_0943/fp16-agent/ex225/verilog/ex225_wrapper_hi3_keep.v,student/work/ex223_ex299_frontend_parallel_deep_20260614_0943/fp16-agent/ex225/aigs/ex225_wrapper_hi3_keep_synth_preset_aig.aig,student/runs/fp16/ex223_ex299_frontend_parallel_deep_20260614_0943/fp16-agent/ex225/official_eval/ex225_wrapper_hi3_keep_synth_preset_aig/ex225_wrapper_hi3_keep_synth_preset_aig.evaluate.py.log,student/frontend_campaigns/campaigns/ex223_ex299_frontend_parallel_deep_20260614_0943/agent_shards/fp16-agent/candidates.csv,official evaluate.py OK,ex225_wrapper_hi3_keep_synth_preset_aig,fp16_log10,,student/runs/fp16/ex223_ex299_frontend_parallel_deep_20260614_0943/fp16-agent/ex225/official_eval/ex225_wrapper_hi3_keep_synth_preset_aig/ex225_wrapper_hi3_keep_synth_preset_aig.evaluate.py.log,,,,,215764,,0,,,,,not_run,,,0,,,218595,1,,,,,,,,,,,,,
fp16-agent,fp16,ex225,ex225_wrapper_hi4_keep_synth_preset_aig,ex225|fp16_log10|output-grouping_wrapper_around_current_catalog_source|kept_high/low_output_groups_over_existing_shared_decode|synth_preset_aig|abc_xf_official_evaluate|wrapper_split_hi4,,,output-grouping wrapper around current catalog source,kept high/low output groups over existing shared decode,synth_preset_aig,OK,1,11414,19,216866,215764,116676,student/work/ex223_ex299_frontend_parallel_deep_20260614_0943/fp16-agent/ex225/verilog/ex225_wrapper_hi4_keep.v,student/work/ex223_ex299_frontend_parallel_deep_20260614_0943/fp16-agent/ex225/aigs/ex225_wrapper_hi4_keep_synth_preset_aig.aig,student/runs/fp16/ex223_ex299_frontend_parallel_deep_20260614_0943/fp16-agent/ex225/official_eval/ex225_wrapper_hi4_keep_synth_preset_aig/ex225_wrapper_hi4_keep_synth_preset_aig.evaluate.py.log,student/frontend_campaigns/campaigns/ex223_ex299_frontend_parallel_deep_20260614_0943/agent_shards/fp16-agent/candidates.csv,official evaluate.py OK,ex225_wrapper_hi4_keep_synth_preset_aig,fp16_log10,,student/runs/fp16/ex223_ex299_frontend_parallel_deep_20260614_0943/fp16-agent/ex225/official_eval/ex225_wrapper_hi4_keep_synth_preset_aig/ex225_wrapper_hi4_keep_synth_preset_aig.evaluate.py.log,,,,,215764,,0,,,,,not_run,,,0,,,218595,1,,,,,,,,,,,,,
fp16-agent,fp16,ex223,ex223_nested_low14_hi4_synth_preset_aig,ex223|fp16_log|truth-derived_positive-normal_nested_mantissa_LUT|shared_special_decode_plus_per-exp_high-bit_run_trees_and_nested_low_LUT|synth_preset_aig|abc_xf_official_evaluate|positive-normal_exp-group_high-bit_run_trees_plus_nested_low_LUT,,,truth-derived positive-normal nested mantissa LUT,shared special decode plus per-exp high-bit run trees and nested low LUT,synth_preset_aig,OK,1,10520,20,210400,200716,120549,student/work/ex223_ex299_frontend_parallel_deep_20260614_0943/fp16-agent/ex223/verilog/ex223_nested_low14_hi4.v,student/work/ex223_ex299_frontend_parallel_deep_20260614_0943/fp16-agent/ex223/aigs/ex223_nested_low14_hi4_synth_preset_aig.aig,student/runs/fp16/ex223_ex299_frontend_parallel_deep_20260614_0943/fp16-agent/ex223/official_eval/ex223_nested_low14_hi4_synth_preset_aig/ex223_nested_low14_hi4_synth_preset_aig.evaluate.py.log,student/frontend_campaigns/campaigns/ex223_ex299_frontend_parallel_deep_20260614_0943/agent_shards/fp16-agent/candidates.csv,official evaluate.py OK,ex223_nested_low14_hi4_synth_preset_aig,fp16_log,,student/runs/fp16/ex223_ex299_frontend_parallel_deep_20260614_0943/fp16-agent/ex223/official_eval/ex223_nested_low14_hi4_synth_preset_aig/ex223_nested_low14_hi4_synth_preset_aig.evaluate.py.log,,,,,200716,,0,,,,,not_run,,,0,,,203395,0,,,,,,,,,,,,,
fp16-agent,fp16,ex223,ex223_nested_low14_hi6_synth_preset_aig,ex223|fp16_log|truth-derived_positive-normal_nested_mantissa_LUT|shared_special_decode_plus_per-exp_high-bit_run_trees_and_nested_low_LUT|synth_preset_aig|abc_xf_official_evaluate|positive-normal_exp-group_high-bit_run_trees_plus_nested_low_LUT,,,truth-derived positive-normal nested mantissa LUT,shared special decode plus per-exp high-bit run trees and nested low LUT,synth_preset_aig,OK,1,11140,19,211660,200716,120549,student/work/ex223_ex299_frontend_parallel_deep_20260614_0943/fp16-agent/ex223/verilog/ex223_nested_low14_hi6.v,student/work/ex223_ex299_frontend_parallel_deep_20260614_0943/fp16-agent/ex223/aigs/ex223_nested_low14_hi6_synth_preset_aig.aig,student/runs/fp16/ex223_ex299_frontend_parallel_deep_20260614_0943/fp16-agent/ex223/official_eval/ex223_nested_low14_hi6_synth_preset_aig/ex223_nested_low14_hi6_synth_preset_aig.evaluate.py.log,student/frontend_campaigns/campaigns/ex223_ex299_frontend_parallel_deep_20260614_0943/agent_shards/fp16-agent/candidates.csv,official evaluate.py OK,ex223_nested_low14_hi6_synth_preset_aig,fp16_log,,student/runs/fp16/ex223_ex299_frontend_parallel_deep_20260614_0943/fp16-agent/ex223/official_eval/ex223_nested_low14_hi6_synth_preset_aig/ex223_nested_low14_hi6_synth_preset_aig.evaluate.py.log,,,,,200716,,0,,,,,not_run,,,0,,,203395,0,,,,,,,,,,,,,
fp16-agent,fp16,ex223,ex223_nested_low15_hi5_synth_preset_aig,ex223|fp16_log|truth-derived_positive-normal_nested_mantissa_LUT|shared_special_decode_plus_per-exp_high-bit_run_trees_and_nested_low_LUT|synth_preset_aig|abc_xf_official_evaluate|positive-normal_exp-group_high-bit_run_trees_plus_nested_low_LUT,,,truth-derived positive-normal nested mantissa LUT,shared special decode plus per-exp high-bit run trees and nested low LUT,synth_preset_aig,OK,1,10581,19,201039,200716,120549,student/work/ex223_ex299_frontend_parallel_deep_20260614_0943/fp16-agent/ex223/verilog/ex223_nested_low15_hi5.v,student/work/ex223_ex299_frontend_parallel_deep_20260614_0943/fp16-agent/ex223/aigs/ex223_nested_low15_hi5_synth_preset_aig.aig,student/runs/fp16/ex223_ex299_frontend_parallel_deep_20260614_0943/fp16-agent/ex223/official_eval/ex223_nested_low15_hi5_synth_preset_aig/ex223_nested_low15_hi5_synth_preset_aig.evaluate.py.log,student/frontend_campaigns/campaigns/ex223_ex299_frontend_parallel_deep_20260614_0943/agent_shards/fp16-agent/candidates.csv,official evaluate.py OK,ex223_nested_low15_hi5_synth_preset_aig,fp16_log,,student/runs/fp16/ex223_ex299_frontend_parallel_deep_20260614_0943/fp16-agent/ex223/official_eval/ex223_nested_low15_hi5_synth_preset_aig/ex223_nested_low15_hi5_synth_preset_aig.evaluate.py.log,,,,,200716,,0,,,,,not_run,,,0,,,203395,1,,,,,,,,,,,,,
fp16-agent,fp16,ex224,ex224_nested_low12_hi5_synth_preset_aig,ex224|fp16_log2|truth-derived_positive-normal_nested_mantissa_LUT|shared_special_decode_plus_per-exp_high-bit_run_trees_and_nested_low_LUT|synth_preset_aig|abc_xf_official_evaluate|positive-normal_exp-group_high-bit_run_trees_plus_nested_low_LUT,,,truth-derived positive-normal nested mantissa LUT,shared special decode plus per-exp high-bit run trees and nested low LUT,synth_preset_aig,OK,1,5715,17,97155,96224,64708,student/work/ex223_ex299_frontend_parallel_deep_20260614_0943/fp16-agent/ex224/verilog/ex224_nested_low12_hi5.v,student/work/ex223_ex299_frontend_parallel_deep_20260614_0943/fp16-agent/ex224/aigs/ex224_nested_low12_hi5_synth_preset_aig.aig,student/runs/fp16/ex223_ex299_frontend_parallel_deep_20260614_0943/fp16-agent/ex224/official_eval/ex224_nested_low12_hi5_synth_preset_aig/ex224_nested_low12_hi5_synth_preset_aig.evaluate.py.log,student/frontend_campaigns/campaigns/ex223_ex299_frontend_parallel_deep_20260614_0943/agent_shards/fp16-agent/candidates.csv,official evaluate.py OK,ex224_nested_low12_hi5_synth_preset_aig,fp16_log2,,student/runs/fp16/ex223_ex299_frontend_parallel_deep_20260614_0943/fp16-agent/ex224/official_eval/ex224_nested_low12_hi5_synth_preset_aig/ex224_nested_low12_hi5_synth_preset_aig.evaluate.py.log,,,,,96224,,0,,,,,not_run,,,0,,,96224,0,,,,,,,,,,,,,
fp16-agent,fp16,ex224,ex224_nested_low13_hi5_synth_preset_aig,ex224|fp16_log2|truth-derived_positive-normal_nested_mantissa_LUT|shared_special_decode_plus_per-exp_high-bit_run_trees_and_nested_low_LUT|synth_preset_aig|abc_xf_official_evaluate|positive-normal_exp-group_high-bit_run_trees_plus_nested_low_LUT,,,truth-derived positive-normal nested mantissa LUT,shared special decode plus per-exp high-bit run trees and nested low LUT,synth_preset_aig,OK,1,5734,17,97478,96224,64708,student/work/ex223_ex299_frontend_parallel_deep_20260614_0943/fp16-agent/ex224/verilog/ex224_nested_low13_hi5.v,student/work/ex223_ex299_frontend_parallel_deep_20260614_0943/fp16-agent/ex224/aigs/ex224_nested_low13_hi5_synth_preset_aig.aig,student/runs/fp16/ex223_ex299_frontend_parallel_deep_20260614_0943/fp16-agent/ex224/official_eval/ex224_nested_low13_hi5_synth_preset_aig/ex224_nested_low13_hi5_synth_preset_aig.evaluate.py.log,student/frontend_campaigns/campaigns/ex223_ex299_frontend_parallel_deep_20260614_0943/agent_shards/fp16-agent/candidates.csv,official evaluate.py OK,ex224_nested_low13_hi5_synth_preset_aig,fp16_log2,,student/runs/fp16/ex223_ex299_frontend_parallel_deep_20260614_0943/fp16-agent/ex224/official_eval/ex224_nested_low13_hi5_synth_preset_aig/ex224_nested_low13_hi5_synth_preset_aig.evaluate.py.log,,,,,96224,,0,,,,,not_run,,,0,,,96224,0,,,,,,,,,,,,,
fp16-agent,fp16,ex224,ex224_nested_low13_hi6_synth_preset_aig,ex224|fp16_log2|truth-derived_positive-normal_nested_mantissa_LUT|shared_special_decode_plus_per-exp_high-bit_run_trees_and_nested_low_LUT|synth_preset_aig|abc_xf_official_evaluate|positive-normal_exp-group_high-bit_run_trees_plus_nested_low_LUT,,,truth-derived positive-normal nested mantissa LUT,shared special decode plus per-exp high-bit run trees and nested low LUT,synth_preset_aig,OK,1,5822,17,98974,96224,64708,student/work/ex223_ex299_frontend_parallel_deep_20260614_0943/fp16-agent/ex224/verilog/ex224_nested_low13_hi6.v,student/work/ex223_ex299_frontend_parallel_deep_20260614_0943/fp16-agent/ex224/aigs/ex224_nested_low13_hi6_synth_preset_aig.aig,student/runs/fp16/ex223_ex299_frontend_parallel_deep_20260614_0943/fp16-agent/ex224/official_eval/ex224_nested_low13_hi6_synth_preset_aig/ex224_nested_low13_hi6_synth_preset_aig.evaluate.py.log,student/frontend_campaigns/campaigns/ex223_ex299_frontend_parallel_deep_20260614_0943/agent_shards/fp16-agent/candidates.csv,official evaluate.py OK,ex224_nested_low13_hi6_synth_preset_aig,fp16_log2,,student/runs/fp16/ex223_ex299_frontend_parallel_deep_20260614_0943/fp16-agent/ex224/official_eval/ex224_nested_low13_hi6_synth_preset_aig/ex224_nested_low13_hi6_synth_preset_aig.evaluate.py.log,,,,,96224,,0,,,,,not_run,,,0,,,96224,0,,,,,,,,,,,,,
fp16-agent,fp16,ex225,ex225_nested_low12_hi5_synth_preset_aig,ex225|fp16_log10|truth-derived_positive-normal_nested_mantissa_LUT|shared_special_decode_plus_per-exp_high-bit_run_trees_and_nested_low_LUT|synth_preset_aig|abc_xf_official_evaluate|positive-normal_exp-group_high-bit_run_trees_plus_nested_low_LUT,,,truth-derived positive-normal nested mantissa LUT,shared special decode plus per-exp high-bit run trees and nested low LUT,synth_preset_aig,OK,1,11398,19,216562,215764,116676,student/work/ex223_ex299_frontend_parallel_deep_20260614_0943/fp16-agent/ex225/verilog/ex225_nested_low12_hi5.v,student/work/ex223_ex299_frontend_parallel_deep_20260614_0943/fp16-agent/ex225/aigs/ex225_nested_low12_hi5_synth_preset_aig.aig,student/runs/fp16/ex223_ex299_frontend_parallel_deep_20260614_0943/fp16-agent/ex225/official_eval/ex225_nested_low12_hi5_synth_preset_aig/ex225_nested_low12_hi5_synth_preset_aig.evaluate.py.log,student/frontend_campaigns/campaigns/ex223_ex299_frontend_parallel_deep_20260614_0943/agent_shards/fp16-agent/candidates.csv,official evaluate.py OK,ex225_nested_low12_hi5_synth_preset_aig,fp16_log10,,student/runs/fp16/ex223_ex299_frontend_parallel_deep_20260614_0943/fp16-agent/ex225/official_eval/ex225_nested_low12_hi5_synth_preset_aig/ex225_nested_low12_hi5_synth_preset_aig.evaluate.py.log,,,,,215764,,0,,,,,not_run,,,0,,,218595,1,,,,,,,,,,,,,
fp16-agent,fp16,ex225,ex225_nested_low13_hi5_synth_preset_aig,ex225|fp16_log10|truth-derived_positive-normal_nested_mantissa_LUT|shared_special_decode_plus_per-exp_high-bit_run_trees_and_nested_low_LUT|synth_preset_aig|abc_xf_official_evaluate|positive-normal_exp-group_high-bit_run_trees_plus_nested_low_LUT,,,truth-derived positive-normal nested mantissa LUT,shared special decode plus per-exp high-bit run trees and nested low LUT,synth_preset_aig,OK,1,11383,19,216277,215764,116676,student/work/ex223_ex299_frontend_parallel_deep_20260614_0943/fp16-agent/ex225/verilog/ex225_nested_low13_hi5.v,student/work/ex223_ex299_frontend_parallel_deep_20260614_0943/fp16-agent/ex225/aigs/ex225_nested_low13_hi5_synth_preset_aig.aig,student/runs/fp16/ex223_ex299_frontend_parallel_deep_20260614_0943/fp16-agent/ex225/official_eval/ex225_nested_low13_hi5_synth_preset_aig/ex225_nested_low13_hi5_synth_preset_aig.evaluate.py.log,student/frontend_campaigns/campaigns/ex223_ex299_frontend_parallel_deep_20260614_0943/agent_shards/fp16-agent/candidates.csv,official evaluate.py OK,ex225_nested_low13_hi5_synth_preset_aig,fp16_log10,,student/runs/fp16/ex223_ex299_frontend_parallel_deep_20260614_0943/fp16-agent/ex225/official_eval/ex225_nested_low13_hi5_synth_preset_aig/ex225_nested_low13_hi5_synth_preset_aig.evaluate.py.log,,,,,215764,,0,,,,,not_run,,,0,,,218595,1,,,,,,,,,,,,,
fp16-agent,fp16,ex225,ex225_nested_low14_hi5_synth_preset_aig,ex225|fp16_log10|truth-derived_positive-normal_nested_mantissa_LUT|shared_special_decode_plus_per-exp_high-bit_run_trees_and_nested_low_LUT|synth_preset_aig|abc_xf_official_evaluate|positive-normal_exp-group_high-bit_run_trees_plus_nested_low_LUT,,,truth-derived positive-normal nested mantissa LUT,shared special decode plus per-exp high-bit run trees and nested low LUT,synth_preset_aig,OK,1,11364,19,215916,215764,116676,student/work/ex223_ex299_frontend_parallel_deep_20260614_0943/fp16-agent/ex225/verilog/ex225_nested_low14_hi5.v,student/work/ex223_ex299_frontend_parallel_deep_20260614_0943/fp16-agent/ex225/aigs/ex225_nested_low14_hi5_synth_preset_aig.aig,student/runs/fp16/ex223_ex299_frontend_parallel_deep_20260614_0943/fp16-agent/ex225/official_eval/ex225_nested_low14_hi5_synth_preset_aig/ex225_nested_low14_hi5_synth_preset_aig.evaluate.py.log,student/frontend_campaigns/campaigns/ex223_ex299_frontend_parallel_deep_20260614_0943/agent_shards/fp16-agent/candidates.csv,official evaluate.py OK,ex225_nested_low14_hi5_synth_preset_aig,fp16_log10,,student/runs/fp16/ex223_ex299_frontend_parallel_deep_20260614_0943/fp16-agent/ex225/official_eval/ex225_nested_low14_hi5_synth_preset_aig/ex225_nested_low14_hi5_synth_preset_aig.evaluate.py.log,,,,,215764,,0,,,,,not_run,,,0,,,218595,1,,,,,,,,,,,,,
fp16-agent,fp16,ex225,ex225_sparse_low14_hi4_synth_preset_aig,ex225|fp16_log10|truth-derived_sparse_residual_default_table|shared_special_decode_plus_per-hi_default_residual_overrides|synth_preset_aig|abc_xf_official_evaluate|positive-normal_high-bit_run_trees_plus_sparse_default_residual_low_LUT,,,truth-derived sparse residual default table,shared special decode plus per-hi default residual overrides,synth_preset_aig,OK,1,11169,20,223380,215764,116676,student/work/ex223_ex299_frontend_parallel_deep_20260614_0943/fp16-agent/ex225/verilog/ex225_sparse_low14_hi4.v,student/work/ex223_ex299_frontend_parallel_deep_20260614_0943/fp16-agent/ex225/aigs/ex225_sparse_low14_hi4_synth_preset_aig.aig,student/runs/fp16/ex223_ex299_frontend_parallel_deep_20260614_0943/fp16-agent/ex225/official_eval/ex225_sparse_low14_hi4_synth_preset_aig/ex225_sparse_low14_hi4_synth_preset_aig.evaluate.py.log,student/frontend_campaigns/campaigns/ex223_ex299_frontend_parallel_deep_20260614_0943/agent_shards/fp16-agent/candidates.csv,official evaluate.py OK,ex225_sparse_low14_hi4_synth_preset_aig,fp16_log10,,student/runs/fp16/ex223_ex299_frontend_parallel_deep_20260614_0943/fp16-agent/ex225/official_eval/ex225_sparse_low14_hi4_synth_preset_aig/ex225_sparse_low14_hi4_synth_preset_aig.evaluate.py.log,,,,,215764,,0,,,,,not_run,,,0,,,218595,0,,,,,,,,,,,,,
fp16-agent,fp16,ex225,ex225_sparse_low14_hi6_synth_preset_aig,ex225|fp16_log10|truth-derived_sparse_residual_default_table|shared_special_decode_plus_per-hi_default_residual_overrides|synth_preset_aig|abc_xf_official_evaluate|positive-normal_high-bit_run_trees_plus_sparse_default_residual_low_LUT,,,truth-derived sparse residual default table,shared special decode plus per-hi default residual overrides,synth_preset_aig,OK,1,12300,18,221400,215764,116676,student/work/ex223_ex299_frontend_parallel_deep_20260614_0943/fp16-agent/ex225/verilog/ex225_sparse_low14_hi6.v,student/work/ex223_ex299_frontend_parallel_deep_20260614_0943/fp16-agent/ex225/aigs/ex225_sparse_low14_hi6_synth_preset_aig.aig,student/runs/fp16/ex223_ex299_frontend_parallel_deep_20260614_0943/fp16-agent/ex225/official_eval/ex225_sparse_low14_hi6_synth_preset_aig/ex225_sparse_low14_hi6_synth_preset_aig.evaluate.py.log,student/frontend_campaigns/campaigns/ex223_ex299_frontend_parallel_deep_20260614_0943/agent_shards/fp16-agent/candidates.csv,official evaluate.py OK,ex225_sparse_low14_hi6_synth_preset_aig,fp16_log10,,student/runs/fp16/ex223_ex299_frontend_parallel_deep_20260614_0943/fp16-agent/ex225/official_eval/ex225_sparse_low14_hi6_synth_preset_aig/ex225_sparse_low14_hi6_synth_preset_aig.evaluate.py.log,,,,,215764,,0,,,,,not_run,,,0,,,218595,0,,,,,,,,,,,,,
bf16-agent,bf16,ex204,ex204_deep_se_mh3_word_default,ex204|bf16_log2|se_mh3_word_default_cofactor|shared sign_exp default plus mantissa-hi/lo residual groups|yosys_abc_gates_aigmap|abc_xf_truth_derived_exact|full_word_grouped,,,,,,,1,2192,17,37264,24576,15180,student/work/ex223_ex299_frontend_parallel_deep_20260614_0943/bf16-agent/ex204/verilog/ex204_deep_se_mh3_word_default.v,student/work/ex223_ex299_frontend_parallel_deep_20260614_0943/bf16-agent/ex204/aigs/ex204_deep_se_mh3_word_default.aig,student/work/ex223_ex299_frontend_parallel_deep_20260614_0943/bf16-agent/ex204/logs/ex204_deep_se_mh3_word_default.evaluate.py.log,student/frontend_campaigns/campaigns/ex223_ex299_frontend_parallel_deep_20260614_0943/agent_shards/bf16-agent/candidates.csv,"official evaluate.py status=OK; synth_runtime_sec=5.067; eval_runtime_sec=1.053; stats={'mant_hi_bits': 3, 'mant_lo_bits': 4, 'se_defaults': 511, 'group_overrides': 1591, 'leaf_overrides': 6551}",ex204_deep_se_mh3_word_default,bf16_log2,,student/work/ex223_ex299_frontend_parallel_deep_20260614_0943/bf16-agent/ex204/logs/ex204_deep_se_mh3_word_default.evaluate.py.log,grouped LUT/cofactor word,,,1,24576,,0,,,,,,,,0,,,,,student/runs/bf16/ex223_ex299_frontend_parallel_deep_20260614_0943/bf16-agent/ex204/official_eval/ex204_deep_se_mh3_word_default/ex204.aig,student/work/ex223_ex299_frontend_parallel_deep_20260614_0943/bf16-agent/ex204/logs/ex204_deep_se_mh3_word_default.yosys.log,,,,,,,,,,,
bf16-agent,bf16,ex204,ex204_deep_se_mh3_field_default,ex204|bf16_log2|se_mh3_field_default_cofactor|shared sign_exp default plus separated sign_exp_mant output fields|yosys_abc_gates_aigmap|abc_xf_truth_derived_exact|separate_output_fields,,,,,,,1,2334,16,37344,24576,15180,student/work/ex223_ex299_frontend_parallel_deep_20260614_0943/bf16-agent/ex204/verilog/ex204_deep_se_mh3_field_default.v,student/work/ex223_ex299_frontend_parallel_deep_20260614_0943/bf16-agent/ex204/aigs/ex204_deep_se_mh3_field_default.aig,student/work/ex223_ex299_frontend_parallel_deep_20260614_0943/bf16-agent/ex204/logs/ex204_deep_se_mh3_field_default.evaluate.py.log,student/frontend_campaigns/campaigns/ex223_ex299_frontend_parallel_deep_20260614_0943/agent_shards/bf16-agent/candidates.csv,"official evaluate.py status=OK; synth_runtime_sec=3.857; eval_runtime_sec=1.017; stats={'mant_hi_bits': 3, 'mant_lo_bits': 4, 'out_sign_groups': 0, 'out_sign_leaves': 0, 'out_exp_groups': 25, 'out_exp_leaves': 96, 'out_mant_groups': 1591, 'out_mant_leaves': 6550}",ex204_deep_se_mh3_field_default,bf16_log2,,student/work/ex223_ex299_frontend_parallel_deep_20260614_0943/bf16-agent/ex204/logs/ex204_deep_se_mh3_field_default.evaluate.py.log,area-vs-delay output grouping,,,1,24576,,0,,,,,,,,0,,,,,student/runs/bf16/ex223_ex299_frontend_parallel_deep_20260614_0943/bf16-agent/ex204/official_eval/ex204_deep_se_mh3_field_default/ex204.aig,student/work/ex223_ex299_frontend_parallel_deep_20260614_0943/bf16-agent/ex204/logs/ex204_deep_se_mh3_field_default.yosys.log,,,,,,,,,,,
bf16-agent,bf16,ex204,ex204_deep_mtbdd_field_order,ex204|bf16_log2|mtbdd_field_order|shared whole-word reduced cofactor DAG across outputs|yosys_abc_aig_aigmap|abc_xf_truth_derived_exact|whole_word_mux_dag,,,,,,,1,1727,22,37994,24576,15180,student/work/ex223_ex299_frontend_parallel_deep_20260614_0943/bf16-agent/ex204/verilog/ex204_deep_mtbdd_field_order.v,student/work/ex223_ex299_frontend_parallel_deep_20260614_0943/bf16-agent/ex204/aigs/ex204_deep_mtbdd_field_order.aig,student/work/ex223_ex299_frontend_parallel_deep_20260614_0943/bf16-agent/ex204/logs/ex204_deep_mtbdd_field_order.evaluate.py.log,student/frontend_campaigns/campaigns/ex223_ex299_frontend_parallel_deep_20260614_0943/agent_shards/bf16-agent/candidates.csv,"official evaluate.py status=OK; synth_runtime_sec=4.786; eval_runtime_sec=1.018; stats={'bdd_order': 'field_order', 'bdd_nodes': 6015}",ex204_deep_mtbdd_field_order,bf16_log2,,student/work/ex223_ex299_frontend_parallel_deep_20260614_0943/bf16-agent/ex204/logs/ex204_deep_mtbdd_field_order.evaluate.py.log,shared cofactor MTBDD,,,1,24576,,0,,,,,,,,0,,,,,student/runs/bf16/ex223_ex299_frontend_parallel_deep_20260614_0943/bf16-agent/ex204/official_eval/ex204_deep_mtbdd_field_order/ex204.aig,student/work/ex223_ex299_frontend_parallel_deep_20260614_0943/bf16-agent/ex204/logs/ex204_deep_mtbdd_field_order.yosys.log,,,,,,,,,,,
bf16-agent,bf16,ex216,ex216_deep_se_mh3_word_default,ex216|bf16_cube|se_mh3_word_default_cofactor|shared sign_exp default plus mantissa-hi/lo residual groups|yosys_abc_gates_aigmap|abc_xf_truth_derived_exact|full_word_grouped,,,,,,,1,1340,16,21440,5720,3357,student/work/ex223_ex299_frontend_parallel_deep_20260614_0943/bf16-agent/ex216/verilog/ex216_deep_se_mh3_word_default.v,student/work/ex223_ex299_frontend_parallel_deep_20260614_0943/bf16-agent/ex216/aigs/ex216_deep_se_mh3_word_default.aig,student/work/ex223_ex299_frontend_parallel_deep_20260614_0943/bf16-agent/ex216/logs/ex216_deep_se_mh3_word_default.evaluate.py.log,student/frontend_campaigns/campaigns/ex223_ex299_frontend_parallel_deep_20260614_0943/agent_shards/bf16-agent/candidates.csv,"official evaluate.py status=OK; synth_runtime_sec=6.416; eval_runtime_sec=0.527; stats={'mant_hi_bits': 3, 'mant_lo_bits': 4, 'se_defaults': 427, 'group_overrides': 1356, 'leaf_overrides': 20306}",ex216_deep_se_mh3_word_default,bf16_cube,,student/work/ex223_ex299_frontend_parallel_deep_20260614_0943/bf16-agent/ex216/logs/ex216_deep_se_mh3_word_default.evaluate.py.log,grouped LUT/cofactor word,,,1,5720,,0,,,,,,,,0,,,,,student/runs/bf16/ex223_ex299_frontend_parallel_deep_20260614_0943/bf16-agent/ex216/official_eval/ex216_deep_se_mh3_word_default/ex216.aig,student/work/ex223_ex299_frontend_parallel_deep_20260614_0943/bf16-agent/ex216/logs/ex216_deep_se_mh3_word_default.yosys.log,,,,,,,,,,,
bf16-agent,bf16,ex216,ex216_deep_se_mh3_field_default,ex216|bf16_cube|se_mh3_field_default_cofactor|shared sign_exp default plus separated sign_exp_mant output fields|yosys_abc_gates_aigmap|abc_xf_truth_derived_exact|separate_output_fields,,,,,,,1,977,16,15632,5720,3357,student/work/ex223_ex299_frontend_parallel_deep_20260614_0943/bf16-agent/ex216/verilog/ex216_deep_se_mh3_field_default.v,student/work/ex223_ex299_frontend_parallel_deep_20260614_0943/bf16-agent/ex216/aigs/ex216_deep_se_mh3_field_default.aig,student/work/ex223_ex299_frontend_parallel_deep_20260614_0943/bf16-agent/ex216/logs/ex216_deep_se_mh3_field_default.evaluate.py.log,student/frontend_campaigns/campaigns/ex223_ex299_frontend_parallel_deep_20260614_0943/agent_shards/bf16-agent/candidates.csv,"official evaluate.py status=OK; synth_runtime_sec=5.513; eval_runtime_sec=0.535; stats={'mant_hi_bits': 3, 'mant_lo_bits': 4, 'out_sign_groups': 1, 'out_sign_leaves': 1, 'out_exp_groups': 850, 'out_exp_leaves': 1020, 'out_mant_groups': 1356, 'out_mant_leaves': 20306}",ex216_deep_se_mh3_field_default,bf16_cube,,student/work/ex223_ex299_frontend_parallel_deep_20260614_0943/bf16-agent/ex216/logs/ex216_deep_se_mh3_field_default.evaluate.py.log,area-vs-delay output grouping,,,1,5720,,0,,,,,,,,0,,,,,student/runs/bf16/ex223_ex299_frontend_parallel_deep_20260614_0943/bf16-agent/ex216/official_eval/ex216_deep_se_mh3_field_default/ex216.aig,student/work/ex223_ex299_frontend_parallel_deep_20260614_0943/bf16-agent/ex216/logs/ex216_deep_se_mh3_field_default.yosys.log,,,,,,,,,,,
bf16-agent,bf16,ex216,ex216_deep_mtbdd_field_order,ex216|bf16_cube|mtbdd_field_order|shared whole-word reduced cofactor DAG across outputs|yosys_abc_aig_aigmap|abc_xf_truth_derived_exact|whole_word_mux_dag,,,,,,,1,432,15,6480,5720,3357,student/work/ex223_ex299_frontend_parallel_deep_20260614_0943/bf16-agent/ex216/verilog/ex216_deep_mtbdd_field_order.v,student/work/ex223_ex299_frontend_parallel_deep_20260614_0943/bf16-agent/ex216/aigs/ex216_deep_mtbdd_field_order.aig,student/work/ex223_ex299_frontend_parallel_deep_20260614_0943/bf16-agent/ex216/logs/ex216_deep_mtbdd_field_order.evaluate.py.log,student/frontend_campaigns/campaigns/ex223_ex299_frontend_parallel_deep_20260614_0943/agent_shards/bf16-agent/candidates.csv,"official evaluate.py status=OK; synth_runtime_sec=18.260; eval_runtime_sec=0.528; stats={'bdd_order': 'field_order', 'bdd_nodes': 21703}",ex216_deep_mtbdd_field_order,bf16_cube,,student/work/ex223_ex299_frontend_parallel_deep_20260614_0943/bf16-agent/ex216/logs/ex216_deep_mtbdd_field_order.evaluate.py.log,shared cofactor MTBDD,,,1,5720,,0,,,,,,,,0,,,,,student/runs/bf16/ex223_ex299_frontend_parallel_deep_20260614_0943/bf16-agent/ex216/official_eval/ex216_deep_mtbdd_field_order/ex216.aig,student/work/ex223_ex299_frontend_parallel_deep_20260614_0943/bf16-agent/ex216/logs/ex216_deep_mtbdd_field_order.yosys.log,,,,,,,,,,,
bf16-agent,bf16,ex218,ex218_deep_se_mh3_word_default,ex218|bf16_reciprocal_cube|se_mh3_word_default_cofactor|shared sign_exp default plus mantissa-hi/lo residual groups|yosys_abc_gates_aigmap|abc_xf_truth_derived_exact|full_word_grouped,,,,,,,1,1379,15,20685,5941,3222,student/work/ex223_ex299_frontend_parallel_deep_20260614_0943/bf16-agent/ex218/verilog/ex218_deep_se_mh3_word_default.v,student/work/ex223_ex299_frontend_parallel_deep_20260614_0943/bf16-agent/ex218/aigs/ex218_deep_se_mh3_word_default.aig,student/work/ex223_ex299_frontend_parallel_deep_20260614_0943/bf16-agent/ex218/logs/ex218_deep_se_mh3_word_default.evaluate.py.log,student/frontend_campaigns/campaigns/ex223_ex299_frontend_parallel_deep_20260614_0943/agent_shards/bf16-agent/candidates.csv,"official evaluate.py status=OK; synth_runtime_sec=6.527; eval_runtime_sec=0.488; stats={'mant_hi_bits': 3, 'mant_lo_bits': 4, 'se_defaults': 426, 'group_overrides': 1360, 'leaf_overrides': 20342}",ex218_deep_se_mh3_word_default,bf16_reciprocal_cube,,student/work/ex223_ex299_frontend_parallel_deep_20260614_0943/bf16-agent/ex218/logs/ex218_deep_se_mh3_word_default.evaluate.py.log,grouped LUT/cofactor word,,,1,5941,,0,,,,,,,,0,,,,,student/runs/bf16/ex223_ex299_frontend_parallel_deep_20260614_0943/bf16-agent/ex218/official_eval/ex218_deep_se_mh3_word_default/ex218.aig,student/work/ex223_ex299_frontend_parallel_deep_20260614_0943/bf16-agent/ex218/logs/ex218_deep_se_mh3_word_default.yosys.log,,,,,,,,,,,
bf16-agent,bf16,ex218,ex218_deep_se_mh3_field_default,ex218|bf16_reciprocal_cube|se_mh3_field_default_cofactor|shared sign_exp default plus separated sign_exp_mant output fields|yosys_abc_gates_aigmap|abc_xf_truth_derived_exact|separate_output_fields,,,,,,,1,1007,15,15105,5941,3222,student/work/ex223_ex299_frontend_parallel_deep_20260614_0943/bf16-agent/ex218/verilog/ex218_deep_se_mh3_field_default.v,student/work/ex223_ex299_frontend_parallel_deep_20260614_0943/bf16-agent/ex218/aigs/ex218_deep_se_mh3_field_default.aig,student/work/ex223_ex299_frontend_parallel_deep_20260614_0943/bf16-agent/ex218/logs/ex218_deep_se_mh3_field_default.evaluate.py.log,student/frontend_campaigns/campaigns/ex223_ex299_frontend_parallel_deep_20260614_0943/agent_shards/bf16-agent/candidates.csv,"official evaluate.py status=OK; synth_runtime_sec=5.235; eval_runtime_sec=0.518; stats={'mant_hi_bits': 3, 'mant_lo_bits': 4, 'out_sign_groups': 1, 'out_sign_leaves': 1, 'out_exp_groups': 854, 'out_exp_leaves': 1192, 'out_mant_groups': 1358, 'out_mant_leaves': 20340}",ex218_deep_se_mh3_field_default,bf16_reciprocal_cube,,student/work/ex223_ex299_frontend_parallel_deep_20260614_0943/bf16-agent/ex218/logs/ex218_deep_se_mh3_field_default.evaluate.py.log,area-vs-delay output grouping,,,1,5941,,0,,,,,,,,0,,,,,student/runs/bf16/ex223_ex299_frontend_parallel_deep_20260614_0943/bf16-agent/ex218/official_eval/ex218_deep_se_mh3_field_default/ex218.aig,student/work/ex223_ex299_frontend_parallel_deep_20260614_0943/bf16-agent/ex218/logs/ex218_deep_se_mh3_field_default.yosys.log,,,,,,,,,,,
bf16-agent,bf16,ex218,ex218_deep_mtbdd_field_order,ex218|bf16_reciprocal_cube|mtbdd_field_order|shared whole-word reduced cofactor DAG across outputs|yosys_abc_aig_aigmap|abc_xf_truth_derived_exact|whole_word_mux_dag,,,,,,,1,508,15,7620,5941,3222,student/work/ex223_ex299_frontend_parallel_deep_20260614_0943/bf16-agent/ex218/verilog/ex218_deep_mtbdd_field_order.v,student/work/ex223_ex299_frontend_parallel_deep_20260614_0943/bf16-agent/ex218/aigs/ex218_deep_mtbdd_field_order.aig,student/work/ex223_ex299_frontend_parallel_deep_20260614_0943/bf16-agent/ex218/logs/ex218_deep_mtbdd_field_order.evaluate.py.log,student/frontend_campaigns/campaigns/ex223_ex299_frontend_parallel_deep_20260614_0943/agent_shards/bf16-agent/candidates.csv,"official evaluate.py status=OK; synth_runtime_sec=18.359; eval_runtime_sec=0.514; stats={'bdd_order': 'field_order', 'bdd_nodes': 21751}",ex218_deep_mtbdd_field_order,bf16_reciprocal_cube,,student/work/ex223_ex299_frontend_parallel_deep_20260614_0943/bf16-agent/ex218/logs/ex218_deep_mtbdd_field_order.evaluate.py.log,shared cofactor MTBDD,,,1,5941,,0,,,,,,,,0,,,,,student/runs/bf16/ex223_ex299_frontend_parallel_deep_20260614_0943/bf16-agent/ex218/official_eval/ex218_deep_mtbdd_field_order/ex218.aig,student/work/ex223_ex299_frontend_parallel_deep_20260614_0943/bf16-agent/ex218/logs/ex218_deep_mtbdd_field_order.yosys.log,,,,,,,,,,,
bf16-agent,bf16,ex219,ex219_deep_se_mh3_word_default,ex219|bf16_reciprocal_cbrt|se_mh3_word_default_cofactor|shared sign_exp default plus mantissa-hi/lo residual groups|yosys_abc_gates_aigmap|abc_xf_truth_derived_exact|full_word_grouped,,,,,,,1,2007,15,30105,9212,5640,student/work/ex223_ex299_frontend_parallel_deep_20260614_0943/bf16-agent/ex219/verilog/ex219_deep_se_mh3_word_default.v,student/work/ex223_ex299_frontend_parallel_deep_20260614_0943/bf16-agent/ex219/aigs/ex219_deep_se_mh3_word_default.aig,student/work/ex223_ex299_frontend_parallel_deep_20260614_0943/bf16-agent/ex219/logs/ex219_deep_se_mh3_word_default.evaluate.py.log,student/frontend_campaigns/campaigns/ex223_ex299_frontend_parallel_deep_20260614_0943/agent_shards/bf16-agent/candidates.csv,"official evaluate.py status=OK; synth_runtime_sec=19.715; eval_runtime_sec=1.057; stats={'mant_hi_bits': 3, 'mant_lo_bits': 4, 'se_defaults': 512, 'group_overrides': 4066, 'leaf_overrides': 50138}",ex219_deep_se_mh3_word_default,bf16_reciprocal_cbrt,,student/work/ex223_ex299_frontend_parallel_deep_20260614_0943/bf16-agent/ex219/logs/ex219_deep_se_mh3_word_default.evaluate.py.log,grouped LUT/cofactor word,,,1,9212,,0,,,,,,,,0,,,,,student/runs/bf16/ex223_ex299_frontend_parallel_deep_20260614_0943/bf16-agent/ex219/official_eval/ex219_deep_se_mh3_word_default/ex219.aig,student/work/ex223_ex299_frontend_parallel_deep_20260614_0943/bf16-agent/ex219/logs/ex219_deep_se_mh3_word_default.yosys.log,,,,,,,,,,,
bf16-agent,bf16,ex219,ex219_deep_se_mh3_field_default,ex219|bf16_reciprocal_cbrt|se_mh3_field_default_cofactor|shared sign_exp default plus separated sign_exp_mant output fields|yosys_abc_gates_aigmap|abc_xf_truth_derived_exact|separate_output_fields,,,,,,,1,1434,15,21510,9212,5640,student/work/ex223_ex299_frontend_parallel_deep_20260614_0943/bf16-agent/ex219/verilog/ex219_deep_se_mh3_field_default.v,student/work/ex223_ex299_frontend_parallel_deep_20260614_0943/bf16-agent/ex219/aigs/ex219_deep_se_mh3_field_default.aig,student/work/ex223_ex299_frontend_parallel_deep_20260614_0943/bf16-agent/ex219/logs/ex219_deep_se_mh3_field_default.evaluate.py.log,student/frontend_campaigns/campaigns/ex223_ex299_frontend_parallel_deep_20260614_0943/agent_shards/bf16-agent/candidates.csv,"official evaluate.py status=OK; synth_runtime_sec=15.520; eval_runtime_sec=1.062; stats={'mant_hi_bits': 3, 'mant_lo_bits': 4, 'out_sign_groups': 1, 'out_sign_leaves': 1, 'out_exp_groups': 172, 'out_exp_leaves': 172, 'out_mant_groups': 4066, 'out_mant_leaves': 50138}",ex219_deep_se_mh3_field_default,bf16_reciprocal_cbrt,,student/work/ex223_ex299_frontend_parallel_deep_20260614_0943/bf16-agent/ex219/logs/ex219_deep_se_mh3_field_default.evaluate.py.log,area-vs-delay output grouping,,,1,9212,,0,,,,,,,,0,,,,,student/runs/bf16/ex223_ex299_frontend_parallel_deep_20260614_0943/bf16-agent/ex219/official_eval/ex219_deep_se_mh3_field_default/ex219.aig,student/work/ex223_ex299_frontend_parallel_deep_20260614_0943/bf16-agent/ex219/logs/ex219_deep_se_mh3_field_default.yosys.log,,,,,,,,,,,
unknown-hard-r2-agent,unknown,ex286,ex286_hard_r2_route_state_residual_bdd,ex286|hamming_weight_preserving_lossy_routing_normalizer|home_collision_probe_state_residual_bdd|shared_greedy_route_state_plus_residual_node_pool|yosys_abc_g_AND|abc_xf_official_evaluate|full_word_residual_xor,,,home_collision_probe_state_residual_bdd,,yosys_abc_g_AND,,1,7738,22,170236,20190,2376,student/work/ex223_ex299_frontend_parallel_deep_20260614_0943/unknown-hard-r2-agent/ex286/verilog/ex286_hard_r2_route_state_residual_bdd.v,student/work/ex223_ex299_frontend_parallel_deep_20260614_0943/unknown-hard-r2-agent/ex286/aigs/ex286_hard_r2_route_state_residual_bdd.aig,student/work/ex223_ex299_frontend_parallel_deep_20260614_0943/unknown-hard-r2-agent/ex286/logs/ex286_hard_r2_route_state_residual_bdd.evaluate.py.log,student/frontend_campaigns/campaigns/ex223_ex299_frontend_parallel_deep_20260614_0943/agent_shards/unknown-hard-r2-agent/candidates.csv,token_order=11:9:8:10:1:3:0:12:2:6:7:4:5; bdd_order=11:8:1:0:2:7:5:4:6:12:3:10:9; residual_bdd_nodes=4826; nonzero_residual_rows=8109,ex286_hard_r2_route_state_residual_bdd,hamming_weight_preserving_lossy_routing_normalizer,shared greedy occupancy state and one residual BDD node pool,student/work/ex223_ex299_frontend_parallel_deep_20260614_0943/unknown-hard-r2-agent/ex286/logs/ex286_hard_r2_route_state_residual_bdd.evaluate.py.log,home_collision_probe_state_plus_residual_bdd,abc_xf_official_evaluate,full_word_residual_xor,1,20190,0,0,,,,,,,,,,,,,,,,,,,,,,,,,
unknown-hard-r2-agent,unknown,ex286,ex286_hard_r2_deg2_anf_residual_bdd,ex286|ANF_cofactor_decomposition|degree2_output_anf_residual_bdd|low_degree_gf2_bank_plus_shared_residual_node_pool|yosys_abc_g_AND|abc_xf_official_evaluate|full_word_residual_xor,,,degree2_output_anf_residual_bdd,,yosys_abc_g_AND,,1,10118,23,232714,20190,2376,student/work/ex223_ex299_frontend_parallel_deep_20260614_0943/unknown-hard-r2-agent/ex286/verilog/ex286_hard_r2_deg2_anf_residual_bdd.v,student/work/ex223_ex299_frontend_parallel_deep_20260614_0943/unknown-hard-r2-agent/ex286/aigs/ex286_hard_r2_deg2_anf_residual_bdd.aig,student/work/ex223_ex299_frontend_parallel_deep_20260614_0943/unknown-hard-r2-agent/ex286/logs/ex286_hard_r2_deg2_anf_residual_bdd.evaluate.py.log,student/frontend_campaigns/campaigns/ex223_ex299_frontend_parallel_deep_20260614_0943/agent_shards/unknown-hard-r2-agent/candidates.csv,max_degree=2; term_counts=8:17:10:20:4:17:6:8:11:32:8:28:4; residual_bdd_nodes=5982; nonzero_residual_rows=7822; bdd_order=11:8:1:0:2:7:5:4:6:12:3:10:9,ex286_hard_r2_deg2_anf_residual_bdd,ANF_cofactor_decomposition,shared degree-2 GF2 term bank in source plus one residual BDD node pool,student/work/ex223_ex299_frontend_parallel_deep_20260614_0943/unknown-hard-r2-agent/ex286/logs/ex286_hard_r2_deg2_anf_residual_bdd.evaluate.py.log,degree2_output_anf_plus_shared_residual_bdd,abc_xf_official_evaluate,full_word_residual_xor,1,20190,0,0,,,,,,,,,,,,,,,,,,,,,,,,,
unknown-hard-r2-agent,unknown,ex286,ex286_hard_r2_split3_raw_cofactor_bdd,ex286|non_PPT_structural_hypothesis|split3_raw_selector_shared_cofactor_bdd|three_bit_selector_with_full_word_cofactor_node_pools|yosys_abc_g_AND|abc_xf_official_evaluate|full_word_case_small_selector,,,split3_raw_selector_shared_cofactor_bdd,,yosys_abc_g_AND,,1,5954,19,113126,20190,2376,student/work/ex223_ex299_frontend_parallel_deep_20260614_0943/unknown-hard-r2-agent/ex286/verilog/ex286_hard_r2_split3_raw_cofactor_bdd.v,student/work/ex223_ex299_frontend_parallel_deep_20260614_0943/unknown-hard-r2-agent/ex286/aigs/ex286_hard_r2_split3_raw_cofactor_bdd.aig,student/work/ex223_ex299_frontend_parallel_deep_20260614_0943/unknown-hard-r2-agent/ex286/logs/ex286_hard_r2_split3_raw_cofactor_bdd.evaluate.py.log,student/frontend_campaigns/campaigns/ex223_ex299_frontend_parallel_deep_20260614_0943/agent_shards/unknown-hard-r2-agent/candidates.csv,selector_bits=2:8:11; remaining_order=1:0:7:5:4:6:12:3:10:9; selector_states=8; total_cofactor_bdd_nodes=5278,ex286_hard_r2_split3_raw_cofactor_bdd,non_PPT_structural_hypothesis,three raw selector bits drive eight full-word shared BDD cofactors,student/work/ex223_ex299_frontend_parallel_deep_20260614_0943/unknown-hard-r2-agent/ex286/logs/ex286_hard_r2_split3_raw_cofactor_bdd.evaluate.py.log,split3_raw_selector_shared_cofactor_bdd,abc_xf_official_evaluate,full_word_case_small_selector,1,20190,0,0,,,,,,,,,,,,,,,,,,,,,,,,,
unknown-hard-r2-agent,unknown,ex287,ex287_hard_r2_route_state_residual_bdd,ex287|hamming_weight_preserving_lossy_routing_normalizer|home_collision_probe_state_residual_bdd|shared_greedy_route_state_plus_residual_node_pool|yosys_abc_g_AND|abc_xf_official_evaluate|full_word_residual_xor,,,home_collision_probe_state_residual_bdd,,yosys_abc_g_AND,,1,11184,24,268416,27390,5782,student/work/ex223_ex299_frontend_parallel_deep_20260614_0943/unknown-hard-r2-agent/ex287/verilog/ex287_hard_r2_route_state_residual_bdd.v,student/work/ex223_ex299_frontend_parallel_deep_20260614_0943/unknown-hard-r2-agent/ex287/aigs/ex287_hard_r2_route_state_residual_bdd.aig,student/work/ex223_ex299_frontend_parallel_deep_20260614_0943/unknown-hard-r2-agent/ex287/logs/ex287_hard_r2_route_state_residual_bdd.evaluate.py.log,student/frontend_campaigns/campaigns/ex223_ex299_frontend_parallel_deep_20260614_0943/agent_shards/unknown-hard-r2-agent/candidates.csv,token_order=8:9:11:10:3:12:0:2:6:7:13:4:5:1; bdd_order=8:11:3:0:6:13:5:1:4:7:2:12:10:9; residual_bdd_nodes=6390; nonzero_residual_rows=16320,ex287_hard_r2_route_state_residual_bdd,hamming_weight_preserving_lossy_routing_normalizer,shared greedy occupancy state and one residual BDD node pool,student/work/ex223_ex299_frontend_parallel_deep_20260614_0943/unknown-hard-r2-agent/ex287/logs/ex287_hard_r2_route_state_residual_bdd.evaluate.py.log,home_collision_probe_state_plus_residual_bdd,abc_xf_official_evaluate,full_word_residual_xor,1,27390,0,0,,,,,,,,,,,,,,,,,,,,,,,,,
unknown-hard-r2-agent,unknown,ex287,ex287_hard_r2_deg2_anf_residual_bdd,ex287|ANF_cofactor_decomposition|degree2_output_anf_residual_bdd|low_degree_gf2_bank_plus_shared_residual_node_pool|yosys_abc_g_AND|abc_xf_official_evaluate|full_word_residual_xor,,,degree2_output_anf_residual_bdd,,yosys_abc_g_AND,,1,14880,26,386880,27390,5782,student/work/ex223_ex299_frontend_parallel_deep_20260614_0943/unknown-hard-r2-agent/ex287/verilog/ex287_hard_r2_deg2_anf_residual_bdd.v,student/work/ex223_ex299_frontend_parallel_deep_20260614_0943/unknown-hard-r2-agent/ex287/aigs/ex287_hard_r2_deg2_anf_residual_bdd.aig,student/work/ex223_ex299_frontend_parallel_deep_20260614_0943/unknown-hard-r2-agent/ex287/logs/ex287_hard_r2_deg2_anf_residual_bdd.evaluate.py.log,student/frontend_campaigns/campaigns/ex223_ex299_frontend_parallel_deep_20260614_0943/agent_shards/unknown-hard-r2-agent/candidates.csv,max_degree=2; term_counts=5:11:8:24:8:18:6:8:8:34:6:30:6:18; residual_bdd_nodes=7983; nonzero_residual_rows=15780; bdd_order=8:11:3:0:6:13:5:1:4:7:2:12:10:9,ex287_hard_r2_deg2_anf_residual_bdd,ANF_cofactor_decomposition,shared degree-2 GF2 term bank in source plus one residual BDD node pool,student/work/ex223_ex299_frontend_parallel_deep_20260614_0943/unknown-hard-r2-agent/ex287/logs/ex287_hard_r2_deg2_anf_residual_bdd.evaluate.py.log,degree2_output_anf_plus_shared_residual_bdd,abc_xf_official_evaluate,full_word_residual_xor,1,27390,0,0,,,,,,,,,,,,,,,,,,,,,,,,,
unknown-hard-r2-agent,unknown,ex287,ex287_hard_r2_split3_raw_cofactor_bdd,ex287|non_PPT_structural_hypothesis|split3_raw_selector_shared_cofactor_bdd|three_bit_selector_with_full_word_cofactor_node_pools|yosys_abc_g_AND|abc_xf_official_evaluate|full_word_case_small_selector,,,split3_raw_selector_shared_cofactor_bdd,,yosys_abc_g_AND,,1,5676,20,113520,27390,5782,student/work/ex223_ex299_frontend_parallel_deep_20260614_0943/unknown-hard-r2-agent/ex287/verilog/ex287_hard_r2_split3_raw_cofactor_bdd.v,student/work/ex223_ex299_frontend_parallel_deep_20260614_0943/unknown-hard-r2-agent/ex287/aigs/ex287_hard_r2_split3_raw_cofactor_bdd.aig,student/work/ex223_ex299_frontend_parallel_deep_20260614_0943/unknown-hard-r2-agent/ex287/logs/ex287_hard_r2_split3_raw_cofactor_bdd.evaluate.py.log,student/frontend_campaigns/campaigns/ex223_ex299_frontend_parallel_deep_20260614_0943/agent_shards/unknown-hard-r2-agent/candidates.csv,selector_bits=3:10:11; remaining_order=8:0:6:13:5:1:4:7:2:12:9; selector_states=8; total_cofactor_bdd_nodes=5740,ex287_hard_r2_split3_raw_cofactor_bdd,non_PPT_structural_hypothesis,three raw selector bits drive eight full-word shared BDD cofactors,student/work/ex223_ex299_frontend_parallel_deep_20260614_0943/unknown-hard-r2-agent/ex287/logs/ex287_hard_r2_split3_raw_cofactor_bdd.evaluate.py.log,split3_raw_selector_shared_cofactor_bdd,abc_xf_official_evaluate,full_word_case_small_selector,1,27390,0,0,,,,,,,,,,,,,,,,,,,,,,,,,
unknown-cell-agent,unknown,ex285,ex285_uc_paircount_edges_0_1_10_11,"frontend_hybrid:base=decision_tree_current;donor=paircount_original_order_tree;donor_bits=0,1,10,11;synth=abc_g_aig",,,,,,OK,1,807,17,13719,13175,,student/work/ex223_ex299_frontend_parallel_deep_20260614_0943/unknown-cell-agent/ex285/verilog/ex285_uc_paircount_edges_0_1_10_11.v,student/work/ex223_ex299_frontend_parallel_deep_20260614_0943/unknown-cell-agent/ex285/aigs/ex285_uc_paircount_edges_0_1_10_11.aig,student/work/ex223_ex299_frontend_parallel_deep_20260614_0943/unknown-cell-agent/ex285/logs/ex285_uc_paircount_edges_0_1_10_11.evaluate.py.log,student/frontend_campaigns/campaigns/ex223_ex299_frontend_parallel_deep_20260614_0943/agent_shards/unknown-cell-agent/candidates.csv,,ex285_uc_paircount_edges_0_1_10_11,,,,,,,,,,,ex223_ex299_frontend_parallel_deep_20260614_0943,routing_cell_descriptor_paircount_hybrid,,student/work/ex223_ex299_frontend_parallel_deep_20260614_0943/unknown-cell-agent/ex285/official_outputs/ex285_uc_paircount_edges_0_1_10_11,,,,,,,,,,,13175,544,no,student/work/ex223_ex299_frontend_parallel_deep_20260614_0943/unknown-cell-agent/ex285/logs/ex285_uc_paircount_edges_0_1_10_11.yosys.log,student/work/ex223_ex299_frontend_parallel_deep_20260614_0943/unknown-cell-agent/ex285/logs/ex285_uc_paircount_edges_0_1_10_11.evaluate.py.log,10.81,0.19,,,,
unknown-cell-agent,unknown,ex285,ex285_uc_sorted_inner_2_3_8_9,"frontend_hybrid:base=decision_tree_current;donor=sorted_position_descriptor;donor_bits=2,3,8,9;synth=abc_g_aig",,,,,,OK,1,801,17,13617,13175,,student/work/ex223_ex299_frontend_parallel_deep_20260614_0943/unknown-cell-agent/ex285/verilog/ex285_uc_sorted_inner_2_3_8_9.v,student/work/ex223_ex299_frontend_parallel_deep_20260614_0943/unknown-cell-agent/ex285/aigs/ex285_uc_sorted_inner_2_3_8_9.aig,student/work/ex223_ex299_frontend_parallel_deep_20260614_0943/unknown-cell-agent/ex285/logs/ex285_uc_sorted_inner_2_3_8_9.evaluate.py.log,student/frontend_campaigns/campaigns/ex223_ex299_frontend_parallel_deep_20260614_0943/agent_shards/unknown-cell-agent/candidates.csv,,ex285_uc_sorted_inner_2_3_8_9,,,,,,,,,,,ex223_ex299_frontend_parallel_deep_20260614_0943,shared_state_sorted_position_descriptor_hybrid,,student/work/ex223_ex299_frontend_parallel_deep_20260614_0943/unknown-cell-agent/ex285/official_outputs/ex285_uc_sorted_inner_2_3_8_9,,,,,,,,,,,13175,442,no,student/work/ex223_ex299_frontend_parallel_deep_20260614_0943/unknown-cell-agent/ex285/logs/ex285_uc_sorted_inner_2_3_8_9.yosys.log,student/work/ex223_ex299_frontend_parallel_deep_20260614_0943/unknown-cell-agent/ex285/logs/ex285_uc_sorted_inner_2_3_8_9.evaluate.py.log,15.86,0.19,,,,
unknown-cell-agent,unknown,ex285,ex285_uc_loww2_gap_3_4_7_8,"frontend_hybrid:base=decision_tree_current;donor=loww2_position_decoder;donor_bits=3,4,7,8;synth=abc_g_aig",,,,,,OK,1,817,17,13889,13175,,student/work/ex223_ex299_frontend_parallel_deep_20260614_0943/unknown-cell-agent/ex285/verilog/ex285_uc_loww2_gap_3_4_7_8.v,student/work/ex223_ex299_frontend_parallel_deep_20260614_0943/unknown-cell-agent/ex285/aigs/ex285_uc_loww2_gap_3_4_7_8.aig,student/work/ex223_ex299_frontend_parallel_deep_20260614_0943/unknown-cell-agent/ex285/logs/ex285_uc_loww2_gap_3_4_7_8.evaluate.py.log,student/frontend_campaigns/campaigns/ex223_ex299_frontend_parallel_deep_20260614_0943/agent_shards/unknown-cell-agent/candidates.csv,,ex285_uc_loww2_gap_3_4_7_8,,,,,,,,,,,ex223_ex299_frontend_parallel_deep_20260614_0943,hamming_weight_preserving_loww2_normalizer_hybrid,,student/work/ex223_ex299_frontend_parallel_deep_20260614_0943/unknown-cell-agent/ex285/official_outputs/ex285_uc_loww2_gap_3_4_7_8,,,,,,,,,,,13175,714,no,student/work/ex223_ex299_frontend_parallel_deep_20260614_0943/unknown-cell-agent/ex285/logs/ex285_uc_loww2_gap_3_4_7_8.yosys.log,student/work/ex223_ex299_frontend_parallel_deep_20260614_0943/unknown-cell-agent/ex285/logs/ex285_uc_loww2_gap_3_4_7_8.evaluate.py.log,14.51,0.19,,,,
unknown-cell-agent,unknown,ex285,ex285_uc_boundary_alt_0_2_9_11,"frontend_hybrid:base=decision_tree_current;donor=route_decode_helper_boundary;donor_bits=0,2,9,11;synth=abc_g_aig",,,,,,OK,1,800,16,12800,13175,,student/work/ex223_ex299_frontend_parallel_deep_20260614_0943/unknown-cell-agent/ex285/verilog/ex285_uc_boundary_alt_0_2_9_11.v,student/work/ex223_ex299_frontend_parallel_deep_20260614_0943/unknown-cell-agent/ex285/aigs/ex285_uc_boundary_alt_0_2_9_11.aig,student/work/ex223_ex299_frontend_parallel_deep_20260614_0943/unknown-cell-agent/ex285/logs/ex285_uc_boundary_alt_0_2_9_11.evaluate.py.log,student/frontend_campaigns/campaigns/ex223_ex299_frontend_parallel_deep_20260614_0943/agent_shards/unknown-cell-agent/candidates.csv,,ex285_uc_boundary_alt_0_2_9_11,,,,,,,,,,,ex223_ex299_frontend_parallel_deep_20260614_0943,split_decision_graph_route_boundary_hybrid,,student/work/ex223_ex299_frontend_parallel_deep_20260614_0943/unknown-cell-agent/ex285/official_outputs/ex285_uc_boundary_alt_0_2_9_11,,,,,,,,,,,13175,-375,yes,student/work/ex223_ex299_frontend_parallel_deep_20260614_0943/unknown-cell-agent/ex285/logs/ex285_uc_boundary_alt_0_2_9_11.yosys.log,student/work/ex223_ex299_frontend_parallel_deep_20260614_0943/unknown-cell-agent/ex285/logs/ex285_uc_boundary_alt_0_2_9_11.evaluate.py.log,16.32,0.20,,,,
unknown-cell-agent,unknown,ex288,ex288_uc_loww2_band_5_6_7_8_9,"frontend_hybrid:base=keybdd_current;donor=loww2_position_decoder;donor_bits=5,6,7,8,9;synth=abc_g_aig",,,,,,OK,1,2288,15,34320,31598,,student/work/ex223_ex299_frontend_parallel_deep_20260614_0943/unknown-cell-agent/ex288/verilog/ex288_uc_loww2_band_5_6_7_8_9.v,student/work/ex223_ex299_frontend_parallel_deep_20260614_0943/unknown-cell-agent/ex288/aigs/ex288_uc_loww2_band_5_6_7_8_9.aig,student/work/ex223_ex299_frontend_parallel_deep_20260614_0943/unknown-cell-agent/ex288/logs/ex288_uc_loww2_band_5_6_7_8_9.evaluate.py.log,student/frontend_campaigns/campaigns/ex223_ex299_frontend_parallel_deep_20260614_0943/agent_shards/unknown-cell-agent/candidates.csv,,ex288_uc_loww2_band_5_6_7_8_9,,,,,,,,,,,ex223_ex299_frontend_parallel_deep_20260614_0943,hamming_weight_preserving_loww2_normalizer_hybrid,,student/work/ex223_ex299_frontend_parallel_deep_20260614_0943/unknown-cell-agent/ex288/official_outputs/ex288_uc_loww2_band_5_6_7_8_9,,,,,,,,,,,31598,2722,no,student/work/ex223_ex299_frontend_parallel_deep_20260614_0943/unknown-cell-agent/ex288/logs/ex288_uc_loww2_band_5_6_7_8_9.yosys.log,student/work/ex223_ex299_frontend_parallel_deep_20260614_0943/unknown-cell-agent/ex288/logs/ex288_uc_loww2_band_5_6_7_8_9.evaluate.py.log,4.29,0.60,,,,
unknown-cell-agent,unknown,ex288,ex288_uc_onehot_boundary_0_1_13_14,"frontend_hybrid:base=keybdd_current;donor=onehot_boundary_bypass;donor_bits=0,1,13,14;synth=abc_g_aig",,,,,,OK,1,2262,14,31668,31598,,student/work/ex223_ex299_frontend_parallel_deep_20260614_0943/unknown-cell-agent/ex288/verilog/ex288_uc_onehot_boundary_0_1_13_14.v,student/work/ex223_ex299_frontend_parallel_deep_20260614_0943/unknown-cell-agent/ex288/aigs/ex288_uc_onehot_boundary_0_1_13_14.aig,student/work/ex223_ex299_frontend_parallel_deep_20260614_0943/unknown-cell-agent/ex288/logs/ex288_uc_onehot_boundary_0_1_13_14.evaluate.py.log,student/frontend_campaigns/campaigns/ex223_ex299_frontend_parallel_deep_20260614_0943/agent_shards/unknown-cell-agent/candidates.csv,,ex288_uc_onehot_boundary_0_1_13_14,,,,,,,,,,,ex223_ex299_frontend_parallel_deep_20260614_0943,split_decision_graph_onehot_boundary_hybrid,,student/work/ex223_ex299_frontend_parallel_deep_20260614_0943/unknown-cell-agent/ex288/official_outputs/ex288_uc_onehot_boundary_0_1_13_14,,,,,,,,,,,31598,70,no,student/work/ex223_ex299_frontend_parallel_deep_20260614_0943/unknown-cell-agent/ex288/logs/ex288_uc_onehot_boundary_0_1_13_14.yosys.log,student/work/ex223_ex299_frontend_parallel_deep_20260614_0943/unknown-cell-agent/ex288/logs/ex288_uc_onehot_boundary_0_1_13_14.evaluate.py.log,4.20,0.63,,,,
unknown-cell-agent,unknown,ex288,ex288_uc_twohot_overlay_swaps_4_5_8_9,"frontend_hybrid:base=keybdd_current;donor=twohot_direct_overlay;donor_bits=4,5,8,9;synth=abc_g_aig",,,,,,OK,1,2298,15,34470,31598,,student/work/ex223_ex299_frontend_parallel_deep_20260614_0943/unknown-cell-agent/ex288/verilog/ex288_uc_twohot_overlay_swaps_4_5_8_9.v,student/work/ex223_ex299_frontend_parallel_deep_20260614_0943/unknown-cell-agent/ex288/aigs/ex288_uc_twohot_overlay_swaps_4_5_8_9.aig,student/work/ex223_ex299_frontend_parallel_deep_20260614_0943/unknown-cell-agent/ex288/logs/ex288_uc_twohot_overlay_swaps_4_5_8_9.evaluate.py.log,student/frontend_campaigns/campaigns/ex223_ex299_frontend_parallel_deep_20260614_0943/agent_shards/unknown-cell-agent/candidates.csv,,ex288_uc_twohot_overlay_swaps_4_5_8_9,,,,,,,,,,,ex223_ex299_frontend_parallel_deep_20260614_0943,twohot_output_grouping_overlay_hybrid,,student/work/ex223_ex299_frontend_parallel_deep_20260614_0943/unknown-cell-agent/ex288/official_outputs/ex288_uc_twohot_overlay_swaps_4_5_8_9,,,,,,,,,,,31598,2872,no,student/work/ex223_ex299_frontend_parallel_deep_20260614_0943/unknown-cell-agent/ex288/logs/ex288_uc_twohot_overlay_swaps_4_5_8_9.yosys.log,student/work/ex223_ex299_frontend_parallel_deep_20260614_0943/unknown-cell-agent/ex288/logs/ex288_uc_twohot_overlay_swaps_4_5_8_9.evaluate.py.log,4.46,0.60,,,,
unknown-cell-agent,unknown,ex288,ex288_uc_symcof_edge_alt_1_2_12_13,"frontend_hybrid:base=keybdd_current;donor=symcof_edge_bits;donor_bits=1,2,12,13;synth=abc_g_aig",,,,,,OK,1,2274,15,34110,31598,,student/work/ex223_ex299_frontend_parallel_deep_20260614_0943/unknown-cell-agent/ex288/verilog/ex288_uc_symcof_edge_alt_1_2_12_13.v,student/work/ex223_ex299_frontend_parallel_deep_20260614_0943/unknown-cell-agent/ex288/aigs/ex288_uc_symcof_edge_alt_1_2_12_13.aig,student/work/ex223_ex299_frontend_parallel_deep_20260614_0943/unknown-cell-agent/ex288/logs/ex288_uc_symcof_edge_alt_1_2_12_13.evaluate.py.log,student/frontend_campaigns/campaigns/ex223_ex299_frontend_parallel_deep_20260614_0943/agent_shards/unknown-cell-agent/candidates.csv,,ex288_uc_symcof_edge_alt_1_2_12_13,,,,,,,,,,,ex223_ex299_frontend_parallel_deep_20260614_0943,bdd_cofactor_symcof_edge_hybrid,,student/work/ex223_ex299_frontend_parallel_deep_20260614_0943/unknown-cell-agent/ex288/official_outputs/ex288_uc_symcof_edge_alt_1_2_12_13,,,,,,,,,,,31598,2512,no,student/work/ex223_ex299_frontend_parallel_deep_20260614_0943/unknown-cell-agent/ex288/logs/ex288_uc_symcof_edge_alt_1_2_12_13.yosys.log,student/work/ex223_ex299_frontend_parallel_deep_20260614_0943/unknown-cell-agent/ex288/logs/ex288_uc_symcof_edge_alt_1_2_12_13.evaluate.py.log,6.01,1.42,,,,
unknown-cell-agent,unknown,ex297,ex297_uc_pairxor_midhi_4_5_10_11,"frontend_hybrid:base=pairsel_cell_bit_template;donor=pairxor_celllocal_mix;donor_bits=4,5,10,11;synth=abc_g_aig",,,,,,OK,1,26646,16,426336,425024,,student/work/ex223_ex299_frontend_parallel_deep_20260614_0943/unknown-cell-agent/ex297/verilog/ex297_uc_pairxor_midhi_4_5_10_11.v,student/work/ex223_ex299_frontend_parallel_deep_20260614_0943/unknown-cell-agent/ex297/aigs/ex297_uc_pairxor_midhi_4_5_10_11.aig,student/work/ex223_ex299_frontend_parallel_deep_20260614_0943/unknown-cell-agent/ex297/logs/ex297_uc_pairxor_midhi_4_5_10_11.evaluate.py.log,student/frontend_campaigns/campaigns/ex223_ex299_frontend_parallel_deep_20260614_0943/agent_shards/unknown-cell-agent/candidates.csv,,ex297_uc_pairxor_midhi_4_5_10_11,,,,,,,,,,,ex223_ex299_frontend_parallel_deep_20260614_0943,cyclic_rot2_pairxor_celllocal_descriptor_hybrid,,student/work/ex223_ex299_frontend_parallel_deep_20260614_0943/unknown-cell-agent/ex297/official_outputs/ex297_uc_pairxor_midhi_4_5_10_11,,,,,,,,,,,425024,1312,no,student/work/ex223_ex299_frontend_parallel_deep_20260614_0943/unknown-cell-agent/ex297/logs/ex297_uc_pairxor_midhi_4_5_10_11.yosys.log,student/work/ex223_ex299_frontend_parallel_deep_20260614_0943/unknown-cell-agent/ex297/logs/ex297_uc_pairxor_midhi_4_5_10_11.evaluate.py.log,63.53,0.79,,,,
unknown-cell-agent,unknown,ex297,ex297_uc_selector_plane_edges_0_2_12_13,"frontend_hybrid:base=pairsel_cell_bit_template;donor=selector_plane;donor_bits=0,2,12,13;synth=abc_g_aig",,,,,,OK,1,26623,16,425968,425024,,student/work/ex223_ex299_frontend_parallel_deep_20260614_0943/unknown-cell-agent/ex297/verilog/ex297_uc_selector_plane_edges_0_2_12_13.v,student/work/ex223_ex299_frontend_parallel_deep_20260614_0943/unknown-cell-agent/ex297/aigs/ex297_uc_selector_plane_edges_0_2_12_13.aig,student/work/ex223_ex299_frontend_parallel_deep_20260614_0943/unknown-cell-agent/ex297/logs/ex297_uc_selector_plane_edges_0_2_12_13.evaluate.py.log,student/frontend_campaigns/campaigns/ex223_ex299_frontend_parallel_deep_20260614_0943/agent_shards/unknown-cell-agent/candidates.csv,,ex297_uc_selector_plane_edges_0_2_12_13,,,,,,,,,,,ex223_ex299_frontend_parallel_deep_20260614_0943,split_decision_graph_selector_plane_hybrid,,student/work/ex223_ex299_frontend_parallel_deep_20260614_0943/unknown-cell-agent/ex297/official_outputs/ex297_uc_selector_plane_edges_0_2_12_13,,,,,,,,,,,425024,944,no,student/work/ex223_ex299_frontend_parallel_deep_20260614_0943/unknown-cell-agent/ex297/logs/ex297_uc_selector_plane_edges_0_2_12_13.yosys.log,student/work/ex223_ex299_frontend_parallel_deep_20260614_0943/unknown-cell-agent/ex297/logs/ex297_uc_selector_plane_edges_0_2_12_13.evaluate.py.log,68.18,0.77,,,,
unknown-cell-agent,unknown,ex297,ex297_uc_sel2_bdd_outer_0_1_12_13,"frontend_hybrid:base=pairsel_cell_bit_template;donor=sel2_cluster_bdd;donor_bits=0,1,12,13;synth=abc_g_aig",,,,,,OK,1,26638,16,426208,425024,,student/work/ex223_ex299_frontend_parallel_deep_20260614_0943/unknown-cell-agent/ex297/verilog/ex297_uc_sel2_bdd_outer_0_1_12_13.v,student/work/ex223_ex299_frontend_parallel_deep_20260614_0943/unknown-cell-agent/ex297/aigs/ex297_uc_sel2_bdd_outer_0_1_12_13.aig,student/work/ex223_ex299_frontend_parallel_deep_20260614_0943/unknown-cell-agent/ex297/logs/ex297_uc_sel2_bdd_outer_0_1_12_13.evaluate.py.log,student/frontend_campaigns/campaigns/ex223_ex299_frontend_parallel_deep_20260614_0943/agent_shards/unknown-cell-agent/candidates.csv,,ex297_uc_sel2_bdd_outer_0_1_12_13,,,,,,,,,,,ex223_ex299_frontend_parallel_deep_20260614_0943,bdd_cofactor_sel2_outer_output_grouping_hybrid,,student/work/ex223_ex299_frontend_parallel_deep_20260614_0943/unknown-cell-agent/ex297/official_outputs/ex297_uc_sel2_bdd_outer_0_1_12_13,,,,,,,,,,,425024,1184,no,student/work/ex223_ex299_frontend_parallel_deep_20260614_0943/unknown-cell-agent/ex297/logs/ex297_uc_sel2_bdd_outer_0_1_12_13.yosys.log,student/work/ex223_ex299_frontend_parallel_deep_20260614_0943/unknown-cell-agent/ex297/logs/ex297_uc_sel2_bdd_outer_0_1_12_13.evaluate.py.log,44.62,0.81,,,,
unknown-cell-agent,unknown,ex299,ex299_uc_celllocal_quad_6_7_8_9,"frontend_hybrid:base=static_celllocal_pair89;donor=sel2_celllocal_cluster_static;donor_bits=6,7,8,9;synth=abc_g_aig",,,,,,OK,1,98570,18,1774260,1777032,,student/work/ex223_ex299_frontend_parallel_deep_20260614_0943/unknown-cell-agent/ex299/verilog/ex299_uc_celllocal_quad_6_7_8_9.v,student/work/ex223_ex299_frontend_parallel_deep_20260614_0943/unknown-cell-agent/ex299/aigs/ex299_uc_celllocal_quad_6_7_8_9.aig,student/work/ex223_ex299_frontend_parallel_deep_20260614_0943/unknown-cell-agent/ex299/logs/ex299_uc_celllocal_quad_6_7_8_9.evaluate.py.log,student/frontend_campaigns/campaigns/ex223_ex299_frontend_parallel_deep_20260614_0943/agent_shards/unknown-cell-agent/candidates.csv,,ex299_uc_celllocal_quad_6_7_8_9,,,,,,,,,,,ex223_ex299_frontend_parallel_deep_20260614_0943,shared_state_celllocal_descriptor_hybrid,,student/work/ex223_ex299_frontend_parallel_deep_20260614_0943/unknown-cell-agent/ex299/official_outputs/ex299_uc_celllocal_quad_6_7_8_9,,,,,,,,,,,1777032,-2772,yes,student/work/ex223_ex299_frontend_parallel_deep_20260614_0943/unknown-cell-agent/ex299/logs/ex299_uc_celllocal_quad_6_7_8_9.yosys.log,student/work/ex223_ex299_frontend_parallel_deep_20260614_0943/unknown-cell-agent/ex299/logs/ex299_uc_celllocal_quad_6_7_8_9.evaluate.py.log,348.57,5.03,,,,
fp16-r2-agent,fp16,ex223,ex223_wrapper_hi2_single_keep_synth_preset_aig,ex223|fp16_log|tighter_high_bit_wrapper|wrapper_hi2_single_keep|separate_top_two_output_bits_from_one_kept_low_group_around_current_source|synth_preset_aig|abc_xf_official_evaluate,,,,separate top two output bits from one kept low group around current source,synth_preset_aig,OK,1,10585,19,201115,200716,120549,student/work/ex223_ex299_frontend_parallel_deep_20260614_0943/fp16-r2-agent/ex223/verilog/ex223_r2_wrapper_hi2_single_keep.v,student/work/ex223_ex299_frontend_parallel_deep_20260614_0943/fp16-r2-agent/ex223/aigs/ex223_wrapper_hi2_single_keep_synth_preset_aig.aig,student/runs/fp16/ex223_ex299_frontend_parallel_deep_20260614_0943/fp16-r2-agent/ex223/official_eval/ex223_wrapper_hi2_single_keep_synth_preset_aig/ex223_wrapper_hi2_single_keep_synth_preset_aig.evaluate.py.log,student/frontend_campaigns/campaigns/ex223_ex299_frontend_parallel_deep_20260614_0943/agent_shards/fp16-r2-agent/candidates.csv,split_hi2_single_keep,ex223_wrapper_hi2_single_keep_synth_preset_aig,fp16_log,,student/runs/fp16/ex223_ex299_frontend_parallel_deep_20260614_0943/fp16-r2-agent/ex223/official_eval/ex223_wrapper_hi2_single_keep_synth_preset_aig/ex223_wrapper_hi2_single_keep_synth_preset_aig.evaluate.py.log,wrapper_hi2_single_keep,,,,200716,0,0,,tighter_high_bit_wrapper,,,,,,,,,,,,,,,,,,,,200716,0,,
fp16-r2-agent,fp16,ex224,ex224_wrapper_hi2_single_keep_synth_preset_aig,ex224|fp16_log2|tighter_high_bit_wrapper|wrapper_hi2_single_keep|separate_top_two_output_bits_from_one_kept_low_group_around_current_source|synth_preset_aig|abc_xf_official_evaluate,,,,separate top two output bits from one kept low group around current source,synth_preset_aig,OK,1,5848,16,93568,93568,64708,student/work/ex223_ex299_frontend_parallel_deep_20260614_0943/fp16-r2-agent/ex224/verilog/ex224_r2_wrapper_hi2_single_keep.v,student/work/ex223_ex299_frontend_parallel_deep_20260614_0943/fp16-r2-agent/ex224/aigs/ex224_wrapper_hi2_single_keep_synth_preset_aig.aig,student/runs/fp16/ex223_ex299_frontend_parallel_deep_20260614_0943/fp16-r2-agent/ex224/official_eval/ex224_wrapper_hi2_single_keep_synth_preset_aig/ex224_wrapper_hi2_single_keep_synth_preset_aig.evaluate.py.log,student/frontend_campaigns/campaigns/ex223_ex299_frontend_parallel_deep_20260614_0943/agent_shards/fp16-r2-agent/candidates.csv,split_hi2_single_keep,ex224_wrapper_hi2_single_keep_synth_preset_aig,fp16_log2,,student/runs/fp16/ex223_ex299_frontend_parallel_deep_20260614_0943/fp16-r2-agent/ex224/official_eval/ex224_wrapper_hi2_single_keep_synth_preset_aig/ex224_wrapper_hi2_single_keep_synth_preset_aig.evaluate.py.log,wrapper_hi2_single_keep,,,,93568,0,0,,tighter_high_bit_wrapper,,,,,,,,,,,,,,,,,,,,96224,1,,
fp16-r2-agent,fp16,ex225,ex225_wrapper_hi2_single_keep_synth_preset_aig,ex225|fp16_log10|tighter_high_bit_wrapper|wrapper_hi2_single_keep|separate_top_two_output_bits_from_one_kept_low_group_around_current_source|synth_preset_aig|abc_xf_official_evaluate,,,,separate top two output bits from one kept low group around current source,synth_preset_aig,OK,1,11414,19,216866,215764,116676,student/work/ex223_ex299_frontend_parallel_deep_20260614_0943/fp16-r2-agent/ex225/verilog/ex225_r2_wrapper_hi2_single_keep.v,student/work/ex223_ex299_frontend_parallel_deep_20260614_0943/fp16-r2-agent/ex225/aigs/ex225_wrapper_hi2_single_keep_synth_preset_aig.aig,student/runs/fp16/ex223_ex299_frontend_parallel_deep_20260614_0943/fp16-r2-agent/ex225/official_eval/ex225_wrapper_hi2_single_keep_synth_preset_aig/ex225_wrapper_hi2_single_keep_synth_preset_aig.evaluate.py.log,student/frontend_campaigns/campaigns/ex223_ex299_frontend_parallel_deep_20260614_0943/agent_shards/fp16-r2-agent/candidates.csv,split_hi2_single_keep,ex225_wrapper_hi2_single_keep_synth_preset_aig,fp16_log10,,student/runs/fp16/ex223_ex299_frontend_parallel_deep_20260614_0943/fp16-r2-agent/ex225/official_eval/ex225_wrapper_hi2_single_keep_synth_preset_aig/ex225_wrapper_hi2_single_keep_synth_preset_aig.evaluate.py.log,wrapper_hi2_single_keep,,,,215764,0,0,,tighter_high_bit_wrapper,,,,,,,,,,,,,,,,,,,,215764,0,,
fp16-r2-agent,fp16,ex224,ex224_wrapper_hi1_single_keep_synth_preset_aig,ex224|fp16_log2|tighter_high_bit_wrapper|wrapper_hi1_single_keep|extend_prior_ex224_wrapper_win_with_adjacent_high-bit_group_boundaries|synth_preset_aig|abc_xf_official_evaluate,,,,extend prior ex224 wrapper win with adjacent high-bit group boundaries,synth_preset_aig,OK,1,5848,16,93568,93568,64708,student/work/ex223_ex299_frontend_parallel_deep_20260614_0943/fp16-r2-agent/ex224/verilog/ex224_r2_wrapper_hi1_single_keep.v,student/work/ex223_ex299_frontend_parallel_deep_20260614_0943/fp16-r2-agent/ex224/aigs/ex224_wrapper_hi1_single_keep_synth_preset_aig.aig,student/runs/fp16/ex223_ex299_frontend_parallel_deep_20260614_0943/fp16-r2-agent/ex224/official_eval/ex224_wrapper_hi1_single_keep_synth_preset_aig/ex224_wrapper_hi1_single_keep_synth_preset_aig.evaluate.py.log,student/frontend_campaigns/campaigns/ex223_ex299_frontend_parallel_deep_20260614_0943/agent_shards/fp16-r2-agent/candidates.csv,split_hi1_single_keep,ex224_wrapper_hi1_single_keep_synth_preset_aig,fp16_log2,,student/runs/fp16/ex223_ex299_frontend_parallel_deep_20260614_0943/fp16-r2-agent/ex224/official_eval/ex224_wrapper_hi1_single_keep_synth_preset_aig/ex224_wrapper_hi1_single_keep_synth_preset_aig.evaluate.py.log,wrapper_hi1_single_keep,,,,93568,0,0,,tighter_high_bit_wrapper,,,,,,,,,,,,,,,,,,,,96224,1,,
fp16-r2-agent,fp16,ex224,ex224_wrapper_hi5_single_keep_synth_preset_aig,ex224|fp16_log2|tighter_high_bit_wrapper|wrapper_hi5_single_keep|extend_prior_ex224_wrapper_win_with_adjacent_high-bit_group_boundaries|synth_preset_aig|abc_xf_official_evaluate,,,,extend prior ex224 wrapper win with adjacent high-bit group boundaries,synth_preset_aig,OK,1,5848,16,93568,93568,64708,student/work/ex223_ex299_frontend_parallel_deep_20260614_0943/fp16-r2-agent/ex224/verilog/ex224_r2_wrapper_hi5_single_keep.v,student/work/ex223_ex299_frontend_parallel_deep_20260614_0943/fp16-r2-agent/ex224/aigs/ex224_wrapper_hi5_single_keep_synth_preset_aig.aig,student/runs/fp16/ex223_ex299_frontend_parallel_deep_20260614_0943/fp16-r2-agent/ex224/official_eval/ex224_wrapper_hi5_single_keep_synth_preset_aig/ex224_wrapper_hi5_single_keep_synth_preset_aig.evaluate.py.log,student/frontend_campaigns/campaigns/ex223_ex299_frontend_parallel_deep_20260614_0943/agent_shards/fp16-r2-agent/candidates.csv,split_hi5_single_keep,ex224_wrapper_hi5_single_keep_synth_preset_aig,fp16_log2,,student/runs/fp16/ex223_ex299_frontend_parallel_deep_20260614_0943/fp16-r2-agent/ex224/official_eval/ex224_wrapper_hi5_single_keep_synth_preset_aig/ex224_wrapper_hi5_single_keep_synth_preset_aig.evaluate.py.log,wrapper_hi5_single_keep,,,,93568,0,0,,tighter_high_bit_wrapper,,,,,,,,,,,,,,,,,,,,96224,1,,
fp16-r2-agent,fp16,ex224,ex224_wrapper_hi6_single_keep_synth_preset_aig,ex224|fp16_log2|tighter_high_bit_wrapper|wrapper_hi6_single_keep|extend_prior_ex224_wrapper_win_with_adjacent_high-bit_group_boundaries|synth_preset_aig|abc_xf_official_evaluate,,,,extend prior ex224 wrapper win with adjacent high-bit group boundaries,synth_preset_aig,OK,1,5848,16,93568,93568,64708,student/work/ex223_ex299_frontend_parallel_deep_20260614_0943/fp16-r2-agent/ex224/verilog/ex224_r2_wrapper_hi6_single_keep.v,student/work/ex223_ex299_frontend_parallel_deep_20260614_0943/fp16-r2-agent/ex224/aigs/ex224_wrapper_hi6_single_keep_synth_preset_aig.aig,student/runs/fp16/ex223_ex299_frontend_parallel_deep_20260614_0943/fp16-r2-agent/ex224/official_eval/ex224_wrapper_hi6_single_keep_synth_preset_aig/ex224_wrapper_hi6_single_keep_synth_preset_aig.evaluate.py.log,student/frontend_campaigns/campaigns/ex223_ex299_frontend_parallel_deep_20260614_0943/agent_shards/fp16-r2-agent/candidates.csv,split_hi6_single_keep,ex224_wrapper_hi6_single_keep_synth_preset_aig,fp16_log2,,student/runs/fp16/ex223_ex299_frontend_parallel_deep_20260614_0943/fp16-r2-agent/ex224/official_eval/ex224_wrapper_hi6_single_keep_synth_preset_aig/ex224_wrapper_hi6_single_keep_synth_preset_aig.evaluate.py.log,wrapper_hi6_single_keep,,,,93568,0,0,,tighter_high_bit_wrapper,,,,,,,,,,,,,,,,,,,,96224,1,,
fp16-r2-agent,fp16,ex223,ex223_expbase_xor_low14_hi5_synth_preset_aig,ex223|fp16_log|expbase_xor_nested_recut|expbase_xor_low14_hi5|shared_sign-exp_base_high_word_plus_exact_XOR_corrections_and_nested_low_LUT|synth_preset_aig|abc_xf_official_evaluate,,,,shared sign-exp base high word plus exact XOR corrections and nested low LUT,synth_preset_aig,OK,1,10600,19,201400,200716,120549,student/work/ex223_ex299_frontend_parallel_deep_20260614_0943/fp16-r2-agent/ex223/verilog/ex223_r2_expbase_xor_low14_hi5.v,student/work/ex223_ex299_frontend_parallel_deep_20260614_0943/fp16-r2-agent/ex223/aigs/ex223_expbase_xor_low14_hi5_synth_preset_aig.aig,student/runs/fp16/ex223_ex299_frontend_parallel_deep_20260614_0943/fp16-r2-agent/ex223/official_eval/ex223_expbase_xor_low14_hi5_synth_preset_aig/ex223_expbase_xor_low14_hi5_synth_preset_aig.evaluate.py.log,student/frontend_campaigns/campaigns/ex223_ex299_frontend_parallel_deep_20260614_0943/agent_shards/fp16-r2-agent/candidates.csv,"shared exponent base high bits XOR exact mantissa corrections plus nested low LUT; special_const_groups=33; special_full_groups=1; special_items=1057; low_width=14; nested_hi=5; nested_lo=5; low_items=30720; b15:xor_runs=30,max=1,const=30; b14:xor_runs=32,max=2,const=28",ex223_expbase_xor_low14_hi5_synth_preset_aig,fp16_log,,student/runs/fp16/ex223_ex299_frontend_parallel_deep_20260614_0943/fp16-r2-agent/ex223/official_eval/ex223_expbase_xor_low14_hi5_synth_preset_aig/ex223_expbase_xor_low14_hi5_synth_preset_aig.evaluate.py.log,expbase_xor_low14_hi5,,,,200716,0,0,,expbase_xor_nested_recut,,,,,,,,,,,,,,,,,,,,200716,0,,
fp16-r2-agent,fp16,ex224,ex224_expbase_xor_low12_hi6_synth_preset_aig,ex224|fp16_log2|expbase_xor_nested_recut|expbase_xor_low12_hi6|shared_sign-exp_base_high_word_plus_exact_XOR_corrections_and_nested_low_LUT|synth_preset_aig|abc_xf_official_evaluate,,,,shared sign-exp base high word plus exact XOR corrections and nested low LUT,synth_preset_aig,OK,1,5817,16,93072,93568,64708,student/work/ex223_ex299_frontend_parallel_deep_20260614_0943/fp16-r2-agent/ex224/verilog/ex224_r2_expbase_xor_low12_hi6.v,student/work/ex223_ex299_frontend_parallel_deep_20260614_0943/fp16-r2-agent/ex224/aigs/ex224_expbase_xor_low12_hi6_synth_preset_aig.aig,student/runs/fp16/ex223_ex299_frontend_parallel_deep_20260614_0943/fp16-r2-agent/ex224/official_eval/ex224_expbase_xor_low12_hi6_synth_preset_aig/ex224_expbase_xor_low12_hi6_synth_preset_aig.evaluate.py.log,student/frontend_campaigns/campaigns/ex223_ex299_frontend_parallel_deep_20260614_0943/agent_shards/fp16-r2-agent/candidates.csv,"shared exponent base high bits XOR exact mantissa corrections plus nested low LUT; special_const_groups=33; special_full_groups=1; special_items=1057; low_width=12; nested_hi=6; nested_lo=4; low_items=30720; b15:xor_runs=30,max=1,const=30; b14:xor_runs=31,max=2,const=29; b13:xor_runs=33,max=2,const=27; b12:xor_runs=36,max=4,const=27",ex224_expbase_xor_low12_hi6_synth_preset_aig,fp16_log2,,student/runs/fp16/ex223_ex299_frontend_parallel_deep_20260614_0943/fp16-r2-agent/ex224/official_eval/ex224_expbase_xor_low12_hi6_synth_preset_aig/ex224_expbase_xor_low12_hi6_synth_preset_aig.evaluate.py.log,expbase_xor_low12_hi6,,,,93568,1,0,,expbase_xor_nested_recut,,,,,,,,,,,,,,,,,,,,96224,1,,
fp16-r2-agent,fp16,ex225,ex225_expbase_xor_low14_hi5_synth_preset_aig,ex225|fp16_log10|expbase_xor_nested_recut|expbase_xor_low14_hi5|shared_sign-exp_base_high_word_plus_exact_XOR_corrections_and_nested_low_LUT|synth_preset_aig|abc_xf_official_evaluate,,,,shared sign-exp base high word plus exact XOR corrections and nested low LUT,synth_preset_aig,OK,1,11388,19,216372,215764,116676,student/work/ex223_ex299_frontend_parallel_deep_20260614_0943/fp16-r2-agent/ex225/verilog/ex225_r2_expbase_xor_low14_hi5.v,student/work/ex223_ex299_frontend_parallel_deep_20260614_0943/fp16-r2-agent/ex225/aigs/ex225_expbase_xor_low14_hi5_synth_preset_aig.aig,student/runs/fp16/ex223_ex299_frontend_parallel_deep_20260614_0943/fp16-r2-agent/ex225/official_eval/ex225_expbase_xor_low14_hi5_synth_preset_aig/ex225_expbase_xor_low14_hi5_synth_preset_aig.evaluate.py.log,student/frontend_campaigns/campaigns/ex223_ex299_frontend_parallel_deep_20260614_0943/agent_shards/fp16-r2-agent/candidates.csv,"shared exponent base high bits XOR exact mantissa corrections plus nested low LUT; special_const_groups=33; special_full_groups=1; special_items=1057; low_width=14; nested_hi=5; nested_lo=5; low_items=30720; b15:xor_runs=30,max=1,const=30; b14:xor_runs=32,max=2,const=28",ex225_expbase_xor_low14_hi5_synth_preset_aig,fp16_log10,,student/runs/fp16/ex223_ex299_frontend_parallel_deep_20260614_0943/fp16-r2-agent/ex225/official_eval/ex225_expbase_xor_low14_hi5_synth_preset_aig/ex225_expbase_xor_low14_hi5_synth_preset_aig.evaluate.py.log,expbase_xor_low14_hi5,,,,215764,0,0,,expbase_xor_nested_recut,,,,,,,,,,,,,,,,,,,,215764,0,,
fp16-r2-agent,fp16,ex223,ex223_selected_run_bits15_11_synth_preset_aig,ex223|fp16_log|selected_multi_bit_predicates|selected_run_bits15_11|prune_selected_exact_output_cones_from_current_source_and_replace_with_shared_run_predicates|synth_preset_aig|abc_xf_official_evaluate,,,,prune selected exact output cones from current source and replace with shared run predicates,synth_preset_aig,OK,1,10623,19,201837,200716,120549,student/work/ex223_ex299_frontend_parallel_deep_20260614_0943/fp16-r2-agent/ex223/verilog/ex223_r2_selected_run_bits15_11.v,student/work/ex223_ex299_frontend_parallel_deep_20260614_0943/fp16-r2-agent/ex223/aigs/ex223_selected_run_bits15_11_synth_preset_aig.aig,student/runs/fp16/ex223_ex299_frontend_parallel_deep_20260614_0943/fp16-r2-agent/ex223/official_eval/ex223_selected_run_bits15_11_synth_preset_aig/ex223_selected_run_bits15_11_synth_preset_aig.evaluate.py.log,student/frontend_campaigns/campaigns/ex223_ex299_frontend_parallel_deep_20260614_0943/agent_shards/fp16-r2-agent/candidates.csv,"selected exact multi-bit run predicates over current source; b15:runs=64,max=1,const=64; b11:runs=78,max=6,const=58",ex223_selected_run_bits15_11_synth_preset_aig,fp16_log,,student/runs/fp16/ex223_ex299_frontend_parallel_deep_20260614_0943/fp16-r2-agent/ex223/official_eval/ex223_selected_run_bits15_11_synth_preset_aig/ex223_selected_run_bits15_11_synth_preset_aig.evaluate.py.log,selected_run_bits15_11,,,,200716,0,0,,selected_multi_bit_predicates,,,,,,,,,,,,,,,,,,,,200716,0,,
fp16-r2-agent,fp16,ex224,ex224_selected_run_bits15_12_11_synth_preset_aig,ex224|fp16_log2|selected_multi_bit_predicates|selected_run_bits15_12_11|prune_selected_exact_output_cones_from_current_source_and_replace_with_shared_run_predicates|synth_preset_aig|abc_xf_official_evaluate,,,,prune selected exact output cones from current source and replace with shared run predicates,synth_preset_aig,OK,1,5853,16,93648,93568,64708,student/work/ex223_ex299_frontend_parallel_deep_20260614_0943/fp16-r2-agent/ex224/verilog/ex224_r2_selected_run_bits15_12_11.v,student/work/ex223_ex299_frontend_parallel_deep_20260614_0943/fp16-r2-agent/ex224/aigs/ex224_selected_run_bits15_12_11_synth_preset_aig.aig,student/runs/fp16/ex223_ex299_frontend_parallel_deep_20260614_0943/fp16-r2-agent/ex224/official_eval/ex224_selected_run_bits15_12_11_synth_preset_aig/ex224_selected_run_bits15_12_11_synth_preset_aig.evaluate.py.log,student/frontend_campaigns/campaigns/ex223_ex299_frontend_parallel_deep_20260614_0943/agent_shards/fp16-r2-agent/candidates.csv,"selected exact multi-bit run predicates over current source; b15:runs=64,max=1,const=64; b12:runs=70,max=4,const=61; b11:runs=77,max=6,const=59",ex224_selected_run_bits15_12_11_synth_preset_aig,fp16_log2,,student/runs/fp16/ex223_ex299_frontend_parallel_deep_20260614_0943/fp16-r2-agent/ex224/official_eval/ex224_selected_run_bits15_12_11_synth_preset_aig/ex224_selected_run_bits15_12_11_synth_preset_aig.evaluate.py.log,selected_run_bits15_12_11,,,,93568,0,0,,selected_multi_bit_predicates,,,,,,,,,,,,,,,,,,,,96224,1,,
fp16-r2-agent,fp16,ex225,ex225_selected_run_bits15_14_13_12_9_synth_preset_aig,ex225|fp16_log10|selected_multi_bit_predicates|selected_run_bits15_14_13_12_9|prune_selected_exact_output_cones_from_current_source_and_replace_with_shared_run_predicates|synth_preset_aig|abc_xf_official_evaluate,,,,prune selected exact output cones from current source and replace with shared run predicates,synth_preset_aig,OK,1,11443,19,217417,215764,116676,student/work/ex223_ex299_frontend_parallel_deep_20260614_0943/fp16-r2-agent/ex225/verilog/ex225_r2_selected_run_bits15_14_13_12_9.v,student/work/ex223_ex299_frontend_parallel_deep_20260614_0943/fp16-r2-agent/ex225/aigs/ex225_selected_run_bits15_14_13_12_9_synth_preset_aig.aig,student/runs/fp16/ex223_ex299_frontend_parallel_deep_20260614_0943/fp16-r2-agent/ex225/official_eval/ex225_selected_run_bits15_14_13_12_9_synth_preset_aig/ex225_selected_run_bits15_14_13_12_9_synth_preset_aig.evaluate.py.log,student/frontend_campaigns/campaigns/ex223_ex299_frontend_parallel_deep_20260614_0943/agent_shards/fp16-r2-agent/candidates.csv,"selected exact multi-bit run predicates over current source; b15:runs=64,max=1,const=64; b14:runs=66,max=2,const=62; b13:runs=68,max=2,const=60; b12:runs=72,max=4,const=60; b9:runs=118,max=20,const=47",ex225_selected_run_bits15_14_13_12_9_synth_preset_aig,fp16_log10,,student/runs/fp16/ex223_ex299_frontend_parallel_deep_20260614_0943/fp16-r2-agent/ex225/official_eval/ex225_selected_run_bits15_14_13_12_9_synth_preset_aig/ex225_selected_run_bits15_14_13_12_9_synth_preset_aig.evaluate.py.log,selected_run_bits15_14_13_12_9,,,,215764,0,0,,selected_multi_bit_predicates,,,,,,,,,,,,,,,,,,,,215764,0,,
fp16-r2-agent,fp16,ex223,ex223_cofactor_bdd_bits15_11_synth_preset_aig,ex223|fp16_log|grouped_cofactor_bdd|cofactor_bdd_bits15_11|group_selected_bits_by_sign-exp_cofactor_before_reduced_mantissa_decision_tree|synth_preset_aig|abc_xf_official_evaluate,,,,group selected bits by sign-exp cofactor before reduced mantissa decision tree,synth_preset_aig,OK,1,10623,19,201837,200716,120549,student/work/ex223_ex299_frontend_parallel_deep_20260614_0943/fp16-r2-agent/ex223/verilog/ex223_r2_cofactor_bdd_bits15_11.v,student/work/ex223_ex299_frontend_parallel_deep_20260614_0943/fp16-r2-agent/ex223/aigs/ex223_cofactor_bdd_bits15_11_synth_preset_aig.aig,student/runs/fp16/ex223_ex299_frontend_parallel_deep_20260614_0943/fp16-r2-agent/ex223/official_eval/ex223_cofactor_bdd_bits15_11_synth_preset_aig/ex223_cofactor_bdd_bits15_11_synth_preset_aig.evaluate.py.log,student/frontend_campaigns/campaigns/ex223_ex299_frontend_parallel_deep_20260614_0943/agent_shards/fp16-r2-agent/candidates.csv,"grouped sign-exp cofactor reduced mantissa decision tree over selected bits 15,11; const_groups=58",ex223_cofactor_bdd_bits15_11_synth_preset_aig,fp16_log,,student/runs/fp16/ex223_ex299_frontend_parallel_deep_20260614_0943/fp16-r2-agent/ex223/official_eval/ex223_cofactor_bdd_bits15_11_synth_preset_aig/ex223_cofactor_bdd_bits15_11_synth_preset_aig.evaluate.py.log,cofactor_bdd_bits15_11,,,,200716,0,0,,grouped_cofactor_bdd,,,,,,,,,,,,,,,,,,,,200716,0,,
fp16-r2-agent,fp16,ex224,ex224_cofactor_bdd_bits15_12_11_synth_preset_aig,ex224|fp16_log2|grouped_cofactor_bdd|cofactor_bdd_bits15_12_11|group_selected_bits_by_sign-exp_cofactor_before_reduced_mantissa_decision_tree|synth_preset_aig|abc_xf_official_evaluate,,,,group selected bits by sign-exp cofactor before reduced mantissa decision tree,synth_preset_aig,OK,1,5844,16,93504,93568,64708,student/work/ex223_ex299_frontend_parallel_deep_20260614_0943/fp16-r2-agent/ex224/verilog/ex224_r2_cofactor_bdd_bits15_12_11.v,student/work/ex223_ex299_frontend_parallel_deep_20260614_0943/fp16-r2-agent/ex224/aigs/ex224_cofactor_bdd_bits15_12_11_synth_preset_aig.aig,student/runs/fp16/ex223_ex299_frontend_parallel_deep_20260614_0943/fp16-r2-agent/ex224/official_eval/ex224_cofactor_bdd_bits15_12_11_synth_preset_aig/ex224_cofactor_bdd_bits15_12_11_synth_preset_aig.evaluate.py.log,student/frontend_campaigns/campaigns/ex223_ex299_frontend_parallel_deep_20260614_0943/agent_shards/fp16-r2-agent/candidates.csv,"grouped sign-exp cofactor reduced mantissa decision tree over selected bits 15,12,11; const_groups=59",ex224_cofactor_bdd_bits15_12_11_synth_preset_aig,fp16_log2,,student/runs/fp16/ex223_ex299_frontend_parallel_deep_20260614_0943/fp16-r2-agent/ex224/official_eval/ex224_cofactor_bdd_bits15_12_11_synth_preset_aig/ex224_cofactor_bdd_bits15_12_11_synth_preset_aig.evaluate.py.log,cofactor_bdd_bits15_12_11,,,,93568,1,0,,grouped_cofactor_bdd,,,,,,,,,,,,,,,,,,,,96224,1,,
fp16-r2-agent,fp16,ex225,ex225_cofactor_bdd_bits12_9_synth_preset_aig,ex225|fp16_log10|grouped_cofactor_bdd|cofactor_bdd_bits12_9|group_selected_bits_by_sign-exp_cofactor_before_reduced_mantissa_decision_tree|synth_preset_aig|abc_xf_official_evaluate,,,,group selected bits by sign-exp cofactor before reduced mantissa decision tree,synth_preset_aig,OK,1,11420,19,216980,215764,116676,student/work/ex223_ex299_frontend_parallel_deep_20260614_0943/fp16-r2-agent/ex225/verilog/ex225_r2_cofactor_bdd_bits12_9.v,student/work/ex223_ex299_frontend_parallel_deep_20260614_0943/fp16-r2-agent/ex225/aigs/ex225_cofactor_bdd_bits12_9_synth_preset_aig.aig,student/runs/fp16/ex223_ex299_frontend_parallel_deep_20260614_0943/fp16-r2-agent/ex225/official_eval/ex225_cofactor_bdd_bits12_9_synth_preset_aig/ex225_cofactor_bdd_bits12_9_synth_preset_aig.evaluate.py.log,student/frontend_campaigns/campaigns/ex223_ex299_frontend_parallel_deep_20260614_0943/agent_shards/fp16-r2-agent/candidates.csv,"grouped sign-exp cofactor reduced mantissa decision tree over selected bits 12,9; const_groups=47",ex225_cofactor_bdd_bits12_9_synth_preset_aig,fp16_log10,,student/runs/fp16/ex223_ex299_frontend_parallel_deep_20260614_0943/fp16-r2-agent/ex225/official_eval/ex225_cofactor_bdd_bits12_9_synth_preset_aig/ex225_cofactor_bdd_bits12_9_synth_preset_aig.evaluate.py.log,cofactor_bdd_bits12_9,,,,215764,0,0,,grouped_cofactor_bdd,,,,,,,,,,,,,,,,,,,,215764,0,,
integer-agent,integer,ex260,ex260_smul_bcase_shiftadd_abc_g_aig,ex260|signed_multiplier_operand_word_recut|signed_high_operand_constant_shift_add_word_mux|single_sign_extended_low_operand_reused_by_all_signed_high_operand_arms|abc_g_aig|signed_low4_high4_multiply|full_product_word_by_signed_high_nibble,,,signed high-operand constant shift/add word mux,single sign-extended low operand reused by all signed high-operand arms,abc_g_aig,OK,1,214,11,2354,1131,657,student/work/ex223_ex299_frontend_parallel_deep_20260614_0943/integer-agent/ex260/verilog/ex260_smul_bcase_shiftadd.v,student/work/ex223_ex299_frontend_parallel_deep_20260614_0943/integer-agent/ex260/aigs/ex260_smul_bcase_shiftadd_abc_g_aig.aig,student/runs/integer/ex223_ex299_frontend_parallel_deep_20260614_0943/integer-agent/ex260/official_eval/ex260_smul_bcase_shiftadd_abc_g_aig/ex260_smul_bcase_shiftadd_abc_g_aig.evaluate.py.log,student/frontend_campaigns/campaigns/ex223_ex299_frontend_parallel_deep_20260614_0943/agent_shards/integer-agent/candidates.csv,official evaluate.py OK; yosys_log=student/work/ex223_ex299_frontend_parallel_deep_20260614_0943/integer-agent/ex260/logs/ex260_smul_bcase_shiftadd_abc_g_aig.yosys.log,ex260_smul_bcase_shiftadd_abc_g_aig,signed multiplier operand-word recut,,student/runs/integer/ex223_ex299_frontend_parallel_deep_20260614_0943/integer-agent/ex260/official_eval/ex260_smul_bcase_shiftadd_abc_g_aig/ex260_smul_bcase_shiftadd_abc_g_aig.evaluate.py.log,,,,,1131,,0,,,,,not_run,,,0,,,,,,,,,,,,,,,,1066,0
integer-agent,integer,ex260,ex260_smul_bcase_shiftadd_synth_preset_d10,ex260|signed_multiplier_operand_word_recut|signed_high_operand_constant_shift_add_word_mux|single_sign_extended_low_operand_reused_by_all_signed_high_operand_arms|synth_preset_d10|signed_low4_high4_multiply|full_product_word_by_signed_high_nibble,,,signed high-operand constant shift/add word mux,single sign-extended low operand reused by all signed high-operand arms,synth_preset_d10,OK,1,231,14,3234,1131,657,student/work/ex223_ex299_frontend_parallel_deep_20260614_0943/integer-agent/ex260/verilog/ex260_smul_bcase_shiftadd.v,student/work/ex223_ex299_frontend_parallel_deep_20260614_0943/integer-agent/ex260/aigs/ex260_smul_bcase_shiftadd_synth_preset_d10.aig,student/runs/integer/ex223_ex299_frontend_parallel_deep_20260614_0943/integer-agent/ex260/official_eval/ex260_smul_bcase_shiftadd_synth_preset_d10/ex260_smul_bcase_shiftadd_synth_preset_d10.evaluate.py.log,student/frontend_campaigns/campaigns/ex223_ex299_frontend_parallel_deep_20260614_0943/agent_shards/integer-agent/candidates.csv,official evaluate.py OK; yosys_log=student/work/ex223_ex299_frontend_parallel_deep_20260614_0943/integer-agent/ex260/logs/ex260_smul_bcase_shiftadd_synth_preset_d10.yosys.log,ex260_smul_bcase_shiftadd_synth_preset_d10,signed multiplier operand-word recut,,student/runs/integer/ex223_ex299_frontend_parallel_deep_20260614_0943/integer-agent/ex260/official_eval/ex260_smul_bcase_shiftadd_synth_preset_d10/ex260_smul_bcase_shiftadd_synth_preset_d10.evaluate.py.log,,,,,1131,,0,,,,,not_run,,,0,,,,,,,,,,,,,,,,1066,0
integer-agent,integer,ex260,ex260_smul_abs_sign_wallace_abc_g_aig,ex260|signed_multiplier_sign_magnitude_sharing|absolute_value_shared_unsigned_Wallace_magnitude_and_conditional_final_negate|shared_magnitude_product_plus_one_sign_correction_cone|abc_g_aig|signed_low4_high4_multiply|full_product_word,,,absolute-value shared unsigned Wallace magnitude and conditional final negate,shared magnitude product plus one sign correction cone,abc_g_aig,OK,1,104,18,1872,1131,657,student/work/ex223_ex299_frontend_parallel_deep_20260614_0943/integer-agent/ex260/verilog/ex260_smul_abs_sign_wallace.v,student/work/ex223_ex299_frontend_parallel_deep_20260614_0943/integer-agent/ex260/aigs/ex260_smul_abs_sign_wallace_abc_g_aig.aig,student/runs/integer/ex223_ex299_frontend_parallel_deep_20260614_0943/integer-agent/ex260/official_eval/ex260_smul_abs_sign_wallace_abc_g_aig/ex260_smul_abs_sign_wallace_abc_g_aig.evaluate.py.log,student/frontend_campaigns/campaigns/ex223_ex299_frontend_parallel_deep_20260614_0943/agent_shards/integer-agent/candidates.csv,official evaluate.py OK; yosys_log=student/work/ex223_ex299_frontend_parallel_deep_20260614_0943/integer-agent/ex260/logs/ex260_smul_abs_sign_wallace_abc_g_aig.yosys.log,ex260_smul_abs_sign_wallace_abc_g_aig,signed multiplier sign-magnitude sharing,,student/runs/integer/ex223_ex299_frontend_parallel_deep_20260614_0943/integer-agent/ex260/official_eval/ex260_smul_abs_sign_wallace_abc_g_aig/ex260_smul_abs_sign_wallace_abc_g_aig.evaluate.py.log,,,,,1131,,0,,,,,not_run,,,0,,,,,,,,,,,,,,,,1066,0
integer-agent,integer,ex260,ex260_smul_bw4_center_rhcla2_abc_g_aig,ex260|signed_multiplier_compressor_sharing|Baugh_Wooley_four_input_counter_columns_with_center_order_and_reverse_hCLA2_merge|signed_partial_products_compressed_by_wider_counters_before_a_short_high_carry_merge|abc_g_aig|signed_low4_high4_multiply|full_product_word,,,Baugh-Wooley four-input counter columns with center order and reverse hCLA2 merge,signed partial products compressed by wider counters before a short high carry merge,abc_g_aig,OK,1,92,12,1104,1131,657,student/work/ex223_ex299_frontend_parallel_deep_20260614_0943/integer-agent/ex260/verilog/ex260_smul_bw4_center_rhcla2.v,student/work/ex223_ex299_frontend_parallel_deep_20260614_0943/integer-agent/ex260/aigs/ex260_smul_bw4_center_rhcla2_abc_g_aig.aig,student/runs/integer/ex223_ex299_frontend_parallel_deep_20260614_0943/integer-agent/ex260/official_eval/ex260_smul_bw4_center_rhcla2_abc_g_aig/ex260_smul_bw4_center_rhcla2_abc_g_aig.evaluate.py.log,student/frontend_campaigns/campaigns/ex223_ex299_frontend_parallel_deep_20260614_0943/agent_shards/integer-agent/candidates.csv,official evaluate.py OK; yosys_log=student/work/ex223_ex299_frontend_parallel_deep_20260614_0943/integer-agent/ex260/logs/ex260_smul_bw4_center_rhcla2_abc_g_aig.yosys.log,ex260_smul_bw4_center_rhcla2_abc_g_aig,signed multiplier compressor sharing,,student/runs/integer/ex223_ex299_frontend_parallel_deep_20260614_0943/integer-agent/ex260/official_eval/ex260_smul_bw4_center_rhcla2_abc_g_aig/ex260_smul_bw4_center_rhcla2_abc_g_aig.evaluate.py.log,,,,,1131,,0,,,,,not_run,,,1,,,,,,,,,,,,,,,,1066,0
integer-agent,integer,ex260,ex260_smul_bw4_center_rhcla1_abc_g_aig,ex260|signed_multiplier_compressor_final_merge_tuning|Baugh_Wooley_four_input_counter_columns_with_center_order_and_reverse_hCLA1_merge|same_signed_partial_product_sharing_as_the_current_winner_with_a_shorter_ripple_prefix_in_|abc_g_aig|signed_low4_high4_multiply|full_product_word,,,Baugh-Wooley four-input counter columns with center order and reverse hCLA1 merge,"same signed partial-product sharing as the current winner, with a shorter ripple prefix in the final merge",abc_g_aig,OK,1,94,13,1222,1131,657,student/work/ex223_ex299_frontend_parallel_deep_20260614_0943/integer-agent/ex260/verilog/ex260_smul_bw4_center_rhcla1.v,student/work/ex223_ex299_frontend_parallel_deep_20260614_0943/integer-agent/ex260/aigs/ex260_smul_bw4_center_rhcla1_abc_g_aig.aig,student/runs/integer/ex223_ex299_frontend_parallel_deep_20260614_0943/integer-agent/ex260/official_eval/ex260_smul_bw4_center_rhcla1_abc_g_aig/ex260_smul_bw4_center_rhcla1_abc_g_aig.evaluate.py.log,student/frontend_campaigns/campaigns/ex223_ex299_frontend_parallel_deep_20260614_0943/agent_shards/integer-agent/candidates.csv,official evaluate.py OK; yosys_log=student/work/ex223_ex299_frontend_parallel_deep_20260614_0943/integer-agent/ex260/logs/ex260_smul_bw4_center_rhcla1_abc_g_aig.yosys.log,ex260_smul_bw4_center_rhcla1_abc_g_aig,signed multiplier compressor final-merge tuning,,student/runs/integer/ex223_ex299_frontend_parallel_deep_20260614_0943/integer-agent/ex260/official_eval/ex260_smul_bw4_center_rhcla1_abc_g_aig/ex260_smul_bw4_center_rhcla1_abc_g_aig.evaluate.py.log,,,,,1131,,0,,,,,not_run,,,0,,,,,,,,,,,,,,,,1066,0
integer-agent,integer,ex260,ex260_smul_bw4_center_rhcla3_abc_g_aig,ex260|signed_multiplier_compressor_final_merge_tuning|Baugh_Wooley_four_input_counter_columns_with_center_order_and_reverse_hCLA3_merge|same_four_input_compressor_columns_moving_the_final_carry_lookahead_boundary_higher|abc_g_aig|signed_low4_high4_multiply|full_product_word,,,Baugh-Wooley four-input counter columns with center order and reverse hCLA3 merge,"same four-input compressor columns, moving the final carry-lookahead boundary higher",abc_g_aig,OK,1,90,14,1260,1131,657,student/work/ex223_ex299_frontend_parallel_deep_20260614_0943/integer-agent/ex260/verilog/ex260_smul_bw4_center_rhcla3.v,student/work/ex223_ex299_frontend_parallel_deep_20260614_0943/integer-agent/ex260/aigs/ex260_smul_bw4_center_rhcla3_abc_g_aig.aig,student/runs/integer/ex223_ex299_frontend_parallel_deep_20260614_0943/integer-agent/ex260/official_eval/ex260_smul_bw4_center_rhcla3_abc_g_aig/ex260_smul_bw4_center_rhcla3_abc_g_aig.evaluate.py.log,student/frontend_campaigns/campaigns/ex223_ex299_frontend_parallel_deep_20260614_0943/agent_shards/integer-agent/candidates.csv,official evaluate.py OK; yosys_log=student/work/ex223_ex299_frontend_parallel_deep_20260614_0943/integer-agent/ex260/logs/ex260_smul_bw4_center_rhcla3_abc_g_aig.yosys.log,ex260_smul_bw4_center_rhcla3_abc_g_aig,signed multiplier compressor final-merge tuning,,student/runs/integer/ex223_ex299_frontend_parallel_deep_20260614_0943/integer-agent/ex260/official_eval/ex260_smul_bw4_center_rhcla3_abc_g_aig/ex260_smul_bw4_center_rhcla3_abc_g_aig.evaluate.py.log,,,,,1131,,0,,,,,not_run,,,0,,,,,,,,,,,,,,,,1066,0
integer-agent,integer,ex260,ex260_smul_bw4_outside_rhcla2_abc_g_aig,ex260|signed_multiplier_compressor_input_order_tuning|Baugh_Wooley_four_input_counter_columns_with_outside_in_order_and_reverse_hCLA2_merge|same_compressor_shape_but_sign_correction_terms_meet_opposite_edge_partial_products_earlie|abc_g_aig|signed_low4_high4_multiply|full_product_word,,,Baugh-Wooley four-input counter columns with outside-in order and reverse hCLA2 merge,"same compressor shape, but sign/correction terms meet opposite-edge partial products earlier",abc_g_aig,OK,1,96,14,1344,1131,657,student/work/ex223_ex299_frontend_parallel_deep_20260614_0943/integer-agent/ex260/verilog/ex260_smul_bw4_outside_rhcla2.v,student/work/ex223_ex299_frontend_parallel_deep_20260614_0943/integer-agent/ex260/aigs/ex260_smul_bw4_outside_rhcla2_abc_g_aig.aig,student/runs/integer/ex223_ex299_frontend_parallel_deep_20260614_0943/integer-agent/ex260/official_eval/ex260_smul_bw4_outside_rhcla2_abc_g_aig/ex260_smul_bw4_outside_rhcla2_abc_g_aig.evaluate.py.log,student/frontend_campaigns/campaigns/ex223_ex299_frontend_parallel_deep_20260614_0943/agent_shards/integer-agent/candidates.csv,official evaluate.py OK; yosys_log=student/work/ex223_ex299_frontend_parallel_deep_20260614_0943/integer-agent/ex260/logs/ex260_smul_bw4_outside_rhcla2_abc_g_aig.yosys.log,ex260_smul_bw4_outside_rhcla2_abc_g_aig,signed multiplier compressor input-order tuning,,student/runs/integer/ex223_ex299_frontend_parallel_deep_20260614_0943/integer-agent/ex260/official_eval/ex260_smul_bw4_outside_rhcla2_abc_g_aig/ex260_smul_bw4_outside_rhcla2_abc_g_aig.evaluate.py.log,,,,,1131,,0,,,,,not_run,,,0,,,,,,,,,,,,,,,,1066,0
integer-agent,integer,ex260,ex260_smul_bw4_reverse_rhcla2_abc_g_aig,ex260|signed_multiplier_compressor_input_order_tuning|Baugh_Wooley_four_input_counter_columns_with_reverse_order_and_reverse_hCLA2_merge|same_compressor_shape_but_late_column_terms_are_compressed_before_low_order_partial_produc|abc_g_aig|signed_low4_high4_multiply|full_product_word,,,Baugh-Wooley four-input counter columns with reverse order and reverse hCLA2 merge,"same compressor shape, but late column terms are compressed before low-order partial products",abc_g_aig,OK,1,93,14,1302,1131,657,student/work/ex223_ex299_frontend_parallel_deep_20260614_0943/integer-agent/ex260/verilog/ex260_smul_bw4_reverse_rhcla2.v,student/work/ex223_ex299_frontend_parallel_deep_20260614_0943/integer-agent/ex260/aigs/ex260_smul_bw4_reverse_rhcla2_abc_g_aig.aig,student/runs/integer/ex223_ex299_frontend_parallel_deep_20260614_0943/integer-agent/ex260/official_eval/ex260_smul_bw4_reverse_rhcla2_abc_g_aig/ex260_smul_bw4_reverse_rhcla2_abc_g_aig.evaluate.py.log,student/frontend_campaigns/campaigns/ex223_ex299_frontend_parallel_deep_20260614_0943/agent_shards/integer-agent/candidates.csv,official evaluate.py OK; yosys_log=student/work/ex223_ex299_frontend_parallel_deep_20260614_0943/integer-agent/ex260/logs/ex260_smul_bw4_reverse_rhcla2_abc_g_aig.yosys.log,ex260_smul_bw4_reverse_rhcla2_abc_g_aig,signed multiplier compressor input-order tuning,,student/runs/integer/ex223_ex299_frontend_parallel_deep_20260614_0943/integer-agent/ex260/official_eval/ex260_smul_bw4_reverse_rhcla2_abc_g_aig/ex260_smul_bw4_reverse_rhcla2_abc_g_aig.evaluate.py.log,,,,,1131,,0,,,,,not_run,,,0,,,,,,,,,,,,,,,,1066,0
integer-agent,integer,ex266,ex266_udiv_bhi2_a4_case_wordmux_synth_preset_d10,ex266|divider_local_cofactor_recut|current_b_4_3_a_4_selector_but_local_word_truth_cases_instead_of_local_bit_BDDs|one_shared_cofactor_word_mux_local_quotient_words_emitted_together|synth_preset_d10|unsigned_low5_high5_divide_dbz_sat|quotient_word_by_magnitude_cofactor,,,current b[4:3]/a[4] selector but local word truth cases instead of local bit BDDs,"one shared cofactor word mux, local quotient words emitted together",synth_preset_d10,OK,1,147,11,1617,1480,848,student/work/ex223_ex299_frontend_parallel_deep_20260614_0943/integer-agent/ex266/verilog/ex266_udiv_bhi2_a4_case_wordmux.v,student/work/ex223_ex299_frontend_parallel_deep_20260614_0943/integer-agent/ex266/aigs/ex266_udiv_bhi2_a4_case_wordmux_synth_preset_d10.aig,student/runs/integer/ex223_ex299_frontend_parallel_deep_20260614_0943/integer-agent/ex266/official_eval/ex266_udiv_bhi2_a4_case_wordmux_synth_preset_d10/ex266_udiv_bhi2_a4_case_wordmux_synth_preset_d10.evaluate.py.log,student/frontend_campaigns/campaigns/ex223_ex299_frontend_parallel_deep_20260614_0943/agent_shards/integer-agent/candidates.csv,official evaluate.py OK; yosys_log=student/work/ex223_ex299_frontend_parallel_deep_20260614_0943/integer-agent/ex266/logs/ex266_udiv_bhi2_a4_case_wordmux_synth_preset_d10.yosys.log,ex266_udiv_bhi2_a4_case_wordmux_synth_preset_d10,divider local cofactor recut,,student/runs/integer/ex223_ex299_frontend_parallel_deep_20260614_0943/integer-agent/ex266/official_eval/ex266_udiv_bhi2_a4_case_wordmux_synth_preset_d10/ex266_udiv_bhi2_a4_case_wordmux_synth_preset_d10.evaluate.py.log,,,,,1480,,0,,,,,not_run,,,0,,,,,,,,,,,,,,,,1296,0
integer-agent,integer,ex266,ex266_udiv_bhi2_a4_case_wordmux_abc_g_aig,ex266|divider_local_cofactor_recut|current_b_4_3_a_4_selector_but_local_word_truth_cases_instead_of_local_bit_BDDs|one_shared_cofactor_word_mux_local_quotient_words_emitted_together|abc_g_aig|unsigned_low5_high5_divide_dbz_sat|quotient_word_by_magnitude_cofactor,,,current b[4:3]/a[4] selector but local word truth cases instead of local bit BDDs,"one shared cofactor word mux, local quotient words emitted together",abc_g_aig,OK,1,150,11,1650,1480,848,student/work/ex223_ex299_frontend_parallel_deep_20260614_0943/integer-agent/ex266/verilog/ex266_udiv_bhi2_a4_case_wordmux.v,student/work/ex223_ex299_frontend_parallel_deep_20260614_0943/integer-agent/ex266/aigs/ex266_udiv_bhi2_a4_case_wordmux_abc_g_aig.aig,student/runs/integer/ex223_ex299_frontend_parallel_deep_20260614_0943/integer-agent/ex266/official_eval/ex266_udiv_bhi2_a4_case_wordmux_abc_g_aig/ex266_udiv_bhi2_a4_case_wordmux_abc_g_aig.evaluate.py.log,student/frontend_campaigns/campaigns/ex223_ex299_frontend_parallel_deep_20260614_0943/agent_shards/integer-agent/candidates.csv,official evaluate.py OK; yosys_log=student/work/ex223_ex299_frontend_parallel_deep_20260614_0943/integer-agent/ex266/logs/ex266_udiv_bhi2_a4_case_wordmux_abc_g_aig.yosys.log,ex266_udiv_bhi2_a4_case_wordmux_abc_g_aig,divider local cofactor recut,,student/runs/integer/ex223_ex299_frontend_parallel_deep_20260614_0943/integer-agent/ex266/official_eval/ex266_udiv_bhi2_a4_case_wordmux_abc_g_aig/ex266_udiv_bhi2_a4_case_wordmux_abc_g_aig.evaluate.py.log,,,,,1480,,0,,,,,not_run,,,0,,,,,,,,,,,,,,,,1296,0
integer-agent,integer,ex266,ex266_udiv_divisor_case_const_abc_g_aig,ex266|divider_constant_divisor_action_table|divisor_keyed_constant_quotient_arms_with_power_of_two_shortcut_arms|shared_numerator_and_divisor_decode_select_a_whole_quotient_word|abc_g_aig|unsigned_low5_high5_divide_dbz_sat|quotient_word_by_divisor,,,divisor-keyed constant quotient arms with power-of-two shortcut arms,shared numerator and divisor decode select a whole quotient word,abc_g_aig,OK,1,242,12,2904,1480,848,student/work/ex223_ex299_frontend_parallel_deep_20260614_0943/integer-agent/ex266/verilog/ex266_udiv_divisor_case_const.v,student/work/ex223_ex299_frontend_parallel_deep_20260614_0943/integer-agent/ex266/aigs/ex266_udiv_divisor_case_const_abc_g_aig.aig,student/runs/integer/ex223_ex299_frontend_parallel_deep_20260614_0943/integer-agent/ex266/official_eval/ex266_udiv_divisor_case_const_abc_g_aig/ex266_udiv_divisor_case_const_abc_g_aig.evaluate.py.log,student/frontend_campaigns/campaigns/ex223_ex299_frontend_parallel_deep_20260614_0943/agent_shards/integer-agent/candidates.csv,official evaluate.py OK; yosys_log=student/work/ex223_ex299_frontend_parallel_deep_20260614_0943/integer-agent/ex266/logs/ex266_udiv_divisor_case_const_abc_g_aig.yosys.log,ex266_udiv_divisor_case_const_abc_g_aig,divider constant-divisor action table,,student/runs/integer/ex223_ex299_frontend_parallel_deep_20260614_0943/integer-agent/ex266/official_eval/ex266_udiv_divisor_case_const_abc_g_aig/ex266_udiv_divisor_case_const_abc_g_aig.evaluate.py.log,,,,,1480,,0,,,,,not_run,,,0,,,,,,,,,,,,,,,,1296,0
integer-agent,integer,ex270,ex270_wallace_square_outside_csel5_abc_g_aig_d12,ex270|small_square_final_carry_flow_recut|triangular_square_Wallace_outside_columns_with_csel5_final_merge|one_cross_term_per_symmetric_pair_and_carry_select_final_word_merge|abc_g_aig_d12|unsigned_8_square|full_square_word,,,triangular square Wallace outside columns with csel5 final merge,one cross term per symmetric pair and carry-select final word merge,abc_g_aig_d12,OK,1,191,17,3247,3230,2076,student/work/ex223_ex299_frontend_parallel_deep_20260614_0943/integer-agent/ex270/verilog/ex270_wallace_square_outside_csel5.v,student/work/ex223_ex299_frontend_parallel_deep_20260614_0943/integer-agent/ex270/aigs/ex270_wallace_square_outside_csel5_abc_g_aig_d12.aig,student/runs/integer/ex223_ex299_frontend_parallel_deep_20260614_0943/integer-agent/ex270/official_eval/ex270_wallace_square_outside_csel5_abc_g_aig_d12/ex270_wallace_square_outside_csel5_abc_g_aig_d12.evaluate.py.log,student/frontend_campaigns/campaigns/ex223_ex299_frontend_parallel_deep_20260614_0943/agent_shards/integer-agent/candidates.csv,official evaluate.py OK; yosys_log=student/work/ex223_ex299_frontend_parallel_deep_20260614_0943/integer-agent/ex270/logs/ex270_wallace_square_outside_csel5_abc_g_aig_d12.yosys.log,ex270_wallace_square_outside_csel5_abc_g_aig_d12,small square final-carry flow recut,,student/runs/integer/ex223_ex299_frontend_parallel_deep_20260614_0943/integer-agent/ex270/official_eval/ex270_wallace_square_outside_csel5_abc_g_aig_d12/ex270_wallace_square_outside_csel5_abc_g_aig_d12.evaluate.py.log,,,,,3230,,0,,,,,not_run,,,0,,,,,,,,,,,,,,,,2786,0
integer-agent,integer,ex270,ex270_wallace_square_outside_csel5_synth_preset,ex270|small_square_final_carry_flow_recut|triangular_square_Wallace_outside_columns_with_csel5_final_merge|one_cross_term_per_symmetric_pair_and_carry_select_final_word_merge|synth_preset|unsigned_8_square|full_square_word,,,triangular square Wallace outside columns with csel5 final merge,one cross term per symmetric pair and carry-select final word merge,synth_preset,OK,1,191,17,3247,3230,2076,student/work/ex223_ex299_frontend_parallel_deep_20260614_0943/integer-agent/ex270/verilog/ex270_wallace_square_outside_csel5.v,student/work/ex223_ex299_frontend_parallel_deep_20260614_0943/integer-agent/ex270/aigs/ex270_wallace_square_outside_csel5_synth_preset.aig,student/runs/integer/ex223_ex299_frontend_parallel_deep_20260614_0943/integer-agent/ex270/official_eval/ex270_wallace_square_outside_csel5_synth_preset/ex270_wallace_square_outside_csel5_synth_preset.evaluate.py.log,student/frontend_campaigns/campaigns/ex223_ex299_frontend_parallel_deep_20260614_0943/agent_shards/integer-agent/candidates.csv,official evaluate.py OK; yosys_log=student/work/ex223_ex299_frontend_parallel_deep_20260614_0943/integer-agent/ex270/logs/ex270_wallace_square_outside_csel5_synth_preset.yosys.log,ex270_wallace_square_outside_csel5_synth_preset,small square final-carry flow recut,,student/runs/integer/ex223_ex299_frontend_parallel_deep_20260614_0943/integer-agent/ex270/official_eval/ex270_wallace_square_outside_csel5_synth_preset/ex270_wallace_square_outside_csel5_synth_preset.evaluate.py.log,,,,,3230,,0,,,,,not_run,,,0,,,,,,,,,,,,,,,,2786,0
integer-agent,integer,ex270,ex270_hybrid_bddtop1_synth_preset,ex270|small_square_selected_top_bit_recut|single_top_output_BDD_over_triangular_lower_square|arithmetic_lower_square_plus_one_selected_truth_guided_high_bit|synth_preset|unsigned_8_square|top1_BDD_plus_lower_arithmetic,,,single top output BDD over triangular lower square,arithmetic lower square plus one selected truth-guided high bit,synth_preset,OK,1,194,18,3492,3230,2076,student/work/ex223_ex299_frontend_parallel_deep_20260614_0943/integer-agent/ex270/verilog/ex270_hybrid_bddtop1.v,student/work/ex223_ex299_frontend_parallel_deep_20260614_0943/integer-agent/ex270/aigs/ex270_hybrid_bddtop1_synth_preset.aig,student/runs/integer/ex223_ex299_frontend_parallel_deep_20260614_0943/integer-agent/ex270/official_eval/ex270_hybrid_bddtop1_synth_preset/ex270_hybrid_bddtop1_synth_preset.evaluate.py.log,student/frontend_campaigns/campaigns/ex223_ex299_frontend_parallel_deep_20260614_0943/agent_shards/integer-agent/candidates.csv,official evaluate.py OK; yosys_log=student/work/ex223_ex299_frontend_parallel_deep_20260614_0943/integer-agent/ex270/logs/ex270_hybrid_bddtop1_synth_preset.yosys.log,ex270_hybrid_bddtop1_synth_preset,small square selected top-bit recut,,student/runs/integer/ex223_ex299_frontend_parallel_deep_20260614_0943/integer-agent/ex270/official_eval/ex270_hybrid_bddtop1_synth_preset/ex270_hybrid_bddtop1_synth_preset.evaluate.py.log,,,,,3230,,0,,,,,not_run,,,0,,,,,,,,,,,,,,,,2786,0
integer-agent,integer,ex270,ex270_square_highgap_fullrow_csa_csel4_abc_g_aig,ex270|small_square_full_row_CSA_alternative|full_width_balanced_CSA_rows_over_all_square_terms|shared_square_terms_accumulated_as_vectors_before_csel_final_merge|abc_g_aig|unsigned_8_square|full_square_word,,,full-width balanced CSA rows over all square terms,shared square terms accumulated as vectors before csel final merge,abc_g_aig,OK,1,234,23,5382,3230,2076,student/work/ex223_ex299_frontend_parallel_deep_20260614_0943/integer-agent/ex270/verilog/ex270_square_highgap_fullrow_csa_csel4.v,student/work/ex223_ex299_frontend_parallel_deep_20260614_0943/integer-agent/ex270/aigs/ex270_square_highgap_fullrow_csa_csel4_abc_g_aig.aig,student/runs/integer/ex223_ex299_frontend_parallel_deep_20260614_0943/integer-agent/ex270/official_eval/ex270_square_highgap_fullrow_csa_csel4_abc_g_aig/ex270_square_highgap_fullrow_csa_csel4_abc_g_aig.evaluate.py.log,student/frontend_campaigns/campaigns/ex223_ex299_frontend_parallel_deep_20260614_0943/agent_shards/integer-agent/candidates.csv,official evaluate.py OK; yosys_log=student/work/ex223_ex299_frontend_parallel_deep_20260614_0943/integer-agent/ex270/logs/ex270_square_highgap_fullrow_csa_csel4_abc_g_aig.yosys.log,ex270_square_highgap_fullrow_csa_csel4_abc_g_aig,small square full-row CSA alternative,,student/runs/integer/ex223_ex299_frontend_parallel_deep_20260614_0943/integer-agent/ex270/official_eval/ex270_square_highgap_fullrow_csa_csel4_abc_g_aig/ex270_square_highgap_fullrow_csa_csel4_abc_g_aig.evaluate.py.log,,,,,3230,,0,,,,,not_run,,,0,,,,,,,,,,,,,,,,2786,0
integer-agent,integer,ex273,ex273_hybrid_cmptop4_trunc_synth_preset,ex273|large_square_comparator_top_recut|top4_comparator_range_bits_with_truncated_lower_square|selected_high_output_predicates_share_the_truncated_lower_arithmetic_network|synth_preset|unsigned_14_square|top4_comparator_plus_lower_arithmetic,,,top4 comparator/range bits with truncated lower square,selected high output predicates share the truncated lower arithmetic network,synth_preset,OK,1,802,33,26466,26301,15078,student/work/ex223_ex299_frontend_parallel_deep_20260614_0943/integer-agent/ex273/verilog/ex273_hybrid_cmptop4_trunc.v,student/work/ex223_ex299_frontend_parallel_deep_20260614_0943/integer-agent/ex273/aigs/ex273_hybrid_cmptop4_trunc_synth_preset.aig,student/runs/integer/ex223_ex299_frontend_parallel_deep_20260614_0943/integer-agent/ex273/official_eval/ex273_hybrid_cmptop4_trunc_synth_preset/ex273_hybrid_cmptop4_trunc_synth_preset.evaluate.py.log,student/frontend_campaigns/campaigns/ex223_ex299_frontend_parallel_deep_20260614_0943/agent_shards/integer-agent/candidates.csv,official evaluate.py OK; yosys_log=student/work/ex223_ex299_frontend_parallel_deep_20260614_0943/integer-agent/ex273/logs/ex273_hybrid_cmptop4_trunc_synth_preset.yosys.log,ex273_hybrid_cmptop4_trunc_synth_preset,large square comparator-top recut,,student/runs/integer/ex223_ex299_frontend_parallel_deep_20260614_0943/integer-agent/ex273/official_eval/ex273_hybrid_cmptop4_trunc_synth_preset/ex273_hybrid_cmptop4_trunc_synth_preset.evaluate.py.log,,,,,26301,,0,,,,,not_run,,,0,,,,,,,,,,,,,,,,18860,0
integer-agent,integer,ex273,ex273_hybrid_cmptop4_trunc_abc_g_aig,ex273|large_square_comparator_top_recut|top4_comparator_range_bits_with_truncated_lower_square|selected_high_output_predicates_share_the_truncated_lower_arithmetic_network|abc_g_aig|unsigned_14_square|top4_comparator_plus_lower_arithmetic,,,top4 comparator/range bits with truncated lower square,selected high output predicates share the truncated lower arithmetic network,abc_g_aig,OK,1,808,33,26664,26301,15078,student/work/ex223_ex299_frontend_parallel_deep_20260614_0943/integer-agent/ex273/verilog/ex273_hybrid_cmptop4_trunc.v,student/work/ex223_ex299_frontend_parallel_deep_20260614_0943/integer-agent/ex273/aigs/ex273_hybrid_cmptop4_trunc_abc_g_aig.aig,student/runs/integer/ex223_ex299_frontend_parallel_deep_20260614_0943/integer-agent/ex273/official_eval/ex273_hybrid_cmptop4_trunc_abc_g_aig/ex273_hybrid_cmptop4_trunc_abc_g_aig.evaluate.py.log,student/frontend_campaigns/campaigns/ex223_ex299_frontend_parallel_deep_20260614_0943/agent_shards/integer-agent/candidates.csv,official evaluate.py OK; yosys_log=student/work/ex223_ex299_frontend_parallel_deep_20260614_0943/integer-agent/ex273/logs/ex273_hybrid_cmptop4_trunc_abc_g_aig.yosys.log,ex273_hybrid_cmptop4_trunc_abc_g_aig,large square comparator-top recut,,student/runs/integer/ex223_ex299_frontend_parallel_deep_20260614_0943/integer-agent/ex273/official_eval/ex273_hybrid_cmptop4_trunc_abc_g_aig/ex273_hybrid_cmptop4_trunc_abc_g_aig.evaluate.py.log,,,,,26301,,0,,,,,not_run,,,0,,,,,,,,,,,,,,,,18860,0
integer-agent,integer,ex273,ex273_wallace_square_outside_csel8_abc_g_aig,ex273|large_square_final_carry_source_baseline_recut|triangular_square_Wallace_outside_columns_with_csel8_final_merge|one_cross_term_per_symmetric_pair_and_wide_carry_select_final_word_merge|abc_g_aig|unsigned_14_square|full_square_word,,,triangular square Wallace outside columns with csel8 final merge,one cross term per symmetric pair and wide carry-select final word merge,abc_g_aig,OK,1,725,38,27550,26301,15078,student/work/ex223_ex299_frontend_parallel_deep_20260614_0943/integer-agent/ex273/verilog/ex273_wallace_square_outside_csel8.v,student/work/ex223_ex299_frontend_parallel_deep_20260614_0943/integer-agent/ex273/aigs/ex273_wallace_square_outside_csel8_abc_g_aig.aig,student/runs/integer/ex223_ex299_frontend_parallel_deep_20260614_0943/integer-agent/ex273/official_eval/ex273_wallace_square_outside_csel8_abc_g_aig/ex273_wallace_square_outside_csel8_abc_g_aig.evaluate.py.log,student/frontend_campaigns/campaigns/ex223_ex299_frontend_parallel_deep_20260614_0943/agent_shards/integer-agent/candidates.csv,official evaluate.py OK; yosys_log=student/work/ex223_ex299_frontend_parallel_deep_20260614_0943/integer-agent/ex273/logs/ex273_wallace_square_outside_csel8_abc_g_aig.yosys.log,ex273_wallace_square_outside_csel8_abc_g_aig,large square final-carry source baseline recut,,student/runs/integer/ex223_ex299_frontend_parallel_deep_20260614_0943/integer-agent/ex273/official_eval/ex273_wallace_square_outside_csel8_abc_g_aig/ex273_wallace_square_outside_csel8_abc_g_aig.evaluate.py.log,,,,,26301,,0,,,,,not_run,,,0,,,,,,,,,,,,,,,,18860,0
integer-agent,integer,ex273,ex273_square_highgap_pairadder_tree_abc_g_aig,ex273|large_square_balanced_adder_tree_alternative|balanced_pairwise_adder_tree_over_shifted_square_terms|all_diagonal_cross_terms_are_generated_once_then_merged_by_a_balanced_expression_tree|abc_g_aig|unsigned_14_square|full_square_word,,,balanced pairwise adder tree over shifted square terms,all diagonal/cross terms are generated once then merged by a balanced expression tree,abc_g_aig,OK,1,752,56,42112,26301,15078,student/work/ex223_ex299_frontend_parallel_deep_20260614_0943/integer-agent/ex273/verilog/ex273_square_highgap_pairadder_tree.v,student/work/ex223_ex299_frontend_parallel_deep_20260614_0943/integer-agent/ex273/aigs/ex273_square_highgap_pairadder_tree_abc_g_aig.aig,student/runs/integer/ex223_ex299_frontend_parallel_deep_20260614_0943/integer-agent/ex273/official_eval/ex273_square_highgap_pairadder_tree_abc_g_aig/ex273_square_highgap_pairadder_tree_abc_g_aig.evaluate.py.log,student/frontend_campaigns/campaigns/ex223_ex299_frontend_parallel_deep_20260614_0943/agent_shards/integer-agent/candidates.csv,official evaluate.py OK; yosys_log=student/work/ex223_ex299_frontend_parallel_deep_20260614_0943/integer-agent/ex273/logs/ex273_square_highgap_pairadder_tree_abc_g_aig.yosys.log,ex273_square_highgap_pairadder_tree_abc_g_aig,large square balanced adder-tree alternative,,student/runs/integer/ex223_ex299_frontend_parallel_deep_20260614_0943/integer-agent/ex273/official_eval/ex273_square_highgap_pairadder_tree_abc_g_aig/ex273_square_highgap_pairadder_tree_abc_g_aig.evaluate.py.log,,,,,26301,,0,,,,,not_run,,,0,,,,,,,,,,,,,,,,18860,0
integer-agent,integer,ex274,ex274_hybrid_cmptop2_trunc_abc_g_aig,ex274|wide_square_comparator_top_recut|top2_comparator_range_bits_with_truncated_lower_square|selected_high_output_predicates_share_the_truncated_lower_arithmetic_network|abc_g_aig|unsigned_16_square|top2_comparator_plus_lower_arithmetic,,,top2 comparator/range bits with truncated lower square,selected high output predicates share the truncated lower arithmetic network,abc_g_aig,OK,1,986,42,41412,41370,21630,student/work/ex223_ex299_frontend_parallel_deep_20260614_0943/integer-agent/ex274/verilog/ex274_hybrid_cmptop2_trunc.v,student/work/ex223_ex299_frontend_parallel_deep_20260614_0943/integer-agent/ex274/aigs/ex274_hybrid_cmptop2_trunc_abc_g_aig.aig,student/runs/integer/ex223_ex299_frontend_parallel_deep_20260614_0943/integer-agent/ex274/official_eval/ex274_hybrid_cmptop2_trunc_abc_g_aig/ex274_hybrid_cmptop2_trunc_abc_g_aig.evaluate.py.log,student/frontend_campaigns/campaigns/ex223_ex299_frontend_parallel_deep_20260614_0943/agent_shards/integer-agent/candidates.csv,official evaluate.py OK; yosys_log=student/work/ex223_ex299_frontend_parallel_deep_20260614_0943/integer-agent/ex274/logs/ex274_hybrid_cmptop2_trunc_abc_g_aig.yosys.log,ex274_hybrid_cmptop2_trunc_abc_g_aig,wide square comparator-top recut,,student/runs/integer/ex223_ex299_frontend_parallel_deep_20260614_0943/integer-agent/ex274/official_eval/ex274_hybrid_cmptop2_trunc_abc_g_aig/ex274_hybrid_cmptop2_trunc_abc_g_aig.evaluate.py.log,,,,,41370,,0,,,,,not_run,,,0,,,,,,,,,,,,,,,,25454,0
integer-agent,integer,ex274,ex274_hybrid_cmptop2_trunc_synth_preset,ex274|wide_square_comparator_top_recut|top2_comparator_range_bits_with_truncated_lower_square|selected_high_output_predicates_share_the_truncated_lower_arithmetic_network|synth_preset|unsigned_16_square|top2_comparator_plus_lower_arithmetic,,,top2 comparator/range bits with truncated lower square,selected high output predicates share the truncated lower arithmetic network,synth_preset,OK,1,988,42,41496,41370,21630,student/work/ex223_ex299_frontend_parallel_deep_20260614_0943/integer-agent/ex274/verilog/ex274_hybrid_cmptop2_trunc.v,student/work/ex223_ex299_frontend_parallel_deep_20260614_0943/integer-agent/ex274/aigs/ex274_hybrid_cmptop2_trunc_synth_preset.aig,student/runs/integer/ex223_ex299_frontend_parallel_deep_20260614_0943/integer-agent/ex274/official_eval/ex274_hybrid_cmptop2_trunc_synth_preset/ex274_hybrid_cmptop2_trunc_synth_preset.evaluate.py.log,student/frontend_campaigns/campaigns/ex223_ex299_frontend_parallel_deep_20260614_0943/agent_shards/integer-agent/candidates.csv,official evaluate.py OK; yosys_log=student/work/ex223_ex299_frontend_parallel_deep_20260614_0943/integer-agent/ex274/logs/ex274_hybrid_cmptop2_trunc_synth_preset.yosys.log,ex274_hybrid_cmptop2_trunc_synth_preset,wide square comparator-top recut,,student/runs/integer/ex223_ex299_frontend_parallel_deep_20260614_0943/integer-agent/ex274/official_eval/ex274_hybrid_cmptop2_trunc_synth_preset/ex274_hybrid_cmptop2_trunc_synth_preset.evaluate.py.log,,,,,41370,,0,,,,,not_run,,,0,,,,,,,,,,,,,,,,25454,0
integer-agent,integer,ex274,ex274_wallace_square_outside_csel6_abc_g_aig,ex274|wide_square_final_carry_source_baseline_recut|triangular_square_Wallace_outside_columns_with_csel6_final_merge|one_cross_term_per_symmetric_pair_and_carry_select_final_word_merge|abc_g_aig|unsigned_16_square|full_square_word,,,triangular square Wallace outside columns with csel6 final merge,one cross term per symmetric pair and carry-select final word merge,abc_g_aig,OK,1,967,44,42548,41370,21630,student/work/ex223_ex299_frontend_parallel_deep_20260614_0943/integer-agent/ex274/verilog/ex274_wallace_square_outside_csel6.v,student/work/ex223_ex299_frontend_parallel_deep_20260614_0943/integer-agent/ex274/aigs/ex274_wallace_square_outside_csel6_abc_g_aig.aig,student/runs/integer/ex223_ex299_frontend_parallel_deep_20260614_0943/integer-agent/ex274/official_eval/ex274_wallace_square_outside_csel6_abc_g_aig/ex274_wallace_square_outside_csel6_abc_g_aig.evaluate.py.log,student/frontend_campaigns/campaigns/ex223_ex299_frontend_parallel_deep_20260614_0943/agent_shards/integer-agent/candidates.csv,official evaluate.py OK; yosys_log=student/work/ex223_ex299_frontend_parallel_deep_20260614_0943/integer-agent/ex274/logs/ex274_wallace_square_outside_csel6_abc_g_aig.yosys.log,ex274_wallace_square_outside_csel6_abc_g_aig,wide square final-carry source baseline recut,,student/runs/integer/ex223_ex299_frontend_parallel_deep_20260614_0943/integer-agent/ex274/official_eval/ex274_wallace_square_outside_csel6_abc_g_aig/ex274_wallace_square_outside_csel6_abc_g_aig.evaluate.py.log,,,,,41370,,0,,,,,not_run,,,0,,,,,,,,,,,,,,,,25454,0
integer-agent,integer,ex274,ex274_square_highgap_fullrow_csa_csel8_abc_g_aig,ex274|wide_square_full_row_CSA_alternative|full_width_balanced_CSA_rows_over_all_square_terms|shared_square_terms_accumulated_as_vectors_before_csel_final_merge|abc_g_aig|unsigned_16_square|full_square_word,,,full-width balanced CSA rows over all square terms,shared square terms accumulated as vectors before csel final merge,abc_g_aig,OK,1,1344,48,64512,41370,21630,student/work/ex223_ex299_frontend_parallel_deep_20260614_0943/integer-agent/ex274/verilog/ex274_square_highgap_fullrow_csa_csel8.v,student/work/ex223_ex299_frontend_parallel_deep_20260614_0943/integer-agent/ex274/aigs/ex274_square_highgap_fullrow_csa_csel8_abc_g_aig.aig,student/runs/integer/ex223_ex299_frontend_parallel_deep_20260614_0943/integer-agent/ex274/official_eval/ex274_square_highgap_fullrow_csa_csel8_abc_g_aig/ex274_square_highgap_fullrow_csa_csel8_abc_g_aig.evaluate.py.log,student/frontend_campaigns/campaigns/ex223_ex299_frontend_parallel_deep_20260614_0943/agent_shards/integer-agent/candidates.csv,official evaluate.py OK; yosys_log=student/work/ex223_ex299_frontend_parallel_deep_20260614_0943/integer-agent/ex274/logs/ex274_square_highgap_fullrow_csa_csel8_abc_g_aig.yosys.log,ex274_square_highgap_fullrow_csa_csel8_abc_g_aig,wide square full-row CSA alternative,,student/runs/integer/ex223_ex299_frontend_parallel_deep_20260614_0943/integer-agent/ex274/official_eval/ex274_square_highgap_fullrow_csa_csel8_abc_g_aig/ex274_square_highgap_fullrow_csa_csel8_abc_g_aig.evaluate.py.log,,,,,41370,,0,,,,,not_run,,,0,,,,,,,,,,,,,,,,25454,0
integer-agent,integer,ex276,ex276_prefix4_ge_tree_lsb_synth_preset,ex276|sqrt_shared_threshold_word_tree_recut|prefix4_local_threshold_words_selected_LSB_first|low_threshold_flags_are_shared_across_all_output_bits_inside_each_high_bucket|synth_preset|unsigned_floor_isqrt_10_to_5|sqrt_word_by_high_prefix_bucket,,,prefix4 local threshold words selected LSB-first,low threshold flags are shared across all output bits inside each high bucket,synth_preset,OK,1,103,11,1133,1010,632,student/work/ex223_ex299_frontend_parallel_deep_20260614_0943/integer-agent/ex276/verilog/ex276_prefix4_ge_tree_lsb.v,student/work/ex223_ex299_frontend_parallel_deep_20260614_0943/integer-agent/ex276/aigs/ex276_prefix4_ge_tree_lsb_synth_preset.aig,student/runs/integer/ex223_ex299_frontend_parallel_deep_20260614_0943/integer-agent/ex276/official_eval/ex276_prefix4_ge_tree_lsb_synth_preset/ex276_prefix4_ge_tree_lsb_synth_preset.evaluate.py.log,student/frontend_campaigns/campaigns/ex223_ex299_frontend_parallel_deep_20260614_0943/agent_shards/integer-agent/candidates.csv,official evaluate.py OK; yosys_log=student/work/ex223_ex299_frontend_parallel_deep_20260614_0943/integer-agent/ex276/logs/ex276_prefix4_ge_tree_lsb_synth_preset.yosys.log,ex276_prefix4_ge_tree_lsb_synth_preset,sqrt shared threshold word-tree recut,,student/runs/integer/ex223_ex299_frontend_parallel_deep_20260614_0943/integer-agent/ex276/official_eval/ex276_prefix4_ge_tree_lsb_synth_preset/ex276_prefix4_ge_tree_lsb_synth_preset.evaluate.py.log,,,,,1010,,0,,,,,not_run,,,0,,,,,,,,,,,,,,,,900,0
integer-agent,integer,ex276,ex276_prefix4_ge_tree_lsb_abc_g_aig,ex276|sqrt_shared_threshold_word_tree_recut|prefix4_local_threshold_words_selected_LSB_first|low_threshold_flags_are_shared_across_all_output_bits_inside_each_high_bucket|abc_g_aig|unsigned_floor_isqrt_10_to_5|sqrt_word_by_high_prefix_bucket,,,prefix4 local threshold words selected LSB-first,low threshold flags are shared across all output bits inside each high bucket,abc_g_aig,OK,1,113,12,1356,1010,632,student/work/ex223_ex299_frontend_parallel_deep_20260614_0943/integer-agent/ex276/verilog/ex276_prefix4_ge_tree_lsb.v,student/work/ex223_ex299_frontend_parallel_deep_20260614_0943/integer-agent/ex276/aigs/ex276_prefix4_ge_tree_lsb_abc_g_aig.aig,student/runs/integer/ex223_ex299_frontend_parallel_deep_20260614_0943/integer-agent/ex276/official_eval/ex276_prefix4_ge_tree_lsb_abc_g_aig/ex276_prefix4_ge_tree_lsb_abc_g_aig.evaluate.py.log,student/frontend_campaigns/campaigns/ex223_ex299_frontend_parallel_deep_20260614_0943/agent_shards/integer-agent/candidates.csv,official evaluate.py OK; yosys_log=student/work/ex223_ex299_frontend_parallel_deep_20260614_0943/integer-agent/ex276/logs/ex276_prefix4_ge_tree_lsb_abc_g_aig.yosys.log,ex276_prefix4_ge_tree_lsb_abc_g_aig,sqrt shared threshold word-tree recut,,student/runs/integer/ex223_ex299_frontend_parallel_deep_20260614_0943/integer-agent/ex276/official_eval/ex276_prefix4_ge_tree_lsb_abc_g_aig/ex276_prefix4_ge_tree_lsb_abc_g_aig.evaluate.py.log,,,,,1010,,0,,,,,not_run,,,0,,,,,,,,,,,,,,,,900,0
integer-agent,integer,ex276,ex276_mix_p4_p5_p5low2_arith_wreduce_aig,ex276|sqrt_mixed_prefix_delay_tradeoff|prefix4_prefix5_selected_low_bit_mixed_classifier|top_bits_keep_prefix4_sharing_while_selected_low_bits_use_deeper_prefix5_cuts|arith_wreduce_aig|unsigned_floor_isqrt_10_to_5|mixed_sqrt_output_bits,,,prefix4/prefix5 selected low-bit mixed classifier,top bits keep prefix4 sharing while selected low bits use deeper prefix5 cuts,arith_wreduce_aig,OK,1,116,9,1044,1010,632,student/work/ex223_ex299_frontend_parallel_deep_20260614_0943/integer-agent/ex276/verilog/ex276_mix_p4_p5_p5low2.v,student/work/ex223_ex299_frontend_parallel_deep_20260614_0943/integer-agent/ex276/aigs/ex276_mix_p4_p5_p5low2_arith_wreduce_aig.aig,student/runs/integer/ex223_ex299_frontend_parallel_deep_20260614_0943/integer-agent/ex276/official_eval/ex276_mix_p4_p5_p5low2_arith_wreduce_aig/ex276_mix_p4_p5_p5low2_arith_wreduce_aig.evaluate.py.log,student/frontend_campaigns/campaigns/ex223_ex299_frontend_parallel_deep_20260614_0943/agent_shards/integer-agent/candidates.csv,official evaluate.py OK; yosys_log=student/work/ex223_ex299_frontend_parallel_deep_20260614_0943/integer-agent/ex276/logs/ex276_mix_p4_p5_p5low2_arith_wreduce_aig.yosys.log,ex276_mix_p4_p5_p5low2_arith_wreduce_aig,sqrt mixed prefix delay tradeoff,,student/runs/integer/ex223_ex299_frontend_parallel_deep_20260614_0943/integer-agent/ex276/official_eval/ex276_mix_p4_p5_p5low2_arith_wreduce_aig/ex276_mix_p4_p5_p5low2_arith_wreduce_aig.evaluate.py.log,,,,,1010,,0,,,,,not_run,,,0,,,,,,,,,,,,,,,,900,0
integer-agent,integer,ex276,ex276_mix_p4_p5_p5low2_synth_preset,ex276|sqrt_mixed_prefix_delay_tradeoff|prefix4_prefix5_selected_low_bit_mixed_classifier|top_bits_keep_prefix4_sharing_while_selected_low_bits_use_deeper_prefix5_cuts|synth_preset|unsigned_floor_isqrt_10_to_5|mixed_sqrt_output_bits,,,prefix4/prefix5 selected low-bit mixed classifier,top bits keep prefix4 sharing while selected low bits use deeper prefix5 cuts,synth_preset,OK,1,130,11,1430,1010,632,student/work/ex223_ex299_frontend_parallel_deep_20260614_0943/integer-agent/ex276/verilog/ex276_mix_p4_p5_p5low2.v,student/work/ex223_ex299_frontend_parallel_deep_20260614_0943/integer-agent/ex276/aigs/ex276_mix_p4_p5_p5low2_synth_preset.aig,student/runs/integer/ex223_ex299_frontend_parallel_deep_20260614_0943/integer-agent/ex276/official_eval/ex276_mix_p4_p5_p5low2_synth_preset/ex276_mix_p4_p5_p5low2_synth_preset.evaluate.py.log,student/frontend_campaigns/campaigns/ex223_ex299_frontend_parallel_deep_20260614_0943/agent_shards/integer-agent/candidates.csv,official evaluate.py OK; yosys_log=student/work/ex223_ex299_frontend_parallel_deep_20260614_0943/integer-agent/ex276/logs/ex276_mix_p4_p5_p5low2_synth_preset.yosys.log,ex276_mix_p4_p5_p5low2_synth_preset,sqrt mixed prefix delay tradeoff,,student/runs/integer/ex223_ex299_frontend_parallel_deep_20260614_0943/integer-agent/ex276/official_eval/ex276_mix_p4_p5_p5low2_synth_preset/ex276_mix_p4_p5_p5low2_synth_preset.evaluate.py.log,,,,,1010,,0,,,,,not_run,,,0,,,,,,,,,,,,,,,,900,0
integer-agent,integer,ex276,ex276_isqrt_highgap_square_threshold_wordtree_abc_g_aig,ex276|sqrt_balanced_threshold_word_alternative|balanced_binary_threshold_tree_over_candidate_squares|whole_sqrt_word_selected_by_shared_square_threshold_comparisons|abc_g_aig|unsigned_floor_isqrt_10_to_5|whole_sqrt_word,,,balanced binary threshold tree over candidate squares,whole sqrt word selected by shared square-threshold comparisons,abc_g_aig,OK,1,133,12,1596,1010,632,student/work/ex223_ex299_frontend_parallel_deep_20260614_0943/integer-agent/ex276/verilog/ex276_isqrt_highgap_square_threshold_wordtree.v,student/work/ex223_ex299_frontend_parallel_deep_20260614_0943/integer-agent/ex276/aigs/ex276_isqrt_highgap_square_threshold_wordtree_abc_g_aig.aig,student/runs/integer/ex223_ex299_frontend_parallel_deep_20260614_0943/integer-agent/ex276/official_eval/ex276_isqrt_highgap_square_threshold_wordtree_abc_g_aig/ex276_isqrt_highgap_square_threshold_wordtree_abc_g_aig.evaluate.py.log,student/frontend_campaigns/campaigns/ex223_ex299_frontend_parallel_deep_20260614_0943/agent_shards/integer-agent/candidates.csv,official evaluate.py OK; yosys_log=student/work/ex223_ex299_frontend_parallel_deep_20260614_0943/integer-agent/ex276/logs/ex276_isqrt_highgap_square_threshold_wordtree_abc_g_aig.yosys.log,ex276_isqrt_highgap_square_threshold_wordtree_abc_g_aig,sqrt balanced threshold-word alternative,,student/runs/integer/ex223_ex299_frontend_parallel_deep_20260614_0943/integer-agent/ex276/official_eval/ex276_isqrt_highgap_square_threshold_wordtree_abc_g_aig/ex276_isqrt_highgap_square_threshold_wordtree_abc_g_aig.evaluate.py.log,,,,,1010,,0,,,,,not_run,,,0,,,,,,,,,,,,,,,,900,0
