agent_id,domain,case,candidate,method_signature,old_area,old_delay,old_adp,new_area,new_delay,new_adp,improvement_adp,verilog_path,aig_path,log_path,source_csv,notes,r2_baseline_adp,improvement_vs_r2,r3_best_adp,improvement_vs_r3,r4_best_adp,improvement_vs_snapshot,improvement_vs_r4,evaluate_log_path,candidate_id,hypothesis,hypothesis_family,representation,sharing_strategy,synth_flow,eval_dir,equivalent,status,area,delay,adp,frontend_target_adp,reference_adp,delta_vs_target,beats_target,previous_adp,new_candidate_id,timestamp,family,evaluate_log,yosys_log_path,variant,shared_structure,verified_truth,ADP,frontend_best_adp,current_best_adp,delta_vs_frontend,delta_vs_current,beats_frontend,beats_current,run_id,high_level_description
fp8-breakthrough-r2,float_fp8,ex247,ex247_r2_special_lowpat_boolean_abc_g_aig_frontend,ex247|E5M2FN packed low-over-high division|special-case shell plus direct low-underflow pattern bits|shared divide-by-zero/zero shell and Boolean low-pattern residual|abc_g_aig_frontend|official_evaluate|selected_low_underflow_bits,363,23,8349,361,23,8303,46,student/work/ex204_ex299_frontend_breakthrough_20260614_1051/fp8-breakthrough-r2/ex247/verilog/ex247_r2_special_lowpat_boolean_abc_g_aig_frontend.v,student/work/ex204_ex299_frontend_breakthrough_20260614_1051/fp8-breakthrough-r2/ex247/aigs/ex247_r2_special_lowpat_boolean_abc_g_aig_frontend.aig,student/runs/float_fp8/ex204_ex299_frontend_breakthrough_20260614_1051/fp8-breakthrough-r2/ex247/logs/ex247_r2_special_lowpat_boolean_abc_g_aig_frontend.evaluate.py.log,student/frontend_campaigns/campaigns/ex204_ex299_frontend_breakthrough_20260614_1051/agent_shards/fp8-breakthrough-r2/best_improvements.csv,Adds an explicit non-NaN special shell and limits residual rewrite to low-underflow bits.; synth_log=student/work/ex204_ex299_frontend_breakthrough_20260614_1051/fp8-breakthrough-r2/ex247/logs/ex247_r2_special_lowpat_boolean_abc_g_aig_frontend.yosys.log,,,,,,,,,,,,,,,,,,,,,,,,,,,,,,,,,,,,,,,,,,
ex247-breakthrough-r3,float_fp8,ex247,ex247_r3_factored_lowpred_abc_g_aig_frontend,ex247|E5M2FN packed low-over-high division|special-case shell with factored onehot low-underflow predicates|shared pat/step onehots feed all low residual output bits|abc_g_aig_frontend|official_evaluate|selected_low_underflow_bits,363,23,8349,354,23,8142,207,student/work/ex204_ex299_frontend_breakthrough_20260614_1051/ex247-breakthrough-r3/ex247/verilog/ex247_r3_factored_lowpred_abc_g_aig_frontend.v,student/work/ex204_ex299_frontend_breakthrough_20260614_1051/ex247-breakthrough-r3/ex247/aigs/ex247_r3_factored_lowpred_abc_g_aig_frontend.aig,student/runs/float_fp8/ex204_ex299_frontend_breakthrough_20260614_1051/ex247-breakthrough-r3/ex247/logs/ex247_r3_factored_lowpred_abc_g_aig_frontend.evaluate.py.log,student/frontend_campaigns/campaigns/ex204_ex299_frontend_breakthrough_20260614_1051/agent_shards/ex247-breakthrough-r3/best_improvements.csv,Factors the r2 low residual into reusable pat/step predicates before output packing.; synth_log=student/work/ex204_ex299_frontend_breakthrough_20260614_1051/ex247-breakthrough-r3/ex247/logs/ex247_r3_factored_lowpred_abc_g_aig_frontend.yosys.log,8303,161,,,,,,,,,,,,,,,,,,,,,,,,,,,,,,,,,,,,,,,,
ex247-breakthrough-r3,float_fp8,ex247,ex247_r3_lowpred_grouped_output_abc_g_aig_frontend,ex247|E5M2FN packed low-over-high division|factored low predicates plus exponent/mantissa grouped output|shared pat/step onehots and shared zero/sat/low/linear field-group predicates|abc_g_aig_frontend|official_evaluate|low_predicates_plus_field_groups,363,23,8349,355,23,8165,184,student/work/ex204_ex299_frontend_breakthrough_20260614_1051/ex247-breakthrough-r3/ex247/verilog/ex247_r3_lowpred_grouped_output_abc_g_aig_frontend.v,student/work/ex204_ex299_frontend_breakthrough_20260614_1051/ex247-breakthrough-r3/ex247/aigs/ex247_r3_lowpred_grouped_output_abc_g_aig_frontend.aig,student/runs/float_fp8/ex204_ex299_frontend_breakthrough_20260614_1051/ex247-breakthrough-r3/ex247/logs/ex247_r3_lowpred_grouped_output_abc_g_aig_frontend.evaluate.py.log,student/frontend_campaigns/campaigns/ex204_ex299_frontend_breakthrough_20260614_1051/agent_shards/ex247-breakthrough-r3/best_improvements.csv,Combines the r3 factored low residual with field-group output selection.; synth_log=student/work/ex204_ex299_frontend_breakthrough_20260614_1051/ex247-breakthrough-r3/ex247/logs/ex247_r3_lowpred_grouped_output_abc_g_aig_frontend.yosys.log,8303,138,,,,,,,,,,,,,,,,,,,,,,,,,,,,,,,,,,,,,,,,
ex247-breakthrough-r3,float_fp8,ex247,ex247_r3_r2_anchor_abc_g_aig_frontend,ex247|E5M2FN packed low-over-high division|r2 special shell and Boolean low-pattern residual copied as r3 control|shared divide-by-zero/zero shell and direct low-underflow Boolean residual|abc_g_aig_frontend|official_evaluate|selected_low_underflow_bits,363,23,8349,361,23,8303,46,student/work/ex204_ex299_frontend_breakthrough_20260614_1051/ex247-breakthrough-r3/ex247/verilog/ex247_r3_r2_anchor_abc_g_aig_frontend.v,student/work/ex204_ex299_frontend_breakthrough_20260614_1051/ex247-breakthrough-r3/ex247/aigs/ex247_r3_r2_anchor_abc_g_aig_frontend.aig,student/runs/float_fp8/ex204_ex299_frontend_breakthrough_20260614_1051/ex247-breakthrough-r3/ex247/logs/ex247_r3_r2_anchor_abc_g_aig_frontend.evaluate.py.log,student/frontend_campaigns/campaigns/ex204_ex299_frontend_breakthrough_20260614_1051/agent_shards/ex247-breakthrough-r3/best_improvements.csv,Control row to verify r3 runner reproduces the r2 source-level result.; synth_log=student/work/ex204_ex299_frontend_breakthrough_20260614_1051/ex247-breakthrough-r3/ex247/logs/ex247_r3_r2_anchor_abc_g_aig_frontend.yosys.log,8303,0,,,,,,,,,,,,,,,,,,,,,,,,,,,,,,,,,,,,,,,,
ex247-breakthrough-r3,float_fp8,ex247,ex247_r3_low_value_decoder_abc_g_aig_frontend,ex247|E5M2FN packed low-over-high division|special-case shell with low-underflow value-class predicates|shared is1/is2/is4 predicates generate the low residual magnitude|abc_g_aig_frontend|official_evaluate|selected_low_underflow_value_classes,363,23,8349,361,23,8303,46,student/work/ex204_ex299_frontend_breakthrough_20260614_1051/ex247-breakthrough-r3/ex247/verilog/ex247_r3_low_value_decoder_abc_g_aig_frontend.v,student/work/ex204_ex299_frontend_breakthrough_20260614_1051/ex247-breakthrough-r3/ex247/aigs/ex247_r3_low_value_decoder_abc_g_aig_frontend.aig,student/runs/float_fp8/ex204_ex299_frontend_breakthrough_20260614_1051/ex247-breakthrough-r3/ex247/logs/ex247_r3_low_value_decoder_abc_g_aig_frontend.evaluate.py.log,student/frontend_campaigns/campaigns/ex204_ex299_frontend_breakthrough_20260614_1051/agent_shards/ex247-breakthrough-r3/best_improvements.csv,Tests explicit value classes instead of per-bit r2 formulas.; synth_log=student/work/ex204_ex299_frontend_breakthrough_20260614_1051/ex247-breakthrough-r3/ex247/logs/ex247_r3_low_value_decoder_abc_g_aig_frontend.yosys.log,8303,0,,,,,,,,,,,,,,,,,,,,,,,,,,,,,,,,,,,,,,,,
ex247-breakthrough-r3,float_fp8,ex247,ex247_r3_combined_sat_low_bits_abc_g_aig_frontend,ex247|E5M2FN packed low-over-high division|special-case shell with selected saturation and low residual bits merged|shared class predicates directly OR saturation constants with low/linear bits|abc_g_aig_frontend|official_evaluate|selected_sat_low_linear_bits,363,23,8349,361,23,8303,46,student/work/ex204_ex299_frontend_breakthrough_20260614_1051/ex247-breakthrough-r3/ex247/verilog/ex247_r3_combined_sat_low_bits_abc_g_aig_frontend.v,student/work/ex204_ex299_frontend_breakthrough_20260614_1051/ex247-breakthrough-r3/ex247/aigs/ex247_r3_combined_sat_low_bits_abc_g_aig_frontend.aig,student/runs/float_fp8/ex204_ex299_frontend_breakthrough_20260614_1051/ex247-breakthrough-r3/ex247/logs/ex247_r3_combined_sat_low_bits_abc_g_aig_frontend.evaluate.py.log,student/frontend_campaigns/campaigns/ex204_ex299_frontend_breakthrough_20260614_1051/agent_shards/ex247-breakthrough-r3/best_improvements.csv,Combines low-pattern residual with selected saturation/normal result bits.; synth_log=student/work/ex204_ex299_frontend_breakthrough_20260614_1051/ex247-breakthrough-r3/ex247/logs/ex247_r3_combined_sat_low_bits_abc_g_aig_frontend.yosys.log,8303,0,,,,,,,,,,,,,,,,,,,,,,,,,,,,,,,,,,,,,,,,
ex247-breakthrough-r3,float_fp8,ex247,ex247_r3_lowcase_bdd_abc_g_aig_frontend,ex247|E5M2FN packed low-over-high division|special-case shell plus small case residual for low output bits only|shared shell and a four-input residual BDD-like case for changed low bits|abc_g_aig_frontend|official_evaluate|low_bits_residual_case,363,23,8349,362,23,8326,23,student/work/ex204_ex299_frontend_breakthrough_20260614_1051/ex247-breakthrough-r3/ex247/verilog/ex247_r3_lowcase_bdd_abc_g_aig_frontend.v,student/work/ex204_ex299_frontend_breakthrough_20260614_1051/ex247-breakthrough-r3/ex247/aigs/ex247_r3_lowcase_bdd_abc_g_aig_frontend.aig,student/runs/float_fp8/ex204_ex299_frontend_breakthrough_20260614_1051/ex247-breakthrough-r3/ex247/logs/ex247_r3_lowcase_bdd_abc_g_aig_frontend.evaluate.py.log,student/frontend_campaigns/campaigns/ex204_ex299_frontend_breakthrough_20260614_1051/agent_shards/ex247-breakthrough-r3/best_improvements.csv,Compares compact residual case logic against explicit r2 predicates.; synth_log=student/work/ex204_ex299_frontend_breakthrough_20260614_1051/ex247-breakthrough-r3/ex247/logs/ex247_r3_lowcase_bdd_abc_g_aig_frontend.yosys.log,8303,-23,,,,,,,,,,,,,,,,,,,,,,,,,,,,,,,,,,,,,,,,
ex247-breakthrough-r4,float_fp8,ex247,ex247_r4_tail_direct_lowpred_min_abc_g_aig_frontend,ex247|E5M2FN packed low-over-high division|tail-only bound table with minimized low-underflow predicates|derived region predicates and compact pat/step low residual share the tail table|abc_g_aig_frontend|official_evaluate|tail_direct_min_lowpred,363,23,8349,251,26,6526,1823,student/work/ex204_ex299_frontend_breakthrough_20260614_1051/ex247-breakthrough-r4/ex247/verilog/ex247_r4_tail_direct_lowpred_min_abc_g_aig_frontend.v,student/work/ex204_ex299_frontend_breakthrough_20260614_1051/ex247-breakthrough-r4/ex247/aigs/ex247_r4_tail_direct_lowpred_min_abc_g_aig_frontend.aig,student/runs/float_fp8/ex204_ex299_frontend_breakthrough_20260614_1051/ex247-breakthrough-r4/ex247/logs/ex247_r4_tail_direct_lowpred_min_abc_g_aig_frontend.evaluate.py.log,student/frontend_campaigns/campaigns/ex204_ex299_frontend_breakthrough_20260614_1051/agent_shards/ex247-breakthrough-r4/best_improvements.csv,Existing r4 artifact folded into the shard CSV from its official evaluate log.; synth_log=student/work/ex204_ex299_frontend_breakthrough_20260614_1051/ex247-breakthrough-r4/ex247/logs/ex247_r4_tail_direct_lowpred_min_abc_g_aig_frontend.yosys.log,8303,1777,8142,1616,,,,,,,,,,,,,,,,,,,,,,,,,,,,,,,,,,,,,,
ex247-breakthrough-r4,float_fp8,ex247,ex247_r4_tail_table_direct_region_abc_g_aig_frontend,ex247|E5M2FN packed low-over-high division|tail-only bound table with direct derived region predicates|bound table stores offset/mant/pat only; zero and saturation bounds derive from offset and mant|abc_g_aig_frontend|official_evaluate|tail_table_direct_region,363,23,8349,251,26,6526,1823,student/work/ex204_ex299_frontend_breakthrough_20260614_1051/ex247-breakthrough-r4/ex247/verilog/ex247_r4_tail_table_direct_region_abc_g_aig_frontend.v,student/work/ex204_ex299_frontend_breakthrough_20260614_1051/ex247-breakthrough-r4/ex247/aigs/ex247_r4_tail_table_direct_region_abc_g_aig_frontend.aig,student/runs/float_fp8/ex204_ex299_frontend_breakthrough_20260614_1051/ex247-breakthrough-r4/ex247/logs/ex247_r4_tail_table_direct_region_abc_g_aig_frontend.evaluate.py.log,student/frontend_campaigns/campaigns/ex204_ex299_frontend_breakthrough_20260614_1051/agent_shards/ex247-breakthrough-r4/best_improvements.csv,Existing r4 artifact folded into the shard CSV from its official evaluate log.; synth_log=student/work/ex204_ex299_frontend_breakthrough_20260614_1051/ex247-breakthrough-r4/ex247/logs/ex247_r4_tail_table_direct_region_abc_g_aig_frontend.yosys.log,8303,1777,8142,1616,,,,,,,,,,,,,,,,,,,,,,,,,,,,,,,,,,,,,,
ex247-breakthrough-r4,float_fp8,ex247,ex247_r4_range_direct_lowcase_residual_abc_g_aig_frontend,ex247|E5M2FN packed low-over-high division|range-derived offset with direct lowcase residual|offset derives from significand range comparisons while low residual stays case-local|abc_g_aig_frontend|official_evaluate|range_direct_lowcase_residual,363,23,8349,235,28,6580,1769,student/work/ex204_ex299_frontend_breakthrough_20260614_1051/ex247-breakthrough-r4/ex247/verilog/ex247_r4_range_direct_lowcase_residual_abc_g_aig_frontend.v,student/work/ex204_ex299_frontend_breakthrough_20260614_1051/ex247-breakthrough-r4/ex247/aigs/ex247_r4_range_direct_lowcase_residual_abc_g_aig_frontend.aig,student/runs/float_fp8/ex204_ex299_frontend_breakthrough_20260614_1051/ex247-breakthrough-r4/ex247/logs/ex247_r4_range_direct_lowcase_residual_abc_g_aig_frontend.evaluate.py.log,student/frontend_campaigns/campaigns/ex204_ex299_frontend_breakthrough_20260614_1051/agent_shards/ex247-breakthrough-r4/best_improvements.csv,Existing r4 artifact folded into the shard CSV from its official evaluate log.; synth_log=student/work/ex204_ex299_frontend_breakthrough_20260614_1051/ex247-breakthrough-r4/ex247/logs/ex247_r4_range_direct_lowcase_residual_abc_g_aig_frontend.yosys.log,8303,1723,8142,1562,,,,,,,,,,,,,,,,,,,,,,,,,,,,,,,,,,,,,,
ex247-breakthrough-r4,float_fp8,ex247,ex247_r4_mantpat_range_direct_region_abc_g_aig_frontend,ex247|E5M2FN packed low-over-high division|mant/pat table with range-derived offset and direct region predicates|mant/pat remain table-driven while offset and zero/sat bounds are derived|abc_g_aig_frontend|official_evaluate|mantpat_range_direct_region,363,23,8349,239,29,6931,1418,student/work/ex204_ex299_frontend_breakthrough_20260614_1051/ex247-breakthrough-r4/ex247/verilog/ex247_r4_mantpat_range_direct_region_abc_g_aig_frontend.v,student/work/ex204_ex299_frontend_breakthrough_20260614_1051/ex247-breakthrough-r4/ex247/aigs/ex247_r4_mantpat_range_direct_region_abc_g_aig_frontend.aig,student/runs/float_fp8/ex204_ex299_frontend_breakthrough_20260614_1051/ex247-breakthrough-r4/ex247/logs/ex247_r4_mantpat_range_direct_region_abc_g_aig_frontend.evaluate.py.log,student/frontend_campaigns/campaigns/ex204_ex299_frontend_breakthrough_20260614_1051/agent_shards/ex247-breakthrough-r4/best_improvements.csv,Existing r4 artifact folded into the shard CSV from its official evaluate log.; synth_log=student/work/ex204_ex299_frontend_breakthrough_20260614_1051/ex247-breakthrough-r4/ex247/logs/ex247_r4_mantpat_range_direct_region_abc_g_aig_frontend.yosys.log,8303,1372,8142,1211,,,,,,,,,,,,,,,,,,,,,,,,,,,,,,,,,,,,,,
ex247-breakthrough-r4,float_fp8,ex247,ex247_r4_class_tail_direct_region_abc_g_aig_frontend,ex247|E5M2FN packed low-over-high division|class-based tail table with direct region predicates|class/tail decode shares derived zero/sat/low predicates|abc_g_aig_frontend|official_evaluate|class_tail_direct_region,363,23,8349,288,26,7488,861,student/work/ex204_ex299_frontend_breakthrough_20260614_1051/ex247-breakthrough-r4/ex247/verilog/ex247_r4_class_tail_direct_region_abc_g_aig_frontend.v,student/work/ex204_ex299_frontend_breakthrough_20260614_1051/ex247-breakthrough-r4/ex247/aigs/ex247_r4_class_tail_direct_region_abc_g_aig_frontend.aig,student/runs/float_fp8/ex204_ex299_frontend_breakthrough_20260614_1051/ex247-breakthrough-r4/ex247/logs/ex247_r4_class_tail_direct_region_abc_g_aig_frontend.evaluate.py.log,student/frontend_campaigns/campaigns/ex204_ex299_frontend_breakthrough_20260614_1051/agent_shards/ex247-breakthrough-r4/best_improvements.csv,Existing r4 artifact folded into the shard CSV from its official evaluate log.; synth_log=student/work/ex204_ex299_frontend_breakthrough_20260614_1051/ex247-breakthrough-r4/ex247/logs/ex247_r4_class_tail_direct_region_abc_g_aig_frontend.yosys.log,8303,815,8142,654,,,,,,,,,,,,,,,,,,,,,,,,,,,,,,,,,,,,,,
ex247-breakthrough-r4,float_fp8,ex247,ex247_r4_attr_no_valid_abc_g_aig_frontend,ex247|E5M2FN packed low-over-high division|r3 factored low residual with 23-bit bound_attr table and no valid bit|bound_attr stores only zero_hi sat_lo offset mant pat; final shell handles invalid rows|abc_g_aig_frontend|official_evaluate|bound_attr_without_valid,363,23,8349,351,23,8073,276,student/work/ex204_ex299_frontend_breakthrough_20260614_1051/ex247-breakthrough-r4/ex247/verilog/ex247_r4_attr_no_valid_abc_g_aig_frontend.v,student/work/ex204_ex299_frontend_breakthrough_20260614_1051/ex247-breakthrough-r4/ex247/aigs/ex247_r4_attr_no_valid_abc_g_aig_frontend.aig,student/runs/float_fp8/ex204_ex299_frontend_breakthrough_20260614_1051/ex247-breakthrough-r4/ex247/logs/ex247_r4_attr_no_valid_abc_g_aig_frontend.evaluate.py.log,student/frontend_campaigns/campaigns/ex204_ex299_frontend_breakthrough_20260614_1051/agent_shards/ex247-breakthrough-r4/best_improvements.csv,Shrinks the current r3 table encoding without changing the low residual semantics.; synth_log=student/work/ex204_ex299_frontend_breakthrough_20260614_1051/ex247-breakthrough-r4/ex247/logs/ex247_r4_attr_no_valid_abc_g_aig_frontend.yosys.log,8303,230,8142,69,,,,,,,,,,,,,,,,,,,,,,,,,,,,,,,,,,,,,,
ex247-breakthrough-r4,float_fp8,ex247,ex247_r4_active_drop_valid_abc_g_aig_frontend,ex247|E5M2FN packed low-over-high division|r3 factored low residual with active driven by nonzero operands only|drops the attr valid bit from active while preserving table layout|abc_g_aig_frontend|official_evaluate|active_predicate_recut,363,23,8349,352,23,8096,253,student/work/ex204_ex299_frontend_breakthrough_20260614_1051/ex247-breakthrough-r4/ex247/verilog/ex247_r4_active_drop_valid_abc_g_aig_frontend.v,student/work/ex204_ex299_frontend_breakthrough_20260614_1051/ex247-breakthrough-r4/ex247/aigs/ex247_r4_active_drop_valid_abc_g_aig_frontend.aig,student/runs/float_fp8/ex204_ex299_frontend_breakthrough_20260614_1051/ex247-breakthrough-r4/ex247/logs/ex247_r4_active_drop_valid_abc_g_aig_frontend.evaluate.py.log,student/frontend_campaigns/campaigns/ex204_ex299_frontend_breakthrough_20260614_1051/agent_shards/ex247-breakthrough-r4/best_improvements.csv,Tests whether the valid bit is redundant for all nonzero finite operands.; synth_log=student/work/ex204_ex299_frontend_breakthrough_20260614_1051/ex247-breakthrough-r4/ex247/logs/ex247_r4_active_drop_valid_abc_g_aig_frontend.yosys.log,8303,207,8142,46,,,,,,,,,,,,,,,,,,,,,,,,,,,,,,,,,,,,,,
ex247-breakthrough-r4,float_fp8,ex247,ex247_r4_r3_anchor_abc_g_aig_frontend,ex247|E5M2FN packed low-over-high division|r3 factored low-predicate source copied as r4 control|shared pat/step onehots feed the low residual and original compact mag case|abc_g_aig_frontend|official_evaluate|r3_factored_lowpred_anchor,363,23,8349,354,23,8142,207,student/work/ex204_ex299_frontend_breakthrough_20260614_1051/ex247-breakthrough-r4/ex247/verilog/ex247_r4_r3_anchor_abc_g_aig_frontend.v,student/work/ex204_ex299_frontend_breakthrough_20260614_1051/ex247-breakthrough-r4/ex247/aigs/ex247_r4_r3_anchor_abc_g_aig_frontend.aig,student/runs/float_fp8/ex204_ex299_frontend_breakthrough_20260614_1051/ex247-breakthrough-r4/ex247/logs/ex247_r4_r3_anchor_abc_g_aig_frontend.evaluate.py.log,student/frontend_campaigns/campaigns/ex204_ex299_frontend_breakthrough_20260614_1051/agent_shards/ex247-breakthrough-r4/best_improvements.csv,Control row to verify r4 runner reproduces the current r3 best source result.; synth_log=student/work/ex204_ex299_frontend_breakthrough_20260614_1051/ex247-breakthrough-r4/ex247/logs/ex247_r4_r3_anchor_abc_g_aig_frontend.yosys.log,8303,161,8142,0,,,,,,,,,,,,,,,,,,,,,,,,,,,,,,,,,,,,,,
ex247-breakthrough-r4,float_fp8,ex247,ex247_r4_low_xor_mux_abc_g_aig_frontend,ex247|E5M2FN packed low-over-high division|low-underflow residual factored through xor/or step mux predicates|shared pat_xor pat_or and step mux predicates drive all three low bits|abc_g_aig_frontend|official_evaluate|low_underflow_xor_mux,363,23,8349,354,23,8142,207,student/work/ex204_ex299_frontend_breakthrough_20260614_1051/ex247-breakthrough-r4/ex247/verilog/ex247_r4_low_xor_mux_abc_g_aig_frontend.v,student/work/ex204_ex299_frontend_breakthrough_20260614_1051/ex247-breakthrough-r4/ex247/aigs/ex247_r4_low_xor_mux_abc_g_aig_frontend.aig,student/runs/float_fp8/ex204_ex299_frontend_breakthrough_20260614_1051/ex247-breakthrough-r4/ex247/logs/ex247_r4_low_xor_mux_abc_g_aig_frontend.evaluate.py.log,student/frontend_campaigns/campaigns/ex204_ex299_frontend_breakthrough_20260614_1051/agent_shards/ex247-breakthrough-r4/best_improvements.csv,Replaces r3 onehots with smaller shared xor/or subpredicates.; synth_log=student/work/ex204_ex299_frontend_breakthrough_20260614_1051/ex247-breakthrough-r4/ex247/logs/ex247_r4_low_xor_mux_abc_g_aig_frontend.yosys.log,8303,161,8142,0,,,,,,,,,,,,,,,,,,,,,,,,,,,,,,,,,,,,,,
ex247-breakthrough-r4,float_fp8,ex247,ex247_r4_low_if_shared_abc_g_aig_frontend,ex247|E5M2FN packed low-over-high division|priority-if low residual preserving shared xor/or predicates|shared pat_xor pat_nonzero predicates and ordered step conditions|abc_g_aig_frontend|official_evaluate|low_if_residual,363,23,8349,354,23,8142,207,student/work/ex204_ex299_frontend_breakthrough_20260614_1051/ex247-breakthrough-r4/ex247/verilog/ex247_r4_low_if_shared_abc_g_aig_frontend.v,student/work/ex204_ex299_frontend_breakthrough_20260614_1051/ex247-breakthrough-r4/ex247/aigs/ex247_r4_low_if_shared_abc_g_aig_frontend.aig,student/runs/float_fp8/ex204_ex299_frontend_breakthrough_20260614_1051/ex247-breakthrough-r4/ex247/logs/ex247_r4_low_if_shared_abc_g_aig_frontend.evaluate.py.log,student/frontend_campaigns/campaigns/ex204_ex299_frontend_breakthrough_20260614_1051/agent_shards/ex247-breakthrough-r4/best_improvements.csv,Tests an explicit if form that avoids a full output selector.; synth_log=student/work/ex204_ex299_frontend_breakthrough_20260614_1051/ex247-breakthrough-r4/ex247/logs/ex247_r4_low_if_shared_abc_g_aig_frontend.yosys.log,8303,161,8142,0,,,,,,,,,,,,,,,,,,,,,,,,,,,,,,,,,,,,,,
ex247-breakthrough-r4,float_fp8,ex247,ex247_r4_mag_no_den_case_abc_g_aig_frontend,ex247|E5M2FN packed low-over-high division|r3 factored low residual with redundant den-zero mag case removed|final special mux handles denominator zero while mag case keeps zero/sat/low/linear|abc_g_aig_frontend|official_evaluate|low_residual_overlay_mag_case,363,23,8349,354,23,8142,207,student/work/ex204_ex299_frontend_breakthrough_20260614_1051/ex247-breakthrough-r4/ex247/verilog/ex247_r4_mag_no_den_case_abc_g_aig_frontend.v,student/work/ex204_ex299_frontend_breakthrough_20260614_1051/ex247-breakthrough-r4/ex247/aigs/ex247_r4_mag_no_den_case_abc_g_aig_frontend.aig,student/runs/float_fp8/ex204_ex299_frontend_breakthrough_20260614_1051/ex247-breakthrough-r4/ex247/logs/ex247_r4_mag_no_den_case_abc_g_aig_frontend.evaluate.py.log,student/frontend_campaigns/campaigns/ex204_ex299_frontend_breakthrough_20260614_1051/agent_shards/ex247-breakthrough-r4/best_improvements.csv,Isolates the r2/r3 changed residual bits and removes redundant internal special case.; synth_log=student/work/ex204_ex299_frontend_breakthrough_20260614_1051/ex247-breakthrough-r4/ex247/logs/ex247_r4_mag_no_den_case_abc_g_aig_frontend.yosys.log,8303,161,8142,0,,,,,,,,,,,,,,,,,,,,,,,,,,,,,,,,,,,,,,
ex247-breakthrough-r4,float_fp8,ex247,ex247_r4_active_valid_only_abc_g_aig_frontend,ex247|E5M2FN packed low-over-high division|r3 factored low residual with active driven only by attr validity|final special mux handles zeros; region predicates avoid zero gates|abc_g_aig_frontend|official_evaluate|active_predicate_recut,363,23,8349,354,23,8142,207,student/work/ex204_ex299_frontend_breakthrough_20260614_1051/ex247-breakthrough-r4/ex247/verilog/ex247_r4_active_valid_only_abc_g_aig_frontend.v,student/work/ex204_ex299_frontend_breakthrough_20260614_1051/ex247-breakthrough-r4/ex247/aigs/ex247_r4_active_valid_only_abc_g_aig_frontend.aig,student/runs/float_fp8/ex204_ex299_frontend_breakthrough_20260614_1051/ex247-breakthrough-r4/ex247/logs/ex247_r4_active_valid_only_abc_g_aig_frontend.evaluate.py.log,student/frontend_campaigns/campaigns/ex204_ex299_frontend_breakthrough_20260614_1051/agent_shards/ex247-breakthrough-r4/best_improvements.csv,Tests if removing zero gates from the core region path helps.; synth_log=student/work/ex204_ex299_frontend_breakthrough_20260614_1051/ex247-breakthrough-r4/ex247/logs/ex247_r4_active_valid_only_abc_g_aig_frontend.yosys.log,8303,161,8142,0,,,,,,,,,,,,,,,,,,,,,,,,,,,,,,,,,,,,,,
ex247-breakthrough-r4,float_fp8,ex247,ex247_r4_xor_no_den_priority_abc_g_aig_frontend,ex247|E5M2FN packed low-over-high division|xor-factored low residual with no denominator-zero magnitude case|shared xor/or low terms and compact zero/sat/low/linear mag case|abc_g_aig_frontend|official_evaluate|xor_low_no_den_mag_case,363,23,8349,354,23,8142,207,student/work/ex204_ex299_frontend_breakthrough_20260614_1051/ex247-breakthrough-r4/ex247/verilog/ex247_r4_xor_no_den_priority_abc_g_aig_frontend.v,student/work/ex204_ex299_frontend_breakthrough_20260614_1051/ex247-breakthrough-r4/ex247/aigs/ex247_r4_xor_no_den_priority_abc_g_aig_frontend.aig,student/runs/float_fp8/ex204_ex299_frontend_breakthrough_20260614_1051/ex247-breakthrough-r4/ex247/logs/ex247_r4_xor_no_den_priority_abc_g_aig_frontend.evaluate.py.log,student/frontend_campaigns/campaigns/ex204_ex299_frontend_breakthrough_20260614_1051/agent_shards/ex247-breakthrough-r4/best_improvements.csv,Combines the most compact low equations with the redundant-den-case removal.; synth_log=student/work/ex204_ex299_frontend_breakthrough_20260614_1051/ex247-breakthrough-r4/ex247/logs/ex247_r4_xor_no_den_priority_abc_g_aig_frontend.yosys.log,8303,161,8142,0,,,,,,,,,,,,,,,,,,,,,,,,,,,,,,,,,,,,,,
ex247-breakthrough-r4,float_fp8,ex247,ex247_r4_r3_factored_control_abc_g_aig_frontend,ex247|E5M2FN packed low-over-high division|r3 factored-lowpred source replayed as alternate control|shared pat/step onehots and original compact region magnitude case|abc_g_aig_frontend|official_evaluate|r3_factored_lowpred_control,363,23,8349,354,23,8142,207,student/work/ex204_ex299_frontend_breakthrough_20260614_1051/ex247-breakthrough-r4/ex247/verilog/ex247_r4_r3_factored_control_abc_g_aig_frontend.v,student/work/ex204_ex299_frontend_breakthrough_20260614_1051/ex247-breakthrough-r4/ex247/aigs/ex247_r4_r3_factored_control_abc_g_aig_frontend.aig,student/runs/float_fp8/ex204_ex299_frontend_breakthrough_20260614_1051/ex247-breakthrough-r4/ex247/logs/ex247_r4_r3_factored_control_abc_g_aig_frontend.evaluate.py.log,student/frontend_campaigns/campaigns/ex204_ex299_frontend_breakthrough_20260614_1051/agent_shards/ex247-breakthrough-r4/best_improvements.csv,Existing r4 artifact folded into the shard CSV from its official evaluate log.; synth_log=student/work/ex204_ex299_frontend_breakthrough_20260614_1051/ex247-breakthrough-r4/ex247/logs/ex247_r4_r3_factored_control_abc_g_aig_frontend.yosys.log,8303,161,8142,0,,,,,,,,,,,,,,,,,,,,,,,,,,,,,,,,,,,,,,
ex247-breakthrough-r4,float_fp8,ex247,ex247_r4_low_xor_terms_abc_g_aig_frontend,ex247|E5M2FN packed low-over-high division|low-underflow residual as shared xor/or terms plus step2/step3 gates|shared pat_xor pat_nonzero step0 step2 step3 terms|abc_g_aig_frontend|official_evaluate|low_underflow_xor_terms,363,23,8349,355,23,8165,184,student/work/ex204_ex299_frontend_breakthrough_20260614_1051/ex247-breakthrough-r4/ex247/verilog/ex247_r4_low_xor_terms_abc_g_aig_frontend.v,student/work/ex204_ex299_frontend_breakthrough_20260614_1051/ex247-breakthrough-r4/ex247/aigs/ex247_r4_low_xor_terms_abc_g_aig_frontend.aig,student/runs/float_fp8/ex204_ex299_frontend_breakthrough_20260614_1051/ex247-breakthrough-r4/ex247/logs/ex247_r4_low_xor_terms_abc_g_aig_frontend.evaluate.py.log,student/frontend_campaigns/campaigns/ex204_ex299_frontend_breakthrough_20260614_1051/agent_shards/ex247-breakthrough-r4/best_improvements.csv,Tests explicit two-level terms instead of nested mux expressions.; synth_log=student/work/ex204_ex299_frontend_breakthrough_20260614_1051/ex247-breakthrough-r4/ex247/logs/ex247_r4_low_xor_terms_abc_g_aig_frontend.yosys.log,8303,138,8142,-23,,,,,,,,,,,,,,,,,,,,,,,,,,,,,,,,,,,,,,
ex247-breakthrough-r4,float_fp8,ex247,ex247_r4_low_ao_shared_abc_g_aig_frontend,ex247|E5M2FN packed low-over-high division|low residual as and-or equations with named step high/low predicates|shared step_hi step_lo pat_xor pat_or terms|abc_g_aig_frontend|official_evaluate|low_and_or_shared,363,23,8349,355,23,8165,184,student/work/ex204_ex299_frontend_breakthrough_20260614_1051/ex247-breakthrough-r4/ex247/verilog/ex247_r4_low_ao_shared_abc_g_aig_frontend.v,student/work/ex204_ex299_frontend_breakthrough_20260614_1051/ex247-breakthrough-r4/ex247/aigs/ex247_r4_low_ao_shared_abc_g_aig_frontend.aig,student/runs/float_fp8/ex204_ex299_frontend_breakthrough_20260614_1051/ex247-breakthrough-r4/ex247/logs/ex247_r4_low_ao_shared_abc_g_aig_frontend.evaluate.py.log,student/frontend_campaigns/campaigns/ex204_ex299_frontend_breakthrough_20260614_1051/agent_shards/ex247-breakthrough-r4/best_improvements.csv,Tests a flat AO expression form for the same low residual.; synth_log=student/work/ex204_ex299_frontend_breakthrough_20260614_1051/ex247-breakthrough-r4/ex247/logs/ex247_r4_low_ao_shared_abc_g_aig_frontend.yosys.log,8303,138,8142,-23,,,,,,,,,,,,,,,,,,,,,,,,,,,,,,,,,,,,,,
ex247-breakthrough-r4,float_fp8,ex247,ex247_r4_low_step_case_abc_g_aig_frontend,ex247|E5M2FN packed low-over-high division|explicit low-step case with formula rows for step2 and step3|case preserves shared pat_xor pat_nonzero residual terms|abc_g_aig_frontend|official_evaluate|low_step_case_residual,363,23,8349,359,23,8257,92,student/work/ex204_ex299_frontend_breakthrough_20260614_1051/ex247-breakthrough-r4/ex247/verilog/ex247_r4_low_step_case_abc_g_aig_frontend.v,student/work/ex204_ex299_frontend_breakthrough_20260614_1051/ex247-breakthrough-r4/ex247/aigs/ex247_r4_low_step_case_abc_g_aig_frontend.aig,student/runs/float_fp8/ex204_ex299_frontend_breakthrough_20260614_1051/ex247-breakthrough-r4/ex247/logs/ex247_r4_low_step_case_abc_g_aig_frontend.evaluate.py.log,student/frontend_campaigns/campaigns/ex204_ex299_frontend_breakthrough_20260614_1051/agent_shards/ex247-breakthrough-r4/best_improvements.csv,A compact case/if form for low-underflow bits without a full-word mux.; synth_log=student/work/ex204_ex299_frontend_breakthrough_20260614_1051/ex247-breakthrough-r4/ex247/logs/ex247_r4_low_step_case_abc_g_aig_frontend.yosys.log,8303,46,8142,-115,,,,,,,,,,,,,,,,,,,,,,,,,,,,,,,,,,,,,,
ex247-breakthrough-r4,float_fp8,ex247,ex247_r4_mantpat_table_offset_range_abc_g_aig_frontend,ex247|E5M2FN packed low-over-high division|mant/pat table with offset range recode|range-derived offset feeds existing low and region predicates|abc_g_aig_frontend|official_evaluate|mantpat_table_offset_range,363,23,8349,277,30,8310,39,student/work/ex204_ex299_frontend_breakthrough_20260614_1051/ex247-breakthrough-r4/ex247/verilog/ex247_r4_mantpat_table_offset_range_abc_g_aig_frontend.v,student/work/ex204_ex299_frontend_breakthrough_20260614_1051/ex247-breakthrough-r4/ex247/aigs/ex247_r4_mantpat_table_offset_range_abc_g_aig_frontend.aig,student/runs/float_fp8/ex204_ex299_frontend_breakthrough_20260614_1051/ex247-breakthrough-r4/ex247/logs/ex247_r4_mantpat_table_offset_range_abc_g_aig_frontend.evaluate.py.log,student/frontend_campaigns/campaigns/ex204_ex299_frontend_breakthrough_20260614_1051/agent_shards/ex247-breakthrough-r4/best_improvements.csv,Existing r4 artifact folded into the shard CSV from its official evaluate log.; synth_log=student/work/ex204_ex299_frontend_breakthrough_20260614_1051/ex247-breakthrough-r4/ex247/logs/ex247_r4_mantpat_table_offset_range_abc_g_aig_frontend.yosys.log,8303,-7,8142,-168,,,,,,,,,,,,,,,,,,,,,,,,,,,,,,,,,,,,,,
ex247-breakthrough-r5,float_fp8,ex247,ex247_r5_lowpred_truth_case_abc_g_aig_frontend,ex247|E5M2FN packed low-over-high division|tail-direct lowpred-min with 16-row low residual case|low_step/pat truth table is encoded as a compact 4-bit case over the low residual only|abc_g_aig_frontend|official_evaluate|lowpred_truth_case,251,26,6526,249,26,6474,52,student/work/ex204_ex299_frontend_breakthrough_20260614_1051/ex247-breakthrough-r5/ex247/verilog/ex247_r5_lowpred_truth_case_abc_g_aig_frontend.v,student/work/ex204_ex299_frontend_breakthrough_20260614_1051/ex247-breakthrough-r5/ex247/aigs/ex247_r5_lowpred_truth_case_abc_g_aig_frontend.aig,student/runs/float_fp8/ex204_ex299_frontend_breakthrough_20260614_1051/ex247-breakthrough-r5/ex247/logs/ex247_r5_lowpred_truth_case_abc_g_aig_frontend.evaluate.py.log,student/frontend_campaigns/campaigns/ex204_ex299_frontend_breakthrough_20260614_1051/agent_shards/ex247-breakthrough-r5/best_improvements.csv,Checks a case-form low residual without changing the tail table or full output mux.; r4_best=251/26/6526; synth_log=student/work/ex204_ex299_frontend_breakthrough_20260614_1051/ex247-breakthrough-r5/ex247/logs/ex247_r5_lowpred_truth_case_abc_g_aig_frontend.yosys.log,,,,,6526,1875,52,,,,,,,,,,,,,,,,,,,,,,,,,,,,,,,,,,,
ex247-breakthrough-r5,float_fp8,ex247,ex247_r5_lowpred_step_mux_abc_g_aig_frontend,ex247|E5M2FN packed low-over-high division|tail-direct lowpred-min with low residual selected by low_step mux|step2 and step3 residual rows are named once and selected by low_step|abc_g_aig_frontend|official_evaluate|lowpred_step_mux,251,26,6526,250,26,6500,26,student/work/ex204_ex299_frontend_breakthrough_20260614_1051/ex247-breakthrough-r5/ex247/verilog/ex247_r5_lowpred_step_mux_abc_g_aig_frontend.v,student/work/ex204_ex299_frontend_breakthrough_20260614_1051/ex247-breakthrough-r5/ex247/aigs/ex247_r5_lowpred_step_mux_abc_g_aig_frontend.aig,student/runs/float_fp8/ex204_ex299_frontend_breakthrough_20260614_1051/ex247-breakthrough-r5/ex247/logs/ex247_r5_lowpred_step_mux_abc_g_aig_frontend.evaluate.py.log,student/frontend_campaigns/campaigns/ex204_ex299_frontend_breakthrough_20260614_1051/agent_shards/ex247-breakthrough-r5/best_improvements.csv,Rewrites the winning low residual as a row mux instead of shared sum-of-products.; r4_best=251/26/6526; synth_log=student/work/ex204_ex299_frontend_breakthrough_20260614_1051/ex247-breakthrough-r5/ex247/logs/ex247_r5_lowpred_step_mux_abc_g_aig_frontend.yosys.log,,,,,6526,1849,26,,,,,,,,,,,,,,,,,,,,,,,,,,,,,,,,,,,
fp8-source-r7,float_fp8,ex244,ex244_r7_satbit_regroup_synth_preset_aig,ex244|fp8_source_r7|satbit_regroup|split_saturation_terms_and_bitwise_nan_payload|synth_preset_aig|official_evaluate,301,34,10234,311,32,9952,282,student/work/ex204_ex299_frontend_breakthrough_20260614_1051/fp8-source-r7/ex244/verilog/ex244_r7_satbit_regroup.v,student/work/ex204_ex299_frontend_breakthrough_20260614_1051/fp8-source-r7/ex244/aigs/ex244_r7_satbit_regroup_synth_preset_aig.aig,student/runs/float_fp8/ex204_ex299_frontend_breakthrough_20260614_1051/fp8-source-r7/ex244/logs/ex244_r7_satbit_regroup_synth_preset_aig.evaluate.py.log,student/frontend_campaigns/campaigns/ex204_ex299_frontend_breakthrough_20260614_1051/agent_shards/fp8-source-r7/best_improvements.csv,below delegated frontend target,,,,,,,,student/runs/float_fp8/ex204_ex299_frontend_breakthrough_20260614_1051/fp8-source-r7/ex244/logs/ex244_r7_satbit_regroup_synth_preset_aig.evaluate.py.log,,,,,,,,,,,,,,,,,,,,,,,,,,,,,,,,,,
integer-square-r5,integer,ex270,ex270_r5_top3_threshold_recut_abc_g_aig,ex270|unsigned_square_x_times_x|replace_top_three_outputs_with_exact_square_range-threshold_predicates|existing_triangular_square_source_with_range_threshold_recut|abc_g_aig|abc_xf_official_evaluate|frontend_only_no_backend,,,3230,204,15,3060,170,student/work/ex204_ex299_frontend_breakthrough_20260614_1051/integer-square-r5/ex270/verilog/ex270_r5_top3_threshold_recut.v,student/work/ex204_ex299_frontend_breakthrough_20260614_1051/integer-square-r5/ex270/aigs/ex270_r5_top3_threshold_recut_abc_g_aig.aig,student/runs/integer/ex204_ex299_frontend_breakthrough_20260614_1051/integer-square-r5/ex270/official_eval/ex270_r5_top3_threshold_recut_abc_g_aig/ex270_r5_top3_threshold_recut_abc_g_aig.evaluate.py.log,student/frontend_campaigns/campaigns/ex204_ex299_frontend_breakthrough_20260614_1051/agent_shards/integer-square-r5/best_improvements.csv,source-level threshold recut; yosys_log=student/work/ex204_ex299_frontend_breakthrough_20260614_1051/integer-square-r5/ex270/logs/ex270_r5_top3_threshold_recut_abc_g_aig.yosys.log,,,,,,,,student/runs/integer/ex204_ex299_frontend_breakthrough_20260614_1051/integer-square-r5/ex270/official_eval/ex270_r5_top3_threshold_recut_abc_g_aig/ex270_r5_top3_threshold_recut_abc_g_aig.evaluate.py.log,ex270_r5_top3_threshold_recut_abc_g_aig,selected high-bit threshold recut over triangular square source,truth-guided selected-output correction,replace top three outputs with exact square range-threshold predicates,reuse existing square partial products; replace selected output bits with shared threshold predicates,abc_g_aig,student/runs/integer/ex204_ex299_frontend_breakthrough_20260614_1051/integer-square-r5/ex270/official_eval/ex270_r5_top3_threshold_recut_abc_g_aig,true,OK,204,15,3060,3230,2076,-170,true,,,,,,,,,,,,,,,,,,
integer-square-r5,integer,ex270,ex270_r5_top3_threshold_recut_synth_preset_aig,ex270|unsigned_square_x_times_x|replace_top_three_outputs_with_exact_square_range-threshold_predicates|existing_triangular_square_source_with_range_threshold_recut|synth_preset_aig|abc_xf_official_evaluate|frontend_only_no_backend,,,3230,199,16,3184,46,student/work/ex204_ex299_frontend_breakthrough_20260614_1051/integer-square-r5/ex270/verilog/ex270_r5_top3_threshold_recut.v,student/work/ex204_ex299_frontend_breakthrough_20260614_1051/integer-square-r5/ex270/aigs/ex270_r5_top3_threshold_recut_synth_preset_aig.aig,student/runs/integer/ex204_ex299_frontend_breakthrough_20260614_1051/integer-square-r5/ex270/official_eval/ex270_r5_top3_threshold_recut_synth_preset_aig/ex270_r5_top3_threshold_recut_synth_preset_aig.evaluate.py.log,student/frontend_campaigns/campaigns/ex204_ex299_frontend_breakthrough_20260614_1051/agent_shards/integer-square-r5/best_improvements.csv,source-level threshold recut; yosys_log=student/work/ex204_ex299_frontend_breakthrough_20260614_1051/integer-square-r5/ex270/logs/ex270_r5_top3_threshold_recut_synth_preset_aig.yosys.log,,,,,,,,student/runs/integer/ex204_ex299_frontend_breakthrough_20260614_1051/integer-square-r5/ex270/official_eval/ex270_r5_top3_threshold_recut_synth_preset_aig/ex270_r5_top3_threshold_recut_synth_preset_aig.evaluate.py.log,ex270_r5_top3_threshold_recut_synth_preset_aig,selected high-bit threshold recut over triangular square source,truth-guided selected-output correction,replace top three outputs with exact square range-threshold predicates,reuse existing square partial products; replace selected output bits with shared threshold predicates,synth_preset_aig,student/runs/integer/ex204_ex299_frontend_breakthrough_20260614_1051/integer-square-r5/ex270/official_eval/ex270_r5_top3_threshold_recut_synth_preset_aig,true,OK,199,16,3184,3230,2076,-46,true,,,,,,,,,,,,,,,,,,
integer-square-r5,integer,ex270,ex270_r5_top3_threshold_recut_abc_g_aig_d32,ex270|unsigned_square_x_times_x|replace_top_three_outputs_with_exact_square_range-threshold_predicates|existing_triangular_square_source_with_range_threshold_recut|abc_g_aig_d32|abc_xf_official_evaluate|frontend_only_no_backend,,,3230,204,15,3060,170,student/work/ex204_ex299_frontend_breakthrough_20260614_1051/integer-square-r5/ex270/verilog/ex270_r5_top3_threshold_recut.v,student/work/ex204_ex299_frontend_breakthrough_20260614_1051/integer-square-r5/ex270/aigs/ex270_r5_top3_threshold_recut_abc_g_aig_d32.aig,student/runs/integer/ex204_ex299_frontend_breakthrough_20260614_1051/integer-square-r5/ex270/official_eval/ex270_r5_top3_threshold_recut_abc_g_aig_d32/ex270_r5_top3_threshold_recut_abc_g_aig_d32.evaluate.py.log,student/frontend_campaigns/campaigns/ex204_ex299_frontend_breakthrough_20260614_1051/agent_shards/integer-square-r5/best_improvements.csv,source-level threshold recut; yosys_log=student/work/ex204_ex299_frontend_breakthrough_20260614_1051/integer-square-r5/ex270/logs/ex270_r5_top3_threshold_recut_abc_g_aig_d32.yosys.log,,,,,,,,student/runs/integer/ex204_ex299_frontend_breakthrough_20260614_1051/integer-square-r5/ex270/official_eval/ex270_r5_top3_threshold_recut_abc_g_aig_d32/ex270_r5_top3_threshold_recut_abc_g_aig_d32.evaluate.py.log,ex270_r5_top3_threshold_recut_abc_g_aig_d32,selected high-bit threshold recut over triangular square source,truth-guided selected-output correction,replace top three outputs with exact square range-threshold predicates,reuse existing square partial products; replace selected output bits with shared threshold predicates,abc_g_aig_d32,student/runs/integer/ex204_ex299_frontend_breakthrough_20260614_1051/integer-square-r5/ex270/official_eval/ex270_r5_top3_threshold_recut_abc_g_aig_d32,true,OK,204,15,3060,3230,2076,-170,true,,,,,,,,,,,,,,,,,,
integer-square-r5,integer,ex270,ex270_r5_top3_threshold_recut_abc_g_aig_d40,ex270|unsigned_square_x_times_x|replace_top_three_outputs_with_exact_square_range-threshold_predicates|existing_triangular_square_source_with_range_threshold_recut|abc_g_aig_d40|abc_xf_official_evaluate|frontend_only_no_backend,,,3230,204,15,3060,170,student/work/ex204_ex299_frontend_breakthrough_20260614_1051/integer-square-r5/ex270/verilog/ex270_r5_top3_threshold_recut.v,student/work/ex204_ex299_frontend_breakthrough_20260614_1051/integer-square-r5/ex270/aigs/ex270_r5_top3_threshold_recut_abc_g_aig_d40.aig,student/runs/integer/ex204_ex299_frontend_breakthrough_20260614_1051/integer-square-r5/ex270/official_eval/ex270_r5_top3_threshold_recut_abc_g_aig_d40/ex270_r5_top3_threshold_recut_abc_g_aig_d40.evaluate.py.log,student/frontend_campaigns/campaigns/ex204_ex299_frontend_breakthrough_20260614_1051/agent_shards/integer-square-r5/best_improvements.csv,source-level threshold recut; yosys_log=student/work/ex204_ex299_frontend_breakthrough_20260614_1051/integer-square-r5/ex270/logs/ex270_r5_top3_threshold_recut_abc_g_aig_d40.yosys.log,,,,,,,,student/runs/integer/ex204_ex299_frontend_breakthrough_20260614_1051/integer-square-r5/ex270/official_eval/ex270_r5_top3_threshold_recut_abc_g_aig_d40/ex270_r5_top3_threshold_recut_abc_g_aig_d40.evaluate.py.log,ex270_r5_top3_threshold_recut_abc_g_aig_d40,selected high-bit threshold recut over triangular square source,truth-guided selected-output correction,replace top three outputs with exact square range-threshold predicates,reuse existing square partial products; replace selected output bits with shared threshold predicates,abc_g_aig_d40,student/runs/integer/ex204_ex299_frontend_breakthrough_20260614_1051/integer-square-r5/ex270/official_eval/ex270_r5_top3_threshold_recut_abc_g_aig_d40,true,OK,204,15,3060,3230,2076,-170,true,,,,,,,,,,,,,,,,,,
integer-square-r5,integer,ex270,ex270_r5_top3_threshold_recut_synth_preset_aig_d32,ex270|unsigned_square_x_times_x|replace_top_three_outputs_with_exact_square_range-threshold_predicates|existing_triangular_square_source_with_range_threshold_recut|synth_preset_aig_d32|abc_xf_official_evaluate|frontend_only_no_backend,,,3230,199,16,3184,46,student/work/ex204_ex299_frontend_breakthrough_20260614_1051/integer-square-r5/ex270/verilog/ex270_r5_top3_threshold_recut.v,student/work/ex204_ex299_frontend_breakthrough_20260614_1051/integer-square-r5/ex270/aigs/ex270_r5_top3_threshold_recut_synth_preset_aig_d32.aig,student/runs/integer/ex204_ex299_frontend_breakthrough_20260614_1051/integer-square-r5/ex270/official_eval/ex270_r5_top3_threshold_recut_synth_preset_aig_d32/ex270_r5_top3_threshold_recut_synth_preset_aig_d32.evaluate.py.log,student/frontend_campaigns/campaigns/ex204_ex299_frontend_breakthrough_20260614_1051/agent_shards/integer-square-r5/best_improvements.csv,source-level threshold recut; yosys_log=student/work/ex204_ex299_frontend_breakthrough_20260614_1051/integer-square-r5/ex270/logs/ex270_r5_top3_threshold_recut_synth_preset_aig_d32.yosys.log,,,,,,,,student/runs/integer/ex204_ex299_frontend_breakthrough_20260614_1051/integer-square-r5/ex270/official_eval/ex270_r5_top3_threshold_recut_synth_preset_aig_d32/ex270_r5_top3_threshold_recut_synth_preset_aig_d32.evaluate.py.log,ex270_r5_top3_threshold_recut_synth_preset_aig_d32,selected high-bit threshold recut over triangular square source,truth-guided selected-output correction,replace top three outputs with exact square range-threshold predicates,reuse existing square partial products; replace selected output bits with shared threshold predicates,synth_preset_aig_d32,student/runs/integer/ex204_ex299_frontend_breakthrough_20260614_1051/integer-square-r5/ex270/official_eval/ex270_r5_top3_threshold_recut_synth_preset_aig_d32,true,OK,199,16,3184,3230,2076,-46,true,,,,,,,,,,,,,,,,,,
integer-square-r5,integer,ex270,ex270_r5_top3_threshold_recut_synth_preset_aig_d40,ex270|unsigned_square_x_times_x|replace_top_three_outputs_with_exact_square_range-threshold_predicates|existing_triangular_square_source_with_range_threshold_recut|synth_preset_aig_d40|abc_xf_official_evaluate|frontend_only_no_backend,,,3230,199,16,3184,46,student/work/ex204_ex299_frontend_breakthrough_20260614_1051/integer-square-r5/ex270/verilog/ex270_r5_top3_threshold_recut.v,student/work/ex204_ex299_frontend_breakthrough_20260614_1051/integer-square-r5/ex270/aigs/ex270_r5_top3_threshold_recut_synth_preset_aig_d40.aig,student/runs/integer/ex204_ex299_frontend_breakthrough_20260614_1051/integer-square-r5/ex270/official_eval/ex270_r5_top3_threshold_recut_synth_preset_aig_d40/ex270_r5_top3_threshold_recut_synth_preset_aig_d40.evaluate.py.log,student/frontend_campaigns/campaigns/ex204_ex299_frontend_breakthrough_20260614_1051/agent_shards/integer-square-r5/best_improvements.csv,source-level threshold recut; yosys_log=student/work/ex204_ex299_frontend_breakthrough_20260614_1051/integer-square-r5/ex270/logs/ex270_r5_top3_threshold_recut_synth_preset_aig_d40.yosys.log,,,,,,,,student/runs/integer/ex204_ex299_frontend_breakthrough_20260614_1051/integer-square-r5/ex270/official_eval/ex270_r5_top3_threshold_recut_synth_preset_aig_d40/ex270_r5_top3_threshold_recut_synth_preset_aig_d40.evaluate.py.log,ex270_r5_top3_threshold_recut_synth_preset_aig_d40,selected high-bit threshold recut over triangular square source,truth-guided selected-output correction,replace top three outputs with exact square range-threshold predicates,reuse existing square partial products; replace selected output bits with shared threshold predicates,synth_preset_aig_d40,student/runs/integer/ex204_ex299_frontend_breakthrough_20260614_1051/integer-square-r5/ex270/official_eval/ex270_r5_top3_threshold_recut_synth_preset_aig_d40,true,OK,199,16,3184,3230,2076,-46,true,,,,,,,,,,,,,,,,,,
integer-square-r5,integer,ex270,ex270_r5_top4_threshold_recut_abc_g_aig,ex270|unsigned_square_x_times_x|replace_top_four_outputs_with_exact_square_range-threshold_predicates|existing_triangular_square_source_with_range_threshold_recut|abc_g_aig|abc_xf_official_evaluate|frontend_only_no_backend,,,3230,214,15,3210,20,student/work/ex204_ex299_frontend_breakthrough_20260614_1051/integer-square-r5/ex270/verilog/ex270_r5_top4_threshold_recut.v,student/work/ex204_ex299_frontend_breakthrough_20260614_1051/integer-square-r5/ex270/aigs/ex270_r5_top4_threshold_recut_abc_g_aig.aig,student/runs/integer/ex204_ex299_frontend_breakthrough_20260614_1051/integer-square-r5/ex270/official_eval/ex270_r5_top4_threshold_recut_abc_g_aig/ex270_r5_top4_threshold_recut_abc_g_aig.evaluate.py.log,student/frontend_campaigns/campaigns/ex204_ex299_frontend_breakthrough_20260614_1051/agent_shards/integer-square-r5/best_improvements.csv,source-level threshold recut; yosys_log=student/work/ex204_ex299_frontend_breakthrough_20260614_1051/integer-square-r5/ex270/logs/ex270_r5_top4_threshold_recut_abc_g_aig.yosys.log,,,,,,,,student/runs/integer/ex204_ex299_frontend_breakthrough_20260614_1051/integer-square-r5/ex270/official_eval/ex270_r5_top4_threshold_recut_abc_g_aig/ex270_r5_top4_threshold_recut_abc_g_aig.evaluate.py.log,ex270_r5_top4_threshold_recut_abc_g_aig,selected high-bit threshold recut over triangular square source,source-level decision graph for high output bits,replace top four outputs with exact square range-threshold predicates,reuse existing square partial products; replace selected output bits with shared threshold predicates,abc_g_aig,student/runs/integer/ex204_ex299_frontend_breakthrough_20260614_1051/integer-square-r5/ex270/official_eval/ex270_r5_top4_threshold_recut_abc_g_aig,true,OK,214,15,3210,3230,2076,-20,true,,,,,,,,,,,,,,,,,,
integer-square-r5,integer,ex270,ex270_r5_top4_threshold_recut_abc_g_aig_d32,ex270|unsigned_square_x_times_x|replace_top_four_outputs_with_exact_square_range-threshold_predicates|existing_triangular_square_source_with_range_threshold_recut|abc_g_aig_d32|abc_xf_official_evaluate|frontend_only_no_backend,,,3230,214,15,3210,20,student/work/ex204_ex299_frontend_breakthrough_20260614_1051/integer-square-r5/ex270/verilog/ex270_r5_top4_threshold_recut.v,student/work/ex204_ex299_frontend_breakthrough_20260614_1051/integer-square-r5/ex270/aigs/ex270_r5_top4_threshold_recut_abc_g_aig_d32.aig,student/runs/integer/ex204_ex299_frontend_breakthrough_20260614_1051/integer-square-r5/ex270/official_eval/ex270_r5_top4_threshold_recut_abc_g_aig_d32/ex270_r5_top4_threshold_recut_abc_g_aig_d32.evaluate.py.log,student/frontend_campaigns/campaigns/ex204_ex299_frontend_breakthrough_20260614_1051/agent_shards/integer-square-r5/best_improvements.csv,source-level threshold recut; yosys_log=student/work/ex204_ex299_frontend_breakthrough_20260614_1051/integer-square-r5/ex270/logs/ex270_r5_top4_threshold_recut_abc_g_aig_d32.yosys.log,,,,,,,,student/runs/integer/ex204_ex299_frontend_breakthrough_20260614_1051/integer-square-r5/ex270/official_eval/ex270_r5_top4_threshold_recut_abc_g_aig_d32/ex270_r5_top4_threshold_recut_abc_g_aig_d32.evaluate.py.log,ex270_r5_top4_threshold_recut_abc_g_aig_d32,selected high-bit threshold recut over triangular square source,source-level decision graph for high output bits,replace top four outputs with exact square range-threshold predicates,reuse existing square partial products; replace selected output bits with shared threshold predicates,abc_g_aig_d32,student/runs/integer/ex204_ex299_frontend_breakthrough_20260614_1051/integer-square-r5/ex270/official_eval/ex270_r5_top4_threshold_recut_abc_g_aig_d32,true,OK,214,15,3210,3230,2076,-20,true,,,,,,,,,,,,,,,,,,
integer-square-r5,integer,ex270,ex270_r5_top4_threshold_recut_abc_g_aig_d40,ex270|unsigned_square_x_times_x|replace_top_four_outputs_with_exact_square_range-threshold_predicates|existing_triangular_square_source_with_range_threshold_recut|abc_g_aig_d40|abc_xf_official_evaluate|frontend_only_no_backend,,,3230,214,15,3210,20,student/work/ex204_ex299_frontend_breakthrough_20260614_1051/integer-square-r5/ex270/verilog/ex270_r5_top4_threshold_recut.v,student/work/ex204_ex299_frontend_breakthrough_20260614_1051/integer-square-r5/ex270/aigs/ex270_r5_top4_threshold_recut_abc_g_aig_d40.aig,student/runs/integer/ex204_ex299_frontend_breakthrough_20260614_1051/integer-square-r5/ex270/official_eval/ex270_r5_top4_threshold_recut_abc_g_aig_d40/ex270_r5_top4_threshold_recut_abc_g_aig_d40.evaluate.py.log,student/frontend_campaigns/campaigns/ex204_ex299_frontend_breakthrough_20260614_1051/agent_shards/integer-square-r5/best_improvements.csv,source-level threshold recut; yosys_log=student/work/ex204_ex299_frontend_breakthrough_20260614_1051/integer-square-r5/ex270/logs/ex270_r5_top4_threshold_recut_abc_g_aig_d40.yosys.log,,,,,,,,student/runs/integer/ex204_ex299_frontend_breakthrough_20260614_1051/integer-square-r5/ex270/official_eval/ex270_r5_top4_threshold_recut_abc_g_aig_d40/ex270_r5_top4_threshold_recut_abc_g_aig_d40.evaluate.py.log,ex270_r5_top4_threshold_recut_abc_g_aig_d40,selected high-bit threshold recut over triangular square source,source-level decision graph for high output bits,replace top four outputs with exact square range-threshold predicates,reuse existing square partial products; replace selected output bits with shared threshold predicates,abc_g_aig_d40,student/runs/integer/ex204_ex299_frontend_breakthrough_20260614_1051/integer-square-r5/ex270/official_eval/ex270_r5_top4_threshold_recut_abc_g_aig_d40,true,OK,214,15,3210,3230,2076,-20,true,,,,,,,,,,,,,,,,,,
fp8-recent-r8,float_fp8,ex242,ex242_r8_axis_numzero_shell_abc_g_aig_frontend,r8_axis_attr_numzero_special_shell,842,21,17682,841,20,16820,862,student/work/ex204_ex299_frontend_breakthrough_20260614_1051/fp8-recent-r8/ex242/verilog/ex242_r8_axis_numzero_shell_abc_g_aig_frontend.v,student/work/ex204_ex299_frontend_breakthrough_20260614_1051/fp8-recent-r8/ex242/aig/ex242_r8_axis_numzero_shell_abc_g_aig_frontend.aig,student/runs/float_fp8/ex204_ex299_frontend_breakthrough_20260614_1051/fp8-recent-r8/ex242/logs/ex242_r8_axis_numzero_shell_abc_g_aig_frontend.evaluate.py.log,student/frontend_campaigns/campaigns/ex204_ex299_frontend_breakthrough_20260614_1051/agent_shards/fp8-recent-r8/best_improvements.csv,official evaluate.py OK/equivalent,,,,,,,,student/runs/float_fp8/ex204_ex299_frontend_breakthrough_20260614_1051/fp8-recent-r8/ex242/logs/ex242_r8_axis_numzero_shell_abc_g_aig_frontend.evaluate.py.log,,,,,,,,,,,,,,,,,,,,,,,,,,,,,,,,,,
fp8-recent-r8,float_fp8,ex248,ex248_r8_split_payload_shell_abc_g_aig_frontend,r8_numden_split_payload_shell,291,27,7857,290,27,7830,27,student/work/ex204_ex299_frontend_breakthrough_20260614_1051/fp8-recent-r8/ex248/verilog/ex248_r8_split_payload_shell_abc_g_aig_frontend.v,student/work/ex204_ex299_frontend_breakthrough_20260614_1051/fp8-recent-r8/ex248/aig/ex248_r8_split_payload_shell_abc_g_aig_frontend.aig,student/runs/float_fp8/ex204_ex299_frontend_breakthrough_20260614_1051/fp8-recent-r8/ex248/logs/ex248_r8_split_payload_shell_abc_g_aig_frontend.evaluate.py.log,student/frontend_campaigns/campaigns/ex204_ex299_frontend_breakthrough_20260614_1051/agent_shards/fp8-recent-r8/best_improvements.csv,official evaluate.py OK/equivalent,,,,,,,,student/runs/float_fp8/ex204_ex299_frontend_breakthrough_20260614_1051/fp8-recent-r8/ex248/logs/ex248_r8_split_payload_shell_abc_g_aig_frontend.evaluate.py.log,,,,,,,,,,,,,,,,,,,,,,,,,,,,,,,,,,
integer-r6,integer,ex265,ex265_r6_range_bhi2_lut_abc_g_aig,ex265|divisor-high_partition_with_local_dividend/divisor-low_quotient_table|shared_quotient_word_per_high-divisor_residual_bucket|abc_g_aig|abc_xf_official_evaluate|frontend_only_no_backend,,,504,58,8,464,40,student/work/ex204_ex299_frontend_breakthrough_20260614_1051/integer-r6/ex265/verilog/ex265_r6_range_bhi2_lut.v,student/work/ex204_ex299_frontend_breakthrough_20260614_1051/integer-r6/ex265/aigs/ex265_r6_range_bhi2_lut_abc_g_aig.aig,student/runs/integer/ex204_ex299_frontend_breakthrough_20260614_1051/integer-r6/ex265/logs/ex265_r6_range_bhi2_lut_abc_g_aig.evaluate.py.log,student/frontend_campaigns/campaigns/ex204_ex299_frontend_breakthrough_20260614_1051/agent_shards/integer-r6/best_improvements.csv,frontend-only; yosys_log=student/work/ex204_ex299_frontend_breakthrough_20260614_1051/integer-r6/ex265/logs/ex265_r6_range_bhi2_lut_abc_g_aig.yosys.log,,,,,,,,student/runs/integer/ex204_ex299_frontend_breakthrough_20260614_1051/integer-r6/ex265/logs/ex265_r6_range_bhi2_lut_abc_g_aig.evaluate.py.log,ex265_r6_range_bhi2_lut_abc_g_aig,divisor-high partition with local dividend/divisor-low quotient table,range partitioned residual table,divisor-high partition with local dividend/divisor-low quotient table,shared quotient word per high-divisor residual bucket,abc_g_aig,student/runs/integer/ex204_ex299_frontend_breakthrough_20260614_1051/integer-r6/ex265/official_eval/ex265_r6_range_bhi2_lut_abc_g_aig,true,OK,58,8,464,504,322,-40,true,,,,,,,,,,,,,,,,,,
unknown-large-r7,unknown,ex298,ex298_r7_rotate_split_parallel_case_attrs,ex298|open_boundary_source_split_compression|parallel_case_attrs|rotate_high_split_nested_cases|yosys_synth_preset|official_evaluate|all_outputs,,,645639,33802,18,608436,37203,student/work/ex204_ex299_frontend_breakthrough_20260614_1051/unknown-large-r7/ex298/verilog/ex298_r7_rotate_split_parallel_case_attrs.v,student/work/ex204_ex299_frontend_breakthrough_20260614_1051/unknown-large-r7/ex298/aigs/ex298_r7_rotate_split_parallel_case_attrs.aig,student/work/ex204_ex299_frontend_breakthrough_20260614_1051/unknown-large-r7/ex298/logs/ex298_r7_rotate_split_parallel_case_attrs.evaluate.py.log,student/frontend_campaigns/campaigns/ex204_ex299_frontend_breakthrough_20260614_1051/agent_shards/unknown-large-r7/best_improvements.csv,frontend_only; no backend/remap/postpareto; baseline_frontend_adp=645639; current_overall_adp=554857,,,,,,,,,,,,,,,,,,33802,18,,,,,,645639,ex298_r7_rotate_split_parallel_case_attrs,,,,,,,,,,,,,,,,
unknown-large-r7,unknown,ex298,ex298_r7_rotate_split_full_parallel_attrs,ex298|open_boundary_source_split_compression|full_parallel_case_attrs|rotate_high_split_nested_cases|yosys_synth_preset|official_evaluate|all_outputs,,,645639,33802,18,608436,37203,student/work/ex204_ex299_frontend_breakthrough_20260614_1051/unknown-large-r7/ex298/verilog/ex298_r7_rotate_split_full_parallel_attrs.v,student/work/ex204_ex299_frontend_breakthrough_20260614_1051/unknown-large-r7/ex298/aigs/ex298_r7_rotate_split_full_parallel_attrs.aig,student/work/ex204_ex299_frontend_breakthrough_20260614_1051/unknown-large-r7/ex298/logs/ex298_r7_rotate_split_full_parallel_attrs.evaluate.py.log,student/frontend_campaigns/campaigns/ex204_ex299_frontend_breakthrough_20260614_1051/agent_shards/unknown-large-r7/best_improvements.csv,frontend_only; no backend/remap/postpareto; baseline_frontend_adp=645639; current_overall_adp=554857,,,,,,,,,,,,,,,,,,33802,18,,,,,,645639,ex298_r7_rotate_split_full_parallel_attrs,,,,,,,,,,,,,,,,
unary-r7,bf16,ex205,ex205_r7_flow_optfull_aig,ex205|current_source_frontend_flow_probe|ex205_r7_flow_optfull_aig|preserve current source sharing; vary only Yosys frontend normalization/mapping script|optfull_aig|abc_xf_official_evaluate|unary_r7_flowprobe,4439,16,71024,4425,16,70800,224,student/work/ex204_ex299_frontend_breakthrough_20260614_1051/unary-r7/ex205/verilog/ex205_r7_flow_optfull_aig.v,student/work/ex204_ex299_frontend_breakthrough_20260614_1051/unary-r7/ex205/aigs/ex205_r7_flow_optfull_aig.aig,student/runs/bf16/ex204_ex299_frontend_breakthrough_20260614_1051/unary-r7/ex205/official_eval/ex205_r7_flow_optfull_aig/ex205_r7_flow_optfull_aig.evaluate.py.log,student/frontend_campaigns/campaigns/ex204_ex299_frontend_breakthrough_20260614_1051/agent_shards/unary-r7/best_improvements.csv,frontend flow probe; source=student/work/ex204_ex299_frontend_breakthrough_20260614_1051/unary-struct-r4/ex205/verilog/ex205_r4_overlay_b13_abc_g_aig.v; evaluate.py exit 0; elapsed 0.985s; yosys optfull_aig exit 0; elapsed 4.816s,,,,,,,,student/runs/bf16/ex204_ex299_frontend_breakthrough_20260614_1051/unary-r7/ex205/official_eval/ex205_r7_flow_optfull_aig/ex205_r7_flow_optfull_aig.evaluate.py.log,,,,,,,,,,,,,,,,,,,,,,,,,,,,,,,,,,
unknown-mid-r8,unknown,ex290,ex290_r8_rotate_parallel_case_attrs,ex290|global_state_rotate_split_source_attrs|parallel_case|rotate_high_split_nested_cases|yosys_synth_preset|official_evaluate|all_outputs,,,61992,4376,14,61264,728,student/work/ex204_ex299_frontend_breakthrough_20260614_1051/unknown-mid-r8/ex290/verilog/ex290_r8_rotate_parallel_case_attrs.v,student/work/ex204_ex299_frontend_breakthrough_20260614_1051/unknown-mid-r8/ex290/aigs/ex290_r8_rotate_parallel_case_attrs.aig,student/work/ex204_ex299_frontend_breakthrough_20260614_1051/unknown-mid-r8/ex290/logs/ex290_r8_rotate_parallel_case_attrs.evaluate.py.log,student/frontend_campaigns/campaigns/ex204_ex299_frontend_breakthrough_20260614_1051/agent_shards/unknown-mid-r8/best_improvements.csv,parallel_case attributes on high/low nested case tree,,,,,,,,,ex290_r8_rotate_parallel_case_attrs,,,,,,,,,4376,14,,,,,,,,2026-06-14 14:18:15 +0800,source_preserving_case_attr_refactor,student/work/ex204_ex299_frontend_breakthrough_20260614_1051/unknown-mid-r8/ex290/logs/ex290_r8_rotate_parallel_case_attrs.evaluate.py.log,,,,,,,,,,,,,
unknown-mid-r8,unknown,ex290,ex290_r8_rotate_full_parallel_case_attrs,ex290|global_state_rotate_split_source_attrs|full_parallel_case|rotate_high_split_nested_cases|yosys_synth_preset|official_evaluate|all_outputs,,,61992,4376,14,61264,728,student/work/ex204_ex299_frontend_breakthrough_20260614_1051/unknown-mid-r8/ex290/verilog/ex290_r8_rotate_full_parallel_case_attrs.v,student/work/ex204_ex299_frontend_breakthrough_20260614_1051/unknown-mid-r8/ex290/aigs/ex290_r8_rotate_full_parallel_case_attrs.aig,student/work/ex204_ex299_frontend_breakthrough_20260614_1051/unknown-mid-r8/ex290/logs/ex290_r8_rotate_full_parallel_case_attrs.evaluate.py.log,student/frontend_campaigns/campaigns/ex204_ex299_frontend_breakthrough_20260614_1051/agent_shards/unknown-mid-r8/best_improvements.csv,full_case plus parallel_case attributes on nested case tree,,,,,,,,,ex290_r8_rotate_full_parallel_case_attrs,,,,,,,,,4376,14,,,,,,,,2026-06-14 14:18:18 +0800,source_preserving_case_attr_refactor,student/work/ex204_ex299_frontend_breakthrough_20260614_1051/unknown-mid-r8/ex290/logs/ex290_r8_rotate_full_parallel_case_attrs.evaluate.py.log,,,,,,,,,,,,,
unknown-mid-r8,unknown,ex290,ex290_r8_rotate_casez_full_parallel,ex290|global_state_rotate_split_source_attrs|casez_full_parallel|rotate_high_split_nested_cases|yosys_synth_preset|official_evaluate|all_outputs,,,61992,4376,14,61264,728,student/work/ex204_ex299_frontend_breakthrough_20260614_1051/unknown-mid-r8/ex290/verilog/ex290_r8_rotate_casez_full_parallel.v,student/work/ex204_ex299_frontend_breakthrough_20260614_1051/unknown-mid-r8/ex290/aigs/ex290_r8_rotate_casez_full_parallel.aig,student/work/ex204_ex299_frontend_breakthrough_20260614_1051/unknown-mid-r8/ex290/logs/ex290_r8_rotate_casez_full_parallel.evaluate.py.log,student/frontend_campaigns/campaigns/ex204_ex299_frontend_breakthrough_20260614_1051/agent_shards/unknown-mid-r8/best_improvements.csv,casez full_case parallel_case refactor of nested exact constants,,,,,,,,,ex290_r8_rotate_casez_full_parallel,,,,,,,,,4376,14,,,,,,,,2026-06-14 14:18:21 +0800,source_preserving_case_attr_refactor,student/work/ex204_ex299_frontend_breakthrough_20260614_1051/unknown-mid-r8/ex290/logs/ex290_r8_rotate_casez_full_parallel.evaluate.py.log,,,,,,,,,,,,,
unknown-mid-r8,unknown,ex291,ex291_r8_rotate_parallel_case_attrs,ex291|global_state_rotate_split_source_attrs|parallel_case|rotate_high_split_nested_cases|yosys_synth_preset|official_evaluate|all_outputs,,,97545,6447,14,90258,7287,student/work/ex204_ex299_frontend_breakthrough_20260614_1051/unknown-mid-r8/ex291/verilog/ex291_r8_rotate_parallel_case_attrs.v,student/work/ex204_ex299_frontend_breakthrough_20260614_1051/unknown-mid-r8/ex291/aigs/ex291_r8_rotate_parallel_case_attrs.aig,student/work/ex204_ex299_frontend_breakthrough_20260614_1051/unknown-mid-r8/ex291/logs/ex291_r8_rotate_parallel_case_attrs.evaluate.py.log,student/frontend_campaigns/campaigns/ex204_ex299_frontend_breakthrough_20260614_1051/agent_shards/unknown-mid-r8/best_improvements.csv,parallel_case attributes on high/low nested case tree,,,,,,,,,ex291_r8_rotate_parallel_case_attrs,,,,,,,,,6447,14,,,,,,,,2026-06-14 14:18:28 +0800,source_preserving_case_attr_refactor,student/work/ex204_ex299_frontend_breakthrough_20260614_1051/unknown-mid-r8/ex291/logs/ex291_r8_rotate_parallel_case_attrs.evaluate.py.log,,,,,,,,,,,,,
unknown-mid-r8,unknown,ex291,ex291_r8_rotate_full_parallel_case_attrs,ex291|global_state_rotate_split_source_attrs|full_parallel_case|rotate_high_split_nested_cases|yosys_synth_preset|official_evaluate|all_outputs,,,97545,6447,14,90258,7287,student/work/ex204_ex299_frontend_breakthrough_20260614_1051/unknown-mid-r8/ex291/verilog/ex291_r8_rotate_full_parallel_case_attrs.v,student/work/ex204_ex299_frontend_breakthrough_20260614_1051/unknown-mid-r8/ex291/aigs/ex291_r8_rotate_full_parallel_case_attrs.aig,student/work/ex204_ex299_frontend_breakthrough_20260614_1051/unknown-mid-r8/ex291/logs/ex291_r8_rotate_full_parallel_case_attrs.evaluate.py.log,student/frontend_campaigns/campaigns/ex204_ex299_frontend_breakthrough_20260614_1051/agent_shards/unknown-mid-r8/best_improvements.csv,full_case plus parallel_case attributes on nested case tree,,,,,,,,,ex291_r8_rotate_full_parallel_case_attrs,,,,,,,,,6447,14,,,,,,,,2026-06-14 14:18:35 +0800,source_preserving_case_attr_refactor,student/work/ex204_ex299_frontend_breakthrough_20260614_1051/unknown-mid-r8/ex291/logs/ex291_r8_rotate_full_parallel_case_attrs.evaluate.py.log,,,,,,,,,,,,,
unknown-mid-r8,unknown,ex291,ex291_r8_rotate_casez_full_parallel,ex291|global_state_rotate_split_source_attrs|casez_full_parallel|rotate_high_split_nested_cases|yosys_synth_preset|official_evaluate|all_outputs,,,97545,6447,14,90258,7287,student/work/ex204_ex299_frontend_breakthrough_20260614_1051/unknown-mid-r8/ex291/verilog/ex291_r8_rotate_casez_full_parallel.v,student/work/ex204_ex299_frontend_breakthrough_20260614_1051/unknown-mid-r8/ex291/aigs/ex291_r8_rotate_casez_full_parallel.aig,student/work/ex204_ex299_frontend_breakthrough_20260614_1051/unknown-mid-r8/ex291/logs/ex291_r8_rotate_casez_full_parallel.evaluate.py.log,student/frontend_campaigns/campaigns/ex204_ex299_frontend_breakthrough_20260614_1051/agent_shards/unknown-mid-r8/best_improvements.csv,casez full_case parallel_case refactor of nested exact constants,,,,,,,,,ex291_r8_rotate_casez_full_parallel,,,,,,,,,6447,14,,,,,,,,2026-06-14 14:18:42 +0800,source_preserving_case_attr_refactor,student/work/ex204_ex299_frontend_breakthrough_20260614_1051/unknown-mid-r8/ex291/logs/ex291_r8_rotate_casez_full_parallel.evaluate.py.log,,,,,,,,,,,,,
unknown-mid-r8,unknown,ex292,ex292_r8_mod7_4_drop_mod7_13,ex292|global_state_output_plane_overlay_guarded_sweep|adj_2_3_10_11_mod7_0_4_7|mod4_base_plus_adjacent_and_mod7_selected_planes|yosys_internal_abc_g_aig|official_evaluate|delay20_guard,,,135200,6743,20,134860,340,student/work/ex204_ex299_frontend_breakthrough_20260614_1051/unknown-mid-r8/ex292/verilog/ex292_r8_mod7_4_drop_mod7_13.v,student/work/ex204_ex299_frontend_breakthrough_20260614_1051/unknown-mid-r8/ex292/aigs/ex292_r8_mod7_4_drop_mod7_13.aig,student/work/ex204_ex299_frontend_breakthrough_20260614_1051/unknown-mid-r8/ex292/logs/ex292_r8_mod7_4_drop_mod7_13.evaluate.py.log,student/frontend_campaigns/campaigns/ex204_ex299_frontend_breakthrough_20260614_1051/agent_shards/unknown-mid-r8/best_improvements.csv,r7 add_mod7_4 mask with mod7 output 13 dropped,,,,,,,,,ex292_r8_mod7_4_drop_mod7_13,,,,,,,,,6743,20,,,,,,,,2026-06-14 14:20:06 +0800,output_plane_exact_overlay_guarded_sweep,student/work/ex204_ex299_frontend_breakthrough_20260614_1051/unknown-mid-r8/ex292/logs/ex292_r8_mod7_4_drop_mod7_13.evaluate.py.log,,,,,,,,,,,,,
unknown-mid-r8,unknown,ex288,ex288_r8_current_keybdd_synth_preset_control,ex288|source_preserving_synth_preset_control|direct_current_source|no_output_overlay|yosys_synth_preset|official_evaluate|all_outputs,,,31598,2173,14,30422,1176,student/work/ex204_ex299_frontend_breakthrough_20260614_1051/unknown-mid-r8/ex288/verilog/ex288_r8_current_keybdd_synth_preset_control.v,student/work/ex204_ex299_frontend_breakthrough_20260614_1051/unknown-mid-r8/ex288/aigs/ex288_r8_current_keybdd_synth_preset_control.aig,student/work/ex204_ex299_frontend_breakthrough_20260614_1051/unknown-mid-r8/ex288/logs/ex288_r8_current_keybdd_synth_preset_control.evaluate.py.log,student/frontend_campaigns/campaigns/ex204_ex299_frontend_breakthrough_20260614_1051/agent_shards/unknown-mid-r8/best_improvements.csv,current exact source wrapped without output-plane grafts,,,,,,,,,ex288_r8_current_keybdd_synth_preset_control,,,,,,,,,2173,14,,,,,,,,2026-06-14 14:24:27 +0800,source_preserving_synth_preset_control,student/work/ex204_ex299_frontend_breakthrough_20260614_1051/unknown-mid-r8/ex288/logs/ex288_r8_current_keybdd_synth_preset_control.evaluate.py.log,,,,,,,,,,,,,
unknown-large-r8,unknown,ex294,ex294_r8_current_synth_preset,ex294|global_state_octant_descriptor_cofactor|current_source_flow_probe|direct_current_source|yosys_synth_flatten_abc_g_aig|official_evaluate|all_outputs,,,234608,10497,21,220437,14171,student/work/ex204_ex299_frontend_breakthrough_20260614_1051/unknown-large-r8/ex294/verilog/ex294_r8_current_synth_preset.v,student/work/ex204_ex299_frontend_breakthrough_20260614_1051/unknown-large-r8/ex294/aigs/ex294_r8_current_synth_preset.aig,student/work/ex204_ex299_frontend_breakthrough_20260614_1051/unknown-large-r8/ex294/logs/ex294_r8_current_synth_preset.evaluate.py.log,student/frontend_campaigns/campaigns/ex204_ex299_frontend_breakthrough_20260614_1051/agent_shards/unknown-large-r8/best_improvements.csv,frontend_only; no backend/remap/postpareto; baseline_frontend_adp=234608; current_overall_adp=165570,,,,,,,,,,,,,,,,,,10497,21,,,,,,234608,ex294_r8_current_synth_preset,,,,,,,,,,,,,,,,
fp8-r10,float_fp8,ex245,ex245_r10_current_muxclean,ex245|E5M2FN packed add high byte plus low byte|current frontend best source with opt_muxtree/opt_reduce before abc -g aig|preserves current shared source while reducing mux tree shape before AIG mapping|muxclean_aig|official_evaluate|frontend_only,701,34,23834,717,33,23661,173,student/work/ex204_ex299_frontend_breakthrough_20260614_1051/fp8-r10/ex245/verilog/ex245_r10_current_muxclean.v,student/work/ex204_ex299_frontend_breakthrough_20260614_1051/fp8-r10/ex245/aigs/ex245_r10_current_muxclean.aig,student/runs/float_fp8/ex204_ex299_frontend_breakthrough_20260614_1051/fp8-r10/ex245/logs/ex245_r10_current_muxclean.evaluate.py.log,student/frontend_campaigns/campaigns/ex204_ex299_frontend_breakthrough_20260614_1051/agent_shards/fp8-r10/best_improvements.csv,current-best mux cleanup flow probe,,,,,,,,student/runs/float_fp8/ex204_ex299_frontend_breakthrough_20260614_1051/fp8-r10/ex245/logs/ex245_r10_current_muxclean.evaluate.py.log,,,,,,,,,,,,,,,,,,,,,,student/work/ex204_ex299_frontend_breakthrough_20260614_1051/fp8-r10/ex245/logs/ex245_r10_current_muxclean.yosys.log,,,,,,,,,,,,
unary-r8,bf16,ex215,ex215_r8_caseattrs_abc_g_aig,ex215|current_source_caseattrs_probe|ex215_r8_caseattrs_abc_g_aig|preserve current source sharing; only expose case exclusivity hints|abc_g_aig|abc_xf_official_evaluate|unary_r8,390,12,4680,389,12,4668,12,student/work/ex204_ex299_frontend_breakthrough_20260614_1051/unary-r8/ex215/verilog/ex215_r8_caseattrs_abc_g_aig.v,student/work/ex204_ex299_frontend_breakthrough_20260614_1051/unary-r8/ex215/aigs/ex215_r8_caseattrs_abc_g_aig.aig,student/runs/bf16/ex204_ex299_frontend_breakthrough_20260614_1051/unary-r8/ex215/official_eval/ex215_r8_caseattrs_abc_g_aig/ex215_r8_caseattrs_abc_g_aig.evaluate.py.log,student/frontend_campaigns/campaigns/ex204_ex299_frontend_breakthrough_20260614_1051/agent_shards/unary-r8/best_improvements.csv,caseattrs current-best source copy; case_statements_annotated=0; source=student/seeds/bf16/ex200_ex219_current/ex215/verilog/ex215_bf16_reciprocal_sqrt_delta_pair_mode_hilo3_bits_9_bh1_fix2_caseattrs_fix12.v; evaluate.py exit 0; elapsed 0.898s; yosys abc_g_aig exit 0; elapsed 10.941s,,,,,,,,student/runs/bf16/ex204_ex299_frontend_breakthrough_20260614_1051/unary-r8/ex215/official_eval/ex215_r8_caseattrs_abc_g_aig/ex215_r8_caseattrs_abc_g_aig.evaluate.py.log,,,,,,,,,,,,,,,,,,,,,,,,,,,,,,,,,,
unknown-hard-r9,unknown,ex285,ex285_r9_boundary_mask_all_boundary,ex285|boundary_helper_output_mask_r9|bits_0_1_2_3_4_5_6_7_8_9_10_11|decision_tree_base_plus_route_decode_helper|yosys_frontend_abc_g_aig|official_evaluate|selected_output_planes,,,,772,16,12352,,student/work/ex204_ex299_frontend_breakthrough_20260614_1051/unknown-hard-r9/ex285/verilog/ex285_r9_boundary_mask_all_boundary.v,student/work/ex204_ex299_frontend_breakthrough_20260614_1051/unknown-hard-r9/ex285/aigs/ex285_r9_boundary_mask_all_boundary.aig,student/work/ex204_ex299_frontend_breakthrough_20260614_1051/unknown-hard-r9/ex285/logs/ex285_r9_boundary_mask_all_boundary.evaluate.py.log,student/frontend_campaigns/campaigns/ex204_ex299_frontend_breakthrough_20260614_1051/agent_shards/unknown-hard-r9/best_improvements.csv,official OK; improves frontend best,,,,,,,,student/work/ex204_ex299_frontend_breakthrough_20260614_1051/unknown-hard-r9/ex285/logs/ex285_r9_boundary_mask_all_boundary.evaluate.py.log,ex285_r9_boundary_mask_all_boundary,Boundary-helper and current-tree exact sources are both valid; changing the output-plane cut may expose a lower ADP shared cone.,,current exact boundary-helper source with a new top-level output-plane mask,,abc_g_aig,student/work/ex204_ex299_frontend_breakthrough_20260614_1051/unknown-hard-r9/ex285/eval_outputs/ex285_r9_boundary_mask_all_boundary,1,OK,772,16,12352,,5499,,,,,,,,student/work/ex204_ex299_frontend_breakthrough_20260614_1051/unknown-hard-r9/ex285/logs/ex285_r9_boundary_mask_all_boundary.yosys.log,boundary helper owns all output planes,base decision tree plus route-decode helper; boundary bits=0_1_2_3_4_5_6_7_8_9_10_11,benchmarks/ex285.truth,12352,12800,9132,-448,3220,1,0,,
unknown-hard-r9,unknown,ex285,ex285_r9_boundary_mask_all_boundary_muxclean,ex285|boundary_helper_output_mask_r9|bits_0_1_2_3_4_5_6_7_8_9_10_11|decision_tree_base_plus_route_decode_helper|yosys_frontend_muxclean_aig|official_evaluate|selected_output_planes,,,,772,16,12352,,student/work/ex204_ex299_frontend_breakthrough_20260614_1051/unknown-hard-r9/ex285/verilog/ex285_r9_boundary_mask_all_boundary_muxclean.v,student/work/ex204_ex299_frontend_breakthrough_20260614_1051/unknown-hard-r9/ex285/aigs/ex285_r9_boundary_mask_all_boundary_muxclean.aig,student/work/ex204_ex299_frontend_breakthrough_20260614_1051/unknown-hard-r9/ex285/logs/ex285_r9_boundary_mask_all_boundary_muxclean.evaluate.py.log,student/frontend_campaigns/campaigns/ex204_ex299_frontend_breakthrough_20260614_1051/agent_shards/unknown-hard-r9/best_improvements.csv,official OK; improves frontend best,,,,,,,,student/work/ex204_ex299_frontend_breakthrough_20260614_1051/unknown-hard-r9/ex285/logs/ex285_r9_boundary_mask_all_boundary_muxclean.evaluate.py.log,ex285_r9_boundary_mask_all_boundary_muxclean,Boundary-helper and current-tree exact sources are both valid; changing the output-plane cut may expose a lower ADP shared cone.,,current exact boundary-helper source with a new top-level output-plane mask,,muxclean_aig,student/work/ex204_ex299_frontend_breakthrough_20260614_1051/unknown-hard-r9/ex285/eval_outputs/ex285_r9_boundary_mask_all_boundary_muxclean,1,OK,772,16,12352,,5499,,,,,,,,student/work/ex204_ex299_frontend_breakthrough_20260614_1051/unknown-hard-r9/ex285/logs/ex285_r9_boundary_mask_all_boundary_muxclean.yosys.log,all-boundary cut through mux-clean frontend flow,base decision tree plus route-decode helper; boundary bits=0_1_2_3_4_5_6_7_8_9_10_11,benchmarks/ex285.truth,12352,12800,9132,-448,3220,1,0,,
unknown-hard-r9,unknown,ex285,ex285_r9_boundary_mask_all_boundary_optfull,ex285|boundary_helper_output_mask_r9|bits_0_1_2_3_4_5_6_7_8_9_10_11|decision_tree_base_plus_route_decode_helper|yosys_frontend_optfull_aig|official_evaluate|selected_output_planes,,,,781,16,12496,,student/work/ex204_ex299_frontend_breakthrough_20260614_1051/unknown-hard-r9/ex285/verilog/ex285_r9_boundary_mask_all_boundary_optfull.v,student/work/ex204_ex299_frontend_breakthrough_20260614_1051/unknown-hard-r9/ex285/aigs/ex285_r9_boundary_mask_all_boundary_optfull.aig,student/work/ex204_ex299_frontend_breakthrough_20260614_1051/unknown-hard-r9/ex285/logs/ex285_r9_boundary_mask_all_boundary_optfull.evaluate.py.log,student/frontend_campaigns/campaigns/ex204_ex299_frontend_breakthrough_20260614_1051/agent_shards/unknown-hard-r9/best_improvements.csv,official OK; improves frontend best,,,,,,,,student/work/ex204_ex299_frontend_breakthrough_20260614_1051/unknown-hard-r9/ex285/logs/ex285_r9_boundary_mask_all_boundary_optfull.evaluate.py.log,ex285_r9_boundary_mask_all_boundary_optfull,Boundary-helper and current-tree exact sources are both valid; changing the output-plane cut may expose a lower ADP shared cone.,,current exact boundary-helper source with a new top-level output-plane mask,,optfull_aig,student/work/ex204_ex299_frontend_breakthrough_20260614_1051/unknown-hard-r9/ex285/eval_outputs/ex285_r9_boundary_mask_all_boundary_optfull,1,OK,781,16,12496,,5499,,,,,,,,student/work/ex204_ex299_frontend_breakthrough_20260614_1051/unknown-hard-r9/ex285/logs/ex285_r9_boundary_mask_all_boundary_optfull.yosys.log,all-boundary cut through opt-full frontend flow,base decision tree plus route-decode helper; boundary bits=0_1_2_3_4_5_6_7_8_9_10_11,benchmarks/ex285.truth,12496,12800,9132,-304,3364,1,0,,
unknown-wide-r9,unknown,ex297,ex297_r9_casez_full_parallel_synth_preset,ex297|cyclic_2bit_selector_state_paired_classes|casez_full_parallel_synth_preset|cell_bit_template_case_boundary_attrs|yosys_synth_flatten_abc_g_aig|official_evaluate|cell_pair_outputs,,,425024,26188,16,419008,6016,student/work/ex204_ex299_frontend_breakthrough_20260614_1051/unknown-wide-r9/ex297/verilog/ex297_r9_casez_full_parallel_synth_preset.v,student/work/ex204_ex299_frontend_breakthrough_20260614_1051/unknown-wide-r9/ex297/aigs/ex297_r9_casez_full_parallel_synth_preset.aig,student/work/ex204_ex299_frontend_breakthrough_20260614_1051/unknown-wide-r9/ex297/logs/ex297_r9_casez_full_parallel_synth_preset.evaluate.py.log,student/frontend_campaigns/campaigns/ex204_ex299_frontend_breakthrough_20260614_1051/agent_shards/unknown-wide-r9/best_improvements.csv,frontend_only; no backend/remap/postpareto; baseline_frontend_adp=425024; current_overall_adp=425024,,,,,,,,,,,,,,,,,,26188,16,,,,,,425024,ex297_r9_casez_full_parallel_synth_preset,,,,,,,,,,,,,,,,
unknown-wide-r9,unknown,ex297,ex297_r9_current_inline_synth_preset,ex297|cyclic_2bit_selector_state_paired_classes|inline_current_source_flow_probe|direct_renamed_current_source|yosys_synth_flatten_abc_g_aig|official_evaluate|cell_pair_outputs,,,425024,26188,16,419008,6016,student/work/ex204_ex299_frontend_breakthrough_20260614_1051/unknown-wide-r9/ex297/verilog/ex297_r9_current_inline_synth_preset.v,student/work/ex204_ex299_frontend_breakthrough_20260614_1051/unknown-wide-r9/ex297/aigs/ex297_r9_current_inline_synth_preset.aig,student/work/ex204_ex299_frontend_breakthrough_20260614_1051/unknown-wide-r9/ex297/logs/ex297_r9_current_inline_synth_preset.evaluate.py.log,student/frontend_campaigns/campaigns/ex204_ex299_frontend_breakthrough_20260614_1051/agent_shards/unknown-wide-r9/best_improvements.csv,frontend_only; no backend/remap/postpareto; baseline_frontend_adp=425024; current_overall_adp=425024,,,,,,,,,,,,,,,,,,26188,16,,,,,,425024,ex297_r9_current_inline_synth_preset,,,,,,,,,,,,,,,,
unknown-wide-r9,unknown,ex299,ex299_r9_casez_full_parallel_synth_preset,ex299|cyclic_2bit_selector_cluster_current_source|casez_full_parallel_synth_preset|sel2_pairsel_celllocal_case_boundary_attrs|yosys_synth_flatten_abc_g_aig|official_evaluate|cell_pair_outputs,,,1774260,96509,18,1737162,37098,student/work/ex204_ex299_frontend_breakthrough_20260614_1051/unknown-wide-r9/ex299/verilog/ex299_r9_casez_full_parallel_synth_preset.v,student/work/ex204_ex299_frontend_breakthrough_20260614_1051/unknown-wide-r9/ex299/aigs/ex299_r9_casez_full_parallel_synth_preset.aig,student/work/ex204_ex299_frontend_breakthrough_20260614_1051/unknown-wide-r9/ex299/logs/ex299_r9_casez_full_parallel_synth_preset.evaluate.py.log,student/frontend_campaigns/campaigns/ex204_ex299_frontend_breakthrough_20260614_1051/agent_shards/unknown-wide-r9/best_improvements.csv,frontend_only; no backend/remap/postpareto; baseline_frontend_adp=1774260; current_overall_adp=1774260,,,,,,,,,,,,,,,,,,96509,18,,,,,,1774260,ex299_r9_casez_full_parallel_synth_preset,,,,,,,,,,,,,,,,
unknown-wide-r9,unknown,ex299,ex299_r9_pairsel_center_quad_synth_preset,ex299|cyclic_2bit_symbol_sparse_bridge_overlay|pairsel_center_quad_6_7_8_9|static_pair89_base_plus_pairsel_center_quad|yosys_synth_flatten_abc_g_aig|official_evaluate|bits_6_7_8_9,,,1774260,96502,18,1737036,37224,student/work/ex204_ex299_frontend_breakthrough_20260614_1051/unknown-wide-r9/ex299/verilog/ex299_r9_pairsel_center_quad_synth_preset.v,student/work/ex204_ex299_frontend_breakthrough_20260614_1051/unknown-wide-r9/ex299/aigs/ex299_r9_pairsel_center_quad_synth_preset.aig,student/work/ex204_ex299_frontend_breakthrough_20260614_1051/unknown-wide-r9/ex299/logs/ex299_r9_pairsel_center_quad_synth_preset.evaluate.py.log,student/frontend_campaigns/campaigns/ex204_ex299_frontend_breakthrough_20260614_1051/agent_shards/unknown-wide-r9/best_improvements.csv,frontend_only; no backend/remap/postpareto; baseline_frontend_adp=1774260; current_overall_adp=1774260,,,,,,,,,,,,,,,,,,96502,18,,,,,,1774260,ex299_r9_pairsel_center_quad_synth_preset,,,,,,,,,,,,,,,,
fp8-hard-r11,float_fp8,ex245,ex245_r11_nan_or_mask,ex245|E5M2FN packed add high byte plus low byte|replace final NaN mux with finite-output sign mask and payload OR mask|keeps current semantic roots while changing the final output cone|abc_g_aig_frontend|official_evaluate|full_word,717,33,23661,713,33,23529,132,student/work/ex204_ex299_frontend_breakthrough_20260614_1051/fp8-hard-r11/ex245/verilog/ex245_r11_nan_or_mask.v,student/work/ex204_ex299_frontend_breakthrough_20260614_1051/fp8-hard-r11/ex245/aigs/ex245_r11_nan_or_mask.aig,student/runs/float_fp8/ex204_ex299_frontend_breakthrough_20260614_1051/fp8-hard-r11/ex245/logs/ex245_r11_nan_or_mask.evaluate.py.log,student/frontend_campaigns/campaigns/ex204_ex299_frontend_breakthrough_20260614_1051/agent_shards/fp8-hard-r11/best_improvements.csv,final cone replacement,,,,,,,,student/runs/float_fp8/ex204_ex299_frontend_breakthrough_20260614_1051/fp8-hard-r11/ex245/logs/ex245_r11_nan_or_mask.evaluate.py.log,,,,,,,,,,,,,,,,,,,,,,student/work/ex204_ex299_frontend_breakthrough_20260614_1051/fp8-hard-r11/ex245/logs/ex245_r11_nan_or_mask.yosys.log,,,,,,,,,,,,
fp8-hard-r11,float_fp8,ex245,ex245_r11_r89_active_branch_muxclean,ex245|E5M2FN packed add high byte plus low byte|r89 active same/diff/pass branch source with mux-clean frontend flow|shared sorted decode plus selected active residual roots before final NaN mux|muxclean_aig|official_evaluate|full_word,717,33,23661,696,33,22968,693,student/work/ex204_ex299_frontend_breakthrough_20260614_1051/fp8-hard-r11/ex245/verilog/ex245_r11_r89_active_branch_muxclean.v,student/work/ex204_ex299_frontend_breakthrough_20260614_1051/fp8-hard-r11/ex245/aigs/ex245_r11_r89_active_branch_muxclean.aig,student/runs/float_fp8/ex204_ex299_frontend_breakthrough_20260614_1051/fp8-hard-r11/ex245/logs/ex245_r11_r89_active_branch_muxclean.evaluate.py.log,student/frontend_campaigns/campaigns/ex204_ex299_frontend_breakthrough_20260614_1051/agent_shards/fp8-hard-r11/best_improvements.csv,active residual packed branch transfer,,,,,,,,student/runs/float_fp8/ex204_ex299_frontend_breakthrough_20260614_1051/fp8-hard-r11/ex245/logs/ex245_r11_r89_active_branch_muxclean.evaluate.py.log,,,,,,,,,,,,,,,,,,,,,,student/work/ex204_ex299_frontend_breakthrough_20260614_1051/fp8-hard-r11/ex245/logs/ex245_r11_r89_active_branch_muxclean.yosys.log,,,,,,,,,,,,
fp8-hard-r11,float_fp8,ex245,ex245_r11_r89_active_branch_preset,ex245|E5M2FN packed add high byte plus low byte|r89 active same/diff/pass branch source with explicit synth preset|shared sorted decode plus selected active residual roots before final NaN mux|synth_preset_aig|official_evaluate|full_word,717,33,23661,706,33,23298,363,student/work/ex204_ex299_frontend_breakthrough_20260614_1051/fp8-hard-r11/ex245/verilog/ex245_r11_r89_active_branch_preset.v,student/work/ex204_ex299_frontend_breakthrough_20260614_1051/fp8-hard-r11/ex245/aigs/ex245_r11_r89_active_branch_preset.aig,student/runs/float_fp8/ex204_ex299_frontend_breakthrough_20260614_1051/fp8-hard-r11/ex245/logs/ex245_r11_r89_active_branch_preset.evaluate.py.log,student/frontend_campaigns/campaigns/ex204_ex299_frontend_breakthrough_20260614_1051/agent_shards/fp8-hard-r11/best_improvements.csv,active residual packed branch synthesis preset,,,,,,,,student/runs/float_fp8/ex204_ex299_frontend_breakthrough_20260614_1051/fp8-hard-r11/ex245/logs/ex245_r11_r89_active_branch_preset.evaluate.py.log,,,,,,,,,,,,,,,,,,,,,,student/work/ex204_ex299_frontend_breakthrough_20260614_1051/fp8-hard-r11/ex245/logs/ex245_r11_r89_active_branch_preset.yosys.log,,,,,,,,,,,,
fp8-hard-r11,float_fp8,ex245,ex245_r11_r89_active_branch_d30,ex245|E5M2FN packed add high byte plus low byte|r89 active same/diff/pass branch source with abc -D 30 target|shared active branch source with delay-targeted frontend ABC pass|abc_d30_AND|official_evaluate|full_word,717,33,23661,707,33,23331,330,student/work/ex204_ex299_frontend_breakthrough_20260614_1051/fp8-hard-r11/ex245/verilog/ex245_r11_r89_active_branch_d30.v,student/work/ex204_ex299_frontend_breakthrough_20260614_1051/fp8-hard-r11/ex245/aigs/ex245_r11_r89_active_branch_d30.aig,student/runs/float_fp8/ex204_ex299_frontend_breakthrough_20260614_1051/fp8-hard-r11/ex245/logs/ex245_r11_r89_active_branch_d30.evaluate.py.log,student/frontend_campaigns/campaigns/ex204_ex299_frontend_breakthrough_20260614_1051/agent_shards/fp8-hard-r11/best_improvements.csv,active residual packed branch delay target,,,,,,,,student/runs/float_fp8/ex204_ex299_frontend_breakthrough_20260614_1051/fp8-hard-r11/ex245/logs/ex245_r11_r89_active_branch_d30.evaluate.py.log,,,,,,,,,,,,,,,,,,,,,,student/work/ex204_ex299_frontend_breakthrough_20260614_1051/fp8-hard-r11/ex245/logs/ex245_r11_r89_active_branch_d30.yosys.log,,,,,,,,,,,,
bf16-fp16-r9,bf16,ex205,ex205_r9_active_shell_currentbase_abc_g_aig,ex205|active_normal_currentbase_compact_special_shell|current best source used only for active-normal region with a new compact truth-derived special shell:ex205_r9_active_shell_currentbase_abc_g_aig|share active-normal base logic while exposing nonactive constant/NaN/inf shell outside the base module|abc_g_aig|abc_xf_official_evaluate|bf16_fp16_r9,4425,16,70800,4422,16,70752,48,student/work/ex204_ex299_frontend_breakthrough_20260614_1051/bf16-fp16-r9/ex205/verilog/ex205_r9_active_shell_currentbase_abc_g_aig.v,student/work/ex204_ex299_frontend_breakthrough_20260614_1051/bf16-fp16-r9/ex205/aigs/ex205_r9_active_shell_currentbase_abc_g_aig.aig,student/runs/bf16/ex204_ex299_frontend_breakthrough_20260614_1051/bf16-fp16-r9/ex205/official_eval/ex205_r9_active_shell_currentbase_abc_g_aig/ex205_r9_active_shell_currentbase_abc_g_aig.evaluate.py.log,student/frontend_campaigns/campaigns/ex204_ex299_frontend_breakthrough_20260614_1051/agent_shards/bf16-fp16-r9/best_improvements.csv,"active-normal wrapper over current best with compact truth-derived special shell; active_keys=254; special_keys=258; special_modes=const:257,singleton_else:1; source=student/work/ex204_ex299_frontend_breakthrough_20260614_1051/unary-r7/ex205/verilog/ex205_r7_flow_optfull_aig.v; evaluate.py exit 0; elapsed 1.039s; yosys abc_g_aig exit 0; elapsed 5.263s",,,,,,,,student/runs/bf16/ex204_ex299_frontend_breakthrough_20260614_1051/bf16-fp16-r9/ex205/official_eval/ex205_r9_active_shell_currentbase_abc_g_aig/ex205_r9_active_shell_currentbase_abc_g_aig.evaluate.py.log,,,,,,,,,,,,,,,,,,,,,,,,,,,,,,,,,,
integer-r9,integer,ex267,ex267_r9_q54_formula_overlay,ex267|unsigned_low6_high6_divide_with_dbz_saturation|current_hybrid_wordmux_with_q5/q4_replaced_by_direct_quotient_bit_formulas|reuse_current_lower_quotient_word_and_share_simple_top-bit_predicates|abc_g_aig|official_evaluate_py|frontend_only,,,4080,331,12,3972,108,student/work/ex204_ex299_frontend_breakthrough_20260614_1051/integer-r9/ex267/verilog/ex267_r9_q54_formula_overlay.v,student/work/ex204_ex299_frontend_breakthrough_20260614_1051/integer-r9/ex267/aigs/ex267_r9_q54_formula_overlay.aig,student/work/ex204_ex299_frontend_breakthrough_20260614_1051/integer-r9/ex267/logs/ex267_r9_q54_formula_overlay.evaluate.py.log,student/frontend_campaigns/campaigns/ex204_ex299_frontend_breakthrough_20260614_1051/agent_shards/integer-r9/best_improvements.csv,synth_sec=0.363; evaluate_sec=0.848; ys=student/work/ex204_ex299_frontend_breakthrough_20260614_1051/integer-r9/ex267/logs/ex267_r9_q54_formula_overlay.ys,,,,,,,,student/work/ex204_ex299_frontend_breakthrough_20260614_1051/integer-r9/ex267/logs/ex267_r9_q54_formula_overlay.evaluate.py.log,ex267_r9_q54_formula_overlay,,divider_selected_top_bit_formula,current hybrid wordmux with q5/q4 replaced by direct quotient bit formulas,reuse current lower quotient word and share simple top-bit predicates,abc_g_aig,student/work/ex204_ex299_frontend_breakthrough_20260614_1051/integer-r9/ex267/official_eval/ex267_r9_q54_formula_overlay,1,OK,331,12,3972,4080,2651,,,,,2026-06-14 19:48:33 +0800,,,student/work/ex204_ex299_frontend_breakthrough_20260614_1051/integer-r9/ex267/logs/ex267_r9_q54_formula_overlay.yosys.log,,,,,,,108,,1,,ex204_ex299_frontend_breakthrough_20260614_1051,unsigned low6 high6 divide with dbz saturation
integer-r9,integer,ex267,ex267_r9_q54_range_overlay,ex267|unsigned_low6_high6_divide_with_dbz_saturation|current_hybrid_wordmux_with_q5/q4_replaced_by_shared_a>=b*M_range_predicates|share_b*16/b*32/b*48_compare_descriptors_for_the_winning_top_two_quotient_bits|abc_g_aig|official_evaluate_py|frontend_only,,,4080,338,12,4056,24,student/work/ex204_ex299_frontend_breakthrough_20260614_1051/integer-r9/ex267/verilog/ex267_r9_q54_range_overlay.v,student/work/ex204_ex299_frontend_breakthrough_20260614_1051/integer-r9/ex267/aigs/ex267_r9_q54_range_overlay.aig,student/work/ex204_ex299_frontend_breakthrough_20260614_1051/integer-r9/ex267/logs/ex267_r9_q54_range_overlay.evaluate.py.log,student/frontend_campaigns/campaigns/ex204_ex299_frontend_breakthrough_20260614_1051/agent_shards/integer-r9/best_improvements.csv,synth_sec=0.398; evaluate_sec=0.223; ys=student/work/ex204_ex299_frontend_breakthrough_20260614_1051/integer-r9/ex267/logs/ex267_r9_q54_range_overlay.ys,,,,,,,,student/work/ex204_ex299_frontend_breakthrough_20260614_1051/integer-r9/ex267/logs/ex267_r9_q54_range_overlay.evaluate.py.log,ex267_r9_q54_range_overlay,,divider_quotient_range_predicates,current hybrid wordmux with q5/q4 replaced by shared a>=b*M range predicates,share b*16/b*32/b*48 compare descriptors for the winning top two quotient bits,abc_g_aig,student/work/ex204_ex299_frontend_breakthrough_20260614_1051/integer-r9/ex267/official_eval/ex267_r9_q54_range_overlay,1,OK,338,12,4056,4080,2651,,,,,2026-06-14 19:48:36 +0800,,,student/work/ex204_ex299_frontend_breakthrough_20260614_1051/integer-r9/ex267/logs/ex267_r9_q54_range_overlay.yosys.log,,,,,,,24,,1,,ex204_ex299_frontend_breakthrough_20260614_1051,unsigned low6 high6 divide with dbz saturation
integer-r9,integer,ex267,ex267_r9_q54_formula_overlay_fullcase,ex267|unsigned_low6_high6_divide_with_dbz_saturation|q5/q4_direct_formulas_plus_full/parallel_attributes_on_remaining_current_cases|combine_direct_top_predicates_with_existing_local_BDD_decode_hints|abc_g_aig|official_evaluate_py|frontend_only,,,4080,331,12,3972,108,student/work/ex204_ex299_frontend_breakthrough_20260614_1051/integer-r9/ex267/verilog/ex267_r9_q54_formula_overlay_fullcase.v,student/work/ex204_ex299_frontend_breakthrough_20260614_1051/integer-r9/ex267/aigs/ex267_r9_q54_formula_overlay_fullcase.aig,student/work/ex204_ex299_frontend_breakthrough_20260614_1051/integer-r9/ex267/logs/ex267_r9_q54_formula_overlay_fullcase.evaluate.py.log,student/frontend_campaigns/campaigns/ex204_ex299_frontend_breakthrough_20260614_1051/agent_shards/integer-r9/best_improvements.csv,synth_sec=0.379; evaluate_sec=0.227; ys=student/work/ex204_ex299_frontend_breakthrough_20260614_1051/integer-r9/ex267/logs/ex267_r9_q54_formula_overlay_fullcase.ys,,,,,,,,student/work/ex204_ex299_frontend_breakthrough_20260614_1051/integer-r9/ex267/logs/ex267_r9_q54_formula_overlay_fullcase.evaluate.py.log,ex267_r9_q54_formula_overlay_fullcase,,divider_selected_top_bit_formula,q5/q4 direct formulas plus full/parallel attributes on remaining current cases,combine direct top predicates with existing local BDD decode hints,abc_g_aig,student/work/ex204_ex299_frontend_breakthrough_20260614_1051/integer-r9/ex267/official_eval/ex267_r9_q54_formula_overlay_fullcase,1,OK,331,12,3972,4080,2651,,,,,2026-06-14 19:48:37 +0800,,,student/work/ex204_ex299_frontend_breakthrough_20260614_1051/integer-r9/ex267/logs/ex267_r9_q54_formula_overlay_fullcase.yosys.log,,,,,,,108,,1,,ex204_ex299_frontend_breakthrough_20260614_1051,unsigned low6 high6 divide with dbz saturation
integer-r9,integer,ex267,ex267_r9_q54_lowbase_hybrid_top2_old_current,ex267|unsigned_low6_high6_divide_with_dbz_saturation|prior_low-area_cofactor_wordmux_base_with_q5/q4_replaced_by_direct_quotient_bit_formulas|combine_low-area_cofactor_sharing_with_the_r9_winning_two-top-bit_predicate_overlay|abc_g_aig|official_evaluate_py|frontend_only,,,4080,331,12,3972,108,student/work/ex204_ex299_frontend_breakthrough_20260614_1051/integer-r9/ex267/verilog/ex267_r9_q54_lowbase_hybrid_top2_old_current.v,student/work/ex204_ex299_frontend_breakthrough_20260614_1051/integer-r9/ex267/aigs/ex267_r9_q54_lowbase_hybrid_top2_old_current.aig,student/work/ex204_ex299_frontend_breakthrough_20260614_1051/integer-r9/ex267/logs/ex267_r9_q54_lowbase_hybrid_top2_old_current.evaluate.py.log,student/frontend_campaigns/campaigns/ex204_ex299_frontend_breakthrough_20260614_1051/agent_shards/integer-r9/best_improvements.csv,synth_sec=0.376; evaluate_sec=0.232; ys=student/work/ex204_ex299_frontend_breakthrough_20260614_1051/integer-r9/ex267/logs/ex267_r9_q54_lowbase_hybrid_top2_old_current.ys,,,,,,,,student/work/ex204_ex299_frontend_breakthrough_20260614_1051/integer-r9/ex267/logs/ex267_r9_q54_lowbase_hybrid_top2_old_current.evaluate.py.log,ex267_r9_q54_lowbase_hybrid_top2_old_current,,divider_lowarea_base_top_bit_overlay,prior low-area cofactor wordmux base with q5/q4 replaced by direct quotient bit formulas,combine low-area cofactor sharing with the r9 winning two-top-bit predicate overlay,abc_g_aig,student/work/ex204_ex299_frontend_breakthrough_20260614_1051/integer-r9/ex267/official_eval/ex267_r9_q54_lowbase_hybrid_top2_old_current,1,OK,331,12,3972,4080,2651,,,,,2026-06-14 19:49:19 +0800,,,student/work/ex204_ex299_frontend_breakthrough_20260614_1051/integer-r9/ex267/logs/ex267_r9_q54_lowbase_hybrid_top2_old_current.yosys.log,,,,,,,108,,1,,ex204_ex299_frontend_breakthrough_20260614_1051,unsigned low6 high6 divide with dbz saturation
integer-r9,integer,ex267,ex267_r9_q54_formula_overlay_abc_and,ex267|unsigned_low6_high6_divide_with_dbz_saturation|current_hybrid_wordmux_with_q5/q4_replaced_by_direct_quotient_bit_formulas|reuse_current_lower_quotient_word_and_share_simple_top-bit_predicates|abc_g_and|official_evaluate_py|frontend_only,,,4080,334,12,4008,72,student/work/ex204_ex299_frontend_breakthrough_20260614_1051/integer-r9/ex267/verilog/ex267_r9_q54_formula_overlay_abc_and.v,student/work/ex204_ex299_frontend_breakthrough_20260614_1051/integer-r9/ex267/aigs/ex267_r9_q54_formula_overlay_abc_and.aig,student/work/ex204_ex299_frontend_breakthrough_20260614_1051/integer-r9/ex267/logs/ex267_r9_q54_formula_overlay_abc_and.evaluate.py.log,student/frontend_campaigns/campaigns/ex204_ex299_frontend_breakthrough_20260614_1051/agent_shards/integer-r9/best_improvements.csv,synth_sec=0.376; evaluate_sec=0.219; ys=student/work/ex204_ex299_frontend_breakthrough_20260614_1051/integer-r9/ex267/logs/ex267_r9_q54_formula_overlay_abc_and.ys,,,,,,,,student/work/ex204_ex299_frontend_breakthrough_20260614_1051/integer-r9/ex267/logs/ex267_r9_q54_formula_overlay_abc_and.evaluate.py.log,ex267_r9_q54_formula_overlay_abc_and,,divider_selected_top_bit_formula,current hybrid wordmux with q5/q4 replaced by direct quotient bit formulas,reuse current lower quotient word and share simple top-bit predicates,abc_g_and,student/work/ex204_ex299_frontend_breakthrough_20260614_1051/integer-r9/ex267/official_eval/ex267_r9_q54_formula_overlay_abc_and,1,OK,334,12,4008,4080,2651,,,,,2026-06-14 19:49:27 +0800,,,student/work/ex204_ex299_frontend_breakthrough_20260614_1051/integer-r9/ex267/logs/ex267_r9_q54_formula_overlay_abc_and.yosys.log,,,,,,,72,,1,,ex204_ex299_frontend_breakthrough_20260614_1051,unsigned low6 high6 divide with dbz saturation
integer-r9,integer,ex267,ex267_r9_q54_formula_overlay_d8,ex267|unsigned_low6_high6_divide_with_dbz_saturation|current_hybrid_wordmux_with_q5/q4_replaced_by_direct_quotient_bit_formulas|reuse_current_lower_quotient_word_and_share_simple_top-bit_predicates|abc_g_aig_d8|official_evaluate_py|frontend_only,,,4080,331,12,3972,108,student/work/ex204_ex299_frontend_breakthrough_20260614_1051/integer-r9/ex267/verilog/ex267_r9_q54_formula_overlay_d8.v,student/work/ex204_ex299_frontend_breakthrough_20260614_1051/integer-r9/ex267/aigs/ex267_r9_q54_formula_overlay_d8.aig,student/work/ex204_ex299_frontend_breakthrough_20260614_1051/integer-r9/ex267/logs/ex267_r9_q54_formula_overlay_d8.evaluate.py.log,student/frontend_campaigns/campaigns/ex204_ex299_frontend_breakthrough_20260614_1051/agent_shards/integer-r9/best_improvements.csv,synth_sec=0.407; evaluate_sec=0.198; ys=student/work/ex204_ex299_frontend_breakthrough_20260614_1051/integer-r9/ex267/logs/ex267_r9_q54_formula_overlay_d8.ys,,,,,,,,student/work/ex204_ex299_frontend_breakthrough_20260614_1051/integer-r9/ex267/logs/ex267_r9_q54_formula_overlay_d8.evaluate.py.log,ex267_r9_q54_formula_overlay_d8,,divider_selected_top_bit_formula,current hybrid wordmux with q5/q4 replaced by direct quotient bit formulas,reuse current lower quotient word and share simple top-bit predicates,abc_g_aig_d8,student/work/ex204_ex299_frontend_breakthrough_20260614_1051/integer-r9/ex267/official_eval/ex267_r9_q54_formula_overlay_d8,1,OK,331,12,3972,4080,2651,,,,,2026-06-14 19:49:27 +0800,,,student/work/ex204_ex299_frontend_breakthrough_20260614_1051/integer-r9/ex267/logs/ex267_r9_q54_formula_overlay_d8.yosys.log,,,,,,,108,,1,,ex204_ex299_frontend_breakthrough_20260614_1051,unsigned low6 high6 divide with dbz saturation
integer-r9,integer,ex267,ex267_r9_q54_range_overlay_abc_and,ex267|unsigned_low6_high6_divide_with_dbz_saturation|current_hybrid_wordmux_with_q5/q4_replaced_by_shared_a>=b*M_range_predicates|share_b*16/b*32/b*48_compare_descriptors_for_the_winning_top_two_quotient_bits|abc_g_and|official_evaluate_py|frontend_only,,,4080,337,12,4044,36,student/work/ex204_ex299_frontend_breakthrough_20260614_1051/integer-r9/ex267/verilog/ex267_r9_q54_range_overlay_abc_and.v,student/work/ex204_ex299_frontend_breakthrough_20260614_1051/integer-r9/ex267/aigs/ex267_r9_q54_range_overlay_abc_and.aig,student/work/ex204_ex299_frontend_breakthrough_20260614_1051/integer-r9/ex267/logs/ex267_r9_q54_range_overlay_abc_and.evaluate.py.log,student/frontend_campaigns/campaigns/ex204_ex299_frontend_breakthrough_20260614_1051/agent_shards/integer-r9/best_improvements.csv,synth_sec=0.323; evaluate_sec=0.159; ys=student/work/ex204_ex299_frontend_breakthrough_20260614_1051/integer-r9/ex267/logs/ex267_r9_q54_range_overlay_abc_and.ys,,,,,,,,student/work/ex204_ex299_frontend_breakthrough_20260614_1051/integer-r9/ex267/logs/ex267_r9_q54_range_overlay_abc_and.evaluate.py.log,ex267_r9_q54_range_overlay_abc_and,,divider_quotient_range_predicates,current hybrid wordmux with q5/q4 replaced by shared a>=b*M range predicates,share b*16/b*32/b*48 compare descriptors for the winning top two quotient bits,abc_g_and,student/work/ex204_ex299_frontend_breakthrough_20260614_1051/integer-r9/ex267/official_eval/ex267_r9_q54_range_overlay_abc_and,1,OK,337,12,4044,4080,2651,,,,,2026-06-14 19:49:28 +0800,,,student/work/ex204_ex299_frontend_breakthrough_20260614_1051/integer-r9/ex267/logs/ex267_r9_q54_range_overlay_abc_and.yosys.log,,,,,,,36,,1,,ex204_ex299_frontend_breakthrough_20260614_1051,unsigned low6 high6 divide with dbz saturation
integer-r9,integer,ex267,ex267_r9_q54_range_overlay_d8,ex267|unsigned_low6_high6_divide_with_dbz_saturation|current_hybrid_wordmux_with_q5/q4_replaced_by_shared_a>=b*M_range_predicates|share_b*16/b*32/b*48_compare_descriptors_for_the_winning_top_two_quotient_bits|abc_g_aig_d8|official_evaluate_py|frontend_only,,,4080,338,12,4056,24,student/work/ex204_ex299_frontend_breakthrough_20260614_1051/integer-r9/ex267/verilog/ex267_r9_q54_range_overlay_d8.v,student/work/ex204_ex299_frontend_breakthrough_20260614_1051/integer-r9/ex267/aigs/ex267_r9_q54_range_overlay_d8.aig,student/work/ex204_ex299_frontend_breakthrough_20260614_1051/integer-r9/ex267/logs/ex267_r9_q54_range_overlay_d8.evaluate.py.log,student/frontend_campaigns/campaigns/ex204_ex299_frontend_breakthrough_20260614_1051/agent_shards/integer-r9/best_improvements.csv,synth_sec=0.315; evaluate_sec=0.151; ys=student/work/ex204_ex299_frontend_breakthrough_20260614_1051/integer-r9/ex267/logs/ex267_r9_q54_range_overlay_d8.ys,,,,,,,,student/work/ex204_ex299_frontend_breakthrough_20260614_1051/integer-r9/ex267/logs/ex267_r9_q54_range_overlay_d8.evaluate.py.log,ex267_r9_q54_range_overlay_d8,,divider_quotient_range_predicates,current hybrid wordmux with q5/q4 replaced by shared a>=b*M range predicates,share b*16/b*32/b*48 compare descriptors for the winning top two quotient bits,abc_g_aig_d8,student/work/ex204_ex299_frontend_breakthrough_20260614_1051/integer-r9/ex267/official_eval/ex267_r9_q54_range_overlay_d8,1,OK,338,12,4056,4080,2651,,,,,2026-06-14 19:49:29 +0800,,,student/work/ex204_ex299_frontend_breakthrough_20260614_1051/integer-r9/ex267/logs/ex267_r9_q54_range_overlay_d8.yosys.log,,,,,,,24,,1,,ex204_ex299_frontend_breakthrough_20260614_1051,unsigned low6 high6 divide with dbz saturation
integer-r9,integer,ex267,ex267_r9_q54_range_overlay_optfull,ex267|unsigned_low6_high6_divide_with_dbz_saturation|current_hybrid_wordmux_with_q5/q4_replaced_by_shared_a>=b*M_range_predicates|share_b*16/b*32/b*48_compare_descriptors_for_the_winning_top_two_quotient_bits|optfull_aig|official_evaluate_py|frontend_only,,,4080,336,12,4032,48,student/work/ex204_ex299_frontend_breakthrough_20260614_1051/integer-r9/ex267/verilog/ex267_r9_q54_range_overlay_optfull.v,student/work/ex204_ex299_frontend_breakthrough_20260614_1051/integer-r9/ex267/aigs/ex267_r9_q54_range_overlay_optfull.aig,student/work/ex204_ex299_frontend_breakthrough_20260614_1051/integer-r9/ex267/logs/ex267_r9_q54_range_overlay_optfull.evaluate.py.log,student/frontend_campaigns/campaigns/ex204_ex299_frontend_breakthrough_20260614_1051/agent_shards/integer-r9/best_improvements.csv,synth_sec=0.398; evaluate_sec=0.169; ys=student/work/ex204_ex299_frontend_breakthrough_20260614_1051/integer-r9/ex267/logs/ex267_r9_q54_range_overlay_optfull.ys,,,,,,,,student/work/ex204_ex299_frontend_breakthrough_20260614_1051/integer-r9/ex267/logs/ex267_r9_q54_range_overlay_optfull.evaluate.py.log,ex267_r9_q54_range_overlay_optfull,,divider_quotient_range_predicates,current hybrid wordmux with q5/q4 replaced by shared a>=b*M range predicates,share b*16/b*32/b*48 compare descriptors for the winning top two quotient bits,optfull_aig,student/work/ex204_ex299_frontend_breakthrough_20260614_1051/integer-r9/ex267/official_eval/ex267_r9_q54_range_overlay_optfull,1,OK,336,12,4032,4080,2651,,,,,2026-06-14 19:49:29 +0800,,,student/work/ex204_ex299_frontend_breakthrough_20260614_1051/integer-r9/ex267/logs/ex267_r9_q54_range_overlay_optfull.yosys.log,,,,,,,48,,1,,ex204_ex299_frontend_breakthrough_20260614_1051,unsigned low6 high6 divide with dbz saturation
integer-r9,integer,ex267,ex267_r9_q54_formula_overlay_fullcase_abc_and,ex267|unsigned_low6_high6_divide_with_dbz_saturation|q5/q4_direct_formulas_plus_full/parallel_attributes_on_remaining_current_cases|combine_direct_top_predicates_with_existing_local_BDD_decode_hints|abc_g_and|official_evaluate_py|frontend_only,,,4080,334,12,4008,72,student/work/ex204_ex299_frontend_breakthrough_20260614_1051/integer-r9/ex267/verilog/ex267_r9_q54_formula_overlay_fullcase_abc_and.v,student/work/ex204_ex299_frontend_breakthrough_20260614_1051/integer-r9/ex267/aigs/ex267_r9_q54_formula_overlay_fullcase_abc_and.aig,student/work/ex204_ex299_frontend_breakthrough_20260614_1051/integer-r9/ex267/logs/ex267_r9_q54_formula_overlay_fullcase_abc_and.evaluate.py.log,student/frontend_campaigns/campaigns/ex204_ex299_frontend_breakthrough_20260614_1051/agent_shards/integer-r9/best_improvements.csv,synth_sec=0.351; evaluate_sec=0.153; ys=student/work/ex204_ex299_frontend_breakthrough_20260614_1051/integer-r9/ex267/logs/ex267_r9_q54_formula_overlay_fullcase_abc_and.ys,,,,,,,,student/work/ex204_ex299_frontend_breakthrough_20260614_1051/integer-r9/ex267/logs/ex267_r9_q54_formula_overlay_fullcase_abc_and.evaluate.py.log,ex267_r9_q54_formula_overlay_fullcase_abc_and,,divider_selected_top_bit_formula,q5/q4 direct formulas plus full/parallel attributes on remaining current cases,combine direct top predicates with existing local BDD decode hints,abc_g_and,student/work/ex204_ex299_frontend_breakthrough_20260614_1051/integer-r9/ex267/official_eval/ex267_r9_q54_formula_overlay_fullcase_abc_and,1,OK,334,12,4008,4080,2651,,,,,2026-06-14 19:49:30 +0800,,,student/work/ex204_ex299_frontend_breakthrough_20260614_1051/integer-r9/ex267/logs/ex267_r9_q54_formula_overlay_fullcase_abc_and.yosys.log,,,,,,,72,,1,,ex204_ex299_frontend_breakthrough_20260614_1051,unsigned low6 high6 divide with dbz saturation
integer-r9,integer,ex267,ex267_r9_q54_formula_overlay_fullcase_d8,ex267|unsigned_low6_high6_divide_with_dbz_saturation|q5/q4_direct_formulas_plus_full/parallel_attributes_on_remaining_current_cases|combine_direct_top_predicates_with_existing_local_BDD_decode_hints|abc_g_aig_d8|official_evaluate_py|frontend_only,,,4080,331,12,3972,108,student/work/ex204_ex299_frontend_breakthrough_20260614_1051/integer-r9/ex267/verilog/ex267_r9_q54_formula_overlay_fullcase_d8.v,student/work/ex204_ex299_frontend_breakthrough_20260614_1051/integer-r9/ex267/aigs/ex267_r9_q54_formula_overlay_fullcase_d8.aig,student/work/ex204_ex299_frontend_breakthrough_20260614_1051/integer-r9/ex267/logs/ex267_r9_q54_formula_overlay_fullcase_d8.evaluate.py.log,student/frontend_campaigns/campaigns/ex204_ex299_frontend_breakthrough_20260614_1051/agent_shards/integer-r9/best_improvements.csv,synth_sec=0.328; evaluate_sec=0.152; ys=student/work/ex204_ex299_frontend_breakthrough_20260614_1051/integer-r9/ex267/logs/ex267_r9_q54_formula_overlay_fullcase_d8.ys,,,,,,,,student/work/ex204_ex299_frontend_breakthrough_20260614_1051/integer-r9/ex267/logs/ex267_r9_q54_formula_overlay_fullcase_d8.evaluate.py.log,ex267_r9_q54_formula_overlay_fullcase_d8,,divider_selected_top_bit_formula,q5/q4 direct formulas plus full/parallel attributes on remaining current cases,combine direct top predicates with existing local BDD decode hints,abc_g_aig_d8,student/work/ex204_ex299_frontend_breakthrough_20260614_1051/integer-r9/ex267/official_eval/ex267_r9_q54_formula_overlay_fullcase_d8,1,OK,331,12,3972,4080,2651,,,,,2026-06-14 19:49:30 +0800,,,student/work/ex204_ex299_frontend_breakthrough_20260614_1051/integer-r9/ex267/logs/ex267_r9_q54_formula_overlay_fullcase_d8.yosys.log,,,,,,,108,,1,,ex204_ex299_frontend_breakthrough_20260614_1051,unsigned low6 high6 divide with dbz saturation
integer-r9,integer,ex267,ex267_r9_q54_lowbase_hybrid_top2_old_current_abc_and,ex267|unsigned_low6_high6_divide_with_dbz_saturation|prior_low-area_cofactor_wordmux_base_with_q5/q4_replaced_by_direct_quotient_bit_formulas|combine_low-area_cofactor_sharing_with_the_r9_winning_two-top-bit_predicate_overlay|abc_g_and|official_evaluate_py|frontend_only,,,4080,334,12,4008,72,student/work/ex204_ex299_frontend_breakthrough_20260614_1051/integer-r9/ex267/verilog/ex267_r9_q54_lowbase_hybrid_top2_old_current_abc_and.v,student/work/ex204_ex299_frontend_breakthrough_20260614_1051/integer-r9/ex267/aigs/ex267_r9_q54_lowbase_hybrid_top2_old_current_abc_and.aig,student/work/ex204_ex299_frontend_breakthrough_20260614_1051/integer-r9/ex267/logs/ex267_r9_q54_lowbase_hybrid_top2_old_current_abc_and.evaluate.py.log,student/frontend_campaigns/campaigns/ex204_ex299_frontend_breakthrough_20260614_1051/agent_shards/integer-r9/best_improvements.csv,synth_sec=0.768; evaluate_sec=0.152; ys=student/work/ex204_ex299_frontend_breakthrough_20260614_1051/integer-r9/ex267/logs/ex267_r9_q54_lowbase_hybrid_top2_old_current_abc_and.ys,,,,,,,,student/work/ex204_ex299_frontend_breakthrough_20260614_1051/integer-r9/ex267/logs/ex267_r9_q54_lowbase_hybrid_top2_old_current_abc_and.evaluate.py.log,ex267_r9_q54_lowbase_hybrid_top2_old_current_abc_and,,divider_lowarea_base_top_bit_overlay,prior low-area cofactor wordmux base with q5/q4 replaced by direct quotient bit formulas,combine low-area cofactor sharing with the r9 winning two-top-bit predicate overlay,abc_g_and,student/work/ex204_ex299_frontend_breakthrough_20260614_1051/integer-r9/ex267/official_eval/ex267_r9_q54_lowbase_hybrid_top2_old_current_abc_and,1,OK,334,12,4008,4080,2651,,,,,2026-06-14 19:50:46 +0800,,,student/work/ex204_ex299_frontend_breakthrough_20260614_1051/integer-r9/ex267/logs/ex267_r9_q54_lowbase_hybrid_top2_old_current_abc_and.yosys.log,,,,,,,72,,1,,ex204_ex299_frontend_breakthrough_20260614_1051,unsigned low6 high6 divide with dbz saturation
integer-r9,integer,ex267,ex267_r9_q54_lowbase_hybrid_top2_old_current_d8,ex267|unsigned_low6_high6_divide_with_dbz_saturation|prior_low-area_cofactor_wordmux_base_with_q5/q4_replaced_by_direct_quotient_bit_formulas|combine_low-area_cofactor_sharing_with_the_r9_winning_two-top-bit_predicate_overlay|abc_g_aig_d8|official_evaluate_py|frontend_only,,,4080,331,12,3972,108,student/work/ex204_ex299_frontend_breakthrough_20260614_1051/integer-r9/ex267/verilog/ex267_r9_q54_lowbase_hybrid_top2_old_current_d8.v,student/work/ex204_ex299_frontend_breakthrough_20260614_1051/integer-r9/ex267/aigs/ex267_r9_q54_lowbase_hybrid_top2_old_current_d8.aig,student/work/ex204_ex299_frontend_breakthrough_20260614_1051/integer-r9/ex267/logs/ex267_r9_q54_lowbase_hybrid_top2_old_current_d8.evaluate.py.log,student/frontend_campaigns/campaigns/ex204_ex299_frontend_breakthrough_20260614_1051/agent_shards/integer-r9/best_improvements.csv,synth_sec=0.328; evaluate_sec=0.153; ys=student/work/ex204_ex299_frontend_breakthrough_20260614_1051/integer-r9/ex267/logs/ex267_r9_q54_lowbase_hybrid_top2_old_current_d8.ys,,,,,,,,student/work/ex204_ex299_frontend_breakthrough_20260614_1051/integer-r9/ex267/logs/ex267_r9_q54_lowbase_hybrid_top2_old_current_d8.evaluate.py.log,ex267_r9_q54_lowbase_hybrid_top2_old_current_d8,,divider_lowarea_base_top_bit_overlay,prior low-area cofactor wordmux base with q5/q4 replaced by direct quotient bit formulas,combine low-area cofactor sharing with the r9 winning two-top-bit predicate overlay,abc_g_aig_d8,student/work/ex204_ex299_frontend_breakthrough_20260614_1051/integer-r9/ex267/official_eval/ex267_r9_q54_lowbase_hybrid_top2_old_current_d8,1,OK,331,12,3972,4080,2651,,,,,2026-06-14 19:50:46 +0800,,,student/work/ex204_ex299_frontend_breakthrough_20260614_1051/integer-r9/ex267/logs/ex267_r9_q54_lowbase_hybrid_top2_old_current_d8.yosys.log,,,,,,,108,,1,,ex204_ex299_frontend_breakthrough_20260614_1051,unsigned low6 high6 divide with dbz saturation
fp8-source-r6,float_fp8,ex248,ex248_r6_numden_range_shell_core,ex248|E5M2FN packed fmod low mod high|direct numerator denominator range partition shell|shared NaN divisor-zero numerator-zero less-than and equality predicates around current periodic residual core|abc_g_aig_frontend|official_evaluate|numden_range_shell_core,294,27,7938,291,27,7857,81,student/work/ex204_ex299_frontend_breakthrough_20260614_1051/fp8-source-r6/ex248/verilog/ex248_r6_numden_range_shell_core.v,student/work/ex204_ex299_frontend_breakthrough_20260614_1051/fp8-source-r6/ex248/aigs/ex248_r6_numden_range_shell_core.aig,student/runs/float_fp8/ex204_ex299_frontend_breakthrough_20260614_1051/fp8-source-r6/ex248/logs/ex248_r6_numden_range_shell_core.evaluate.py.log,student/frontend_campaigns/campaigns/ex204_ex299_frontend_breakthrough_20260614_1051/agent_shards/fp8-source-r6/best_improvements.csv,official evaluate.py equivalent frontend improvement,,,,,,,,student/runs/float_fp8/ex204_ex299_frontend_breakthrough_20260614_1051/fp8-source-r6/ex248/logs/ex248_r6_numden_range_shell_core.evaluate.py.log,,,,,,,,,,,,,,,,,,,,,,,,,,,,,,,,,,
unary-struct-r4,bf16,ex205,ex205_r4_overlay_b13_abc_g_aig,ex205|selected_bit_overlay|ex205_r4_overlay_b13_abc_g_aig|current source body plus isolated selected-bit replacement|abc_g_aig|abc_xf_official_evaluate|unary_struct_r4,,,71040,4439,16,71024,16,student/work/ex204_ex299_frontend_breakthrough_20260614_1051/unary-struct-r4/ex205/verilog/ex205_r4_overlay_b13_abc_g_aig.v,student/work/ex204_ex299_frontend_breakthrough_20260614_1051/unary-struct-r4/ex205/aigs/ex205_r4_overlay_b13_abc_g_aig.aig,student/runs/bf16/ex204_ex299_frontend_breakthrough_20260614_1051/unary-struct-r4/ex205/official_eval/ex205_r4_overlay_b13_abc_g_aig/ex205_r4_overlay_b13_abc_g_aig.evaluate.py.log,student/frontend_campaigns/campaigns/ex204_ex299_frontend_breakthrough_20260614_1051/agent_shards/unary-struct-r4/best_improvements.csv,overlay_bit=13; exact selected output bit13 overlay; key_groups=512; mant_bits=7; total_runs=515; const_groups=509; evaluate.py exit 0; elapsed 1.013s; yosys exit 0; elapsed 5.678s,,,,,,,,student/runs/bf16/ex204_ex299_frontend_breakthrough_20260614_1051/unary-struct-r4/ex205/official_eval/ex205_r4_overlay_b13_abc_g_aig/ex205_r4_overlay_b13_abc_g_aig.evaluate.py.log,,,,,,,,,,,,,,,,,,,,,,,,,,,,,,,,,,
unary-struct-r4,bf16,ex216,ex216_r4_current_source_abc_g_aig,ex216|current_source_flow_recut|ex216_r4_current_source_abc_g_aig|reuse accepted shared field decode and source structure|abc_g_aig|abc_xf_official_evaluate|unary_struct_r4,,,5772,440,13,5720,52,student/work/ex204_ex299_frontend_breakthrough_20260614_1051/unary-struct-r4/ex216/verilog/ex216_r4_current_source_abc_g_aig.v,student/work/ex204_ex299_frontend_breakthrough_20260614_1051/unary-struct-r4/ex216/aigs/ex216_r4_current_source_abc_g_aig.aig,student/runs/bf16/ex204_ex299_frontend_breakthrough_20260614_1051/unary-struct-r4/ex216/official_eval/ex216_r4_current_source_abc_g_aig/ex216_r4_current_source_abc_g_aig.evaluate.py.log,student/frontend_campaigns/campaigns/ex204_ex299_frontend_breakthrough_20260614_1051/agent_shards/unary-struct-r4/best_improvements.csv,source=student/seeds/bf16/ex200_ex219_current/ex216/verilog/ex216_bf16_cube_aggr_semantic_positive_symmetry_fields_cube_bit14_boundary_caseattrs_fix13.v; evaluate.py exit 0; elapsed 0.621s; yosys exit 0; elapsed 9.385s,,,,,,,,student/runs/bf16/ex204_ex299_frontend_breakthrough_20260614_1051/unary-struct-r4/ex216/official_eval/ex216_r4_current_source_abc_g_aig/ex216_r4_current_source_abc_g_aig.evaluate.py.log,,,,,,,,,,,,,,,,,,,,,,,,,,,,,,,,,,
unary-struct-r4,bf16,ex219,ex219_r4_current_source_abc_g_aig,ex219|current_source_flow_recut|ex219_r4_current_source_abc_g_aig|reuse accepted shared field decode and source structure|abc_g_aig|abc_xf_official_evaluate|unary_struct_r4,,,9212,657,13,8541,671,student/work/ex204_ex299_frontend_breakthrough_20260614_1051/unary-struct-r4/ex219/verilog/ex219_r4_current_source_abc_g_aig.v,student/work/ex204_ex299_frontend_breakthrough_20260614_1051/unary-struct-r4/ex219/aigs/ex219_r4_current_source_abc_g_aig.aig,student/runs/bf16/ex204_ex299_frontend_breakthrough_20260614_1051/unary-struct-r4/ex219/official_eval/ex219_r4_current_source_abc_g_aig/ex219_r4_current_source_abc_g_aig.evaluate.py.log,student/frontend_campaigns/campaigns/ex204_ex299_frontend_breakthrough_20260614_1051/agent_shards/unary-struct-r4/best_improvements.csv,source=student/work/frontend_bf16_unknown_struct_round94_20260614_0552/sub-bf16-recip-power-r94/ex219/verilog/ex219_r94_bf16_reciprocal_cbrt_delta_pair_mant64_hilo3_bits_6_cmp.v; evaluate.py exit 0; elapsed 1.063s; yosys exit 0; elapsed 10.926s,,,,,,,,student/runs/bf16/ex204_ex299_frontend_breakthrough_20260614_1051/unary-struct-r4/ex219/official_eval/ex219_r4_current_source_abc_g_aig/ex219_r4_current_source_abc_g_aig.evaluate.py.log,,,,,,,,,,,,,,,,,,,,,,,,,,,,,,,,,,
