agent_id,domain,case,method_signature,hypothesis_family,reason,best_area,best_delay,best_adp,verilog_path,aig_path,log_path,source_csv,notes,candidate_id,failure_stage,next_action,candidate,area,delay,adp,old_adp,hypothesis,variant,status,evaluate_log_path,representation,shared_structure,eval_dir,verified_truth,equivalent,ADP,frontend_best_adp,delta_vs_frontend,beats_frontend,failure_kind,evidence_path,timestamp,family,baseline_adp,evaluate_log,yosys_log_path,target_adp,failure_reason,reuse_policy,evidence_log,frontend_target_adp,synth_flow,current_best_adp,reference_adp,delta_vs_current,beats_current,run_id,threshold,delta_vs_threshold,beats_threshold
unknown-breakthrough-a,unknown,ex286,ex286|hamming_weight_preserving_lossy_routing_normalizer|greedy_compare_exchange_route_screen|shared_fixed_compare_exchange_stages|no_synth|python_truth_exhaustive|full_word_route,compact routing/state descriptor with shared transition logic,"not exact: 44086 bit mismatches, 44 full-row matches after 9 greedy stages",,,,/home/b10507053/ALS_Final_Project/student/work/ex204_ex299_frontend_breakthrough_20260614_1051/unknown-breakthrough-a/ex286/verilog/ex286_route_compare_exchange_greedy_screen.v,,/home/b10507053/ALS_Final_Project/student/work/ex204_ex299_frontend_breakthrough_20260614_1051/unknown-breakthrough-a/ex286/diagnostics/ex286_compare_exchange_screen.csv,student/frontend_campaigns/campaigns/ex204_ex299_frontend_breakthrough_20260614_1051/agent_shards/unknown-breakthrough-a/failed_hypotheses.csv,,ex286_route_compare_exchange_greedy_screen,simulation,"only revisit with nonlinear/data-dependent route controls, not fixed compare-exchange stages",ex286_route_compare_exchange_greedy_screen,,,,,,,,,,,,,,,,,,,,,,,,,,,,,,,,,,,,,,
unknown-breakthrough-a,unknown,ex287,ex287|hamming_weight_preserving_lossy_routing_normalizer|greedy_compare_exchange_route_screen|shared_fixed_compare_exchange_stages|no_synth|python_truth_exhaustive|full_word_route,compact routing/state descriptor with shared transition logic,"not exact: 97996 bit mismatches, 34 full-row matches after 20 greedy stages",,,,/home/b10507053/ALS_Final_Project/student/work/ex204_ex299_frontend_breakthrough_20260614_1051/unknown-breakthrough-a/ex287/verilog/ex287_route_compare_exchange_greedy_screen.v,,/home/b10507053/ALS_Final_Project/student/work/ex204_ex299_frontend_breakthrough_20260614_1051/unknown-breakthrough-a/ex287/diagnostics/ex287_compare_exchange_screen.csv,student/frontend_campaigns/campaigns/ex204_ex299_frontend_breakthrough_20260614_1051/agent_shards/unknown-breakthrough-a/failed_hypotheses.csv,,ex287_route_compare_exchange_greedy_screen,simulation,"only revisit with nonlinear/data-dependent route controls, not fixed compare-exchange stages",ex287_route_compare_exchange_greedy_screen,,,,,,,,,,,,,,,,,,,,,,,,,,,,,,,,,,,,,,
unknown-breakthrough-b,unknown,ex299,ex299|frontend_source_boundary_normalization|celllocal_quad_replay|direct_current_source_wrapper|yosys_internal_abc_g_AND|official_evaluate|all_outputs,,,,,,student/work/ex204_ex299_frontend_breakthrough_20260614_1051/unknown-breakthrough-b/ex299/verilog/ex299_ubb_celllocal_quad_and_norm.v,,,student/frontend_campaigns/campaigns/ex204_ex299_frontend_breakthrough_20260614_1051/agent_shards/unknown-breakthrough-b/failed_hypotheses.csv,snapshot_baseline_frontend_adp=1774260,ex299_ubb_celllocal_quad_and_norm,,,ex299_ubb_celllocal_quad_and_norm,,,,,frontend source-boundary normalization,current celllocal quad source replay through abc AND frontend,NO_EVAL_LOG,,,,,,,,,,,,,,,,,,,,,,,,,,,,,,,
fp8-breakthrough-r2,float_fp8,ex240,ex240|E4M3FN packed add high byte plus low byte|zero passthrough shell around r64 sign/magnitude source|shared NaN/zero predicates plus existing same/diff normalizer|abc_g_aig_frontend|official_evaluate|full_word,shared_predicate_rtl,equivalent_but_nonwinning_vs_snapshot,620,45,27900,student/work/ex204_ex299_frontend_breakthrough_20260614_1051/fp8-breakthrough-r2/ex240/verilog/ex240_r2_zero_passthrough_abc_g_aig_frontend.v,student/work/ex204_ex299_frontend_breakthrough_20260614_1051/fp8-breakthrough-r2/ex240/aigs/ex240_r2_zero_passthrough_abc_g_aig_frontend.aig,student/runs/float_fp8/ex204_ex299_frontend_breakthrough_20260614_1051/fp8-breakthrough-r2/ex240/logs/ex240_r2_zero_passthrough_abc_g_aig_frontend.evaluate.py.log,student/frontend_campaigns/campaigns/ex204_ex299_frontend_breakthrough_20260614_1051/agent_shards/fp8-breakthrough-r2/failed_hypotheses.csv,Quick low-priority check; exposes exact zero passthrough before selected output.; synth_log=student/work/ex204_ex299_frontend_breakthrough_20260614_1051/fp8-breakthrough-r2/ex240/logs/ex240_r2_zero_passthrough_abc_g_aig_frontend.yosys.log,,,,,620,45,27900,,,,,,,,,,,,,,,,,,,,,,,,,,,,,,,,,,,
fp8-breakthrough-r2,float_fp8,ex241,ex241|E4M3FN packed multiply high byte times low byte|zero-input guard around nested exp/product shell|shared NaN/sign/zero predicates before product table residual|abc_g_aig_frontend|official_evaluate|full_word,shared_predicate_rtl,equivalent_but_nonwinning_vs_snapshot,553,30,16590,student/work/ex204_ex299_frontend_breakthrough_20260614_1051/fp8-breakthrough-r2/ex241/verilog/ex241_r2_zero_guard_product_abc_g_aig_frontend.v,student/work/ex204_ex299_frontend_breakthrough_20260614_1051/fp8-breakthrough-r2/ex241/aigs/ex241_r2_zero_guard_product_abc_g_aig_frontend.aig,student/runs/float_fp8/ex204_ex299_frontend_breakthrough_20260614_1051/fp8-breakthrough-r2/ex241/logs/ex241_r2_zero_guard_product_abc_g_aig_frontend.evaluate.py.log,student/frontend_campaigns/campaigns/ex204_ex299_frontend_breakthrough_20260614_1051/agent_shards/fp8-breakthrough-r2/failed_hypotheses.csv,Keeps nested table semantics while exposing zero product as a shared predicate.; synth_log=student/work/ex204_ex299_frontend_breakthrough_20260614_1051/fp8-breakthrough-r2/ex241/logs/ex241_r2_zero_guard_product_abc_g_aig_frontend.yosys.log,,,,,553,30,16590,,,,,,,,,,,,,,,,,,,,,,,,,,,,,,,,,,,
fp8-breakthrough-r2,float_fp8,ex244,ex244|E4M3FN packed hypot abs high low|max-eff delta BDD with selected saturation predicate replacement|shared max/min decode and delta bits; replaces only final saturation comparator|abc_g_aig_frontend|official_evaluate|full_word_selected_saturation,hybrid_selected_residual,equivalent_but_nonwinning_vs_snapshot,313,37,11581,student/work/ex204_ex299_frontend_breakthrough_20260614_1051/fp8-breakthrough-r2/ex244/verilog/ex244_r2_sat_predicate_nogroup_abc_g_aig_frontend.v,student/work/ex204_ex299_frontend_breakthrough_20260614_1051/fp8-breakthrough-r2/ex244/aigs/ex244_r2_sat_predicate_nogroup_abc_g_aig_frontend.aig,student/runs/float_fp8/ex204_ex299_frontend_breakthrough_20260614_1051/fp8-breakthrough-r2/ex244/logs/ex244_r2_sat_predicate_nogroup_abc_g_aig_frontend.evaluate.py.log,student/frontend_campaigns/campaigns/ex204_ex299_frontend_breakthrough_20260614_1051/agent_shards/fp8-breakthrough-r2/failed_hypotheses.csv,Uses delta-bit saturation predicates without the r62 per-output NaN cone grouping.; synth_log=student/work/ex204_ex299_frontend_breakthrough_20260614_1051/fp8-breakthrough-r2/ex244/logs/ex244_r2_sat_predicate_nogroup_abc_g_aig_frontend.yosys.log,,,,,313,37,11581,,,,,,,,,,,,,,,,,,,,,,,,,,,,,,,,,,,
fp8-breakthrough-r2,float_fp8,ex246,ex246|E5M2FN packed multiply high byte times low byte|zero-input guard around seed12 product-class shell|shared NaN/sign/zero predicates before product and product_mag residual|abc_g_aig_frontend|official_evaluate|full_word,shared_predicate_rtl,equivalent_but_nonwinning_vs_snapshot,354,24,8496,student/work/ex204_ex299_frontend_breakthrough_20260614_1051/fp8-breakthrough-r2/ex246/verilog/ex246_r2_zero_guard_product_abc_g_aig_frontend.v,student/work/ex204_ex299_frontend_breakthrough_20260614_1051/fp8-breakthrough-r2/ex246/aigs/ex246_r2_zero_guard_product_abc_g_aig_frontend.aig,student/runs/float_fp8/ex204_ex299_frontend_breakthrough_20260614_1051/fp8-breakthrough-r2/ex246/logs/ex246_r2_zero_guard_product_abc_g_aig_frontend.evaluate.py.log,student/frontend_campaigns/campaigns/ex204_ex299_frontend_breakthrough_20260614_1051/agent_shards/fp8-breakthrough-r2/failed_hypotheses.csv,Keeps seed12 product-class semantics but exposes zero product as a shared predicate.; synth_log=student/work/ex204_ex299_frontend_breakthrough_20260614_1051/fp8-breakthrough-r2/ex246/logs/ex246_r2_zero_guard_product_abc_g_aig_frontend.yosys.log,,,,,354,24,8496,,,,,,,,,,,,,,,,,,,,,,,,,,,,,,,,,,,
fp8-breakthrough-r2,float_fp8,ex247,ex247|E5M2FN packed low-over-high division|denominator-bound shell with direct low-underflow pattern bits|shared sign exponent-delta denominator attributes plus Boolean low-pattern residual|abc_g_aig_frontend|official_evaluate|full_word_small_residual,shared_predicate_rtl,equivalent_but_nonwinning_vs_snapshot,361,25,9025,student/work/ex204_ex299_frontend_breakthrough_20260614_1051/fp8-breakthrough-r2/ex247/verilog/ex247_r2_lowpat_boolean_abc_g_aig_frontend.v,student/work/ex204_ex299_frontend_breakthrough_20260614_1051/fp8-breakthrough-r2/ex247/aigs/ex247_r2_lowpat_boolean_abc_g_aig_frontend.aig,student/runs/float_fp8/ex204_ex299_frontend_breakthrough_20260614_1051/fp8-breakthrough-r2/ex247/logs/ex247_r2_lowpat_boolean_abc_g_aig_frontend.evaluate.py.log,student/frontend_campaigns/campaigns/ex204_ex299_frontend_breakthrough_20260614_1051/agent_shards/fp8-breakthrough-r2/failed_hypotheses.csv,Replaces only the 4-bit low_from_pat table with explicit bit predicates.; synth_log=student/work/ex204_ex299_frontend_breakthrough_20260614_1051/fp8-breakthrough-r2/ex247/logs/ex247_r2_lowpat_boolean_abc_g_aig_frontend.yosys.log,,,,,361,25,9025,,,,,,,,,,,,,,,,,,,,,,,,,,,,,,,,,,,
fp8-breakthrough-r2,float_fp8,ex249,ex249|E5M2FN packed hypot abs high low|raw-exp threshold shell with selected active delta bits|shared max/min raw-exp decode and active-gap delta predicates|abc_g_aig_frontend|official_evaluate|selected_delta_bits,hybrid_selected_residual,equivalent_but_nonwinning_vs_snapshot,174,30,5220,student/work/ex204_ex299_frontend_breakthrough_20260614_1051/fp8-breakthrough-r2/ex249/verilog/ex249_r2_active_delta_bits_abc_g_aig_frontend.v,student/work/ex204_ex299_frontend_breakthrough_20260614_1051/fp8-breakthrough-r2/ex249/aigs/ex249_r2_active_delta_bits_abc_g_aig_frontend.aig,student/runs/float_fp8/ex204_ex299_frontend_breakthrough_20260614_1051/fp8-breakthrough-r2/ex249/logs/ex249_r2_active_delta_bits_abc_g_aig_frontend.evaluate.py.log,student/frontend_campaigns/campaigns/ex204_ex299_frontend_breakthrough_20260614_1051/agent_shards/fp8-breakthrough-r2/failed_hypotheses.csv,Quick low-priority check; keeps raw-exp threshold table and splits only active delta bits.; synth_log=student/work/ex204_ex299_frontend_breakthrough_20260614_1051/fp8-breakthrough-r2/ex249/logs/ex249_r2_active_delta_bits_abc_g_aig_frontend.yosys.log,,,,,174,30,5220,,,,,,,,,,,,,,,,,,,,,,,,,,,,,,,,,,,
ex247-breakthrough-r3,float_fp8,ex247,ex247|E5M2FN packed low-over-high division|r2 special shell and Boolean low-pattern residual copied as r3 control|shared divide-by-zero/zero shell and direct low-underflow Boolean residual|abc_g_aig_frontend|official_evaluate|selected_low_underflow_bits,control_anchor,equivalent_but_nonwinning_vs_r2,361,23,8303,student/work/ex204_ex299_frontend_breakthrough_20260614_1051/ex247-breakthrough-r3/ex247/verilog/ex247_r3_r2_anchor_abc_g_aig_frontend.v,student/work/ex204_ex299_frontend_breakthrough_20260614_1051/ex247-breakthrough-r3/ex247/aigs/ex247_r3_r2_anchor_abc_g_aig_frontend.aig,student/runs/float_fp8/ex204_ex299_frontend_breakthrough_20260614_1051/ex247-breakthrough-r3/ex247/logs/ex247_r3_r2_anchor_abc_g_aig_frontend.evaluate.py.log,student/frontend_campaigns/campaigns/ex204_ex299_frontend_breakthrough_20260614_1051/agent_shards/ex247-breakthrough-r3/failed_hypotheses.csv,Control row to verify r3 runner reproduces the r2 source-level result.; synth_log=student/work/ex204_ex299_frontend_breakthrough_20260614_1051/ex247-breakthrough-r3/ex247/logs/ex247_r3_r2_anchor_abc_g_aig_frontend.yosys.log,,,,,361,23,8303,,,,,,,,,,,,,,,,,,,,,,,,,,,,,,,,,,,
ex247-breakthrough-r3,float_fp8,ex247,ex247|E5M2FN packed low-over-high division|special-case shell with low-underflow value-class predicates|shared is1/is2/is4 predicates generate the low residual magnitude|abc_g_aig_frontend|official_evaluate|selected_low_underflow_value_classes,shared_predicate_rtl,equivalent_but_nonwinning_vs_r2,361,23,8303,student/work/ex204_ex299_frontend_breakthrough_20260614_1051/ex247-breakthrough-r3/ex247/verilog/ex247_r3_low_value_decoder_abc_g_aig_frontend.v,student/work/ex204_ex299_frontend_breakthrough_20260614_1051/ex247-breakthrough-r3/ex247/aigs/ex247_r3_low_value_decoder_abc_g_aig_frontend.aig,student/runs/float_fp8/ex204_ex299_frontend_breakthrough_20260614_1051/ex247-breakthrough-r3/ex247/logs/ex247_r3_low_value_decoder_abc_g_aig_frontend.evaluate.py.log,student/frontend_campaigns/campaigns/ex204_ex299_frontend_breakthrough_20260614_1051/agent_shards/ex247-breakthrough-r3/failed_hypotheses.csv,Tests explicit value classes instead of per-bit r2 formulas.; synth_log=student/work/ex204_ex299_frontend_breakthrough_20260614_1051/ex247-breakthrough-r3/ex247/logs/ex247_r3_low_value_decoder_abc_g_aig_frontend.yosys.log,,,,,361,23,8303,,,,,,,,,,,,,,,,,,,,,,,,,,,,,,,,,,,
ex247-breakthrough-r3,float_fp8,ex247,ex247|E5M2FN packed low-over-high division|special-case shell plus small case residual for low output bits only|shared shell and a four-input residual BDD-like case for changed low bits|abc_g_aig_frontend|official_evaluate|low_bits_residual_case,small_residual_bdd,equivalent_but_nonwinning_vs_r2,362,23,8326,student/work/ex204_ex299_frontend_breakthrough_20260614_1051/ex247-breakthrough-r3/ex247/verilog/ex247_r3_lowcase_bdd_abc_g_aig_frontend.v,student/work/ex204_ex299_frontend_breakthrough_20260614_1051/ex247-breakthrough-r3/ex247/aigs/ex247_r3_lowcase_bdd_abc_g_aig_frontend.aig,student/runs/float_fp8/ex204_ex299_frontend_breakthrough_20260614_1051/ex247-breakthrough-r3/ex247/logs/ex247_r3_lowcase_bdd_abc_g_aig_frontend.evaluate.py.log,student/frontend_campaigns/campaigns/ex204_ex299_frontend_breakthrough_20260614_1051/agent_shards/ex247-breakthrough-r3/failed_hypotheses.csv,Compares compact residual case logic against explicit r2 predicates.; synth_log=student/work/ex204_ex299_frontend_breakthrough_20260614_1051/ex247-breakthrough-r3/ex247/logs/ex247_r3_lowcase_bdd_abc_g_aig_frontend.yosys.log,,,,,362,23,8326,,,,,,,,,,,,,,,,,,,,,,,,,,,,,,,,,,,
ex247-breakthrough-r3,float_fp8,ex247,ex247|E5M2FN packed low-over-high division|special-case shell with full-word vector mux for tiny classes|shared class predicates select invalid/zero/sat/low/linear whole-word outputs|abc_g_aig_frontend|official_evaluate|tiny_class_full_word_mux,output_grouping,equivalent_but_nonwinning_vs_r2,371,26,9646,student/work/ex204_ex299_frontend_breakthrough_20260614_1051/ex247-breakthrough-r3/ex247/verilog/ex247_r3_fullword_tiny_mux_abc_g_aig_frontend.v,student/work/ex204_ex299_frontend_breakthrough_20260614_1051/ex247-breakthrough-r3/ex247/aigs/ex247_r3_fullword_tiny_mux_abc_g_aig_frontend.aig,student/runs/float_fp8/ex204_ex299_frontend_breakthrough_20260614_1051/ex247-breakthrough-r3/ex247/logs/ex247_r3_fullword_tiny_mux_abc_g_aig_frontend.evaluate.py.log,student/frontend_campaigns/campaigns/ex204_ex299_frontend_breakthrough_20260614_1051/agent_shards/ex247-breakthrough-r3/failed_hypotheses.csv,Splits residual into full-word class outputs instead of a mag reg case.; synth_log=student/work/ex204_ex299_frontend_breakthrough_20260614_1051/ex247-breakthrough-r3/ex247/logs/ex247_r3_fullword_tiny_mux_abc_g_aig_frontend.yosys.log,,,,,371,26,9646,,,,,,,,,,,,,,,,,,,,,,,,,,,,,,,,,,,
ex247-breakthrough-r3,float_fp8,ex247,ex247|E5M2FN packed low-over-high division|special-case shell with exponent/mantissa field-group mux|shared zero/sat/low/linear predicates drive high-field and low-field groups|abc_g_aig_frontend|official_evaluate|sign_exponent_mantissa_field_groups,output_grouping,equivalent_but_nonwinning_vs_r2,362,24,8688,student/work/ex204_ex299_frontend_breakthrough_20260614_1051/ex247-breakthrough-r3/ex247/verilog/ex247_r3_field_group_mux_abc_g_aig_frontend.v,student/work/ex204_ex299_frontend_breakthrough_20260614_1051/ex247-breakthrough-r3/ex247/aigs/ex247_r3_field_group_mux_abc_g_aig_frontend.aig,student/runs/float_fp8/ex204_ex299_frontend_breakthrough_20260614_1051/ex247-breakthrough-r3/ex247/logs/ex247_r3_field_group_mux_abc_g_aig_frontend.evaluate.py.log,student/frontend_campaigns/campaigns/ex204_ex299_frontend_breakthrough_20260614_1051/agent_shards/ex247-breakthrough-r3/failed_hypotheses.csv,Separates high exponent-like bits from low mantissa bits to reduce low residual fanout.; synth_log=student/work/ex204_ex299_frontend_breakthrough_20260614_1051/ex247-breakthrough-r3/ex247/logs/ex247_r3_field_group_mux_abc_g_aig_frontend.yosys.log,,,,,362,24,8688,,,,,,,,,,,,,,,,,,,,,,,,,,,,,,,,,,,
ex247-breakthrough-r3,float_fp8,ex247,ex247|E5M2FN packed low-over-high division|special-case shell with selected saturation and low residual bits merged|shared class predicates directly OR saturation constants with low/linear bits|abc_g_aig_frontend|official_evaluate|selected_sat_low_linear_bits,hybrid_selected_residual,equivalent_but_nonwinning_vs_r2,361,23,8303,student/work/ex204_ex299_frontend_breakthrough_20260614_1051/ex247-breakthrough-r3/ex247/verilog/ex247_r3_combined_sat_low_bits_abc_g_aig_frontend.v,student/work/ex204_ex299_frontend_breakthrough_20260614_1051/ex247-breakthrough-r3/ex247/aigs/ex247_r3_combined_sat_low_bits_abc_g_aig_frontend.aig,student/runs/float_fp8/ex204_ex299_frontend_breakthrough_20260614_1051/ex247-breakthrough-r3/ex247/logs/ex247_r3_combined_sat_low_bits_abc_g_aig_frontend.evaluate.py.log,student/frontend_campaigns/campaigns/ex204_ex299_frontend_breakthrough_20260614_1051/agent_shards/ex247-breakthrough-r3/failed_hypotheses.csv,Combines low-pattern residual with selected saturation/normal result bits.; synth_log=student/work/ex204_ex299_frontend_breakthrough_20260614_1051/ex247-breakthrough-r3/ex247/logs/ex247_r3_combined_sat_low_bits_abc_g_aig_frontend.yosys.log,,,,,361,23,8303,,,,,,,,,,,,,,,,,,,,,,,,,,,,,,,,,,,
ex247-breakthrough-r3,float_fp8,ex247,ex247|E5M2FN packed low-over-high division|special-case shell with explicit zero/sat/low/linear class predicates|shared sign/exponent/mantissa class predicates feed a compact class magnitude mux|abc_g_aig_frontend|official_evaluate|class_split_magnitude,class_predicate_split,equivalent_but_nonwinning_vs_r2,371,26,9646,student/work/ex204_ex299_frontend_breakthrough_20260614_1051/ex247-breakthrough-r3/ex247/verilog/ex247_r3_split_class_predicates_abc_g_aig_frontend.v,student/work/ex204_ex299_frontend_breakthrough_20260614_1051/ex247-breakthrough-r3/ex247/aigs/ex247_r3_split_class_predicates_abc_g_aig_frontend.aig,student/runs/float_fp8/ex204_ex299_frontend_breakthrough_20260614_1051/ex247-breakthrough-r3/ex247/logs/ex247_r3_split_class_predicates_abc_g_aig_frontend.evaluate.py.log,student/frontend_campaigns/campaigns/ex204_ex299_frontend_breakthrough_20260614_1051/agent_shards/ex247-breakthrough-r3/failed_hypotheses.csv,Splits residual into class predicates before selecting magnitude.; synth_log=student/work/ex204_ex299_frontend_breakthrough_20260614_1051/ex247-breakthrough-r3/ex247/logs/ex247_r3_split_class_predicates_abc_g_aig_frontend.yosys.log,,,,,371,26,9646,,,,,,,,,,,,,,,,,,,,,,,,,,,,,,,,,,,
ex247-breakthrough-r4,float_fp8,ex247,ex247|E5M2FN packed low-over-high division|low residual grouped by pattern with local step formulas|pattern case shares step0 step1 step2 predicates|abc_g_aig_frontend|official_evaluate|low_pat_case_residual,small_residual_case,NOT_EQUIV,,,,student/work/ex204_ex299_frontend_breakthrough_20260614_1051/ex247-breakthrough-r4/ex247/verilog/ex247_r4_low_pat_case_abc_g_aig_frontend.v,student/work/ex204_ex299_frontend_breakthrough_20260614_1051/ex247-breakthrough-r4/ex247/aigs/ex247_r4_low_pat_case_abc_g_aig_frontend.aig,student/runs/float_fp8/ex204_ex299_frontend_breakthrough_20260614_1051/ex247-breakthrough-r4/ex247/logs/ex247_r4_low_pat_case_abc_g_aig_frontend.evaluate.py.log,student/frontend_campaigns/campaigns/ex204_ex299_frontend_breakthrough_20260614_1051/agent_shards/ex247-breakthrough-r4/failed_hypotheses.csv,Alternative Boolean factoring for low-underflow bits by pattern class.; synth_log=student/work/ex204_ex299_frontend_breakthrough_20260614_1051/ex247-breakthrough-r4/ex247/logs/ex247_r4_low_pat_case_abc_g_aig_frontend.yosys.log,,,,,,,,,,,,,,,,,,,,,,,,,,,,,,,,,,,,,,,,,,
ex247-breakthrough-r4,float_fp8,ex247,ex247|E5M2FN packed low-over-high division|r3 factored low-predicate source copied as r4 control|shared pat/step onehots feed the low residual and original compact mag case|abc_g_aig_frontend|official_evaluate|r3_factored_lowpred_anchor,control_anchor,equivalent_but_nonwinning_vs_r3,354,23,8142,student/work/ex204_ex299_frontend_breakthrough_20260614_1051/ex247-breakthrough-r4/ex247/verilog/ex247_r4_r3_anchor_abc_g_aig_frontend.v,student/work/ex204_ex299_frontend_breakthrough_20260614_1051/ex247-breakthrough-r4/ex247/aigs/ex247_r4_r3_anchor_abc_g_aig_frontend.aig,student/runs/float_fp8/ex204_ex299_frontend_breakthrough_20260614_1051/ex247-breakthrough-r4/ex247/logs/ex247_r4_r3_anchor_abc_g_aig_frontend.evaluate.py.log,student/frontend_campaigns/campaigns/ex204_ex299_frontend_breakthrough_20260614_1051/agent_shards/ex247-breakthrough-r4/failed_hypotheses.csv,Control row to verify r4 runner reproduces the current r3 best source result.; synth_log=student/work/ex204_ex299_frontend_breakthrough_20260614_1051/ex247-breakthrough-r4/ex247/logs/ex247_r4_r3_anchor_abc_g_aig_frontend.yosys.log,,,,,354,23,8142,,,,,,,,,,,,,,,,,,,,,,,,,,,,,,,,,,,
ex247-breakthrough-r4,float_fp8,ex247,ex247|E5M2FN packed low-over-high division|low-underflow residual factored through xor/or step mux predicates|shared pat_xor pat_or and step mux predicates drive all three low bits|abc_g_aig_frontend|official_evaluate|low_underflow_xor_mux,shared_predicate_rtl,equivalent_but_nonwinning_vs_r3,354,23,8142,student/work/ex204_ex299_frontend_breakthrough_20260614_1051/ex247-breakthrough-r4/ex247/verilog/ex247_r4_low_xor_mux_abc_g_aig_frontend.v,student/work/ex204_ex299_frontend_breakthrough_20260614_1051/ex247-breakthrough-r4/ex247/aigs/ex247_r4_low_xor_mux_abc_g_aig_frontend.aig,student/runs/float_fp8/ex204_ex299_frontend_breakthrough_20260614_1051/ex247-breakthrough-r4/ex247/logs/ex247_r4_low_xor_mux_abc_g_aig_frontend.evaluate.py.log,student/frontend_campaigns/campaigns/ex204_ex299_frontend_breakthrough_20260614_1051/agent_shards/ex247-breakthrough-r4/failed_hypotheses.csv,Replaces r3 onehots with smaller shared xor/or subpredicates.; synth_log=student/work/ex204_ex299_frontend_breakthrough_20260614_1051/ex247-breakthrough-r4/ex247/logs/ex247_r4_low_xor_mux_abc_g_aig_frontend.yosys.log,,,,,354,23,8142,,,,,,,,,,,,,,,,,,,,,,,,,,,,,,,,,,,
ex247-breakthrough-r4,float_fp8,ex247,ex247|E5M2FN packed low-over-high division|low-underflow residual as shared xor/or terms plus step2/step3 gates|shared pat_xor pat_nonzero step0 step2 step3 terms|abc_g_aig_frontend|official_evaluate|low_underflow_xor_terms,shared_predicate_rtl,equivalent_but_nonwinning_vs_r3,355,23,8165,student/work/ex204_ex299_frontend_breakthrough_20260614_1051/ex247-breakthrough-r4/ex247/verilog/ex247_r4_low_xor_terms_abc_g_aig_frontend.v,student/work/ex204_ex299_frontend_breakthrough_20260614_1051/ex247-breakthrough-r4/ex247/aigs/ex247_r4_low_xor_terms_abc_g_aig_frontend.aig,student/runs/float_fp8/ex204_ex299_frontend_breakthrough_20260614_1051/ex247-breakthrough-r4/ex247/logs/ex247_r4_low_xor_terms_abc_g_aig_frontend.evaluate.py.log,student/frontend_campaigns/campaigns/ex204_ex299_frontend_breakthrough_20260614_1051/agent_shards/ex247-breakthrough-r4/failed_hypotheses.csv,Tests explicit two-level terms instead of nested mux expressions.; synth_log=student/work/ex204_ex299_frontend_breakthrough_20260614_1051/ex247-breakthrough-r4/ex247/logs/ex247_r4_low_xor_terms_abc_g_aig_frontend.yosys.log,,,,,355,23,8165,,,,,,,,,,,,,,,,,,,,,,,,,,,,,,,,,,,
ex247-breakthrough-r4,float_fp8,ex247,ex247|E5M2FN packed low-over-high division|explicit low-step case with formula rows for step2 and step3|case preserves shared pat_xor pat_nonzero residual terms|abc_g_aig_frontend|official_evaluate|low_step_case_residual,small_residual_case,equivalent_but_nonwinning_vs_r3,359,23,8257,student/work/ex204_ex299_frontend_breakthrough_20260614_1051/ex247-breakthrough-r4/ex247/verilog/ex247_r4_low_step_case_abc_g_aig_frontend.v,student/work/ex204_ex299_frontend_breakthrough_20260614_1051/ex247-breakthrough-r4/ex247/aigs/ex247_r4_low_step_case_abc_g_aig_frontend.aig,student/runs/float_fp8/ex204_ex299_frontend_breakthrough_20260614_1051/ex247-breakthrough-r4/ex247/logs/ex247_r4_low_step_case_abc_g_aig_frontend.evaluate.py.log,student/frontend_campaigns/campaigns/ex204_ex299_frontend_breakthrough_20260614_1051/agent_shards/ex247-breakthrough-r4/failed_hypotheses.csv,A compact case/if form for low-underflow bits without a full-word mux.; synth_log=student/work/ex204_ex299_frontend_breakthrough_20260614_1051/ex247-breakthrough-r4/ex247/logs/ex247_r4_low_step_case_abc_g_aig_frontend.yosys.log,,,,,359,23,8257,,,,,,,,,,,,,,,,,,,,,,,,,,,,,,,,,,,
ex247-breakthrough-r4,float_fp8,ex247,ex247|E5M2FN packed low-over-high division|priority-if low residual preserving shared xor/or predicates|shared pat_xor pat_nonzero predicates and ordered step conditions|abc_g_aig_frontend|official_evaluate|low_if_residual,small_residual_case,equivalent_but_nonwinning_vs_r3,354,23,8142,student/work/ex204_ex299_frontend_breakthrough_20260614_1051/ex247-breakthrough-r4/ex247/verilog/ex247_r4_low_if_shared_abc_g_aig_frontend.v,student/work/ex204_ex299_frontend_breakthrough_20260614_1051/ex247-breakthrough-r4/ex247/aigs/ex247_r4_low_if_shared_abc_g_aig_frontend.aig,student/runs/float_fp8/ex204_ex299_frontend_breakthrough_20260614_1051/ex247-breakthrough-r4/ex247/logs/ex247_r4_low_if_shared_abc_g_aig_frontend.evaluate.py.log,student/frontend_campaigns/campaigns/ex204_ex299_frontend_breakthrough_20260614_1051/agent_shards/ex247-breakthrough-r4/failed_hypotheses.csv,Tests an explicit if form that avoids a full output selector.; synth_log=student/work/ex204_ex299_frontend_breakthrough_20260614_1051/ex247-breakthrough-r4/ex247/logs/ex247_r4_low_if_shared_abc_g_aig_frontend.yosys.log,,,,,354,23,8142,,,,,,,,,,,,,,,,,,,,,,,,,,,,,,,,,,,
ex247-breakthrough-r4,float_fp8,ex247,ex247|E5M2FN packed low-over-high division|low residual as and-or equations with named step high/low predicates|shared step_hi step_lo pat_xor pat_or terms|abc_g_aig_frontend|official_evaluate|low_and_or_shared,shared_predicate_rtl,equivalent_but_nonwinning_vs_r3,355,23,8165,student/work/ex204_ex299_frontend_breakthrough_20260614_1051/ex247-breakthrough-r4/ex247/verilog/ex247_r4_low_ao_shared_abc_g_aig_frontend.v,student/work/ex204_ex299_frontend_breakthrough_20260614_1051/ex247-breakthrough-r4/ex247/aigs/ex247_r4_low_ao_shared_abc_g_aig_frontend.aig,student/runs/float_fp8/ex204_ex299_frontend_breakthrough_20260614_1051/ex247-breakthrough-r4/ex247/logs/ex247_r4_low_ao_shared_abc_g_aig_frontend.evaluate.py.log,student/frontend_campaigns/campaigns/ex204_ex299_frontend_breakthrough_20260614_1051/agent_shards/ex247-breakthrough-r4/failed_hypotheses.csv,Tests a flat AO expression form for the same low residual.; synth_log=student/work/ex204_ex299_frontend_breakthrough_20260614_1051/ex247-breakthrough-r4/ex247/logs/ex247_r4_low_ao_shared_abc_g_aig_frontend.yosys.log,,,,,355,23,8165,,,,,,,,,,,,,,,,,,,,,,,,,,,,,,,,,,,
ex247-breakthrough-r4,float_fp8,ex247,ex247|E5M2FN packed low-over-high division|r3 factored low residual with redundant den-zero mag case removed|final special mux handles denominator zero while mag case keeps zero/sat/low/linear|abc_g_aig_frontend|official_evaluate|low_residual_overlay_mag_case,residual_overlay,equivalent_but_nonwinning_vs_r3,354,23,8142,student/work/ex204_ex299_frontend_breakthrough_20260614_1051/ex247-breakthrough-r4/ex247/verilog/ex247_r4_mag_no_den_case_abc_g_aig_frontend.v,student/work/ex204_ex299_frontend_breakthrough_20260614_1051/ex247-breakthrough-r4/ex247/aigs/ex247_r4_mag_no_den_case_abc_g_aig_frontend.aig,student/runs/float_fp8/ex204_ex299_frontend_breakthrough_20260614_1051/ex247-breakthrough-r4/ex247/logs/ex247_r4_mag_no_den_case_abc_g_aig_frontend.evaluate.py.log,student/frontend_campaigns/campaigns/ex204_ex299_frontend_breakthrough_20260614_1051/agent_shards/ex247-breakthrough-r4/failed_hypotheses.csv,Isolates the r2/r3 changed residual bits and removes redundant internal special case.; synth_log=student/work/ex204_ex299_frontend_breakthrough_20260614_1051/ex247-breakthrough-r4/ex247/logs/ex247_r4_mag_no_den_case_abc_g_aig_frontend.yosys.log,,,,,354,23,8142,,,,,,,,,,,,,,,,,,,,,,,,,,,,,,,,,,,
ex247-breakthrough-r4,float_fp8,ex247,ex247|E5M2FN packed low-over-high division|r3 factored low residual with explicit priority-if magnitude select|priority-if reuses zero/sat/low predicates without full-word muxing|abc_g_aig_frontend|official_evaluate|low_residual_if_mag,residual_overlay,equivalent_but_nonwinning_vs_r3,368,26,9568,student/work/ex204_ex299_frontend_breakthrough_20260614_1051/ex247-breakthrough-r4/ex247/verilog/ex247_r4_mag_if_priority_abc_g_aig_frontend.v,student/work/ex204_ex299_frontend_breakthrough_20260614_1051/ex247-breakthrough-r4/ex247/aigs/ex247_r4_mag_if_priority_abc_g_aig_frontend.aig,student/runs/float_fp8/ex204_ex299_frontend_breakthrough_20260614_1051/ex247-breakthrough-r4/ex247/logs/ex247_r4_mag_if_priority_abc_g_aig_frontend.evaluate.py.log,student/frontend_campaigns/campaigns/ex204_ex299_frontend_breakthrough_20260614_1051/agent_shards/ex247-breakthrough-r4/failed_hypotheses.csv,Tests explicit if form for magnitude selection while preserving low sharing.; synth_log=student/work/ex204_ex299_frontend_breakthrough_20260614_1051/ex247-breakthrough-r4/ex247/logs/ex247_r4_mag_if_priority_abc_g_aig_frontend.yosys.log,,,,,368,26,9568,,,,,,,,,,,,,,,,,,,,,,,,,,,,,,,,,,,
ex247-breakthrough-r4,float_fp8,ex247,ex247|E5M2FN packed low-over-high division|r3 low residual with direct invalid/den-zero/num-zero final priority|special shell is expressed as priority terms before shared core mag|abc_g_aig_frontend|official_evaluate|special_priority_shell,special_shell_refactor,equivalent_but_nonwinning_vs_r3,354,24,8496,student/work/ex204_ex299_frontend_breakthrough_20260614_1051/ex247-breakthrough-r4/ex247/verilog/ex247_r4_final_priority_abc_g_aig_frontend.v,student/work/ex204_ex299_frontend_breakthrough_20260614_1051/ex247-breakthrough-r4/ex247/aigs/ex247_r4_final_priority_abc_g_aig_frontend.aig,student/runs/float_fp8/ex204_ex299_frontend_breakthrough_20260614_1051/ex247-breakthrough-r4/ex247/logs/ex247_r4_final_priority_abc_g_aig_frontend.evaluate.py.log,student/frontend_campaigns/campaigns/ex204_ex299_frontend_breakthrough_20260614_1051/agent_shards/ex247-breakthrough-r4/failed_hypotheses.csv,Checks whether a smaller explicit special shell helps the factored-low source.; synth_log=student/work/ex204_ex299_frontend_breakthrough_20260614_1051/ex247-breakthrough-r4/ex247/logs/ex247_r4_final_priority_abc_g_aig_frontend.yosys.log,,,,,354,24,8496,,,,,,,,,,,,,,,,,,,,,,,,,,,,,,,,,,,
ex247-breakthrough-r4,float_fp8,ex247,ex247|E5M2FN packed low-over-high division|r3 factored low residual with active driven only by attr validity|final special mux handles zeros; region predicates avoid zero gates|abc_g_aig_frontend|official_evaluate|active_predicate_recut,special_shell_refactor,equivalent_but_nonwinning_vs_r3,354,23,8142,student/work/ex204_ex299_frontend_breakthrough_20260614_1051/ex247-breakthrough-r4/ex247/verilog/ex247_r4_active_valid_only_abc_g_aig_frontend.v,student/work/ex204_ex299_frontend_breakthrough_20260614_1051/ex247-breakthrough-r4/ex247/aigs/ex247_r4_active_valid_only_abc_g_aig_frontend.aig,student/runs/float_fp8/ex204_ex299_frontend_breakthrough_20260614_1051/ex247-breakthrough-r4/ex247/logs/ex247_r4_active_valid_only_abc_g_aig_frontend.evaluate.py.log,student/frontend_campaigns/campaigns/ex204_ex299_frontend_breakthrough_20260614_1051/agent_shards/ex247-breakthrough-r4/failed_hypotheses.csv,Tests if removing zero gates from the core region path helps.; synth_log=student/work/ex204_ex299_frontend_breakthrough_20260614_1051/ex247-breakthrough-r4/ex247/logs/ex247_r4_active_valid_only_abc_g_aig_frontend.yosys.log,,,,,354,23,8142,,,,,,,,,,,,,,,,,,,,,,,,,,,,,,,,,,,
ex247-breakthrough-r4,float_fp8,ex247,ex247|E5M2FN packed low-over-high division|xor-factored low residual plus 23-bit bound_attr table|shared xor/or low predicates and no attr valid bit|abc_g_aig_frontend|official_evaluate|xor_low_bound_attr_without_valid,bound_attr_recode,equivalent_but_nonwinning_vs_r3,355,24,8520,student/work/ex204_ex299_frontend_breakthrough_20260614_1051/ex247-breakthrough-r4/ex247/verilog/ex247_r4_xor_attr_no_valid_abc_g_aig_frontend.v,student/work/ex204_ex299_frontend_breakthrough_20260614_1051/ex247-breakthrough-r4/ex247/aigs/ex247_r4_xor_attr_no_valid_abc_g_aig_frontend.aig,student/runs/float_fp8/ex204_ex299_frontend_breakthrough_20260614_1051/ex247-breakthrough-r4/ex247/logs/ex247_r4_xor_attr_no_valid_abc_g_aig_frontend.evaluate.py.log,student/frontend_campaigns/campaigns/ex204_ex299_frontend_breakthrough_20260614_1051/agent_shards/ex247-breakthrough-r4/failed_hypotheses.csv,Combines smaller low residual equations with a smaller attr encoding.; synth_log=student/work/ex204_ex299_frontend_breakthrough_20260614_1051/ex247-breakthrough-r4/ex247/logs/ex247_r4_xor_attr_no_valid_abc_g_aig_frontend.yosys.log,,,,,355,24,8520,,,,,,,,,,,,,,,,,,,,,,,,,,,,,,,,,,,
ex247-breakthrough-r4,float_fp8,ex247,ex247|E5M2FN packed low-over-high division|xor-factored low residual with no denominator-zero magnitude case|shared xor/or low terms and compact zero/sat/low/linear mag case|abc_g_aig_frontend|official_evaluate|xor_low_no_den_mag_case,residual_overlay,equivalent_but_nonwinning_vs_r3,354,23,8142,student/work/ex204_ex299_frontend_breakthrough_20260614_1051/ex247-breakthrough-r4/ex247/verilog/ex247_r4_xor_no_den_priority_abc_g_aig_frontend.v,student/work/ex204_ex299_frontend_breakthrough_20260614_1051/ex247-breakthrough-r4/ex247/aigs/ex247_r4_xor_no_den_priority_abc_g_aig_frontend.aig,student/runs/float_fp8/ex204_ex299_frontend_breakthrough_20260614_1051/ex247-breakthrough-r4/ex247/logs/ex247_r4_xor_no_den_priority_abc_g_aig_frontend.evaluate.py.log,student/frontend_campaigns/campaigns/ex204_ex299_frontend_breakthrough_20260614_1051/agent_shards/ex247-breakthrough-r4/failed_hypotheses.csv,Combines the most compact low equations with the redundant-den-case removal.; synth_log=student/work/ex204_ex299_frontend_breakthrough_20260614_1051/ex247-breakthrough-r4/ex247/logs/ex247_r4_xor_no_den_priority_abc_g_aig_frontend.yosys.log,,,,,354,23,8142,,,,,,,,,,,,,,,,,,,,,,,,,,,,,,,,,,,
ex247-breakthrough-r4,float_fp8,ex247,ex247|E5M2FN packed low-over-high division|tiny residual overlay only on low magnitude bits|high magnitude bits reuse saturation/linear terms while low bits overlay residual predicates|abc_g_aig_frontend|official_evaluate|tiny_low_bit_overlay,residual_overlay,equivalent_but_nonwinning_vs_r3,355,24,8520,student/work/ex204_ex299_frontend_breakthrough_20260614_1051/ex247-breakthrough-r4/ex247/verilog/ex247_r4_low_overlay_bits_abc_g_aig_frontend.v,student/work/ex204_ex299_frontend_breakthrough_20260614_1051/ex247-breakthrough-r4/ex247/aigs/ex247_r4_low_overlay_bits_abc_g_aig_frontend.aig,student/runs/float_fp8/ex204_ex299_frontend_breakthrough_20260614_1051/ex247-breakthrough-r4/ex247/logs/ex247_r4_low_overlay_bits_abc_g_aig_frontend.evaluate.py.log,student/frontend_campaigns/campaigns/ex204_ex299_frontend_breakthrough_20260614_1051/agent_shards/ex247-breakthrough-r4/failed_hypotheses.csv,Isolates output bits changed by the low residual versus the base linear path.; synth_log=student/work/ex204_ex299_frontend_breakthrough_20260614_1051/ex247-breakthrough-r4/ex247/logs/ex247_r4_low_overlay_bits_abc_g_aig_frontend.yosys.log,,,,,355,24,8520,,,,,,,,,,,,,,,,,,,,,,,,,,,,,,,,,,,
ex247-breakthrough-r4,float_fp8,ex247,ex247|E5M2FN packed low-over-high division|tiny low-bit overlay with a single grouped linear enable|low residual predicates are overlaid only when low_region is selected|abc_g_aig_frontend|official_evaluate|tiny_low_bit_overlay,residual_overlay,equivalent_but_nonwinning_vs_r3,355,24,8520,student/work/ex204_ex299_frontend_breakthrough_20260614_1051/ex247-breakthrough-r4/ex247/verilog/ex247_r4_low_overlay_no_zero_abc_g_aig_frontend.v,student/work/ex204_ex299_frontend_breakthrough_20260614_1051/ex247-breakthrough-r4/ex247/aigs/ex247_r4_low_overlay_no_zero_abc_g_aig_frontend.aig,student/runs/float_fp8/ex204_ex299_frontend_breakthrough_20260614_1051/ex247-breakthrough-r4/ex247/logs/ex247_r4_low_overlay_no_zero_abc_g_aig_frontend.evaluate.py.log,student/frontend_campaigns/campaigns/ex204_ex299_frontend_breakthrough_20260614_1051/agent_shards/ex247-breakthrough-r4/failed_hypotheses.csv,Same overlay idea using one grouped inverse for the linear path.; synth_log=student/work/ex204_ex299_frontend_breakthrough_20260614_1051/ex247-breakthrough-r4/ex247/logs/ex247_r4_low_overlay_no_zero_abc_g_aig_frontend.yosys.log,,,,,355,24,8520,,,,,,,,,,,,,,,,,,,,,,,,,,,,,,,,,,,
ex247-breakthrough-r4,float_fp8,ex247,ex247|E5M2FN packed low-over-high division|mant/pat table with offset range recode|range-derived offset feeds existing low and region predicates|abc_g_aig_frontend|official_evaluate|mantpat_table_offset_range,bound_attr_recode,equivalent_but_nonwinning_vs_r3,277,30,8310,student/work/ex204_ex299_frontend_breakthrough_20260614_1051/ex247-breakthrough-r4/ex247/verilog/ex247_r4_mantpat_table_offset_range_abc_g_aig_frontend.v,student/work/ex204_ex299_frontend_breakthrough_20260614_1051/ex247-breakthrough-r4/ex247/aigs/ex247_r4_mantpat_table_offset_range_abc_g_aig_frontend.aig,student/runs/float_fp8/ex204_ex299_frontend_breakthrough_20260614_1051/ex247-breakthrough-r4/ex247/logs/ex247_r4_mantpat_table_offset_range_abc_g_aig_frontend.evaluate.py.log,student/frontend_campaigns/campaigns/ex204_ex299_frontend_breakthrough_20260614_1051/agent_shards/ex247-breakthrough-r4/failed_hypotheses.csv,Existing r4 artifact folded into the shard CSV from its official evaluate log.; synth_log=student/work/ex204_ex299_frontend_breakthrough_20260614_1051/ex247-breakthrough-r4/ex247/logs/ex247_r4_mantpat_table_offset_range_abc_g_aig_frontend.yosys.log,,,,,277,30,8310,,,,,,,,,,,,,,,,,,,,,,,,,,,,,,,,,,,
ex247-breakthrough-r4,float_fp8,ex247,ex247|E5M2FN packed low-over-high division|r3 factored-lowpred source replayed as alternate control|shared pat/step onehots and original compact region magnitude case|abc_g_aig_frontend|official_evaluate|r3_factored_lowpred_control,control_anchor,equivalent_but_nonwinning_vs_r3,354,23,8142,student/work/ex204_ex299_frontend_breakthrough_20260614_1051/ex247-breakthrough-r4/ex247/verilog/ex247_r4_r3_factored_control_abc_g_aig_frontend.v,student/work/ex204_ex299_frontend_breakthrough_20260614_1051/ex247-breakthrough-r4/ex247/aigs/ex247_r4_r3_factored_control_abc_g_aig_frontend.aig,student/runs/float_fp8/ex204_ex299_frontend_breakthrough_20260614_1051/ex247-breakthrough-r4/ex247/logs/ex247_r4_r3_factored_control_abc_g_aig_frontend.evaluate.py.log,student/frontend_campaigns/campaigns/ex204_ex299_frontend_breakthrough_20260614_1051/agent_shards/ex247-breakthrough-r4/failed_hypotheses.csv,Existing r4 artifact folded into the shard CSV from its official evaluate log.; synth_log=student/work/ex204_ex299_frontend_breakthrough_20260614_1051/ex247-breakthrough-r4/ex247/logs/ex247_r4_r3_factored_control_abc_g_aig_frontend.yosys.log,,,,,354,23,8142,,,,,,,,,,,,,,,,,,,,,,,,,,,,,,,,,,,
ex247-breakthrough-r4,float_fp8,ex247,ex247|E5M2FN packed low-over-high division|tail table with derived zero/saturation bounds|tail table feeds derived zero_hi and sat_lo arithmetic|abc_g_aig_frontend|official_evaluate|tail_table_derived_bounds,bound_attr_recode,equivalent_but_nonwinning_vs_r3,307,28,8596,student/work/ex204_ex299_frontend_breakthrough_20260614_1051/ex247-breakthrough-r4/ex247/verilog/ex247_r4_tail_table_derived_bounds_abc_g_aig_frontend.v,student/work/ex204_ex299_frontend_breakthrough_20260614_1051/ex247-breakthrough-r4/ex247/aigs/ex247_r4_tail_table_derived_bounds_abc_g_aig_frontend.aig,student/runs/float_fp8/ex204_ex299_frontend_breakthrough_20260614_1051/ex247-breakthrough-r4/ex247/logs/ex247_r4_tail_table_derived_bounds_abc_g_aig_frontend.evaluate.py.log,student/frontend_campaigns/campaigns/ex204_ex299_frontend_breakthrough_20260614_1051/agent_shards/ex247-breakthrough-r4/failed_hypotheses.csv,Existing r4 artifact folded into the shard CSV from its official evaluate log.; synth_log=student/work/ex204_ex299_frontend_breakthrough_20260614_1051/ex247-breakthrough-r4/ex247/logs/ex247_r4_tail_table_derived_bounds_abc_g_aig_frontend.yosys.log,,,,,307,28,8596,,,,,,,,,,,,,,,,,,,,,,,,,,,,,,,,,,,
ex247-breakthrough-r5,float_fp8,ex247,ex247|E5M2FN packed low-over-high division|tail-direct lowpred-min with split step and saturation predicates|separate step_nonpos step_small_pos and sat_hit wires feed zero/sat/low regions|abc_g_aig_frontend|official_evaluate|split_tail_predicates,tail_predicate_timing,equivalent_but_nonwinning_vs_r4,253,26,6578,student/work/ex204_ex299_frontend_breakthrough_20260614_1051/ex247-breakthrough-r5/ex247/verilog/ex247_r5_split_region_predicates_abc_g_aig_frontend.v,student/work/ex204_ex299_frontend_breakthrough_20260614_1051/ex247-breakthrough-r5/ex247/aigs/ex247_r5_split_region_predicates_abc_g_aig_frontend.aig,student/runs/float_fp8/ex204_ex299_frontend_breakthrough_20260614_1051/ex247-breakthrough-r5/ex247/logs/ex247_r5_split_region_predicates_abc_g_aig_frontend.evaluate.py.log,student/frontend_campaigns/campaigns/ex204_ex299_frontend_breakthrough_20260614_1051/agent_shards/ex247-breakthrough-r5/failed_hypotheses.csv,Targets the r4 26-level path by replacing signed <=3/>0 compares with narrower decoded step predicates.; r4_best=251/26/6526; synth_log=student/work/ex204_ex299_frontend_breakthrough_20260614_1051/ex247-breakthrough-r5/ex247/logs/ex247_r5_split_region_predicates_abc_g_aig_frontend.yosys.log,,,,,253,26,6578,,,,,,,,,,,,,,,,,,,,,,,,,,,,,,,,,,,
ex247-breakthrough-r5,float_fp8,ex247,ex247|E5M2FN packed low-over-high division|tail-direct lowpred-min with explicit pat/step one-hot predicates|one-hot pat and step predicates drive the three low residual output bits|abc_g_aig_frontend|official_evaluate|lowpred_onehot_terms,lowpred_predecode,equivalent_but_nonwinning_vs_r4,251,26,6526,student/work/ex204_ex299_frontend_breakthrough_20260614_1051/ex247-breakthrough-r5/ex247/verilog/ex247_r5_lowpred_onehot_terms_abc_g_aig_frontend.v,student/work/ex204_ex299_frontend_breakthrough_20260614_1051/ex247-breakthrough-r5/ex247/aigs/ex247_r5_lowpred_onehot_terms_abc_g_aig_frontend.aig,student/runs/float_fp8/ex204_ex299_frontend_breakthrough_20260614_1051/ex247-breakthrough-r5/ex247/logs/ex247_r5_lowpred_onehot_terms_abc_g_aig_frontend.evaluate.py.log,student/frontend_campaigns/campaigns/ex204_ex299_frontend_breakthrough_20260614_1051/agent_shards/ex247-breakthrough-r5/failed_hypotheses.csv,Predecodes lowpred and tail low-step rows to see whether ABC shortens the low residual cone.; r4_best=251/26/6526; synth_log=student/work/ex204_ex299_frontend_breakthrough_20260614_1051/ex247-breakthrough-r5/ex247/logs/ex247_r5_lowpred_onehot_terms_abc_g_aig_frontend.yosys.log,,,,,251,26,6526,,,,,,,,,,,,,,,,,,,,,,,,,,,,,,,,,,,
ex247-breakthrough-r5,float_fp8,ex247,"ex247|E5M2FN packed low-over-high division|tail table as one flat sigpair case function|single case over {sig_d,sig_n} emits offset/mant/pat without nested denominator case blocks|abc_g_aig_frontend|official_evaluate|flat_tail_function",tail_table_form,equivalent_but_nonwinning_vs_r4,273,30,8190,student/work/ex204_ex299_frontend_breakthrough_20260614_1051/ex247-breakthrough-r5/ex247/verilog/ex247_r5_flat_sigpair_tail_function_abc_g_aig_frontend.v,student/work/ex204_ex299_frontend_breakthrough_20260614_1051/ex247-breakthrough-r5/ex247/aigs/ex247_r5_flat_sigpair_tail_function_abc_g_aig_frontend.aig,student/runs/float_fp8/ex204_ex299_frontend_breakthrough_20260614_1051/ex247-breakthrough-r5/ex247/logs/ex247_r5_flat_sigpair_tail_function_abc_g_aig_frontend.evaluate.py.log,student/frontend_campaigns/campaigns/ex204_ex299_frontend_breakthrough_20260614_1051/agent_shards/ex247-breakthrough-r5/failed_hypotheses.csv,"Function form is preserved, but the nested table is flattened to influence sharing and decoder depth.; r4_best=251/26/6526; synth_log=student/work/ex204_ex299_frontend_breakthrough_20260614_1051/ex247-breakthrough-r5/ex247/logs/ex247_r5_flat_sigpair_tail_function_abc_g_aig_frontend.yosys.log",,,,,273,30,8190,,,,,,,,,,,,,,,,,,,,,,,,,,,,,,,,,,,
ex247-breakthrough-r5,float_fp8,ex247,ex247|E5M2FN packed low-over-high division|tail table inlined as a procedural sigpair case|attr_tail is a local reg assigned by one flat case instead of a Verilog function|abc_g_aig_frontend|official_evaluate|inline_tail_case,tail_table_form,equivalent_but_nonwinning_vs_r4,274,30,8220,student/work/ex204_ex299_frontend_breakthrough_20260614_1051/ex247-breakthrough-r5/ex247/verilog/ex247_r5_inline_sigpair_tail_case_abc_g_aig_frontend.v,student/work/ex204_ex299_frontend_breakthrough_20260614_1051/ex247-breakthrough-r5/ex247/aigs/ex247_r5_inline_sigpair_tail_case_abc_g_aig_frontend.aig,student/runs/float_fp8/ex204_ex299_frontend_breakthrough_20260614_1051/ex247-breakthrough-r5/ex247/logs/ex247_r5_inline_sigpair_tail_case_abc_g_aig_frontend.evaluate.py.log,student/frontend_campaigns/campaigns/ex204_ex299_frontend_breakthrough_20260614_1051/agent_shards/ex247-breakthrough-r5/failed_hypotheses.csv,Tests inline versus function elaboration for the same 49-row tail table.; r4_best=251/26/6526; synth_log=student/work/ex204_ex299_frontend_breakthrough_20260614_1051/ex247-breakthrough-r5/ex247/logs/ex247_r5_inline_sigpair_tail_case_abc_g_aig_frontend.yosys.log,,,,,274,30,8220,,,,,,,,,,,,,,,,,,,,,,,,,,,,,,,,,,,
ex247-breakthrough-r5,float_fp8,ex247,ex247|E5M2FN packed low-over-high division|tail table as one-hot decoded masked constants|predecoded sig_n/sig_d one-hots feed a direct OR of 9-bit table constants|abc_g_aig_frontend|official_evaluate|onehot_tail_assign,tail_table_form,equivalent_but_nonwinning_vs_r4,295,27,7965,student/work/ex204_ex299_frontend_breakthrough_20260614_1051/ex247-breakthrough-r5/ex247/verilog/ex247_r5_onehot_tail_assign_abc_g_aig_frontend.v,student/work/ex204_ex299_frontend_breakthrough_20260614_1051/ex247-breakthrough-r5/ex247/aigs/ex247_r5_onehot_tail_assign_abc_g_aig_frontend.aig,student/runs/float_fp8/ex204_ex299_frontend_breakthrough_20260614_1051/ex247-breakthrough-r5/ex247/logs/ex247_r5_onehot_tail_assign_abc_g_aig_frontend.evaluate.py.log,student/frontend_campaigns/campaigns/ex204_ex299_frontend_breakthrough_20260614_1051/agent_shards/ex247-breakthrough-r5/failed_hypotheses.csv,"Area may grow, but the form tests whether a shallower direct decoder can reduce the 26-delay path.; r4_best=251/26/6526; synth_log=student/work/ex204_ex299_frontend_breakthrough_20260614_1051/ex247-breakthrough-r5/ex247/logs/ex247_r5_onehot_tail_assign_abc_g_aig_frontend.yosys.log",,,,,295,27,7965,,,,,,,,,,,,,,,,,,,,,,,,,,,,,,,,,,,
ex247-breakthrough-r5,float_fp8,ex247,ex247|E5M2FN packed low-over-high division|tail-direct lowpred-min with grouped magnitude assign|zero/sat/low/linear region masks directly OR into the magnitude bus|abc_g_aig_frontend|official_evaluate|grouped_mag_assign,output_grouping,equivalent_but_nonwinning_vs_r4,251,26,6526,student/work/ex204_ex299_frontend_breakthrough_20260614_1051/ex247-breakthrough-r5/ex247/verilog/ex247_r5_grouped_mag_assign_abc_g_aig_frontend.v,student/work/ex204_ex299_frontend_breakthrough_20260614_1051/ex247-breakthrough-r5/ex247/aigs/ex247_r5_grouped_mag_assign_abc_g_aig_frontend.aig,student/runs/float_fp8/ex204_ex299_frontend_breakthrough_20260614_1051/ex247-breakthrough-r5/ex247/logs/ex247_r5_grouped_mag_assign_abc_g_aig_frontend.evaluate.py.log,student/frontend_campaigns/campaigns/ex204_ex299_frontend_breakthrough_20260614_1051/agent_shards/ex247-breakthrough-r5/failed_hypotheses.csv,Keeps the 251-area tail structure and only changes selected output grouping after region predicates.; r4_best=251/26/6526; synth_log=student/work/ex204_ex299_frontend_breakthrough_20260614_1051/ex247-breakthrough-r5/ex247/logs/ex247_r5_grouped_mag_assign_abc_g_aig_frontend.yosys.log,,,,,251,26,6526,,,,,,,,,,,,,,,,,,,,,,,,,,,,,,,,,,,
ex247-breakthrough-r5,float_fp8,ex247,"ex247|E5M2FN packed low-over-high division|tail-direct lowpred-min with high/low magnitude group selects|high magnitude bits share sat/linear, low bits select sat/low/linear separately|abc_g_aig_frontend|official_evaluate|highlow_mag_grouping",output_grouping,equivalent_but_nonwinning_vs_r4,251,26,6526,student/work/ex204_ex299_frontend_breakthrough_20260614_1051/ex247-breakthrough-r5/ex247/verilog/ex247_r5_highlow_mag_grouping_abc_g_aig_frontend.v,student/work/ex204_ex299_frontend_breakthrough_20260614_1051/ex247-breakthrough-r5/ex247/aigs/ex247_r5_highlow_mag_grouping_abc_g_aig_frontend.aig,student/runs/float_fp8/ex204_ex299_frontend_breakthrough_20260614_1051/ex247-breakthrough-r5/ex247/logs/ex247_r5_highlow_mag_grouping_abc_g_aig_frontend.evaluate.py.log,student/frontend_campaigns/campaigns/ex204_ex299_frontend_breakthrough_20260614_1051/agent_shards/ex247-breakthrough-r5/failed_hypotheses.csv,Separates high exponent-like outputs from low residual bits to look for a shorter grouped cone.; r4_best=251/26/6526; synth_log=student/work/ex204_ex299_frontend_breakthrough_20260614_1051/ex247-breakthrough-r5/ex247/logs/ex247_r5_highlow_mag_grouping_abc_g_aig_frontend.yosys.log,,,,,251,26,6526,,,,,,,,,,,,,,,,,,,,,,,,,,,,,,,,,,,
ex247-breakthrough-r5,float_fp8,ex247,ex247|E5M2FN packed low-over-high division|tail-direct lowpred-min with small residual overlay only on low tail bits|linear/saturation high bits are independent while low bits overlay low_b2/low_b1/low_b0|abc_g_aig_frontend|official_evaluate|tail_low_residual_overlay,residual_overlay,equivalent_but_nonwinning_vs_r4,256,27,6912,student/work/ex204_ex299_frontend_breakthrough_20260614_1051/ex247-breakthrough-r5/ex247/verilog/ex247_r5_tail_residual_overlay_abc_g_aig_frontend.v,student/work/ex204_ex299_frontend_breakthrough_20260614_1051/ex247-breakthrough-r5/ex247/aigs/ex247_r5_tail_residual_overlay_abc_g_aig_frontend.aig,student/runs/float_fp8/ex204_ex299_frontend_breakthrough_20260614_1051/ex247-breakthrough-r5/ex247/logs/ex247_r5_tail_residual_overlay_abc_g_aig_frontend.evaluate.py.log,student/frontend_campaigns/campaigns/ex204_ex299_frontend_breakthrough_20260614_1051/agent_shards/ex247-breakthrough-r5/failed_hypotheses.csv,"Applies the small residual overlay only to the tail-direct region, without full-word replacement.; r4_best=251/26/6526; synth_log=student/work/ex204_ex299_frontend_breakthrough_20260614_1051/ex247-breakthrough-r5/ex247/logs/ex247_r5_tail_residual_overlay_abc_g_aig_frontend.yosys.log",,,,,256,27,6912,,,,,,,,,,,,,,,,,,,,,,,,,,,,,,,,,,,
ex247-breakthrough-r5,float_fp8,ex247,ex247|E5M2FN packed low-over-high division|flat tail table plus split region predicates and low-step row mux|flat sigpair table feeds narrower split predicates and row-selected low residual|abc_g_aig_frontend|official_evaluate|flat_split_lowmux,combined_tail_lowpred,equivalent_but_nonwinning_vs_r4,273,28,7644,student/work/ex204_ex299_frontend_breakthrough_20260614_1051/ex247-breakthrough-r5/ex247/verilog/ex247_r5_flat_split_lowmux_abc_g_aig_frontend.v,student/work/ex204_ex299_frontend_breakthrough_20260614_1051/ex247-breakthrough-r5/ex247/aigs/ex247_r5_flat_split_lowmux_abc_g_aig_frontend.aig,student/runs/float_fp8/ex204_ex299_frontend_breakthrough_20260614_1051/ex247-breakthrough-r5/ex247/logs/ex247_r5_flat_split_lowmux_abc_g_aig_frontend.evaluate.py.log,student/frontend_campaigns/campaigns/ex204_ex299_frontend_breakthrough_20260614_1051/agent_shards/ex247-breakthrough-r5/failed_hypotheses.csv,Combines the most timing-oriented recuts without changing the mathematical tail decomposition.; r4_best=251/26/6526; synth_log=student/work/ex204_ex299_frontend_breakthrough_20260614_1051/ex247-breakthrough-r5/ex247/logs/ex247_r5_flat_split_lowmux_abc_g_aig_frontend.yosys.log,,,,,273,28,7644,,,,,,,,,,,,,,,,,,,,,,,,,,,,,,,,,,,
ex247-breakthrough-r5,float_fp8,ex247,"ex247|E5M2FN packed low-over-high division|inline tail case plus low residual case and high/low output grouping|source-level case forms are used for both attr_tail and low residual, with grouped output bits|abc_g_aig_frontend|official_evaluate|inline_case_highlow",combined_tail_output,equivalent_but_nonwinning_vs_r4,273,29,7917,student/work/ex204_ex299_frontend_breakthrough_20260614_1051/ex247-breakthrough-r5/ex247/verilog/ex247_r5_inline_highlow_lowcase_abc_g_aig_frontend.v,student/work/ex204_ex299_frontend_breakthrough_20260614_1051/ex247-breakthrough-r5/ex247/aigs/ex247_r5_inline_highlow_lowcase_abc_g_aig_frontend.aig,student/runs/float_fp8/ex204_ex299_frontend_breakthrough_20260614_1051/ex247-breakthrough-r5/ex247/logs/ex247_r5_inline_highlow_lowcase_abc_g_aig_frontend.evaluate.py.log,student/frontend_campaigns/campaigns/ex204_ex299_frontend_breakthrough_20260614_1051/agent_shards/ex247-breakthrough-r5/failed_hypotheses.csv,Tests function/task/assign sensitivity and selected output grouping in one source form.; r4_best=251/26/6526; synth_log=student/work/ex204_ex299_frontend_breakthrough_20260614_1051/ex247-breakthrough-r5/ex247/logs/ex247_r5_inline_highlow_lowcase_abc_g_aig_frontend.yosys.log,,,,,273,29,7917,,,,,,,,,,,,,,,,,,,,,,,,,,,,,,,,,,,
ex247-breakthrough-r5,float_fp8,ex247,ex247|E5M2FN packed low-over-high division|one-hot tail table with split predicates and low-bit residual overlay|one-hot sigpair decode feeds split region predicates; only low output bits carry residual overlay|abc_g_aig_frontend|official_evaluate|onehot_split_overlay,combined_onehot_overlay,equivalent_but_nonwinning_vs_r4,321,28,8988,student/work/ex204_ex299_frontend_breakthrough_20260614_1051/ex247-breakthrough-r5/ex247/verilog/ex247_r5_onehot_split_overlay_abc_g_aig_frontend.v,student/work/ex204_ex299_frontend_breakthrough_20260614_1051/ex247-breakthrough-r5/ex247/aigs/ex247_r5_onehot_split_overlay_abc_g_aig_frontend.aig,student/runs/float_fp8/ex204_ex299_frontend_breakthrough_20260614_1051/ex247-breakthrough-r5/ex247/logs/ex247_r5_onehot_split_overlay_abc_g_aig_frontend.evaluate.py.log,student/frontend_campaigns/campaigns/ex204_ex299_frontend_breakthrough_20260614_1051/agent_shards/ex247-breakthrough-r5/failed_hypotheses.csv,"Aggressive timing-oriented form; expected area risk, but materially different from r4 nested function.; r4_best=251/26/6526; synth_log=student/work/ex204_ex299_frontend_breakthrough_20260614_1051/ex247-breakthrough-r5/ex247/logs/ex247_r5_onehot_split_overlay_abc_g_aig_frontend.yosys.log",,,,,321,28,8988,,,,,,,,,,,,,,,,,,,,,,,,,,,,,,,,,,,
ex247-breakthrough-r6,float_fp8,ex247,ex247|E5M2FN packed low-over-high division|tail-direct r5 source with low residual truth case keyed by pattern before step|preserves r5 nested tail table while changing only the four-bit low residual case variable order|abc_g_aig_frontend|official_evaluate|patstep_low_truth_case,low_residual_truth_encoding,equivalent_but_not_below_r5_target,256,26,6656,student/work/ex204_ex299_frontend_breakthrough_20260614_1051/ex247-breakthrough-r6/ex247/verilog/ex247_r6_lowcase_patstep_order_abc_g_aig_frontend.v,student/work/ex204_ex299_frontend_breakthrough_20260614_1051/ex247-breakthrough-r6/ex247/aigs/ex247_r6_lowcase_patstep_order_abc_g_aig_frontend.aig,student/runs/float_fp8/ex204_ex299_frontend_breakthrough_20260614_1051/ex247-breakthrough-r6/ex247/logs/ex247_r6_lowcase_patstep_order_abc_g_aig_frontend.evaluate.py.log,student/frontend_campaigns/campaigns/ex204_ex299_frontend_breakthrough_20260614_1051/agent_shards/ex247-breakthrough-r6/failed_hypotheses.csv,Tests the r5 promising low residual truth-case with a different key ordering.; r5_best=249/26/6474; synth_log=student/work/ex204_ex299_frontend_breakthrough_20260614_1051/ex247-breakthrough-r6/ex247/logs/ex247_r6_lowcase_patstep_order_abc_g_aig_frontend.yosys.log,,,,,256,26,6656,,,,,,,,,,,,,,,,,,,,,,,,,,,,,,,,,,,
ex247-breakthrough-r6,float_fp8,ex247,ex247|E5M2FN packed low-over-high division|tail-direct r5 source with grouped casez rows for low residual|groups step0 step1 and step3 high-pattern rows while retaining the same tail table|abc_g_aig_frontend|official_evaluate|grouped_casez_low_truth,low_residual_truth_encoding,equivalent_but_not_below_r5_target,250,26,6500,student/work/ex204_ex299_frontend_breakthrough_20260614_1051/ex247-breakthrough-r6/ex247/verilog/ex247_r6_lowcase_grouped_casez_abc_g_aig_frontend.v,student/work/ex204_ex299_frontend_breakthrough_20260614_1051/ex247-breakthrough-r6/ex247/aigs/ex247_r6_lowcase_grouped_casez_abc_g_aig_frontend.aig,student/runs/float_fp8/ex204_ex299_frontend_breakthrough_20260614_1051/ex247-breakthrough-r6/ex247/logs/ex247_r6_lowcase_grouped_casez_abc_g_aig_frontend.evaluate.py.log,student/frontend_campaigns/campaigns/ex204_ex299_frontend_breakthrough_20260614_1051/agent_shards/ex247-breakthrough-r6/failed_hypotheses.csv,Tests don't-care style grouping inside only the low residual truth table.; r5_best=249/26/6474; synth_log=student/work/ex204_ex299_frontend_breakthrough_20260614_1051/ex247-breakthrough-r6/ex247/logs/ex247_r6_lowcase_grouped_casez_abc_g_aig_frontend.yosys.log,,,,,250,26,6500,,,,,,,,,,,,,,,,,,,,,,,,,,,,,,,,,,,
ex247-breakthrough-r6,float_fp8,ex247,ex247|E5M2FN packed low-over-high division|tail-direct r5 source with low residual split into shared xor and nonzero predicates|pat_xor pat_zero pat_nonzero and low_step predicates directly drive the three low output bits|abc_g_aig_frontend|official_evaluate|low_predicate_bit_equations,low_residual_predicate_split,equivalent_but_not_below_r5_target,255,26,6630,student/work/ex204_ex299_frontend_breakthrough_20260614_1051/ex247-breakthrough-r6/ex247/verilog/ex247_r6_lowpred_xor_factored_abc_g_aig_frontend.v,student/work/ex204_ex299_frontend_breakthrough_20260614_1051/ex247-breakthrough-r6/ex247/aigs/ex247_r6_lowpred_xor_factored_abc_g_aig_frontend.aig,student/runs/float_fp8/ex204_ex299_frontend_breakthrough_20260614_1051/ex247-breakthrough-r6/ex247/logs/ex247_r6_lowpred_xor_factored_abc_g_aig_frontend.evaluate.py.log,student/frontend_campaigns/campaigns/ex204_ex299_frontend_breakthrough_20260614_1051/agent_shards/ex247-breakthrough-r6/failed_hypotheses.csv,Splits the low residual into shared predicates plus final bit equations.; r5_best=249/26/6474; synth_log=student/work/ex204_ex299_frontend_breakthrough_20260614_1051/ex247-breakthrough-r6/ex247/logs/ex247_r6_lowpred_xor_factored_abc_g_aig_frontend.yosys.log,,,,,255,26,6630,,,,,,,,,,,,,,,,,,,,,,,,,,,,,,,,,,,
ex247-breakthrough-r6,float_fp8,ex247,ex247|E5M2FN packed low-over-high division|tail-direct r5 source with indexed root vectors for low residual bits|three 16-bit root vectors share a reordered key over pat and low_step|abc_g_aig_frontend|official_evaluate|low_bit_root_vectors,low_residual_truth_encoding,equivalent_but_not_below_r5_target,255,26,6630,student/work/ex204_ex299_frontend_breakthrough_20260614_1051/ex247-breakthrough-r6/ex247/verilog/ex247_r6_lowpred_index_lut_abc_g_aig_frontend.v,student/work/ex204_ex299_frontend_breakthrough_20260614_1051/ex247-breakthrough-r6/ex247/aigs/ex247_r6_lowpred_index_lut_abc_g_aig_frontend.aig,student/runs/float_fp8/ex204_ex299_frontend_breakthrough_20260614_1051/ex247-breakthrough-r6/ex247/logs/ex247_r6_lowpred_index_lut_abc_g_aig_frontend.evaluate.py.log,student/frontend_campaigns/campaigns/ex204_ex299_frontend_breakthrough_20260614_1051/agent_shards/ex247-breakthrough-r6/failed_hypotheses.csv,Encodes the same compact residual as bit-root vectors with a different key order.; r5_best=249/26/6474; synth_log=student/work/ex204_ex299_frontend_breakthrough_20260614_1051/ex247-breakthrough-r6/ex247/logs/ex247_r6_lowpred_index_lut_abc_g_aig_frontend.yosys.log,,,,,255,26,6630,,,,,,,,,,,,,,,,,,,,,,,,,,,,,,,,,,,
ex247-breakthrough-r6,float_fp8,ex247,ex247|E5M2FN packed low-over-high division|r5 low residual with output grouping targeted only at magnitude bits one and zero|upper magnitude bits remain in the compact region case while mag1 and mag0 use direct low/linear gates|abc_g_aig_frontend|official_evaluate|low12_only_output_grouping,targeted_output_grouping,equivalent_but_not_below_r5_target,250,26,6500,student/work/ex204_ex299_frontend_breakthrough_20260614_1051/ex247-breakthrough-r6/ex247/verilog/ex247_r6_low12_grouped_mag_abc_g_aig_frontend.v,student/work/ex204_ex299_frontend_breakthrough_20260614_1051/ex247-breakthrough-r6/ex247/aigs/ex247_r6_low12_grouped_mag_abc_g_aig_frontend.aig,student/runs/float_fp8/ex204_ex299_frontend_breakthrough_20260614_1051/ex247-breakthrough-r6/ex247/logs/ex247_r6_low12_grouped_mag_abc_g_aig_frontend.evaluate.py.log,student/frontend_campaigns/campaigns/ex204_ex299_frontend_breakthrough_20260614_1051/agent_shards/ex247-breakthrough-r6/failed_hypotheses.csv,Targets only the two low output bits instead of repeating full high/low grouping.; r5_best=249/26/6474; synth_log=student/work/ex204_ex299_frontend_breakthrough_20260614_1051/ex247-breakthrough-r6/ex247/logs/ex247_r6_low12_grouped_mag_abc_g_aig_frontend.yosys.log,,,,,250,26,6500,,,,,,,,,,,,,,,,,,,,,,,,,,,,,,,,,,,
ex247-breakthrough-r6,float_fp8,ex247,ex247|E5M2FN packed low-over-high division|same grouped low residual casez source synthesized with Yosys abc -g AND|new Verilog source is regenerated and only the internal frontend ABC gate choice changes|abc_g_and_frontend|official_evaluate|grouped_casez_low_truth,cheap_frontend_flow_variant,equivalent_but_not_below_r5_target,258,26,6708,student/work/ex204_ex299_frontend_breakthrough_20260614_1051/ex247-breakthrough-r6/ex247/verilog/ex247_r6_grouped_casez_abc_and_abc_g_and_frontend.v,student/work/ex204_ex299_frontend_breakthrough_20260614_1051/ex247-breakthrough-r6/ex247/aigs/ex247_r6_grouped_casez_abc_and_abc_g_and_frontend.aig,student/runs/float_fp8/ex204_ex299_frontend_breakthrough_20260614_1051/ex247-breakthrough-r6/ex247/logs/ex247_r6_grouped_casez_abc_and_abc_g_and_frontend.evaluate.py.log,student/frontend_campaigns/campaigns/ex204_ex299_frontend_breakthrough_20260614_1051/agent_shards/ex247-breakthrough-r6/failed_hypotheses.csv,Cheap frontend-flow variant from new r6 Verilog only; no existing-AIG remap.; r5_best=249/26/6474; synth_log=student/work/ex204_ex299_frontend_breakthrough_20260614_1051/ex247-breakthrough-r6/ex247/logs/ex247_r6_grouped_casez_abc_and_abc_g_and_frontend.yosys.log,,,,,258,26,6708,,,,,,,,,,,,,,,,,,,,,,,,,,,,,,,,,,,
fp8-tail-transfer-r1,float_fp8,ex241,ex241|E4M3FN packed multiply high byte times low byte|same product-tail attributes with selected low tail bits overlaid on normal/saturation predicates|high bits share saturation and normal exponent; low tail nibble is overlaid only in the underflow/tiny-normal region|abc_g_aig_frontend|official_evaluate|tail_low_nibble_overlay,selected_residual_overlay,equivalent_but_nonwinning_vs_snapshot,562,39,21918,student/work/ex204_ex299_frontend_breakthrough_20260614_1051/fp8-tail-transfer-r1/ex241/verilog/ex241_tail_product_low_overlay_abc_g_aig_frontend.v,student/work/ex204_ex299_frontend_breakthrough_20260614_1051/fp8-tail-transfer-r1/ex241/aigs/ex241_tail_product_low_overlay_abc_g_aig_frontend.aig,student/runs/float_fp8/ex204_ex299_frontend_breakthrough_20260614_1051/fp8-tail-transfer-r1/ex241/logs/ex241_tail_product_low_overlay_abc_g_aig_frontend.evaluate.py.log,student/frontend_campaigns/campaigns/ex204_ex299_frontend_breakthrough_20260614_1051/agent_shards/fp8-tail-transfer-r1/failed_hypotheses.csv,Selected residual overlay for the product tail rather than a full output mux.; synth_log=student/work/ex204_ex299_frontend_breakthrough_20260614_1051/fp8-tail-transfer-r1/ex241/logs/ex241_tail_product_low_overlay_abc_g_aig_frontend.yosys.log,,,,,562,39,21918,,,,,,,,,,,,,,,,,,,,,,,,,,,,,,,,,,,
fp8-tail-transfer-r1,float_fp8,ex241,"ex241|E4M3FN packed multiply high byte times low byte|product attribute tail table with direct zero/tail/normal/saturation regions|product-tail attributes store zero bound, saturation bound, normal mantissa, and only five direct tail steps|abc_g_aig_frontend|official_evaluate|product_tail_direct_region",tail_direct_predicate_region,equivalent_but_nonwinning_vs_snapshot,569,41,23329,student/work/ex204_ex299_frontend_breakthrough_20260614_1051/fp8-tail-transfer-r1/ex241/verilog/ex241_tail_product_attr_direct_abc_g_aig_frontend.v,student/work/ex204_ex299_frontend_breakthrough_20260614_1051/fp8-tail-transfer-r1/ex241/aigs/ex241_tail_product_attr_direct_abc_g_aig_frontend.aig,student/runs/float_fp8/ex204_ex299_frontend_breakthrough_20260614_1051/fp8-tail-transfer-r1/ex241/logs/ex241_tail_product_attr_direct_abc_g_aig_frontend.evaluate.py.log,student/frontend_campaigns/campaigns/ex204_ex299_frontend_breakthrough_20260614_1051/agent_shards/fp8-tail-transfer-r1/failed_hypotheses.csv,Tests ex247-style tail-only attributes on the E4M3 product table.; synth_log=student/work/ex204_ex299_frontend_breakthrough_20260614_1051/fp8-tail-transfer-r1/ex241/logs/ex241_tail_product_attr_direct_abc_g_aig_frontend.yosys.log,,,,,569,41,23329,,,,,,,,,,,,,,,,,,,,,,,,,,,,,,,,,,,
fp8-tail-transfer-r1,float_fp8,ex244,ex244|E4M3FN packed hypot abs high low|selected three-bit delta residual overlay with explicit carry propagation into high magnitude bits|delta bits are overlaid on maxc low bits while high bits reuse only carry and saturation predicates|abc_g_aig_frontend|official_evaluate|delta_lowbit_carry_overlay,selected_residual_overlay,equivalent_but_nonwinning_vs_snapshot,314,38,11932,student/work/ex204_ex299_frontend_breakthrough_20260614_1051/fp8-tail-transfer-r1/ex244/verilog/ex244_delta_carry_overlay_abc_g_aig_frontend.v,student/work/ex204_ex299_frontend_breakthrough_20260614_1051/fp8-tail-transfer-r1/ex244/aigs/ex244_delta_carry_overlay_abc_g_aig_frontend.aig,student/runs/float_fp8/ex204_ex299_frontend_breakthrough_20260614_1051/fp8-tail-transfer-r1/ex244/logs/ex244_delta_carry_overlay_abc_g_aig_frontend.evaluate.py.log,student/frontend_campaigns/campaigns/ex204_ex299_frontend_breakthrough_20260614_1051/agent_shards/fp8-tail-transfer-r1/failed_hypotheses.csv,Avoids an 8-bit raw add in source by exposing the selected residual carry chain.; synth_log=student/work/ex204_ex299_frontend_breakthrough_20260614_1051/fp8-tail-transfer-r1/ex244/logs/ex244_delta_carry_overlay_abc_g_aig_frontend.yosys.log,,,,,314,38,11932,,,,,,,,,,,,,,,,,,,,,,,,,,,,,,,,,,,
fp8-tail-transfer-r1,float_fp8,ex244,ex244|E4M3FN packed hypot abs high low|active small-gap delta bits with direct saturation predicate and bypassed normal max region|max/min decode and max-eff delta BDD feed direct small-gap/saturation predicates|abc_g_aig_frontend|official_evaluate|small_gap_tail_direct_region,tail_direct_predicate_region,equivalent_but_nonwinning_vs_snapshot,313,37,11581,student/work/ex204_ex299_frontend_breakthrough_20260614_1051/fp8-tail-transfer-r1/ex244/verilog/ex244_tail_delta_pred_region_abc_g_aig_frontend.v,student/work/ex204_ex299_frontend_breakthrough_20260614_1051/fp8-tail-transfer-r1/ex244/aigs/ex244_tail_delta_pred_region_abc_g_aig_frontend.aig,student/runs/float_fp8/ex204_ex299_frontend_breakthrough_20260614_1051/fp8-tail-transfer-r1/ex244/logs/ex244_tail_delta_pred_region_abc_g_aig_frontend.evaluate.py.log,student/frontend_campaigns/campaigns/ex204_ex299_frontend_breakthrough_20260614_1051/agent_shards/fp8-tail-transfer-r1/failed_hypotheses.csv,Moves the active correction tail into explicit predicates and keeps normal gap>=3 as max passthrough.; synth_log=student/work/ex204_ex299_frontend_breakthrough_20260614_1051/fp8-tail-transfer-r1/ex244/logs/ex244_tail_delta_pred_region_abc_g_aig_frontend.yosys.log,,,,,313,37,11581,,,,,,,,,,,,,,,,,,,,,,,,,,,,,,,,,,,
fp8-tail-transfer-r1,float_fp8,ex246,ex246|E5M2FN packed multiply high byte times low byte|same seed12 product-tail attributes with low residual bits overlaid only in the underflow/tiny-normal region|high magnitude bits share normal exponent/saturation; three low tail bits are selected residuals|abc_g_aig_frontend|official_evaluate|tail_low_bits_overlay,selected_residual_overlay,equivalent_but_nonwinning_vs_snapshot,372,31,11532,student/work/ex204_ex299_frontend_breakthrough_20260614_1051/fp8-tail-transfer-r1/ex246/verilog/ex246_tail_product_low_overlay_abc_g_aig_frontend.v,student/work/ex204_ex299_frontend_breakthrough_20260614_1051/fp8-tail-transfer-r1/ex246/aigs/ex246_tail_product_low_overlay_abc_g_aig_frontend.aig,student/runs/float_fp8/ex204_ex299_frontend_breakthrough_20260614_1051/fp8-tail-transfer-r1/ex246/logs/ex246_tail_product_low_overlay_abc_g_aig_frontend.evaluate.py.log,student/frontend_campaigns/campaigns/ex204_ex299_frontend_breakthrough_20260614_1051/agent_shards/fp8-tail-transfer-r1/failed_hypotheses.csv,Selected residual overlay for the E5M2 product tail instead of full product_mag selection.; synth_log=student/work/ex204_ex299_frontend_breakthrough_20260614_1051/fp8-tail-transfer-r1/ex246/logs/ex246_tail_product_low_overlay_abc_g_aig_frontend.yosys.log,,,,,372,31,11532,,,,,,,,,,,,,,,,,,,,,,,,,,,,,,,,,,,
fp8-tail-transfer-r1,float_fp8,ex246,ex246|E5M2FN packed multiply high byte times low byte|seed12 product-class table recut into direct zero/tail/normal/saturation attributes|product-tail attributes preserve seed12 unreachable completions while storing only four direct tail steps|abc_g_aig_frontend|official_evaluate|product_tail_direct_region,tail_direct_predicate_region,equivalent_but_nonwinning_vs_snapshot,371,31,11501,student/work/ex204_ex299_frontend_breakthrough_20260614_1051/fp8-tail-transfer-r1/ex246/verilog/ex246_tail_product_attr_direct_abc_g_aig_frontend.v,student/work/ex204_ex299_frontend_breakthrough_20260614_1051/fp8-tail-transfer-r1/ex246/aigs/ex246_tail_product_attr_direct_abc_g_aig_frontend.aig,student/runs/float_fp8/ex204_ex299_frontend_breakthrough_20260614_1051/fp8-tail-transfer-r1/ex246/logs/ex246_tail_product_attr_direct_abc_g_aig_frontend.evaluate.py.log,student/frontend_campaigns/campaigns/ex204_ex299_frontend_breakthrough_20260614_1051/agent_shards/fp8-tail-transfer-r1/failed_hypotheses.csv,Tests whether the ex247 tail-direct table shape transfers to the E5M2 product-class seed.; synth_log=student/work/ex204_ex299_frontend_breakthrough_20260614_1051/fp8-tail-transfer-r1/ex246/logs/ex246_tail_product_attr_direct_abc_g_aig_frontend.yosys.log,,,,,371,31,11501,,,,,,,,,,,,,,,,,,,,,,,,,,,,,,,,,,,
fp8-tail-transfer-r1,float_fp8,ex249,ex249|E5M2FN packed hypot abs high low|selected delta residual overlay with explicit carry into high magnitude bits|delta table remains as residual source while output bits avoid a full max-plus-delta expression|abc_g_aig_frontend|official_evaluate|delta_lowbit_carry_overlay,selected_residual_overlay,equivalent_but_nonwinning_vs_snapshot,177,30,5310,student/work/ex204_ex299_frontend_breakthrough_20260614_1051/fp8-tail-transfer-r1/ex249/verilog/ex249_delta_carry_overlay_abc_g_aig_frontend.v,student/work/ex204_ex299_frontend_breakthrough_20260614_1051/fp8-tail-transfer-r1/ex249/aigs/ex249_delta_carry_overlay_abc_g_aig_frontend.aig,student/runs/float_fp8/ex204_ex299_frontend_breakthrough_20260614_1051/fp8-tail-transfer-r1/ex249/logs/ex249_delta_carry_overlay_abc_g_aig_frontend.evaluate.py.log,student/frontend_campaigns/campaigns/ex204_ex299_frontend_breakthrough_20260614_1051/agent_shards/fp8-tail-transfer-r1/failed_hypotheses.csv,Tests selected residual overlay on the current raw-exp threshold source.; synth_log=student/work/ex204_ex299_frontend_breakthrough_20260614_1051/fp8-tail-transfer-r1/ex249/logs/ex249_delta_carry_overlay_abc_g_aig_frontend.yosys.log,,,,,177,30,5310,,,,,,,,,,,,,,,,,,,,,,,,,,,,,,,,,,,
fp8-tail-transfer-r1,float_fp8,ex249,ex249|E5M2FN packed hypot abs high low|raw-exp active-gap tail as direct delta-is-one/two predicates plus saturation region|max/min decode shares active-gap predicates; normal gap bypass is max passthrough|abc_g_aig_frontend|official_evaluate|active_gap_tail_direct_region,tail_direct_predicate_region,equivalent_but_nonwinning_vs_snapshot,172,28,4816,student/work/ex204_ex299_frontend_breakthrough_20260614_1051/fp8-tail-transfer-r1/ex249/verilog/ex249_tail_delta_pred_region_abc_g_aig_frontend.v,student/work/ex204_ex299_frontend_breakthrough_20260614_1051/fp8-tail-transfer-r1/ex249/aigs/ex249_tail_delta_pred_region_abc_g_aig_frontend.aig,student/runs/float_fp8/ex204_ex299_frontend_breakthrough_20260614_1051/fp8-tail-transfer-r1/ex249/logs/ex249_tail_delta_pred_region_abc_g_aig_frontend.evaluate.py.log,student/frontend_campaigns/campaigns/ex204_ex299_frontend_breakthrough_20260614_1051/agent_shards/fp8-tail-transfer-r1/failed_hypotheses.csv,Splits the tiny delta table into direct predicate regions for delta 1 and delta 2.; synth_log=student/work/ex204_ex299_frontend_breakthrough_20260614_1051/fp8-tail-transfer-r1/ex249/logs/ex249_tail_delta_pred_region_abc_g_aig_frontend.yosys.log,,,,,172,28,4816,,,,,,,,,,,,,,,,,,,,,,,,,,,,,,,,,,,
fp8-source-r7,float_fp8,ex244,ex244|fp8_source_r7|satbit_regroup|split_saturation_terms_and_bitwise_nan_payload|abc_g_aig_frontend|official_evaluate,non_tail_selected_residual_replacement,equivalent_but_not_below_target,312,35,10920,student/work/ex204_ex299_frontend_breakthrough_20260614_1051/fp8-source-r7/ex244/verilog/ex244_r7_satbit_regroup.v,student/work/ex204_ex299_frontend_breakthrough_20260614_1051/fp8-source-r7/ex244/aigs/ex244_r7_satbit_regroup_abc_g_aig_frontend.aig,student/runs/float_fp8/ex204_ex299_frontend_breakthrough_20260614_1051/fp8-source-r7/ex244/logs/ex244_r7_satbit_regroup_abc_g_aig_frontend.evaluate.py.log,student/frontend_campaigns/campaigns/ex204_ex299_frontend_breakthrough_20260614_1051/agent_shards/fp8-source-r7/failed_hypotheses.csv,official evaluate.py OK; yosys_log=student/runs/float_fp8/ex204_ex299_frontend_breakthrough_20260614_1051/fp8-source-r7/ex244/logs/ex244_r7_satbit_regroup_abc_g_aig_frontend.yosys.log,,,,,312,35,10920,,,,,student/runs/float_fp8/ex204_ex299_frontend_breakthrough_20260614_1051/fp8-source-r7/ex244/logs/ex244_r7_satbit_regroup_abc_g_aig_frontend.evaluate.py.log,,,,,,,,,,,,,,,,,,,,,,,,,,,,,,
fp8-source-r7,float_fp8,ex244,ex244|fp8_source_r7|current_sat_boundary|current_bdd_with_explicit_inc_saturation_boundary|synth_preset_aig|official_evaluate,current_source_boundary_variant,equivalent_but_not_below_target,310,34,10540,student/work/ex204_ex299_frontend_breakthrough_20260614_1051/fp8-source-r7/ex244/verilog/ex244_r7_current_sat_boundary.v,student/work/ex204_ex299_frontend_breakthrough_20260614_1051/fp8-source-r7/ex244/aigs/ex244_r7_current_sat_boundary_synth_preset_aig.aig,student/runs/float_fp8/ex204_ex299_frontend_breakthrough_20260614_1051/fp8-source-r7/ex244/logs/ex244_r7_current_sat_boundary_synth_preset_aig.evaluate.py.log,student/frontend_campaigns/campaigns/ex204_ex299_frontend_breakthrough_20260614_1051/agent_shards/fp8-source-r7/failed_hypotheses.csv,official evaluate.py OK; yosys_log=student/runs/float_fp8/ex204_ex299_frontend_breakthrough_20260614_1051/fp8-source-r7/ex244/logs/ex244_r7_current_sat_boundary_synth_preset_aig.yosys.log,,,,,310,34,10540,,,,,student/runs/float_fp8/ex204_ex299_frontend_breakthrough_20260614_1051/fp8-source-r7/ex244/logs/ex244_r7_current_sat_boundary_synth_preset_aig.evaluate.py.log,,,,,,,,,,,,,,,,,,,,,,,,,,,,,,
fp8-source-r7,float_fp8,ex244,ex244|fp8_source_r7|threshold_contrast|small_residual_threshold_formula|synth_preset_aig|official_evaluate,normal_residual_table_replacement,equivalent_but_not_below_target,307,38,11666,student/work/ex204_ex299_frontend_breakthrough_20260614_1051/fp8-source-r7/ex244/verilog/ex244_r7_threshold_contrast.v,student/work/ex204_ex299_frontend_breakthrough_20260614_1051/fp8-source-r7/ex244/aigs/ex244_r7_threshold_contrast_synth_preset_aig.aig,student/runs/float_fp8/ex204_ex299_frontend_breakthrough_20260614_1051/fp8-source-r7/ex244/logs/ex244_r7_threshold_contrast_synth_preset_aig.evaluate.py.log,student/frontend_campaigns/campaigns/ex204_ex299_frontend_breakthrough_20260614_1051/agent_shards/fp8-source-r7/failed_hypotheses.csv,official evaluate.py OK; yosys_log=student/runs/float_fp8/ex204_ex299_frontend_breakthrough_20260614_1051/fp8-source-r7/ex244/logs/ex244_r7_threshold_contrast_synth_preset_aig.yosys.log,,,,,307,38,11666,,,,,student/runs/float_fp8/ex204_ex299_frontend_breakthrough_20260614_1051/fp8-source-r7/ex244/logs/ex244_r7_threshold_contrast_synth_preset_aig.evaluate.py.log,,,,,,,,,,,,,,,,,,,,,,,,,,,,,,
fp8-source-r7,float_fp8,ex246,ex246|fp8_source_r7|product_bitout|product_class_with_output_bit_boundary|synth_preset_aig|official_evaluate,current_source_boundary_variant,equivalent_but_not_below_target,343,24,8232,student/work/ex204_ex299_frontend_breakthrough_20260614_1051/fp8-source-r7/ex246/verilog/ex246_r7_product_bitout.v,student/work/ex204_ex299_frontend_breakthrough_20260614_1051/fp8-source-r7/ex246/aigs/ex246_r7_product_bitout_synth_preset_aig.aig,student/runs/float_fp8/ex204_ex299_frontend_breakthrough_20260614_1051/fp8-source-r7/ex246/logs/ex246_r7_product_bitout_synth_preset_aig.evaluate.py.log,student/frontend_campaigns/campaigns/ex204_ex299_frontend_breakthrough_20260614_1051/agent_shards/fp8-source-r7/failed_hypotheses.csv,official evaluate.py OK; yosys_log=student/runs/float_fp8/ex204_ex299_frontend_breakthrough_20260614_1051/fp8-source-r7/ex246/logs/ex246_r7_product_bitout_synth_preset_aig.yosys.log,,,,,343,24,8232,,,,,student/runs/float_fp8/ex204_ex299_frontend_breakthrough_20260614_1051/fp8-source-r7/ex246/logs/ex246_r7_product_bitout_synth_preset_aig.evaluate.py.log,,,,,,,,,,,,,,,,,,,,,,,,,,,,,,
fp8-source-r7,float_fp8,ex246,ex246|fp8_source_r7|product_bitout|product_class_with_output_bit_boundary|repo_default_abc_g_AND|official_evaluate,current_source_boundary_variant,equivalent_but_not_below_target,356,24,8544,student/work/ex204_ex299_frontend_breakthrough_20260614_1051/fp8-source-r7/ex246/verilog/ex246_r7_product_bitout.v,student/work/ex204_ex299_frontend_breakthrough_20260614_1051/fp8-source-r7/ex246/aigs/ex246_r7_product_bitout_repo_default_abc_g_AND.aig,student/runs/float_fp8/ex204_ex299_frontend_breakthrough_20260614_1051/fp8-source-r7/ex246/logs/ex246_r7_product_bitout_repo_default_abc_g_AND.evaluate.py.log,student/frontend_campaigns/campaigns/ex204_ex299_frontend_breakthrough_20260614_1051/agent_shards/fp8-source-r7/failed_hypotheses.csv,official evaluate.py OK; yosys_log=student/runs/float_fp8/ex204_ex299_frontend_breakthrough_20260614_1051/fp8-source-r7/ex246/logs/ex246_r7_product_bitout_repo_default_abc_g_AND.yosys.log,,,,,356,24,8544,,,,,student/runs/float_fp8/ex204_ex299_frontend_breakthrough_20260614_1051/fp8-source-r7/ex246/logs/ex246_r7_product_bitout_repo_default_abc_g_AND.evaluate.py.log,,,,,,,,,,,,,,,,,,,,,,,,,,,,,,
fp8-source-r7,float_fp8,ex246,ex246|fp8_source_r7|zero_shell|explicit_zero_operand_shell_around_product_class|synth_preset_aig|official_evaluate,explicit_special_zero_shell,equivalent_but_not_below_target,347,23,7981,student/work/ex204_ex299_frontend_breakthrough_20260614_1051/fp8-source-r7/ex246/verilog/ex246_r7_zero_shell.v,student/work/ex204_ex299_frontend_breakthrough_20260614_1051/fp8-source-r7/ex246/aigs/ex246_r7_zero_shell_synth_preset_aig.aig,student/runs/float_fp8/ex204_ex299_frontend_breakthrough_20260614_1051/fp8-source-r7/ex246/logs/ex246_r7_zero_shell_synth_preset_aig.evaluate.py.log,student/frontend_campaigns/campaigns/ex204_ex299_frontend_breakthrough_20260614_1051/agent_shards/fp8-source-r7/failed_hypotheses.csv,official evaluate.py OK; yosys_log=student/runs/float_fp8/ex204_ex299_frontend_breakthrough_20260614_1051/fp8-source-r7/ex246/logs/ex246_r7_zero_shell_synth_preset_aig.yosys.log,,,,,347,23,7981,,,,,student/runs/float_fp8/ex204_ex299_frontend_breakthrough_20260614_1051/fp8-source-r7/ex246/logs/ex246_r7_zero_shell_synth_preset_aig.evaluate.py.log,,,,,,,,,,,,,,,,,,,,,,,,,,,,,,
fp8-source-r7,float_fp8,ex246,ex246|fp8_source_r7|sigprodcode_bitout|sigpair_product_code_with_output_boundary|synth_preset_aig|official_evaluate,product_code_residual_replacement,equivalent_but_not_below_target,383,21,8043,student/work/ex204_ex299_frontend_breakthrough_20260614_1051/fp8-source-r7/ex246/verilog/ex246_r7_sigprodcode_bitout.v,student/work/ex204_ex299_frontend_breakthrough_20260614_1051/fp8-source-r7/ex246/aigs/ex246_r7_sigprodcode_bitout_synth_preset_aig.aig,student/runs/float_fp8/ex204_ex299_frontend_breakthrough_20260614_1051/fp8-source-r7/ex246/logs/ex246_r7_sigprodcode_bitout_synth_preset_aig.evaluate.py.log,student/frontend_campaigns/campaigns/ex204_ex299_frontend_breakthrough_20260614_1051/agent_shards/fp8-source-r7/failed_hypotheses.csv,official evaluate.py OK; yosys_log=student/runs/float_fp8/ex204_ex299_frontend_breakthrough_20260614_1051/fp8-source-r7/ex246/logs/ex246_r7_sigprodcode_bitout_synth_preset_aig.yosys.log,,,,,383,21,8043,,,,,student/runs/float_fp8/ex204_ex299_frontend_breakthrough_20260614_1051/fp8-source-r7/ex246/logs/ex246_r7_sigprodcode_bitout_synth_preset_aig.evaluate.py.log,,,,,,,,,,,,,,,,,,,,,,,,,,,,,,
fp8-source-r7,float_fp8,ex249,ex249|fp8_source_r7|bitout_boundary|rawexp_threshold_with_payload_bit_boundary|synth_preset_aig|official_evaluate,current_source_boundary_variant,equivalent_but_not_below_target,180,26,4680,student/work/ex204_ex299_frontend_breakthrough_20260614_1051/fp8-source-r7/ex249/verilog/ex249_r7_bitout_boundary.v,student/work/ex204_ex299_frontend_breakthrough_20260614_1051/fp8-source-r7/ex249/aigs/ex249_r7_bitout_boundary_synth_preset_aig.aig,student/runs/float_fp8/ex204_ex299_frontend_breakthrough_20260614_1051/fp8-source-r7/ex249/logs/ex249_r7_bitout_boundary_synth_preset_aig.evaluate.py.log,student/frontend_campaigns/campaigns/ex204_ex299_frontend_breakthrough_20260614_1051/agent_shards/fp8-source-r7/failed_hypotheses.csv,official evaluate.py OK; yosys_log=student/runs/float_fp8/ex204_ex299_frontend_breakthrough_20260614_1051/fp8-source-r7/ex249/logs/ex249_r7_bitout_boundary_synth_preset_aig.yosys.log,,,,,180,26,4680,,,,,student/runs/float_fp8/ex204_ex299_frontend_breakthrough_20260614_1051/fp8-source-r7/ex249/logs/ex249_r7_bitout_boundary_synth_preset_aig.evaluate.py.log,,,,,,,,,,,,,,,,,,,,,,,,,,,,,,
fp8-source-r7,float_fp8,ex249,ex249|fp8_source_r7|bitout_boundary|rawexp_threshold_with_payload_bit_boundary|repo_default_abc_g_AND|official_evaluate,current_source_boundary_variant,equivalent_but_not_below_target,198,28,5544,student/work/ex204_ex299_frontend_breakthrough_20260614_1051/fp8-source-r7/ex249/verilog/ex249_r7_bitout_boundary.v,student/work/ex204_ex299_frontend_breakthrough_20260614_1051/fp8-source-r7/ex249/aigs/ex249_r7_bitout_boundary_repo_default_abc_g_AND.aig,student/runs/float_fp8/ex204_ex299_frontend_breakthrough_20260614_1051/fp8-source-r7/ex249/logs/ex249_r7_bitout_boundary_repo_default_abc_g_AND.evaluate.py.log,student/frontend_campaigns/campaigns/ex204_ex299_frontend_breakthrough_20260614_1051/agent_shards/fp8-source-r7/failed_hypotheses.csv,official evaluate.py OK; yosys_log=student/runs/float_fp8/ex204_ex299_frontend_breakthrough_20260614_1051/fp8-source-r7/ex249/logs/ex249_r7_bitout_boundary_repo_default_abc_g_AND.yosys.log,,,,,198,28,5544,,,,,student/runs/float_fp8/ex204_ex299_frontend_breakthrough_20260614_1051/fp8-source-r7/ex249/logs/ex249_r7_bitout_boundary_repo_default_abc_g_AND.evaluate.py.log,,,,,,,,,,,,,,,,,,,,,,,,,,,,,,
fp8-source-r7,float_fp8,ex249,ex249|fp8_source_r7|bitout_boundary|rawexp_threshold_with_payload_bit_boundary|abc_g_aig_frontend|official_evaluate,current_source_boundary_variant,equivalent_but_not_below_target,171,28,4788,student/work/ex204_ex299_frontend_breakthrough_20260614_1051/fp8-source-r7/ex249/verilog/ex249_r7_bitout_boundary.v,student/work/ex204_ex299_frontend_breakthrough_20260614_1051/fp8-source-r7/ex249/aigs/ex249_r7_bitout_boundary_abc_g_aig_frontend.aig,student/runs/float_fp8/ex204_ex299_frontend_breakthrough_20260614_1051/fp8-source-r7/ex249/logs/ex249_r7_bitout_boundary_abc_g_aig_frontend.evaluate.py.log,student/frontend_campaigns/campaigns/ex204_ex299_frontend_breakthrough_20260614_1051/agent_shards/fp8-source-r7/failed_hypotheses.csv,official evaluate.py OK; yosys_log=student/runs/float_fp8/ex204_ex299_frontend_breakthrough_20260614_1051/fp8-source-r7/ex249/logs/ex249_r7_bitout_boundary_abc_g_aig_frontend.yosys.log,,,,,171,28,4788,,,,,student/runs/float_fp8/ex204_ex299_frontend_breakthrough_20260614_1051/fp8-source-r7/ex249/logs/ex249_r7_bitout_boundary_abc_g_aig_frontend.evaluate.py.log,,,,,,,,,,,,,,,,,,,,,,,,,,,,,,
fp8-source-r7,float_fp8,ex249,ex249|fp8_source_r7|satfirst_mux|rawexp_threshold_with_inc1_inc2_muxed_sum|synth_preset_aig|official_evaluate,special_saturation_shared_predicate,equivalent_but_not_below_target,182,29,5278,student/work/ex204_ex299_frontend_breakthrough_20260614_1051/fp8-source-r7/ex249/verilog/ex249_r7_satfirst_mux.v,student/work/ex204_ex299_frontend_breakthrough_20260614_1051/fp8-source-r7/ex249/aigs/ex249_r7_satfirst_mux_synth_preset_aig.aig,student/runs/float_fp8/ex204_ex299_frontend_breakthrough_20260614_1051/fp8-source-r7/ex249/logs/ex249_r7_satfirst_mux_synth_preset_aig.evaluate.py.log,student/frontend_campaigns/campaigns/ex204_ex299_frontend_breakthrough_20260614_1051/agent_shards/fp8-source-r7/failed_hypotheses.csv,official evaluate.py OK; yosys_log=student/runs/float_fp8/ex204_ex299_frontend_breakthrough_20260614_1051/fp8-source-r7/ex249/logs/ex249_r7_satfirst_mux_synth_preset_aig.yosys.log,,,,,182,29,5278,,,,,student/runs/float_fp8/ex204_ex299_frontend_breakthrough_20260614_1051/fp8-source-r7/ex249/logs/ex249_r7_satfirst_mux_synth_preset_aig.evaluate.py.log,,,,,,,,,,,,,,,,,,,,,,,,,,,,,,
fp8-source-r7,float_fp8,ex249,ex249|fp8_source_r7|fieldcmp_effgap_contrast|field_compare_effgap_saturation_factored|synth_preset_aig|official_evaluate,explicit_special_saturation_shell,equivalent_but_not_below_target,173,28,4844,student/work/ex204_ex299_frontend_breakthrough_20260614_1051/fp8-source-r7/ex249/verilog/ex249_r7_fieldcmp_effgap_contrast.v,student/work/ex204_ex299_frontend_breakthrough_20260614_1051/fp8-source-r7/ex249/aigs/ex249_r7_fieldcmp_effgap_contrast_synth_preset_aig.aig,student/runs/float_fp8/ex204_ex299_frontend_breakthrough_20260614_1051/fp8-source-r7/ex249/logs/ex249_r7_fieldcmp_effgap_contrast_synth_preset_aig.evaluate.py.log,student/frontend_campaigns/campaigns/ex204_ex299_frontend_breakthrough_20260614_1051/agent_shards/fp8-source-r7/failed_hypotheses.csv,official evaluate.py OK; yosys_log=student/runs/float_fp8/ex204_ex299_frontend_breakthrough_20260614_1051/fp8-source-r7/ex249/logs/ex249_r7_fieldcmp_effgap_contrast_synth_preset_aig.yosys.log,,,,,173,28,4844,,,,,student/runs/float_fp8/ex204_ex299_frontend_breakthrough_20260614_1051/fp8-source-r7/ex249/logs/ex249_r7_fieldcmp_effgap_contrast_synth_preset_aig.evaluate.py.log,,,,,,,,,,,,,,,,,,,,,,,,,,,,,,
fp8-source-r7,float_fp8,ex249,ex249|fp8_source_r7|manual_sat_increment|rawexp_threshold_manual_limited_adder|synth_preset_aig|official_evaluate,current_source_boundary_variant,equivalent_but_not_below_target,180,28,5040,student/work/ex204_ex299_frontend_breakthrough_20260614_1051/fp8-source-r7/ex249/verilog/ex249_r7_manual_sat_increment.v,student/work/ex204_ex299_frontend_breakthrough_20260614_1051/fp8-source-r7/ex249/aigs/ex249_r7_manual_sat_increment_synth_preset_aig.aig,student/runs/float_fp8/ex204_ex299_frontend_breakthrough_20260614_1051/fp8-source-r7/ex249/logs/ex249_r7_manual_sat_increment_synth_preset_aig.evaluate.py.log,student/frontend_campaigns/campaigns/ex204_ex299_frontend_breakthrough_20260614_1051/agent_shards/fp8-source-r7/failed_hypotheses.csv,official evaluate.py OK; yosys_log=student/runs/float_fp8/ex204_ex299_frontend_breakthrough_20260614_1051/fp8-source-r7/ex249/logs/ex249_r7_manual_sat_increment_synth_preset_aig.yosys.log,,,,,180,28,5040,,,,,student/runs/float_fp8/ex204_ex299_frontend_breakthrough_20260614_1051/fp8-source-r7/ex249/logs/ex249_r7_manual_sat_increment_synth_preset_aig.evaluate.py.log,,,,,,,,,,,,,,,,,,,,,,,,,,,,,,
integer-square-r5,integer,ex270,ex270|unsigned_square_x_times_x|replace_only_the_top_two_carry-select_outputs_with_exact_square_range-threshold_predicates|existing_triangular_square_source_with_range_threshold_recut|abc_g_aig|abc_xf_official_evaluate|frontend_only_no_backend,truth-guided selected-output correction,nonwinning_adp,192,17,3264,student/work/ex204_ex299_frontend_breakthrough_20260614_1051/integer-square-r5/ex270/verilog/ex270_r5_top2_threshold_recut.v,student/work/ex204_ex299_frontend_breakthrough_20260614_1051/integer-square-r5/ex270/aigs/ex270_r5_top2_threshold_recut_abc_g_aig.aig,student/runs/integer/ex204_ex299_frontend_breakthrough_20260614_1051/integer-square-r5/ex270/official_eval/ex270_r5_top2_threshold_recut_abc_g_aig/ex270_r5_top2_threshold_recut_abc_g_aig.evaluate.py.log,student/frontend_campaigns/campaigns/ex204_ex299_frontend_breakthrough_20260614_1051/agent_shards/integer-square-r5/failed_hypotheses.csv,did not beat frontend target 3230,,,,,192,17,3264,,,,,,,,,,,,,,,,,,,,,,,,,,,,,,,,,,,
integer-square-r5,integer,ex270,ex270|unsigned_square_x_times_x|replace_only_the_top_two_carry-select_outputs_with_exact_square_range-threshold_predicates|existing_triangular_square_source_with_range_threshold_recut|synth_preset_aig|abc_xf_official_evaluate|frontend_only_no_backend,truth-guided selected-output correction,nonwinning_adp,195,17,3315,student/work/ex204_ex299_frontend_breakthrough_20260614_1051/integer-square-r5/ex270/verilog/ex270_r5_top2_threshold_recut.v,student/work/ex204_ex299_frontend_breakthrough_20260614_1051/integer-square-r5/ex270/aigs/ex270_r5_top2_threshold_recut_synth_preset_aig.aig,student/runs/integer/ex204_ex299_frontend_breakthrough_20260614_1051/integer-square-r5/ex270/official_eval/ex270_r5_top2_threshold_recut_synth_preset_aig/ex270_r5_top2_threshold_recut_synth_preset_aig.evaluate.py.log,student/frontend_campaigns/campaigns/ex204_ex299_frontend_breakthrough_20260614_1051/agent_shards/integer-square-r5/failed_hypotheses.csv,did not beat frontend target 3230,,,,,195,17,3315,,,,,,,,,,,,,,,,,,,,,,,,,,,,,,,,,,,
integer-square-r5,integer,ex270,ex270|unsigned_square_x_times_x|replace_only_the_top_two_carry-select_outputs_with_exact_square_range-threshold_predicates|existing_triangular_square_source_with_range_threshold_recut|abc_g_aig_d32|abc_xf_official_evaluate|frontend_only_no_backend,truth-guided selected-output correction,nonwinning_adp,192,17,3264,student/work/ex204_ex299_frontend_breakthrough_20260614_1051/integer-square-r5/ex270/verilog/ex270_r5_top2_threshold_recut.v,student/work/ex204_ex299_frontend_breakthrough_20260614_1051/integer-square-r5/ex270/aigs/ex270_r5_top2_threshold_recut_abc_g_aig_d32.aig,student/runs/integer/ex204_ex299_frontend_breakthrough_20260614_1051/integer-square-r5/ex270/official_eval/ex270_r5_top2_threshold_recut_abc_g_aig_d32/ex270_r5_top2_threshold_recut_abc_g_aig_d32.evaluate.py.log,student/frontend_campaigns/campaigns/ex204_ex299_frontend_breakthrough_20260614_1051/agent_shards/integer-square-r5/failed_hypotheses.csv,did not beat frontend target 3230,,,,,192,17,3264,,,,,,,,,,,,,,,,,,,,,,,,,,,,,,,,,,,
integer-square-r5,integer,ex270,ex270|unsigned_square_x_times_x|replace_only_the_top_two_carry-select_outputs_with_exact_square_range-threshold_predicates|existing_triangular_square_source_with_range_threshold_recut|abc_g_aig_d40|abc_xf_official_evaluate|frontend_only_no_backend,truth-guided selected-output correction,nonwinning_adp,192,17,3264,student/work/ex204_ex299_frontend_breakthrough_20260614_1051/integer-square-r5/ex270/verilog/ex270_r5_top2_threshold_recut.v,student/work/ex204_ex299_frontend_breakthrough_20260614_1051/integer-square-r5/ex270/aigs/ex270_r5_top2_threshold_recut_abc_g_aig_d40.aig,student/runs/integer/ex204_ex299_frontend_breakthrough_20260614_1051/integer-square-r5/ex270/official_eval/ex270_r5_top2_threshold_recut_abc_g_aig_d40/ex270_r5_top2_threshold_recut_abc_g_aig_d40.evaluate.py.log,student/frontend_campaigns/campaigns/ex204_ex299_frontend_breakthrough_20260614_1051/agent_shards/integer-square-r5/failed_hypotheses.csv,did not beat frontend target 3230,,,,,192,17,3264,,,,,,,,,,,,,,,,,,,,,,,,,,,,,,,,,,,
integer-square-r5,integer,ex270,ex270|unsigned_square_x_times_x|replace_only_the_top_two_carry-select_outputs_with_exact_square_range-threshold_predicates|existing_triangular_square_source_with_range_threshold_recut|synth_preset_aig_d32|abc_xf_official_evaluate|frontend_only_no_backend,truth-guided selected-output correction,nonwinning_adp,195,17,3315,student/work/ex204_ex299_frontend_breakthrough_20260614_1051/integer-square-r5/ex270/verilog/ex270_r5_top2_threshold_recut.v,student/work/ex204_ex299_frontend_breakthrough_20260614_1051/integer-square-r5/ex270/aigs/ex270_r5_top2_threshold_recut_synth_preset_aig_d32.aig,student/runs/integer/ex204_ex299_frontend_breakthrough_20260614_1051/integer-square-r5/ex270/official_eval/ex270_r5_top2_threshold_recut_synth_preset_aig_d32/ex270_r5_top2_threshold_recut_synth_preset_aig_d32.evaluate.py.log,student/frontend_campaigns/campaigns/ex204_ex299_frontend_breakthrough_20260614_1051/agent_shards/integer-square-r5/failed_hypotheses.csv,did not beat frontend target 3230,,,,,195,17,3315,,,,,,,,,,,,,,,,,,,,,,,,,,,,,,,,,,,
integer-square-r5,integer,ex270,ex270|unsigned_square_x_times_x|replace_only_the_top_two_carry-select_outputs_with_exact_square_range-threshold_predicates|existing_triangular_square_source_with_range_threshold_recut|synth_preset_aig_d40|abc_xf_official_evaluate|frontend_only_no_backend,truth-guided selected-output correction,nonwinning_adp,195,17,3315,student/work/ex204_ex299_frontend_breakthrough_20260614_1051/integer-square-r5/ex270/verilog/ex270_r5_top2_threshold_recut.v,student/work/ex204_ex299_frontend_breakthrough_20260614_1051/integer-square-r5/ex270/aigs/ex270_r5_top2_threshold_recut_synth_preset_aig_d40.aig,student/runs/integer/ex204_ex299_frontend_breakthrough_20260614_1051/integer-square-r5/ex270/official_eval/ex270_r5_top2_threshold_recut_synth_preset_aig_d40/ex270_r5_top2_threshold_recut_synth_preset_aig_d40.evaluate.py.log,student/frontend_campaigns/campaigns/ex204_ex299_frontend_breakthrough_20260614_1051/agent_shards/integer-square-r5/failed_hypotheses.csv,did not beat frontend target 3230,,,,,195,17,3315,,,,,,,,,,,,,,,,,,,,,,,,,,,,,,,,,,,
integer-square-r5,integer,ex270,ex270|unsigned_square_x_times_x|replace_top_four_outputs_with_exact_square_range-threshold_predicates|existing_triangular_square_source_with_range_threshold_recut|synth_preset_aig|abc_xf_official_evaluate|frontend_only_no_backend,source-level decision graph for high output bits,nonwinning_adp,210,18,3780,student/work/ex204_ex299_frontend_breakthrough_20260614_1051/integer-square-r5/ex270/verilog/ex270_r5_top4_threshold_recut.v,student/work/ex204_ex299_frontend_breakthrough_20260614_1051/integer-square-r5/ex270/aigs/ex270_r5_top4_threshold_recut_synth_preset_aig.aig,student/runs/integer/ex204_ex299_frontend_breakthrough_20260614_1051/integer-square-r5/ex270/official_eval/ex270_r5_top4_threshold_recut_synth_preset_aig/ex270_r5_top4_threshold_recut_synth_preset_aig.evaluate.py.log,student/frontend_campaigns/campaigns/ex204_ex299_frontend_breakthrough_20260614_1051/agent_shards/integer-square-r5/failed_hypotheses.csv,did not beat frontend target 3230,,,,,210,18,3780,,,,,,,,,,,,,,,,,,,,,,,,,,,,,,,,,,,
integer-square-r5,integer,ex270,ex270|unsigned_square_x_times_x|replace_top_four_outputs_with_exact_square_range-threshold_predicates|existing_triangular_square_source_with_range_threshold_recut|synth_preset_aig_d32|abc_xf_official_evaluate|frontend_only_no_backend,source-level decision graph for high output bits,nonwinning_adp,210,18,3780,student/work/ex204_ex299_frontend_breakthrough_20260614_1051/integer-square-r5/ex270/verilog/ex270_r5_top4_threshold_recut.v,student/work/ex204_ex299_frontend_breakthrough_20260614_1051/integer-square-r5/ex270/aigs/ex270_r5_top4_threshold_recut_synth_preset_aig_d32.aig,student/runs/integer/ex204_ex299_frontend_breakthrough_20260614_1051/integer-square-r5/ex270/official_eval/ex270_r5_top4_threshold_recut_synth_preset_aig_d32/ex270_r5_top4_threshold_recut_synth_preset_aig_d32.evaluate.py.log,student/frontend_campaigns/campaigns/ex204_ex299_frontend_breakthrough_20260614_1051/agent_shards/integer-square-r5/failed_hypotheses.csv,did not beat frontend target 3230,,,,,210,18,3780,,,,,,,,,,,,,,,,,,,,,,,,,,,,,,,,,,,
integer-square-r5,integer,ex270,ex270|unsigned_square_x_times_x|replace_top_four_outputs_with_exact_square_range-threshold_predicates|existing_triangular_square_source_with_range_threshold_recut|synth_preset_aig_d40|abc_xf_official_evaluate|frontend_only_no_backend,source-level decision graph for high output bits,nonwinning_adp,210,18,3780,student/work/ex204_ex299_frontend_breakthrough_20260614_1051/integer-square-r5/ex270/verilog/ex270_r5_top4_threshold_recut.v,student/work/ex204_ex299_frontend_breakthrough_20260614_1051/integer-square-r5/ex270/aigs/ex270_r5_top4_threshold_recut_synth_preset_aig_d40.aig,student/runs/integer/ex204_ex299_frontend_breakthrough_20260614_1051/integer-square-r5/ex270/official_eval/ex270_r5_top4_threshold_recut_synth_preset_aig_d40/ex270_r5_top4_threshold_recut_synth_preset_aig_d40.evaluate.py.log,student/frontend_campaigns/campaigns/ex204_ex299_frontend_breakthrough_20260614_1051/agent_shards/integer-square-r5/failed_hypotheses.csv,did not beat frontend target 3230,,,,,210,18,3780,,,,,,,,,,,,,,,,,,,,,,,,,,,,,,,,,,,
integer-square-r5,integer,ex273,ex273|unsigned_square_x_times_x|keep_proven_top4_BDD_bits_and_recut_the_arithmetic_boundary_bit_23_as_a_threshold_predicate|existing_triangular_square_source_with_range_threshold_recut|abc_g_aig|abc_xf_official_evaluate|frontend_only_no_backend,truth-guided selected-output correction,nonwinning_adp,940,34,31960,student/work/ex204_ex299_frontend_breakthrough_20260614_1051/integer-square-r5/ex273/verilog/ex273_r5_boundary23_threshold_top4bdd.v,student/work/ex204_ex299_frontend_breakthrough_20260614_1051/integer-square-r5/ex273/aigs/ex273_r5_boundary23_threshold_top4bdd_abc_g_aig.aig,student/runs/integer/ex204_ex299_frontend_breakthrough_20260614_1051/integer-square-r5/ex273/official_eval/ex273_r5_boundary23_threshold_top4bdd_abc_g_aig/ex273_r5_boundary23_threshold_top4bdd_abc_g_aig.evaluate.py.log,student/frontend_campaigns/campaigns/ex204_ex299_frontend_breakthrough_20260614_1051/agent_shards/integer-square-r5/failed_hypotheses.csv,did not beat frontend target 26301,,,,,940,34,31960,,,,,,,,,,,,,,,,,,,,,,,,,,,,,,,,,,,
integer-square-r5,integer,ex273,ex273|unsigned_square_x_times_x|keep_proven_top4_BDD_bits_and_recut_the_arithmetic_boundary_bit_23_as_a_threshold_predicate|existing_triangular_square_source_with_range_threshold_recut|synth_preset_aig|abc_xf_official_evaluate|frontend_only_no_backend,truth-guided selected-output correction,nonwinning_adp,924,32,29568,student/work/ex204_ex299_frontend_breakthrough_20260614_1051/integer-square-r5/ex273/verilog/ex273_r5_boundary23_threshold_top4bdd.v,student/work/ex204_ex299_frontend_breakthrough_20260614_1051/integer-square-r5/ex273/aigs/ex273_r5_boundary23_threshold_top4bdd_synth_preset_aig.aig,student/runs/integer/ex204_ex299_frontend_breakthrough_20260614_1051/integer-square-r5/ex273/official_eval/ex273_r5_boundary23_threshold_top4bdd_synth_preset_aig/ex273_r5_boundary23_threshold_top4bdd_synth_preset_aig.evaluate.py.log,student/frontend_campaigns/campaigns/ex204_ex299_frontend_breakthrough_20260614_1051/agent_shards/integer-square-r5/failed_hypotheses.csv,did not beat frontend target 26301,,,,,924,32,29568,,,,,,,,,,,,,,,,,,,,,,,,,,,,,,,,,,,
integer-square-r5,integer,ex273,ex273|unsigned_square_x_times_x|keep_proven_top4_BDD_bits_and_recut_the_arithmetic_boundary_bit_23_as_a_threshold_predicate|existing_triangular_square_source_with_range_threshold_recut|abc_g_aig_d32|abc_xf_official_evaluate|frontend_only_no_backend,truth-guided selected-output correction,nonwinning_adp,940,34,31960,student/work/ex204_ex299_frontend_breakthrough_20260614_1051/integer-square-r5/ex273/verilog/ex273_r5_boundary23_threshold_top4bdd.v,student/work/ex204_ex299_frontend_breakthrough_20260614_1051/integer-square-r5/ex273/aigs/ex273_r5_boundary23_threshold_top4bdd_abc_g_aig_d32.aig,student/runs/integer/ex204_ex299_frontend_breakthrough_20260614_1051/integer-square-r5/ex273/official_eval/ex273_r5_boundary23_threshold_top4bdd_abc_g_aig_d32/ex273_r5_boundary23_threshold_top4bdd_abc_g_aig_d32.evaluate.py.log,student/frontend_campaigns/campaigns/ex204_ex299_frontend_breakthrough_20260614_1051/agent_shards/integer-square-r5/failed_hypotheses.csv,did not beat frontend target 26301,,,,,940,34,31960,,,,,,,,,,,,,,,,,,,,,,,,,,,,,,,,,,,
integer-square-r5,integer,ex273,ex273|unsigned_square_x_times_x|keep_proven_top4_BDD_bits_and_recut_the_arithmetic_boundary_bit_23_as_a_threshold_predicate|existing_triangular_square_source_with_range_threshold_recut|abc_g_aig_d40|abc_xf_official_evaluate|frontend_only_no_backend,truth-guided selected-output correction,nonwinning_adp,940,34,31960,student/work/ex204_ex299_frontend_breakthrough_20260614_1051/integer-square-r5/ex273/verilog/ex273_r5_boundary23_threshold_top4bdd.v,student/work/ex204_ex299_frontend_breakthrough_20260614_1051/integer-square-r5/ex273/aigs/ex273_r5_boundary23_threshold_top4bdd_abc_g_aig_d40.aig,student/runs/integer/ex204_ex299_frontend_breakthrough_20260614_1051/integer-square-r5/ex273/official_eval/ex273_r5_boundary23_threshold_top4bdd_abc_g_aig_d40/ex273_r5_boundary23_threshold_top4bdd_abc_g_aig_d40.evaluate.py.log,student/frontend_campaigns/campaigns/ex204_ex299_frontend_breakthrough_20260614_1051/agent_shards/integer-square-r5/failed_hypotheses.csv,did not beat frontend target 26301,,,,,940,34,31960,,,,,,,,,,,,,,,,,,,,,,,,,,,,,,,,,,,
integer-square-r5,integer,ex273,ex273|unsigned_square_x_times_x|keep_proven_top4_BDD_bits_and_recut_the_arithmetic_boundary_bit_23_as_a_threshold_predicate|existing_triangular_square_source_with_range_threshold_recut|synth_preset_aig_d32|abc_xf_official_evaluate|frontend_only_no_backend,truth-guided selected-output correction,nonwinning_adp,924,32,29568,student/work/ex204_ex299_frontend_breakthrough_20260614_1051/integer-square-r5/ex273/verilog/ex273_r5_boundary23_threshold_top4bdd.v,student/work/ex204_ex299_frontend_breakthrough_20260614_1051/integer-square-r5/ex273/aigs/ex273_r5_boundary23_threshold_top4bdd_synth_preset_aig_d32.aig,student/runs/integer/ex204_ex299_frontend_breakthrough_20260614_1051/integer-square-r5/ex273/official_eval/ex273_r5_boundary23_threshold_top4bdd_synth_preset_aig_d32/ex273_r5_boundary23_threshold_top4bdd_synth_preset_aig_d32.evaluate.py.log,student/frontend_campaigns/campaigns/ex204_ex299_frontend_breakthrough_20260614_1051/agent_shards/integer-square-r5/failed_hypotheses.csv,did not beat frontend target 26301,,,,,924,32,29568,,,,,,,,,,,,,,,,,,,,,,,,,,,,,,,,,,,
integer-square-r5,integer,ex273,ex273|unsigned_square_x_times_x|keep_proven_top4_BDD_bits_and_recut_the_arithmetic_boundary_bit_23_as_a_threshold_predicate|existing_triangular_square_source_with_range_threshold_recut|synth_preset_aig_d40|abc_xf_official_evaluate|frontend_only_no_backend,truth-guided selected-output correction,nonwinning_adp,924,32,29568,student/work/ex204_ex299_frontend_breakthrough_20260614_1051/integer-square-r5/ex273/verilog/ex273_r5_boundary23_threshold_top4bdd.v,student/work/ex204_ex299_frontend_breakthrough_20260614_1051/integer-square-r5/ex273/aigs/ex273_r5_boundary23_threshold_top4bdd_synth_preset_aig_d40.aig,student/runs/integer/ex204_ex299_frontend_breakthrough_20260614_1051/integer-square-r5/ex273/official_eval/ex273_r5_boundary23_threshold_top4bdd_synth_preset_aig_d40/ex273_r5_boundary23_threshold_top4bdd_synth_preset_aig_d40.evaluate.py.log,student/frontend_campaigns/campaigns/ex204_ex299_frontend_breakthrough_20260614_1051/agent_shards/integer-square-r5/failed_hypotheses.csv,did not beat frontend target 26301,,,,,924,32,29568,,,,,,,,,,,,,,,,,,,,,,,,,,,,,,,,,,,
integer-square-r5,integer,ex273,ex273|unsigned_square_x_times_x|replace_the_top4_BDD_cones_with_exact_range-threshold_predicates|existing_triangular_square_source_with_range_threshold_recut|abc_g_aig|abc_xf_official_evaluate|frontend_only_no_backend,source-level decision graph for high output bits,nonwinning_adp,811,36,29196,student/work/ex204_ex299_frontend_breakthrough_20260614_1051/integer-square-r5/ex273/verilog/ex273_r5_top4_threshold_recut.v,student/work/ex204_ex299_frontend_breakthrough_20260614_1051/integer-square-r5/ex273/aigs/ex273_r5_top4_threshold_recut_abc_g_aig.aig,student/runs/integer/ex204_ex299_frontend_breakthrough_20260614_1051/integer-square-r5/ex273/official_eval/ex273_r5_top4_threshold_recut_abc_g_aig/ex273_r5_top4_threshold_recut_abc_g_aig.evaluate.py.log,student/frontend_campaigns/campaigns/ex204_ex299_frontend_breakthrough_20260614_1051/agent_shards/integer-square-r5/failed_hypotheses.csv,did not beat frontend target 26301,,,,,811,36,29196,,,,,,,,,,,,,,,,,,,,,,,,,,,,,,,,,,,
integer-square-r5,integer,ex273,ex273|unsigned_square_x_times_x|replace_the_top4_BDD_cones_with_exact_range-threshold_predicates|existing_triangular_square_source_with_range_threshold_recut|synth_preset_aig|abc_xf_official_evaluate|frontend_only_no_backend,source-level decision graph for high output bits,nonwinning_adp,804,33,26532,student/work/ex204_ex299_frontend_breakthrough_20260614_1051/integer-square-r5/ex273/verilog/ex273_r5_top4_threshold_recut.v,student/work/ex204_ex299_frontend_breakthrough_20260614_1051/integer-square-r5/ex273/aigs/ex273_r5_top4_threshold_recut_synth_preset_aig.aig,student/runs/integer/ex204_ex299_frontend_breakthrough_20260614_1051/integer-square-r5/ex273/official_eval/ex273_r5_top4_threshold_recut_synth_preset_aig/ex273_r5_top4_threshold_recut_synth_preset_aig.evaluate.py.log,student/frontend_campaigns/campaigns/ex204_ex299_frontend_breakthrough_20260614_1051/agent_shards/integer-square-r5/failed_hypotheses.csv,did not beat frontend target 26301,,,,,804,33,26532,,,,,,,,,,,,,,,,,,,,,,,,,,,,,,,,,,,
integer-square-r5,integer,ex273,ex273|unsigned_square_x_times_x|replace_the_top4_BDD_cones_with_exact_range-threshold_predicates|existing_triangular_square_source_with_range_threshold_recut|abc_g_aig_d32|abc_xf_official_evaluate|frontend_only_no_backend,source-level decision graph for high output bits,nonwinning_adp,811,36,29196,student/work/ex204_ex299_frontend_breakthrough_20260614_1051/integer-square-r5/ex273/verilog/ex273_r5_top4_threshold_recut.v,student/work/ex204_ex299_frontend_breakthrough_20260614_1051/integer-square-r5/ex273/aigs/ex273_r5_top4_threshold_recut_abc_g_aig_d32.aig,student/runs/integer/ex204_ex299_frontend_breakthrough_20260614_1051/integer-square-r5/ex273/official_eval/ex273_r5_top4_threshold_recut_abc_g_aig_d32/ex273_r5_top4_threshold_recut_abc_g_aig_d32.evaluate.py.log,student/frontend_campaigns/campaigns/ex204_ex299_frontend_breakthrough_20260614_1051/agent_shards/integer-square-r5/failed_hypotheses.csv,did not beat frontend target 26301,,,,,811,36,29196,,,,,,,,,,,,,,,,,,,,,,,,,,,,,,,,,,,
integer-square-r5,integer,ex273,ex273|unsigned_square_x_times_x|replace_the_top4_BDD_cones_with_exact_range-threshold_predicates|existing_triangular_square_source_with_range_threshold_recut|abc_g_aig_d40|abc_xf_official_evaluate|frontend_only_no_backend,source-level decision graph for high output bits,nonwinning_adp,811,36,29196,student/work/ex204_ex299_frontend_breakthrough_20260614_1051/integer-square-r5/ex273/verilog/ex273_r5_top4_threshold_recut.v,student/work/ex204_ex299_frontend_breakthrough_20260614_1051/integer-square-r5/ex273/aigs/ex273_r5_top4_threshold_recut_abc_g_aig_d40.aig,student/runs/integer/ex204_ex299_frontend_breakthrough_20260614_1051/integer-square-r5/ex273/official_eval/ex273_r5_top4_threshold_recut_abc_g_aig_d40/ex273_r5_top4_threshold_recut_abc_g_aig_d40.evaluate.py.log,student/frontend_campaigns/campaigns/ex204_ex299_frontend_breakthrough_20260614_1051/agent_shards/integer-square-r5/failed_hypotheses.csv,did not beat frontend target 26301,,,,,811,36,29196,,,,,,,,,,,,,,,,,,,,,,,,,,,,,,,,,,,
integer-square-r5,integer,ex273,ex273|unsigned_square_x_times_x|replace_the_top4_BDD_cones_with_exact_range-threshold_predicates|existing_triangular_square_source_with_range_threshold_recut|synth_preset_aig_d32|abc_xf_official_evaluate|frontend_only_no_backend,source-level decision graph for high output bits,nonwinning_adp,804,33,26532,student/work/ex204_ex299_frontend_breakthrough_20260614_1051/integer-square-r5/ex273/verilog/ex273_r5_top4_threshold_recut.v,student/work/ex204_ex299_frontend_breakthrough_20260614_1051/integer-square-r5/ex273/aigs/ex273_r5_top4_threshold_recut_synth_preset_aig_d32.aig,student/runs/integer/ex204_ex299_frontend_breakthrough_20260614_1051/integer-square-r5/ex273/official_eval/ex273_r5_top4_threshold_recut_synth_preset_aig_d32/ex273_r5_top4_threshold_recut_synth_preset_aig_d32.evaluate.py.log,student/frontend_campaigns/campaigns/ex204_ex299_frontend_breakthrough_20260614_1051/agent_shards/integer-square-r5/failed_hypotheses.csv,did not beat frontend target 26301,,,,,804,33,26532,,,,,,,,,,,,,,,,,,,,,,,,,,,,,,,,,,,
integer-square-r5,integer,ex273,ex273|unsigned_square_x_times_x|replace_the_top4_BDD_cones_with_exact_range-threshold_predicates|existing_triangular_square_source_with_range_threshold_recut|synth_preset_aig_d40|abc_xf_official_evaluate|frontend_only_no_backend,source-level decision graph for high output bits,nonwinning_adp,804,33,26532,student/work/ex204_ex299_frontend_breakthrough_20260614_1051/integer-square-r5/ex273/verilog/ex273_r5_top4_threshold_recut.v,student/work/ex204_ex299_frontend_breakthrough_20260614_1051/integer-square-r5/ex273/aigs/ex273_r5_top4_threshold_recut_synth_preset_aig_d40.aig,student/runs/integer/ex204_ex299_frontend_breakthrough_20260614_1051/integer-square-r5/ex273/official_eval/ex273_r5_top4_threshold_recut_synth_preset_aig_d40/ex273_r5_top4_threshold_recut_synth_preset_aig_d40.evaluate.py.log,student/frontend_campaigns/campaigns/ex204_ex299_frontend_breakthrough_20260614_1051/agent_shards/integer-square-r5/failed_hypotheses.csv,did not beat frontend target 26301,,,,,804,33,26532,,,,,,,,,,,,,,,,,,,,,,,,,,,,,,,,,,,
integer-square-r5,integer,ex273,ex273|unsigned_square_x_times_x|replace_bit23_plus_the_top4_outputs_with_exact_range-threshold_predicates|existing_triangular_square_source_with_range_threshold_recut|abc_g_aig|abc_xf_official_evaluate|frontend_only_no_backend,truth-guided selected-output correction,nonwinning_adp,918,33,30294,student/work/ex204_ex299_frontend_breakthrough_20260614_1051/integer-square-r5/ex273/verilog/ex273_r5_boundary23_top4_threshold.v,student/work/ex204_ex299_frontend_breakthrough_20260614_1051/integer-square-r5/ex273/aigs/ex273_r5_boundary23_top4_threshold_abc_g_aig.aig,student/runs/integer/ex204_ex299_frontend_breakthrough_20260614_1051/integer-square-r5/ex273/official_eval/ex273_r5_boundary23_top4_threshold_abc_g_aig/ex273_r5_boundary23_top4_threshold_abc_g_aig.evaluate.py.log,student/frontend_campaigns/campaigns/ex204_ex299_frontend_breakthrough_20260614_1051/agent_shards/integer-square-r5/failed_hypotheses.csv,did not beat frontend target 26301,,,,,918,33,30294,,,,,,,,,,,,,,,,,,,,,,,,,,,,,,,,,,,
integer-square-r5,integer,ex273,ex273|unsigned_square_x_times_x|replace_bit23_plus_the_top4_outputs_with_exact_range-threshold_predicates|existing_triangular_square_source_with_range_threshold_recut|synth_preset_aig|abc_xf_official_evaluate|frontend_only_no_backend,truth-guided selected-output correction,nonwinning_adp,915,33,30195,student/work/ex204_ex299_frontend_breakthrough_20260614_1051/integer-square-r5/ex273/verilog/ex273_r5_boundary23_top4_threshold.v,student/work/ex204_ex299_frontend_breakthrough_20260614_1051/integer-square-r5/ex273/aigs/ex273_r5_boundary23_top4_threshold_synth_preset_aig.aig,student/runs/integer/ex204_ex299_frontend_breakthrough_20260614_1051/integer-square-r5/ex273/official_eval/ex273_r5_boundary23_top4_threshold_synth_preset_aig/ex273_r5_boundary23_top4_threshold_synth_preset_aig.evaluate.py.log,student/frontend_campaigns/campaigns/ex204_ex299_frontend_breakthrough_20260614_1051/agent_shards/integer-square-r5/failed_hypotheses.csv,did not beat frontend target 26301,,,,,915,33,30195,,,,,,,,,,,,,,,,,,,,,,,,,,,,,,,,,,,
integer-square-r5,integer,ex273,ex273|unsigned_square_x_times_x|replace_bit23_plus_the_top4_outputs_with_exact_range-threshold_predicates|existing_triangular_square_source_with_range_threshold_recut|abc_g_aig_d32|abc_xf_official_evaluate|frontend_only_no_backend,truth-guided selected-output correction,nonwinning_adp,918,33,30294,student/work/ex204_ex299_frontend_breakthrough_20260614_1051/integer-square-r5/ex273/verilog/ex273_r5_boundary23_top4_threshold.v,student/work/ex204_ex299_frontend_breakthrough_20260614_1051/integer-square-r5/ex273/aigs/ex273_r5_boundary23_top4_threshold_abc_g_aig_d32.aig,student/runs/integer/ex204_ex299_frontend_breakthrough_20260614_1051/integer-square-r5/ex273/official_eval/ex273_r5_boundary23_top4_threshold_abc_g_aig_d32/ex273_r5_boundary23_top4_threshold_abc_g_aig_d32.evaluate.py.log,student/frontend_campaigns/campaigns/ex204_ex299_frontend_breakthrough_20260614_1051/agent_shards/integer-square-r5/failed_hypotheses.csv,did not beat frontend target 26301,,,,,918,33,30294,,,,,,,,,,,,,,,,,,,,,,,,,,,,,,,,,,,
integer-square-r5,integer,ex273,ex273|unsigned_square_x_times_x|replace_bit23_plus_the_top4_outputs_with_exact_range-threshold_predicates|existing_triangular_square_source_with_range_threshold_recut|abc_g_aig_d40|abc_xf_official_evaluate|frontend_only_no_backend,truth-guided selected-output correction,nonwinning_adp,918,33,30294,student/work/ex204_ex299_frontend_breakthrough_20260614_1051/integer-square-r5/ex273/verilog/ex273_r5_boundary23_top4_threshold.v,student/work/ex204_ex299_frontend_breakthrough_20260614_1051/integer-square-r5/ex273/aigs/ex273_r5_boundary23_top4_threshold_abc_g_aig_d40.aig,student/runs/integer/ex204_ex299_frontend_breakthrough_20260614_1051/integer-square-r5/ex273/official_eval/ex273_r5_boundary23_top4_threshold_abc_g_aig_d40/ex273_r5_boundary23_top4_threshold_abc_g_aig_d40.evaluate.py.log,student/frontend_campaigns/campaigns/ex204_ex299_frontend_breakthrough_20260614_1051/agent_shards/integer-square-r5/failed_hypotheses.csv,did not beat frontend target 26301,,,,,918,33,30294,,,,,,,,,,,,,,,,,,,,,,,,,,,,,,,,,,,
integer-square-r5,integer,ex273,ex273|unsigned_square_x_times_x|replace_bit23_plus_the_top4_outputs_with_exact_range-threshold_predicates|existing_triangular_square_source_with_range_threshold_recut|synth_preset_aig_d32|abc_xf_official_evaluate|frontend_only_no_backend,truth-guided selected-output correction,nonwinning_adp,915,33,30195,student/work/ex204_ex299_frontend_breakthrough_20260614_1051/integer-square-r5/ex273/verilog/ex273_r5_boundary23_top4_threshold.v,student/work/ex204_ex299_frontend_breakthrough_20260614_1051/integer-square-r5/ex273/aigs/ex273_r5_boundary23_top4_threshold_synth_preset_aig_d32.aig,student/runs/integer/ex204_ex299_frontend_breakthrough_20260614_1051/integer-square-r5/ex273/official_eval/ex273_r5_boundary23_top4_threshold_synth_preset_aig_d32/ex273_r5_boundary23_top4_threshold_synth_preset_aig_d32.evaluate.py.log,student/frontend_campaigns/campaigns/ex204_ex299_frontend_breakthrough_20260614_1051/agent_shards/integer-square-r5/failed_hypotheses.csv,did not beat frontend target 26301,,,,,915,33,30195,,,,,,,,,,,,,,,,,,,,,,,,,,,,,,,,,,,
integer-square-r5,integer,ex273,ex273|unsigned_square_x_times_x|replace_bit23_plus_the_top4_outputs_with_exact_range-threshold_predicates|existing_triangular_square_source_with_range_threshold_recut|synth_preset_aig_d40|abc_xf_official_evaluate|frontend_only_no_backend,truth-guided selected-output correction,nonwinning_adp,915,33,30195,student/work/ex204_ex299_frontend_breakthrough_20260614_1051/integer-square-r5/ex273/verilog/ex273_r5_boundary23_top4_threshold.v,student/work/ex204_ex299_frontend_breakthrough_20260614_1051/integer-square-r5/ex273/aigs/ex273_r5_boundary23_top4_threshold_synth_preset_aig_d40.aig,student/runs/integer/ex204_ex299_frontend_breakthrough_20260614_1051/integer-square-r5/ex273/official_eval/ex273_r5_boundary23_top4_threshold_synth_preset_aig_d40/ex273_r5_boundary23_top4_threshold_synth_preset_aig_d40.evaluate.py.log,student/frontend_campaigns/campaigns/ex204_ex299_frontend_breakthrough_20260614_1051/agent_shards/integer-square-r5/failed_hypotheses.csv,did not beat frontend target 26301,,,,,915,33,30195,,,,,,,,,,,,,,,,,,,,,,,,,,,,,,,,,,,
integer-square-r5,integer,ex274,ex274|unsigned_square_x_times_x|keep_proven_top2_BDD_bits_and_recut_arithmetic_boundary_bit_29_as_a_threshold_predicate|existing_triangular_square_source_with_range_threshold_recut|abc_g_aig|abc_xf_official_evaluate|frontend_only_no_backend,truth-guided selected-output correction,nonwinning_adp,1026,42,43092,student/work/ex204_ex299_frontend_breakthrough_20260614_1051/integer-square-r5/ex274/verilog/ex274_r5_boundary29_threshold_top2bdd.v,student/work/ex204_ex299_frontend_breakthrough_20260614_1051/integer-square-r5/ex274/aigs/ex274_r5_boundary29_threshold_top2bdd_abc_g_aig.aig,student/runs/integer/ex204_ex299_frontend_breakthrough_20260614_1051/integer-square-r5/ex274/official_eval/ex274_r5_boundary29_threshold_top2bdd_abc_g_aig/ex274_r5_boundary29_threshold_top2bdd_abc_g_aig.evaluate.py.log,student/frontend_campaigns/campaigns/ex204_ex299_frontend_breakthrough_20260614_1051/agent_shards/integer-square-r5/failed_hypotheses.csv,did not beat frontend target 41370,,,,,1026,42,43092,,,,,,,,,,,,,,,,,,,,,,,,,,,,,,,,,,,
integer-square-r5,integer,ex274,ex274|unsigned_square_x_times_x|keep_proven_top2_BDD_bits_and_recut_arithmetic_boundary_bit_29_as_a_threshold_predicate|existing_triangular_square_source_with_range_threshold_recut|synth_preset_aig|abc_xf_official_evaluate|frontend_only_no_backend,truth-guided selected-output correction,nonwinning_adp,1019,41,41779,student/work/ex204_ex299_frontend_breakthrough_20260614_1051/integer-square-r5/ex274/verilog/ex274_r5_boundary29_threshold_top2bdd.v,student/work/ex204_ex299_frontend_breakthrough_20260614_1051/integer-square-r5/ex274/aigs/ex274_r5_boundary29_threshold_top2bdd_synth_preset_aig.aig,student/runs/integer/ex204_ex299_frontend_breakthrough_20260614_1051/integer-square-r5/ex274/official_eval/ex274_r5_boundary29_threshold_top2bdd_synth_preset_aig/ex274_r5_boundary29_threshold_top2bdd_synth_preset_aig.evaluate.py.log,student/frontend_campaigns/campaigns/ex204_ex299_frontend_breakthrough_20260614_1051/agent_shards/integer-square-r5/failed_hypotheses.csv,did not beat frontend target 41370,,,,,1019,41,41779,,,,,,,,,,,,,,,,,,,,,,,,,,,,,,,,,,,
integer-square-r5,integer,ex274,ex274|unsigned_square_x_times_x|keep_proven_top2_BDD_bits_and_recut_arithmetic_boundary_bit_29_as_a_threshold_predicate|existing_triangular_square_source_with_range_threshold_recut|abc_g_aig_d32|abc_xf_official_evaluate|frontend_only_no_backend,truth-guided selected-output correction,nonwinning_adp,1026,42,43092,student/work/ex204_ex299_frontend_breakthrough_20260614_1051/integer-square-r5/ex274/verilog/ex274_r5_boundary29_threshold_top2bdd.v,student/work/ex204_ex299_frontend_breakthrough_20260614_1051/integer-square-r5/ex274/aigs/ex274_r5_boundary29_threshold_top2bdd_abc_g_aig_d32.aig,student/runs/integer/ex204_ex299_frontend_breakthrough_20260614_1051/integer-square-r5/ex274/official_eval/ex274_r5_boundary29_threshold_top2bdd_abc_g_aig_d32/ex274_r5_boundary29_threshold_top2bdd_abc_g_aig_d32.evaluate.py.log,student/frontend_campaigns/campaigns/ex204_ex299_frontend_breakthrough_20260614_1051/agent_shards/integer-square-r5/failed_hypotheses.csv,did not beat frontend target 41370,,,,,1026,42,43092,,,,,,,,,,,,,,,,,,,,,,,,,,,,,,,,,,,
integer-square-r5,integer,ex274,ex274|unsigned_square_x_times_x|keep_proven_top2_BDD_bits_and_recut_arithmetic_boundary_bit_29_as_a_threshold_predicate|existing_triangular_square_source_with_range_threshold_recut|abc_g_aig_d40|abc_xf_official_evaluate|frontend_only_no_backend,truth-guided selected-output correction,nonwinning_adp,1026,42,43092,student/work/ex204_ex299_frontend_breakthrough_20260614_1051/integer-square-r5/ex274/verilog/ex274_r5_boundary29_threshold_top2bdd.v,student/work/ex204_ex299_frontend_breakthrough_20260614_1051/integer-square-r5/ex274/aigs/ex274_r5_boundary29_threshold_top2bdd_abc_g_aig_d40.aig,student/runs/integer/ex204_ex299_frontend_breakthrough_20260614_1051/integer-square-r5/ex274/official_eval/ex274_r5_boundary29_threshold_top2bdd_abc_g_aig_d40/ex274_r5_boundary29_threshold_top2bdd_abc_g_aig_d40.evaluate.py.log,student/frontend_campaigns/campaigns/ex204_ex299_frontend_breakthrough_20260614_1051/agent_shards/integer-square-r5/failed_hypotheses.csv,did not beat frontend target 41370,,,,,1026,42,43092,,,,,,,,,,,,,,,,,,,,,,,,,,,,,,,,,,,
integer-square-r5,integer,ex274,ex274|unsigned_square_x_times_x|keep_proven_top2_BDD_bits_and_recut_arithmetic_boundary_bit_29_as_a_threshold_predicate|existing_triangular_square_source_with_range_threshold_recut|synth_preset_aig_d32|abc_xf_official_evaluate|frontend_only_no_backend,truth-guided selected-output correction,nonwinning_adp,1019,41,41779,student/work/ex204_ex299_frontend_breakthrough_20260614_1051/integer-square-r5/ex274/verilog/ex274_r5_boundary29_threshold_top2bdd.v,student/work/ex204_ex299_frontend_breakthrough_20260614_1051/integer-square-r5/ex274/aigs/ex274_r5_boundary29_threshold_top2bdd_synth_preset_aig_d32.aig,student/runs/integer/ex204_ex299_frontend_breakthrough_20260614_1051/integer-square-r5/ex274/official_eval/ex274_r5_boundary29_threshold_top2bdd_synth_preset_aig_d32/ex274_r5_boundary29_threshold_top2bdd_synth_preset_aig_d32.evaluate.py.log,student/frontend_campaigns/campaigns/ex204_ex299_frontend_breakthrough_20260614_1051/agent_shards/integer-square-r5/failed_hypotheses.csv,did not beat frontend target 41370,,,,,1019,41,41779,,,,,,,,,,,,,,,,,,,,,,,,,,,,,,,,,,,
integer-square-r5,integer,ex274,ex274|unsigned_square_x_times_x|keep_proven_top2_BDD_bits_and_recut_arithmetic_boundary_bit_29_as_a_threshold_predicate|existing_triangular_square_source_with_range_threshold_recut|synth_preset_aig_d40|abc_xf_official_evaluate|frontend_only_no_backend,truth-guided selected-output correction,nonwinning_adp,1019,41,41779,student/work/ex204_ex299_frontend_breakthrough_20260614_1051/integer-square-r5/ex274/verilog/ex274_r5_boundary29_threshold_top2bdd.v,student/work/ex204_ex299_frontend_breakthrough_20260614_1051/integer-square-r5/ex274/aigs/ex274_r5_boundary29_threshold_top2bdd_synth_preset_aig_d40.aig,student/runs/integer/ex204_ex299_frontend_breakthrough_20260614_1051/integer-square-r5/ex274/official_eval/ex274_r5_boundary29_threshold_top2bdd_synth_preset_aig_d40/ex274_r5_boundary29_threshold_top2bdd_synth_preset_aig_d40.evaluate.py.log,student/frontend_campaigns/campaigns/ex204_ex299_frontend_breakthrough_20260614_1051/agent_shards/integer-square-r5/failed_hypotheses.csv,did not beat frontend target 41370,,,,,1019,41,41779,,,,,,,,,,,,,,,,,,,,,,,,,,,,,,,,,,,
integer-square-r5,integer,ex274,ex274|unsigned_square_x_times_x|keep_proven_top2_BDD_bits_and_recut_boundary_bits_28_and_29_as_threshold_predicates|existing_triangular_square_source_with_range_threshold_recut|abc_g_aig|abc_xf_official_evaluate|frontend_only_no_backend,truth-guided selected-output correction,nonwinning_adp,1073,40,42920,student/work/ex204_ex299_frontend_breakthrough_20260614_1051/integer-square-r5/ex274/verilog/ex274_r5_boundary28_29_threshold_top2bdd.v,student/work/ex204_ex299_frontend_breakthrough_20260614_1051/integer-square-r5/ex274/aigs/ex274_r5_boundary28_29_threshold_top2bdd_abc_g_aig.aig,student/runs/integer/ex204_ex299_frontend_breakthrough_20260614_1051/integer-square-r5/ex274/official_eval/ex274_r5_boundary28_29_threshold_top2bdd_abc_g_aig/ex274_r5_boundary28_29_threshold_top2bdd_abc_g_aig.evaluate.py.log,student/frontend_campaigns/campaigns/ex204_ex299_frontend_breakthrough_20260614_1051/agent_shards/integer-square-r5/failed_hypotheses.csv,did not beat frontend target 41370,,,,,1073,40,42920,,,,,,,,,,,,,,,,,,,,,,,,,,,,,,,,,,,
integer-square-r5,integer,ex274,ex274|unsigned_square_x_times_x|keep_proven_top2_BDD_bits_and_recut_boundary_bits_28_and_29_as_threshold_predicates|existing_triangular_square_source_with_range_threshold_recut|synth_preset_aig|abc_xf_official_evaluate|frontend_only_no_backend,truth-guided selected-output correction,nonwinning_adp,1068,40,42720,student/work/ex204_ex299_frontend_breakthrough_20260614_1051/integer-square-r5/ex274/verilog/ex274_r5_boundary28_29_threshold_top2bdd.v,student/work/ex204_ex299_frontend_breakthrough_20260614_1051/integer-square-r5/ex274/aigs/ex274_r5_boundary28_29_threshold_top2bdd_synth_preset_aig.aig,student/runs/integer/ex204_ex299_frontend_breakthrough_20260614_1051/integer-square-r5/ex274/official_eval/ex274_r5_boundary28_29_threshold_top2bdd_synth_preset_aig/ex274_r5_boundary28_29_threshold_top2bdd_synth_preset_aig.evaluate.py.log,student/frontend_campaigns/campaigns/ex204_ex299_frontend_breakthrough_20260614_1051/agent_shards/integer-square-r5/failed_hypotheses.csv,did not beat frontend target 41370,,,,,1068,40,42720,,,,,,,,,,,,,,,,,,,,,,,,,,,,,,,,,,,
integer-square-r5,integer,ex274,ex274|unsigned_square_x_times_x|keep_proven_top2_BDD_bits_and_recut_boundary_bits_28_and_29_as_threshold_predicates|existing_triangular_square_source_with_range_threshold_recut|abc_g_aig_d32|abc_xf_official_evaluate|frontend_only_no_backend,truth-guided selected-output correction,nonwinning_adp,1073,40,42920,student/work/ex204_ex299_frontend_breakthrough_20260614_1051/integer-square-r5/ex274/verilog/ex274_r5_boundary28_29_threshold_top2bdd.v,student/work/ex204_ex299_frontend_breakthrough_20260614_1051/integer-square-r5/ex274/aigs/ex274_r5_boundary28_29_threshold_top2bdd_abc_g_aig_d32.aig,student/runs/integer/ex204_ex299_frontend_breakthrough_20260614_1051/integer-square-r5/ex274/official_eval/ex274_r5_boundary28_29_threshold_top2bdd_abc_g_aig_d32/ex274_r5_boundary28_29_threshold_top2bdd_abc_g_aig_d32.evaluate.py.log,student/frontend_campaigns/campaigns/ex204_ex299_frontend_breakthrough_20260614_1051/agent_shards/integer-square-r5/failed_hypotheses.csv,did not beat frontend target 41370,,,,,1073,40,42920,,,,,,,,,,,,,,,,,,,,,,,,,,,,,,,,,,,
integer-square-r5,integer,ex274,ex274|unsigned_square_x_times_x|keep_proven_top2_BDD_bits_and_recut_boundary_bits_28_and_29_as_threshold_predicates|existing_triangular_square_source_with_range_threshold_recut|abc_g_aig_d40|abc_xf_official_evaluate|frontend_only_no_backend,truth-guided selected-output correction,nonwinning_adp,1073,40,42920,student/work/ex204_ex299_frontend_breakthrough_20260614_1051/integer-square-r5/ex274/verilog/ex274_r5_boundary28_29_threshold_top2bdd.v,student/work/ex204_ex299_frontend_breakthrough_20260614_1051/integer-square-r5/ex274/aigs/ex274_r5_boundary28_29_threshold_top2bdd_abc_g_aig_d40.aig,student/runs/integer/ex204_ex299_frontend_breakthrough_20260614_1051/integer-square-r5/ex274/official_eval/ex274_r5_boundary28_29_threshold_top2bdd_abc_g_aig_d40/ex274_r5_boundary28_29_threshold_top2bdd_abc_g_aig_d40.evaluate.py.log,student/frontend_campaigns/campaigns/ex204_ex299_frontend_breakthrough_20260614_1051/agent_shards/integer-square-r5/failed_hypotheses.csv,did not beat frontend target 41370,,,,,1073,40,42920,,,,,,,,,,,,,,,,,,,,,,,,,,,,,,,,,,,
integer-square-r5,integer,ex274,ex274|unsigned_square_x_times_x|keep_proven_top2_BDD_bits_and_recut_boundary_bits_28_and_29_as_threshold_predicates|existing_triangular_square_source_with_range_threshold_recut|synth_preset_aig_d32|abc_xf_official_evaluate|frontend_only_no_backend,truth-guided selected-output correction,nonwinning_adp,1068,40,42720,student/work/ex204_ex299_frontend_breakthrough_20260614_1051/integer-square-r5/ex274/verilog/ex274_r5_boundary28_29_threshold_top2bdd.v,student/work/ex204_ex299_frontend_breakthrough_20260614_1051/integer-square-r5/ex274/aigs/ex274_r5_boundary28_29_threshold_top2bdd_synth_preset_aig_d32.aig,student/runs/integer/ex204_ex299_frontend_breakthrough_20260614_1051/integer-square-r5/ex274/official_eval/ex274_r5_boundary28_29_threshold_top2bdd_synth_preset_aig_d32/ex274_r5_boundary28_29_threshold_top2bdd_synth_preset_aig_d32.evaluate.py.log,student/frontend_campaigns/campaigns/ex204_ex299_frontend_breakthrough_20260614_1051/agent_shards/integer-square-r5/failed_hypotheses.csv,did not beat frontend target 41370,,,,,1068,40,42720,,,,,,,,,,,,,,,,,,,,,,,,,,,,,,,,,,,
integer-square-r5,integer,ex274,ex274|unsigned_square_x_times_x|keep_proven_top2_BDD_bits_and_recut_boundary_bits_28_and_29_as_threshold_predicates|existing_triangular_square_source_with_range_threshold_recut|synth_preset_aig_d40|abc_xf_official_evaluate|frontend_only_no_backend,truth-guided selected-output correction,nonwinning_adp,1068,40,42720,student/work/ex204_ex299_frontend_breakthrough_20260614_1051/integer-square-r5/ex274/verilog/ex274_r5_boundary28_29_threshold_top2bdd.v,student/work/ex204_ex299_frontend_breakthrough_20260614_1051/integer-square-r5/ex274/aigs/ex274_r5_boundary28_29_threshold_top2bdd_synth_preset_aig_d40.aig,student/runs/integer/ex204_ex299_frontend_breakthrough_20260614_1051/integer-square-r5/ex274/official_eval/ex274_r5_boundary28_29_threshold_top2bdd_synth_preset_aig_d40/ex274_r5_boundary28_29_threshold_top2bdd_synth_preset_aig_d40.evaluate.py.log,student/frontend_campaigns/campaigns/ex204_ex299_frontend_breakthrough_20260614_1051/agent_shards/integer-square-r5/failed_hypotheses.csv,did not beat frontend target 41370,,,,,1068,40,42720,,,,,,,,,,,,,,,,,,,,,,,,,,,,,,,,,,,
integer-square-r5,integer,ex274,ex274|unsigned_square_x_times_x|replace_bit29_plus_the_top2_BDD_bits_with_exact_range-threshold_predicates|existing_triangular_square_source_with_range_threshold_recut|abc_g_aig|abc_xf_official_evaluate|frontend_only_no_backend,source-level decision graph for high output bits,nonwinning_adp,1020,42,42840,student/work/ex204_ex299_frontend_breakthrough_20260614_1051/integer-square-r5/ex274/verilog/ex274_r5_top3_threshold_recut.v,student/work/ex204_ex299_frontend_breakthrough_20260614_1051/integer-square-r5/ex274/aigs/ex274_r5_top3_threshold_recut_abc_g_aig.aig,student/runs/integer/ex204_ex299_frontend_breakthrough_20260614_1051/integer-square-r5/ex274/official_eval/ex274_r5_top3_threshold_recut_abc_g_aig/ex274_r5_top3_threshold_recut_abc_g_aig.evaluate.py.log,student/frontend_campaigns/campaigns/ex204_ex299_frontend_breakthrough_20260614_1051/agent_shards/integer-square-r5/failed_hypotheses.csv,did not beat frontend target 41370,,,,,1020,42,42840,,,,,,,,,,,,,,,,,,,,,,,,,,,,,,,,,,,
integer-square-r5,integer,ex274,ex274|unsigned_square_x_times_x|replace_bit29_plus_the_top2_BDD_bits_with_exact_range-threshold_predicates|existing_triangular_square_source_with_range_threshold_recut|synth_preset_aig|abc_xf_official_evaluate|frontend_only_no_backend,source-level decision graph for high output bits,nonwinning_adp,1017,41,41697,student/work/ex204_ex299_frontend_breakthrough_20260614_1051/integer-square-r5/ex274/verilog/ex274_r5_top3_threshold_recut.v,student/work/ex204_ex299_frontend_breakthrough_20260614_1051/integer-square-r5/ex274/aigs/ex274_r5_top3_threshold_recut_synth_preset_aig.aig,student/runs/integer/ex204_ex299_frontend_breakthrough_20260614_1051/integer-square-r5/ex274/official_eval/ex274_r5_top3_threshold_recut_synth_preset_aig/ex274_r5_top3_threshold_recut_synth_preset_aig.evaluate.py.log,student/frontend_campaigns/campaigns/ex204_ex299_frontend_breakthrough_20260614_1051/agent_shards/integer-square-r5/failed_hypotheses.csv,did not beat frontend target 41370,,,,,1017,41,41697,,,,,,,,,,,,,,,,,,,,,,,,,,,,,,,,,,,
integer-square-r5,integer,ex274,ex274|unsigned_square_x_times_x|replace_bit29_plus_the_top2_BDD_bits_with_exact_range-threshold_predicates|existing_triangular_square_source_with_range_threshold_recut|abc_g_aig_d32|abc_xf_official_evaluate|frontend_only_no_backend,source-level decision graph for high output bits,nonwinning_adp,1020,42,42840,student/work/ex204_ex299_frontend_breakthrough_20260614_1051/integer-square-r5/ex274/verilog/ex274_r5_top3_threshold_recut.v,student/work/ex204_ex299_frontend_breakthrough_20260614_1051/integer-square-r5/ex274/aigs/ex274_r5_top3_threshold_recut_abc_g_aig_d32.aig,student/runs/integer/ex204_ex299_frontend_breakthrough_20260614_1051/integer-square-r5/ex274/official_eval/ex274_r5_top3_threshold_recut_abc_g_aig_d32/ex274_r5_top3_threshold_recut_abc_g_aig_d32.evaluate.py.log,student/frontend_campaigns/campaigns/ex204_ex299_frontend_breakthrough_20260614_1051/agent_shards/integer-square-r5/failed_hypotheses.csv,did not beat frontend target 41370,,,,,1020,42,42840,,,,,,,,,,,,,,,,,,,,,,,,,,,,,,,,,,,
integer-square-r5,integer,ex274,ex274|unsigned_square_x_times_x|replace_bit29_plus_the_top2_BDD_bits_with_exact_range-threshold_predicates|existing_triangular_square_source_with_range_threshold_recut|abc_g_aig_d40|abc_xf_official_evaluate|frontend_only_no_backend,source-level decision graph for high output bits,nonwinning_adp,1020,42,42840,student/work/ex204_ex299_frontend_breakthrough_20260614_1051/integer-square-r5/ex274/verilog/ex274_r5_top3_threshold_recut.v,student/work/ex204_ex299_frontend_breakthrough_20260614_1051/integer-square-r5/ex274/aigs/ex274_r5_top3_threshold_recut_abc_g_aig_d40.aig,student/runs/integer/ex204_ex299_frontend_breakthrough_20260614_1051/integer-square-r5/ex274/official_eval/ex274_r5_top3_threshold_recut_abc_g_aig_d40/ex274_r5_top3_threshold_recut_abc_g_aig_d40.evaluate.py.log,student/frontend_campaigns/campaigns/ex204_ex299_frontend_breakthrough_20260614_1051/agent_shards/integer-square-r5/failed_hypotheses.csv,did not beat frontend target 41370,,,,,1020,42,42840,,,,,,,,,,,,,,,,,,,,,,,,,,,,,,,,,,,
integer-square-r5,integer,ex274,ex274|unsigned_square_x_times_x|replace_bit29_plus_the_top2_BDD_bits_with_exact_range-threshold_predicates|existing_triangular_square_source_with_range_threshold_recut|synth_preset_aig_d32|abc_xf_official_evaluate|frontend_only_no_backend,source-level decision graph for high output bits,nonwinning_adp,1017,41,41697,student/work/ex204_ex299_frontend_breakthrough_20260614_1051/integer-square-r5/ex274/verilog/ex274_r5_top3_threshold_recut.v,student/work/ex204_ex299_frontend_breakthrough_20260614_1051/integer-square-r5/ex274/aigs/ex274_r5_top3_threshold_recut_synth_preset_aig_d32.aig,student/runs/integer/ex204_ex299_frontend_breakthrough_20260614_1051/integer-square-r5/ex274/official_eval/ex274_r5_top3_threshold_recut_synth_preset_aig_d32/ex274_r5_top3_threshold_recut_synth_preset_aig_d32.evaluate.py.log,student/frontend_campaigns/campaigns/ex204_ex299_frontend_breakthrough_20260614_1051/agent_shards/integer-square-r5/failed_hypotheses.csv,did not beat frontend target 41370,,,,,1017,41,41697,,,,,,,,,,,,,,,,,,,,,,,,,,,,,,,,,,,
integer-square-r5,integer,ex274,ex274|unsigned_square_x_times_x|replace_bit29_plus_the_top2_BDD_bits_with_exact_range-threshold_predicates|existing_triangular_square_source_with_range_threshold_recut|synth_preset_aig_d40|abc_xf_official_evaluate|frontend_only_no_backend,source-level decision graph for high output bits,nonwinning_adp,1017,41,41697,student/work/ex204_ex299_frontend_breakthrough_20260614_1051/integer-square-r5/ex274/verilog/ex274_r5_top3_threshold_recut.v,student/work/ex204_ex299_frontend_breakthrough_20260614_1051/integer-square-r5/ex274/aigs/ex274_r5_top3_threshold_recut_synth_preset_aig_d40.aig,student/runs/integer/ex204_ex299_frontend_breakthrough_20260614_1051/integer-square-r5/ex274/official_eval/ex274_r5_top3_threshold_recut_synth_preset_aig_d40/ex274_r5_top3_threshold_recut_synth_preset_aig_d40.evaluate.py.log,student/frontend_campaigns/campaigns/ex204_ex299_frontend_breakthrough_20260614_1051/agent_shards/integer-square-r5/failed_hypotheses.csv,did not beat frontend target 41370,,,,,1017,41,41697,,,,,,,,,,,,,,,,,,,,,,,,,,,,,,,,,,,
integer-square-r5,integer,ex274,ex274|unsigned_square_x_times_x|replace_the_top_four_outputs_with_exact_range-threshold_predicates|existing_triangular_square_source_with_range_threshold_recut|abc_g_aig|abc_xf_official_evaluate|frontend_only_no_backend,source-level decision graph for high output bits,nonwinning_adp,1067,40,42680,student/work/ex204_ex299_frontend_breakthrough_20260614_1051/integer-square-r5/ex274/verilog/ex274_r5_top4_threshold_recut.v,student/work/ex204_ex299_frontend_breakthrough_20260614_1051/integer-square-r5/ex274/aigs/ex274_r5_top4_threshold_recut_abc_g_aig.aig,student/runs/integer/ex204_ex299_frontend_breakthrough_20260614_1051/integer-square-r5/ex274/official_eval/ex274_r5_top4_threshold_recut_abc_g_aig/ex274_r5_top4_threshold_recut_abc_g_aig.evaluate.py.log,student/frontend_campaigns/campaigns/ex204_ex299_frontend_breakthrough_20260614_1051/agent_shards/integer-square-r5/failed_hypotheses.csv,did not beat frontend target 41370,,,,,1067,40,42680,,,,,,,,,,,,,,,,,,,,,,,,,,,,,,,,,,,
integer-square-r5,integer,ex274,ex274|unsigned_square_x_times_x|replace_the_top_four_outputs_with_exact_range-threshold_predicates|existing_triangular_square_source_with_range_threshold_recut|synth_preset_aig|abc_xf_official_evaluate|frontend_only_no_backend,source-level decision graph for high output bits,nonwinning_adp,1070,41,43870,student/work/ex204_ex299_frontend_breakthrough_20260614_1051/integer-square-r5/ex274/verilog/ex274_r5_top4_threshold_recut.v,student/work/ex204_ex299_frontend_breakthrough_20260614_1051/integer-square-r5/ex274/aigs/ex274_r5_top4_threshold_recut_synth_preset_aig.aig,student/runs/integer/ex204_ex299_frontend_breakthrough_20260614_1051/integer-square-r5/ex274/official_eval/ex274_r5_top4_threshold_recut_synth_preset_aig/ex274_r5_top4_threshold_recut_synth_preset_aig.evaluate.py.log,student/frontend_campaigns/campaigns/ex204_ex299_frontend_breakthrough_20260614_1051/agent_shards/integer-square-r5/failed_hypotheses.csv,did not beat frontend target 41370,,,,,1070,41,43870,,,,,,,,,,,,,,,,,,,,,,,,,,,,,,,,,,,
integer-square-r5,integer,ex274,ex274|unsigned_square_x_times_x|replace_the_top_four_outputs_with_exact_range-threshold_predicates|existing_triangular_square_source_with_range_threshold_recut|abc_g_aig_d32|abc_xf_official_evaluate|frontend_only_no_backend,source-level decision graph for high output bits,nonwinning_adp,1067,40,42680,student/work/ex204_ex299_frontend_breakthrough_20260614_1051/integer-square-r5/ex274/verilog/ex274_r5_top4_threshold_recut.v,student/work/ex204_ex299_frontend_breakthrough_20260614_1051/integer-square-r5/ex274/aigs/ex274_r5_top4_threshold_recut_abc_g_aig_d32.aig,student/runs/integer/ex204_ex299_frontend_breakthrough_20260614_1051/integer-square-r5/ex274/official_eval/ex274_r5_top4_threshold_recut_abc_g_aig_d32/ex274_r5_top4_threshold_recut_abc_g_aig_d32.evaluate.py.log,student/frontend_campaigns/campaigns/ex204_ex299_frontend_breakthrough_20260614_1051/agent_shards/integer-square-r5/failed_hypotheses.csv,did not beat frontend target 41370,,,,,1067,40,42680,,,,,,,,,,,,,,,,,,,,,,,,,,,,,,,,,,,
integer-square-r5,integer,ex274,ex274|unsigned_square_x_times_x|replace_the_top_four_outputs_with_exact_range-threshold_predicates|existing_triangular_square_source_with_range_threshold_recut|abc_g_aig_d40|abc_xf_official_evaluate|frontend_only_no_backend,source-level decision graph for high output bits,nonwinning_adp,1067,40,42680,student/work/ex204_ex299_frontend_breakthrough_20260614_1051/integer-square-r5/ex274/verilog/ex274_r5_top4_threshold_recut.v,student/work/ex204_ex299_frontend_breakthrough_20260614_1051/integer-square-r5/ex274/aigs/ex274_r5_top4_threshold_recut_abc_g_aig_d40.aig,student/runs/integer/ex204_ex299_frontend_breakthrough_20260614_1051/integer-square-r5/ex274/official_eval/ex274_r5_top4_threshold_recut_abc_g_aig_d40/ex274_r5_top4_threshold_recut_abc_g_aig_d40.evaluate.py.log,student/frontend_campaigns/campaigns/ex204_ex299_frontend_breakthrough_20260614_1051/agent_shards/integer-square-r5/failed_hypotheses.csv,did not beat frontend target 41370,,,,,1067,40,42680,,,,,,,,,,,,,,,,,,,,,,,,,,,,,,,,,,,
integer-square-r5,integer,ex274,ex274|unsigned_square_x_times_x|replace_the_top_four_outputs_with_exact_range-threshold_predicates|existing_triangular_square_source_with_range_threshold_recut|synth_preset_aig_d32|abc_xf_official_evaluate|frontend_only_no_backend,source-level decision graph for high output bits,nonwinning_adp,1070,41,43870,student/work/ex204_ex299_frontend_breakthrough_20260614_1051/integer-square-r5/ex274/verilog/ex274_r5_top4_threshold_recut.v,student/work/ex204_ex299_frontend_breakthrough_20260614_1051/integer-square-r5/ex274/aigs/ex274_r5_top4_threshold_recut_synth_preset_aig_d32.aig,student/runs/integer/ex204_ex299_frontend_breakthrough_20260614_1051/integer-square-r5/ex274/official_eval/ex274_r5_top4_threshold_recut_synth_preset_aig_d32/ex274_r5_top4_threshold_recut_synth_preset_aig_d32.evaluate.py.log,student/frontend_campaigns/campaigns/ex204_ex299_frontend_breakthrough_20260614_1051/agent_shards/integer-square-r5/failed_hypotheses.csv,did not beat frontend target 41370,,,,,1070,41,43870,,,,,,,,,,,,,,,,,,,,,,,,,,,,,,,,,,,
integer-square-r5,integer,ex274,ex274|unsigned_square_x_times_x|replace_the_top_four_outputs_with_exact_range-threshold_predicates|existing_triangular_square_source_with_range_threshold_recut|synth_preset_aig_d40|abc_xf_official_evaluate|frontend_only_no_backend,source-level decision graph for high output bits,nonwinning_adp,1070,41,43870,student/work/ex204_ex299_frontend_breakthrough_20260614_1051/integer-square-r5/ex274/verilog/ex274_r5_top4_threshold_recut.v,student/work/ex204_ex299_frontend_breakthrough_20260614_1051/integer-square-r5/ex274/aigs/ex274_r5_top4_threshold_recut_synth_preset_aig_d40.aig,student/runs/integer/ex204_ex299_frontend_breakthrough_20260614_1051/integer-square-r5/ex274/official_eval/ex274_r5_top4_threshold_recut_synth_preset_aig_d40/ex274_r5_top4_threshold_recut_synth_preset_aig_d40.evaluate.py.log,student/frontend_campaigns/campaigns/ex204_ex299_frontend_breakthrough_20260614_1051/agent_shards/integer-square-r5/failed_hypotheses.csv,did not beat frontend target 41370,,,,,1070,41,43870,,,,,,,,,,,,,,,,,,,,,,,,,,,,,,,,,,,
unknown-hard-r6,unknown,ex286,ex286|hamming_weight_preserving_lossy_routing_normalizer|compact_decision_graph|balanced_vector_mux|abc_g_aig|abc_xf_official_evaluate|full_word,,,,,,student/work/ex204_ex299_frontend_breakthrough_20260614_1051/unknown-hard-r6/ex286/verilog/ex286_r6_balanced_vector_mux.v,student/work/ex204_ex299_frontend_breakthrough_20260614_1051/unknown-hard-r6/ex286/aigs/ex286_r6_balanced_vector_mux.aig,student/work/ex204_ex299_frontend_breakthrough_20260614_1051/unknown-hard-r6/ex286/logs/ex286_r6_balanced_vector_mux.evaluate.py.log,student/frontend_campaigns/campaigns/ex204_ex299_frontend_breakthrough_20260614_1051/agent_shards/unknown-hard-r6/failed_hypotheses.csv,official evaluate.py equivalent but not below current frontend best,ex286_r6_balanced_vector_mux,,,ex286_r6_balanced_vector_mux,1370,19,26030,,replace flat/case output selection with a balanced shared vector decision graph over the current exact cofactor words,balanced_vector_mux,OK,student/work/ex204_ex299_frontend_breakthrough_20260614_1051/unknown-hard-r6/ex286/logs/ex286_r6_balanced_vector_mux.evaluate.py.log,source RTL balanced vector mux over exact cofactor words,three shared vector-mux stages select whole cofactor words before output assignment,student/work/ex204_ex299_frontend_breakthrough_20260614_1051/unknown-hard-r6/ex286/eval_outputs/ex286_r6_balanced_vector_mux,benchmarks/ex286.truth,1,26030,20190,5840,0,,,,,,,,,,,,,,,,,,,,,
unknown-hard-r6,unknown,ex286,ex286|hamming_weight_preserving_lossy_routing_normalizer|compact_decision_graph|xfirst_vector_mux|abc_g_aig|abc_xf_official_evaluate|full_word,,,,,,student/work/ex204_ex299_frontend_breakthrough_20260614_1051/unknown-hard-r6/ex286/verilog/ex286_r6_xfirst_vector_mux.v,student/work/ex204_ex299_frontend_breakthrough_20260614_1051/unknown-hard-r6/ex286/aigs/ex286_r6_xfirst_vector_mux.aig,student/work/ex204_ex299_frontend_breakthrough_20260614_1051/unknown-hard-r6/ex286/logs/ex286_r6_xfirst_vector_mux.evaluate.py.log,student/frontend_campaigns/campaigns/ex204_ex299_frontend_breakthrough_20260614_1051/agent_shards/unknown-hard-r6/failed_hypotheses.csv,official evaluate.py equivalent but not below current frontend best,ex286_r6_xfirst_vector_mux,,,ex286_r6_xfirst_vector_mux,1332,19,25308,,reorder the shared vector decision graph to test whether selector criticality is tied to the high selector bit,xfirst_vector_mux,OK,student/work/ex204_ex299_frontend_breakthrough_20260614_1051/unknown-hard-r6/ex286/logs/ex286_r6_xfirst_vector_mux.evaluate.py.log,source RTL high-selector-first vector mux over exact cofactor words,"vector mux tree tests outer_key[3] first, then walks down to outer_key[0]",student/work/ex204_ex299_frontend_breakthrough_20260614_1051/unknown-hard-r6/ex286/eval_outputs/ex286_r6_xfirst_vector_mux,benchmarks/ex286.truth,1,25308,20190,5118,0,,,,,,,,,,,,,,,,,,,,,
unknown-hard-r6,unknown,ex286,ex286|hamming_weight_preserving_lossy_routing_normalizer|pla_like_shared_predicate_mux|vector_mask_or_share|share_abc_g_aig|abc_xf_official_evaluate|full_word,,,,,,student/work/ex204_ex299_frontend_breakthrough_20260614_1051/unknown-hard-r6/ex286/verilog/ex286_r6_vector_mask_or_share.v,student/work/ex204_ex299_frontend_breakthrough_20260614_1051/unknown-hard-r6/ex286/aigs/ex286_r6_vector_mask_or_share.aig,student/work/ex204_ex299_frontend_breakthrough_20260614_1051/unknown-hard-r6/ex286/logs/ex286_r6_vector_mask_or_share.evaluate.py.log,student/frontend_campaigns/campaigns/ex204_ex299_frontend_breakthrough_20260614_1051/agent_shards/unknown-hard-r6/failed_hypotheses.csv,official evaluate.py equivalent but not below current frontend best,ex286_r6_vector_mask_or_share,,,ex286_r6_vector_mask_or_share,1367,16,21872,,share class predicates as full-word masks instead of per-bit OR or procedural case selection,vector_mask_or_share,OK,student/work/ex204_ex299_frontend_breakthrough_20260614_1051/unknown-hard-r6/ex286/logs/ex286_r6_vector_mask_or_share.evaluate.py.log,source RTL onehot class predicate vector mask OR,sixteen onehot class predicates gate full cofactor words and share final OR reduction,student/work/ex204_ex299_frontend_breakthrough_20260614_1051/unknown-hard-r6/ex286/eval_outputs/ex286_r6_vector_mask_or_share,benchmarks/ex286.truth,1,21872,20190,1682,0,,,,,,,,,,,,,,,,,,,,,
unknown-hard-r6,unknown,ex286,ex286|hamming_weight_preserving_lossy_routing_normalizer|reordered_shannon_cofactor_forest|global_forest_outer_0_2_11_12|abc_g_aig|abc_xf_official_evaluate|full_word,,,,,,student/work/ex204_ex299_frontend_breakthrough_20260614_1051/unknown-hard-r6/ex286/verilog/ex286_r6_global_forest_outer_0_2_11_12.v,student/work/ex204_ex299_frontend_breakthrough_20260614_1051/unknown-hard-r6/ex286/aigs/ex286_r6_global_forest_outer_0_2_11_12.aig,student/work/ex204_ex299_frontend_breakthrough_20260614_1051/unknown-hard-r6/ex286/logs/ex286_r6_global_forest_outer_0_2_11_12.evaluate.py.log,student/frontend_campaigns/campaigns/ex204_ex299_frontend_breakthrough_20260614_1051/agent_shards/unknown-hard-r6/failed_hypotheses.csv,official evaluate.py equivalent but not below current frontend best; outer_bits=0:2:11:12; inner_order=10:9:8:7:6:5:4:3:1; policy=f00; bdd_nodes=1073,ex286_r6_global_forest_outer_0_2_11_12,,,ex286_r6_global_forest_outer_0_2_11_12,2042,18,36756,,use a materially different route-state outer split and one global BDD node pool across all class cofactors,global_forest_outer_0_2_11_12,OK,student/work/ex204_ex299_frontend_breakthrough_20260614_1051/unknown-hard-r6/ex286/logs/ex286_r6_global_forest_outer_0_2_11_12.evaluate.py.log,truth-derived pair-canonical cofactor forest Verilog,single BDD node pool over all output roots and all 16 new route-state classes,student/work/ex204_ex299_frontend_breakthrough_20260614_1051/unknown-hard-r6/ex286/eval_outputs/ex286_r6_global_forest_outer_0_2_11_12,benchmarks/ex286.truth,1,36756,20190,16566,0,,,,,,,,,,,,,,,,,,,,,
unknown-hard-r6,unknown,ex287,ex287|hamming_weight_preserving_lossy_routing_normalizer|compact_decision_graph|balanced_vector_mux|abc_g_aig|abc_xf_official_evaluate|full_word,,,,,,student/work/ex204_ex299_frontend_breakthrough_20260614_1051/unknown-hard-r6/ex287/verilog/ex287_r6_balanced_vector_mux.v,student/work/ex204_ex299_frontend_breakthrough_20260614_1051/unknown-hard-r6/ex287/aigs/ex287_r6_balanced_vector_mux.aig,student/work/ex204_ex299_frontend_breakthrough_20260614_1051/unknown-hard-r6/ex287/logs/ex287_r6_balanced_vector_mux.evaluate.py.log,student/frontend_campaigns/campaigns/ex204_ex299_frontend_breakthrough_20260614_1051/agent_shards/unknown-hard-r6/failed_hypotheses.csv,official evaluate.py equivalent but not below current frontend best,ex287_r6_balanced_vector_mux,,,ex287_r6_balanced_vector_mux,1759,18,31662,,replace flat/case output selection with a balanced shared vector decision graph over the current exact cofactor words,balanced_vector_mux,OK,student/work/ex204_ex299_frontend_breakthrough_20260614_1051/unknown-hard-r6/ex287/logs/ex287_r6_balanced_vector_mux.evaluate.py.log,source RTL balanced vector mux over exact cofactor words,three shared vector-mux stages select whole cofactor words before output assignment,student/work/ex204_ex299_frontend_breakthrough_20260614_1051/unknown-hard-r6/ex287/eval_outputs/ex287_r6_balanced_vector_mux,benchmarks/ex287.truth,1,31662,26880,4782,0,,,,,,,,,,,,,,,,,,,,,
unknown-hard-r6,unknown,ex287,ex287|hamming_weight_preserving_lossy_routing_normalizer|compact_decision_graph|xfirst_vector_mux|abc_g_aig|abc_xf_official_evaluate|full_word,,,,,,student/work/ex204_ex299_frontend_breakthrough_20260614_1051/unknown-hard-r6/ex287/verilog/ex287_r6_xfirst_vector_mux.v,student/work/ex204_ex299_frontend_breakthrough_20260614_1051/unknown-hard-r6/ex287/aigs/ex287_r6_xfirst_vector_mux.aig,student/work/ex204_ex299_frontend_breakthrough_20260614_1051/unknown-hard-r6/ex287/logs/ex287_r6_xfirst_vector_mux.evaluate.py.log,student/frontend_campaigns/campaigns/ex204_ex299_frontend_breakthrough_20260614_1051/agent_shards/unknown-hard-r6/failed_hypotheses.csv,official evaluate.py equivalent but not below current frontend best,ex287_r6_xfirst_vector_mux,,,ex287_r6_xfirst_vector_mux,1769,18,31842,,reorder the shared vector decision graph to test whether selector criticality is tied to the high selector bit,xfirst_vector_mux,OK,student/work/ex204_ex299_frontend_breakthrough_20260614_1051/unknown-hard-r6/ex287/logs/ex287_r6_xfirst_vector_mux.evaluate.py.log,source RTL high-selector-first vector mux over exact cofactor words,"vector mux tree tests outer_key[3] first, then walks down to outer_key[0]",student/work/ex204_ex299_frontend_breakthrough_20260614_1051/unknown-hard-r6/ex287/eval_outputs/ex287_r6_xfirst_vector_mux,benchmarks/ex287.truth,1,31842,26880,4962,0,,,,,,,,,,,,,,,,,,,,,
unknown-hard-r6,unknown,ex287,ex287|hamming_weight_preserving_lossy_routing_normalizer|pla_like_shared_predicate_mux|vector_mask_or_share|share_abc_g_aig|abc_xf_official_evaluate|full_word,,,,,,student/work/ex204_ex299_frontend_breakthrough_20260614_1051/unknown-hard-r6/ex287/verilog/ex287_r6_vector_mask_or_share.v,student/work/ex204_ex299_frontend_breakthrough_20260614_1051/unknown-hard-r6/ex287/aigs/ex287_r6_vector_mask_or_share.aig,student/work/ex204_ex299_frontend_breakthrough_20260614_1051/unknown-hard-r6/ex287/logs/ex287_r6_vector_mask_or_share.evaluate.py.log,student/frontend_campaigns/campaigns/ex204_ex299_frontend_breakthrough_20260614_1051/agent_shards/unknown-hard-r6/failed_hypotheses.csv,official evaluate.py equivalent but not below current frontend best,ex287_r6_vector_mask_or_share,,,ex287_r6_vector_mask_or_share,1708,16,27328,,share class predicates as full-word masks instead of per-bit OR or procedural case selection,vector_mask_or_share,OK,student/work/ex204_ex299_frontend_breakthrough_20260614_1051/unknown-hard-r6/ex287/logs/ex287_r6_vector_mask_or_share.evaluate.py.log,source RTL onehot class predicate vector mask OR,sixteen onehot class predicates gate full cofactor words and share final OR reduction,student/work/ex204_ex299_frontend_breakthrough_20260614_1051/unknown-hard-r6/ex287/eval_outputs/ex287_r6_vector_mask_or_share,benchmarks/ex287.truth,1,27328,26880,448,0,,,,,,,,,,,,,,,,,,,,,
unknown-hard-r6,unknown,ex287,ex287|hamming_weight_preserving_lossy_routing_normalizer|reordered_shannon_cofactor_forest|global_forest_outer_2_3_11_13|abc_g_aig|abc_xf_official_evaluate|full_word,,,,,,student/work/ex204_ex299_frontend_breakthrough_20260614_1051/unknown-hard-r6/ex287/verilog/ex287_r6_global_forest_outer_2_3_11_13.v,student/work/ex204_ex299_frontend_breakthrough_20260614_1051/unknown-hard-r6/ex287/aigs/ex287_r6_global_forest_outer_2_3_11_13.aig,student/work/ex204_ex299_frontend_breakthrough_20260614_1051/unknown-hard-r6/ex287/logs/ex287_r6_global_forest_outer_2_3_11_13.evaluate.py.log,student/frontend_campaigns/campaigns/ex204_ex299_frontend_breakthrough_20260614_1051/agent_shards/unknown-hard-r6/failed_hypotheses.csv,official evaluate.py equivalent but not below current frontend best; outer_bits=2:3:11:13; inner_order=12:10:9:8:7:6:5:4:1:0; policy=f00; bdd_nodes=1231,ex287_r6_global_forest_outer_2_3_11_13,,,ex287_r6_global_forest_outer_2_3_11_13,2232,19,42408,,use a materially different route-state outer split and one global BDD node pool across all class cofactors,global_forest_outer_2_3_11_13,OK,student/work/ex204_ex299_frontend_breakthrough_20260614_1051/unknown-hard-r6/ex287/logs/ex287_r6_global_forest_outer_2_3_11_13.evaluate.py.log,truth-derived pair-canonical cofactor forest Verilog,single BDD node pool over all output roots and all 16 new route-state classes,student/work/ex204_ex299_frontend_breakthrough_20260614_1051/unknown-hard-r6/ex287/eval_outputs/ex287_r6_global_forest_outer_2_3_11_13,benchmarks/ex287.truth,1,42408,26880,15528,0,,,,,,,,,,,,,,,,,,,,,
unknown-hard-r6,unknown,ex286,ex286|hamming_weight_preserving_lossy_routing_normalizer|class_relation_fold_screen|constant_xor_class_relations|no_synth|blocked_before_verilog|full_word,,,,,,,,,student/frontend_campaigns/campaigns/ex204_ex299_frontend_breakthrough_20260614_1051/agent_shards/unknown-hard-r6/failed_hypotheses.csv,no exact class relation was strong enough to replace cofactor classes without reverting to a residual table,ex286_r6_class_relation_screen,,,ex286_r6_class_relation_screen,,,,,fold selector classes through exact cross-class constant-XOR or near-XOR relations before emitting a shared representative source,class_relation_screen,BLOCKED_NO_CANDIDATE,,diagnostic screen before RTL emission,would share representative cofactors only if exact transform-related classes existed,,benchmarks/ex286.truth,0,,20190,,0,blocked_before_verilog,student/work/ex204_ex299_frontend_breakthrough_20260614_1051/unknown-hard-r6/ex286/diagnostics/ex286_r6_class_relation_screen.md,,,,,,,,,,,,,,,,,,,
unknown-hard-r6,unknown,ex287,ex287|hamming_weight_preserving_lossy_routing_normalizer|class_relation_fold_screen|constant_xor_class_relations|no_synth|blocked_before_verilog|full_word,,,,,,,,,student/frontend_campaigns/campaigns/ex204_ex299_frontend_breakthrough_20260614_1051/agent_shards/unknown-hard-r6/failed_hypotheses.csv,no exact class relation was strong enough to replace cofactor classes without reverting to a residual table,ex287_r6_class_relation_screen,,,ex287_r6_class_relation_screen,,,,,fold selector classes through exact cross-class constant-XOR or near-XOR relations before emitting a shared representative source,class_relation_screen,BLOCKED_NO_CANDIDATE,,diagnostic screen before RTL emission,would share representative cofactors only if exact transform-related classes existed,,benchmarks/ex287.truth,0,,26880,,0,blocked_before_verilog,student/work/ex204_ex299_frontend_breakthrough_20260614_1051/unknown-hard-r6/ex287/diagnostics/ex287_r6_class_relation_screen.md,,,,,,,,,,,,,,,,,,,
unknown-global-r6,unknown,ex285,,,ADP did not beat current frontend registry baseline,,,,student/work/ex204_ex299_frontend_breakthrough_20260614_1051/unknown-global-r6/ex285/verilog/ex285_r6_boundary_odd_lane.v,student/runs/unknown/ex204_ex299_frontend_breakthrough_20260614_1051/unknown-global-r6/ex285/official_eval/ex285_r6_boundary_odd_lane/ex285.aig,student/work/ex204_ex299_frontend_breakthrough_20260614_1051/unknown-global-r6/ex285/logs/ex285_r6_boundary_odd_lane.evaluate.log,student/frontend_campaigns/campaigns/ex204_ex299_frontend_breakthrough_20260614_1051/agent_shards/unknown-global-r6/failed_hypotheses.csv,,ex285_r6_boundary_odd_lane,,,ex285_r6_boundary_odd_lane,800,17,13600,,Reuse the exact route-boundary helper only on odd output lanes to test a different residual cut from prior even/edge overlays.,,equivalent_but_no_improvement,,,,,,,,,,,,,2026-06-14 13:11:46 +0800,source_boundary_bit_overlay,12800,student/work/ex204_ex299_frontend_breakthrough_20260614_1051/unknown-global-r6/ex285/logs/ex285_r6_boundary_odd_lane.evaluate.log,,,,,,,,,,,,,,,
unknown-global-r6,unknown,ex288,,,official evaluate.py did not return OK,,,,student/work/ex204_ex299_frontend_breakthrough_20260614_1051/unknown-global-r6/ex288/verilog/ex288_r6_onehot_mid_twohot_ring.v,student/runs/unknown/ex204_ex299_frontend_breakthrough_20260614_1051/unknown-global-r6/ex288/official_eval/ex288_r6_onehot_mid_twohot_ring/ex288.aig,student/work/ex204_ex299_frontend_breakthrough_20260614_1051/unknown-global-r6/ex288/logs/ex288_r6_onehot_mid_twohot_ring.evaluate.log,student/frontend_campaigns/campaigns/ex204_ex299_frontend_breakthrough_20260614_1051/agent_shards/unknown-global-r6/failed_hypotheses.csv,,ex288_r6_onehot_mid_twohot_ring,,,ex288_r6_onehot_mid_twohot_ring,,,,,Combine onehot boundary outputs in the mid band with twohot ring overlays to avoid the exhausted full-boundary signature.,,NOT_EQUIV,,,,,,,,,,,,,2026-06-14 13:11:55 +0800,cofactor_predicate_bit_overlay,31598,student/work/ex204_ex299_frontend_breakthrough_20260614_1051/unknown-global-r6/ex288/logs/ex288_r6_onehot_mid_twohot_ring.evaluate.log,,,,,,,,,,,,,,,
unknown-global-r6,unknown,ex289,,,official evaluate.py did not return OK,,,,student/work/ex204_ex299_frontend_breakthrough_20260614_1051/unknown-global-r6/ex289/verilog/ex289_r6_split2_current_recut.v,student/runs/unknown/ex204_ex299_frontend_breakthrough_20260614_1051/unknown-global-r6/ex289/official_eval/ex289_r6_split2_current_recut/ex289.aig,student/work/ex204_ex299_frontend_breakthrough_20260614_1051/unknown-global-r6/ex289/logs/ex289_r6_split2_current_recut.evaluate.log,student/frontend_campaigns/campaigns/ex204_ex299_frontend_breakthrough_20260614_1051/agent_shards/unknown-global-r6/failed_hypotheses.csv,,ex289_r6_split2_current_recut,,,ex289_r6_split2_current_recut,,,,,Resynthesize the exact split2 XOR wrapper as a clean top boundary for official comparison.,,NOT_EQUIV,,,,,,,,,,,,,2026-06-14 13:11:57 +0800,source_boundary_recut,19893,student/work/ex204_ex299_frontend_breakthrough_20260614_1051/unknown-global-r6/ex289/logs/ex289_r6_split2_current_recut.evaluate.log,,,,,,,,,,,,,,,
unknown-global-r6,unknown,ex290,,,ADP did not beat current frontend registry baseline,,,,student/work/ex204_ex299_frontend_breakthrough_20260614_1051/unknown-global-r6/ex290/verilog/ex290_r6_rotate_split_current_recut.v,student/runs/unknown/ex204_ex299_frontend_breakthrough_20260614_1051/unknown-global-r6/ex290/official_eval/ex290_r6_rotate_split_current_recut/ex290.aig,student/work/ex204_ex299_frontend_breakthrough_20260614_1051/unknown-global-r6/ex290/logs/ex290_r6_rotate_split_current_recut.evaluate.log,student/frontend_campaigns/campaigns/ex204_ex299_frontend_breakthrough_20260614_1051/agent_shards/unknown-global-r6/failed_hypotheses.csv,,ex290_r6_rotate_split_current_recut,,,ex290_r6_rotate_split_current_recut,4518,16,72288,,Recut the known rotate-high split implementation through the current frontend flow.,,equivalent_but_no_improvement,,,,,,,,,,,,,2026-06-14 13:12:00 +0800,source_boundary_recut,61992,student/work/ex204_ex299_frontend_breakthrough_20260614_1051/unknown-global-r6/ex290/logs/ex290_r6_rotate_split_current_recut.evaluate.log,,,,,,,,,,,,,,,
unknown-global-r6,unknown,ex290,,,ADP did not beat current frontend registry baseline,,,,student/work/ex204_ex299_frontend_breakthrough_20260614_1051/unknown-global-r6/ex290/verilog/ex290_r6_mod4_grouped_bdd.v,student/runs/unknown/ex204_ex299_frontend_breakthrough_20260614_1051/unknown-global-r6/ex290/official_eval/ex290_r6_mod4_grouped_bdd/ex290.aig,student/work/ex204_ex299_frontend_breakthrough_20260614_1051/unknown-global-r6/ex290/logs/ex290_r6_mod4_grouped_bdd.evaluate.log,student/frontend_campaigns/campaigns/ex204_ex299_frontend_breakthrough_20260614_1051/agent_shards/unknown-global-r6/failed_hypotheses.csv,,ex290_r6_mod4_grouped_bdd,,,ex290_r6_mod4_grouped_bdd,3930,19,74670,,Build a fresh exact shared BDD with mod-4 grouped output-root order and outside-in variable order.,,equivalent_but_no_improvement,,,,,,,,,,,,,2026-06-14 13:12:01 +0800,global_grouped_bdd,61992,student/work/ex204_ex299_frontend_breakthrough_20260614_1051/unknown-global-r6/ex290/logs/ex290_r6_mod4_grouped_bdd.evaluate.log,,,,,,,,,,,,,,,
unknown-global-r6,unknown,ex291,,,ADP did not beat current frontend registry baseline,,,,student/work/ex204_ex299_frontend_breakthrough_20260614_1051/unknown-global-r6/ex291/verilog/ex291_r6_rotate_split_current_recut.v,student/runs/unknown/ex204_ex299_frontend_breakthrough_20260614_1051/unknown-global-r6/ex291/official_eval/ex291_r6_rotate_split_current_recut/ex291.aig,student/work/ex204_ex299_frontend_breakthrough_20260614_1051/unknown-global-r6/ex291/logs/ex291_r6_rotate_split_current_recut.evaluate.log,student/frontend_campaigns/campaigns/ex204_ex299_frontend_breakthrough_20260614_1051/agent_shards/unknown-global-r6/failed_hypotheses.csv,,ex291_r6_rotate_split_current_recut,,,ex291_r6_rotate_split_current_recut,6685,16,106960,,Recut the known rotate-high split implementation through the current frontend flow.,,equivalent_but_no_improvement,,,,,,,,,,,,,2026-06-14 13:12:08 +0800,source_boundary_recut,97545,student/work/ex204_ex299_frontend_breakthrough_20260614_1051/unknown-global-r6/ex291/logs/ex291_r6_rotate_split_current_recut.evaluate.log,,,,,,,,,,,,,,,
unknown-global-r6,unknown,ex291,,,ADP did not beat current frontend registry baseline,,,,student/work/ex204_ex299_frontend_breakthrough_20260614_1051/unknown-global-r6/ex291/verilog/ex291_r6_mod4_grouped_bdd.v,student/runs/unknown/ex204_ex299_frontend_breakthrough_20260614_1051/unknown-global-r6/ex291/official_eval/ex291_r6_mod4_grouped_bdd/ex291.aig,student/work/ex204_ex299_frontend_breakthrough_20260614_1051/unknown-global-r6/ex291/logs/ex291_r6_mod4_grouped_bdd.evaluate.log,student/frontend_campaigns/campaigns/ex204_ex299_frontend_breakthrough_20260614_1051/agent_shards/unknown-global-r6/failed_hypotheses.csv,,ex291_r6_mod4_grouped_bdd,,,ex291_r6_mod4_grouped_bdd,5375,20,107500,,Build a fresh exact shared BDD with mod-4 grouped output-root order and center-aware variable order.,,equivalent_but_no_improvement,,,,,,,,,,,,,2026-06-14 13:12:10 +0800,global_grouped_bdd,97545,student/work/ex204_ex299_frontend_breakthrough_20260614_1051/unknown-global-r6/ex291/logs/ex291_r6_mod4_grouped_bdd.evaluate.log,,,,,,,,,,,,,,,
unknown-global-r6,unknown,ex292,,,ADP did not beat current frontend registry baseline,,,,student/work/ex204_ex299_frontend_breakthrough_20260614_1051/unknown-global-r6/ex292/verilog/ex292_r6_mod7_centerline_mix.v,student/runs/unknown/ex204_ex299_frontend_breakthrough_20260614_1051/unknown-global-r6/ex292/official_eval/ex292_r6_mod7_centerline_mix/ex292.aig,student/work/ex204_ex299_frontend_breakthrough_20260614_1051/unknown-global-r6/ex292/logs/ex292_r6_mod7_centerline_mix.evaluate.log,student/frontend_campaigns/campaigns/ex204_ex299_frontend_breakthrough_20260614_1051/agent_shards/unknown-global-r6/failed_hypotheses.csv,,ex292_r6_mod7_centerline_mix,,,ex292_r6_mod7_centerline_mix,6827,22,150194,,Move only centerline outputs to the exact mod7-pair donor while retaining the current mod4-plane base.,,equivalent_but_no_improvement,,,,,,,,,,,,,2026-06-14 13:12:15 +0800,cofactor_dag_bit_overlay,135200,student/work/ex204_ex299_frontend_breakthrough_20260614_1051/unknown-global-r6/ex292/logs/ex292_r6_mod7_centerline_mix.evaluate.log,,,,,,,,,,,,,,,
unknown-global-r6,unknown,ex292,,,ADP did not beat current frontend registry baseline,,,,student/work/ex204_ex299_frontend_breakthrough_20260614_1051/unknown-global-r6/ex292/verilog/ex292_r6_centerout_grouped_bdd.v,student/runs/unknown/ex204_ex299_frontend_breakthrough_20260614_1051/unknown-global-r6/ex292/official_eval/ex292_r6_centerout_grouped_bdd/ex292.aig,student/work/ex204_ex299_frontend_breakthrough_20260614_1051/unknown-global-r6/ex292/logs/ex292_r6_centerout_grouped_bdd.evaluate.log,student/frontend_campaigns/campaigns/ex204_ex299_frontend_breakthrough_20260614_1051/agent_shards/unknown-global-r6/failed_hypotheses.csv,,ex292_r6_centerout_grouped_bdd,,,ex292_r6_centerout_grouped_bdd,36997,25,924925,,Build a fresh exact center-out shared BDD to test output-root sharing independent of prior mod4/mod7 wrappers.,,equivalent_but_no_improvement,,,,,,,,,,,,,2026-06-14 13:12:36 +0800,global_grouped_bdd,135200,student/work/ex204_ex299_frontend_breakthrough_20260614_1051/unknown-global-r6/ex292/logs/ex292_r6_centerout_grouped_bdd.evaluate.log,,,,,,,,,,,,,,,
unknown-global-r6,unknown,ex294,,,ADP did not beat current frontend registry baseline,,,,student/work/ex204_ex299_frontend_breakthrough_20260614_1051/unknown-global-r6/ex294/verilog/ex294_r6_descriptor_middle_band_mux.v,student/runs/unknown/ex204_ex299_frontend_breakthrough_20260614_1051/unknown-global-r6/ex294/official_eval/ex294_r6_descriptor_middle_band_mux/ex294.aig,student/work/ex204_ex299_frontend_breakthrough_20260614_1051/unknown-global-r6/ex294/logs/ex294_r6_descriptor_middle_band_mux.evaluate.log,student/frontend_campaigns/campaigns/ex204_ex299_frontend_breakthrough_20260614_1051/agent_shards/unknown-global-r6/failed_hypotheses.csv,,ex294_r6_descriptor_middle_band_mux,,,ex294_r6_descriptor_middle_band_mux,10970,23,252310,,Use the current shared descriptor base but switch only the middle band to the exact mod4 descriptor donor.,,equivalent_but_no_improvement,,,,,,,,,,,,,2026-06-14 13:12:43 +0800,compact_descriptor_cofactor_overlay,234608,student/work/ex204_ex299_frontend_breakthrough_20260614_1051/unknown-global-r6/ex294/logs/ex294_r6_descriptor_middle_band_mux.evaluate.log,,,,,,,,,,,,,,,
unknown-global-r6,unknown,ex297,,,ADP did not beat current frontend registry baseline,,,,student/work/ex204_ex299_frontend_breakthrough_20260614_1051/unknown-global-r6/ex297/verilog/ex297_r6_pairsel_celllocal_anchor_bridge.v,student/runs/unknown/ex204_ex299_frontend_breakthrough_20260614_1051/unknown-global-r6/ex297/official_eval/ex297_r6_pairsel_celllocal_anchor_bridge/ex297.aig,student/work/ex204_ex299_frontend_breakthrough_20260614_1051/unknown-global-r6/ex297/logs/ex297_r6_pairsel_celllocal_anchor_bridge.evaluate.log,student/frontend_campaigns/campaigns/ex204_ex299_frontend_breakthrough_20260614_1051/agent_shards/unknown-global-r6/failed_hypotheses.csv,,ex297_r6_pairsel_celllocal_anchor_bridge,,,ex297_r6_pairsel_celllocal_anchor_bridge,26597,18,478746,,"Bridge pairsel and cell-local exact descriptors only on anchored low/high paired lanes, avoiding prior edge-only and lowhi-pair signatures.",,equivalent_but_no_improvement,,,,,,,,,,,,,2026-06-14 13:13:25 +0800,cyclic_cell_descriptor_overlay,425024,student/work/ex204_ex299_frontend_breakthrough_20260614_1051/unknown-global-r6/ex297/logs/ex297_r6_pairsel_celllocal_anchor_bridge.evaluate.log,,,,,,,,,,,,,,,
unknown-global-r6,unknown,ex298,,,ADP did not beat current frontend registry baseline,,,,student/work/ex204_ex299_frontend_breakthrough_20260614_1051/unknown-global-r6/ex298/verilog/ex298_r6_rotate_split_current_recut.v,student/runs/unknown/ex204_ex299_frontend_breakthrough_20260614_1051/unknown-global-r6/ex298/official_eval/ex298_r6_rotate_split_current_recut/ex298.aig,student/work/ex204_ex299_frontend_breakthrough_20260614_1051/unknown-global-r6/ex298/logs/ex298_r6_rotate_split_current_recut.evaluate.log,student/frontend_campaigns/campaigns/ex204_ex299_frontend_breakthrough_20260614_1051/agent_shards/unknown-global-r6/failed_hypotheses.csv,,ex298_r6_rotate_split_current_recut,,,ex298_r6_rotate_split_current_recut,34258,20,685160,,Recut the known rotate-high split implementation through the current frontend flow.,,equivalent_but_no_improvement,,,,,,,,,,,,,2026-06-14 13:13:56 +0800,source_boundary_recut,645639,student/work/ex204_ex299_frontend_breakthrough_20260614_1051/unknown-global-r6/ex298/logs/ex298_r6_rotate_split_current_recut.evaluate.log,,,,,,,,,,,,,,,
unknown-global-r6,unknown,ex299,,,ADP did not beat current frontend registry baseline,,,,student/work/ex204_ex299_frontend_breakthrough_20260614_1051/unknown-global-r6/ex299/verilog/ex299_r6_celllocal_edge_bridge_2_13.v,student/runs/unknown/ex204_ex299_frontend_breakthrough_20260614_1051/unknown-global-r6/ex299/official_eval/ex299_r6_celllocal_edge_bridge_2_13/ex299.aig,student/work/ex204_ex299_frontend_breakthrough_20260614_1051/unknown-global-r6/ex299/logs/ex299_r6_celllocal_edge_bridge_2_13.evaluate.log,student/frontend_campaigns/campaigns/ex204_ex299_frontend_breakthrough_20260614_1051/agent_shards/unknown-global-r6/failed_hypotheses.csv,,ex299_r6_celllocal_edge_bridge_2_13,,,ex299_r6_celllocal_edge_bridge_2_13,98643,20,1972860,,Move a symmetric near-edge bridge to the exact cell-local donor while preserving the static pair89 base.,,equivalent_but_no_improvement,,,,,,,,,,,,,2026-06-14 13:19:47 +0800,cyclic_cell_descriptor_overlay,1774260,student/work/ex204_ex299_frontend_breakthrough_20260614_1051/unknown-global-r6/ex299/logs/ex299_r6_celllocal_edge_bridge_2_13.evaluate.log,,,,,,,,,,,,,,,
unknown-global-r6,unknown,ex299,,,ADP did not beat current frontend registry baseline,,,,student/work/ex204_ex299_frontend_breakthrough_20260614_1051/unknown-global-r6/ex299/verilog/ex299_r6_pairsel_edge_bridge_2_13.v,student/runs/unknown/ex204_ex299_frontend_breakthrough_20260614_1051/unknown-global-r6/ex299/official_eval/ex299_r6_pairsel_edge_bridge_2_13/ex299.aig,student/work/ex204_ex299_frontend_breakthrough_20260614_1051/unknown-global-r6/ex299/logs/ex299_r6_pairsel_edge_bridge_2_13.evaluate.log,student/frontend_campaigns/campaigns/ex204_ex299_frontend_breakthrough_20260614_1051/agent_shards/unknown-global-r6/failed_hypotheses.csv,,ex299_r6_pairsel_edge_bridge_2_13,,,ex299_r6_pairsel_edge_bridge_2_13,98765,20,1975300,,Swap the same near-edge bridge to the exact pairsel donor to separate cell-local and pairsel sharing effects.,,equivalent_but_no_improvement,,,,,,,,,,,,,2026-06-14 13:25:43 +0800,cyclic_cell_descriptor_overlay,1774260,student/work/ex204_ex299_frontend_breakthrough_20260614_1051/unknown-global-r6/ex299/logs/ex299_r6_pairsel_edge_bridge_2_13.evaluate.log,,,,,,,,,,,,,,,
unknown-global-r6,unknown,ex288,,,ADP did not beat current frontend registry baseline,,,,student/work/ex204_ex299_frontend_breakthrough_20260614_1051/unknown-global-r6/ex288/verilog/ex288_r6_onehot_mid_twohot_ring.v,student/runs/unknown/ex204_ex299_frontend_breakthrough_20260614_1051/unknown-global-r6/ex288/official_eval/ex288_r6_onehot_mid_twohot_ring/ex288.aig,student/work/ex204_ex299_frontend_breakthrough_20260614_1051/unknown-global-r6/ex288/logs/ex288_r6_onehot_mid_twohot_ring.evaluate.log,student/frontend_campaigns/campaigns/ex204_ex299_frontend_breakthrough_20260614_1051/agent_shards/unknown-global-r6/failed_hypotheses.csv,,ex288_r6_onehot_mid_twohot_ring,,,ex288_r6_onehot_mid_twohot_ring,2286,16,36576,,Combine onehot boundary outputs in the mid band with twohot ring overlays to avoid the exhausted full-boundary signature.,,equivalent_but_no_improvement,,,,,,,,,,,,,2026-06-14 13:28:07 +0800,cofactor_predicate_bit_overlay,31598,student/work/ex204_ex299_frontend_breakthrough_20260614_1051/unknown-global-r6/ex288/logs/ex288_r6_onehot_mid_twohot_ring.evaluate.log,,,,,,,,,,,,,,,
unknown-global-r6,unknown,ex289,,,ADP did not beat current frontend registry baseline,,,,student/work/ex204_ex299_frontend_breakthrough_20260614_1051/unknown-global-r6/ex289/verilog/ex289_r6_split2_current_recut.v,student/runs/unknown/ex204_ex299_frontend_breakthrough_20260614_1051/unknown-global-r6/ex289/official_eval/ex289_r6_split2_current_recut/ex289.aig,student/work/ex204_ex299_frontend_breakthrough_20260614_1051/unknown-global-r6/ex289/logs/ex289_r6_split2_current_recut.evaluate.log,student/frontend_campaigns/campaigns/ex204_ex299_frontend_breakthrough_20260614_1051/agent_shards/unknown-global-r6/failed_hypotheses.csv,,ex289_r6_split2_current_recut,,,ex289_r6_split2_current_recut,1147,22,25234,,Resynthesize the exact split2 XOR wrapper as a clean top boundary for official comparison.,,equivalent_but_no_improvement,,,,,,,,,,,,,2026-06-14 13:28:09 +0800,source_boundary_recut,19893,student/work/ex204_ex299_frontend_breakthrough_20260614_1051/unknown-global-r6/ex289/logs/ex289_r6_split2_current_recut.evaluate.log,,,,,,,,,,,,,,,
fp8-high-r8,float_fp8,ex240,ex240|E4M3FN packed add high byte plus low byte|zero/pass-through shell over r64 sign-magnitude selected source|shared NaN/zero/sign predicates plus existing same/diff normalizer|repo_yosys_frontend_default|official_evaluate_py|full_word_zero_shell,semantic_fp8_shell,equivalent_but_nonwinning,636,46,29256,student/work/ex204_ex299_frontend_breakthrough_20260614_1051/fp8-high-r8/ex240/verilog/ex240_r8_zero_shell.v,student/work/ex204_ex299_frontend_breakthrough_20260614_1051/fp8-high-r8/ex240/aigs/ex240_r8_zero_shell.aig,student/runs/float_fp8/ex204_ex299_frontend_breakthrough_20260614_1051/fp8-high-r8/ex240/logs/ex240_r8_zero_shell.evaluate.py.log,student/frontend_campaigns/campaigns/ex204_ex299_frontend_breakthrough_20260614_1051/agent_shards/fp8-high-r8/failed_hypotheses.csv,official evaluate.py status OK,,,,,636,46,29256,,,,,student/runs/float_fp8/ex204_ex299_frontend_breakthrough_20260614_1051/fp8-high-r8/ex240/logs/ex240_r8_zero_shell.evaluate.py.log,,,,,,,,,,,,,,,,student/work/ex204_ex299_frontend_breakthrough_20260614_1051/fp8-high-r8/ex240/logs/ex240_r8_zero_shell.yosys.log,,,,,,,,,,,,,,
fp8-high-r8,float_fp8,ex240,ex240|E4M3FN packed add high byte plus low byte|packed same/diff result branch instead of separate sign/magnitude selectors|shared same-sign GRS and diff cancellation normalizer with a narrower final branch mux|repo_yosys_frontend_default|official_evaluate_py|packed_same_diff_word,regrouped_rounding_saturation_predicates,equivalent_but_nonwinning,645,45,29025,student/work/ex204_ex299_frontend_breakthrough_20260614_1051/fp8-high-r8/ex240/verilog/ex240_r8_packed_branch.v,student/work/ex204_ex299_frontend_breakthrough_20260614_1051/fp8-high-r8/ex240/aigs/ex240_r8_packed_branch.aig,student/runs/float_fp8/ex204_ex299_frontend_breakthrough_20260614_1051/fp8-high-r8/ex240/logs/ex240_r8_packed_branch.evaluate.py.log,student/frontend_campaigns/campaigns/ex204_ex299_frontend_breakthrough_20260614_1051/agent_shards/fp8-high-r8/failed_hypotheses.csv,official evaluate.py status OK,,,,,645,45,29025,,,,,student/runs/float_fp8/ex204_ex299_frontend_breakthrough_20260614_1051/fp8-high-r8/ex240/logs/ex240_r8_packed_branch.evaluate.py.log,,,,,,,,,,,,,,,,student/work/ex204_ex299_frontend_breakthrough_20260614_1051/fp8-high-r8/ex240/logs/ex240_r8_packed_branch.yosys.log,,,,,,,,,,,,,,
fp8-high-r8,float_fp8,ex240,ex240|E4M3FN packed add high byte plus low byte|diff-gapcase formula normalizer source copied into shard for official repo-flow recheck|shared field decode with formula diff-sign cancellation/range partition|repo_yosys_frontend_default|official_evaluate_py|range_partitioned_diff_path,direct_range_partitioning,equivalent_but_nonwinning,680,42,28560,student/work/ex204_ex299_frontend_breakthrough_20260614_1051/fp8-high-r8/ex240/verilog/ex240_r8_diff_formula_range.v,student/work/ex204_ex299_frontend_breakthrough_20260614_1051/fp8-high-r8/ex240/aigs/ex240_r8_diff_formula_range.aig,student/runs/float_fp8/ex204_ex299_frontend_breakthrough_20260614_1051/fp8-high-r8/ex240/logs/ex240_r8_diff_formula_range.evaluate.py.log,student/frontend_campaigns/campaigns/ex204_ex299_frontend_breakthrough_20260614_1051/agent_shards/fp8-high-r8/failed_hypotheses.csv,official evaluate.py status OK,,,,,680,42,28560,,,,,student/runs/float_fp8/ex204_ex299_frontend_breakthrough_20260614_1051/fp8-high-r8/ex240/logs/ex240_r8_diff_formula_range.evaluate.py.log,,,,,,,,,,,,,,,,student/work/ex204_ex299_frontend_breakthrough_20260614_1051/fp8-high-r8/ex240/logs/ex240_r8_diff_formula_range.yosys.log,,,,,,,,,,,,,,
fp8-high-r8,float_fp8,ex241,ex241|E4M3FN packed multiply high byte times low byte|zero-product guard around nested exponent/product table|shared NaN/sign/zero predicates and product table residual|repo_yosys_frontend_default|official_evaluate_py|full_word_zero_shell,semantic_fp8_shell,equivalent_but_nonwinning,553,30,16590,student/work/ex204_ex299_frontend_breakthrough_20260614_1051/fp8-high-r8/ex241/verilog/ex241_r8_zero_shell.v,student/work/ex204_ex299_frontend_breakthrough_20260614_1051/fp8-high-r8/ex241/aigs/ex241_r8_zero_shell.aig,student/runs/float_fp8/ex204_ex299_frontend_breakthrough_20260614_1051/fp8-high-r8/ex241/logs/ex241_r8_zero_shell.evaluate.py.log,student/frontend_campaigns/campaigns/ex204_ex299_frontend_breakthrough_20260614_1051/agent_shards/fp8-high-r8/failed_hypotheses.csv,official evaluate.py status OK,,,,,553,30,16590,,,,,student/runs/float_fp8/ex204_ex299_frontend_breakthrough_20260614_1051/fp8-high-r8/ex241/logs/ex241_r8_zero_shell.evaluate.py.log,,,,,,,,,,,,,,,,student/work/ex204_ex299_frontend_breakthrough_20260614_1051/fp8-high-r8/ex241/logs/ex241_r8_zero_shell.yosys.log,,,,,,,,,,,,,,
fp8-high-r8,float_fp8,ex241,"ex241|E4M3FN packed multiply high byte times low byte|bit-boundary NaN/sign payload split over nested product source|shared sign xor, exponent sum, product table and grouped payload mux|repo_yosys_frontend_default|official_evaluate_py|sign_exp_frac_payload",regrouped_rounding_saturation_predicates,equivalent_but_nonwinning,547,30,16410,student/work/ex204_ex299_frontend_breakthrough_20260614_1051/fp8-high-r8/ex241/verilog/ex241_r8_bit_boundary.v,student/work/ex204_ex299_frontend_breakthrough_20260614_1051/fp8-high-r8/ex241/aigs/ex241_r8_bit_boundary.aig,student/runs/float_fp8/ex204_ex299_frontend_breakthrough_20260614_1051/fp8-high-r8/ex241/logs/ex241_r8_bit_boundary.evaluate.py.log,student/frontend_campaigns/campaigns/ex204_ex299_frontend_breakthrough_20260614_1051/agent_shards/fp8-high-r8/failed_hypotheses.csv,official evaluate.py status OK,,,,,547,30,16410,,,,,student/runs/float_fp8/ex204_ex299_frontend_breakthrough_20260614_1051/fp8-high-r8/ex241/logs/ex241_r8_bit_boundary.evaluate.py.log,,,,,,,,,,,,,,,,student/work/ex204_ex299_frontend_breakthrough_20260614_1051/fp8-high-r8/ex241/logs/ex241_r8_bit_boundary.yosys.log,,,,,,,,,,,,,,
fp8-high-r8,float_fp8,ex241,ex241|E4M3FN packed multiply high byte times low byte|product-class affine decision nodes with residual exponent windows|shared product leading/rounded-sig/exponent-sum/saturation predicates|repo_yosys_frontend_default|official_evaluate_py|decision_bus_magnitude,decision_graph_range_classes,equivalent_but_nonwinning,710,34,24140,student/work/ex204_ex299_frontend_breakthrough_20260614_1051/fp8-high-r8/ex241/verilog/ex241_r8_product_decision.v,student/work/ex204_ex299_frontend_breakthrough_20260614_1051/fp8-high-r8/ex241/aigs/ex241_r8_product_decision.aig,student/runs/float_fp8/ex204_ex299_frontend_breakthrough_20260614_1051/fp8-high-r8/ex241/logs/ex241_r8_product_decision.evaluate.py.log,student/frontend_campaigns/campaigns/ex204_ex299_frontend_breakthrough_20260614_1051/agent_shards/fp8-high-r8/failed_hypotheses.csv,official evaluate.py status OK,,,,,710,34,24140,,,,,student/runs/float_fp8/ex204_ex299_frontend_breakthrough_20260614_1051/fp8-high-r8/ex241/logs/ex241_r8_product_decision.evaluate.py.log,,,,,,,,,,,,,,,,student/work/ex204_ex299_frontend_breakthrough_20260614_1051/fp8-high-r8/ex241/logs/ex241_r8_product_decision.yosys.log,,,,,,,,,,,,,,
fp8-high-r8,float_fp8,ex245,"ex245|E5M2FN packed add high byte plus low byte|zero/pass-through shell over small-gap class formula|shared sorted fields, NaN/zero predicates, same/diff active class functions|repo_yosys_frontend_default|official_evaluate_py|full_word_zero_shell",semantic_fp8_shell,equivalent_but_nonwinning,734,34,24956,student/work/ex204_ex299_frontend_breakthrough_20260614_1051/fp8-high-r8/ex245/verilog/ex245_r8_zero_shell.v,student/work/ex204_ex299_frontend_breakthrough_20260614_1051/fp8-high-r8/ex245/aigs/ex245_r8_zero_shell.aig,student/runs/float_fp8/ex204_ex299_frontend_breakthrough_20260614_1051/fp8-high-r8/ex245/logs/ex245_r8_zero_shell.evaluate.py.log,student/frontend_campaigns/campaigns/ex204_ex299_frontend_breakthrough_20260614_1051/agent_shards/fp8-high-r8/failed_hypotheses.csv,official evaluate.py status OK,,,,,734,34,24956,,,,,student/runs/float_fp8/ex204_ex299_frontend_breakthrough_20260614_1051/fp8-high-r8/ex245/logs/ex245_r8_zero_shell.evaluate.py.log,,,,,,,,,,,,,,,,student/work/ex204_ex299_frontend_breakthrough_20260614_1051/fp8-high-r8/ex245/logs/ex245_r8_zero_shell.yosys.log,,,,,,,,,,,,,,
fp8-high-r8,float_fp8,ex245,ex245|E5M2FN packed add high byte plus low byte|packed same/diff active branch output over current class functions|shared gap/max/min decode with branch-local sign/magnitude output packing|repo_yosys_frontend_default|official_evaluate_py|packed_same_diff_word,regrouped_rounding_saturation_predicates,equivalent_but_nonwinning,734,35,25690,student/work/ex204_ex299_frontend_breakthrough_20260614_1051/fp8-high-r8/ex245/verilog/ex245_r8_packed_branch.v,student/work/ex204_ex299_frontend_breakthrough_20260614_1051/fp8-high-r8/ex245/aigs/ex245_r8_packed_branch.aig,student/runs/float_fp8/ex204_ex299_frontend_breakthrough_20260614_1051/fp8-high-r8/ex245/logs/ex245_r8_packed_branch.evaluate.py.log,student/frontend_campaigns/campaigns/ex204_ex299_frontend_breakthrough_20260614_1051/agent_shards/fp8-high-r8/failed_hypotheses.csv,official evaluate.py status OK,,,,,734,35,25690,,,,,student/runs/float_fp8/ex204_ex299_frontend_breakthrough_20260614_1051/fp8-high-r8/ex245/logs/ex245_r8_packed_branch.evaluate.py.log,,,,,,,,,,,,,,,,student/work/ex204_ex299_frontend_breakthrough_20260614_1051/fp8-high-r8/ex245/logs/ex245_r8_packed_branch.yosys.log,,,,,,,,,,,,,,
fp8-high-r8,float_fp8,ex245,"ex245|E5M2FN packed add high byte plus low byte|unified same/diff active decision bus around small-gap core|shared sorted decode, gap, same/diff saturation and residual predicates|repo_yosys_frontend_default|official_evaluate_py|decision_bus_active_magnitude",decision_graph_range_classes,equivalent_but_nonwinning,665,36,23940,student/work/ex204_ex299_frontend_breakthrough_20260614_1051/fp8-high-r8/ex245/verilog/ex245_r8_active_decision.v,student/work/ex204_ex299_frontend_breakthrough_20260614_1051/fp8-high-r8/ex245/aigs/ex245_r8_active_decision.aig,student/runs/float_fp8/ex204_ex299_frontend_breakthrough_20260614_1051/fp8-high-r8/ex245/logs/ex245_r8_active_decision.evaluate.py.log,student/frontend_campaigns/campaigns/ex204_ex299_frontend_breakthrough_20260614_1051/agent_shards/fp8-high-r8/failed_hypotheses.csv,official evaluate.py status OK,,,,,665,36,23940,,,,,student/runs/float_fp8/ex204_ex299_frontend_breakthrough_20260614_1051/fp8-high-r8/ex245/logs/ex245_r8_active_decision.evaluate.py.log,,,,,,,,,,,,,,,,student/work/ex204_ex299_frontend_breakthrough_20260614_1051/fp8-high-r8/ex245/logs/ex245_r8_active_decision.yosys.log,,,,,,,,,,,,,,
fp8-high-r8,float_fp8,ex246,ex246|E5M2FN packed multiply high byte times low byte|zero-product guard around seed12 product-class table|shared NaN/sign/zero predicates and product magnitude residual|repo_yosys_frontend_default|official_evaluate_py|full_word_zero_shell,semantic_fp8_shell,equivalent_but_nonwinning,355,24,8520,student/work/ex204_ex299_frontend_breakthrough_20260614_1051/fp8-high-r8/ex246/verilog/ex246_r8_zero_shell.v,student/work/ex204_ex299_frontend_breakthrough_20260614_1051/fp8-high-r8/ex246/aigs/ex246_r8_zero_shell.aig,student/runs/float_fp8/ex204_ex299_frontend_breakthrough_20260614_1051/fp8-high-r8/ex246/logs/ex246_r8_zero_shell.evaluate.py.log,student/frontend_campaigns/campaigns/ex204_ex299_frontend_breakthrough_20260614_1051/agent_shards/fp8-high-r8/failed_hypotheses.csv,official evaluate.py status OK,,,,,355,24,8520,,,,,student/runs/float_fp8/ex204_ex299_frontend_breakthrough_20260614_1051/fp8-high-r8/ex246/logs/ex246_r8_zero_shell.evaluate.py.log,,,,,,,,,,,,,,,,student/work/ex204_ex299_frontend_breakthrough_20260614_1051/fp8-high-r8/ex246/logs/ex246_r8_zero_shell.yosys.log,,,,,,,,,,,,,,
fp8-high-r8,float_fp8,ex246,"ex246|E5M2FN packed multiply high byte times low byte|bit-boundary NaN/sign payload split over seed12 product source|shared sign xor, exponent sum, product table and grouped payload mux|repo_yosys_frontend_default|official_evaluate_py|sign_exp_frac_payload",regrouped_rounding_saturation_predicates,equivalent_but_nonwinning,356,24,8544,student/work/ex204_ex299_frontend_breakthrough_20260614_1051/fp8-high-r8/ex246/verilog/ex246_r8_bit_boundary.v,student/work/ex204_ex299_frontend_breakthrough_20260614_1051/fp8-high-r8/ex246/aigs/ex246_r8_bit_boundary.aig,student/runs/float_fp8/ex204_ex299_frontend_breakthrough_20260614_1051/fp8-high-r8/ex246/logs/ex246_r8_bit_boundary.evaluate.py.log,student/frontend_campaigns/campaigns/ex204_ex299_frontend_breakthrough_20260614_1051/agent_shards/fp8-high-r8/failed_hypotheses.csv,official evaluate.py status OK,,,,,356,24,8544,,,,,student/runs/float_fp8/ex204_ex299_frontend_breakthrough_20260614_1051/fp8-high-r8/ex246/logs/ex246_r8_bit_boundary.evaluate.py.log,,,,,,,,,,,,,,,,student/work/ex204_ex299_frontend_breakthrough_20260614_1051/fp8-high-r8/ex246/logs/ex246_r8_bit_boundary.yosys.log,,,,,,,,,,,,,,
fp8-high-r8,float_fp8,ex246,ex246|E5M2FN packed multiply high byte times low byte|compact product decision-node bus|shared sign/NaN/exponent-sum/product/saturation/underflow predicates|repo_yosys_frontend_default|official_evaluate_py|grouped_exp_mant_magnitude,decision_graph_range_classes,equivalent_but_nonwinning,346,31,10726,student/work/ex204_ex299_frontend_breakthrough_20260614_1051/fp8-high-r8/ex246/verilog/ex246_r8_product_nodebus.v,student/work/ex204_ex299_frontend_breakthrough_20260614_1051/fp8-high-r8/ex246/aigs/ex246_r8_product_nodebus.aig,student/runs/float_fp8/ex204_ex299_frontend_breakthrough_20260614_1051/fp8-high-r8/ex246/logs/ex246_r8_product_nodebus.evaluate.py.log,student/frontend_campaigns/campaigns/ex204_ex299_frontend_breakthrough_20260614_1051/agent_shards/fp8-high-r8/failed_hypotheses.csv,official evaluate.py status OK,,,,,346,31,10726,,,,,student/runs/float_fp8/ex204_ex299_frontend_breakthrough_20260614_1051/fp8-high-r8/ex246/logs/ex246_r8_product_nodebus.evaluate.py.log,,,,,,,,,,,,,,,,student/work/ex204_ex299_frontend_breakthrough_20260614_1051/fp8-high-r8/ex246/logs/ex246_r8_product_nodebus.yosys.log,,,,,,,,,,,,,,
fp8-high-r8,float_fp8,ex249,ex249|E5M2FN hypot abs high low|raw-exp threshold delta table with explicit inc1/inc2 sum mux|shared max/min raw-exp decode and active-gap delta predicates|repo_yosys_frontend_default|official_evaluate_py|selected_delta_increment,small_residual_truth_tables,equivalent_but_nonwinning,191,31,5921,student/work/ex204_ex299_frontend_breakthrough_20260614_1051/fp8-high-r8/ex249/verilog/ex249_r8_inc_mux.v,student/work/ex204_ex299_frontend_breakthrough_20260614_1051/fp8-high-r8/ex249/aigs/ex249_r8_inc_mux.aig,student/runs/float_fp8/ex204_ex299_frontend_breakthrough_20260614_1051/fp8-high-r8/ex249/logs/ex249_r8_inc_mux.evaluate.py.log,student/frontend_campaigns/campaigns/ex204_ex299_frontend_breakthrough_20260614_1051/agent_shards/fp8-high-r8/failed_hypotheses.csv,official evaluate.py status OK,,,,,191,31,5921,,,,,student/runs/float_fp8/ex204_ex299_frontend_breakthrough_20260614_1051/fp8-high-r8/ex249/logs/ex249_r8_inc_mux.evaluate.py.log,,,,,,,,,,,,,,,,student/work/ex204_ex299_frontend_breakthrough_20260614_1051/fp8-high-r8/ex249/logs/ex249_r8_inc_mux.yosys.log,,,,,,,,,,,,,,
fp8-high-r8,float_fp8,ex249,"ex249|E5M2FN hypot abs high low|raw-exp threshold shell with grouped constant sign and payload bits|shared active-gap, saturation, delta-table and final magnitude mux|repo_yosys_frontend_default|official_evaluate_py|constant_sign_payload_group",regrouped_rounding_saturation_predicates,equivalent_but_nonwinning,198,28,5544,student/work/ex204_ex299_frontend_breakthrough_20260614_1051/fp8-high-r8/ex249/verilog/ex249_r8_bit_boundary.v,student/work/ex204_ex299_frontend_breakthrough_20260614_1051/fp8-high-r8/ex249/aigs/ex249_r8_bit_boundary.aig,student/runs/float_fp8/ex204_ex299_frontend_breakthrough_20260614_1051/fp8-high-r8/ex249/logs/ex249_r8_bit_boundary.evaluate.py.log,student/frontend_campaigns/campaigns/ex204_ex299_frontend_breakthrough_20260614_1051/agent_shards/fp8-high-r8/failed_hypotheses.csv,official evaluate.py status OK,,,,,198,28,5544,,,,,student/runs/float_fp8/ex204_ex299_frontend_breakthrough_20260614_1051/fp8-high-r8/ex249/logs/ex249_r8_bit_boundary.evaluate.py.log,,,,,,,,,,,,,,,,student/work/ex204_ex299_frontend_breakthrough_20260614_1051/fp8-high-r8/ex249/logs/ex249_r8_bit_boundary.yosys.log,,,,,,,,,,,,,,
fp8-high-r8,float_fp8,ex249,ex249|E5M2FN hypot abs high low|structural top-conversion predicate bus|shared raw-exp gap0/gap1 delta and saturation predicates|repo_yosys_frontend_default|official_evaluate_py|grouped_delta_saturation_magnitude,decision_graph_range_classes,equivalent_but_nonwinning,192,29,5568,student/work/ex204_ex299_frontend_breakthrough_20260614_1051/fp8-high-r8/ex249/verilog/ex249_r8_topconvert_nodes.v,student/work/ex204_ex299_frontend_breakthrough_20260614_1051/fp8-high-r8/ex249/aigs/ex249_r8_topconvert_nodes.aig,student/runs/float_fp8/ex204_ex299_frontend_breakthrough_20260614_1051/fp8-high-r8/ex249/logs/ex249_r8_topconvert_nodes.evaluate.py.log,student/frontend_campaigns/campaigns/ex204_ex299_frontend_breakthrough_20260614_1051/agent_shards/fp8-high-r8/failed_hypotheses.csv,official evaluate.py status OK,,,,,192,29,5568,,,,,student/runs/float_fp8/ex204_ex299_frontend_breakthrough_20260614_1051/fp8-high-r8/ex249/logs/ex249_r8_topconvert_nodes.evaluate.py.log,,,,,,,,,,,,,,,,student/work/ex204_ex299_frontend_breakthrough_20260614_1051/fp8-high-r8/ex249/logs/ex249_r8_topconvert_nodes.yosys.log,,,,,,,,,,,,,,
fp8-recent-r8,float_fp8,ex242,r8_splitpo_axis_numzero_special_shell,structural RTL splitting payload/sign/exponent/mantissa outputs,officially equivalent but did not beat current frontend best,905,21,19005,student/work/ex204_ex299_frontend_breakthrough_20260614_1051/fp8-recent-r8/ex242/verilog/ex242_r8_splitpo_numzero_shell_abc_g_aig_frontend.v,student/work/ex204_ex299_frontend_breakthrough_20260614_1051/fp8-recent-r8/ex242/aig/ex242_r8_splitpo_numzero_shell_abc_g_aig_frontend.aig,student/runs/float_fp8/ex204_ex299_frontend_breakthrough_20260614_1051/fp8-recent-r8/ex242/logs/ex242_r8_splitpo_numzero_shell_abc_g_aig_frontend.evaluate.py.log,student/frontend_campaigns/campaigns/ex204_ex299_frontend_breakthrough_20260614_1051/agent_shards/fp8-recent-r8/failed_hypotheses.csv,synth_log=student/work/ex204_ex299_frontend_breakthrough_20260614_1051/fp8-recent-r8/ex242/logs/ex242_r8_splitpo_numzero_shell_abc_g_aig_frontend.yosys.log,,,,ex242_r8_splitpo_numzero_shell_abc_g_aig_frontend,905,21,19005,,,,,student/runs/float_fp8/ex204_ex299_frontend_breakthrough_20260614_1051/fp8-recent-r8/ex242/logs/ex242_r8_splitpo_numzero_shell_abc_g_aig_frontend.evaluate.py.log,,,,,,,,,,,,,,,,,,,,,,,,,,,,,,
fp8-recent-r8,float_fp8,ex244,r8_rawsum_saturation_payload_split,regrouped NaN/Inf/saturation output bit predicates,officially equivalent but did not beat current frontend best,315,36,11340,student/work/ex204_ex299_frontend_breakthrough_20260614_1051/fp8-recent-r8/ex244/verilog/ex244_r8_rawsat_payload_split_abc_g_aig_frontend.v,student/work/ex204_ex299_frontend_breakthrough_20260614_1051/fp8-recent-r8/ex244/aig/ex244_r8_rawsat_payload_split_abc_g_aig_frontend.aig,student/runs/float_fp8/ex204_ex299_frontend_breakthrough_20260614_1051/fp8-recent-r8/ex244/logs/ex244_r8_rawsat_payload_split_abc_g_aig_frontend.evaluate.py.log,student/frontend_campaigns/campaigns/ex204_ex299_frontend_breakthrough_20260614_1051/agent_shards/fp8-recent-r8/failed_hypotheses.csv,synth_log=student/work/ex204_ex299_frontend_breakthrough_20260614_1051/fp8-recent-r8/ex244/logs/ex244_r8_rawsat_payload_split_abc_g_aig_frontend.yosys.log,,,,ex244_r8_rawsat_payload_split_abc_g_aig_frontend,315,36,11340,,,,,student/runs/float_fp8/ex204_ex299_frontend_breakthrough_20260614_1051/fp8-recent-r8/ex244/logs/ex244_r8_rawsat_payload_split_abc_g_aig_frontend.evaluate.py.log,,,,,,,,,,,,,,,,,,,,,,,,,,,,,,
fp8-recent-r8,float_fp8,ex244,r8_manual_delta_incrementer_payload,regrouped NaN/Inf/saturation output bit predicates,officially equivalent but did not beat current frontend best,315,38,11970,student/work/ex204_ex299_frontend_breakthrough_20260614_1051/fp8-recent-r8/ex244/verilog/ex244_r8_manual_delta_adder_abc_g_aig_frontend.v,student/work/ex204_ex299_frontend_breakthrough_20260614_1051/fp8-recent-r8/ex244/aig/ex244_r8_manual_delta_adder_abc_g_aig_frontend.aig,student/runs/float_fp8/ex204_ex299_frontend_breakthrough_20260614_1051/fp8-recent-r8/ex244/logs/ex244_r8_manual_delta_adder_abc_g_aig_frontend.evaluate.py.log,student/frontend_campaigns/campaigns/ex204_ex299_frontend_breakthrough_20260614_1051/agent_shards/fp8-recent-r8/failed_hypotheses.csv,synth_log=student/work/ex204_ex299_frontend_breakthrough_20260614_1051/fp8-recent-r8/ex244/logs/ex244_r8_manual_delta_adder_abc_g_aig_frontend.yosys.log,,,,ex244_r8_manual_delta_adder_abc_g_aig_frontend,315,38,11970,,,,,student/runs/float_fp8/ex204_ex299_frontend_breakthrough_20260614_1051/fp8-recent-r8/ex244/logs/ex244_r8_manual_delta_adder_abc_g_aig_frontend.evaluate.py.log,,,,,,,,,,,,,,,,,,,,,,,,,,,,,,
fp8-recent-r8,float_fp8,ex244,r8_delta_case_shell_payload,compact case tables,officially equivalent but did not beat current frontend best,420,35,14700,student/work/ex204_ex299_frontend_breakthrough_20260614_1051/fp8-recent-r8/ex244/verilog/ex244_r8_delta_case_shell_abc_g_aig_frontend.v,student/work/ex204_ex299_frontend_breakthrough_20260614_1051/fp8-recent-r8/ex244/aig/ex244_r8_delta_case_shell_abc_g_aig_frontend.aig,student/runs/float_fp8/ex204_ex299_frontend_breakthrough_20260614_1051/fp8-recent-r8/ex244/logs/ex244_r8_delta_case_shell_abc_g_aig_frontend.evaluate.py.log,student/frontend_campaigns/campaigns/ex204_ex299_frontend_breakthrough_20260614_1051/agent_shards/fp8-recent-r8/failed_hypotheses.csv,synth_log=student/work/ex204_ex299_frontend_breakthrough_20260614_1051/fp8-recent-r8/ex244/logs/ex244_r8_delta_case_shell_abc_g_aig_frontend.yosys.log,,,,ex244_r8_delta_case_shell_abc_g_aig_frontend,420,35,14700,,,,,student/runs/float_fp8/ex204_ex299_frontend_breakthrough_20260614_1051/fp8-recent-r8/ex244/logs/ex244_r8_delta_case_shell_abc_g_aig_frontend.evaluate.py.log,,,,,,,,,,,,,,,,,,,,,,,,,,,,,,
fp8-recent-r8,float_fp8,ex247,r8_windowed_region_decode_low_residual,alternative low residual encodings,officially equivalent but did not beat current frontend best,251,26,6526,student/work/ex204_ex299_frontend_breakthrough_20260614_1051/fp8-recent-r8/ex247/verilog/ex247_r8_window_region_decode_abc_g_aig_frontend.v,student/work/ex204_ex299_frontend_breakthrough_20260614_1051/fp8-recent-r8/ex247/aig/ex247_r8_window_region_decode_abc_g_aig_frontend.aig,student/runs/float_fp8/ex204_ex299_frontend_breakthrough_20260614_1051/fp8-recent-r8/ex247/logs/ex247_r8_window_region_decode_abc_g_aig_frontend.evaluate.py.log,student/frontend_campaigns/campaigns/ex204_ex299_frontend_breakthrough_20260614_1051/agent_shards/fp8-recent-r8/failed_hypotheses.csv,synth_log=student/work/ex204_ex299_frontend_breakthrough_20260614_1051/fp8-recent-r8/ex247/logs/ex247_r8_window_region_decode_abc_g_aig_frontend.yosys.log,,,,ex247_r8_window_region_decode_abc_g_aig_frontend,251,26,6526,,,,,student/runs/float_fp8/ex204_ex299_frontend_breakthrough_20260614_1051/fp8-recent-r8/ex247/logs/ex247_r8_window_region_decode_abc_g_aig_frontend.evaluate.py.log,,,,,,,,,,,,,,,,,,,,,,,,,,,,,,
fp8-recent-r8,float_fp8,ex247,r8_windowed_region_split_payload,structural RTL splitting payload/sign/exponent/mantissa outputs,officially equivalent but did not beat current frontend best,263,28,7364,student/work/ex204_ex299_frontend_breakthrough_20260614_1051/fp8-recent-r8/ex247/verilog/ex247_r8_window_split_payload_abc_g_aig_frontend.v,student/work/ex204_ex299_frontend_breakthrough_20260614_1051/fp8-recent-r8/ex247/aig/ex247_r8_window_split_payload_abc_g_aig_frontend.aig,student/runs/float_fp8/ex204_ex299_frontend_breakthrough_20260614_1051/fp8-recent-r8/ex247/logs/ex247_r8_window_split_payload_abc_g_aig_frontend.evaluate.py.log,student/frontend_campaigns/campaigns/ex204_ex299_frontend_breakthrough_20260614_1051/agent_shards/fp8-recent-r8/failed_hypotheses.csv,synth_log=student/work/ex204_ex299_frontend_breakthrough_20260614_1051/fp8-recent-r8/ex247/logs/ex247_r8_window_split_payload_abc_g_aig_frontend.yosys.log,,,,ex247_r8_window_split_payload_abc_g_aig_frontend,263,28,7364,,,,,student/runs/float_fp8/ex204_ex299_frontend_breakthrough_20260614_1051/fp8-recent-r8/ex247/logs/ex247_r8_window_split_payload_abc_g_aig_frontend.evaluate.py.log,,,,,,,,,,,,,,,,,,,,,,,,,,,,,,
fp8-recent-r8,float_fp8,ex248,r8_numden_shell_pruned_periodic_core,direct quotient/remainder class shells,officially equivalent but did not beat current frontend best,291,27,7857,student/work/ex204_ex299_frontend_breakthrough_20260614_1051/fp8-recent-r8/ex248/verilog/ex248_r8_pruned_periodic_core_abc_g_aig_frontend.v,student/work/ex204_ex299_frontend_breakthrough_20260614_1051/fp8-recent-r8/ex248/aig/ex248_r8_pruned_periodic_core_abc_g_aig_frontend.aig,student/runs/float_fp8/ex204_ex299_frontend_breakthrough_20260614_1051/fp8-recent-r8/ex248/logs/ex248_r8_pruned_periodic_core_abc_g_aig_frontend.evaluate.py.log,student/frontend_campaigns/campaigns/ex204_ex299_frontend_breakthrough_20260614_1051/agent_shards/fp8-recent-r8/failed_hypotheses.csv,synth_log=student/work/ex204_ex299_frontend_breakthrough_20260614_1051/fp8-recent-r8/ex248/logs/ex248_r8_pruned_periodic_core_abc_g_aig_frontend.yosys.log,,,,ex248_r8_pruned_periodic_core_abc_g_aig_frontend,291,27,7857,,,,,student/runs/float_fp8/ex204_ex299_frontend_breakthrough_20260614_1051/fp8-recent-r8/ex248/logs/ex248_r8_pruned_periodic_core_abc_g_aig_frontend.evaluate.py.log,,,,,,,,,,,,,,,,,,,,,,,,,,,,,,
integer-r6,integer,ex256,ex256|current_CSA/CLA_product_with_top_two_bits_driven_by_exact_product_cone|reuse_CSA/CLA_lower_bits;_replace_selected_high_outputs_only|abc_g_aig|abc_xf_official_evaluate|frontend_only_no_backend,structural selected-output replacement,,,,,,,,student/frontend_campaigns/campaigns/ex204_ex299_frontend_breakthrough_20260614_1051/agent_shards/integer-r6/failed_hypotheses.csv,frontend-only; yosys_log=student/work/ex204_ex299_frontend_breakthrough_20260614_1051/integer-r6/ex256/logs/ex256_r6_top2_product_recut_abc_g_aig.yosys.log,ex256_r6_top2_product_recut_abc_g_aig,,,ex256_r6_top2_product_recut_abc_g_aig,236,19,4484,,,,OK,,,,,,1,,,,,,,,,,,,2844,nonwinning_or_failed_official_evaluate,do_not_repeat_as_is,student/runs/integer/ex204_ex299_frontend_breakthrough_20260614_1051/integer-r6/ex256/logs/ex256_r6_top2_product_recut_abc_g_aig.evaluate.py.log,,,,,,,,,,
integer-r6,integer,ex256,ex256|full_operand-word_product_table_for_unsigned_5x5_multiply|one_exact_product_word_selected_by_operand_pair|abc_g_aig|abc_xf_official_evaluate|frontend_only_no_backend,range partitioned residual table,,,,,,,,student/frontend_campaigns/campaigns/ex204_ex299_frontend_breakthrough_20260614_1051/agent_shards/integer-r6/failed_hypotheses.csv,frontend-only; yosys_log=student/work/ex204_ex299_frontend_breakthrough_20260614_1051/integer-r6/ex256/logs/ex256_r6_full_operand_case_abc_g_aig.yosys.log,ex256_r6_full_operand_case_abc_g_aig,,,ex256_r6_full_operand_case_abc_g_aig,807,16,12912,,,,OK,,,,,,1,,,,,,,,,,,,2844,nonwinning_or_failed_official_evaluate,do_not_repeat_as_is,student/runs/integer/ex204_ex299_frontend_breakthrough_20260614_1051/integer-r6/ex256/logs/ex256_r6_full_operand_case_abc_g_aig.evaluate.py.log,,,,,,,,,,
integer-r6,integer,ex260,ex260|current_signed_compressor_with_top_two_bits_driven_by_exact_signed_product_cone|reuse_Baugh-Wooley_lower_bits;_replace_selected_sign_outputs_only|abc_g_aig|abc_xf_official_evaluate|frontend_only_no_backend,structural selected-output replacement,,,,,,,,student/frontend_campaigns/campaigns/ex204_ex299_frontend_breakthrough_20260614_1051/agent_shards/integer-r6/failed_hypotheses.csv,frontend-only; yosys_log=student/work/ex204_ex299_frontend_breakthrough_20260614_1051/integer-r6/ex260/logs/ex260_r6_signbits_product_recut_abc_g_aig.yosys.log,ex260_r6_signbits_product_recut_abc_g_aig,,,ex260_r6_signbits_product_recut_abc_g_aig,162,20,3240,,,,OK,,,,,,1,,,,,,,,,,,,1104,nonwinning_or_failed_official_evaluate,do_not_repeat_as_is,student/runs/integer/ex204_ex299_frontend_breakthrough_20260614_1051/integer-r6/ex260/logs/ex260_r6_signbits_product_recut_abc_g_aig.evaluate.py.log,,,,,,,,,,
integer-r6,integer,ex260,ex260|full_operand-word_table_for_signed_4x4_multiply|one_exact_signed_product_word_selected_by_operand_pair|abc_g_aig|abc_xf_official_evaluate|frontend_only_no_backend,range partitioned residual table,,,,,,,,student/frontend_campaigns/campaigns/ex204_ex299_frontend_breakthrough_20260614_1051/agent_shards/integer-r6/failed_hypotheses.csv,frontend-only; yosys_log=student/work/ex204_ex299_frontend_breakthrough_20260614_1051/integer-r6/ex260/logs/ex260_r6_signed_operand_case_abc_g_aig.yosys.log,ex260_r6_signed_operand_case_abc_g_aig,,,ex260_r6_signed_operand_case_abc_g_aig,205,12,2460,,,,OK,,,,,,1,,,,,,,,,,,,1104,nonwinning_or_failed_official_evaluate,do_not_repeat_as_is,student/runs/integer/ex204_ex299_frontend_breakthrough_20260614_1051/integer-r6/ex260/logs/ex260_r6_signed_operand_case_abc_g_aig.evaluate.py.log,,,,,,,,,,
integer-r6,integer,ex265,ex265|unrolled_restoring_remainder_chain_with_dbz_saturation|shared_accepted_remainder_feeds_all_quotient_decisions|abc_g_aig|abc_xf_official_evaluate|frontend_only_no_backend,restoring divider state sharing,,,,,,,,student/frontend_campaigns/campaigns/ex204_ex299_frontend_breakthrough_20260614_1051/agent_shards/integer-r6/failed_hypotheses.csv,frontend-only; yosys_log=student/work/ex204_ex299_frontend_breakthrough_20260614_1051/integer-r6/ex265/logs/ex265_r6_restoring_chain_abc_g_aig.yosys.log,ex265_r6_restoring_chain_abc_g_aig,,,ex265_r6_restoring_chain_abc_g_aig,52,17,884,,,,OK,,,,,,1,,,,,,,,,,,,504,nonwinning_or_failed_official_evaluate,do_not_repeat_as_is,student/runs/integer/ex204_ex299_frontend_breakthrough_20260614_1051/integer-r6/ex265/logs/ex265_r6_restoring_chain_abc_g_aig.evaluate.py.log,,,,,,,,,,
integer-r6,integer,ex266,ex266|divisor-high_partition_with_local_dividend/divisor-low_quotient_table|shared_quotient_word_per_high-divisor_residual_bucket|abc_g_aig|abc_xf_official_evaluate|frontend_only_no_backend,range partitioned residual table,,,,,,,,student/frontend_campaigns/campaigns/ex204_ex299_frontend_breakthrough_20260614_1051/agent_shards/integer-r6/failed_hypotheses.csv,frontend-only; yosys_log=student/work/ex204_ex299_frontend_breakthrough_20260614_1051/integer-r6/ex266/logs/ex266_r6_range_bhi3_lut_abc_g_aig.yosys.log,ex266_r6_range_bhi3_lut_abc_g_aig,,,ex266_r6_range_bhi3_lut_abc_g_aig,157,12,1884,,,,OK,,,,,,1,,,,,,,,,,,,1480,nonwinning_or_failed_official_evaluate,do_not_repeat_as_is,student/runs/integer/ex204_ex299_frontend_breakthrough_20260614_1051/integer-r6/ex266/logs/ex266_r6_range_bhi3_lut_abc_g_aig.evaluate.py.log,,,,,,,,,,
integer-r6,integer,ex266,ex266|unrolled_restoring_remainder_chain_with_dbz_saturation|shared_accepted_remainder_feeds_all_quotient_decisions|abc_g_aig|abc_xf_official_evaluate|frontend_only_no_backend,restoring divider state sharing,,,,,,,,student/frontend_campaigns/campaigns/ex204_ex299_frontend_breakthrough_20260614_1051/agent_shards/integer-r6/failed_hypotheses.csv,frontend-only; yosys_log=student/work/ex204_ex299_frontend_breakthrough_20260614_1051/integer-r6/ex266/logs/ex266_r6_restoring_chain_abc_g_aig.yosys.log,ex266_r6_restoring_chain_abc_g_aig,,,ex266_r6_restoring_chain_abc_g_aig,90,32,2880,,,,OK,,,,,,1,,,,,,,,,,,,1480,nonwinning_or_failed_official_evaluate,do_not_repeat_as_is,student/runs/integer/ex204_ex299_frontend_breakthrough_20260614_1051/integer-r6/ex266/logs/ex266_r6_restoring_chain_abc_g_aig.evaluate.py.log,,,,,,,,,,
integer-r6,integer,ex267,ex267|divisor-high_partition_with_local_dividend/divisor-low_quotient_table|shared_quotient_word_per_high-divisor_residual_bucket|abc_g_aig|abc_xf_official_evaluate|frontend_only_no_backend,range partitioned residual table,,,,,,,,student/frontend_campaigns/campaigns/ex204_ex299_frontend_breakthrough_20260614_1051/agent_shards/integer-r6/failed_hypotheses.csv,frontend-only; yosys_log=student/work/ex204_ex299_frontend_breakthrough_20260614_1051/integer-r6/ex267/logs/ex267_r6_range_bhi3_lut_abc_g_aig.yosys.log,ex267_r6_range_bhi3_lut_abc_g_aig,,,ex267_r6_range_bhi3_lut_abc_g_aig,458,15,6870,,,,OK,,,,,,1,,,,,,,,,,,,4080,nonwinning_or_failed_official_evaluate,do_not_repeat_as_is,student/runs/integer/ex204_ex299_frontend_breakthrough_20260614_1051/integer-r6/ex267/logs/ex267_r6_range_bhi3_lut_abc_g_aig.evaluate.py.log,,,,,,,,,,
integer-r6,integer,ex267,ex267|unrolled_restoring_remainder_chain_with_dbz_saturation|shared_accepted_remainder_feeds_all_quotient_decisions|abc_g_aig|abc_xf_official_evaluate|frontend_only_no_backend,restoring divider state sharing,,,,,,,,student/frontend_campaigns/campaigns/ex204_ex299_frontend_breakthrough_20260614_1051/agent_shards/integer-r6/failed_hypotheses.csv,frontend-only; yosys_log=student/work/ex204_ex299_frontend_breakthrough_20260614_1051/integer-r6/ex267/logs/ex267_r6_restoring_chain_abc_g_aig.yosys.log,ex267_r6_restoring_chain_abc_g_aig,,,ex267_r6_restoring_chain_abc_g_aig,141,45,6345,,,,OK,,,,,,1,,,,,,,,,,,,4080,nonwinning_or_failed_official_evaluate,do_not_repeat_as_is,student/runs/integer/ex204_ex299_frontend_breakthrough_20260614_1051/integer-r6/ex267/logs/ex267_r6_restoring_chain_abc_g_aig.evaluate.py.log,,,,,,,,,,
integer-r6,integer,ex270,ex270|triangular_square_with_only_top_bit_recut_as_exact_range_threshold|reuse_square_partial_products_and_replace_one_high_output|abc_g_aig|abc_xf_official_evaluate|frontend_only_no_backend,structural selected-output replacement,,,,,,,,student/frontend_campaigns/campaigns/ex204_ex299_frontend_breakthrough_20260614_1051/agent_shards/integer-r6/failed_hypotheses.csv,frontend-only; yosys_log=student/work/ex204_ex299_frontend_breakthrough_20260614_1051/integer-r6/ex270/logs/ex270_r6_top1_threshold_recut_abc_g_aig.yosys.log,ex270_r6_top1_threshold_recut_abc_g_aig,,,ex270_r6_top1_threshold_recut_abc_g_aig,198,17,3366,,,,OK,,,,,,1,,,,,,,,,,,,3060,nonwinning_or_failed_official_evaluate,do_not_repeat_as_is,student/runs/integer/ex204_ex299_frontend_breakthrough_20260614_1051/integer-r6/ex270/logs/ex270_r6_top1_threshold_recut_abc_g_aig.evaluate.py.log,,,,,,,,,,
integer-r6,integer,ex273,ex273|top4-BDD_square_source_with_boundary_bits_22_and_23_from_exact_square_cone|reuse_current_high_BDD_and_lower_arithmetic_outside_selected_carry_boundary|abc_g_aig|abc_xf_official_evaluate|frontend_only_no_backend,structural selected-output replacement,,,,,,,,student/frontend_campaigns/campaigns/ex204_ex299_frontend_breakthrough_20260614_1051/agent_shards/integer-r6/failed_hypotheses.csv,frontend-only; yosys_log=student/work/ex204_ex299_frontend_breakthrough_20260614_1051/integer-r6/ex273/logs/ex273_r6_boundary22_23_product_recut_abc_g_aig.yosys.log,ex273_r6_boundary22_23_product_recut_abc_g_aig,,,ex273_r6_boundary22_23_product_recut_abc_g_aig,1713,42,71946,,,,OK,,,,,,1,,,,,,,,,,,,26301,nonwinning_or_failed_official_evaluate,do_not_repeat_as_is,student/runs/integer/ex204_ex299_frontend_breakthrough_20260614_1051/integer-r6/ex273/logs/ex273_r6_boundary22_23_product_recut_abc_g_aig.evaluate.py.log,,,,,,,,,,
integer-r6,integer,ex274,ex274|top2-BDD_square_source_with_boundary_bits_27_and_28_from_exact_square_cone|reuse_current_top_BDD_and_lower_arithmetic_outside_selected_carry_boundary|abc_g_aig|abc_xf_official_evaluate|frontend_only_no_backend,structural selected-output replacement,,,,,,,,student/frontend_campaigns/campaigns/ex204_ex299_frontend_breakthrough_20260614_1051/agent_shards/integer-r6/failed_hypotheses.csv,frontend-only; yosys_log=student/work/ex204_ex299_frontend_breakthrough_20260614_1051/integer-r6/ex274/logs/ex274_r6_boundary27_28_product_recut_abc_g_aig.yosys.log,ex274_r6_boundary27_28_product_recut_abc_g_aig,,,ex274_r6_boundary27_28_product_recut_abc_g_aig,2269,43,97567,,,,OK,,,,,,1,,,,,,,,,,,,41370,nonwinning_or_failed_official_evaluate,do_not_repeat_as_is,student/runs/integer/ex204_ex299_frontend_breakthrough_20260614_1051/integer-r6/ex274/logs/ex274_r6_boundary27_28_product_recut_abc_g_aig.evaluate.py.log,,,,,,,,,,
integer-r6,integer,ex275,ex275|high-prefix_residual_table_for_8-to-4_integer_square_root|shared_output_word_selected_per_high-prefix_bucket|abc_g_aig|abc_xf_official_evaluate|frontend_only_no_backend,range partitioned residual table,,,,,,,,student/frontend_campaigns/campaigns/ex204_ex299_frontend_breakthrough_20260614_1051/agent_shards/integer-r6/failed_hypotheses.csv,frontend-only; yosys_log=student/work/ex204_ex299_frontend_breakthrough_20260614_1051/integer-r6/ex275/logs/ex275_r6_range_hi4_lut_abc_g_aig.yosys.log,ex275_r6_range_hi4_lut_abc_g_aig,,,ex275_r6_range_hi4_lut_abc_g_aig,54,8,432,,,,OK,,,,,,1,,,,,,,,,,,,301,nonwinning_or_failed_official_evaluate,do_not_repeat_as_is,student/runs/integer/ex204_ex299_frontend_breakthrough_20260614_1051/integer-r6/ex275/logs/ex275_r6_range_hi4_lut_abc_g_aig.evaluate.py.log,,,,,,,,,,
integer-r6,integer,ex275,ex275|binary_trial-square_refinement_for_8-to-4_integer_square_root|shared_candidate_root_reused_across_trial_decisions|abc_g_aig|abc_xf_official_evaluate|frontend_only_no_backend,restoring/non-restoring sqrt state sharing,,,,,,,,student/frontend_campaigns/campaigns/ex204_ex299_frontend_breakthrough_20260614_1051/agent_shards/integer-r6/failed_hypotheses.csv,frontend-only; yosys_log=student/work/ex204_ex299_frontend_breakthrough_20260614_1051/integer-r6/ex275/logs/ex275_r6_trial_isqrt_abc_g_aig.yosys.log,ex275_r6_trial_isqrt_abc_g_aig,,,ex275_r6_trial_isqrt_abc_g_aig,43,14,602,,,,OK,,,,,,1,,,,,,,,,,,,301,nonwinning_or_failed_official_evaluate,do_not_repeat_as_is,student/runs/integer/ex204_ex299_frontend_breakthrough_20260614_1051/integer-r6/ex275/logs/ex275_r6_trial_isqrt_abc_g_aig.evaluate.py.log,,,,,,,,,,
integer-r6,integer,ex276,ex276|high-prefix_residual_table_for_10-to-5_integer_square_root|shared_output_word_selected_per_high-prefix_bucket|abc_g_aig|abc_xf_official_evaluate|frontend_only_no_backend,range partitioned residual table,,,,,,,,student/frontend_campaigns/campaigns/ex204_ex299_frontend_breakthrough_20260614_1051/agent_shards/integer-r6/failed_hypotheses.csv,frontend-only; yosys_log=student/work/ex204_ex299_frontend_breakthrough_20260614_1051/integer-r6/ex276/logs/ex276_r6_range_hi4_lut_abc_g_aig.yosys.log,ex276_r6_range_hi4_lut_abc_g_aig,,,ex276_r6_range_hi4_lut_abc_g_aig,113,11,1243,,,,OK,,,,,,1,,,,,,,,,,,,1010,nonwinning_or_failed_official_evaluate,do_not_repeat_as_is,student/runs/integer/ex204_ex299_frontend_breakthrough_20260614_1051/integer-r6/ex276/logs/ex276_r6_range_hi4_lut_abc_g_aig.evaluate.py.log,,,,,,,,,,
integer-r6,integer,ex276,ex276|binary_trial-square_refinement_for_10-to-5_integer_square_root|shared_candidate_root_reused_across_trial_decisions|abc_g_aig|abc_xf_official_evaluate|frontend_only_no_backend,restoring/non-restoring sqrt state sharing,,,,,,,,student/frontend_campaigns/campaigns/ex204_ex299_frontend_breakthrough_20260614_1051/agent_shards/integer-r6/failed_hypotheses.csv,frontend-only; yosys_log=student/work/ex204_ex299_frontend_breakthrough_20260614_1051/integer-r6/ex276/logs/ex276_r6_trial_isqrt_abc_g_aig.yosys.log,ex276_r6_trial_isqrt_abc_g_aig,,,ex276_r6_trial_isqrt_abc_g_aig,99,27,2673,,,,OK,,,,,,1,,,,,,,,,,,,1010,nonwinning_or_failed_official_evaluate,do_not_repeat_as_is,student/runs/integer/ex204_ex299_frontend_breakthrough_20260614_1051/integer-r6/ex276/logs/ex276_r6_trial_isqrt_abc_g_aig.evaluate.py.log,,,,,,,,,,
unknown-hard-r7,unknown,ex286,,route_state_descriptors,best compact descriptor pairxor_lowraw had 7168 conflicts over 8192 rows,,,,,,,student/frontend_campaigns/campaigns/ex204_ex299_frontend_breakthrough_20260614_1051/agent_shards/unknown-hard-r7/failed_hypotheses.csv,,,,,ex286_r7_route_state_descriptor_screen,,,,,,,NOT_EMITTED_DESCRIPTOR_CONFLICTS,,,,,,,,,,,,student/work/ex204_ex299_frontend_breakthrough_20260614_1051/unknown-hard-r7/ex286/diagnostics/ex286_route_state_descriptor_screen.csv,,,,,,,,,,,,,,,,,,,
unknown-hard-r7,unknown,ex286,,truth_mined_feature_bdd,did not beat frontend incumbent ADP 20190,,,,,,,student/frontend_campaigns/campaigns/ex204_ex299_frontend_breakthrough_20260614_1051/agent_shards/unknown-hard-r7/failed_hypotheses.csv,,,,,ex286_r7_truth_mined_pairxor_raw_gain_bdd,1811,21,38031,,,,OK_NON_IMPROVING,,,,,,,,,,,,student/work/ex204_ex299_frontend_breakthrough_20260614_1051/unknown-hard-r7/ex286/logs/ex286_r7_truth_mined_pairxor_raw_gain_bdd.evaluate.log,,,,,,,,,,,,,,,,,,,
unknown-hard-r7,unknown,ex286,,two_stage_anchor_residual_bdd,did not beat frontend incumbent ADP 20190,,,,,,,student/frontend_campaigns/campaigns/ex204_ex299_frontend_breakthrough_20260614_1051/agent_shards/unknown-hard-r7/failed_hypotheses.csv,,,,,ex286_r7_two_stage_pairxor_raw_anchor3,1746,20,34920,,,,OK_NON_IMPROVING,,,,,,,,,,,,student/work/ex204_ex299_frontend_breakthrough_20260614_1051/unknown-hard-r7/ex286/logs/ex286_r7_two_stage_pairxor_raw_anchor3.evaluate.log,,,,,,,,,,,,,,,,,,,
unknown-hard-r7,unknown,ex286,,bit_sliced_local_overlay,did not beat frontend incumbent ADP 20190,,,,,,,student/frontend_campaigns/campaigns/ex204_ex299_frontend_breakthrough_20260614_1051/agent_shards/unknown-hard-r7/failed_hypotheses.csv,,,,,ex286_r7_overlay_pairxor_raw_bits_5_6,1448,17,24616,,,,OK_NON_IMPROVING,,,,,,,,,,,,student/work/ex204_ex299_frontend_breakthrough_20260614_1051/unknown-hard-r7/ex286/logs/ex286_r7_overlay_pairxor_raw_bits_5_6.evaluate.log,,,,,,,,,,,,,,,,,,,
unknown-hard-r7,unknown,ex287,,route_state_descriptors,best compact descriptor pair_or_and had 15360 conflicts over 16384 rows,,,,,,,student/frontend_campaigns/campaigns/ex204_ex299_frontend_breakthrough_20260614_1051/agent_shards/unknown-hard-r7/failed_hypotheses.csv,,,,,ex287_r7_route_state_descriptor_screen,,,,,,,NOT_EMITTED_DESCRIPTOR_CONFLICTS,,,,,,,,,,,,student/work/ex204_ex299_frontend_breakthrough_20260614_1051/unknown-hard-r7/ex287/diagnostics/ex287_route_state_descriptor_screen.csv,,,,,,,,,,,,,,,,,,,
unknown-hard-r7,unknown,ex287,,truth_mined_feature_bdd,did not beat frontend incumbent ADP 26880,,,,,,,student/frontend_campaigns/campaigns/ex204_ex299_frontend_breakthrough_20260614_1051/agent_shards/unknown-hard-r7/failed_hypotheses.csv,,,,,ex287_r7_truth_mined_pairxor_raw_gain_bdd,2177,21,45717,,,,OK_NON_IMPROVING,,,,,,,,,,,,student/work/ex204_ex299_frontend_breakthrough_20260614_1051/unknown-hard-r7/ex287/logs/ex287_r7_truth_mined_pairxor_raw_gain_bdd.evaluate.log,,,,,,,,,,,,,,,,,,,
unknown-hard-r7,unknown,ex287,,two_stage_anchor_residual_bdd,did not beat frontend incumbent ADP 26880,,,,,,,student/frontend_campaigns/campaigns/ex204_ex299_frontend_breakthrough_20260614_1051/agent_shards/unknown-hard-r7/failed_hypotheses.csv,,,,,ex287_r7_two_stage_pairxor_raw_anchor4,2101,19,39919,,,,OK_NON_IMPROVING,,,,,,,,,,,,student/work/ex204_ex299_frontend_breakthrough_20260614_1051/unknown-hard-r7/ex287/logs/ex287_r7_two_stage_pairxor_raw_anchor4.evaluate.log,,,,,,,,,,,,,,,,,,,
unknown-hard-r7,unknown,ex287,,bit_sliced_local_overlay,did not beat frontend incumbent ADP 26880,,,,,,,student/frontend_campaigns/campaigns/ex204_ex299_frontend_breakthrough_20260614_1051/agent_shards/unknown-hard-r7/failed_hypotheses.csv,,,,,ex287_r7_overlay_pairxor_raw_bits_6_7,1683,17,28611,,,,OK_NON_IMPROVING,,,,,,,,,,,,student/work/ex204_ex299_frontend_breakthrough_20260614_1051/unknown-hard-r7/ex287/logs/ex287_r7_overlay_pairxor_raw_bits_6_7.evaluate.log,,,,,,,,,,,,,,,,,,,
unknown-mid-r7,unknown,ex285,ex285|hamming_weight_routing_output_plane_overlay|boundary_mid_quad|decision_tree_base_plus_exact_boundary_helper_mid_outputs|yosys_internal_abc_g_aig|official_evaluate|bits_4_5_6_7,,official evaluate.py OK but did not beat target frontend ADP,,,,student/work/ex204_ex299_frontend_breakthrough_20260614_1051/unknown-mid-r7/ex285/verilog/ex285_r7_boundary_mid_quad.v,student/work/ex204_ex299_frontend_breakthrough_20260614_1051/unknown-mid-r7/ex285/aigs/ex285_r7_boundary_mid_quad.aig,student/work/ex204_ex299_frontend_breakthrough_20260614_1051/unknown-mid-r7/ex285/logs/ex285_r7_boundary_mid_quad.evaluate.py.log,student/frontend_campaigns/campaigns/ex204_ex299_frontend_breakthrough_20260614_1051/agent_shards/unknown-mid-r7/failed_hypotheses.csv,boundary helper on outputs 4:5:6:7 over decision-tree base,ex285_r7_boundary_mid_quad,,,ex285_r7_boundary_mid_quad,800,16,12800,12800,Hamming-weight routing source can reduce area by replacing a middle output quartet with the exact boundary helper while keeping the current best source boundary.,,EQUIVALENT_NONWINNING,,,,,,,,,,,,,2026-06-14 13:43:33 +0800,output_plane_exact_overlay,,student/work/ex204_ex299_frontend_breakthrough_20260614_1051/unknown-mid-r7/ex285/logs/ex285_r7_boundary_mid_quad.evaluate.py.log,,,,,,12800,,,,,,,,,
unknown-mid-r7,unknown,ex285,ex285|hamming_weight_routing_anchor_key_residual|selected_bdd_outer_stride3|current_best_base_plus_outsidein_selected_roots|yosys_internal_abc_g_aig|official_evaluate|bits_1_4_7_10,,official evaluate.py OK but did not beat target frontend ADP,,,,student/work/ex204_ex299_frontend_breakthrough_20260614_1051/unknown-mid-r7/ex285/verilog/ex285_r7_anchor_outer_bdd_overlay.v,student/work/ex204_ex299_frontend_breakthrough_20260614_1051/unknown-mid-r7/ex285/aigs/ex285_r7_anchor_outer_bdd_overlay.aig,student/work/ex204_ex299_frontend_breakthrough_20260614_1051/unknown-mid-r7/ex285/logs/ex285_r7_anchor_outer_bdd_overlay.evaluate.py.log,student/frontend_campaigns/campaigns/ex204_ex299_frontend_breakthrough_20260614_1051/agent_shards/unknown-mid-r7/failed_hypotheses.csv,outside-in selected BDD for outputs 1:4:7:10 over current best,ex285_r7_anchor_outer_bdd_overlay,,,ex285_r7_anchor_outer_bdd_overlay,1188,16,19008,12800,A truth-clustered outside-in decision subgraph may replace sparse outer outputs without rebuilding the whole routing tree.,,EQUIVALENT_NONWINNING,,,,,,,,,,,,,2026-06-14 13:43:49 +0800,anchor_subset_bdd_overlay,,student/work/ex204_ex299_frontend_breakthrough_20260614_1051/unknown-mid-r7/ex285/logs/ex285_r7_anchor_outer_bdd_overlay.evaluate.py.log,,,,,,12800,,,,,,,,,
unknown-mid-r7,unknown,ex288,ex288|hamming_weight_routing_anchor_key_residual|selected_bdd_outer_mid_triplet|current_keybdd_base_plus_outsidein_selected_roots|yosys_internal_abc_g_aig|official_evaluate|bits_0_7_14,,official evaluate.py OK but did not beat target frontend ADP,,,,student/work/ex204_ex299_frontend_breakthrough_20260614_1051/unknown-mid-r7/ex288/verilog/ex288_r7_anchor_triplet_bdd_overlay.v,student/work/ex204_ex299_frontend_breakthrough_20260614_1051/unknown-mid-r7/ex288/aigs/ex288_r7_anchor_triplet_bdd_overlay.aig,student/work/ex204_ex299_frontend_breakthrough_20260614_1051/unknown-mid-r7/ex288/logs/ex288_r7_anchor_triplet_bdd_overlay.evaluate.py.log,student/frontend_campaigns/campaigns/ex204_ex299_frontend_breakthrough_20260614_1051/agent_shards/unknown-mid-r7/failed_hypotheses.csv,outside-in selected BDD for outputs 0:7:14 over current key-BDD source,ex288_r7_anchor_triplet_bdd_overlay,,,ex288_r7_anchor_triplet_bdd_overlay,2352,18,42336,31598,A compact anchor-key decision subgraph for far-apart output planes may replace some key-BDD cones without repeating k6/k4 or ring overlays.,,EQUIVALENT_NONWINNING,,,,,,,,,,,,,2026-06-14 13:43:53 +0800,anchor_subset_bdd_overlay,,student/work/ex204_ex299_frontend_breakthrough_20260614_1051/unknown-mid-r7/ex288/logs/ex288_r7_anchor_triplet_bdd_overlay.evaluate.py.log,,,,,,31598,,,,,,,,,
unknown-mid-r7,unknown,ex288,ex288|hamming_weight_routing_anchor_key_residual|selected_bdd_pairlate_quartet|current_keybdd_base_plus_pairlate_selected_roots|yosys_internal_abc_g_aig|official_evaluate|bits_2_5_9_12,,official evaluate.py OK but did not beat target frontend ADP,,,,student/work/ex204_ex299_frontend_breakthrough_20260614_1051/unknown-mid-r7/ex288/verilog/ex288_r7_anchor_quartet_bdd_overlay.v,student/work/ex204_ex299_frontend_breakthrough_20260614_1051/unknown-mid-r7/ex288/aigs/ex288_r7_anchor_quartet_bdd_overlay.aig,student/work/ex204_ex299_frontend_breakthrough_20260614_1051/unknown-mid-r7/ex288/logs/ex288_r7_anchor_quartet_bdd_overlay.evaluate.py.log,student/frontend_campaigns/campaigns/ex204_ex299_frontend_breakthrough_20260614_1051/agent_shards/unknown-mid-r7/failed_hypotheses.csv,pair-late selected BDD for outputs 2:5:9:12 over current key-BDD source,ex288_r7_anchor_quartet_bdd_overlay,,,ex288_r7_anchor_quartet_bdd_overlay,7300,21,153300,31598,A clustered endpoint/interior output quartet may let Yosys prune more of the key-BDD residual than single-bit grafts.,,EQUIVALENT_NONWINNING,,,,,,,,,,,,,2026-06-14 13:44:00 +0800,anchor_subset_bdd_overlay,,student/work/ex204_ex299_frontend_breakthrough_20260614_1051/unknown-mid-r7/ex288/logs/ex288_r7_anchor_quartet_bdd_overlay.evaluate.py.log,,,,,,31598,,,,,,,,,
unknown-mid-r7,unknown,ex289,ex289|split2_duality_output_plane_overlay|case_group_edge_planes|f10_onehot_xor_base_plus_f10_case_edges|yosys_internal_abc_g_aig|official_evaluate|bits_0_1_14_15,,official evaluate.py OK but did not beat target frontend ADP,,,,student/work/ex204_ex299_frontend_breakthrough_20260614_1051/unknown-mid-r7/ex289/verilog/ex289_r7_split2_case_edge_overlay.v,student/work/ex204_ex299_frontend_breakthrough_20260614_1051/unknown-mid-r7/ex289/aigs/ex289_r7_split2_case_edge_overlay.aig,student/work/ex204_ex299_frontend_breakthrough_20260614_1051/unknown-mid-r7/ex289/logs/ex289_r7_split2_case_edge_overlay.evaluate.py.log,student/frontend_campaigns/campaigns/ex204_ex299_frontend_breakthrough_20260614_1051/agent_shards/unknown-mid-r7/failed_hypotheses.csv,f10 case-group donor on outputs 0:1:14:15 over f10 onehot XOR base,ex289_r7_split2_case_edge_overlay,,,ex289_r7_split2_case_edge_overlay,1071,20,21420,19893,The split2 duality source may keep its low delay while case-group cofactors replace only edge output planes.,,EQUIVALENT_NONWINNING,,,,,,,,,,,,,2026-06-14 13:44:02 +0800,output_plane_exact_overlay,,student/work/ex204_ex299_frontend_breakthrough_20260614_1051/unknown-mid-r7/ex289/logs/ex289_r7_split2_case_edge_overlay.evaluate.py.log,,,,,,19893,,,,,,,,,
unknown-mid-r7,unknown,ex289,ex289|split2_duality_output_plane_overlay|f00_lowmid_planes|f10_onehot_xor_base_plus_f00_onehot_lowmid|yosys_internal_abc_g_aig|official_evaluate|bits_2_3_8_9,,official evaluate.py OK but did not beat target frontend ADP,,,,student/work/ex204_ex299_frontend_breakthrough_20260614_1051/unknown-mid-r7/ex289/verilog/ex289_r7_split2_f00_lowmid_overlay.v,student/work/ex204_ex299_frontend_breakthrough_20260614_1051/unknown-mid-r7/ex289/aigs/ex289_r7_split2_f00_lowmid_overlay.aig,student/work/ex204_ex299_frontend_breakthrough_20260614_1051/unknown-mid-r7/ex289/logs/ex289_r7_split2_f00_lowmid_overlay.evaluate.py.log,student/frontend_campaigns/campaigns/ex204_ex299_frontend_breakthrough_20260614_1051/agent_shards/unknown-mid-r7/failed_hypotheses.csv,f00 onehot donor on outputs 2:3:8:9 over f10 onehot XOR base,ex289_r7_split2_f00_lowmid_overlay,,,ex289_r7_split2_f00_lowmid_overlay,1093,21,22953,19893,The f00 split2 onehot cofactors may be cheaper for a low/mid subset while f10 onehot keeps the current global structure.,,EQUIVALENT_NONWINNING,,,,,,,,,,,,,2026-06-14 13:44:05 +0800,output_plane_exact_overlay,,student/work/ex204_ex299_frontend_breakthrough_20260614_1051/unknown-mid-r7/ex289/logs/ex289_r7_split2_f00_lowmid_overlay.evaluate.py.log,,,,,,19893,,,,,,,,,
unknown-mid-r7,unknown,ex290,ex290|global_state_output_plane_overlay|bdd_edge_planes|rotate_split_base_plus_outsidein_bdd_edges|yosys_internal_abc_g_aig|official_evaluate|bits_0_1_10_11,,official evaluate.py OK but did not beat target frontend ADP,,,,student/work/ex204_ex299_frontend_breakthrough_20260614_1051/unknown-mid-r7/ex290/verilog/ex290_r7_rotate_bdd_edge_overlay.v,student/work/ex204_ex299_frontend_breakthrough_20260614_1051/unknown-mid-r7/ex290/aigs/ex290_r7_rotate_bdd_edge_overlay.aig,student/work/ex204_ex299_frontend_breakthrough_20260614_1051/unknown-mid-r7/ex290/logs/ex290_r7_rotate_bdd_edge_overlay.evaluate.py.log,student/frontend_campaigns/campaigns/ex204_ex299_frontend_breakthrough_20260614_1051/agent_shards/unknown-mid-r7/failed_hypotheses.csv,outside-in BDD donor on outputs 0:1:10:11 over rotate-high split,ex290_r7_rotate_bdd_edge_overlay,,,ex290_r7_rotate_bdd_edge_overlay,4580,16,73280,61992,The global-state rotate split may shed edge cones by borrowing only edge outputs from the outside-in BDD source.,,EQUIVALENT_NONWINNING,,,,,,,,,,,,,2026-06-14 13:44:08 +0800,output_plane_exact_overlay,,student/work/ex204_ex299_frontend_breakthrough_20260614_1051/unknown-mid-r7/ex290/logs/ex290_r7_rotate_bdd_edge_overlay.evaluate.py.log,,,,,,61992,,,,,,,,,
unknown-mid-r7,unknown,ex290,ex290|global_state_anchor_key_residual|selected_bdd_sparse_state_planes|rotate_split_base_plus_outsidein_selected_roots|yosys_internal_abc_g_aig|official_evaluate|bits_2_5_6_9,,official evaluate.py OK but did not beat target frontend ADP,,,,student/work/ex204_ex299_frontend_breakthrough_20260614_1051/unknown-mid-r7/ex290/verilog/ex290_r7_anchor_sparse_bdd_overlay.v,student/work/ex204_ex299_frontend_breakthrough_20260614_1051/unknown-mid-r7/ex290/aigs/ex290_r7_anchor_sparse_bdd_overlay.aig,student/work/ex204_ex299_frontend_breakthrough_20260614_1051/unknown-mid-r7/ex290/logs/ex290_r7_anchor_sparse_bdd_overlay.evaluate.py.log,student/frontend_campaigns/campaigns/ex204_ex299_frontend_breakthrough_20260614_1051/agent_shards/unknown-mid-r7/failed_hypotheses.csv,outside-in selected BDD for outputs 2:5:6:9 over rotate-high split,ex290_r7_anchor_sparse_bdd_overlay,,,ex290_r7_anchor_sparse_bdd_overlay,4510,17,76670,61992,Selected sparse state outputs may have smaller truth-clustered cofactors than the whole rotate-split source.,,EQUIVALENT_NONWINNING,,,,,,,,,,,,,2026-06-14 13:44:11 +0800,anchor_subset_bdd_overlay,,student/work/ex204_ex299_frontend_breakthrough_20260614_1051/unknown-mid-r7/ex290/logs/ex290_r7_anchor_sparse_bdd_overlay.evaluate.py.log,,,,,,61992,,,,,,,,,
unknown-mid-r7,unknown,ex291,ex291|global_state_output_plane_overlay|bdd_edge_planes|rotate_split_base_plus_outsidein_bdd_edges|yosys_internal_abc_g_aig|official_evaluate|bits_0_1_11_12,,official evaluate.py OK but did not beat target frontend ADP,,,,student/work/ex204_ex299_frontend_breakthrough_20260614_1051/unknown-mid-r7/ex291/verilog/ex291_r7_rotate_bdd_edge_overlay.v,student/work/ex204_ex299_frontend_breakthrough_20260614_1051/unknown-mid-r7/ex291/aigs/ex291_r7_rotate_bdd_edge_overlay.aig,student/work/ex204_ex299_frontend_breakthrough_20260614_1051/unknown-mid-r7/ex291/logs/ex291_r7_rotate_bdd_edge_overlay.evaluate.py.log,student/frontend_campaigns/campaigns/ex204_ex299_frontend_breakthrough_20260614_1051/agent_shards/unknown-mid-r7/failed_hypotheses.csv,outside-in BDD donor on outputs 0:1:11:12 over rotate-high split,ex291_r7_rotate_bdd_edge_overlay,,,ex291_r7_rotate_bdd_edge_overlay,6731,18,121158,97545,The global-state rotate split may shed edge cones by borrowing only edge outputs from the outside-in BDD source.,,EQUIVALENT_NONWINNING,,,,,,,,,,,,,2026-06-14 13:44:18 +0800,output_plane_exact_overlay,,student/work/ex204_ex299_frontend_breakthrough_20260614_1051/unknown-mid-r7/ex291/logs/ex291_r7_rotate_bdd_edge_overlay.evaluate.py.log,,,,,,97545,,,,,,,,,
unknown-mid-r7,unknown,ex291,ex291|global_state_anchor_key_residual|selected_bdd_sparse_state_planes|rotate_split_base_plus_outsidein_selected_roots|yosys_internal_abc_g_aig|official_evaluate|bits_2_5_7_10,,official evaluate.py OK but did not beat target frontend ADP,,,,student/work/ex204_ex299_frontend_breakthrough_20260614_1051/unknown-mid-r7/ex291/verilog/ex291_r7_anchor_sparse_bdd_overlay.v,student/work/ex204_ex299_frontend_breakthrough_20260614_1051/unknown-mid-r7/ex291/aigs/ex291_r7_anchor_sparse_bdd_overlay.aig,student/work/ex204_ex299_frontend_breakthrough_20260614_1051/unknown-mid-r7/ex291/logs/ex291_r7_anchor_sparse_bdd_overlay.evaluate.py.log,student/frontend_campaigns/campaigns/ex204_ex299_frontend_breakthrough_20260614_1051/agent_shards/unknown-mid-r7/failed_hypotheses.csv,outside-in selected BDD for outputs 2:5:7:10 over rotate-high split,ex291_r7_anchor_sparse_bdd_overlay,,,ex291_r7_anchor_sparse_bdd_overlay,6724,20,134480,97545,Selected sparse state outputs may have smaller truth-clustered cofactors than the whole rotate-split source.,,EQUIVALENT_NONWINNING,,,,,,,,,,,,,2026-06-14 13:44:25 +0800,anchor_subset_bdd_overlay,,student/work/ex204_ex299_frontend_breakthrough_20260614_1051/unknown-mid-r7/ex291/logs/ex291_r7_anchor_sparse_bdd_overlay.evaluate.py.log,,,,,,97545,,,,,,,,,
unknown-mid-r7,unknown,ex292,ex292|global_state_output_plane_overlay|adjacent_mod7_altmask|mod4_base_plus_adjacent_and_mod7_selected_planes|yosys_internal_abc_g_aig|official_evaluate|adjacent_1_2_11_12_mod7_0_6_7_13,,official evaluate.py OK but did not beat target frontend ADP,,,,student/work/ex204_ex299_frontend_breakthrough_20260614_1051/unknown-mid-r7/ex292/verilog/ex292_r7_adjacent_mod7_altmask.v,student/work/ex204_ex299_frontend_breakthrough_20260614_1051/unknown-mid-r7/ex292/aigs/ex292_r7_adjacent_mod7_altmask.aig,student/work/ex204_ex299_frontend_breakthrough_20260614_1051/unknown-mid-r7/ex292/logs/ex292_r7_adjacent_mod7_altmask.evaluate.py.log,student/frontend_campaigns/campaigns/ex204_ex299_frontend_breakthrough_20260614_1051/agent_shards/unknown-mid-r7/failed_hypotheses.csv,adjacent outputs 1:2:11:12 and mod7 outputs 0:6:7:13 over mod4 base,ex292_r7_adjacent_mod7_altmask,,,ex292_r7_adjacent_mod7_altmask,6780,21,142380,135200,A different adjacent/mod7 exact output-plane mask may preserve the current 20-level delay while removing a few mod4 BDD roots.,,EQUIVALENT_NONWINNING,,,,,,,,,,,,,2026-06-14 13:44:30 +0800,output_plane_exact_overlay,,student/work/ex204_ex299_frontend_breakthrough_20260614_1051/unknown-mid-r7/ex292/logs/ex292_r7_adjacent_mod7_altmask.evaluate.py.log,,,,,,135200,,,,,,,,,
unknown-mid-r7,unknown,ex292,ex292|global_state_anchor_key_residual|selected_bdd_sparse_planes|adjacent_mod7_base_plus_outsidein_selected_roots|yosys_internal_abc_g_aig|official_evaluate|bits_4_5_8_9,,official evaluate.py OK but did not beat target frontend ADP,,,,student/work/ex204_ex299_frontend_breakthrough_20260614_1051/unknown-mid-r7/ex292/verilog/ex292_r7_anchor_sparse_bdd_overlay.v,student/work/ex204_ex299_frontend_breakthrough_20260614_1051/unknown-mid-r7/ex292/aigs/ex292_r7_anchor_sparse_bdd_overlay.aig,student/work/ex204_ex299_frontend_breakthrough_20260614_1051/unknown-mid-r7/ex292/logs/ex292_r7_anchor_sparse_bdd_overlay.evaluate.py.log,student/frontend_campaigns/campaigns/ex204_ex299_frontend_breakthrough_20260614_1051/agent_shards/unknown-mid-r7/failed_hypotheses.csv,outside-in selected BDD for outputs 4:5:8:9 over current adjacent/mod7 source,ex292_r7_anchor_sparse_bdd_overlay,,,ex292_r7_anchor_sparse_bdd_overlay,6792,21,142632,135200,A selected truth-clustered decision graph over sparse state planes may reduce area without changing the successful adjacent/mod7 full-word source.,,EQUIVALENT_NONWINNING,,,,,,,,,,,,,2026-06-14 13:44:36 +0800,anchor_subset_bdd_overlay,,student/work/ex204_ex299_frontend_breakthrough_20260614_1051/unknown-mid-r7/ex292/logs/ex292_r7_anchor_sparse_bdd_overlay.evaluate.py.log,,,,,,135200,,,,,,,,,
unknown-mid-r7,unknown,ex285,ex285|hamming_weight_routing_output_plane_overlay_sweep|boundary_mask_0_1_2_9_11|decision_tree_base_plus_exact_boundary_helper|yosys_internal_abc_g_aig|official_evaluate|bits_0_1_2_9_11,,official evaluate.py OK but did not beat target frontend ADP,,,,student/work/ex204_ex299_frontend_breakthrough_20260614_1051/unknown-mid-r7/ex285/verilog/ex285_r7_sweep_boundary_add_1.v,student/work/ex204_ex299_frontend_breakthrough_20260614_1051/unknown-mid-r7/ex285/aigs/ex285_r7_sweep_boundary_add_1.aig,student/work/ex204_ex299_frontend_breakthrough_20260614_1051/unknown-mid-r7/ex285/logs/ex285_r7_sweep_boundary_add_1.evaluate.py.log,student/frontend_campaigns/campaigns/ex204_ex299_frontend_breakthrough_20260614_1051/agent_shards/unknown-mid-r7/failed_hypotheses.csv,add boundary output 1,ex285_r7_sweep_boundary_add_1,,,ex285_r7_sweep_boundary_add_1,800,16,12800,12800,Single-mask perturbation around the tied ex285 boundary/current source to search for a lower-area exact output-plane overlay.,,EQUIVALENT_NONWINNING,,,,,,,,,,,,,2026-06-14 13:47:37 +0800,output_plane_exact_overlay_sweep,,student/work/ex204_ex299_frontend_breakthrough_20260614_1051/unknown-mid-r7/ex285/logs/ex285_r7_sweep_boundary_add_1.evaluate.py.log,,,,,,12800,,,,,,,,,
unknown-mid-r7,unknown,ex285,ex285|hamming_weight_routing_output_plane_overlay_sweep|boundary_mask_0_2_3_9_11|decision_tree_base_plus_exact_boundary_helper|yosys_internal_abc_g_aig|official_evaluate|bits_0_2_3_9_11,,official evaluate.py OK but did not beat target frontend ADP,,,,student/work/ex204_ex299_frontend_breakthrough_20260614_1051/unknown-mid-r7/ex285/verilog/ex285_r7_sweep_boundary_add_3.v,student/work/ex204_ex299_frontend_breakthrough_20260614_1051/unknown-mid-r7/ex285/aigs/ex285_r7_sweep_boundary_add_3.aig,student/work/ex204_ex299_frontend_breakthrough_20260614_1051/unknown-mid-r7/ex285/logs/ex285_r7_sweep_boundary_add_3.evaluate.py.log,student/frontend_campaigns/campaigns/ex204_ex299_frontend_breakthrough_20260614_1051/agent_shards/unknown-mid-r7/failed_hypotheses.csv,add boundary output 3,ex285_r7_sweep_boundary_add_3,,,ex285_r7_sweep_boundary_add_3,800,16,12800,12800,Single-mask perturbation around the tied ex285 boundary/current source to search for a lower-area exact output-plane overlay.,,EQUIVALENT_NONWINNING,,,,,,,,,,,,,2026-06-14 13:47:52 +0800,output_plane_exact_overlay_sweep,,student/work/ex204_ex299_frontend_breakthrough_20260614_1051/unknown-mid-r7/ex285/logs/ex285_r7_sweep_boundary_add_3.evaluate.py.log,,,,,,12800,,,,,,,,,
unknown-mid-r7,unknown,ex285,ex285|hamming_weight_routing_output_plane_overlay_sweep|boundary_mask_0_2_4_9_11|decision_tree_base_plus_exact_boundary_helper|yosys_internal_abc_g_aig|official_evaluate|bits_0_2_4_9_11,,official evaluate.py OK but did not beat target frontend ADP,,,,student/work/ex204_ex299_frontend_breakthrough_20260614_1051/unknown-mid-r7/ex285/verilog/ex285_r7_sweep_boundary_add_4.v,student/work/ex204_ex299_frontend_breakthrough_20260614_1051/unknown-mid-r7/ex285/aigs/ex285_r7_sweep_boundary_add_4.aig,student/work/ex204_ex299_frontend_breakthrough_20260614_1051/unknown-mid-r7/ex285/logs/ex285_r7_sweep_boundary_add_4.evaluate.py.log,student/frontend_campaigns/campaigns/ex204_ex299_frontend_breakthrough_20260614_1051/agent_shards/unknown-mid-r7/failed_hypotheses.csv,add boundary output 4,ex285_r7_sweep_boundary_add_4,,,ex285_r7_sweep_boundary_add_4,800,16,12800,12800,Single-mask perturbation around the tied ex285 boundary/current source to search for a lower-area exact output-plane overlay.,,EQUIVALENT_NONWINNING,,,,,,,,,,,,,2026-06-14 13:48:08 +0800,output_plane_exact_overlay_sweep,,student/work/ex204_ex299_frontend_breakthrough_20260614_1051/unknown-mid-r7/ex285/logs/ex285_r7_sweep_boundary_add_4.evaluate.py.log,,,,,,12800,,,,,,,,,
unknown-mid-r7,unknown,ex285,ex285|hamming_weight_routing_output_plane_overlay_sweep|boundary_mask_0_2_5_9_11|decision_tree_base_plus_exact_boundary_helper|yosys_internal_abc_g_aig|official_evaluate|bits_0_2_5_9_11,,official evaluate.py OK but did not beat target frontend ADP,,,,student/work/ex204_ex299_frontend_breakthrough_20260614_1051/unknown-mid-r7/ex285/verilog/ex285_r7_sweep_boundary_add_5.v,student/work/ex204_ex299_frontend_breakthrough_20260614_1051/unknown-mid-r7/ex285/aigs/ex285_r7_sweep_boundary_add_5.aig,student/work/ex204_ex299_frontend_breakthrough_20260614_1051/unknown-mid-r7/ex285/logs/ex285_r7_sweep_boundary_add_5.evaluate.py.log,student/frontend_campaigns/campaigns/ex204_ex299_frontend_breakthrough_20260614_1051/agent_shards/unknown-mid-r7/failed_hypotheses.csv,add boundary output 5,ex285_r7_sweep_boundary_add_5,,,ex285_r7_sweep_boundary_add_5,800,16,12800,12800,Single-mask perturbation around the tied ex285 boundary/current source to search for a lower-area exact output-plane overlay.,,EQUIVALENT_NONWINNING,,,,,,,,,,,,,2026-06-14 13:48:23 +0800,output_plane_exact_overlay_sweep,,student/work/ex204_ex299_frontend_breakthrough_20260614_1051/unknown-mid-r7/ex285/logs/ex285_r7_sweep_boundary_add_5.evaluate.py.log,,,,,,12800,,,,,,,,,
unknown-mid-r7,unknown,ex285,ex285|hamming_weight_routing_output_plane_overlay_sweep|boundary_mask_0_2_6_9_11|decision_tree_base_plus_exact_boundary_helper|yosys_internal_abc_g_aig|official_evaluate|bits_0_2_6_9_11,,official evaluate.py OK but did not beat target frontend ADP,,,,student/work/ex204_ex299_frontend_breakthrough_20260614_1051/unknown-mid-r7/ex285/verilog/ex285_r7_sweep_boundary_add_6.v,student/work/ex204_ex299_frontend_breakthrough_20260614_1051/unknown-mid-r7/ex285/aigs/ex285_r7_sweep_boundary_add_6.aig,student/work/ex204_ex299_frontend_breakthrough_20260614_1051/unknown-mid-r7/ex285/logs/ex285_r7_sweep_boundary_add_6.evaluate.py.log,student/frontend_campaigns/campaigns/ex204_ex299_frontend_breakthrough_20260614_1051/agent_shards/unknown-mid-r7/failed_hypotheses.csv,add boundary output 6,ex285_r7_sweep_boundary_add_6,,,ex285_r7_sweep_boundary_add_6,800,16,12800,12800,Single-mask perturbation around the tied ex285 boundary/current source to search for a lower-area exact output-plane overlay.,,EQUIVALENT_NONWINNING,,,,,,,,,,,,,2026-06-14 13:48:39 +0800,output_plane_exact_overlay_sweep,,student/work/ex204_ex299_frontend_breakthrough_20260614_1051/unknown-mid-r7/ex285/logs/ex285_r7_sweep_boundary_add_6.evaluate.py.log,,,,,,12800,,,,,,,,,
unknown-mid-r7,unknown,ex285,ex285|hamming_weight_routing_output_plane_overlay_sweep|boundary_mask_0_2_7_9_11|decision_tree_base_plus_exact_boundary_helper|yosys_internal_abc_g_aig|official_evaluate|bits_0_2_7_9_11,,official evaluate.py OK but did not beat target frontend ADP,,,,student/work/ex204_ex299_frontend_breakthrough_20260614_1051/unknown-mid-r7/ex285/verilog/ex285_r7_sweep_boundary_add_7.v,student/work/ex204_ex299_frontend_breakthrough_20260614_1051/unknown-mid-r7/ex285/aigs/ex285_r7_sweep_boundary_add_7.aig,student/work/ex204_ex299_frontend_breakthrough_20260614_1051/unknown-mid-r7/ex285/logs/ex285_r7_sweep_boundary_add_7.evaluate.py.log,student/frontend_campaigns/campaigns/ex204_ex299_frontend_breakthrough_20260614_1051/agent_shards/unknown-mid-r7/failed_hypotheses.csv,add boundary output 7,ex285_r7_sweep_boundary_add_7,,,ex285_r7_sweep_boundary_add_7,800,16,12800,12800,Single-mask perturbation around the tied ex285 boundary/current source to search for a lower-area exact output-plane overlay.,,EQUIVALENT_NONWINNING,,,,,,,,,,,,,2026-06-14 13:48:55 +0800,output_plane_exact_overlay_sweep,,student/work/ex204_ex299_frontend_breakthrough_20260614_1051/unknown-mid-r7/ex285/logs/ex285_r7_sweep_boundary_add_7.evaluate.py.log,,,,,,12800,,,,,,,,,
unknown-mid-r7,unknown,ex285,ex285|hamming_weight_routing_output_plane_overlay_sweep|boundary_mask_0_2_8_9_11|decision_tree_base_plus_exact_boundary_helper|yosys_internal_abc_g_aig|official_evaluate|bits_0_2_8_9_11,,official evaluate.py OK but did not beat target frontend ADP,,,,student/work/ex204_ex299_frontend_breakthrough_20260614_1051/unknown-mid-r7/ex285/verilog/ex285_r7_sweep_boundary_add_8.v,student/work/ex204_ex299_frontend_breakthrough_20260614_1051/unknown-mid-r7/ex285/aigs/ex285_r7_sweep_boundary_add_8.aig,student/work/ex204_ex299_frontend_breakthrough_20260614_1051/unknown-mid-r7/ex285/logs/ex285_r7_sweep_boundary_add_8.evaluate.py.log,student/frontend_campaigns/campaigns/ex204_ex299_frontend_breakthrough_20260614_1051/agent_shards/unknown-mid-r7/failed_hypotheses.csv,add boundary output 8,ex285_r7_sweep_boundary_add_8,,,ex285_r7_sweep_boundary_add_8,800,16,12800,12800,Single-mask perturbation around the tied ex285 boundary/current source to search for a lower-area exact output-plane overlay.,,EQUIVALENT_NONWINNING,,,,,,,,,,,,,2026-06-14 13:49:11 +0800,output_plane_exact_overlay_sweep,,student/work/ex204_ex299_frontend_breakthrough_20260614_1051/unknown-mid-r7/ex285/logs/ex285_r7_sweep_boundary_add_8.evaluate.py.log,,,,,,12800,,,,,,,,,
unknown-mid-r7,unknown,ex285,ex285|hamming_weight_routing_output_plane_overlay_sweep|boundary_mask_0_2_9_10_11|decision_tree_base_plus_exact_boundary_helper|yosys_internal_abc_g_aig|official_evaluate|bits_0_2_9_10_11,,official evaluate.py OK but did not beat target frontend ADP,,,,student/work/ex204_ex299_frontend_breakthrough_20260614_1051/unknown-mid-r7/ex285/verilog/ex285_r7_sweep_boundary_add_10.v,student/work/ex204_ex299_frontend_breakthrough_20260614_1051/unknown-mid-r7/ex285/aigs/ex285_r7_sweep_boundary_add_10.aig,student/work/ex204_ex299_frontend_breakthrough_20260614_1051/unknown-mid-r7/ex285/logs/ex285_r7_sweep_boundary_add_10.evaluate.py.log,student/frontend_campaigns/campaigns/ex204_ex299_frontend_breakthrough_20260614_1051/agent_shards/unknown-mid-r7/failed_hypotheses.csv,add boundary output 10,ex285_r7_sweep_boundary_add_10,,,ex285_r7_sweep_boundary_add_10,800,16,12800,12800,Single-mask perturbation around the tied ex285 boundary/current source to search for a lower-area exact output-plane overlay.,,EQUIVALENT_NONWINNING,,,,,,,,,,,,,2026-06-14 13:49:27 +0800,output_plane_exact_overlay_sweep,,student/work/ex204_ex299_frontend_breakthrough_20260614_1051/unknown-mid-r7/ex285/logs/ex285_r7_sweep_boundary_add_10.evaluate.py.log,,,,,,12800,,,,,,,,,
unknown-mid-r7,unknown,ex285,ex285|hamming_weight_routing_output_plane_overlay_sweep|boundary_mask_2_9_11|decision_tree_base_plus_exact_boundary_helper|yosys_internal_abc_g_aig|official_evaluate|bits_2_9_11,,official evaluate.py OK but did not beat target frontend ADP,,,,student/work/ex204_ex299_frontend_breakthrough_20260614_1051/unknown-mid-r7/ex285/verilog/ex285_r7_sweep_boundary_drop_0.v,student/work/ex204_ex299_frontend_breakthrough_20260614_1051/unknown-mid-r7/ex285/aigs/ex285_r7_sweep_boundary_drop_0.aig,student/work/ex204_ex299_frontend_breakthrough_20260614_1051/unknown-mid-r7/ex285/logs/ex285_r7_sweep_boundary_drop_0.evaluate.py.log,student/frontend_campaigns/campaigns/ex204_ex299_frontend_breakthrough_20260614_1051/agent_shards/unknown-mid-r7/failed_hypotheses.csv,drop boundary output 0,ex285_r7_sweep_boundary_drop_0,,,ex285_r7_sweep_boundary_drop_0,800,16,12800,12800,Single-mask perturbation around the tied ex285 boundary/current source to search for a lower-area exact output-plane overlay.,,EQUIVALENT_NONWINNING,,,,,,,,,,,,,2026-06-14 13:49:43 +0800,output_plane_exact_overlay_sweep,,student/work/ex204_ex299_frontend_breakthrough_20260614_1051/unknown-mid-r7/ex285/logs/ex285_r7_sweep_boundary_drop_0.evaluate.py.log,,,,,,12800,,,,,,,,,
unknown-mid-r7,unknown,ex285,ex285|hamming_weight_routing_output_plane_overlay_sweep|boundary_mask_0_9_11|decision_tree_base_plus_exact_boundary_helper|yosys_internal_abc_g_aig|official_evaluate|bits_0_9_11,,official evaluate.py OK but did not beat target frontend ADP,,,,student/work/ex204_ex299_frontend_breakthrough_20260614_1051/unknown-mid-r7/ex285/verilog/ex285_r7_sweep_boundary_drop_2.v,student/work/ex204_ex299_frontend_breakthrough_20260614_1051/unknown-mid-r7/ex285/aigs/ex285_r7_sweep_boundary_drop_2.aig,student/work/ex204_ex299_frontend_breakthrough_20260614_1051/unknown-mid-r7/ex285/logs/ex285_r7_sweep_boundary_drop_2.evaluate.py.log,student/frontend_campaigns/campaigns/ex204_ex299_frontend_breakthrough_20260614_1051/agent_shards/unknown-mid-r7/failed_hypotheses.csv,drop boundary output 2,ex285_r7_sweep_boundary_drop_2,,,ex285_r7_sweep_boundary_drop_2,800,16,12800,12800,Single-mask perturbation around the tied ex285 boundary/current source to search for a lower-area exact output-plane overlay.,,EQUIVALENT_NONWINNING,,,,,,,,,,,,,2026-06-14 13:49:58 +0800,output_plane_exact_overlay_sweep,,student/work/ex204_ex299_frontend_breakthrough_20260614_1051/unknown-mid-r7/ex285/logs/ex285_r7_sweep_boundary_drop_2.evaluate.py.log,,,,,,12800,,,,,,,,,
unknown-mid-r7,unknown,ex285,ex285|hamming_weight_routing_output_plane_overlay_sweep|boundary_mask_0_2_11|decision_tree_base_plus_exact_boundary_helper|yosys_internal_abc_g_aig|official_evaluate|bits_0_2_11,,official evaluate.py OK but did not beat target frontend ADP,,,,student/work/ex204_ex299_frontend_breakthrough_20260614_1051/unknown-mid-r7/ex285/verilog/ex285_r7_sweep_boundary_drop_9.v,student/work/ex204_ex299_frontend_breakthrough_20260614_1051/unknown-mid-r7/ex285/aigs/ex285_r7_sweep_boundary_drop_9.aig,student/work/ex204_ex299_frontend_breakthrough_20260614_1051/unknown-mid-r7/ex285/logs/ex285_r7_sweep_boundary_drop_9.evaluate.py.log,student/frontend_campaigns/campaigns/ex204_ex299_frontend_breakthrough_20260614_1051/agent_shards/unknown-mid-r7/failed_hypotheses.csv,drop boundary output 9,ex285_r7_sweep_boundary_drop_9,,,ex285_r7_sweep_boundary_drop_9,800,16,12800,12800,Single-mask perturbation around the tied ex285 boundary/current source to search for a lower-area exact output-plane overlay.,,EQUIVALENT_NONWINNING,,,,,,,,,,,,,2026-06-14 13:50:14 +0800,output_plane_exact_overlay_sweep,,student/work/ex204_ex299_frontend_breakthrough_20260614_1051/unknown-mid-r7/ex285/logs/ex285_r7_sweep_boundary_drop_9.evaluate.py.log,,,,,,12800,,,,,,,,,
unknown-mid-r7,unknown,ex285,ex285|hamming_weight_routing_output_plane_overlay_sweep|boundary_mask_0_2_9|decision_tree_base_plus_exact_boundary_helper|yosys_internal_abc_g_aig|official_evaluate|bits_0_2_9,,official evaluate.py OK but did not beat target frontend ADP,,,,student/work/ex204_ex299_frontend_breakthrough_20260614_1051/unknown-mid-r7/ex285/verilog/ex285_r7_sweep_boundary_drop_11.v,student/work/ex204_ex299_frontend_breakthrough_20260614_1051/unknown-mid-r7/ex285/aigs/ex285_r7_sweep_boundary_drop_11.aig,student/work/ex204_ex299_frontend_breakthrough_20260614_1051/unknown-mid-r7/ex285/logs/ex285_r7_sweep_boundary_drop_11.evaluate.py.log,student/frontend_campaigns/campaigns/ex204_ex299_frontend_breakthrough_20260614_1051/agent_shards/unknown-mid-r7/failed_hypotheses.csv,drop boundary output 11,ex285_r7_sweep_boundary_drop_11,,,ex285_r7_sweep_boundary_drop_11,800,16,12800,12800,Single-mask perturbation around the tied ex285 boundary/current source to search for a lower-area exact output-plane overlay.,,EQUIVALENT_NONWINNING,,,,,,,,,,,,,2026-06-14 13:50:29 +0800,output_plane_exact_overlay_sweep,,student/work/ex204_ex299_frontend_breakthrough_20260614_1051/unknown-mid-r7/ex285/logs/ex285_r7_sweep_boundary_drop_11.evaluate.py.log,,,,,,12800,,,,,,,,,
unknown-mid-r7,unknown,ex292,ex292|global_state_output_plane_overlay_sweep|adj_3_10_11_mod7_0_7_13|mod4_base_plus_adjacent_and_mod7_selected_planes|yosys_internal_abc_g_aig|official_evaluate|sweep,,official evaluate.py OK but did not beat target frontend ADP,,,,student/work/ex204_ex299_frontend_breakthrough_20260614_1051/unknown-mid-r7/ex292/verilog/ex292_r7_sweep_drop_adj_2.v,student/work/ex204_ex299_frontend_breakthrough_20260614_1051/unknown-mid-r7/ex292/aigs/ex292_r7_sweep_drop_adj_2.aig,student/work/ex204_ex299_frontend_breakthrough_20260614_1051/unknown-mid-r7/ex292/logs/ex292_r7_sweep_drop_adj_2.evaluate.py.log,student/frontend_campaigns/campaigns/ex204_ex299_frontend_breakthrough_20260614_1051/agent_shards/unknown-mid-r7/failed_hypotheses.csv,drop adjacent output 2,ex292_r7_sweep_drop_adj_2,,,ex292_r7_sweep_drop_adj_2,6771,21,142191,135200,Mask perturbation around the current adjacent/mod7 output-plane source to preserve delay 20 while reducing area.,,EQUIVALENT_NONWINNING,,,,,,,,,,,,,2026-06-14 13:50:34 +0800,output_plane_exact_overlay_sweep,,student/work/ex204_ex299_frontend_breakthrough_20260614_1051/unknown-mid-r7/ex292/logs/ex292_r7_sweep_drop_adj_2.evaluate.py.log,,,,,,135200,,,,,,,,,
unknown-mid-r7,unknown,ex292,ex292|global_state_output_plane_overlay_sweep|adj_2_10_11_mod7_0_7_13|mod4_base_plus_adjacent_and_mod7_selected_planes|yosys_internal_abc_g_aig|official_evaluate|sweep,,official evaluate.py OK but did not beat target frontend ADP,,,,student/work/ex204_ex299_frontend_breakthrough_20260614_1051/unknown-mid-r7/ex292/verilog/ex292_r7_sweep_drop_adj_3.v,student/work/ex204_ex299_frontend_breakthrough_20260614_1051/unknown-mid-r7/ex292/aigs/ex292_r7_sweep_drop_adj_3.aig,student/work/ex204_ex299_frontend_breakthrough_20260614_1051/unknown-mid-r7/ex292/logs/ex292_r7_sweep_drop_adj_3.evaluate.py.log,student/frontend_campaigns/campaigns/ex204_ex299_frontend_breakthrough_20260614_1051/agent_shards/unknown-mid-r7/failed_hypotheses.csv,drop adjacent output 3,ex292_r7_sweep_drop_adj_3,,,ex292_r7_sweep_drop_adj_3,6789,21,142569,135200,Mask perturbation around the current adjacent/mod7 output-plane source to preserve delay 20 while reducing area.,,EQUIVALENT_NONWINNING,,,,,,,,,,,,,2026-06-14 13:50:39 +0800,output_plane_exact_overlay_sweep,,student/work/ex204_ex299_frontend_breakthrough_20260614_1051/unknown-mid-r7/ex292/logs/ex292_r7_sweep_drop_adj_3.evaluate.py.log,,,,,,135200,,,,,,,,,
unknown-mid-r7,unknown,ex292,ex292|global_state_output_plane_overlay_sweep|adj_2_3_11_mod7_0_7_13|mod4_base_plus_adjacent_and_mod7_selected_planes|yosys_internal_abc_g_aig|official_evaluate|sweep,,official evaluate.py OK but did not beat target frontend ADP,,,,student/work/ex204_ex299_frontend_breakthrough_20260614_1051/unknown-mid-r7/ex292/verilog/ex292_r7_sweep_drop_adj_10.v,student/work/ex204_ex299_frontend_breakthrough_20260614_1051/unknown-mid-r7/ex292/aigs/ex292_r7_sweep_drop_adj_10.aig,student/work/ex204_ex299_frontend_breakthrough_20260614_1051/unknown-mid-r7/ex292/logs/ex292_r7_sweep_drop_adj_10.evaluate.py.log,student/frontend_campaigns/campaigns/ex204_ex299_frontend_breakthrough_20260614_1051/agent_shards/unknown-mid-r7/failed_hypotheses.csv,drop adjacent output 10,ex292_r7_sweep_drop_adj_10,,,ex292_r7_sweep_drop_adj_10,6751,21,141771,135200,Mask perturbation around the current adjacent/mod7 output-plane source to preserve delay 20 while reducing area.,,EQUIVALENT_NONWINNING,,,,,,,,,,,,,2026-06-14 13:50:44 +0800,output_plane_exact_overlay_sweep,,student/work/ex204_ex299_frontend_breakthrough_20260614_1051/unknown-mid-r7/ex292/logs/ex292_r7_sweep_drop_adj_10.evaluate.py.log,,,,,,135200,,,,,,,,,
unknown-mid-r7,unknown,ex292,ex292|global_state_output_plane_overlay_sweep|adj_2_3_10_mod7_0_7_13|mod4_base_plus_adjacent_and_mod7_selected_planes|yosys_internal_abc_g_aig|official_evaluate|sweep,,official evaluate.py OK but did not beat target frontend ADP,,,,student/work/ex204_ex299_frontend_breakthrough_20260614_1051/unknown-mid-r7/ex292/verilog/ex292_r7_sweep_drop_adj_11.v,student/work/ex204_ex299_frontend_breakthrough_20260614_1051/unknown-mid-r7/ex292/aigs/ex292_r7_sweep_drop_adj_11.aig,student/work/ex204_ex299_frontend_breakthrough_20260614_1051/unknown-mid-r7/ex292/logs/ex292_r7_sweep_drop_adj_11.evaluate.py.log,student/frontend_campaigns/campaigns/ex204_ex299_frontend_breakthrough_20260614_1051/agent_shards/unknown-mid-r7/failed_hypotheses.csv,drop adjacent output 11,ex292_r7_sweep_drop_adj_11,,,ex292_r7_sweep_drop_adj_11,6761,21,141981,135200,Mask perturbation around the current adjacent/mod7 output-plane source to preserve delay 20 while reducing area.,,EQUIVALENT_NONWINNING,,,,,,,,,,,,,2026-06-14 13:50:49 +0800,output_plane_exact_overlay_sweep,,student/work/ex204_ex299_frontend_breakthrough_20260614_1051/unknown-mid-r7/ex292/logs/ex292_r7_sweep_drop_adj_11.evaluate.py.log,,,,,,135200,,,,,,,,,
unknown-mid-r7,unknown,ex292,ex292|global_state_output_plane_overlay_sweep|adj_2_3_10_11_mod7_7_13|mod4_base_plus_adjacent_and_mod7_selected_planes|yosys_internal_abc_g_aig|official_evaluate|sweep,,official evaluate.py OK but did not beat target frontend ADP,,,,student/work/ex204_ex299_frontend_breakthrough_20260614_1051/unknown-mid-r7/ex292/verilog/ex292_r7_sweep_drop_mod7_0.v,student/work/ex204_ex299_frontend_breakthrough_20260614_1051/unknown-mid-r7/ex292/aigs/ex292_r7_sweep_drop_mod7_0.aig,student/work/ex204_ex299_frontend_breakthrough_20260614_1051/unknown-mid-r7/ex292/logs/ex292_r7_sweep_drop_mod7_0.evaluate.py.log,student/frontend_campaigns/campaigns/ex204_ex299_frontend_breakthrough_20260614_1051/agent_shards/unknown-mid-r7/failed_hypotheses.csv,drop mod7 output 0,ex292_r7_sweep_drop_mod7_0,,,ex292_r7_sweep_drop_mod7_0,6775,21,142275,135200,Mask perturbation around the current adjacent/mod7 output-plane source to preserve delay 20 while reducing area.,,EQUIVALENT_NONWINNING,,,,,,,,,,,,,2026-06-14 13:50:54 +0800,output_plane_exact_overlay_sweep,,student/work/ex204_ex299_frontend_breakthrough_20260614_1051/unknown-mid-r7/ex292/logs/ex292_r7_sweep_drop_mod7_0.evaluate.py.log,,,,,,135200,,,,,,,,,
unknown-mid-r7,unknown,ex292,ex292|global_state_output_plane_overlay_sweep|adj_2_3_10_11_mod7_0_13|mod4_base_plus_adjacent_and_mod7_selected_planes|yosys_internal_abc_g_aig|official_evaluate|sweep,,official evaluate.py OK but did not beat target frontend ADP,,,,student/work/ex204_ex299_frontend_breakthrough_20260614_1051/unknown-mid-r7/ex292/verilog/ex292_r7_sweep_drop_mod7_7.v,student/work/ex204_ex299_frontend_breakthrough_20260614_1051/unknown-mid-r7/ex292/aigs/ex292_r7_sweep_drop_mod7_7.aig,student/work/ex204_ex299_frontend_breakthrough_20260614_1051/unknown-mid-r7/ex292/logs/ex292_r7_sweep_drop_mod7_7.evaluate.py.log,student/frontend_campaigns/campaigns/ex204_ex299_frontend_breakthrough_20260614_1051/agent_shards/unknown-mid-r7/failed_hypotheses.csv,drop mod7 output 7,ex292_r7_sweep_drop_mod7_7,,,ex292_r7_sweep_drop_mod7_7,6794,21,142674,135200,Mask perturbation around the current adjacent/mod7 output-plane source to preserve delay 20 while reducing area.,,EQUIVALENT_NONWINNING,,,,,,,,,,,,,2026-06-14 13:50:59 +0800,output_plane_exact_overlay_sweep,,student/work/ex204_ex299_frontend_breakthrough_20260614_1051/unknown-mid-r7/ex292/logs/ex292_r7_sweep_drop_mod7_7.evaluate.py.log,,,,,,135200,,,,,,,,,
unknown-mid-r7,unknown,ex292,ex292|global_state_output_plane_overlay_sweep|adj_2_3_10_11_mod7_0_7|mod4_base_plus_adjacent_and_mod7_selected_planes|yosys_internal_abc_g_aig|official_evaluate|sweep,,official evaluate.py OK but did not beat target frontend ADP,,,,student/work/ex204_ex299_frontend_breakthrough_20260614_1051/unknown-mid-r7/ex292/verilog/ex292_r7_sweep_drop_mod7_13.v,student/work/ex204_ex299_frontend_breakthrough_20260614_1051/unknown-mid-r7/ex292/aigs/ex292_r7_sweep_drop_mod7_13.aig,student/work/ex204_ex299_frontend_breakthrough_20260614_1051/unknown-mid-r7/ex292/logs/ex292_r7_sweep_drop_mod7_13.evaluate.py.log,student/frontend_campaigns/campaigns/ex204_ex299_frontend_breakthrough_20260614_1051/agent_shards/unknown-mid-r7/failed_hypotheses.csv,drop mod7 output 13,ex292_r7_sweep_drop_mod7_13,,,ex292_r7_sweep_drop_mod7_13,6770,21,142170,135200,Mask perturbation around the current adjacent/mod7 output-plane source to preserve delay 20 while reducing area.,,EQUIVALENT_NONWINNING,,,,,,,,,,,,,2026-06-14 13:51:04 +0800,output_plane_exact_overlay_sweep,,student/work/ex204_ex299_frontend_breakthrough_20260614_1051/unknown-mid-r7/ex292/logs/ex292_r7_sweep_drop_mod7_13.evaluate.py.log,,,,,,135200,,,,,,,,,
unknown-mid-r7,unknown,ex292,ex292|global_state_output_plane_overlay_sweep|adj_1_2_3_10_11_mod7_0_7_13|mod4_base_plus_adjacent_and_mod7_selected_planes|yosys_internal_abc_g_aig|official_evaluate|sweep,,official evaluate.py OK but did not beat target frontend ADP,,,,student/work/ex204_ex299_frontend_breakthrough_20260614_1051/unknown-mid-r7/ex292/verilog/ex292_r7_sweep_add_adj_1.v,student/work/ex204_ex299_frontend_breakthrough_20260614_1051/unknown-mid-r7/ex292/aigs/ex292_r7_sweep_add_adj_1.aig,student/work/ex204_ex299_frontend_breakthrough_20260614_1051/unknown-mid-r7/ex292/logs/ex292_r7_sweep_add_adj_1.evaluate.py.log,student/frontend_campaigns/campaigns/ex204_ex299_frontend_breakthrough_20260614_1051/agent_shards/unknown-mid-r7/failed_hypotheses.csv,add adjacent output 1,ex292_r7_sweep_add_adj_1,,,ex292_r7_sweep_add_adj_1,6750,22,148500,135200,Mask perturbation around the current adjacent/mod7 output-plane source to preserve delay 20 while reducing area.,,EQUIVALENT_NONWINNING,,,,,,,,,,,,,2026-06-14 13:51:09 +0800,output_plane_exact_overlay_sweep,,student/work/ex204_ex299_frontend_breakthrough_20260614_1051/unknown-mid-r7/ex292/logs/ex292_r7_sweep_add_adj_1.evaluate.py.log,,,,,,135200,,,,,,,,,
unknown-mid-r7,unknown,ex292,ex292|global_state_output_plane_overlay_sweep|adj_2_3_4_10_11_mod7_0_7_13|mod4_base_plus_adjacent_and_mod7_selected_planes|yosys_internal_abc_g_aig|official_evaluate|sweep,,official evaluate.py OK but did not beat target frontend ADP,,,,student/work/ex204_ex299_frontend_breakthrough_20260614_1051/unknown-mid-r7/ex292/verilog/ex292_r7_sweep_add_adj_4.v,student/work/ex204_ex299_frontend_breakthrough_20260614_1051/unknown-mid-r7/ex292/aigs/ex292_r7_sweep_add_adj_4.aig,student/work/ex204_ex299_frontend_breakthrough_20260614_1051/unknown-mid-r7/ex292/logs/ex292_r7_sweep_add_adj_4.evaluate.py.log,student/frontend_campaigns/campaigns/ex204_ex299_frontend_breakthrough_20260614_1051/agent_shards/unknown-mid-r7/failed_hypotheses.csv,add adjacent output 4,ex292_r7_sweep_add_adj_4,,,ex292_r7_sweep_add_adj_4,6766,21,142086,135200,Mask perturbation around the current adjacent/mod7 output-plane source to preserve delay 20 while reducing area.,,EQUIVALENT_NONWINNING,,,,,,,,,,,,,2026-06-14 13:51:13 +0800,output_plane_exact_overlay_sweep,,student/work/ex204_ex299_frontend_breakthrough_20260614_1051/unknown-mid-r7/ex292/logs/ex292_r7_sweep_add_adj_4.evaluate.py.log,,,,,,135200,,,,,,,,,
unknown-mid-r7,unknown,ex292,ex292|global_state_output_plane_overlay_sweep|adj_2_3_5_10_11_mod7_0_7_13|mod4_base_plus_adjacent_and_mod7_selected_planes|yosys_internal_abc_g_aig|official_evaluate|sweep,,official evaluate.py OK but did not beat target frontend ADP,,,,student/work/ex204_ex299_frontend_breakthrough_20260614_1051/unknown-mid-r7/ex292/verilog/ex292_r7_sweep_add_adj_5.v,student/work/ex204_ex299_frontend_breakthrough_20260614_1051/unknown-mid-r7/ex292/aigs/ex292_r7_sweep_add_adj_5.aig,student/work/ex204_ex299_frontend_breakthrough_20260614_1051/unknown-mid-r7/ex292/logs/ex292_r7_sweep_add_adj_5.evaluate.py.log,student/frontend_campaigns/campaigns/ex204_ex299_frontend_breakthrough_20260614_1051/agent_shards/unknown-mid-r7/failed_hypotheses.csv,add adjacent output 5,ex292_r7_sweep_add_adj_5,,,ex292_r7_sweep_add_adj_5,6753,21,141813,135200,Mask perturbation around the current adjacent/mod7 output-plane source to preserve delay 20 while reducing area.,,EQUIVALENT_NONWINNING,,,,,,,,,,,,,2026-06-14 13:51:18 +0800,output_plane_exact_overlay_sweep,,student/work/ex204_ex299_frontend_breakthrough_20260614_1051/unknown-mid-r7/ex292/logs/ex292_r7_sweep_add_adj_5.evaluate.py.log,,,,,,135200,,,,,,,,,
unknown-mid-r7,unknown,ex292,ex292|global_state_output_plane_overlay_sweep|adj_2_3_6_10_11_mod7_0_7_13|mod4_base_plus_adjacent_and_mod7_selected_planes|yosys_internal_abc_g_aig|official_evaluate|sweep,,official evaluate.py OK but did not beat target frontend ADP,,,,student/work/ex204_ex299_frontend_breakthrough_20260614_1051/unknown-mid-r7/ex292/verilog/ex292_r7_sweep_add_adj_6.v,student/work/ex204_ex299_frontend_breakthrough_20260614_1051/unknown-mid-r7/ex292/aigs/ex292_r7_sweep_add_adj_6.aig,student/work/ex204_ex299_frontend_breakthrough_20260614_1051/unknown-mid-r7/ex292/logs/ex292_r7_sweep_add_adj_6.evaluate.py.log,student/frontend_campaigns/campaigns/ex204_ex299_frontend_breakthrough_20260614_1051/agent_shards/unknown-mid-r7/failed_hypotheses.csv,add adjacent output 6,ex292_r7_sweep_add_adj_6,,,ex292_r7_sweep_add_adj_6,6795,22,149490,135200,Mask perturbation around the current adjacent/mod7 output-plane source to preserve delay 20 while reducing area.,,EQUIVALENT_NONWINNING,,,,,,,,,,,,,2026-06-14 13:51:24 +0800,output_plane_exact_overlay_sweep,,student/work/ex204_ex299_frontend_breakthrough_20260614_1051/unknown-mid-r7/ex292/logs/ex292_r7_sweep_add_adj_6.evaluate.py.log,,,,,,135200,,,,,,,,,
unknown-mid-r7,unknown,ex292,ex292|global_state_output_plane_overlay_sweep|adj_2_3_8_10_11_mod7_0_7_13|mod4_base_plus_adjacent_and_mod7_selected_planes|yosys_internal_abc_g_aig|official_evaluate|sweep,,official evaluate.py OK but did not beat target frontend ADP,,,,student/work/ex204_ex299_frontend_breakthrough_20260614_1051/unknown-mid-r7/ex292/verilog/ex292_r7_sweep_add_adj_8.v,student/work/ex204_ex299_frontend_breakthrough_20260614_1051/unknown-mid-r7/ex292/aigs/ex292_r7_sweep_add_adj_8.aig,student/work/ex204_ex299_frontend_breakthrough_20260614_1051/unknown-mid-r7/ex292/logs/ex292_r7_sweep_add_adj_8.evaluate.py.log,student/frontend_campaigns/campaigns/ex204_ex299_frontend_breakthrough_20260614_1051/agent_shards/unknown-mid-r7/failed_hypotheses.csv,add adjacent output 8,ex292_r7_sweep_add_adj_8,,,ex292_r7_sweep_add_adj_8,6760,21,141960,135200,Mask perturbation around the current adjacent/mod7 output-plane source to preserve delay 20 while reducing area.,,EQUIVALENT_NONWINNING,,,,,,,,,,,,,2026-06-14 13:51:29 +0800,output_plane_exact_overlay_sweep,,student/work/ex204_ex299_frontend_breakthrough_20260614_1051/unknown-mid-r7/ex292/logs/ex292_r7_sweep_add_adj_8.evaluate.py.log,,,,,,135200,,,,,,,,,
unknown-mid-r7,unknown,ex292,ex292|global_state_output_plane_overlay_sweep|adj_2_3_9_10_11_mod7_0_7_13|mod4_base_plus_adjacent_and_mod7_selected_planes|yosys_internal_abc_g_aig|official_evaluate|sweep,,official evaluate.py OK but did not beat target frontend ADP,,,,student/work/ex204_ex299_frontend_breakthrough_20260614_1051/unknown-mid-r7/ex292/verilog/ex292_r7_sweep_add_adj_9.v,student/work/ex204_ex299_frontend_breakthrough_20260614_1051/unknown-mid-r7/ex292/aigs/ex292_r7_sweep_add_adj_9.aig,student/work/ex204_ex299_frontend_breakthrough_20260614_1051/unknown-mid-r7/ex292/logs/ex292_r7_sweep_add_adj_9.evaluate.py.log,student/frontend_campaigns/campaigns/ex204_ex299_frontend_breakthrough_20260614_1051/agent_shards/unknown-mid-r7/failed_hypotheses.csv,add adjacent output 9,ex292_r7_sweep_add_adj_9,,,ex292_r7_sweep_add_adj_9,6747,21,141687,135200,Mask perturbation around the current adjacent/mod7 output-plane source to preserve delay 20 while reducing area.,,EQUIVALENT_NONWINNING,,,,,,,,,,,,,2026-06-14 13:51:33 +0800,output_plane_exact_overlay_sweep,,student/work/ex204_ex299_frontend_breakthrough_20260614_1051/unknown-mid-r7/ex292/logs/ex292_r7_sweep_add_adj_9.evaluate.py.log,,,,,,135200,,,,,,,,,
unknown-mid-r7,unknown,ex292,ex292|global_state_output_plane_overlay_sweep|adj_2_3_10_11_12_mod7_0_7_13|mod4_base_plus_adjacent_and_mod7_selected_planes|yosys_internal_abc_g_aig|official_evaluate|sweep,,official evaluate.py OK but did not beat target frontend ADP,,,,student/work/ex204_ex299_frontend_breakthrough_20260614_1051/unknown-mid-r7/ex292/verilog/ex292_r7_sweep_add_adj_12.v,student/work/ex204_ex299_frontend_breakthrough_20260614_1051/unknown-mid-r7/ex292/aigs/ex292_r7_sweep_add_adj_12.aig,student/work/ex204_ex299_frontend_breakthrough_20260614_1051/unknown-mid-r7/ex292/logs/ex292_r7_sweep_add_adj_12.evaluate.py.log,student/frontend_campaigns/campaigns/ex204_ex299_frontend_breakthrough_20260614_1051/agent_shards/unknown-mid-r7/failed_hypotheses.csv,add adjacent output 12,ex292_r7_sweep_add_adj_12,,,ex292_r7_sweep_add_adj_12,6785,21,142485,135200,Mask perturbation around the current adjacent/mod7 output-plane source to preserve delay 20 while reducing area.,,EQUIVALENT_NONWINNING,,,,,,,,,,,,,2026-06-14 13:51:38 +0800,output_plane_exact_overlay_sweep,,student/work/ex204_ex299_frontend_breakthrough_20260614_1051/unknown-mid-r7/ex292/logs/ex292_r7_sweep_add_adj_12.evaluate.py.log,,,,,,135200,,,,,,,,,
unknown-mid-r7,unknown,ex292,ex292|global_state_output_plane_overlay_sweep|adj_2_3_10_11_mod7_0_1_7_13|mod4_base_plus_adjacent_and_mod7_selected_planes|yosys_internal_abc_g_aig|official_evaluate|sweep,,official evaluate.py OK but did not beat target frontend ADP,,,,student/work/ex204_ex299_frontend_breakthrough_20260614_1051/unknown-mid-r7/ex292/verilog/ex292_r7_sweep_add_mod7_1.v,student/work/ex204_ex299_frontend_breakthrough_20260614_1051/unknown-mid-r7/ex292/aigs/ex292_r7_sweep_add_mod7_1.aig,student/work/ex204_ex299_frontend_breakthrough_20260614_1051/unknown-mid-r7/ex292/logs/ex292_r7_sweep_add_mod7_1.evaluate.py.log,student/frontend_campaigns/campaigns/ex204_ex299_frontend_breakthrough_20260614_1051/agent_shards/unknown-mid-r7/failed_hypotheses.csv,add mod7 output 1,ex292_r7_sweep_add_mod7_1,,,ex292_r7_sweep_add_mod7_1,6737,21,141477,135200,Mask perturbation around the current adjacent/mod7 output-plane source to preserve delay 20 while reducing area.,,EQUIVALENT_NONWINNING,,,,,,,,,,,,,2026-06-14 13:51:43 +0800,output_plane_exact_overlay_sweep,,student/work/ex204_ex299_frontend_breakthrough_20260614_1051/unknown-mid-r7/ex292/logs/ex292_r7_sweep_add_mod7_1.evaluate.py.log,,,,,,135200,,,,,,,,,
unknown-mid-r7,unknown,ex292,ex292|global_state_output_plane_overlay_sweep|adj_2_3_10_11_mod7_0_4_7_13|mod4_base_plus_adjacent_and_mod7_selected_planes|yosys_internal_abc_g_aig|official_evaluate|sweep,,official evaluate.py OK but did not beat target frontend ADP,,,,student/work/ex204_ex299_frontend_breakthrough_20260614_1051/unknown-mid-r7/ex292/verilog/ex292_r7_sweep_add_mod7_4.v,student/work/ex204_ex299_frontend_breakthrough_20260614_1051/unknown-mid-r7/ex292/aigs/ex292_r7_sweep_add_mod7_4.aig,student/work/ex204_ex299_frontend_breakthrough_20260614_1051/unknown-mid-r7/ex292/logs/ex292_r7_sweep_add_mod7_4.evaluate.py.log,student/frontend_campaigns/campaigns/ex204_ex299_frontend_breakthrough_20260614_1051/agent_shards/unknown-mid-r7/failed_hypotheses.csv,add mod7 output 4,ex292_r7_sweep_add_mod7_4,,,ex292_r7_sweep_add_mod7_4,6769,20,135380,135200,Mask perturbation around the current adjacent/mod7 output-plane source to preserve delay 20 while reducing area.,,EQUIVALENT_NONWINNING,,,,,,,,,,,,,2026-06-14 13:51:48 +0800,output_plane_exact_overlay_sweep,,student/work/ex204_ex299_frontend_breakthrough_20260614_1051/unknown-mid-r7/ex292/logs/ex292_r7_sweep_add_mod7_4.evaluate.py.log,,,,,,135200,,,,,,,,,
unknown-mid-r7,unknown,ex292,ex292|global_state_output_plane_overlay_sweep|adj_2_3_10_11_mod7_0_5_7_13|mod4_base_plus_adjacent_and_mod7_selected_planes|yosys_internal_abc_g_aig|official_evaluate|sweep,,official evaluate.py OK but did not beat target frontend ADP,,,,student/work/ex204_ex299_frontend_breakthrough_20260614_1051/unknown-mid-r7/ex292/verilog/ex292_r7_sweep_add_mod7_5.v,student/work/ex204_ex299_frontend_breakthrough_20260614_1051/unknown-mid-r7/ex292/aigs/ex292_r7_sweep_add_mod7_5.aig,student/work/ex204_ex299_frontend_breakthrough_20260614_1051/unknown-mid-r7/ex292/logs/ex292_r7_sweep_add_mod7_5.evaluate.py.log,student/frontend_campaigns/campaigns/ex204_ex299_frontend_breakthrough_20260614_1051/agent_shards/unknown-mid-r7/failed_hypotheses.csv,add mod7 output 5,ex292_r7_sweep_add_mod7_5,,,ex292_r7_sweep_add_mod7_5,6765,23,155595,135200,Mask perturbation around the current adjacent/mod7 output-plane source to preserve delay 20 while reducing area.,,EQUIVALENT_NONWINNING,,,,,,,,,,,,,2026-06-14 13:51:53 +0800,output_plane_exact_overlay_sweep,,student/work/ex204_ex299_frontend_breakthrough_20260614_1051/unknown-mid-r7/ex292/logs/ex292_r7_sweep_add_mod7_5.evaluate.py.log,,,,,,135200,,,,,,,,,
unknown-mid-r7,unknown,ex292,ex292|global_state_output_plane_overlay_sweep|adj_2_3_10_11_mod7_0_6_7_13|mod4_base_plus_adjacent_and_mod7_selected_planes|yosys_internal_abc_g_aig|official_evaluate|sweep,,official evaluate.py OK but did not beat target frontend ADP,,,,student/work/ex204_ex299_frontend_breakthrough_20260614_1051/unknown-mid-r7/ex292/verilog/ex292_r7_sweep_add_mod7_6.v,student/work/ex204_ex299_frontend_breakthrough_20260614_1051/unknown-mid-r7/ex292/aigs/ex292_r7_sweep_add_mod7_6.aig,student/work/ex204_ex299_frontend_breakthrough_20260614_1051/unknown-mid-r7/ex292/logs/ex292_r7_sweep_add_mod7_6.evaluate.py.log,student/frontend_campaigns/campaigns/ex204_ex299_frontend_breakthrough_20260614_1051/agent_shards/unknown-mid-r7/failed_hypotheses.csv,add mod7 output 6,ex292_r7_sweep_add_mod7_6,,,ex292_r7_sweep_add_mod7_6,6777,22,149094,135200,Mask perturbation around the current adjacent/mod7 output-plane source to preserve delay 20 while reducing area.,,EQUIVALENT_NONWINNING,,,,,,,,,,,,,2026-06-14 13:51:58 +0800,output_plane_exact_overlay_sweep,,student/work/ex204_ex299_frontend_breakthrough_20260614_1051/unknown-mid-r7/ex292/logs/ex292_r7_sweep_add_mod7_6.evaluate.py.log,,,,,,135200,,,,,,,,,
unknown-mid-r7,unknown,ex292,ex292|global_state_output_plane_overlay_sweep|adj_2_3_10_11_mod7_0_7_8_13|mod4_base_plus_adjacent_and_mod7_selected_planes|yosys_internal_abc_g_aig|official_evaluate|sweep,,official evaluate.py OK but did not beat target frontend ADP,,,,student/work/ex204_ex299_frontend_breakthrough_20260614_1051/unknown-mid-r7/ex292/verilog/ex292_r7_sweep_add_mod7_8.v,student/work/ex204_ex299_frontend_breakthrough_20260614_1051/unknown-mid-r7/ex292/aigs/ex292_r7_sweep_add_mod7_8.aig,student/work/ex204_ex299_frontend_breakthrough_20260614_1051/unknown-mid-r7/ex292/logs/ex292_r7_sweep_add_mod7_8.evaluate.py.log,student/frontend_campaigns/campaigns/ex204_ex299_frontend_breakthrough_20260614_1051/agent_shards/unknown-mid-r7/failed_hypotheses.csv,add mod7 output 8,ex292_r7_sweep_add_mod7_8,,,ex292_r7_sweep_add_mod7_8,6776,22,149072,135200,Mask perturbation around the current adjacent/mod7 output-plane source to preserve delay 20 while reducing area.,,EQUIVALENT_NONWINNING,,,,,,,,,,,,,2026-06-14 13:52:03 +0800,output_plane_exact_overlay_sweep,,student/work/ex204_ex299_frontend_breakthrough_20260614_1051/unknown-mid-r7/ex292/logs/ex292_r7_sweep_add_mod7_8.evaluate.py.log,,,,,,135200,,,,,,,,,
unknown-mid-r7,unknown,ex292,ex292|global_state_output_plane_overlay_sweep|adj_2_3_10_11_mod7_0_7_9_13|mod4_base_plus_adjacent_and_mod7_selected_planes|yosys_internal_abc_g_aig|official_evaluate|sweep,,official evaluate.py OK but did not beat target frontend ADP,,,,student/work/ex204_ex299_frontend_breakthrough_20260614_1051/unknown-mid-r7/ex292/verilog/ex292_r7_sweep_add_mod7_9.v,student/work/ex204_ex299_frontend_breakthrough_20260614_1051/unknown-mid-r7/ex292/aigs/ex292_r7_sweep_add_mod7_9.aig,student/work/ex204_ex299_frontend_breakthrough_20260614_1051/unknown-mid-r7/ex292/logs/ex292_r7_sweep_add_mod7_9.evaluate.py.log,student/frontend_campaigns/campaigns/ex204_ex299_frontend_breakthrough_20260614_1051/agent_shards/unknown-mid-r7/failed_hypotheses.csv,add mod7 output 9,ex292_r7_sweep_add_mod7_9,,,ex292_r7_sweep_add_mod7_9,6751,23,155273,135200,Mask perturbation around the current adjacent/mod7 output-plane source to preserve delay 20 while reducing area.,,EQUIVALENT_NONWINNING,,,,,,,,,,,,,2026-06-14 13:52:08 +0800,output_plane_exact_overlay_sweep,,student/work/ex204_ex299_frontend_breakthrough_20260614_1051/unknown-mid-r7/ex292/logs/ex292_r7_sweep_add_mod7_9.evaluate.py.log,,,,,,135200,,,,,,,,,
unknown-mid-r7,unknown,ex292,ex292|global_state_output_plane_overlay_sweep|adj_2_3_10_11_mod7_0_7_12_13|mod4_base_plus_adjacent_and_mod7_selected_planes|yosys_internal_abc_g_aig|official_evaluate|sweep,,official evaluate.py OK but did not beat target frontend ADP,,,,student/work/ex204_ex299_frontend_breakthrough_20260614_1051/unknown-mid-r7/ex292/verilog/ex292_r7_sweep_add_mod7_12.v,student/work/ex204_ex299_frontend_breakthrough_20260614_1051/unknown-mid-r7/ex292/aigs/ex292_r7_sweep_add_mod7_12.aig,student/work/ex204_ex299_frontend_breakthrough_20260614_1051/unknown-mid-r7/ex292/logs/ex292_r7_sweep_add_mod7_12.evaluate.py.log,student/frontend_campaigns/campaigns/ex204_ex299_frontend_breakthrough_20260614_1051/agent_shards/unknown-mid-r7/failed_hypotheses.csv,add mod7 output 12,ex292_r7_sweep_add_mod7_12,,,ex292_r7_sweep_add_mod7_12,6779,21,142359,135200,Mask perturbation around the current adjacent/mod7 output-plane source to preserve delay 20 while reducing area.,,EQUIVALENT_NONWINNING,,,,,,,,,,,,,2026-06-14 13:52:13 +0800,output_plane_exact_overlay_sweep,,student/work/ex204_ex299_frontend_breakthrough_20260614_1051/unknown-mid-r7/ex292/logs/ex292_r7_sweep_add_mod7_12.evaluate.py.log,,,,,,135200,,,,,,,,,
unknown-large-r7,unknown,ex297,ex297|cyclic_2bit_pairmix_vector_residual|cell_xor_bit_delta_mask|shared_pairmix_predicates_single_vector_mask|yosys_internal_abc_g_aig|official_evaluate|all_outputs_delta,,,,,,student/work/ex204_ex299_frontend_breakthrough_20260614_1051/unknown-large-r7/ex297/verilog/ex297_r7_pairmix_delta_mask.v,,student/work/ex204_ex299_frontend_breakthrough_20260614_1051/unknown-large-r7/ex297/logs/ex297_r7_pairmix_delta_mask.yosys.log,student/frontend_campaigns/campaigns/ex204_ex299_frontend_breakthrough_20260614_1051/agent_shards/unknown-large-r7/failed_hypotheses.csv,frontend_only; no backend/remap/postpareto; baseline_frontend_adp=425024; current_overall_adp=425024,ex297_r7_pairmix_delta_mask,,,ex297_r7_pairmix_delta_mask,,,,,local rule table fused by shared pair predicates,cell source xor bit-source residual under one shared vector mask,SYNTH_FAIL,,,,,,,,,,,,,,,,,,,,,,,,,,,,,,,
unknown-large-r7,unknown,ex297,ex297|cyclic_2bit_pairmix_vector_residual|kept_or_mask_select|shared_pairmix_predicates_keep_mask|yosys_internal_abc_g_aig|official_evaluate|all_outputs_mask_or,,,,,,student/work/ex204_ex299_frontend_breakthrough_20260614_1051/unknown-large-r7/ex297/verilog/ex297_r7_pairmix_or_mask_keep.v,,student/work/ex204_ex299_frontend_breakthrough_20260614_1051/unknown-large-r7/ex297/logs/ex297_r7_pairmix_or_mask_keep.yosys.log,student/frontend_campaigns/campaigns/ex204_ex299_frontend_breakthrough_20260614_1051/agent_shards/unknown-large-r7/failed_hypotheses.csv,frontend_only; no backend/remap/postpareto; baseline_frontend_adp=425024; current_overall_adp=425024,ex297_r7_pairmix_or_mask_keep,,,ex297_r7_pairmix_or_mask_keep,,,,,local rule table fused by shared pair predicates,kept shared vector mask selects cell/bit tables through and/or form,SYNTH_FAIL,,,,,,,,,,,,,,,,,,,,,,,,,,,,,,,
fp8-r9,float_fp8,ex240,"ex240|E4M3FN packed add high byte plus low byte|top-level special/zero decision DAG with current exact frontend source as residual core|shared byte field decode, NaN/zero/sign predicates, and residual current-core output|repo_yosys_frontend_default|official_evaluate|special_dag_residual_core",shared_special_case_decision_dag,equivalent_but_no_frontend_gain,636,45,28620,student/work/ex204_ex299_frontend_breakthrough_20260614_1051/fp8-r9/ex240/verilog/ex240_r9_special_dag_overlay.v,student/work/ex204_ex299_frontend_breakthrough_20260614_1051/fp8-r9/ex240/aigs/ex240_r9_special_dag_overlay.aig,student/runs/float_fp8/ex204_ex299_frontend_breakthrough_20260614_1051/fp8-r9/ex240/logs/ex240_r9_special_dag_overlay.evaluate.py.log,student/frontend_campaigns/campaigns/ex204_ex299_frontend_breakthrough_20260614_1051/agent_shards/fp8-r9/failed_hypotheses.csv,official OK but ADP 28620 did not beat current frontend 26230,,,,ex240_r9_special_dag_overlay,636,45,28620,,,,,student/runs/float_fp8/ex204_ex299_frontend_breakthrough_20260614_1051/fp8-r9/ex240/logs/ex240_r9_special_dag_overlay.evaluate.py.log,,,,,,,,,,,,,,,,student/work/ex204_ex299_frontend_breakthrough_20260614_1051/fp8-r9/ex240/logs/ex240_r9_special_dag_overlay.yosys.log,,,,,,,,,,,,,,
fp8-r9,float_fp8,ex240,ex240|E4M3FN packed add high byte plus low byte|16-row exact residual LUT over decoded sign/magnitude fields with current core fallback|shared decoded high/low sign and magnitude key feeding a small hard-row residual table|yosys_abc_g_aig_frontend|official_evaluate|hard_row_residual_lut,small_truth_derived_residual_lut,equivalent_but_no_frontend_gain,618,46,28428,student/work/ex204_ex299_frontend_breakthrough_20260614_1051/fp8-r9/ex240/verilog/ex240_r9_truth_residual16_overlay.v,student/work/ex204_ex299_frontend_breakthrough_20260614_1051/fp8-r9/ex240/aigs/ex240_r9_truth_residual16_overlay.aig,student/runs/float_fp8/ex204_ex299_frontend_breakthrough_20260614_1051/fp8-r9/ex240/logs/ex240_r9_truth_residual16_overlay.evaluate.py.log,student/frontend_campaigns/campaigns/ex204_ex299_frontend_breakthrough_20260614_1051/agent_shards/fp8-r9/failed_hypotheses.csv,official OK but ADP 28428 did not beat current frontend 26230,,,,ex240_r9_truth_residual16_overlay,618,46,28428,,,,,student/runs/float_fp8/ex204_ex299_frontend_breakthrough_20260614_1051/fp8-r9/ex240/logs/ex240_r9_truth_residual16_overlay.evaluate.py.log,,,,,,,,,,,,,,,,student/work/ex204_ex299_frontend_breakthrough_20260614_1051/fp8-r9/ex240/logs/ex240_r9_truth_residual16_overlay.yosys.log,,,,,,,,,,,,,,
fp8-r9,float_fp8,ex241,"ex241|E4M3FN packed multiply high byte times low byte|top-level special/zero decision DAG with current exact frontend source as residual core|shared byte field decode, NaN/zero/sign predicates, and residual current-core output|repo_yosys_frontend_default|official_evaluate|special_dag_residual_core",shared_special_case_decision_dag,equivalent_but_no_frontend_gain,552,29,16008,student/work/ex204_ex299_frontend_breakthrough_20260614_1051/fp8-r9/ex241/verilog/ex241_r9_special_dag_overlay.v,student/work/ex204_ex299_frontend_breakthrough_20260614_1051/fp8-r9/ex241/aigs/ex241_r9_special_dag_overlay.aig,student/runs/float_fp8/ex204_ex299_frontend_breakthrough_20260614_1051/fp8-r9/ex241/logs/ex241_r9_special_dag_overlay.evaluate.py.log,student/frontend_campaigns/campaigns/ex204_ex299_frontend_breakthrough_20260614_1051/agent_shards/fp8-r9/failed_hypotheses.csv,official OK but ADP 16008 did not beat current frontend 15544,,,,ex241_r9_special_dag_overlay,552,29,16008,,,,,student/runs/float_fp8/ex204_ex299_frontend_breakthrough_20260614_1051/fp8-r9/ex241/logs/ex241_r9_special_dag_overlay.evaluate.py.log,,,,,,,,,,,,,,,,student/work/ex204_ex299_frontend_breakthrough_20260614_1051/fp8-r9/ex241/logs/ex241_r9_special_dag_overlay.yosys.log,,,,,,,,,,,,,,
fp8-r9,float_fp8,ex241,ex241|E4M3FN packed multiply high byte times low byte|16-row exact residual LUT over decoded sign/magnitude fields with current core fallback|shared decoded high/low sign and magnitude key feeding a small hard-row residual table|yosys_abc_g_aig_frontend|official_evaluate|hard_row_residual_lut,small_truth_derived_residual_lut,equivalent_but_no_frontend_gain,554,29,16066,student/work/ex204_ex299_frontend_breakthrough_20260614_1051/fp8-r9/ex241/verilog/ex241_r9_truth_residual16_overlay.v,student/work/ex204_ex299_frontend_breakthrough_20260614_1051/fp8-r9/ex241/aigs/ex241_r9_truth_residual16_overlay.aig,student/runs/float_fp8/ex204_ex299_frontend_breakthrough_20260614_1051/fp8-r9/ex241/logs/ex241_r9_truth_residual16_overlay.evaluate.py.log,student/frontend_campaigns/campaigns/ex204_ex299_frontend_breakthrough_20260614_1051/agent_shards/fp8-r9/failed_hypotheses.csv,official OK but ADP 16066 did not beat current frontend 15544,,,,ex241_r9_truth_residual16_overlay,554,29,16066,,,,,student/runs/float_fp8/ex204_ex299_frontend_breakthrough_20260614_1051/fp8-r9/ex241/logs/ex241_r9_truth_residual16_overlay.evaluate.py.log,,,,,,,,,,,,,,,,student/work/ex204_ex299_frontend_breakthrough_20260614_1051/fp8-r9/ex241/logs/ex241_r9_truth_residual16_overlay.yosys.log,,,,,,,,,,,,,,
fp8-r9,float_fp8,ex244,"ex244|E4M3FN packed hypot abs high low|top-level special/zero decision DAG with current exact frontend source as residual core|shared byte field decode, NaN/zero/sign predicates, and residual current-core output|repo_yosys_frontend_default|official_evaluate|special_dag_residual_core",shared_special_case_decision_dag,equivalent_but_no_frontend_gain,330,37,12210,student/work/ex204_ex299_frontend_breakthrough_20260614_1051/fp8-r9/ex244/verilog/ex244_r9_special_dag_overlay.v,student/work/ex204_ex299_frontend_breakthrough_20260614_1051/fp8-r9/ex244/aigs/ex244_r9_special_dag_overlay.aig,student/runs/float_fp8/ex204_ex299_frontend_breakthrough_20260614_1051/fp8-r9/ex244/logs/ex244_r9_special_dag_overlay.evaluate.py.log,student/frontend_campaigns/campaigns/ex204_ex299_frontend_breakthrough_20260614_1051/agent_shards/fp8-r9/failed_hypotheses.csv,official OK but ADP 12210 did not beat current frontend 9952,,,,ex244_r9_special_dag_overlay,330,37,12210,,,,,student/runs/float_fp8/ex204_ex299_frontend_breakthrough_20260614_1051/fp8-r9/ex244/logs/ex244_r9_special_dag_overlay.evaluate.py.log,,,,,,,,,,,,,,,,student/work/ex204_ex299_frontend_breakthrough_20260614_1051/fp8-r9/ex244/logs/ex244_r9_special_dag_overlay.yosys.log,,,,,,,,,,,,,,
fp8-r9,float_fp8,ex244,ex244|E4M3FN packed hypot abs high low|16-row exact residual LUT over decoded sign/magnitude fields with current core fallback|shared decoded high/low sign and magnitude key feeding a small hard-row residual table|yosys_abc_g_aig_frontend|official_evaluate|hard_row_residual_lut,small_truth_derived_residual_lut,equivalent_but_no_frontend_gain,309,39,12051,student/work/ex204_ex299_frontend_breakthrough_20260614_1051/fp8-r9/ex244/verilog/ex244_r9_truth_residual16_overlay.v,student/work/ex204_ex299_frontend_breakthrough_20260614_1051/fp8-r9/ex244/aigs/ex244_r9_truth_residual16_overlay.aig,student/runs/float_fp8/ex204_ex299_frontend_breakthrough_20260614_1051/fp8-r9/ex244/logs/ex244_r9_truth_residual16_overlay.evaluate.py.log,student/frontend_campaigns/campaigns/ex204_ex299_frontend_breakthrough_20260614_1051/agent_shards/fp8-r9/failed_hypotheses.csv,official OK but ADP 12051 did not beat current frontend 9952,,,,ex244_r9_truth_residual16_overlay,309,39,12051,,,,,student/runs/float_fp8/ex204_ex299_frontend_breakthrough_20260614_1051/fp8-r9/ex244/logs/ex244_r9_truth_residual16_overlay.evaluate.py.log,,,,,,,,,,,,,,,,student/work/ex204_ex299_frontend_breakthrough_20260614_1051/fp8-r9/ex244/logs/ex244_r9_truth_residual16_overlay.yosys.log,,,,,,,,,,,,,,
fp8-r9,float_fp8,ex245,"ex245|E5M2FN packed add high byte plus low byte|top-level special/zero decision DAG with current exact frontend source as residual core|shared byte field decode, NaN/zero/sign predicates, and residual current-core output|repo_yosys_frontend_default|official_evaluate|special_dag_residual_core",shared_special_case_decision_dag,equivalent_but_no_frontend_gain,732,34,24888,student/work/ex204_ex299_frontend_breakthrough_20260614_1051/fp8-r9/ex245/verilog/ex245_r9_special_dag_overlay.v,student/work/ex204_ex299_frontend_breakthrough_20260614_1051/fp8-r9/ex245/aigs/ex245_r9_special_dag_overlay.aig,student/runs/float_fp8/ex204_ex299_frontend_breakthrough_20260614_1051/fp8-r9/ex245/logs/ex245_r9_special_dag_overlay.evaluate.py.log,student/frontend_campaigns/campaigns/ex204_ex299_frontend_breakthrough_20260614_1051/agent_shards/fp8-r9/failed_hypotheses.csv,official OK but ADP 24888 did not beat current frontend 23834,,,,ex245_r9_special_dag_overlay,732,34,24888,,,,,student/runs/float_fp8/ex204_ex299_frontend_breakthrough_20260614_1051/fp8-r9/ex245/logs/ex245_r9_special_dag_overlay.evaluate.py.log,,,,,,,,,,,,,,,,student/work/ex204_ex299_frontend_breakthrough_20260614_1051/fp8-r9/ex245/logs/ex245_r9_special_dag_overlay.yosys.log,,,,,,,,,,,,,,
fp8-r9,float_fp8,ex245,ex245|E5M2FN packed add high byte plus low byte|16-row exact residual LUT over decoded sign/magnitude fields with current core fallback|shared decoded high/low sign and magnitude key feeding a small hard-row residual table|yosys_abc_g_aig_frontend|official_evaluate|hard_row_residual_lut,small_truth_derived_residual_lut,equivalent_but_no_frontend_gain,723,34,24582,student/work/ex204_ex299_frontend_breakthrough_20260614_1051/fp8-r9/ex245/verilog/ex245_r9_truth_residual16_overlay.v,student/work/ex204_ex299_frontend_breakthrough_20260614_1051/fp8-r9/ex245/aigs/ex245_r9_truth_residual16_overlay.aig,student/runs/float_fp8/ex204_ex299_frontend_breakthrough_20260614_1051/fp8-r9/ex245/logs/ex245_r9_truth_residual16_overlay.evaluate.py.log,student/frontend_campaigns/campaigns/ex204_ex299_frontend_breakthrough_20260614_1051/agent_shards/fp8-r9/failed_hypotheses.csv,official OK but ADP 24582 did not beat current frontend 23834,,,,ex245_r9_truth_residual16_overlay,723,34,24582,,,,,student/runs/float_fp8/ex204_ex299_frontend_breakthrough_20260614_1051/fp8-r9/ex245/logs/ex245_r9_truth_residual16_overlay.evaluate.py.log,,,,,,,,,,,,,,,,student/work/ex204_ex299_frontend_breakthrough_20260614_1051/fp8-r9/ex245/logs/ex245_r9_truth_residual16_overlay.yosys.log,,,,,,,,,,,,,,
fp8-r9,float_fp8,ex246,"ex246|E5M2FN packed multiply high byte times low byte|top-level special/zero decision DAG with current exact frontend source as residual core|shared byte field decode, NaN/zero/sign predicates, and residual current-core output|repo_yosys_frontend_default|official_evaluate|special_dag_residual_core",shared_special_case_decision_dag,equivalent_but_no_frontend_gain,358,24,8592,student/work/ex204_ex299_frontend_breakthrough_20260614_1051/fp8-r9/ex246/verilog/ex246_r9_special_dag_overlay.v,student/work/ex204_ex299_frontend_breakthrough_20260614_1051/fp8-r9/ex246/aigs/ex246_r9_special_dag_overlay.aig,student/runs/float_fp8/ex204_ex299_frontend_breakthrough_20260614_1051/fp8-r9/ex246/logs/ex246_r9_special_dag_overlay.evaluate.py.log,student/frontend_campaigns/campaigns/ex204_ex299_frontend_breakthrough_20260614_1051/agent_shards/fp8-r9/failed_hypotheses.csv,official OK but ADP 8592 did not beat current frontend 7502,,,,ex246_r9_special_dag_overlay,358,24,8592,,,,,student/runs/float_fp8/ex204_ex299_frontend_breakthrough_20260614_1051/fp8-r9/ex246/logs/ex246_r9_special_dag_overlay.evaluate.py.log,,,,,,,,,,,,,,,,student/work/ex204_ex299_frontend_breakthrough_20260614_1051/fp8-r9/ex246/logs/ex246_r9_special_dag_overlay.yosys.log,,,,,,,,,,,,,,
fp8-r9,float_fp8,ex246,ex246|E5M2FN packed multiply high byte times low byte|16-row exact residual LUT over decoded sign/magnitude fields with current core fallback|shared decoded high/low sign and magnitude key feeding a small hard-row residual table|yosys_abc_g_aig_frontend|official_evaluate|hard_row_residual_lut,small_truth_derived_residual_lut,equivalent_but_no_frontend_gain,354,24,8496,student/work/ex204_ex299_frontend_breakthrough_20260614_1051/fp8-r9/ex246/verilog/ex246_r9_truth_residual16_overlay.v,student/work/ex204_ex299_frontend_breakthrough_20260614_1051/fp8-r9/ex246/aigs/ex246_r9_truth_residual16_overlay.aig,student/runs/float_fp8/ex204_ex299_frontend_breakthrough_20260614_1051/fp8-r9/ex246/logs/ex246_r9_truth_residual16_overlay.evaluate.py.log,student/frontend_campaigns/campaigns/ex204_ex299_frontend_breakthrough_20260614_1051/agent_shards/fp8-r9/failed_hypotheses.csv,official OK but ADP 8496 did not beat current frontend 7502,,,,ex246_r9_truth_residual16_overlay,354,24,8496,,,,,student/runs/float_fp8/ex204_ex299_frontend_breakthrough_20260614_1051/fp8-r9/ex246/logs/ex246_r9_truth_residual16_overlay.evaluate.py.log,,,,,,,,,,,,,,,,student/work/ex204_ex299_frontend_breakthrough_20260614_1051/fp8-r9/ex246/logs/ex246_r9_truth_residual16_overlay.yosys.log,,,,,,,,,,,,,,
fp8-r9,float_fp8,ex247,"ex247|E5M2FN packed low-over-high division|top-level special/zero decision DAG with current exact frontend source as residual core|shared byte field decode, NaN/zero/sign predicates, and residual current-core output|repo_yosys_frontend_default|official_evaluate|special_dag_residual_core",shared_special_case_decision_dag,equivalent_but_no_frontend_gain,258,29,7482,student/work/ex204_ex299_frontend_breakthrough_20260614_1051/fp8-r9/ex247/verilog/ex247_r9_special_dag_overlay.v,student/work/ex204_ex299_frontend_breakthrough_20260614_1051/fp8-r9/ex247/aigs/ex247_r9_special_dag_overlay.aig,student/runs/float_fp8/ex204_ex299_frontend_breakthrough_20260614_1051/fp8-r9/ex247/logs/ex247_r9_special_dag_overlay.evaluate.py.log,student/frontend_campaigns/campaigns/ex204_ex299_frontend_breakthrough_20260614_1051/agent_shards/fp8-r9/failed_hypotheses.csv,official OK but ADP 7482 did not beat current frontend 6474,,,,ex247_r9_special_dag_overlay,258,29,7482,,,,,student/runs/float_fp8/ex204_ex299_frontend_breakthrough_20260614_1051/fp8-r9/ex247/logs/ex247_r9_special_dag_overlay.evaluate.py.log,,,,,,,,,,,,,,,,student/work/ex204_ex299_frontend_breakthrough_20260614_1051/fp8-r9/ex247/logs/ex247_r9_special_dag_overlay.yosys.log,,,,,,,,,,,,,,
fp8-r9,float_fp8,ex247,ex247|E5M2FN packed low-over-high division|16-row exact residual LUT over decoded sign/magnitude fields with current core fallback|shared decoded high/low sign and magnitude key feeding a small hard-row residual table|yosys_abc_g_aig_frontend|official_evaluate|hard_row_residual_lut,small_truth_derived_residual_lut,equivalent_but_no_frontend_gain,254,26,6604,student/work/ex204_ex299_frontend_breakthrough_20260614_1051/fp8-r9/ex247/verilog/ex247_r9_truth_residual16_overlay.v,student/work/ex204_ex299_frontend_breakthrough_20260614_1051/fp8-r9/ex247/aigs/ex247_r9_truth_residual16_overlay.aig,student/runs/float_fp8/ex204_ex299_frontend_breakthrough_20260614_1051/fp8-r9/ex247/logs/ex247_r9_truth_residual16_overlay.evaluate.py.log,student/frontend_campaigns/campaigns/ex204_ex299_frontend_breakthrough_20260614_1051/agent_shards/fp8-r9/failed_hypotheses.csv,official OK but ADP 6604 did not beat current frontend 6474,,,,ex247_r9_truth_residual16_overlay,254,26,6604,,,,,student/runs/float_fp8/ex204_ex299_frontend_breakthrough_20260614_1051/fp8-r9/ex247/logs/ex247_r9_truth_residual16_overlay.evaluate.py.log,,,,,,,,,,,,,,,,student/work/ex204_ex299_frontend_breakthrough_20260614_1051/fp8-r9/ex247/logs/ex247_r9_truth_residual16_overlay.yosys.log,,,,,,,,,,,,,,
fp8-r9,float_fp8,ex248,"ex248|E5M2FN packed fmod low by high|top-level special/zero decision DAG with current exact frontend source as residual core|shared byte field decode, NaN/zero/sign predicates, and residual current-core output|repo_yosys_frontend_default|official_evaluate|special_dag_residual_core",shared_special_case_decision_dag,equivalent_but_no_frontend_gain,308,28,8624,student/work/ex204_ex299_frontend_breakthrough_20260614_1051/fp8-r9/ex248/verilog/ex248_r9_special_dag_overlay.v,student/work/ex204_ex299_frontend_breakthrough_20260614_1051/fp8-r9/ex248/aigs/ex248_r9_special_dag_overlay.aig,student/runs/float_fp8/ex204_ex299_frontend_breakthrough_20260614_1051/fp8-r9/ex248/logs/ex248_r9_special_dag_overlay.evaluate.py.log,student/frontend_campaigns/campaigns/ex204_ex299_frontend_breakthrough_20260614_1051/agent_shards/fp8-r9/failed_hypotheses.csv,official OK but ADP 8624 did not beat current frontend 7830,,,,ex248_r9_special_dag_overlay,308,28,8624,,,,,student/runs/float_fp8/ex204_ex299_frontend_breakthrough_20260614_1051/fp8-r9/ex248/logs/ex248_r9_special_dag_overlay.evaluate.py.log,,,,,,,,,,,,,,,,student/work/ex204_ex299_frontend_breakthrough_20260614_1051/fp8-r9/ex248/logs/ex248_r9_special_dag_overlay.yosys.log,,,,,,,,,,,,,,
fp8-r9,float_fp8,ex248,ex248|E5M2FN packed fmod low by high|16-row exact residual LUT over decoded sign/magnitude fields with current core fallback|shared decoded high/low sign and magnitude key feeding a small hard-row residual table|yosys_abc_g_aig_frontend|official_evaluate|hard_row_residual_lut,small_truth_derived_residual_lut,equivalent_but_no_frontend_gain,293,28,8204,student/work/ex204_ex299_frontend_breakthrough_20260614_1051/fp8-r9/ex248/verilog/ex248_r9_truth_residual16_overlay.v,student/work/ex204_ex299_frontend_breakthrough_20260614_1051/fp8-r9/ex248/aigs/ex248_r9_truth_residual16_overlay.aig,student/runs/float_fp8/ex204_ex299_frontend_breakthrough_20260614_1051/fp8-r9/ex248/logs/ex248_r9_truth_residual16_overlay.evaluate.py.log,student/frontend_campaigns/campaigns/ex204_ex299_frontend_breakthrough_20260614_1051/agent_shards/fp8-r9/failed_hypotheses.csv,official OK but ADP 8204 did not beat current frontend 7830,,,,ex248_r9_truth_residual16_overlay,293,28,8204,,,,,student/runs/float_fp8/ex204_ex299_frontend_breakthrough_20260614_1051/fp8-r9/ex248/logs/ex248_r9_truth_residual16_overlay.evaluate.py.log,,,,,,,,,,,,,,,,student/work/ex204_ex299_frontend_breakthrough_20260614_1051/fp8-r9/ex248/logs/ex248_r9_truth_residual16_overlay.yosys.log,,,,,,,,,,,,,,
fp8-r9,float_fp8,ex249,"ex249|E5M2FN packed hypot abs high low|top-level special/zero decision DAG with current exact frontend source as residual core|shared byte field decode, NaN/zero/sign predicates, and residual current-core output|repo_yosys_frontend_default|official_evaluate|special_dag_residual_core",shared_special_case_decision_dag,equivalent_but_no_frontend_gain,190,30,5700,student/work/ex204_ex299_frontend_breakthrough_20260614_1051/fp8-r9/ex249/verilog/ex249_r9_special_dag_overlay.v,student/work/ex204_ex299_frontend_breakthrough_20260614_1051/fp8-r9/ex249/aigs/ex249_r9_special_dag_overlay.aig,student/runs/float_fp8/ex204_ex299_frontend_breakthrough_20260614_1051/fp8-r9/ex249/logs/ex249_r9_special_dag_overlay.evaluate.py.log,student/frontend_campaigns/campaigns/ex204_ex299_frontend_breakthrough_20260614_1051/agent_shards/fp8-r9/failed_hypotheses.csv,official OK but ADP 5700 did not beat current frontend 4368,,,,ex249_r9_special_dag_overlay,190,30,5700,,,,,student/runs/float_fp8/ex204_ex299_frontend_breakthrough_20260614_1051/fp8-r9/ex249/logs/ex249_r9_special_dag_overlay.evaluate.py.log,,,,,,,,,,,,,,,,student/work/ex204_ex299_frontend_breakthrough_20260614_1051/fp8-r9/ex249/logs/ex249_r9_special_dag_overlay.yosys.log,,,,,,,,,,,,,,
fp8-r9,float_fp8,ex249,ex249|E5M2FN packed hypot abs high low|16-row exact residual LUT over decoded sign/magnitude fields with current core fallback|shared decoded high/low sign and magnitude key feeding a small hard-row residual table|yosys_abc_g_aig_frontend|official_evaluate|hard_row_residual_lut,small_truth_derived_residual_lut,equivalent_but_no_frontend_gain,171,28,4788,student/work/ex204_ex299_frontend_breakthrough_20260614_1051/fp8-r9/ex249/verilog/ex249_r9_truth_residual16_overlay.v,student/work/ex204_ex299_frontend_breakthrough_20260614_1051/fp8-r9/ex249/aigs/ex249_r9_truth_residual16_overlay.aig,student/runs/float_fp8/ex204_ex299_frontend_breakthrough_20260614_1051/fp8-r9/ex249/logs/ex249_r9_truth_residual16_overlay.evaluate.py.log,student/frontend_campaigns/campaigns/ex204_ex299_frontend_breakthrough_20260614_1051/agent_shards/fp8-r9/failed_hypotheses.csv,official OK but ADP 4788 did not beat current frontend 4368,,,,ex249_r9_truth_residual16_overlay,171,28,4788,,,,,student/runs/float_fp8/ex204_ex299_frontend_breakthrough_20260614_1051/fp8-r9/ex249/logs/ex249_r9_truth_residual16_overlay.evaluate.py.log,,,,,,,,,,,,,,,,student/work/ex204_ex299_frontend_breakthrough_20260614_1051/fp8-r9/ex249/logs/ex249_r9_truth_residual16_overlay.yosys.log,,,,,,,,,,,,,,
integer-r7,integer,ex256,ex256|current_CSA/CLA_unsigned_product_with_only_middle_bits_6_and_7_replaced_by_exact_product_cone|reuse_current_lower/top_CLA_product_and_overlay_a_selected_middle_output_band|abc_g_aig|abc_xf_official_evaluate|frontend_only_no_backend,selected output exact overlay,,,,,,,,student/frontend_campaigns/campaigns/ex204_ex299_frontend_breakthrough_20260614_1051/agent_shards/integer-r7/failed_hypotheses.csv,frontend-only; yosys_log=student/work/ex204_ex299_frontend_breakthrough_20260614_1051/integer-r7/ex256/logs/ex256_r7_mid67_product_overlay_abc_g_aig.yosys.log,ex256_r7_mid67_product_overlay_abc_g_aig,,,ex256_r7_mid67_product_overlay_abc_g_aig,239,21,5019,,,,OK,,,,,,1,,,,,,,,,,,,2844,nonwinning_or_failed_official_evaluate,do_not_repeat_as_is,student/runs/integer/ex204_ex299_frontend_breakthrough_20260614_1051/integer-r7/ex256/logs/ex256_r7_mid67_product_overlay_abc_g_aig.evaluate.py.log,,,,,,,,,,
integer-r7,integer,ex256,ex256|low4_product_plus_explicit_top-bit_cross_residual_rows_for_unsigned_5x5_multiply|share_low4_product_and_two_sparse_high_residual_rows|abc_g_aig|abc_xf_official_evaluate|frontend_only_no_backend,arithmetic residual decomposition,,,,,,,,student/frontend_campaigns/campaigns/ex204_ex299_frontend_breakthrough_20260614_1051/agent_shards/integer-r7/failed_hypotheses.csv,frontend-only; yosys_log=student/work/ex204_ex299_frontend_breakthrough_20260614_1051/integer-r7/ex256/logs/ex256_r7_low4_cross_residual_abc_g_aig.yosys.log,ex256_r7_low4_cross_residual_abc_g_aig,,,ex256_r7_low4_cross_residual_abc_g_aig,152,33,5016,,,,OK,,,,,,1,,,,,,,,,,,,2844,nonwinning_or_failed_official_evaluate,do_not_repeat_as_is,student/runs/integer/ex204_ex299_frontend_breakthrough_20260614_1051/integer-r7/ex256/logs/ex256_r7_low4_cross_residual_abc_g_aig.evaluate.py.log,,,,,,,,,,
integer-r7,integer,ex260,ex260|current_signed_compressor_with_product_bits_4_and_5_replaced_by_exact_truth-table_bit_overlays|reuse_current_signed_compressor_and_overlay_selected_middle_product_bits_only|abc_g_aig|abc_xf_official_evaluate|frontend_only_no_backend,selected output exact overlay,,,,,,,,student/frontend_campaigns/campaigns/ex204_ex299_frontend_breakthrough_20260614_1051/agent_shards/integer-r7/failed_hypotheses.csv,frontend-only; yosys_log=student/work/ex204_ex299_frontend_breakthrough_20260614_1051/integer-r7/ex260/logs/ex260_r7_mid45_exactbit_overlay_abc_g_aig.yosys.log,ex260_r7_mid45_exactbit_overlay_abc_g_aig,,,ex260_r7_mid45_exactbit_overlay_abc_g_aig,196,14,2744,,,,OK,,,,,,1,,,,,,,,,,,,1104,nonwinning_or_failed_official_evaluate,do_not_repeat_as_is,student/runs/integer/ex204_ex299_frontend_breakthrough_20260614_1051/integer-r7/ex260/logs/ex260_r7_mid45_exactbit_overlay_abc_g_aig.evaluate.py.log,,,,,,,,,,
integer-r7,integer,ex260,ex260|absolute-value_4x4_product_with_one_conditional_two's-complement_residual_negate|share_magnitude_product_then_apply_one_final_signed_correction|abc_g_aig|abc_xf_official_evaluate|frontend_only_no_backend,arithmetic residual decomposition,,,,,,,,student/frontend_campaigns/campaigns/ex204_ex299_frontend_breakthrough_20260614_1051/agent_shards/integer-r7/failed_hypotheses.csv,frontend-only; yosys_log=student/work/ex204_ex299_frontend_breakthrough_20260614_1051/integer-r7/ex260/logs/ex260_r7_abs_residual_negate_abc_g_aig.yosys.log,ex260_r7_abs_residual_negate_abc_g_aig,,,ex260_r7_abs_residual_negate_abc_g_aig,103,18,1854,,,,OK,,,,,,1,,,,,,,,,,,,1104,nonwinning_or_failed_official_evaluate,do_not_repeat_as_is,student/runs/integer/ex204_ex299_frontend_breakthrough_20260614_1051/integer-r7/ex260/logs/ex260_r7_abs_residual_negate_abc_g_aig.evaluate.py.log,,,,,,,,,,
integer-r7,integer,ex266,ex266|current_cofactor_word-mux_divider_with_q2_replaced_by_exact_quotient_threshold_toggles|reuse_current_local_BDD_quotient_word_and_overlay_one_selected_quotient_bit|abc_g_aig|abc_xf_official_evaluate|frontend_only_no_backend,selected quotient threshold overlay,,,,,,,,student/frontend_campaigns/campaigns/ex204_ex299_frontend_breakthrough_20260614_1051/agent_shards/integer-r7/failed_hypotheses.csv,frontend-only; yosys_log=student/work/ex204_ex299_frontend_breakthrough_20260614_1051/integer-r7/ex266/logs/ex266_r7_q2_threshold_overlay_abc_g_aig.yosys.log,ex266_r7_q2_threshold_overlay_abc_g_aig,,,ex266_r7_q2_threshold_overlay_abc_g_aig,229,11,2519,,,,OK,,,,,,1,,,,,,,,,,,,1480,nonwinning_or_failed_official_evaluate,do_not_repeat_as_is,student/runs/integer/ex204_ex299_frontend_breakthrough_20260614_1051/integer-r7/ex266/logs/ex266_r7_q2_threshold_overlay_abc_g_aig.evaluate.py.log,,,,,,,,,,
integer-r7,integer,ex266,ex266|two-axis_dividend/divisor_high-range_partition_with_exact_local_residual_quotient_table|share_high-range_selector_and_emit_one_quotient_word_per_local_residual_bucket|abc_g_aig|abc_xf_official_evaluate|frontend_only_no_backend,quotient/remainder range partition,,,,,,,,student/frontend_campaigns/campaigns/ex204_ex299_frontend_breakthrough_20260614_1051/agent_shards/integer-r7/failed_hypotheses.csv,frontend-only; yosys_log=student/work/ex204_ex299_frontend_breakthrough_20260614_1051/integer-r7/ex266/logs/ex266_r7_ahi2_bhi2_residual_lut_abc_g_aig.yosys.log,ex266_r7_ahi2_bhi2_residual_lut_abc_g_aig,,,ex266_r7_ahi2_bhi2_residual_lut_abc_g_aig,190,10,1900,,,,OK,,,,,,1,,,,,,,,,,,,1480,nonwinning_or_failed_official_evaluate,do_not_repeat_as_is,student/runs/integer/ex204_ex299_frontend_breakthrough_20260614_1051/integer-r7/ex266/logs/ex266_r7_ahi2_bhi2_residual_lut_abc_g_aig.evaluate.py.log,,,,,,,,,,
integer-r7,integer,ex267,ex267|current_hybrid_divider_with_q3_replaced_by_exact_quotient_threshold_toggles|reuse_current_hybrid_local_BDD_quotient_word_and_overlay_one_selected_middle_quotient_bit|abc_g_aig|abc_xf_official_evaluate|frontend_only_no_backend,selected quotient threshold overlay,,,,,,,,student/frontend_campaigns/campaigns/ex204_ex299_frontend_breakthrough_20260614_1051/agent_shards/integer-r7/failed_hypotheses.csv,frontend-only; yosys_log=student/work/ex204_ex299_frontend_breakthrough_20260614_1051/integer-r7/ex267/logs/ex267_r7_q3_threshold_overlay_abc_g_aig.yosys.log,ex267_r7_q3_threshold_overlay_abc_g_aig,,,ex267_r7_q3_threshold_overlay_abc_g_aig,383,12,4596,,,,OK,,,,,,1,,,,,,,,,,,,4080,nonwinning_or_failed_official_evaluate,do_not_repeat_as_is,student/runs/integer/ex204_ex299_frontend_breakthrough_20260614_1051/integer-r7/ex267/logs/ex267_r7_q3_threshold_overlay_abc_g_aig.evaluate.py.log,,,,,,,,,,
integer-r7,integer,ex267,ex267|divisor_high3_plus_dividend_high2_partition_with_exact_local_residual_quotient_table|share_high-range_selector_and_emit_one_quotient_word_per_local_residual_bucket|abc_g_aig|abc_xf_official_evaluate|frontend_only_no_backend,quotient/remainder range partition,,,,,,,,student/frontend_campaigns/campaigns/ex204_ex299_frontend_breakthrough_20260614_1051/agent_shards/integer-r7/failed_hypotheses.csv,frontend-only; yosys_log=student/work/ex204_ex299_frontend_breakthrough_20260614_1051/integer-r7/ex267/logs/ex267_r7_ahi2_bhi3_residual_lut_abc_g_aig.yosys.log,ex267_r7_ahi2_bhi3_residual_lut_abc_g_aig,,,ex267_r7_ahi2_bhi3_residual_lut_abc_g_aig,441,13,5733,,,,OK,,,,,,1,,,,,,,,,,,,4080,nonwinning_or_failed_official_evaluate,do_not_repeat_as_is,student/runs/integer/ex204_ex299_frontend_breakthrough_20260614_1051/integer-r7/ex267/logs/ex267_r7_ahi2_bhi3_residual_lut_abc_g_aig.evaluate.py.log,,,,,,,,,,
integer-r7,integer,ex270,ex270|r5_square_source_with_bit12_replaced_by_exact_square_range-threshold_toggle|reuse_triangular_square_rows_and_overlay_one_lower_boundary_bit_below_r5_top3|abc_g_aig|abc_xf_official_evaluate|frontend_only_no_backend,square threshold small-boundary overlay,,,,,,,,student/frontend_campaigns/campaigns/ex204_ex299_frontend_breakthrough_20260614_1051/agent_shards/integer-r7/failed_hypotheses.csv,frontend-only; yosys_log=student/work/ex204_ex299_frontend_breakthrough_20260614_1051/integer-r7/ex270/logs/ex270_r7_bit12_threshold_overlay_abc_g_aig.yosys.log,ex270_r7_bit12_threshold_overlay_abc_g_aig,,,ex270_r7_bit12_threshold_overlay_abc_g_aig,213,15,3195,,,,OK,,,,,,1,,,,,,,,,,,,3060,nonwinning_or_failed_official_evaluate,do_not_repeat_as_is,student/runs/integer/ex204_ex299_frontend_breakthrough_20260614_1051/integer-r7/ex270/logs/ex270_r7_bit12_threshold_overlay_abc_g_aig.evaluate.py.log,,,,,,,,,,
integer-r7,integer,ex270,ex270|r5_square_source_with_bits_11_and_12_replaced_by_exact_square_range-threshold_toggles|reuse_triangular_square_rows_and_overlay_a_two-bit_lower_boundary_band|abc_g_aig|abc_xf_official_evaluate|frontend_only_no_backend,square threshold small-boundary overlay,,,,,,,,student/frontend_campaigns/campaigns/ex204_ex299_frontend_breakthrough_20260614_1051/agent_shards/integer-r7/failed_hypotheses.csv,frontend-only; yosys_log=student/work/ex204_ex299_frontend_breakthrough_20260614_1051/integer-r7/ex270/logs/ex270_r7_bit11_12_threshold_overlay_abc_g_aig.yosys.log,ex270_r7_bit11_12_threshold_overlay_abc_g_aig,,,ex270_r7_bit11_12_threshold_overlay_abc_g_aig,246,25,6150,,,,OK,,,,,,1,,,,,,,,,,,,3060,nonwinning_or_failed_official_evaluate,do_not_repeat_as_is,student/runs/integer/ex204_ex299_frontend_breakthrough_20260614_1051/integer-r7/ex270/logs/ex270_r7_bit11_12_threshold_overlay_abc_g_aig.evaluate.py.log,,,,,,,,,,
integer-r7,integer,ex273,"ex273|top4-BDD_square_source_with_bit22_replaced_by_exact_square_range-threshold_toggle|reuse_top4_BDD_and_lower_arithmetic,_overlay_one_lower_carry-boundary_bit|abc_g_aig|abc_xf_official_evaluate|frontend_only_no_backend",square threshold small-boundary overlay,,,,,,,,student/frontend_campaigns/campaigns/ex204_ex299_frontend_breakthrough_20260614_1051/agent_shards/integer-r7/failed_hypotheses.csv,frontend-only; yosys_log=student/work/ex204_ex299_frontend_breakthrough_20260614_1051/integer-r7/ex273/logs/ex273_r7_bit22_threshold_overlay_abc_g_aig.yosys.log,ex273_r7_bit22_threshold_overlay_abc_g_aig,,,ex273_r7_bit22_threshold_overlay_abc_g_aig,1085,54,58590,,,,OK,,,,,,1,,,,,,,,,,,,26301,nonwinning_or_failed_official_evaluate,do_not_repeat_as_is,student/runs/integer/ex204_ex299_frontend_breakthrough_20260614_1051/integer-r7/ex273/logs/ex273_r7_bit22_threshold_overlay_abc_g_aig.evaluate.py.log,,,,,,,,,,
integer-r7,integer,ex273,"ex273|top4-BDD_square_source_with_bits_21_and_22_replaced_by_exact_square_range-threshold_toggles|reuse_top4_BDD_and_lower_arithmetic,_overlay_a_two-bit_lower_carry-boundary_band|abc_g_aig|abc_xf_official_evaluate|frontend_only_no_backend",square threshold small-boundary overlay,,,,,,,,student/frontend_campaigns/campaigns/ex204_ex299_frontend_breakthrough_20260614_1051/agent_shards/integer-r7/failed_hypotheses.csv,frontend-only; yosys_log=student/work/ex204_ex299_frontend_breakthrough_20260614_1051/integer-r7/ex273/logs/ex273_r7_bit21_22_threshold_overlay_abc_g_aig.yosys.log,ex273_r7_bit21_22_threshold_overlay_abc_g_aig,,,ex273_r7_bit21_22_threshold_overlay_abc_g_aig,1494,118,176292,,,,OK,,,,,,1,,,,,,,,,,,,26301,nonwinning_or_failed_official_evaluate,do_not_repeat_as_is,student/runs/integer/ex204_ex299_frontend_breakthrough_20260614_1051/integer-r7/ex273/logs/ex273_r7_bit21_22_threshold_overlay_abc_g_aig.evaluate.py.log,,,,,,,,,,
integer-r7,integer,ex274,"ex274|top2-BDD_square_source_with_bit29_replaced_by_exact_square_range-threshold_toggle|reuse_top2_BDD_and_lower_truncated_arithmetic,_overlay_one_lower_carry-boundary_bit|abc_g_aig|abc_xf_official_evaluate|frontend_only_no_backend",square threshold small-boundary overlay,,,,,,,,student/frontend_campaigns/campaigns/ex204_ex299_frontend_breakthrough_20260614_1051/agent_shards/integer-r7/failed_hypotheses.csv,frontend-only; yosys_log=student/work/ex204_ex299_frontend_breakthrough_20260614_1051/integer-r7/ex274/logs/ex274_r7_bit29_threshold_overlay_abc_g_aig.yosys.log,ex274_r7_bit29_threshold_overlay_abc_g_aig,,,ex274_r7_bit29_threshold_overlay_abc_g_aig,1026,42,43092,,,,OK,,,,,,1,,,,,,,,,,,,41370,nonwinning_or_failed_official_evaluate,do_not_repeat_as_is,student/runs/integer/ex204_ex299_frontend_breakthrough_20260614_1051/integer-r7/ex274/logs/ex274_r7_bit29_threshold_overlay_abc_g_aig.evaluate.py.log,,,,,,,,,,
integer-r7,integer,ex274,"ex274|top2-BDD_square_source_with_bits_28_and_29_replaced_by_exact_square_range-threshold_toggles|reuse_top2_BDD_and_lower_truncated_arithmetic,_overlay_a_two-bit_lower_carry-boundary_band|abc_g_aig|abc_xf_official_evaluate|frontend_only_no_backend",square threshold small-boundary overlay,,,,,,,,student/frontend_campaigns/campaigns/ex204_ex299_frontend_breakthrough_20260614_1051/agent_shards/integer-r7/failed_hypotheses.csv,frontend-only; yosys_log=student/work/ex204_ex299_frontend_breakthrough_20260614_1051/integer-r7/ex274/logs/ex274_r7_bit28_29_threshold_overlay_abc_g_aig.yosys.log,ex274_r7_bit28_29_threshold_overlay_abc_g_aig,,,ex274_r7_bit28_29_threshold_overlay_abc_g_aig,1073,40,42920,,,,OK,,,,,,1,,,,,,,,,,,,41370,nonwinning_or_failed_official_evaluate,do_not_repeat_as_is,student/runs/integer/ex204_ex299_frontend_breakthrough_20260614_1051/integer-r7/ex274/logs/ex274_r7_bit28_29_threshold_overlay_abc_g_aig.evaluate.py.log,,,,,,,,,,
integer-r7,integer,ex275,ex275|current_prefix5_isqrt_source_with_q1_replaced_by_exact_root_threshold_toggles|reuse_current_shared-ge_classifier_and_overlay_one_low_root_bit|abc_g_aig|abc_xf_official_evaluate|frontend_only_no_backend,selected isqrt threshold overlay,,,,,,,,student/frontend_campaigns/campaigns/ex204_ex299_frontend_breakthrough_20260614_1051/agent_shards/integer-r7/failed_hypotheses.csv,frontend-only; yosys_log=student/work/ex204_ex299_frontend_breakthrough_20260614_1051/integer-r7/ex275/logs/ex275_r7_q1_threshold_overlay_abc_g_aig.yosys.log,ex275_r7_q1_threshold_overlay_abc_g_aig,,,ex275_r7_q1_threshold_overlay_abc_g_aig,49,8,392,,,,OK,,,,,,1,,,,,,,,,,,,301,nonwinning_or_failed_official_evaluate,do_not_repeat_as_is,student/runs/integer/ex204_ex299_frontend_breakthrough_20260614_1051/integer-r7/ex275/logs/ex275_r7_q1_threshold_overlay_abc_g_aig.evaluate.py.log,,,,,,,,,,
integer-r7,integer,ex275,ex275|current_prefix5_isqrt_source_with_q2_replaced_by_exact_root_threshold_toggles|reuse_current_shared-ge_classifier_and_overlay_one_mid_root_bit|abc_g_aig|abc_xf_official_evaluate|frontend_only_no_backend,selected isqrt threshold overlay,,,,,,,,student/frontend_campaigns/campaigns/ex204_ex299_frontend_breakthrough_20260614_1051/agent_shards/integer-r7/failed_hypotheses.csv,frontend-only; yosys_log=student/work/ex204_ex299_frontend_breakthrough_20260614_1051/integer-r7/ex275/logs/ex275_r7_q2_threshold_overlay_abc_g_aig.yosys.log,ex275_r7_q2_threshold_overlay_abc_g_aig,,,ex275_r7_q2_threshold_overlay_abc_g_aig,57,9,513,,,,OK,,,,,,1,,,,,,,,,,,,301,nonwinning_or_failed_official_evaluate,do_not_repeat_as_is,student/runs/integer/ex204_ex299_frontend_breakthrough_20260614_1051/integer-r7/ex275/logs/ex275_r7_q2_threshold_overlay_abc_g_aig.evaluate.py.log,,,,,,,,,,
integer-r7,integer,ex276,ex276|current_prefix4_isqrt_source_with_q1_replaced_by_exact_root_threshold_toggles|reuse_current_shared-ge_classifier_and_overlay_one_low_root_bit|abc_g_aig|abc_xf_official_evaluate|frontend_only_no_backend,selected isqrt threshold overlay,,,,,,,,student/frontend_campaigns/campaigns/ex204_ex299_frontend_breakthrough_20260614_1051/agent_shards/integer-r7/failed_hypotheses.csv,frontend-only; yosys_log=student/work/ex204_ex299_frontend_breakthrough_20260614_1051/integer-r7/ex276/logs/ex276_r7_q1_threshold_overlay_abc_g_aig.yosys.log,ex276_r7_q1_threshold_overlay_abc_g_aig,,,ex276_r7_q1_threshold_overlay_abc_g_aig,121,12,1452,,,,OK,,,,,,1,,,,,,,,,,,,1010,nonwinning_or_failed_official_evaluate,do_not_repeat_as_is,student/runs/integer/ex204_ex299_frontend_breakthrough_20260614_1051/integer-r7/ex276/logs/ex276_r7_q1_threshold_overlay_abc_g_aig.evaluate.py.log,,,,,,,,,,
integer-r7,integer,ex276,ex276|current_prefix4_isqrt_source_with_q2_replaced_by_exact_root_threshold_toggles|reuse_current_shared-ge_classifier_and_overlay_one_mid_root_bit|abc_g_aig|abc_xf_official_evaluate|frontend_only_no_backend,selected isqrt threshold overlay,,,,,,,,student/frontend_campaigns/campaigns/ex204_ex299_frontend_breakthrough_20260614_1051/agent_shards/integer-r7/failed_hypotheses.csv,frontend-only; yosys_log=student/work/ex204_ex299_frontend_breakthrough_20260614_1051/integer-r7/ex276/logs/ex276_r7_q2_threshold_overlay_abc_g_aig.yosys.log,ex276_r7_q2_threshold_overlay_abc_g_aig,,,ex276_r7_q2_threshold_overlay_abc_g_aig,115,11,1265,,,,OK,,,,,,1,,,,,,,,,,,,1010,nonwinning_or_failed_official_evaluate,do_not_repeat_as_is,student/runs/integer/ex204_ex299_frontend_breakthrough_20260614_1051/integer-r7/ex276/logs/ex276_r7_q2_threshold_overlay_abc_g_aig.evaluate.py.log,,,,,,,,,,
integer-r7,integer,ex270,ex270|r5_square_source_with_bit12_replaced_by_exact_square_range-threshold_toggle|reuse_triangular_square_rows_and_overlay_one_lower_boundary_bit_below_r5_top3|abc_g_and|abc_xf_official_evaluate|frontend_only_no_backend,square threshold small-boundary overlay,,,,,,,,student/frontend_campaigns/campaigns/ex204_ex299_frontend_breakthrough_20260614_1051/agent_shards/integer-r7/failed_hypotheses.csv,frontend-only; yosys_log=student/work/ex204_ex299_frontend_breakthrough_20260614_1051/integer-r7/ex270/logs/ex270_r7_bit12_threshold_overlay_abc_g_and.yosys.log,ex270_r7_bit12_threshold_overlay_abc_g_and,,,ex270_r7_bit12_threshold_overlay_abc_g_and,257,15,3855,,,,OK,,,,,,1,,,,,,,,,,,,3060,nonwinning_or_failed_official_evaluate,do_not_repeat_as_is,student/runs/integer/ex204_ex299_frontend_breakthrough_20260614_1051/integer-r7/ex270/logs/ex270_r7_bit12_threshold_overlay_abc_g_and.evaluate.py.log,,,,,,,,,,
integer-r7,integer,ex270,ex270|r5_square_source_with_bit12_replaced_by_exact_square_range-threshold_toggle|reuse_triangular_square_rows_and_overlay_one_lower_boundary_bit_below_r5_top3|abc_g_aig_d12|abc_xf_official_evaluate|frontend_only_no_backend,square threshold small-boundary overlay,,,,,,,,student/frontend_campaigns/campaigns/ex204_ex299_frontend_breakthrough_20260614_1051/agent_shards/integer-r7/failed_hypotheses.csv,frontend-only; yosys_log=student/work/ex204_ex299_frontend_breakthrough_20260614_1051/integer-r7/ex270/logs/ex270_r7_bit12_threshold_overlay_abc_g_aig_d12.yosys.log,ex270_r7_bit12_threshold_overlay_abc_g_aig_d12,,,ex270_r7_bit12_threshold_overlay_abc_g_aig_d12,213,15,3195,,,,OK,,,,,,1,,,,,,,,,,,,3060,nonwinning_or_failed_official_evaluate,do_not_repeat_as_is,student/runs/integer/ex204_ex299_frontend_breakthrough_20260614_1051/integer-r7/ex270/logs/ex270_r7_bit12_threshold_overlay_abc_g_aig_d12.evaluate.py.log,,,,,,,,,,
integer-r7,integer,ex274,"ex274|top2-BDD_square_source_with_bit29_replaced_by_exact_square_range-threshold_toggle|reuse_top2_BDD_and_lower_truncated_arithmetic,_overlay_one_lower_carry-boundary_bit|abc_g_and|abc_xf_official_evaluate|frontend_only_no_backend",square threshold small-boundary overlay,,,,,,,,student/frontend_campaigns/campaigns/ex204_ex299_frontend_breakthrough_20260614_1051/agent_shards/integer-r7/failed_hypotheses.csv,frontend-only; yosys_log=student/work/ex204_ex299_frontend_breakthrough_20260614_1051/integer-r7/ex274/logs/ex274_r7_bit29_threshold_overlay_abc_g_and.yosys.log,ex274_r7_bit29_threshold_overlay_abc_g_and,,,ex274_r7_bit29_threshold_overlay_abc_g_and,1405,42,59010,,,,OK,,,,,,1,,,,,,,,,,,,41370,nonwinning_or_failed_official_evaluate,do_not_repeat_as_is,student/runs/integer/ex204_ex299_frontend_breakthrough_20260614_1051/integer-r7/ex274/logs/ex274_r7_bit29_threshold_overlay_abc_g_and.evaluate.py.log,,,,,,,,,,
integer-r7,integer,ex274,"ex274|top2-BDD_square_source_with_bit29_replaced_by_exact_square_range-threshold_toggle|reuse_top2_BDD_and_lower_truncated_arithmetic,_overlay_one_lower_carry-boundary_bit|abc_g_aig_d36|abc_xf_official_evaluate|frontend_only_no_backend",square threshold small-boundary overlay,,,,,,,,student/frontend_campaigns/campaigns/ex204_ex299_frontend_breakthrough_20260614_1051/agent_shards/integer-r7/failed_hypotheses.csv,frontend-only; yosys_log=student/work/ex204_ex299_frontend_breakthrough_20260614_1051/integer-r7/ex274/logs/ex274_r7_bit29_threshold_overlay_abc_g_aig_d36.yosys.log,ex274_r7_bit29_threshold_overlay_abc_g_aig_d36,,,ex274_r7_bit29_threshold_overlay_abc_g_aig_d36,1026,42,43092,,,,OK,,,,,,1,,,,,,,,,,,,41370,nonwinning_or_failed_official_evaluate,do_not_repeat_as_is,student/runs/integer/ex204_ex299_frontend_breakthrough_20260614_1051/integer-r7/ex274/logs/ex274_r7_bit29_threshold_overlay_abc_g_aig_d36.evaluate.py.log,,,,,,,,,,
integer-r7,integer,ex274,"ex274|top2-BDD_square_source_with_bits_28_and_29_replaced_by_exact_square_range-threshold_toggles|reuse_top2_BDD_and_lower_truncated_arithmetic,_overlay_a_two-bit_lower_carry-boundary_band|abc_g_aig_d36|abc_xf_official_evaluate|frontend_only_no_backend",square threshold small-boundary overlay,,,,,,,,student/frontend_campaigns/campaigns/ex204_ex299_frontend_breakthrough_20260614_1051/agent_shards/integer-r7/failed_hypotheses.csv,frontend-only; yosys_log=student/work/ex204_ex299_frontend_breakthrough_20260614_1051/integer-r7/ex274/logs/ex274_r7_bit28_29_threshold_overlay_abc_g_aig_d36.yosys.log,ex274_r7_bit28_29_threshold_overlay_abc_g_aig_d36,,,ex274_r7_bit28_29_threshold_overlay_abc_g_aig_d36,1073,40,42920,,,,OK,,,,,,1,,,,,,,,,,,,41370,nonwinning_or_failed_official_evaluate,do_not_repeat_as_is,student/runs/integer/ex204_ex299_frontend_breakthrough_20260614_1051/integer-r7/ex274/logs/ex274_r7_bit28_29_threshold_overlay_abc_g_aig_d36.evaluate.py.log,,,,,,,,,,
integer-r7,integer,ex275,ex275|current_prefix5_isqrt_source_with_q1_replaced_by_exact_root_threshold_toggles|reuse_current_shared-ge_classifier_and_overlay_one_low_root_bit|abc_g_and|abc_xf_official_evaluate|frontend_only_no_backend,selected isqrt threshold overlay,,,,,,,,student/frontend_campaigns/campaigns/ex204_ex299_frontend_breakthrough_20260614_1051/agent_shards/integer-r7/failed_hypotheses.csv,frontend-only; yosys_log=student/work/ex204_ex299_frontend_breakthrough_20260614_1051/integer-r7/ex275/logs/ex275_r7_q1_threshold_overlay_abc_g_and.yosys.log,ex275_r7_q1_threshold_overlay_abc_g_and,,,ex275_r7_q1_threshold_overlay_abc_g_and,49,8,392,,,,OK,,,,,,1,,,,,,,,,,,,301,nonwinning_or_failed_official_evaluate,do_not_repeat_as_is,student/runs/integer/ex204_ex299_frontend_breakthrough_20260614_1051/integer-r7/ex275/logs/ex275_r7_q1_threshold_overlay_abc_g_and.evaluate.py.log,,,,,,,,,,
integer-r7,integer,ex276,ex276|current_prefix4_isqrt_source_with_q2_replaced_by_exact_root_threshold_toggles|reuse_current_shared-ge_classifier_and_overlay_one_mid_root_bit|abc_g_and|abc_xf_official_evaluate|frontend_only_no_backend,selected isqrt threshold overlay,,,,,,,,student/frontend_campaigns/campaigns/ex204_ex299_frontend_breakthrough_20260614_1051/agent_shards/integer-r7/failed_hypotheses.csv,frontend-only; yosys_log=student/work/ex204_ex299_frontend_breakthrough_20260614_1051/integer-r7/ex276/logs/ex276_r7_q2_threshold_overlay_abc_g_and.yosys.log,ex276_r7_q2_threshold_overlay_abc_g_and,,,ex276_r7_q2_threshold_overlay_abc_g_and,115,11,1265,,,,OK,,,,,,1,,,,,,,,,,,,1010,nonwinning_or_failed_official_evaluate,do_not_repeat_as_is,student/runs/integer/ex204_ex299_frontend_breakthrough_20260614_1051/integer-r7/ex276/logs/ex276_r7_q2_threshold_overlay_abc_g_and.evaluate.py.log,,,,,,,,,,
unary-r7,bf16,ex204,ex204|targeted_output_bit_exact_overlay|ex204_r7_sparse_overlay_b12_abc_g_aig|reuse current source; replace only sparse bit predicate over sign/exponent and mantissa|abc_g_aig|abc_xf_official_evaluate|unary_r7,targeted_output_bit_exact_overlay,equivalent_nonwinning,1544,16,24704,student/work/ex204_ex299_frontend_breakthrough_20260614_1051/unary-r7/ex204/verilog/ex204_r7_sparse_overlay_b12_abc_g_aig.v,student/work/ex204_ex299_frontend_breakthrough_20260614_1051/unary-r7/ex204/aigs/ex204_r7_sparse_overlay_b12_abc_g_aig.aig,student/runs/bf16/ex204_ex299_frontend_breakthrough_20260614_1051/unary-r7/ex204/official_eval/ex204_r7_sparse_overlay_b12_abc_g_aig/ex204_r7_sparse_overlay_b12_abc_g_aig.evaluate.py.log,student/frontend_campaigns/campaigns/ex204_ex299_frontend_breakthrough_20260614_1051/agent_shards/unary-r7/failed_hypotheses.csv,"exact current-best targeted sparse overlay; bits=12; b12:runs=514,const=510,max=2; source=student/work/ex200_ex299_frontend_refgap_round24_20260613_0435/mixed-r24/ex204/verilog/ex204_r24_bf16_log2_log2_arithbase_delta_hilo3_bits_11_14_bh2.v; evaluate.py exit 0; elapsed 1.676s; yosys exit 0; elapsed 5.302s",,,,,1544,16,24704,,,,,student/runs/bf16/ex204_ex299_frontend_breakthrough_20260614_1051/unary-r7/ex204/official_eval/ex204_r7_sparse_overlay_b12_abc_g_aig/ex204_r7_sparse_overlay_b12_abc_g_aig.evaluate.py.log,,,,,,,,,,,,,,,,,,,,,,,,,,,,,,
unary-r7,bf16,ex204,ex204|targeted_output_bit_exact_overlay|ex204_r7_sparse_overlay_b13_abc_g_aig|reuse current source; replace only sparse bit predicate over sign/exponent and mantissa|abc_g_aig|abc_xf_official_evaluate|unary_r7,targeted_output_bit_exact_overlay,equivalent_nonwinning,1541,17,26197,student/work/ex204_ex299_frontend_breakthrough_20260614_1051/unary-r7/ex204/verilog/ex204_r7_sparse_overlay_b13_abc_g_aig.v,student/work/ex204_ex299_frontend_breakthrough_20260614_1051/unary-r7/ex204/aigs/ex204_r7_sparse_overlay_b13_abc_g_aig.aig,student/runs/bf16/ex204_ex299_frontend_breakthrough_20260614_1051/unary-r7/ex204/official_eval/ex204_r7_sparse_overlay_b13_abc_g_aig/ex204_r7_sparse_overlay_b13_abc_g_aig.evaluate.py.log,student/frontend_campaigns/campaigns/ex204_ex299_frontend_breakthrough_20260614_1051/agent_shards/unary-r7/failed_hypotheses.csv,"exact current-best targeted sparse overlay; bits=13; b13:runs=514,const=510,max=2; source=student/work/ex200_ex299_frontend_refgap_round24_20260613_0435/mixed-r24/ex204/verilog/ex204_r24_bf16_log2_log2_arithbase_delta_hilo3_bits_11_14_bh2.v; evaluate.py exit 0; elapsed 0.991s; yosys exit 0; elapsed 5.284s",,,,,1541,17,26197,,,,,student/runs/bf16/ex204_ex299_frontend_breakthrough_20260614_1051/unary-r7/ex204/official_eval/ex204_r7_sparse_overlay_b13_abc_g_aig/ex204_r7_sparse_overlay_b13_abc_g_aig.evaluate.py.log,,,,,,,,,,,,,,,,,,,,,,,,,,,,,,
unary-r7,bf16,ex205,ex205|targeted_output_bit_exact_overlay|ex205_r7_sparse_overlay_b11_abc_g_aig|reuse current source; replace only sparse bit predicate over sign/exponent and mantissa|abc_g_aig|abc_xf_official_evaluate|unary_r7,targeted_output_bit_exact_overlay,tied,4439,16,71024,student/work/ex204_ex299_frontend_breakthrough_20260614_1051/unary-r7/ex205/verilog/ex205_r7_sparse_overlay_b11_abc_g_aig.v,student/work/ex204_ex299_frontend_breakthrough_20260614_1051/unary-r7/ex205/aigs/ex205_r7_sparse_overlay_b11_abc_g_aig.aig,student/runs/bf16/ex204_ex299_frontend_breakthrough_20260614_1051/unary-r7/ex205/official_eval/ex205_r7_sparse_overlay_b11_abc_g_aig/ex205_r7_sparse_overlay_b11_abc_g_aig.evaluate.py.log,student/frontend_campaigns/campaigns/ex204_ex299_frontend_breakthrough_20260614_1051/agent_shards/unary-r7/failed_hypotheses.csv,"exact current-best targeted sparse overlay; bits=11; b11:runs=515,const=509,max=2; source=student/work/ex204_ex299_frontend_breakthrough_20260614_1051/unary-struct-r4/ex205/verilog/ex205_r4_overlay_b13_abc_g_aig.v; evaluate.py exit 0; elapsed 0.970s; yosys exit 0; elapsed 5.954s",,,,,4439,16,71024,,,,,student/runs/bf16/ex204_ex299_frontend_breakthrough_20260614_1051/unary-r7/ex205/official_eval/ex205_r7_sparse_overlay_b11_abc_g_aig/ex205_r7_sparse_overlay_b11_abc_g_aig.evaluate.py.log,,,,,,,,,,,,,,,,,,,,,,,,,,,,,,
unary-r7,bf16,ex205,ex205|targeted_output_bit_exact_overlay|ex205_r7_sparse_overlay_b12_abc_g_aig|reuse current source; replace only sparse bit predicate over sign/exponent and mantissa|abc_g_aig|abc_xf_official_evaluate|unary_r7,targeted_output_bit_exact_overlay,tied,4439,16,71024,student/work/ex204_ex299_frontend_breakthrough_20260614_1051/unary-r7/ex205/verilog/ex205_r7_sparse_overlay_b12_abc_g_aig.v,student/work/ex204_ex299_frontend_breakthrough_20260614_1051/unary-r7/ex205/aigs/ex205_r7_sparse_overlay_b12_abc_g_aig.aig,student/runs/bf16/ex204_ex299_frontend_breakthrough_20260614_1051/unary-r7/ex205/official_eval/ex205_r7_sparse_overlay_b12_abc_g_aig/ex205_r7_sparse_overlay_b12_abc_g_aig.evaluate.py.log,student/frontend_campaigns/campaigns/ex204_ex299_frontend_breakthrough_20260614_1051/agent_shards/unary-r7/failed_hypotheses.csv,"exact current-best targeted sparse overlay; bits=12; b12:runs=515,const=509,max=2; source=student/work/ex204_ex299_frontend_breakthrough_20260614_1051/unary-struct-r4/ex205/verilog/ex205_r4_overlay_b13_abc_g_aig.v; evaluate.py exit 0; elapsed 0.962s; yosys exit 0; elapsed 6.134s",,,,,4439,16,71024,,,,,student/runs/bf16/ex204_ex299_frontend_breakthrough_20260614_1051/unary-r7/ex205/official_eval/ex205_r7_sparse_overlay_b12_abc_g_aig/ex205_r7_sparse_overlay_b12_abc_g_aig.evaluate.py.log,,,,,,,,,,,,,,,,,,,,,,,,,,,,,,
unary-r7,bf16,ex205,ex205|targeted_output_bit_exact_overlay|ex205_r7_sparse_overlay_b10_abc_g_aig|reuse current source; replace only sparse bit predicate over sign/exponent and mantissa|abc_g_aig|abc_xf_official_evaluate|unary_r7,targeted_output_bit_exact_overlay,equivalent_nonwinning,4611,16,73776,student/work/ex204_ex299_frontend_breakthrough_20260614_1051/unary-r7/ex205/verilog/ex205_r7_sparse_overlay_b10_abc_g_aig.v,student/work/ex204_ex299_frontend_breakthrough_20260614_1051/unary-r7/ex205/aigs/ex205_r7_sparse_overlay_b10_abc_g_aig.aig,student/runs/bf16/ex204_ex299_frontend_breakthrough_20260614_1051/unary-r7/ex205/official_eval/ex205_r7_sparse_overlay_b10_abc_g_aig/ex205_r7_sparse_overlay_b10_abc_g_aig.evaluate.py.log,student/frontend_campaigns/campaigns/ex204_ex299_frontend_breakthrough_20260614_1051/agent_shards/unary-r7/failed_hypotheses.csv,"exact current-best targeted sparse overlay; bits=10; b10:runs=516,const=508,max=2; source=student/work/ex204_ex299_frontend_breakthrough_20260614_1051/unary-struct-r4/ex205/verilog/ex205_r4_overlay_b13_abc_g_aig.v; evaluate.py exit 0; elapsed 1.003s; yosys exit 0; elapsed 6.361s",,,,,4611,16,73776,,,,,student/runs/bf16/ex204_ex299_frontend_breakthrough_20260614_1051/unary-r7/ex205/official_eval/ex205_r7_sparse_overlay_b10_abc_g_aig/ex205_r7_sparse_overlay_b10_abc_g_aig.evaluate.py.log,,,,,,,,,,,,,,,,,,,,,,,,,,,,,,
unary-r7,bf16,ex205,ex205|split_special_normal_output_plane|ex205_r7_split_constkey_shell_abc_g_aig|share one sign/exponent decision plane for zero/inf/NaN/saturation keys|abc_g_aig|abc_xf_official_evaluate|unary_r7,split_special_normal_output_plane,equivalent_nonwinning,4463,16,71408,student/work/ex204_ex299_frontend_breakthrough_20260614_1051/unary-r7/ex205/verilog/ex205_r7_split_constkey_shell_abc_g_aig.v,student/work/ex204_ex299_frontend_breakthrough_20260614_1051/unary-r7/ex205/aigs/ex205_r7_split_constkey_shell_abc_g_aig.aig,student/runs/bf16/ex204_ex299_frontend_breakthrough_20260614_1051/unary-r7/ex205/official_eval/ex205_r7_split_constkey_shell_abc_g_aig/ex205_r7_split_constkey_shell_abc_g_aig.evaluate.py.log,student/frontend_campaigns/campaigns/ex204_ex299_frontend_breakthrough_20260614_1051/agent_shards/unary-r7/failed_hypotheses.csv,split special/constant-key output plane over current best; const_key_groups=257; source=student/work/ex204_ex299_frontend_breakthrough_20260614_1051/unary-struct-r4/ex205/verilog/ex205_r4_overlay_b13_abc_g_aig.v; evaluate.py exit 0; elapsed 1.004s; yosys exit 0; elapsed 5.477s,,,,,4463,16,71408,,,,,student/runs/bf16/ex204_ex299_frontend_breakthrough_20260614_1051/unary-r7/ex205/official_eval/ex205_r7_split_constkey_shell_abc_g_aig/ex205_r7_split_constkey_shell_abc_g_aig.evaluate.py.log,,,,,,,,,,,,,,,,,,,,,,,,,,,,,,
unary-r7,bf16,ex214,ex214|targeted_output_bit_exact_overlay|ex214_r7_sparse_overlay_b14_abc_g_aig|reuse current source; replace only sparse bit predicate over sign/exponent and mantissa|abc_g_aig|abc_xf_official_evaluate|unary_r7,targeted_output_bit_exact_overlay,equivalent_nonwinning,363,12,4356,student/work/ex204_ex299_frontend_breakthrough_20260614_1051/unary-r7/ex214/verilog/ex214_r7_sparse_overlay_b14_abc_g_aig.v,student/work/ex204_ex299_frontend_breakthrough_20260614_1051/unary-r7/ex214/aigs/ex214_r7_sparse_overlay_b14_abc_g_aig.aig,student/runs/bf16/ex204_ex299_frontend_breakthrough_20260614_1051/unary-r7/ex214/official_eval/ex214_r7_sparse_overlay_b14_abc_g_aig/ex214_r7_sparse_overlay_b14_abc_g_aig.evaluate.py.log,student/frontend_campaigns/campaigns/ex204_ex299_frontend_breakthrough_20260614_1051/agent_shards/unary-r7/failed_hypotheses.csv,"exact current-best targeted sparse overlay; bits=14; b14:runs=516,const=508,max=2; source=student/work/frontend_gt15_structural_round96_20260614_0651/sub-bf16-smallgap-flow-r96/ex214/verilog/ex214_r96_bf16_recip_square_bit13_exp_formula_abc_g_aig.v; evaluate.py exit 0; elapsed 0.499s; yosys exit 0; elapsed 18.599s",,,,,363,12,4356,,,,,student/runs/bf16/ex204_ex299_frontend_breakthrough_20260614_1051/unary-r7/ex214/official_eval/ex214_r7_sparse_overlay_b14_abc_g_aig/ex214_r7_sparse_overlay_b14_abc_g_aig.evaluate.py.log,,,,,,,,,,,,,,,,,,,,,,,,,,,,,,
unary-r7,bf16,ex214,ex214|targeted_output_bit_exact_overlay|ex214_r7_sparse_overlay_b12_abc_g_aig|reuse current source; replace only sparse bit predicate over sign/exponent and mantissa|abc_g_aig|abc_xf_official_evaluate|unary_r7,targeted_output_bit_exact_overlay,equivalent_nonwinning,436,14,6104,student/work/ex204_ex299_frontend_breakthrough_20260614_1051/unary-r7/ex214/verilog/ex214_r7_sparse_overlay_b12_abc_g_aig.v,student/work/ex204_ex299_frontend_breakthrough_20260614_1051/unary-r7/ex214/aigs/ex214_r7_sparse_overlay_b12_abc_g_aig.aig,student/runs/bf16/ex204_ex299_frontend_breakthrough_20260614_1051/unary-r7/ex214/official_eval/ex214_r7_sparse_overlay_b12_abc_g_aig/ex214_r7_sparse_overlay_b12_abc_g_aig.evaluate.py.log,student/frontend_campaigns/campaigns/ex204_ex299_frontend_breakthrough_20260614_1051/agent_shards/unary-r7/failed_hypotheses.csv,"exact current-best targeted sparse overlay; bits=12; b12:runs=528,const=496,max=2; source=student/work/frontend_gt15_structural_round96_20260614_0651/sub-bf16-smallgap-flow-r96/ex214/verilog/ex214_r96_bf16_recip_square_bit13_exp_formula_abc_g_aig.v; evaluate.py exit 0; elapsed 0.494s; yosys exit 0; elapsed 19.464s",,,,,436,14,6104,,,,,student/runs/bf16/ex204_ex299_frontend_breakthrough_20260614_1051/unary-r7/ex214/official_eval/ex214_r7_sparse_overlay_b12_abc_g_aig/ex214_r7_sparse_overlay_b12_abc_g_aig.evaluate.py.log,,,,,,,,,,,,,,,,,,,,,,,,,,,,,,
unary-r7,bf16,ex215,ex215|targeted_output_bit_exact_overlay|ex215_r7_sparse_overlay_b14_abc_g_aig|reuse current source; replace only sparse bit predicate over sign/exponent and mantissa|abc_g_aig|abc_xf_official_evaluate|unary_r7,targeted_output_bit_exact_overlay,equivalent_nonwinning,839,14,11746,student/work/ex204_ex299_frontend_breakthrough_20260614_1051/unary-r7/ex215/verilog/ex215_r7_sparse_overlay_b14_abc_g_aig.v,student/work/ex204_ex299_frontend_breakthrough_20260614_1051/unary-r7/ex215/aigs/ex215_r7_sparse_overlay_b14_abc_g_aig.aig,student/runs/bf16/ex204_ex299_frontend_breakthrough_20260614_1051/unary-r7/ex215/official_eval/ex215_r7_sparse_overlay_b14_abc_g_aig/ex215_r7_sparse_overlay_b14_abc_g_aig.evaluate.py.log,student/frontend_campaigns/campaigns/ex204_ex299_frontend_breakthrough_20260614_1051/agent_shards/unary-r7/failed_hypotheses.csv,"exact current-best targeted sparse overlay; bits=14; b14:runs=514,const=510,max=2; source=student/seeds/bf16/ex200_ex219_current/ex215/verilog/ex215_bf16_reciprocal_sqrt_delta_pair_mode_hilo3_bits_9_bh1_fix2_caseattrs_fix12.v; evaluate.py exit 0; elapsed 0.743s; yosys exit 0; elapsed 10.739s",,,,,839,14,11746,,,,,student/runs/bf16/ex204_ex299_frontend_breakthrough_20260614_1051/unary-r7/ex215/official_eval/ex215_r7_sparse_overlay_b14_abc_g_aig/ex215_r7_sparse_overlay_b14_abc_g_aig.evaluate.py.log,,,,,,,,,,,,,,,,,,,,,,,,,,,,,,
unary-r7,bf16,ex215,ex215|targeted_output_bit_exact_overlay|ex215_r7_sparse_overlay_b13_abc_g_aig|reuse current source; replace only sparse bit predicate over sign/exponent and mantissa|abc_g_aig|abc_xf_official_evaluate|unary_r7,targeted_output_bit_exact_overlay,equivalent_nonwinning,643,13,8359,student/work/ex204_ex299_frontend_breakthrough_20260614_1051/unary-r7/ex215/verilog/ex215_r7_sparse_overlay_b13_abc_g_aig.v,student/work/ex204_ex299_frontend_breakthrough_20260614_1051/unary-r7/ex215/aigs/ex215_r7_sparse_overlay_b13_abc_g_aig.aig,student/runs/bf16/ex204_ex299_frontend_breakthrough_20260614_1051/unary-r7/ex215/official_eval/ex215_r7_sparse_overlay_b13_abc_g_aig/ex215_r7_sparse_overlay_b13_abc_g_aig.evaluate.py.log,student/frontend_campaigns/campaigns/ex204_ex299_frontend_breakthrough_20260614_1051/agent_shards/unary-r7/failed_hypotheses.csv,"exact current-best targeted sparse overlay; bits=13; b13:runs=515,const=509,max=2; source=student/seeds/bf16/ex200_ex219_current/ex215/verilog/ex215_bf16_reciprocal_sqrt_delta_pair_mode_hilo3_bits_9_bh1_fix2_caseattrs_fix12.v; evaluate.py exit 0; elapsed 0.784s; yosys exit 0; elapsed 11.632s",,,,,643,13,8359,,,,,student/runs/bf16/ex204_ex299_frontend_breakthrough_20260614_1051/unary-r7/ex215/official_eval/ex215_r7_sparse_overlay_b13_abc_g_aig/ex215_r7_sparse_overlay_b13_abc_g_aig.evaluate.py.log,,,,,,,,,,,,,,,,,,,,,,,,,,,,,,
unary-r7,bf16,ex215,ex215|split_special_normal_output_plane|ex215_r7_split_constkey_shell_abc_g_aig|share one sign/exponent decision plane for zero/inf/NaN/saturation keys|abc_g_aig|abc_xf_official_evaluate|unary_r7,split_special_normal_output_plane,equivalent_nonwinning,659,14,9226,student/work/ex204_ex299_frontend_breakthrough_20260614_1051/unary-r7/ex215/verilog/ex215_r7_split_constkey_shell_abc_g_aig.v,student/work/ex204_ex299_frontend_breakthrough_20260614_1051/unary-r7/ex215/aigs/ex215_r7_split_constkey_shell_abc_g_aig.aig,student/runs/bf16/ex204_ex299_frontend_breakthrough_20260614_1051/unary-r7/ex215/official_eval/ex215_r7_split_constkey_shell_abc_g_aig/ex215_r7_split_constkey_shell_abc_g_aig.evaluate.py.log,student/frontend_campaigns/campaigns/ex204_ex299_frontend_breakthrough_20260614_1051/agent_shards/unary-r7/failed_hypotheses.csv,split special/constant-key output plane over current best; const_key_groups=257; source=student/seeds/bf16/ex200_ex219_current/ex215/verilog/ex215_bf16_reciprocal_sqrt_delta_pair_mode_hilo3_bits_9_bh1_fix2_caseattrs_fix12.v; evaluate.py exit 0; elapsed 0.784s; yosys exit 0; elapsed 9.790s,,,,,659,14,9226,,,,,student/runs/bf16/ex204_ex299_frontend_breakthrough_20260614_1051/unary-r7/ex215/official_eval/ex215_r7_split_constkey_shell_abc_g_aig/ex215_r7_split_constkey_shell_abc_g_aig.evaluate.py.log,,,,,,,,,,,,,,,,,,,,,,,,,,,,,,
unary-r7,bf16,ex216,ex216|targeted_output_bit_exact_overlay|ex216_r7_sparse_overlay_b13_abc_g_aig|reuse current source; replace only sparse bit predicate over sign/exponent and mantissa|abc_g_aig|abc_xf_official_evaluate|unary_r7,targeted_output_bit_exact_overlay,equivalent_nonwinning,458,15,6870,student/work/ex204_ex299_frontend_breakthrough_20260614_1051/unary-r7/ex216/verilog/ex216_r7_sparse_overlay_b13_abc_g_aig.v,student/work/ex204_ex299_frontend_breakthrough_20260614_1051/unary-r7/ex216/aigs/ex216_r7_sparse_overlay_b13_abc_g_aig.aig,student/runs/bf16/ex204_ex299_frontend_breakthrough_20260614_1051/unary-r7/ex216/official_eval/ex216_r7_sparse_overlay_b13_abc_g_aig/ex216_r7_sparse_overlay_b13_abc_g_aig.evaluate.py.log,student/frontend_campaigns/campaigns/ex204_ex299_frontend_breakthrough_20260614_1051/agent_shards/unary-r7/failed_hypotheses.csv,"exact current-best targeted sparse overlay; bits=13; b13:runs=516,const=508,max=2; source=student/work/ex204_ex299_frontend_breakthrough_20260614_1051/unary-struct-r4/ex216/verilog/ex216_r4_current_source_abc_g_aig.v; evaluate.py exit 0; elapsed 0.558s; yosys exit 0; elapsed 10.106s",,,,,458,15,6870,,,,,student/runs/bf16/ex204_ex299_frontend_breakthrough_20260614_1051/unary-r7/ex216/official_eval/ex216_r7_sparse_overlay_b13_abc_g_aig/ex216_r7_sparse_overlay_b13_abc_g_aig.evaluate.py.log,,,,,,,,,,,,,,,,,,,,,,,,,,,,,,
unary-r7,bf16,ex218,ex218|targeted_output_bit_exact_overlay|ex218_r7_sparse_overlay_b14_abc_g_aig|reuse current source; replace only sparse bit predicate over sign/exponent and mantissa|abc_g_aig|abc_xf_official_evaluate|unary_r7,targeted_output_bit_exact_overlay,equivalent_nonwinning,655,15,9825,student/work/ex204_ex299_frontend_breakthrough_20260614_1051/unary-r7/ex218/verilog/ex218_r7_sparse_overlay_b14_abc_g_aig.v,student/work/ex204_ex299_frontend_breakthrough_20260614_1051/unary-r7/ex218/aigs/ex218_r7_sparse_overlay_b14_abc_g_aig.aig,student/runs/bf16/ex204_ex299_frontend_breakthrough_20260614_1051/unary-r7/ex218/official_eval/ex218_r7_sparse_overlay_b14_abc_g_aig/ex218_r7_sparse_overlay_b14_abc_g_aig.evaluate.py.log,student/frontend_campaigns/campaigns/ex204_ex299_frontend_breakthrough_20260614_1051/agent_shards/unary-r7/failed_hypotheses.csv,"exact current-best targeted sparse overlay; bits=14; b14:runs=516,const=508,max=2; source=student/work/ex200_ex299_frontend_refgap_round19_20260612_2346/fpbf-existing-r19/ex218/verilog/ex218_bf16_reciprocal_cube_field_selector_abcgaig_r19.v; evaluate.py exit 0; elapsed 0.485s; yosys exit 0; elapsed 18.151s",,,,,655,15,9825,,,,,student/runs/bf16/ex204_ex299_frontend_breakthrough_20260614_1051/unary-r7/ex218/official_eval/ex218_r7_sparse_overlay_b14_abc_g_aig/ex218_r7_sparse_overlay_b14_abc_g_aig.evaluate.py.log,,,,,,,,,,,,,,,,,,,,,,,,,,,,,,
unary-r7,bf16,ex218,ex218|targeted_output_bit_exact_overlay|ex218_r7_sparse_overlay_b13_abc_g_aig|reuse current source; replace only sparse bit predicate over sign/exponent and mantissa|abc_g_aig|abc_xf_official_evaluate|unary_r7,targeted_output_bit_exact_overlay,equivalent_nonwinning,570,15,8550,student/work/ex204_ex299_frontend_breakthrough_20260614_1051/unary-r7/ex218/verilog/ex218_r7_sparse_overlay_b13_abc_g_aig.v,student/work/ex204_ex299_frontend_breakthrough_20260614_1051/unary-r7/ex218/aigs/ex218_r7_sparse_overlay_b13_abc_g_aig.aig,student/runs/bf16/ex204_ex299_frontend_breakthrough_20260614_1051/unary-r7/ex218/official_eval/ex218_r7_sparse_overlay_b13_abc_g_aig/ex218_r7_sparse_overlay_b13_abc_g_aig.evaluate.py.log,student/frontend_campaigns/campaigns/ex204_ex299_frontend_breakthrough_20260614_1051/agent_shards/unary-r7/failed_hypotheses.csv,"exact current-best targeted sparse overlay; bits=13; b13:runs=520,const=504,max=2; source=student/work/ex200_ex299_frontend_refgap_round19_20260612_2346/fpbf-existing-r19/ex218/verilog/ex218_bf16_reciprocal_cube_field_selector_abcgaig_r19.v; evaluate.py exit 0; elapsed 0.476s; yosys exit 0; elapsed 17.688s",,,,,570,15,8550,,,,,student/runs/bf16/ex204_ex299_frontend_breakthrough_20260614_1051/unary-r7/ex218/official_eval/ex218_r7_sparse_overlay_b13_abc_g_aig/ex218_r7_sparse_overlay_b13_abc_g_aig.evaluate.py.log,,,,,,,,,,,,,,,,,,,,,,,,,,,,,,
unary-r7,bf16,ex218,ex218|split_special_normal_output_plane|ex218_r7_split_constkey_shell_abc_g_aig|share one sign/exponent decision plane for zero/inf/NaN/saturation keys|abc_g_aig|abc_xf_official_evaluate|unary_r7,split_special_normal_output_plane,equivalent_nonwinning,483,15,7245,student/work/ex204_ex299_frontend_breakthrough_20260614_1051/unary-r7/ex218/verilog/ex218_r7_split_constkey_shell_abc_g_aig.v,student/work/ex204_ex299_frontend_breakthrough_20260614_1051/unary-r7/ex218/aigs/ex218_r7_split_constkey_shell_abc_g_aig.aig,student/runs/bf16/ex204_ex299_frontend_breakthrough_20260614_1051/unary-r7/ex218/official_eval/ex218_r7_split_constkey_shell_abc_g_aig/ex218_r7_split_constkey_shell_abc_g_aig.evaluate.py.log,student/frontend_campaigns/campaigns/ex204_ex299_frontend_breakthrough_20260614_1051/agent_shards/unary-r7/failed_hypotheses.csv,split special/constant-key output plane over current best; const_key_groups=338; source=student/work/ex200_ex299_frontend_refgap_round19_20260612_2346/fpbf-existing-r19/ex218/verilog/ex218_bf16_reciprocal_cube_field_selector_abcgaig_r19.v; evaluate.py exit 0; elapsed 0.465s; yosys exit 0; elapsed 15.568s,,,,,483,15,7245,,,,,student/runs/bf16/ex204_ex299_frontend_breakthrough_20260614_1051/unary-r7/ex218/official_eval/ex218_r7_split_constkey_shell_abc_g_aig/ex218_r7_split_constkey_shell_abc_g_aig.evaluate.py.log,,,,,,,,,,,,,,,,,,,,,,,,,,,,,,
unary-r7,bf16,ex219,ex219|targeted_output_bit_exact_overlay|ex219_r7_sparse_overlay_b15_abc_g_aig|reuse current source; replace only sparse bit predicate over sign/exponent and mantissa|abc_g_aig|abc_xf_official_evaluate|unary_r7,targeted_output_bit_exact_overlay,equivalent_nonwinning,935,16,14960,student/work/ex204_ex299_frontend_breakthrough_20260614_1051/unary-r7/ex219/verilog/ex219_r7_sparse_overlay_b15_abc_g_aig.v,student/work/ex204_ex299_frontend_breakthrough_20260614_1051/unary-r7/ex219/aigs/ex219_r7_sparse_overlay_b15_abc_g_aig.aig,student/runs/bf16/ex204_ex299_frontend_breakthrough_20260614_1051/unary-r7/ex219/official_eval/ex219_r7_sparse_overlay_b15_abc_g_aig/ex219_r7_sparse_overlay_b15_abc_g_aig.evaluate.py.log,student/frontend_campaigns/campaigns/ex204_ex299_frontend_breakthrough_20260614_1051/agent_shards/unary-r7/failed_hypotheses.csv,"exact current-best targeted sparse overlay; bits=15; b15:runs=513,const=511,max=2; source=student/work/ex204_ex299_frontend_breakthrough_20260614_1051/unary-struct-r4/ex219/verilog/ex219_r4_current_source_abc_g_aig.v; evaluate.py exit 0; elapsed 1.064s; yosys exit 0; elapsed 11.769s",,,,,935,16,14960,,,,,student/runs/bf16/ex204_ex299_frontend_breakthrough_20260614_1051/unary-r7/ex219/official_eval/ex219_r7_sparse_overlay_b15_abc_g_aig/ex219_r7_sparse_overlay_b15_abc_g_aig.evaluate.py.log,,,,,,,,,,,,,,,,,,,,,,,,,,,,,,
unary-r7,bf16,ex219,ex219|targeted_output_bit_exact_overlay|ex219_r7_sparse_overlay_b13_abc_g_aig|reuse current source; replace only sparse bit predicate over sign/exponent and mantissa|abc_g_aig|abc_xf_official_evaluate|unary_r7,targeted_output_bit_exact_overlay,equivalent_nonwinning,925,16,14800,student/work/ex204_ex299_frontend_breakthrough_20260614_1051/unary-r7/ex219/verilog/ex219_r7_sparse_overlay_b13_abc_g_aig.v,student/work/ex204_ex299_frontend_breakthrough_20260614_1051/unary-r7/ex219/aigs/ex219_r7_sparse_overlay_b13_abc_g_aig.aig,student/runs/bf16/ex204_ex299_frontend_breakthrough_20260614_1051/unary-r7/ex219/official_eval/ex219_r7_sparse_overlay_b13_abc_g_aig/ex219_r7_sparse_overlay_b13_abc_g_aig.evaluate.py.log,student/frontend_campaigns/campaigns/ex204_ex299_frontend_breakthrough_20260614_1051/agent_shards/unary-r7/failed_hypotheses.csv,"exact current-best targeted sparse overlay; bits=13; b13:runs=516,const=508,max=2; source=student/work/ex204_ex299_frontend_breakthrough_20260614_1051/unary-struct-r4/ex219/verilog/ex219_r4_current_source_abc_g_aig.v; evaluate.py exit 0; elapsed 1.071s; yosys exit 0; elapsed 10.851s",,,,,925,16,14800,,,,,student/runs/bf16/ex204_ex299_frontend_breakthrough_20260614_1051/unary-r7/ex219/official_eval/ex219_r7_sparse_overlay_b13_abc_g_aig/ex219_r7_sparse_overlay_b13_abc_g_aig.evaluate.py.log,,,,,,,,,,,,,,,,,,,,,,,,,,,,,,
unary-r7,fp16,ex223,ex223|targeted_output_bit_exact_overlay|ex223_r7_sparse_overlay_b12_abc_g_aig|reuse current source; replace only sparse bit predicate over sign/exponent and mantissa|abc_g_aig|abc_xf_official_evaluate|unary_r7,targeted_output_bit_exact_overlay,equivalent_nonwinning,10751,19,204269,student/work/ex204_ex299_frontend_breakthrough_20260614_1051/unary-r7/ex223/verilog/ex223_r7_sparse_overlay_b12_abc_g_aig.v,student/work/ex204_ex299_frontend_breakthrough_20260614_1051/unary-r7/ex223/aigs/ex223_r7_sparse_overlay_b12_abc_g_aig.aig,student/runs/fp16/ex204_ex299_frontend_breakthrough_20260614_1051/unary-r7/ex223/official_eval/ex223_r7_sparse_overlay_b12_abc_g_aig/ex223_r7_sparse_overlay_b12_abc_g_aig.evaluate.py.log,student/frontend_campaigns/campaigns/ex204_ex299_frontend_breakthrough_20260614_1051/agent_shards/unary-r7/failed_hypotheses.csv,"exact current-best targeted sparse overlay; bits=12; b12:runs=71,const=60,max=4; source=student/work/frontend_truthroot_parallel_round86_20260613_2221/sub-fp16-int-root-r86/ex223/verilog/ex223_r86_truthroot_bit11.v; evaluate.py exit 0; elapsed 1.266s; yosys exit 0; elapsed 11.113s",,,,,10751,19,204269,,,,,student/runs/fp16/ex204_ex299_frontend_breakthrough_20260614_1051/unary-r7/ex223/official_eval/ex223_r7_sparse_overlay_b12_abc_g_aig/ex223_r7_sparse_overlay_b12_abc_g_aig.evaluate.py.log,,,,,,,,,,,,,,,,,,,,,,,,,,,,,,
unary-r7,fp16,ex223,ex223|targeted_output_bit_exact_overlay|ex223_r7_sparse_overlay_b13_abc_g_aig|reuse current source; replace only sparse bit predicate over sign/exponent and mantissa|abc_g_aig|abc_xf_official_evaluate|unary_r7,targeted_output_bit_exact_overlay,equivalent_nonwinning,10770,19,204630,student/work/ex204_ex299_frontend_breakthrough_20260614_1051/unary-r7/ex223/verilog/ex223_r7_sparse_overlay_b13_abc_g_aig.v,student/work/ex204_ex299_frontend_breakthrough_20260614_1051/unary-r7/ex223/aigs/ex223_r7_sparse_overlay_b13_abc_g_aig.aig,student/runs/fp16/ex204_ex299_frontend_breakthrough_20260614_1051/unary-r7/ex223/official_eval/ex223_r7_sparse_overlay_b13_abc_g_aig/ex223_r7_sparse_overlay_b13_abc_g_aig.evaluate.py.log,student/frontend_campaigns/campaigns/ex204_ex299_frontend_breakthrough_20260614_1051/agent_shards/unary-r7/failed_hypotheses.csv,"exact current-best targeted sparse overlay; bits=13; b13:runs=68,const=60,max=2; source=student/work/frontend_truthroot_parallel_round86_20260613_2221/sub-fp16-int-root-r86/ex223/verilog/ex223_r86_truthroot_bit11.v; evaluate.py exit 0; elapsed 1.394s; yosys exit 0; elapsed 10.805s",,,,,10770,19,204630,,,,,student/runs/fp16/ex204_ex299_frontend_breakthrough_20260614_1051/unary-r7/ex223/official_eval/ex223_r7_sparse_overlay_b13_abc_g_aig/ex223_r7_sparse_overlay_b13_abc_g_aig.evaluate.py.log,,,,,,,,,,,,,,,,,,,,,,,,,,,,,,
unary-r7,fp16,ex223,ex223|split_special_normal_output_plane|ex223_r7_split_constkey_shell_abc_g_aig|share one sign/exponent decision plane for zero/inf/NaN/saturation keys|abc_g_aig|abc_xf_official_evaluate|unary_r7,split_special_normal_output_plane,equivalent_nonwinning,10762,19,204478,student/work/ex204_ex299_frontend_breakthrough_20260614_1051/unary-r7/ex223/verilog/ex223_r7_split_constkey_shell_abc_g_aig.v,student/work/ex204_ex299_frontend_breakthrough_20260614_1051/unary-r7/ex223/aigs/ex223_r7_split_constkey_shell_abc_g_aig.aig,student/runs/fp16/ex204_ex299_frontend_breakthrough_20260614_1051/unary-r7/ex223/official_eval/ex223_r7_split_constkey_shell_abc_g_aig/ex223_r7_split_constkey_shell_abc_g_aig.evaluate.py.log,student/frontend_campaigns/campaigns/ex204_ex299_frontend_breakthrough_20260614_1051/agent_shards/unary-r7/failed_hypotheses.csv,split special/constant-key output plane over current best; const_key_groups=33; source=student/work/frontend_truthroot_parallel_round86_20260613_2221/sub-fp16-int-root-r86/ex223/verilog/ex223_r86_truthroot_bit11.v; evaluate.py exit 0; elapsed 1.404s; yosys exit 0; elapsed 10.695s,,,,,10762,19,204478,,,,,student/runs/fp16/ex204_ex299_frontend_breakthrough_20260614_1051/unary-r7/ex223/official_eval/ex223_r7_split_constkey_shell_abc_g_aig/ex223_r7_split_constkey_shell_abc_g_aig.evaluate.py.log,,,,,,,,,,,,,,,,,,,,,,,,,,,,,,
unary-r7,fp16,ex225,ex225|targeted_output_bit_exact_overlay|ex225_r7_sparse_overlay_b11_abc_g_aig|reuse current source; replace only sparse bit predicate over sign/exponent and mantissa|abc_g_aig|abc_xf_official_evaluate|unary_r7,targeted_output_bit_exact_overlay,equivalent_nonwinning,11568,19,219792,student/work/ex204_ex299_frontend_breakthrough_20260614_1051/unary-r7/ex225/verilog/ex225_r7_sparse_overlay_b11_abc_g_aig.v,student/work/ex204_ex299_frontend_breakthrough_20260614_1051/unary-r7/ex225/aigs/ex225_r7_sparse_overlay_b11_abc_g_aig.aig,student/runs/fp16/ex204_ex299_frontend_breakthrough_20260614_1051/unary-r7/ex225/official_eval/ex225_r7_sparse_overlay_b11_abc_g_aig/ex225_r7_sparse_overlay_b11_abc_g_aig.evaluate.py.log,student/frontend_campaigns/campaigns/ex204_ex299_frontend_breakthrough_20260614_1051/agent_shards/unary-r7/failed_hypotheses.csv,"exact current-best targeted sparse overlay; bits=11; b11:runs=79,const=58,max=7; source=student/work/frontend_source_parallel_round79_20260613_1838/sub-fp16-source-r79/ex225/verilog/ex225_r79_split_hi3_keep_highrun.v; evaluate.py exit 0; elapsed 1.367s; yosys exit 0; elapsed 10.975s",,,,,11568,19,219792,,,,,student/runs/fp16/ex204_ex299_frontend_breakthrough_20260614_1051/unary-r7/ex225/official_eval/ex225_r7_sparse_overlay_b11_abc_g_aig/ex225_r7_sparse_overlay_b11_abc_g_aig.evaluate.py.log,,,,,,,,,,,,,,,,,,,,,,,,,,,,,,
unary-r7,fp16,ex225,ex225|targeted_output_bit_exact_overlay|ex225_r7_sparse_overlay_b14_abc_g_aig|reuse current source; replace only sparse bit predicate over sign/exponent and mantissa|abc_g_aig|abc_xf_official_evaluate|unary_r7,targeted_output_bit_exact_overlay,equivalent_nonwinning,11577,19,219963,student/work/ex204_ex299_frontend_breakthrough_20260614_1051/unary-r7/ex225/verilog/ex225_r7_sparse_overlay_b14_abc_g_aig.v,student/work/ex204_ex299_frontend_breakthrough_20260614_1051/unary-r7/ex225/aigs/ex225_r7_sparse_overlay_b14_abc_g_aig.aig,student/runs/fp16/ex204_ex299_frontend_breakthrough_20260614_1051/unary-r7/ex225/official_eval/ex225_r7_sparse_overlay_b14_abc_g_aig/ex225_r7_sparse_overlay_b14_abc_g_aig.evaluate.py.log,student/frontend_campaigns/campaigns/ex204_ex299_frontend_breakthrough_20260614_1051/agent_shards/unary-r7/failed_hypotheses.csv,"exact current-best targeted sparse overlay; bits=14; b14:runs=66,const=62,max=2; source=student/work/frontend_source_parallel_round79_20260613_1838/sub-fp16-source-r79/ex225/verilog/ex225_r79_split_hi3_keep_highrun.v; evaluate.py exit 0; elapsed 1.385s; yosys exit 0; elapsed 10.945s",,,,,11577,19,219963,,,,,student/runs/fp16/ex204_ex299_frontend_breakthrough_20260614_1051/unary-r7/ex225/official_eval/ex225_r7_sparse_overlay_b14_abc_g_aig/ex225_r7_sparse_overlay_b14_abc_g_aig.evaluate.py.log,,,,,,,,,,,,,,,,,,,,,,,,,,,,,,
unary-r7,fp16,ex225,ex225|split_special_normal_output_plane|ex225_r7_split_constkey_shell_abc_g_aig|share one sign/exponent decision plane for zero/inf/NaN/saturation keys|abc_g_aig|abc_xf_official_evaluate|unary_r7,split_special_normal_output_plane,equivalent_nonwinning,11546,20,230920,student/work/ex204_ex299_frontend_breakthrough_20260614_1051/unary-r7/ex225/verilog/ex225_r7_split_constkey_shell_abc_g_aig.v,student/work/ex204_ex299_frontend_breakthrough_20260614_1051/unary-r7/ex225/aigs/ex225_r7_split_constkey_shell_abc_g_aig.aig,student/runs/fp16/ex204_ex299_frontend_breakthrough_20260614_1051/unary-r7/ex225/official_eval/ex225_r7_split_constkey_shell_abc_g_aig/ex225_r7_split_constkey_shell_abc_g_aig.evaluate.py.log,student/frontend_campaigns/campaigns/ex204_ex299_frontend_breakthrough_20260614_1051/agent_shards/unary-r7/failed_hypotheses.csv,split special/constant-key output plane over current best; const_key_groups=33; source=student/work/frontend_source_parallel_round79_20260613_1838/sub-fp16-source-r79/ex225/verilog/ex225_r79_split_hi3_keep_highrun.v; evaluate.py exit 0; elapsed 1.375s; yosys exit 0; elapsed 10.712s,,,,,11546,20,230920,,,,,student/runs/fp16/ex204_ex299_frontend_breakthrough_20260614_1051/unary-r7/ex225/official_eval/ex225_r7_split_constkey_shell_abc_g_aig/ex225_r7_split_constkey_shell_abc_g_aig.evaluate.py.log,,,,,,,,,,,,,,,,,,,,,,,,,,,,,,
unary-r7,bf16,ex204,ex204|current_source_frontend_flow_probe|ex204_r7_flow_optfull_aig|preserve current source sharing; vary only Yosys frontend normalization/mapping script|optfull_aig|abc_xf_official_evaluate|unary_r7_flowprobe,current_source_frontend_flow_probe,equivalent_nonwinning,1569,20,31380,student/work/ex204_ex299_frontend_breakthrough_20260614_1051/unary-r7/ex204/verilog/ex204_r7_flow_optfull_aig.v,student/work/ex204_ex299_frontend_breakthrough_20260614_1051/unary-r7/ex204/aigs/ex204_r7_flow_optfull_aig.aig,student/runs/bf16/ex204_ex299_frontend_breakthrough_20260614_1051/unary-r7/ex204/official_eval/ex204_r7_flow_optfull_aig/ex204_r7_flow_optfull_aig.evaluate.py.log,student/frontend_campaigns/campaigns/ex204_ex299_frontend_breakthrough_20260614_1051/agent_shards/unary-r7/failed_hypotheses.csv,frontend flow probe; source=student/work/ex200_ex299_frontend_refgap_round24_20260613_0435/mixed-r24/ex204/verilog/ex204_r24_bf16_log2_log2_arithbase_delta_hilo3_bits_11_14_bh2.v; evaluate.py exit 0; elapsed 1.031s; yosys optfull_aig exit 0; elapsed 4.140s,,,,,1569,20,31380,,,,,student/runs/bf16/ex204_ex299_frontend_breakthrough_20260614_1051/unary-r7/ex204/official_eval/ex204_r7_flow_optfull_aig/ex204_r7_flow_optfull_aig.evaluate.py.log,,,,,,,,,,,,,,,,,,,,,,,,,,,,,,
unary-r7,bf16,ex204,ex204|current_source_frontend_flow_probe|ex204_r7_flow_gates|preserve current source sharing; vary only Yosys frontend normalization/mapping script|gates|abc_xf_official_evaluate|unary_r7_flowprobe,current_source_frontend_flow_probe,equivalent_nonwinning,1535,17,26095,student/work/ex204_ex299_frontend_breakthrough_20260614_1051/unary-r7/ex204/verilog/ex204_r7_flow_gates.v,student/work/ex204_ex299_frontend_breakthrough_20260614_1051/unary-r7/ex204/aigs/ex204_r7_flow_gates.aig,student/runs/bf16/ex204_ex299_frontend_breakthrough_20260614_1051/unary-r7/ex204/official_eval/ex204_r7_flow_gates/ex204_r7_flow_gates.evaluate.py.log,student/frontend_campaigns/campaigns/ex204_ex299_frontend_breakthrough_20260614_1051/agent_shards/unary-r7/failed_hypotheses.csv,frontend flow probe; source=student/work/ex200_ex299_frontend_refgap_round24_20260613_0435/mixed-r24/ex204/verilog/ex204_r24_bf16_log2_log2_arithbase_delta_hilo3_bits_11_14_bh2.v; evaluate.py exit 0; elapsed 0.998s; yosys gates exit 0; elapsed 4.555s,,,,,1535,17,26095,,,,,student/runs/bf16/ex204_ex299_frontend_breakthrough_20260614_1051/unary-r7/ex204/official_eval/ex204_r7_flow_gates/ex204_r7_flow_gates.evaluate.py.log,,,,,,,,,,,,,,,,,,,,,,,,,,,,,,
unary-r7,bf16,ex205,ex205|current_source_frontend_flow_probe|ex205_r7_flow_muxclean_aig|preserve current source sharing; vary only Yosys frontend normalization/mapping script|muxclean_aig|abc_xf_official_evaluate|unary_r7_flowprobe,current_source_frontend_flow_probe,equivalent_nonwinning,4451,16,71216,student/work/ex204_ex299_frontend_breakthrough_20260614_1051/unary-r7/ex205/verilog/ex205_r7_flow_muxclean_aig.v,student/work/ex204_ex299_frontend_breakthrough_20260614_1051/unary-r7/ex205/aigs/ex205_r7_flow_muxclean_aig.aig,student/runs/bf16/ex204_ex299_frontend_breakthrough_20260614_1051/unary-r7/ex205/official_eval/ex205_r7_flow_muxclean_aig/ex205_r7_flow_muxclean_aig.evaluate.py.log,student/frontend_campaigns/campaigns/ex204_ex299_frontend_breakthrough_20260614_1051/agent_shards/unary-r7/failed_hypotheses.csv,frontend flow probe; source=student/work/ex204_ex299_frontend_breakthrough_20260614_1051/unary-struct-r4/ex205/verilog/ex205_r4_overlay_b13_abc_g_aig.v; evaluate.py exit 0; elapsed 0.984s; yosys muxclean_aig exit 0; elapsed 4.995s,,,,,4451,16,71216,,,,,student/runs/bf16/ex204_ex299_frontend_breakthrough_20260614_1051/unary-r7/ex205/official_eval/ex205_r7_flow_muxclean_aig/ex205_r7_flow_muxclean_aig.evaluate.py.log,,,,,,,,,,,,,,,,,,,,,,,,,,,,,,
unary-r7,bf16,ex205,ex205|current_source_frontend_flow_probe|ex205_r7_flow_gates|preserve current source sharing; vary only Yosys frontend normalization/mapping script|gates|abc_xf_official_evaluate|unary_r7_flowprobe,current_source_frontend_flow_probe,equivalent_nonwinning,4455,17,75735,student/work/ex204_ex299_frontend_breakthrough_20260614_1051/unary-r7/ex205/verilog/ex205_r7_flow_gates.v,student/work/ex204_ex299_frontend_breakthrough_20260614_1051/unary-r7/ex205/aigs/ex205_r7_flow_gates.aig,student/runs/bf16/ex204_ex299_frontend_breakthrough_20260614_1051/unary-r7/ex205/official_eval/ex205_r7_flow_gates/ex205_r7_flow_gates.evaluate.py.log,student/frontend_campaigns/campaigns/ex204_ex299_frontend_breakthrough_20260614_1051/agent_shards/unary-r7/failed_hypotheses.csv,frontend flow probe; source=student/work/ex204_ex299_frontend_breakthrough_20260614_1051/unary-struct-r4/ex205/verilog/ex205_r4_overlay_b13_abc_g_aig.v; evaluate.py exit 0; elapsed 1.119s; yosys gates exit 0; elapsed 5.220s,,,,,4455,17,75735,,,,,student/runs/bf16/ex204_ex299_frontend_breakthrough_20260614_1051/unary-r7/ex205/official_eval/ex205_r7_flow_gates/ex205_r7_flow_gates.evaluate.py.log,,,,,,,,,,,,,,,,,,,,,,,,,,,,,,
unary-r7,bf16,ex218,ex218|current_source_frontend_flow_probe|ex218_r7_flow_optfull_aig|preserve current source sharing; vary only Yosys frontend normalization/mapping script|optfull_aig|abc_xf_official_evaluate|unary_r7_flowprobe,current_source_frontend_flow_probe,equivalent_nonwinning,464,15,6960,student/work/ex204_ex299_frontend_breakthrough_20260614_1051/unary-r7/ex218/verilog/ex218_r7_flow_optfull_aig.v,student/work/ex204_ex299_frontend_breakthrough_20260614_1051/unary-r7/ex218/aigs/ex218_r7_flow_optfull_aig.aig,student/runs/bf16/ex204_ex299_frontend_breakthrough_20260614_1051/unary-r7/ex218/official_eval/ex218_r7_flow_optfull_aig/ex218_r7_flow_optfull_aig.evaluate.py.log,student/frontend_campaigns/campaigns/ex204_ex299_frontend_breakthrough_20260614_1051/agent_shards/unary-r7/failed_hypotheses.csv,frontend flow probe; source=student/work/ex200_ex299_frontend_refgap_round19_20260612_2346/fpbf-existing-r19/ex218/verilog/ex218_bf16_reciprocal_cube_field_selector_abcgaig_r19.v; evaluate.py exit 0; elapsed 0.463s; yosys optfull_aig exit 0; elapsed 12.541s,,,,,464,15,6960,,,,,student/runs/bf16/ex204_ex299_frontend_breakthrough_20260614_1051/unary-r7/ex218/official_eval/ex218_r7_flow_optfull_aig/ex218_r7_flow_optfull_aig.evaluate.py.log,,,,,,,,,,,,,,,,,,,,,,,,,,,,,,
unary-r7,bf16,ex218,ex218|current_source_frontend_flow_probe|ex218_r7_flow_muxclean_aig|preserve current source sharing; vary only Yosys frontend normalization/mapping script|muxclean_aig|abc_xf_official_evaluate|unary_r7_flowprobe,current_source_frontend_flow_probe,tied,457,13,5941,student/work/ex204_ex299_frontend_breakthrough_20260614_1051/unary-r7/ex218/verilog/ex218_r7_flow_muxclean_aig.v,student/work/ex204_ex299_frontend_breakthrough_20260614_1051/unary-r7/ex218/aigs/ex218_r7_flow_muxclean_aig.aig,student/runs/bf16/ex204_ex299_frontend_breakthrough_20260614_1051/unary-r7/ex218/official_eval/ex218_r7_flow_muxclean_aig/ex218_r7_flow_muxclean_aig.evaluate.py.log,student/frontend_campaigns/campaigns/ex204_ex299_frontend_breakthrough_20260614_1051/agent_shards/unary-r7/failed_hypotheses.csv,frontend flow probe; source=student/work/ex200_ex299_frontend_refgap_round19_20260612_2346/fpbf-existing-r19/ex218/verilog/ex218_bf16_reciprocal_cube_field_selector_abcgaig_r19.v; evaluate.py exit 0; elapsed 0.465s; yosys muxclean_aig exit 0; elapsed 17.115s,,,,,457,13,5941,,,,,student/runs/bf16/ex204_ex299_frontend_breakthrough_20260614_1051/unary-r7/ex218/official_eval/ex218_r7_flow_muxclean_aig/ex218_r7_flow_muxclean_aig.evaluate.py.log,,,,,,,,,,,,,,,,,,,,,,,,,,,,,,
unary-r7,bf16,ex218,ex218|current_source_frontend_flow_probe|ex218_r7_flow_gates|preserve current source sharing; vary only Yosys frontend normalization/mapping script|gates|abc_xf_official_evaluate|unary_r7_flowprobe,current_source_frontend_flow_probe,tied,457,13,5941,student/work/ex204_ex299_frontend_breakthrough_20260614_1051/unary-r7/ex218/verilog/ex218_r7_flow_gates.v,student/work/ex204_ex299_frontend_breakthrough_20260614_1051/unary-r7/ex218/aigs/ex218_r7_flow_gates.aig,student/runs/bf16/ex204_ex299_frontend_breakthrough_20260614_1051/unary-r7/ex218/official_eval/ex218_r7_flow_gates/ex218_r7_flow_gates.evaluate.py.log,student/frontend_campaigns/campaigns/ex204_ex299_frontend_breakthrough_20260614_1051/agent_shards/unary-r7/failed_hypotheses.csv,frontend flow probe; source=student/work/ex200_ex299_frontend_refgap_round19_20260612_2346/fpbf-existing-r19/ex218/verilog/ex218_bf16_reciprocal_cube_field_selector_abcgaig_r19.v; evaluate.py exit 0; elapsed 0.465s; yosys gates exit 0; elapsed 14.981s,,,,,457,13,5941,,,,,student/runs/bf16/ex204_ex299_frontend_breakthrough_20260614_1051/unary-r7/ex218/official_eval/ex218_r7_flow_gates/ex218_r7_flow_gates.evaluate.py.log,,,,,,,,,,,,,,,,,,,,,,,,,,,,,,
unary-r7,bf16,ex219,ex219|current_source_frontend_flow_probe|ex219_r7_flow_optfull_aig|preserve current source sharing; vary only Yosys frontend normalization/mapping script|optfull_aig|abc_xf_official_evaluate|unary_r7_flowprobe,current_source_frontend_flow_probe,equivalent_nonwinning,674,14,9436,student/work/ex204_ex299_frontend_breakthrough_20260614_1051/unary-r7/ex219/verilog/ex219_r7_flow_optfull_aig.v,student/work/ex204_ex299_frontend_breakthrough_20260614_1051/unary-r7/ex219/aigs/ex219_r7_flow_optfull_aig.aig,student/runs/bf16/ex204_ex299_frontend_breakthrough_20260614_1051/unary-r7/ex219/official_eval/ex219_r7_flow_optfull_aig/ex219_r7_flow_optfull_aig.evaluate.py.log,student/frontend_campaigns/campaigns/ex204_ex299_frontend_breakthrough_20260614_1051/agent_shards/unary-r7/failed_hypotheses.csv,frontend flow probe; source=student/work/ex204_ex299_frontend_breakthrough_20260614_1051/unary-struct-r4/ex219/verilog/ex219_r4_current_source_abc_g_aig.v; evaluate.py exit 0; elapsed 1.039s; yosys optfull_aig exit 0; elapsed 13.039s,,,,,674,14,9436,,,,,student/runs/bf16/ex204_ex299_frontend_breakthrough_20260614_1051/unary-r7/ex219/official_eval/ex219_r7_flow_optfull_aig/ex219_r7_flow_optfull_aig.evaluate.py.log,,,,,,,,,,,,,,,,,,,,,,,,,,,,,,
unary-r7,bf16,ex219,ex219|current_source_frontend_flow_probe|ex219_r7_flow_gates|preserve current source sharing; vary only Yosys frontend normalization/mapping script|gates|abc_xf_official_evaluate|unary_r7_flowprobe,current_source_frontend_flow_probe,equivalent_nonwinning,658,13,8554,student/work/ex204_ex299_frontend_breakthrough_20260614_1051/unary-r7/ex219/verilog/ex219_r7_flow_gates.v,student/work/ex204_ex299_frontend_breakthrough_20260614_1051/unary-r7/ex219/aigs/ex219_r7_flow_gates.aig,student/runs/bf16/ex204_ex299_frontend_breakthrough_20260614_1051/unary-r7/ex219/official_eval/ex219_r7_flow_gates/ex219_r7_flow_gates.evaluate.py.log,student/frontend_campaigns/campaigns/ex204_ex299_frontend_breakthrough_20260614_1051/agent_shards/unary-r7/failed_hypotheses.csv,frontend flow probe; source=student/work/ex204_ex299_frontend_breakthrough_20260614_1051/unary-struct-r4/ex219/verilog/ex219_r4_current_source_abc_g_aig.v; evaluate.py exit 0; elapsed 1.093s; yosys gates exit 0; elapsed 10.760s,,,,,658,13,8554,,,,,student/runs/bf16/ex204_ex299_frontend_breakthrough_20260614_1051/unary-r7/ex219/official_eval/ex219_r7_flow_gates/ex219_r7_flow_gates.evaluate.py.log,,,,,,,,,,,,,,,,,,,,,,,,,,,,,,
unary-r7,fp16,ex223,ex223|current_source_frontend_flow_probe|ex223_r7_flow_optfull_aig|preserve current source sharing; vary only Yosys frontend normalization/mapping script|optfull_aig|abc_xf_official_evaluate|unary_r7_flowprobe,current_source_frontend_flow_probe,equivalent_nonwinning,10734,19,203946,student/work/ex204_ex299_frontend_breakthrough_20260614_1051/unary-r7/ex223/verilog/ex223_r7_flow_optfull_aig.v,student/work/ex204_ex299_frontend_breakthrough_20260614_1051/unary-r7/ex223/aigs/ex223_r7_flow_optfull_aig.aig,student/runs/fp16/ex204_ex299_frontend_breakthrough_20260614_1051/unary-r7/ex223/official_eval/ex223_r7_flow_optfull_aig/ex223_r7_flow_optfull_aig.evaluate.py.log,student/frontend_campaigns/campaigns/ex204_ex299_frontend_breakthrough_20260614_1051/agent_shards/unary-r7/failed_hypotheses.csv,frontend flow probe; source=student/work/frontend_truthroot_parallel_round86_20260613_2221/sub-fp16-int-root-r86/ex223/verilog/ex223_r86_truthroot_bit11.v; evaluate.py exit 0; elapsed 1.389s; yosys optfull_aig exit 0; elapsed 11.767s,,,,,10734,19,203946,,,,,student/runs/fp16/ex204_ex299_frontend_breakthrough_20260614_1051/unary-r7/ex223/official_eval/ex223_r7_flow_optfull_aig/ex223_r7_flow_optfull_aig.evaluate.py.log,,,,,,,,,,,,,,,,,,,,,,,,,,,,,,
unary-r7,fp16,ex223,ex223|current_source_frontend_flow_probe|ex223_r7_flow_muxclean_aig|preserve current source sharing; vary only Yosys frontend normalization/mapping script|muxclean_aig|abc_xf_official_evaluate|unary_r7_flowprobe,current_source_frontend_flow_probe,equivalent_nonwinning,10724,19,203756,student/work/ex204_ex299_frontend_breakthrough_20260614_1051/unary-r7/ex223/verilog/ex223_r7_flow_muxclean_aig.v,student/work/ex204_ex299_frontend_breakthrough_20260614_1051/unary-r7/ex223/aigs/ex223_r7_flow_muxclean_aig.aig,student/runs/fp16/ex204_ex299_frontend_breakthrough_20260614_1051/unary-r7/ex223/official_eval/ex223_r7_flow_muxclean_aig/ex223_r7_flow_muxclean_aig.evaluate.py.log,student/frontend_campaigns/campaigns/ex204_ex299_frontend_breakthrough_20260614_1051/agent_shards/unary-r7/failed_hypotheses.csv,frontend flow probe; source=student/work/frontend_truthroot_parallel_round86_20260613_2221/sub-fp16-int-root-r86/ex223/verilog/ex223_r86_truthroot_bit11.v; evaluate.py exit 0; elapsed 1.295s; yosys muxclean_aig exit 0; elapsed 10.895s,,,,,10724,19,203756,,,,,student/runs/fp16/ex204_ex299_frontend_breakthrough_20260614_1051/unary-r7/ex223/official_eval/ex223_r7_flow_muxclean_aig/ex223_r7_flow_muxclean_aig.evaluate.py.log,,,,,,,,,,,,,,,,,,,,,,,,,,,,,,
unary-r7,fp16,ex223,ex223|current_source_frontend_flow_probe|ex223_r7_flow_gates|preserve current source sharing; vary only Yosys frontend normalization/mapping script|gates|abc_xf_official_evaluate|unary_r7_flowprobe,current_source_frontend_flow_probe,equivalent_nonwinning,10727,20,214540,student/work/ex204_ex299_frontend_breakthrough_20260614_1051/unary-r7/ex223/verilog/ex223_r7_flow_gates.v,student/work/ex204_ex299_frontend_breakthrough_20260614_1051/unary-r7/ex223/aigs/ex223_r7_flow_gates.aig,student/runs/fp16/ex204_ex299_frontend_breakthrough_20260614_1051/unary-r7/ex223/official_eval/ex223_r7_flow_gates/ex223_r7_flow_gates.evaluate.py.log,student/frontend_campaigns/campaigns/ex204_ex299_frontend_breakthrough_20260614_1051/agent_shards/unary-r7/failed_hypotheses.csv,frontend flow probe; source=student/work/frontend_truthroot_parallel_round86_20260613_2221/sub-fp16-int-root-r86/ex223/verilog/ex223_r86_truthroot_bit11.v; evaluate.py exit 0; elapsed 1.299s; yosys gates exit 0; elapsed 10.693s,,,,,10727,20,214540,,,,,student/runs/fp16/ex204_ex299_frontend_breakthrough_20260614_1051/unary-r7/ex223/official_eval/ex223_r7_flow_gates/ex223_r7_flow_gates.evaluate.py.log,,,,,,,,,,,,,,,,,,,,,,,,,,,,,,
unary-r7,fp16,ex225,ex225|current_source_frontend_flow_probe|ex225_r7_flow_optfull_aig|preserve current source sharing; vary only Yosys frontend normalization/mapping script|optfull_aig|abc_xf_official_evaluate|unary_r7_flowprobe,current_source_frontend_flow_probe,equivalent_nonwinning,11536,20,230720,student/work/ex204_ex299_frontend_breakthrough_20260614_1051/unary-r7/ex225/verilog/ex225_r7_flow_optfull_aig.v,student/work/ex204_ex299_frontend_breakthrough_20260614_1051/unary-r7/ex225/aigs/ex225_r7_flow_optfull_aig.aig,student/runs/fp16/ex204_ex299_frontend_breakthrough_20260614_1051/unary-r7/ex225/official_eval/ex225_r7_flow_optfull_aig/ex225_r7_flow_optfull_aig.evaluate.py.log,student/frontend_campaigns/campaigns/ex204_ex299_frontend_breakthrough_20260614_1051/agent_shards/unary-r7/failed_hypotheses.csv,frontend flow probe; source=student/work/frontend_source_parallel_round79_20260613_1838/sub-fp16-source-r79/ex225/verilog/ex225_r79_split_hi3_keep_highrun.v; evaluate.py exit 0; elapsed 1.420s; yosys optfull_aig exit 0; elapsed 12.306s,,,,,11536,20,230720,,,,,student/runs/fp16/ex204_ex299_frontend_breakthrough_20260614_1051/unary-r7/ex225/official_eval/ex225_r7_flow_optfull_aig/ex225_r7_flow_optfull_aig.evaluate.py.log,,,,,,,,,,,,,,,,,,,,,,,,,,,,,,
unary-r7,fp16,ex225,ex225|current_source_frontend_flow_probe|ex225_r7_flow_muxclean_aig|preserve current source sharing; vary only Yosys frontend normalization/mapping script|muxclean_aig|abc_xf_official_evaluate|unary_r7_flowprobe,current_source_frontend_flow_probe,tied,11505,19,218595,student/work/ex204_ex299_frontend_breakthrough_20260614_1051/unary-r7/ex225/verilog/ex225_r7_flow_muxclean_aig.v,student/work/ex204_ex299_frontend_breakthrough_20260614_1051/unary-r7/ex225/aigs/ex225_r7_flow_muxclean_aig.aig,student/runs/fp16/ex204_ex299_frontend_breakthrough_20260614_1051/unary-r7/ex225/official_eval/ex225_r7_flow_muxclean_aig/ex225_r7_flow_muxclean_aig.evaluate.py.log,student/frontend_campaigns/campaigns/ex204_ex299_frontend_breakthrough_20260614_1051/agent_shards/unary-r7/failed_hypotheses.csv,frontend flow probe; source=student/work/frontend_source_parallel_round79_20260613_1838/sub-fp16-source-r79/ex225/verilog/ex225_r79_split_hi3_keep_highrun.v; evaluate.py exit 0; elapsed 1.361s; yosys muxclean_aig exit 0; elapsed 11.675s,,,,,11505,19,218595,,,,,student/runs/fp16/ex204_ex299_frontend_breakthrough_20260614_1051/unary-r7/ex225/official_eval/ex225_r7_flow_muxclean_aig/ex225_r7_flow_muxclean_aig.evaluate.py.log,,,,,,,,,,,,,,,,,,,,,,,,,,,,,,
unary-r7,fp16,ex225,ex225|current_source_frontend_flow_probe|ex225_r7_flow_gates|preserve current source sharing; vary only Yosys frontend normalization/mapping script|gates|abc_xf_official_evaluate|unary_r7_flowprobe,current_source_frontend_flow_probe,equivalent_nonwinning,11509,20,230180,student/work/ex204_ex299_frontend_breakthrough_20260614_1051/unary-r7/ex225/verilog/ex225_r7_flow_gates.v,student/work/ex204_ex299_frontend_breakthrough_20260614_1051/unary-r7/ex225/aigs/ex225_r7_flow_gates.aig,student/runs/fp16/ex204_ex299_frontend_breakthrough_20260614_1051/unary-r7/ex225/official_eval/ex225_r7_flow_gates/ex225_r7_flow_gates.evaluate.py.log,student/frontend_campaigns/campaigns/ex204_ex299_frontend_breakthrough_20260614_1051/agent_shards/unary-r7/failed_hypotheses.csv,frontend flow probe; source=student/work/frontend_source_parallel_round79_20260613_1838/sub-fp16-source-r79/ex225/verilog/ex225_r79_split_hi3_keep_highrun.v; evaluate.py exit 0; elapsed 1.386s; yosys gates exit 0; elapsed 10.423s,,,,,11509,20,230180,,,,,student/runs/fp16/ex204_ex299_frontend_breakthrough_20260614_1051/unary-r7/ex225/official_eval/ex225_r7_flow_gates/ex225_r7_flow_gates.evaluate.py.log,,,,,,,,,,,,,,,,,,,,,,,,,,,,,,
unary-r7,bf16,ex205,ex205|targeted_output_bit_exact_overlay_plus_optfull|ex205_r7_sparse_overlay_b11_optfull_aig|reuse current bit13 field-decode source; replace sparse adjacent predicates and run opt -full before abc -g aig|optfull_aig|abc_xf_official_evaluate|unary_r7_ex205_refine,targeted_output_bit_exact_overlay_plus_optfull,equivalent_nonwinning,4446,16,71136,student/work/ex204_ex299_frontend_breakthrough_20260614_1051/unary-r7/ex205/verilog/ex205_r7_sparse_overlay_b11_optfull_aig.v,student/work/ex204_ex299_frontend_breakthrough_20260614_1051/unary-r7/ex205/aigs/ex205_r7_sparse_overlay_b11_optfull_aig.aig,student/runs/bf16/ex204_ex299_frontend_breakthrough_20260614_1051/unary-r7/ex205/official_eval/ex205_r7_sparse_overlay_b11_optfull_aig/ex205_r7_sparse_overlay_b11_optfull_aig.evaluate.py.log,student/frontend_campaigns/campaigns/ex204_ex299_frontend_breakthrough_20260614_1051/agent_shards/unary-r7/failed_hypotheses.csv,"exact current-best targeted sparse overlay; bits=11; b11:runs=515,const=509,max=2; source=student/work/ex204_ex299_frontend_breakthrough_20260614_1051/unary-struct-r4/ex205/verilog/ex205_r4_overlay_b13_abc_g_aig.v; optfull composition probe; evaluate.py exit 0; elapsed 0.999s; yosys optfull_aig exit 0; elapsed 5.652s",,,,,4446,16,71136,,,,,student/runs/bf16/ex204_ex299_frontend_breakthrough_20260614_1051/unary-r7/ex205/official_eval/ex205_r7_sparse_overlay_b11_optfull_aig/ex205_r7_sparse_overlay_b11_optfull_aig.evaluate.py.log,,,,,,,,,,,,,,,,,,,,,,,,,,,,,,
unary-r7,bf16,ex205,ex205|targeted_output_bit_exact_overlay_plus_optfull|ex205_r7_sparse_overlay_b12_optfull_aig|reuse current bit13 field-decode source; replace sparse adjacent predicates and run opt -full before abc -g aig|optfull_aig|abc_xf_official_evaluate|unary_r7_ex205_refine,targeted_output_bit_exact_overlay_plus_optfull,equivalent_nonwinning,4446,16,71136,student/work/ex204_ex299_frontend_breakthrough_20260614_1051/unary-r7/ex205/verilog/ex205_r7_sparse_overlay_b12_optfull_aig.v,student/work/ex204_ex299_frontend_breakthrough_20260614_1051/unary-r7/ex205/aigs/ex205_r7_sparse_overlay_b12_optfull_aig.aig,student/runs/bf16/ex204_ex299_frontend_breakthrough_20260614_1051/unary-r7/ex205/official_eval/ex205_r7_sparse_overlay_b12_optfull_aig/ex205_r7_sparse_overlay_b12_optfull_aig.evaluate.py.log,student/frontend_campaigns/campaigns/ex204_ex299_frontend_breakthrough_20260614_1051/agent_shards/unary-r7/failed_hypotheses.csv,"exact current-best targeted sparse overlay; bits=12; b12:runs=515,const=509,max=2; source=student/work/ex204_ex299_frontend_breakthrough_20260614_1051/unary-struct-r4/ex205/verilog/ex205_r4_overlay_b13_abc_g_aig.v; optfull composition probe; evaluate.py exit 0; elapsed 0.998s; yosys optfull_aig exit 0; elapsed 5.721s",,,,,4446,16,71136,,,,,student/runs/bf16/ex204_ex299_frontend_breakthrough_20260614_1051/unary-r7/ex205/official_eval/ex205_r7_sparse_overlay_b12_optfull_aig/ex205_r7_sparse_overlay_b12_optfull_aig.evaluate.py.log,,,,,,,,,,,,,,,,,,,,,,,,,,,,,,
unary-r7,bf16,ex205,ex205|targeted_output_bit_exact_overlay_plus_optfull|ex205_r7_sparse_overlay_b11_12_optfull_aig|reuse current bit13 field-decode source; replace sparse adjacent predicates and run opt -full before abc -g aig|optfull_aig|abc_xf_official_evaluate|unary_r7_ex205_refine,targeted_output_bit_exact_overlay_plus_optfull,equivalent_nonwinning,4519,17,76823,student/work/ex204_ex299_frontend_breakthrough_20260614_1051/unary-r7/ex205/verilog/ex205_r7_sparse_overlay_b11_12_optfull_aig.v,student/work/ex204_ex299_frontend_breakthrough_20260614_1051/unary-r7/ex205/aigs/ex205_r7_sparse_overlay_b11_12_optfull_aig.aig,student/runs/bf16/ex204_ex299_frontend_breakthrough_20260614_1051/unary-r7/ex205/official_eval/ex205_r7_sparse_overlay_b11_12_optfull_aig/ex205_r7_sparse_overlay_b11_12_optfull_aig.evaluate.py.log,student/frontend_campaigns/campaigns/ex204_ex299_frontend_breakthrough_20260614_1051/agent_shards/unary-r7/failed_hypotheses.csv,"exact current-best targeted sparse overlay; bits=11_12; b11:runs=515,const=509,max=2; b12:runs=515,const=509,max=2; source=student/work/ex204_ex299_frontend_breakthrough_20260614_1051/unary-struct-r4/ex205/verilog/ex205_r4_overlay_b13_abc_g_aig.v; optfull composition probe; evaluate.py exit 0; elapsed 0.955s; yosys optfull_aig exit 0; elapsed 6.144s",,,,,4519,17,76823,,,,,student/runs/bf16/ex204_ex299_frontend_breakthrough_20260614_1051/unary-r7/ex205/official_eval/ex205_r7_sparse_overlay_b11_12_optfull_aig/ex205_r7_sparse_overlay_b11_12_optfull_aig.evaluate.py.log,,,,,,,,,,,,,,,,,,,,,,,,,,,,,,
unary-r7,bf16,ex205,ex205|targeted_output_bit_exact_overlay_plus_optfull|ex205_r7_sparse_overlay_b10_11_optfull_aig|reuse current bit13 field-decode source; replace sparse adjacent predicates and run opt -full before abc -g aig|optfull_aig|abc_xf_official_evaluate|unary_r7_ex205_refine,targeted_output_bit_exact_overlay_plus_optfull,equivalent_nonwinning,4469,16,71504,student/work/ex204_ex299_frontend_breakthrough_20260614_1051/unary-r7/ex205/verilog/ex205_r7_sparse_overlay_b10_11_optfull_aig.v,student/work/ex204_ex299_frontend_breakthrough_20260614_1051/unary-r7/ex205/aigs/ex205_r7_sparse_overlay_b10_11_optfull_aig.aig,student/runs/bf16/ex204_ex299_frontend_breakthrough_20260614_1051/unary-r7/ex205/official_eval/ex205_r7_sparse_overlay_b10_11_optfull_aig/ex205_r7_sparse_overlay_b10_11_optfull_aig.evaluate.py.log,student/frontend_campaigns/campaigns/ex204_ex299_frontend_breakthrough_20260614_1051/agent_shards/unary-r7/failed_hypotheses.csv,"exact current-best targeted sparse overlay; bits=10_11; b10:runs=516,const=508,max=2; b11:runs=515,const=509,max=2; source=student/work/ex204_ex299_frontend_breakthrough_20260614_1051/unary-struct-r4/ex205/verilog/ex205_r4_overlay_b13_abc_g_aig.v; optfull composition probe; evaluate.py exit 0; elapsed 0.948s; yosys optfull_aig exit 0; elapsed 6.460s",,,,,4469,16,71504,,,,,student/runs/bf16/ex204_ex299_frontend_breakthrough_20260614_1051/unary-r7/ex205/official_eval/ex205_r7_sparse_overlay_b10_11_optfull_aig/ex205_r7_sparse_overlay_b10_11_optfull_aig.evaluate.py.log,,,,,,,,,,,,,,,,,,,,,,,,,,,,,,
unary-r7,bf16,ex205,ex205|targeted_output_bit_exact_overlay_plus_optfull|ex205_r7_sparse_overlay_b10_12_optfull_aig|reuse current bit13 field-decode source; replace sparse adjacent predicates and run opt -full before abc -g aig|optfull_aig|abc_xf_official_evaluate|unary_r7_ex205_refine,targeted_output_bit_exact_overlay_plus_optfull,equivalent_nonwinning,4469,16,71504,student/work/ex204_ex299_frontend_breakthrough_20260614_1051/unary-r7/ex205/verilog/ex205_r7_sparse_overlay_b10_12_optfull_aig.v,student/work/ex204_ex299_frontend_breakthrough_20260614_1051/unary-r7/ex205/aigs/ex205_r7_sparse_overlay_b10_12_optfull_aig.aig,student/runs/bf16/ex204_ex299_frontend_breakthrough_20260614_1051/unary-r7/ex205/official_eval/ex205_r7_sparse_overlay_b10_12_optfull_aig/ex205_r7_sparse_overlay_b10_12_optfull_aig.evaluate.py.log,student/frontend_campaigns/campaigns/ex204_ex299_frontend_breakthrough_20260614_1051/agent_shards/unary-r7/failed_hypotheses.csv,"exact current-best targeted sparse overlay; bits=10_12; b10:runs=516,const=508,max=2; b12:runs=515,const=509,max=2; source=student/work/ex204_ex299_frontend_breakthrough_20260614_1051/unary-struct-r4/ex205/verilog/ex205_r4_overlay_b13_abc_g_aig.v; optfull composition probe; evaluate.py exit 0; elapsed 0.952s; yosys optfull_aig exit 0; elapsed 6.541s",,,,,4469,16,71504,,,,,student/runs/bf16/ex204_ex299_frontend_breakthrough_20260614_1051/unary-r7/ex205/official_eval/ex205_r7_sparse_overlay_b10_12_optfull_aig/ex205_r7_sparse_overlay_b10_12_optfull_aig.evaluate.py.log,,,,,,,,,,,,,,,,,,,,,,,,,,,,,,
unknown-hard-r8,unknown,ex286,ex286|current_best_source_preserving_rewrite|optfull_aig_flow|current_frontend_best_symcof_onehot-group_source|yosys_frontend_abc_g_aig|official_evaluate|all_outputs,,,,,,student/work/ex204_ex299_frontend_breakthrough_20260614_1051/unknown-hard-r8/ex286/verilog/ex286_r8_current_optfull_aig.v,student/work/ex204_ex299_frontend_breakthrough_20260614_1051/unknown-hard-r8/ex286/aigs/ex286_r8_current_optfull_aig.aig,student/work/ex204_ex299_frontend_breakthrough_20260614_1051/unknown-hard-r8/ex286/logs/ex286_r8_current_optfull_aig.evaluate.py.log,student/frontend_campaigns/campaigns/ex204_ex299_frontend_breakthrough_20260614_1051/agent_shards/unknown-hard-r8/failed_hypotheses.csv,official OK but non-improving against frontend best,ex286_r8_current_optfull_aig,,,ex286_r8_current_optfull_aig,1352,15,20280,,current-best source may map better under an ex205/ex298-style opt-full Yosys frontend flow,current_source_optfull_aig_flow,OK,student/work/ex204_ex299_frontend_breakthrough_20260614_1051/unknown-hard-r8/ex286/logs/ex286_r8_current_optfull_aig.evaluate.py.log,unchanged current best source with only module rename,current g_0..g_15 cofactor planes and original output selection preserved,student/work/ex204_ex299_frontend_breakthrough_20260614_1051/unknown-hard-r8/ex286/eval_outputs/ex286_r8_current_optfull_aig,benchmarks/ex286.truth,1,20280,20190,90,0,,,,,,,student/work/ex204_ex299_frontend_breakthrough_20260614_1051/unknown-hard-r8/ex286/logs/ex286_r8_current_optfull_aig.yosys.log,,,,,,optfull_aig,15210,2376,5070,0,,,,
unknown-hard-r8,unknown,ex286,ex286|current_best_source_preserving_rewrite|muxclean_aig_flow|current_frontend_best_symcof_onehot-group_source|yosys_frontend_abc_g_aig|official_evaluate|all_outputs,,,,,,student/work/ex204_ex299_frontend_breakthrough_20260614_1051/unknown-hard-r8/ex286/verilog/ex286_r8_current_muxclean_aig.v,student/work/ex204_ex299_frontend_breakthrough_20260614_1051/unknown-hard-r8/ex286/aigs/ex286_r8_current_muxclean_aig.aig,student/work/ex204_ex299_frontend_breakthrough_20260614_1051/unknown-hard-r8/ex286/logs/ex286_r8_current_muxclean_aig.evaluate.py.log,student/frontend_campaigns/campaigns/ex204_ex299_frontend_breakthrough_20260614_1051/agent_shards/unknown-hard-r8/failed_hypotheses.csv,official OK but non-improving against frontend best,ex286_r8_current_muxclean_aig,,,ex286_r8_current_muxclean_aig,1346,15,20190,,current-best source may benefit from frontend mux cleaning before AIG mapping,current_source_muxclean_aig_flow,OK,student/work/ex204_ex299_frontend_breakthrough_20260614_1051/unknown-hard-r8/ex286/logs/ex286_r8_current_muxclean_aig.evaluate.py.log,unchanged current best source with only module rename,current g_0..g_15 cofactor planes and original output selection preserved,student/work/ex204_ex299_frontend_breakthrough_20260614_1051/unknown-hard-r8/ex286/eval_outputs/ex286_r8_current_muxclean_aig,benchmarks/ex286.truth,1,20190,20190,0,0,,,,,,,student/work/ex204_ex299_frontend_breakthrough_20260614_1051/unknown-hard-r8/ex286/logs/ex286_r8_current_muxclean_aig.yosys.log,,,,,,muxclean_aig,15210,2376,4980,0,,,,
unknown-hard-r8,unknown,ex286,ex286|source_shape_selector_case_attrs|always_comb_full_parallel_case|current_frontend_best_symcof_onehot-group_source|yosys_sv_abc_g_aig|official_evaluate|all_outputs,,,,,,student/work/ex204_ex299_frontend_breakthrough_20260614_1051/unknown-hard-r8/ex286/verilog/ex286_r8_sv_full_parallel_case.v,student/work/ex204_ex299_frontend_breakthrough_20260614_1051/unknown-hard-r8/ex286/aigs/ex286_r8_sv_full_parallel_case.aig,student/work/ex204_ex299_frontend_breakthrough_20260614_1051/unknown-hard-r8/ex286/logs/ex286_r8_sv_full_parallel_case.evaluate.py.log,student/frontend_campaigns/campaigns/ex204_ex299_frontend_breakthrough_20260614_1051/agent_shards/unknown-hard-r8/failed_hypotheses.csv,official OK but non-improving against frontend best,ex286_r8_sv_full_parallel_case,,,ex286_r8_sv_full_parallel_case,1364,15,20460,,legal full/parallel case attributes plus always_comb may expose a better selector boundary,always_comb_full_parallel_case_tail,OK,student/work/ex204_ex299_frontend_breakthrough_20260614_1051/unknown-hard-r8/ex286/logs/ex286_r8_sv_full_parallel_case.evaluate.py.log,current source prefix with full-word SystemVerilog case tail,same g_0..g_15 planes selected by complete four-bit outer_key case,student/work/ex204_ex299_frontend_breakthrough_20260614_1051/unknown-hard-r8/ex286/eval_outputs/ex286_r8_sv_full_parallel_case,benchmarks/ex286.truth,1,20460,20190,270,0,,,,,,,student/work/ex204_ex299_frontend_breakthrough_20260614_1051/unknown-hard-r8/ex286/logs/ex286_r8_sv_full_parallel_case.yosys.log,,,,,,abc_g_aig,15210,2376,5250,0,,,,
unknown-hard-r8,unknown,ex286,ex286|source_shape_local_output_band_flattening|lohi_two_band_case|current_frontend_best_symcof_onehot-group_source|yosys_frontend_abc_g_aig|official_evaluate|lower_upper_bands,,,,,,student/work/ex204_ex299_frontend_breakthrough_20260614_1051/unknown-hard-r8/ex286/verilog/ex286_r8_lohi_band_flatten.v,student/work/ex204_ex299_frontend_breakthrough_20260614_1051/unknown-hard-r8/ex286/aigs/ex286_r8_lohi_band_flatten.aig,student/work/ex204_ex299_frontend_breakthrough_20260614_1051/unknown-hard-r8/ex286/logs/ex286_r8_lohi_band_flatten.evaluate.py.log,student/frontend_campaigns/campaigns/ex204_ex299_frontend_breakthrough_20260614_1051/agent_shards/unknown-hard-r8/failed_hypotheses.csv,official OK but non-improving against frontend best,ex286_r8_lohi_band_flatten,,,ex286_r8_lohi_band_flatten,1355,15,20325,,local output-band flattening may balance selector duplication and output sharing,two_local_output_bands_full_parallel_cases,OK,student/work/ex204_ex299_frontend_breakthrough_20260614_1051/unknown-hard-r8/ex286/logs/ex286_r8_lohi_band_flatten.evaluate.py.log,current source prefix with independent low/high output-band case selectors,same g_0..g_15 planes split into lower and upper output bands,student/work/ex204_ex299_frontend_breakthrough_20260614_1051/unknown-hard-r8/ex286/eval_outputs/ex286_r8_lohi_band_flatten,benchmarks/ex286.truth,1,20325,20190,135,0,,,,,,,student/work/ex204_ex299_frontend_breakthrough_20260614_1051/unknown-hard-r8/ex286/logs/ex286_r8_lohi_band_flatten.yosys.log,,,,,,abc_g_aig,15210,2376,5115,0,,,,
unknown-hard-r8,unknown,ex286,ex286|source_shape_selected_output_plane_overlay|bits_8_9_10_11_12|current_frontend_best_symcof_onehot-group_source|yosys_frontend_muxclean_abc_g_aig|official_evaluate|selected_planes,,,,,,student/work/ex204_ex299_frontend_breakthrough_20260614_1051/unknown-hard-r8/ex286/verilog/ex286_r8_selected_plane_overlay_8_9_10_11_12.v,student/work/ex204_ex299_frontend_breakthrough_20260614_1051/unknown-hard-r8/ex286/aigs/ex286_r8_selected_plane_overlay_8_9_10_11_12.aig,student/work/ex204_ex299_frontend_breakthrough_20260614_1051/unknown-hard-r8/ex286/logs/ex286_r8_selected_plane_overlay_8_9_10_11_12.evaluate.py.log,student/frontend_campaigns/campaigns/ex204_ex299_frontend_breakthrough_20260614_1051/agent_shards/unknown-hard-r8/failed_hypotheses.csv,official OK but non-improving against frontend best,ex286_r8_selected_plane_overlay_8_9_10_11_12,,,ex286_r8_selected_plane_overlay_8_9_10_11_12,1357,15,20355,,selected exact output-plane overlays over current best source may alter cone boundaries without changing truth,selected_plane_overlay_bits_8_9_10_11_12,OK,student/work/ex204_ex299_frontend_breakthrough_20260614_1051/unknown-hard-r8/ex286/logs/ex286_r8_selected_plane_overlay_8_9_10_11_12.evaluate.py.log,current source prefix with base full-word case plus exact selected-bit overlay,selected output planes are reassigned from the same exact g_0..g_15 source planes,student/work/ex204_ex299_frontend_breakthrough_20260614_1051/unknown-hard-r8/ex286/eval_outputs/ex286_r8_selected_plane_overlay_8_9_10_11_12,benchmarks/ex286.truth,1,20355,20190,165,0,,,,,,,student/work/ex204_ex299_frontend_breakthrough_20260614_1051/unknown-hard-r8/ex286/logs/ex286_r8_selected_plane_overlay_8_9_10_11_12.yosys.log,,,,,,muxclean_aig,15210,2376,5145,0,,,,
unknown-hard-r8,unknown,ex286,ex286|compact_edge_hamming_layer_descriptor|direct_edge_layer_overlay|current_frontend_best_symcof_onehot-group_source|yosys_frontend_abc_g_aig|official_evaluate|edge_layers_only,,,,,,student/work/ex204_ex299_frontend_breakthrough_20260614_1051/unknown-hard-r8/ex286/verilog/ex286_r8_edge_layer_direct_overlay.v,student/work/ex204_ex299_frontend_breakthrough_20260614_1051/unknown-hard-r8/ex286/aigs/ex286_r8_edge_layer_direct_overlay.aig,student/work/ex204_ex299_frontend_breakthrough_20260614_1051/unknown-hard-r8/ex286/logs/ex286_r8_edge_layer_direct_overlay.evaluate.py.log,student/frontend_campaigns/campaigns/ex204_ex299_frontend_breakthrough_20260614_1051/agent_shards/unknown-hard-r8/failed_hypotheses.csv,official OK but non-improving against frontend best,ex286_r8_edge_layer_direct_overlay,,,ex286_r8_edge_layer_direct_overlay,1358,15,20370,,a compact edge-Hamming-layer descriptor may remove boundary routing pressure while falling back to current best source elsewhere,edge_hamming_layer_direct_case_with_current_source_fallback,OK,student/work/ex204_ex299_frontend_breakthrough_20260614_1051/unknown-hard-r8/ex286/logs/ex286_r8_edge_layer_direct_overlay.evaluate.py.log,current source prefix with exact direct table for Hamming layers <=1 and >=n-1,edge-layer direct descriptor plus current g_0..g_15 fallback for all interior weights,student/work/ex204_ex299_frontend_breakthrough_20260614_1051/unknown-hard-r8/ex286/eval_outputs/ex286_r8_edge_layer_direct_overlay,benchmarks/ex286.truth,1,20370,20190,180,0,,,,,,,student/work/ex204_ex299_frontend_breakthrough_20260614_1051/unknown-hard-r8/ex286/logs/ex286_r8_edge_layer_direct_overlay.yosys.log,,,,,,abc_g_aig,15210,2376,5160,0,,,,
unknown-hard-r8,unknown,ex287,ex287|current_best_source_preserving_rewrite|optfull_aig_flow|current_frontend_best_k4_full-word_case_source|yosys_frontend_abc_g_aig|official_evaluate|all_outputs,,,,,,student/work/ex204_ex299_frontend_breakthrough_20260614_1051/unknown-hard-r8/ex287/verilog/ex287_r8_current_optfull_aig.v,student/work/ex204_ex299_frontend_breakthrough_20260614_1051/unknown-hard-r8/ex287/aigs/ex287_r8_current_optfull_aig.aig,student/work/ex204_ex299_frontend_breakthrough_20260614_1051/unknown-hard-r8/ex287/logs/ex287_r8_current_optfull_aig.evaluate.py.log,student/frontend_campaigns/campaigns/ex204_ex299_frontend_breakthrough_20260614_1051/agent_shards/unknown-hard-r8/failed_hypotheses.csv,official OK but non-improving against frontend best,ex287_r8_current_optfull_aig,,,ex287_r8_current_optfull_aig,1693,16,27088,,current-best source may map better under an ex205/ex298-style opt-full Yosys frontend flow,current_source_optfull_aig_flow,OK,student/work/ex204_ex299_frontend_breakthrough_20260614_1051/unknown-hard-r8/ex287/logs/ex287_r8_current_optfull_aig.evaluate.py.log,unchanged current best source with only module rename,current g_0..g_15 cofactor planes and original output selection preserved,student/work/ex204_ex299_frontend_breakthrough_20260614_1051/unknown-hard-r8/ex287/eval_outputs/ex287_r8_current_optfull_aig,benchmarks/ex287.truth,1,27088,26880,208,0,,,,,,,student/work/ex204_ex299_frontend_breakthrough_20260614_1051/unknown-hard-r8/ex287/logs/ex287_r8_current_optfull_aig.yosys.log,,,,,,optfull_aig,13455,5782,13633,0,,,,
unknown-hard-r8,unknown,ex287,ex287|current_best_source_preserving_rewrite|muxclean_aig_flow|current_frontend_best_k4_full-word_case_source|yosys_frontend_abc_g_aig|official_evaluate|all_outputs,,,,,,student/work/ex204_ex299_frontend_breakthrough_20260614_1051/unknown-hard-r8/ex287/verilog/ex287_r8_current_muxclean_aig.v,student/work/ex204_ex299_frontend_breakthrough_20260614_1051/unknown-hard-r8/ex287/aigs/ex287_r8_current_muxclean_aig.aig,student/work/ex204_ex299_frontend_breakthrough_20260614_1051/unknown-hard-r8/ex287/logs/ex287_r8_current_muxclean_aig.evaluate.py.log,student/frontend_campaigns/campaigns/ex204_ex299_frontend_breakthrough_20260614_1051/agent_shards/unknown-hard-r8/failed_hypotheses.csv,official OK but non-improving against frontend best,ex287_r8_current_muxclean_aig,,,ex287_r8_current_muxclean_aig,1680,16,26880,,current-best source may benefit from frontend mux cleaning before AIG mapping,current_source_muxclean_aig_flow,OK,student/work/ex204_ex299_frontend_breakthrough_20260614_1051/unknown-hard-r8/ex287/logs/ex287_r8_current_muxclean_aig.evaluate.py.log,unchanged current best source with only module rename,current g_0..g_15 cofactor planes and original output selection preserved,student/work/ex204_ex299_frontend_breakthrough_20260614_1051/unknown-hard-r8/ex287/eval_outputs/ex287_r8_current_muxclean_aig,benchmarks/ex287.truth,1,26880,26880,0,0,,,,,,,student/work/ex204_ex299_frontend_breakthrough_20260614_1051/unknown-hard-r8/ex287/logs/ex287_r8_current_muxclean_aig.yosys.log,,,,,,muxclean_aig,13455,5782,13425,0,,,,
unknown-hard-r8,unknown,ex287,ex287|source_shape_selector_case_attrs|always_comb_full_parallel_case|current_frontend_best_k4_full-word_case_source|yosys_sv_abc_g_aig|official_evaluate|all_outputs,,,,,,student/work/ex204_ex299_frontend_breakthrough_20260614_1051/unknown-hard-r8/ex287/verilog/ex287_r8_sv_full_parallel_case.v,student/work/ex204_ex299_frontend_breakthrough_20260614_1051/unknown-hard-r8/ex287/aigs/ex287_r8_sv_full_parallel_case.aig,student/work/ex204_ex299_frontend_breakthrough_20260614_1051/unknown-hard-r8/ex287/logs/ex287_r8_sv_full_parallel_case.evaluate.py.log,student/frontend_campaigns/campaigns/ex204_ex299_frontend_breakthrough_20260614_1051/agent_shards/unknown-hard-r8/failed_hypotheses.csv,official OK but non-improving against frontend best,ex287_r8_sv_full_parallel_case,,,ex287_r8_sv_full_parallel_case,1680,16,26880,,legal full/parallel case attributes plus always_comb may expose a better selector boundary,always_comb_full_parallel_case_tail,OK,student/work/ex204_ex299_frontend_breakthrough_20260614_1051/unknown-hard-r8/ex287/logs/ex287_r8_sv_full_parallel_case.evaluate.py.log,current source prefix with full-word SystemVerilog case tail,same g_0..g_15 planes selected by complete four-bit outer_key case,student/work/ex204_ex299_frontend_breakthrough_20260614_1051/unknown-hard-r8/ex287/eval_outputs/ex287_r8_sv_full_parallel_case,benchmarks/ex287.truth,1,26880,26880,0,0,,,,,,,student/work/ex204_ex299_frontend_breakthrough_20260614_1051/unknown-hard-r8/ex287/logs/ex287_r8_sv_full_parallel_case.yosys.log,,,,,,abc_g_aig,13455,5782,13425,0,,,,
unknown-hard-r8,unknown,ex287,ex287|source_shape_local_output_band_flattening|lohi_two_band_case|current_frontend_best_k4_full-word_case_source|yosys_frontend_abc_g_aig|official_evaluate|lower_upper_bands,,,,,,student/work/ex204_ex299_frontend_breakthrough_20260614_1051/unknown-hard-r8/ex287/verilog/ex287_r8_lohi_band_flatten.v,student/work/ex204_ex299_frontend_breakthrough_20260614_1051/unknown-hard-r8/ex287/aigs/ex287_r8_lohi_band_flatten.aig,student/work/ex204_ex299_frontend_breakthrough_20260614_1051/unknown-hard-r8/ex287/logs/ex287_r8_lohi_band_flatten.evaluate.py.log,student/frontend_campaigns/campaigns/ex204_ex299_frontend_breakthrough_20260614_1051/agent_shards/unknown-hard-r8/failed_hypotheses.csv,official OK but non-improving against frontend best,ex287_r8_lohi_band_flatten,,,ex287_r8_lohi_band_flatten,1709,16,27344,,local output-band flattening may balance selector duplication and output sharing,two_local_output_bands_full_parallel_cases,OK,student/work/ex204_ex299_frontend_breakthrough_20260614_1051/unknown-hard-r8/ex287/logs/ex287_r8_lohi_band_flatten.evaluate.py.log,current source prefix with independent low/high output-band case selectors,same g_0..g_15 planes split into lower and upper output bands,student/work/ex204_ex299_frontend_breakthrough_20260614_1051/unknown-hard-r8/ex287/eval_outputs/ex287_r8_lohi_band_flatten,benchmarks/ex287.truth,1,27344,26880,464,0,,,,,,,student/work/ex204_ex299_frontend_breakthrough_20260614_1051/unknown-hard-r8/ex287/logs/ex287_r8_lohi_band_flatten.yosys.log,,,,,,abc_g_aig,13455,5782,13889,0,,,,
unknown-hard-r8,unknown,ex287,ex287|source_shape_selected_output_plane_overlay|bits_6_7_10_12_13|current_frontend_best_k4_full-word_case_source|yosys_frontend_muxclean_abc_g_aig|official_evaluate|selected_planes,,,,,,student/work/ex204_ex299_frontend_breakthrough_20260614_1051/unknown-hard-r8/ex287/verilog/ex287_r8_selected_plane_overlay_6_7_10_12_13.v,student/work/ex204_ex299_frontend_breakthrough_20260614_1051/unknown-hard-r8/ex287/aigs/ex287_r8_selected_plane_overlay_6_7_10_12_13.aig,student/work/ex204_ex299_frontend_breakthrough_20260614_1051/unknown-hard-r8/ex287/logs/ex287_r8_selected_plane_overlay_6_7_10_12_13.evaluate.py.log,student/frontend_campaigns/campaigns/ex204_ex299_frontend_breakthrough_20260614_1051/agent_shards/unknown-hard-r8/failed_hypotheses.csv,official OK but non-improving against frontend best,ex287_r8_selected_plane_overlay_6_7_10_12_13,,,ex287_r8_selected_plane_overlay_6_7_10_12_13,1722,16,27552,,selected exact output-plane overlays over current best source may alter cone boundaries without changing truth,selected_plane_overlay_bits_6_7_10_12_13,OK,student/work/ex204_ex299_frontend_breakthrough_20260614_1051/unknown-hard-r8/ex287/logs/ex287_r8_selected_plane_overlay_6_7_10_12_13.evaluate.py.log,current source prefix with base full-word case plus exact selected-bit overlay,selected output planes are reassigned from the same exact g_0..g_15 source planes,student/work/ex204_ex299_frontend_breakthrough_20260614_1051/unknown-hard-r8/ex287/eval_outputs/ex287_r8_selected_plane_overlay_6_7_10_12_13,benchmarks/ex287.truth,1,27552,26880,672,0,,,,,,,student/work/ex204_ex299_frontend_breakthrough_20260614_1051/unknown-hard-r8/ex287/logs/ex287_r8_selected_plane_overlay_6_7_10_12_13.yosys.log,,,,,,muxclean_aig,13455,5782,14097,0,,,,
unknown-hard-r8,unknown,ex287,ex287|compact_edge_hamming_layer_descriptor|direct_edge_layer_overlay|current_frontend_best_k4_full-word_case_source|yosys_frontend_abc_g_aig|official_evaluate|edge_layers_only,,,,,,student/work/ex204_ex299_frontend_breakthrough_20260614_1051/unknown-hard-r8/ex287/verilog/ex287_r8_edge_layer_direct_overlay.v,student/work/ex204_ex299_frontend_breakthrough_20260614_1051/unknown-hard-r8/ex287/aigs/ex287_r8_edge_layer_direct_overlay.aig,student/work/ex204_ex299_frontend_breakthrough_20260614_1051/unknown-hard-r8/ex287/logs/ex287_r8_edge_layer_direct_overlay.evaluate.py.log,student/frontend_campaigns/campaigns/ex204_ex299_frontend_breakthrough_20260614_1051/agent_shards/unknown-hard-r8/failed_hypotheses.csv,official OK but non-improving against frontend best,ex287_r8_edge_layer_direct_overlay,,,ex287_r8_edge_layer_direct_overlay,1680,16,26880,,a compact edge-Hamming-layer descriptor may remove boundary routing pressure while falling back to current best source elsewhere,edge_hamming_layer_direct_case_with_current_source_fallback,OK,student/work/ex204_ex299_frontend_breakthrough_20260614_1051/unknown-hard-r8/ex287/logs/ex287_r8_edge_layer_direct_overlay.evaluate.py.log,current source prefix with exact direct table for Hamming layers <=1 and >=n-1,edge-layer direct descriptor plus current g_0..g_15 fallback for all interior weights,student/work/ex204_ex299_frontend_breakthrough_20260614_1051/unknown-hard-r8/ex287/eval_outputs/ex287_r8_edge_layer_direct_overlay,benchmarks/ex287.truth,1,26880,26880,0,0,,,,,,,student/work/ex204_ex299_frontend_breakthrough_20260614_1051/unknown-hard-r8/ex287/logs/ex287_r8_edge_layer_direct_overlay.yosys.log,,,,,,abc_g_aig,13455,5782,13425,0,,,,
unknown-mid-r8,unknown,ex285,ex285|hamming_weight_routing_output_plane_vector_mask|boundary_mask_0_1_10_11|decision_tree_base_plus_boundary_helper_vectorized|yosys_internal_abc_g_aig|official_evaluate|bits_0_1_10_11,,official evaluate.py OK but did not beat target frontend ADP,,,,student/work/ex204_ex299_frontend_breakthrough_20260614_1051/unknown-mid-r8/ex285/verilog/ex285_r8_boundary_mask_outer_quad.v,student/work/ex204_ex299_frontend_breakthrough_20260614_1051/unknown-mid-r8/ex285/aigs/ex285_r8_boundary_mask_outer_quad.aig,student/work/ex204_ex299_frontend_breakthrough_20260614_1051/unknown-mid-r8/ex285/logs/ex285_r8_boundary_mask_outer_quad.evaluate.py.log,student/frontend_campaigns/campaigns/ex204_ex299_frontend_breakthrough_20260614_1051/agent_shards/unknown-mid-r8/failed_hypotheses.csv,outer quad boundary donor instead of r7 0/2/9/11 tied mask,ex285_r8_boundary_mask_outer_quad,,,ex285_r8_boundary_mask_outer_quad,800,16,12800,12800,The tied boundary helper may expose a different cone cut when emitted as a compact vector mask instead of r7 scalar assignment variants.,,EQUIVALENT_NONWINNING,,,,,,,,,,,,,2026-06-14 14:18:57 +0800,output_plane_vector_mask_refactor,,student/work/ex204_ex299_frontend_breakthrough_20260614_1051/unknown-mid-r8/ex285/logs/ex285_r8_boundary_mask_outer_quad.evaluate.py.log,,,,,,12800,,,,,,,,,
unknown-mid-r8,unknown,ex285,ex285|hamming_weight_routing_output_plane_vector_mask|boundary_mask_0_5_6_11|decision_tree_base_plus_boundary_helper_vectorized|yosys_internal_abc_g_aig|official_evaluate|bits_0_5_6_11,,official evaluate.py OK but did not beat target frontend ADP,,,,student/work/ex204_ex299_frontend_breakthrough_20260614_1051/unknown-mid-r8/ex285/verilog/ex285_r8_boundary_mask_edges_and_center.v,student/work/ex204_ex299_frontend_breakthrough_20260614_1051/unknown-mid-r8/ex285/aigs/ex285_r8_boundary_mask_edges_and_center.aig,student/work/ex204_ex299_frontend_breakthrough_20260614_1051/unknown-mid-r8/ex285/logs/ex285_r8_boundary_mask_edges_and_center.evaluate.py.log,student/frontend_campaigns/campaigns/ex204_ex299_frontend_breakthrough_20260614_1051/agent_shards/unknown-mid-r8/failed_hypotheses.csv,edge plus center-pair boundary donor,ex285_r8_boundary_mask_edges_and_center,,,ex285_r8_boundary_mask_edges_and_center,800,16,12800,12800,The tied boundary helper may expose a different cone cut when emitted as a compact vector mask instead of r7 scalar assignment variants.,,EQUIVALENT_NONWINNING,,,,,,,,,,,,,2026-06-14 14:19:14 +0800,output_plane_vector_mask_refactor,,student/work/ex204_ex299_frontend_breakthrough_20260614_1051/unknown-mid-r8/ex285/logs/ex285_r8_boundary_mask_edges_and_center.evaluate.py.log,,,,,,12800,,,,,,,,,
unknown-mid-r8,unknown,ex285,ex285|hamming_weight_routing_output_plane_vector_mask|boundary_mask_1_3_5_7_9_11|decision_tree_base_plus_boundary_helper_vectorized|yosys_internal_abc_g_aig|official_evaluate|bits_1_3_5_7_9_11,,official evaluate.py OK but did not beat target frontend ADP,,,,student/work/ex204_ex299_frontend_breakthrough_20260614_1051/unknown-mid-r8/ex285/verilog/ex285_r8_boundary_mask_even_complement.v,student/work/ex204_ex299_frontend_breakthrough_20260614_1051/unknown-mid-r8/ex285/aigs/ex285_r8_boundary_mask_even_complement.aig,student/work/ex204_ex299_frontend_breakthrough_20260614_1051/unknown-mid-r8/ex285/logs/ex285_r8_boundary_mask_even_complement.evaluate.py.log,student/frontend_campaigns/campaigns/ex204_ex299_frontend_breakthrough_20260614_1051/agent_shards/unknown-mid-r8/failed_hypotheses.csv,odd-lane complement of prior even/edge masks,ex285_r8_boundary_mask_even_complement,,,ex285_r8_boundary_mask_even_complement,800,16,12800,12800,The tied boundary helper may expose a different cone cut when emitted as a compact vector mask instead of r7 scalar assignment variants.,,EQUIVALENT_NONWINNING,,,,,,,,,,,,,2026-06-14 14:19:30 +0800,output_plane_vector_mask_refactor,,student/work/ex204_ex299_frontend_breakthrough_20260614_1051/unknown-mid-r8/ex285/logs/ex285_r8_boundary_mask_even_complement.evaluate.py.log,,,,,,12800,,,,,,,,,
unknown-mid-r8,unknown,ex292,ex292|global_state_output_plane_overlay_guarded_sweep|adj_3_10_11_mod7_0_4_7_13|mod4_base_plus_adjacent_and_mod7_selected_planes|yosys_internal_abc_g_aig|official_evaluate|delay20_guard,,official evaluate.py OK but did not beat target frontend ADP,,,,student/work/ex204_ex299_frontend_breakthrough_20260614_1051/unknown-mid-r8/ex292/verilog/ex292_r8_mod7_4_drop_adj_2.v,student/work/ex204_ex299_frontend_breakthrough_20260614_1051/unknown-mid-r8/ex292/aigs/ex292_r8_mod7_4_drop_adj_2.aig,student/work/ex204_ex299_frontend_breakthrough_20260614_1051/unknown-mid-r8/ex292/logs/ex292_r8_mod7_4_drop_adj_2.evaluate.py.log,student/frontend_campaigns/campaigns/ex204_ex299_frontend_breakthrough_20260614_1051/agent_shards/unknown-mid-r8/failed_hypotheses.csv,r7 add_mod7_4 mask with adjacent output 2 dropped,ex292_r8_mod7_4_drop_adj_2,,,ex292_r8_mod7_4_drop_adj_2,6767,21,142107,135200,Second-order perturbation around r7 add_mod7_4 near miss to preserve 20-level delay while reducing area.,,EQUIVALENT_NONWINNING,,,,,,,,,,,,,2026-06-14 14:19:35 +0800,output_plane_exact_overlay_guarded_sweep,,student/work/ex204_ex299_frontend_breakthrough_20260614_1051/unknown-mid-r8/ex292/logs/ex292_r8_mod7_4_drop_adj_2.evaluate.py.log,,,,,,135200,,,,,,,,,
unknown-mid-r8,unknown,ex292,ex292|global_state_output_plane_overlay_guarded_sweep|adj_2_10_11_mod7_0_4_7_13|mod4_base_plus_adjacent_and_mod7_selected_planes|yosys_internal_abc_g_aig|official_evaluate|delay20_guard,,official evaluate.py OK but did not beat target frontend ADP,,,,student/work/ex204_ex299_frontend_breakthrough_20260614_1051/unknown-mid-r8/ex292/verilog/ex292_r8_mod7_4_drop_adj_3.v,student/work/ex204_ex299_frontend_breakthrough_20260614_1051/unknown-mid-r8/ex292/aigs/ex292_r8_mod7_4_drop_adj_3.aig,student/work/ex204_ex299_frontend_breakthrough_20260614_1051/unknown-mid-r8/ex292/logs/ex292_r8_mod7_4_drop_adj_3.evaluate.py.log,student/frontend_campaigns/campaigns/ex204_ex299_frontend_breakthrough_20260614_1051/agent_shards/unknown-mid-r8/failed_hypotheses.csv,r7 add_mod7_4 mask with adjacent output 3 dropped,ex292_r8_mod7_4_drop_adj_3,,,ex292_r8_mod7_4_drop_adj_3,6749,21,141729,135200,Second-order perturbation around r7 add_mod7_4 near miss to preserve 20-level delay while reducing area.,,EQUIVALENT_NONWINNING,,,,,,,,,,,,,2026-06-14 14:19:40 +0800,output_plane_exact_overlay_guarded_sweep,,student/work/ex204_ex299_frontend_breakthrough_20260614_1051/unknown-mid-r8/ex292/logs/ex292_r8_mod7_4_drop_adj_3.evaluate.py.log,,,,,,135200,,,,,,,,,
unknown-mid-r8,unknown,ex292,ex292|global_state_output_plane_overlay_guarded_sweep|adj_2_3_11_mod7_0_4_7_13|mod4_base_plus_adjacent_and_mod7_selected_planes|yosys_internal_abc_g_aig|official_evaluate|delay20_guard,,official evaluate.py OK but did not beat target frontend ADP,,,,student/work/ex204_ex299_frontend_breakthrough_20260614_1051/unknown-mid-r8/ex292/verilog/ex292_r8_mod7_4_drop_adj_10.v,student/work/ex204_ex299_frontend_breakthrough_20260614_1051/unknown-mid-r8/ex292/aigs/ex292_r8_mod7_4_drop_adj_10.aig,student/work/ex204_ex299_frontend_breakthrough_20260614_1051/unknown-mid-r8/ex292/logs/ex292_r8_mod7_4_drop_adj_10.evaluate.py.log,student/frontend_campaigns/campaigns/ex204_ex299_frontend_breakthrough_20260614_1051/agent_shards/unknown-mid-r8/failed_hypotheses.csv,r7 add_mod7_4 mask with adjacent output 10 dropped,ex292_r8_mod7_4_drop_adj_10,,,ex292_r8_mod7_4_drop_adj_10,6734,21,141414,135200,Second-order perturbation around r7 add_mod7_4 near miss to preserve 20-level delay while reducing area.,,EQUIVALENT_NONWINNING,,,,,,,,,,,,,2026-06-14 14:19:45 +0800,output_plane_exact_overlay_guarded_sweep,,student/work/ex204_ex299_frontend_breakthrough_20260614_1051/unknown-mid-r8/ex292/logs/ex292_r8_mod7_4_drop_adj_10.evaluate.py.log,,,,,,135200,,,,,,,,,
unknown-mid-r8,unknown,ex292,ex292|global_state_output_plane_overlay_guarded_sweep|adj_2_3_10_mod7_0_4_7_13|mod4_base_plus_adjacent_and_mod7_selected_planes|yosys_internal_abc_g_aig|official_evaluate|delay20_guard,,official evaluate.py OK but did not beat target frontend ADP,,,,student/work/ex204_ex299_frontend_breakthrough_20260614_1051/unknown-mid-r8/ex292/verilog/ex292_r8_mod7_4_drop_adj_11.v,student/work/ex204_ex299_frontend_breakthrough_20260614_1051/unknown-mid-r8/ex292/aigs/ex292_r8_mod7_4_drop_adj_11.aig,student/work/ex204_ex299_frontend_breakthrough_20260614_1051/unknown-mid-r8/ex292/logs/ex292_r8_mod7_4_drop_adj_11.evaluate.py.log,student/frontend_campaigns/campaigns/ex204_ex299_frontend_breakthrough_20260614_1051/agent_shards/unknown-mid-r8/failed_hypotheses.csv,r7 add_mod7_4 mask with adjacent output 11 dropped,ex292_r8_mod7_4_drop_adj_11,,,ex292_r8_mod7_4_drop_adj_11,6791,22,149402,135200,Second-order perturbation around r7 add_mod7_4 near miss to preserve 20-level delay while reducing area.,,EQUIVALENT_NONWINNING,,,,,,,,,,,,,2026-06-14 14:19:50 +0800,output_plane_exact_overlay_guarded_sweep,,student/work/ex204_ex299_frontend_breakthrough_20260614_1051/unknown-mid-r8/ex292/logs/ex292_r8_mod7_4_drop_adj_11.evaluate.py.log,,,,,,135200,,,,,,,,,
unknown-mid-r8,unknown,ex292,ex292|global_state_output_plane_overlay_guarded_sweep|adj_2_3_10_11_mod7_4_7_13|mod4_base_plus_adjacent_and_mod7_selected_planes|yosys_internal_abc_g_aig|official_evaluate|delay20_guard,,official evaluate.py OK but did not beat target frontend ADP,,,,student/work/ex204_ex299_frontend_breakthrough_20260614_1051/unknown-mid-r8/ex292/verilog/ex292_r8_mod7_4_drop_mod7_0.v,student/work/ex204_ex299_frontend_breakthrough_20260614_1051/unknown-mid-r8/ex292/aigs/ex292_r8_mod7_4_drop_mod7_0.aig,student/work/ex204_ex299_frontend_breakthrough_20260614_1051/unknown-mid-r8/ex292/logs/ex292_r8_mod7_4_drop_mod7_0.evaluate.py.log,student/frontend_campaigns/campaigns/ex204_ex299_frontend_breakthrough_20260614_1051/agent_shards/unknown-mid-r8/failed_hypotheses.csv,r7 add_mod7_4 mask with mod7 output 0 dropped,ex292_r8_mod7_4_drop_mod7_0,,,ex292_r8_mod7_4_drop_mod7_0,6770,21,142170,135200,Second-order perturbation around r7 add_mod7_4 near miss to preserve 20-level delay while reducing area.,,EQUIVALENT_NONWINNING,,,,,,,,,,,,,2026-06-14 14:19:55 +0800,output_plane_exact_overlay_guarded_sweep,,student/work/ex204_ex299_frontend_breakthrough_20260614_1051/unknown-mid-r8/ex292/logs/ex292_r8_mod7_4_drop_mod7_0.evaluate.py.log,,,,,,135200,,,,,,,,,
unknown-mid-r8,unknown,ex292,ex292|global_state_output_plane_overlay_guarded_sweep|adj_2_3_10_11_mod7_0_4_13|mod4_base_plus_adjacent_and_mod7_selected_planes|yosys_internal_abc_g_aig|official_evaluate|delay20_guard,,official evaluate.py OK but did not beat target frontend ADP,,,,student/work/ex204_ex299_frontend_breakthrough_20260614_1051/unknown-mid-r8/ex292/verilog/ex292_r8_mod7_4_drop_mod7_7.v,student/work/ex204_ex299_frontend_breakthrough_20260614_1051/unknown-mid-r8/ex292/aigs/ex292_r8_mod7_4_drop_mod7_7.aig,student/work/ex204_ex299_frontend_breakthrough_20260614_1051/unknown-mid-r8/ex292/logs/ex292_r8_mod7_4_drop_mod7_7.evaluate.py.log,student/frontend_campaigns/campaigns/ex204_ex299_frontend_breakthrough_20260614_1051/agent_shards/unknown-mid-r8/failed_hypotheses.csv,r7 add_mod7_4 mask with mod7 output 7 dropped,ex292_r8_mod7_4_drop_mod7_7,,,ex292_r8_mod7_4_drop_mod7_7,6803,21,142863,135200,Second-order perturbation around r7 add_mod7_4 near miss to preserve 20-level delay while reducing area.,,EQUIVALENT_NONWINNING,,,,,,,,,,,,,2026-06-14 14:20:00 +0800,output_plane_exact_overlay_guarded_sweep,,student/work/ex204_ex299_frontend_breakthrough_20260614_1051/unknown-mid-r8/ex292/logs/ex292_r8_mod7_4_drop_mod7_7.evaluate.py.log,,,,,,135200,,,,,,,,,
unknown-mid-r8,unknown,ex292,ex292|global_state_output_plane_overlay_guarded_sweep|adj_1_2_3_10_11_mod7_0_4_7_13|mod4_base_plus_adjacent_and_mod7_selected_planes|yosys_internal_abc_g_aig|official_evaluate|delay20_guard,,official evaluate.py OK but did not beat target frontend ADP,,,,student/work/ex204_ex299_frontend_breakthrough_20260614_1051/unknown-mid-r8/ex292/verilog/ex292_r8_mod7_4_plus_adj_1.v,student/work/ex204_ex299_frontend_breakthrough_20260614_1051/unknown-mid-r8/ex292/aigs/ex292_r8_mod7_4_plus_adj_1.aig,student/work/ex204_ex299_frontend_breakthrough_20260614_1051/unknown-mid-r8/ex292/logs/ex292_r8_mod7_4_plus_adj_1.evaluate.py.log,student/frontend_campaigns/campaigns/ex204_ex299_frontend_breakthrough_20260614_1051/agent_shards/unknown-mid-r8/failed_hypotheses.csv,r7 add_mod7_4 mask plus adjacent output 1,ex292_r8_mod7_4_plus_adj_1,,,ex292_r8_mod7_4_plus_adj_1,6785,22,149270,135200,Second-order perturbation around r7 add_mod7_4 near miss to preserve 20-level delay while reducing area.,,EQUIVALENT_NONWINNING,,,,,,,,,,,,,2026-06-14 14:20:11 +0800,output_plane_exact_overlay_guarded_sweep,,student/work/ex204_ex299_frontend_breakthrough_20260614_1051/unknown-mid-r8/ex292/logs/ex292_r8_mod7_4_plus_adj_1.evaluate.py.log,,,,,,135200,,,,,,,,,
unknown-mid-r8,unknown,ex292,ex292|global_state_output_plane_overlay_guarded_sweep|adj_2_3_5_10_11_mod7_0_4_7_13|mod4_base_plus_adjacent_and_mod7_selected_planes|yosys_internal_abc_g_aig|official_evaluate|delay20_guard,,official evaluate.py OK but did not beat target frontend ADP,,,,student/work/ex204_ex299_frontend_breakthrough_20260614_1051/unknown-mid-r8/ex292/verilog/ex292_r8_mod7_4_plus_adj_5.v,student/work/ex204_ex299_frontend_breakthrough_20260614_1051/unknown-mid-r8/ex292/aigs/ex292_r8_mod7_4_plus_adj_5.aig,student/work/ex204_ex299_frontend_breakthrough_20260614_1051/unknown-mid-r8/ex292/logs/ex292_r8_mod7_4_plus_adj_5.evaluate.py.log,student/frontend_campaigns/campaigns/ex204_ex299_frontend_breakthrough_20260614_1051/agent_shards/unknown-mid-r8/failed_hypotheses.csv,r7 add_mod7_4 mask plus adjacent output 5,ex292_r8_mod7_4_plus_adj_5,,,ex292_r8_mod7_4_plus_adj_5,6773,21,142233,135200,Second-order perturbation around r7 add_mod7_4 near miss to preserve 20-level delay while reducing area.,,EQUIVALENT_NONWINNING,,,,,,,,,,,,,2026-06-14 14:20:16 +0800,output_plane_exact_overlay_guarded_sweep,,student/work/ex204_ex299_frontend_breakthrough_20260614_1051/unknown-mid-r8/ex292/logs/ex292_r8_mod7_4_plus_adj_5.evaluate.py.log,,,,,,135200,,,,,,,,,
unknown-mid-r8,unknown,ex292,ex292|global_state_output_plane_overlay_guarded_sweep|adj_2_3_8_10_11_mod7_0_4_7_13|mod4_base_plus_adjacent_and_mod7_selected_planes|yosys_internal_abc_g_aig|official_evaluate|delay20_guard,,official evaluate.py OK but did not beat target frontend ADP,,,,student/work/ex204_ex299_frontend_breakthrough_20260614_1051/unknown-mid-r8/ex292/verilog/ex292_r8_mod7_4_plus_adj_8.v,student/work/ex204_ex299_frontend_breakthrough_20260614_1051/unknown-mid-r8/ex292/aigs/ex292_r8_mod7_4_plus_adj_8.aig,student/work/ex204_ex299_frontend_breakthrough_20260614_1051/unknown-mid-r8/ex292/logs/ex292_r8_mod7_4_plus_adj_8.evaluate.py.log,student/frontend_campaigns/campaigns/ex204_ex299_frontend_breakthrough_20260614_1051/agent_shards/unknown-mid-r8/failed_hypotheses.csv,r7 add_mod7_4 mask plus adjacent output 8,ex292_r8_mod7_4_plus_adj_8,,,ex292_r8_mod7_4_plus_adj_8,6765,20,135300,135200,Second-order perturbation around r7 add_mod7_4 near miss to preserve 20-level delay while reducing area.,,EQUIVALENT_NONWINNING,,,,,,,,,,,,,2026-06-14 14:20:22 +0800,output_plane_exact_overlay_guarded_sweep,,student/work/ex204_ex299_frontend_breakthrough_20260614_1051/unknown-mid-r8/ex292/logs/ex292_r8_mod7_4_plus_adj_8.evaluate.py.log,,,,,,135200,,,,,,,,,
unknown-mid-r8,unknown,ex292,ex292|global_state_output_plane_overlay_guarded_sweep|adj_2_3_9_10_11_mod7_0_4_7_13|mod4_base_plus_adjacent_and_mod7_selected_planes|yosys_internal_abc_g_aig|official_evaluate|delay20_guard,,official evaluate.py OK but did not beat target frontend ADP,,,,student/work/ex204_ex299_frontend_breakthrough_20260614_1051/unknown-mid-r8/ex292/verilog/ex292_r8_mod7_4_plus_adj_9.v,student/work/ex204_ex299_frontend_breakthrough_20260614_1051/unknown-mid-r8/ex292/aigs/ex292_r8_mod7_4_plus_adj_9.aig,student/work/ex204_ex299_frontend_breakthrough_20260614_1051/unknown-mid-r8/ex292/logs/ex292_r8_mod7_4_plus_adj_9.evaluate.py.log,student/frontend_campaigns/campaigns/ex204_ex299_frontend_breakthrough_20260614_1051/agent_shards/unknown-mid-r8/failed_hypotheses.csv,r7 add_mod7_4 mask plus adjacent output 9,ex292_r8_mod7_4_plus_adj_9,,,ex292_r8_mod7_4_plus_adj_9,6786,21,142506,135200,Second-order perturbation around r7 add_mod7_4 near miss to preserve 20-level delay while reducing area.,,EQUIVALENT_NONWINNING,,,,,,,,,,,,,2026-06-14 14:20:29 +0800,output_plane_exact_overlay_guarded_sweep,,student/work/ex204_ex299_frontend_breakthrough_20260614_1051/unknown-mid-r8/ex292/logs/ex292_r8_mod7_4_plus_adj_9.evaluate.py.log,,,,,,135200,,,,,,,,,
unknown-mid-r8,unknown,ex292,ex292|global_state_output_plane_overlay_guarded_sweep|adj_2_3_10_11_12_mod7_0_4_7_13|mod4_base_plus_adjacent_and_mod7_selected_planes|yosys_internal_abc_g_aig|official_evaluate|delay20_guard,,official evaluate.py OK but did not beat target frontend ADP,,,,student/work/ex204_ex299_frontend_breakthrough_20260614_1051/unknown-mid-r8/ex292/verilog/ex292_r8_mod7_4_plus_adj_12.v,student/work/ex204_ex299_frontend_breakthrough_20260614_1051/unknown-mid-r8/ex292/aigs/ex292_r8_mod7_4_plus_adj_12.aig,student/work/ex204_ex299_frontend_breakthrough_20260614_1051/unknown-mid-r8/ex292/logs/ex292_r8_mod7_4_plus_adj_12.evaluate.py.log,student/frontend_campaigns/campaigns/ex204_ex299_frontend_breakthrough_20260614_1051/agent_shards/unknown-mid-r8/failed_hypotheses.csv,r7 add_mod7_4 mask plus adjacent output 12,ex292_r8_mod7_4_plus_adj_12,,,ex292_r8_mod7_4_plus_adj_12,6792,21,142632,135200,Second-order perturbation around r7 add_mod7_4 near miss to preserve 20-level delay while reducing area.,,EQUIVALENT_NONWINNING,,,,,,,,,,,,,2026-06-14 14:20:35 +0800,output_plane_exact_overlay_guarded_sweep,,student/work/ex204_ex299_frontend_breakthrough_20260614_1051/unknown-mid-r8/ex292/logs/ex292_r8_mod7_4_plus_adj_12.evaluate.py.log,,,,,,135200,,,,,,,,,
unknown-mid-r8,unknown,ex292,ex292|global_state_output_plane_overlay_guarded_sweep|adj_2_3_10_11_mod7_0_1_4_7_13|mod4_base_plus_adjacent_and_mod7_selected_planes|yosys_internal_abc_g_aig|official_evaluate|delay20_guard,,official evaluate.py OK but did not beat target frontend ADP,,,,student/work/ex204_ex299_frontend_breakthrough_20260614_1051/unknown-mid-r8/ex292/verilog/ex292_r8_mod7_4_plus_mod7_1.v,student/work/ex204_ex299_frontend_breakthrough_20260614_1051/unknown-mid-r8/ex292/aigs/ex292_r8_mod7_4_plus_mod7_1.aig,student/work/ex204_ex299_frontend_breakthrough_20260614_1051/unknown-mid-r8/ex292/logs/ex292_r8_mod7_4_plus_mod7_1.evaluate.py.log,student/frontend_campaigns/campaigns/ex204_ex299_frontend_breakthrough_20260614_1051/agent_shards/unknown-mid-r8/failed_hypotheses.csv,r7 add_mod7_4 mask plus mod7 output 1,ex292_r8_mod7_4_plus_mod7_1,,,ex292_r8_mod7_4_plus_mod7_1,6752,21,141792,135200,Second-order perturbation around r7 add_mod7_4 near miss to preserve 20-level delay while reducing area.,,EQUIVALENT_NONWINNING,,,,,,,,,,,,,2026-06-14 14:20:42 +0800,output_plane_exact_overlay_guarded_sweep,,student/work/ex204_ex299_frontend_breakthrough_20260614_1051/unknown-mid-r8/ex292/logs/ex292_r8_mod7_4_plus_mod7_1.evaluate.py.log,,,,,,135200,,,,,,,,,
unknown-mid-r8,unknown,ex292,ex292|global_state_output_plane_overlay_guarded_sweep|adj_2_3_10_11_mod7_0_4_5_7_13|mod4_base_plus_adjacent_and_mod7_selected_planes|yosys_internal_abc_g_aig|official_evaluate|delay20_guard,,official evaluate.py OK but did not beat target frontend ADP,,,,student/work/ex204_ex299_frontend_breakthrough_20260614_1051/unknown-mid-r8/ex292/verilog/ex292_r8_mod7_4_plus_mod7_5.v,student/work/ex204_ex299_frontend_breakthrough_20260614_1051/unknown-mid-r8/ex292/aigs/ex292_r8_mod7_4_plus_mod7_5.aig,student/work/ex204_ex299_frontend_breakthrough_20260614_1051/unknown-mid-r8/ex292/logs/ex292_r8_mod7_4_plus_mod7_5.evaluate.py.log,student/frontend_campaigns/campaigns/ex204_ex299_frontend_breakthrough_20260614_1051/agent_shards/unknown-mid-r8/failed_hypotheses.csv,r7 add_mod7_4 mask plus mod7 output 5,ex292_r8_mod7_4_plus_mod7_5,,,ex292_r8_mod7_4_plus_mod7_5,6781,21,142401,135200,Second-order perturbation around r7 add_mod7_4 near miss to preserve 20-level delay while reducing area.,,EQUIVALENT_NONWINNING,,,,,,,,,,,,,2026-06-14 14:20:49 +0800,output_plane_exact_overlay_guarded_sweep,,student/work/ex204_ex299_frontend_breakthrough_20260614_1051/unknown-mid-r8/ex292/logs/ex292_r8_mod7_4_plus_mod7_5.evaluate.py.log,,,,,,135200,,,,,,,,,
unknown-mid-r8,unknown,ex292,ex292|global_state_output_plane_overlay_guarded_sweep|adj_2_3_10_11_mod7_0_4_7_8_13|mod4_base_plus_adjacent_and_mod7_selected_planes|yosys_internal_abc_g_aig|official_evaluate|delay20_guard,,official evaluate.py OK but did not beat target frontend ADP,,,,student/work/ex204_ex299_frontend_breakthrough_20260614_1051/unknown-mid-r8/ex292/verilog/ex292_r8_mod7_4_plus_mod7_8.v,student/work/ex204_ex299_frontend_breakthrough_20260614_1051/unknown-mid-r8/ex292/aigs/ex292_r8_mod7_4_plus_mod7_8.aig,student/work/ex204_ex299_frontend_breakthrough_20260614_1051/unknown-mid-r8/ex292/logs/ex292_r8_mod7_4_plus_mod7_8.evaluate.py.log,student/frontend_campaigns/campaigns/ex204_ex299_frontend_breakthrough_20260614_1051/agent_shards/unknown-mid-r8/failed_hypotheses.csv,r7 add_mod7_4 mask plus mod7 output 8,ex292_r8_mod7_4_plus_mod7_8,,,ex292_r8_mod7_4_plus_mod7_8,6762,21,142002,135200,Second-order perturbation around r7 add_mod7_4 near miss to preserve 20-level delay while reducing area.,,EQUIVALENT_NONWINNING,,,,,,,,,,,,,2026-06-14 14:20:55 +0800,output_plane_exact_overlay_guarded_sweep,,student/work/ex204_ex299_frontend_breakthrough_20260614_1051/unknown-mid-r8/ex292/logs/ex292_r8_mod7_4_plus_mod7_8.evaluate.py.log,,,,,,135200,,,,,,,,,
unknown-mid-r8,unknown,ex292,ex292|global_state_output_plane_overlay_guarded_sweep|adj_2_3_10_11_mod7_0_4_7_9_13|mod4_base_plus_adjacent_and_mod7_selected_planes|yosys_internal_abc_g_aig|official_evaluate|delay20_guard,,official evaluate.py OK but did not beat target frontend ADP,,,,student/work/ex204_ex299_frontend_breakthrough_20260614_1051/unknown-mid-r8/ex292/verilog/ex292_r8_mod7_4_plus_mod7_9.v,student/work/ex204_ex299_frontend_breakthrough_20260614_1051/unknown-mid-r8/ex292/aigs/ex292_r8_mod7_4_plus_mod7_9.aig,student/work/ex204_ex299_frontend_breakthrough_20260614_1051/unknown-mid-r8/ex292/logs/ex292_r8_mod7_4_plus_mod7_9.evaluate.py.log,student/frontend_campaigns/campaigns/ex204_ex299_frontend_breakthrough_20260614_1051/agent_shards/unknown-mid-r8/failed_hypotheses.csv,r7 add_mod7_4 mask plus mod7 output 9,ex292_r8_mod7_4_plus_mod7_9,,,ex292_r8_mod7_4_plus_mod7_9,6765,20,135300,135200,Second-order perturbation around r7 add_mod7_4 near miss to preserve 20-level delay while reducing area.,,EQUIVALENT_NONWINNING,,,,,,,,,,,,,2026-06-14 14:21:02 +0800,output_plane_exact_overlay_guarded_sweep,,student/work/ex204_ex299_frontend_breakthrough_20260614_1051/unknown-mid-r8/ex292/logs/ex292_r8_mod7_4_plus_mod7_9.evaluate.py.log,,,,,,135200,,,,,,,,,
unknown-mid-r8,unknown,ex292,ex292|global_state_output_plane_overlay_guarded_sweep|adj_2_3_10_11_mod7_0_4_7_12_13|mod4_base_plus_adjacent_and_mod7_selected_planes|yosys_internal_abc_g_aig|official_evaluate|delay20_guard,,official evaluate.py OK but did not beat target frontend ADP,,,,student/work/ex204_ex299_frontend_breakthrough_20260614_1051/unknown-mid-r8/ex292/verilog/ex292_r8_mod7_4_plus_mod7_12.v,student/work/ex204_ex299_frontend_breakthrough_20260614_1051/unknown-mid-r8/ex292/aigs/ex292_r8_mod7_4_plus_mod7_12.aig,student/work/ex204_ex299_frontend_breakthrough_20260614_1051/unknown-mid-r8/ex292/logs/ex292_r8_mod7_4_plus_mod7_12.evaluate.py.log,student/frontend_campaigns/campaigns/ex204_ex299_frontend_breakthrough_20260614_1051/agent_shards/unknown-mid-r8/failed_hypotheses.csv,r7 add_mod7_4 mask plus mod7 output 12,ex292_r8_mod7_4_plus_mod7_12,,,ex292_r8_mod7_4_plus_mod7_12,6792,21,142632,135200,Second-order perturbation around r7 add_mod7_4 near miss to preserve 20-level delay while reducing area.,,EQUIVALENT_NONWINNING,,,,,,,,,,,,,2026-06-14 14:21:09 +0800,output_plane_exact_overlay_guarded_sweep,,student/work/ex204_ex299_frontend_breakthrough_20260614_1051/unknown-mid-r8/ex292/logs/ex292_r8_mod7_4_plus_mod7_12.evaluate.py.log,,,,,,135200,,,,,,,,,
unknown-mid-r8,unknown,ex289,ex289|source_preserving_synth_preset_control|direct_current_source|no_output_overlay|yosys_synth_preset|official_evaluate|all_outputs,,official evaluate.py OK but did not beat target frontend ADP,,,,student/work/ex204_ex299_frontend_breakthrough_20260614_1051/unknown-mid-r8/ex289/verilog/ex289_r8_current_split2_synth_preset_control.v,student/work/ex204_ex299_frontend_breakthrough_20260614_1051/unknown-mid-r8/ex289/aigs/ex289_r8_current_split2_synth_preset_control.aig,student/work/ex204_ex299_frontend_breakthrough_20260614_1051/unknown-mid-r8/ex289/logs/ex289_r8_current_split2_synth_preset_control.evaluate.py.log,student/frontend_campaigns/campaigns/ex204_ex299_frontend_breakthrough_20260614_1051/agent_shards/unknown-mid-r8/failed_hypotheses.csv,current exact source wrapped without output-plane grafts,ex289_r8_current_split2_synth_preset_control,,,ex289_r8_current_split2_synth_preset_control,1078,21,22638,19893,Direct current-source synth-preset control row to test whether frontend source boundary and synth preset alone improve QoR.,,EQUIVALENT_NONWINNING,,,,,,,,,,,,,2026-06-14 14:24:30 +0800,source_preserving_synth_preset_control,,student/work/ex204_ex299_frontend_breakthrough_20260614_1051/unknown-mid-r8/ex289/logs/ex289_r8_current_split2_synth_preset_control.evaluate.py.log,,,,,,19893,,,,,,,,,
unary-r8,bf16,ex204,ex204|current_source_frontend_flow_probe|ex204_r8_flow_optfull_aig|preserve current source sharing; vary only Yosys frontend normalization/mapping script|optfull_aig|abc_xf_official_evaluate|unary_r8,current_source_frontend_flow_probe,equivalent_nonwinning,1569,20,31380,student/work/ex204_ex299_frontend_breakthrough_20260614_1051/unary-r8/ex204/verilog/ex204_r8_flow_optfull_aig.v,student/work/ex204_ex299_frontend_breakthrough_20260614_1051/unary-r8/ex204/aigs/ex204_r8_flow_optfull_aig.aig,student/runs/bf16/ex204_ex299_frontend_breakthrough_20260614_1051/unary-r8/ex204/official_eval/ex204_r8_flow_optfull_aig/ex204_r8_flow_optfull_aig.evaluate.py.log,student/frontend_campaigns/campaigns/ex204_ex299_frontend_breakthrough_20260614_1051/agent_shards/unary-r8/failed_hypotheses.csv,current-best source copy; source=student/work/ex200_ex299_frontend_refgap_round24_20260613_0435/mixed-r24/ex204/verilog/ex204_r24_bf16_log2_log2_arithbase_delta_hilo3_bits_11_14_bh2.v; evaluate.py exit 0; elapsed 1.033s; yosys optfull_aig exit 0; elapsed 4.185s,,,,,1569,20,31380,,,,,student/runs/bf16/ex204_ex299_frontend_breakthrough_20260614_1051/unary-r8/ex204/official_eval/ex204_r8_flow_optfull_aig/ex204_r8_flow_optfull_aig.evaluate.py.log,,,,,,,,,,,,,,,,,,,,,,,,,,,,,,
unary-r8,bf16,ex204,ex204|current_source_frontend_flow_probe|ex204_r8_flow_muxclean_aig|preserve current source sharing; vary only Yosys frontend normalization/mapping script|muxclean_aig|abc_xf_official_evaluate|unary_r8,current_source_frontend_flow_probe,equivalent_nonwinning,1540,17,26180,student/work/ex204_ex299_frontend_breakthrough_20260614_1051/unary-r8/ex204/verilog/ex204_r8_flow_muxclean_aig.v,student/work/ex204_ex299_frontend_breakthrough_20260614_1051/unary-r8/ex204/aigs/ex204_r8_flow_muxclean_aig.aig,student/runs/bf16/ex204_ex299_frontend_breakthrough_20260614_1051/unary-r8/ex204/official_eval/ex204_r8_flow_muxclean_aig/ex204_r8_flow_muxclean_aig.evaluate.py.log,student/frontend_campaigns/campaigns/ex204_ex299_frontend_breakthrough_20260614_1051/agent_shards/unary-r8/failed_hypotheses.csv,current-best source copy; source=student/work/ex200_ex299_frontend_refgap_round24_20260613_0435/mixed-r24/ex204/verilog/ex204_r24_bf16_log2_log2_arithbase_delta_hilo3_bits_11_14_bh2.v; evaluate.py exit 0; elapsed 1.015s; yosys muxclean_aig exit 0; elapsed 5.342s,,,,,1540,17,26180,,,,,student/runs/bf16/ex204_ex299_frontend_breakthrough_20260614_1051/unary-r8/ex204/official_eval/ex204_r8_flow_muxclean_aig/ex204_r8_flow_muxclean_aig.evaluate.py.log,,,,,,,,,,,,,,,,,,,,,,,,,,,,,,
unary-r8,bf16,ex204,ex204|current_source_caseattrs_probe|ex204_r8_caseattrs_abc_g_aig|preserve current source sharing; only expose case exclusivity hints|abc_g_aig|abc_xf_official_evaluate|unary_r8,current_source_caseattrs_probe,tied,1536,16,24576,student/work/ex204_ex299_frontend_breakthrough_20260614_1051/unary-r8/ex204/verilog/ex204_r8_caseattrs_abc_g_aig.v,student/work/ex204_ex299_frontend_breakthrough_20260614_1051/unary-r8/ex204/aigs/ex204_r8_caseattrs_abc_g_aig.aig,student/runs/bf16/ex204_ex299_frontend_breakthrough_20260614_1051/unary-r8/ex204/official_eval/ex204_r8_caseattrs_abc_g_aig/ex204_r8_caseattrs_abc_g_aig.evaluate.py.log,student/frontend_campaigns/campaigns/ex204_ex299_frontend_breakthrough_20260614_1051/agent_shards/unary-r8/failed_hypotheses.csv,caseattrs current-best source copy; case_statements_annotated=1253; source=student/work/ex200_ex299_frontend_refgap_round24_20260613_0435/mixed-r24/ex204/verilog/ex204_r24_bf16_log2_log2_arithbase_delta_hilo3_bits_11_14_bh2.v; evaluate.py exit 0; elapsed 1.018s; yosys abc_g_aig exit 0; elapsed 4.458s,,,,,1536,16,24576,,,,,student/runs/bf16/ex204_ex299_frontend_breakthrough_20260614_1051/unary-r8/ex204/official_eval/ex204_r8_caseattrs_abc_g_aig/ex204_r8_caseattrs_abc_g_aig.evaluate.py.log,,,,,,,,,,,,,,,,,,,,,,,,,,,,,,
unary-r8,bf16,ex204,ex204|current_source_caseattrs_probe|ex204_r8_caseattrs_optfull_aig|preserve current source sharing; combine case exclusivity hints with opt -full normalization|optfull_aig|abc_xf_official_evaluate|unary_r8,current_source_caseattrs_probe,equivalent_nonwinning,1569,20,31380,student/work/ex204_ex299_frontend_breakthrough_20260614_1051/unary-r8/ex204/verilog/ex204_r8_caseattrs_optfull_aig.v,student/work/ex204_ex299_frontend_breakthrough_20260614_1051/unary-r8/ex204/aigs/ex204_r8_caseattrs_optfull_aig.aig,student/runs/bf16/ex204_ex299_frontend_breakthrough_20260614_1051/unary-r8/ex204/official_eval/ex204_r8_caseattrs_optfull_aig/ex204_r8_caseattrs_optfull_aig.evaluate.py.log,student/frontend_campaigns/campaigns/ex204_ex299_frontend_breakthrough_20260614_1051/agent_shards/unary-r8/failed_hypotheses.csv,caseattrs current-best source copy; case_statements_annotated=1253; source=student/work/ex200_ex299_frontend_refgap_round24_20260613_0435/mixed-r24/ex204/verilog/ex204_r24_bf16_log2_log2_arithbase_delta_hilo3_bits_11_14_bh2.v; evaluate.py exit 0; elapsed 1.024s; yosys optfull_aig exit 0; elapsed 4.189s,,,,,1569,20,31380,,,,,student/runs/bf16/ex204_ex299_frontend_breakthrough_20260614_1051/unary-r8/ex204/official_eval/ex204_r8_caseattrs_optfull_aig/ex204_r8_caseattrs_optfull_aig.evaluate.py.log,,,,,,,,,,,,,,,,,,,,,,,,,,,,,,
unary-r8,bf16,ex204,ex204|split_special_normal_output_plane|ex204_r8_range_const_shell_muxclean_aig|one sign/exponent range descriptor shell; dense residual remains in current source|muxclean_aig|abc_xf_official_evaluate|unary_r8,split_special_normal_output_plane,equivalent_nonwinning,1549,17,26333,student/work/ex204_ex299_frontend_breakthrough_20260614_1051/unary-r8/ex204/verilog/ex204_r8_range_const_shell_muxclean_aig.v,student/work/ex204_ex299_frontend_breakthrough_20260614_1051/unary-r8/ex204/aigs/ex204_r8_range_const_shell_muxclean_aig.aig,student/runs/bf16/ex204_ex299_frontend_breakthrough_20260614_1051/unary-r8/ex204/official_eval/ex204_r8_range_const_shell_muxclean_aig/ex204_r8_range_const_shell_muxclean_aig.evaluate.py.log,student/frontend_campaigns/campaigns/ex204_ex299_frontend_breakthrough_20260614_1051/agent_shards/unary-r8/failed_hypotheses.csv,split special/normal output plane with compact constant-key ranges; ranges=3; source=student/work/ex200_ex299_frontend_refgap_round24_20260613_0435/mixed-r24/ex204/verilog/ex204_r24_bf16_log2_log2_arithbase_delta_hilo3_bits_11_14_bh2.v; evaluate.py exit 0; elapsed 1.006s; yosys muxclean_aig exit 0; elapsed 4.927s,,,,,1549,17,26333,,,,,student/runs/bf16/ex204_ex299_frontend_breakthrough_20260614_1051/unary-r8/ex204/official_eval/ex204_r8_range_const_shell_muxclean_aig/ex204_r8_range_const_shell_muxclean_aig.evaluate.py.log,,,,,,,,,,,,,,,,,,,,,,,,,,,,,,
unary-r8,bf16,ex204,ex204|exp_mantissa_bucket_descriptor_overlay|ex204_r8_descriptor_b10_optfull_aig|share descriptor bodies across sign/exponent keys with max-run delay guard|optfull_aig|abc_xf_official_evaluate|unary_r8,exp_mantissa_bucket_descriptor_overlay,equivalent_nonwinning,1703,17,28951,student/work/ex204_ex299_frontend_breakthrough_20260614_1051/unary-r8/ex204/verilog/ex204_r8_descriptor_b10_optfull_aig.v,student/work/ex204_ex299_frontend_breakthrough_20260614_1051/unary-r8/ex204/aigs/ex204_r8_descriptor_b10_optfull_aig.aig,student/runs/bf16/ex204_ex299_frontend_breakthrough_20260614_1051/unary-r8/ex204/official_eval/ex204_r8_descriptor_b10_optfull_aig/ex204_r8_descriptor_b10_optfull_aig.evaluate.py.log,student/frontend_campaigns/campaigns/ex204_ex299_frontend_breakthrough_20260614_1051/agent_shards/unary-r8/failed_hypotheses.csv,selected output-bit descriptor overlay with delay guard; bit=10; descriptor_groups=4; max_runs=2; total_runs=515; key_limit=512; source=student/work/ex200_ex299_frontend_refgap_round24_20260613_0435/mixed-r24/ex204/verilog/ex204_r24_bf16_log2_log2_arithbase_delta_hilo3_bits_11_14_bh2.v; evaluate.py exit 0; elapsed 1.003s; yosys optfull_aig exit 0; elapsed 4.744s,,,,,1703,17,28951,,,,,student/runs/bf16/ex204_ex299_frontend_breakthrough_20260614_1051/unary-r8/ex204/official_eval/ex204_r8_descriptor_b10_optfull_aig/ex204_r8_descriptor_b10_optfull_aig.evaluate.py.log,,,,,,,,,,,,,,,,,,,,,,,,,,,,,,
unary-r8,bf16,ex205,ex205|current_source_frontend_flow_probe|ex205_r8_flow_optfull_aig|preserve current source sharing; vary only Yosys frontend normalization/mapping script|optfull_aig|abc_xf_official_evaluate|unary_r8,current_source_frontend_flow_probe,tied,4425,16,70800,student/work/ex204_ex299_frontend_breakthrough_20260614_1051/unary-r8/ex205/verilog/ex205_r8_flow_optfull_aig.v,student/work/ex204_ex299_frontend_breakthrough_20260614_1051/unary-r8/ex205/aigs/ex205_r8_flow_optfull_aig.aig,student/runs/bf16/ex204_ex299_frontend_breakthrough_20260614_1051/unary-r8/ex205/official_eval/ex205_r8_flow_optfull_aig/ex205_r8_flow_optfull_aig.evaluate.py.log,student/frontend_campaigns/campaigns/ex204_ex299_frontend_breakthrough_20260614_1051/agent_shards/unary-r8/failed_hypotheses.csv,current-best source copy; source=student/work/ex204_ex299_frontend_breakthrough_20260614_1051/unary-r7/ex205/verilog/ex205_r7_flow_optfull_aig.v; evaluate.py exit 0; elapsed 0.953s; yosys optfull_aig exit 0; elapsed 4.939s,,,,,4425,16,70800,,,,,student/runs/bf16/ex204_ex299_frontend_breakthrough_20260614_1051/unary-r8/ex205/official_eval/ex205_r8_flow_optfull_aig/ex205_r8_flow_optfull_aig.evaluate.py.log,,,,,,,,,,,,,,,,,,,,,,,,,,,,,,
unary-r8,bf16,ex205,ex205|current_source_frontend_flow_probe|ex205_r8_flow_muxclean_aig|preserve current source sharing; vary only Yosys frontend normalization/mapping script|muxclean_aig|abc_xf_official_evaluate|unary_r8,current_source_frontend_flow_probe,equivalent_nonwinning,4451,16,71216,student/work/ex204_ex299_frontend_breakthrough_20260614_1051/unary-r8/ex205/verilog/ex205_r8_flow_muxclean_aig.v,student/work/ex204_ex299_frontend_breakthrough_20260614_1051/unary-r8/ex205/aigs/ex205_r8_flow_muxclean_aig.aig,student/runs/bf16/ex204_ex299_frontend_breakthrough_20260614_1051/unary-r8/ex205/official_eval/ex205_r8_flow_muxclean_aig/ex205_r8_flow_muxclean_aig.evaluate.py.log,student/frontend_campaigns/campaigns/ex204_ex299_frontend_breakthrough_20260614_1051/agent_shards/unary-r8/failed_hypotheses.csv,current-best source copy; source=student/work/ex204_ex299_frontend_breakthrough_20260614_1051/unary-r7/ex205/verilog/ex205_r7_flow_optfull_aig.v; evaluate.py exit 0; elapsed 0.999s; yosys muxclean_aig exit 0; elapsed 5.232s,,,,,4451,16,71216,,,,,student/runs/bf16/ex204_ex299_frontend_breakthrough_20260614_1051/unary-r8/ex205/official_eval/ex205_r8_flow_muxclean_aig/ex205_r8_flow_muxclean_aig.evaluate.py.log,,,,,,,,,,,,,,,,,,,,,,,,,,,,,,
unary-r8,bf16,ex205,ex205|current_source_caseattrs_probe|ex205_r8_caseattrs_abc_g_aig|preserve current source sharing; only expose case exclusivity hints|abc_g_aig|abc_xf_official_evaluate|unary_r8,current_source_caseattrs_probe,equivalent_nonwinning,4454,16,71264,student/work/ex204_ex299_frontend_breakthrough_20260614_1051/unary-r8/ex205/verilog/ex205_r8_caseattrs_abc_g_aig.v,student/work/ex204_ex299_frontend_breakthrough_20260614_1051/unary-r8/ex205/aigs/ex205_r8_caseattrs_abc_g_aig.aig,student/runs/bf16/ex204_ex299_frontend_breakthrough_20260614_1051/unary-r8/ex205/official_eval/ex205_r8_caseattrs_abc_g_aig/ex205_r8_caseattrs_abc_g_aig.evaluate.py.log,student/frontend_campaigns/campaigns/ex204_ex299_frontend_breakthrough_20260614_1051/agent_shards/unary-r8/failed_hypotheses.csv,caseattrs current-best source copy; case_statements_annotated=1243; source=student/work/ex204_ex299_frontend_breakthrough_20260614_1051/unary-r7/ex205/verilog/ex205_r7_flow_optfull_aig.v; evaluate.py exit 0; elapsed 0.972s; yosys abc_g_aig exit 0; elapsed 4.540s,,,,,4454,16,71264,,,,,student/runs/bf16/ex204_ex299_frontend_breakthrough_20260614_1051/unary-r8/ex205/official_eval/ex205_r8_caseattrs_abc_g_aig/ex205_r8_caseattrs_abc_g_aig.evaluate.py.log,,,,,,,,,,,,,,,,,,,,,,,,,,,,,,
unary-r8,bf16,ex205,ex205|current_source_caseattrs_probe|ex205_r8_caseattrs_optfull_aig|preserve current source sharing; combine case exclusivity hints with opt -full normalization|optfull_aig|abc_xf_official_evaluate|unary_r8,current_source_caseattrs_probe,tied,4425,16,70800,student/work/ex204_ex299_frontend_breakthrough_20260614_1051/unary-r8/ex205/verilog/ex205_r8_caseattrs_optfull_aig.v,student/work/ex204_ex299_frontend_breakthrough_20260614_1051/unary-r8/ex205/aigs/ex205_r8_caseattrs_optfull_aig.aig,student/runs/bf16/ex204_ex299_frontend_breakthrough_20260614_1051/unary-r8/ex205/official_eval/ex205_r8_caseattrs_optfull_aig/ex205_r8_caseattrs_optfull_aig.evaluate.py.log,student/frontend_campaigns/campaigns/ex204_ex299_frontend_breakthrough_20260614_1051/agent_shards/unary-r8/failed_hypotheses.csv,caseattrs current-best source copy; case_statements_annotated=1243; source=student/work/ex204_ex299_frontend_breakthrough_20260614_1051/unary-r7/ex205/verilog/ex205_r7_flow_optfull_aig.v; evaluate.py exit 0; elapsed 1.753s; yosys optfull_aig exit 0; elapsed 4.950s,,,,,4425,16,70800,,,,,student/runs/bf16/ex204_ex299_frontend_breakthrough_20260614_1051/unary-r8/ex205/official_eval/ex205_r8_caseattrs_optfull_aig/ex205_r8_caseattrs_optfull_aig.evaluate.py.log,,,,,,,,,,,,,,,,,,,,,,,,,,,,,,
unary-r8,bf16,ex205,ex205|split_special_normal_output_plane|ex205_r8_range_const_shell_muxclean_aig|one sign/exponent range descriptor shell; dense residual remains in current source|muxclean_aig|abc_xf_official_evaluate|unary_r8,split_special_normal_output_plane,equivalent_nonwinning,4451,16,71216,student/work/ex204_ex299_frontend_breakthrough_20260614_1051/unary-r8/ex205/verilog/ex205_r8_range_const_shell_muxclean_aig.v,student/work/ex204_ex299_frontend_breakthrough_20260614_1051/unary-r8/ex205/aigs/ex205_r8_range_const_shell_muxclean_aig.aig,student/runs/bf16/ex204_ex299_frontend_breakthrough_20260614_1051/unary-r8/ex205/official_eval/ex205_r8_range_const_shell_muxclean_aig/ex205_r8_range_const_shell_muxclean_aig.evaluate.py.log,student/frontend_campaigns/campaigns/ex204_ex299_frontend_breakthrough_20260614_1051/agent_shards/unary-r8/failed_hypotheses.csv,split special/normal output plane with compact constant-key ranges; ranges=3; source=student/work/ex204_ex299_frontend_breakthrough_20260614_1051/unary-r7/ex205/verilog/ex205_r7_flow_optfull_aig.v; evaluate.py exit 0; elapsed 1.260s; yosys muxclean_aig exit 0; elapsed 7.178s,,,,,4451,16,71216,,,,,student/runs/bf16/ex204_ex299_frontend_breakthrough_20260614_1051/unary-r8/ex205/official_eval/ex205_r8_range_const_shell_muxclean_aig/ex205_r8_range_const_shell_muxclean_aig.evaluate.py.log,,,,,,,,,,,,,,,,,,,,,,,,,,,,,,
unary-r8,bf16,ex205,ex205|exp_mantissa_bucket_descriptor_overlay|ex205_r8_descriptor_b14_optfull_aig|share descriptor bodies across sign/exponent keys with max-run delay guard|optfull_aig|abc_xf_official_evaluate|unary_r8,exp_mantissa_bucket_descriptor_overlay,equivalent_nonwinning,4504,16,72064,student/work/ex204_ex299_frontend_breakthrough_20260614_1051/unary-r8/ex205/verilog/ex205_r8_descriptor_b14_optfull_aig.v,student/work/ex204_ex299_frontend_breakthrough_20260614_1051/unary-r8/ex205/aigs/ex205_r8_descriptor_b14_optfull_aig.aig,student/runs/bf16/ex204_ex299_frontend_breakthrough_20260614_1051/unary-r8/ex205/official_eval/ex205_r8_descriptor_b14_optfull_aig/ex205_r8_descriptor_b14_optfull_aig.evaluate.py.log,student/frontend_campaigns/campaigns/ex204_ex299_frontend_breakthrough_20260614_1051/agent_shards/unary-r8/failed_hypotheses.csv,selected output-bit descriptor overlay with delay guard; bit=14; descriptor_groups=4; max_runs=2; total_runs=514; key_limit=512; source=student/work/ex204_ex299_frontend_breakthrough_20260614_1051/unary-r7/ex205/verilog/ex205_r7_flow_optfull_aig.v; evaluate.py exit 0; elapsed 1.239s; yosys optfull_aig exit 0; elapsed 6.797s,,,,,4504,16,72064,,,,,student/runs/bf16/ex204_ex299_frontend_breakthrough_20260614_1051/unary-r8/ex205/official_eval/ex205_r8_descriptor_b14_optfull_aig/ex205_r8_descriptor_b14_optfull_aig.evaluate.py.log,,,,,,,,,,,,,,,,,,,,,,,,,,,,,,
unary-r8,bf16,ex205,ex205|exp_mantissa_bucket_descriptor_overlay|ex205_r8_descriptor_b15_optfull_aig|share descriptor bodies across sign/exponent keys with max-run delay guard|optfull_aig|abc_xf_official_evaluate|unary_r8,exp_mantissa_bucket_descriptor_overlay,equivalent_nonwinning,4860,16,77760,student/work/ex204_ex299_frontend_breakthrough_20260614_1051/unary-r8/ex205/verilog/ex205_r8_descriptor_b15_optfull_aig.v,student/work/ex204_ex299_frontend_breakthrough_20260614_1051/unary-r8/ex205/aigs/ex205_r8_descriptor_b15_optfull_aig.aig,student/runs/bf16/ex204_ex299_frontend_breakthrough_20260614_1051/unary-r8/ex205/official_eval/ex205_r8_descriptor_b15_optfull_aig/ex205_r8_descriptor_b15_optfull_aig.evaluate.py.log,student/frontend_campaigns/campaigns/ex204_ex299_frontend_breakthrough_20260614_1051/agent_shards/unary-r8/failed_hypotheses.csv,selected output-bit descriptor overlay with delay guard; bit=15; descriptor_groups=2; max_runs=1; total_runs=512; key_limit=512; source=student/work/ex204_ex299_frontend_breakthrough_20260614_1051/unary-r7/ex205/verilog/ex205_r7_flow_optfull_aig.v; evaluate.py exit 0; elapsed 1.286s; yosys optfull_aig exit 0; elapsed 7.361s,,,,,4860,16,77760,,,,,student/runs/bf16/ex204_ex299_frontend_breakthrough_20260614_1051/unary-r8/ex205/official_eval/ex205_r8_descriptor_b15_optfull_aig/ex205_r8_descriptor_b15_optfull_aig.evaluate.py.log,,,,,,,,,,,,,,,,,,,,,,,,,,,,,,
unary-r8,bf16,ex214,ex214|current_source_frontend_flow_probe|ex214_r8_flow_optfull_aig|preserve current source sharing; vary only Yosys frontend normalization/mapping script|optfull_aig|abc_xf_official_evaluate|unary_r8,current_source_frontend_flow_probe,equivalent_nonwinning,337,12,4044,student/work/ex204_ex299_frontend_breakthrough_20260614_1051/unary-r8/ex214/verilog/ex214_r8_flow_optfull_aig.v,student/work/ex204_ex299_frontend_breakthrough_20260614_1051/unary-r8/ex214/aigs/ex214_r8_flow_optfull_aig.aig,student/runs/bf16/ex204_ex299_frontend_breakthrough_20260614_1051/unary-r8/ex214/official_eval/ex214_r8_flow_optfull_aig/ex214_r8_flow_optfull_aig.evaluate.py.log,student/frontend_campaigns/campaigns/ex204_ex299_frontend_breakthrough_20260614_1051/agent_shards/unary-r8/failed_hypotheses.csv,current-best source copy; source=student/work/frontend_gt15_structural_round96_20260614_0651/sub-bf16-smallgap-flow-r96/ex214/verilog/ex214_r96_bf16_recip_square_bit13_exp_formula_abc_g_aig.v; evaluate.py exit 0; elapsed 0.613s; yosys optfull_aig exit 0; elapsed 16.140s,,,,,337,12,4044,,,,,student/runs/bf16/ex204_ex299_frontend_breakthrough_20260614_1051/unary-r8/ex214/official_eval/ex214_r8_flow_optfull_aig/ex214_r8_flow_optfull_aig.evaluate.py.log,,,,,,,,,,,,,,,,,,,,,,,,,,,,,,
unary-r8,bf16,ex214,ex214|current_source_frontend_flow_probe|ex214_r8_flow_muxclean_aig|preserve current source sharing; vary only Yosys frontend normalization/mapping script|muxclean_aig|abc_xf_official_evaluate|unary_r8,current_source_frontend_flow_probe,tied,324,11,3564,student/work/ex204_ex299_frontend_breakthrough_20260614_1051/unary-r8/ex214/verilog/ex214_r8_flow_muxclean_aig.v,student/work/ex204_ex299_frontend_breakthrough_20260614_1051/unary-r8/ex214/aigs/ex214_r8_flow_muxclean_aig.aig,student/runs/bf16/ex204_ex299_frontend_breakthrough_20260614_1051/unary-r8/ex214/official_eval/ex214_r8_flow_muxclean_aig/ex214_r8_flow_muxclean_aig.evaluate.py.log,student/frontend_campaigns/campaigns/ex204_ex299_frontend_breakthrough_20260614_1051/agent_shards/unary-r8/failed_hypotheses.csv,current-best source copy; source=student/work/frontend_gt15_structural_round96_20260614_0651/sub-bf16-smallgap-flow-r96/ex214/verilog/ex214_r96_bf16_recip_square_bit13_exp_formula_abc_g_aig.v; evaluate.py exit 0; elapsed 0.617s; yosys muxclean_aig exit 0; elapsed 21.568s,,,,,324,11,3564,,,,,student/runs/bf16/ex204_ex299_frontend_breakthrough_20260614_1051/unary-r8/ex214/official_eval/ex214_r8_flow_muxclean_aig/ex214_r8_flow_muxclean_aig.evaluate.py.log,,,,,,,,,,,,,,,,,,,,,,,,,,,,,,
unary-r8,bf16,ex214,ex214|current_source_caseattrs_probe|ex214_r8_caseattrs_abc_g_aig|preserve current source sharing; only expose case exclusivity hints|abc_g_aig|abc_xf_official_evaluate|unary_r8,current_source_caseattrs_probe,tied,324,11,3564,student/work/ex204_ex299_frontend_breakthrough_20260614_1051/unary-r8/ex214/verilog/ex214_r8_caseattrs_abc_g_aig.v,student/work/ex204_ex299_frontend_breakthrough_20260614_1051/unary-r8/ex214/aigs/ex214_r8_caseattrs_abc_g_aig.aig,student/runs/bf16/ex204_ex299_frontend_breakthrough_20260614_1051/unary-r8/ex214/official_eval/ex214_r8_caseattrs_abc_g_aig/ex214_r8_caseattrs_abc_g_aig.evaluate.py.log,student/frontend_campaigns/campaigns/ex204_ex299_frontend_breakthrough_20260614_1051/agent_shards/unary-r8/failed_hypotheses.csv,caseattrs current-best source copy; case_statements_annotated=1; source=student/work/frontend_gt15_structural_round96_20260614_0651/sub-bf16-smallgap-flow-r96/ex214/verilog/ex214_r96_bf16_recip_square_bit13_exp_formula_abc_g_aig.v; evaluate.py exit 0; elapsed 0.594s; yosys abc_g_aig exit 0; elapsed 17.755s,,,,,324,11,3564,,,,,student/runs/bf16/ex204_ex299_frontend_breakthrough_20260614_1051/unary-r8/ex214/official_eval/ex214_r8_caseattrs_abc_g_aig/ex214_r8_caseattrs_abc_g_aig.evaluate.py.log,,,,,,,,,,,,,,,,,,,,,,,,,,,,,,
unary-r8,bf16,ex214,ex214|split_special_normal_output_plane|ex214_r8_range_const_shell_muxclean_aig|one sign/exponent range descriptor shell; dense residual remains in current source|muxclean_aig|abc_xf_official_evaluate|unary_r8,split_special_normal_output_plane,equivalent_nonwinning,330,12,3960,student/work/ex204_ex299_frontend_breakthrough_20260614_1051/unary-r8/ex214/verilog/ex214_r8_range_const_shell_muxclean_aig.v,student/work/ex204_ex299_frontend_breakthrough_20260614_1051/unary-r8/ex214/aigs/ex214_r8_range_const_shell_muxclean_aig.aig,student/runs/bf16/ex204_ex299_frontend_breakthrough_20260614_1051/unary-r8/ex214/official_eval/ex214_r8_range_const_shell_muxclean_aig/ex214_r8_range_const_shell_muxclean_aig.evaluate.py.log,student/frontend_campaigns/campaigns/ex204_ex299_frontend_breakthrough_20260614_1051/agent_shards/unary-r8/failed_hypotheses.csv,split special/normal output plane with compact constant-key ranges; ranges=4; source=student/work/frontend_gt15_structural_round96_20260614_0651/sub-bf16-smallgap-flow-r96/ex214/verilog/ex214_r96_bf16_recip_square_bit13_exp_formula_abc_g_aig.v; evaluate.py exit 0; elapsed 0.596s; yosys muxclean_aig exit 0; elapsed 19.967s,,,,,330,12,3960,,,,,student/runs/bf16/ex204_ex299_frontend_breakthrough_20260614_1051/unary-r8/ex214/official_eval/ex214_r8_range_const_shell_muxclean_aig/ex214_r8_range_const_shell_muxclean_aig.evaluate.py.log,,,,,,,,,,,,,,,,,,,,,,,,,,,,,,
unary-r8,bf16,ex214,ex214|exp_mantissa_bucket_descriptor_overlay|ex214_r8_descriptor_b12_optfull_aig|share descriptor bodies across sign/exponent keys with max-run delay guard|optfull_aig|abc_xf_official_evaluate|unary_r8,exp_mantissa_bucket_descriptor_overlay,equivalent_nonwinning,444,11,4884,student/work/ex204_ex299_frontend_breakthrough_20260614_1051/unary-r8/ex214/verilog/ex214_r8_descriptor_b12_optfull_aig.v,student/work/ex204_ex299_frontend_breakthrough_20260614_1051/unary-r8/ex214/aigs/ex214_r8_descriptor_b12_optfull_aig.aig,student/runs/bf16/ex204_ex299_frontend_breakthrough_20260614_1051/unary-r8/ex214/official_eval/ex214_r8_descriptor_b12_optfull_aig/ex214_r8_descriptor_b12_optfull_aig.evaluate.py.log,student/frontend_campaigns/campaigns/ex204_ex299_frontend_breakthrough_20260614_1051/agent_shards/unary-r8/failed_hypotheses.csv,selected output-bit descriptor overlay with delay guard; bit=12; descriptor_groups=5; max_runs=2; total_runs=528; key_limit=512; source=student/work/frontend_gt15_structural_round96_20260614_0651/sub-bf16-smallgap-flow-r96/ex214/verilog/ex214_r96_bf16_recip_square_bit13_exp_formula_abc_g_aig.v; evaluate.py exit 0; elapsed 0.614s; yosys optfull_aig exit 0; elapsed 16.192s,,,,,444,11,4884,,,,,student/runs/bf16/ex204_ex299_frontend_breakthrough_20260614_1051/unary-r8/ex214/official_eval/ex214_r8_descriptor_b12_optfull_aig/ex214_r8_descriptor_b12_optfull_aig.evaluate.py.log,,,,,,,,,,,,,,,,,,,,,,,,,,,,,,
unary-r8,bf16,ex215,ex215|current_source_frontend_flow_probe|ex215_r8_flow_optfull_aig|preserve current source sharing; vary only Yosys frontend normalization/mapping script|optfull_aig|abc_xf_official_evaluate|unary_r8,current_source_frontend_flow_probe,equivalent_nonwinning,394,12,4728,student/work/ex204_ex299_frontend_breakthrough_20260614_1051/unary-r8/ex215/verilog/ex215_r8_flow_optfull_aig.v,student/work/ex204_ex299_frontend_breakthrough_20260614_1051/unary-r8/ex215/aigs/ex215_r8_flow_optfull_aig.aig,student/runs/bf16/ex204_ex299_frontend_breakthrough_20260614_1051/unary-r8/ex215/official_eval/ex215_r8_flow_optfull_aig/ex215_r8_flow_optfull_aig.evaluate.py.log,student/frontend_campaigns/campaigns/ex204_ex299_frontend_breakthrough_20260614_1051/agent_shards/unary-r8/failed_hypotheses.csv,current-best source copy; source=student/seeds/bf16/ex200_ex219_current/ex215/verilog/ex215_bf16_reciprocal_sqrt_delta_pair_mode_hilo3_bits_9_bh1_fix2_caseattrs_fix12.v; evaluate.py exit 0; elapsed 0.927s; yosys optfull_aig exit 0; elapsed 15.847s,,,,,394,12,4728,,,,,student/runs/bf16/ex204_ex299_frontend_breakthrough_20260614_1051/unary-r8/ex215/official_eval/ex215_r8_flow_optfull_aig/ex215_r8_flow_optfull_aig.evaluate.py.log,,,,,,,,,,,,,,,,,,,,,,,,,,,,,,
unary-r8,bf16,ex215,ex215|current_source_frontend_flow_probe|ex215_r8_flow_muxclean_aig|preserve current source sharing; vary only Yosys frontend normalization/mapping script|muxclean_aig|abc_xf_official_evaluate|unary_r8,current_source_frontend_flow_probe,equivalent_nonwinning,423,12,5076,student/work/ex204_ex299_frontend_breakthrough_20260614_1051/unary-r8/ex215/verilog/ex215_r8_flow_muxclean_aig.v,student/work/ex204_ex299_frontend_breakthrough_20260614_1051/unary-r8/ex215/aigs/ex215_r8_flow_muxclean_aig.aig,student/runs/bf16/ex204_ex299_frontend_breakthrough_20260614_1051/unary-r8/ex215/official_eval/ex215_r8_flow_muxclean_aig/ex215_r8_flow_muxclean_aig.evaluate.py.log,student/frontend_campaigns/campaigns/ex204_ex299_frontend_breakthrough_20260614_1051/agent_shards/unary-r8/failed_hypotheses.csv,current-best source copy; source=student/seeds/bf16/ex200_ex219_current/ex215/verilog/ex215_bf16_reciprocal_sqrt_delta_pair_mode_hilo3_bits_9_bh1_fix2_caseattrs_fix12.v; evaluate.py exit 0; elapsed 0.956s; yosys muxclean_aig exit 0; elapsed 14.030s,,,,,423,12,5076,,,,,student/runs/bf16/ex204_ex299_frontend_breakthrough_20260614_1051/unary-r8/ex215/official_eval/ex215_r8_flow_muxclean_aig/ex215_r8_flow_muxclean_aig.evaluate.py.log,,,,,,,,,,,,,,,,,,,,,,,,,,,,,,
unary-r8,bf16,ex215,ex215|split_special_normal_output_plane|ex215_r8_range_const_shell_muxclean_aig|one sign/exponent range descriptor shell; dense residual remains in current source|muxclean_aig|abc_xf_official_evaluate|unary_r8,split_special_normal_output_plane,equivalent_nonwinning,448,12,5376,student/work/ex204_ex299_frontend_breakthrough_20260614_1051/unary-r8/ex215/verilog/ex215_r8_range_const_shell_muxclean_aig.v,student/work/ex204_ex299_frontend_breakthrough_20260614_1051/unary-r8/ex215/aigs/ex215_r8_range_const_shell_muxclean_aig.aig,student/runs/bf16/ex204_ex299_frontend_breakthrough_20260614_1051/unary-r8/ex215/official_eval/ex215_r8_range_const_shell_muxclean_aig/ex215_r8_range_const_shell_muxclean_aig.evaluate.py.log,student/frontend_campaigns/campaigns/ex204_ex299_frontend_breakthrough_20260614_1051/agent_shards/unary-r8/failed_hypotheses.csv,split special/normal output plane with compact constant-key ranges; ranges=3; source=student/seeds/bf16/ex200_ex219_current/ex215/verilog/ex215_bf16_reciprocal_sqrt_delta_pair_mode_hilo3_bits_9_bh1_fix2_caseattrs_fix12.v; evaluate.py exit 0; elapsed 0.842s; yosys muxclean_aig exit 0; elapsed 12.181s,,,,,448,12,5376,,,,,student/runs/bf16/ex204_ex299_frontend_breakthrough_20260614_1051/unary-r8/ex215/official_eval/ex215_r8_range_const_shell_muxclean_aig/ex215_r8_range_const_shell_muxclean_aig.evaluate.py.log,,,,,,,,,,,,,,,,,,,,,,,,,,,,,,
unary-r8,bf16,ex215,ex215|exp_mantissa_bucket_descriptor_overlay|ex215_r8_descriptor_b13_optfull_aig|share descriptor bodies across sign/exponent keys with max-run delay guard|optfull_aig|abc_xf_official_evaluate|unary_r8,exp_mantissa_bucket_descriptor_overlay,equivalent_nonwinning,586,13,7618,student/work/ex204_ex299_frontend_breakthrough_20260614_1051/unary-r8/ex215/verilog/ex215_r8_descriptor_b13_optfull_aig.v,student/work/ex204_ex299_frontend_breakthrough_20260614_1051/unary-r8/ex215/aigs/ex215_r8_descriptor_b13_optfull_aig.aig,student/runs/bf16/ex204_ex299_frontend_breakthrough_20260614_1051/unary-r8/ex215/official_eval/ex215_r8_descriptor_b13_optfull_aig/ex215_r8_descriptor_b13_optfull_aig.evaluate.py.log,student/frontend_campaigns/campaigns/ex204_ex299_frontend_breakthrough_20260614_1051/agent_shards/unary-r8/failed_hypotheses.csv,selected output-bit descriptor overlay with delay guard; bit=13; descriptor_groups=4; max_runs=2; total_runs=515; key_limit=512; source=student/seeds/bf16/ex200_ex219_current/ex215/verilog/ex215_bf16_reciprocal_sqrt_delta_pair_mode_hilo3_bits_9_bh1_fix2_caseattrs_fix12.v; evaluate.py exit 0; elapsed 0.820s; yosys optfull_aig exit 0; elapsed 13.715s,,,,,586,13,7618,,,,,student/runs/bf16/ex204_ex299_frontend_breakthrough_20260614_1051/unary-r8/ex215/official_eval/ex215_r8_descriptor_b13_optfull_aig/ex215_r8_descriptor_b13_optfull_aig.evaluate.py.log,,,,,,,,,,,,,,,,,,,,,,,,,,,,,,
unary-r8,bf16,ex216,ex216|current_source_frontend_flow_probe|ex216_r8_flow_optfull_aig|preserve current source sharing; vary only Yosys frontend normalization/mapping script|optfull_aig|abc_xf_official_evaluate|unary_r8,current_source_frontend_flow_probe,equivalent_nonwinning,435,14,6090,student/work/ex204_ex299_frontend_breakthrough_20260614_1051/unary-r8/ex216/verilog/ex216_r8_flow_optfull_aig.v,student/work/ex204_ex299_frontend_breakthrough_20260614_1051/unary-r8/ex216/aigs/ex216_r8_flow_optfull_aig.aig,student/runs/bf16/ex204_ex299_frontend_breakthrough_20260614_1051/unary-r8/ex216/official_eval/ex216_r8_flow_optfull_aig/ex216_r8_flow_optfull_aig.evaluate.py.log,student/frontend_campaigns/campaigns/ex204_ex299_frontend_breakthrough_20260614_1051/agent_shards/unary-r8/failed_hypotheses.csv,current-best source copy; source=student/work/ex204_ex299_frontend_breakthrough_20260614_1051/unary-struct-r4/ex216/verilog/ex216_r4_current_source_abc_g_aig.v; evaluate.py exit 0; elapsed 0.568s; yosys optfull_aig exit 0; elapsed 8.151s,,,,,435,14,6090,,,,,student/runs/bf16/ex204_ex299_frontend_breakthrough_20260614_1051/unary-r8/ex216/official_eval/ex216_r8_flow_optfull_aig/ex216_r8_flow_optfull_aig.evaluate.py.log,,,,,,,,,,,,,,,,,,,,,,,,,,,,,,
unary-r8,bf16,ex216,ex216|current_source_frontend_flow_probe|ex216_r8_flow_muxclean_aig|preserve current source sharing; vary only Yosys frontend normalization/mapping script|muxclean_aig|abc_xf_official_evaluate|unary_r8,current_source_frontend_flow_probe,tied,440,13,5720,student/work/ex204_ex299_frontend_breakthrough_20260614_1051/unary-r8/ex216/verilog/ex216_r8_flow_muxclean_aig.v,student/work/ex204_ex299_frontend_breakthrough_20260614_1051/unary-r8/ex216/aigs/ex216_r8_flow_muxclean_aig.aig,student/runs/bf16/ex204_ex299_frontend_breakthrough_20260614_1051/unary-r8/ex216/official_eval/ex216_r8_flow_muxclean_aig/ex216_r8_flow_muxclean_aig.evaluate.py.log,student/frontend_campaigns/campaigns/ex204_ex299_frontend_breakthrough_20260614_1051/agent_shards/unary-r8/failed_hypotheses.csv,current-best source copy; source=student/work/ex204_ex299_frontend_breakthrough_20260614_1051/unary-struct-r4/ex216/verilog/ex216_r4_current_source_abc_g_aig.v; evaluate.py exit 0; elapsed 0.554s; yosys muxclean_aig exit 0; elapsed 11.772s,,,,,440,13,5720,,,,,student/runs/bf16/ex204_ex299_frontend_breakthrough_20260614_1051/unary-r8/ex216/official_eval/ex216_r8_flow_muxclean_aig/ex216_r8_flow_muxclean_aig.evaluate.py.log,,,,,,,,,,,,,,,,,,,,,,,,,,,,,,
unary-r8,bf16,ex216,ex216|current_source_caseattrs_probe|ex216_r8_caseattrs_abc_g_aig|preserve current source sharing; only expose case exclusivity hints|abc_g_aig|abc_xf_official_evaluate|unary_r8,current_source_caseattrs_probe,tied,440,13,5720,student/work/ex204_ex299_frontend_breakthrough_20260614_1051/unary-r8/ex216/verilog/ex216_r8_caseattrs_abc_g_aig.v,student/work/ex204_ex299_frontend_breakthrough_20260614_1051/unary-r8/ex216/aigs/ex216_r8_caseattrs_abc_g_aig.aig,student/runs/bf16/ex204_ex299_frontend_breakthrough_20260614_1051/unary-r8/ex216/official_eval/ex216_r8_caseattrs_abc_g_aig/ex216_r8_caseattrs_abc_g_aig.evaluate.py.log,student/frontend_campaigns/campaigns/ex204_ex299_frontend_breakthrough_20260614_1051/agent_shards/unary-r8/failed_hypotheses.csv,caseattrs current-best source copy; case_statements_annotated=0; source=student/work/ex204_ex299_frontend_breakthrough_20260614_1051/unary-struct-r4/ex216/verilog/ex216_r4_current_source_abc_g_aig.v; evaluate.py exit 0; elapsed 0.556s; yosys abc_g_aig exit 0; elapsed 9.258s,,,,,440,13,5720,,,,,student/runs/bf16/ex204_ex299_frontend_breakthrough_20260614_1051/unary-r8/ex216/official_eval/ex216_r8_caseattrs_abc_g_aig/ex216_r8_caseattrs_abc_g_aig.evaluate.py.log,,,,,,,,,,,,,,,,,,,,,,,,,,,,,,
unary-r8,bf16,ex216,ex216|split_special_normal_output_plane|ex216_r8_range_const_shell_muxclean_aig|one sign/exponent range descriptor shell; dense residual remains in current source|muxclean_aig|abc_xf_official_evaluate|unary_r8,split_special_normal_output_plane,equivalent_nonwinning,454,14,6356,student/work/ex204_ex299_frontend_breakthrough_20260614_1051/unary-r8/ex216/verilog/ex216_r8_range_const_shell_muxclean_aig.v,student/work/ex204_ex299_frontend_breakthrough_20260614_1051/unary-r8/ex216/aigs/ex216_r8_range_const_shell_muxclean_aig.aig,student/runs/bf16/ex204_ex299_frontend_breakthrough_20260614_1051/unary-r8/ex216/official_eval/ex216_r8_range_const_shell_muxclean_aig/ex216_r8_range_const_shell_muxclean_aig.evaluate.py.log,student/frontend_campaigns/campaigns/ex204_ex299_frontend_breakthrough_20260614_1051/agent_shards/unary-r8/failed_hypotheses.csv,split special/normal output plane with compact constant-key ranges; ranges=4; source=student/work/ex204_ex299_frontend_breakthrough_20260614_1051/unary-struct-r4/ex216/verilog/ex216_r4_current_source_abc_g_aig.v; evaluate.py exit 0; elapsed 0.594s; yosys muxclean_aig exit 0; elapsed 10.533s,,,,,454,14,6356,,,,,student/runs/bf16/ex204_ex299_frontend_breakthrough_20260614_1051/unary-r8/ex216/official_eval/ex216_r8_range_const_shell_muxclean_aig/ex216_r8_range_const_shell_muxclean_aig.evaluate.py.log,,,,,,,,,,,,,,,,,,,,,,,,,,,,,,
unary-r8,bf16,ex216,ex216|exp_mantissa_bucket_descriptor_overlay|ex216_r8_descriptor_b13_optfull_aig|share descriptor bodies across sign/exponent keys with max-run delay guard|optfull_aig|abc_xf_official_evaluate|unary_r8,exp_mantissa_bucket_descriptor_overlay,equivalent_nonwinning,461,15,6915,student/work/ex204_ex299_frontend_breakthrough_20260614_1051/unary-r8/ex216/verilog/ex216_r8_descriptor_b13_optfull_aig.v,student/work/ex204_ex299_frontend_breakthrough_20260614_1051/unary-r8/ex216/aigs/ex216_r8_descriptor_b13_optfull_aig.aig,student/runs/bf16/ex204_ex299_frontend_breakthrough_20260614_1051/unary-r8/ex216/official_eval/ex216_r8_descriptor_b13_optfull_aig/ex216_r8_descriptor_b13_optfull_aig.evaluate.py.log,student/frontend_campaigns/campaigns/ex204_ex299_frontend_breakthrough_20260614_1051/agent_shards/unary-r8/failed_hypotheses.csv,selected output-bit descriptor overlay with delay guard; bit=13; descriptor_groups=4; max_runs=2; total_runs=516; key_limit=512; source=student/work/ex204_ex299_frontend_breakthrough_20260614_1051/unary-struct-r4/ex216/verilog/ex216_r4_current_source_abc_g_aig.v; evaluate.py exit 0; elapsed 0.601s; yosys optfull_aig exit 0; elapsed 8.919s,,,,,461,15,6915,,,,,student/runs/bf16/ex204_ex299_frontend_breakthrough_20260614_1051/unary-r8/ex216/official_eval/ex216_r8_descriptor_b13_optfull_aig/ex216_r8_descriptor_b13_optfull_aig.evaluate.py.log,,,,,,,,,,,,,,,,,,,,,,,,,,,,,,
unary-r8,bf16,ex218,ex218|current_source_frontend_flow_probe|ex218_r8_flow_optfull_aig|preserve current source sharing; vary only Yosys frontend normalization/mapping script|optfull_aig|abc_xf_official_evaluate|unary_r8,current_source_frontend_flow_probe,equivalent_nonwinning,464,15,6960,student/work/ex204_ex299_frontend_breakthrough_20260614_1051/unary-r8/ex218/verilog/ex218_r8_flow_optfull_aig.v,student/work/ex204_ex299_frontend_breakthrough_20260614_1051/unary-r8/ex218/aigs/ex218_r8_flow_optfull_aig.aig,student/runs/bf16/ex204_ex299_frontend_breakthrough_20260614_1051/unary-r8/ex218/official_eval/ex218_r8_flow_optfull_aig/ex218_r8_flow_optfull_aig.evaluate.py.log,student/frontend_campaigns/campaigns/ex204_ex299_frontend_breakthrough_20260614_1051/agent_shards/unary-r8/failed_hypotheses.csv,current-best source copy; source=student/work/ex200_ex299_frontend_refgap_round19_20260612_2346/fpbf-existing-r19/ex218/verilog/ex218_bf16_reciprocal_cube_field_selector_abcgaig_r19.v; evaluate.py exit 0; elapsed 0.553s; yosys optfull_aig exit 0; elapsed 12.837s,,,,,464,15,6960,,,,,student/runs/bf16/ex204_ex299_frontend_breakthrough_20260614_1051/unary-r8/ex218/official_eval/ex218_r8_flow_optfull_aig/ex218_r8_flow_optfull_aig.evaluate.py.log,,,,,,,,,,,,,,,,,,,,,,,,,,,,,,
unary-r8,bf16,ex218,ex218|current_source_frontend_flow_probe|ex218_r8_flow_muxclean_aig|preserve current source sharing; vary only Yosys frontend normalization/mapping script|muxclean_aig|abc_xf_official_evaluate|unary_r8,current_source_frontend_flow_probe,tied,457,13,5941,student/work/ex204_ex299_frontend_breakthrough_20260614_1051/unary-r8/ex218/verilog/ex218_r8_flow_muxclean_aig.v,student/work/ex204_ex299_frontend_breakthrough_20260614_1051/unary-r8/ex218/aigs/ex218_r8_flow_muxclean_aig.aig,student/runs/bf16/ex204_ex299_frontend_breakthrough_20260614_1051/unary-r8/ex218/official_eval/ex218_r8_flow_muxclean_aig/ex218_r8_flow_muxclean_aig.evaluate.py.log,student/frontend_campaigns/campaigns/ex204_ex299_frontend_breakthrough_20260614_1051/agent_shards/unary-r8/failed_hypotheses.csv,current-best source copy; source=student/work/ex200_ex299_frontend_refgap_round19_20260612_2346/fpbf-existing-r19/ex218/verilog/ex218_bf16_reciprocal_cube_field_selector_abcgaig_r19.v; evaluate.py exit 0; elapsed 0.523s; yosys muxclean_aig exit 0; elapsed 18.940s,,,,,457,13,5941,,,,,student/runs/bf16/ex204_ex299_frontend_breakthrough_20260614_1051/unary-r8/ex218/official_eval/ex218_r8_flow_muxclean_aig/ex218_r8_flow_muxclean_aig.evaluate.py.log,,,,,,,,,,,,,,,,,,,,,,,,,,,,,,
unary-r8,bf16,ex218,ex218|current_source_caseattrs_probe|ex218_r8_caseattrs_abc_g_aig|preserve current source sharing; only expose case exclusivity hints|abc_g_aig|abc_xf_official_evaluate|unary_r8,current_source_caseattrs_probe,tied,457,13,5941,student/work/ex204_ex299_frontend_breakthrough_20260614_1051/unary-r8/ex218/verilog/ex218_r8_caseattrs_abc_g_aig.v,student/work/ex204_ex299_frontend_breakthrough_20260614_1051/unary-r8/ex218/aigs/ex218_r8_caseattrs_abc_g_aig.aig,student/runs/bf16/ex204_ex299_frontend_breakthrough_20260614_1051/unary-r8/ex218/official_eval/ex218_r8_caseattrs_abc_g_aig/ex218_r8_caseattrs_abc_g_aig.evaluate.py.log,student/frontend_campaigns/campaigns/ex204_ex299_frontend_breakthrough_20260614_1051/agent_shards/unary-r8/failed_hypotheses.csv,caseattrs current-best source copy; case_statements_annotated=0; source=student/work/ex200_ex299_frontend_refgap_round19_20260612_2346/fpbf-existing-r19/ex218/verilog/ex218_bf16_reciprocal_cube_field_selector_abcgaig_r19.v; evaluate.py exit 0; elapsed 0.545s; yosys abc_g_aig exit 0; elapsed 19.265s,,,,,457,13,5941,,,,,student/runs/bf16/ex204_ex299_frontend_breakthrough_20260614_1051/unary-r8/ex218/official_eval/ex218_r8_caseattrs_abc_g_aig/ex218_r8_caseattrs_abc_g_aig.evaluate.py.log,,,,,,,,,,,,,,,,,,,,,,,,,,,,,,
unary-r8,bf16,ex218,ex218|split_special_normal_output_plane|ex218_r8_range_const_shell_muxclean_aig|one sign/exponent range descriptor shell; dense residual remains in current source|muxclean_aig|abc_xf_official_evaluate|unary_r8,split_special_normal_output_plane,equivalent_nonwinning,466,15,6990,student/work/ex204_ex299_frontend_breakthrough_20260614_1051/unary-r8/ex218/verilog/ex218_r8_range_const_shell_muxclean_aig.v,student/work/ex204_ex299_frontend_breakthrough_20260614_1051/unary-r8/ex218/aigs/ex218_r8_range_const_shell_muxclean_aig.aig,student/runs/bf16/ex204_ex299_frontend_breakthrough_20260614_1051/unary-r8/ex218/official_eval/ex218_r8_range_const_shell_muxclean_aig/ex218_r8_range_const_shell_muxclean_aig.evaluate.py.log,student/frontend_campaigns/campaigns/ex204_ex299_frontend_breakthrough_20260614_1051/agent_shards/unary-r8/failed_hypotheses.csv,split special/normal output plane with compact constant-key ranges; ranges=4; source=student/work/ex200_ex299_frontend_refgap_round19_20260612_2346/fpbf-existing-r19/ex218/verilog/ex218_bf16_reciprocal_cube_field_selector_abcgaig_r19.v; evaluate.py exit 0; elapsed 0.512s; yosys muxclean_aig exit 0; elapsed 19.229s,,,,,466,15,6990,,,,,student/runs/bf16/ex204_ex299_frontend_breakthrough_20260614_1051/unary-r8/ex218/official_eval/ex218_r8_range_const_shell_muxclean_aig/ex218_r8_range_const_shell_muxclean_aig.evaluate.py.log,,,,,,,,,,,,,,,,,,,,,,,,,,,,,,
unary-r8,bf16,ex218,ex218|exp_mantissa_bucket_descriptor_overlay|ex218_r8_descriptor_b8_optfull_aig|share descriptor bodies across sign/exponent keys with max-run delay guard|optfull_aig|abc_xf_official_evaluate|unary_r8,exp_mantissa_bucket_descriptor_overlay,equivalent_nonwinning,586,15,8790,student/work/ex204_ex299_frontend_breakthrough_20260614_1051/unary-r8/ex218/verilog/ex218_r8_descriptor_b8_optfull_aig.v,student/work/ex204_ex299_frontend_breakthrough_20260614_1051/unary-r8/ex218/aigs/ex218_r8_descriptor_b8_optfull_aig.aig,student/runs/bf16/ex204_ex299_frontend_breakthrough_20260614_1051/unary-r8/ex218/official_eval/ex218_r8_descriptor_b8_optfull_aig/ex218_r8_descriptor_b8_optfull_aig.evaluate.py.log,student/frontend_campaigns/campaigns/ex204_ex299_frontend_breakthrough_20260614_1051/agent_shards/unary-r8/failed_hypotheses.csv,selected output-bit descriptor overlay with delay guard; bit=8; descriptor_groups=8; max_runs=3; total_runs=768; key_limit=512; source=student/work/ex200_ex299_frontend_refgap_round19_20260612_2346/fpbf-existing-r19/ex218/verilog/ex218_bf16_reciprocal_cube_field_selector_abcgaig_r19.v; evaluate.py exit 0; elapsed 0.529s; yosys optfull_aig exit 0; elapsed 13.477s,,,,,586,15,8790,,,,,student/runs/bf16/ex204_ex299_frontend_breakthrough_20260614_1051/unary-r8/ex218/official_eval/ex218_r8_descriptor_b8_optfull_aig/ex218_r8_descriptor_b8_optfull_aig.evaluate.py.log,,,,,,,,,,,,,,,,,,,,,,,,,,,,,,
unary-r8,bf16,ex219,ex219|current_source_frontend_flow_probe|ex219_r8_flow_optfull_aig|preserve current source sharing; vary only Yosys frontend normalization/mapping script|optfull_aig|abc_xf_official_evaluate|unary_r8,current_source_frontend_flow_probe,equivalent_nonwinning,674,14,9436,student/work/ex204_ex299_frontend_breakthrough_20260614_1051/unary-r8/ex219/verilog/ex219_r8_flow_optfull_aig.v,student/work/ex204_ex299_frontend_breakthrough_20260614_1051/unary-r8/ex219/aigs/ex219_r8_flow_optfull_aig.aig,student/runs/bf16/ex204_ex299_frontend_breakthrough_20260614_1051/unary-r8/ex219/official_eval/ex219_r8_flow_optfull_aig/ex219_r8_flow_optfull_aig.evaluate.py.log,student/frontend_campaigns/campaigns/ex204_ex299_frontend_breakthrough_20260614_1051/agent_shards/unary-r8/failed_hypotheses.csv,current-best source copy; source=student/work/ex204_ex299_frontend_breakthrough_20260614_1051/unary-struct-r4/ex219/verilog/ex219_r4_current_source_abc_g_aig.v; evaluate.py exit 0; elapsed 1.219s; yosys optfull_aig exit 0; elapsed 13.540s,,,,,674,14,9436,,,,,student/runs/bf16/ex204_ex299_frontend_breakthrough_20260614_1051/unary-r8/ex219/official_eval/ex219_r8_flow_optfull_aig/ex219_r8_flow_optfull_aig.evaluate.py.log,,,,,,,,,,,,,,,,,,,,,,,,,,,,,,
unary-r8,bf16,ex219,ex219|current_source_frontend_flow_probe|ex219_r8_flow_muxclean_aig|preserve current source sharing; vary only Yosys frontend normalization/mapping script|muxclean_aig|abc_xf_official_evaluate|unary_r8,current_source_frontend_flow_probe,equivalent_nonwinning,713,14,9982,student/work/ex204_ex299_frontend_breakthrough_20260614_1051/unary-r8/ex219/verilog/ex219_r8_flow_muxclean_aig.v,student/work/ex204_ex299_frontend_breakthrough_20260614_1051/unary-r8/ex219/aigs/ex219_r8_flow_muxclean_aig.aig,student/runs/bf16/ex204_ex299_frontend_breakthrough_20260614_1051/unary-r8/ex219/official_eval/ex219_r8_flow_muxclean_aig/ex219_r8_flow_muxclean_aig.evaluate.py.log,student/frontend_campaigns/campaigns/ex204_ex299_frontend_breakthrough_20260614_1051/agent_shards/unary-r8/failed_hypotheses.csv,current-best source copy; source=student/work/ex204_ex299_frontend_breakthrough_20260614_1051/unary-struct-r4/ex219/verilog/ex219_r4_current_source_abc_g_aig.v; evaluate.py exit 0; elapsed 1.304s; yosys muxclean_aig exit 0; elapsed 13.195s,,,,,713,14,9982,,,,,student/runs/bf16/ex204_ex299_frontend_breakthrough_20260614_1051/unary-r8/ex219/official_eval/ex219_r8_flow_muxclean_aig/ex219_r8_flow_muxclean_aig.evaluate.py.log,,,,,,,,,,,,,,,,,,,,,,,,,,,,,,
unary-r8,bf16,ex219,ex219|current_source_caseattrs_probe|ex219_r8_caseattrs_abc_g_aig|preserve current source sharing; only expose case exclusivity hints|abc_g_aig|abc_xf_official_evaluate|unary_r8,current_source_caseattrs_probe,tied,657,13,8541,student/work/ex204_ex299_frontend_breakthrough_20260614_1051/unary-r8/ex219/verilog/ex219_r8_caseattrs_abc_g_aig.v,student/work/ex204_ex299_frontend_breakthrough_20260614_1051/unary-r8/ex219/aigs/ex219_r8_caseattrs_abc_g_aig.aig,student/runs/bf16/ex204_ex299_frontend_breakthrough_20260614_1051/unary-r8/ex219/official_eval/ex219_r8_caseattrs_abc_g_aig/ex219_r8_caseattrs_abc_g_aig.evaluate.py.log,student/frontend_campaigns/campaigns/ex204_ex299_frontend_breakthrough_20260614_1051/agent_shards/unary-r8/failed_hypotheses.csv,caseattrs current-best source copy; case_statements_annotated=2291; source=student/work/ex204_ex299_frontend_breakthrough_20260614_1051/unary-struct-r4/ex219/verilog/ex219_r4_current_source_abc_g_aig.v; evaluate.py exit 0; elapsed 1.270s; yosys abc_g_aig exit 0; elapsed 12.045s,,,,,657,13,8541,,,,,student/runs/bf16/ex204_ex299_frontend_breakthrough_20260614_1051/unary-r8/ex219/official_eval/ex219_r8_caseattrs_abc_g_aig/ex219_r8_caseattrs_abc_g_aig.evaluate.py.log,,,,,,,,,,,,,,,,,,,,,,,,,,,,,,
unary-r8,bf16,ex219,ex219|split_special_normal_output_plane|ex219_r8_range_const_shell_muxclean_aig|one sign/exponent range descriptor shell; dense residual remains in current source|muxclean_aig|abc_xf_official_evaluate|unary_r8,split_special_normal_output_plane,equivalent_nonwinning,710,14,9940,student/work/ex204_ex299_frontend_breakthrough_20260614_1051/unary-r8/ex219/verilog/ex219_r8_range_const_shell_muxclean_aig.v,student/work/ex204_ex299_frontend_breakthrough_20260614_1051/unary-r8/ex219/aigs/ex219_r8_range_const_shell_muxclean_aig.aig,student/runs/bf16/ex204_ex299_frontend_breakthrough_20260614_1051/unary-r8/ex219/official_eval/ex219_r8_range_const_shell_muxclean_aig/ex219_r8_range_const_shell_muxclean_aig.evaluate.py.log,student/frontend_campaigns/campaigns/ex204_ex299_frontend_breakthrough_20260614_1051/agent_shards/unary-r8/failed_hypotheses.csv,split special/normal output plane with compact constant-key ranges; ranges=2; source=student/work/ex204_ex299_frontend_breakthrough_20260614_1051/unary-struct-r4/ex219/verilog/ex219_r4_current_source_abc_g_aig.v; evaluate.py exit 0; elapsed 1.251s; yosys muxclean_aig exit 0; elapsed 14.300s,,,,,710,14,9940,,,,,student/runs/bf16/ex204_ex299_frontend_breakthrough_20260614_1051/unary-r8/ex219/official_eval/ex219_r8_range_const_shell_muxclean_aig/ex219_r8_range_const_shell_muxclean_aig.evaluate.py.log,,,,,,,,,,,,,,,,,,,,,,,,,,,,,,
unary-r8,bf16,ex219,ex219|exp_mantissa_bucket_descriptor_overlay|ex219_r8_descriptor_b5_optfull_aig|share descriptor bodies across sign/exponent keys with max-run delay guard|optfull_aig|abc_xf_official_evaluate|unary_r8,exp_mantissa_bucket_descriptor_overlay,equivalent_nonwinning,824,15,12360,student/work/ex204_ex299_frontend_breakthrough_20260614_1051/unary-r8/ex219/verilog/ex219_r8_descriptor_b5_optfull_aig.v,student/work/ex204_ex299_frontend_breakthrough_20260614_1051/unary-r8/ex219/aigs/ex219_r8_descriptor_b5_optfull_aig.aig,student/runs/bf16/ex204_ex299_frontend_breakthrough_20260614_1051/unary-r8/ex219/official_eval/ex219_r8_descriptor_b5_optfull_aig/ex219_r8_descriptor_b5_optfull_aig.evaluate.py.log,student/frontend_campaigns/campaigns/ex204_ex299_frontend_breakthrough_20260614_1051/agent_shards/unary-r8/failed_hypotheses.csv,selected output-bit descriptor overlay with delay guard; bit=5; descriptor_groups=4; max_runs=3; total_runs=1190; key_limit=512; source=student/work/ex204_ex299_frontend_breakthrough_20260614_1051/unary-struct-r4/ex219/verilog/ex219_r4_current_source_abc_g_aig.v; evaluate.py exit 0; elapsed 1.178s; yosys optfull_aig exit 0; elapsed 15.368s,,,,,824,15,12360,,,,,student/runs/bf16/ex204_ex299_frontend_breakthrough_20260614_1051/unary-r8/ex219/official_eval/ex219_r8_descriptor_b5_optfull_aig/ex219_r8_descriptor_b5_optfull_aig.evaluate.py.log,,,,,,,,,,,,,,,,,,,,,,,,,,,,,,
unary-r8,fp16,ex223,ex223|current_source_frontend_flow_probe|ex223_r8_flow_optfull_aig|preserve current source sharing; vary only Yosys frontend normalization/mapping script|optfull_aig|abc_xf_official_evaluate|unary_r8,current_source_frontend_flow_probe,equivalent_nonwinning,10734,19,203946,student/work/ex204_ex299_frontend_breakthrough_20260614_1051/unary-r8/ex223/verilog/ex223_r8_flow_optfull_aig.v,student/work/ex204_ex299_frontend_breakthrough_20260614_1051/unary-r8/ex223/aigs/ex223_r8_flow_optfull_aig.aig,student/runs/fp16/ex204_ex299_frontend_breakthrough_20260614_1051/unary-r8/ex223/official_eval/ex223_r8_flow_optfull_aig/ex223_r8_flow_optfull_aig.evaluate.py.log,student/frontend_campaigns/campaigns/ex204_ex299_frontend_breakthrough_20260614_1051/agent_shards/unary-r8/failed_hypotheses.csv,current-best source copy; source=student/work/frontend_truthroot_parallel_round86_20260613_2221/sub-fp16-int-root-r86/ex223/verilog/ex223_r86_truthroot_bit11.v; evaluate.py exit 0; elapsed 1.592s; yosys optfull_aig exit 0; elapsed 13.687s,,,,,10734,19,203946,,,,,student/runs/fp16/ex204_ex299_frontend_breakthrough_20260614_1051/unary-r8/ex223/official_eval/ex223_r8_flow_optfull_aig/ex223_r8_flow_optfull_aig.evaluate.py.log,,,,,,,,,,,,,,,,,,,,,,,,,,,,,,
unary-r8,fp16,ex223,ex223|current_source_frontend_flow_probe|ex223_r8_flow_muxclean_aig|preserve current source sharing; vary only Yosys frontend normalization/mapping script|muxclean_aig|abc_xf_official_evaluate|unary_r8,current_source_frontend_flow_probe,equivalent_nonwinning,10724,19,203756,student/work/ex204_ex299_frontend_breakthrough_20260614_1051/unary-r8/ex223/verilog/ex223_r8_flow_muxclean_aig.v,student/work/ex204_ex299_frontend_breakthrough_20260614_1051/unary-r8/ex223/aigs/ex223_r8_flow_muxclean_aig.aig,student/runs/fp16/ex204_ex299_frontend_breakthrough_20260614_1051/unary-r8/ex223/official_eval/ex223_r8_flow_muxclean_aig/ex223_r8_flow_muxclean_aig.evaluate.py.log,student/frontend_campaigns/campaigns/ex204_ex299_frontend_breakthrough_20260614_1051/agent_shards/unary-r8/failed_hypotheses.csv,current-best source copy; source=student/work/frontend_truthroot_parallel_round86_20260613_2221/sub-fp16-int-root-r86/ex223/verilog/ex223_r86_truthroot_bit11.v; evaluate.py exit 0; elapsed 1.523s; yosys muxclean_aig exit 0; elapsed 12.710s,,,,,10724,19,203756,,,,,student/runs/fp16/ex204_ex299_frontend_breakthrough_20260614_1051/unary-r8/ex223/official_eval/ex223_r8_flow_muxclean_aig/ex223_r8_flow_muxclean_aig.evaluate.py.log,,,,,,,,,,,,,,,,,,,,,,,,,,,,,,
unary-r8,fp16,ex223,ex223|current_source_caseattrs_probe|ex223_r8_caseattrs_abc_g_aig|preserve current source sharing; only expose case exclusivity hints|abc_g_aig|abc_xf_official_evaluate|unary_r8,current_source_caseattrs_probe,equivalent_nonwinning,10724,19,203756,student/work/ex204_ex299_frontend_breakthrough_20260614_1051/unary-r8/ex223/verilog/ex223_r8_caseattrs_abc_g_aig.v,student/work/ex204_ex299_frontend_breakthrough_20260614_1051/unary-r8/ex223/aigs/ex223_r8_caseattrs_abc_g_aig.aig,student/runs/fp16/ex204_ex299_frontend_breakthrough_20260614_1051/unary-r8/ex223/official_eval/ex223_r8_caseattrs_abc_g_aig/ex223_r8_caseattrs_abc_g_aig.evaluate.py.log,student/frontend_campaigns/campaigns/ex204_ex299_frontend_breakthrough_20260614_1051/agent_shards/unary-r8/failed_hypotheses.csv,caseattrs current-best source copy; case_statements_annotated=994; source=student/work/frontend_truthroot_parallel_round86_20260613_2221/sub-fp16-int-root-r86/ex223/verilog/ex223_r86_truthroot_bit11.v; evaluate.py exit 0; elapsed 1.631s; yosys abc_g_aig exit 0; elapsed 13.602s,,,,,10724,19,203756,,,,,student/runs/fp16/ex204_ex299_frontend_breakthrough_20260614_1051/unary-r8/ex223/official_eval/ex223_r8_caseattrs_abc_g_aig/ex223_r8_caseattrs_abc_g_aig.evaluate.py.log,,,,,,,,,,,,,,,,,,,,,,,,,,,,,,
unary-r8,fp16,ex223,ex223|current_source_caseattrs_probe|ex223_r8_caseattrs_optfull_aig|preserve current source sharing; combine case exclusivity hints with opt -full normalization|optfull_aig|abc_xf_official_evaluate|unary_r8,current_source_caseattrs_probe,equivalent_nonwinning,10734,19,203946,student/work/ex204_ex299_frontend_breakthrough_20260614_1051/unary-r8/ex223/verilog/ex223_r8_caseattrs_optfull_aig.v,student/work/ex204_ex299_frontend_breakthrough_20260614_1051/unary-r8/ex223/aigs/ex223_r8_caseattrs_optfull_aig.aig,student/runs/fp16/ex204_ex299_frontend_breakthrough_20260614_1051/unary-r8/ex223/official_eval/ex223_r8_caseattrs_optfull_aig/ex223_r8_caseattrs_optfull_aig.evaluate.py.log,student/frontend_campaigns/campaigns/ex204_ex299_frontend_breakthrough_20260614_1051/agent_shards/unary-r8/failed_hypotheses.csv,caseattrs current-best source copy; case_statements_annotated=994; source=student/work/frontend_truthroot_parallel_round86_20260613_2221/sub-fp16-int-root-r86/ex223/verilog/ex223_r86_truthroot_bit11.v; evaluate.py exit 0; elapsed 1.674s; yosys optfull_aig exit 0; elapsed 13.804s,,,,,10734,19,203946,,,,,student/runs/fp16/ex204_ex299_frontend_breakthrough_20260614_1051/unary-r8/ex223/official_eval/ex223_r8_caseattrs_optfull_aig/ex223_r8_caseattrs_optfull_aig.evaluate.py.log,,,,,,,,,,,,,,,,,,,,,,,,,,,,,,
unary-r8,fp16,ex223,ex223|split_special_normal_output_plane|ex223_r8_range_const_shell_muxclean_aig|one sign/exponent range descriptor shell; dense residual remains in current source|muxclean_aig|abc_xf_official_evaluate|unary_r8,split_special_normal_output_plane,equivalent_nonwinning,10773,19,204687,student/work/ex204_ex299_frontend_breakthrough_20260614_1051/unary-r8/ex223/verilog/ex223_r8_range_const_shell_muxclean_aig.v,student/work/ex204_ex299_frontend_breakthrough_20260614_1051/unary-r8/ex223/aigs/ex223_r8_range_const_shell_muxclean_aig.aig,student/runs/fp16/ex204_ex299_frontend_breakthrough_20260614_1051/unary-r8/ex223/official_eval/ex223_r8_range_const_shell_muxclean_aig/ex223_r8_range_const_shell_muxclean_aig.evaluate.py.log,student/frontend_campaigns/campaigns/ex204_ex299_frontend_breakthrough_20260614_1051/agent_shards/unary-r8/failed_hypotheses.csv,split special/normal output plane with compact constant-key ranges; ranges=3; source=student/work/frontend_truthroot_parallel_round86_20260613_2221/sub-fp16-int-root-r86/ex223/verilog/ex223_r86_truthroot_bit11.v; evaluate.py exit 0; elapsed 1.662s; yosys muxclean_aig exit 0; elapsed 13.403s,,,,,10773,19,204687,,,,,student/runs/fp16/ex204_ex299_frontend_breakthrough_20260614_1051/unary-r8/ex223/official_eval/ex223_r8_range_const_shell_muxclean_aig/ex223_r8_range_const_shell_muxclean_aig.evaluate.py.log,,,,,,,,,,,,,,,,,,,,,,,,,,,,,,
unary-r8,fp16,ex223,ex223|exp_mantissa_bucket_descriptor_overlay|ex223_r8_descriptor_b14_optfull_aig|share descriptor bodies across sign/exponent keys with max-run delay guard|optfull_aig|abc_xf_official_evaluate|unary_r8,exp_mantissa_bucket_descriptor_overlay,equivalent_nonwinning,10733,19,203927,student/work/ex204_ex299_frontend_breakthrough_20260614_1051/unary-r8/ex223/verilog/ex223_r8_descriptor_b14_optfull_aig.v,student/work/ex204_ex299_frontend_breakthrough_20260614_1051/unary-r8/ex223/aigs/ex223_r8_descriptor_b14_optfull_aig.aig,student/runs/fp16/ex204_ex299_frontend_breakthrough_20260614_1051/unary-r8/ex223/official_eval/ex223_r8_descriptor_b14_optfull_aig/ex223_r8_descriptor_b14_optfull_aig.evaluate.py.log,student/frontend_campaigns/campaigns/ex204_ex299_frontend_breakthrough_20260614_1051/agent_shards/unary-r8/failed_hypotheses.csv,selected output-bit descriptor overlay with delay guard; bit=14; descriptor_groups=4; max_runs=2; total_runs=66; key_limit=64; source=student/work/frontend_truthroot_parallel_round86_20260613_2221/sub-fp16-int-root-r86/ex223/verilog/ex223_r86_truthroot_bit11.v; evaluate.py exit 0; elapsed 1.586s; yosys optfull_aig exit 0; elapsed 14.362s,,,,,10733,19,203927,,,,,student/runs/fp16/ex204_ex299_frontend_breakthrough_20260614_1051/unary-r8/ex223/official_eval/ex223_r8_descriptor_b14_optfull_aig/ex223_r8_descriptor_b14_optfull_aig.evaluate.py.log,,,,,,,,,,,,,,,,,,,,,,,,,,,,,,
unary-r8,fp16,ex225,ex225|current_source_frontend_flow_probe|ex225_r8_flow_optfull_aig|preserve current source sharing; vary only Yosys frontend normalization/mapping script|optfull_aig|abc_xf_official_evaluate|unary_r8,current_source_frontend_flow_probe,equivalent_nonwinning,11536,20,230720,student/work/ex204_ex299_frontend_breakthrough_20260614_1051/unary-r8/ex225/verilog/ex225_r8_flow_optfull_aig.v,student/work/ex204_ex299_frontend_breakthrough_20260614_1051/unary-r8/ex225/aigs/ex225_r8_flow_optfull_aig.aig,student/runs/fp16/ex204_ex299_frontend_breakthrough_20260614_1051/unary-r8/ex225/official_eval/ex225_r8_flow_optfull_aig/ex225_r8_flow_optfull_aig.evaluate.py.log,student/frontend_campaigns/campaigns/ex204_ex299_frontend_breakthrough_20260614_1051/agent_shards/unary-r8/failed_hypotheses.csv,current-best source copy; source=student/work/frontend_source_parallel_round79_20260613_1838/sub-fp16-source-r79/ex225/verilog/ex225_r79_split_hi3_keep_highrun.v; evaluate.py exit 0; elapsed 1.618s; yosys optfull_aig exit 0; elapsed 14.529s,,,,,11536,20,230720,,,,,student/runs/fp16/ex204_ex299_frontend_breakthrough_20260614_1051/unary-r8/ex225/official_eval/ex225_r8_flow_optfull_aig/ex225_r8_flow_optfull_aig.evaluate.py.log,,,,,,,,,,,,,,,,,,,,,,,,,,,,,,
unary-r8,fp16,ex225,ex225|current_source_frontend_flow_probe|ex225_r8_flow_muxclean_aig|preserve current source sharing; vary only Yosys frontend normalization/mapping script|muxclean_aig|abc_xf_official_evaluate|unary_r8,current_source_frontend_flow_probe,tied,11505,19,218595,student/work/ex204_ex299_frontend_breakthrough_20260614_1051/unary-r8/ex225/verilog/ex225_r8_flow_muxclean_aig.v,student/work/ex204_ex299_frontend_breakthrough_20260614_1051/unary-r8/ex225/aigs/ex225_r8_flow_muxclean_aig.aig,student/runs/fp16/ex204_ex299_frontend_breakthrough_20260614_1051/unary-r8/ex225/official_eval/ex225_r8_flow_muxclean_aig/ex225_r8_flow_muxclean_aig.evaluate.py.log,student/frontend_campaigns/campaigns/ex204_ex299_frontend_breakthrough_20260614_1051/agent_shards/unary-r8/failed_hypotheses.csv,current-best source copy; source=student/work/frontend_source_parallel_round79_20260613_1838/sub-fp16-source-r79/ex225/verilog/ex225_r79_split_hi3_keep_highrun.v; evaluate.py exit 0; elapsed 1.587s; yosys muxclean_aig exit 0; elapsed 13.388s,,,,,11505,19,218595,,,,,student/runs/fp16/ex204_ex299_frontend_breakthrough_20260614_1051/unary-r8/ex225/official_eval/ex225_r8_flow_muxclean_aig/ex225_r8_flow_muxclean_aig.evaluate.py.log,,,,,,,,,,,,,,,,,,,,,,,,,,,,,,
unary-r8,fp16,ex225,ex225|current_source_caseattrs_probe|ex225_r8_caseattrs_abc_g_aig|preserve current source sharing; only expose case exclusivity hints|abc_g_aig|abc_xf_official_evaluate|unary_r8,current_source_caseattrs_probe,tied,11505,19,218595,student/work/ex204_ex299_frontend_breakthrough_20260614_1051/unary-r8/ex225/verilog/ex225_r8_caseattrs_abc_g_aig.v,student/work/ex204_ex299_frontend_breakthrough_20260614_1051/unary-r8/ex225/aigs/ex225_r8_caseattrs_abc_g_aig.aig,student/runs/fp16/ex204_ex299_frontend_breakthrough_20260614_1051/unary-r8/ex225/official_eval/ex225_r8_caseattrs_abc_g_aig/ex225_r8_caseattrs_abc_g_aig.evaluate.py.log,student/frontend_campaigns/campaigns/ex204_ex299_frontend_breakthrough_20260614_1051/agent_shards/unary-r8/failed_hypotheses.csv,caseattrs current-best source copy; case_statements_annotated=995; source=student/work/frontend_source_parallel_round79_20260613_1838/sub-fp16-source-r79/ex225/verilog/ex225_r79_split_hi3_keep_highrun.v; evaluate.py exit 0; elapsed 1.579s; yosys abc_g_aig exit 0; elapsed 13.017s,,,,,11505,19,218595,,,,,student/runs/fp16/ex204_ex299_frontend_breakthrough_20260614_1051/unary-r8/ex225/official_eval/ex225_r8_caseattrs_abc_g_aig/ex225_r8_caseattrs_abc_g_aig.evaluate.py.log,,,,,,,,,,,,,,,,,,,,,,,,,,,,,,
unary-r8,fp16,ex225,ex225|current_source_caseattrs_probe|ex225_r8_caseattrs_optfull_aig|preserve current source sharing; combine case exclusivity hints with opt -full normalization|optfull_aig|abc_xf_official_evaluate|unary_r8,current_source_caseattrs_probe,equivalent_nonwinning,11536,20,230720,student/work/ex204_ex299_frontend_breakthrough_20260614_1051/unary-r8/ex225/verilog/ex225_r8_caseattrs_optfull_aig.v,student/work/ex204_ex299_frontend_breakthrough_20260614_1051/unary-r8/ex225/aigs/ex225_r8_caseattrs_optfull_aig.aig,student/runs/fp16/ex204_ex299_frontend_breakthrough_20260614_1051/unary-r8/ex225/official_eval/ex225_r8_caseattrs_optfull_aig/ex225_r8_caseattrs_optfull_aig.evaluate.py.log,student/frontend_campaigns/campaigns/ex204_ex299_frontend_breakthrough_20260614_1051/agent_shards/unary-r8/failed_hypotheses.csv,caseattrs current-best source copy; case_statements_annotated=995; source=student/work/frontend_source_parallel_round79_20260613_1838/sub-fp16-source-r79/ex225/verilog/ex225_r79_split_hi3_keep_highrun.v; evaluate.py exit 0; elapsed 1.517s; yosys optfull_aig exit 0; elapsed 14.278s,,,,,11536,20,230720,,,,,student/runs/fp16/ex204_ex299_frontend_breakthrough_20260614_1051/unary-r8/ex225/official_eval/ex225_r8_caseattrs_optfull_aig/ex225_r8_caseattrs_optfull_aig.evaluate.py.log,,,,,,,,,,,,,,,,,,,,,,,,,,,,,,
unary-r8,fp16,ex225,ex225|split_special_normal_output_plane|ex225_r8_range_const_shell_muxclean_aig|one sign/exponent range descriptor shell; dense residual remains in current source|muxclean_aig|abc_xf_official_evaluate|unary_r8,split_special_normal_output_plane,equivalent_nonwinning,11546,20,230920,student/work/ex204_ex299_frontend_breakthrough_20260614_1051/unary-r8/ex225/verilog/ex225_r8_range_const_shell_muxclean_aig.v,student/work/ex204_ex299_frontend_breakthrough_20260614_1051/unary-r8/ex225/aigs/ex225_r8_range_const_shell_muxclean_aig.aig,student/runs/fp16/ex204_ex299_frontend_breakthrough_20260614_1051/unary-r8/ex225/official_eval/ex225_r8_range_const_shell_muxclean_aig/ex225_r8_range_const_shell_muxclean_aig.evaluate.py.log,student/frontend_campaigns/campaigns/ex204_ex299_frontend_breakthrough_20260614_1051/agent_shards/unary-r8/failed_hypotheses.csv,split special/normal output plane with compact constant-key ranges; ranges=3; source=student/work/frontend_source_parallel_round79_20260613_1838/sub-fp16-source-r79/ex225/verilog/ex225_r79_split_hi3_keep_highrun.v; evaluate.py exit 0; elapsed 1.420s; yosys muxclean_aig exit 0; elapsed 13.051s,,,,,11546,20,230920,,,,,student/runs/fp16/ex204_ex299_frontend_breakthrough_20260614_1051/unary-r8/ex225/official_eval/ex225_r8_range_const_shell_muxclean_aig/ex225_r8_range_const_shell_muxclean_aig.evaluate.py.log,,,,,,,,,,,,,,,,,,,,,,,,,,,,,,
unary-r8,fp16,ex225,ex225|exp_mantissa_bucket_descriptor_overlay|ex225_r8_descriptor_b13_optfull_aig|share descriptor bodies across sign/exponent keys with max-run delay guard|optfull_aig|abc_xf_official_evaluate|unary_r8,exp_mantissa_bucket_descriptor_overlay,equivalent_nonwinning,11554,19,219526,student/work/ex204_ex299_frontend_breakthrough_20260614_1051/unary-r8/ex225/verilog/ex225_r8_descriptor_b13_optfull_aig.v,student/work/ex204_ex299_frontend_breakthrough_20260614_1051/unary-r8/ex225/aigs/ex225_r8_descriptor_b13_optfull_aig.aig,student/runs/fp16/ex204_ex299_frontend_breakthrough_20260614_1051/unary-r8/ex225/official_eval/ex225_r8_descriptor_b13_optfull_aig/ex225_r8_descriptor_b13_optfull_aig.evaluate.py.log,student/frontend_campaigns/campaigns/ex204_ex299_frontend_breakthrough_20260614_1051/agent_shards/unary-r8/failed_hypotheses.csv,selected output-bit descriptor overlay with delay guard; bit=13; descriptor_groups=6; max_runs=2; total_runs=68; key_limit=64; source=student/work/frontend_source_parallel_round79_20260613_1838/sub-fp16-source-r79/ex225/verilog/ex225_r79_split_hi3_keep_highrun.v; evaluate.py exit 0; elapsed 1.409s; yosys optfull_aig exit 0; elapsed 13.847s,,,,,11554,19,219526,,,,,student/runs/fp16/ex204_ex299_frontend_breakthrough_20260614_1051/unary-r8/ex225/official_eval/ex225_r8_descriptor_b13_optfull_aig/ex225_r8_descriptor_b13_optfull_aig.evaluate.py.log,,,,,,,,,,,,,,,,,,,,,,,,,,,,,,
unknown-hard-r9,unknown,ex285,ex285|boundary_helper_output_mask_r9|bits_0_2_9_11|decision_tree_base_plus_route_decode_helper|yosys_frontend_optfull_aig|official_evaluate|selected_output_planes,,,,,,student/work/ex204_ex299_frontend_breakthrough_20260614_1051/unknown-hard-r9/ex285/verilog/ex285_r9_boundary_current_mask_optfull.v,student/work/ex204_ex299_frontend_breakthrough_20260614_1051/unknown-hard-r9/ex285/aigs/ex285_r9_boundary_current_mask_optfull.aig,student/work/ex204_ex299_frontend_breakthrough_20260614_1051/unknown-hard-r9/ex285/logs/ex285_r9_boundary_current_mask_optfull.evaluate.py.log,student/frontend_campaigns/campaigns/ex204_ex299_frontend_breakthrough_20260614_1051/agent_shards/unknown-hard-r9/failed_hypotheses.csv,official OK but non-improving against frontend best,ex285_r9_boundary_current_mask_optfull,,,ex285_r9_boundary_current_mask_optfull,794,17,13498,,Boundary-helper and current-tree exact sources are both valid; changing the output-plane cut may expose a lower ADP shared cone.,current winning mask through opt-full frontend flow,OK,student/work/ex204_ex299_frontend_breakthrough_20260614_1051/unknown-hard-r9/ex285/logs/ex285_r9_boundary_current_mask_optfull.evaluate.py.log,current exact boundary-helper source with a new top-level output-plane mask,base decision tree plus route-decode helper; boundary bits=0_2_9_11,student/work/ex204_ex299_frontend_breakthrough_20260614_1051/unknown-hard-r9/ex285/eval_outputs/ex285_r9_boundary_current_mask_optfull,benchmarks/ex285.truth,1,13498,12800,698,0,,,,,,,student/work/ex204_ex299_frontend_breakthrough_20260614_1051/unknown-hard-r9/ex285/logs/ex285_r9_boundary_current_mask_optfull.yosys.log,,,,,,optfull_aig,9132,5499,4366,0,,,,
unknown-hard-r9,unknown,ex285,ex285|boundary_helper_output_mask_r9|bits_0_2_9_11|decision_tree_base_plus_route_decode_helper|yosys_frontend_muxclean_aig|official_evaluate|selected_output_planes,,,,,,student/work/ex204_ex299_frontend_breakthrough_20260614_1051/unknown-hard-r9/ex285/verilog/ex285_r9_boundary_current_mask_muxclean.v,student/work/ex204_ex299_frontend_breakthrough_20260614_1051/unknown-hard-r9/ex285/aigs/ex285_r9_boundary_current_mask_muxclean.aig,student/work/ex204_ex299_frontend_breakthrough_20260614_1051/unknown-hard-r9/ex285/logs/ex285_r9_boundary_current_mask_muxclean.evaluate.py.log,student/frontend_campaigns/campaigns/ex204_ex299_frontend_breakthrough_20260614_1051/agent_shards/unknown-hard-r9/failed_hypotheses.csv,official OK but non-improving against frontend best,ex285_r9_boundary_current_mask_muxclean,,,ex285_r9_boundary_current_mask_muxclean,800,16,12800,,Boundary-helper and current-tree exact sources are both valid; changing the output-plane cut may expose a lower ADP shared cone.,current winning mask through mux-clean frontend flow,OK,student/work/ex204_ex299_frontend_breakthrough_20260614_1051/unknown-hard-r9/ex285/logs/ex285_r9_boundary_current_mask_muxclean.evaluate.py.log,current exact boundary-helper source with a new top-level output-plane mask,base decision tree plus route-decode helper; boundary bits=0_2_9_11,student/work/ex204_ex299_frontend_breakthrough_20260614_1051/unknown-hard-r9/ex285/eval_outputs/ex285_r9_boundary_current_mask_muxclean,benchmarks/ex285.truth,1,12800,12800,0,0,,,,,,,student/work/ex204_ex299_frontend_breakthrough_20260614_1051/unknown-hard-r9/ex285/logs/ex285_r9_boundary_current_mask_muxclean.yosys.log,,,,,,muxclean_aig,9132,5499,3668,0,,,,
unknown-hard-r9,unknown,ex285,ex285|boundary_helper_output_mask_r9|bits_0_1_2_9_10_11|decision_tree_base_plus_route_decode_helper|yosys_frontend_abc_g_aig|official_evaluate|selected_output_planes,,,,,,student/work/ex204_ex299_frontend_breakthrough_20260614_1051/unknown-hard-r9/ex285/verilog/ex285_r9_boundary_mask_edges_wide.v,student/work/ex204_ex299_frontend_breakthrough_20260614_1051/unknown-hard-r9/ex285/aigs/ex285_r9_boundary_mask_edges_wide.aig,student/work/ex204_ex299_frontend_breakthrough_20260614_1051/unknown-hard-r9/ex285/logs/ex285_r9_boundary_mask_edges_wide.evaluate.py.log,student/frontend_campaigns/campaigns/ex204_ex299_frontend_breakthrough_20260614_1051/agent_shards/unknown-hard-r9/failed_hypotheses.csv,official OK but non-improving against frontend best,ex285_r9_boundary_mask_edges_wide,,,ex285_r9_boundary_mask_edges_wide,800,16,12800,,Boundary-helper and current-tree exact sources are both valid; changing the output-plane cut may expose a lower ADP shared cone.,wider edge output-plane cut,OK,student/work/ex204_ex299_frontend_breakthrough_20260614_1051/unknown-hard-r9/ex285/logs/ex285_r9_boundary_mask_edges_wide.evaluate.py.log,current exact boundary-helper source with a new top-level output-plane mask,base decision tree plus route-decode helper; boundary bits=0_1_2_9_10_11,student/work/ex204_ex299_frontend_breakthrough_20260614_1051/unknown-hard-r9/ex285/eval_outputs/ex285_r9_boundary_mask_edges_wide,benchmarks/ex285.truth,1,12800,12800,0,0,,,,,,,student/work/ex204_ex299_frontend_breakthrough_20260614_1051/unknown-hard-r9/ex285/logs/ex285_r9_boundary_mask_edges_wide.yosys.log,,,,,,abc_g_aig,9132,5499,3668,0,,,,
unknown-hard-r9,unknown,ex285,ex285|boundary_helper_output_mask_r9|bits_6_7_8_9_10_11|decision_tree_base_plus_route_decode_helper|yosys_frontend_abc_g_aig|official_evaluate|selected_output_planes,,,,,,student/work/ex204_ex299_frontend_breakthrough_20260614_1051/unknown-hard-r9/ex285/verilog/ex285_r9_boundary_mask_upper_half.v,student/work/ex204_ex299_frontend_breakthrough_20260614_1051/unknown-hard-r9/ex285/aigs/ex285_r9_boundary_mask_upper_half.aig,student/work/ex204_ex299_frontend_breakthrough_20260614_1051/unknown-hard-r9/ex285/logs/ex285_r9_boundary_mask_upper_half.evaluate.py.log,student/frontend_campaigns/campaigns/ex204_ex299_frontend_breakthrough_20260614_1051/agent_shards/unknown-hard-r9/failed_hypotheses.csv,official OK but non-improving against frontend best,ex285_r9_boundary_mask_upper_half,,,ex285_r9_boundary_mask_upper_half,800,16,12800,,Boundary-helper and current-tree exact sources are both valid; changing the output-plane cut may expose a lower ADP shared cone.,upper-half boundary output-plane cut,OK,student/work/ex204_ex299_frontend_breakthrough_20260614_1051/unknown-hard-r9/ex285/logs/ex285_r9_boundary_mask_upper_half.evaluate.py.log,current exact boundary-helper source with a new top-level output-plane mask,base decision tree plus route-decode helper; boundary bits=6_7_8_9_10_11,student/work/ex204_ex299_frontend_breakthrough_20260614_1051/unknown-hard-r9/ex285/eval_outputs/ex285_r9_boundary_mask_upper_half,benchmarks/ex285.truth,1,12800,12800,0,0,,,,,,,student/work/ex204_ex299_frontend_breakthrough_20260614_1051/unknown-hard-r9/ex285/logs/ex285_r9_boundary_mask_upper_half.yosys.log,,,,,,abc_g_aig,9132,5499,3668,0,,,,
unknown-hard-r9,unknown,ex285,ex285|boundary_helper_output_mask_r9|bits_0_1_2_3_4_5|decision_tree_base_plus_route_decode_helper|yosys_frontend_abc_g_aig|official_evaluate|selected_output_planes,,,,,,student/work/ex204_ex299_frontend_breakthrough_20260614_1051/unknown-hard-r9/ex285/verilog/ex285_r9_boundary_mask_lower_half.v,student/work/ex204_ex299_frontend_breakthrough_20260614_1051/unknown-hard-r9/ex285/aigs/ex285_r9_boundary_mask_lower_half.aig,student/work/ex204_ex299_frontend_breakthrough_20260614_1051/unknown-hard-r9/ex285/logs/ex285_r9_boundary_mask_lower_half.evaluate.py.log,student/frontend_campaigns/campaigns/ex204_ex299_frontend_breakthrough_20260614_1051/agent_shards/unknown-hard-r9/failed_hypotheses.csv,official OK but non-improving against frontend best,ex285_r9_boundary_mask_lower_half,,,ex285_r9_boundary_mask_lower_half,800,16,12800,,Boundary-helper and current-tree exact sources are both valid; changing the output-plane cut may expose a lower ADP shared cone.,lower-half boundary output-plane cut,OK,student/work/ex204_ex299_frontend_breakthrough_20260614_1051/unknown-hard-r9/ex285/logs/ex285_r9_boundary_mask_lower_half.evaluate.py.log,current exact boundary-helper source with a new top-level output-plane mask,base decision tree plus route-decode helper; boundary bits=0_1_2_3_4_5,student/work/ex204_ex299_frontend_breakthrough_20260614_1051/unknown-hard-r9/ex285/eval_outputs/ex285_r9_boundary_mask_lower_half,benchmarks/ex285.truth,1,12800,12800,0,0,,,,,,,student/work/ex204_ex299_frontend_breakthrough_20260614_1051/unknown-hard-r9/ex285/logs/ex285_r9_boundary_mask_lower_half.yosys.log,,,,,,abc_g_aig,9132,5499,3668,0,,,,
unknown-hard-r9,unknown,ex286,ex286|hamming_weight_preserving_routing_symcof_r9|outer_bits_0_12_2_11|pairs_4-5_6-7_mux_case_share_group_keybdd_none|yosys_frontend_abc_g_aig|official_evaluate|full_word_grouped_cofactors,,,,,,student/work/ex204_ex299_frontend_breakthrough_20260614_1051/unknown-hard-r9/ex286/verilog/ex286_r9_symcof_bits_0_12_2_11_case_group.v,student/work/ex204_ex299_frontend_breakthrough_20260614_1051/unknown-hard-r9/ex286/aigs/ex286_r9_symcof_bits_0_12_2_11_case_group.aig,student/work/ex204_ex299_frontend_breakthrough_20260614_1051/unknown-hard-r9/ex286/logs/ex286_r9_symcof_bits_0_12_2_11_case_group.evaluate.py.log,student/frontend_campaigns/campaigns/ex204_ex299_frontend_breakthrough_20260614_1051/agent_shards/unknown-hard-r9/failed_hypotheses.csv,official OK but non-improving against frontend best,ex286_r9_symcof_bits_0_12_2_11_case_group,,,ex286_r9_symcof_bits_0_12_2_11_case_group,1482,15,22230,,"Use known input swap symmetries, but try a different explicit outer decision graph and output grouping than current muxclean/source-flow ties.",new 4-bit selector replacing current 0/12/1/10,OK,student/work/ex204_ex299_frontend_breakthrough_20260614_1051/unknown-hard-r9/ex286/logs/ex286_r9_symcof_bits_0_12_2_11_case_group.evaluate.py.log,explicit outer-bit symmetry-cofactor decision graph,"canonical input-pair key, shared BDD cofactors, mux=case, share=group, key_bdd_bits=none",student/work/ex204_ex299_frontend_breakthrough_20260614_1051/unknown-hard-r9/ex286/eval_outputs/ex286_r9_symcof_bits_0_12_2_11_case_group,benchmarks/ex286.truth,1,22230,20190,2040,0,,,,,,,student/work/ex204_ex299_frontend_breakthrough_20260614_1051/unknown-hard-r9/ex286/logs/ex286_r9_symcof_bits_0_12_2_11_case_group.yosys.log,,,,,,abc_g_aig,15210,2376,7020,0,,,,
unknown-hard-r9,unknown,ex286,ex286|hamming_weight_preserving_routing_symcof_r9|outer_bits_3_10_0_12|pairs_4-5_6-7_mux_onehot_share_group_keybdd_none|yosys_frontend_abc_g_aig|official_evaluate|full_word_grouped_cofactors,,,,,,student/work/ex204_ex299_frontend_breakthrough_20260614_1051/unknown-hard-r9/ex286/verilog/ex286_r9_symcof_bits_3_10_0_12_onehot_group.v,student/work/ex204_ex299_frontend_breakthrough_20260614_1051/unknown-hard-r9/ex286/aigs/ex286_r9_symcof_bits_3_10_0_12_onehot_group.aig,student/work/ex204_ex299_frontend_breakthrough_20260614_1051/unknown-hard-r9/ex286/logs/ex286_r9_symcof_bits_3_10_0_12_onehot_group.evaluate.py.log,student/frontend_campaigns/campaigns/ex204_ex299_frontend_breakthrough_20260614_1051/agent_shards/unknown-hard-r9/failed_hypotheses.csv,official OK but non-improving against frontend best,ex286_r9_symcof_bits_3_10_0_12_onehot_group,,,ex286_r9_symcof_bits_3_10_0_12_onehot_group,1473,16,23568,,"Use known input swap symmetries, but try a different explicit outer decision graph and output grouping than current muxclean/source-flow ties.",bucket-selector-informed 4-bit selector,OK,student/work/ex204_ex299_frontend_breakthrough_20260614_1051/unknown-hard-r9/ex286/logs/ex286_r9_symcof_bits_3_10_0_12_onehot_group.evaluate.py.log,explicit outer-bit symmetry-cofactor decision graph,"canonical input-pair key, shared BDD cofactors, mux=onehot, share=group, key_bdd_bits=none",student/work/ex204_ex299_frontend_breakthrough_20260614_1051/unknown-hard-r9/ex286/eval_outputs/ex286_r9_symcof_bits_3_10_0_12_onehot_group,benchmarks/ex286.truth,1,23568,20190,3378,0,,,,,,,student/work/ex204_ex299_frontend_breakthrough_20260614_1051/unknown-hard-r9/ex286/logs/ex286_r9_symcof_bits_3_10_0_12_onehot_group.yosys.log,,,,,,abc_g_aig,15210,2376,8358,0,,,,
unknown-hard-r9,unknown,ex286,ex286|hamming_weight_preserving_routing_symcof_r9|outer_bits_0_12_1_10_2|pairs_4-5_6-7_mux_case_share_group_keybdd_none|yosys_frontend_abc_g_aig|official_evaluate|full_word_grouped_cofactors,,,,,,student/work/ex204_ex299_frontend_breakthrough_20260614_1051/unknown-hard-r9/ex286/verilog/ex286_r9_symcof_bits_0_12_1_10_2_case_group.v,student/work/ex204_ex299_frontend_breakthrough_20260614_1051/unknown-hard-r9/ex286/aigs/ex286_r9_symcof_bits_0_12_1_10_2_case_group.aig,student/work/ex204_ex299_frontend_breakthrough_20260614_1051/unknown-hard-r9/ex286/logs/ex286_r9_symcof_bits_0_12_1_10_2_case_group.evaluate.py.log,student/frontend_campaigns/campaigns/ex204_ex299_frontend_breakthrough_20260614_1051/agent_shards/unknown-hard-r9/failed_hypotheses.csv,official OK but non-improving against frontend best,ex286_r9_symcof_bits_0_12_1_10_2_case_group,,,ex286_r9_symcof_bits_0_12_1_10_2_case_group,1515,15,22725,,"Use known input swap symmetries, but try a different explicit outer decision graph and output grouping than current muxclean/source-flow ties.",current selector plus one extra split bit with case mux,OK,student/work/ex204_ex299_frontend_breakthrough_20260614_1051/unknown-hard-r9/ex286/logs/ex286_r9_symcof_bits_0_12_1_10_2_case_group.evaluate.py.log,explicit outer-bit symmetry-cofactor decision graph,"canonical input-pair key, shared BDD cofactors, mux=case, share=group, key_bdd_bits=none",student/work/ex204_ex299_frontend_breakthrough_20260614_1051/unknown-hard-r9/ex286/eval_outputs/ex286_r9_symcof_bits_0_12_1_10_2_case_group,benchmarks/ex286.truth,1,22725,20190,2535,0,,,,,,,student/work/ex204_ex299_frontend_breakthrough_20260614_1051/unknown-hard-r9/ex286/logs/ex286_r9_symcof_bits_0_12_1_10_2_case_group.yosys.log,,,,,,abc_g_aig,15210,2376,7515,0,,,,
unknown-hard-r9,unknown,ex286,ex286|hamming_weight_preserving_routing_symcof_r9|outer_bits_0_12_2_11|pairs_4-5_6-7_mux_onehot_share_global_keybdd_8_9|yosys_frontend_muxclean_aig|official_evaluate|full_word_grouped_cofactors,,,,,,student/work/ex204_ex299_frontend_breakthrough_20260614_1051/unknown-hard-r9/ex286/verilog/ex286_r9_symcof_bits_0_12_2_11_keybdd_8_9.v,student/work/ex204_ex299_frontend_breakthrough_20260614_1051/unknown-hard-r9/ex286/aigs/ex286_r9_symcof_bits_0_12_2_11_keybdd_8_9.aig,student/work/ex204_ex299_frontend_breakthrough_20260614_1051/unknown-hard-r9/ex286/logs/ex286_r9_symcof_bits_0_12_2_11_keybdd_8_9.evaluate.py.log,student/frontend_campaigns/campaigns/ex204_ex299_frontend_breakthrough_20260614_1051/agent_shards/unknown-hard-r9/failed_hypotheses.csv,official OK but non-improving against frontend best,ex286_r9_symcof_bits_0_12_2_11_keybdd_8_9,,,ex286_r9_symcof_bits_0_12_2_11_keybdd_8_9,1528,16,24448,,"Use known input swap symmetries, but try a different explicit outer decision graph and output grouping than current muxclean/source-flow ties.",global cofactor pool with selected key-BDD high bits,OK,student/work/ex204_ex299_frontend_breakthrough_20260614_1051/unknown-hard-r9/ex286/logs/ex286_r9_symcof_bits_0_12_2_11_keybdd_8_9.evaluate.py.log,explicit outer-bit symmetry-cofactor decision graph,"canonical input-pair key, shared BDD cofactors, mux=onehot, share=global, key_bdd_bits=8_9",student/work/ex204_ex299_frontend_breakthrough_20260614_1051/unknown-hard-r9/ex286/eval_outputs/ex286_r9_symcof_bits_0_12_2_11_keybdd_8_9,benchmarks/ex286.truth,1,24448,20190,4258,0,,,,,,,student/work/ex204_ex299_frontend_breakthrough_20260614_1051/unknown-hard-r9/ex286/logs/ex286_r9_symcof_bits_0_12_2_11_keybdd_8_9.yosys.log,,,,,,muxclean_aig,15210,2376,9238,0,,,,
unknown-hard-r9,unknown,ex287,ex287|hamming_weight_preserving_routing_symcof_r9|outer_bits_13_0_2_12|pairs_4-5_6-7_8-9_mux_case_share_group_keybdd_none|yosys_frontend_abc_g_aig|official_evaluate|full_word_grouped_cofactors,,,,,,student/work/ex204_ex299_frontend_breakthrough_20260614_1051/unknown-hard-r9/ex287/verilog/ex287_r9_symcof_bits_13_0_2_12_case_group.v,student/work/ex204_ex299_frontend_breakthrough_20260614_1051/unknown-hard-r9/ex287/aigs/ex287_r9_symcof_bits_13_0_2_12_case_group.aig,student/work/ex204_ex299_frontend_breakthrough_20260614_1051/unknown-hard-r9/ex287/logs/ex287_r9_symcof_bits_13_0_2_12_case_group.evaluate.py.log,student/frontend_campaigns/campaigns/ex204_ex299_frontend_breakthrough_20260614_1051/agent_shards/unknown-hard-r9/failed_hypotheses.csv,official OK but non-improving against frontend best,ex287_r9_symcof_bits_13_0_2_12_case_group,,,ex287_r9_symcof_bits_13_0_2_12_case_group,1698,16,27168,,"Use known input swap symmetries, but try a different explicit outer decision graph and output grouping than current muxclean/source-flow ties.",replace k4 bit 1 by bit 2 and use vector case,OK,student/work/ex204_ex299_frontend_breakthrough_20260614_1051/unknown-hard-r9/ex287/logs/ex287_r9_symcof_bits_13_0_2_12_case_group.evaluate.py.log,explicit outer-bit symmetry-cofactor decision graph,"canonical input-pair key, shared BDD cofactors, mux=case, share=group, key_bdd_bits=none",student/work/ex204_ex299_frontend_breakthrough_20260614_1051/unknown-hard-r9/ex287/eval_outputs/ex287_r9_symcof_bits_13_0_2_12_case_group,benchmarks/ex287.truth,1,27168,26880,288,0,,,,,,,student/work/ex204_ex299_frontend_breakthrough_20260614_1051/unknown-hard-r9/ex287/logs/ex287_r9_symcof_bits_13_0_2_12_case_group.yosys.log,,,,,,abc_g_aig,13455,5782,13713,0,,,,
unknown-hard-r9,unknown,ex287,ex287|hamming_weight_preserving_routing_symcof_r9|outer_bits_13_0_1_12_10|pairs_4-5_6-7_8-9_mux_case_share_group_keybdd_none|yosys_frontend_abc_g_aig|official_evaluate|full_word_grouped_cofactors,,,,,,student/work/ex204_ex299_frontend_breakthrough_20260614_1051/unknown-hard-r9/ex287/verilog/ex287_r9_symcof_bits_13_0_1_12_10_case_group.v,student/work/ex204_ex299_frontend_breakthrough_20260614_1051/unknown-hard-r9/ex287/aigs/ex287_r9_symcof_bits_13_0_1_12_10_case_group.aig,student/work/ex204_ex299_frontend_breakthrough_20260614_1051/unknown-hard-r9/ex287/logs/ex287_r9_symcof_bits_13_0_1_12_10_case_group.evaluate.py.log,student/frontend_campaigns/campaigns/ex204_ex299_frontend_breakthrough_20260614_1051/agent_shards/unknown-hard-r9/failed_hypotheses.csv,official OK but non-improving against frontend best,ex287_r9_symcof_bits_13_0_1_12_10_case_group,,,ex287_r9_symcof_bits_13_0_1_12_10_case_group,1865,16,29840,,"Use known input swap symmetries, but try a different explicit outer decision graph and output grouping than current muxclean/source-flow ties.",current k4 plus high split bit 10 with case mux,OK,student/work/ex204_ex299_frontend_breakthrough_20260614_1051/unknown-hard-r9/ex287/logs/ex287_r9_symcof_bits_13_0_1_12_10_case_group.evaluate.py.log,explicit outer-bit symmetry-cofactor decision graph,"canonical input-pair key, shared BDD cofactors, mux=case, share=group, key_bdd_bits=none",student/work/ex204_ex299_frontend_breakthrough_20260614_1051/unknown-hard-r9/ex287/eval_outputs/ex287_r9_symcof_bits_13_0_1_12_10_case_group,benchmarks/ex287.truth,1,29840,26880,2960,0,,,,,,,student/work/ex204_ex299_frontend_breakthrough_20260614_1051/unknown-hard-r9/ex287/logs/ex287_r9_symcof_bits_13_0_1_12_10_case_group.yosys.log,,,,,,abc_g_aig,13455,5782,16385,0,,,,
unknown-hard-r9,unknown,ex287,ex287|hamming_weight_preserving_routing_symcof_r9|outer_bits_13_0_3_12|pairs_4-5_6-7_8-9_mux_onehot_share_group_keybdd_none|yosys_frontend_abc_g_aig|official_evaluate|full_word_grouped_cofactors,,,,,,student/work/ex204_ex299_frontend_breakthrough_20260614_1051/unknown-hard-r9/ex287/verilog/ex287_r9_symcof_bits_13_0_3_12_onehot_group.v,student/work/ex204_ex299_frontend_breakthrough_20260614_1051/unknown-hard-r9/ex287/aigs/ex287_r9_symcof_bits_13_0_3_12_onehot_group.aig,student/work/ex204_ex299_frontend_breakthrough_20260614_1051/unknown-hard-r9/ex287/logs/ex287_r9_symcof_bits_13_0_3_12_onehot_group.evaluate.py.log,student/frontend_campaigns/campaigns/ex204_ex299_frontend_breakthrough_20260614_1051/agent_shards/unknown-hard-r9/failed_hypotheses.csv,official OK but non-improving against frontend best,ex287_r9_symcof_bits_13_0_3_12_onehot_group,,,ex287_r9_symcof_bits_13_0_3_12_onehot_group,1852,16,29632,,"Use known input swap symmetries, but try a different explicit outer decision graph and output grouping than current muxclean/source-flow ties.",replace k4 bit 1 by bit 3 with onehot grouping,OK,student/work/ex204_ex299_frontend_breakthrough_20260614_1051/unknown-hard-r9/ex287/logs/ex287_r9_symcof_bits_13_0_3_12_onehot_group.evaluate.py.log,explicit outer-bit symmetry-cofactor decision graph,"canonical input-pair key, shared BDD cofactors, mux=onehot, share=group, key_bdd_bits=none",student/work/ex204_ex299_frontend_breakthrough_20260614_1051/unknown-hard-r9/ex287/eval_outputs/ex287_r9_symcof_bits_13_0_3_12_onehot_group,benchmarks/ex287.truth,1,29632,26880,2752,0,,,,,,,student/work/ex204_ex299_frontend_breakthrough_20260614_1051/unknown-hard-r9/ex287/logs/ex287_r9_symcof_bits_13_0_3_12_onehot_group.yosys.log,,,,,,abc_g_aig,13455,5782,16177,0,,,,
unknown-hard-r9,unknown,ex287,ex287|hamming_weight_preserving_routing_symcof_r9|outer_bits_13_0_2_12|pairs_4-5_6-7_8-9_mux_onehot_share_global_keybdd_6_7|yosys_frontend_muxclean_aig|official_evaluate|full_word_grouped_cofactors,,,,,,student/work/ex204_ex299_frontend_breakthrough_20260614_1051/unknown-hard-r9/ex287/verilog/ex287_r9_symcof_bits_13_0_2_12_keybdd_6_7.v,student/work/ex204_ex299_frontend_breakthrough_20260614_1051/unknown-hard-r9/ex287/aigs/ex287_r9_symcof_bits_13_0_2_12_keybdd_6_7.aig,student/work/ex204_ex299_frontend_breakthrough_20260614_1051/unknown-hard-r9/ex287/logs/ex287_r9_symcof_bits_13_0_2_12_keybdd_6_7.evaluate.py.log,student/frontend_campaigns/campaigns/ex204_ex299_frontend_breakthrough_20260614_1051/agent_shards/unknown-hard-r9/failed_hypotheses.csv,official OK but non-improving against frontend best,ex287_r9_symcof_bits_13_0_2_12_keybdd_6_7,,,ex287_r9_symcof_bits_13_0_2_12_keybdd_6_7,1723,16,27568,,"Use known input swap symmetries, but try a different explicit outer decision graph and output grouping than current muxclean/source-flow ties.",global pool plus exact key-BDD for central pair bits,OK,student/work/ex204_ex299_frontend_breakthrough_20260614_1051/unknown-hard-r9/ex287/logs/ex287_r9_symcof_bits_13_0_2_12_keybdd_6_7.evaluate.py.log,explicit outer-bit symmetry-cofactor decision graph,"canonical input-pair key, shared BDD cofactors, mux=onehot, share=global, key_bdd_bits=6_7",student/work/ex204_ex299_frontend_breakthrough_20260614_1051/unknown-hard-r9/ex287/eval_outputs/ex287_r9_symcof_bits_13_0_2_12_keybdd_6_7,benchmarks/ex287.truth,1,27568,26880,688,0,,,,,,,student/work/ex204_ex299_frontend_breakthrough_20260614_1051/unknown-hard-r9/ex287/logs/ex287_r9_symcof_bits_13_0_2_12_keybdd_6_7.yosys.log,,,,,,muxclean_aig,13455,5782,14113,0,,,,
bf16-fp16-r9,bf16,ex204,"ex204|truth_cofactor_highrun_low_nested|standalone truth-derived key cofactor with high output run trees and nested low output group:ex204_r9_key_low8_hi4_abc_g_aig|share sign/exponent key decode, high-bit mantissa runs, and one nested low-bit mantissa table|abc_g_aig|abc_xf_official_evaluate|bf16_fp16_r9",truth_cofactor_highrun_low_nested,equivalent_nonwinning,2624,15,39360,student/work/ex204_ex299_frontend_breakthrough_20260614_1051/bf16-fp16-r9/ex204/verilog/ex204_r9_key_low8_hi4_abc_g_aig.v,student/work/ex204_ex299_frontend_breakthrough_20260614_1051/bf16-fp16-r9/ex204/aigs/ex204_r9_key_low8_hi4_abc_g_aig.aig,student/runs/bf16/ex204_ex299_frontend_breakthrough_20260614_1051/bf16-fp16-r9/ex204/official_eval/ex204_r9_key_low8_hi4_abc_g_aig/ex204_r9_key_low8_hi4_abc_g_aig.evaluate.py.log,student/frontend_campaigns/campaigns/ex204_ex299_frontend_breakthrough_20260614_1051/agent_shards/bf16-fp16-r9/failed_hypotheses.csv,"standalone key-cofactored high-bit run trees plus nested low group; low8:nested_hi=4,items=12170,const_key=257,const_hi=2961; b15:runs=512,max=1,const_keys=512; b14:runs=513,max=2,const_keys=511; b13:runs=514,max=2,const_keys=510; b12:runs=514,max=2,const_keys=510; b11:runs=514,max=2,const_keys=510; b10:runs=515,max=2,const_keys=509; b9:runs=518,max=3,const_keys=507; b8:runs=525,max=5,const_keys=504; evaluate.py exit 0; elapsed 1.063s; yosys abc_g_aig exit 0; elapsed 7.970s",,,,,2624,15,39360,,,,,student/runs/bf16/ex204_ex299_frontend_breakthrough_20260614_1051/bf16-fp16-r9/ex204/official_eval/ex204_r9_key_low8_hi4_abc_g_aig/ex204_r9_key_low8_hi4_abc_g_aig.evaluate.py.log,,,,,,,,,,,,,,,,,,,,,,,,,,,,,,
bf16-fp16-r9,bf16,ex204,ex204|truth_cofactor_word_decision_graph|standalone word-level nested key/mantissa decision graph:ex204_r9_wordnested_hi4_muxclean_aig|share one word-level cofactor graph per sign/exponent key|muxclean_aig|abc_xf_official_evaluate|bf16_fp16_r9,truth_cofactor_word_decision_graph,equivalent_nonwinning,2153,15,32295,student/work/ex204_ex299_frontend_breakthrough_20260614_1051/bf16-fp16-r9/ex204/verilog/ex204_r9_wordnested_hi4_muxclean_aig.v,student/work/ex204_ex299_frontend_breakthrough_20260614_1051/bf16-fp16-r9/ex204/aigs/ex204_r9_wordnested_hi4_muxclean_aig.aig,student/runs/bf16/ex204_ex299_frontend_breakthrough_20260614_1051/bf16-fp16-r9/ex204/official_eval/ex204_r9_wordnested_hi4_muxclean_aig/ex204_r9_wordnested_hi4_muxclean_aig.evaluate.py.log,student/frontend_campaigns/campaigns/ex204_ex299_frontend_breakthrough_20260614_1051/agent_shards/bf16-fp16-r9/failed_hypotheses.csv,standalone word-level nested key/mantissa decision graph; nested_hi=4; items=12170; const_key=257; const_hi=2961; evaluate.py exit 0; elapsed 1.068s; yosys muxclean_aig exit 0; elapsed 6.040s,,,,,2153,15,32295,,,,,student/runs/bf16/ex204_ex299_frontend_breakthrough_20260614_1051/bf16-fp16-r9/ex204/official_eval/ex204_r9_wordnested_hi4_muxclean_aig/ex204_r9_wordnested_hi4_muxclean_aig.evaluate.py.log,,,,,,,,,,,,,,,,,,,,,,,,,,,,,,
bf16-fp16-r9,bf16,ex205,"ex205|truth_cofactor_highrun_low_nested|standalone truth-derived key cofactor with high output run trees and nested low output group:ex205_r9_key_low8_hi4_abc_g_aig|share sign/exponent key decode, high-bit mantissa runs, and one nested low-bit mantissa table|abc_g_aig|abc_xf_official_evaluate|bf16_fp16_r9",truth_cofactor_highrun_low_nested,equivalent_nonwinning,5435,16,86960,student/work/ex204_ex299_frontend_breakthrough_20260614_1051/bf16-fp16-r9/ex205/verilog/ex205_r9_key_low8_hi4_abc_g_aig.v,student/work/ex204_ex299_frontend_breakthrough_20260614_1051/bf16-fp16-r9/ex205/aigs/ex205_r9_key_low8_hi4_abc_g_aig.aig,student/runs/bf16/ex204_ex299_frontend_breakthrough_20260614_1051/bf16-fp16-r9/ex205/official_eval/ex205_r9_key_low8_hi4_abc_g_aig/ex205_r9_key_low8_hi4_abc_g_aig.evaluate.py.log,student/frontend_campaigns/campaigns/ex204_ex299_frontend_breakthrough_20260614_1051/agent_shards/bf16-fp16-r9/failed_hypotheses.csv,"standalone key-cofactored high-bit run trees plus nested low group; low8:nested_hi=4,items=12226,const_key=257,const_hi=2953; b15:runs=512,max=1,const_keys=512; b14:runs=514,max=2,const_keys=510; b13:runs=515,max=2,const_keys=509; b12:runs=515,max=2,const_keys=509; b11:runs=515,max=2,const_keys=509; b10:runs=516,max=2,const_keys=508; b9:runs=521,max=4,const_keys=506; b8:runs=528,max=5,const_keys=502; evaluate.py exit 0; elapsed 1.098s; yosys abc_g_aig exit 0; elapsed 9.096s",,,,,5435,16,86960,,,,,student/runs/bf16/ex204_ex299_frontend_breakthrough_20260614_1051/bf16-fp16-r9/ex205/official_eval/ex205_r9_key_low8_hi4_abc_g_aig/ex205_r9_key_low8_hi4_abc_g_aig.evaluate.py.log,,,,,,,,,,,,,,,,,,,,,,,,,,,,,,
bf16-fp16-r9,bf16,ex205,"ex205|truth_cofactor_highrun_low_nested|standalone truth-derived key cofactor with high output run trees and nested low output group:ex205_r9_key_low9_hi4_optfull_aig|share sign/exponent key decode, high-bit mantissa runs, and one nested low-bit mantissa table|optfull_aig|abc_xf_official_evaluate|bf16_fp16_r9",truth_cofactor_highrun_low_nested,equivalent_nonwinning,4877,16,78032,student/work/ex204_ex299_frontend_breakthrough_20260614_1051/bf16-fp16-r9/ex205/verilog/ex205_r9_key_low9_hi4_optfull_aig.v,student/work/ex204_ex299_frontend_breakthrough_20260614_1051/bf16-fp16-r9/ex205/aigs/ex205_r9_key_low9_hi4_optfull_aig.aig,student/runs/bf16/ex204_ex299_frontend_breakthrough_20260614_1051/bf16-fp16-r9/ex205/official_eval/ex205_r9_key_low9_hi4_optfull_aig/ex205_r9_key_low9_hi4_optfull_aig.evaluate.py.log,student/frontend_campaigns/campaigns/ex204_ex299_frontend_breakthrough_20260614_1051/agent_shards/bf16-fp16-r9/failed_hypotheses.csv,"standalone key-cofactored high-bit run trees plus nested low group; low9:nested_hi=4,items=12226,const_key=257,const_hi=2953; b15:runs=512,max=1,const_keys=512; b14:runs=514,max=2,const_keys=510; b13:runs=515,max=2,const_keys=509; b12:runs=515,max=2,const_keys=509; b11:runs=515,max=2,const_keys=509; b10:runs=516,max=2,const_keys=508; b9:runs=521,max=4,const_keys=506; evaluate.py exit 0; elapsed 1.047s; yosys optfull_aig exit 0; elapsed 9.149s",,,,,4877,16,78032,,,,,student/runs/bf16/ex204_ex299_frontend_breakthrough_20260614_1051/bf16-fp16-r9/ex205/official_eval/ex205_r9_key_low9_hi4_optfull_aig/ex205_r9_key_low9_hi4_optfull_aig.evaluate.py.log,,,,,,,,,,,,,,,,,,,,,,,,,,,,,,
bf16-fp16-r9,bf16,ex216,ex216|odd_power_sign_magnitude_highrun_low_nested|fold sign from magnitude for odd BF16 power/root case; high magnitude run trees plus nested low group:ex216_r9_foldmag_low8_hi4_abc_g_aig|share positive-domain magnitude across both signs and derive NaN-aware sign once|abc_g_aig|abc_xf_official_evaluate|bf16_fp16_r9,odd_power_sign_magnitude_highrun_low_nested,equivalent_nonwinning,837,13,10881,student/work/ex204_ex299_frontend_breakthrough_20260614_1051/bf16-fp16-r9/ex216/verilog/ex216_r9_foldmag_low8_hi4_abc_g_aig.v,student/work/ex204_ex299_frontend_breakthrough_20260614_1051/bf16-fp16-r9/ex216/aigs/ex216_r9_foldmag_low8_hi4_abc_g_aig.aig,student/runs/bf16/ex204_ex299_frontend_breakthrough_20260614_1051/bf16-fp16-r9/ex216/official_eval/ex216_r9_foldmag_low8_hi4_abc_g_aig/ex216_r9_foldmag_low8_hi4_abc_g_aig.evaluate.py.log,student/frontend_campaigns/campaigns/ex204_ex299_frontend_breakthrough_20260614_1051/agent_shards/bf16-fp16-r9/failed_hypotheses.csv,"sign/magnitude folded odd-power source; sign_mismatch_non_nan=0; mag_low8:nested_hi=4,items=11031,const_key=170,const_hi=21; mag_b14:runs=257,max=2,const=255; mag_b13:runs=258,max=2,const=254; mag_b12:runs=261,max=2,const=251; mag_b11:runs=266,max=2,const=246; mag_b10:runs=277,max=2,const=235; mag_b9:runs=298,max=2,const=214; mag_b8:runs=341,max=2,const=171; evaluate.py exit 0; elapsed 0.584s; yosys abc_g_aig exit 0; elapsed 4.123s",,,,,837,13,10881,,,,,student/runs/bf16/ex204_ex299_frontend_breakthrough_20260614_1051/bf16-fp16-r9/ex216/official_eval/ex216_r9_foldmag_low8_hi4_abc_g_aig/ex216_r9_foldmag_low8_hi4_abc_g_aig.evaluate.py.log,,,,,,,,,,,,,,,,,,,,,,,,,,,,,,
bf16-fp16-r9,bf16,ex216,ex216|odd_power_sign_magnitude_word_decision_graph|fold sign from magnitude for odd BF16 power/root case; word-level nested magnitude graph:ex216_r9_foldmag_word_hi4_muxclean_aig|share positive-domain word magnitude across both signs and derive NaN-aware sign once|muxclean_aig|abc_xf_official_evaluate|bf16_fp16_r9,odd_power_sign_magnitude_word_decision_graph,equivalent_nonwinning,780,13,10140,student/work/ex204_ex299_frontend_breakthrough_20260614_1051/bf16-fp16-r9/ex216/verilog/ex216_r9_foldmag_word_hi4_muxclean_aig.v,student/work/ex204_ex299_frontend_breakthrough_20260614_1051/bf16-fp16-r9/ex216/aigs/ex216_r9_foldmag_word_hi4_muxclean_aig.aig,student/runs/bf16/ex204_ex299_frontend_breakthrough_20260614_1051/bf16-fp16-r9/ex216/official_eval/ex216_r9_foldmag_word_hi4_muxclean_aig/ex216_r9_foldmag_word_hi4_muxclean_aig.evaluate.py.log,student/frontend_campaigns/campaigns/ex204_ex299_frontend_breakthrough_20260614_1051/agent_shards/bf16-fp16-r9/failed_hypotheses.csv,word-level sign/magnitude folded nested decision graph; nested_hi=4; items=11031; const_key=170; const_hi=21; sign_mismatch_non_nan=0; evaluate.py exit 0; elapsed 0.598s; yosys muxclean_aig exit 0; elapsed 4.491s,,,,,780,13,10140,,,,,student/runs/bf16/ex204_ex299_frontend_breakthrough_20260614_1051/bf16-fp16-r9/ex216/official_eval/ex216_r9_foldmag_word_hi4_muxclean_aig/ex216_r9_foldmag_word_hi4_muxclean_aig.evaluate.py.log,,,,,,,,,,,,,,,,,,,,,,,,,,,,,,
bf16-fp16-r9,bf16,ex218,ex218|odd_power_sign_magnitude_highrun_low_nested|fold sign from magnitude for odd BF16 power/root case; high magnitude run trees plus nested low group:ex218_r9_foldmag_low8_hi4_abc_g_aig|share positive-domain magnitude across both signs and derive NaN-aware sign once|abc_g_aig|abc_xf_official_evaluate|bf16_fp16_r9,odd_power_sign_magnitude_highrun_low_nested,equivalent_nonwinning,840,14,11760,student/work/ex204_ex299_frontend_breakthrough_20260614_1051/bf16-fp16-r9/ex218/verilog/ex218_r9_foldmag_low8_hi4_abc_g_aig.v,student/work/ex204_ex299_frontend_breakthrough_20260614_1051/bf16-fp16-r9/ex218/aigs/ex218_r9_foldmag_low8_hi4_abc_g_aig.aig,student/runs/bf16/ex204_ex299_frontend_breakthrough_20260614_1051/bf16-fp16-r9/ex218/official_eval/ex218_r9_foldmag_low8_hi4_abc_g_aig/ex218_r9_foldmag_low8_hi4_abc_g_aig.evaluate.py.log,student/frontend_campaigns/campaigns/ex204_ex299_frontend_breakthrough_20260614_1051/agent_shards/bf16-fp16-r9/failed_hypotheses.csv,"sign/magnitude folded odd-power source; sign_mismatch_non_nan=0; mag_low8:nested_hi=4,items=11067,const_key=169,const_hi=34; mag_b14:runs=258,max=2,const=254; mag_b13:runs=260,max=2,const=252; mag_b12:runs=264,max=2,const=248; mag_b11:runs=272,max=2,const=240; mag_b10:runs=288,max=2,const=224; mag_b9:runs=320,max=2,const=192; mag_b8:runs=384,max=3,const=170; evaluate.py exit 0; elapsed 0.544s; yosys abc_g_aig exit 0; elapsed 4.097s",,,,,840,14,11760,,,,,student/runs/bf16/ex204_ex299_frontend_breakthrough_20260614_1051/bf16-fp16-r9/ex218/official_eval/ex218_r9_foldmag_low8_hi4_abc_g_aig/ex218_r9_foldmag_low8_hi4_abc_g_aig.evaluate.py.log,,,,,,,,,,,,,,,,,,,,,,,,,,,,,,
bf16-fp16-r9,bf16,ex218,ex218|odd_power_sign_magnitude_word_decision_graph|fold sign from magnitude for odd BF16 power/root case; word-level nested magnitude graph:ex218_r9_foldmag_word_hi4_muxclean_aig|share positive-domain word magnitude across both signs and derive NaN-aware sign once|muxclean_aig|abc_xf_official_evaluate|bf16_fp16_r9,odd_power_sign_magnitude_word_decision_graph,equivalent_nonwinning,803,13,10439,student/work/ex204_ex299_frontend_breakthrough_20260614_1051/bf16-fp16-r9/ex218/verilog/ex218_r9_foldmag_word_hi4_muxclean_aig.v,student/work/ex204_ex299_frontend_breakthrough_20260614_1051/bf16-fp16-r9/ex218/aigs/ex218_r9_foldmag_word_hi4_muxclean_aig.aig,student/runs/bf16/ex204_ex299_frontend_breakthrough_20260614_1051/bf16-fp16-r9/ex218/official_eval/ex218_r9_foldmag_word_hi4_muxclean_aig/ex218_r9_foldmag_word_hi4_muxclean_aig.evaluate.py.log,student/frontend_campaigns/campaigns/ex204_ex299_frontend_breakthrough_20260614_1051/agent_shards/bf16-fp16-r9/failed_hypotheses.csv,word-level sign/magnitude folded nested decision graph; nested_hi=4; items=11067; const_key=169; const_hi=34; sign_mismatch_non_nan=0; evaluate.py exit 0; elapsed 0.491s; yosys muxclean_aig exit 0; elapsed 4.429s,,,,,803,13,10439,,,,,student/runs/bf16/ex204_ex299_frontend_breakthrough_20260614_1051/bf16-fp16-r9/ex218/official_eval/ex218_r9_foldmag_word_hi4_muxclean_aig/ex218_r9_foldmag_word_hi4_muxclean_aig.evaluate.py.log,,,,,,,,,,,,,,,,,,,,,,,,,,,,,,
bf16-fp16-r9,bf16,ex219,ex219|odd_power_sign_magnitude_highrun_low_nested|fold sign from magnitude for odd BF16 power/root case; high magnitude run trees plus nested low group:ex219_r9_foldmag_low8_hi4_abc_g_aig|share positive-domain magnitude across both signs and derive NaN-aware sign once|abc_g_aig|abc_xf_official_evaluate|bf16_fp16_r9,odd_power_sign_magnitude_highrun_low_nested,equivalent_nonwinning,1361,13,17693,student/work/ex204_ex299_frontend_breakthrough_20260614_1051/bf16-fp16-r9/ex219/verilog/ex219_r9_foldmag_low8_hi4_abc_g_aig.v,student/work/ex204_ex299_frontend_breakthrough_20260614_1051/bf16-fp16-r9/ex219/aigs/ex219_r9_foldmag_low8_hi4_abc_g_aig.aig,student/runs/bf16/ex204_ex299_frontend_breakthrough_20260614_1051/bf16-fp16-r9/ex219/official_eval/ex219_r9_foldmag_low8_hi4_abc_g_aig/ex219_r9_foldmag_low8_hi4_abc_g_aig.evaluate.py.log,student/frontend_campaigns/campaigns/ex204_ex299_frontend_breakthrough_20260614_1051/agent_shards/bf16-fp16-r9/failed_hypotheses.csv,"sign/magnitude folded odd-power source; sign_mismatch_non_nan=0; mag_low8:nested_hi=4,items=32536,const_key=1,const_hi=15; mag_b14:runs=258,max=2,const=254; mag_b13:runs=258,max=2,const=254; mag_b12:runs=260,max=2,const=252; mag_b11:runs=262,max=2,const=250; mag_b10:runs=268,max=2,const=244; mag_b9:runs=278,max=2,const=234; mag_b8:runs=299,max=2,const=213; evaluate.py exit 0; elapsed 1.095s; yosys abc_g_aig exit 0; elapsed 10.033s",,,,,1361,13,17693,,,,,student/runs/bf16/ex204_ex299_frontend_breakthrough_20260614_1051/bf16-fp16-r9/ex219/official_eval/ex219_r9_foldmag_low8_hi4_abc_g_aig/ex219_r9_foldmag_low8_hi4_abc_g_aig.evaluate.py.log,,,,,,,,,,,,,,,,,,,,,,,,,,,,,,
bf16-fp16-r9,bf16,ex219,ex219|odd_power_sign_magnitude_highrun_low_nested|fold sign from magnitude for odd BF16 power/root case; high magnitude run trees plus nested low group:ex219_r9_foldmag_low7_hi5_optfull_aig|share positive-domain magnitude across both signs and derive NaN-aware sign once|optfull_aig|abc_xf_official_evaluate|bf16_fp16_r9,odd_power_sign_magnitude_highrun_low_nested,equivalent_nonwinning,1510,13,19630,student/work/ex204_ex299_frontend_breakthrough_20260614_1051/bf16-fp16-r9/ex219/verilog/ex219_r9_foldmag_low7_hi5_optfull_aig.v,student/work/ex204_ex299_frontend_breakthrough_20260614_1051/bf16-fp16-r9/ex219/aigs/ex219_r9_foldmag_low7_hi5_optfull_aig.aig,student/runs/bf16/ex204_ex299_frontend_breakthrough_20260614_1051/bf16-fp16-r9/ex219/official_eval/ex219_r9_foldmag_low7_hi5_optfull_aig/ex219_r9_foldmag_low7_hi5_optfull_aig.evaluate.py.log,student/frontend_campaigns/campaigns/ex204_ex299_frontend_breakthrough_20260614_1051/agent_shards/bf16-fp16-r9/failed_hypotheses.csv,"sign/magnitude folded odd-power source; sign_mismatch_non_nan=0; mag_low7:nested_hi=5,items=30274,const_key=1,const_hi=789; mag_b14:runs=258,max=2,const=254; mag_b13:runs=258,max=2,const=254; mag_b12:runs=260,max=2,const=252; mag_b11:runs=262,max=2,const=250; mag_b10:runs=268,max=2,const=244; mag_b9:runs=278,max=2,const=234; mag_b8:runs=299,max=2,const=213; mag_b7:runs=342,max=2,const=170; evaluate.py exit 0; elapsed 1.135s; yosys optfull_aig exit 0; elapsed 11.670s",,,,,1510,13,19630,,,,,student/runs/bf16/ex204_ex299_frontend_breakthrough_20260614_1051/bf16-fp16-r9/ex219/official_eval/ex219_r9_foldmag_low7_hi5_optfull_aig/ex219_r9_foldmag_low7_hi5_optfull_aig.evaluate.py.log,,,,,,,,,,,,,,,,,,,,,,,,,,,,,,
bf16-fp16-r9,fp16,ex223,"ex223|truth_cofactor_highrun_low_nested|standalone truth-derived key cofactor with high output run trees and nested low output group:ex223_r9_key_low10_hi6_abc_g_aig|share sign/exponent key decode, high-bit mantissa runs, and one nested low-bit mantissa table|abc_g_aig|abc_xf_official_evaluate|bf16_fp16_r9",truth_cofactor_highrun_low_nested,equivalent_nonwinning,11484,19,218196,student/work/ex204_ex299_frontend_breakthrough_20260614_1051/bf16-fp16-r9/ex223/verilog/ex223_r9_key_low10_hi6_abc_g_aig.v,student/work/ex204_ex299_frontend_breakthrough_20260614_1051/bf16-fp16-r9/ex223/aigs/ex223_r9_key_low10_hi6_abc_g_aig.aig,student/runs/fp16/ex204_ex299_frontend_breakthrough_20260614_1051/bf16-fp16-r9/ex223/official_eval/ex223_r9_key_low10_hi6_abc_g_aig/ex223_r9_key_low10_hi6_abc_g_aig.evaluate.py.log,student/frontend_campaigns/campaigns/ex204_ex299_frontend_breakthrough_20260614_1051/agent_shards/bf16-fp16-r9/failed_hypotheses.csv,"standalone key-cofactored high-bit run trees plus nested low group; low10:nested_hi=6,items=30772,const_key=33,const_hi=67; b15:runs=64,max=1,const_keys=64; b14:runs=66,max=2,const_keys=62; b13:runs=68,max=2,const_keys=60; b12:runs=71,max=4,const_keys=60; b11:runs=78,max=6,const_keys=58; b10:runs=92,max=11,const_keys=54; evaluate.py exit 0; elapsed 1.493s; yosys abc_g_aig exit 0; elapsed 12.954s",,,,,11484,19,218196,,,,,student/runs/fp16/ex204_ex299_frontend_breakthrough_20260614_1051/bf16-fp16-r9/ex223/official_eval/ex223_r9_key_low10_hi6_abc_g_aig/ex223_r9_key_low10_hi6_abc_g_aig.evaluate.py.log,,,,,,,,,,,,,,,,,,,,,,,,,,,,,,
bf16-fp16-r9,fp16,ex223,"ex223|truth_cofactor_highrun_low_nested|standalone truth-derived key cofactor with high output run trees and nested low output group:ex223_r9_key_low12_hi5_muxclean_aig|share sign/exponent key decode, high-bit mantissa runs, and one nested low-bit mantissa table|muxclean_aig|abc_xf_official_evaluate|bf16_fp16_r9",truth_cofactor_highrun_low_nested,equivalent_nonwinning,10771,19,204649,student/work/ex204_ex299_frontend_breakthrough_20260614_1051/bf16-fp16-r9/ex223/verilog/ex223_r9_key_low12_hi5_muxclean_aig.v,student/work/ex204_ex299_frontend_breakthrough_20260614_1051/bf16-fp16-r9/ex223/aigs/ex223_r9_key_low12_hi5_muxclean_aig.aig,student/runs/fp16/ex204_ex299_frontend_breakthrough_20260614_1051/bf16-fp16-r9/ex223/official_eval/ex223_r9_key_low12_hi5_muxclean_aig/ex223_r9_key_low12_hi5_muxclean_aig.evaluate.py.log,student/frontend_campaigns/campaigns/ex204_ex299_frontend_breakthrough_20260614_1051/agent_shards/bf16-fp16-r9/failed_hypotheses.csv,"standalone key-cofactored high-bit run trees plus nested low group; low12:nested_hi=5,items=30816,const_key=33,const_hi=31; b15:runs=64,max=1,const_keys=64; b14:runs=66,max=2,const_keys=62; b13:runs=68,max=2,const_keys=60; b12:runs=71,max=4,const_keys=60; evaluate.py exit 0; elapsed 1.417s; yosys muxclean_aig exit 0; elapsed 11.864s",,,,,10771,19,204649,,,,,student/runs/fp16/ex204_ex299_frontend_breakthrough_20260614_1051/bf16-fp16-r9/ex223/official_eval/ex223_r9_key_low12_hi5_muxclean_aig/ex223_r9_key_low12_hi5_muxclean_aig.evaluate.py.log,,,,,,,,,,,,,,,,,,,,,,,,,,,,,,
bf16-fp16-r9,fp16,ex225,"ex225|truth_cofactor_highrun_low_nested|standalone truth-derived key cofactor with high output run trees and nested low output group:ex225_r9_key_low11_hi5_abc_g_aig|share sign/exponent key decode, high-bit mantissa runs, and one nested low-bit mantissa table|abc_g_aig|abc_xf_official_evaluate|bf16_fp16_r9",truth_cofactor_highrun_low_nested,equivalent_nonwinning,11607,19,220533,student/work/ex204_ex299_frontend_breakthrough_20260614_1051/bf16-fp16-r9/ex225/verilog/ex225_r9_key_low11_hi5_abc_g_aig.v,student/work/ex204_ex299_frontend_breakthrough_20260614_1051/bf16-fp16-r9/ex225/aigs/ex225_r9_key_low11_hi5_abc_g_aig.aig,student/runs/fp16/ex204_ex299_frontend_breakthrough_20260614_1051/bf16-fp16-r9/ex225/official_eval/ex225_r9_key_low11_hi5_abc_g_aig/ex225_r9_key_low11_hi5_abc_g_aig.evaluate.py.log,student/frontend_campaigns/campaigns/ex204_ex299_frontend_breakthrough_20260614_1051/agent_shards/bf16-fp16-r9/failed_hypotheses.csv,"standalone key-cofactored high-bit run trees plus nested low group; low11:nested_hi=5,items=30816,const_key=33,const_hi=31; b15:runs=64,max=1,const_keys=64; b14:runs=66,max=2,const_keys=62; b13:runs=68,max=2,const_keys=60; b12:runs=72,max=4,const_keys=60; b11:runs=79,max=7,const_keys=58; evaluate.py exit 0; elapsed 1.446s; yosys abc_g_aig exit 0; elapsed 11.520s",,,,,11607,19,220533,,,,,student/runs/fp16/ex204_ex299_frontend_breakthrough_20260614_1051/bf16-fp16-r9/ex225/official_eval/ex225_r9_key_low11_hi5_abc_g_aig/ex225_r9_key_low11_hi5_abc_g_aig.evaluate.py.log,,,,,,,,,,,,,,,,,,,,,,,,,,,,,,
bf16-fp16-r9,fp16,ex225,ex225|truth_cofactor_word_decision_graph|standalone word-level nested key/mantissa decision graph:ex225_r9_wordnested_hi6_optfull_aig|share one word-level cofactor graph per sign/exponent key|optfull_aig|abc_xf_official_evaluate|bf16_fp16_r9,truth_cofactor_word_decision_graph,equivalent_nonwinning,12819,19,243561,student/work/ex204_ex299_frontend_breakthrough_20260614_1051/bf16-fp16-r9/ex225/verilog/ex225_r9_wordnested_hi6_optfull_aig.v,student/work/ex204_ex299_frontend_breakthrough_20260614_1051/bf16-fp16-r9/ex225/aigs/ex225_r9_wordnested_hi6_optfull_aig.aig,student/runs/fp16/ex204_ex299_frontend_breakthrough_20260614_1051/bf16-fp16-r9/ex225/official_eval/ex225_r9_wordnested_hi6_optfull_aig/ex225_r9_wordnested_hi6_optfull_aig.evaluate.py.log,student/frontend_campaigns/campaigns/ex204_ex299_frontend_breakthrough_20260614_1051/agent_shards/bf16-fp16-r9/failed_hypotheses.csv,standalone word-level nested key/mantissa decision graph; nested_hi=6; items=30757; const_key=33; const_hi=68; evaluate.py exit 0; elapsed 1.423s; yosys optfull_aig exit 0; elapsed 15.281s,,,,,12819,19,243561,,,,,student/runs/fp16/ex204_ex299_frontend_breakthrough_20260614_1051/bf16-fp16-r9/ex225/official_eval/ex225_r9_wordnested_hi6_optfull_aig/ex225_r9_wordnested_hi6_optfull_aig.evaluate.py.log,,,,,,,,,,,,,,,,,,,,,,,,,,,,,,
bf16-fp16-r9,bf16,ex204,ex204|active_normal_currentbase_compact_special_shell|current best source used only for active-normal region with a new compact truth-derived special shell:ex204_r9_active_shell_currentbase_abc_g_aig|share active-normal base logic while exposing nonactive constant/NaN/inf shell outside the base module|abc_g_aig|abc_xf_official_evaluate|bf16_fp16_r9,active_normal_currentbase_compact_special_shell,equivalent_nonwinning,1587,17,26979,student/work/ex204_ex299_frontend_breakthrough_20260614_1051/bf16-fp16-r9/ex204/verilog/ex204_r9_active_shell_currentbase_abc_g_aig.v,student/work/ex204_ex299_frontend_breakthrough_20260614_1051/bf16-fp16-r9/ex204/aigs/ex204_r9_active_shell_currentbase_abc_g_aig.aig,student/runs/bf16/ex204_ex299_frontend_breakthrough_20260614_1051/bf16-fp16-r9/ex204/official_eval/ex204_r9_active_shell_currentbase_abc_g_aig/ex204_r9_active_shell_currentbase_abc_g_aig.evaluate.py.log,student/frontend_campaigns/campaigns/ex204_ex299_frontend_breakthrough_20260614_1051/agent_shards/bf16-fp16-r9/failed_hypotheses.csv,"active-normal wrapper over current best with compact truth-derived special shell; active_keys=254; special_keys=258; special_modes=const:257,singleton_else:1; source=student/work/ex200_ex299_frontend_refgap_round24_20260613_0435/mixed-r24/ex204/verilog/ex204_r24_bf16_log2_log2_arithbase_delta_hilo3_bits_11_14_bh2.v; evaluate.py exit 0; elapsed 1.110s; yosys abc_g_aig exit 0; elapsed 5.348s",,,,,1587,17,26979,,,,,student/runs/bf16/ex204_ex299_frontend_breakthrough_20260614_1051/bf16-fp16-r9/ex204/official_eval/ex204_r9_active_shell_currentbase_abc_g_aig/ex204_r9_active_shell_currentbase_abc_g_aig.evaluate.py.log,,,,,,,,,,,,,,,,,,,,,,,,,,,,,,
bf16-fp16-r9,bf16,ex205,ex205|active_normal_currentbase_compact_special_shell|current best source used only for active-normal region with a new compact truth-derived special shell:ex205_r9_active_shell_currentbase_optfull_aig|share active-normal base logic while exposing nonactive constant/NaN/inf shell outside the base module|optfull_aig|abc_xf_official_evaluate|bf16_fp16_r9,active_normal_currentbase_compact_special_shell,equivalent_nonwinning,4456,16,71296,student/work/ex204_ex299_frontend_breakthrough_20260614_1051/bf16-fp16-r9/ex205/verilog/ex205_r9_active_shell_currentbase_optfull_aig.v,student/work/ex204_ex299_frontend_breakthrough_20260614_1051/bf16-fp16-r9/ex205/aigs/ex205_r9_active_shell_currentbase_optfull_aig.aig,student/runs/bf16/ex204_ex299_frontend_breakthrough_20260614_1051/bf16-fp16-r9/ex205/official_eval/ex205_r9_active_shell_currentbase_optfull_aig/ex205_r9_active_shell_currentbase_optfull_aig.evaluate.py.log,student/frontend_campaigns/campaigns/ex204_ex299_frontend_breakthrough_20260614_1051/agent_shards/bf16-fp16-r9/failed_hypotheses.csv,"active-normal wrapper over current best with compact truth-derived special shell; active_keys=254; special_keys=258; special_modes=const:257,singleton_else:1; source=student/work/ex204_ex299_frontend_breakthrough_20260614_1051/unary-r7/ex205/verilog/ex205_r7_flow_optfull_aig.v; evaluate.py exit 0; elapsed 1.097s; yosys optfull_aig exit 0; elapsed 5.801s",,,,,4456,16,71296,,,,,student/runs/bf16/ex204_ex299_frontend_breakthrough_20260614_1051/bf16-fp16-r9/ex205/official_eval/ex205_r9_active_shell_currentbase_optfull_aig/ex205_r9_active_shell_currentbase_optfull_aig.evaluate.py.log,,,,,,,,,,,,,,,,,,,,,,,,,,,,,,
bf16-fp16-r9,fp16,ex223,"ex223|truth_cofactor_highrun_low_nested|standalone truth-derived key cofactor with high output run trees and nested low output group:ex223_r9_key_low11_hi5_abc_g_aig|share sign/exponent key decode, high-bit mantissa runs, and one nested low-bit mantissa table|abc_g_aig|abc_xf_official_evaluate|bf16_fp16_r9",truth_cofactor_highrun_low_nested,equivalent_nonwinning,10792,19,205048,student/work/ex204_ex299_frontend_breakthrough_20260614_1051/bf16-fp16-r9/ex223/verilog/ex223_r9_key_low11_hi5_abc_g_aig.v,student/work/ex204_ex299_frontend_breakthrough_20260614_1051/bf16-fp16-r9/ex223/aigs/ex223_r9_key_low11_hi5_abc_g_aig.aig,student/runs/fp16/ex204_ex299_frontend_breakthrough_20260614_1051/bf16-fp16-r9/ex223/official_eval/ex223_r9_key_low11_hi5_abc_g_aig/ex223_r9_key_low11_hi5_abc_g_aig.evaluate.py.log,student/frontend_campaigns/campaigns/ex204_ex299_frontend_breakthrough_20260614_1051/agent_shards/bf16-fp16-r9/failed_hypotheses.csv,"standalone key-cofactored high-bit run trees plus nested low group; low11:nested_hi=5,items=30816,const_key=33,const_hi=31; b15:runs=64,max=1,const_keys=64; b14:runs=66,max=2,const_keys=62; b13:runs=68,max=2,const_keys=60; b12:runs=71,max=4,const_keys=60; b11:runs=78,max=6,const_keys=58; evaluate.py exit 0; elapsed 1.424s; yosys abc_g_aig exit 0; elapsed 11.217s",,,,,10792,19,205048,,,,,student/runs/fp16/ex204_ex299_frontend_breakthrough_20260614_1051/bf16-fp16-r9/ex223/official_eval/ex223_r9_key_low11_hi5_abc_g_aig/ex223_r9_key_low11_hi5_abc_g_aig.evaluate.py.log,,,,,,,,,,,,,,,,,,,,,,,,,,,,,,
bf16-fp16-r9,fp16,ex223,ex223|active_normal_currentbase_compact_special_shell|current best source used only for active-normal region with a new compact truth-derived special shell:ex223_r9_active_shell_currentbase_abc_g_aig|share active-normal base logic while exposing nonactive constant/NaN/inf shell outside the base module|abc_g_aig|abc_xf_official_evaluate|bf16_fp16_r9,active_normal_currentbase_compact_special_shell,equivalent_nonwinning,10766,19,204554,student/work/ex204_ex299_frontend_breakthrough_20260614_1051/bf16-fp16-r9/ex223/verilog/ex223_r9_active_shell_currentbase_abc_g_aig.v,student/work/ex204_ex299_frontend_breakthrough_20260614_1051/bf16-fp16-r9/ex223/aigs/ex223_r9_active_shell_currentbase_abc_g_aig.aig,student/runs/fp16/ex204_ex299_frontend_breakthrough_20260614_1051/bf16-fp16-r9/ex223/official_eval/ex223_r9_active_shell_currentbase_abc_g_aig/ex223_r9_active_shell_currentbase_abc_g_aig.evaluate.py.log,student/frontend_campaigns/campaigns/ex204_ex299_frontend_breakthrough_20260614_1051/agent_shards/bf16-fp16-r9/failed_hypotheses.csv,"active-normal wrapper over current best with compact truth-derived special shell; active_keys=30; special_keys=34; special_modes=const:33,singleton_else:1; source=student/work/frontend_truthroot_parallel_round86_20260613_2221/sub-fp16-int-root-r86/ex223/verilog/ex223_r86_truthroot_bit11.v; evaluate.py exit 0; elapsed 1.469s; yosys abc_g_aig exit 0; elapsed 11.352s",,,,,10766,19,204554,,,,,student/runs/fp16/ex204_ex299_frontend_breakthrough_20260614_1051/bf16-fp16-r9/ex223/official_eval/ex223_r9_active_shell_currentbase_abc_g_aig/ex223_r9_active_shell_currentbase_abc_g_aig.evaluate.py.log,,,,,,,,,,,,,,,,,,,,,,,,,,,,,,
bf16-fp16-r9,fp16,ex225,"ex225|truth_cofactor_highrun_low_nested|standalone truth-derived key cofactor with high output run trees and nested low output group:ex225_r9_key_low12_hi6_muxclean_aig|share sign/exponent key decode, high-bit mantissa runs, and one nested low-bit mantissa table|muxclean_aig|abc_xf_official_evaluate|bf16_fp16_r9",truth_cofactor_highrun_low_nested,equivalent_nonwinning,12785,18,230130,student/work/ex204_ex299_frontend_breakthrough_20260614_1051/bf16-fp16-r9/ex225/verilog/ex225_r9_key_low12_hi6_muxclean_aig.v,student/work/ex204_ex299_frontend_breakthrough_20260614_1051/bf16-fp16-r9/ex225/aigs/ex225_r9_key_low12_hi6_muxclean_aig.aig,student/runs/fp16/ex204_ex299_frontend_breakthrough_20260614_1051/bf16-fp16-r9/ex225/official_eval/ex225_r9_key_low12_hi6_muxclean_aig/ex225_r9_key_low12_hi6_muxclean_aig.evaluate.py.log,student/frontend_campaigns/campaigns/ex204_ex299_frontend_breakthrough_20260614_1051/agent_shards/bf16-fp16-r9/failed_hypotheses.csv,"standalone key-cofactored high-bit run trees plus nested low group; low12:nested_hi=6,items=30757,const_key=33,const_hi=68; b15:runs=64,max=1,const_keys=64; b14:runs=66,max=2,const_keys=62; b13:runs=68,max=2,const_keys=60; b12:runs=72,max=4,const_keys=60; evaluate.py exit 0; elapsed 1.511s; yosys muxclean_aig exit 0; elapsed 14.766s",,,,,12785,18,230130,,,,,student/runs/fp16/ex204_ex299_frontend_breakthrough_20260614_1051/bf16-fp16-r9/ex225/official_eval/ex225_r9_key_low12_hi6_muxclean_aig/ex225_r9_key_low12_hi6_muxclean_aig.evaluate.py.log,,,,,,,,,,,,,,,,,,,,,,,,,,,,,,
bf16-fp16-r9,fp16,ex225,ex225|active_normal_currentbase_compact_special_shell|current best source used only for active-normal region with a new compact truth-derived special shell:ex225_r9_active_shell_currentbase_abc_g_aig|share active-normal base logic while exposing nonactive constant/NaN/inf shell outside the base module|abc_g_aig|abc_xf_official_evaluate|bf16_fp16_r9,active_normal_currentbase_compact_special_shell,equivalent_nonwinning,11529,19,219051,student/work/ex204_ex299_frontend_breakthrough_20260614_1051/bf16-fp16-r9/ex225/verilog/ex225_r9_active_shell_currentbase_abc_g_aig.v,student/work/ex204_ex299_frontend_breakthrough_20260614_1051/bf16-fp16-r9/ex225/aigs/ex225_r9_active_shell_currentbase_abc_g_aig.aig,student/runs/fp16/ex204_ex299_frontend_breakthrough_20260614_1051/bf16-fp16-r9/ex225/official_eval/ex225_r9_active_shell_currentbase_abc_g_aig/ex225_r9_active_shell_currentbase_abc_g_aig.evaluate.py.log,student/frontend_campaigns/campaigns/ex204_ex299_frontend_breakthrough_20260614_1051/agent_shards/bf16-fp16-r9/failed_hypotheses.csv,"active-normal wrapper over current best with compact truth-derived special shell; active_keys=30; special_keys=34; special_modes=const:33,singleton_else:1; source=student/work/frontend_source_parallel_round79_20260613_1838/sub-fp16-source-r79/ex225/verilog/ex225_r79_split_hi3_keep_highrun.v; evaluate.py exit 0; elapsed 1.434s; yosys abc_g_aig exit 0; elapsed 11.437s",,,,,11529,19,219051,,,,,student/runs/fp16/ex204_ex299_frontend_breakthrough_20260614_1051/bf16-fp16-r9/ex225/official_eval/ex225_r9_active_shell_currentbase_abc_g_aig/ex225_r9_active_shell_currentbase_abc_g_aig.evaluate.py.log,,,,,,,,,,,,,,,,,,,,,,,,,,,,,,
bf16-fp16-r9,fp16,ex225,ex225|active_normal_currentbase_compact_special_shell|current best source used only for active-normal region with a new compact truth-derived special shell:ex225_r9_active_shell_currentbase_muxclean_aig|share active-normal base logic while exposing nonactive constant/NaN/inf shell outside the base module|muxclean_aig|abc_xf_official_evaluate|bf16_fp16_r9,active_normal_currentbase_compact_special_shell,equivalent_nonwinning,11532,19,219108,student/work/ex204_ex299_frontend_breakthrough_20260614_1051/bf16-fp16-r9/ex225/verilog/ex225_r9_active_shell_currentbase_muxclean_aig.v,student/work/ex204_ex299_frontend_breakthrough_20260614_1051/bf16-fp16-r9/ex225/aigs/ex225_r9_active_shell_currentbase_muxclean_aig.aig,student/runs/fp16/ex204_ex299_frontend_breakthrough_20260614_1051/bf16-fp16-r9/ex225/official_eval/ex225_r9_active_shell_currentbase_muxclean_aig/ex225_r9_active_shell_currentbase_muxclean_aig.evaluate.py.log,student/frontend_campaigns/campaigns/ex204_ex299_frontend_breakthrough_20260614_1051/agent_shards/bf16-fp16-r9/failed_hypotheses.csv,"active-normal wrapper over current best with compact truth-derived special shell; active_keys=30; special_keys=34; special_modes=const:33,singleton_else:1; source=student/work/frontend_source_parallel_round79_20260613_1838/sub-fp16-source-r79/ex225/verilog/ex225_r79_split_hi3_keep_highrun.v; evaluate.py exit 0; elapsed 1.433s; yosys muxclean_aig exit 0; elapsed 11.182s",,,,,11532,19,219108,,,,,student/runs/fp16/ex204_ex299_frontend_breakthrough_20260614_1051/bf16-fp16-r9/ex225/official_eval/ex225_r9_active_shell_currentbase_muxclean_aig/ex225_r9_active_shell_currentbase_muxclean_aig.evaluate.py.log,,,,,,,,,,,,,,,,,,,,,,,,,,,,,,
bf16-fp16-r9,bf16,ex216,ex216|active_normal_currentbase_compact_special_shell|current best source used only for active-normal region with a new compact truth-derived special shell:ex216_r9_active_shell_currentbase_abc_g_aig|share active-normal base logic while exposing nonactive constant/NaN/inf shell outside the base module|abc_g_aig|abc_xf_official_evaluate|bf16_fp16_r9,active_normal_currentbase_compact_special_shell,equivalent_nonwinning,458,15,6870,student/work/ex204_ex299_frontend_breakthrough_20260614_1051/bf16-fp16-r9/ex216/verilog/ex216_r9_active_shell_currentbase_abc_g_aig.v,student/work/ex204_ex299_frontend_breakthrough_20260614_1051/bf16-fp16-r9/ex216/aigs/ex216_r9_active_shell_currentbase_abc_g_aig.aig,student/runs/bf16/ex204_ex299_frontend_breakthrough_20260614_1051/bf16-fp16-r9/ex216/official_eval/ex216_r9_active_shell_currentbase_abc_g_aig/ex216_r9_active_shell_currentbase_abc_g_aig.evaluate.py.log,student/frontend_campaigns/campaigns/ex204_ex299_frontend_breakthrough_20260614_1051/agent_shards/bf16-fp16-r9/failed_hypotheses.csv,"active-normal wrapper over current best with compact truth-derived special shell; active_keys=508; special_keys=4; special_modes=const:2,singleton_else:2; source=student/work/ex204_ex299_frontend_breakthrough_20260614_1051/unary-struct-r4/ex216/verilog/ex216_r4_current_source_abc_g_aig.v; evaluate.py exit 0; elapsed 0.599s; yosys abc_g_aig exit 0; elapsed 9.217s",,,,,458,15,6870,,,,,student/runs/bf16/ex204_ex299_frontend_breakthrough_20260614_1051/bf16-fp16-r9/ex216/official_eval/ex216_r9_active_shell_currentbase_abc_g_aig/ex216_r9_active_shell_currentbase_abc_g_aig.evaluate.py.log,,,,,,,,,,,,,,,,,,,,,,,,,,,,,,
bf16-fp16-r9,bf16,ex218,ex218|active_normal_currentbase_compact_special_shell|current best source used only for active-normal region with a new compact truth-derived special shell:ex218_r9_active_shell_currentbase_abc_g_aig|share active-normal base logic while exposing nonactive constant/NaN/inf shell outside the base module|abc_g_aig|abc_xf_official_evaluate|bf16_fp16_r9,active_normal_currentbase_compact_special_shell,equivalent_nonwinning,475,14,6650,student/work/ex204_ex299_frontend_breakthrough_20260614_1051/bf16-fp16-r9/ex218/verilog/ex218_r9_active_shell_currentbase_abc_g_aig.v,student/work/ex204_ex299_frontend_breakthrough_20260614_1051/bf16-fp16-r9/ex218/aigs/ex218_r9_active_shell_currentbase_abc_g_aig.aig,student/runs/bf16/ex204_ex299_frontend_breakthrough_20260614_1051/bf16-fp16-r9/ex218/official_eval/ex218_r9_active_shell_currentbase_abc_g_aig/ex218_r9_active_shell_currentbase_abc_g_aig.evaluate.py.log,student/frontend_campaigns/campaigns/ex204_ex299_frontend_breakthrough_20260614_1051/agent_shards/bf16-fp16-r9/failed_hypotheses.csv,"active-normal wrapper over current best with compact truth-derived special shell; active_keys=508; special_keys=4; special_modes=const:2,singleton_else:2; source=student/work/ex200_ex299_frontend_refgap_round19_20260612_2346/fpbf-existing-r19/ex218/verilog/ex218_bf16_reciprocal_cube_field_selector_abcgaig_r19.v; evaluate.py exit 0; elapsed 0.484s; yosys abc_g_aig exit 0; elapsed 16.331s",,,,,475,14,6650,,,,,student/runs/bf16/ex204_ex299_frontend_breakthrough_20260614_1051/bf16-fp16-r9/ex218/official_eval/ex218_r9_active_shell_currentbase_abc_g_aig/ex218_r9_active_shell_currentbase_abc_g_aig.evaluate.py.log,,,,,,,,,,,,,,,,,,,,,,,,,,,,,,
bf16-fp16-r9,bf16,ex219,ex219|active_normal_currentbase_compact_special_shell|current best source used only for active-normal region with a new compact truth-derived special shell:ex219_r9_active_shell_currentbase_abc_g_aig|share active-normal base logic while exposing nonactive constant/NaN/inf shell outside the base module|abc_g_aig|abc_xf_official_evaluate|bf16_fp16_r9,active_normal_currentbase_compact_special_shell,equivalent_nonwinning,676,15,10140,student/work/ex204_ex299_frontend_breakthrough_20260614_1051/bf16-fp16-r9/ex219/verilog/ex219_r9_active_shell_currentbase_abc_g_aig.v,student/work/ex204_ex299_frontend_breakthrough_20260614_1051/bf16-fp16-r9/ex219/aigs/ex219_r9_active_shell_currentbase_abc_g_aig.aig,student/runs/bf16/ex204_ex299_frontend_breakthrough_20260614_1051/bf16-fp16-r9/ex219/official_eval/ex219_r9_active_shell_currentbase_abc_g_aig/ex219_r9_active_shell_currentbase_abc_g_aig.evaluate.py.log,student/frontend_campaigns/campaigns/ex204_ex299_frontend_breakthrough_20260614_1051/agent_shards/bf16-fp16-r9/failed_hypotheses.csv,"active-normal wrapper over current best with compact truth-derived special shell; active_keys=508; special_keys=4; special_modes=const:2,singleton_else:2; source=student/work/ex204_ex299_frontend_breakthrough_20260614_1051/unary-struct-r4/ex219/verilog/ex219_r4_current_source_abc_g_aig.v; evaluate.py exit 0; elapsed 1.095s; yosys abc_g_aig exit 0; elapsed 10.749s",,,,,676,15,10140,,,,,student/runs/bf16/ex204_ex299_frontend_breakthrough_20260614_1051/bf16-fp16-r9/ex219/official_eval/ex219_r9_active_shell_currentbase_abc_g_aig/ex219_r9_active_shell_currentbase_abc_g_aig.evaluate.py.log,,,,,,,,,,,,,,,,,,,,,,,,,,,,,,
bf16-fp16-r9,bf16,ex204,ex204|active_normal_currentbase_compact_special_shell|current best source used only for active-normal region with a new compact truth-derived special shell:ex204_r9_active_shell_currentbase_muxclean_aig|share active-normal base logic while exposing nonactive constant/NaN/inf shell outside the base module|muxclean_aig|abc_xf_official_evaluate|bf16_fp16_r9,active_normal_currentbase_compact_special_shell,equivalent_nonwinning,1583,17,26911,student/work/ex204_ex299_frontend_breakthrough_20260614_1051/bf16-fp16-r9/ex204/verilog/ex204_r9_active_shell_currentbase_muxclean_aig.v,student/work/ex204_ex299_frontend_breakthrough_20260614_1051/bf16-fp16-r9/ex204/aigs/ex204_r9_active_shell_currentbase_muxclean_aig.aig,student/runs/bf16/ex204_ex299_frontend_breakthrough_20260614_1051/bf16-fp16-r9/ex204/official_eval/ex204_r9_active_shell_currentbase_muxclean_aig/ex204_r9_active_shell_currentbase_muxclean_aig.evaluate.py.log,student/frontend_campaigns/campaigns/ex204_ex299_frontend_breakthrough_20260614_1051/agent_shards/bf16-fp16-r9/failed_hypotheses.csv,"active-normal wrapper over current best with compact truth-derived special shell; active_keys=254; special_keys=258; special_modes=const:257,singleton_else:1; source=student/work/ex200_ex299_frontend_refgap_round24_20260613_0435/mixed-r24/ex204/verilog/ex204_r24_bf16_log2_log2_arithbase_delta_hilo3_bits_11_14_bh2.v; evaluate.py exit 0; elapsed 1.042s; yosys muxclean_aig exit 0; elapsed 5.169s",,,,,1583,17,26911,,,,,student/runs/bf16/ex204_ex299_frontend_breakthrough_20260614_1051/bf16-fp16-r9/ex204/official_eval/ex204_r9_active_shell_currentbase_muxclean_aig/ex204_r9_active_shell_currentbase_muxclean_aig.evaluate.py.log,,,,,,,,,,,,,,,,,,,,,,,,,,,,,,
bf16-fp16-r9,bf16,ex205,ex205|active_normal_currentbase_compact_special_shell|current best source used only for active-normal region with a new compact truth-derived special shell:ex205_r9_active_shell_currentbase_muxclean_aig|share active-normal base logic while exposing nonactive constant/NaN/inf shell outside the base module|muxclean_aig|abc_xf_official_evaluate|bf16_fp16_r9,active_normal_currentbase_compact_special_shell,equivalent_nonwinning,4434,16,70944,student/work/ex204_ex299_frontend_breakthrough_20260614_1051/bf16-fp16-r9/ex205/verilog/ex205_r9_active_shell_currentbase_muxclean_aig.v,student/work/ex204_ex299_frontend_breakthrough_20260614_1051/bf16-fp16-r9/ex205/aigs/ex205_r9_active_shell_currentbase_muxclean_aig.aig,student/runs/bf16/ex204_ex299_frontend_breakthrough_20260614_1051/bf16-fp16-r9/ex205/official_eval/ex205_r9_active_shell_currentbase_muxclean_aig/ex205_r9_active_shell_currentbase_muxclean_aig.evaluate.py.log,student/frontend_campaigns/campaigns/ex204_ex299_frontend_breakthrough_20260614_1051/agent_shards/bf16-fp16-r9/failed_hypotheses.csv,"active-normal wrapper over current best with compact truth-derived special shell; active_keys=254; special_keys=258; special_modes=const:257,singleton_else:1; source=student/work/ex204_ex299_frontend_breakthrough_20260614_1051/unary-r7/ex205/verilog/ex205_r7_flow_optfull_aig.v; evaluate.py exit 0; elapsed 0.997s; yosys muxclean_aig exit 0; elapsed 5.831s",,,,,4434,16,70944,,,,,student/runs/bf16/ex204_ex299_frontend_breakthrough_20260614_1051/bf16-fp16-r9/ex205/official_eval/ex205_r9_active_shell_currentbase_muxclean_aig/ex205_r9_active_shell_currentbase_muxclean_aig.evaluate.py.log,,,,,,,,,,,,,,,,,,,,,,,,,,,,,,
bf16-fp16-r9,fp16,ex223,ex223|active_normal_currentbase_compact_special_shell|current best source used only for active-normal region with a new compact truth-derived special shell:ex223_r9_active_shell_currentbase_optfull_aig|share active-normal base logic while exposing nonactive constant/NaN/inf shell outside the base module|optfull_aig|abc_xf_official_evaluate|bf16_fp16_r9,active_normal_currentbase_compact_special_shell,equivalent_nonwinning,10754,20,215080,student/work/ex204_ex299_frontend_breakthrough_20260614_1051/bf16-fp16-r9/ex223/verilog/ex223_r9_active_shell_currentbase_optfull_aig.v,student/work/ex204_ex299_frontend_breakthrough_20260614_1051/bf16-fp16-r9/ex223/aigs/ex223_r9_active_shell_currentbase_optfull_aig.aig,student/runs/fp16/ex204_ex299_frontend_breakthrough_20260614_1051/bf16-fp16-r9/ex223/official_eval/ex223_r9_active_shell_currentbase_optfull_aig/ex223_r9_active_shell_currentbase_optfull_aig.evaluate.py.log,student/frontend_campaigns/campaigns/ex204_ex299_frontend_breakthrough_20260614_1051/agent_shards/bf16-fp16-r9/failed_hypotheses.csv,"active-normal wrapper over current best with compact truth-derived special shell; active_keys=30; special_keys=34; special_modes=const:33,singleton_else:1; source=student/work/frontend_truthroot_parallel_round86_20260613_2221/sub-fp16-int-root-r86/ex223/verilog/ex223_r86_truthroot_bit11.v; evaluate.py exit 0; elapsed 1.413s; yosys optfull_aig exit 0; elapsed 11.031s",,,,,10754,20,215080,,,,,student/runs/fp16/ex204_ex299_frontend_breakthrough_20260614_1051/bf16-fp16-r9/ex223/official_eval/ex223_r9_active_shell_currentbase_optfull_aig/ex223_r9_active_shell_currentbase_optfull_aig.evaluate.py.log,,,,,,,,,,,,,,,,,,,,,,,,,,,,,,
bf16-fp16-r9,fp16,ex225,ex225|active_normal_currentbase_compact_special_shell|current best source used only for active-normal region with a new compact truth-derived special shell:ex225_r9_active_shell_currentbase_optfull_aig|share active-normal base logic while exposing nonactive constant/NaN/inf shell outside the base module|optfull_aig|abc_xf_official_evaluate|bf16_fp16_r9,active_normal_currentbase_compact_special_shell,equivalent_nonwinning,11517,19,218823,student/work/ex204_ex299_frontend_breakthrough_20260614_1051/bf16-fp16-r9/ex225/verilog/ex225_r9_active_shell_currentbase_optfull_aig.v,student/work/ex204_ex299_frontend_breakthrough_20260614_1051/bf16-fp16-r9/ex225/aigs/ex225_r9_active_shell_currentbase_optfull_aig.aig,student/runs/fp16/ex204_ex299_frontend_breakthrough_20260614_1051/bf16-fp16-r9/ex225/official_eval/ex225_r9_active_shell_currentbase_optfull_aig/ex225_r9_active_shell_currentbase_optfull_aig.evaluate.py.log,student/frontend_campaigns/campaigns/ex204_ex299_frontend_breakthrough_20260614_1051/agent_shards/bf16-fp16-r9/failed_hypotheses.csv,"active-normal wrapper over current best with compact truth-derived special shell; active_keys=30; special_keys=34; special_modes=const:33,singleton_else:1; source=student/work/frontend_source_parallel_round79_20260613_1838/sub-fp16-source-r79/ex225/verilog/ex225_r79_split_hi3_keep_highrun.v; evaluate.py exit 0; elapsed 1.473s; yosys optfull_aig exit 0; elapsed 12.182s",,,,,11517,19,218823,,,,,student/runs/fp16/ex204_ex299_frontend_breakthrough_20260614_1051/bf16-fp16-r9/ex225/official_eval/ex225_r9_active_shell_currentbase_optfull_aig/ex225_r9_active_shell_currentbase_optfull_aig.evaluate.py.log,,,,,,,,,,,,,,,,,,,,,,,,,,,,,,
bf16-fp16-r9,bf16,ex205,ex205|active_normal_currentbase_compact_special_shell|current best source used only for active-normal region with a new compact truth-derived special shell:ex205_r9_active_shell_fieldsplit_abc_g_aig|share active-normal base logic while exposing nonactive constant/NaN/inf shell outside the base module|abc_g_aig|abc_xf_official_evaluate|bf16_fp16_r9,active_normal_currentbase_compact_special_shell,equivalent_nonwinning,4466,16,71456,student/work/ex204_ex299_frontend_breakthrough_20260614_1051/bf16-fp16-r9/ex205/verilog/ex205_r9_active_shell_fieldsplit_abc_g_aig.v,student/work/ex204_ex299_frontend_breakthrough_20260614_1051/bf16-fp16-r9/ex205/aigs/ex205_r9_active_shell_fieldsplit_abc_g_aig.aig,student/runs/bf16/ex204_ex299_frontend_breakthrough_20260614_1051/bf16-fp16-r9/ex205/official_eval/ex205_r9_active_shell_fieldsplit_abc_g_aig/ex205_r9_active_shell_fieldsplit_abc_g_aig.evaluate.py.log,student/frontend_campaigns/campaigns/ex204_ex299_frontend_breakthrough_20260614_1051/agent_shards/bf16-fp16-r9/failed_hypotheses.csv,"active-normal wrapper over current best with compact truth-derived special shell; active_keys=254; special_keys=258; special_modes=const:257,singleton_else:1; split=15_15_14_7_6_0; source=student/work/ex204_ex299_frontend_breakthrough_20260614_1051/unary-r7/ex205/verilog/ex205_r7_flow_optfull_aig.v; evaluate.py exit 0; elapsed 1.082s; yosys abc_g_aig exit 0; elapsed 5.736s",,,,,4466,16,71456,,,,,student/runs/bf16/ex204_ex299_frontend_breakthrough_20260614_1051/bf16-fp16-r9/ex205/official_eval/ex205_r9_active_shell_fieldsplit_abc_g_aig/ex205_r9_active_shell_fieldsplit_abc_g_aig.evaluate.py.log,,,,,,,,,,,,,,,,,,,,,,,,,,,,,,
bf16-fp16-r9,bf16,ex205,ex205|active_normal_currentbase_compact_special_shell|current best source used only for active-normal region with a new compact truth-derived special shell:ex205_r9_active_shell_highlow_abc_g_aig|share active-normal base logic while exposing nonactive constant/NaN/inf shell outside the base module|abc_g_aig|abc_xf_official_evaluate|bf16_fp16_r9,active_normal_currentbase_compact_special_shell,equivalent_nonwinning,4452,17,75684,student/work/ex204_ex299_frontend_breakthrough_20260614_1051/bf16-fp16-r9/ex205/verilog/ex205_r9_active_shell_highlow_abc_g_aig.v,student/work/ex204_ex299_frontend_breakthrough_20260614_1051/bf16-fp16-r9/ex205/aigs/ex205_r9_active_shell_highlow_abc_g_aig.aig,student/runs/bf16/ex204_ex299_frontend_breakthrough_20260614_1051/bf16-fp16-r9/ex205/official_eval/ex205_r9_active_shell_highlow_abc_g_aig/ex205_r9_active_shell_highlow_abc_g_aig.evaluate.py.log,student/frontend_campaigns/campaigns/ex204_ex299_frontend_breakthrough_20260614_1051/agent_shards/bf16-fp16-r9/failed_hypotheses.csv,"active-normal wrapper over current best with compact truth-derived special shell; active_keys=254; special_keys=258; special_modes=const:257,singleton_else:1; split=15_13_12_0; source=student/work/ex204_ex299_frontend_breakthrough_20260614_1051/unary-r7/ex205/verilog/ex205_r7_flow_optfull_aig.v; evaluate.py exit 0; elapsed 1.061s; yosys abc_g_aig exit 0; elapsed 5.512s",,,,,4452,17,75684,,,,,student/runs/bf16/ex204_ex299_frontend_breakthrough_20260614_1051/bf16-fp16-r9/ex205/official_eval/ex205_r9_active_shell_highlow_abc_g_aig/ex205_r9_active_shell_highlow_abc_g_aig.evaluate.py.log,,,,,,,,,,,,,,,,,,,,,,,,,,,,,,
integer-r9,integer,ex273,ex273|unsigned_14-bit_square|current_square_hybrid_with_top_two_bits_from_shared_sqrt-boundary_threshold_wires|share_ge8192/ge11586/ge14190_predicates_across_top_square_bits_instead_of_independent_comparators|abc_g_aig|official_evaluate_py|frontend_only,square_shared_threshold_descriptor,NOT_EQUIV,,,,student/work/ex204_ex299_frontend_breakthrough_20260614_1051/integer-r9/ex273/verilog/ex273_r9_top2726_shared_threshold.v,student/work/ex204_ex299_frontend_breakthrough_20260614_1051/integer-r9/ex273/aigs/ex273_r9_top2726_shared_threshold.aig,student/work/ex204_ex299_frontend_breakthrough_20260614_1051/integer-r9/ex273/logs/ex273_r9_top2726_shared_threshold.evaluate.py.log,student/frontend_campaigns/campaigns/ex204_ex299_frontend_breakthrough_20260614_1051/agent_shards/integer-r9/failed_hypotheses.csv,official evaluate.py did not return OK,ex273_r9_top2726_shared_threshold,,,ex273_r9_top2726_shared_threshold,,,,,,,,student/work/ex204_ex299_frontend_breakthrough_20260614_1051/integer-r9/ex273/logs/ex273_r9_top2726_shared_threshold.evaluate.py.log,,,,,,,,,,,,2026-06-14 19:48:46 +0800,,,,student/work/ex204_ex299_frontend_breakthrough_20260614_1051/integer-r9/ex273/logs/ex273_r9_top2726_shared_threshold.yosys.log,,,,,,,,,,,ex204_ex299_frontend_breakthrough_20260614_1051,,,
integer-r9,integer,ex276,ex276|unsigned_floor_isqrt_10-to-5|direct_per-output_bit_logic_over_shared_global_low-threshold_predicates_and_hi_decode|reuse_lo>=threshold_predicates_across_all_hi_buckets_and_output_bits|abc_g_aig|official_evaluate_py|frontend_only,isqrt_shared_low_threshold_classifier,NOT_EQUIV,,,,student/work/ex204_ex299_frontend_breakthrough_20260614_1051/integer-r9/ex276/verilog/ex276_r9_shared_lo_threshold_bitlogic.v,student/work/ex204_ex299_frontend_breakthrough_20260614_1051/integer-r9/ex276/aigs/ex276_r9_shared_lo_threshold_bitlogic.aig,student/work/ex204_ex299_frontend_breakthrough_20260614_1051/integer-r9/ex276/logs/ex276_r9_shared_lo_threshold_bitlogic.evaluate.py.log,student/frontend_campaigns/campaigns/ex204_ex299_frontend_breakthrough_20260614_1051/agent_shards/integer-r9/failed_hypotheses.csv,official evaluate.py did not return OK,ex276_r9_shared_lo_threshold_bitlogic,,,ex276_r9_shared_lo_threshold_bitlogic,,,,,,,,student/work/ex204_ex299_frontend_breakthrough_20260614_1051/integer-r9/ex276/logs/ex276_r9_shared_lo_threshold_bitlogic.evaluate.py.log,,,,,,,,,,,,2026-06-14 19:49:12 +0800,,,,student/work/ex204_ex299_frontend_breakthrough_20260614_1051/integer-r9/ex276/logs/ex276_r9_shared_lo_threshold_bitlogic.yosys.log,,,,,,,,,,,ex204_ex299_frontend_breakthrough_20260614_1051,,,
integer-r9,integer,ex273,ex273|unsigned_14-bit_square|current_square_hybrid_with_top_two_bits_from_shared_sqrt-boundary_threshold_wires|share_ge8192/ge11586/ge14190_predicates_across_top_square_bits_instead_of_independent_comparators|optfull_aig|official_evaluate_py|frontend_only,square_shared_threshold_descriptor,NOT_EQUIV,,,,student/work/ex204_ex299_frontend_breakthrough_20260614_1051/integer-r9/ex273/verilog/ex273_r9_top2726_shared_threshold_optfull.v,student/work/ex204_ex299_frontend_breakthrough_20260614_1051/integer-r9/ex273/aigs/ex273_r9_top2726_shared_threshold_optfull.aig,student/work/ex204_ex299_frontend_breakthrough_20260614_1051/integer-r9/ex273/logs/ex273_r9_top2726_shared_threshold_optfull.evaluate.py.log,student/frontend_campaigns/campaigns/ex204_ex299_frontend_breakthrough_20260614_1051/agent_shards/integer-r9/failed_hypotheses.csv,official evaluate.py did not return OK,ex273_r9_top2726_shared_threshold_optfull,,,ex273_r9_top2726_shared_threshold_optfull,,,,,,,,student/work/ex204_ex299_frontend_breakthrough_20260614_1051/integer-r9/ex273/logs/ex273_r9_top2726_shared_threshold_optfull.evaluate.py.log,,,,,,,,,,,,2026-06-14 19:49:42 +0800,,,,student/work/ex204_ex299_frontend_breakthrough_20260614_1051/integer-r9/ex273/logs/ex273_r9_top2726_shared_threshold_optfull.yosys.log,,,,,,,,,,,ex204_ex299_frontend_breakthrough_20260614_1051,,,
integer-r9,integer,ex273,ex273|unsigned_14-bit_square|current_square_hybrid_with_top_two_bits_from_shared_sqrt-boundary_threshold_wires|share_ge8192/ge11586/ge14190_predicates_across_top_square_bits_instead_of_independent_comparators|abc_g_aig_d8|official_evaluate_py|frontend_only,square_shared_threshold_descriptor,NOT_EQUIV,,,,student/work/ex204_ex299_frontend_breakthrough_20260614_1051/integer-r9/ex273/verilog/ex273_r9_top2726_shared_threshold_d8.v,student/work/ex204_ex299_frontend_breakthrough_20260614_1051/integer-r9/ex273/aigs/ex273_r9_top2726_shared_threshold_d8.aig,student/work/ex204_ex299_frontend_breakthrough_20260614_1051/integer-r9/ex273/logs/ex273_r9_top2726_shared_threshold_d8.evaluate.py.log,student/frontend_campaigns/campaigns/ex204_ex299_frontend_breakthrough_20260614_1051/agent_shards/integer-r9/failed_hypotheses.csv,official evaluate.py did not return OK,ex273_r9_top2726_shared_threshold_d8,,,ex273_r9_top2726_shared_threshold_d8,,,,,,,,student/work/ex204_ex299_frontend_breakthrough_20260614_1051/integer-r9/ex273/logs/ex273_r9_top2726_shared_threshold_d8.evaluate.py.log,,,,,,,,,,,,2026-06-14 19:49:43 +0800,,,,student/work/ex204_ex299_frontend_breakthrough_20260614_1051/integer-r9/ex273/logs/ex273_r9_top2726_shared_threshold_d8.yosys.log,,,,,,,,,,,ex204_ex299_frontend_breakthrough_20260614_1051,,,
integer-r9,integer,ex273,ex273|unsigned_14-bit_square|current_square_hybrid_with_top_two_bits_from_shared_sqrt-boundary_threshold_wires|share_ge8192/ge11586/ge14190_predicates_across_top_square_bits_instead_of_independent_comparators|abc_g_and|official_evaluate_py|frontend_only,square_shared_threshold_descriptor,NOT_EQUIV,,,,student/work/ex204_ex299_frontend_breakthrough_20260614_1051/integer-r9/ex273/verilog/ex273_r9_top2726_shared_threshold_abc_and.v,student/work/ex204_ex299_frontend_breakthrough_20260614_1051/integer-r9/ex273/aigs/ex273_r9_top2726_shared_threshold_abc_and.aig,student/work/ex204_ex299_frontend_breakthrough_20260614_1051/integer-r9/ex273/logs/ex273_r9_top2726_shared_threshold_abc_and.evaluate.py.log,student/frontend_campaigns/campaigns/ex204_ex299_frontend_breakthrough_20260614_1051/agent_shards/integer-r9/failed_hypotheses.csv,official evaluate.py did not return OK,ex273_r9_top2726_shared_threshold_abc_and,,,ex273_r9_top2726_shared_threshold_abc_and,,,,,,,,student/work/ex204_ex299_frontend_breakthrough_20260614_1051/integer-r9/ex273/logs/ex273_r9_top2726_shared_threshold_abc_and.evaluate.py.log,,,,,,,,,,,,2026-06-14 19:49:44 +0800,,,,student/work/ex204_ex299_frontend_breakthrough_20260614_1051/integer-r9/ex273/logs/ex273_r9_top2726_shared_threshold_abc_and.yosys.log,,,,,,,,,,,ex204_ex299_frontend_breakthrough_20260614_1051,,,
unknown-hard-r3,unknown,ex286,,,,,,,student/work/ex204_ex299_frontend_breakthrough_20260614_1051/unknown-hard-r3/ex286/verilog/ex286_r3_vector_case_plain.v,student/work/ex204_ex299_frontend_breakthrough_20260614_1051/unknown-hard-r3/ex286/aigs/ex286_r3_vector_case_plain.aig,student/work/ex204_ex299_frontend_breakthrough_20260614_1051/unknown-hard-r3/ex286/logs/ex286_r3_vector_case_plain.evaluate.py.log,student/frontend_campaigns/campaigns/ex204_ex299_frontend_breakthrough_20260614_1051/agent_shards/unknown-hard-r3/failed_hypotheses.csv,equivalent but not below threshold,ex286_r3_vector_case_plain,,,ex286_r3_vector_case_plain,1364,15,20460,,recut symcof final onehot selector into a full-word vector case,vector_case_plain,OK,,,,student/work/ex204_ex299_frontend_breakthrough_20260614_1051/unknown-hard-r3/ex286/eval_outputs/ex286_r3_vector_case_plain,benchmarks/ex286.truth,true,,,,,,,,,,,,,,,,,,,,,,,20190,270,false
unknown-hard-r3,unknown,ex286,,,,,,,student/work/ex204_ex299_frontend_breakthrough_20260614_1051/unknown-hard-r3/ex286/verilog/ex286_r3_vector_case_attr.v,student/work/ex204_ex299_frontend_breakthrough_20260614_1051/unknown-hard-r3/ex286/aigs/ex286_r3_vector_case_attr.aig,student/work/ex204_ex299_frontend_breakthrough_20260614_1051/unknown-hard-r3/ex286/logs/ex286_r3_vector_case_attr.evaluate.py.log,student/frontend_campaigns/campaigns/ex204_ex299_frontend_breakthrough_20260614_1051/agent_shards/unknown-hard-r3/failed_hypotheses.csv,equivalent but not below threshold,ex286_r3_vector_case_attr,,,ex286_r3_vector_case_attr,1364,15,20460,,expose complete selector coverage with case attributes,vector_case_parallel_full_attr,OK,,,,student/work/ex204_ex299_frontend_breakthrough_20260614_1051/unknown-hard-r3/ex286/eval_outputs/ex286_r3_vector_case_attr,benchmarks/ex286.truth,true,,,,,,,,,,,,,,,,,,,,,,,20190,270,false
unknown-hard-r3,unknown,ex286,,,,,,,student/work/ex204_ex299_frontend_breakthrough_20260614_1051/unknown-hard-r3/ex286/verilog/ex286_r3_twolevel_hi23_lo01.v,student/work/ex204_ex299_frontend_breakthrough_20260614_1051/unknown-hard-r3/ex286/aigs/ex286_r3_twolevel_hi23_lo01.aig,student/work/ex204_ex299_frontend_breakthrough_20260614_1051/unknown-hard-r3/ex286/logs/ex286_r3_twolevel_hi23_lo01.evaluate.py.log,student/frontend_campaigns/campaigns/ex204_ex299_frontend_breakthrough_20260614_1051/agent_shards/unknown-hard-r3/failed_hypotheses.csv,equivalent but not below threshold,ex286_r3_twolevel_hi23_lo01,,,ex286_r3_twolevel_hi23_lo01,1380,17,23460,,share symcof selector predecode through two-level vector mux groups,twolevel_hi23_lo01,OK,,,,student/work/ex204_ex299_frontend_breakthrough_20260614_1051/unknown-hard-r3/ex286/eval_outputs/ex286_r3_twolevel_hi23_lo01,benchmarks/ex286.truth,true,,,,,,,,,,,,,,,,,,,,,,,20190,3270,false
unknown-hard-r3,unknown,ex286,,,,,,,student/work/ex204_ex299_frontend_breakthrough_20260614_1051/unknown-hard-r3/ex286/verilog/ex286_r3_balanced_vector_mux.v,student/work/ex204_ex299_frontend_breakthrough_20260614_1051/unknown-hard-r3/ex286/aigs/ex286_r3_balanced_vector_mux.aig,student/work/ex204_ex299_frontend_breakthrough_20260614_1051/unknown-hard-r3/ex286/logs/ex286_r3_balanced_vector_mux.evaluate.py.log,student/frontend_campaigns/campaigns/ex204_ex299_frontend_breakthrough_20260614_1051/agent_shards/unknown-hard-r3/failed_hypotheses.csv,equivalent but not below threshold,ex286_r3_balanced_vector_mux,,,ex286_r3_balanced_vector_mux,1370,19,26030,,force a balanced source-level vector mux tree over symcof cofactors,balanced_vector_mux,OK,,,,student/work/ex204_ex299_frontend_breakthrough_20260614_1051/unknown-hard-r3/ex286/eval_outputs/ex286_r3_balanced_vector_mux,benchmarks/ex286.truth,true,,,,,,,,,,,,,,,,,,,,,,,20190,5840,false
unknown-hard-r3,unknown,ex286,,,,,,,student/work/ex204_ex299_frontend_breakthrough_20260614_1051/unknown-hard-r3/ex286/verilog/ex286_r3_vector_onehot_mask.v,student/work/ex204_ex299_frontend_breakthrough_20260614_1051/unknown-hard-r3/ex286/aigs/ex286_r3_vector_onehot_mask.aig,student/work/ex204_ex299_frontend_breakthrough_20260614_1051/unknown-hard-r3/ex286/logs/ex286_r3_vector_onehot_mask.evaluate.py.log,student/frontend_campaigns/campaigns/ex204_ex299_frontend_breakthrough_20260614_1051/agent_shards/unknown-hard-r3/failed_hypotheses.csv,equivalent but not below threshold,ex286_r3_vector_onehot_mask,,,ex286_r3_vector_onehot_mask,1367,16,21872,,share selector predecode and mask whole cofactor vectors,vector_onehot_mask,OK,,,,student/work/ex204_ex299_frontend_breakthrough_20260614_1051/unknown-hard-r3/ex286/eval_outputs/ex286_r3_vector_onehot_mask,benchmarks/ex286.truth,true,,,,,,,,,,,,,,,,,,,,,,,20190,1682,false
unknown-hard-r3,unknown,ex286,,,,,,,student/work/ex204_ex299_frontend_breakthrough_20260614_1051/unknown-hard-r3/ex286/verilog/ex286_r3_predecode_onehot_mask.v,student/work/ex204_ex299_frontend_breakthrough_20260614_1051/unknown-hard-r3/ex286/aigs/ex286_r3_predecode_onehot_mask.aig,student/work/ex204_ex299_frontend_breakthrough_20260614_1051/unknown-hard-r3/ex286/logs/ex286_r3_predecode_onehot_mask.evaluate.py.log,student/frontend_campaigns/campaigns/ex204_ex299_frontend_breakthrough_20260614_1051/agent_shards/unknown-hard-r3/failed_hypotheses.csv,equivalent but not below threshold,ex286_r3_predecode_onehot_mask,,,ex286_r3_predecode_onehot_mask,1362,16,21792,,make selector complements explicit before vector cofactor masking,explicit_predecode_onehot_mask,OK,,,,student/work/ex204_ex299_frontend_breakthrough_20260614_1051/unknown-hard-r3/ex286/eval_outputs/ex286_r3_predecode_onehot_mask,benchmarks/ex286.truth,true,,,,,,,,,,,,,,,,,,,,,,,20190,1602,false
unknown-hard-r3,unknown,ex286,,,,,,,student/work/ex204_ex299_frontend_breakthrough_20260614_1051/unknown-hard-r3/ex286/verilog/ex286_r3_delta_g0_mask.v,student/work/ex204_ex299_frontend_breakthrough_20260614_1051/unknown-hard-r3/ex286/aigs/ex286_r3_delta_g0_mask.aig,student/work/ex204_ex299_frontend_breakthrough_20260614_1051/unknown-hard-r3/ex286/logs/ex286_r3_delta_g0_mask.evaluate.py.log,student/frontend_campaigns/campaigns/ex204_ex299_frontend_breakthrough_20260614_1051/agent_shards/unknown-hard-r3/failed_hypotheses.csv,equivalent but not below threshold,ex286_r3_delta_g0_mask,,,ex286_r3_delta_g0_mask,1947,23,44781,,factor cofactors as deltas from g_0 under onehot selector masks,delta_g0_onehot_mask,OK,,,,student/work/ex204_ex299_frontend_breakthrough_20260614_1051/unknown-hard-r3/ex286/eval_outputs/ex286_r3_delta_g0_mask,benchmarks/ex286.truth,true,,,,,,,,,,,,,,,,,,,,,,,20190,24591,false
unknown-hard-r3,unknown,ex287,,,,,,,student/work/ex204_ex299_frontend_breakthrough_20260614_1051/unknown-hard-r3/ex287/verilog/ex287_r3_sel_reorder_0312_case.v,student/work/ex204_ex299_frontend_breakthrough_20260614_1051/unknown-hard-r3/ex287/aigs/ex287_r3_sel_reorder_0312_case.aig,student/work/ex204_ex299_frontend_breakthrough_20260614_1051/unknown-hard-r3/ex287/logs/ex287_r3_sel_reorder_0312_case.evaluate.py.log,student/frontend_campaigns/campaigns/ex204_ex299_frontend_breakthrough_20260614_1051/agent_shards/unknown-hard-r3/failed_hypotheses.csv,equivalent but not below threshold,ex287_r3_sel_reorder_0312_case,,,ex287_r3_sel_reorder_0312_case,1688,16,27008,,change selector bit order while preserving k4 cofactor mapping,selector_reorder_0312_case,OK,,,,student/work/ex204_ex299_frontend_breakthrough_20260614_1051/unknown-hard-r3/ex287/eval_outputs/ex287_r3_sel_reorder_0312_case,benchmarks/ex287.truth,true,,,,,,,,,,,,,,,,,,,,,,,26880,128,false
unknown-hard-r3,unknown,ex287,,,,,,,student/work/ex204_ex299_frontend_breakthrough_20260614_1051/unknown-hard-r3/ex287/verilog/ex287_r3_twolevel_hi23_lo01.v,student/work/ex204_ex299_frontend_breakthrough_20260614_1051/unknown-hard-r3/ex287/aigs/ex287_r3_twolevel_hi23_lo01.aig,student/work/ex204_ex299_frontend_breakthrough_20260614_1051/unknown-hard-r3/ex287/logs/ex287_r3_twolevel_hi23_lo01.evaluate.py.log,student/frontend_campaigns/campaigns/ex204_ex299_frontend_breakthrough_20260614_1051/agent_shards/unknown-hard-r3/failed_hypotheses.csv,equivalent but not below threshold,ex287_r3_twolevel_hi23_lo01,,,ex287_r3_twolevel_hi23_lo01,1725,17,29325,,split k4 vector case into shared high/low selector mux levels,twolevel_hi23_lo01,OK,,,,student/work/ex204_ex299_frontend_breakthrough_20260614_1051/unknown-hard-r3/ex287/eval_outputs/ex287_r3_twolevel_hi23_lo01,benchmarks/ex287.truth,true,,,,,,,,,,,,,,,,,,,,,,,26880,2445,false
unknown-hard-r3,unknown,ex287,,,,,,,student/work/ex204_ex299_frontend_breakthrough_20260614_1051/unknown-hard-r3/ex287/verilog/ex287_r3_twolevel_a30_b21.v,student/work/ex204_ex299_frontend_breakthrough_20260614_1051/unknown-hard-r3/ex287/aigs/ex287_r3_twolevel_a30_b21.aig,student/work/ex204_ex299_frontend_breakthrough_20260614_1051/unknown-hard-r3/ex287/logs/ex287_r3_twolevel_a30_b21.evaluate.py.log,student/frontend_campaigns/campaigns/ex204_ex299_frontend_breakthrough_20260614_1051/agent_shards/unknown-hard-r3/failed_hypotheses.csv,equivalent but not below threshold,ex287_r3_twolevel_a30_b21,,,ex287_r3_twolevel_a30_b21,1741,18,31338,,alternate two-level selector grouping to avoid the prior flat full-word case,twolevel_a30_b21,OK,,,,student/work/ex204_ex299_frontend_breakthrough_20260614_1051/unknown-hard-r3/ex287/eval_outputs/ex287_r3_twolevel_a30_b21,benchmarks/ex287.truth,true,,,,,,,,,,,,,,,,,,,,,,,26880,4458,false
unknown-hard-r3,unknown,ex287,,,,,,,student/work/ex204_ex299_frontend_breakthrough_20260614_1051/unknown-hard-r3/ex287/verilog/ex287_r3_split_lo7_hi7_case.v,student/work/ex204_ex299_frontend_breakthrough_20260614_1051/unknown-hard-r3/ex287/aigs/ex287_r3_split_lo7_hi7_case.aig,student/work/ex204_ex299_frontend_breakthrough_20260614_1051/unknown-hard-r3/ex287/logs/ex287_r3_split_lo7_hi7_case.evaluate.py.log,student/frontend_campaigns/campaigns/ex204_ex299_frontend_breakthrough_20260614_1051/agent_shards/unknown-hard-r3/failed_hypotheses.csv,equivalent but not below threshold,ex287_r3_split_lo7_hi7_case,,,ex287_r3_split_lo7_hi7_case,1709,16,27344,,split output bits into separate cofactor muxes for independent sharing,split_lo7_hi7_case,OK,,,,student/work/ex204_ex299_frontend_breakthrough_20260614_1051/unknown-hard-r3/ex287/eval_outputs/ex287_r3_split_lo7_hi7_case,benchmarks/ex287.truth,true,,,,,,,,,,,,,,,,,,,,,,,26880,464,false
unknown-hard-r3,unknown,ex287,,,,,,,student/work/ex204_ex299_frontend_breakthrough_20260614_1051/unknown-hard-r3/ex287/verilog/ex287_r3_balanced_vector_mux.v,student/work/ex204_ex299_frontend_breakthrough_20260614_1051/unknown-hard-r3/ex287/aigs/ex287_r3_balanced_vector_mux.aig,student/work/ex204_ex299_frontend_breakthrough_20260614_1051/unknown-hard-r3/ex287/logs/ex287_r3_balanced_vector_mux.evaluate.py.log,student/frontend_campaigns/campaigns/ex204_ex299_frontend_breakthrough_20260614_1051/agent_shards/unknown-hard-r3/failed_hypotheses.csv,equivalent but not below threshold,ex287_r3_balanced_vector_mux,,,ex287_r3_balanced_vector_mux,1759,18,31662,,replace the flat k4 case with a source-level balanced vector mux tree,balanced_vector_mux,OK,,,,student/work/ex204_ex299_frontend_breakthrough_20260614_1051/unknown-hard-r3/ex287/eval_outputs/ex287_r3_balanced_vector_mux,benchmarks/ex287.truth,true,,,,,,,,,,,,,,,,,,,,,,,26880,4782,false
unknown-hard-r3,unknown,ex287,,,,,,,student/work/ex204_ex299_frontend_breakthrough_20260614_1051/unknown-hard-r3/ex287/verilog/ex287_r3_vector_onehot_mask.v,student/work/ex204_ex299_frontend_breakthrough_20260614_1051/unknown-hard-r3/ex287/aigs/ex287_r3_vector_onehot_mask.aig,student/work/ex204_ex299_frontend_breakthrough_20260614_1051/unknown-hard-r3/ex287/logs/ex287_r3_vector_onehot_mask.evaluate.py.log,student/frontend_campaigns/campaigns/ex204_ex299_frontend_breakthrough_20260614_1051/agent_shards/unknown-hard-r3/failed_hypotheses.csv,equivalent but not below threshold,ex287_r3_vector_onehot_mask,,,ex287_r3_vector_onehot_mask,1708,16,27328,,materially replace k4 full-word case with shared onehot vector masking,vector_onehot_mask,OK,,,,student/work/ex204_ex299_frontend_breakthrough_20260614_1051/unknown-hard-r3/ex287/eval_outputs/ex287_r3_vector_onehot_mask,benchmarks/ex287.truth,true,,,,,,,,,,,,,,,,,,,,,,,26880,448,false
unknown-hard-r3,unknown,ex287,,,,,,,student/work/ex204_ex299_frontend_breakthrough_20260614_1051/unknown-hard-r3/ex287/verilog/ex287_r3_predecode_onehot_mask.v,student/work/ex204_ex299_frontend_breakthrough_20260614_1051/unknown-hard-r3/ex287/aigs/ex287_r3_predecode_onehot_mask.aig,student/work/ex204_ex299_frontend_breakthrough_20260614_1051/unknown-hard-r3/ex287/logs/ex287_r3_predecode_onehot_mask.evaluate.py.log,student/frontend_campaigns/campaigns/ex204_ex299_frontend_breakthrough_20260614_1051/agent_shards/unknown-hard-r3/failed_hypotheses.csv,equivalent but not below threshold,ex287_r3_predecode_onehot_mask,,,ex287_r3_predecode_onehot_mask,1703,16,27248,,explicit selector predecode may expose shared cofactors across output vectors,explicit_predecode_onehot_mask,OK,,,,student/work/ex204_ex299_frontend_breakthrough_20260614_1051/unknown-hard-r3/ex287/eval_outputs/ex287_r3_predecode_onehot_mask,benchmarks/ex287.truth,true,,,,,,,,,,,,,,,,,,,,,,,26880,368,false
unknown-hard-r3,unknown,ex287,,,,,,,student/work/ex204_ex299_frontend_breakthrough_20260614_1051/unknown-hard-r3/ex287/verilog/ex287_r3_delta_g0_mask.v,student/work/ex204_ex299_frontend_breakthrough_20260614_1051/unknown-hard-r3/ex287/aigs/ex287_r3_delta_g0_mask.aig,student/work/ex204_ex299_frontend_breakthrough_20260614_1051/unknown-hard-r3/ex287/logs/ex287_r3_delta_g0_mask.evaluate.py.log,student/frontend_campaigns/campaigns/ex204_ex299_frontend_breakthrough_20260614_1051/agent_shards/unknown-hard-r3/failed_hypotheses.csv,equivalent but not below threshold,ex287_r3_delta_g0_mask,,,ex287_r3_delta_g0_mask,2379,25,59475,,factor k4 cofactors as deltas from g_0 before selector masking,delta_g0_onehot_mask,OK,,,,student/work/ex204_ex299_frontend_breakthrough_20260614_1051/unknown-hard-r3/ex287/eval_outputs/ex287_r3_delta_g0_mask,benchmarks/ex287.truth,true,,,,,,,,,,,,,,,,,,,,,,,26880,32595,false
unknown-hard-r3,unknown,ex287,,,,,,,student/work/ex204_ex299_frontend_breakthrough_20260614_1051/unknown-hard-r3/ex287/verilog/ex287_r3_sel_reorder_0132_case.v,student/work/ex204_ex299_frontend_breakthrough_20260614_1051/unknown-hard-r3/ex287/aigs/ex287_r3_sel_reorder_0132_case.aig,student/work/ex204_ex299_frontend_breakthrough_20260614_1051/unknown-hard-r3/ex287/logs/ex287_r3_sel_reorder_0132_case.evaluate.py.log,student/frontend_campaigns/campaigns/ex204_ex299_frontend_breakthrough_20260614_1051/agent_shards/unknown-hard-r3/failed_hypotheses.csv,equivalent but not below threshold,ex287_r3_sel_reorder_0132_case,,,ex287_r3_sel_reorder_0132_case,1704,16,27264,,try a second selector bit order over the same semantic cofactors,selector_reorder_0132_case,OK,,,,student/work/ex204_ex299_frontend_breakthrough_20260614_1051/unknown-hard-r3/ex287/eval_outputs/ex287_r3_sel_reorder_0132_case,benchmarks/ex287.truth,true,,,,,,,,,,,,,,,,,,,,,,,26880,384,false
unknown-hard-r3,unknown,ex287,,,,,,,student/work/ex204_ex299_frontend_breakthrough_20260614_1051/unknown-hard-r3/ex287/verilog/ex287_r3_sel_reorder_2301_case.v,student/work/ex204_ex299_frontend_breakthrough_20260614_1051/unknown-hard-r3/ex287/aigs/ex287_r3_sel_reorder_2301_case.aig,student/work/ex204_ex299_frontend_breakthrough_20260614_1051/unknown-hard-r3/ex287/logs/ex287_r3_sel_reorder_2301_case.evaluate.py.log,student/frontend_campaigns/campaigns/ex204_ex299_frontend_breakthrough_20260614_1051/agent_shards/unknown-hard-r3/failed_hypotheses.csv,equivalent but not below threshold,ex287_r3_sel_reorder_2301_case,,,ex287_r3_sel_reorder_2301_case,1714,16,27424,,try a cross-paired selector bit order over the same semantic cofactors,selector_reorder_2301_case,OK,,,,student/work/ex204_ex299_frontend_breakthrough_20260614_1051/unknown-hard-r3/ex287/eval_outputs/ex287_r3_sel_reorder_2301_case,benchmarks/ex287.truth,true,,,,,,,,,,,,,,,,,,,,,,,26880,544,false
unknown-route-r4,unknown,ex285,ex285|frontend_source_flow_control|current_source_targeted_abc_g_aig|preserve_existing_shared_route_source|yosys_internal_Dg_aig_DD_15|official_evaluate|full_word,,,,,,student/work/ex204_ex299_frontend_breakthrough_20260614_1051/unknown-route-r4/ex285/verilog/ex285_r4_current_source_target.v,student/work/ex204_ex299_frontend_breakthrough_20260614_1051/unknown-route-r4/ex285/aigs/ex285_r4_current_source_target.aig,student/work/ex204_ex299_frontend_breakthrough_20260614_1051/unknown-route-r4/ex285/logs/ex285_r4_current_source_target.yosys.log,student/frontend_campaigns/campaigns/ex204_ex299_frontend_breakthrough_20260614_1051/agent_shards/unknown-route-r4/failed_hypotheses.csv,synth_sec=8.715; source=student/work/ex223_ex299_frontend_parallel_deep_20260614_0943/unknown-cell-agent/ex285/verilog/ex285_uc_boundary_alt_0_2_9_11.v,ex285_r4_current_source_target,,,ex285_r4_current_source_target,808,17,13736,,frontend source-flow control,,equivalent_non_improving,student/work/ex204_ex299_frontend_breakthrough_20260614_1051/unknown-route-r4/ex285/logs/ex285_r4_current_source_target.evaluate.py.log,current exact RTL source replay,,,,,13736,,,,,,,,,,,,did not beat current frontend ADP,,,,,,,,,,,,
unknown-route-r4,unknown,ex285,ex285|selected_output_residual_recut|outside_bdd_mid_1_2_4_5_6_7|current_base_plus_shared_outside_in_bdd_roots|yosys_internal_abc_g_aig|official_evaluate|bits_1_2_4_5_6_7,,,,,,student/work/ex204_ex299_frontend_breakthrough_20260614_1051/unknown-route-r4/ex285/verilog/ex285_r4_outside_bdd_mid_1_2_4_5_6_7.v,student/work/ex204_ex299_frontend_breakthrough_20260614_1051/unknown-route-r4/ex285/aigs/ex285_r4_outside_bdd_mid_1_2_4_5_6_7.aig,student/work/ex204_ex299_frontend_breakthrough_20260614_1051/unknown-route-r4/ex285/logs/ex285_r4_outside_bdd_mid_1_2_4_5_6_7.yosys.log,student/frontend_campaigns/campaigns/ex204_ex299_frontend_breakthrough_20260614_1051/agent_shards/unknown-route-r4/failed_hypotheses.csv,"synth_sec=9.241; bdd_nodes=294; order=0:11:1:10:2:9:3:8:4:7:5:6; selected_bits=1,2,4,5,6,7",ex285_r4_outside_bdd_mid_1_2_4_5_6_7,,,ex285_r4_outside_bdd_mid_1_2_4_5_6_7,1072,16,17152,,selected-output residual recut,,equivalent_non_improving,student/work/ex204_ex299_frontend_breakthrough_20260614_1051/unknown-route-r4/ex285/logs/ex285_r4_outside_bdd_mid_1_2_4_5_6_7.evaluate.py.log,base exact source plus selected direct BDD output roots,,,,,17152,,,,,,,,,,,,did not beat current frontend ADP,,,,,,,,,,,,
unknown-route-r4,unknown,ex285,ex285|selected_output_residual_recut|outside_bdd_mid_1_2_4_5_6_7_delay_target|current_base_plus_shared_outside_in_bdd_roots|yosys_internal_Dg_aig_DD_16|official_evaluate|bits_1_2_4_5_6_7,,,,,,student/work/ex204_ex299_frontend_breakthrough_20260614_1051/unknown-route-r4/ex285/verilog/ex285_r4_outside_bdd_mid_1_2_4_5_6_7_target.v,student/work/ex204_ex299_frontend_breakthrough_20260614_1051/unknown-route-r4/ex285/aigs/ex285_r4_outside_bdd_mid_1_2_4_5_6_7_target.aig,student/work/ex204_ex299_frontend_breakthrough_20260614_1051/unknown-route-r4/ex285/logs/ex285_r4_outside_bdd_mid_1_2_4_5_6_7_target.yosys.log,student/frontend_campaigns/campaigns/ex204_ex299_frontend_breakthrough_20260614_1051/agent_shards/unknown-route-r4/failed_hypotheses.csv,"synth_sec=9.166; bdd_nodes=294; order=0:11:1:10:2:9:3:8:4:7:5:6; selected_bits=1,2,4,5,6,7",ex285_r4_outside_bdd_mid_1_2_4_5_6_7_target,,,ex285_r4_outside_bdd_mid_1_2_4_5_6_7_target,1072,16,17152,,selected-output residual recut,,equivalent_non_improving,student/work/ex204_ex299_frontend_breakthrough_20260614_1051/unknown-route-r4/ex285/logs/ex285_r4_outside_bdd_mid_1_2_4_5_6_7_target.evaluate.py.log,base exact source plus selected direct BDD output roots,,,,,17152,,,,,,,,,,,,did not beat current frontend ADP,,,,,,,,,,,,
unknown-route-r4,unknown,ex286,ex286|frontend_source_flow_control|current_source_targeted_abc_g_aig|preserve_existing_shared_route_source|yosys_internal_Dg_aig_DD_14|official_evaluate|full_word,,,,,,student/work/ex204_ex299_frontend_breakthrough_20260614_1051/unknown-route-r4/ex286/verilog/ex286_r4_current_source_target.v,student/work/ex204_ex299_frontend_breakthrough_20260614_1051/unknown-route-r4/ex286/aigs/ex286_r4_current_source_target.aig,student/work/ex204_ex299_frontend_breakthrough_20260614_1051/unknown-route-r4/ex286/logs/ex286_r4_current_source_target.yosys.log,student/frontend_campaigns/campaigns/ex204_ex299_frontend_breakthrough_20260614_1051/agent_shards/unknown-route-r4/failed_hypotheses.csv,synth_sec=1.023; source=student/work/ex286_frontend_symcof_bitset_probe_20260612_1820/coordinator/ex286/verilog/ex286_unknown_symcof_interleave_f00_bits_0_12_1_10_onehot_group.v,ex286_r4_current_source_target,,,ex286_r4_current_source_target,1346,15,20190,,frontend source-flow control,,equivalent_non_improving,student/work/ex204_ex299_frontend_breakthrough_20260614_1051/unknown-route-r4/ex286/logs/ex286_r4_current_source_target.evaluate.py.log,current exact RTL source replay,,,,,20190,,,,,,,,,,,,did not beat current frontend ADP,,,,,,,,,,,,
unknown-route-r4,unknown,ex286,ex286|selected_output_residual_recut|outside_bdd_2_5_6_7_10|current_base_plus_shared_outside_in_bdd_roots|yosys_internal_abc_g_aig|official_evaluate|bits_2_5_6_7_10,,,,,,student/work/ex204_ex299_frontend_breakthrough_20260614_1051/unknown-route-r4/ex286/verilog/ex286_r4_outside_bdd_2_5_6_7_10.v,student/work/ex204_ex299_frontend_breakthrough_20260614_1051/unknown-route-r4/ex286/aigs/ex286_r4_outside_bdd_2_5_6_7_10.aig,student/work/ex204_ex299_frontend_breakthrough_20260614_1051/unknown-route-r4/ex286/logs/ex286_r4_outside_bdd_2_5_6_7_10.yosys.log,student/frontend_campaigns/campaigns/ex204_ex299_frontend_breakthrough_20260614_1051/agent_shards/unknown-route-r4/failed_hypotheses.csv,"synth_sec=1.264; bdd_nodes=327; order=0:12:1:11:2:10:3:9:4:7:5:6:8; selected_bits=2,5,6,7,10",ex286_r4_outside_bdd_2_5_6_7_10,,,ex286_r4_outside_bdd_2_5_6_7_10,1491,18,26838,,selected-output residual recut,,equivalent_non_improving,student/work/ex204_ex299_frontend_breakthrough_20260614_1051/unknown-route-r4/ex286/logs/ex286_r4_outside_bdd_2_5_6_7_10.evaluate.py.log,base exact source plus selected direct BDD output roots,,,,,26838,,,,,,,,,,,,did not beat current frontend ADP,,,,,,,,,,,,
unknown-route-r4,unknown,ex286,ex286|selected_output_residual_recut|outside_bdd_2_5_6_7_10_delay_target|current_base_plus_shared_outside_in_bdd_roots|yosys_internal_Dg_aig_DD_15|official_evaluate|bits_2_5_6_7_10,,,,,,student/work/ex204_ex299_frontend_breakthrough_20260614_1051/unknown-route-r4/ex286/verilog/ex286_r4_outside_bdd_2_5_6_7_10_target.v,student/work/ex204_ex299_frontend_breakthrough_20260614_1051/unknown-route-r4/ex286/aigs/ex286_r4_outside_bdd_2_5_6_7_10_target.aig,student/work/ex204_ex299_frontend_breakthrough_20260614_1051/unknown-route-r4/ex286/logs/ex286_r4_outside_bdd_2_5_6_7_10_target.yosys.log,student/frontend_campaigns/campaigns/ex204_ex299_frontend_breakthrough_20260614_1051/agent_shards/unknown-route-r4/failed_hypotheses.csv,"synth_sec=1.197; bdd_nodes=327; order=0:12:1:11:2:10:3:9:4:7:5:6:8; selected_bits=2,5,6,7,10",ex286_r4_outside_bdd_2_5_6_7_10_target,,,ex286_r4_outside_bdd_2_5_6_7_10_target,1491,18,26838,,selected-output residual recut,,equivalent_non_improving,student/work/ex204_ex299_frontend_breakthrough_20260614_1051/unknown-route-r4/ex286/logs/ex286_r4_outside_bdd_2_5_6_7_10_target.evaluate.py.log,base exact source plus selected direct BDD output roots,,,,,26838,,,,,,,,,,,,did not beat current frontend ADP,,,,,,,,,,,,
unknown-route-r4,unknown,ex287,ex287|frontend_source_flow_control|current_source_targeted_abc_g_aig|preserve_existing_shared_route_source|yosys_internal_Dg_aig_DD_15|official_evaluate|full_word,,,,,,student/work/ex204_ex299_frontend_breakthrough_20260614_1051/unknown-route-r4/ex287/verilog/ex287_r4_current_source_target.v,student/work/ex204_ex299_frontend_breakthrough_20260614_1051/unknown-route-r4/ex287/aigs/ex287_r4_current_source_target.aig,student/work/ex204_ex299_frontend_breakthrough_20260614_1051/unknown-route-r4/ex287/logs/ex287_r4_current_source_target.yosys.log,student/frontend_campaigns/campaigns/ex204_ex299_frontend_breakthrough_20260614_1051/agent_shards/unknown-route-r4/failed_hypotheses.csv,synth_sec=1.232; source=student/work/ex223_ex299_frontend_parallel_deep_20260614_0943/unknown-ex287-agent/ex287/verilog/ex287_deep_k4_vector_case_plain.v,ex287_r4_current_source_target,,,ex287_r4_current_source_target,1680,16,26880,,frontend source-flow control,,equivalent_non_improving,student/work/ex204_ex299_frontend_breakthrough_20260614_1051/unknown-route-r4/ex287/logs/ex287_r4_current_source_target.evaluate.py.log,current exact RTL source replay,,,,,26880,,,,,,,,,,,,did not beat current frontend ADP,,,,,,,,,,,,
unknown-route-r4,unknown,ex287,ex287|selected_output_residual_recut|outside_bdd_2_6_7_10|current_base_plus_shared_outside_in_bdd_roots|yosys_internal_abc_g_aig|official_evaluate|bits_2_6_7_10,,,,,,student/work/ex204_ex299_frontend_breakthrough_20260614_1051/unknown-route-r4/ex287/verilog/ex287_r4_outside_bdd_2_6_7_10.v,student/work/ex204_ex299_frontend_breakthrough_20260614_1051/unknown-route-r4/ex287/aigs/ex287_r4_outside_bdd_2_6_7_10.aig,student/work/ex204_ex299_frontend_breakthrough_20260614_1051/unknown-route-r4/ex287/logs/ex287_r4_outside_bdd_2_6_7_10.yosys.log,student/frontend_campaigns/campaigns/ex204_ex299_frontend_breakthrough_20260614_1051/agent_shards/unknown-route-r4/failed_hypotheses.csv,"synth_sec=1.590; bdd_nodes=329; order=0:13:1:12:2:11:3:10:4:9:5:8:6:7; selected_bits=2,6,7,10",ex287_r4_outside_bdd_2_6_7_10,,,ex287_r4_outside_bdd_2_6_7_10,1672,17,28424,,selected-output residual recut,,equivalent_non_improving,student/work/ex204_ex299_frontend_breakthrough_20260614_1051/unknown-route-r4/ex287/logs/ex287_r4_outside_bdd_2_6_7_10.evaluate.py.log,base exact source plus selected direct BDD output roots,,,,,28424,,,,,,,,,,,,did not beat current frontend ADP,,,,,,,,,,,,
unknown-route-r4,unknown,ex287,ex287|selected_output_residual_recut|outside_bdd_2_6_7_10_delay_target|current_base_plus_shared_outside_in_bdd_roots|yosys_internal_Dg_aig_DD_16|official_evaluate|bits_2_6_7_10,,,,,,student/work/ex204_ex299_frontend_breakthrough_20260614_1051/unknown-route-r4/ex287/verilog/ex287_r4_outside_bdd_2_6_7_10_target.v,student/work/ex204_ex299_frontend_breakthrough_20260614_1051/unknown-route-r4/ex287/aigs/ex287_r4_outside_bdd_2_6_7_10_target.aig,student/work/ex204_ex299_frontend_breakthrough_20260614_1051/unknown-route-r4/ex287/logs/ex287_r4_outside_bdd_2_6_7_10_target.yosys.log,student/frontend_campaigns/campaigns/ex204_ex299_frontend_breakthrough_20260614_1051/agent_shards/unknown-route-r4/failed_hypotheses.csv,"synth_sec=1.544; bdd_nodes=329; order=0:13:1:12:2:11:3:10:4:9:5:8:6:7; selected_bits=2,6,7,10",ex287_r4_outside_bdd_2_6_7_10_target,,,ex287_r4_outside_bdd_2_6_7_10_target,1672,17,28424,,selected-output residual recut,,equivalent_non_improving,student/work/ex204_ex299_frontend_breakthrough_20260614_1051/unknown-route-r4/ex287/logs/ex287_r4_outside_bdd_2_6_7_10_target.evaluate.py.log,base exact source plus selected direct BDD output roots,,,,,28424,,,,,,,,,,,,did not beat current frontend ADP,,,,,,,,,,,,
unknown-route-r4,unknown,ex288,ex288|frontend_source_flow_control|current_source_targeted_abc_g_aig|preserve_existing_shared_route_source|yosys_internal_Dg_aig_DD_13|official_evaluate|full_word,,,,,,student/work/ex204_ex299_frontend_breakthrough_20260614_1051/unknown-route-r4/ex288/verilog/ex288_r4_current_source_target.v,student/work/ex204_ex299_frontend_breakthrough_20260614_1051/unknown-route-r4/ex288/aigs/ex288_r4_current_source_target.aig,student/work/ex204_ex299_frontend_breakthrough_20260614_1051/unknown-route-r4/ex288/logs/ex288_r4_current_source_target.yosys.log,student/frontend_campaigns/campaigns/ex204_ex299_frontend_breakthrough_20260614_1051/agent_shards/unknown-route-r4/failed_hypotheses.csv,synth_sec=2.845; source=student/work/ex286_ex288_frontend_keybdd_selected_synth_20260609_1448/ex288/verilog/ex288_unknown_symcof_interleave_f10_k6_onehot_group_keybdd_7.v,ex288_r4_current_source_target,,,ex288_r4_current_source_target,2257,14,31598,,frontend source-flow control,,equivalent_non_improving,student/work/ex204_ex299_frontend_breakthrough_20260614_1051/unknown-route-r4/ex288/logs/ex288_r4_current_source_target.evaluate.py.log,current exact RTL source replay,,,,,31598,,,,,,,,,,,,did not beat current frontend ADP,,,,,,,,,,,,
unknown-route-r4,unknown,ex288,ex288|selected_output_residual_recut|outside_bdd_3_7_11|current_base_plus_shared_outside_in_bdd_roots|yosys_internal_abc_g_aig|official_evaluate|bits_3_7_11,,,,,,student/work/ex204_ex299_frontend_breakthrough_20260614_1051/unknown-route-r4/ex288/verilog/ex288_r4_outside_bdd_3_7_11.v,student/work/ex204_ex299_frontend_breakthrough_20260614_1051/unknown-route-r4/ex288/aigs/ex288_r4_outside_bdd_3_7_11.aig,student/work/ex204_ex299_frontend_breakthrough_20260614_1051/unknown-route-r4/ex288/logs/ex288_r4_outside_bdd_3_7_11.yosys.log,student/frontend_campaigns/campaigns/ex204_ex299_frontend_breakthrough_20260614_1051/agent_shards/unknown-route-r4/failed_hypotheses.csv,"synth_sec=3.495; bdd_nodes=309; order=0:14:1:13:2:12:3:11:4:10:5:9:6:8:7; selected_bits=3,7,11",ex288_r4_outside_bdd_3_7_11,,,ex288_r4_outside_bdd_3_7_11,2176,18,39168,,selected-output residual recut,,equivalent_non_improving,student/work/ex204_ex299_frontend_breakthrough_20260614_1051/unknown-route-r4/ex288/logs/ex288_r4_outside_bdd_3_7_11.evaluate.py.log,base exact source plus selected direct BDD output roots,,,,,39168,,,,,,,,,,,,did not beat current frontend ADP,,,,,,,,,,,,
unknown-route-r4,unknown,ex288,ex288|selected_output_residual_recut|outside_bdd_3_7_11_delay_target|current_base_plus_shared_outside_in_bdd_roots|yosys_internal_Dg_aig_DD_14|official_evaluate|bits_3_7_11,,,,,,student/work/ex204_ex299_frontend_breakthrough_20260614_1051/unknown-route-r4/ex288/verilog/ex288_r4_outside_bdd_3_7_11_target.v,student/work/ex204_ex299_frontend_breakthrough_20260614_1051/unknown-route-r4/ex288/aigs/ex288_r4_outside_bdd_3_7_11_target.aig,student/work/ex204_ex299_frontend_breakthrough_20260614_1051/unknown-route-r4/ex288/logs/ex288_r4_outside_bdd_3_7_11_target.yosys.log,student/frontend_campaigns/campaigns/ex204_ex299_frontend_breakthrough_20260614_1051/agent_shards/unknown-route-r4/failed_hypotheses.csv,"synth_sec=3.408; bdd_nodes=309; order=0:14:1:13:2:12:3:11:4:10:5:9:6:8:7; selected_bits=3,7,11",ex288_r4_outside_bdd_3_7_11_target,,,ex288_r4_outside_bdd_3_7_11_target,2176,18,39168,,selected-output residual recut,,equivalent_non_improving,student/work/ex204_ex299_frontend_breakthrough_20260614_1051/unknown-route-r4/ex288/logs/ex288_r4_outside_bdd_3_7_11_target.evaluate.py.log,base exact source plus selected direct BDD output roots,,,,,39168,,,,,,,,,,,,did not beat current frontend ADP,,,,,,,,,,,,
unknown-hard-r5,unknown,ex286,ex286|changed_bit_overlay|changed_mask_full_case|symcof_interleave_f00_bits_0_12_1_10_onehot_group|standard_abc_g_aig|official_evaluate|source_rtl,,,,,,student/work/ex204_ex299_frontend_breakthrough_20260614_1051/unknown-hard-r5/ex286/verilog/ex286_r5_changed_mask_case.v,student/work/ex204_ex299_frontend_breakthrough_20260614_1051/unknown-hard-r5/ex286/aigs/ex286_r5_changed_mask_case.aig,student/work/ex204_ex299_frontend_breakthrough_20260614_1051/unknown-hard-r5/ex286/logs/ex286_r5_changed_mask_case.evaluate.py.log,student/frontend_campaigns/campaigns/ex204_ex299_frontend_breakthrough_20260614_1051/agent_shards/unknown-hard-r5/failed_hypotheses.csv,official evaluate.py equivalent but not below frontend target,ex286_r5_changed_mask_case,,,ex286_r5_changed_mask_case,1713,19,32547,,truth-guided changed-bit overlay passes input bits through and selects only exact change masks,changed_mask_full_case,OK,student/work/ex204_ex299_frontend_breakthrough_20260614_1051/unknown-hard-r5/ex286/logs/ex286_r5_changed_mask_case.evaluate.py.log,source RTL input xor selected changed mask,current semantic cofactors reused only as source-level change masks; final AIG regenerated from Verilog,student/work/ex204_ex299_frontend_breakthrough_20260614_1051/unknown-hard-r5/ex286/eval_outputs/ex286_r5_changed_mask_case,benchmarks/ex286.truth,1,32547,20190,12357,0,,,,,,,,,,,,,,,,,,,,,
unknown-hard-r5,unknown,ex286,ex286|changed_bit_overlay|changed_mask_onehot|symcof_interleave_f00_bits_0_12_1_10_onehot_group|standard_abc_g_aig|official_evaluate|source_rtl,,,,,,student/work/ex204_ex299_frontend_breakthrough_20260614_1051/unknown-hard-r5/ex286/verilog/ex286_r5_changed_mask_onehot.v,student/work/ex204_ex299_frontend_breakthrough_20260614_1051/unknown-hard-r5/ex286/aigs/ex286_r5_changed_mask_onehot.aig,student/work/ex204_ex299_frontend_breakthrough_20260614_1051/unknown-hard-r5/ex286/logs/ex286_r5_changed_mask_onehot.evaluate.py.log,student/frontend_campaigns/campaigns/ex204_ex299_frontend_breakthrough_20260614_1051/agent_shards/unknown-hard-r5/failed_hypotheses.csv,official evaluate.py equivalent but not below frontend target,ex286_r5_changed_mask_onehot,,,ex286_r5_changed_mask_onehot,1689,20,33780,,changed-bit overlay with explicit selector predicates may expose stable-bit pass-through sharing,changed_mask_onehot,OK,student/work/ex204_ex299_frontend_breakthrough_20260614_1051/unknown-hard-r5/ex286/logs/ex286_r5_changed_mask_onehot.evaluate.py.log,source RTL onehot selected change masks,onehot class predicates shared across delta masks before input xor overlay,student/work/ex204_ex299_frontend_breakthrough_20260614_1051/unknown-hard-r5/ex286/eval_outputs/ex286_r5_changed_mask_onehot,benchmarks/ex286.truth,1,33780,20190,13590,0,,,,,,,,,,,,,,,,,,,,,
unknown-hard-r5,unknown,ex286,ex286|lane_local_changed_descriptor|lane_delta_mod4|symcof_interleave_f00_bits_0_12_1_10_onehot_group|standard_abc_g_aig|official_evaluate|source_rtl,,,,,,student/work/ex204_ex299_frontend_breakthrough_20260614_1051/unknown-hard-r5/ex286/verilog/ex286_r5_lane_delta_mod4.v,student/work/ex204_ex299_frontend_breakthrough_20260614_1051/unknown-hard-r5/ex286/aigs/ex286_r5_lane_delta_mod4.aig,student/work/ex204_ex299_frontend_breakthrough_20260614_1051/unknown-hard-r5/ex286/logs/ex286_r5_lane_delta_mod4.evaluate.py.log,student/frontend_campaigns/campaigns/ex204_ex299_frontend_breakthrough_20260614_1051/agent_shards/unknown-hard-r5/failed_hypotheses.csv,official evaluate.py equivalent but not below frontend target,ex286_r5_lane_delta_mod4,,,ex286_r5_lane_delta_mod4,1700,20,34000,,split route changes into invariant lane groups so each lane selects a smaller local changed-bit descriptor,lane_delta_mod4,OK,student/work/ex204_ex299_frontend_breakthrough_20260614_1051/unknown-hard-r5/ex286/logs/ex286_r5_lane_delta_mod4.evaluate.py.log,source RTL modulo-4 lane changed-mask descriptors,four lane-local selector blocks feed pass-through input overlay,student/work/ex204_ex299_frontend_breakthrough_20260614_1051/unknown-hard-r5/ex286/eval_outputs/ex286_r5_lane_delta_mod4,benchmarks/ex286.truth,1,34000,20190,13810,0,,,,,,,,,,,,,,,,,,,,,
unknown-hard-r5,unknown,ex286,ex286|paired_lane_cell_selector|pair_cell_case|symcof_interleave_f00_bits_0_12_1_10_onehot_group|standard_abc_g_aig|official_evaluate|source_rtl,,,,,,student/work/ex204_ex299_frontend_breakthrough_20260614_1051/unknown-hard-r5/ex286/verilog/ex286_r5_pair_cell_case.v,student/work/ex204_ex299_frontend_breakthrough_20260614_1051/unknown-hard-r5/ex286/aigs/ex286_r5_pair_cell_case.aig,student/work/ex204_ex299_frontend_breakthrough_20260614_1051/unknown-hard-r5/ex286/logs/ex286_r5_pair_cell_case.evaluate.py.log,student/frontend_campaigns/campaigns/ex204_ex299_frontend_breakthrough_20260614_1051/agent_shards/unknown-hard-r5/failed_hypotheses.csv,official evaluate.py equivalent but not below frontend target,ex286_r5_pair_cell_case,,,ex286_r5_pair_cell_case,1364,16,21824,,share local route predicates across adjacent output cells instead of selecting one full output vector,pair_cell_case,OK,student/work/ex204_ex299_frontend_breakthrough_20260614_1051/unknown-hard-r5/ex286/logs/ex286_r5_pair_cell_case.evaluate.py.log,source RTL adjacent cell selector descriptors,adjacent output cells use independent compact selector blocks over semantic cofactors,student/work/ex204_ex299_frontend_breakthrough_20260614_1051/unknown-hard-r5/ex286/eval_outputs/ex286_r5_pair_cell_case,benchmarks/ex286.truth,1,21824,20190,1634,0,,,,,,,,,,,,,,,,,,,,,
unknown-hard-r5,unknown,ex286,ex286|local_cell_selector|cell_chunk3_case|symcof_interleave_f00_bits_0_12_1_10_onehot_group|standard_abc_g_aig|official_evaluate|source_rtl,,,,,,student/work/ex204_ex299_frontend_breakthrough_20260614_1051/unknown-hard-r5/ex286/verilog/ex286_r5_cell_chunk3_case.v,student/work/ex204_ex299_frontend_breakthrough_20260614_1051/unknown-hard-r5/ex286/aigs/ex286_r5_cell_chunk3_case.aig,student/work/ex204_ex299_frontend_breakthrough_20260614_1051/unknown-hard-r5/ex286/logs/ex286_r5_cell_chunk3_case.evaluate.py.log,student/frontend_campaigns/campaigns/ex204_ex299_frontend_breakthrough_20260614_1051/agent_shards/unknown-hard-r5/failed_hypotheses.csv,official evaluate.py equivalent but not below frontend target,ex286_r5_cell_chunk3_case,,,ex286_r5_cell_chunk3_case,1368,15,20520,,use small contiguous route cells to balance selector overhead against full-vector selection,cell_chunk3_case,OK,student/work/ex204_ex299_frontend_breakthrough_20260614_1051/unknown-hard-r5/ex286/logs/ex286_r5_cell_chunk3_case.evaluate.py.log,source RTL three-bit local cell selector descriptors,three-bit output chunks use independent selector blocks over semantic cofactors,student/work/ex204_ex299_frontend_breakthrough_20260614_1051/unknown-hard-r5/ex286/eval_outputs/ex286_r5_cell_chunk3_case,benchmarks/ex286.truth,1,20520,20190,330,0,,,,,,,,,,,,,,,,,,,,,
unknown-hard-r5,unknown,ex286,ex286|local_cell_selector|cell_chunk4_case|symcof_interleave_f00_bits_0_12_1_10_onehot_group|standard_abc_g_aig|official_evaluate|source_rtl,,,,,,student/work/ex204_ex299_frontend_breakthrough_20260614_1051/unknown-hard-r5/ex286/verilog/ex286_r5_cell_chunk4_case.v,student/work/ex204_ex299_frontend_breakthrough_20260614_1051/unknown-hard-r5/ex286/aigs/ex286_r5_cell_chunk4_case.aig,student/work/ex204_ex299_frontend_breakthrough_20260614_1051/unknown-hard-r5/ex286/logs/ex286_r5_cell_chunk4_case.evaluate.py.log,student/frontend_campaigns/campaigns/ex204_ex299_frontend_breakthrough_20260614_1051/agent_shards/unknown-hard-r5/failed_hypotheses.csv,official evaluate.py equivalent but not below frontend target,ex286_r5_cell_chunk4_case,,,ex286_r5_cell_chunk4_case,1368,16,21888,,use nibble route cells to expose local sharing while avoiding one full output-vector case,cell_chunk4_case,OK,student/work/ex204_ex299_frontend_breakthrough_20260614_1051/unknown-hard-r5/ex286/logs/ex286_r5_cell_chunk4_case.evaluate.py.log,source RTL four-bit local cell selector descriptors,four-bit output chunks use independent selector blocks over semantic cofactors,student/work/ex204_ex299_frontend_breakthrough_20260614_1051/unknown-hard-r5/ex286/eval_outputs/ex286_r5_cell_chunk4_case,benchmarks/ex286.truth,1,21888,20190,1698,0,,,,,,,,,,,,,,,,,,,,,
unknown-hard-r5,unknown,ex286,ex286|paired_lane_cell_selector_flow_variant|pair_cell_case_targeted_flow|symcof_interleave_f00_bits_0_12_1_10_onehot_group|standard_abc_g_aig_D14|official_evaluate|source_rtl,,,,,,student/work/ex204_ex299_frontend_breakthrough_20260614_1051/unknown-hard-r5/ex286/verilog/ex286_r5_pair_cell_standard_abc_g_aig_d14.v,student/work/ex204_ex299_frontend_breakthrough_20260614_1051/unknown-hard-r5/ex286/aigs/ex286_r5_pair_cell_standard_abc_g_aig_d14.aig,student/work/ex204_ex299_frontend_breakthrough_20260614_1051/unknown-hard-r5/ex286/logs/ex286_r5_pair_cell_standard_abc_g_aig_d14.evaluate.py.log,student/frontend_campaigns/campaigns/ex204_ex299_frontend_breakthrough_20260614_1051/agent_shards/unknown-hard-r5/failed_hypotheses.csv,official evaluate.py equivalent but not below frontend target,ex286_r5_pair_cell_standard_abc_g_aig_d14,,,ex286_r5_pair_cell_standard_abc_g_aig_d14,1364,16,21824,,run the new adjacent-cell source form through a delay-targeted frontend synth variant,pair_cell_case_targeted_flow,OK,student/work/ex204_ex299_frontend_breakthrough_20260614_1051/unknown-hard-r5/ex286/logs/ex286_r5_pair_cell_standard_abc_g_aig_d14.evaluate.py.log,source RTL adjacent cell selector descriptors with targeted frontend flow,same adjacent-cell source as pair_cell_case; only Yosys abc delay target changes,student/work/ex204_ex299_frontend_breakthrough_20260614_1051/unknown-hard-r5/ex286/eval_outputs/ex286_r5_pair_cell_standard_abc_g_aig_d14,benchmarks/ex286.truth,1,21824,20190,1634,0,,,,,,,,,,,,,,,,,,,,,
unknown-hard-r5,unknown,ex286,ex286|local_cell_selector_flow_variant|cell_chunk4_case_targeted_flow|symcof_interleave_f00_bits_0_12_1_10_onehot_group|standard_abc_g_aig_D14|official_evaluate|source_rtl,,,,,,student/work/ex204_ex299_frontend_breakthrough_20260614_1051/unknown-hard-r5/ex286/verilog/ex286_r5_chunk4_standard_abc_g_aig_d14.v,student/work/ex204_ex299_frontend_breakthrough_20260614_1051/unknown-hard-r5/ex286/aigs/ex286_r5_chunk4_standard_abc_g_aig_d14.aig,student/work/ex204_ex299_frontend_breakthrough_20260614_1051/unknown-hard-r5/ex286/logs/ex286_r5_chunk4_standard_abc_g_aig_d14.evaluate.py.log,student/frontend_campaigns/campaigns/ex204_ex299_frontend_breakthrough_20260614_1051/agent_shards/unknown-hard-r5/failed_hypotheses.csv,official evaluate.py equivalent but not below frontend target,ex286_r5_chunk4_standard_abc_g_aig_d14,,,ex286_r5_chunk4_standard_abc_g_aig_d14,1368,16,21888,,run the new four-bit local-cell source form through a delay-targeted frontend synth variant,cell_chunk4_case_targeted_flow,OK,student/work/ex204_ex299_frontend_breakthrough_20260614_1051/unknown-hard-r5/ex286/logs/ex286_r5_chunk4_standard_abc_g_aig_d14.evaluate.py.log,source RTL four-bit local cell selector descriptors with targeted frontend flow,same four-bit local-cell source as chunk4; only Yosys abc delay target changes,student/work/ex204_ex299_frontend_breakthrough_20260614_1051/unknown-hard-r5/ex286/eval_outputs/ex286_r5_chunk4_standard_abc_g_aig_d14,benchmarks/ex286.truth,1,21888,20190,1698,0,,,,,,,,,,,,,,,,,,,,,
unknown-hard-r5,unknown,ex286,ex286|route_block_cell_selector|route_blocks_4_4_5|symcof_interleave_f00_bits_0_12_1_10_onehot_group|standard_abc_g_aig|official_evaluate|source_rtl,,,,,,student/work/ex204_ex299_frontend_breakthrough_20260614_1051/unknown-hard-r5/ex286/verilog/ex286_r5_route_blocks_4_4_5.v,student/work/ex204_ex299_frontend_breakthrough_20260614_1051/unknown-hard-r5/ex286/aigs/ex286_r5_route_blocks_4_4_5.aig,student/work/ex204_ex299_frontend_breakthrough_20260614_1051/unknown-hard-r5/ex286/logs/ex286_r5_route_blocks_4_4_5.evaluate.py.log,student/frontend_campaigns/campaigns/ex204_ex299_frontend_breakthrough_20260614_1051/agent_shards/unknown-hard-r5/failed_hypotheses.csv,official evaluate.py equivalent but not below frontend target,ex286_r5_route_blocks_4_4_5,,,ex286_r5_route_blocks_4_4_5,1371,15,20565,,align local selector blocks with stable outer lanes and the known Hamming-preserving swap region,route_blocks_4_4_5,OK,student/work/ex204_ex299_frontend_breakthrough_20260614_1051/unknown-hard-r5/ex286/logs/ex286_r5_route_blocks_4_4_5.evaluate.py.log,source RTL custom route-block selector descriptors,custom contiguous output route blocks 4/4/5 use independent selector blocks,student/work/ex204_ex299_frontend_breakthrough_20260614_1051/unknown-hard-r5/ex286/eval_outputs/ex286_r5_route_blocks_4_4_5,benchmarks/ex286.truth,1,20565,20190,375,0,,,,,,,,,,,,,,,,,,,,,
unknown-hard-r5,unknown,ex286,ex286|route_block_cell_selector|route_blocks_5_4_4|symcof_interleave_f00_bits_0_12_1_10_onehot_group|standard_abc_g_aig|official_evaluate|source_rtl,,,,,,student/work/ex204_ex299_frontend_breakthrough_20260614_1051/unknown-hard-r5/ex286/verilog/ex286_r5_route_blocks_5_4_4.v,student/work/ex204_ex299_frontend_breakthrough_20260614_1051/unknown-hard-r5/ex286/aigs/ex286_r5_route_blocks_5_4_4.aig,student/work/ex204_ex299_frontend_breakthrough_20260614_1051/unknown-hard-r5/ex286/logs/ex286_r5_route_blocks_5_4_4.evaluate.py.log,student/frontend_campaigns/campaigns/ex204_ex299_frontend_breakthrough_20260614_1051/agent_shards/unknown-hard-r5/failed_hypotheses.csv,official evaluate.py equivalent but not below frontend target,ex286_r5_route_blocks_5_4_4,,,ex286_r5_route_blocks_5_4_4,1349,16,21584,,align local selector blocks with stable outer lanes and the known Hamming-preserving swap region,route_blocks_5_4_4,OK,student/work/ex204_ex299_frontend_breakthrough_20260614_1051/unknown-hard-r5/ex286/logs/ex286_r5_route_blocks_5_4_4.evaluate.py.log,source RTL custom route-block selector descriptors,custom contiguous output route blocks 5/4/4 use independent selector blocks,student/work/ex204_ex299_frontend_breakthrough_20260614_1051/unknown-hard-r5/ex286/eval_outputs/ex286_r5_route_blocks_5_4_4,benchmarks/ex286.truth,1,21584,20190,1394,0,,,,,,,,,,,,,,,,,,,,,
unknown-hard-r5,unknown,ex286,ex286|paired_lane_cell_selector_flow_variant|pair_cell_case_share_flow|symcof_interleave_f00_bits_0_12_1_10_onehot_group|share_abc_g_aig|official_evaluate|source_rtl,,,,,,student/work/ex204_ex299_frontend_breakthrough_20260614_1051/unknown-hard-r5/ex286/verilog/ex286_r5_pair_cell_share_abc_g_aig.v,student/work/ex204_ex299_frontend_breakthrough_20260614_1051/unknown-hard-r5/ex286/aigs/ex286_r5_pair_cell_share_abc_g_aig.aig,student/work/ex204_ex299_frontend_breakthrough_20260614_1051/unknown-hard-r5/ex286/logs/ex286_r5_pair_cell_share_abc_g_aig.evaluate.py.log,student/frontend_campaigns/campaigns/ex204_ex299_frontend_breakthrough_20260614_1051/agent_shards/unknown-hard-r5/failed_hypotheses.csv,official evaluate.py equivalent but not below frontend target,ex286_r5_pair_cell_share_abc_g_aig,,,ex286_r5_pair_cell_share_abc_g_aig,1364,16,21824,,try the new adjacent-cell source form with an explicit frontend share pass,pair_cell_case_share_flow,OK,student/work/ex204_ex299_frontend_breakthrough_20260614_1051/unknown-hard-r5/ex286/logs/ex286_r5_pair_cell_share_abc_g_aig.evaluate.py.log,source RTL adjacent cell selector descriptors with shared frontend flow,same adjacent-cell source as pair_cell_case; share pass added before techmap,student/work/ex204_ex299_frontend_breakthrough_20260614_1051/unknown-hard-r5/ex286/eval_outputs/ex286_r5_pair_cell_share_abc_g_aig,benchmarks/ex286.truth,1,21824,20190,1634,0,,,,,,,,,,,,,,,,,,,,,
unknown-hard-r5,unknown,ex287,ex287|changed_bit_overlay|changed_mask_full_case|k4_vector_cofactor_case_plain|share_abc_g_aig|official_evaluate|source_rtl,,,,,,student/work/ex204_ex299_frontend_breakthrough_20260614_1051/unknown-hard-r5/ex287/verilog/ex287_r5_changed_mask_case.v,student/work/ex204_ex299_frontend_breakthrough_20260614_1051/unknown-hard-r5/ex287/aigs/ex287_r5_changed_mask_case.aig,student/work/ex204_ex299_frontend_breakthrough_20260614_1051/unknown-hard-r5/ex287/logs/ex287_r5_changed_mask_case.evaluate.py.log,student/frontend_campaigns/campaigns/ex204_ex299_frontend_breakthrough_20260614_1051/agent_shards/unknown-hard-r5/failed_hypotheses.csv,official evaluate.py equivalent but not below frontend target,ex287_r5_changed_mask_case,,,ex287_r5_changed_mask_case,2182,20,43640,,truth-guided changed-bit overlay passes input bits through and selects only exact change masks,changed_mask_full_case,OK,student/work/ex204_ex299_frontend_breakthrough_20260614_1051/unknown-hard-r5/ex287/logs/ex287_r5_changed_mask_case.evaluate.py.log,source RTL input xor selected changed mask,current semantic cofactors reused only as source-level change masks; final AIG regenerated from Verilog,student/work/ex204_ex299_frontend_breakthrough_20260614_1051/unknown-hard-r5/ex287/eval_outputs/ex287_r5_changed_mask_case,benchmarks/ex287.truth,1,43640,26880,16760,0,,,,,,,,,,,,,,,,,,,,,
unknown-hard-r5,unknown,ex287,ex287|changed_bit_overlay|changed_mask_onehot|k4_vector_cofactor_case_plain|share_abc_g_aig|official_evaluate|source_rtl,,,,,,student/work/ex204_ex299_frontend_breakthrough_20260614_1051/unknown-hard-r5/ex287/verilog/ex287_r5_changed_mask_onehot.v,student/work/ex204_ex299_frontend_breakthrough_20260614_1051/unknown-hard-r5/ex287/aigs/ex287_r5_changed_mask_onehot.aig,student/work/ex204_ex299_frontend_breakthrough_20260614_1051/unknown-hard-r5/ex287/logs/ex287_r5_changed_mask_onehot.evaluate.py.log,student/frontend_campaigns/campaigns/ex204_ex299_frontend_breakthrough_20260614_1051/agent_shards/unknown-hard-r5/failed_hypotheses.csv,official evaluate.py equivalent but not below frontend target,ex287_r5_changed_mask_onehot,,,ex287_r5_changed_mask_onehot,2142,20,42840,,changed-bit overlay with explicit selector predicates may expose stable-bit pass-through sharing,changed_mask_onehot,OK,student/work/ex204_ex299_frontend_breakthrough_20260614_1051/unknown-hard-r5/ex287/logs/ex287_r5_changed_mask_onehot.evaluate.py.log,source RTL onehot selected change masks,onehot class predicates shared across delta masks before input xor overlay,student/work/ex204_ex299_frontend_breakthrough_20260614_1051/unknown-hard-r5/ex287/eval_outputs/ex287_r5_changed_mask_onehot,benchmarks/ex287.truth,1,42840,26880,15960,0,,,,,,,,,,,,,,,,,,,,,
unknown-hard-r5,unknown,ex287,ex287|lane_local_changed_descriptor|lane_delta_mod4|k4_vector_cofactor_case_plain|share_abc_g_aig|official_evaluate|source_rtl,,,,,,student/work/ex204_ex299_frontend_breakthrough_20260614_1051/unknown-hard-r5/ex287/verilog/ex287_r5_lane_delta_mod4.v,student/work/ex204_ex299_frontend_breakthrough_20260614_1051/unknown-hard-r5/ex287/aigs/ex287_r5_lane_delta_mod4.aig,student/work/ex204_ex299_frontend_breakthrough_20260614_1051/unknown-hard-r5/ex287/logs/ex287_r5_lane_delta_mod4.evaluate.py.log,student/frontend_campaigns/campaigns/ex204_ex299_frontend_breakthrough_20260614_1051/agent_shards/unknown-hard-r5/failed_hypotheses.csv,official evaluate.py equivalent but not below frontend target,ex287_r5_lane_delta_mod4,,,ex287_r5_lane_delta_mod4,2125,20,42500,,split route changes into invariant lane groups so each lane selects a smaller local changed-bit descriptor,lane_delta_mod4,OK,student/work/ex204_ex299_frontend_breakthrough_20260614_1051/unknown-hard-r5/ex287/logs/ex287_r5_lane_delta_mod4.evaluate.py.log,source RTL modulo-4 lane changed-mask descriptors,four lane-local selector blocks feed pass-through input overlay,student/work/ex204_ex299_frontend_breakthrough_20260614_1051/unknown-hard-r5/ex287/eval_outputs/ex287_r5_lane_delta_mod4,benchmarks/ex287.truth,1,42500,26880,15620,0,,,,,,,,,,,,,,,,,,,,,
unknown-hard-r5,unknown,ex287,ex287|paired_lane_cell_selector|pair_cell_case|k4_vector_cofactor_case_plain|share_abc_g_aig|official_evaluate|source_rtl,,,,,,student/work/ex204_ex299_frontend_breakthrough_20260614_1051/unknown-hard-r5/ex287/verilog/ex287_r5_pair_cell_case.v,student/work/ex204_ex299_frontend_breakthrough_20260614_1051/unknown-hard-r5/ex287/aigs/ex287_r5_pair_cell_case.aig,student/work/ex204_ex299_frontend_breakthrough_20260614_1051/unknown-hard-r5/ex287/logs/ex287_r5_pair_cell_case.evaluate.py.log,student/frontend_campaigns/campaigns/ex204_ex299_frontend_breakthrough_20260614_1051/agent_shards/unknown-hard-r5/failed_hypotheses.csv,official evaluate.py equivalent but not below frontend target,ex287_r5_pair_cell_case,,,ex287_r5_pair_cell_case,1698,16,27168,,share local route predicates across adjacent output cells instead of selecting one full output vector,pair_cell_case,OK,student/work/ex204_ex299_frontend_breakthrough_20260614_1051/unknown-hard-r5/ex287/logs/ex287_r5_pair_cell_case.evaluate.py.log,source RTL adjacent cell selector descriptors,adjacent output cells use independent compact selector blocks over semantic cofactors,student/work/ex204_ex299_frontend_breakthrough_20260614_1051/unknown-hard-r5/ex287/eval_outputs/ex287_r5_pair_cell_case,benchmarks/ex287.truth,1,27168,26880,288,0,,,,,,,,,,,,,,,,,,,,,
unknown-hard-r5,unknown,ex287,ex287|local_cell_selector|cell_chunk3_case|k4_vector_cofactor_case_plain|share_abc_g_aig|official_evaluate|source_rtl,,,,,,student/work/ex204_ex299_frontend_breakthrough_20260614_1051/unknown-hard-r5/ex287/verilog/ex287_r5_cell_chunk3_case.v,student/work/ex204_ex299_frontend_breakthrough_20260614_1051/unknown-hard-r5/ex287/aigs/ex287_r5_cell_chunk3_case.aig,student/work/ex204_ex299_frontend_breakthrough_20260614_1051/unknown-hard-r5/ex287/logs/ex287_r5_cell_chunk3_case.evaluate.py.log,student/frontend_campaigns/campaigns/ex204_ex299_frontend_breakthrough_20260614_1051/agent_shards/unknown-hard-r5/failed_hypotheses.csv,official evaluate.py equivalent but not below frontend target,ex287_r5_cell_chunk3_case,,,ex287_r5_cell_chunk3_case,1698,16,27168,,use small contiguous route cells to balance selector overhead against full-vector selection,cell_chunk3_case,OK,student/work/ex204_ex299_frontend_breakthrough_20260614_1051/unknown-hard-r5/ex287/logs/ex287_r5_cell_chunk3_case.evaluate.py.log,source RTL three-bit local cell selector descriptors,three-bit output chunks use independent selector blocks over semantic cofactors,student/work/ex204_ex299_frontend_breakthrough_20260614_1051/unknown-hard-r5/ex287/eval_outputs/ex287_r5_cell_chunk3_case,benchmarks/ex287.truth,1,27168,26880,288,0,,,,,,,,,,,,,,,,,,,,,
unknown-hard-r5,unknown,ex287,ex287|local_cell_selector|cell_chunk4_case|k4_vector_cofactor_case_plain|share_abc_g_aig|official_evaluate|source_rtl,,,,,,student/work/ex204_ex299_frontend_breakthrough_20260614_1051/unknown-hard-r5/ex287/verilog/ex287_r5_cell_chunk4_case.v,student/work/ex204_ex299_frontend_breakthrough_20260614_1051/unknown-hard-r5/ex287/aigs/ex287_r5_cell_chunk4_case.aig,student/work/ex204_ex299_frontend_breakthrough_20260614_1051/unknown-hard-r5/ex287/logs/ex287_r5_cell_chunk4_case.evaluate.py.log,student/frontend_campaigns/campaigns/ex204_ex299_frontend_breakthrough_20260614_1051/agent_shards/unknown-hard-r5/failed_hypotheses.csv,official evaluate.py equivalent but not below frontend target,ex287_r5_cell_chunk4_case,,,ex287_r5_cell_chunk4_case,1695,16,27120,,use nibble route cells to expose local sharing while avoiding one full output-vector case,cell_chunk4_case,OK,student/work/ex204_ex299_frontend_breakthrough_20260614_1051/unknown-hard-r5/ex287/logs/ex287_r5_cell_chunk4_case.evaluate.py.log,source RTL four-bit local cell selector descriptors,four-bit output chunks use independent selector blocks over semantic cofactors,student/work/ex204_ex299_frontend_breakthrough_20260614_1051/unknown-hard-r5/ex287/eval_outputs/ex287_r5_cell_chunk4_case,benchmarks/ex287.truth,1,27120,26880,240,0,,,,,,,,,,,,,,,,,,,,,
unknown-hard-r5,unknown,ex287,ex287|paired_lane_cell_selector_flow_variant|pair_cell_case_targeted_flow|k4_vector_cofactor_case_plain|share_abc_g_aig_D15|official_evaluate|source_rtl,,,,,,student/work/ex204_ex299_frontend_breakthrough_20260614_1051/unknown-hard-r5/ex287/verilog/ex287_r5_pair_cell_share_abc_g_aig_d15.v,student/work/ex204_ex299_frontend_breakthrough_20260614_1051/unknown-hard-r5/ex287/aigs/ex287_r5_pair_cell_share_abc_g_aig_d15.aig,student/work/ex204_ex299_frontend_breakthrough_20260614_1051/unknown-hard-r5/ex287/logs/ex287_r5_pair_cell_share_abc_g_aig_d15.evaluate.py.log,student/frontend_campaigns/campaigns/ex204_ex299_frontend_breakthrough_20260614_1051/agent_shards/unknown-hard-r5/failed_hypotheses.csv,official evaluate.py equivalent but not below frontend target,ex287_r5_pair_cell_share_abc_g_aig_d15,,,ex287_r5_pair_cell_share_abc_g_aig_d15,1698,16,27168,,run the new adjacent-cell source form through a delay-targeted frontend synth variant,pair_cell_case_targeted_flow,OK,student/work/ex204_ex299_frontend_breakthrough_20260614_1051/unknown-hard-r5/ex287/logs/ex287_r5_pair_cell_share_abc_g_aig_d15.evaluate.py.log,source RTL adjacent cell selector descriptors with targeted frontend flow,same adjacent-cell source as pair_cell_case; only Yosys abc delay target changes,student/work/ex204_ex299_frontend_breakthrough_20260614_1051/unknown-hard-r5/ex287/eval_outputs/ex287_r5_pair_cell_share_abc_g_aig_d15,benchmarks/ex287.truth,1,27168,26880,288,0,,,,,,,,,,,,,,,,,,,,,
unknown-hard-r5,unknown,ex287,ex287|local_cell_selector_flow_variant|cell_chunk4_case_targeted_flow|k4_vector_cofactor_case_plain|share_abc_g_aig_D15|official_evaluate|source_rtl,,,,,,student/work/ex204_ex299_frontend_breakthrough_20260614_1051/unknown-hard-r5/ex287/verilog/ex287_r5_chunk4_share_abc_g_aig_d15.v,student/work/ex204_ex299_frontend_breakthrough_20260614_1051/unknown-hard-r5/ex287/aigs/ex287_r5_chunk4_share_abc_g_aig_d15.aig,student/work/ex204_ex299_frontend_breakthrough_20260614_1051/unknown-hard-r5/ex287/logs/ex287_r5_chunk4_share_abc_g_aig_d15.evaluate.py.log,student/frontend_campaigns/campaigns/ex204_ex299_frontend_breakthrough_20260614_1051/agent_shards/unknown-hard-r5/failed_hypotheses.csv,official evaluate.py equivalent but not below frontend target,ex287_r5_chunk4_share_abc_g_aig_d15,,,ex287_r5_chunk4_share_abc_g_aig_d15,1695,16,27120,,run the new four-bit local-cell source form through a delay-targeted frontend synth variant,cell_chunk4_case_targeted_flow,OK,student/work/ex204_ex299_frontend_breakthrough_20260614_1051/unknown-hard-r5/ex287/logs/ex287_r5_chunk4_share_abc_g_aig_d15.evaluate.py.log,source RTL four-bit local cell selector descriptors with targeted frontend flow,same four-bit local-cell source as chunk4; only Yosys abc delay target changes,student/work/ex204_ex299_frontend_breakthrough_20260614_1051/unknown-hard-r5/ex287/eval_outputs/ex287_r5_chunk4_share_abc_g_aig_d15,benchmarks/ex287.truth,1,27120,26880,240,0,,,,,,,,,,,,,,,,,,,,,
unknown-hard-r5,unknown,ex287,ex287|route_block_cell_selector|route_blocks_4_6_4|k4_vector_cofactor_case_plain|share_abc_g_aig|official_evaluate|source_rtl,,,,,,student/work/ex204_ex299_frontend_breakthrough_20260614_1051/unknown-hard-r5/ex287/verilog/ex287_r5_route_blocks_4_6_4.v,student/work/ex204_ex299_frontend_breakthrough_20260614_1051/unknown-hard-r5/ex287/aigs/ex287_r5_route_blocks_4_6_4.aig,student/work/ex204_ex299_frontend_breakthrough_20260614_1051/unknown-hard-r5/ex287/logs/ex287_r5_route_blocks_4_6_4.evaluate.py.log,student/frontend_campaigns/campaigns/ex204_ex299_frontend_breakthrough_20260614_1051/agent_shards/unknown-hard-r5/failed_hypotheses.csv,official evaluate.py equivalent but not below frontend target,ex287_r5_route_blocks_4_6_4,,,ex287_r5_route_blocks_4_6_4,1701,16,27216,,align local selector blocks with stable outer lanes and the known Hamming-preserving swap region,route_blocks_4_6_4,OK,student/work/ex204_ex299_frontend_breakthrough_20260614_1051/unknown-hard-r5/ex287/logs/ex287_r5_route_blocks_4_6_4.evaluate.py.log,source RTL custom route-block selector descriptors,custom contiguous output route blocks 4/6/4 use independent selector blocks,student/work/ex204_ex299_frontend_breakthrough_20260614_1051/unknown-hard-r5/ex287/eval_outputs/ex287_r5_route_blocks_4_6_4,benchmarks/ex287.truth,1,27216,26880,336,0,,,,,,,,,,,,,,,,,,,,,
unknown-hard-r5,unknown,ex287,ex287|route_block_cell_selector|route_blocks_6_4_4|k4_vector_cofactor_case_plain|share_abc_g_aig|official_evaluate|source_rtl,,,,,,student/work/ex204_ex299_frontend_breakthrough_20260614_1051/unknown-hard-r5/ex287/verilog/ex287_r5_route_blocks_6_4_4.v,student/work/ex204_ex299_frontend_breakthrough_20260614_1051/unknown-hard-r5/ex287/aigs/ex287_r5_route_blocks_6_4_4.aig,student/work/ex204_ex299_frontend_breakthrough_20260614_1051/unknown-hard-r5/ex287/logs/ex287_r5_route_blocks_6_4_4.evaluate.py.log,student/frontend_campaigns/campaigns/ex204_ex299_frontend_breakthrough_20260614_1051/agent_shards/unknown-hard-r5/failed_hypotheses.csv,official evaluate.py equivalent but not below frontend target,ex287_r5_route_blocks_6_4_4,,,ex287_r5_route_blocks_6_4_4,1713,16,27408,,align local selector blocks with stable outer lanes and the known Hamming-preserving swap region,route_blocks_6_4_4,OK,student/work/ex204_ex299_frontend_breakthrough_20260614_1051/unknown-hard-r5/ex287/logs/ex287_r5_route_blocks_6_4_4.evaluate.py.log,source RTL custom route-block selector descriptors,custom contiguous output route blocks 6/4/4 use independent selector blocks,student/work/ex204_ex299_frontend_breakthrough_20260614_1051/unknown-hard-r5/ex287/eval_outputs/ex287_r5_route_blocks_6_4_4,benchmarks/ex287.truth,1,27408,26880,528,0,,,,,,,,,,,,,,,,,,,,,
unknown-hard-r5,unknown,ex287,ex287|paired_lane_cell_selector_flow_variant|pair_cell_case_standard_flow|k4_vector_cofactor_case_plain|standard_abc_g_aig|official_evaluate|source_rtl,,,,,,student/work/ex204_ex299_frontend_breakthrough_20260614_1051/unknown-hard-r5/ex287/verilog/ex287_r5_pair_cell_standard_abc_g_aig.v,student/work/ex204_ex299_frontend_breakthrough_20260614_1051/unknown-hard-r5/ex287/aigs/ex287_r5_pair_cell_standard_abc_g_aig.aig,student/work/ex204_ex299_frontend_breakthrough_20260614_1051/unknown-hard-r5/ex287/logs/ex287_r5_pair_cell_standard_abc_g_aig.evaluate.py.log,student/frontend_campaigns/campaigns/ex204_ex299_frontend_breakthrough_20260614_1051/agent_shards/unknown-hard-r5/failed_hypotheses.csv,official evaluate.py equivalent but not below frontend target,ex287_r5_pair_cell_standard_abc_g_aig,,,ex287_r5_pair_cell_standard_abc_g_aig,1698,16,27168,,try the new adjacent-cell source form without the prior ex287 share pass,pair_cell_case_standard_flow,OK,student/work/ex204_ex299_frontend_breakthrough_20260614_1051/unknown-hard-r5/ex287/logs/ex287_r5_pair_cell_standard_abc_g_aig.evaluate.py.log,source RTL adjacent cell selector descriptors with standard frontend flow,same adjacent-cell source as pair_cell_case; share pass removed,student/work/ex204_ex299_frontend_breakthrough_20260614_1051/unknown-hard-r5/ex287/eval_outputs/ex287_r5_pair_cell_standard_abc_g_aig,benchmarks/ex287.truth,1,27168,26880,288,0,,,,,,,,,,,,,,,,,,,,,
unknown-global-r4,unknown,ex292,ex292|global_state_root_regrouping|skew5_output_planes|five_scalar_BDD_pools_skewed_mod5|yosys_internal_abc_g_aig|official_evaluate|all_outputs,,,,,,student/work/ex204_ex299_frontend_breakthrough_20260614_1051/unknown-global-r4/ex292/verilog/ex292_ugr_skew5_planes_outside.v,student/work/ex204_ex299_frontend_breakthrough_20260614_1051/unknown-global-r4/ex292/aigs/ex292_ugr_skew5_planes_outside.aig,student/work/ex204_ex299_frontend_breakthrough_20260614_1051/unknown-global-r4/ex292/logs/ex292_ugr_skew5_planes_outside.evaluate.py.log,student/frontend_campaigns/campaigns/ex204_ex299_frontend_breakthrough_20260614_1051/agent_shards/unknown-global-r4/failed_hypotheses.csv,grouped_bdd_nodes=5383,ex292_ugr_skew5_planes_outside,,,ex292_ugr_skew5_planes_outside,6775,22,149050,,global-state root regrouping,skew5 residue output groups over outside-in order,equivalent_but_no_frontend_improvement,,,,,,1,,,,,,,,,,,,,,,,,,,,,,,,,
unknown-global-r4,unknown,ex292,ex292|global_state_root_regrouping|endpoint_midpoint_quads|four_scalar_BDD_pools_endpoint_midpoint_groups|yosys_internal_abc_g_aig|official_evaluate|all_outputs,,,,,,student/work/ex204_ex299_frontend_breakthrough_20260614_1051/unknown-global-r4/ex292/verilog/ex292_ugr_endpoint_quad_planes_outside.v,student/work/ex204_ex299_frontend_breakthrough_20260614_1051/unknown-global-r4/ex292/aigs/ex292_ugr_endpoint_quad_planes_outside.aig,student/work/ex204_ex299_frontend_breakthrough_20260614_1051/unknown-global-r4/ex292/logs/ex292_ugr_endpoint_quad_planes_outside.evaluate.py.log,student/frontend_campaigns/campaigns/ex204_ex299_frontend_breakthrough_20260614_1051/agent_shards/unknown-global-r4/failed_hypotheses.csv,grouped_bdd_nodes=5097,ex292_ugr_endpoint_quad_planes_outside,,,ex292_ugr_endpoint_quad_planes_outside,6754,22,148588,,global-state endpoint/midpoint root regrouping,endpoint and midpoint quad output groups,equivalent_but_no_frontend_improvement,,,,,,1,,,,,,,,,,,,,,,,,,,,,,,,,
unknown-global-r4,unknown,ex292,ex292|global_state_source_boundary_mix|mod3_inner_phase|mod4_base_plus_mod3_donor_inner_phase_bits|yosys_internal_abc_g_aig|official_evaluate|bits_2_5_8_11,,,,,,student/work/ex204_ex299_frontend_breakthrough_20260614_1051/unknown-global-r4/ex292/verilog/ex292_ugr_mod3_inner_phase_mix.v,student/work/ex204_ex299_frontend_breakthrough_20260614_1051/unknown-global-r4/ex292/aigs/ex292_ugr_mod3_inner_phase_mix.aig,student/work/ex204_ex299_frontend_breakthrough_20260614_1051/unknown-global-r4/ex292/logs/ex292_ugr_mod3_inner_phase_mix.evaluate.py.log,student/frontend_campaigns/campaigns/ex204_ex299_frontend_breakthrough_20260614_1051/agent_shards/unknown-global-r4/failed_hypotheses.csv,,ex292_ugr_mod3_inner_phase_mix,,,ex292_ugr_mod3_inner_phase_mix,6766,21,142086,,global-state exact donor source-boundary mix,mod3 donor only on inner phase outputs,equivalent_but_no_frontend_improvement,,,,,,1,,,,,,,,,,,,,,,,,,,,,,,,,
unknown-global-r4,unknown,ex294,ex294|global_state_root_regrouping|phase_pair_planes|four_scalar_BDD_pools_phase_pairs|yosys_internal_abc_g_aig|official_evaluate|all_outputs,,,,,,student/work/ex204_ex299_frontend_breakthrough_20260614_1051/unknown-global-r4/ex294/verilog/ex294_ugr_phase_pair_planes_outside.v,student/work/ex204_ex299_frontend_breakthrough_20260614_1051/unknown-global-r4/ex294/aigs/ex294_ugr_phase_pair_planes_outside.aig,student/work/ex204_ex299_frontend_breakthrough_20260614_1051/unknown-global-r4/ex294/logs/ex294_ugr_phase_pair_planes_outside.evaluate.py.log,student/frontend_campaigns/campaigns/ex204_ex299_frontend_breakthrough_20260614_1051/agent_shards/unknown-global-r4/failed_hypotheses.csv,grouped_bdd_nodes=8349,ex294_ugr_phase_pair_planes_outside,,,ex294_ugr_phase_pair_planes_outside,10812,23,248676,,global-state root regrouping,phase-pair output pools over outside-in order,equivalent_but_no_frontend_improvement,,,,,,1,,,,,,,,,,,,,,,,,,,,,,,,,
unknown-global-r4,unknown,ex294,ex294|global_state_root_regrouping|endpoint_bands|four_scalar_BDD_pools_endpoint_center_bands|yosys_internal_abc_g_aig|official_evaluate|all_outputs,,,,,,student/work/ex204_ex299_frontend_breakthrough_20260614_1051/unknown-global-r4/ex294/verilog/ex294_ugr_endpoint_bands_outside.v,student/work/ex204_ex299_frontend_breakthrough_20260614_1051/unknown-global-r4/ex294/aigs/ex294_ugr_endpoint_bands_outside.aig,student/work/ex204_ex299_frontend_breakthrough_20260614_1051/unknown-global-r4/ex294/logs/ex294_ugr_endpoint_bands_outside.evaluate.py.log,student/frontend_campaigns/campaigns/ex204_ex299_frontend_breakthrough_20260614_1051/agent_shards/unknown-global-r4/failed_hypotheses.csv,grouped_bdd_nodes=8330,ex294_ugr_endpoint_bands_outside,,,ex294_ugr_endpoint_bands_outside,10841,25,271025,,global-state endpoint-band root regrouping,endpoint bands and central bands,equivalent_but_no_frontend_improvement,,,,,,1,,,,,,,,,,,,,,,,,,,,,,,,,
unknown-global-r4,unknown,ex294,ex294|global_state_descriptor_source_boundary|quadrant_midplanes|shared_endpoint_quadrant_descriptor_selects_midplane_groups|yosys_internal_abc_g_aig|official_evaluate|bits_2_3_6_7_10_11_14_15,,,,,,student/work/ex204_ex299_frontend_breakthrough_20260614_1051/unknown-global-r4/ex294/verilog/ex294_ugr_quadrant_descriptor_midplanes.v,student/work/ex204_ex299_frontend_breakthrough_20260614_1051/unknown-global-r4/ex294/aigs/ex294_ugr_quadrant_descriptor_midplanes.aig,student/work/ex204_ex299_frontend_breakthrough_20260614_1051/unknown-global-r4/ex294/logs/ex294_ugr_quadrant_descriptor_midplanes.evaluate.py.log,student/frontend_campaigns/campaigns/ex204_ex299_frontend_breakthrough_20260614_1051/agent_shards/unknown-global-r4/failed_hypotheses.csv,,ex294_ugr_quadrant_descriptor_midplanes,,,ex294_ugr_quadrant_descriptor_midplanes,10687,22,235114,,global-state endpoint descriptor source-boundary mix,new quadrant descriptor mux on middle phase planes,equivalent_but_no_frontend_improvement,,,,,,1,,,,,,,,,,,,,,,,,,,,,,,,,
unknown-global-r4,unknown,ex297,ex297|cyclic_2bit_selected_exact_bdd|midcell_bits_4_5|pairsel_base_plus_shared_selected_bdd_roots|yosys_internal_abc_g_aig|official_evaluate|bits_4_5,,,,,,student/work/ex204_ex299_frontend_breakthrough_20260614_1051/unknown-global-r4/ex297/verilog/ex297_ugr_midcell_selected_bdd.v,student/work/ex204_ex299_frontend_breakthrough_20260614_1051/unknown-global-r4/ex297/aigs/ex297_ugr_midcell_selected_bdd.aig,student/work/ex204_ex299_frontend_breakthrough_20260614_1051/unknown-global-r4/ex297/logs/ex297_ugr_midcell_selected_bdd.evaluate.py.log,student/frontend_campaigns/campaigns/ex204_ex299_frontend_breakthrough_20260614_1051/agent_shards/unknown-global-r4/failed_hypotheses.csv,selected_bdd_nodes=3300,ex297_ugr_midcell_selected_bdd,,,ex297_ugr_midcell_selected_bdd,29060,22,639320,,cyclic 2-bit selected exact BDD residual,direct exact BDD roots for middle cell bits 4/5,equivalent_but_no_frontend_improvement,,,,,,1,,,,,,,,,,,,,,,,,,,,,,,,,
unknown-global-r4,unknown,ex297,ex297|cyclic_2bit_selected_exact_bdd|phasebridge_bits_6_7|pairsel_base_plus_shared_selected_bdd_roots|yosys_internal_abc_g_aig|official_evaluate|bits_6_7,,,,,,student/work/ex204_ex299_frontend_breakthrough_20260614_1051/unknown-global-r4/ex297/verilog/ex297_ugr_phasebridge_selected_bdd.v,student/work/ex204_ex299_frontend_breakthrough_20260614_1051/unknown-global-r4/ex297/aigs/ex297_ugr_phasebridge_selected_bdd.aig,student/work/ex204_ex299_frontend_breakthrough_20260614_1051/unknown-global-r4/ex297/logs/ex297_ugr_phasebridge_selected_bdd.evaluate.py.log,student/frontend_campaigns/campaigns/ex204_ex299_frontend_breakthrough_20260614_1051/agent_shards/unknown-global-r4/failed_hypotheses.csv,selected_bdd_nodes=3372,ex297_ugr_phasebridge_selected_bdd,,,ex297_ugr_phasebridge_selected_bdd,29258,22,643676,,cyclic 2-bit selected exact BDD residual,direct exact BDD roots for phase bridge bits 6/7,equivalent_but_no_frontend_improvement,,,,,,1,,,,,,,,,,,,,,,,,,,,,,,,,
unknown-global-r4,unknown,ex297,ex297|cyclic_2bit_phase_interleaved_overlay|sel2_midcells|pairsel_base_plus_sel2_midcluster_donor_on_middle_cells|yosys_internal_abc_g_aig|official_evaluate|bits_4_5_8_9,,,,,,student/work/ex204_ex299_frontend_breakthrough_20260614_1051/unknown-global-r4/ex297/verilog/ex297_ugr_sel2_midcell_overlay.v,student/work/ex204_ex299_frontend_breakthrough_20260614_1051/unknown-global-r4/ex297/aigs/ex297_ugr_sel2_midcell_overlay.aig,student/work/ex204_ex299_frontend_breakthrough_20260614_1051/unknown-global-r4/ex297/logs/ex297_ugr_sel2_midcell_overlay.evaluate.py.log,student/frontend_campaigns/campaigns/ex204_ex299_frontend_breakthrough_20260614_1051/agent_shards/unknown-global-r4/failed_hypotheses.csv,,ex297_ugr_sel2_midcell_overlay,,,ex297_ugr_sel2_midcell_overlay,26568,16,425088,,cyclic 2-bit phase-interleaved exact donor overlay,r75 sel2 donor on two separated middle cells,equivalent_but_no_frontend_improvement,,,,,,1,,,,,,,,,,,,,,,,,,,,,,,,,
unknown-global-r4,unknown,ex297,ex297|cyclic_2bit_celllocal_bridge_overlay|celllocal_bridgecells|pairsel_base_plus_celllocal_donor_on_bridge_cells|yosys_internal_abc_g_aig|official_evaluate|bits_2_3_10_11,,,,,,student/work/ex204_ex299_frontend_breakthrough_20260614_1051/unknown-global-r4/ex297/verilog/ex297_ugr_celllocal_bridge_overlay.v,student/work/ex204_ex299_frontend_breakthrough_20260614_1051/unknown-global-r4/ex297/aigs/ex297_ugr_celllocal_bridge_overlay.aig,student/work/ex204_ex299_frontend_breakthrough_20260614_1051/unknown-global-r4/ex297/logs/ex297_ugr_celllocal_bridge_overlay.evaluate.py.log,student/frontend_campaigns/campaigns/ex204_ex299_frontend_breakthrough_20260614_1051/agent_shards/unknown-global-r4/failed_hypotheses.csv,,ex297_ugr_celllocal_bridge_overlay,,,ex297_ugr_celllocal_bridge_overlay,26639,16,426224,,cyclic 2-bit cell-local exact donor overlay,cell-local donor on low/high bridge cells,equivalent_but_no_frontend_improvement,,,,,,1,,,,,,,,,,,,,,,,,,,,,,,,,
integer-struct-r4,integer,ex276,ex276|unsigned_floor_isqrt_10_to_5|prefix4_shared_ge_current_source_resynth|same shared hi bucket low-threshold classifier; frontend synth-flow variant|default_and|abc_xf_official_evaluate|whole_word,,,,,,student/work/ex204_ex299_frontend_breakthrough_20260614_1051/integer-struct-r4/ex276/verilog/ex276_r4_prefix4_shared_ge_default_and.v,student/work/ex204_ex299_frontend_breakthrough_20260614_1051/integer-struct-r4/ex276/aigs/ex276_r4_prefix4_shared_ge_default_and.aig,student/work/ex204_ex299_frontend_breakthrough_20260614_1051/integer-struct-r4/ex276/logs/ex276_r4_prefix4_shared_ge_default_and.evaluate.py.log,student/frontend_campaigns/campaigns/ex204_ex299_frontend_breakthrough_20260614_1051/agent_shards/integer-struct-r4/failed_hypotheses.csv,official evaluate.py OK; project default abc -g AND,ex276_r4_prefix4_shared_ge_default_and,,,ex276_r4_prefix4_shared_ge_default_and,113,11,1243,,current best prefix4 shared-ge classifier may improve with source frontend mapping only,default_and,OK,,,,student/work/ex204_ex299_frontend_breakthrough_20260614_1051/integer-struct-r4/ex276/eval_outputs/ex276_r4_prefix4_shared_ge_default_and,benchmarks/ex276.truth,true,,,,,,,,,,,,,,,,,,,,,,,1010,233,false
integer-struct-r4,integer,ex276,ex276|unsigned_floor_isqrt_10_to_5|prefix4_shared_ge_current_source_resynth|same shared hi bucket low-threshold classifier; frontend synth-flow variant|abc_g_aig|abc_xf_official_evaluate|whole_word,,,,,,student/work/ex204_ex299_frontend_breakthrough_20260614_1051/integer-struct-r4/ex276/verilog/ex276_r4_prefix4_shared_ge_abc_g_aig.v,student/work/ex204_ex299_frontend_breakthrough_20260614_1051/integer-struct-r4/ex276/aigs/ex276_r4_prefix4_shared_ge_abc_g_aig.aig,student/work/ex204_ex299_frontend_breakthrough_20260614_1051/integer-struct-r4/ex276/logs/ex276_r4_prefix4_shared_ge_abc_g_aig.evaluate.py.log,student/frontend_campaigns/campaigns/ex204_ex299_frontend_breakthrough_20260614_1051/agent_shards/integer-struct-r4/failed_hypotheses.csv,official evaluate.py OK; abc -g aig from source,ex276_r4_prefix4_shared_ge_abc_g_aig,,,ex276_r4_prefix4_shared_ge_abc_g_aig,113,11,1243,,current best prefix4 shared-ge classifier may improve with source frontend mapping only,abc_g_aig,OK,,,,student/work/ex204_ex299_frontend_breakthrough_20260614_1051/integer-struct-r4/ex276/eval_outputs/ex276_r4_prefix4_shared_ge_abc_g_aig,benchmarks/ex276.truth,true,,,,,,,,,,,,,,,,,,,,,,,1010,233,false
integer-struct-r4,integer,ex276,ex276|unsigned_floor_isqrt_10_to_5|prefix4_shared_ge_current_source_resynth|same shared hi bucket low-threshold classifier; frontend synth-flow variant|abc_g_aig_d8|abc_xf_official_evaluate|whole_word,,,,,,student/work/ex204_ex299_frontend_breakthrough_20260614_1051/integer-struct-r4/ex276/verilog/ex276_r4_prefix4_shared_ge_abc_g_aig_d8.v,student/work/ex204_ex299_frontend_breakthrough_20260614_1051/integer-struct-r4/ex276/aigs/ex276_r4_prefix4_shared_ge_abc_g_aig_d8.aig,student/work/ex204_ex299_frontend_breakthrough_20260614_1051/integer-struct-r4/ex276/logs/ex276_r4_prefix4_shared_ge_abc_g_aig_d8.evaluate.py.log,student/frontend_campaigns/campaigns/ex204_ex299_frontend_breakthrough_20260614_1051/agent_shards/integer-struct-r4/failed_hypotheses.csv,official evaluate.py OK; abc -g aig -D 8 from source,ex276_r4_prefix4_shared_ge_abc_g_aig_d8,,,ex276_r4_prefix4_shared_ge_abc_g_aig_d8,113,11,1243,,current best prefix4 shared-ge classifier may improve with source frontend mapping only,abc_g_aig_d8,OK,,,,student/work/ex204_ex299_frontend_breakthrough_20260614_1051/integer-struct-r4/ex276/eval_outputs/ex276_r4_prefix4_shared_ge_abc_g_aig_d8,benchmarks/ex276.truth,true,,,,,,,,,,,,,,,,,,,,,,,1010,233,false
integer-struct-r4,integer,ex276,ex276|unsigned_floor_isqrt_10_to_5|prefix4_shared_ge_current_source_resynth|same shared hi bucket low-threshold classifier; frontend synth-flow variant|abc_g_aig_d9|abc_xf_official_evaluate|whole_word,,,,,,student/work/ex204_ex299_frontend_breakthrough_20260614_1051/integer-struct-r4/ex276/verilog/ex276_r4_prefix4_shared_ge_abc_g_aig_d9.v,student/work/ex204_ex299_frontend_breakthrough_20260614_1051/integer-struct-r4/ex276/aigs/ex276_r4_prefix4_shared_ge_abc_g_aig_d9.aig,student/work/ex204_ex299_frontend_breakthrough_20260614_1051/integer-struct-r4/ex276/logs/ex276_r4_prefix4_shared_ge_abc_g_aig_d9.evaluate.py.log,student/frontend_campaigns/campaigns/ex204_ex299_frontend_breakthrough_20260614_1051/agent_shards/integer-struct-r4/failed_hypotheses.csv,official evaluate.py OK; abc -g aig -D 9 from source,ex276_r4_prefix4_shared_ge_abc_g_aig_d9,,,ex276_r4_prefix4_shared_ge_abc_g_aig_d9,113,11,1243,,current best prefix4 shared-ge classifier may improve with source frontend mapping only,abc_g_aig_d9,OK,,,,student/work/ex204_ex299_frontend_breakthrough_20260614_1051/integer-struct-r4/ex276/eval_outputs/ex276_r4_prefix4_shared_ge_abc_g_aig_d9,benchmarks/ex276.truth,true,,,,,,,,,,,,,,,,,,,,,,,1010,233,false
integer-struct-r4,integer,ex276,ex276|unsigned_floor_isqrt_10_to_5|prefix4_shared_ge_current_source_resynth|same shared hi bucket low-threshold classifier; frontend synth-flow variant|abc_g_aig_d10|abc_xf_official_evaluate|whole_word,,,,,,student/work/ex204_ex299_frontend_breakthrough_20260614_1051/integer-struct-r4/ex276/verilog/ex276_r4_prefix4_shared_ge_abc_g_aig_d10.v,student/work/ex204_ex299_frontend_breakthrough_20260614_1051/integer-struct-r4/ex276/aigs/ex276_r4_prefix4_shared_ge_abc_g_aig_d10.aig,student/work/ex204_ex299_frontend_breakthrough_20260614_1051/integer-struct-r4/ex276/logs/ex276_r4_prefix4_shared_ge_abc_g_aig_d10.evaluate.py.log,student/frontend_campaigns/campaigns/ex204_ex299_frontend_breakthrough_20260614_1051/agent_shards/integer-struct-r4/failed_hypotheses.csv,official evaluate.py OK; abc -g aig -D 10 from source,ex276_r4_prefix4_shared_ge_abc_g_aig_d10,,,ex276_r4_prefix4_shared_ge_abc_g_aig_d10,113,11,1243,,current best prefix4 shared-ge classifier may improve with source frontend mapping only,abc_g_aig_d10,OK,,,,student/work/ex204_ex299_frontend_breakthrough_20260614_1051/integer-struct-r4/ex276/eval_outputs/ex276_r4_prefix4_shared_ge_abc_g_aig_d10,benchmarks/ex276.truth,true,,,,,,,,,,,,,,,,,,,,,,,1010,233,false
integer-struct-r4,integer,ex276,ex276|unsigned_floor_isqrt_10_to_5|prefix4_shared_ge_current_source_resynth|same shared hi bucket low-threshold classifier; frontend synth-flow variant|abc_g_aig_d11|abc_xf_official_evaluate|whole_word,,,,,,student/work/ex204_ex299_frontend_breakthrough_20260614_1051/integer-struct-r4/ex276/verilog/ex276_r4_prefix4_shared_ge_abc_g_aig_d11.v,student/work/ex204_ex299_frontend_breakthrough_20260614_1051/integer-struct-r4/ex276/aigs/ex276_r4_prefix4_shared_ge_abc_g_aig_d11.aig,student/work/ex204_ex299_frontend_breakthrough_20260614_1051/integer-struct-r4/ex276/logs/ex276_r4_prefix4_shared_ge_abc_g_aig_d11.evaluate.py.log,student/frontend_campaigns/campaigns/ex204_ex299_frontend_breakthrough_20260614_1051/agent_shards/integer-struct-r4/failed_hypotheses.csv,official evaluate.py OK; abc -g aig -D 11 from source,ex276_r4_prefix4_shared_ge_abc_g_aig_d11,,,ex276_r4_prefix4_shared_ge_abc_g_aig_d11,113,11,1243,,current best prefix4 shared-ge classifier may improve with source frontend mapping only,abc_g_aig_d11,OK,,,,student/work/ex204_ex299_frontend_breakthrough_20260614_1051/integer-struct-r4/ex276/eval_outputs/ex276_r4_prefix4_shared_ge_abc_g_aig_d11,benchmarks/ex276.truth,true,,,,,,,,,,,,,,,,,,,,,,,1010,233,false
integer-struct-r4,integer,ex276,ex276|unsigned_floor_isqrt_10_to_5|prefix4_shared_ge_current_source_resynth|same shared hi bucket low-threshold classifier; frontend synth-flow variant|abc_g_simple|abc_xf_official_evaluate|whole_word,,,,,,student/work/ex204_ex299_frontend_breakthrough_20260614_1051/integer-struct-r4/ex276/verilog/ex276_r4_prefix4_shared_ge_abc_g_simple.v,student/work/ex204_ex299_frontend_breakthrough_20260614_1051/integer-struct-r4/ex276/aigs/ex276_r4_prefix4_shared_ge_abc_g_simple.aig,student/work/ex204_ex299_frontend_breakthrough_20260614_1051/integer-struct-r4/ex276/logs/ex276_r4_prefix4_shared_ge_abc_g_simple.evaluate.py.log,student/frontend_campaigns/campaigns/ex204_ex299_frontend_breakthrough_20260614_1051/agent_shards/integer-struct-r4/failed_hypotheses.csv,official evaluate.py OK; abc -g simple from source,ex276_r4_prefix4_shared_ge_abc_g_simple,,,ex276_r4_prefix4_shared_ge_abc_g_simple,116,11,1276,,current best prefix4 shared-ge classifier may improve with source frontend mapping only,abc_g_simple,OK,,,,student/work/ex204_ex299_frontend_breakthrough_20260614_1051/integer-struct-r4/ex276/eval_outputs/ex276_r4_prefix4_shared_ge_abc_g_simple,benchmarks/ex276.truth,true,,,,,,,,,,,,,,,,,,,,,,,1010,266,false
integer-struct-r4,integer,ex276,ex276|unsigned_floor_isqrt_10_to_5|prefix4_shared_ge_current_source_resynth|same shared hi bucket low-threshold classifier; frontend synth-flow variant|extra_share_and|abc_xf_official_evaluate|whole_word,,,,,,student/work/ex204_ex299_frontend_breakthrough_20260614_1051/integer-struct-r4/ex276/verilog/ex276_r4_prefix4_shared_ge_extra_share_and.v,student/work/ex204_ex299_frontend_breakthrough_20260614_1051/integer-struct-r4/ex276/aigs/ex276_r4_prefix4_shared_ge_extra_share_and.aig,student/work/ex204_ex299_frontend_breakthrough_20260614_1051/integer-struct-r4/ex276/logs/ex276_r4_prefix4_shared_ge_extra_share_and.evaluate.py.log,student/frontend_campaigns/campaigns/ex204_ex299_frontend_breakthrough_20260614_1051/agent_shards/integer-struct-r4/failed_hypotheses.csv,official evaluate.py OK; opt_reduce/muxtree/wreduce/share before abc,ex276_r4_prefix4_shared_ge_extra_share_and,,,ex276_r4_prefix4_shared_ge_extra_share_and,113,11,1243,,current best prefix4 shared-ge classifier may improve with source frontend mapping only,extra_share_and,OK,,,,student/work/ex204_ex299_frontend_breakthrough_20260614_1051/integer-struct-r4/ex276/eval_outputs/ex276_r4_prefix4_shared_ge_extra_share_and,benchmarks/ex276.truth,true,,,,,,,,,,,,,,,,,,,,,,,1010,233,false
integer-struct-r4,integer,ex276,ex276|unsigned_floor_isqrt_10_to_5|prefix4_shared_ge_current_source_resynth|same shared hi bucket low-threshold classifier; frontend synth-flow variant|noabc_aigmap|abc_xf_official_evaluate|whole_word,,,,,,student/work/ex204_ex299_frontend_breakthrough_20260614_1051/integer-struct-r4/ex276/verilog/ex276_r4_prefix4_shared_ge_noabc_aigmap.v,student/work/ex204_ex299_frontend_breakthrough_20260614_1051/integer-struct-r4/ex276/aigs/ex276_r4_prefix4_shared_ge_noabc_aigmap.aig,student/work/ex204_ex299_frontend_breakthrough_20260614_1051/integer-struct-r4/ex276/logs/ex276_r4_prefix4_shared_ge_noabc_aigmap.evaluate.py.log,student/frontend_campaigns/campaigns/ex204_ex299_frontend_breakthrough_20260614_1051/agent_shards/integer-struct-r4/failed_hypotheses.csv,official evaluate.py OK; skip internal abc before aigmap,ex276_r4_prefix4_shared_ge_noabc_aigmap,,,ex276_r4_prefix4_shared_ge_noabc_aigmap,202,17,3434,,current best prefix4 shared-ge classifier may improve with source frontend mapping only,noabc_aigmap,OK,,,,student/work/ex204_ex299_frontend_breakthrough_20260614_1051/integer-struct-r4/ex276/eval_outputs/ex276_r4_prefix4_shared_ge_noabc_aigmap,benchmarks/ex276.truth,true,,,,,,,,,,,,,,,,,,,,,,,1010,2424,false
integer-struct-r4,integer,ex276,ex276|unsigned_floor_isqrt_10_to_5|prefix4_shared_ge_current_source_resynth|same shared hi bucket low-threshold classifier; frontend synth-flow variant|synth_preset_and|abc_xf_official_evaluate|whole_word,,,,,,student/work/ex204_ex299_frontend_breakthrough_20260614_1051/integer-struct-r4/ex276/verilog/ex276_r4_prefix4_shared_ge_synth_preset_and.v,student/work/ex204_ex299_frontend_breakthrough_20260614_1051/integer-struct-r4/ex276/aigs/ex276_r4_prefix4_shared_ge_synth_preset_and.aig,student/work/ex204_ex299_frontend_breakthrough_20260614_1051/integer-struct-r4/ex276/logs/ex276_r4_prefix4_shared_ge_synth_preset_and.evaluate.py.log,student/frontend_campaigns/campaigns/ex204_ex299_frontend_breakthrough_20260614_1051/agent_shards/integer-struct-r4/failed_hypotheses.csv,official evaluate.py OK; Yosys synth preset plus abc -g AND,ex276_r4_prefix4_shared_ge_synth_preset_and,,,ex276_r4_prefix4_shared_ge_synth_preset_and,101,10,1010,,current best prefix4 shared-ge classifier may improve with source frontend mapping only,synth_preset_and,OK,,,,student/work/ex204_ex299_frontend_breakthrough_20260614_1051/integer-struct-r4/ex276/eval_outputs/ex276_r4_prefix4_shared_ge_synth_preset_and,benchmarks/ex276.truth,true,,,,,,,,,,,,,,,,,,,,,,,1010,0,false
integer-struct-r4,integer,ex276,ex276|unsigned_floor_isqrt_10_to_5|prefix4_shared_ge_current_source_resynth|same shared hi bucket low-threshold classifier; frontend synth-flow variant|synth_preset_aig|abc_xf_official_evaluate|whole_word,,,,,,student/work/ex204_ex299_frontend_breakthrough_20260614_1051/integer-struct-r4/ex276/verilog/ex276_r4_prefix4_shared_ge_synth_preset_aig.v,student/work/ex204_ex299_frontend_breakthrough_20260614_1051/integer-struct-r4/ex276/aigs/ex276_r4_prefix4_shared_ge_synth_preset_aig.aig,student/work/ex204_ex299_frontend_breakthrough_20260614_1051/integer-struct-r4/ex276/logs/ex276_r4_prefix4_shared_ge_synth_preset_aig.evaluate.py.log,student/frontend_campaigns/campaigns/ex204_ex299_frontend_breakthrough_20260614_1051/agent_shards/integer-struct-r4/failed_hypotheses.csv,official evaluate.py OK; Yosys synth preset plus abc -g aig,ex276_r4_prefix4_shared_ge_synth_preset_aig,,,ex276_r4_prefix4_shared_ge_synth_preset_aig,101,10,1010,,current best prefix4 shared-ge classifier may improve with source frontend mapping only,synth_preset_aig,OK,,,,student/work/ex204_ex299_frontend_breakthrough_20260614_1051/integer-struct-r4/ex276/eval_outputs/ex276_r4_prefix4_shared_ge_synth_preset_aig,benchmarks/ex276.truth,true,,,,,,,,,,,,,,,,,,,,,,,1010,0,false
integer-struct-r4,integer,ex265,ex265|unsigned low4/high4 divide with dbz saturation; current best cofactor bit-BDD word mux|current_source_frontend_resynth|preserve current shared classifier; vary source frontend mapping only|default_and|abc_xf_official_evaluate|quotient_word,,,,,,student/work/ex204_ex299_frontend_breakthrough_20260614_1051/integer-struct-r4/ex265/verilog/ex265_r4_udiv_current_source_default_and.v,student/work/ex204_ex299_frontend_breakthrough_20260614_1051/integer-struct-r4/ex265/aigs/ex265_r4_udiv_current_source_default_and.aig,student/work/ex204_ex299_frontend_breakthrough_20260614_1051/integer-struct-r4/ex265/logs/ex265_r4_udiv_current_source_default_and.evaluate.py.log,student/frontend_campaigns/campaigns/ex204_ex299_frontend_breakthrough_20260614_1051/agent_shards/integer-struct-r4/failed_hypotheses.csv,official evaluate.py OK; project default source flow,ex265_r4_udiv_current_source_default_and,,,ex265_r4_udiv_current_source_default_and,71,9,639,,current divider source may have lower ADP under a frontend-only mapping variant,default_and,OK,,,,student/work/ex204_ex299_frontend_breakthrough_20260614_1051/integer-struct-r4/ex265/eval_outputs/ex265_r4_udiv_current_source_default_and,benchmarks/ex265.truth,true,,,,,,,,,,,,,,,,,,,,,,,504,135,false
integer-struct-r4,integer,ex265,ex265|unsigned low4/high4 divide with dbz saturation; current best cofactor bit-BDD word mux|current_source_frontend_resynth|preserve current shared classifier; vary source frontend mapping only|abc_g_aig|abc_xf_official_evaluate|quotient_word,,,,,,student/work/ex204_ex299_frontend_breakthrough_20260614_1051/integer-struct-r4/ex265/verilog/ex265_r4_udiv_current_source_abc_g_aig.v,student/work/ex204_ex299_frontend_breakthrough_20260614_1051/integer-struct-r4/ex265/aigs/ex265_r4_udiv_current_source_abc_g_aig.aig,student/work/ex204_ex299_frontend_breakthrough_20260614_1051/integer-struct-r4/ex265/logs/ex265_r4_udiv_current_source_abc_g_aig.evaluate.py.log,student/frontend_campaigns/campaigns/ex204_ex299_frontend_breakthrough_20260614_1051/agent_shards/integer-struct-r4/failed_hypotheses.csv,official evaluate.py OK; abc -g aig,ex265_r4_udiv_current_source_abc_g_aig,,,ex265_r4_udiv_current_source_abc_g_aig,71,8,568,,current divider source may have lower ADP under a frontend-only mapping variant,abc_g_aig,OK,,,,student/work/ex204_ex299_frontend_breakthrough_20260614_1051/integer-struct-r4/ex265/eval_outputs/ex265_r4_udiv_current_source_abc_g_aig,benchmarks/ex265.truth,true,,,,,,,,,,,,,,,,,,,,,,,504,64,false
integer-struct-r4,integer,ex265,ex265|unsigned low4/high4 divide with dbz saturation; current best cofactor bit-BDD word mux|current_source_frontend_resynth|preserve current shared classifier; vary source frontend mapping only|abc_g_aig_d8|abc_xf_official_evaluate|quotient_word,,,,,,student/work/ex204_ex299_frontend_breakthrough_20260614_1051/integer-struct-r4/ex265/verilog/ex265_r4_udiv_current_source_abc_g_aig_d8.v,student/work/ex204_ex299_frontend_breakthrough_20260614_1051/integer-struct-r4/ex265/aigs/ex265_r4_udiv_current_source_abc_g_aig_d8.aig,student/work/ex204_ex299_frontend_breakthrough_20260614_1051/integer-struct-r4/ex265/logs/ex265_r4_udiv_current_source_abc_g_aig_d8.evaluate.py.log,student/frontend_campaigns/campaigns/ex204_ex299_frontend_breakthrough_20260614_1051/agent_shards/integer-struct-r4/failed_hypotheses.csv,official evaluate.py OK; abc -g aig -D 8,ex265_r4_udiv_current_source_abc_g_aig_d8,,,ex265_r4_udiv_current_source_abc_g_aig_d8,71,8,568,,current divider source may have lower ADP under a frontend-only mapping variant,abc_g_aig_d8,OK,,,,student/work/ex204_ex299_frontend_breakthrough_20260614_1051/integer-struct-r4/ex265/eval_outputs/ex265_r4_udiv_current_source_abc_g_aig_d8,benchmarks/ex265.truth,true,,,,,,,,,,,,,,,,,,,,,,,504,64,false
integer-struct-r4,integer,ex265,ex265|unsigned low4/high4 divide with dbz saturation; current best cofactor bit-BDD word mux|current_source_frontend_resynth|preserve current shared classifier; vary source frontend mapping only|abc_g_aig_d10|abc_xf_official_evaluate|quotient_word,,,,,,student/work/ex204_ex299_frontend_breakthrough_20260614_1051/integer-struct-r4/ex265/verilog/ex265_r4_udiv_current_source_abc_g_aig_d10.v,student/work/ex204_ex299_frontend_breakthrough_20260614_1051/integer-struct-r4/ex265/aigs/ex265_r4_udiv_current_source_abc_g_aig_d10.aig,student/work/ex204_ex299_frontend_breakthrough_20260614_1051/integer-struct-r4/ex265/logs/ex265_r4_udiv_current_source_abc_g_aig_d10.evaluate.py.log,student/frontend_campaigns/campaigns/ex204_ex299_frontend_breakthrough_20260614_1051/agent_shards/integer-struct-r4/failed_hypotheses.csv,official evaluate.py OK; abc -g aig -D 10,ex265_r4_udiv_current_source_abc_g_aig_d10,,,ex265_r4_udiv_current_source_abc_g_aig_d10,71,8,568,,current divider source may have lower ADP under a frontend-only mapping variant,abc_g_aig_d10,OK,,,,student/work/ex204_ex299_frontend_breakthrough_20260614_1051/integer-struct-r4/ex265/eval_outputs/ex265_r4_udiv_current_source_abc_g_aig_d10,benchmarks/ex265.truth,true,,,,,,,,,,,,,,,,,,,,,,,504,64,false
integer-struct-r4,integer,ex265,ex265|unsigned low4/high4 divide with dbz saturation; current best cofactor bit-BDD word mux|current_source_frontend_resynth|preserve current shared classifier; vary source frontend mapping only|synth_preset_and|abc_xf_official_evaluate|quotient_word,,,,,,student/work/ex204_ex299_frontend_breakthrough_20260614_1051/integer-struct-r4/ex265/verilog/ex265_r4_udiv_current_source_synth_preset_and.v,student/work/ex204_ex299_frontend_breakthrough_20260614_1051/integer-struct-r4/ex265/aigs/ex265_r4_udiv_current_source_synth_preset_and.aig,student/work/ex204_ex299_frontend_breakthrough_20260614_1051/integer-struct-r4/ex265/logs/ex265_r4_udiv_current_source_synth_preset_and.evaluate.py.log,student/frontend_campaigns/campaigns/ex204_ex299_frontend_breakthrough_20260614_1051/agent_shards/integer-struct-r4/failed_hypotheses.csv,official evaluate.py OK; synth preset plus abc -g AND,ex265_r4_udiv_current_source_synth_preset_and,,,ex265_r4_udiv_current_source_synth_preset_and,63,8,504,,current divider source may have lower ADP under a frontend-only mapping variant,synth_preset_and,OK,,,,student/work/ex204_ex299_frontend_breakthrough_20260614_1051/integer-struct-r4/ex265/eval_outputs/ex265_r4_udiv_current_source_synth_preset_and,benchmarks/ex265.truth,true,,,,,,,,,,,,,,,,,,,,,,,504,0,false
integer-struct-r4,integer,ex265,ex265|unsigned low4/high4 divide with dbz saturation; current best cofactor bit-BDD word mux|current_source_frontend_resynth|preserve current shared classifier; vary source frontend mapping only|synth_preset_aig|abc_xf_official_evaluate|quotient_word,,,,,,student/work/ex204_ex299_frontend_breakthrough_20260614_1051/integer-struct-r4/ex265/verilog/ex265_r4_udiv_current_source_synth_preset_aig.v,student/work/ex204_ex299_frontend_breakthrough_20260614_1051/integer-struct-r4/ex265/aigs/ex265_r4_udiv_current_source_synth_preset_aig.aig,student/work/ex204_ex299_frontend_breakthrough_20260614_1051/integer-struct-r4/ex265/logs/ex265_r4_udiv_current_source_synth_preset_aig.evaluate.py.log,student/frontend_campaigns/campaigns/ex204_ex299_frontend_breakthrough_20260614_1051/agent_shards/integer-struct-r4/failed_hypotheses.csv,official evaluate.py OK; synth preset plus abc -g aig,ex265_r4_udiv_current_source_synth_preset_aig,,,ex265_r4_udiv_current_source_synth_preset_aig,63,8,504,,current divider source may have lower ADP under a frontend-only mapping variant,synth_preset_aig,OK,,,,student/work/ex204_ex299_frontend_breakthrough_20260614_1051/integer-struct-r4/ex265/eval_outputs/ex265_r4_udiv_current_source_synth_preset_aig,benchmarks/ex265.truth,true,,,,,,,,,,,,,,,,,,,,,,,504,0,false
integer-struct-r4,integer,ex265,ex265|unsigned low4/high4 divide with dbz saturation; current best cofactor bit-BDD word mux|current_source_frontend_resynth|preserve current shared classifier; vary source frontend mapping only|synth_preset_aig_d10|abc_xf_official_evaluate|quotient_word,,,,,,student/work/ex204_ex299_frontend_breakthrough_20260614_1051/integer-struct-r4/ex265/verilog/ex265_r4_udiv_current_source_synth_preset_aig_d10.v,student/work/ex204_ex299_frontend_breakthrough_20260614_1051/integer-struct-r4/ex265/aigs/ex265_r4_udiv_current_source_synth_preset_aig_d10.aig,student/work/ex204_ex299_frontend_breakthrough_20260614_1051/integer-struct-r4/ex265/logs/ex265_r4_udiv_current_source_synth_preset_aig_d10.evaluate.py.log,student/frontend_campaigns/campaigns/ex204_ex299_frontend_breakthrough_20260614_1051/agent_shards/integer-struct-r4/failed_hypotheses.csv,official evaluate.py OK; synth preset plus abc -g aig -D 10,ex265_r4_udiv_current_source_synth_preset_aig_d10,,,ex265_r4_udiv_current_source_synth_preset_aig_d10,63,8,504,,current divider source may have lower ADP under a frontend-only mapping variant,synth_preset_aig_d10,OK,,,,student/work/ex204_ex299_frontend_breakthrough_20260614_1051/integer-struct-r4/ex265/eval_outputs/ex265_r4_udiv_current_source_synth_preset_aig_d10,benchmarks/ex265.truth,true,,,,,,,,,,,,,,,,,,,,,,,504,0,false
integer-struct-r4,integer,ex265,ex265|unsigned low4/high4 divide with dbz saturation; current best cofactor bit-BDD word mux|current_source_frontend_resynth|preserve current shared classifier; vary source frontend mapping only|extra_share_and|abc_xf_official_evaluate|quotient_word,,,,,,student/work/ex204_ex299_frontend_breakthrough_20260614_1051/integer-struct-r4/ex265/verilog/ex265_r4_udiv_current_source_extra_share_and.v,student/work/ex204_ex299_frontend_breakthrough_20260614_1051/integer-struct-r4/ex265/aigs/ex265_r4_udiv_current_source_extra_share_and.aig,student/work/ex204_ex299_frontend_breakthrough_20260614_1051/integer-struct-r4/ex265/logs/ex265_r4_udiv_current_source_extra_share_and.evaluate.py.log,student/frontend_campaigns/campaigns/ex204_ex299_frontend_breakthrough_20260614_1051/agent_shards/integer-struct-r4/failed_hypotheses.csv,official evaluate.py OK; extra source-level opt/share before abc,ex265_r4_udiv_current_source_extra_share_and,,,ex265_r4_udiv_current_source_extra_share_and,71,9,639,,current divider source may have lower ADP under a frontend-only mapping variant,extra_share_and,OK,,,,student/work/ex204_ex299_frontend_breakthrough_20260614_1051/integer-struct-r4/ex265/eval_outputs/ex265_r4_udiv_current_source_extra_share_and,benchmarks/ex265.truth,true,,,,,,,,,,,,,,,,,,,,,,,504,135,false
integer-struct-r4,integer,ex267,ex267|unsigned low6/high6 divide with dbz saturation; current best hybrid top2 source|current_source_frontend_resynth|preserve current shared classifier; vary source frontend mapping only|default_and|abc_xf_official_evaluate|quotient_word,,,,,,student/work/ex204_ex299_frontend_breakthrough_20260614_1051/integer-struct-r4/ex267/verilog/ex267_r4_udiv_current_source_default_and.v,student/work/ex204_ex299_frontend_breakthrough_20260614_1051/integer-struct-r4/ex267/aigs/ex267_r4_udiv_current_source_default_and.aig,student/work/ex204_ex299_frontend_breakthrough_20260614_1051/integer-struct-r4/ex267/logs/ex267_r4_udiv_current_source_default_and.evaluate.py.log,student/frontend_campaigns/campaigns/ex204_ex299_frontend_breakthrough_20260614_1051/agent_shards/integer-struct-r4/failed_hypotheses.csv,official evaluate.py OK; project default source flow,ex267_r4_udiv_current_source_default_and,,,ex267_r4_udiv_current_source_default_and,342,12,4104,,current divider source may have lower ADP under a frontend-only mapping variant,default_and,OK,,,,student/work/ex204_ex299_frontend_breakthrough_20260614_1051/integer-struct-r4/ex267/eval_outputs/ex267_r4_udiv_current_source_default_and,benchmarks/ex267.truth,true,,,,,,,,,,,,,,,,,,,,,,,4080,24,false
integer-struct-r4,integer,ex267,ex267|unsigned low6/high6 divide with dbz saturation; current best hybrid top2 source|current_source_frontend_resynth|preserve current shared classifier; vary source frontend mapping only|abc_g_aig|abc_xf_official_evaluate|quotient_word,,,,,,student/work/ex204_ex299_frontend_breakthrough_20260614_1051/integer-struct-r4/ex267/verilog/ex267_r4_udiv_current_source_abc_g_aig.v,student/work/ex204_ex299_frontend_breakthrough_20260614_1051/integer-struct-r4/ex267/aigs/ex267_r4_udiv_current_source_abc_g_aig.aig,student/work/ex204_ex299_frontend_breakthrough_20260614_1051/integer-struct-r4/ex267/logs/ex267_r4_udiv_current_source_abc_g_aig.evaluate.py.log,student/frontend_campaigns/campaigns/ex204_ex299_frontend_breakthrough_20260614_1051/agent_shards/integer-struct-r4/failed_hypotheses.csv,official evaluate.py OK; abc -g aig,ex267_r4_udiv_current_source_abc_g_aig,,,ex267_r4_udiv_current_source_abc_g_aig,340,12,4080,,current divider source may have lower ADP under a frontend-only mapping variant,abc_g_aig,OK,,,,student/work/ex204_ex299_frontend_breakthrough_20260614_1051/integer-struct-r4/ex267/eval_outputs/ex267_r4_udiv_current_source_abc_g_aig,benchmarks/ex267.truth,true,,,,,,,,,,,,,,,,,,,,,,,4080,0,false
integer-struct-r4,integer,ex267,ex267|unsigned low6/high6 divide with dbz saturation; current best hybrid top2 source|current_source_frontend_resynth|preserve current shared classifier; vary source frontend mapping only|abc_g_aig_d8|abc_xf_official_evaluate|quotient_word,,,,,,student/work/ex204_ex299_frontend_breakthrough_20260614_1051/integer-struct-r4/ex267/verilog/ex267_r4_udiv_current_source_abc_g_aig_d8.v,student/work/ex204_ex299_frontend_breakthrough_20260614_1051/integer-struct-r4/ex267/aigs/ex267_r4_udiv_current_source_abc_g_aig_d8.aig,student/work/ex204_ex299_frontend_breakthrough_20260614_1051/integer-struct-r4/ex267/logs/ex267_r4_udiv_current_source_abc_g_aig_d8.evaluate.py.log,student/frontend_campaigns/campaigns/ex204_ex299_frontend_breakthrough_20260614_1051/agent_shards/integer-struct-r4/failed_hypotheses.csv,official evaluate.py OK; abc -g aig -D 8,ex267_r4_udiv_current_source_abc_g_aig_d8,,,ex267_r4_udiv_current_source_abc_g_aig_d8,340,12,4080,,current divider source may have lower ADP under a frontend-only mapping variant,abc_g_aig_d8,OK,,,,student/work/ex204_ex299_frontend_breakthrough_20260614_1051/integer-struct-r4/ex267/eval_outputs/ex267_r4_udiv_current_source_abc_g_aig_d8,benchmarks/ex267.truth,true,,,,,,,,,,,,,,,,,,,,,,,4080,0,false
integer-struct-r4,integer,ex267,ex267|unsigned low6/high6 divide with dbz saturation; current best hybrid top2 source|current_source_frontend_resynth|preserve current shared classifier; vary source frontend mapping only|abc_g_aig_d10|abc_xf_official_evaluate|quotient_word,,,,,,student/work/ex204_ex299_frontend_breakthrough_20260614_1051/integer-struct-r4/ex267/verilog/ex267_r4_udiv_current_source_abc_g_aig_d10.v,student/work/ex204_ex299_frontend_breakthrough_20260614_1051/integer-struct-r4/ex267/aigs/ex267_r4_udiv_current_source_abc_g_aig_d10.aig,student/work/ex204_ex299_frontend_breakthrough_20260614_1051/integer-struct-r4/ex267/logs/ex267_r4_udiv_current_source_abc_g_aig_d10.evaluate.py.log,student/frontend_campaigns/campaigns/ex204_ex299_frontend_breakthrough_20260614_1051/agent_shards/integer-struct-r4/failed_hypotheses.csv,official evaluate.py OK; abc -g aig -D 10,ex267_r4_udiv_current_source_abc_g_aig_d10,,,ex267_r4_udiv_current_source_abc_g_aig_d10,340,12,4080,,current divider source may have lower ADP under a frontend-only mapping variant,abc_g_aig_d10,OK,,,,student/work/ex204_ex299_frontend_breakthrough_20260614_1051/integer-struct-r4/ex267/eval_outputs/ex267_r4_udiv_current_source_abc_g_aig_d10,benchmarks/ex267.truth,true,,,,,,,,,,,,,,,,,,,,,,,4080,0,false
integer-struct-r4,integer,ex267,ex267|unsigned low6/high6 divide with dbz saturation; current best hybrid top2 source|current_source_frontend_resynth|preserve current shared classifier; vary source frontend mapping only|synth_preset_and|abc_xf_official_evaluate|quotient_word,,,,,,student/work/ex204_ex299_frontend_breakthrough_20260614_1051/integer-struct-r4/ex267/verilog/ex267_r4_udiv_current_source_synth_preset_and.v,student/work/ex204_ex299_frontend_breakthrough_20260614_1051/integer-struct-r4/ex267/aigs/ex267_r4_udiv_current_source_synth_preset_and.aig,student/work/ex204_ex299_frontend_breakthrough_20260614_1051/integer-struct-r4/ex267/logs/ex267_r4_udiv_current_source_synth_preset_and.evaluate.py.log,student/frontend_campaigns/campaigns/ex204_ex299_frontend_breakthrough_20260614_1051/agent_shards/integer-struct-r4/failed_hypotheses.csv,official evaluate.py OK; synth preset plus abc -g AND,ex267_r4_udiv_current_source_synth_preset_and,,,ex267_r4_udiv_current_source_synth_preset_and,365,13,4745,,current divider source may have lower ADP under a frontend-only mapping variant,synth_preset_and,OK,,,,student/work/ex204_ex299_frontend_breakthrough_20260614_1051/integer-struct-r4/ex267/eval_outputs/ex267_r4_udiv_current_source_synth_preset_and,benchmarks/ex267.truth,true,,,,,,,,,,,,,,,,,,,,,,,4080,665,false
integer-struct-r4,integer,ex267,ex267|unsigned low6/high6 divide with dbz saturation; current best hybrid top2 source|current_source_frontend_resynth|preserve current shared classifier; vary source frontend mapping only|synth_preset_aig|abc_xf_official_evaluate|quotient_word,,,,,,student/work/ex204_ex299_frontend_breakthrough_20260614_1051/integer-struct-r4/ex267/verilog/ex267_r4_udiv_current_source_synth_preset_aig.v,student/work/ex204_ex299_frontend_breakthrough_20260614_1051/integer-struct-r4/ex267/aigs/ex267_r4_udiv_current_source_synth_preset_aig.aig,student/work/ex204_ex299_frontend_breakthrough_20260614_1051/integer-struct-r4/ex267/logs/ex267_r4_udiv_current_source_synth_preset_aig.evaluate.py.log,student/frontend_campaigns/campaigns/ex204_ex299_frontend_breakthrough_20260614_1051/agent_shards/integer-struct-r4/failed_hypotheses.csv,official evaluate.py OK; synth preset plus abc -g aig,ex267_r4_udiv_current_source_synth_preset_aig,,,ex267_r4_udiv_current_source_synth_preset_aig,365,12,4380,,current divider source may have lower ADP under a frontend-only mapping variant,synth_preset_aig,OK,,,,student/work/ex204_ex299_frontend_breakthrough_20260614_1051/integer-struct-r4/ex267/eval_outputs/ex267_r4_udiv_current_source_synth_preset_aig,benchmarks/ex267.truth,true,,,,,,,,,,,,,,,,,,,,,,,4080,300,false
integer-struct-r4,integer,ex267,ex267|unsigned low6/high6 divide with dbz saturation; current best hybrid top2 source|current_source_frontend_resynth|preserve current shared classifier; vary source frontend mapping only|synth_preset_aig_d10|abc_xf_official_evaluate|quotient_word,,,,,,student/work/ex204_ex299_frontend_breakthrough_20260614_1051/integer-struct-r4/ex267/verilog/ex267_r4_udiv_current_source_synth_preset_aig_d10.v,student/work/ex204_ex299_frontend_breakthrough_20260614_1051/integer-struct-r4/ex267/aigs/ex267_r4_udiv_current_source_synth_preset_aig_d10.aig,student/work/ex204_ex299_frontend_breakthrough_20260614_1051/integer-struct-r4/ex267/logs/ex267_r4_udiv_current_source_synth_preset_aig_d10.evaluate.py.log,student/frontend_campaigns/campaigns/ex204_ex299_frontend_breakthrough_20260614_1051/agent_shards/integer-struct-r4/failed_hypotheses.csv,official evaluate.py OK; synth preset plus abc -g aig -D 10,ex267_r4_udiv_current_source_synth_preset_aig_d10,,,ex267_r4_udiv_current_source_synth_preset_aig_d10,365,12,4380,,current divider source may have lower ADP under a frontend-only mapping variant,synth_preset_aig_d10,OK,,,,student/work/ex204_ex299_frontend_breakthrough_20260614_1051/integer-struct-r4/ex267/eval_outputs/ex267_r4_udiv_current_source_synth_preset_aig_d10,benchmarks/ex267.truth,true,,,,,,,,,,,,,,,,,,,,,,,4080,300,false
integer-struct-r4,integer,ex267,ex267|unsigned low6/high6 divide with dbz saturation; current best hybrid top2 source|current_source_frontend_resynth|preserve current shared classifier; vary source frontend mapping only|extra_share_and|abc_xf_official_evaluate|quotient_word,,,,,,student/work/ex204_ex299_frontend_breakthrough_20260614_1051/integer-struct-r4/ex267/verilog/ex267_r4_udiv_current_source_extra_share_and.v,student/work/ex204_ex299_frontend_breakthrough_20260614_1051/integer-struct-r4/ex267/aigs/ex267_r4_udiv_current_source_extra_share_and.aig,student/work/ex204_ex299_frontend_breakthrough_20260614_1051/integer-struct-r4/ex267/logs/ex267_r4_udiv_current_source_extra_share_and.evaluate.py.log,student/frontend_campaigns/campaigns/ex204_ex299_frontend_breakthrough_20260614_1051/agent_shards/integer-struct-r4/failed_hypotheses.csv,official evaluate.py OK; extra source-level opt/share before abc,ex267_r4_udiv_current_source_extra_share_and,,,ex267_r4_udiv_current_source_extra_share_and,355,13,4615,,current divider source may have lower ADP under a frontend-only mapping variant,extra_share_and,OK,,,,student/work/ex204_ex299_frontend_breakthrough_20260614_1051/integer-struct-r4/ex267/eval_outputs/ex267_r4_udiv_current_source_extra_share_and,benchmarks/ex267.truth,true,,,,,,,,,,,,,,,,,,,,,,,4080,535,false
unary-struct-r4,bf16,ex204,ex204|current_source_flow_recut|ex204_r4_current_source_abc_g_aig|reuse accepted shared field decode and source structure|abc_g_aig|abc_xf_official_evaluate|unary_struct_r4,current_source_flow_recut,tied,1536,16,24576,student/work/ex204_ex299_frontend_breakthrough_20260614_1051/unary-struct-r4/ex204/verilog/ex204_r4_current_source_abc_g_aig.v,student/work/ex204_ex299_frontend_breakthrough_20260614_1051/unary-struct-r4/ex204/aigs/ex204_r4_current_source_abc_g_aig.aig,student/runs/bf16/ex204_ex299_frontend_breakthrough_20260614_1051/unary-struct-r4/ex204/official_eval/ex204_r4_current_source_abc_g_aig/ex204_r4_current_source_abc_g_aig.evaluate.py.log,student/frontend_campaigns/campaigns/ex204_ex299_frontend_breakthrough_20260614_1051/agent_shards/unary-struct-r4/failed_hypotheses.csv,source=student/work/ex200_ex299_frontend_refgap_round24_20260613_0435/mixed-r24/ex204/verilog/ex204_r24_bf16_log2_log2_arithbase_delta_hilo3_bits_11_14_bh2.v; evaluate.py exit 0; elapsed 1.017s; yosys exit 0; elapsed 4.402s,,,,,1536,16,24576,,,,,student/runs/bf16/ex204_ex299_frontend_breakthrough_20260614_1051/unary-struct-r4/ex204/official_eval/ex204_r4_current_source_abc_g_aig/ex204_r4_current_source_abc_g_aig.evaluate.py.log,,,,,,,,,,,,,,,,,,,,,,,,,,,,,,
unary-struct-r4,bf16,ex204,ex204|current_source_flow_recut|ex204_r4_current_source_default_and|reuse accepted shared field decode and source structure|default_and|abc_xf_official_evaluate|unary_struct_r4,current_source_flow_recut,equivalent_nonwinning,1550,17,26350,student/work/ex204_ex299_frontend_breakthrough_20260614_1051/unary-struct-r4/ex204/verilog/ex204_r4_current_source_default_and.v,student/work/ex204_ex299_frontend_breakthrough_20260614_1051/unary-struct-r4/ex204/aigs/ex204_r4_current_source_default_and.aig,student/runs/bf16/ex204_ex299_frontend_breakthrough_20260614_1051/unary-struct-r4/ex204/official_eval/ex204_r4_current_source_default_and/ex204_r4_current_source_default_and.evaluate.py.log,student/frontend_campaigns/campaigns/ex204_ex299_frontend_breakthrough_20260614_1051/agent_shards/unary-struct-r4/failed_hypotheses.csv,source=student/work/ex200_ex299_frontend_refgap_round24_20260613_0435/mixed-r24/ex204/verilog/ex204_r24_bf16_log2_log2_arithbase_delta_hilo3_bits_11_14_bh2.v; evaluate.py exit 0; elapsed 1.024s; yosys exit 0; elapsed 4.855s,,,,,1550,17,26350,,,,,student/runs/bf16/ex204_ex299_frontend_breakthrough_20260614_1051/unary-struct-r4/ex204/official_eval/ex204_r4_current_source_default_and/ex204_r4_current_source_default_and.evaluate.py.log,,,,,,,,,,,,,,,,,,,,,,,,,,,,,,
unary-struct-r4,bf16,ex204,ex204|selected_bit_overlay|ex204_r4_overlay_b15_abc_g_aig|current source body plus isolated selected-bit replacement|abc_g_aig|abc_xf_official_evaluate|unary_struct_r4,selected_bit_overlay,equivalent_nonwinning,1566,17,26622,student/work/ex204_ex299_frontend_breakthrough_20260614_1051/unary-struct-r4/ex204/verilog/ex204_r4_overlay_b15_abc_g_aig.v,student/work/ex204_ex299_frontend_breakthrough_20260614_1051/unary-struct-r4/ex204/aigs/ex204_r4_overlay_b15_abc_g_aig.aig,student/runs/bf16/ex204_ex299_frontend_breakthrough_20260614_1051/unary-struct-r4/ex204/official_eval/ex204_r4_overlay_b15_abc_g_aig/ex204_r4_overlay_b15_abc_g_aig.evaluate.py.log,student/frontend_campaigns/campaigns/ex204_ex299_frontend_breakthrough_20260614_1051/agent_shards/unary-struct-r4/failed_hypotheses.csv,overlay_bit=15; exact selected output bit15 overlay; key_groups=512; mant_bits=7; total_runs=512; const_groups=512; evaluate.py exit 0; elapsed 1.125s; yosys exit 0; elapsed 5.299s,,,,,1566,17,26622,,,,,student/runs/bf16/ex204_ex299_frontend_breakthrough_20260614_1051/unary-struct-r4/ex204/official_eval/ex204_r4_overlay_b15_abc_g_aig/ex204_r4_overlay_b15_abc_g_aig.evaluate.py.log,,,,,,,,,,,,,,,,,,,,,,,,,,,,,,
unary-struct-r4,bf16,ex205,ex205|current_source_flow_recut|ex205_r4_current_source_abc_g_aig|reuse accepted shared field decode and source structure|abc_g_aig|abc_xf_official_evaluate|unary_struct_r4,current_source_flow_recut,tied,4440,16,71040,student/work/ex204_ex299_frontend_breakthrough_20260614_1051/unary-struct-r4/ex205/verilog/ex205_r4_current_source_abc_g_aig.v,student/work/ex204_ex299_frontend_breakthrough_20260614_1051/unary-struct-r4/ex205/aigs/ex205_r4_current_source_abc_g_aig.aig,student/runs/bf16/ex204_ex299_frontend_breakthrough_20260614_1051/unary-struct-r4/ex205/official_eval/ex205_r4_current_source_abc_g_aig/ex205_r4_current_source_abc_g_aig.evaluate.py.log,student/frontend_campaigns/campaigns/ex204_ex299_frontend_breakthrough_20260614_1051/agent_shards/unary-struct-r4/failed_hypotheses.csv,source=student/work/frontend_gt15_deepstruct_round97_20260614_0724/sub-bf16-logmodel-r97/ex205/verilog/ex205_r97_sf_e3m3_b14_15_abc_g_aig.v; evaluate.py exit 0; elapsed 1.002s; yosys exit 0; elapsed 5.036s,,,,,4440,16,71040,,,,,student/runs/bf16/ex204_ex299_frontend_breakthrough_20260614_1051/unary-struct-r4/ex205/official_eval/ex205_r4_current_source_abc_g_aig/ex205_r4_current_source_abc_g_aig.evaluate.py.log,,,,,,,,,,,,,,,,,,,,,,,,,,,,,,
unary-struct-r4,bf16,ex205,ex205|current_source_flow_recut|ex205_r4_current_source_default_and|reuse accepted shared field decode and source structure|default_and|abc_xf_official_evaluate|unary_struct_r4,current_source_flow_recut,equivalent_nonwinning,4451,17,75667,student/work/ex204_ex299_frontend_breakthrough_20260614_1051/unary-struct-r4/ex205/verilog/ex205_r4_current_source_default_and.v,student/work/ex204_ex299_frontend_breakthrough_20260614_1051/unary-struct-r4/ex205/aigs/ex205_r4_current_source_default_and.aig,student/runs/bf16/ex204_ex299_frontend_breakthrough_20260614_1051/unary-struct-r4/ex205/official_eval/ex205_r4_current_source_default_and/ex205_r4_current_source_default_and.evaluate.py.log,student/frontend_campaigns/campaigns/ex204_ex299_frontend_breakthrough_20260614_1051/agent_shards/unary-struct-r4/failed_hypotheses.csv,source=student/work/frontend_gt15_deepstruct_round97_20260614_0724/sub-bf16-logmodel-r97/ex205/verilog/ex205_r97_sf_e3m3_b14_15_abc_g_aig.v; evaluate.py exit 0; elapsed 0.997s; yosys exit 0; elapsed 4.674s,,,,,4451,17,75667,,,,,student/runs/bf16/ex204_ex299_frontend_breakthrough_20260614_1051/unary-struct-r4/ex205/official_eval/ex205_r4_current_source_default_and/ex205_r4_current_source_default_and.evaluate.py.log,,,,,,,,,,,,,,,,,,,,,,,,,,,,,,
unary-struct-r4,bf16,ex216,ex216|current_source_flow_recut|ex216_r4_current_source_default_and|reuse accepted shared field decode and source structure|default_and|abc_xf_official_evaluate|unary_struct_r4,current_source_flow_recut,tied,444,13,5772,student/work/ex204_ex299_frontend_breakthrough_20260614_1051/unary-struct-r4/ex216/verilog/ex216_r4_current_source_default_and.v,student/work/ex204_ex299_frontend_breakthrough_20260614_1051/unary-struct-r4/ex216/aigs/ex216_r4_current_source_default_and.aig,student/runs/bf16/ex204_ex299_frontend_breakthrough_20260614_1051/unary-struct-r4/ex216/official_eval/ex216_r4_current_source_default_and/ex216_r4_current_source_default_and.evaluate.py.log,student/frontend_campaigns/campaigns/ex204_ex299_frontend_breakthrough_20260614_1051/agent_shards/unary-struct-r4/failed_hypotheses.csv,source=student/seeds/bf16/ex200_ex219_current/ex216/verilog/ex216_bf16_cube_aggr_semantic_positive_symmetry_fields_cube_bit14_boundary_caseattrs_fix13.v; evaluate.py exit 0; elapsed 0.518s; yosys exit 0; elapsed 9.267s,,,,,444,13,5772,,,,,student/runs/bf16/ex204_ex299_frontend_breakthrough_20260614_1051/unary-struct-r4/ex216/official_eval/ex216_r4_current_source_default_and/ex216_r4_current_source_default_and.evaluate.py.log,,,,,,,,,,,,,,,,,,,,,,,,,,,,,,
unary-struct-r4,bf16,ex216,ex216|selected_bit_overlay|ex216_r4_overlay_b15_abc_g_aig|current source body plus isolated selected-bit replacement|abc_g_aig|abc_xf_official_evaluate|unary_struct_r4,selected_bit_overlay,equivalent_nonwinning,468,15,7020,student/work/ex204_ex299_frontend_breakthrough_20260614_1051/unary-struct-r4/ex216/verilog/ex216_r4_overlay_b15_abc_g_aig.v,student/work/ex204_ex299_frontend_breakthrough_20260614_1051/unary-struct-r4/ex216/aigs/ex216_r4_overlay_b15_abc_g_aig.aig,student/runs/bf16/ex204_ex299_frontend_breakthrough_20260614_1051/unary-struct-r4/ex216/official_eval/ex216_r4_overlay_b15_abc_g_aig/ex216_r4_overlay_b15_abc_g_aig.evaluate.py.log,student/frontend_campaigns/campaigns/ex204_ex299_frontend_breakthrough_20260614_1051/agent_shards/unary-struct-r4/failed_hypotheses.csv,overlay_bit=15; exact selected output bit15 overlay; key_groups=512; mant_bits=7; total_runs=513; const_groups=511; evaluate.py exit 0; elapsed 0.586s; yosys exit 0; elapsed 10.503s,,,,,468,15,7020,,,,,student/runs/bf16/ex204_ex299_frontend_breakthrough_20260614_1051/unary-struct-r4/ex216/official_eval/ex216_r4_overlay_b15_abc_g_aig/ex216_r4_overlay_b15_abc_g_aig.evaluate.py.log,,,,,,,,,,,,,,,,,,,,,,,,,,,,,,
unary-struct-r4,bf16,ex218,ex218|current_source_flow_recut|ex218_r4_current_source_abc_g_aig|reuse accepted shared field decode and source structure|abc_g_aig|abc_xf_official_evaluate|unary_struct_r4,current_source_flow_recut,tied,457,13,5941,student/work/ex204_ex299_frontend_breakthrough_20260614_1051/unary-struct-r4/ex218/verilog/ex218_r4_current_source_abc_g_aig.v,student/work/ex204_ex299_frontend_breakthrough_20260614_1051/unary-struct-r4/ex218/aigs/ex218_r4_current_source_abc_g_aig.aig,student/runs/bf16/ex204_ex299_frontend_breakthrough_20260614_1051/unary-struct-r4/ex218/official_eval/ex218_r4_current_source_abc_g_aig/ex218_r4_current_source_abc_g_aig.evaluate.py.log,student/frontend_campaigns/campaigns/ex204_ex299_frontend_breakthrough_20260614_1051/agent_shards/unary-struct-r4/failed_hypotheses.csv,source=student/work/ex200_ex299_frontend_refgap_round19_20260612_2346/fpbf-existing-r19/ex218/verilog/ex218_bf16_reciprocal_cube_field_selector_abcgaig_r19.v; evaluate.py exit 0; elapsed 0.487s; yosys exit 0; elapsed 15.976s,,,,,457,13,5941,,,,,student/runs/bf16/ex204_ex299_frontend_breakthrough_20260614_1051/unary-struct-r4/ex218/official_eval/ex218_r4_current_source_abc_g_aig/ex218_r4_current_source_abc_g_aig.evaluate.py.log,,,,,,,,,,,,,,,,,,,,,,,,,,,,,,
unary-struct-r4,bf16,ex218,ex218|current_source_flow_recut|ex218_r4_current_source_default_and|reuse accepted shared field decode and source structure|default_and|abc_xf_official_evaluate|unary_struct_r4,current_source_flow_recut,equivalent_nonwinning,467,13,6071,student/work/ex204_ex299_frontend_breakthrough_20260614_1051/unary-struct-r4/ex218/verilog/ex218_r4_current_source_default_and.v,student/work/ex204_ex299_frontend_breakthrough_20260614_1051/unary-struct-r4/ex218/aigs/ex218_r4_current_source_default_and.aig,student/runs/bf16/ex204_ex299_frontend_breakthrough_20260614_1051/unary-struct-r4/ex218/official_eval/ex218_r4_current_source_default_and/ex218_r4_current_source_default_and.evaluate.py.log,student/frontend_campaigns/campaigns/ex204_ex299_frontend_breakthrough_20260614_1051/agent_shards/unary-struct-r4/failed_hypotheses.csv,source=student/work/ex200_ex299_frontend_refgap_round19_20260612_2346/fpbf-existing-r19/ex218/verilog/ex218_bf16_reciprocal_cube_field_selector_abcgaig_r19.v; evaluate.py exit 0; elapsed 0.482s; yosys exit 0; elapsed 15.569s,,,,,467,13,6071,,,,,student/runs/bf16/ex204_ex299_frontend_breakthrough_20260614_1051/unary-struct-r4/ex218/official_eval/ex218_r4_current_source_default_and/ex218_r4_current_source_default_and.evaluate.py.log,,,,,,,,,,,,,,,,,,,,,,,,,,,,,,
unary-struct-r4,bf16,ex218,ex218|selected_bit_overlay|ex218_r4_overlay_b15_abc_g_aig|current source body plus isolated selected-bit replacement|abc_g_aig|abc_xf_official_evaluate|unary_struct_r4,selected_bit_overlay,equivalent_nonwinning,490,15,7350,student/work/ex204_ex299_frontend_breakthrough_20260614_1051/unary-struct-r4/ex218/verilog/ex218_r4_overlay_b15_abc_g_aig.v,student/work/ex204_ex299_frontend_breakthrough_20260614_1051/unary-struct-r4/ex218/aigs/ex218_r4_overlay_b15_abc_g_aig.aig,student/runs/bf16/ex204_ex299_frontend_breakthrough_20260614_1051/unary-struct-r4/ex218/official_eval/ex218_r4_overlay_b15_abc_g_aig/ex218_r4_overlay_b15_abc_g_aig.evaluate.py.log,student/frontend_campaigns/campaigns/ex204_ex299_frontend_breakthrough_20260614_1051/agent_shards/unary-struct-r4/failed_hypotheses.csv,overlay_bit=15; exact selected output bit15 overlay; key_groups=512; mant_bits=7; total_runs=513; const_groups=511; evaluate.py exit 0; elapsed 0.472s; yosys exit 0; elapsed 15.507s,,,,,490,15,7350,,,,,student/runs/bf16/ex204_ex299_frontend_breakthrough_20260614_1051/unary-struct-r4/ex218/official_eval/ex218_r4_overlay_b15_abc_g_aig/ex218_r4_overlay_b15_abc_g_aig.evaluate.py.log,,,,,,,,,,,,,,,,,,,,,,,,,,,,,,
unary-struct-r4,bf16,ex219,ex219|current_source_flow_recut|ex219_r4_current_source_default_and|reuse accepted shared field decode and source structure|default_and|abc_xf_official_evaluate|unary_struct_r4,current_source_flow_recut,tied,658,14,9212,student/work/ex204_ex299_frontend_breakthrough_20260614_1051/unary-struct-r4/ex219/verilog/ex219_r4_current_source_default_and.v,student/work/ex204_ex299_frontend_breakthrough_20260614_1051/unary-struct-r4/ex219/aigs/ex219_r4_current_source_default_and.aig,student/runs/bf16/ex204_ex299_frontend_breakthrough_20260614_1051/unary-struct-r4/ex219/official_eval/ex219_r4_current_source_default_and/ex219_r4_current_source_default_and.evaluate.py.log,student/frontend_campaigns/campaigns/ex204_ex299_frontend_breakthrough_20260614_1051/agent_shards/unary-struct-r4/failed_hypotheses.csv,source=student/work/frontend_bf16_unknown_struct_round94_20260614_0552/sub-bf16-recip-power-r94/ex219/verilog/ex219_r94_bf16_reciprocal_cbrt_delta_pair_mant64_hilo3_bits_6_cmp.v; evaluate.py exit 0; elapsed 1.062s; yosys exit 0; elapsed 10.679s,,,,,658,14,9212,,,,,student/runs/bf16/ex204_ex299_frontend_breakthrough_20260614_1051/unary-struct-r4/ex219/official_eval/ex219_r4_current_source_default_and/ex219_r4_current_source_default_and.evaluate.py.log,,,,,,,,,,,,,,,,,,,,,,,,,,,,,,
unary-struct-r4,bf16,ex219,ex219|selected_bit_overlay|ex219_r4_overlay_b8_abc_g_aig|current source body plus isolated selected-bit replacement|abc_g_aig|abc_xf_official_evaluate|unary_struct_r4,selected_bit_overlay,equivalent_nonwinning,895,16,14320,student/work/ex204_ex299_frontend_breakthrough_20260614_1051/unary-struct-r4/ex219/verilog/ex219_r4_overlay_b8_abc_g_aig.v,student/work/ex204_ex299_frontend_breakthrough_20260614_1051/unary-struct-r4/ex219/aigs/ex219_r4_overlay_b8_abc_g_aig.aig,student/runs/bf16/ex204_ex299_frontend_breakthrough_20260614_1051/unary-struct-r4/ex219/official_eval/ex219_r4_overlay_b8_abc_g_aig/ex219_r4_overlay_b8_abc_g_aig.evaluate.py.log,student/frontend_campaigns/campaigns/ex204_ex299_frontend_breakthrough_20260614_1051/agent_shards/unary-struct-r4/failed_hypotheses.csv,overlay_bit=8; exact selected output bit8 overlay; key_groups=512; mant_bits=7; total_runs=598; const_groups=426; evaluate.py exit 0; elapsed 1.095s; yosys exit 0; elapsed 11.389s,,,,,895,16,14320,,,,,student/runs/bf16/ex204_ex299_frontend_breakthrough_20260614_1051/unary-struct-r4/ex219/official_eval/ex219_r4_overlay_b8_abc_g_aig/ex219_r4_overlay_b8_abc_g_aig.evaluate.py.log,,,,,,,,,,,,,,,,,,,,,,,,,,,,,,
unary-struct-r4,fp16,ex223,ex223|current_source_flow_recut|ex223_r4_current_source_abc_g_aig|reuse accepted shared field decode and source structure|abc_g_aig|abc_xf_official_evaluate|unary_struct_r4,current_source_flow_recut,tied,10705,19,203395,student/work/ex204_ex299_frontend_breakthrough_20260614_1051/unary-struct-r4/ex223/verilog/ex223_r4_current_source_abc_g_aig.v,student/work/ex204_ex299_frontend_breakthrough_20260614_1051/unary-struct-r4/ex223/aigs/ex223_r4_current_source_abc_g_aig.aig,student/runs/fp16/ex204_ex299_frontend_breakthrough_20260614_1051/unary-struct-r4/ex223/official_eval/ex223_r4_current_source_abc_g_aig/ex223_r4_current_source_abc_g_aig.evaluate.py.log,student/frontend_campaigns/campaigns/ex204_ex299_frontend_breakthrough_20260614_1051/agent_shards/unary-struct-r4/failed_hypotheses.csv,source=student/work/frontend_truthroot_parallel_round86_20260613_2221/sub-fp16-int-root-r86/ex223/verilog/ex223_r86_truthroot_bit11.v; evaluate.py exit 0; elapsed 1.523s; yosys exit 0; elapsed 11.224s,,,,,10705,19,203395,,,,,student/runs/fp16/ex204_ex299_frontend_breakthrough_20260614_1051/unary-struct-r4/ex223/official_eval/ex223_r4_current_source_abc_g_aig/ex223_r4_current_source_abc_g_aig.evaluate.py.log,,,,,,,,,,,,,,,,,,,,,,,,,,,,,,
unary-struct-r4,fp16,ex223,ex223|current_source_flow_recut|ex223_r4_current_source_default_and|reuse accepted shared field decode and source structure|default_and|abc_xf_official_evaluate|unary_struct_r4,current_source_flow_recut,equivalent_nonwinning,10746,21,225666,student/work/ex204_ex299_frontend_breakthrough_20260614_1051/unary-struct-r4/ex223/verilog/ex223_r4_current_source_default_and.v,student/work/ex204_ex299_frontend_breakthrough_20260614_1051/unary-struct-r4/ex223/aigs/ex223_r4_current_source_default_and.aig,student/runs/fp16/ex204_ex299_frontend_breakthrough_20260614_1051/unary-struct-r4/ex223/official_eval/ex223_r4_current_source_default_and/ex223_r4_current_source_default_and.evaluate.py.log,student/frontend_campaigns/campaigns/ex204_ex299_frontend_breakthrough_20260614_1051/agent_shards/unary-struct-r4/failed_hypotheses.csv,source=student/work/frontend_truthroot_parallel_round86_20260613_2221/sub-fp16-int-root-r86/ex223/verilog/ex223_r86_truthroot_bit11.v; evaluate.py exit 0; elapsed 1.317s; yosys exit 0; elapsed 10.658s,,,,,10746,21,225666,,,,,student/runs/fp16/ex204_ex299_frontend_breakthrough_20260614_1051/unary-struct-r4/ex223/official_eval/ex223_r4_current_source_default_and/ex223_r4_current_source_default_and.evaluate.py.log,,,,,,,,,,,,,,,,,,,,,,,,,,,,,,
unary-struct-r4,fp16,ex223,ex223|selected_bit_overlay|ex223_r4_overlay_b10_abc_g_aig|current source body plus isolated selected-bit replacement|abc_g_aig|abc_xf_official_evaluate|unary_struct_r4,selected_bit_overlay,equivalent_nonwinning,10755,19,204345,student/work/ex204_ex299_frontend_breakthrough_20260614_1051/unary-struct-r4/ex223/verilog/ex223_r4_overlay_b10_abc_g_aig.v,student/work/ex204_ex299_frontend_breakthrough_20260614_1051/unary-struct-r4/ex223/aigs/ex223_r4_overlay_b10_abc_g_aig.aig,student/runs/fp16/ex204_ex299_frontend_breakthrough_20260614_1051/unary-struct-r4/ex223/official_eval/ex223_r4_overlay_b10_abc_g_aig/ex223_r4_overlay_b10_abc_g_aig.evaluate.py.log,student/frontend_campaigns/campaigns/ex204_ex299_frontend_breakthrough_20260614_1051/agent_shards/unary-struct-r4/failed_hypotheses.csv,overlay_bit=10; exact selected output bit10 overlay; key_groups=64; mant_bits=10; total_runs=92; const_groups=54; evaluate.py exit 0; elapsed 1.369s; yosys exit 0; elapsed 11.473s,,,,,10755,19,204345,,,,,student/runs/fp16/ex204_ex299_frontend_breakthrough_20260614_1051/unary-struct-r4/ex223/official_eval/ex223_r4_overlay_b10_abc_g_aig/ex223_r4_overlay_b10_abc_g_aig.evaluate.py.log,,,,,,,,,,,,,,,,,,,,,,,,,,,,,,
unary-struct-r4,fp16,ex225,ex225|current_source_flow_recut|ex225_r4_current_source_abc_g_aig|reuse accepted shared field decode and source structure|abc_g_aig|abc_xf_official_evaluate|unary_struct_r4,current_source_flow_recut,tied,11505,19,218595,student/work/ex204_ex299_frontend_breakthrough_20260614_1051/unary-struct-r4/ex225/verilog/ex225_r4_current_source_abc_g_aig.v,student/work/ex204_ex299_frontend_breakthrough_20260614_1051/unary-struct-r4/ex225/aigs/ex225_r4_current_source_abc_g_aig.aig,student/runs/fp16/ex204_ex299_frontend_breakthrough_20260614_1051/unary-struct-r4/ex225/official_eval/ex225_r4_current_source_abc_g_aig/ex225_r4_current_source_abc_g_aig.evaluate.py.log,student/frontend_campaigns/campaigns/ex204_ex299_frontend_breakthrough_20260614_1051/agent_shards/unary-struct-r4/failed_hypotheses.csv,source=student/work/frontend_source_parallel_round79_20260613_1838/sub-fp16-source-r79/ex225/verilog/ex225_r79_split_hi3_keep_highrun.v; evaluate.py exit 0; elapsed 1.348s; yosys exit 0; elapsed 10.753s,,,,,11505,19,218595,,,,,student/runs/fp16/ex204_ex299_frontend_breakthrough_20260614_1051/unary-struct-r4/ex225/official_eval/ex225_r4_current_source_abc_g_aig/ex225_r4_current_source_abc_g_aig.evaluate.py.log,,,,,,,,,,,,,,,,,,,,,,,,,,,,,,
unary-struct-r4,fp16,ex225,ex225|current_source_flow_recut|ex225_r4_current_source_default_and|reuse accepted shared field decode and source structure|default_and|abc_xf_official_evaluate|unary_struct_r4,current_source_flow_recut,equivalent_nonwinning,11549,21,242529,student/work/ex204_ex299_frontend_breakthrough_20260614_1051/unary-struct-r4/ex225/verilog/ex225_r4_current_source_default_and.v,student/work/ex204_ex299_frontend_breakthrough_20260614_1051/unary-struct-r4/ex225/aigs/ex225_r4_current_source_default_and.aig,student/runs/fp16/ex204_ex299_frontend_breakthrough_20260614_1051/unary-struct-r4/ex225/official_eval/ex225_r4_current_source_default_and/ex225_r4_current_source_default_and.evaluate.py.log,student/frontend_campaigns/campaigns/ex204_ex299_frontend_breakthrough_20260614_1051/agent_shards/unary-struct-r4/failed_hypotheses.csv,source=student/work/frontend_source_parallel_round79_20260613_1838/sub-fp16-source-r79/ex225/verilog/ex225_r79_split_hi3_keep_highrun.v; evaluate.py exit 0; elapsed 1.350s; yosys exit 0; elapsed 10.745s,,,,,11549,21,242529,,,,,student/runs/fp16/ex204_ex299_frontend_breakthrough_20260614_1051/unary-struct-r4/ex225/official_eval/ex225_r4_current_source_default_and/ex225_r4_current_source_default_and.evaluate.py.log,,,,,,,,,,,,,,,,,,,,,,,,,,,,,,
unary-struct-r4,fp16,ex225,ex225|selected_bit_overlay|ex225_r4_overlay_b12_abc_g_aig|current source body plus isolated selected-bit replacement|abc_g_aig|abc_xf_official_evaluate|unary_struct_r4,selected_bit_overlay,equivalent_nonwinning,11553,19,219507,student/work/ex204_ex299_frontend_breakthrough_20260614_1051/unary-struct-r4/ex225/verilog/ex225_r4_overlay_b12_abc_g_aig.v,student/work/ex204_ex299_frontend_breakthrough_20260614_1051/unary-struct-r4/ex225/aigs/ex225_r4_overlay_b12_abc_g_aig.aig,student/runs/fp16/ex204_ex299_frontend_breakthrough_20260614_1051/unary-struct-r4/ex225/official_eval/ex225_r4_overlay_b12_abc_g_aig/ex225_r4_overlay_b12_abc_g_aig.evaluate.py.log,student/frontend_campaigns/campaigns/ex204_ex299_frontend_breakthrough_20260614_1051/agent_shards/unary-struct-r4/failed_hypotheses.csv,overlay_bit=12; exact selected output bit12 overlay; key_groups=64; mant_bits=10; total_runs=72; const_groups=60; evaluate.py exit 0; elapsed 1.398s; yosys exit 0; elapsed 11.209s,,,,,11553,19,219507,,,,,student/runs/fp16/ex204_ex299_frontend_breakthrough_20260614_1051/unary-struct-r4/ex225/official_eval/ex225_r4_overlay_b12_abc_g_aig/ex225_r4_overlay_b12_abc_g_aig.evaluate.py.log,,,,,,,,,,,,,,,,,,,,,,,,,,,,,,
unary-breakthrough,bf16,ex204,ex204|bf16_log2_field_interval_graph|key_mhi3_word_runs|shared BF16 field key; constant key groups; per-hi interval word outputs|abc_g_aig|abc_xf_official_evaluate|unary_breakthrough_field_decision_graph,bf16_log2_field_interval_graph,equivalent_nonwinning,2231,17,37927,student/work/ex204_ex299_frontend_breakthrough_20260614_1051/unary-breakthrough/ex204/verilog/ex204_key_mhi3_word_runs.v,student/work/ex204_ex299_frontend_breakthrough_20260614_1051/unary-breakthrough/ex204/aigs/ex204_key_mhi3_word_runs_abc_g_aig.aig,student/runs/bf16/ex204_ex299_frontend_breakthrough_20260614_1051/unary-breakthrough/ex204/official_eval/ex204_key_mhi3_word_runs_abc_g_aig/ex204_key_mhi3_word_runs_abc_g_aig.evaluate.py.log,student/frontend_campaigns/campaigns/ex204_ex299_frontend_breakthrough_20260614_1051/agent_shards/unary-breakthrough/failed_hypotheses.csv,did not beat target_frontend_snapshot frontend_best_adp 24576; runtime_sec=11.103,,,,,2231,17,37927,,,,,,,,,,,,,,,,,,,,,,,,,,,,,,,,,,,
unary-breakthrough,bf16,ex204,ex204|bf16_log2_output_grouped_correction|low8_hi3_highbit_runs|shared BF16 key decode with output-grouped high-bit correction trees|abc_g_aig|abc_xf_official_evaluate|unary_breakthrough_field_decision_graph,bf16_log2_output_grouped_correction,equivalent_nonwinning,2386,15,35790,student/work/ex204_ex299_frontend_breakthrough_20260614_1051/unary-breakthrough/ex204/verilog/ex204_low8_hi3_highbit_runs.v,student/work/ex204_ex299_frontend_breakthrough_20260614_1051/unary-breakthrough/ex204/aigs/ex204_low8_hi3_highbit_runs_abc_g_aig.aig,student/runs/bf16/ex204_ex299_frontend_breakthrough_20260614_1051/unary-breakthrough/ex204/official_eval/ex204_low8_hi3_highbit_runs_abc_g_aig/ex204_low8_hi3_highbit_runs_abc_g_aig.evaluate.py.log,student/frontend_campaigns/campaigns/ex204_ex299_frontend_breakthrough_20260614_1051/agent_shards/unary-breakthrough/failed_hypotheses.csv,did not beat target_frontend_snapshot frontend_best_adp 24576; runtime_sec=5.669,,,,,2386,15,35790,,,,,,,,,,,,,,,,,,,,,,,,,,,,,,,,,,,
unary-breakthrough,bf16,ex205,ex205|bf16_log10_field_interval_graph|key_mhi3_word_runs|shared BF16 field key; constant key groups; per-hi interval word outputs|abc_g_aig|abc_xf_official_evaluate|unary_breakthrough_field_decision_graph,bf16_log10_field_interval_graph,equivalent_nonwinning,4520,17,76840,student/work/ex204_ex299_frontend_breakthrough_20260614_1051/unary-breakthrough/ex205/verilog/ex205_key_mhi3_word_runs.v,student/work/ex204_ex299_frontend_breakthrough_20260614_1051/unary-breakthrough/ex205/aigs/ex205_key_mhi3_word_runs_abc_g_aig.aig,student/runs/bf16/ex204_ex299_frontend_breakthrough_20260614_1051/unary-breakthrough/ex205/official_eval/ex205_key_mhi3_word_runs_abc_g_aig/ex205_key_mhi3_word_runs_abc_g_aig.evaluate.py.log,student/frontend_campaigns/campaigns/ex204_ex299_frontend_breakthrough_20260614_1051/agent_shards/unary-breakthrough/failed_hypotheses.csv,did not beat target_frontend_snapshot frontend_best_adp 71040; runtime_sec=12.609,,,,,4520,17,76840,,,,,,,,,,,,,,,,,,,,,,,,,,,,,,,,,,,
unary-breakthrough,bf16,ex205,ex205|bf16_log10_output_grouped_correction|low8_hi3_highbit_runs|shared BF16 key decode with output-grouped high-bit correction trees|abc_g_aig|abc_xf_official_evaluate|unary_breakthrough_field_decision_graph,bf16_log10_output_grouped_correction,equivalent_nonwinning,4860,16,77760,student/work/ex204_ex299_frontend_breakthrough_20260614_1051/unary-breakthrough/ex205/verilog/ex205_low8_hi3_highbit_runs.v,student/work/ex204_ex299_frontend_breakthrough_20260614_1051/unary-breakthrough/ex205/aigs/ex205_low8_hi3_highbit_runs_abc_g_aig.aig,student/runs/bf16/ex204_ex299_frontend_breakthrough_20260614_1051/unary-breakthrough/ex205/official_eval/ex205_low8_hi3_highbit_runs_abc_g_aig/ex205_low8_hi3_highbit_runs_abc_g_aig.evaluate.py.log,student/frontend_campaigns/campaigns/ex204_ex299_frontend_breakthrough_20260614_1051/agent_shards/unary-breakthrough/failed_hypotheses.csv,did not beat target_frontend_snapshot frontend_best_adp 71040; runtime_sec=6.627,,,,,4860,16,77760,,,,,,,,,,,,,,,,,,,,,,,,,,,,,,,,,,,
unary-breakthrough,bf16,ex218,ex218|bf16_reciprocal_cube_field_interval_graph|key_mhi3_word_runs|shared BF16 field key; constant key groups; per-hi interval word outputs|abc_g_aig|abc_xf_official_evaluate|unary_breakthrough_field_decision_graph,bf16_reciprocal_cube_field_interval_graph,equivalent_nonwinning,1401,15,21015,student/work/ex204_ex299_frontend_breakthrough_20260614_1051/unary-breakthrough/ex218/verilog/ex218_key_mhi3_word_runs.v,student/work/ex204_ex299_frontend_breakthrough_20260614_1051/unary-breakthrough/ex218/aigs/ex218_key_mhi3_word_runs_abc_g_aig.aig,student/runs/bf16/ex204_ex299_frontend_breakthrough_20260614_1051/unary-breakthrough/ex218/official_eval/ex218_key_mhi3_word_runs_abc_g_aig/ex218_key_mhi3_word_runs_abc_g_aig.evaluate.py.log,student/frontend_campaigns/campaigns/ex204_ex299_frontend_breakthrough_20260614_1051/agent_shards/unary-breakthrough/failed_hypotheses.csv,did not beat target_frontend_snapshot frontend_best_adp 5941; runtime_sec=78.929,,,,,1401,15,21015,,,,,,,,,,,,,,,,,,,,,,,,,,,,,,,,,,,
unary-breakthrough,bf16,ex218,ex218|bf16_reciprocal_cube_output_grouped_correction|low8_hi3_highbit_runs|shared BF16 key decode with output-grouped high-bit correction trees|abc_g_aig|abc_xf_official_evaluate|unary_breakthrough_field_decision_graph,bf16_reciprocal_cube_output_grouped_correction,equivalent_nonwinning,1375,15,20625,student/work/ex204_ex299_frontend_breakthrough_20260614_1051/unary-breakthrough/ex218/verilog/ex218_low8_hi3_highbit_runs.v,student/work/ex204_ex299_frontend_breakthrough_20260614_1051/unary-breakthrough/ex218/aigs/ex218_low8_hi3_highbit_runs_abc_g_aig.aig,student/runs/bf16/ex204_ex299_frontend_breakthrough_20260614_1051/unary-breakthrough/ex218/official_eval/ex218_low8_hi3_highbit_runs_abc_g_aig/ex218_low8_hi3_highbit_runs_abc_g_aig.evaluate.py.log,student/frontend_campaigns/campaigns/ex204_ex299_frontend_breakthrough_20260614_1051/agent_shards/unary-breakthrough/failed_hypotheses.csv,did not beat target_frontend_snapshot frontend_best_adp 5941; runtime_sec=5.967,,,,,1375,15,20625,,,,,,,,,,,,,,,,,,,,,,,,,,,,,,,,,,,
unary-breakthrough,bf16,ex219,ex219|bf16_reciprocal_cbrt_field_interval_graph|key_mhi3_word_runs|shared BF16 field key; constant key groups; per-hi interval word outputs|abc_g_aig|abc_xf_official_evaluate|unary_breakthrough_field_decision_graph,bf16_reciprocal_cbrt_field_interval_graph,equivalent_nonwinning,2040,14,28560,student/work/ex204_ex299_frontend_breakthrough_20260614_1051/unary-breakthrough/ex219/verilog/ex219_key_mhi3_word_runs.v,student/work/ex204_ex299_frontend_breakthrough_20260614_1051/unary-breakthrough/ex219/aigs/ex219_key_mhi3_word_runs_abc_g_aig.aig,student/runs/bf16/ex204_ex299_frontend_breakthrough_20260614_1051/unary-breakthrough/ex219/official_eval/ex219_key_mhi3_word_runs_abc_g_aig/ex219_key_mhi3_word_runs_abc_g_aig.evaluate.py.log,student/frontend_campaigns/campaigns/ex204_ex299_frontend_breakthrough_20260614_1051/agent_shards/unary-breakthrough/failed_hypotheses.csv,did not beat target_frontend_snapshot frontend_best_adp 9212; runtime_sec=85.056,,,,,2040,14,28560,,,,,,,,,,,,,,,,,,,,,,,,,,,,,,,,,,,
unary-breakthrough,bf16,ex219,ex219|bf16_reciprocal_cbrt_output_grouped_correction|low8_hi3_highbit_runs|shared BF16 key decode with output-grouped high-bit correction trees|abc_g_aig|abc_xf_official_evaluate|unary_breakthrough_field_decision_graph,bf16_reciprocal_cbrt_output_grouped_correction,equivalent_nonwinning,2766,15,41490,student/work/ex204_ex299_frontend_breakthrough_20260614_1051/unary-breakthrough/ex219/verilog/ex219_low8_hi3_highbit_runs.v,student/work/ex204_ex299_frontend_breakthrough_20260614_1051/unary-breakthrough/ex219/aigs/ex219_low8_hi3_highbit_runs_abc_g_aig.aig,student/runs/bf16/ex204_ex299_frontend_breakthrough_20260614_1051/unary-breakthrough/ex219/official_eval/ex219_low8_hi3_highbit_runs_abc_g_aig/ex219_low8_hi3_highbit_runs_abc_g_aig.evaluate.py.log,student/frontend_campaigns/campaigns/ex204_ex299_frontend_breakthrough_20260614_1051/agent_shards/unary-breakthrough/failed_hypotheses.csv,did not beat target_frontend_snapshot frontend_best_adp 9212; runtime_sec=16.096,,,,,2766,15,41490,,,,,,,,,,,,,,,,,,,,,,,,,,,,,,,,,,,
unary-breakthrough,fp16,ex223,ex223|fp16_log_field_interval_graph|key_mhi5_word_runs|shared FP16 field key; constant key groups; per-hi interval word outputs|abc_g_aig|abc_xf_official_evaluate|unary_breakthrough_field_decision_graph,fp16_log_field_interval_graph,equivalent_nonwinning,11387,22,250514,student/work/ex204_ex299_frontend_breakthrough_20260614_1051/unary-breakthrough/ex223/verilog/ex223_key_mhi5_word_runs.v,student/work/ex204_ex299_frontend_breakthrough_20260614_1051/unary-breakthrough/ex223/aigs/ex223_key_mhi5_word_runs_abc_g_aig.aig,student/runs/fp16/ex204_ex299_frontend_breakthrough_20260614_1051/unary-breakthrough/ex223/official_eval/ex223_key_mhi5_word_runs_abc_g_aig/ex223_key_mhi5_word_runs_abc_g_aig.evaluate.py.log,student/frontend_campaigns/campaigns/ex204_ex299_frontend_breakthrough_20260614_1051/agent_shards/unary-breakthrough/failed_hypotheses.csv,did not beat target_frontend_snapshot frontend_best_adp 203395; runtime_sec=43.029,,,,,11387,22,250514,,,,,,,,,,,,,,,,,,,,,,,,,,,,,,,,,,,
unary-breakthrough,fp16,ex223,ex223|fp16_log_output_grouped_correction|low12_hi5_highbit_runs|shared FP16 sign/exp decode with high-bit run trees and nested low field|abc_g_aig|abc_xf_official_evaluate|unary_breakthrough_field_decision_graph,fp16_log_output_grouped_correction,equivalent_nonwinning,10798,19,205162,student/work/ex204_ex299_frontend_breakthrough_20260614_1051/unary-breakthrough/ex223/verilog/ex223_low12_hi5_highbit_runs.v,student/work/ex204_ex299_frontend_breakthrough_20260614_1051/unary-breakthrough/ex223/aigs/ex223_low12_hi5_highbit_runs_abc_g_aig.aig,student/runs/fp16/ex204_ex299_frontend_breakthrough_20260614_1051/unary-breakthrough/ex223/official_eval/ex223_low12_hi5_highbit_runs_abc_g_aig/ex223_low12_hi5_highbit_runs_abc_g_aig.evaluate.py.log,student/frontend_campaigns/campaigns/ex204_ex299_frontend_breakthrough_20260614_1051/agent_shards/unary-breakthrough/failed_hypotheses.csv,did not beat target_frontend_snapshot frontend_best_adp 203395; runtime_sec=10.263,,,,,10798,19,205162,,,,,,,,,,,,,,,,,,,,,,,,,,,,,,,,,,,
unary-breakthrough,fp16,ex223,ex223|fp16_log_base_xor_residual|mant0_fullxor_hi5|shared exponent-base word and compact full residual by mantissa bucket|abc_g_aig|abc_xf_official_evaluate|unary_breakthrough_field_decision_graph,fp16_log_base_xor_residual,equivalent_nonwinning,10352,21,217392,student/work/ex204_ex299_frontend_breakthrough_20260614_1051/unary-breakthrough/ex223/verilog/ex223_mant0_fullxor_hi5.v,student/work/ex204_ex299_frontend_breakthrough_20260614_1051/unary-breakthrough/ex223/aigs/ex223_mant0_fullxor_hi5_abc_g_aig.aig,student/runs/fp16/ex204_ex299_frontend_breakthrough_20260614_1051/unary-breakthrough/ex223/official_eval/ex223_mant0_fullxor_hi5_abc_g_aig/ex223_mant0_fullxor_hi5_abc_g_aig.evaluate.py.log,student/frontend_campaigns/campaigns/ex204_ex299_frontend_breakthrough_20260614_1051/agent_shards/unary-breakthrough/failed_hypotheses.csv,did not beat target_frontend_snapshot frontend_best_adp 203395; runtime_sec=10.150,,,,,10352,21,217392,,,,,,,,,,,,,,,,,,,,,,,,,,,,,,,,,,,
unary-breakthrough,fp16,ex224,ex224|fp16_log2_field_interval_graph|key_mhi5_word_runs|shared FP16 field key; constant key groups; per-hi interval word outputs|abc_g_aig|abc_xf_official_evaluate|unary_breakthrough_field_decision_graph,fp16_log2_field_interval_graph,equivalent_nonwinning,6364,20,127280,student/work/ex204_ex299_frontend_breakthrough_20260614_1051/unary-breakthrough/ex224/verilog/ex224_key_mhi5_word_runs.v,student/work/ex204_ex299_frontend_breakthrough_20260614_1051/unary-breakthrough/ex224/aigs/ex224_key_mhi5_word_runs_abc_g_aig.aig,student/runs/fp16/ex204_ex299_frontend_breakthrough_20260614_1051/unary-breakthrough/ex224/official_eval/ex224_key_mhi5_word_runs_abc_g_aig/ex224_key_mhi5_word_runs_abc_g_aig.evaluate.py.log,student/frontend_campaigns/campaigns/ex204_ex299_frontend_breakthrough_20260614_1051/agent_shards/unary-breakthrough/failed_hypotheses.csv,did not beat target_frontend_snapshot frontend_best_adp 93072; runtime_sec=39.977,,,,,6364,20,127280,,,,,,,,,,,,,,,,,,,,,,,,,,,,,,,,,,,
unary-breakthrough,fp16,ex224,ex224|fp16_log2_output_grouped_correction|low12_hi6_highbit_runs|shared FP16 sign/exp decode with high-bit run trees and low12 hi6 field|abc_g_aig|abc_xf_official_evaluate|unary_breakthrough_field_decision_graph,fp16_log2_output_grouped_correction,equivalent_nonwinning,6016,17,102272,student/work/ex204_ex299_frontend_breakthrough_20260614_1051/unary-breakthrough/ex224/verilog/ex224_low12_hi6_highbit_runs.v,student/work/ex204_ex299_frontend_breakthrough_20260614_1051/unary-breakthrough/ex224/aigs/ex224_low12_hi6_highbit_runs_abc_g_aig.aig,student/runs/fp16/ex204_ex299_frontend_breakthrough_20260614_1051/unary-breakthrough/ex224/official_eval/ex224_low12_hi6_highbit_runs_abc_g_aig/ex224_low12_hi6_highbit_runs_abc_g_aig.evaluate.py.log,student/frontend_campaigns/campaigns/ex204_ex299_frontend_breakthrough_20260614_1051/agent_shards/unary-breakthrough/failed_hypotheses.csv,did not beat target_frontend_snapshot frontend_best_adp 93072; runtime_sec=9.861,,,,,6016,17,102272,,,,,,,,,,,,,,,,,,,,,,,,,,,,,,,,,,,
unary-breakthrough,fp16,ex224,ex224|fp16_log2_base_xor_residual|mant0_fullxor_hi5|shared exponent-base word and compact full residual by mantissa bucket|abc_g_aig|abc_xf_official_evaluate|unary_breakthrough_field_decision_graph,fp16_log2_base_xor_residual,equivalent_nonwinning,5779,18,104022,student/work/ex204_ex299_frontend_breakthrough_20260614_1051/unary-breakthrough/ex224/verilog/ex224_mant0_fullxor_hi5.v,student/work/ex204_ex299_frontend_breakthrough_20260614_1051/unary-breakthrough/ex224/aigs/ex224_mant0_fullxor_hi5_abc_g_aig.aig,student/runs/fp16/ex204_ex299_frontend_breakthrough_20260614_1051/unary-breakthrough/ex224/official_eval/ex224_mant0_fullxor_hi5_abc_g_aig/ex224_mant0_fullxor_hi5_abc_g_aig.evaluate.py.log,student/frontend_campaigns/campaigns/ex204_ex299_frontend_breakthrough_20260614_1051/agent_shards/unary-breakthrough/failed_hypotheses.csv,did not beat target_frontend_snapshot frontend_best_adp 93072; runtime_sec=7.734,,,,,5779,18,104022,,,,,,,,,,,,,,,,,,,,,,,,,,,,,,,,,,,
unary-breakthrough,fp16,ex225,ex225|fp16_log10_field_interval_graph|key_mhi5_word_runs|shared FP16 field key; constant key groups; per-hi interval word outputs|abc_g_aig|abc_xf_official_evaluate|unary_breakthrough_field_decision_graph,fp16_log10_field_interval_graph,equivalent_nonwinning,12309,22,270798,student/work/ex204_ex299_frontend_breakthrough_20260614_1051/unary-breakthrough/ex225/verilog/ex225_key_mhi5_word_runs.v,student/work/ex204_ex299_frontend_breakthrough_20260614_1051/unary-breakthrough/ex225/aigs/ex225_key_mhi5_word_runs_abc_g_aig.aig,student/runs/fp16/ex204_ex299_frontend_breakthrough_20260614_1051/unary-breakthrough/ex225/official_eval/ex225_key_mhi5_word_runs_abc_g_aig/ex225_key_mhi5_word_runs_abc_g_aig.evaluate.py.log,student/frontend_campaigns/campaigns/ex204_ex299_frontend_breakthrough_20260614_1051/agent_shards/unary-breakthrough/failed_hypotheses.csv,did not beat target_frontend_snapshot frontend_best_adp 218595; runtime_sec=42.307,,,,,12309,22,270798,,,,,,,,,,,,,,,,,,,,,,,,,,,,,,,,,,,
unary-breakthrough,fp16,ex225,ex225|fp16_log10_output_grouped_correction|low12_hi5_highbit_runs|shared FP16 sign/exp decode with high-bit run trees and nested low field|abc_g_aig|abc_xf_official_evaluate|unary_breakthrough_field_decision_graph,fp16_log10_output_grouped_correction,equivalent_nonwinning,11561,19,219659,student/work/ex204_ex299_frontend_breakthrough_20260614_1051/unary-breakthrough/ex225/verilog/ex225_low12_hi5_highbit_runs.v,student/work/ex204_ex299_frontend_breakthrough_20260614_1051/unary-breakthrough/ex225/aigs/ex225_low12_hi5_highbit_runs_abc_g_aig.aig,student/runs/fp16/ex204_ex299_frontend_breakthrough_20260614_1051/unary-breakthrough/ex225/official_eval/ex225_low12_hi5_highbit_runs_abc_g_aig/ex225_low12_hi5_highbit_runs_abc_g_aig.evaluate.py.log,student/frontend_campaigns/campaigns/ex204_ex299_frontend_breakthrough_20260614_1051/agent_shards/unary-breakthrough/failed_hypotheses.csv,did not beat target_frontend_snapshot frontend_best_adp 218595; runtime_sec=11.198,,,,,11561,19,219659,,,,,,,,,,,,,,,,,,,,,,,,,,,,,,,,,,,
unary-breakthrough,fp16,ex225,ex225|fp16_log10_base_xor_residual|mant0_fullxor_hi5|shared exponent-base word and compact full residual by mantissa bucket|abc_g_aig|abc_xf_official_evaluate|unary_breakthrough_field_decision_graph,fp16_log10_base_xor_residual,equivalent_nonwinning,10740,21,225540,student/work/ex204_ex299_frontend_breakthrough_20260614_1051/unary-breakthrough/ex225/verilog/ex225_mant0_fullxor_hi5.v,student/work/ex204_ex299_frontend_breakthrough_20260614_1051/unary-breakthrough/ex225/aigs/ex225_mant0_fullxor_hi5_abc_g_aig.aig,student/runs/fp16/ex204_ex299_frontend_breakthrough_20260614_1051/unary-breakthrough/ex225/official_eval/ex225_mant0_fullxor_hi5_abc_g_aig/ex225_mant0_fullxor_hi5_abc_g_aig.evaluate.py.log,student/frontend_campaigns/campaigns/ex204_ex299_frontend_breakthrough_20260614_1051/agent_shards/unary-breakthrough/failed_hypotheses.csv,did not beat target_frontend_snapshot frontend_best_adp 218595; runtime_sec=10.227,,,,,10740,21,225540,,,,,,,,,,,,,,,,,,,,,,,,,,,,,,,,,,,
