case,candidate_id,hypothesis,variant,verilog_path,aig_path,verified_truth,synthesized,equivalent,area,delay,adp,reference_adp,adp_ratio_to_reference,within_1p5_reference,beats_reference,runtime_sec,classification,notes
ex260,ex260_smul_direct_signed_abc_g_aig,signed low4_high4:a*b,direct_signed+abc_g_aig,student/work/ex260_ex264_frontend_smul_struct_20260609_0223/ex260/verilog/ex260_smul_direct_signed.v,student/work/ex260_ex264_frontend_smul_struct_20260609_0223/ex260/aigs/ex260_smul_direct_signed_abc_g_aig.aig,1,1,1,116,20,2320,657,3.531202,0,0,0.202,semantic_signed_mul_exact,exact signed low4 * signed high4 over 256 inputs; source=direct_signed; flow=abc_g_aig
ex260,ex260_smul_direct_signed_wreduce_abc_g_aig,signed low4_high4:a*b,direct_signed+wreduce_abc_g_aig,student/work/ex260_ex264_frontend_smul_struct_20260609_0223/ex260/verilog/ex260_smul_direct_signed.v,student/work/ex260_ex264_frontend_smul_struct_20260609_0223/ex260/aigs/ex260_smul_direct_signed_wreduce_abc_g_aig.aig,1,1,1,116,20,2320,657,3.531202,0,0,0.205,semantic_signed_mul_exact,exact signed low4 * signed high4 over 256 inputs; source=direct_signed; flow=wreduce_abc_g_aig
ex260,ex260_smul_direct_signed_arith_wreduce_aig,signed low4_high4:a*b,direct_signed+arith_wreduce_aig,student/work/ex260_ex264_frontend_smul_struct_20260609_0223/ex260/verilog/ex260_smul_direct_signed.v,student/work/ex260_ex264_frontend_smul_struct_20260609_0223/ex260/aigs/ex260_smul_direct_signed_arith_wreduce_aig.aig,1,1,1,116,20,2320,657,3.531202,0,0,0.203,semantic_signed_mul_exact,exact signed low4 * signed high4 over 256 inputs; source=direct_signed; flow=arith_wreduce_aig
ex260,ex260_smul_direct_signed_synth_preset_d13,signed low4_high4:a*b,direct_signed+synth_preset_d13,student/work/ex260_ex264_frontend_smul_struct_20260609_0223/ex260/verilog/ex260_smul_direct_signed.v,student/work/ex260_ex264_frontend_smul_struct_20260609_0223/ex260/aigs/ex260_smul_direct_signed_synth_preset_d13.aig,1,1,1,114,20,2280,657,3.470320,0,0,0.265,semantic_signed_mul_exact,exact signed low4 * signed high4 over 256 inputs; source=direct_signed; flow=synth_preset_d13
ex260,ex260_smul_direct_signed_synth_preset_d18,signed low4_high4:a*b,direct_signed+synth_preset_d18,student/work/ex260_ex264_frontend_smul_struct_20260609_0223/ex260/verilog/ex260_smul_direct_signed.v,student/work/ex260_ex264_frontend_smul_struct_20260609_0223/ex260/aigs/ex260_smul_direct_signed_synth_preset_d18.aig,1,1,1,114,20,2280,657,3.470320,0,0,0.262,semantic_signed_mul_exact,exact signed low4 * signed high4 over 256 inputs; source=direct_signed; flow=synth_preset_d18
ex260,ex260_smul_wide_signed_abc_g_aig,signed low4_high4:a*b,wide_signed+abc_g_aig,student/work/ex260_ex264_frontend_smul_struct_20260609_0223/ex260/verilog/ex260_smul_wide_signed.v,student/work/ex260_ex264_frontend_smul_struct_20260609_0223/ex260/aigs/ex260_smul_wide_signed_abc_g_aig.aig,1,0,0,,,,657,,,,0.011,semantic_signed_mul_exact,SynthError: Yosys failed exit=1; see student/work/ex260_ex264_frontend_smul_struct_20260609_0223/ex260/logs/ex260_smul_wide_signed_abc_g_aig.yosys.log
ex260,ex260_smul_wide_signed_wreduce_abc_g_aig,signed low4_high4:a*b,wide_signed+wreduce_abc_g_aig,student/work/ex260_ex264_frontend_smul_struct_20260609_0223/ex260/verilog/ex260_smul_wide_signed.v,student/work/ex260_ex264_frontend_smul_struct_20260609_0223/ex260/aigs/ex260_smul_wide_signed_wreduce_abc_g_aig.aig,1,0,0,,,,657,,,,0.009,semantic_signed_mul_exact,SynthError: Yosys failed exit=1; see student/work/ex260_ex264_frontend_smul_struct_20260609_0223/ex260/logs/ex260_smul_wide_signed_wreduce_abc_g_aig.yosys.log
ex260,ex260_smul_wide_signed_arith_wreduce_aig,signed low4_high4:a*b,wide_signed+arith_wreduce_aig,student/work/ex260_ex264_frontend_smul_struct_20260609_0223/ex260/verilog/ex260_smul_wide_signed.v,student/work/ex260_ex264_frontend_smul_struct_20260609_0223/ex260/aigs/ex260_smul_wide_signed_arith_wreduce_aig.aig,1,0,0,,,,657,,,,0.010,semantic_signed_mul_exact,SynthError: Yosys failed exit=1; see student/work/ex260_ex264_frontend_smul_struct_20260609_0223/ex260/logs/ex260_smul_wide_signed_arith_wreduce_aig.yosys.log
ex260,ex260_smul_wide_signed_synth_preset_d13,signed low4_high4:a*b,wide_signed+synth_preset_d13,student/work/ex260_ex264_frontend_smul_struct_20260609_0223/ex260/verilog/ex260_smul_wide_signed.v,student/work/ex260_ex264_frontend_smul_struct_20260609_0223/ex260/aigs/ex260_smul_wide_signed_synth_preset_d13.aig,1,0,0,,,,657,,,,0.010,semantic_signed_mul_exact,SynthError: Yosys failed exit=1; see student/work/ex260_ex264_frontend_smul_struct_20260609_0223/ex260/logs/ex260_smul_wide_signed_synth_preset_d13.yosys.log
ex260,ex260_smul_wide_signed_synth_preset_d18,signed low4_high4:a*b,wide_signed+synth_preset_d18,student/work/ex260_ex264_frontend_smul_struct_20260609_0223/ex260/verilog/ex260_smul_wide_signed.v,student/work/ex260_ex264_frontend_smul_struct_20260609_0223/ex260/aigs/ex260_smul_wide_signed_synth_preset_d18.aig,1,0,0,,,,657,,,,0.010,semantic_signed_mul_exact,SynthError: Yosys failed exit=1; see student/work/ex260_ex264_frontend_smul_struct_20260609_0223/ex260/logs/ex260_smul_wide_signed_synth_preset_d18.yosys.log
ex260,ex260_smul_abs_sign_direct_abc_g_aig,signed low4_high4:a*b,abs_sign_direct+abc_g_aig,student/work/ex260_ex264_frontend_smul_struct_20260609_0223/ex260/verilog/ex260_smul_abs_sign_direct.v,student/work/ex260_ex264_frontend_smul_struct_20260609_0223/ex260/aigs/ex260_smul_abs_sign_direct_abc_g_aig.aig,1,1,1,103,18,1854,657,2.821918,0,0,0.232,semantic_signed_mul_exact,exact signed low4 * signed high4 over 256 inputs; source=abs_sign_direct; flow=abc_g_aig
ex260,ex260_smul_abs_sign_direct_wreduce_abc_g_aig,signed low4_high4:a*b,abs_sign_direct+wreduce_abc_g_aig,student/work/ex260_ex264_frontend_smul_struct_20260609_0223/ex260/verilog/ex260_smul_abs_sign_direct.v,student/work/ex260_ex264_frontend_smul_struct_20260609_0223/ex260/aigs/ex260_smul_abs_sign_direct_wreduce_abc_g_aig.aig,1,1,1,103,18,1854,657,2.821918,0,0,0.238,semantic_signed_mul_exact,exact signed low4 * signed high4 over 256 inputs; source=abs_sign_direct; flow=wreduce_abc_g_aig
ex260,ex260_smul_abs_sign_direct_arith_wreduce_aig,signed low4_high4:a*b,abs_sign_direct+arith_wreduce_aig,student/work/ex260_ex264_frontend_smul_struct_20260609_0223/ex260/verilog/ex260_smul_abs_sign_direct.v,student/work/ex260_ex264_frontend_smul_struct_20260609_0223/ex260/aigs/ex260_smul_abs_sign_direct_arith_wreduce_aig.aig,1,1,1,103,18,1854,657,2.821918,0,0,0.242,semantic_signed_mul_exact,exact signed low4 * signed high4 over 256 inputs; source=abs_sign_direct; flow=arith_wreduce_aig
ex260,ex260_smul_abs_sign_direct_synth_preset_d13,signed low4_high4:a*b,abs_sign_direct+synth_preset_d13,student/work/ex260_ex264_frontend_smul_struct_20260609_0223/ex260/verilog/ex260_smul_abs_sign_direct.v,student/work/ex260_ex264_frontend_smul_struct_20260609_0223/ex260/aigs/ex260_smul_abs_sign_direct_synth_preset_d13.aig,1,1,1,103,18,1854,657,2.821918,0,0,0.281,semantic_signed_mul_exact,exact signed low4 * signed high4 over 256 inputs; source=abs_sign_direct; flow=synth_preset_d13
ex260,ex260_smul_abs_sign_direct_synth_preset_d18,signed low4_high4:a*b,abs_sign_direct+synth_preset_d18,student/work/ex260_ex264_frontend_smul_struct_20260609_0223/ex260/verilog/ex260_smul_abs_sign_direct.v,student/work/ex260_ex264_frontend_smul_struct_20260609_0223/ex260/aigs/ex260_smul_abs_sign_direct_synth_preset_d18.aig,1,1,1,103,18,1854,657,2.821918,0,0,0.281,semantic_signed_mul_exact,exact signed low4 * signed high4 over 256 inputs; source=abs_sign_direct; flow=synth_preset_d18
ex260,ex260_smul_abs_sign_wallace_abc_g_aig,signed low4_high4:a*b,abs_sign_wallace+abc_g_aig,student/work/ex260_ex264_frontend_smul_struct_20260609_0223/ex260/verilog/ex260_smul_abs_sign_wallace.v,student/work/ex260_ex264_frontend_smul_struct_20260609_0223/ex260/aigs/ex260_smul_abs_sign_wallace_abc_g_aig.aig,1,1,1,104,18,1872,657,2.849315,0,0,0.260,semantic_signed_mul_exact,exact signed low4 * signed high4 over 256 inputs; source=abs_sign_wallace; flow=abc_g_aig
ex260,ex260_smul_abs_sign_wallace_wreduce_abc_g_aig,signed low4_high4:a*b,abs_sign_wallace+wreduce_abc_g_aig,student/work/ex260_ex264_frontend_smul_struct_20260609_0223/ex260/verilog/ex260_smul_abs_sign_wallace.v,student/work/ex260_ex264_frontend_smul_struct_20260609_0223/ex260/aigs/ex260_smul_abs_sign_wallace_wreduce_abc_g_aig.aig,1,1,1,104,18,1872,657,2.849315,0,0,0.253,semantic_signed_mul_exact,exact signed low4 * signed high4 over 256 inputs; source=abs_sign_wallace; flow=wreduce_abc_g_aig
ex260,ex260_smul_abs_sign_wallace_arith_wreduce_aig,signed low4_high4:a*b,abs_sign_wallace+arith_wreduce_aig,student/work/ex260_ex264_frontend_smul_struct_20260609_0223/ex260/verilog/ex260_smul_abs_sign_wallace.v,student/work/ex260_ex264_frontend_smul_struct_20260609_0223/ex260/aigs/ex260_smul_abs_sign_wallace_arith_wreduce_aig.aig,1,1,1,104,18,1872,657,2.849315,0,0,0.252,semantic_signed_mul_exact,exact signed low4 * signed high4 over 256 inputs; source=abs_sign_wallace; flow=arith_wreduce_aig
ex260,ex260_smul_abs_sign_wallace_synth_preset_d13,signed low4_high4:a*b,abs_sign_wallace+synth_preset_d13,student/work/ex260_ex264_frontend_smul_struct_20260609_0223/ex260/verilog/ex260_smul_abs_sign_wallace.v,student/work/ex260_ex264_frontend_smul_struct_20260609_0223/ex260/aigs/ex260_smul_abs_sign_wallace_synth_preset_d13.aig,1,1,1,104,18,1872,657,2.849315,0,0,0.330,semantic_signed_mul_exact,exact signed low4 * signed high4 over 256 inputs; source=abs_sign_wallace; flow=synth_preset_d13
ex260,ex260_smul_abs_sign_wallace_synth_preset_d18,signed low4_high4:a*b,abs_sign_wallace+synth_preset_d18,student/work/ex260_ex264_frontend_smul_struct_20260609_0223/ex260/verilog/ex260_smul_abs_sign_wallace.v,student/work/ex260_ex264_frontend_smul_struct_20260609_0223/ex260/aigs/ex260_smul_abs_sign_wallace_synth_preset_d18.aig,1,1,1,104,18,1872,657,2.849315,0,0,0.328,semantic_signed_mul_exact,exact signed low4 * signed high4 over 256 inputs; source=abs_sign_wallace; flow=synth_preset_d18
ex260,ex260_smul_signed_correction_direct_abc_g_aig,signed low4_high4:a*b,signed_correction_direct+abc_g_aig,student/work/ex260_ex264_frontend_smul_struct_20260609_0223/ex260/verilog/ex260_smul_signed_correction_direct.v,student/work/ex260_ex264_frontend_smul_struct_20260609_0223/ex260/aigs/ex260_smul_signed_correction_direct_abc_g_aig.aig,1,1,1,125,28,3500,657,5.327245,0,0,0.275,semantic_signed_mul_exact,exact signed low4 * signed high4 over 256 inputs; source=signed_correction_direct; flow=abc_g_aig
ex260,ex260_smul_signed_correction_direct_wreduce_abc_g_aig,signed low4_high4:a*b,signed_correction_direct+wreduce_abc_g_aig,student/work/ex260_ex264_frontend_smul_struct_20260609_0223/ex260/verilog/ex260_smul_signed_correction_direct.v,student/work/ex260_ex264_frontend_smul_struct_20260609_0223/ex260/aigs/ex260_smul_signed_correction_direct_wreduce_abc_g_aig.aig,1,1,1,125,28,3500,657,5.327245,0,0,0.246,semantic_signed_mul_exact,exact signed low4 * signed high4 over 256 inputs; source=signed_correction_direct; flow=wreduce_abc_g_aig
ex260,ex260_smul_signed_correction_direct_arith_wreduce_aig,signed low4_high4:a*b,signed_correction_direct+arith_wreduce_aig,student/work/ex260_ex264_frontend_smul_struct_20260609_0223/ex260/verilog/ex260_smul_signed_correction_direct.v,student/work/ex260_ex264_frontend_smul_struct_20260609_0223/ex260/aigs/ex260_smul_signed_correction_direct_arith_wreduce_aig.aig,1,1,1,131,19,2489,657,3.788432,0,0,0.231,semantic_signed_mul_exact,exact signed low4 * signed high4 over 256 inputs; source=signed_correction_direct; flow=arith_wreduce_aig
ex260,ex260_smul_signed_correction_direct_synth_preset_d13,signed low4_high4:a*b,signed_correction_direct+synth_preset_d13,student/work/ex260_ex264_frontend_smul_struct_20260609_0223/ex260/verilog/ex260_smul_signed_correction_direct.v,student/work/ex260_ex264_frontend_smul_struct_20260609_0223/ex260/aigs/ex260_smul_signed_correction_direct_synth_preset_d13.aig,1,1,1,131,19,2489,657,3.788432,0,0,0.295,semantic_signed_mul_exact,exact signed low4 * signed high4 over 256 inputs; source=signed_correction_direct; flow=synth_preset_d13
ex260,ex260_smul_signed_correction_direct_synth_preset_d18,signed low4_high4:a*b,signed_correction_direct+synth_preset_d18,student/work/ex260_ex264_frontend_smul_struct_20260609_0223/ex260/verilog/ex260_smul_signed_correction_direct.v,student/work/ex260_ex264_frontend_smul_struct_20260609_0223/ex260/aigs/ex260_smul_signed_correction_direct_synth_preset_d18.aig,1,1,1,131,19,2489,657,3.788432,0,0,0.295,semantic_signed_mul_exact,exact signed low4 * signed high4 over 256 inputs; source=signed_correction_direct; flow=synth_preset_d18
ex260,ex260_smul_signed_correction_wallace_abc_g_aig,signed low4_high4:a*b,signed_correction_wallace+abc_g_aig,student/work/ex260_ex264_frontend_smul_struct_20260609_0223/ex260/verilog/ex260_smul_signed_correction_wallace.v,student/work/ex260_ex264_frontend_smul_struct_20260609_0223/ex260/aigs/ex260_smul_signed_correction_wallace_abc_g_aig.aig,1,1,1,124,24,2976,657,4.529680,0,0,0.261,semantic_signed_mul_exact,exact signed low4 * signed high4 over 256 inputs; source=signed_correction_wallace; flow=abc_g_aig
ex260,ex260_smul_signed_correction_wallace_wreduce_abc_g_aig,signed low4_high4:a*b,signed_correction_wallace+wreduce_abc_g_aig,student/work/ex260_ex264_frontend_smul_struct_20260609_0223/ex260/verilog/ex260_smul_signed_correction_wallace.v,student/work/ex260_ex264_frontend_smul_struct_20260609_0223/ex260/aigs/ex260_smul_signed_correction_wallace_wreduce_abc_g_aig.aig,1,1,1,124,24,2976,657,4.529680,0,0,0.261,semantic_signed_mul_exact,exact signed low4 * signed high4 over 256 inputs; source=signed_correction_wallace; flow=wreduce_abc_g_aig
ex260,ex260_smul_signed_correction_wallace_arith_wreduce_aig,signed low4_high4:a*b,signed_correction_wallace+arith_wreduce_aig,student/work/ex260_ex264_frontend_smul_struct_20260609_0223/ex260/verilog/ex260_smul_signed_correction_wallace.v,student/work/ex260_ex264_frontend_smul_struct_20260609_0223/ex260/aigs/ex260_smul_signed_correction_wallace_arith_wreduce_aig.aig,1,1,1,114,20,2280,657,3.470320,0,0,0.256,semantic_signed_mul_exact,exact signed low4 * signed high4 over 256 inputs; source=signed_correction_wallace; flow=arith_wreduce_aig
ex260,ex260_smul_signed_correction_wallace_synth_preset_d13,signed low4_high4:a*b,signed_correction_wallace+synth_preset_d13,student/work/ex260_ex264_frontend_smul_struct_20260609_0223/ex260/verilog/ex260_smul_signed_correction_wallace.v,student/work/ex260_ex264_frontend_smul_struct_20260609_0223/ex260/aigs/ex260_smul_signed_correction_wallace_synth_preset_d13.aig,1,1,1,114,20,2280,657,3.470320,0,0,0.320,semantic_signed_mul_exact,exact signed low4 * signed high4 over 256 inputs; source=signed_correction_wallace; flow=synth_preset_d13
ex260,ex260_smul_signed_correction_wallace_synth_preset_d18,signed low4_high4:a*b,signed_correction_wallace+synth_preset_d18,student/work/ex260_ex264_frontend_smul_struct_20260609_0223/ex260/verilog/ex260_smul_signed_correction_wallace.v,student/work/ex260_ex264_frontend_smul_struct_20260609_0223/ex260/aigs/ex260_smul_signed_correction_wallace_synth_preset_d18.aig,1,1,1,114,20,2280,657,3.470320,0,0,0.317,semantic_signed_mul_exact,exact signed low4 * signed high4 over 256 inputs; source=signed_correction_wallace; flow=synth_preset_d18
ex260,ex260_smul_signed_correction_csa_cla_abc_g_aig,signed low4_high4:a*b,signed_correction_csa_cla+abc_g_aig,student/work/ex260_ex264_frontend_smul_struct_20260609_0223/ex260/verilog/ex260_smul_signed_correction_csa_cla.v,student/work/ex260_ex264_frontend_smul_struct_20260609_0223/ex260/aigs/ex260_smul_signed_correction_csa_cla_abc_g_aig.aig,1,1,1,123,24,2952,657,4.493151,0,0,0.254,semantic_signed_mul_exact,exact signed low4 * signed high4 over 256 inputs; source=signed_correction_csa_cla; flow=abc_g_aig
ex260,ex260_smul_signed_correction_csa_cla_wreduce_abc_g_aig,signed low4_high4:a*b,signed_correction_csa_cla+wreduce_abc_g_aig,student/work/ex260_ex264_frontend_smul_struct_20260609_0223/ex260/verilog/ex260_smul_signed_correction_csa_cla.v,student/work/ex260_ex264_frontend_smul_struct_20260609_0223/ex260/aigs/ex260_smul_signed_correction_csa_cla_wreduce_abc_g_aig.aig,1,1,1,123,24,2952,657,4.493151,0,0,0.259,semantic_signed_mul_exact,exact signed low4 * signed high4 over 256 inputs; source=signed_correction_csa_cla; flow=wreduce_abc_g_aig
ex260,ex260_smul_signed_correction_csa_cla_arith_wreduce_aig,signed low4_high4:a*b,signed_correction_csa_cla+arith_wreduce_aig,student/work/ex260_ex264_frontend_smul_struct_20260609_0223/ex260/verilog/ex260_smul_signed_correction_csa_cla.v,student/work/ex260_ex264_frontend_smul_struct_20260609_0223/ex260/aigs/ex260_smul_signed_correction_csa_cla_arith_wreduce_aig.aig,1,1,1,116,21,2436,657,3.707763,0,0,0.254,semantic_signed_mul_exact,exact signed low4 * signed high4 over 256 inputs; source=signed_correction_csa_cla; flow=arith_wreduce_aig
ex260,ex260_smul_signed_correction_csa_cla_synth_preset_d13,signed low4_high4:a*b,signed_correction_csa_cla+synth_preset_d13,student/work/ex260_ex264_frontend_smul_struct_20260609_0223/ex260/verilog/ex260_smul_signed_correction_csa_cla.v,student/work/ex260_ex264_frontend_smul_struct_20260609_0223/ex260/aigs/ex260_smul_signed_correction_csa_cla_synth_preset_d13.aig,1,1,1,115,21,2415,657,3.675799,0,0,0.314,semantic_signed_mul_exact,exact signed low4 * signed high4 over 256 inputs; source=signed_correction_csa_cla; flow=synth_preset_d13
ex260,ex260_smul_signed_correction_csa_cla_synth_preset_d18,signed low4_high4:a*b,signed_correction_csa_cla+synth_preset_d18,student/work/ex260_ex264_frontend_smul_struct_20260609_0223/ex260/verilog/ex260_smul_signed_correction_csa_cla.v,student/work/ex260_ex264_frontend_smul_struct_20260609_0223/ex260/aigs/ex260_smul_signed_correction_csa_cla_synth_preset_d18.aig,1,1,1,115,21,2415,657,3.675799,0,0,0.312,semantic_signed_mul_exact,exact signed low4 * signed high4 over 256 inputs; source=signed_correction_csa_cla; flow=synth_preset_d18
ex260,ex260_smul_booth_radix4_signed_abc_g_aig,signed low4_high4:a*b,booth_radix4_signed+abc_g_aig,student/work/ex260_ex264_frontend_smul_struct_20260609_0223/ex260/verilog/ex260_smul_booth_radix4_signed.v,student/work/ex260_ex264_frontend_smul_struct_20260609_0223/ex260/aigs/ex260_smul_booth_radix4_signed_abc_g_aig.aig,1,0,0,,,,657,,,,0.016,semantic_signed_mul_exact,SynthError: Yosys failed exit=1; see student/work/ex260_ex264_frontend_smul_struct_20260609_0223/ex260/logs/ex260_smul_booth_radix4_signed_abc_g_aig.yosys.log
ex260,ex260_smul_booth_radix4_signed_wreduce_abc_g_aig,signed low4_high4:a*b,booth_radix4_signed+wreduce_abc_g_aig,student/work/ex260_ex264_frontend_smul_struct_20260609_0223/ex260/verilog/ex260_smul_booth_radix4_signed.v,student/work/ex260_ex264_frontend_smul_struct_20260609_0223/ex260/aigs/ex260_smul_booth_radix4_signed_wreduce_abc_g_aig.aig,1,0,0,,,,657,,,,0.014,semantic_signed_mul_exact,SynthError: Yosys failed exit=1; see student/work/ex260_ex264_frontend_smul_struct_20260609_0223/ex260/logs/ex260_smul_booth_radix4_signed_wreduce_abc_g_aig.yosys.log
ex260,ex260_smul_booth_radix4_signed_arith_wreduce_aig,signed low4_high4:a*b,booth_radix4_signed+arith_wreduce_aig,student/work/ex260_ex264_frontend_smul_struct_20260609_0223/ex260/verilog/ex260_smul_booth_radix4_signed.v,student/work/ex260_ex264_frontend_smul_struct_20260609_0223/ex260/aigs/ex260_smul_booth_radix4_signed_arith_wreduce_aig.aig,1,0,0,,,,657,,,,0.011,semantic_signed_mul_exact,SynthError: Yosys failed exit=1; see student/work/ex260_ex264_frontend_smul_struct_20260609_0223/ex260/logs/ex260_smul_booth_radix4_signed_arith_wreduce_aig.yosys.log
ex260,ex260_smul_booth_radix4_signed_synth_preset_d13,signed low4_high4:a*b,booth_radix4_signed+synth_preset_d13,student/work/ex260_ex264_frontend_smul_struct_20260609_0223/ex260/verilog/ex260_smul_booth_radix4_signed.v,student/work/ex260_ex264_frontend_smul_struct_20260609_0223/ex260/aigs/ex260_smul_booth_radix4_signed_synth_preset_d13.aig,1,0,0,,,,657,,,,0.012,semantic_signed_mul_exact,SynthError: Yosys failed exit=1; see student/work/ex260_ex264_frontend_smul_struct_20260609_0223/ex260/logs/ex260_smul_booth_radix4_signed_synth_preset_d13.yosys.log
ex260,ex260_smul_booth_radix4_signed_synth_preset_d18,signed low4_high4:a*b,booth_radix4_signed+synth_preset_d18,student/work/ex260_ex264_frontend_smul_struct_20260609_0223/ex260/verilog/ex260_smul_booth_radix4_signed.v,student/work/ex260_ex264_frontend_smul_struct_20260609_0223/ex260/aigs/ex260_smul_booth_radix4_signed_synth_preset_d18.aig,1,0,0,,,,657,,,,0.012,semantic_signed_mul_exact,SynthError: Yosys failed exit=1; see student/work/ex260_ex264_frontend_smul_struct_20260609_0223/ex260/logs/ex260_smul_booth_radix4_signed_synth_preset_d18.yosys.log
ex260,ex260_smul_case_small_signed_abc_g_aig,signed low4_high4:a*b,case_small_signed+abc_g_aig,student/work/ex260_ex264_frontend_smul_struct_20260609_0223/ex260/verilog/ex260_smul_case_small_signed.v,student/work/ex260_ex264_frontend_smul_struct_20260609_0223/ex260/aigs/ex260_smul_case_small_signed_abc_g_aig.aig,1,1,1,205,12,2460,657,3.744292,0,0,0.257,semantic_signed_mul_exact,exact signed low4 * signed high4 over 256 inputs; source=case_small_signed; flow=abc_g_aig
ex260,ex260_smul_case_small_signed_wreduce_abc_g_aig,signed low4_high4:a*b,case_small_signed+wreduce_abc_g_aig,student/work/ex260_ex264_frontend_smul_struct_20260609_0223/ex260/verilog/ex260_smul_case_small_signed.v,student/work/ex260_ex264_frontend_smul_struct_20260609_0223/ex260/aigs/ex260_smul_case_small_signed_wreduce_abc_g_aig.aig,1,1,1,205,12,2460,657,3.744292,0,0,0.259,semantic_signed_mul_exact,exact signed low4 * signed high4 over 256 inputs; source=case_small_signed; flow=wreduce_abc_g_aig
ex260,ex260_smul_case_small_signed_arith_wreduce_aig,signed low4_high4:a*b,case_small_signed+arith_wreduce_aig,student/work/ex260_ex264_frontend_smul_struct_20260609_0223/ex260/verilog/ex260_smul_case_small_signed.v,student/work/ex260_ex264_frontend_smul_struct_20260609_0223/ex260/aigs/ex260_smul_case_small_signed_arith_wreduce_aig.aig,1,0,0,,,,657,,,,0.038,semantic_signed_mul_exact,SynthError: Yosys failed exit=1; see student/work/ex260_ex264_frontend_smul_struct_20260609_0223/ex260/logs/ex260_smul_case_small_signed_arith_wreduce_aig.yosys.log
ex260,ex260_smul_case_small_signed_synth_preset_d13,signed low4_high4:a*b,case_small_signed+synth_preset_d13,student/work/ex260_ex264_frontend_smul_struct_20260609_0223/ex260/verilog/ex260_smul_case_small_signed.v,student/work/ex260_ex264_frontend_smul_struct_20260609_0223/ex260/aigs/ex260_smul_case_small_signed_synth_preset_d13.aig,1,1,1,197,12,2364,657,3.598174,0,0,0.336,semantic_signed_mul_exact,exact signed low4 * signed high4 over 256 inputs; source=case_small_signed; flow=synth_preset_d13
ex260,ex260_smul_case_small_signed_synth_preset_d18,signed low4_high4:a*b,case_small_signed+synth_preset_d18,student/work/ex260_ex264_frontend_smul_struct_20260609_0223/ex260/verilog/ex260_smul_case_small_signed.v,student/work/ex260_ex264_frontend_smul_struct_20260609_0223/ex260/aigs/ex260_smul_case_small_signed_synth_preset_d18.aig,1,1,1,197,12,2364,657,3.598174,0,0,0.341,semantic_signed_mul_exact,exact signed low4 * signed high4 over 256 inputs; source=case_small_signed; flow=synth_preset_d18
ex261,ex261_smul_direct_signed_abc_g_aig,signed low5_high5:a*b,direct_signed+abc_g_aig,student/work/ex260_ex264_frontend_smul_struct_20260609_0223/ex261/verilog/ex261_smul_direct_signed.v,student/work/ex260_ex264_frontend_smul_struct_20260609_0223/ex261/aigs/ex261_smul_direct_signed_abc_g_aig.aig,1,1,1,203,25,5075,2041,2.486526,0,0,0.237,semantic_signed_mul_exact,exact signed low5 * signed high5 over 1024 inputs; source=direct_signed; flow=abc_g_aig
ex261,ex261_smul_direct_signed_wreduce_abc_g_aig,signed low5_high5:a*b,direct_signed+wreduce_abc_g_aig,student/work/ex260_ex264_frontend_smul_struct_20260609_0223/ex261/verilog/ex261_smul_direct_signed.v,student/work/ex260_ex264_frontend_smul_struct_20260609_0223/ex261/aigs/ex261_smul_direct_signed_wreduce_abc_g_aig.aig,1,1,1,203,25,5075,2041,2.486526,0,0,0.219,semantic_signed_mul_exact,exact signed low5 * signed high5 over 1024 inputs; source=direct_signed; flow=wreduce_abc_g_aig
ex261,ex261_smul_direct_signed_arith_wreduce_aig,signed low5_high5:a*b,direct_signed+arith_wreduce_aig,student/work/ex260_ex264_frontend_smul_struct_20260609_0223/ex261/verilog/ex261_smul_direct_signed.v,student/work/ex260_ex264_frontend_smul_struct_20260609_0223/ex261/aigs/ex261_smul_direct_signed_arith_wreduce_aig.aig,1,1,1,203,25,5075,2041,2.486526,0,0,0.221,semantic_signed_mul_exact,exact signed low5 * signed high5 over 1024 inputs; source=direct_signed; flow=arith_wreduce_aig
ex261,ex261_smul_direct_signed_synth_preset_d13,signed low5_high5:a*b,direct_signed+synth_preset_d13,student/work/ex260_ex264_frontend_smul_struct_20260609_0223/ex261/verilog/ex261_smul_direct_signed.v,student/work/ex260_ex264_frontend_smul_struct_20260609_0223/ex261/aigs/ex261_smul_direct_signed_synth_preset_d13.aig,1,1,1,197,23,4531,2041,2.219990,0,0,0.283,semantic_signed_mul_exact,exact signed low5 * signed high5 over 1024 inputs; source=direct_signed; flow=synth_preset_d13
ex261,ex261_smul_direct_signed_synth_preset_d18,signed low5_high5:a*b,direct_signed+synth_preset_d18,student/work/ex260_ex264_frontend_smul_struct_20260609_0223/ex261/verilog/ex261_smul_direct_signed.v,student/work/ex260_ex264_frontend_smul_struct_20260609_0223/ex261/aigs/ex261_smul_direct_signed_synth_preset_d18.aig,1,1,1,197,23,4531,2041,2.219990,0,0,0.279,semantic_signed_mul_exact,exact signed low5 * signed high5 over 1024 inputs; source=direct_signed; flow=synth_preset_d18
ex261,ex261_smul_wide_signed_abc_g_aig,signed low5_high5:a*b,wide_signed+abc_g_aig,student/work/ex260_ex264_frontend_smul_struct_20260609_0223/ex261/verilog/ex261_smul_wide_signed.v,student/work/ex260_ex264_frontend_smul_struct_20260609_0223/ex261/aigs/ex261_smul_wide_signed_abc_g_aig.aig,1,0,0,,,,2041,,,,0.013,semantic_signed_mul_exact,SynthError: Yosys failed exit=1; see student/work/ex260_ex264_frontend_smul_struct_20260609_0223/ex261/logs/ex261_smul_wide_signed_abc_g_aig.yosys.log
ex261,ex261_smul_wide_signed_wreduce_abc_g_aig,signed low5_high5:a*b,wide_signed+wreduce_abc_g_aig,student/work/ex260_ex264_frontend_smul_struct_20260609_0223/ex261/verilog/ex261_smul_wide_signed.v,student/work/ex260_ex264_frontend_smul_struct_20260609_0223/ex261/aigs/ex261_smul_wide_signed_wreduce_abc_g_aig.aig,1,0,0,,,,2041,,,,0.013,semantic_signed_mul_exact,SynthError: Yosys failed exit=1; see student/work/ex260_ex264_frontend_smul_struct_20260609_0223/ex261/logs/ex261_smul_wide_signed_wreduce_abc_g_aig.yosys.log
ex261,ex261_smul_wide_signed_arith_wreduce_aig,signed low5_high5:a*b,wide_signed+arith_wreduce_aig,student/work/ex260_ex264_frontend_smul_struct_20260609_0223/ex261/verilog/ex261_smul_wide_signed.v,student/work/ex260_ex264_frontend_smul_struct_20260609_0223/ex261/aigs/ex261_smul_wide_signed_arith_wreduce_aig.aig,1,0,0,,,,2041,,,,0.011,semantic_signed_mul_exact,SynthError: Yosys failed exit=1; see student/work/ex260_ex264_frontend_smul_struct_20260609_0223/ex261/logs/ex261_smul_wide_signed_arith_wreduce_aig.yosys.log
ex261,ex261_smul_wide_signed_synth_preset_d13,signed low5_high5:a*b,wide_signed+synth_preset_d13,student/work/ex260_ex264_frontend_smul_struct_20260609_0223/ex261/verilog/ex261_smul_wide_signed.v,student/work/ex260_ex264_frontend_smul_struct_20260609_0223/ex261/aigs/ex261_smul_wide_signed_synth_preset_d13.aig,1,0,0,,,,2041,,,,0.012,semantic_signed_mul_exact,SynthError: Yosys failed exit=1; see student/work/ex260_ex264_frontend_smul_struct_20260609_0223/ex261/logs/ex261_smul_wide_signed_synth_preset_d13.yosys.log
ex261,ex261_smul_wide_signed_synth_preset_d18,signed low5_high5:a*b,wide_signed+synth_preset_d18,student/work/ex260_ex264_frontend_smul_struct_20260609_0223/ex261/verilog/ex261_smul_wide_signed.v,student/work/ex260_ex264_frontend_smul_struct_20260609_0223/ex261/aigs/ex261_smul_wide_signed_synth_preset_d18.aig,1,0,0,,,,2041,,,,0.011,semantic_signed_mul_exact,SynthError: Yosys failed exit=1; see student/work/ex260_ex264_frontend_smul_struct_20260609_0223/ex261/logs/ex261_smul_wide_signed_synth_preset_d18.yosys.log
ex261,ex261_smul_abs_sign_direct_abc_g_aig,signed low5_high5:a*b,abs_sign_direct+abc_g_aig,student/work/ex260_ex264_frontend_smul_struct_20260609_0223/ex261/verilog/ex261_smul_abs_sign_direct.v,student/work/ex260_ex264_frontend_smul_struct_20260609_0223/ex261/aigs/ex261_smul_abs_sign_direct_abc_g_aig.aig,1,1,1,184,28,5152,2041,2.524253,0,0,0.259,semantic_signed_mul_exact,exact signed low5 * signed high5 over 1024 inputs; source=abs_sign_direct; flow=abc_g_aig
ex261,ex261_smul_abs_sign_direct_wreduce_abc_g_aig,signed low5_high5:a*b,abs_sign_direct+wreduce_abc_g_aig,student/work/ex260_ex264_frontend_smul_struct_20260609_0223/ex261/verilog/ex261_smul_abs_sign_direct.v,student/work/ex260_ex264_frontend_smul_struct_20260609_0223/ex261/aigs/ex261_smul_abs_sign_direct_wreduce_abc_g_aig.aig,1,1,1,184,28,5152,2041,2.524253,0,0,0.265,semantic_signed_mul_exact,exact signed low5 * signed high5 over 1024 inputs; source=abs_sign_direct; flow=wreduce_abc_g_aig
ex261,ex261_smul_abs_sign_direct_arith_wreduce_aig,signed low5_high5:a*b,abs_sign_direct+arith_wreduce_aig,student/work/ex260_ex264_frontend_smul_struct_20260609_0223/ex261/verilog/ex261_smul_abs_sign_direct.v,student/work/ex260_ex264_frontend_smul_struct_20260609_0223/ex261/aigs/ex261_smul_abs_sign_direct_arith_wreduce_aig.aig,1,1,1,184,28,5152,2041,2.524253,0,0,0.284,semantic_signed_mul_exact,exact signed low5 * signed high5 over 1024 inputs; source=abs_sign_direct; flow=arith_wreduce_aig
ex261,ex261_smul_abs_sign_direct_synth_preset_d13,signed low5_high5:a*b,abs_sign_direct+synth_preset_d13,student/work/ex260_ex264_frontend_smul_struct_20260609_0223/ex261/verilog/ex261_smul_abs_sign_direct.v,student/work/ex260_ex264_frontend_smul_struct_20260609_0223/ex261/aigs/ex261_smul_abs_sign_direct_synth_preset_d13.aig,1,1,1,184,28,5152,2041,2.524253,0,0,0.307,semantic_signed_mul_exact,exact signed low5 * signed high5 over 1024 inputs; source=abs_sign_direct; flow=synth_preset_d13
ex261,ex261_smul_abs_sign_direct_synth_preset_d18,signed low5_high5:a*b,abs_sign_direct+synth_preset_d18,student/work/ex260_ex264_frontend_smul_struct_20260609_0223/ex261/verilog/ex261_smul_abs_sign_direct.v,student/work/ex260_ex264_frontend_smul_struct_20260609_0223/ex261/aigs/ex261_smul_abs_sign_direct_synth_preset_d18.aig,1,1,1,184,28,5152,2041,2.524253,0,0,0.305,semantic_signed_mul_exact,exact signed low5 * signed high5 over 1024 inputs; source=abs_sign_direct; flow=synth_preset_d18
ex261,ex261_smul_abs_sign_wallace_abc_g_aig,signed low5_high5:a*b,abs_sign_wallace+abc_g_aig,student/work/ex260_ex264_frontend_smul_struct_20260609_0223/ex261/verilog/ex261_smul_abs_sign_wallace.v,student/work/ex260_ex264_frontend_smul_struct_20260609_0223/ex261/aigs/ex261_smul_abs_sign_wallace_abc_g_aig.aig,1,1,1,177,24,4248,2041,2.081333,0,0,0.336,semantic_signed_mul_exact,exact signed low5 * signed high5 over 1024 inputs; source=abs_sign_wallace; flow=abc_g_aig
ex261,ex261_smul_abs_sign_wallace_wreduce_abc_g_aig,signed low5_high5:a*b,abs_sign_wallace+wreduce_abc_g_aig,student/work/ex260_ex264_frontend_smul_struct_20260609_0223/ex261/verilog/ex261_smul_abs_sign_wallace.v,student/work/ex260_ex264_frontend_smul_struct_20260609_0223/ex261/aigs/ex261_smul_abs_sign_wallace_wreduce_abc_g_aig.aig,1,1,1,177,24,4248,2041,2.081333,0,0,0.311,semantic_signed_mul_exact,exact signed low5 * signed high5 over 1024 inputs; source=abs_sign_wallace; flow=wreduce_abc_g_aig
ex261,ex261_smul_abs_sign_wallace_arith_wreduce_aig,signed low5_high5:a*b,abs_sign_wallace+arith_wreduce_aig,student/work/ex260_ex264_frontend_smul_struct_20260609_0223/ex261/verilog/ex261_smul_abs_sign_wallace.v,student/work/ex260_ex264_frontend_smul_struct_20260609_0223/ex261/aigs/ex261_smul_abs_sign_wallace_arith_wreduce_aig.aig,1,1,1,177,24,4248,2041,2.081333,0,0,0.309,semantic_signed_mul_exact,exact signed low5 * signed high5 over 1024 inputs; source=abs_sign_wallace; flow=arith_wreduce_aig
ex261,ex261_smul_abs_sign_wallace_synth_preset_d13,signed low5_high5:a*b,abs_sign_wallace+synth_preset_d13,student/work/ex260_ex264_frontend_smul_struct_20260609_0223/ex261/verilog/ex261_smul_abs_sign_wallace.v,student/work/ex260_ex264_frontend_smul_struct_20260609_0223/ex261/aigs/ex261_smul_abs_sign_wallace_synth_preset_d13.aig,1,1,1,177,24,4248,2041,2.081333,0,0,0.418,semantic_signed_mul_exact,exact signed low5 * signed high5 over 1024 inputs; source=abs_sign_wallace; flow=synth_preset_d13
ex261,ex261_smul_abs_sign_wallace_synth_preset_d18,signed low5_high5:a*b,abs_sign_wallace+synth_preset_d18,student/work/ex260_ex264_frontend_smul_struct_20260609_0223/ex261/verilog/ex261_smul_abs_sign_wallace.v,student/work/ex260_ex264_frontend_smul_struct_20260609_0223/ex261/aigs/ex261_smul_abs_sign_wallace_synth_preset_d18.aig,1,1,1,177,24,4248,2041,2.081333,0,0,0.391,semantic_signed_mul_exact,exact signed low5 * signed high5 over 1024 inputs; source=abs_sign_wallace; flow=synth_preset_d18
ex261,ex261_smul_signed_correction_direct_abc_g_aig,signed low5_high5:a*b,signed_correction_direct+abc_g_aig,student/work/ex260_ex264_frontend_smul_struct_20260609_0223/ex261/verilog/ex261_smul_signed_correction_direct.v,student/work/ex260_ex264_frontend_smul_struct_20260609_0223/ex261/aigs/ex261_smul_signed_correction_direct_abc_g_aig.aig,1,1,1,205,34,6970,2041,3.414993,0,0,0.272,semantic_signed_mul_exact,exact signed low5 * signed high5 over 1024 inputs; source=signed_correction_direct; flow=abc_g_aig
ex261,ex261_smul_signed_correction_direct_wreduce_abc_g_aig,signed low5_high5:a*b,signed_correction_direct+wreduce_abc_g_aig,student/work/ex260_ex264_frontend_smul_struct_20260609_0223/ex261/verilog/ex261_smul_signed_correction_direct.v,student/work/ex260_ex264_frontend_smul_struct_20260609_0223/ex261/aigs/ex261_smul_signed_correction_direct_wreduce_abc_g_aig.aig,1,1,1,205,34,6970,2041,3.414993,0,0,0.274,semantic_signed_mul_exact,exact signed low5 * signed high5 over 1024 inputs; source=signed_correction_direct; flow=wreduce_abc_g_aig
ex261,ex261_smul_signed_correction_direct_arith_wreduce_aig,signed low5_high5:a*b,signed_correction_direct+arith_wreduce_aig,student/work/ex260_ex264_frontend_smul_struct_20260609_0223/ex261/verilog/ex261_smul_signed_correction_direct.v,student/work/ex260_ex264_frontend_smul_struct_20260609_0223/ex261/aigs/ex261_smul_signed_correction_direct_arith_wreduce_aig.aig,1,1,1,221,27,5967,2041,2.923567,0,0,0.262,semantic_signed_mul_exact,exact signed low5 * signed high5 over 1024 inputs; source=signed_correction_direct; flow=arith_wreduce_aig
ex261,ex261_smul_signed_correction_direct_synth_preset_d13,signed low5_high5:a*b,signed_correction_direct+synth_preset_d13,student/work/ex260_ex264_frontend_smul_struct_20260609_0223/ex261/verilog/ex261_smul_signed_correction_direct.v,student/work/ex260_ex264_frontend_smul_struct_20260609_0223/ex261/aigs/ex261_smul_signed_correction_direct_synth_preset_d13.aig,1,1,1,221,27,5967,2041,2.923567,0,0,0.353,semantic_signed_mul_exact,exact signed low5 * signed high5 over 1024 inputs; source=signed_correction_direct; flow=synth_preset_d13
ex261,ex261_smul_signed_correction_direct_synth_preset_d18,signed low5_high5:a*b,signed_correction_direct+synth_preset_d18,student/work/ex260_ex264_frontend_smul_struct_20260609_0223/ex261/verilog/ex261_smul_signed_correction_direct.v,student/work/ex260_ex264_frontend_smul_struct_20260609_0223/ex261/aigs/ex261_smul_signed_correction_direct_synth_preset_d18.aig,1,1,1,221,27,5967,2041,2.923567,0,0,0.321,semantic_signed_mul_exact,exact signed low5 * signed high5 over 1024 inputs; source=signed_correction_direct; flow=synth_preset_d18
ex261,ex261_smul_signed_correction_wallace_abc_g_aig,signed low5_high5:a*b,signed_correction_wallace+abc_g_aig,student/work/ex260_ex264_frontend_smul_struct_20260609_0223/ex261/verilog/ex261_smul_signed_correction_wallace.v,student/work/ex260_ex264_frontend_smul_struct_20260609_0223/ex261/aigs/ex261_smul_signed_correction_wallace_abc_g_aig.aig,1,1,1,208,31,6448,2041,3.159236,0,0,0.296,semantic_signed_mul_exact,exact signed low5 * signed high5 over 1024 inputs; source=signed_correction_wallace; flow=abc_g_aig
ex261,ex261_smul_signed_correction_wallace_wreduce_abc_g_aig,signed low5_high5:a*b,signed_correction_wallace+wreduce_abc_g_aig,student/work/ex260_ex264_frontend_smul_struct_20260609_0223/ex261/verilog/ex261_smul_signed_correction_wallace.v,student/work/ex260_ex264_frontend_smul_struct_20260609_0223/ex261/aigs/ex261_smul_signed_correction_wallace_wreduce_abc_g_aig.aig,1,1,1,208,31,6448,2041,3.159236,0,0,0.305,semantic_signed_mul_exact,exact signed low5 * signed high5 over 1024 inputs; source=signed_correction_wallace; flow=wreduce_abc_g_aig
ex261,ex261_smul_signed_correction_wallace_arith_wreduce_aig,signed low5_high5:a*b,signed_correction_wallace+arith_wreduce_aig,student/work/ex260_ex264_frontend_smul_struct_20260609_0223/ex261/verilog/ex261_smul_signed_correction_wallace.v,student/work/ex260_ex264_frontend_smul_struct_20260609_0223/ex261/aigs/ex261_smul_signed_correction_wallace_arith_wreduce_aig.aig,1,1,1,208,30,6240,2041,3.057325,0,0,0.293,semantic_signed_mul_exact,exact signed low5 * signed high5 over 1024 inputs; source=signed_correction_wallace; flow=arith_wreduce_aig
ex261,ex261_smul_signed_correction_wallace_synth_preset_d13,signed low5_high5:a*b,signed_correction_wallace+synth_preset_d13,student/work/ex260_ex264_frontend_smul_struct_20260609_0223/ex261/verilog/ex261_smul_signed_correction_wallace.v,student/work/ex260_ex264_frontend_smul_struct_20260609_0223/ex261/aigs/ex261_smul_signed_correction_wallace_synth_preset_d13.aig,1,1,1,203,27,5481,2041,2.685448,0,0,0.368,semantic_signed_mul_exact,exact signed low5 * signed high5 over 1024 inputs; source=signed_correction_wallace; flow=synth_preset_d13
ex261,ex261_smul_signed_correction_wallace_synth_preset_d18,signed low5_high5:a*b,signed_correction_wallace+synth_preset_d18,student/work/ex260_ex264_frontend_smul_struct_20260609_0223/ex261/verilog/ex261_smul_signed_correction_wallace.v,student/work/ex260_ex264_frontend_smul_struct_20260609_0223/ex261/aigs/ex261_smul_signed_correction_wallace_synth_preset_d18.aig,1,1,1,203,27,5481,2041,2.685448,0,0,0.364,semantic_signed_mul_exact,exact signed low5 * signed high5 over 1024 inputs; source=signed_correction_wallace; flow=synth_preset_d18
ex261,ex261_smul_signed_correction_csa_cla_abc_g_aig,signed low5_high5:a*b,signed_correction_csa_cla+abc_g_aig,student/work/ex260_ex264_frontend_smul_struct_20260609_0223/ex261/verilog/ex261_smul_signed_correction_csa_cla.v,student/work/ex260_ex264_frontend_smul_struct_20260609_0223/ex261/aigs/ex261_smul_signed_correction_csa_cla_abc_g_aig.aig,1,1,1,204,31,6324,2041,3.098481,0,0,0.290,semantic_signed_mul_exact,exact signed low5 * signed high5 over 1024 inputs; source=signed_correction_csa_cla; flow=abc_g_aig
ex261,ex261_smul_signed_correction_csa_cla_wreduce_abc_g_aig,signed low5_high5:a*b,signed_correction_csa_cla+wreduce_abc_g_aig,student/work/ex260_ex264_frontend_smul_struct_20260609_0223/ex261/verilog/ex261_smul_signed_correction_csa_cla.v,student/work/ex260_ex264_frontend_smul_struct_20260609_0223/ex261/aigs/ex261_smul_signed_correction_csa_cla_wreduce_abc_g_aig.aig,1,1,1,204,31,6324,2041,3.098481,0,0,0.291,semantic_signed_mul_exact,exact signed low5 * signed high5 over 1024 inputs; source=signed_correction_csa_cla; flow=wreduce_abc_g_aig
ex261,ex261_smul_signed_correction_csa_cla_arith_wreduce_aig,signed low5_high5:a*b,signed_correction_csa_cla+arith_wreduce_aig,student/work/ex260_ex264_frontend_smul_struct_20260609_0223/ex261/verilog/ex261_smul_signed_correction_csa_cla.v,student/work/ex260_ex264_frontend_smul_struct_20260609_0223/ex261/aigs/ex261_smul_signed_correction_csa_cla_arith_wreduce_aig.aig,1,1,1,203,29,5887,2041,2.884370,0,0,0.287,semantic_signed_mul_exact,exact signed low5 * signed high5 over 1024 inputs; source=signed_correction_csa_cla; flow=arith_wreduce_aig
ex261,ex261_smul_signed_correction_csa_cla_synth_preset_d13,signed low5_high5:a*b,signed_correction_csa_cla+synth_preset_d13,student/work/ex260_ex264_frontend_smul_struct_20260609_0223/ex261/verilog/ex261_smul_signed_correction_csa_cla.v,student/work/ex260_ex264_frontend_smul_struct_20260609_0223/ex261/aigs/ex261_smul_signed_correction_csa_cla_synth_preset_d13.aig,1,1,1,201,29,5829,2041,2.855953,0,0,0.374,semantic_signed_mul_exact,exact signed low5 * signed high5 over 1024 inputs; source=signed_correction_csa_cla; flow=synth_preset_d13
ex261,ex261_smul_signed_correction_csa_cla_synth_preset_d18,signed low5_high5:a*b,signed_correction_csa_cla+synth_preset_d18,student/work/ex260_ex264_frontend_smul_struct_20260609_0223/ex261/verilog/ex261_smul_signed_correction_csa_cla.v,student/work/ex260_ex264_frontend_smul_struct_20260609_0223/ex261/aigs/ex261_smul_signed_correction_csa_cla_synth_preset_d18.aig,1,1,1,201,29,5829,2041,2.855953,0,0,0.374,semantic_signed_mul_exact,exact signed low5 * signed high5 over 1024 inputs; source=signed_correction_csa_cla; flow=synth_preset_d18
ex261,ex261_smul_booth_radix4_signed_abc_g_aig,signed low5_high5:a*b,booth_radix4_signed+abc_g_aig,student/work/ex260_ex264_frontend_smul_struct_20260609_0223/ex261/verilog/ex261_smul_booth_radix4_signed.v,student/work/ex260_ex264_frontend_smul_struct_20260609_0223/ex261/aigs/ex261_smul_booth_radix4_signed_abc_g_aig.aig,1,0,0,,,,2041,,,,0.013,semantic_signed_mul_exact,SynthError: Yosys failed exit=1; see student/work/ex260_ex264_frontend_smul_struct_20260609_0223/ex261/logs/ex261_smul_booth_radix4_signed_abc_g_aig.yosys.log
ex261,ex261_smul_booth_radix4_signed_wreduce_abc_g_aig,signed low5_high5:a*b,booth_radix4_signed+wreduce_abc_g_aig,student/work/ex260_ex264_frontend_smul_struct_20260609_0223/ex261/verilog/ex261_smul_booth_radix4_signed.v,student/work/ex260_ex264_frontend_smul_struct_20260609_0223/ex261/aigs/ex261_smul_booth_radix4_signed_wreduce_abc_g_aig.aig,1,0,0,,,,2041,,,,0.011,semantic_signed_mul_exact,SynthError: Yosys failed exit=1; see student/work/ex260_ex264_frontend_smul_struct_20260609_0223/ex261/logs/ex261_smul_booth_radix4_signed_wreduce_abc_g_aig.yosys.log
ex261,ex261_smul_booth_radix4_signed_arith_wreduce_aig,signed low5_high5:a*b,booth_radix4_signed+arith_wreduce_aig,student/work/ex260_ex264_frontend_smul_struct_20260609_0223/ex261/verilog/ex261_smul_booth_radix4_signed.v,student/work/ex260_ex264_frontend_smul_struct_20260609_0223/ex261/aigs/ex261_smul_booth_radix4_signed_arith_wreduce_aig.aig,1,0,0,,,,2041,,,,0.013,semantic_signed_mul_exact,SynthError: Yosys failed exit=1; see student/work/ex260_ex264_frontend_smul_struct_20260609_0223/ex261/logs/ex261_smul_booth_radix4_signed_arith_wreduce_aig.yosys.log
ex261,ex261_smul_booth_radix4_signed_synth_preset_d13,signed low5_high5:a*b,booth_radix4_signed+synth_preset_d13,student/work/ex260_ex264_frontend_smul_struct_20260609_0223/ex261/verilog/ex261_smul_booth_radix4_signed.v,student/work/ex260_ex264_frontend_smul_struct_20260609_0223/ex261/aigs/ex261_smul_booth_radix4_signed_synth_preset_d13.aig,1,0,0,,,,2041,,,,0.013,semantic_signed_mul_exact,SynthError: Yosys failed exit=1; see student/work/ex260_ex264_frontend_smul_struct_20260609_0223/ex261/logs/ex261_smul_booth_radix4_signed_synth_preset_d13.yosys.log
ex261,ex261_smul_booth_radix4_signed_synth_preset_d18,signed low5_high5:a*b,booth_radix4_signed+synth_preset_d18,student/work/ex260_ex264_frontend_smul_struct_20260609_0223/ex261/verilog/ex261_smul_booth_radix4_signed.v,student/work/ex260_ex264_frontend_smul_struct_20260609_0223/ex261/aigs/ex261_smul_booth_radix4_signed_synth_preset_d18.aig,1,0,0,,,,2041,,,,0.010,semantic_signed_mul_exact,SynthError: Yosys failed exit=1; see student/work/ex260_ex264_frontend_smul_struct_20260609_0223/ex261/logs/ex261_smul_booth_radix4_signed_synth_preset_d18.yosys.log
ex261,ex261_smul_split_half_signed_abc_g_aig,signed low5_high5:a*b,split_half_signed+abc_g_aig,student/work/ex260_ex264_frontend_smul_struct_20260609_0223/ex261/verilog/ex261_smul_split_half_signed.v,student/work/ex260_ex264_frontend_smul_struct_20260609_0223/ex261/aigs/ex261_smul_split_half_signed_abc_g_aig.aig,1,1,1,176,24,4224,2041,2.069574,0,0,0.242,semantic_signed_mul_exact,exact signed low5 * signed high5 over 1024 inputs; source=split_half_signed; flow=abc_g_aig
ex261,ex261_smul_split_half_signed_wreduce_abc_g_aig,signed low5_high5:a*b,split_half_signed+wreduce_abc_g_aig,student/work/ex260_ex264_frontend_smul_struct_20260609_0223/ex261/verilog/ex261_smul_split_half_signed.v,student/work/ex260_ex264_frontend_smul_struct_20260609_0223/ex261/aigs/ex261_smul_split_half_signed_wreduce_abc_g_aig.aig,1,1,1,169,24,4056,2041,1.987261,0,0,0.251,semantic_signed_mul_exact,exact signed low5 * signed high5 over 1024 inputs; source=split_half_signed; flow=wreduce_abc_g_aig
ex261,ex261_smul_split_half_signed_arith_wreduce_aig,signed low5_high5:a*b,split_half_signed+arith_wreduce_aig,student/work/ex260_ex264_frontend_smul_struct_20260609_0223/ex261/verilog/ex261_smul_split_half_signed.v,student/work/ex260_ex264_frontend_smul_struct_20260609_0223/ex261/aigs/ex261_smul_split_half_signed_arith_wreduce_aig.aig,1,1,1,180,21,3780,2041,1.852033,0,0,0.243,semantic_signed_mul_exact,exact signed low5 * signed high5 over 1024 inputs; source=split_half_signed; flow=arith_wreduce_aig
ex261,ex261_smul_split_half_signed_synth_preset_d13,signed low5_high5:a*b,split_half_signed+synth_preset_d13,student/work/ex260_ex264_frontend_smul_struct_20260609_0223/ex261/verilog/ex261_smul_split_half_signed.v,student/work/ex260_ex264_frontend_smul_struct_20260609_0223/ex261/aigs/ex261_smul_split_half_signed_synth_preset_d13.aig,1,1,1,179,21,3759,2041,1.841744,0,0,0.291,semantic_signed_mul_exact,exact signed low5 * signed high5 over 1024 inputs; source=split_half_signed; flow=synth_preset_d13
ex261,ex261_smul_split_half_signed_synth_preset_d18,signed low5_high5:a*b,split_half_signed+synth_preset_d18,student/work/ex260_ex264_frontend_smul_struct_20260609_0223/ex261/verilog/ex261_smul_split_half_signed.v,student/work/ex260_ex264_frontend_smul_struct_20260609_0223/ex261/aigs/ex261_smul_split_half_signed_synth_preset_d18.aig,1,1,1,179,21,3759,2041,1.841744,0,0,0.296,semantic_signed_mul_exact,exact signed low5 * signed high5 over 1024 inputs; source=split_half_signed; flow=synth_preset_d18
ex261,ex261_smul_split_half_abs_abc_g_aig,signed low5_high5:a*b,split_half_abs+abc_g_aig,student/work/ex260_ex264_frontend_smul_struct_20260609_0223/ex261/verilog/ex261_smul_split_half_abs.v,student/work/ex260_ex264_frontend_smul_struct_20260609_0223/ex261/aigs/ex261_smul_split_half_abs_abc_g_aig.aig,1,1,1,178,30,5340,2041,2.616365,0,0,0.283,semantic_signed_mul_exact,exact signed low5 * signed high5 over 1024 inputs; source=split_half_abs; flow=abc_g_aig
ex261,ex261_smul_split_half_abs_wreduce_abc_g_aig,signed low5_high5:a*b,split_half_abs+wreduce_abc_g_aig,student/work/ex260_ex264_frontend_smul_struct_20260609_0223/ex261/verilog/ex261_smul_split_half_abs.v,student/work/ex260_ex264_frontend_smul_struct_20260609_0223/ex261/aigs/ex261_smul_split_half_abs_wreduce_abc_g_aig.aig,1,1,1,178,30,5340,2041,2.616365,0,0,0.301,semantic_signed_mul_exact,exact signed low5 * signed high5 over 1024 inputs; source=split_half_abs; flow=wreduce_abc_g_aig
ex261,ex261_smul_split_half_abs_arith_wreduce_aig,signed low5_high5:a*b,split_half_abs+arith_wreduce_aig,student/work/ex260_ex264_frontend_smul_struct_20260609_0223/ex261/verilog/ex261_smul_split_half_abs.v,student/work/ex260_ex264_frontend_smul_struct_20260609_0223/ex261/aigs/ex261_smul_split_half_abs_arith_wreduce_aig.aig,1,1,1,177,26,4602,2041,2.254777,0,0,0.279,semantic_signed_mul_exact,exact signed low5 * signed high5 over 1024 inputs; source=split_half_abs; flow=arith_wreduce_aig
ex261,ex261_smul_split_half_abs_synth_preset_d13,signed low5_high5:a*b,split_half_abs+synth_preset_d13,student/work/ex260_ex264_frontend_smul_struct_20260609_0223/ex261/verilog/ex261_smul_split_half_abs.v,student/work/ex260_ex264_frontend_smul_struct_20260609_0223/ex261/aigs/ex261_smul_split_half_abs_synth_preset_d13.aig,1,1,1,177,24,4248,2041,2.081333,0,0,0.347,semantic_signed_mul_exact,exact signed low5 * signed high5 over 1024 inputs; source=split_half_abs; flow=synth_preset_d13
ex261,ex261_smul_split_half_abs_synth_preset_d18,signed low5_high5:a*b,split_half_abs+synth_preset_d18,student/work/ex260_ex264_frontend_smul_struct_20260609_0223/ex261/verilog/ex261_smul_split_half_abs.v,student/work/ex260_ex264_frontend_smul_struct_20260609_0223/ex261/aigs/ex261_smul_split_half_abs_synth_preset_d18.aig,1,1,1,177,24,4248,2041,2.081333,0,0,0.346,semantic_signed_mul_exact,exact signed low5 * signed high5 over 1024 inputs; source=split_half_abs; flow=synth_preset_d18
ex261,ex261_smul_case_small_signed_abc_g_aig,signed low5_high5:a*b,case_small_signed+abc_g_aig,student/work/ex260_ex264_frontend_smul_struct_20260609_0223/ex261/verilog/ex261_smul_case_small_signed.v,student/work/ex260_ex264_frontend_smul_struct_20260609_0223/ex261/aigs/ex261_smul_case_small_signed_abc_g_aig.aig,1,1,1,586,16,9376,2041,4.593827,0,0,0.482,semantic_signed_mul_exact,exact signed low5 * signed high5 over 1024 inputs; source=case_small_signed; flow=abc_g_aig
ex261,ex261_smul_case_small_signed_wreduce_abc_g_aig,signed low5_high5:a*b,case_small_signed+wreduce_abc_g_aig,student/work/ex260_ex264_frontend_smul_struct_20260609_0223/ex261/verilog/ex261_smul_case_small_signed.v,student/work/ex260_ex264_frontend_smul_struct_20260609_0223/ex261/aigs/ex261_smul_case_small_signed_wreduce_abc_g_aig.aig,1,1,1,586,16,9376,2041,4.593827,0,0,0.487,semantic_signed_mul_exact,exact signed low5 * signed high5 over 1024 inputs; source=case_small_signed; flow=wreduce_abc_g_aig
ex261,ex261_smul_case_small_signed_arith_wreduce_aig,signed low5_high5:a*b,case_small_signed+arith_wreduce_aig,student/work/ex260_ex264_frontend_smul_struct_20260609_0223/ex261/verilog/ex261_smul_case_small_signed.v,student/work/ex260_ex264_frontend_smul_struct_20260609_0223/ex261/aigs/ex261_smul_case_small_signed_arith_wreduce_aig.aig,1,0,0,,,,2041,,,,0.067,semantic_signed_mul_exact,SynthError: Yosys failed exit=1; see student/work/ex260_ex264_frontend_smul_struct_20260609_0223/ex261/logs/ex261_smul_case_small_signed_arith_wreduce_aig.yosys.log
ex261,ex261_smul_case_small_signed_synth_preset_d13,signed low5_high5:a*b,case_small_signed+synth_preset_d13,student/work/ex260_ex264_frontend_smul_struct_20260609_0223/ex261/verilog/ex261_smul_case_small_signed.v,student/work/ex260_ex264_frontend_smul_struct_20260609_0223/ex261/aigs/ex261_smul_case_small_signed_synth_preset_d13.aig,1,1,1,589,15,8835,2041,4.328760,0,0,0.593,semantic_signed_mul_exact,exact signed low5 * signed high5 over 1024 inputs; source=case_small_signed; flow=synth_preset_d13
ex261,ex261_smul_case_small_signed_synth_preset_d18,signed low5_high5:a*b,case_small_signed+synth_preset_d18,student/work/ex260_ex264_frontend_smul_struct_20260609_0223/ex261/verilog/ex261_smul_case_small_signed.v,student/work/ex260_ex264_frontend_smul_struct_20260609_0223/ex261/aigs/ex261_smul_case_small_signed_synth_preset_d18.aig,1,1,1,589,15,8835,2041,4.328760,0,0,0.592,semantic_signed_mul_exact,exact signed low5 * signed high5 over 1024 inputs; source=case_small_signed; flow=synth_preset_d18
ex262,ex262_smul_direct_signed_abc_g_aig,signed low6_high6:a*b,direct_signed+abc_g_aig,student/work/ex260_ex264_frontend_smul_struct_20260609_0223/ex262/verilog/ex262_smul_direct_signed.v,student/work/ex260_ex264_frontend_smul_struct_20260609_0223/ex262/aigs/ex262_smul_direct_signed_abc_g_aig.aig,1,1,1,309,30,9270,4900,1.891837,0,0,0.264,semantic_signed_mul_exact,exact signed low6 * signed high6 over 4096 inputs; source=direct_signed; flow=abc_g_aig
ex262,ex262_smul_direct_signed_wreduce_abc_g_aig,signed low6_high6:a*b,direct_signed+wreduce_abc_g_aig,student/work/ex260_ex264_frontend_smul_struct_20260609_0223/ex262/verilog/ex262_smul_direct_signed.v,student/work/ex260_ex264_frontend_smul_struct_20260609_0223/ex262/aigs/ex262_smul_direct_signed_wreduce_abc_g_aig.aig,1,1,1,309,30,9270,4900,1.891837,0,0,0.264,semantic_signed_mul_exact,exact signed low6 * signed high6 over 4096 inputs; source=direct_signed; flow=wreduce_abc_g_aig
ex262,ex262_smul_direct_signed_arith_wreduce_aig,signed low6_high6:a*b,direct_signed+arith_wreduce_aig,student/work/ex260_ex264_frontend_smul_struct_20260609_0223/ex262/verilog/ex262_smul_direct_signed.v,student/work/ex260_ex264_frontend_smul_struct_20260609_0223/ex262/aigs/ex262_smul_direct_signed_arith_wreduce_aig.aig,1,1,1,309,30,9270,4900,1.891837,0,0,0.263,semantic_signed_mul_exact,exact signed low6 * signed high6 over 4096 inputs; source=direct_signed; flow=arith_wreduce_aig
ex262,ex262_smul_direct_signed_synth_preset_d13,signed low6_high6:a*b,direct_signed+synth_preset_d13,student/work/ex260_ex264_frontend_smul_struct_20260609_0223/ex262/verilog/ex262_smul_direct_signed.v,student/work/ex260_ex264_frontend_smul_struct_20260609_0223/ex262/aigs/ex262_smul_direct_signed_synth_preset_d13.aig,1,1,1,302,31,9362,4900,1.910612,0,0,0.331,semantic_signed_mul_exact,exact signed low6 * signed high6 over 4096 inputs; source=direct_signed; flow=synth_preset_d13
ex262,ex262_smul_direct_signed_synth_preset_d18,signed low6_high6:a*b,direct_signed+synth_preset_d18,student/work/ex260_ex264_frontend_smul_struct_20260609_0223/ex262/verilog/ex262_smul_direct_signed.v,student/work/ex260_ex264_frontend_smul_struct_20260609_0223/ex262/aigs/ex262_smul_direct_signed_synth_preset_d18.aig,1,1,1,302,31,9362,4900,1.910612,0,0,0.329,semantic_signed_mul_exact,exact signed low6 * signed high6 over 4096 inputs; source=direct_signed; flow=synth_preset_d18
ex262,ex262_smul_wide_signed_abc_g_aig,signed low6_high6:a*b,wide_signed+abc_g_aig,student/work/ex260_ex264_frontend_smul_struct_20260609_0223/ex262/verilog/ex262_smul_wide_signed.v,student/work/ex260_ex264_frontend_smul_struct_20260609_0223/ex262/aigs/ex262_smul_wide_signed_abc_g_aig.aig,1,0,0,,,,4900,,,,0.015,semantic_signed_mul_exact,SynthError: Yosys failed exit=1; see student/work/ex260_ex264_frontend_smul_struct_20260609_0223/ex262/logs/ex262_smul_wide_signed_abc_g_aig.yosys.log
ex262,ex262_smul_wide_signed_wreduce_abc_g_aig,signed low6_high6:a*b,wide_signed+wreduce_abc_g_aig,student/work/ex260_ex264_frontend_smul_struct_20260609_0223/ex262/verilog/ex262_smul_wide_signed.v,student/work/ex260_ex264_frontend_smul_struct_20260609_0223/ex262/aigs/ex262_smul_wide_signed_wreduce_abc_g_aig.aig,1,0,0,,,,4900,,,,0.011,semantic_signed_mul_exact,SynthError: Yosys failed exit=1; see student/work/ex260_ex264_frontend_smul_struct_20260609_0223/ex262/logs/ex262_smul_wide_signed_wreduce_abc_g_aig.yosys.log
ex262,ex262_smul_wide_signed_arith_wreduce_aig,signed low6_high6:a*b,wide_signed+arith_wreduce_aig,student/work/ex260_ex264_frontend_smul_struct_20260609_0223/ex262/verilog/ex262_smul_wide_signed.v,student/work/ex260_ex264_frontend_smul_struct_20260609_0223/ex262/aigs/ex262_smul_wide_signed_arith_wreduce_aig.aig,1,0,0,,,,4900,,,,0.012,semantic_signed_mul_exact,SynthError: Yosys failed exit=1; see student/work/ex260_ex264_frontend_smul_struct_20260609_0223/ex262/logs/ex262_smul_wide_signed_arith_wreduce_aig.yosys.log
ex262,ex262_smul_wide_signed_synth_preset_d13,signed low6_high6:a*b,wide_signed+synth_preset_d13,student/work/ex260_ex264_frontend_smul_struct_20260609_0223/ex262/verilog/ex262_smul_wide_signed.v,student/work/ex260_ex264_frontend_smul_struct_20260609_0223/ex262/aigs/ex262_smul_wide_signed_synth_preset_d13.aig,1,0,0,,,,4900,,,,0.010,semantic_signed_mul_exact,SynthError: Yosys failed exit=1; see student/work/ex260_ex264_frontend_smul_struct_20260609_0223/ex262/logs/ex262_smul_wide_signed_synth_preset_d13.yosys.log
ex262,ex262_smul_wide_signed_synth_preset_d18,signed low6_high6:a*b,wide_signed+synth_preset_d18,student/work/ex260_ex264_frontend_smul_struct_20260609_0223/ex262/verilog/ex262_smul_wide_signed.v,student/work/ex260_ex264_frontend_smul_struct_20260609_0223/ex262/aigs/ex262_smul_wide_signed_synth_preset_d18.aig,1,0,0,,,,4900,,,,0.011,semantic_signed_mul_exact,SynthError: Yosys failed exit=1; see student/work/ex260_ex264_frontend_smul_struct_20260609_0223/ex262/logs/ex262_smul_wide_signed_synth_preset_d18.yosys.log
ex262,ex262_smul_abs_sign_direct_abc_g_aig,signed low6_high6:a*b,abs_sign_direct+abc_g_aig,student/work/ex260_ex264_frontend_smul_struct_20260609_0223/ex262/verilog/ex262_smul_abs_sign_direct.v,student/work/ex260_ex264_frontend_smul_struct_20260609_0223/ex262/aigs/ex262_smul_abs_sign_direct_abc_g_aig.aig,1,1,1,273,32,8736,4900,1.782857,0,0,0.329,semantic_signed_mul_exact,exact signed low6 * signed high6 over 4096 inputs; source=abs_sign_direct; flow=abc_g_aig
ex262,ex262_smul_abs_sign_direct_wreduce_abc_g_aig,signed low6_high6:a*b,abs_sign_direct+wreduce_abc_g_aig,student/work/ex260_ex264_frontend_smul_struct_20260609_0223/ex262/verilog/ex262_smul_abs_sign_direct.v,student/work/ex260_ex264_frontend_smul_struct_20260609_0223/ex262/aigs/ex262_smul_abs_sign_direct_wreduce_abc_g_aig.aig,1,1,1,273,32,8736,4900,1.782857,0,0,0.326,semantic_signed_mul_exact,exact signed low6 * signed high6 over 4096 inputs; source=abs_sign_direct; flow=wreduce_abc_g_aig
ex262,ex262_smul_abs_sign_direct_arith_wreduce_aig,signed low6_high6:a*b,abs_sign_direct+arith_wreduce_aig,student/work/ex260_ex264_frontend_smul_struct_20260609_0223/ex262/verilog/ex262_smul_abs_sign_direct.v,student/work/ex260_ex264_frontend_smul_struct_20260609_0223/ex262/aigs/ex262_smul_abs_sign_direct_arith_wreduce_aig.aig,1,1,1,273,32,8736,4900,1.782857,0,0,0.334,semantic_signed_mul_exact,exact signed low6 * signed high6 over 4096 inputs; source=abs_sign_direct; flow=arith_wreduce_aig
ex262,ex262_smul_abs_sign_direct_synth_preset_d13,signed low6_high6:a*b,abs_sign_direct+synth_preset_d13,student/work/ex260_ex264_frontend_smul_struct_20260609_0223/ex262/verilog/ex262_smul_abs_sign_direct.v,student/work/ex260_ex264_frontend_smul_struct_20260609_0223/ex262/aigs/ex262_smul_abs_sign_direct_synth_preset_d13.aig,1,1,1,273,32,8736,4900,1.782857,0,0,0.405,semantic_signed_mul_exact,exact signed low6 * signed high6 over 4096 inputs; source=abs_sign_direct; flow=synth_preset_d13
ex262,ex262_smul_abs_sign_direct_synth_preset_d18,signed low6_high6:a*b,abs_sign_direct+synth_preset_d18,student/work/ex260_ex264_frontend_smul_struct_20260609_0223/ex262/verilog/ex262_smul_abs_sign_direct.v,student/work/ex260_ex264_frontend_smul_struct_20260609_0223/ex262/aigs/ex262_smul_abs_sign_direct_synth_preset_d18.aig,1,1,1,273,32,8736,4900,1.782857,0,0,0.395,semantic_signed_mul_exact,exact signed low6 * signed high6 over 4096 inputs; source=abs_sign_direct; flow=synth_preset_d18
ex262,ex262_smul_abs_sign_wallace_abc_g_aig,signed low6_high6:a*b,abs_sign_wallace+abc_g_aig,student/work/ex260_ex264_frontend_smul_struct_20260609_0223/ex262/verilog/ex262_smul_abs_sign_wallace.v,student/work/ex260_ex264_frontend_smul_struct_20260609_0223/ex262/aigs/ex262_smul_abs_sign_wallace_abc_g_aig.aig,1,1,1,278,30,8340,4900,1.702041,0,0,0.334,semantic_signed_mul_exact,exact signed low6 * signed high6 over 4096 inputs; source=abs_sign_wallace; flow=abc_g_aig
ex262,ex262_smul_abs_sign_wallace_wreduce_abc_g_aig,signed low6_high6:a*b,abs_sign_wallace+wreduce_abc_g_aig,student/work/ex260_ex264_frontend_smul_struct_20260609_0223/ex262/verilog/ex262_smul_abs_sign_wallace.v,student/work/ex260_ex264_frontend_smul_struct_20260609_0223/ex262/aigs/ex262_smul_abs_sign_wallace_wreduce_abc_g_aig.aig,1,1,1,278,30,8340,4900,1.702041,0,0,0.345,semantic_signed_mul_exact,exact signed low6 * signed high6 over 4096 inputs; source=abs_sign_wallace; flow=wreduce_abc_g_aig
ex262,ex262_smul_abs_sign_wallace_arith_wreduce_aig,signed low6_high6:a*b,abs_sign_wallace+arith_wreduce_aig,student/work/ex260_ex264_frontend_smul_struct_20260609_0223/ex262/verilog/ex262_smul_abs_sign_wallace.v,student/work/ex260_ex264_frontend_smul_struct_20260609_0223/ex262/aigs/ex262_smul_abs_sign_wallace_arith_wreduce_aig.aig,1,1,1,278,30,8340,4900,1.702041,0,0,0.344,semantic_signed_mul_exact,exact signed low6 * signed high6 over 4096 inputs; source=abs_sign_wallace; flow=arith_wreduce_aig
ex262,ex262_smul_abs_sign_wallace_synth_preset_d13,signed low6_high6:a*b,abs_sign_wallace+synth_preset_d13,student/work/ex260_ex264_frontend_smul_struct_20260609_0223/ex262/verilog/ex262_smul_abs_sign_wallace.v,student/work/ex260_ex264_frontend_smul_struct_20260609_0223/ex262/aigs/ex262_smul_abs_sign_wallace_synth_preset_d13.aig,1,1,1,277,30,8310,4900,1.695918,0,0,0.434,semantic_signed_mul_exact,exact signed low6 * signed high6 over 4096 inputs; source=abs_sign_wallace; flow=synth_preset_d13
ex262,ex262_smul_abs_sign_wallace_synth_preset_d18,signed low6_high6:a*b,abs_sign_wallace+synth_preset_d18,student/work/ex260_ex264_frontend_smul_struct_20260609_0223/ex262/verilog/ex262_smul_abs_sign_wallace.v,student/work/ex260_ex264_frontend_smul_struct_20260609_0223/ex262/aigs/ex262_smul_abs_sign_wallace_synth_preset_d18.aig,1,1,1,277,30,8310,4900,1.695918,0,0,0.439,semantic_signed_mul_exact,exact signed low6 * signed high6 over 4096 inputs; source=abs_sign_wallace; flow=synth_preset_d18
ex262,ex262_smul_signed_correction_direct_abc_g_aig,signed low6_high6:a*b,signed_correction_direct+abc_g_aig,student/work/ex260_ex264_frontend_smul_struct_20260609_0223/ex262/verilog/ex262_smul_signed_correction_direct.v,student/work/ex260_ex264_frontend_smul_struct_20260609_0223/ex262/aigs/ex262_smul_signed_correction_direct_abc_g_aig.aig,1,1,1,294,38,11172,4900,2.280000,0,0,0.323,semantic_signed_mul_exact,exact signed low6 * signed high6 over 4096 inputs; source=signed_correction_direct; flow=abc_g_aig
ex262,ex262_smul_signed_correction_direct_wreduce_abc_g_aig,signed low6_high6:a*b,signed_correction_direct+wreduce_abc_g_aig,student/work/ex260_ex264_frontend_smul_struct_20260609_0223/ex262/verilog/ex262_smul_signed_correction_direct.v,student/work/ex260_ex264_frontend_smul_struct_20260609_0223/ex262/aigs/ex262_smul_signed_correction_direct_wreduce_abc_g_aig.aig,1,1,1,294,38,11172,4900,2.280000,0,0,0.332,semantic_signed_mul_exact,exact signed low6 * signed high6 over 4096 inputs; source=signed_correction_direct; flow=wreduce_abc_g_aig
ex262,ex262_smul_signed_correction_direct_arith_wreduce_aig,signed low6_high6:a*b,signed_correction_direct+arith_wreduce_aig,student/work/ex260_ex264_frontend_smul_struct_20260609_0223/ex262/verilog/ex262_smul_signed_correction_direct.v,student/work/ex260_ex264_frontend_smul_struct_20260609_0223/ex262/aigs/ex262_smul_signed_correction_direct_arith_wreduce_aig.aig,1,1,1,321,29,9309,4900,1.899796,0,0,0.297,semantic_signed_mul_exact,exact signed low6 * signed high6 over 4096 inputs; source=signed_correction_direct; flow=arith_wreduce_aig
ex262,ex262_smul_signed_correction_direct_synth_preset_d13,signed low6_high6:a*b,signed_correction_direct+synth_preset_d13,student/work/ex260_ex264_frontend_smul_struct_20260609_0223/ex262/verilog/ex262_smul_signed_correction_direct.v,student/work/ex260_ex264_frontend_smul_struct_20260609_0223/ex262/aigs/ex262_smul_signed_correction_direct_synth_preset_d13.aig,1,1,1,323,29,9367,4900,1.911633,0,0,0.364,semantic_signed_mul_exact,exact signed low6 * signed high6 over 4096 inputs; source=signed_correction_direct; flow=synth_preset_d13
ex262,ex262_smul_signed_correction_direct_synth_preset_d18,signed low6_high6:a*b,signed_correction_direct+synth_preset_d18,student/work/ex260_ex264_frontend_smul_struct_20260609_0223/ex262/verilog/ex262_smul_signed_correction_direct.v,student/work/ex260_ex264_frontend_smul_struct_20260609_0223/ex262/aigs/ex262_smul_signed_correction_direct_synth_preset_d18.aig,1,1,1,323,29,9367,4900,1.911633,0,0,0.366,semantic_signed_mul_exact,exact signed low6 * signed high6 over 4096 inputs; source=signed_correction_direct; flow=synth_preset_d18
ex262,ex262_smul_signed_correction_wallace_abc_g_aig,signed low6_high6:a*b,signed_correction_wallace+abc_g_aig,student/work/ex260_ex264_frontend_smul_struct_20260609_0223/ex262/verilog/ex262_smul_signed_correction_wallace.v,student/work/ex260_ex264_frontend_smul_struct_20260609_0223/ex262/aigs/ex262_smul_signed_correction_wallace_abc_g_aig.aig,1,1,1,307,35,10745,4900,2.192857,0,0,0.350,semantic_signed_mul_exact,exact signed low6 * signed high6 over 4096 inputs; source=signed_correction_wallace; flow=abc_g_aig
ex262,ex262_smul_signed_correction_wallace_wreduce_abc_g_aig,signed low6_high6:a*b,signed_correction_wallace+wreduce_abc_g_aig,student/work/ex260_ex264_frontend_smul_struct_20260609_0223/ex262/verilog/ex262_smul_signed_correction_wallace.v,student/work/ex260_ex264_frontend_smul_struct_20260609_0223/ex262/aigs/ex262_smul_signed_correction_wallace_wreduce_abc_g_aig.aig,1,1,1,307,35,10745,4900,2.192857,0,0,0.364,semantic_signed_mul_exact,exact signed low6 * signed high6 over 4096 inputs; source=signed_correction_wallace; flow=wreduce_abc_g_aig
ex262,ex262_smul_signed_correction_wallace_arith_wreduce_aig,signed low6_high6:a*b,signed_correction_wallace+arith_wreduce_aig,student/work/ex260_ex264_frontend_smul_struct_20260609_0223/ex262/verilog/ex262_smul_signed_correction_wallace.v,student/work/ex260_ex264_frontend_smul_struct_20260609_0223/ex262/aigs/ex262_smul_signed_correction_wallace_arith_wreduce_aig.aig,1,1,1,302,33,9966,4900,2.033878,0,0,0.355,semantic_signed_mul_exact,exact signed low6 * signed high6 over 4096 inputs; source=signed_correction_wallace; flow=arith_wreduce_aig
ex262,ex262_smul_signed_correction_wallace_synth_preset_d13,signed low6_high6:a*b,signed_correction_wallace+synth_preset_d13,student/work/ex260_ex264_frontend_smul_struct_20260609_0223/ex262/verilog/ex262_smul_signed_correction_wallace.v,student/work/ex260_ex264_frontend_smul_struct_20260609_0223/ex262/aigs/ex262_smul_signed_correction_wallace_synth_preset_d13.aig,1,1,1,301,32,9632,4900,1.965714,0,0,0.471,semantic_signed_mul_exact,exact signed low6 * signed high6 over 4096 inputs; source=signed_correction_wallace; flow=synth_preset_d13
ex262,ex262_smul_signed_correction_wallace_synth_preset_d18,signed low6_high6:a*b,signed_correction_wallace+synth_preset_d18,student/work/ex260_ex264_frontend_smul_struct_20260609_0223/ex262/verilog/ex262_smul_signed_correction_wallace.v,student/work/ex260_ex264_frontend_smul_struct_20260609_0223/ex262/aigs/ex262_smul_signed_correction_wallace_synth_preset_d18.aig,1,1,1,301,32,9632,4900,1.965714,0,0,0.474,semantic_signed_mul_exact,exact signed low6 * signed high6 over 4096 inputs; source=signed_correction_wallace; flow=synth_preset_d18
ex262,ex262_smul_signed_correction_csa_cla_abc_g_aig,signed low6_high6:a*b,signed_correction_csa_cla+abc_g_aig,student/work/ex260_ex264_frontend_smul_struct_20260609_0223/ex262/verilog/ex262_smul_signed_correction_csa_cla.v,student/work/ex260_ex264_frontend_smul_struct_20260609_0223/ex262/aigs/ex262_smul_signed_correction_csa_cla_abc_g_aig.aig,1,1,1,303,34,10302,4900,2.102449,0,0,0.342,semantic_signed_mul_exact,exact signed low6 * signed high6 over 4096 inputs; source=signed_correction_csa_cla; flow=abc_g_aig
ex262,ex262_smul_signed_correction_csa_cla_wreduce_abc_g_aig,signed low6_high6:a*b,signed_correction_csa_cla+wreduce_abc_g_aig,student/work/ex260_ex264_frontend_smul_struct_20260609_0223/ex262/verilog/ex262_smul_signed_correction_csa_cla.v,student/work/ex260_ex264_frontend_smul_struct_20260609_0223/ex262/aigs/ex262_smul_signed_correction_csa_cla_wreduce_abc_g_aig.aig,1,1,1,300,33,9900,4900,2.020408,0,0,0.359,semantic_signed_mul_exact,exact signed low6 * signed high6 over 4096 inputs; source=signed_correction_csa_cla; flow=wreduce_abc_g_aig
ex262,ex262_smul_signed_correction_csa_cla_arith_wreduce_aig,signed low6_high6:a*b,signed_correction_csa_cla+arith_wreduce_aig,student/work/ex260_ex264_frontend_smul_struct_20260609_0223/ex262/verilog/ex262_smul_signed_correction_csa_cla.v,student/work/ex260_ex264_frontend_smul_struct_20260609_0223/ex262/aigs/ex262_smul_signed_correction_csa_cla_arith_wreduce_aig.aig,1,1,1,300,33,9900,4900,2.020408,0,0,0.341,semantic_signed_mul_exact,exact signed low6 * signed high6 over 4096 inputs; source=signed_correction_csa_cla; flow=arith_wreduce_aig
ex262,ex262_smul_signed_correction_csa_cla_synth_preset_d13,signed low6_high6:a*b,signed_correction_csa_cla+synth_preset_d13,student/work/ex260_ex264_frontend_smul_struct_20260609_0223/ex262/verilog/ex262_smul_signed_correction_csa_cla.v,student/work/ex260_ex264_frontend_smul_struct_20260609_0223/ex262/aigs/ex262_smul_signed_correction_csa_cla_synth_preset_d13.aig,1,1,1,299,32,9568,4900,1.952653,0,0,0.430,semantic_signed_mul_exact,exact signed low6 * signed high6 over 4096 inputs; source=signed_correction_csa_cla; flow=synth_preset_d13
ex262,ex262_smul_signed_correction_csa_cla_synth_preset_d18,signed low6_high6:a*b,signed_correction_csa_cla+synth_preset_d18,student/work/ex260_ex264_frontend_smul_struct_20260609_0223/ex262/verilog/ex262_smul_signed_correction_csa_cla.v,student/work/ex260_ex264_frontend_smul_struct_20260609_0223/ex262/aigs/ex262_smul_signed_correction_csa_cla_synth_preset_d18.aig,1,1,1,299,32,9568,4900,1.952653,0,0,0.431,semantic_signed_mul_exact,exact signed low6 * signed high6 over 4096 inputs; source=signed_correction_csa_cla; flow=synth_preset_d18
ex262,ex262_smul_booth_radix4_signed_abc_g_aig,signed low6_high6:a*b,booth_radix4_signed+abc_g_aig,student/work/ex260_ex264_frontend_smul_struct_20260609_0223/ex262/verilog/ex262_smul_booth_radix4_signed.v,student/work/ex260_ex264_frontend_smul_struct_20260609_0223/ex262/aigs/ex262_smul_booth_radix4_signed_abc_g_aig.aig,1,0,0,,,,4900,,,,0.014,semantic_signed_mul_exact,SynthError: Yosys failed exit=1; see student/work/ex260_ex264_frontend_smul_struct_20260609_0223/ex262/logs/ex262_smul_booth_radix4_signed_abc_g_aig.yosys.log
ex262,ex262_smul_booth_radix4_signed_wreduce_abc_g_aig,signed low6_high6:a*b,booth_radix4_signed+wreduce_abc_g_aig,student/work/ex260_ex264_frontend_smul_struct_20260609_0223/ex262/verilog/ex262_smul_booth_radix4_signed.v,student/work/ex260_ex264_frontend_smul_struct_20260609_0223/ex262/aigs/ex262_smul_booth_radix4_signed_wreduce_abc_g_aig.aig,1,0,0,,,,4900,,,,0.014,semantic_signed_mul_exact,SynthError: Yosys failed exit=1; see student/work/ex260_ex264_frontend_smul_struct_20260609_0223/ex262/logs/ex262_smul_booth_radix4_signed_wreduce_abc_g_aig.yosys.log
ex262,ex262_smul_booth_radix4_signed_arith_wreduce_aig,signed low6_high6:a*b,booth_radix4_signed+arith_wreduce_aig,student/work/ex260_ex264_frontend_smul_struct_20260609_0223/ex262/verilog/ex262_smul_booth_radix4_signed.v,student/work/ex260_ex264_frontend_smul_struct_20260609_0223/ex262/aigs/ex262_smul_booth_radix4_signed_arith_wreduce_aig.aig,1,0,0,,,,4900,,,,0.012,semantic_signed_mul_exact,SynthError: Yosys failed exit=1; see student/work/ex260_ex264_frontend_smul_struct_20260609_0223/ex262/logs/ex262_smul_booth_radix4_signed_arith_wreduce_aig.yosys.log
ex262,ex262_smul_booth_radix4_signed_synth_preset_d13,signed low6_high6:a*b,booth_radix4_signed+synth_preset_d13,student/work/ex260_ex264_frontend_smul_struct_20260609_0223/ex262/verilog/ex262_smul_booth_radix4_signed.v,student/work/ex260_ex264_frontend_smul_struct_20260609_0223/ex262/aigs/ex262_smul_booth_radix4_signed_synth_preset_d13.aig,1,0,0,,,,4900,,,,0.011,semantic_signed_mul_exact,SynthError: Yosys failed exit=1; see student/work/ex260_ex264_frontend_smul_struct_20260609_0223/ex262/logs/ex262_smul_booth_radix4_signed_synth_preset_d13.yosys.log
ex262,ex262_smul_booth_radix4_signed_synth_preset_d18,signed low6_high6:a*b,booth_radix4_signed+synth_preset_d18,student/work/ex260_ex264_frontend_smul_struct_20260609_0223/ex262/verilog/ex262_smul_booth_radix4_signed.v,student/work/ex260_ex264_frontend_smul_struct_20260609_0223/ex262/aigs/ex262_smul_booth_radix4_signed_synth_preset_d18.aig,1,0,0,,,,4900,,,,0.010,semantic_signed_mul_exact,SynthError: Yosys failed exit=1; see student/work/ex260_ex264_frontend_smul_struct_20260609_0223/ex262/logs/ex262_smul_booth_radix4_signed_synth_preset_d18.yosys.log
ex262,ex262_smul_split_half_signed_abc_g_aig,signed low6_high6:a*b,split_half_signed+abc_g_aig,student/work/ex260_ex264_frontend_smul_struct_20260609_0223/ex262/verilog/ex262_smul_split_half_signed.v,student/work/ex260_ex264_frontend_smul_struct_20260609_0223/ex262/aigs/ex262_smul_split_half_signed_abc_g_aig.aig,1,1,1,262,35,9170,4900,1.871429,0,0,0.311,semantic_signed_mul_exact,exact signed low6 * signed high6 over 4096 inputs; source=split_half_signed; flow=abc_g_aig
ex262,ex262_smul_split_half_signed_wreduce_abc_g_aig,signed low6_high6:a*b,split_half_signed+wreduce_abc_g_aig,student/work/ex260_ex264_frontend_smul_struct_20260609_0223/ex262/verilog/ex262_smul_split_half_signed.v,student/work/ex260_ex264_frontend_smul_struct_20260609_0223/ex262/aigs/ex262_smul_split_half_signed_wreduce_abc_g_aig.aig,1,1,1,260,35,9100,4900,1.857143,0,0,0.295,semantic_signed_mul_exact,exact signed low6 * signed high6 over 4096 inputs; source=split_half_signed; flow=wreduce_abc_g_aig
ex262,ex262_smul_split_half_signed_arith_wreduce_aig,signed low6_high6:a*b,split_half_signed+arith_wreduce_aig,student/work/ex260_ex264_frontend_smul_struct_20260609_0223/ex262/verilog/ex262_smul_split_half_signed.v,student/work/ex260_ex264_frontend_smul_struct_20260609_0223/ex262/aigs/ex262_smul_split_half_signed_arith_wreduce_aig.aig,1,1,1,265,29,7685,4900,1.568367,0,0,0.276,semantic_signed_mul_exact,exact signed low6 * signed high6 over 4096 inputs; source=split_half_signed; flow=arith_wreduce_aig
ex262,ex262_smul_split_half_signed_synth_preset_d13,signed low6_high6:a*b,split_half_signed+synth_preset_d13,student/work/ex260_ex264_frontend_smul_struct_20260609_0223/ex262/verilog/ex262_smul_split_half_signed.v,student/work/ex260_ex264_frontend_smul_struct_20260609_0223/ex262/aigs/ex262_smul_split_half_signed_synth_preset_d13.aig,1,1,1,265,29,7685,4900,1.568367,0,0,0.340,semantic_signed_mul_exact,exact signed low6 * signed high6 over 4096 inputs; source=split_half_signed; flow=synth_preset_d13
ex262,ex262_smul_split_half_signed_synth_preset_d18,signed low6_high6:a*b,split_half_signed+synth_preset_d18,student/work/ex260_ex264_frontend_smul_struct_20260609_0223/ex262/verilog/ex262_smul_split_half_signed.v,student/work/ex260_ex264_frontend_smul_struct_20260609_0223/ex262/aigs/ex262_smul_split_half_signed_synth_preset_d18.aig,1,1,1,265,29,7685,4900,1.568367,0,0,0.341,semantic_signed_mul_exact,exact signed low6 * signed high6 over 4096 inputs; source=split_half_signed; flow=synth_preset_d18
ex262,ex262_smul_split_half_abs_abc_g_aig,signed low6_high6:a*b,split_half_abs+abc_g_aig,student/work/ex260_ex264_frontend_smul_struct_20260609_0223/ex262/verilog/ex262_smul_split_half_abs.v,student/work/ex260_ex264_frontend_smul_struct_20260609_0223/ex262/aigs/ex262_smul_split_half_abs_abc_g_aig.aig,1,1,1,263,39,10257,4900,2.093265,0,0,0.349,semantic_signed_mul_exact,exact signed low6 * signed high6 over 4096 inputs; source=split_half_abs; flow=abc_g_aig
ex262,ex262_smul_split_half_abs_wreduce_abc_g_aig,signed low6_high6:a*b,split_half_abs+wreduce_abc_g_aig,student/work/ex260_ex264_frontend_smul_struct_20260609_0223/ex262/verilog/ex262_smul_split_half_abs.v,student/work/ex260_ex264_frontend_smul_struct_20260609_0223/ex262/aigs/ex262_smul_split_half_abs_wreduce_abc_g_aig.aig,1,1,1,263,39,10257,4900,2.093265,0,0,0.362,semantic_signed_mul_exact,exact signed low6 * signed high6 over 4096 inputs; source=split_half_abs; flow=wreduce_abc_g_aig
ex262,ex262_smul_split_half_abs_arith_wreduce_aig,signed low6_high6:a*b,split_half_abs+arith_wreduce_aig,student/work/ex260_ex264_frontend_smul_struct_20260609_0223/ex262/verilog/ex262_smul_split_half_abs.v,student/work/ex260_ex264_frontend_smul_struct_20260609_0223/ex262/aigs/ex262_smul_split_half_abs_arith_wreduce_aig.aig,1,1,1,275,32,8800,4900,1.795918,0,0,0.346,semantic_signed_mul_exact,exact signed low6 * signed high6 over 4096 inputs; source=split_half_abs; flow=arith_wreduce_aig
ex262,ex262_smul_split_half_abs_synth_preset_d13,signed low6_high6:a*b,split_half_abs+synth_preset_d13,student/work/ex260_ex264_frontend_smul_struct_20260609_0223/ex262/verilog/ex262_smul_split_half_abs.v,student/work/ex260_ex264_frontend_smul_struct_20260609_0223/ex262/aigs/ex262_smul_split_half_abs_synth_preset_d13.aig,1,1,1,276,32,8832,4900,1.802449,0,0,0.430,semantic_signed_mul_exact,exact signed low6 * signed high6 over 4096 inputs; source=split_half_abs; flow=synth_preset_d13
ex262,ex262_smul_split_half_abs_synth_preset_d18,signed low6_high6:a*b,split_half_abs+synth_preset_d18,student/work/ex260_ex264_frontend_smul_struct_20260609_0223/ex262/verilog/ex262_smul_split_half_abs.v,student/work/ex260_ex264_frontend_smul_struct_20260609_0223/ex262/aigs/ex262_smul_split_half_abs_synth_preset_d18.aig,1,1,1,276,32,8832,4900,1.802449,0,0,0.429,semantic_signed_mul_exact,exact signed low6 * signed high6 over 4096 inputs; source=split_half_abs; flow=synth_preset_d18
ex263,ex263_smul_direct_signed_abc_g_aig,signed low7_high7:a*b,direct_signed+abc_g_aig,student/work/ex260_ex264_frontend_smul_struct_20260609_0223/ex263/verilog/ex263_smul_direct_signed.v,student/work/ex260_ex264_frontend_smul_struct_20260609_0223/ex263/aigs/ex263_smul_direct_signed_abc_g_aig.aig,1,1,1,442,33,14586,6840,2.132456,0,0,0.457,semantic_signed_mul_exact,exact signed low7 * signed high7 over 16384 inputs; source=direct_signed; flow=abc_g_aig
ex263,ex263_smul_direct_signed_wreduce_abc_g_aig,signed low7_high7:a*b,direct_signed+wreduce_abc_g_aig,student/work/ex260_ex264_frontend_smul_struct_20260609_0223/ex263/verilog/ex263_smul_direct_signed.v,student/work/ex260_ex264_frontend_smul_struct_20260609_0223/ex263/aigs/ex263_smul_direct_signed_wreduce_abc_g_aig.aig,1,1,1,442,33,14586,6840,2.132456,0,0,0.457,semantic_signed_mul_exact,exact signed low7 * signed high7 over 16384 inputs; source=direct_signed; flow=wreduce_abc_g_aig
ex263,ex263_smul_direct_signed_arith_wreduce_aig,signed low7_high7:a*b,direct_signed+arith_wreduce_aig,student/work/ex260_ex264_frontend_smul_struct_20260609_0223/ex263/verilog/ex263_smul_direct_signed.v,student/work/ex260_ex264_frontend_smul_struct_20260609_0223/ex263/aigs/ex263_smul_direct_signed_arith_wreduce_aig.aig,1,1,1,442,33,14586,6840,2.132456,0,0,0.459,semantic_signed_mul_exact,exact signed low7 * signed high7 over 16384 inputs; source=direct_signed; flow=arith_wreduce_aig
ex263,ex263_smul_direct_signed_synth_preset_d13,signed low7_high7:a*b,direct_signed+synth_preset_d13,student/work/ex260_ex264_frontend_smul_struct_20260609_0223/ex263/verilog/ex263_smul_direct_signed.v,student/work/ex260_ex264_frontend_smul_struct_20260609_0223/ex263/aigs/ex263_smul_direct_signed_synth_preset_d13.aig,1,1,1,442,33,14586,6840,2.132456,0,0,0.580,semantic_signed_mul_exact,exact signed low7 * signed high7 over 16384 inputs; source=direct_signed; flow=synth_preset_d13
ex263,ex263_smul_direct_signed_synth_preset_d18,signed low7_high7:a*b,direct_signed+synth_preset_d18,student/work/ex260_ex264_frontend_smul_struct_20260609_0223/ex263/verilog/ex263_smul_direct_signed.v,student/work/ex260_ex264_frontend_smul_struct_20260609_0223/ex263/aigs/ex263_smul_direct_signed_synth_preset_d18.aig,1,1,1,442,33,14586,6840,2.132456,0,0,0.578,semantic_signed_mul_exact,exact signed low7 * signed high7 over 16384 inputs; source=direct_signed; flow=synth_preset_d18
ex263,ex263_smul_wide_signed_abc_g_aig,signed low7_high7:a*b,wide_signed+abc_g_aig,student/work/ex260_ex264_frontend_smul_struct_20260609_0223/ex263/verilog/ex263_smul_wide_signed.v,student/work/ex260_ex264_frontend_smul_struct_20260609_0223/ex263/aigs/ex263_smul_wide_signed_abc_g_aig.aig,1,0,0,,,,6840,,,,0.013,semantic_signed_mul_exact,SynthError: Yosys failed exit=1; see student/work/ex260_ex264_frontend_smul_struct_20260609_0223/ex263/logs/ex263_smul_wide_signed_abc_g_aig.yosys.log
ex263,ex263_smul_wide_signed_wreduce_abc_g_aig,signed low7_high7:a*b,wide_signed+wreduce_abc_g_aig,student/work/ex260_ex264_frontend_smul_struct_20260609_0223/ex263/verilog/ex263_smul_wide_signed.v,student/work/ex260_ex264_frontend_smul_struct_20260609_0223/ex263/aigs/ex263_smul_wide_signed_wreduce_abc_g_aig.aig,1,0,0,,,,6840,,,,0.027,semantic_signed_mul_exact,SynthError: Yosys failed exit=1; see student/work/ex260_ex264_frontend_smul_struct_20260609_0223/ex263/logs/ex263_smul_wide_signed_wreduce_abc_g_aig.yosys.log
ex263,ex263_smul_wide_signed_arith_wreduce_aig,signed low7_high7:a*b,wide_signed+arith_wreduce_aig,student/work/ex260_ex264_frontend_smul_struct_20260609_0223/ex263/verilog/ex263_smul_wide_signed.v,student/work/ex260_ex264_frontend_smul_struct_20260609_0223/ex263/aigs/ex263_smul_wide_signed_arith_wreduce_aig.aig,1,0,0,,,,6840,,,,0.022,semantic_signed_mul_exact,SynthError: Yosys failed exit=1; see student/work/ex260_ex264_frontend_smul_struct_20260609_0223/ex263/logs/ex263_smul_wide_signed_arith_wreduce_aig.yosys.log
ex263,ex263_smul_wide_signed_synth_preset_d13,signed low7_high7:a*b,wide_signed+synth_preset_d13,student/work/ex260_ex264_frontend_smul_struct_20260609_0223/ex263/verilog/ex263_smul_wide_signed.v,student/work/ex260_ex264_frontend_smul_struct_20260609_0223/ex263/aigs/ex263_smul_wide_signed_synth_preset_d13.aig,1,0,0,,,,6840,,,,0.011,semantic_signed_mul_exact,SynthError: Yosys failed exit=1; see student/work/ex260_ex264_frontend_smul_struct_20260609_0223/ex263/logs/ex263_smul_wide_signed_synth_preset_d13.yosys.log
ex263,ex263_smul_wide_signed_synth_preset_d18,signed low7_high7:a*b,wide_signed+synth_preset_d18,student/work/ex260_ex264_frontend_smul_struct_20260609_0223/ex263/verilog/ex263_smul_wide_signed.v,student/work/ex260_ex264_frontend_smul_struct_20260609_0223/ex263/aigs/ex263_smul_wide_signed_synth_preset_d18.aig,1,0,0,,,,6840,,,,0.010,semantic_signed_mul_exact,SynthError: Yosys failed exit=1; see student/work/ex260_ex264_frontend_smul_struct_20260609_0223/ex263/logs/ex263_smul_wide_signed_synth_preset_d18.yosys.log
ex263,ex263_smul_abs_sign_direct_abc_g_aig,signed low7_high7:a*b,abs_sign_direct+abc_g_aig,student/work/ex260_ex264_frontend_smul_struct_20260609_0223/ex263/verilog/ex263_smul_abs_sign_direct.v,student/work/ex260_ex264_frontend_smul_struct_20260609_0223/ex263/aigs/ex263_smul_abs_sign_direct_abc_g_aig.aig,1,1,1,391,38,14858,6840,2.172222,0,0,0.501,semantic_signed_mul_exact,exact signed low7 * signed high7 over 16384 inputs; source=abs_sign_direct; flow=abc_g_aig
ex263,ex263_smul_abs_sign_direct_wreduce_abc_g_aig,signed low7_high7:a*b,abs_sign_direct+wreduce_abc_g_aig,student/work/ex260_ex264_frontend_smul_struct_20260609_0223/ex263/verilog/ex263_smul_abs_sign_direct.v,student/work/ex260_ex264_frontend_smul_struct_20260609_0223/ex263/aigs/ex263_smul_abs_sign_direct_wreduce_abc_g_aig.aig,1,1,1,391,38,14858,6840,2.172222,0,0,0.504,semantic_signed_mul_exact,exact signed low7 * signed high7 over 16384 inputs; source=abs_sign_direct; flow=wreduce_abc_g_aig
ex263,ex263_smul_abs_sign_direct_arith_wreduce_aig,signed low7_high7:a*b,abs_sign_direct+arith_wreduce_aig,student/work/ex260_ex264_frontend_smul_struct_20260609_0223/ex263/verilog/ex263_smul_abs_sign_direct.v,student/work/ex260_ex264_frontend_smul_struct_20260609_0223/ex263/aigs/ex263_smul_abs_sign_direct_arith_wreduce_aig.aig,1,1,1,391,38,14858,6840,2.172222,0,0,0.506,semantic_signed_mul_exact,exact signed low7 * signed high7 over 16384 inputs; source=abs_sign_direct; flow=arith_wreduce_aig
ex263,ex263_smul_abs_sign_direct_synth_preset_d13,signed low7_high7:a*b,abs_sign_direct+synth_preset_d13,student/work/ex260_ex264_frontend_smul_struct_20260609_0223/ex263/verilog/ex263_smul_abs_sign_direct.v,student/work/ex260_ex264_frontend_smul_struct_20260609_0223/ex263/aigs/ex263_smul_abs_sign_direct_synth_preset_d13.aig,1,1,1,387,38,14706,6840,2.150000,0,0,0.603,semantic_signed_mul_exact,exact signed low7 * signed high7 over 16384 inputs; source=abs_sign_direct; flow=synth_preset_d13
ex263,ex263_smul_abs_sign_direct_synth_preset_d18,signed low7_high7:a*b,abs_sign_direct+synth_preset_d18,student/work/ex260_ex264_frontend_smul_struct_20260609_0223/ex263/verilog/ex263_smul_abs_sign_direct.v,student/work/ex260_ex264_frontend_smul_struct_20260609_0223/ex263/aigs/ex263_smul_abs_sign_direct_synth_preset_d18.aig,1,1,1,387,38,14706,6840,2.150000,0,0,0.605,semantic_signed_mul_exact,exact signed low7 * signed high7 over 16384 inputs; source=abs_sign_direct; flow=synth_preset_d18
ex263,ex263_smul_abs_sign_wallace_abc_g_aig,signed low7_high7:a*b,abs_sign_wallace+abc_g_aig,student/work/ex260_ex264_frontend_smul_struct_20260609_0223/ex263/verilog/ex263_smul_abs_sign_wallace.v,student/work/ex260_ex264_frontend_smul_struct_20260609_0223/ex263/aigs/ex263_smul_abs_sign_wallace_abc_g_aig.aig,1,1,1,391,33,12903,6840,1.886404,0,0,0.558,semantic_signed_mul_exact,exact signed low7 * signed high7 over 16384 inputs; source=abs_sign_wallace; flow=abc_g_aig
ex263,ex263_smul_abs_sign_wallace_wreduce_abc_g_aig,signed low7_high7:a*b,abs_sign_wallace+wreduce_abc_g_aig,student/work/ex260_ex264_frontend_smul_struct_20260609_0223/ex263/verilog/ex263_smul_abs_sign_wallace.v,student/work/ex260_ex264_frontend_smul_struct_20260609_0223/ex263/aigs/ex263_smul_abs_sign_wallace_wreduce_abc_g_aig.aig,1,1,1,391,33,12903,6840,1.886404,0,0,0.568,semantic_signed_mul_exact,exact signed low7 * signed high7 over 16384 inputs; source=abs_sign_wallace; flow=wreduce_abc_g_aig
ex263,ex263_smul_abs_sign_wallace_arith_wreduce_aig,signed low7_high7:a*b,abs_sign_wallace+arith_wreduce_aig,student/work/ex260_ex264_frontend_smul_struct_20260609_0223/ex263/verilog/ex263_smul_abs_sign_wallace.v,student/work/ex260_ex264_frontend_smul_struct_20260609_0223/ex263/aigs/ex263_smul_abs_sign_wallace_arith_wreduce_aig.aig,1,1,1,391,33,12903,6840,1.886404,0,0,0.569,semantic_signed_mul_exact,exact signed low7 * signed high7 over 16384 inputs; source=abs_sign_wallace; flow=arith_wreduce_aig
ex263,ex263_smul_abs_sign_wallace_synth_preset_d13,signed low7_high7:a*b,abs_sign_wallace+synth_preset_d13,student/work/ex260_ex264_frontend_smul_struct_20260609_0223/ex263/verilog/ex263_smul_abs_sign_wallace.v,student/work/ex260_ex264_frontend_smul_struct_20260609_0223/ex263/aigs/ex263_smul_abs_sign_wallace_synth_preset_d13.aig,1,1,1,391,33,12903,6840,1.886404,0,0,0.683,semantic_signed_mul_exact,exact signed low7 * signed high7 over 16384 inputs; source=abs_sign_wallace; flow=synth_preset_d13
ex263,ex263_smul_abs_sign_wallace_synth_preset_d18,signed low7_high7:a*b,abs_sign_wallace+synth_preset_d18,student/work/ex260_ex264_frontend_smul_struct_20260609_0223/ex263/verilog/ex263_smul_abs_sign_wallace.v,student/work/ex260_ex264_frontend_smul_struct_20260609_0223/ex263/aigs/ex263_smul_abs_sign_wallace_synth_preset_d18.aig,1,1,1,391,33,12903,6840,1.886404,0,0,0.682,semantic_signed_mul_exact,exact signed low7 * signed high7 over 16384 inputs; source=abs_sign_wallace; flow=synth_preset_d18
ex263,ex263_smul_signed_correction_direct_abc_g_aig,signed low7_high7:a*b,signed_correction_direct+abc_g_aig,student/work/ex260_ex264_frontend_smul_struct_20260609_0223/ex263/verilog/ex263_smul_signed_correction_direct.v,student/work/ex260_ex264_frontend_smul_struct_20260609_0223/ex263/aigs/ex263_smul_signed_correction_direct_abc_g_aig.aig,1,1,1,418,42,17556,6840,2.566667,0,0,0.513,semantic_signed_mul_exact,exact signed low7 * signed high7 over 16384 inputs; source=signed_correction_direct; flow=abc_g_aig
ex263,ex263_smul_signed_correction_direct_wreduce_abc_g_aig,signed low7_high7:a*b,signed_correction_direct+wreduce_abc_g_aig,student/work/ex260_ex264_frontend_smul_struct_20260609_0223/ex263/verilog/ex263_smul_signed_correction_direct.v,student/work/ex260_ex264_frontend_smul_struct_20260609_0223/ex263/aigs/ex263_smul_signed_correction_direct_wreduce_abc_g_aig.aig,1,1,1,418,42,17556,6840,2.566667,0,0,0.543,semantic_signed_mul_exact,exact signed low7 * signed high7 over 16384 inputs; source=signed_correction_direct; flow=wreduce_abc_g_aig
ex263,ex263_smul_signed_correction_direct_arith_wreduce_aig,signed low7_high7:a*b,signed_correction_direct+arith_wreduce_aig,student/work/ex260_ex264_frontend_smul_struct_20260609_0223/ex263/verilog/ex263_smul_signed_correction_direct.v,student/work/ex260_ex264_frontend_smul_struct_20260609_0223/ex263/aigs/ex263_smul_signed_correction_direct_arith_wreduce_aig.aig,1,1,1,426,33,14058,6840,2.055263,0,0,0.494,semantic_signed_mul_exact,exact signed low7 * signed high7 over 16384 inputs; source=signed_correction_direct; flow=arith_wreduce_aig
ex263,ex263_smul_signed_correction_direct_synth_preset_d13,signed low7_high7:a*b,signed_correction_direct+synth_preset_d13,student/work/ex260_ex264_frontend_smul_struct_20260609_0223/ex263/verilog/ex263_smul_signed_correction_direct.v,student/work/ex260_ex264_frontend_smul_struct_20260609_0223/ex263/aigs/ex263_smul_signed_correction_direct_synth_preset_d13.aig,1,1,1,428,33,14124,6840,2.064912,0,0,0.557,semantic_signed_mul_exact,exact signed low7 * signed high7 over 16384 inputs; source=signed_correction_direct; flow=synth_preset_d13
ex263,ex263_smul_signed_correction_direct_synth_preset_d18,signed low7_high7:a*b,signed_correction_direct+synth_preset_d18,student/work/ex260_ex264_frontend_smul_struct_20260609_0223/ex263/verilog/ex263_smul_signed_correction_direct.v,student/work/ex260_ex264_frontend_smul_struct_20260609_0223/ex263/aigs/ex263_smul_signed_correction_direct_synth_preset_d18.aig,1,1,1,428,33,14124,6840,2.064912,0,0,0.594,semantic_signed_mul_exact,exact signed low7 * signed high7 over 16384 inputs; source=signed_correction_direct; flow=synth_preset_d18
ex263,ex263_smul_signed_correction_wallace_abc_g_aig,signed low7_high7:a*b,signed_correction_wallace+abc_g_aig,student/work/ex260_ex264_frontend_smul_struct_20260609_0223/ex263/verilog/ex263_smul_signed_correction_wallace.v,student/work/ex260_ex264_frontend_smul_struct_20260609_0223/ex263/aigs/ex263_smul_signed_correction_wallace_abc_g_aig.aig,1,1,1,425,39,16575,6840,2.423246,0,0,0.566,semantic_signed_mul_exact,exact signed low7 * signed high7 over 16384 inputs; source=signed_correction_wallace; flow=abc_g_aig
ex263,ex263_smul_signed_correction_wallace_wreduce_abc_g_aig,signed low7_high7:a*b,signed_correction_wallace+wreduce_abc_g_aig,student/work/ex260_ex264_frontend_smul_struct_20260609_0223/ex263/verilog/ex263_smul_signed_correction_wallace.v,student/work/ex260_ex264_frontend_smul_struct_20260609_0223/ex263/aigs/ex263_smul_signed_correction_wallace_wreduce_abc_g_aig.aig,1,1,1,425,39,16575,6840,2.423246,0,0,0.569,semantic_signed_mul_exact,exact signed low7 * signed high7 over 16384 inputs; source=signed_correction_wallace; flow=wreduce_abc_g_aig
ex263,ex263_smul_signed_correction_wallace_arith_wreduce_aig,signed low7_high7:a*b,signed_correction_wallace+arith_wreduce_aig,student/work/ex260_ex264_frontend_smul_struct_20260609_0223/ex263/verilog/ex263_smul_signed_correction_wallace.v,student/work/ex260_ex264_frontend_smul_struct_20260609_0223/ex263/aigs/ex263_smul_signed_correction_wallace_arith_wreduce_aig.aig,1,1,1,422,37,15614,6840,2.282749,0,0,0.554,semantic_signed_mul_exact,exact signed low7 * signed high7 over 16384 inputs; source=signed_correction_wallace; flow=arith_wreduce_aig
ex263,ex263_smul_signed_correction_wallace_synth_preset_d13,signed low7_high7:a*b,signed_correction_wallace+synth_preset_d13,student/work/ex260_ex264_frontend_smul_struct_20260609_0223/ex263/verilog/ex263_smul_signed_correction_wallace.v,student/work/ex260_ex264_frontend_smul_struct_20260609_0223/ex263/aigs/ex263_smul_signed_correction_wallace_synth_preset_d13.aig,1,1,1,420,37,15540,6840,2.271930,0,0,0.688,semantic_signed_mul_exact,exact signed low7 * signed high7 over 16384 inputs; source=signed_correction_wallace; flow=synth_preset_d13
ex263,ex263_smul_signed_correction_wallace_synth_preset_d18,signed low7_high7:a*b,signed_correction_wallace+synth_preset_d18,student/work/ex260_ex264_frontend_smul_struct_20260609_0223/ex263/verilog/ex263_smul_signed_correction_wallace.v,student/work/ex260_ex264_frontend_smul_struct_20260609_0223/ex263/aigs/ex263_smul_signed_correction_wallace_synth_preset_d18.aig,1,1,1,420,37,15540,6840,2.271930,0,0,0.689,semantic_signed_mul_exact,exact signed low7 * signed high7 over 16384 inputs; source=signed_correction_wallace; flow=synth_preset_d18
ex263,ex263_smul_signed_correction_csa_cla_abc_g_aig,signed low7_high7:a*b,signed_correction_csa_cla+abc_g_aig,student/work/ex260_ex264_frontend_smul_struct_20260609_0223/ex263/verilog/ex263_smul_signed_correction_csa_cla.v,student/work/ex260_ex264_frontend_smul_struct_20260609_0223/ex263/aigs/ex263_smul_signed_correction_csa_cla_abc_g_aig.aig,1,1,1,423,38,16074,6840,2.350000,0,0,0.550,semantic_signed_mul_exact,exact signed low7 * signed high7 over 16384 inputs; source=signed_correction_csa_cla; flow=abc_g_aig
ex263,ex263_smul_signed_correction_csa_cla_wreduce_abc_g_aig,signed low7_high7:a*b,signed_correction_csa_cla+wreduce_abc_g_aig,student/work/ex260_ex264_frontend_smul_struct_20260609_0223/ex263/verilog/ex263_smul_signed_correction_csa_cla.v,student/work/ex260_ex264_frontend_smul_struct_20260609_0223/ex263/aigs/ex263_smul_signed_correction_csa_cla_wreduce_abc_g_aig.aig,1,1,1,423,38,16074,6840,2.350000,0,0,0.561,semantic_signed_mul_exact,exact signed low7 * signed high7 over 16384 inputs; source=signed_correction_csa_cla; flow=wreduce_abc_g_aig
ex263,ex263_smul_signed_correction_csa_cla_arith_wreduce_aig,signed low7_high7:a*b,signed_correction_csa_cla+arith_wreduce_aig,student/work/ex260_ex264_frontend_smul_struct_20260609_0223/ex263/verilog/ex263_smul_signed_correction_csa_cla.v,student/work/ex260_ex264_frontend_smul_struct_20260609_0223/ex263/aigs/ex263_smul_signed_correction_csa_cla_arith_wreduce_aig.aig,1,1,1,428,37,15836,6840,2.315205,0,0,0.603,semantic_signed_mul_exact,exact signed low7 * signed high7 over 16384 inputs; source=signed_correction_csa_cla; flow=arith_wreduce_aig
ex263,ex263_smul_signed_correction_csa_cla_synth_preset_d13,signed low7_high7:a*b,signed_correction_csa_cla+synth_preset_d13,student/work/ex260_ex264_frontend_smul_struct_20260609_0223/ex263/verilog/ex263_smul_signed_correction_csa_cla.v,student/work/ex260_ex264_frontend_smul_struct_20260609_0223/ex263/aigs/ex263_smul_signed_correction_csa_cla_synth_preset_d13.aig,1,1,1,421,36,15156,6840,2.215789,0,0,0.686,semantic_signed_mul_exact,exact signed low7 * signed high7 over 16384 inputs; source=signed_correction_csa_cla; flow=synth_preset_d13
ex263,ex263_smul_signed_correction_csa_cla_synth_preset_d18,signed low7_high7:a*b,signed_correction_csa_cla+synth_preset_d18,student/work/ex260_ex264_frontend_smul_struct_20260609_0223/ex263/verilog/ex263_smul_signed_correction_csa_cla.v,student/work/ex260_ex264_frontend_smul_struct_20260609_0223/ex263/aigs/ex263_smul_signed_correction_csa_cla_synth_preset_d18.aig,1,1,1,421,36,15156,6840,2.215789,0,0,0.701,semantic_signed_mul_exact,exact signed low7 * signed high7 over 16384 inputs; source=signed_correction_csa_cla; flow=synth_preset_d18
ex263,ex263_smul_booth_radix4_signed_abc_g_aig,signed low7_high7:a*b,booth_radix4_signed+abc_g_aig,student/work/ex260_ex264_frontend_smul_struct_20260609_0223/ex263/verilog/ex263_smul_booth_radix4_signed.v,student/work/ex260_ex264_frontend_smul_struct_20260609_0223/ex263/aigs/ex263_smul_booth_radix4_signed_abc_g_aig.aig,1,0,0,,,,6840,,,,0.022,semantic_signed_mul_exact,SynthError: Yosys failed exit=1; see student/work/ex260_ex264_frontend_smul_struct_20260609_0223/ex263/logs/ex263_smul_booth_radix4_signed_abc_g_aig.yosys.log
ex263,ex263_smul_booth_radix4_signed_wreduce_abc_g_aig,signed low7_high7:a*b,booth_radix4_signed+wreduce_abc_g_aig,student/work/ex260_ex264_frontend_smul_struct_20260609_0223/ex263/verilog/ex263_smul_booth_radix4_signed.v,student/work/ex260_ex264_frontend_smul_struct_20260609_0223/ex263/aigs/ex263_smul_booth_radix4_signed_wreduce_abc_g_aig.aig,1,0,0,,,,6840,,,,0.011,semantic_signed_mul_exact,SynthError: Yosys failed exit=1; see student/work/ex260_ex264_frontend_smul_struct_20260609_0223/ex263/logs/ex263_smul_booth_radix4_signed_wreduce_abc_g_aig.yosys.log
ex263,ex263_smul_booth_radix4_signed_arith_wreduce_aig,signed low7_high7:a*b,booth_radix4_signed+arith_wreduce_aig,student/work/ex260_ex264_frontend_smul_struct_20260609_0223/ex263/verilog/ex263_smul_booth_radix4_signed.v,student/work/ex260_ex264_frontend_smul_struct_20260609_0223/ex263/aigs/ex263_smul_booth_radix4_signed_arith_wreduce_aig.aig,1,0,0,,,,6840,,,,0.011,semantic_signed_mul_exact,SynthError: Yosys failed exit=1; see student/work/ex260_ex264_frontend_smul_struct_20260609_0223/ex263/logs/ex263_smul_booth_radix4_signed_arith_wreduce_aig.yosys.log
ex263,ex263_smul_booth_radix4_signed_synth_preset_d13,signed low7_high7:a*b,booth_radix4_signed+synth_preset_d13,student/work/ex260_ex264_frontend_smul_struct_20260609_0223/ex263/verilog/ex263_smul_booth_radix4_signed.v,student/work/ex260_ex264_frontend_smul_struct_20260609_0223/ex263/aigs/ex263_smul_booth_radix4_signed_synth_preset_d13.aig,1,0,0,,,,6840,,,,0.011,semantic_signed_mul_exact,SynthError: Yosys failed exit=1; see student/work/ex260_ex264_frontend_smul_struct_20260609_0223/ex263/logs/ex263_smul_booth_radix4_signed_synth_preset_d13.yosys.log
ex263,ex263_smul_booth_radix4_signed_synth_preset_d18,signed low7_high7:a*b,booth_radix4_signed+synth_preset_d18,student/work/ex260_ex264_frontend_smul_struct_20260609_0223/ex263/verilog/ex263_smul_booth_radix4_signed.v,student/work/ex260_ex264_frontend_smul_struct_20260609_0223/ex263/aigs/ex263_smul_booth_radix4_signed_synth_preset_d18.aig,1,0,0,,,,6840,,,,0.011,semantic_signed_mul_exact,SynthError: Yosys failed exit=1; see student/work/ex260_ex264_frontend_smul_struct_20260609_0223/ex263/logs/ex263_smul_booth_radix4_signed_synth_preset_d18.yosys.log
ex263,ex263_smul_split_half_signed_abc_g_aig,signed low7_high7:a*b,split_half_signed+abc_g_aig,student/work/ex260_ex264_frontend_smul_struct_20260609_0223/ex263/verilog/ex263_smul_split_half_signed.v,student/work/ex260_ex264_frontend_smul_struct_20260609_0223/ex263/aigs/ex263_smul_split_half_signed_abc_g_aig.aig,1,1,1,396,38,15048,6840,2.200000,0,0,0.502,semantic_signed_mul_exact,exact signed low7 * signed high7 over 16384 inputs; source=split_half_signed; flow=abc_g_aig
ex263,ex263_smul_split_half_signed_wreduce_abc_g_aig,signed low7_high7:a*b,split_half_signed+wreduce_abc_g_aig,student/work/ex260_ex264_frontend_smul_struct_20260609_0223/ex263/verilog/ex263_smul_split_half_signed.v,student/work/ex260_ex264_frontend_smul_struct_20260609_0223/ex263/aigs/ex263_smul_split_half_signed_wreduce_abc_g_aig.aig,1,1,1,402,38,15276,6840,2.233333,0,0,0.509,semantic_signed_mul_exact,exact signed low7 * signed high7 over 16384 inputs; source=split_half_signed; flow=wreduce_abc_g_aig
ex263,ex263_smul_split_half_signed_arith_wreduce_aig,signed low7_high7:a*b,split_half_signed+arith_wreduce_aig,student/work/ex260_ex264_frontend_smul_struct_20260609_0223/ex263/verilog/ex263_smul_split_half_signed.v,student/work/ex260_ex264_frontend_smul_struct_20260609_0223/ex263/aigs/ex263_smul_split_half_signed_arith_wreduce_aig.aig,1,1,1,407,33,13431,6840,1.963596,0,0,0.478,semantic_signed_mul_exact,exact signed low7 * signed high7 over 16384 inputs; source=split_half_signed; flow=arith_wreduce_aig
ex263,ex263_smul_split_half_signed_synth_preset_d13,signed low7_high7:a*b,split_half_signed+synth_preset_d13,student/work/ex260_ex264_frontend_smul_struct_20260609_0223/ex263/verilog/ex263_smul_split_half_signed.v,student/work/ex260_ex264_frontend_smul_struct_20260609_0223/ex263/aigs/ex263_smul_split_half_signed_synth_preset_d13.aig,1,1,1,404,33,13332,6840,1.949123,0,0,0.587,semantic_signed_mul_exact,exact signed low7 * signed high7 over 16384 inputs; source=split_half_signed; flow=synth_preset_d13
ex263,ex263_smul_split_half_signed_synth_preset_d18,signed low7_high7:a*b,split_half_signed+synth_preset_d18,student/work/ex260_ex264_frontend_smul_struct_20260609_0223/ex263/verilog/ex263_smul_split_half_signed.v,student/work/ex260_ex264_frontend_smul_struct_20260609_0223/ex263/aigs/ex263_smul_split_half_signed_synth_preset_d18.aig,1,1,1,404,33,13332,6840,1.949123,0,0,0.581,semantic_signed_mul_exact,exact signed low7 * signed high7 over 16384 inputs; source=split_half_signed; flow=synth_preset_d18
ex263,ex263_smul_split_half_abs_abc_g_aig,signed low7_high7:a*b,split_half_abs+abc_g_aig,student/work/ex260_ex264_frontend_smul_struct_20260609_0223/ex263/verilog/ex263_smul_split_half_abs.v,student/work/ex260_ex264_frontend_smul_struct_20260609_0223/ex263/aigs/ex263_smul_split_half_abs_abc_g_aig.aig,1,1,1,382,43,16426,6840,2.401462,0,0,0.562,semantic_signed_mul_exact,exact signed low7 * signed high7 over 16384 inputs; source=split_half_abs; flow=abc_g_aig
ex263,ex263_smul_split_half_abs_wreduce_abc_g_aig,signed low7_high7:a*b,split_half_abs+wreduce_abc_g_aig,student/work/ex260_ex264_frontend_smul_struct_20260609_0223/ex263/verilog/ex263_smul_split_half_abs.v,student/work/ex260_ex264_frontend_smul_struct_20260609_0223/ex263/aigs/ex263_smul_split_half_abs_wreduce_abc_g_aig.aig,1,1,1,382,43,16426,6840,2.401462,0,0,0.543,semantic_signed_mul_exact,exact signed low7 * signed high7 over 16384 inputs; source=split_half_abs; flow=wreduce_abc_g_aig
ex263,ex263_smul_split_half_abs_arith_wreduce_aig,signed low7_high7:a*b,split_half_abs+arith_wreduce_aig,student/work/ex260_ex264_frontend_smul_struct_20260609_0223/ex263/verilog/ex263_smul_split_half_abs.v,student/work/ex260_ex264_frontend_smul_struct_20260609_0223/ex263/aigs/ex263_smul_split_half_abs_arith_wreduce_aig.aig,1,1,1,388,37,14356,6840,2.098830,0,0,0.519,semantic_signed_mul_exact,exact signed low7 * signed high7 over 16384 inputs; source=split_half_abs; flow=arith_wreduce_aig
ex263,ex263_smul_split_half_abs_synth_preset_d13,signed low7_high7:a*b,split_half_abs+synth_preset_d13,student/work/ex260_ex264_frontend_smul_struct_20260609_0223/ex263/verilog/ex263_smul_split_half_abs.v,student/work/ex260_ex264_frontend_smul_struct_20260609_0223/ex263/aigs/ex263_smul_split_half_abs_synth_preset_d13.aig,1,1,1,388,37,14356,6840,2.098830,0,0,0.631,semantic_signed_mul_exact,exact signed low7 * signed high7 over 16384 inputs; source=split_half_abs; flow=synth_preset_d13
ex263,ex263_smul_split_half_abs_synth_preset_d18,signed low7_high7:a*b,split_half_abs+synth_preset_d18,student/work/ex260_ex264_frontend_smul_struct_20260609_0223/ex263/verilog/ex263_smul_split_half_abs.v,student/work/ex260_ex264_frontend_smul_struct_20260609_0223/ex263/aigs/ex263_smul_split_half_abs_synth_preset_d18.aig,1,1,1,388,37,14356,6840,2.098830,0,0,0.638,semantic_signed_mul_exact,exact signed low7 * signed high7 over 16384 inputs; source=split_half_abs; flow=synth_preset_d18
ex264,ex264_smul_direct_signed_abc_g_aig,signed low8_high8:a*b,direct_signed+abc_g_aig,student/work/ex260_ex264_frontend_smul_struct_20260609_0223/ex264/verilog/ex264_smul_direct_signed.v,student/work/ex260_ex264_frontend_smul_struct_20260609_0223/ex264/aigs/ex264_smul_direct_signed_abc_g_aig.aig,1,1,1,553,35,19355,9724,1.990436,0,0,1.825,semantic_signed_mul_exact,exact signed low8 * signed high8 over 65536 inputs; source=direct_signed; flow=abc_g_aig
ex264,ex264_smul_direct_signed_wreduce_abc_g_aig,signed low8_high8:a*b,direct_signed+wreduce_abc_g_aig,student/work/ex260_ex264_frontend_smul_struct_20260609_0223/ex264/verilog/ex264_smul_direct_signed.v,student/work/ex260_ex264_frontend_smul_struct_20260609_0223/ex264/aigs/ex264_smul_direct_signed_wreduce_abc_g_aig.aig,1,1,1,553,35,19355,9724,1.990436,0,0,1.793,semantic_signed_mul_exact,exact signed low8 * signed high8 over 65536 inputs; source=direct_signed; flow=wreduce_abc_g_aig
ex264,ex264_smul_direct_signed_arith_wreduce_aig,signed low8_high8:a*b,direct_signed+arith_wreduce_aig,student/work/ex260_ex264_frontend_smul_struct_20260609_0223/ex264/verilog/ex264_smul_direct_signed.v,student/work/ex260_ex264_frontend_smul_struct_20260609_0223/ex264/aigs/ex264_smul_direct_signed_arith_wreduce_aig.aig,1,1,1,553,35,19355,9724,1.990436,0,0,1.829,semantic_signed_mul_exact,exact signed low8 * signed high8 over 65536 inputs; source=direct_signed; flow=arith_wreduce_aig
ex264,ex264_smul_direct_signed_synth_preset_d13,signed low8_high8:a*b,direct_signed+synth_preset_d13,student/work/ex260_ex264_frontend_smul_struct_20260609_0223/ex264/verilog/ex264_smul_direct_signed.v,student/work/ex260_ex264_frontend_smul_struct_20260609_0223/ex264/aigs/ex264_smul_direct_signed_synth_preset_d13.aig,1,1,1,553,35,19355,9724,1.990436,0,0,1.971,semantic_signed_mul_exact,exact signed low8 * signed high8 over 65536 inputs; source=direct_signed; flow=synth_preset_d13
ex264,ex264_smul_direct_signed_synth_preset_d18,signed low8_high8:a*b,direct_signed+synth_preset_d18,student/work/ex260_ex264_frontend_smul_struct_20260609_0223/ex264/verilog/ex264_smul_direct_signed.v,student/work/ex260_ex264_frontend_smul_struct_20260609_0223/ex264/aigs/ex264_smul_direct_signed_synth_preset_d18.aig,1,1,1,553,35,19355,9724,1.990436,0,0,1.949,semantic_signed_mul_exact,exact signed low8 * signed high8 over 65536 inputs; source=direct_signed; flow=synth_preset_d18
ex264,ex264_smul_wide_signed_abc_g_aig,signed low8_high8:a*b,wide_signed+abc_g_aig,student/work/ex260_ex264_frontend_smul_struct_20260609_0223/ex264/verilog/ex264_smul_wide_signed.v,student/work/ex260_ex264_frontend_smul_struct_20260609_0223/ex264/aigs/ex264_smul_wide_signed_abc_g_aig.aig,1,0,0,,,,9724,,,,0.012,semantic_signed_mul_exact,SynthError: Yosys failed exit=1; see student/work/ex260_ex264_frontend_smul_struct_20260609_0223/ex264/logs/ex264_smul_wide_signed_abc_g_aig.yosys.log
ex264,ex264_smul_wide_signed_wreduce_abc_g_aig,signed low8_high8:a*b,wide_signed+wreduce_abc_g_aig,student/work/ex260_ex264_frontend_smul_struct_20260609_0223/ex264/verilog/ex264_smul_wide_signed.v,student/work/ex260_ex264_frontend_smul_struct_20260609_0223/ex264/aigs/ex264_smul_wide_signed_wreduce_abc_g_aig.aig,1,0,0,,,,9724,,,,0.013,semantic_signed_mul_exact,SynthError: Yosys failed exit=1; see student/work/ex260_ex264_frontend_smul_struct_20260609_0223/ex264/logs/ex264_smul_wide_signed_wreduce_abc_g_aig.yosys.log
ex264,ex264_smul_wide_signed_arith_wreduce_aig,signed low8_high8:a*b,wide_signed+arith_wreduce_aig,student/work/ex260_ex264_frontend_smul_struct_20260609_0223/ex264/verilog/ex264_smul_wide_signed.v,student/work/ex260_ex264_frontend_smul_struct_20260609_0223/ex264/aigs/ex264_smul_wide_signed_arith_wreduce_aig.aig,1,0,0,,,,9724,,,,0.012,semantic_signed_mul_exact,SynthError: Yosys failed exit=1; see student/work/ex260_ex264_frontend_smul_struct_20260609_0223/ex264/logs/ex264_smul_wide_signed_arith_wreduce_aig.yosys.log
ex264,ex264_smul_wide_signed_synth_preset_d13,signed low8_high8:a*b,wide_signed+synth_preset_d13,student/work/ex260_ex264_frontend_smul_struct_20260609_0223/ex264/verilog/ex264_smul_wide_signed.v,student/work/ex260_ex264_frontend_smul_struct_20260609_0223/ex264/aigs/ex264_smul_wide_signed_synth_preset_d13.aig,1,0,0,,,,9724,,,,0.011,semantic_signed_mul_exact,SynthError: Yosys failed exit=1; see student/work/ex260_ex264_frontend_smul_struct_20260609_0223/ex264/logs/ex264_smul_wide_signed_synth_preset_d13.yosys.log
ex264,ex264_smul_wide_signed_synth_preset_d18,signed low8_high8:a*b,wide_signed+synth_preset_d18,student/work/ex260_ex264_frontend_smul_struct_20260609_0223/ex264/verilog/ex264_smul_wide_signed.v,student/work/ex260_ex264_frontend_smul_struct_20260609_0223/ex264/aigs/ex264_smul_wide_signed_synth_preset_d18.aig,1,0,0,,,,9724,,,,0.010,semantic_signed_mul_exact,SynthError: Yosys failed exit=1; see student/work/ex260_ex264_frontend_smul_struct_20260609_0223/ex264/logs/ex264_smul_wide_signed_synth_preset_d18.yosys.log
ex264,ex264_smul_abs_sign_direct_abc_g_aig,signed low8_high8:a*b,abs_sign_direct+abc_g_aig,student/work/ex260_ex264_frontend_smul_struct_20260609_0223/ex264/verilog/ex264_smul_abs_sign_direct.v,student/work/ex260_ex264_frontend_smul_struct_20260609_0223/ex264/aigs/ex264_smul_abs_sign_direct_abc_g_aig.aig,1,1,1,517,43,22231,9724,2.286199,0,0,1.891,semantic_signed_mul_exact,exact signed low8 * signed high8 over 65536 inputs; source=abs_sign_direct; flow=abc_g_aig
ex264,ex264_smul_abs_sign_direct_wreduce_abc_g_aig,signed low8_high8:a*b,abs_sign_direct+wreduce_abc_g_aig,student/work/ex260_ex264_frontend_smul_struct_20260609_0223/ex264/verilog/ex264_smul_abs_sign_direct.v,student/work/ex260_ex264_frontend_smul_struct_20260609_0223/ex264/aigs/ex264_smul_abs_sign_direct_wreduce_abc_g_aig.aig,1,1,1,517,43,22231,9724,2.286199,0,0,1.906,semantic_signed_mul_exact,exact signed low8 * signed high8 over 65536 inputs; source=abs_sign_direct; flow=wreduce_abc_g_aig
ex264,ex264_smul_abs_sign_direct_arith_wreduce_aig,signed low8_high8:a*b,abs_sign_direct+arith_wreduce_aig,student/work/ex260_ex264_frontend_smul_struct_20260609_0223/ex264/verilog/ex264_smul_abs_sign_direct.v,student/work/ex260_ex264_frontend_smul_struct_20260609_0223/ex264/aigs/ex264_smul_abs_sign_direct_arith_wreduce_aig.aig,1,1,1,517,43,22231,9724,2.286199,0,0,1.923,semantic_signed_mul_exact,exact signed low8 * signed high8 over 65536 inputs; source=abs_sign_direct; flow=arith_wreduce_aig
ex264,ex264_smul_abs_sign_direct_synth_preset_d13,signed low8_high8:a*b,abs_sign_direct+synth_preset_d13,student/work/ex260_ex264_frontend_smul_struct_20260609_0223/ex264/verilog/ex264_smul_abs_sign_direct.v,student/work/ex260_ex264_frontend_smul_struct_20260609_0223/ex264/aigs/ex264_smul_abs_sign_direct_synth_preset_d13.aig,1,1,1,513,43,22059,9724,2.268511,0,0,2.029,semantic_signed_mul_exact,exact signed low8 * signed high8 over 65536 inputs; source=abs_sign_direct; flow=synth_preset_d13
ex264,ex264_smul_abs_sign_direct_synth_preset_d18,signed low8_high8:a*b,abs_sign_direct+synth_preset_d18,student/work/ex260_ex264_frontend_smul_struct_20260609_0223/ex264/verilog/ex264_smul_abs_sign_direct.v,student/work/ex260_ex264_frontend_smul_struct_20260609_0223/ex264/aigs/ex264_smul_abs_sign_direct_synth_preset_d18.aig,1,1,1,513,43,22059,9724,2.268511,0,0,2.042,semantic_signed_mul_exact,exact signed low8 * signed high8 over 65536 inputs; source=abs_sign_direct; flow=synth_preset_d18
ex264,ex264_smul_abs_sign_wallace_abc_g_aig,signed low8_high8:a*b,abs_sign_wallace+abc_g_aig,student/work/ex260_ex264_frontend_smul_struct_20260609_0223/ex264/verilog/ex264_smul_abs_sign_wallace.v,student/work/ex260_ex264_frontend_smul_struct_20260609_0223/ex264/aigs/ex264_smul_abs_sign_wallace_abc_g_aig.aig,1,1,1,527,40,21080,9724,2.167832,0,0,2.004,semantic_signed_mul_exact,exact signed low8 * signed high8 over 65536 inputs; source=abs_sign_wallace; flow=abc_g_aig
ex264,ex264_smul_abs_sign_wallace_wreduce_abc_g_aig,signed low8_high8:a*b,abs_sign_wallace+wreduce_abc_g_aig,student/work/ex260_ex264_frontend_smul_struct_20260609_0223/ex264/verilog/ex264_smul_abs_sign_wallace.v,student/work/ex260_ex264_frontend_smul_struct_20260609_0223/ex264/aigs/ex264_smul_abs_sign_wallace_wreduce_abc_g_aig.aig,1,1,1,527,40,21080,9724,2.167832,0,0,2.674,semantic_signed_mul_exact,exact signed low8 * signed high8 over 65536 inputs; source=abs_sign_wallace; flow=wreduce_abc_g_aig
ex264,ex264_smul_abs_sign_wallace_arith_wreduce_aig,signed low8_high8:a*b,abs_sign_wallace+arith_wreduce_aig,student/work/ex260_ex264_frontend_smul_struct_20260609_0223/ex264/verilog/ex264_smul_abs_sign_wallace.v,student/work/ex260_ex264_frontend_smul_struct_20260609_0223/ex264/aigs/ex264_smul_abs_sign_wallace_arith_wreduce_aig.aig,1,1,1,527,40,21080,9724,2.167832,0,0,3.438,semantic_signed_mul_exact,exact signed low8 * signed high8 over 65536 inputs; source=abs_sign_wallace; flow=arith_wreduce_aig
ex264,ex264_smul_abs_sign_wallace_synth_preset_d13,signed low8_high8:a*b,abs_sign_wallace+synth_preset_d13,student/work/ex260_ex264_frontend_smul_struct_20260609_0223/ex264/verilog/ex264_smul_abs_sign_wallace.v,student/work/ex260_ex264_frontend_smul_struct_20260609_0223/ex264/aigs/ex264_smul_abs_sign_wallace_synth_preset_d13.aig,1,1,1,527,40,21080,9724,2.167832,0,0,3.489,semantic_signed_mul_exact,exact signed low8 * signed high8 over 65536 inputs; source=abs_sign_wallace; flow=synth_preset_d13
ex264,ex264_smul_abs_sign_wallace_synth_preset_d18,signed low8_high8:a*b,abs_sign_wallace+synth_preset_d18,student/work/ex260_ex264_frontend_smul_struct_20260609_0223/ex264/verilog/ex264_smul_abs_sign_wallace.v,student/work/ex260_ex264_frontend_smul_struct_20260609_0223/ex264/aigs/ex264_smul_abs_sign_wallace_synth_preset_d18.aig,1,1,1,527,40,21080,9724,2.167832,0,0,2.183,semantic_signed_mul_exact,exact signed low8 * signed high8 over 65536 inputs; source=abs_sign_wallace; flow=synth_preset_d18
ex264,ex264_smul_signed_correction_direct_abc_g_aig,signed low8_high8:a*b,signed_correction_direct+abc_g_aig,student/work/ex260_ex264_frontend_smul_struct_20260609_0223/ex264/verilog/ex264_smul_signed_correction_direct.v,student/work/ex260_ex264_frontend_smul_struct_20260609_0223/ex264/aigs/ex264_smul_signed_correction_direct_abc_g_aig.aig,1,1,1,550,46,25300,9724,2.601810,0,0,1.859,semantic_signed_mul_exact,exact signed low8 * signed high8 over 65536 inputs; source=signed_correction_direct; flow=abc_g_aig
ex264,ex264_smul_signed_correction_direct_wreduce_abc_g_aig,signed low8_high8:a*b,signed_correction_direct+wreduce_abc_g_aig,student/work/ex260_ex264_frontend_smul_struct_20260609_0223/ex264/verilog/ex264_smul_signed_correction_direct.v,student/work/ex260_ex264_frontend_smul_struct_20260609_0223/ex264/aigs/ex264_smul_signed_correction_direct_wreduce_abc_g_aig.aig,1,1,1,550,46,25300,9724,2.601810,0,0,1.912,semantic_signed_mul_exact,exact signed low8 * signed high8 over 65536 inputs; source=signed_correction_direct; flow=wreduce_abc_g_aig
ex264,ex264_smul_signed_correction_direct_arith_wreduce_aig,signed low8_high8:a*b,signed_correction_direct+arith_wreduce_aig,student/work/ex260_ex264_frontend_smul_struct_20260609_0223/ex264/verilog/ex264_smul_signed_correction_direct.v,student/work/ex260_ex264_frontend_smul_struct_20260609_0223/ex264/aigs/ex264_smul_signed_correction_direct_arith_wreduce_aig.aig,1,1,1,577,39,22503,9724,2.314171,0,0,1.894,semantic_signed_mul_exact,exact signed low8 * signed high8 over 65536 inputs; source=signed_correction_direct; flow=arith_wreduce_aig
ex264,ex264_smul_signed_correction_direct_synth_preset_d13,signed low8_high8:a*b,signed_correction_direct+synth_preset_d13,student/work/ex260_ex264_frontend_smul_struct_20260609_0223/ex264/verilog/ex264_smul_signed_correction_direct.v,student/work/ex260_ex264_frontend_smul_struct_20260609_0223/ex264/aigs/ex264_smul_signed_correction_direct_synth_preset_d13.aig,1,1,1,579,38,22002,9724,2.262649,0,0,2.017,semantic_signed_mul_exact,exact signed low8 * signed high8 over 65536 inputs; source=signed_correction_direct; flow=synth_preset_d13
ex264,ex264_smul_signed_correction_direct_synth_preset_d18,signed low8_high8:a*b,signed_correction_direct+synth_preset_d18,student/work/ex260_ex264_frontend_smul_struct_20260609_0223/ex264/verilog/ex264_smul_signed_correction_direct.v,student/work/ex260_ex264_frontend_smul_struct_20260609_0223/ex264/aigs/ex264_smul_signed_correction_direct_synth_preset_d18.aig,1,1,1,579,38,22002,9724,2.262649,0,0,2.034,semantic_signed_mul_exact,exact signed low8 * signed high8 over 65536 inputs; source=signed_correction_direct; flow=synth_preset_d18
ex264,ex264_smul_signed_correction_wallace_abc_g_aig,signed low8_high8:a*b,signed_correction_wallace+abc_g_aig,student/work/ex260_ex264_frontend_smul_struct_20260609_0223/ex264/verilog/ex264_smul_signed_correction_wallace.v,student/work/ex260_ex264_frontend_smul_struct_20260609_0223/ex264/aigs/ex264_smul_signed_correction_wallace_abc_g_aig.aig,1,1,1,579,43,24897,9724,2.560366,0,0,1.997,semantic_signed_mul_exact,exact signed low8 * signed high8 over 65536 inputs; source=signed_correction_wallace; flow=abc_g_aig
ex264,ex264_smul_signed_correction_wallace_wreduce_abc_g_aig,signed low8_high8:a*b,signed_correction_wallace+wreduce_abc_g_aig,student/work/ex260_ex264_frontend_smul_struct_20260609_0223/ex264/verilog/ex264_smul_signed_correction_wallace.v,student/work/ex260_ex264_frontend_smul_struct_20260609_0223/ex264/aigs/ex264_smul_signed_correction_wallace_wreduce_abc_g_aig.aig,1,1,1,579,43,24897,9724,2.560366,0,0,1.904,semantic_signed_mul_exact,exact signed low8 * signed high8 over 65536 inputs; source=signed_correction_wallace; flow=wreduce_abc_g_aig
ex264,ex264_smul_signed_correction_wallace_arith_wreduce_aig,signed low8_high8:a*b,signed_correction_wallace+arith_wreduce_aig,student/work/ex260_ex264_frontend_smul_struct_20260609_0223/ex264/verilog/ex264_smul_signed_correction_wallace.v,student/work/ex260_ex264_frontend_smul_struct_20260609_0223/ex264/aigs/ex264_smul_signed_correction_wallace_arith_wreduce_aig.aig,1,1,1,572,44,25168,9724,2.588235,0,0,1.971,semantic_signed_mul_exact,exact signed low8 * signed high8 over 65536 inputs; source=signed_correction_wallace; flow=arith_wreduce_aig
ex264,ex264_smul_signed_correction_wallace_synth_preset_d13,signed low8_high8:a*b,signed_correction_wallace+synth_preset_d13,student/work/ex260_ex264_frontend_smul_struct_20260609_0223/ex264/verilog/ex264_smul_signed_correction_wallace.v,student/work/ex260_ex264_frontend_smul_struct_20260609_0223/ex264/aigs/ex264_smul_signed_correction_wallace_synth_preset_d13.aig,1,1,1,566,41,23206,9724,2.386466,0,0,2.143,semantic_signed_mul_exact,exact signed low8 * signed high8 over 65536 inputs; source=signed_correction_wallace; flow=synth_preset_d13
ex264,ex264_smul_signed_correction_wallace_synth_preset_d18,signed low8_high8:a*b,signed_correction_wallace+synth_preset_d18,student/work/ex260_ex264_frontend_smul_struct_20260609_0223/ex264/verilog/ex264_smul_signed_correction_wallace.v,student/work/ex260_ex264_frontend_smul_struct_20260609_0223/ex264/aigs/ex264_smul_signed_correction_wallace_synth_preset_d18.aig,1,1,1,566,41,23206,9724,2.386466,0,0,2.144,semantic_signed_mul_exact,exact signed low8 * signed high8 over 65536 inputs; source=signed_correction_wallace; flow=synth_preset_d18
ex264,ex264_smul_signed_correction_csa_cla_abc_g_aig,signed low8_high8:a*b,signed_correction_csa_cla+abc_g_aig,student/work/ex260_ex264_frontend_smul_struct_20260609_0223/ex264/verilog/ex264_smul_signed_correction_csa_cla.v,student/work/ex260_ex264_frontend_smul_struct_20260609_0223/ex264/aigs/ex264_smul_signed_correction_csa_cla_abc_g_aig.aig,1,1,1,569,43,24467,9724,2.516146,0,0,1.881,semantic_signed_mul_exact,exact signed low8 * signed high8 over 65536 inputs; source=signed_correction_csa_cla; flow=abc_g_aig
ex264,ex264_smul_signed_correction_csa_cla_wreduce_abc_g_aig,signed low8_high8:a*b,signed_correction_csa_cla+wreduce_abc_g_aig,student/work/ex260_ex264_frontend_smul_struct_20260609_0223/ex264/verilog/ex264_smul_signed_correction_csa_cla.v,student/work/ex260_ex264_frontend_smul_struct_20260609_0223/ex264/aigs/ex264_smul_signed_correction_csa_cla_wreduce_abc_g_aig.aig,1,1,1,576,43,24768,9724,2.547100,0,0,1.868,semantic_signed_mul_exact,exact signed low8 * signed high8 over 65536 inputs; source=signed_correction_csa_cla; flow=wreduce_abc_g_aig
ex264,ex264_smul_signed_correction_csa_cla_arith_wreduce_aig,signed low8_high8:a*b,signed_correction_csa_cla+arith_wreduce_aig,student/work/ex260_ex264_frontend_smul_struct_20260609_0223/ex264/verilog/ex264_smul_signed_correction_csa_cla.v,student/work/ex260_ex264_frontend_smul_struct_20260609_0223/ex264/aigs/ex264_smul_signed_correction_csa_cla_arith_wreduce_aig.aig,1,1,1,565,42,23730,9724,2.440354,0,0,1.836,semantic_signed_mul_exact,exact signed low8 * signed high8 over 65536 inputs; source=signed_correction_csa_cla; flow=arith_wreduce_aig
ex264,ex264_smul_signed_correction_csa_cla_synth_preset_d13,signed low8_high8:a*b,signed_correction_csa_cla+synth_preset_d13,student/work/ex260_ex264_frontend_smul_struct_20260609_0223/ex264/verilog/ex264_smul_signed_correction_csa_cla.v,student/work/ex260_ex264_frontend_smul_struct_20260609_0223/ex264/aigs/ex264_smul_signed_correction_csa_cla_synth_preset_d13.aig,1,1,1,567,41,23247,9724,2.390683,0,0,1.970,semantic_signed_mul_exact,exact signed low8 * signed high8 over 65536 inputs; source=signed_correction_csa_cla; flow=synth_preset_d13
ex264,ex264_smul_signed_correction_csa_cla_synth_preset_d18,signed low8_high8:a*b,signed_correction_csa_cla+synth_preset_d18,student/work/ex260_ex264_frontend_smul_struct_20260609_0223/ex264/verilog/ex264_smul_signed_correction_csa_cla.v,student/work/ex260_ex264_frontend_smul_struct_20260609_0223/ex264/aigs/ex264_smul_signed_correction_csa_cla_synth_preset_d18.aig,1,1,1,567,41,23247,9724,2.390683,0,0,2.079,semantic_signed_mul_exact,exact signed low8 * signed high8 over 65536 inputs; source=signed_correction_csa_cla; flow=synth_preset_d18
ex264,ex264_smul_booth_radix4_signed_abc_g_aig,signed low8_high8:a*b,booth_radix4_signed+abc_g_aig,student/work/ex260_ex264_frontend_smul_struct_20260609_0223/ex264/verilog/ex264_smul_booth_radix4_signed.v,student/work/ex260_ex264_frontend_smul_struct_20260609_0223/ex264/aigs/ex264_smul_booth_radix4_signed_abc_g_aig.aig,1,0,0,,,,9724,,,,0.013,semantic_signed_mul_exact,SynthError: Yosys failed exit=1; see student/work/ex260_ex264_frontend_smul_struct_20260609_0223/ex264/logs/ex264_smul_booth_radix4_signed_abc_g_aig.yosys.log
ex264,ex264_smul_booth_radix4_signed_wreduce_abc_g_aig,signed low8_high8:a*b,booth_radix4_signed+wreduce_abc_g_aig,student/work/ex260_ex264_frontend_smul_struct_20260609_0223/ex264/verilog/ex264_smul_booth_radix4_signed.v,student/work/ex260_ex264_frontend_smul_struct_20260609_0223/ex264/aigs/ex264_smul_booth_radix4_signed_wreduce_abc_g_aig.aig,1,0,0,,,,9724,,,,0.012,semantic_signed_mul_exact,SynthError: Yosys failed exit=1; see student/work/ex260_ex264_frontend_smul_struct_20260609_0223/ex264/logs/ex264_smul_booth_radix4_signed_wreduce_abc_g_aig.yosys.log
ex264,ex264_smul_booth_radix4_signed_arith_wreduce_aig,signed low8_high8:a*b,booth_radix4_signed+arith_wreduce_aig,student/work/ex260_ex264_frontend_smul_struct_20260609_0223/ex264/verilog/ex264_smul_booth_radix4_signed.v,student/work/ex260_ex264_frontend_smul_struct_20260609_0223/ex264/aigs/ex264_smul_booth_radix4_signed_arith_wreduce_aig.aig,1,0,0,,,,9724,,,,0.012,semantic_signed_mul_exact,SynthError: Yosys failed exit=1; see student/work/ex260_ex264_frontend_smul_struct_20260609_0223/ex264/logs/ex264_smul_booth_radix4_signed_arith_wreduce_aig.yosys.log
ex264,ex264_smul_booth_radix4_signed_synth_preset_d13,signed low8_high8:a*b,booth_radix4_signed+synth_preset_d13,student/work/ex260_ex264_frontend_smul_struct_20260609_0223/ex264/verilog/ex264_smul_booth_radix4_signed.v,student/work/ex260_ex264_frontend_smul_struct_20260609_0223/ex264/aigs/ex264_smul_booth_radix4_signed_synth_preset_d13.aig,1,0,0,,,,9724,,,,0.013,semantic_signed_mul_exact,SynthError: Yosys failed exit=1; see student/work/ex260_ex264_frontend_smul_struct_20260609_0223/ex264/logs/ex264_smul_booth_radix4_signed_synth_preset_d13.yosys.log
ex264,ex264_smul_booth_radix4_signed_synth_preset_d18,signed low8_high8:a*b,booth_radix4_signed+synth_preset_d18,student/work/ex260_ex264_frontend_smul_struct_20260609_0223/ex264/verilog/ex264_smul_booth_radix4_signed.v,student/work/ex260_ex264_frontend_smul_struct_20260609_0223/ex264/aigs/ex264_smul_booth_radix4_signed_synth_preset_d18.aig,1,0,0,,,,9724,,,,0.012,semantic_signed_mul_exact,SynthError: Yosys failed exit=1; see student/work/ex260_ex264_frontend_smul_struct_20260609_0223/ex264/logs/ex264_smul_booth_radix4_signed_synth_preset_d18.yosys.log
ex264,ex264_smul_split_half_signed_abc_g_aig,signed low8_high8:a*b,split_half_signed+abc_g_aig,student/work/ex260_ex264_frontend_smul_struct_20260609_0223/ex264/verilog/ex264_smul_split_half_signed.v,student/work/ex260_ex264_frontend_smul_struct_20260609_0223/ex264/aigs/ex264_smul_split_half_signed_abc_g_aig.aig,1,1,1,531,46,24426,9724,2.511929,0,0,1.761,semantic_signed_mul_exact,exact signed low8 * signed high8 over 65536 inputs; source=split_half_signed; flow=abc_g_aig
ex264,ex264_smul_split_half_signed_wreduce_abc_g_aig,signed low8_high8:a*b,split_half_signed+wreduce_abc_g_aig,student/work/ex260_ex264_frontend_smul_struct_20260609_0223/ex264/verilog/ex264_smul_split_half_signed.v,student/work/ex260_ex264_frontend_smul_struct_20260609_0223/ex264/aigs/ex264_smul_split_half_signed_wreduce_abc_g_aig.aig,1,1,1,530,46,24380,9724,2.507199,0,0,1.908,semantic_signed_mul_exact,exact signed low8 * signed high8 over 65536 inputs; source=split_half_signed; flow=wreduce_abc_g_aig
ex264,ex264_smul_split_half_signed_arith_wreduce_aig,signed low8_high8:a*b,split_half_signed+arith_wreduce_aig,student/work/ex260_ex264_frontend_smul_struct_20260609_0223/ex264/verilog/ex264_smul_split_half_signed.v,student/work/ex260_ex264_frontend_smul_struct_20260609_0223/ex264/aigs/ex264_smul_split_half_signed_arith_wreduce_aig.aig,1,1,1,535,43,23005,9724,2.365796,0,0,1.868,semantic_signed_mul_exact,exact signed low8 * signed high8 over 65536 inputs; source=split_half_signed; flow=arith_wreduce_aig
ex264,ex264_smul_split_half_signed_synth_preset_d13,signed low8_high8:a*b,split_half_signed+synth_preset_d13,student/work/ex260_ex264_frontend_smul_struct_20260609_0223/ex264/verilog/ex264_smul_split_half_signed.v,student/work/ex260_ex264_frontend_smul_struct_20260609_0223/ex264/aigs/ex264_smul_split_half_signed_synth_preset_d13.aig,1,1,1,534,43,22962,9724,2.361374,0,0,1.901,semantic_signed_mul_exact,exact signed low8 * signed high8 over 65536 inputs; source=split_half_signed; flow=synth_preset_d13
ex264,ex264_smul_split_half_signed_synth_preset_d18,signed low8_high8:a*b,split_half_signed+synth_preset_d18,student/work/ex260_ex264_frontend_smul_struct_20260609_0223/ex264/verilog/ex264_smul_split_half_signed.v,student/work/ex260_ex264_frontend_smul_struct_20260609_0223/ex264/aigs/ex264_smul_split_half_signed_synth_preset_d18.aig,1,1,1,534,43,22962,9724,2.361374,0,0,1.985,semantic_signed_mul_exact,exact signed low8 * signed high8 over 65536 inputs; source=split_half_signed; flow=synth_preset_d18
ex264,ex264_smul_split_half_abs_abc_g_aig,signed low8_high8:a*b,split_half_abs+abc_g_aig,student/work/ex260_ex264_frontend_smul_struct_20260609_0223/ex264/verilog/ex264_smul_split_half_abs.v,student/work/ex260_ex264_frontend_smul_struct_20260609_0223/ex264/aigs/ex264_smul_split_half_abs_abc_g_aig.aig,1,1,1,513,52,26676,9724,2.743316,0,0,1.941,semantic_signed_mul_exact,exact signed low8 * signed high8 over 65536 inputs; source=split_half_abs; flow=abc_g_aig
ex264,ex264_smul_split_half_abs_wreduce_abc_g_aig,signed low8_high8:a*b,split_half_abs+wreduce_abc_g_aig,student/work/ex260_ex264_frontend_smul_struct_20260609_0223/ex264/verilog/ex264_smul_split_half_abs.v,student/work/ex260_ex264_frontend_smul_struct_20260609_0223/ex264/aigs/ex264_smul_split_half_abs_wreduce_abc_g_aig.aig,1,1,1,518,52,26936,9724,2.770053,0,0,1.972,semantic_signed_mul_exact,exact signed low8 * signed high8 over 65536 inputs; source=split_half_abs; flow=wreduce_abc_g_aig
ex264,ex264_smul_split_half_abs_arith_wreduce_aig,signed low8_high8:a*b,split_half_abs+arith_wreduce_aig,student/work/ex260_ex264_frontend_smul_struct_20260609_0223/ex264/verilog/ex264_smul_split_half_abs.v,student/work/ex260_ex264_frontend_smul_struct_20260609_0223/ex264/aigs/ex264_smul_split_half_abs_arith_wreduce_aig.aig,1,1,1,555,46,25530,9724,2.625463,0,0,1.961,semantic_signed_mul_exact,exact signed low8 * signed high8 over 65536 inputs; source=split_half_abs; flow=arith_wreduce_aig
ex264,ex264_smul_split_half_abs_synth_preset_d13,signed low8_high8:a*b,split_half_abs+synth_preset_d13,student/work/ex260_ex264_frontend_smul_struct_20260609_0223/ex264/verilog/ex264_smul_split_half_abs.v,student/work/ex260_ex264_frontend_smul_struct_20260609_0223/ex264/aigs/ex264_smul_split_half_abs_synth_preset_d13.aig,1,1,1,554,46,25484,9724,2.620732,0,0,2.126,semantic_signed_mul_exact,exact signed low8 * signed high8 over 65536 inputs; source=split_half_abs; flow=synth_preset_d13
ex264,ex264_smul_split_half_abs_synth_preset_d18,signed low8_high8:a*b,split_half_abs+synth_preset_d18,student/work/ex260_ex264_frontend_smul_struct_20260609_0223/ex264/verilog/ex264_smul_split_half_abs.v,student/work/ex260_ex264_frontend_smul_struct_20260609_0223/ex264/aigs/ex264_smul_split_half_abs_synth_preset_d18.aig,1,1,1,554,46,25484,9724,2.620732,0,0,2.109,semantic_signed_mul_exact,exact signed low8 * signed high8 over 65536 inputs; source=split_half_abs; flow=synth_preset_d18
