
 /----------------------------------------------------------------------------\
 |  yosys -- Yosys Open SYnthesis Suite                                       |
 |  Copyright (C) 2012 - 2026  Claire Xenia Wolf <claire@yosyshq.com>         |
 |  Distributed under an ISC-like license, type "license" to see terms        |
 \----------------------------------------------------------------------------/
 Yosys 0.65 (git sha1 aec814bdf3071f7e0fd0fbe43f7f711e99d01e24, g++ 14.3.0-19 -fvisibility-inlines-hidden -fmessage-length=0 -march=nocona -mtune=haswell -ftree-vectorize -fPIC -fstack-protector-strong -fno-plt -O2 -ffunction-sections -fdebug-prefix-map=/home/conda/feedstock_root/build_artifacts/yosys_1778591527500/work=/usr/local/src/conda/yosys-0.65 -fdebug-prefix-map=/home/b10507053/ALS_Final_Project/student/tools/conda-env=/usr/local/src/conda-prefix -fPIC -O3) [conda-forge/yosys-feedstock]

-- Executing script file `/home/b10507053/ALS_Final_Project/student/work/ex250_ex254_frontend_fp4_dot_fma_semantic_20260608_2105/ex253/logs/ex253_semantic_u2_sum8_bytetable_qrange_synth_preset.yosys.ys' --

1. Executing Verilog-2005 frontend: /home/b10507053/ALS_Final_Project/student/work/ex250_ex254_frontend_fp4_dot_fma_semantic_20260608_2105/ex253/verilog/ex253_semantic_u2_sum8_bytetable_qrange.v
Parsing Verilog input from `/home/b10507053/ALS_Final_Project/student/work/ex250_ex254_frontend_fp4_dot_fma_semantic_20260608_2105/ex253/verilog/ex253_semantic_u2_sum8_bytetable_qrange.v' to AST representation.
Generating RTLIL representation for module `\ex253_semantic_u2_sum8_bytetable_qrange'.
Successfully finished Verilog frontend.

2. Executing SYNTH pass.

2.1. Executing HIERARCHY pass (managing design hierarchy).

2.1.1. Analyzing design hierarchy..
Top module:  \ex253_semantic_u2_sum8_bytetable_qrange

2.1.2. Analyzing design hierarchy..
Top module:  \ex253_semantic_u2_sum8_bytetable_qrange
Removed 0 unused modules.

2.2. Executing PROC pass (convert processes to netlists).

2.2.1. Executing PROC_CLEAN pass (remove empty switches from decision trees).
Cleaned up 0 empty switches.

2.2.2. Executing PROC_RMDEAD pass (remove dead branches from decision trees).
Marked 29 switch rules as full_case in process $proc$/home/b10507053/ALS_Final_Project/student/work/ex250_ex254_frontend_fp4_dot_fma_semantic_20260608_2105/ex253/verilog/ex253_semantic_u2_sum8_bytetable_qrange.v:308$18 in module ex253_semantic_u2_sum8_bytetable_qrange.
Removed 1 dead cases from process $proc$/home/b10507053/ALS_Final_Project/student/work/ex250_ex254_frontend_fp4_dot_fma_semantic_20260608_2105/ex253/verilog/ex253_semantic_u2_sum8_bytetable_qrange.v:269$13 in module ex253_semantic_u2_sum8_bytetable_qrange.
Marked 1 switch rules as full_case in process $proc$/home/b10507053/ALS_Final_Project/student/work/ex250_ex254_frontend_fp4_dot_fma_semantic_20260608_2105/ex253/verilog/ex253_semantic_u2_sum8_bytetable_qrange.v:269$13 in module ex253_semantic_u2_sum8_bytetable_qrange.
Removed 1 dead cases from process $proc$/home/b10507053/ALS_Final_Project/student/work/ex250_ex254_frontend_fp4_dot_fma_semantic_20260608_2105/ex253/verilog/ex253_semantic_u2_sum8_bytetable_qrange.v:269$8 in module ex253_semantic_u2_sum8_bytetable_qrange.
Marked 1 switch rules as full_case in process $proc$/home/b10507053/ALS_Final_Project/student/work/ex250_ex254_frontend_fp4_dot_fma_semantic_20260608_2105/ex253/verilog/ex253_semantic_u2_sum8_bytetable_qrange.v:269$8 in module ex253_semantic_u2_sum8_bytetable_qrange.
Removed a total of 2 dead cases.

2.2.3. Executing PROC_PRUNE pass (remove redundant assignments in processes).
Removed 0 redundant assignments.
Promoted 9 assignments to connections.

2.2.4. Executing PROC_INIT pass (extract init attributes).

2.2.5. Executing PROC_ARST pass (detect async resets in processes).

2.2.6. Executing PROC_ROM pass (convert switches to ROMs).
Converted 2 switches.

2.2.7. Executing PROC_MUX pass (convert decision trees to multiplexers).
Creating decoders for process `\ex253_semantic_u2_sum8_bytetable_qrange.$proc$/home/b10507053/ALS_Final_Project/student/work/ex250_ex254_frontend_fp4_dot_fma_semantic_20260608_2105/ex253/verilog/ex253_semantic_u2_sum8_bytetable_qrange.v:308$18'.
     1/29: $29\quant_scaled$func$/home/b10507053/ALS_Final_Project/student/work/ex250_ex254_frontend_fp4_dot_fma_semantic_20260608_2105/ex253/verilog/ex253_semantic_u2_sum8_bytetable_qrange.v:308$6.$result[6:0]$79
     2/29: $28\quant_scaled$func$/home/b10507053/ALS_Final_Project/student/work/ex250_ex254_frontend_fp4_dot_fma_semantic_20260608_2105/ex253/verilog/ex253_semantic_u2_sum8_bytetable_qrange.v:308$6.$result[6:0]$77
     3/29: $27\quant_scaled$func$/home/b10507053/ALS_Final_Project/student/work/ex250_ex254_frontend_fp4_dot_fma_semantic_20260608_2105/ex253/verilog/ex253_semantic_u2_sum8_bytetable_qrange.v:308$6.$result[6:0]$75
     4/29: $26\quant_scaled$func$/home/b10507053/ALS_Final_Project/student/work/ex250_ex254_frontend_fp4_dot_fma_semantic_20260608_2105/ex253/verilog/ex253_semantic_u2_sum8_bytetable_qrange.v:308$6.$result[6:0]$73
     5/29: $25\quant_scaled$func$/home/b10507053/ALS_Final_Project/student/work/ex250_ex254_frontend_fp4_dot_fma_semantic_20260608_2105/ex253/verilog/ex253_semantic_u2_sum8_bytetable_qrange.v:308$6.$result[6:0]$71
     6/29: $24\quant_scaled$func$/home/b10507053/ALS_Final_Project/student/work/ex250_ex254_frontend_fp4_dot_fma_semantic_20260608_2105/ex253/verilog/ex253_semantic_u2_sum8_bytetable_qrange.v:308$6.$result[6:0]$69
     7/29: $23\quant_scaled$func$/home/b10507053/ALS_Final_Project/student/work/ex250_ex254_frontend_fp4_dot_fma_semantic_20260608_2105/ex253/verilog/ex253_semantic_u2_sum8_bytetable_qrange.v:308$6.$result[6:0]$67
     8/29: $22\quant_scaled$func$/home/b10507053/ALS_Final_Project/student/work/ex250_ex254_frontend_fp4_dot_fma_semantic_20260608_2105/ex253/verilog/ex253_semantic_u2_sum8_bytetable_qrange.v:308$6.$result[6:0]$65
     9/29: $21\quant_scaled$func$/home/b10507053/ALS_Final_Project/student/work/ex250_ex254_frontend_fp4_dot_fma_semantic_20260608_2105/ex253/verilog/ex253_semantic_u2_sum8_bytetable_qrange.v:308$6.$result[6:0]$63
    10/29: $20\quant_scaled$func$/home/b10507053/ALS_Final_Project/student/work/ex250_ex254_frontend_fp4_dot_fma_semantic_20260608_2105/ex253/verilog/ex253_semantic_u2_sum8_bytetable_qrange.v:308$6.$result[6:0]$61
    11/29: $19\quant_scaled$func$/home/b10507053/ALS_Final_Project/student/work/ex250_ex254_frontend_fp4_dot_fma_semantic_20260608_2105/ex253/verilog/ex253_semantic_u2_sum8_bytetable_qrange.v:308$6.$result[6:0]$59
    12/29: $18\quant_scaled$func$/home/b10507053/ALS_Final_Project/student/work/ex250_ex254_frontend_fp4_dot_fma_semantic_20260608_2105/ex253/verilog/ex253_semantic_u2_sum8_bytetable_qrange.v:308$6.$result[6:0]$57
    13/29: $17\quant_scaled$func$/home/b10507053/ALS_Final_Project/student/work/ex250_ex254_frontend_fp4_dot_fma_semantic_20260608_2105/ex253/verilog/ex253_semantic_u2_sum8_bytetable_qrange.v:308$6.$result[6:0]$55
    14/29: $16\quant_scaled$func$/home/b10507053/ALS_Final_Project/student/work/ex250_ex254_frontend_fp4_dot_fma_semantic_20260608_2105/ex253/verilog/ex253_semantic_u2_sum8_bytetable_qrange.v:308$6.$result[6:0]$53
    15/29: $15\quant_scaled$func$/home/b10507053/ALS_Final_Project/student/work/ex250_ex254_frontend_fp4_dot_fma_semantic_20260608_2105/ex253/verilog/ex253_semantic_u2_sum8_bytetable_qrange.v:308$6.$result[6:0]$51
    16/29: $14\quant_scaled$func$/home/b10507053/ALS_Final_Project/student/work/ex250_ex254_frontend_fp4_dot_fma_semantic_20260608_2105/ex253/verilog/ex253_semantic_u2_sum8_bytetable_qrange.v:308$6.$result[6:0]$49
    17/29: $13\quant_scaled$func$/home/b10507053/ALS_Final_Project/student/work/ex250_ex254_frontend_fp4_dot_fma_semantic_20260608_2105/ex253/verilog/ex253_semantic_u2_sum8_bytetable_qrange.v:308$6.$result[6:0]$47
    18/29: $12\quant_scaled$func$/home/b10507053/ALS_Final_Project/student/work/ex250_ex254_frontend_fp4_dot_fma_semantic_20260608_2105/ex253/verilog/ex253_semantic_u2_sum8_bytetable_qrange.v:308$6.$result[6:0]$45
    19/29: $11\quant_scaled$func$/home/b10507053/ALS_Final_Project/student/work/ex250_ex254_frontend_fp4_dot_fma_semantic_20260608_2105/ex253/verilog/ex253_semantic_u2_sum8_bytetable_qrange.v:308$6.$result[6:0]$43
    20/29: $10\quant_scaled$func$/home/b10507053/ALS_Final_Project/student/work/ex250_ex254_frontend_fp4_dot_fma_semantic_20260608_2105/ex253/verilog/ex253_semantic_u2_sum8_bytetable_qrange.v:308$6.$result[6:0]$41
    21/29: $9\quant_scaled$func$/home/b10507053/ALS_Final_Project/student/work/ex250_ex254_frontend_fp4_dot_fma_semantic_20260608_2105/ex253/verilog/ex253_semantic_u2_sum8_bytetable_qrange.v:308$6.$result[6:0]$39
    22/29: $8\quant_scaled$func$/home/b10507053/ALS_Final_Project/student/work/ex250_ex254_frontend_fp4_dot_fma_semantic_20260608_2105/ex253/verilog/ex253_semantic_u2_sum8_bytetable_qrange.v:308$6.$result[6:0]$37
    23/29: $7\quant_scaled$func$/home/b10507053/ALS_Final_Project/student/work/ex250_ex254_frontend_fp4_dot_fma_semantic_20260608_2105/ex253/verilog/ex253_semantic_u2_sum8_bytetable_qrange.v:308$6.$result[6:0]$35
    24/29: $6\quant_scaled$func$/home/b10507053/ALS_Final_Project/student/work/ex250_ex254_frontend_fp4_dot_fma_semantic_20260608_2105/ex253/verilog/ex253_semantic_u2_sum8_bytetable_qrange.v:308$6.$result[6:0]$33
    25/29: $5\quant_scaled$func$/home/b10507053/ALS_Final_Project/student/work/ex250_ex254_frontend_fp4_dot_fma_semantic_20260608_2105/ex253/verilog/ex253_semantic_u2_sum8_bytetable_qrange.v:308$6.$result[6:0]$31
    26/29: $4\quant_scaled$func$/home/b10507053/ALS_Final_Project/student/work/ex250_ex254_frontend_fp4_dot_fma_semantic_20260608_2105/ex253/verilog/ex253_semantic_u2_sum8_bytetable_qrange.v:308$6.$result[6:0]$29
    27/29: $3\quant_scaled$func$/home/b10507053/ALS_Final_Project/student/work/ex250_ex254_frontend_fp4_dot_fma_semantic_20260608_2105/ex253/verilog/ex253_semantic_u2_sum8_bytetable_qrange.v:308$6.$result[6:0]$27
    28/29: $2\quant_scaled$func$/home/b10507053/ALS_Final_Project/student/work/ex250_ex254_frontend_fp4_dot_fma_semantic_20260608_2105/ex253/verilog/ex253_semantic_u2_sum8_bytetable_qrange.v:308$6.$result[6:0]$25
    29/29: $1\quant_scaled$func$/home/b10507053/ALS_Final_Project/student/work/ex250_ex254_frontend_fp4_dot_fma_semantic_20260608_2105/ex253/verilog/ex253_semantic_u2_sum8_bytetable_qrange.v:308$6.$result[6:0]$23
Creating decoders for process `\ex253_semantic_u2_sum8_bytetable_qrange.$proc$/home/b10507053/ALS_Final_Project/student/work/ex250_ex254_frontend_fp4_dot_fma_semantic_20260608_2105/ex253/verilog/ex253_semantic_u2_sum8_bytetable_qrange.v:269$13'.
     1/1: $1\byte_sum$func$/home/b10507053/ALS_Final_Project/student/work/ex250_ex254_frontend_fp4_dot_fma_semantic_20260608_2105/ex253/verilog/ex253_semantic_u2_sum8_bytetable_qrange.v:269$5.$result[4:0]$17
Creating decoders for process `\ex253_semantic_u2_sum8_bytetable_qrange.$proc$/home/b10507053/ALS_Final_Project/student/work/ex250_ex254_frontend_fp4_dot_fma_semantic_20260608_2105/ex253/verilog/ex253_semantic_u2_sum8_bytetable_qrange.v:269$8'.
     1/1: $1\byte_sum$func$/home/b10507053/ALS_Final_Project/student/work/ex250_ex254_frontend_fp4_dot_fma_semantic_20260608_2105/ex253/verilog/ex253_semantic_u2_sum8_bytetable_qrange.v:269$4.$result[4:0]$12

2.2.8. Executing PROC_DLATCH pass (convert process syncs to latches).
No latch inferred for signal `\ex253_semantic_u2_sum8_bytetable_qrange.\quant_scaled$func$/home/b10507053/ALS_Final_Project/student/work/ex250_ex254_frontend_fp4_dot_fma_semantic_20260608_2105/ex253/verilog/ex253_semantic_u2_sum8_bytetable_qrange.v:308$3.$result' from process `\ex253_semantic_u2_sum8_bytetable_qrange.$proc$/home/b10507053/ALS_Final_Project/student/work/ex250_ex254_frontend_fp4_dot_fma_semantic_20260608_2105/ex253/verilog/ex253_semantic_u2_sum8_bytetable_qrange.v:308$18'.
No latch inferred for signal `\ex253_semantic_u2_sum8_bytetable_qrange.\quant_scaled$func$/home/b10507053/ALS_Final_Project/student/work/ex250_ex254_frontend_fp4_dot_fma_semantic_20260608_2105/ex253/verilog/ex253_semantic_u2_sum8_bytetable_qrange.v:308$6.$result' from process `\ex253_semantic_u2_sum8_bytetable_qrange.$proc$/home/b10507053/ALS_Final_Project/student/work/ex250_ex254_frontend_fp4_dot_fma_semantic_20260608_2105/ex253/verilog/ex253_semantic_u2_sum8_bytetable_qrange.v:308$18'.
No latch inferred for signal `\ex253_semantic_u2_sum8_bytetable_qrange.\quant_scaled$func$/home/b10507053/ALS_Final_Project/student/work/ex250_ex254_frontend_fp4_dot_fma_semantic_20260608_2105/ex253/verilog/ex253_semantic_u2_sum8_bytetable_qrange.v:308$6.value' from process `\ex253_semantic_u2_sum8_bytetable_qrange.$proc$/home/b10507053/ALS_Final_Project/student/work/ex250_ex254_frontend_fp4_dot_fma_semantic_20260608_2105/ex253/verilog/ex253_semantic_u2_sum8_bytetable_qrange.v:308$18'.
No latch inferred for signal `\ex253_semantic_u2_sum8_bytetable_qrange.\byte_sum$func$/home/b10507053/ALS_Final_Project/student/work/ex250_ex254_frontend_fp4_dot_fma_semantic_20260608_2105/ex253/verilog/ex253_semantic_u2_sum8_bytetable_qrange.v:269$2.$result' from process `\ex253_semantic_u2_sum8_bytetable_qrange.$proc$/home/b10507053/ALS_Final_Project/student/work/ex250_ex254_frontend_fp4_dot_fma_semantic_20260608_2105/ex253/verilog/ex253_semantic_u2_sum8_bytetable_qrange.v:269$13'.
No latch inferred for signal `\ex253_semantic_u2_sum8_bytetable_qrange.\byte_sum$func$/home/b10507053/ALS_Final_Project/student/work/ex250_ex254_frontend_fp4_dot_fma_semantic_20260608_2105/ex253/verilog/ex253_semantic_u2_sum8_bytetable_qrange.v:269$5.$result' from process `\ex253_semantic_u2_sum8_bytetable_qrange.$proc$/home/b10507053/ALS_Final_Project/student/work/ex250_ex254_frontend_fp4_dot_fma_semantic_20260608_2105/ex253/verilog/ex253_semantic_u2_sum8_bytetable_qrange.v:269$13'.
No latch inferred for signal `\ex253_semantic_u2_sum8_bytetable_qrange.\byte_sum$func$/home/b10507053/ALS_Final_Project/student/work/ex250_ex254_frontend_fp4_dot_fma_semantic_20260608_2105/ex253/verilog/ex253_semantic_u2_sum8_bytetable_qrange.v:269$5.value' from process `\ex253_semantic_u2_sum8_bytetable_qrange.$proc$/home/b10507053/ALS_Final_Project/student/work/ex250_ex254_frontend_fp4_dot_fma_semantic_20260608_2105/ex253/verilog/ex253_semantic_u2_sum8_bytetable_qrange.v:269$13'.
No latch inferred for signal `\ex253_semantic_u2_sum8_bytetable_qrange.\byte_sum$func$/home/b10507053/ALS_Final_Project/student/work/ex250_ex254_frontend_fp4_dot_fma_semantic_20260608_2105/ex253/verilog/ex253_semantic_u2_sum8_bytetable_qrange.v:269$1.$result' from process `\ex253_semantic_u2_sum8_bytetable_qrange.$proc$/home/b10507053/ALS_Final_Project/student/work/ex250_ex254_frontend_fp4_dot_fma_semantic_20260608_2105/ex253/verilog/ex253_semantic_u2_sum8_bytetable_qrange.v:269$8'.
No latch inferred for signal `\ex253_semantic_u2_sum8_bytetable_qrange.\byte_sum$func$/home/b10507053/ALS_Final_Project/student/work/ex250_ex254_frontend_fp4_dot_fma_semantic_20260608_2105/ex253/verilog/ex253_semantic_u2_sum8_bytetable_qrange.v:269$4.$result' from process `\ex253_semantic_u2_sum8_bytetable_qrange.$proc$/home/b10507053/ALS_Final_Project/student/work/ex250_ex254_frontend_fp4_dot_fma_semantic_20260608_2105/ex253/verilog/ex253_semantic_u2_sum8_bytetable_qrange.v:269$8'.
No latch inferred for signal `\ex253_semantic_u2_sum8_bytetable_qrange.\byte_sum$func$/home/b10507053/ALS_Final_Project/student/work/ex250_ex254_frontend_fp4_dot_fma_semantic_20260608_2105/ex253/verilog/ex253_semantic_u2_sum8_bytetable_qrange.v:269$4.value' from process `\ex253_semantic_u2_sum8_bytetable_qrange.$proc$/home/b10507053/ALS_Final_Project/student/work/ex250_ex254_frontend_fp4_dot_fma_semantic_20260608_2105/ex253/verilog/ex253_semantic_u2_sum8_bytetable_qrange.v:269$8'.

2.2.9. Executing PROC_DFF pass (convert process syncs to FFs).

2.2.10. Executing PROC_MEMWR pass (convert process memory writes to cells).

2.2.11. Executing PROC_CLEAN pass (remove empty switches from decision trees).
Found and cleaned up 29 empty switches in `\ex253_semantic_u2_sum8_bytetable_qrange.$proc$/home/b10507053/ALS_Final_Project/student/work/ex250_ex254_frontend_fp4_dot_fma_semantic_20260608_2105/ex253/verilog/ex253_semantic_u2_sum8_bytetable_qrange.v:308$18'.
Removing empty process `ex253_semantic_u2_sum8_bytetable_qrange.$proc$/home/b10507053/ALS_Final_Project/student/work/ex250_ex254_frontend_fp4_dot_fma_semantic_20260608_2105/ex253/verilog/ex253_semantic_u2_sum8_bytetable_qrange.v:308$18'.
Found and cleaned up 1 empty switch in `\ex253_semantic_u2_sum8_bytetable_qrange.$proc$/home/b10507053/ALS_Final_Project/student/work/ex250_ex254_frontend_fp4_dot_fma_semantic_20260608_2105/ex253/verilog/ex253_semantic_u2_sum8_bytetable_qrange.v:269$13'.
Removing empty process `ex253_semantic_u2_sum8_bytetable_qrange.$proc$/home/b10507053/ALS_Final_Project/student/work/ex250_ex254_frontend_fp4_dot_fma_semantic_20260608_2105/ex253/verilog/ex253_semantic_u2_sum8_bytetable_qrange.v:269$13'.
Found and cleaned up 1 empty switch in `\ex253_semantic_u2_sum8_bytetable_qrange.$proc$/home/b10507053/ALS_Final_Project/student/work/ex250_ex254_frontend_fp4_dot_fma_semantic_20260608_2105/ex253/verilog/ex253_semantic_u2_sum8_bytetable_qrange.v:269$8'.
Removing empty process `ex253_semantic_u2_sum8_bytetable_qrange.$proc$/home/b10507053/ALS_Final_Project/student/work/ex250_ex254_frontend_fp4_dot_fma_semantic_20260608_2105/ex253/verilog/ex253_semantic_u2_sum8_bytetable_qrange.v:269$8'.
Cleaned up 31 empty switches.

2.2.12. Executing OPT_EXPR pass (perform const folding).
Optimizing module ex253_semantic_u2_sum8_bytetable_qrange.

2.3. Executing CHECK pass (checking for obvious problems).
Checking module ex253_semantic_u2_sum8_bytetable_qrange...
Found and reported 0 problems.

2.4. Executing FLATTEN pass (flatten design).

2.5. Executing OPT_EXPR pass (perform const folding).
Optimizing module ex253_semantic_u2_sum8_bytetable_qrange.

2.6. Executing OPT_CLEAN pass (remove unused cells and wires).
Finding unused cells or wires in module \ex253_semantic_u2_sum8_bytetable_qrange..
Removed 0 unused cells and 482 unused wires.

2.7. Executing CHECK pass (checking for obvious problems).
Checking module ex253_semantic_u2_sum8_bytetable_qrange...
Found and reported 0 problems.

2.8. Executing OPT pass (performing simple optimizations).

2.8.1. Executing OPT_EXPR pass (perform const folding).
Optimizing module ex253_semantic_u2_sum8_bytetable_qrange.

2.8.2. Executing OPT_MERGE pass (detect identical cells).
Finding identical cells in module `\ex253_semantic_u2_sum8_bytetable_qrange'.
Computing hashes of 469 cells of `\ex253_semantic_u2_sum8_bytetable_qrange'.
Finding duplicate cells in `\ex253_semantic_u2_sum8_bytetable_qrange'.
Removed a total of 0 cells.

2.8.3. Executing OPT_MUXTREE pass (detect dead branches in mux trees).
Running muxtree optimizer on module \ex253_semantic_u2_sum8_bytetable_qrange..
  Creating internal representation of mux trees.
  Evaluating internal representation of mux trees.
  Analyzing evaluation results.
    dead port 1/2 on $mux $procmux$1388.
    dead port 1/2 on $mux $procmux$1382.
    dead port 1/2 on $mux $procmux$1379.
    dead port 1/2 on $mux $procmux$1373.
    dead port 1/2 on $mux $procmux$1370.
    dead port 1/2 on $mux $procmux$1367.
    dead port 1/2 on $mux $procmux$1361.
    dead port 1/2 on $mux $procmux$1358.
    dead port 1/2 on $mux $procmux$1355.
    dead port 1/2 on $mux $procmux$1352.
    dead port 1/2 on $mux $procmux$1346.
    dead port 1/2 on $mux $procmux$1343.
    dead port 1/2 on $mux $procmux$1340.
    dead port 1/2 on $mux $procmux$1337.
    dead port 1/2 on $mux $procmux$1334.
    dead port 1/2 on $mux $procmux$1328.
    dead port 1/2 on $mux $procmux$1325.
    dead port 1/2 on $mux $procmux$1322.
    dead port 1/2 on $mux $procmux$1319.
    dead port 1/2 on $mux $procmux$1316.
    dead port 1/2 on $mux $procmux$1313.
    dead port 1/2 on $mux $procmux$1307.
    dead port 1/2 on $mux $procmux$1304.
    dead port 1/2 on $mux $procmux$1301.
    dead port 1/2 on $mux $procmux$1298.
    dead port 1/2 on $mux $procmux$1295.
    dead port 1/2 on $mux $procmux$1292.
    dead port 1/2 on $mux $procmux$1289.
    dead port 1/2 on $mux $procmux$1283.
    dead port 1/2 on $mux $procmux$1280.
    dead port 1/2 on $mux $procmux$1277.
    dead port 1/2 on $mux $procmux$1274.
    dead port 1/2 on $mux $procmux$1271.
    dead port 1/2 on $mux $procmux$1268.
    dead port 1/2 on $mux $procmux$1265.
    dead port 1/2 on $mux $procmux$1262.
    dead port 1/2 on $mux $procmux$1256.
    dead port 1/2 on $mux $procmux$1253.
    dead port 1/2 on $mux $procmux$1250.
    dead port 1/2 on $mux $procmux$1247.
    dead port 1/2 on $mux $procmux$1244.
    dead port 1/2 on $mux $procmux$1241.
    dead port 1/2 on $mux $procmux$1238.
    dead port 1/2 on $mux $procmux$1235.
    dead port 1/2 on $mux $procmux$1232.
    dead port 1/2 on $mux $procmux$1226.
    dead port 1/2 on $mux $procmux$1223.
    dead port 1/2 on $mux $procmux$1220.
    dead port 1/2 on $mux $procmux$1217.
    dead port 1/2 on $mux $procmux$1214.
    dead port 1/2 on $mux $procmux$1211.
    dead port 1/2 on $mux $procmux$1208.
    dead port 1/2 on $mux $procmux$1205.
    dead port 1/2 on $mux $procmux$1202.
    dead port 1/2 on $mux $procmux$1199.
    dead port 1/2 on $mux $procmux$1193.
    dead port 1/2 on $mux $procmux$1190.
    dead port 1/2 on $mux $procmux$1187.
    dead port 1/2 on $mux $procmux$1184.
    dead port 1/2 on $mux $procmux$1181.
    dead port 1/2 on $mux $procmux$1178.
    dead port 1/2 on $mux $procmux$1175.
    dead port 1/2 on $mux $procmux$1172.
    dead port 1/2 on $mux $procmux$1169.
    dead port 1/2 on $mux $procmux$1166.
    dead port 1/2 on $mux $procmux$1163.
    dead port 1/2 on $mux $procmux$1157.
    dead port 1/2 on $mux $procmux$1154.
    dead port 1/2 on $mux $procmux$1151.
    dead port 1/2 on $mux $procmux$1148.
    dead port 1/2 on $mux $procmux$1145.
    dead port 1/2 on $mux $procmux$1142.
    dead port 1/2 on $mux $procmux$1139.
    dead port 1/2 on $mux $procmux$1136.
    dead port 1/2 on $mux $procmux$1133.
    dead port 1/2 on $mux $procmux$1130.
    dead port 1/2 on $mux $procmux$1127.
    dead port 1/2 on $mux $procmux$1124.
    dead port 1/2 on $mux $procmux$1118.
    dead port 1/2 on $mux $procmux$1115.
    dead port 1/2 on $mux $procmux$1112.
    dead port 1/2 on $mux $procmux$1109.
    dead port 1/2 on $mux $procmux$1106.
    dead port 1/2 on $mux $procmux$1103.
    dead port 1/2 on $mux $procmux$1100.
    dead port 1/2 on $mux $procmux$1097.
    dead port 1/2 on $mux $procmux$1094.
    dead port 1/2 on $mux $procmux$1091.
    dead port 1/2 on $mux $procmux$1088.
    dead port 1/2 on $mux $procmux$1085.
    dead port 1/2 on $mux $procmux$1082.
    dead port 1/2 on $mux $procmux$1076.
    dead port 1/2 on $mux $procmux$1073.
    dead port 1/2 on $mux $procmux$1070.
    dead port 1/2 on $mux $procmux$1067.
    dead port 1/2 on $mux $procmux$1064.
    dead port 1/2 on $mux $procmux$1061.
    dead port 1/2 on $mux $procmux$1058.
    dead port 1/2 on $mux $procmux$1055.
    dead port 1/2 on $mux $procmux$1052.
    dead port 1/2 on $mux $procmux$1049.
    dead port 1/2 on $mux $procmux$1046.
    dead port 1/2 on $mux $procmux$1043.
    dead port 1/2 on $mux $procmux$1040.
    dead port 1/2 on $mux $procmux$1037.
    dead port 1/2 on $mux $procmux$1031.
    dead port 1/2 on $mux $procmux$1028.
    dead port 1/2 on $mux $procmux$1025.
    dead port 1/2 on $mux $procmux$1022.
    dead port 1/2 on $mux $procmux$1019.
    dead port 1/2 on $mux $procmux$1016.
    dead port 1/2 on $mux $procmux$1013.
    dead port 1/2 on $mux $procmux$1010.
    dead port 1/2 on $mux $procmux$1007.
    dead port 1/2 on $mux $procmux$1004.
    dead port 1/2 on $mux $procmux$1001.
    dead port 1/2 on $mux $procmux$998.
    dead port 1/2 on $mux $procmux$995.
    dead port 1/2 on $mux $procmux$992.
    dead port 1/2 on $mux $procmux$989.
    dead port 1/2 on $mux $procmux$983.
    dead port 1/2 on $mux $procmux$980.
    dead port 1/2 on $mux $procmux$977.
    dead port 1/2 on $mux $procmux$974.
    dead port 1/2 on $mux $procmux$971.
    dead port 1/2 on $mux $procmux$968.
    dead port 1/2 on $mux $procmux$965.
    dead port 1/2 on $mux $procmux$962.
    dead port 1/2 on $mux $procmux$959.
    dead port 1/2 on $mux $procmux$956.
    dead port 1/2 on $mux $procmux$953.
    dead port 1/2 on $mux $procmux$950.
    dead port 1/2 on $mux $procmux$947.
    dead port 1/2 on $mux $procmux$944.
    dead port 1/2 on $mux $procmux$941.
    dead port 1/2 on $mux $procmux$938.
    dead port 1/2 on $mux $procmux$932.
    dead port 1/2 on $mux $procmux$929.
    dead port 1/2 on $mux $procmux$926.
    dead port 1/2 on $mux $procmux$923.
    dead port 1/2 on $mux $procmux$920.
    dead port 1/2 on $mux $procmux$917.
    dead port 1/2 on $mux $procmux$914.
    dead port 1/2 on $mux $procmux$911.
    dead port 1/2 on $mux $procmux$908.
    dead port 1/2 on $mux $procmux$905.
    dead port 1/2 on $mux $procmux$902.
    dead port 1/2 on $mux $procmux$899.
    dead port 1/2 on $mux $procmux$896.
    dead port 1/2 on $mux $procmux$893.
    dead port 1/2 on $mux $procmux$890.
    dead port 1/2 on $mux $procmux$887.
    dead port 1/2 on $mux $procmux$884.
    dead port 1/2 on $mux $procmux$878.
    dead port 1/2 on $mux $procmux$875.
    dead port 1/2 on $mux $procmux$872.
    dead port 1/2 on $mux $procmux$869.
    dead port 1/2 on $mux $procmux$866.
    dead port 1/2 on $mux $procmux$863.
    dead port 1/2 on $mux $procmux$860.
    dead port 1/2 on $mux $procmux$857.
    dead port 1/2 on $mux $procmux$854.
    dead port 1/2 on $mux $procmux$851.
    dead port 1/2 on $mux $procmux$848.
    dead port 1/2 on $mux $procmux$845.
    dead port 1/2 on $mux $procmux$842.
    dead port 1/2 on $mux $procmux$839.
    dead port 1/2 on $mux $procmux$836.
    dead port 1/2 on $mux $procmux$833.
    dead port 1/2 on $mux $procmux$830.
    dead port 1/2 on $mux $procmux$827.
    dead port 1/2 on $mux $procmux$821.
    dead port 1/2 on $mux $procmux$818.
    dead port 1/2 on $mux $procmux$815.
    dead port 1/2 on $mux $procmux$812.
    dead port 1/2 on $mux $procmux$809.
    dead port 1/2 on $mux $procmux$806.
    dead port 1/2 on $mux $procmux$803.
    dead port 1/2 on $mux $procmux$800.
    dead port 1/2 on $mux $procmux$797.
    dead port 1/2 on $mux $procmux$794.
    dead port 1/2 on $mux $procmux$791.
    dead port 1/2 on $mux $procmux$788.
    dead port 1/2 on $mux $procmux$785.
    dead port 1/2 on $mux $procmux$782.
    dead port 1/2 on $mux $procmux$779.
    dead port 1/2 on $mux $procmux$776.
    dead port 1/2 on $mux $procmux$773.
    dead port 1/2 on $mux $procmux$770.
    dead port 1/2 on $mux $procmux$767.
    dead port 1/2 on $mux $procmux$761.
    dead port 1/2 on $mux $procmux$758.
    dead port 1/2 on $mux $procmux$755.
    dead port 1/2 on $mux $procmux$752.
    dead port 1/2 on $mux $procmux$749.
    dead port 1/2 on $mux $procmux$746.
    dead port 1/2 on $mux $procmux$743.
    dead port 1/2 on $mux $procmux$740.
    dead port 1/2 on $mux $procmux$737.
    dead port 1/2 on $mux $procmux$734.
    dead port 1/2 on $mux $procmux$731.
    dead port 1/2 on $mux $procmux$728.
    dead port 1/2 on $mux $procmux$725.
    dead port 1/2 on $mux $procmux$722.
    dead port 1/2 on $mux $procmux$719.
    dead port 1/2 on $mux $procmux$716.
    dead port 1/2 on $mux $procmux$713.
    dead port 1/2 on $mux $procmux$710.
    dead port 1/2 on $mux $procmux$707.
    dead port 1/2 on $mux $procmux$704.
    dead port 1/2 on $mux $procmux$698.
    dead port 1/2 on $mux $procmux$695.
    dead port 1/2 on $mux $procmux$692.
    dead port 1/2 on $mux $procmux$689.
    dead port 1/2 on $mux $procmux$686.
    dead port 1/2 on $mux $procmux$683.
    dead port 1/2 on $mux $procmux$680.
    dead port 1/2 on $mux $procmux$677.
    dead port 1/2 on $mux $procmux$674.
    dead port 1/2 on $mux $procmux$671.
    dead port 1/2 on $mux $procmux$668.
    dead port 1/2 on $mux $procmux$665.
    dead port 1/2 on $mux $procmux$662.
    dead port 1/2 on $mux $procmux$659.
    dead port 1/2 on $mux $procmux$656.
    dead port 1/2 on $mux $procmux$653.
    dead port 1/2 on $mux $procmux$650.
    dead port 1/2 on $mux $procmux$647.
    dead port 1/2 on $mux $procmux$644.
    dead port 1/2 on $mux $procmux$641.
    dead port 1/2 on $mux $procmux$638.
    dead port 1/2 on $mux $procmux$632.
    dead port 1/2 on $mux $procmux$629.
    dead port 1/2 on $mux $procmux$626.
    dead port 1/2 on $mux $procmux$623.
    dead port 1/2 on $mux $procmux$620.
    dead port 1/2 on $mux $procmux$617.
    dead port 1/2 on $mux $procmux$614.
    dead port 1/2 on $mux $procmux$611.
    dead port 1/2 on $mux $procmux$608.
    dead port 1/2 on $mux $procmux$605.
    dead port 1/2 on $mux $procmux$602.
    dead port 1/2 on $mux $procmux$599.
    dead port 1/2 on $mux $procmux$596.
    dead port 1/2 on $mux $procmux$593.
    dead port 1/2 on $mux $procmux$590.
    dead port 1/2 on $mux $procmux$587.
    dead port 1/2 on $mux $procmux$584.
    dead port 1/2 on $mux $procmux$581.
    dead port 1/2 on $mux $procmux$578.
    dead port 1/2 on $mux $procmux$575.
    dead port 1/2 on $mux $procmux$572.
    dead port 1/2 on $mux $procmux$569.
    dead port 1/2 on $mux $procmux$563.
    dead port 1/2 on $mux $procmux$560.
    dead port 1/2 on $mux $procmux$557.
    dead port 1/2 on $mux $procmux$554.
    dead port 1/2 on $mux $procmux$551.
    dead port 1/2 on $mux $procmux$548.
    dead port 1/2 on $mux $procmux$545.
    dead port 1/2 on $mux $procmux$542.
    dead port 1/2 on $mux $procmux$539.
    dead port 1/2 on $mux $procmux$536.
    dead port 1/2 on $mux $procmux$533.
    dead port 1/2 on $mux $procmux$530.
    dead port 1/2 on $mux $procmux$527.
    dead port 1/2 on $mux $procmux$524.
    dead port 1/2 on $mux $procmux$521.
    dead port 1/2 on $mux $procmux$518.
    dead port 1/2 on $mux $procmux$515.
    dead port 1/2 on $mux $procmux$512.
    dead port 1/2 on $mux $procmux$509.
    dead port 1/2 on $mux $procmux$506.
    dead port 1/2 on $mux $procmux$503.
    dead port 1/2 on $mux $procmux$500.
    dead port 1/2 on $mux $procmux$497.
    dead port 1/2 on $mux $procmux$491.
    dead port 1/2 on $mux $procmux$488.
    dead port 1/2 on $mux $procmux$485.
    dead port 1/2 on $mux $procmux$482.
    dead port 1/2 on $mux $procmux$479.
    dead port 1/2 on $mux $procmux$476.
    dead port 1/2 on $mux $procmux$473.
    dead port 1/2 on $mux $procmux$470.
    dead port 1/2 on $mux $procmux$467.
    dead port 1/2 on $mux $procmux$464.
    dead port 1/2 on $mux $procmux$461.
    dead port 1/2 on $mux $procmux$458.
    dead port 1/2 on $mux $procmux$455.
    dead port 1/2 on $mux $procmux$452.
    dead port 1/2 on $mux $procmux$449.
    dead port 1/2 on $mux $procmux$446.
    dead port 1/2 on $mux $procmux$443.
    dead port 1/2 on $mux $procmux$440.
    dead port 1/2 on $mux $procmux$437.
    dead port 1/2 on $mux $procmux$434.
    dead port 1/2 on $mux $procmux$431.
    dead port 1/2 on $mux $procmux$428.
    dead port 1/2 on $mux $procmux$425.
    dead port 1/2 on $mux $procmux$422.
    dead port 1/2 on $mux $procmux$416.
    dead port 1/2 on $mux $procmux$413.
    dead port 1/2 on $mux $procmux$410.
    dead port 1/2 on $mux $procmux$407.
    dead port 1/2 on $mux $procmux$404.
    dead port 1/2 on $mux $procmux$401.
    dead port 1/2 on $mux $procmux$398.
    dead port 1/2 on $mux $procmux$395.
    dead port 1/2 on $mux $procmux$392.
    dead port 1/2 on $mux $procmux$389.
    dead port 1/2 on $mux $procmux$386.
    dead port 1/2 on $mux $procmux$383.
    dead port 1/2 on $mux $procmux$380.
    dead port 1/2 on $mux $procmux$377.
    dead port 1/2 on $mux $procmux$374.
    dead port 1/2 on $mux $procmux$371.
    dead port 1/2 on $mux $procmux$368.
    dead port 1/2 on $mux $procmux$365.
    dead port 1/2 on $mux $procmux$362.
    dead port 1/2 on $mux $procmux$359.
    dead port 1/2 on $mux $procmux$356.
    dead port 1/2 on $mux $procmux$353.
    dead port 1/2 on $mux $procmux$350.
    dead port 1/2 on $mux $procmux$347.
    dead port 1/2 on $mux $procmux$344.
    dead port 1/2 on $mux $procmux$338.
    dead port 1/2 on $mux $procmux$335.
    dead port 1/2 on $mux $procmux$332.
    dead port 1/2 on $mux $procmux$329.
    dead port 1/2 on $mux $procmux$326.
    dead port 1/2 on $mux $procmux$323.
    dead port 1/2 on $mux $procmux$320.
    dead port 1/2 on $mux $procmux$317.
    dead port 1/2 on $mux $procmux$314.
    dead port 1/2 on $mux $procmux$311.
    dead port 1/2 on $mux $procmux$308.
    dead port 1/2 on $mux $procmux$305.
    dead port 1/2 on $mux $procmux$302.
    dead port 1/2 on $mux $procmux$299.
    dead port 1/2 on $mux $procmux$296.
    dead port 1/2 on $mux $procmux$293.
    dead port 1/2 on $mux $procmux$290.
    dead port 1/2 on $mux $procmux$287.
    dead port 1/2 on $mux $procmux$284.
    dead port 1/2 on $mux $procmux$281.
    dead port 1/2 on $mux $procmux$278.
    dead port 1/2 on $mux $procmux$275.
    dead port 1/2 on $mux $procmux$272.
    dead port 1/2 on $mux $procmux$269.
    dead port 1/2 on $mux $procmux$266.
    dead port 1/2 on $mux $procmux$263.
    dead port 1/2 on $mux $procmux$257.
    dead port 1/2 on $mux $procmux$254.
    dead port 1/2 on $mux $procmux$251.
    dead port 1/2 on $mux $procmux$248.
    dead port 1/2 on $mux $procmux$245.
    dead port 1/2 on $mux $procmux$242.
    dead port 1/2 on $mux $procmux$239.
    dead port 1/2 on $mux $procmux$236.
    dead port 1/2 on $mux $procmux$233.
    dead port 1/2 on $mux $procmux$230.
    dead port 1/2 on $mux $procmux$227.
    dead port 1/2 on $mux $procmux$224.
    dead port 1/2 on $mux $procmux$221.
    dead port 1/2 on $mux $procmux$218.
    dead port 1/2 on $mux $procmux$215.
    dead port 1/2 on $mux $procmux$212.
    dead port 1/2 on $mux $procmux$209.
    dead port 1/2 on $mux $procmux$206.
    dead port 1/2 on $mux $procmux$203.
    dead port 1/2 on $mux $procmux$200.
    dead port 1/2 on $mux $procmux$197.
    dead port 1/2 on $mux $procmux$194.
    dead port 1/2 on $mux $procmux$191.
    dead port 1/2 on $mux $procmux$188.
    dead port 1/2 on $mux $procmux$185.
    dead port 1/2 on $mux $procmux$182.
    dead port 1/2 on $mux $procmux$179.
    dead port 1/2 on $mux $procmux$173.
    dead port 1/2 on $mux $procmux$170.
    dead port 1/2 on $mux $procmux$167.
    dead port 1/2 on $mux $procmux$164.
    dead port 1/2 on $mux $procmux$161.
    dead port 1/2 on $mux $procmux$158.
    dead port 1/2 on $mux $procmux$155.
    dead port 1/2 on $mux $procmux$152.
    dead port 1/2 on $mux $procmux$149.
    dead port 1/2 on $mux $procmux$146.
    dead port 1/2 on $mux $procmux$143.
    dead port 1/2 on $mux $procmux$140.
    dead port 1/2 on $mux $procmux$137.
    dead port 1/2 on $mux $procmux$134.
    dead port 1/2 on $mux $procmux$131.
    dead port 1/2 on $mux $procmux$128.
    dead port 1/2 on $mux $procmux$125.
    dead port 1/2 on $mux $procmux$122.
    dead port 1/2 on $mux $procmux$119.
    dead port 1/2 on $mux $procmux$116.
    dead port 1/2 on $mux $procmux$113.
    dead port 1/2 on $mux $procmux$110.
    dead port 1/2 on $mux $procmux$107.
    dead port 1/2 on $mux $procmux$104.
    dead port 1/2 on $mux $procmux$101.
    dead port 1/2 on $mux $procmux$98.
    dead port 1/2 on $mux $procmux$95.
    dead port 1/2 on $mux $procmux$92.
Removed 406 multiplexer ports.

2.8.4. Executing OPT_REDUCE pass (consolidate $*mux and $reduce_* inputs).
  Optimizing cells in module \ex253_semantic_u2_sum8_bytetable_qrange.
Performed a total of 0 changes.

2.8.5. Executing OPT_MERGE pass (detect identical cells).
Finding identical cells in module `\ex253_semantic_u2_sum8_bytetable_qrange'.
Computing hashes of 63 cells of `\ex253_semantic_u2_sum8_bytetable_qrange'.
Finding duplicate cells in `\ex253_semantic_u2_sum8_bytetable_qrange'.
Removed a total of 0 cells.

2.8.6. Executing OPT_DFF pass (perform DFF optimizations).

2.8.7. Executing OPT_CLEAN pass (remove unused cells and wires).
Finding unused cells or wires in module \ex253_semantic_u2_sum8_bytetable_qrange..
Removed 0 unused cells and 406 unused wires.

2.8.8. Executing OPT_EXPR pass (perform const folding).
Optimizing module ex253_semantic_u2_sum8_bytetable_qrange.

2.8.9. Rerunning OPT passes. (Maybe there is more to do..)

2.8.10. Executing OPT_MUXTREE pass (detect dead branches in mux trees).
Running muxtree optimizer on module \ex253_semantic_u2_sum8_bytetable_qrange..
  Creating internal representation of mux trees.
  Evaluating internal representation of mux trees.
  Analyzing evaluation results.
Removed 0 multiplexer ports.

2.8.11. Executing OPT_REDUCE pass (consolidate $*mux and $reduce_* inputs).
  Optimizing cells in module \ex253_semantic_u2_sum8_bytetable_qrange.
Performed a total of 0 changes.

2.8.12. Executing OPT_MERGE pass (detect identical cells).
Finding identical cells in module `\ex253_semantic_u2_sum8_bytetable_qrange'.
Computing hashes of 63 cells of `\ex253_semantic_u2_sum8_bytetable_qrange'.
Finding duplicate cells in `\ex253_semantic_u2_sum8_bytetable_qrange'.
Removed a total of 0 cells.

2.8.13. Executing OPT_DFF pass (perform DFF optimizations).

2.8.14. Executing OPT_CLEAN pass (remove unused cells and wires).
Finding unused cells or wires in module \ex253_semantic_u2_sum8_bytetable_qrange..

2.8.15. Executing OPT_EXPR pass (perform const folding).
Optimizing module ex253_semantic_u2_sum8_bytetable_qrange.

2.8.16. Finished fast OPT passes. (There is nothing left to do.)

2.9. Executing FSM pass (extract and optimize FSM).

2.9.1. Executing FSM_DETECT pass (finding FSMs in design).

2.9.2. Executing FSM_EXTRACT pass (extracting FSM from design).

2.9.3. Executing FSM_OPT pass (simple optimizations of FSMs).

2.9.4. Executing OPT_CLEAN pass (remove unused cells and wires).
Finding unused cells or wires in module \ex253_semantic_u2_sum8_bytetable_qrange..

2.9.5. Executing FSM_OPT pass (simple optimizations of FSMs).

2.9.6. Executing FSM_RECODE pass (re-assigning FSM state encoding).

2.9.7. Executing FSM_INFO pass (dumping all available information on FSM cells).

2.9.8. Executing FSM_MAP pass (mapping FSMs to basic logic).

2.10. Executing OPT pass (performing simple optimizations).

2.10.1. Executing OPT_EXPR pass (perform const folding).
Optimizing module ex253_semantic_u2_sum8_bytetable_qrange.

2.10.2. Executing OPT_MERGE pass (detect identical cells).
Finding identical cells in module `\ex253_semantic_u2_sum8_bytetable_qrange'.
Computing hashes of 63 cells of `\ex253_semantic_u2_sum8_bytetable_qrange'.
Finding duplicate cells in `\ex253_semantic_u2_sum8_bytetable_qrange'.
Removed a total of 0 cells.

2.10.3. Executing OPT_MUXTREE pass (detect dead branches in mux trees).
Running muxtree optimizer on module \ex253_semantic_u2_sum8_bytetable_qrange..
  Creating internal representation of mux trees.
  Evaluating internal representation of mux trees.
  Analyzing evaluation results.
Removed 0 multiplexer ports.

2.10.4. Executing OPT_REDUCE pass (consolidate $*mux and $reduce_* inputs).
  Optimizing cells in module \ex253_semantic_u2_sum8_bytetable_qrange.
Performed a total of 0 changes.

2.10.5. Executing OPT_MERGE pass (detect identical cells).
Finding identical cells in module `\ex253_semantic_u2_sum8_bytetable_qrange'.
Computing hashes of 63 cells of `\ex253_semantic_u2_sum8_bytetable_qrange'.
Finding duplicate cells in `\ex253_semantic_u2_sum8_bytetable_qrange'.
Removed a total of 0 cells.

2.10.6. Executing OPT_DFF pass (perform DFF optimizations).

2.10.7. Executing OPT_CLEAN pass (remove unused cells and wires).
Finding unused cells or wires in module \ex253_semantic_u2_sum8_bytetable_qrange..

2.10.8. Executing OPT_EXPR pass (perform const folding).
Optimizing module ex253_semantic_u2_sum8_bytetable_qrange.

2.10.9. Finished fast OPT passes. (There is nothing left to do.)

2.11. Executing WREDUCE pass (reducing word size of cells).
Removed top 24 address bits (of 32) from memory init port ex253_semantic_u2_sum8_bytetable_qrange.$auto$mem.cc:351:emit$87 ($auto$proc_rom.cc:155:do_switch$85).
Removed top 24 address bits (of 32) from memory init port ex253_semantic_u2_sum8_bytetable_qrange.$auto$mem.cc:351:emit$83 ($auto$proc_rom.cc:155:do_switch$81).
Removed top 1 bits (of 6) from port A of cell ex253_semantic_u2_sum8_bytetable_qrange.$add$/home/b10507053/ALS_Final_Project/student/work/ex250_ex254_frontend_fp4_dot_fma_semantic_20260608_2105/ex253/verilog/ex253_semantic_u2_sum8_bytetable_qrange.v:269$7 ($add).
Removed top 1 bits (of 6) from port B of cell ex253_semantic_u2_sum8_bytetable_qrange.$add$/home/b10507053/ALS_Final_Project/student/work/ex250_ex254_frontend_fp4_dot_fma_semantic_20260608_2105/ex253/verilog/ex253_semantic_u2_sum8_bytetable_qrange.v:269$7 ($add).
Removed top 3 bits (of 10) from port A of cell ex253_semantic_u2_sum8_bytetable_qrange.$le$/home/b10507053/ALS_Final_Project/student/work/ex250_ex254_frontend_fp4_dot_fma_semantic_20260608_2105/ex253/verilog/ex253_semantic_u2_sum8_bytetable_qrange.v:274$22 ($le).
Removed top 9 bits (of 10) from port B of cell ex253_semantic_u2_sum8_bytetable_qrange.$le$/home/b10507053/ALS_Final_Project/student/work/ex250_ex254_frontend_fp4_dot_fma_semantic_20260608_2105/ex253/verilog/ex253_semantic_u2_sum8_bytetable_qrange.v:274$22 ($le).
Removed top 3 bits (of 10) from port A of cell ex253_semantic_u2_sum8_bytetable_qrange.$le$/home/b10507053/ALS_Final_Project/student/work/ex250_ex254_frontend_fp4_dot_fma_semantic_20260608_2105/ex253/verilog/ex253_semantic_u2_sum8_bytetable_qrange.v:275$24 ($le).
Removed top 9 bits (of 10) from port B of cell ex253_semantic_u2_sum8_bytetable_qrange.$le$/home/b10507053/ALS_Final_Project/student/work/ex250_ex254_frontend_fp4_dot_fma_semantic_20260608_2105/ex253/verilog/ex253_semantic_u2_sum8_bytetable_qrange.v:275$24 ($le).
Removed top 3 bits (of 10) from port A of cell ex253_semantic_u2_sum8_bytetable_qrange.$le$/home/b10507053/ALS_Final_Project/student/work/ex250_ex254_frontend_fp4_dot_fma_semantic_20260608_2105/ex253/verilog/ex253_semantic_u2_sum8_bytetable_qrange.v:276$26 ($le).
Removed top 8 bits (of 10) from port B of cell ex253_semantic_u2_sum8_bytetable_qrange.$le$/home/b10507053/ALS_Final_Project/student/work/ex250_ex254_frontend_fp4_dot_fma_semantic_20260608_2105/ex253/verilog/ex253_semantic_u2_sum8_bytetable_qrange.v:276$26 ($le).
Removed top 3 bits (of 10) from port A of cell ex253_semantic_u2_sum8_bytetable_qrange.$le$/home/b10507053/ALS_Final_Project/student/work/ex250_ex254_frontend_fp4_dot_fma_semantic_20260608_2105/ex253/verilog/ex253_semantic_u2_sum8_bytetable_qrange.v:277$28 ($le).
Removed top 8 bits (of 10) from port B of cell ex253_semantic_u2_sum8_bytetable_qrange.$le$/home/b10507053/ALS_Final_Project/student/work/ex250_ex254_frontend_fp4_dot_fma_semantic_20260608_2105/ex253/verilog/ex253_semantic_u2_sum8_bytetable_qrange.v:277$28 ($le).
Removed top 3 bits (of 10) from port A of cell ex253_semantic_u2_sum8_bytetable_qrange.$le$/home/b10507053/ALS_Final_Project/student/work/ex250_ex254_frontend_fp4_dot_fma_semantic_20260608_2105/ex253/verilog/ex253_semantic_u2_sum8_bytetable_qrange.v:278$30 ($le).
Removed top 7 bits (of 10) from port B of cell ex253_semantic_u2_sum8_bytetable_qrange.$le$/home/b10507053/ALS_Final_Project/student/work/ex250_ex254_frontend_fp4_dot_fma_semantic_20260608_2105/ex253/verilog/ex253_semantic_u2_sum8_bytetable_qrange.v:278$30 ($le).
Removed top 3 bits (of 10) from port A of cell ex253_semantic_u2_sum8_bytetable_qrange.$le$/home/b10507053/ALS_Final_Project/student/work/ex250_ex254_frontend_fp4_dot_fma_semantic_20260608_2105/ex253/verilog/ex253_semantic_u2_sum8_bytetable_qrange.v:279$32 ($le).
Removed top 7 bits (of 10) from port B of cell ex253_semantic_u2_sum8_bytetable_qrange.$le$/home/b10507053/ALS_Final_Project/student/work/ex250_ex254_frontend_fp4_dot_fma_semantic_20260608_2105/ex253/verilog/ex253_semantic_u2_sum8_bytetable_qrange.v:279$32 ($le).
Removed top 3 bits (of 10) from port A of cell ex253_semantic_u2_sum8_bytetable_qrange.$le$/home/b10507053/ALS_Final_Project/student/work/ex250_ex254_frontend_fp4_dot_fma_semantic_20260608_2105/ex253/verilog/ex253_semantic_u2_sum8_bytetable_qrange.v:280$34 ($le).
Removed top 7 bits (of 10) from port B of cell ex253_semantic_u2_sum8_bytetable_qrange.$le$/home/b10507053/ALS_Final_Project/student/work/ex250_ex254_frontend_fp4_dot_fma_semantic_20260608_2105/ex253/verilog/ex253_semantic_u2_sum8_bytetable_qrange.v:280$34 ($le).
Removed top 3 bits (of 10) from port A of cell ex253_semantic_u2_sum8_bytetable_qrange.$le$/home/b10507053/ALS_Final_Project/student/work/ex250_ex254_frontend_fp4_dot_fma_semantic_20260608_2105/ex253/verilog/ex253_semantic_u2_sum8_bytetable_qrange.v:281$36 ($le).
Removed top 7 bits (of 10) from port B of cell ex253_semantic_u2_sum8_bytetable_qrange.$le$/home/b10507053/ALS_Final_Project/student/work/ex250_ex254_frontend_fp4_dot_fma_semantic_20260608_2105/ex253/verilog/ex253_semantic_u2_sum8_bytetable_qrange.v:281$36 ($le).
Removed top 3 bits (of 10) from port A of cell ex253_semantic_u2_sum8_bytetable_qrange.$le$/home/b10507053/ALS_Final_Project/student/work/ex250_ex254_frontend_fp4_dot_fma_semantic_20260608_2105/ex253/verilog/ex253_semantic_u2_sum8_bytetable_qrange.v:282$38 ($le).
Removed top 6 bits (of 10) from port B of cell ex253_semantic_u2_sum8_bytetable_qrange.$le$/home/b10507053/ALS_Final_Project/student/work/ex250_ex254_frontend_fp4_dot_fma_semantic_20260608_2105/ex253/verilog/ex253_semantic_u2_sum8_bytetable_qrange.v:282$38 ($le).
Removed top 3 bits (of 10) from port A of cell ex253_semantic_u2_sum8_bytetable_qrange.$le$/home/b10507053/ALS_Final_Project/student/work/ex250_ex254_frontend_fp4_dot_fma_semantic_20260608_2105/ex253/verilog/ex253_semantic_u2_sum8_bytetable_qrange.v:283$40 ($le).
Removed top 6 bits (of 10) from port B of cell ex253_semantic_u2_sum8_bytetable_qrange.$le$/home/b10507053/ALS_Final_Project/student/work/ex250_ex254_frontend_fp4_dot_fma_semantic_20260608_2105/ex253/verilog/ex253_semantic_u2_sum8_bytetable_qrange.v:283$40 ($le).
Removed top 3 bits (of 10) from port A of cell ex253_semantic_u2_sum8_bytetable_qrange.$le$/home/b10507053/ALS_Final_Project/student/work/ex250_ex254_frontend_fp4_dot_fma_semantic_20260608_2105/ex253/verilog/ex253_semantic_u2_sum8_bytetable_qrange.v:284$42 ($le).
Removed top 6 bits (of 10) from port B of cell ex253_semantic_u2_sum8_bytetable_qrange.$le$/home/b10507053/ALS_Final_Project/student/work/ex250_ex254_frontend_fp4_dot_fma_semantic_20260608_2105/ex253/verilog/ex253_semantic_u2_sum8_bytetable_qrange.v:284$42 ($le).
Removed top 3 bits (of 10) from port A of cell ex253_semantic_u2_sum8_bytetable_qrange.$le$/home/b10507053/ALS_Final_Project/student/work/ex250_ex254_frontend_fp4_dot_fma_semantic_20260608_2105/ex253/verilog/ex253_semantic_u2_sum8_bytetable_qrange.v:285$44 ($le).
Removed top 6 bits (of 10) from port B of cell ex253_semantic_u2_sum8_bytetable_qrange.$le$/home/b10507053/ALS_Final_Project/student/work/ex250_ex254_frontend_fp4_dot_fma_semantic_20260608_2105/ex253/verilog/ex253_semantic_u2_sum8_bytetable_qrange.v:285$44 ($le).
Removed top 3 bits (of 10) from port A of cell ex253_semantic_u2_sum8_bytetable_qrange.$le$/home/b10507053/ALS_Final_Project/student/work/ex250_ex254_frontend_fp4_dot_fma_semantic_20260608_2105/ex253/verilog/ex253_semantic_u2_sum8_bytetable_qrange.v:286$46 ($le).
Removed top 6 bits (of 10) from port B of cell ex253_semantic_u2_sum8_bytetable_qrange.$le$/home/b10507053/ALS_Final_Project/student/work/ex250_ex254_frontend_fp4_dot_fma_semantic_20260608_2105/ex253/verilog/ex253_semantic_u2_sum8_bytetable_qrange.v:286$46 ($le).
Removed top 3 bits (of 10) from port A of cell ex253_semantic_u2_sum8_bytetable_qrange.$le$/home/b10507053/ALS_Final_Project/student/work/ex250_ex254_frontend_fp4_dot_fma_semantic_20260608_2105/ex253/verilog/ex253_semantic_u2_sum8_bytetable_qrange.v:287$48 ($le).
Removed top 6 bits (of 10) from port B of cell ex253_semantic_u2_sum8_bytetable_qrange.$le$/home/b10507053/ALS_Final_Project/student/work/ex250_ex254_frontend_fp4_dot_fma_semantic_20260608_2105/ex253/verilog/ex253_semantic_u2_sum8_bytetable_qrange.v:287$48 ($le).
Removed top 3 bits (of 10) from port A of cell ex253_semantic_u2_sum8_bytetable_qrange.$le$/home/b10507053/ALS_Final_Project/student/work/ex250_ex254_frontend_fp4_dot_fma_semantic_20260608_2105/ex253/verilog/ex253_semantic_u2_sum8_bytetable_qrange.v:288$50 ($le).
Removed top 6 bits (of 10) from port B of cell ex253_semantic_u2_sum8_bytetable_qrange.$le$/home/b10507053/ALS_Final_Project/student/work/ex250_ex254_frontend_fp4_dot_fma_semantic_20260608_2105/ex253/verilog/ex253_semantic_u2_sum8_bytetable_qrange.v:288$50 ($le).
Removed top 3 bits (of 10) from port A of cell ex253_semantic_u2_sum8_bytetable_qrange.$le$/home/b10507053/ALS_Final_Project/student/work/ex250_ex254_frontend_fp4_dot_fma_semantic_20260608_2105/ex253/verilog/ex253_semantic_u2_sum8_bytetable_qrange.v:289$52 ($le).
Removed top 6 bits (of 10) from port B of cell ex253_semantic_u2_sum8_bytetable_qrange.$le$/home/b10507053/ALS_Final_Project/student/work/ex250_ex254_frontend_fp4_dot_fma_semantic_20260608_2105/ex253/verilog/ex253_semantic_u2_sum8_bytetable_qrange.v:289$52 ($le).
Removed top 3 bits (of 10) from port A of cell ex253_semantic_u2_sum8_bytetable_qrange.$le$/home/b10507053/ALS_Final_Project/student/work/ex250_ex254_frontend_fp4_dot_fma_semantic_20260608_2105/ex253/verilog/ex253_semantic_u2_sum8_bytetable_qrange.v:290$54 ($le).
Removed top 5 bits (of 10) from port B of cell ex253_semantic_u2_sum8_bytetable_qrange.$le$/home/b10507053/ALS_Final_Project/student/work/ex250_ex254_frontend_fp4_dot_fma_semantic_20260608_2105/ex253/verilog/ex253_semantic_u2_sum8_bytetable_qrange.v:290$54 ($le).
Removed top 3 bits (of 10) from port A of cell ex253_semantic_u2_sum8_bytetable_qrange.$le$/home/b10507053/ALS_Final_Project/student/work/ex250_ex254_frontend_fp4_dot_fma_semantic_20260608_2105/ex253/verilog/ex253_semantic_u2_sum8_bytetable_qrange.v:291$56 ($le).
Removed top 5 bits (of 10) from port B of cell ex253_semantic_u2_sum8_bytetable_qrange.$le$/home/b10507053/ALS_Final_Project/student/work/ex250_ex254_frontend_fp4_dot_fma_semantic_20260608_2105/ex253/verilog/ex253_semantic_u2_sum8_bytetable_qrange.v:291$56 ($le).
Removed top 3 bits (of 10) from port A of cell ex253_semantic_u2_sum8_bytetable_qrange.$le$/home/b10507053/ALS_Final_Project/student/work/ex250_ex254_frontend_fp4_dot_fma_semantic_20260608_2105/ex253/verilog/ex253_semantic_u2_sum8_bytetable_qrange.v:292$58 ($le).
Removed top 5 bits (of 10) from port B of cell ex253_semantic_u2_sum8_bytetable_qrange.$le$/home/b10507053/ALS_Final_Project/student/work/ex250_ex254_frontend_fp4_dot_fma_semantic_20260608_2105/ex253/verilog/ex253_semantic_u2_sum8_bytetable_qrange.v:292$58 ($le).
Removed top 3 bits (of 10) from port A of cell ex253_semantic_u2_sum8_bytetable_qrange.$le$/home/b10507053/ALS_Final_Project/student/work/ex250_ex254_frontend_fp4_dot_fma_semantic_20260608_2105/ex253/verilog/ex253_semantic_u2_sum8_bytetable_qrange.v:293$60 ($le).
Removed top 5 bits (of 10) from port B of cell ex253_semantic_u2_sum8_bytetable_qrange.$le$/home/b10507053/ALS_Final_Project/student/work/ex250_ex254_frontend_fp4_dot_fma_semantic_20260608_2105/ex253/verilog/ex253_semantic_u2_sum8_bytetable_qrange.v:293$60 ($le).
Removed top 3 bits (of 10) from port A of cell ex253_semantic_u2_sum8_bytetable_qrange.$le$/home/b10507053/ALS_Final_Project/student/work/ex250_ex254_frontend_fp4_dot_fma_semantic_20260608_2105/ex253/verilog/ex253_semantic_u2_sum8_bytetable_qrange.v:294$62 ($le).
Removed top 5 bits (of 10) from port B of cell ex253_semantic_u2_sum8_bytetable_qrange.$le$/home/b10507053/ALS_Final_Project/student/work/ex250_ex254_frontend_fp4_dot_fma_semantic_20260608_2105/ex253/verilog/ex253_semantic_u2_sum8_bytetable_qrange.v:294$62 ($le).
Removed top 3 bits (of 10) from port A of cell ex253_semantic_u2_sum8_bytetable_qrange.$le$/home/b10507053/ALS_Final_Project/student/work/ex250_ex254_frontend_fp4_dot_fma_semantic_20260608_2105/ex253/verilog/ex253_semantic_u2_sum8_bytetable_qrange.v:295$64 ($le).
Removed top 5 bits (of 10) from port B of cell ex253_semantic_u2_sum8_bytetable_qrange.$le$/home/b10507053/ALS_Final_Project/student/work/ex250_ex254_frontend_fp4_dot_fma_semantic_20260608_2105/ex253/verilog/ex253_semantic_u2_sum8_bytetable_qrange.v:295$64 ($le).
Removed top 3 bits (of 10) from port A of cell ex253_semantic_u2_sum8_bytetable_qrange.$le$/home/b10507053/ALS_Final_Project/student/work/ex250_ex254_frontend_fp4_dot_fma_semantic_20260608_2105/ex253/verilog/ex253_semantic_u2_sum8_bytetable_qrange.v:296$66 ($le).
Removed top 5 bits (of 10) from port B of cell ex253_semantic_u2_sum8_bytetable_qrange.$le$/home/b10507053/ALS_Final_Project/student/work/ex250_ex254_frontend_fp4_dot_fma_semantic_20260608_2105/ex253/verilog/ex253_semantic_u2_sum8_bytetable_qrange.v:296$66 ($le).
Removed top 3 bits (of 10) from port A of cell ex253_semantic_u2_sum8_bytetable_qrange.$le$/home/b10507053/ALS_Final_Project/student/work/ex250_ex254_frontend_fp4_dot_fma_semantic_20260608_2105/ex253/verilog/ex253_semantic_u2_sum8_bytetable_qrange.v:297$68 ($le).
Removed top 5 bits (of 10) from port B of cell ex253_semantic_u2_sum8_bytetable_qrange.$le$/home/b10507053/ALS_Final_Project/student/work/ex250_ex254_frontend_fp4_dot_fma_semantic_20260608_2105/ex253/verilog/ex253_semantic_u2_sum8_bytetable_qrange.v:297$68 ($le).
Removed top 3 bits (of 10) from port A of cell ex253_semantic_u2_sum8_bytetable_qrange.$le$/home/b10507053/ALS_Final_Project/student/work/ex250_ex254_frontend_fp4_dot_fma_semantic_20260608_2105/ex253/verilog/ex253_semantic_u2_sum8_bytetable_qrange.v:298$70 ($le).
Removed top 4 bits (of 10) from port B of cell ex253_semantic_u2_sum8_bytetable_qrange.$le$/home/b10507053/ALS_Final_Project/student/work/ex250_ex254_frontend_fp4_dot_fma_semantic_20260608_2105/ex253/verilog/ex253_semantic_u2_sum8_bytetable_qrange.v:298$70 ($le).
Removed top 3 bits (of 10) from port A of cell ex253_semantic_u2_sum8_bytetable_qrange.$le$/home/b10507053/ALS_Final_Project/student/work/ex250_ex254_frontend_fp4_dot_fma_semantic_20260608_2105/ex253/verilog/ex253_semantic_u2_sum8_bytetable_qrange.v:299$72 ($le).
Removed top 4 bits (of 10) from port B of cell ex253_semantic_u2_sum8_bytetable_qrange.$le$/home/b10507053/ALS_Final_Project/student/work/ex250_ex254_frontend_fp4_dot_fma_semantic_20260608_2105/ex253/verilog/ex253_semantic_u2_sum8_bytetable_qrange.v:299$72 ($le).
Removed top 3 bits (of 10) from port A of cell ex253_semantic_u2_sum8_bytetable_qrange.$le$/home/b10507053/ALS_Final_Project/student/work/ex250_ex254_frontend_fp4_dot_fma_semantic_20260608_2105/ex253/verilog/ex253_semantic_u2_sum8_bytetable_qrange.v:300$74 ($le).
Removed top 4 bits (of 10) from port B of cell ex253_semantic_u2_sum8_bytetable_qrange.$le$/home/b10507053/ALS_Final_Project/student/work/ex250_ex254_frontend_fp4_dot_fma_semantic_20260608_2105/ex253/verilog/ex253_semantic_u2_sum8_bytetable_qrange.v:300$74 ($le).
Removed top 3 bits (of 10) from port A of cell ex253_semantic_u2_sum8_bytetable_qrange.$le$/home/b10507053/ALS_Final_Project/student/work/ex250_ex254_frontend_fp4_dot_fma_semantic_20260608_2105/ex253/verilog/ex253_semantic_u2_sum8_bytetable_qrange.v:301$76 ($le).
Removed top 4 bits (of 10) from port B of cell ex253_semantic_u2_sum8_bytetable_qrange.$le$/home/b10507053/ALS_Final_Project/student/work/ex250_ex254_frontend_fp4_dot_fma_semantic_20260608_2105/ex253/verilog/ex253_semantic_u2_sum8_bytetable_qrange.v:301$76 ($le).
Removed top 3 bits (of 10) from port A of cell ex253_semantic_u2_sum8_bytetable_qrange.$le$/home/b10507053/ALS_Final_Project/student/work/ex250_ex254_frontend_fp4_dot_fma_semantic_20260608_2105/ex253/verilog/ex253_semantic_u2_sum8_bytetable_qrange.v:302$78 ($le).
Removed top 4 bits (of 10) from port B of cell ex253_semantic_u2_sum8_bytetable_qrange.$le$/home/b10507053/ALS_Final_Project/student/work/ex250_ex254_frontend_fp4_dot_fma_semantic_20260608_2105/ex253/verilog/ex253_semantic_u2_sum8_bytetable_qrange.v:302$78 ($le).
Removed top 1 bits (of 7) from mux cell ex253_semantic_u2_sum8_bytetable_qrange.$procmux$89 ($mux).
Removed top 1 bits (of 7) from mux cell ex253_semantic_u2_sum8_bytetable_qrange.$procmux$176 ($mux).
Removed top 1 bits (of 7) from mux cell ex253_semantic_u2_sum8_bytetable_qrange.$procmux$260 ($mux).
Removed top 1 bits (of 7) from mux cell ex253_semantic_u2_sum8_bytetable_qrange.$procmux$341 ($mux).
Removed top 1 bits (of 7) from mux cell ex253_semantic_u2_sum8_bytetable_qrange.$procmux$419 ($mux).
Removed top 1 bits (of 7) from mux cell ex253_semantic_u2_sum8_bytetable_qrange.$procmux$494 ($mux).
Removed top 1 bits (of 7) from mux cell ex253_semantic_u2_sum8_bytetable_qrange.$procmux$566 ($mux).
Removed top 1 bits (of 7) from mux cell ex253_semantic_u2_sum8_bytetable_qrange.$procmux$635 ($mux).
Removed top 1 bits (of 7) from mux cell ex253_semantic_u2_sum8_bytetable_qrange.$procmux$701 ($mux).
Removed top 1 bits (of 7) from mux cell ex253_semantic_u2_sum8_bytetable_qrange.$procmux$764 ($mux).
Removed top 1 bits (of 7) from mux cell ex253_semantic_u2_sum8_bytetable_qrange.$procmux$824 ($mux).
Removed top 1 bits (of 7) from mux cell ex253_semantic_u2_sum8_bytetable_qrange.$procmux$881 ($mux).
Removed top 1 bits (of 7) from mux cell ex253_semantic_u2_sum8_bytetable_qrange.$procmux$935 ($mux).
Removed top 1 bits (of 7) from mux cell ex253_semantic_u2_sum8_bytetable_qrange.$procmux$986 ($mux).
Removed top 1 bits (of 7) from mux cell ex253_semantic_u2_sum8_bytetable_qrange.$procmux$1034 ($mux).
Removed top 1 bits (of 7) from mux cell ex253_semantic_u2_sum8_bytetable_qrange.$procmux$1079 ($mux).
Removed top 1 bits (of 7) from mux cell ex253_semantic_u2_sum8_bytetable_qrange.$procmux$1121 ($mux).
Removed top 1 bits (of 7) from mux cell ex253_semantic_u2_sum8_bytetable_qrange.$procmux$1160 ($mux).
Removed top 1 bits (of 7) from mux cell ex253_semantic_u2_sum8_bytetable_qrange.$procmux$1196 ($mux).
Removed top 1 bits (of 7) from mux cell ex253_semantic_u2_sum8_bytetable_qrange.$procmux$1229 ($mux).
Removed top 1 bits (of 7) from mux cell ex253_semantic_u2_sum8_bytetable_qrange.$procmux$1259 ($mux).
Removed top 1 bits (of 7) from wire ex253_semantic_u2_sum8_bytetable_qrange.$21\quant_scaled$func$/home/b10507053/ALS_Final_Project/student/work/ex250_ex254_frontend_fp4_dot_fma_semantic_20260608_2105/ex253/verilog/ex253_semantic_u2_sum8_bytetable_qrange.v:308$6.$result[6:0]$63.
Removed top 1 bits (of 7) from wire ex253_semantic_u2_sum8_bytetable_qrange.$20\quant_scaled$func$/home/b10507053/ALS_Final_Project/student/work/ex250_ex254_frontend_fp4_dot_fma_semantic_20260608_2105/ex253/verilog/ex253_semantic_u2_sum8_bytetable_qrange.v:308$6.$result[6:0]$61.
Removed top 1 bits (of 7) from wire ex253_semantic_u2_sum8_bytetable_qrange.$19\quant_scaled$func$/home/b10507053/ALS_Final_Project/student/work/ex250_ex254_frontend_fp4_dot_fma_semantic_20260608_2105/ex253/verilog/ex253_semantic_u2_sum8_bytetable_qrange.v:308$6.$result[6:0]$59.
Removed top 1 bits (of 7) from wire ex253_semantic_u2_sum8_bytetable_qrange.$18\quant_scaled$func$/home/b10507053/ALS_Final_Project/student/work/ex250_ex254_frontend_fp4_dot_fma_semantic_20260608_2105/ex253/verilog/ex253_semantic_u2_sum8_bytetable_qrange.v:308$6.$result[6:0]$57.
Removed top 1 bits (of 7) from wire ex253_semantic_u2_sum8_bytetable_qrange.$17\quant_scaled$func$/home/b10507053/ALS_Final_Project/student/work/ex250_ex254_frontend_fp4_dot_fma_semantic_20260608_2105/ex253/verilog/ex253_semantic_u2_sum8_bytetable_qrange.v:308$6.$result[6:0]$55.
Removed top 1 bits (of 7) from wire ex253_semantic_u2_sum8_bytetable_qrange.$16\quant_scaled$func$/home/b10507053/ALS_Final_Project/student/work/ex250_ex254_frontend_fp4_dot_fma_semantic_20260608_2105/ex253/verilog/ex253_semantic_u2_sum8_bytetable_qrange.v:308$6.$result[6:0]$53.
Removed top 1 bits (of 7) from wire ex253_semantic_u2_sum8_bytetable_qrange.$15\quant_scaled$func$/home/b10507053/ALS_Final_Project/student/work/ex250_ex254_frontend_fp4_dot_fma_semantic_20260608_2105/ex253/verilog/ex253_semantic_u2_sum8_bytetable_qrange.v:308$6.$result[6:0]$51.
Removed top 1 bits (of 7) from wire ex253_semantic_u2_sum8_bytetable_qrange.$14\quant_scaled$func$/home/b10507053/ALS_Final_Project/student/work/ex250_ex254_frontend_fp4_dot_fma_semantic_20260608_2105/ex253/verilog/ex253_semantic_u2_sum8_bytetable_qrange.v:308$6.$result[6:0]$49.
Removed top 1 bits (of 7) from wire ex253_semantic_u2_sum8_bytetable_qrange.$13\quant_scaled$func$/home/b10507053/ALS_Final_Project/student/work/ex250_ex254_frontend_fp4_dot_fma_semantic_20260608_2105/ex253/verilog/ex253_semantic_u2_sum8_bytetable_qrange.v:308$6.$result[6:0]$47.
Removed top 1 bits (of 7) from wire ex253_semantic_u2_sum8_bytetable_qrange.$12\quant_scaled$func$/home/b10507053/ALS_Final_Project/student/work/ex250_ex254_frontend_fp4_dot_fma_semantic_20260608_2105/ex253/verilog/ex253_semantic_u2_sum8_bytetable_qrange.v:308$6.$result[6:0]$45.
Removed top 1 bits (of 7) from wire ex253_semantic_u2_sum8_bytetable_qrange.$11\quant_scaled$func$/home/b10507053/ALS_Final_Project/student/work/ex250_ex254_frontend_fp4_dot_fma_semantic_20260608_2105/ex253/verilog/ex253_semantic_u2_sum8_bytetable_qrange.v:308$6.$result[6:0]$43.
Removed top 1 bits (of 7) from wire ex253_semantic_u2_sum8_bytetable_qrange.$10\quant_scaled$func$/home/b10507053/ALS_Final_Project/student/work/ex250_ex254_frontend_fp4_dot_fma_semantic_20260608_2105/ex253/verilog/ex253_semantic_u2_sum8_bytetable_qrange.v:308$6.$result[6:0]$41.
Removed top 1 bits (of 7) from wire ex253_semantic_u2_sum8_bytetable_qrange.$9\quant_scaled$func$/home/b10507053/ALS_Final_Project/student/work/ex250_ex254_frontend_fp4_dot_fma_semantic_20260608_2105/ex253/verilog/ex253_semantic_u2_sum8_bytetable_qrange.v:308$6.$result[6:0]$39.
Removed top 1 bits (of 7) from wire ex253_semantic_u2_sum8_bytetable_qrange.$29\quant_scaled$func$/home/b10507053/ALS_Final_Project/student/work/ex250_ex254_frontend_fp4_dot_fma_semantic_20260608_2105/ex253/verilog/ex253_semantic_u2_sum8_bytetable_qrange.v:308$6.$result[6:0]$79.
Removed top 1 bits (of 7) from wire ex253_semantic_u2_sum8_bytetable_qrange.$28\quant_scaled$func$/home/b10507053/ALS_Final_Project/student/work/ex250_ex254_frontend_fp4_dot_fma_semantic_20260608_2105/ex253/verilog/ex253_semantic_u2_sum8_bytetable_qrange.v:308$6.$result[6:0]$77.
Removed top 1 bits (of 7) from wire ex253_semantic_u2_sum8_bytetable_qrange.$27\quant_scaled$func$/home/b10507053/ALS_Final_Project/student/work/ex250_ex254_frontend_fp4_dot_fma_semantic_20260608_2105/ex253/verilog/ex253_semantic_u2_sum8_bytetable_qrange.v:308$6.$result[6:0]$75.
Removed top 1 bits (of 7) from wire ex253_semantic_u2_sum8_bytetable_qrange.$26\quant_scaled$func$/home/b10507053/ALS_Final_Project/student/work/ex250_ex254_frontend_fp4_dot_fma_semantic_20260608_2105/ex253/verilog/ex253_semantic_u2_sum8_bytetable_qrange.v:308$6.$result[6:0]$73.
Removed top 1 bits (of 7) from wire ex253_semantic_u2_sum8_bytetable_qrange.$25\quant_scaled$func$/home/b10507053/ALS_Final_Project/student/work/ex250_ex254_frontend_fp4_dot_fma_semantic_20260608_2105/ex253/verilog/ex253_semantic_u2_sum8_bytetable_qrange.v:308$6.$result[6:0]$71.
Removed top 1 bits (of 7) from wire ex253_semantic_u2_sum8_bytetable_qrange.$24\quant_scaled$func$/home/b10507053/ALS_Final_Project/student/work/ex250_ex254_frontend_fp4_dot_fma_semantic_20260608_2105/ex253/verilog/ex253_semantic_u2_sum8_bytetable_qrange.v:308$6.$result[6:0]$69.
Removed top 1 bits (of 7) from wire ex253_semantic_u2_sum8_bytetable_qrange.$23\quant_scaled$func$/home/b10507053/ALS_Final_Project/student/work/ex250_ex254_frontend_fp4_dot_fma_semantic_20260608_2105/ex253/verilog/ex253_semantic_u2_sum8_bytetable_qrange.v:308$6.$result[6:0]$67.
Removed top 1 bits (of 7) from wire ex253_semantic_u2_sum8_bytetable_qrange.$22\quant_scaled$func$/home/b10507053/ALS_Final_Project/student/work/ex250_ex254_frontend_fp4_dot_fma_semantic_20260608_2105/ex253/verilog/ex253_semantic_u2_sum8_bytetable_qrange.v:308$6.$result[6:0]$65.
Removed top 3 bits (of 10) from wire ex253_semantic_u2_sum8_bytetable_qrange.scaled_sum.

2.12. Executing PEEPOPT pass (run peephole optimizers).

2.13. Executing OPT_CLEAN pass (remove unused cells and wires).
Finding unused cells or wires in module \ex253_semantic_u2_sum8_bytetable_qrange..
Removed 0 unused cells and 22 unused wires.

2.14. Executing ALUMACC pass (create $alu and $macc cells).
Extracting $alu and $macc cells in module ex253_semantic_u2_sum8_bytetable_qrange:
  creating $macc model for $add$/home/b10507053/ALS_Final_Project/student/work/ex250_ex254_frontend_fp4_dot_fma_semantic_20260608_2105/ex253/verilog/ex253_semantic_u2_sum8_bytetable_qrange.v:269$7 ($add).
  creating $alu model for $macc $add$/home/b10507053/ALS_Final_Project/student/work/ex250_ex254_frontend_fp4_dot_fma_semantic_20260608_2105/ex253/verilog/ex253_semantic_u2_sum8_bytetable_qrange.v:269$7.
  creating $alu model for $le$/home/b10507053/ALS_Final_Project/student/work/ex250_ex254_frontend_fp4_dot_fma_semantic_20260608_2105/ex253/verilog/ex253_semantic_u2_sum8_bytetable_qrange.v:302$78 ($le): new $alu
  creating $alu model for $le$/home/b10507053/ALS_Final_Project/student/work/ex250_ex254_frontend_fp4_dot_fma_semantic_20260608_2105/ex253/verilog/ex253_semantic_u2_sum8_bytetable_qrange.v:301$76 ($le): new $alu
  creating $alu model for $le$/home/b10507053/ALS_Final_Project/student/work/ex250_ex254_frontend_fp4_dot_fma_semantic_20260608_2105/ex253/verilog/ex253_semantic_u2_sum8_bytetable_qrange.v:300$74 ($le): new $alu
  creating $alu model for $le$/home/b10507053/ALS_Final_Project/student/work/ex250_ex254_frontend_fp4_dot_fma_semantic_20260608_2105/ex253/verilog/ex253_semantic_u2_sum8_bytetable_qrange.v:299$72 ($le): new $alu
  creating $alu model for $le$/home/b10507053/ALS_Final_Project/student/work/ex250_ex254_frontend_fp4_dot_fma_semantic_20260608_2105/ex253/verilog/ex253_semantic_u2_sum8_bytetable_qrange.v:298$70 ($le): new $alu
  creating $alu model for $le$/home/b10507053/ALS_Final_Project/student/work/ex250_ex254_frontend_fp4_dot_fma_semantic_20260608_2105/ex253/verilog/ex253_semantic_u2_sum8_bytetable_qrange.v:297$68 ($le): new $alu
  creating $alu model for $le$/home/b10507053/ALS_Final_Project/student/work/ex250_ex254_frontend_fp4_dot_fma_semantic_20260608_2105/ex253/verilog/ex253_semantic_u2_sum8_bytetable_qrange.v:296$66 ($le): new $alu
  creating $alu model for $le$/home/b10507053/ALS_Final_Project/student/work/ex250_ex254_frontend_fp4_dot_fma_semantic_20260608_2105/ex253/verilog/ex253_semantic_u2_sum8_bytetable_qrange.v:295$64 ($le): new $alu
  creating $alu model for $le$/home/b10507053/ALS_Final_Project/student/work/ex250_ex254_frontend_fp4_dot_fma_semantic_20260608_2105/ex253/verilog/ex253_semantic_u2_sum8_bytetable_qrange.v:294$62 ($le): new $alu
  creating $alu model for $le$/home/b10507053/ALS_Final_Project/student/work/ex250_ex254_frontend_fp4_dot_fma_semantic_20260608_2105/ex253/verilog/ex253_semantic_u2_sum8_bytetable_qrange.v:293$60 ($le): new $alu
  creating $alu model for $le$/home/b10507053/ALS_Final_Project/student/work/ex250_ex254_frontend_fp4_dot_fma_semantic_20260608_2105/ex253/verilog/ex253_semantic_u2_sum8_bytetable_qrange.v:292$58 ($le): new $alu
  creating $alu model for $le$/home/b10507053/ALS_Final_Project/student/work/ex250_ex254_frontend_fp4_dot_fma_semantic_20260608_2105/ex253/verilog/ex253_semantic_u2_sum8_bytetable_qrange.v:291$56 ($le): new $alu
  creating $alu model for $le$/home/b10507053/ALS_Final_Project/student/work/ex250_ex254_frontend_fp4_dot_fma_semantic_20260608_2105/ex253/verilog/ex253_semantic_u2_sum8_bytetable_qrange.v:290$54 ($le): new $alu
  creating $alu model for $le$/home/b10507053/ALS_Final_Project/student/work/ex250_ex254_frontend_fp4_dot_fma_semantic_20260608_2105/ex253/verilog/ex253_semantic_u2_sum8_bytetable_qrange.v:289$52 ($le): new $alu
  creating $alu model for $le$/home/b10507053/ALS_Final_Project/student/work/ex250_ex254_frontend_fp4_dot_fma_semantic_20260608_2105/ex253/verilog/ex253_semantic_u2_sum8_bytetable_qrange.v:288$50 ($le): new $alu
  creating $alu model for $le$/home/b10507053/ALS_Final_Project/student/work/ex250_ex254_frontend_fp4_dot_fma_semantic_20260608_2105/ex253/verilog/ex253_semantic_u2_sum8_bytetable_qrange.v:287$48 ($le): new $alu
  creating $alu model for $le$/home/b10507053/ALS_Final_Project/student/work/ex250_ex254_frontend_fp4_dot_fma_semantic_20260608_2105/ex253/verilog/ex253_semantic_u2_sum8_bytetable_qrange.v:286$46 ($le): new $alu
  creating $alu model for $le$/home/b10507053/ALS_Final_Project/student/work/ex250_ex254_frontend_fp4_dot_fma_semantic_20260608_2105/ex253/verilog/ex253_semantic_u2_sum8_bytetable_qrange.v:285$44 ($le): new $alu
  creating $alu model for $le$/home/b10507053/ALS_Final_Project/student/work/ex250_ex254_frontend_fp4_dot_fma_semantic_20260608_2105/ex253/verilog/ex253_semantic_u2_sum8_bytetable_qrange.v:284$42 ($le): new $alu
  creating $alu model for $le$/home/b10507053/ALS_Final_Project/student/work/ex250_ex254_frontend_fp4_dot_fma_semantic_20260608_2105/ex253/verilog/ex253_semantic_u2_sum8_bytetable_qrange.v:283$40 ($le): new $alu
  creating $alu model for $le$/home/b10507053/ALS_Final_Project/student/work/ex250_ex254_frontend_fp4_dot_fma_semantic_20260608_2105/ex253/verilog/ex253_semantic_u2_sum8_bytetable_qrange.v:282$38 ($le): new $alu
  creating $alu model for $le$/home/b10507053/ALS_Final_Project/student/work/ex250_ex254_frontend_fp4_dot_fma_semantic_20260608_2105/ex253/verilog/ex253_semantic_u2_sum8_bytetable_qrange.v:281$36 ($le): new $alu
  creating $alu model for $le$/home/b10507053/ALS_Final_Project/student/work/ex250_ex254_frontend_fp4_dot_fma_semantic_20260608_2105/ex253/verilog/ex253_semantic_u2_sum8_bytetable_qrange.v:280$34 ($le): new $alu
  creating $alu model for $le$/home/b10507053/ALS_Final_Project/student/work/ex250_ex254_frontend_fp4_dot_fma_semantic_20260608_2105/ex253/verilog/ex253_semantic_u2_sum8_bytetable_qrange.v:279$32 ($le): new $alu
  creating $alu model for $le$/home/b10507053/ALS_Final_Project/student/work/ex250_ex254_frontend_fp4_dot_fma_semantic_20260608_2105/ex253/verilog/ex253_semantic_u2_sum8_bytetable_qrange.v:278$30 ($le): new $alu
  creating $alu model for $le$/home/b10507053/ALS_Final_Project/student/work/ex250_ex254_frontend_fp4_dot_fma_semantic_20260608_2105/ex253/verilog/ex253_semantic_u2_sum8_bytetable_qrange.v:277$28 ($le): new $alu
  creating $alu model for $le$/home/b10507053/ALS_Final_Project/student/work/ex250_ex254_frontend_fp4_dot_fma_semantic_20260608_2105/ex253/verilog/ex253_semantic_u2_sum8_bytetable_qrange.v:276$26 ($le): new $alu
  creating $alu model for $le$/home/b10507053/ALS_Final_Project/student/work/ex250_ex254_frontend_fp4_dot_fma_semantic_20260608_2105/ex253/verilog/ex253_semantic_u2_sum8_bytetable_qrange.v:275$24 ($le): new $alu
  creating $alu model for $le$/home/b10507053/ALS_Final_Project/student/work/ex250_ex254_frontend_fp4_dot_fma_semantic_20260608_2105/ex253/verilog/ex253_semantic_u2_sum8_bytetable_qrange.v:274$22 ($le): new $alu
  creating $alu cell for $le$/home/b10507053/ALS_Final_Project/student/work/ex250_ex254_frontend_fp4_dot_fma_semantic_20260608_2105/ex253/verilog/ex253_semantic_u2_sum8_bytetable_qrange.v:274$22: $auto$alumacc.cc:512:replace_alu$1446
  creating $alu cell for $le$/home/b10507053/ALS_Final_Project/student/work/ex250_ex254_frontend_fp4_dot_fma_semantic_20260608_2105/ex253/verilog/ex253_semantic_u2_sum8_bytetable_qrange.v:275$24: $auto$alumacc.cc:512:replace_alu$1455
  creating $alu cell for $le$/home/b10507053/ALS_Final_Project/student/work/ex250_ex254_frontend_fp4_dot_fma_semantic_20260608_2105/ex253/verilog/ex253_semantic_u2_sum8_bytetable_qrange.v:276$26: $auto$alumacc.cc:512:replace_alu$1464
  creating $alu cell for $le$/home/b10507053/ALS_Final_Project/student/work/ex250_ex254_frontend_fp4_dot_fma_semantic_20260608_2105/ex253/verilog/ex253_semantic_u2_sum8_bytetable_qrange.v:277$28: $auto$alumacc.cc:512:replace_alu$1473
  creating $alu cell for $le$/home/b10507053/ALS_Final_Project/student/work/ex250_ex254_frontend_fp4_dot_fma_semantic_20260608_2105/ex253/verilog/ex253_semantic_u2_sum8_bytetable_qrange.v:278$30: $auto$alumacc.cc:512:replace_alu$1482
  creating $alu cell for $le$/home/b10507053/ALS_Final_Project/student/work/ex250_ex254_frontend_fp4_dot_fma_semantic_20260608_2105/ex253/verilog/ex253_semantic_u2_sum8_bytetable_qrange.v:279$32: $auto$alumacc.cc:512:replace_alu$1491
  creating $alu cell for $le$/home/b10507053/ALS_Final_Project/student/work/ex250_ex254_frontend_fp4_dot_fma_semantic_20260608_2105/ex253/verilog/ex253_semantic_u2_sum8_bytetable_qrange.v:280$34: $auto$alumacc.cc:512:replace_alu$1500
  creating $alu cell for $le$/home/b10507053/ALS_Final_Project/student/work/ex250_ex254_frontend_fp4_dot_fma_semantic_20260608_2105/ex253/verilog/ex253_semantic_u2_sum8_bytetable_qrange.v:281$36: $auto$alumacc.cc:512:replace_alu$1509
  creating $alu cell for $le$/home/b10507053/ALS_Final_Project/student/work/ex250_ex254_frontend_fp4_dot_fma_semantic_20260608_2105/ex253/verilog/ex253_semantic_u2_sum8_bytetable_qrange.v:282$38: $auto$alumacc.cc:512:replace_alu$1518
  creating $alu cell for $le$/home/b10507053/ALS_Final_Project/student/work/ex250_ex254_frontend_fp4_dot_fma_semantic_20260608_2105/ex253/verilog/ex253_semantic_u2_sum8_bytetable_qrange.v:283$40: $auto$alumacc.cc:512:replace_alu$1527
  creating $alu cell for $le$/home/b10507053/ALS_Final_Project/student/work/ex250_ex254_frontend_fp4_dot_fma_semantic_20260608_2105/ex253/verilog/ex253_semantic_u2_sum8_bytetable_qrange.v:284$42: $auto$alumacc.cc:512:replace_alu$1536
  creating $alu cell for $le$/home/b10507053/ALS_Final_Project/student/work/ex250_ex254_frontend_fp4_dot_fma_semantic_20260608_2105/ex253/verilog/ex253_semantic_u2_sum8_bytetable_qrange.v:285$44: $auto$alumacc.cc:512:replace_alu$1545
  creating $alu cell for $le$/home/b10507053/ALS_Final_Project/student/work/ex250_ex254_frontend_fp4_dot_fma_semantic_20260608_2105/ex253/verilog/ex253_semantic_u2_sum8_bytetable_qrange.v:286$46: $auto$alumacc.cc:512:replace_alu$1554
  creating $alu cell for $le$/home/b10507053/ALS_Final_Project/student/work/ex250_ex254_frontend_fp4_dot_fma_semantic_20260608_2105/ex253/verilog/ex253_semantic_u2_sum8_bytetable_qrange.v:287$48: $auto$alumacc.cc:512:replace_alu$1563
  creating $alu cell for $le$/home/b10507053/ALS_Final_Project/student/work/ex250_ex254_frontend_fp4_dot_fma_semantic_20260608_2105/ex253/verilog/ex253_semantic_u2_sum8_bytetable_qrange.v:288$50: $auto$alumacc.cc:512:replace_alu$1572
  creating $alu cell for $le$/home/b10507053/ALS_Final_Project/student/work/ex250_ex254_frontend_fp4_dot_fma_semantic_20260608_2105/ex253/verilog/ex253_semantic_u2_sum8_bytetable_qrange.v:289$52: $auto$alumacc.cc:512:replace_alu$1581
  creating $alu cell for $le$/home/b10507053/ALS_Final_Project/student/work/ex250_ex254_frontend_fp4_dot_fma_semantic_20260608_2105/ex253/verilog/ex253_semantic_u2_sum8_bytetable_qrange.v:290$54: $auto$alumacc.cc:512:replace_alu$1590
  creating $alu cell for $le$/home/b10507053/ALS_Final_Project/student/work/ex250_ex254_frontend_fp4_dot_fma_semantic_20260608_2105/ex253/verilog/ex253_semantic_u2_sum8_bytetable_qrange.v:291$56: $auto$alumacc.cc:512:replace_alu$1599
  creating $alu cell for $le$/home/b10507053/ALS_Final_Project/student/work/ex250_ex254_frontend_fp4_dot_fma_semantic_20260608_2105/ex253/verilog/ex253_semantic_u2_sum8_bytetable_qrange.v:292$58: $auto$alumacc.cc:512:replace_alu$1608
  creating $alu cell for $le$/home/b10507053/ALS_Final_Project/student/work/ex250_ex254_frontend_fp4_dot_fma_semantic_20260608_2105/ex253/verilog/ex253_semantic_u2_sum8_bytetable_qrange.v:293$60: $auto$alumacc.cc:512:replace_alu$1617
  creating $alu cell for $le$/home/b10507053/ALS_Final_Project/student/work/ex250_ex254_frontend_fp4_dot_fma_semantic_20260608_2105/ex253/verilog/ex253_semantic_u2_sum8_bytetable_qrange.v:294$62: $auto$alumacc.cc:512:replace_alu$1626
  creating $alu cell for $le$/home/b10507053/ALS_Final_Project/student/work/ex250_ex254_frontend_fp4_dot_fma_semantic_20260608_2105/ex253/verilog/ex253_semantic_u2_sum8_bytetable_qrange.v:295$64: $auto$alumacc.cc:512:replace_alu$1635
  creating $alu cell for $le$/home/b10507053/ALS_Final_Project/student/work/ex250_ex254_frontend_fp4_dot_fma_semantic_20260608_2105/ex253/verilog/ex253_semantic_u2_sum8_bytetable_qrange.v:296$66: $auto$alumacc.cc:512:replace_alu$1644
  creating $alu cell for $le$/home/b10507053/ALS_Final_Project/student/work/ex250_ex254_frontend_fp4_dot_fma_semantic_20260608_2105/ex253/verilog/ex253_semantic_u2_sum8_bytetable_qrange.v:297$68: $auto$alumacc.cc:512:replace_alu$1653
  creating $alu cell for $le$/home/b10507053/ALS_Final_Project/student/work/ex250_ex254_frontend_fp4_dot_fma_semantic_20260608_2105/ex253/verilog/ex253_semantic_u2_sum8_bytetable_qrange.v:298$70: $auto$alumacc.cc:512:replace_alu$1662
  creating $alu cell for $le$/home/b10507053/ALS_Final_Project/student/work/ex250_ex254_frontend_fp4_dot_fma_semantic_20260608_2105/ex253/verilog/ex253_semantic_u2_sum8_bytetable_qrange.v:299$72: $auto$alumacc.cc:512:replace_alu$1671
  creating $alu cell for $le$/home/b10507053/ALS_Final_Project/student/work/ex250_ex254_frontend_fp4_dot_fma_semantic_20260608_2105/ex253/verilog/ex253_semantic_u2_sum8_bytetable_qrange.v:300$74: $auto$alumacc.cc:512:replace_alu$1680
  creating $alu cell for $le$/home/b10507053/ALS_Final_Project/student/work/ex250_ex254_frontend_fp4_dot_fma_semantic_20260608_2105/ex253/verilog/ex253_semantic_u2_sum8_bytetable_qrange.v:301$76: $auto$alumacc.cc:512:replace_alu$1689
  creating $alu cell for $le$/home/b10507053/ALS_Final_Project/student/work/ex250_ex254_frontend_fp4_dot_fma_semantic_20260608_2105/ex253/verilog/ex253_semantic_u2_sum8_bytetable_qrange.v:302$78: $auto$alumacc.cc:512:replace_alu$1698
  creating $alu cell for $add$/home/b10507053/ALS_Final_Project/student/work/ex250_ex254_frontend_fp4_dot_fma_semantic_20260608_2105/ex253/verilog/ex253_semantic_u2_sum8_bytetable_qrange.v:269$7: $auto$alumacc.cc:512:replace_alu$1707
  created 30 $alu and 0 $macc cells.

2.15. Executing SHARE pass (SAT-based resource sharing).

2.16. Executing OPT pass (performing simple optimizations).

2.16.1. Executing OPT_EXPR pass (perform const folding).
Optimizing module ex253_semantic_u2_sum8_bytetable_qrange.

2.16.2. Executing OPT_MERGE pass (detect identical cells).
Finding identical cells in module `\ex253_semantic_u2_sum8_bytetable_qrange'.
Computing hashes of 149 cells of `\ex253_semantic_u2_sum8_bytetable_qrange'.
Finding duplicate cells in `\ex253_semantic_u2_sum8_bytetable_qrange'.
Removed a total of 0 cells.

2.16.3. Executing OPT_MUXTREE pass (detect dead branches in mux trees).
Running muxtree optimizer on module \ex253_semantic_u2_sum8_bytetable_qrange..
  Creating internal representation of mux trees.
  Evaluating internal representation of mux trees.
  Analyzing evaluation results.
Removed 0 multiplexer ports.

2.16.4. Executing OPT_REDUCE pass (consolidate $*mux and $reduce_* inputs).
  Optimizing cells in module \ex253_semantic_u2_sum8_bytetable_qrange.
Performed a total of 0 changes.

2.16.5. Executing OPT_MERGE pass (detect identical cells).
Finding identical cells in module `\ex253_semantic_u2_sum8_bytetable_qrange'.
Computing hashes of 149 cells of `\ex253_semantic_u2_sum8_bytetable_qrange'.
Finding duplicate cells in `\ex253_semantic_u2_sum8_bytetable_qrange'.
Removed a total of 0 cells.

2.16.6. Executing OPT_DFF pass (perform DFF optimizations).

2.16.7. Executing OPT_CLEAN pass (remove unused cells and wires).
Finding unused cells or wires in module \ex253_semantic_u2_sum8_bytetable_qrange..
Removed 0 unused cells and 34 unused wires.

2.16.8. Executing OPT_EXPR pass (perform const folding).
Optimizing module ex253_semantic_u2_sum8_bytetable_qrange.

2.16.9. Rerunning OPT passes. (Maybe there is more to do..)

2.16.10. Executing OPT_MUXTREE pass (detect dead branches in mux trees).
Running muxtree optimizer on module \ex253_semantic_u2_sum8_bytetable_qrange..
  Creating internal representation of mux trees.
  Evaluating internal representation of mux trees.
  Analyzing evaluation results.
Removed 0 multiplexer ports.

2.16.11. Executing OPT_REDUCE pass (consolidate $*mux and $reduce_* inputs).
  Optimizing cells in module \ex253_semantic_u2_sum8_bytetable_qrange.
Performed a total of 0 changes.

2.16.12. Executing OPT_MERGE pass (detect identical cells).
Finding identical cells in module `\ex253_semantic_u2_sum8_bytetable_qrange'.
Computing hashes of 148 cells of `\ex253_semantic_u2_sum8_bytetable_qrange'.
Finding duplicate cells in `\ex253_semantic_u2_sum8_bytetable_qrange'.
Removed a total of 0 cells.

2.16.13. Executing OPT_DFF pass (perform DFF optimizations).

2.16.14. Executing OPT_CLEAN pass (remove unused cells and wires).
Finding unused cells or wires in module \ex253_semantic_u2_sum8_bytetable_qrange..

2.16.15. Executing OPT_EXPR pass (perform const folding).
Optimizing module ex253_semantic_u2_sum8_bytetable_qrange.

2.16.16. Finished fast OPT passes. (There is nothing left to do.)

2.17. Executing MEMORY pass.

2.17.1. Executing OPT_MEM pass (optimize memories).
ex253_semantic_u2_sum8_bytetable_qrange.$auto$proc_rom.cc:155:do_switch$85: removing const-0 lane 4
ex253_semantic_u2_sum8_bytetable_qrange.$auto$proc_rom.cc:155:do_switch$81: removing const-0 lane 4
Performed a total of 2 transformations.

2.17.2. Executing OPT_MEM_PRIORITY pass (removing unnecessary memory write priority relations).
Performed a total of 0 transformations.

2.17.3. Executing OPT_MEM_FEEDBACK pass (finding memory read-to-write feedback paths).

2.17.4. Executing MEMORY_BMUX2ROM pass (converting muxes to ROMs).

2.17.5. Executing MEMORY_DFF pass (merging $dff cells to $memrd).
Checking read port `$auto$proc_rom.cc:155:do_switch$85'[0] in module `\ex253_semantic_u2_sum8_bytetable_qrange': no output FF found.
Checking read port `$auto$proc_rom.cc:155:do_switch$81'[0] in module `\ex253_semantic_u2_sum8_bytetable_qrange': no output FF found.
Checking read port address `$auto$proc_rom.cc:155:do_switch$85'[0] in module `\ex253_semantic_u2_sum8_bytetable_qrange': no address FF found.
Checking read port address `$auto$proc_rom.cc:155:do_switch$81'[0] in module `\ex253_semantic_u2_sum8_bytetable_qrange': no address FF found.

2.17.6. Executing OPT_CLEAN pass (remove unused cells and wires).
Finding unused cells or wires in module \ex253_semantic_u2_sum8_bytetable_qrange..

2.17.7. Executing MEMORY_SHARE pass (consolidating $memrd/$memwr cells).

2.17.8. Executing OPT_MEM_WIDEN pass (optimize memories where all ports are wide).
Performed a total of 0 transformations.

2.17.9. Executing OPT_CLEAN pass (remove unused cells and wires).
Finding unused cells or wires in module \ex253_semantic_u2_sum8_bytetable_qrange..

2.17.10. Executing MEMORY_COLLECT pass (generating $mem cells).

2.18. Executing OPT_CLEAN pass (remove unused cells and wires).
Finding unused cells or wires in module \ex253_semantic_u2_sum8_bytetable_qrange..

2.19. Executing OPT pass (performing simple optimizations).

2.19.1. Executing OPT_EXPR pass (perform const folding).
Optimizing module ex253_semantic_u2_sum8_bytetable_qrange.

2.19.2. Executing OPT_MERGE pass (detect identical cells).
Finding identical cells in module `\ex253_semantic_u2_sum8_bytetable_qrange'.
Computing hashes of 167 cells of `\ex253_semantic_u2_sum8_bytetable_qrange'.
Finding duplicate cells in `\ex253_semantic_u2_sum8_bytetable_qrange'.
Computing hashes of 150 cells of `\ex253_semantic_u2_sum8_bytetable_qrange'.
Finding duplicate cells in `\ex253_semantic_u2_sum8_bytetable_qrange'.
Removed a total of 17 cells.

2.19.3. Executing OPT_DFF pass (perform DFF optimizations).

2.19.4. Executing OPT_CLEAN pass (remove unused cells and wires).
Finding unused cells or wires in module \ex253_semantic_u2_sum8_bytetable_qrange..
Removed 0 unused cells and 39 unused wires.

2.19.5. Finished fast OPT passes.

2.20. Executing MEMORY_MAP pass (converting memories to logic and flip-flops).
Mapping memory $auto$proc_rom.cc:155:do_switch$85 in module \ex253_semantic_u2_sum8_bytetable_qrange:
  created 256 $dff cells and 0 static cells of width 4.
  read interface: 0 $dff and 255 $mux cells.
  write interface: 0 write mux blocks.
Mapping memory $auto$proc_rom.cc:155:do_switch$81 in module \ex253_semantic_u2_sum8_bytetable_qrange:
  created 256 $dff cells and 0 static cells of width 4.
  read interface: 0 $dff and 255 $mux cells.
  write interface: 0 write mux blocks.

2.21. Executing OPT pass (performing simple optimizations).

2.21.1. Executing OPT_EXPR pass (perform const folding).
Optimizing module ex253_semantic_u2_sum8_bytetable_qrange.

2.21.2. Executing OPT_MERGE pass (detect identical cells).
Finding identical cells in module `\ex253_semantic_u2_sum8_bytetable_qrange'.
Computing hashes of 658 cells of `\ex253_semantic_u2_sum8_bytetable_qrange'.
Finding duplicate cells in `\ex253_semantic_u2_sum8_bytetable_qrange'.
Removed a total of 0 cells.

2.21.3. Executing OPT_MUXTREE pass (detect dead branches in mux trees).
Running muxtree optimizer on module \ex253_semantic_u2_sum8_bytetable_qrange..
  Creating internal representation of mux trees.
  Evaluating internal representation of mux trees.
  Analyzing evaluation results.
Removed 0 multiplexer ports.

2.21.4. Executing OPT_REDUCE pass (consolidate $*mux and $reduce_* inputs).
  Optimizing cells in module \ex253_semantic_u2_sum8_bytetable_qrange.
    Consolidated identical input bits for $mux cell $memory$auto$proc_rom.cc:155:do_switch$81$rdmux[0][7][126]$3336:
      Old ports: A=4'1001, B=4'1010, Y=$memory$auto$proc_rom.cc:155:do_switch$81$rdmux[0][6][63]$a$2956
      New ports: A=2'01, B=2'10, Y=$memory$auto$proc_rom.cc:155:do_switch$81$rdmux[0][6][63]$a$2956 [1:0]
      New connections: $memory$auto$proc_rom.cc:155:do_switch$81$rdmux[0][6][63]$a$2956 [3:2] = 2'10
    Consolidated identical input bits for $mux cell $memory$auto$proc_rom.cc:155:do_switch$81$rdmux[0][7][125]$3333:
      Old ports: A=4'1010, B=4'1011, Y=$memory$auto$proc_rom.cc:155:do_switch$81$rdmux[0][6][62]$b$2954
      New ports: A=1'0, B=1'1, Y=$memory$auto$proc_rom.cc:155:do_switch$81$rdmux[0][6][62]$b$2954 [0]
      New connections: $memory$auto$proc_rom.cc:155:do_switch$81$rdmux[0][6][62]$b$2954 [3:1] = 3'101
    Consolidated identical input bits for $mux cell $memory$auto$proc_rom.cc:155:do_switch$81$rdmux[0][7][124]$3330:
      Old ports: A=4'1000, B=4'1001, Y=$memory$auto$proc_rom.cc:155:do_switch$81$rdmux[0][6][62]$a$2953
      New ports: A=1'0, B=1'1, Y=$memory$auto$proc_rom.cc:155:do_switch$81$rdmux[0][6][62]$a$2953 [0]
      New connections: $memory$auto$proc_rom.cc:155:do_switch$81$rdmux[0][6][62]$a$2953 [3:1] = 3'100
    Consolidated identical input bits for $mux cell $memory$auto$proc_rom.cc:155:do_switch$81$rdmux[0][7][123]$3327:
      Old ports: A=4'1001, B=4'1010, Y=$memory$auto$proc_rom.cc:155:do_switch$81$rdmux[0][6][61]$b$2951
      New ports: A=2'01, B=2'10, Y=$memory$auto$proc_rom.cc:155:do_switch$81$rdmux[0][6][61]$b$2951 [1:0]
      New connections: $memory$auto$proc_rom.cc:155:do_switch$81$rdmux[0][6][61]$b$2951 [3:2] = 2'10
    Consolidated identical input bits for $mux cell $memory$auto$proc_rom.cc:155:do_switch$81$rdmux[0][7][122]$3324:
      Old ports: A=4'0111, B=4'1000, Y=$memory$auto$proc_rom.cc:155:do_switch$81$rdmux[0][6][61]$a$2950
      New ports: A=2'01, B=2'10, Y={ $memory$auto$proc_rom.cc:155:do_switch$81$rdmux[0][6][61]$a$2950 [3] $memory$auto$proc_rom.cc:155:do_switch$81$rdmux[0][6][61]$a$2950 [0] }
      New connections: $memory$auto$proc_rom.cc:155:do_switch$81$rdmux[0][6][61]$a$2950 [2:1] = { $memory$auto$proc_rom.cc:155:do_switch$81$rdmux[0][6][61]$a$2950 [0] $memory$auto$proc_rom.cc:155:do_switch$81$rdmux[0][6][61]$a$2950 [0] }
    Consolidated identical input bits for $mux cell $memory$auto$proc_rom.cc:155:do_switch$81$rdmux[0][7][121]$3321:
      Old ports: A=4'1000, B=4'1001, Y=$memory$auto$proc_rom.cc:155:do_switch$81$rdmux[0][6][60]$b$2948
      New ports: A=1'0, B=1'1, Y=$memory$auto$proc_rom.cc:155:do_switch$81$rdmux[0][6][60]$b$2948 [0]
      New connections: $memory$auto$proc_rom.cc:155:do_switch$81$rdmux[0][6][60]$b$2948 [3:1] = 3'100
    Consolidated identical input bits for $mux cell $memory$auto$proc_rom.cc:155:do_switch$81$rdmux[0][7][120]$3318:
      Old ports: A=4'0110, B=4'0111, Y=$memory$auto$proc_rom.cc:155:do_switch$81$rdmux[0][6][60]$a$2947
      New ports: A=1'0, B=1'1, Y=$memory$auto$proc_rom.cc:155:do_switch$81$rdmux[0][6][60]$a$2947 [0]
      New connections: $memory$auto$proc_rom.cc:155:do_switch$81$rdmux[0][6][60]$a$2947 [3:1] = 3'011
    Consolidated identical input bits for $mux cell $memory$auto$proc_rom.cc:155:do_switch$81$rdmux[0][7][119]$3315:
      Old ports: A=4'1010, B=4'1011, Y=$memory$auto$proc_rom.cc:155:do_switch$81$rdmux[0][6][59]$b$2945
      New ports: A=1'0, B=1'1, Y=$memory$auto$proc_rom.cc:155:do_switch$81$rdmux[0][6][59]$b$2945 [0]
      New connections: $memory$auto$proc_rom.cc:155:do_switch$81$rdmux[0][6][59]$b$2945 [3:1] = 3'101
    Consolidated identical input bits for $mux cell $memory$auto$proc_rom.cc:155:do_switch$81$rdmux[0][7][118]$3312:
      Old ports: A=4'1000, B=4'1001, Y=$memory$auto$proc_rom.cc:155:do_switch$81$rdmux[0][6][59]$a$2944
      New ports: A=1'0, B=1'1, Y=$memory$auto$proc_rom.cc:155:do_switch$81$rdmux[0][6][59]$a$2944 [0]
      New connections: $memory$auto$proc_rom.cc:155:do_switch$81$rdmux[0][6][59]$a$2944 [3:1] = 3'100
    Consolidated identical input bits for $mux cell $memory$auto$proc_rom.cc:155:do_switch$81$rdmux[0][7][117]$3309:
      Old ports: A=4'1001, B=4'1010, Y=$memory$auto$proc_rom.cc:155:do_switch$81$rdmux[0][6][58]$b$2942
      New ports: A=2'01, B=2'10, Y=$memory$auto$proc_rom.cc:155:do_switch$81$rdmux[0][6][58]$b$2942 [1:0]
      New connections: $memory$auto$proc_rom.cc:155:do_switch$81$rdmux[0][6][58]$b$2942 [3:2] = 2'10
    Consolidated identical input bits for $mux cell $memory$auto$proc_rom.cc:155:do_switch$81$rdmux[0][7][116]$3306:
      Old ports: A=4'0111, B=4'1000, Y=$memory$auto$proc_rom.cc:155:do_switch$81$rdmux[0][6][58]$a$2941
      New ports: A=2'01, B=2'10, Y={ $memory$auto$proc_rom.cc:155:do_switch$81$rdmux[0][6][58]$a$2941 [3] $memory$auto$proc_rom.cc:155:do_switch$81$rdmux[0][6][58]$a$2941 [0] }
      New connections: $memory$auto$proc_rom.cc:155:do_switch$81$rdmux[0][6][58]$a$2941 [2:1] = { $memory$auto$proc_rom.cc:155:do_switch$81$rdmux[0][6][58]$a$2941 [0] $memory$auto$proc_rom.cc:155:do_switch$81$rdmux[0][6][58]$a$2941 [0] }
    Consolidated identical input bits for $mux cell $memory$auto$proc_rom.cc:155:do_switch$81$rdmux[0][7][115]$3303:
      Old ports: A=4'1000, B=4'1001, Y=$memory$auto$proc_rom.cc:155:do_switch$81$rdmux[0][6][57]$b$2939
      New ports: A=1'0, B=1'1, Y=$memory$auto$proc_rom.cc:155:do_switch$81$rdmux[0][6][57]$b$2939 [0]
      New connections: $memory$auto$proc_rom.cc:155:do_switch$81$rdmux[0][6][57]$b$2939 [3:1] = 3'100
    Consolidated identical input bits for $mux cell $memory$auto$proc_rom.cc:155:do_switch$81$rdmux[0][7][114]$3300:
      Old ports: A=4'0110, B=4'0111, Y=$memory$auto$proc_rom.cc:155:do_switch$81$rdmux[0][6][57]$a$2938
      New ports: A=1'0, B=1'1, Y=$memory$auto$proc_rom.cc:155:do_switch$81$rdmux[0][6][57]$a$2938 [0]
      New connections: $memory$auto$proc_rom.cc:155:do_switch$81$rdmux[0][6][57]$a$2938 [3:1] = 3'011
    Consolidated identical input bits for $mux cell $memory$auto$proc_rom.cc:155:do_switch$81$rdmux[0][7][113]$3297:
      Old ports: A=4'0111, B=4'1000, Y=$memory$auto$proc_rom.cc:155:do_switch$81$rdmux[0][6][56]$b$2936
      New ports: A=2'01, B=2'10, Y={ $memory$auto$proc_rom.cc:155:do_switch$81$rdmux[0][6][56]$b$2936 [3] $memory$auto$proc_rom.cc:155:do_switch$81$rdmux[0][6][56]$b$2936 [0] }
      New connections: $memory$auto$proc_rom.cc:155:do_switch$81$rdmux[0][6][56]$b$2936 [2:1] = { $memory$auto$proc_rom.cc:155:do_switch$81$rdmux[0][6][56]$b$2936 [0] $memory$auto$proc_rom.cc:155:do_switch$81$rdmux[0][6][56]$b$2936 [0] }
    Consolidated identical input bits for $mux cell $memory$auto$proc_rom.cc:155:do_switch$81$rdmux[0][7][112]$3294:
      Old ports: A=4'0101, B=4'0110, Y=$memory$auto$proc_rom.cc:155:do_switch$81$rdmux[0][6][56]$a$2935
      New ports: A=2'01, B=2'10, Y=$memory$auto$proc_rom.cc:155:do_switch$81$rdmux[0][6][56]$a$2935 [1:0]
      New connections: $memory$auto$proc_rom.cc:155:do_switch$81$rdmux[0][6][56]$a$2935 [3:2] = 2'01
    Consolidated identical input bits for $mux cell $memory$auto$proc_rom.cc:155:do_switch$81$rdmux[0][7][111]$3291:
      Old ports: A=4'1001, B=4'1010, Y=$memory$auto$proc_rom.cc:155:do_switch$81$rdmux[0][6][55]$b$2933
      New ports: A=2'01, B=2'10, Y=$memory$auto$proc_rom.cc:155:do_switch$81$rdmux[0][6][55]$b$2933 [1:0]
      New connections: $memory$auto$proc_rom.cc:155:do_switch$81$rdmux[0][6][55]$b$2933 [3:2] = 2'10
    Consolidated identical input bits for $mux cell $memory$auto$proc_rom.cc:155:do_switch$81$rdmux[0][7][110]$3288:
      Old ports: A=4'0111, B=4'1000, Y=$memory$auto$proc_rom.cc:155:do_switch$81$rdmux[0][6][55]$a$2932
      New ports: A=2'01, B=2'10, Y={ $memory$auto$proc_rom.cc:155:do_switch$81$rdmux[0][6][55]$a$2932 [3] $memory$auto$proc_rom.cc:155:do_switch$81$rdmux[0][6][55]$a$2932 [0] }
      New connections: $memory$auto$proc_rom.cc:155:do_switch$81$rdmux[0][6][55]$a$2932 [2:1] = { $memory$auto$proc_rom.cc:155:do_switch$81$rdmux[0][6][55]$a$2932 [0] $memory$auto$proc_rom.cc:155:do_switch$81$rdmux[0][6][55]$a$2932 [0] }
    Consolidated identical input bits for $mux cell $memory$auto$proc_rom.cc:155:do_switch$81$rdmux[0][7][109]$3285:
      Old ports: A=4'1000, B=4'1001, Y=$memory$auto$proc_rom.cc:155:do_switch$81$rdmux[0][6][54]$b$2930
      New ports: A=1'0, B=1'1, Y=$memory$auto$proc_rom.cc:155:do_switch$81$rdmux[0][6][54]$b$2930 [0]
      New connections: $memory$auto$proc_rom.cc:155:do_switch$81$rdmux[0][6][54]$b$2930 [3:1] = 3'100
    Consolidated identical input bits for $mux cell $memory$auto$proc_rom.cc:155:do_switch$81$rdmux[0][7][108]$3282:
      Old ports: A=4'0110, B=4'0111, Y=$memory$auto$proc_rom.cc:155:do_switch$81$rdmux[0][6][54]$a$2929
      New ports: A=1'0, B=1'1, Y=$memory$auto$proc_rom.cc:155:do_switch$81$rdmux[0][6][54]$a$2929 [0]
      New connections: $memory$auto$proc_rom.cc:155:do_switch$81$rdmux[0][6][54]$a$2929 [3:1] = 3'011
    Consolidated identical input bits for $mux cell $memory$auto$proc_rom.cc:155:do_switch$81$rdmux[0][7][107]$3279:
      Old ports: A=4'0111, B=4'1000, Y=$memory$auto$proc_rom.cc:155:do_switch$81$rdmux[0][6][53]$b$2927
      New ports: A=2'01, B=2'10, Y={ $memory$auto$proc_rom.cc:155:do_switch$81$rdmux[0][6][53]$b$2927 [3] $memory$auto$proc_rom.cc:155:do_switch$81$rdmux[0][6][53]$b$2927 [0] }
      New connections: $memory$auto$proc_rom.cc:155:do_switch$81$rdmux[0][6][53]$b$2927 [2:1] = { $memory$auto$proc_rom.cc:155:do_switch$81$rdmux[0][6][53]$b$2927 [0] $memory$auto$proc_rom.cc:155:do_switch$81$rdmux[0][6][53]$b$2927 [0] }
    Consolidated identical input bits for $mux cell $memory$auto$proc_rom.cc:155:do_switch$81$rdmux[0][7][106]$3276:
      Old ports: A=4'0101, B=4'0110, Y=$memory$auto$proc_rom.cc:155:do_switch$81$rdmux[0][6][53]$a$2926
      New ports: A=2'01, B=2'10, Y=$memory$auto$proc_rom.cc:155:do_switch$81$rdmux[0][6][53]$a$2926 [1:0]
      New connections: $memory$auto$proc_rom.cc:155:do_switch$81$rdmux[0][6][53]$a$2926 [3:2] = 2'01
    Consolidated identical input bits for $mux cell $memory$auto$proc_rom.cc:155:do_switch$81$rdmux[0][7][105]$3273:
      Old ports: A=4'0110, B=4'0111, Y=$memory$auto$proc_rom.cc:155:do_switch$81$rdmux[0][6][52]$b$2924
      New ports: A=1'0, B=1'1, Y=$memory$auto$proc_rom.cc:155:do_switch$81$rdmux[0][6][52]$b$2924 [0]
      New connections: $memory$auto$proc_rom.cc:155:do_switch$81$rdmux[0][6][52]$b$2924 [3:1] = 3'011
    Consolidated identical input bits for $mux cell $memory$auto$proc_rom.cc:155:do_switch$81$rdmux[0][7][104]$3270:
      Old ports: A=4'0100, B=4'0101, Y=$memory$auto$proc_rom.cc:155:do_switch$81$rdmux[0][6][52]$a$2923
      New ports: A=1'0, B=1'1, Y=$memory$auto$proc_rom.cc:155:do_switch$81$rdmux[0][6][52]$a$2923 [0]
      New connections: $memory$auto$proc_rom.cc:155:do_switch$81$rdmux[0][6][52]$a$2923 [3:1] = 3'010
    Consolidated identical input bits for $mux cell $memory$auto$proc_rom.cc:155:do_switch$81$rdmux[0][7][103]$3267:
      Old ports: A=4'1000, B=4'1001, Y=$memory$auto$proc_rom.cc:155:do_switch$81$rdmux[0][6][51]$b$2921
      New ports: A=1'0, B=1'1, Y=$memory$auto$proc_rom.cc:155:do_switch$81$rdmux[0][6][51]$b$2921 [0]
      New connections: $memory$auto$proc_rom.cc:155:do_switch$81$rdmux[0][6][51]$b$2921 [3:1] = 3'100
    Consolidated identical input bits for $mux cell $memory$auto$proc_rom.cc:155:do_switch$81$rdmux[0][7][102]$3264:
      Old ports: A=4'0110, B=4'0111, Y=$memory$auto$proc_rom.cc:155:do_switch$81$rdmux[0][6][51]$a$2920
      New ports: A=1'0, B=1'1, Y=$memory$auto$proc_rom.cc:155:do_switch$81$rdmux[0][6][51]$a$2920 [0]
      New connections: $memory$auto$proc_rom.cc:155:do_switch$81$rdmux[0][6][51]$a$2920 [3:1] = 3'011
    Consolidated identical input bits for $mux cell $memory$auto$proc_rom.cc:155:do_switch$81$rdmux[0][7][101]$3261:
      Old ports: A=4'0111, B=4'1000, Y=$memory$auto$proc_rom.cc:155:do_switch$81$rdmux[0][6][50]$b$2918
      New ports: A=2'01, B=2'10, Y={ $memory$auto$proc_rom.cc:155:do_switch$81$rdmux[0][6][50]$b$2918 [3] $memory$auto$proc_rom.cc:155:do_switch$81$rdmux[0][6][50]$b$2918 [0] }
      New connections: $memory$auto$proc_rom.cc:155:do_switch$81$rdmux[0][6][50]$b$2918 [2:1] = { $memory$auto$proc_rom.cc:155:do_switch$81$rdmux[0][6][50]$b$2918 [0] $memory$auto$proc_rom.cc:155:do_switch$81$rdmux[0][6][50]$b$2918 [0] }
    Consolidated identical input bits for $mux cell $memory$auto$proc_rom.cc:155:do_switch$81$rdmux[0][7][100]$3258:
      Old ports: A=4'0101, B=4'0110, Y=$memory$auto$proc_rom.cc:155:do_switch$81$rdmux[0][6][50]$a$2917
      New ports: A=2'01, B=2'10, Y=$memory$auto$proc_rom.cc:155:do_switch$81$rdmux[0][6][50]$a$2917 [1:0]
      New connections: $memory$auto$proc_rom.cc:155:do_switch$81$rdmux[0][6][50]$a$2917 [3:2] = 2'01
    Consolidated identical input bits for $mux cell $memory$auto$proc_rom.cc:155:do_switch$81$rdmux[0][7][99]$3255:
      Old ports: A=4'0110, B=4'0111, Y=$memory$auto$proc_rom.cc:155:do_switch$81$rdmux[0][6][49]$b$2915
      New ports: A=1'0, B=1'1, Y=$memory$auto$proc_rom.cc:155:do_switch$81$rdmux[0][6][49]$b$2915 [0]
      New connections: $memory$auto$proc_rom.cc:155:do_switch$81$rdmux[0][6][49]$b$2915 [3:1] = 3'011
    Consolidated identical input bits for $mux cell $memory$auto$proc_rom.cc:155:do_switch$81$rdmux[0][7][98]$3252:
      Old ports: A=4'0100, B=4'0101, Y=$memory$auto$proc_rom.cc:155:do_switch$81$rdmux[0][6][49]$a$2914
      New ports: A=1'0, B=1'1, Y=$memory$auto$proc_rom.cc:155:do_switch$81$rdmux[0][6][49]$a$2914 [0]
      New connections: $memory$auto$proc_rom.cc:155:do_switch$81$rdmux[0][6][49]$a$2914 [3:1] = 3'010
    Consolidated identical input bits for $mux cell $memory$auto$proc_rom.cc:155:do_switch$81$rdmux[0][7][97]$3249:
      Old ports: A=4'0101, B=4'0110, Y=$memory$auto$proc_rom.cc:155:do_switch$81$rdmux[0][6][48]$b$2912
      New ports: A=2'01, B=2'10, Y=$memory$auto$proc_rom.cc:155:do_switch$81$rdmux[0][6][48]$b$2912 [1:0]
      New connections: $memory$auto$proc_rom.cc:155:do_switch$81$rdmux[0][6][48]$b$2912 [3:2] = 2'01
    Consolidated identical input bits for $mux cell $memory$auto$proc_rom.cc:155:do_switch$81$rdmux[0][7][96]$3246:
      Old ports: A=4'0011, B=4'0100, Y=$memory$auto$proc_rom.cc:155:do_switch$81$rdmux[0][6][48]$a$2911
      New ports: A=2'01, B=2'10, Y={ $memory$auto$proc_rom.cc:155:do_switch$81$rdmux[0][6][48]$a$2911 [2] $memory$auto$proc_rom.cc:155:do_switch$81$rdmux[0][6][48]$a$2911 [0] }
      New connections: { $memory$auto$proc_rom.cc:155:do_switch$81$rdmux[0][6][48]$a$2911 [3] $memory$auto$proc_rom.cc:155:do_switch$81$rdmux[0][6][48]$a$2911 [1] } = { 1'0 $memory$auto$proc_rom.cc:155:do_switch$81$rdmux[0][6][48]$a$2911 [0] }
    Consolidated identical input bits for $mux cell $memory$auto$proc_rom.cc:155:do_switch$81$rdmux[0][7][95]$3243:
      Old ports: A=4'1010, B=4'1011, Y=$memory$auto$proc_rom.cc:155:do_switch$81$rdmux[0][6][47]$b$2909
      New ports: A=1'0, B=1'1, Y=$memory$auto$proc_rom.cc:155:do_switch$81$rdmux[0][6][47]$b$2909 [0]
      New connections: $memory$auto$proc_rom.cc:155:do_switch$81$rdmux[0][6][47]$b$2909 [3:1] = 3'101
    Consolidated identical input bits for $mux cell $memory$auto$proc_rom.cc:155:do_switch$81$rdmux[0][7][94]$3240:
      Old ports: A=4'1000, B=4'1001, Y=$memory$auto$proc_rom.cc:155:do_switch$81$rdmux[0][6][47]$a$2908
      New ports: A=1'0, B=1'1, Y=$memory$auto$proc_rom.cc:155:do_switch$81$rdmux[0][6][47]$a$2908 [0]
      New connections: $memory$auto$proc_rom.cc:155:do_switch$81$rdmux[0][6][47]$a$2908 [3:1] = 3'100
    Consolidated identical input bits for $mux cell $memory$auto$proc_rom.cc:155:do_switch$81$rdmux[0][7][93]$3237:
      Old ports: A=4'1001, B=4'1010, Y=$memory$auto$proc_rom.cc:155:do_switch$81$rdmux[0][6][46]$b$2906
      New ports: A=2'01, B=2'10, Y=$memory$auto$proc_rom.cc:155:do_switch$81$rdmux[0][6][46]$b$2906 [1:0]
      New connections: $memory$auto$proc_rom.cc:155:do_switch$81$rdmux[0][6][46]$b$2906 [3:2] = 2'10
    Consolidated identical input bits for $mux cell $memory$auto$proc_rom.cc:155:do_switch$81$rdmux[0][7][92]$3234:
      Old ports: A=4'0111, B=4'1000, Y=$memory$auto$proc_rom.cc:155:do_switch$81$rdmux[0][6][46]$a$2905
      New ports: A=2'01, B=2'10, Y={ $memory$auto$proc_rom.cc:155:do_switch$81$rdmux[0][6][46]$a$2905 [3] $memory$auto$proc_rom.cc:155:do_switch$81$rdmux[0][6][46]$a$2905 [0] }
      New connections: $memory$auto$proc_rom.cc:155:do_switch$81$rdmux[0][6][46]$a$2905 [2:1] = { $memory$auto$proc_rom.cc:155:do_switch$81$rdmux[0][6][46]$a$2905 [0] $memory$auto$proc_rom.cc:155:do_switch$81$rdmux[0][6][46]$a$2905 [0] }
    Consolidated identical input bits for $mux cell $memory$auto$proc_rom.cc:155:do_switch$81$rdmux[0][7][91]$3231:
      Old ports: A=4'1000, B=4'1001, Y=$memory$auto$proc_rom.cc:155:do_switch$81$rdmux[0][6][45]$b$2903
      New ports: A=1'0, B=1'1, Y=$memory$auto$proc_rom.cc:155:do_switch$81$rdmux[0][6][45]$b$2903 [0]
      New connections: $memory$auto$proc_rom.cc:155:do_switch$81$rdmux[0][6][45]$b$2903 [3:1] = 3'100
    Consolidated identical input bits for $mux cell $memory$auto$proc_rom.cc:155:do_switch$81$rdmux[0][7][90]$3228:
      Old ports: A=4'0110, B=4'0111, Y=$memory$auto$proc_rom.cc:155:do_switch$81$rdmux[0][6][45]$a$2902
      New ports: A=1'0, B=1'1, Y=$memory$auto$proc_rom.cc:155:do_switch$81$rdmux[0][6][45]$a$2902 [0]
      New connections: $memory$auto$proc_rom.cc:155:do_switch$81$rdmux[0][6][45]$a$2902 [3:1] = 3'011
    Consolidated identical input bits for $mux cell $memory$auto$proc_rom.cc:155:do_switch$81$rdmux[0][7][89]$3225:
      Old ports: A=4'0111, B=4'1000, Y=$memory$auto$proc_rom.cc:155:do_switch$81$rdmux[0][6][44]$b$2900
      New ports: A=2'01, B=2'10, Y={ $memory$auto$proc_rom.cc:155:do_switch$81$rdmux[0][6][44]$b$2900 [3] $memory$auto$proc_rom.cc:155:do_switch$81$rdmux[0][6][44]$b$2900 [0] }
      New connections: $memory$auto$proc_rom.cc:155:do_switch$81$rdmux[0][6][44]$b$2900 [2:1] = { $memory$auto$proc_rom.cc:155:do_switch$81$rdmux[0][6][44]$b$2900 [0] $memory$auto$proc_rom.cc:155:do_switch$81$rdmux[0][6][44]$b$2900 [0] }
    Consolidated identical input bits for $mux cell $memory$auto$proc_rom.cc:155:do_switch$81$rdmux[0][7][88]$3222:
      Old ports: A=4'0101, B=4'0110, Y=$memory$auto$proc_rom.cc:155:do_switch$81$rdmux[0][6][44]$a$2899
      New ports: A=2'01, B=2'10, Y=$memory$auto$proc_rom.cc:155:do_switch$81$rdmux[0][6][44]$a$2899 [1:0]
      New connections: $memory$auto$proc_rom.cc:155:do_switch$81$rdmux[0][6][44]$a$2899 [3:2] = 2'01
    Consolidated identical input bits for $mux cell $memory$auto$proc_rom.cc:155:do_switch$81$rdmux[0][7][87]$3219:
      Old ports: A=4'1001, B=4'1010, Y=$memory$auto$proc_rom.cc:155:do_switch$81$rdmux[0][6][43]$b$2897
      New ports: A=2'01, B=2'10, Y=$memory$auto$proc_rom.cc:155:do_switch$81$rdmux[0][6][43]$b$2897 [1:0]
      New connections: $memory$auto$proc_rom.cc:155:do_switch$81$rdmux[0][6][43]$b$2897 [3:2] = 2'10
    Consolidated identical input bits for $mux cell $memory$auto$proc_rom.cc:155:do_switch$81$rdmux[0][7][86]$3216:
      Old ports: A=4'0111, B=4'1000, Y=$memory$auto$proc_rom.cc:155:do_switch$81$rdmux[0][6][43]$a$2896
      New ports: A=2'01, B=2'10, Y={ $memory$auto$proc_rom.cc:155:do_switch$81$rdmux[0][6][43]$a$2896 [3] $memory$auto$proc_rom.cc:155:do_switch$81$rdmux[0][6][43]$a$2896 [0] }
      New connections: $memory$auto$proc_rom.cc:155:do_switch$81$rdmux[0][6][43]$a$2896 [2:1] = { $memory$auto$proc_rom.cc:155:do_switch$81$rdmux[0][6][43]$a$2896 [0] $memory$auto$proc_rom.cc:155:do_switch$81$rdmux[0][6][43]$a$2896 [0] }
    Consolidated identical input bits for $mux cell $memory$auto$proc_rom.cc:155:do_switch$81$rdmux[0][7][85]$3213:
      Old ports: A=4'1000, B=4'1001, Y=$memory$auto$proc_rom.cc:155:do_switch$81$rdmux[0][6][42]$b$2894
      New ports: A=1'0, B=1'1, Y=$memory$auto$proc_rom.cc:155:do_switch$81$rdmux[0][6][42]$b$2894 [0]
      New connections: $memory$auto$proc_rom.cc:155:do_switch$81$rdmux[0][6][42]$b$2894 [3:1] = 3'100
    Consolidated identical input bits for $mux cell $memory$auto$proc_rom.cc:155:do_switch$81$rdmux[0][7][84]$3210:
      Old ports: A=4'0110, B=4'0111, Y=$memory$auto$proc_rom.cc:155:do_switch$81$rdmux[0][6][42]$a$2893
      New ports: A=1'0, B=1'1, Y=$memory$auto$proc_rom.cc:155:do_switch$81$rdmux[0][6][42]$a$2893 [0]
      New connections: $memory$auto$proc_rom.cc:155:do_switch$81$rdmux[0][6][42]$a$2893 [3:1] = 3'011
    Consolidated identical input bits for $mux cell $memory$auto$proc_rom.cc:155:do_switch$81$rdmux[0][7][83]$3207:
      Old ports: A=4'0111, B=4'1000, Y=$memory$auto$proc_rom.cc:155:do_switch$81$rdmux[0][6][41]$b$2891
      New ports: A=2'01, B=2'10, Y={ $memory$auto$proc_rom.cc:155:do_switch$81$rdmux[0][6][41]$b$2891 [3] $memory$auto$proc_rom.cc:155:do_switch$81$rdmux[0][6][41]$b$2891 [0] }
      New connections: $memory$auto$proc_rom.cc:155:do_switch$81$rdmux[0][6][41]$b$2891 [2:1] = { $memory$auto$proc_rom.cc:155:do_switch$81$rdmux[0][6][41]$b$2891 [0] $memory$auto$proc_rom.cc:155:do_switch$81$rdmux[0][6][41]$b$2891 [0] }
    Consolidated identical input bits for $mux cell $memory$auto$proc_rom.cc:155:do_switch$81$rdmux[0][7][82]$3204:
      Old ports: A=4'0101, B=4'0110, Y=$memory$auto$proc_rom.cc:155:do_switch$81$rdmux[0][6][41]$a$2890
      New ports: A=2'01, B=2'10, Y=$memory$auto$proc_rom.cc:155:do_switch$81$rdmux[0][6][41]$a$2890 [1:0]
      New connections: $memory$auto$proc_rom.cc:155:do_switch$81$rdmux[0][6][41]$a$2890 [3:2] = 2'01
    Consolidated identical input bits for $mux cell $memory$auto$proc_rom.cc:155:do_switch$81$rdmux[0][7][81]$3201:
      Old ports: A=4'0110, B=4'0111, Y=$memory$auto$proc_rom.cc:155:do_switch$81$rdmux[0][6][40]$b$2888
      New ports: A=1'0, B=1'1, Y=$memory$auto$proc_rom.cc:155:do_switch$81$rdmux[0][6][40]$b$2888 [0]
      New connections: $memory$auto$proc_rom.cc:155:do_switch$81$rdmux[0][6][40]$b$2888 [3:1] = 3'011
    Consolidated identical input bits for $mux cell $memory$auto$proc_rom.cc:155:do_switch$81$rdmux[0][7][80]$3198:
      Old ports: A=4'0100, B=4'0101, Y=$memory$auto$proc_rom.cc:155:do_switch$81$rdmux[0][6][40]$a$2887
      New ports: A=1'0, B=1'1, Y=$memory$auto$proc_rom.cc:155:do_switch$81$rdmux[0][6][40]$a$2887 [0]
      New connections: $memory$auto$proc_rom.cc:155:do_switch$81$rdmux[0][6][40]$a$2887 [3:1] = 3'010
    Consolidated identical input bits for $mux cell $memory$auto$proc_rom.cc:155:do_switch$81$rdmux[0][7][79]$3195:
      Old ports: A=4'1000, B=4'1001, Y=$memory$auto$proc_rom.cc:155:do_switch$81$rdmux[0][6][39]$b$2885
      New ports: A=1'0, B=1'1, Y=$memory$auto$proc_rom.cc:155:do_switch$81$rdmux[0][6][39]$b$2885 [0]
      New connections: $memory$auto$proc_rom.cc:155:do_switch$81$rdmux[0][6][39]$b$2885 [3:1] = 3'100
    Consolidated identical input bits for $mux cell $memory$auto$proc_rom.cc:155:do_switch$81$rdmux[0][7][78]$3192:
      Old ports: A=4'0110, B=4'0111, Y=$memory$auto$proc_rom.cc:155:do_switch$81$rdmux[0][6][39]$a$2884
      New ports: A=1'0, B=1'1, Y=$memory$auto$proc_rom.cc:155:do_switch$81$rdmux[0][6][39]$a$2884 [0]
      New connections: $memory$auto$proc_rom.cc:155:do_switch$81$rdmux[0][6][39]$a$2884 [3:1] = 3'011
    Consolidated identical input bits for $mux cell $memory$auto$proc_rom.cc:155:do_switch$81$rdmux[0][7][77]$3189:
      Old ports: A=4'0111, B=4'1000, Y=$memory$auto$proc_rom.cc:155:do_switch$81$rdmux[0][6][38]$b$2882
      New ports: A=2'01, B=2'10, Y={ $memory$auto$proc_rom.cc:155:do_switch$81$rdmux[0][6][38]$b$2882 [3] $memory$auto$proc_rom.cc:155:do_switch$81$rdmux[0][6][38]$b$2882 [0] }
      New connections: $memory$auto$proc_rom.cc:155:do_switch$81$rdmux[0][6][38]$b$2882 [2:1] = { $memory$auto$proc_rom.cc:155:do_switch$81$rdmux[0][6][38]$b$2882 [0] $memory$auto$proc_rom.cc:155:do_switch$81$rdmux[0][6][38]$b$2882 [0] }
    Consolidated identical input bits for $mux cell $memory$auto$proc_rom.cc:155:do_switch$81$rdmux[0][7][76]$3186:
      Old ports: A=4'0101, B=4'0110, Y=$memory$auto$proc_rom.cc:155:do_switch$81$rdmux[0][6][38]$a$2881
      New ports: A=2'01, B=2'10, Y=$memory$auto$proc_rom.cc:155:do_switch$81$rdmux[0][6][38]$a$2881 [1:0]
      New connections: $memory$auto$proc_rom.cc:155:do_switch$81$rdmux[0][6][38]$a$2881 [3:2] = 2'01
    Consolidated identical input bits for $mux cell $memory$auto$proc_rom.cc:155:do_switch$81$rdmux[0][7][75]$3183:
      Old ports: A=4'0110, B=4'0111, Y=$memory$auto$proc_rom.cc:155:do_switch$81$rdmux[0][6][37]$b$2879
      New ports: A=1'0, B=1'1, Y=$memory$auto$proc_rom.cc:155:do_switch$81$rdmux[0][6][37]$b$2879 [0]
      New connections: $memory$auto$proc_rom.cc:155:do_switch$81$rdmux[0][6][37]$b$2879 [3:1] = 3'011
    Consolidated identical input bits for $mux cell $memory$auto$proc_rom.cc:155:do_switch$81$rdmux[0][7][74]$3180:
      Old ports: A=4'0100, B=4'0101, Y=$memory$auto$proc_rom.cc:155:do_switch$81$rdmux[0][6][37]$a$2878
      New ports: A=1'0, B=1'1, Y=$memory$auto$proc_rom.cc:155:do_switch$81$rdmux[0][6][37]$a$2878 [0]
      New connections: $memory$auto$proc_rom.cc:155:do_switch$81$rdmux[0][6][37]$a$2878 [3:1] = 3'010
    Consolidated identical input bits for $mux cell $memory$auto$proc_rom.cc:155:do_switch$81$rdmux[0][7][73]$3177:
      Old ports: A=4'0101, B=4'0110, Y=$memory$auto$proc_rom.cc:155:do_switch$81$rdmux[0][6][36]$b$2876
      New ports: A=2'01, B=2'10, Y=$memory$auto$proc_rom.cc:155:do_switch$81$rdmux[0][6][36]$b$2876 [1:0]
      New connections: $memory$auto$proc_rom.cc:155:do_switch$81$rdmux[0][6][36]$b$2876 [3:2] = 2'01
    Consolidated identical input bits for $mux cell $memory$auto$proc_rom.cc:155:do_switch$81$rdmux[0][7][72]$3174:
      Old ports: A=4'0011, B=4'0100, Y=$memory$auto$proc_rom.cc:155:do_switch$81$rdmux[0][6][36]$a$2875
      New ports: A=2'01, B=2'10, Y={ $memory$auto$proc_rom.cc:155:do_switch$81$rdmux[0][6][36]$a$2875 [2] $memory$auto$proc_rom.cc:155:do_switch$81$rdmux[0][6][36]$a$2875 [0] }
      New connections: { $memory$auto$proc_rom.cc:155:do_switch$81$rdmux[0][6][36]$a$2875 [3] $memory$auto$proc_rom.cc:155:do_switch$81$rdmux[0][6][36]$a$2875 [1] } = { 1'0 $memory$auto$proc_rom.cc:155:do_switch$81$rdmux[0][6][36]$a$2875 [0] }
    Consolidated identical input bits for $mux cell $memory$auto$proc_rom.cc:155:do_switch$81$rdmux[0][7][71]$3171:
      Old ports: A=4'0111, B=4'1000, Y=$memory$auto$proc_rom.cc:155:do_switch$81$rdmux[0][6][35]$b$2873
      New ports: A=2'01, B=2'10, Y={ $memory$auto$proc_rom.cc:155:do_switch$81$rdmux[0][6][35]$b$2873 [3] $memory$auto$proc_rom.cc:155:do_switch$81$rdmux[0][6][35]$b$2873 [0] }
      New connections: $memory$auto$proc_rom.cc:155:do_switch$81$rdmux[0][6][35]$b$2873 [2:1] = { $memory$auto$proc_rom.cc:155:do_switch$81$rdmux[0][6][35]$b$2873 [0] $memory$auto$proc_rom.cc:155:do_switch$81$rdmux[0][6][35]$b$2873 [0] }
    Consolidated identical input bits for $mux cell $memory$auto$proc_rom.cc:155:do_switch$81$rdmux[0][7][70]$3168:
      Old ports: A=4'0101, B=4'0110, Y=$memory$auto$proc_rom.cc:155:do_switch$81$rdmux[0][6][35]$a$2872
      New ports: A=2'01, B=2'10, Y=$memory$auto$proc_rom.cc:155:do_switch$81$rdmux[0][6][35]$a$2872 [1:0]
      New connections: $memory$auto$proc_rom.cc:155:do_switch$81$rdmux[0][6][35]$a$2872 [3:2] = 2'01
    Consolidated identical input bits for $mux cell $memory$auto$proc_rom.cc:155:do_switch$81$rdmux[0][7][69]$3165:
      Old ports: A=4'0110, B=4'0111, Y=$memory$auto$proc_rom.cc:155:do_switch$81$rdmux[0][6][34]$b$2870
      New ports: A=1'0, B=1'1, Y=$memory$auto$proc_rom.cc:155:do_switch$81$rdmux[0][6][34]$b$2870 [0]
      New connections: $memory$auto$proc_rom.cc:155:do_switch$81$rdmux[0][6][34]$b$2870 [3:1] = 3'011
    Consolidated identical input bits for $mux cell $memory$auto$proc_rom.cc:155:do_switch$81$rdmux[0][7][68]$3162:
      Old ports: A=4'0100, B=4'0101, Y=$memory$auto$proc_rom.cc:155:do_switch$81$rdmux[0][6][34]$a$2869
      New ports: A=1'0, B=1'1, Y=$memory$auto$proc_rom.cc:155:do_switch$81$rdmux[0][6][34]$a$2869 [0]
      New connections: $memory$auto$proc_rom.cc:155:do_switch$81$rdmux[0][6][34]$a$2869 [3:1] = 3'010
    Consolidated identical input bits for $mux cell $memory$auto$proc_rom.cc:155:do_switch$81$rdmux[0][7][67]$3159:
      Old ports: A=4'0101, B=4'0110, Y=$memory$auto$proc_rom.cc:155:do_switch$81$rdmux[0][6][33]$b$2867
      New ports: A=2'01, B=2'10, Y=$memory$auto$proc_rom.cc:155:do_switch$81$rdmux[0][6][33]$b$2867 [1:0]
      New connections: $memory$auto$proc_rom.cc:155:do_switch$81$rdmux[0][6][33]$b$2867 [3:2] = 2'01
    Consolidated identical input bits for $mux cell $memory$auto$proc_rom.cc:155:do_switch$81$rdmux[0][7][66]$3156:
      Old ports: A=4'0011, B=4'0100, Y=$memory$auto$proc_rom.cc:155:do_switch$81$rdmux[0][6][33]$a$2866
      New ports: A=2'01, B=2'10, Y={ $memory$auto$proc_rom.cc:155:do_switch$81$rdmux[0][6][33]$a$2866 [2] $memory$auto$proc_rom.cc:155:do_switch$81$rdmux[0][6][33]$a$2866 [0] }
      New connections: { $memory$auto$proc_rom.cc:155:do_switch$81$rdmux[0][6][33]$a$2866 [3] $memory$auto$proc_rom.cc:155:do_switch$81$rdmux[0][6][33]$a$2866 [1] } = { 1'0 $memory$auto$proc_rom.cc:155:do_switch$81$rdmux[0][6][33]$a$2866 [0] }
    Consolidated identical input bits for $mux cell $memory$auto$proc_rom.cc:155:do_switch$81$rdmux[0][7][65]$3153:
      Old ports: A=4'0100, B=4'0101, Y=$memory$auto$proc_rom.cc:155:do_switch$81$rdmux[0][6][32]$b$2864
      New ports: A=1'0, B=1'1, Y=$memory$auto$proc_rom.cc:155:do_switch$81$rdmux[0][6][32]$b$2864 [0]
      New connections: $memory$auto$proc_rom.cc:155:do_switch$81$rdmux[0][6][32]$b$2864 [3:1] = 3'010
    Consolidated identical input bits for $mux cell $memory$auto$proc_rom.cc:155:do_switch$81$rdmux[0][7][64]$3150:
      Old ports: A=4'0010, B=4'0011, Y=$memory$auto$proc_rom.cc:155:do_switch$81$rdmux[0][6][32]$a$2863
      New ports: A=1'0, B=1'1, Y=$memory$auto$proc_rom.cc:155:do_switch$81$rdmux[0][6][32]$a$2863 [0]
      New connections: $memory$auto$proc_rom.cc:155:do_switch$81$rdmux[0][6][32]$a$2863 [3:1] = 3'001
    Consolidated identical input bits for $mux cell $memory$auto$proc_rom.cc:155:do_switch$81$rdmux[0][7][63]$3147:
      Old ports: A=4'1001, B=4'1010, Y=$memory$auto$proc_rom.cc:155:do_switch$81$rdmux[0][6][31]$b$2861
      New ports: A=2'01, B=2'10, Y=$memory$auto$proc_rom.cc:155:do_switch$81$rdmux[0][6][31]$b$2861 [1:0]
      New connections: $memory$auto$proc_rom.cc:155:do_switch$81$rdmux[0][6][31]$b$2861 [3:2] = 2'10
    Consolidated identical input bits for $mux cell $memory$auto$proc_rom.cc:155:do_switch$81$rdmux[0][7][62]$3144:
      Old ports: A=4'0111, B=4'1000, Y=$memory$auto$proc_rom.cc:155:do_switch$81$rdmux[0][6][31]$a$2860
      New ports: A=2'01, B=2'10, Y={ $memory$auto$proc_rom.cc:155:do_switch$81$rdmux[0][6][31]$a$2860 [3] $memory$auto$proc_rom.cc:155:do_switch$81$rdmux[0][6][31]$a$2860 [0] }
      New connections: $memory$auto$proc_rom.cc:155:do_switch$81$rdmux[0][6][31]$a$2860 [2:1] = { $memory$auto$proc_rom.cc:155:do_switch$81$rdmux[0][6][31]$a$2860 [0] $memory$auto$proc_rom.cc:155:do_switch$81$rdmux[0][6][31]$a$2860 [0] }
    Consolidated identical input bits for $mux cell $memory$auto$proc_rom.cc:155:do_switch$81$rdmux[0][7][61]$3141:
      Old ports: A=4'1000, B=4'1001, Y=$memory$auto$proc_rom.cc:155:do_switch$81$rdmux[0][6][30]$b$2858
      New ports: A=1'0, B=1'1, Y=$memory$auto$proc_rom.cc:155:do_switch$81$rdmux[0][6][30]$b$2858 [0]
      New connections: $memory$auto$proc_rom.cc:155:do_switch$81$rdmux[0][6][30]$b$2858 [3:1] = 3'100
    Consolidated identical input bits for $mux cell $memory$auto$proc_rom.cc:155:do_switch$81$rdmux[0][7][60]$3138:
      Old ports: A=4'0110, B=4'0111, Y=$memory$auto$proc_rom.cc:155:do_switch$81$rdmux[0][6][30]$a$2857
      New ports: A=1'0, B=1'1, Y=$memory$auto$proc_rom.cc:155:do_switch$81$rdmux[0][6][30]$a$2857 [0]
      New connections: $memory$auto$proc_rom.cc:155:do_switch$81$rdmux[0][6][30]$a$2857 [3:1] = 3'011
    Consolidated identical input bits for $mux cell $memory$auto$proc_rom.cc:155:do_switch$81$rdmux[0][7][59]$3135:
      Old ports: A=4'0111, B=4'1000, Y=$memory$auto$proc_rom.cc:155:do_switch$81$rdmux[0][6][29]$b$2855
      New ports: A=2'01, B=2'10, Y={ $memory$auto$proc_rom.cc:155:do_switch$81$rdmux[0][6][29]$b$2855 [3] $memory$auto$proc_rom.cc:155:do_switch$81$rdmux[0][6][29]$b$2855 [0] }
      New connections: $memory$auto$proc_rom.cc:155:do_switch$81$rdmux[0][6][29]$b$2855 [2:1] = { $memory$auto$proc_rom.cc:155:do_switch$81$rdmux[0][6][29]$b$2855 [0] $memory$auto$proc_rom.cc:155:do_switch$81$rdmux[0][6][29]$b$2855 [0] }
    Consolidated identical input bits for $mux cell $memory$auto$proc_rom.cc:155:do_switch$81$rdmux[0][7][58]$3132:
      Old ports: A=4'0101, B=4'0110, Y=$memory$auto$proc_rom.cc:155:do_switch$81$rdmux[0][6][29]$a$2854
      New ports: A=2'01, B=2'10, Y=$memory$auto$proc_rom.cc:155:do_switch$81$rdmux[0][6][29]$a$2854 [1:0]
      New connections: $memory$auto$proc_rom.cc:155:do_switch$81$rdmux[0][6][29]$a$2854 [3:2] = 2'01
    Consolidated identical input bits for $mux cell $memory$auto$proc_rom.cc:155:do_switch$81$rdmux[0][7][57]$3129:
      Old ports: A=4'0110, B=4'0111, Y=$memory$auto$proc_rom.cc:155:do_switch$81$rdmux[0][6][28]$b$2852
      New ports: A=1'0, B=1'1, Y=$memory$auto$proc_rom.cc:155:do_switch$81$rdmux[0][6][28]$b$2852 [0]
      New connections: $memory$auto$proc_rom.cc:155:do_switch$81$rdmux[0][6][28]$b$2852 [3:1] = 3'011
    Consolidated identical input bits for $mux cell $memory$auto$proc_rom.cc:155:do_switch$81$rdmux[0][7][56]$3126:
      Old ports: A=4'0100, B=4'0101, Y=$memory$auto$proc_rom.cc:155:do_switch$81$rdmux[0][6][28]$a$2851
      New ports: A=1'0, B=1'1, Y=$memory$auto$proc_rom.cc:155:do_switch$81$rdmux[0][6][28]$a$2851 [0]
      New connections: $memory$auto$proc_rom.cc:155:do_switch$81$rdmux[0][6][28]$a$2851 [3:1] = 3'010
    Consolidated identical input bits for $mux cell $memory$auto$proc_rom.cc:155:do_switch$81$rdmux[0][7][55]$3123:
      Old ports: A=4'1000, B=4'1001, Y=$memory$auto$proc_rom.cc:155:do_switch$81$rdmux[0][6][27]$b$2849
      New ports: A=1'0, B=1'1, Y=$memory$auto$proc_rom.cc:155:do_switch$81$rdmux[0][6][27]$b$2849 [0]
      New connections: $memory$auto$proc_rom.cc:155:do_switch$81$rdmux[0][6][27]$b$2849 [3:1] = 3'100
    Consolidated identical input bits for $mux cell $memory$auto$proc_rom.cc:155:do_switch$81$rdmux[0][7][54]$3120:
      Old ports: A=4'0110, B=4'0111, Y=$memory$auto$proc_rom.cc:155:do_switch$81$rdmux[0][6][27]$a$2848
      New ports: A=1'0, B=1'1, Y=$memory$auto$proc_rom.cc:155:do_switch$81$rdmux[0][6][27]$a$2848 [0]
      New connections: $memory$auto$proc_rom.cc:155:do_switch$81$rdmux[0][6][27]$a$2848 [3:1] = 3'011
    Consolidated identical input bits for $mux cell $memory$auto$proc_rom.cc:155:do_switch$81$rdmux[0][7][53]$3117:
      Old ports: A=4'0111, B=4'1000, Y=$memory$auto$proc_rom.cc:155:do_switch$81$rdmux[0][6][26]$b$2846
      New ports: A=2'01, B=2'10, Y={ $memory$auto$proc_rom.cc:155:do_switch$81$rdmux[0][6][26]$b$2846 [3] $memory$auto$proc_rom.cc:155:do_switch$81$rdmux[0][6][26]$b$2846 [0] }
      New connections: $memory$auto$proc_rom.cc:155:do_switch$81$rdmux[0][6][26]$b$2846 [2:1] = { $memory$auto$proc_rom.cc:155:do_switch$81$rdmux[0][6][26]$b$2846 [0] $memory$auto$proc_rom.cc:155:do_switch$81$rdmux[0][6][26]$b$2846 [0] }
    Consolidated identical input bits for $mux cell $memory$auto$proc_rom.cc:155:do_switch$81$rdmux[0][7][52]$3114:
      Old ports: A=4'0101, B=4'0110, Y=$memory$auto$proc_rom.cc:155:do_switch$81$rdmux[0][6][26]$a$2845
      New ports: A=2'01, B=2'10, Y=$memory$auto$proc_rom.cc:155:do_switch$81$rdmux[0][6][26]$a$2845 [1:0]
      New connections: $memory$auto$proc_rom.cc:155:do_switch$81$rdmux[0][6][26]$a$2845 [3:2] = 2'01
    Consolidated identical input bits for $mux cell $memory$auto$proc_rom.cc:155:do_switch$81$rdmux[0][7][51]$3111:
      Old ports: A=4'0110, B=4'0111, Y=$memory$auto$proc_rom.cc:155:do_switch$81$rdmux[0][6][25]$b$2843
      New ports: A=1'0, B=1'1, Y=$memory$auto$proc_rom.cc:155:do_switch$81$rdmux[0][6][25]$b$2843 [0]
      New connections: $memory$auto$proc_rom.cc:155:do_switch$81$rdmux[0][6][25]$b$2843 [3:1] = 3'011
    Consolidated identical input bits for $mux cell $memory$auto$proc_rom.cc:155:do_switch$81$rdmux[0][7][50]$3108:
      Old ports: A=4'0100, B=4'0101, Y=$memory$auto$proc_rom.cc:155:do_switch$81$rdmux[0][6][25]$a$2842
      New ports: A=1'0, B=1'1, Y=$memory$auto$proc_rom.cc:155:do_switch$81$rdmux[0][6][25]$a$2842 [0]
      New connections: $memory$auto$proc_rom.cc:155:do_switch$81$rdmux[0][6][25]$a$2842 [3:1] = 3'010
    Consolidated identical input bits for $mux cell $memory$auto$proc_rom.cc:155:do_switch$81$rdmux[0][7][49]$3105:
      Old ports: A=4'0101, B=4'0110, Y=$memory$auto$proc_rom.cc:155:do_switch$81$rdmux[0][6][24]$b$2840
      New ports: A=2'01, B=2'10, Y=$memory$auto$proc_rom.cc:155:do_switch$81$rdmux[0][6][24]$b$2840 [1:0]
      New connections: $memory$auto$proc_rom.cc:155:do_switch$81$rdmux[0][6][24]$b$2840 [3:2] = 2'01
    Consolidated identical input bits for $mux cell $memory$auto$proc_rom.cc:155:do_switch$81$rdmux[0][7][48]$3102:
      Old ports: A=4'0011, B=4'0100, Y=$memory$auto$proc_rom.cc:155:do_switch$81$rdmux[0][6][24]$a$2839
      New ports: A=2'01, B=2'10, Y={ $memory$auto$proc_rom.cc:155:do_switch$81$rdmux[0][6][24]$a$2839 [2] $memory$auto$proc_rom.cc:155:do_switch$81$rdmux[0][6][24]$a$2839 [0] }
      New connections: { $memory$auto$proc_rom.cc:155:do_switch$81$rdmux[0][6][24]$a$2839 [3] $memory$auto$proc_rom.cc:155:do_switch$81$rdmux[0][6][24]$a$2839 [1] } = { 1'0 $memory$auto$proc_rom.cc:155:do_switch$81$rdmux[0][6][24]$a$2839 [0] }
    Consolidated identical input bits for $mux cell $memory$auto$proc_rom.cc:155:do_switch$81$rdmux[0][7][47]$3099:
      Old ports: A=4'0111, B=4'1000, Y=$memory$auto$proc_rom.cc:155:do_switch$81$rdmux[0][6][23]$b$2837
      New ports: A=2'01, B=2'10, Y={ $memory$auto$proc_rom.cc:155:do_switch$81$rdmux[0][6][23]$b$2837 [3] $memory$auto$proc_rom.cc:155:do_switch$81$rdmux[0][6][23]$b$2837 [0] }
      New connections: $memory$auto$proc_rom.cc:155:do_switch$81$rdmux[0][6][23]$b$2837 [2:1] = { $memory$auto$proc_rom.cc:155:do_switch$81$rdmux[0][6][23]$b$2837 [0] $memory$auto$proc_rom.cc:155:do_switch$81$rdmux[0][6][23]$b$2837 [0] }
    Consolidated identical input bits for $mux cell $memory$auto$proc_rom.cc:155:do_switch$81$rdmux[0][7][46]$3096:
      Old ports: A=4'0101, B=4'0110, Y=$memory$auto$proc_rom.cc:155:do_switch$81$rdmux[0][6][23]$a$2836
      New ports: A=2'01, B=2'10, Y=$memory$auto$proc_rom.cc:155:do_switch$81$rdmux[0][6][23]$a$2836 [1:0]
      New connections: $memory$auto$proc_rom.cc:155:do_switch$81$rdmux[0][6][23]$a$2836 [3:2] = 2'01
    Consolidated identical input bits for $mux cell $memory$auto$proc_rom.cc:155:do_switch$81$rdmux[0][7][45]$3093:
      Old ports: A=4'0110, B=4'0111, Y=$memory$auto$proc_rom.cc:155:do_switch$81$rdmux[0][6][22]$b$2834
      New ports: A=1'0, B=1'1, Y=$memory$auto$proc_rom.cc:155:do_switch$81$rdmux[0][6][22]$b$2834 [0]
      New connections: $memory$auto$proc_rom.cc:155:do_switch$81$rdmux[0][6][22]$b$2834 [3:1] = 3'011
    Consolidated identical input bits for $mux cell $memory$auto$proc_rom.cc:155:do_switch$81$rdmux[0][7][44]$3090:
      Old ports: A=4'0100, B=4'0101, Y=$memory$auto$proc_rom.cc:155:do_switch$81$rdmux[0][6][22]$a$2833
      New ports: A=1'0, B=1'1, Y=$memory$auto$proc_rom.cc:155:do_switch$81$rdmux[0][6][22]$a$2833 [0]
      New connections: $memory$auto$proc_rom.cc:155:do_switch$81$rdmux[0][6][22]$a$2833 [3:1] = 3'010
    Consolidated identical input bits for $mux cell $memory$auto$proc_rom.cc:155:do_switch$81$rdmux[0][7][43]$3087:
      Old ports: A=4'0101, B=4'0110, Y=$memory$auto$proc_rom.cc:155:do_switch$81$rdmux[0][6][21]$b$2831
      New ports: A=2'01, B=2'10, Y=$memory$auto$proc_rom.cc:155:do_switch$81$rdmux[0][6][21]$b$2831 [1:0]
      New connections: $memory$auto$proc_rom.cc:155:do_switch$81$rdmux[0][6][21]$b$2831 [3:2] = 2'01
    Consolidated identical input bits for $mux cell $memory$auto$proc_rom.cc:155:do_switch$81$rdmux[0][7][42]$3084:
      Old ports: A=4'0011, B=4'0100, Y=$memory$auto$proc_rom.cc:155:do_switch$81$rdmux[0][6][21]$a$2830
      New ports: A=2'01, B=2'10, Y={ $memory$auto$proc_rom.cc:155:do_switch$81$rdmux[0][6][21]$a$2830 [2] $memory$auto$proc_rom.cc:155:do_switch$81$rdmux[0][6][21]$a$2830 [0] }
      New connections: { $memory$auto$proc_rom.cc:155:do_switch$81$rdmux[0][6][21]$a$2830 [3] $memory$auto$proc_rom.cc:155:do_switch$81$rdmux[0][6][21]$a$2830 [1] } = { 1'0 $memory$auto$proc_rom.cc:155:do_switch$81$rdmux[0][6][21]$a$2830 [0] }
    Consolidated identical input bits for $mux cell $memory$auto$proc_rom.cc:155:do_switch$81$rdmux[0][7][41]$3081:
      Old ports: A=4'0100, B=4'0101, Y=$memory$auto$proc_rom.cc:155:do_switch$81$rdmux[0][6][20]$b$2828
      New ports: A=1'0, B=1'1, Y=$memory$auto$proc_rom.cc:155:do_switch$81$rdmux[0][6][20]$b$2828 [0]
      New connections: $memory$auto$proc_rom.cc:155:do_switch$81$rdmux[0][6][20]$b$2828 [3:1] = 3'010
    Consolidated identical input bits for $mux cell $memory$auto$proc_rom.cc:155:do_switch$81$rdmux[0][7][40]$3078:
      Old ports: A=4'0010, B=4'0011, Y=$memory$auto$proc_rom.cc:155:do_switch$81$rdmux[0][6][20]$a$2827
      New ports: A=1'0, B=1'1, Y=$memory$auto$proc_rom.cc:155:do_switch$81$rdmux[0][6][20]$a$2827 [0]
      New connections: $memory$auto$proc_rom.cc:155:do_switch$81$rdmux[0][6][20]$a$2827 [3:1] = 3'001
    Consolidated identical input bits for $mux cell $memory$auto$proc_rom.cc:155:do_switch$81$rdmux[0][7][39]$3075:
      Old ports: A=4'0110, B=4'0111, Y=$memory$auto$proc_rom.cc:155:do_switch$81$rdmux[0][6][19]$b$2825
      New ports: A=1'0, B=1'1, Y=$memory$auto$proc_rom.cc:155:do_switch$81$rdmux[0][6][19]$b$2825 [0]
      New connections: $memory$auto$proc_rom.cc:155:do_switch$81$rdmux[0][6][19]$b$2825 [3:1] = 3'011
    Consolidated identical input bits for $mux cell $memory$auto$proc_rom.cc:155:do_switch$81$rdmux[0][7][38]$3072:
      Old ports: A=4'0100, B=4'0101, Y=$memory$auto$proc_rom.cc:155:do_switch$81$rdmux[0][6][19]$a$2824
      New ports: A=1'0, B=1'1, Y=$memory$auto$proc_rom.cc:155:do_switch$81$rdmux[0][6][19]$a$2824 [0]
      New connections: $memory$auto$proc_rom.cc:155:do_switch$81$rdmux[0][6][19]$a$2824 [3:1] = 3'010
    Consolidated identical input bits for $mux cell $memory$auto$proc_rom.cc:155:do_switch$81$rdmux[0][7][37]$3069:
      Old ports: A=4'0101, B=4'0110, Y=$memory$auto$proc_rom.cc:155:do_switch$81$rdmux[0][6][18]$b$2822
      New ports: A=2'01, B=2'10, Y=$memory$auto$proc_rom.cc:155:do_switch$81$rdmux[0][6][18]$b$2822 [1:0]
      New connections: $memory$auto$proc_rom.cc:155:do_switch$81$rdmux[0][6][18]$b$2822 [3:2] = 2'01
    Consolidated identical input bits for $mux cell $memory$auto$proc_rom.cc:155:do_switch$81$rdmux[0][7][36]$3066:
      Old ports: A=4'0011, B=4'0100, Y=$memory$auto$proc_rom.cc:155:do_switch$81$rdmux[0][6][18]$a$2821
      New ports: A=2'01, B=2'10, Y={ $memory$auto$proc_rom.cc:155:do_switch$81$rdmux[0][6][18]$a$2821 [2] $memory$auto$proc_rom.cc:155:do_switch$81$rdmux[0][6][18]$a$2821 [0] }
      New connections: { $memory$auto$proc_rom.cc:155:do_switch$81$rdmux[0][6][18]$a$2821 [3] $memory$auto$proc_rom.cc:155:do_switch$81$rdmux[0][6][18]$a$2821 [1] } = { 1'0 $memory$auto$proc_rom.cc:155:do_switch$81$rdmux[0][6][18]$a$2821 [0] }
    Consolidated identical input bits for $mux cell $memory$auto$proc_rom.cc:155:do_switch$81$rdmux[0][7][35]$3063:
      Old ports: A=4'0100, B=4'0101, Y=$memory$auto$proc_rom.cc:155:do_switch$81$rdmux[0][6][17]$b$2819
      New ports: A=1'0, B=1'1, Y=$memory$auto$proc_rom.cc:155:do_switch$81$rdmux[0][6][17]$b$2819 [0]
      New connections: $memory$auto$proc_rom.cc:155:do_switch$81$rdmux[0][6][17]$b$2819 [3:1] = 3'010
    Consolidated identical input bits for $mux cell $memory$auto$proc_rom.cc:155:do_switch$81$rdmux[0][7][34]$3060:
      Old ports: A=4'0010, B=4'0011, Y=$memory$auto$proc_rom.cc:155:do_switch$81$rdmux[0][6][17]$a$2818
      New ports: A=1'0, B=1'1, Y=$memory$auto$proc_rom.cc:155:do_switch$81$rdmux[0][6][17]$a$2818 [0]
      New connections: $memory$auto$proc_rom.cc:155:do_switch$81$rdmux[0][6][17]$a$2818 [3:1] = 3'001
    Consolidated identical input bits for $mux cell $memory$auto$proc_rom.cc:155:do_switch$81$rdmux[0][7][33]$3057:
      Old ports: A=4'0011, B=4'0100, Y=$memory$auto$proc_rom.cc:155:do_switch$81$rdmux[0][6][16]$b$2816
      New ports: A=2'01, B=2'10, Y={ $memory$auto$proc_rom.cc:155:do_switch$81$rdmux[0][6][16]$b$2816 [2] $memory$auto$proc_rom.cc:155:do_switch$81$rdmux[0][6][16]$b$2816 [0] }
      New connections: { $memory$auto$proc_rom.cc:155:do_switch$81$rdmux[0][6][16]$b$2816 [3] $memory$auto$proc_rom.cc:155:do_switch$81$rdmux[0][6][16]$b$2816 [1] } = { 1'0 $memory$auto$proc_rom.cc:155:do_switch$81$rdmux[0][6][16]$b$2816 [0] }
    Consolidated identical input bits for $mux cell $memory$auto$proc_rom.cc:155:do_switch$81$rdmux[0][7][32]$3054:
      Old ports: A=4'0001, B=4'0010, Y=$memory$auto$proc_rom.cc:155:do_switch$81$rdmux[0][6][16]$a$2815
      New ports: A=2'01, B=2'10, Y=$memory$auto$proc_rom.cc:155:do_switch$81$rdmux[0][6][16]$a$2815 [1:0]
      New connections: $memory$auto$proc_rom.cc:155:do_switch$81$rdmux[0][6][16]$a$2815 [3:2] = 2'00
    Consolidated identical input bits for $mux cell $memory$auto$proc_rom.cc:155:do_switch$81$rdmux[0][7][31]$3051:
      Old ports: A=4'1000, B=4'1001, Y=$memory$auto$proc_rom.cc:155:do_switch$81$rdmux[0][6][15]$b$2813
      New ports: A=1'0, B=1'1, Y=$memory$auto$proc_rom.cc:155:do_switch$81$rdmux[0][6][15]$b$2813 [0]
      New connections: $memory$auto$proc_rom.cc:155:do_switch$81$rdmux[0][6][15]$b$2813 [3:1] = 3'100
    Consolidated identical input bits for $mux cell $memory$auto$proc_rom.cc:155:do_switch$81$rdmux[0][7][30]$3048:
      Old ports: A=4'0110, B=4'0111, Y=$memory$auto$proc_rom.cc:155:do_switch$81$rdmux[0][6][15]$a$2812
      New ports: A=1'0, B=1'1, Y=$memory$auto$proc_rom.cc:155:do_switch$81$rdmux[0][6][15]$a$2812 [0]
      New connections: $memory$auto$proc_rom.cc:155:do_switch$81$rdmux[0][6][15]$a$2812 [3:1] = 3'011
    Consolidated identical input bits for $mux cell $memory$auto$proc_rom.cc:155:do_switch$81$rdmux[0][7][29]$3045:
      Old ports: A=4'0111, B=4'1000, Y=$memory$auto$proc_rom.cc:155:do_switch$81$rdmux[0][6][14]$b$2810
      New ports: A=2'01, B=2'10, Y={ $memory$auto$proc_rom.cc:155:do_switch$81$rdmux[0][6][14]$b$2810 [3] $memory$auto$proc_rom.cc:155:do_switch$81$rdmux[0][6][14]$b$2810 [0] }
      New connections: $memory$auto$proc_rom.cc:155:do_switch$81$rdmux[0][6][14]$b$2810 [2:1] = { $memory$auto$proc_rom.cc:155:do_switch$81$rdmux[0][6][14]$b$2810 [0] $memory$auto$proc_rom.cc:155:do_switch$81$rdmux[0][6][14]$b$2810 [0] }
    Consolidated identical input bits for $mux cell $memory$auto$proc_rom.cc:155:do_switch$81$rdmux[0][7][28]$3042:
      Old ports: A=4'0101, B=4'0110, Y=$memory$auto$proc_rom.cc:155:do_switch$81$rdmux[0][6][14]$a$2809
      New ports: A=2'01, B=2'10, Y=$memory$auto$proc_rom.cc:155:do_switch$81$rdmux[0][6][14]$a$2809 [1:0]
      New connections: $memory$auto$proc_rom.cc:155:do_switch$81$rdmux[0][6][14]$a$2809 [3:2] = 2'01
    Consolidated identical input bits for $mux cell $memory$auto$proc_rom.cc:155:do_switch$81$rdmux[0][7][27]$3039:
      Old ports: A=4'0110, B=4'0111, Y=$memory$auto$proc_rom.cc:155:do_switch$81$rdmux[0][6][13]$b$2807
      New ports: A=1'0, B=1'1, Y=$memory$auto$proc_rom.cc:155:do_switch$81$rdmux[0][6][13]$b$2807 [0]
      New connections: $memory$auto$proc_rom.cc:155:do_switch$81$rdmux[0][6][13]$b$2807 [3:1] = 3'011
    Consolidated identical input bits for $mux cell $memory$auto$proc_rom.cc:155:do_switch$81$rdmux[0][7][26]$3036:
      Old ports: A=4'0100, B=4'0101, Y=$memory$auto$proc_rom.cc:155:do_switch$81$rdmux[0][6][13]$a$2806
      New ports: A=1'0, B=1'1, Y=$memory$auto$proc_rom.cc:155:do_switch$81$rdmux[0][6][13]$a$2806 [0]
      New connections: $memory$auto$proc_rom.cc:155:do_switch$81$rdmux[0][6][13]$a$2806 [3:1] = 3'010
    Consolidated identical input bits for $mux cell $memory$auto$proc_rom.cc:155:do_switch$81$rdmux[0][7][25]$3033:
      Old ports: A=4'0101, B=4'0110, Y=$memory$auto$proc_rom.cc:155:do_switch$81$rdmux[0][6][12]$b$2804
      New ports: A=2'01, B=2'10, Y=$memory$auto$proc_rom.cc:155:do_switch$81$rdmux[0][6][12]$b$2804 [1:0]
      New connections: $memory$auto$proc_rom.cc:155:do_switch$81$rdmux[0][6][12]$b$2804 [3:2] = 2'01
    Consolidated identical input bits for $mux cell $memory$auto$proc_rom.cc:155:do_switch$81$rdmux[0][7][24]$3030:
      Old ports: A=4'0011, B=4'0100, Y=$memory$auto$proc_rom.cc:155:do_switch$81$rdmux[0][6][12]$a$2803
      New ports: A=2'01, B=2'10, Y={ $memory$auto$proc_rom.cc:155:do_switch$81$rdmux[0][6][12]$a$2803 [2] $memory$auto$proc_rom.cc:155:do_switch$81$rdmux[0][6][12]$a$2803 [0] }
      New connections: { $memory$auto$proc_rom.cc:155:do_switch$81$rdmux[0][6][12]$a$2803 [3] $memory$auto$proc_rom.cc:155:do_switch$81$rdmux[0][6][12]$a$2803 [1] } = { 1'0 $memory$auto$proc_rom.cc:155:do_switch$81$rdmux[0][6][12]$a$2803 [0] }
    Consolidated identical input bits for $mux cell $memory$auto$proc_rom.cc:155:do_switch$81$rdmux[0][7][23]$3027:
      Old ports: A=4'0111, B=4'1000, Y=$memory$auto$proc_rom.cc:155:do_switch$81$rdmux[0][6][11]$b$2801
      New ports: A=2'01, B=2'10, Y={ $memory$auto$proc_rom.cc:155:do_switch$81$rdmux[0][6][11]$b$2801 [3] $memory$auto$proc_rom.cc:155:do_switch$81$rdmux[0][6][11]$b$2801 [0] }
      New connections: $memory$auto$proc_rom.cc:155:do_switch$81$rdmux[0][6][11]$b$2801 [2:1] = { $memory$auto$proc_rom.cc:155:do_switch$81$rdmux[0][6][11]$b$2801 [0] $memory$auto$proc_rom.cc:155:do_switch$81$rdmux[0][6][11]$b$2801 [0] }
    Consolidated identical input bits for $mux cell $memory$auto$proc_rom.cc:155:do_switch$81$rdmux[0][7][22]$3024:
      Old ports: A=4'0101, B=4'0110, Y=$memory$auto$proc_rom.cc:155:do_switch$81$rdmux[0][6][11]$a$2800
      New ports: A=2'01, B=2'10, Y=$memory$auto$proc_rom.cc:155:do_switch$81$rdmux[0][6][11]$a$2800 [1:0]
      New connections: $memory$auto$proc_rom.cc:155:do_switch$81$rdmux[0][6][11]$a$2800 [3:2] = 2'01
    Consolidated identical input bits for $mux cell $memory$auto$proc_rom.cc:155:do_switch$81$rdmux[0][7][21]$3021:
      Old ports: A=4'0110, B=4'0111, Y=$memory$auto$proc_rom.cc:155:do_switch$81$rdmux[0][6][10]$b$2798
      New ports: A=1'0, B=1'1, Y=$memory$auto$proc_rom.cc:155:do_switch$81$rdmux[0][6][10]$b$2798 [0]
      New connections: $memory$auto$proc_rom.cc:155:do_switch$81$rdmux[0][6][10]$b$2798 [3:1] = 3'011
    Consolidated identical input bits for $mux cell $memory$auto$proc_rom.cc:155:do_switch$81$rdmux[0][7][20]$3018:
      Old ports: A=4'0100, B=4'0101, Y=$memory$auto$proc_rom.cc:155:do_switch$81$rdmux[0][6][10]$a$2797
      New ports: A=1'0, B=1'1, Y=$memory$auto$proc_rom.cc:155:do_switch$81$rdmux[0][6][10]$a$2797 [0]
      New connections: $memory$auto$proc_rom.cc:155:do_switch$81$rdmux[0][6][10]$a$2797 [3:1] = 3'010
    Consolidated identical input bits for $mux cell $memory$auto$proc_rom.cc:155:do_switch$81$rdmux[0][7][19]$3015:
      Old ports: A=4'0101, B=4'0110, Y=$memory$auto$proc_rom.cc:155:do_switch$81$rdmux[0][6][9]$b$2795
      New ports: A=2'01, B=2'10, Y=$memory$auto$proc_rom.cc:155:do_switch$81$rdmux[0][6][9]$b$2795 [1:0]
      New connections: $memory$auto$proc_rom.cc:155:do_switch$81$rdmux[0][6][9]$b$2795 [3:2] = 2'01
    Consolidated identical input bits for $mux cell $memory$auto$proc_rom.cc:155:do_switch$81$rdmux[0][7][18]$3012:
      Old ports: A=4'0011, B=4'0100, Y=$memory$auto$proc_rom.cc:155:do_switch$81$rdmux[0][6][9]$a$2794
      New ports: A=2'01, B=2'10, Y={ $memory$auto$proc_rom.cc:155:do_switch$81$rdmux[0][6][9]$a$2794 [2] $memory$auto$proc_rom.cc:155:do_switch$81$rdmux[0][6][9]$a$2794 [0] }
      New connections: { $memory$auto$proc_rom.cc:155:do_switch$81$rdmux[0][6][9]$a$2794 [3] $memory$auto$proc_rom.cc:155:do_switch$81$rdmux[0][6][9]$a$2794 [1] } = { 1'0 $memory$auto$proc_rom.cc:155:do_switch$81$rdmux[0][6][9]$a$2794 [0] }
    Consolidated identical input bits for $mux cell $memory$auto$proc_rom.cc:155:do_switch$81$rdmux[0][7][17]$3009:
      Old ports: A=4'0100, B=4'0101, Y=$memory$auto$proc_rom.cc:155:do_switch$81$rdmux[0][6][8]$b$2792
      New ports: A=1'0, B=1'1, Y=$memory$auto$proc_rom.cc:155:do_switch$81$rdmux[0][6][8]$b$2792 [0]
      New connections: $memory$auto$proc_rom.cc:155:do_switch$81$rdmux[0][6][8]$b$2792 [3:1] = 3'010
    Consolidated identical input bits for $mux cell $memory$auto$proc_rom.cc:155:do_switch$81$rdmux[0][7][16]$3006:
      Old ports: A=4'0010, B=4'0011, Y=$memory$auto$proc_rom.cc:155:do_switch$81$rdmux[0][6][8]$a$2791
      New ports: A=1'0, B=1'1, Y=$memory$auto$proc_rom.cc:155:do_switch$81$rdmux[0][6][8]$a$2791 [0]
      New connections: $memory$auto$proc_rom.cc:155:do_switch$81$rdmux[0][6][8]$a$2791 [3:1] = 3'001
    Consolidated identical input bits for $mux cell $memory$auto$proc_rom.cc:155:do_switch$81$rdmux[0][7][15]$3003:
      Old ports: A=4'0110, B=4'0111, Y=$memory$auto$proc_rom.cc:155:do_switch$81$rdmux[0][6][7]$b$2789
      New ports: A=1'0, B=1'1, Y=$memory$auto$proc_rom.cc:155:do_switch$81$rdmux[0][6][7]$b$2789 [0]
      New connections: $memory$auto$proc_rom.cc:155:do_switch$81$rdmux[0][6][7]$b$2789 [3:1] = 3'011
    Consolidated identical input bits for $mux cell $memory$auto$proc_rom.cc:155:do_switch$81$rdmux[0][7][14]$3000:
      Old ports: A=4'0100, B=4'0101, Y=$memory$auto$proc_rom.cc:155:do_switch$81$rdmux[0][6][7]$a$2788
      New ports: A=1'0, B=1'1, Y=$memory$auto$proc_rom.cc:155:do_switch$81$rdmux[0][6][7]$a$2788 [0]
      New connections: $memory$auto$proc_rom.cc:155:do_switch$81$rdmux[0][6][7]$a$2788 [3:1] = 3'010
    Consolidated identical input bits for $mux cell $memory$auto$proc_rom.cc:155:do_switch$81$rdmux[0][7][13]$2997:
      Old ports: A=4'0101, B=4'0110, Y=$memory$auto$proc_rom.cc:155:do_switch$81$rdmux[0][6][6]$b$2786
      New ports: A=2'01, B=2'10, Y=$memory$auto$proc_rom.cc:155:do_switch$81$rdmux[0][6][6]$b$2786 [1:0]
      New connections: $memory$auto$proc_rom.cc:155:do_switch$81$rdmux[0][6][6]$b$2786 [3:2] = 2'01
    Consolidated identical input bits for $mux cell $memory$auto$proc_rom.cc:155:do_switch$81$rdmux[0][7][12]$2994:
      Old ports: A=4'0011, B=4'0100, Y=$memory$auto$proc_rom.cc:155:do_switch$81$rdmux[0][6][6]$a$2785
      New ports: A=2'01, B=2'10, Y={ $memory$auto$proc_rom.cc:155:do_switch$81$rdmux[0][6][6]$a$2785 [2] $memory$auto$proc_rom.cc:155:do_switch$81$rdmux[0][6][6]$a$2785 [0] }
      New connections: { $memory$auto$proc_rom.cc:155:do_switch$81$rdmux[0][6][6]$a$2785 [3] $memory$auto$proc_rom.cc:155:do_switch$81$rdmux[0][6][6]$a$2785 [1] } = { 1'0 $memory$auto$proc_rom.cc:155:do_switch$81$rdmux[0][6][6]$a$2785 [0] }
    Consolidated identical input bits for $mux cell $memory$auto$proc_rom.cc:155:do_switch$81$rdmux[0][7][11]$2991:
      Old ports: A=4'0100, B=4'0101, Y=$memory$auto$proc_rom.cc:155:do_switch$81$rdmux[0][6][5]$b$2783
      New ports: A=1'0, B=1'1, Y=$memory$auto$proc_rom.cc:155:do_switch$81$rdmux[0][6][5]$b$2783 [0]
      New connections: $memory$auto$proc_rom.cc:155:do_switch$81$rdmux[0][6][5]$b$2783 [3:1] = 3'010
    Consolidated identical input bits for $mux cell $memory$auto$proc_rom.cc:155:do_switch$81$rdmux[0][7][10]$2988:
      Old ports: A=4'0010, B=4'0011, Y=$memory$auto$proc_rom.cc:155:do_switch$81$rdmux[0][6][5]$a$2782
      New ports: A=1'0, B=1'1, Y=$memory$auto$proc_rom.cc:155:do_switch$81$rdmux[0][6][5]$a$2782 [0]
      New connections: $memory$auto$proc_rom.cc:155:do_switch$81$rdmux[0][6][5]$a$2782 [3:1] = 3'001
    Consolidated identical input bits for $mux cell $memory$auto$proc_rom.cc:155:do_switch$81$rdmux[0][7][9]$2985:
      Old ports: A=4'0011, B=4'0100, Y=$memory$auto$proc_rom.cc:155:do_switch$81$rdmux[0][6][4]$b$2780
      New ports: A=2'01, B=2'10, Y={ $memory$auto$proc_rom.cc:155:do_switch$81$rdmux[0][6][4]$b$2780 [2] $memory$auto$proc_rom.cc:155:do_switch$81$rdmux[0][6][4]$b$2780 [0] }
      New connections: { $memory$auto$proc_rom.cc:155:do_switch$81$rdmux[0][6][4]$b$2780 [3] $memory$auto$proc_rom.cc:155:do_switch$81$rdmux[0][6][4]$b$2780 [1] } = { 1'0 $memory$auto$proc_rom.cc:155:do_switch$81$rdmux[0][6][4]$b$2780 [0] }
    Consolidated identical input bits for $mux cell $memory$auto$proc_rom.cc:155:do_switch$81$rdmux[0][7][8]$2982:
      Old ports: A=4'0001, B=4'0010, Y=$memory$auto$proc_rom.cc:155:do_switch$81$rdmux[0][6][4]$a$2779
      New ports: A=2'01, B=2'10, Y=$memory$auto$proc_rom.cc:155:do_switch$81$rdmux[0][6][4]$a$2779 [1:0]
      New connections: $memory$auto$proc_rom.cc:155:do_switch$81$rdmux[0][6][4]$a$2779 [3:2] = 2'00
    Consolidated identical input bits for $mux cell $memory$auto$proc_rom.cc:155:do_switch$81$rdmux[0][7][7]$2979:
      Old ports: A=4'0101, B=4'0110, Y=$memory$auto$proc_rom.cc:155:do_switch$81$rdmux[0][6][3]$b$2777
      New ports: A=2'01, B=2'10, Y=$memory$auto$proc_rom.cc:155:do_switch$81$rdmux[0][6][3]$b$2777 [1:0]
      New connections: $memory$auto$proc_rom.cc:155:do_switch$81$rdmux[0][6][3]$b$2777 [3:2] = 2'01
    Consolidated identical input bits for $mux cell $memory$auto$proc_rom.cc:155:do_switch$81$rdmux[0][7][6]$2976:
      Old ports: A=4'0011, B=4'0100, Y=$memory$auto$proc_rom.cc:155:do_switch$81$rdmux[0][6][3]$a$2776
      New ports: A=2'01, B=2'10, Y={ $memory$auto$proc_rom.cc:155:do_switch$81$rdmux[0][6][3]$a$2776 [2] $memory$auto$proc_rom.cc:155:do_switch$81$rdmux[0][6][3]$a$2776 [0] }
      New connections: { $memory$auto$proc_rom.cc:155:do_switch$81$rdmux[0][6][3]$a$2776 [3] $memory$auto$proc_rom.cc:155:do_switch$81$rdmux[0][6][3]$a$2776 [1] } = { 1'0 $memory$auto$proc_rom.cc:155:do_switch$81$rdmux[0][6][3]$a$2776 [0] }
    Consolidated identical input bits for $mux cell $memory$auto$proc_rom.cc:155:do_switch$81$rdmux[0][7][5]$2973:
      Old ports: A=4'0100, B=4'0101, Y=$memory$auto$proc_rom.cc:155:do_switch$81$rdmux[0][6][2]$b$2774
      New ports: A=1'0, B=1'1, Y=$memory$auto$proc_rom.cc:155:do_switch$81$rdmux[0][6][2]$b$2774 [0]
      New connections: $memory$auto$proc_rom.cc:155:do_switch$81$rdmux[0][6][2]$b$2774 [3:1] = 3'010
    Consolidated identical input bits for $mux cell $memory$auto$proc_rom.cc:155:do_switch$81$rdmux[0][7][4]$2970:
      Old ports: A=4'0010, B=4'0011, Y=$memory$auto$proc_rom.cc:155:do_switch$81$rdmux[0][6][2]$a$2773
      New ports: A=1'0, B=1'1, Y=$memory$auto$proc_rom.cc:155:do_switch$81$rdmux[0][6][2]$a$2773 [0]
      New connections: $memory$auto$proc_rom.cc:155:do_switch$81$rdmux[0][6][2]$a$2773 [3:1] = 3'001
    Consolidated identical input bits for $mux cell $memory$auto$proc_rom.cc:155:do_switch$81$rdmux[0][7][3]$2967:
      Old ports: A=4'0011, B=4'0100, Y=$memory$auto$proc_rom.cc:155:do_switch$81$rdmux[0][6][1]$b$2771
      New ports: A=2'01, B=2'10, Y={ $memory$auto$proc_rom.cc:155:do_switch$81$rdmux[0][6][1]$b$2771 [2] $memory$auto$proc_rom.cc:155:do_switch$81$rdmux[0][6][1]$b$2771 [0] }
      New connections: { $memory$auto$proc_rom.cc:155:do_switch$81$rdmux[0][6][1]$b$2771 [3] $memory$auto$proc_rom.cc:155:do_switch$81$rdmux[0][6][1]$b$2771 [1] } = { 1'0 $memory$auto$proc_rom.cc:155:do_switch$81$rdmux[0][6][1]$b$2771 [0] }
    Consolidated identical input bits for $mux cell $memory$auto$proc_rom.cc:155:do_switch$81$rdmux[0][7][2]$2964:
      Old ports: A=4'0001, B=4'0010, Y=$memory$auto$proc_rom.cc:155:do_switch$81$rdmux[0][6][1]$a$2770
      New ports: A=2'01, B=2'10, Y=$memory$auto$proc_rom.cc:155:do_switch$81$rdmux[0][6][1]$a$2770 [1:0]
      New connections: $memory$auto$proc_rom.cc:155:do_switch$81$rdmux[0][6][1]$a$2770 [3:2] = 2'00
    Consolidated identical input bits for $mux cell $memory$auto$proc_rom.cc:155:do_switch$81$rdmux[0][7][1]$2961:
      Old ports: A=4'0010, B=4'0011, Y=$memory$auto$proc_rom.cc:155:do_switch$81$rdmux[0][6][0]$b$2768
      New ports: A=1'0, B=1'1, Y=$memory$auto$proc_rom.cc:155:do_switch$81$rdmux[0][6][0]$b$2768 [0]
      New connections: $memory$auto$proc_rom.cc:155:do_switch$81$rdmux[0][6][0]$b$2768 [3:1] = 3'001
    Consolidated identical input bits for $mux cell $memory$auto$proc_rom.cc:155:do_switch$81$rdmux[0][7][0]$2958:
      Old ports: A=4'0000, B=4'0001, Y=$memory$auto$proc_rom.cc:155:do_switch$81$rdmux[0][6][0]$a$2767
      New ports: A=1'0, B=1'1, Y=$memory$auto$proc_rom.cc:155:do_switch$81$rdmux[0][6][0]$a$2767 [0]
      New connections: $memory$auto$proc_rom.cc:155:do_switch$81$rdmux[0][6][0]$a$2767 [3:1] = 3'000
    Consolidated identical input bits for $mux cell $memory$auto$proc_rom.cc:155:do_switch$85$rdmux[0][7][126]$2571:
      Old ports: A=4'1001, B=4'1010, Y=$memory$auto$proc_rom.cc:155:do_switch$85$rdmux[0][6][63]$a$2191
      New ports: A=2'01, B=2'10, Y=$memory$auto$proc_rom.cc:155:do_switch$85$rdmux[0][6][63]$a$2191 [1:0]
      New connections: $memory$auto$proc_rom.cc:155:do_switch$85$rdmux[0][6][63]$a$2191 [3:2] = 2'10
    Consolidated identical input bits for $mux cell $memory$auto$proc_rom.cc:155:do_switch$85$rdmux[0][7][125]$2568:
      Old ports: A=4'1010, B=4'1011, Y=$memory$auto$proc_rom.cc:155:do_switch$85$rdmux[0][6][62]$b$2189
      New ports: A=1'0, B=1'1, Y=$memory$auto$proc_rom.cc:155:do_switch$85$rdmux[0][6][62]$b$2189 [0]
      New connections: $memory$auto$proc_rom.cc:155:do_switch$85$rdmux[0][6][62]$b$2189 [3:1] = 3'101
    Consolidated identical input bits for $mux cell $memory$auto$proc_rom.cc:155:do_switch$85$rdmux[0][7][124]$2565:
      Old ports: A=4'1000, B=4'1001, Y=$memory$auto$proc_rom.cc:155:do_switch$85$rdmux[0][6][62]$a$2188
      New ports: A=1'0, B=1'1, Y=$memory$auto$proc_rom.cc:155:do_switch$85$rdmux[0][6][62]$a$2188 [0]
      New connections: $memory$auto$proc_rom.cc:155:do_switch$85$rdmux[0][6][62]$a$2188 [3:1] = 3'100
    Consolidated identical input bits for $mux cell $memory$auto$proc_rom.cc:155:do_switch$85$rdmux[0][7][123]$2562:
      Old ports: A=4'1001, B=4'1010, Y=$memory$auto$proc_rom.cc:155:do_switch$85$rdmux[0][6][61]$b$2186
      New ports: A=2'01, B=2'10, Y=$memory$auto$proc_rom.cc:155:do_switch$85$rdmux[0][6][61]$b$2186 [1:0]
      New connections: $memory$auto$proc_rom.cc:155:do_switch$85$rdmux[0][6][61]$b$2186 [3:2] = 2'10
    Consolidated identical input bits for $mux cell $memory$auto$proc_rom.cc:155:do_switch$85$rdmux[0][7][122]$2559:
      Old ports: A=4'0111, B=4'1000, Y=$memory$auto$proc_rom.cc:155:do_switch$85$rdmux[0][6][61]$a$2185
      New ports: A=2'01, B=2'10, Y={ $memory$auto$proc_rom.cc:155:do_switch$85$rdmux[0][6][61]$a$2185 [3] $memory$auto$proc_rom.cc:155:do_switch$85$rdmux[0][6][61]$a$2185 [0] }
      New connections: $memory$auto$proc_rom.cc:155:do_switch$85$rdmux[0][6][61]$a$2185 [2:1] = { $memory$auto$proc_rom.cc:155:do_switch$85$rdmux[0][6][61]$a$2185 [0] $memory$auto$proc_rom.cc:155:do_switch$85$rdmux[0][6][61]$a$2185 [0] }
    Consolidated identical input bits for $mux cell $memory$auto$proc_rom.cc:155:do_switch$85$rdmux[0][7][121]$2556:
      Old ports: A=4'1000, B=4'1001, Y=$memory$auto$proc_rom.cc:155:do_switch$85$rdmux[0][6][60]$b$2183
      New ports: A=1'0, B=1'1, Y=$memory$auto$proc_rom.cc:155:do_switch$85$rdmux[0][6][60]$b$2183 [0]
      New connections: $memory$auto$proc_rom.cc:155:do_switch$85$rdmux[0][6][60]$b$2183 [3:1] = 3'100
    Consolidated identical input bits for $mux cell $memory$auto$proc_rom.cc:155:do_switch$85$rdmux[0][7][120]$2553:
      Old ports: A=4'0110, B=4'0111, Y=$memory$auto$proc_rom.cc:155:do_switch$85$rdmux[0][6][60]$a$2182
      New ports: A=1'0, B=1'1, Y=$memory$auto$proc_rom.cc:155:do_switch$85$rdmux[0][6][60]$a$2182 [0]
      New connections: $memory$auto$proc_rom.cc:155:do_switch$85$rdmux[0][6][60]$a$2182 [3:1] = 3'011
    Consolidated identical input bits for $mux cell $memory$auto$proc_rom.cc:155:do_switch$85$rdmux[0][7][119]$2550:
      Old ports: A=4'1010, B=4'1011, Y=$memory$auto$proc_rom.cc:155:do_switch$85$rdmux[0][6][59]$b$2180
      New ports: A=1'0, B=1'1, Y=$memory$auto$proc_rom.cc:155:do_switch$85$rdmux[0][6][59]$b$2180 [0]
      New connections: $memory$auto$proc_rom.cc:155:do_switch$85$rdmux[0][6][59]$b$2180 [3:1] = 3'101
    Consolidated identical input bits for $mux cell $memory$auto$proc_rom.cc:155:do_switch$85$rdmux[0][7][118]$2547:
      Old ports: A=4'1000, B=4'1001, Y=$memory$auto$proc_rom.cc:155:do_switch$85$rdmux[0][6][59]$a$2179
      New ports: A=1'0, B=1'1, Y=$memory$auto$proc_rom.cc:155:do_switch$85$rdmux[0][6][59]$a$2179 [0]
      New connections: $memory$auto$proc_rom.cc:155:do_switch$85$rdmux[0][6][59]$a$2179 [3:1] = 3'100
    Consolidated identical input bits for $mux cell $memory$auto$proc_rom.cc:155:do_switch$85$rdmux[0][7][117]$2544:
      Old ports: A=4'1001, B=4'1010, Y=$memory$auto$proc_rom.cc:155:do_switch$85$rdmux[0][6][58]$b$2177
      New ports: A=2'01, B=2'10, Y=$memory$auto$proc_rom.cc:155:do_switch$85$rdmux[0][6][58]$b$2177 [1:0]
      New connections: $memory$auto$proc_rom.cc:155:do_switch$85$rdmux[0][6][58]$b$2177 [3:2] = 2'10
    Consolidated identical input bits for $mux cell $memory$auto$proc_rom.cc:155:do_switch$85$rdmux[0][7][116]$2541:
      Old ports: A=4'0111, B=4'1000, Y=$memory$auto$proc_rom.cc:155:do_switch$85$rdmux[0][6][58]$a$2176
      New ports: A=2'01, B=2'10, Y={ $memory$auto$proc_rom.cc:155:do_switch$85$rdmux[0][6][58]$a$2176 [3] $memory$auto$proc_rom.cc:155:do_switch$85$rdmux[0][6][58]$a$2176 [0] }
      New connections: $memory$auto$proc_rom.cc:155:do_switch$85$rdmux[0][6][58]$a$2176 [2:1] = { $memory$auto$proc_rom.cc:155:do_switch$85$rdmux[0][6][58]$a$2176 [0] $memory$auto$proc_rom.cc:155:do_switch$85$rdmux[0][6][58]$a$2176 [0] }
    Consolidated identical input bits for $mux cell $memory$auto$proc_rom.cc:155:do_switch$85$rdmux[0][7][115]$2538:
      Old ports: A=4'1000, B=4'1001, Y=$memory$auto$proc_rom.cc:155:do_switch$85$rdmux[0][6][57]$b$2174
      New ports: A=1'0, B=1'1, Y=$memory$auto$proc_rom.cc:155:do_switch$85$rdmux[0][6][57]$b$2174 [0]
      New connections: $memory$auto$proc_rom.cc:155:do_switch$85$rdmux[0][6][57]$b$2174 [3:1] = 3'100
    Consolidated identical input bits for $mux cell $memory$auto$proc_rom.cc:155:do_switch$85$rdmux[0][7][114]$2535:
      Old ports: A=4'0110, B=4'0111, Y=$memory$auto$proc_rom.cc:155:do_switch$85$rdmux[0][6][57]$a$2173
      New ports: A=1'0, B=1'1, Y=$memory$auto$proc_rom.cc:155:do_switch$85$rdmux[0][6][57]$a$2173 [0]
      New connections: $memory$auto$proc_rom.cc:155:do_switch$85$rdmux[0][6][57]$a$2173 [3:1] = 3'011
    Consolidated identical input bits for $mux cell $memory$auto$proc_rom.cc:155:do_switch$85$rdmux[0][7][113]$2532:
      Old ports: A=4'0111, B=4'1000, Y=$memory$auto$proc_rom.cc:155:do_switch$85$rdmux[0][6][56]$b$2171
      New ports: A=2'01, B=2'10, Y={ $memory$auto$proc_rom.cc:155:do_switch$85$rdmux[0][6][56]$b$2171 [3] $memory$auto$proc_rom.cc:155:do_switch$85$rdmux[0][6][56]$b$2171 [0] }
      New connections: $memory$auto$proc_rom.cc:155:do_switch$85$rdmux[0][6][56]$b$2171 [2:1] = { $memory$auto$proc_rom.cc:155:do_switch$85$rdmux[0][6][56]$b$2171 [0] $memory$auto$proc_rom.cc:155:do_switch$85$rdmux[0][6][56]$b$2171 [0] }
    Consolidated identical input bits for $mux cell $memory$auto$proc_rom.cc:155:do_switch$85$rdmux[0][7][112]$2529:
      Old ports: A=4'0101, B=4'0110, Y=$memory$auto$proc_rom.cc:155:do_switch$85$rdmux[0][6][56]$a$2170
      New ports: A=2'01, B=2'10, Y=$memory$auto$proc_rom.cc:155:do_switch$85$rdmux[0][6][56]$a$2170 [1:0]
      New connections: $memory$auto$proc_rom.cc:155:do_switch$85$rdmux[0][6][56]$a$2170 [3:2] = 2'01
    Consolidated identical input bits for $mux cell $memory$auto$proc_rom.cc:155:do_switch$85$rdmux[0][7][111]$2526:
      Old ports: A=4'1001, B=4'1010, Y=$memory$auto$proc_rom.cc:155:do_switch$85$rdmux[0][6][55]$b$2168
      New ports: A=2'01, B=2'10, Y=$memory$auto$proc_rom.cc:155:do_switch$85$rdmux[0][6][55]$b$2168 [1:0]
      New connections: $memory$auto$proc_rom.cc:155:do_switch$85$rdmux[0][6][55]$b$2168 [3:2] = 2'10
    Consolidated identical input bits for $mux cell $memory$auto$proc_rom.cc:155:do_switch$85$rdmux[0][7][110]$2523:
      Old ports: A=4'0111, B=4'1000, Y=$memory$auto$proc_rom.cc:155:do_switch$85$rdmux[0][6][55]$a$2167
      New ports: A=2'01, B=2'10, Y={ $memory$auto$proc_rom.cc:155:do_switch$85$rdmux[0][6][55]$a$2167 [3] $memory$auto$proc_rom.cc:155:do_switch$85$rdmux[0][6][55]$a$2167 [0] }
      New connections: $memory$auto$proc_rom.cc:155:do_switch$85$rdmux[0][6][55]$a$2167 [2:1] = { $memory$auto$proc_rom.cc:155:do_switch$85$rdmux[0][6][55]$a$2167 [0] $memory$auto$proc_rom.cc:155:do_switch$85$rdmux[0][6][55]$a$2167 [0] }
    Consolidated identical input bits for $mux cell $memory$auto$proc_rom.cc:155:do_switch$85$rdmux[0][7][109]$2520:
      Old ports: A=4'1000, B=4'1001, Y=$memory$auto$proc_rom.cc:155:do_switch$85$rdmux[0][6][54]$b$2165
      New ports: A=1'0, B=1'1, Y=$memory$auto$proc_rom.cc:155:do_switch$85$rdmux[0][6][54]$b$2165 [0]
      New connections: $memory$auto$proc_rom.cc:155:do_switch$85$rdmux[0][6][54]$b$2165 [3:1] = 3'100
    Consolidated identical input bits for $mux cell $memory$auto$proc_rom.cc:155:do_switch$85$rdmux[0][7][108]$2517:
      Old ports: A=4'0110, B=4'0111, Y=$memory$auto$proc_rom.cc:155:do_switch$85$rdmux[0][6][54]$a$2164
      New ports: A=1'0, B=1'1, Y=$memory$auto$proc_rom.cc:155:do_switch$85$rdmux[0][6][54]$a$2164 [0]
      New connections: $memory$auto$proc_rom.cc:155:do_switch$85$rdmux[0][6][54]$a$2164 [3:1] = 3'011
    Consolidated identical input bits for $mux cell $memory$auto$proc_rom.cc:155:do_switch$85$rdmux[0][7][107]$2514:
      Old ports: A=4'0111, B=4'1000, Y=$memory$auto$proc_rom.cc:155:do_switch$85$rdmux[0][6][53]$b$2162
      New ports: A=2'01, B=2'10, Y={ $memory$auto$proc_rom.cc:155:do_switch$85$rdmux[0][6][53]$b$2162 [3] $memory$auto$proc_rom.cc:155:do_switch$85$rdmux[0][6][53]$b$2162 [0] }
      New connections: $memory$auto$proc_rom.cc:155:do_switch$85$rdmux[0][6][53]$b$2162 [2:1] = { $memory$auto$proc_rom.cc:155:do_switch$85$rdmux[0][6][53]$b$2162 [0] $memory$auto$proc_rom.cc:155:do_switch$85$rdmux[0][6][53]$b$2162 [0] }
    Consolidated identical input bits for $mux cell $memory$auto$proc_rom.cc:155:do_switch$85$rdmux[0][7][106]$2511:
      Old ports: A=4'0101, B=4'0110, Y=$memory$auto$proc_rom.cc:155:do_switch$85$rdmux[0][6][53]$a$2161
      New ports: A=2'01, B=2'10, Y=$memory$auto$proc_rom.cc:155:do_switch$85$rdmux[0][6][53]$a$2161 [1:0]
      New connections: $memory$auto$proc_rom.cc:155:do_switch$85$rdmux[0][6][53]$a$2161 [3:2] = 2'01
    Consolidated identical input bits for $mux cell $memory$auto$proc_rom.cc:155:do_switch$85$rdmux[0][7][105]$2508:
      Old ports: A=4'0110, B=4'0111, Y=$memory$auto$proc_rom.cc:155:do_switch$85$rdmux[0][6][52]$b$2159
      New ports: A=1'0, B=1'1, Y=$memory$auto$proc_rom.cc:155:do_switch$85$rdmux[0][6][52]$b$2159 [0]
      New connections: $memory$auto$proc_rom.cc:155:do_switch$85$rdmux[0][6][52]$b$2159 [3:1] = 3'011
    Consolidated identical input bits for $mux cell $memory$auto$proc_rom.cc:155:do_switch$85$rdmux[0][7][104]$2505:
      Old ports: A=4'0100, B=4'0101, Y=$memory$auto$proc_rom.cc:155:do_switch$85$rdmux[0][6][52]$a$2158
      New ports: A=1'0, B=1'1, Y=$memory$auto$proc_rom.cc:155:do_switch$85$rdmux[0][6][52]$a$2158 [0]
      New connections: $memory$auto$proc_rom.cc:155:do_switch$85$rdmux[0][6][52]$a$2158 [3:1] = 3'010
    Consolidated identical input bits for $mux cell $memory$auto$proc_rom.cc:155:do_switch$85$rdmux[0][7][103]$2502:
      Old ports: A=4'1000, B=4'1001, Y=$memory$auto$proc_rom.cc:155:do_switch$85$rdmux[0][6][51]$b$2156
      New ports: A=1'0, B=1'1, Y=$memory$auto$proc_rom.cc:155:do_switch$85$rdmux[0][6][51]$b$2156 [0]
      New connections: $memory$auto$proc_rom.cc:155:do_switch$85$rdmux[0][6][51]$b$2156 [3:1] = 3'100
    Consolidated identical input bits for $mux cell $memory$auto$proc_rom.cc:155:do_switch$85$rdmux[0][7][102]$2499:
      Old ports: A=4'0110, B=4'0111, Y=$memory$auto$proc_rom.cc:155:do_switch$85$rdmux[0][6][51]$a$2155
      New ports: A=1'0, B=1'1, Y=$memory$auto$proc_rom.cc:155:do_switch$85$rdmux[0][6][51]$a$2155 [0]
      New connections: $memory$auto$proc_rom.cc:155:do_switch$85$rdmux[0][6][51]$a$2155 [3:1] = 3'011
    Consolidated identical input bits for $mux cell $memory$auto$proc_rom.cc:155:do_switch$85$rdmux[0][7][101]$2496:
      Old ports: A=4'0111, B=4'1000, Y=$memory$auto$proc_rom.cc:155:do_switch$85$rdmux[0][6][50]$b$2153
      New ports: A=2'01, B=2'10, Y={ $memory$auto$proc_rom.cc:155:do_switch$85$rdmux[0][6][50]$b$2153 [3] $memory$auto$proc_rom.cc:155:do_switch$85$rdmux[0][6][50]$b$2153 [0] }
      New connections: $memory$auto$proc_rom.cc:155:do_switch$85$rdmux[0][6][50]$b$2153 [2:1] = { $memory$auto$proc_rom.cc:155:do_switch$85$rdmux[0][6][50]$b$2153 [0] $memory$auto$proc_rom.cc:155:do_switch$85$rdmux[0][6][50]$b$2153 [0] }
    Consolidated identical input bits for $mux cell $memory$auto$proc_rom.cc:155:do_switch$85$rdmux[0][7][100]$2493:
      Old ports: A=4'0101, B=4'0110, Y=$memory$auto$proc_rom.cc:155:do_switch$85$rdmux[0][6][50]$a$2152
      New ports: A=2'01, B=2'10, Y=$memory$auto$proc_rom.cc:155:do_switch$85$rdmux[0][6][50]$a$2152 [1:0]
      New connections: $memory$auto$proc_rom.cc:155:do_switch$85$rdmux[0][6][50]$a$2152 [3:2] = 2'01
    Consolidated identical input bits for $mux cell $memory$auto$proc_rom.cc:155:do_switch$85$rdmux[0][7][99]$2490:
      Old ports: A=4'0110, B=4'0111, Y=$memory$auto$proc_rom.cc:155:do_switch$85$rdmux[0][6][49]$b$2150
      New ports: A=1'0, B=1'1, Y=$memory$auto$proc_rom.cc:155:do_switch$85$rdmux[0][6][49]$b$2150 [0]
      New connections: $memory$auto$proc_rom.cc:155:do_switch$85$rdmux[0][6][49]$b$2150 [3:1] = 3'011
    Consolidated identical input bits for $mux cell $memory$auto$proc_rom.cc:155:do_switch$85$rdmux[0][7][98]$2487:
      Old ports: A=4'0100, B=4'0101, Y=$memory$auto$proc_rom.cc:155:do_switch$85$rdmux[0][6][49]$a$2149
      New ports: A=1'0, B=1'1, Y=$memory$auto$proc_rom.cc:155:do_switch$85$rdmux[0][6][49]$a$2149 [0]
      New connections: $memory$auto$proc_rom.cc:155:do_switch$85$rdmux[0][6][49]$a$2149 [3:1] = 3'010
    Consolidated identical input bits for $mux cell $memory$auto$proc_rom.cc:155:do_switch$85$rdmux[0][7][97]$2484:
      Old ports: A=4'0101, B=4'0110, Y=$memory$auto$proc_rom.cc:155:do_switch$85$rdmux[0][6][48]$b$2147
      New ports: A=2'01, B=2'10, Y=$memory$auto$proc_rom.cc:155:do_switch$85$rdmux[0][6][48]$b$2147 [1:0]
      New connections: $memory$auto$proc_rom.cc:155:do_switch$85$rdmux[0][6][48]$b$2147 [3:2] = 2'01
    Consolidated identical input bits for $mux cell $memory$auto$proc_rom.cc:155:do_switch$85$rdmux[0][7][96]$2481:
      Old ports: A=4'0011, B=4'0100, Y=$memory$auto$proc_rom.cc:155:do_switch$85$rdmux[0][6][48]$a$2146
      New ports: A=2'01, B=2'10, Y={ $memory$auto$proc_rom.cc:155:do_switch$85$rdmux[0][6][48]$a$2146 [2] $memory$auto$proc_rom.cc:155:do_switch$85$rdmux[0][6][48]$a$2146 [0] }
      New connections: { $memory$auto$proc_rom.cc:155:do_switch$85$rdmux[0][6][48]$a$2146 [3] $memory$auto$proc_rom.cc:155:do_switch$85$rdmux[0][6][48]$a$2146 [1] } = { 1'0 $memory$auto$proc_rom.cc:155:do_switch$85$rdmux[0][6][48]$a$2146 [0] }
    Consolidated identical input bits for $mux cell $memory$auto$proc_rom.cc:155:do_switch$85$rdmux[0][7][95]$2478:
      Old ports: A=4'1010, B=4'1011, Y=$memory$auto$proc_rom.cc:155:do_switch$85$rdmux[0][6][47]$b$2144
      New ports: A=1'0, B=1'1, Y=$memory$auto$proc_rom.cc:155:do_switch$85$rdmux[0][6][47]$b$2144 [0]
      New connections: $memory$auto$proc_rom.cc:155:do_switch$85$rdmux[0][6][47]$b$2144 [3:1] = 3'101
    Consolidated identical input bits for $mux cell $memory$auto$proc_rom.cc:155:do_switch$85$rdmux[0][7][94]$2475:
      Old ports: A=4'1000, B=4'1001, Y=$memory$auto$proc_rom.cc:155:do_switch$85$rdmux[0][6][47]$a$2143
      New ports: A=1'0, B=1'1, Y=$memory$auto$proc_rom.cc:155:do_switch$85$rdmux[0][6][47]$a$2143 [0]
      New connections: $memory$auto$proc_rom.cc:155:do_switch$85$rdmux[0][6][47]$a$2143 [3:1] = 3'100
    Consolidated identical input bits for $mux cell $memory$auto$proc_rom.cc:155:do_switch$85$rdmux[0][7][93]$2472:
      Old ports: A=4'1001, B=4'1010, Y=$memory$auto$proc_rom.cc:155:do_switch$85$rdmux[0][6][46]$b$2141
      New ports: A=2'01, B=2'10, Y=$memory$auto$proc_rom.cc:155:do_switch$85$rdmux[0][6][46]$b$2141 [1:0]
      New connections: $memory$auto$proc_rom.cc:155:do_switch$85$rdmux[0][6][46]$b$2141 [3:2] = 2'10
    Consolidated identical input bits for $mux cell $memory$auto$proc_rom.cc:155:do_switch$85$rdmux[0][7][92]$2469:
      Old ports: A=4'0111, B=4'1000, Y=$memory$auto$proc_rom.cc:155:do_switch$85$rdmux[0][6][46]$a$2140
      New ports: A=2'01, B=2'10, Y={ $memory$auto$proc_rom.cc:155:do_switch$85$rdmux[0][6][46]$a$2140 [3] $memory$auto$proc_rom.cc:155:do_switch$85$rdmux[0][6][46]$a$2140 [0] }
      New connections: $memory$auto$proc_rom.cc:155:do_switch$85$rdmux[0][6][46]$a$2140 [2:1] = { $memory$auto$proc_rom.cc:155:do_switch$85$rdmux[0][6][46]$a$2140 [0] $memory$auto$proc_rom.cc:155:do_switch$85$rdmux[0][6][46]$a$2140 [0] }
    Consolidated identical input bits for $mux cell $memory$auto$proc_rom.cc:155:do_switch$85$rdmux[0][7][91]$2466:
      Old ports: A=4'1000, B=4'1001, Y=$memory$auto$proc_rom.cc:155:do_switch$85$rdmux[0][6][45]$b$2138
      New ports: A=1'0, B=1'1, Y=$memory$auto$proc_rom.cc:155:do_switch$85$rdmux[0][6][45]$b$2138 [0]
      New connections: $memory$auto$proc_rom.cc:155:do_switch$85$rdmux[0][6][45]$b$2138 [3:1] = 3'100
    Consolidated identical input bits for $mux cell $memory$auto$proc_rom.cc:155:do_switch$85$rdmux[0][7][90]$2463:
      Old ports: A=4'0110, B=4'0111, Y=$memory$auto$proc_rom.cc:155:do_switch$85$rdmux[0][6][45]$a$2137
      New ports: A=1'0, B=1'1, Y=$memory$auto$proc_rom.cc:155:do_switch$85$rdmux[0][6][45]$a$2137 [0]
      New connections: $memory$auto$proc_rom.cc:155:do_switch$85$rdmux[0][6][45]$a$2137 [3:1] = 3'011
    Consolidated identical input bits for $mux cell $memory$auto$proc_rom.cc:155:do_switch$85$rdmux[0][7][89]$2460:
      Old ports: A=4'0111, B=4'1000, Y=$memory$auto$proc_rom.cc:155:do_switch$85$rdmux[0][6][44]$b$2135
      New ports: A=2'01, B=2'10, Y={ $memory$auto$proc_rom.cc:155:do_switch$85$rdmux[0][6][44]$b$2135 [3] $memory$auto$proc_rom.cc:155:do_switch$85$rdmux[0][6][44]$b$2135 [0] }
      New connections: $memory$auto$proc_rom.cc:155:do_switch$85$rdmux[0][6][44]$b$2135 [2:1] = { $memory$auto$proc_rom.cc:155:do_switch$85$rdmux[0][6][44]$b$2135 [0] $memory$auto$proc_rom.cc:155:do_switch$85$rdmux[0][6][44]$b$2135 [0] }
    Consolidated identical input bits for $mux cell $memory$auto$proc_rom.cc:155:do_switch$85$rdmux[0][7][88]$2457:
      Old ports: A=4'0101, B=4'0110, Y=$memory$auto$proc_rom.cc:155:do_switch$85$rdmux[0][6][44]$a$2134
      New ports: A=2'01, B=2'10, Y=$memory$auto$proc_rom.cc:155:do_switch$85$rdmux[0][6][44]$a$2134 [1:0]
      New connections: $memory$auto$proc_rom.cc:155:do_switch$85$rdmux[0][6][44]$a$2134 [3:2] = 2'01
    Consolidated identical input bits for $mux cell $memory$auto$proc_rom.cc:155:do_switch$85$rdmux[0][7][87]$2454:
      Old ports: A=4'1001, B=4'1010, Y=$memory$auto$proc_rom.cc:155:do_switch$85$rdmux[0][6][43]$b$2132
      New ports: A=2'01, B=2'10, Y=$memory$auto$proc_rom.cc:155:do_switch$85$rdmux[0][6][43]$b$2132 [1:0]
      New connections: $memory$auto$proc_rom.cc:155:do_switch$85$rdmux[0][6][43]$b$2132 [3:2] = 2'10
    Consolidated identical input bits for $mux cell $memory$auto$proc_rom.cc:155:do_switch$85$rdmux[0][7][86]$2451:
      Old ports: A=4'0111, B=4'1000, Y=$memory$auto$proc_rom.cc:155:do_switch$85$rdmux[0][6][43]$a$2131
      New ports: A=2'01, B=2'10, Y={ $memory$auto$proc_rom.cc:155:do_switch$85$rdmux[0][6][43]$a$2131 [3] $memory$auto$proc_rom.cc:155:do_switch$85$rdmux[0][6][43]$a$2131 [0] }
      New connections: $memory$auto$proc_rom.cc:155:do_switch$85$rdmux[0][6][43]$a$2131 [2:1] = { $memory$auto$proc_rom.cc:155:do_switch$85$rdmux[0][6][43]$a$2131 [0] $memory$auto$proc_rom.cc:155:do_switch$85$rdmux[0][6][43]$a$2131 [0] }
    Consolidated identical input bits for $mux cell $memory$auto$proc_rom.cc:155:do_switch$85$rdmux[0][7][85]$2448:
      Old ports: A=4'1000, B=4'1001, Y=$memory$auto$proc_rom.cc:155:do_switch$85$rdmux[0][6][42]$b$2129
      New ports: A=1'0, B=1'1, Y=$memory$auto$proc_rom.cc:155:do_switch$85$rdmux[0][6][42]$b$2129 [0]
      New connections: $memory$auto$proc_rom.cc:155:do_switch$85$rdmux[0][6][42]$b$2129 [3:1] = 3'100
    Consolidated identical input bits for $mux cell $memory$auto$proc_rom.cc:155:do_switch$85$rdmux[0][7][84]$2445:
      Old ports: A=4'0110, B=4'0111, Y=$memory$auto$proc_rom.cc:155:do_switch$85$rdmux[0][6][42]$a$2128
      New ports: A=1'0, B=1'1, Y=$memory$auto$proc_rom.cc:155:do_switch$85$rdmux[0][6][42]$a$2128 [0]
      New connections: $memory$auto$proc_rom.cc:155:do_switch$85$rdmux[0][6][42]$a$2128 [3:1] = 3'011
    Consolidated identical input bits for $mux cell $memory$auto$proc_rom.cc:155:do_switch$85$rdmux[0][7][83]$2442:
      Old ports: A=4'0111, B=4'1000, Y=$memory$auto$proc_rom.cc:155:do_switch$85$rdmux[0][6][41]$b$2126
      New ports: A=2'01, B=2'10, Y={ $memory$auto$proc_rom.cc:155:do_switch$85$rdmux[0][6][41]$b$2126 [3] $memory$auto$proc_rom.cc:155:do_switch$85$rdmux[0][6][41]$b$2126 [0] }
      New connections: $memory$auto$proc_rom.cc:155:do_switch$85$rdmux[0][6][41]$b$2126 [2:1] = { $memory$auto$proc_rom.cc:155:do_switch$85$rdmux[0][6][41]$b$2126 [0] $memory$auto$proc_rom.cc:155:do_switch$85$rdmux[0][6][41]$b$2126 [0] }
    Consolidated identical input bits for $mux cell $memory$auto$proc_rom.cc:155:do_switch$85$rdmux[0][7][82]$2439:
      Old ports: A=4'0101, B=4'0110, Y=$memory$auto$proc_rom.cc:155:do_switch$85$rdmux[0][6][41]$a$2125
      New ports: A=2'01, B=2'10, Y=$memory$auto$proc_rom.cc:155:do_switch$85$rdmux[0][6][41]$a$2125 [1:0]
      New connections: $memory$auto$proc_rom.cc:155:do_switch$85$rdmux[0][6][41]$a$2125 [3:2] = 2'01
    Consolidated identical input bits for $mux cell $memory$auto$proc_rom.cc:155:do_switch$85$rdmux[0][7][81]$2436:
      Old ports: A=4'0110, B=4'0111, Y=$memory$auto$proc_rom.cc:155:do_switch$85$rdmux[0][6][40]$b$2123
      New ports: A=1'0, B=1'1, Y=$memory$auto$proc_rom.cc:155:do_switch$85$rdmux[0][6][40]$b$2123 [0]
      New connections: $memory$auto$proc_rom.cc:155:do_switch$85$rdmux[0][6][40]$b$2123 [3:1] = 3'011
    Consolidated identical input bits for $mux cell $memory$auto$proc_rom.cc:155:do_switch$85$rdmux[0][7][80]$2433:
      Old ports: A=4'0100, B=4'0101, Y=$memory$auto$proc_rom.cc:155:do_switch$85$rdmux[0][6][40]$a$2122
      New ports: A=1'0, B=1'1, Y=$memory$auto$proc_rom.cc:155:do_switch$85$rdmux[0][6][40]$a$2122 [0]
      New connections: $memory$auto$proc_rom.cc:155:do_switch$85$rdmux[0][6][40]$a$2122 [3:1] = 3'010
    Consolidated identical input bits for $mux cell $memory$auto$proc_rom.cc:155:do_switch$85$rdmux[0][7][79]$2430:
      Old ports: A=4'1000, B=4'1001, Y=$memory$auto$proc_rom.cc:155:do_switch$85$rdmux[0][6][39]$b$2120
      New ports: A=1'0, B=1'1, Y=$memory$auto$proc_rom.cc:155:do_switch$85$rdmux[0][6][39]$b$2120 [0]
      New connections: $memory$auto$proc_rom.cc:155:do_switch$85$rdmux[0][6][39]$b$2120 [3:1] = 3'100
    Consolidated identical input bits for $mux cell $memory$auto$proc_rom.cc:155:do_switch$85$rdmux[0][7][78]$2427:
      Old ports: A=4'0110, B=4'0111, Y=$memory$auto$proc_rom.cc:155:do_switch$85$rdmux[0][6][39]$a$2119
      New ports: A=1'0, B=1'1, Y=$memory$auto$proc_rom.cc:155:do_switch$85$rdmux[0][6][39]$a$2119 [0]
      New connections: $memory$auto$proc_rom.cc:155:do_switch$85$rdmux[0][6][39]$a$2119 [3:1] = 3'011
    Consolidated identical input bits for $mux cell $memory$auto$proc_rom.cc:155:do_switch$85$rdmux[0][7][77]$2424:
      Old ports: A=4'0111, B=4'1000, Y=$memory$auto$proc_rom.cc:155:do_switch$85$rdmux[0][6][38]$b$2117
      New ports: A=2'01, B=2'10, Y={ $memory$auto$proc_rom.cc:155:do_switch$85$rdmux[0][6][38]$b$2117 [3] $memory$auto$proc_rom.cc:155:do_switch$85$rdmux[0][6][38]$b$2117 [0] }
      New connections: $memory$auto$proc_rom.cc:155:do_switch$85$rdmux[0][6][38]$b$2117 [2:1] = { $memory$auto$proc_rom.cc:155:do_switch$85$rdmux[0][6][38]$b$2117 [0] $memory$auto$proc_rom.cc:155:do_switch$85$rdmux[0][6][38]$b$2117 [0] }
    Consolidated identical input bits for $mux cell $memory$auto$proc_rom.cc:155:do_switch$85$rdmux[0][7][76]$2421:
      Old ports: A=4'0101, B=4'0110, Y=$memory$auto$proc_rom.cc:155:do_switch$85$rdmux[0][6][38]$a$2116
      New ports: A=2'01, B=2'10, Y=$memory$auto$proc_rom.cc:155:do_switch$85$rdmux[0][6][38]$a$2116 [1:0]
      New connections: $memory$auto$proc_rom.cc:155:do_switch$85$rdmux[0][6][38]$a$2116 [3:2] = 2'01
    Consolidated identical input bits for $mux cell $memory$auto$proc_rom.cc:155:do_switch$85$rdmux[0][7][75]$2418:
      Old ports: A=4'0110, B=4'0111, Y=$memory$auto$proc_rom.cc:155:do_switch$85$rdmux[0][6][37]$b$2114
      New ports: A=1'0, B=1'1, Y=$memory$auto$proc_rom.cc:155:do_switch$85$rdmux[0][6][37]$b$2114 [0]
      New connections: $memory$auto$proc_rom.cc:155:do_switch$85$rdmux[0][6][37]$b$2114 [3:1] = 3'011
    Consolidated identical input bits for $mux cell $memory$auto$proc_rom.cc:155:do_switch$85$rdmux[0][7][74]$2415:
      Old ports: A=4'0100, B=4'0101, Y=$memory$auto$proc_rom.cc:155:do_switch$85$rdmux[0][6][37]$a$2113
      New ports: A=1'0, B=1'1, Y=$memory$auto$proc_rom.cc:155:do_switch$85$rdmux[0][6][37]$a$2113 [0]
      New connections: $memory$auto$proc_rom.cc:155:do_switch$85$rdmux[0][6][37]$a$2113 [3:1] = 3'010
    Consolidated identical input bits for $mux cell $memory$auto$proc_rom.cc:155:do_switch$85$rdmux[0][7][73]$2412:
      Old ports: A=4'0101, B=4'0110, Y=$memory$auto$proc_rom.cc:155:do_switch$85$rdmux[0][6][36]$b$2111
      New ports: A=2'01, B=2'10, Y=$memory$auto$proc_rom.cc:155:do_switch$85$rdmux[0][6][36]$b$2111 [1:0]
      New connections: $memory$auto$proc_rom.cc:155:do_switch$85$rdmux[0][6][36]$b$2111 [3:2] = 2'01
    Consolidated identical input bits for $mux cell $memory$auto$proc_rom.cc:155:do_switch$85$rdmux[0][7][72]$2409:
      Old ports: A=4'0011, B=4'0100, Y=$memory$auto$proc_rom.cc:155:do_switch$85$rdmux[0][6][36]$a$2110
      New ports: A=2'01, B=2'10, Y={ $memory$auto$proc_rom.cc:155:do_switch$85$rdmux[0][6][36]$a$2110 [2] $memory$auto$proc_rom.cc:155:do_switch$85$rdmux[0][6][36]$a$2110 [0] }
      New connections: { $memory$auto$proc_rom.cc:155:do_switch$85$rdmux[0][6][36]$a$2110 [3] $memory$auto$proc_rom.cc:155:do_switch$85$rdmux[0][6][36]$a$2110 [1] } = { 1'0 $memory$auto$proc_rom.cc:155:do_switch$85$rdmux[0][6][36]$a$2110 [0] }
    Consolidated identical input bits for $mux cell $memory$auto$proc_rom.cc:155:do_switch$85$rdmux[0][7][71]$2406:
      Old ports: A=4'0111, B=4'1000, Y=$memory$auto$proc_rom.cc:155:do_switch$85$rdmux[0][6][35]$b$2108
      New ports: A=2'01, B=2'10, Y={ $memory$auto$proc_rom.cc:155:do_switch$85$rdmux[0][6][35]$b$2108 [3] $memory$auto$proc_rom.cc:155:do_switch$85$rdmux[0][6][35]$b$2108 [0] }
      New connections: $memory$auto$proc_rom.cc:155:do_switch$85$rdmux[0][6][35]$b$2108 [2:1] = { $memory$auto$proc_rom.cc:155:do_switch$85$rdmux[0][6][35]$b$2108 [0] $memory$auto$proc_rom.cc:155:do_switch$85$rdmux[0][6][35]$b$2108 [0] }
    Consolidated identical input bits for $mux cell $memory$auto$proc_rom.cc:155:do_switch$85$rdmux[0][7][70]$2403:
      Old ports: A=4'0101, B=4'0110, Y=$memory$auto$proc_rom.cc:155:do_switch$85$rdmux[0][6][35]$a$2107
      New ports: A=2'01, B=2'10, Y=$memory$auto$proc_rom.cc:155:do_switch$85$rdmux[0][6][35]$a$2107 [1:0]
      New connections: $memory$auto$proc_rom.cc:155:do_switch$85$rdmux[0][6][35]$a$2107 [3:2] = 2'01
    Consolidated identical input bits for $mux cell $memory$auto$proc_rom.cc:155:do_switch$85$rdmux[0][7][69]$2400:
      Old ports: A=4'0110, B=4'0111, Y=$memory$auto$proc_rom.cc:155:do_switch$85$rdmux[0][6][34]$b$2105
      New ports: A=1'0, B=1'1, Y=$memory$auto$proc_rom.cc:155:do_switch$85$rdmux[0][6][34]$b$2105 [0]
      New connections: $memory$auto$proc_rom.cc:155:do_switch$85$rdmux[0][6][34]$b$2105 [3:1] = 3'011
    Consolidated identical input bits for $mux cell $memory$auto$proc_rom.cc:155:do_switch$85$rdmux[0][7][68]$2397:
      Old ports: A=4'0100, B=4'0101, Y=$memory$auto$proc_rom.cc:155:do_switch$85$rdmux[0][6][34]$a$2104
      New ports: A=1'0, B=1'1, Y=$memory$auto$proc_rom.cc:155:do_switch$85$rdmux[0][6][34]$a$2104 [0]
      New connections: $memory$auto$proc_rom.cc:155:do_switch$85$rdmux[0][6][34]$a$2104 [3:1] = 3'010
    Consolidated identical input bits for $mux cell $memory$auto$proc_rom.cc:155:do_switch$85$rdmux[0][7][67]$2394:
      Old ports: A=4'0101, B=4'0110, Y=$memory$auto$proc_rom.cc:155:do_switch$85$rdmux[0][6][33]$b$2102
      New ports: A=2'01, B=2'10, Y=$memory$auto$proc_rom.cc:155:do_switch$85$rdmux[0][6][33]$b$2102 [1:0]
      New connections: $memory$auto$proc_rom.cc:155:do_switch$85$rdmux[0][6][33]$b$2102 [3:2] = 2'01
    Consolidated identical input bits for $mux cell $memory$auto$proc_rom.cc:155:do_switch$85$rdmux[0][7][66]$2391:
      Old ports: A=4'0011, B=4'0100, Y=$memory$auto$proc_rom.cc:155:do_switch$85$rdmux[0][6][33]$a$2101
      New ports: A=2'01, B=2'10, Y={ $memory$auto$proc_rom.cc:155:do_switch$85$rdmux[0][6][33]$a$2101 [2] $memory$auto$proc_rom.cc:155:do_switch$85$rdmux[0][6][33]$a$2101 [0] }
      New connections: { $memory$auto$proc_rom.cc:155:do_switch$85$rdmux[0][6][33]$a$2101 [3] $memory$auto$proc_rom.cc:155:do_switch$85$rdmux[0][6][33]$a$2101 [1] } = { 1'0 $memory$auto$proc_rom.cc:155:do_switch$85$rdmux[0][6][33]$a$2101 [0] }
    Consolidated identical input bits for $mux cell $memory$auto$proc_rom.cc:155:do_switch$85$rdmux[0][7][65]$2388:
      Old ports: A=4'0100, B=4'0101, Y=$memory$auto$proc_rom.cc:155:do_switch$85$rdmux[0][6][32]$b$2099
      New ports: A=1'0, B=1'1, Y=$memory$auto$proc_rom.cc:155:do_switch$85$rdmux[0][6][32]$b$2099 [0]
      New connections: $memory$auto$proc_rom.cc:155:do_switch$85$rdmux[0][6][32]$b$2099 [3:1] = 3'010
    Consolidated identical input bits for $mux cell $memory$auto$proc_rom.cc:155:do_switch$85$rdmux[0][7][64]$2385:
      Old ports: A=4'0010, B=4'0011, Y=$memory$auto$proc_rom.cc:155:do_switch$85$rdmux[0][6][32]$a$2098
      New ports: A=1'0, B=1'1, Y=$memory$auto$proc_rom.cc:155:do_switch$85$rdmux[0][6][32]$a$2098 [0]
      New connections: $memory$auto$proc_rom.cc:155:do_switch$85$rdmux[0][6][32]$a$2098 [3:1] = 3'001
    Consolidated identical input bits for $mux cell $memory$auto$proc_rom.cc:155:do_switch$85$rdmux[0][7][63]$2382:
      Old ports: A=4'1001, B=4'1010, Y=$memory$auto$proc_rom.cc:155:do_switch$85$rdmux[0][6][31]$b$2096
      New ports: A=2'01, B=2'10, Y=$memory$auto$proc_rom.cc:155:do_switch$85$rdmux[0][6][31]$b$2096 [1:0]
      New connections: $memory$auto$proc_rom.cc:155:do_switch$85$rdmux[0][6][31]$b$2096 [3:2] = 2'10
    Consolidated identical input bits for $mux cell $memory$auto$proc_rom.cc:155:do_switch$85$rdmux[0][7][62]$2379:
      Old ports: A=4'0111, B=4'1000, Y=$memory$auto$proc_rom.cc:155:do_switch$85$rdmux[0][6][31]$a$2095
      New ports: A=2'01, B=2'10, Y={ $memory$auto$proc_rom.cc:155:do_switch$85$rdmux[0][6][31]$a$2095 [3] $memory$auto$proc_rom.cc:155:do_switch$85$rdmux[0][6][31]$a$2095 [0] }
      New connections: $memory$auto$proc_rom.cc:155:do_switch$85$rdmux[0][6][31]$a$2095 [2:1] = { $memory$auto$proc_rom.cc:155:do_switch$85$rdmux[0][6][31]$a$2095 [0] $memory$auto$proc_rom.cc:155:do_switch$85$rdmux[0][6][31]$a$2095 [0] }
    Consolidated identical input bits for $mux cell $memory$auto$proc_rom.cc:155:do_switch$85$rdmux[0][7][61]$2376:
      Old ports: A=4'1000, B=4'1001, Y=$memory$auto$proc_rom.cc:155:do_switch$85$rdmux[0][6][30]$b$2093
      New ports: A=1'0, B=1'1, Y=$memory$auto$proc_rom.cc:155:do_switch$85$rdmux[0][6][30]$b$2093 [0]
      New connections: $memory$auto$proc_rom.cc:155:do_switch$85$rdmux[0][6][30]$b$2093 [3:1] = 3'100
    Consolidated identical input bits for $mux cell $memory$auto$proc_rom.cc:155:do_switch$85$rdmux[0][7][60]$2373:
      Old ports: A=4'0110, B=4'0111, Y=$memory$auto$proc_rom.cc:155:do_switch$85$rdmux[0][6][30]$a$2092
      New ports: A=1'0, B=1'1, Y=$memory$auto$proc_rom.cc:155:do_switch$85$rdmux[0][6][30]$a$2092 [0]
      New connections: $memory$auto$proc_rom.cc:155:do_switch$85$rdmux[0][6][30]$a$2092 [3:1] = 3'011
    Consolidated identical input bits for $mux cell $memory$auto$proc_rom.cc:155:do_switch$85$rdmux[0][7][59]$2370:
      Old ports: A=4'0111, B=4'1000, Y=$memory$auto$proc_rom.cc:155:do_switch$85$rdmux[0][6][29]$b$2090
      New ports: A=2'01, B=2'10, Y={ $memory$auto$proc_rom.cc:155:do_switch$85$rdmux[0][6][29]$b$2090 [3] $memory$auto$proc_rom.cc:155:do_switch$85$rdmux[0][6][29]$b$2090 [0] }
      New connections: $memory$auto$proc_rom.cc:155:do_switch$85$rdmux[0][6][29]$b$2090 [2:1] = { $memory$auto$proc_rom.cc:155:do_switch$85$rdmux[0][6][29]$b$2090 [0] $memory$auto$proc_rom.cc:155:do_switch$85$rdmux[0][6][29]$b$2090 [0] }
    Consolidated identical input bits for $mux cell $memory$auto$proc_rom.cc:155:do_switch$85$rdmux[0][7][58]$2367:
      Old ports: A=4'0101, B=4'0110, Y=$memory$auto$proc_rom.cc:155:do_switch$85$rdmux[0][6][29]$a$2089
      New ports: A=2'01, B=2'10, Y=$memory$auto$proc_rom.cc:155:do_switch$85$rdmux[0][6][29]$a$2089 [1:0]
      New connections: $memory$auto$proc_rom.cc:155:do_switch$85$rdmux[0][6][29]$a$2089 [3:2] = 2'01
    Consolidated identical input bits for $mux cell $memory$auto$proc_rom.cc:155:do_switch$85$rdmux[0][7][57]$2364:
      Old ports: A=4'0110, B=4'0111, Y=$memory$auto$proc_rom.cc:155:do_switch$85$rdmux[0][6][28]$b$2087
      New ports: A=1'0, B=1'1, Y=$memory$auto$proc_rom.cc:155:do_switch$85$rdmux[0][6][28]$b$2087 [0]
      New connections: $memory$auto$proc_rom.cc:155:do_switch$85$rdmux[0][6][28]$b$2087 [3:1] = 3'011
    Consolidated identical input bits for $mux cell $memory$auto$proc_rom.cc:155:do_switch$85$rdmux[0][7][56]$2361:
      Old ports: A=4'0100, B=4'0101, Y=$memory$auto$proc_rom.cc:155:do_switch$85$rdmux[0][6][28]$a$2086
      New ports: A=1'0, B=1'1, Y=$memory$auto$proc_rom.cc:155:do_switch$85$rdmux[0][6][28]$a$2086 [0]
      New connections: $memory$auto$proc_rom.cc:155:do_switch$85$rdmux[0][6][28]$a$2086 [3:1] = 3'010
    Consolidated identical input bits for $mux cell $memory$auto$proc_rom.cc:155:do_switch$85$rdmux[0][7][55]$2358:
      Old ports: A=4'1000, B=4'1001, Y=$memory$auto$proc_rom.cc:155:do_switch$85$rdmux[0][6][27]$b$2084
      New ports: A=1'0, B=1'1, Y=$memory$auto$proc_rom.cc:155:do_switch$85$rdmux[0][6][27]$b$2084 [0]
      New connections: $memory$auto$proc_rom.cc:155:do_switch$85$rdmux[0][6][27]$b$2084 [3:1] = 3'100
    Consolidated identical input bits for $mux cell $memory$auto$proc_rom.cc:155:do_switch$85$rdmux[0][7][54]$2355:
      Old ports: A=4'0110, B=4'0111, Y=$memory$auto$proc_rom.cc:155:do_switch$85$rdmux[0][6][27]$a$2083
      New ports: A=1'0, B=1'1, Y=$memory$auto$proc_rom.cc:155:do_switch$85$rdmux[0][6][27]$a$2083 [0]
      New connections: $memory$auto$proc_rom.cc:155:do_switch$85$rdmux[0][6][27]$a$2083 [3:1] = 3'011
    Consolidated identical input bits for $mux cell $memory$auto$proc_rom.cc:155:do_switch$85$rdmux[0][7][53]$2352:
      Old ports: A=4'0111, B=4'1000, Y=$memory$auto$proc_rom.cc:155:do_switch$85$rdmux[0][6][26]$b$2081
      New ports: A=2'01, B=2'10, Y={ $memory$auto$proc_rom.cc:155:do_switch$85$rdmux[0][6][26]$b$2081 [3] $memory$auto$proc_rom.cc:155:do_switch$85$rdmux[0][6][26]$b$2081 [0] }
      New connections: $memory$auto$proc_rom.cc:155:do_switch$85$rdmux[0][6][26]$b$2081 [2:1] = { $memory$auto$proc_rom.cc:155:do_switch$85$rdmux[0][6][26]$b$2081 [0] $memory$auto$proc_rom.cc:155:do_switch$85$rdmux[0][6][26]$b$2081 [0] }
    Consolidated identical input bits for $mux cell $memory$auto$proc_rom.cc:155:do_switch$85$rdmux[0][7][52]$2349:
      Old ports: A=4'0101, B=4'0110, Y=$memory$auto$proc_rom.cc:155:do_switch$85$rdmux[0][6][26]$a$2080
      New ports: A=2'01, B=2'10, Y=$memory$auto$proc_rom.cc:155:do_switch$85$rdmux[0][6][26]$a$2080 [1:0]
      New connections: $memory$auto$proc_rom.cc:155:do_switch$85$rdmux[0][6][26]$a$2080 [3:2] = 2'01
    Consolidated identical input bits for $mux cell $memory$auto$proc_rom.cc:155:do_switch$85$rdmux[0][7][51]$2346:
      Old ports: A=4'0110, B=4'0111, Y=$memory$auto$proc_rom.cc:155:do_switch$85$rdmux[0][6][25]$b$2078
      New ports: A=1'0, B=1'1, Y=$memory$auto$proc_rom.cc:155:do_switch$85$rdmux[0][6][25]$b$2078 [0]
      New connections: $memory$auto$proc_rom.cc:155:do_switch$85$rdmux[0][6][25]$b$2078 [3:1] = 3'011
    Consolidated identical input bits for $mux cell $memory$auto$proc_rom.cc:155:do_switch$85$rdmux[0][7][50]$2343:
      Old ports: A=4'0100, B=4'0101, Y=$memory$auto$proc_rom.cc:155:do_switch$85$rdmux[0][6][25]$a$2077
      New ports: A=1'0, B=1'1, Y=$memory$auto$proc_rom.cc:155:do_switch$85$rdmux[0][6][25]$a$2077 [0]
      New connections: $memory$auto$proc_rom.cc:155:do_switch$85$rdmux[0][6][25]$a$2077 [3:1] = 3'010
    Consolidated identical input bits for $mux cell $memory$auto$proc_rom.cc:155:do_switch$85$rdmux[0][7][49]$2340:
      Old ports: A=4'0101, B=4'0110, Y=$memory$auto$proc_rom.cc:155:do_switch$85$rdmux[0][6][24]$b$2075
      New ports: A=2'01, B=2'10, Y=$memory$auto$proc_rom.cc:155:do_switch$85$rdmux[0][6][24]$b$2075 [1:0]
      New connections: $memory$auto$proc_rom.cc:155:do_switch$85$rdmux[0][6][24]$b$2075 [3:2] = 2'01
    Consolidated identical input bits for $mux cell $memory$auto$proc_rom.cc:155:do_switch$85$rdmux[0][7][48]$2337:
      Old ports: A=4'0011, B=4'0100, Y=$memory$auto$proc_rom.cc:155:do_switch$85$rdmux[0][6][24]$a$2074
      New ports: A=2'01, B=2'10, Y={ $memory$auto$proc_rom.cc:155:do_switch$85$rdmux[0][6][24]$a$2074 [2] $memory$auto$proc_rom.cc:155:do_switch$85$rdmux[0][6][24]$a$2074 [0] }
      New connections: { $memory$auto$proc_rom.cc:155:do_switch$85$rdmux[0][6][24]$a$2074 [3] $memory$auto$proc_rom.cc:155:do_switch$85$rdmux[0][6][24]$a$2074 [1] } = { 1'0 $memory$auto$proc_rom.cc:155:do_switch$85$rdmux[0][6][24]$a$2074 [0] }
    Consolidated identical input bits for $mux cell $memory$auto$proc_rom.cc:155:do_switch$85$rdmux[0][7][47]$2334:
      Old ports: A=4'0111, B=4'1000, Y=$memory$auto$proc_rom.cc:155:do_switch$85$rdmux[0][6][23]$b$2072
      New ports: A=2'01, B=2'10, Y={ $memory$auto$proc_rom.cc:155:do_switch$85$rdmux[0][6][23]$b$2072 [3] $memory$auto$proc_rom.cc:155:do_switch$85$rdmux[0][6][23]$b$2072 [0] }
      New connections: $memory$auto$proc_rom.cc:155:do_switch$85$rdmux[0][6][23]$b$2072 [2:1] = { $memory$auto$proc_rom.cc:155:do_switch$85$rdmux[0][6][23]$b$2072 [0] $memory$auto$proc_rom.cc:155:do_switch$85$rdmux[0][6][23]$b$2072 [0] }
    Consolidated identical input bits for $mux cell $memory$auto$proc_rom.cc:155:do_switch$85$rdmux[0][7][46]$2331:
      Old ports: A=4'0101, B=4'0110, Y=$memory$auto$proc_rom.cc:155:do_switch$85$rdmux[0][6][23]$a$2071
      New ports: A=2'01, B=2'10, Y=$memory$auto$proc_rom.cc:155:do_switch$85$rdmux[0][6][23]$a$2071 [1:0]
      New connections: $memory$auto$proc_rom.cc:155:do_switch$85$rdmux[0][6][23]$a$2071 [3:2] = 2'01
    Consolidated identical input bits for $mux cell $memory$auto$proc_rom.cc:155:do_switch$85$rdmux[0][7][45]$2328:
      Old ports: A=4'0110, B=4'0111, Y=$memory$auto$proc_rom.cc:155:do_switch$85$rdmux[0][6][22]$b$2069
      New ports: A=1'0, B=1'1, Y=$memory$auto$proc_rom.cc:155:do_switch$85$rdmux[0][6][22]$b$2069 [0]
      New connections: $memory$auto$proc_rom.cc:155:do_switch$85$rdmux[0][6][22]$b$2069 [3:1] = 3'011
    Consolidated identical input bits for $mux cell $memory$auto$proc_rom.cc:155:do_switch$85$rdmux[0][7][44]$2325:
      Old ports: A=4'0100, B=4'0101, Y=$memory$auto$proc_rom.cc:155:do_switch$85$rdmux[0][6][22]$a$2068
      New ports: A=1'0, B=1'1, Y=$memory$auto$proc_rom.cc:155:do_switch$85$rdmux[0][6][22]$a$2068 [0]
      New connections: $memory$auto$proc_rom.cc:155:do_switch$85$rdmux[0][6][22]$a$2068 [3:1] = 3'010
    Consolidated identical input bits for $mux cell $memory$auto$proc_rom.cc:155:do_switch$85$rdmux[0][7][43]$2322:
      Old ports: A=4'0101, B=4'0110, Y=$memory$auto$proc_rom.cc:155:do_switch$85$rdmux[0][6][21]$b$2066
      New ports: A=2'01, B=2'10, Y=$memory$auto$proc_rom.cc:155:do_switch$85$rdmux[0][6][21]$b$2066 [1:0]
      New connections: $memory$auto$proc_rom.cc:155:do_switch$85$rdmux[0][6][21]$b$2066 [3:2] = 2'01
    Consolidated identical input bits for $mux cell $memory$auto$proc_rom.cc:155:do_switch$85$rdmux[0][7][42]$2319:
      Old ports: A=4'0011, B=4'0100, Y=$memory$auto$proc_rom.cc:155:do_switch$85$rdmux[0][6][21]$a$2065
      New ports: A=2'01, B=2'10, Y={ $memory$auto$proc_rom.cc:155:do_switch$85$rdmux[0][6][21]$a$2065 [2] $memory$auto$proc_rom.cc:155:do_switch$85$rdmux[0][6][21]$a$2065 [0] }
      New connections: { $memory$auto$proc_rom.cc:155:do_switch$85$rdmux[0][6][21]$a$2065 [3] $memory$auto$proc_rom.cc:155:do_switch$85$rdmux[0][6][21]$a$2065 [1] } = { 1'0 $memory$auto$proc_rom.cc:155:do_switch$85$rdmux[0][6][21]$a$2065 [0] }
    Consolidated identical input bits for $mux cell $memory$auto$proc_rom.cc:155:do_switch$85$rdmux[0][7][41]$2316:
      Old ports: A=4'0100, B=4'0101, Y=$memory$auto$proc_rom.cc:155:do_switch$85$rdmux[0][6][20]$b$2063
      New ports: A=1'0, B=1'1, Y=$memory$auto$proc_rom.cc:155:do_switch$85$rdmux[0][6][20]$b$2063 [0]
      New connections: $memory$auto$proc_rom.cc:155:do_switch$85$rdmux[0][6][20]$b$2063 [3:1] = 3'010
    Consolidated identical input bits for $mux cell $memory$auto$proc_rom.cc:155:do_switch$85$rdmux[0][7][40]$2313:
      Old ports: A=4'0010, B=4'0011, Y=$memory$auto$proc_rom.cc:155:do_switch$85$rdmux[0][6][20]$a$2062
      New ports: A=1'0, B=1'1, Y=$memory$auto$proc_rom.cc:155:do_switch$85$rdmux[0][6][20]$a$2062 [0]
      New connections: $memory$auto$proc_rom.cc:155:do_switch$85$rdmux[0][6][20]$a$2062 [3:1] = 3'001
    Consolidated identical input bits for $mux cell $memory$auto$proc_rom.cc:155:do_switch$85$rdmux[0][7][39]$2310:
      Old ports: A=4'0110, B=4'0111, Y=$memory$auto$proc_rom.cc:155:do_switch$85$rdmux[0][6][19]$b$2060
      New ports: A=1'0, B=1'1, Y=$memory$auto$proc_rom.cc:155:do_switch$85$rdmux[0][6][19]$b$2060 [0]
      New connections: $memory$auto$proc_rom.cc:155:do_switch$85$rdmux[0][6][19]$b$2060 [3:1] = 3'011
    Consolidated identical input bits for $mux cell $memory$auto$proc_rom.cc:155:do_switch$85$rdmux[0][7][38]$2307:
      Old ports: A=4'0100, B=4'0101, Y=$memory$auto$proc_rom.cc:155:do_switch$85$rdmux[0][6][19]$a$2059
      New ports: A=1'0, B=1'1, Y=$memory$auto$proc_rom.cc:155:do_switch$85$rdmux[0][6][19]$a$2059 [0]
      New connections: $memory$auto$proc_rom.cc:155:do_switch$85$rdmux[0][6][19]$a$2059 [3:1] = 3'010
    Consolidated identical input bits for $mux cell $memory$auto$proc_rom.cc:155:do_switch$85$rdmux[0][7][37]$2304:
      Old ports: A=4'0101, B=4'0110, Y=$memory$auto$proc_rom.cc:155:do_switch$85$rdmux[0][6][18]$b$2057
      New ports: A=2'01, B=2'10, Y=$memory$auto$proc_rom.cc:155:do_switch$85$rdmux[0][6][18]$b$2057 [1:0]
      New connections: $memory$auto$proc_rom.cc:155:do_switch$85$rdmux[0][6][18]$b$2057 [3:2] = 2'01
    Consolidated identical input bits for $mux cell $memory$auto$proc_rom.cc:155:do_switch$85$rdmux[0][7][36]$2301:
      Old ports: A=4'0011, B=4'0100, Y=$memory$auto$proc_rom.cc:155:do_switch$85$rdmux[0][6][18]$a$2056
      New ports: A=2'01, B=2'10, Y={ $memory$auto$proc_rom.cc:155:do_switch$85$rdmux[0][6][18]$a$2056 [2] $memory$auto$proc_rom.cc:155:do_switch$85$rdmux[0][6][18]$a$2056 [0] }
      New connections: { $memory$auto$proc_rom.cc:155:do_switch$85$rdmux[0][6][18]$a$2056 [3] $memory$auto$proc_rom.cc:155:do_switch$85$rdmux[0][6][18]$a$2056 [1] } = { 1'0 $memory$auto$proc_rom.cc:155:do_switch$85$rdmux[0][6][18]$a$2056 [0] }
    Consolidated identical input bits for $mux cell $memory$auto$proc_rom.cc:155:do_switch$85$rdmux[0][7][35]$2298:
      Old ports: A=4'0100, B=4'0101, Y=$memory$auto$proc_rom.cc:155:do_switch$85$rdmux[0][6][17]$b$2054
      New ports: A=1'0, B=1'1, Y=$memory$auto$proc_rom.cc:155:do_switch$85$rdmux[0][6][17]$b$2054 [0]
      New connections: $memory$auto$proc_rom.cc:155:do_switch$85$rdmux[0][6][17]$b$2054 [3:1] = 3'010
    Consolidated identical input bits for $mux cell $memory$auto$proc_rom.cc:155:do_switch$85$rdmux[0][7][34]$2295:
      Old ports: A=4'0010, B=4'0011, Y=$memory$auto$proc_rom.cc:155:do_switch$85$rdmux[0][6][17]$a$2053
      New ports: A=1'0, B=1'1, Y=$memory$auto$proc_rom.cc:155:do_switch$85$rdmux[0][6][17]$a$2053 [0]
      New connections: $memory$auto$proc_rom.cc:155:do_switch$85$rdmux[0][6][17]$a$2053 [3:1] = 3'001
    Consolidated identical input bits for $mux cell $memory$auto$proc_rom.cc:155:do_switch$85$rdmux[0][7][33]$2292:
      Old ports: A=4'0011, B=4'0100, Y=$memory$auto$proc_rom.cc:155:do_switch$85$rdmux[0][6][16]$b$2051
      New ports: A=2'01, B=2'10, Y={ $memory$auto$proc_rom.cc:155:do_switch$85$rdmux[0][6][16]$b$2051 [2] $memory$auto$proc_rom.cc:155:do_switch$85$rdmux[0][6][16]$b$2051 [0] }
      New connections: { $memory$auto$proc_rom.cc:155:do_switch$85$rdmux[0][6][16]$b$2051 [3] $memory$auto$proc_rom.cc:155:do_switch$85$rdmux[0][6][16]$b$2051 [1] } = { 1'0 $memory$auto$proc_rom.cc:155:do_switch$85$rdmux[0][6][16]$b$2051 [0] }
    Consolidated identical input bits for $mux cell $memory$auto$proc_rom.cc:155:do_switch$85$rdmux[0][7][32]$2289:
      Old ports: A=4'0001, B=4'0010, Y=$memory$auto$proc_rom.cc:155:do_switch$85$rdmux[0][6][16]$a$2050
      New ports: A=2'01, B=2'10, Y=$memory$auto$proc_rom.cc:155:do_switch$85$rdmux[0][6][16]$a$2050 [1:0]
      New connections: $memory$auto$proc_rom.cc:155:do_switch$85$rdmux[0][6][16]$a$2050 [3:2] = 2'00
    Consolidated identical input bits for $mux cell $memory$auto$proc_rom.cc:155:do_switch$85$rdmux[0][7][31]$2286:
      Old ports: A=4'1000, B=4'1001, Y=$memory$auto$proc_rom.cc:155:do_switch$85$rdmux[0][6][15]$b$2048
      New ports: A=1'0, B=1'1, Y=$memory$auto$proc_rom.cc:155:do_switch$85$rdmux[0][6][15]$b$2048 [0]
      New connections: $memory$auto$proc_rom.cc:155:do_switch$85$rdmux[0][6][15]$b$2048 [3:1] = 3'100
    Consolidated identical input bits for $mux cell $memory$auto$proc_rom.cc:155:do_switch$85$rdmux[0][7][30]$2283:
      Old ports: A=4'0110, B=4'0111, Y=$memory$auto$proc_rom.cc:155:do_switch$85$rdmux[0][6][15]$a$2047
      New ports: A=1'0, B=1'1, Y=$memory$auto$proc_rom.cc:155:do_switch$85$rdmux[0][6][15]$a$2047 [0]
      New connections: $memory$auto$proc_rom.cc:155:do_switch$85$rdmux[0][6][15]$a$2047 [3:1] = 3'011
    Consolidated identical input bits for $mux cell $memory$auto$proc_rom.cc:155:do_switch$85$rdmux[0][7][29]$2280:
      Old ports: A=4'0111, B=4'1000, Y=$memory$auto$proc_rom.cc:155:do_switch$85$rdmux[0][6][14]$b$2045
      New ports: A=2'01, B=2'10, Y={ $memory$auto$proc_rom.cc:155:do_switch$85$rdmux[0][6][14]$b$2045 [3] $memory$auto$proc_rom.cc:155:do_switch$85$rdmux[0][6][14]$b$2045 [0] }
      New connections: $memory$auto$proc_rom.cc:155:do_switch$85$rdmux[0][6][14]$b$2045 [2:1] = { $memory$auto$proc_rom.cc:155:do_switch$85$rdmux[0][6][14]$b$2045 [0] $memory$auto$proc_rom.cc:155:do_switch$85$rdmux[0][6][14]$b$2045 [0] }
    Consolidated identical input bits for $mux cell $memory$auto$proc_rom.cc:155:do_switch$85$rdmux[0][7][28]$2277:
      Old ports: A=4'0101, B=4'0110, Y=$memory$auto$proc_rom.cc:155:do_switch$85$rdmux[0][6][14]$a$2044
      New ports: A=2'01, B=2'10, Y=$memory$auto$proc_rom.cc:155:do_switch$85$rdmux[0][6][14]$a$2044 [1:0]
      New connections: $memory$auto$proc_rom.cc:155:do_switch$85$rdmux[0][6][14]$a$2044 [3:2] = 2'01
    Consolidated identical input bits for $mux cell $memory$auto$proc_rom.cc:155:do_switch$85$rdmux[0][7][27]$2274:
      Old ports: A=4'0110, B=4'0111, Y=$memory$auto$proc_rom.cc:155:do_switch$85$rdmux[0][6][13]$b$2042
      New ports: A=1'0, B=1'1, Y=$memory$auto$proc_rom.cc:155:do_switch$85$rdmux[0][6][13]$b$2042 [0]
      New connections: $memory$auto$proc_rom.cc:155:do_switch$85$rdmux[0][6][13]$b$2042 [3:1] = 3'011
    Consolidated identical input bits for $mux cell $memory$auto$proc_rom.cc:155:do_switch$85$rdmux[0][7][26]$2271:
      Old ports: A=4'0100, B=4'0101, Y=$memory$auto$proc_rom.cc:155:do_switch$85$rdmux[0][6][13]$a$2041
      New ports: A=1'0, B=1'1, Y=$memory$auto$proc_rom.cc:155:do_switch$85$rdmux[0][6][13]$a$2041 [0]
      New connections: $memory$auto$proc_rom.cc:155:do_switch$85$rdmux[0][6][13]$a$2041 [3:1] = 3'010
    Consolidated identical input bits for $mux cell $memory$auto$proc_rom.cc:155:do_switch$85$rdmux[0][7][25]$2268:
      Old ports: A=4'0101, B=4'0110, Y=$memory$auto$proc_rom.cc:155:do_switch$85$rdmux[0][6][12]$b$2039
      New ports: A=2'01, B=2'10, Y=$memory$auto$proc_rom.cc:155:do_switch$85$rdmux[0][6][12]$b$2039 [1:0]
      New connections: $memory$auto$proc_rom.cc:155:do_switch$85$rdmux[0][6][12]$b$2039 [3:2] = 2'01
    Consolidated identical input bits for $mux cell $memory$auto$proc_rom.cc:155:do_switch$85$rdmux[0][7][24]$2265:
      Old ports: A=4'0011, B=4'0100, Y=$memory$auto$proc_rom.cc:155:do_switch$85$rdmux[0][6][12]$a$2038
      New ports: A=2'01, B=2'10, Y={ $memory$auto$proc_rom.cc:155:do_switch$85$rdmux[0][6][12]$a$2038 [2] $memory$auto$proc_rom.cc:155:do_switch$85$rdmux[0][6][12]$a$2038 [0] }
      New connections: { $memory$auto$proc_rom.cc:155:do_switch$85$rdmux[0][6][12]$a$2038 [3] $memory$auto$proc_rom.cc:155:do_switch$85$rdmux[0][6][12]$a$2038 [1] } = { 1'0 $memory$auto$proc_rom.cc:155:do_switch$85$rdmux[0][6][12]$a$2038 [0] }
    Consolidated identical input bits for $mux cell $memory$auto$proc_rom.cc:155:do_switch$85$rdmux[0][7][23]$2262:
      Old ports: A=4'0111, B=4'1000, Y=$memory$auto$proc_rom.cc:155:do_switch$85$rdmux[0][6][11]$b$2036
      New ports: A=2'01, B=2'10, Y={ $memory$auto$proc_rom.cc:155:do_switch$85$rdmux[0][6][11]$b$2036 [3] $memory$auto$proc_rom.cc:155:do_switch$85$rdmux[0][6][11]$b$2036 [0] }
      New connections: $memory$auto$proc_rom.cc:155:do_switch$85$rdmux[0][6][11]$b$2036 [2:1] = { $memory$auto$proc_rom.cc:155:do_switch$85$rdmux[0][6][11]$b$2036 [0] $memory$auto$proc_rom.cc:155:do_switch$85$rdmux[0][6][11]$b$2036 [0] }
    Consolidated identical input bits for $mux cell $memory$auto$proc_rom.cc:155:do_switch$85$rdmux[0][7][22]$2259:
      Old ports: A=4'0101, B=4'0110, Y=$memory$auto$proc_rom.cc:155:do_switch$85$rdmux[0][6][11]$a$2035
      New ports: A=2'01, B=2'10, Y=$memory$auto$proc_rom.cc:155:do_switch$85$rdmux[0][6][11]$a$2035 [1:0]
      New connections: $memory$auto$proc_rom.cc:155:do_switch$85$rdmux[0][6][11]$a$2035 [3:2] = 2'01
    Consolidated identical input bits for $mux cell $memory$auto$proc_rom.cc:155:do_switch$85$rdmux[0][7][21]$2256:
      Old ports: A=4'0110, B=4'0111, Y=$memory$auto$proc_rom.cc:155:do_switch$85$rdmux[0][6][10]$b$2033
      New ports: A=1'0, B=1'1, Y=$memory$auto$proc_rom.cc:155:do_switch$85$rdmux[0][6][10]$b$2033 [0]
      New connections: $memory$auto$proc_rom.cc:155:do_switch$85$rdmux[0][6][10]$b$2033 [3:1] = 3'011
    Consolidated identical input bits for $mux cell $memory$auto$proc_rom.cc:155:do_switch$85$rdmux[0][7][20]$2253:
      Old ports: A=4'0100, B=4'0101, Y=$memory$auto$proc_rom.cc:155:do_switch$85$rdmux[0][6][10]$a$2032
      New ports: A=1'0, B=1'1, Y=$memory$auto$proc_rom.cc:155:do_switch$85$rdmux[0][6][10]$a$2032 [0]
      New connections: $memory$auto$proc_rom.cc:155:do_switch$85$rdmux[0][6][10]$a$2032 [3:1] = 3'010
    Consolidated identical input bits for $mux cell $memory$auto$proc_rom.cc:155:do_switch$85$rdmux[0][7][19]$2250:
      Old ports: A=4'0101, B=4'0110, Y=$memory$auto$proc_rom.cc:155:do_switch$85$rdmux[0][6][9]$b$2030
      New ports: A=2'01, B=2'10, Y=$memory$auto$proc_rom.cc:155:do_switch$85$rdmux[0][6][9]$b$2030 [1:0]
      New connections: $memory$auto$proc_rom.cc:155:do_switch$85$rdmux[0][6][9]$b$2030 [3:2] = 2'01
    Consolidated identical input bits for $mux cell $memory$auto$proc_rom.cc:155:do_switch$85$rdmux[0][7][18]$2247:
      Old ports: A=4'0011, B=4'0100, Y=$memory$auto$proc_rom.cc:155:do_switch$85$rdmux[0][6][9]$a$2029
      New ports: A=2'01, B=2'10, Y={ $memory$auto$proc_rom.cc:155:do_switch$85$rdmux[0][6][9]$a$2029 [2] $memory$auto$proc_rom.cc:155:do_switch$85$rdmux[0][6][9]$a$2029 [0] }
      New connections: { $memory$auto$proc_rom.cc:155:do_switch$85$rdmux[0][6][9]$a$2029 [3] $memory$auto$proc_rom.cc:155:do_switch$85$rdmux[0][6][9]$a$2029 [1] } = { 1'0 $memory$auto$proc_rom.cc:155:do_switch$85$rdmux[0][6][9]$a$2029 [0] }
    Consolidated identical input bits for $mux cell $memory$auto$proc_rom.cc:155:do_switch$85$rdmux[0][7][17]$2244:
      Old ports: A=4'0100, B=4'0101, Y=$memory$auto$proc_rom.cc:155:do_switch$85$rdmux[0][6][8]$b$2027
      New ports: A=1'0, B=1'1, Y=$memory$auto$proc_rom.cc:155:do_switch$85$rdmux[0][6][8]$b$2027 [0]
      New connections: $memory$auto$proc_rom.cc:155:do_switch$85$rdmux[0][6][8]$b$2027 [3:1] = 3'010
    Consolidated identical input bits for $mux cell $memory$auto$proc_rom.cc:155:do_switch$85$rdmux[0][7][16]$2241:
      Old ports: A=4'0010, B=4'0011, Y=$memory$auto$proc_rom.cc:155:do_switch$85$rdmux[0][6][8]$a$2026
      New ports: A=1'0, B=1'1, Y=$memory$auto$proc_rom.cc:155:do_switch$85$rdmux[0][6][8]$a$2026 [0]
      New connections: $memory$auto$proc_rom.cc:155:do_switch$85$rdmux[0][6][8]$a$2026 [3:1] = 3'001
    Consolidated identical input bits for $mux cell $memory$auto$proc_rom.cc:155:do_switch$85$rdmux[0][7][15]$2238:
      Old ports: A=4'0110, B=4'0111, Y=$memory$auto$proc_rom.cc:155:do_switch$85$rdmux[0][6][7]$b$2024
      New ports: A=1'0, B=1'1, Y=$memory$auto$proc_rom.cc:155:do_switch$85$rdmux[0][6][7]$b$2024 [0]
      New connections: $memory$auto$proc_rom.cc:155:do_switch$85$rdmux[0][6][7]$b$2024 [3:1] = 3'011
    Consolidated identical input bits for $mux cell $memory$auto$proc_rom.cc:155:do_switch$85$rdmux[0][7][14]$2235:
      Old ports: A=4'0100, B=4'0101, Y=$memory$auto$proc_rom.cc:155:do_switch$85$rdmux[0][6][7]$a$2023
      New ports: A=1'0, B=1'1, Y=$memory$auto$proc_rom.cc:155:do_switch$85$rdmux[0][6][7]$a$2023 [0]
      New connections: $memory$auto$proc_rom.cc:155:do_switch$85$rdmux[0][6][7]$a$2023 [3:1] = 3'010
    Consolidated identical input bits for $mux cell $memory$auto$proc_rom.cc:155:do_switch$85$rdmux[0][7][13]$2232:
      Old ports: A=4'0101, B=4'0110, Y=$memory$auto$proc_rom.cc:155:do_switch$85$rdmux[0][6][6]$b$2021
      New ports: A=2'01, B=2'10, Y=$memory$auto$proc_rom.cc:155:do_switch$85$rdmux[0][6][6]$b$2021 [1:0]
      New connections: $memory$auto$proc_rom.cc:155:do_switch$85$rdmux[0][6][6]$b$2021 [3:2] = 2'01
    Consolidated identical input bits for $mux cell $memory$auto$proc_rom.cc:155:do_switch$85$rdmux[0][7][12]$2229:
      Old ports: A=4'0011, B=4'0100, Y=$memory$auto$proc_rom.cc:155:do_switch$85$rdmux[0][6][6]$a$2020
      New ports: A=2'01, B=2'10, Y={ $memory$auto$proc_rom.cc:155:do_switch$85$rdmux[0][6][6]$a$2020 [2] $memory$auto$proc_rom.cc:155:do_switch$85$rdmux[0][6][6]$a$2020 [0] }
      New connections: { $memory$auto$proc_rom.cc:155:do_switch$85$rdmux[0][6][6]$a$2020 [3] $memory$auto$proc_rom.cc:155:do_switch$85$rdmux[0][6][6]$a$2020 [1] } = { 1'0 $memory$auto$proc_rom.cc:155:do_switch$85$rdmux[0][6][6]$a$2020 [0] }
    Consolidated identical input bits for $mux cell $memory$auto$proc_rom.cc:155:do_switch$85$rdmux[0][7][11]$2226:
      Old ports: A=4'0100, B=4'0101, Y=$memory$auto$proc_rom.cc:155:do_switch$85$rdmux[0][6][5]$b$2018
      New ports: A=1'0, B=1'1, Y=$memory$auto$proc_rom.cc:155:do_switch$85$rdmux[0][6][5]$b$2018 [0]
      New connections: $memory$auto$proc_rom.cc:155:do_switch$85$rdmux[0][6][5]$b$2018 [3:1] = 3'010
    Consolidated identical input bits for $mux cell $memory$auto$proc_rom.cc:155:do_switch$85$rdmux[0][7][10]$2223:
      Old ports: A=4'0010, B=4'0011, Y=$memory$auto$proc_rom.cc:155:do_switch$85$rdmux[0][6][5]$a$2017
      New ports: A=1'0, B=1'1, Y=$memory$auto$proc_rom.cc:155:do_switch$85$rdmux[0][6][5]$a$2017 [0]
      New connections: $memory$auto$proc_rom.cc:155:do_switch$85$rdmux[0][6][5]$a$2017 [3:1] = 3'001
    Consolidated identical input bits for $mux cell $memory$auto$proc_rom.cc:155:do_switch$85$rdmux[0][7][9]$2220:
      Old ports: A=4'0011, B=4'0100, Y=$memory$auto$proc_rom.cc:155:do_switch$85$rdmux[0][6][4]$b$2015
      New ports: A=2'01, B=2'10, Y={ $memory$auto$proc_rom.cc:155:do_switch$85$rdmux[0][6][4]$b$2015 [2] $memory$auto$proc_rom.cc:155:do_switch$85$rdmux[0][6][4]$b$2015 [0] }
      New connections: { $memory$auto$proc_rom.cc:155:do_switch$85$rdmux[0][6][4]$b$2015 [3] $memory$auto$proc_rom.cc:155:do_switch$85$rdmux[0][6][4]$b$2015 [1] } = { 1'0 $memory$auto$proc_rom.cc:155:do_switch$85$rdmux[0][6][4]$b$2015 [0] }
    Consolidated identical input bits for $mux cell $memory$auto$proc_rom.cc:155:do_switch$85$rdmux[0][7][8]$2217:
      Old ports: A=4'0001, B=4'0010, Y=$memory$auto$proc_rom.cc:155:do_switch$85$rdmux[0][6][4]$a$2014
      New ports: A=2'01, B=2'10, Y=$memory$auto$proc_rom.cc:155:do_switch$85$rdmux[0][6][4]$a$2014 [1:0]
      New connections: $memory$auto$proc_rom.cc:155:do_switch$85$rdmux[0][6][4]$a$2014 [3:2] = 2'00
    Consolidated identical input bits for $mux cell $memory$auto$proc_rom.cc:155:do_switch$85$rdmux[0][7][7]$2214:
      Old ports: A=4'0101, B=4'0110, Y=$memory$auto$proc_rom.cc:155:do_switch$85$rdmux[0][6][3]$b$2012
      New ports: A=2'01, B=2'10, Y=$memory$auto$proc_rom.cc:155:do_switch$85$rdmux[0][6][3]$b$2012 [1:0]
      New connections: $memory$auto$proc_rom.cc:155:do_switch$85$rdmux[0][6][3]$b$2012 [3:2] = 2'01
    Consolidated identical input bits for $mux cell $memory$auto$proc_rom.cc:155:do_switch$85$rdmux[0][7][6]$2211:
      Old ports: A=4'0011, B=4'0100, Y=$memory$auto$proc_rom.cc:155:do_switch$85$rdmux[0][6][3]$a$2011
      New ports: A=2'01, B=2'10, Y={ $memory$auto$proc_rom.cc:155:do_switch$85$rdmux[0][6][3]$a$2011 [2] $memory$auto$proc_rom.cc:155:do_switch$85$rdmux[0][6][3]$a$2011 [0] }
      New connections: { $memory$auto$proc_rom.cc:155:do_switch$85$rdmux[0][6][3]$a$2011 [3] $memory$auto$proc_rom.cc:155:do_switch$85$rdmux[0][6][3]$a$2011 [1] } = { 1'0 $memory$auto$proc_rom.cc:155:do_switch$85$rdmux[0][6][3]$a$2011 [0] }
    Consolidated identical input bits for $mux cell $memory$auto$proc_rom.cc:155:do_switch$85$rdmux[0][7][5]$2208:
      Old ports: A=4'0100, B=4'0101, Y=$memory$auto$proc_rom.cc:155:do_switch$85$rdmux[0][6][2]$b$2009
      New ports: A=1'0, B=1'1, Y=$memory$auto$proc_rom.cc:155:do_switch$85$rdmux[0][6][2]$b$2009 [0]
      New connections: $memory$auto$proc_rom.cc:155:do_switch$85$rdmux[0][6][2]$b$2009 [3:1] = 3'010
    Consolidated identical input bits for $mux cell $memory$auto$proc_rom.cc:155:do_switch$85$rdmux[0][7][4]$2205:
      Old ports: A=4'0010, B=4'0011, Y=$memory$auto$proc_rom.cc:155:do_switch$85$rdmux[0][6][2]$a$2008
      New ports: A=1'0, B=1'1, Y=$memory$auto$proc_rom.cc:155:do_switch$85$rdmux[0][6][2]$a$2008 [0]
      New connections: $memory$auto$proc_rom.cc:155:do_switch$85$rdmux[0][6][2]$a$2008 [3:1] = 3'001
    Consolidated identical input bits for $mux cell $memory$auto$proc_rom.cc:155:do_switch$85$rdmux[0][7][3]$2202:
      Old ports: A=4'0011, B=4'0100, Y=$memory$auto$proc_rom.cc:155:do_switch$85$rdmux[0][6][1]$b$2006
      New ports: A=2'01, B=2'10, Y={ $memory$auto$proc_rom.cc:155:do_switch$85$rdmux[0][6][1]$b$2006 [2] $memory$auto$proc_rom.cc:155:do_switch$85$rdmux[0][6][1]$b$2006 [0] }
      New connections: { $memory$auto$proc_rom.cc:155:do_switch$85$rdmux[0][6][1]$b$2006 [3] $memory$auto$proc_rom.cc:155:do_switch$85$rdmux[0][6][1]$b$2006 [1] } = { 1'0 $memory$auto$proc_rom.cc:155:do_switch$85$rdmux[0][6][1]$b$2006 [0] }
    Consolidated identical input bits for $mux cell $memory$auto$proc_rom.cc:155:do_switch$85$rdmux[0][7][2]$2199:
      Old ports: A=4'0001, B=4'0010, Y=$memory$auto$proc_rom.cc:155:do_switch$85$rdmux[0][6][1]$a$2005
      New ports: A=2'01, B=2'10, Y=$memory$auto$proc_rom.cc:155:do_switch$85$rdmux[0][6][1]$a$2005 [1:0]
      New connections: $memory$auto$proc_rom.cc:155:do_switch$85$rdmux[0][6][1]$a$2005 [3:2] = 2'00
    Consolidated identical input bits for $mux cell $memory$auto$proc_rom.cc:155:do_switch$85$rdmux[0][7][1]$2196:
      Old ports: A=4'0010, B=4'0011, Y=$memory$auto$proc_rom.cc:155:do_switch$85$rdmux[0][6][0]$b$2003
      New ports: A=1'0, B=1'1, Y=$memory$auto$proc_rom.cc:155:do_switch$85$rdmux[0][6][0]$b$2003 [0]
      New connections: $memory$auto$proc_rom.cc:155:do_switch$85$rdmux[0][6][0]$b$2003 [3:1] = 3'001
    Consolidated identical input bits for $mux cell $memory$auto$proc_rom.cc:155:do_switch$85$rdmux[0][7][0]$2193:
      Old ports: A=4'0000, B=4'0001, Y=$memory$auto$proc_rom.cc:155:do_switch$85$rdmux[0][6][0]$a$2002
      New ports: A=1'0, B=1'1, Y=$memory$auto$proc_rom.cc:155:do_switch$85$rdmux[0][6][0]$a$2002 [0]
      New connections: $memory$auto$proc_rom.cc:155:do_switch$85$rdmux[0][6][0]$a$2002 [3:1] = 3'000
    Consolidated identical input bits for $mux cell $procmux$89:
      Old ports: A=6'111110, B=6'010100, Y=$29\quant_scaled$func$/home/b10507053/ALS_Final_Project/student/work/ex250_ex254_frontend_fp4_dot_fma_semantic_20260608_2105/ex253/verilog/ex253_semantic_u2_sum8_bytetable_qrange.v:308$6.$result[6:0]$79
      New ports: A=1'1, B=1'0, Y=$29\quant_scaled$func$/home/b10507053/ALS_Final_Project/student/work/ex250_ex254_frontend_fp4_dot_fma_semantic_20260608_2105/ex253/verilog/ex253_semantic_u2_sum8_bytetable_qrange.v:308$6.$result[6:0]$79 [1]
      New connections: { $29\quant_scaled$func$/home/b10507053/ALS_Final_Project/student/work/ex250_ex254_frontend_fp4_dot_fma_semantic_20260608_2105/ex253/verilog/ex253_semantic_u2_sum8_bytetable_qrange.v:308$6.$result[6:0]$79 [5:2] $29\quant_scaled$func$/home/b10507053/ALS_Final_Project/student/work/ex250_ex254_frontend_fp4_dot_fma_semantic_20260608_2105/ex253/verilog/ex253_semantic_u2_sum8_bytetable_qrange.v:308$6.$result[6:0]$79 [0] } = { $29\quant_scaled$func$/home/b10507053/ALS_Final_Project/student/work/ex250_ex254_frontend_fp4_dot_fma_semantic_20260608_2105/ex253/verilog/ex253_semantic_u2_sum8_bytetable_qrange.v:308$6.$result[6:0]$79 [1] 1'1 $29\quant_scaled$func$/home/b10507053/ALS_Final_Project/student/work/ex250_ex254_frontend_fp4_dot_fma_semantic_20260608_2105/ex253/verilog/ex253_semantic_u2_sum8_bytetable_qrange.v:308$6.$result[6:0]$79 [1] 2'10 }
    Consolidated identical input bits for $mux cell $memory$auto$proc_rom.cc:155:do_switch$85$rdmux[0][7][127]$2574:
      Old ports: A=4'1011, B=4'1100, Y=$memory$auto$proc_rom.cc:155:do_switch$85$rdmux[0][6][63]$b$2192
      New ports: A=2'01, B=2'10, Y={ $memory$auto$proc_rom.cc:155:do_switch$85$rdmux[0][6][63]$b$2192 [2] $memory$auto$proc_rom.cc:155:do_switch$85$rdmux[0][6][63]$b$2192 [0] }
      New connections: { $memory$auto$proc_rom.cc:155:do_switch$85$rdmux[0][6][63]$b$2192 [3] $memory$auto$proc_rom.cc:155:do_switch$85$rdmux[0][6][63]$b$2192 [1] } = { 1'1 $memory$auto$proc_rom.cc:155:do_switch$85$rdmux[0][6][63]$b$2192 [0] }
    Consolidated identical input bits for $mux cell $memory$auto$proc_rom.cc:155:do_switch$81$rdmux[0][7][127]$3339:
      Old ports: A=4'1011, B=4'1100, Y=$memory$auto$proc_rom.cc:155:do_switch$81$rdmux[0][6][63]$b$2957
      New ports: A=2'01, B=2'10, Y={ $memory$auto$proc_rom.cc:155:do_switch$81$rdmux[0][6][63]$b$2957 [2] $memory$auto$proc_rom.cc:155:do_switch$81$rdmux[0][6][63]$b$2957 [0] }
      New connections: { $memory$auto$proc_rom.cc:155:do_switch$81$rdmux[0][6][63]$b$2957 [3] $memory$auto$proc_rom.cc:155:do_switch$81$rdmux[0][6][63]$b$2957 [1] } = { 1'1 $memory$auto$proc_rom.cc:155:do_switch$81$rdmux[0][6][63]$b$2957 [0] }
  Optimizing cells in module \ex253_semantic_u2_sum8_bytetable_qrange.
    Consolidated identical input bits for $mux cell $memory$auto$proc_rom.cc:155:do_switch$81$rdmux[0][6][63]$2955:
      Old ports: A=$memory$auto$proc_rom.cc:155:do_switch$81$rdmux[0][6][63]$a$2956, B=$memory$auto$proc_rom.cc:155:do_switch$81$rdmux[0][6][63]$b$2957, Y=$memory$auto$proc_rom.cc:155:do_switch$81$rdmux[0][5][31]$b$2765
      New ports: A={ 1'0 $memory$auto$proc_rom.cc:155:do_switch$81$rdmux[0][6][63]$a$2956 [1:0] }, B={ $memory$auto$proc_rom.cc:155:do_switch$81$rdmux[0][6][63]$b$2957 [2] $memory$auto$proc_rom.cc:155:do_switch$81$rdmux[0][6][63]$b$2957 [0] $memory$auto$proc_rom.cc:155:do_switch$81$rdmux[0][6][63]$b$2957 [0] }, Y=$memory$auto$proc_rom.cc:155:do_switch$81$rdmux[0][5][31]$b$2765 [2:0]
      New connections: $memory$auto$proc_rom.cc:155:do_switch$81$rdmux[0][5][31]$b$2765 [3] = 1'1
    Consolidated identical input bits for $mux cell $memory$auto$proc_rom.cc:155:do_switch$81$rdmux[0][6][62]$2952:
      Old ports: A=$memory$auto$proc_rom.cc:155:do_switch$81$rdmux[0][6][62]$a$2953, B=$memory$auto$proc_rom.cc:155:do_switch$81$rdmux[0][6][62]$b$2954, Y=$memory$auto$proc_rom.cc:155:do_switch$81$rdmux[0][5][31]$a$2764
      New ports: A={ 1'0 $memory$auto$proc_rom.cc:155:do_switch$81$rdmux[0][6][62]$a$2953 [0] }, B={ 1'1 $memory$auto$proc_rom.cc:155:do_switch$81$rdmux[0][6][62]$b$2954 [0] }, Y=$memory$auto$proc_rom.cc:155:do_switch$81$rdmux[0][5][31]$a$2764 [1:0]
      New connections: $memory$auto$proc_rom.cc:155:do_switch$81$rdmux[0][5][31]$a$2764 [3:2] = 2'10
    Consolidated identical input bits for $mux cell $memory$auto$proc_rom.cc:155:do_switch$81$rdmux[0][6][60]$2946:
      Old ports: A=$memory$auto$proc_rom.cc:155:do_switch$81$rdmux[0][6][60]$a$2947, B=$memory$auto$proc_rom.cc:155:do_switch$81$rdmux[0][6][60]$b$2948, Y=$memory$auto$proc_rom.cc:155:do_switch$81$rdmux[0][5][30]$a$2761
      New ports: A={ 2'01 $memory$auto$proc_rom.cc:155:do_switch$81$rdmux[0][6][60]$a$2947 [0] }, B={ 2'10 $memory$auto$proc_rom.cc:155:do_switch$81$rdmux[0][6][60]$b$2948 [0] }, Y={ $memory$auto$proc_rom.cc:155:do_switch$81$rdmux[0][5][30]$a$2761 [3] $memory$auto$proc_rom.cc:155:do_switch$81$rdmux[0][5][30]$a$2761 [1:0] }
      New connections: $memory$auto$proc_rom.cc:155:do_switch$81$rdmux[0][5][30]$a$2761 [2] = $memory$auto$proc_rom.cc:155:do_switch$81$rdmux[0][5][30]$a$2761 [1]
    Consolidated identical input bits for $mux cell $memory$auto$proc_rom.cc:155:do_switch$81$rdmux[0][6][59]$2943:
      Old ports: A=$memory$auto$proc_rom.cc:155:do_switch$81$rdmux[0][6][59]$a$2944, B=$memory$auto$proc_rom.cc:155:do_switch$81$rdmux[0][6][59]$b$2945, Y=$memory$auto$proc_rom.cc:155:do_switch$81$rdmux[0][5][29]$b$2759
      New ports: A={ 1'0 $memory$auto$proc_rom.cc:155:do_switch$81$rdmux[0][6][59]$a$2944 [0] }, B={ 1'1 $memory$auto$proc_rom.cc:155:do_switch$81$rdmux[0][6][59]$b$2945 [0] }, Y=$memory$auto$proc_rom.cc:155:do_switch$81$rdmux[0][5][29]$b$2759 [1:0]
      New connections: $memory$auto$proc_rom.cc:155:do_switch$81$rdmux[0][5][29]$b$2759 [3:2] = 2'10
    Consolidated identical input bits for $mux cell $memory$auto$proc_rom.cc:155:do_switch$81$rdmux[0][6][57]$2937:
      Old ports: A=$memory$auto$proc_rom.cc:155:do_switch$81$rdmux[0][6][57]$a$2938, B=$memory$auto$proc_rom.cc:155:do_switch$81$rdmux[0][6][57]$b$2939, Y=$memory$auto$proc_rom.cc:155:do_switch$81$rdmux[0][5][28]$b$2756
      New ports: A={ 2'01 $memory$auto$proc_rom.cc:155:do_switch$81$rdmux[0][6][57]$a$2938 [0] }, B={ 2'10 $memory$auto$proc_rom.cc:155:do_switch$81$rdmux[0][6][57]$b$2939 [0] }, Y={ $memory$auto$proc_rom.cc:155:do_switch$81$rdmux[0][5][28]$b$2756 [3] $memory$auto$proc_rom.cc:155:do_switch$81$rdmux[0][5][28]$b$2756 [1:0] }
      New connections: $memory$auto$proc_rom.cc:155:do_switch$81$rdmux[0][5][28]$b$2756 [2] = $memory$auto$proc_rom.cc:155:do_switch$81$rdmux[0][5][28]$b$2756 [1]
    Consolidated identical input bits for $mux cell $memory$auto$proc_rom.cc:155:do_switch$81$rdmux[0][6][54]$2928:
      Old ports: A=$memory$auto$proc_rom.cc:155:do_switch$81$rdmux[0][6][54]$a$2929, B=$memory$auto$proc_rom.cc:155:do_switch$81$rdmux[0][6][54]$b$2930, Y=$memory$auto$proc_rom.cc:155:do_switch$81$rdmux[0][5][27]$a$2752
      New ports: A={ 2'01 $memory$auto$proc_rom.cc:155:do_switch$81$rdmux[0][6][54]$a$2929 [0] }, B={ 2'10 $memory$auto$proc_rom.cc:155:do_switch$81$rdmux[0][6][54]$b$2930 [0] }, Y={ $memory$auto$proc_rom.cc:155:do_switch$81$rdmux[0][5][27]$a$2752 [3] $memory$auto$proc_rom.cc:155:do_switch$81$rdmux[0][5][27]$a$2752 [1:0] }
      New connections: $memory$auto$proc_rom.cc:155:do_switch$81$rdmux[0][5][27]$a$2752 [2] = $memory$auto$proc_rom.cc:155:do_switch$81$rdmux[0][5][27]$a$2752 [1]
    Consolidated identical input bits for $mux cell $memory$auto$proc_rom.cc:155:do_switch$81$rdmux[0][6][52]$2922:
      Old ports: A=$memory$auto$proc_rom.cc:155:do_switch$81$rdmux[0][6][52]$a$2923, B=$memory$auto$proc_rom.cc:155:do_switch$81$rdmux[0][6][52]$b$2924, Y=$memory$auto$proc_rom.cc:155:do_switch$81$rdmux[0][5][26]$a$2749
      New ports: A={ 1'0 $memory$auto$proc_rom.cc:155:do_switch$81$rdmux[0][6][52]$a$2923 [0] }, B={ 1'1 $memory$auto$proc_rom.cc:155:do_switch$81$rdmux[0][6][52]$b$2924 [0] }, Y=$memory$auto$proc_rom.cc:155:do_switch$81$rdmux[0][5][26]$a$2749 [1:0]
      New connections: $memory$auto$proc_rom.cc:155:do_switch$81$rdmux[0][5][26]$a$2749 [3:2] = 2'01
    Consolidated identical input bits for $mux cell $memory$auto$proc_rom.cc:155:do_switch$81$rdmux[0][6][51]$2919:
      Old ports: A=$memory$auto$proc_rom.cc:155:do_switch$81$rdmux[0][6][51]$a$2920, B=$memory$auto$proc_rom.cc:155:do_switch$81$rdmux[0][6][51]$b$2921, Y=$memory$auto$proc_rom.cc:155:do_switch$81$rdmux[0][5][25]$b$2747
      New ports: A={ 2'01 $memory$auto$proc_rom.cc:155:do_switch$81$rdmux[0][6][51]$a$2920 [0] }, B={ 2'10 $memory$auto$proc_rom.cc:155:do_switch$81$rdmux[0][6][51]$b$2921 [0] }, Y={ $memory$auto$proc_rom.cc:155:do_switch$81$rdmux[0][5][25]$b$2747 [3] $memory$auto$proc_rom.cc:155:do_switch$81$rdmux[0][5][25]$b$2747 [1:0] }
      New connections: $memory$auto$proc_rom.cc:155:do_switch$81$rdmux[0][5][25]$b$2747 [2] = $memory$auto$proc_rom.cc:155:do_switch$81$rdmux[0][5][25]$b$2747 [1]
    Consolidated identical input bits for $mux cell $memory$auto$proc_rom.cc:155:do_switch$81$rdmux[0][6][49]$2913:
      Old ports: A=$memory$auto$proc_rom.cc:155:do_switch$81$rdmux[0][6][49]$a$2914, B=$memory$auto$proc_rom.cc:155:do_switch$81$rdmux[0][6][49]$b$2915, Y=$memory$auto$proc_rom.cc:155:do_switch$81$rdmux[0][5][24]$b$2744
      New ports: A={ 1'0 $memory$auto$proc_rom.cc:155:do_switch$81$rdmux[0][6][49]$a$2914 [0] }, B={ 1'1 $memory$auto$proc_rom.cc:155:do_switch$81$rdmux[0][6][49]$b$2915 [0] }, Y=$memory$auto$proc_rom.cc:155:do_switch$81$rdmux[0][5][24]$b$2744 [1:0]
      New connections: $memory$auto$proc_rom.cc:155:do_switch$81$rdmux[0][5][24]$b$2744 [3:2] = 2'01
    Consolidated identical input bits for $mux cell $memory$auto$proc_rom.cc:155:do_switch$81$rdmux[0][6][48]$2910:
      Old ports: A=$memory$auto$proc_rom.cc:155:do_switch$81$rdmux[0][6][48]$a$2911, B=$memory$auto$proc_rom.cc:155:do_switch$81$rdmux[0][6][48]$b$2912, Y=$memory$auto$proc_rom.cc:155:do_switch$81$rdmux[0][5][24]$a$2743
      New ports: A={ $memory$auto$proc_rom.cc:155:do_switch$81$rdmux[0][6][48]$a$2911 [2] $memory$auto$proc_rom.cc:155:do_switch$81$rdmux[0][6][48]$a$2911 [0] $memory$auto$proc_rom.cc:155:do_switch$81$rdmux[0][6][48]$a$2911 [0] }, B={ 1'1 $memory$auto$proc_rom.cc:155:do_switch$81$rdmux[0][6][48]$b$2912 [1:0] }, Y=$memory$auto$proc_rom.cc:155:do_switch$81$rdmux[0][5][24]$a$2743 [2:0]
      New connections: $memory$auto$proc_rom.cc:155:do_switch$81$rdmux[0][5][24]$a$2743 [3] = 1'0
    Consolidated identical input bits for $mux cell $memory$auto$proc_rom.cc:155:do_switch$81$rdmux[0][6][47]$2907:
      Old ports: A=$memory$auto$proc_rom.cc:155:do_switch$81$rdmux[0][6][47]$a$2908, B=$memory$auto$proc_rom.cc:155:do_switch$81$rdmux[0][6][47]$b$2909, Y=$memory$auto$proc_rom.cc:155:do_switch$81$rdmux[0][5][23]$b$2741
      New ports: A={ 1'0 $memory$auto$proc_rom.cc:155:do_switch$81$rdmux[0][6][47]$a$2908 [0] }, B={ 1'1 $memory$auto$proc_rom.cc:155:do_switch$81$rdmux[0][6][47]$b$2909 [0] }, Y=$memory$auto$proc_rom.cc:155:do_switch$81$rdmux[0][5][23]$b$2741 [1:0]
      New connections: $memory$auto$proc_rom.cc:155:do_switch$81$rdmux[0][5][23]$b$2741 [3:2] = 2'10
    Consolidated identical input bits for $mux cell $memory$auto$proc_rom.cc:155:do_switch$81$rdmux[0][6][45]$2901:
      Old ports: A=$memory$auto$proc_rom.cc:155:do_switch$81$rdmux[0][6][45]$a$2902, B=$memory$auto$proc_rom.cc:155:do_switch$81$rdmux[0][6][45]$b$2903, Y=$memory$auto$proc_rom.cc:155:do_switch$81$rdmux[0][5][22]$b$2738
      New ports: A={ 2'01 $memory$auto$proc_rom.cc:155:do_switch$81$rdmux[0][6][45]$a$2902 [0] }, B={ 2'10 $memory$auto$proc_rom.cc:155:do_switch$81$rdmux[0][6][45]$b$2903 [0] }, Y={ $memory$auto$proc_rom.cc:155:do_switch$81$rdmux[0][5][22]$b$2738 [3] $memory$auto$proc_rom.cc:155:do_switch$81$rdmux[0][5][22]$b$2738 [1:0] }
      New connections: $memory$auto$proc_rom.cc:155:do_switch$81$rdmux[0][5][22]$b$2738 [2] = $memory$auto$proc_rom.cc:155:do_switch$81$rdmux[0][5][22]$b$2738 [1]
    Consolidated identical input bits for $mux cell $memory$auto$proc_rom.cc:155:do_switch$81$rdmux[0][6][42]$2892:
      Old ports: A=$memory$auto$proc_rom.cc:155:do_switch$81$rdmux[0][6][42]$a$2893, B=$memory$auto$proc_rom.cc:155:do_switch$81$rdmux[0][6][42]$b$2894, Y=$memory$auto$proc_rom.cc:155:do_switch$81$rdmux[0][5][21]$a$2734
      New ports: A={ 2'01 $memory$auto$proc_rom.cc:155:do_switch$81$rdmux[0][6][42]$a$2893 [0] }, B={ 2'10 $memory$auto$proc_rom.cc:155:do_switch$81$rdmux[0][6][42]$b$2894 [0] }, Y={ $memory$auto$proc_rom.cc:155:do_switch$81$rdmux[0][5][21]$a$2734 [3] $memory$auto$proc_rom.cc:155:do_switch$81$rdmux[0][5][21]$a$2734 [1:0] }
      New connections: $memory$auto$proc_rom.cc:155:do_switch$81$rdmux[0][5][21]$a$2734 [2] = $memory$auto$proc_rom.cc:155:do_switch$81$rdmux[0][5][21]$a$2734 [1]
    Consolidated identical input bits for $mux cell $memory$auto$proc_rom.cc:155:do_switch$81$rdmux[0][6][40]$2886:
      Old ports: A=$memory$auto$proc_rom.cc:155:do_switch$81$rdmux[0][6][40]$a$2887, B=$memory$auto$proc_rom.cc:155:do_switch$81$rdmux[0][6][40]$b$2888, Y=$memory$auto$proc_rom.cc:155:do_switch$81$rdmux[0][5][20]$a$2731
      New ports: A={ 1'0 $memory$auto$proc_rom.cc:155:do_switch$81$rdmux[0][6][40]$a$2887 [0] }, B={ 1'1 $memory$auto$proc_rom.cc:155:do_switch$81$rdmux[0][6][40]$b$2888 [0] }, Y=$memory$auto$proc_rom.cc:155:do_switch$81$rdmux[0][5][20]$a$2731 [1:0]
      New connections: $memory$auto$proc_rom.cc:155:do_switch$81$rdmux[0][5][20]$a$2731 [3:2] = 2'01
    Consolidated identical input bits for $mux cell $memory$auto$proc_rom.cc:155:do_switch$81$rdmux[0][6][39]$2883:
      Old ports: A=$memory$auto$proc_rom.cc:155:do_switch$81$rdmux[0][6][39]$a$2884, B=$memory$auto$proc_rom.cc:155:do_switch$81$rdmux[0][6][39]$b$2885, Y=$memory$auto$proc_rom.cc:155:do_switch$81$rdmux[0][5][19]$b$2729
      New ports: A={ 2'01 $memory$auto$proc_rom.cc:155:do_switch$81$rdmux[0][6][39]$a$2884 [0] }, B={ 2'10 $memory$auto$proc_rom.cc:155:do_switch$81$rdmux[0][6][39]$b$2885 [0] }, Y={ $memory$auto$proc_rom.cc:155:do_switch$81$rdmux[0][5][19]$b$2729 [3] $memory$auto$proc_rom.cc:155:do_switch$81$rdmux[0][5][19]$b$2729 [1:0] }
      New connections: $memory$auto$proc_rom.cc:155:do_switch$81$rdmux[0][5][19]$b$2729 [2] = $memory$auto$proc_rom.cc:155:do_switch$81$rdmux[0][5][19]$b$2729 [1]
    Consolidated identical input bits for $mux cell $memory$auto$proc_rom.cc:155:do_switch$81$rdmux[0][6][37]$2877:
      Old ports: A=$memory$auto$proc_rom.cc:155:do_switch$81$rdmux[0][6][37]$a$2878, B=$memory$auto$proc_rom.cc:155:do_switch$81$rdmux[0][6][37]$b$2879, Y=$memory$auto$proc_rom.cc:155:do_switch$81$rdmux[0][5][18]$b$2726
      New ports: A={ 1'0 $memory$auto$proc_rom.cc:155:do_switch$81$rdmux[0][6][37]$a$2878 [0] }, B={ 1'1 $memory$auto$proc_rom.cc:155:do_switch$81$rdmux[0][6][37]$b$2879 [0] }, Y=$memory$auto$proc_rom.cc:155:do_switch$81$rdmux[0][5][18]$b$2726 [1:0]
      New connections: $memory$auto$proc_rom.cc:155:do_switch$81$rdmux[0][5][18]$b$2726 [3:2] = 2'01
    Consolidated identical input bits for $mux cell $memory$auto$proc_rom.cc:155:do_switch$81$rdmux[0][6][36]$2874:
      Old ports: A=$memory$auto$proc_rom.cc:155:do_switch$81$rdmux[0][6][36]$a$2875, B=$memory$auto$proc_rom.cc:155:do_switch$81$rdmux[0][6][36]$b$2876, Y=$memory$auto$proc_rom.cc:155:do_switch$81$rdmux[0][5][18]$a$2725
      New ports: A={ $memory$auto$proc_rom.cc:155:do_switch$81$rdmux[0][6][36]$a$2875 [2] $memory$auto$proc_rom.cc:155:do_switch$81$rdmux[0][6][36]$a$2875 [0] $memory$auto$proc_rom.cc:155:do_switch$81$rdmux[0][6][36]$a$2875 [0] }, B={ 1'1 $memory$auto$proc_rom.cc:155:do_switch$81$rdmux[0][6][36]$b$2876 [1:0] }, Y=$memory$auto$proc_rom.cc:155:do_switch$81$rdmux[0][5][18]$a$2725 [2:0]
      New connections: $memory$auto$proc_rom.cc:155:do_switch$81$rdmux[0][5][18]$a$2725 [3] = 1'0
    Consolidated identical input bits for $mux cell $memory$auto$proc_rom.cc:155:do_switch$81$rdmux[0][6][34]$2868:
      Old ports: A=$memory$auto$proc_rom.cc:155:do_switch$81$rdmux[0][6][34]$a$2869, B=$memory$auto$proc_rom.cc:155:do_switch$81$rdmux[0][6][34]$b$2870, Y=$memory$auto$proc_rom.cc:155:do_switch$81$rdmux[0][5][17]$a$2722
      New ports: A={ 1'0 $memory$auto$proc_rom.cc:155:do_switch$81$rdmux[0][6][34]$a$2869 [0] }, B={ 1'1 $memory$auto$proc_rom.cc:155:do_switch$81$rdmux[0][6][34]$b$2870 [0] }, Y=$memory$auto$proc_rom.cc:155:do_switch$81$rdmux[0][5][17]$a$2722 [1:0]
      New connections: $memory$auto$proc_rom.cc:155:do_switch$81$rdmux[0][5][17]$a$2722 [3:2] = 2'01
    Consolidated identical input bits for $mux cell $memory$auto$proc_rom.cc:155:do_switch$81$rdmux[0][6][33]$2865:
      Old ports: A=$memory$auto$proc_rom.cc:155:do_switch$81$rdmux[0][6][33]$a$2866, B=$memory$auto$proc_rom.cc:155:do_switch$81$rdmux[0][6][33]$b$2867, Y=$memory$auto$proc_rom.cc:155:do_switch$81$rdmux[0][5][16]$b$2720
      New ports: A={ $memory$auto$proc_rom.cc:155:do_switch$81$rdmux[0][6][33]$a$2866 [2] $memory$auto$proc_rom.cc:155:do_switch$81$rdmux[0][6][33]$a$2866 [0] $memory$auto$proc_rom.cc:155:do_switch$81$rdmux[0][6][33]$a$2866 [0] }, B={ 1'1 $memory$auto$proc_rom.cc:155:do_switch$81$rdmux[0][6][33]$b$2867 [1:0] }, Y=$memory$auto$proc_rom.cc:155:do_switch$81$rdmux[0][5][16]$b$2720 [2:0]
      New connections: $memory$auto$proc_rom.cc:155:do_switch$81$rdmux[0][5][16]$b$2720 [3] = 1'0
    Consolidated identical input bits for $mux cell $memory$auto$proc_rom.cc:155:do_switch$81$rdmux[0][6][32]$2862:
      Old ports: A=$memory$auto$proc_rom.cc:155:do_switch$81$rdmux[0][6][32]$a$2863, B=$memory$auto$proc_rom.cc:155:do_switch$81$rdmux[0][6][32]$b$2864, Y=$memory$auto$proc_rom.cc:155:do_switch$81$rdmux[0][5][16]$a$2719
      New ports: A={ 2'01 $memory$auto$proc_rom.cc:155:do_switch$81$rdmux[0][6][32]$a$2863 [0] }, B={ 2'10 $memory$auto$proc_rom.cc:155:do_switch$81$rdmux[0][6][32]$b$2864 [0] }, Y=$memory$auto$proc_rom.cc:155:do_switch$81$rdmux[0][5][16]$a$2719 [2:0]
      New connections: $memory$auto$proc_rom.cc:155:do_switch$81$rdmux[0][5][16]$a$2719 [3] = 1'0
    Consolidated identical input bits for $mux cell $memory$auto$proc_rom.cc:155:do_switch$81$rdmux[0][6][30]$2856:
      Old ports: A=$memory$auto$proc_rom.cc:155:do_switch$81$rdmux[0][6][30]$a$2857, B=$memory$auto$proc_rom.cc:155:do_switch$81$rdmux[0][6][30]$b$2858, Y=$memory$auto$proc_rom.cc:155:do_switch$81$rdmux[0][5][15]$a$2716
      New ports: A={ 2'01 $memory$auto$proc_rom.cc:155:do_switch$81$rdmux[0][6][30]$a$2857 [0] }, B={ 2'10 $memory$auto$proc_rom.cc:155:do_switch$81$rdmux[0][6][30]$b$2858 [0] }, Y={ $memory$auto$proc_rom.cc:155:do_switch$81$rdmux[0][5][15]$a$2716 [3] $memory$auto$proc_rom.cc:155:do_switch$81$rdmux[0][5][15]$a$2716 [1:0] }
      New connections: $memory$auto$proc_rom.cc:155:do_switch$81$rdmux[0][5][15]$a$2716 [2] = $memory$auto$proc_rom.cc:155:do_switch$81$rdmux[0][5][15]$a$2716 [1]
    Consolidated identical input bits for $mux cell $memory$auto$proc_rom.cc:155:do_switch$81$rdmux[0][6][28]$2850:
      Old ports: A=$memory$auto$proc_rom.cc:155:do_switch$81$rdmux[0][6][28]$a$2851, B=$memory$auto$proc_rom.cc:155:do_switch$81$rdmux[0][6][28]$b$2852, Y=$memory$auto$proc_rom.cc:155:do_switch$81$rdmux[0][5][14]$a$2713
      New ports: A={ 1'0 $memory$auto$proc_rom.cc:155:do_switch$81$rdmux[0][6][28]$a$2851 [0] }, B={ 1'1 $memory$auto$proc_rom.cc:155:do_switch$81$rdmux[0][6][28]$b$2852 [0] }, Y=$memory$auto$proc_rom.cc:155:do_switch$81$rdmux[0][5][14]$a$2713 [1:0]
      New connections: $memory$auto$proc_rom.cc:155:do_switch$81$rdmux[0][5][14]$a$2713 [3:2] = 2'01
    Consolidated identical input bits for $mux cell $memory$auto$proc_rom.cc:155:do_switch$81$rdmux[0][6][27]$2847:
      Old ports: A=$memory$auto$proc_rom.cc:155:do_switch$81$rdmux[0][6][27]$a$2848, B=$memory$auto$proc_rom.cc:155:do_switch$81$rdmux[0][6][27]$b$2849, Y=$memory$auto$proc_rom.cc:155:do_switch$81$rdmux[0][5][13]$b$2711
      New ports: A={ 2'01 $memory$auto$proc_rom.cc:155:do_switch$81$rdmux[0][6][27]$a$2848 [0] }, B={ 2'10 $memory$auto$proc_rom.cc:155:do_switch$81$rdmux[0][6][27]$b$2849 [0] }, Y={ $memory$auto$proc_rom.cc:155:do_switch$81$rdmux[0][5][13]$b$2711 [3] $memory$auto$proc_rom.cc:155:do_switch$81$rdmux[0][5][13]$b$2711 [1:0] }
      New connections: $memory$auto$proc_rom.cc:155:do_switch$81$rdmux[0][5][13]$b$2711 [2] = $memory$auto$proc_rom.cc:155:do_switch$81$rdmux[0][5][13]$b$2711 [1]
    Consolidated identical input bits for $mux cell $memory$auto$proc_rom.cc:155:do_switch$81$rdmux[0][6][25]$2841:
      Old ports: A=$memory$auto$proc_rom.cc:155:do_switch$81$rdmux[0][6][25]$a$2842, B=$memory$auto$proc_rom.cc:155:do_switch$81$rdmux[0][6][25]$b$2843, Y=$memory$auto$proc_rom.cc:155:do_switch$81$rdmux[0][5][12]$b$2708
      New ports: A={ 1'0 $memory$auto$proc_rom.cc:155:do_switch$81$rdmux[0][6][25]$a$2842 [0] }, B={ 1'1 $memory$auto$proc_rom.cc:155:do_switch$81$rdmux[0][6][25]$b$2843 [0] }, Y=$memory$auto$proc_rom.cc:155:do_switch$81$rdmux[0][5][12]$b$2708 [1:0]
      New connections: $memory$auto$proc_rom.cc:155:do_switch$81$rdmux[0][5][12]$b$2708 [3:2] = 2'01
    Consolidated identical input bits for $mux cell $memory$auto$proc_rom.cc:155:do_switch$81$rdmux[0][6][24]$2838:
      Old ports: A=$memory$auto$proc_rom.cc:155:do_switch$81$rdmux[0][6][24]$a$2839, B=$memory$auto$proc_rom.cc:155:do_switch$81$rdmux[0][6][24]$b$2840, Y=$memory$auto$proc_rom.cc:155:do_switch$81$rdmux[0][5][12]$a$2707
      New ports: A={ $memory$auto$proc_rom.cc:155:do_switch$81$rdmux[0][6][24]$a$2839 [2] $memory$auto$proc_rom.cc:155:do_switch$81$rdmux[0][6][24]$a$2839 [0] $memory$auto$proc_rom.cc:155:do_switch$81$rdmux[0][6][24]$a$2839 [0] }, B={ 1'1 $memory$auto$proc_rom.cc:155:do_switch$81$rdmux[0][6][24]$b$2840 [1:0] }, Y=$memory$auto$proc_rom.cc:155:do_switch$81$rdmux[0][5][12]$a$2707 [2:0]
      New connections: $memory$auto$proc_rom.cc:155:do_switch$81$rdmux[0][5][12]$a$2707 [3] = 1'0
    Consolidated identical input bits for $mux cell $memory$auto$proc_rom.cc:155:do_switch$81$rdmux[0][6][22]$2832:
      Old ports: A=$memory$auto$proc_rom.cc:155:do_switch$81$rdmux[0][6][22]$a$2833, B=$memory$auto$proc_rom.cc:155:do_switch$81$rdmux[0][6][22]$b$2834, Y=$memory$auto$proc_rom.cc:155:do_switch$81$rdmux[0][5][11]$a$2704
      New ports: A={ 1'0 $memory$auto$proc_rom.cc:155:do_switch$81$rdmux[0][6][22]$a$2833 [0] }, B={ 1'1 $memory$auto$proc_rom.cc:155:do_switch$81$rdmux[0][6][22]$b$2834 [0] }, Y=$memory$auto$proc_rom.cc:155:do_switch$81$rdmux[0][5][11]$a$2704 [1:0]
      New connections: $memory$auto$proc_rom.cc:155:do_switch$81$rdmux[0][5][11]$a$2704 [3:2] = 2'01
    Consolidated identical input bits for $mux cell $memory$auto$proc_rom.cc:155:do_switch$81$rdmux[0][6][21]$2829:
      Old ports: A=$memory$auto$proc_rom.cc:155:do_switch$81$rdmux[0][6][21]$a$2830, B=$memory$auto$proc_rom.cc:155:do_switch$81$rdmux[0][6][21]$b$2831, Y=$memory$auto$proc_rom.cc:155:do_switch$81$rdmux[0][5][10]$b$2702
      New ports: A={ $memory$auto$proc_rom.cc:155:do_switch$81$rdmux[0][6][21]$a$2830 [2] $memory$auto$proc_rom.cc:155:do_switch$81$rdmux[0][6][21]$a$2830 [0] $memory$auto$proc_rom.cc:155:do_switch$81$rdmux[0][6][21]$a$2830 [0] }, B={ 1'1 $memory$auto$proc_rom.cc:155:do_switch$81$rdmux[0][6][21]$b$2831 [1:0] }, Y=$memory$auto$proc_rom.cc:155:do_switch$81$rdmux[0][5][10]$b$2702 [2:0]
      New connections: $memory$auto$proc_rom.cc:155:do_switch$81$rdmux[0][5][10]$b$2702 [3] = 1'0
    Consolidated identical input bits for $mux cell $memory$auto$proc_rom.cc:155:do_switch$81$rdmux[0][6][20]$2826:
      Old ports: A=$memory$auto$proc_rom.cc:155:do_switch$81$rdmux[0][6][20]$a$2827, B=$memory$auto$proc_rom.cc:155:do_switch$81$rdmux[0][6][20]$b$2828, Y=$memory$auto$proc_rom.cc:155:do_switch$81$rdmux[0][5][10]$a$2701
      New ports: A={ 2'01 $memory$auto$proc_rom.cc:155:do_switch$81$rdmux[0][6][20]$a$2827 [0] }, B={ 2'10 $memory$auto$proc_rom.cc:155:do_switch$81$rdmux[0][6][20]$b$2828 [0] }, Y=$memory$auto$proc_rom.cc:155:do_switch$81$rdmux[0][5][10]$a$2701 [2:0]
      New connections: $memory$auto$proc_rom.cc:155:do_switch$81$rdmux[0][5][10]$a$2701 [3] = 1'0
    Consolidated identical input bits for $mux cell $memory$auto$proc_rom.cc:155:do_switch$81$rdmux[0][6][19]$2823:
      Old ports: A=$memory$auto$proc_rom.cc:155:do_switch$81$rdmux[0][6][19]$a$2824, B=$memory$auto$proc_rom.cc:155:do_switch$81$rdmux[0][6][19]$b$2825, Y=$memory$auto$proc_rom.cc:155:do_switch$81$rdmux[0][5][9]$b$2699
      New ports: A={ 1'0 $memory$auto$proc_rom.cc:155:do_switch$81$rdmux[0][6][19]$a$2824 [0] }, B={ 1'1 $memory$auto$proc_rom.cc:155:do_switch$81$rdmux[0][6][19]$b$2825 [0] }, Y=$memory$auto$proc_rom.cc:155:do_switch$81$rdmux[0][5][9]$b$2699 [1:0]
      New connections: $memory$auto$proc_rom.cc:155:do_switch$81$rdmux[0][5][9]$b$2699 [3:2] = 2'01
    Consolidated identical input bits for $mux cell $memory$auto$proc_rom.cc:155:do_switch$81$rdmux[0][6][18]$2820:
      Old ports: A=$memory$auto$proc_rom.cc:155:do_switch$81$rdmux[0][6][18]$a$2821, B=$memory$auto$proc_rom.cc:155:do_switch$81$rdmux[0][6][18]$b$2822, Y=$memory$auto$proc_rom.cc:155:do_switch$81$rdmux[0][5][9]$a$2698
      New ports: A={ $memory$auto$proc_rom.cc:155:do_switch$81$rdmux[0][6][18]$a$2821 [2] $memory$auto$proc_rom.cc:155:do_switch$81$rdmux[0][6][18]$a$2821 [0] $memory$auto$proc_rom.cc:155:do_switch$81$rdmux[0][6][18]$a$2821 [0] }, B={ 1'1 $memory$auto$proc_rom.cc:155:do_switch$81$rdmux[0][6][18]$b$2822 [1:0] }, Y=$memory$auto$proc_rom.cc:155:do_switch$81$rdmux[0][5][9]$a$2698 [2:0]
      New connections: $memory$auto$proc_rom.cc:155:do_switch$81$rdmux[0][5][9]$a$2698 [3] = 1'0
    Consolidated identical input bits for $mux cell $memory$auto$proc_rom.cc:155:do_switch$81$rdmux[0][6][17]$2817:
      Old ports: A=$memory$auto$proc_rom.cc:155:do_switch$81$rdmux[0][6][17]$a$2818, B=$memory$auto$proc_rom.cc:155:do_switch$81$rdmux[0][6][17]$b$2819, Y=$memory$auto$proc_rom.cc:155:do_switch$81$rdmux[0][5][8]$b$2696
      New ports: A={ 2'01 $memory$auto$proc_rom.cc:155:do_switch$81$rdmux[0][6][17]$a$2818 [0] }, B={ 2'10 $memory$auto$proc_rom.cc:155:do_switch$81$rdmux[0][6][17]$b$2819 [0] }, Y=$memory$auto$proc_rom.cc:155:do_switch$81$rdmux[0][5][8]$b$2696 [2:0]
      New connections: $memory$auto$proc_rom.cc:155:do_switch$81$rdmux[0][5][8]$b$2696 [3] = 1'0
    Consolidated identical input bits for $mux cell $memory$auto$proc_rom.cc:155:do_switch$81$rdmux[0][6][16]$2814:
      Old ports: A=$memory$auto$proc_rom.cc:155:do_switch$81$rdmux[0][6][16]$a$2815, B=$memory$auto$proc_rom.cc:155:do_switch$81$rdmux[0][6][16]$b$2816, Y=$memory$auto$proc_rom.cc:155:do_switch$81$rdmux[0][5][8]$a$2695
      New ports: A={ 1'0 $memory$auto$proc_rom.cc:155:do_switch$81$rdmux[0][6][16]$a$2815 [1:0] }, B={ $memory$auto$proc_rom.cc:155:do_switch$81$rdmux[0][6][16]$b$2816 [2] $memory$auto$proc_rom.cc:155:do_switch$81$rdmux[0][6][16]$b$2816 [0] $memory$auto$proc_rom.cc:155:do_switch$81$rdmux[0][6][16]$b$2816 [0] }, Y=$memory$auto$proc_rom.cc:155:do_switch$81$rdmux[0][5][8]$a$2695 [2:0]
      New connections: $memory$auto$proc_rom.cc:155:do_switch$81$rdmux[0][5][8]$a$2695 [3] = 1'0
    Consolidated identical input bits for $mux cell $memory$auto$proc_rom.cc:155:do_switch$81$rdmux[0][6][15]$2811:
      Old ports: A=$memory$auto$proc_rom.cc:155:do_switch$81$rdmux[0][6][15]$a$2812, B=$memory$auto$proc_rom.cc:155:do_switch$81$rdmux[0][6][15]$b$2813, Y=$memory$auto$proc_rom.cc:155:do_switch$81$rdmux[0][5][7]$b$2693
      New ports: A={ 2'01 $memory$auto$proc_rom.cc:155:do_switch$81$rdmux[0][6][15]$a$2812 [0] }, B={ 2'10 $memory$auto$proc_rom.cc:155:do_switch$81$rdmux[0][6][15]$b$2813 [0] }, Y={ $memory$auto$proc_rom.cc:155:do_switch$81$rdmux[0][5][7]$b$2693 [3] $memory$auto$proc_rom.cc:155:do_switch$81$rdmux[0][5][7]$b$2693 [1:0] }
      New connections: $memory$auto$proc_rom.cc:155:do_switch$81$rdmux[0][5][7]$b$2693 [2] = $memory$auto$proc_rom.cc:155:do_switch$81$rdmux[0][5][7]$b$2693 [1]
    Consolidated identical input bits for $mux cell $memory$auto$proc_rom.cc:155:do_switch$81$rdmux[0][6][13]$2805:
      Old ports: A=$memory$auto$proc_rom.cc:155:do_switch$81$rdmux[0][6][13]$a$2806, B=$memory$auto$proc_rom.cc:155:do_switch$81$rdmux[0][6][13]$b$2807, Y=$memory$auto$proc_rom.cc:155:do_switch$81$rdmux[0][5][6]$b$2690
      New ports: A={ 1'0 $memory$auto$proc_rom.cc:155:do_switch$81$rdmux[0][6][13]$a$2806 [0] }, B={ 1'1 $memory$auto$proc_rom.cc:155:do_switch$81$rdmux[0][6][13]$b$2807 [0] }, Y=$memory$auto$proc_rom.cc:155:do_switch$81$rdmux[0][5][6]$b$2690 [1:0]
      New connections: $memory$auto$proc_rom.cc:155:do_switch$81$rdmux[0][5][6]$b$2690 [3:2] = 2'01
    Consolidated identical input bits for $mux cell $memory$auto$proc_rom.cc:155:do_switch$81$rdmux[0][6][12]$2802:
      Old ports: A=$memory$auto$proc_rom.cc:155:do_switch$81$rdmux[0][6][12]$a$2803, B=$memory$auto$proc_rom.cc:155:do_switch$81$rdmux[0][6][12]$b$2804, Y=$memory$auto$proc_rom.cc:155:do_switch$81$rdmux[0][5][6]$a$2689
      New ports: A={ $memory$auto$proc_rom.cc:155:do_switch$81$rdmux[0][6][12]$a$2803 [2] $memory$auto$proc_rom.cc:155:do_switch$81$rdmux[0][6][12]$a$2803 [0] $memory$auto$proc_rom.cc:155:do_switch$81$rdmux[0][6][12]$a$2803 [0] }, B={ 1'1 $memory$auto$proc_rom.cc:155:do_switch$81$rdmux[0][6][12]$b$2804 [1:0] }, Y=$memory$auto$proc_rom.cc:155:do_switch$81$rdmux[0][5][6]$a$2689 [2:0]
      New connections: $memory$auto$proc_rom.cc:155:do_switch$81$rdmux[0][5][6]$a$2689 [3] = 1'0
    Consolidated identical input bits for $mux cell $memory$auto$proc_rom.cc:155:do_switch$81$rdmux[0][6][10]$2796:
      Old ports: A=$memory$auto$proc_rom.cc:155:do_switch$81$rdmux[0][6][10]$a$2797, B=$memory$auto$proc_rom.cc:155:do_switch$81$rdmux[0][6][10]$b$2798, Y=$memory$auto$proc_rom.cc:155:do_switch$81$rdmux[0][5][5]$a$2686
      New ports: A={ 1'0 $memory$auto$proc_rom.cc:155:do_switch$81$rdmux[0][6][10]$a$2797 [0] }, B={ 1'1 $memory$auto$proc_rom.cc:155:do_switch$81$rdmux[0][6][10]$b$2798 [0] }, Y=$memory$auto$proc_rom.cc:155:do_switch$81$rdmux[0][5][5]$a$2686 [1:0]
      New connections: $memory$auto$proc_rom.cc:155:do_switch$81$rdmux[0][5][5]$a$2686 [3:2] = 2'01
    Consolidated identical input bits for $mux cell $memory$auto$proc_rom.cc:155:do_switch$81$rdmux[0][6][9]$2793:
      Old ports: A=$memory$auto$proc_rom.cc:155:do_switch$81$rdmux[0][6][9]$a$2794, B=$memory$auto$proc_rom.cc:155:do_switch$81$rdmux[0][6][9]$b$2795, Y=$memory$auto$proc_rom.cc:155:do_switch$81$rdmux[0][5][4]$b$2684
      New ports: A={ $memory$auto$proc_rom.cc:155:do_switch$81$rdmux[0][6][9]$a$2794 [2] $memory$auto$proc_rom.cc:155:do_switch$81$rdmux[0][6][9]$a$2794 [0] $memory$auto$proc_rom.cc:155:do_switch$81$rdmux[0][6][9]$a$2794 [0] }, B={ 1'1 $memory$auto$proc_rom.cc:155:do_switch$81$rdmux[0][6][9]$b$2795 [1:0] }, Y=$memory$auto$proc_rom.cc:155:do_switch$81$rdmux[0][5][4]$b$2684 [2:0]
      New connections: $memory$auto$proc_rom.cc:155:do_switch$81$rdmux[0][5][4]$b$2684 [3] = 1'0
    Consolidated identical input bits for $mux cell $memory$auto$proc_rom.cc:155:do_switch$81$rdmux[0][6][8]$2790:
      Old ports: A=$memory$auto$proc_rom.cc:155:do_switch$81$rdmux[0][6][8]$a$2791, B=$memory$auto$proc_rom.cc:155:do_switch$81$rdmux[0][6][8]$b$2792, Y=$memory$auto$proc_rom.cc:155:do_switch$81$rdmux[0][5][4]$a$2683
      New ports: A={ 2'01 $memory$auto$proc_rom.cc:155:do_switch$81$rdmux[0][6][8]$a$2791 [0] }, B={ 2'10 $memory$auto$proc_rom.cc:155:do_switch$81$rdmux[0][6][8]$b$2792 [0] }, Y=$memory$auto$proc_rom.cc:155:do_switch$81$rdmux[0][5][4]$a$2683 [2:0]
      New connections: $memory$auto$proc_rom.cc:155:do_switch$81$rdmux[0][5][4]$a$2683 [3] = 1'0
    Consolidated identical input bits for $mux cell $memory$auto$proc_rom.cc:155:do_switch$81$rdmux[0][6][7]$2787:
      Old ports: A=$memory$auto$proc_rom.cc:155:do_switch$81$rdmux[0][6][7]$a$2788, B=$memory$auto$proc_rom.cc:155:do_switch$81$rdmux[0][6][7]$b$2789, Y=$memory$auto$proc_rom.cc:155:do_switch$81$rdmux[0][5][3]$b$2681
      New ports: A={ 1'0 $memory$auto$proc_rom.cc:155:do_switch$81$rdmux[0][6][7]$a$2788 [0] }, B={ 1'1 $memory$auto$proc_rom.cc:155:do_switch$81$rdmux[0][6][7]$b$2789 [0] }, Y=$memory$auto$proc_rom.cc:155:do_switch$81$rdmux[0][5][3]$b$2681 [1:0]
      New connections: $memory$auto$proc_rom.cc:155:do_switch$81$rdmux[0][5][3]$b$2681 [3:2] = 2'01
    Consolidated identical input bits for $mux cell $memory$auto$proc_rom.cc:155:do_switch$81$rdmux[0][6][6]$2784:
      Old ports: A=$memory$auto$proc_rom.cc:155:do_switch$81$rdmux[0][6][6]$a$2785, B=$memory$auto$proc_rom.cc:155:do_switch$81$rdmux[0][6][6]$b$2786, Y=$memory$auto$proc_rom.cc:155:do_switch$81$rdmux[0][5][3]$a$2680
      New ports: A={ $memory$auto$proc_rom.cc:155:do_switch$81$rdmux[0][6][6]$a$2785 [2] $memory$auto$proc_rom.cc:155:do_switch$81$rdmux[0][6][6]$a$2785 [0] $memory$auto$proc_rom.cc:155:do_switch$81$rdmux[0][6][6]$a$2785 [0] }, B={ 1'1 $memory$auto$proc_rom.cc:155:do_switch$81$rdmux[0][6][6]$b$2786 [1:0] }, Y=$memory$auto$proc_rom.cc:155:do_switch$81$rdmux[0][5][3]$a$2680 [2:0]
      New connections: $memory$auto$proc_rom.cc:155:do_switch$81$rdmux[0][5][3]$a$2680 [3] = 1'0
    Consolidated identical input bits for $mux cell $memory$auto$proc_rom.cc:155:do_switch$81$rdmux[0][6][5]$2781:
      Old ports: A=$memory$auto$proc_rom.cc:155:do_switch$81$rdmux[0][6][5]$a$2782, B=$memory$auto$proc_rom.cc:155:do_switch$81$rdmux[0][6][5]$b$2783, Y=$memory$auto$proc_rom.cc:155:do_switch$81$rdmux[0][5][2]$b$2678
      New ports: A={ 2'01 $memory$auto$proc_rom.cc:155:do_switch$81$rdmux[0][6][5]$a$2782 [0] }, B={ 2'10 $memory$auto$proc_rom.cc:155:do_switch$81$rdmux[0][6][5]$b$2783 [0] }, Y=$memory$auto$proc_rom.cc:155:do_switch$81$rdmux[0][5][2]$b$2678 [2:0]
      New connections: $memory$auto$proc_rom.cc:155:do_switch$81$rdmux[0][5][2]$b$2678 [3] = 1'0
    Consolidated identical input bits for $mux cell $memory$auto$proc_rom.cc:155:do_switch$81$rdmux[0][6][4]$2778:
      Old ports: A=$memory$auto$proc_rom.cc:155:do_switch$81$rdmux[0][6][4]$a$2779, B=$memory$auto$proc_rom.cc:155:do_switch$81$rdmux[0][6][4]$b$2780, Y=$memory$auto$proc_rom.cc:155:do_switch$81$rdmux[0][5][2]$a$2677
      New ports: A={ 1'0 $memory$auto$proc_rom.cc:155:do_switch$81$rdmux[0][6][4]$a$2779 [1:0] }, B={ $memory$auto$proc_rom.cc:155:do_switch$81$rdmux[0][6][4]$b$2780 [2] $memory$auto$proc_rom.cc:155:do_switch$81$rdmux[0][6][4]$b$2780 [0] $memory$auto$proc_rom.cc:155:do_switch$81$rdmux[0][6][4]$b$2780 [0] }, Y=$memory$auto$proc_rom.cc:155:do_switch$81$rdmux[0][5][2]$a$2677 [2:0]
      New connections: $memory$auto$proc_rom.cc:155:do_switch$81$rdmux[0][5][2]$a$2677 [3] = 1'0
    Consolidated identical input bits for $mux cell $memory$auto$proc_rom.cc:155:do_switch$81$rdmux[0][6][3]$2775:
      Old ports: A=$memory$auto$proc_rom.cc:155:do_switch$81$rdmux[0][6][3]$a$2776, B=$memory$auto$proc_rom.cc:155:do_switch$81$rdmux[0][6][3]$b$2777, Y=$memory$auto$proc_rom.cc:155:do_switch$81$rdmux[0][5][1]$b$2675
      New ports: A={ $memory$auto$proc_rom.cc:155:do_switch$81$rdmux[0][6][3]$a$2776 [2] $memory$auto$proc_rom.cc:155:do_switch$81$rdmux[0][6][3]$a$2776 [0] $memory$auto$proc_rom.cc:155:do_switch$81$rdmux[0][6][3]$a$2776 [0] }, B={ 1'1 $memory$auto$proc_rom.cc:155:do_switch$81$rdmux[0][6][3]$b$2777 [1:0] }, Y=$memory$auto$proc_rom.cc:155:do_switch$81$rdmux[0][5][1]$b$2675 [2:0]
      New connections: $memory$auto$proc_rom.cc:155:do_switch$81$rdmux[0][5][1]$b$2675 [3] = 1'0
    Consolidated identical input bits for $mux cell $memory$auto$proc_rom.cc:155:do_switch$81$rdmux[0][6][2]$2772:
      Old ports: A=$memory$auto$proc_rom.cc:155:do_switch$81$rdmux[0][6][2]$a$2773, B=$memory$auto$proc_rom.cc:155:do_switch$81$rdmux[0][6][2]$b$2774, Y=$memory$auto$proc_rom.cc:155:do_switch$81$rdmux[0][5][1]$a$2674
      New ports: A={ 2'01 $memory$auto$proc_rom.cc:155:do_switch$81$rdmux[0][6][2]$a$2773 [0] }, B={ 2'10 $memory$auto$proc_rom.cc:155:do_switch$81$rdmux[0][6][2]$b$2774 [0] }, Y=$memory$auto$proc_rom.cc:155:do_switch$81$rdmux[0][5][1]$a$2674 [2:0]
      New connections: $memory$auto$proc_rom.cc:155:do_switch$81$rdmux[0][5][1]$a$2674 [3] = 1'0
    Consolidated identical input bits for $mux cell $memory$auto$proc_rom.cc:155:do_switch$81$rdmux[0][6][1]$2769:
      Old ports: A=$memory$auto$proc_rom.cc:155:do_switch$81$rdmux[0][6][1]$a$2770, B=$memory$auto$proc_rom.cc:155:do_switch$81$rdmux[0][6][1]$b$2771, Y=$memory$auto$proc_rom.cc:155:do_switch$81$rdmux[0][5][0]$b$2672
      New ports: A={ 1'0 $memory$auto$proc_rom.cc:155:do_switch$81$rdmux[0][6][1]$a$2770 [1:0] }, B={ $memory$auto$proc_rom.cc:155:do_switch$81$rdmux[0][6][1]$b$2771 [2] $memory$auto$proc_rom.cc:155:do_switch$81$rdmux[0][6][1]$b$2771 [0] $memory$auto$proc_rom.cc:155:do_switch$81$rdmux[0][6][1]$b$2771 [0] }, Y=$memory$auto$proc_rom.cc:155:do_switch$81$rdmux[0][5][0]$b$2672 [2:0]
      New connections: $memory$auto$proc_rom.cc:155:do_switch$81$rdmux[0][5][0]$b$2672 [3] = 1'0
    Consolidated identical input bits for $mux cell $memory$auto$proc_rom.cc:155:do_switch$81$rdmux[0][6][0]$2766:
      Old ports: A=$memory$auto$proc_rom.cc:155:do_switch$81$rdmux[0][6][0]$a$2767, B=$memory$auto$proc_rom.cc:155:do_switch$81$rdmux[0][6][0]$b$2768, Y=$memory$auto$proc_rom.cc:155:do_switch$81$rdmux[0][5][0]$a$2671
      New ports: A={ 1'0 $memory$auto$proc_rom.cc:155:do_switch$81$rdmux[0][6][0]$a$2767 [0] }, B={ 1'1 $memory$auto$proc_rom.cc:155:do_switch$81$rdmux[0][6][0]$b$2768 [0] }, Y=$memory$auto$proc_rom.cc:155:do_switch$81$rdmux[0][5][0]$a$2671 [1:0]
      New connections: $memory$auto$proc_rom.cc:155:do_switch$81$rdmux[0][5][0]$a$2671 [3:2] = 2'00
    Consolidated identical input bits for $mux cell $memory$auto$proc_rom.cc:155:do_switch$85$rdmux[0][6][63]$2190:
      Old ports: A=$memory$auto$proc_rom.cc:155:do_switch$85$rdmux[0][6][63]$a$2191, B=$memory$auto$proc_rom.cc:155:do_switch$85$rdmux[0][6][63]$b$2192, Y=$memory$auto$proc_rom.cc:155:do_switch$85$rdmux[0][5][31]$b$2000
      New ports: A={ 1'0 $memory$auto$proc_rom.cc:155:do_switch$85$rdmux[0][6][63]$a$2191 [1:0] }, B={ $memory$auto$proc_rom.cc:155:do_switch$85$rdmux[0][6][63]$b$2192 [2] $memory$auto$proc_rom.cc:155:do_switch$85$rdmux[0][6][63]$b$2192 [0] $memory$auto$proc_rom.cc:155:do_switch$85$rdmux[0][6][63]$b$2192 [0] }, Y=$memory$auto$proc_rom.cc:155:do_switch$85$rdmux[0][5][31]$b$2000 [2:0]
      New connections: $memory$auto$proc_rom.cc:155:do_switch$85$rdmux[0][5][31]$b$2000 [3] = 1'1
    Consolidated identical input bits for $mux cell $memory$auto$proc_rom.cc:155:do_switch$85$rdmux[0][6][62]$2187:
      Old ports: A=$memory$auto$proc_rom.cc:155:do_switch$85$rdmux[0][6][62]$a$2188, B=$memory$auto$proc_rom.cc:155:do_switch$85$rdmux[0][6][62]$b$2189, Y=$memory$auto$proc_rom.cc:155:do_switch$85$rdmux[0][5][31]$a$1999
      New ports: A={ 1'0 $memory$auto$proc_rom.cc:155:do_switch$85$rdmux[0][6][62]$a$2188 [0] }, B={ 1'1 $memory$auto$proc_rom.cc:155:do_switch$85$rdmux[0][6][62]$b$2189 [0] }, Y=$memory$auto$proc_rom.cc:155:do_switch$85$rdmux[0][5][31]$a$1999 [1:0]
      New connections: $memory$auto$proc_rom.cc:155:do_switch$85$rdmux[0][5][31]$a$1999 [3:2] = 2'10
    Consolidated identical input bits for $mux cell $memory$auto$proc_rom.cc:155:do_switch$85$rdmux[0][6][60]$2181:
      Old ports: A=$memory$auto$proc_rom.cc:155:do_switch$85$rdmux[0][6][60]$a$2182, B=$memory$auto$proc_rom.cc:155:do_switch$85$rdmux[0][6][60]$b$2183, Y=$memory$auto$proc_rom.cc:155:do_switch$85$rdmux[0][5][30]$a$1996
      New ports: A={ 2'01 $memory$auto$proc_rom.cc:155:do_switch$85$rdmux[0][6][60]$a$2182 [0] }, B={ 2'10 $memory$auto$proc_rom.cc:155:do_switch$85$rdmux[0][6][60]$b$2183 [0] }, Y={ $memory$auto$proc_rom.cc:155:do_switch$85$rdmux[0][5][30]$a$1996 [3] $memory$auto$proc_rom.cc:155:do_switch$85$rdmux[0][5][30]$a$1996 [1:0] }
      New connections: $memory$auto$proc_rom.cc:155:do_switch$85$rdmux[0][5][30]$a$1996 [2] = $memory$auto$proc_rom.cc:155:do_switch$85$rdmux[0][5][30]$a$1996 [1]
    Consolidated identical input bits for $mux cell $memory$auto$proc_rom.cc:155:do_switch$85$rdmux[0][6][59]$2178:
      Old ports: A=$memory$auto$proc_rom.cc:155:do_switch$85$rdmux[0][6][59]$a$2179, B=$memory$auto$proc_rom.cc:155:do_switch$85$rdmux[0][6][59]$b$2180, Y=$memory$auto$proc_rom.cc:155:do_switch$85$rdmux[0][5][29]$b$1994
      New ports: A={ 1'0 $memory$auto$proc_rom.cc:155:do_switch$85$rdmux[0][6][59]$a$2179 [0] }, B={ 1'1 $memory$auto$proc_rom.cc:155:do_switch$85$rdmux[0][6][59]$b$2180 [0] }, Y=$memory$auto$proc_rom.cc:155:do_switch$85$rdmux[0][5][29]$b$1994 [1:0]
      New connections: $memory$auto$proc_rom.cc:155:do_switch$85$rdmux[0][5][29]$b$1994 [3:2] = 2'10
    Consolidated identical input bits for $mux cell $memory$auto$proc_rom.cc:155:do_switch$85$rdmux[0][6][57]$2172:
      Old ports: A=$memory$auto$proc_rom.cc:155:do_switch$85$rdmux[0][6][57]$a$2173, B=$memory$auto$proc_rom.cc:155:do_switch$85$rdmux[0][6][57]$b$2174, Y=$memory$auto$proc_rom.cc:155:do_switch$85$rdmux[0][5][28]$b$1991
      New ports: A={ 2'01 $memory$auto$proc_rom.cc:155:do_switch$85$rdmux[0][6][57]$a$2173 [0] }, B={ 2'10 $memory$auto$proc_rom.cc:155:do_switch$85$rdmux[0][6][57]$b$2174 [0] }, Y={ $memory$auto$proc_rom.cc:155:do_switch$85$rdmux[0][5][28]$b$1991 [3] $memory$auto$proc_rom.cc:155:do_switch$85$rdmux[0][5][28]$b$1991 [1:0] }
      New connections: $memory$auto$proc_rom.cc:155:do_switch$85$rdmux[0][5][28]$b$1991 [2] = $memory$auto$proc_rom.cc:155:do_switch$85$rdmux[0][5][28]$b$1991 [1]
    Consolidated identical input bits for $mux cell $memory$auto$proc_rom.cc:155:do_switch$85$rdmux[0][6][54]$2163:
      Old ports: A=$memory$auto$proc_rom.cc:155:do_switch$85$rdmux[0][6][54]$a$2164, B=$memory$auto$proc_rom.cc:155:do_switch$85$rdmux[0][6][54]$b$2165, Y=$memory$auto$proc_rom.cc:155:do_switch$85$rdmux[0][5][27]$a$1987
      New ports: A={ 2'01 $memory$auto$proc_rom.cc:155:do_switch$85$rdmux[0][6][54]$a$2164 [0] }, B={ 2'10 $memory$auto$proc_rom.cc:155:do_switch$85$rdmux[0][6][54]$b$2165 [0] }, Y={ $memory$auto$proc_rom.cc:155:do_switch$85$rdmux[0][5][27]$a$1987 [3] $memory$auto$proc_rom.cc:155:do_switch$85$rdmux[0][5][27]$a$1987 [1:0] }
      New connections: $memory$auto$proc_rom.cc:155:do_switch$85$rdmux[0][5][27]$a$1987 [2] = $memory$auto$proc_rom.cc:155:do_switch$85$rdmux[0][5][27]$a$1987 [1]
    Consolidated identical input bits for $mux cell $memory$auto$proc_rom.cc:155:do_switch$85$rdmux[0][6][52]$2157:
      Old ports: A=$memory$auto$proc_rom.cc:155:do_switch$85$rdmux[0][6][52]$a$2158, B=$memory$auto$proc_rom.cc:155:do_switch$85$rdmux[0][6][52]$b$2159, Y=$memory$auto$proc_rom.cc:155:do_switch$85$rdmux[0][5][26]$a$1984
      New ports: A={ 1'0 $memory$auto$proc_rom.cc:155:do_switch$85$rdmux[0][6][52]$a$2158 [0] }, B={ 1'1 $memory$auto$proc_rom.cc:155:do_switch$85$rdmux[0][6][52]$b$2159 [0] }, Y=$memory$auto$proc_rom.cc:155:do_switch$85$rdmux[0][5][26]$a$1984 [1:0]
      New connections: $memory$auto$proc_rom.cc:155:do_switch$85$rdmux[0][5][26]$a$1984 [3:2] = 2'01
    Consolidated identical input bits for $mux cell $memory$auto$proc_rom.cc:155:do_switch$85$rdmux[0][6][51]$2154:
      Old ports: A=$memory$auto$proc_rom.cc:155:do_switch$85$rdmux[0][6][51]$a$2155, B=$memory$auto$proc_rom.cc:155:do_switch$85$rdmux[0][6][51]$b$2156, Y=$memory$auto$proc_rom.cc:155:do_switch$85$rdmux[0][5][25]$b$1982
      New ports: A={ 2'01 $memory$auto$proc_rom.cc:155:do_switch$85$rdmux[0][6][51]$a$2155 [0] }, B={ 2'10 $memory$auto$proc_rom.cc:155:do_switch$85$rdmux[0][6][51]$b$2156 [0] }, Y={ $memory$auto$proc_rom.cc:155:do_switch$85$rdmux[0][5][25]$b$1982 [3] $memory$auto$proc_rom.cc:155:do_switch$85$rdmux[0][5][25]$b$1982 [1:0] }
      New connections: $memory$auto$proc_rom.cc:155:do_switch$85$rdmux[0][5][25]$b$1982 [2] = $memory$auto$proc_rom.cc:155:do_switch$85$rdmux[0][5][25]$b$1982 [1]
    Consolidated identical input bits for $mux cell $memory$auto$proc_rom.cc:155:do_switch$85$rdmux[0][6][49]$2148:
      Old ports: A=$memory$auto$proc_rom.cc:155:do_switch$85$rdmux[0][6][49]$a$2149, B=$memory$auto$proc_rom.cc:155:do_switch$85$rdmux[0][6][49]$b$2150, Y=$memory$auto$proc_rom.cc:155:do_switch$85$rdmux[0][5][24]$b$1979
      New ports: A={ 1'0 $memory$auto$proc_rom.cc:155:do_switch$85$rdmux[0][6][49]$a$2149 [0] }, B={ 1'1 $memory$auto$proc_rom.cc:155:do_switch$85$rdmux[0][6][49]$b$2150 [0] }, Y=$memory$auto$proc_rom.cc:155:do_switch$85$rdmux[0][5][24]$b$1979 [1:0]
      New connections: $memory$auto$proc_rom.cc:155:do_switch$85$rdmux[0][5][24]$b$1979 [3:2] = 2'01
    Consolidated identical input bits for $mux cell $memory$auto$proc_rom.cc:155:do_switch$85$rdmux[0][6][48]$2145:
      Old ports: A=$memory$auto$proc_rom.cc:155:do_switch$85$rdmux[0][6][48]$a$2146, B=$memory$auto$proc_rom.cc:155:do_switch$85$rdmux[0][6][48]$b$2147, Y=$memory$auto$proc_rom.cc:155:do_switch$85$rdmux[0][5][24]$a$1978
      New ports: A={ $memory$auto$proc_rom.cc:155:do_switch$85$rdmux[0][6][48]$a$2146 [2] $memory$auto$proc_rom.cc:155:do_switch$85$rdmux[0][6][48]$a$2146 [0] $memory$auto$proc_rom.cc:155:do_switch$85$rdmux[0][6][48]$a$2146 [0] }, B={ 1'1 $memory$auto$proc_rom.cc:155:do_switch$85$rdmux[0][6][48]$b$2147 [1:0] }, Y=$memory$auto$proc_rom.cc:155:do_switch$85$rdmux[0][5][24]$a$1978 [2:0]
      New connections: $memory$auto$proc_rom.cc:155:do_switch$85$rdmux[0][5][24]$a$1978 [3] = 1'0
    Consolidated identical input bits for $mux cell $memory$auto$proc_rom.cc:155:do_switch$85$rdmux[0][6][47]$2142:
      Old ports: A=$memory$auto$proc_rom.cc:155:do_switch$85$rdmux[0][6][47]$a$2143, B=$memory$auto$proc_rom.cc:155:do_switch$85$rdmux[0][6][47]$b$2144, Y=$memory$auto$proc_rom.cc:155:do_switch$85$rdmux[0][5][23]$b$1976
      New ports: A={ 1'0 $memory$auto$proc_rom.cc:155:do_switch$85$rdmux[0][6][47]$a$2143 [0] }, B={ 1'1 $memory$auto$proc_rom.cc:155:do_switch$85$rdmux[0][6][47]$b$2144 [0] }, Y=$memory$auto$proc_rom.cc:155:do_switch$85$rdmux[0][5][23]$b$1976 [1:0]
      New connections: $memory$auto$proc_rom.cc:155:do_switch$85$rdmux[0][5][23]$b$1976 [3:2] = 2'10
    Consolidated identical input bits for $mux cell $memory$auto$proc_rom.cc:155:do_switch$85$rdmux[0][6][45]$2136:
      Old ports: A=$memory$auto$proc_rom.cc:155:do_switch$85$rdmux[0][6][45]$a$2137, B=$memory$auto$proc_rom.cc:155:do_switch$85$rdmux[0][6][45]$b$2138, Y=$memory$auto$proc_rom.cc:155:do_switch$85$rdmux[0][5][22]$b$1973
      New ports: A={ 2'01 $memory$auto$proc_rom.cc:155:do_switch$85$rdmux[0][6][45]$a$2137 [0] }, B={ 2'10 $memory$auto$proc_rom.cc:155:do_switch$85$rdmux[0][6][45]$b$2138 [0] }, Y={ $memory$auto$proc_rom.cc:155:do_switch$85$rdmux[0][5][22]$b$1973 [3] $memory$auto$proc_rom.cc:155:do_switch$85$rdmux[0][5][22]$b$1973 [1:0] }
      New connections: $memory$auto$proc_rom.cc:155:do_switch$85$rdmux[0][5][22]$b$1973 [2] = $memory$auto$proc_rom.cc:155:do_switch$85$rdmux[0][5][22]$b$1973 [1]
    Consolidated identical input bits for $mux cell $memory$auto$proc_rom.cc:155:do_switch$85$rdmux[0][6][42]$2127:
      Old ports: A=$memory$auto$proc_rom.cc:155:do_switch$85$rdmux[0][6][42]$a$2128, B=$memory$auto$proc_rom.cc:155:do_switch$85$rdmux[0][6][42]$b$2129, Y=$memory$auto$proc_rom.cc:155:do_switch$85$rdmux[0][5][21]$a$1969
      New ports: A={ 2'01 $memory$auto$proc_rom.cc:155:do_switch$85$rdmux[0][6][42]$a$2128 [0] }, B={ 2'10 $memory$auto$proc_rom.cc:155:do_switch$85$rdmux[0][6][42]$b$2129 [0] }, Y={ $memory$auto$proc_rom.cc:155:do_switch$85$rdmux[0][5][21]$a$1969 [3] $memory$auto$proc_rom.cc:155:do_switch$85$rdmux[0][5][21]$a$1969 [1:0] }
      New connections: $memory$auto$proc_rom.cc:155:do_switch$85$rdmux[0][5][21]$a$1969 [2] = $memory$auto$proc_rom.cc:155:do_switch$85$rdmux[0][5][21]$a$1969 [1]
    Consolidated identical input bits for $mux cell $memory$auto$proc_rom.cc:155:do_switch$85$rdmux[0][6][40]$2121:
      Old ports: A=$memory$auto$proc_rom.cc:155:do_switch$85$rdmux[0][6][40]$a$2122, B=$memory$auto$proc_rom.cc:155:do_switch$85$rdmux[0][6][40]$b$2123, Y=$memory$auto$proc_rom.cc:155:do_switch$85$rdmux[0][5][20]$a$1966
      New ports: A={ 1'0 $memory$auto$proc_rom.cc:155:do_switch$85$rdmux[0][6][40]$a$2122 [0] }, B={ 1'1 $memory$auto$proc_rom.cc:155:do_switch$85$rdmux[0][6][40]$b$2123 [0] }, Y=$memory$auto$proc_rom.cc:155:do_switch$85$rdmux[0][5][20]$a$1966 [1:0]
      New connections: $memory$auto$proc_rom.cc:155:do_switch$85$rdmux[0][5][20]$a$1966 [3:2] = 2'01
    Consolidated identical input bits for $mux cell $memory$auto$proc_rom.cc:155:do_switch$85$rdmux[0][6][39]$2118:
      Old ports: A=$memory$auto$proc_rom.cc:155:do_switch$85$rdmux[0][6][39]$a$2119, B=$memory$auto$proc_rom.cc:155:do_switch$85$rdmux[0][6][39]$b$2120, Y=$memory$auto$proc_rom.cc:155:do_switch$85$rdmux[0][5][19]$b$1964
      New ports: A={ 2'01 $memory$auto$proc_rom.cc:155:do_switch$85$rdmux[0][6][39]$a$2119 [0] }, B={ 2'10 $memory$auto$proc_rom.cc:155:do_switch$85$rdmux[0][6][39]$b$2120 [0] }, Y={ $memory$auto$proc_rom.cc:155:do_switch$85$rdmux[0][5][19]$b$1964 [3] $memory$auto$proc_rom.cc:155:do_switch$85$rdmux[0][5][19]$b$1964 [1:0] }
      New connections: $memory$auto$proc_rom.cc:155:do_switch$85$rdmux[0][5][19]$b$1964 [2] = $memory$auto$proc_rom.cc:155:do_switch$85$rdmux[0][5][19]$b$1964 [1]
    Consolidated identical input bits for $mux cell $memory$auto$proc_rom.cc:155:do_switch$85$rdmux[0][6][37]$2112:
      Old ports: A=$memory$auto$proc_rom.cc:155:do_switch$85$rdmux[0][6][37]$a$2113, B=$memory$auto$proc_rom.cc:155:do_switch$85$rdmux[0][6][37]$b$2114, Y=$memory$auto$proc_rom.cc:155:do_switch$85$rdmux[0][5][18]$b$1961
      New ports: A={ 1'0 $memory$auto$proc_rom.cc:155:do_switch$85$rdmux[0][6][37]$a$2113 [0] }, B={ 1'1 $memory$auto$proc_rom.cc:155:do_switch$85$rdmux[0][6][37]$b$2114 [0] }, Y=$memory$auto$proc_rom.cc:155:do_switch$85$rdmux[0][5][18]$b$1961 [1:0]
      New connections: $memory$auto$proc_rom.cc:155:do_switch$85$rdmux[0][5][18]$b$1961 [3:2] = 2'01
    Consolidated identical input bits for $mux cell $memory$auto$proc_rom.cc:155:do_switch$85$rdmux[0][6][36]$2109:
      Old ports: A=$memory$auto$proc_rom.cc:155:do_switch$85$rdmux[0][6][36]$a$2110, B=$memory$auto$proc_rom.cc:155:do_switch$85$rdmux[0][6][36]$b$2111, Y=$memory$auto$proc_rom.cc:155:do_switch$85$rdmux[0][5][18]$a$1960
      New ports: A={ $memory$auto$proc_rom.cc:155:do_switch$85$rdmux[0][6][36]$a$2110 [2] $memory$auto$proc_rom.cc:155:do_switch$85$rdmux[0][6][36]$a$2110 [0] $memory$auto$proc_rom.cc:155:do_switch$85$rdmux[0][6][36]$a$2110 [0] }, B={ 1'1 $memory$auto$proc_rom.cc:155:do_switch$85$rdmux[0][6][36]$b$2111 [1:0] }, Y=$memory$auto$proc_rom.cc:155:do_switch$85$rdmux[0][5][18]$a$1960 [2:0]
      New connections: $memory$auto$proc_rom.cc:155:do_switch$85$rdmux[0][5][18]$a$1960 [3] = 1'0
    Consolidated identical input bits for $mux cell $memory$auto$proc_rom.cc:155:do_switch$85$rdmux[0][6][34]$2103:
      Old ports: A=$memory$auto$proc_rom.cc:155:do_switch$85$rdmux[0][6][34]$a$2104, B=$memory$auto$proc_rom.cc:155:do_switch$85$rdmux[0][6][34]$b$2105, Y=$memory$auto$proc_rom.cc:155:do_switch$85$rdmux[0][5][17]$a$1957
      New ports: A={ 1'0 $memory$auto$proc_rom.cc:155:do_switch$85$rdmux[0][6][34]$a$2104 [0] }, B={ 1'1 $memory$auto$proc_rom.cc:155:do_switch$85$rdmux[0][6][34]$b$2105 [0] }, Y=$memory$auto$proc_rom.cc:155:do_switch$85$rdmux[0][5][17]$a$1957 [1:0]
      New connections: $memory$auto$proc_rom.cc:155:do_switch$85$rdmux[0][5][17]$a$1957 [3:2] = 2'01
    Consolidated identical input bits for $mux cell $memory$auto$proc_rom.cc:155:do_switch$85$rdmux[0][6][33]$2100:
      Old ports: A=$memory$auto$proc_rom.cc:155:do_switch$85$rdmux[0][6][33]$a$2101, B=$memory$auto$proc_rom.cc:155:do_switch$85$rdmux[0][6][33]$b$2102, Y=$memory$auto$proc_rom.cc:155:do_switch$85$rdmux[0][5][16]$b$1955
      New ports: A={ $memory$auto$proc_rom.cc:155:do_switch$85$rdmux[0][6][33]$a$2101 [2] $memory$auto$proc_rom.cc:155:do_switch$85$rdmux[0][6][33]$a$2101 [0] $memory$auto$proc_rom.cc:155:do_switch$85$rdmux[0][6][33]$a$2101 [0] }, B={ 1'1 $memory$auto$proc_rom.cc:155:do_switch$85$rdmux[0][6][33]$b$2102 [1:0] }, Y=$memory$auto$proc_rom.cc:155:do_switch$85$rdmux[0][5][16]$b$1955 [2:0]
      New connections: $memory$auto$proc_rom.cc:155:do_switch$85$rdmux[0][5][16]$b$1955 [3] = 1'0
    Consolidated identical input bits for $mux cell $memory$auto$proc_rom.cc:155:do_switch$85$rdmux[0][6][32]$2097:
      Old ports: A=$memory$auto$proc_rom.cc:155:do_switch$85$rdmux[0][6][32]$a$2098, B=$memory$auto$proc_rom.cc:155:do_switch$85$rdmux[0][6][32]$b$2099, Y=$memory$auto$proc_rom.cc:155:do_switch$85$rdmux[0][5][16]$a$1954
      New ports: A={ 2'01 $memory$auto$proc_rom.cc:155:do_switch$85$rdmux[0][6][32]$a$2098 [0] }, B={ 2'10 $memory$auto$proc_rom.cc:155:do_switch$85$rdmux[0][6][32]$b$2099 [0] }, Y=$memory$auto$proc_rom.cc:155:do_switch$85$rdmux[0][5][16]$a$1954 [2:0]
      New connections: $memory$auto$proc_rom.cc:155:do_switch$85$rdmux[0][5][16]$a$1954 [3] = 1'0
    Consolidated identical input bits for $mux cell $memory$auto$proc_rom.cc:155:do_switch$85$rdmux[0][6][30]$2091:
      Old ports: A=$memory$auto$proc_rom.cc:155:do_switch$85$rdmux[0][6][30]$a$2092, B=$memory$auto$proc_rom.cc:155:do_switch$85$rdmux[0][6][30]$b$2093, Y=$memory$auto$proc_rom.cc:155:do_switch$85$rdmux[0][5][15]$a$1951
      New ports: A={ 2'01 $memory$auto$proc_rom.cc:155:do_switch$85$rdmux[0][6][30]$a$2092 [0] }, B={ 2'10 $memory$auto$proc_rom.cc:155:do_switch$85$rdmux[0][6][30]$b$2093 [0] }, Y={ $memory$auto$proc_rom.cc:155:do_switch$85$rdmux[0][5][15]$a$1951 [3] $memory$auto$proc_rom.cc:155:do_switch$85$rdmux[0][5][15]$a$1951 [1:0] }
      New connections: $memory$auto$proc_rom.cc:155:do_switch$85$rdmux[0][5][15]$a$1951 [2] = $memory$auto$proc_rom.cc:155:do_switch$85$rdmux[0][5][15]$a$1951 [1]
    Consolidated identical input bits for $mux cell $memory$auto$proc_rom.cc:155:do_switch$85$rdmux[0][6][28]$2085:
      Old ports: A=$memory$auto$proc_rom.cc:155:do_switch$85$rdmux[0][6][28]$a$2086, B=$memory$auto$proc_rom.cc:155:do_switch$85$rdmux[0][6][28]$b$2087, Y=$memory$auto$proc_rom.cc:155:do_switch$85$rdmux[0][5][14]$a$1948
      New ports: A={ 1'0 $memory$auto$proc_rom.cc:155:do_switch$85$rdmux[0][6][28]$a$2086 [0] }, B={ 1'1 $memory$auto$proc_rom.cc:155:do_switch$85$rdmux[0][6][28]$b$2087 [0] }, Y=$memory$auto$proc_rom.cc:155:do_switch$85$rdmux[0][5][14]$a$1948 [1:0]
      New connections: $memory$auto$proc_rom.cc:155:do_switch$85$rdmux[0][5][14]$a$1948 [3:2] = 2'01
    Consolidated identical input bits for $mux cell $memory$auto$proc_rom.cc:155:do_switch$85$rdmux[0][6][27]$2082:
      Old ports: A=$memory$auto$proc_rom.cc:155:do_switch$85$rdmux[0][6][27]$a$2083, B=$memory$auto$proc_rom.cc:155:do_switch$85$rdmux[0][6][27]$b$2084, Y=$memory$auto$proc_rom.cc:155:do_switch$85$rdmux[0][5][13]$b$1946
      New ports: A={ 2'01 $memory$auto$proc_rom.cc:155:do_switch$85$rdmux[0][6][27]$a$2083 [0] }, B={ 2'10 $memory$auto$proc_rom.cc:155:do_switch$85$rdmux[0][6][27]$b$2084 [0] }, Y={ $memory$auto$proc_rom.cc:155:do_switch$85$rdmux[0][5][13]$b$1946 [3] $memory$auto$proc_rom.cc:155:do_switch$85$rdmux[0][5][13]$b$1946 [1:0] }
      New connections: $memory$auto$proc_rom.cc:155:do_switch$85$rdmux[0][5][13]$b$1946 [2] = $memory$auto$proc_rom.cc:155:do_switch$85$rdmux[0][5][13]$b$1946 [1]
    Consolidated identical input bits for $mux cell $memory$auto$proc_rom.cc:155:do_switch$85$rdmux[0][6][25]$2076:
      Old ports: A=$memory$auto$proc_rom.cc:155:do_switch$85$rdmux[0][6][25]$a$2077, B=$memory$auto$proc_rom.cc:155:do_switch$85$rdmux[0][6][25]$b$2078, Y=$memory$auto$proc_rom.cc:155:do_switch$85$rdmux[0][5][12]$b$1943
      New ports: A={ 1'0 $memory$auto$proc_rom.cc:155:do_switch$85$rdmux[0][6][25]$a$2077 [0] }, B={ 1'1 $memory$auto$proc_rom.cc:155:do_switch$85$rdmux[0][6][25]$b$2078 [0] }, Y=$memory$auto$proc_rom.cc:155:do_switch$85$rdmux[0][5][12]$b$1943 [1:0]
      New connections: $memory$auto$proc_rom.cc:155:do_switch$85$rdmux[0][5][12]$b$1943 [3:2] = 2'01
    Consolidated identical input bits for $mux cell $memory$auto$proc_rom.cc:155:do_switch$85$rdmux[0][6][24]$2073:
      Old ports: A=$memory$auto$proc_rom.cc:155:do_switch$85$rdmux[0][6][24]$a$2074, B=$memory$auto$proc_rom.cc:155:do_switch$85$rdmux[0][6][24]$b$2075, Y=$memory$auto$proc_rom.cc:155:do_switch$85$rdmux[0][5][12]$a$1942
      New ports: A={ $memory$auto$proc_rom.cc:155:do_switch$85$rdmux[0][6][24]$a$2074 [2] $memory$auto$proc_rom.cc:155:do_switch$85$rdmux[0][6][24]$a$2074 [0] $memory$auto$proc_rom.cc:155:do_switch$85$rdmux[0][6][24]$a$2074 [0] }, B={ 1'1 $memory$auto$proc_rom.cc:155:do_switch$85$rdmux[0][6][24]$b$2075 [1:0] }, Y=$memory$auto$proc_rom.cc:155:do_switch$85$rdmux[0][5][12]$a$1942 [2:0]
      New connections: $memory$auto$proc_rom.cc:155:do_switch$85$rdmux[0][5][12]$a$1942 [3] = 1'0
    Consolidated identical input bits for $mux cell $memory$auto$proc_rom.cc:155:do_switch$85$rdmux[0][6][22]$2067:
      Old ports: A=$memory$auto$proc_rom.cc:155:do_switch$85$rdmux[0][6][22]$a$2068, B=$memory$auto$proc_rom.cc:155:do_switch$85$rdmux[0][6][22]$b$2069, Y=$memory$auto$proc_rom.cc:155:do_switch$85$rdmux[0][5][11]$a$1939
      New ports: A={ 1'0 $memory$auto$proc_rom.cc:155:do_switch$85$rdmux[0][6][22]$a$2068 [0] }, B={ 1'1 $memory$auto$proc_rom.cc:155:do_switch$85$rdmux[0][6][22]$b$2069 [0] }, Y=$memory$auto$proc_rom.cc:155:do_switch$85$rdmux[0][5][11]$a$1939 [1:0]
      New connections: $memory$auto$proc_rom.cc:155:do_switch$85$rdmux[0][5][11]$a$1939 [3:2] = 2'01
    Consolidated identical input bits for $mux cell $memory$auto$proc_rom.cc:155:do_switch$85$rdmux[0][6][21]$2064:
      Old ports: A=$memory$auto$proc_rom.cc:155:do_switch$85$rdmux[0][6][21]$a$2065, B=$memory$auto$proc_rom.cc:155:do_switch$85$rdmux[0][6][21]$b$2066, Y=$memory$auto$proc_rom.cc:155:do_switch$85$rdmux[0][5][10]$b$1937
      New ports: A={ $memory$auto$proc_rom.cc:155:do_switch$85$rdmux[0][6][21]$a$2065 [2] $memory$auto$proc_rom.cc:155:do_switch$85$rdmux[0][6][21]$a$2065 [0] $memory$auto$proc_rom.cc:155:do_switch$85$rdmux[0][6][21]$a$2065 [0] }, B={ 1'1 $memory$auto$proc_rom.cc:155:do_switch$85$rdmux[0][6][21]$b$2066 [1:0] }, Y=$memory$auto$proc_rom.cc:155:do_switch$85$rdmux[0][5][10]$b$1937 [2:0]
      New connections: $memory$auto$proc_rom.cc:155:do_switch$85$rdmux[0][5][10]$b$1937 [3] = 1'0
    Consolidated identical input bits for $mux cell $memory$auto$proc_rom.cc:155:do_switch$85$rdmux[0][6][20]$2061:
      Old ports: A=$memory$auto$proc_rom.cc:155:do_switch$85$rdmux[0][6][20]$a$2062, B=$memory$auto$proc_rom.cc:155:do_switch$85$rdmux[0][6][20]$b$2063, Y=$memory$auto$proc_rom.cc:155:do_switch$85$rdmux[0][5][10]$a$1936
      New ports: A={ 2'01 $memory$auto$proc_rom.cc:155:do_switch$85$rdmux[0][6][20]$a$2062 [0] }, B={ 2'10 $memory$auto$proc_rom.cc:155:do_switch$85$rdmux[0][6][20]$b$2063 [0] }, Y=$memory$auto$proc_rom.cc:155:do_switch$85$rdmux[0][5][10]$a$1936 [2:0]
      New connections: $memory$auto$proc_rom.cc:155:do_switch$85$rdmux[0][5][10]$a$1936 [3] = 1'0
    Consolidated identical input bits for $mux cell $memory$auto$proc_rom.cc:155:do_switch$85$rdmux[0][6][19]$2058:
      Old ports: A=$memory$auto$proc_rom.cc:155:do_switch$85$rdmux[0][6][19]$a$2059, B=$memory$auto$proc_rom.cc:155:do_switch$85$rdmux[0][6][19]$b$2060, Y=$memory$auto$proc_rom.cc:155:do_switch$85$rdmux[0][5][9]$b$1934
      New ports: A={ 1'0 $memory$auto$proc_rom.cc:155:do_switch$85$rdmux[0][6][19]$a$2059 [0] }, B={ 1'1 $memory$auto$proc_rom.cc:155:do_switch$85$rdmux[0][6][19]$b$2060 [0] }, Y=$memory$auto$proc_rom.cc:155:do_switch$85$rdmux[0][5][9]$b$1934 [1:0]
      New connections: $memory$auto$proc_rom.cc:155:do_switch$85$rdmux[0][5][9]$b$1934 [3:2] = 2'01
    Consolidated identical input bits for $mux cell $memory$auto$proc_rom.cc:155:do_switch$85$rdmux[0][6][18]$2055:
      Old ports: A=$memory$auto$proc_rom.cc:155:do_switch$85$rdmux[0][6][18]$a$2056, B=$memory$auto$proc_rom.cc:155:do_switch$85$rdmux[0][6][18]$b$2057, Y=$memory$auto$proc_rom.cc:155:do_switch$85$rdmux[0][5][9]$a$1933
      New ports: A={ $memory$auto$proc_rom.cc:155:do_switch$85$rdmux[0][6][18]$a$2056 [2] $memory$auto$proc_rom.cc:155:do_switch$85$rdmux[0][6][18]$a$2056 [0] $memory$auto$proc_rom.cc:155:do_switch$85$rdmux[0][6][18]$a$2056 [0] }, B={ 1'1 $memory$auto$proc_rom.cc:155:do_switch$85$rdmux[0][6][18]$b$2057 [1:0] }, Y=$memory$auto$proc_rom.cc:155:do_switch$85$rdmux[0][5][9]$a$1933 [2:0]
      New connections: $memory$auto$proc_rom.cc:155:do_switch$85$rdmux[0][5][9]$a$1933 [3] = 1'0
    Consolidated identical input bits for $mux cell $memory$auto$proc_rom.cc:155:do_switch$85$rdmux[0][6][17]$2052:
      Old ports: A=$memory$auto$proc_rom.cc:155:do_switch$85$rdmux[0][6][17]$a$2053, B=$memory$auto$proc_rom.cc:155:do_switch$85$rdmux[0][6][17]$b$2054, Y=$memory$auto$proc_rom.cc:155:do_switch$85$rdmux[0][5][8]$b$1931
      New ports: A={ 2'01 $memory$auto$proc_rom.cc:155:do_switch$85$rdmux[0][6][17]$a$2053 [0] }, B={ 2'10 $memory$auto$proc_rom.cc:155:do_switch$85$rdmux[0][6][17]$b$2054 [0] }, Y=$memory$auto$proc_rom.cc:155:do_switch$85$rdmux[0][5][8]$b$1931 [2:0]
      New connections: $memory$auto$proc_rom.cc:155:do_switch$85$rdmux[0][5][8]$b$1931 [3] = 1'0
    Consolidated identical input bits for $mux cell $memory$auto$proc_rom.cc:155:do_switch$85$rdmux[0][6][16]$2049:
      Old ports: A=$memory$auto$proc_rom.cc:155:do_switch$85$rdmux[0][6][16]$a$2050, B=$memory$auto$proc_rom.cc:155:do_switch$85$rdmux[0][6][16]$b$2051, Y=$memory$auto$proc_rom.cc:155:do_switch$85$rdmux[0][5][8]$a$1930
      New ports: A={ 1'0 $memory$auto$proc_rom.cc:155:do_switch$85$rdmux[0][6][16]$a$2050 [1:0] }, B={ $memory$auto$proc_rom.cc:155:do_switch$85$rdmux[0][6][16]$b$2051 [2] $memory$auto$proc_rom.cc:155:do_switch$85$rdmux[0][6][16]$b$2051 [0] $memory$auto$proc_rom.cc:155:do_switch$85$rdmux[0][6][16]$b$2051 [0] }, Y=$memory$auto$proc_rom.cc:155:do_switch$85$rdmux[0][5][8]$a$1930 [2:0]
      New connections: $memory$auto$proc_rom.cc:155:do_switch$85$rdmux[0][5][8]$a$1930 [3] = 1'0
    Consolidated identical input bits for $mux cell $memory$auto$proc_rom.cc:155:do_switch$85$rdmux[0][6][15]$2046:
      Old ports: A=$memory$auto$proc_rom.cc:155:do_switch$85$rdmux[0][6][15]$a$2047, B=$memory$auto$proc_rom.cc:155:do_switch$85$rdmux[0][6][15]$b$2048, Y=$memory$auto$proc_rom.cc:155:do_switch$85$rdmux[0][5][7]$b$1928
      New ports: A={ 2'01 $memory$auto$proc_rom.cc:155:do_switch$85$rdmux[0][6][15]$a$2047 [0] }, B={ 2'10 $memory$auto$proc_rom.cc:155:do_switch$85$rdmux[0][6][15]$b$2048 [0] }, Y={ $memory$auto$proc_rom.cc:155:do_switch$85$rdmux[0][5][7]$b$1928 [3] $memory$auto$proc_rom.cc:155:do_switch$85$rdmux[0][5][7]$b$1928 [1:0] }
      New connections: $memory$auto$proc_rom.cc:155:do_switch$85$rdmux[0][5][7]$b$1928 [2] = $memory$auto$proc_rom.cc:155:do_switch$85$rdmux[0][5][7]$b$1928 [1]
    Consolidated identical input bits for $mux cell $memory$auto$proc_rom.cc:155:do_switch$85$rdmux[0][6][13]$2040:
      Old ports: A=$memory$auto$proc_rom.cc:155:do_switch$85$rdmux[0][6][13]$a$2041, B=$memory$auto$proc_rom.cc:155:do_switch$85$rdmux[0][6][13]$b$2042, Y=$memory$auto$proc_rom.cc:155:do_switch$85$rdmux[0][5][6]$b$1925
      New ports: A={ 1'0 $memory$auto$proc_rom.cc:155:do_switch$85$rdmux[0][6][13]$a$2041 [0] }, B={ 1'1 $memory$auto$proc_rom.cc:155:do_switch$85$rdmux[0][6][13]$b$2042 [0] }, Y=$memory$auto$proc_rom.cc:155:do_switch$85$rdmux[0][5][6]$b$1925 [1:0]
      New connections: $memory$auto$proc_rom.cc:155:do_switch$85$rdmux[0][5][6]$b$1925 [3:2] = 2'01
    Consolidated identical input bits for $mux cell $memory$auto$proc_rom.cc:155:do_switch$85$rdmux[0][6][12]$2037:
      Old ports: A=$memory$auto$proc_rom.cc:155:do_switch$85$rdmux[0][6][12]$a$2038, B=$memory$auto$proc_rom.cc:155:do_switch$85$rdmux[0][6][12]$b$2039, Y=$memory$auto$proc_rom.cc:155:do_switch$85$rdmux[0][5][6]$a$1924
      New ports: A={ $memory$auto$proc_rom.cc:155:do_switch$85$rdmux[0][6][12]$a$2038 [2] $memory$auto$proc_rom.cc:155:do_switch$85$rdmux[0][6][12]$a$2038 [0] $memory$auto$proc_rom.cc:155:do_switch$85$rdmux[0][6][12]$a$2038 [0] }, B={ 1'1 $memory$auto$proc_rom.cc:155:do_switch$85$rdmux[0][6][12]$b$2039 [1:0] }, Y=$memory$auto$proc_rom.cc:155:do_switch$85$rdmux[0][5][6]$a$1924 [2:0]
      New connections: $memory$auto$proc_rom.cc:155:do_switch$85$rdmux[0][5][6]$a$1924 [3] = 1'0
    Consolidated identical input bits for $mux cell $memory$auto$proc_rom.cc:155:do_switch$85$rdmux[0][6][10]$2031:
      Old ports: A=$memory$auto$proc_rom.cc:155:do_switch$85$rdmux[0][6][10]$a$2032, B=$memory$auto$proc_rom.cc:155:do_switch$85$rdmux[0][6][10]$b$2033, Y=$memory$auto$proc_rom.cc:155:do_switch$85$rdmux[0][5][5]$a$1921
      New ports: A={ 1'0 $memory$auto$proc_rom.cc:155:do_switch$85$rdmux[0][6][10]$a$2032 [0] }, B={ 1'1 $memory$auto$proc_rom.cc:155:do_switch$85$rdmux[0][6][10]$b$2033 [0] }, Y=$memory$auto$proc_rom.cc:155:do_switch$85$rdmux[0][5][5]$a$1921 [1:0]
      New connections: $memory$auto$proc_rom.cc:155:do_switch$85$rdmux[0][5][5]$a$1921 [3:2] = 2'01
    Consolidated identical input bits for $mux cell $memory$auto$proc_rom.cc:155:do_switch$85$rdmux[0][6][9]$2028:
      Old ports: A=$memory$auto$proc_rom.cc:155:do_switch$85$rdmux[0][6][9]$a$2029, B=$memory$auto$proc_rom.cc:155:do_switch$85$rdmux[0][6][9]$b$2030, Y=$memory$auto$proc_rom.cc:155:do_switch$85$rdmux[0][5][4]$b$1919
      New ports: A={ $memory$auto$proc_rom.cc:155:do_switch$85$rdmux[0][6][9]$a$2029 [2] $memory$auto$proc_rom.cc:155:do_switch$85$rdmux[0][6][9]$a$2029 [0] $memory$auto$proc_rom.cc:155:do_switch$85$rdmux[0][6][9]$a$2029 [0] }, B={ 1'1 $memory$auto$proc_rom.cc:155:do_switch$85$rdmux[0][6][9]$b$2030 [1:0] }, Y=$memory$auto$proc_rom.cc:155:do_switch$85$rdmux[0][5][4]$b$1919 [2:0]
      New connections: $memory$auto$proc_rom.cc:155:do_switch$85$rdmux[0][5][4]$b$1919 [3] = 1'0
    Consolidated identical input bits for $mux cell $memory$auto$proc_rom.cc:155:do_switch$85$rdmux[0][6][8]$2025:
      Old ports: A=$memory$auto$proc_rom.cc:155:do_switch$85$rdmux[0][6][8]$a$2026, B=$memory$auto$proc_rom.cc:155:do_switch$85$rdmux[0][6][8]$b$2027, Y=$memory$auto$proc_rom.cc:155:do_switch$85$rdmux[0][5][4]$a$1918
      New ports: A={ 2'01 $memory$auto$proc_rom.cc:155:do_switch$85$rdmux[0][6][8]$a$2026 [0] }, B={ 2'10 $memory$auto$proc_rom.cc:155:do_switch$85$rdmux[0][6][8]$b$2027 [0] }, Y=$memory$auto$proc_rom.cc:155:do_switch$85$rdmux[0][5][4]$a$1918 [2:0]
      New connections: $memory$auto$proc_rom.cc:155:do_switch$85$rdmux[0][5][4]$a$1918 [3] = 1'0
    Consolidated identical input bits for $mux cell $memory$auto$proc_rom.cc:155:do_switch$85$rdmux[0][6][7]$2022:
      Old ports: A=$memory$auto$proc_rom.cc:155:do_switch$85$rdmux[0][6][7]$a$2023, B=$memory$auto$proc_rom.cc:155:do_switch$85$rdmux[0][6][7]$b$2024, Y=$memory$auto$proc_rom.cc:155:do_switch$85$rdmux[0][5][3]$b$1916
      New ports: A={ 1'0 $memory$auto$proc_rom.cc:155:do_switch$85$rdmux[0][6][7]$a$2023 [0] }, B={ 1'1 $memory$auto$proc_rom.cc:155:do_switch$85$rdmux[0][6][7]$b$2024 [0] }, Y=$memory$auto$proc_rom.cc:155:do_switch$85$rdmux[0][5][3]$b$1916 [1:0]
      New connections: $memory$auto$proc_rom.cc:155:do_switch$85$rdmux[0][5][3]$b$1916 [3:2] = 2'01
    Consolidated identical input bits for $mux cell $memory$auto$proc_rom.cc:155:do_switch$85$rdmux[0][6][6]$2019:
      Old ports: A=$memory$auto$proc_rom.cc:155:do_switch$85$rdmux[0][6][6]$a$2020, B=$memory$auto$proc_rom.cc:155:do_switch$85$rdmux[0][6][6]$b$2021, Y=$memory$auto$proc_rom.cc:155:do_switch$85$rdmux[0][5][3]$a$1915
      New ports: A={ $memory$auto$proc_rom.cc:155:do_switch$85$rdmux[0][6][6]$a$2020 [2] $memory$auto$proc_rom.cc:155:do_switch$85$rdmux[0][6][6]$a$2020 [0] $memory$auto$proc_rom.cc:155:do_switch$85$rdmux[0][6][6]$a$2020 [0] }, B={ 1'1 $memory$auto$proc_rom.cc:155:do_switch$85$rdmux[0][6][6]$b$2021 [1:0] }, Y=$memory$auto$proc_rom.cc:155:do_switch$85$rdmux[0][5][3]$a$1915 [2:0]
      New connections: $memory$auto$proc_rom.cc:155:do_switch$85$rdmux[0][5][3]$a$1915 [3] = 1'0
    Consolidated identical input bits for $mux cell $memory$auto$proc_rom.cc:155:do_switch$85$rdmux[0][6][5]$2016:
      Old ports: A=$memory$auto$proc_rom.cc:155:do_switch$85$rdmux[0][6][5]$a$2017, B=$memory$auto$proc_rom.cc:155:do_switch$85$rdmux[0][6][5]$b$2018, Y=$memory$auto$proc_rom.cc:155:do_switch$85$rdmux[0][5][2]$b$1913
      New ports: A={ 2'01 $memory$auto$proc_rom.cc:155:do_switch$85$rdmux[0][6][5]$a$2017 [0] }, B={ 2'10 $memory$auto$proc_rom.cc:155:do_switch$85$rdmux[0][6][5]$b$2018 [0] }, Y=$memory$auto$proc_rom.cc:155:do_switch$85$rdmux[0][5][2]$b$1913 [2:0]
      New connections: $memory$auto$proc_rom.cc:155:do_switch$85$rdmux[0][5][2]$b$1913 [3] = 1'0
    Consolidated identical input bits for $mux cell $memory$auto$proc_rom.cc:155:do_switch$85$rdmux[0][6][4]$2013:
      Old ports: A=$memory$auto$proc_rom.cc:155:do_switch$85$rdmux[0][6][4]$a$2014, B=$memory$auto$proc_rom.cc:155:do_switch$85$rdmux[0][6][4]$b$2015, Y=$memory$auto$proc_rom.cc:155:do_switch$85$rdmux[0][5][2]$a$1912
      New ports: A={ 1'0 $memory$auto$proc_rom.cc:155:do_switch$85$rdmux[0][6][4]$a$2014 [1:0] }, B={ $memory$auto$proc_rom.cc:155:do_switch$85$rdmux[0][6][4]$b$2015 [2] $memory$auto$proc_rom.cc:155:do_switch$85$rdmux[0][6][4]$b$2015 [0] $memory$auto$proc_rom.cc:155:do_switch$85$rdmux[0][6][4]$b$2015 [0] }, Y=$memory$auto$proc_rom.cc:155:do_switch$85$rdmux[0][5][2]$a$1912 [2:0]
      New connections: $memory$auto$proc_rom.cc:155:do_switch$85$rdmux[0][5][2]$a$1912 [3] = 1'0
    Consolidated identical input bits for $mux cell $memory$auto$proc_rom.cc:155:do_switch$85$rdmux[0][6][3]$2010:
      Old ports: A=$memory$auto$proc_rom.cc:155:do_switch$85$rdmux[0][6][3]$a$2011, B=$memory$auto$proc_rom.cc:155:do_switch$85$rdmux[0][6][3]$b$2012, Y=$memory$auto$proc_rom.cc:155:do_switch$85$rdmux[0][5][1]$b$1910
      New ports: A={ $memory$auto$proc_rom.cc:155:do_switch$85$rdmux[0][6][3]$a$2011 [2] $memory$auto$proc_rom.cc:155:do_switch$85$rdmux[0][6][3]$a$2011 [0] $memory$auto$proc_rom.cc:155:do_switch$85$rdmux[0][6][3]$a$2011 [0] }, B={ 1'1 $memory$auto$proc_rom.cc:155:do_switch$85$rdmux[0][6][3]$b$2012 [1:0] }, Y=$memory$auto$proc_rom.cc:155:do_switch$85$rdmux[0][5][1]$b$1910 [2:0]
      New connections: $memory$auto$proc_rom.cc:155:do_switch$85$rdmux[0][5][1]$b$1910 [3] = 1'0
    Consolidated identical input bits for $mux cell $memory$auto$proc_rom.cc:155:do_switch$85$rdmux[0][6][2]$2007:
      Old ports: A=$memory$auto$proc_rom.cc:155:do_switch$85$rdmux[0][6][2]$a$2008, B=$memory$auto$proc_rom.cc:155:do_switch$85$rdmux[0][6][2]$b$2009, Y=$memory$auto$proc_rom.cc:155:do_switch$85$rdmux[0][5][1]$a$1909
      New ports: A={ 2'01 $memory$auto$proc_rom.cc:155:do_switch$85$rdmux[0][6][2]$a$2008 [0] }, B={ 2'10 $memory$auto$proc_rom.cc:155:do_switch$85$rdmux[0][6][2]$b$2009 [0] }, Y=$memory$auto$proc_rom.cc:155:do_switch$85$rdmux[0][5][1]$a$1909 [2:0]
      New connections: $memory$auto$proc_rom.cc:155:do_switch$85$rdmux[0][5][1]$a$1909 [3] = 1'0
    Consolidated identical input bits for $mux cell $memory$auto$proc_rom.cc:155:do_switch$85$rdmux[0][6][1]$2004:
      Old ports: A=$memory$auto$proc_rom.cc:155:do_switch$85$rdmux[0][6][1]$a$2005, B=$memory$auto$proc_rom.cc:155:do_switch$85$rdmux[0][6][1]$b$2006, Y=$memory$auto$proc_rom.cc:155:do_switch$85$rdmux[0][5][0]$b$1907
      New ports: A={ 1'0 $memory$auto$proc_rom.cc:155:do_switch$85$rdmux[0][6][1]$a$2005 [1:0] }, B={ $memory$auto$proc_rom.cc:155:do_switch$85$rdmux[0][6][1]$b$2006 [2] $memory$auto$proc_rom.cc:155:do_switch$85$rdmux[0][6][1]$b$2006 [0] $memory$auto$proc_rom.cc:155:do_switch$85$rdmux[0][6][1]$b$2006 [0] }, Y=$memory$auto$proc_rom.cc:155:do_switch$85$rdmux[0][5][0]$b$1907 [2:0]
      New connections: $memory$auto$proc_rom.cc:155:do_switch$85$rdmux[0][5][0]$b$1907 [3] = 1'0
    Consolidated identical input bits for $mux cell $memory$auto$proc_rom.cc:155:do_switch$85$rdmux[0][6][0]$2001:
      Old ports: A=$memory$auto$proc_rom.cc:155:do_switch$85$rdmux[0][6][0]$a$2002, B=$memory$auto$proc_rom.cc:155:do_switch$85$rdmux[0][6][0]$b$2003, Y=$memory$auto$proc_rom.cc:155:do_switch$85$rdmux[0][5][0]$a$1906
      New ports: A={ 1'0 $memory$auto$proc_rom.cc:155:do_switch$85$rdmux[0][6][0]$a$2002 [0] }, B={ 1'1 $memory$auto$proc_rom.cc:155:do_switch$85$rdmux[0][6][0]$b$2003 [0] }, Y=$memory$auto$proc_rom.cc:155:do_switch$85$rdmux[0][5][0]$a$1906 [1:0]
      New connections: $memory$auto$proc_rom.cc:155:do_switch$85$rdmux[0][5][0]$a$1906 [3:2] = 2'00
    Consolidated identical input bits for $mux cell $procmux$176:
      Old ports: A=$29\quant_scaled$func$/home/b10507053/ALS_Final_Project/student/work/ex250_ex254_frontend_fp4_dot_fma_semantic_20260608_2105/ex253/verilog/ex253_semantic_u2_sum8_bytetable_qrange.v:308$6.$result[6:0]$79, B=6'010011, Y=$28\quant_scaled$func$/home/b10507053/ALS_Final_Project/student/work/ex250_ex254_frontend_fp4_dot_fma_semantic_20260608_2105/ex253/verilog/ex253_semantic_u2_sum8_bytetable_qrange.v:308$6.$result[6:0]$77
      New ports: A={ $29\quant_scaled$func$/home/b10507053/ALS_Final_Project/student/work/ex250_ex254_frontend_fp4_dot_fma_semantic_20260608_2105/ex253/verilog/ex253_semantic_u2_sum8_bytetable_qrange.v:308$6.$result[6:0]$79 [1] 1'1 $29\quant_scaled$func$/home/b10507053/ALS_Final_Project/student/work/ex250_ex254_frontend_fp4_dot_fma_semantic_20260608_2105/ex253/verilog/ex253_semantic_u2_sum8_bytetable_qrange.v:308$6.$result[6:0]$79 [1] 1'0 }, B=4'0011, Y=$28\quant_scaled$func$/home/b10507053/ALS_Final_Project/student/work/ex250_ex254_frontend_fp4_dot_fma_semantic_20260608_2105/ex253/verilog/ex253_semantic_u2_sum8_bytetable_qrange.v:308$6.$result[6:0]$77 [3:0]
      New connections: $28\quant_scaled$func$/home/b10507053/ALS_Final_Project/student/work/ex250_ex254_frontend_fp4_dot_fma_semantic_20260608_2105/ex253/verilog/ex253_semantic_u2_sum8_bytetable_qrange.v:308$6.$result[6:0]$77 [5:4] = { $28\quant_scaled$func$/home/b10507053/ALS_Final_Project/student/work/ex250_ex254_frontend_fp4_dot_fma_semantic_20260608_2105/ex253/verilog/ex253_semantic_u2_sum8_bytetable_qrange.v:308$6.$result[6:0]$77 [3] 1'1 }
  Optimizing cells in module \ex253_semantic_u2_sum8_bytetable_qrange.
    Consolidated identical input bits for $mux cell $memory$auto$proc_rom.cc:155:do_switch$81$rdmux[0][5][31]$2763:
      Old ports: A=$memory$auto$proc_rom.cc:155:do_switch$81$rdmux[0][5][31]$a$2764, B=$memory$auto$proc_rom.cc:155:do_switch$81$rdmux[0][5][31]$b$2765, Y=$memory$auto$proc_rom.cc:155:do_switch$81$rdmux[0][4][15]$b$2669
      New ports: A={ 1'0 $memory$auto$proc_rom.cc:155:do_switch$81$rdmux[0][5][31]$a$2764 [1:0] }, B=$memory$auto$proc_rom.cc:155:do_switch$81$rdmux[0][5][31]$b$2765 [2:0], Y=$memory$auto$proc_rom.cc:155:do_switch$81$rdmux[0][4][15]$b$2669 [2:0]
      New connections: $memory$auto$proc_rom.cc:155:do_switch$81$rdmux[0][4][15]$b$2669 [3] = 1'1
    Consolidated identical input bits for $mux cell $memory$auto$proc_rom.cc:155:do_switch$81$rdmux[0][5][24]$2742:
      Old ports: A=$memory$auto$proc_rom.cc:155:do_switch$81$rdmux[0][5][24]$a$2743, B=$memory$auto$proc_rom.cc:155:do_switch$81$rdmux[0][5][24]$b$2744, Y=$memory$auto$proc_rom.cc:155:do_switch$81$rdmux[0][4][12]$a$2659
      New ports: A=$memory$auto$proc_rom.cc:155:do_switch$81$rdmux[0][5][24]$a$2743 [2:0], B={ 1'1 $memory$auto$proc_rom.cc:155:do_switch$81$rdmux[0][5][24]$b$2744 [1:0] }, Y=$memory$auto$proc_rom.cc:155:do_switch$81$rdmux[0][4][12]$a$2659 [2:0]
      New connections: $memory$auto$proc_rom.cc:155:do_switch$81$rdmux[0][4][12]$a$2659 [3] = 1'0
    Consolidated identical input bits for $mux cell $memory$auto$proc_rom.cc:155:do_switch$81$rdmux[0][5][18]$2724:
      Old ports: A=$memory$auto$proc_rom.cc:155:do_switch$81$rdmux[0][5][18]$a$2725, B=$memory$auto$proc_rom.cc:155:do_switch$81$rdmux[0][5][18]$b$2726, Y=$memory$auto$proc_rom.cc:155:do_switch$81$rdmux[0][4][9]$a$2650
      New ports: A=$memory$auto$proc_rom.cc:155:do_switch$81$rdmux[0][5][18]$a$2725 [2:0], B={ 1'1 $memory$auto$proc_rom.cc:155:do_switch$81$rdmux[0][5][18]$b$2726 [1:0] }, Y=$memory$auto$proc_rom.cc:155:do_switch$81$rdmux[0][4][9]$a$2650 [2:0]
      New connections: $memory$auto$proc_rom.cc:155:do_switch$81$rdmux[0][4][9]$a$2650 [3] = 1'0
    Consolidated identical input bits for $mux cell $memory$auto$proc_rom.cc:155:do_switch$81$rdmux[0][5][16]$2718:
      Old ports: A=$memory$auto$proc_rom.cc:155:do_switch$81$rdmux[0][5][16]$a$2719, B=$memory$auto$proc_rom.cc:155:do_switch$81$rdmux[0][5][16]$b$2720, Y=$memory$auto$proc_rom.cc:155:do_switch$81$rdmux[0][4][8]$a$2647
      New ports: A=$memory$auto$proc_rom.cc:155:do_switch$81$rdmux[0][5][16]$a$2719 [2:0], B=$memory$auto$proc_rom.cc:155:do_switch$81$rdmux[0][5][16]$b$2720 [2:0], Y=$memory$auto$proc_rom.cc:155:do_switch$81$rdmux[0][4][8]$a$2647 [2:0]
      New connections: $memory$auto$proc_rom.cc:155:do_switch$81$rdmux[0][4][8]$a$2647 [3] = 1'0
    Consolidated identical input bits for $mux cell $memory$auto$proc_rom.cc:155:do_switch$81$rdmux[0][5][12]$2706:
      Old ports: A=$memory$auto$proc_rom.cc:155:do_switch$81$rdmux[0][5][12]$a$2707, B=$memory$auto$proc_rom.cc:155:do_switch$81$rdmux[0][5][12]$b$2708, Y=$memory$auto$proc_rom.cc:155:do_switch$81$rdmux[0][4][6]$a$2641
      New ports: A=$memory$auto$proc_rom.cc:155:do_switch$81$rdmux[0][5][12]$a$2707 [2:0], B={ 1'1 $memory$auto$proc_rom.cc:155:do_switch$81$rdmux[0][5][12]$b$2708 [1:0] }, Y=$memory$auto$proc_rom.cc:155:do_switch$81$rdmux[0][4][6]$a$2641 [2:0]
      New connections: $memory$auto$proc_rom.cc:155:do_switch$81$rdmux[0][4][6]$a$2641 [3] = 1'0
    Consolidated identical input bits for $mux cell $memory$auto$proc_rom.cc:155:do_switch$81$rdmux[0][5][10]$2700:
      Old ports: A=$memory$auto$proc_rom.cc:155:do_switch$81$rdmux[0][5][10]$a$2701, B=$memory$auto$proc_rom.cc:155:do_switch$81$rdmux[0][5][10]$b$2702, Y=$memory$auto$proc_rom.cc:155:do_switch$81$rdmux[0][4][5]$a$2638
      New ports: A=$memory$auto$proc_rom.cc:155:do_switch$81$rdmux[0][5][10]$a$2701 [2:0], B=$memory$auto$proc_rom.cc:155:do_switch$81$rdmux[0][5][10]$b$2702 [2:0], Y=$memory$auto$proc_rom.cc:155:do_switch$81$rdmux[0][4][5]$a$2638 [2:0]
      New connections: $memory$auto$proc_rom.cc:155:do_switch$81$rdmux[0][4][5]$a$2638 [3] = 1'0
    Consolidated identical input bits for $mux cell $memory$auto$proc_rom.cc:155:do_switch$81$rdmux[0][5][9]$2697:
      Old ports: A=$memory$auto$proc_rom.cc:155:do_switch$81$rdmux[0][5][9]$a$2698, B=$memory$auto$proc_rom.cc:155:do_switch$81$rdmux[0][5][9]$b$2699, Y=$memory$auto$proc_rom.cc:155:do_switch$81$rdmux[0][4][4]$b$2636
      New ports: A=$memory$auto$proc_rom.cc:155:do_switch$81$rdmux[0][5][9]$a$2698 [2:0], B={ 1'1 $memory$auto$proc_rom.cc:155:do_switch$81$rdmux[0][5][9]$b$2699 [1:0] }, Y=$memory$auto$proc_rom.cc:155:do_switch$81$rdmux[0][4][4]$b$2636 [2:0]
      New connections: $memory$auto$proc_rom.cc:155:do_switch$81$rdmux[0][4][4]$b$2636 [3] = 1'0
    Consolidated identical input bits for $mux cell $memory$auto$proc_rom.cc:155:do_switch$81$rdmux[0][5][8]$2694:
      Old ports: A=$memory$auto$proc_rom.cc:155:do_switch$81$rdmux[0][5][8]$a$2695, B=$memory$auto$proc_rom.cc:155:do_switch$81$rdmux[0][5][8]$b$2696, Y=$memory$auto$proc_rom.cc:155:do_switch$81$rdmux[0][4][4]$a$2635
      New ports: A=$memory$auto$proc_rom.cc:155:do_switch$81$rdmux[0][5][8]$a$2695 [2:0], B=$memory$auto$proc_rom.cc:155:do_switch$81$rdmux[0][5][8]$b$2696 [2:0], Y=$memory$auto$proc_rom.cc:155:do_switch$81$rdmux[0][4][4]$a$2635 [2:0]
      New connections: $memory$auto$proc_rom.cc:155:do_switch$81$rdmux[0][4][4]$a$2635 [3] = 1'0
    Consolidated identical input bits for $mux cell $memory$auto$proc_rom.cc:155:do_switch$81$rdmux[0][5][6]$2688:
      Old ports: A=$memory$auto$proc_rom.cc:155:do_switch$81$rdmux[0][5][6]$a$2689, B=$memory$auto$proc_rom.cc:155:do_switch$81$rdmux[0][5][6]$b$2690, Y=$memory$auto$proc_rom.cc:155:do_switch$81$rdmux[0][4][3]$a$2632
      New ports: A=$memory$auto$proc_rom.cc:155:do_switch$81$rdmux[0][5][6]$a$2689 [2:0], B={ 1'1 $memory$auto$proc_rom.cc:155:do_switch$81$rdmux[0][5][6]$b$2690 [1:0] }, Y=$memory$auto$proc_rom.cc:155:do_switch$81$rdmux[0][4][3]$a$2632 [2:0]
      New connections: $memory$auto$proc_rom.cc:155:do_switch$81$rdmux[0][4][3]$a$2632 [3] = 1'0
    Consolidated identical input bits for $mux cell $memory$auto$proc_rom.cc:155:do_switch$81$rdmux[0][5][4]$2682:
      Old ports: A=$memory$auto$proc_rom.cc:155:do_switch$81$rdmux[0][5][4]$a$2683, B=$memory$auto$proc_rom.cc:155:do_switch$81$rdmux[0][5][4]$b$2684, Y=$memory$auto$proc_rom.cc:155:do_switch$81$rdmux[0][4][2]$a$2629
      New ports: A=$memory$auto$proc_rom.cc:155:do_switch$81$rdmux[0][5][4]$a$2683 [2:0], B=$memory$auto$proc_rom.cc:155:do_switch$81$rdmux[0][5][4]$b$2684 [2:0], Y=$memory$auto$proc_rom.cc:155:do_switch$81$rdmux[0][4][2]$a$2629 [2:0]
      New connections: $memory$auto$proc_rom.cc:155:do_switch$81$rdmux[0][4][2]$a$2629 [3] = 1'0
    Consolidated identical input bits for $mux cell $memory$auto$proc_rom.cc:155:do_switch$81$rdmux[0][5][3]$2679:
      Old ports: A=$memory$auto$proc_rom.cc:155:do_switch$81$rdmux[0][5][3]$a$2680, B=$memory$auto$proc_rom.cc:155:do_switch$81$rdmux[0][5][3]$b$2681, Y=$memory$auto$proc_rom.cc:155:do_switch$81$rdmux[0][4][1]$b$2627
      New ports: A=$memory$auto$proc_rom.cc:155:do_switch$81$rdmux[0][5][3]$a$2680 [2:0], B={ 1'1 $memory$auto$proc_rom.cc:155:do_switch$81$rdmux[0][5][3]$b$2681 [1:0] }, Y=$memory$auto$proc_rom.cc:155:do_switch$81$rdmux[0][4][1]$b$2627 [2:0]
      New connections: $memory$auto$proc_rom.cc:155:do_switch$81$rdmux[0][4][1]$b$2627 [3] = 1'0
    Consolidated identical input bits for $mux cell $memory$auto$proc_rom.cc:155:do_switch$81$rdmux[0][5][2]$2676:
      Old ports: A=$memory$auto$proc_rom.cc:155:do_switch$81$rdmux[0][5][2]$a$2677, B=$memory$auto$proc_rom.cc:155:do_switch$81$rdmux[0][5][2]$b$2678, Y=$memory$auto$proc_rom.cc:155:do_switch$81$rdmux[0][4][1]$a$2626
      New ports: A=$memory$auto$proc_rom.cc:155:do_switch$81$rdmux[0][5][2]$a$2677 [2:0], B=$memory$auto$proc_rom.cc:155:do_switch$81$rdmux[0][5][2]$b$2678 [2:0], Y=$memory$auto$proc_rom.cc:155:do_switch$81$rdmux[0][4][1]$a$2626 [2:0]
      New connections: $memory$auto$proc_rom.cc:155:do_switch$81$rdmux[0][4][1]$a$2626 [3] = 1'0
    Consolidated identical input bits for $mux cell $memory$auto$proc_rom.cc:155:do_switch$81$rdmux[0][5][1]$2673:
      Old ports: A=$memory$auto$proc_rom.cc:155:do_switch$81$rdmux[0][5][1]$a$2674, B=$memory$auto$proc_rom.cc:155:do_switch$81$rdmux[0][5][1]$b$2675, Y=$memory$auto$proc_rom.cc:155:do_switch$81$rdmux[0][4][0]$b$2624
      New ports: A=$memory$auto$proc_rom.cc:155:do_switch$81$rdmux[0][5][1]$a$2674 [2:0], B=$memory$auto$proc_rom.cc:155:do_switch$81$rdmux[0][5][1]$b$2675 [2:0], Y=$memory$auto$proc_rom.cc:155:do_switch$81$rdmux[0][4][0]$b$2624 [2:0]
      New connections: $memory$auto$proc_rom.cc:155:do_switch$81$rdmux[0][4][0]$b$2624 [3] = 1'0
    Consolidated identical input bits for $mux cell $memory$auto$proc_rom.cc:155:do_switch$81$rdmux[0][5][0]$2670:
      Old ports: A=$memory$auto$proc_rom.cc:155:do_switch$81$rdmux[0][5][0]$a$2671, B=$memory$auto$proc_rom.cc:155:do_switch$81$rdmux[0][5][0]$b$2672, Y=$memory$auto$proc_rom.cc:155:do_switch$81$rdmux[0][4][0]$a$2623
      New ports: A={ 1'0 $memory$auto$proc_rom.cc:155:do_switch$81$rdmux[0][5][0]$a$2671 [1:0] }, B=$memory$auto$proc_rom.cc:155:do_switch$81$rdmux[0][5][0]$b$2672 [2:0], Y=$memory$auto$proc_rom.cc:155:do_switch$81$rdmux[0][4][0]$a$2623 [2:0]
      New connections: $memory$auto$proc_rom.cc:155:do_switch$81$rdmux[0][4][0]$a$2623 [3] = 1'0
    Consolidated identical input bits for $mux cell $memory$auto$proc_rom.cc:155:do_switch$85$rdmux[0][5][31]$1998:
      Old ports: A=$memory$auto$proc_rom.cc:155:do_switch$85$rdmux[0][5][31]$a$1999, B=$memory$auto$proc_rom.cc:155:do_switch$85$rdmux[0][5][31]$b$2000, Y=$memory$auto$proc_rom.cc:155:do_switch$85$rdmux[0][4][15]$b$1904
      New ports: A={ 1'0 $memory$auto$proc_rom.cc:155:do_switch$85$rdmux[0][5][31]$a$1999 [1:0] }, B=$memory$auto$proc_rom.cc:155:do_switch$85$rdmux[0][5][31]$b$2000 [2:0], Y=$memory$auto$proc_rom.cc:155:do_switch$85$rdmux[0][4][15]$b$1904 [2:0]
      New connections: $memory$auto$proc_rom.cc:155:do_switch$85$rdmux[0][4][15]$b$1904 [3] = 1'1
    Consolidated identical input bits for $mux cell $memory$auto$proc_rom.cc:155:do_switch$85$rdmux[0][5][24]$1977:
      Old ports: A=$memory$auto$proc_rom.cc:155:do_switch$85$rdmux[0][5][24]$a$1978, B=$memory$auto$proc_rom.cc:155:do_switch$85$rdmux[0][5][24]$b$1979, Y=$memory$auto$proc_rom.cc:155:do_switch$85$rdmux[0][4][12]$a$1894
      New ports: A=$memory$auto$proc_rom.cc:155:do_switch$85$rdmux[0][5][24]$a$1978 [2:0], B={ 1'1 $memory$auto$proc_rom.cc:155:do_switch$85$rdmux[0][5][24]$b$1979 [1:0] }, Y=$memory$auto$proc_rom.cc:155:do_switch$85$rdmux[0][4][12]$a$1894 [2:0]
      New connections: $memory$auto$proc_rom.cc:155:do_switch$85$rdmux[0][4][12]$a$1894 [3] = 1'0
    Consolidated identical input bits for $mux cell $memory$auto$proc_rom.cc:155:do_switch$85$rdmux[0][5][18]$1959:
      Old ports: A=$memory$auto$proc_rom.cc:155:do_switch$85$rdmux[0][5][18]$a$1960, B=$memory$auto$proc_rom.cc:155:do_switch$85$rdmux[0][5][18]$b$1961, Y=$memory$auto$proc_rom.cc:155:do_switch$85$rdmux[0][4][9]$a$1885
      New ports: A=$memory$auto$proc_rom.cc:155:do_switch$85$rdmux[0][5][18]$a$1960 [2:0], B={ 1'1 $memory$auto$proc_rom.cc:155:do_switch$85$rdmux[0][5][18]$b$1961 [1:0] }, Y=$memory$auto$proc_rom.cc:155:do_switch$85$rdmux[0][4][9]$a$1885 [2:0]
      New connections: $memory$auto$proc_rom.cc:155:do_switch$85$rdmux[0][4][9]$a$1885 [3] = 1'0
    Consolidated identical input bits for $mux cell $memory$auto$proc_rom.cc:155:do_switch$85$rdmux[0][5][16]$1953:
      Old ports: A=$memory$auto$proc_rom.cc:155:do_switch$85$rdmux[0][5][16]$a$1954, B=$memory$auto$proc_rom.cc:155:do_switch$85$rdmux[0][5][16]$b$1955, Y=$memory$auto$proc_rom.cc:155:do_switch$85$rdmux[0][4][8]$a$1882
      New ports: A=$memory$auto$proc_rom.cc:155:do_switch$85$rdmux[0][5][16]$a$1954 [2:0], B=$memory$auto$proc_rom.cc:155:do_switch$85$rdmux[0][5][16]$b$1955 [2:0], Y=$memory$auto$proc_rom.cc:155:do_switch$85$rdmux[0][4][8]$a$1882 [2:0]
      New connections: $memory$auto$proc_rom.cc:155:do_switch$85$rdmux[0][4][8]$a$1882 [3] = 1'0
    Consolidated identical input bits for $mux cell $memory$auto$proc_rom.cc:155:do_switch$85$rdmux[0][5][12]$1941:
      Old ports: A=$memory$auto$proc_rom.cc:155:do_switch$85$rdmux[0][5][12]$a$1942, B=$memory$auto$proc_rom.cc:155:do_switch$85$rdmux[0][5][12]$b$1943, Y=$memory$auto$proc_rom.cc:155:do_switch$85$rdmux[0][4][6]$a$1876
      New ports: A=$memory$auto$proc_rom.cc:155:do_switch$85$rdmux[0][5][12]$a$1942 [2:0], B={ 1'1 $memory$auto$proc_rom.cc:155:do_switch$85$rdmux[0][5][12]$b$1943 [1:0] }, Y=$memory$auto$proc_rom.cc:155:do_switch$85$rdmux[0][4][6]$a$1876 [2:0]
      New connections: $memory$auto$proc_rom.cc:155:do_switch$85$rdmux[0][4][6]$a$1876 [3] = 1'0
    Consolidated identical input bits for $mux cell $memory$auto$proc_rom.cc:155:do_switch$85$rdmux[0][5][10]$1935:
      Old ports: A=$memory$auto$proc_rom.cc:155:do_switch$85$rdmux[0][5][10]$a$1936, B=$memory$auto$proc_rom.cc:155:do_switch$85$rdmux[0][5][10]$b$1937, Y=$memory$auto$proc_rom.cc:155:do_switch$85$rdmux[0][4][5]$a$1873
      New ports: A=$memory$auto$proc_rom.cc:155:do_switch$85$rdmux[0][5][10]$a$1936 [2:0], B=$memory$auto$proc_rom.cc:155:do_switch$85$rdmux[0][5][10]$b$1937 [2:0], Y=$memory$auto$proc_rom.cc:155:do_switch$85$rdmux[0][4][5]$a$1873 [2:0]
      New connections: $memory$auto$proc_rom.cc:155:do_switch$85$rdmux[0][4][5]$a$1873 [3] = 1'0
    Consolidated identical input bits for $mux cell $memory$auto$proc_rom.cc:155:do_switch$85$rdmux[0][5][9]$1932:
      Old ports: A=$memory$auto$proc_rom.cc:155:do_switch$85$rdmux[0][5][9]$a$1933, B=$memory$auto$proc_rom.cc:155:do_switch$85$rdmux[0][5][9]$b$1934, Y=$memory$auto$proc_rom.cc:155:do_switch$85$rdmux[0][4][4]$b$1871
      New ports: A=$memory$auto$proc_rom.cc:155:do_switch$85$rdmux[0][5][9]$a$1933 [2:0], B={ 1'1 $memory$auto$proc_rom.cc:155:do_switch$85$rdmux[0][5][9]$b$1934 [1:0] }, Y=$memory$auto$proc_rom.cc:155:do_switch$85$rdmux[0][4][4]$b$1871 [2:0]
      New connections: $memory$auto$proc_rom.cc:155:do_switch$85$rdmux[0][4][4]$b$1871 [3] = 1'0
    Consolidated identical input bits for $mux cell $memory$auto$proc_rom.cc:155:do_switch$85$rdmux[0][5][8]$1929:
      Old ports: A=$memory$auto$proc_rom.cc:155:do_switch$85$rdmux[0][5][8]$a$1930, B=$memory$auto$proc_rom.cc:155:do_switch$85$rdmux[0][5][8]$b$1931, Y=$memory$auto$proc_rom.cc:155:do_switch$85$rdmux[0][4][4]$a$1870
      New ports: A=$memory$auto$proc_rom.cc:155:do_switch$85$rdmux[0][5][8]$a$1930 [2:0], B=$memory$auto$proc_rom.cc:155:do_switch$85$rdmux[0][5][8]$b$1931 [2:0], Y=$memory$auto$proc_rom.cc:155:do_switch$85$rdmux[0][4][4]$a$1870 [2:0]
      New connections: $memory$auto$proc_rom.cc:155:do_switch$85$rdmux[0][4][4]$a$1870 [3] = 1'0
    Consolidated identical input bits for $mux cell $memory$auto$proc_rom.cc:155:do_switch$85$rdmux[0][5][6]$1923:
      Old ports: A=$memory$auto$proc_rom.cc:155:do_switch$85$rdmux[0][5][6]$a$1924, B=$memory$auto$proc_rom.cc:155:do_switch$85$rdmux[0][5][6]$b$1925, Y=$memory$auto$proc_rom.cc:155:do_switch$85$rdmux[0][4][3]$a$1867
      New ports: A=$memory$auto$proc_rom.cc:155:do_switch$85$rdmux[0][5][6]$a$1924 [2:0], B={ 1'1 $memory$auto$proc_rom.cc:155:do_switch$85$rdmux[0][5][6]$b$1925 [1:0] }, Y=$memory$auto$proc_rom.cc:155:do_switch$85$rdmux[0][4][3]$a$1867 [2:0]
      New connections: $memory$auto$proc_rom.cc:155:do_switch$85$rdmux[0][4][3]$a$1867 [3] = 1'0
    Consolidated identical input bits for $mux cell $memory$auto$proc_rom.cc:155:do_switch$85$rdmux[0][5][4]$1917:
      Old ports: A=$memory$auto$proc_rom.cc:155:do_switch$85$rdmux[0][5][4]$a$1918, B=$memory$auto$proc_rom.cc:155:do_switch$85$rdmux[0][5][4]$b$1919, Y=$memory$auto$proc_rom.cc:155:do_switch$85$rdmux[0][4][2]$a$1864
      New ports: A=$memory$auto$proc_rom.cc:155:do_switch$85$rdmux[0][5][4]$a$1918 [2:0], B=$memory$auto$proc_rom.cc:155:do_switch$85$rdmux[0][5][4]$b$1919 [2:0], Y=$memory$auto$proc_rom.cc:155:do_switch$85$rdmux[0][4][2]$a$1864 [2:0]
      New connections: $memory$auto$proc_rom.cc:155:do_switch$85$rdmux[0][4][2]$a$1864 [3] = 1'0
    Consolidated identical input bits for $mux cell $memory$auto$proc_rom.cc:155:do_switch$85$rdmux[0][5][3]$1914:
      Old ports: A=$memory$auto$proc_rom.cc:155:do_switch$85$rdmux[0][5][3]$a$1915, B=$memory$auto$proc_rom.cc:155:do_switch$85$rdmux[0][5][3]$b$1916, Y=$memory$auto$proc_rom.cc:155:do_switch$85$rdmux[0][4][1]$b$1862
      New ports: A=$memory$auto$proc_rom.cc:155:do_switch$85$rdmux[0][5][3]$a$1915 [2:0], B={ 1'1 $memory$auto$proc_rom.cc:155:do_switch$85$rdmux[0][5][3]$b$1916 [1:0] }, Y=$memory$auto$proc_rom.cc:155:do_switch$85$rdmux[0][4][1]$b$1862 [2:0]
      New connections: $memory$auto$proc_rom.cc:155:do_switch$85$rdmux[0][4][1]$b$1862 [3] = 1'0
    Consolidated identical input bits for $mux cell $memory$auto$proc_rom.cc:155:do_switch$85$rdmux[0][5][2]$1911:
      Old ports: A=$memory$auto$proc_rom.cc:155:do_switch$85$rdmux[0][5][2]$a$1912, B=$memory$auto$proc_rom.cc:155:do_switch$85$rdmux[0][5][2]$b$1913, Y=$memory$auto$proc_rom.cc:155:do_switch$85$rdmux[0][4][1]$a$1861
      New ports: A=$memory$auto$proc_rom.cc:155:do_switch$85$rdmux[0][5][2]$a$1912 [2:0], B=$memory$auto$proc_rom.cc:155:do_switch$85$rdmux[0][5][2]$b$1913 [2:0], Y=$memory$auto$proc_rom.cc:155:do_switch$85$rdmux[0][4][1]$a$1861 [2:0]
      New connections: $memory$auto$proc_rom.cc:155:do_switch$85$rdmux[0][4][1]$a$1861 [3] = 1'0
    Consolidated identical input bits for $mux cell $memory$auto$proc_rom.cc:155:do_switch$85$rdmux[0][5][1]$1908:
      Old ports: A=$memory$auto$proc_rom.cc:155:do_switch$85$rdmux[0][5][1]$a$1909, B=$memory$auto$proc_rom.cc:155:do_switch$85$rdmux[0][5][1]$b$1910, Y=$memory$auto$proc_rom.cc:155:do_switch$85$rdmux[0][4][0]$b$1859
      New ports: A=$memory$auto$proc_rom.cc:155:do_switch$85$rdmux[0][5][1]$a$1909 [2:0], B=$memory$auto$proc_rom.cc:155:do_switch$85$rdmux[0][5][1]$b$1910 [2:0], Y=$memory$auto$proc_rom.cc:155:do_switch$85$rdmux[0][4][0]$b$1859 [2:0]
      New connections: $memory$auto$proc_rom.cc:155:do_switch$85$rdmux[0][4][0]$b$1859 [3] = 1'0
    Consolidated identical input bits for $mux cell $memory$auto$proc_rom.cc:155:do_switch$85$rdmux[0][5][0]$1905:
      Old ports: A=$memory$auto$proc_rom.cc:155:do_switch$85$rdmux[0][5][0]$a$1906, B=$memory$auto$proc_rom.cc:155:do_switch$85$rdmux[0][5][0]$b$1907, Y=$memory$auto$proc_rom.cc:155:do_switch$85$rdmux[0][4][0]$a$1858
      New ports: A={ 1'0 $memory$auto$proc_rom.cc:155:do_switch$85$rdmux[0][5][0]$a$1906 [1:0] }, B=$memory$auto$proc_rom.cc:155:do_switch$85$rdmux[0][5][0]$b$1907 [2:0], Y=$memory$auto$proc_rom.cc:155:do_switch$85$rdmux[0][4][0]$a$1858 [2:0]
      New connections: $memory$auto$proc_rom.cc:155:do_switch$85$rdmux[0][4][0]$a$1858 [3] = 1'0
    Consolidated identical input bits for $mux cell $procmux$260:
      Old ports: A=$28\quant_scaled$func$/home/b10507053/ALS_Final_Project/student/work/ex250_ex254_frontend_fp4_dot_fma_semantic_20260608_2105/ex253/verilog/ex253_semantic_u2_sum8_bytetable_qrange.v:308$6.$result[6:0]$77, B=6'010010, Y=$27\quant_scaled$func$/home/b10507053/ALS_Final_Project/student/work/ex250_ex254_frontend_fp4_dot_fma_semantic_20260608_2105/ex253/verilog/ex253_semantic_u2_sum8_bytetable_qrange.v:308$6.$result[6:0]$75
      New ports: A=$28\quant_scaled$func$/home/b10507053/ALS_Final_Project/student/work/ex250_ex254_frontend_fp4_dot_fma_semantic_20260608_2105/ex253/verilog/ex253_semantic_u2_sum8_bytetable_qrange.v:308$6.$result[6:0]$77 [3:0], B=4'0010, Y=$27\quant_scaled$func$/home/b10507053/ALS_Final_Project/student/work/ex250_ex254_frontend_fp4_dot_fma_semantic_20260608_2105/ex253/verilog/ex253_semantic_u2_sum8_bytetable_qrange.v:308$6.$result[6:0]$75 [3:0]
      New connections: $27\quant_scaled$func$/home/b10507053/ALS_Final_Project/student/work/ex250_ex254_frontend_fp4_dot_fma_semantic_20260608_2105/ex253/verilog/ex253_semantic_u2_sum8_bytetable_qrange.v:308$6.$result[6:0]$75 [5:4] = { $27\quant_scaled$func$/home/b10507053/ALS_Final_Project/student/work/ex250_ex254_frontend_fp4_dot_fma_semantic_20260608_2105/ex253/verilog/ex253_semantic_u2_sum8_bytetable_qrange.v:308$6.$result[6:0]$75 [3] 1'1 }
  Optimizing cells in module \ex253_semantic_u2_sum8_bytetable_qrange.
    Consolidated identical input bits for $mux cell $memory$auto$proc_rom.cc:155:do_switch$81$rdmux[0][4][4]$2634:
      Old ports: A=$memory$auto$proc_rom.cc:155:do_switch$81$rdmux[0][4][4]$a$2635, B=$memory$auto$proc_rom.cc:155:do_switch$81$rdmux[0][4][4]$b$2636, Y=$memory$auto$proc_rom.cc:155:do_switch$81$rdmux[0][3][2]$a$2605
      New ports: A=$memory$auto$proc_rom.cc:155:do_switch$81$rdmux[0][4][4]$a$2635 [2:0], B=$memory$auto$proc_rom.cc:155:do_switch$81$rdmux[0][4][4]$b$2636 [2:0], Y=$memory$auto$proc_rom.cc:155:do_switch$81$rdmux[0][3][2]$a$2605 [2:0]
      New connections: $memory$auto$proc_rom.cc:155:do_switch$81$rdmux[0][3][2]$a$2605 [3] = 1'0
    Consolidated identical input bits for $mux cell $memory$auto$proc_rom.cc:155:do_switch$81$rdmux[0][4][1]$2625:
      Old ports: A=$memory$auto$proc_rom.cc:155:do_switch$81$rdmux[0][4][1]$a$2626, B=$memory$auto$proc_rom.cc:155:do_switch$81$rdmux[0][4][1]$b$2627, Y=$memory$auto$proc_rom.cc:155:do_switch$81$rdmux[0][3][0]$b$2600
      New ports: A=$memory$auto$proc_rom.cc:155:do_switch$81$rdmux[0][4][1]$a$2626 [2:0], B=$memory$auto$proc_rom.cc:155:do_switch$81$rdmux[0][4][1]$b$2627 [2:0], Y=$memory$auto$proc_rom.cc:155:do_switch$81$rdmux[0][3][0]$b$2600 [2:0]
      New connections: $memory$auto$proc_rom.cc:155:do_switch$81$rdmux[0][3][0]$b$2600 [3] = 1'0
    Consolidated identical input bits for $mux cell $memory$auto$proc_rom.cc:155:do_switch$81$rdmux[0][4][0]$2622:
      Old ports: A=$memory$auto$proc_rom.cc:155:do_switch$81$rdmux[0][4][0]$a$2623, B=$memory$auto$proc_rom.cc:155:do_switch$81$rdmux[0][4][0]$b$2624, Y=$memory$auto$proc_rom.cc:155:do_switch$81$rdmux[0][3][0]$a$2599
      New ports: A=$memory$auto$proc_rom.cc:155:do_switch$81$rdmux[0][4][0]$a$2623 [2:0], B=$memory$auto$proc_rom.cc:155:do_switch$81$rdmux[0][4][0]$b$2624 [2:0], Y=$memory$auto$proc_rom.cc:155:do_switch$81$rdmux[0][3][0]$a$2599 [2:0]
      New connections: $memory$auto$proc_rom.cc:155:do_switch$81$rdmux[0][3][0]$a$2599 [3] = 1'0
    Consolidated identical input bits for $mux cell $memory$auto$proc_rom.cc:155:do_switch$85$rdmux[0][4][4]$1869:
      Old ports: A=$memory$auto$proc_rom.cc:155:do_switch$85$rdmux[0][4][4]$a$1870, B=$memory$auto$proc_rom.cc:155:do_switch$85$rdmux[0][4][4]$b$1871, Y=$memory$auto$proc_rom.cc:155:do_switch$85$rdmux[0][3][2]$a$1840
      New ports: A=$memory$auto$proc_rom.cc:155:do_switch$85$rdmux[0][4][4]$a$1870 [2:0], B=$memory$auto$proc_rom.cc:155:do_switch$85$rdmux[0][4][4]$b$1871 [2:0], Y=$memory$auto$proc_rom.cc:155:do_switch$85$rdmux[0][3][2]$a$1840 [2:0]
      New connections: $memory$auto$proc_rom.cc:155:do_switch$85$rdmux[0][3][2]$a$1840 [3] = 1'0
    Consolidated identical input bits for $mux cell $memory$auto$proc_rom.cc:155:do_switch$85$rdmux[0][4][1]$1860:
      Old ports: A=$memory$auto$proc_rom.cc:155:do_switch$85$rdmux[0][4][1]$a$1861, B=$memory$auto$proc_rom.cc:155:do_switch$85$rdmux[0][4][1]$b$1862, Y=$memory$auto$proc_rom.cc:155:do_switch$85$rdmux[0][3][0]$b$1835
      New ports: A=$memory$auto$proc_rom.cc:155:do_switch$85$rdmux[0][4][1]$a$1861 [2:0], B=$memory$auto$proc_rom.cc:155:do_switch$85$rdmux[0][4][1]$b$1862 [2:0], Y=$memory$auto$proc_rom.cc:155:do_switch$85$rdmux[0][3][0]$b$1835 [2:0]
      New connections: $memory$auto$proc_rom.cc:155:do_switch$85$rdmux[0][3][0]$b$1835 [3] = 1'0
    Consolidated identical input bits for $mux cell $memory$auto$proc_rom.cc:155:do_switch$85$rdmux[0][4][0]$1857:
      Old ports: A=$memory$auto$proc_rom.cc:155:do_switch$85$rdmux[0][4][0]$a$1858, B=$memory$auto$proc_rom.cc:155:do_switch$85$rdmux[0][4][0]$b$1859, Y=$memory$auto$proc_rom.cc:155:do_switch$85$rdmux[0][3][0]$a$1834
      New ports: A=$memory$auto$proc_rom.cc:155:do_switch$85$rdmux[0][4][0]$a$1858 [2:0], B=$memory$auto$proc_rom.cc:155:do_switch$85$rdmux[0][4][0]$b$1859 [2:0], Y=$memory$auto$proc_rom.cc:155:do_switch$85$rdmux[0][3][0]$a$1834 [2:0]
      New connections: $memory$auto$proc_rom.cc:155:do_switch$85$rdmux[0][3][0]$a$1834 [3] = 1'0
    Consolidated identical input bits for $mux cell $procmux$341:
      Old ports: A=$27\quant_scaled$func$/home/b10507053/ALS_Final_Project/student/work/ex250_ex254_frontend_fp4_dot_fma_semantic_20260608_2105/ex253/verilog/ex253_semantic_u2_sum8_bytetable_qrange.v:308$6.$result[6:0]$75, B=6'010001, Y=$26\quant_scaled$func$/home/b10507053/ALS_Final_Project/student/work/ex250_ex254_frontend_fp4_dot_fma_semantic_20260608_2105/ex253/verilog/ex253_semantic_u2_sum8_bytetable_qrange.v:308$6.$result[6:0]$73
      New ports: A=$27\quant_scaled$func$/home/b10507053/ALS_Final_Project/student/work/ex250_ex254_frontend_fp4_dot_fma_semantic_20260608_2105/ex253/verilog/ex253_semantic_u2_sum8_bytetable_qrange.v:308$6.$result[6:0]$75 [3:0], B=4'0001, Y=$26\quant_scaled$func$/home/b10507053/ALS_Final_Project/student/work/ex250_ex254_frontend_fp4_dot_fma_semantic_20260608_2105/ex253/verilog/ex253_semantic_u2_sum8_bytetable_qrange.v:308$6.$result[6:0]$73 [3:0]
      New connections: $26\quant_scaled$func$/home/b10507053/ALS_Final_Project/student/work/ex250_ex254_frontend_fp4_dot_fma_semantic_20260608_2105/ex253/verilog/ex253_semantic_u2_sum8_bytetable_qrange.v:308$6.$result[6:0]$73 [5:4] = { $26\quant_scaled$func$/home/b10507053/ALS_Final_Project/student/work/ex250_ex254_frontend_fp4_dot_fma_semantic_20260608_2105/ex253/verilog/ex253_semantic_u2_sum8_bytetable_qrange.v:308$6.$result[6:0]$73 [3] 1'1 }
  Optimizing cells in module \ex253_semantic_u2_sum8_bytetable_qrange.
    Consolidated identical input bits for $mux cell $memory$auto$proc_rom.cc:155:do_switch$81$rdmux[0][3][0]$2598:
      Old ports: A=$memory$auto$proc_rom.cc:155:do_switch$81$rdmux[0][3][0]$a$2599, B=$memory$auto$proc_rom.cc:155:do_switch$81$rdmux[0][3][0]$b$2600, Y=$memory$auto$proc_rom.cc:155:do_switch$81$rdmux[0][2][0]$a$2587
      New ports: A=$memory$auto$proc_rom.cc:155:do_switch$81$rdmux[0][3][0]$a$2599 [2:0], B=$memory$auto$proc_rom.cc:155:do_switch$81$rdmux[0][3][0]$b$2600 [2:0], Y=$memory$auto$proc_rom.cc:155:do_switch$81$rdmux[0][2][0]$a$2587 [2:0]
      New connections: $memory$auto$proc_rom.cc:155:do_switch$81$rdmux[0][2][0]$a$2587 [3] = 1'0
    Consolidated identical input bits for $mux cell $memory$auto$proc_rom.cc:155:do_switch$85$rdmux[0][3][0]$1833:
      Old ports: A=$memory$auto$proc_rom.cc:155:do_switch$85$rdmux[0][3][0]$a$1834, B=$memory$auto$proc_rom.cc:155:do_switch$85$rdmux[0][3][0]$b$1835, Y=$memory$auto$proc_rom.cc:155:do_switch$85$rdmux[0][2][0]$a$1822
      New ports: A=$memory$auto$proc_rom.cc:155:do_switch$85$rdmux[0][3][0]$a$1834 [2:0], B=$memory$auto$proc_rom.cc:155:do_switch$85$rdmux[0][3][0]$b$1835 [2:0], Y=$memory$auto$proc_rom.cc:155:do_switch$85$rdmux[0][2][0]$a$1822 [2:0]
      New connections: $memory$auto$proc_rom.cc:155:do_switch$85$rdmux[0][2][0]$a$1822 [3] = 1'0
    Consolidated identical input bits for $mux cell $procmux$419:
      Old ports: A=$26\quant_scaled$func$/home/b10507053/ALS_Final_Project/student/work/ex250_ex254_frontend_fp4_dot_fma_semantic_20260608_2105/ex253/verilog/ex253_semantic_u2_sum8_bytetable_qrange.v:308$6.$result[6:0]$73, B=6'010000, Y=$25\quant_scaled$func$/home/b10507053/ALS_Final_Project/student/work/ex250_ex254_frontend_fp4_dot_fma_semantic_20260608_2105/ex253/verilog/ex253_semantic_u2_sum8_bytetable_qrange.v:308$6.$result[6:0]$71
      New ports: A=$26\quant_scaled$func$/home/b10507053/ALS_Final_Project/student/work/ex250_ex254_frontend_fp4_dot_fma_semantic_20260608_2105/ex253/verilog/ex253_semantic_u2_sum8_bytetable_qrange.v:308$6.$result[6:0]$73 [3:0], B=4'0000, Y=$25\quant_scaled$func$/home/b10507053/ALS_Final_Project/student/work/ex250_ex254_frontend_fp4_dot_fma_semantic_20260608_2105/ex253/verilog/ex253_semantic_u2_sum8_bytetable_qrange.v:308$6.$result[6:0]$71 [3:0]
      New connections: $25\quant_scaled$func$/home/b10507053/ALS_Final_Project/student/work/ex250_ex254_frontend_fp4_dot_fma_semantic_20260608_2105/ex253/verilog/ex253_semantic_u2_sum8_bytetable_qrange.v:308$6.$result[6:0]$71 [5:4] = { $25\quant_scaled$func$/home/b10507053/ALS_Final_Project/student/work/ex250_ex254_frontend_fp4_dot_fma_semantic_20260608_2105/ex253/verilog/ex253_semantic_u2_sum8_bytetable_qrange.v:308$6.$result[6:0]$71 [3] 1'1 }
  Optimizing cells in module \ex253_semantic_u2_sum8_bytetable_qrange.
Performed a total of 389 changes.

2.21.5. Executing OPT_MERGE pass (detect identical cells).
Finding identical cells in module `\ex253_semantic_u2_sum8_bytetable_qrange'.
Computing hashes of 658 cells of `\ex253_semantic_u2_sum8_bytetable_qrange'.
Finding duplicate cells in `\ex253_semantic_u2_sum8_bytetable_qrange'.
Computing hashes of 406 cells of `\ex253_semantic_u2_sum8_bytetable_qrange'.
Finding duplicate cells in `\ex253_semantic_u2_sum8_bytetable_qrange'.
Computing hashes of 290 cells of `\ex253_semantic_u2_sum8_bytetable_qrange'.
Finding duplicate cells in `\ex253_semantic_u2_sum8_bytetable_qrange'.
Computing hashes of 242 cells of `\ex253_semantic_u2_sum8_bytetable_qrange'.
Finding duplicate cells in `\ex253_semantic_u2_sum8_bytetable_qrange'.
Computing hashes of 224 cells of `\ex253_semantic_u2_sum8_bytetable_qrange'.
Finding duplicate cells in `\ex253_semantic_u2_sum8_bytetable_qrange'.
Computing hashes of 220 cells of `\ex253_semantic_u2_sum8_bytetable_qrange'.
Finding duplicate cells in `\ex253_semantic_u2_sum8_bytetable_qrange'.
Removed a total of 438 cells.

2.21.6. Executing OPT_SHARE pass.

2.21.7. Executing OPT_DFF pass (perform DFF optimizations).

2.21.8. Executing OPT_CLEAN pass (remove unused cells and wires).
Finding unused cells or wires in module \ex253_semantic_u2_sum8_bytetable_qrange..
Removed 0 unused cells and 950 unused wires.

2.21.9. Executing OPT_EXPR pass (perform const folding).
Optimizing module ex253_semantic_u2_sum8_bytetable_qrange.

2.21.10. Rerunning OPT passes. (Maybe there is more to do..)

2.21.11. Executing OPT_MUXTREE pass (detect dead branches in mux trees).
Running muxtree optimizer on module \ex253_semantic_u2_sum8_bytetable_qrange..
  Creating internal representation of mux trees.
  Evaluating internal representation of mux trees.
  Analyzing evaluation results.
Removed 0 multiplexer ports.

2.21.12. Executing OPT_REDUCE pass (consolidate $*mux and $reduce_* inputs).
  Optimizing cells in module \ex253_semantic_u2_sum8_bytetable_qrange.
    Consolidated identical input bits for $mux cell $memory$auto$proc_rom.cc:155:do_switch$85$rdmux[0][6][62]$2187:
      Old ports: A={ 1'0 $memory$auto$proc_rom.cc:155:do_switch$85$rdmux[0][6][0]$a$2002 [0] }, B={ 1'1 $memory$auto$proc_rom.cc:155:do_switch$85$rdmux[0][6][0]$a$2002 [0] }, Y=$memory$auto$proc_rom.cc:155:do_switch$85$rdmux[0][5][0]$a$1906 [1:0]
      New ports: A=1'0, B=1'1, Y=$memory$auto$proc_rom.cc:155:do_switch$85$rdmux[0][5][0]$a$1906 [1]
      New connections: $memory$auto$proc_rom.cc:155:do_switch$85$rdmux[0][5][0]$a$1906 [0] = \in [8]
    Consolidated identical input bits for $mux cell $memory$auto$proc_rom.cc:155:do_switch$85$rdmux[0][6][61]$2184:
      Old ports: A={ $memory$auto$proc_rom.cc:155:do_switch$85$rdmux[0][6][11]$a$2035 [1:0] $memory$auto$proc_rom.cc:155:do_switch$85$rdmux[0][6][11]$a$2035 [0] $memory$auto$proc_rom.cc:155:do_switch$85$rdmux[0][6][11]$a$2035 [0] }, B={ 2'10 $memory$auto$proc_rom.cc:155:do_switch$85$rdmux[0][6][11]$a$2035 [1:0] }, Y=$memory$auto$proc_rom.cc:155:do_switch$85$rdmux[0][5][15]$b$1952
      New ports: A={ $memory$auto$proc_rom.cc:155:do_switch$85$rdmux[0][6][11]$a$2035 [1:0] $memory$auto$proc_rom.cc:155:do_switch$85$rdmux[0][6][11]$a$2035 [0] }, B={ 2'10 $memory$auto$proc_rom.cc:155:do_switch$85$rdmux[0][6][11]$a$2035 [1] }, Y=$memory$auto$proc_rom.cc:155:do_switch$85$rdmux[0][5][15]$b$1952 [3:1]
      New connections: $memory$auto$proc_rom.cc:155:do_switch$85$rdmux[0][5][15]$b$1952 [0] = $memory$auto$proc_rom.cc:155:do_switch$85$rdmux[0][6][11]$a$2035 [0]
    Consolidated identical input bits for $mux cell $memory$auto$proc_rom.cc:155:do_switch$85$rdmux[0][6][60]$2181:
      Old ports: A={ 2'01 $memory$auto$proc_rom.cc:155:do_switch$85$rdmux[0][6][0]$a$2002 [0] }, B={ 2'10 $memory$auto$proc_rom.cc:155:do_switch$85$rdmux[0][6][0]$a$2002 [0] }, Y=$memory$auto$proc_rom.cc:155:do_switch$85$rdmux[0][5][10]$a$1936 [2:0]
      New ports: A=2'01, B=2'10, Y=$memory$auto$proc_rom.cc:155:do_switch$85$rdmux[0][5][10]$a$1936 [2:1]
      New connections: $memory$auto$proc_rom.cc:155:do_switch$85$rdmux[0][5][10]$a$1936 [0] = \in [8]
    Consolidated identical input bits for $mux cell $memory$auto$proc_rom.cc:155:do_switch$81$rdmux[0][6][63]$2955:
      Old ports: A={ 1'0 $memory$auto$proc_rom.cc:155:do_switch$81$rdmux[0][6][11]$a$2800 [1:0] }, B={ $memory$auto$proc_rom.cc:155:do_switch$81$rdmux[0][6][11]$a$2800 [1:0] $memory$auto$proc_rom.cc:155:do_switch$81$rdmux[0][6][11]$a$2800 [0] }, Y=$memory$auto$proc_rom.cc:155:do_switch$81$rdmux[0][5][0]$b$2672 [2:0]
      New ports: A={ 1'0 $memory$auto$proc_rom.cc:155:do_switch$81$rdmux[0][6][11]$a$2800 [1] }, B=$memory$auto$proc_rom.cc:155:do_switch$81$rdmux[0][6][11]$a$2800 [1:0], Y=$memory$auto$proc_rom.cc:155:do_switch$81$rdmux[0][5][0]$b$2672 [2:1]
      New connections: $memory$auto$proc_rom.cc:155:do_switch$81$rdmux[0][5][0]$b$2672 [0] = $memory$auto$proc_rom.cc:155:do_switch$81$rdmux[0][6][11]$a$2800 [0]
    Consolidated identical input bits for $mux cell $memory$auto$proc_rom.cc:155:do_switch$81$rdmux[0][6][62]$2952:
      Old ports: A={ 1'0 $memory$auto$proc_rom.cc:155:do_switch$81$rdmux[0][6][0]$a$2767 [0] }, B={ 1'1 $memory$auto$proc_rom.cc:155:do_switch$81$rdmux[0][6][0]$a$2767 [0] }, Y=$memory$auto$proc_rom.cc:155:do_switch$81$rdmux[0][5][0]$a$2671 [1:0]
      New ports: A=1'0, B=1'1, Y=$memory$auto$proc_rom.cc:155:do_switch$81$rdmux[0][5][0]$a$2671 [1]
      New connections: $memory$auto$proc_rom.cc:155:do_switch$81$rdmux[0][5][0]$a$2671 [0] = \in [0]
    Consolidated identical input bits for $mux cell $memory$auto$proc_rom.cc:155:do_switch$81$rdmux[0][6][61]$2949:
      Old ports: A={ $memory$auto$proc_rom.cc:155:do_switch$81$rdmux[0][6][11]$a$2800 [1:0] $memory$auto$proc_rom.cc:155:do_switch$81$rdmux[0][6][11]$a$2800 [0] $memory$auto$proc_rom.cc:155:do_switch$81$rdmux[0][6][11]$a$2800 [0] }, B={ 2'10 $memory$auto$proc_rom.cc:155:do_switch$81$rdmux[0][6][11]$a$2800 [1:0] }, Y=$memory$auto$proc_rom.cc:155:do_switch$81$rdmux[0][5][15]$b$2717
      New ports: A={ $memory$auto$proc_rom.cc:155:do_switch$81$rdmux[0][6][11]$a$2800 [1:0] $memory$auto$proc_rom.cc:155:do_switch$81$rdmux[0][6][11]$a$2800 [0] }, B={ 2'10 $memory$auto$proc_rom.cc:155:do_switch$81$rdmux[0][6][11]$a$2800 [1] }, Y=$memory$auto$proc_rom.cc:155:do_switch$81$rdmux[0][5][15]$b$2717 [3:1]
      New connections: $memory$auto$proc_rom.cc:155:do_switch$81$rdmux[0][5][15]$b$2717 [0] = $memory$auto$proc_rom.cc:155:do_switch$81$rdmux[0][6][11]$a$2800 [0]
    Consolidated identical input bits for $mux cell $memory$auto$proc_rom.cc:155:do_switch$85$rdmux[0][6][48]$2145:
      Old ports: A={ $memory$auto$proc_rom.cc:155:do_switch$85$rdmux[0][6][11]$a$2035 [1:0] $memory$auto$proc_rom.cc:155:do_switch$85$rdmux[0][6][11]$a$2035 [0] }, B={ 1'1 $memory$auto$proc_rom.cc:155:do_switch$85$rdmux[0][6][11]$a$2035 [1:0] }, Y=$memory$auto$proc_rom.cc:155:do_switch$85$rdmux[0][5][10]$b$1937 [2:0]
      New ports: A=$memory$auto$proc_rom.cc:155:do_switch$85$rdmux[0][6][11]$a$2035 [1:0], B={ 1'1 $memory$auto$proc_rom.cc:155:do_switch$85$rdmux[0][6][11]$a$2035 [1] }, Y=$memory$auto$proc_rom.cc:155:do_switch$85$rdmux[0][5][10]$b$1937 [2:1]
      New connections: $memory$auto$proc_rom.cc:155:do_switch$85$rdmux[0][5][10]$b$1937 [0] = $memory$auto$proc_rom.cc:155:do_switch$85$rdmux[0][6][11]$a$2035 [0]
    Consolidated identical input bits for $mux cell $memory$auto$proc_rom.cc:155:do_switch$81$rdmux[0][6][60]$2946:
      Old ports: A={ 2'01 $memory$auto$proc_rom.cc:155:do_switch$81$rdmux[0][6][0]$a$2767 [0] }, B={ 2'10 $memory$auto$proc_rom.cc:155:do_switch$81$rdmux[0][6][0]$a$2767 [0] }, Y=$memory$auto$proc_rom.cc:155:do_switch$81$rdmux[0][5][10]$a$2701 [2:0]
      New ports: A=2'01, B=2'10, Y=$memory$auto$proc_rom.cc:155:do_switch$81$rdmux[0][5][10]$a$2701 [2:1]
      New connections: $memory$auto$proc_rom.cc:155:do_switch$81$rdmux[0][5][10]$a$2701 [0] = \in [0]
    Consolidated identical input bits for $mux cell $memory$auto$proc_rom.cc:155:do_switch$81$rdmux[0][6][48]$2910:
      Old ports: A={ $memory$auto$proc_rom.cc:155:do_switch$81$rdmux[0][6][11]$a$2800 [1:0] $memory$auto$proc_rom.cc:155:do_switch$81$rdmux[0][6][11]$a$2800 [0] }, B={ 1'1 $memory$auto$proc_rom.cc:155:do_switch$81$rdmux[0][6][11]$a$2800 [1:0] }, Y=$memory$auto$proc_rom.cc:155:do_switch$81$rdmux[0][5][10]$b$2702 [2:0]
      New ports: A=$memory$auto$proc_rom.cc:155:do_switch$81$rdmux[0][6][11]$a$2800 [1:0], B={ 1'1 $memory$auto$proc_rom.cc:155:do_switch$81$rdmux[0][6][11]$a$2800 [1] }, Y=$memory$auto$proc_rom.cc:155:do_switch$81$rdmux[0][5][10]$b$2702 [2:1]
      New connections: $memory$auto$proc_rom.cc:155:do_switch$81$rdmux[0][5][10]$b$2702 [0] = $memory$auto$proc_rom.cc:155:do_switch$81$rdmux[0][6][11]$a$2800 [0]
    Consolidated identical input bits for $mux cell $memory$auto$proc_rom.cc:155:do_switch$85$rdmux[0][6][56]$2169:
      Old ports: A={ 2'01 $memory$auto$proc_rom.cc:155:do_switch$85$rdmux[0][6][11]$a$2035 [1:0] }, B={ $memory$auto$proc_rom.cc:155:do_switch$85$rdmux[0][6][11]$a$2035 [1:0] $memory$auto$proc_rom.cc:155:do_switch$85$rdmux[0][6][11]$a$2035 [0] $memory$auto$proc_rom.cc:155:do_switch$85$rdmux[0][6][11]$a$2035 [0] }, Y=$memory$auto$proc_rom.cc:155:do_switch$85$rdmux[0][5][11]$b$1940
      New ports: A={ 2'01 $memory$auto$proc_rom.cc:155:do_switch$85$rdmux[0][6][11]$a$2035 [1] }, B={ $memory$auto$proc_rom.cc:155:do_switch$85$rdmux[0][6][11]$a$2035 [1:0] $memory$auto$proc_rom.cc:155:do_switch$85$rdmux[0][6][11]$a$2035 [0] }, Y=$memory$auto$proc_rom.cc:155:do_switch$85$rdmux[0][5][11]$b$1940 [3:1]
      New connections: $memory$auto$proc_rom.cc:155:do_switch$85$rdmux[0][5][11]$b$1940 [0] = $memory$auto$proc_rom.cc:155:do_switch$85$rdmux[0][6][11]$a$2035 [0]
    Consolidated identical input bits for $mux cell $memory$auto$proc_rom.cc:155:do_switch$81$rdmux[0][6][56]$2934:
      Old ports: A={ 2'01 $memory$auto$proc_rom.cc:155:do_switch$81$rdmux[0][6][11]$a$2800 [1:0] }, B={ $memory$auto$proc_rom.cc:155:do_switch$81$rdmux[0][6][11]$a$2800 [1:0] $memory$auto$proc_rom.cc:155:do_switch$81$rdmux[0][6][11]$a$2800 [0] $memory$auto$proc_rom.cc:155:do_switch$81$rdmux[0][6][11]$a$2800 [0] }, Y=$memory$auto$proc_rom.cc:155:do_switch$81$rdmux[0][5][11]$b$2705
      New ports: A={ 2'01 $memory$auto$proc_rom.cc:155:do_switch$81$rdmux[0][6][11]$a$2800 [1] }, B={ $memory$auto$proc_rom.cc:155:do_switch$81$rdmux[0][6][11]$a$2800 [1:0] $memory$auto$proc_rom.cc:155:do_switch$81$rdmux[0][6][11]$a$2800 [0] }, Y=$memory$auto$proc_rom.cc:155:do_switch$81$rdmux[0][5][11]$b$2705 [3:1]
      New connections: $memory$auto$proc_rom.cc:155:do_switch$81$rdmux[0][5][11]$b$2705 [0] = $memory$auto$proc_rom.cc:155:do_switch$81$rdmux[0][6][11]$a$2800 [0]
    Consolidated identical input bits for $mux cell $memory$auto$proc_rom.cc:155:do_switch$85$rdmux[0][6][63]$2190:
      Old ports: A={ 1'0 $memory$auto$proc_rom.cc:155:do_switch$85$rdmux[0][6][11]$a$2035 [1:0] }, B={ $memory$auto$proc_rom.cc:155:do_switch$85$rdmux[0][6][11]$a$2035 [1:0] $memory$auto$proc_rom.cc:155:do_switch$85$rdmux[0][6][11]$a$2035 [0] }, Y=$memory$auto$proc_rom.cc:155:do_switch$85$rdmux[0][5][0]$b$1907 [2:0]
      New ports: A={ 1'0 $memory$auto$proc_rom.cc:155:do_switch$85$rdmux[0][6][11]$a$2035 [1] }, B=$memory$auto$proc_rom.cc:155:do_switch$85$rdmux[0][6][11]$a$2035 [1:0], Y=$memory$auto$proc_rom.cc:155:do_switch$85$rdmux[0][5][0]$b$1907 [2:1]
      New connections: $memory$auto$proc_rom.cc:155:do_switch$85$rdmux[0][5][0]$b$1907 [0] = $memory$auto$proc_rom.cc:155:do_switch$85$rdmux[0][6][11]$a$2035 [0]
  Optimizing cells in module \ex253_semantic_u2_sum8_bytetable_qrange.
Performed a total of 12 changes.

2.21.13. Executing OPT_MERGE pass (detect identical cells).
Finding identical cells in module `\ex253_semantic_u2_sum8_bytetable_qrange'.
Computing hashes of 218 cells of `\ex253_semantic_u2_sum8_bytetable_qrange'.
Finding duplicate cells in `\ex253_semantic_u2_sum8_bytetable_qrange'.
Removed a total of 0 cells.

2.21.14. Executing OPT_SHARE pass.

2.21.15. Executing OPT_DFF pass (perform DFF optimizations).

2.21.16. Executing OPT_CLEAN pass (remove unused cells and wires).
Finding unused cells or wires in module \ex253_semantic_u2_sum8_bytetable_qrange..
Removed 0 unused cells and 2 unused wires.

2.21.17. Executing OPT_EXPR pass (perform const folding).
Optimizing module ex253_semantic_u2_sum8_bytetable_qrange.

2.21.18. Rerunning OPT passes. (Maybe there is more to do..)

2.21.19. Executing OPT_MUXTREE pass (detect dead branches in mux trees).
Running muxtree optimizer on module \ex253_semantic_u2_sum8_bytetable_qrange..
  Creating internal representation of mux trees.
  Evaluating internal representation of mux trees.
  Analyzing evaluation results.
Removed 0 multiplexer ports.

2.21.20. Executing OPT_REDUCE pass (consolidate $*mux and $reduce_* inputs).
  Optimizing cells in module \ex253_semantic_u2_sum8_bytetable_qrange.
Performed a total of 0 changes.

2.21.21. Executing OPT_MERGE pass (detect identical cells).
Finding identical cells in module `\ex253_semantic_u2_sum8_bytetable_qrange'.
Computing hashes of 216 cells of `\ex253_semantic_u2_sum8_bytetable_qrange'.
Finding duplicate cells in `\ex253_semantic_u2_sum8_bytetable_qrange'.
Removed a total of 0 cells.

2.21.22. Executing OPT_SHARE pass.

2.21.23. Executing OPT_DFF pass (perform DFF optimizations).

2.21.24. Executing OPT_CLEAN pass (remove unused cells and wires).
Finding unused cells or wires in module \ex253_semantic_u2_sum8_bytetable_qrange..
Removed 0 unused cells and 2 unused wires.

2.21.25. Executing OPT_EXPR pass (perform const folding).
Optimizing module ex253_semantic_u2_sum8_bytetable_qrange.

2.21.26. Rerunning OPT passes. (Maybe there is more to do..)

2.21.27. Executing OPT_MUXTREE pass (detect dead branches in mux trees).
Running muxtree optimizer on module \ex253_semantic_u2_sum8_bytetable_qrange..
  Creating internal representation of mux trees.
  Evaluating internal representation of mux trees.
  Analyzing evaluation results.
Removed 0 multiplexer ports.

2.21.28. Executing OPT_REDUCE pass (consolidate $*mux and $reduce_* inputs).
  Optimizing cells in module \ex253_semantic_u2_sum8_bytetable_qrange.
Performed a total of 0 changes.

2.21.29. Executing OPT_MERGE pass (detect identical cells).
Finding identical cells in module `\ex253_semantic_u2_sum8_bytetable_qrange'.
Computing hashes of 216 cells of `\ex253_semantic_u2_sum8_bytetable_qrange'.
Finding duplicate cells in `\ex253_semantic_u2_sum8_bytetable_qrange'.
Removed a total of 0 cells.

2.21.30. Executing OPT_SHARE pass.

2.21.31. Executing OPT_DFF pass (perform DFF optimizations).

2.21.32. Executing OPT_CLEAN pass (remove unused cells and wires).
Finding unused cells or wires in module \ex253_semantic_u2_sum8_bytetable_qrange..

2.21.33. Executing OPT_EXPR pass (perform const folding).
Optimizing module ex253_semantic_u2_sum8_bytetable_qrange.

2.21.34. Finished fast OPT passes. (There is nothing left to do.)

2.22. Executing TECHMAP pass (map to technology primitives).

2.22.1. Executing Verilog-2005 frontend: /home/b10507053/ALS_Final_Project/student/tools/conda-env/bin/../share/yosys/techmap.v
Parsing Verilog input from `/home/b10507053/ALS_Final_Project/student/tools/conda-env/bin/../share/yosys/techmap.v' to AST representation.
Generating RTLIL representation for module `\_90_simplemap_bool_ops'.
Generating RTLIL representation for module `\_90_simplemap_reduce_ops'.
Generating RTLIL representation for module `\_90_simplemap_logic_ops'.
Generating RTLIL representation for module `\_90_simplemap_compare_ops'.
Generating RTLIL representation for module `\_90_simplemap_various'.
Generating RTLIL representation for module `\_90_simplemap_registers'.
Generating RTLIL representation for module `\_90_shift_ops_shr_shl_sshl_sshr'.
Generating RTLIL representation for module `\_90_shift_shiftx'.
Generating RTLIL representation for module `\_90_fa'.
Generating RTLIL representation for module `\_90_lcu_brent_kung'.
Generating RTLIL representation for module `\_90_alu'.
Generating RTLIL representation for module `\_90_macc'.
Generating RTLIL representation for module `\_90_alumacc'.
Generating RTLIL representation for module `$__div_mod_u'.
Generating RTLIL representation for module `$__div_mod_trunc'.
Generating RTLIL representation for module `\_90_div'.
Generating RTLIL representation for module `\_90_mod'.
Generating RTLIL representation for module `$__div_mod_floor'.
Generating RTLIL representation for module `\_90_divfloor'.
Generating RTLIL representation for module `\_90_modfloor'.
Generating RTLIL representation for module `\_90_pow'.
Generating RTLIL representation for module `\_90_demux'.
Generating RTLIL representation for module `\_90_lut'.
Generating RTLIL representation for module `$connect'.
Generating RTLIL representation for module `$input_port'.
Successfully finished Verilog frontend.

2.22.2. Continuing TECHMAP pass.
Using extmapper simplemap for cells of type $not.
Using template $paramod$b18e16801adf491a64caa0542270798e5d4ac6b6\_90_alu for cells of type $alu.
Using template $paramod$00298f3f8094950cb9a5ff2fda48d0d8bde8806c\_90_alu for cells of type $alu.
Using template $paramod$740b056ede97228d3eae64ea2fdc81f0a33e0fe7\_90_alu for cells of type $alu.
Using template $paramod$fc972a7a46956c1788f3cb5257b53c8f1df2d0cc\_90_alu for cells of type $alu.
Using template $paramod$78e969f2586efcf3a5b0b0440bcca0db83d5cca2\_90_alu for cells of type $alu.
Using extmapper simplemap for cells of type $reduce_or.
Using extmapper simplemap for cells of type $reduce_and.
Using template $paramod$2116a631f856d4d4902c2618dca73dafa3b8c9c0\_90_alu for cells of type $alu.
Using template $paramod$a40b3a69ab2154dca9743e30e1e84efb03b892b4\_90_alu for cells of type $alu.
Using template $paramod$ed40eaed6d7865a5f6e873e7da3aa6067d71cfbb\_90_alu for cells of type $alu.
Using template $paramod$68eb2ee261b49d479fb9d9ec0659e1d20891082b\_90_alu for cells of type $alu.
Using template $paramod$eae5c6d909a05153739c7821f34da2cbc0422532\_90_alu for cells of type $alu.
Using template $paramod$8742280fdebca84e1c87f2a86ed84f62d558f4cc\_90_alu for cells of type $alu.
Using template $paramod$75108d6e8d490ab2eec24aee458e87cb2a6c124c\_90_alu for cells of type $alu.
Using template $paramod$dc04b7d98e503a7bab16fce2df70e6e2c5ca34d6\_90_alu for cells of type $alu.
Using template $paramod$a04dd9d4d8b430140c4ff94b50470fb380fda2a0\_90_alu for cells of type $alu.
Using extmapper simplemap for cells of type $mux.
Using extmapper simplemap for cells of type $pos.
Using template $paramod\_90_fa\WIDTH=32'00000000000000000000000000000110 for cells of type $fa.
Using template $paramod\_90_lcu_brent_kung\WIDTH=32'00000000000000000000000000000110 for cells of type $lcu.
Using extmapper simplemap for cells of type $xor.
Using template $paramod\_90_fa\WIDTH=32'00000000000000000000000000000101 for cells of type $fa.
Using template $paramod\_90_lcu_brent_kung\WIDTH=32'00000000000000000000000000000101 for cells of type $lcu.
Using template $paramod\_90_fa\WIDTH=32'00000000000000000000000000000100 for cells of type $fa.
Using template $paramod\_90_lcu_brent_kung\WIDTH=32'00000000000000000000000000000100 for cells of type $lcu.
Using template $paramod\_90_fa\WIDTH=32'00000000000000000000000000000011 for cells of type $fa.
Using template $paramod\_90_lcu_brent_kung\WIDTH=32'00000000000000000000000000000011 for cells of type $lcu.
Using template $paramod\_90_fa\WIDTH=32'00000000000000000000000000000001 for cells of type $fa.
Using template $paramod\_90_lcu_brent_kung\WIDTH=32'00000000000000000000000000000001 for cells of type $lcu.
Using extmapper simplemap for cells of type $and.
Using extmapper simplemap for cells of type $or.
No more expansions possible.

2.23. Executing OPT pass (performing simple optimizations).

2.23.1. Executing OPT_EXPR pass (perform const folding).
Optimizing module ex253_semantic_u2_sum8_bytetable_qrange.

2.23.2. Executing OPT_MERGE pass (detect identical cells).
Finding identical cells in module `\ex253_semantic_u2_sum8_bytetable_qrange'.
Computing hashes of 1045 cells of `\ex253_semantic_u2_sum8_bytetable_qrange'.
Finding duplicate cells in `\ex253_semantic_u2_sum8_bytetable_qrange'.
Computing hashes of 841 cells of `\ex253_semantic_u2_sum8_bytetable_qrange'.
Finding duplicate cells in `\ex253_semantic_u2_sum8_bytetable_qrange'.
Computing hashes of 700 cells of `\ex253_semantic_u2_sum8_bytetable_qrange'.
Finding duplicate cells in `\ex253_semantic_u2_sum8_bytetable_qrange'.
Computing hashes of 620 cells of `\ex253_semantic_u2_sum8_bytetable_qrange'.
Finding duplicate cells in `\ex253_semantic_u2_sum8_bytetable_qrange'.
Computing hashes of 572 cells of `\ex253_semantic_u2_sum8_bytetable_qrange'.
Finding duplicate cells in `\ex253_semantic_u2_sum8_bytetable_qrange'.
Computing hashes of 545 cells of `\ex253_semantic_u2_sum8_bytetable_qrange'.
Finding duplicate cells in `\ex253_semantic_u2_sum8_bytetable_qrange'.
Computing hashes of 529 cells of `\ex253_semantic_u2_sum8_bytetable_qrange'.
Finding duplicate cells in `\ex253_semantic_u2_sum8_bytetable_qrange'.
Computing hashes of 522 cells of `\ex253_semantic_u2_sum8_bytetable_qrange'.
Finding duplicate cells in `\ex253_semantic_u2_sum8_bytetable_qrange'.
Computing hashes of 519 cells of `\ex253_semantic_u2_sum8_bytetable_qrange'.
Finding duplicate cells in `\ex253_semantic_u2_sum8_bytetable_qrange'.
Removed a total of 526 cells.

2.23.3. Executing OPT_DFF pass (perform DFF optimizations).

2.23.4. Executing OPT_CLEAN pass (remove unused cells and wires).
Finding unused cells or wires in module \ex253_semantic_u2_sum8_bytetable_qrange..
Removed 61 unused cells and 1808 unused wires.

2.23.5. Finished fast OPT passes.

2.24. Executing ABC pass (technology mapping using ABC).

2.24.1. Extracting gate netlist of module `\ex253_semantic_u2_sum8_bytetable_qrange' to `<abc-temp-dir>/input.blif'..

2.24.1.1. Executed ABC.
Extracted 458 gates and 476 wires to a netlist network with 16 inputs and 7 outputs.
Running ABC script: <abc-temp-dir>/abc.script
ABC: UC Berkeley, ABC 1.01 (compiled May 12 2026 13:26:50)
ABC: abc 01> empty
ABC: abc 01> source <abc-temp-dir>/abc.script
ABC: + read_blif <abc-temp-dir>/input.blif 
ABC: + read_library <abc-temp-dir>/stdcells.genlib 
ABC: + strash 
ABC: + &get -n 
ABC: + &fraig -x 
ABC: + &put 
ABC: + scorr 
ABC: Warning: The network is combinational (run "fraig" or "fraig_sweep").
ABC: + dc2 
ABC: + dretime 
ABC: + strash 
ABC: + &get -n 
ABC: + &dch -f 
ABC: + &nf 
ABC: + &put 
ABC: + write_blif <abc-temp-dir>/output.blif 
ABC: 
ABC: YOSYS_ABC_DONE 

2.24.1.2. Re-integrating ABC results.
ABC RESULTS:               AND cells:       37
ABC RESULTS:            ANDNOT cells:       13
ABC RESULTS:               MUX cells:       22
ABC RESULTS:              NAND cells:       56
ABC RESULTS:               NOR cells:       12
ABC RESULTS:               NOT cells:        5
ABC RESULTS:                OR cells:       23
ABC RESULTS:             ORNOT cells:       12
ABC RESULTS:              XNOR cells:        7
ABC RESULTS:               XOR cells:        6
ABC RESULTS:        internal signals:      453
ABC RESULTS:           input signals:       16
ABC RESULTS:          output signals:        7
Removing temp directory.
Removing global temp directory.

2.25. Executing OPT pass (performing simple optimizations).

2.25.1. Executing OPT_EXPR pass (perform const folding).
Optimizing module ex253_semantic_u2_sum8_bytetable_qrange.

2.25.2. Executing OPT_MERGE pass (detect identical cells).
Finding identical cells in module `\ex253_semantic_u2_sum8_bytetable_qrange'.
Computing hashes of 193 cells of `\ex253_semantic_u2_sum8_bytetable_qrange'.
Finding duplicate cells in `\ex253_semantic_u2_sum8_bytetable_qrange'.
Removed a total of 0 cells.

2.25.3. Executing OPT_DFF pass (perform DFF optimizations).

2.25.4. Executing OPT_CLEAN pass (remove unused cells and wires).
Finding unused cells or wires in module \ex253_semantic_u2_sum8_bytetable_qrange..
Removed 0 unused cells and 218 unused wires.

2.25.5. Finished fast OPT passes.

2.26. Executing HIERARCHY pass (managing design hierarchy).
Attribute `top' found on module `ex253_semantic_u2_sum8_bytetable_qrange'. Setting top module to ex253_semantic_u2_sum8_bytetable_qrange.

2.26.1. Analyzing design hierarchy..
Top module:  \ex253_semantic_u2_sum8_bytetable_qrange

2.26.2. Analyzing design hierarchy..
Top module:  \ex253_semantic_u2_sum8_bytetable_qrange
Removed 0 unused modules.

2.27. Printing statistics.

=== ex253_semantic_u2_sum8_bytetable_qrange ===

        +----------Local Count, excluding submodules.
        | 
      193 wires
      249 wire bits
        7 public wires
       63 public wire bits
        2 ports
       24 port bits
      193 cells
       13   $_ANDNOT_
       37   $_AND_
       22   $_MUX_
       56   $_NAND_
       12   $_NOR_
        5   $_NOT_
       12   $_ORNOT_
       23   $_OR_
        7   $_XNOR_
        6   $_XOR_

2.28. Executing CHECK pass (checking for obvious problems).
Checking module ex253_semantic_u2_sum8_bytetable_qrange...
Found and reported 0 problems.

3. Executing ABC pass (technology mapping using ABC).

3.1. Extracting gate netlist of module `\ex253_semantic_u2_sum8_bytetable_qrange' to `<abc-temp-dir>/input.blif'..

3.1.1. Executed ABC.
Extracted 193 gates and 209 wires to a netlist network with 16 inputs and 7 outputs.
Running ABC script: <abc-temp-dir>/abc.script
ABC: UC Berkeley, ABC 1.01 (compiled May 12 2026 13:26:50)
ABC: abc 01> empty
ABC: abc 01> source <abc-temp-dir>/abc.script
ABC: + read_blif <abc-temp-dir>/input.blif 
ABC: + read_library <abc-temp-dir>/stdcells.genlib 
ABC: + strash 
ABC: + &get -n 
ABC: + &fraig -x 
ABC: + &put 
ABC: + scorr 
ABC: Warning: The network is combinational (run "fraig" or "fraig_sweep").
ABC: + dc2 
ABC: + dretime 
ABC: + strash 
ABC: + &get -n 
ABC: + &dch -f 
ABC: + &nf 
ABC: + &put 
ABC: + write_blif <abc-temp-dir>/output.blif 
ABC: 
ABC: YOSYS_ABC_DONE 

3.1.2. Re-integrating ABC results.
ABC RESULTS:               AND cells:      232
ABC RESULTS:               NOT cells:      212
ABC RESULTS:        internal signals:      186
ABC RESULTS:           input signals:       16
ABC RESULTS:          output signals:        7
Removing temp directory.
Removing global temp directory.

4. Executing AIGMAP pass (map logic to AIG).
Module ex253_semantic_u2_sum8_bytetable_qrange: replaced 0 cells with 0 new cells, skipped 444 cells.
  not replaced 2 cell types:
     232 $_AND_
     212 $_NOT_

5. Executing OPT pass (performing simple optimizations).

5.1. Executing OPT_EXPR pass (perform const folding).
Optimizing module ex253_semantic_u2_sum8_bytetable_qrange.

5.2. Executing OPT_MERGE pass (detect identical cells).
Finding identical cells in module `\ex253_semantic_u2_sum8_bytetable_qrange'.
Computing hashes of 444 cells of `\ex253_semantic_u2_sum8_bytetable_qrange'.
Finding duplicate cells in `\ex253_semantic_u2_sum8_bytetable_qrange'.
Removed a total of 0 cells.

5.3. Executing OPT_MUXTREE pass (detect dead branches in mux trees).
Running muxtree optimizer on module \ex253_semantic_u2_sum8_bytetable_qrange..
  Creating internal representation of mux trees.
  No muxes found in this module.
Removed 0 multiplexer ports.

5.4. Executing OPT_REDUCE pass (consolidate $*mux and $reduce_* inputs).
  Optimizing cells in module \ex253_semantic_u2_sum8_bytetable_qrange.
Performed a total of 0 changes.

5.5. Executing OPT_MERGE pass (detect identical cells).
Finding identical cells in module `\ex253_semantic_u2_sum8_bytetable_qrange'.
Computing hashes of 444 cells of `\ex253_semantic_u2_sum8_bytetable_qrange'.
Finding duplicate cells in `\ex253_semantic_u2_sum8_bytetable_qrange'.
Removed a total of 0 cells.

5.6. Executing OPT_DFF pass (perform DFF optimizations).

5.7. Executing OPT_CLEAN pass (remove unused cells and wires).
Finding unused cells or wires in module \ex253_semantic_u2_sum8_bytetable_qrange..
Removed 0 unused cells and 209 unused wires.

5.8. Executing OPT_EXPR pass (perform const folding).
Optimizing module ex253_semantic_u2_sum8_bytetable_qrange.

5.9. Rerunning OPT passes. (Maybe there is more to do..)

5.10. Executing OPT_MUXTREE pass (detect dead branches in mux trees).
Running muxtree optimizer on module \ex253_semantic_u2_sum8_bytetable_qrange..
  Creating internal representation of mux trees.
  No muxes found in this module.
Removed 0 multiplexer ports.

5.11. Executing OPT_REDUCE pass (consolidate $*mux and $reduce_* inputs).
  Optimizing cells in module \ex253_semantic_u2_sum8_bytetable_qrange.
Performed a total of 0 changes.

5.12. Executing OPT_MERGE pass (detect identical cells).
Finding identical cells in module `\ex253_semantic_u2_sum8_bytetable_qrange'.
Computing hashes of 444 cells of `\ex253_semantic_u2_sum8_bytetable_qrange'.
Finding duplicate cells in `\ex253_semantic_u2_sum8_bytetable_qrange'.
Removed a total of 0 cells.

5.13. Executing OPT_DFF pass (perform DFF optimizations).

5.14. Executing OPT_CLEAN pass (remove unused cells and wires).
Finding unused cells or wires in module \ex253_semantic_u2_sum8_bytetable_qrange..

5.15. Executing OPT_EXPR pass (perform const folding).
Optimizing module ex253_semantic_u2_sum8_bytetable_qrange.

5.16. Finished fast OPT passes. (There is nothing left to do.)

6. Executing AIGER backend.
ERROR: Can't open output file `/home/b10507053/ALS_Final_Project/student/work/ex250_ex254_frontend_fp4_dot_fma_semantic_20260608_2105/ex253/aigs/ex253_semantic_u2_sum8_bytetable_qrange_synth_preset.aig' for writing: No such file or directory
