case,candidate_id,hypothesis,variant,verilog_path,aig_path,verified_truth,synthesized,equivalent,area,delay,adp,reference_adp,adp_ratio_to_reference,within_1p5_reference,beats_reference,runtime_sec,classification,notes
ex260,ex260_smul_baugh_wooley_wallace_rev_hcla3_abc_g_aig,signed low4_high4:a*b,baugh_wooley_wallace_rev_hcla3+abc_g_aig,student/work/ex260_ex264_frontend_smul_order_hybrid_expand_20260609_0559/ex260/verilog/ex260_smul_baugh_wooley_wallace_rev_hcla3.v,student/work/ex260_ex264_frontend_smul_order_hybrid_expand_20260609_0559/ex260/aigs/ex260_smul_baugh_wooley_wallace_rev_hcla3_abc_g_aig.aig,1,1,1,88,15,1320,657,2.009132,0,0,0.208,semantic_signed_mul_exact,exact signed low4 * signed high4 over 256 inputs; source=baugh_wooley_wallace_rev_hcla3; flow=abc_g_aig
ex260,ex260_smul_baugh_wooley_wallace_rev_hcla3_wreduce_abc_g_aig,signed low4_high4:a*b,baugh_wooley_wallace_rev_hcla3+wreduce_abc_g_aig,student/work/ex260_ex264_frontend_smul_order_hybrid_expand_20260609_0559/ex260/verilog/ex260_smul_baugh_wooley_wallace_rev_hcla3.v,student/work/ex260_ex264_frontend_smul_order_hybrid_expand_20260609_0559/ex260/aigs/ex260_smul_baugh_wooley_wallace_rev_hcla3_wreduce_abc_g_aig.aig,1,1,1,88,15,1320,657,2.009132,0,0,0.619,semantic_signed_mul_exact,exact signed low4 * signed high4 over 256 inputs; source=baugh_wooley_wallace_rev_hcla3; flow=wreduce_abc_g_aig
ex260,ex260_smul_baugh_wooley_wallace_rev_hcla3_synth_preset_d13,signed low4_high4:a*b,baugh_wooley_wallace_rev_hcla3+synth_preset_d13,student/work/ex260_ex264_frontend_smul_order_hybrid_expand_20260609_0559/ex260/verilog/ex260_smul_baugh_wooley_wallace_rev_hcla3.v,student/work/ex260_ex264_frontend_smul_order_hybrid_expand_20260609_0559/ex260/aigs/ex260_smul_baugh_wooley_wallace_rev_hcla3_synth_preset_d13.aig,1,1,1,88,14,1232,657,1.875190,0,0,2.056,semantic_signed_mul_exact,exact signed low4 * signed high4 over 256 inputs; source=baugh_wooley_wallace_rev_hcla3; flow=synth_preset_d13
ex260,ex260_smul_baugh_wooley_wallace_rev_hcla4_abc_g_aig,signed low4_high4:a*b,baugh_wooley_wallace_rev_hcla4+abc_g_aig,student/work/ex260_ex264_frontend_smul_order_hybrid_expand_20260609_0559/ex260/verilog/ex260_smul_baugh_wooley_wallace_rev_hcla4.v,student/work/ex260_ex264_frontend_smul_order_hybrid_expand_20260609_0559/ex260/aigs/ex260_smul_baugh_wooley_wallace_rev_hcla4_abc_g_aig.aig,1,1,1,88,13,1144,657,1.741248,0,0,0.365,semantic_signed_mul_exact,exact signed low4 * signed high4 over 256 inputs; source=baugh_wooley_wallace_rev_hcla4; flow=abc_g_aig
ex260,ex260_smul_baugh_wooley_wallace_rev_hcla4_wreduce_abc_g_aig,signed low4_high4:a*b,baugh_wooley_wallace_rev_hcla4+wreduce_abc_g_aig,student/work/ex260_ex264_frontend_smul_order_hybrid_expand_20260609_0559/ex260/verilog/ex260_smul_baugh_wooley_wallace_rev_hcla4.v,student/work/ex260_ex264_frontend_smul_order_hybrid_expand_20260609_0559/ex260/aigs/ex260_smul_baugh_wooley_wallace_rev_hcla4_wreduce_abc_g_aig.aig,1,1,1,88,13,1144,657,1.741248,0,0,0.211,semantic_signed_mul_exact,exact signed low4 * signed high4 over 256 inputs; source=baugh_wooley_wallace_rev_hcla4; flow=wreduce_abc_g_aig
ex260,ex260_smul_baugh_wooley_wallace_rev_hcla4_synth_preset_d13,signed low4_high4:a*b,baugh_wooley_wallace_rev_hcla4+synth_preset_d13,student/work/ex260_ex264_frontend_smul_order_hybrid_expand_20260609_0559/ex260/verilog/ex260_smul_baugh_wooley_wallace_rev_hcla4.v,student/work/ex260_ex264_frontend_smul_order_hybrid_expand_20260609_0559/ex260/aigs/ex260_smul_baugh_wooley_wallace_rev_hcla4_synth_preset_d13.aig,1,1,1,88,16,1408,657,2.143075,0,0,0.271,semantic_signed_mul_exact,exact signed low4 * signed high4 over 256 inputs; source=baugh_wooley_wallace_rev_hcla4; flow=synth_preset_d13
ex260,ex260_smul_baugh_wooley_wallace_rev_hcla5_abc_g_aig,signed low4_high4:a*b,baugh_wooley_wallace_rev_hcla5+abc_g_aig,student/work/ex260_ex264_frontend_smul_order_hybrid_expand_20260609_0559/ex260/verilog/ex260_smul_baugh_wooley_wallace_rev_hcla5.v,student/work/ex260_ex264_frontend_smul_order_hybrid_expand_20260609_0559/ex260/aigs/ex260_smul_baugh_wooley_wallace_rev_hcla5_abc_g_aig.aig,1,1,1,87,16,1392,657,2.118721,0,0,0.207,semantic_signed_mul_exact,exact signed low4 * signed high4 over 256 inputs; source=baugh_wooley_wallace_rev_hcla5; flow=abc_g_aig
ex260,ex260_smul_baugh_wooley_wallace_rev_hcla5_wreduce_abc_g_aig,signed low4_high4:a*b,baugh_wooley_wallace_rev_hcla5+wreduce_abc_g_aig,student/work/ex260_ex264_frontend_smul_order_hybrid_expand_20260609_0559/ex260/verilog/ex260_smul_baugh_wooley_wallace_rev_hcla5.v,student/work/ex260_ex264_frontend_smul_order_hybrid_expand_20260609_0559/ex260/aigs/ex260_smul_baugh_wooley_wallace_rev_hcla5_wreduce_abc_g_aig.aig,1,1,1,87,16,1392,657,2.118721,0,0,0.207,semantic_signed_mul_exact,exact signed low4 * signed high4 over 256 inputs; source=baugh_wooley_wallace_rev_hcla5; flow=wreduce_abc_g_aig
ex260,ex260_smul_baugh_wooley_wallace_rev_hcla5_synth_preset_d13,signed low4_high4:a*b,baugh_wooley_wallace_rev_hcla5+synth_preset_d13,student/work/ex260_ex264_frontend_smul_order_hybrid_expand_20260609_0559/ex260/verilog/ex260_smul_baugh_wooley_wallace_rev_hcla5.v,student/work/ex260_ex264_frontend_smul_order_hybrid_expand_20260609_0559/ex260/aigs/ex260_smul_baugh_wooley_wallace_rev_hcla5_synth_preset_d13.aig,1,1,1,87,16,1392,657,2.118721,0,0,0.263,semantic_signed_mul_exact,exact signed low4 * signed high4 over 256 inputs; source=baugh_wooley_wallace_rev_hcla5; flow=synth_preset_d13
ex260,ex260_smul_baugh_wooley_wallace_outside_hcla3_abc_g_aig,signed low4_high4:a*b,baugh_wooley_wallace_outside_hcla3+abc_g_aig,student/work/ex260_ex264_frontend_smul_order_hybrid_expand_20260609_0559/ex260/verilog/ex260_smul_baugh_wooley_wallace_outside_hcla3.v,student/work/ex260_ex264_frontend_smul_order_hybrid_expand_20260609_0559/ex260/aigs/ex260_smul_baugh_wooley_wallace_outside_hcla3_abc_g_aig.aig,1,1,1,93,14,1302,657,1.981735,0,0,0.203,semantic_signed_mul_exact,exact signed low4 * signed high4 over 256 inputs; source=baugh_wooley_wallace_outside_hcla3; flow=abc_g_aig
ex260,ex260_smul_baugh_wooley_wallace_outside_hcla3_wreduce_abc_g_aig,signed low4_high4:a*b,baugh_wooley_wallace_outside_hcla3+wreduce_abc_g_aig,student/work/ex260_ex264_frontend_smul_order_hybrid_expand_20260609_0559/ex260/verilog/ex260_smul_baugh_wooley_wallace_outside_hcla3.v,student/work/ex260_ex264_frontend_smul_order_hybrid_expand_20260609_0559/ex260/aigs/ex260_smul_baugh_wooley_wallace_outside_hcla3_wreduce_abc_g_aig.aig,1,1,1,93,14,1302,657,1.981735,0,0,0.209,semantic_signed_mul_exact,exact signed low4 * signed high4 over 256 inputs; source=baugh_wooley_wallace_outside_hcla3; flow=wreduce_abc_g_aig
ex260,ex260_smul_baugh_wooley_wallace_outside_hcla3_synth_preset_d13,signed low4_high4:a*b,baugh_wooley_wallace_outside_hcla3+synth_preset_d13,student/work/ex260_ex264_frontend_smul_order_hybrid_expand_20260609_0559/ex260/verilog/ex260_smul_baugh_wooley_wallace_outside_hcla3.v,student/work/ex260_ex264_frontend_smul_order_hybrid_expand_20260609_0559/ex260/aigs/ex260_smul_baugh_wooley_wallace_outside_hcla3_synth_preset_d13.aig,1,1,1,92,14,1288,657,1.960426,0,0,0.248,semantic_signed_mul_exact,exact signed low4 * signed high4 over 256 inputs; source=baugh_wooley_wallace_outside_hcla3; flow=synth_preset_d13
ex260,ex260_smul_baugh_wooley_wallace_outside_hcla4_abc_g_aig,signed low4_high4:a*b,baugh_wooley_wallace_outside_hcla4+abc_g_aig,student/work/ex260_ex264_frontend_smul_order_hybrid_expand_20260609_0559/ex260/verilog/ex260_smul_baugh_wooley_wallace_outside_hcla4.v,student/work/ex260_ex264_frontend_smul_order_hybrid_expand_20260609_0559/ex260/aigs/ex260_smul_baugh_wooley_wallace_outside_hcla4_abc_g_aig.aig,1,1,1,93,14,1302,657,1.981735,0,0,0.204,semantic_signed_mul_exact,exact signed low4 * signed high4 over 256 inputs; source=baugh_wooley_wallace_outside_hcla4; flow=abc_g_aig
ex260,ex260_smul_baugh_wooley_wallace_outside_hcla4_wreduce_abc_g_aig,signed low4_high4:a*b,baugh_wooley_wallace_outside_hcla4+wreduce_abc_g_aig,student/work/ex260_ex264_frontend_smul_order_hybrid_expand_20260609_0559/ex260/verilog/ex260_smul_baugh_wooley_wallace_outside_hcla4.v,student/work/ex260_ex264_frontend_smul_order_hybrid_expand_20260609_0559/ex260/aigs/ex260_smul_baugh_wooley_wallace_outside_hcla4_wreduce_abc_g_aig.aig,1,1,1,93,14,1302,657,1.981735,0,0,0.247,semantic_signed_mul_exact,exact signed low4 * signed high4 over 256 inputs; source=baugh_wooley_wallace_outside_hcla4; flow=wreduce_abc_g_aig
ex260,ex260_smul_baugh_wooley_wallace_outside_hcla4_synth_preset_d13,signed low4_high4:a*b,baugh_wooley_wallace_outside_hcla4+synth_preset_d13,student/work/ex260_ex264_frontend_smul_order_hybrid_expand_20260609_0559/ex260/verilog/ex260_smul_baugh_wooley_wallace_outside_hcla4.v,student/work/ex260_ex264_frontend_smul_order_hybrid_expand_20260609_0559/ex260/aigs/ex260_smul_baugh_wooley_wallace_outside_hcla4_synth_preset_d13.aig,1,1,1,92,14,1288,657,1.960426,0,0,0.248,semantic_signed_mul_exact,exact signed low4 * signed high4 over 256 inputs; source=baugh_wooley_wallace_outside_hcla4; flow=synth_preset_d13
ex260,ex260_smul_baugh_wooley_wallace_outside_hcla5_abc_g_aig,signed low4_high4:a*b,baugh_wooley_wallace_outside_hcla5+abc_g_aig,student/work/ex260_ex264_frontend_smul_order_hybrid_expand_20260609_0559/ex260/verilog/ex260_smul_baugh_wooley_wallace_outside_hcla5.v,student/work/ex260_ex264_frontend_smul_order_hybrid_expand_20260609_0559/ex260/aigs/ex260_smul_baugh_wooley_wallace_outside_hcla5_abc_g_aig.aig,1,1,1,90,16,1440,657,2.191781,0,0,0.192,semantic_signed_mul_exact,exact signed low4 * signed high4 over 256 inputs; source=baugh_wooley_wallace_outside_hcla5; flow=abc_g_aig
ex260,ex260_smul_baugh_wooley_wallace_outside_hcla5_wreduce_abc_g_aig,signed low4_high4:a*b,baugh_wooley_wallace_outside_hcla5+wreduce_abc_g_aig,student/work/ex260_ex264_frontend_smul_order_hybrid_expand_20260609_0559/ex260/verilog/ex260_smul_baugh_wooley_wallace_outside_hcla5.v,student/work/ex260_ex264_frontend_smul_order_hybrid_expand_20260609_0559/ex260/aigs/ex260_smul_baugh_wooley_wallace_outside_hcla5_wreduce_abc_g_aig.aig,1,1,1,90,16,1440,657,2.191781,0,0,0.369,semantic_signed_mul_exact,exact signed low4 * signed high4 over 256 inputs; source=baugh_wooley_wallace_outside_hcla5; flow=wreduce_abc_g_aig
ex260,ex260_smul_baugh_wooley_wallace_outside_hcla5_synth_preset_d13,signed low4_high4:a*b,baugh_wooley_wallace_outside_hcla5+synth_preset_d13,student/work/ex260_ex264_frontend_smul_order_hybrid_expand_20260609_0559/ex260/verilog/ex260_smul_baugh_wooley_wallace_outside_hcla5.v,student/work/ex260_ex264_frontend_smul_order_hybrid_expand_20260609_0559/ex260/aigs/ex260_smul_baugh_wooley_wallace_outside_hcla5_synth_preset_d13.aig,1,1,1,88,16,1408,657,2.143075,0,0,0.496,semantic_signed_mul_exact,exact signed low4 * signed high4 over 256 inputs; source=baugh_wooley_wallace_outside_hcla5; flow=synth_preset_d13
ex260,ex260_smul_baugh_wooley_wallace_rev_rhcla3_abc_g_aig,signed low4_high4:a*b,baugh_wooley_wallace_rev_rhcla3+abc_g_aig,student/work/ex260_ex264_frontend_smul_order_hybrid_expand_20260609_0559/ex260/verilog/ex260_smul_baugh_wooley_wallace_rev_rhcla3.v,student/work/ex260_ex264_frontend_smul_order_hybrid_expand_20260609_0559/ex260/aigs/ex260_smul_baugh_wooley_wallace_rev_rhcla3_abc_g_aig.aig,1,1,1,87,16,1392,657,2.118721,0,0,0.199,semantic_signed_mul_exact,exact signed low4 * signed high4 over 256 inputs; source=baugh_wooley_wallace_rev_rhcla3; flow=abc_g_aig
ex260,ex260_smul_baugh_wooley_wallace_rev_rhcla3_wreduce_abc_g_aig,signed low4_high4:a*b,baugh_wooley_wallace_rev_rhcla3+wreduce_abc_g_aig,student/work/ex260_ex264_frontend_smul_order_hybrid_expand_20260609_0559/ex260/verilog/ex260_smul_baugh_wooley_wallace_rev_rhcla3.v,student/work/ex260_ex264_frontend_smul_order_hybrid_expand_20260609_0559/ex260/aigs/ex260_smul_baugh_wooley_wallace_rev_rhcla3_wreduce_abc_g_aig.aig,1,1,1,87,16,1392,657,2.118721,0,0,0.205,semantic_signed_mul_exact,exact signed low4 * signed high4 over 256 inputs; source=baugh_wooley_wallace_rev_rhcla3; flow=wreduce_abc_g_aig
ex260,ex260_smul_baugh_wooley_wallace_rev_rhcla3_synth_preset_d13,signed low4_high4:a*b,baugh_wooley_wallace_rev_rhcla3+synth_preset_d13,student/work/ex260_ex264_frontend_smul_order_hybrid_expand_20260609_0559/ex260/verilog/ex260_smul_baugh_wooley_wallace_rev_rhcla3.v,student/work/ex260_ex264_frontend_smul_order_hybrid_expand_20260609_0559/ex260/aigs/ex260_smul_baugh_wooley_wallace_rev_rhcla3_synth_preset_d13.aig,1,1,1,88,14,1232,657,1.875190,0,0,0.270,semantic_signed_mul_exact,exact signed low4 * signed high4 over 256 inputs; source=baugh_wooley_wallace_rev_rhcla3; flow=synth_preset_d13
ex260,ex260_smul_baugh_wooley_wallace_rev_rhcla4_abc_g_aig,signed low4_high4:a*b,baugh_wooley_wallace_rev_rhcla4+abc_g_aig,student/work/ex260_ex264_frontend_smul_order_hybrid_expand_20260609_0559/ex260/verilog/ex260_smul_baugh_wooley_wallace_rev_rhcla4.v,student/work/ex260_ex264_frontend_smul_order_hybrid_expand_20260609_0559/ex260/aigs/ex260_smul_baugh_wooley_wallace_rev_rhcla4_abc_g_aig.aig,1,1,1,88,14,1232,657,1.875190,0,0,0.233,semantic_signed_mul_exact,exact signed low4 * signed high4 over 256 inputs; source=baugh_wooley_wallace_rev_rhcla4; flow=abc_g_aig
ex260,ex260_smul_baugh_wooley_wallace_rev_rhcla4_wreduce_abc_g_aig,signed low4_high4:a*b,baugh_wooley_wallace_rev_rhcla4+wreduce_abc_g_aig,student/work/ex260_ex264_frontend_smul_order_hybrid_expand_20260609_0559/ex260/verilog/ex260_smul_baugh_wooley_wallace_rev_rhcla4.v,student/work/ex260_ex264_frontend_smul_order_hybrid_expand_20260609_0559/ex260/aigs/ex260_smul_baugh_wooley_wallace_rev_rhcla4_wreduce_abc_g_aig.aig,1,1,1,88,14,1232,657,1.875190,0,0,0.204,semantic_signed_mul_exact,exact signed low4 * signed high4 over 256 inputs; source=baugh_wooley_wallace_rev_rhcla4; flow=wreduce_abc_g_aig
ex260,ex260_smul_baugh_wooley_wallace_rev_rhcla4_synth_preset_d13,signed low4_high4:a*b,baugh_wooley_wallace_rev_rhcla4+synth_preset_d13,student/work/ex260_ex264_frontend_smul_order_hybrid_expand_20260609_0559/ex260/verilog/ex260_smul_baugh_wooley_wallace_rev_rhcla4.v,student/work/ex260_ex264_frontend_smul_order_hybrid_expand_20260609_0559/ex260/aigs/ex260_smul_baugh_wooley_wallace_rev_rhcla4_synth_preset_d13.aig,1,1,1,87,14,1218,657,1.853881,0,0,0.267,semantic_signed_mul_exact,exact signed low4 * signed high4 over 256 inputs; source=baugh_wooley_wallace_rev_rhcla4; flow=synth_preset_d13
ex260,ex260_smul_baugh_wooley_wallace_rev_rhcla5_abc_g_aig,signed low4_high4:a*b,baugh_wooley_wallace_rev_rhcla5+abc_g_aig,student/work/ex260_ex264_frontend_smul_order_hybrid_expand_20260609_0559/ex260/verilog/ex260_smul_baugh_wooley_wallace_rev_rhcla5.v,student/work/ex260_ex264_frontend_smul_order_hybrid_expand_20260609_0559/ex260/aigs/ex260_smul_baugh_wooley_wallace_rev_rhcla5_abc_g_aig.aig,1,1,1,87,16,1392,657,2.118721,0,0,0.200,semantic_signed_mul_exact,exact signed low4 * signed high4 over 256 inputs; source=baugh_wooley_wallace_rev_rhcla5; flow=abc_g_aig
ex260,ex260_smul_baugh_wooley_wallace_rev_rhcla5_wreduce_abc_g_aig,signed low4_high4:a*b,baugh_wooley_wallace_rev_rhcla5+wreduce_abc_g_aig,student/work/ex260_ex264_frontend_smul_order_hybrid_expand_20260609_0559/ex260/verilog/ex260_smul_baugh_wooley_wallace_rev_rhcla5.v,student/work/ex260_ex264_frontend_smul_order_hybrid_expand_20260609_0559/ex260/aigs/ex260_smul_baugh_wooley_wallace_rev_rhcla5_wreduce_abc_g_aig.aig,1,1,1,87,16,1392,657,2.118721,0,0,0.216,semantic_signed_mul_exact,exact signed low4 * signed high4 over 256 inputs; source=baugh_wooley_wallace_rev_rhcla5; flow=wreduce_abc_g_aig
ex260,ex260_smul_baugh_wooley_wallace_rev_rhcla5_synth_preset_d13,signed low4_high4:a*b,baugh_wooley_wallace_rev_rhcla5+synth_preset_d13,student/work/ex260_ex264_frontend_smul_order_hybrid_expand_20260609_0559/ex260/verilog/ex260_smul_baugh_wooley_wallace_rev_rhcla5.v,student/work/ex260_ex264_frontend_smul_order_hybrid_expand_20260609_0559/ex260/aigs/ex260_smul_baugh_wooley_wallace_rev_rhcla5_synth_preset_d13.aig,1,1,1,87,16,1392,657,2.118721,0,0,0.263,semantic_signed_mul_exact,exact signed low4 * signed high4 over 256 inputs; source=baugh_wooley_wallace_rev_rhcla5; flow=synth_preset_d13
ex260,ex260_smul_baugh_wooley_wallace_outside_rhcla3_abc_g_aig,signed low4_high4:a*b,baugh_wooley_wallace_outside_rhcla3+abc_g_aig,student/work/ex260_ex264_frontend_smul_order_hybrid_expand_20260609_0559/ex260/verilog/ex260_smul_baugh_wooley_wallace_outside_rhcla3.v,student/work/ex260_ex264_frontend_smul_order_hybrid_expand_20260609_0559/ex260/aigs/ex260_smul_baugh_wooley_wallace_outside_rhcla3_abc_g_aig.aig,1,1,1,93,14,1302,657,1.981735,0,0,0.200,semantic_signed_mul_exact,exact signed low4 * signed high4 over 256 inputs; source=baugh_wooley_wallace_outside_rhcla3; flow=abc_g_aig
ex260,ex260_smul_baugh_wooley_wallace_outside_rhcla3_wreduce_abc_g_aig,signed low4_high4:a*b,baugh_wooley_wallace_outside_rhcla3+wreduce_abc_g_aig,student/work/ex260_ex264_frontend_smul_order_hybrid_expand_20260609_0559/ex260/verilog/ex260_smul_baugh_wooley_wallace_outside_rhcla3.v,student/work/ex260_ex264_frontend_smul_order_hybrid_expand_20260609_0559/ex260/aigs/ex260_smul_baugh_wooley_wallace_outside_rhcla3_wreduce_abc_g_aig.aig,1,1,1,93,14,1302,657,1.981735,0,0,0.202,semantic_signed_mul_exact,exact signed low4 * signed high4 over 256 inputs; source=baugh_wooley_wallace_outside_rhcla3; flow=wreduce_abc_g_aig
ex260,ex260_smul_baugh_wooley_wallace_outside_rhcla3_synth_preset_d13,signed low4_high4:a*b,baugh_wooley_wallace_outside_rhcla3+synth_preset_d13,student/work/ex260_ex264_frontend_smul_order_hybrid_expand_20260609_0559/ex260/verilog/ex260_smul_baugh_wooley_wallace_outside_rhcla3.v,student/work/ex260_ex264_frontend_smul_order_hybrid_expand_20260609_0559/ex260/aigs/ex260_smul_baugh_wooley_wallace_outside_rhcla3_synth_preset_d13.aig,1,1,1,93,14,1302,657,1.981735,0,0,0.261,semantic_signed_mul_exact,exact signed low4 * signed high4 over 256 inputs; source=baugh_wooley_wallace_outside_rhcla3; flow=synth_preset_d13
ex260,ex260_smul_baugh_wooley_wallace_outside_rhcla4_abc_g_aig,signed low4_high4:a*b,baugh_wooley_wallace_outside_rhcla4+abc_g_aig,student/work/ex260_ex264_frontend_smul_order_hybrid_expand_20260609_0559/ex260/verilog/ex260_smul_baugh_wooley_wallace_outside_rhcla4.v,student/work/ex260_ex264_frontend_smul_order_hybrid_expand_20260609_0559/ex260/aigs/ex260_smul_baugh_wooley_wallace_outside_rhcla4_abc_g_aig.aig,1,1,1,93,14,1302,657,1.981735,0,0,0.198,semantic_signed_mul_exact,exact signed low4 * signed high4 over 256 inputs; source=baugh_wooley_wallace_outside_rhcla4; flow=abc_g_aig
ex260,ex260_smul_baugh_wooley_wallace_outside_rhcla4_wreduce_abc_g_aig,signed low4_high4:a*b,baugh_wooley_wallace_outside_rhcla4+wreduce_abc_g_aig,student/work/ex260_ex264_frontend_smul_order_hybrid_expand_20260609_0559/ex260/verilog/ex260_smul_baugh_wooley_wallace_outside_rhcla4.v,student/work/ex260_ex264_frontend_smul_order_hybrid_expand_20260609_0559/ex260/aigs/ex260_smul_baugh_wooley_wallace_outside_rhcla4_wreduce_abc_g_aig.aig,1,1,1,93,14,1302,657,1.981735,0,0,0.204,semantic_signed_mul_exact,exact signed low4 * signed high4 over 256 inputs; source=baugh_wooley_wallace_outside_rhcla4; flow=wreduce_abc_g_aig
ex260,ex260_smul_baugh_wooley_wallace_outside_rhcla4_synth_preset_d13,signed low4_high4:a*b,baugh_wooley_wallace_outside_rhcla4+synth_preset_d13,student/work/ex260_ex264_frontend_smul_order_hybrid_expand_20260609_0559/ex260/verilog/ex260_smul_baugh_wooley_wallace_outside_rhcla4.v,student/work/ex260_ex264_frontend_smul_order_hybrid_expand_20260609_0559/ex260/aigs/ex260_smul_baugh_wooley_wallace_outside_rhcla4_synth_preset_d13.aig,1,1,1,93,14,1302,657,1.981735,0,0,0.266,semantic_signed_mul_exact,exact signed low4 * signed high4 over 256 inputs; source=baugh_wooley_wallace_outside_rhcla4; flow=synth_preset_d13
ex260,ex260_smul_baugh_wooley_wallace_outside_rhcla5_abc_g_aig,signed low4_high4:a*b,baugh_wooley_wallace_outside_rhcla5+abc_g_aig,student/work/ex260_ex264_frontend_smul_order_hybrid_expand_20260609_0559/ex260/verilog/ex260_smul_baugh_wooley_wallace_outside_rhcla5.v,student/work/ex260_ex264_frontend_smul_order_hybrid_expand_20260609_0559/ex260/aigs/ex260_smul_baugh_wooley_wallace_outside_rhcla5_abc_g_aig.aig,1,1,1,89,16,1424,657,2.167428,0,0,0.187,semantic_signed_mul_exact,exact signed low4 * signed high4 over 256 inputs; source=baugh_wooley_wallace_outside_rhcla5; flow=abc_g_aig
ex260,ex260_smul_baugh_wooley_wallace_outside_rhcla5_wreduce_abc_g_aig,signed low4_high4:a*b,baugh_wooley_wallace_outside_rhcla5+wreduce_abc_g_aig,student/work/ex260_ex264_frontend_smul_order_hybrid_expand_20260609_0559/ex260/verilog/ex260_smul_baugh_wooley_wallace_outside_rhcla5.v,student/work/ex260_ex264_frontend_smul_order_hybrid_expand_20260609_0559/ex260/aigs/ex260_smul_baugh_wooley_wallace_outside_rhcla5_wreduce_abc_g_aig.aig,1,1,1,89,16,1424,657,2.167428,0,0,0.191,semantic_signed_mul_exact,exact signed low4 * signed high4 over 256 inputs; source=baugh_wooley_wallace_outside_rhcla5; flow=wreduce_abc_g_aig
ex260,ex260_smul_baugh_wooley_wallace_outside_rhcla5_synth_preset_d13,signed low4_high4:a*b,baugh_wooley_wallace_outside_rhcla5+synth_preset_d13,student/work/ex260_ex264_frontend_smul_order_hybrid_expand_20260609_0559/ex260/verilog/ex260_smul_baugh_wooley_wallace_outside_rhcla5.v,student/work/ex260_ex264_frontend_smul_order_hybrid_expand_20260609_0559/ex260/aigs/ex260_smul_baugh_wooley_wallace_outside_rhcla5_synth_preset_d13.aig,1,1,1,89,16,1424,657,2.167428,0,0,0.251,semantic_signed_mul_exact,exact signed low4 * signed high4 over 256 inputs; source=baugh_wooley_wallace_outside_rhcla5; flow=synth_preset_d13
ex260,ex260_smul_baugh_wooley_wallace_rev_pfx6_abc_g_aig,signed low4_high4:a*b,baugh_wooley_wallace_rev_pfx6+abc_g_aig,student/work/ex260_ex264_frontend_smul_order_hybrid_expand_20260609_0559/ex260/verilog/ex260_smul_baugh_wooley_wallace_rev_pfx6.v,student/work/ex260_ex264_frontend_smul_order_hybrid_expand_20260609_0559/ex260/aigs/ex260_smul_baugh_wooley_wallace_rev_pfx6_abc_g_aig.aig,1,1,1,88,14,1232,657,1.875190,0,0,0.203,semantic_signed_mul_exact,exact signed low4 * signed high4 over 256 inputs; source=baugh_wooley_wallace_rev_pfx6; flow=abc_g_aig
ex260,ex260_smul_baugh_wooley_wallace_rev_pfx6_wreduce_abc_g_aig,signed low4_high4:a*b,baugh_wooley_wallace_rev_pfx6+wreduce_abc_g_aig,student/work/ex260_ex264_frontend_smul_order_hybrid_expand_20260609_0559/ex260/verilog/ex260_smul_baugh_wooley_wallace_rev_pfx6.v,student/work/ex260_ex264_frontend_smul_order_hybrid_expand_20260609_0559/ex260/aigs/ex260_smul_baugh_wooley_wallace_rev_pfx6_wreduce_abc_g_aig.aig,1,1,1,88,14,1232,657,1.875190,0,0,0.206,semantic_signed_mul_exact,exact signed low4 * signed high4 over 256 inputs; source=baugh_wooley_wallace_rev_pfx6; flow=wreduce_abc_g_aig
ex260,ex260_smul_baugh_wooley_wallace_rev_pfx6_synth_preset_d13,signed low4_high4:a*b,baugh_wooley_wallace_rev_pfx6+synth_preset_d13,student/work/ex260_ex264_frontend_smul_order_hybrid_expand_20260609_0559/ex260/verilog/ex260_smul_baugh_wooley_wallace_rev_pfx6.v,student/work/ex260_ex264_frontend_smul_order_hybrid_expand_20260609_0559/ex260/aigs/ex260_smul_baugh_wooley_wallace_rev_pfx6_synth_preset_d13.aig,1,1,1,86,16,1376,657,2.094368,0,0,0.261,semantic_signed_mul_exact,exact signed low4 * signed high4 over 256 inputs; source=baugh_wooley_wallace_rev_pfx6; flow=synth_preset_d13
ex260,ex260_smul_baugh_wooley_wallace_outside_pfx6_abc_g_aig,signed low4_high4:a*b,baugh_wooley_wallace_outside_pfx6+abc_g_aig,student/work/ex260_ex264_frontend_smul_order_hybrid_expand_20260609_0559/ex260/verilog/ex260_smul_baugh_wooley_wallace_outside_pfx6.v,student/work/ex260_ex264_frontend_smul_order_hybrid_expand_20260609_0559/ex260/aigs/ex260_smul_baugh_wooley_wallace_outside_pfx6_abc_g_aig.aig,1,1,1,91,14,1274,657,1.939117,0,0,0.202,semantic_signed_mul_exact,exact signed low4 * signed high4 over 256 inputs; source=baugh_wooley_wallace_outside_pfx6; flow=abc_g_aig
ex260,ex260_smul_baugh_wooley_wallace_outside_pfx6_wreduce_abc_g_aig,signed low4_high4:a*b,baugh_wooley_wallace_outside_pfx6+wreduce_abc_g_aig,student/work/ex260_ex264_frontend_smul_order_hybrid_expand_20260609_0559/ex260/verilog/ex260_smul_baugh_wooley_wallace_outside_pfx6.v,student/work/ex260_ex264_frontend_smul_order_hybrid_expand_20260609_0559/ex260/aigs/ex260_smul_baugh_wooley_wallace_outside_pfx6_wreduce_abc_g_aig.aig,1,1,1,91,14,1274,657,1.939117,0,0,0.203,semantic_signed_mul_exact,exact signed low4 * signed high4 over 256 inputs; source=baugh_wooley_wallace_outside_pfx6; flow=wreduce_abc_g_aig
ex260,ex260_smul_baugh_wooley_wallace_outside_pfx6_synth_preset_d13,signed low4_high4:a*b,baugh_wooley_wallace_outside_pfx6+synth_preset_d13,student/work/ex260_ex264_frontend_smul_order_hybrid_expand_20260609_0559/ex260/verilog/ex260_smul_baugh_wooley_wallace_outside_pfx6.v,student/work/ex260_ex264_frontend_smul_order_hybrid_expand_20260609_0559/ex260/aigs/ex260_smul_baugh_wooley_wallace_outside_pfx6_synth_preset_d13.aig,1,1,1,89,16,1424,657,2.167428,0,0,0.254,semantic_signed_mul_exact,exact signed low4 * signed high4 over 256 inputs; source=baugh_wooley_wallace_outside_pfx6; flow=synth_preset_d13
ex260,ex260_smul_baugh_wooley_wallace_hcla4_abc_g_aig,signed low4_high4:a*b,baugh_wooley_wallace_hcla4+abc_g_aig,student/work/ex260_ex264_frontend_smul_order_hybrid_expand_20260609_0559/ex260/verilog/ex260_smul_baugh_wooley_wallace_hcla4.v,student/work/ex260_ex264_frontend_smul_order_hybrid_expand_20260609_0559/ex260/aigs/ex260_smul_baugh_wooley_wallace_hcla4_abc_g_aig.aig,1,1,1,92,13,1196,657,1.820396,0,0,0.209,semantic_signed_mul_exact,exact signed low4 * signed high4 over 256 inputs; source=baugh_wooley_wallace_hcla4; flow=abc_g_aig
ex260,ex260_smul_baugh_wooley_wallace_hcla4_wreduce_abc_g_aig,signed low4_high4:a*b,baugh_wooley_wallace_hcla4+wreduce_abc_g_aig,student/work/ex260_ex264_frontend_smul_order_hybrid_expand_20260609_0559/ex260/verilog/ex260_smul_baugh_wooley_wallace_hcla4.v,student/work/ex260_ex264_frontend_smul_order_hybrid_expand_20260609_0559/ex260/aigs/ex260_smul_baugh_wooley_wallace_hcla4_wreduce_abc_g_aig.aig,1,1,1,91,14,1274,657,1.939117,0,0,0.215,semantic_signed_mul_exact,exact signed low4 * signed high4 over 256 inputs; source=baugh_wooley_wallace_hcla4; flow=wreduce_abc_g_aig
ex260,ex260_smul_baugh_wooley_wallace_hcla4_synth_preset_d13,signed low4_high4:a*b,baugh_wooley_wallace_hcla4+synth_preset_d13,student/work/ex260_ex264_frontend_smul_order_hybrid_expand_20260609_0559/ex260/verilog/ex260_smul_baugh_wooley_wallace_hcla4.v,student/work/ex260_ex264_frontend_smul_order_hybrid_expand_20260609_0559/ex260/aigs/ex260_smul_baugh_wooley_wallace_hcla4_synth_preset_d13.aig,1,1,1,92,14,1288,657,1.960426,0,0,0.255,semantic_signed_mul_exact,exact signed low4 * signed high4 over 256 inputs; source=baugh_wooley_wallace_hcla4; flow=synth_preset_d13
ex260,ex260_smul_baugh_wooley_wallace_pfx6_abc_g_aig,signed low4_high4:a*b,baugh_wooley_wallace_pfx6+abc_g_aig,student/work/ex260_ex264_frontend_smul_order_hybrid_expand_20260609_0559/ex260/verilog/ex260_smul_baugh_wooley_wallace_pfx6.v,student/work/ex260_ex264_frontend_smul_order_hybrid_expand_20260609_0559/ex260/aigs/ex260_smul_baugh_wooley_wallace_pfx6_abc_g_aig.aig,1,1,1,91,14,1274,657,1.939117,0,0,0.206,semantic_signed_mul_exact,exact signed low4 * signed high4 over 256 inputs; source=baugh_wooley_wallace_pfx6; flow=abc_g_aig
ex260,ex260_smul_baugh_wooley_wallace_pfx6_wreduce_abc_g_aig,signed low4_high4:a*b,baugh_wooley_wallace_pfx6+wreduce_abc_g_aig,student/work/ex260_ex264_frontend_smul_order_hybrid_expand_20260609_0559/ex260/verilog/ex260_smul_baugh_wooley_wallace_pfx6.v,student/work/ex260_ex264_frontend_smul_order_hybrid_expand_20260609_0559/ex260/aigs/ex260_smul_baugh_wooley_wallace_pfx6_wreduce_abc_g_aig.aig,1,1,1,91,14,1274,657,1.939117,0,0,0.209,semantic_signed_mul_exact,exact signed low4 * signed high4 over 256 inputs; source=baugh_wooley_wallace_pfx6; flow=wreduce_abc_g_aig
ex260,ex260_smul_baugh_wooley_wallace_pfx6_synth_preset_d13,signed low4_high4:a*b,baugh_wooley_wallace_pfx6+synth_preset_d13,student/work/ex260_ex264_frontend_smul_order_hybrid_expand_20260609_0559/ex260/verilog/ex260_smul_baugh_wooley_wallace_pfx6.v,student/work/ex260_ex264_frontend_smul_order_hybrid_expand_20260609_0559/ex260/aigs/ex260_smul_baugh_wooley_wallace_pfx6_synth_preset_d13.aig,1,1,1,89,16,1424,657,2.167428,0,0,0.234,semantic_signed_mul_exact,exact signed low4 * signed high4 over 256 inputs; source=baugh_wooley_wallace_pfx6; flow=synth_preset_d13
ex261,ex261_smul_baugh_wooley_wallace_rev_hcla3_abc_g_aig,signed low5_high5:a*b,baugh_wooley_wallace_rev_hcla3+abc_g_aig,student/work/ex260_ex264_frontend_smul_order_hybrid_expand_20260609_0559/ex261/verilog/ex261_smul_baugh_wooley_wallace_rev_hcla3.v,student/work/ex260_ex264_frontend_smul_order_hybrid_expand_20260609_0559/ex261/aigs/ex261_smul_baugh_wooley_wallace_rev_hcla3_abc_g_aig.aig,1,1,1,162,21,3402,2041,1.666830,0,0,0.249,semantic_signed_mul_exact,exact signed low5 * signed high5 over 1024 inputs; source=baugh_wooley_wallace_rev_hcla3; flow=abc_g_aig
ex261,ex261_smul_baugh_wooley_wallace_rev_hcla3_wreduce_abc_g_aig,signed low5_high5:a*b,baugh_wooley_wallace_rev_hcla3+wreduce_abc_g_aig,student/work/ex260_ex264_frontend_smul_order_hybrid_expand_20260609_0559/ex261/verilog/ex261_smul_baugh_wooley_wallace_rev_hcla3.v,student/work/ex260_ex264_frontend_smul_order_hybrid_expand_20260609_0559/ex261/aigs/ex261_smul_baugh_wooley_wallace_rev_hcla3_wreduce_abc_g_aig.aig,1,1,1,167,20,3340,2041,1.636453,0,0,0.253,semantic_signed_mul_exact,exact signed low5 * signed high5 over 1024 inputs; source=baugh_wooley_wallace_rev_hcla3; flow=wreduce_abc_g_aig
ex261,ex261_smul_baugh_wooley_wallace_rev_hcla3_synth_preset_d13,signed low5_high5:a*b,baugh_wooley_wallace_rev_hcla3+synth_preset_d13,student/work/ex260_ex264_frontend_smul_order_hybrid_expand_20260609_0559/ex261/verilog/ex261_smul_baugh_wooley_wallace_rev_hcla3.v,student/work/ex260_ex264_frontend_smul_order_hybrid_expand_20260609_0559/ex261/aigs/ex261_smul_baugh_wooley_wallace_rev_hcla3_synth_preset_d13.aig,1,1,1,158,22,3476,2041,1.703087,0,0,0.302,semantic_signed_mul_exact,exact signed low5 * signed high5 over 1024 inputs; source=baugh_wooley_wallace_rev_hcla3; flow=synth_preset_d13
ex261,ex261_smul_baugh_wooley_wallace_rev_hcla4_abc_g_aig,signed low5_high5:a*b,baugh_wooley_wallace_rev_hcla4+abc_g_aig,student/work/ex260_ex264_frontend_smul_order_hybrid_expand_20260609_0559/ex261/verilog/ex261_smul_baugh_wooley_wallace_rev_hcla4.v,student/work/ex260_ex264_frontend_smul_order_hybrid_expand_20260609_0559/ex261/aigs/ex261_smul_baugh_wooley_wallace_rev_hcla4_abc_g_aig.aig,1,1,1,163,20,3260,2041,1.597256,0,0,0.270,semantic_signed_mul_exact,exact signed low5 * signed high5 over 1024 inputs; source=baugh_wooley_wallace_rev_hcla4; flow=abc_g_aig
ex261,ex261_smul_baugh_wooley_wallace_rev_hcla4_wreduce_abc_g_aig,signed low5_high5:a*b,baugh_wooley_wallace_rev_hcla4+wreduce_abc_g_aig,student/work/ex260_ex264_frontend_smul_order_hybrid_expand_20260609_0559/ex261/verilog/ex261_smul_baugh_wooley_wallace_rev_hcla4.v,student/work/ex260_ex264_frontend_smul_order_hybrid_expand_20260609_0559/ex261/aigs/ex261_smul_baugh_wooley_wallace_rev_hcla4_wreduce_abc_g_aig.aig,1,1,1,163,20,3260,2041,1.597256,0,0,0.248,semantic_signed_mul_exact,exact signed low5 * signed high5 over 1024 inputs; source=baugh_wooley_wallace_rev_hcla4; flow=wreduce_abc_g_aig
ex261,ex261_smul_baugh_wooley_wallace_rev_hcla4_synth_preset_d13,signed low5_high5:a*b,baugh_wooley_wallace_rev_hcla4+synth_preset_d13,student/work/ex260_ex264_frontend_smul_order_hybrid_expand_20260609_0559/ex261/verilog/ex261_smul_baugh_wooley_wallace_rev_hcla4.v,student/work/ex260_ex264_frontend_smul_order_hybrid_expand_20260609_0559/ex261/aigs/ex261_smul_baugh_wooley_wallace_rev_hcla4_synth_preset_d13.aig,1,1,1,158,21,3318,2041,1.625674,0,0,0.303,semantic_signed_mul_exact,exact signed low5 * signed high5 over 1024 inputs; source=baugh_wooley_wallace_rev_hcla4; flow=synth_preset_d13
ex261,ex261_smul_baugh_wooley_wallace_rev_hcla5_abc_g_aig,signed low5_high5:a*b,baugh_wooley_wallace_rev_hcla5+abc_g_aig,student/work/ex260_ex264_frontend_smul_order_hybrid_expand_20260609_0559/ex261/verilog/ex261_smul_baugh_wooley_wallace_rev_hcla5.v,student/work/ex260_ex264_frontend_smul_order_hybrid_expand_20260609_0559/ex261/aigs/ex261_smul_baugh_wooley_wallace_rev_hcla5_abc_g_aig.aig,1,1,1,169,19,3211,2041,1.573248,0,0,0.246,semantic_signed_mul_exact,exact signed low5 * signed high5 over 1024 inputs; source=baugh_wooley_wallace_rev_hcla5; flow=abc_g_aig
ex261,ex261_smul_baugh_wooley_wallace_rev_hcla5_wreduce_abc_g_aig,signed low5_high5:a*b,baugh_wooley_wallace_rev_hcla5+wreduce_abc_g_aig,student/work/ex260_ex264_frontend_smul_order_hybrid_expand_20260609_0559/ex261/verilog/ex261_smul_baugh_wooley_wallace_rev_hcla5.v,student/work/ex260_ex264_frontend_smul_order_hybrid_expand_20260609_0559/ex261/aigs/ex261_smul_baugh_wooley_wallace_rev_hcla5_wreduce_abc_g_aig.aig,1,1,1,163,20,3260,2041,1.597256,0,0,0.251,semantic_signed_mul_exact,exact signed low5 * signed high5 over 1024 inputs; source=baugh_wooley_wallace_rev_hcla5; flow=wreduce_abc_g_aig
ex261,ex261_smul_baugh_wooley_wallace_rev_hcla5_synth_preset_d13,signed low5_high5:a*b,baugh_wooley_wallace_rev_hcla5+synth_preset_d13,student/work/ex260_ex264_frontend_smul_order_hybrid_expand_20260609_0559/ex261/verilog/ex261_smul_baugh_wooley_wallace_rev_hcla5.v,student/work/ex260_ex264_frontend_smul_order_hybrid_expand_20260609_0559/ex261/aigs/ex261_smul_baugh_wooley_wallace_rev_hcla5_synth_preset_d13.aig,1,1,1,162,21,3402,2041,1.666830,0,0,0.320,semantic_signed_mul_exact,exact signed low5 * signed high5 over 1024 inputs; source=baugh_wooley_wallace_rev_hcla5; flow=synth_preset_d13
ex261,ex261_smul_baugh_wooley_wallace_outside_hcla3_abc_g_aig,signed low5_high5:a*b,baugh_wooley_wallace_outside_hcla3+abc_g_aig,student/work/ex260_ex264_frontend_smul_order_hybrid_expand_20260609_0559/ex261/verilog/ex261_smul_baugh_wooley_wallace_outside_hcla3.v,student/work/ex260_ex264_frontend_smul_order_hybrid_expand_20260609_0559/ex261/aigs/ex261_smul_baugh_wooley_wallace_outside_hcla3_abc_g_aig.aig,1,1,1,166,19,3154,2041,1.545321,0,0,0.240,semantic_signed_mul_exact,exact signed low5 * signed high5 over 1024 inputs; source=baugh_wooley_wallace_outside_hcla3; flow=abc_g_aig
ex261,ex261_smul_baugh_wooley_wallace_outside_hcla3_wreduce_abc_g_aig,signed low5_high5:a*b,baugh_wooley_wallace_outside_hcla3+wreduce_abc_g_aig,student/work/ex260_ex264_frontend_smul_order_hybrid_expand_20260609_0559/ex261/verilog/ex261_smul_baugh_wooley_wallace_outside_hcla3.v,student/work/ex260_ex264_frontend_smul_order_hybrid_expand_20260609_0559/ex261/aigs/ex261_smul_baugh_wooley_wallace_outside_hcla3_wreduce_abc_g_aig.aig,1,1,1,167,20,3340,2041,1.636453,0,0,0.246,semantic_signed_mul_exact,exact signed low5 * signed high5 over 1024 inputs; source=baugh_wooley_wallace_outside_hcla3; flow=wreduce_abc_g_aig
ex261,ex261_smul_baugh_wooley_wallace_outside_hcla3_synth_preset_d13,signed low5_high5:a*b,baugh_wooley_wallace_outside_hcla3+synth_preset_d13,student/work/ex260_ex264_frontend_smul_order_hybrid_expand_20260609_0559/ex261/verilog/ex261_smul_baugh_wooley_wallace_outside_hcla3.v,student/work/ex260_ex264_frontend_smul_order_hybrid_expand_20260609_0559/ex261/aigs/ex261_smul_baugh_wooley_wallace_outside_hcla3_synth_preset_d13.aig,1,1,1,160,21,3360,2041,1.646252,0,0,0.297,semantic_signed_mul_exact,exact signed low5 * signed high5 over 1024 inputs; source=baugh_wooley_wallace_outside_hcla3; flow=synth_preset_d13
ex261,ex261_smul_baugh_wooley_wallace_outside_hcla4_abc_g_aig,signed low5_high5:a*b,baugh_wooley_wallace_outside_hcla4+abc_g_aig,student/work/ex260_ex264_frontend_smul_order_hybrid_expand_20260609_0559/ex261/verilog/ex261_smul_baugh_wooley_wallace_outside_hcla4.v,student/work/ex260_ex264_frontend_smul_order_hybrid_expand_20260609_0559/ex261/aigs/ex261_smul_baugh_wooley_wallace_outside_hcla4_abc_g_aig.aig,1,1,1,167,19,3173,2041,1.554630,0,0,0.235,semantic_signed_mul_exact,exact signed low5 * signed high5 over 1024 inputs; source=baugh_wooley_wallace_outside_hcla4; flow=abc_g_aig
ex261,ex261_smul_baugh_wooley_wallace_outside_hcla4_wreduce_abc_g_aig,signed low5_high5:a*b,baugh_wooley_wallace_outside_hcla4+wreduce_abc_g_aig,student/work/ex260_ex264_frontend_smul_order_hybrid_expand_20260609_0559/ex261/verilog/ex261_smul_baugh_wooley_wallace_outside_hcla4.v,student/work/ex260_ex264_frontend_smul_order_hybrid_expand_20260609_0559/ex261/aigs/ex261_smul_baugh_wooley_wallace_outside_hcla4_wreduce_abc_g_aig.aig,1,1,1,167,19,3173,2041,1.554630,0,0,0.240,semantic_signed_mul_exact,exact signed low5 * signed high5 over 1024 inputs; source=baugh_wooley_wallace_outside_hcla4; flow=wreduce_abc_g_aig
ex261,ex261_smul_baugh_wooley_wallace_outside_hcla4_synth_preset_d13,signed low5_high5:a*b,baugh_wooley_wallace_outside_hcla4+synth_preset_d13,student/work/ex260_ex264_frontend_smul_order_hybrid_expand_20260609_0559/ex261/verilog/ex261_smul_baugh_wooley_wallace_outside_hcla4.v,student/work/ex260_ex264_frontend_smul_order_hybrid_expand_20260609_0559/ex261/aigs/ex261_smul_baugh_wooley_wallace_outside_hcla4_synth_preset_d13.aig,1,1,1,164,20,3280,2041,1.607055,0,0,0.306,semantic_signed_mul_exact,exact signed low5 * signed high5 over 1024 inputs; source=baugh_wooley_wallace_outside_hcla4; flow=synth_preset_d13
ex261,ex261_smul_baugh_wooley_wallace_outside_hcla5_abc_g_aig,signed low5_high5:a*b,baugh_wooley_wallace_outside_hcla5+abc_g_aig,student/work/ex260_ex264_frontend_smul_order_hybrid_expand_20260609_0559/ex261/verilog/ex261_smul_baugh_wooley_wallace_outside_hcla5.v,student/work/ex260_ex264_frontend_smul_order_hybrid_expand_20260609_0559/ex261/aigs/ex261_smul_baugh_wooley_wallace_outside_hcla5_abc_g_aig.aig,1,1,1,166,20,3320,2041,1.626654,0,0,0.244,semantic_signed_mul_exact,exact signed low5 * signed high5 over 1024 inputs; source=baugh_wooley_wallace_outside_hcla5; flow=abc_g_aig
ex261,ex261_smul_baugh_wooley_wallace_outside_hcla5_wreduce_abc_g_aig,signed low5_high5:a*b,baugh_wooley_wallace_outside_hcla5+wreduce_abc_g_aig,student/work/ex260_ex264_frontend_smul_order_hybrid_expand_20260609_0559/ex261/verilog/ex261_smul_baugh_wooley_wallace_outside_hcla5.v,student/work/ex260_ex264_frontend_smul_order_hybrid_expand_20260609_0559/ex261/aigs/ex261_smul_baugh_wooley_wallace_outside_hcla5_wreduce_abc_g_aig.aig,1,1,1,166,19,3154,2041,1.545321,0,0,0.242,semantic_signed_mul_exact,exact signed low5 * signed high5 over 1024 inputs; source=baugh_wooley_wallace_outside_hcla5; flow=wreduce_abc_g_aig
ex261,ex261_smul_baugh_wooley_wallace_outside_hcla5_synth_preset_d13,signed low5_high5:a*b,baugh_wooley_wallace_outside_hcla5+synth_preset_d13,student/work/ex260_ex264_frontend_smul_order_hybrid_expand_20260609_0559/ex261/verilog/ex261_smul_baugh_wooley_wallace_outside_hcla5.v,student/work/ex260_ex264_frontend_smul_order_hybrid_expand_20260609_0559/ex261/aigs/ex261_smul_baugh_wooley_wallace_outside_hcla5_synth_preset_d13.aig,1,1,1,165,20,3300,2041,1.616854,0,0,0.302,semantic_signed_mul_exact,exact signed low5 * signed high5 over 1024 inputs; source=baugh_wooley_wallace_outside_hcla5; flow=synth_preset_d13
ex261,ex261_smul_baugh_wooley_wallace_rev_rhcla3_abc_g_aig,signed low5_high5:a*b,baugh_wooley_wallace_rev_rhcla3+abc_g_aig,student/work/ex260_ex264_frontend_smul_order_hybrid_expand_20260609_0559/ex261/verilog/ex261_smul_baugh_wooley_wallace_rev_rhcla3.v,student/work/ex260_ex264_frontend_smul_order_hybrid_expand_20260609_0559/ex261/aigs/ex261_smul_baugh_wooley_wallace_rev_rhcla3_abc_g_aig.aig,1,1,1,167,20,3340,2041,1.636453,0,0,0.236,semantic_signed_mul_exact,exact signed low5 * signed high5 over 1024 inputs; source=baugh_wooley_wallace_rev_rhcla3; flow=abc_g_aig
ex261,ex261_smul_baugh_wooley_wallace_rev_rhcla3_wreduce_abc_g_aig,signed low5_high5:a*b,baugh_wooley_wallace_rev_rhcla3+wreduce_abc_g_aig,student/work/ex260_ex264_frontend_smul_order_hybrid_expand_20260609_0559/ex261/verilog/ex261_smul_baugh_wooley_wallace_rev_rhcla3.v,student/work/ex260_ex264_frontend_smul_order_hybrid_expand_20260609_0559/ex261/aigs/ex261_smul_baugh_wooley_wallace_rev_rhcla3_wreduce_abc_g_aig.aig,1,1,1,165,20,3300,2041,1.616854,0,0,0.240,semantic_signed_mul_exact,exact signed low5 * signed high5 over 1024 inputs; source=baugh_wooley_wallace_rev_rhcla3; flow=wreduce_abc_g_aig
ex261,ex261_smul_baugh_wooley_wallace_rev_rhcla3_synth_preset_d13,signed low5_high5:a*b,baugh_wooley_wallace_rev_rhcla3+synth_preset_d13,student/work/ex260_ex264_frontend_smul_order_hybrid_expand_20260609_0559/ex261/verilog/ex261_smul_baugh_wooley_wallace_rev_rhcla3.v,student/work/ex260_ex264_frontend_smul_order_hybrid_expand_20260609_0559/ex261/aigs/ex261_smul_baugh_wooley_wallace_rev_rhcla3_synth_preset_d13.aig,1,1,1,160,20,3200,2041,1.567859,0,0,0.316,semantic_signed_mul_exact,exact signed low5 * signed high5 over 1024 inputs; source=baugh_wooley_wallace_rev_rhcla3; flow=synth_preset_d13
ex261,ex261_smul_baugh_wooley_wallace_rev_rhcla4_abc_g_aig,signed low5_high5:a*b,baugh_wooley_wallace_rev_rhcla4+abc_g_aig,student/work/ex260_ex264_frontend_smul_order_hybrid_expand_20260609_0559/ex261/verilog/ex261_smul_baugh_wooley_wallace_rev_rhcla4.v,student/work/ex260_ex264_frontend_smul_order_hybrid_expand_20260609_0559/ex261/aigs/ex261_smul_baugh_wooley_wallace_rev_rhcla4_abc_g_aig.aig,1,1,1,163,20,3260,2041,1.597256,0,0,0.233,semantic_signed_mul_exact,exact signed low5 * signed high5 over 1024 inputs; source=baugh_wooley_wallace_rev_rhcla4; flow=abc_g_aig
ex261,ex261_smul_baugh_wooley_wallace_rev_rhcla4_wreduce_abc_g_aig,signed low5_high5:a*b,baugh_wooley_wallace_rev_rhcla4+wreduce_abc_g_aig,student/work/ex260_ex264_frontend_smul_order_hybrid_expand_20260609_0559/ex261/verilog/ex261_smul_baugh_wooley_wallace_rev_rhcla4.v,student/work/ex260_ex264_frontend_smul_order_hybrid_expand_20260609_0559/ex261/aigs/ex261_smul_baugh_wooley_wallace_rev_rhcla4_wreduce_abc_g_aig.aig,1,1,1,165,20,3300,2041,1.616854,0,0,0.239,semantic_signed_mul_exact,exact signed low5 * signed high5 over 1024 inputs; source=baugh_wooley_wallace_rev_rhcla4; flow=wreduce_abc_g_aig
ex261,ex261_smul_baugh_wooley_wallace_rev_rhcla4_synth_preset_d13,signed low5_high5:a*b,baugh_wooley_wallace_rev_rhcla4+synth_preset_d13,student/work/ex260_ex264_frontend_smul_order_hybrid_expand_20260609_0559/ex261/verilog/ex261_smul_baugh_wooley_wallace_rev_rhcla4.v,student/work/ex260_ex264_frontend_smul_order_hybrid_expand_20260609_0559/ex261/aigs/ex261_smul_baugh_wooley_wallace_rev_rhcla4_synth_preset_d13.aig,1,1,1,163,20,3260,2041,1.597256,0,0,0.293,semantic_signed_mul_exact,exact signed low5 * signed high5 over 1024 inputs; source=baugh_wooley_wallace_rev_rhcla4; flow=synth_preset_d13
ex261,ex261_smul_baugh_wooley_wallace_rev_rhcla5_abc_g_aig,signed low5_high5:a*b,baugh_wooley_wallace_rev_rhcla5+abc_g_aig,student/work/ex260_ex264_frontend_smul_order_hybrid_expand_20260609_0559/ex261/verilog/ex261_smul_baugh_wooley_wallace_rev_rhcla5.v,student/work/ex260_ex264_frontend_smul_order_hybrid_expand_20260609_0559/ex261/aigs/ex261_smul_baugh_wooley_wallace_rev_rhcla5_abc_g_aig.aig,1,1,1,165,20,3300,2041,1.616854,0,0,0.235,semantic_signed_mul_exact,exact signed low5 * signed high5 over 1024 inputs; source=baugh_wooley_wallace_rev_rhcla5; flow=abc_g_aig
ex261,ex261_smul_baugh_wooley_wallace_rev_rhcla5_wreduce_abc_g_aig,signed low5_high5:a*b,baugh_wooley_wallace_rev_rhcla5+wreduce_abc_g_aig,student/work/ex260_ex264_frontend_smul_order_hybrid_expand_20260609_0559/ex261/verilog/ex261_smul_baugh_wooley_wallace_rev_rhcla5.v,student/work/ex260_ex264_frontend_smul_order_hybrid_expand_20260609_0559/ex261/aigs/ex261_smul_baugh_wooley_wallace_rev_rhcla5_wreduce_abc_g_aig.aig,1,1,1,165,20,3300,2041,1.616854,0,0,0.240,semantic_signed_mul_exact,exact signed low5 * signed high5 over 1024 inputs; source=baugh_wooley_wallace_rev_rhcla5; flow=wreduce_abc_g_aig
ex261,ex261_smul_baugh_wooley_wallace_rev_rhcla5_synth_preset_d13,signed low5_high5:a*b,baugh_wooley_wallace_rev_rhcla5+synth_preset_d13,student/work/ex260_ex264_frontend_smul_order_hybrid_expand_20260609_0559/ex261/verilog/ex261_smul_baugh_wooley_wallace_rev_rhcla5.v,student/work/ex260_ex264_frontend_smul_order_hybrid_expand_20260609_0559/ex261/aigs/ex261_smul_baugh_wooley_wallace_rev_rhcla5_synth_preset_d13.aig,1,1,1,169,19,3211,2041,1.573248,0,0,0.298,semantic_signed_mul_exact,exact signed low5 * signed high5 over 1024 inputs; source=baugh_wooley_wallace_rev_rhcla5; flow=synth_preset_d13
ex261,ex261_smul_baugh_wooley_wallace_outside_rhcla3_abc_g_aig,signed low5_high5:a*b,baugh_wooley_wallace_outside_rhcla3+abc_g_aig,student/work/ex260_ex264_frontend_smul_order_hybrid_expand_20260609_0559/ex261/verilog/ex261_smul_baugh_wooley_wallace_outside_rhcla3.v,student/work/ex260_ex264_frontend_smul_order_hybrid_expand_20260609_0559/ex261/aigs/ex261_smul_baugh_wooley_wallace_outside_rhcla3_abc_g_aig.aig,1,1,1,162,19,3078,2041,1.508084,0,0,0.234,semantic_signed_mul_exact,exact signed low5 * signed high5 over 1024 inputs; source=baugh_wooley_wallace_outside_rhcla3; flow=abc_g_aig
ex261,ex261_smul_baugh_wooley_wallace_outside_rhcla3_wreduce_abc_g_aig,signed low5_high5:a*b,baugh_wooley_wallace_outside_rhcla3+wreduce_abc_g_aig,student/work/ex260_ex264_frontend_smul_order_hybrid_expand_20260609_0559/ex261/verilog/ex261_smul_baugh_wooley_wallace_outside_rhcla3.v,student/work/ex260_ex264_frontend_smul_order_hybrid_expand_20260609_0559/ex261/aigs/ex261_smul_baugh_wooley_wallace_outside_rhcla3_wreduce_abc_g_aig.aig,1,1,1,162,19,3078,2041,1.508084,0,0,0.236,semantic_signed_mul_exact,exact signed low5 * signed high5 over 1024 inputs; source=baugh_wooley_wallace_outside_rhcla3; flow=wreduce_abc_g_aig
ex261,ex261_smul_baugh_wooley_wallace_outside_rhcla3_synth_preset_d13,signed low5_high5:a*b,baugh_wooley_wallace_outside_rhcla3+synth_preset_d13,student/work/ex260_ex264_frontend_smul_order_hybrid_expand_20260609_0559/ex261/verilog/ex261_smul_baugh_wooley_wallace_outside_rhcla3.v,student/work/ex260_ex264_frontend_smul_order_hybrid_expand_20260609_0559/ex261/aigs/ex261_smul_baugh_wooley_wallace_outside_rhcla3_synth_preset_d13.aig,1,1,1,167,19,3173,2041,1.554630,0,0,0.305,semantic_signed_mul_exact,exact signed low5 * signed high5 over 1024 inputs; source=baugh_wooley_wallace_outside_rhcla3; flow=synth_preset_d13
ex261,ex261_smul_baugh_wooley_wallace_outside_rhcla4_abc_g_aig,signed low5_high5:a*b,baugh_wooley_wallace_outside_rhcla4+abc_g_aig,student/work/ex260_ex264_frontend_smul_order_hybrid_expand_20260609_0559/ex261/verilog/ex261_smul_baugh_wooley_wallace_outside_rhcla4.v,student/work/ex260_ex264_frontend_smul_order_hybrid_expand_20260609_0559/ex261/aigs/ex261_smul_baugh_wooley_wallace_outside_rhcla4_abc_g_aig.aig,1,1,1,164,19,3116,2041,1.526703,0,0,0.225,semantic_signed_mul_exact,exact signed low5 * signed high5 over 1024 inputs; source=baugh_wooley_wallace_outside_rhcla4; flow=abc_g_aig
ex261,ex261_smul_baugh_wooley_wallace_outside_rhcla4_wreduce_abc_g_aig,signed low5_high5:a*b,baugh_wooley_wallace_outside_rhcla4+wreduce_abc_g_aig,student/work/ex260_ex264_frontend_smul_order_hybrid_expand_20260609_0559/ex261/verilog/ex261_smul_baugh_wooley_wallace_outside_rhcla4.v,student/work/ex260_ex264_frontend_smul_order_hybrid_expand_20260609_0559/ex261/aigs/ex261_smul_baugh_wooley_wallace_outside_rhcla4_wreduce_abc_g_aig.aig,1,1,1,164,19,3116,2041,1.526703,0,0,0.231,semantic_signed_mul_exact,exact signed low5 * signed high5 over 1024 inputs; source=baugh_wooley_wallace_outside_rhcla4; flow=wreduce_abc_g_aig
ex261,ex261_smul_baugh_wooley_wallace_outside_rhcla4_synth_preset_d13,signed low5_high5:a*b,baugh_wooley_wallace_outside_rhcla4+synth_preset_d13,student/work/ex260_ex264_frontend_smul_order_hybrid_expand_20260609_0559/ex261/verilog/ex261_smul_baugh_wooley_wallace_outside_rhcla4.v,student/work/ex260_ex264_frontend_smul_order_hybrid_expand_20260609_0559/ex261/aigs/ex261_smul_baugh_wooley_wallace_outside_rhcla4_synth_preset_d13.aig,1,1,1,159,20,3180,2041,1.558060,0,0,0.278,semantic_signed_mul_exact,exact signed low5 * signed high5 over 1024 inputs; source=baugh_wooley_wallace_outside_rhcla4; flow=synth_preset_d13
ex261,ex261_smul_baugh_wooley_wallace_outside_rhcla5_abc_g_aig,signed low5_high5:a*b,baugh_wooley_wallace_outside_rhcla5+abc_g_aig,student/work/ex260_ex264_frontend_smul_order_hybrid_expand_20260609_0559/ex261/verilog/ex261_smul_baugh_wooley_wallace_outside_rhcla5.v,student/work/ex260_ex264_frontend_smul_order_hybrid_expand_20260609_0559/ex261/aigs/ex261_smul_baugh_wooley_wallace_outside_rhcla5_abc_g_aig.aig,1,1,1,166,20,3320,2041,1.626654,0,0,0.232,semantic_signed_mul_exact,exact signed low5 * signed high5 over 1024 inputs; source=baugh_wooley_wallace_outside_rhcla5; flow=abc_g_aig
ex261,ex261_smul_baugh_wooley_wallace_outside_rhcla5_wreduce_abc_g_aig,signed low5_high5:a*b,baugh_wooley_wallace_outside_rhcla5+wreduce_abc_g_aig,student/work/ex260_ex264_frontend_smul_order_hybrid_expand_20260609_0559/ex261/verilog/ex261_smul_baugh_wooley_wallace_outside_rhcla5.v,student/work/ex260_ex264_frontend_smul_order_hybrid_expand_20260609_0559/ex261/aigs/ex261_smul_baugh_wooley_wallace_outside_rhcla5_wreduce_abc_g_aig.aig,1,1,1,166,20,3320,2041,1.626654,0,0,0.239,semantic_signed_mul_exact,exact signed low5 * signed high5 over 1024 inputs; source=baugh_wooley_wallace_outside_rhcla5; flow=wreduce_abc_g_aig
ex261,ex261_smul_baugh_wooley_wallace_outside_rhcla5_synth_preset_d13,signed low5_high5:a*b,baugh_wooley_wallace_outside_rhcla5+synth_preset_d13,student/work/ex260_ex264_frontend_smul_order_hybrid_expand_20260609_0559/ex261/verilog/ex261_smul_baugh_wooley_wallace_outside_rhcla5.v,student/work/ex260_ex264_frontend_smul_order_hybrid_expand_20260609_0559/ex261/aigs/ex261_smul_baugh_wooley_wallace_outside_rhcla5_synth_preset_d13.aig,1,1,1,164,20,3280,2041,1.607055,0,0,0.304,semantic_signed_mul_exact,exact signed low5 * signed high5 over 1024 inputs; source=baugh_wooley_wallace_outside_rhcla5; flow=synth_preset_d13
ex261,ex261_smul_baugh_wooley_wallace_rev_pfx6_abc_g_aig,signed low5_high5:a*b,baugh_wooley_wallace_rev_pfx6+abc_g_aig,student/work/ex260_ex264_frontend_smul_order_hybrid_expand_20260609_0559/ex261/verilog/ex261_smul_baugh_wooley_wallace_rev_pfx6.v,student/work/ex260_ex264_frontend_smul_order_hybrid_expand_20260609_0559/ex261/aigs/ex261_smul_baugh_wooley_wallace_rev_pfx6_abc_g_aig.aig,1,1,1,158,22,3476,2041,1.703087,0,0,0.241,semantic_signed_mul_exact,exact signed low5 * signed high5 over 1024 inputs; source=baugh_wooley_wallace_rev_pfx6; flow=abc_g_aig
ex261,ex261_smul_baugh_wooley_wallace_rev_pfx6_wreduce_abc_g_aig,signed low5_high5:a*b,baugh_wooley_wallace_rev_pfx6+wreduce_abc_g_aig,student/work/ex260_ex264_frontend_smul_order_hybrid_expand_20260609_0559/ex261/verilog/ex261_smul_baugh_wooley_wallace_rev_pfx6.v,student/work/ex260_ex264_frontend_smul_order_hybrid_expand_20260609_0559/ex261/aigs/ex261_smul_baugh_wooley_wallace_rev_pfx6_wreduce_abc_g_aig.aig,1,1,1,158,22,3476,2041,1.703087,0,0,0.244,semantic_signed_mul_exact,exact signed low5 * signed high5 over 1024 inputs; source=baugh_wooley_wallace_rev_pfx6; flow=wreduce_abc_g_aig
ex261,ex261_smul_baugh_wooley_wallace_rev_pfx6_synth_preset_d13,signed low5_high5:a*b,baugh_wooley_wallace_rev_pfx6+synth_preset_d13,student/work/ex260_ex264_frontend_smul_order_hybrid_expand_20260609_0559/ex261/verilog/ex261_smul_baugh_wooley_wallace_rev_pfx6.v,student/work/ex260_ex264_frontend_smul_order_hybrid_expand_20260609_0559/ex261/aigs/ex261_smul_baugh_wooley_wallace_rev_pfx6_synth_preset_d13.aig,1,1,1,156,21,3276,2041,1.605096,0,0,0.293,semantic_signed_mul_exact,exact signed low5 * signed high5 over 1024 inputs; source=baugh_wooley_wallace_rev_pfx6; flow=synth_preset_d13
ex261,ex261_smul_baugh_wooley_wallace_outside_pfx6_abc_g_aig,signed low5_high5:a*b,baugh_wooley_wallace_outside_pfx6+abc_g_aig,student/work/ex260_ex264_frontend_smul_order_hybrid_expand_20260609_0559/ex261/verilog/ex261_smul_baugh_wooley_wallace_outside_pfx6.v,student/work/ex260_ex264_frontend_smul_order_hybrid_expand_20260609_0559/ex261/aigs/ex261_smul_baugh_wooley_wallace_outside_pfx6_abc_g_aig.aig,1,1,1,161,21,3381,2041,1.656541,0,0,0.223,semantic_signed_mul_exact,exact signed low5 * signed high5 over 1024 inputs; source=baugh_wooley_wallace_outside_pfx6; flow=abc_g_aig
ex261,ex261_smul_baugh_wooley_wallace_outside_pfx6_wreduce_abc_g_aig,signed low5_high5:a*b,baugh_wooley_wallace_outside_pfx6+wreduce_abc_g_aig,student/work/ex260_ex264_frontend_smul_order_hybrid_expand_20260609_0559/ex261/verilog/ex261_smul_baugh_wooley_wallace_outside_pfx6.v,student/work/ex260_ex264_frontend_smul_order_hybrid_expand_20260609_0559/ex261/aigs/ex261_smul_baugh_wooley_wallace_outside_pfx6_wreduce_abc_g_aig.aig,1,1,1,161,21,3381,2041,1.656541,0,0,0.230,semantic_signed_mul_exact,exact signed low5 * signed high5 over 1024 inputs; source=baugh_wooley_wallace_outside_pfx6; flow=wreduce_abc_g_aig
ex261,ex261_smul_baugh_wooley_wallace_outside_pfx6_synth_preset_d13,signed low5_high5:a*b,baugh_wooley_wallace_outside_pfx6+synth_preset_d13,student/work/ex260_ex264_frontend_smul_order_hybrid_expand_20260609_0559/ex261/verilog/ex261_smul_baugh_wooley_wallace_outside_pfx6.v,student/work/ex260_ex264_frontend_smul_order_hybrid_expand_20260609_0559/ex261/aigs/ex261_smul_baugh_wooley_wallace_outside_pfx6_synth_preset_d13.aig,1,1,1,161,21,3381,2041,1.656541,0,0,0.273,semantic_signed_mul_exact,exact signed low5 * signed high5 over 1024 inputs; source=baugh_wooley_wallace_outside_pfx6; flow=synth_preset_d13
ex261,ex261_smul_baugh_wooley_wallace_hcla4_abc_g_aig,signed low5_high5:a*b,baugh_wooley_wallace_hcla4+abc_g_aig,student/work/ex260_ex264_frontend_smul_order_hybrid_expand_20260609_0559/ex261/verilog/ex261_smul_baugh_wooley_wallace_hcla4.v,student/work/ex260_ex264_frontend_smul_order_hybrid_expand_20260609_0559/ex261/aigs/ex261_smul_baugh_wooley_wallace_hcla4_abc_g_aig.aig,1,1,1,164,18,2952,2041,1.446350,1,0,0.240,semantic_signed_mul_exact,exact signed low5 * signed high5 over 1024 inputs; source=baugh_wooley_wallace_hcla4; flow=abc_g_aig
ex261,ex261_smul_baugh_wooley_wallace_hcla4_wreduce_abc_g_aig,signed low5_high5:a*b,baugh_wooley_wallace_hcla4+wreduce_abc_g_aig,student/work/ex260_ex264_frontend_smul_order_hybrid_expand_20260609_0559/ex261/verilog/ex261_smul_baugh_wooley_wallace_hcla4.v,student/work/ex260_ex264_frontend_smul_order_hybrid_expand_20260609_0559/ex261/aigs/ex261_smul_baugh_wooley_wallace_hcla4_wreduce_abc_g_aig.aig,1,1,1,164,18,2952,2041,1.446350,1,0,0.244,semantic_signed_mul_exact,exact signed low5 * signed high5 over 1024 inputs; source=baugh_wooley_wallace_hcla4; flow=wreduce_abc_g_aig
ex261,ex261_smul_baugh_wooley_wallace_hcla4_synth_preset_d13,signed low5_high5:a*b,baugh_wooley_wallace_hcla4+synth_preset_d13,student/work/ex260_ex264_frontend_smul_order_hybrid_expand_20260609_0559/ex261/verilog/ex261_smul_baugh_wooley_wallace_hcla4.v,student/work/ex260_ex264_frontend_smul_order_hybrid_expand_20260609_0559/ex261/aigs/ex261_smul_baugh_wooley_wallace_hcla4_synth_preset_d13.aig,1,1,1,164,18,2952,2041,1.446350,1,0,0.311,semantic_signed_mul_exact,exact signed low5 * signed high5 over 1024 inputs; source=baugh_wooley_wallace_hcla4; flow=synth_preset_d13
ex261,ex261_smul_baugh_wooley_wallace_pfx6_abc_g_aig,signed low5_high5:a*b,baugh_wooley_wallace_pfx6+abc_g_aig,student/work/ex260_ex264_frontend_smul_order_hybrid_expand_20260609_0559/ex261/verilog/ex261_smul_baugh_wooley_wallace_pfx6.v,student/work/ex260_ex264_frontend_smul_order_hybrid_expand_20260609_0559/ex261/aigs/ex261_smul_baugh_wooley_wallace_pfx6_abc_g_aig.aig,1,1,1,156,21,3276,2041,1.605096,0,0,0.222,semantic_signed_mul_exact,exact signed low5 * signed high5 over 1024 inputs; source=baugh_wooley_wallace_pfx6; flow=abc_g_aig
ex261,ex261_smul_baugh_wooley_wallace_pfx6_wreduce_abc_g_aig,signed low5_high5:a*b,baugh_wooley_wallace_pfx6+wreduce_abc_g_aig,student/work/ex260_ex264_frontend_smul_order_hybrid_expand_20260609_0559/ex261/verilog/ex261_smul_baugh_wooley_wallace_pfx6.v,student/work/ex260_ex264_frontend_smul_order_hybrid_expand_20260609_0559/ex261/aigs/ex261_smul_baugh_wooley_wallace_pfx6_wreduce_abc_g_aig.aig,1,1,1,156,21,3276,2041,1.605096,0,0,0.227,semantic_signed_mul_exact,exact signed low5 * signed high5 over 1024 inputs; source=baugh_wooley_wallace_pfx6; flow=wreduce_abc_g_aig
ex261,ex261_smul_baugh_wooley_wallace_pfx6_synth_preset_d13,signed low5_high5:a*b,baugh_wooley_wallace_pfx6+synth_preset_d13,student/work/ex260_ex264_frontend_smul_order_hybrid_expand_20260609_0559/ex261/verilog/ex261_smul_baugh_wooley_wallace_pfx6.v,student/work/ex260_ex264_frontend_smul_order_hybrid_expand_20260609_0559/ex261/aigs/ex261_smul_baugh_wooley_wallace_pfx6_synth_preset_d13.aig,1,1,1,156,21,3276,2041,1.605096,0,0,0.278,semantic_signed_mul_exact,exact signed low5 * signed high5 over 1024 inputs; source=baugh_wooley_wallace_pfx6; flow=synth_preset_d13
ex263,ex263_smul_baugh_wooley_wallace_rev_hcla3_abc_g_aig,signed low7_high7:a*b,baugh_wooley_wallace_rev_hcla3+abc_g_aig,student/work/ex260_ex264_frontend_smul_order_hybrid_expand_20260609_0559/ex263/verilog/ex263_smul_baugh_wooley_wallace_rev_hcla3.v,student/work/ex260_ex264_frontend_smul_order_hybrid_expand_20260609_0559/ex263/aigs/ex263_smul_baugh_wooley_wallace_rev_hcla3_abc_g_aig.aig,1,1,1,355,28,9940,6840,1.453216,1,0,0.508,semantic_signed_mul_exact,exact signed low7 * signed high7 over 16384 inputs; source=baugh_wooley_wallace_rev_hcla3; flow=abc_g_aig
ex263,ex263_smul_baugh_wooley_wallace_rev_hcla3_wreduce_abc_g_aig,signed low7_high7:a*b,baugh_wooley_wallace_rev_hcla3+wreduce_abc_g_aig,student/work/ex260_ex264_frontend_smul_order_hybrid_expand_20260609_0559/ex263/verilog/ex263_smul_baugh_wooley_wallace_rev_hcla3.v,student/work/ex260_ex264_frontend_smul_order_hybrid_expand_20260609_0559/ex263/aigs/ex263_smul_baugh_wooley_wallace_rev_hcla3_wreduce_abc_g_aig.aig,1,1,1,355,28,9940,6840,1.453216,1,0,0.518,semantic_signed_mul_exact,exact signed low7 * signed high7 over 16384 inputs; source=baugh_wooley_wallace_rev_hcla3; flow=wreduce_abc_g_aig
ex263,ex263_smul_baugh_wooley_wallace_rev_hcla3_synth_preset_d13,signed low7_high7:a*b,baugh_wooley_wallace_rev_hcla3+synth_preset_d13,student/work/ex260_ex264_frontend_smul_order_hybrid_expand_20260609_0559/ex263/verilog/ex263_smul_baugh_wooley_wallace_rev_hcla3.v,student/work/ex260_ex264_frontend_smul_order_hybrid_expand_20260609_0559/ex263/aigs/ex263_smul_baugh_wooley_wallace_rev_hcla3_synth_preset_d13.aig,1,1,1,356,27,9612,6840,1.405263,1,0,0.627,semantic_signed_mul_exact,exact signed low7 * signed high7 over 16384 inputs; source=baugh_wooley_wallace_rev_hcla3; flow=synth_preset_d13
ex263,ex263_smul_baugh_wooley_wallace_rev_hcla4_abc_g_aig,signed low7_high7:a*b,baugh_wooley_wallace_rev_hcla4+abc_g_aig,student/work/ex260_ex264_frontend_smul_order_hybrid_expand_20260609_0559/ex263/verilog/ex263_smul_baugh_wooley_wallace_rev_hcla4.v,student/work/ex260_ex264_frontend_smul_order_hybrid_expand_20260609_0559/ex263/aigs/ex263_smul_baugh_wooley_wallace_rev_hcla4_abc_g_aig.aig,1,1,1,354,28,9912,6840,1.449123,1,0,0.507,semantic_signed_mul_exact,exact signed low7 * signed high7 over 16384 inputs; source=baugh_wooley_wallace_rev_hcla4; flow=abc_g_aig
ex263,ex263_smul_baugh_wooley_wallace_rev_hcla4_wreduce_abc_g_aig,signed low7_high7:a*b,baugh_wooley_wallace_rev_hcla4+wreduce_abc_g_aig,student/work/ex260_ex264_frontend_smul_order_hybrid_expand_20260609_0559/ex263/verilog/ex263_smul_baugh_wooley_wallace_rev_hcla4.v,student/work/ex260_ex264_frontend_smul_order_hybrid_expand_20260609_0559/ex263/aigs/ex263_smul_baugh_wooley_wallace_rev_hcla4_wreduce_abc_g_aig.aig,1,1,1,354,28,9912,6840,1.449123,1,0,0.526,semantic_signed_mul_exact,exact signed low7 * signed high7 over 16384 inputs; source=baugh_wooley_wallace_rev_hcla4; flow=wreduce_abc_g_aig
ex263,ex263_smul_baugh_wooley_wallace_rev_hcla4_synth_preset_d13,signed low7_high7:a*b,baugh_wooley_wallace_rev_hcla4+synth_preset_d13,student/work/ex260_ex264_frontend_smul_order_hybrid_expand_20260609_0559/ex263/verilog/ex263_smul_baugh_wooley_wallace_rev_hcla4.v,student/work/ex260_ex264_frontend_smul_order_hybrid_expand_20260609_0559/ex263/aigs/ex263_smul_baugh_wooley_wallace_rev_hcla4_synth_preset_d13.aig,1,1,1,356,28,9968,6840,1.457310,1,0,0.646,semantic_signed_mul_exact,exact signed low7 * signed high7 over 16384 inputs; source=baugh_wooley_wallace_rev_hcla4; flow=synth_preset_d13
ex263,ex263_smul_baugh_wooley_wallace_rev_hcla5_abc_g_aig,signed low7_high7:a*b,baugh_wooley_wallace_rev_hcla5+abc_g_aig,student/work/ex260_ex264_frontend_smul_order_hybrid_expand_20260609_0559/ex263/verilog/ex263_smul_baugh_wooley_wallace_rev_hcla5.v,student/work/ex260_ex264_frontend_smul_order_hybrid_expand_20260609_0559/ex263/aigs/ex263_smul_baugh_wooley_wallace_rev_hcla5_abc_g_aig.aig,1,1,1,361,25,9025,6840,1.319444,1,0,0.506,semantic_signed_mul_exact,exact signed low7 * signed high7 over 16384 inputs; source=baugh_wooley_wallace_rev_hcla5; flow=abc_g_aig
ex263,ex263_smul_baugh_wooley_wallace_rev_hcla5_wreduce_abc_g_aig,signed low7_high7:a*b,baugh_wooley_wallace_rev_hcla5+wreduce_abc_g_aig,student/work/ex260_ex264_frontend_smul_order_hybrid_expand_20260609_0559/ex263/verilog/ex263_smul_baugh_wooley_wallace_rev_hcla5.v,student/work/ex260_ex264_frontend_smul_order_hybrid_expand_20260609_0559/ex263/aigs/ex263_smul_baugh_wooley_wallace_rev_hcla5_wreduce_abc_g_aig.aig,1,1,1,360,25,9000,6840,1.315789,1,0,0.523,semantic_signed_mul_exact,exact signed low7 * signed high7 over 16384 inputs; source=baugh_wooley_wallace_rev_hcla5; flow=wreduce_abc_g_aig
ex263,ex263_smul_baugh_wooley_wallace_rev_hcla5_synth_preset_d13,signed low7_high7:a*b,baugh_wooley_wallace_rev_hcla5+synth_preset_d13,student/work/ex260_ex264_frontend_smul_order_hybrid_expand_20260609_0559/ex263/verilog/ex263_smul_baugh_wooley_wallace_rev_hcla5.v,student/work/ex260_ex264_frontend_smul_order_hybrid_expand_20260609_0559/ex263/aigs/ex263_smul_baugh_wooley_wallace_rev_hcla5_synth_preset_d13.aig,1,1,1,356,28,9968,6840,1.457310,1,0,0.638,semantic_signed_mul_exact,exact signed low7 * signed high7 over 16384 inputs; source=baugh_wooley_wallace_rev_hcla5; flow=synth_preset_d13
ex263,ex263_smul_baugh_wooley_wallace_outside_hcla3_abc_g_aig,signed low7_high7:a*b,baugh_wooley_wallace_outside_hcla3+abc_g_aig,student/work/ex260_ex264_frontend_smul_order_hybrid_expand_20260609_0559/ex263/verilog/ex263_smul_baugh_wooley_wallace_outside_hcla3.v,student/work/ex260_ex264_frontend_smul_order_hybrid_expand_20260609_0559/ex263/aigs/ex263_smul_baugh_wooley_wallace_outside_hcla3_abc_g_aig.aig,1,1,1,364,25,9100,6840,1.330409,1,0,0.512,semantic_signed_mul_exact,exact signed low7 * signed high7 over 16384 inputs; source=baugh_wooley_wallace_outside_hcla3; flow=abc_g_aig
ex263,ex263_smul_baugh_wooley_wallace_outside_hcla3_wreduce_abc_g_aig,signed low7_high7:a*b,baugh_wooley_wallace_outside_hcla3+wreduce_abc_g_aig,student/work/ex260_ex264_frontend_smul_order_hybrid_expand_20260609_0559/ex263/verilog/ex263_smul_baugh_wooley_wallace_outside_hcla3.v,student/work/ex260_ex264_frontend_smul_order_hybrid_expand_20260609_0559/ex263/aigs/ex263_smul_baugh_wooley_wallace_outside_hcla3_wreduce_abc_g_aig.aig,1,1,1,364,25,9100,6840,1.330409,1,0,0.524,semantic_signed_mul_exact,exact signed low7 * signed high7 over 16384 inputs; source=baugh_wooley_wallace_outside_hcla3; flow=wreduce_abc_g_aig
ex263,ex263_smul_baugh_wooley_wallace_outside_hcla3_synth_preset_d13,signed low7_high7:a*b,baugh_wooley_wallace_outside_hcla3+synth_preset_d13,student/work/ex260_ex264_frontend_smul_order_hybrid_expand_20260609_0559/ex263/verilog/ex263_smul_baugh_wooley_wallace_outside_hcla3.v,student/work/ex260_ex264_frontend_smul_order_hybrid_expand_20260609_0559/ex263/aigs/ex263_smul_baugh_wooley_wallace_outside_hcla3_synth_preset_d13.aig,1,1,1,363,25,9075,6840,1.326754,1,0,0.632,semantic_signed_mul_exact,exact signed low7 * signed high7 over 16384 inputs; source=baugh_wooley_wallace_outside_hcla3; flow=synth_preset_d13
ex263,ex263_smul_baugh_wooley_wallace_outside_hcla4_abc_g_aig,signed low7_high7:a*b,baugh_wooley_wallace_outside_hcla4+abc_g_aig,student/work/ex260_ex264_frontend_smul_order_hybrid_expand_20260609_0559/ex263/verilog/ex263_smul_baugh_wooley_wallace_outside_hcla4.v,student/work/ex260_ex264_frontend_smul_order_hybrid_expand_20260609_0559/ex263/aigs/ex263_smul_baugh_wooley_wallace_outside_hcla4_abc_g_aig.aig,1,1,1,360,25,9000,6840,1.315789,1,0,0.500,semantic_signed_mul_exact,exact signed low7 * signed high7 over 16384 inputs; source=baugh_wooley_wallace_outside_hcla4; flow=abc_g_aig
ex263,ex263_smul_baugh_wooley_wallace_outside_hcla4_wreduce_abc_g_aig,signed low7_high7:a*b,baugh_wooley_wallace_outside_hcla4+wreduce_abc_g_aig,student/work/ex260_ex264_frontend_smul_order_hybrid_expand_20260609_0559/ex263/verilog/ex263_smul_baugh_wooley_wallace_outside_hcla4.v,student/work/ex260_ex264_frontend_smul_order_hybrid_expand_20260609_0559/ex263/aigs/ex263_smul_baugh_wooley_wallace_outside_hcla4_wreduce_abc_g_aig.aig,1,1,1,360,25,9000,6840,1.315789,1,0,0.514,semantic_signed_mul_exact,exact signed low7 * signed high7 over 16384 inputs; source=baugh_wooley_wallace_outside_hcla4; flow=wreduce_abc_g_aig
ex263,ex263_smul_baugh_wooley_wallace_outside_hcla4_synth_preset_d13,signed low7_high7:a*b,baugh_wooley_wallace_outside_hcla4+synth_preset_d13,student/work/ex260_ex264_frontend_smul_order_hybrid_expand_20260609_0559/ex263/verilog/ex263_smul_baugh_wooley_wallace_outside_hcla4.v,student/work/ex260_ex264_frontend_smul_order_hybrid_expand_20260609_0559/ex263/aigs/ex263_smul_baugh_wooley_wallace_outside_hcla4_synth_preset_d13.aig,1,1,1,362,25,9050,6840,1.323099,1,0,0.628,semantic_signed_mul_exact,exact signed low7 * signed high7 over 16384 inputs; source=baugh_wooley_wallace_outside_hcla4; flow=synth_preset_d13
ex263,ex263_smul_baugh_wooley_wallace_outside_hcla5_abc_g_aig,signed low7_high7:a*b,baugh_wooley_wallace_outside_hcla5+abc_g_aig,student/work/ex260_ex264_frontend_smul_order_hybrid_expand_20260609_0559/ex263/verilog/ex263_smul_baugh_wooley_wallace_outside_hcla5.v,student/work/ex260_ex264_frontend_smul_order_hybrid_expand_20260609_0559/ex263/aigs/ex263_smul_baugh_wooley_wallace_outside_hcla5_abc_g_aig.aig,1,1,1,360,25,9000,6840,1.315789,1,0,0.498,semantic_signed_mul_exact,exact signed low7 * signed high7 over 16384 inputs; source=baugh_wooley_wallace_outside_hcla5; flow=abc_g_aig
ex263,ex263_smul_baugh_wooley_wallace_outside_hcla5_wreduce_abc_g_aig,signed low7_high7:a*b,baugh_wooley_wallace_outside_hcla5+wreduce_abc_g_aig,student/work/ex260_ex264_frontend_smul_order_hybrid_expand_20260609_0559/ex263/verilog/ex263_smul_baugh_wooley_wallace_outside_hcla5.v,student/work/ex260_ex264_frontend_smul_order_hybrid_expand_20260609_0559/ex263/aigs/ex263_smul_baugh_wooley_wallace_outside_hcla5_wreduce_abc_g_aig.aig,1,1,1,360,25,9000,6840,1.315789,1,0,0.510,semantic_signed_mul_exact,exact signed low7 * signed high7 over 16384 inputs; source=baugh_wooley_wallace_outside_hcla5; flow=wreduce_abc_g_aig
ex263,ex263_smul_baugh_wooley_wallace_outside_hcla5_synth_preset_d13,signed low7_high7:a*b,baugh_wooley_wallace_outside_hcla5+synth_preset_d13,student/work/ex260_ex264_frontend_smul_order_hybrid_expand_20260609_0559/ex263/verilog/ex263_smul_baugh_wooley_wallace_outside_hcla5.v,student/work/ex260_ex264_frontend_smul_order_hybrid_expand_20260609_0559/ex263/aigs/ex263_smul_baugh_wooley_wallace_outside_hcla5_synth_preset_d13.aig,1,1,1,357,26,9282,6840,1.357018,1,0,0.619,semantic_signed_mul_exact,exact signed low7 * signed high7 over 16384 inputs; source=baugh_wooley_wallace_outside_hcla5; flow=synth_preset_d13
ex263,ex263_smul_baugh_wooley_wallace_rev_rhcla3_abc_g_aig,signed low7_high7:a*b,baugh_wooley_wallace_rev_rhcla3+abc_g_aig,student/work/ex260_ex264_frontend_smul_order_hybrid_expand_20260609_0559/ex263/verilog/ex263_smul_baugh_wooley_wallace_rev_rhcla3.v,student/work/ex260_ex264_frontend_smul_order_hybrid_expand_20260609_0559/ex263/aigs/ex263_smul_baugh_wooley_wallace_rev_rhcla3_abc_g_aig.aig,1,1,1,360,25,9000,6840,1.315789,1,0,0.503,semantic_signed_mul_exact,exact signed low7 * signed high7 over 16384 inputs; source=baugh_wooley_wallace_rev_rhcla3; flow=abc_g_aig
ex263,ex263_smul_baugh_wooley_wallace_rev_rhcla3_wreduce_abc_g_aig,signed low7_high7:a*b,baugh_wooley_wallace_rev_rhcla3+wreduce_abc_g_aig,student/work/ex260_ex264_frontend_smul_order_hybrid_expand_20260609_0559/ex263/verilog/ex263_smul_baugh_wooley_wallace_rev_rhcla3.v,student/work/ex260_ex264_frontend_smul_order_hybrid_expand_20260609_0559/ex263/aigs/ex263_smul_baugh_wooley_wallace_rev_rhcla3_wreduce_abc_g_aig.aig,1,1,1,360,25,9000,6840,1.315789,1,0,0.515,semantic_signed_mul_exact,exact signed low7 * signed high7 over 16384 inputs; source=baugh_wooley_wallace_rev_rhcla3; flow=wreduce_abc_g_aig
ex263,ex263_smul_baugh_wooley_wallace_rev_rhcla3_synth_preset_d13,signed low7_high7:a*b,baugh_wooley_wallace_rev_rhcla3+synth_preset_d13,student/work/ex260_ex264_frontend_smul_order_hybrid_expand_20260609_0559/ex263/verilog/ex263_smul_baugh_wooley_wallace_rev_rhcla3.v,student/work/ex260_ex264_frontend_smul_order_hybrid_expand_20260609_0559/ex263/aigs/ex263_smul_baugh_wooley_wallace_rev_rhcla3_synth_preset_d13.aig,1,1,1,353,27,9531,6840,1.393421,1,0,0.651,semantic_signed_mul_exact,exact signed low7 * signed high7 over 16384 inputs; source=baugh_wooley_wallace_rev_rhcla3; flow=synth_preset_d13
ex263,ex263_smul_baugh_wooley_wallace_rev_rhcla4_abc_g_aig,signed low7_high7:a*b,baugh_wooley_wallace_rev_rhcla4+abc_g_aig,student/work/ex260_ex264_frontend_smul_order_hybrid_expand_20260609_0559/ex263/verilog/ex263_smul_baugh_wooley_wallace_rev_rhcla4.v,student/work/ex260_ex264_frontend_smul_order_hybrid_expand_20260609_0559/ex263/aigs/ex263_smul_baugh_wooley_wallace_rev_rhcla4_abc_g_aig.aig,1,1,1,362,26,9412,6840,1.376023,1,0,0.505,semantic_signed_mul_exact,exact signed low7 * signed high7 over 16384 inputs; source=baugh_wooley_wallace_rev_rhcla4; flow=abc_g_aig
ex263,ex263_smul_baugh_wooley_wallace_rev_rhcla4_wreduce_abc_g_aig,signed low7_high7:a*b,baugh_wooley_wallace_rev_rhcla4+wreduce_abc_g_aig,student/work/ex260_ex264_frontend_smul_order_hybrid_expand_20260609_0559/ex263/verilog/ex263_smul_baugh_wooley_wallace_rev_rhcla4.v,student/work/ex260_ex264_frontend_smul_order_hybrid_expand_20260609_0559/ex263/aigs/ex263_smul_baugh_wooley_wallace_rev_rhcla4_wreduce_abc_g_aig.aig,1,1,1,355,27,9585,6840,1.401316,1,0,0.518,semantic_signed_mul_exact,exact signed low7 * signed high7 over 16384 inputs; source=baugh_wooley_wallace_rev_rhcla4; flow=wreduce_abc_g_aig
ex263,ex263_smul_baugh_wooley_wallace_rev_rhcla4_synth_preset_d13,signed low7_high7:a*b,baugh_wooley_wallace_rev_rhcla4+synth_preset_d13,student/work/ex260_ex264_frontend_smul_order_hybrid_expand_20260609_0559/ex263/verilog/ex263_smul_baugh_wooley_wallace_rev_rhcla4.v,student/work/ex260_ex264_frontend_smul_order_hybrid_expand_20260609_0559/ex263/aigs/ex263_smul_baugh_wooley_wallace_rev_rhcla4_synth_preset_d13.aig,1,1,1,356,26,9256,6840,1.353216,1,0,0.632,semantic_signed_mul_exact,exact signed low7 * signed high7 over 16384 inputs; source=baugh_wooley_wallace_rev_rhcla4; flow=synth_preset_d13
ex263,ex263_smul_baugh_wooley_wallace_rev_rhcla5_abc_g_aig,signed low7_high7:a*b,baugh_wooley_wallace_rev_rhcla5+abc_g_aig,student/work/ex260_ex264_frontend_smul_order_hybrid_expand_20260609_0559/ex263/verilog/ex263_smul_baugh_wooley_wallace_rev_rhcla5.v,student/work/ex260_ex264_frontend_smul_order_hybrid_expand_20260609_0559/ex263/aigs/ex263_smul_baugh_wooley_wallace_rev_rhcla5_abc_g_aig.aig,1,1,1,364,26,9464,6840,1.383626,1,0,0.504,semantic_signed_mul_exact,exact signed low7 * signed high7 over 16384 inputs; source=baugh_wooley_wallace_rev_rhcla5; flow=abc_g_aig
ex263,ex263_smul_baugh_wooley_wallace_rev_rhcla5_wreduce_abc_g_aig,signed low7_high7:a*b,baugh_wooley_wallace_rev_rhcla5+wreduce_abc_g_aig,student/work/ex260_ex264_frontend_smul_order_hybrid_expand_20260609_0559/ex263/verilog/ex263_smul_baugh_wooley_wallace_rev_rhcla5.v,student/work/ex260_ex264_frontend_smul_order_hybrid_expand_20260609_0559/ex263/aigs/ex263_smul_baugh_wooley_wallace_rev_rhcla5_wreduce_abc_g_aig.aig,1,1,1,364,26,9464,6840,1.383626,1,0,0.511,semantic_signed_mul_exact,exact signed low7 * signed high7 over 16384 inputs; source=baugh_wooley_wallace_rev_rhcla5; flow=wreduce_abc_g_aig
ex263,ex263_smul_baugh_wooley_wallace_rev_rhcla5_synth_preset_d13,signed low7_high7:a*b,baugh_wooley_wallace_rev_rhcla5+synth_preset_d13,student/work/ex260_ex264_frontend_smul_order_hybrid_expand_20260609_0559/ex263/verilog/ex263_smul_baugh_wooley_wallace_rev_rhcla5.v,student/work/ex260_ex264_frontend_smul_order_hybrid_expand_20260609_0559/ex263/aigs/ex263_smul_baugh_wooley_wallace_rev_rhcla5_synth_preset_d13.aig,1,1,1,353,27,9531,6840,1.393421,1,0,0.642,semantic_signed_mul_exact,exact signed low7 * signed high7 over 16384 inputs; source=baugh_wooley_wallace_rev_rhcla5; flow=synth_preset_d13
ex263,ex263_smul_baugh_wooley_wallace_outside_rhcla3_abc_g_aig,signed low7_high7:a*b,baugh_wooley_wallace_outside_rhcla3+abc_g_aig,student/work/ex260_ex264_frontend_smul_order_hybrid_expand_20260609_0559/ex263/verilog/ex263_smul_baugh_wooley_wallace_outside_rhcla3.v,student/work/ex260_ex264_frontend_smul_order_hybrid_expand_20260609_0559/ex263/aigs/ex263_smul_baugh_wooley_wallace_outside_rhcla3_abc_g_aig.aig,1,1,1,360,26,9360,6840,1.368421,1,0,0.514,semantic_signed_mul_exact,exact signed low7 * signed high7 over 16384 inputs; source=baugh_wooley_wallace_outside_rhcla3; flow=abc_g_aig
ex263,ex263_smul_baugh_wooley_wallace_outside_rhcla3_wreduce_abc_g_aig,signed low7_high7:a*b,baugh_wooley_wallace_outside_rhcla3+wreduce_abc_g_aig,student/work/ex260_ex264_frontend_smul_order_hybrid_expand_20260609_0559/ex263/verilog/ex263_smul_baugh_wooley_wallace_outside_rhcla3.v,student/work/ex260_ex264_frontend_smul_order_hybrid_expand_20260609_0559/ex263/aigs/ex263_smul_baugh_wooley_wallace_outside_rhcla3_wreduce_abc_g_aig.aig,1,1,1,359,26,9334,6840,1.364620,1,0,0.528,semantic_signed_mul_exact,exact signed low7 * signed high7 over 16384 inputs; source=baugh_wooley_wallace_outside_rhcla3; flow=wreduce_abc_g_aig
ex263,ex263_smul_baugh_wooley_wallace_outside_rhcla3_synth_preset_d13,signed low7_high7:a*b,baugh_wooley_wallace_outside_rhcla3+synth_preset_d13,student/work/ex260_ex264_frontend_smul_order_hybrid_expand_20260609_0559/ex263/verilog/ex263_smul_baugh_wooley_wallace_outside_rhcla3.v,student/work/ex260_ex264_frontend_smul_order_hybrid_expand_20260609_0559/ex263/aigs/ex263_smul_baugh_wooley_wallace_outside_rhcla3_synth_preset_d13.aig,1,1,1,361,26,9386,6840,1.372222,1,0,0.624,semantic_signed_mul_exact,exact signed low7 * signed high7 over 16384 inputs; source=baugh_wooley_wallace_outside_rhcla3; flow=synth_preset_d13
ex263,ex263_smul_baugh_wooley_wallace_outside_rhcla4_abc_g_aig,signed low7_high7:a*b,baugh_wooley_wallace_outside_rhcla4+abc_g_aig,student/work/ex260_ex264_frontend_smul_order_hybrid_expand_20260609_0559/ex263/verilog/ex263_smul_baugh_wooley_wallace_outside_rhcla4.v,student/work/ex260_ex264_frontend_smul_order_hybrid_expand_20260609_0559/ex263/aigs/ex263_smul_baugh_wooley_wallace_outside_rhcla4_abc_g_aig.aig,1,1,1,359,26,9334,6840,1.364620,1,0,0.492,semantic_signed_mul_exact,exact signed low7 * signed high7 over 16384 inputs; source=baugh_wooley_wallace_outside_rhcla4; flow=abc_g_aig
ex263,ex263_smul_baugh_wooley_wallace_outside_rhcla4_wreduce_abc_g_aig,signed low7_high7:a*b,baugh_wooley_wallace_outside_rhcla4+wreduce_abc_g_aig,student/work/ex260_ex264_frontend_smul_order_hybrid_expand_20260609_0559/ex263/verilog/ex263_smul_baugh_wooley_wallace_outside_rhcla4.v,student/work/ex260_ex264_frontend_smul_order_hybrid_expand_20260609_0559/ex263/aigs/ex263_smul_baugh_wooley_wallace_outside_rhcla4_wreduce_abc_g_aig.aig,1,1,1,359,26,9334,6840,1.364620,1,0,0.520,semantic_signed_mul_exact,exact signed low7 * signed high7 over 16384 inputs; source=baugh_wooley_wallace_outside_rhcla4; flow=wreduce_abc_g_aig
ex263,ex263_smul_baugh_wooley_wallace_outside_rhcla4_synth_preset_d13,signed low7_high7:a*b,baugh_wooley_wallace_outside_rhcla4+synth_preset_d13,student/work/ex260_ex264_frontend_smul_order_hybrid_expand_20260609_0559/ex263/verilog/ex263_smul_baugh_wooley_wallace_outside_rhcla4.v,student/work/ex260_ex264_frontend_smul_order_hybrid_expand_20260609_0559/ex263/aigs/ex263_smul_baugh_wooley_wallace_outside_rhcla4_synth_preset_d13.aig,1,1,1,358,25,8950,6840,1.308480,1,0,0.641,semantic_signed_mul_exact,exact signed low7 * signed high7 over 16384 inputs; source=baugh_wooley_wallace_outside_rhcla4; flow=synth_preset_d13
ex263,ex263_smul_baugh_wooley_wallace_outside_rhcla5_abc_g_aig,signed low7_high7:a*b,baugh_wooley_wallace_outside_rhcla5+abc_g_aig,student/work/ex260_ex264_frontend_smul_order_hybrid_expand_20260609_0559/ex263/verilog/ex263_smul_baugh_wooley_wallace_outside_rhcla5.v,student/work/ex260_ex264_frontend_smul_order_hybrid_expand_20260609_0559/ex263/aigs/ex263_smul_baugh_wooley_wallace_outside_rhcla5_abc_g_aig.aig,1,1,1,361,25,9025,6840,1.319444,1,0,0.493,semantic_signed_mul_exact,exact signed low7 * signed high7 over 16384 inputs; source=baugh_wooley_wallace_outside_rhcla5; flow=abc_g_aig
ex263,ex263_smul_baugh_wooley_wallace_outside_rhcla5_wreduce_abc_g_aig,signed low7_high7:a*b,baugh_wooley_wallace_outside_rhcla5+wreduce_abc_g_aig,student/work/ex260_ex264_frontend_smul_order_hybrid_expand_20260609_0559/ex263/verilog/ex263_smul_baugh_wooley_wallace_outside_rhcla5.v,student/work/ex260_ex264_frontend_smul_order_hybrid_expand_20260609_0559/ex263/aigs/ex263_smul_baugh_wooley_wallace_outside_rhcla5_wreduce_abc_g_aig.aig,1,1,1,361,25,9025,6840,1.319444,1,0,0.506,semantic_signed_mul_exact,exact signed low7 * signed high7 over 16384 inputs; source=baugh_wooley_wallace_outside_rhcla5; flow=wreduce_abc_g_aig
ex263,ex263_smul_baugh_wooley_wallace_outside_rhcla5_synth_preset_d13,signed low7_high7:a*b,baugh_wooley_wallace_outside_rhcla5+synth_preset_d13,student/work/ex260_ex264_frontend_smul_order_hybrid_expand_20260609_0559/ex263/verilog/ex263_smul_baugh_wooley_wallace_outside_rhcla5.v,student/work/ex260_ex264_frontend_smul_order_hybrid_expand_20260609_0559/ex263/aigs/ex263_smul_baugh_wooley_wallace_outside_rhcla5_synth_preset_d13.aig,1,1,1,361,26,9386,6840,1.372222,1,0,0.613,semantic_signed_mul_exact,exact signed low7 * signed high7 over 16384 inputs; source=baugh_wooley_wallace_outside_rhcla5; flow=synth_preset_d13
ex263,ex263_smul_baugh_wooley_wallace_rev_pfx6_abc_g_aig,signed low7_high7:a*b,baugh_wooley_wallace_rev_pfx6+abc_g_aig,student/work/ex260_ex264_frontend_smul_order_hybrid_expand_20260609_0559/ex263/verilog/ex263_smul_baugh_wooley_wallace_rev_pfx6.v,student/work/ex260_ex264_frontend_smul_order_hybrid_expand_20260609_0559/ex263/aigs/ex263_smul_baugh_wooley_wallace_rev_pfx6_abc_g_aig.aig,1,1,1,367,26,9542,6840,1.395029,1,0,0.498,semantic_signed_mul_exact,exact signed low7 * signed high7 over 16384 inputs; source=baugh_wooley_wallace_rev_pfx6; flow=abc_g_aig
ex263,ex263_smul_baugh_wooley_wallace_rev_pfx6_wreduce_abc_g_aig,signed low7_high7:a*b,baugh_wooley_wallace_rev_pfx6+wreduce_abc_g_aig,student/work/ex260_ex264_frontend_smul_order_hybrid_expand_20260609_0559/ex263/verilog/ex263_smul_baugh_wooley_wallace_rev_pfx6.v,student/work/ex260_ex264_frontend_smul_order_hybrid_expand_20260609_0559/ex263/aigs/ex263_smul_baugh_wooley_wallace_rev_pfx6_wreduce_abc_g_aig.aig,1,1,1,367,26,9542,6840,1.395029,1,0,0.500,semantic_signed_mul_exact,exact signed low7 * signed high7 over 16384 inputs; source=baugh_wooley_wallace_rev_pfx6; flow=wreduce_abc_g_aig
ex263,ex263_smul_baugh_wooley_wallace_rev_pfx6_synth_preset_d13,signed low7_high7:a*b,baugh_wooley_wallace_rev_pfx6+synth_preset_d13,student/work/ex260_ex264_frontend_smul_order_hybrid_expand_20260609_0559/ex263/verilog/ex263_smul_baugh_wooley_wallace_rev_pfx6.v,student/work/ex260_ex264_frontend_smul_order_hybrid_expand_20260609_0559/ex263/aigs/ex263_smul_baugh_wooley_wallace_rev_pfx6_synth_preset_d13.aig,1,1,1,366,26,9516,6840,1.391228,1,0,0.618,semantic_signed_mul_exact,exact signed low7 * signed high7 over 16384 inputs; source=baugh_wooley_wallace_rev_pfx6; flow=synth_preset_d13
ex263,ex263_smul_baugh_wooley_wallace_outside_pfx6_abc_g_aig,signed low7_high7:a*b,baugh_wooley_wallace_outside_pfx6+abc_g_aig,student/work/ex260_ex264_frontend_smul_order_hybrid_expand_20260609_0559/ex263/verilog/ex263_smul_baugh_wooley_wallace_outside_pfx6.v,student/work/ex260_ex264_frontend_smul_order_hybrid_expand_20260609_0559/ex263/aigs/ex263_smul_baugh_wooley_wallace_outside_pfx6_abc_g_aig.aig,1,1,1,367,25,9175,6840,1.341374,1,0,0.491,semantic_signed_mul_exact,exact signed low7 * signed high7 over 16384 inputs; source=baugh_wooley_wallace_outside_pfx6; flow=abc_g_aig
ex263,ex263_smul_baugh_wooley_wallace_outside_pfx6_wreduce_abc_g_aig,signed low7_high7:a*b,baugh_wooley_wallace_outside_pfx6+wreduce_abc_g_aig,student/work/ex260_ex264_frontend_smul_order_hybrid_expand_20260609_0559/ex263/verilog/ex263_smul_baugh_wooley_wallace_outside_pfx6.v,student/work/ex260_ex264_frontend_smul_order_hybrid_expand_20260609_0559/ex263/aigs/ex263_smul_baugh_wooley_wallace_outside_pfx6_wreduce_abc_g_aig.aig,1,1,1,358,28,10024,6840,1.465497,1,0,0.506,semantic_signed_mul_exact,exact signed low7 * signed high7 over 16384 inputs; source=baugh_wooley_wallace_outside_pfx6; flow=wreduce_abc_g_aig
ex263,ex263_smul_baugh_wooley_wallace_outside_pfx6_synth_preset_d13,signed low7_high7:a*b,baugh_wooley_wallace_outside_pfx6+synth_preset_d13,student/work/ex260_ex264_frontend_smul_order_hybrid_expand_20260609_0559/ex263/verilog/ex263_smul_baugh_wooley_wallace_outside_pfx6.v,student/work/ex260_ex264_frontend_smul_order_hybrid_expand_20260609_0559/ex263/aigs/ex263_smul_baugh_wooley_wallace_outside_pfx6_synth_preset_d13.aig,1,1,1,367,25,9175,6840,1.341374,1,0,0.611,semantic_signed_mul_exact,exact signed low7 * signed high7 over 16384 inputs; source=baugh_wooley_wallace_outside_pfx6; flow=synth_preset_d13
ex263,ex263_smul_baugh_wooley_wallace_hcla4_abc_g_aig,signed low7_high7:a*b,baugh_wooley_wallace_hcla4+abc_g_aig,student/work/ex260_ex264_frontend_smul_order_hybrid_expand_20260609_0559/ex263/verilog/ex263_smul_baugh_wooley_wallace_hcla4.v,student/work/ex260_ex264_frontend_smul_order_hybrid_expand_20260609_0559/ex263/aigs/ex263_smul_baugh_wooley_wallace_hcla4_abc_g_aig.aig,1,1,1,357,26,9282,6840,1.357018,1,0,0.503,semantic_signed_mul_exact,exact signed low7 * signed high7 over 16384 inputs; source=baugh_wooley_wallace_hcla4; flow=abc_g_aig
ex263,ex263_smul_baugh_wooley_wallace_hcla4_wreduce_abc_g_aig,signed low7_high7:a*b,baugh_wooley_wallace_hcla4+wreduce_abc_g_aig,student/work/ex260_ex264_frontend_smul_order_hybrid_expand_20260609_0559/ex263/verilog/ex263_smul_baugh_wooley_wallace_hcla4.v,student/work/ex260_ex264_frontend_smul_order_hybrid_expand_20260609_0559/ex263/aigs/ex263_smul_baugh_wooley_wallace_hcla4_wreduce_abc_g_aig.aig,1,1,1,357,26,9282,6840,1.357018,1,0,0.521,semantic_signed_mul_exact,exact signed low7 * signed high7 over 16384 inputs; source=baugh_wooley_wallace_hcla4; flow=wreduce_abc_g_aig
ex263,ex263_smul_baugh_wooley_wallace_hcla4_synth_preset_d13,signed low7_high7:a*b,baugh_wooley_wallace_hcla4+synth_preset_d13,student/work/ex260_ex264_frontend_smul_order_hybrid_expand_20260609_0559/ex263/verilog/ex263_smul_baugh_wooley_wallace_hcla4.v,student/work/ex260_ex264_frontend_smul_order_hybrid_expand_20260609_0559/ex263/aigs/ex263_smul_baugh_wooley_wallace_hcla4_synth_preset_d13.aig,1,1,1,359,26,9334,6840,1.364620,1,0,0.647,semantic_signed_mul_exact,exact signed low7 * signed high7 over 16384 inputs; source=baugh_wooley_wallace_hcla4; flow=synth_preset_d13
ex263,ex263_smul_baugh_wooley_wallace_pfx6_abc_g_aig,signed low7_high7:a*b,baugh_wooley_wallace_pfx6+abc_g_aig,student/work/ex260_ex264_frontend_smul_order_hybrid_expand_20260609_0559/ex263/verilog/ex263_smul_baugh_wooley_wallace_pfx6.v,student/work/ex260_ex264_frontend_smul_order_hybrid_expand_20260609_0559/ex263/aigs/ex263_smul_baugh_wooley_wallace_pfx6_abc_g_aig.aig,1,1,1,363,25,9075,6840,1.326754,1,0,0.497,semantic_signed_mul_exact,exact signed low7 * signed high7 over 16384 inputs; source=baugh_wooley_wallace_pfx6; flow=abc_g_aig
ex263,ex263_smul_baugh_wooley_wallace_pfx6_wreduce_abc_g_aig,signed low7_high7:a*b,baugh_wooley_wallace_pfx6+wreduce_abc_g_aig,student/work/ex260_ex264_frontend_smul_order_hybrid_expand_20260609_0559/ex263/verilog/ex263_smul_baugh_wooley_wallace_pfx6.v,student/work/ex260_ex264_frontend_smul_order_hybrid_expand_20260609_0559/ex263/aigs/ex263_smul_baugh_wooley_wallace_pfx6_wreduce_abc_g_aig.aig,1,1,1,363,25,9075,6840,1.326754,1,0,0.504,semantic_signed_mul_exact,exact signed low7 * signed high7 over 16384 inputs; source=baugh_wooley_wallace_pfx6; flow=wreduce_abc_g_aig
ex263,ex263_smul_baugh_wooley_wallace_pfx6_synth_preset_d13,signed low7_high7:a*b,baugh_wooley_wallace_pfx6+synth_preset_d13,student/work/ex260_ex264_frontend_smul_order_hybrid_expand_20260609_0559/ex263/verilog/ex263_smul_baugh_wooley_wallace_pfx6.v,student/work/ex260_ex264_frontend_smul_order_hybrid_expand_20260609_0559/ex263/aigs/ex263_smul_baugh_wooley_wallace_pfx6_synth_preset_d13.aig,1,1,1,361,26,9386,6840,1.372222,1,0,0.639,semantic_signed_mul_exact,exact signed low7 * signed high7 over 16384 inputs; source=baugh_wooley_wallace_pfx6; flow=synth_preset_d13
ex264,ex264_smul_baugh_wooley_wallace_rev_hcla3_abc_g_aig,signed low8_high8:a*b,baugh_wooley_wallace_rev_hcla3+abc_g_aig,student/work/ex260_ex264_frontend_smul_order_hybrid_expand_20260609_0559/ex264/verilog/ex264_smul_baugh_wooley_wallace_rev_hcla3.v,student/work/ex260_ex264_frontend_smul_order_hybrid_expand_20260609_0559/ex264/aigs/ex264_smul_baugh_wooley_wallace_rev_hcla3_abc_g_aig.aig,1,1,1,489,29,14181,9724,1.458350,1,0,1.821,semantic_signed_mul_exact,exact signed low8 * signed high8 over 65536 inputs; source=baugh_wooley_wallace_rev_hcla3; flow=abc_g_aig
ex264,ex264_smul_baugh_wooley_wallace_rev_hcla3_wreduce_abc_g_aig,signed low8_high8:a*b,baugh_wooley_wallace_rev_hcla3+wreduce_abc_g_aig,student/work/ex260_ex264_frontend_smul_order_hybrid_expand_20260609_0559/ex264/verilog/ex264_smul_baugh_wooley_wallace_rev_hcla3.v,student/work/ex260_ex264_frontend_smul_order_hybrid_expand_20260609_0559/ex264/aigs/ex264_smul_baugh_wooley_wallace_rev_hcla3_wreduce_abc_g_aig.aig,1,1,1,487,30,14610,9724,1.502468,0,0,1.827,semantic_signed_mul_exact,exact signed low8 * signed high8 over 65536 inputs; source=baugh_wooley_wallace_rev_hcla3; flow=wreduce_abc_g_aig
ex264,ex264_smul_baugh_wooley_wallace_rev_hcla3_synth_preset_d13,signed low8_high8:a*b,baugh_wooley_wallace_rev_hcla3+synth_preset_d13,student/work/ex260_ex264_frontend_smul_order_hybrid_expand_20260609_0559/ex264/verilog/ex264_smul_baugh_wooley_wallace_rev_hcla3.v,student/work/ex260_ex264_frontend_smul_order_hybrid_expand_20260609_0559/ex264/aigs/ex264_smul_baugh_wooley_wallace_rev_hcla3_synth_preset_d13.aig,1,1,1,487,30,14610,9724,1.502468,0,0,1.972,semantic_signed_mul_exact,exact signed low8 * signed high8 over 65536 inputs; source=baugh_wooley_wallace_rev_hcla3; flow=synth_preset_d13
ex264,ex264_smul_baugh_wooley_wallace_rev_hcla4_abc_g_aig,signed low8_high8:a*b,baugh_wooley_wallace_rev_hcla4+abc_g_aig,student/work/ex260_ex264_frontend_smul_order_hybrid_expand_20260609_0559/ex264/verilog/ex264_smul_baugh_wooley_wallace_rev_hcla4.v,student/work/ex260_ex264_frontend_smul_order_hybrid_expand_20260609_0559/ex264/aigs/ex264_smul_baugh_wooley_wallace_rev_hcla4_abc_g_aig.aig,1,1,1,492,27,13284,9724,1.366104,1,0,1.807,semantic_signed_mul_exact,exact signed low8 * signed high8 over 65536 inputs; source=baugh_wooley_wallace_rev_hcla4; flow=abc_g_aig
ex264,ex264_smul_baugh_wooley_wallace_rev_hcla4_wreduce_abc_g_aig,signed low8_high8:a*b,baugh_wooley_wallace_rev_hcla4+wreduce_abc_g_aig,student/work/ex260_ex264_frontend_smul_order_hybrid_expand_20260609_0559/ex264/verilog/ex264_smul_baugh_wooley_wallace_rev_hcla4.v,student/work/ex260_ex264_frontend_smul_order_hybrid_expand_20260609_0559/ex264/aigs/ex264_smul_baugh_wooley_wallace_rev_hcla4_wreduce_abc_g_aig.aig,1,1,1,491,28,13748,9724,1.413821,1,0,1.832,semantic_signed_mul_exact,exact signed low8 * signed high8 over 65536 inputs; source=baugh_wooley_wallace_rev_hcla4; flow=wreduce_abc_g_aig
ex264,ex264_smul_baugh_wooley_wallace_rev_hcla4_synth_preset_d13,signed low8_high8:a*b,baugh_wooley_wallace_rev_hcla4+synth_preset_d13,student/work/ex260_ex264_frontend_smul_order_hybrid_expand_20260609_0559/ex264/verilog/ex264_smul_baugh_wooley_wallace_rev_hcla4.v,student/work/ex260_ex264_frontend_smul_order_hybrid_expand_20260609_0559/ex264/aigs/ex264_smul_baugh_wooley_wallace_rev_hcla4_synth_preset_d13.aig,1,1,1,481,28,13468,9724,1.385027,1,0,2.059,semantic_signed_mul_exact,exact signed low8 * signed high8 over 65536 inputs; source=baugh_wooley_wallace_rev_hcla4; flow=synth_preset_d13
ex264,ex264_smul_baugh_wooley_wallace_rev_hcla5_abc_g_aig,signed low8_high8:a*b,baugh_wooley_wallace_rev_hcla5+abc_g_aig,student/work/ex260_ex264_frontend_smul_order_hybrid_expand_20260609_0559/ex264/verilog/ex264_smul_baugh_wooley_wallace_rev_hcla5.v,student/work/ex260_ex264_frontend_smul_order_hybrid_expand_20260609_0559/ex264/aigs/ex264_smul_baugh_wooley_wallace_rev_hcla5_abc_g_aig.aig,1,1,1,483,28,13524,9724,1.390786,1,0,1.907,semantic_signed_mul_exact,exact signed low8 * signed high8 over 65536 inputs; source=baugh_wooley_wallace_rev_hcla5; flow=abc_g_aig
ex264,ex264_smul_baugh_wooley_wallace_rev_hcla5_wreduce_abc_g_aig,signed low8_high8:a*b,baugh_wooley_wallace_rev_hcla5+wreduce_abc_g_aig,student/work/ex260_ex264_frontend_smul_order_hybrid_expand_20260609_0559/ex264/verilog/ex264_smul_baugh_wooley_wallace_rev_hcla5.v,student/work/ex260_ex264_frontend_smul_order_hybrid_expand_20260609_0559/ex264/aigs/ex264_smul_baugh_wooley_wallace_rev_hcla5_wreduce_abc_g_aig.aig,1,1,1,485,28,13580,9724,1.396545,1,0,1.918,semantic_signed_mul_exact,exact signed low8 * signed high8 over 65536 inputs; source=baugh_wooley_wallace_rev_hcla5; flow=wreduce_abc_g_aig
ex264,ex264_smul_baugh_wooley_wallace_rev_hcla5_synth_preset_d13,signed low8_high8:a*b,baugh_wooley_wallace_rev_hcla5+synth_preset_d13,student/work/ex260_ex264_frontend_smul_order_hybrid_expand_20260609_0559/ex264/verilog/ex264_smul_baugh_wooley_wallace_rev_hcla5.v,student/work/ex260_ex264_frontend_smul_order_hybrid_expand_20260609_0559/ex264/aigs/ex264_smul_baugh_wooley_wallace_rev_hcla5_synth_preset_d13.aig,1,1,1,483,28,13524,9724,1.390786,1,0,2.060,semantic_signed_mul_exact,exact signed low8 * signed high8 over 65536 inputs; source=baugh_wooley_wallace_rev_hcla5; flow=synth_preset_d13
ex264,ex264_smul_baugh_wooley_wallace_outside_hcla3_abc_g_aig,signed low8_high8:a*b,baugh_wooley_wallace_outside_hcla3+abc_g_aig,student/work/ex260_ex264_frontend_smul_order_hybrid_expand_20260609_0559/ex264/verilog/ex264_smul_baugh_wooley_wallace_outside_hcla3.v,student/work/ex260_ex264_frontend_smul_order_hybrid_expand_20260609_0559/ex264/aigs/ex264_smul_baugh_wooley_wallace_outside_hcla3_abc_g_aig.aig,1,1,1,491,27,13257,9724,1.363328,1,0,1.927,semantic_signed_mul_exact,exact signed low8 * signed high8 over 65536 inputs; source=baugh_wooley_wallace_outside_hcla3; flow=abc_g_aig
ex264,ex264_smul_baugh_wooley_wallace_outside_hcla3_wreduce_abc_g_aig,signed low8_high8:a*b,baugh_wooley_wallace_outside_hcla3+wreduce_abc_g_aig,student/work/ex260_ex264_frontend_smul_order_hybrid_expand_20260609_0559/ex264/verilog/ex264_smul_baugh_wooley_wallace_outside_hcla3.v,student/work/ex260_ex264_frontend_smul_order_hybrid_expand_20260609_0559/ex264/aigs/ex264_smul_baugh_wooley_wallace_outside_hcla3_wreduce_abc_g_aig.aig,1,1,1,491,27,13257,9724,1.363328,1,0,1.946,semantic_signed_mul_exact,exact signed low8 * signed high8 over 65536 inputs; source=baugh_wooley_wallace_outside_hcla3; flow=wreduce_abc_g_aig
ex264,ex264_smul_baugh_wooley_wallace_outside_hcla3_synth_preset_d13,signed low8_high8:a*b,baugh_wooley_wallace_outside_hcla3+synth_preset_d13,student/work/ex260_ex264_frontend_smul_order_hybrid_expand_20260609_0559/ex264/verilog/ex264_smul_baugh_wooley_wallace_outside_hcla3.v,student/work/ex260_ex264_frontend_smul_order_hybrid_expand_20260609_0559/ex264/aigs/ex264_smul_baugh_wooley_wallace_outside_hcla3_synth_preset_d13.aig,1,1,1,488,28,13664,9724,1.405183,1,0,2.095,semantic_signed_mul_exact,exact signed low8 * signed high8 over 65536 inputs; source=baugh_wooley_wallace_outside_hcla3; flow=synth_preset_d13
ex264,ex264_smul_baugh_wooley_wallace_outside_hcla4_abc_g_aig,signed low8_high8:a*b,baugh_wooley_wallace_outside_hcla4+abc_g_aig,student/work/ex260_ex264_frontend_smul_order_hybrid_expand_20260609_0559/ex264/verilog/ex264_smul_baugh_wooley_wallace_outside_hcla4.v,student/work/ex260_ex264_frontend_smul_order_hybrid_expand_20260609_0559/ex264/aigs/ex264_smul_baugh_wooley_wallace_outside_hcla4_abc_g_aig.aig,1,1,1,488,28,13664,9724,1.405183,1,0,1.943,semantic_signed_mul_exact,exact signed low8 * signed high8 over 65536 inputs; source=baugh_wooley_wallace_outside_hcla4; flow=abc_g_aig
ex264,ex264_smul_baugh_wooley_wallace_outside_hcla4_wreduce_abc_g_aig,signed low8_high8:a*b,baugh_wooley_wallace_outside_hcla4+wreduce_abc_g_aig,student/work/ex260_ex264_frontend_smul_order_hybrid_expand_20260609_0559/ex264/verilog/ex264_smul_baugh_wooley_wallace_outside_hcla4.v,student/work/ex260_ex264_frontend_smul_order_hybrid_expand_20260609_0559/ex264/aigs/ex264_smul_baugh_wooley_wallace_outside_hcla4_wreduce_abc_g_aig.aig,1,1,1,488,28,13664,9724,1.405183,1,0,1.939,semantic_signed_mul_exact,exact signed low8 * signed high8 over 65536 inputs; source=baugh_wooley_wallace_outside_hcla4; flow=wreduce_abc_g_aig
ex264,ex264_smul_baugh_wooley_wallace_outside_hcla4_synth_preset_d13,signed low8_high8:a*b,baugh_wooley_wallace_outside_hcla4+synth_preset_d13,student/work/ex260_ex264_frontend_smul_order_hybrid_expand_20260609_0559/ex264/verilog/ex264_smul_baugh_wooley_wallace_outside_hcla4.v,student/work/ex260_ex264_frontend_smul_order_hybrid_expand_20260609_0559/ex264/aigs/ex264_smul_baugh_wooley_wallace_outside_hcla4_synth_preset_d13.aig,1,1,1,488,27,13176,9724,1.354998,1,0,2.087,semantic_signed_mul_exact,exact signed low8 * signed high8 over 65536 inputs; source=baugh_wooley_wallace_outside_hcla4; flow=synth_preset_d13
ex264,ex264_smul_baugh_wooley_wallace_outside_hcla5_abc_g_aig,signed low8_high8:a*b,baugh_wooley_wallace_outside_hcla5+abc_g_aig,student/work/ex260_ex264_frontend_smul_order_hybrid_expand_20260609_0559/ex264/verilog/ex264_smul_baugh_wooley_wallace_outside_hcla5.v,student/work/ex260_ex264_frontend_smul_order_hybrid_expand_20260609_0559/ex264/aigs/ex264_smul_baugh_wooley_wallace_outside_hcla5_abc_g_aig.aig,1,1,1,492,28,13776,9724,1.416701,1,0,1.926,semantic_signed_mul_exact,exact signed low8 * signed high8 over 65536 inputs; source=baugh_wooley_wallace_outside_hcla5; flow=abc_g_aig
ex264,ex264_smul_baugh_wooley_wallace_outside_hcla5_wreduce_abc_g_aig,signed low8_high8:a*b,baugh_wooley_wallace_outside_hcla5+wreduce_abc_g_aig,student/work/ex260_ex264_frontend_smul_order_hybrid_expand_20260609_0559/ex264/verilog/ex264_smul_baugh_wooley_wallace_outside_hcla5.v,student/work/ex260_ex264_frontend_smul_order_hybrid_expand_20260609_0559/ex264/aigs/ex264_smul_baugh_wooley_wallace_outside_hcla5_wreduce_abc_g_aig.aig,1,1,1,490,28,13720,9724,1.410942,1,0,1.925,semantic_signed_mul_exact,exact signed low8 * signed high8 over 65536 inputs; source=baugh_wooley_wallace_outside_hcla5; flow=wreduce_abc_g_aig
ex264,ex264_smul_baugh_wooley_wallace_outside_hcla5_synth_preset_d13,signed low8_high8:a*b,baugh_wooley_wallace_outside_hcla5+synth_preset_d13,student/work/ex260_ex264_frontend_smul_order_hybrid_expand_20260609_0559/ex264/verilog/ex264_smul_baugh_wooley_wallace_outside_hcla5.v,student/work/ex260_ex264_frontend_smul_order_hybrid_expand_20260609_0559/ex264/aigs/ex264_smul_baugh_wooley_wallace_outside_hcla5_synth_preset_d13.aig,1,1,1,491,28,13748,9724,1.413821,1,0,2.077,semantic_signed_mul_exact,exact signed low8 * signed high8 over 65536 inputs; source=baugh_wooley_wallace_outside_hcla5; flow=synth_preset_d13
ex264,ex264_smul_baugh_wooley_wallace_rev_rhcla3_abc_g_aig,signed low8_high8:a*b,baugh_wooley_wallace_rev_rhcla3+abc_g_aig,student/work/ex260_ex264_frontend_smul_order_hybrid_expand_20260609_0559/ex264/verilog/ex264_smul_baugh_wooley_wallace_rev_rhcla3.v,student/work/ex260_ex264_frontend_smul_order_hybrid_expand_20260609_0559/ex264/aigs/ex264_smul_baugh_wooley_wallace_rev_rhcla3_abc_g_aig.aig,1,1,1,486,30,14580,9724,1.499383,1,0,1.809,semantic_signed_mul_exact,exact signed low8 * signed high8 over 65536 inputs; source=baugh_wooley_wallace_rev_rhcla3; flow=abc_g_aig
ex264,ex264_smul_baugh_wooley_wallace_rev_rhcla3_wreduce_abc_g_aig,signed low8_high8:a*b,baugh_wooley_wallace_rev_rhcla3+wreduce_abc_g_aig,student/work/ex260_ex264_frontend_smul_order_hybrid_expand_20260609_0559/ex264/verilog/ex264_smul_baugh_wooley_wallace_rev_rhcla3.v,student/work/ex260_ex264_frontend_smul_order_hybrid_expand_20260609_0559/ex264/aigs/ex264_smul_baugh_wooley_wallace_rev_rhcla3_wreduce_abc_g_aig.aig,1,1,1,492,27,13284,9724,1.366104,1,0,1.818,semantic_signed_mul_exact,exact signed low8 * signed high8 over 65536 inputs; source=baugh_wooley_wallace_rev_rhcla3; flow=wreduce_abc_g_aig
ex264,ex264_smul_baugh_wooley_wallace_rev_rhcla3_synth_preset_d13,signed low8_high8:a*b,baugh_wooley_wallace_rev_rhcla3+synth_preset_d13,student/work/ex260_ex264_frontend_smul_order_hybrid_expand_20260609_0559/ex264/verilog/ex264_smul_baugh_wooley_wallace_rev_rhcla3.v,student/work/ex260_ex264_frontend_smul_order_hybrid_expand_20260609_0559/ex264/aigs/ex264_smul_baugh_wooley_wallace_rev_rhcla3_synth_preset_d13.aig,1,1,1,487,27,13149,9724,1.352221,1,0,2.064,semantic_signed_mul_exact,exact signed low8 * signed high8 over 65536 inputs; source=baugh_wooley_wallace_rev_rhcla3; flow=synth_preset_d13
ex264,ex264_smul_baugh_wooley_wallace_rev_rhcla4_abc_g_aig,signed low8_high8:a*b,baugh_wooley_wallace_rev_rhcla4+abc_g_aig,student/work/ex260_ex264_frontend_smul_order_hybrid_expand_20260609_0559/ex264/verilog/ex264_smul_baugh_wooley_wallace_rev_rhcla4.v,student/work/ex260_ex264_frontend_smul_order_hybrid_expand_20260609_0559/ex264/aigs/ex264_smul_baugh_wooley_wallace_rev_rhcla4_abc_g_aig.aig,1,1,1,491,28,13748,9724,1.413821,1,0,1.916,semantic_signed_mul_exact,exact signed low8 * signed high8 over 65536 inputs; source=baugh_wooley_wallace_rev_rhcla4; flow=abc_g_aig
ex264,ex264_smul_baugh_wooley_wallace_rev_rhcla4_wreduce_abc_g_aig,signed low8_high8:a*b,baugh_wooley_wallace_rev_rhcla4+wreduce_abc_g_aig,student/work/ex260_ex264_frontend_smul_order_hybrid_expand_20260609_0559/ex264/verilog/ex264_smul_baugh_wooley_wallace_rev_rhcla4.v,student/work/ex260_ex264_frontend_smul_order_hybrid_expand_20260609_0559/ex264/aigs/ex264_smul_baugh_wooley_wallace_rev_rhcla4_wreduce_abc_g_aig.aig,1,1,1,491,28,13748,9724,1.413821,1,0,1.933,semantic_signed_mul_exact,exact signed low8 * signed high8 over 65536 inputs; source=baugh_wooley_wallace_rev_rhcla4; flow=wreduce_abc_g_aig
ex264,ex264_smul_baugh_wooley_wallace_rev_rhcla4_synth_preset_d13,signed low8_high8:a*b,baugh_wooley_wallace_rev_rhcla4+synth_preset_d13,student/work/ex260_ex264_frontend_smul_order_hybrid_expand_20260609_0559/ex264/verilog/ex264_smul_baugh_wooley_wallace_rev_rhcla4.v,student/work/ex260_ex264_frontend_smul_order_hybrid_expand_20260609_0559/ex264/aigs/ex264_smul_baugh_wooley_wallace_rev_rhcla4_synth_preset_d13.aig,1,1,1,487,30,14610,9724,1.502468,0,0,1.945,semantic_signed_mul_exact,exact signed low8 * signed high8 over 65536 inputs; source=baugh_wooley_wallace_rev_rhcla4; flow=synth_preset_d13
ex264,ex264_smul_baugh_wooley_wallace_rev_rhcla5_abc_g_aig,signed low8_high8:a*b,baugh_wooley_wallace_rev_rhcla5+abc_g_aig,student/work/ex260_ex264_frontend_smul_order_hybrid_expand_20260609_0559/ex264/verilog/ex264_smul_baugh_wooley_wallace_rev_rhcla5.v,student/work/ex260_ex264_frontend_smul_order_hybrid_expand_20260609_0559/ex264/aigs/ex264_smul_baugh_wooley_wallace_rev_rhcla5_abc_g_aig.aig,1,1,1,487,30,14610,9724,1.502468,0,0,1.772,semantic_signed_mul_exact,exact signed low8 * signed high8 over 65536 inputs; source=baugh_wooley_wallace_rev_rhcla5; flow=abc_g_aig
ex264,ex264_smul_baugh_wooley_wallace_rev_rhcla5_wreduce_abc_g_aig,signed low8_high8:a*b,baugh_wooley_wallace_rev_rhcla5+wreduce_abc_g_aig,student/work/ex260_ex264_frontend_smul_order_hybrid_expand_20260609_0559/ex264/verilog/ex264_smul_baugh_wooley_wallace_rev_rhcla5.v,student/work/ex260_ex264_frontend_smul_order_hybrid_expand_20260609_0559/ex264/aigs/ex264_smul_baugh_wooley_wallace_rev_rhcla5_wreduce_abc_g_aig.aig,1,1,1,485,28,13580,9724,1.396545,1,0,1.926,semantic_signed_mul_exact,exact signed low8 * signed high8 over 65536 inputs; source=baugh_wooley_wallace_rev_rhcla5; flow=wreduce_abc_g_aig
ex264,ex264_smul_baugh_wooley_wallace_rev_rhcla5_synth_preset_d13,signed low8_high8:a*b,baugh_wooley_wallace_rev_rhcla5+synth_preset_d13,student/work/ex260_ex264_frontend_smul_order_hybrid_expand_20260609_0559/ex264/verilog/ex264_smul_baugh_wooley_wallace_rev_rhcla5.v,student/work/ex260_ex264_frontend_smul_order_hybrid_expand_20260609_0559/ex264/aigs/ex264_smul_baugh_wooley_wallace_rev_rhcla5_synth_preset_d13.aig,1,1,1,485,28,13580,9724,1.396545,1,0,2.061,semantic_signed_mul_exact,exact signed low8 * signed high8 over 65536 inputs; source=baugh_wooley_wallace_rev_rhcla5; flow=synth_preset_d13
ex264,ex264_smul_baugh_wooley_wallace_outside_rhcla3_abc_g_aig,signed low8_high8:a*b,baugh_wooley_wallace_outside_rhcla3+abc_g_aig,student/work/ex260_ex264_frontend_smul_order_hybrid_expand_20260609_0559/ex264/verilog/ex264_smul_baugh_wooley_wallace_outside_rhcla3.v,student/work/ex260_ex264_frontend_smul_order_hybrid_expand_20260609_0559/ex264/aigs/ex264_smul_baugh_wooley_wallace_outside_rhcla3_abc_g_aig.aig,1,1,1,488,27,13176,9724,1.354998,1,0,1.952,semantic_signed_mul_exact,exact signed low8 * signed high8 over 65536 inputs; source=baugh_wooley_wallace_outside_rhcla3; flow=abc_g_aig
ex264,ex264_smul_baugh_wooley_wallace_outside_rhcla3_wreduce_abc_g_aig,signed low8_high8:a*b,baugh_wooley_wallace_outside_rhcla3+wreduce_abc_g_aig,student/work/ex260_ex264_frontend_smul_order_hybrid_expand_20260609_0559/ex264/verilog/ex264_smul_baugh_wooley_wallace_outside_rhcla3.v,student/work/ex260_ex264_frontend_smul_order_hybrid_expand_20260609_0559/ex264/aigs/ex264_smul_baugh_wooley_wallace_outside_rhcla3_wreduce_abc_g_aig.aig,1,1,1,494,27,13338,9724,1.371658,1,0,1.931,semantic_signed_mul_exact,exact signed low8 * signed high8 over 65536 inputs; source=baugh_wooley_wallace_outside_rhcla3; flow=wreduce_abc_g_aig
ex264,ex264_smul_baugh_wooley_wallace_outside_rhcla3_synth_preset_d13,signed low8_high8:a*b,baugh_wooley_wallace_outside_rhcla3+synth_preset_d13,student/work/ex260_ex264_frontend_smul_order_hybrid_expand_20260609_0559/ex264/verilog/ex264_smul_baugh_wooley_wallace_outside_rhcla3.v,student/work/ex260_ex264_frontend_smul_order_hybrid_expand_20260609_0559/ex264/aigs/ex264_smul_baugh_wooley_wallace_outside_rhcla3_synth_preset_d13.aig,1,1,1,491,27,13257,9724,1.363328,1,0,2.060,semantic_signed_mul_exact,exact signed low8 * signed high8 over 65536 inputs; source=baugh_wooley_wallace_outside_rhcla3; flow=synth_preset_d13
ex264,ex264_smul_baugh_wooley_wallace_outside_rhcla4_abc_g_aig,signed low8_high8:a*b,baugh_wooley_wallace_outside_rhcla4+abc_g_aig,student/work/ex260_ex264_frontend_smul_order_hybrid_expand_20260609_0559/ex264/verilog/ex264_smul_baugh_wooley_wallace_outside_rhcla4.v,student/work/ex260_ex264_frontend_smul_order_hybrid_expand_20260609_0559/ex264/aigs/ex264_smul_baugh_wooley_wallace_outside_rhcla4_abc_g_aig.aig,1,1,1,489,27,13203,9724,1.357775,1,0,1.907,semantic_signed_mul_exact,exact signed low8 * signed high8 over 65536 inputs; source=baugh_wooley_wallace_outside_rhcla4; flow=abc_g_aig
ex264,ex264_smul_baugh_wooley_wallace_outside_rhcla4_wreduce_abc_g_aig,signed low8_high8:a*b,baugh_wooley_wallace_outside_rhcla4+wreduce_abc_g_aig,student/work/ex260_ex264_frontend_smul_order_hybrid_expand_20260609_0559/ex264/verilog/ex264_smul_baugh_wooley_wallace_outside_rhcla4.v,student/work/ex260_ex264_frontend_smul_order_hybrid_expand_20260609_0559/ex264/aigs/ex264_smul_baugh_wooley_wallace_outside_rhcla4_wreduce_abc_g_aig.aig,1,1,1,494,27,13338,9724,1.371658,1,0,1.923,semantic_signed_mul_exact,exact signed low8 * signed high8 over 65536 inputs; source=baugh_wooley_wallace_outside_rhcla4; flow=wreduce_abc_g_aig
ex264,ex264_smul_baugh_wooley_wallace_outside_rhcla4_synth_preset_d13,signed low8_high8:a*b,baugh_wooley_wallace_outside_rhcla4+synth_preset_d13,student/work/ex260_ex264_frontend_smul_order_hybrid_expand_20260609_0559/ex264/verilog/ex264_smul_baugh_wooley_wallace_outside_rhcla4.v,student/work/ex260_ex264_frontend_smul_order_hybrid_expand_20260609_0559/ex264/aigs/ex264_smul_baugh_wooley_wallace_outside_rhcla4_synth_preset_d13.aig,1,1,1,490,28,13720,9724,1.410942,1,0,1.968,semantic_signed_mul_exact,exact signed low8 * signed high8 over 65536 inputs; source=baugh_wooley_wallace_outside_rhcla4; flow=synth_preset_d13
ex264,ex264_smul_baugh_wooley_wallace_outside_rhcla5_abc_g_aig,signed low8_high8:a*b,baugh_wooley_wallace_outside_rhcla5+abc_g_aig,student/work/ex260_ex264_frontend_smul_order_hybrid_expand_20260609_0559/ex264/verilog/ex264_smul_baugh_wooley_wallace_outside_rhcla5.v,student/work/ex260_ex264_frontend_smul_order_hybrid_expand_20260609_0559/ex264/aigs/ex264_smul_baugh_wooley_wallace_outside_rhcla5_abc_g_aig.aig,1,1,1,493,27,13311,9724,1.368881,1,0,1.804,semantic_signed_mul_exact,exact signed low8 * signed high8 over 65536 inputs; source=baugh_wooley_wallace_outside_rhcla5; flow=abc_g_aig
ex264,ex264_smul_baugh_wooley_wallace_outside_rhcla5_wreduce_abc_g_aig,signed low8_high8:a*b,baugh_wooley_wallace_outside_rhcla5+wreduce_abc_g_aig,student/work/ex260_ex264_frontend_smul_order_hybrid_expand_20260609_0559/ex264/verilog/ex264_smul_baugh_wooley_wallace_outside_rhcla5.v,student/work/ex260_ex264_frontend_smul_order_hybrid_expand_20260609_0559/ex264/aigs/ex264_smul_baugh_wooley_wallace_outside_rhcla5_wreduce_abc_g_aig.aig,1,1,1,493,27,13311,9724,1.368881,1,0,1.813,semantic_signed_mul_exact,exact signed low8 * signed high8 over 65536 inputs; source=baugh_wooley_wallace_outside_rhcla5; flow=wreduce_abc_g_aig
ex264,ex264_smul_baugh_wooley_wallace_outside_rhcla5_synth_preset_d13,signed low8_high8:a*b,baugh_wooley_wallace_outside_rhcla5+synth_preset_d13,student/work/ex260_ex264_frontend_smul_order_hybrid_expand_20260609_0559/ex264/verilog/ex264_smul_baugh_wooley_wallace_outside_rhcla5.v,student/work/ex260_ex264_frontend_smul_order_hybrid_expand_20260609_0559/ex264/aigs/ex264_smul_baugh_wooley_wallace_outside_rhcla5_synth_preset_d13.aig,1,1,1,493,28,13804,9724,1.419580,1,0,2.022,semantic_signed_mul_exact,exact signed low8 * signed high8 over 65536 inputs; source=baugh_wooley_wallace_outside_rhcla5; flow=synth_preset_d13
ex264,ex264_smul_baugh_wooley_wallace_rev_pfx6_abc_g_aig,signed low8_high8:a*b,baugh_wooley_wallace_rev_pfx6+abc_g_aig,student/work/ex260_ex264_frontend_smul_order_hybrid_expand_20260609_0559/ex264/verilog/ex264_smul_baugh_wooley_wallace_rev_pfx6.v,student/work/ex260_ex264_frontend_smul_order_hybrid_expand_20260609_0559/ex264/aigs/ex264_smul_baugh_wooley_wallace_rev_pfx6_abc_g_aig.aig,1,1,1,490,29,14210,9724,1.461333,1,0,2.398,semantic_signed_mul_exact,exact signed low8 * signed high8 over 65536 inputs; source=baugh_wooley_wallace_rev_pfx6; flow=abc_g_aig
ex264,ex264_smul_baugh_wooley_wallace_rev_pfx6_wreduce_abc_g_aig,signed low8_high8:a*b,baugh_wooley_wallace_rev_pfx6+wreduce_abc_g_aig,student/work/ex260_ex264_frontend_smul_order_hybrid_expand_20260609_0559/ex264/verilog/ex264_smul_baugh_wooley_wallace_rev_pfx6.v,student/work/ex260_ex264_frontend_smul_order_hybrid_expand_20260609_0559/ex264/aigs/ex264_smul_baugh_wooley_wallace_rev_pfx6_wreduce_abc_g_aig.aig,1,1,1,492,30,14760,9724,1.517894,0,0,2.859,semantic_signed_mul_exact,exact signed low8 * signed high8 over 65536 inputs; source=baugh_wooley_wallace_rev_pfx6; flow=wreduce_abc_g_aig
ex264,ex264_smul_baugh_wooley_wallace_rev_pfx6_synth_preset_d13,signed low8_high8:a*b,baugh_wooley_wallace_rev_pfx6+synth_preset_d13,student/work/ex260_ex264_frontend_smul_order_hybrid_expand_20260609_0559/ex264/verilog/ex264_smul_baugh_wooley_wallace_rev_pfx6.v,student/work/ex260_ex264_frontend_smul_order_hybrid_expand_20260609_0559/ex264/aigs/ex264_smul_baugh_wooley_wallace_rev_pfx6_synth_preset_d13.aig,1,1,1,485,30,14550,9724,1.496298,1,0,3.077,semantic_signed_mul_exact,exact signed low8 * signed high8 over 65536 inputs; source=baugh_wooley_wallace_rev_pfx6; flow=synth_preset_d13
ex264,ex264_smul_baugh_wooley_wallace_outside_pfx6_abc_g_aig,signed low8_high8:a*b,baugh_wooley_wallace_outside_pfx6+abc_g_aig,student/work/ex260_ex264_frontend_smul_order_hybrid_expand_20260609_0559/ex264/verilog/ex264_smul_baugh_wooley_wallace_outside_pfx6.v,student/work/ex260_ex264_frontend_smul_order_hybrid_expand_20260609_0559/ex264/aigs/ex264_smul_baugh_wooley_wallace_outside_pfx6_abc_g_aig.aig,1,1,1,495,29,14355,9724,1.476244,1,0,2.396,semantic_signed_mul_exact,exact signed low8 * signed high8 over 65536 inputs; source=baugh_wooley_wallace_outside_pfx6; flow=abc_g_aig
ex264,ex264_smul_baugh_wooley_wallace_outside_pfx6_wreduce_abc_g_aig,signed low8_high8:a*b,baugh_wooley_wallace_outside_pfx6+wreduce_abc_g_aig,student/work/ex260_ex264_frontend_smul_order_hybrid_expand_20260609_0559/ex264/verilog/ex264_smul_baugh_wooley_wallace_outside_pfx6.v,student/work/ex260_ex264_frontend_smul_order_hybrid_expand_20260609_0559/ex264/aigs/ex264_smul_baugh_wooley_wallace_outside_pfx6_wreduce_abc_g_aig.aig,1,1,1,496,30,14880,9724,1.530234,0,0,2.249,semantic_signed_mul_exact,exact signed low8 * signed high8 over 65536 inputs; source=baugh_wooley_wallace_outside_pfx6; flow=wreduce_abc_g_aig
ex264,ex264_smul_baugh_wooley_wallace_outside_pfx6_synth_preset_d13,signed low8_high8:a*b,baugh_wooley_wallace_outside_pfx6+synth_preset_d13,student/work/ex260_ex264_frontend_smul_order_hybrid_expand_20260609_0559/ex264/verilog/ex264_smul_baugh_wooley_wallace_outside_pfx6.v,student/work/ex260_ex264_frontend_smul_order_hybrid_expand_20260609_0559/ex264/aigs/ex264_smul_baugh_wooley_wallace_outside_pfx6_synth_preset_d13.aig,1,1,1,496,29,14384,9724,1.479227,1,0,1.935,semantic_signed_mul_exact,exact signed low8 * signed high8 over 65536 inputs; source=baugh_wooley_wallace_outside_pfx6; flow=synth_preset_d13
ex264,ex264_smul_baugh_wooley_wallace_hcla4_abc_g_aig,signed low8_high8:a*b,baugh_wooley_wallace_hcla4+abc_g_aig,student/work/ex260_ex264_frontend_smul_order_hybrid_expand_20260609_0559/ex264/verilog/ex264_smul_baugh_wooley_wallace_hcla4.v,student/work/ex260_ex264_frontend_smul_order_hybrid_expand_20260609_0559/ex264/aigs/ex264_smul_baugh_wooley_wallace_hcla4_abc_g_aig.aig,1,1,1,488,28,13664,9724,1.405183,1,0,1.800,semantic_signed_mul_exact,exact signed low8 * signed high8 over 65536 inputs; source=baugh_wooley_wallace_hcla4; flow=abc_g_aig
ex264,ex264_smul_baugh_wooley_wallace_hcla4_wreduce_abc_g_aig,signed low8_high8:a*b,baugh_wooley_wallace_hcla4+wreduce_abc_g_aig,student/work/ex260_ex264_frontend_smul_order_hybrid_expand_20260609_0559/ex264/verilog/ex264_smul_baugh_wooley_wallace_hcla4.v,student/work/ex260_ex264_frontend_smul_order_hybrid_expand_20260609_0559/ex264/aigs/ex264_smul_baugh_wooley_wallace_hcla4_wreduce_abc_g_aig.aig,1,1,1,489,28,13692,9724,1.408063,1,0,1.825,semantic_signed_mul_exact,exact signed low8 * signed high8 over 65536 inputs; source=baugh_wooley_wallace_hcla4; flow=wreduce_abc_g_aig
ex264,ex264_smul_baugh_wooley_wallace_hcla4_synth_preset_d13,signed low8_high8:a*b,baugh_wooley_wallace_hcla4+synth_preset_d13,student/work/ex260_ex264_frontend_smul_order_hybrid_expand_20260609_0559/ex264/verilog/ex264_smul_baugh_wooley_wallace_hcla4.v,student/work/ex260_ex264_frontend_smul_order_hybrid_expand_20260609_0559/ex264/aigs/ex264_smul_baugh_wooley_wallace_hcla4_synth_preset_d13.aig,1,1,1,489,27,13203,9724,1.357775,1,0,1.975,semantic_signed_mul_exact,exact signed low8 * signed high8 over 65536 inputs; source=baugh_wooley_wallace_hcla4; flow=synth_preset_d13
ex264,ex264_smul_baugh_wooley_wallace_pfx6_abc_g_aig,signed low8_high8:a*b,baugh_wooley_wallace_pfx6+abc_g_aig,student/work/ex260_ex264_frontend_smul_order_hybrid_expand_20260609_0559/ex264/verilog/ex264_smul_baugh_wooley_wallace_pfx6.v,student/work/ex260_ex264_frontend_smul_order_hybrid_expand_20260609_0559/ex264/aigs/ex264_smul_baugh_wooley_wallace_pfx6_abc_g_aig.aig,1,1,1,496,29,14384,9724,1.479227,1,0,1.797,semantic_signed_mul_exact,exact signed low8 * signed high8 over 65536 inputs; source=baugh_wooley_wallace_pfx6; flow=abc_g_aig
ex264,ex264_smul_baugh_wooley_wallace_pfx6_wreduce_abc_g_aig,signed low8_high8:a*b,baugh_wooley_wallace_pfx6+wreduce_abc_g_aig,student/work/ex260_ex264_frontend_smul_order_hybrid_expand_20260609_0559/ex264/verilog/ex264_smul_baugh_wooley_wallace_pfx6.v,student/work/ex260_ex264_frontend_smul_order_hybrid_expand_20260609_0559/ex264/aigs/ex264_smul_baugh_wooley_wallace_pfx6_wreduce_abc_g_aig.aig,1,1,1,497,30,14910,9724,1.533320,0,0,1.797,semantic_signed_mul_exact,exact signed low8 * signed high8 over 65536 inputs; source=baugh_wooley_wallace_pfx6; flow=wreduce_abc_g_aig
ex264,ex264_smul_baugh_wooley_wallace_pfx6_synth_preset_d13,signed low8_high8:a*b,baugh_wooley_wallace_pfx6+synth_preset_d13,student/work/ex260_ex264_frontend_smul_order_hybrid_expand_20260609_0559/ex264/verilog/ex264_smul_baugh_wooley_wallace_pfx6.v,student/work/ex260_ex264_frontend_smul_order_hybrid_expand_20260609_0559/ex264/aigs/ex264_smul_baugh_wooley_wallace_pfx6_synth_preset_d13.aig,1,1,1,487,31,15097,9724,1.552550,0,0,1.932,semantic_signed_mul_exact,exact signed low8 * signed high8 over 65536 inputs; source=baugh_wooley_wallace_pfx6; flow=synth_preset_d13
