case,input_width,split_bit,input_transform,output_transform,matches,total,exact,match_ratio,examples
ex286,13,0,comp_all,identity,0,4096,0,0.000000,x=0x0:p=0x1fff:pred=0x0:exp=0x1fff;x=0x2:p=0x1ffd:pred=0x20:exp=0x1ffb;x=0x4:p=0x1ffb:pred=0x200:exp=0x1fbf
ex286,13,0,comp_all,comp,1,4096,0,0.000244,x=0x2:p=0x1ffd:pred=0x1fdf:exp=0x1ffb;x=0x4:p=0x1ffb:pred=0x1dff:exp=0x1fbf;x=0x6:p=0x1ff9:pred=0x15ff:exp=0x1faf
ex286,13,0,comp_all,reverse,0,4096,0,0.000000,x=0x0:p=0x1fff:pred=0x0:exp=0x1fff;x=0x2:p=0x1ffd:pred=0x80:exp=0x1ffb;x=0x4:p=0x1ffb:pred=0x8:exp=0x1fbf
ex286,13,0,comp_all,comp_reverse,4,4096,0,0.000977,x=0x2:p=0x1ffd:pred=0x1f7f:exp=0x1ffb;x=0x4:p=0x1ffb:pred=0x1ff7:exp=0x1fbf;x=0x6:p=0x1ff9:pred=0x1ff5:exp=0x1faf
ex286,13,0,comp_all,pair_swap,0,4096,0,0.000000,x=0x0:p=0x1fff:pred=0x0:exp=0x1fff;x=0x2:p=0x1ffd:pred=0x10:exp=0x1ffb;x=0x4:p=0x1ffb:pred=0x200:exp=0x1fbf
ex286,13,0,comp_all,comp_pair_swap,1,4096,0,0.000244,x=0x2:p=0x1ffd:pred=0x1fef:exp=0x1ffb;x=0x4:p=0x1ffb:pred=0x1dff:exp=0x1fbf;x=0x6:p=0x1ff9:pred=0x15ff:exp=0x1faf
ex286,13,0,reverse_comp_all,identity,0,2048,0,0.000000,x=0x0:p=0x1fff:pred=0x0:exp=0x1fff;x=0x2:p=0x17ff:pred=0x20:exp=0x1bff;x=0x4:p=0x1bff:pred=0x200:exp=0x1eff
ex286,13,0,reverse_comp_all,comp,7,2048,0,0.003418,x=0x2:p=0x17ff:pred=0x1fdf:exp=0x1bff;x=0x4:p=0x1bff:pred=0x1dff:exp=0x1eff;x=0x6:p=0x13ff:pred=0x15ff:exp=0x1cff
ex286,13,0,reverse_comp_all,reverse,0,2048,0,0.000000,x=0x0:p=0x1fff:pred=0x0:exp=0x1fff;x=0x2:p=0x17ff:pred=0x80:exp=0x1bff;x=0x4:p=0x1bff:pred=0x8:exp=0x1eff
ex286,13,0,reverse_comp_all,comp_reverse,14,2048,0,0.006836,x=0x2:p=0x17ff:pred=0x1f7f:exp=0x1bff;x=0x4:p=0x1bff:pred=0x1ff7:exp=0x1eff;x=0x6:p=0x13ff:pred=0x1ff5:exp=0x1cff
ex286,13,0,reverse_comp_all,pair_swap,0,2048,0,0.000000,x=0x0:p=0x1fff:pred=0x0:exp=0x1fff;x=0x2:p=0x17ff:pred=0x10:exp=0x1bff;x=0x4:p=0x1bff:pred=0x200:exp=0x1eff
ex286,13,0,reverse_comp_all,comp_pair_swap,1,2048,0,0.000488,x=0x2:p=0x17ff:pred=0x1fef:exp=0x1bff;x=0x4:p=0x1bff:pred=0x1dff:exp=0x1eff;x=0x6:p=0x13ff:pred=0x15ff:exp=0x1cff
ex286,13,0,reverse_comp_except_split,identity,2,2048,0,0.000977,x=0x0:p=0xfff:pred=0x0:exp=0x1fef;x=0x2:p=0x7ff:pred=0x20:exp=0x1ffa;x=0x4:p=0xbff:pred=0x200:exp=0x1fee
ex286,13,0,reverse_comp_except_split,comp,0,2048,0,0.000000,x=0x0:p=0xfff:pred=0x1fff:exp=0x1fef;x=0x2:p=0x7ff:pred=0x1fdf:exp=0x1ffa;x=0x4:p=0xbff:pred=0x1dff:exp=0x1fee
ex286,13,0,reverse_comp_except_split,reverse,2,2048,0,0.000977,x=0x0:p=0xfff:pred=0x0:exp=0x1fef;x=0x2:p=0x7ff:pred=0x80:exp=0x1ffa;x=0x4:p=0xbff:pred=0x8:exp=0x1fee
ex286,13,0,reverse_comp_except_split,comp_reverse,0,2048,0,0.000000,x=0x0:p=0xfff:pred=0x1fff:exp=0x1fef;x=0x2:p=0x7ff:pred=0x1f7f:exp=0x1ffa;x=0x4:p=0xbff:pred=0x1ff7:exp=0x1fee
ex286,13,0,reverse_comp_except_split,pair_swap,0,2048,0,0.000000,x=0x0:p=0xfff:pred=0x0:exp=0x1fef;x=0x2:p=0x7ff:pred=0x10:exp=0x1ffa;x=0x4:p=0xbff:pred=0x200:exp=0x1fee
ex286,13,0,reverse_comp_except_split,comp_pair_swap,0,2048,0,0.000000,x=0x0:p=0xfff:pred=0x1fff:exp=0x1fef;x=0x2:p=0x7ff:pred=0x1fef:exp=0x1ffa;x=0x4:p=0xbff:pred=0x1dff:exp=0x1fee
ex286,13,0,reverse,identity,2,2048,0,0.000977,x=0x1000:p=0x1:pred=0x100:exp=0x40;x=0x1002:p=0x801:pred=0x120:exp=0x401;x=0x1004:p=0x401:pred=0x1002:exp=0x1004
ex286,13,0,reverse,comp,0,2048,0,0.000000,x=0x1000:p=0x1:pred=0x1eff:exp=0x40;x=0x1002:p=0x801:pred=0x1edf:exp=0x401;x=0x1004:p=0x401:pred=0xffd:exp=0x1004
ex286,13,0,reverse,reverse,4,2048,0,0.001953,x=0x1000:p=0x1:pred=0x10:exp=0x40;x=0x1002:p=0x801:pred=0x90:exp=0x401;x=0x1004:p=0x401:pred=0x801:exp=0x1004
ex286,13,0,reverse,comp_reverse,0,2048,0,0.000000,x=0x1000:p=0x1:pred=0x1fef:exp=0x40;x=0x1002:p=0x801:pred=0x1f6f:exp=0x401;x=0x1004:p=0x401:pred=0x17fe:exp=0x1004
ex286,13,0,reverse,pair_swap,2,2048,0,0.000977,x=0x1000:p=0x1:pred=0x100:exp=0x40;x=0x1002:p=0x801:pred=0x110:exp=0x401;x=0x1004:p=0x401:pred=0x1002:exp=0x1004
ex286,13,0,reverse,comp_pair_swap,0,2048,0,0.000000,x=0x1000:p=0x1:pred=0x1eff:exp=0x40;x=0x1002:p=0x801:pred=0x1eef:exp=0x401;x=0x1004:p=0x401:pred=0xffd:exp=0x1004
ex286,13,1,comp_all,identity,0,4096,0,0.000000,x=0x0:p=0x1fff:pred=0x0:exp=0x1fff;x=0x1:p=0x1ffe:pred=0x40:exp=0x1ffd;x=0x4:p=0x1ffb:pred=0x200:exp=0x1fbf
ex286,13,1,comp_all,comp,1,4096,0,0.000244,x=0x1:p=0x1ffe:pred=0x1fbf:exp=0x1ffd;x=0x4:p=0x1ffb:pred=0x1dff:exp=0x1fbf;x=0x5:p=0x1ffa:pred=0x1aff:exp=0x1f5f
ex286,13,1,comp_all,reverse,0,4096,0,0.000000,x=0x0:p=0x1fff:pred=0x0:exp=0x1fff;x=0x1:p=0x1ffe:pred=0x40:exp=0x1ffd;x=0x4:p=0x1ffb:pred=0x8:exp=0x1fbf
ex286,13,1,comp_all,comp_reverse,4,4096,0,0.000977,x=0x1:p=0x1ffe:pred=0x1fbf:exp=0x1ffd;x=0x4:p=0x1ffb:pred=0x1ff7:exp=0x1fbf;x=0x5:p=0x1ffa:pred=0x1feb:exp=0x1f5f
ex286,13,1,comp_all,pair_swap,0,4096,0,0.000000,x=0x0:p=0x1fff:pred=0x0:exp=0x1fff;x=0x1:p=0x1ffe:pred=0x80:exp=0x1ffd;x=0x4:p=0x1ffb:pred=0x200:exp=0x1fbf
ex286,13,1,comp_all,comp_pair_swap,1,4096,0,0.000244,x=0x1:p=0x1ffe:pred=0x1f7f:exp=0x1ffd;x=0x4:p=0x1ffb:pred=0x1dff:exp=0x1fbf;x=0x5:p=0x1ffa:pred=0x1aff:exp=0x1f5f
ex286,13,1,reverse_comp_all,identity,0,2048,0,0.000000,x=0x0:p=0x1fff:pred=0x0:exp=0x1fff;x=0x1:p=0xfff:pred=0x40:exp=0x1fef;x=0x4:p=0x1bff:pred=0x200:exp=0x1eff
ex286,13,1,reverse_comp_all,comp,4,2048,0,0.001953,x=0x1:p=0xfff:pred=0x1fbf:exp=0x1fef;x=0x4:p=0x1bff:pred=0x1dff:exp=0x1eff;x=0x5:p=0xbff:pred=0x1aff:exp=0x1fee
ex286,13,1,reverse_comp_all,reverse,0,2048,0,0.000000,x=0x0:p=0x1fff:pred=0x0:exp=0x1fff;x=0x1:p=0xfff:pred=0x40:exp=0x1fef;x=0x4:p=0x1bff:pred=0x8:exp=0x1eff
ex286,13,1,reverse_comp_all,comp_reverse,11,2048,0,0.005371,x=0x1:p=0xfff:pred=0x1fbf:exp=0x1fef;x=0x4:p=0x1bff:pred=0x1ff7:exp=0x1eff;x=0x5:p=0xbff:pred=0x1feb:exp=0x1fee
ex286,13,1,reverse_comp_all,pair_swap,0,2048,0,0.000000,x=0x0:p=0x1fff:pred=0x0:exp=0x1fff;x=0x1:p=0xfff:pred=0x80:exp=0x1fef;x=0x4:p=0x1bff:pred=0x200:exp=0x1eff
ex286,13,1,reverse_comp_all,comp_pair_swap,1,2048,0,0.000488,x=0x1:p=0xfff:pred=0x1f7f:exp=0x1fef;x=0x4:p=0x1bff:pred=0x1dff:exp=0x1eff;x=0x5:p=0xbff:pred=0x1aff:exp=0x1fee
ex286,13,1,reverse_comp_except_split,identity,0,2048,0,0.000000,x=0x0:p=0x17ff:pred=0x0:exp=0x1bff;x=0x1:p=0x7ff:pred=0x40:exp=0x1ffa;x=0x4:p=0x13ff:pred=0x200:exp=0x1cff
ex286,13,1,reverse_comp_except_split,comp,0,2048,0,0.000000,x=0x0:p=0x17ff:pred=0x1fff:exp=0x1bff;x=0x1:p=0x7ff:pred=0x1fbf:exp=0x1ffa;x=0x4:p=0x13ff:pred=0x1dff:exp=0x1cff
ex286,13,1,reverse_comp_except_split,reverse,0,2048,0,0.000000,x=0x0:p=0x17ff:pred=0x0:exp=0x1bff;x=0x1:p=0x7ff:pred=0x40:exp=0x1ffa;x=0x4:p=0x13ff:pred=0x8:exp=0x1cff
ex286,13,1,reverse_comp_except_split,comp_reverse,0,2048,0,0.000000,x=0x0:p=0x17ff:pred=0x1fff:exp=0x1bff;x=0x1:p=0x7ff:pred=0x1fbf:exp=0x1ffa;x=0x4:p=0x13ff:pred=0x1ff7:exp=0x1cff
ex286,13,1,reverse_comp_except_split,pair_swap,0,2048,0,0.000000,x=0x0:p=0x17ff:pred=0x0:exp=0x1bff;x=0x1:p=0x7ff:pred=0x80:exp=0x1ffa;x=0x4:p=0x13ff:pred=0x200:exp=0x1cff
ex286,13,1,reverse_comp_except_split,comp_pair_swap,0,2048,0,0.000000,x=0x0:p=0x17ff:pred=0x1fff:exp=0x1bff;x=0x1:p=0x7ff:pred=0x1f7f:exp=0x1ffa;x=0x4:p=0x13ff:pred=0x1dff:exp=0x1cff
ex286,13,1,reverse,identity,1,2048,0,0.000488,x=0x800:p=0x2:pred=0x2:exp=0x20;x=0x801:p=0x1002:pred=0x401:exp=0x120;x=0x804:p=0x402:pred=0x22:exp=0x82
ex286,13,1,reverse,comp,0,2048,0,0.000000,x=0x800:p=0x2:pred=0x1ffd:exp=0x20;x=0x801:p=0x1002:pred=0x1bfe:exp=0x120;x=0x804:p=0x402:pred=0x1fdd:exp=0x82
ex286,13,1,reverse,reverse,11,2048,0,0.005371,x=0x800:p=0x2:pred=0x800:exp=0x20;x=0x801:p=0x1002:pred=0x1004:exp=0x120;x=0x804:p=0x402:pred=0x880:exp=0x82
ex286,13,1,reverse,comp_reverse,0,2048,0,0.000000,x=0x800:p=0x2:pred=0x17ff:exp=0x20;x=0x801:p=0x1002:pred=0xffb:exp=0x120;x=0x804:p=0x402:pred=0x177f:exp=0x82
ex286,13,1,reverse,pair_swap,1,2048,0,0.000488,x=0x800:p=0x2:pred=0x2:exp=0x20;x=0x801:p=0x1002:pred=0x401:exp=0x120;x=0x804:p=0x402:pred=0x12:exp=0x82
ex286,13,1,reverse,comp_pair_swap,0,2048,0,0.000000,x=0x800:p=0x2:pred=0x1ffd:exp=0x20;x=0x801:p=0x1002:pred=0x1bfe:exp=0x120;x=0x804:p=0x402:pred=0x1fed:exp=0x82
ex286,13,2,comp_all,identity,0,4096,0,0.000000,x=0x0:p=0x1fff:pred=0x0:exp=0x1fff;x=0x1:p=0x1ffe:pred=0x40:exp=0x1ffd;x=0x2:p=0x1ffd:pred=0x20:exp=0x1ffb
ex286,13,2,comp_all,comp,1,4096,0,0.000244,x=0x1:p=0x1ffe:pred=0x1fbf:exp=0x1ffd;x=0x2:p=0x1ffd:pred=0x1fdf:exp=0x1ffb;x=0x3:p=0x1ffc:pred=0x1ff3:exp=0xfdf
ex286,13,2,comp_all,reverse,0,4096,0,0.000000,x=0x0:p=0x1fff:pred=0x0:exp=0x1fff;x=0x1:p=0x1ffe:pred=0x40:exp=0x1ffd;x=0x2:p=0x1ffd:pred=0x80:exp=0x1ffb
ex286,13,2,comp_all,comp_reverse,4,4096,0,0.000977,x=0x1:p=0x1ffe:pred=0x1fbf:exp=0x1ffd;x=0x2:p=0x1ffd:pred=0x1f7f:exp=0x1ffb;x=0x3:p=0x1ffc:pred=0x19ff:exp=0xfdf
ex286,13,2,comp_all,pair_swap,0,4096,0,0.000000,x=0x0:p=0x1fff:pred=0x0:exp=0x1fff;x=0x1:p=0x1ffe:pred=0x80:exp=0x1ffd;x=0x2:p=0x1ffd:pred=0x10:exp=0x1ffb
ex286,13,2,comp_all,comp_pair_swap,1,4096,0,0.000244,x=0x1:p=0x1ffe:pred=0x1f7f:exp=0x1ffd;x=0x2:p=0x1ffd:pred=0x1fef:exp=0x1ffb;x=0x3:p=0x1ffc:pred=0x1ff3:exp=0xfdf
ex286,13,2,reverse_comp_all,identity,0,2048,0,0.000000,x=0x0:p=0x1fff:pred=0x0:exp=0x1fff;x=0x1:p=0xfff:pred=0x40:exp=0x1fef;x=0x2:p=0x17ff:pred=0x20:exp=0x1bff
ex286,13,2,reverse_comp_all,comp,8,2048,0,0.003906,x=0x1:p=0xfff:pred=0x1fbf:exp=0x1fef;x=0x2:p=0x17ff:pred=0x1fdf:exp=0x1bff;x=0x3:p=0x7ff:pred=0x1ff3:exp=0x1ffa
ex286,13,2,reverse_comp_all,reverse,0,2048,0,0.000000,x=0x0:p=0x1fff:pred=0x0:exp=0x1fff;x=0x1:p=0xfff:pred=0x40:exp=0x1fef;x=0x2:p=0x17ff:pred=0x80:exp=0x1bff
ex286,13,2,reverse_comp_all,comp_reverse,12,2048,0,0.005859,x=0x1:p=0xfff:pred=0x1fbf:exp=0x1fef;x=0x2:p=0x17ff:pred=0x1f7f:exp=0x1bff;x=0x3:p=0x7ff:pred=0x19ff:exp=0x1ffa
ex286,13,2,reverse_comp_all,pair_swap,0,2048,0,0.000000,x=0x0:p=0x1fff:pred=0x0:exp=0x1fff;x=0x1:p=0xfff:pred=0x80:exp=0x1fef;x=0x2:p=0x17ff:pred=0x10:exp=0x1bff
ex286,13,2,reverse_comp_all,comp_pair_swap,1,2048,0,0.000488,x=0x1:p=0xfff:pred=0x1f7f:exp=0x1fef;x=0x2:p=0x17ff:pred=0x1fef:exp=0x1bff;x=0x3:p=0x7ff:pred=0x1ff3:exp=0x1ffa
ex286,13,2,reverse_comp_except_split,identity,3,2048,0,0.001465,x=0x0:p=0x1bff:pred=0x0:exp=0x1eff;x=0x1:p=0xbff:pred=0x40:exp=0x1fee;x=0x2:p=0x13ff:pred=0x20:exp=0x1cff
ex286,13,2,reverse_comp_except_split,comp,0,2048,0,0.000000,x=0x0:p=0x1bff:pred=0x1fff:exp=0x1eff;x=0x1:p=0xbff:pred=0x1fbf:exp=0x1fee;x=0x2:p=0x13ff:pred=0x1fdf:exp=0x1cff
ex286,13,2,reverse_comp_except_split,reverse,1,2048,0,0.000488,x=0x0:p=0x1bff:pred=0x0:exp=0x1eff;x=0x1:p=0xbff:pred=0x40:exp=0x1fee;x=0x2:p=0x13ff:pred=0x80:exp=0x1cff
ex286,13,2,reverse_comp_except_split,comp_reverse,0,2048,0,0.000000,x=0x0:p=0x1bff:pred=0x1fff:exp=0x1eff;x=0x1:p=0xbff:pred=0x1fbf:exp=0x1fee;x=0x2:p=0x13ff:pred=0x1f7f:exp=0x1cff
ex286,13,2,reverse_comp_except_split,pair_swap,2,2048,0,0.000977,x=0x0:p=0x1bff:pred=0x0:exp=0x1eff;x=0x1:p=0xbff:pred=0x80:exp=0x1fee;x=0x2:p=0x13ff:pred=0x10:exp=0x1cff
ex286,13,2,reverse_comp_except_split,comp_pair_swap,0,2048,0,0.000000,x=0x0:p=0x1bff:pred=0x1fff:exp=0x1eff;x=0x1:p=0xbff:pred=0x1f7f:exp=0x1fee;x=0x2:p=0x13ff:pred=0x1fef:exp=0x1cff
ex286,13,2,reverse,identity,2,2048,0,0.000977,x=0x400:p=0x4:pred=0x8:exp=0x200;x=0x401:p=0x1004:pred=0x1004:exp=0x1002;x=0x402:p=0x804:pred=0x82:exp=0x22
ex286,13,2,reverse,comp,0,2048,0,0.000000,x=0x400:p=0x4:pred=0x1ff7:exp=0x200;x=0x401:p=0x1004:pred=0xffb:exp=0x1002;x=0x402:p=0x804:pred=0x1f7d:exp=0x22
ex286,13,2,reverse,reverse,11,2048,0,0.005371,x=0x401:p=0x1004:pred=0x401:exp=0x1002;x=0x402:p=0x804:pred=0x820:exp=0x22;x=0x403:p=0x1804:pred=0x1900:exp=0x230
ex286,13,2,reverse,comp_reverse,0,2048,0,0.000000,x=0x400:p=0x4:pred=0x1dff:exp=0x200;x=0x401:p=0x1004:pred=0x1bfe:exp=0x1002;x=0x402:p=0x804:pred=0x17df:exp=0x22
ex286,13,2,reverse,pair_swap,2,2048,0,0.000977,x=0x400:p=0x4:pred=0x8:exp=0x200;x=0x401:p=0x1004:pred=0x1004:exp=0x1002;x=0x402:p=0x804:pred=0x42:exp=0x22
ex286,13,2,reverse,comp_pair_swap,0,2048,0,0.000000,x=0x400:p=0x4:pred=0x1ff7:exp=0x200;x=0x401:p=0x1004:pred=0xffb:exp=0x1002;x=0x402:p=0x804:pred=0x1fbd:exp=0x22
ex286,13,3,comp_all,identity,0,4096,0,0.000000,x=0x0:p=0x1fff:pred=0x0:exp=0x1fff;x=0x1:p=0x1ffe:pred=0x40:exp=0x1ffd;x=0x2:p=0x1ffd:pred=0x20:exp=0x1ffb
ex286,13,3,comp_all,comp,1,4096,0,0.000244,x=0x1:p=0x1ffe:pred=0x1fbf:exp=0x1ffd;x=0x2:p=0x1ffd:pred=0x1fdf:exp=0x1ffb;x=0x3:p=0x1ffc:pred=0x1ff3:exp=0xfdf
ex286,13,3,comp_all,reverse,0,4096,0,0.000000,x=0x0:p=0x1fff:pred=0x0:exp=0x1fff;x=0x1:p=0x1ffe:pred=0x40:exp=0x1ffd;x=0x2:p=0x1ffd:pred=0x80:exp=0x1ffb
ex286,13,3,comp_all,comp_reverse,4,4096,0,0.000977,x=0x1:p=0x1ffe:pred=0x1fbf:exp=0x1ffd;x=0x2:p=0x1ffd:pred=0x1f7f:exp=0x1ffb;x=0x3:p=0x1ffc:pred=0x19ff:exp=0xfdf
ex286,13,3,comp_all,pair_swap,0,4096,0,0.000000,x=0x0:p=0x1fff:pred=0x0:exp=0x1fff;x=0x1:p=0x1ffe:pred=0x80:exp=0x1ffd;x=0x2:p=0x1ffd:pred=0x10:exp=0x1ffb
ex286,13,3,comp_all,comp_pair_swap,1,4096,0,0.000244,x=0x1:p=0x1ffe:pred=0x1f7f:exp=0x1ffd;x=0x2:p=0x1ffd:pred=0x1fef:exp=0x1ffb;x=0x3:p=0x1ffc:pred=0x1ff3:exp=0xfdf
ex286,13,3,reverse_comp_all,identity,0,2048,0,0.000000,x=0x0:p=0x1fff:pred=0x0:exp=0x1fff;x=0x1:p=0xfff:pred=0x40:exp=0x1fef;x=0x2:p=0x17ff:pred=0x20:exp=0x1bff
ex286,13,3,reverse_comp_all,comp,6,2048,0,0.002930,x=0x1:p=0xfff:pred=0x1fbf:exp=0x1fef;x=0x2:p=0x17ff:pred=0x1fdf:exp=0x1bff;x=0x3:p=0x7ff:pred=0x1ff3:exp=0x1ffa
ex286,13,3,reverse_comp_all,reverse,0,2048,0,0.000000,x=0x0:p=0x1fff:pred=0x0:exp=0x1fff;x=0x1:p=0xfff:pred=0x40:exp=0x1fef;x=0x2:p=0x17ff:pred=0x80:exp=0x1bff
ex286,13,3,reverse_comp_all,comp_reverse,6,2048,0,0.002930,x=0x1:p=0xfff:pred=0x1fbf:exp=0x1fef;x=0x2:p=0x17ff:pred=0x1f7f:exp=0x1bff;x=0x3:p=0x7ff:pred=0x19ff:exp=0x1ffa
ex286,13,3,reverse_comp_all,pair_swap,0,2048,0,0.000000,x=0x0:p=0x1fff:pred=0x0:exp=0x1fff;x=0x1:p=0xfff:pred=0x80:exp=0x1fef;x=0x2:p=0x17ff:pred=0x10:exp=0x1bff
ex286,13,3,reverse_comp_all,comp_pair_swap,1,2048,0,0.000488,x=0x1:p=0xfff:pred=0x1f7f:exp=0x1fef;x=0x2:p=0x17ff:pred=0x1fef:exp=0x1bff;x=0x3:p=0x7ff:pred=0x1ff3:exp=0x1ffa
ex286,13,3,reverse_comp_except_split,identity,0,2048,0,0.000000,x=0x0:p=0x1dff:pred=0x0:exp=0x1dff;x=0x1:p=0xdff:pred=0x40:exp=0x1ffc;x=0x2:p=0x15ff:pred=0x20:exp=0x15ff
ex286,13,3,reverse_comp_except_split,comp,0,2048,0,0.000000,x=0x0:p=0x1dff:pred=0x1fff:exp=0x1dff;x=0x1:p=0xdff:pred=0x1fbf:exp=0x1ffc;x=0x2:p=0x15ff:pred=0x1fdf:exp=0x15ff
ex286,13,3,reverse_comp_except_split,reverse,1,2048,0,0.000488,x=0x0:p=0x1dff:pred=0x0:exp=0x1dff;x=0x1:p=0xdff:pred=0x40:exp=0x1ffc;x=0x2:p=0x15ff:pred=0x80:exp=0x15ff
ex286,13,3,reverse_comp_except_split,comp_reverse,0,2048,0,0.000000,x=0x0:p=0x1dff:pred=0x1fff:exp=0x1dff;x=0x1:p=0xdff:pred=0x1fbf:exp=0x1ffc;x=0x2:p=0x15ff:pred=0x1f7f:exp=0x15ff
ex286,13,3,reverse_comp_except_split,pair_swap,0,2048,0,0.000000,x=0x0:p=0x1dff:pred=0x0:exp=0x1dff;x=0x1:p=0xdff:pred=0x80:exp=0x1ffc;x=0x2:p=0x15ff:pred=0x10:exp=0x15ff
ex286,13,3,reverse_comp_except_split,comp_pair_swap,0,2048,0,0.000000,x=0x0:p=0x1dff:pred=0x1fff:exp=0x1dff;x=0x1:p=0xdff:pred=0x1f7f:exp=0x1ffc;x=0x2:p=0x15ff:pred=0x1fef:exp=0x15ff
ex286,13,3,reverse,identity,2,2048,0,0.000977,x=0x200:p=0x8:pred=0x4:exp=0x20;x=0x201:p=0x1008:pred=0x88:exp=0x21;x=0x202:p=0x808:pred=0x1010:exp=0x202
ex286,13,3,reverse,comp,0,2048,0,0.000000,x=0x200:p=0x8:pred=0x1ffb:exp=0x20;x=0x201:p=0x1008:pred=0x1f77:exp=0x21;x=0x202:p=0x808:pred=0xfef:exp=0x202
ex286,13,3,reverse,reverse,4,2048,0,0.001953,x=0x200:p=0x8:pred=0x400:exp=0x20;x=0x201:p=0x1008:pred=0x220:exp=0x21;x=0x202:p=0x808:pred=0x101:exp=0x202
ex286,13,3,reverse,comp_reverse,0,2048,0,0.000000,x=0x200:p=0x8:pred=0x1bff:exp=0x20;x=0x201:p=0x1008:pred=0x1ddf:exp=0x21;x=0x202:p=0x808:pred=0x1efe:exp=0x202
ex286,13,3,reverse,pair_swap,2,2048,0,0.000977,x=0x200:p=0x8:pred=0x4:exp=0x20;x=0x201:p=0x1008:pred=0x48:exp=0x21;x=0x202:p=0x808:pred=0x1020:exp=0x202
ex286,13,3,reverse,comp_pair_swap,0,2048,0,0.000000,x=0x200:p=0x8:pred=0x1ffb:exp=0x20;x=0x201:p=0x1008:pred=0x1fb7:exp=0x21;x=0x202:p=0x808:pred=0xfdf:exp=0x202
ex286,13,4,comp_all,identity,0,4096,0,0.000000,x=0x0:p=0x1fff:pred=0x0:exp=0x1fff;x=0x1:p=0x1ffe:pred=0x40:exp=0x1ffd;x=0x2:p=0x1ffd:pred=0x20:exp=0x1ffb
ex286,13,4,comp_all,comp,1,4096,0,0.000244,x=0x1:p=0x1ffe:pred=0x1fbf:exp=0x1ffd;x=0x2:p=0x1ffd:pred=0x1fdf:exp=0x1ffb;x=0x3:p=0x1ffc:pred=0x1ff3:exp=0xfdf
ex286,13,4,comp_all,reverse,0,4096,0,0.000000,x=0x0:p=0x1fff:pred=0x0:exp=0x1fff;x=0x1:p=0x1ffe:pred=0x40:exp=0x1ffd;x=0x2:p=0x1ffd:pred=0x80:exp=0x1ffb
ex286,13,4,comp_all,comp_reverse,4,4096,0,0.000977,x=0x1:p=0x1ffe:pred=0x1fbf:exp=0x1ffd;x=0x2:p=0x1ffd:pred=0x1f7f:exp=0x1ffb;x=0x3:p=0x1ffc:pred=0x19ff:exp=0xfdf
ex286,13,4,comp_all,pair_swap,0,4096,0,0.000000,x=0x0:p=0x1fff:pred=0x0:exp=0x1fff;x=0x1:p=0x1ffe:pred=0x80:exp=0x1ffd;x=0x2:p=0x1ffd:pred=0x10:exp=0x1ffb
ex286,13,4,comp_all,comp_pair_swap,1,4096,0,0.000244,x=0x1:p=0x1ffe:pred=0x1f7f:exp=0x1ffd;x=0x2:p=0x1ffd:pred=0x1fef:exp=0x1ffb;x=0x3:p=0x1ffc:pred=0x1ff3:exp=0xfdf
ex286,13,4,reverse_comp_all,identity,0,2048,0,0.000000,x=0x0:p=0x1fff:pred=0x0:exp=0x1fff;x=0x1:p=0xfff:pred=0x40:exp=0x1fef;x=0x2:p=0x17ff:pred=0x20:exp=0x1bff
ex286,13,4,reverse_comp_all,comp,7,2048,0,0.003418,x=0x1:p=0xfff:pred=0x1fbf:exp=0x1fef;x=0x2:p=0x17ff:pred=0x1fdf:exp=0x1bff;x=0x3:p=0x7ff:pred=0x1ff3:exp=0x1ffa
ex286,13,4,reverse_comp_all,reverse,0,2048,0,0.000000,x=0x0:p=0x1fff:pred=0x0:exp=0x1fff;x=0x1:p=0xfff:pred=0x40:exp=0x1fef;x=0x2:p=0x17ff:pred=0x80:exp=0x1bff
ex286,13,4,reverse_comp_all,comp_reverse,13,2048,0,0.006348,x=0x1:p=0xfff:pred=0x1fbf:exp=0x1fef;x=0x2:p=0x17ff:pred=0x1f7f:exp=0x1bff;x=0x3:p=0x7ff:pred=0x19ff:exp=0x1ffa
ex286,13,4,reverse_comp_all,pair_swap,0,2048,0,0.000000,x=0x0:p=0x1fff:pred=0x0:exp=0x1fff;x=0x1:p=0xfff:pred=0x80:exp=0x1fef;x=0x2:p=0x17ff:pred=0x10:exp=0x1bff
ex286,13,4,reverse_comp_all,comp_pair_swap,1,2048,0,0.000488,x=0x1:p=0xfff:pred=0x1f7f:exp=0x1fef;x=0x2:p=0x17ff:pred=0x1fef:exp=0x1bff;x=0x3:p=0x7ff:pred=0x1ff3:exp=0x1ffa
ex286,13,4,reverse_comp_except_split,identity,16,2048,0,0.007812,x=0x0:p=0x1eff:pred=0x0:exp=0x1eff;x=0x1:p=0xeff:pred=0x40:exp=0x1fee;x=0x2:p=0x16ff:pred=0x20:exp=0xbff
ex286,13,4,reverse_comp_except_split,comp,0,2048,0,0.000000,x=0x0:p=0x1eff:pred=0x1fff:exp=0x1eff;x=0x1:p=0xeff:pred=0x1fbf:exp=0x1fee;x=0x2:p=0x16ff:pred=0x1fdf:exp=0xbff
ex286,13,4,reverse_comp_except_split,reverse,2,2048,0,0.000977,x=0x0:p=0x1eff:pred=0x0:exp=0x1eff;x=0x1:p=0xeff:pred=0x40:exp=0x1fee;x=0x2:p=0x16ff:pred=0x80:exp=0xbff
ex286,13,4,reverse_comp_except_split,comp_reverse,0,2048,0,0.000000,x=0x0:p=0x1eff:pred=0x1fff:exp=0x1eff;x=0x1:p=0xeff:pred=0x1fbf:exp=0x1fee;x=0x2:p=0x16ff:pred=0x1f7f:exp=0xbff
ex286,13,4,reverse_comp_except_split,pair_swap,1,2048,0,0.000488,x=0x0:p=0x1eff:pred=0x0:exp=0x1eff;x=0x1:p=0xeff:pred=0x80:exp=0x1fee;x=0x2:p=0x16ff:pred=0x10:exp=0xbff
ex286,13,4,reverse_comp_except_split,comp_pair_swap,0,2048,0,0.000000,x=0x0:p=0x1eff:pred=0x1fff:exp=0x1eff;x=0x1:p=0xeff:pred=0x1f7f:exp=0x1fee;x=0x2:p=0x16ff:pred=0x1fef:exp=0xbff
ex286,13,4,reverse,identity,3,2048,0,0.001465,x=0x100:p=0x10:pred=0x8:exp=0x800;x=0x101:p=0x1010:pred=0x44:exp=0x108;x=0x102:p=0x810:pred=0x22:exp=0x82
ex286,13,4,reverse,comp,0,2048,0,0.000000,x=0x100:p=0x10:pred=0x1ff7:exp=0x800;x=0x101:p=0x1010:pred=0x1fbb:exp=0x108;x=0x102:p=0x810:pred=0x1fdd:exp=0x82
ex286,13,4,reverse,reverse,12,2048,0,0.005859,x=0x100:p=0x10:pred=0x200:exp=0x800;x=0x101:p=0x1010:pred=0x440:exp=0x108;x=0x102:p=0x810:pred=0x880:exp=0x82
ex286,13,4,reverse,comp_reverse,0,2048,0,0.000000,x=0x100:p=0x10:pred=0x1dff:exp=0x800;x=0x101:p=0x1010:pred=0x1bbf:exp=0x108;x=0x102:p=0x810:pred=0x177f:exp=0x82
ex286,13,4,reverse,pair_swap,3,2048,0,0.001465,x=0x100:p=0x10:pred=0x8:exp=0x800;x=0x101:p=0x1010:pred=0x84:exp=0x108;x=0x102:p=0x810:pred=0x12:exp=0x82
ex286,13,4,reverse,comp_pair_swap,0,2048,0,0.000000,x=0x100:p=0x10:pred=0x1ff7:exp=0x800;x=0x101:p=0x1010:pred=0x1f7b:exp=0x108;x=0x102:p=0x810:pred=0x1fed:exp=0x82
ex286,13,5,comp_all,identity,0,4096,0,0.000000,x=0x0:p=0x1fff:pred=0x0:exp=0x1fff;x=0x1:p=0x1ffe:pred=0x40:exp=0x1ffd;x=0x2:p=0x1ffd:pred=0x20:exp=0x1ffb
ex286,13,5,comp_all,comp,1,4096,0,0.000244,x=0x1:p=0x1ffe:pred=0x1fbf:exp=0x1ffd;x=0x2:p=0x1ffd:pred=0x1fdf:exp=0x1ffb;x=0x3:p=0x1ffc:pred=0x1ff3:exp=0xfdf
ex286,13,5,comp_all,reverse,0,4096,0,0.000000,x=0x0:p=0x1fff:pred=0x0:exp=0x1fff;x=0x1:p=0x1ffe:pred=0x40:exp=0x1ffd;x=0x2:p=0x1ffd:pred=0x80:exp=0x1ffb
ex286,13,5,comp_all,comp_reverse,4,4096,0,0.000977,x=0x1:p=0x1ffe:pred=0x1fbf:exp=0x1ffd;x=0x2:p=0x1ffd:pred=0x1f7f:exp=0x1ffb;x=0x3:p=0x1ffc:pred=0x19ff:exp=0xfdf
ex286,13,5,comp_all,pair_swap,0,4096,0,0.000000,x=0x0:p=0x1fff:pred=0x0:exp=0x1fff;x=0x1:p=0x1ffe:pred=0x80:exp=0x1ffd;x=0x2:p=0x1ffd:pred=0x10:exp=0x1ffb
ex286,13,5,comp_all,comp_pair_swap,1,4096,0,0.000244,x=0x1:p=0x1ffe:pred=0x1f7f:exp=0x1ffd;x=0x2:p=0x1ffd:pred=0x1fef:exp=0x1ffb;x=0x3:p=0x1ffc:pred=0x1ff3:exp=0xfdf
ex286,13,5,reverse_comp_all,identity,0,2048,0,0.000000,x=0x0:p=0x1fff:pred=0x0:exp=0x1fff;x=0x1:p=0xfff:pred=0x40:exp=0x1fef;x=0x2:p=0x17ff:pred=0x20:exp=0x1bff
ex286,13,5,reverse_comp_all,comp,10,2048,0,0.004883,x=0x1:p=0xfff:pred=0x1fbf:exp=0x1fef;x=0x2:p=0x17ff:pred=0x1fdf:exp=0x1bff;x=0x3:p=0x7ff:pred=0x1ff3:exp=0x1ffa
ex286,13,5,reverse_comp_all,reverse,0,2048,0,0.000000,x=0x0:p=0x1fff:pred=0x0:exp=0x1fff;x=0x1:p=0xfff:pred=0x40:exp=0x1fef;x=0x2:p=0x17ff:pred=0x80:exp=0x1bff
ex286,13,5,reverse_comp_all,comp_reverse,9,2048,0,0.004395,x=0x1:p=0xfff:pred=0x1fbf:exp=0x1fef;x=0x2:p=0x17ff:pred=0x1f7f:exp=0x1bff;x=0x3:p=0x7ff:pred=0x19ff:exp=0x1ffa
ex286,13,5,reverse_comp_all,pair_swap,0,2048,0,0.000000,x=0x0:p=0x1fff:pred=0x0:exp=0x1fff;x=0x1:p=0xfff:pred=0x80:exp=0x1fef;x=0x2:p=0x17ff:pred=0x10:exp=0x1bff
ex286,13,5,reverse_comp_all,comp_pair_swap,1,2048,0,0.000488,x=0x1:p=0xfff:pred=0x1f7f:exp=0x1fef;x=0x2:p=0x17ff:pred=0x1fef:exp=0x1bff;x=0x3:p=0x7ff:pred=0x1ff3:exp=0x1ffa
ex286,13,5,reverse_comp_except_split,identity,1,2048,0,0.000488,x=0x0:p=0x1f7f:pred=0x0:exp=0x1fbf;x=0x1:p=0xf7f:pred=0x40:exp=0x1faf;x=0x2:p=0x177f:pred=0x20:exp=0x1bfb
ex286,13,5,reverse_comp_except_split,comp,0,2048,0,0.000000,x=0x0:p=0x1f7f:pred=0x1fff:exp=0x1fbf;x=0x1:p=0xf7f:pred=0x1fbf:exp=0x1faf;x=0x2:p=0x177f:pred=0x1fdf:exp=0x1bfb
ex286,13,5,reverse_comp_except_split,reverse,0,2048,0,0.000000,x=0x0:p=0x1f7f:pred=0x0:exp=0x1fbf;x=0x1:p=0xf7f:pred=0x40:exp=0x1faf;x=0x2:p=0x177f:pred=0x80:exp=0x1bfb
ex286,13,5,reverse_comp_except_split,comp_reverse,0,2048,0,0.000000,x=0x0:p=0x1f7f:pred=0x1fff:exp=0x1fbf;x=0x1:p=0xf7f:pred=0x1fbf:exp=0x1faf;x=0x2:p=0x177f:pred=0x1f7f:exp=0x1bfb
ex286,13,5,reverse_comp_except_split,pair_swap,1,2048,0,0.000488,x=0x0:p=0x1f7f:pred=0x0:exp=0x1fbf;x=0x1:p=0xf7f:pred=0x80:exp=0x1faf;x=0x2:p=0x177f:pred=0x10:exp=0x1bfb
ex286,13,5,reverse_comp_except_split,comp_pair_swap,0,2048,0,0.000000,x=0x0:p=0x1f7f:pred=0x1fff:exp=0x1fbf;x=0x1:p=0xf7f:pred=0x1f7f:exp=0x1faf;x=0x2:p=0x177f:pred=0x1fef:exp=0x1bfb
ex286,13,5,reverse,identity,1,2048,0,0.000488,x=0x80:p=0x20:pred=0x200:exp=0x800;x=0x81:p=0x1020:pred=0x140:exp=0x108;x=0x82:p=0x820:pred=0x820:exp=0x82
ex286,13,5,reverse,comp,0,2048,0,0.000000,x=0x80:p=0x20:pred=0x1dff:exp=0x800;x=0x81:p=0x1020:pred=0x1ebf:exp=0x108;x=0x82:p=0x820:pred=0x17df:exp=0x82
ex286,13,5,reverse,reverse,11,2048,0,0.005371,x=0x80:p=0x20:pred=0x8:exp=0x800;x=0x81:p=0x1020:pred=0x50:exp=0x108;x=0x83:p=0x1820:pred=0x640:exp=0x380
ex286,13,5,reverse,comp_reverse,0,2048,0,0.000000,x=0x80:p=0x20:pred=0x1ff7:exp=0x800;x=0x81:p=0x1020:pred=0x1faf:exp=0x108;x=0x82:p=0x820:pred=0x1f7d:exp=0x82
ex286,13,5,reverse,pair_swap,1,2048,0,0.000488,x=0x80:p=0x20:pred=0x200:exp=0x800;x=0x81:p=0x1020:pred=0x180:exp=0x108;x=0x82:p=0x820:pred=0x810:exp=0x82
ex286,13,5,reverse,comp_pair_swap,0,2048,0,0.000000,x=0x80:p=0x20:pred=0x1dff:exp=0x800;x=0x81:p=0x1020:pred=0x1e7f:exp=0x108;x=0x82:p=0x820:pred=0x17ef:exp=0x82
ex286,13,6,comp_all,identity,0,4096,0,0.000000,x=0x0:p=0x1fff:pred=0x0:exp=0x1fff;x=0x1:p=0x1ffe:pred=0x40:exp=0x1ffd;x=0x2:p=0x1ffd:pred=0x20:exp=0x1ffb
ex286,13,6,comp_all,comp,1,4096,0,0.000244,x=0x1:p=0x1ffe:pred=0x1fbf:exp=0x1ffd;x=0x2:p=0x1ffd:pred=0x1fdf:exp=0x1ffb;x=0x3:p=0x1ffc:pred=0x1ff3:exp=0xfdf
ex286,13,6,comp_all,reverse,0,4096,0,0.000000,x=0x0:p=0x1fff:pred=0x0:exp=0x1fff;x=0x1:p=0x1ffe:pred=0x40:exp=0x1ffd;x=0x2:p=0x1ffd:pred=0x80:exp=0x1ffb
ex286,13,6,comp_all,comp_reverse,4,4096,0,0.000977,x=0x1:p=0x1ffe:pred=0x1fbf:exp=0x1ffd;x=0x2:p=0x1ffd:pred=0x1f7f:exp=0x1ffb;x=0x3:p=0x1ffc:pred=0x19ff:exp=0xfdf
ex286,13,6,comp_all,pair_swap,0,4096,0,0.000000,x=0x0:p=0x1fff:pred=0x0:exp=0x1fff;x=0x1:p=0x1ffe:pred=0x80:exp=0x1ffd;x=0x2:p=0x1ffd:pred=0x10:exp=0x1ffb
ex286,13,6,comp_all,comp_pair_swap,1,4096,0,0.000244,x=0x1:p=0x1ffe:pred=0x1f7f:exp=0x1ffd;x=0x2:p=0x1ffd:pred=0x1fef:exp=0x1ffb;x=0x3:p=0x1ffc:pred=0x1ff3:exp=0xfdf
ex286,13,6,reverse_comp_all,identity,0,4096,0,0.000000,x=0x0:p=0x1fff:pred=0x0:exp=0x1fff;x=0x1:p=0xfff:pred=0x40:exp=0x1fef;x=0x2:p=0x17ff:pred=0x20:exp=0x1bff
ex286,13,6,reverse_comp_all,comp,12,4096,0,0.002930,x=0x1:p=0xfff:pred=0x1fbf:exp=0x1fef;x=0x2:p=0x17ff:pred=0x1fdf:exp=0x1bff;x=0x3:p=0x7ff:pred=0x1ff3:exp=0x1ffa
ex286,13,6,reverse_comp_all,reverse,0,4096,0,0.000000,x=0x0:p=0x1fff:pred=0x0:exp=0x1fff;x=0x1:p=0xfff:pred=0x40:exp=0x1fef;x=0x2:p=0x17ff:pred=0x80:exp=0x1bff
ex286,13,6,reverse_comp_all,comp_reverse,19,4096,0,0.004639,x=0x1:p=0xfff:pred=0x1fbf:exp=0x1fef;x=0x2:p=0x17ff:pred=0x1f7f:exp=0x1bff;x=0x3:p=0x7ff:pred=0x19ff:exp=0x1ffa
ex286,13,6,reverse_comp_all,pair_swap,0,4096,0,0.000000,x=0x0:p=0x1fff:pred=0x0:exp=0x1fff;x=0x1:p=0xfff:pred=0x80:exp=0x1fef;x=0x2:p=0x17ff:pred=0x10:exp=0x1bff
ex286,13,6,reverse_comp_all,comp_pair_swap,1,4096,0,0.000244,x=0x1:p=0xfff:pred=0x1f7f:exp=0x1fef;x=0x2:p=0x17ff:pred=0x1fef:exp=0x1bff;x=0x3:p=0x7ff:pred=0x1ff3:exp=0x1ffa
ex286,13,7,comp_all,identity,0,4096,0,0.000000,x=0x0:p=0x1fff:pred=0x0:exp=0x1fff;x=0x1:p=0x1ffe:pred=0x40:exp=0x1ffd;x=0x2:p=0x1ffd:pred=0x20:exp=0x1ffb
ex286,13,7,comp_all,comp,1,4096,0,0.000244,x=0x1:p=0x1ffe:pred=0x1fbf:exp=0x1ffd;x=0x2:p=0x1ffd:pred=0x1fdf:exp=0x1ffb;x=0x3:p=0x1ffc:pred=0x1ff3:exp=0xfdf
ex286,13,7,comp_all,reverse,0,4096,0,0.000000,x=0x0:p=0x1fff:pred=0x0:exp=0x1fff;x=0x1:p=0x1ffe:pred=0x40:exp=0x1ffd;x=0x2:p=0x1ffd:pred=0x80:exp=0x1ffb
ex286,13,7,comp_all,comp_reverse,4,4096,0,0.000977,x=0x1:p=0x1ffe:pred=0x1fbf:exp=0x1ffd;x=0x2:p=0x1ffd:pred=0x1f7f:exp=0x1ffb;x=0x3:p=0x1ffc:pred=0x19ff:exp=0xfdf
ex286,13,7,comp_all,pair_swap,0,4096,0,0.000000,x=0x0:p=0x1fff:pred=0x0:exp=0x1fff;x=0x1:p=0x1ffe:pred=0x80:exp=0x1ffd;x=0x2:p=0x1ffd:pred=0x10:exp=0x1ffb
ex286,13,7,comp_all,comp_pair_swap,1,4096,0,0.000244,x=0x1:p=0x1ffe:pred=0x1f7f:exp=0x1ffd;x=0x2:p=0x1ffd:pred=0x1fef:exp=0x1ffb;x=0x3:p=0x1ffc:pred=0x1ff3:exp=0xfdf
ex286,13,7,reverse_comp_all,identity,0,2048,0,0.000000,x=0x0:p=0x1fff:pred=0x0:exp=0x1fff;x=0x1:p=0xfff:pred=0x40:exp=0x1fef;x=0x2:p=0x17ff:pred=0x20:exp=0x1bff
ex286,13,7,reverse_comp_all,comp,10,2048,0,0.004883,x=0x1:p=0xfff:pred=0x1fbf:exp=0x1fef;x=0x2:p=0x17ff:pred=0x1fdf:exp=0x1bff;x=0x3:p=0x7ff:pred=0x1ff3:exp=0x1ffa
ex286,13,7,reverse_comp_all,reverse,0,2048,0,0.000000,x=0x0:p=0x1fff:pred=0x0:exp=0x1fff;x=0x1:p=0xfff:pred=0x40:exp=0x1fef;x=0x2:p=0x17ff:pred=0x80:exp=0x1bff
ex286,13,7,reverse_comp_all,comp_reverse,9,2048,0,0.004395,x=0x1:p=0xfff:pred=0x1fbf:exp=0x1fef;x=0x2:p=0x17ff:pred=0x1f7f:exp=0x1bff;x=0x3:p=0x7ff:pred=0x19ff:exp=0x1ffa
ex286,13,7,reverse_comp_all,pair_swap,0,2048,0,0.000000,x=0x0:p=0x1fff:pred=0x0:exp=0x1fff;x=0x1:p=0xfff:pred=0x80:exp=0x1fef;x=0x2:p=0x17ff:pred=0x10:exp=0x1bff
ex286,13,7,reverse_comp_all,comp_pair_swap,1,2048,0,0.000488,x=0x1:p=0xfff:pred=0x1f7f:exp=0x1fef;x=0x2:p=0x17ff:pred=0x1fef:exp=0x1bff;x=0x3:p=0x7ff:pred=0x1ff3:exp=0x1ffa
ex286,13,7,reverse_comp_except_split,identity,32,2048,0,0.015625,x=0x0:p=0x1fdf:pred=0x0:exp=0x1fef;x=0x1:p=0xfdf:pred=0x40:exp=0xfef;x=0x2:p=0x17df:pred=0x20:exp=0x1bfe
ex286,13,7,reverse_comp_except_split,comp,0,2048,0,0.000000,x=0x0:p=0x1fdf:pred=0x1fff:exp=0x1fef;x=0x1:p=0xfdf:pred=0x1fbf:exp=0xfef;x=0x2:p=0x17df:pred=0x1fdf:exp=0x1bfe
ex286,13,7,reverse_comp_except_split,reverse,2,2048,0,0.000977,x=0x0:p=0x1fdf:pred=0x0:exp=0x1fef;x=0x1:p=0xfdf:pred=0x40:exp=0xfef;x=0x2:p=0x17df:pred=0x80:exp=0x1bfe
ex286,13,7,reverse_comp_except_split,comp_reverse,0,2048,0,0.000000,x=0x0:p=0x1fdf:pred=0x1fff:exp=0x1fef;x=0x1:p=0xfdf:pred=0x1fbf:exp=0xfef;x=0x2:p=0x17df:pred=0x1f7f:exp=0x1bfe
ex286,13,7,reverse_comp_except_split,pair_swap,1,2048,0,0.000488,x=0x0:p=0x1fdf:pred=0x0:exp=0x1fef;x=0x1:p=0xfdf:pred=0x80:exp=0xfef;x=0x2:p=0x17df:pred=0x10:exp=0x1bfe
ex286,13,7,reverse_comp_except_split,comp_pair_swap,0,2048,0,0.000000,x=0x0:p=0x1fdf:pred=0x1fff:exp=0x1fef;x=0x1:p=0xfdf:pred=0x1f7f:exp=0xfef;x=0x2:p=0x17df:pred=0x1fef:exp=0x1bfe
ex286,13,7,reverse,identity,1,2048,0,0.000488,x=0x20:p=0x80:pred=0x800:exp=0x200;x=0x21:p=0x1080:pred=0x440:exp=0x3;x=0x22:p=0x880:pred=0x220:exp=0x22
ex286,13,7,reverse,comp,0,2048,0,0.000000,x=0x20:p=0x80:pred=0x17ff:exp=0x200;x=0x21:p=0x1080:pred=0x1bbf:exp=0x3;x=0x22:p=0x880:pred=0x1ddf:exp=0x22
ex286,13,7,reverse,reverse,11,2048,0,0.005371,x=0x20:p=0x80:pred=0x2:exp=0x200;x=0x21:p=0x1080:pred=0x44:exp=0x3;x=0x22:p=0x880:pred=0x88:exp=0x22
ex286,13,7,reverse,comp_reverse,0,2048,0,0.000000,x=0x20:p=0x80:pred=0x1ffd:exp=0x200;x=0x21:p=0x1080:pred=0x1fbb:exp=0x3;x=0x22:p=0x880:pred=0x1f77:exp=0x22
ex286,13,7,reverse,pair_swap,1,2048,0,0.000488,x=0x20:p=0x80:pred=0x800:exp=0x200;x=0x21:p=0x1080:pred=0x480:exp=0x3;x=0x22:p=0x880:pred=0x210:exp=0x22
ex286,13,7,reverse,comp_pair_swap,0,2048,0,0.000000,x=0x20:p=0x80:pred=0x17ff:exp=0x200;x=0x21:p=0x1080:pred=0x1b7f:exp=0x3;x=0x22:p=0x880:pred=0x1def:exp=0x22
ex286,13,8,comp_all,identity,0,4096,0,0.000000,x=0x0:p=0x1fff:pred=0x0:exp=0x1fff;x=0x1:p=0x1ffe:pred=0x40:exp=0x1ffd;x=0x2:p=0x1ffd:pred=0x20:exp=0x1ffb
ex286,13,8,comp_all,comp,1,4096,0,0.000244,x=0x1:p=0x1ffe:pred=0x1fbf:exp=0x1ffd;x=0x2:p=0x1ffd:pred=0x1fdf:exp=0x1ffb;x=0x3:p=0x1ffc:pred=0x1ff3:exp=0xfdf
ex286,13,8,comp_all,reverse,0,4096,0,0.000000,x=0x0:p=0x1fff:pred=0x0:exp=0x1fff;x=0x1:p=0x1ffe:pred=0x40:exp=0x1ffd;x=0x2:p=0x1ffd:pred=0x80:exp=0x1ffb
ex286,13,8,comp_all,comp_reverse,4,4096,0,0.000977,x=0x1:p=0x1ffe:pred=0x1fbf:exp=0x1ffd;x=0x2:p=0x1ffd:pred=0x1f7f:exp=0x1ffb;x=0x3:p=0x1ffc:pred=0x19ff:exp=0xfdf
ex286,13,8,comp_all,pair_swap,0,4096,0,0.000000,x=0x0:p=0x1fff:pred=0x0:exp=0x1fff;x=0x1:p=0x1ffe:pred=0x80:exp=0x1ffd;x=0x2:p=0x1ffd:pred=0x10:exp=0x1ffb
ex286,13,8,comp_all,comp_pair_swap,1,4096,0,0.000244,x=0x1:p=0x1ffe:pred=0x1f7f:exp=0x1ffd;x=0x2:p=0x1ffd:pred=0x1fef:exp=0x1ffb;x=0x3:p=0x1ffc:pred=0x1ff3:exp=0xfdf
ex286,13,8,reverse_comp_all,identity,0,2048,0,0.000000,x=0x0:p=0x1fff:pred=0x0:exp=0x1fff;x=0x1:p=0xfff:pred=0x40:exp=0x1fef;x=0x2:p=0x17ff:pred=0x20:exp=0x1bff
ex286,13,8,reverse_comp_all,comp,7,2048,0,0.003418,x=0x1:p=0xfff:pred=0x1fbf:exp=0x1fef;x=0x2:p=0x17ff:pred=0x1fdf:exp=0x1bff;x=0x3:p=0x7ff:pred=0x1ff3:exp=0x1ffa
ex286,13,8,reverse_comp_all,reverse,0,2048,0,0.000000,x=0x0:p=0x1fff:pred=0x0:exp=0x1fff;x=0x1:p=0xfff:pred=0x40:exp=0x1fef;x=0x2:p=0x17ff:pred=0x80:exp=0x1bff
ex286,13,8,reverse_comp_all,comp_reverse,13,2048,0,0.006348,x=0x1:p=0xfff:pred=0x1fbf:exp=0x1fef;x=0x2:p=0x17ff:pred=0x1f7f:exp=0x1bff;x=0x3:p=0x7ff:pred=0x19ff:exp=0x1ffa
ex286,13,8,reverse_comp_all,pair_swap,0,2048,0,0.000000,x=0x0:p=0x1fff:pred=0x0:exp=0x1fff;x=0x1:p=0xfff:pred=0x80:exp=0x1fef;x=0x2:p=0x17ff:pred=0x10:exp=0x1bff
ex286,13,8,reverse_comp_all,comp_pair_swap,1,2048,0,0.000488,x=0x1:p=0xfff:pred=0x1f7f:exp=0x1fef;x=0x2:p=0x17ff:pred=0x1fef:exp=0x1bff;x=0x3:p=0x7ff:pred=0x1ff3:exp=0x1ffa
ex286,13,8,reverse_comp_except_split,identity,2,2048,0,0.000977,x=0x0:p=0x1fef:pred=0x0:exp=0x1fef;x=0x1:p=0xfef:pred=0x40:exp=0xfef;x=0x2:p=0x17ef:pred=0x20:exp=0x1bfe
ex286,13,8,reverse_comp_except_split,comp,0,2048,0,0.000000,x=0x0:p=0x1fef:pred=0x1fff:exp=0x1fef;x=0x1:p=0xfef:pred=0x1fbf:exp=0xfef;x=0x2:p=0x17ef:pred=0x1fdf:exp=0x1bfe
ex286,13,8,reverse_comp_except_split,reverse,1,2048,0,0.000488,x=0x0:p=0x1fef:pred=0x0:exp=0x1fef;x=0x1:p=0xfef:pred=0x40:exp=0xfef;x=0x2:p=0x17ef:pred=0x80:exp=0x1bfe
ex286,13,8,reverse_comp_except_split,comp_reverse,0,2048,0,0.000000,x=0x0:p=0x1fef:pred=0x1fff:exp=0x1fef;x=0x1:p=0xfef:pred=0x1fbf:exp=0xfef;x=0x2:p=0x17ef:pred=0x1f7f:exp=0x1bfe
ex286,13,8,reverse_comp_except_split,pair_swap,0,2048,0,0.000000,x=0x0:p=0x1fef:pred=0x0:exp=0x1fef;x=0x1:p=0xfef:pred=0x80:exp=0xfef;x=0x2:p=0x17ef:pred=0x10:exp=0x1bfe
ex286,13,8,reverse_comp_except_split,comp_pair_swap,0,2048,0,0.000000,x=0x0:p=0x1fef:pred=0x1fff:exp=0x1fef;x=0x1:p=0xfef:pred=0x1f7f:exp=0xfef;x=0x2:p=0x17ef:pred=0x1fef:exp=0x1bfe
ex286,13,8,reverse,identity,3,2048,0,0.001465,x=0x10:p=0x100:pred=0x800:exp=0x8;x=0x11:p=0x1100:pred=0x440:exp=0x900;x=0x12:p=0x900:pred=0x220:exp=0xa
ex286,13,8,reverse,comp,0,2048,0,0.000000,x=0x10:p=0x100:pred=0x17ff:exp=0x8;x=0x11:p=0x1100:pred=0x1bbf:exp=0x900;x=0x12:p=0x900:pred=0x1ddf:exp=0xa
ex286,13,8,reverse,reverse,12,2048,0,0.005859,x=0x10:p=0x100:pred=0x2:exp=0x8;x=0x11:p=0x1100:pred=0x44:exp=0x900;x=0x12:p=0x900:pred=0x88:exp=0xa
ex286,13,8,reverse,comp_reverse,0,2048,0,0.000000,x=0x10:p=0x100:pred=0x1ffd:exp=0x8;x=0x11:p=0x1100:pred=0x1fbb:exp=0x900;x=0x12:p=0x900:pred=0x1f77:exp=0xa
ex286,13,8,reverse,pair_swap,3,2048,0,0.001465,x=0x10:p=0x100:pred=0x800:exp=0x8;x=0x11:p=0x1100:pred=0x480:exp=0x900;x=0x12:p=0x900:pred=0x210:exp=0xa
ex286,13,8,reverse,comp_pair_swap,0,2048,0,0.000000,x=0x10:p=0x100:pred=0x17ff:exp=0x8;x=0x11:p=0x1100:pred=0x1b7f:exp=0x900;x=0x12:p=0x900:pred=0x1def:exp=0xa
ex286,13,9,comp_all,identity,0,4096,0,0.000000,x=0x0:p=0x1fff:pred=0x0:exp=0x1fff;x=0x1:p=0x1ffe:pred=0x40:exp=0x1ffd;x=0x2:p=0x1ffd:pred=0x20:exp=0x1ffb
ex286,13,9,comp_all,comp,1,4096,0,0.000244,x=0x1:p=0x1ffe:pred=0x1fbf:exp=0x1ffd;x=0x2:p=0x1ffd:pred=0x1fdf:exp=0x1ffb;x=0x3:p=0x1ffc:pred=0x1ff3:exp=0xfdf
ex286,13,9,comp_all,reverse,0,4096,0,0.000000,x=0x0:p=0x1fff:pred=0x0:exp=0x1fff;x=0x1:p=0x1ffe:pred=0x40:exp=0x1ffd;x=0x2:p=0x1ffd:pred=0x80:exp=0x1ffb
ex286,13,9,comp_all,comp_reverse,4,4096,0,0.000977,x=0x1:p=0x1ffe:pred=0x1fbf:exp=0x1ffd;x=0x2:p=0x1ffd:pred=0x1f7f:exp=0x1ffb;x=0x3:p=0x1ffc:pred=0x19ff:exp=0xfdf
ex286,13,9,comp_all,pair_swap,0,4096,0,0.000000,x=0x0:p=0x1fff:pred=0x0:exp=0x1fff;x=0x1:p=0x1ffe:pred=0x80:exp=0x1ffd;x=0x2:p=0x1ffd:pred=0x10:exp=0x1ffb
ex286,13,9,comp_all,comp_pair_swap,1,4096,0,0.000244,x=0x1:p=0x1ffe:pred=0x1f7f:exp=0x1ffd;x=0x2:p=0x1ffd:pred=0x1fef:exp=0x1ffb;x=0x3:p=0x1ffc:pred=0x1ff3:exp=0xfdf
ex286,13,9,reverse_comp_all,identity,0,2048,0,0.000000,x=0x0:p=0x1fff:pred=0x0:exp=0x1fff;x=0x1:p=0xfff:pred=0x40:exp=0x1fef;x=0x2:p=0x17ff:pred=0x20:exp=0x1bff
ex286,13,9,reverse_comp_all,comp,6,2048,0,0.002930,x=0x1:p=0xfff:pred=0x1fbf:exp=0x1fef;x=0x2:p=0x17ff:pred=0x1fdf:exp=0x1bff;x=0x3:p=0x7ff:pred=0x1ff3:exp=0x1ffa
ex286,13,9,reverse_comp_all,reverse,0,2048,0,0.000000,x=0x0:p=0x1fff:pred=0x0:exp=0x1fff;x=0x1:p=0xfff:pred=0x40:exp=0x1fef;x=0x2:p=0x17ff:pred=0x80:exp=0x1bff
ex286,13,9,reverse_comp_all,comp_reverse,6,2048,0,0.002930,x=0x1:p=0xfff:pred=0x1fbf:exp=0x1fef;x=0x2:p=0x17ff:pred=0x1f7f:exp=0x1bff;x=0x3:p=0x7ff:pred=0x19ff:exp=0x1ffa
ex286,13,9,reverse_comp_all,pair_swap,0,2048,0,0.000000,x=0x0:p=0x1fff:pred=0x0:exp=0x1fff;x=0x1:p=0xfff:pred=0x80:exp=0x1fef;x=0x2:p=0x17ff:pred=0x10:exp=0x1bff
ex286,13,9,reverse_comp_all,comp_pair_swap,1,2048,0,0.000488,x=0x1:p=0xfff:pred=0x1f7f:exp=0x1fef;x=0x2:p=0x17ff:pred=0x1fef:exp=0x1bff;x=0x3:p=0x7ff:pred=0x1ff3:exp=0x1ffa
ex286,13,9,reverse_comp_except_split,identity,0,2048,0,0.000000,x=0x0:p=0x1ff7:pred=0x0:exp=0x1bff;x=0x1:p=0xff7:pred=0x40:exp=0xffb;x=0x2:p=0x17f7:pred=0x20:exp=0x1fbb
ex286,13,9,reverse_comp_except_split,comp,0,2048,0,0.000000,x=0x0:p=0x1ff7:pred=0x1fff:exp=0x1bff;x=0x1:p=0xff7:pred=0x1fbf:exp=0xffb;x=0x2:p=0x17f7:pred=0x1fdf:exp=0x1fbb
ex286,13,9,reverse_comp_except_split,reverse,0,2048,0,0.000000,x=0x0:p=0x1ff7:pred=0x0:exp=0x1bff;x=0x1:p=0xff7:pred=0x40:exp=0xffb;x=0x2:p=0x17f7:pred=0x80:exp=0x1fbb
ex286,13,9,reverse_comp_except_split,comp_reverse,0,2048,0,0.000000,x=0x0:p=0x1ff7:pred=0x1fff:exp=0x1bff;x=0x1:p=0xff7:pred=0x1fbf:exp=0xffb;x=0x2:p=0x17f7:pred=0x1f7f:exp=0x1fbb
ex286,13,9,reverse_comp_except_split,pair_swap,0,2048,0,0.000000,x=0x0:p=0x1ff7:pred=0x0:exp=0x1bff;x=0x1:p=0xff7:pred=0x80:exp=0xffb;x=0x2:p=0x17f7:pred=0x10:exp=0x1fbb
ex286,13,9,reverse_comp_except_split,comp_pair_swap,0,2048,0,0.000000,x=0x0:p=0x1ff7:pred=0x1fff:exp=0x1bff;x=0x1:p=0xff7:pred=0x1f7f:exp=0xffb;x=0x2:p=0x17f7:pred=0x1fef:exp=0x1fbb
ex286,13,9,reverse,identity,2,2048,0,0.000977,x=0x8:p=0x200:pred=0x20:exp=0x4;x=0x9:p=0x1200:pred=0x50:exp=0x500;x=0xa:p=0xa00:pred=0xa0:exp=0x5
ex286,13,9,reverse,comp,0,2048,0,0.000000,x=0x8:p=0x200:pred=0x1fdf:exp=0x4;x=0x9:p=0x1200:pred=0x1faf:exp=0x500;x=0xa:p=0xa00:pred=0x1f5f:exp=0x5
ex286,13,9,reverse,reverse,4,2048,0,0.001953,x=0x8:p=0x200:pred=0x80:exp=0x4;x=0x9:p=0x1200:pred=0x140:exp=0x500;x=0xa:p=0xa00:pred=0xa0:exp=0x5
ex286,13,9,reverse,comp_reverse,0,2048,0,0.000000,x=0x8:p=0x200:pred=0x1f7f:exp=0x4;x=0x9:p=0x1200:pred=0x1ebf:exp=0x500;x=0xa:p=0xa00:pred=0x1f5f:exp=0x5
ex286,13,9,reverse,pair_swap,2,2048,0,0.000977,x=0x8:p=0x200:pred=0x10:exp=0x4;x=0x9:p=0x1200:pred=0xa0:exp=0x500;x=0xa:p=0xa00:pred=0x50:exp=0x5
ex286,13,9,reverse,comp_pair_swap,0,2048,0,0.000000,x=0x8:p=0x200:pred=0x1fef:exp=0x4;x=0x9:p=0x1200:pred=0x1f5f:exp=0x500;x=0xa:p=0xa00:pred=0x1faf:exp=0x5
ex286,13,10,comp_all,identity,0,4096,0,0.000000,x=0x0:p=0x1fff:pred=0x0:exp=0x1fff;x=0x1:p=0x1ffe:pred=0x40:exp=0x1ffd;x=0x2:p=0x1ffd:pred=0x20:exp=0x1ffb
ex286,13,10,comp_all,comp,1,4096,0,0.000244,x=0x1:p=0x1ffe:pred=0x1fbf:exp=0x1ffd;x=0x2:p=0x1ffd:pred=0x1fdf:exp=0x1ffb;x=0x3:p=0x1ffc:pred=0x1ff3:exp=0xfdf
ex286,13,10,comp_all,reverse,0,4096,0,0.000000,x=0x0:p=0x1fff:pred=0x0:exp=0x1fff;x=0x1:p=0x1ffe:pred=0x40:exp=0x1ffd;x=0x2:p=0x1ffd:pred=0x80:exp=0x1ffb
ex286,13,10,comp_all,comp_reverse,4,4096,0,0.000977,x=0x1:p=0x1ffe:pred=0x1fbf:exp=0x1ffd;x=0x2:p=0x1ffd:pred=0x1f7f:exp=0x1ffb;x=0x3:p=0x1ffc:pred=0x19ff:exp=0xfdf
ex286,13,10,comp_all,pair_swap,0,4096,0,0.000000,x=0x0:p=0x1fff:pred=0x0:exp=0x1fff;x=0x1:p=0x1ffe:pred=0x80:exp=0x1ffd;x=0x2:p=0x1ffd:pred=0x10:exp=0x1ffb
ex286,13,10,comp_all,comp_pair_swap,1,4096,0,0.000244,x=0x1:p=0x1ffe:pred=0x1f7f:exp=0x1ffd;x=0x2:p=0x1ffd:pred=0x1fef:exp=0x1ffb;x=0x3:p=0x1ffc:pred=0x1ff3:exp=0xfdf
ex286,13,10,reverse_comp_all,identity,0,2048,0,0.000000,x=0x0:p=0x1fff:pred=0x0:exp=0x1fff;x=0x1:p=0xfff:pred=0x40:exp=0x1fef;x=0x2:p=0x17ff:pred=0x20:exp=0x1bff
ex286,13,10,reverse_comp_all,comp,8,2048,0,0.003906,x=0x1:p=0xfff:pred=0x1fbf:exp=0x1fef;x=0x2:p=0x17ff:pred=0x1fdf:exp=0x1bff;x=0x3:p=0x7ff:pred=0x1ff3:exp=0x1ffa
ex286,13,10,reverse_comp_all,reverse,0,2048,0,0.000000,x=0x0:p=0x1fff:pred=0x0:exp=0x1fff;x=0x1:p=0xfff:pred=0x40:exp=0x1fef;x=0x2:p=0x17ff:pred=0x80:exp=0x1bff
ex286,13,10,reverse_comp_all,comp_reverse,12,2048,0,0.005859,x=0x1:p=0xfff:pred=0x1fbf:exp=0x1fef;x=0x2:p=0x17ff:pred=0x1f7f:exp=0x1bff;x=0x3:p=0x7ff:pred=0x19ff:exp=0x1ffa
ex286,13,10,reverse_comp_all,pair_swap,0,2048,0,0.000000,x=0x0:p=0x1fff:pred=0x0:exp=0x1fff;x=0x1:p=0xfff:pred=0x80:exp=0x1fef;x=0x2:p=0x17ff:pred=0x10:exp=0x1bff
ex286,13,10,reverse_comp_all,comp_pair_swap,1,2048,0,0.000488,x=0x1:p=0xfff:pred=0x1f7f:exp=0x1fef;x=0x2:p=0x17ff:pred=0x1fef:exp=0x1bff;x=0x3:p=0x7ff:pred=0x1ff3:exp=0x1ffa
ex286,13,10,reverse_comp_except_split,identity,3,2048,0,0.001465,x=0x0:p=0x1ffb:pred=0x0:exp=0x1fbf;x=0x1:p=0xffb:pred=0x40:exp=0x1fbe;x=0x2:p=0x17fb:pred=0x20:exp=0x1bfb
ex286,13,10,reverse_comp_except_split,comp,0,2048,0,0.000000,x=0x0:p=0x1ffb:pred=0x1fff:exp=0x1fbf;x=0x1:p=0xffb:pred=0x1fbf:exp=0x1fbe;x=0x2:p=0x17fb:pred=0x1fdf:exp=0x1bfb
ex286,13,10,reverse_comp_except_split,reverse,1,2048,0,0.000488,x=0x0:p=0x1ffb:pred=0x0:exp=0x1fbf;x=0x1:p=0xffb:pred=0x40:exp=0x1fbe;x=0x2:p=0x17fb:pred=0x80:exp=0x1bfb
ex286,13,10,reverse_comp_except_split,comp_reverse,0,2048,0,0.000000,x=0x0:p=0x1ffb:pred=0x1fff:exp=0x1fbf;x=0x1:p=0xffb:pred=0x1fbf:exp=0x1fbe;x=0x2:p=0x17fb:pred=0x1f7f:exp=0x1bfb
ex286,13,10,reverse_comp_except_split,pair_swap,0,2048,0,0.000000,x=0x0:p=0x1ffb:pred=0x0:exp=0x1fbf;x=0x1:p=0xffb:pred=0x80:exp=0x1fbe;x=0x2:p=0x17fb:pred=0x10:exp=0x1bfb
ex286,13,10,reverse_comp_except_split,comp_pair_swap,0,2048,0,0.000000,x=0x0:p=0x1ffb:pred=0x1fff:exp=0x1fbf;x=0x1:p=0xffb:pred=0x1f7f:exp=0x1fbe;x=0x2:p=0x17fb:pred=0x1fef:exp=0x1bfb
ex286,13,10,reverse,identity,2,2048,0,0.000977,x=0x4:p=0x400:pred=0x200:exp=0x8;x=0x5:p=0x1400:pred=0x500:exp=0x900;x=0x6:p=0xc00:pred=0xa00:exp=0xc
ex286,13,10,reverse,comp,0,2048,0,0.000000,x=0x4:p=0x400:pred=0x1dff:exp=0x8;x=0x5:p=0x1400:pred=0x1aff:exp=0x900;x=0x6:p=0xc00:pred=0x15ff:exp=0xc
ex286,13,10,reverse,reverse,11,2048,0,0.005371,x=0x5:p=0x1400:pred=0x14:exp=0x900;x=0x6:p=0xc00:pred=0xa:exp=0xc;x=0x7:p=0x1c00:pred=0x70:exp=0x1c00
ex286,13,10,reverse,comp_reverse,0,2048,0,0.000000,x=0x4:p=0x400:pred=0x1ff7:exp=0x8;x=0x5:p=0x1400:pred=0x1feb:exp=0x900;x=0x6:p=0xc00:pred=0x1ff5:exp=0xc
ex286,13,10,reverse,pair_swap,2,2048,0,0.000977,x=0x4:p=0x400:pred=0x200:exp=0x8;x=0x5:p=0x1400:pred=0x500:exp=0x900;x=0x6:p=0xc00:pred=0xa00:exp=0xc
ex286,13,10,reverse,comp_pair_swap,0,2048,0,0.000000,x=0x4:p=0x400:pred=0x1dff:exp=0x8;x=0x5:p=0x1400:pred=0x1aff:exp=0x900;x=0x6:p=0xc00:pred=0x15ff:exp=0xc
ex286,13,11,comp_all,identity,0,4096,0,0.000000,x=0x0:p=0x1fff:pred=0x0:exp=0x1fff;x=0x1:p=0x1ffe:pred=0x40:exp=0x1ffd;x=0x2:p=0x1ffd:pred=0x20:exp=0x1ffb
ex286,13,11,comp_all,comp,1,4096,0,0.000244,x=0x1:p=0x1ffe:pred=0x1fbf:exp=0x1ffd;x=0x2:p=0x1ffd:pred=0x1fdf:exp=0x1ffb;x=0x3:p=0x1ffc:pred=0x1ff3:exp=0xfdf
ex286,13,11,comp_all,reverse,0,4096,0,0.000000,x=0x0:p=0x1fff:pred=0x0:exp=0x1fff;x=0x1:p=0x1ffe:pred=0x40:exp=0x1ffd;x=0x2:p=0x1ffd:pred=0x80:exp=0x1ffb
ex286,13,11,comp_all,comp_reverse,4,4096,0,0.000977,x=0x1:p=0x1ffe:pred=0x1fbf:exp=0x1ffd;x=0x2:p=0x1ffd:pred=0x1f7f:exp=0x1ffb;x=0x3:p=0x1ffc:pred=0x19ff:exp=0xfdf
ex286,13,11,comp_all,pair_swap,0,4096,0,0.000000,x=0x0:p=0x1fff:pred=0x0:exp=0x1fff;x=0x1:p=0x1ffe:pred=0x80:exp=0x1ffd;x=0x2:p=0x1ffd:pred=0x10:exp=0x1ffb
ex286,13,11,comp_all,comp_pair_swap,1,4096,0,0.000244,x=0x1:p=0x1ffe:pred=0x1f7f:exp=0x1ffd;x=0x2:p=0x1ffd:pred=0x1fef:exp=0x1ffb;x=0x3:p=0x1ffc:pred=0x1ff3:exp=0xfdf
ex286,13,11,reverse_comp_all,identity,0,2048,0,0.000000,x=0x0:p=0x1fff:pred=0x0:exp=0x1fff;x=0x1:p=0xfff:pred=0x40:exp=0x1fef;x=0x4:p=0x1bff:pred=0x200:exp=0x1eff
ex286,13,11,reverse_comp_all,comp,4,2048,0,0.001953,x=0x1:p=0xfff:pred=0x1fbf:exp=0x1fef;x=0x4:p=0x1bff:pred=0x1dff:exp=0x1eff;x=0x5:p=0xbff:pred=0x1aff:exp=0x1fee
ex286,13,11,reverse_comp_all,reverse,0,2048,0,0.000000,x=0x0:p=0x1fff:pred=0x0:exp=0x1fff;x=0x1:p=0xfff:pred=0x40:exp=0x1fef;x=0x4:p=0x1bff:pred=0x8:exp=0x1eff
ex286,13,11,reverse_comp_all,comp_reverse,11,2048,0,0.005371,x=0x1:p=0xfff:pred=0x1fbf:exp=0x1fef;x=0x4:p=0x1bff:pred=0x1ff7:exp=0x1eff;x=0x5:p=0xbff:pred=0x1feb:exp=0x1fee
ex286,13,11,reverse_comp_all,pair_swap,0,2048,0,0.000000,x=0x0:p=0x1fff:pred=0x0:exp=0x1fff;x=0x1:p=0xfff:pred=0x80:exp=0x1fef;x=0x4:p=0x1bff:pred=0x200:exp=0x1eff
ex286,13,11,reverse_comp_all,comp_pair_swap,1,2048,0,0.000488,x=0x1:p=0xfff:pred=0x1f7f:exp=0x1fef;x=0x4:p=0x1bff:pred=0x1dff:exp=0x1eff;x=0x5:p=0xbff:pred=0x1aff:exp=0x1fee
ex286,13,11,reverse_comp_except_split,identity,1,2048,0,0.000488,x=0x0:p=0x1ffd:pred=0x0:exp=0x1ffb;x=0x1:p=0xffd:pred=0x40:exp=0x1bef;x=0x4:p=0x1bfd:pred=0x200:exp=0x1bfe
ex286,13,11,reverse_comp_except_split,comp,0,2048,0,0.000000,x=0x0:p=0x1ffd:pred=0x1fff:exp=0x1ffb;x=0x1:p=0xffd:pred=0x1fbf:exp=0x1bef;x=0x4:p=0x1bfd:pred=0x1dff:exp=0x1bfe
ex286,13,11,reverse_comp_except_split,reverse,1,2048,0,0.000488,x=0x0:p=0x1ffd:pred=0x0:exp=0x1ffb;x=0x1:p=0xffd:pred=0x40:exp=0x1bef;x=0x4:p=0x1bfd:pred=0x8:exp=0x1bfe
ex286,13,11,reverse_comp_except_split,comp_reverse,0,2048,0,0.000000,x=0x0:p=0x1ffd:pred=0x1fff:exp=0x1ffb;x=0x1:p=0xffd:pred=0x1fbf:exp=0x1bef;x=0x4:p=0x1bfd:pred=0x1ff7:exp=0x1bfe
ex286,13,11,reverse_comp_except_split,pair_swap,0,2048,0,0.000000,x=0x0:p=0x1ffd:pred=0x0:exp=0x1ffb;x=0x1:p=0xffd:pred=0x80:exp=0x1bef;x=0x4:p=0x1bfd:pred=0x200:exp=0x1bfe
ex286,13,11,reverse_comp_except_split,comp_pair_swap,0,2048,0,0.000000,x=0x0:p=0x1ffd:pred=0x1fff:exp=0x1ffb;x=0x1:p=0xffd:pred=0x1f7f:exp=0x1bef;x=0x4:p=0x1bfd:pred=0x1dff:exp=0x1bfe
ex286,13,11,reverse,identity,1,2048,0,0.000488,x=0x2:p=0x800:pred=0x20:exp=0x2;x=0x3:p=0x1800:pred=0xc:exp=0x300;x=0x6:p=0xc00:pred=0xa00:exp=0xc
ex286,13,11,reverse,comp,0,2048,0,0.000000,x=0x2:p=0x800:pred=0x1fdf:exp=0x2;x=0x3:p=0x1800:pred=0x1ff3:exp=0x300;x=0x6:p=0xc00:pred=0x15ff:exp=0xc
ex286,13,11,reverse,reverse,11,2048,0,0.005371,x=0x2:p=0x800:pred=0x80:exp=0x2;x=0x3:p=0x1800:pred=0x600:exp=0x300;x=0x6:p=0xc00:pred=0xa:exp=0xc
ex286,13,11,reverse,comp_reverse,0,2048,0,0.000000,x=0x2:p=0x800:pred=0x1f7f:exp=0x2;x=0x3:p=0x1800:pred=0x19ff:exp=0x300;x=0x6:p=0xc00:pred=0x1ff5:exp=0xc
ex286,13,11,reverse,pair_swap,1,2048,0,0.000488,x=0x2:p=0x800:pred=0x10:exp=0x2;x=0x3:p=0x1800:pred=0xc:exp=0x300;x=0x6:p=0xc00:pred=0xa00:exp=0xc
ex286,13,11,reverse,comp_pair_swap,0,2048,0,0.000000,x=0x2:p=0x800:pred=0x1fef:exp=0x2;x=0x3:p=0x1800:pred=0x1ff3:exp=0x300;x=0x6:p=0xc00:pred=0x15ff:exp=0xc
ex286,13,12,comp_all,identity,0,4096,0,0.000000,x=0x0:p=0x1fff:pred=0x0:exp=0x1fff;x=0x1:p=0x1ffe:pred=0x40:exp=0x1ffd;x=0x2:p=0x1ffd:pred=0x20:exp=0x1ffb
ex286,13,12,comp_all,comp,1,4096,0,0.000244,x=0x1:p=0x1ffe:pred=0x1fbf:exp=0x1ffd;x=0x2:p=0x1ffd:pred=0x1fdf:exp=0x1ffb;x=0x3:p=0x1ffc:pred=0x1ff3:exp=0xfdf
ex286,13,12,comp_all,reverse,0,4096,0,0.000000,x=0x0:p=0x1fff:pred=0x0:exp=0x1fff;x=0x1:p=0x1ffe:pred=0x40:exp=0x1ffd;x=0x2:p=0x1ffd:pred=0x80:exp=0x1ffb
ex286,13,12,comp_all,comp_reverse,4,4096,0,0.000977,x=0x1:p=0x1ffe:pred=0x1fbf:exp=0x1ffd;x=0x2:p=0x1ffd:pred=0x1f7f:exp=0x1ffb;x=0x3:p=0x1ffc:pred=0x19ff:exp=0xfdf
ex286,13,12,comp_all,pair_swap,0,4096,0,0.000000,x=0x0:p=0x1fff:pred=0x0:exp=0x1fff;x=0x1:p=0x1ffe:pred=0x80:exp=0x1ffd;x=0x2:p=0x1ffd:pred=0x10:exp=0x1ffb
ex286,13,12,comp_all,comp_pair_swap,1,4096,0,0.000244,x=0x1:p=0x1ffe:pred=0x1f7f:exp=0x1ffd;x=0x2:p=0x1ffd:pred=0x1fef:exp=0x1ffb;x=0x3:p=0x1ffc:pred=0x1ff3:exp=0xfdf
ex286,13,12,reverse_comp_all,identity,0,2048,0,0.000000,x=0x0:p=0x1fff:pred=0x0:exp=0x1fff;x=0x2:p=0x17ff:pred=0x20:exp=0x1bff;x=0x4:p=0x1bff:pred=0x200:exp=0x1eff
ex286,13,12,reverse_comp_all,comp,7,2048,0,0.003418,x=0x2:p=0x17ff:pred=0x1fdf:exp=0x1bff;x=0x4:p=0x1bff:pred=0x1dff:exp=0x1eff;x=0x6:p=0x13ff:pred=0x15ff:exp=0x1cff
ex286,13,12,reverse_comp_all,reverse,0,2048,0,0.000000,x=0x0:p=0x1fff:pred=0x0:exp=0x1fff;x=0x2:p=0x17ff:pred=0x80:exp=0x1bff;x=0x4:p=0x1bff:pred=0x8:exp=0x1eff
ex286,13,12,reverse_comp_all,comp_reverse,14,2048,0,0.006836,x=0x2:p=0x17ff:pred=0x1f7f:exp=0x1bff;x=0x4:p=0x1bff:pred=0x1ff7:exp=0x1eff;x=0x6:p=0x13ff:pred=0x1ff5:exp=0x1cff
ex286,13,12,reverse_comp_all,pair_swap,0,2048,0,0.000000,x=0x0:p=0x1fff:pred=0x0:exp=0x1fff;x=0x2:p=0x17ff:pred=0x10:exp=0x1bff;x=0x4:p=0x1bff:pred=0x200:exp=0x1eff
ex286,13,12,reverse_comp_all,comp_pair_swap,1,2048,0,0.000488,x=0x2:p=0x17ff:pred=0x1fef:exp=0x1bff;x=0x4:p=0x1bff:pred=0x1dff:exp=0x1eff;x=0x6:p=0x13ff:pred=0x15ff:exp=0x1cff
ex286,13,12,reverse_comp_except_split,identity,1,2048,0,0.000488,x=0x0:p=0x1ffe:pred=0x0:exp=0x1ffd;x=0x2:p=0x17fe:pred=0x20:exp=0x17df;x=0x4:p=0x1bfe:pred=0x200:exp=0x1df7
ex286,13,12,reverse_comp_except_split,comp,0,2048,0,0.000000,x=0x0:p=0x1ffe:pred=0x1fff:exp=0x1ffd;x=0x2:p=0x17fe:pred=0x1fdf:exp=0x17df;x=0x4:p=0x1bfe:pred=0x1dff:exp=0x1df7
ex286,13,12,reverse_comp_except_split,reverse,1,2048,0,0.000488,x=0x0:p=0x1ffe:pred=0x0:exp=0x1ffd;x=0x2:p=0x17fe:pred=0x80:exp=0x17df;x=0x4:p=0x1bfe:pred=0x8:exp=0x1df7
ex286,13,12,reverse_comp_except_split,comp_reverse,0,2048,0,0.000000,x=0x0:p=0x1ffe:pred=0x1fff:exp=0x1ffd;x=0x2:p=0x17fe:pred=0x1f7f:exp=0x17df;x=0x4:p=0x1bfe:pred=0x1ff7:exp=0x1df7
ex286,13,12,reverse_comp_except_split,pair_swap,0,2048,0,0.000000,x=0x0:p=0x1ffe:pred=0x0:exp=0x1ffd;x=0x2:p=0x17fe:pred=0x10:exp=0x17df;x=0x4:p=0x1bfe:pred=0x200:exp=0x1df7
ex286,13,12,reverse_comp_except_split,comp_pair_swap,0,2048,0,0.000000,x=0x0:p=0x1ffe:pred=0x1fff:exp=0x1ffd;x=0x2:p=0x17fe:pred=0x1fef:exp=0x17df;x=0x4:p=0x1bfe:pred=0x1dff:exp=0x1df7
ex286,13,12,reverse,identity,2,2048,0,0.000977,x=0x1:p=0x1000:pred=0x40:exp=0x100;x=0x3:p=0x1800:pred=0xc:exp=0x300;x=0x5:p=0x1400:pred=0x500:exp=0x900
ex286,13,12,reverse,comp,0,2048,0,0.000000,x=0x1:p=0x1000:pred=0x1fbf:exp=0x100;x=0x3:p=0x1800:pred=0x1ff3:exp=0x300;x=0x5:p=0x1400:pred=0x1aff:exp=0x900
ex286,13,12,reverse,reverse,4,2048,0,0.001953,x=0x1:p=0x1000:pred=0x40:exp=0x100;x=0x3:p=0x1800:pred=0x600:exp=0x300;x=0x5:p=0x1400:pred=0x14:exp=0x900
ex286,13,12,reverse,comp_reverse,0,2048,0,0.000000,x=0x1:p=0x1000:pred=0x1fbf:exp=0x100;x=0x3:p=0x1800:pred=0x19ff:exp=0x300;x=0x5:p=0x1400:pred=0x1feb:exp=0x900
ex286,13,12,reverse,pair_swap,2,2048,0,0.000977,x=0x1:p=0x1000:pred=0x80:exp=0x100;x=0x3:p=0x1800:pred=0xc:exp=0x300;x=0x5:p=0x1400:pred=0x500:exp=0x900
ex286,13,12,reverse,comp_pair_swap,0,2048,0,0.000000,x=0x1:p=0x1000:pred=0x1f7f:exp=0x100;x=0x3:p=0x1800:pred=0x1ff3:exp=0x300;x=0x5:p=0x1400:pred=0x1aff:exp=0x900
ex287,14,0,comp_all,identity,228,8192,0,0.027832,x=0x0:p=0x3fff:pred=0x0:exp=0x3fff;x=0x2:p=0x3ffd:pred=0x2000:exp=0x3ffb;x=0x4:p=0x3ffb:pred=0x200:exp=0x3fbf
ex287,14,0,comp_all,comp,1,8192,0,0.000122,x=0x2:p=0x3ffd:pred=0x1fff:exp=0x3ffb;x=0x4:p=0x3ffb:pred=0x3dff:exp=0x3fbf;x=0x6:p=0x3ff9:pred=0x35ff:exp=0x3faf
ex287,14,0,comp_all,reverse,0,8192,0,0.000000,x=0x0:p=0x3fff:pred=0x0:exp=0x3fff;x=0x2:p=0x3ffd:pred=0x1:exp=0x3ffb;x=0x4:p=0x3ffb:pred=0x10:exp=0x3fbf
ex287,14,0,comp_all,comp_reverse,216,8192,0,0.026367,x=0x2:p=0x3ffd:pred=0x3ffe:exp=0x3ffb;x=0x4:p=0x3ffb:pred=0x3fef:exp=0x3fbf;x=0x6:p=0x3ff9:pred=0x3feb:exp=0x3faf
ex287,14,0,comp_all,pair_swap,20,8192,0,0.002441,x=0x0:p=0x3fff:pred=0x0:exp=0x3fff;x=0x2:p=0x3ffd:pred=0x2000:exp=0x3ffb;x=0x4:p=0x3ffb:pred=0x100:exp=0x3fbf
ex287,14,0,comp_all,comp_pair_swap,1,8192,0,0.000122,x=0x2:p=0x3ffd:pred=0x1fff:exp=0x3ffb;x=0x4:p=0x3ffb:pred=0x3eff:exp=0x3fbf;x=0x6:p=0x3ff9:pred=0x36ff:exp=0x3faf
ex287,14,0,reverse_comp_all,identity,34,4096,0,0.008301,x=0x0:p=0x3fff:pred=0x0:exp=0x3fff;x=0x2:p=0x2fff:pred=0x2000:exp=0x3eff;x=0x4:p=0x37ff:pred=0x200:exp=0x3eff
ex287,14,0,reverse_comp_all,comp,112,4096,0,0.027344,x=0x2:p=0x2fff:pred=0x1fff:exp=0x3eff;x=0x4:p=0x37ff:pred=0x3dff:exp=0x3eff;x=0x6:p=0x27ff:pred=0x35ff:exp=0x2eff
ex287,14,0,reverse_comp_all,reverse,16,4096,0,0.003906,x=0x0:p=0x3fff:pred=0x0:exp=0x3fff;x=0x2:p=0x2fff:pred=0x1:exp=0x3eff;x=0x4:p=0x37ff:pred=0x10:exp=0x3eff
ex287,14,0,reverse_comp_all,comp_reverse,38,4096,0,0.009277,x=0x2:p=0x2fff:pred=0x3ffe:exp=0x3eff;x=0x4:p=0x37ff:pred=0x3fef:exp=0x3eff;x=0x6:p=0x27ff:pred=0x3feb:exp=0x2eff
ex287,14,0,reverse_comp_all,pair_swap,2,4096,0,0.000488,x=0x0:p=0x3fff:pred=0x0:exp=0x3fff;x=0x2:p=0x2fff:pred=0x2000:exp=0x3eff;x=0x4:p=0x37ff:pred=0x100:exp=0x3eff
ex287,14,0,reverse_comp_all,comp_pair_swap,13,4096,0,0.003174,x=0x2:p=0x2fff:pred=0x1fff:exp=0x3eff;x=0x6:p=0x27ff:pred=0x36ff:exp=0x2eff;x=0x8:p=0x3bff:pred=0x3fef:exp=0x37ff
ex287,14,0,reverse_comp_except_split,identity,0,4096,0,0.000000,x=0x0:p=0x1fff:pred=0x0:exp=0x3fef;x=0x2:p=0xfff:pred=0x2000:exp=0x3ffc;x=0x4:p=0x17ff:pred=0x200:exp=0x3fee
ex287,14,0,reverse_comp_except_split,comp,0,4096,0,0.000000,x=0x0:p=0x1fff:pred=0x3fff:exp=0x3fef;x=0x2:p=0xfff:pred=0x1fff:exp=0x3ffc;x=0x4:p=0x17ff:pred=0x3dff:exp=0x3fee
ex287,14,0,reverse_comp_except_split,reverse,0,4096,0,0.000000,x=0x0:p=0x1fff:pred=0x0:exp=0x3fef;x=0x2:p=0xfff:pred=0x1:exp=0x3ffc;x=0x4:p=0x17ff:pred=0x10:exp=0x3fee
ex287,14,0,reverse_comp_except_split,comp_reverse,0,4096,0,0.000000,x=0x0:p=0x1fff:pred=0x3fff:exp=0x3fef;x=0x2:p=0xfff:pred=0x3ffe:exp=0x3ffc;x=0x4:p=0x17ff:pred=0x3fef:exp=0x3fee
ex287,14,0,reverse_comp_except_split,pair_swap,0,4096,0,0.000000,x=0x0:p=0x1fff:pred=0x0:exp=0x3fef;x=0x2:p=0xfff:pred=0x2000:exp=0x3ffc;x=0x4:p=0x17ff:pred=0x100:exp=0x3fee
ex287,14,0,reverse_comp_except_split,comp_pair_swap,0,4096,0,0.000000,x=0x0:p=0x1fff:pred=0x3fff:exp=0x3fef;x=0x2:p=0xfff:pred=0x1fff:exp=0x3ffc;x=0x4:p=0x17ff:pred=0x3eff:exp=0x3fee
ex287,14,0,reverse,identity,68,4096,0,0.016602,x=0x2000:p=0x1:pred=0x200:exp=0x40;x=0x2002:p=0x1001:pred=0x220:exp=0x410;x=0x2004:p=0x801:pred=0x2002:exp=0x1004
ex287,14,0,reverse,comp,56,4096,0,0.013672,x=0x2000:p=0x1:pred=0x3dff:exp=0x40;x=0x2002:p=0x1001:pred=0x3ddf:exp=0x410;x=0x2004:p=0x801:pred=0x1ffd:exp=0x1004
ex287,14,0,reverse,reverse,43,4096,0,0.010498,x=0x2000:p=0x1:pred=0x10:exp=0x40;x=0x2002:p=0x1001:pred=0x110:exp=0x410;x=0x2004:p=0x801:pred=0x1001:exp=0x1004
ex287,14,0,reverse,comp_reverse,16,4096,0,0.003906,x=0x2000:p=0x1:pred=0x3fef:exp=0x40;x=0x2002:p=0x1001:pred=0x3eef:exp=0x410;x=0x2004:p=0x801:pred=0x2ffe:exp=0x1004
ex287,14,0,reverse,pair_swap,11,4096,0,0.002686,x=0x2000:p=0x1:pred=0x100:exp=0x40;x=0x2002:p=0x1001:pred=0x110:exp=0x410;x=0x2004:p=0x801:pred=0x2002:exp=0x1004
ex287,14,0,reverse,comp_pair_swap,1,4096,0,0.000244,x=0x2000:p=0x1:pred=0x3eff:exp=0x40;x=0x2002:p=0x1001:pred=0x3eef:exp=0x410;x=0x2004:p=0x801:pred=0x1ffd:exp=0x1004
ex287,14,1,comp_all,identity,228,8192,0,0.027832,x=0x0:p=0x3fff:pred=0x0:exp=0x3fff;x=0x1:p=0x3ffe:pred=0x40:exp=0x3ffd;x=0x4:p=0x3ffb:pred=0x200:exp=0x3fbf
ex287,14,1,comp_all,comp,1,8192,0,0.000122,x=0x1:p=0x3ffe:pred=0x3fbf:exp=0x3ffd;x=0x4:p=0x3ffb:pred=0x3dff:exp=0x3fbf;x=0x5:p=0x3ffa:pred=0x3aff:exp=0x3f5f
ex287,14,1,comp_all,reverse,0,8192,0,0.000000,x=0x0:p=0x3fff:pred=0x0:exp=0x3fff;x=0x1:p=0x3ffe:pred=0x80:exp=0x3ffd;x=0x4:p=0x3ffb:pred=0x10:exp=0x3fbf
ex287,14,1,comp_all,comp_reverse,216,8192,0,0.026367,x=0x1:p=0x3ffe:pred=0x3f7f:exp=0x3ffd;x=0x4:p=0x3ffb:pred=0x3fef:exp=0x3fbf;x=0x5:p=0x3ffa:pred=0x3fd7:exp=0x3f5f
ex287,14,1,comp_all,pair_swap,20,8192,0,0.002441,x=0x0:p=0x3fff:pred=0x0:exp=0x3fff;x=0x1:p=0x3ffe:pred=0x80:exp=0x3ffd;x=0x4:p=0x3ffb:pred=0x100:exp=0x3fbf
ex287,14,1,comp_all,comp_pair_swap,1,8192,0,0.000122,x=0x1:p=0x3ffe:pred=0x3f7f:exp=0x3ffd;x=0x4:p=0x3ffb:pred=0x3eff:exp=0x3fbf;x=0x5:p=0x3ffa:pred=0x39ff:exp=0x3f5f
ex287,14,1,reverse_comp_all,identity,34,4096,0,0.008301,x=0x0:p=0x3fff:pred=0x0:exp=0x3fff;x=0x1:p=0x1fff:pred=0x40:exp=0x3fef;x=0x4:p=0x37ff:pred=0x200:exp=0x3eff
ex287,14,1,reverse_comp_all,comp,112,4096,0,0.027344,x=0x1:p=0x1fff:pred=0x3fbf:exp=0x3fef;x=0x4:p=0x37ff:pred=0x3dff:exp=0x3eff;x=0x5:p=0x17ff:pred=0x3aff:exp=0x3fee
ex287,14,1,reverse_comp_all,reverse,16,4096,0,0.003906,x=0x0:p=0x3fff:pred=0x0:exp=0x3fff;x=0x1:p=0x1fff:pred=0x80:exp=0x3fef;x=0x4:p=0x37ff:pred=0x10:exp=0x3eff
ex287,14,1,reverse_comp_all,comp_reverse,30,4096,0,0.007324,x=0x1:p=0x1fff:pred=0x3f7f:exp=0x3fef;x=0x4:p=0x37ff:pred=0x3fef:exp=0x3eff;x=0x5:p=0x17ff:pred=0x3fd7:exp=0x3fee
ex287,14,1,reverse_comp_all,pair_swap,2,4096,0,0.000488,x=0x0:p=0x3fff:pred=0x0:exp=0x3fff;x=0x1:p=0x1fff:pred=0x80:exp=0x3fef;x=0x4:p=0x37ff:pred=0x100:exp=0x3eff
ex287,14,1,reverse_comp_all,comp_pair_swap,13,4096,0,0.003174,x=0x1:p=0x1fff:pred=0x3f7f:exp=0x3fef;x=0x5:p=0x17ff:pred=0x39ff:exp=0x3fee;x=0x8:p=0x3bff:pred=0x3fef:exp=0x37ff
ex287,14,1,reverse_comp_except_split,identity,0,4096,0,0.000000,x=0x0:p=0x2fff:pred=0x0:exp=0x3eff;x=0x1:p=0xfff:pred=0x40:exp=0x3ffc;x=0x4:p=0x27ff:pred=0x200:exp=0x2eff
ex287,14,1,reverse_comp_except_split,comp,0,4096,0,0.000000,x=0x0:p=0x2fff:pred=0x3fff:exp=0x3eff;x=0x1:p=0xfff:pred=0x3fbf:exp=0x3ffc;x=0x4:p=0x27ff:pred=0x3dff:exp=0x2eff
ex287,14,1,reverse_comp_except_split,reverse,0,4096,0,0.000000,x=0x0:p=0x2fff:pred=0x0:exp=0x3eff;x=0x1:p=0xfff:pred=0x80:exp=0x3ffc;x=0x4:p=0x27ff:pred=0x10:exp=0x2eff
ex287,14,1,reverse_comp_except_split,comp_reverse,0,4096,0,0.000000,x=0x0:p=0x2fff:pred=0x3fff:exp=0x3eff;x=0x1:p=0xfff:pred=0x3f7f:exp=0x3ffc;x=0x4:p=0x27ff:pred=0x3fef:exp=0x2eff
ex287,14,1,reverse_comp_except_split,pair_swap,0,4096,0,0.000000,x=0x0:p=0x2fff:pred=0x0:exp=0x3eff;x=0x1:p=0xfff:pred=0x80:exp=0x3ffc;x=0x4:p=0x27ff:pred=0x100:exp=0x2eff
ex287,14,1,reverse_comp_except_split,comp_pair_swap,0,4096,0,0.000000,x=0x0:p=0x2fff:pred=0x3fff:exp=0x3eff;x=0x1:p=0xfff:pred=0x3f7f:exp=0x3ffc;x=0x4:p=0x27ff:pred=0x3eff:exp=0x2eff
ex287,14,1,reverse,identity,68,4096,0,0.016602,x=0x1000:p=0x2:pred=0x20:exp=0x2000;x=0x1001:p=0x2002:pred=0x410:exp=0x220;x=0x1004:p=0x802:pred=0x2002:exp=0xa0
ex287,14,1,reverse,comp,56,4096,0,0.013672,x=0x1000:p=0x2:pred=0x3fdf:exp=0x2000;x=0x1001:p=0x2002:pred=0x3bef:exp=0x220;x=0x1004:p=0x802:pred=0x1ffd:exp=0xa0
ex287,14,1,reverse,reverse,37,4096,0,0.009033,x=0x1000:p=0x2:pred=0x100:exp=0x2000;x=0x1001:p=0x2002:pred=0x208:exp=0x220;x=0x1004:p=0x802:pred=0x1001:exp=0xa0
ex287,14,1,reverse,comp_reverse,16,4096,0,0.003906,x=0x1000:p=0x2:pred=0x3eff:exp=0x2000;x=0x1001:p=0x2002:pred=0x3df7:exp=0x220;x=0x1004:p=0x802:pred=0x2ffe:exp=0xa0
ex287,14,1,reverse,pair_swap,11,4096,0,0.002686,x=0x1000:p=0x2:pred=0x10:exp=0x2000;x=0x1001:p=0x2002:pred=0x420:exp=0x220;x=0x1004:p=0x802:pred=0x2002:exp=0xa0
ex287,14,1,reverse,comp_pair_swap,1,4096,0,0.000244,x=0x1000:p=0x2:pred=0x3fef:exp=0x2000;x=0x1001:p=0x2002:pred=0x3bdf:exp=0x220;x=0x1004:p=0x802:pred=0x1ffd:exp=0xa0
ex287,14,2,comp_all,identity,228,8192,0,0.027832,x=0x0:p=0x3fff:pred=0x0:exp=0x3fff;x=0x1:p=0x3ffe:pred=0x40:exp=0x3ffd;x=0x2:p=0x3ffd:pred=0x2000:exp=0x3ffb
ex287,14,2,comp_all,comp,1,8192,0,0.000122,x=0x1:p=0x3ffe:pred=0x3fbf:exp=0x3ffd;x=0x2:p=0x3ffd:pred=0x1fff:exp=0x3ffb;x=0x3:p=0x3ffc:pred=0x3ff3:exp=0xfff
ex287,14,2,comp_all,reverse,0,8192,0,0.000000,x=0x0:p=0x3fff:pred=0x0:exp=0x3fff;x=0x1:p=0x3ffe:pred=0x80:exp=0x3ffd;x=0x2:p=0x3ffd:pred=0x1:exp=0x3ffb
ex287,14,2,comp_all,comp_reverse,216,8192,0,0.026367,x=0x1:p=0x3ffe:pred=0x3f7f:exp=0x3ffd;x=0x2:p=0x3ffd:pred=0x3ffe:exp=0x3ffb;x=0x3:p=0x3ffc:pred=0x33ff:exp=0xfff
ex287,14,2,comp_all,pair_swap,20,8192,0,0.002441,x=0x0:p=0x3fff:pred=0x0:exp=0x3fff;x=0x1:p=0x3ffe:pred=0x80:exp=0x3ffd;x=0x2:p=0x3ffd:pred=0x2000:exp=0x3ffb
ex287,14,2,comp_all,comp_pair_swap,1,8192,0,0.000122,x=0x1:p=0x3ffe:pred=0x3f7f:exp=0x3ffd;x=0x2:p=0x3ffd:pred=0x1fff:exp=0x3ffb;x=0x3:p=0x3ffc:pred=0x3ff3:exp=0xfff
ex287,14,2,reverse_comp_all,identity,34,4096,0,0.008301,x=0x0:p=0x3fff:pred=0x0:exp=0x3fff;x=0x1:p=0x1fff:pred=0x40:exp=0x3fef;x=0x2:p=0x2fff:pred=0x2000:exp=0x3eff
ex287,14,2,reverse_comp_all,comp,121,4096,0,0.029541,x=0x1:p=0x1fff:pred=0x3fbf:exp=0x3fef;x=0x2:p=0x2fff:pred=0x1fff:exp=0x3eff;x=0x3:p=0xfff:pred=0x3ff3:exp=0x3ffc
ex287,14,2,reverse_comp_all,reverse,16,4096,0,0.003906,x=0x0:p=0x3fff:pred=0x0:exp=0x3fff;x=0x1:p=0x1fff:pred=0x80:exp=0x3fef;x=0x2:p=0x2fff:pred=0x1:exp=0x3eff
ex287,14,2,reverse_comp_all,comp_reverse,37,4096,0,0.009033,x=0x1:p=0x1fff:pred=0x3f7f:exp=0x3fef;x=0x2:p=0x2fff:pred=0x3ffe:exp=0x3eff;x=0x3:p=0xfff:pred=0x33ff:exp=0x3ffc
ex287,14,2,reverse_comp_all,pair_swap,2,4096,0,0.000488,x=0x0:p=0x3fff:pred=0x0:exp=0x3fff;x=0x1:p=0x1fff:pred=0x80:exp=0x3fef;x=0x2:p=0x2fff:pred=0x2000:exp=0x3eff
ex287,14,2,reverse_comp_all,comp_pair_swap,10,4096,0,0.002441,x=0x1:p=0x1fff:pred=0x3f7f:exp=0x3fef;x=0x2:p=0x2fff:pred=0x1fff:exp=0x3eff;x=0x3:p=0xfff:pred=0x3ff3:exp=0x3ffc
ex287,14,2,reverse_comp_except_split,identity,0,4096,0,0.000000,x=0x0:p=0x37ff:pred=0x0:exp=0x3eff;x=0x1:p=0x17ff:pred=0x40:exp=0x3fee;x=0x2:p=0x27ff:pred=0x2000:exp=0x2eff
ex287,14,2,reverse_comp_except_split,comp,0,4096,0,0.000000,x=0x0:p=0x37ff:pred=0x3fff:exp=0x3eff;x=0x1:p=0x17ff:pred=0x3fbf:exp=0x3fee;x=0x2:p=0x27ff:pred=0x1fff:exp=0x2eff
ex287,14,2,reverse_comp_except_split,reverse,0,4096,0,0.000000,x=0x0:p=0x37ff:pred=0x0:exp=0x3eff;x=0x1:p=0x17ff:pred=0x80:exp=0x3fee;x=0x2:p=0x27ff:pred=0x1:exp=0x2eff
ex287,14,2,reverse_comp_except_split,comp_reverse,0,4096,0,0.000000,x=0x0:p=0x37ff:pred=0x3fff:exp=0x3eff;x=0x1:p=0x17ff:pred=0x3f7f:exp=0x3fee;x=0x2:p=0x27ff:pred=0x3ffe:exp=0x2eff
ex287,14,2,reverse_comp_except_split,pair_swap,0,4096,0,0.000000,x=0x0:p=0x37ff:pred=0x0:exp=0x3eff;x=0x1:p=0x17ff:pred=0x80:exp=0x3fee;x=0x2:p=0x27ff:pred=0x2000:exp=0x2eff
ex287,14,2,reverse_comp_except_split,comp_pair_swap,0,4096,0,0.000000,x=0x0:p=0x37ff:pred=0x3fff:exp=0x3eff;x=0x1:p=0x17ff:pred=0x3f7f:exp=0x3fee;x=0x2:p=0x27ff:pred=0x1fff:exp=0x2eff
ex287,14,2,reverse,identity,68,4096,0,0.016602,x=0x800:p=0x4:pred=0x8:exp=0x200;x=0x801:p=0x2004:pred=0x1004:exp=0x2002;x=0x802:p=0x1004:pred=0xa0:exp=0x2002
ex287,14,2,reverse,comp,56,4096,0,0.013672,x=0x800:p=0x4:pred=0x3ff7:exp=0x200;x=0x801:p=0x2004:pred=0x2ffb:exp=0x2002;x=0x802:p=0x1004:pred=0x3f5f:exp=0x2002
ex287,14,2,reverse,reverse,44,4096,0,0.010742,x=0x800:p=0x4:pred=0x400:exp=0x200;x=0x801:p=0x2004:pred=0x802:exp=0x2002;x=0x802:p=0x1004:pred=0x140:exp=0x2002
ex287,14,2,reverse,comp_reverse,16,4096,0,0.003906,x=0x800:p=0x4:pred=0x3bff:exp=0x200;x=0x801:p=0x2004:pred=0x37fd:exp=0x2002;x=0x802:p=0x1004:pred=0x3ebf:exp=0x2002
ex287,14,2,reverse,pair_swap,11,4096,0,0.002686,x=0x800:p=0x4:pred=0x8:exp=0x200;x=0x801:p=0x2004:pred=0x1004:exp=0x2002;x=0x802:p=0x1004:pred=0x50:exp=0x2002
ex287,14,2,reverse,comp_pair_swap,0,4096,0,0.000000,x=0x800:p=0x4:pred=0x3ff7:exp=0x200;x=0x801:p=0x2004:pred=0x2ffb:exp=0x2002;x=0x802:p=0x1004:pred=0x3faf:exp=0x2002
ex287,14,3,comp_all,identity,228,8192,0,0.027832,x=0x0:p=0x3fff:pred=0x0:exp=0x3fff;x=0x1:p=0x3ffe:pred=0x40:exp=0x3ffd;x=0x2:p=0x3ffd:pred=0x2000:exp=0x3ffb
ex287,14,3,comp_all,comp,1,8192,0,0.000122,x=0x1:p=0x3ffe:pred=0x3fbf:exp=0x3ffd;x=0x2:p=0x3ffd:pred=0x1fff:exp=0x3ffb;x=0x3:p=0x3ffc:pred=0x3ff3:exp=0xfff
ex287,14,3,comp_all,reverse,0,8192,0,0.000000,x=0x0:p=0x3fff:pred=0x0:exp=0x3fff;x=0x1:p=0x3ffe:pred=0x80:exp=0x3ffd;x=0x2:p=0x3ffd:pred=0x1:exp=0x3ffb
ex287,14,3,comp_all,comp_reverse,216,8192,0,0.026367,x=0x1:p=0x3ffe:pred=0x3f7f:exp=0x3ffd;x=0x2:p=0x3ffd:pred=0x3ffe:exp=0x3ffb;x=0x3:p=0x3ffc:pred=0x33ff:exp=0xfff
ex287,14,3,comp_all,pair_swap,20,8192,0,0.002441,x=0x0:p=0x3fff:pred=0x0:exp=0x3fff;x=0x1:p=0x3ffe:pred=0x80:exp=0x3ffd;x=0x2:p=0x3ffd:pred=0x2000:exp=0x3ffb
ex287,14,3,comp_all,comp_pair_swap,1,8192,0,0.000122,x=0x1:p=0x3ffe:pred=0x3f7f:exp=0x3ffd;x=0x2:p=0x3ffd:pred=0x1fff:exp=0x3ffb;x=0x3:p=0x3ffc:pred=0x3ff3:exp=0xfff
ex287,14,3,reverse_comp_all,identity,34,4096,0,0.008301,x=0x0:p=0x3fff:pred=0x0:exp=0x3fff;x=0x1:p=0x1fff:pred=0x40:exp=0x3fef;x=0x2:p=0x2fff:pred=0x2000:exp=0x3eff
ex287,14,3,reverse_comp_all,comp,121,4096,0,0.029541,x=0x1:p=0x1fff:pred=0x3fbf:exp=0x3fef;x=0x2:p=0x2fff:pred=0x1fff:exp=0x3eff;x=0x3:p=0xfff:pred=0x3ff3:exp=0x3ffc
ex287,14,3,reverse_comp_all,reverse,16,4096,0,0.003906,x=0x0:p=0x3fff:pred=0x0:exp=0x3fff;x=0x1:p=0x1fff:pred=0x80:exp=0x3fef;x=0x2:p=0x2fff:pred=0x1:exp=0x3eff
ex287,14,3,reverse_comp_all,comp_reverse,37,4096,0,0.009033,x=0x1:p=0x1fff:pred=0x3f7f:exp=0x3fef;x=0x2:p=0x2fff:pred=0x3ffe:exp=0x3eff;x=0x3:p=0xfff:pred=0x33ff:exp=0x3ffc
ex287,14,3,reverse_comp_all,pair_swap,3,4096,0,0.000732,x=0x0:p=0x3fff:pred=0x0:exp=0x3fff;x=0x1:p=0x1fff:pred=0x80:exp=0x3fef;x=0x2:p=0x2fff:pred=0x2000:exp=0x3eff
ex287,14,3,reverse_comp_all,comp_pair_swap,11,4096,0,0.002686,x=0x1:p=0x1fff:pred=0x3f7f:exp=0x3fef;x=0x2:p=0x2fff:pred=0x1fff:exp=0x3eff;x=0x3:p=0xfff:pred=0x3ff3:exp=0x3ffc
ex287,14,3,reverse_comp_except_split,identity,0,4096,0,0.000000,x=0x0:p=0x3bff:pred=0x0:exp=0x37ff;x=0x1:p=0x1bff:pred=0x40:exp=0x3fd7;x=0x2:p=0x2bff:pred=0x2000:exp=0x35ff
ex287,14,3,reverse_comp_except_split,comp,0,4096,0,0.000000,x=0x0:p=0x3bff:pred=0x3fff:exp=0x37ff;x=0x1:p=0x1bff:pred=0x3fbf:exp=0x3fd7;x=0x2:p=0x2bff:pred=0x1fff:exp=0x35ff
ex287,14,3,reverse_comp_except_split,reverse,0,4096,0,0.000000,x=0x0:p=0x3bff:pred=0x0:exp=0x37ff;x=0x1:p=0x1bff:pred=0x80:exp=0x3fd7;x=0x2:p=0x2bff:pred=0x1:exp=0x35ff
ex287,14,3,reverse_comp_except_split,comp_reverse,0,4096,0,0.000000,x=0x0:p=0x3bff:pred=0x3fff:exp=0x37ff;x=0x1:p=0x1bff:pred=0x3f7f:exp=0x3fd7;x=0x2:p=0x2bff:pred=0x3ffe:exp=0x35ff
ex287,14,3,reverse_comp_except_split,pair_swap,0,4096,0,0.000000,x=0x0:p=0x3bff:pred=0x0:exp=0x37ff;x=0x1:p=0x1bff:pred=0x80:exp=0x3fd7;x=0x2:p=0x2bff:pred=0x2000:exp=0x35ff
ex287,14,3,reverse_comp_except_split,comp_pair_swap,0,4096,0,0.000000,x=0x0:p=0x3bff:pred=0x3fff:exp=0x37ff;x=0x1:p=0x1bff:pred=0x3f7f:exp=0x3fd7;x=0x2:p=0x2bff:pred=0x1fff:exp=0x35ff
ex287,14,3,reverse,identity,68,4096,0,0.016602,x=0x400:p=0x8:pred=0x10:exp=0x20;x=0x401:p=0x2008:pred=0xa0:exp=0x2002;x=0x402:p=0x1008:pred=0x1004:exp=0x2002
ex287,14,3,reverse,comp,56,4096,0,0.013672,x=0x400:p=0x8:pred=0x3fef:exp=0x20;x=0x401:p=0x2008:pred=0x3f5f:exp=0x2002;x=0x402:p=0x1008:pred=0x2ffb:exp=0x2002
ex287,14,3,reverse,reverse,44,4096,0,0.010742,x=0x400:p=0x8:pred=0x200:exp=0x20;x=0x401:p=0x2008:pred=0x140:exp=0x2002;x=0x402:p=0x1008:pred=0x802:exp=0x2002
ex287,14,3,reverse,comp_reverse,16,4096,0,0.003906,x=0x400:p=0x8:pred=0x3dff:exp=0x20;x=0x401:p=0x2008:pred=0x3ebf:exp=0x2002;x=0x402:p=0x1008:pred=0x37fd:exp=0x2002
ex287,14,3,reverse,pair_swap,12,4096,0,0.002930,x=0x401:p=0x2008:pred=0x50:exp=0x2002;x=0x402:p=0x1008:pred=0x1004:exp=0x2002;x=0x403:p=0x3008:pred=0x80c:exp=0x230
ex287,14,3,reverse,comp_pair_swap,1,4096,0,0.000244,x=0x400:p=0x8:pred=0x3fdf:exp=0x20;x=0x401:p=0x2008:pred=0x3faf:exp=0x2002;x=0x402:p=0x1008:pred=0x2ffb:exp=0x2002
ex287,14,4,comp_all,identity,228,8192,0,0.027832,x=0x0:p=0x3fff:pred=0x0:exp=0x3fff;x=0x1:p=0x3ffe:pred=0x40:exp=0x3ffd;x=0x2:p=0x3ffd:pred=0x2000:exp=0x3ffb
ex287,14,4,comp_all,comp,1,8192,0,0.000122,x=0x1:p=0x3ffe:pred=0x3fbf:exp=0x3ffd;x=0x2:p=0x3ffd:pred=0x1fff:exp=0x3ffb;x=0x3:p=0x3ffc:pred=0x3ff3:exp=0xfff
ex287,14,4,comp_all,reverse,0,8192,0,0.000000,x=0x0:p=0x3fff:pred=0x0:exp=0x3fff;x=0x1:p=0x3ffe:pred=0x80:exp=0x3ffd;x=0x2:p=0x3ffd:pred=0x1:exp=0x3ffb
ex287,14,4,comp_all,comp_reverse,216,8192,0,0.026367,x=0x1:p=0x3ffe:pred=0x3f7f:exp=0x3ffd;x=0x2:p=0x3ffd:pred=0x3ffe:exp=0x3ffb;x=0x3:p=0x3ffc:pred=0x33ff:exp=0xfff
ex287,14,4,comp_all,pair_swap,20,8192,0,0.002441,x=0x0:p=0x3fff:pred=0x0:exp=0x3fff;x=0x1:p=0x3ffe:pred=0x80:exp=0x3ffd;x=0x2:p=0x3ffd:pred=0x2000:exp=0x3ffb
ex287,14,4,comp_all,comp_pair_swap,1,8192,0,0.000122,x=0x1:p=0x3ffe:pred=0x3f7f:exp=0x3ffd;x=0x2:p=0x3ffd:pred=0x1fff:exp=0x3ffb;x=0x3:p=0x3ffc:pred=0x3ff3:exp=0xfff
ex287,14,4,reverse_comp_all,identity,48,4096,0,0.011719,x=0x0:p=0x3fff:pred=0x0:exp=0x3fff;x=0x1:p=0x1fff:pred=0x40:exp=0x3fef;x=0x2:p=0x2fff:pred=0x2000:exp=0x3eff
ex287,14,4,reverse_comp_all,comp,150,4096,0,0.036621,x=0x1:p=0x1fff:pred=0x3fbf:exp=0x3fef;x=0x2:p=0x2fff:pred=0x1fff:exp=0x3eff;x=0x3:p=0xfff:pred=0x3ff3:exp=0x3ffc
ex287,14,4,reverse_comp_all,reverse,16,4096,0,0.003906,x=0x0:p=0x3fff:pred=0x0:exp=0x3fff;x=0x1:p=0x1fff:pred=0x80:exp=0x3fef;x=0x2:p=0x2fff:pred=0x1:exp=0x3eff
ex287,14,4,reverse_comp_all,comp_reverse,36,4096,0,0.008789,x=0x1:p=0x1fff:pred=0x3f7f:exp=0x3fef;x=0x2:p=0x2fff:pred=0x3ffe:exp=0x3eff;x=0x3:p=0xfff:pred=0x33ff:exp=0x3ffc
ex287,14,4,reverse_comp_all,pair_swap,3,4096,0,0.000732,x=0x0:p=0x3fff:pred=0x0:exp=0x3fff;x=0x1:p=0x1fff:pred=0x80:exp=0x3fef;x=0x2:p=0x2fff:pred=0x2000:exp=0x3eff
ex287,14,4,reverse_comp_all,comp_pair_swap,18,4096,0,0.004395,x=0x1:p=0x1fff:pred=0x3f7f:exp=0x3fef;x=0x2:p=0x2fff:pred=0x1fff:exp=0x3eff;x=0x3:p=0xfff:pred=0x3ff3:exp=0x3ffc
ex287,14,4,reverse_comp_except_split,identity,0,4096,0,0.000000,x=0x0:p=0x3dff:pred=0x0:exp=0x3eff;x=0x1:p=0x1dff:pred=0x40:exp=0x3fee;x=0x2:p=0x2dff:pred=0x2000:exp=0x2eff
ex287,14,4,reverse_comp_except_split,comp,0,4096,0,0.000000,x=0x0:p=0x3dff:pred=0x3fff:exp=0x3eff;x=0x1:p=0x1dff:pred=0x3fbf:exp=0x3fee;x=0x2:p=0x2dff:pred=0x1fff:exp=0x2eff
ex287,14,4,reverse_comp_except_split,reverse,0,4096,0,0.000000,x=0x0:p=0x3dff:pred=0x0:exp=0x3eff;x=0x1:p=0x1dff:pred=0x80:exp=0x3fee;x=0x2:p=0x2dff:pred=0x1:exp=0x2eff
ex287,14,4,reverse_comp_except_split,comp_reverse,0,4096,0,0.000000,x=0x0:p=0x3dff:pred=0x3fff:exp=0x3eff;x=0x1:p=0x1dff:pred=0x3f7f:exp=0x3fee;x=0x2:p=0x2dff:pred=0x3ffe:exp=0x2eff
ex287,14,4,reverse_comp_except_split,pair_swap,0,4096,0,0.000000,x=0x0:p=0x3dff:pred=0x0:exp=0x3eff;x=0x1:p=0x1dff:pred=0x80:exp=0x3fee;x=0x2:p=0x2dff:pred=0x2000:exp=0x2eff
ex287,14,4,reverse_comp_except_split,comp_pair_swap,0,4096,0,0.000000,x=0x0:p=0x3dff:pred=0x3fff:exp=0x3eff;x=0x1:p=0x1dff:pred=0x3f7f:exp=0x3fee;x=0x2:p=0x2dff:pred=0x1fff:exp=0x2eff
ex287,14,4,reverse,identity,97,4096,0,0.023682,x=0x200:p=0x10:pred=0x8:exp=0x800;x=0x201:p=0x2010:pred=0x44:exp=0x208;x=0x202:p=0x1010:pred=0x2020:exp=0xa0
ex287,14,4,reverse,comp,72,4096,0,0.017578,x=0x200:p=0x10:pred=0x3ff7:exp=0x800;x=0x201:p=0x2010:pred=0x3fbb:exp=0x208;x=0x202:p=0x1010:pred=0x1fdf:exp=0xa0
ex287,14,4,reverse,reverse,43,4096,0,0.010498,x=0x200:p=0x10:pred=0x400:exp=0x800;x=0x201:p=0x2010:pred=0x880:exp=0x208;x=0x202:p=0x1010:pred=0x101:exp=0xa0
ex287,14,4,reverse,comp_reverse,16,4096,0,0.003906,x=0x200:p=0x10:pred=0x3bff:exp=0x800;x=0x201:p=0x2010:pred=0x377f:exp=0x208;x=0x202:p=0x1010:pred=0x3efe:exp=0xa0
ex287,14,4,reverse,pair_swap,14,4096,0,0.003418,x=0x200:p=0x10:pred=0x8:exp=0x800;x=0x201:p=0x2010:pred=0x84:exp=0x208;x=0x202:p=0x1010:pred=0x2010:exp=0xa0
ex287,14,4,reverse,comp_pair_swap,0,4096,0,0.000000,x=0x200:p=0x10:pred=0x3ff7:exp=0x800;x=0x201:p=0x2010:pred=0x3f7b:exp=0x208;x=0x202:p=0x1010:pred=0x1fef:exp=0xa0
ex287,14,5,comp_all,identity,228,8192,0,0.027832,x=0x0:p=0x3fff:pred=0x0:exp=0x3fff;x=0x1:p=0x3ffe:pred=0x40:exp=0x3ffd;x=0x2:p=0x3ffd:pred=0x2000:exp=0x3ffb
ex287,14,5,comp_all,comp,1,8192,0,0.000122,x=0x1:p=0x3ffe:pred=0x3fbf:exp=0x3ffd;x=0x2:p=0x3ffd:pred=0x1fff:exp=0x3ffb;x=0x3:p=0x3ffc:pred=0x3ff3:exp=0xfff
ex287,14,5,comp_all,reverse,0,8192,0,0.000000,x=0x0:p=0x3fff:pred=0x0:exp=0x3fff;x=0x1:p=0x3ffe:pred=0x80:exp=0x3ffd;x=0x2:p=0x3ffd:pred=0x1:exp=0x3ffb
ex287,14,5,comp_all,comp_reverse,216,8192,0,0.026367,x=0x1:p=0x3ffe:pred=0x3f7f:exp=0x3ffd;x=0x2:p=0x3ffd:pred=0x3ffe:exp=0x3ffb;x=0x3:p=0x3ffc:pred=0x33ff:exp=0xfff
ex287,14,5,comp_all,pair_swap,20,8192,0,0.002441,x=0x0:p=0x3fff:pred=0x0:exp=0x3fff;x=0x1:p=0x3ffe:pred=0x80:exp=0x3ffd;x=0x2:p=0x3ffd:pred=0x2000:exp=0x3ffb
ex287,14,5,comp_all,comp_pair_swap,1,8192,0,0.000122,x=0x1:p=0x3ffe:pred=0x3f7f:exp=0x3ffd;x=0x2:p=0x3ffd:pred=0x1fff:exp=0x3ffb;x=0x3:p=0x3ffc:pred=0x3ff3:exp=0xfff
ex287,14,5,reverse_comp_all,identity,48,4096,0,0.011719,x=0x0:p=0x3fff:pred=0x0:exp=0x3fff;x=0x1:p=0x1fff:pred=0x40:exp=0x3fef;x=0x2:p=0x2fff:pred=0x2000:exp=0x3eff
ex287,14,5,reverse_comp_all,comp,150,4096,0,0.036621,x=0x1:p=0x1fff:pred=0x3fbf:exp=0x3fef;x=0x2:p=0x2fff:pred=0x1fff:exp=0x3eff;x=0x3:p=0xfff:pred=0x3ff3:exp=0x3ffc
ex287,14,5,reverse_comp_all,reverse,16,4096,0,0.003906,x=0x0:p=0x3fff:pred=0x0:exp=0x3fff;x=0x1:p=0x1fff:pred=0x80:exp=0x3fef;x=0x2:p=0x2fff:pred=0x1:exp=0x3eff
ex287,14,5,reverse_comp_all,comp_reverse,36,4096,0,0.008789,x=0x1:p=0x1fff:pred=0x3f7f:exp=0x3fef;x=0x2:p=0x2fff:pred=0x3ffe:exp=0x3eff;x=0x3:p=0xfff:pred=0x33ff:exp=0x3ffc
ex287,14,5,reverse_comp_all,pair_swap,3,4096,0,0.000732,x=0x0:p=0x3fff:pred=0x0:exp=0x3fff;x=0x1:p=0x1fff:pred=0x80:exp=0x3fef;x=0x2:p=0x2fff:pred=0x2000:exp=0x3eff
ex287,14,5,reverse_comp_all,comp_pair_swap,18,4096,0,0.004395,x=0x1:p=0x1fff:pred=0x3f7f:exp=0x3fef;x=0x2:p=0x2fff:pred=0x1fff:exp=0x3eff;x=0x3:p=0xfff:pred=0x3ff3:exp=0x3ffc
ex287,14,5,reverse_comp_except_split,identity,0,4096,0,0.000000,x=0x0:p=0x3eff:pred=0x0:exp=0x3eff;x=0x1:p=0x1eff:pred=0x40:exp=0x3fee;x=0x2:p=0x2eff:pred=0x2000:exp=0x2eff
ex287,14,5,reverse_comp_except_split,comp,0,4096,0,0.000000,x=0x0:p=0x3eff:pred=0x3fff:exp=0x3eff;x=0x1:p=0x1eff:pred=0x3fbf:exp=0x3fee;x=0x2:p=0x2eff:pred=0x1fff:exp=0x2eff
ex287,14,5,reverse_comp_except_split,reverse,0,4096,0,0.000000,x=0x0:p=0x3eff:pred=0x0:exp=0x3eff;x=0x1:p=0x1eff:pred=0x80:exp=0x3fee;x=0x2:p=0x2eff:pred=0x1:exp=0x2eff
ex287,14,5,reverse_comp_except_split,comp_reverse,0,4096,0,0.000000,x=0x0:p=0x3eff:pred=0x3fff:exp=0x3eff;x=0x1:p=0x1eff:pred=0x3f7f:exp=0x3fee;x=0x2:p=0x2eff:pred=0x3ffe:exp=0x2eff
ex287,14,5,reverse_comp_except_split,pair_swap,0,4096,0,0.000000,x=0x0:p=0x3eff:pred=0x0:exp=0x3eff;x=0x1:p=0x1eff:pred=0x80:exp=0x3fee;x=0x2:p=0x2eff:pred=0x2000:exp=0x2eff
ex287,14,5,reverse_comp_except_split,comp_pair_swap,0,4096,0,0.000000,x=0x0:p=0x3eff:pred=0x3fff:exp=0x3eff;x=0x1:p=0x1eff:pred=0x3f7f:exp=0x3fee;x=0x2:p=0x2eff:pred=0x1fff:exp=0x2eff
ex287,14,5,reverse,identity,97,4096,0,0.023682,x=0x100:p=0x20:pred=0x8:exp=0x800;x=0x101:p=0x2020:pred=0x44:exp=0x208;x=0x102:p=0x1020:pred=0x2020:exp=0xa0
ex287,14,5,reverse,comp,72,4096,0,0.017578,x=0x100:p=0x20:pred=0x3ff7:exp=0x800;x=0x101:p=0x2020:pred=0x3fbb:exp=0x208;x=0x102:p=0x1020:pred=0x1fdf:exp=0xa0
ex287,14,5,reverse,reverse,43,4096,0,0.010498,x=0x100:p=0x20:pred=0x400:exp=0x800;x=0x101:p=0x2020:pred=0x880:exp=0x208;x=0x102:p=0x1020:pred=0x101:exp=0xa0
ex287,14,5,reverse,comp_reverse,16,4096,0,0.003906,x=0x100:p=0x20:pred=0x3bff:exp=0x800;x=0x101:p=0x2020:pred=0x377f:exp=0x208;x=0x102:p=0x1020:pred=0x3efe:exp=0xa0
ex287,14,5,reverse,pair_swap,14,4096,0,0.003418,x=0x100:p=0x20:pred=0x8:exp=0x800;x=0x101:p=0x2020:pred=0x84:exp=0x208;x=0x102:p=0x1020:pred=0x2010:exp=0xa0
ex287,14,5,reverse,comp_pair_swap,0,4096,0,0.000000,x=0x100:p=0x20:pred=0x3ff7:exp=0x800;x=0x101:p=0x2020:pred=0x3f7b:exp=0x208;x=0x102:p=0x1020:pred=0x1fef:exp=0xa0
ex287,14,6,comp_all,identity,228,8192,0,0.027832,x=0x0:p=0x3fff:pred=0x0:exp=0x3fff;x=0x1:p=0x3ffe:pred=0x40:exp=0x3ffd;x=0x2:p=0x3ffd:pred=0x2000:exp=0x3ffb
ex287,14,6,comp_all,comp,1,8192,0,0.000122,x=0x1:p=0x3ffe:pred=0x3fbf:exp=0x3ffd;x=0x2:p=0x3ffd:pred=0x1fff:exp=0x3ffb;x=0x3:p=0x3ffc:pred=0x3ff3:exp=0xfff
ex287,14,6,comp_all,reverse,0,8192,0,0.000000,x=0x0:p=0x3fff:pred=0x0:exp=0x3fff;x=0x1:p=0x3ffe:pred=0x80:exp=0x3ffd;x=0x2:p=0x3ffd:pred=0x1:exp=0x3ffb
ex287,14,6,comp_all,comp_reverse,216,8192,0,0.026367,x=0x1:p=0x3ffe:pred=0x3f7f:exp=0x3ffd;x=0x2:p=0x3ffd:pred=0x3ffe:exp=0x3ffb;x=0x3:p=0x3ffc:pred=0x33ff:exp=0xfff
ex287,14,6,comp_all,pair_swap,20,8192,0,0.002441,x=0x0:p=0x3fff:pred=0x0:exp=0x3fff;x=0x1:p=0x3ffe:pred=0x80:exp=0x3ffd;x=0x2:p=0x3ffd:pred=0x2000:exp=0x3ffb
ex287,14,6,comp_all,comp_pair_swap,1,8192,0,0.000122,x=0x1:p=0x3ffe:pred=0x3f7f:exp=0x3ffd;x=0x2:p=0x3ffd:pred=0x1fff:exp=0x3ffb;x=0x3:p=0x3ffc:pred=0x3ff3:exp=0xfff
ex287,14,6,reverse_comp_all,identity,0,4096,0,0.000000,x=0x0:p=0x3fff:pred=0x0:exp=0x3fff;x=0x1:p=0x1fff:pred=0x40:exp=0x3fef;x=0x2:p=0x2fff:pred=0x2000:exp=0x3eff
ex287,14,6,reverse_comp_all,comp,118,4096,0,0.028809,x=0x1:p=0x1fff:pred=0x3fbf:exp=0x3fef;x=0x2:p=0x2fff:pred=0x1fff:exp=0x3eff;x=0x3:p=0xfff:pred=0x3ff3:exp=0x3ffc
ex287,14,6,reverse_comp_all,reverse,0,4096,0,0.000000,x=0x0:p=0x3fff:pred=0x0:exp=0x3fff;x=0x1:p=0x1fff:pred=0x80:exp=0x3fef;x=0x2:p=0x2fff:pred=0x1:exp=0x3eff
ex287,14,6,reverse_comp_all,comp_reverse,18,4096,0,0.004395,x=0x1:p=0x1fff:pred=0x3f7f:exp=0x3fef;x=0x2:p=0x2fff:pred=0x3ffe:exp=0x3eff;x=0x3:p=0xfff:pred=0x33ff:exp=0x3ffc
ex287,14,6,reverse_comp_all,pair_swap,1,4096,0,0.000244,x=0x0:p=0x3fff:pred=0x0:exp=0x3fff;x=0x1:p=0x1fff:pred=0x80:exp=0x3fef;x=0x2:p=0x2fff:pred=0x2000:exp=0x3eff
ex287,14,6,reverse_comp_all,comp_pair_swap,20,4096,0,0.004883,x=0x1:p=0x1fff:pred=0x3f7f:exp=0x3fef;x=0x2:p=0x2fff:pred=0x1fff:exp=0x3eff;x=0x3:p=0xfff:pred=0x3ff3:exp=0x3ffc
ex287,14,6,reverse_comp_except_split,identity,0,4096,0,0.000000,x=0x0:p=0x3f7f:pred=0x0:exp=0x3fbf;x=0x1:p=0x1f7f:pred=0x40:exp=0x3faf;x=0x2:p=0x2f7f:pred=0x2000:exp=0x3efb
ex287,14,6,reverse_comp_except_split,comp,0,4096,0,0.000000,x=0x0:p=0x3f7f:pred=0x3fff:exp=0x3fbf;x=0x1:p=0x1f7f:pred=0x3fbf:exp=0x3faf;x=0x2:p=0x2f7f:pred=0x1fff:exp=0x3efb
ex287,14,6,reverse_comp_except_split,reverse,0,4096,0,0.000000,x=0x0:p=0x3f7f:pred=0x0:exp=0x3fbf;x=0x1:p=0x1f7f:pred=0x80:exp=0x3faf;x=0x2:p=0x2f7f:pred=0x1:exp=0x3efb
ex287,14,6,reverse_comp_except_split,comp_reverse,0,4096,0,0.000000,x=0x0:p=0x3f7f:pred=0x3fff:exp=0x3fbf;x=0x1:p=0x1f7f:pred=0x3f7f:exp=0x3faf;x=0x2:p=0x2f7f:pred=0x3ffe:exp=0x3efb
ex287,14,6,reverse_comp_except_split,pair_swap,0,4096,0,0.000000,x=0x0:p=0x3f7f:pred=0x0:exp=0x3fbf;x=0x1:p=0x1f7f:pred=0x80:exp=0x3faf;x=0x2:p=0x2f7f:pred=0x2000:exp=0x3efb
ex287,14,6,reverse_comp_except_split,comp_pair_swap,0,4096,0,0.000000,x=0x0:p=0x3f7f:pred=0x3fff:exp=0x3fbf;x=0x1:p=0x1f7f:pred=0x3f7f:exp=0x3faf;x=0x2:p=0x2f7f:pred=0x1fff:exp=0x3efb
ex287,14,6,reverse,identity,138,4096,0,0.033691,x=0x81:p=0x2040:pred=0x140:exp=0x202;x=0x82:p=0x1040:pred=0x2800:exp=0x2020;x=0x83:p=0x3040:pred=0x4c:exp=0x2030
ex287,14,6,reverse,comp,112,4096,0,0.027344,x=0x80:p=0x40:pred=0x3dff:exp=0x200;x=0x81:p=0x2040:pred=0x3ebf:exp=0x202;x=0x82:p=0x1040:pred=0x17ff:exp=0x2020
ex287,14,6,reverse,reverse,76,4096,0,0.018555,x=0x80:p=0x40:pred=0x10:exp=0x200;x=0x81:p=0x2040:pred=0xa0:exp=0x202;x=0x82:p=0x1040:pred=0x5:exp=0x2020
ex287,14,6,reverse,comp_reverse,32,4096,0,0.007812,x=0x80:p=0x40:pred=0x3fef:exp=0x200;x=0x81:p=0x2040:pred=0x3f5f:exp=0x202;x=0x82:p=0x1040:pred=0x3ffa:exp=0x2020
ex287,14,6,reverse,pair_swap,11,4096,0,0.002686,x=0x80:p=0x40:pred=0x100:exp=0x200;x=0x81:p=0x2040:pred=0x280:exp=0x202;x=0x82:p=0x1040:pred=0x2800:exp=0x2020
ex287,14,6,reverse,comp_pair_swap,0,4096,0,0.000000,x=0x80:p=0x40:pred=0x3eff:exp=0x200;x=0x81:p=0x2040:pred=0x3d7f:exp=0x202;x=0x82:p=0x1040:pred=0x17ff:exp=0x2020
ex287,14,7,comp_all,identity,228,8192,0,0.027832,x=0x0:p=0x3fff:pred=0x0:exp=0x3fff;x=0x1:p=0x3ffe:pred=0x40:exp=0x3ffd;x=0x2:p=0x3ffd:pred=0x2000:exp=0x3ffb
ex287,14,7,comp_all,comp,1,8192,0,0.000122,x=0x1:p=0x3ffe:pred=0x3fbf:exp=0x3ffd;x=0x2:p=0x3ffd:pred=0x1fff:exp=0x3ffb;x=0x3:p=0x3ffc:pred=0x3ff3:exp=0xfff
ex287,14,7,comp_all,reverse,0,8192,0,0.000000,x=0x0:p=0x3fff:pred=0x0:exp=0x3fff;x=0x1:p=0x3ffe:pred=0x80:exp=0x3ffd;x=0x2:p=0x3ffd:pred=0x1:exp=0x3ffb
ex287,14,7,comp_all,comp_reverse,216,8192,0,0.026367,x=0x1:p=0x3ffe:pred=0x3f7f:exp=0x3ffd;x=0x2:p=0x3ffd:pred=0x3ffe:exp=0x3ffb;x=0x3:p=0x3ffc:pred=0x33ff:exp=0xfff
ex287,14,7,comp_all,pair_swap,20,8192,0,0.002441,x=0x0:p=0x3fff:pred=0x0:exp=0x3fff;x=0x1:p=0x3ffe:pred=0x80:exp=0x3ffd;x=0x2:p=0x3ffd:pred=0x2000:exp=0x3ffb
ex287,14,7,comp_all,comp_pair_swap,1,8192,0,0.000122,x=0x1:p=0x3ffe:pred=0x3f7f:exp=0x3ffd;x=0x2:p=0x3ffd:pred=0x1fff:exp=0x3ffb;x=0x3:p=0x3ffc:pred=0x3ff3:exp=0xfff
ex287,14,7,reverse_comp_all,identity,0,4096,0,0.000000,x=0x0:p=0x3fff:pred=0x0:exp=0x3fff;x=0x1:p=0x1fff:pred=0x40:exp=0x3fef;x=0x2:p=0x2fff:pred=0x2000:exp=0x3eff
ex287,14,7,reverse_comp_all,comp,118,4096,0,0.028809,x=0x1:p=0x1fff:pred=0x3fbf:exp=0x3fef;x=0x2:p=0x2fff:pred=0x1fff:exp=0x3eff;x=0x3:p=0xfff:pred=0x3ff3:exp=0x3ffc
ex287,14,7,reverse_comp_all,reverse,0,4096,0,0.000000,x=0x0:p=0x3fff:pred=0x0:exp=0x3fff;x=0x1:p=0x1fff:pred=0x80:exp=0x3fef;x=0x2:p=0x2fff:pred=0x1:exp=0x3eff
ex287,14,7,reverse_comp_all,comp_reverse,18,4096,0,0.004395,x=0x1:p=0x1fff:pred=0x3f7f:exp=0x3fef;x=0x2:p=0x2fff:pred=0x3ffe:exp=0x3eff;x=0x3:p=0xfff:pred=0x33ff:exp=0x3ffc
ex287,14,7,reverse_comp_all,pair_swap,1,4096,0,0.000244,x=0x0:p=0x3fff:pred=0x0:exp=0x3fff;x=0x1:p=0x1fff:pred=0x80:exp=0x3fef;x=0x2:p=0x2fff:pred=0x2000:exp=0x3eff
ex287,14,7,reverse_comp_all,comp_pair_swap,20,4096,0,0.004883,x=0x1:p=0x1fff:pred=0x3f7f:exp=0x3fef;x=0x2:p=0x2fff:pred=0x1fff:exp=0x3eff;x=0x3:p=0xfff:pred=0x3ff3:exp=0x3ffc
ex287,14,7,reverse_comp_except_split,identity,0,4096,0,0.000000,x=0x0:p=0x3fbf:pred=0x0:exp=0x3fbf;x=0x1:p=0x1fbf:pred=0x40:exp=0x3faf;x=0x2:p=0x2fbf:pred=0x2000:exp=0x3efb
ex287,14,7,reverse_comp_except_split,comp,0,4096,0,0.000000,x=0x0:p=0x3fbf:pred=0x3fff:exp=0x3fbf;x=0x1:p=0x1fbf:pred=0x3fbf:exp=0x3faf;x=0x2:p=0x2fbf:pred=0x1fff:exp=0x3efb
ex287,14,7,reverse_comp_except_split,reverse,0,4096,0,0.000000,x=0x0:p=0x3fbf:pred=0x0:exp=0x3fbf;x=0x1:p=0x1fbf:pred=0x80:exp=0x3faf;x=0x2:p=0x2fbf:pred=0x1:exp=0x3efb
ex287,14,7,reverse_comp_except_split,comp_reverse,0,4096,0,0.000000,x=0x0:p=0x3fbf:pred=0x3fff:exp=0x3fbf;x=0x1:p=0x1fbf:pred=0x3f7f:exp=0x3faf;x=0x2:p=0x2fbf:pred=0x3ffe:exp=0x3efb
ex287,14,7,reverse_comp_except_split,pair_swap,0,4096,0,0.000000,x=0x0:p=0x3fbf:pred=0x0:exp=0x3fbf;x=0x1:p=0x1fbf:pred=0x80:exp=0x3faf;x=0x2:p=0x2fbf:pred=0x2000:exp=0x3efb
ex287,14,7,reverse_comp_except_split,comp_pair_swap,0,4096,0,0.000000,x=0x0:p=0x3fbf:pred=0x3fff:exp=0x3fbf;x=0x1:p=0x1fbf:pred=0x3f7f:exp=0x3faf;x=0x2:p=0x2fbf:pred=0x1fff:exp=0x3efb
ex287,14,7,reverse,identity,138,4096,0,0.033691,x=0x41:p=0x2080:pred=0x140:exp=0x202;x=0x42:p=0x1080:pred=0x2800:exp=0x2020;x=0x43:p=0x3080:pred=0x4c:exp=0x2030
ex287,14,7,reverse,comp,112,4096,0,0.027344,x=0x40:p=0x80:pred=0x3dff:exp=0x200;x=0x41:p=0x2080:pred=0x3ebf:exp=0x202;x=0x42:p=0x1080:pred=0x17ff:exp=0x2020
ex287,14,7,reverse,reverse,76,4096,0,0.018555,x=0x40:p=0x80:pred=0x10:exp=0x200;x=0x41:p=0x2080:pred=0xa0:exp=0x202;x=0x42:p=0x1080:pred=0x5:exp=0x2020
ex287,14,7,reverse,comp_reverse,32,4096,0,0.007812,x=0x40:p=0x80:pred=0x3fef:exp=0x200;x=0x41:p=0x2080:pred=0x3f5f:exp=0x202;x=0x42:p=0x1080:pred=0x3ffa:exp=0x2020
ex287,14,7,reverse,pair_swap,11,4096,0,0.002686,x=0x40:p=0x80:pred=0x100:exp=0x200;x=0x41:p=0x2080:pred=0x280:exp=0x202;x=0x42:p=0x1080:pred=0x2800:exp=0x2020
ex287,14,7,reverse,comp_pair_swap,0,4096,0,0.000000,x=0x40:p=0x80:pred=0x3eff:exp=0x200;x=0x41:p=0x2080:pred=0x3d7f:exp=0x202;x=0x42:p=0x1080:pred=0x17ff:exp=0x2020
ex287,14,8,comp_all,identity,228,8192,0,0.027832,x=0x0:p=0x3fff:pred=0x0:exp=0x3fff;x=0x1:p=0x3ffe:pred=0x40:exp=0x3ffd;x=0x2:p=0x3ffd:pred=0x2000:exp=0x3ffb
ex287,14,8,comp_all,comp,1,8192,0,0.000122,x=0x1:p=0x3ffe:pred=0x3fbf:exp=0x3ffd;x=0x2:p=0x3ffd:pred=0x1fff:exp=0x3ffb;x=0x3:p=0x3ffc:pred=0x3ff3:exp=0xfff
ex287,14,8,comp_all,reverse,0,8192,0,0.000000,x=0x0:p=0x3fff:pred=0x0:exp=0x3fff;x=0x1:p=0x3ffe:pred=0x80:exp=0x3ffd;x=0x2:p=0x3ffd:pred=0x1:exp=0x3ffb
ex287,14,8,comp_all,comp_reverse,216,8192,0,0.026367,x=0x1:p=0x3ffe:pred=0x3f7f:exp=0x3ffd;x=0x2:p=0x3ffd:pred=0x3ffe:exp=0x3ffb;x=0x3:p=0x3ffc:pred=0x33ff:exp=0xfff
ex287,14,8,comp_all,pair_swap,20,8192,0,0.002441,x=0x0:p=0x3fff:pred=0x0:exp=0x3fff;x=0x1:p=0x3ffe:pred=0x80:exp=0x3ffd;x=0x2:p=0x3ffd:pred=0x2000:exp=0x3ffb
ex287,14,8,comp_all,comp_pair_swap,1,8192,0,0.000122,x=0x1:p=0x3ffe:pred=0x3f7f:exp=0x3ffd;x=0x2:p=0x3ffd:pred=0x1fff:exp=0x3ffb;x=0x3:p=0x3ffc:pred=0x3ff3:exp=0xfff
ex287,14,8,reverse_comp_all,identity,48,4096,0,0.011719,x=0x0:p=0x3fff:pred=0x0:exp=0x3fff;x=0x1:p=0x1fff:pred=0x40:exp=0x3fef;x=0x2:p=0x2fff:pred=0x2000:exp=0x3eff
ex287,14,8,reverse_comp_all,comp,150,4096,0,0.036621,x=0x1:p=0x1fff:pred=0x3fbf:exp=0x3fef;x=0x2:p=0x2fff:pred=0x1fff:exp=0x3eff;x=0x3:p=0xfff:pred=0x3ff3:exp=0x3ffc
ex287,14,8,reverse_comp_all,reverse,16,4096,0,0.003906,x=0x0:p=0x3fff:pred=0x0:exp=0x3fff;x=0x1:p=0x1fff:pred=0x80:exp=0x3fef;x=0x2:p=0x2fff:pred=0x1:exp=0x3eff
ex287,14,8,reverse_comp_all,comp_reverse,36,4096,0,0.008789,x=0x1:p=0x1fff:pred=0x3f7f:exp=0x3fef;x=0x2:p=0x2fff:pred=0x3ffe:exp=0x3eff;x=0x3:p=0xfff:pred=0x33ff:exp=0x3ffc
ex287,14,8,reverse_comp_all,pair_swap,3,4096,0,0.000732,x=0x0:p=0x3fff:pred=0x0:exp=0x3fff;x=0x1:p=0x1fff:pred=0x80:exp=0x3fef;x=0x2:p=0x2fff:pred=0x2000:exp=0x3eff
ex287,14,8,reverse_comp_all,comp_pair_swap,18,4096,0,0.004395,x=0x1:p=0x1fff:pred=0x3f7f:exp=0x3fef;x=0x2:p=0x2fff:pred=0x1fff:exp=0x3eff;x=0x3:p=0xfff:pred=0x3ff3:exp=0x3ffc
ex287,14,8,reverse_comp_except_split,identity,0,4096,0,0.000000,x=0x0:p=0x3fdf:pred=0x0:exp=0x3fef;x=0x1:p=0x1fdf:pred=0x40:exp=0x2fef;x=0x2:p=0x2fdf:pred=0x2000:exp=0x3efe
ex287,14,8,reverse_comp_except_split,comp,0,4096,0,0.000000,x=0x0:p=0x3fdf:pred=0x3fff:exp=0x3fef;x=0x1:p=0x1fdf:pred=0x3fbf:exp=0x2fef;x=0x2:p=0x2fdf:pred=0x1fff:exp=0x3efe
ex287,14,8,reverse_comp_except_split,reverse,0,4096,0,0.000000,x=0x0:p=0x3fdf:pred=0x0:exp=0x3fef;x=0x1:p=0x1fdf:pred=0x80:exp=0x2fef;x=0x2:p=0x2fdf:pred=0x1:exp=0x3efe
ex287,14,8,reverse_comp_except_split,comp_reverse,0,4096,0,0.000000,x=0x0:p=0x3fdf:pred=0x3fff:exp=0x3fef;x=0x1:p=0x1fdf:pred=0x3f7f:exp=0x2fef;x=0x2:p=0x2fdf:pred=0x3ffe:exp=0x3efe
ex287,14,8,reverse_comp_except_split,pair_swap,0,4096,0,0.000000,x=0x0:p=0x3fdf:pred=0x0:exp=0x3fef;x=0x1:p=0x1fdf:pred=0x80:exp=0x2fef;x=0x2:p=0x2fdf:pred=0x2000:exp=0x3efe
ex287,14,8,reverse_comp_except_split,comp_pair_swap,0,4096,0,0.000000,x=0x0:p=0x3fdf:pred=0x3fff:exp=0x3fef;x=0x1:p=0x1fdf:pred=0x3f7f:exp=0x2fef;x=0x2:p=0x2fdf:pred=0x1fff:exp=0x3efe
ex287,14,8,reverse,identity,97,4096,0,0.023682,x=0x20:p=0x100:pred=0x800:exp=0x8;x=0x21:p=0x2100:pred=0x440:exp=0xa00;x=0x22:p=0x1100:pred=0x2200:exp=0x28
ex287,14,8,reverse,comp,72,4096,0,0.017578,x=0x20:p=0x100:pred=0x37ff:exp=0x8;x=0x21:p=0x2100:pred=0x3bbf:exp=0xa00;x=0x22:p=0x1100:pred=0x1dff:exp=0x28
ex287,14,8,reverse,reverse,43,4096,0,0.010498,x=0x20:p=0x100:pred=0x4:exp=0x8;x=0x21:p=0x2100:pred=0x88:exp=0xa00;x=0x22:p=0x1100:pred=0x11:exp=0x28
ex287,14,8,reverse,comp_reverse,16,4096,0,0.003906,x=0x20:p=0x100:pred=0x3ffb:exp=0x8;x=0x21:p=0x2100:pred=0x3f77:exp=0xa00;x=0x22:p=0x1100:pred=0x3fee:exp=0x28
ex287,14,8,reverse,pair_swap,14,4096,0,0.003418,x=0x20:p=0x100:pred=0x800:exp=0x8;x=0x21:p=0x2100:pred=0x480:exp=0xa00;x=0x22:p=0x1100:pred=0x2100:exp=0x28
ex287,14,8,reverse,comp_pair_swap,0,4096,0,0.000000,x=0x20:p=0x100:pred=0x37ff:exp=0x8;x=0x21:p=0x2100:pred=0x3b7f:exp=0xa00;x=0x22:p=0x1100:pred=0x1eff:exp=0x28
ex287,14,9,comp_all,identity,228,8192,0,0.027832,x=0x0:p=0x3fff:pred=0x0:exp=0x3fff;x=0x1:p=0x3ffe:pred=0x40:exp=0x3ffd;x=0x2:p=0x3ffd:pred=0x2000:exp=0x3ffb
ex287,14,9,comp_all,comp,1,8192,0,0.000122,x=0x1:p=0x3ffe:pred=0x3fbf:exp=0x3ffd;x=0x2:p=0x3ffd:pred=0x1fff:exp=0x3ffb;x=0x3:p=0x3ffc:pred=0x3ff3:exp=0xfff
ex287,14,9,comp_all,reverse,0,8192,0,0.000000,x=0x0:p=0x3fff:pred=0x0:exp=0x3fff;x=0x1:p=0x3ffe:pred=0x80:exp=0x3ffd;x=0x2:p=0x3ffd:pred=0x1:exp=0x3ffb
ex287,14,9,comp_all,comp_reverse,216,8192,0,0.026367,x=0x1:p=0x3ffe:pred=0x3f7f:exp=0x3ffd;x=0x2:p=0x3ffd:pred=0x3ffe:exp=0x3ffb;x=0x3:p=0x3ffc:pred=0x33ff:exp=0xfff
ex287,14,9,comp_all,pair_swap,20,8192,0,0.002441,x=0x0:p=0x3fff:pred=0x0:exp=0x3fff;x=0x1:p=0x3ffe:pred=0x80:exp=0x3ffd;x=0x2:p=0x3ffd:pred=0x2000:exp=0x3ffb
ex287,14,9,comp_all,comp_pair_swap,1,8192,0,0.000122,x=0x1:p=0x3ffe:pred=0x3f7f:exp=0x3ffd;x=0x2:p=0x3ffd:pred=0x1fff:exp=0x3ffb;x=0x3:p=0x3ffc:pred=0x3ff3:exp=0xfff
ex287,14,9,reverse_comp_all,identity,48,4096,0,0.011719,x=0x0:p=0x3fff:pred=0x0:exp=0x3fff;x=0x1:p=0x1fff:pred=0x40:exp=0x3fef;x=0x2:p=0x2fff:pred=0x2000:exp=0x3eff
ex287,14,9,reverse_comp_all,comp,150,4096,0,0.036621,x=0x1:p=0x1fff:pred=0x3fbf:exp=0x3fef;x=0x2:p=0x2fff:pred=0x1fff:exp=0x3eff;x=0x3:p=0xfff:pred=0x3ff3:exp=0x3ffc
ex287,14,9,reverse_comp_all,reverse,16,4096,0,0.003906,x=0x0:p=0x3fff:pred=0x0:exp=0x3fff;x=0x1:p=0x1fff:pred=0x80:exp=0x3fef;x=0x2:p=0x2fff:pred=0x1:exp=0x3eff
ex287,14,9,reverse_comp_all,comp_reverse,36,4096,0,0.008789,x=0x1:p=0x1fff:pred=0x3f7f:exp=0x3fef;x=0x2:p=0x2fff:pred=0x3ffe:exp=0x3eff;x=0x3:p=0xfff:pred=0x33ff:exp=0x3ffc
ex287,14,9,reverse_comp_all,pair_swap,3,4096,0,0.000732,x=0x0:p=0x3fff:pred=0x0:exp=0x3fff;x=0x1:p=0x1fff:pred=0x80:exp=0x3fef;x=0x2:p=0x2fff:pred=0x2000:exp=0x3eff
ex287,14,9,reverse_comp_all,comp_pair_swap,18,4096,0,0.004395,x=0x1:p=0x1fff:pred=0x3f7f:exp=0x3fef;x=0x2:p=0x2fff:pred=0x1fff:exp=0x3eff;x=0x3:p=0xfff:pred=0x3ff3:exp=0x3ffc
ex287,14,9,reverse_comp_except_split,identity,0,4096,0,0.000000,x=0x0:p=0x3fef:pred=0x0:exp=0x3fef;x=0x1:p=0x1fef:pred=0x40:exp=0x2fef;x=0x2:p=0x2fef:pred=0x2000:exp=0x3efe
ex287,14,9,reverse_comp_except_split,comp,0,4096,0,0.000000,x=0x0:p=0x3fef:pred=0x3fff:exp=0x3fef;x=0x1:p=0x1fef:pred=0x3fbf:exp=0x2fef;x=0x2:p=0x2fef:pred=0x1fff:exp=0x3efe
ex287,14,9,reverse_comp_except_split,reverse,0,4096,0,0.000000,x=0x0:p=0x3fef:pred=0x0:exp=0x3fef;x=0x1:p=0x1fef:pred=0x80:exp=0x2fef;x=0x2:p=0x2fef:pred=0x1:exp=0x3efe
ex287,14,9,reverse_comp_except_split,comp_reverse,0,4096,0,0.000000,x=0x0:p=0x3fef:pred=0x3fff:exp=0x3fef;x=0x1:p=0x1fef:pred=0x3f7f:exp=0x2fef;x=0x2:p=0x2fef:pred=0x3ffe:exp=0x3efe
ex287,14,9,reverse_comp_except_split,pair_swap,0,4096,0,0.000000,x=0x0:p=0x3fef:pred=0x0:exp=0x3fef;x=0x1:p=0x1fef:pred=0x80:exp=0x2fef;x=0x2:p=0x2fef:pred=0x2000:exp=0x3efe
ex287,14,9,reverse_comp_except_split,comp_pair_swap,0,4096,0,0.000000,x=0x0:p=0x3fef:pred=0x3fff:exp=0x3fef;x=0x1:p=0x1fef:pred=0x3f7f:exp=0x2fef;x=0x2:p=0x2fef:pred=0x1fff:exp=0x3efe
ex287,14,9,reverse,identity,97,4096,0,0.023682,x=0x10:p=0x200:pred=0x800:exp=0x8;x=0x11:p=0x2200:pred=0x440:exp=0xa00;x=0x12:p=0x1200:pred=0x2200:exp=0x28
ex287,14,9,reverse,comp,72,4096,0,0.017578,x=0x10:p=0x200:pred=0x37ff:exp=0x8;x=0x11:p=0x2200:pred=0x3bbf:exp=0xa00;x=0x12:p=0x1200:pred=0x1dff:exp=0x28
ex287,14,9,reverse,reverse,43,4096,0,0.010498,x=0x10:p=0x200:pred=0x4:exp=0x8;x=0x11:p=0x2200:pred=0x88:exp=0xa00;x=0x12:p=0x1200:pred=0x11:exp=0x28
ex287,14,9,reverse,comp_reverse,16,4096,0,0.003906,x=0x10:p=0x200:pred=0x3ffb:exp=0x8;x=0x11:p=0x2200:pred=0x3f77:exp=0xa00;x=0x12:p=0x1200:pred=0x3fee:exp=0x28
ex287,14,9,reverse,pair_swap,14,4096,0,0.003418,x=0x10:p=0x200:pred=0x800:exp=0x8;x=0x11:p=0x2200:pred=0x480:exp=0xa00;x=0x12:p=0x1200:pred=0x2100:exp=0x28
ex287,14,9,reverse,comp_pair_swap,0,4096,0,0.000000,x=0x10:p=0x200:pred=0x37ff:exp=0x8;x=0x11:p=0x2200:pred=0x3b7f:exp=0xa00;x=0x12:p=0x1200:pred=0x1eff:exp=0x28
ex287,14,10,comp_all,identity,228,8192,0,0.027832,x=0x0:p=0x3fff:pred=0x0:exp=0x3fff;x=0x1:p=0x3ffe:pred=0x40:exp=0x3ffd;x=0x2:p=0x3ffd:pred=0x2000:exp=0x3ffb
ex287,14,10,comp_all,comp,1,8192,0,0.000122,x=0x1:p=0x3ffe:pred=0x3fbf:exp=0x3ffd;x=0x2:p=0x3ffd:pred=0x1fff:exp=0x3ffb;x=0x3:p=0x3ffc:pred=0x3ff3:exp=0xfff
ex287,14,10,comp_all,reverse,0,8192,0,0.000000,x=0x0:p=0x3fff:pred=0x0:exp=0x3fff;x=0x1:p=0x3ffe:pred=0x80:exp=0x3ffd;x=0x2:p=0x3ffd:pred=0x1:exp=0x3ffb
ex287,14,10,comp_all,comp_reverse,216,8192,0,0.026367,x=0x1:p=0x3ffe:pred=0x3f7f:exp=0x3ffd;x=0x2:p=0x3ffd:pred=0x3ffe:exp=0x3ffb;x=0x3:p=0x3ffc:pred=0x33ff:exp=0xfff
ex287,14,10,comp_all,pair_swap,20,8192,0,0.002441,x=0x0:p=0x3fff:pred=0x0:exp=0x3fff;x=0x1:p=0x3ffe:pred=0x80:exp=0x3ffd;x=0x2:p=0x3ffd:pred=0x2000:exp=0x3ffb
ex287,14,10,comp_all,comp_pair_swap,1,8192,0,0.000122,x=0x1:p=0x3ffe:pred=0x3f7f:exp=0x3ffd;x=0x2:p=0x3ffd:pred=0x1fff:exp=0x3ffb;x=0x3:p=0x3ffc:pred=0x3ff3:exp=0xfff
ex287,14,10,reverse_comp_all,identity,34,4096,0,0.008301,x=0x0:p=0x3fff:pred=0x0:exp=0x3fff;x=0x1:p=0x1fff:pred=0x40:exp=0x3fef;x=0x2:p=0x2fff:pred=0x2000:exp=0x3eff
ex287,14,10,reverse_comp_all,comp,121,4096,0,0.029541,x=0x1:p=0x1fff:pred=0x3fbf:exp=0x3fef;x=0x2:p=0x2fff:pred=0x1fff:exp=0x3eff;x=0x3:p=0xfff:pred=0x3ff3:exp=0x3ffc
ex287,14,10,reverse_comp_all,reverse,16,4096,0,0.003906,x=0x0:p=0x3fff:pred=0x0:exp=0x3fff;x=0x1:p=0x1fff:pred=0x80:exp=0x3fef;x=0x2:p=0x2fff:pred=0x1:exp=0x3eff
ex287,14,10,reverse_comp_all,comp_reverse,37,4096,0,0.009033,x=0x1:p=0x1fff:pred=0x3f7f:exp=0x3fef;x=0x2:p=0x2fff:pred=0x3ffe:exp=0x3eff;x=0x3:p=0xfff:pred=0x33ff:exp=0x3ffc
ex287,14,10,reverse_comp_all,pair_swap,3,4096,0,0.000732,x=0x0:p=0x3fff:pred=0x0:exp=0x3fff;x=0x1:p=0x1fff:pred=0x80:exp=0x3fef;x=0x2:p=0x2fff:pred=0x2000:exp=0x3eff
ex287,14,10,reverse_comp_all,comp_pair_swap,11,4096,0,0.002686,x=0x1:p=0x1fff:pred=0x3f7f:exp=0x3fef;x=0x2:p=0x2fff:pred=0x1fff:exp=0x3eff;x=0x3:p=0xfff:pred=0x3ff3:exp=0x3ffc
ex287,14,10,reverse_comp_except_split,identity,0,4096,0,0.000000,x=0x0:p=0x3ff7:pred=0x0:exp=0x3bff;x=0x1:p=0x1ff7:pred=0x40:exp=0x2ffb;x=0x2:p=0x2ff7:pred=0x2000:exp=0x3fbe
ex287,14,10,reverse_comp_except_split,comp,0,4096,0,0.000000,x=0x0:p=0x3ff7:pred=0x3fff:exp=0x3bff;x=0x1:p=0x1ff7:pred=0x3fbf:exp=0x2ffb;x=0x2:p=0x2ff7:pred=0x1fff:exp=0x3fbe
ex287,14,10,reverse_comp_except_split,reverse,0,4096,0,0.000000,x=0x0:p=0x3ff7:pred=0x0:exp=0x3bff;x=0x1:p=0x1ff7:pred=0x80:exp=0x2ffb;x=0x2:p=0x2ff7:pred=0x1:exp=0x3fbe
ex287,14,10,reverse_comp_except_split,comp_reverse,0,4096,0,0.000000,x=0x0:p=0x3ff7:pred=0x3fff:exp=0x3bff;x=0x1:p=0x1ff7:pred=0x3f7f:exp=0x2ffb;x=0x2:p=0x2ff7:pred=0x3ffe:exp=0x3fbe
ex287,14,10,reverse_comp_except_split,pair_swap,0,4096,0,0.000000,x=0x0:p=0x3ff7:pred=0x0:exp=0x3bff;x=0x1:p=0x1ff7:pred=0x80:exp=0x2ffb;x=0x2:p=0x2ff7:pred=0x2000:exp=0x3fbe
ex287,14,10,reverse_comp_except_split,comp_pair_swap,0,4096,0,0.000000,x=0x0:p=0x3ff7:pred=0x3fff:exp=0x3bff;x=0x1:p=0x1ff7:pred=0x3f7f:exp=0x2ffb;x=0x2:p=0x2ff7:pred=0x1fff:exp=0x3fbe
ex287,14,10,reverse,identity,68,4096,0,0.016602,x=0x8:p=0x400:pred=0x20:exp=0x10;x=0x9:p=0x2400:pred=0x50:exp=0x1100;x=0xa:p=0x1400:pred=0xa0:exp=0x11
ex287,14,10,reverse,comp,56,4096,0,0.013672,x=0x8:p=0x400:pred=0x3fdf:exp=0x10;x=0x9:p=0x2400:pred=0x3faf:exp=0x1100;x=0xa:p=0x1400:pred=0x3f5f:exp=0x11
ex287,14,10,reverse,reverse,44,4096,0,0.010742,x=0x8:p=0x400:pred=0x100:exp=0x10;x=0x9:p=0x2400:pred=0x280:exp=0x1100;x=0xa:p=0x1400:pred=0x140:exp=0x11
ex287,14,10,reverse,comp_reverse,16,4096,0,0.003906,x=0x8:p=0x400:pred=0x3eff:exp=0x10;x=0x9:p=0x2400:pred=0x3d7f:exp=0x1100;x=0xa:p=0x1400:pred=0x3ebf:exp=0x11
ex287,14,10,reverse,pair_swap,12,4096,0,0.002930,x=0x9:p=0x2400:pred=0xa0:exp=0x1100;x=0xa:p=0x1400:pred=0x50:exp=0x11;x=0xb:p=0x3400:pred=0xc20:exp=0x1300
ex287,14,10,reverse,comp_pair_swap,1,4096,0,0.000244,x=0x8:p=0x400:pred=0x3fef:exp=0x10;x=0x9:p=0x2400:pred=0x3f5f:exp=0x1100;x=0xa:p=0x1400:pred=0x3faf:exp=0x11
ex287,14,11,comp_all,identity,228,8192,0,0.027832,x=0x0:p=0x3fff:pred=0x0:exp=0x3fff;x=0x1:p=0x3ffe:pred=0x40:exp=0x3ffd;x=0x2:p=0x3ffd:pred=0x2000:exp=0x3ffb
ex287,14,11,comp_all,comp,1,8192,0,0.000122,x=0x1:p=0x3ffe:pred=0x3fbf:exp=0x3ffd;x=0x2:p=0x3ffd:pred=0x1fff:exp=0x3ffb;x=0x3:p=0x3ffc:pred=0x3ff3:exp=0xfff
ex287,14,11,comp_all,reverse,0,8192,0,0.000000,x=0x0:p=0x3fff:pred=0x0:exp=0x3fff;x=0x1:p=0x3ffe:pred=0x80:exp=0x3ffd;x=0x2:p=0x3ffd:pred=0x1:exp=0x3ffb
ex287,14,11,comp_all,comp_reverse,216,8192,0,0.026367,x=0x1:p=0x3ffe:pred=0x3f7f:exp=0x3ffd;x=0x2:p=0x3ffd:pred=0x3ffe:exp=0x3ffb;x=0x3:p=0x3ffc:pred=0x33ff:exp=0xfff
ex287,14,11,comp_all,pair_swap,20,8192,0,0.002441,x=0x0:p=0x3fff:pred=0x0:exp=0x3fff;x=0x1:p=0x3ffe:pred=0x80:exp=0x3ffd;x=0x2:p=0x3ffd:pred=0x2000:exp=0x3ffb
ex287,14,11,comp_all,comp_pair_swap,1,8192,0,0.000122,x=0x1:p=0x3ffe:pred=0x3f7f:exp=0x3ffd;x=0x2:p=0x3ffd:pred=0x1fff:exp=0x3ffb;x=0x3:p=0x3ffc:pred=0x3ff3:exp=0xfff
ex287,14,11,reverse_comp_all,identity,34,4096,0,0.008301,x=0x0:p=0x3fff:pred=0x0:exp=0x3fff;x=0x1:p=0x1fff:pred=0x40:exp=0x3fef;x=0x2:p=0x2fff:pred=0x2000:exp=0x3eff
ex287,14,11,reverse_comp_all,comp,121,4096,0,0.029541,x=0x1:p=0x1fff:pred=0x3fbf:exp=0x3fef;x=0x2:p=0x2fff:pred=0x1fff:exp=0x3eff;x=0x3:p=0xfff:pred=0x3ff3:exp=0x3ffc
ex287,14,11,reverse_comp_all,reverse,16,4096,0,0.003906,x=0x0:p=0x3fff:pred=0x0:exp=0x3fff;x=0x1:p=0x1fff:pred=0x80:exp=0x3fef;x=0x2:p=0x2fff:pred=0x1:exp=0x3eff
ex287,14,11,reverse_comp_all,comp_reverse,37,4096,0,0.009033,x=0x1:p=0x1fff:pred=0x3f7f:exp=0x3fef;x=0x2:p=0x2fff:pred=0x3ffe:exp=0x3eff;x=0x3:p=0xfff:pred=0x33ff:exp=0x3ffc
ex287,14,11,reverse_comp_all,pair_swap,2,4096,0,0.000488,x=0x0:p=0x3fff:pred=0x0:exp=0x3fff;x=0x1:p=0x1fff:pred=0x80:exp=0x3fef;x=0x2:p=0x2fff:pred=0x2000:exp=0x3eff
ex287,14,11,reverse_comp_all,comp_pair_swap,10,4096,0,0.002441,x=0x1:p=0x1fff:pred=0x3f7f:exp=0x3fef;x=0x2:p=0x2fff:pred=0x1fff:exp=0x3eff;x=0x3:p=0xfff:pred=0x3ff3:exp=0x3ffc
ex287,14,11,reverse_comp_except_split,identity,0,4096,0,0.000000,x=0x0:p=0x3ffb:pred=0x0:exp=0x3fbf;x=0x1:p=0x1ffb:pred=0x40:exp=0x3fbe;x=0x2:p=0x2ffb:pred=0x2000:exp=0x2ffb
ex287,14,11,reverse_comp_except_split,comp,0,4096,0,0.000000,x=0x0:p=0x3ffb:pred=0x3fff:exp=0x3fbf;x=0x1:p=0x1ffb:pred=0x3fbf:exp=0x3fbe;x=0x2:p=0x2ffb:pred=0x1fff:exp=0x2ffb
ex287,14,11,reverse_comp_except_split,reverse,0,4096,0,0.000000,x=0x0:p=0x3ffb:pred=0x0:exp=0x3fbf;x=0x1:p=0x1ffb:pred=0x80:exp=0x3fbe;x=0x2:p=0x2ffb:pred=0x1:exp=0x2ffb
ex287,14,11,reverse_comp_except_split,comp_reverse,0,4096,0,0.000000,x=0x0:p=0x3ffb:pred=0x3fff:exp=0x3fbf;x=0x1:p=0x1ffb:pred=0x3f7f:exp=0x3fbe;x=0x2:p=0x2ffb:pred=0x3ffe:exp=0x2ffb
ex287,14,11,reverse_comp_except_split,pair_swap,0,4096,0,0.000000,x=0x0:p=0x3ffb:pred=0x0:exp=0x3fbf;x=0x1:p=0x1ffb:pred=0x80:exp=0x3fbe;x=0x2:p=0x2ffb:pred=0x2000:exp=0x2ffb
ex287,14,11,reverse_comp_except_split,comp_pair_swap,0,4096,0,0.000000,x=0x0:p=0x3ffb:pred=0x3fff:exp=0x3fbf;x=0x1:p=0x1ffb:pred=0x3f7f:exp=0x3fbe;x=0x2:p=0x2ffb:pred=0x1fff:exp=0x2ffb
ex287,14,11,reverse,identity,68,4096,0,0.016602,x=0x4:p=0x800:pred=0x200:exp=0x8;x=0x5:p=0x2800:pred=0x500:exp=0xa00;x=0x6:p=0x1800:pred=0xa00:exp=0x28
ex287,14,11,reverse,comp,56,4096,0,0.013672,x=0x4:p=0x800:pred=0x3dff:exp=0x8;x=0x5:p=0x2800:pred=0x3aff:exp=0xa00;x=0x6:p=0x1800:pred=0x35ff:exp=0x28
ex287,14,11,reverse,reverse,44,4096,0,0.010742,x=0x4:p=0x800:pred=0x10:exp=0x8;x=0x5:p=0x2800:pred=0x28:exp=0xa00;x=0x6:p=0x1800:pred=0x14:exp=0x28
ex287,14,11,reverse,comp_reverse,16,4096,0,0.003906,x=0x4:p=0x800:pred=0x3fef:exp=0x8;x=0x5:p=0x2800:pred=0x3fd7:exp=0xa00;x=0x6:p=0x1800:pred=0x3feb:exp=0x28
ex287,14,11,reverse,pair_swap,11,4096,0,0.002686,x=0x4:p=0x800:pred=0x100:exp=0x8;x=0x5:p=0x2800:pred=0x600:exp=0xa00;x=0x6:p=0x1800:pred=0x900:exp=0x28
ex287,14,11,reverse,comp_pair_swap,0,4096,0,0.000000,x=0x4:p=0x800:pred=0x3eff:exp=0x8;x=0x5:p=0x2800:pred=0x39ff:exp=0xa00;x=0x6:p=0x1800:pred=0x36ff:exp=0x28
ex287,14,12,comp_all,identity,228,8192,0,0.027832,x=0x0:p=0x3fff:pred=0x0:exp=0x3fff;x=0x1:p=0x3ffe:pred=0x40:exp=0x3ffd;x=0x2:p=0x3ffd:pred=0x2000:exp=0x3ffb
ex287,14,12,comp_all,comp,1,8192,0,0.000122,x=0x1:p=0x3ffe:pred=0x3fbf:exp=0x3ffd;x=0x2:p=0x3ffd:pred=0x1fff:exp=0x3ffb;x=0x3:p=0x3ffc:pred=0x3ff3:exp=0xfff
ex287,14,12,comp_all,reverse,0,8192,0,0.000000,x=0x0:p=0x3fff:pred=0x0:exp=0x3fff;x=0x1:p=0x3ffe:pred=0x80:exp=0x3ffd;x=0x2:p=0x3ffd:pred=0x1:exp=0x3ffb
ex287,14,12,comp_all,comp_reverse,216,8192,0,0.026367,x=0x1:p=0x3ffe:pred=0x3f7f:exp=0x3ffd;x=0x2:p=0x3ffd:pred=0x3ffe:exp=0x3ffb;x=0x3:p=0x3ffc:pred=0x33ff:exp=0xfff
ex287,14,12,comp_all,pair_swap,20,8192,0,0.002441,x=0x0:p=0x3fff:pred=0x0:exp=0x3fff;x=0x1:p=0x3ffe:pred=0x80:exp=0x3ffd;x=0x2:p=0x3ffd:pred=0x2000:exp=0x3ffb
ex287,14,12,comp_all,comp_pair_swap,1,8192,0,0.000122,x=0x1:p=0x3ffe:pred=0x3f7f:exp=0x3ffd;x=0x2:p=0x3ffd:pred=0x1fff:exp=0x3ffb;x=0x3:p=0x3ffc:pred=0x3ff3:exp=0xfff
ex287,14,12,reverse_comp_all,identity,34,4096,0,0.008301,x=0x0:p=0x3fff:pred=0x0:exp=0x3fff;x=0x1:p=0x1fff:pred=0x40:exp=0x3fef;x=0x4:p=0x37ff:pred=0x200:exp=0x3eff
ex287,14,12,reverse_comp_all,comp,112,4096,0,0.027344,x=0x1:p=0x1fff:pred=0x3fbf:exp=0x3fef;x=0x4:p=0x37ff:pred=0x3dff:exp=0x3eff;x=0x5:p=0x17ff:pred=0x3aff:exp=0x3fee
ex287,14,12,reverse_comp_all,reverse,16,4096,0,0.003906,x=0x0:p=0x3fff:pred=0x0:exp=0x3fff;x=0x1:p=0x1fff:pred=0x80:exp=0x3fef;x=0x4:p=0x37ff:pred=0x10:exp=0x3eff
ex287,14,12,reverse_comp_all,comp_reverse,30,4096,0,0.007324,x=0x1:p=0x1fff:pred=0x3f7f:exp=0x3fef;x=0x4:p=0x37ff:pred=0x3fef:exp=0x3eff;x=0x5:p=0x17ff:pred=0x3fd7:exp=0x3fee
ex287,14,12,reverse_comp_all,pair_swap,2,4096,0,0.000488,x=0x0:p=0x3fff:pred=0x0:exp=0x3fff;x=0x1:p=0x1fff:pred=0x80:exp=0x3fef;x=0x4:p=0x37ff:pred=0x100:exp=0x3eff
ex287,14,12,reverse_comp_all,comp_pair_swap,13,4096,0,0.003174,x=0x1:p=0x1fff:pred=0x3f7f:exp=0x3fef;x=0x5:p=0x17ff:pred=0x39ff:exp=0x3fee;x=0x8:p=0x3bff:pred=0x3fef:exp=0x37ff
ex287,14,12,reverse_comp_except_split,identity,0,4096,0,0.000000,x=0x0:p=0x3ffd:pred=0x0:exp=0x3ffb;x=0x1:p=0x1ffd:pred=0x40:exp=0x3bef;x=0x4:p=0x37fd:pred=0x200:exp=0x3bfe
ex287,14,12,reverse_comp_except_split,comp,0,4096,0,0.000000,x=0x0:p=0x3ffd:pred=0x3fff:exp=0x3ffb;x=0x1:p=0x1ffd:pred=0x3fbf:exp=0x3bef;x=0x4:p=0x37fd:pred=0x3dff:exp=0x3bfe
ex287,14,12,reverse_comp_except_split,reverse,0,4096,0,0.000000,x=0x0:p=0x3ffd:pred=0x0:exp=0x3ffb;x=0x1:p=0x1ffd:pred=0x80:exp=0x3bef;x=0x4:p=0x37fd:pred=0x10:exp=0x3bfe
ex287,14,12,reverse_comp_except_split,comp_reverse,0,4096,0,0.000000,x=0x0:p=0x3ffd:pred=0x3fff:exp=0x3ffb;x=0x1:p=0x1ffd:pred=0x3f7f:exp=0x3bef;x=0x4:p=0x37fd:pred=0x3fef:exp=0x3bfe
ex287,14,12,reverse_comp_except_split,pair_swap,0,4096,0,0.000000,x=0x0:p=0x3ffd:pred=0x0:exp=0x3ffb;x=0x1:p=0x1ffd:pred=0x80:exp=0x3bef;x=0x4:p=0x37fd:pred=0x100:exp=0x3bfe
ex287,14,12,reverse_comp_except_split,comp_pair_swap,0,4096,0,0.000000,x=0x0:p=0x3ffd:pred=0x3fff:exp=0x3ffb;x=0x1:p=0x1ffd:pred=0x3f7f:exp=0x3bef;x=0x4:p=0x37fd:pred=0x3eff:exp=0x3bfe
ex287,14,12,reverse,identity,68,4096,0,0.016602,x=0x2:p=0x1000:pred=0x2000:exp=0x20;x=0x3:p=0x3000:pred=0xc:exp=0x3000;x=0x6:p=0x1800:pred=0xa00:exp=0x28
ex287,14,12,reverse,comp,56,4096,0,0.013672,x=0x2:p=0x1000:pred=0x1fff:exp=0x20;x=0x3:p=0x3000:pred=0x3ff3:exp=0x3000;x=0x6:p=0x1800:pred=0x35ff:exp=0x28
ex287,14,12,reverse,reverse,37,4096,0,0.009033,x=0x2:p=0x1000:pred=0x1:exp=0x20;x=0x3:p=0x3000:pred=0xc00:exp=0x3000;x=0x6:p=0x1800:pred=0x14:exp=0x28
ex287,14,12,reverse,comp_reverse,16,4096,0,0.003906,x=0x2:p=0x1000:pred=0x3ffe:exp=0x20;x=0x3:p=0x3000:pred=0x33ff:exp=0x3000;x=0x6:p=0x1800:pred=0x3feb:exp=0x28
ex287,14,12,reverse,pair_swap,11,4096,0,0.002686,x=0x2:p=0x1000:pred=0x2000:exp=0x20;x=0x3:p=0x3000:pred=0xc:exp=0x3000;x=0x6:p=0x1800:pred=0x900:exp=0x28
ex287,14,12,reverse,comp_pair_swap,1,4096,0,0.000244,x=0x2:p=0x1000:pred=0x1fff:exp=0x20;x=0x3:p=0x3000:pred=0x3ff3:exp=0x3000;x=0x6:p=0x1800:pred=0x36ff:exp=0x28
ex287,14,13,comp_all,identity,228,8192,0,0.027832,x=0x0:p=0x3fff:pred=0x0:exp=0x3fff;x=0x1:p=0x3ffe:pred=0x40:exp=0x3ffd;x=0x2:p=0x3ffd:pred=0x2000:exp=0x3ffb
ex287,14,13,comp_all,comp,1,8192,0,0.000122,x=0x1:p=0x3ffe:pred=0x3fbf:exp=0x3ffd;x=0x2:p=0x3ffd:pred=0x1fff:exp=0x3ffb;x=0x3:p=0x3ffc:pred=0x3ff3:exp=0xfff
ex287,14,13,comp_all,reverse,0,8192,0,0.000000,x=0x0:p=0x3fff:pred=0x0:exp=0x3fff;x=0x1:p=0x3ffe:pred=0x80:exp=0x3ffd;x=0x2:p=0x3ffd:pred=0x1:exp=0x3ffb
ex287,14,13,comp_all,comp_reverse,216,8192,0,0.026367,x=0x1:p=0x3ffe:pred=0x3f7f:exp=0x3ffd;x=0x2:p=0x3ffd:pred=0x3ffe:exp=0x3ffb;x=0x3:p=0x3ffc:pred=0x33ff:exp=0xfff
ex287,14,13,comp_all,pair_swap,20,8192,0,0.002441,x=0x0:p=0x3fff:pred=0x0:exp=0x3fff;x=0x1:p=0x3ffe:pred=0x80:exp=0x3ffd;x=0x2:p=0x3ffd:pred=0x2000:exp=0x3ffb
ex287,14,13,comp_all,comp_pair_swap,1,8192,0,0.000122,x=0x1:p=0x3ffe:pred=0x3f7f:exp=0x3ffd;x=0x2:p=0x3ffd:pred=0x1fff:exp=0x3ffb;x=0x3:p=0x3ffc:pred=0x3ff3:exp=0xfff
ex287,14,13,reverse_comp_all,identity,34,4096,0,0.008301,x=0x0:p=0x3fff:pred=0x0:exp=0x3fff;x=0x2:p=0x2fff:pred=0x2000:exp=0x3eff;x=0x4:p=0x37ff:pred=0x200:exp=0x3eff
ex287,14,13,reverse_comp_all,comp,112,4096,0,0.027344,x=0x2:p=0x2fff:pred=0x1fff:exp=0x3eff;x=0x4:p=0x37ff:pred=0x3dff:exp=0x3eff;x=0x6:p=0x27ff:pred=0x35ff:exp=0x2eff
ex287,14,13,reverse_comp_all,reverse,16,4096,0,0.003906,x=0x0:p=0x3fff:pred=0x0:exp=0x3fff;x=0x2:p=0x2fff:pred=0x1:exp=0x3eff;x=0x4:p=0x37ff:pred=0x10:exp=0x3eff
ex287,14,13,reverse_comp_all,comp_reverse,38,4096,0,0.009277,x=0x2:p=0x2fff:pred=0x3ffe:exp=0x3eff;x=0x4:p=0x37ff:pred=0x3fef:exp=0x3eff;x=0x6:p=0x27ff:pred=0x3feb:exp=0x2eff
ex287,14,13,reverse_comp_all,pair_swap,2,4096,0,0.000488,x=0x0:p=0x3fff:pred=0x0:exp=0x3fff;x=0x2:p=0x2fff:pred=0x2000:exp=0x3eff;x=0x4:p=0x37ff:pred=0x100:exp=0x3eff
ex287,14,13,reverse_comp_all,comp_pair_swap,13,4096,0,0.003174,x=0x2:p=0x2fff:pred=0x1fff:exp=0x3eff;x=0x6:p=0x27ff:pred=0x36ff:exp=0x2eff;x=0x8:p=0x3bff:pred=0x3fef:exp=0x37ff
ex287,14,13,reverse_comp_except_split,identity,0,4096,0,0.000000,x=0x0:p=0x3ffe:pred=0x0:exp=0x3ffd;x=0x2:p=0x2ffe:pred=0x2000:exp=0x3ddf;x=0x4:p=0x37fe:pred=0x200:exp=0x3df7
ex287,14,13,reverse_comp_except_split,comp,0,4096,0,0.000000,x=0x0:p=0x3ffe:pred=0x3fff:exp=0x3ffd;x=0x2:p=0x2ffe:pred=0x1fff:exp=0x3ddf;x=0x4:p=0x37fe:pred=0x3dff:exp=0x3df7
ex287,14,13,reverse_comp_except_split,reverse,0,4096,0,0.000000,x=0x0:p=0x3ffe:pred=0x0:exp=0x3ffd;x=0x2:p=0x2ffe:pred=0x1:exp=0x3ddf;x=0x4:p=0x37fe:pred=0x10:exp=0x3df7
ex287,14,13,reverse_comp_except_split,comp_reverse,0,4096,0,0.000000,x=0x0:p=0x3ffe:pred=0x3fff:exp=0x3ffd;x=0x2:p=0x2ffe:pred=0x3ffe:exp=0x3ddf;x=0x4:p=0x37fe:pred=0x3fef:exp=0x3df7
ex287,14,13,reverse_comp_except_split,pair_swap,0,4096,0,0.000000,x=0x0:p=0x3ffe:pred=0x0:exp=0x3ffd;x=0x2:p=0x2ffe:pred=0x2000:exp=0x3ddf;x=0x4:p=0x37fe:pred=0x100:exp=0x3df7
ex287,14,13,reverse_comp_except_split,comp_pair_swap,0,4096,0,0.000000,x=0x0:p=0x3ffe:pred=0x3fff:exp=0x3ffd;x=0x2:p=0x2ffe:pred=0x1fff:exp=0x3ddf;x=0x4:p=0x37fe:pred=0x3eff:exp=0x3df7
ex287,14,13,reverse,identity,68,4096,0,0.016602,x=0x1:p=0x2000:pred=0x40:exp=0x200;x=0x3:p=0x3000:pred=0xc:exp=0x3000;x=0x5:p=0x2800:pred=0x500:exp=0xa00
ex287,14,13,reverse,comp,56,4096,0,0.013672,x=0x1:p=0x2000:pred=0x3fbf:exp=0x200;x=0x3:p=0x3000:pred=0x3ff3:exp=0x3000;x=0x5:p=0x2800:pred=0x3aff:exp=0xa00
ex287,14,13,reverse,reverse,43,4096,0,0.010498,x=0x1:p=0x2000:pred=0x80:exp=0x200;x=0x3:p=0x3000:pred=0xc00:exp=0x3000;x=0x5:p=0x2800:pred=0x28:exp=0xa00
ex287,14,13,reverse,comp_reverse,16,4096,0,0.003906,x=0x1:p=0x2000:pred=0x3f7f:exp=0x200;x=0x3:p=0x3000:pred=0x33ff:exp=0x3000;x=0x5:p=0x2800:pred=0x3fd7:exp=0xa00
ex287,14,13,reverse,pair_swap,11,4096,0,0.002686,x=0x1:p=0x2000:pred=0x80:exp=0x200;x=0x3:p=0x3000:pred=0xc:exp=0x3000;x=0x5:p=0x2800:pred=0x600:exp=0xa00
ex287,14,13,reverse,comp_pair_swap,1,4096,0,0.000244,x=0x1:p=0x2000:pred=0x3f7f:exp=0x200;x=0x3:p=0x3000:pred=0x3ff3:exp=0x3000;x=0x5:p=0x2800:pred=0x39ff:exp=0xa00
ex288,15,0,comp_all,identity,0,16384,0,0.000000,x=0x0:p=0x7fff:pred=0x0:exp=0x7fff;x=0x2:p=0x7ffd:pred=0x2000:exp=0x7ffb;x=0x4:p=0x7ffb:pred=0x200:exp=0x7fbf
ex288,15,0,comp_all,comp,1,16384,0,0.000061,x=0x2:p=0x7ffd:pred=0x5fff:exp=0x7ffb;x=0x4:p=0x7ffb:pred=0x7dff:exp=0x7fbf;x=0x6:p=0x7ff9:pred=0x75ff:exp=0x7faf
ex288,15,0,comp_all,reverse,0,16384,0,0.000000,x=0x0:p=0x7fff:pred=0x0:exp=0x7fff;x=0x2:p=0x7ffd:pred=0x2:exp=0x7ffb;x=0x4:p=0x7ffb:pred=0x20:exp=0x7fbf
ex288,15,0,comp_all,comp_reverse,8,16384,0,0.000488,x=0x2:p=0x7ffd:pred=0x7ffd:exp=0x7ffb;x=0x4:p=0x7ffb:pred=0x7fdf:exp=0x7fbf;x=0x6:p=0x7ff9:pred=0x7fd7:exp=0x7faf
ex288,15,0,comp_all,pair_swap,0,16384,0,0.000000,x=0x0:p=0x7fff:pred=0x0:exp=0x7fff;x=0x2:p=0x7ffd:pred=0x2000:exp=0x7ffb;x=0x4:p=0x7ffb:pred=0x100:exp=0x7fbf
ex288,15,0,comp_all,comp_pair_swap,3,16384,0,0.000183,x=0x2:p=0x7ffd:pred=0x5fff:exp=0x7ffb;x=0x4:p=0x7ffb:pred=0x7eff:exp=0x7fbf;x=0x6:p=0x7ff9:pred=0x76ff:exp=0x7faf
ex288,15,0,reverse_comp_all,identity,0,8192,0,0.000000,x=0x0:p=0x7fff:pred=0x0:exp=0x7fff;x=0x2:p=0x5fff:pred=0x2000:exp=0x7eff;x=0x4:p=0x6fff:pred=0x200:exp=0x3fff
ex288,15,0,reverse_comp_all,comp,11,8192,0,0.001343,x=0x2:p=0x5fff:pred=0x5fff:exp=0x7eff;x=0x4:p=0x6fff:pred=0x7dff:exp=0x3fff;x=0x6:p=0x4fff:pred=0x75ff:exp=0x7cff
ex288,15,0,reverse_comp_all,reverse,0,8192,0,0.000000,x=0x0:p=0x7fff:pred=0x0:exp=0x7fff;x=0x2:p=0x5fff:pred=0x2:exp=0x7eff;x=0x4:p=0x6fff:pred=0x20:exp=0x3fff
ex288,15,0,reverse_comp_all,comp_reverse,13,8192,0,0.001587,x=0x2:p=0x5fff:pred=0x7ffd:exp=0x7eff;x=0x4:p=0x6fff:pred=0x7fdf:exp=0x3fff;x=0x6:p=0x4fff:pred=0x7fd7:exp=0x7cff
ex288,15,0,reverse_comp_all,pair_swap,0,8192,0,0.000000,x=0x0:p=0x7fff:pred=0x0:exp=0x7fff;x=0x2:p=0x5fff:pred=0x2000:exp=0x7eff;x=0x4:p=0x6fff:pred=0x100:exp=0x3fff
ex288,15,0,reverse_comp_all,comp_pair_swap,6,8192,0,0.000732,x=0x2:p=0x5fff:pred=0x5fff:exp=0x7eff;x=0x4:p=0x6fff:pred=0x7eff:exp=0x3fff;x=0x6:p=0x4fff:pred=0x76ff:exp=0x7cff
ex288,15,0,reverse_comp_except_split,identity,0,8192,0,0.000000,x=0x0:p=0x3fff:pred=0x0:exp=0x7fbf;x=0x2:p=0x1fff:pred=0x2000:exp=0x7ffa;x=0x4:p=0x2fff:pred=0x200:exp=0x7faf
ex288,15,0,reverse_comp_except_split,comp,0,8192,0,0.000000,x=0x0:p=0x3fff:pred=0x7fff:exp=0x7fbf;x=0x2:p=0x1fff:pred=0x5fff:exp=0x7ffa;x=0x4:p=0x2fff:pred=0x7dff:exp=0x7faf
ex288,15,0,reverse_comp_except_split,reverse,4,8192,0,0.000488,x=0x0:p=0x3fff:pred=0x0:exp=0x7fbf;x=0x2:p=0x1fff:pred=0x2:exp=0x7ffa;x=0x4:p=0x2fff:pred=0x20:exp=0x7faf
ex288,15,0,reverse_comp_except_split,comp_reverse,0,8192,0,0.000000,x=0x0:p=0x3fff:pred=0x7fff:exp=0x7fbf;x=0x2:p=0x1fff:pred=0x7ffd:exp=0x7ffa;x=0x4:p=0x2fff:pred=0x7fdf:exp=0x7faf
ex288,15,0,reverse_comp_except_split,pair_swap,0,8192,0,0.000000,x=0x0:p=0x3fff:pred=0x0:exp=0x7fbf;x=0x2:p=0x1fff:pred=0x2000:exp=0x7ffa;x=0x4:p=0x2fff:pred=0x100:exp=0x7faf
ex288,15,0,reverse_comp_except_split,comp_pair_swap,0,8192,0,0.000000,x=0x0:p=0x3fff:pred=0x7fff:exp=0x7fbf;x=0x2:p=0x1fff:pred=0x5fff:exp=0x7ffa;x=0x4:p=0x2fff:pred=0x7eff:exp=0x7faf
ex288,15,0,reverse,identity,6,8192,0,0.000732,x=0x4000:p=0x1:pred=0x100:exp=0x4000;x=0x4002:p=0x2001:pred=0x420:exp=0x440;x=0x4004:p=0x1001:pred=0x1002:exp=0x1001
ex288,15,0,reverse,comp,0,8192,0,0.000000,x=0x4000:p=0x1:pred=0x7eff:exp=0x4000;x=0x4002:p=0x2001:pred=0x7bdf:exp=0x440;x=0x4004:p=0x1001:pred=0x6ffd:exp=0x1001
ex288,15,0,reverse,reverse,5,8192,0,0.000610,x=0x4000:p=0x1:pred=0x40:exp=0x4000;x=0x4002:p=0x2001:pred=0x210:exp=0x440;x=0x4004:p=0x1001:pred=0x2004:exp=0x1001
ex288,15,0,reverse,comp_reverse,0,8192,0,0.000000,x=0x4000:p=0x1:pred=0x7fbf:exp=0x4000;x=0x4002:p=0x2001:pred=0x7def:exp=0x440;x=0x4004:p=0x1001:pred=0x5ffb:exp=0x1001
ex288,15,0,reverse,pair_swap,3,8192,0,0.000366,x=0x4000:p=0x1:pred=0x200:exp=0x4000;x=0x4002:p=0x2001:pred=0x410:exp=0x440;x=0x4004:p=0x1001:pred=0x1002:exp=0x1001
ex288,15,0,reverse,comp_pair_swap,0,8192,0,0.000000,x=0x4000:p=0x1:pred=0x7dff:exp=0x4000;x=0x4002:p=0x2001:pred=0x7bef:exp=0x440;x=0x4004:p=0x1001:pred=0x6ffd:exp=0x1001
ex288,15,1,comp_all,identity,0,16384,0,0.000000,x=0x0:p=0x7fff:pred=0x0:exp=0x7fff;x=0x1:p=0x7ffe:pred=0x4000:exp=0x7ffd;x=0x4:p=0x7ffb:pred=0x200:exp=0x7fbf
ex288,15,1,comp_all,comp,1,16384,0,0.000061,x=0x1:p=0x7ffe:pred=0x3fff:exp=0x7ffd;x=0x4:p=0x7ffb:pred=0x7dff:exp=0x7fbf;x=0x5:p=0x7ffa:pred=0x7aff:exp=0x7f5f
ex288,15,1,comp_all,reverse,0,16384,0,0.000000,x=0x0:p=0x7fff:pred=0x0:exp=0x7fff;x=0x1:p=0x7ffe:pred=0x1:exp=0x7ffd;x=0x4:p=0x7ffb:pred=0x20:exp=0x7fbf
ex288,15,1,comp_all,comp_reverse,8,16384,0,0.000488,x=0x1:p=0x7ffe:pred=0x7ffe:exp=0x7ffd;x=0x4:p=0x7ffb:pred=0x7fdf:exp=0x7fbf;x=0x5:p=0x7ffa:pred=0x7faf:exp=0x7f5f
ex288,15,1,comp_all,pair_swap,0,16384,0,0.000000,x=0x0:p=0x7fff:pred=0x0:exp=0x7fff;x=0x1:p=0x7ffe:pred=0x4000:exp=0x7ffd;x=0x4:p=0x7ffb:pred=0x100:exp=0x7fbf
ex288,15,1,comp_all,comp_pair_swap,3,16384,0,0.000183,x=0x1:p=0x7ffe:pred=0x3fff:exp=0x7ffd;x=0x4:p=0x7ffb:pred=0x7eff:exp=0x7fbf;x=0x5:p=0x7ffa:pred=0x79ff:exp=0x7f5f
ex288,15,1,reverse_comp_all,identity,0,8192,0,0.000000,x=0x0:p=0x7fff:pred=0x0:exp=0x7fff;x=0x1:p=0x3fff:pred=0x4000:exp=0x7fbf;x=0x4:p=0x6fff:pred=0x200:exp=0x3fff
ex288,15,1,reverse_comp_all,comp,10,8192,0,0.001221,x=0x1:p=0x3fff:pred=0x3fff:exp=0x7fbf;x=0x4:p=0x6fff:pred=0x7dff:exp=0x3fff;x=0x5:p=0x2fff:pred=0x7aff:exp=0x7faf
ex288,15,1,reverse_comp_all,reverse,0,8192,0,0.000000,x=0x0:p=0x7fff:pred=0x0:exp=0x7fff;x=0x1:p=0x3fff:pred=0x1:exp=0x7fbf;x=0x4:p=0x6fff:pred=0x20:exp=0x3fff
ex288,15,1,reverse_comp_all,comp_reverse,45,8192,0,0.005493,x=0x1:p=0x3fff:pred=0x7ffe:exp=0x7fbf;x=0x4:p=0x6fff:pred=0x7fdf:exp=0x3fff;x=0x8:p=0x77ff:pred=0x7dff:exp=0x77ff
ex288,15,1,reverse_comp_all,pair_swap,0,8192,0,0.000000,x=0x0:p=0x7fff:pred=0x0:exp=0x7fff;x=0x1:p=0x3fff:pred=0x4000:exp=0x7fbf;x=0x4:p=0x6fff:pred=0x100:exp=0x3fff
ex288,15,1,reverse_comp_all,comp_pair_swap,5,8192,0,0.000610,x=0x1:p=0x3fff:pred=0x3fff:exp=0x7fbf;x=0x4:p=0x6fff:pred=0x7eff:exp=0x3fff;x=0x5:p=0x2fff:pred=0x79ff:exp=0x7faf
ex288,15,1,reverse_comp_except_split,identity,1,8192,0,0.000122,x=0x0:p=0x5fff:pred=0x0:exp=0x7eff;x=0x1:p=0x1fff:pred=0x4000:exp=0x7ffa;x=0x4:p=0x4fff:pred=0x200:exp=0x7cff
ex288,15,1,reverse_comp_except_split,comp,0,8192,0,0.000000,x=0x0:p=0x5fff:pred=0x7fff:exp=0x7eff;x=0x1:p=0x1fff:pred=0x3fff:exp=0x7ffa;x=0x4:p=0x4fff:pred=0x7dff:exp=0x7cff
ex288,15,1,reverse_comp_except_split,reverse,3,8192,0,0.000366,x=0x0:p=0x5fff:pred=0x0:exp=0x7eff;x=0x1:p=0x1fff:pred=0x1:exp=0x7ffa;x=0x4:p=0x4fff:pred=0x20:exp=0x7cff
ex288,15,1,reverse_comp_except_split,comp_reverse,0,8192,0,0.000000,x=0x0:p=0x5fff:pred=0x7fff:exp=0x7eff;x=0x1:p=0x1fff:pred=0x7ffe:exp=0x7ffa;x=0x4:p=0x4fff:pred=0x7fdf:exp=0x7cff
ex288,15,1,reverse_comp_except_split,pair_swap,1,8192,0,0.000122,x=0x0:p=0x5fff:pred=0x0:exp=0x7eff;x=0x1:p=0x1fff:pred=0x4000:exp=0x7ffa;x=0x4:p=0x4fff:pred=0x100:exp=0x7cff
ex288,15,1,reverse_comp_except_split,comp_pair_swap,0,8192,0,0.000000,x=0x0:p=0x5fff:pred=0x7fff:exp=0x7eff;x=0x1:p=0x1fff:pred=0x3fff:exp=0x7ffa;x=0x4:p=0x4fff:pred=0x7eff:exp=0x7cff
ex288,15,1,reverse,identity,7,8192,0,0.000854,x=0x2000:p=0x2:pred=0x20:exp=0x2000;x=0x2001:p=0x4002:pred=0x440:exp=0x420;x=0x2004:p=0x1002:pred=0x2002:exp=0x82
ex288,15,1,reverse,comp,0,8192,0,0.000000,x=0x2000:p=0x2:pred=0x7fdf:exp=0x2000;x=0x2001:p=0x4002:pred=0x7bbf:exp=0x420;x=0x2004:p=0x1002:pred=0x5ffd:exp=0x82
ex288,15,1,reverse,reverse,9,8192,0,0.001099,x=0x2000:p=0x2:pred=0x200:exp=0x2000;x=0x2001:p=0x4002:pred=0x110:exp=0x420;x=0x2004:p=0x1002:pred=0x2002:exp=0x82
ex288,15,1,reverse,comp_reverse,0,8192,0,0.000000,x=0x2000:p=0x2:pred=0x7dff:exp=0x2000;x=0x2001:p=0x4002:pred=0x7eef:exp=0x420;x=0x2004:p=0x1002:pred=0x5ffd:exp=0x82
ex288,15,1,reverse,pair_swap,2,8192,0,0.000244,x=0x2000:p=0x2:pred=0x10:exp=0x2000;x=0x2001:p=0x4002:pred=0x480:exp=0x420;x=0x2004:p=0x1002:pred=0x2002:exp=0x82
ex288,15,1,reverse,comp_pair_swap,0,8192,0,0.000000,x=0x2000:p=0x2:pred=0x7fef:exp=0x2000;x=0x2001:p=0x4002:pred=0x7b7f:exp=0x420;x=0x2004:p=0x1002:pred=0x5ffd:exp=0x82
ex288,15,2,comp_all,identity,0,16384,0,0.000000,x=0x0:p=0x7fff:pred=0x0:exp=0x7fff;x=0x1:p=0x7ffe:pred=0x4000:exp=0x7ffd;x=0x2:p=0x7ffd:pred=0x2000:exp=0x7ffb
ex288,15,2,comp_all,comp,1,16384,0,0.000061,x=0x1:p=0x7ffe:pred=0x3fff:exp=0x7ffd;x=0x2:p=0x7ffd:pred=0x5fff:exp=0x7ffb;x=0x3:p=0x7ffc:pred=0x7ff3:exp=0x4fff
ex288,15,2,comp_all,reverse,0,16384,0,0.000000,x=0x0:p=0x7fff:pred=0x0:exp=0x7fff;x=0x1:p=0x7ffe:pred=0x1:exp=0x7ffd;x=0x2:p=0x7ffd:pred=0x2:exp=0x7ffb
ex288,15,2,comp_all,comp_reverse,8,16384,0,0.000488,x=0x1:p=0x7ffe:pred=0x7ffe:exp=0x7ffd;x=0x2:p=0x7ffd:pred=0x7ffd:exp=0x7ffb;x=0x3:p=0x7ffc:pred=0x67ff:exp=0x4fff
ex288,15,2,comp_all,pair_swap,0,16384,0,0.000000,x=0x0:p=0x7fff:pred=0x0:exp=0x7fff;x=0x1:p=0x7ffe:pred=0x4000:exp=0x7ffd;x=0x2:p=0x7ffd:pred=0x2000:exp=0x7ffb
ex288,15,2,comp_all,comp_pair_swap,3,16384,0,0.000183,x=0x1:p=0x7ffe:pred=0x3fff:exp=0x7ffd;x=0x2:p=0x7ffd:pred=0x5fff:exp=0x7ffb;x=0x3:p=0x7ffc:pred=0x7ff3:exp=0x4fff
ex288,15,2,reverse_comp_all,identity,0,8192,0,0.000000,x=0x0:p=0x7fff:pred=0x0:exp=0x7fff;x=0x1:p=0x3fff:pred=0x4000:exp=0x7fbf;x=0x2:p=0x5fff:pred=0x2000:exp=0x7eff
ex288,15,2,reverse_comp_all,comp,9,8192,0,0.001099,x=0x1:p=0x3fff:pred=0x3fff:exp=0x7fbf;x=0x2:p=0x5fff:pred=0x5fff:exp=0x7eff;x=0x3:p=0x1fff:pred=0x7ff3:exp=0x7ffa
ex288,15,2,reverse_comp_all,reverse,0,8192,0,0.000000,x=0x0:p=0x7fff:pred=0x0:exp=0x7fff;x=0x1:p=0x3fff:pred=0x1:exp=0x7fbf;x=0x2:p=0x5fff:pred=0x2:exp=0x7eff
ex288,15,2,reverse_comp_all,comp_reverse,16,8192,0,0.001953,x=0x1:p=0x3fff:pred=0x7ffe:exp=0x7fbf;x=0x2:p=0x5fff:pred=0x7ffd:exp=0x7eff;x=0x3:p=0x1fff:pred=0x67ff:exp=0x7ffa
ex288,15,2,reverse_comp_all,pair_swap,0,8192,0,0.000000,x=0x0:p=0x7fff:pred=0x0:exp=0x7fff;x=0x1:p=0x3fff:pred=0x4000:exp=0x7fbf;x=0x2:p=0x5fff:pred=0x2000:exp=0x7eff
ex288,15,2,reverse_comp_all,comp_pair_swap,5,8192,0,0.000610,x=0x1:p=0x3fff:pred=0x3fff:exp=0x7fbf;x=0x2:p=0x5fff:pred=0x5fff:exp=0x7eff;x=0x3:p=0x1fff:pred=0x7ff3:exp=0x7ffa
ex288,15,2,reverse_comp_except_split,identity,10,8192,0,0.001221,x=0x0:p=0x6fff:pred=0x0:exp=0x3fff;x=0x1:p=0x2fff:pred=0x4000:exp=0x7faf;x=0x2:p=0x4fff:pred=0x2000:exp=0x7cff
ex288,15,2,reverse_comp_except_split,comp,0,8192,0,0.000000,x=0x0:p=0x6fff:pred=0x7fff:exp=0x3fff;x=0x1:p=0x2fff:pred=0x3fff:exp=0x7faf;x=0x2:p=0x4fff:pred=0x5fff:exp=0x7cff
ex288,15,2,reverse_comp_except_split,reverse,1,8192,0,0.000122,x=0x0:p=0x6fff:pred=0x0:exp=0x3fff;x=0x1:p=0x2fff:pred=0x1:exp=0x7faf;x=0x2:p=0x4fff:pred=0x2:exp=0x7cff
ex288,15,2,reverse_comp_except_split,comp_reverse,0,8192,0,0.000000,x=0x0:p=0x6fff:pred=0x7fff:exp=0x3fff;x=0x1:p=0x2fff:pred=0x7ffe:exp=0x7faf;x=0x2:p=0x4fff:pred=0x7ffd:exp=0x7cff
ex288,15,2,reverse_comp_except_split,pair_swap,2,8192,0,0.000244,x=0x0:p=0x6fff:pred=0x0:exp=0x3fff;x=0x1:p=0x2fff:pred=0x4000:exp=0x7faf;x=0x2:p=0x4fff:pred=0x2000:exp=0x7cff
ex288,15,2,reverse_comp_except_split,comp_pair_swap,0,8192,0,0.000000,x=0x0:p=0x6fff:pred=0x7fff:exp=0x3fff;x=0x1:p=0x2fff:pred=0x3fff:exp=0x7faf;x=0x2:p=0x4fff:pred=0x5fff:exp=0x7cff
ex288,15,2,reverse,identity,4,8192,0,0.000488,x=0x1000:p=0x4:pred=0x2:exp=0x200;x=0x1001:p=0x4004:pred=0x1001:exp=0x1002;x=0x1002:p=0x2004:pred=0x82:exp=0x2002
ex288,15,2,reverse,comp,0,8192,0,0.000000,x=0x1000:p=0x4:pred=0x7ffd:exp=0x200;x=0x1001:p=0x4004:pred=0x6ffe:exp=0x1002;x=0x1002:p=0x2004:pred=0x7f7d:exp=0x2002
ex288,15,2,reverse,reverse,9,8192,0,0.001099,x=0x1000:p=0x4:pred=0x2000:exp=0x200;x=0x1001:p=0x4004:pred=0x4004:exp=0x1002;x=0x1002:p=0x2004:pred=0x2080:exp=0x2002
ex288,15,2,reverse,comp_reverse,0,8192,0,0.000000,x=0x1000:p=0x4:pred=0x5fff:exp=0x200;x=0x1001:p=0x4004:pred=0x3ffb:exp=0x1002;x=0x1002:p=0x2004:pred=0x5f7f:exp=0x2002
ex288,15,2,reverse,pair_swap,2,8192,0,0.000244,x=0x1000:p=0x4:pred=0x2:exp=0x200;x=0x1001:p=0x4004:pred=0x1001:exp=0x1002;x=0x1002:p=0x2004:pred=0x42:exp=0x2002
ex288,15,2,reverse,comp_pair_swap,0,8192,0,0.000000,x=0x1000:p=0x4:pred=0x7ffd:exp=0x200;x=0x1001:p=0x4004:pred=0x6ffe:exp=0x1002;x=0x1002:p=0x2004:pred=0x7fbd:exp=0x2002
ex288,15,3,comp_all,identity,0,16384,0,0.000000,x=0x0:p=0x7fff:pred=0x0:exp=0x7fff;x=0x1:p=0x7ffe:pred=0x4000:exp=0x7ffd;x=0x2:p=0x7ffd:pred=0x2000:exp=0x7ffb
ex288,15,3,comp_all,comp,1,16384,0,0.000061,x=0x1:p=0x7ffe:pred=0x3fff:exp=0x7ffd;x=0x2:p=0x7ffd:pred=0x5fff:exp=0x7ffb;x=0x3:p=0x7ffc:pred=0x7ff3:exp=0x4fff
ex288,15,3,comp_all,reverse,0,16384,0,0.000000,x=0x0:p=0x7fff:pred=0x0:exp=0x7fff;x=0x1:p=0x7ffe:pred=0x1:exp=0x7ffd;x=0x2:p=0x7ffd:pred=0x2:exp=0x7ffb
ex288,15,3,comp_all,comp_reverse,8,16384,0,0.000488,x=0x1:p=0x7ffe:pred=0x7ffe:exp=0x7ffd;x=0x2:p=0x7ffd:pred=0x7ffd:exp=0x7ffb;x=0x3:p=0x7ffc:pred=0x67ff:exp=0x4fff
ex288,15,3,comp_all,pair_swap,0,16384,0,0.000000,x=0x0:p=0x7fff:pred=0x0:exp=0x7fff;x=0x1:p=0x7ffe:pred=0x4000:exp=0x7ffd;x=0x2:p=0x7ffd:pred=0x2000:exp=0x7ffb
ex288,15,3,comp_all,comp_pair_swap,3,16384,0,0.000183,x=0x1:p=0x7ffe:pred=0x3fff:exp=0x7ffd;x=0x2:p=0x7ffd:pred=0x5fff:exp=0x7ffb;x=0x3:p=0x7ffc:pred=0x7ff3:exp=0x4fff
ex288,15,3,reverse_comp_all,identity,0,8192,0,0.000000,x=0x0:p=0x7fff:pred=0x0:exp=0x7fff;x=0x1:p=0x3fff:pred=0x4000:exp=0x7fbf;x=0x2:p=0x5fff:pred=0x2000:exp=0x7eff
ex288,15,3,reverse_comp_all,comp,4,8192,0,0.000488,x=0x1:p=0x3fff:pred=0x3fff:exp=0x7fbf;x=0x2:p=0x5fff:pred=0x5fff:exp=0x7eff;x=0x3:p=0x1fff:pred=0x7ff3:exp=0x7ffa
ex288,15,3,reverse_comp_all,reverse,0,8192,0,0.000000,x=0x0:p=0x7fff:pred=0x0:exp=0x7fff;x=0x1:p=0x3fff:pred=0x1:exp=0x7fbf;x=0x2:p=0x5fff:pred=0x2:exp=0x7eff
ex288,15,3,reverse_comp_all,comp_reverse,41,8192,0,0.005005,x=0x1:p=0x3fff:pred=0x7ffe:exp=0x7fbf;x=0x2:p=0x5fff:pred=0x7ffd:exp=0x7eff;x=0x3:p=0x1fff:pred=0x67ff:exp=0x7ffa
ex288,15,3,reverse_comp_all,pair_swap,0,8192,0,0.000000,x=0x0:p=0x7fff:pred=0x0:exp=0x7fff;x=0x1:p=0x3fff:pred=0x4000:exp=0x7fbf;x=0x2:p=0x5fff:pred=0x2000:exp=0x7eff
ex288,15,3,reverse_comp_all,comp_pair_swap,6,8192,0,0.000732,x=0x1:p=0x3fff:pred=0x3fff:exp=0x7fbf;x=0x2:p=0x5fff:pred=0x5fff:exp=0x7eff;x=0x3:p=0x1fff:pred=0x7ff3:exp=0x7ffa
ex288,15,3,reverse_comp_except_split,identity,0,8192,0,0.000000,x=0x0:p=0x77ff:pred=0x0:exp=0x77ff;x=0x1:p=0x37ff:pred=0x4000:exp=0x7ff3;x=0x2:p=0x57ff:pred=0x2000:exp=0x75ff
ex288,15,3,reverse_comp_except_split,comp,0,8192,0,0.000000,x=0x0:p=0x77ff:pred=0x7fff:exp=0x77ff;x=0x1:p=0x37ff:pred=0x3fff:exp=0x7ff3;x=0x2:p=0x57ff:pred=0x5fff:exp=0x75ff
ex288,15,3,reverse_comp_except_split,reverse,0,8192,0,0.000000,x=0x0:p=0x77ff:pred=0x0:exp=0x77ff;x=0x1:p=0x37ff:pred=0x1:exp=0x7ff3;x=0x2:p=0x57ff:pred=0x2:exp=0x75ff
ex288,15,3,reverse_comp_except_split,comp_reverse,0,8192,0,0.000000,x=0x0:p=0x77ff:pred=0x7fff:exp=0x77ff;x=0x1:p=0x37ff:pred=0x7ffe:exp=0x7ff3;x=0x2:p=0x57ff:pred=0x7ffd:exp=0x75ff
ex288,15,3,reverse_comp_except_split,pair_swap,0,8192,0,0.000000,x=0x0:p=0x77ff:pred=0x0:exp=0x77ff;x=0x1:p=0x37ff:pred=0x4000:exp=0x7ff3;x=0x2:p=0x57ff:pred=0x2000:exp=0x75ff
ex288,15,3,reverse_comp_except_split,comp_pair_swap,0,8192,0,0.000000,x=0x0:p=0x77ff:pred=0x7fff:exp=0x77ff;x=0x1:p=0x37ff:pred=0x3fff:exp=0x7ff3;x=0x2:p=0x57ff:pred=0x5fff:exp=0x75ff
ex288,15,3,reverse,identity,6,8192,0,0.000732,x=0x800:p=0x8:pred=0x10:exp=0x20;x=0x801:p=0x4008:pred=0xa0:exp=0x2001;x=0x802:p=0x2008:pred=0x1040:exp=0x2002
ex288,15,3,reverse,comp,0,8192,0,0.000000,x=0x800:p=0x8:pred=0x7fef:exp=0x20;x=0x801:p=0x4008:pred=0x7f5f:exp=0x2001;x=0x802:p=0x2008:pred=0x6fbf:exp=0x2002
ex288,15,3,reverse,reverse,5,8192,0,0.000610,x=0x800:p=0x8:pred=0x400:exp=0x20;x=0x801:p=0x4008:pred=0x280:exp=0x2001;x=0x802:p=0x2008:pred=0x104:exp=0x2002
ex288,15,3,reverse,comp_reverse,0,8192,0,0.000000,x=0x800:p=0x8:pred=0x7bff:exp=0x20;x=0x801:p=0x4008:pred=0x7d7f:exp=0x2001;x=0x802:p=0x2008:pred=0x7efb:exp=0x2002
ex288,15,3,reverse,pair_swap,3,8192,0,0.000366,x=0x801:p=0x4008:pred=0x50:exp=0x2001;x=0x802:p=0x2008:pred=0x1080:exp=0x2002;x=0x803:p=0x6008:pred=0x80c:exp=0x260
ex288,15,3,reverse,comp_pair_swap,0,8192,0,0.000000,x=0x800:p=0x8:pred=0x7fdf:exp=0x20;x=0x801:p=0x4008:pred=0x7faf:exp=0x2001;x=0x802:p=0x2008:pred=0x6f7f:exp=0x2002
ex288,15,4,comp_all,identity,0,16384,0,0.000000,x=0x0:p=0x7fff:pred=0x0:exp=0x7fff;x=0x1:p=0x7ffe:pred=0x4000:exp=0x7ffd;x=0x2:p=0x7ffd:pred=0x2000:exp=0x7ffb
ex288,15,4,comp_all,comp,1,16384,0,0.000061,x=0x1:p=0x7ffe:pred=0x3fff:exp=0x7ffd;x=0x2:p=0x7ffd:pred=0x5fff:exp=0x7ffb;x=0x3:p=0x7ffc:pred=0x7ff3:exp=0x4fff
ex288,15,4,comp_all,reverse,0,16384,0,0.000000,x=0x0:p=0x7fff:pred=0x0:exp=0x7fff;x=0x1:p=0x7ffe:pred=0x1:exp=0x7ffd;x=0x2:p=0x7ffd:pred=0x2:exp=0x7ffb
ex288,15,4,comp_all,comp_reverse,8,16384,0,0.000488,x=0x1:p=0x7ffe:pred=0x7ffe:exp=0x7ffd;x=0x2:p=0x7ffd:pred=0x7ffd:exp=0x7ffb;x=0x3:p=0x7ffc:pred=0x67ff:exp=0x4fff
ex288,15,4,comp_all,pair_swap,0,16384,0,0.000000,x=0x0:p=0x7fff:pred=0x0:exp=0x7fff;x=0x1:p=0x7ffe:pred=0x4000:exp=0x7ffd;x=0x2:p=0x7ffd:pred=0x2000:exp=0x7ffb
ex288,15,4,comp_all,comp_pair_swap,3,16384,0,0.000183,x=0x1:p=0x7ffe:pred=0x3fff:exp=0x7ffd;x=0x2:p=0x7ffd:pred=0x5fff:exp=0x7ffb;x=0x3:p=0x7ffc:pred=0x7ff3:exp=0x4fff
ex288,15,4,reverse_comp_all,identity,0,8192,0,0.000000,x=0x0:p=0x7fff:pred=0x0:exp=0x7fff;x=0x1:p=0x3fff:pred=0x4000:exp=0x7fbf;x=0x2:p=0x5fff:pred=0x2000:exp=0x7eff
ex288,15,4,reverse_comp_all,comp,9,8192,0,0.001099,x=0x1:p=0x3fff:pred=0x3fff:exp=0x7fbf;x=0x2:p=0x5fff:pred=0x5fff:exp=0x7eff;x=0x3:p=0x1fff:pred=0x7ff3:exp=0x7ffa
ex288,15,4,reverse_comp_all,reverse,0,8192,0,0.000000,x=0x0:p=0x7fff:pred=0x0:exp=0x7fff;x=0x1:p=0x3fff:pred=0x1:exp=0x7fbf;x=0x2:p=0x5fff:pred=0x2:exp=0x7eff
ex288,15,4,reverse_comp_all,comp_reverse,31,8192,0,0.003784,x=0x1:p=0x3fff:pred=0x7ffe:exp=0x7fbf;x=0x2:p=0x5fff:pred=0x7ffd:exp=0x7eff;x=0x3:p=0x1fff:pred=0x67ff:exp=0x7ffa
ex288,15,4,reverse_comp_all,pair_swap,0,8192,0,0.000000,x=0x0:p=0x7fff:pred=0x0:exp=0x7fff;x=0x1:p=0x3fff:pred=0x4000:exp=0x7fbf;x=0x2:p=0x5fff:pred=0x2000:exp=0x7eff
ex288,15,4,reverse_comp_all,comp_pair_swap,4,8192,0,0.000488,x=0x1:p=0x3fff:pred=0x3fff:exp=0x7fbf;x=0x2:p=0x5fff:pred=0x5fff:exp=0x7eff;x=0x3:p=0x1fff:pred=0x7ff3:exp=0x7ffa
ex288,15,4,reverse_comp_except_split,identity,34,8192,0,0.004150,x=0x0:p=0x7bff:pred=0x0:exp=0x7bff;x=0x1:p=0x3bff:pred=0x4000:exp=0x7fbb;x=0x2:p=0x5bff:pred=0x2000:exp=0x3eff
ex288,15,4,reverse_comp_except_split,comp,0,8192,0,0.000000,x=0x0:p=0x7bff:pred=0x7fff:exp=0x7bff;x=0x1:p=0x3bff:pred=0x3fff:exp=0x7fbb;x=0x2:p=0x5bff:pred=0x5fff:exp=0x3eff
ex288,15,4,reverse_comp_except_split,reverse,1,8192,0,0.000122,x=0x0:p=0x7bff:pred=0x0:exp=0x7bff;x=0x1:p=0x3bff:pred=0x1:exp=0x7fbb;x=0x2:p=0x5bff:pred=0x2:exp=0x3eff
ex288,15,4,reverse_comp_except_split,comp_reverse,0,8192,0,0.000000,x=0x0:p=0x7bff:pred=0x7fff:exp=0x7bff;x=0x1:p=0x3bff:pred=0x7ffe:exp=0x7fbb;x=0x2:p=0x5bff:pred=0x7ffd:exp=0x3eff
ex288,15,4,reverse_comp_except_split,pair_swap,2,8192,0,0.000244,x=0x0:p=0x7bff:pred=0x0:exp=0x7bff;x=0x1:p=0x3bff:pred=0x4000:exp=0x7fbb;x=0x2:p=0x5bff:pred=0x2000:exp=0x3eff
ex288,15,4,reverse_comp_except_split,comp_pair_swap,0,8192,0,0.000000,x=0x0:p=0x7bff:pred=0x7fff:exp=0x7bff;x=0x1:p=0x3bff:pred=0x3fff:exp=0x7fbb;x=0x2:p=0x5bff:pred=0x5fff:exp=0x3eff
ex288,15,4,reverse,identity,13,8192,0,0.001587,x=0x400:p=0x10:pred=0x20:exp=0x800;x=0x401:p=0x4010:pred=0x4010:exp=0x108;x=0x402:p=0x2010:pred=0x2008:exp=0xa0
ex288,15,4,reverse,comp,0,8192,0,0.000000,x=0x400:p=0x10:pred=0x7fdf:exp=0x800;x=0x401:p=0x4010:pred=0x3fef:exp=0x108;x=0x402:p=0x2010:pred=0x5ff7:exp=0xa0
ex288,15,4,reverse,reverse,25,8192,0,0.003052,x=0x400:p=0x10:pred=0x200:exp=0x800;x=0x401:p=0x4010:pred=0x401:exp=0x108;x=0x402:p=0x2010:pred=0x802:exp=0xa0
ex288,15,4,reverse,comp_reverse,0,8192,0,0.000000,x=0x400:p=0x10:pred=0x7dff:exp=0x800;x=0x401:p=0x4010:pred=0x7bfe:exp=0x108;x=0x402:p=0x2010:pred=0x77fd:exp=0xa0
ex288,15,4,reverse,pair_swap,3,8192,0,0.000366,x=0x400:p=0x10:pred=0x10:exp=0x800;x=0x401:p=0x4010:pred=0x4020:exp=0x108;x=0x402:p=0x2010:pred=0x2008:exp=0xa0
ex288,15,4,reverse,comp_pair_swap,0,8192,0,0.000000,x=0x400:p=0x10:pred=0x7fef:exp=0x800;x=0x401:p=0x4010:pred=0x3fdf:exp=0x108;x=0x402:p=0x2010:pred=0x5ff7:exp=0xa0
ex288,15,5,comp_all,identity,0,16384,0,0.000000,x=0x0:p=0x7fff:pred=0x0:exp=0x7fff;x=0x1:p=0x7ffe:pred=0x4000:exp=0x7ffd;x=0x2:p=0x7ffd:pred=0x2000:exp=0x7ffb
ex288,15,5,comp_all,comp,1,16384,0,0.000061,x=0x1:p=0x7ffe:pred=0x3fff:exp=0x7ffd;x=0x2:p=0x7ffd:pred=0x5fff:exp=0x7ffb;x=0x3:p=0x7ffc:pred=0x7ff3:exp=0x4fff
ex288,15,5,comp_all,reverse,0,16384,0,0.000000,x=0x0:p=0x7fff:pred=0x0:exp=0x7fff;x=0x1:p=0x7ffe:pred=0x1:exp=0x7ffd;x=0x2:p=0x7ffd:pred=0x2:exp=0x7ffb
ex288,15,5,comp_all,comp_reverse,8,16384,0,0.000488,x=0x1:p=0x7ffe:pred=0x7ffe:exp=0x7ffd;x=0x2:p=0x7ffd:pred=0x7ffd:exp=0x7ffb;x=0x3:p=0x7ffc:pred=0x67ff:exp=0x4fff
ex288,15,5,comp_all,pair_swap,0,16384,0,0.000000,x=0x0:p=0x7fff:pred=0x0:exp=0x7fff;x=0x1:p=0x7ffe:pred=0x4000:exp=0x7ffd;x=0x2:p=0x7ffd:pred=0x2000:exp=0x7ffb
ex288,15,5,comp_all,comp_pair_swap,3,16384,0,0.000183,x=0x1:p=0x7ffe:pred=0x3fff:exp=0x7ffd;x=0x2:p=0x7ffd:pred=0x5fff:exp=0x7ffb;x=0x3:p=0x7ffc:pred=0x7ff3:exp=0x4fff
ex288,15,5,reverse_comp_all,identity,0,8192,0,0.000000,x=0x0:p=0x7fff:pred=0x0:exp=0x7fff;x=0x1:p=0x3fff:pred=0x4000:exp=0x7fbf;x=0x2:p=0x5fff:pred=0x2000:exp=0x7eff
ex288,15,5,reverse_comp_all,comp,8,8192,0,0.000977,x=0x1:p=0x3fff:pred=0x3fff:exp=0x7fbf;x=0x2:p=0x5fff:pred=0x5fff:exp=0x7eff;x=0x3:p=0x1fff:pred=0x7ff3:exp=0x7ffa
ex288,15,5,reverse_comp_all,reverse,0,8192,0,0.000000,x=0x0:p=0x7fff:pred=0x0:exp=0x7fff;x=0x1:p=0x3fff:pred=0x1:exp=0x7fbf;x=0x2:p=0x5fff:pred=0x2:exp=0x7eff
ex288,15,5,reverse_comp_all,comp_reverse,45,8192,0,0.005493,x=0x1:p=0x3fff:pred=0x7ffe:exp=0x7fbf;x=0x2:p=0x5fff:pred=0x7ffd:exp=0x7eff;x=0x3:p=0x1fff:pred=0x67ff:exp=0x7ffa
ex288,15,5,reverse_comp_all,pair_swap,0,8192,0,0.000000,x=0x0:p=0x7fff:pred=0x0:exp=0x7fff;x=0x1:p=0x3fff:pred=0x4000:exp=0x7fbf;x=0x2:p=0x5fff:pred=0x2000:exp=0x7eff
ex288,15,5,reverse_comp_all,comp_pair_swap,6,8192,0,0.000732,x=0x1:p=0x3fff:pred=0x3fff:exp=0x7fbf;x=0x2:p=0x5fff:pred=0x5fff:exp=0x7eff;x=0x3:p=0x1fff:pred=0x7ff3:exp=0x7ffa
ex288,15,5,reverse_comp_except_split,identity,0,8192,0,0.000000,x=0x0:p=0x7dff:pred=0x0:exp=0x7eff;x=0x1:p=0x3dff:pred=0x4000:exp=0x7fbe;x=0x2:p=0x5dff:pred=0x2000:exp=0x6eff
ex288,15,5,reverse_comp_except_split,comp,0,8192,0,0.000000,x=0x0:p=0x7dff:pred=0x7fff:exp=0x7eff;x=0x1:p=0x3dff:pred=0x3fff:exp=0x7fbe;x=0x2:p=0x5dff:pred=0x5fff:exp=0x6eff
ex288,15,5,reverse_comp_except_split,reverse,0,8192,0,0.000000,x=0x0:p=0x7dff:pred=0x0:exp=0x7eff;x=0x1:p=0x3dff:pred=0x1:exp=0x7fbe;x=0x2:p=0x5dff:pred=0x2:exp=0x6eff
ex288,15,5,reverse_comp_except_split,comp_reverse,0,8192,0,0.000000,x=0x0:p=0x7dff:pred=0x7fff:exp=0x7eff;x=0x1:p=0x3dff:pred=0x7ffe:exp=0x7fbe;x=0x2:p=0x5dff:pred=0x7ffd:exp=0x6eff
ex288,15,5,reverse_comp_except_split,pair_swap,0,8192,0,0.000000,x=0x0:p=0x7dff:pred=0x0:exp=0x7eff;x=0x1:p=0x3dff:pred=0x4000:exp=0x7fbe;x=0x2:p=0x5dff:pred=0x2000:exp=0x6eff
ex288,15,5,reverse_comp_except_split,comp_pair_swap,0,8192,0,0.000000,x=0x0:p=0x7dff:pred=0x7fff:exp=0x7eff;x=0x1:p=0x3dff:pred=0x3fff:exp=0x7fbe;x=0x2:p=0x5dff:pred=0x5fff:exp=0x6eff
ex288,15,5,reverse,identity,4,8192,0,0.000488,x=0x200:p=0x20:pred=0x8:exp=0x800;x=0x201:p=0x4020:pred=0x4040:exp=0x108;x=0x202:p=0x2020:pred=0x2020:exp=0xa0
ex288,15,5,reverse,comp,0,8192,0,0.000000,x=0x200:p=0x20:pred=0x7ff7:exp=0x800;x=0x201:p=0x4020:pred=0x3fbf:exp=0x108;x=0x202:p=0x2020:pred=0x5fdf:exp=0xa0
ex288,15,5,reverse,reverse,15,8192,0,0.001831,x=0x201:p=0x4020:pred=0x101:exp=0x108;x=0x202:p=0x2020:pred=0x202:exp=0xa0;x=0x203:p=0x6020:pred=0x1c00:exp=0x20c0
ex288,15,5,reverse,comp_reverse,0,8192,0,0.000000,x=0x200:p=0x20:pred=0x77ff:exp=0x800;x=0x201:p=0x4020:pred=0x7efe:exp=0x108;x=0x202:p=0x2020:pred=0x7dfd:exp=0xa0
ex288,15,5,reverse,pair_swap,2,8192,0,0.000244,x=0x200:p=0x20:pred=0x8:exp=0x800;x=0x201:p=0x4020:pred=0x4080:exp=0x108;x=0x202:p=0x2020:pred=0x2010:exp=0xa0
ex288,15,5,reverse,comp_pair_swap,0,8192,0,0.000000,x=0x200:p=0x20:pred=0x7ff7:exp=0x800;x=0x201:p=0x4020:pred=0x3f7f:exp=0x108;x=0x202:p=0x2020:pred=0x5fef:exp=0xa0
ex288,15,6,comp_all,identity,0,16384,0,0.000000,x=0x0:p=0x7fff:pred=0x0:exp=0x7fff;x=0x1:p=0x7ffe:pred=0x4000:exp=0x7ffd;x=0x2:p=0x7ffd:pred=0x2000:exp=0x7ffb
ex288,15,6,comp_all,comp,1,16384,0,0.000061,x=0x1:p=0x7ffe:pred=0x3fff:exp=0x7ffd;x=0x2:p=0x7ffd:pred=0x5fff:exp=0x7ffb;x=0x3:p=0x7ffc:pred=0x7ff3:exp=0x4fff
ex288,15,6,comp_all,reverse,0,16384,0,0.000000,x=0x0:p=0x7fff:pred=0x0:exp=0x7fff;x=0x1:p=0x7ffe:pred=0x1:exp=0x7ffd;x=0x2:p=0x7ffd:pred=0x2:exp=0x7ffb
ex288,15,6,comp_all,comp_reverse,8,16384,0,0.000488,x=0x1:p=0x7ffe:pred=0x7ffe:exp=0x7ffd;x=0x2:p=0x7ffd:pred=0x7ffd:exp=0x7ffb;x=0x3:p=0x7ffc:pred=0x67ff:exp=0x4fff
ex288,15,6,comp_all,pair_swap,0,16384,0,0.000000,x=0x0:p=0x7fff:pred=0x0:exp=0x7fff;x=0x1:p=0x7ffe:pred=0x4000:exp=0x7ffd;x=0x2:p=0x7ffd:pred=0x2000:exp=0x7ffb
ex288,15,6,comp_all,comp_pair_swap,3,16384,0,0.000183,x=0x1:p=0x7ffe:pred=0x3fff:exp=0x7ffd;x=0x2:p=0x7ffd:pred=0x5fff:exp=0x7ffb;x=0x3:p=0x7ffc:pred=0x7ff3:exp=0x4fff
ex288,15,6,reverse_comp_all,identity,0,8192,0,0.000000,x=0x0:p=0x7fff:pred=0x0:exp=0x7fff;x=0x1:p=0x3fff:pred=0x4000:exp=0x7fbf;x=0x2:p=0x5fff:pred=0x2000:exp=0x7eff
ex288,15,6,reverse_comp_all,comp,7,8192,0,0.000854,x=0x1:p=0x3fff:pred=0x3fff:exp=0x7fbf;x=0x2:p=0x5fff:pred=0x5fff:exp=0x7eff;x=0x3:p=0x1fff:pred=0x7ff3:exp=0x7ffa
ex288,15,6,reverse_comp_all,reverse,0,8192,0,0.000000,x=0x0:p=0x7fff:pred=0x0:exp=0x7fff;x=0x1:p=0x3fff:pred=0x1:exp=0x7fbf;x=0x2:p=0x5fff:pred=0x2:exp=0x7eff
ex288,15,6,reverse_comp_all,comp_reverse,30,8192,0,0.003662,x=0x1:p=0x3fff:pred=0x7ffe:exp=0x7fbf;x=0x2:p=0x5fff:pred=0x7ffd:exp=0x7eff;x=0x3:p=0x1fff:pred=0x67ff:exp=0x7ffa
ex288,15,6,reverse_comp_all,pair_swap,0,8192,0,0.000000,x=0x0:p=0x7fff:pred=0x0:exp=0x7fff;x=0x1:p=0x3fff:pred=0x4000:exp=0x7fbf;x=0x2:p=0x5fff:pred=0x2000:exp=0x7eff
ex288,15,6,reverse_comp_all,comp_pair_swap,2,8192,0,0.000244,x=0x1:p=0x3fff:pred=0x3fff:exp=0x7fbf;x=0x2:p=0x5fff:pred=0x5fff:exp=0x7eff;x=0x3:p=0x1fff:pred=0x7ff3:exp=0x7ffa
ex288,15,6,reverse_comp_except_split,identity,66,8192,0,0.008057,x=0x0:p=0x7eff:pred=0x0:exp=0x7eff;x=0x1:p=0x3eff:pred=0x4000:exp=0x7fbe;x=0x2:p=0x5eff:pred=0x2000:exp=0x6eff
ex288,15,6,reverse_comp_except_split,comp,0,8192,0,0.000000,x=0x0:p=0x7eff:pred=0x7fff:exp=0x7eff;x=0x1:p=0x3eff:pred=0x3fff:exp=0x7fbe;x=0x2:p=0x5eff:pred=0x5fff:exp=0x6eff
ex288,15,6,reverse_comp_except_split,reverse,2,8192,0,0.000244,x=0x0:p=0x7eff:pred=0x0:exp=0x7eff;x=0x1:p=0x3eff:pred=0x1:exp=0x7fbe;x=0x2:p=0x5eff:pred=0x2:exp=0x6eff
ex288,15,6,reverse_comp_except_split,comp_reverse,0,8192,0,0.000000,x=0x0:p=0x7eff:pred=0x7fff:exp=0x7eff;x=0x1:p=0x3eff:pred=0x7ffe:exp=0x7fbe;x=0x2:p=0x5eff:pred=0x7ffd:exp=0x6eff
ex288,15,6,reverse_comp_except_split,pair_swap,1,8192,0,0.000122,x=0x0:p=0x7eff:pred=0x0:exp=0x7eff;x=0x1:p=0x3eff:pred=0x4000:exp=0x7fbe;x=0x2:p=0x5eff:pred=0x2000:exp=0x6eff
ex288,15,6,reverse_comp_except_split,comp_pair_swap,0,8192,0,0.000000,x=0x0:p=0x7eff:pred=0x7fff:exp=0x7eff;x=0x1:p=0x3eff:pred=0x3fff:exp=0x7fbe;x=0x2:p=0x5eff:pred=0x5fff:exp=0x6eff
ex288,15,6,reverse,identity,8,8192,0,0.000977,x=0x100:p=0x40:pred=0x8:exp=0x200;x=0x101:p=0x4040:pred=0x4040:exp=0x3;x=0x103:p=0x6040:pred=0x1c:exp=0x6020
ex288,15,6,reverse,comp,0,8192,0,0.000000,x=0x100:p=0x40:pred=0x7ff7:exp=0x200;x=0x101:p=0x4040:pred=0x3fbf:exp=0x3;x=0x102:p=0x2040:pred=0x5fdf:exp=0x2020
ex288,15,6,reverse,reverse,29,8192,0,0.003540,x=0x100:p=0x40:pred=0x800:exp=0x200;x=0x101:p=0x4040:pred=0x101:exp=0x3;x=0x102:p=0x2040:pred=0x202:exp=0x2020
ex288,15,6,reverse,comp_reverse,0,8192,0,0.000000,x=0x100:p=0x40:pred=0x77ff:exp=0x200;x=0x101:p=0x4040:pred=0x7efe:exp=0x3;x=0x102:p=0x2040:pred=0x7dfd:exp=0x2020
ex288,15,6,reverse,pair_swap,5,8192,0,0.000610,x=0x100:p=0x40:pred=0x8:exp=0x200;x=0x101:p=0x4040:pred=0x4080:exp=0x3;x=0x102:p=0x2040:pred=0x2010:exp=0x2020
ex288,15,6,reverse,comp_pair_swap,0,8192,0,0.000000,x=0x100:p=0x40:pred=0x7ff7:exp=0x200;x=0x101:p=0x4040:pred=0x3f7f:exp=0x3;x=0x102:p=0x2040:pred=0x5fef:exp=0x2020
ex288,15,7,comp_all,identity,0,16384,0,0.000000,x=0x0:p=0x7fff:pred=0x0:exp=0x7fff;x=0x1:p=0x7ffe:pred=0x4000:exp=0x7ffd;x=0x2:p=0x7ffd:pred=0x2000:exp=0x7ffb
ex288,15,7,comp_all,comp,1,16384,0,0.000061,x=0x1:p=0x7ffe:pred=0x3fff:exp=0x7ffd;x=0x2:p=0x7ffd:pred=0x5fff:exp=0x7ffb;x=0x3:p=0x7ffc:pred=0x7ff3:exp=0x4fff
ex288,15,7,comp_all,reverse,0,16384,0,0.000000,x=0x0:p=0x7fff:pred=0x0:exp=0x7fff;x=0x1:p=0x7ffe:pred=0x1:exp=0x7ffd;x=0x2:p=0x7ffd:pred=0x2:exp=0x7ffb
ex288,15,7,comp_all,comp_reverse,8,16384,0,0.000488,x=0x1:p=0x7ffe:pred=0x7ffe:exp=0x7ffd;x=0x2:p=0x7ffd:pred=0x7ffd:exp=0x7ffb;x=0x3:p=0x7ffc:pred=0x67ff:exp=0x4fff
ex288,15,7,comp_all,pair_swap,0,16384,0,0.000000,x=0x0:p=0x7fff:pred=0x0:exp=0x7fff;x=0x1:p=0x7ffe:pred=0x4000:exp=0x7ffd;x=0x2:p=0x7ffd:pred=0x2000:exp=0x7ffb
ex288,15,7,comp_all,comp_pair_swap,3,16384,0,0.000183,x=0x1:p=0x7ffe:pred=0x3fff:exp=0x7ffd;x=0x2:p=0x7ffd:pred=0x5fff:exp=0x7ffb;x=0x3:p=0x7ffc:pred=0x7ff3:exp=0x4fff
ex288,15,7,reverse_comp_all,identity,0,16384,0,0.000000,x=0x0:p=0x7fff:pred=0x0:exp=0x7fff;x=0x1:p=0x3fff:pred=0x4000:exp=0x7fbf;x=0x2:p=0x5fff:pred=0x2000:exp=0x7eff
ex288,15,7,reverse_comp_all,comp,14,16384,0,0.000854,x=0x1:p=0x3fff:pred=0x3fff:exp=0x7fbf;x=0x2:p=0x5fff:pred=0x5fff:exp=0x7eff;x=0x3:p=0x1fff:pred=0x7ff3:exp=0x7ffa
ex288,15,7,reverse_comp_all,reverse,0,16384,0,0.000000,x=0x0:p=0x7fff:pred=0x0:exp=0x7fff;x=0x1:p=0x3fff:pred=0x1:exp=0x7fbf;x=0x2:p=0x5fff:pred=0x2:exp=0x7eff
ex288,15,7,reverse_comp_all,comp_reverse,53,16384,0,0.003235,x=0x1:p=0x3fff:pred=0x7ffe:exp=0x7fbf;x=0x2:p=0x5fff:pred=0x7ffd:exp=0x7eff;x=0x3:p=0x1fff:pred=0x67ff:exp=0x7ffa
ex288,15,7,reverse_comp_all,pair_swap,0,16384,0,0.000000,x=0x0:p=0x7fff:pred=0x0:exp=0x7fff;x=0x1:p=0x3fff:pred=0x4000:exp=0x7fbf;x=0x2:p=0x5fff:pred=0x2000:exp=0x7eff
ex288,15,7,reverse_comp_all,comp_pair_swap,6,16384,0,0.000366,x=0x1:p=0x3fff:pred=0x3fff:exp=0x7fbf;x=0x2:p=0x5fff:pred=0x5fff:exp=0x7eff;x=0x3:p=0x1fff:pred=0x7ff3:exp=0x7ffa
ex288,15,8,comp_all,identity,0,16384,0,0.000000,x=0x0:p=0x7fff:pred=0x0:exp=0x7fff;x=0x1:p=0x7ffe:pred=0x4000:exp=0x7ffd;x=0x2:p=0x7ffd:pred=0x2000:exp=0x7ffb
ex288,15,8,comp_all,comp,1,16384,0,0.000061,x=0x1:p=0x7ffe:pred=0x3fff:exp=0x7ffd;x=0x2:p=0x7ffd:pred=0x5fff:exp=0x7ffb;x=0x3:p=0x7ffc:pred=0x7ff3:exp=0x4fff
ex288,15,8,comp_all,reverse,0,16384,0,0.000000,x=0x0:p=0x7fff:pred=0x0:exp=0x7fff;x=0x1:p=0x7ffe:pred=0x1:exp=0x7ffd;x=0x2:p=0x7ffd:pred=0x2:exp=0x7ffb
ex288,15,8,comp_all,comp_reverse,8,16384,0,0.000488,x=0x1:p=0x7ffe:pred=0x7ffe:exp=0x7ffd;x=0x2:p=0x7ffd:pred=0x7ffd:exp=0x7ffb;x=0x3:p=0x7ffc:pred=0x67ff:exp=0x4fff
ex288,15,8,comp_all,pair_swap,0,16384,0,0.000000,x=0x0:p=0x7fff:pred=0x0:exp=0x7fff;x=0x1:p=0x7ffe:pred=0x4000:exp=0x7ffd;x=0x2:p=0x7ffd:pred=0x2000:exp=0x7ffb
ex288,15,8,comp_all,comp_pair_swap,3,16384,0,0.000183,x=0x1:p=0x7ffe:pred=0x3fff:exp=0x7ffd;x=0x2:p=0x7ffd:pred=0x5fff:exp=0x7ffb;x=0x3:p=0x7ffc:pred=0x7ff3:exp=0x4fff
ex288,15,8,reverse_comp_all,identity,0,8192,0,0.000000,x=0x0:p=0x7fff:pred=0x0:exp=0x7fff;x=0x1:p=0x3fff:pred=0x4000:exp=0x7fbf;x=0x2:p=0x5fff:pred=0x2000:exp=0x7eff
ex288,15,8,reverse_comp_all,comp,7,8192,0,0.000854,x=0x1:p=0x3fff:pred=0x3fff:exp=0x7fbf;x=0x2:p=0x5fff:pred=0x5fff:exp=0x7eff;x=0x3:p=0x1fff:pred=0x7ff3:exp=0x7ffa
ex288,15,8,reverse_comp_all,reverse,0,8192,0,0.000000,x=0x0:p=0x7fff:pred=0x0:exp=0x7fff;x=0x1:p=0x3fff:pred=0x1:exp=0x7fbf;x=0x2:p=0x5fff:pred=0x2:exp=0x7eff
ex288,15,8,reverse_comp_all,comp_reverse,30,8192,0,0.003662,x=0x1:p=0x3fff:pred=0x7ffe:exp=0x7fbf;x=0x2:p=0x5fff:pred=0x7ffd:exp=0x7eff;x=0x3:p=0x1fff:pred=0x67ff:exp=0x7ffa
ex288,15,8,reverse_comp_all,pair_swap,0,8192,0,0.000000,x=0x0:p=0x7fff:pred=0x0:exp=0x7fff;x=0x1:p=0x3fff:pred=0x4000:exp=0x7fbf;x=0x2:p=0x5fff:pred=0x2000:exp=0x7eff
ex288,15,8,reverse_comp_all,comp_pair_swap,2,8192,0,0.000244,x=0x1:p=0x3fff:pred=0x3fff:exp=0x7fbf;x=0x2:p=0x5fff:pred=0x5fff:exp=0x7eff;x=0x3:p=0x1fff:pred=0x7ff3:exp=0x7ffa
ex288,15,8,reverse_comp_except_split,identity,1,8192,0,0.000122,x=0x0:p=0x7fbf:pred=0x0:exp=0x7fbf;x=0x1:p=0x3fbf:pred=0x4000:exp=0x3fbf;x=0x2:p=0x5fbf:pred=0x2000:exp=0x7efb
ex288,15,8,reverse_comp_except_split,comp,0,8192,0,0.000000,x=0x0:p=0x7fbf:pred=0x7fff:exp=0x7fbf;x=0x1:p=0x3fbf:pred=0x3fff:exp=0x3fbf;x=0x2:p=0x5fbf:pred=0x5fff:exp=0x7efb
ex288,15,8,reverse_comp_except_split,reverse,0,8192,0,0.000000,x=0x0:p=0x7fbf:pred=0x0:exp=0x7fbf;x=0x1:p=0x3fbf:pred=0x1:exp=0x3fbf;x=0x2:p=0x5fbf:pred=0x2:exp=0x7efb
ex288,15,8,reverse_comp_except_split,comp_reverse,0,8192,0,0.000000,x=0x0:p=0x7fbf:pred=0x7fff:exp=0x7fbf;x=0x1:p=0x3fbf:pred=0x7ffe:exp=0x3fbf;x=0x2:p=0x5fbf:pred=0x7ffd:exp=0x7efb
ex288,15,8,reverse_comp_except_split,pair_swap,2,8192,0,0.000244,x=0x0:p=0x7fbf:pred=0x0:exp=0x7fbf;x=0x1:p=0x3fbf:pred=0x4000:exp=0x3fbf;x=0x2:p=0x5fbf:pred=0x2000:exp=0x7efb
ex288,15,8,reverse_comp_except_split,comp_pair_swap,0,8192,0,0.000000,x=0x0:p=0x7fbf:pred=0x7fff:exp=0x7fbf;x=0x1:p=0x3fbf:pred=0x3fff:exp=0x3fbf;x=0x2:p=0x5fbf:pred=0x5fff:exp=0x7efb
ex288,15,8,reverse,identity,8,8192,0,0.000977,x=0x40:p=0x100:pred=0x200:exp=0x8;x=0x41:p=0x4100:pred=0x4100:exp=0x900;x=0x42:p=0x2100:pred=0x2800:exp=0x28
ex288,15,8,reverse,comp,0,8192,0,0.000000,x=0x40:p=0x100:pred=0x7dff:exp=0x8;x=0x41:p=0x4100:pred=0x3eff:exp=0x900;x=0x42:p=0x2100:pred=0x57ff:exp=0x28
ex288,15,8,reverse,reverse,29,8192,0,0.003540,x=0x40:p=0x100:pred=0x20:exp=0x8;x=0x41:p=0x4100:pred=0x41:exp=0x900;x=0x42:p=0x2100:pred=0xa:exp=0x28
ex288,15,8,reverse,comp_reverse,0,8192,0,0.000000,x=0x40:p=0x100:pred=0x7fdf:exp=0x8;x=0x41:p=0x4100:pred=0x7fbe:exp=0x900;x=0x42:p=0x2100:pred=0x7ff5:exp=0x28
ex288,15,8,reverse,pair_swap,5,8192,0,0.000610,x=0x40:p=0x100:pred=0x100:exp=0x8;x=0x41:p=0x4100:pred=0x4200:exp=0x900;x=0x42:p=0x2100:pred=0x2800:exp=0x28
ex288,15,8,reverse,comp_pair_swap,0,8192,0,0.000000,x=0x40:p=0x100:pred=0x7eff:exp=0x8;x=0x41:p=0x4100:pred=0x3dff:exp=0x900;x=0x42:p=0x2100:pred=0x57ff:exp=0x28
ex288,15,9,comp_all,identity,0,16384,0,0.000000,x=0x0:p=0x7fff:pred=0x0:exp=0x7fff;x=0x1:p=0x7ffe:pred=0x4000:exp=0x7ffd;x=0x2:p=0x7ffd:pred=0x2000:exp=0x7ffb
ex288,15,9,comp_all,comp,1,16384,0,0.000061,x=0x1:p=0x7ffe:pred=0x3fff:exp=0x7ffd;x=0x2:p=0x7ffd:pred=0x5fff:exp=0x7ffb;x=0x3:p=0x7ffc:pred=0x7ff3:exp=0x4fff
ex288,15,9,comp_all,reverse,0,16384,0,0.000000,x=0x0:p=0x7fff:pred=0x0:exp=0x7fff;x=0x1:p=0x7ffe:pred=0x1:exp=0x7ffd;x=0x2:p=0x7ffd:pred=0x2:exp=0x7ffb
ex288,15,9,comp_all,comp_reverse,8,16384,0,0.000488,x=0x1:p=0x7ffe:pred=0x7ffe:exp=0x7ffd;x=0x2:p=0x7ffd:pred=0x7ffd:exp=0x7ffb;x=0x3:p=0x7ffc:pred=0x67ff:exp=0x4fff
ex288,15,9,comp_all,pair_swap,0,16384,0,0.000000,x=0x0:p=0x7fff:pred=0x0:exp=0x7fff;x=0x1:p=0x7ffe:pred=0x4000:exp=0x7ffd;x=0x2:p=0x7ffd:pred=0x2000:exp=0x7ffb
ex288,15,9,comp_all,comp_pair_swap,3,16384,0,0.000183,x=0x1:p=0x7ffe:pred=0x3fff:exp=0x7ffd;x=0x2:p=0x7ffd:pred=0x5fff:exp=0x7ffb;x=0x3:p=0x7ffc:pred=0x7ff3:exp=0x4fff
ex288,15,9,reverse_comp_all,identity,0,8192,0,0.000000,x=0x0:p=0x7fff:pred=0x0:exp=0x7fff;x=0x1:p=0x3fff:pred=0x4000:exp=0x7fbf;x=0x2:p=0x5fff:pred=0x2000:exp=0x7eff
ex288,15,9,reverse_comp_all,comp,8,8192,0,0.000977,x=0x1:p=0x3fff:pred=0x3fff:exp=0x7fbf;x=0x2:p=0x5fff:pred=0x5fff:exp=0x7eff;x=0x3:p=0x1fff:pred=0x7ff3:exp=0x7ffa
ex288,15,9,reverse_comp_all,reverse,0,8192,0,0.000000,x=0x0:p=0x7fff:pred=0x0:exp=0x7fff;x=0x1:p=0x3fff:pred=0x1:exp=0x7fbf;x=0x2:p=0x5fff:pred=0x2:exp=0x7eff
ex288,15,9,reverse_comp_all,comp_reverse,45,8192,0,0.005493,x=0x1:p=0x3fff:pred=0x7ffe:exp=0x7fbf;x=0x2:p=0x5fff:pred=0x7ffd:exp=0x7eff;x=0x3:p=0x1fff:pred=0x67ff:exp=0x7ffa
ex288,15,9,reverse_comp_all,pair_swap,0,8192,0,0.000000,x=0x0:p=0x7fff:pred=0x0:exp=0x7fff;x=0x1:p=0x3fff:pred=0x4000:exp=0x7fbf;x=0x2:p=0x5fff:pred=0x2000:exp=0x7eff
ex288,15,9,reverse_comp_all,comp_pair_swap,6,8192,0,0.000732,x=0x1:p=0x3fff:pred=0x3fff:exp=0x7fbf;x=0x2:p=0x5fff:pred=0x5fff:exp=0x7eff;x=0x3:p=0x1fff:pred=0x7ff3:exp=0x7ffa
ex288,15,9,reverse_comp_except_split,identity,37,8192,0,0.004517,x=0x0:p=0x7fdf:pred=0x0:exp=0x7fef;x=0x1:p=0x3fdf:pred=0x4000:exp=0x6fbf;x=0x2:p=0x5fdf:pred=0x2000:exp=0x7efe
ex288,15,9,reverse_comp_except_split,comp,0,8192,0,0.000000,x=0x0:p=0x7fdf:pred=0x7fff:exp=0x7fef;x=0x1:p=0x3fdf:pred=0x3fff:exp=0x6fbf;x=0x2:p=0x5fdf:pred=0x5fff:exp=0x7efe
ex288,15,9,reverse_comp_except_split,reverse,1,8192,0,0.000122,x=0x0:p=0x7fdf:pred=0x0:exp=0x7fef;x=0x1:p=0x3fdf:pred=0x1:exp=0x6fbf;x=0x2:p=0x5fdf:pred=0x2:exp=0x7efe
ex288,15,9,reverse_comp_except_split,comp_reverse,0,8192,0,0.000000,x=0x0:p=0x7fdf:pred=0x7fff:exp=0x7fef;x=0x1:p=0x3fdf:pred=0x7ffe:exp=0x6fbf;x=0x2:p=0x5fdf:pred=0x7ffd:exp=0x7efe
ex288,15,9,reverse_comp_except_split,pair_swap,2,8192,0,0.000244,x=0x0:p=0x7fdf:pred=0x0:exp=0x7fef;x=0x1:p=0x3fdf:pred=0x4000:exp=0x6fbf;x=0x2:p=0x5fdf:pred=0x2000:exp=0x7efe
ex288,15,9,reverse_comp_except_split,comp_pair_swap,0,8192,0,0.000000,x=0x0:p=0x7fdf:pred=0x7fff:exp=0x7fef;x=0x1:p=0x3fdf:pred=0x3fff:exp=0x6fbf;x=0x2:p=0x5fdf:pred=0x5fff:exp=0x7efe
ex288,15,9,reverse,identity,4,8192,0,0.000488,x=0x20:p=0x200:pred=0x800:exp=0x8;x=0x21:p=0x4200:pred=0x4400:exp=0x900;x=0x22:p=0x2200:pred=0x2200:exp=0x28
ex288,15,9,reverse,comp,0,8192,0,0.000000,x=0x20:p=0x200:pred=0x77ff:exp=0x8;x=0x21:p=0x4200:pred=0x3bff:exp=0x900;x=0x22:p=0x2200:pred=0x5dff:exp=0x28
ex288,15,9,reverse,reverse,15,8192,0,0.001831,x=0x21:p=0x4200:pred=0x11:exp=0x900;x=0x22:p=0x2200:pred=0x22:exp=0x28;x=0x23:p=0x6200:pred=0x1840:exp=0x2c00
ex288,15,9,reverse,comp_reverse,0,8192,0,0.000000,x=0x20:p=0x200:pred=0x7ff7:exp=0x8;x=0x21:p=0x4200:pred=0x7fee:exp=0x900;x=0x22:p=0x2200:pred=0x7fdd:exp=0x28
ex288,15,9,reverse,pair_swap,2,8192,0,0.000244,x=0x20:p=0x200:pred=0x800:exp=0x8;x=0x21:p=0x4200:pred=0x4400:exp=0x900;x=0x22:p=0x2200:pred=0x2100:exp=0x28
ex288,15,9,reverse,comp_pair_swap,0,8192,0,0.000000,x=0x20:p=0x200:pred=0x77ff:exp=0x8;x=0x21:p=0x4200:pred=0x3bff:exp=0x900;x=0x22:p=0x2200:pred=0x5eff:exp=0x28
ex288,15,10,comp_all,identity,0,16384,0,0.000000,x=0x0:p=0x7fff:pred=0x0:exp=0x7fff;x=0x1:p=0x7ffe:pred=0x4000:exp=0x7ffd;x=0x2:p=0x7ffd:pred=0x2000:exp=0x7ffb
ex288,15,10,comp_all,comp,1,16384,0,0.000061,x=0x1:p=0x7ffe:pred=0x3fff:exp=0x7ffd;x=0x2:p=0x7ffd:pred=0x5fff:exp=0x7ffb;x=0x3:p=0x7ffc:pred=0x7ff3:exp=0x4fff
ex288,15,10,comp_all,reverse,0,16384,0,0.000000,x=0x0:p=0x7fff:pred=0x0:exp=0x7fff;x=0x1:p=0x7ffe:pred=0x1:exp=0x7ffd;x=0x2:p=0x7ffd:pred=0x2:exp=0x7ffb
ex288,15,10,comp_all,comp_reverse,8,16384,0,0.000488,x=0x1:p=0x7ffe:pred=0x7ffe:exp=0x7ffd;x=0x2:p=0x7ffd:pred=0x7ffd:exp=0x7ffb;x=0x3:p=0x7ffc:pred=0x67ff:exp=0x4fff
ex288,15,10,comp_all,pair_swap,0,16384,0,0.000000,x=0x0:p=0x7fff:pred=0x0:exp=0x7fff;x=0x1:p=0x7ffe:pred=0x4000:exp=0x7ffd;x=0x2:p=0x7ffd:pred=0x2000:exp=0x7ffb
ex288,15,10,comp_all,comp_pair_swap,3,16384,0,0.000183,x=0x1:p=0x7ffe:pred=0x3fff:exp=0x7ffd;x=0x2:p=0x7ffd:pred=0x5fff:exp=0x7ffb;x=0x3:p=0x7ffc:pred=0x7ff3:exp=0x4fff
ex288,15,10,reverse_comp_all,identity,0,8192,0,0.000000,x=0x0:p=0x7fff:pred=0x0:exp=0x7fff;x=0x1:p=0x3fff:pred=0x4000:exp=0x7fbf;x=0x2:p=0x5fff:pred=0x2000:exp=0x7eff
ex288,15,10,reverse_comp_all,comp,9,8192,0,0.001099,x=0x1:p=0x3fff:pred=0x3fff:exp=0x7fbf;x=0x2:p=0x5fff:pred=0x5fff:exp=0x7eff;x=0x3:p=0x1fff:pred=0x7ff3:exp=0x7ffa
ex288,15,10,reverse_comp_all,reverse,0,8192,0,0.000000,x=0x0:p=0x7fff:pred=0x0:exp=0x7fff;x=0x1:p=0x3fff:pred=0x1:exp=0x7fbf;x=0x2:p=0x5fff:pred=0x2:exp=0x7eff
ex288,15,10,reverse_comp_all,comp_reverse,31,8192,0,0.003784,x=0x1:p=0x3fff:pred=0x7ffe:exp=0x7fbf;x=0x2:p=0x5fff:pred=0x7ffd:exp=0x7eff;x=0x3:p=0x1fff:pred=0x67ff:exp=0x7ffa
ex288,15,10,reverse_comp_all,pair_swap,0,8192,0,0.000000,x=0x0:p=0x7fff:pred=0x0:exp=0x7fff;x=0x1:p=0x3fff:pred=0x4000:exp=0x7fbf;x=0x2:p=0x5fff:pred=0x2000:exp=0x7eff
ex288,15,10,reverse_comp_all,comp_pair_swap,4,8192,0,0.000488,x=0x1:p=0x3fff:pred=0x3fff:exp=0x7fbf;x=0x2:p=0x5fff:pred=0x5fff:exp=0x7eff;x=0x3:p=0x1fff:pred=0x7ff3:exp=0x7ffa
ex288,15,10,reverse_comp_except_split,identity,1,8192,0,0.000122,x=0x0:p=0x7fef:pred=0x0:exp=0x7fef;x=0x1:p=0x3fef:pred=0x4000:exp=0x6fbf;x=0x2:p=0x5fef:pred=0x2000:exp=0x7efe
ex288,15,10,reverse_comp_except_split,comp,0,8192,0,0.000000,x=0x0:p=0x7fef:pred=0x7fff:exp=0x7fef;x=0x1:p=0x3fef:pred=0x3fff:exp=0x6fbf;x=0x2:p=0x5fef:pred=0x5fff:exp=0x7efe
ex288,15,10,reverse_comp_except_split,reverse,0,8192,0,0.000000,x=0x0:p=0x7fef:pred=0x0:exp=0x7fef;x=0x1:p=0x3fef:pred=0x1:exp=0x6fbf;x=0x2:p=0x5fef:pred=0x2:exp=0x7efe
ex288,15,10,reverse_comp_except_split,comp_reverse,0,8192,0,0.000000,x=0x0:p=0x7fef:pred=0x7fff:exp=0x7fef;x=0x1:p=0x3fef:pred=0x7ffe:exp=0x6fbf;x=0x2:p=0x5fef:pred=0x7ffd:exp=0x7efe
ex288,15,10,reverse_comp_except_split,pair_swap,0,8192,0,0.000000,x=0x0:p=0x7fef:pred=0x0:exp=0x7fef;x=0x1:p=0x3fef:pred=0x4000:exp=0x6fbf;x=0x2:p=0x5fef:pred=0x2000:exp=0x7efe
ex288,15,10,reverse_comp_except_split,comp_pair_swap,0,8192,0,0.000000,x=0x0:p=0x7fef:pred=0x7fff:exp=0x7fef;x=0x1:p=0x3fef:pred=0x3fff:exp=0x6fbf;x=0x2:p=0x5fef:pred=0x5fff:exp=0x7efe
ex288,15,10,reverse,identity,13,8192,0,0.001587,x=0x10:p=0x400:pred=0x800:exp=0x20;x=0x11:p=0x4400:pred=0x4400:exp=0x3000;x=0x12:p=0x2400:pred=0x2200:exp=0x22
ex288,15,10,reverse,comp,0,8192,0,0.000000,x=0x10:p=0x400:pred=0x77ff:exp=0x20;x=0x11:p=0x4400:pred=0x3bff:exp=0x3000;x=0x12:p=0x2400:pred=0x5dff:exp=0x22
ex288,15,10,reverse,reverse,25,8192,0,0.003052,x=0x10:p=0x400:pred=0x8:exp=0x20;x=0x11:p=0x4400:pred=0x11:exp=0x3000;x=0x13:p=0x6400:pred=0x1840:exp=0x6200
ex288,15,10,reverse,comp_reverse,0,8192,0,0.000000,x=0x10:p=0x400:pred=0x7ff7:exp=0x20;x=0x11:p=0x4400:pred=0x7fee:exp=0x3000;x=0x12:p=0x2400:pred=0x7fdd:exp=0x22
ex288,15,10,reverse,pair_swap,3,8192,0,0.000366,x=0x10:p=0x400:pred=0x800:exp=0x20;x=0x11:p=0x4400:pred=0x4400:exp=0x3000;x=0x12:p=0x2400:pred=0x2100:exp=0x22
ex288,15,10,reverse,comp_pair_swap,0,8192,0,0.000000,x=0x10:p=0x400:pred=0x77ff:exp=0x20;x=0x11:p=0x4400:pred=0x3bff:exp=0x3000;x=0x12:p=0x2400:pred=0x5eff:exp=0x22
ex288,15,11,comp_all,identity,0,16384,0,0.000000,x=0x0:p=0x7fff:pred=0x0:exp=0x7fff;x=0x1:p=0x7ffe:pred=0x4000:exp=0x7ffd;x=0x2:p=0x7ffd:pred=0x2000:exp=0x7ffb
ex288,15,11,comp_all,comp,1,16384,0,0.000061,x=0x1:p=0x7ffe:pred=0x3fff:exp=0x7ffd;x=0x2:p=0x7ffd:pred=0x5fff:exp=0x7ffb;x=0x3:p=0x7ffc:pred=0x7ff3:exp=0x4fff
ex288,15,11,comp_all,reverse,0,16384,0,0.000000,x=0x0:p=0x7fff:pred=0x0:exp=0x7fff;x=0x1:p=0x7ffe:pred=0x1:exp=0x7ffd;x=0x2:p=0x7ffd:pred=0x2:exp=0x7ffb
ex288,15,11,comp_all,comp_reverse,8,16384,0,0.000488,x=0x1:p=0x7ffe:pred=0x7ffe:exp=0x7ffd;x=0x2:p=0x7ffd:pred=0x7ffd:exp=0x7ffb;x=0x3:p=0x7ffc:pred=0x67ff:exp=0x4fff
ex288,15,11,comp_all,pair_swap,0,16384,0,0.000000,x=0x0:p=0x7fff:pred=0x0:exp=0x7fff;x=0x1:p=0x7ffe:pred=0x4000:exp=0x7ffd;x=0x2:p=0x7ffd:pred=0x2000:exp=0x7ffb
ex288,15,11,comp_all,comp_pair_swap,3,16384,0,0.000183,x=0x1:p=0x7ffe:pred=0x3fff:exp=0x7ffd;x=0x2:p=0x7ffd:pred=0x5fff:exp=0x7ffb;x=0x3:p=0x7ffc:pred=0x7ff3:exp=0x4fff
ex288,15,11,reverse_comp_all,identity,0,8192,0,0.000000,x=0x0:p=0x7fff:pred=0x0:exp=0x7fff;x=0x1:p=0x3fff:pred=0x4000:exp=0x7fbf;x=0x2:p=0x5fff:pred=0x2000:exp=0x7eff
ex288,15,11,reverse_comp_all,comp,4,8192,0,0.000488,x=0x1:p=0x3fff:pred=0x3fff:exp=0x7fbf;x=0x2:p=0x5fff:pred=0x5fff:exp=0x7eff;x=0x3:p=0x1fff:pred=0x7ff3:exp=0x7ffa
ex288,15,11,reverse_comp_all,reverse,0,8192,0,0.000000,x=0x0:p=0x7fff:pred=0x0:exp=0x7fff;x=0x1:p=0x3fff:pred=0x1:exp=0x7fbf;x=0x2:p=0x5fff:pred=0x2:exp=0x7eff
ex288,15,11,reverse_comp_all,comp_reverse,41,8192,0,0.005005,x=0x1:p=0x3fff:pred=0x7ffe:exp=0x7fbf;x=0x2:p=0x5fff:pred=0x7ffd:exp=0x7eff;x=0x3:p=0x1fff:pred=0x67ff:exp=0x7ffa
ex288,15,11,reverse_comp_all,pair_swap,0,8192,0,0.000000,x=0x0:p=0x7fff:pred=0x0:exp=0x7fff;x=0x1:p=0x3fff:pred=0x4000:exp=0x7fbf;x=0x2:p=0x5fff:pred=0x2000:exp=0x7eff
ex288,15,11,reverse_comp_all,comp_pair_swap,6,8192,0,0.000732,x=0x1:p=0x3fff:pred=0x3fff:exp=0x7fbf;x=0x2:p=0x5fff:pred=0x5fff:exp=0x7eff;x=0x3:p=0x1fff:pred=0x7ff3:exp=0x7ffa
ex288,15,11,reverse_comp_except_split,identity,1,8192,0,0.000122,x=0x0:p=0x7ff7:pred=0x0:exp=0x7bff;x=0x1:p=0x3ff7:pred=0x4000:exp=0x3ffb;x=0x2:p=0x5ff7:pred=0x2000:exp=0x3ffe
ex288,15,11,reverse_comp_except_split,comp,0,8192,0,0.000000,x=0x0:p=0x7ff7:pred=0x7fff:exp=0x7bff;x=0x1:p=0x3ff7:pred=0x3fff:exp=0x3ffb;x=0x2:p=0x5ff7:pred=0x5fff:exp=0x3ffe
ex288,15,11,reverse_comp_except_split,reverse,0,8192,0,0.000000,x=0x0:p=0x7ff7:pred=0x0:exp=0x7bff;x=0x1:p=0x3ff7:pred=0x1:exp=0x3ffb;x=0x2:p=0x5ff7:pred=0x2:exp=0x3ffe
ex288,15,11,reverse_comp_except_split,comp_reverse,0,8192,0,0.000000,x=0x0:p=0x7ff7:pred=0x7fff:exp=0x7bff;x=0x1:p=0x3ff7:pred=0x7ffe:exp=0x3ffb;x=0x2:p=0x5ff7:pred=0x7ffd:exp=0x3ffe
ex288,15,11,reverse_comp_except_split,pair_swap,0,8192,0,0.000000,x=0x0:p=0x7ff7:pred=0x0:exp=0x7bff;x=0x1:p=0x3ff7:pred=0x4000:exp=0x3ffb;x=0x2:p=0x5ff7:pred=0x2000:exp=0x3ffe
ex288,15,11,reverse_comp_except_split,comp_pair_swap,0,8192,0,0.000000,x=0x0:p=0x7ff7:pred=0x7fff:exp=0x7bff;x=0x1:p=0x3ff7:pred=0x3fff:exp=0x3ffb;x=0x2:p=0x5ff7:pred=0x5fff:exp=0x3ffe
ex288,15,11,reverse,identity,6,8192,0,0.000732,x=0x8:p=0x800:pred=0x20:exp=0x10;x=0x9:p=0x4800:pred=0x50:exp=0x1100;x=0xa:p=0x2800:pred=0xa0:exp=0x41
ex288,15,11,reverse,comp,0,8192,0,0.000000,x=0x8:p=0x800:pred=0x7fdf:exp=0x10;x=0x9:p=0x4800:pred=0x7faf:exp=0x1100;x=0xa:p=0x2800:pred=0x7f5f:exp=0x41
ex288,15,11,reverse,reverse,5,8192,0,0.000610,x=0x8:p=0x800:pred=0x200:exp=0x10;x=0x9:p=0x4800:pred=0x500:exp=0x1100;x=0xa:p=0x2800:pred=0x280:exp=0x41
ex288,15,11,reverse,comp_reverse,0,8192,0,0.000000,x=0x8:p=0x800:pred=0x7dff:exp=0x10;x=0x9:p=0x4800:pred=0x7aff:exp=0x1100;x=0xa:p=0x2800:pred=0x7d7f:exp=0x41
ex288,15,11,reverse,pair_swap,3,8192,0,0.000366,x=0x9:p=0x4800:pred=0xa0:exp=0x1100;x=0xa:p=0x2800:pred=0x50:exp=0x41;x=0xb:p=0x6800:pred=0xc20:exp=0x5100
ex288,15,11,reverse,comp_pair_swap,0,8192,0,0.000000,x=0x8:p=0x800:pred=0x7fef:exp=0x10;x=0x9:p=0x4800:pred=0x7f5f:exp=0x1100;x=0xa:p=0x2800:pred=0x7faf:exp=0x41
ex288,15,12,comp_all,identity,0,16384,0,0.000000,x=0x0:p=0x7fff:pred=0x0:exp=0x7fff;x=0x1:p=0x7ffe:pred=0x4000:exp=0x7ffd;x=0x2:p=0x7ffd:pred=0x2000:exp=0x7ffb
ex288,15,12,comp_all,comp,1,16384,0,0.000061,x=0x1:p=0x7ffe:pred=0x3fff:exp=0x7ffd;x=0x2:p=0x7ffd:pred=0x5fff:exp=0x7ffb;x=0x3:p=0x7ffc:pred=0x7ff3:exp=0x4fff
ex288,15,12,comp_all,reverse,0,16384,0,0.000000,x=0x0:p=0x7fff:pred=0x0:exp=0x7fff;x=0x1:p=0x7ffe:pred=0x1:exp=0x7ffd;x=0x2:p=0x7ffd:pred=0x2:exp=0x7ffb
ex288,15,12,comp_all,comp_reverse,8,16384,0,0.000488,x=0x1:p=0x7ffe:pred=0x7ffe:exp=0x7ffd;x=0x2:p=0x7ffd:pred=0x7ffd:exp=0x7ffb;x=0x3:p=0x7ffc:pred=0x67ff:exp=0x4fff
ex288,15,12,comp_all,pair_swap,0,16384,0,0.000000,x=0x0:p=0x7fff:pred=0x0:exp=0x7fff;x=0x1:p=0x7ffe:pred=0x4000:exp=0x7ffd;x=0x2:p=0x7ffd:pred=0x2000:exp=0x7ffb
ex288,15,12,comp_all,comp_pair_swap,3,16384,0,0.000183,x=0x1:p=0x7ffe:pred=0x3fff:exp=0x7ffd;x=0x2:p=0x7ffd:pred=0x5fff:exp=0x7ffb;x=0x3:p=0x7ffc:pred=0x7ff3:exp=0x4fff
ex288,15,12,reverse_comp_all,identity,0,8192,0,0.000000,x=0x0:p=0x7fff:pred=0x0:exp=0x7fff;x=0x1:p=0x3fff:pred=0x4000:exp=0x7fbf;x=0x2:p=0x5fff:pred=0x2000:exp=0x7eff
ex288,15,12,reverse_comp_all,comp,9,8192,0,0.001099,x=0x1:p=0x3fff:pred=0x3fff:exp=0x7fbf;x=0x2:p=0x5fff:pred=0x5fff:exp=0x7eff;x=0x3:p=0x1fff:pred=0x7ff3:exp=0x7ffa
ex288,15,12,reverse_comp_all,reverse,0,8192,0,0.000000,x=0x0:p=0x7fff:pred=0x0:exp=0x7fff;x=0x1:p=0x3fff:pred=0x1:exp=0x7fbf;x=0x2:p=0x5fff:pred=0x2:exp=0x7eff
ex288,15,12,reverse_comp_all,comp_reverse,16,8192,0,0.001953,x=0x1:p=0x3fff:pred=0x7ffe:exp=0x7fbf;x=0x2:p=0x5fff:pred=0x7ffd:exp=0x7eff;x=0x3:p=0x1fff:pred=0x67ff:exp=0x7ffa
ex288,15,12,reverse_comp_all,pair_swap,0,8192,0,0.000000,x=0x0:p=0x7fff:pred=0x0:exp=0x7fff;x=0x1:p=0x3fff:pred=0x4000:exp=0x7fbf;x=0x2:p=0x5fff:pred=0x2000:exp=0x7eff
ex288,15,12,reverse_comp_all,comp_pair_swap,5,8192,0,0.000610,x=0x1:p=0x3fff:pred=0x3fff:exp=0x7fbf;x=0x2:p=0x5fff:pred=0x5fff:exp=0x7eff;x=0x3:p=0x1fff:pred=0x7ff3:exp=0x7ffa
ex288,15,12,reverse_comp_except_split,identity,4,8192,0,0.000488,x=0x0:p=0x7ffb:pred=0x0:exp=0x7fbf;x=0x1:p=0x3ffb:pred=0x4000:exp=0x3ffb;x=0x2:p=0x5ffb:pred=0x2000:exp=0x6ffb
ex288,15,12,reverse_comp_except_split,comp,0,8192,0,0.000000,x=0x0:p=0x7ffb:pred=0x7fff:exp=0x7fbf;x=0x1:p=0x3ffb:pred=0x3fff:exp=0x3ffb;x=0x2:p=0x5ffb:pred=0x5fff:exp=0x6ffb
ex288,15,12,reverse_comp_except_split,reverse,0,8192,0,0.000000,x=0x0:p=0x7ffb:pred=0x0:exp=0x7fbf;x=0x1:p=0x3ffb:pred=0x1:exp=0x3ffb;x=0x2:p=0x5ffb:pred=0x2:exp=0x6ffb
ex288,15,12,reverse_comp_except_split,comp_reverse,0,8192,0,0.000000,x=0x0:p=0x7ffb:pred=0x7fff:exp=0x7fbf;x=0x1:p=0x3ffb:pred=0x7ffe:exp=0x3ffb;x=0x2:p=0x5ffb:pred=0x7ffd:exp=0x6ffb
ex288,15,12,reverse_comp_except_split,pair_swap,0,8192,0,0.000000,x=0x0:p=0x7ffb:pred=0x0:exp=0x7fbf;x=0x1:p=0x3ffb:pred=0x4000:exp=0x3ffb;x=0x2:p=0x5ffb:pred=0x2000:exp=0x6ffb
ex288,15,12,reverse_comp_except_split,comp_pair_swap,0,8192,0,0.000000,x=0x0:p=0x7ffb:pred=0x7fff:exp=0x7fbf;x=0x1:p=0x3ffb:pred=0x3fff:exp=0x3ffb;x=0x2:p=0x5ffb:pred=0x5fff:exp=0x6ffb
ex288,15,12,reverse,identity,4,8192,0,0.000488,x=0x4:p=0x1000:pred=0x200:exp=0x2;x=0x5:p=0x5000:pred=0x500:exp=0x300;x=0x6:p=0x3000:pred=0xa00:exp=0x60
ex288,15,12,reverse,comp,0,8192,0,0.000000,x=0x4:p=0x1000:pred=0x7dff:exp=0x2;x=0x5:p=0x5000:pred=0x7aff:exp=0x300;x=0x6:p=0x3000:pred=0x75ff:exp=0x60
ex288,15,12,reverse,reverse,9,8192,0,0.001099,x=0x4:p=0x1000:pred=0x20:exp=0x2;x=0x5:p=0x5000:pred=0x50:exp=0x300;x=0x6:p=0x3000:pred=0x28:exp=0x60
ex288,15,12,reverse,comp_reverse,0,8192,0,0.000000,x=0x4:p=0x1000:pred=0x7fdf:exp=0x2;x=0x5:p=0x5000:pred=0x7faf:exp=0x300;x=0x6:p=0x3000:pred=0x7fd7:exp=0x60
ex288,15,12,reverse,pair_swap,2,8192,0,0.000244,x=0x4:p=0x1000:pred=0x100:exp=0x2;x=0x5:p=0x5000:pred=0x600:exp=0x300;x=0x6:p=0x3000:pred=0x900:exp=0x60
ex288,15,12,reverse,comp_pair_swap,0,8192,0,0.000000,x=0x4:p=0x1000:pred=0x7eff:exp=0x2;x=0x5:p=0x5000:pred=0x79ff:exp=0x300;x=0x6:p=0x3000:pred=0x76ff:exp=0x60
ex288,15,13,comp_all,identity,0,16384,0,0.000000,x=0x0:p=0x7fff:pred=0x0:exp=0x7fff;x=0x1:p=0x7ffe:pred=0x4000:exp=0x7ffd;x=0x2:p=0x7ffd:pred=0x2000:exp=0x7ffb
ex288,15,13,comp_all,comp,1,16384,0,0.000061,x=0x1:p=0x7ffe:pred=0x3fff:exp=0x7ffd;x=0x2:p=0x7ffd:pred=0x5fff:exp=0x7ffb;x=0x3:p=0x7ffc:pred=0x7ff3:exp=0x4fff
ex288,15,13,comp_all,reverse,0,16384,0,0.000000,x=0x0:p=0x7fff:pred=0x0:exp=0x7fff;x=0x1:p=0x7ffe:pred=0x1:exp=0x7ffd;x=0x2:p=0x7ffd:pred=0x2:exp=0x7ffb
ex288,15,13,comp_all,comp_reverse,8,16384,0,0.000488,x=0x1:p=0x7ffe:pred=0x7ffe:exp=0x7ffd;x=0x2:p=0x7ffd:pred=0x7ffd:exp=0x7ffb;x=0x3:p=0x7ffc:pred=0x67ff:exp=0x4fff
ex288,15,13,comp_all,pair_swap,0,16384,0,0.000000,x=0x0:p=0x7fff:pred=0x0:exp=0x7fff;x=0x1:p=0x7ffe:pred=0x4000:exp=0x7ffd;x=0x2:p=0x7ffd:pred=0x2000:exp=0x7ffb
ex288,15,13,comp_all,comp_pair_swap,3,16384,0,0.000183,x=0x1:p=0x7ffe:pred=0x3fff:exp=0x7ffd;x=0x2:p=0x7ffd:pred=0x5fff:exp=0x7ffb;x=0x3:p=0x7ffc:pred=0x7ff3:exp=0x4fff
ex288,15,13,reverse_comp_all,identity,0,8192,0,0.000000,x=0x0:p=0x7fff:pred=0x0:exp=0x7fff;x=0x1:p=0x3fff:pred=0x4000:exp=0x7fbf;x=0x4:p=0x6fff:pred=0x200:exp=0x3fff
ex288,15,13,reverse_comp_all,comp,10,8192,0,0.001221,x=0x1:p=0x3fff:pred=0x3fff:exp=0x7fbf;x=0x4:p=0x6fff:pred=0x7dff:exp=0x3fff;x=0x5:p=0x2fff:pred=0x7aff:exp=0x7faf
ex288,15,13,reverse_comp_all,reverse,0,8192,0,0.000000,x=0x0:p=0x7fff:pred=0x0:exp=0x7fff;x=0x1:p=0x3fff:pred=0x1:exp=0x7fbf;x=0x4:p=0x6fff:pred=0x20:exp=0x3fff
ex288,15,13,reverse_comp_all,comp_reverse,45,8192,0,0.005493,x=0x1:p=0x3fff:pred=0x7ffe:exp=0x7fbf;x=0x4:p=0x6fff:pred=0x7fdf:exp=0x3fff;x=0x8:p=0x77ff:pred=0x7dff:exp=0x77ff
ex288,15,13,reverse_comp_all,pair_swap,0,8192,0,0.000000,x=0x0:p=0x7fff:pred=0x0:exp=0x7fff;x=0x1:p=0x3fff:pred=0x4000:exp=0x7fbf;x=0x4:p=0x6fff:pred=0x100:exp=0x3fff
ex288,15,13,reverse_comp_all,comp_pair_swap,5,8192,0,0.000610,x=0x1:p=0x3fff:pred=0x3fff:exp=0x7fbf;x=0x4:p=0x6fff:pred=0x7eff:exp=0x3fff;x=0x5:p=0x2fff:pred=0x79ff:exp=0x7faf
ex288,15,13,reverse_comp_except_split,identity,0,8192,0,0.000000,x=0x0:p=0x7ffd:pred=0x0:exp=0x7ffb;x=0x1:p=0x3ffd:pred=0x4000:exp=0x7bef;x=0x4:p=0x6ffd:pred=0x200:exp=0x6ffe
ex288,15,13,reverse_comp_except_split,comp,0,8192,0,0.000000,x=0x0:p=0x7ffd:pred=0x7fff:exp=0x7ffb;x=0x1:p=0x3ffd:pred=0x3fff:exp=0x7bef;x=0x4:p=0x6ffd:pred=0x7dff:exp=0x6ffe
ex288,15,13,reverse_comp_except_split,reverse,1,8192,0,0.000122,x=0x0:p=0x7ffd:pred=0x0:exp=0x7ffb;x=0x1:p=0x3ffd:pred=0x1:exp=0x7bef;x=0x4:p=0x6ffd:pred=0x20:exp=0x6ffe
ex288,15,13,reverse_comp_except_split,comp_reverse,0,8192,0,0.000000,x=0x0:p=0x7ffd:pred=0x7fff:exp=0x7ffb;x=0x1:p=0x3ffd:pred=0x7ffe:exp=0x7bef;x=0x4:p=0x6ffd:pred=0x7fdf:exp=0x6ffe
ex288,15,13,reverse_comp_except_split,pair_swap,0,8192,0,0.000000,x=0x0:p=0x7ffd:pred=0x0:exp=0x7ffb;x=0x1:p=0x3ffd:pred=0x4000:exp=0x7bef;x=0x4:p=0x6ffd:pred=0x100:exp=0x6ffe
ex288,15,13,reverse_comp_except_split,comp_pair_swap,0,8192,0,0.000000,x=0x0:p=0x7ffd:pred=0x7fff:exp=0x7ffb;x=0x1:p=0x3ffd:pred=0x3fff:exp=0x7bef;x=0x4:p=0x6ffd:pred=0x7eff:exp=0x6ffe
ex288,15,13,reverse,identity,7,8192,0,0.000854,x=0x2:p=0x2000:pred=0x2000:exp=0x20;x=0x3:p=0x6000:pred=0xc:exp=0x6000;x=0x6:p=0x3000:pred=0xa00:exp=0x60
ex288,15,13,reverse,comp,0,8192,0,0.000000,x=0x2:p=0x2000:pred=0x5fff:exp=0x20;x=0x3:p=0x6000:pred=0x7ff3:exp=0x6000;x=0x6:p=0x3000:pred=0x75ff:exp=0x60
ex288,15,13,reverse,reverse,9,8192,0,0.001099,x=0x2:p=0x2000:pred=0x2:exp=0x20;x=0x3:p=0x6000:pred=0x1800:exp=0x6000;x=0x6:p=0x3000:pred=0x28:exp=0x60
ex288,15,13,reverse,comp_reverse,0,8192,0,0.000000,x=0x2:p=0x2000:pred=0x7ffd:exp=0x20;x=0x3:p=0x6000:pred=0x67ff:exp=0x6000;x=0x6:p=0x3000:pred=0x7fd7:exp=0x60
ex288,15,13,reverse,pair_swap,2,8192,0,0.000244,x=0x2:p=0x2000:pred=0x2000:exp=0x20;x=0x3:p=0x6000:pred=0xc:exp=0x6000;x=0x6:p=0x3000:pred=0x900:exp=0x60
ex288,15,13,reverse,comp_pair_swap,0,8192,0,0.000000,x=0x2:p=0x2000:pred=0x5fff:exp=0x20;x=0x3:p=0x6000:pred=0x7ff3:exp=0x6000;x=0x6:p=0x3000:pred=0x76ff:exp=0x60
ex288,15,14,comp_all,identity,0,16384,0,0.000000,x=0x0:p=0x7fff:pred=0x0:exp=0x7fff;x=0x1:p=0x7ffe:pred=0x4000:exp=0x7ffd;x=0x2:p=0x7ffd:pred=0x2000:exp=0x7ffb
ex288,15,14,comp_all,comp,1,16384,0,0.000061,x=0x1:p=0x7ffe:pred=0x3fff:exp=0x7ffd;x=0x2:p=0x7ffd:pred=0x5fff:exp=0x7ffb;x=0x3:p=0x7ffc:pred=0x7ff3:exp=0x4fff
ex288,15,14,comp_all,reverse,0,16384,0,0.000000,x=0x0:p=0x7fff:pred=0x0:exp=0x7fff;x=0x1:p=0x7ffe:pred=0x1:exp=0x7ffd;x=0x2:p=0x7ffd:pred=0x2:exp=0x7ffb
ex288,15,14,comp_all,comp_reverse,8,16384,0,0.000488,x=0x1:p=0x7ffe:pred=0x7ffe:exp=0x7ffd;x=0x2:p=0x7ffd:pred=0x7ffd:exp=0x7ffb;x=0x3:p=0x7ffc:pred=0x67ff:exp=0x4fff
ex288,15,14,comp_all,pair_swap,0,16384,0,0.000000,x=0x0:p=0x7fff:pred=0x0:exp=0x7fff;x=0x1:p=0x7ffe:pred=0x4000:exp=0x7ffd;x=0x2:p=0x7ffd:pred=0x2000:exp=0x7ffb
ex288,15,14,comp_all,comp_pair_swap,3,16384,0,0.000183,x=0x1:p=0x7ffe:pred=0x3fff:exp=0x7ffd;x=0x2:p=0x7ffd:pred=0x5fff:exp=0x7ffb;x=0x3:p=0x7ffc:pred=0x7ff3:exp=0x4fff
ex288,15,14,reverse_comp_all,identity,0,8192,0,0.000000,x=0x0:p=0x7fff:pred=0x0:exp=0x7fff;x=0x2:p=0x5fff:pred=0x2000:exp=0x7eff;x=0x4:p=0x6fff:pred=0x200:exp=0x3fff
ex288,15,14,reverse_comp_all,comp,11,8192,0,0.001343,x=0x2:p=0x5fff:pred=0x5fff:exp=0x7eff;x=0x4:p=0x6fff:pred=0x7dff:exp=0x3fff;x=0x6:p=0x4fff:pred=0x75ff:exp=0x7cff
ex288,15,14,reverse_comp_all,reverse,0,8192,0,0.000000,x=0x0:p=0x7fff:pred=0x0:exp=0x7fff;x=0x2:p=0x5fff:pred=0x2:exp=0x7eff;x=0x4:p=0x6fff:pred=0x20:exp=0x3fff
ex288,15,14,reverse_comp_all,comp_reverse,13,8192,0,0.001587,x=0x2:p=0x5fff:pred=0x7ffd:exp=0x7eff;x=0x4:p=0x6fff:pred=0x7fdf:exp=0x3fff;x=0x6:p=0x4fff:pred=0x7fd7:exp=0x7cff
ex288,15,14,reverse_comp_all,pair_swap,0,8192,0,0.000000,x=0x0:p=0x7fff:pred=0x0:exp=0x7fff;x=0x2:p=0x5fff:pred=0x2000:exp=0x7eff;x=0x4:p=0x6fff:pred=0x100:exp=0x3fff
ex288,15,14,reverse_comp_all,comp_pair_swap,6,8192,0,0.000732,x=0x2:p=0x5fff:pred=0x5fff:exp=0x7eff;x=0x4:p=0x6fff:pred=0x7eff:exp=0x3fff;x=0x6:p=0x4fff:pred=0x76ff:exp=0x7cff
ex288,15,14,reverse_comp_except_split,identity,1,8192,0,0.000122,x=0x0:p=0x7ffe:pred=0x0:exp=0x7ffd;x=0x2:p=0x5ffe:pred=0x2000:exp=0x7ddf;x=0x4:p=0x6ffe:pred=0x200:exp=0x5ff7
ex288,15,14,reverse_comp_except_split,comp,0,8192,0,0.000000,x=0x0:p=0x7ffe:pred=0x7fff:exp=0x7ffd;x=0x2:p=0x5ffe:pred=0x5fff:exp=0x7ddf;x=0x4:p=0x6ffe:pred=0x7dff:exp=0x5ff7
ex288,15,14,reverse_comp_except_split,reverse,1,8192,0,0.000122,x=0x0:p=0x7ffe:pred=0x0:exp=0x7ffd;x=0x2:p=0x5ffe:pred=0x2:exp=0x7ddf;x=0x4:p=0x6ffe:pred=0x20:exp=0x5ff7
ex288,15,14,reverse_comp_except_split,comp_reverse,0,8192,0,0.000000,x=0x0:p=0x7ffe:pred=0x7fff:exp=0x7ffd;x=0x2:p=0x5ffe:pred=0x7ffd:exp=0x7ddf;x=0x4:p=0x6ffe:pred=0x7fdf:exp=0x5ff7
ex288,15,14,reverse_comp_except_split,pair_swap,0,8192,0,0.000000,x=0x0:p=0x7ffe:pred=0x0:exp=0x7ffd;x=0x2:p=0x5ffe:pred=0x2000:exp=0x7ddf;x=0x4:p=0x6ffe:pred=0x100:exp=0x5ff7
ex288,15,14,reverse_comp_except_split,comp_pair_swap,0,8192,0,0.000000,x=0x0:p=0x7ffe:pred=0x7fff:exp=0x7ffd;x=0x2:p=0x5ffe:pred=0x5fff:exp=0x7ddf;x=0x4:p=0x6ffe:pred=0x7eff:exp=0x5ff7
ex288,15,14,reverse,identity,6,8192,0,0.000732,x=0x1:p=0x4000:pred=0x4000:exp=0x100;x=0x3:p=0x6000:pred=0xc:exp=0x6000;x=0x5:p=0x5000:pred=0x500:exp=0x300
ex288,15,14,reverse,comp,0,8192,0,0.000000,x=0x1:p=0x4000:pred=0x3fff:exp=0x100;x=0x3:p=0x6000:pred=0x7ff3:exp=0x6000;x=0x5:p=0x5000:pred=0x7aff:exp=0x300
ex288,15,14,reverse,reverse,5,8192,0,0.000610,x=0x1:p=0x4000:pred=0x1:exp=0x100;x=0x3:p=0x6000:pred=0x1800:exp=0x6000;x=0x5:p=0x5000:pred=0x50:exp=0x300
ex288,15,14,reverse,comp_reverse,0,8192,0,0.000000,x=0x1:p=0x4000:pred=0x7ffe:exp=0x100;x=0x3:p=0x6000:pred=0x67ff:exp=0x6000;x=0x5:p=0x5000:pred=0x7faf:exp=0x300
ex288,15,14,reverse,pair_swap,3,8192,0,0.000366,x=0x1:p=0x4000:pred=0x4000:exp=0x100;x=0x3:p=0x6000:pred=0xc:exp=0x6000;x=0x5:p=0x5000:pred=0x600:exp=0x300
ex288,15,14,reverse,comp_pair_swap,0,8192,0,0.000000,x=0x1:p=0x4000:pred=0x3fff:exp=0x100;x=0x3:p=0x6000:pred=0x7ff3:exp=0x6000;x=0x5:p=0x5000:pred=0x79ff:exp=0x300
