case,candidate_id,hypothesis,variant,verilog_path,aig_path,verified_truth,synthesized,equivalent,area,delay,adp,reference_adp,adp_ratio_to_reference,within_1p5_reference,beats_reference,runtime_sec,classification,notes
ex270,ex270_square_direct_square_abc_g_aig,unsigned_square_x_times_x,direct_square+abc_g_aig,student/work/ex270_ex274_frontend_square_structures_20260609_1138/ex270/verilog/ex270_square_direct_square.v,student/work/ex270_ex274_frontend_square_structures_20260609_1138/ex270/aigs/ex270_square_direct_square_abc_g_aig.aig,1,1,1,270,33,8910,2076,4.291908,0,0,0.373,semantic_rtl,exact unsigned 8-bit square x*x over 256 inputs; source=direct_square; flow=abc_g_aig
ex270,ex270_square_direct_square_wreduce_abc_g_aig,unsigned_square_x_times_x,direct_square+wreduce_abc_g_aig,student/work/ex270_ex274_frontend_square_structures_20260609_1138/ex270/verilog/ex270_square_direct_square.v,student/work/ex270_ex274_frontend_square_structures_20260609_1138/ex270/aigs/ex270_square_direct_square_wreduce_abc_g_aig.aig,1,1,1,270,33,8910,2076,4.291908,0,0,0.467,semantic_rtl,exact unsigned 8-bit square x*x over 256 inputs; source=direct_square; flow=wreduce_abc_g_aig
ex270,ex270_square_direct_square_arith_wreduce_aig,unsigned_square_x_times_x,direct_square+arith_wreduce_aig,student/work/ex270_ex274_frontend_square_structures_20260609_1138/ex270/verilog/ex270_square_direct_square.v,student/work/ex270_ex274_frontend_square_structures_20260609_1138/ex270/aigs/ex270_square_direct_square_arith_wreduce_aig.aig,1,1,1,270,33,8910,2076,4.291908,0,0,0.431,semantic_rtl,exact unsigned 8-bit square x*x over 256 inputs; source=direct_square; flow=arith_wreduce_aig
ex270,ex270_square_direct_square_synth_preset_d20,unsigned_square_x_times_x,direct_square+synth_preset_d20,student/work/ex270_ex274_frontend_square_structures_20260609_1138/ex270/verilog/ex270_square_direct_square.v,student/work/ex270_ex274_frontend_square_structures_20260609_1138/ex270/aigs/ex270_square_direct_square_synth_preset_d20.aig,1,1,1,252,33,8316,2076,4.005780,0,0,0.485,semantic_rtl,exact unsigned 8-bit square x*x over 256 inputs; source=direct_square; flow=synth_preset_d20
ex270,ex270_square_triangular_balanced_abc_g_aig,unsigned_square_x_times_x,triangular_balanced+abc_g_aig,student/work/ex270_ex274_frontend_square_structures_20260609_1138/ex270/verilog/ex270_square_triangular_balanced.v,student/work/ex270_ex274_frontend_square_structures_20260609_1138/ex270/aigs/ex270_square_triangular_balanced_abc_g_aig.aig,1,1,1,206,30,6180,2076,2.976879,0,0,0.496,square_specific_structural_rtl,exact unsigned 8-bit square x*x over 256 inputs; source=triangular_balanced; flow=abc_g_aig
ex270,ex270_square_triangular_balanced_wreduce_abc_g_aig,unsigned_square_x_times_x,triangular_balanced+wreduce_abc_g_aig,student/work/ex270_ex274_frontend_square_structures_20260609_1138/ex270/verilog/ex270_square_triangular_balanced.v,student/work/ex270_ex274_frontend_square_structures_20260609_1138/ex270/aigs/ex270_square_triangular_balanced_wreduce_abc_g_aig.aig,1,1,1,210,30,6300,2076,3.034682,0,0,0.610,square_specific_structural_rtl,exact unsigned 8-bit square x*x over 256 inputs; source=triangular_balanced; flow=wreduce_abc_g_aig
ex270,ex270_square_triangular_balanced_arith_wreduce_aig,unsigned_square_x_times_x,triangular_balanced+arith_wreduce_aig,student/work/ex270_ex274_frontend_square_structures_20260609_1138/ex270/verilog/ex270_square_triangular_balanced.v,student/work/ex270_ex274_frontend_square_structures_20260609_1138/ex270/aigs/ex270_square_triangular_balanced_arith_wreduce_aig.aig,1,1,1,199,28,5572,2076,2.684008,0,0,0.447,square_specific_structural_rtl,exact unsigned 8-bit square x*x over 256 inputs; source=triangular_balanced; flow=arith_wreduce_aig
ex270,ex270_square_triangular_balanced_synth_preset_d20,unsigned_square_x_times_x,triangular_balanced+synth_preset_d20,student/work/ex270_ex274_frontend_square_structures_20260609_1138/ex270/verilog/ex270_square_triangular_balanced.v,student/work/ex270_ex274_frontend_square_structures_20260609_1138/ex270/aigs/ex270_square_triangular_balanced_synth_preset_d20.aig,1,1,1,195,27,5265,2076,2.536127,0,0,0.523,square_specific_structural_rtl,exact unsigned 8-bit square x*x over 256 inputs; source=triangular_balanced; flow=synth_preset_d20
ex270,ex270_square_triangular_rows_csa_abc_g_aig,unsigned_square_x_times_x,triangular_rows_csa+abc_g_aig,student/work/ex270_ex274_frontend_square_structures_20260609_1138/ex270/verilog/ex270_square_triangular_rows_csa.v,student/work/ex270_ex274_frontend_square_structures_20260609_1138/ex270/aigs/ex270_square_triangular_rows_csa_abc_g_aig.aig,1,1,1,222,27,5994,2076,2.887283,0,0,0.444,square_specific_structural_rtl,exact unsigned 8-bit square x*x over 256 inputs; source=triangular_rows_csa; flow=abc_g_aig
ex270,ex270_square_triangular_rows_csa_wreduce_abc_g_aig,unsigned_square_x_times_x,triangular_rows_csa+wreduce_abc_g_aig,student/work/ex270_ex274_frontend_square_structures_20260609_1138/ex270/verilog/ex270_square_triangular_rows_csa.v,student/work/ex270_ex274_frontend_square_structures_20260609_1138/ex270/aigs/ex270_square_triangular_rows_csa_wreduce_abc_g_aig.aig,1,1,1,223,26,5798,2076,2.792871,0,0,0.541,square_specific_structural_rtl,exact unsigned 8-bit square x*x over 256 inputs; source=triangular_rows_csa; flow=wreduce_abc_g_aig
ex270,ex270_square_triangular_rows_csa_arith_wreduce_aig,unsigned_square_x_times_x,triangular_rows_csa+arith_wreduce_aig,student/work/ex270_ex274_frontend_square_structures_20260609_1138/ex270/verilog/ex270_square_triangular_rows_csa.v,student/work/ex270_ex274_frontend_square_structures_20260609_1138/ex270/aigs/ex270_square_triangular_rows_csa_arith_wreduce_aig.aig,1,1,1,223,25,5575,2076,2.685453,0,0,0.536,square_specific_structural_rtl,exact unsigned 8-bit square x*x over 256 inputs; source=triangular_rows_csa; flow=arith_wreduce_aig
ex270,ex270_square_triangular_rows_csa_synth_preset_d20,unsigned_square_x_times_x,triangular_rows_csa+synth_preset_d20,student/work/ex270_ex274_frontend_square_structures_20260609_1138/ex270/verilog/ex270_square_triangular_rows_csa.v,student/work/ex270_ex274_frontend_square_structures_20260609_1138/ex270/aigs/ex270_square_triangular_rows_csa_synth_preset_d20.aig,1,1,1,226,23,5198,2076,2.503854,0,0,0.630,square_specific_structural_rtl,exact unsigned 8-bit square x*x over 256 inputs; source=triangular_rows_csa; flow=synth_preset_d20
ex270,ex270_square_wallace_square_abc_g_aig,unsigned_square_x_times_x,wallace_square+abc_g_aig,student/work/ex270_ex274_frontend_square_structures_20260609_1138/ex270/verilog/ex270_square_wallace_square.v,student/work/ex270_ex274_frontend_square_structures_20260609_1138/ex270/aigs/ex270_square_wallace_square_abc_g_aig.aig,1,1,1,194,23,4462,2076,2.149326,0,0,0.463,square_specific_structural_rtl,exact unsigned 8-bit square x*x over 256 inputs; source=wallace_square; flow=abc_g_aig
ex270,ex270_square_wallace_square_wreduce_abc_g_aig,unsigned_square_x_times_x,wallace_square+wreduce_abc_g_aig,student/work/ex270_ex274_frontend_square_structures_20260609_1138/ex270/verilog/ex270_square_wallace_square.v,student/work/ex270_ex274_frontend_square_structures_20260609_1138/ex270/aigs/ex270_square_wallace_square_wreduce_abc_g_aig.aig,1,1,1,194,23,4462,2076,2.149326,0,0,0.454,square_specific_structural_rtl,exact unsigned 8-bit square x*x over 256 inputs; source=wallace_square; flow=wreduce_abc_g_aig
ex270,ex270_square_wallace_square_arith_wreduce_aig,unsigned_square_x_times_x,wallace_square+arith_wreduce_aig,student/work/ex270_ex274_frontend_square_structures_20260609_1138/ex270/verilog/ex270_square_wallace_square.v,student/work/ex270_ex274_frontend_square_structures_20260609_1138/ex270/aigs/ex270_square_wallace_square_arith_wreduce_aig.aig,1,1,1,193,22,4246,2076,2.045279,0,0,0.450,square_specific_structural_rtl,exact unsigned 8-bit square x*x over 256 inputs; source=wallace_square; flow=arith_wreduce_aig
ex270,ex270_square_wallace_square_synth_preset_d20,unsigned_square_x_times_x,wallace_square+synth_preset_d20,student/work/ex270_ex274_frontend_square_structures_20260609_1138/ex270/verilog/ex270_square_wallace_square.v,student/work/ex270_ex274_frontend_square_structures_20260609_1138/ex270/aigs/ex270_square_wallace_square_synth_preset_d20.aig,1,1,1,190,22,4180,2076,2.013487,0,0,0.547,square_specific_structural_rtl,exact unsigned 8-bit square x*x over 256 inputs; source=wallace_square; flow=synth_preset_d20
ex270,ex270_square_wallace_square_rev_abc_g_aig,unsigned_square_x_times_x,wallace_square_rev+abc_g_aig,student/work/ex270_ex274_frontend_square_structures_20260609_1138/ex270/verilog/ex270_square_wallace_square_rev.v,student/work/ex270_ex274_frontend_square_structures_20260609_1138/ex270/aigs/ex270_square_wallace_square_rev_abc_g_aig.aig,1,1,1,188,22,4136,2076,1.992293,0,0,0.453,square_specific_structural_rtl,exact unsigned 8-bit square x*x over 256 inputs; source=wallace_square_rev; flow=abc_g_aig
ex270,ex270_square_wallace_square_rev_wreduce_abc_g_aig,unsigned_square_x_times_x,wallace_square_rev+wreduce_abc_g_aig,student/work/ex270_ex274_frontend_square_structures_20260609_1138/ex270/verilog/ex270_square_wallace_square_rev.v,student/work/ex270_ex274_frontend_square_structures_20260609_1138/ex270/aigs/ex270_square_wallace_square_rev_wreduce_abc_g_aig.aig,1,1,1,188,22,4136,2076,1.992293,0,0,0.450,square_specific_structural_rtl,exact unsigned 8-bit square x*x over 256 inputs; source=wallace_square_rev; flow=wreduce_abc_g_aig
ex270,ex270_square_wallace_square_rev_arith_wreduce_aig,unsigned_square_x_times_x,wallace_square_rev+arith_wreduce_aig,student/work/ex270_ex274_frontend_square_structures_20260609_1138/ex270/verilog/ex270_square_wallace_square_rev.v,student/work/ex270_ex274_frontend_square_structures_20260609_1138/ex270/aigs/ex270_square_wallace_square_rev_arith_wreduce_aig.aig,1,1,1,188,22,4136,2076,1.992293,0,0,0.455,square_specific_structural_rtl,exact unsigned 8-bit square x*x over 256 inputs; source=wallace_square_rev; flow=arith_wreduce_aig
ex270,ex270_square_wallace_square_rev_synth_preset_d20,unsigned_square_x_times_x,wallace_square_rev+synth_preset_d20,student/work/ex270_ex274_frontend_square_structures_20260609_1138/ex270/verilog/ex270_square_wallace_square_rev.v,student/work/ex270_ex274_frontend_square_structures_20260609_1138/ex270/aigs/ex270_square_wallace_square_rev_synth_preset_d20.aig,1,1,1,187,22,4114,2076,1.981696,0,0,0.528,square_specific_structural_rtl,exact unsigned 8-bit square x*x over 256 inputs; source=wallace_square_rev; flow=synth_preset_d20
ex270,ex270_square_wallace_square_outside_abc_g_aig,unsigned_square_x_times_x,wallace_square_outside+abc_g_aig,student/work/ex270_ex274_frontend_square_structures_20260609_1138/ex270/verilog/ex270_square_wallace_square_outside.v,student/work/ex270_ex274_frontend_square_structures_20260609_1138/ex270/aigs/ex270_square_wallace_square_outside_abc_g_aig.aig,1,1,1,186,21,3906,2076,1.881503,0,0,0.442,square_specific_structural_rtl,exact unsigned 8-bit square x*x over 256 inputs; source=wallace_square_outside; flow=abc_g_aig
ex270,ex270_square_wallace_square_outside_wreduce_abc_g_aig,unsigned_square_x_times_x,wallace_square_outside+wreduce_abc_g_aig,student/work/ex270_ex274_frontend_square_structures_20260609_1138/ex270/verilog/ex270_square_wallace_square_outside.v,student/work/ex270_ex274_frontend_square_structures_20260609_1138/ex270/aigs/ex270_square_wallace_square_outside_wreduce_abc_g_aig.aig,1,1,1,186,21,3906,2076,1.881503,0,0,0.458,square_specific_structural_rtl,exact unsigned 8-bit square x*x over 256 inputs; source=wallace_square_outside; flow=wreduce_abc_g_aig
ex270,ex270_square_wallace_square_outside_arith_wreduce_aig,unsigned_square_x_times_x,wallace_square_outside+arith_wreduce_aig,student/work/ex270_ex274_frontend_square_structures_20260609_1138/ex270/verilog/ex270_square_wallace_square_outside.v,student/work/ex270_ex274_frontend_square_structures_20260609_1138/ex270/aigs/ex270_square_wallace_square_outside_arith_wreduce_aig.aig,1,1,1,187,21,3927,2076,1.891618,0,0,0.446,square_specific_structural_rtl,exact unsigned 8-bit square x*x over 256 inputs; source=wallace_square_outside; flow=arith_wreduce_aig
ex270,ex270_square_wallace_square_outside_synth_preset_d20,unsigned_square_x_times_x,wallace_square_outside+synth_preset_d20,student/work/ex270_ex274_frontend_square_structures_20260609_1138/ex270/verilog/ex270_square_wallace_square_outside.v,student/work/ex270_ex274_frontend_square_structures_20260609_1138/ex270/aigs/ex270_square_wallace_square_outside_synth_preset_d20.aig,1,1,1,183,20,3660,2076,1.763006,0,0,0.537,square_specific_structural_rtl,exact unsigned 8-bit square x*x over 256 inputs; source=wallace_square_outside; flow=synth_preset_d20
ex270,ex270_square_wallace_square_hcla2_abc_g_aig,unsigned_square_x_times_x,wallace_square_hcla2+abc_g_aig,student/work/ex270_ex274_frontend_square_structures_20260609_1138/ex270/verilog/ex270_square_wallace_square_hcla2.v,student/work/ex270_ex274_frontend_square_structures_20260609_1138/ex270/aigs/ex270_square_wallace_square_hcla2_abc_g_aig.aig,1,1,1,195,22,4290,2076,2.066474,0,0,0.458,square_specific_structural_rtl,exact unsigned 8-bit square x*x over 256 inputs; source=wallace_square_hcla2; flow=abc_g_aig
ex270,ex270_square_wallace_square_hcla2_wreduce_abc_g_aig,unsigned_square_x_times_x,wallace_square_hcla2+wreduce_abc_g_aig,student/work/ex270_ex274_frontend_square_structures_20260609_1138/ex270/verilog/ex270_square_wallace_square_hcla2.v,student/work/ex270_ex274_frontend_square_structures_20260609_1138/ex270/aigs/ex270_square_wallace_square_hcla2_wreduce_abc_g_aig.aig,1,1,1,198,22,4356,2076,2.098266,0,0,0.474,square_specific_structural_rtl,exact unsigned 8-bit square x*x over 256 inputs; source=wallace_square_hcla2; flow=wreduce_abc_g_aig
ex270,ex270_square_wallace_square_hcla2_arith_wreduce_aig,unsigned_square_x_times_x,wallace_square_hcla2+arith_wreduce_aig,student/work/ex270_ex274_frontend_square_structures_20260609_1138/ex270/verilog/ex270_square_wallace_square_hcla2.v,student/work/ex270_ex274_frontend_square_structures_20260609_1138/ex270/aigs/ex270_square_wallace_square_hcla2_arith_wreduce_aig.aig,1,1,1,198,22,4356,2076,2.098266,0,0,0.416,square_specific_structural_rtl,exact unsigned 8-bit square x*x over 256 inputs; source=wallace_square_hcla2; flow=arith_wreduce_aig
ex270,ex270_square_wallace_square_hcla2_synth_preset_d20,unsigned_square_x_times_x,wallace_square_hcla2+synth_preset_d20,student/work/ex270_ex274_frontend_square_structures_20260609_1138/ex270/verilog/ex270_square_wallace_square_hcla2.v,student/work/ex270_ex274_frontend_square_structures_20260609_1138/ex270/aigs/ex270_square_wallace_square_hcla2_synth_preset_d20.aig,1,1,1,195,22,4290,2076,2.066474,0,0,0.500,square_specific_structural_rtl,exact unsigned 8-bit square x*x over 256 inputs; source=wallace_square_hcla2; flow=synth_preset_d20
ex270,ex270_square_wallace_square_hcla4_abc_g_aig,unsigned_square_x_times_x,wallace_square_hcla4+abc_g_aig,student/work/ex270_ex274_frontend_square_structures_20260609_1138/ex270/verilog/ex270_square_wallace_square_hcla4.v,student/work/ex270_ex274_frontend_square_structures_20260609_1138/ex270/aigs/ex270_square_wallace_square_hcla4_abc_g_aig.aig,1,1,1,196,22,4312,2076,2.077071,0,0,0.388,square_specific_structural_rtl,exact unsigned 8-bit square x*x over 256 inputs; source=wallace_square_hcla4; flow=abc_g_aig
ex270,ex270_square_wallace_square_hcla4_wreduce_abc_g_aig,unsigned_square_x_times_x,wallace_square_hcla4+wreduce_abc_g_aig,student/work/ex270_ex274_frontend_square_structures_20260609_1138/ex270/verilog/ex270_square_wallace_square_hcla4.v,student/work/ex270_ex274_frontend_square_structures_20260609_1138/ex270/aigs/ex270_square_wallace_square_hcla4_wreduce_abc_g_aig.aig,1,1,1,194,22,4268,2076,2.055877,0,0,0.397,square_specific_structural_rtl,exact unsigned 8-bit square x*x over 256 inputs; source=wallace_square_hcla4; flow=wreduce_abc_g_aig
ex270,ex270_square_wallace_square_hcla4_arith_wreduce_aig,unsigned_square_x_times_x,wallace_square_hcla4+arith_wreduce_aig,student/work/ex270_ex274_frontend_square_structures_20260609_1138/ex270/verilog/ex270_square_wallace_square_hcla4.v,student/work/ex270_ex274_frontend_square_structures_20260609_1138/ex270/aigs/ex270_square_wallace_square_hcla4_arith_wreduce_aig.aig,1,1,1,194,22,4268,2076,2.055877,0,0,0.370,square_specific_structural_rtl,exact unsigned 8-bit square x*x over 256 inputs; source=wallace_square_hcla4; flow=arith_wreduce_aig
ex270,ex270_square_wallace_square_hcla4_synth_preset_d20,unsigned_square_x_times_x,wallace_square_hcla4+synth_preset_d20,student/work/ex270_ex274_frontend_square_structures_20260609_1138/ex270/verilog/ex270_square_wallace_square_hcla4.v,student/work/ex270_ex274_frontend_square_structures_20260609_1138/ex270/aigs/ex270_square_wallace_square_hcla4_synth_preset_d20.aig,1,1,1,194,22,4268,2076,2.055877,0,0,0.511,square_specific_structural_rtl,exact unsigned 8-bit square x*x over 256 inputs; source=wallace_square_hcla4; flow=synth_preset_d20
ex270,ex270_square_wallace_square_hcla6_abc_g_aig,unsigned_square_x_times_x,wallace_square_hcla6+abc_g_aig,student/work/ex270_ex274_frontend_square_structures_20260609_1138/ex270/verilog/ex270_square_wallace_square_hcla6.v,student/work/ex270_ex274_frontend_square_structures_20260609_1138/ex270/aigs/ex270_square_wallace_square_hcla6_abc_g_aig.aig,1,1,1,195,22,4290,2076,2.066474,0,0,0.360,square_specific_structural_rtl,exact unsigned 8-bit square x*x over 256 inputs; source=wallace_square_hcla6; flow=abc_g_aig
ex270,ex270_square_wallace_square_hcla6_wreduce_abc_g_aig,unsigned_square_x_times_x,wallace_square_hcla6+wreduce_abc_g_aig,student/work/ex270_ex274_frontend_square_structures_20260609_1138/ex270/verilog/ex270_square_wallace_square_hcla6.v,student/work/ex270_ex274_frontend_square_structures_20260609_1138/ex270/aigs/ex270_square_wallace_square_hcla6_wreduce_abc_g_aig.aig,1,1,1,195,22,4290,2076,2.066474,0,0,0.415,square_specific_structural_rtl,exact unsigned 8-bit square x*x over 256 inputs; source=wallace_square_hcla6; flow=wreduce_abc_g_aig
ex270,ex270_square_wallace_square_hcla6_arith_wreduce_aig,unsigned_square_x_times_x,wallace_square_hcla6+arith_wreduce_aig,student/work/ex270_ex274_frontend_square_structures_20260609_1138/ex270/verilog/ex270_square_wallace_square_hcla6.v,student/work/ex270_ex274_frontend_square_structures_20260609_1138/ex270/aigs/ex270_square_wallace_square_hcla6_arith_wreduce_aig.aig,1,1,1,195,22,4290,2076,2.066474,0,0,0.430,square_specific_structural_rtl,exact unsigned 8-bit square x*x over 256 inputs; source=wallace_square_hcla6; flow=arith_wreduce_aig
ex270,ex270_square_wallace_square_hcla6_synth_preset_d20,unsigned_square_x_times_x,wallace_square_hcla6+synth_preset_d20,student/work/ex270_ex274_frontend_square_structures_20260609_1138/ex270/verilog/ex270_square_wallace_square_hcla6.v,student/work/ex270_ex274_frontend_square_structures_20260609_1138/ex270/aigs/ex270_square_wallace_square_hcla6_synth_preset_d20.aig,1,1,1,194,22,4268,2076,2.055877,0,0,0.477,square_specific_structural_rtl,exact unsigned 8-bit square x*x over 256 inputs; source=wallace_square_hcla6; flow=synth_preset_d20
ex270,ex270_square_wallace_square_hcla8_abc_g_aig,unsigned_square_x_times_x,wallace_square_hcla8+abc_g_aig,student/work/ex270_ex274_frontend_square_structures_20260609_1138/ex270/verilog/ex270_square_wallace_square_hcla8.v,student/work/ex270_ex274_frontend_square_structures_20260609_1138/ex270/aigs/ex270_square_wallace_square_hcla8_abc_g_aig.aig,1,1,1,195,23,4485,2076,2.160405,0,0,0.368,square_specific_structural_rtl,exact unsigned 8-bit square x*x over 256 inputs; source=wallace_square_hcla8; flow=abc_g_aig
ex270,ex270_square_wallace_square_hcla8_wreduce_abc_g_aig,unsigned_square_x_times_x,wallace_square_hcla8+wreduce_abc_g_aig,student/work/ex270_ex274_frontend_square_structures_20260609_1138/ex270/verilog/ex270_square_wallace_square_hcla8.v,student/work/ex270_ex274_frontend_square_structures_20260609_1138/ex270/aigs/ex270_square_wallace_square_hcla8_wreduce_abc_g_aig.aig,1,1,1,195,22,4290,2076,2.066474,0,0,0.354,square_specific_structural_rtl,exact unsigned 8-bit square x*x over 256 inputs; source=wallace_square_hcla8; flow=wreduce_abc_g_aig
ex270,ex270_square_wallace_square_hcla8_arith_wreduce_aig,unsigned_square_x_times_x,wallace_square_hcla8+arith_wreduce_aig,student/work/ex270_ex274_frontend_square_structures_20260609_1138/ex270/verilog/ex270_square_wallace_square_hcla8.v,student/work/ex270_ex274_frontend_square_structures_20260609_1138/ex270/aigs/ex270_square_wallace_square_hcla8_arith_wreduce_aig.aig,1,1,1,195,22,4290,2076,2.066474,0,0,0.425,square_specific_structural_rtl,exact unsigned 8-bit square x*x over 256 inputs; source=wallace_square_hcla8; flow=arith_wreduce_aig
ex270,ex270_square_wallace_square_hcla8_synth_preset_d20,unsigned_square_x_times_x,wallace_square_hcla8+synth_preset_d20,student/work/ex270_ex274_frontend_square_structures_20260609_1138/ex270/verilog/ex270_square_wallace_square_hcla8.v,student/work/ex270_ex274_frontend_square_structures_20260609_1138/ex270/aigs/ex270_square_wallace_square_hcla8_synth_preset_d20.aig,1,1,1,194,22,4268,2076,2.055877,0,0,0.500,square_specific_structural_rtl,exact unsigned 8-bit square x*x over 256 inputs; source=wallace_square_hcla8; flow=synth_preset_d20
ex270,ex270_square_wallace_square_rev_hcla4_abc_g_aig,unsigned_square_x_times_x,wallace_square_rev_hcla4+abc_g_aig,student/work/ex270_ex274_frontend_square_structures_20260609_1138/ex270/verilog/ex270_square_wallace_square_rev_hcla4.v,student/work/ex270_ex274_frontend_square_structures_20260609_1138/ex270/aigs/ex270_square_wallace_square_rev_hcla4_abc_g_aig.aig,1,1,1,195,23,4485,2076,2.160405,0,0,0.395,square_specific_structural_rtl,exact unsigned 8-bit square x*x over 256 inputs; source=wallace_square_rev_hcla4; flow=abc_g_aig
ex270,ex270_square_wallace_square_rev_hcla4_wreduce_abc_g_aig,unsigned_square_x_times_x,wallace_square_rev_hcla4+wreduce_abc_g_aig,student/work/ex270_ex274_frontend_square_structures_20260609_1138/ex270/verilog/ex270_square_wallace_square_rev_hcla4.v,student/work/ex270_ex274_frontend_square_structures_20260609_1138/ex270/aigs/ex270_square_wallace_square_rev_hcla4_wreduce_abc_g_aig.aig,1,1,1,192,23,4416,2076,2.127168,0,0,0.396,square_specific_structural_rtl,exact unsigned 8-bit square x*x over 256 inputs; source=wallace_square_rev_hcla4; flow=wreduce_abc_g_aig
ex270,ex270_square_wallace_square_rev_hcla4_arith_wreduce_aig,unsigned_square_x_times_x,wallace_square_rev_hcla4+arith_wreduce_aig,student/work/ex270_ex274_frontend_square_structures_20260609_1138/ex270/verilog/ex270_square_wallace_square_rev_hcla4.v,student/work/ex270_ex274_frontend_square_structures_20260609_1138/ex270/aigs/ex270_square_wallace_square_rev_hcla4_arith_wreduce_aig.aig,1,1,1,192,23,4416,2076,2.127168,0,0,0.388,square_specific_structural_rtl,exact unsigned 8-bit square x*x over 256 inputs; source=wallace_square_rev_hcla4; flow=arith_wreduce_aig
ex270,ex270_square_wallace_square_rev_hcla4_synth_preset_d20,unsigned_square_x_times_x,wallace_square_rev_hcla4+synth_preset_d20,student/work/ex270_ex274_frontend_square_structures_20260609_1138/ex270/verilog/ex270_square_wallace_square_rev_hcla4.v,student/work/ex270_ex274_frontend_square_structures_20260609_1138/ex270/aigs/ex270_square_wallace_square_rev_hcla4_synth_preset_d20.aig,1,1,1,189,24,4536,2076,2.184971,0,0,0.469,square_specific_structural_rtl,exact unsigned 8-bit square x*x over 256 inputs; source=wallace_square_rev_hcla4; flow=synth_preset_d20
ex270,ex270_square_wallace_square_rev_hcla6_abc_g_aig,unsigned_square_x_times_x,wallace_square_rev_hcla6+abc_g_aig,student/work/ex270_ex274_frontend_square_structures_20260609_1138/ex270/verilog/ex270_square_wallace_square_rev_hcla6.v,student/work/ex270_ex274_frontend_square_structures_20260609_1138/ex270/aigs/ex270_square_wallace_square_rev_hcla6_abc_g_aig.aig,1,1,1,193,23,4439,2076,2.138247,0,0,0.375,square_specific_structural_rtl,exact unsigned 8-bit square x*x over 256 inputs; source=wallace_square_rev_hcla6; flow=abc_g_aig
ex270,ex270_square_wallace_square_rev_hcla6_wreduce_abc_g_aig,unsigned_square_x_times_x,wallace_square_rev_hcla6+wreduce_abc_g_aig,student/work/ex270_ex274_frontend_square_structures_20260609_1138/ex270/verilog/ex270_square_wallace_square_rev_hcla6.v,student/work/ex270_ex274_frontend_square_structures_20260609_1138/ex270/aigs/ex270_square_wallace_square_rev_hcla6_wreduce_abc_g_aig.aig,1,1,1,193,23,4439,2076,2.138247,0,0,0.403,square_specific_structural_rtl,exact unsigned 8-bit square x*x over 256 inputs; source=wallace_square_rev_hcla6; flow=wreduce_abc_g_aig
ex270,ex270_square_wallace_square_rev_hcla6_arith_wreduce_aig,unsigned_square_x_times_x,wallace_square_rev_hcla6+arith_wreduce_aig,student/work/ex270_ex274_frontend_square_structures_20260609_1138/ex270/verilog/ex270_square_wallace_square_rev_hcla6.v,student/work/ex270_ex274_frontend_square_structures_20260609_1138/ex270/aigs/ex270_square_wallace_square_rev_hcla6_arith_wreduce_aig.aig,1,1,1,193,23,4439,2076,2.138247,0,0,0.395,square_specific_structural_rtl,exact unsigned 8-bit square x*x over 256 inputs; source=wallace_square_rev_hcla6; flow=arith_wreduce_aig
ex270,ex270_square_wallace_square_rev_hcla6_synth_preset_d20,unsigned_square_x_times_x,wallace_square_rev_hcla6+synth_preset_d20,student/work/ex270_ex274_frontend_square_structures_20260609_1138/ex270/verilog/ex270_square_wallace_square_rev_hcla6.v,student/work/ex270_ex274_frontend_square_structures_20260609_1138/ex270/aigs/ex270_square_wallace_square_rev_hcla6_synth_preset_d20.aig,1,1,1,192,23,4416,2076,2.127168,0,0,0.474,square_specific_structural_rtl,exact unsigned 8-bit square x*x over 256 inputs; source=wallace_square_rev_hcla6; flow=synth_preset_d20
ex270,ex270_square_wallace_square_outside_hcla4_abc_g_aig,unsigned_square_x_times_x,wallace_square_outside_hcla4+abc_g_aig,student/work/ex270_ex274_frontend_square_structures_20260609_1138/ex270/verilog/ex270_square_wallace_square_outside_hcla4.v,student/work/ex270_ex274_frontend_square_structures_20260609_1138/ex270/aigs/ex270_square_wallace_square_outside_hcla4_abc_g_aig.aig,1,1,1,188,20,3760,2076,1.811175,0,0,0.379,square_specific_structural_rtl,exact unsigned 8-bit square x*x over 256 inputs; source=wallace_square_outside_hcla4; flow=abc_g_aig
ex270,ex270_square_wallace_square_outside_hcla4_wreduce_abc_g_aig,unsigned_square_x_times_x,wallace_square_outside_hcla4+wreduce_abc_g_aig,student/work/ex270_ex274_frontend_square_structures_20260609_1138/ex270/verilog/ex270_square_wallace_square_outside_hcla4.v,student/work/ex270_ex274_frontend_square_structures_20260609_1138/ex270/aigs/ex270_square_wallace_square_outside_hcla4_wreduce_abc_g_aig.aig,1,1,1,187,21,3927,2076,1.891618,0,0,0.382,square_specific_structural_rtl,exact unsigned 8-bit square x*x over 256 inputs; source=wallace_square_outside_hcla4; flow=wreduce_abc_g_aig
ex270,ex270_square_wallace_square_outside_hcla4_arith_wreduce_aig,unsigned_square_x_times_x,wallace_square_outside_hcla4+arith_wreduce_aig,student/work/ex270_ex274_frontend_square_structures_20260609_1138/ex270/verilog/ex270_square_wallace_square_outside_hcla4.v,student/work/ex270_ex274_frontend_square_structures_20260609_1138/ex270/aigs/ex270_square_wallace_square_outside_hcla4_arith_wreduce_aig.aig,1,1,1,187,21,3927,2076,1.891618,0,0,0.406,square_specific_structural_rtl,exact unsigned 8-bit square x*x over 256 inputs; source=wallace_square_outside_hcla4; flow=arith_wreduce_aig
ex270,ex270_square_wallace_square_outside_hcla4_synth_preset_d20,unsigned_square_x_times_x,wallace_square_outside_hcla4+synth_preset_d20,student/work/ex270_ex274_frontend_square_structures_20260609_1138/ex270/verilog/ex270_square_wallace_square_outside_hcla4.v,student/work/ex270_ex274_frontend_square_structures_20260609_1138/ex270/aigs/ex270_square_wallace_square_outside_hcla4_synth_preset_d20.aig,1,1,1,186,20,3720,2076,1.791908,0,0,0.501,square_specific_structural_rtl,exact unsigned 8-bit square x*x over 256 inputs; source=wallace_square_outside_hcla4; flow=synth_preset_d20
ex270,ex270_square_wallace_square_outside_hcla6_abc_g_aig,unsigned_square_x_times_x,wallace_square_outside_hcla6+abc_g_aig,student/work/ex270_ex274_frontend_square_structures_20260609_1138/ex270/verilog/ex270_square_wallace_square_outside_hcla6.v,student/work/ex270_ex274_frontend_square_structures_20260609_1138/ex270/aigs/ex270_square_wallace_square_outside_hcla6_abc_g_aig.aig,1,1,1,185,21,3885,2076,1.871387,0,0,0.356,square_specific_structural_rtl,exact unsigned 8-bit square x*x over 256 inputs; source=wallace_square_outside_hcla6; flow=abc_g_aig
ex270,ex270_square_wallace_square_outside_hcla6_wreduce_abc_g_aig,unsigned_square_x_times_x,wallace_square_outside_hcla6+wreduce_abc_g_aig,student/work/ex270_ex274_frontend_square_structures_20260609_1138/ex270/verilog/ex270_square_wallace_square_outside_hcla6.v,student/work/ex270_ex274_frontend_square_structures_20260609_1138/ex270/aigs/ex270_square_wallace_square_outside_hcla6_wreduce_abc_g_aig.aig,1,1,1,185,21,3885,2076,1.871387,0,0,0.433,square_specific_structural_rtl,exact unsigned 8-bit square x*x over 256 inputs; source=wallace_square_outside_hcla6; flow=wreduce_abc_g_aig
ex270,ex270_square_wallace_square_outside_hcla6_arith_wreduce_aig,unsigned_square_x_times_x,wallace_square_outside_hcla6+arith_wreduce_aig,student/work/ex270_ex274_frontend_square_structures_20260609_1138/ex270/verilog/ex270_square_wallace_square_outside_hcla6.v,student/work/ex270_ex274_frontend_square_structures_20260609_1138/ex270/aigs/ex270_square_wallace_square_outside_hcla6_arith_wreduce_aig.aig,1,1,1,185,21,3885,2076,1.871387,0,0,0.384,square_specific_structural_rtl,exact unsigned 8-bit square x*x over 256 inputs; source=wallace_square_outside_hcla6; flow=arith_wreduce_aig
ex270,ex270_square_wallace_square_outside_hcla6_synth_preset_d20,unsigned_square_x_times_x,wallace_square_outside_hcla6+synth_preset_d20,student/work/ex270_ex274_frontend_square_structures_20260609_1138/ex270/verilog/ex270_square_wallace_square_outside_hcla6.v,student/work/ex270_ex274_frontend_square_structures_20260609_1138/ex270/aigs/ex270_square_wallace_square_outside_hcla6_synth_preset_d20.aig,1,1,1,184,20,3680,2076,1.772640,0,0,0.514,square_specific_structural_rtl,exact unsigned 8-bit square x*x over 256 inputs; source=wallace_square_outside_hcla6; flow=synth_preset_d20
ex270,ex270_square_dadda_square_abc_g_aig,unsigned_square_x_times_x,dadda_square+abc_g_aig,student/work/ex270_ex274_frontend_square_structures_20260609_1138/ex270/verilog/ex270_square_dadda_square.v,student/work/ex270_ex274_frontend_square_structures_20260609_1138/ex270/aigs/ex270_square_dadda_square_abc_g_aig.aig,1,1,1,197,23,4531,2076,2.182563,0,0,0.379,square_specific_structural_rtl,exact unsigned 8-bit square x*x over 256 inputs; source=dadda_square; flow=abc_g_aig
ex270,ex270_square_dadda_square_wreduce_abc_g_aig,unsigned_square_x_times_x,dadda_square+wreduce_abc_g_aig,student/work/ex270_ex274_frontend_square_structures_20260609_1138/ex270/verilog/ex270_square_dadda_square.v,student/work/ex270_ex274_frontend_square_structures_20260609_1138/ex270/aigs/ex270_square_dadda_square_wreduce_abc_g_aig.aig,1,1,1,197,23,4531,2076,2.182563,0,0,0.439,square_specific_structural_rtl,exact unsigned 8-bit square x*x over 256 inputs; source=dadda_square; flow=wreduce_abc_g_aig
ex270,ex270_square_dadda_square_arith_wreduce_aig,unsigned_square_x_times_x,dadda_square+arith_wreduce_aig,student/work/ex270_ex274_frontend_square_structures_20260609_1138/ex270/verilog/ex270_square_dadda_square.v,student/work/ex270_ex274_frontend_square_structures_20260609_1138/ex270/aigs/ex270_square_dadda_square_arith_wreduce_aig.aig,1,1,1,196,23,4508,2076,2.171484,0,0,0.405,square_specific_structural_rtl,exact unsigned 8-bit square x*x over 256 inputs; source=dadda_square; flow=arith_wreduce_aig
ex270,ex270_square_dadda_square_synth_preset_d20,unsigned_square_x_times_x,dadda_square+synth_preset_d20,student/work/ex270_ex274_frontend_square_structures_20260609_1138/ex270/verilog/ex270_square_dadda_square.v,student/work/ex270_ex274_frontend_square_structures_20260609_1138/ex270/aigs/ex270_square_dadda_square_synth_preset_d20.aig,1,1,1,190,23,4370,2076,2.105010,0,0,0.560,square_specific_structural_rtl,exact unsigned 8-bit square x*x over 256 inputs; source=dadda_square; flow=synth_preset_d20
ex270,ex270_square_dadda_square_hcla4_abc_g_aig,unsigned_square_x_times_x,dadda_square_hcla4+abc_g_aig,student/work/ex270_ex274_frontend_square_structures_20260609_1138/ex270/verilog/ex270_square_dadda_square_hcla4.v,student/work/ex270_ex274_frontend_square_structures_20260609_1138/ex270/aigs/ex270_square_dadda_square_hcla4_abc_g_aig.aig,1,1,1,197,23,4531,2076,2.182563,0,0,0.493,square_specific_structural_rtl,exact unsigned 8-bit square x*x over 256 inputs; source=dadda_square_hcla4; flow=abc_g_aig
ex270,ex270_square_dadda_square_hcla4_wreduce_abc_g_aig,unsigned_square_x_times_x,dadda_square_hcla4+wreduce_abc_g_aig,student/work/ex270_ex274_frontend_square_structures_20260609_1138/ex270/verilog/ex270_square_dadda_square_hcla4.v,student/work/ex270_ex274_frontend_square_structures_20260609_1138/ex270/aigs/ex270_square_dadda_square_hcla4_wreduce_abc_g_aig.aig,1,1,1,200,23,4600,2076,2.215800,0,0,0.491,square_specific_structural_rtl,exact unsigned 8-bit square x*x over 256 inputs; source=dadda_square_hcla4; flow=wreduce_abc_g_aig
ex270,ex270_square_dadda_square_hcla4_arith_wreduce_aig,unsigned_square_x_times_x,dadda_square_hcla4+arith_wreduce_aig,student/work/ex270_ex274_frontend_square_structures_20260609_1138/ex270/verilog/ex270_square_dadda_square_hcla4.v,student/work/ex270_ex274_frontend_square_structures_20260609_1138/ex270/aigs/ex270_square_dadda_square_hcla4_arith_wreduce_aig.aig,1,1,1,200,23,4600,2076,2.215800,0,0,0.457,square_specific_structural_rtl,exact unsigned 8-bit square x*x over 256 inputs; source=dadda_square_hcla4; flow=arith_wreduce_aig
ex270,ex270_square_dadda_square_hcla4_synth_preset_d20,unsigned_square_x_times_x,dadda_square_hcla4+synth_preset_d20,student/work/ex270_ex274_frontend_square_structures_20260609_1138/ex270/verilog/ex270_square_dadda_square_hcla4.v,student/work/ex270_ex274_frontend_square_structures_20260609_1138/ex270/aigs/ex270_square_dadda_square_hcla4_synth_preset_d20.aig,1,1,1,194,23,4462,2076,2.149326,0,0,2.673,square_specific_structural_rtl,exact unsigned 8-bit square x*x over 256 inputs; source=dadda_square_hcla4; flow=synth_preset_d20
ex270,ex270_square_dadda_square_hcla6_abc_g_aig,unsigned_square_x_times_x,dadda_square_hcla6+abc_g_aig,student/work/ex270_ex274_frontend_square_structures_20260609_1138/ex270/verilog/ex270_square_dadda_square_hcla6.v,student/work/ex270_ex274_frontend_square_structures_20260609_1138/ex270/aigs/ex270_square_dadda_square_hcla6_abc_g_aig.aig,1,1,1,195,23,4485,2076,2.160405,0,0,2.738,square_specific_structural_rtl,exact unsigned 8-bit square x*x over 256 inputs; source=dadda_square_hcla6; flow=abc_g_aig
ex270,ex270_square_dadda_square_hcla6_wreduce_abc_g_aig,unsigned_square_x_times_x,dadda_square_hcla6+wreduce_abc_g_aig,student/work/ex270_ex274_frontend_square_structures_20260609_1138/ex270/verilog/ex270_square_dadda_square_hcla6.v,student/work/ex270_ex274_frontend_square_structures_20260609_1138/ex270/aigs/ex270_square_dadda_square_hcla6_wreduce_abc_g_aig.aig,1,1,1,195,23,4485,2076,2.160405,0,0,2.336,square_specific_structural_rtl,exact unsigned 8-bit square x*x over 256 inputs; source=dadda_square_hcla6; flow=wreduce_abc_g_aig
ex270,ex270_square_dadda_square_hcla6_arith_wreduce_aig,unsigned_square_x_times_x,dadda_square_hcla6+arith_wreduce_aig,student/work/ex270_ex274_frontend_square_structures_20260609_1138/ex270/verilog/ex270_square_dadda_square_hcla6.v,student/work/ex270_ex274_frontend_square_structures_20260609_1138/ex270/aigs/ex270_square_dadda_square_hcla6_arith_wreduce_aig.aig,1,1,1,195,23,4485,2076,2.160405,0,0,0.696,square_specific_structural_rtl,exact unsigned 8-bit square x*x over 256 inputs; source=dadda_square_hcla6; flow=arith_wreduce_aig
ex270,ex270_square_dadda_square_hcla6_synth_preset_d20,unsigned_square_x_times_x,dadda_square_hcla6+synth_preset_d20,student/work/ex270_ex274_frontend_square_structures_20260609_1138/ex270/verilog/ex270_square_dadda_square_hcla6.v,student/work/ex270_ex274_frontend_square_structures_20260609_1138/ex270/aigs/ex270_square_dadda_square_hcla6_synth_preset_d20.aig,1,1,1,195,23,4485,2076,2.160405,0,0,0.969,square_specific_structural_rtl,exact unsigned 8-bit square x*x over 256 inputs; source=dadda_square_hcla6; flow=synth_preset_d20
ex270,ex270_square_dadda_square_hcla8_abc_g_aig,unsigned_square_x_times_x,dadda_square_hcla8+abc_g_aig,student/work/ex270_ex274_frontend_square_structures_20260609_1138/ex270/verilog/ex270_square_dadda_square_hcla8.v,student/work/ex270_ex274_frontend_square_structures_20260609_1138/ex270/aigs/ex270_square_dadda_square_hcla8_abc_g_aig.aig,1,1,1,193,24,4632,2076,2.231214,0,0,1.560,square_specific_structural_rtl,exact unsigned 8-bit square x*x over 256 inputs; source=dadda_square_hcla8; flow=abc_g_aig
ex270,ex270_square_dadda_square_hcla8_wreduce_abc_g_aig,unsigned_square_x_times_x,dadda_square_hcla8+wreduce_abc_g_aig,student/work/ex270_ex274_frontend_square_structures_20260609_1138/ex270/verilog/ex270_square_dadda_square_hcla8.v,student/work/ex270_ex274_frontend_square_structures_20260609_1138/ex270/aigs/ex270_square_dadda_square_hcla8_wreduce_abc_g_aig.aig,1,1,1,195,23,4485,2076,2.160405,0,0,1.302,square_specific_structural_rtl,exact unsigned 8-bit square x*x over 256 inputs; source=dadda_square_hcla8; flow=wreduce_abc_g_aig
ex270,ex270_square_dadda_square_hcla8_arith_wreduce_aig,unsigned_square_x_times_x,dadda_square_hcla8+arith_wreduce_aig,student/work/ex270_ex274_frontend_square_structures_20260609_1138/ex270/verilog/ex270_square_dadda_square_hcla8.v,student/work/ex270_ex274_frontend_square_structures_20260609_1138/ex270/aigs/ex270_square_dadda_square_hcla8_arith_wreduce_aig.aig,1,1,1,195,23,4485,2076,2.160405,0,0,1.423,square_specific_structural_rtl,exact unsigned 8-bit square x*x over 256 inputs; source=dadda_square_hcla8; flow=arith_wreduce_aig
ex270,ex270_square_dadda_square_hcla8_synth_preset_d20,unsigned_square_x_times_x,dadda_square_hcla8+synth_preset_d20,student/work/ex270_ex274_frontend_square_structures_20260609_1138/ex270/verilog/ex270_square_dadda_square_hcla8.v,student/work/ex270_ex274_frontend_square_structures_20260609_1138/ex270/aigs/ex270_square_dadda_square_hcla8_synth_preset_d20.aig,1,1,1,195,23,4485,2076,2.160405,0,0,0.517,square_specific_structural_rtl,exact unsigned 8-bit square x*x over 256 inputs; source=dadda_square_hcla8; flow=synth_preset_d20
ex270,ex270_square_low_high_split_abc_g_aig,unsigned_square_x_times_x,low_high_split+abc_g_aig,student/work/ex270_ex274_frontend_square_structures_20260609_1138/ex270/verilog/ex270_square_low_high_split.v,student/work/ex270_ex274_frontend_square_structures_20260609_1138/ex270/aigs/ex270_square_low_high_split_abc_g_aig.aig,1,1,1,173,28,4844,2076,2.333333,0,0,0.323,square_specific_structural_rtl,exact unsigned 8-bit square x*x over 256 inputs; source=low_high_split; flow=abc_g_aig
ex270,ex270_square_low_high_split_wreduce_abc_g_aig,unsigned_square_x_times_x,low_high_split+wreduce_abc_g_aig,student/work/ex270_ex274_frontend_square_structures_20260609_1138/ex270/verilog/ex270_square_low_high_split.v,student/work/ex270_ex274_frontend_square_structures_20260609_1138/ex270/aigs/ex270_square_low_high_split_wreduce_abc_g_aig.aig,1,1,1,173,28,4844,2076,2.333333,0,0,0.318,square_specific_structural_rtl,exact unsigned 8-bit square x*x over 256 inputs; source=low_high_split; flow=wreduce_abc_g_aig
ex270,ex270_square_low_high_split_arith_wreduce_aig,unsigned_square_x_times_x,low_high_split+arith_wreduce_aig,student/work/ex270_ex274_frontend_square_structures_20260609_1138/ex270/verilog/ex270_square_low_high_split.v,student/work/ex270_ex274_frontend_square_structures_20260609_1138/ex270/aigs/ex270_square_low_high_split_arith_wreduce_aig.aig,1,1,1,214,29,6206,2076,2.989403,0,0,0.323,square_specific_structural_rtl,exact unsigned 8-bit square x*x over 256 inputs; source=low_high_split; flow=arith_wreduce_aig
ex270,ex270_square_low_high_split_synth_preset_d20,unsigned_square_x_times_x,low_high_split+synth_preset_d20,student/work/ex270_ex274_frontend_square_structures_20260609_1138/ex270/verilog/ex270_square_low_high_split.v,student/work/ex270_ex274_frontend_square_structures_20260609_1138/ex270/aigs/ex270_square_low_high_split_synth_preset_d20.aig,1,1,1,212,29,6148,2076,2.961464,0,0,0.405,square_specific_structural_rtl,exact unsigned 8-bit square x*x over 256 inputs; source=low_high_split; flow=synth_preset_d20
ex270,ex270_square_low_high_split_hcla_abc_g_aig,unsigned_square_x_times_x,low_high_split_hcla+abc_g_aig,student/work/ex270_ex274_frontend_square_structures_20260609_1138/ex270/verilog/ex270_square_low_high_split_hcla.v,student/work/ex270_ex274_frontend_square_structures_20260609_1138/ex270/aigs/ex270_square_low_high_split_hcla_abc_g_aig.aig,1,1,1,183,26,4758,2076,2.291908,0,0,0.354,square_specific_structural_rtl,exact unsigned 8-bit square x*x over 256 inputs; source=low_high_split_hcla; flow=abc_g_aig
ex270,ex270_square_low_high_split_hcla_wreduce_abc_g_aig,unsigned_square_x_times_x,low_high_split_hcla+wreduce_abc_g_aig,student/work/ex270_ex274_frontend_square_structures_20260609_1138/ex270/verilog/ex270_square_low_high_split_hcla.v,student/work/ex270_ex274_frontend_square_structures_20260609_1138/ex270/aigs/ex270_square_low_high_split_hcla_wreduce_abc_g_aig.aig,1,1,1,184,26,4784,2076,2.304432,0,0,0.350,square_specific_structural_rtl,exact unsigned 8-bit square x*x over 256 inputs; source=low_high_split_hcla; flow=wreduce_abc_g_aig
ex270,ex270_square_low_high_split_hcla_arith_wreduce_aig,unsigned_square_x_times_x,low_high_split_hcla+arith_wreduce_aig,student/work/ex270_ex274_frontend_square_structures_20260609_1138/ex270/verilog/ex270_square_low_high_split_hcla.v,student/work/ex270_ex274_frontend_square_structures_20260609_1138/ex270/aigs/ex270_square_low_high_split_hcla_arith_wreduce_aig.aig,1,1,1,176,27,4752,2076,2.289017,0,0,0.354,square_specific_structural_rtl,exact unsigned 8-bit square x*x over 256 inputs; source=low_high_split_hcla; flow=arith_wreduce_aig
ex270,ex270_square_low_high_split_hcla_synth_preset_d20,unsigned_square_x_times_x,low_high_split_hcla+synth_preset_d20,student/work/ex270_ex274_frontend_square_structures_20260609_1138/ex270/verilog/ex270_square_low_high_split_hcla.v,student/work/ex270_ex274_frontend_square_structures_20260609_1138/ex270/aigs/ex270_square_low_high_split_hcla_synth_preset_d20.aig,1,1,1,180,27,4860,2076,2.341040,0,0,0.440,square_specific_structural_rtl,exact unsigned 8-bit square x*x over 256 inputs; source=low_high_split_hcla; flow=synth_preset_d20
ex270,ex270_square_karatsuba_square_abc_g_aig,unsigned_square_x_times_x,karatsuba_square+abc_g_aig,student/work/ex270_ex274_frontend_square_structures_20260609_1138/ex270/verilog/ex270_square_karatsuba_square.v,student/work/ex270_ex274_frontend_square_structures_20260609_1138/ex270/aigs/ex270_square_karatsuba_square_abc_g_aig.aig,1,1,1,259,47,12173,2076,5.863680,0,0,0.399,square_specific_structural_rtl,exact unsigned 8-bit square x*x over 256 inputs; source=karatsuba_square; flow=abc_g_aig
ex270,ex270_square_karatsuba_square_wreduce_abc_g_aig,unsigned_square_x_times_x,karatsuba_square+wreduce_abc_g_aig,student/work/ex270_ex274_frontend_square_structures_20260609_1138/ex270/verilog/ex270_square_karatsuba_square.v,student/work/ex270_ex274_frontend_square_structures_20260609_1138/ex270/aigs/ex270_square_karatsuba_square_wreduce_abc_g_aig.aig,1,1,1,258,46,11868,2076,5.716763,0,0,0.379,square_specific_structural_rtl,exact unsigned 8-bit square x*x over 256 inputs; source=karatsuba_square; flow=wreduce_abc_g_aig
ex270,ex270_square_karatsuba_square_arith_wreduce_aig,unsigned_square_x_times_x,karatsuba_square+arith_wreduce_aig,student/work/ex270_ex274_frontend_square_structures_20260609_1138/ex270/verilog/ex270_square_karatsuba_square.v,student/work/ex270_ex274_frontend_square_structures_20260609_1138/ex270/aigs/ex270_square_karatsuba_square_arith_wreduce_aig.aig,1,1,1,312,42,13104,2076,6.312139,0,0,0.377,square_specific_structural_rtl,exact unsigned 8-bit square x*x over 256 inputs; source=karatsuba_square; flow=arith_wreduce_aig
ex270,ex270_square_karatsuba_square_synth_preset_d20,unsigned_square_x_times_x,karatsuba_square+synth_preset_d20,student/work/ex270_ex274_frontend_square_structures_20260609_1138/ex270/verilog/ex270_square_karatsuba_square.v,student/work/ex270_ex274_frontend_square_structures_20260609_1138/ex270/aigs/ex270_square_karatsuba_square_synth_preset_d20.aig,1,1,1,303,42,12726,2076,6.130058,0,0,0.454,square_specific_structural_rtl,exact unsigned 8-bit square x*x over 256 inputs; source=karatsuba_square; flow=synth_preset_d20
ex270,ex270_square_low4_case_high_direct_abc_g_aig,unsigned_square_x_times_x,low4_case_high_direct+abc_g_aig,student/work/ex270_ex274_frontend_square_structures_20260609_1138/ex270/verilog/ex270_square_low4_case_high_direct.v,student/work/ex270_ex274_frontend_square_structures_20260609_1138/ex270/aigs/ex270_square_low4_case_high_direct_abc_g_aig.aig,1,1,1,173,28,4844,2076,2.333333,0,0,0.356,square_specific_structural_rtl,exact unsigned 8-bit square x*x over 256 inputs; source=low4_case_high_direct; flow=abc_g_aig
ex270,ex270_square_low4_case_high_direct_wreduce_abc_g_aig,unsigned_square_x_times_x,low4_case_high_direct+wreduce_abc_g_aig,student/work/ex270_ex274_frontend_square_structures_20260609_1138/ex270/verilog/ex270_square_low4_case_high_direct.v,student/work/ex270_ex274_frontend_square_structures_20260609_1138/ex270/aigs/ex270_square_low4_case_high_direct_wreduce_abc_g_aig.aig,1,1,1,173,28,4844,2076,2.333333,0,0,0.335,square_specific_structural_rtl,exact unsigned 8-bit square x*x over 256 inputs; source=low4_case_high_direct; flow=wreduce_abc_g_aig
ex270,ex270_square_low4_case_high_direct_arith_wreduce_aig,unsigned_square_x_times_x,low4_case_high_direct+arith_wreduce_aig,student/work/ex270_ex274_frontend_square_structures_20260609_1138/ex270/verilog/ex270_square_low4_case_high_direct.v,student/work/ex270_ex274_frontend_square_structures_20260609_1138/ex270/aigs/ex270_square_low4_case_high_direct_arith_wreduce_aig.aig,1,0,0,,,,2076,,,,0.169,square_specific_structural_rtl,SynthError: Yosys failed exit=1; see student/work/ex270_ex274_frontend_square_structures_20260609_1138/ex270/logs/ex270_square_low4_case_high_direct_arith_wreduce_aig.yosys.log
ex270,ex270_square_low4_case_high_direct_synth_preset_d20,unsigned_square_x_times_x,low4_case_high_direct+synth_preset_d20,student/work/ex270_ex274_frontend_square_structures_20260609_1138/ex270/verilog/ex270_square_low4_case_high_direct.v,student/work/ex270_ex274_frontend_square_structures_20260609_1138/ex270/aigs/ex270_square_low4_case_high_direct_synth_preset_d20.aig,1,1,1,170,26,4420,2076,2.129094,0,0,0.437,square_specific_structural_rtl,exact unsigned 8-bit square x*x over 256 inputs; source=low4_case_high_direct; flow=synth_preset_d20
ex270,ex270_square_low5_case_high_direct_abc_g_aig,unsigned_square_x_times_x,low5_case_high_direct+abc_g_aig,student/work/ex270_ex274_frontend_square_structures_20260609_1138/ex270/verilog/ex270_square_low5_case_high_direct.v,student/work/ex270_ex274_frontend_square_structures_20260609_1138/ex270/aigs/ex270_square_low5_case_high_direct_abc_g_aig.aig,1,1,1,171,22,3762,2076,1.812139,0,0,0.362,square_specific_structural_rtl,exact unsigned 8-bit square x*x over 256 inputs; source=low5_case_high_direct; flow=abc_g_aig
ex270,ex270_square_low5_case_high_direct_wreduce_abc_g_aig,unsigned_square_x_times_x,low5_case_high_direct+wreduce_abc_g_aig,student/work/ex270_ex274_frontend_square_structures_20260609_1138/ex270/verilog/ex270_square_low5_case_high_direct.v,student/work/ex270_ex274_frontend_square_structures_20260609_1138/ex270/aigs/ex270_square_low5_case_high_direct_wreduce_abc_g_aig.aig,1,1,1,167,22,3674,2076,1.769750,0,0,0.349,square_specific_structural_rtl,exact unsigned 8-bit square x*x over 256 inputs; source=low5_case_high_direct; flow=wreduce_abc_g_aig
ex270,ex270_square_low5_case_high_direct_arith_wreduce_aig,unsigned_square_x_times_x,low5_case_high_direct+arith_wreduce_aig,student/work/ex270_ex274_frontend_square_structures_20260609_1138/ex270/verilog/ex270_square_low5_case_high_direct.v,student/work/ex270_ex274_frontend_square_structures_20260609_1138/ex270/aigs/ex270_square_low5_case_high_direct_arith_wreduce_aig.aig,1,0,0,,,,2076,,,,0.177,square_specific_structural_rtl,SynthError: Yosys failed exit=1; see student/work/ex270_ex274_frontend_square_structures_20260609_1138/ex270/logs/ex270_square_low5_case_high_direct_arith_wreduce_aig.yosys.log
ex270,ex270_square_low5_case_high_direct_synth_preset_d20,unsigned_square_x_times_x,low5_case_high_direct+synth_preset_d20,student/work/ex270_ex274_frontend_square_structures_20260609_1138/ex270/verilog/ex270_square_low5_case_high_direct.v,student/work/ex270_ex274_frontend_square_structures_20260609_1138/ex270/aigs/ex270_square_low5_case_high_direct_synth_preset_d20.aig,1,1,1,170,22,3740,2076,1.801541,0,0,0.399,square_specific_structural_rtl,exact unsigned 8-bit square x*x over 256 inputs; source=low5_case_high_direct; flow=synth_preset_d20
ex271,ex271_square_direct_square_abc_g_aig,unsigned_square_x_times_x,direct_square+abc_g_aig,student/work/ex270_ex274_frontend_square_structures_20260609_1138/ex271/verilog/ex271_square_direct_square.v,student/work/ex270_ex274_frontend_square_structures_20260609_1138/ex271/aigs/ex271_square_direct_square_abc_g_aig.aig,0,0,0,,,,5542,,,,0.000,semantic_rtl,unexpected widths input=10 output=20 expected=9->18
ex271,ex271_square_direct_square_wreduce_abc_g_aig,unsigned_square_x_times_x,direct_square+wreduce_abc_g_aig,student/work/ex270_ex274_frontend_square_structures_20260609_1138/ex271/verilog/ex271_square_direct_square.v,student/work/ex270_ex274_frontend_square_structures_20260609_1138/ex271/aigs/ex271_square_direct_square_wreduce_abc_g_aig.aig,0,0,0,,,,5542,,,,0.000,semantic_rtl,unexpected widths input=10 output=20 expected=9->18
ex271,ex271_square_direct_square_arith_wreduce_aig,unsigned_square_x_times_x,direct_square+arith_wreduce_aig,student/work/ex270_ex274_frontend_square_structures_20260609_1138/ex271/verilog/ex271_square_direct_square.v,student/work/ex270_ex274_frontend_square_structures_20260609_1138/ex271/aigs/ex271_square_direct_square_arith_wreduce_aig.aig,0,0,0,,,,5542,,,,0.000,semantic_rtl,unexpected widths input=10 output=20 expected=9->18
ex271,ex271_square_direct_square_synth_preset_d20,unsigned_square_x_times_x,direct_square+synth_preset_d20,student/work/ex270_ex274_frontend_square_structures_20260609_1138/ex271/verilog/ex271_square_direct_square.v,student/work/ex270_ex274_frontend_square_structures_20260609_1138/ex271/aigs/ex271_square_direct_square_synth_preset_d20.aig,0,0,0,,,,5542,,,,0.000,semantic_rtl,unexpected widths input=10 output=20 expected=9->18
ex271,ex271_square_triangular_balanced_abc_g_aig,unsigned_square_x_times_x,triangular_balanced+abc_g_aig,student/work/ex270_ex274_frontend_square_structures_20260609_1138/ex271/verilog/ex271_square_triangular_balanced.v,student/work/ex270_ex274_frontend_square_structures_20260609_1138/ex271/aigs/ex271_square_triangular_balanced_abc_g_aig.aig,0,0,0,,,,5542,,,,0.000,square_specific_structural_rtl,unexpected widths input=10 output=20 expected=9->18
ex271,ex271_square_triangular_balanced_wreduce_abc_g_aig,unsigned_square_x_times_x,triangular_balanced+wreduce_abc_g_aig,student/work/ex270_ex274_frontend_square_structures_20260609_1138/ex271/verilog/ex271_square_triangular_balanced.v,student/work/ex270_ex274_frontend_square_structures_20260609_1138/ex271/aigs/ex271_square_triangular_balanced_wreduce_abc_g_aig.aig,0,0,0,,,,5542,,,,0.000,square_specific_structural_rtl,unexpected widths input=10 output=20 expected=9->18
ex271,ex271_square_triangular_balanced_arith_wreduce_aig,unsigned_square_x_times_x,triangular_balanced+arith_wreduce_aig,student/work/ex270_ex274_frontend_square_structures_20260609_1138/ex271/verilog/ex271_square_triangular_balanced.v,student/work/ex270_ex274_frontend_square_structures_20260609_1138/ex271/aigs/ex271_square_triangular_balanced_arith_wreduce_aig.aig,0,0,0,,,,5542,,,,0.000,square_specific_structural_rtl,unexpected widths input=10 output=20 expected=9->18
ex271,ex271_square_triangular_balanced_synth_preset_d20,unsigned_square_x_times_x,triangular_balanced+synth_preset_d20,student/work/ex270_ex274_frontend_square_structures_20260609_1138/ex271/verilog/ex271_square_triangular_balanced.v,student/work/ex270_ex274_frontend_square_structures_20260609_1138/ex271/aigs/ex271_square_triangular_balanced_synth_preset_d20.aig,0,0,0,,,,5542,,,,0.000,square_specific_structural_rtl,unexpected widths input=10 output=20 expected=9->18
ex271,ex271_square_triangular_rows_csa_abc_g_aig,unsigned_square_x_times_x,triangular_rows_csa+abc_g_aig,student/work/ex270_ex274_frontend_square_structures_20260609_1138/ex271/verilog/ex271_square_triangular_rows_csa.v,student/work/ex270_ex274_frontend_square_structures_20260609_1138/ex271/aigs/ex271_square_triangular_rows_csa_abc_g_aig.aig,0,0,0,,,,5542,,,,0.000,square_specific_structural_rtl,unexpected widths input=10 output=20 expected=9->18
ex271,ex271_square_triangular_rows_csa_wreduce_abc_g_aig,unsigned_square_x_times_x,triangular_rows_csa+wreduce_abc_g_aig,student/work/ex270_ex274_frontend_square_structures_20260609_1138/ex271/verilog/ex271_square_triangular_rows_csa.v,student/work/ex270_ex274_frontend_square_structures_20260609_1138/ex271/aigs/ex271_square_triangular_rows_csa_wreduce_abc_g_aig.aig,0,0,0,,,,5542,,,,0.000,square_specific_structural_rtl,unexpected widths input=10 output=20 expected=9->18
ex271,ex271_square_triangular_rows_csa_arith_wreduce_aig,unsigned_square_x_times_x,triangular_rows_csa+arith_wreduce_aig,student/work/ex270_ex274_frontend_square_structures_20260609_1138/ex271/verilog/ex271_square_triangular_rows_csa.v,student/work/ex270_ex274_frontend_square_structures_20260609_1138/ex271/aigs/ex271_square_triangular_rows_csa_arith_wreduce_aig.aig,0,0,0,,,,5542,,,,0.000,square_specific_structural_rtl,unexpected widths input=10 output=20 expected=9->18
ex271,ex271_square_triangular_rows_csa_synth_preset_d20,unsigned_square_x_times_x,triangular_rows_csa+synth_preset_d20,student/work/ex270_ex274_frontend_square_structures_20260609_1138/ex271/verilog/ex271_square_triangular_rows_csa.v,student/work/ex270_ex274_frontend_square_structures_20260609_1138/ex271/aigs/ex271_square_triangular_rows_csa_synth_preset_d20.aig,0,0,0,,,,5542,,,,0.000,square_specific_structural_rtl,unexpected widths input=10 output=20 expected=9->18
ex271,ex271_square_wallace_square_abc_g_aig,unsigned_square_x_times_x,wallace_square+abc_g_aig,student/work/ex270_ex274_frontend_square_structures_20260609_1138/ex271/verilog/ex271_square_wallace_square.v,student/work/ex270_ex274_frontend_square_structures_20260609_1138/ex271/aigs/ex271_square_wallace_square_abc_g_aig.aig,0,0,0,,,,5542,,,,0.000,square_specific_structural_rtl,unexpected widths input=10 output=20 expected=9->18
ex271,ex271_square_wallace_square_wreduce_abc_g_aig,unsigned_square_x_times_x,wallace_square+wreduce_abc_g_aig,student/work/ex270_ex274_frontend_square_structures_20260609_1138/ex271/verilog/ex271_square_wallace_square.v,student/work/ex270_ex274_frontend_square_structures_20260609_1138/ex271/aigs/ex271_square_wallace_square_wreduce_abc_g_aig.aig,0,0,0,,,,5542,,,,0.000,square_specific_structural_rtl,unexpected widths input=10 output=20 expected=9->18
ex271,ex271_square_wallace_square_arith_wreduce_aig,unsigned_square_x_times_x,wallace_square+arith_wreduce_aig,student/work/ex270_ex274_frontend_square_structures_20260609_1138/ex271/verilog/ex271_square_wallace_square.v,student/work/ex270_ex274_frontend_square_structures_20260609_1138/ex271/aigs/ex271_square_wallace_square_arith_wreduce_aig.aig,0,0,0,,,,5542,,,,0.000,square_specific_structural_rtl,unexpected widths input=10 output=20 expected=9->18
ex271,ex271_square_wallace_square_synth_preset_d20,unsigned_square_x_times_x,wallace_square+synth_preset_d20,student/work/ex270_ex274_frontend_square_structures_20260609_1138/ex271/verilog/ex271_square_wallace_square.v,student/work/ex270_ex274_frontend_square_structures_20260609_1138/ex271/aigs/ex271_square_wallace_square_synth_preset_d20.aig,0,0,0,,,,5542,,,,0.000,square_specific_structural_rtl,unexpected widths input=10 output=20 expected=9->18
ex271,ex271_square_wallace_square_rev_abc_g_aig,unsigned_square_x_times_x,wallace_square_rev+abc_g_aig,student/work/ex270_ex274_frontend_square_structures_20260609_1138/ex271/verilog/ex271_square_wallace_square_rev.v,student/work/ex270_ex274_frontend_square_structures_20260609_1138/ex271/aigs/ex271_square_wallace_square_rev_abc_g_aig.aig,0,0,0,,,,5542,,,,0.000,square_specific_structural_rtl,unexpected widths input=10 output=20 expected=9->18
ex271,ex271_square_wallace_square_rev_wreduce_abc_g_aig,unsigned_square_x_times_x,wallace_square_rev+wreduce_abc_g_aig,student/work/ex270_ex274_frontend_square_structures_20260609_1138/ex271/verilog/ex271_square_wallace_square_rev.v,student/work/ex270_ex274_frontend_square_structures_20260609_1138/ex271/aigs/ex271_square_wallace_square_rev_wreduce_abc_g_aig.aig,0,0,0,,,,5542,,,,0.000,square_specific_structural_rtl,unexpected widths input=10 output=20 expected=9->18
ex271,ex271_square_wallace_square_rev_arith_wreduce_aig,unsigned_square_x_times_x,wallace_square_rev+arith_wreduce_aig,student/work/ex270_ex274_frontend_square_structures_20260609_1138/ex271/verilog/ex271_square_wallace_square_rev.v,student/work/ex270_ex274_frontend_square_structures_20260609_1138/ex271/aigs/ex271_square_wallace_square_rev_arith_wreduce_aig.aig,0,0,0,,,,5542,,,,0.000,square_specific_structural_rtl,unexpected widths input=10 output=20 expected=9->18
ex271,ex271_square_wallace_square_rev_synth_preset_d20,unsigned_square_x_times_x,wallace_square_rev+synth_preset_d20,student/work/ex270_ex274_frontend_square_structures_20260609_1138/ex271/verilog/ex271_square_wallace_square_rev.v,student/work/ex270_ex274_frontend_square_structures_20260609_1138/ex271/aigs/ex271_square_wallace_square_rev_synth_preset_d20.aig,0,0,0,,,,5542,,,,0.000,square_specific_structural_rtl,unexpected widths input=10 output=20 expected=9->18
ex271,ex271_square_wallace_square_outside_abc_g_aig,unsigned_square_x_times_x,wallace_square_outside+abc_g_aig,student/work/ex270_ex274_frontend_square_structures_20260609_1138/ex271/verilog/ex271_square_wallace_square_outside.v,student/work/ex270_ex274_frontend_square_structures_20260609_1138/ex271/aigs/ex271_square_wallace_square_outside_abc_g_aig.aig,0,0,0,,,,5542,,,,0.000,square_specific_structural_rtl,unexpected widths input=10 output=20 expected=9->18
ex271,ex271_square_wallace_square_outside_wreduce_abc_g_aig,unsigned_square_x_times_x,wallace_square_outside+wreduce_abc_g_aig,student/work/ex270_ex274_frontend_square_structures_20260609_1138/ex271/verilog/ex271_square_wallace_square_outside.v,student/work/ex270_ex274_frontend_square_structures_20260609_1138/ex271/aigs/ex271_square_wallace_square_outside_wreduce_abc_g_aig.aig,0,0,0,,,,5542,,,,0.000,square_specific_structural_rtl,unexpected widths input=10 output=20 expected=9->18
ex271,ex271_square_wallace_square_outside_arith_wreduce_aig,unsigned_square_x_times_x,wallace_square_outside+arith_wreduce_aig,student/work/ex270_ex274_frontend_square_structures_20260609_1138/ex271/verilog/ex271_square_wallace_square_outside.v,student/work/ex270_ex274_frontend_square_structures_20260609_1138/ex271/aigs/ex271_square_wallace_square_outside_arith_wreduce_aig.aig,0,0,0,,,,5542,,,,0.000,square_specific_structural_rtl,unexpected widths input=10 output=20 expected=9->18
ex271,ex271_square_wallace_square_outside_synth_preset_d20,unsigned_square_x_times_x,wallace_square_outside+synth_preset_d20,student/work/ex270_ex274_frontend_square_structures_20260609_1138/ex271/verilog/ex271_square_wallace_square_outside.v,student/work/ex270_ex274_frontend_square_structures_20260609_1138/ex271/aigs/ex271_square_wallace_square_outside_synth_preset_d20.aig,0,0,0,,,,5542,,,,0.000,square_specific_structural_rtl,unexpected widths input=10 output=20 expected=9->18
ex271,ex271_square_wallace_square_hcla2_abc_g_aig,unsigned_square_x_times_x,wallace_square_hcla2+abc_g_aig,student/work/ex270_ex274_frontend_square_structures_20260609_1138/ex271/verilog/ex271_square_wallace_square_hcla2.v,student/work/ex270_ex274_frontend_square_structures_20260609_1138/ex271/aigs/ex271_square_wallace_square_hcla2_abc_g_aig.aig,0,0,0,,,,5542,,,,0.000,square_specific_structural_rtl,unexpected widths input=10 output=20 expected=9->18
ex271,ex271_square_wallace_square_hcla2_wreduce_abc_g_aig,unsigned_square_x_times_x,wallace_square_hcla2+wreduce_abc_g_aig,student/work/ex270_ex274_frontend_square_structures_20260609_1138/ex271/verilog/ex271_square_wallace_square_hcla2.v,student/work/ex270_ex274_frontend_square_structures_20260609_1138/ex271/aigs/ex271_square_wallace_square_hcla2_wreduce_abc_g_aig.aig,0,0,0,,,,5542,,,,0.000,square_specific_structural_rtl,unexpected widths input=10 output=20 expected=9->18
ex271,ex271_square_wallace_square_hcla2_arith_wreduce_aig,unsigned_square_x_times_x,wallace_square_hcla2+arith_wreduce_aig,student/work/ex270_ex274_frontend_square_structures_20260609_1138/ex271/verilog/ex271_square_wallace_square_hcla2.v,student/work/ex270_ex274_frontend_square_structures_20260609_1138/ex271/aigs/ex271_square_wallace_square_hcla2_arith_wreduce_aig.aig,0,0,0,,,,5542,,,,0.000,square_specific_structural_rtl,unexpected widths input=10 output=20 expected=9->18
ex271,ex271_square_wallace_square_hcla2_synth_preset_d20,unsigned_square_x_times_x,wallace_square_hcla2+synth_preset_d20,student/work/ex270_ex274_frontend_square_structures_20260609_1138/ex271/verilog/ex271_square_wallace_square_hcla2.v,student/work/ex270_ex274_frontend_square_structures_20260609_1138/ex271/aigs/ex271_square_wallace_square_hcla2_synth_preset_d20.aig,0,0,0,,,,5542,,,,0.000,square_specific_structural_rtl,unexpected widths input=10 output=20 expected=9->18
ex271,ex271_square_wallace_square_hcla4_abc_g_aig,unsigned_square_x_times_x,wallace_square_hcla4+abc_g_aig,student/work/ex270_ex274_frontend_square_structures_20260609_1138/ex271/verilog/ex271_square_wallace_square_hcla4.v,student/work/ex270_ex274_frontend_square_structures_20260609_1138/ex271/aigs/ex271_square_wallace_square_hcla4_abc_g_aig.aig,0,0,0,,,,5542,,,,0.000,square_specific_structural_rtl,unexpected widths input=10 output=20 expected=9->18
ex271,ex271_square_wallace_square_hcla4_wreduce_abc_g_aig,unsigned_square_x_times_x,wallace_square_hcla4+wreduce_abc_g_aig,student/work/ex270_ex274_frontend_square_structures_20260609_1138/ex271/verilog/ex271_square_wallace_square_hcla4.v,student/work/ex270_ex274_frontend_square_structures_20260609_1138/ex271/aigs/ex271_square_wallace_square_hcla4_wreduce_abc_g_aig.aig,0,0,0,,,,5542,,,,0.000,square_specific_structural_rtl,unexpected widths input=10 output=20 expected=9->18
ex271,ex271_square_wallace_square_hcla4_arith_wreduce_aig,unsigned_square_x_times_x,wallace_square_hcla4+arith_wreduce_aig,student/work/ex270_ex274_frontend_square_structures_20260609_1138/ex271/verilog/ex271_square_wallace_square_hcla4.v,student/work/ex270_ex274_frontend_square_structures_20260609_1138/ex271/aigs/ex271_square_wallace_square_hcla4_arith_wreduce_aig.aig,0,0,0,,,,5542,,,,0.000,square_specific_structural_rtl,unexpected widths input=10 output=20 expected=9->18
ex271,ex271_square_wallace_square_hcla4_synth_preset_d20,unsigned_square_x_times_x,wallace_square_hcla4+synth_preset_d20,student/work/ex270_ex274_frontend_square_structures_20260609_1138/ex271/verilog/ex271_square_wallace_square_hcla4.v,student/work/ex270_ex274_frontend_square_structures_20260609_1138/ex271/aigs/ex271_square_wallace_square_hcla4_synth_preset_d20.aig,0,0,0,,,,5542,,,,0.000,square_specific_structural_rtl,unexpected widths input=10 output=20 expected=9->18
ex271,ex271_square_wallace_square_hcla6_abc_g_aig,unsigned_square_x_times_x,wallace_square_hcla6+abc_g_aig,student/work/ex270_ex274_frontend_square_structures_20260609_1138/ex271/verilog/ex271_square_wallace_square_hcla6.v,student/work/ex270_ex274_frontend_square_structures_20260609_1138/ex271/aigs/ex271_square_wallace_square_hcla6_abc_g_aig.aig,0,0,0,,,,5542,,,,0.000,square_specific_structural_rtl,unexpected widths input=10 output=20 expected=9->18
ex271,ex271_square_wallace_square_hcla6_wreduce_abc_g_aig,unsigned_square_x_times_x,wallace_square_hcla6+wreduce_abc_g_aig,student/work/ex270_ex274_frontend_square_structures_20260609_1138/ex271/verilog/ex271_square_wallace_square_hcla6.v,student/work/ex270_ex274_frontend_square_structures_20260609_1138/ex271/aigs/ex271_square_wallace_square_hcla6_wreduce_abc_g_aig.aig,0,0,0,,,,5542,,,,0.000,square_specific_structural_rtl,unexpected widths input=10 output=20 expected=9->18
ex271,ex271_square_wallace_square_hcla6_arith_wreduce_aig,unsigned_square_x_times_x,wallace_square_hcla6+arith_wreduce_aig,student/work/ex270_ex274_frontend_square_structures_20260609_1138/ex271/verilog/ex271_square_wallace_square_hcla6.v,student/work/ex270_ex274_frontend_square_structures_20260609_1138/ex271/aigs/ex271_square_wallace_square_hcla6_arith_wreduce_aig.aig,0,0,0,,,,5542,,,,0.000,square_specific_structural_rtl,unexpected widths input=10 output=20 expected=9->18
ex271,ex271_square_wallace_square_hcla6_synth_preset_d20,unsigned_square_x_times_x,wallace_square_hcla6+synth_preset_d20,student/work/ex270_ex274_frontend_square_structures_20260609_1138/ex271/verilog/ex271_square_wallace_square_hcla6.v,student/work/ex270_ex274_frontend_square_structures_20260609_1138/ex271/aigs/ex271_square_wallace_square_hcla6_synth_preset_d20.aig,0,0,0,,,,5542,,,,0.000,square_specific_structural_rtl,unexpected widths input=10 output=20 expected=9->18
ex271,ex271_square_wallace_square_hcla8_abc_g_aig,unsigned_square_x_times_x,wallace_square_hcla8+abc_g_aig,student/work/ex270_ex274_frontend_square_structures_20260609_1138/ex271/verilog/ex271_square_wallace_square_hcla8.v,student/work/ex270_ex274_frontend_square_structures_20260609_1138/ex271/aigs/ex271_square_wallace_square_hcla8_abc_g_aig.aig,0,0,0,,,,5542,,,,0.000,square_specific_structural_rtl,unexpected widths input=10 output=20 expected=9->18
ex271,ex271_square_wallace_square_hcla8_wreduce_abc_g_aig,unsigned_square_x_times_x,wallace_square_hcla8+wreduce_abc_g_aig,student/work/ex270_ex274_frontend_square_structures_20260609_1138/ex271/verilog/ex271_square_wallace_square_hcla8.v,student/work/ex270_ex274_frontend_square_structures_20260609_1138/ex271/aigs/ex271_square_wallace_square_hcla8_wreduce_abc_g_aig.aig,0,0,0,,,,5542,,,,0.000,square_specific_structural_rtl,unexpected widths input=10 output=20 expected=9->18
ex271,ex271_square_wallace_square_hcla8_arith_wreduce_aig,unsigned_square_x_times_x,wallace_square_hcla8+arith_wreduce_aig,student/work/ex270_ex274_frontend_square_structures_20260609_1138/ex271/verilog/ex271_square_wallace_square_hcla8.v,student/work/ex270_ex274_frontend_square_structures_20260609_1138/ex271/aigs/ex271_square_wallace_square_hcla8_arith_wreduce_aig.aig,0,0,0,,,,5542,,,,0.000,square_specific_structural_rtl,unexpected widths input=10 output=20 expected=9->18
ex271,ex271_square_wallace_square_hcla8_synth_preset_d20,unsigned_square_x_times_x,wallace_square_hcla8+synth_preset_d20,student/work/ex270_ex274_frontend_square_structures_20260609_1138/ex271/verilog/ex271_square_wallace_square_hcla8.v,student/work/ex270_ex274_frontend_square_structures_20260609_1138/ex271/aigs/ex271_square_wallace_square_hcla8_synth_preset_d20.aig,0,0,0,,,,5542,,,,0.000,square_specific_structural_rtl,unexpected widths input=10 output=20 expected=9->18
ex271,ex271_square_wallace_square_rev_hcla4_abc_g_aig,unsigned_square_x_times_x,wallace_square_rev_hcla4+abc_g_aig,student/work/ex270_ex274_frontend_square_structures_20260609_1138/ex271/verilog/ex271_square_wallace_square_rev_hcla4.v,student/work/ex270_ex274_frontend_square_structures_20260609_1138/ex271/aigs/ex271_square_wallace_square_rev_hcla4_abc_g_aig.aig,0,0,0,,,,5542,,,,0.000,square_specific_structural_rtl,unexpected widths input=10 output=20 expected=9->18
ex271,ex271_square_wallace_square_rev_hcla4_wreduce_abc_g_aig,unsigned_square_x_times_x,wallace_square_rev_hcla4+wreduce_abc_g_aig,student/work/ex270_ex274_frontend_square_structures_20260609_1138/ex271/verilog/ex271_square_wallace_square_rev_hcla4.v,student/work/ex270_ex274_frontend_square_structures_20260609_1138/ex271/aigs/ex271_square_wallace_square_rev_hcla4_wreduce_abc_g_aig.aig,0,0,0,,,,5542,,,,0.000,square_specific_structural_rtl,unexpected widths input=10 output=20 expected=9->18
ex271,ex271_square_wallace_square_rev_hcla4_arith_wreduce_aig,unsigned_square_x_times_x,wallace_square_rev_hcla4+arith_wreduce_aig,student/work/ex270_ex274_frontend_square_structures_20260609_1138/ex271/verilog/ex271_square_wallace_square_rev_hcla4.v,student/work/ex270_ex274_frontend_square_structures_20260609_1138/ex271/aigs/ex271_square_wallace_square_rev_hcla4_arith_wreduce_aig.aig,0,0,0,,,,5542,,,,0.000,square_specific_structural_rtl,unexpected widths input=10 output=20 expected=9->18
ex271,ex271_square_wallace_square_rev_hcla4_synth_preset_d20,unsigned_square_x_times_x,wallace_square_rev_hcla4+synth_preset_d20,student/work/ex270_ex274_frontend_square_structures_20260609_1138/ex271/verilog/ex271_square_wallace_square_rev_hcla4.v,student/work/ex270_ex274_frontend_square_structures_20260609_1138/ex271/aigs/ex271_square_wallace_square_rev_hcla4_synth_preset_d20.aig,0,0,0,,,,5542,,,,0.000,square_specific_structural_rtl,unexpected widths input=10 output=20 expected=9->18
ex271,ex271_square_wallace_square_rev_hcla6_abc_g_aig,unsigned_square_x_times_x,wallace_square_rev_hcla6+abc_g_aig,student/work/ex270_ex274_frontend_square_structures_20260609_1138/ex271/verilog/ex271_square_wallace_square_rev_hcla6.v,student/work/ex270_ex274_frontend_square_structures_20260609_1138/ex271/aigs/ex271_square_wallace_square_rev_hcla6_abc_g_aig.aig,0,0,0,,,,5542,,,,0.000,square_specific_structural_rtl,unexpected widths input=10 output=20 expected=9->18
ex271,ex271_square_wallace_square_rev_hcla6_wreduce_abc_g_aig,unsigned_square_x_times_x,wallace_square_rev_hcla6+wreduce_abc_g_aig,student/work/ex270_ex274_frontend_square_structures_20260609_1138/ex271/verilog/ex271_square_wallace_square_rev_hcla6.v,student/work/ex270_ex274_frontend_square_structures_20260609_1138/ex271/aigs/ex271_square_wallace_square_rev_hcla6_wreduce_abc_g_aig.aig,0,0,0,,,,5542,,,,0.000,square_specific_structural_rtl,unexpected widths input=10 output=20 expected=9->18
ex271,ex271_square_wallace_square_rev_hcla6_arith_wreduce_aig,unsigned_square_x_times_x,wallace_square_rev_hcla6+arith_wreduce_aig,student/work/ex270_ex274_frontend_square_structures_20260609_1138/ex271/verilog/ex271_square_wallace_square_rev_hcla6.v,student/work/ex270_ex274_frontend_square_structures_20260609_1138/ex271/aigs/ex271_square_wallace_square_rev_hcla6_arith_wreduce_aig.aig,0,0,0,,,,5542,,,,0.000,square_specific_structural_rtl,unexpected widths input=10 output=20 expected=9->18
ex271,ex271_square_wallace_square_rev_hcla6_synth_preset_d20,unsigned_square_x_times_x,wallace_square_rev_hcla6+synth_preset_d20,student/work/ex270_ex274_frontend_square_structures_20260609_1138/ex271/verilog/ex271_square_wallace_square_rev_hcla6.v,student/work/ex270_ex274_frontend_square_structures_20260609_1138/ex271/aigs/ex271_square_wallace_square_rev_hcla6_synth_preset_d20.aig,0,0,0,,,,5542,,,,0.000,square_specific_structural_rtl,unexpected widths input=10 output=20 expected=9->18
ex271,ex271_square_wallace_square_outside_hcla4_abc_g_aig,unsigned_square_x_times_x,wallace_square_outside_hcla4+abc_g_aig,student/work/ex270_ex274_frontend_square_structures_20260609_1138/ex271/verilog/ex271_square_wallace_square_outside_hcla4.v,student/work/ex270_ex274_frontend_square_structures_20260609_1138/ex271/aigs/ex271_square_wallace_square_outside_hcla4_abc_g_aig.aig,0,0,0,,,,5542,,,,0.000,square_specific_structural_rtl,unexpected widths input=10 output=20 expected=9->18
ex271,ex271_square_wallace_square_outside_hcla4_wreduce_abc_g_aig,unsigned_square_x_times_x,wallace_square_outside_hcla4+wreduce_abc_g_aig,student/work/ex270_ex274_frontend_square_structures_20260609_1138/ex271/verilog/ex271_square_wallace_square_outside_hcla4.v,student/work/ex270_ex274_frontend_square_structures_20260609_1138/ex271/aigs/ex271_square_wallace_square_outside_hcla4_wreduce_abc_g_aig.aig,0,0,0,,,,5542,,,,0.000,square_specific_structural_rtl,unexpected widths input=10 output=20 expected=9->18
ex271,ex271_square_wallace_square_outside_hcla4_arith_wreduce_aig,unsigned_square_x_times_x,wallace_square_outside_hcla4+arith_wreduce_aig,student/work/ex270_ex274_frontend_square_structures_20260609_1138/ex271/verilog/ex271_square_wallace_square_outside_hcla4.v,student/work/ex270_ex274_frontend_square_structures_20260609_1138/ex271/aigs/ex271_square_wallace_square_outside_hcla4_arith_wreduce_aig.aig,0,0,0,,,,5542,,,,0.000,square_specific_structural_rtl,unexpected widths input=10 output=20 expected=9->18
ex271,ex271_square_wallace_square_outside_hcla4_synth_preset_d20,unsigned_square_x_times_x,wallace_square_outside_hcla4+synth_preset_d20,student/work/ex270_ex274_frontend_square_structures_20260609_1138/ex271/verilog/ex271_square_wallace_square_outside_hcla4.v,student/work/ex270_ex274_frontend_square_structures_20260609_1138/ex271/aigs/ex271_square_wallace_square_outside_hcla4_synth_preset_d20.aig,0,0,0,,,,5542,,,,0.000,square_specific_structural_rtl,unexpected widths input=10 output=20 expected=9->18
ex271,ex271_square_wallace_square_outside_hcla6_abc_g_aig,unsigned_square_x_times_x,wallace_square_outside_hcla6+abc_g_aig,student/work/ex270_ex274_frontend_square_structures_20260609_1138/ex271/verilog/ex271_square_wallace_square_outside_hcla6.v,student/work/ex270_ex274_frontend_square_structures_20260609_1138/ex271/aigs/ex271_square_wallace_square_outside_hcla6_abc_g_aig.aig,0,0,0,,,,5542,,,,0.000,square_specific_structural_rtl,unexpected widths input=10 output=20 expected=9->18
ex271,ex271_square_wallace_square_outside_hcla6_wreduce_abc_g_aig,unsigned_square_x_times_x,wallace_square_outside_hcla6+wreduce_abc_g_aig,student/work/ex270_ex274_frontend_square_structures_20260609_1138/ex271/verilog/ex271_square_wallace_square_outside_hcla6.v,student/work/ex270_ex274_frontend_square_structures_20260609_1138/ex271/aigs/ex271_square_wallace_square_outside_hcla6_wreduce_abc_g_aig.aig,0,0,0,,,,5542,,,,0.000,square_specific_structural_rtl,unexpected widths input=10 output=20 expected=9->18
ex271,ex271_square_wallace_square_outside_hcla6_arith_wreduce_aig,unsigned_square_x_times_x,wallace_square_outside_hcla6+arith_wreduce_aig,student/work/ex270_ex274_frontend_square_structures_20260609_1138/ex271/verilog/ex271_square_wallace_square_outside_hcla6.v,student/work/ex270_ex274_frontend_square_structures_20260609_1138/ex271/aigs/ex271_square_wallace_square_outside_hcla6_arith_wreduce_aig.aig,0,0,0,,,,5542,,,,0.000,square_specific_structural_rtl,unexpected widths input=10 output=20 expected=9->18
ex271,ex271_square_wallace_square_outside_hcla6_synth_preset_d20,unsigned_square_x_times_x,wallace_square_outside_hcla6+synth_preset_d20,student/work/ex270_ex274_frontend_square_structures_20260609_1138/ex271/verilog/ex271_square_wallace_square_outside_hcla6.v,student/work/ex270_ex274_frontend_square_structures_20260609_1138/ex271/aigs/ex271_square_wallace_square_outside_hcla6_synth_preset_d20.aig,0,0,0,,,,5542,,,,0.000,square_specific_structural_rtl,unexpected widths input=10 output=20 expected=9->18
ex271,ex271_square_dadda_square_abc_g_aig,unsigned_square_x_times_x,dadda_square+abc_g_aig,student/work/ex270_ex274_frontend_square_structures_20260609_1138/ex271/verilog/ex271_square_dadda_square.v,student/work/ex270_ex274_frontend_square_structures_20260609_1138/ex271/aigs/ex271_square_dadda_square_abc_g_aig.aig,0,0,0,,,,5542,,,,0.000,square_specific_structural_rtl,unexpected widths input=10 output=20 expected=9->18
ex271,ex271_square_dadda_square_wreduce_abc_g_aig,unsigned_square_x_times_x,dadda_square+wreduce_abc_g_aig,student/work/ex270_ex274_frontend_square_structures_20260609_1138/ex271/verilog/ex271_square_dadda_square.v,student/work/ex270_ex274_frontend_square_structures_20260609_1138/ex271/aigs/ex271_square_dadda_square_wreduce_abc_g_aig.aig,0,0,0,,,,5542,,,,0.000,square_specific_structural_rtl,unexpected widths input=10 output=20 expected=9->18
ex271,ex271_square_dadda_square_arith_wreduce_aig,unsigned_square_x_times_x,dadda_square+arith_wreduce_aig,student/work/ex270_ex274_frontend_square_structures_20260609_1138/ex271/verilog/ex271_square_dadda_square.v,student/work/ex270_ex274_frontend_square_structures_20260609_1138/ex271/aigs/ex271_square_dadda_square_arith_wreduce_aig.aig,0,0,0,,,,5542,,,,0.000,square_specific_structural_rtl,unexpected widths input=10 output=20 expected=9->18
ex271,ex271_square_dadda_square_synth_preset_d20,unsigned_square_x_times_x,dadda_square+synth_preset_d20,student/work/ex270_ex274_frontend_square_structures_20260609_1138/ex271/verilog/ex271_square_dadda_square.v,student/work/ex270_ex274_frontend_square_structures_20260609_1138/ex271/aigs/ex271_square_dadda_square_synth_preset_d20.aig,0,0,0,,,,5542,,,,0.000,square_specific_structural_rtl,unexpected widths input=10 output=20 expected=9->18
ex271,ex271_square_dadda_square_hcla4_abc_g_aig,unsigned_square_x_times_x,dadda_square_hcla4+abc_g_aig,student/work/ex270_ex274_frontend_square_structures_20260609_1138/ex271/verilog/ex271_square_dadda_square_hcla4.v,student/work/ex270_ex274_frontend_square_structures_20260609_1138/ex271/aigs/ex271_square_dadda_square_hcla4_abc_g_aig.aig,0,0,0,,,,5542,,,,0.000,square_specific_structural_rtl,unexpected widths input=10 output=20 expected=9->18
ex271,ex271_square_dadda_square_hcla4_wreduce_abc_g_aig,unsigned_square_x_times_x,dadda_square_hcla4+wreduce_abc_g_aig,student/work/ex270_ex274_frontend_square_structures_20260609_1138/ex271/verilog/ex271_square_dadda_square_hcla4.v,student/work/ex270_ex274_frontend_square_structures_20260609_1138/ex271/aigs/ex271_square_dadda_square_hcla4_wreduce_abc_g_aig.aig,0,0,0,,,,5542,,,,0.000,square_specific_structural_rtl,unexpected widths input=10 output=20 expected=9->18
ex271,ex271_square_dadda_square_hcla4_arith_wreduce_aig,unsigned_square_x_times_x,dadda_square_hcla4+arith_wreduce_aig,student/work/ex270_ex274_frontend_square_structures_20260609_1138/ex271/verilog/ex271_square_dadda_square_hcla4.v,student/work/ex270_ex274_frontend_square_structures_20260609_1138/ex271/aigs/ex271_square_dadda_square_hcla4_arith_wreduce_aig.aig,0,0,0,,,,5542,,,,0.000,square_specific_structural_rtl,unexpected widths input=10 output=20 expected=9->18
ex271,ex271_square_dadda_square_hcla4_synth_preset_d20,unsigned_square_x_times_x,dadda_square_hcla4+synth_preset_d20,student/work/ex270_ex274_frontend_square_structures_20260609_1138/ex271/verilog/ex271_square_dadda_square_hcla4.v,student/work/ex270_ex274_frontend_square_structures_20260609_1138/ex271/aigs/ex271_square_dadda_square_hcla4_synth_preset_d20.aig,0,0,0,,,,5542,,,,0.000,square_specific_structural_rtl,unexpected widths input=10 output=20 expected=9->18
ex271,ex271_square_dadda_square_hcla6_abc_g_aig,unsigned_square_x_times_x,dadda_square_hcla6+abc_g_aig,student/work/ex270_ex274_frontend_square_structures_20260609_1138/ex271/verilog/ex271_square_dadda_square_hcla6.v,student/work/ex270_ex274_frontend_square_structures_20260609_1138/ex271/aigs/ex271_square_dadda_square_hcla6_abc_g_aig.aig,0,0,0,,,,5542,,,,0.000,square_specific_structural_rtl,unexpected widths input=10 output=20 expected=9->18
ex271,ex271_square_dadda_square_hcla6_wreduce_abc_g_aig,unsigned_square_x_times_x,dadda_square_hcla6+wreduce_abc_g_aig,student/work/ex270_ex274_frontend_square_structures_20260609_1138/ex271/verilog/ex271_square_dadda_square_hcla6.v,student/work/ex270_ex274_frontend_square_structures_20260609_1138/ex271/aigs/ex271_square_dadda_square_hcla6_wreduce_abc_g_aig.aig,0,0,0,,,,5542,,,,0.000,square_specific_structural_rtl,unexpected widths input=10 output=20 expected=9->18
ex271,ex271_square_dadda_square_hcla6_arith_wreduce_aig,unsigned_square_x_times_x,dadda_square_hcla6+arith_wreduce_aig,student/work/ex270_ex274_frontend_square_structures_20260609_1138/ex271/verilog/ex271_square_dadda_square_hcla6.v,student/work/ex270_ex274_frontend_square_structures_20260609_1138/ex271/aigs/ex271_square_dadda_square_hcla6_arith_wreduce_aig.aig,0,0,0,,,,5542,,,,0.000,square_specific_structural_rtl,unexpected widths input=10 output=20 expected=9->18
ex271,ex271_square_dadda_square_hcla6_synth_preset_d20,unsigned_square_x_times_x,dadda_square_hcla6+synth_preset_d20,student/work/ex270_ex274_frontend_square_structures_20260609_1138/ex271/verilog/ex271_square_dadda_square_hcla6.v,student/work/ex270_ex274_frontend_square_structures_20260609_1138/ex271/aigs/ex271_square_dadda_square_hcla6_synth_preset_d20.aig,0,0,0,,,,5542,,,,0.000,square_specific_structural_rtl,unexpected widths input=10 output=20 expected=9->18
ex271,ex271_square_dadda_square_hcla8_abc_g_aig,unsigned_square_x_times_x,dadda_square_hcla8+abc_g_aig,student/work/ex270_ex274_frontend_square_structures_20260609_1138/ex271/verilog/ex271_square_dadda_square_hcla8.v,student/work/ex270_ex274_frontend_square_structures_20260609_1138/ex271/aigs/ex271_square_dadda_square_hcla8_abc_g_aig.aig,0,0,0,,,,5542,,,,0.000,square_specific_structural_rtl,unexpected widths input=10 output=20 expected=9->18
ex271,ex271_square_dadda_square_hcla8_wreduce_abc_g_aig,unsigned_square_x_times_x,dadda_square_hcla8+wreduce_abc_g_aig,student/work/ex270_ex274_frontend_square_structures_20260609_1138/ex271/verilog/ex271_square_dadda_square_hcla8.v,student/work/ex270_ex274_frontend_square_structures_20260609_1138/ex271/aigs/ex271_square_dadda_square_hcla8_wreduce_abc_g_aig.aig,0,0,0,,,,5542,,,,0.000,square_specific_structural_rtl,unexpected widths input=10 output=20 expected=9->18
ex271,ex271_square_dadda_square_hcla8_arith_wreduce_aig,unsigned_square_x_times_x,dadda_square_hcla8+arith_wreduce_aig,student/work/ex270_ex274_frontend_square_structures_20260609_1138/ex271/verilog/ex271_square_dadda_square_hcla8.v,student/work/ex270_ex274_frontend_square_structures_20260609_1138/ex271/aigs/ex271_square_dadda_square_hcla8_arith_wreduce_aig.aig,0,0,0,,,,5542,,,,0.000,square_specific_structural_rtl,unexpected widths input=10 output=20 expected=9->18
ex271,ex271_square_dadda_square_hcla8_synth_preset_d20,unsigned_square_x_times_x,dadda_square_hcla8+synth_preset_d20,student/work/ex270_ex274_frontend_square_structures_20260609_1138/ex271/verilog/ex271_square_dadda_square_hcla8.v,student/work/ex270_ex274_frontend_square_structures_20260609_1138/ex271/aigs/ex271_square_dadda_square_hcla8_synth_preset_d20.aig,0,0,0,,,,5542,,,,0.000,square_specific_structural_rtl,unexpected widths input=10 output=20 expected=9->18
ex271,ex271_square_low_high_split_abc_g_aig,unsigned_square_x_times_x,low_high_split+abc_g_aig,student/work/ex270_ex274_frontend_square_structures_20260609_1138/ex271/verilog/ex271_square_low_high_split.v,student/work/ex270_ex274_frontend_square_structures_20260609_1138/ex271/aigs/ex271_square_low_high_split_abc_g_aig.aig,0,0,0,,,,5542,,,,0.000,square_specific_structural_rtl,unexpected widths input=10 output=20 expected=9->18
ex271,ex271_square_low_high_split_wreduce_abc_g_aig,unsigned_square_x_times_x,low_high_split+wreduce_abc_g_aig,student/work/ex270_ex274_frontend_square_structures_20260609_1138/ex271/verilog/ex271_square_low_high_split.v,student/work/ex270_ex274_frontend_square_structures_20260609_1138/ex271/aigs/ex271_square_low_high_split_wreduce_abc_g_aig.aig,0,0,0,,,,5542,,,,0.000,square_specific_structural_rtl,unexpected widths input=10 output=20 expected=9->18
ex271,ex271_square_low_high_split_arith_wreduce_aig,unsigned_square_x_times_x,low_high_split+arith_wreduce_aig,student/work/ex270_ex274_frontend_square_structures_20260609_1138/ex271/verilog/ex271_square_low_high_split.v,student/work/ex270_ex274_frontend_square_structures_20260609_1138/ex271/aigs/ex271_square_low_high_split_arith_wreduce_aig.aig,0,0,0,,,,5542,,,,0.000,square_specific_structural_rtl,unexpected widths input=10 output=20 expected=9->18
ex271,ex271_square_low_high_split_synth_preset_d20,unsigned_square_x_times_x,low_high_split+synth_preset_d20,student/work/ex270_ex274_frontend_square_structures_20260609_1138/ex271/verilog/ex271_square_low_high_split.v,student/work/ex270_ex274_frontend_square_structures_20260609_1138/ex271/aigs/ex271_square_low_high_split_synth_preset_d20.aig,0,0,0,,,,5542,,,,0.000,square_specific_structural_rtl,unexpected widths input=10 output=20 expected=9->18
ex271,ex271_square_low_high_split_hcla_abc_g_aig,unsigned_square_x_times_x,low_high_split_hcla+abc_g_aig,student/work/ex270_ex274_frontend_square_structures_20260609_1138/ex271/verilog/ex271_square_low_high_split_hcla.v,student/work/ex270_ex274_frontend_square_structures_20260609_1138/ex271/aigs/ex271_square_low_high_split_hcla_abc_g_aig.aig,0,0,0,,,,5542,,,,0.000,square_specific_structural_rtl,unexpected widths input=10 output=20 expected=9->18
ex271,ex271_square_low_high_split_hcla_wreduce_abc_g_aig,unsigned_square_x_times_x,low_high_split_hcla+wreduce_abc_g_aig,student/work/ex270_ex274_frontend_square_structures_20260609_1138/ex271/verilog/ex271_square_low_high_split_hcla.v,student/work/ex270_ex274_frontend_square_structures_20260609_1138/ex271/aigs/ex271_square_low_high_split_hcla_wreduce_abc_g_aig.aig,0,0,0,,,,5542,,,,0.000,square_specific_structural_rtl,unexpected widths input=10 output=20 expected=9->18
ex271,ex271_square_low_high_split_hcla_arith_wreduce_aig,unsigned_square_x_times_x,low_high_split_hcla+arith_wreduce_aig,student/work/ex270_ex274_frontend_square_structures_20260609_1138/ex271/verilog/ex271_square_low_high_split_hcla.v,student/work/ex270_ex274_frontend_square_structures_20260609_1138/ex271/aigs/ex271_square_low_high_split_hcla_arith_wreduce_aig.aig,0,0,0,,,,5542,,,,0.000,square_specific_structural_rtl,unexpected widths input=10 output=20 expected=9->18
ex271,ex271_square_low_high_split_hcla_synth_preset_d20,unsigned_square_x_times_x,low_high_split_hcla+synth_preset_d20,student/work/ex270_ex274_frontend_square_structures_20260609_1138/ex271/verilog/ex271_square_low_high_split_hcla.v,student/work/ex270_ex274_frontend_square_structures_20260609_1138/ex271/aigs/ex271_square_low_high_split_hcla_synth_preset_d20.aig,0,0,0,,,,5542,,,,0.000,square_specific_structural_rtl,unexpected widths input=10 output=20 expected=9->18
ex271,ex271_square_karatsuba_square_abc_g_aig,unsigned_square_x_times_x,karatsuba_square+abc_g_aig,student/work/ex270_ex274_frontend_square_structures_20260609_1138/ex271/verilog/ex271_square_karatsuba_square.v,student/work/ex270_ex274_frontend_square_structures_20260609_1138/ex271/aigs/ex271_square_karatsuba_square_abc_g_aig.aig,0,0,0,,,,5542,,,,0.000,square_specific_structural_rtl,unexpected widths input=10 output=20 expected=9->18
ex271,ex271_square_karatsuba_square_wreduce_abc_g_aig,unsigned_square_x_times_x,karatsuba_square+wreduce_abc_g_aig,student/work/ex270_ex274_frontend_square_structures_20260609_1138/ex271/verilog/ex271_square_karatsuba_square.v,student/work/ex270_ex274_frontend_square_structures_20260609_1138/ex271/aigs/ex271_square_karatsuba_square_wreduce_abc_g_aig.aig,0,0,0,,,,5542,,,,0.000,square_specific_structural_rtl,unexpected widths input=10 output=20 expected=9->18
ex271,ex271_square_karatsuba_square_arith_wreduce_aig,unsigned_square_x_times_x,karatsuba_square+arith_wreduce_aig,student/work/ex270_ex274_frontend_square_structures_20260609_1138/ex271/verilog/ex271_square_karatsuba_square.v,student/work/ex270_ex274_frontend_square_structures_20260609_1138/ex271/aigs/ex271_square_karatsuba_square_arith_wreduce_aig.aig,0,0,0,,,,5542,,,,0.000,square_specific_structural_rtl,unexpected widths input=10 output=20 expected=9->18
ex271,ex271_square_karatsuba_square_synth_preset_d20,unsigned_square_x_times_x,karatsuba_square+synth_preset_d20,student/work/ex270_ex274_frontend_square_structures_20260609_1138/ex271/verilog/ex271_square_karatsuba_square.v,student/work/ex270_ex274_frontend_square_structures_20260609_1138/ex271/aigs/ex271_square_karatsuba_square_synth_preset_d20.aig,0,0,0,,,,5542,,,,0.000,square_specific_structural_rtl,unexpected widths input=10 output=20 expected=9->18
ex271,ex271_square_low4_case_high_direct_abc_g_aig,unsigned_square_x_times_x,low4_case_high_direct+abc_g_aig,student/work/ex270_ex274_frontend_square_structures_20260609_1138/ex271/verilog/ex271_square_low4_case_high_direct.v,student/work/ex270_ex274_frontend_square_structures_20260609_1138/ex271/aigs/ex271_square_low4_case_high_direct_abc_g_aig.aig,0,0,0,,,,5542,,,,0.000,square_specific_structural_rtl,unexpected widths input=10 output=20 expected=9->18
ex271,ex271_square_low4_case_high_direct_wreduce_abc_g_aig,unsigned_square_x_times_x,low4_case_high_direct+wreduce_abc_g_aig,student/work/ex270_ex274_frontend_square_structures_20260609_1138/ex271/verilog/ex271_square_low4_case_high_direct.v,student/work/ex270_ex274_frontend_square_structures_20260609_1138/ex271/aigs/ex271_square_low4_case_high_direct_wreduce_abc_g_aig.aig,0,0,0,,,,5542,,,,0.000,square_specific_structural_rtl,unexpected widths input=10 output=20 expected=9->18
ex271,ex271_square_low4_case_high_direct_arith_wreduce_aig,unsigned_square_x_times_x,low4_case_high_direct+arith_wreduce_aig,student/work/ex270_ex274_frontend_square_structures_20260609_1138/ex271/verilog/ex271_square_low4_case_high_direct.v,student/work/ex270_ex274_frontend_square_structures_20260609_1138/ex271/aigs/ex271_square_low4_case_high_direct_arith_wreduce_aig.aig,0,0,0,,,,5542,,,,0.000,square_specific_structural_rtl,unexpected widths input=10 output=20 expected=9->18
ex271,ex271_square_low4_case_high_direct_synth_preset_d20,unsigned_square_x_times_x,low4_case_high_direct+synth_preset_d20,student/work/ex270_ex274_frontend_square_structures_20260609_1138/ex271/verilog/ex271_square_low4_case_high_direct.v,student/work/ex270_ex274_frontend_square_structures_20260609_1138/ex271/aigs/ex271_square_low4_case_high_direct_synth_preset_d20.aig,0,0,0,,,,5542,,,,0.000,square_specific_structural_rtl,unexpected widths input=10 output=20 expected=9->18
ex271,ex271_square_low5_case_high_direct_abc_g_aig,unsigned_square_x_times_x,low5_case_high_direct+abc_g_aig,student/work/ex270_ex274_frontend_square_structures_20260609_1138/ex271/verilog/ex271_square_low5_case_high_direct.v,student/work/ex270_ex274_frontend_square_structures_20260609_1138/ex271/aigs/ex271_square_low5_case_high_direct_abc_g_aig.aig,0,0,0,,,,5542,,,,0.000,square_specific_structural_rtl,unexpected widths input=10 output=20 expected=9->18
ex271,ex271_square_low5_case_high_direct_wreduce_abc_g_aig,unsigned_square_x_times_x,low5_case_high_direct+wreduce_abc_g_aig,student/work/ex270_ex274_frontend_square_structures_20260609_1138/ex271/verilog/ex271_square_low5_case_high_direct.v,student/work/ex270_ex274_frontend_square_structures_20260609_1138/ex271/aigs/ex271_square_low5_case_high_direct_wreduce_abc_g_aig.aig,0,0,0,,,,5542,,,,0.000,square_specific_structural_rtl,unexpected widths input=10 output=20 expected=9->18
ex271,ex271_square_low5_case_high_direct_arith_wreduce_aig,unsigned_square_x_times_x,low5_case_high_direct+arith_wreduce_aig,student/work/ex270_ex274_frontend_square_structures_20260609_1138/ex271/verilog/ex271_square_low5_case_high_direct.v,student/work/ex270_ex274_frontend_square_structures_20260609_1138/ex271/aigs/ex271_square_low5_case_high_direct_arith_wreduce_aig.aig,0,0,0,,,,5542,,,,0.000,square_specific_structural_rtl,unexpected widths input=10 output=20 expected=9->18
ex271,ex271_square_low5_case_high_direct_synth_preset_d20,unsigned_square_x_times_x,low5_case_high_direct+synth_preset_d20,student/work/ex270_ex274_frontend_square_structures_20260609_1138/ex271/verilog/ex271_square_low5_case_high_direct.v,student/work/ex270_ex274_frontend_square_structures_20260609_1138/ex271/aigs/ex271_square_low5_case_high_direct_synth_preset_d20.aig,0,0,0,,,,5542,,,,0.000,square_specific_structural_rtl,unexpected widths input=10 output=20 expected=9->18
ex272,ex272_square_direct_square_abc_g_aig,unsigned_square_x_times_x,direct_square+abc_g_aig,student/work/ex270_ex274_frontend_square_structures_20260609_1138/ex272/verilog/ex272_square_direct_square.v,student/work/ex270_ex274_frontend_square_structures_20260609_1138/ex272/aigs/ex272_square_direct_square_abc_g_aig.aig,0,0,0,,,,10880,,,,0.000,semantic_rtl,unexpected widths input=12 output=24 expected=10->20
ex272,ex272_square_direct_square_wreduce_abc_g_aig,unsigned_square_x_times_x,direct_square+wreduce_abc_g_aig,student/work/ex270_ex274_frontend_square_structures_20260609_1138/ex272/verilog/ex272_square_direct_square.v,student/work/ex270_ex274_frontend_square_structures_20260609_1138/ex272/aigs/ex272_square_direct_square_wreduce_abc_g_aig.aig,0,0,0,,,,10880,,,,0.000,semantic_rtl,unexpected widths input=12 output=24 expected=10->20
ex272,ex272_square_direct_square_arith_wreduce_aig,unsigned_square_x_times_x,direct_square+arith_wreduce_aig,student/work/ex270_ex274_frontend_square_structures_20260609_1138/ex272/verilog/ex272_square_direct_square.v,student/work/ex270_ex274_frontend_square_structures_20260609_1138/ex272/aigs/ex272_square_direct_square_arith_wreduce_aig.aig,0,0,0,,,,10880,,,,0.000,semantic_rtl,unexpected widths input=12 output=24 expected=10->20
ex272,ex272_square_direct_square_synth_preset_d20,unsigned_square_x_times_x,direct_square+synth_preset_d20,student/work/ex270_ex274_frontend_square_structures_20260609_1138/ex272/verilog/ex272_square_direct_square.v,student/work/ex270_ex274_frontend_square_structures_20260609_1138/ex272/aigs/ex272_square_direct_square_synth_preset_d20.aig,0,0,0,,,,10880,,,,0.000,semantic_rtl,unexpected widths input=12 output=24 expected=10->20
ex272,ex272_square_triangular_balanced_abc_g_aig,unsigned_square_x_times_x,triangular_balanced+abc_g_aig,student/work/ex270_ex274_frontend_square_structures_20260609_1138/ex272/verilog/ex272_square_triangular_balanced.v,student/work/ex270_ex274_frontend_square_structures_20260609_1138/ex272/aigs/ex272_square_triangular_balanced_abc_g_aig.aig,0,0,0,,,,10880,,,,0.000,square_specific_structural_rtl,unexpected widths input=12 output=24 expected=10->20
ex272,ex272_square_triangular_balanced_wreduce_abc_g_aig,unsigned_square_x_times_x,triangular_balanced+wreduce_abc_g_aig,student/work/ex270_ex274_frontend_square_structures_20260609_1138/ex272/verilog/ex272_square_triangular_balanced.v,student/work/ex270_ex274_frontend_square_structures_20260609_1138/ex272/aigs/ex272_square_triangular_balanced_wreduce_abc_g_aig.aig,0,0,0,,,,10880,,,,0.000,square_specific_structural_rtl,unexpected widths input=12 output=24 expected=10->20
ex272,ex272_square_triangular_balanced_arith_wreduce_aig,unsigned_square_x_times_x,triangular_balanced+arith_wreduce_aig,student/work/ex270_ex274_frontend_square_structures_20260609_1138/ex272/verilog/ex272_square_triangular_balanced.v,student/work/ex270_ex274_frontend_square_structures_20260609_1138/ex272/aigs/ex272_square_triangular_balanced_arith_wreduce_aig.aig,0,0,0,,,,10880,,,,0.000,square_specific_structural_rtl,unexpected widths input=12 output=24 expected=10->20
ex272,ex272_square_triangular_balanced_synth_preset_d20,unsigned_square_x_times_x,triangular_balanced+synth_preset_d20,student/work/ex270_ex274_frontend_square_structures_20260609_1138/ex272/verilog/ex272_square_triangular_balanced.v,student/work/ex270_ex274_frontend_square_structures_20260609_1138/ex272/aigs/ex272_square_triangular_balanced_synth_preset_d20.aig,0,0,0,,,,10880,,,,0.000,square_specific_structural_rtl,unexpected widths input=12 output=24 expected=10->20
ex272,ex272_square_triangular_rows_csa_abc_g_aig,unsigned_square_x_times_x,triangular_rows_csa+abc_g_aig,student/work/ex270_ex274_frontend_square_structures_20260609_1138/ex272/verilog/ex272_square_triangular_rows_csa.v,student/work/ex270_ex274_frontend_square_structures_20260609_1138/ex272/aigs/ex272_square_triangular_rows_csa_abc_g_aig.aig,0,0,0,,,,10880,,,,0.000,square_specific_structural_rtl,unexpected widths input=12 output=24 expected=10->20
ex272,ex272_square_triangular_rows_csa_wreduce_abc_g_aig,unsigned_square_x_times_x,triangular_rows_csa+wreduce_abc_g_aig,student/work/ex270_ex274_frontend_square_structures_20260609_1138/ex272/verilog/ex272_square_triangular_rows_csa.v,student/work/ex270_ex274_frontend_square_structures_20260609_1138/ex272/aigs/ex272_square_triangular_rows_csa_wreduce_abc_g_aig.aig,0,0,0,,,,10880,,,,0.000,square_specific_structural_rtl,unexpected widths input=12 output=24 expected=10->20
ex272,ex272_square_triangular_rows_csa_arith_wreduce_aig,unsigned_square_x_times_x,triangular_rows_csa+arith_wreduce_aig,student/work/ex270_ex274_frontend_square_structures_20260609_1138/ex272/verilog/ex272_square_triangular_rows_csa.v,student/work/ex270_ex274_frontend_square_structures_20260609_1138/ex272/aigs/ex272_square_triangular_rows_csa_arith_wreduce_aig.aig,0,0,0,,,,10880,,,,0.000,square_specific_structural_rtl,unexpected widths input=12 output=24 expected=10->20
ex272,ex272_square_triangular_rows_csa_synth_preset_d20,unsigned_square_x_times_x,triangular_rows_csa+synth_preset_d20,student/work/ex270_ex274_frontend_square_structures_20260609_1138/ex272/verilog/ex272_square_triangular_rows_csa.v,student/work/ex270_ex274_frontend_square_structures_20260609_1138/ex272/aigs/ex272_square_triangular_rows_csa_synth_preset_d20.aig,0,0,0,,,,10880,,,,0.000,square_specific_structural_rtl,unexpected widths input=12 output=24 expected=10->20
ex272,ex272_square_wallace_square_abc_g_aig,unsigned_square_x_times_x,wallace_square+abc_g_aig,student/work/ex270_ex274_frontend_square_structures_20260609_1138/ex272/verilog/ex272_square_wallace_square.v,student/work/ex270_ex274_frontend_square_structures_20260609_1138/ex272/aigs/ex272_square_wallace_square_abc_g_aig.aig,0,0,0,,,,10880,,,,0.000,square_specific_structural_rtl,unexpected widths input=12 output=24 expected=10->20
ex272,ex272_square_wallace_square_wreduce_abc_g_aig,unsigned_square_x_times_x,wallace_square+wreduce_abc_g_aig,student/work/ex270_ex274_frontend_square_structures_20260609_1138/ex272/verilog/ex272_square_wallace_square.v,student/work/ex270_ex274_frontend_square_structures_20260609_1138/ex272/aigs/ex272_square_wallace_square_wreduce_abc_g_aig.aig,0,0,0,,,,10880,,,,0.000,square_specific_structural_rtl,unexpected widths input=12 output=24 expected=10->20
ex272,ex272_square_wallace_square_arith_wreduce_aig,unsigned_square_x_times_x,wallace_square+arith_wreduce_aig,student/work/ex270_ex274_frontend_square_structures_20260609_1138/ex272/verilog/ex272_square_wallace_square.v,student/work/ex270_ex274_frontend_square_structures_20260609_1138/ex272/aigs/ex272_square_wallace_square_arith_wreduce_aig.aig,0,0,0,,,,10880,,,,0.000,square_specific_structural_rtl,unexpected widths input=12 output=24 expected=10->20
ex272,ex272_square_wallace_square_synth_preset_d20,unsigned_square_x_times_x,wallace_square+synth_preset_d20,student/work/ex270_ex274_frontend_square_structures_20260609_1138/ex272/verilog/ex272_square_wallace_square.v,student/work/ex270_ex274_frontend_square_structures_20260609_1138/ex272/aigs/ex272_square_wallace_square_synth_preset_d20.aig,0,0,0,,,,10880,,,,0.000,square_specific_structural_rtl,unexpected widths input=12 output=24 expected=10->20
ex272,ex272_square_wallace_square_rev_abc_g_aig,unsigned_square_x_times_x,wallace_square_rev+abc_g_aig,student/work/ex270_ex274_frontend_square_structures_20260609_1138/ex272/verilog/ex272_square_wallace_square_rev.v,student/work/ex270_ex274_frontend_square_structures_20260609_1138/ex272/aigs/ex272_square_wallace_square_rev_abc_g_aig.aig,0,0,0,,,,10880,,,,0.000,square_specific_structural_rtl,unexpected widths input=12 output=24 expected=10->20
ex272,ex272_square_wallace_square_rev_wreduce_abc_g_aig,unsigned_square_x_times_x,wallace_square_rev+wreduce_abc_g_aig,student/work/ex270_ex274_frontend_square_structures_20260609_1138/ex272/verilog/ex272_square_wallace_square_rev.v,student/work/ex270_ex274_frontend_square_structures_20260609_1138/ex272/aigs/ex272_square_wallace_square_rev_wreduce_abc_g_aig.aig,0,0,0,,,,10880,,,,0.000,square_specific_structural_rtl,unexpected widths input=12 output=24 expected=10->20
ex272,ex272_square_wallace_square_rev_arith_wreduce_aig,unsigned_square_x_times_x,wallace_square_rev+arith_wreduce_aig,student/work/ex270_ex274_frontend_square_structures_20260609_1138/ex272/verilog/ex272_square_wallace_square_rev.v,student/work/ex270_ex274_frontend_square_structures_20260609_1138/ex272/aigs/ex272_square_wallace_square_rev_arith_wreduce_aig.aig,0,0,0,,,,10880,,,,0.000,square_specific_structural_rtl,unexpected widths input=12 output=24 expected=10->20
ex272,ex272_square_wallace_square_rev_synth_preset_d20,unsigned_square_x_times_x,wallace_square_rev+synth_preset_d20,student/work/ex270_ex274_frontend_square_structures_20260609_1138/ex272/verilog/ex272_square_wallace_square_rev.v,student/work/ex270_ex274_frontend_square_structures_20260609_1138/ex272/aigs/ex272_square_wallace_square_rev_synth_preset_d20.aig,0,0,0,,,,10880,,,,0.000,square_specific_structural_rtl,unexpected widths input=12 output=24 expected=10->20
ex272,ex272_square_wallace_square_outside_abc_g_aig,unsigned_square_x_times_x,wallace_square_outside+abc_g_aig,student/work/ex270_ex274_frontend_square_structures_20260609_1138/ex272/verilog/ex272_square_wallace_square_outside.v,student/work/ex270_ex274_frontend_square_structures_20260609_1138/ex272/aigs/ex272_square_wallace_square_outside_abc_g_aig.aig,0,0,0,,,,10880,,,,0.000,square_specific_structural_rtl,unexpected widths input=12 output=24 expected=10->20
ex272,ex272_square_wallace_square_outside_wreduce_abc_g_aig,unsigned_square_x_times_x,wallace_square_outside+wreduce_abc_g_aig,student/work/ex270_ex274_frontend_square_structures_20260609_1138/ex272/verilog/ex272_square_wallace_square_outside.v,student/work/ex270_ex274_frontend_square_structures_20260609_1138/ex272/aigs/ex272_square_wallace_square_outside_wreduce_abc_g_aig.aig,0,0,0,,,,10880,,,,0.000,square_specific_structural_rtl,unexpected widths input=12 output=24 expected=10->20
ex272,ex272_square_wallace_square_outside_arith_wreduce_aig,unsigned_square_x_times_x,wallace_square_outside+arith_wreduce_aig,student/work/ex270_ex274_frontend_square_structures_20260609_1138/ex272/verilog/ex272_square_wallace_square_outside.v,student/work/ex270_ex274_frontend_square_structures_20260609_1138/ex272/aigs/ex272_square_wallace_square_outside_arith_wreduce_aig.aig,0,0,0,,,,10880,,,,0.000,square_specific_structural_rtl,unexpected widths input=12 output=24 expected=10->20
ex272,ex272_square_wallace_square_outside_synth_preset_d20,unsigned_square_x_times_x,wallace_square_outside+synth_preset_d20,student/work/ex270_ex274_frontend_square_structures_20260609_1138/ex272/verilog/ex272_square_wallace_square_outside.v,student/work/ex270_ex274_frontend_square_structures_20260609_1138/ex272/aigs/ex272_square_wallace_square_outside_synth_preset_d20.aig,0,0,0,,,,10880,,,,0.000,square_specific_structural_rtl,unexpected widths input=12 output=24 expected=10->20
ex272,ex272_square_wallace_square_hcla2_abc_g_aig,unsigned_square_x_times_x,wallace_square_hcla2+abc_g_aig,student/work/ex270_ex274_frontend_square_structures_20260609_1138/ex272/verilog/ex272_square_wallace_square_hcla2.v,student/work/ex270_ex274_frontend_square_structures_20260609_1138/ex272/aigs/ex272_square_wallace_square_hcla2_abc_g_aig.aig,0,0,0,,,,10880,,,,0.000,square_specific_structural_rtl,unexpected widths input=12 output=24 expected=10->20
ex272,ex272_square_wallace_square_hcla2_wreduce_abc_g_aig,unsigned_square_x_times_x,wallace_square_hcla2+wreduce_abc_g_aig,student/work/ex270_ex274_frontend_square_structures_20260609_1138/ex272/verilog/ex272_square_wallace_square_hcla2.v,student/work/ex270_ex274_frontend_square_structures_20260609_1138/ex272/aigs/ex272_square_wallace_square_hcla2_wreduce_abc_g_aig.aig,0,0,0,,,,10880,,,,0.000,square_specific_structural_rtl,unexpected widths input=12 output=24 expected=10->20
ex272,ex272_square_wallace_square_hcla2_arith_wreduce_aig,unsigned_square_x_times_x,wallace_square_hcla2+arith_wreduce_aig,student/work/ex270_ex274_frontend_square_structures_20260609_1138/ex272/verilog/ex272_square_wallace_square_hcla2.v,student/work/ex270_ex274_frontend_square_structures_20260609_1138/ex272/aigs/ex272_square_wallace_square_hcla2_arith_wreduce_aig.aig,0,0,0,,,,10880,,,,0.000,square_specific_structural_rtl,unexpected widths input=12 output=24 expected=10->20
ex272,ex272_square_wallace_square_hcla2_synth_preset_d20,unsigned_square_x_times_x,wallace_square_hcla2+synth_preset_d20,student/work/ex270_ex274_frontend_square_structures_20260609_1138/ex272/verilog/ex272_square_wallace_square_hcla2.v,student/work/ex270_ex274_frontend_square_structures_20260609_1138/ex272/aigs/ex272_square_wallace_square_hcla2_synth_preset_d20.aig,0,0,0,,,,10880,,,,0.000,square_specific_structural_rtl,unexpected widths input=12 output=24 expected=10->20
ex272,ex272_square_wallace_square_hcla4_abc_g_aig,unsigned_square_x_times_x,wallace_square_hcla4+abc_g_aig,student/work/ex270_ex274_frontend_square_structures_20260609_1138/ex272/verilog/ex272_square_wallace_square_hcla4.v,student/work/ex270_ex274_frontend_square_structures_20260609_1138/ex272/aigs/ex272_square_wallace_square_hcla4_abc_g_aig.aig,0,0,0,,,,10880,,,,0.000,square_specific_structural_rtl,unexpected widths input=12 output=24 expected=10->20
ex272,ex272_square_wallace_square_hcla4_wreduce_abc_g_aig,unsigned_square_x_times_x,wallace_square_hcla4+wreduce_abc_g_aig,student/work/ex270_ex274_frontend_square_structures_20260609_1138/ex272/verilog/ex272_square_wallace_square_hcla4.v,student/work/ex270_ex274_frontend_square_structures_20260609_1138/ex272/aigs/ex272_square_wallace_square_hcla4_wreduce_abc_g_aig.aig,0,0,0,,,,10880,,,,0.000,square_specific_structural_rtl,unexpected widths input=12 output=24 expected=10->20
ex272,ex272_square_wallace_square_hcla4_arith_wreduce_aig,unsigned_square_x_times_x,wallace_square_hcla4+arith_wreduce_aig,student/work/ex270_ex274_frontend_square_structures_20260609_1138/ex272/verilog/ex272_square_wallace_square_hcla4.v,student/work/ex270_ex274_frontend_square_structures_20260609_1138/ex272/aigs/ex272_square_wallace_square_hcla4_arith_wreduce_aig.aig,0,0,0,,,,10880,,,,0.000,square_specific_structural_rtl,unexpected widths input=12 output=24 expected=10->20
ex272,ex272_square_wallace_square_hcla4_synth_preset_d20,unsigned_square_x_times_x,wallace_square_hcla4+synth_preset_d20,student/work/ex270_ex274_frontend_square_structures_20260609_1138/ex272/verilog/ex272_square_wallace_square_hcla4.v,student/work/ex270_ex274_frontend_square_structures_20260609_1138/ex272/aigs/ex272_square_wallace_square_hcla4_synth_preset_d20.aig,0,0,0,,,,10880,,,,0.000,square_specific_structural_rtl,unexpected widths input=12 output=24 expected=10->20
ex272,ex272_square_wallace_square_hcla6_abc_g_aig,unsigned_square_x_times_x,wallace_square_hcla6+abc_g_aig,student/work/ex270_ex274_frontend_square_structures_20260609_1138/ex272/verilog/ex272_square_wallace_square_hcla6.v,student/work/ex270_ex274_frontend_square_structures_20260609_1138/ex272/aigs/ex272_square_wallace_square_hcla6_abc_g_aig.aig,0,0,0,,,,10880,,,,0.000,square_specific_structural_rtl,unexpected widths input=12 output=24 expected=10->20
ex272,ex272_square_wallace_square_hcla6_wreduce_abc_g_aig,unsigned_square_x_times_x,wallace_square_hcla6+wreduce_abc_g_aig,student/work/ex270_ex274_frontend_square_structures_20260609_1138/ex272/verilog/ex272_square_wallace_square_hcla6.v,student/work/ex270_ex274_frontend_square_structures_20260609_1138/ex272/aigs/ex272_square_wallace_square_hcla6_wreduce_abc_g_aig.aig,0,0,0,,,,10880,,,,0.000,square_specific_structural_rtl,unexpected widths input=12 output=24 expected=10->20
ex272,ex272_square_wallace_square_hcla6_arith_wreduce_aig,unsigned_square_x_times_x,wallace_square_hcla6+arith_wreduce_aig,student/work/ex270_ex274_frontend_square_structures_20260609_1138/ex272/verilog/ex272_square_wallace_square_hcla6.v,student/work/ex270_ex274_frontend_square_structures_20260609_1138/ex272/aigs/ex272_square_wallace_square_hcla6_arith_wreduce_aig.aig,0,0,0,,,,10880,,,,0.000,square_specific_structural_rtl,unexpected widths input=12 output=24 expected=10->20
ex272,ex272_square_wallace_square_hcla6_synth_preset_d20,unsigned_square_x_times_x,wallace_square_hcla6+synth_preset_d20,student/work/ex270_ex274_frontend_square_structures_20260609_1138/ex272/verilog/ex272_square_wallace_square_hcla6.v,student/work/ex270_ex274_frontend_square_structures_20260609_1138/ex272/aigs/ex272_square_wallace_square_hcla6_synth_preset_d20.aig,0,0,0,,,,10880,,,,0.000,square_specific_structural_rtl,unexpected widths input=12 output=24 expected=10->20
ex272,ex272_square_wallace_square_hcla8_abc_g_aig,unsigned_square_x_times_x,wallace_square_hcla8+abc_g_aig,student/work/ex270_ex274_frontend_square_structures_20260609_1138/ex272/verilog/ex272_square_wallace_square_hcla8.v,student/work/ex270_ex274_frontend_square_structures_20260609_1138/ex272/aigs/ex272_square_wallace_square_hcla8_abc_g_aig.aig,0,0,0,,,,10880,,,,0.000,square_specific_structural_rtl,unexpected widths input=12 output=24 expected=10->20
ex272,ex272_square_wallace_square_hcla8_wreduce_abc_g_aig,unsigned_square_x_times_x,wallace_square_hcla8+wreduce_abc_g_aig,student/work/ex270_ex274_frontend_square_structures_20260609_1138/ex272/verilog/ex272_square_wallace_square_hcla8.v,student/work/ex270_ex274_frontend_square_structures_20260609_1138/ex272/aigs/ex272_square_wallace_square_hcla8_wreduce_abc_g_aig.aig,0,0,0,,,,10880,,,,0.000,square_specific_structural_rtl,unexpected widths input=12 output=24 expected=10->20
ex272,ex272_square_wallace_square_hcla8_arith_wreduce_aig,unsigned_square_x_times_x,wallace_square_hcla8+arith_wreduce_aig,student/work/ex270_ex274_frontend_square_structures_20260609_1138/ex272/verilog/ex272_square_wallace_square_hcla8.v,student/work/ex270_ex274_frontend_square_structures_20260609_1138/ex272/aigs/ex272_square_wallace_square_hcla8_arith_wreduce_aig.aig,0,0,0,,,,10880,,,,0.000,square_specific_structural_rtl,unexpected widths input=12 output=24 expected=10->20
ex272,ex272_square_wallace_square_hcla8_synth_preset_d20,unsigned_square_x_times_x,wallace_square_hcla8+synth_preset_d20,student/work/ex270_ex274_frontend_square_structures_20260609_1138/ex272/verilog/ex272_square_wallace_square_hcla8.v,student/work/ex270_ex274_frontend_square_structures_20260609_1138/ex272/aigs/ex272_square_wallace_square_hcla8_synth_preset_d20.aig,0,0,0,,,,10880,,,,0.000,square_specific_structural_rtl,unexpected widths input=12 output=24 expected=10->20
ex272,ex272_square_wallace_square_rev_hcla4_abc_g_aig,unsigned_square_x_times_x,wallace_square_rev_hcla4+abc_g_aig,student/work/ex270_ex274_frontend_square_structures_20260609_1138/ex272/verilog/ex272_square_wallace_square_rev_hcla4.v,student/work/ex270_ex274_frontend_square_structures_20260609_1138/ex272/aigs/ex272_square_wallace_square_rev_hcla4_abc_g_aig.aig,0,0,0,,,,10880,,,,0.000,square_specific_structural_rtl,unexpected widths input=12 output=24 expected=10->20
ex272,ex272_square_wallace_square_rev_hcla4_wreduce_abc_g_aig,unsigned_square_x_times_x,wallace_square_rev_hcla4+wreduce_abc_g_aig,student/work/ex270_ex274_frontend_square_structures_20260609_1138/ex272/verilog/ex272_square_wallace_square_rev_hcla4.v,student/work/ex270_ex274_frontend_square_structures_20260609_1138/ex272/aigs/ex272_square_wallace_square_rev_hcla4_wreduce_abc_g_aig.aig,0,0,0,,,,10880,,,,0.000,square_specific_structural_rtl,unexpected widths input=12 output=24 expected=10->20
ex272,ex272_square_wallace_square_rev_hcla4_arith_wreduce_aig,unsigned_square_x_times_x,wallace_square_rev_hcla4+arith_wreduce_aig,student/work/ex270_ex274_frontend_square_structures_20260609_1138/ex272/verilog/ex272_square_wallace_square_rev_hcla4.v,student/work/ex270_ex274_frontend_square_structures_20260609_1138/ex272/aigs/ex272_square_wallace_square_rev_hcla4_arith_wreduce_aig.aig,0,0,0,,,,10880,,,,0.000,square_specific_structural_rtl,unexpected widths input=12 output=24 expected=10->20
ex272,ex272_square_wallace_square_rev_hcla4_synth_preset_d20,unsigned_square_x_times_x,wallace_square_rev_hcla4+synth_preset_d20,student/work/ex270_ex274_frontend_square_structures_20260609_1138/ex272/verilog/ex272_square_wallace_square_rev_hcla4.v,student/work/ex270_ex274_frontend_square_structures_20260609_1138/ex272/aigs/ex272_square_wallace_square_rev_hcla4_synth_preset_d20.aig,0,0,0,,,,10880,,,,0.000,square_specific_structural_rtl,unexpected widths input=12 output=24 expected=10->20
ex272,ex272_square_wallace_square_rev_hcla6_abc_g_aig,unsigned_square_x_times_x,wallace_square_rev_hcla6+abc_g_aig,student/work/ex270_ex274_frontend_square_structures_20260609_1138/ex272/verilog/ex272_square_wallace_square_rev_hcla6.v,student/work/ex270_ex274_frontend_square_structures_20260609_1138/ex272/aigs/ex272_square_wallace_square_rev_hcla6_abc_g_aig.aig,0,0,0,,,,10880,,,,0.000,square_specific_structural_rtl,unexpected widths input=12 output=24 expected=10->20
ex272,ex272_square_wallace_square_rev_hcla6_wreduce_abc_g_aig,unsigned_square_x_times_x,wallace_square_rev_hcla6+wreduce_abc_g_aig,student/work/ex270_ex274_frontend_square_structures_20260609_1138/ex272/verilog/ex272_square_wallace_square_rev_hcla6.v,student/work/ex270_ex274_frontend_square_structures_20260609_1138/ex272/aigs/ex272_square_wallace_square_rev_hcla6_wreduce_abc_g_aig.aig,0,0,0,,,,10880,,,,0.000,square_specific_structural_rtl,unexpected widths input=12 output=24 expected=10->20
ex272,ex272_square_wallace_square_rev_hcla6_arith_wreduce_aig,unsigned_square_x_times_x,wallace_square_rev_hcla6+arith_wreduce_aig,student/work/ex270_ex274_frontend_square_structures_20260609_1138/ex272/verilog/ex272_square_wallace_square_rev_hcla6.v,student/work/ex270_ex274_frontend_square_structures_20260609_1138/ex272/aigs/ex272_square_wallace_square_rev_hcla6_arith_wreduce_aig.aig,0,0,0,,,,10880,,,,0.000,square_specific_structural_rtl,unexpected widths input=12 output=24 expected=10->20
ex272,ex272_square_wallace_square_rev_hcla6_synth_preset_d20,unsigned_square_x_times_x,wallace_square_rev_hcla6+synth_preset_d20,student/work/ex270_ex274_frontend_square_structures_20260609_1138/ex272/verilog/ex272_square_wallace_square_rev_hcla6.v,student/work/ex270_ex274_frontend_square_structures_20260609_1138/ex272/aigs/ex272_square_wallace_square_rev_hcla6_synth_preset_d20.aig,0,0,0,,,,10880,,,,0.000,square_specific_structural_rtl,unexpected widths input=12 output=24 expected=10->20
ex272,ex272_square_wallace_square_outside_hcla4_abc_g_aig,unsigned_square_x_times_x,wallace_square_outside_hcla4+abc_g_aig,student/work/ex270_ex274_frontend_square_structures_20260609_1138/ex272/verilog/ex272_square_wallace_square_outside_hcla4.v,student/work/ex270_ex274_frontend_square_structures_20260609_1138/ex272/aigs/ex272_square_wallace_square_outside_hcla4_abc_g_aig.aig,0,0,0,,,,10880,,,,0.000,square_specific_structural_rtl,unexpected widths input=12 output=24 expected=10->20
ex272,ex272_square_wallace_square_outside_hcla4_wreduce_abc_g_aig,unsigned_square_x_times_x,wallace_square_outside_hcla4+wreduce_abc_g_aig,student/work/ex270_ex274_frontend_square_structures_20260609_1138/ex272/verilog/ex272_square_wallace_square_outside_hcla4.v,student/work/ex270_ex274_frontend_square_structures_20260609_1138/ex272/aigs/ex272_square_wallace_square_outside_hcla4_wreduce_abc_g_aig.aig,0,0,0,,,,10880,,,,0.000,square_specific_structural_rtl,unexpected widths input=12 output=24 expected=10->20
ex272,ex272_square_wallace_square_outside_hcla4_arith_wreduce_aig,unsigned_square_x_times_x,wallace_square_outside_hcla4+arith_wreduce_aig,student/work/ex270_ex274_frontend_square_structures_20260609_1138/ex272/verilog/ex272_square_wallace_square_outside_hcla4.v,student/work/ex270_ex274_frontend_square_structures_20260609_1138/ex272/aigs/ex272_square_wallace_square_outside_hcla4_arith_wreduce_aig.aig,0,0,0,,,,10880,,,,0.000,square_specific_structural_rtl,unexpected widths input=12 output=24 expected=10->20
ex272,ex272_square_wallace_square_outside_hcla4_synth_preset_d20,unsigned_square_x_times_x,wallace_square_outside_hcla4+synth_preset_d20,student/work/ex270_ex274_frontend_square_structures_20260609_1138/ex272/verilog/ex272_square_wallace_square_outside_hcla4.v,student/work/ex270_ex274_frontend_square_structures_20260609_1138/ex272/aigs/ex272_square_wallace_square_outside_hcla4_synth_preset_d20.aig,0,0,0,,,,10880,,,,0.000,square_specific_structural_rtl,unexpected widths input=12 output=24 expected=10->20
ex272,ex272_square_wallace_square_outside_hcla6_abc_g_aig,unsigned_square_x_times_x,wallace_square_outside_hcla6+abc_g_aig,student/work/ex270_ex274_frontend_square_structures_20260609_1138/ex272/verilog/ex272_square_wallace_square_outside_hcla6.v,student/work/ex270_ex274_frontend_square_structures_20260609_1138/ex272/aigs/ex272_square_wallace_square_outside_hcla6_abc_g_aig.aig,0,0,0,,,,10880,,,,0.000,square_specific_structural_rtl,unexpected widths input=12 output=24 expected=10->20
ex272,ex272_square_wallace_square_outside_hcla6_wreduce_abc_g_aig,unsigned_square_x_times_x,wallace_square_outside_hcla6+wreduce_abc_g_aig,student/work/ex270_ex274_frontend_square_structures_20260609_1138/ex272/verilog/ex272_square_wallace_square_outside_hcla6.v,student/work/ex270_ex274_frontend_square_structures_20260609_1138/ex272/aigs/ex272_square_wallace_square_outside_hcla6_wreduce_abc_g_aig.aig,0,0,0,,,,10880,,,,0.000,square_specific_structural_rtl,unexpected widths input=12 output=24 expected=10->20
ex272,ex272_square_wallace_square_outside_hcla6_arith_wreduce_aig,unsigned_square_x_times_x,wallace_square_outside_hcla6+arith_wreduce_aig,student/work/ex270_ex274_frontend_square_structures_20260609_1138/ex272/verilog/ex272_square_wallace_square_outside_hcla6.v,student/work/ex270_ex274_frontend_square_structures_20260609_1138/ex272/aigs/ex272_square_wallace_square_outside_hcla6_arith_wreduce_aig.aig,0,0,0,,,,10880,,,,0.000,square_specific_structural_rtl,unexpected widths input=12 output=24 expected=10->20
ex272,ex272_square_wallace_square_outside_hcla6_synth_preset_d20,unsigned_square_x_times_x,wallace_square_outside_hcla6+synth_preset_d20,student/work/ex270_ex274_frontend_square_structures_20260609_1138/ex272/verilog/ex272_square_wallace_square_outside_hcla6.v,student/work/ex270_ex274_frontend_square_structures_20260609_1138/ex272/aigs/ex272_square_wallace_square_outside_hcla6_synth_preset_d20.aig,0,0,0,,,,10880,,,,0.000,square_specific_structural_rtl,unexpected widths input=12 output=24 expected=10->20
ex272,ex272_square_dadda_square_abc_g_aig,unsigned_square_x_times_x,dadda_square+abc_g_aig,student/work/ex270_ex274_frontend_square_structures_20260609_1138/ex272/verilog/ex272_square_dadda_square.v,student/work/ex270_ex274_frontend_square_structures_20260609_1138/ex272/aigs/ex272_square_dadda_square_abc_g_aig.aig,0,0,0,,,,10880,,,,0.000,square_specific_structural_rtl,unexpected widths input=12 output=24 expected=10->20
ex272,ex272_square_dadda_square_wreduce_abc_g_aig,unsigned_square_x_times_x,dadda_square+wreduce_abc_g_aig,student/work/ex270_ex274_frontend_square_structures_20260609_1138/ex272/verilog/ex272_square_dadda_square.v,student/work/ex270_ex274_frontend_square_structures_20260609_1138/ex272/aigs/ex272_square_dadda_square_wreduce_abc_g_aig.aig,0,0,0,,,,10880,,,,0.000,square_specific_structural_rtl,unexpected widths input=12 output=24 expected=10->20
ex272,ex272_square_dadda_square_arith_wreduce_aig,unsigned_square_x_times_x,dadda_square+arith_wreduce_aig,student/work/ex270_ex274_frontend_square_structures_20260609_1138/ex272/verilog/ex272_square_dadda_square.v,student/work/ex270_ex274_frontend_square_structures_20260609_1138/ex272/aigs/ex272_square_dadda_square_arith_wreduce_aig.aig,0,0,0,,,,10880,,,,0.000,square_specific_structural_rtl,unexpected widths input=12 output=24 expected=10->20
ex272,ex272_square_dadda_square_synth_preset_d20,unsigned_square_x_times_x,dadda_square+synth_preset_d20,student/work/ex270_ex274_frontend_square_structures_20260609_1138/ex272/verilog/ex272_square_dadda_square.v,student/work/ex270_ex274_frontend_square_structures_20260609_1138/ex272/aigs/ex272_square_dadda_square_synth_preset_d20.aig,0,0,0,,,,10880,,,,0.000,square_specific_structural_rtl,unexpected widths input=12 output=24 expected=10->20
ex272,ex272_square_dadda_square_hcla4_abc_g_aig,unsigned_square_x_times_x,dadda_square_hcla4+abc_g_aig,student/work/ex270_ex274_frontend_square_structures_20260609_1138/ex272/verilog/ex272_square_dadda_square_hcla4.v,student/work/ex270_ex274_frontend_square_structures_20260609_1138/ex272/aigs/ex272_square_dadda_square_hcla4_abc_g_aig.aig,0,0,0,,,,10880,,,,0.000,square_specific_structural_rtl,unexpected widths input=12 output=24 expected=10->20
ex272,ex272_square_dadda_square_hcla4_wreduce_abc_g_aig,unsigned_square_x_times_x,dadda_square_hcla4+wreduce_abc_g_aig,student/work/ex270_ex274_frontend_square_structures_20260609_1138/ex272/verilog/ex272_square_dadda_square_hcla4.v,student/work/ex270_ex274_frontend_square_structures_20260609_1138/ex272/aigs/ex272_square_dadda_square_hcla4_wreduce_abc_g_aig.aig,0,0,0,,,,10880,,,,0.000,square_specific_structural_rtl,unexpected widths input=12 output=24 expected=10->20
ex272,ex272_square_dadda_square_hcla4_arith_wreduce_aig,unsigned_square_x_times_x,dadda_square_hcla4+arith_wreduce_aig,student/work/ex270_ex274_frontend_square_structures_20260609_1138/ex272/verilog/ex272_square_dadda_square_hcla4.v,student/work/ex270_ex274_frontend_square_structures_20260609_1138/ex272/aigs/ex272_square_dadda_square_hcla4_arith_wreduce_aig.aig,0,0,0,,,,10880,,,,0.000,square_specific_structural_rtl,unexpected widths input=12 output=24 expected=10->20
ex272,ex272_square_dadda_square_hcla4_synth_preset_d20,unsigned_square_x_times_x,dadda_square_hcla4+synth_preset_d20,student/work/ex270_ex274_frontend_square_structures_20260609_1138/ex272/verilog/ex272_square_dadda_square_hcla4.v,student/work/ex270_ex274_frontend_square_structures_20260609_1138/ex272/aigs/ex272_square_dadda_square_hcla4_synth_preset_d20.aig,0,0,0,,,,10880,,,,0.000,square_specific_structural_rtl,unexpected widths input=12 output=24 expected=10->20
ex272,ex272_square_dadda_square_hcla6_abc_g_aig,unsigned_square_x_times_x,dadda_square_hcla6+abc_g_aig,student/work/ex270_ex274_frontend_square_structures_20260609_1138/ex272/verilog/ex272_square_dadda_square_hcla6.v,student/work/ex270_ex274_frontend_square_structures_20260609_1138/ex272/aigs/ex272_square_dadda_square_hcla6_abc_g_aig.aig,0,0,0,,,,10880,,,,0.000,square_specific_structural_rtl,unexpected widths input=12 output=24 expected=10->20
ex272,ex272_square_dadda_square_hcla6_wreduce_abc_g_aig,unsigned_square_x_times_x,dadda_square_hcla6+wreduce_abc_g_aig,student/work/ex270_ex274_frontend_square_structures_20260609_1138/ex272/verilog/ex272_square_dadda_square_hcla6.v,student/work/ex270_ex274_frontend_square_structures_20260609_1138/ex272/aigs/ex272_square_dadda_square_hcla6_wreduce_abc_g_aig.aig,0,0,0,,,,10880,,,,0.000,square_specific_structural_rtl,unexpected widths input=12 output=24 expected=10->20
ex272,ex272_square_dadda_square_hcla6_arith_wreduce_aig,unsigned_square_x_times_x,dadda_square_hcla6+arith_wreduce_aig,student/work/ex270_ex274_frontend_square_structures_20260609_1138/ex272/verilog/ex272_square_dadda_square_hcla6.v,student/work/ex270_ex274_frontend_square_structures_20260609_1138/ex272/aigs/ex272_square_dadda_square_hcla6_arith_wreduce_aig.aig,0,0,0,,,,10880,,,,0.000,square_specific_structural_rtl,unexpected widths input=12 output=24 expected=10->20
ex272,ex272_square_dadda_square_hcla6_synth_preset_d20,unsigned_square_x_times_x,dadda_square_hcla6+synth_preset_d20,student/work/ex270_ex274_frontend_square_structures_20260609_1138/ex272/verilog/ex272_square_dadda_square_hcla6.v,student/work/ex270_ex274_frontend_square_structures_20260609_1138/ex272/aigs/ex272_square_dadda_square_hcla6_synth_preset_d20.aig,0,0,0,,,,10880,,,,0.000,square_specific_structural_rtl,unexpected widths input=12 output=24 expected=10->20
ex272,ex272_square_dadda_square_hcla8_abc_g_aig,unsigned_square_x_times_x,dadda_square_hcla8+abc_g_aig,student/work/ex270_ex274_frontend_square_structures_20260609_1138/ex272/verilog/ex272_square_dadda_square_hcla8.v,student/work/ex270_ex274_frontend_square_structures_20260609_1138/ex272/aigs/ex272_square_dadda_square_hcla8_abc_g_aig.aig,0,0,0,,,,10880,,,,0.000,square_specific_structural_rtl,unexpected widths input=12 output=24 expected=10->20
ex272,ex272_square_dadda_square_hcla8_wreduce_abc_g_aig,unsigned_square_x_times_x,dadda_square_hcla8+wreduce_abc_g_aig,student/work/ex270_ex274_frontend_square_structures_20260609_1138/ex272/verilog/ex272_square_dadda_square_hcla8.v,student/work/ex270_ex274_frontend_square_structures_20260609_1138/ex272/aigs/ex272_square_dadda_square_hcla8_wreduce_abc_g_aig.aig,0,0,0,,,,10880,,,,0.000,square_specific_structural_rtl,unexpected widths input=12 output=24 expected=10->20
ex272,ex272_square_dadda_square_hcla8_arith_wreduce_aig,unsigned_square_x_times_x,dadda_square_hcla8+arith_wreduce_aig,student/work/ex270_ex274_frontend_square_structures_20260609_1138/ex272/verilog/ex272_square_dadda_square_hcla8.v,student/work/ex270_ex274_frontend_square_structures_20260609_1138/ex272/aigs/ex272_square_dadda_square_hcla8_arith_wreduce_aig.aig,0,0,0,,,,10880,,,,0.000,square_specific_structural_rtl,unexpected widths input=12 output=24 expected=10->20
ex272,ex272_square_dadda_square_hcla8_synth_preset_d20,unsigned_square_x_times_x,dadda_square_hcla8+synth_preset_d20,student/work/ex270_ex274_frontend_square_structures_20260609_1138/ex272/verilog/ex272_square_dadda_square_hcla8.v,student/work/ex270_ex274_frontend_square_structures_20260609_1138/ex272/aigs/ex272_square_dadda_square_hcla8_synth_preset_d20.aig,0,0,0,,,,10880,,,,0.000,square_specific_structural_rtl,unexpected widths input=12 output=24 expected=10->20
ex272,ex272_square_low_high_split_abc_g_aig,unsigned_square_x_times_x,low_high_split+abc_g_aig,student/work/ex270_ex274_frontend_square_structures_20260609_1138/ex272/verilog/ex272_square_low_high_split.v,student/work/ex270_ex274_frontend_square_structures_20260609_1138/ex272/aigs/ex272_square_low_high_split_abc_g_aig.aig,0,0,0,,,,10880,,,,0.000,square_specific_structural_rtl,unexpected widths input=12 output=24 expected=10->20
ex272,ex272_square_low_high_split_wreduce_abc_g_aig,unsigned_square_x_times_x,low_high_split+wreduce_abc_g_aig,student/work/ex270_ex274_frontend_square_structures_20260609_1138/ex272/verilog/ex272_square_low_high_split.v,student/work/ex270_ex274_frontend_square_structures_20260609_1138/ex272/aigs/ex272_square_low_high_split_wreduce_abc_g_aig.aig,0,0,0,,,,10880,,,,0.000,square_specific_structural_rtl,unexpected widths input=12 output=24 expected=10->20
ex272,ex272_square_low_high_split_arith_wreduce_aig,unsigned_square_x_times_x,low_high_split+arith_wreduce_aig,student/work/ex270_ex274_frontend_square_structures_20260609_1138/ex272/verilog/ex272_square_low_high_split.v,student/work/ex270_ex274_frontend_square_structures_20260609_1138/ex272/aigs/ex272_square_low_high_split_arith_wreduce_aig.aig,0,0,0,,,,10880,,,,0.000,square_specific_structural_rtl,unexpected widths input=12 output=24 expected=10->20
ex272,ex272_square_low_high_split_synth_preset_d20,unsigned_square_x_times_x,low_high_split+synth_preset_d20,student/work/ex270_ex274_frontend_square_structures_20260609_1138/ex272/verilog/ex272_square_low_high_split.v,student/work/ex270_ex274_frontend_square_structures_20260609_1138/ex272/aigs/ex272_square_low_high_split_synth_preset_d20.aig,0,0,0,,,,10880,,,,0.000,square_specific_structural_rtl,unexpected widths input=12 output=24 expected=10->20
ex272,ex272_square_low_high_split_hcla_abc_g_aig,unsigned_square_x_times_x,low_high_split_hcla+abc_g_aig,student/work/ex270_ex274_frontend_square_structures_20260609_1138/ex272/verilog/ex272_square_low_high_split_hcla.v,student/work/ex270_ex274_frontend_square_structures_20260609_1138/ex272/aigs/ex272_square_low_high_split_hcla_abc_g_aig.aig,0,0,0,,,,10880,,,,0.000,square_specific_structural_rtl,unexpected widths input=12 output=24 expected=10->20
ex272,ex272_square_low_high_split_hcla_wreduce_abc_g_aig,unsigned_square_x_times_x,low_high_split_hcla+wreduce_abc_g_aig,student/work/ex270_ex274_frontend_square_structures_20260609_1138/ex272/verilog/ex272_square_low_high_split_hcla.v,student/work/ex270_ex274_frontend_square_structures_20260609_1138/ex272/aigs/ex272_square_low_high_split_hcla_wreduce_abc_g_aig.aig,0,0,0,,,,10880,,,,0.000,square_specific_structural_rtl,unexpected widths input=12 output=24 expected=10->20
ex272,ex272_square_low_high_split_hcla_arith_wreduce_aig,unsigned_square_x_times_x,low_high_split_hcla+arith_wreduce_aig,student/work/ex270_ex274_frontend_square_structures_20260609_1138/ex272/verilog/ex272_square_low_high_split_hcla.v,student/work/ex270_ex274_frontend_square_structures_20260609_1138/ex272/aigs/ex272_square_low_high_split_hcla_arith_wreduce_aig.aig,0,0,0,,,,10880,,,,0.000,square_specific_structural_rtl,unexpected widths input=12 output=24 expected=10->20
ex272,ex272_square_low_high_split_hcla_synth_preset_d20,unsigned_square_x_times_x,low_high_split_hcla+synth_preset_d20,student/work/ex270_ex274_frontend_square_structures_20260609_1138/ex272/verilog/ex272_square_low_high_split_hcla.v,student/work/ex270_ex274_frontend_square_structures_20260609_1138/ex272/aigs/ex272_square_low_high_split_hcla_synth_preset_d20.aig,0,0,0,,,,10880,,,,0.000,square_specific_structural_rtl,unexpected widths input=12 output=24 expected=10->20
ex272,ex272_square_karatsuba_square_abc_g_aig,unsigned_square_x_times_x,karatsuba_square+abc_g_aig,student/work/ex270_ex274_frontend_square_structures_20260609_1138/ex272/verilog/ex272_square_karatsuba_square.v,student/work/ex270_ex274_frontend_square_structures_20260609_1138/ex272/aigs/ex272_square_karatsuba_square_abc_g_aig.aig,0,0,0,,,,10880,,,,0.000,square_specific_structural_rtl,unexpected widths input=12 output=24 expected=10->20
ex272,ex272_square_karatsuba_square_wreduce_abc_g_aig,unsigned_square_x_times_x,karatsuba_square+wreduce_abc_g_aig,student/work/ex270_ex274_frontend_square_structures_20260609_1138/ex272/verilog/ex272_square_karatsuba_square.v,student/work/ex270_ex274_frontend_square_structures_20260609_1138/ex272/aigs/ex272_square_karatsuba_square_wreduce_abc_g_aig.aig,0,0,0,,,,10880,,,,0.000,square_specific_structural_rtl,unexpected widths input=12 output=24 expected=10->20
ex272,ex272_square_karatsuba_square_arith_wreduce_aig,unsigned_square_x_times_x,karatsuba_square+arith_wreduce_aig,student/work/ex270_ex274_frontend_square_structures_20260609_1138/ex272/verilog/ex272_square_karatsuba_square.v,student/work/ex270_ex274_frontend_square_structures_20260609_1138/ex272/aigs/ex272_square_karatsuba_square_arith_wreduce_aig.aig,0,0,0,,,,10880,,,,0.000,square_specific_structural_rtl,unexpected widths input=12 output=24 expected=10->20
ex272,ex272_square_karatsuba_square_synth_preset_d20,unsigned_square_x_times_x,karatsuba_square+synth_preset_d20,student/work/ex270_ex274_frontend_square_structures_20260609_1138/ex272/verilog/ex272_square_karatsuba_square.v,student/work/ex270_ex274_frontend_square_structures_20260609_1138/ex272/aigs/ex272_square_karatsuba_square_synth_preset_d20.aig,0,0,0,,,,10880,,,,0.000,square_specific_structural_rtl,unexpected widths input=12 output=24 expected=10->20
ex272,ex272_square_low4_case_high_direct_abc_g_aig,unsigned_square_x_times_x,low4_case_high_direct+abc_g_aig,student/work/ex270_ex274_frontend_square_structures_20260609_1138/ex272/verilog/ex272_square_low4_case_high_direct.v,student/work/ex270_ex274_frontend_square_structures_20260609_1138/ex272/aigs/ex272_square_low4_case_high_direct_abc_g_aig.aig,0,0,0,,,,10880,,,,0.000,square_specific_structural_rtl,unexpected widths input=12 output=24 expected=10->20
ex272,ex272_square_low4_case_high_direct_wreduce_abc_g_aig,unsigned_square_x_times_x,low4_case_high_direct+wreduce_abc_g_aig,student/work/ex270_ex274_frontend_square_structures_20260609_1138/ex272/verilog/ex272_square_low4_case_high_direct.v,student/work/ex270_ex274_frontend_square_structures_20260609_1138/ex272/aigs/ex272_square_low4_case_high_direct_wreduce_abc_g_aig.aig,0,0,0,,,,10880,,,,0.000,square_specific_structural_rtl,unexpected widths input=12 output=24 expected=10->20
ex272,ex272_square_low4_case_high_direct_arith_wreduce_aig,unsigned_square_x_times_x,low4_case_high_direct+arith_wreduce_aig,student/work/ex270_ex274_frontend_square_structures_20260609_1138/ex272/verilog/ex272_square_low4_case_high_direct.v,student/work/ex270_ex274_frontend_square_structures_20260609_1138/ex272/aigs/ex272_square_low4_case_high_direct_arith_wreduce_aig.aig,0,0,0,,,,10880,,,,0.000,square_specific_structural_rtl,unexpected widths input=12 output=24 expected=10->20
ex272,ex272_square_low4_case_high_direct_synth_preset_d20,unsigned_square_x_times_x,low4_case_high_direct+synth_preset_d20,student/work/ex270_ex274_frontend_square_structures_20260609_1138/ex272/verilog/ex272_square_low4_case_high_direct.v,student/work/ex270_ex274_frontend_square_structures_20260609_1138/ex272/aigs/ex272_square_low4_case_high_direct_synth_preset_d20.aig,0,0,0,,,,10880,,,,0.000,square_specific_structural_rtl,unexpected widths input=12 output=24 expected=10->20
ex272,ex272_square_low5_case_high_direct_abc_g_aig,unsigned_square_x_times_x,low5_case_high_direct+abc_g_aig,student/work/ex270_ex274_frontend_square_structures_20260609_1138/ex272/verilog/ex272_square_low5_case_high_direct.v,student/work/ex270_ex274_frontend_square_structures_20260609_1138/ex272/aigs/ex272_square_low5_case_high_direct_abc_g_aig.aig,0,0,0,,,,10880,,,,0.000,square_specific_structural_rtl,unexpected widths input=12 output=24 expected=10->20
ex272,ex272_square_low5_case_high_direct_wreduce_abc_g_aig,unsigned_square_x_times_x,low5_case_high_direct+wreduce_abc_g_aig,student/work/ex270_ex274_frontend_square_structures_20260609_1138/ex272/verilog/ex272_square_low5_case_high_direct.v,student/work/ex270_ex274_frontend_square_structures_20260609_1138/ex272/aigs/ex272_square_low5_case_high_direct_wreduce_abc_g_aig.aig,0,0,0,,,,10880,,,,0.000,square_specific_structural_rtl,unexpected widths input=12 output=24 expected=10->20
ex272,ex272_square_low5_case_high_direct_arith_wreduce_aig,unsigned_square_x_times_x,low5_case_high_direct+arith_wreduce_aig,student/work/ex270_ex274_frontend_square_structures_20260609_1138/ex272/verilog/ex272_square_low5_case_high_direct.v,student/work/ex270_ex274_frontend_square_structures_20260609_1138/ex272/aigs/ex272_square_low5_case_high_direct_arith_wreduce_aig.aig,0,0,0,,,,10880,,,,0.000,square_specific_structural_rtl,unexpected widths input=12 output=24 expected=10->20
ex272,ex272_square_low5_case_high_direct_synth_preset_d20,unsigned_square_x_times_x,low5_case_high_direct+synth_preset_d20,student/work/ex270_ex274_frontend_square_structures_20260609_1138/ex272/verilog/ex272_square_low5_case_high_direct.v,student/work/ex270_ex274_frontend_square_structures_20260609_1138/ex272/aigs/ex272_square_low5_case_high_direct_synth_preset_d20.aig,0,0,0,,,,10880,,,,0.000,square_specific_structural_rtl,unexpected widths input=12 output=24 expected=10->20
ex273,ex273_square_direct_square_abc_g_aig,unsigned_square_x_times_x,direct_square+abc_g_aig,student/work/ex270_ex274_frontend_square_structures_20260609_1138/ex273/verilog/ex273_square_direct_square.v,student/work/ex270_ex274_frontend_square_structures_20260609_1138/ex273/aigs/ex273_square_direct_square_abc_g_aig.aig,0,0,0,,,,15078,,,,0.000,semantic_rtl,unexpected widths input=14 output=28 expected=11->22
ex273,ex273_square_direct_square_wreduce_abc_g_aig,unsigned_square_x_times_x,direct_square+wreduce_abc_g_aig,student/work/ex270_ex274_frontend_square_structures_20260609_1138/ex273/verilog/ex273_square_direct_square.v,student/work/ex270_ex274_frontend_square_structures_20260609_1138/ex273/aigs/ex273_square_direct_square_wreduce_abc_g_aig.aig,0,0,0,,,,15078,,,,0.000,semantic_rtl,unexpected widths input=14 output=28 expected=11->22
ex273,ex273_square_direct_square_arith_wreduce_aig,unsigned_square_x_times_x,direct_square+arith_wreduce_aig,student/work/ex270_ex274_frontend_square_structures_20260609_1138/ex273/verilog/ex273_square_direct_square.v,student/work/ex270_ex274_frontend_square_structures_20260609_1138/ex273/aigs/ex273_square_direct_square_arith_wreduce_aig.aig,0,0,0,,,,15078,,,,0.000,semantic_rtl,unexpected widths input=14 output=28 expected=11->22
ex273,ex273_square_direct_square_synth_preset_d20,unsigned_square_x_times_x,direct_square+synth_preset_d20,student/work/ex270_ex274_frontend_square_structures_20260609_1138/ex273/verilog/ex273_square_direct_square.v,student/work/ex270_ex274_frontend_square_structures_20260609_1138/ex273/aigs/ex273_square_direct_square_synth_preset_d20.aig,0,0,0,,,,15078,,,,0.000,semantic_rtl,unexpected widths input=14 output=28 expected=11->22
ex273,ex273_square_triangular_balanced_abc_g_aig,unsigned_square_x_times_x,triangular_balanced+abc_g_aig,student/work/ex270_ex274_frontend_square_structures_20260609_1138/ex273/verilog/ex273_square_triangular_balanced.v,student/work/ex270_ex274_frontend_square_structures_20260609_1138/ex273/aigs/ex273_square_triangular_balanced_abc_g_aig.aig,0,0,0,,,,15078,,,,0.000,square_specific_structural_rtl,unexpected widths input=14 output=28 expected=11->22
ex273,ex273_square_triangular_balanced_wreduce_abc_g_aig,unsigned_square_x_times_x,triangular_balanced+wreduce_abc_g_aig,student/work/ex270_ex274_frontend_square_structures_20260609_1138/ex273/verilog/ex273_square_triangular_balanced.v,student/work/ex270_ex274_frontend_square_structures_20260609_1138/ex273/aigs/ex273_square_triangular_balanced_wreduce_abc_g_aig.aig,0,0,0,,,,15078,,,,0.000,square_specific_structural_rtl,unexpected widths input=14 output=28 expected=11->22
ex273,ex273_square_triangular_balanced_arith_wreduce_aig,unsigned_square_x_times_x,triangular_balanced+arith_wreduce_aig,student/work/ex270_ex274_frontend_square_structures_20260609_1138/ex273/verilog/ex273_square_triangular_balanced.v,student/work/ex270_ex274_frontend_square_structures_20260609_1138/ex273/aigs/ex273_square_triangular_balanced_arith_wreduce_aig.aig,0,0,0,,,,15078,,,,0.000,square_specific_structural_rtl,unexpected widths input=14 output=28 expected=11->22
ex273,ex273_square_triangular_balanced_synth_preset_d20,unsigned_square_x_times_x,triangular_balanced+synth_preset_d20,student/work/ex270_ex274_frontend_square_structures_20260609_1138/ex273/verilog/ex273_square_triangular_balanced.v,student/work/ex270_ex274_frontend_square_structures_20260609_1138/ex273/aigs/ex273_square_triangular_balanced_synth_preset_d20.aig,0,0,0,,,,15078,,,,0.000,square_specific_structural_rtl,unexpected widths input=14 output=28 expected=11->22
ex273,ex273_square_triangular_rows_csa_abc_g_aig,unsigned_square_x_times_x,triangular_rows_csa+abc_g_aig,student/work/ex270_ex274_frontend_square_structures_20260609_1138/ex273/verilog/ex273_square_triangular_rows_csa.v,student/work/ex270_ex274_frontend_square_structures_20260609_1138/ex273/aigs/ex273_square_triangular_rows_csa_abc_g_aig.aig,0,0,0,,,,15078,,,,0.000,square_specific_structural_rtl,unexpected widths input=14 output=28 expected=11->22
ex273,ex273_square_triangular_rows_csa_wreduce_abc_g_aig,unsigned_square_x_times_x,triangular_rows_csa+wreduce_abc_g_aig,student/work/ex270_ex274_frontend_square_structures_20260609_1138/ex273/verilog/ex273_square_triangular_rows_csa.v,student/work/ex270_ex274_frontend_square_structures_20260609_1138/ex273/aigs/ex273_square_triangular_rows_csa_wreduce_abc_g_aig.aig,0,0,0,,,,15078,,,,0.000,square_specific_structural_rtl,unexpected widths input=14 output=28 expected=11->22
ex273,ex273_square_triangular_rows_csa_arith_wreduce_aig,unsigned_square_x_times_x,triangular_rows_csa+arith_wreduce_aig,student/work/ex270_ex274_frontend_square_structures_20260609_1138/ex273/verilog/ex273_square_triangular_rows_csa.v,student/work/ex270_ex274_frontend_square_structures_20260609_1138/ex273/aigs/ex273_square_triangular_rows_csa_arith_wreduce_aig.aig,0,0,0,,,,15078,,,,0.000,square_specific_structural_rtl,unexpected widths input=14 output=28 expected=11->22
ex273,ex273_square_triangular_rows_csa_synth_preset_d20,unsigned_square_x_times_x,triangular_rows_csa+synth_preset_d20,student/work/ex270_ex274_frontend_square_structures_20260609_1138/ex273/verilog/ex273_square_triangular_rows_csa.v,student/work/ex270_ex274_frontend_square_structures_20260609_1138/ex273/aigs/ex273_square_triangular_rows_csa_synth_preset_d20.aig,0,0,0,,,,15078,,,,0.000,square_specific_structural_rtl,unexpected widths input=14 output=28 expected=11->22
ex273,ex273_square_wallace_square_abc_g_aig,unsigned_square_x_times_x,wallace_square+abc_g_aig,student/work/ex270_ex274_frontend_square_structures_20260609_1138/ex273/verilog/ex273_square_wallace_square.v,student/work/ex270_ex274_frontend_square_structures_20260609_1138/ex273/aigs/ex273_square_wallace_square_abc_g_aig.aig,0,0,0,,,,15078,,,,0.000,square_specific_structural_rtl,unexpected widths input=14 output=28 expected=11->22
ex273,ex273_square_wallace_square_wreduce_abc_g_aig,unsigned_square_x_times_x,wallace_square+wreduce_abc_g_aig,student/work/ex270_ex274_frontend_square_structures_20260609_1138/ex273/verilog/ex273_square_wallace_square.v,student/work/ex270_ex274_frontend_square_structures_20260609_1138/ex273/aigs/ex273_square_wallace_square_wreduce_abc_g_aig.aig,0,0,0,,,,15078,,,,0.000,square_specific_structural_rtl,unexpected widths input=14 output=28 expected=11->22
ex273,ex273_square_wallace_square_arith_wreduce_aig,unsigned_square_x_times_x,wallace_square+arith_wreduce_aig,student/work/ex270_ex274_frontend_square_structures_20260609_1138/ex273/verilog/ex273_square_wallace_square.v,student/work/ex270_ex274_frontend_square_structures_20260609_1138/ex273/aigs/ex273_square_wallace_square_arith_wreduce_aig.aig,0,0,0,,,,15078,,,,0.000,square_specific_structural_rtl,unexpected widths input=14 output=28 expected=11->22
ex273,ex273_square_wallace_square_synth_preset_d20,unsigned_square_x_times_x,wallace_square+synth_preset_d20,student/work/ex270_ex274_frontend_square_structures_20260609_1138/ex273/verilog/ex273_square_wallace_square.v,student/work/ex270_ex274_frontend_square_structures_20260609_1138/ex273/aigs/ex273_square_wallace_square_synth_preset_d20.aig,0,0,0,,,,15078,,,,0.000,square_specific_structural_rtl,unexpected widths input=14 output=28 expected=11->22
ex273,ex273_square_wallace_square_rev_abc_g_aig,unsigned_square_x_times_x,wallace_square_rev+abc_g_aig,student/work/ex270_ex274_frontend_square_structures_20260609_1138/ex273/verilog/ex273_square_wallace_square_rev.v,student/work/ex270_ex274_frontend_square_structures_20260609_1138/ex273/aigs/ex273_square_wallace_square_rev_abc_g_aig.aig,0,0,0,,,,15078,,,,0.000,square_specific_structural_rtl,unexpected widths input=14 output=28 expected=11->22
ex273,ex273_square_wallace_square_rev_wreduce_abc_g_aig,unsigned_square_x_times_x,wallace_square_rev+wreduce_abc_g_aig,student/work/ex270_ex274_frontend_square_structures_20260609_1138/ex273/verilog/ex273_square_wallace_square_rev.v,student/work/ex270_ex274_frontend_square_structures_20260609_1138/ex273/aigs/ex273_square_wallace_square_rev_wreduce_abc_g_aig.aig,0,0,0,,,,15078,,,,0.000,square_specific_structural_rtl,unexpected widths input=14 output=28 expected=11->22
ex273,ex273_square_wallace_square_rev_arith_wreduce_aig,unsigned_square_x_times_x,wallace_square_rev+arith_wreduce_aig,student/work/ex270_ex274_frontend_square_structures_20260609_1138/ex273/verilog/ex273_square_wallace_square_rev.v,student/work/ex270_ex274_frontend_square_structures_20260609_1138/ex273/aigs/ex273_square_wallace_square_rev_arith_wreduce_aig.aig,0,0,0,,,,15078,,,,0.000,square_specific_structural_rtl,unexpected widths input=14 output=28 expected=11->22
ex273,ex273_square_wallace_square_rev_synth_preset_d20,unsigned_square_x_times_x,wallace_square_rev+synth_preset_d20,student/work/ex270_ex274_frontend_square_structures_20260609_1138/ex273/verilog/ex273_square_wallace_square_rev.v,student/work/ex270_ex274_frontend_square_structures_20260609_1138/ex273/aigs/ex273_square_wallace_square_rev_synth_preset_d20.aig,0,0,0,,,,15078,,,,0.000,square_specific_structural_rtl,unexpected widths input=14 output=28 expected=11->22
ex273,ex273_square_wallace_square_outside_abc_g_aig,unsigned_square_x_times_x,wallace_square_outside+abc_g_aig,student/work/ex270_ex274_frontend_square_structures_20260609_1138/ex273/verilog/ex273_square_wallace_square_outside.v,student/work/ex270_ex274_frontend_square_structures_20260609_1138/ex273/aigs/ex273_square_wallace_square_outside_abc_g_aig.aig,0,0,0,,,,15078,,,,0.000,square_specific_structural_rtl,unexpected widths input=14 output=28 expected=11->22
ex273,ex273_square_wallace_square_outside_wreduce_abc_g_aig,unsigned_square_x_times_x,wallace_square_outside+wreduce_abc_g_aig,student/work/ex270_ex274_frontend_square_structures_20260609_1138/ex273/verilog/ex273_square_wallace_square_outside.v,student/work/ex270_ex274_frontend_square_structures_20260609_1138/ex273/aigs/ex273_square_wallace_square_outside_wreduce_abc_g_aig.aig,0,0,0,,,,15078,,,,0.000,square_specific_structural_rtl,unexpected widths input=14 output=28 expected=11->22
ex273,ex273_square_wallace_square_outside_arith_wreduce_aig,unsigned_square_x_times_x,wallace_square_outside+arith_wreduce_aig,student/work/ex270_ex274_frontend_square_structures_20260609_1138/ex273/verilog/ex273_square_wallace_square_outside.v,student/work/ex270_ex274_frontend_square_structures_20260609_1138/ex273/aigs/ex273_square_wallace_square_outside_arith_wreduce_aig.aig,0,0,0,,,,15078,,,,0.000,square_specific_structural_rtl,unexpected widths input=14 output=28 expected=11->22
ex273,ex273_square_wallace_square_outside_synth_preset_d20,unsigned_square_x_times_x,wallace_square_outside+synth_preset_d20,student/work/ex270_ex274_frontend_square_structures_20260609_1138/ex273/verilog/ex273_square_wallace_square_outside.v,student/work/ex270_ex274_frontend_square_structures_20260609_1138/ex273/aigs/ex273_square_wallace_square_outside_synth_preset_d20.aig,0,0,0,,,,15078,,,,0.000,square_specific_structural_rtl,unexpected widths input=14 output=28 expected=11->22
ex273,ex273_square_wallace_square_hcla2_abc_g_aig,unsigned_square_x_times_x,wallace_square_hcla2+abc_g_aig,student/work/ex270_ex274_frontend_square_structures_20260609_1138/ex273/verilog/ex273_square_wallace_square_hcla2.v,student/work/ex270_ex274_frontend_square_structures_20260609_1138/ex273/aigs/ex273_square_wallace_square_hcla2_abc_g_aig.aig,0,0,0,,,,15078,,,,0.000,square_specific_structural_rtl,unexpected widths input=14 output=28 expected=11->22
ex273,ex273_square_wallace_square_hcla2_wreduce_abc_g_aig,unsigned_square_x_times_x,wallace_square_hcla2+wreduce_abc_g_aig,student/work/ex270_ex274_frontend_square_structures_20260609_1138/ex273/verilog/ex273_square_wallace_square_hcla2.v,student/work/ex270_ex274_frontend_square_structures_20260609_1138/ex273/aigs/ex273_square_wallace_square_hcla2_wreduce_abc_g_aig.aig,0,0,0,,,,15078,,,,0.000,square_specific_structural_rtl,unexpected widths input=14 output=28 expected=11->22
ex273,ex273_square_wallace_square_hcla2_arith_wreduce_aig,unsigned_square_x_times_x,wallace_square_hcla2+arith_wreduce_aig,student/work/ex270_ex274_frontend_square_structures_20260609_1138/ex273/verilog/ex273_square_wallace_square_hcla2.v,student/work/ex270_ex274_frontend_square_structures_20260609_1138/ex273/aigs/ex273_square_wallace_square_hcla2_arith_wreduce_aig.aig,0,0,0,,,,15078,,,,0.000,square_specific_structural_rtl,unexpected widths input=14 output=28 expected=11->22
ex273,ex273_square_wallace_square_hcla2_synth_preset_d20,unsigned_square_x_times_x,wallace_square_hcla2+synth_preset_d20,student/work/ex270_ex274_frontend_square_structures_20260609_1138/ex273/verilog/ex273_square_wallace_square_hcla2.v,student/work/ex270_ex274_frontend_square_structures_20260609_1138/ex273/aigs/ex273_square_wallace_square_hcla2_synth_preset_d20.aig,0,0,0,,,,15078,,,,0.000,square_specific_structural_rtl,unexpected widths input=14 output=28 expected=11->22
ex273,ex273_square_wallace_square_hcla4_abc_g_aig,unsigned_square_x_times_x,wallace_square_hcla4+abc_g_aig,student/work/ex270_ex274_frontend_square_structures_20260609_1138/ex273/verilog/ex273_square_wallace_square_hcla4.v,student/work/ex270_ex274_frontend_square_structures_20260609_1138/ex273/aigs/ex273_square_wallace_square_hcla4_abc_g_aig.aig,0,0,0,,,,15078,,,,0.000,square_specific_structural_rtl,unexpected widths input=14 output=28 expected=11->22
ex273,ex273_square_wallace_square_hcla4_wreduce_abc_g_aig,unsigned_square_x_times_x,wallace_square_hcla4+wreduce_abc_g_aig,student/work/ex270_ex274_frontend_square_structures_20260609_1138/ex273/verilog/ex273_square_wallace_square_hcla4.v,student/work/ex270_ex274_frontend_square_structures_20260609_1138/ex273/aigs/ex273_square_wallace_square_hcla4_wreduce_abc_g_aig.aig,0,0,0,,,,15078,,,,0.000,square_specific_structural_rtl,unexpected widths input=14 output=28 expected=11->22
ex273,ex273_square_wallace_square_hcla4_arith_wreduce_aig,unsigned_square_x_times_x,wallace_square_hcla4+arith_wreduce_aig,student/work/ex270_ex274_frontend_square_structures_20260609_1138/ex273/verilog/ex273_square_wallace_square_hcla4.v,student/work/ex270_ex274_frontend_square_structures_20260609_1138/ex273/aigs/ex273_square_wallace_square_hcla4_arith_wreduce_aig.aig,0,0,0,,,,15078,,,,0.000,square_specific_structural_rtl,unexpected widths input=14 output=28 expected=11->22
ex273,ex273_square_wallace_square_hcla4_synth_preset_d20,unsigned_square_x_times_x,wallace_square_hcla4+synth_preset_d20,student/work/ex270_ex274_frontend_square_structures_20260609_1138/ex273/verilog/ex273_square_wallace_square_hcla4.v,student/work/ex270_ex274_frontend_square_structures_20260609_1138/ex273/aigs/ex273_square_wallace_square_hcla4_synth_preset_d20.aig,0,0,0,,,,15078,,,,0.000,square_specific_structural_rtl,unexpected widths input=14 output=28 expected=11->22
ex273,ex273_square_wallace_square_hcla6_abc_g_aig,unsigned_square_x_times_x,wallace_square_hcla6+abc_g_aig,student/work/ex270_ex274_frontend_square_structures_20260609_1138/ex273/verilog/ex273_square_wallace_square_hcla6.v,student/work/ex270_ex274_frontend_square_structures_20260609_1138/ex273/aigs/ex273_square_wallace_square_hcla6_abc_g_aig.aig,0,0,0,,,,15078,,,,0.000,square_specific_structural_rtl,unexpected widths input=14 output=28 expected=11->22
ex273,ex273_square_wallace_square_hcla6_wreduce_abc_g_aig,unsigned_square_x_times_x,wallace_square_hcla6+wreduce_abc_g_aig,student/work/ex270_ex274_frontend_square_structures_20260609_1138/ex273/verilog/ex273_square_wallace_square_hcla6.v,student/work/ex270_ex274_frontend_square_structures_20260609_1138/ex273/aigs/ex273_square_wallace_square_hcla6_wreduce_abc_g_aig.aig,0,0,0,,,,15078,,,,0.000,square_specific_structural_rtl,unexpected widths input=14 output=28 expected=11->22
ex273,ex273_square_wallace_square_hcla6_arith_wreduce_aig,unsigned_square_x_times_x,wallace_square_hcla6+arith_wreduce_aig,student/work/ex270_ex274_frontend_square_structures_20260609_1138/ex273/verilog/ex273_square_wallace_square_hcla6.v,student/work/ex270_ex274_frontend_square_structures_20260609_1138/ex273/aigs/ex273_square_wallace_square_hcla6_arith_wreduce_aig.aig,0,0,0,,,,15078,,,,0.000,square_specific_structural_rtl,unexpected widths input=14 output=28 expected=11->22
ex273,ex273_square_wallace_square_hcla6_synth_preset_d20,unsigned_square_x_times_x,wallace_square_hcla6+synth_preset_d20,student/work/ex270_ex274_frontend_square_structures_20260609_1138/ex273/verilog/ex273_square_wallace_square_hcla6.v,student/work/ex270_ex274_frontend_square_structures_20260609_1138/ex273/aigs/ex273_square_wallace_square_hcla6_synth_preset_d20.aig,0,0,0,,,,15078,,,,0.000,square_specific_structural_rtl,unexpected widths input=14 output=28 expected=11->22
ex273,ex273_square_wallace_square_hcla8_abc_g_aig,unsigned_square_x_times_x,wallace_square_hcla8+abc_g_aig,student/work/ex270_ex274_frontend_square_structures_20260609_1138/ex273/verilog/ex273_square_wallace_square_hcla8.v,student/work/ex270_ex274_frontend_square_structures_20260609_1138/ex273/aigs/ex273_square_wallace_square_hcla8_abc_g_aig.aig,0,0,0,,,,15078,,,,0.000,square_specific_structural_rtl,unexpected widths input=14 output=28 expected=11->22
ex273,ex273_square_wallace_square_hcla8_wreduce_abc_g_aig,unsigned_square_x_times_x,wallace_square_hcla8+wreduce_abc_g_aig,student/work/ex270_ex274_frontend_square_structures_20260609_1138/ex273/verilog/ex273_square_wallace_square_hcla8.v,student/work/ex270_ex274_frontend_square_structures_20260609_1138/ex273/aigs/ex273_square_wallace_square_hcla8_wreduce_abc_g_aig.aig,0,0,0,,,,15078,,,,0.000,square_specific_structural_rtl,unexpected widths input=14 output=28 expected=11->22
ex273,ex273_square_wallace_square_hcla8_arith_wreduce_aig,unsigned_square_x_times_x,wallace_square_hcla8+arith_wreduce_aig,student/work/ex270_ex274_frontend_square_structures_20260609_1138/ex273/verilog/ex273_square_wallace_square_hcla8.v,student/work/ex270_ex274_frontend_square_structures_20260609_1138/ex273/aigs/ex273_square_wallace_square_hcla8_arith_wreduce_aig.aig,0,0,0,,,,15078,,,,0.000,square_specific_structural_rtl,unexpected widths input=14 output=28 expected=11->22
ex273,ex273_square_wallace_square_hcla8_synth_preset_d20,unsigned_square_x_times_x,wallace_square_hcla8+synth_preset_d20,student/work/ex270_ex274_frontend_square_structures_20260609_1138/ex273/verilog/ex273_square_wallace_square_hcla8.v,student/work/ex270_ex274_frontend_square_structures_20260609_1138/ex273/aigs/ex273_square_wallace_square_hcla8_synth_preset_d20.aig,0,0,0,,,,15078,,,,0.000,square_specific_structural_rtl,unexpected widths input=14 output=28 expected=11->22
ex273,ex273_square_wallace_square_rev_hcla4_abc_g_aig,unsigned_square_x_times_x,wallace_square_rev_hcla4+abc_g_aig,student/work/ex270_ex274_frontend_square_structures_20260609_1138/ex273/verilog/ex273_square_wallace_square_rev_hcla4.v,student/work/ex270_ex274_frontend_square_structures_20260609_1138/ex273/aigs/ex273_square_wallace_square_rev_hcla4_abc_g_aig.aig,0,0,0,,,,15078,,,,0.000,square_specific_structural_rtl,unexpected widths input=14 output=28 expected=11->22
ex273,ex273_square_wallace_square_rev_hcla4_wreduce_abc_g_aig,unsigned_square_x_times_x,wallace_square_rev_hcla4+wreduce_abc_g_aig,student/work/ex270_ex274_frontend_square_structures_20260609_1138/ex273/verilog/ex273_square_wallace_square_rev_hcla4.v,student/work/ex270_ex274_frontend_square_structures_20260609_1138/ex273/aigs/ex273_square_wallace_square_rev_hcla4_wreduce_abc_g_aig.aig,0,0,0,,,,15078,,,,0.000,square_specific_structural_rtl,unexpected widths input=14 output=28 expected=11->22
ex273,ex273_square_wallace_square_rev_hcla4_arith_wreduce_aig,unsigned_square_x_times_x,wallace_square_rev_hcla4+arith_wreduce_aig,student/work/ex270_ex274_frontend_square_structures_20260609_1138/ex273/verilog/ex273_square_wallace_square_rev_hcla4.v,student/work/ex270_ex274_frontend_square_structures_20260609_1138/ex273/aigs/ex273_square_wallace_square_rev_hcla4_arith_wreduce_aig.aig,0,0,0,,,,15078,,,,0.000,square_specific_structural_rtl,unexpected widths input=14 output=28 expected=11->22
ex273,ex273_square_wallace_square_rev_hcla4_synth_preset_d20,unsigned_square_x_times_x,wallace_square_rev_hcla4+synth_preset_d20,student/work/ex270_ex274_frontend_square_structures_20260609_1138/ex273/verilog/ex273_square_wallace_square_rev_hcla4.v,student/work/ex270_ex274_frontend_square_structures_20260609_1138/ex273/aigs/ex273_square_wallace_square_rev_hcla4_synth_preset_d20.aig,0,0,0,,,,15078,,,,0.000,square_specific_structural_rtl,unexpected widths input=14 output=28 expected=11->22
ex273,ex273_square_wallace_square_rev_hcla6_abc_g_aig,unsigned_square_x_times_x,wallace_square_rev_hcla6+abc_g_aig,student/work/ex270_ex274_frontend_square_structures_20260609_1138/ex273/verilog/ex273_square_wallace_square_rev_hcla6.v,student/work/ex270_ex274_frontend_square_structures_20260609_1138/ex273/aigs/ex273_square_wallace_square_rev_hcla6_abc_g_aig.aig,0,0,0,,,,15078,,,,0.000,square_specific_structural_rtl,unexpected widths input=14 output=28 expected=11->22
ex273,ex273_square_wallace_square_rev_hcla6_wreduce_abc_g_aig,unsigned_square_x_times_x,wallace_square_rev_hcla6+wreduce_abc_g_aig,student/work/ex270_ex274_frontend_square_structures_20260609_1138/ex273/verilog/ex273_square_wallace_square_rev_hcla6.v,student/work/ex270_ex274_frontend_square_structures_20260609_1138/ex273/aigs/ex273_square_wallace_square_rev_hcla6_wreduce_abc_g_aig.aig,0,0,0,,,,15078,,,,0.000,square_specific_structural_rtl,unexpected widths input=14 output=28 expected=11->22
ex273,ex273_square_wallace_square_rev_hcla6_arith_wreduce_aig,unsigned_square_x_times_x,wallace_square_rev_hcla6+arith_wreduce_aig,student/work/ex270_ex274_frontend_square_structures_20260609_1138/ex273/verilog/ex273_square_wallace_square_rev_hcla6.v,student/work/ex270_ex274_frontend_square_structures_20260609_1138/ex273/aigs/ex273_square_wallace_square_rev_hcla6_arith_wreduce_aig.aig,0,0,0,,,,15078,,,,0.000,square_specific_structural_rtl,unexpected widths input=14 output=28 expected=11->22
ex273,ex273_square_wallace_square_rev_hcla6_synth_preset_d20,unsigned_square_x_times_x,wallace_square_rev_hcla6+synth_preset_d20,student/work/ex270_ex274_frontend_square_structures_20260609_1138/ex273/verilog/ex273_square_wallace_square_rev_hcla6.v,student/work/ex270_ex274_frontend_square_structures_20260609_1138/ex273/aigs/ex273_square_wallace_square_rev_hcla6_synth_preset_d20.aig,0,0,0,,,,15078,,,,0.000,square_specific_structural_rtl,unexpected widths input=14 output=28 expected=11->22
ex273,ex273_square_wallace_square_outside_hcla4_abc_g_aig,unsigned_square_x_times_x,wallace_square_outside_hcla4+abc_g_aig,student/work/ex270_ex274_frontend_square_structures_20260609_1138/ex273/verilog/ex273_square_wallace_square_outside_hcla4.v,student/work/ex270_ex274_frontend_square_structures_20260609_1138/ex273/aigs/ex273_square_wallace_square_outside_hcla4_abc_g_aig.aig,0,0,0,,,,15078,,,,0.000,square_specific_structural_rtl,unexpected widths input=14 output=28 expected=11->22
ex273,ex273_square_wallace_square_outside_hcla4_wreduce_abc_g_aig,unsigned_square_x_times_x,wallace_square_outside_hcla4+wreduce_abc_g_aig,student/work/ex270_ex274_frontend_square_structures_20260609_1138/ex273/verilog/ex273_square_wallace_square_outside_hcla4.v,student/work/ex270_ex274_frontend_square_structures_20260609_1138/ex273/aigs/ex273_square_wallace_square_outside_hcla4_wreduce_abc_g_aig.aig,0,0,0,,,,15078,,,,0.000,square_specific_structural_rtl,unexpected widths input=14 output=28 expected=11->22
ex273,ex273_square_wallace_square_outside_hcla4_arith_wreduce_aig,unsigned_square_x_times_x,wallace_square_outside_hcla4+arith_wreduce_aig,student/work/ex270_ex274_frontend_square_structures_20260609_1138/ex273/verilog/ex273_square_wallace_square_outside_hcla4.v,student/work/ex270_ex274_frontend_square_structures_20260609_1138/ex273/aigs/ex273_square_wallace_square_outside_hcla4_arith_wreduce_aig.aig,0,0,0,,,,15078,,,,0.000,square_specific_structural_rtl,unexpected widths input=14 output=28 expected=11->22
ex273,ex273_square_wallace_square_outside_hcla4_synth_preset_d20,unsigned_square_x_times_x,wallace_square_outside_hcla4+synth_preset_d20,student/work/ex270_ex274_frontend_square_structures_20260609_1138/ex273/verilog/ex273_square_wallace_square_outside_hcla4.v,student/work/ex270_ex274_frontend_square_structures_20260609_1138/ex273/aigs/ex273_square_wallace_square_outside_hcla4_synth_preset_d20.aig,0,0,0,,,,15078,,,,0.000,square_specific_structural_rtl,unexpected widths input=14 output=28 expected=11->22
ex273,ex273_square_wallace_square_outside_hcla6_abc_g_aig,unsigned_square_x_times_x,wallace_square_outside_hcla6+abc_g_aig,student/work/ex270_ex274_frontend_square_structures_20260609_1138/ex273/verilog/ex273_square_wallace_square_outside_hcla6.v,student/work/ex270_ex274_frontend_square_structures_20260609_1138/ex273/aigs/ex273_square_wallace_square_outside_hcla6_abc_g_aig.aig,0,0,0,,,,15078,,,,0.000,square_specific_structural_rtl,unexpected widths input=14 output=28 expected=11->22
ex273,ex273_square_wallace_square_outside_hcla6_wreduce_abc_g_aig,unsigned_square_x_times_x,wallace_square_outside_hcla6+wreduce_abc_g_aig,student/work/ex270_ex274_frontend_square_structures_20260609_1138/ex273/verilog/ex273_square_wallace_square_outside_hcla6.v,student/work/ex270_ex274_frontend_square_structures_20260609_1138/ex273/aigs/ex273_square_wallace_square_outside_hcla6_wreduce_abc_g_aig.aig,0,0,0,,,,15078,,,,0.000,square_specific_structural_rtl,unexpected widths input=14 output=28 expected=11->22
ex273,ex273_square_wallace_square_outside_hcla6_arith_wreduce_aig,unsigned_square_x_times_x,wallace_square_outside_hcla6+arith_wreduce_aig,student/work/ex270_ex274_frontend_square_structures_20260609_1138/ex273/verilog/ex273_square_wallace_square_outside_hcla6.v,student/work/ex270_ex274_frontend_square_structures_20260609_1138/ex273/aigs/ex273_square_wallace_square_outside_hcla6_arith_wreduce_aig.aig,0,0,0,,,,15078,,,,0.000,square_specific_structural_rtl,unexpected widths input=14 output=28 expected=11->22
ex273,ex273_square_wallace_square_outside_hcla6_synth_preset_d20,unsigned_square_x_times_x,wallace_square_outside_hcla6+synth_preset_d20,student/work/ex270_ex274_frontend_square_structures_20260609_1138/ex273/verilog/ex273_square_wallace_square_outside_hcla6.v,student/work/ex270_ex274_frontend_square_structures_20260609_1138/ex273/aigs/ex273_square_wallace_square_outside_hcla6_synth_preset_d20.aig,0,0,0,,,,15078,,,,0.000,square_specific_structural_rtl,unexpected widths input=14 output=28 expected=11->22
ex273,ex273_square_dadda_square_abc_g_aig,unsigned_square_x_times_x,dadda_square+abc_g_aig,student/work/ex270_ex274_frontend_square_structures_20260609_1138/ex273/verilog/ex273_square_dadda_square.v,student/work/ex270_ex274_frontend_square_structures_20260609_1138/ex273/aigs/ex273_square_dadda_square_abc_g_aig.aig,0,0,0,,,,15078,,,,0.000,square_specific_structural_rtl,unexpected widths input=14 output=28 expected=11->22
ex273,ex273_square_dadda_square_wreduce_abc_g_aig,unsigned_square_x_times_x,dadda_square+wreduce_abc_g_aig,student/work/ex270_ex274_frontend_square_structures_20260609_1138/ex273/verilog/ex273_square_dadda_square.v,student/work/ex270_ex274_frontend_square_structures_20260609_1138/ex273/aigs/ex273_square_dadda_square_wreduce_abc_g_aig.aig,0,0,0,,,,15078,,,,0.000,square_specific_structural_rtl,unexpected widths input=14 output=28 expected=11->22
ex273,ex273_square_dadda_square_arith_wreduce_aig,unsigned_square_x_times_x,dadda_square+arith_wreduce_aig,student/work/ex270_ex274_frontend_square_structures_20260609_1138/ex273/verilog/ex273_square_dadda_square.v,student/work/ex270_ex274_frontend_square_structures_20260609_1138/ex273/aigs/ex273_square_dadda_square_arith_wreduce_aig.aig,0,0,0,,,,15078,,,,0.000,square_specific_structural_rtl,unexpected widths input=14 output=28 expected=11->22
ex273,ex273_square_dadda_square_synth_preset_d20,unsigned_square_x_times_x,dadda_square+synth_preset_d20,student/work/ex270_ex274_frontend_square_structures_20260609_1138/ex273/verilog/ex273_square_dadda_square.v,student/work/ex270_ex274_frontend_square_structures_20260609_1138/ex273/aigs/ex273_square_dadda_square_synth_preset_d20.aig,0,0,0,,,,15078,,,,0.000,square_specific_structural_rtl,unexpected widths input=14 output=28 expected=11->22
ex273,ex273_square_dadda_square_hcla4_abc_g_aig,unsigned_square_x_times_x,dadda_square_hcla4+abc_g_aig,student/work/ex270_ex274_frontend_square_structures_20260609_1138/ex273/verilog/ex273_square_dadda_square_hcla4.v,student/work/ex270_ex274_frontend_square_structures_20260609_1138/ex273/aigs/ex273_square_dadda_square_hcla4_abc_g_aig.aig,0,0,0,,,,15078,,,,0.000,square_specific_structural_rtl,unexpected widths input=14 output=28 expected=11->22
ex273,ex273_square_dadda_square_hcla4_wreduce_abc_g_aig,unsigned_square_x_times_x,dadda_square_hcla4+wreduce_abc_g_aig,student/work/ex270_ex274_frontend_square_structures_20260609_1138/ex273/verilog/ex273_square_dadda_square_hcla4.v,student/work/ex270_ex274_frontend_square_structures_20260609_1138/ex273/aigs/ex273_square_dadda_square_hcla4_wreduce_abc_g_aig.aig,0,0,0,,,,15078,,,,0.000,square_specific_structural_rtl,unexpected widths input=14 output=28 expected=11->22
ex273,ex273_square_dadda_square_hcla4_arith_wreduce_aig,unsigned_square_x_times_x,dadda_square_hcla4+arith_wreduce_aig,student/work/ex270_ex274_frontend_square_structures_20260609_1138/ex273/verilog/ex273_square_dadda_square_hcla4.v,student/work/ex270_ex274_frontend_square_structures_20260609_1138/ex273/aigs/ex273_square_dadda_square_hcla4_arith_wreduce_aig.aig,0,0,0,,,,15078,,,,0.000,square_specific_structural_rtl,unexpected widths input=14 output=28 expected=11->22
ex273,ex273_square_dadda_square_hcla4_synth_preset_d20,unsigned_square_x_times_x,dadda_square_hcla4+synth_preset_d20,student/work/ex270_ex274_frontend_square_structures_20260609_1138/ex273/verilog/ex273_square_dadda_square_hcla4.v,student/work/ex270_ex274_frontend_square_structures_20260609_1138/ex273/aigs/ex273_square_dadda_square_hcla4_synth_preset_d20.aig,0,0,0,,,,15078,,,,0.000,square_specific_structural_rtl,unexpected widths input=14 output=28 expected=11->22
ex273,ex273_square_dadda_square_hcla6_abc_g_aig,unsigned_square_x_times_x,dadda_square_hcla6+abc_g_aig,student/work/ex270_ex274_frontend_square_structures_20260609_1138/ex273/verilog/ex273_square_dadda_square_hcla6.v,student/work/ex270_ex274_frontend_square_structures_20260609_1138/ex273/aigs/ex273_square_dadda_square_hcla6_abc_g_aig.aig,0,0,0,,,,15078,,,,0.000,square_specific_structural_rtl,unexpected widths input=14 output=28 expected=11->22
ex273,ex273_square_dadda_square_hcla6_wreduce_abc_g_aig,unsigned_square_x_times_x,dadda_square_hcla6+wreduce_abc_g_aig,student/work/ex270_ex274_frontend_square_structures_20260609_1138/ex273/verilog/ex273_square_dadda_square_hcla6.v,student/work/ex270_ex274_frontend_square_structures_20260609_1138/ex273/aigs/ex273_square_dadda_square_hcla6_wreduce_abc_g_aig.aig,0,0,0,,,,15078,,,,0.000,square_specific_structural_rtl,unexpected widths input=14 output=28 expected=11->22
ex273,ex273_square_dadda_square_hcla6_arith_wreduce_aig,unsigned_square_x_times_x,dadda_square_hcla6+arith_wreduce_aig,student/work/ex270_ex274_frontend_square_structures_20260609_1138/ex273/verilog/ex273_square_dadda_square_hcla6.v,student/work/ex270_ex274_frontend_square_structures_20260609_1138/ex273/aigs/ex273_square_dadda_square_hcla6_arith_wreduce_aig.aig,0,0,0,,,,15078,,,,0.000,square_specific_structural_rtl,unexpected widths input=14 output=28 expected=11->22
ex273,ex273_square_dadda_square_hcla6_synth_preset_d20,unsigned_square_x_times_x,dadda_square_hcla6+synth_preset_d20,student/work/ex270_ex274_frontend_square_structures_20260609_1138/ex273/verilog/ex273_square_dadda_square_hcla6.v,student/work/ex270_ex274_frontend_square_structures_20260609_1138/ex273/aigs/ex273_square_dadda_square_hcla6_synth_preset_d20.aig,0,0,0,,,,15078,,,,0.000,square_specific_structural_rtl,unexpected widths input=14 output=28 expected=11->22
ex273,ex273_square_dadda_square_hcla8_abc_g_aig,unsigned_square_x_times_x,dadda_square_hcla8+abc_g_aig,student/work/ex270_ex274_frontend_square_structures_20260609_1138/ex273/verilog/ex273_square_dadda_square_hcla8.v,student/work/ex270_ex274_frontend_square_structures_20260609_1138/ex273/aigs/ex273_square_dadda_square_hcla8_abc_g_aig.aig,0,0,0,,,,15078,,,,0.000,square_specific_structural_rtl,unexpected widths input=14 output=28 expected=11->22
ex273,ex273_square_dadda_square_hcla8_wreduce_abc_g_aig,unsigned_square_x_times_x,dadda_square_hcla8+wreduce_abc_g_aig,student/work/ex270_ex274_frontend_square_structures_20260609_1138/ex273/verilog/ex273_square_dadda_square_hcla8.v,student/work/ex270_ex274_frontend_square_structures_20260609_1138/ex273/aigs/ex273_square_dadda_square_hcla8_wreduce_abc_g_aig.aig,0,0,0,,,,15078,,,,0.000,square_specific_structural_rtl,unexpected widths input=14 output=28 expected=11->22
ex273,ex273_square_dadda_square_hcla8_arith_wreduce_aig,unsigned_square_x_times_x,dadda_square_hcla8+arith_wreduce_aig,student/work/ex270_ex274_frontend_square_structures_20260609_1138/ex273/verilog/ex273_square_dadda_square_hcla8.v,student/work/ex270_ex274_frontend_square_structures_20260609_1138/ex273/aigs/ex273_square_dadda_square_hcla8_arith_wreduce_aig.aig,0,0,0,,,,15078,,,,0.000,square_specific_structural_rtl,unexpected widths input=14 output=28 expected=11->22
ex273,ex273_square_dadda_square_hcla8_synth_preset_d20,unsigned_square_x_times_x,dadda_square_hcla8+synth_preset_d20,student/work/ex270_ex274_frontend_square_structures_20260609_1138/ex273/verilog/ex273_square_dadda_square_hcla8.v,student/work/ex270_ex274_frontend_square_structures_20260609_1138/ex273/aigs/ex273_square_dadda_square_hcla8_synth_preset_d20.aig,0,0,0,,,,15078,,,,0.000,square_specific_structural_rtl,unexpected widths input=14 output=28 expected=11->22
ex273,ex273_square_low_high_split_abc_g_aig,unsigned_square_x_times_x,low_high_split+abc_g_aig,student/work/ex270_ex274_frontend_square_structures_20260609_1138/ex273/verilog/ex273_square_low_high_split.v,student/work/ex270_ex274_frontend_square_structures_20260609_1138/ex273/aigs/ex273_square_low_high_split_abc_g_aig.aig,0,0,0,,,,15078,,,,0.000,square_specific_structural_rtl,unexpected widths input=14 output=28 expected=11->22
ex273,ex273_square_low_high_split_wreduce_abc_g_aig,unsigned_square_x_times_x,low_high_split+wreduce_abc_g_aig,student/work/ex270_ex274_frontend_square_structures_20260609_1138/ex273/verilog/ex273_square_low_high_split.v,student/work/ex270_ex274_frontend_square_structures_20260609_1138/ex273/aigs/ex273_square_low_high_split_wreduce_abc_g_aig.aig,0,0,0,,,,15078,,,,0.000,square_specific_structural_rtl,unexpected widths input=14 output=28 expected=11->22
ex273,ex273_square_low_high_split_arith_wreduce_aig,unsigned_square_x_times_x,low_high_split+arith_wreduce_aig,student/work/ex270_ex274_frontend_square_structures_20260609_1138/ex273/verilog/ex273_square_low_high_split.v,student/work/ex270_ex274_frontend_square_structures_20260609_1138/ex273/aigs/ex273_square_low_high_split_arith_wreduce_aig.aig,0,0,0,,,,15078,,,,0.000,square_specific_structural_rtl,unexpected widths input=14 output=28 expected=11->22
ex273,ex273_square_low_high_split_synth_preset_d20,unsigned_square_x_times_x,low_high_split+synth_preset_d20,student/work/ex270_ex274_frontend_square_structures_20260609_1138/ex273/verilog/ex273_square_low_high_split.v,student/work/ex270_ex274_frontend_square_structures_20260609_1138/ex273/aigs/ex273_square_low_high_split_synth_preset_d20.aig,0,0,0,,,,15078,,,,0.000,square_specific_structural_rtl,unexpected widths input=14 output=28 expected=11->22
ex273,ex273_square_low_high_split_hcla_abc_g_aig,unsigned_square_x_times_x,low_high_split_hcla+abc_g_aig,student/work/ex270_ex274_frontend_square_structures_20260609_1138/ex273/verilog/ex273_square_low_high_split_hcla.v,student/work/ex270_ex274_frontend_square_structures_20260609_1138/ex273/aigs/ex273_square_low_high_split_hcla_abc_g_aig.aig,0,0,0,,,,15078,,,,0.000,square_specific_structural_rtl,unexpected widths input=14 output=28 expected=11->22
ex273,ex273_square_low_high_split_hcla_wreduce_abc_g_aig,unsigned_square_x_times_x,low_high_split_hcla+wreduce_abc_g_aig,student/work/ex270_ex274_frontend_square_structures_20260609_1138/ex273/verilog/ex273_square_low_high_split_hcla.v,student/work/ex270_ex274_frontend_square_structures_20260609_1138/ex273/aigs/ex273_square_low_high_split_hcla_wreduce_abc_g_aig.aig,0,0,0,,,,15078,,,,0.000,square_specific_structural_rtl,unexpected widths input=14 output=28 expected=11->22
ex273,ex273_square_low_high_split_hcla_arith_wreduce_aig,unsigned_square_x_times_x,low_high_split_hcla+arith_wreduce_aig,student/work/ex270_ex274_frontend_square_structures_20260609_1138/ex273/verilog/ex273_square_low_high_split_hcla.v,student/work/ex270_ex274_frontend_square_structures_20260609_1138/ex273/aigs/ex273_square_low_high_split_hcla_arith_wreduce_aig.aig,0,0,0,,,,15078,,,,0.000,square_specific_structural_rtl,unexpected widths input=14 output=28 expected=11->22
ex273,ex273_square_low_high_split_hcla_synth_preset_d20,unsigned_square_x_times_x,low_high_split_hcla+synth_preset_d20,student/work/ex270_ex274_frontend_square_structures_20260609_1138/ex273/verilog/ex273_square_low_high_split_hcla.v,student/work/ex270_ex274_frontend_square_structures_20260609_1138/ex273/aigs/ex273_square_low_high_split_hcla_synth_preset_d20.aig,0,0,0,,,,15078,,,,0.000,square_specific_structural_rtl,unexpected widths input=14 output=28 expected=11->22
ex273,ex273_square_karatsuba_square_abc_g_aig,unsigned_square_x_times_x,karatsuba_square+abc_g_aig,student/work/ex270_ex274_frontend_square_structures_20260609_1138/ex273/verilog/ex273_square_karatsuba_square.v,student/work/ex270_ex274_frontend_square_structures_20260609_1138/ex273/aigs/ex273_square_karatsuba_square_abc_g_aig.aig,0,0,0,,,,15078,,,,0.000,square_specific_structural_rtl,unexpected widths input=14 output=28 expected=11->22
ex273,ex273_square_karatsuba_square_wreduce_abc_g_aig,unsigned_square_x_times_x,karatsuba_square+wreduce_abc_g_aig,student/work/ex270_ex274_frontend_square_structures_20260609_1138/ex273/verilog/ex273_square_karatsuba_square.v,student/work/ex270_ex274_frontend_square_structures_20260609_1138/ex273/aigs/ex273_square_karatsuba_square_wreduce_abc_g_aig.aig,0,0,0,,,,15078,,,,0.000,square_specific_structural_rtl,unexpected widths input=14 output=28 expected=11->22
ex273,ex273_square_karatsuba_square_arith_wreduce_aig,unsigned_square_x_times_x,karatsuba_square+arith_wreduce_aig,student/work/ex270_ex274_frontend_square_structures_20260609_1138/ex273/verilog/ex273_square_karatsuba_square.v,student/work/ex270_ex274_frontend_square_structures_20260609_1138/ex273/aigs/ex273_square_karatsuba_square_arith_wreduce_aig.aig,0,0,0,,,,15078,,,,0.000,square_specific_structural_rtl,unexpected widths input=14 output=28 expected=11->22
ex273,ex273_square_karatsuba_square_synth_preset_d20,unsigned_square_x_times_x,karatsuba_square+synth_preset_d20,student/work/ex270_ex274_frontend_square_structures_20260609_1138/ex273/verilog/ex273_square_karatsuba_square.v,student/work/ex270_ex274_frontend_square_structures_20260609_1138/ex273/aigs/ex273_square_karatsuba_square_synth_preset_d20.aig,0,0,0,,,,15078,,,,0.000,square_specific_structural_rtl,unexpected widths input=14 output=28 expected=11->22
ex273,ex273_square_low4_case_high_direct_abc_g_aig,unsigned_square_x_times_x,low4_case_high_direct+abc_g_aig,student/work/ex270_ex274_frontend_square_structures_20260609_1138/ex273/verilog/ex273_square_low4_case_high_direct.v,student/work/ex270_ex274_frontend_square_structures_20260609_1138/ex273/aigs/ex273_square_low4_case_high_direct_abc_g_aig.aig,0,0,0,,,,15078,,,,0.000,square_specific_structural_rtl,unexpected widths input=14 output=28 expected=11->22
ex273,ex273_square_low4_case_high_direct_wreduce_abc_g_aig,unsigned_square_x_times_x,low4_case_high_direct+wreduce_abc_g_aig,student/work/ex270_ex274_frontend_square_structures_20260609_1138/ex273/verilog/ex273_square_low4_case_high_direct.v,student/work/ex270_ex274_frontend_square_structures_20260609_1138/ex273/aigs/ex273_square_low4_case_high_direct_wreduce_abc_g_aig.aig,0,0,0,,,,15078,,,,0.000,square_specific_structural_rtl,unexpected widths input=14 output=28 expected=11->22
ex273,ex273_square_low4_case_high_direct_arith_wreduce_aig,unsigned_square_x_times_x,low4_case_high_direct+arith_wreduce_aig,student/work/ex270_ex274_frontend_square_structures_20260609_1138/ex273/verilog/ex273_square_low4_case_high_direct.v,student/work/ex270_ex274_frontend_square_structures_20260609_1138/ex273/aigs/ex273_square_low4_case_high_direct_arith_wreduce_aig.aig,0,0,0,,,,15078,,,,0.000,square_specific_structural_rtl,unexpected widths input=14 output=28 expected=11->22
ex273,ex273_square_low4_case_high_direct_synth_preset_d20,unsigned_square_x_times_x,low4_case_high_direct+synth_preset_d20,student/work/ex270_ex274_frontend_square_structures_20260609_1138/ex273/verilog/ex273_square_low4_case_high_direct.v,student/work/ex270_ex274_frontend_square_structures_20260609_1138/ex273/aigs/ex273_square_low4_case_high_direct_synth_preset_d20.aig,0,0,0,,,,15078,,,,0.000,square_specific_structural_rtl,unexpected widths input=14 output=28 expected=11->22
ex273,ex273_square_low5_case_high_direct_abc_g_aig,unsigned_square_x_times_x,low5_case_high_direct+abc_g_aig,student/work/ex270_ex274_frontend_square_structures_20260609_1138/ex273/verilog/ex273_square_low5_case_high_direct.v,student/work/ex270_ex274_frontend_square_structures_20260609_1138/ex273/aigs/ex273_square_low5_case_high_direct_abc_g_aig.aig,0,0,0,,,,15078,,,,0.000,square_specific_structural_rtl,unexpected widths input=14 output=28 expected=11->22
ex273,ex273_square_low5_case_high_direct_wreduce_abc_g_aig,unsigned_square_x_times_x,low5_case_high_direct+wreduce_abc_g_aig,student/work/ex270_ex274_frontend_square_structures_20260609_1138/ex273/verilog/ex273_square_low5_case_high_direct.v,student/work/ex270_ex274_frontend_square_structures_20260609_1138/ex273/aigs/ex273_square_low5_case_high_direct_wreduce_abc_g_aig.aig,0,0,0,,,,15078,,,,0.000,square_specific_structural_rtl,unexpected widths input=14 output=28 expected=11->22
ex273,ex273_square_low5_case_high_direct_arith_wreduce_aig,unsigned_square_x_times_x,low5_case_high_direct+arith_wreduce_aig,student/work/ex270_ex274_frontend_square_structures_20260609_1138/ex273/verilog/ex273_square_low5_case_high_direct.v,student/work/ex270_ex274_frontend_square_structures_20260609_1138/ex273/aigs/ex273_square_low5_case_high_direct_arith_wreduce_aig.aig,0,0,0,,,,15078,,,,0.000,square_specific_structural_rtl,unexpected widths input=14 output=28 expected=11->22
ex273,ex273_square_low5_case_high_direct_synth_preset_d20,unsigned_square_x_times_x,low5_case_high_direct+synth_preset_d20,student/work/ex270_ex274_frontend_square_structures_20260609_1138/ex273/verilog/ex273_square_low5_case_high_direct.v,student/work/ex270_ex274_frontend_square_structures_20260609_1138/ex273/aigs/ex273_square_low5_case_high_direct_synth_preset_d20.aig,0,0,0,,,,15078,,,,0.000,square_specific_structural_rtl,unexpected widths input=14 output=28 expected=11->22
ex274,ex274_square_direct_square_abc_g_aig,unsigned_square_x_times_x,direct_square+abc_g_aig,student/work/ex270_ex274_frontend_square_structures_20260609_1138/ex274/verilog/ex274_square_direct_square.v,student/work/ex270_ex274_frontend_square_structures_20260609_1138/ex274/aigs/ex274_square_direct_square_abc_g_aig.aig,0,0,0,,,,21630,,,,0.000,semantic_rtl,unexpected widths input=16 output=32 expected=12->24
ex274,ex274_square_direct_square_wreduce_abc_g_aig,unsigned_square_x_times_x,direct_square+wreduce_abc_g_aig,student/work/ex270_ex274_frontend_square_structures_20260609_1138/ex274/verilog/ex274_square_direct_square.v,student/work/ex270_ex274_frontend_square_structures_20260609_1138/ex274/aigs/ex274_square_direct_square_wreduce_abc_g_aig.aig,0,0,0,,,,21630,,,,0.000,semantic_rtl,unexpected widths input=16 output=32 expected=12->24
ex274,ex274_square_direct_square_arith_wreduce_aig,unsigned_square_x_times_x,direct_square+arith_wreduce_aig,student/work/ex270_ex274_frontend_square_structures_20260609_1138/ex274/verilog/ex274_square_direct_square.v,student/work/ex270_ex274_frontend_square_structures_20260609_1138/ex274/aigs/ex274_square_direct_square_arith_wreduce_aig.aig,0,0,0,,,,21630,,,,0.000,semantic_rtl,unexpected widths input=16 output=32 expected=12->24
ex274,ex274_square_direct_square_synth_preset_d20,unsigned_square_x_times_x,direct_square+synth_preset_d20,student/work/ex270_ex274_frontend_square_structures_20260609_1138/ex274/verilog/ex274_square_direct_square.v,student/work/ex270_ex274_frontend_square_structures_20260609_1138/ex274/aigs/ex274_square_direct_square_synth_preset_d20.aig,0,0,0,,,,21630,,,,0.000,semantic_rtl,unexpected widths input=16 output=32 expected=12->24
ex274,ex274_square_triangular_balanced_abc_g_aig,unsigned_square_x_times_x,triangular_balanced+abc_g_aig,student/work/ex270_ex274_frontend_square_structures_20260609_1138/ex274/verilog/ex274_square_triangular_balanced.v,student/work/ex270_ex274_frontend_square_structures_20260609_1138/ex274/aigs/ex274_square_triangular_balanced_abc_g_aig.aig,0,0,0,,,,21630,,,,0.000,square_specific_structural_rtl,unexpected widths input=16 output=32 expected=12->24
ex274,ex274_square_triangular_balanced_wreduce_abc_g_aig,unsigned_square_x_times_x,triangular_balanced+wreduce_abc_g_aig,student/work/ex270_ex274_frontend_square_structures_20260609_1138/ex274/verilog/ex274_square_triangular_balanced.v,student/work/ex270_ex274_frontend_square_structures_20260609_1138/ex274/aigs/ex274_square_triangular_balanced_wreduce_abc_g_aig.aig,0,0,0,,,,21630,,,,0.000,square_specific_structural_rtl,unexpected widths input=16 output=32 expected=12->24
ex274,ex274_square_triangular_balanced_arith_wreduce_aig,unsigned_square_x_times_x,triangular_balanced+arith_wreduce_aig,student/work/ex270_ex274_frontend_square_structures_20260609_1138/ex274/verilog/ex274_square_triangular_balanced.v,student/work/ex270_ex274_frontend_square_structures_20260609_1138/ex274/aigs/ex274_square_triangular_balanced_arith_wreduce_aig.aig,0,0,0,,,,21630,,,,0.000,square_specific_structural_rtl,unexpected widths input=16 output=32 expected=12->24
ex274,ex274_square_triangular_balanced_synth_preset_d20,unsigned_square_x_times_x,triangular_balanced+synth_preset_d20,student/work/ex270_ex274_frontend_square_structures_20260609_1138/ex274/verilog/ex274_square_triangular_balanced.v,student/work/ex270_ex274_frontend_square_structures_20260609_1138/ex274/aigs/ex274_square_triangular_balanced_synth_preset_d20.aig,0,0,0,,,,21630,,,,0.000,square_specific_structural_rtl,unexpected widths input=16 output=32 expected=12->24
ex274,ex274_square_triangular_rows_csa_abc_g_aig,unsigned_square_x_times_x,triangular_rows_csa+abc_g_aig,student/work/ex270_ex274_frontend_square_structures_20260609_1138/ex274/verilog/ex274_square_triangular_rows_csa.v,student/work/ex270_ex274_frontend_square_structures_20260609_1138/ex274/aigs/ex274_square_triangular_rows_csa_abc_g_aig.aig,0,0,0,,,,21630,,,,0.000,square_specific_structural_rtl,unexpected widths input=16 output=32 expected=12->24
ex274,ex274_square_triangular_rows_csa_wreduce_abc_g_aig,unsigned_square_x_times_x,triangular_rows_csa+wreduce_abc_g_aig,student/work/ex270_ex274_frontend_square_structures_20260609_1138/ex274/verilog/ex274_square_triangular_rows_csa.v,student/work/ex270_ex274_frontend_square_structures_20260609_1138/ex274/aigs/ex274_square_triangular_rows_csa_wreduce_abc_g_aig.aig,0,0,0,,,,21630,,,,0.000,square_specific_structural_rtl,unexpected widths input=16 output=32 expected=12->24
ex274,ex274_square_triangular_rows_csa_arith_wreduce_aig,unsigned_square_x_times_x,triangular_rows_csa+arith_wreduce_aig,student/work/ex270_ex274_frontend_square_structures_20260609_1138/ex274/verilog/ex274_square_triangular_rows_csa.v,student/work/ex270_ex274_frontend_square_structures_20260609_1138/ex274/aigs/ex274_square_triangular_rows_csa_arith_wreduce_aig.aig,0,0,0,,,,21630,,,,0.000,square_specific_structural_rtl,unexpected widths input=16 output=32 expected=12->24
ex274,ex274_square_triangular_rows_csa_synth_preset_d20,unsigned_square_x_times_x,triangular_rows_csa+synth_preset_d20,student/work/ex270_ex274_frontend_square_structures_20260609_1138/ex274/verilog/ex274_square_triangular_rows_csa.v,student/work/ex270_ex274_frontend_square_structures_20260609_1138/ex274/aigs/ex274_square_triangular_rows_csa_synth_preset_d20.aig,0,0,0,,,,21630,,,,0.000,square_specific_structural_rtl,unexpected widths input=16 output=32 expected=12->24
ex274,ex274_square_wallace_square_abc_g_aig,unsigned_square_x_times_x,wallace_square+abc_g_aig,student/work/ex270_ex274_frontend_square_structures_20260609_1138/ex274/verilog/ex274_square_wallace_square.v,student/work/ex270_ex274_frontend_square_structures_20260609_1138/ex274/aigs/ex274_square_wallace_square_abc_g_aig.aig,0,0,0,,,,21630,,,,0.000,square_specific_structural_rtl,unexpected widths input=16 output=32 expected=12->24
ex274,ex274_square_wallace_square_wreduce_abc_g_aig,unsigned_square_x_times_x,wallace_square+wreduce_abc_g_aig,student/work/ex270_ex274_frontend_square_structures_20260609_1138/ex274/verilog/ex274_square_wallace_square.v,student/work/ex270_ex274_frontend_square_structures_20260609_1138/ex274/aigs/ex274_square_wallace_square_wreduce_abc_g_aig.aig,0,0,0,,,,21630,,,,0.000,square_specific_structural_rtl,unexpected widths input=16 output=32 expected=12->24
ex274,ex274_square_wallace_square_arith_wreduce_aig,unsigned_square_x_times_x,wallace_square+arith_wreduce_aig,student/work/ex270_ex274_frontend_square_structures_20260609_1138/ex274/verilog/ex274_square_wallace_square.v,student/work/ex270_ex274_frontend_square_structures_20260609_1138/ex274/aigs/ex274_square_wallace_square_arith_wreduce_aig.aig,0,0,0,,,,21630,,,,0.000,square_specific_structural_rtl,unexpected widths input=16 output=32 expected=12->24
ex274,ex274_square_wallace_square_synth_preset_d20,unsigned_square_x_times_x,wallace_square+synth_preset_d20,student/work/ex270_ex274_frontend_square_structures_20260609_1138/ex274/verilog/ex274_square_wallace_square.v,student/work/ex270_ex274_frontend_square_structures_20260609_1138/ex274/aigs/ex274_square_wallace_square_synth_preset_d20.aig,0,0,0,,,,21630,,,,0.000,square_specific_structural_rtl,unexpected widths input=16 output=32 expected=12->24
ex274,ex274_square_wallace_square_rev_abc_g_aig,unsigned_square_x_times_x,wallace_square_rev+abc_g_aig,student/work/ex270_ex274_frontend_square_structures_20260609_1138/ex274/verilog/ex274_square_wallace_square_rev.v,student/work/ex270_ex274_frontend_square_structures_20260609_1138/ex274/aigs/ex274_square_wallace_square_rev_abc_g_aig.aig,0,0,0,,,,21630,,,,0.000,square_specific_structural_rtl,unexpected widths input=16 output=32 expected=12->24
ex274,ex274_square_wallace_square_rev_wreduce_abc_g_aig,unsigned_square_x_times_x,wallace_square_rev+wreduce_abc_g_aig,student/work/ex270_ex274_frontend_square_structures_20260609_1138/ex274/verilog/ex274_square_wallace_square_rev.v,student/work/ex270_ex274_frontend_square_structures_20260609_1138/ex274/aigs/ex274_square_wallace_square_rev_wreduce_abc_g_aig.aig,0,0,0,,,,21630,,,,0.000,square_specific_structural_rtl,unexpected widths input=16 output=32 expected=12->24
ex274,ex274_square_wallace_square_rev_arith_wreduce_aig,unsigned_square_x_times_x,wallace_square_rev+arith_wreduce_aig,student/work/ex270_ex274_frontend_square_structures_20260609_1138/ex274/verilog/ex274_square_wallace_square_rev.v,student/work/ex270_ex274_frontend_square_structures_20260609_1138/ex274/aigs/ex274_square_wallace_square_rev_arith_wreduce_aig.aig,0,0,0,,,,21630,,,,0.000,square_specific_structural_rtl,unexpected widths input=16 output=32 expected=12->24
ex274,ex274_square_wallace_square_rev_synth_preset_d20,unsigned_square_x_times_x,wallace_square_rev+synth_preset_d20,student/work/ex270_ex274_frontend_square_structures_20260609_1138/ex274/verilog/ex274_square_wallace_square_rev.v,student/work/ex270_ex274_frontend_square_structures_20260609_1138/ex274/aigs/ex274_square_wallace_square_rev_synth_preset_d20.aig,0,0,0,,,,21630,,,,0.000,square_specific_structural_rtl,unexpected widths input=16 output=32 expected=12->24
ex274,ex274_square_wallace_square_outside_abc_g_aig,unsigned_square_x_times_x,wallace_square_outside+abc_g_aig,student/work/ex270_ex274_frontend_square_structures_20260609_1138/ex274/verilog/ex274_square_wallace_square_outside.v,student/work/ex270_ex274_frontend_square_structures_20260609_1138/ex274/aigs/ex274_square_wallace_square_outside_abc_g_aig.aig,0,0,0,,,,21630,,,,0.000,square_specific_structural_rtl,unexpected widths input=16 output=32 expected=12->24
ex274,ex274_square_wallace_square_outside_wreduce_abc_g_aig,unsigned_square_x_times_x,wallace_square_outside+wreduce_abc_g_aig,student/work/ex270_ex274_frontend_square_structures_20260609_1138/ex274/verilog/ex274_square_wallace_square_outside.v,student/work/ex270_ex274_frontend_square_structures_20260609_1138/ex274/aigs/ex274_square_wallace_square_outside_wreduce_abc_g_aig.aig,0,0,0,,,,21630,,,,0.000,square_specific_structural_rtl,unexpected widths input=16 output=32 expected=12->24
ex274,ex274_square_wallace_square_outside_arith_wreduce_aig,unsigned_square_x_times_x,wallace_square_outside+arith_wreduce_aig,student/work/ex270_ex274_frontend_square_structures_20260609_1138/ex274/verilog/ex274_square_wallace_square_outside.v,student/work/ex270_ex274_frontend_square_structures_20260609_1138/ex274/aigs/ex274_square_wallace_square_outside_arith_wreduce_aig.aig,0,0,0,,,,21630,,,,0.000,square_specific_structural_rtl,unexpected widths input=16 output=32 expected=12->24
ex274,ex274_square_wallace_square_outside_synth_preset_d20,unsigned_square_x_times_x,wallace_square_outside+synth_preset_d20,student/work/ex270_ex274_frontend_square_structures_20260609_1138/ex274/verilog/ex274_square_wallace_square_outside.v,student/work/ex270_ex274_frontend_square_structures_20260609_1138/ex274/aigs/ex274_square_wallace_square_outside_synth_preset_d20.aig,0,0,0,,,,21630,,,,0.000,square_specific_structural_rtl,unexpected widths input=16 output=32 expected=12->24
ex274,ex274_square_wallace_square_hcla2_abc_g_aig,unsigned_square_x_times_x,wallace_square_hcla2+abc_g_aig,student/work/ex270_ex274_frontend_square_structures_20260609_1138/ex274/verilog/ex274_square_wallace_square_hcla2.v,student/work/ex270_ex274_frontend_square_structures_20260609_1138/ex274/aigs/ex274_square_wallace_square_hcla2_abc_g_aig.aig,0,0,0,,,,21630,,,,0.000,square_specific_structural_rtl,unexpected widths input=16 output=32 expected=12->24
ex274,ex274_square_wallace_square_hcla2_wreduce_abc_g_aig,unsigned_square_x_times_x,wallace_square_hcla2+wreduce_abc_g_aig,student/work/ex270_ex274_frontend_square_structures_20260609_1138/ex274/verilog/ex274_square_wallace_square_hcla2.v,student/work/ex270_ex274_frontend_square_structures_20260609_1138/ex274/aigs/ex274_square_wallace_square_hcla2_wreduce_abc_g_aig.aig,0,0,0,,,,21630,,,,0.000,square_specific_structural_rtl,unexpected widths input=16 output=32 expected=12->24
ex274,ex274_square_wallace_square_hcla2_arith_wreduce_aig,unsigned_square_x_times_x,wallace_square_hcla2+arith_wreduce_aig,student/work/ex270_ex274_frontend_square_structures_20260609_1138/ex274/verilog/ex274_square_wallace_square_hcla2.v,student/work/ex270_ex274_frontend_square_structures_20260609_1138/ex274/aigs/ex274_square_wallace_square_hcla2_arith_wreduce_aig.aig,0,0,0,,,,21630,,,,0.000,square_specific_structural_rtl,unexpected widths input=16 output=32 expected=12->24
ex274,ex274_square_wallace_square_hcla2_synth_preset_d20,unsigned_square_x_times_x,wallace_square_hcla2+synth_preset_d20,student/work/ex270_ex274_frontend_square_structures_20260609_1138/ex274/verilog/ex274_square_wallace_square_hcla2.v,student/work/ex270_ex274_frontend_square_structures_20260609_1138/ex274/aigs/ex274_square_wallace_square_hcla2_synth_preset_d20.aig,0,0,0,,,,21630,,,,0.000,square_specific_structural_rtl,unexpected widths input=16 output=32 expected=12->24
ex274,ex274_square_wallace_square_hcla4_abc_g_aig,unsigned_square_x_times_x,wallace_square_hcla4+abc_g_aig,student/work/ex270_ex274_frontend_square_structures_20260609_1138/ex274/verilog/ex274_square_wallace_square_hcla4.v,student/work/ex270_ex274_frontend_square_structures_20260609_1138/ex274/aigs/ex274_square_wallace_square_hcla4_abc_g_aig.aig,0,0,0,,,,21630,,,,0.000,square_specific_structural_rtl,unexpected widths input=16 output=32 expected=12->24
ex274,ex274_square_wallace_square_hcla4_wreduce_abc_g_aig,unsigned_square_x_times_x,wallace_square_hcla4+wreduce_abc_g_aig,student/work/ex270_ex274_frontend_square_structures_20260609_1138/ex274/verilog/ex274_square_wallace_square_hcla4.v,student/work/ex270_ex274_frontend_square_structures_20260609_1138/ex274/aigs/ex274_square_wallace_square_hcla4_wreduce_abc_g_aig.aig,0,0,0,,,,21630,,,,0.000,square_specific_structural_rtl,unexpected widths input=16 output=32 expected=12->24
ex274,ex274_square_wallace_square_hcla4_arith_wreduce_aig,unsigned_square_x_times_x,wallace_square_hcla4+arith_wreduce_aig,student/work/ex270_ex274_frontend_square_structures_20260609_1138/ex274/verilog/ex274_square_wallace_square_hcla4.v,student/work/ex270_ex274_frontend_square_structures_20260609_1138/ex274/aigs/ex274_square_wallace_square_hcla4_arith_wreduce_aig.aig,0,0,0,,,,21630,,,,0.000,square_specific_structural_rtl,unexpected widths input=16 output=32 expected=12->24
ex274,ex274_square_wallace_square_hcla4_synth_preset_d20,unsigned_square_x_times_x,wallace_square_hcla4+synth_preset_d20,student/work/ex270_ex274_frontend_square_structures_20260609_1138/ex274/verilog/ex274_square_wallace_square_hcla4.v,student/work/ex270_ex274_frontend_square_structures_20260609_1138/ex274/aigs/ex274_square_wallace_square_hcla4_synth_preset_d20.aig,0,0,0,,,,21630,,,,0.000,square_specific_structural_rtl,unexpected widths input=16 output=32 expected=12->24
ex274,ex274_square_wallace_square_hcla6_abc_g_aig,unsigned_square_x_times_x,wallace_square_hcla6+abc_g_aig,student/work/ex270_ex274_frontend_square_structures_20260609_1138/ex274/verilog/ex274_square_wallace_square_hcla6.v,student/work/ex270_ex274_frontend_square_structures_20260609_1138/ex274/aigs/ex274_square_wallace_square_hcla6_abc_g_aig.aig,0,0,0,,,,21630,,,,0.000,square_specific_structural_rtl,unexpected widths input=16 output=32 expected=12->24
ex274,ex274_square_wallace_square_hcla6_wreduce_abc_g_aig,unsigned_square_x_times_x,wallace_square_hcla6+wreduce_abc_g_aig,student/work/ex270_ex274_frontend_square_structures_20260609_1138/ex274/verilog/ex274_square_wallace_square_hcla6.v,student/work/ex270_ex274_frontend_square_structures_20260609_1138/ex274/aigs/ex274_square_wallace_square_hcla6_wreduce_abc_g_aig.aig,0,0,0,,,,21630,,,,0.000,square_specific_structural_rtl,unexpected widths input=16 output=32 expected=12->24
ex274,ex274_square_wallace_square_hcla6_arith_wreduce_aig,unsigned_square_x_times_x,wallace_square_hcla6+arith_wreduce_aig,student/work/ex270_ex274_frontend_square_structures_20260609_1138/ex274/verilog/ex274_square_wallace_square_hcla6.v,student/work/ex270_ex274_frontend_square_structures_20260609_1138/ex274/aigs/ex274_square_wallace_square_hcla6_arith_wreduce_aig.aig,0,0,0,,,,21630,,,,0.000,square_specific_structural_rtl,unexpected widths input=16 output=32 expected=12->24
ex274,ex274_square_wallace_square_hcla6_synth_preset_d20,unsigned_square_x_times_x,wallace_square_hcla6+synth_preset_d20,student/work/ex270_ex274_frontend_square_structures_20260609_1138/ex274/verilog/ex274_square_wallace_square_hcla6.v,student/work/ex270_ex274_frontend_square_structures_20260609_1138/ex274/aigs/ex274_square_wallace_square_hcla6_synth_preset_d20.aig,0,0,0,,,,21630,,,,0.000,square_specific_structural_rtl,unexpected widths input=16 output=32 expected=12->24
ex274,ex274_square_wallace_square_hcla8_abc_g_aig,unsigned_square_x_times_x,wallace_square_hcla8+abc_g_aig,student/work/ex270_ex274_frontend_square_structures_20260609_1138/ex274/verilog/ex274_square_wallace_square_hcla8.v,student/work/ex270_ex274_frontend_square_structures_20260609_1138/ex274/aigs/ex274_square_wallace_square_hcla8_abc_g_aig.aig,0,0,0,,,,21630,,,,0.000,square_specific_structural_rtl,unexpected widths input=16 output=32 expected=12->24
ex274,ex274_square_wallace_square_hcla8_wreduce_abc_g_aig,unsigned_square_x_times_x,wallace_square_hcla8+wreduce_abc_g_aig,student/work/ex270_ex274_frontend_square_structures_20260609_1138/ex274/verilog/ex274_square_wallace_square_hcla8.v,student/work/ex270_ex274_frontend_square_structures_20260609_1138/ex274/aigs/ex274_square_wallace_square_hcla8_wreduce_abc_g_aig.aig,0,0,0,,,,21630,,,,0.000,square_specific_structural_rtl,unexpected widths input=16 output=32 expected=12->24
ex274,ex274_square_wallace_square_hcla8_arith_wreduce_aig,unsigned_square_x_times_x,wallace_square_hcla8+arith_wreduce_aig,student/work/ex270_ex274_frontend_square_structures_20260609_1138/ex274/verilog/ex274_square_wallace_square_hcla8.v,student/work/ex270_ex274_frontend_square_structures_20260609_1138/ex274/aigs/ex274_square_wallace_square_hcla8_arith_wreduce_aig.aig,0,0,0,,,,21630,,,,0.000,square_specific_structural_rtl,unexpected widths input=16 output=32 expected=12->24
ex274,ex274_square_wallace_square_hcla8_synth_preset_d20,unsigned_square_x_times_x,wallace_square_hcla8+synth_preset_d20,student/work/ex270_ex274_frontend_square_structures_20260609_1138/ex274/verilog/ex274_square_wallace_square_hcla8.v,student/work/ex270_ex274_frontend_square_structures_20260609_1138/ex274/aigs/ex274_square_wallace_square_hcla8_synth_preset_d20.aig,0,0,0,,,,21630,,,,0.000,square_specific_structural_rtl,unexpected widths input=16 output=32 expected=12->24
ex274,ex274_square_wallace_square_rev_hcla4_abc_g_aig,unsigned_square_x_times_x,wallace_square_rev_hcla4+abc_g_aig,student/work/ex270_ex274_frontend_square_structures_20260609_1138/ex274/verilog/ex274_square_wallace_square_rev_hcla4.v,student/work/ex270_ex274_frontend_square_structures_20260609_1138/ex274/aigs/ex274_square_wallace_square_rev_hcla4_abc_g_aig.aig,0,0,0,,,,21630,,,,0.000,square_specific_structural_rtl,unexpected widths input=16 output=32 expected=12->24
ex274,ex274_square_wallace_square_rev_hcla4_wreduce_abc_g_aig,unsigned_square_x_times_x,wallace_square_rev_hcla4+wreduce_abc_g_aig,student/work/ex270_ex274_frontend_square_structures_20260609_1138/ex274/verilog/ex274_square_wallace_square_rev_hcla4.v,student/work/ex270_ex274_frontend_square_structures_20260609_1138/ex274/aigs/ex274_square_wallace_square_rev_hcla4_wreduce_abc_g_aig.aig,0,0,0,,,,21630,,,,0.000,square_specific_structural_rtl,unexpected widths input=16 output=32 expected=12->24
ex274,ex274_square_wallace_square_rev_hcla4_arith_wreduce_aig,unsigned_square_x_times_x,wallace_square_rev_hcla4+arith_wreduce_aig,student/work/ex270_ex274_frontend_square_structures_20260609_1138/ex274/verilog/ex274_square_wallace_square_rev_hcla4.v,student/work/ex270_ex274_frontend_square_structures_20260609_1138/ex274/aigs/ex274_square_wallace_square_rev_hcla4_arith_wreduce_aig.aig,0,0,0,,,,21630,,,,0.000,square_specific_structural_rtl,unexpected widths input=16 output=32 expected=12->24
ex274,ex274_square_wallace_square_rev_hcla4_synth_preset_d20,unsigned_square_x_times_x,wallace_square_rev_hcla4+synth_preset_d20,student/work/ex270_ex274_frontend_square_structures_20260609_1138/ex274/verilog/ex274_square_wallace_square_rev_hcla4.v,student/work/ex270_ex274_frontend_square_structures_20260609_1138/ex274/aigs/ex274_square_wallace_square_rev_hcla4_synth_preset_d20.aig,0,0,0,,,,21630,,,,0.000,square_specific_structural_rtl,unexpected widths input=16 output=32 expected=12->24
ex274,ex274_square_wallace_square_rev_hcla6_abc_g_aig,unsigned_square_x_times_x,wallace_square_rev_hcla6+abc_g_aig,student/work/ex270_ex274_frontend_square_structures_20260609_1138/ex274/verilog/ex274_square_wallace_square_rev_hcla6.v,student/work/ex270_ex274_frontend_square_structures_20260609_1138/ex274/aigs/ex274_square_wallace_square_rev_hcla6_abc_g_aig.aig,0,0,0,,,,21630,,,,0.000,square_specific_structural_rtl,unexpected widths input=16 output=32 expected=12->24
ex274,ex274_square_wallace_square_rev_hcla6_wreduce_abc_g_aig,unsigned_square_x_times_x,wallace_square_rev_hcla6+wreduce_abc_g_aig,student/work/ex270_ex274_frontend_square_structures_20260609_1138/ex274/verilog/ex274_square_wallace_square_rev_hcla6.v,student/work/ex270_ex274_frontend_square_structures_20260609_1138/ex274/aigs/ex274_square_wallace_square_rev_hcla6_wreduce_abc_g_aig.aig,0,0,0,,,,21630,,,,0.000,square_specific_structural_rtl,unexpected widths input=16 output=32 expected=12->24
ex274,ex274_square_wallace_square_rev_hcla6_arith_wreduce_aig,unsigned_square_x_times_x,wallace_square_rev_hcla6+arith_wreduce_aig,student/work/ex270_ex274_frontend_square_structures_20260609_1138/ex274/verilog/ex274_square_wallace_square_rev_hcla6.v,student/work/ex270_ex274_frontend_square_structures_20260609_1138/ex274/aigs/ex274_square_wallace_square_rev_hcla6_arith_wreduce_aig.aig,0,0,0,,,,21630,,,,0.000,square_specific_structural_rtl,unexpected widths input=16 output=32 expected=12->24
ex274,ex274_square_wallace_square_rev_hcla6_synth_preset_d20,unsigned_square_x_times_x,wallace_square_rev_hcla6+synth_preset_d20,student/work/ex270_ex274_frontend_square_structures_20260609_1138/ex274/verilog/ex274_square_wallace_square_rev_hcla6.v,student/work/ex270_ex274_frontend_square_structures_20260609_1138/ex274/aigs/ex274_square_wallace_square_rev_hcla6_synth_preset_d20.aig,0,0,0,,,,21630,,,,0.000,square_specific_structural_rtl,unexpected widths input=16 output=32 expected=12->24
ex274,ex274_square_wallace_square_outside_hcla4_abc_g_aig,unsigned_square_x_times_x,wallace_square_outside_hcla4+abc_g_aig,student/work/ex270_ex274_frontend_square_structures_20260609_1138/ex274/verilog/ex274_square_wallace_square_outside_hcla4.v,student/work/ex270_ex274_frontend_square_structures_20260609_1138/ex274/aigs/ex274_square_wallace_square_outside_hcla4_abc_g_aig.aig,0,0,0,,,,21630,,,,0.000,square_specific_structural_rtl,unexpected widths input=16 output=32 expected=12->24
ex274,ex274_square_wallace_square_outside_hcla4_wreduce_abc_g_aig,unsigned_square_x_times_x,wallace_square_outside_hcla4+wreduce_abc_g_aig,student/work/ex270_ex274_frontend_square_structures_20260609_1138/ex274/verilog/ex274_square_wallace_square_outside_hcla4.v,student/work/ex270_ex274_frontend_square_structures_20260609_1138/ex274/aigs/ex274_square_wallace_square_outside_hcla4_wreduce_abc_g_aig.aig,0,0,0,,,,21630,,,,0.000,square_specific_structural_rtl,unexpected widths input=16 output=32 expected=12->24
ex274,ex274_square_wallace_square_outside_hcla4_arith_wreduce_aig,unsigned_square_x_times_x,wallace_square_outside_hcla4+arith_wreduce_aig,student/work/ex270_ex274_frontend_square_structures_20260609_1138/ex274/verilog/ex274_square_wallace_square_outside_hcla4.v,student/work/ex270_ex274_frontend_square_structures_20260609_1138/ex274/aigs/ex274_square_wallace_square_outside_hcla4_arith_wreduce_aig.aig,0,0,0,,,,21630,,,,0.000,square_specific_structural_rtl,unexpected widths input=16 output=32 expected=12->24
ex274,ex274_square_wallace_square_outside_hcla4_synth_preset_d20,unsigned_square_x_times_x,wallace_square_outside_hcla4+synth_preset_d20,student/work/ex270_ex274_frontend_square_structures_20260609_1138/ex274/verilog/ex274_square_wallace_square_outside_hcla4.v,student/work/ex270_ex274_frontend_square_structures_20260609_1138/ex274/aigs/ex274_square_wallace_square_outside_hcla4_synth_preset_d20.aig,0,0,0,,,,21630,,,,0.000,square_specific_structural_rtl,unexpected widths input=16 output=32 expected=12->24
ex274,ex274_square_wallace_square_outside_hcla6_abc_g_aig,unsigned_square_x_times_x,wallace_square_outside_hcla6+abc_g_aig,student/work/ex270_ex274_frontend_square_structures_20260609_1138/ex274/verilog/ex274_square_wallace_square_outside_hcla6.v,student/work/ex270_ex274_frontend_square_structures_20260609_1138/ex274/aigs/ex274_square_wallace_square_outside_hcla6_abc_g_aig.aig,0,0,0,,,,21630,,,,0.000,square_specific_structural_rtl,unexpected widths input=16 output=32 expected=12->24
ex274,ex274_square_wallace_square_outside_hcla6_wreduce_abc_g_aig,unsigned_square_x_times_x,wallace_square_outside_hcla6+wreduce_abc_g_aig,student/work/ex270_ex274_frontend_square_structures_20260609_1138/ex274/verilog/ex274_square_wallace_square_outside_hcla6.v,student/work/ex270_ex274_frontend_square_structures_20260609_1138/ex274/aigs/ex274_square_wallace_square_outside_hcla6_wreduce_abc_g_aig.aig,0,0,0,,,,21630,,,,0.000,square_specific_structural_rtl,unexpected widths input=16 output=32 expected=12->24
ex274,ex274_square_wallace_square_outside_hcla6_arith_wreduce_aig,unsigned_square_x_times_x,wallace_square_outside_hcla6+arith_wreduce_aig,student/work/ex270_ex274_frontend_square_structures_20260609_1138/ex274/verilog/ex274_square_wallace_square_outside_hcla6.v,student/work/ex270_ex274_frontend_square_structures_20260609_1138/ex274/aigs/ex274_square_wallace_square_outside_hcla6_arith_wreduce_aig.aig,0,0,0,,,,21630,,,,0.000,square_specific_structural_rtl,unexpected widths input=16 output=32 expected=12->24
ex274,ex274_square_wallace_square_outside_hcla6_synth_preset_d20,unsigned_square_x_times_x,wallace_square_outside_hcla6+synth_preset_d20,student/work/ex270_ex274_frontend_square_structures_20260609_1138/ex274/verilog/ex274_square_wallace_square_outside_hcla6.v,student/work/ex270_ex274_frontend_square_structures_20260609_1138/ex274/aigs/ex274_square_wallace_square_outside_hcla6_synth_preset_d20.aig,0,0,0,,,,21630,,,,0.000,square_specific_structural_rtl,unexpected widths input=16 output=32 expected=12->24
ex274,ex274_square_dadda_square_abc_g_aig,unsigned_square_x_times_x,dadda_square+abc_g_aig,student/work/ex270_ex274_frontend_square_structures_20260609_1138/ex274/verilog/ex274_square_dadda_square.v,student/work/ex270_ex274_frontend_square_structures_20260609_1138/ex274/aigs/ex274_square_dadda_square_abc_g_aig.aig,0,0,0,,,,21630,,,,0.000,square_specific_structural_rtl,unexpected widths input=16 output=32 expected=12->24
ex274,ex274_square_dadda_square_wreduce_abc_g_aig,unsigned_square_x_times_x,dadda_square+wreduce_abc_g_aig,student/work/ex270_ex274_frontend_square_structures_20260609_1138/ex274/verilog/ex274_square_dadda_square.v,student/work/ex270_ex274_frontend_square_structures_20260609_1138/ex274/aigs/ex274_square_dadda_square_wreduce_abc_g_aig.aig,0,0,0,,,,21630,,,,0.000,square_specific_structural_rtl,unexpected widths input=16 output=32 expected=12->24
ex274,ex274_square_dadda_square_arith_wreduce_aig,unsigned_square_x_times_x,dadda_square+arith_wreduce_aig,student/work/ex270_ex274_frontend_square_structures_20260609_1138/ex274/verilog/ex274_square_dadda_square.v,student/work/ex270_ex274_frontend_square_structures_20260609_1138/ex274/aigs/ex274_square_dadda_square_arith_wreduce_aig.aig,0,0,0,,,,21630,,,,0.000,square_specific_structural_rtl,unexpected widths input=16 output=32 expected=12->24
ex274,ex274_square_dadda_square_synth_preset_d20,unsigned_square_x_times_x,dadda_square+synth_preset_d20,student/work/ex270_ex274_frontend_square_structures_20260609_1138/ex274/verilog/ex274_square_dadda_square.v,student/work/ex270_ex274_frontend_square_structures_20260609_1138/ex274/aigs/ex274_square_dadda_square_synth_preset_d20.aig,0,0,0,,,,21630,,,,0.000,square_specific_structural_rtl,unexpected widths input=16 output=32 expected=12->24
ex274,ex274_square_dadda_square_hcla4_abc_g_aig,unsigned_square_x_times_x,dadda_square_hcla4+abc_g_aig,student/work/ex270_ex274_frontend_square_structures_20260609_1138/ex274/verilog/ex274_square_dadda_square_hcla4.v,student/work/ex270_ex274_frontend_square_structures_20260609_1138/ex274/aigs/ex274_square_dadda_square_hcla4_abc_g_aig.aig,0,0,0,,,,21630,,,,0.000,square_specific_structural_rtl,unexpected widths input=16 output=32 expected=12->24
ex274,ex274_square_dadda_square_hcla4_wreduce_abc_g_aig,unsigned_square_x_times_x,dadda_square_hcla4+wreduce_abc_g_aig,student/work/ex270_ex274_frontend_square_structures_20260609_1138/ex274/verilog/ex274_square_dadda_square_hcla4.v,student/work/ex270_ex274_frontend_square_structures_20260609_1138/ex274/aigs/ex274_square_dadda_square_hcla4_wreduce_abc_g_aig.aig,0,0,0,,,,21630,,,,0.000,square_specific_structural_rtl,unexpected widths input=16 output=32 expected=12->24
ex274,ex274_square_dadda_square_hcla4_arith_wreduce_aig,unsigned_square_x_times_x,dadda_square_hcla4+arith_wreduce_aig,student/work/ex270_ex274_frontend_square_structures_20260609_1138/ex274/verilog/ex274_square_dadda_square_hcla4.v,student/work/ex270_ex274_frontend_square_structures_20260609_1138/ex274/aigs/ex274_square_dadda_square_hcla4_arith_wreduce_aig.aig,0,0,0,,,,21630,,,,0.000,square_specific_structural_rtl,unexpected widths input=16 output=32 expected=12->24
ex274,ex274_square_dadda_square_hcla4_synth_preset_d20,unsigned_square_x_times_x,dadda_square_hcla4+synth_preset_d20,student/work/ex270_ex274_frontend_square_structures_20260609_1138/ex274/verilog/ex274_square_dadda_square_hcla4.v,student/work/ex270_ex274_frontend_square_structures_20260609_1138/ex274/aigs/ex274_square_dadda_square_hcla4_synth_preset_d20.aig,0,0,0,,,,21630,,,,0.000,square_specific_structural_rtl,unexpected widths input=16 output=32 expected=12->24
ex274,ex274_square_dadda_square_hcla6_abc_g_aig,unsigned_square_x_times_x,dadda_square_hcla6+abc_g_aig,student/work/ex270_ex274_frontend_square_structures_20260609_1138/ex274/verilog/ex274_square_dadda_square_hcla6.v,student/work/ex270_ex274_frontend_square_structures_20260609_1138/ex274/aigs/ex274_square_dadda_square_hcla6_abc_g_aig.aig,0,0,0,,,,21630,,,,0.000,square_specific_structural_rtl,unexpected widths input=16 output=32 expected=12->24
ex274,ex274_square_dadda_square_hcla6_wreduce_abc_g_aig,unsigned_square_x_times_x,dadda_square_hcla6+wreduce_abc_g_aig,student/work/ex270_ex274_frontend_square_structures_20260609_1138/ex274/verilog/ex274_square_dadda_square_hcla6.v,student/work/ex270_ex274_frontend_square_structures_20260609_1138/ex274/aigs/ex274_square_dadda_square_hcla6_wreduce_abc_g_aig.aig,0,0,0,,,,21630,,,,0.000,square_specific_structural_rtl,unexpected widths input=16 output=32 expected=12->24
ex274,ex274_square_dadda_square_hcla6_arith_wreduce_aig,unsigned_square_x_times_x,dadda_square_hcla6+arith_wreduce_aig,student/work/ex270_ex274_frontend_square_structures_20260609_1138/ex274/verilog/ex274_square_dadda_square_hcla6.v,student/work/ex270_ex274_frontend_square_structures_20260609_1138/ex274/aigs/ex274_square_dadda_square_hcla6_arith_wreduce_aig.aig,0,0,0,,,,21630,,,,0.000,square_specific_structural_rtl,unexpected widths input=16 output=32 expected=12->24
ex274,ex274_square_dadda_square_hcla6_synth_preset_d20,unsigned_square_x_times_x,dadda_square_hcla6+synth_preset_d20,student/work/ex270_ex274_frontend_square_structures_20260609_1138/ex274/verilog/ex274_square_dadda_square_hcla6.v,student/work/ex270_ex274_frontend_square_structures_20260609_1138/ex274/aigs/ex274_square_dadda_square_hcla6_synth_preset_d20.aig,0,0,0,,,,21630,,,,0.000,square_specific_structural_rtl,unexpected widths input=16 output=32 expected=12->24
ex274,ex274_square_dadda_square_hcla8_abc_g_aig,unsigned_square_x_times_x,dadda_square_hcla8+abc_g_aig,student/work/ex270_ex274_frontend_square_structures_20260609_1138/ex274/verilog/ex274_square_dadda_square_hcla8.v,student/work/ex270_ex274_frontend_square_structures_20260609_1138/ex274/aigs/ex274_square_dadda_square_hcla8_abc_g_aig.aig,0,0,0,,,,21630,,,,0.000,square_specific_structural_rtl,unexpected widths input=16 output=32 expected=12->24
ex274,ex274_square_dadda_square_hcla8_wreduce_abc_g_aig,unsigned_square_x_times_x,dadda_square_hcla8+wreduce_abc_g_aig,student/work/ex270_ex274_frontend_square_structures_20260609_1138/ex274/verilog/ex274_square_dadda_square_hcla8.v,student/work/ex270_ex274_frontend_square_structures_20260609_1138/ex274/aigs/ex274_square_dadda_square_hcla8_wreduce_abc_g_aig.aig,0,0,0,,,,21630,,,,0.000,square_specific_structural_rtl,unexpected widths input=16 output=32 expected=12->24
ex274,ex274_square_dadda_square_hcla8_arith_wreduce_aig,unsigned_square_x_times_x,dadda_square_hcla8+arith_wreduce_aig,student/work/ex270_ex274_frontend_square_structures_20260609_1138/ex274/verilog/ex274_square_dadda_square_hcla8.v,student/work/ex270_ex274_frontend_square_structures_20260609_1138/ex274/aigs/ex274_square_dadda_square_hcla8_arith_wreduce_aig.aig,0,0,0,,,,21630,,,,0.000,square_specific_structural_rtl,unexpected widths input=16 output=32 expected=12->24
ex274,ex274_square_dadda_square_hcla8_synth_preset_d20,unsigned_square_x_times_x,dadda_square_hcla8+synth_preset_d20,student/work/ex270_ex274_frontend_square_structures_20260609_1138/ex274/verilog/ex274_square_dadda_square_hcla8.v,student/work/ex270_ex274_frontend_square_structures_20260609_1138/ex274/aigs/ex274_square_dadda_square_hcla8_synth_preset_d20.aig,0,0,0,,,,21630,,,,0.000,square_specific_structural_rtl,unexpected widths input=16 output=32 expected=12->24
ex274,ex274_square_low_high_split_abc_g_aig,unsigned_square_x_times_x,low_high_split+abc_g_aig,student/work/ex270_ex274_frontend_square_structures_20260609_1138/ex274/verilog/ex274_square_low_high_split.v,student/work/ex270_ex274_frontend_square_structures_20260609_1138/ex274/aigs/ex274_square_low_high_split_abc_g_aig.aig,0,0,0,,,,21630,,,,0.000,square_specific_structural_rtl,unexpected widths input=16 output=32 expected=12->24
ex274,ex274_square_low_high_split_wreduce_abc_g_aig,unsigned_square_x_times_x,low_high_split+wreduce_abc_g_aig,student/work/ex270_ex274_frontend_square_structures_20260609_1138/ex274/verilog/ex274_square_low_high_split.v,student/work/ex270_ex274_frontend_square_structures_20260609_1138/ex274/aigs/ex274_square_low_high_split_wreduce_abc_g_aig.aig,0,0,0,,,,21630,,,,0.000,square_specific_structural_rtl,unexpected widths input=16 output=32 expected=12->24
ex274,ex274_square_low_high_split_arith_wreduce_aig,unsigned_square_x_times_x,low_high_split+arith_wreduce_aig,student/work/ex270_ex274_frontend_square_structures_20260609_1138/ex274/verilog/ex274_square_low_high_split.v,student/work/ex270_ex274_frontend_square_structures_20260609_1138/ex274/aigs/ex274_square_low_high_split_arith_wreduce_aig.aig,0,0,0,,,,21630,,,,0.000,square_specific_structural_rtl,unexpected widths input=16 output=32 expected=12->24
ex274,ex274_square_low_high_split_synth_preset_d20,unsigned_square_x_times_x,low_high_split+synth_preset_d20,student/work/ex270_ex274_frontend_square_structures_20260609_1138/ex274/verilog/ex274_square_low_high_split.v,student/work/ex270_ex274_frontend_square_structures_20260609_1138/ex274/aigs/ex274_square_low_high_split_synth_preset_d20.aig,0,0,0,,,,21630,,,,0.000,square_specific_structural_rtl,unexpected widths input=16 output=32 expected=12->24
ex274,ex274_square_low_high_split_hcla_abc_g_aig,unsigned_square_x_times_x,low_high_split_hcla+abc_g_aig,student/work/ex270_ex274_frontend_square_structures_20260609_1138/ex274/verilog/ex274_square_low_high_split_hcla.v,student/work/ex270_ex274_frontend_square_structures_20260609_1138/ex274/aigs/ex274_square_low_high_split_hcla_abc_g_aig.aig,0,0,0,,,,21630,,,,0.000,square_specific_structural_rtl,unexpected widths input=16 output=32 expected=12->24
ex274,ex274_square_low_high_split_hcla_wreduce_abc_g_aig,unsigned_square_x_times_x,low_high_split_hcla+wreduce_abc_g_aig,student/work/ex270_ex274_frontend_square_structures_20260609_1138/ex274/verilog/ex274_square_low_high_split_hcla.v,student/work/ex270_ex274_frontend_square_structures_20260609_1138/ex274/aigs/ex274_square_low_high_split_hcla_wreduce_abc_g_aig.aig,0,0,0,,,,21630,,,,0.000,square_specific_structural_rtl,unexpected widths input=16 output=32 expected=12->24
ex274,ex274_square_low_high_split_hcla_arith_wreduce_aig,unsigned_square_x_times_x,low_high_split_hcla+arith_wreduce_aig,student/work/ex270_ex274_frontend_square_structures_20260609_1138/ex274/verilog/ex274_square_low_high_split_hcla.v,student/work/ex270_ex274_frontend_square_structures_20260609_1138/ex274/aigs/ex274_square_low_high_split_hcla_arith_wreduce_aig.aig,0,0,0,,,,21630,,,,0.000,square_specific_structural_rtl,unexpected widths input=16 output=32 expected=12->24
ex274,ex274_square_low_high_split_hcla_synth_preset_d20,unsigned_square_x_times_x,low_high_split_hcla+synth_preset_d20,student/work/ex270_ex274_frontend_square_structures_20260609_1138/ex274/verilog/ex274_square_low_high_split_hcla.v,student/work/ex270_ex274_frontend_square_structures_20260609_1138/ex274/aigs/ex274_square_low_high_split_hcla_synth_preset_d20.aig,0,0,0,,,,21630,,,,0.000,square_specific_structural_rtl,unexpected widths input=16 output=32 expected=12->24
ex274,ex274_square_karatsuba_square_abc_g_aig,unsigned_square_x_times_x,karatsuba_square+abc_g_aig,student/work/ex270_ex274_frontend_square_structures_20260609_1138/ex274/verilog/ex274_square_karatsuba_square.v,student/work/ex270_ex274_frontend_square_structures_20260609_1138/ex274/aigs/ex274_square_karatsuba_square_abc_g_aig.aig,0,0,0,,,,21630,,,,0.000,square_specific_structural_rtl,unexpected widths input=16 output=32 expected=12->24
ex274,ex274_square_karatsuba_square_wreduce_abc_g_aig,unsigned_square_x_times_x,karatsuba_square+wreduce_abc_g_aig,student/work/ex270_ex274_frontend_square_structures_20260609_1138/ex274/verilog/ex274_square_karatsuba_square.v,student/work/ex270_ex274_frontend_square_structures_20260609_1138/ex274/aigs/ex274_square_karatsuba_square_wreduce_abc_g_aig.aig,0,0,0,,,,21630,,,,0.000,square_specific_structural_rtl,unexpected widths input=16 output=32 expected=12->24
ex274,ex274_square_karatsuba_square_arith_wreduce_aig,unsigned_square_x_times_x,karatsuba_square+arith_wreduce_aig,student/work/ex270_ex274_frontend_square_structures_20260609_1138/ex274/verilog/ex274_square_karatsuba_square.v,student/work/ex270_ex274_frontend_square_structures_20260609_1138/ex274/aigs/ex274_square_karatsuba_square_arith_wreduce_aig.aig,0,0,0,,,,21630,,,,0.000,square_specific_structural_rtl,unexpected widths input=16 output=32 expected=12->24
ex274,ex274_square_karatsuba_square_synth_preset_d20,unsigned_square_x_times_x,karatsuba_square+synth_preset_d20,student/work/ex270_ex274_frontend_square_structures_20260609_1138/ex274/verilog/ex274_square_karatsuba_square.v,student/work/ex270_ex274_frontend_square_structures_20260609_1138/ex274/aigs/ex274_square_karatsuba_square_synth_preset_d20.aig,0,0,0,,,,21630,,,,0.000,square_specific_structural_rtl,unexpected widths input=16 output=32 expected=12->24
ex274,ex274_square_low4_case_high_direct_abc_g_aig,unsigned_square_x_times_x,low4_case_high_direct+abc_g_aig,student/work/ex270_ex274_frontend_square_structures_20260609_1138/ex274/verilog/ex274_square_low4_case_high_direct.v,student/work/ex270_ex274_frontend_square_structures_20260609_1138/ex274/aigs/ex274_square_low4_case_high_direct_abc_g_aig.aig,0,0,0,,,,21630,,,,0.000,square_specific_structural_rtl,unexpected widths input=16 output=32 expected=12->24
ex274,ex274_square_low4_case_high_direct_wreduce_abc_g_aig,unsigned_square_x_times_x,low4_case_high_direct+wreduce_abc_g_aig,student/work/ex270_ex274_frontend_square_structures_20260609_1138/ex274/verilog/ex274_square_low4_case_high_direct.v,student/work/ex270_ex274_frontend_square_structures_20260609_1138/ex274/aigs/ex274_square_low4_case_high_direct_wreduce_abc_g_aig.aig,0,0,0,,,,21630,,,,0.000,square_specific_structural_rtl,unexpected widths input=16 output=32 expected=12->24
ex274,ex274_square_low4_case_high_direct_arith_wreduce_aig,unsigned_square_x_times_x,low4_case_high_direct+arith_wreduce_aig,student/work/ex270_ex274_frontend_square_structures_20260609_1138/ex274/verilog/ex274_square_low4_case_high_direct.v,student/work/ex270_ex274_frontend_square_structures_20260609_1138/ex274/aigs/ex274_square_low4_case_high_direct_arith_wreduce_aig.aig,0,0,0,,,,21630,,,,0.000,square_specific_structural_rtl,unexpected widths input=16 output=32 expected=12->24
ex274,ex274_square_low4_case_high_direct_synth_preset_d20,unsigned_square_x_times_x,low4_case_high_direct+synth_preset_d20,student/work/ex270_ex274_frontend_square_structures_20260609_1138/ex274/verilog/ex274_square_low4_case_high_direct.v,student/work/ex270_ex274_frontend_square_structures_20260609_1138/ex274/aigs/ex274_square_low4_case_high_direct_synth_preset_d20.aig,0,0,0,,,,21630,,,,0.000,square_specific_structural_rtl,unexpected widths input=16 output=32 expected=12->24
ex274,ex274_square_low5_case_high_direct_abc_g_aig,unsigned_square_x_times_x,low5_case_high_direct+abc_g_aig,student/work/ex270_ex274_frontend_square_structures_20260609_1138/ex274/verilog/ex274_square_low5_case_high_direct.v,student/work/ex270_ex274_frontend_square_structures_20260609_1138/ex274/aigs/ex274_square_low5_case_high_direct_abc_g_aig.aig,0,0,0,,,,21630,,,,0.000,square_specific_structural_rtl,unexpected widths input=16 output=32 expected=12->24
ex274,ex274_square_low5_case_high_direct_wreduce_abc_g_aig,unsigned_square_x_times_x,low5_case_high_direct+wreduce_abc_g_aig,student/work/ex270_ex274_frontend_square_structures_20260609_1138/ex274/verilog/ex274_square_low5_case_high_direct.v,student/work/ex270_ex274_frontend_square_structures_20260609_1138/ex274/aigs/ex274_square_low5_case_high_direct_wreduce_abc_g_aig.aig,0,0,0,,,,21630,,,,0.000,square_specific_structural_rtl,unexpected widths input=16 output=32 expected=12->24
ex274,ex274_square_low5_case_high_direct_arith_wreduce_aig,unsigned_square_x_times_x,low5_case_high_direct+arith_wreduce_aig,student/work/ex270_ex274_frontend_square_structures_20260609_1138/ex274/verilog/ex274_square_low5_case_high_direct.v,student/work/ex270_ex274_frontend_square_structures_20260609_1138/ex274/aigs/ex274_square_low5_case_high_direct_arith_wreduce_aig.aig,0,0,0,,,,21630,,,,0.000,square_specific_structural_rtl,unexpected widths input=16 output=32 expected=12->24
ex274,ex274_square_low5_case_high_direct_synth_preset_d20,unsigned_square_x_times_x,low5_case_high_direct+synth_preset_d20,student/work/ex270_ex274_frontend_square_structures_20260609_1138/ex274/verilog/ex274_square_low5_case_high_direct.v,student/work/ex270_ex274_frontend_square_structures_20260609_1138/ex274/aigs/ex274_square_low5_case_high_direct_synth_preset_d20.aig,0,0,0,,,,21630,,,,0.000,square_specific_structural_rtl,unexpected widths input=16 output=32 expected=12->24
