case,candidate_id,hypothesis,variant,verilog_path,aig_path,verified_truth,synthesized,equivalent,area,delay,adp,runtime_sec,items,notes,pool_source,source_csv
ex200,ex200_bf16_exp_sign_exp_mant_case,bf16_exp,sign_exp_mant_case,student/work/reverse_bf16_deep_20260603_1223/ex200/verilog/ex200_bf16_exp_sign_exp_mant_case.v,student/work/reverse_bf16_deep_20260603_1223/ex200/aigs/ex200_bf16_exp_sign_exp_mant_case.aig,1,1,1,3749,17,63733,2.792,4576,bf16 Verilog table factoring seed,bf16_deep_variants_20260603_1223,bf16_deep_variants_20260603_1223.csv
ex200,ex200_bf16_exp_split_sign_exp_mant_case,bf16_exp,split_sign_exp_mant_case,student/work/reverse_bf16_deep_20260603_1223/ex200/verilog/ex200_bf16_exp_split_sign_exp_mant_case.v,student/work/reverse_bf16_deep_20260603_1223/ex200/aigs/ex200_bf16_exp_split_sign_exp_mant_case.aig,1,1,1,3807,17,64719,2.562,4576,bf16 Verilog table factoring seed,bf16_deep_variants_20260603_1223,bf16_deep_variants_20260603_1223.csv
ex200,ex200_bf16_exp_exp_mant_pair_case,bf16_exp,exp_mant_pair_case,student/work/reverse_bf16_deep_20260603_1223/ex200/verilog/ex200_bf16_exp_exp_mant_pair_case.v,student/work/reverse_bf16_deep_20260603_1223/ex200/aigs/ex200_bf16_exp_exp_mant_pair_case.aig,1,1,1,3711,18,66798,2.422,2415,bf16 Verilog table factoring seed,bf16_deep_variants_20260603_1223,bf16_deep_variants_20260603_1223.csv
ex200,ex200_bf16_exp_semantic_field_reassembly,bf16_exp,semantic_field_reassembly,student/work/reverse_bf16_aggressive_semantic_20260603_1711/ex200/verilog/ex200_bf16_exp_semantic_field_reassembly.v,student/work/reverse_bf16_aggressive_semantic_20260603_1711/ex200/aigs/ex200_bf16_exp_semantic_field_reassembly.aig,1,1,1,3737,18,67266,12.372,65536,aggressive semantic BF16 field RTL,bf16_aggressive_semantic_20260603_1711,bf16_aggressive_semantic_20260603_1711.csv
ex200,ex200_bf16_exp_sign_exp_default_expr_case,bf16_exp,sign_exp_default_expr_case,student/work/reverse_bf16_deep_20260603_1223/ex200/verilog/ex200_bf16_exp_sign_exp_default_expr_case.v,student/work/reverse_bf16_deep_20260603_1223/ex200/aigs/ex200_bf16_exp_sign_exp_default_expr_case.aig,1,1,1,3836,18,69048,5.265,"groups=512; full_default_groups=242; exceptions=34146; defaults=abs_input:266,nan:2,pos_inf:122,zero:122",bf16 Verilog table factoring seed,bf16_deep_variants_20260603_1223,bf16_deep_variants_20260603_1223.csv
ex200,ex200_bf16_exp_positive_default_exp_mant_case,bf16_exp,positive_default_exp_mant_case,student/work/reverse_bf16_deep_20260603_1223/ex200/verilog/ex200_bf16_exp_positive_default_exp_mant_case.v,student/work/reverse_bf16_deep_20260603_1223/ex200/aigs/ex200_bf16_exp_positive_default_exp_mant_case.aig,1,1,1,3690,20,73800,2.647,4330; default=same; exceptions=17536,bf16 Verilog table factoring seed,bf16_deep_variants_20260603_1223,bf16_deep_variants_20260603_1223.csv
ex200,ex200_bf16_exp_semantic_positive_symmetry_fields,bf16_exp,semantic_positive_symmetry_fields,student/work/reverse_bf16_aggressive_semantic_20260603_1711/ex200/verilog/ex200_bf16_exp_semantic_positive_symmetry_fields.v,student/work/reverse_bf16_aggressive_semantic_20260603_1711/ex200/aigs/ex200_bf16_exp_semantic_positive_symmetry_fields.aig,1,1,1,3698,20,73960,10.052,positive_entries=32768; relation=zero; negative_exceptions=17198,aggressive semantic BF16 field RTL,bf16_aggressive_semantic_20260603_1711,bf16_aggressive_semantic_20260603_1711.csv
ex200,ex200_bf16_exp_semantic_positive_field_defaults,bf16_exp,semantic_positive_field_defaults,student/work/reverse_bf16_aggressive_semantic_20260603_1711/ex200/verilog/ex200_bf16_exp_semantic_positive_field_defaults.v,student/work/reverse_bf16_aggressive_semantic_20260603_1711/ex200/aigs/ex200_bf16_exp_semantic_positive_field_defaults.aig,1,1,1,3731,20,74620,5.294,positive_exp_groups=256; full_default_groups=241; positive_exceptions=1524; relation=zero; negative_exceptions=17198,aggressive semantic BF16 field RTL,bf16_aggressive_semantic_20260603_1711,bf16_aggressive_semantic_20260603_1711.csv
ex200,ex200_bf16_exp_exp_mant_delta_pair,bf16_exp,exp_mant_delta_pair,student/work/reverse_bf16_deep_20260603_1223/ex200/verilog/ex200_bf16_exp_exp_mant_delta_pair.v,student/work/reverse_bf16_deep_20260603_1223/ex200/aigs/ex200_bf16_exp_exp_mant_delta_pair.aig,1,1,1,3763,20,75260,2.507,2671,bf16 Verilog table factoring seed,bf16_deep_variants_20260603_1223,bf16_deep_variants_20260603_1223.csv
ex200,ex200_bf16_exp_default_expr_exception_case,bf16_exp,default_expr_exception_case,student/work/reverse_bf16_deep_20260603_1223/ex200/verilog/ex200_bf16_exp_default_expr_exception_case.v,student/work/reverse_bf16_deep_20260603_1223/ex200/aigs/ex200_bf16_exp_default_expr_exception_case.aig,1,1,1,3773,20,75460,8.187,exceptions=49966; default=zero; matches=15570,bf16 Verilog table factoring seed,bf16_deep_variants_20260603_1223,bf16_deep_variants_20260603_1223.csv
ex200,ex200_bf16_exp_value_case,bf16_exp,value_case,student/work/reverse_bf16_deep_20260603_1223/ex200/verilog/ex200_bf16_exp_value_case.v,student/work/reverse_bf16_deep_20260603_1223/ex200/aigs/ex200_bf16_exp_value_case.aig,1,1,1,3773,20,75460,8.354,65536,bf16 Verilog table factoring seed,bf16_deep_variants_20260603_1223,bf16_deep_variants_20260603_1223.csv
ex200,ex200_bf16_exp_semantic_sign_exp_field_defaults,bf16_exp,semantic_sign_exp_field_defaults,student/work/reverse_bf16_aggressive_semantic_20260603_1711/ex200/verilog/ex200_bf16_exp_semantic_sign_exp_field_defaults.v,student/work/reverse_bf16_aggressive_semantic_20260603_1711/ex200/aigs/ex200_bf16_exp_semantic_sign_exp_field_defaults.aig,1,1,1,4045,19,76855,3.356,groups=512; full_default_groups=480; exceptions=3159,aggressive semantic BF16 field RTL,bf16_aggressive_semantic_20260603_1711,bf16_aggressive_semantic_20260603_1711.csv
ex200,ex200_bf16_exp_positive_default_exp_mant_delta,bf16_exp,positive_default_exp_mant_delta,student/work/reverse_bf16_deep_20260603_1223/ex200/verilog/ex200_bf16_exp_positive_default_exp_mant_delta.v,student/work/reverse_bf16_deep_20260603_1223/ex200/aigs/ex200_bf16_exp_positive_default_exp_mant_delta.aig,1,1,1,3739,21,78519,2.759,4586; default=same; exceptions=17536,bf16 Verilog table factoring seed,bf16_deep_variants_20260603_1223,bf16_deep_variants_20260603_1223.csv
ex200,ex200_bf16_exp_sign_pair_case,bf16_exp,sign_pair_case,student/work/reverse_bf16_deep_20260603_1223/ex200/verilog/ex200_bf16_exp_sign_pair_case.v,student/work/reverse_bf16_deep_20260603_1223/ex200/aigs/ex200_bf16_exp_sign_pair_case.aig,1,1,1,3709,22,81598,6.418,32768,bf16 Verilog table factoring seed,bf16_deep_variants_20260603_1223,bf16_deep_variants_20260603_1223.csv
ex200,ex200_bf16_exp_semantic_exp_delta_fields,bf16_exp,semantic_exp_delta_fields,student/work/reverse_bf16_aggressive_semantic_20260603_1711/ex200/verilog/ex200_bf16_exp_semantic_exp_delta_fields.v,student/work/reverse_bf16_aggressive_semantic_20260603_1711/ex200/aigs/ex200_bf16_exp_semantic_exp_delta_fields.aig,1,1,1,3784,31,117304,10.854,base=lookup_by_input_exp; positive_entries=32768; normal_entries=17074; special_entries=15694; relation=zero; negative_exceptions=17198,aggressive semantic BF16 field RTL,bf16_aggressive_semantic_20260603_1711,bf16_aggressive_semantic_20260603_1711.csv
ex201,ex201_bf16_exp2_exp_mant_pair_case,bf16_exp2,exp_mant_pair_case,student/work/reverse_bf16_deep_20260603_1223/ex201/verilog/ex201_bf16_exp2_exp_mant_pair_case.v,student/work/reverse_bf16_deep_20260603_1223/ex201/aigs/ex201_bf16_exp2_exp_mant_pair_case.aig,1,1,1,1599,15,23985,1.702,2415,bf16 Verilog table factoring seed,bf16_deep_variants_20260603_1223,bf16_deep_variants_20260603_1223.csv
ex201,ex201_bf16_exp2_sign_exp_mant_case,bf16_exp2,sign_exp_mant_case,student/work/reverse_bf16_deep_20260603_1223/ex201/verilog/ex201_bf16_exp2_sign_exp_mant_case.v,student/work/reverse_bf16_deep_20260603_1223/ex201/aigs/ex201_bf16_exp2_sign_exp_mant_case.aig,1,1,1,1693,15,25395,2.091,4449,bf16 Verilog table factoring seed,bf16_deep_variants_20260603_1223,bf16_deep_variants_20260603_1223.csv
ex201,ex201_bf16_exp2_split_sign_exp_mant_case,bf16_exp2,split_sign_exp_mant_case,student/work/reverse_bf16_deep_20260603_1223/ex201/verilog/ex201_bf16_exp2_split_sign_exp_mant_case.v,student/work/reverse_bf16_deep_20260603_1223/ex201/aigs/ex201_bf16_exp2_split_sign_exp_mant_case.aig,1,1,1,1723,15,25845,2.030,4449,bf16 Verilog table factoring seed,bf16_deep_variants_20260603_1223,bf16_deep_variants_20260603_1223.csv
ex201,ex201_bf16_exp2_semantic_field_reassembly,bf16_exp2,semantic_field_reassembly,student/work/reverse_bf16_aggressive_semantic_20260603_1711/ex201/verilog/ex201_bf16_exp2_semantic_field_reassembly.v,student/work/reverse_bf16_aggressive_semantic_20260603_1711/ex201/aigs/ex201_bf16_exp2_semantic_field_reassembly.aig,1,1,1,1709,16,27344,9.618,65536,aggressive semantic BF16 field RTL,bf16_aggressive_semantic_20260603_1711,bf16_aggressive_semantic_20260603_1711.csv
ex201,ex201_bf16_exp2_sign_exp_default_expr_case,bf16_exp2,sign_exp_default_expr_case,student/work/reverse_bf16_deep_20260603_1223/ex201/verilog/ex201_bf16_exp2_sign_exp_default_expr_case.v,student/work/reverse_bf16_deep_20260603_1223/ex201/aigs/ex201_bf16_exp2_sign_exp_default_expr_case.aig,1,1,1,1720,16,27520,4.372,"groups=512; full_default_groups=242; exceptions=34302; defaults=abs_input:267,nan:2,pos_inf:121,zero:122",bf16 Verilog table factoring seed,bf16_deep_variants_20260603_1223,bf16_deep_variants_20260603_1223.csv
ex201,ex201_bf16_exp2_semantic_positive_field_defaults,bf16_exp2,semantic_positive_field_defaults,student/work/reverse_bf16_aggressive_semantic_20260603_1711/ex201/verilog/ex201_bf16_exp2_semantic_positive_field_defaults.v,student/work/reverse_bf16_aggressive_semantic_20260603_1711/ex201/aigs/ex201_bf16_exp2_semantic_positive_field_defaults.aig,1,1,1,1624,17,27608,5.024,positive_exp_groups=256; full_default_groups=241; positive_exceptions=1537; relation=zero; negative_exceptions=17276,aggressive semantic BF16 field RTL,bf16_aggressive_semantic_20260603_1711,bf16_aggressive_semantic_20260603_1711.csv
ex201,ex201_bf16_exp2_positive_default_exp_mant_case,bf16_exp2,positive_default_exp_mant_case,student/work/reverse_bf16_deep_20260603_1223/ex201/verilog/ex201_bf16_exp2_positive_default_exp_mant_case.v,student/work/reverse_bf16_deep_20260603_1223/ex201/aigs/ex201_bf16_exp2_positive_default_exp_mant_case.aig,1,1,1,1597,18,28746,1.969,4147; default=same; exceptions=17480,bf16 Verilog table factoring seed,bf16_deep_variants_20260603_1223,bf16_deep_variants_20260603_1223.csv
ex201,ex201_bf16_exp2_positive_default_exp_mant_delta,bf16_exp2,positive_default_exp_mant_delta,student/work/reverse_bf16_deep_20260603_1223/ex201/verilog/ex201_bf16_exp2_positive_default_exp_mant_delta.v,student/work/reverse_bf16_deep_20260603_1223/ex201/aigs/ex201_bf16_exp2_positive_default_exp_mant_delta.aig,1,1,1,1618,18,29124,2.016,4403; default=same; exceptions=17480,bf16 Verilog table factoring seed,bf16_deep_variants_20260603_1223,bf16_deep_variants_20260603_1223.csv
ex201,ex201_bf16_exp2_semantic_sign_exp_field_defaults,bf16_exp2,semantic_sign_exp_field_defaults,student/work/reverse_bf16_aggressive_semantic_20260603_1711/ex201/verilog/ex201_bf16_exp2_semantic_sign_exp_field_defaults.v,student/work/reverse_bf16_aggressive_semantic_20260603_1711/ex201/aigs/ex201_bf16_exp2_semantic_sign_exp_field_defaults.aig,1,1,1,1894,16,30304,2.419,groups=512; full_default_groups=481; exceptions=3185,aggressive semantic BF16 field RTL,bf16_aggressive_semantic_20260603_1711,bf16_aggressive_semantic_20260603_1711.csv
ex201,ex201_bf16_exp2_exp_mant_delta_pair,bf16_exp2,exp_mant_delta_pair,student/work/reverse_bf16_deep_20260603_1223/ex201/verilog/ex201_bf16_exp2_exp_mant_delta_pair.v,student/work/reverse_bf16_deep_20260603_1223/ex201/aigs/ex201_bf16_exp2_exp_mant_delta_pair.aig,1,1,1,1660,19,31540,2.108,2671,bf16 Verilog table factoring seed,bf16_deep_variants_20260603_1223,bf16_deep_variants_20260603_1223.csv
ex201,ex201_bf16_exp2_semantic_positive_symmetry_fields,bf16_exp2,semantic_positive_symmetry_fields,student/work/reverse_bf16_aggressive_semantic_20260603_1711/ex201/verilog/ex201_bf16_exp2_semantic_positive_symmetry_fields.v,student/work/reverse_bf16_aggressive_semantic_20260603_1711/ex201/aigs/ex201_bf16_exp2_semantic_positive_symmetry_fields.aig,1,1,1,1672,19,31768,8.698,positive_entries=32768; relation=zero; negative_exceptions=17276,aggressive semantic BF16 field RTL,bf16_aggressive_semantic_20260603_1711,bf16_aggressive_semantic_20260603_1711.csv
ex201,ex201_bf16_exp2_sign_pair_case,bf16_exp2,sign_pair_case,student/work/reverse_bf16_deep_20260603_1223/ex201/verilog/ex201_bf16_exp2_sign_pair_case.v,student/work/reverse_bf16_deep_20260603_1223/ex201/aigs/ex201_bf16_exp2_sign_pair_case.aig,1,1,1,1675,19,31825,5.773,32768,bf16 Verilog table factoring seed,bf16_deep_variants_20260603_1223,bf16_deep_variants_20260603_1223.csv
ex201,ex201_bf16_exp2_default_expr_exception_case,bf16_exp2,default_expr_exception_case,student/work/reverse_bf16_deep_20260603_1223/ex201/verilog/ex201_bf16_exp2_default_expr_exception_case.v,student/work/reverse_bf16_deep_20260603_1223/ex201/aigs/ex201_bf16_exp2_default_expr_exception_case.aig,1,1,1,1684,19,31996,7.527,exceptions=50044; default=zero; matches=15492,bf16 Verilog table factoring seed,bf16_deep_variants_20260603_1223,bf16_deep_variants_20260603_1223.csv
ex201,ex201_bf16_exp2_value_case,bf16_exp2,value_case,student/work/reverse_bf16_deep_20260603_1223/ex201/verilog/ex201_bf16_exp2_value_case.v,student/work/reverse_bf16_deep_20260603_1223/ex201/aigs/ex201_bf16_exp2_value_case.aig,1,1,1,1684,19,31996,7.743,65536,bf16 Verilog table factoring seed,bf16_deep_variants_20260603_1223,bf16_deep_variants_20260603_1223.csv
ex201,ex201_bf16_exp2_semantic_exp_delta_fields,bf16_exp2,semantic_exp_delta_fields,student/work/reverse_bf16_aggressive_semantic_20260603_1711/ex201/verilog/ex201_bf16_exp2_semantic_exp_delta_fields.v,student/work/reverse_bf16_aggressive_semantic_20260603_1711/ex201/aigs/ex201_bf16_exp2_semantic_exp_delta_fields.aig,1,1,1,1653,20,33060,11.197,base=lookup_by_input_exp; positive_entries=32768; normal_entries=17152; special_entries=15616; relation=zero; negative_exceptions=17276,aggressive semantic BF16 field RTL,bf16_aggressive_semantic_20260603_1711,bf16_aggressive_semantic_20260603_1711.csv
ex202,ex202_bf16_exp10_semantic_sign_exp_field_defaults,bf16_exp10,semantic_sign_exp_field_defaults,student/work/reverse_bf16_aggressive_semantic_20260603_1711/ex202/verilog/ex202_bf16_exp10_semantic_sign_exp_field_defaults.v,student/work/reverse_bf16_aggressive_semantic_20260603_1711/ex202/aigs/ex202_bf16_exp10_semantic_sign_exp_field_defaults.aig,1,1,1,3702,16,59232,3.207,groups=512; full_default_groups=479; exceptions=3162,aggressive semantic BF16 field RTL,bf16_aggressive_semantic_20260603_1711,bf16_aggressive_semantic_20260603_1711.csv
ex202,ex202_bf16_exp10_exp_mant_pair_case,bf16_exp10,exp_mant_pair_case,student/work/reverse_bf16_deep_20260603_1223/ex202/verilog/ex202_bf16_exp10_exp_mant_pair_case.v,student/work/reverse_bf16_deep_20260603_1223/ex202/aigs/ex202_bf16_exp10_exp_mant_pair_case.aig,1,1,1,3661,17,62237,2.425,2542,bf16 Verilog table factoring seed,bf16_deep_variants_20260603_1223,bf16_deep_variants_20260603_1223.csv
ex202,ex202_bf16_exp10_split_sign_exp_mant_case,bf16_exp10,split_sign_exp_mant_case,student/work/reverse_bf16_deep_20260603_1223/ex202/verilog/ex202_bf16_exp10_split_sign_exp_mant_case.v,student/work/reverse_bf16_deep_20260603_1223/ex202/aigs/ex202_bf16_exp10_split_sign_exp_mant_case.aig,1,1,1,3703,17,62951,2.596,4703,bf16 Verilog table factoring seed,bf16_deep_variants_20260603_1223,bf16_deep_variants_20260603_1223.csv
ex202,ex202_bf16_exp10_sign_exp_default_expr_case,bf16_exp10,sign_exp_default_expr_case,student/work/reverse_bf16_deep_20260603_1223/ex202/verilog/ex202_bf16_exp10_sign_exp_default_expr_case.v,student/work/reverse_bf16_deep_20260603_1223/ex202/aigs/ex202_bf16_exp10_sign_exp_default_expr_case.aig,1,1,1,3705,17,62985,4.945,"groups=512; full_default_groups=244; exceptions=33845; defaults=abs_input:264,nan:2,pos_inf:123,zero:123",bf16 Verilog table factoring seed,bf16_deep_variants_20260603_1223,bf16_deep_variants_20260603_1223.csv
ex202,ex202_bf16_exp10_sign_exp_mant_case,bf16_exp10,sign_exp_mant_case,student/work/reverse_bf16_deep_20260603_1223/ex202/verilog/ex202_bf16_exp10_sign_exp_mant_case.v,student/work/reverse_bf16_deep_20260603_1223/ex202/aigs/ex202_bf16_exp10_sign_exp_mant_case.aig,1,1,1,3713,17,63121,2.830,4703,bf16 Verilog table factoring seed,bf16_deep_variants_20260603_1223,bf16_deep_variants_20260603_1223.csv
ex202,ex202_bf16_exp10_semantic_field_reassembly,bf16_exp10,semantic_field_reassembly,student/work/reverse_bf16_aggressive_semantic_20260603_1711/ex202/verilog/ex202_bf16_exp10_semantic_field_reassembly.v,student/work/reverse_bf16_aggressive_semantic_20260603_1711/ex202/aigs/ex202_bf16_exp10_semantic_field_reassembly.aig,1,1,1,3728,17,63376,11.459,65536,aggressive semantic BF16 field RTL,bf16_aggressive_semantic_20260603_1711,bf16_aggressive_semantic_20260603_1711.csv
ex202,ex202_bf16_exp10_positive_default_exp_mant_case,bf16_exp10,positive_default_exp_mant_case,student/work/reverse_bf16_deep_20260603_1223/ex202/verilog/ex202_bf16_exp10_positive_default_exp_mant_case.v,student/work/reverse_bf16_deep_20260603_1223/ex202/aigs/ex202_bf16_exp10_positive_default_exp_mant_case.aig,1,1,1,3667,18,66006,2.607,4365; default=same; exceptions=17698,bf16 Verilog table factoring seed,bf16_deep_variants_20260603_1223,bf16_deep_variants_20260603_1223.csv
ex202,ex202_bf16_exp10_semantic_positive_field_defaults,bf16_exp10,semantic_positive_field_defaults,student/work/reverse_bf16_aggressive_semantic_20260603_1711/ex202/verilog/ex202_bf16_exp10_semantic_positive_field_defaults.v,student/work/reverse_bf16_aggressive_semantic_20260603_1711/ex202/aigs/ex202_bf16_exp10_semantic_positive_field_defaults.aig,1,1,1,3645,19,69255,5.302,positive_exp_groups=256; full_default_groups=240; positive_exceptions=1525; relation=zero; negative_exceptions=17047,aggressive semantic BF16 field RTL,bf16_aggressive_semantic_20260603_1711,bf16_aggressive_semantic_20260603_1711.csv
ex202,ex202_bf16_exp10_default_expr_exception_case,bf16_exp10,default_expr_exception_case,student/work/reverse_bf16_deep_20260603_1223/ex202/verilog/ex202_bf16_exp10_default_expr_exception_case.v,student/work/reverse_bf16_deep_20260603_1223/ex202/aigs/ex202_bf16_exp10_default_expr_exception_case.aig,1,1,1,3691,20,73820,7.974,exceptions=49815; default=zero; matches=15721,bf16 Verilog table factoring seed,bf16_deep_variants_20260603_1223,bf16_deep_variants_20260603_1223.csv
ex202,ex202_bf16_exp10_value_case,bf16_exp10,value_case,student/work/reverse_bf16_deep_20260603_1223/ex202/verilog/ex202_bf16_exp10_value_case.v,student/work/reverse_bf16_deep_20260603_1223/ex202/aigs/ex202_bf16_exp10_value_case.aig,1,1,1,3691,20,73820,8.380,65536,bf16 Verilog table factoring seed,bf16_deep_variants_20260603_1223,bf16_deep_variants_20260603_1223.csv
ex202,ex202_bf16_exp10_semantic_positive_symmetry_fields,bf16_exp10,semantic_positive_symmetry_fields,student/work/reverse_bf16_aggressive_semantic_20260603_1711/ex202/verilog/ex202_bf16_exp10_semantic_positive_symmetry_fields.v,student/work/reverse_bf16_aggressive_semantic_20260603_1711/ex202/aigs/ex202_bf16_exp10_semantic_positive_symmetry_fields.aig,1,1,1,3709,20,74180,9.301,positive_entries=32768; relation=zero; negative_exceptions=17047,aggressive semantic BF16 field RTL,bf16_aggressive_semantic_20260603_1711,bf16_aggressive_semantic_20260603_1711.csv
ex202,ex202_bf16_exp10_sign_pair_case,bf16_exp10,sign_pair_case,student/work/reverse_bf16_deep_20260603_1223/ex202/verilog/ex202_bf16_exp10_sign_pair_case.v,student/work/reverse_bf16_deep_20260603_1223/ex202/aigs/ex202_bf16_exp10_sign_pair_case.aig,1,1,1,3742,20,74840,6.434,32768,bf16 Verilog table factoring seed,bf16_deep_variants_20260603_1223,bf16_deep_variants_20260603_1223.csv
ex202,ex202_bf16_exp10_exp_mant_delta_pair,bf16_exp10,exp_mant_delta_pair,student/work/reverse_bf16_deep_20260603_1223/ex202/verilog/ex202_bf16_exp10_exp_mant_delta_pair.v,student/work/reverse_bf16_deep_20260603_1223/ex202/aigs/ex202_bf16_exp10_exp_mant_delta_pair.aig,1,1,1,3790,20,75800,2.511,2798,bf16 Verilog table factoring seed,bf16_deep_variants_20260603_1223,bf16_deep_variants_20260603_1223.csv
ex202,ex202_bf16_exp10_positive_default_exp_mant_delta,bf16_exp10,positive_default_exp_mant_delta,student/work/reverse_bf16_deep_20260603_1223/ex202/verilog/ex202_bf16_exp10_positive_default_exp_mant_delta.v,student/work/reverse_bf16_deep_20260603_1223/ex202/aigs/ex202_bf16_exp10_positive_default_exp_mant_delta.aig,1,1,1,3782,24,90768,2.757,4621; default=same; exceptions=17698,bf16 Verilog table factoring seed,bf16_deep_variants_20260603_1223,bf16_deep_variants_20260603_1223.csv
ex202,ex202_bf16_exp10_semantic_exp_delta_fields,bf16_exp10,semantic_exp_delta_fields,student/work/reverse_bf16_aggressive_semantic_20260603_1711/ex202/verilog/ex202_bf16_exp10_semantic_exp_delta_fields.v,student/work/reverse_bf16_aggressive_semantic_20260603_1711/ex202/aigs/ex202_bf16_exp10_semantic_exp_delta_fields.aig,1,1,1,3743,32,119776,10.875,base=lookup_by_input_exp; positive_entries=32768; normal_entries=16923; special_entries=15845; relation=zero; negative_exceptions=17047,aggressive semantic BF16 field RTL,bf16_aggressive_semantic_20260603_1711,bf16_aggressive_semantic_20260603_1711.csv
ex203,ex203_bf16_log_sign_exp_mant_case,bf16_log,sign_exp_mant_case,student/work/reverse_bf16_deep_20260603_1223/ex203/verilog/ex203_bf16_log_sign_exp_mant_case.v,student/work/reverse_bf16_deep_20260603_1223/ex203/aigs/ex203_bf16_log_sign_exp_mant_case.aig,1,1,1,4546,18,81828,6.396,32897,bf16 Verilog table factoring seed,bf16_deep_variants_20260603_1223,bf16_deep_variants_20260603_1223.csv
ex203,ex203_bf16_log_split_sign_exp_mant_case,bf16_log,split_sign_exp_mant_case,student/work/reverse_bf16_deep_20260603_1223/ex203/verilog/ex203_bf16_log_split_sign_exp_mant_case.v,student/work/reverse_bf16_deep_20260603_1223/ex203/aigs/ex203_bf16_log_split_sign_exp_mant_case.aig,1,1,1,4428,19,84132,6.362,32897,bf16 Verilog table factoring seed,bf16_deep_variants_20260603_1223,bf16_deep_variants_20260603_1223.csv
ex203,ex203_bf16_log_sign_exp_default_expr_case,bf16_log,sign_exp_default_expr_case,student/work/reverse_bf16_deep_20260603_1223/ex203/verilog/ex203_bf16_log_sign_exp_default_expr_case.v,student/work/reverse_bf16_deep_20260603_1223/ex203/aigs/ex203_bf16_log_sign_exp_default_expr_case.aig,1,1,1,4770,18,85860,7.189,"groups=512; full_default_groups=256; exceptions=32640; defaults=abs_input:254,nan:256,sign_inf:1,sign_zero:1",bf16 Verilog table factoring seed,bf16_deep_variants_20260603_1223,bf16_deep_variants_20260603_1223.csv
ex203,ex203_bf16_log_semantic_sign_exp_field_defaults,bf16_log,semantic_sign_exp_field_defaults,student/work/reverse_bf16_aggressive_semantic_20260603_1711/ex203/verilog/ex203_bf16_log_semantic_sign_exp_field_defaults.v,student/work/reverse_bf16_aggressive_semantic_20260603_1711/ex203/aigs/ex203_bf16_log_semantic_sign_exp_field_defaults.aig,1,1,1,4649,19,88331,7.510,groups=512; full_default_groups=257; exceptions=20152,aggressive semantic BF16 field RTL,bf16_aggressive_semantic_20260603_1711,bf16_aggressive_semantic_20260603_1711.csv
ex203,ex203_bf16_log_positive_default_exp_mant_case,bf16_log,positive_default_exp_mant_case,student/work/reverse_bf16_deep_20260603_1223/ex203/verilog/ex203_bf16_log_positive_default_exp_mant_case.v,student/work/reverse_bf16_deep_20260603_1223/ex203/aigs/ex203_bf16_log_positive_default_exp_mant_case.aig,1,1,1,4432,20,88640,6.300,32642; default=nan; exceptions=128,bf16 Verilog table factoring seed,bf16_deep_variants_20260603_1223,bf16_deep_variants_20260603_1223.csv
ex203,ex203_bf16_log_semantic_field_reassembly,bf16_log,semantic_field_reassembly,student/work/reverse_bf16_aggressive_semantic_20260603_1711/ex203/verilog/ex203_bf16_log_semantic_field_reassembly.v,student/work/reverse_bf16_aggressive_semantic_20260603_1711/ex203/aigs/ex203_bf16_log_semantic_field_reassembly.aig,1,1,1,4808,19,91352,12.890,65536,aggressive semantic BF16 field RTL,bf16_aggressive_semantic_20260603_1711,bf16_aggressive_semantic_20260603_1711.csv
ex203,ex203_bf16_log_semantic_positive_field_defaults,bf16_log,semantic_positive_field_defaults,student/work/reverse_bf16_aggressive_semantic_20260603_1711/ex203/verilog/ex203_bf16_log_semantic_positive_field_defaults.v,student/work/reverse_bf16_aggressive_semantic_20260603_1711/ex203/aigs/ex203_bf16_log_semantic_positive_field_defaults.aig,1,1,1,4620,20,92400,7.409,positive_exp_groups=256; full_default_groups=1; positive_exceptions=20152; relation=nan; negative_exceptions=128,aggressive semantic BF16 field RTL,bf16_aggressive_semantic_20260603_1711,bf16_aggressive_semantic_20260603_1711.csv
ex203,ex203_bf16_log_positive_default_exp_mant_delta,bf16_log,positive_default_exp_mant_delta,student/work/reverse_bf16_deep_20260603_1223/ex203/verilog/ex203_bf16_log_positive_default_exp_mant_delta.v,student/work/reverse_bf16_deep_20260603_1223/ex203/aigs/ex203_bf16_log_positive_default_exp_mant_delta.aig,1,1,1,4414,21,92694,6.824,32898; default=nan; exceptions=128,bf16 Verilog table factoring seed,bf16_deep_variants_20260603_1223,bf16_deep_variants_20260603_1223.csv
ex203,ex203_bf16_log_exp_mant_pair_case,bf16_log,exp_mant_pair_case,student/work/reverse_bf16_deep_20260603_1223/ex203/verilog/ex203_bf16_log_exp_mant_pair_case.v,student/work/reverse_bf16_deep_20260603_1223/ex203/aigs/ex203_bf16_log_exp_mant_pair_case.aig,1,1,1,4428,21,92988,7.091,32641,bf16 Verilog table factoring seed,bf16_deep_variants_20260603_1223,bf16_deep_variants_20260603_1223.csv
ex203,ex203_bf16_log_exp_mant_delta_pair,bf16_log,exp_mant_delta_pair,student/work/reverse_bf16_deep_20260603_1223/ex203/verilog/ex203_bf16_log_exp_mant_delta_pair.v,student/work/reverse_bf16_deep_20260603_1223/ex203/aigs/ex203_bf16_log_exp_mant_delta_pair.aig,1,1,1,4437,21,93177,7.349,32897,bf16 Verilog table factoring seed,bf16_deep_variants_20260603_1223,bf16_deep_variants_20260603_1223.csv
ex203,ex203_bf16_log_semantic_positive_symmetry_fields,bf16_log,semantic_positive_symmetry_fields,student/work/reverse_bf16_aggressive_semantic_20260603_1711/ex203/verilog/ex203_bf16_log_semantic_positive_symmetry_fields.v,student/work/reverse_bf16_aggressive_semantic_20260603_1711/ex203/aigs/ex203_bf16_log_semantic_positive_symmetry_fields.aig,1,1,1,4314,23,99222,9.428,positive_entries=32768; relation=nan; negative_exceptions=128,aggressive semantic BF16 field RTL,bf16_aggressive_semantic_20260603_1711,bf16_aggressive_semantic_20260603_1711.csv
ex203,ex203_bf16_log_sign_pair_case,bf16_log,sign_pair_case,student/work/reverse_bf16_deep_20260603_1223/ex203/verilog/ex203_bf16_log_sign_pair_case.v,student/work/reverse_bf16_deep_20260603_1223/ex203/aigs/ex203_bf16_log_sign_pair_case.aig,1,1,1,4312,24,103488,7.742,32768,bf16 Verilog table factoring seed,bf16_deep_variants_20260603_1223,bf16_deep_variants_20260603_1223.csv
ex203,ex203_bf16_log_default_expr_exception_case,bf16_log,default_expr_exception_case,student/work/reverse_bf16_deep_20260603_1223/ex203/verilog/ex203_bf16_log_default_expr_exception_case.v,student/work/reverse_bf16_deep_20260603_1223/ex203/aigs/ex203_bf16_log_default_expr_exception_case.aig,1,1,1,4320,24,103680,9.506,exceptions=32769; default=nan; matches=32767,bf16 Verilog table factoring seed,bf16_deep_variants_20260603_1223,bf16_deep_variants_20260603_1223.csv
ex203,ex203_bf16_log_value_case,bf16_log,value_case,student/work/reverse_bf16_deep_20260603_1223/ex203/verilog/ex203_bf16_log_value_case.v,student/work/reverse_bf16_deep_20260603_1223/ex203/aigs/ex203_bf16_log_value_case.aig,1,1,1,4320,24,103680,10.293,65536,bf16 Verilog table factoring seed,bf16_deep_variants_20260603_1223,bf16_deep_variants_20260603_1223.csv
ex203,ex203_bf16_log_semantic_exp_delta_fields,bf16_log,semantic_exp_delta_fields,student/work/reverse_bf16_aggressive_semantic_20260603_1711/ex203/verilog/ex203_bf16_log_semantic_exp_delta_fields.v,student/work/reverse_bf16_aggressive_semantic_20260603_1711/ex203/aigs/ex203_bf16_log_semantic_exp_delta_fields.aig,1,1,1,4406,27,118962,13.109,base=lookup_by_input_exp; positive_entries=32768; normal_entries=32511; special_entries=257; relation=nan; negative_exceptions=128,aggressive semantic BF16 field RTL,bf16_aggressive_semantic_20260603_1711,bf16_aggressive_semantic_20260603_1711.csv
ex204,ex204_bf16_log2_exp_mant_delta_pair,bf16_log2,exp_mant_delta_pair,student/work/reverse_bf16_deep_20260603_1223/ex204/verilog/ex204_bf16_log2_exp_mant_delta_pair.v,student/work/reverse_bf16_deep_20260603_1223/ex204/aigs/ex204_bf16_log2_exp_mant_delta_pair.aig,1,1,1,1679,18,30222,5.797,32897,bf16 Verilog table factoring seed,bf16_deep_variants_20260603_1223,bf16_deep_variants_20260603_1223.csv
ex204,ex204_bf16_log2_positive_default_exp_mant_delta,bf16_log2,positive_default_exp_mant_delta,student/work/reverse_bf16_deep_20260603_1223/ex204/verilog/ex204_bf16_log2_positive_default_exp_mant_delta.v,student/work/reverse_bf16_deep_20260603_1223/ex204/aigs/ex204_bf16_log2_positive_default_exp_mant_delta.aig,1,1,1,1676,19,31844,5.187,32898; default=nan; exceptions=128,bf16 Verilog table factoring seed,bf16_deep_variants_20260603_1223,bf16_deep_variants_20260603_1223.csv
ex204,ex204_bf16_log2_positive_default_exp_mant_case,bf16_log2,positive_default_exp_mant_case,student/work/reverse_bf16_deep_20260603_1223/ex204/verilog/ex204_bf16_log2_positive_default_exp_mant_case.v,student/work/reverse_bf16_deep_20260603_1223/ex204/aigs/ex204_bf16_log2_positive_default_exp_mant_case.aig,1,1,1,2065,16,33040,5.140,32642; default=nan; exceptions=128,bf16 Verilog table factoring seed,bf16_deep_variants_20260603_1223,bf16_deep_variants_20260603_1223.csv
ex204,ex204_bf16_log2_split_sign_exp_mant_case,bf16_log2,split_sign_exp_mant_case,student/work/reverse_bf16_deep_20260603_1223/ex204/verilog/ex204_bf16_log2_split_sign_exp_mant_case.v,student/work/reverse_bf16_deep_20260603_1223/ex204/aigs/ex204_bf16_log2_split_sign_exp_mant_case.aig,1,1,1,2102,17,35734,5.365,32897,bf16 Verilog table factoring seed,bf16_deep_variants_20260603_1223,bf16_deep_variants_20260603_1223.csv
ex204,ex204_bf16_log2_sign_pair_case,bf16_log2,sign_pair_case,student/work/reverse_bf16_deep_20260603_1223/ex204/verilog/ex204_bf16_log2_sign_pair_case.v,student/work/reverse_bf16_deep_20260603_1223/ex204/aigs/ex204_bf16_log2_sign_pair_case.aig,1,1,1,1743,21,36603,7.263,32768,bf16 Verilog table factoring seed,bf16_deep_variants_20260603_1223,bf16_deep_variants_20260603_1223.csv
ex204,ex204_bf16_log2_semantic_positive_symmetry_fields,bf16_log2,semantic_positive_symmetry_fields,student/work/reverse_bf16_aggressive_semantic_20260603_1711/ex204/verilog/ex204_bf16_log2_semantic_positive_symmetry_fields.v,student/work/reverse_bf16_aggressive_semantic_20260603_1711/ex204/aigs/ex204_bf16_log2_semantic_positive_symmetry_fields.aig,1,1,1,1747,21,36687,8.521,positive_entries=32768; relation=nan; negative_exceptions=128,aggressive semantic BF16 field RTL,bf16_aggressive_semantic_20260603_1711,bf16_aggressive_semantic_20260603_1711.csv
ex204,ex204_bf16_log2_exp_mant_pair_case,bf16_log2,exp_mant_pair_case,student/work/reverse_bf16_deep_20260603_1223/ex204/verilog/ex204_bf16_log2_exp_mant_pair_case.v,student/work/reverse_bf16_deep_20260603_1223/ex204/aigs/ex204_bf16_log2_exp_mant_pair_case.aig,1,1,1,2075,18,37350,5.774,32641,bf16 Verilog table factoring seed,bf16_deep_variants_20260603_1223,bf16_deep_variants_20260603_1223.csv
ex204,ex204_bf16_log2_semantic_field_reassembly,bf16_log2,semantic_field_reassembly,student/work/reverse_bf16_aggressive_semantic_20260603_1711/ex204/verilog/ex204_bf16_log2_semantic_field_reassembly.v,student/work/reverse_bf16_aggressive_semantic_20260603_1711/ex204/aigs/ex204_bf16_log2_semantic_field_reassembly.aig,1,1,1,2360,16,37760,11.874,65536,aggressive semantic BF16 field RTL,bf16_aggressive_semantic_20260603_1711,bf16_aggressive_semantic_20260603_1711.csv
ex204,ex204_bf16_log2_semantic_positive_field_defaults,bf16_log2,semantic_positive_field_defaults,student/work/reverse_bf16_aggressive_semantic_20260603_1711/ex204/verilog/ex204_bf16_log2_semantic_positive_field_defaults.v,student/work/reverse_bf16_aggressive_semantic_20260603_1711/ex204/aigs/ex204_bf16_log2_semantic_positive_field_defaults.aig,1,1,1,2223,17,37791,6.098,positive_exp_groups=256; full_default_groups=1; positive_exceptions=21293; relation=nan; negative_exceptions=128,aggressive semantic BF16 field RTL,bf16_aggressive_semantic_20260603_1711,bf16_aggressive_semantic_20260603_1711.csv
ex204,ex204_bf16_log2_default_expr_exception_case,bf16_log2,default_expr_exception_case,student/work/reverse_bf16_deep_20260603_1223/ex204/verilog/ex204_bf16_log2_default_expr_exception_case.v,student/work/reverse_bf16_deep_20260603_1223/ex204/aigs/ex204_bf16_log2_default_expr_exception_case.aig,1,1,1,1745,22,38390,8.950,exceptions=32769; default=nan; matches=32767,bf16 Verilog table factoring seed,bf16_deep_variants_20260603_1223,bf16_deep_variants_20260603_1223.csv
ex204,ex204_bf16_log2_value_case,bf16_log2,value_case,student/work/reverse_bf16_deep_20260603_1223/ex204/verilog/ex204_bf16_log2_value_case.v,student/work/reverse_bf16_deep_20260603_1223/ex204/aigs/ex204_bf16_log2_value_case.aig,1,1,1,1745,22,38390,9.633,65536,bf16 Verilog table factoring seed,bf16_deep_variants_20260603_1223,bf16_deep_variants_20260603_1223.csv
ex204,ex204_bf16_log2_sign_exp_mant_case,bf16_log2,sign_exp_mant_case,student/work/reverse_bf16_deep_20260603_1223/ex204/verilog/ex204_bf16_log2_sign_exp_mant_case.v,student/work/reverse_bf16_deep_20260603_1223/ex204/aigs/ex204_bf16_log2_sign_exp_mant_case.aig,1,1,1,2270,17,38590,5.544,32897,bf16 Verilog table factoring seed,bf16_deep_variants_20260603_1223,bf16_deep_variants_20260603_1223.csv
ex204,ex204_bf16_log2_semantic_sign_exp_field_defaults,bf16_log2,semantic_sign_exp_field_defaults,student/work/reverse_bf16_aggressive_semantic_20260603_1711/ex204/verilog/ex204_bf16_log2_semantic_sign_exp_field_defaults.v,student/work/reverse_bf16_aggressive_semantic_20260603_1711/ex204/aigs/ex204_bf16_log2_semantic_sign_exp_field_defaults.aig,1,1,1,2528,16,40448,6.793,groups=512; full_default_groups=257; exceptions=21293,aggressive semantic BF16 field RTL,bf16_aggressive_semantic_20260603_1711,bf16_aggressive_semantic_20260603_1711.csv
ex204,ex204_bf16_log2_sign_exp_default_expr_case,bf16_log2,sign_exp_default_expr_case,student/work/reverse_bf16_deep_20260603_1223/ex204/verilog/ex204_bf16_log2_sign_exp_default_expr_case.v,student/work/reverse_bf16_deep_20260603_1223/ex204/aigs/ex204_bf16_log2_sign_exp_default_expr_case.aig,1,1,1,2511,17,42687,6.040,"groups=512; full_default_groups=256; exceptions=32639; defaults=abs_input:253,nan:256,sign_flip_input:1,sign_inf:1,sign_zero:1",bf16 Verilog table factoring seed,bf16_deep_variants_20260603_1223,bf16_deep_variants_20260603_1223.csv
ex204,ex204_bf16_log2_semantic_exp_delta_fields,bf16_log2,semantic_exp_delta_fields,student/work/reverse_bf16_aggressive_semantic_20260603_1711/ex204/verilog/ex204_bf16_log2_semantic_exp_delta_fields.v,student/work/reverse_bf16_aggressive_semantic_20260603_1711/ex204/aigs/ex204_bf16_log2_semantic_exp_delta_fields.aig,1,1,1,1770,26,46020,11.552,base=lookup_by_input_exp; positive_entries=32768; normal_entries=32511; special_entries=257; relation=nan; negative_exceptions=128,aggressive semantic BF16 field RTL,bf16_aggressive_semantic_20260603_1711,bf16_aggressive_semantic_20260603_1711.csv
ex205,ex205_bf16_log10_sign_exp_mant_case,bf16_log10,sign_exp_mant_case,student/work/reverse_bf16_deep_20260603_1223/ex205/verilog/ex205_bf16_log10_sign_exp_mant_case.v,student/work/reverse_bf16_deep_20260603_1223/ex205/aigs/ex205_bf16_log10_sign_exp_mant_case.aig,1,1,1,4631,18,83358,6.578,32897,bf16 Verilog table factoring seed,bf16_deep_variants_20260603_1223,bf16_deep_variants_20260603_1223.csv
ex205,ex205_bf16_log10_split_sign_exp_mant_case,bf16_log10,split_sign_exp_mant_case,student/work/reverse_bf16_deep_20260603_1223/ex205/verilog/ex205_bf16_log10_split_sign_exp_mant_case.v,student/work/reverse_bf16_deep_20260603_1223/ex205/aigs/ex205_bf16_log10_split_sign_exp_mant_case.aig,1,1,1,4393,19,83467,6.430,32897,bf16 Verilog table factoring seed,bf16_deep_variants_20260603_1223,bf16_deep_variants_20260603_1223.csv
ex205,ex205_bf16_log10_exp_mant_pair_case,bf16_log10,exp_mant_pair_case,student/work/reverse_bf16_deep_20260603_1223/ex205/verilog/ex205_bf16_log10_exp_mant_pair_case.v,student/work/reverse_bf16_deep_20260603_1223/ex205/aigs/ex205_bf16_log10_exp_mant_pair_case.aig,1,1,1,4415,19,83885,6.885,32641,bf16 Verilog table factoring seed,bf16_deep_variants_20260603_1223,bf16_deep_variants_20260603_1223.csv
ex205,ex205_bf16_log10_semantic_sign_exp_field_defaults,bf16_log10,semantic_sign_exp_field_defaults,student/work/reverse_bf16_aggressive_semantic_20260603_1711/ex205/verilog/ex205_bf16_log10_semantic_sign_exp_field_defaults.v,student/work/reverse_bf16_aggressive_semantic_20260603_1711/ex205/aigs/ex205_bf16_log10_semantic_sign_exp_field_defaults.aig,1,1,1,4669,18,84042,7.687,groups=512; full_default_groups=257; exceptions=20350,aggressive semantic BF16 field RTL,bf16_aggressive_semantic_20260603_1711,bf16_aggressive_semantic_20260603_1711.csv
ex205,ex205_bf16_log10_positive_default_exp_mant_case,bf16_log10,positive_default_exp_mant_case,student/work/reverse_bf16_deep_20260603_1223/ex205/verilog/ex205_bf16_log10_positive_default_exp_mant_case.v,student/work/reverse_bf16_deep_20260603_1223/ex205/aigs/ex205_bf16_log10_positive_default_exp_mant_case.aig,1,1,1,4464,19,84816,6.295,32642; default=nan; exceptions=128,bf16 Verilog table factoring seed,bf16_deep_variants_20260603_1223,bf16_deep_variants_20260603_1223.csv
ex205,ex205_bf16_log10_semantic_positive_field_defaults,bf16_log10,semantic_positive_field_defaults,student/work/reverse_bf16_aggressive_semantic_20260603_1711/ex205/verilog/ex205_bf16_log10_semantic_positive_field_defaults.v,student/work/reverse_bf16_aggressive_semantic_20260603_1711/ex205/aigs/ex205_bf16_log10_semantic_positive_field_defaults.aig,1,1,1,4546,19,86374,7.351,positive_exp_groups=256; full_default_groups=1; positive_exceptions=20350; relation=nan; negative_exceptions=128,aggressive semantic BF16 field RTL,bf16_aggressive_semantic_20260603_1711,bf16_aggressive_semantic_20260603_1711.csv
ex205,ex205_bf16_log10_sign_exp_default_expr_case,bf16_log10,sign_exp_default_expr_case,student/work/reverse_bf16_deep_20260603_1223/ex205/verilog/ex205_bf16_log10_sign_exp_default_expr_case.v,student/work/reverse_bf16_deep_20260603_1223/ex205/aigs/ex205_bf16_log10_sign_exp_default_expr_case.aig,1,1,1,4811,19,91409,7.875,"groups=512; full_default_groups=256; exceptions=32640; defaults=abs_input:254,nan:256,sign_inf:1,sign_zero:1",bf16 Verilog table factoring seed,bf16_deep_variants_20260603_1223,bf16_deep_variants_20260603_1223.csv
ex205,ex205_bf16_log10_positive_default_exp_mant_delta,bf16_log10,positive_default_exp_mant_delta,student/work/reverse_bf16_deep_20260603_1223/ex205/verilog/ex205_bf16_log10_positive_default_exp_mant_delta.v,student/work/reverse_bf16_deep_20260603_1223/ex205/aigs/ex205_bf16_log10_positive_default_exp_mant_delta.aig,1,1,1,4369,21,91749,6.664,32898; default=nan; exceptions=128,bf16 Verilog table factoring seed,bf16_deep_variants_20260603_1223,bf16_deep_variants_20260603_1223.csv
ex205,ex205_bf16_log10_exp_mant_delta_pair,bf16_log10,exp_mant_delta_pair,student/work/reverse_bf16_deep_20260603_1223/ex205/verilog/ex205_bf16_log10_exp_mant_delta_pair.v,student/work/reverse_bf16_deep_20260603_1223/ex205/aigs/ex205_bf16_log10_exp_mant_delta_pair.aig,1,1,1,4379,21,91959,7.403,32897,bf16 Verilog table factoring seed,bf16_deep_variants_20260603_1223,bf16_deep_variants_20260603_1223.csv
ex205,ex205_bf16_log10_semantic_field_reassembly,bf16_log10,semantic_field_reassembly,student/work/reverse_bf16_aggressive_semantic_20260603_1711/ex205/verilog/ex205_bf16_log10_semantic_field_reassembly.v,student/work/reverse_bf16_aggressive_semantic_20260603_1711/ex205/aigs/ex205_bf16_log10_semantic_field_reassembly.aig,1,1,1,4853,19,92207,12.609,65536,aggressive semantic BF16 field RTL,bf16_aggressive_semantic_20260603_1711,bf16_aggressive_semantic_20260603_1711.csv
ex205,ex205_bf16_log10_sign_pair_case,bf16_log10,sign_pair_case,student/work/reverse_bf16_deep_20260603_1223/ex205/verilog/ex205_bf16_log10_sign_pair_case.v,student/work/reverse_bf16_deep_20260603_1223/ex205/aigs/ex205_bf16_log10_sign_pair_case.aig,1,1,1,4379,22,96338,7.789,32768,bf16 Verilog table factoring seed,bf16_deep_variants_20260603_1223,bf16_deep_variants_20260603_1223.csv
ex205,ex205_bf16_log10_default_expr_exception_case,bf16_log10,default_expr_exception_case,student/work/reverse_bf16_deep_20260603_1223/ex205/verilog/ex205_bf16_log10_default_expr_exception_case.v,student/work/reverse_bf16_deep_20260603_1223/ex205/aigs/ex205_bf16_log10_default_expr_exception_case.aig,1,1,1,4380,23,100740,9.497,exceptions=32769; default=nan; matches=32767,bf16 Verilog table factoring seed,bf16_deep_variants_20260603_1223,bf16_deep_variants_20260603_1223.csv
ex205,ex205_bf16_log10_value_case,bf16_log10,value_case,student/work/reverse_bf16_deep_20260603_1223/ex205/verilog/ex205_bf16_log10_value_case.v,student/work/reverse_bf16_deep_20260603_1223/ex205/aigs/ex205_bf16_log10_value_case.aig,1,1,1,4380,23,100740,10.444,65536,bf16 Verilog table factoring seed,bf16_deep_variants_20260603_1223,bf16_deep_variants_20260603_1223.csv
ex205,ex205_bf16_log10_semantic_positive_symmetry_fields,bf16_log10,semantic_positive_symmetry_fields,student/work/reverse_bf16_aggressive_semantic_20260603_1711/ex205/verilog/ex205_bf16_log10_semantic_positive_symmetry_fields.v,student/work/reverse_bf16_aggressive_semantic_20260603_1711/ex205/aigs/ex205_bf16_log10_semantic_positive_symmetry_fields.aig,1,1,1,4384,23,100832,9.140,positive_entries=32768; relation=nan; negative_exceptions=128,aggressive semantic BF16 field RTL,bf16_aggressive_semantic_20260603_1711,bf16_aggressive_semantic_20260603_1711.csv
ex205,ex205_bf16_log10_semantic_exp_delta_fields,bf16_log10,semantic_exp_delta_fields,student/work/reverse_bf16_aggressive_semantic_20260603_1711/ex205/verilog/ex205_bf16_log10_semantic_exp_delta_fields.v,student/work/reverse_bf16_aggressive_semantic_20260603_1711/ex205/aigs/ex205_bf16_log10_semantic_exp_delta_fields.aig,1,1,1,4437,24,106488,12.064,base=lookup_by_input_exp; positive_entries=32768; normal_entries=32511; special_entries=257; relation=nan; negative_exceptions=128,aggressive semantic BF16 field RTL,bf16_aggressive_semantic_20260603_1711,bf16_aggressive_semantic_20260603_1711.csv
ex206,ex206_bf16_sin_split_sign_exp_mant_case,bf16_sin,split_sign_exp_mant_case,student/work/reverse_bf16_deep_20260603_1223/ex206/verilog/ex206_bf16_sin_split_sign_exp_mant_case.v,student/work/reverse_bf16_deep_20260603_1223/ex206/aigs/ex206_bf16_sin_split_sign_exp_mant_case.aig,1,1,1,30492,21,640332,31.618,65028,bf16 Verilog table factoring seed,bf16_deep_variants_20260603_1223,bf16_deep_variants_20260603_1223.csv
ex206,ex206_bf16_sin_semantic_positive_field_defaults,bf16_sin,semantic_positive_field_defaults,student/work/reverse_bf16_aggressive_semantic_20260603_1711/ex206/verilog/ex206_bf16_sin_semantic_positive_field_defaults.v,student/work/reverse_bf16_aggressive_semantic_20260603_1711/ex206/aigs/ex206_bf16_sin_semantic_positive_field_defaults.aig,1,1,1,30914,22,680108,27.914,positive_exp_groups=256; full_default_groups=2; positive_exceptions=31946; relation=sign_flip_pos; negative_exceptions=128,aggressive semantic BF16 field RTL,bf16_aggressive_semantic_20260603_1711,bf16_aggressive_semantic_20260603_1711.csv
ex206,ex206_bf16_sin_exp_mant_pair_case,bf16_sin,exp_mant_pair_case,student/work/reverse_bf16_deep_20260603_1223/ex206/verilog/ex206_bf16_sin_exp_mant_pair_case.v,student/work/reverse_bf16_deep_20260603_1223/ex206/aigs/ex206_bf16_sin_exp_mant_pair_case.aig,1,1,1,30927,22,680394,26.834,32514,bf16 Verilog table factoring seed,bf16_deep_variants_20260603_1223,bf16_deep_variants_20260603_1223.csv
ex206,ex206_bf16_sin_positive_default_exp_mant_case,bf16_sin,positive_default_exp_mant_case,student/work/reverse_bf16_deep_20260603_1223/ex206/verilog/ex206_bf16_sin_positive_default_exp_mant_case.v,student/work/reverse_bf16_deep_20260603_1223/ex206/aigs/ex206_bf16_sin_positive_default_exp_mant_case.aig,1,1,1,30712,23,706376,21.276,32515; default=sign_flip; exceptions=128,bf16 Verilog table factoring seed,bf16_deep_variants_20260603_1223,bf16_deep_variants_20260603_1223.csv
ex206,ex206_bf16_sin_semantic_field_reassembly,bf16_sin,semantic_field_reassembly,student/work/reverse_bf16_aggressive_semantic_20260603_1711/ex206/verilog/ex206_bf16_sin_semantic_field_reassembly.v,student/work/reverse_bf16_aggressive_semantic_20260603_1711/ex206/aigs/ex206_bf16_sin_semantic_field_reassembly.aig,1,1,1,33686,21,707406,42.279,65536,aggressive semantic BF16 field RTL,bf16_aggressive_semantic_20260603_1711,bf16_aggressive_semantic_20260603_1711.csv
ex206,ex206_bf16_sin_exp_mant_delta_pair,bf16_sin,exp_mant_delta_pair,student/work/reverse_bf16_deep_20260603_1223/ex206/verilog/ex206_bf16_sin_exp_mant_delta_pair.v,student/work/reverse_bf16_deep_20260603_1223/ex206/aigs/ex206_bf16_sin_exp_mant_delta_pair.aig,1,1,1,31052,23,714196,29.258,32770,bf16 Verilog table factoring seed,bf16_deep_variants_20260603_1223,bf16_deep_variants_20260603_1223.csv
ex206,ex206_bf16_sin_sign_exp_mant_case,bf16_sin,sign_exp_mant_case,student/work/reverse_bf16_deep_20260603_1223/ex206/verilog/ex206_bf16_sin_sign_exp_mant_case.v,student/work/reverse_bf16_deep_20260603_1223/ex206/aigs/ex206_bf16_sin_sign_exp_mant_case.aig,1,1,1,34011,21,714231,33.179,65028,bf16 Verilog table factoring seed,bf16_deep_variants_20260603_1223,bf16_deep_variants_20260603_1223.csv
ex206,ex206_bf16_sin_sign_exp_default_expr_case,bf16_sin,sign_exp_default_expr_case,student/work/reverse_bf16_deep_20260603_1223/ex206/verilog/ex206_bf16_sin_sign_exp_default_expr_case.v,student/work/reverse_bf16_deep_20260603_1223/ex206/aigs/ex206_bf16_sin_sign_exp_default_expr_case.aig,1,1,1,34033,21,714693,28.054,"groups=512; full_default_groups=248; exceptions=33546; defaults=abs_input:384,input:124,nan:2,sign_zero:2",bf16 Verilog table factoring seed,bf16_deep_variants_20260603_1223,bf16_deep_variants_20260603_1223.csv
ex206,ex206_bf16_sin_positive_default_exp_mant_delta,bf16_sin,positive_default_exp_mant_delta,student/work/reverse_bf16_deep_20260603_1223/ex206/verilog/ex206_bf16_sin_positive_default_exp_mant_delta.v,student/work/reverse_bf16_deep_20260603_1223/ex206/aigs/ex206_bf16_sin_positive_default_exp_mant_delta.aig,1,1,1,30938,24,742512,23.663,32771; default=sign_flip; exceptions=128,bf16 Verilog table factoring seed,bf16_deep_variants_20260603_1223,bf16_deep_variants_20260603_1223.csv
ex206,ex206_bf16_sin_semantic_sign_exp_field_defaults,bf16_sin,semantic_sign_exp_field_defaults,student/work/reverse_bf16_aggressive_semantic_20260603_1711/ex206/verilog/ex206_bf16_sin_semantic_sign_exp_field_defaults.v,student/work/reverse_bf16_aggressive_semantic_20260603_1711/ex206/aigs/ex206_bf16_sin_semantic_sign_exp_field_defaults.aig,1,1,1,34286,22,754292,41.587,groups=512; full_default_groups=4; exceptions=63892,aggressive semantic BF16 field RTL,bf16_aggressive_semantic_20260603_1711,bf16_aggressive_semantic_20260603_1711.csv
ex206,ex206_bf16_sin_value_case,bf16_sin,value_case,student/work/reverse_bf16_deep_20260603_1223/ex206/verilog/ex206_bf16_sin_value_case.v,student/work/reverse_bf16_deep_20260603_1223/ex206/aigs/ex206_bf16_sin_value_case.aig,1,1,1,31004,26,806104,37.233,65536,bf16 Verilog table factoring seed,bf16_deep_variants_20260603_1223,bf16_deep_variants_20260603_1223.csv
ex206,ex206_bf16_sin_sign_pair_case,bf16_sin,sign_pair_case,student/work/reverse_bf16_deep_20260603_1223/ex206/verilog/ex206_bf16_sin_sign_pair_case.v,student/work/reverse_bf16_deep_20260603_1223/ex206/aigs/ex206_bf16_sin_sign_pair_case.aig,1,1,1,31056,26,807456,32.496,32768,bf16 Verilog table factoring seed,bf16_deep_variants_20260603_1223,bf16_deep_variants_20260603_1223.csv
ex206,ex206_bf16_sin_semantic_positive_symmetry_fields,bf16_sin,semantic_positive_symmetry_fields,student/work/reverse_bf16_aggressive_semantic_20260603_1711/ex206/verilog/ex206_bf16_sin_semantic_positive_symmetry_fields.v,student/work/reverse_bf16_aggressive_semantic_20260603_1711/ex206/aigs/ex206_bf16_sin_semantic_positive_symmetry_fields.aig,1,1,1,31144,26,809744,26.127,positive_entries=32768; relation=sign_flip_pos; negative_exceptions=128,aggressive semantic BF16 field RTL,bf16_aggressive_semantic_20260603_1711,bf16_aggressive_semantic_20260603_1711.csv
ex206,ex206_bf16_sin_semantic_exp_delta_fields,bf16_sin,semantic_exp_delta_fields,student/work/reverse_bf16_aggressive_semantic_20260603_1711/ex206/verilog/ex206_bf16_sin_semantic_exp_delta_fields.v,student/work/reverse_bf16_aggressive_semantic_20260603_1711/ex206/aigs/ex206_bf16_sin_semantic_exp_delta_fields.aig,1,1,1,32528,31,1008368,34.728,base=lookup_by_input_exp; positive_entries=32768; normal_entries=32512; special_entries=256; relation=sign_flip_pos; negative_exceptions=128,aggressive semantic BF16 field RTL,bf16_aggressive_semantic_20260603_1711,bf16_aggressive_semantic_20260603_1711.csv
ex206,ex206_bf16_sin_default_expr_exception_case,bf16_sin,default_expr_exception_case,student/work/reverse_bf16_deep_20260603_1223/ex206/verilog/ex206_bf16_sin_default_expr_exception_case.v,student/work/reverse_bf16_deep_20260603_1223/ex206/aigs/ex206_bf16_sin_default_expr_exception_case.aig,1,1,1,62570,26,1626820,101.138,exceptions=34055; default=input; matches=31481,bf16 Verilog table factoring seed,bf16_deep_variants_20260603_1223,bf16_deep_variants_20260603_1223.csv
ex207,ex207_bf16_tan_exp_mant_pair_case,bf16_tan,exp_mant_pair_case,student/work/reverse_bf16_deep_20260603_1223/ex207/verilog/ex207_bf16_tan_exp_mant_pair_case.v,student/work/reverse_bf16_deep_20260603_1223/ex207/aigs/ex207_bf16_tan_exp_mant_pair_case.aig,1,1,1,35257,22,775654,32.217,32514,bf16 Verilog table factoring seed,bf16_deep_variants_20260603_1223,bf16_deep_variants_20260603_1223.csv
ex207,ex207_bf16_tan_positive_default_exp_mant_case,bf16_tan,positive_default_exp_mant_case,student/work/reverse_bf16_deep_20260603_1223/ex207/verilog/ex207_bf16_tan_positive_default_exp_mant_case.v,student/work/reverse_bf16_deep_20260603_1223/ex207/aigs/ex207_bf16_tan_positive_default_exp_mant_case.aig,1,1,1,35491,22,780802,25.913,32515; default=sign_flip; exceptions=128,bf16 Verilog table factoring seed,bf16_deep_variants_20260603_1223,bf16_deep_variants_20260603_1223.csv
ex207,ex207_bf16_tan_semantic_positive_field_defaults,bf16_tan,semantic_positive_field_defaults,student/work/reverse_bf16_aggressive_semantic_20260603_1711/ex207/verilog/ex207_bf16_tan_semantic_positive_field_defaults.v,student/work/reverse_bf16_aggressive_semantic_20260603_1711/ex207/aigs/ex207_bf16_tan_semantic_positive_field_defaults.aig,1,1,1,35539,23,817397,30.986,positive_exp_groups=256; full_default_groups=2; positive_exceptions=32246; relation=sign_flip_pos; negative_exceptions=128,aggressive semantic BF16 field RTL,bf16_aggressive_semantic_20260603_1711,bf16_aggressive_semantic_20260603_1711.csv
ex207,ex207_bf16_tan_split_sign_exp_mant_case,bf16_tan,split_sign_exp_mant_case,student/work/reverse_bf16_deep_20260603_1223/ex207/verilog/ex207_bf16_tan_split_sign_exp_mant_case.v,student/work/reverse_bf16_deep_20260603_1223/ex207/aigs/ex207_bf16_tan_split_sign_exp_mant_case.aig,1,1,1,35973,23,827379,37.888,65028,bf16 Verilog table factoring seed,bf16_deep_variants_20260603_1223,bf16_deep_variants_20260603_1223.csv
ex207,ex207_bf16_tan_sign_exp_mant_case,bf16_tan,sign_exp_mant_case,student/work/reverse_bf16_deep_20260603_1223/ex207/verilog/ex207_bf16_tan_sign_exp_mant_case.v,student/work/reverse_bf16_deep_20260603_1223/ex207/aigs/ex207_bf16_tan_sign_exp_mant_case.aig,1,1,1,38729,22,852038,40.763,65028,bf16 Verilog table factoring seed,bf16_deep_variants_20260603_1223,bf16_deep_variants_20260603_1223.csv
ex207,ex207_bf16_tan_positive_default_exp_mant_delta,bf16_tan,positive_default_exp_mant_delta,student/work/reverse_bf16_deep_20260603_1223/ex207/verilog/ex207_bf16_tan_positive_default_exp_mant_delta.v,student/work/reverse_bf16_deep_20260603_1223/ex207/aigs/ex207_bf16_tan_positive_default_exp_mant_delta.aig,1,1,1,35617,24,854808,27.764,32771; default=sign_flip; exceptions=128,bf16 Verilog table factoring seed,bf16_deep_variants_20260603_1223,bf16_deep_variants_20260603_1223.csv
ex207,ex207_bf16_tan_sign_exp_default_expr_case,bf16_tan,sign_exp_default_expr_case,student/work/reverse_bf16_deep_20260603_1223/ex207/verilog/ex207_bf16_tan_sign_exp_default_expr_case.v,student/work/reverse_bf16_deep_20260603_1223/ex207/aigs/ex207_bf16_tan_sign_exp_default_expr_case.aig,1,1,1,38858,22,854876,34.222,"groups=512; full_default_groups=248; exceptions=33678; defaults=abs_input:385,input:123,nan:2,sign_zero:2",bf16 Verilog table factoring seed,bf16_deep_variants_20260603_1223,bf16_deep_variants_20260603_1223.csv
ex207,ex207_bf16_tan_semantic_field_reassembly,bf16_tan,semantic_field_reassembly,student/work/reverse_bf16_aggressive_semantic_20260603_1711/ex207/verilog/ex207_bf16_tan_semantic_field_reassembly.v,student/work/reverse_bf16_aggressive_semantic_20260603_1711/ex207/aigs/ex207_bf16_tan_semantic_field_reassembly.aig,1,1,1,38872,22,855184,51.471,65536,aggressive semantic BF16 field RTL,bf16_aggressive_semantic_20260603_1711,bf16_aggressive_semantic_20260603_1711.csv
ex207,ex207_bf16_tan_exp_mant_delta_pair,bf16_tan,exp_mant_delta_pair,student/work/reverse_bf16_deep_20260603_1223/ex207/verilog/ex207_bf16_tan_exp_mant_delta_pair.v,student/work/reverse_bf16_deep_20260603_1223/ex207/aigs/ex207_bf16_tan_exp_mant_delta_pair.aig,1,1,1,35654,24,855696,36.335,32770,bf16 Verilog table factoring seed,bf16_deep_variants_20260603_1223,bf16_deep_variants_20260603_1223.csv
ex207,ex207_bf16_tan_semantic_sign_exp_field_defaults,bf16_tan,semantic_sign_exp_field_defaults,student/work/reverse_bf16_aggressive_semantic_20260603_1711/ex207/verilog/ex207_bf16_tan_semantic_sign_exp_field_defaults.v,student/work/reverse_bf16_aggressive_semantic_20260603_1711/ex207/aigs/ex207_bf16_tan_semantic_sign_exp_field_defaults.aig,1,1,1,39205,23,901715,48.302,groups=512; full_default_groups=4; exceptions=64492,aggressive semantic BF16 field RTL,bf16_aggressive_semantic_20260603_1711,bf16_aggressive_semantic_20260603_1711.csv
ex207,ex207_bf16_tan_value_case,bf16_tan,value_case,student/work/reverse_bf16_deep_20260603_1223/ex207/verilog/ex207_bf16_tan_value_case.v,student/work/reverse_bf16_deep_20260603_1223/ex207/aigs/ex207_bf16_tan_value_case.aig,1,1,1,35490,27,958230,38.488,65536,bf16 Verilog table factoring seed,bf16_deep_variants_20260603_1223,bf16_deep_variants_20260603_1223.csv
ex207,ex207_bf16_tan_sign_pair_case,bf16_tan,sign_pair_case,student/work/reverse_bf16_deep_20260603_1223/ex207/verilog/ex207_bf16_tan_sign_pair_case.v,student/work/reverse_bf16_deep_20260603_1223/ex207/aigs/ex207_bf16_tan_sign_pair_case.aig,1,1,1,35706,27,964062,34.217,32768,bf16 Verilog table factoring seed,bf16_deep_variants_20260603_1223,bf16_deep_variants_20260603_1223.csv
ex207,ex207_bf16_tan_semantic_positive_symmetry_fields,bf16_tan,semantic_positive_symmetry_fields,student/work/reverse_bf16_aggressive_semantic_20260603_1711/ex207/verilog/ex207_bf16_tan_semantic_positive_symmetry_fields.v,student/work/reverse_bf16_aggressive_semantic_20260603_1711/ex207/aigs/ex207_bf16_tan_semantic_positive_symmetry_fields.aig,1,1,1,35612,29,1032748,27.876,positive_entries=32768; relation=sign_flip_pos; negative_exceptions=128,aggressive semantic BF16 field RTL,bf16_aggressive_semantic_20260603_1711,bf16_aggressive_semantic_20260603_1711.csv
ex207,ex207_bf16_tan_semantic_exp_delta_fields,bf16_tan,semantic_exp_delta_fields,student/work/reverse_bf16_aggressive_semantic_20260603_1711/ex207/verilog/ex207_bf16_tan_semantic_exp_delta_fields.v,student/work/reverse_bf16_aggressive_semantic_20260603_1711/ex207/aigs/ex207_bf16_tan_semantic_exp_delta_fields.aig,1,1,1,35143,34,1194862,35.185,base=lookup_by_input_exp; positive_entries=32768; normal_entries=32512; special_entries=256; relation=sign_flip_pos; negative_exceptions=128,aggressive semantic BF16 field RTL,bf16_aggressive_semantic_20260603_1711,bf16_aggressive_semantic_20260603_1711.csv
ex207,ex207_bf16_tan_default_expr_exception_case,bf16_tan,default_expr_exception_case,student/work/reverse_bf16_deep_20260603_1223/ex207/verilog/ex207_bf16_tan_default_expr_exception_case.v,student/work/reverse_bf16_deep_20260603_1223/ex207/aigs/ex207_bf16_tan_default_expr_exception_case.aig,1,1,1,78002,24,1872048,127.020,exceptions=34187; default=input; matches=31349,bf16 Verilog table factoring seed,bf16_deep_variants_20260603_1223,bf16_deep_variants_20260603_1223.csv
ex208,ex208_bf16_sinh_split_sign_exp_mant_case,bf16_sinh,split_sign_exp_mant_case,student/work/reverse_bf16_deep_20260603_1223/ex208/verilog/ex208_bf16_sinh_split_sign_exp_mant_case.v,student/work/reverse_bf16_deep_20260603_1223/ex208/aigs/ex208_bf16_sinh_split_sign_exp_mant_case.aig,1,1,1,2208,15,33120,6.068,34548,bf16 Verilog table factoring seed,bf16_deep_variants_20260603_1223,bf16_deep_variants_20260603_1223.csv
ex208,ex208_bf16_sinh_exp_mant_pair_case,bf16_sinh,exp_mant_pair_case,student/work/reverse_bf16_deep_20260603_1223/ex208/verilog/ex208_bf16_sinh_exp_mant_pair_case.v,student/work/reverse_bf16_deep_20260603_1223/ex208/aigs/ex208_bf16_sinh_exp_mant_pair_case.aig,1,1,1,2248,16,35968,4.939,17274,bf16 Verilog table factoring seed,bf16_deep_variants_20260603_1223,bf16_deep_variants_20260603_1223.csv
ex208,ex208_bf16_sinh_positive_default_exp_mant_case,bf16_sinh,positive_default_exp_mant_case,student/work/reverse_bf16_deep_20260603_1223/ex208/verilog/ex208_bf16_sinh_positive_default_exp_mant_case.v,student/work/reverse_bf16_deep_20260603_1223/ex208/aigs/ex208_bf16_sinh_positive_default_exp_mant_case.aig,1,1,1,2259,16,36144,4.265,17401; default=sign_flip; exceptions=127,bf16 Verilog table factoring seed,bf16_deep_variants_20260603_1223,bf16_deep_variants_20260603_1223.csv
ex208,ex208_bf16_sinh_semantic_positive_field_defaults,bf16_sinh,semantic_positive_field_defaults,student/work/reverse_bf16_aggressive_semantic_20260603_1711/ex208/verilog/ex208_bf16_sinh_semantic_positive_field_defaults.v,student/work/reverse_bf16_aggressive_semantic_20260603_1711/ex208/aigs/ex208_bf16_sinh_semantic_positive_field_defaults.aig,1,1,1,2319,16,37104,5.875,positive_exp_groups=256; full_default_groups=122; positive_exceptions=16813; relation=sign_flip_pos; negative_exceptions=127,aggressive semantic BF16 field RTL,bf16_aggressive_semantic_20260603_1711,bf16_aggressive_semantic_20260603_1711.csv
ex208,ex208_bf16_sinh_exp_mant_delta_pair,bf16_sinh,exp_mant_delta_pair,student/work/reverse_bf16_deep_20260603_1223/ex208/verilog/ex208_bf16_sinh_exp_mant_delta_pair.v,student/work/reverse_bf16_deep_20260603_1223/ex208/aigs/ex208_bf16_sinh_exp_mant_delta_pair.aig,1,1,1,2186,18,39348,5.977,17530,bf16 Verilog table factoring seed,bf16_deep_variants_20260603_1223,bf16_deep_variants_20260603_1223.csv
ex208,ex208_bf16_sinh_positive_default_exp_mant_delta,bf16_sinh,positive_default_exp_mant_delta,student/work/reverse_bf16_deep_20260603_1223/ex208/verilog/ex208_bf16_sinh_positive_default_exp_mant_delta.v,student/work/reverse_bf16_deep_20260603_1223/ex208/aigs/ex208_bf16_sinh_positive_default_exp_mant_delta.aig,1,1,1,2205,18,39690,4.038,17657; default=sign_flip; exceptions=127,bf16 Verilog table factoring seed,bf16_deep_variants_20260603_1223,bf16_deep_variants_20260603_1223.csv
ex208,ex208_bf16_sinh_sign_exp_mant_case,bf16_sinh,sign_exp_mant_case,student/work/reverse_bf16_deep_20260603_1223/ex208/verilog/ex208_bf16_sinh_sign_exp_mant_case.v,student/work/reverse_bf16_deep_20260603_1223/ex208/aigs/ex208_bf16_sinh_sign_exp_mant_case.aig,1,1,1,2491,16,39856,6.396,34548,bf16 Verilog table factoring seed,bf16_deep_variants_20260603_1223,bf16_deep_variants_20260603_1223.csv
ex208,ex208_bf16_sinh_value_case,bf16_sinh,value_case,student/work/reverse_bf16_deep_20260603_1223/ex208/verilog/ex208_bf16_sinh_value_case.v,student/work/reverse_bf16_deep_20260603_1223/ex208/aigs/ex208_bf16_sinh_value_case.aig,1,1,1,2244,18,40392,18.241,65536,bf16 Verilog table factoring seed,bf16_deep_variants_20260603_1223,bf16_deep_variants_20260603_1223.csv
ex208,ex208_bf16_sinh_sign_exp_default_expr_case,bf16_sinh,sign_exp_default_expr_case,student/work/reverse_bf16_deep_20260603_1223/ex208/verilog/ex208_bf16_sinh_sign_exp_default_expr_case.v,student/work/reverse_bf16_deep_20260603_1223/ex208/aigs/ex208_bf16_sinh_sign_exp_default_expr_case.aig,1,1,1,2388,17,40596,2.909,"groups=512; full_default_groups=488; exceptions=2416; defaults=abs_input:140,input:124,nan:2,pos_inf:122,sign_inf:122,sign_zero:2",bf16 Verilog table factoring seed,bf16_deep_variants_20260603_1223,bf16_deep_variants_20260603_1223.csv
ex208,ex208_bf16_sinh_semantic_sign_exp_field_defaults,bf16_sinh,semantic_sign_exp_field_defaults,student/work/reverse_bf16_aggressive_semantic_20260603_1711/ex208/verilog/ex208_bf16_sinh_semantic_sign_exp_field_defaults.v,student/work/reverse_bf16_aggressive_semantic_20260603_1711/ex208/aigs/ex208_bf16_sinh_semantic_sign_exp_field_defaults.aig,1,1,1,2582,16,41312,9.856,groups=512; full_default_groups=244; exceptions=33626,aggressive semantic BF16 field RTL,bf16_aggressive_semantic_20260603_1711,bf16_aggressive_semantic_20260603_1711.csv
ex208,ex208_bf16_sinh_sign_pair_case,bf16_sinh,sign_pair_case,student/work/reverse_bf16_deep_20260603_1223/ex208/verilog/ex208_bf16_sinh_sign_pair_case.v,student/work/reverse_bf16_deep_20260603_1223/ex208/aigs/ex208_bf16_sinh_sign_pair_case.aig,1,1,1,2226,19,42294,14.858,32768,bf16 Verilog table factoring seed,bf16_deep_variants_20260603_1223,bf16_deep_variants_20260603_1223.csv
ex208,ex208_bf16_sinh_semantic_positive_symmetry_fields,bf16_sinh,semantic_positive_symmetry_fields,student/work/reverse_bf16_aggressive_semantic_20260603_1711/ex208/verilog/ex208_bf16_sinh_semantic_positive_symmetry_fields.v,student/work/reverse_bf16_aggressive_semantic_20260603_1711/ex208/aigs/ex208_bf16_sinh_semantic_positive_symmetry_fields.aig,1,1,1,2229,19,42351,12.084,positive_entries=32768; relation=sign_flip_pos; negative_exceptions=127,aggressive semantic BF16 field RTL,bf16_aggressive_semantic_20260603_1711,bf16_aggressive_semantic_20260603_1711.csv
ex208,ex208_bf16_sinh_semantic_field_reassembly,bf16_sinh,semantic_field_reassembly,student/work/reverse_bf16_aggressive_semantic_20260603_1711/ex208/verilog/ex208_bf16_sinh_semantic_field_reassembly.v,student/work/reverse_bf16_aggressive_semantic_20260603_1711/ex208/aigs/ex208_bf16_sinh_semantic_field_reassembly.aig,1,1,1,2620,17,44540,13.835,65536,aggressive semantic BF16 field RTL,bf16_aggressive_semantic_20260603_1711,bf16_aggressive_semantic_20260603_1711.csv
ex208,ex208_bf16_sinh_semantic_exp_delta_fields,bf16_sinh,semantic_exp_delta_fields,student/work/reverse_bf16_aggressive_semantic_20260603_1711/ex208/verilog/ex208_bf16_sinh_semantic_exp_delta_fields.v,student/work/reverse_bf16_aggressive_semantic_20260603_1711/ex208/aigs/ex208_bf16_sinh_semantic_exp_delta_fields.aig,1,1,1,2268,28,63504,9.216,base=lookup_by_input_exp; positive_entries=32768; normal_entries=16947; special_entries=15821; relation=sign_flip_pos; negative_exceptions=127,aggressive semantic BF16 field RTL,bf16_aggressive_semantic_20260603_1711,bf16_aggressive_semantic_20260603_1711.csv
ex208,ex208_bf16_sinh_default_expr_exception_case,bf16_sinh,default_expr_exception_case,student/work/reverse_bf16_deep_20260603_1223/ex208/verilog/ex208_bf16_sinh_default_expr_exception_case.v,student/work/reverse_bf16_deep_20260603_1223/ex208/aigs/ex208_bf16_sinh_default_expr_exception_case.aig,1,1,1,7696,22,169312,46.221,exceptions=34051; default=input; matches=31485,bf16 Verilog table factoring seed,bf16_deep_variants_20260603_1223,bf16_deep_variants_20260603_1223.csv
ex209,ex209_bf16_tanh_sign_exp_default_expr_case,bf16_tanh,sign_exp_default_expr_case,student/work/reverse_bf16_deep_20260603_1223/ex209/verilog/ex209_bf16_tanh_sign_exp_default_expr_case.v,student/work/reverse_bf16_deep_20260603_1223/ex209/aigs/ex209_bf16_tanh_sign_exp_default_expr_case.aig,1,1,1,765,13,9945,3.816,"groups=512; full_default_groups=246; exceptions=33680; defaults=abs_input:385,input:123,nan:2,sign_zero:2",bf16 Verilog table factoring seed,bf16_deep_variants_20260603_1223,bf16_deep_variants_20260603_1223.csv
ex209,ex209_bf16_tanh_positive_default_exp_mant_case,bf16_tanh,positive_default_exp_mant_case,student/work/reverse_bf16_deep_20260603_1223/ex209/verilog/ex209_bf16_tanh_positive_default_exp_mant_case.v,student/work/reverse_bf16_deep_20260603_1223/ex209/aigs/ex209_bf16_tanh_positive_default_exp_mant_case.aig,1,1,1,767,14,10738,3.283,16766; default=sign_flip; exceptions=127,bf16 Verilog table factoring seed,bf16_deep_variants_20260603_1223,bf16_deep_variants_20260603_1223.csv
ex209,ex209_bf16_tanh_exp_mant_pair_case,bf16_tanh,exp_mant_pair_case,student/work/reverse_bf16_deep_20260603_1223/ex209/verilog/ex209_bf16_tanh_exp_mant_pair_case.v,student/work/reverse_bf16_deep_20260603_1223/ex209/aigs/ex209_bf16_tanh_exp_mant_pair_case.aig,1,1,1,827,14,11578,3.991,16639,bf16 Verilog table factoring seed,bf16_deep_variants_20260603_1223,bf16_deep_variants_20260603_1223.csv
ex209,ex209_bf16_tanh_split_sign_exp_mant_case,bf16_tanh,split_sign_exp_mant_case,student/work/reverse_bf16_deep_20260603_1223/ex209/verilog/ex209_bf16_tanh_split_sign_exp_mant_case.v,student/work/reverse_bf16_deep_20260603_1223/ex209/aigs/ex209_bf16_tanh_split_sign_exp_mant_case.aig,1,1,1,844,14,11816,5.183,33278,bf16 Verilog table factoring seed,bf16_deep_variants_20260603_1223,bf16_deep_variants_20260603_1223.csv
ex209,ex209_bf16_tanh_exp_mant_delta_pair,bf16_tanh,exp_mant_delta_pair,student/work/reverse_bf16_deep_20260603_1223/ex209/verilog/ex209_bf16_tanh_exp_mant_delta_pair.v,student/work/reverse_bf16_deep_20260603_1223/ex209/aigs/ex209_bf16_tanh_exp_mant_delta_pair.aig,1,1,1,747,16,11952,4.973,16895,bf16 Verilog table factoring seed,bf16_deep_variants_20260603_1223,bf16_deep_variants_20260603_1223.csv
ex209,ex209_bf16_tanh_positive_default_exp_mant_delta,bf16_tanh,positive_default_exp_mant_delta,student/work/reverse_bf16_deep_20260603_1223/ex209/verilog/ex209_bf16_tanh_positive_default_exp_mant_delta.v,student/work/reverse_bf16_deep_20260603_1223/ex209/aigs/ex209_bf16_tanh_positive_default_exp_mant_delta.aig,1,1,1,756,17,12852,5.358,17022; default=sign_flip; exceptions=127,bf16 Verilog table factoring seed,bf16_deep_variants_20260603_1223,bf16_deep_variants_20260603_1223.csv
ex209,ex209_bf16_tanh_semantic_positive_field_defaults,bf16_tanh,semantic_positive_field_defaults,student/work/reverse_bf16_aggressive_semantic_20260603_1711/ex209/verilog/ex209_bf16_tanh_semantic_positive_field_defaults.v,student/work/reverse_bf16_aggressive_semantic_20260603_1711/ex209/aigs/ex209_bf16_tanh_semantic_positive_field_defaults.aig,1,1,1,929,14,13006,4.432,positive_exp_groups=256; full_default_groups=127; positive_exceptions=16213; relation=sign_flip_pos; negative_exceptions=127,aggressive semantic BF16 field RTL,bf16_aggressive_semantic_20260603_1711,bf16_aggressive_semantic_20260603_1711.csv
ex209,ex209_bf16_tanh_value_case,bf16_tanh,value_case,student/work/reverse_bf16_deep_20260603_1223/ex209/verilog/ex209_bf16_tanh_value_case.v,student/work/reverse_bf16_deep_20260603_1223/ex209/aigs/ex209_bf16_tanh_value_case.aig,1,1,1,765,18,13770,15.930,65536,bf16 Verilog table factoring seed,bf16_deep_variants_20260603_1223,bf16_deep_variants_20260603_1223.csv
ex209,ex209_bf16_tanh_sign_pair_case,bf16_tanh,sign_pair_case,student/work/reverse_bf16_deep_20260603_1223/ex209/verilog/ex209_bf16_tanh_sign_pair_case.v,student/work/reverse_bf16_deep_20260603_1223/ex209/aigs/ex209_bf16_tanh_sign_pair_case.aig,1,1,1,767,18,13806,12.361,32768,bf16 Verilog table factoring seed,bf16_deep_variants_20260603_1223,bf16_deep_variants_20260603_1223.csv
ex209,ex209_bf16_tanh_semantic_positive_symmetry_fields,bf16_tanh,semantic_positive_symmetry_fields,student/work/reverse_bf16_aggressive_semantic_20260603_1711/ex209/verilog/ex209_bf16_tanh_semantic_positive_symmetry_fields.v,student/work/reverse_bf16_aggressive_semantic_20260603_1711/ex209/aigs/ex209_bf16_tanh_semantic_positive_symmetry_fields.aig,1,1,1,776,18,13968,11.427,positive_entries=32768; relation=sign_flip_pos; negative_exceptions=127,aggressive semantic BF16 field RTL,bf16_aggressive_semantic_20260603_1711,bf16_aggressive_semantic_20260603_1711.csv
ex209,ex209_bf16_tanh_semantic_exp_delta_fields,bf16_tanh,semantic_exp_delta_fields,student/work/reverse_bf16_aggressive_semantic_20260603_1711/ex209/verilog/ex209_bf16_tanh_semantic_exp_delta_fields.v,student/work/reverse_bf16_aggressive_semantic_20260603_1711/ex209/aigs/ex209_bf16_tanh_semantic_exp_delta_fields.aig,1,1,1,764,19,14516,8.759,base=lookup_by_input_exp; positive_entries=32768; normal_entries=32513; special_entries=255; relation=sign_flip_pos; negative_exceptions=127,aggressive semantic BF16 field RTL,bf16_aggressive_semantic_20260603_1711,bf16_aggressive_semantic_20260603_1711.csv
ex209,ex209_bf16_tanh_sign_exp_mant_case,bf16_tanh,sign_exp_mant_case,student/work/reverse_bf16_deep_20260603_1223/ex209/verilog/ex209_bf16_tanh_sign_exp_mant_case.v,student/work/reverse_bf16_deep_20260603_1223/ex209/aigs/ex209_bf16_tanh_sign_exp_mant_case.aig,1,1,1,1286,16,20576,6.099,33278,bf16 Verilog table factoring seed,bf16_deep_variants_20260603_1223,bf16_deep_variants_20260603_1223.csv
ex209,ex209_bf16_tanh_semantic_sign_exp_field_defaults,bf16_tanh,semantic_sign_exp_field_defaults,student/work/reverse_bf16_aggressive_semantic_20260603_1711/ex209/verilog/ex209_bf16_tanh_semantic_sign_exp_field_defaults.v,student/work/reverse_bf16_aggressive_semantic_20260603_1711/ex209/aigs/ex209_bf16_tanh_semantic_sign_exp_field_defaults.aig,1,1,1,1107,19,21033,8.159,groups=512; full_default_groups=254; exceptions=32426,aggressive semantic BF16 field RTL,bf16_aggressive_semantic_20260603_1711,bf16_aggressive_semantic_20260603_1711.csv
ex209,ex209_bf16_tanh_semantic_field_reassembly,bf16_tanh,semantic_field_reassembly,student/work/reverse_bf16_aggressive_semantic_20260603_1711/ex209/verilog/ex209_bf16_tanh_semantic_field_reassembly.v,student/work/reverse_bf16_aggressive_semantic_20260603_1711/ex209/aigs/ex209_bf16_tanh_semantic_field_reassembly.aig,1,1,1,1353,29,39237,12.389,65536,aggressive semantic BF16 field RTL,bf16_aggressive_semantic_20260603_1711,bf16_aggressive_semantic_20260603_1711.csv
ex209,ex209_bf16_tanh_default_expr_exception_case,bf16_tanh,default_expr_exception_case,student/work/reverse_bf16_deep_20260603_1223/ex209/verilog/ex209_bf16_tanh_default_expr_exception_case.v,student/work/reverse_bf16_deep_20260603_1223/ex209/aigs/ex209_bf16_tanh_default_expr_exception_case.aig,1,1,1,2763,22,60786,42.719,exceptions=34187; default=input; matches=31349,bf16 Verilog table factoring seed,bf16_deep_variants_20260603_1223,bf16_deep_variants_20260603_1223.csv
ex210,ex210_bf16_sigmoid_semantic_field_reassembly,bf16_sigmoid,semantic_field_reassembly,student/work/reverse_bf16_aggressive_semantic_20260603_1711/ex210/verilog/ex210_bf16_sigmoid_semantic_field_reassembly.v,student/work/reverse_bf16_aggressive_semantic_20260603_1711/ex210/aigs/ex210_bf16_sigmoid_semantic_field_reassembly.aig,1,1,1,2367,16,37872,10.239,65536,aggressive semantic BF16 field RTL,bf16_aggressive_semantic_20260603_1711,bf16_aggressive_semantic_20260603_1711.csv
ex210,ex210_bf16_sigmoid_exp_mant_pair_case,bf16_sigmoid,exp_mant_pair_case,student/work/reverse_bf16_deep_20260603_1223/ex210/verilog/ex210_bf16_sigmoid_exp_mant_pair_case.v,student/work/reverse_bf16_deep_20260603_1223/ex210/aigs/ex210_bf16_sigmoid_exp_mant_pair_case.aig,1,1,1,2307,17,39219,1.841,2288,bf16 Verilog table factoring seed,bf16_deep_variants_20260603_1223,bf16_deep_variants_20260603_1223.csv
ex210,ex210_bf16_sigmoid_semantic_sign_exp_field_defaults,bf16_sigmoid,semantic_sign_exp_field_defaults,student/work/reverse_bf16_aggressive_semantic_20260603_1711/ex210/verilog/ex210_bf16_sigmoid_semantic_sign_exp_field_defaults.v,student/work/reverse_bf16_aggressive_semantic_20260603_1711/ex210/aigs/ex210_bf16_sigmoid_semantic_sign_exp_field_defaults.aig,1,1,1,2314,17,39338,2.274,groups=512; full_default_groups=485; exceptions=2402,aggressive semantic BF16 field RTL,bf16_aggressive_semantic_20260603_1711,bf16_aggressive_semantic_20260603_1711.csv
ex210,ex210_bf16_sigmoid_sign_exp_mant_case,bf16_sigmoid,sign_exp_mant_case,student/work/reverse_bf16_deep_20260603_1223/ex210/verilog/ex210_bf16_sigmoid_sign_exp_mant_case.v,student/work/reverse_bf16_deep_20260603_1223/ex210/aigs/ex210_bf16_sigmoid_sign_exp_mant_case.aig,1,1,1,2346,17,39882,2.098,3941,bf16 Verilog table factoring seed,bf16_deep_variants_20260603_1223,bf16_deep_variants_20260603_1223.csv
ex210,ex210_bf16_sigmoid_split_sign_exp_mant_case,bf16_sigmoid,split_sign_exp_mant_case,student/work/reverse_bf16_deep_20260603_1223/ex210/verilog/ex210_bf16_sigmoid_split_sign_exp_mant_case.v,student/work/reverse_bf16_deep_20260603_1223/ex210/aigs/ex210_bf16_sigmoid_split_sign_exp_mant_case.aig,1,1,1,2375,17,40375,2.006,3941,bf16 Verilog table factoring seed,bf16_deep_variants_20260603_1223,bf16_deep_variants_20260603_1223.csv
ex210,ex210_bf16_sigmoid_positive_default_exp_mant_delta,bf16_sigmoid,positive_default_exp_mant_delta,student/work/reverse_bf16_deep_20260603_1223/ex210/verilog/ex210_bf16_sigmoid_positive_default_exp_mant_delta.v,student/work/reverse_bf16_deep_20260603_1223/ex210/aigs/ex210_bf16_sigmoid_positive_default_exp_mant_delta.aig,1,1,1,2301,18,41418,2.011,3950; default=same; exceptions=17408,bf16 Verilog table factoring seed,bf16_deep_variants_20260603_1223,bf16_deep_variants_20260603_1223.csv
ex210,ex210_bf16_sigmoid_positive_default_exp_mant_case,bf16_sigmoid,positive_default_exp_mant_case,student/work/reverse_bf16_deep_20260603_1223/ex210/verilog/ex210_bf16_sigmoid_positive_default_exp_mant_case.v,student/work/reverse_bf16_deep_20260603_1223/ex210/aigs/ex210_bf16_sigmoid_positive_default_exp_mant_case.aig,1,1,1,2304,18,41472,3.053,3694; default=same; exceptions=17408,bf16 Verilog table factoring seed,bf16_deep_variants_20260603_1223,bf16_deep_variants_20260603_1223.csv
ex210,ex210_bf16_sigmoid_sign_exp_default_expr_case,bf16_sigmoid,sign_exp_default_expr_case,student/work/reverse_bf16_deep_20260603_1223/ex210/verilog/ex210_bf16_sigmoid_sign_exp_default_expr_case.v,student/work/reverse_bf16_deep_20260603_1223/ex210/aigs/ex210_bf16_sigmoid_sign_exp_default_expr_case.aig,1,1,1,2522,17,42874,5.376,"groups=512; full_default_groups=121; exceptions=49711; defaults=abs_input:388,nan:2,zero:122",bf16 Verilog table factoring seed,bf16_deep_variants_20260603_1223,bf16_deep_variants_20260603_1223.csv
ex210,ex210_bf16_sigmoid_semantic_exp_delta_fields,bf16_sigmoid,semantic_exp_delta_fields,student/work/reverse_bf16_aggressive_semantic_20260603_1711/ex210/verilog/ex210_bf16_sigmoid_semantic_exp_delta_fields.v,student/work/reverse_bf16_aggressive_semantic_20260603_1711/ex210/aigs/ex210_bf16_sigmoid_semantic_exp_delta_fields.aig,1,1,1,2344,19,44536,9.897,base=lookup_by_input_exp; positive_entries=32768; normal_entries=32641; special_entries=127; relation=zero; negative_exceptions=17198,aggressive semantic BF16 field RTL,bf16_aggressive_semantic_20260603_1711,bf16_aggressive_semantic_20260603_1711.csv
ex210,ex210_bf16_sigmoid_semantic_positive_symmetry_fields,bf16_sigmoid,semantic_positive_symmetry_fields,student/work/reverse_bf16_aggressive_semantic_20260603_1711/ex210/verilog/ex210_bf16_sigmoid_semantic_positive_symmetry_fields.v,student/work/reverse_bf16_aggressive_semantic_20260603_1711/ex210/aigs/ex210_bf16_sigmoid_semantic_positive_symmetry_fields.aig,1,1,1,2370,19,45030,8.401,positive_entries=32768; relation=zero; negative_exceptions=17198,aggressive semantic BF16 field RTL,bf16_aggressive_semantic_20260603_1711,bf16_aggressive_semantic_20260603_1711.csv
ex210,ex210_bf16_sigmoid_semantic_positive_field_defaults,bf16_sigmoid,semantic_positive_field_defaults,student/work/reverse_bf16_aggressive_semantic_20260603_1711/ex210/verilog/ex210_bf16_sigmoid_semantic_positive_field_defaults.v,student/work/reverse_bf16_aggressive_semantic_20260603_1711/ex210/aigs/ex210_bf16_sigmoid_semantic_positive_field_defaults.aig,1,1,1,2325,20,46500,4.315,positive_exp_groups=256; full_default_groups=245; positive_exceptions=890; relation=zero; negative_exceptions=17198,aggressive semantic BF16 field RTL,bf16_aggressive_semantic_20260603_1711,bf16_aggressive_semantic_20260603_1711.csv
ex210,ex210_bf16_sigmoid_exp_mant_delta_pair,bf16_sigmoid,exp_mant_delta_pair,student/work/reverse_bf16_deep_20260603_1223/ex210/verilog/ex210_bf16_sigmoid_exp_mant_delta_pair.v,student/work/reverse_bf16_deep_20260603_1223/ex210/aigs/ex210_bf16_sigmoid_exp_mant_delta_pair.aig,1,1,1,2376,20,47520,2.066,2544,bf16 Verilog table factoring seed,bf16_deep_variants_20260603_1223,bf16_deep_variants_20260603_1223.csv
ex210,ex210_bf16_sigmoid_sign_pair_case,bf16_sigmoid,sign_pair_case,student/work/reverse_bf16_deep_20260603_1223/ex210/verilog/ex210_bf16_sigmoid_sign_pair_case.v,student/work/reverse_bf16_deep_20260603_1223/ex210/aigs/ex210_bf16_sigmoid_sign_pair_case.aig,1,1,1,2383,20,47660,5.638,32768,bf16 Verilog table factoring seed,bf16_deep_variants_20260603_1223,bf16_deep_variants_20260603_1223.csv
ex210,ex210_bf16_sigmoid_default_expr_exception_case,bf16_sigmoid,default_expr_exception_case,student/work/reverse_bf16_deep_20260603_1223/ex210/verilog/ex210_bf16_sigmoid_default_expr_exception_case.v,student/work/reverse_bf16_deep_20260603_1223/ex210/aigs/ex210_bf16_sigmoid_default_expr_exception_case.aig,1,1,1,2376,21,49896,7.344,exceptions=49966; default=zero; matches=15570,bf16 Verilog table factoring seed,bf16_deep_variants_20260603_1223,bf16_deep_variants_20260603_1223.csv
ex210,ex210_bf16_sigmoid_value_case,bf16_sigmoid,value_case,student/work/reverse_bf16_deep_20260603_1223/ex210/verilog/ex210_bf16_sigmoid_value_case.v,student/work/reverse_bf16_deep_20260603_1223/ex210/aigs/ex210_bf16_sigmoid_value_case.aig,1,1,1,2376,21,49896,7.976,65536,bf16 Verilog table factoring seed,bf16_deep_variants_20260603_1223,bf16_deep_variants_20260603_1223.csv
ex211,ex211_bf16_reciprocal_semantic_positive_symmetry_fields,bf16_reciprocal,semantic_positive_symmetry_fields,student/work/reverse_bf16_aggressive_semantic_20260603_1711/ex211/verilog/ex211_bf16_reciprocal_semantic_positive_symmetry_fields.v,student/work/reverse_bf16_aggressive_semantic_20260603_1711/ex211/aigs/ex211_bf16_reciprocal_semantic_positive_symmetry_fields.aig,1,1,1,275,11,3025,14.427,positive_entries=32768; relation=sign_flip_pos; negative_exceptions=127,aggressive semantic BF16 field RTL,bf16_aggressive_semantic_20260603_1711,bf16_aggressive_semantic_20260603_1711.csv
ex211,ex211_bf16_reciprocal_value_case,bf16_reciprocal,value_case,student/work/reverse_bf16_deep_20260603_1223/ex211/verilog/ex211_bf16_reciprocal_value_case.v,student/work/reverse_bf16_deep_20260603_1223/ex211/aigs/ex211_bf16_reciprocal_value_case.aig,1,1,1,280,11,3080,24.014,65536,bf16 Verilog table factoring seed,bf16_deep_variants_20260603_1223,bf16_deep_variants_20260603_1223.csv
ex211,ex211_bf16_reciprocal_sign_pair_case,bf16_reciprocal,sign_pair_case,student/work/reverse_bf16_deep_20260603_1223/ex211/verilog/ex211_bf16_reciprocal_sign_pair_case.v,student/work/reverse_bf16_deep_20260603_1223/ex211/aigs/ex211_bf16_reciprocal_sign_pair_case.aig,1,1,1,288,11,3168,19.857,32768,bf16 Verilog table factoring seed,bf16_deep_variants_20260603_1223,bf16_deep_variants_20260603_1223.csv
ex211,ex211_bf16_reciprocal_exp_mant_delta_pair,bf16_reciprocal,exp_mant_delta_pair,student/work/reverse_bf16_deep_20260603_1223/ex211/verilog/ex211_bf16_reciprocal_exp_mant_delta_pair.v,student/work/reverse_bf16_deep_20260603_1223/ex211/aigs/ex211_bf16_reciprocal_exp_mant_delta_pair.aig,1,1,1,318,11,3498,7.013,32770,bf16 Verilog table factoring seed,bf16_deep_variants_20260603_1223,bf16_deep_variants_20260603_1223.csv
ex211,ex211_bf16_reciprocal_positive_default_exp_mant_delta,bf16_reciprocal,positive_default_exp_mant_delta,student/work/reverse_bf16_deep_20260603_1223/ex211/verilog/ex211_bf16_reciprocal_positive_default_exp_mant_delta.v,student/work/reverse_bf16_deep_20260603_1223/ex211/aigs/ex211_bf16_reciprocal_positive_default_exp_mant_delta.aig,1,1,1,338,12,4056,5.863,32897; default=sign_flip; exceptions=127,bf16 Verilog table factoring seed,bf16_deep_variants_20260603_1223,bf16_deep_variants_20260603_1223.csv
ex211,ex211_bf16_reciprocal_semantic_arith_fields,bf16_reciprocal,semantic_arith_fields,student/work/reverse_bf16_semantic_20260603_1108/ex211/verilog/ex211_bf16_reciprocal_semantic_arith_fields.v,student/work/reverse_bf16_semantic_20260603_1108/ex211/aigs/ex211_bf16_reciprocal_semantic_arith_fields.aig,1,1,1,300,15,4500,1.259,128; sign_mode=sign_flip; normal_table_entries=127,semantic BF16 exponent/mantissa RTL,bf16_semantic_variants_20260603_1108,bf16_frontend_pool_all_20260603_1209.csv
ex211,ex211_bf16_reciprocal_semantic_exp_delta_fields,bf16_reciprocal,semantic_exp_delta_fields,student/work/reverse_bf16_aggressive_semantic_20260603_1711/ex211/verilog/ex211_bf16_reciprocal_semantic_exp_delta_fields.v,student/work/reverse_bf16_aggressive_semantic_20260603_1711/ex211/aigs/ex211_bf16_reciprocal_semantic_exp_delta_fields.aig,1,1,1,316,16,5056,9.403,base=arith_recip; positive_entries=32768; normal_entries=32257; special_entries=511; relation=sign_flip_pos; negative_exceptions=127,aggressive semantic BF16 field RTL,bf16_aggressive_semantic_20260603_1711,bf16_aggressive_semantic_20260603_1711.csv
ex211,ex211_bf16_reciprocal_split_sign_exp_mant_case,bf16_reciprocal,split_sign_exp_mant_case,student/work/reverse_bf16_deep_20260603_1223/ex211/verilog/ex211_bf16_reciprocal_split_sign_exp_mant_case.v,student/work/reverse_bf16_deep_20260603_1223/ex211/aigs/ex211_bf16_reciprocal_split_sign_exp_mant_case.aig,1,1,1,476,12,5712,9.870,65028,bf16 Verilog table factoring seed,bf16_deep_variants_20260603_1223,bf16_deep_variants_20260603_1223.csv
ex211,ex211_bf16_reciprocal_exp_mant_pair_case,bf16_reciprocal,exp_mant_pair_case,student/work/reverse_bf16_deep_20260603_1223/ex211/verilog/ex211_bf16_reciprocal_exp_mant_pair_case.v,student/work/reverse_bf16_deep_20260603_1223/ex211/aigs/ex211_bf16_reciprocal_exp_mant_pair_case.aig,1,1,1,699,14,9786,8.672,32514,bf16 Verilog table factoring seed,bf16_deep_variants_20260603_1223,bf16_deep_variants_20260603_1223.csv
ex211,ex211_bf16_reciprocal_positive_default_exp_mant_case,bf16_reciprocal,positive_default_exp_mant_case,student/work/reverse_bf16_deep_20260603_1223/ex211/verilog/ex211_bf16_reciprocal_positive_default_exp_mant_case.v,student/work/reverse_bf16_deep_20260603_1223/ex211/aigs/ex211_bf16_reciprocal_positive_default_exp_mant_case.aig,1,1,1,804,13,10452,7.140,32641; default=sign_flip; exceptions=127,bf16 Verilog table factoring seed,bf16_deep_variants_20260603_1223,bf16_deep_variants_20260603_1223.csv
ex211,ex211_bf16_reciprocal_semantic_positive_field_defaults,bf16_reciprocal,semantic_positive_field_defaults,student/work/reverse_bf16_aggressive_semantic_20260603_1711/ex211/verilog/ex211_bf16_reciprocal_semantic_positive_field_defaults.v,student/work/reverse_bf16_aggressive_semantic_20260603_1711/ex211/aigs/ex211_bf16_reciprocal_semantic_positive_field_defaults.aig,1,1,1,864,13,11232,7.789,positive_exp_groups=256; full_default_groups=2; positive_exceptions=31754; relation=sign_flip_pos; negative_exceptions=127,aggressive semantic BF16 field RTL,bf16_aggressive_semantic_20260603_1711,bf16_aggressive_semantic_20260603_1711.csv
ex211,ex211_bf16_reciprocal_semantic_sign_exp_field_defaults,bf16_reciprocal,semantic_sign_exp_field_defaults,student/work/reverse_bf16_aggressive_semantic_20260603_1711/ex211/verilog/ex211_bf16_reciprocal_semantic_sign_exp_field_defaults.v,student/work/reverse_bf16_aggressive_semantic_20260603_1711/ex211/aigs/ex211_bf16_reciprocal_semantic_sign_exp_field_defaults.aig,1,1,1,1159,17,19703,14.613,groups=512; full_default_groups=4; exceptions=63508,aggressive semantic BF16 field RTL,bf16_aggressive_semantic_20260603_1711,bf16_aggressive_semantic_20260603_1711.csv
ex211,ex211_bf16_reciprocal_semantic_field_reassembly,bf16_reciprocal,semantic_field_reassembly,student/work/reverse_bf16_aggressive_semantic_20260603_1711/ex211/verilog/ex211_bf16_reciprocal_semantic_field_reassembly.v,student/work/reverse_bf16_aggressive_semantic_20260603_1711/ex211/aigs/ex211_bf16_reciprocal_semantic_field_reassembly.aig,1,1,1,1417,16,22672,14.380,65536,aggressive semantic BF16 field RTL,bf16_aggressive_semantic_20260603_1711,bf16_aggressive_semantic_20260603_1711.csv
ex211,ex211_bf16_reciprocal_sign_exp_mant_case,bf16_reciprocal,sign_exp_mant_case,student/work/reverse_bf16_deep_20260603_1223/ex211/verilog/ex211_bf16_reciprocal_sign_exp_mant_case.v,student/work/reverse_bf16_deep_20260603_1223/ex211/aigs/ex211_bf16_reciprocal_sign_exp_mant_case.aig,1,1,1,2502,16,40032,11.222,65028,bf16 Verilog table factoring seed,bf16_deep_variants_20260603_1223,bf16_deep_variants_20260603_1223.csv
ex211,ex211_bf16_reciprocal_sign_exp_default_expr_case,bf16_reciprocal,sign_exp_default_expr_case,student/work/reverse_bf16_deep_20260603_1223/ex211/verilog/ex211_bf16_reciprocal_sign_exp_default_expr_case.v,student/work/reverse_bf16_deep_20260603_1223/ex211/aigs/ex211_bf16_reciprocal_sign_exp_default_expr_case.aig,1,1,1,2533,16,40528,11.314,"groups=512; full_default_groups=4; exceptions=64514; defaults=abs_input:503,input:1,nan:2,pos_inf:1,sign_inf:1,sign_zero:4",bf16 Verilog table factoring seed,bf16_deep_variants_20260603_1223,bf16_deep_variants_20260603_1223.csv
ex211,ex211_bf16_reciprocal_default_expr_exception_case,bf16_reciprocal,default_expr_exception_case,student/work/reverse_bf16_deep_20260603_1223/ex211/verilog/ex211_bf16_reciprocal_default_expr_exception_case.v,student/work/reverse_bf16_deep_20260603_1223/ex211/aigs/ex211_bf16_reciprocal_default_expr_exception_case.aig,1,1,1,36443,26,947518,188.031,exceptions=65024; default=sign_zero; matches=512,bf16 Verilog table factoring seed,bf16_deep_variants_20260603_1223,bf16_deep_variants_20260603_1223.csv
ex212,ex212_bf16_square_exp_mant_delta_pair,bf16_square,exp_mant_delta_pair,student/work/reverse_bf16_deep_20260603_1223/ex212/verilog/ex212_bf16_square_exp_mant_delta_pair.v,student/work/reverse_bf16_deep_20260603_1223/ex212/aigs/ex212_bf16_square_exp_mant_delta_pair.aig,1,1,1,318,11,3498,9.415,16768,bf16 Verilog table factoring seed,bf16_deep_variants_20260603_1223,bf16_deep_variants_20260603_1223.csv
ex212,ex212_bf16_square_semantic_arith_fields,bf16_square,semantic_arith_fields,student/work/reverse_bf16_semantic_20260603_1108/ex212/verilog/ex212_bf16_square_semantic_arith_fields.v,student/work/reverse_bf16_semantic_20260603_1108/ex212/aigs/ex212_bf16_square_semantic_arith_fields.aig,1,1,1,300,12,3600,0.858,128; sign_mode=same; normal_table_entries=127,semantic BF16 exponent/mantissa RTL,bf16_semantic_variants_20260603_1108,bf16_frontend_pool_all_20260603_1209.csv
ex212,ex212_bf16_square_sign_pair_case,bf16_square,sign_pair_case,student/work/reverse_bf16_deep_20260603_1223/ex212/verilog/ex212_bf16_square_sign_pair_case.v,student/work/reverse_bf16_deep_20260603_1223/ex212/aigs/ex212_bf16_square_sign_pair_case.aig,1,1,1,310,12,3720,13.223,32768,bf16 Verilog table factoring seed,bf16_deep_variants_20260603_1223,bf16_deep_variants_20260603_1223.csv
ex212,ex212_bf16_square_positive_default_exp_mant_delta,bf16_square,positive_default_exp_mant_delta,student/work/reverse_bf16_deep_20260603_1223/ex212/verilog/ex212_bf16_square_positive_default_exp_mant_delta.v,student/work/reverse_bf16_deep_20260603_1223/ex212/aigs/ex212_bf16_square_positive_default_exp_mant_delta.aig,1,1,1,312,12,3744,3.195,16768; default=same; exceptions=0,bf16 Verilog table factoring seed,bf16_deep_variants_20260603_1223,bf16_deep_variants_20260603_1223.csv
ex212,ex212_bf16_square_semantic_exp_delta_fields,bf16_square,semantic_exp_delta_fields,student/work/reverse_bf16_aggressive_semantic_20260603_1711/ex212/verilog/ex212_bf16_square_semantic_exp_delta_fields.v,student/work/reverse_bf16_aggressive_semantic_20260603_1711/ex212/aigs/ex212_bf16_square_semantic_exp_delta_fields.aig,1,1,1,290,13,3770,7.055,base=arith_square; positive_entries=32768; normal_entries=16256; special_entries=16512; relation=same_pos; negative_exceptions=0,aggressive semantic BF16 field RTL,bf16_aggressive_semantic_20260603_1711,bf16_aggressive_semantic_20260603_1711.csv
ex212,ex212_bf16_square_semantic_positive_symmetry_fields,bf16_square,semantic_positive_symmetry_fields,student/work/reverse_bf16_aggressive_semantic_20260603_1711/ex212/verilog/ex212_bf16_square_semantic_positive_symmetry_fields.v,student/work/reverse_bf16_aggressive_semantic_20260603_1711/ex212/aigs/ex212_bf16_square_semantic_positive_symmetry_fields.aig,1,1,1,300,13,3900,10.141,positive_entries=32768; relation=same_pos; negative_exceptions=0,aggressive semantic BF16 field RTL,bf16_aggressive_semantic_20260603_1711,bf16_aggressive_semantic_20260603_1711.csv
ex212,ex212_bf16_square_default_expr_exception_case,bf16_square,default_expr_exception_case,student/work/reverse_bf16_deep_20260603_1223/ex212/verilog/ex212_bf16_square_default_expr_exception_case.v,student/work/reverse_bf16_deep_20260603_1223/ex212/aigs/ex212_bf16_square_default_expr_exception_case.aig,1,1,1,302,13,3926,16.258,exceptions=49150; default=pos_inf; matches=16386,bf16 Verilog table factoring seed,bf16_deep_variants_20260603_1223,bf16_deep_variants_20260603_1223.csv
ex212,ex212_bf16_square_value_case,bf16_square,value_case,student/work/reverse_bf16_deep_20260603_1223/ex212/verilog/ex212_bf16_square_value_case.v,student/work/reverse_bf16_deep_20260603_1223/ex212/aigs/ex212_bf16_square_value_case.aig,1,1,1,302,13,3926,16.213,65536,bf16 Verilog table factoring seed,bf16_deep_variants_20260603_1223,bf16_deep_variants_20260603_1223.csv
ex212,ex212_bf16_square_positive_default_exp_mant_case,bf16_square,positive_default_exp_mant_case,student/work/reverse_bf16_deep_20260603_1223/ex212/verilog/ex212_bf16_square_positive_default_exp_mant_case.v,student/work/reverse_bf16_deep_20260603_1223/ex212/aigs/ex212_bf16_square_positive_default_exp_mant_case.aig,1,1,1,529,13,6877,3.466,16512; default=same; exceptions=0,bf16 Verilog table factoring seed,bf16_deep_variants_20260603_1223,bf16_deep_variants_20260603_1223.csv
ex212,ex212_bf16_square_split_sign_exp_mant_case,bf16_square,split_sign_exp_mant_case,student/work/reverse_bf16_deep_20260603_1223/ex212/verilog/ex212_bf16_square_split_sign_exp_mant_case.v,student/work/reverse_bf16_deep_20260603_1223/ex212/aigs/ex212_bf16_square_split_sign_exp_mant_case.aig,1,1,1,554,14,7756,6.121,33024,bf16 Verilog table factoring seed,bf16_deep_variants_20260603_1223,bf16_deep_variants_20260603_1223.csv
ex212,ex212_bf16_square_semantic_sign_exp_field_defaults,bf16_square,semantic_sign_exp_field_defaults,student/work/reverse_bf16_aggressive_semantic_20260603_1711/ex212/verilog/ex212_bf16_square_semantic_sign_exp_field_defaults.v,student/work/reverse_bf16_aggressive_semantic_20260603_1711/ex212/aigs/ex212_bf16_square_semantic_sign_exp_field_defaults.aig,1,1,1,697,13,9061,7.752,groups=512; full_default_groups=256; exceptions=32260,aggressive semantic BF16 field RTL,bf16_aggressive_semantic_20260603_1711,bf16_aggressive_semantic_20260603_1711.csv
ex212,ex212_bf16_square_exp_mant_pair_case,bf16_square,exp_mant_pair_case,student/work/reverse_bf16_deep_20260603_1223/ex212/verilog/ex212_bf16_square_exp_mant_pair_case.v,student/work/reverse_bf16_deep_20260603_1223/ex212/aigs/ex212_bf16_square_exp_mant_pair_case.aig,1,1,1,667,14,9338,4.556,16512,bf16 Verilog table factoring seed,bf16_deep_variants_20260603_1223,bf16_deep_variants_20260603_1223.csv
ex212,ex212_bf16_square_sign_exp_mant_case,bf16_square,sign_exp_mant_case,student/work/reverse_bf16_deep_20260603_1223/ex212/verilog/ex212_bf16_square_sign_exp_mant_case.v,student/work/reverse_bf16_deep_20260603_1223/ex212/aigs/ex212_bf16_square_sign_exp_mant_case.aig,1,1,1,646,15,9690,6.029,33024,bf16 Verilog table factoring seed,bf16_deep_variants_20260603_1223,bf16_deep_variants_20260603_1223.csv
ex212,ex212_bf16_square_semantic_positive_field_defaults,bf16_square,semantic_positive_field_defaults,student/work/reverse_bf16_aggressive_semantic_20260603_1711/ex212/verilog/ex212_bf16_square_semantic_positive_field_defaults.v,student/work/reverse_bf16_aggressive_semantic_20260603_1711/ex212/aigs/ex212_bf16_square_semantic_positive_field_defaults.aig,1,1,1,703,14,9842,4.462,positive_exp_groups=256; full_default_groups=128; positive_exceptions=16130; relation=same_pos; negative_exceptions=0,aggressive semantic BF16 field RTL,bf16_aggressive_semantic_20260603_1711,bf16_aggressive_semantic_20260603_1711.csv
ex212,ex212_bf16_square_sign_exp_default_expr_case,bf16_square,sign_exp_default_expr_case,student/work/reverse_bf16_deep_20260603_1223/ex212/verilog/ex212_bf16_square_sign_exp_default_expr_case.v,student/work/reverse_bf16_deep_20260603_1223/ex212/aigs/ex212_bf16_square_sign_exp_default_expr_case.aig,1,1,1,754,16,12064,6.450,"groups=512; full_default_groups=256; exceptions=32512; defaults=abs_input:254,nan:2,pos_inf:128,sign_zero:64,zero:64",bf16 Verilog table factoring seed,bf16_deep_variants_20260603_1223,bf16_deep_variants_20260603_1223.csv
ex212,ex212_bf16_square_semantic_field_reassembly,bf16_square,semantic_field_reassembly,student/work/reverse_bf16_aggressive_semantic_20260603_1711/ex212/verilog/ex212_bf16_square_semantic_field_reassembly.v,student/work/reverse_bf16_aggressive_semantic_20260603_1711/ex212/aigs/ex212_bf16_square_semantic_field_reassembly.aig,1,1,1,749,17,12733,11.809,65536,aggressive semantic BF16 field RTL,bf16_aggressive_semantic_20260603_1711,bf16_aggressive_semantic_20260603_1711.csv
ex213,ex213_bf16_sqrt_semantic_arith_fields,bf16_sqrt,semantic_arith_fields,student/work/reverse_bf16_semantic_20260603_1108/ex213/verilog/ex213_bf16_sqrt_semantic_arith_fields.v,student/work/reverse_bf16_semantic_20260603_1108/ex213/aigs/ex213_bf16_sqrt_semantic_arith_fields.aig,1,1,1,338,13,4394,1.172,256; sign_mode=nan; normal_table_entries=254,semantic BF16 exponent/mantissa RTL,bf16_semantic_variants_20260603_1108,bf16_frontend_pool_all_20260603_1209.csv
ex213,ex213_bf16_sqrt_default_expr_exception_case,bf16_sqrt,default_expr_exception_case,student/work/reverse_bf16_deep_20260603_1223/ex213/verilog/ex213_bf16_sqrt_default_expr_exception_case.v,student/work/reverse_bf16_deep_20260603_1223/ex213/aigs/ex213_bf16_sqrt_default_expr_exception_case.aig,1,1,1,343,13,4459,13.910,exceptions=32769; default=nan; matches=32767,bf16 Verilog table factoring seed,bf16_deep_variants_20260603_1223,bf16_deep_variants_20260603_1223.csv
ex213,ex213_bf16_sqrt_value_case,bf16_sqrt,value_case,student/work/reverse_bf16_deep_20260603_1223/ex213/verilog/ex213_bf16_sqrt_value_case.v,student/work/reverse_bf16_deep_20260603_1223/ex213/aigs/ex213_bf16_sqrt_value_case.aig,1,1,1,343,13,4459,16.890,65536,bf16 Verilog table factoring seed,bf16_deep_variants_20260603_1223,bf16_deep_variants_20260603_1223.csv
ex213,ex213_bf16_sqrt_exp_mant_delta_pair,bf16_sqrt,exp_mant_delta_pair,student/work/reverse_bf16_deep_20260603_1223/ex213/verilog/ex213_bf16_sqrt_exp_mant_delta_pair.v,student/work/reverse_bf16_deep_20260603_1223/ex213/aigs/ex213_bf16_sqrt_exp_mant_delta_pair.aig,1,1,1,346,13,4498,6.876,32897,bf16 Verilog table factoring seed,bf16_deep_variants_20260603_1223,bf16_deep_variants_20260603_1223.csv
ex213,ex213_bf16_sqrt_positive_default_exp_mant_delta,bf16_sqrt,positive_default_exp_mant_delta,student/work/reverse_bf16_deep_20260603_1223/ex213/verilog/ex213_bf16_sqrt_positive_default_exp_mant_delta.v,student/work/reverse_bf16_deep_20260603_1223/ex213/aigs/ex213_bf16_sqrt_positive_default_exp_mant_delta.aig,1,1,1,349,13,4537,4.784,32898; default=nan; exceptions=128,bf16 Verilog table factoring seed,bf16_deep_variants_20260603_1223,bf16_deep_variants_20260603_1223.csv
ex213,ex213_bf16_sqrt_semantic_exp_delta_fields,bf16_sqrt,semantic_exp_delta_fields,student/work/reverse_bf16_aggressive_semantic_20260603_1711/ex213/verilog/ex213_bf16_sqrt_semantic_exp_delta_fields.v,student/work/reverse_bf16_aggressive_semantic_20260603_1711/ex213/aigs/ex213_bf16_sqrt_semantic_exp_delta_fields.aig,1,1,1,352,13,4576,8.475,base=arith_sqrt; positive_entries=32768; normal_entries=32512; special_entries=256; relation=nan; negative_exceptions=128,aggressive semantic BF16 field RTL,bf16_aggressive_semantic_20260603_1711,bf16_aggressive_semantic_20260603_1711.csv
ex213,ex213_bf16_sqrt_sign_pair_case,bf16_sqrt,sign_pair_case,student/work/reverse_bf16_deep_20260603_1223/ex213/verilog/ex213_bf16_sqrt_sign_pair_case.v,student/work/reverse_bf16_deep_20260603_1223/ex213/aigs/ex213_bf16_sqrt_sign_pair_case.aig,1,1,1,350,14,4900,15.161,32768,bf16 Verilog table factoring seed,bf16_deep_variants_20260603_1223,bf16_deep_variants_20260603_1223.csv
ex213,ex213_bf16_sqrt_semantic_positive_symmetry_fields,bf16_sqrt,semantic_positive_symmetry_fields,student/work/reverse_bf16_aggressive_semantic_20260603_1711/ex213/verilog/ex213_bf16_sqrt_semantic_positive_symmetry_fields.v,student/work/reverse_bf16_aggressive_semantic_20260603_1711/ex213/aigs/ex213_bf16_sqrt_semantic_positive_symmetry_fields.aig,1,1,1,355,14,4970,12.896,positive_entries=32768; relation=nan; negative_exceptions=128,aggressive semantic BF16 field RTL,bf16_aggressive_semantic_20260603_1711,bf16_aggressive_semantic_20260603_1711.csv
ex213,ex213_bf16_sqrt_split_sign_exp_mant_case,bf16_sqrt,split_sign_exp_mant_case,student/work/reverse_bf16_deep_20260603_1223/ex213/verilog/ex213_bf16_sqrt_split_sign_exp_mant_case.v,student/work/reverse_bf16_deep_20260603_1223/ex213/aigs/ex213_bf16_sqrt_split_sign_exp_mant_case.aig,1,1,1,691,14,9674,6.005,32897,bf16 Verilog table factoring seed,bf16_deep_variants_20260603_1223,bf16_deep_variants_20260603_1223.csv
ex213,ex213_bf16_sqrt_sign_exp_default_expr_case,bf16_sqrt,sign_exp_default_expr_case,student/work/reverse_bf16_deep_20260603_1223/ex213/verilog/ex213_bf16_sqrt_sign_exp_default_expr_case.v,student/work/reverse_bf16_deep_20260603_1223/ex213/aigs/ex213_bf16_sqrt_sign_exp_default_expr_case.aig,1,1,1,705,15,10575,5.769,"groups=512; full_default_groups=257; exceptions=32511; defaults=abs_input:254,nan:256,sign_zero:2",bf16 Verilog table factoring seed,bf16_deep_variants_20260603_1223,bf16_deep_variants_20260603_1223.csv
ex213,ex213_bf16_sqrt_positive_default_exp_mant_case,bf16_sqrt,positive_default_exp_mant_case,student/work/reverse_bf16_deep_20260603_1223/ex213/verilog/ex213_bf16_sqrt_positive_default_exp_mant_case.v,student/work/reverse_bf16_deep_20260603_1223/ex213/aigs/ex213_bf16_sqrt_positive_default_exp_mant_case.aig,1,1,1,779,14,10906,4.849,32642; default=nan; exceptions=128,bf16 Verilog table factoring seed,bf16_deep_variants_20260603_1223,bf16_deep_variants_20260603_1223.csv
ex213,ex213_bf16_sqrt_exp_mant_pair_case,bf16_sqrt,exp_mant_pair_case,student/work/reverse_bf16_deep_20260603_1223/ex213/verilog/ex213_bf16_sqrt_exp_mant_pair_case.v,student/work/reverse_bf16_deep_20260603_1223/ex213/aigs/ex213_bf16_sqrt_exp_mant_pair_case.aig,1,1,1,787,14,11018,6.327,32641,bf16 Verilog table factoring seed,bf16_deep_variants_20260603_1223,bf16_deep_variants_20260603_1223.csv
ex213,ex213_bf16_sqrt_sign_exp_mant_case,bf16_sqrt,sign_exp_mant_case,student/work/reverse_bf16_deep_20260603_1223/ex213/verilog/ex213_bf16_sqrt_sign_exp_mant_case.v,student/work/reverse_bf16_deep_20260603_1223/ex213/aigs/ex213_bf16_sqrt_sign_exp_mant_case.aig,1,1,1,868,14,12152,5.725,32897,bf16 Verilog table factoring seed,bf16_deep_variants_20260603_1223,bf16_deep_variants_20260603_1223.csv
ex213,ex213_bf16_sqrt_semantic_field_reassembly,bf16_sqrt,semantic_field_reassembly,student/work/reverse_bf16_aggressive_semantic_20260603_1711/ex213/verilog/ex213_bf16_sqrt_semantic_field_reassembly.v,student/work/reverse_bf16_aggressive_semantic_20260603_1711/ex213/aigs/ex213_bf16_sqrt_semantic_field_reassembly.aig,1,1,1,922,14,12908,11.968,65536,aggressive semantic BF16 field RTL,bf16_aggressive_semantic_20260603_1711,bf16_aggressive_semantic_20260603_1711.csv
ex213,ex213_bf16_sqrt_semantic_positive_field_defaults,bf16_sqrt,semantic_positive_field_defaults,student/work/reverse_bf16_aggressive_semantic_20260603_1711/ex213/verilog/ex213_bf16_sqrt_semantic_positive_field_defaults.v,student/work/reverse_bf16_aggressive_semantic_20260603_1711/ex213/aigs/ex213_bf16_sqrt_semantic_positive_field_defaults.aig,1,1,1,1061,15,15915,7.231,positive_exp_groups=256; full_default_groups=1; positive_exceptions=31878; relation=nan; negative_exceptions=128,aggressive semantic BF16 field RTL,bf16_aggressive_semantic_20260603_1711,bf16_aggressive_semantic_20260603_1711.csv
ex213,ex213_bf16_sqrt_semantic_sign_exp_field_defaults,bf16_sqrt,semantic_sign_exp_field_defaults,student/work/reverse_bf16_aggressive_semantic_20260603_1711/ex213/verilog/ex213_bf16_sqrt_semantic_sign_exp_field_defaults.v,student/work/reverse_bf16_aggressive_semantic_20260603_1711/ex213/aigs/ex213_bf16_sqrt_semantic_sign_exp_field_defaults.aig,1,1,1,1482,21,31122,7.631,groups=512; full_default_groups=257; exceptions=31878,aggressive semantic BF16 field RTL,bf16_aggressive_semantic_20260603_1711,bf16_aggressive_semantic_20260603_1711.csv
ex214,ex214_bf16_reciprocal_square_default_expr_exception_case,bf16_reciprocal_square,default_expr_exception_case,student/work/reverse_bf16_deep_20260603_1223/ex214/verilog/ex214_bf16_reciprocal_square_default_expr_exception_case.v,student/work/reverse_bf16_deep_20260603_1223/ex214/aigs/ex214_bf16_reciprocal_square_default_expr_exception_case.aig,1,1,1,318,12,3816,15.577,exceptions=48896; default=zero; matches=16640,bf16 Verilog table factoring seed,bf16_deep_variants_20260603_1223,bf16_deep_variants_20260603_1223.csv
ex214,ex214_bf16_reciprocal_square_value_case,bf16_reciprocal_square,value_case,student/work/reverse_bf16_deep_20260603_1223/ex214/verilog/ex214_bf16_reciprocal_square_value_case.v,student/work/reverse_bf16_deep_20260603_1223/ex214/aigs/ex214_bf16_reciprocal_square_value_case.aig,1,1,1,318,12,3816,16.494,65536,bf16 Verilog table factoring seed,bf16_deep_variants_20260603_1223,bf16_deep_variants_20260603_1223.csv
ex214,ex214_bf16_reciprocal_square_semantic_positive_symmetry_fields,bf16_reciprocal_square,semantic_positive_symmetry_fields,student/work/reverse_bf16_aggressive_semantic_20260603_1711/ex214/verilog/ex214_bf16_reciprocal_square_semantic_positive_symmetry_fields.v,student/work/reverse_bf16_aggressive_semantic_20260603_1711/ex214/aigs/ex214_bf16_reciprocal_square_semantic_positive_symmetry_fields.aig,1,1,1,322,12,3864,11.669,positive_entries=32768; relation=same_pos; negative_exceptions=0,aggressive semantic BF16 field RTL,bf16_aggressive_semantic_20260603_1711,bf16_aggressive_semantic_20260603_1711.csv
ex214,ex214_bf16_reciprocal_square_sign_pair_case,bf16_reciprocal_square,sign_pair_case,student/work/reverse_bf16_deep_20260603_1223/ex214/verilog/ex214_bf16_reciprocal_square_sign_pair_case.v,student/work/reverse_bf16_deep_20260603_1223/ex214/aigs/ex214_bf16_reciprocal_square_sign_pair_case.aig,1,1,1,313,13,4069,12.975,32768,bf16 Verilog table factoring seed,bf16_deep_variants_20260603_1223,bf16_deep_variants_20260603_1223.csv
ex214,ex214_bf16_reciprocal_square_exp_mant_delta_pair,bf16_reciprocal_square,exp_mant_delta_pair,student/work/reverse_bf16_deep_20260603_1223/ex214/verilog/ex214_bf16_reciprocal_square_exp_mant_delta_pair.v,student/work/reverse_bf16_deep_20260603_1223/ex214/aigs/ex214_bf16_reciprocal_square_exp_mant_delta_pair.aig,1,1,1,369,12,4428,4.418,16895,bf16 Verilog table factoring seed,bf16_deep_variants_20260603_1223,bf16_deep_variants_20260603_1223.csv
ex214,ex214_bf16_reciprocal_square_positive_default_exp_mant_delta,bf16_reciprocal_square,positive_default_exp_mant_delta,student/work/reverse_bf16_deep_20260603_1223/ex214/verilog/ex214_bf16_reciprocal_square_positive_default_exp_mant_delta.v,student/work/reverse_bf16_deep_20260603_1223/ex214/aigs/ex214_bf16_reciprocal_square_positive_default_exp_mant_delta.aig,1,1,1,380,12,4560,3.010,16895; default=same; exceptions=0,bf16 Verilog table factoring seed,bf16_deep_variants_20260603_1223,bf16_deep_variants_20260603_1223.csv
ex214,ex214_bf16_reciprocal_square_semantic_arith_fields,bf16_reciprocal_square,semantic_arith_fields,student/work/reverse_bf16_semantic_20260603_1108/ex214/verilog/ex214_bf16_reciprocal_square_semantic_arith_fields.v,student/work/reverse_bf16_semantic_20260603_1108/ex214/aigs/ex214_bf16_reciprocal_square_semantic_arith_fields.aig,1,1,1,368,19,6992,0.901,128; sign_mode=same; normal_table_entries=127,semantic BF16 exponent/mantissa RTL,bf16_semantic_variants_20260603_1108,bf16_frontend_pool_all_20260603_1209.csv
ex214,ex214_bf16_reciprocal_square_exp_mant_pair_case,bf16_reciprocal_square,exp_mant_pair_case,student/work/reverse_bf16_deep_20260603_1223/ex214/verilog/ex214_bf16_reciprocal_square_exp_mant_pair_case.v,student/work/reverse_bf16_deep_20260603_1223/ex214/aigs/ex214_bf16_reciprocal_square_exp_mant_pair_case.aig,1,1,1,616,13,8008,4.482,16639,bf16 Verilog table factoring seed,bf16_deep_variants_20260603_1223,bf16_deep_variants_20260603_1223.csv
ex214,ex214_bf16_reciprocal_square_sign_exp_mant_case,bf16_reciprocal_square,sign_exp_mant_case,student/work/reverse_bf16_deep_20260603_1223/ex214/verilog/ex214_bf16_reciprocal_square_sign_exp_mant_case.v,student/work/reverse_bf16_deep_20260603_1223/ex214/aigs/ex214_bf16_reciprocal_square_sign_exp_mant_case.aig,1,1,1,583,14,8162,5.685,33278,bf16 Verilog table factoring seed,bf16_deep_variants_20260603_1223,bf16_deep_variants_20260603_1223.csv
ex214,ex214_bf16_reciprocal_square_split_sign_exp_mant_case,bf16_reciprocal_square,split_sign_exp_mant_case,student/work/reverse_bf16_deep_20260603_1223/ex214/verilog/ex214_bf16_reciprocal_square_split_sign_exp_mant_case.v,student/work/reverse_bf16_deep_20260603_1223/ex214/aigs/ex214_bf16_reciprocal_square_split_sign_exp_mant_case.aig,1,1,1,639,13,8307,5.604,33278,bf16 Verilog table factoring seed,bf16_deep_variants_20260603_1223,bf16_deep_variants_20260603_1223.csv
ex214,ex214_bf16_reciprocal_square_positive_default_exp_mant_case,bf16_reciprocal_square,positive_default_exp_mant_case,student/work/reverse_bf16_deep_20260603_1223/ex214/verilog/ex214_bf16_reciprocal_square_positive_default_exp_mant_case.v,student/work/reverse_bf16_deep_20260603_1223/ex214/aigs/ex214_bf16_reciprocal_square_positive_default_exp_mant_case.aig,1,1,1,658,13,8554,3.458,16639; default=same; exceptions=0,bf16 Verilog table factoring seed,bf16_deep_variants_20260603_1223,bf16_deep_variants_20260603_1223.csv
ex214,ex214_bf16_reciprocal_square_semantic_sign_exp_field_defaults,bf16_reciprocal_square,semantic_sign_exp_field_defaults,student/work/reverse_bf16_aggressive_semantic_20260603_1711/ex214/verilog/ex214_bf16_reciprocal_square_semantic_sign_exp_field_defaults.v,student/work/reverse_bf16_aggressive_semantic_20260603_1711/ex214/aigs/ex214_bf16_reciprocal_square_semantic_sign_exp_field_defaults.aig,1,1,1,660,13,8580,9.043,groups=512; full_default_groups=254; exceptions=32262,aggressive semantic BF16 field RTL,bf16_aggressive_semantic_20260603_1711,bf16_aggressive_semantic_20260603_1711.csv
ex214,ex214_bf16_reciprocal_square_semantic_positive_field_defaults,bf16_reciprocal_square,semantic_positive_field_defaults,student/work/reverse_bf16_aggressive_semantic_20260603_1711/ex214/verilog/ex214_bf16_reciprocal_square_semantic_positive_field_defaults.v,student/work/reverse_bf16_aggressive_semantic_20260603_1711/ex214/aigs/ex214_bf16_reciprocal_square_semantic_positive_field_defaults.aig,1,1,1,667,13,8671,4.258,positive_exp_groups=256; full_default_groups=127; positive_exceptions=16131; relation=same_pos; negative_exceptions=0,aggressive semantic BF16 field RTL,bf16_aggressive_semantic_20260603_1711,bf16_aggressive_semantic_20260603_1711.csv
ex214,ex214_bf16_reciprocal_square_semantic_exp_delta_fields,bf16_reciprocal_square,semantic_exp_delta_fields,student/work/reverse_bf16_aggressive_semantic_20260603_1711/ex214/verilog/ex214_bf16_reciprocal_square_semantic_exp_delta_fields.v,student/work/reverse_bf16_aggressive_semantic_20260603_1711/ex214/aigs/ex214_bf16_reciprocal_square_semantic_exp_delta_fields.aig,1,1,1,364,25,9100,8.217,base=arith_recip_square; positive_entries=32768; normal_entries=16256; special_entries=16512; relation=same_pos; negative_exceptions=0,aggressive semantic BF16 field RTL,bf16_aggressive_semantic_20260603_1711,bf16_aggressive_semantic_20260603_1711.csv
ex214,ex214_bf16_reciprocal_square_sign_exp_default_expr_case,bf16_reciprocal_square,sign_exp_default_expr_case,student/work/reverse_bf16_deep_20260603_1223/ex214/verilog/ex214_bf16_reciprocal_square_sign_exp_default_expr_case.v,student/work/reverse_bf16_deep_20260603_1223/ex214/aigs/ex214_bf16_reciprocal_square_sign_exp_default_expr_case.aig,1,1,1,827,14,11578,6.402,"groups=512; full_default_groups=254; exceptions=32512; defaults=abs_input:252,nan:2,pos_inf:128,sign_zero:65,zero:65",bf16 Verilog table factoring seed,bf16_deep_variants_20260603_1223,bf16_deep_variants_20260603_1223.csv
ex214,ex214_bf16_reciprocal_square_semantic_field_reassembly,bf16_reciprocal_square,semantic_field_reassembly,student/work/reverse_bf16_aggressive_semantic_20260603_1711/ex214/verilog/ex214_bf16_reciprocal_square_semantic_field_reassembly.v,student/work/reverse_bf16_aggressive_semantic_20260603_1711/ex214/aigs/ex214_bf16_reciprocal_square_semantic_field_reassembly.aig,1,1,1,857,14,11998,12.914,65536,aggressive semantic BF16 field RTL,bf16_aggressive_semantic_20260603_1711,bf16_aggressive_semantic_20260603_1711.csv
ex215,ex215_bf16_reciprocal_sqrt_sign_pair_case,bf16_reciprocal_sqrt,sign_pair_case,student/work/reverse_bf16_deep_20260603_1223/ex215/verilog/ex215_bf16_reciprocal_sqrt_sign_pair_case.v,student/work/reverse_bf16_deep_20260603_1223/ex215/aigs/ex215_bf16_reciprocal_sqrt_sign_pair_case.aig,1,1,1,385,13,5005,11.823,32768,bf16 Verilog table factoring seed,bf16_deep_variants_20260603_1223,bf16_deep_variants_20260603_1223.csv
ex215,ex215_bf16_reciprocal_sqrt_semantic_positive_symmetry_fields,bf16_reciprocal_sqrt,semantic_positive_symmetry_fields,student/work/reverse_bf16_aggressive_semantic_20260603_1711/ex215/verilog/ex215_bf16_reciprocal_sqrt_semantic_positive_symmetry_fields.v,student/work/reverse_bf16_aggressive_semantic_20260603_1711/ex215/aigs/ex215_bf16_reciprocal_sqrt_semantic_positive_symmetry_fields.aig,1,1,1,392,13,5096,13.065,positive_entries=32768; relation=nan; negative_exceptions=128,aggressive semantic BF16 field RTL,bf16_aggressive_semantic_20260603_1711,bf16_aggressive_semantic_20260603_1711.csv
ex215,ex215_bf16_reciprocal_sqrt_semantic_exp_delta_fields,bf16_reciprocal_sqrt,semantic_exp_delta_fields,student/work/reverse_bf16_aggressive_semantic_20260603_1711/ex215/verilog/ex215_bf16_reciprocal_sqrt_semantic_exp_delta_fields.v,student/work/reverse_bf16_aggressive_semantic_20260603_1711/ex215/aigs/ex215_bf16_reciprocal_sqrt_semantic_exp_delta_fields.aig,1,1,1,401,13,5213,8.981,base=arith_recip_sqrt; positive_entries=32768; normal_entries=32512; special_entries=256; relation=nan; negative_exceptions=128,aggressive semantic BF16 field RTL,bf16_aggressive_semantic_20260603_1711,bf16_aggressive_semantic_20260603_1711.csv
ex215,ex215_bf16_reciprocal_sqrt_semantic_arith_fields,bf16_reciprocal_sqrt,semantic_arith_fields,student/work/reverse_bf16_semantic_20260603_1108/ex215/verilog/ex215_bf16_reciprocal_sqrt_semantic_arith_fields.v,student/work/reverse_bf16_semantic_20260603_1108/ex215/aigs/ex215_bf16_reciprocal_sqrt_semantic_arith_fields.aig,1,1,1,408,13,5304,1.164,256; sign_mode=nan; normal_table_entries=254,semantic BF16 exponent/mantissa RTL,bf16_semantic_variants_20260603_1108,bf16_frontend_pool_all_20260603_1209.csv
ex215,ex215_bf16_reciprocal_sqrt_default_expr_exception_case,bf16_reciprocal_sqrt,default_expr_exception_case,student/work/reverse_bf16_deep_20260603_1223/ex215/verilog/ex215_bf16_reciprocal_sqrt_default_expr_exception_case.v,student/work/reverse_bf16_deep_20260603_1223/ex215/aigs/ex215_bf16_reciprocal_sqrt_default_expr_exception_case.aig,1,1,1,387,14,5418,14.737,exceptions=32769; default=nan; matches=32767,bf16 Verilog table factoring seed,bf16_deep_variants_20260603_1223,bf16_deep_variants_20260603_1223.csv
ex215,ex215_bf16_reciprocal_sqrt_value_case,bf16_reciprocal_sqrt,value_case,student/work/reverse_bf16_deep_20260603_1223/ex215/verilog/ex215_bf16_reciprocal_sqrt_value_case.v,student/work/reverse_bf16_deep_20260603_1223/ex215/aigs/ex215_bf16_reciprocal_sqrt_value_case.aig,1,1,1,387,14,5418,15.208,65536,bf16 Verilog table factoring seed,bf16_deep_variants_20260603_1223,bf16_deep_variants_20260603_1223.csv
ex215,ex215_bf16_reciprocal_sqrt_exp_mant_delta_pair,bf16_reciprocal_sqrt,exp_mant_delta_pair,student/work/reverse_bf16_deep_20260603_1223/ex215/verilog/ex215_bf16_reciprocal_sqrt_exp_mant_delta_pair.v,student/work/reverse_bf16_deep_20260603_1223/ex215/aigs/ex215_bf16_reciprocal_sqrt_exp_mant_delta_pair.aig,1,1,1,418,13,5434,6.684,32897,bf16 Verilog table factoring seed,bf16_deep_variants_20260603_1223,bf16_deep_variants_20260603_1223.csv
ex215,ex215_bf16_reciprocal_sqrt_positive_default_exp_mant_delta,bf16_reciprocal_sqrt,positive_default_exp_mant_delta,student/work/reverse_bf16_deep_20260603_1223/ex215/verilog/ex215_bf16_reciprocal_sqrt_positive_default_exp_mant_delta.v,student/work/reverse_bf16_deep_20260603_1223/ex215/aigs/ex215_bf16_reciprocal_sqrt_positive_default_exp_mant_delta.aig,1,1,1,429,14,6006,5.167,32898; default=nan; exceptions=128,bf16 Verilog table factoring seed,bf16_deep_variants_20260603_1223,bf16_deep_variants_20260603_1223.csv
ex215,ex215_bf16_reciprocal_sqrt_split_sign_exp_mant_case,bf16_reciprocal_sqrt,split_sign_exp_mant_case,student/work/reverse_bf16_deep_20260603_1223/ex215/verilog/ex215_bf16_reciprocal_sqrt_split_sign_exp_mant_case.v,student/work/reverse_bf16_deep_20260603_1223/ex215/aigs/ex215_bf16_reciprocal_sqrt_split_sign_exp_mant_case.aig,1,1,1,868,14,12152,5.589,32897,bf16 Verilog table factoring seed,bf16_deep_variants_20260603_1223,bf16_deep_variants_20260603_1223.csv
ex215,ex215_bf16_reciprocal_sqrt_semantic_positive_field_defaults,bf16_reciprocal_sqrt,semantic_positive_field_defaults,student/work/reverse_bf16_aggressive_semantic_20260603_1711/ex215/verilog/ex215_bf16_reciprocal_sqrt_semantic_positive_field_defaults.v,student/work/reverse_bf16_aggressive_semantic_20260603_1711/ex215/aigs/ex215_bf16_reciprocal_sqrt_semantic_positive_field_defaults.aig,1,1,1,843,15,12645,7.400,positive_exp_groups=256; full_default_groups=1; positive_exceptions=31624; relation=nan; negative_exceptions=128,aggressive semantic BF16 field RTL,bf16_aggressive_semantic_20260603_1711,bf16_aggressive_semantic_20260603_1711.csv
ex215,ex215_bf16_reciprocal_sqrt_positive_default_exp_mant_case,bf16_reciprocal_sqrt,positive_default_exp_mant_case,student/work/reverse_bf16_deep_20260603_1223/ex215/verilog/ex215_bf16_reciprocal_sqrt_positive_default_exp_mant_case.v,student/work/reverse_bf16_deep_20260603_1223/ex215/aigs/ex215_bf16_reciprocal_sqrt_positive_default_exp_mant_case.aig,1,1,1,1016,14,14224,5.650,32642; default=nan; exceptions=128,bf16 Verilog table factoring seed,bf16_deep_variants_20260603_1223,bf16_deep_variants_20260603_1223.csv
ex215,ex215_bf16_reciprocal_sqrt_exp_mant_pair_case,bf16_reciprocal_sqrt,exp_mant_pair_case,student/work/reverse_bf16_deep_20260603_1223/ex215/verilog/ex215_bf16_reciprocal_sqrt_exp_mant_pair_case.v,student/work/reverse_bf16_deep_20260603_1223/ex215/aigs/ex215_bf16_reciprocal_sqrt_exp_mant_pair_case.aig,1,1,1,1057,15,15855,6.146,32641,bf16 Verilog table factoring seed,bf16_deep_variants_20260603_1223,bf16_deep_variants_20260603_1223.csv
ex215,ex215_bf16_reciprocal_sqrt_sign_exp_mant_case,bf16_reciprocal_sqrt,sign_exp_mant_case,student/work/reverse_bf16_deep_20260603_1223/ex215/verilog/ex215_bf16_reciprocal_sqrt_sign_exp_mant_case.v,student/work/reverse_bf16_deep_20260603_1223/ex215/aigs/ex215_bf16_reciprocal_sqrt_sign_exp_mant_case.aig,1,1,1,1071,15,16065,5.613,32897,bf16 Verilog table factoring seed,bf16_deep_variants_20260603_1223,bf16_deep_variants_20260603_1223.csv
ex215,ex215_bf16_reciprocal_sqrt_semantic_sign_exp_field_defaults,bf16_reciprocal_sqrt,semantic_sign_exp_field_defaults,student/work/reverse_bf16_aggressive_semantic_20260603_1711/ex215/verilog/ex215_bf16_reciprocal_sqrt_semantic_sign_exp_field_defaults.v,student/work/reverse_bf16_aggressive_semantic_20260603_1711/ex215/aigs/ex215_bf16_reciprocal_sqrt_semantic_sign_exp_field_defaults.aig,1,1,1,1173,16,18768,7.671,groups=512; full_default_groups=257; exceptions=31624,aggressive semantic BF16 field RTL,bf16_aggressive_semantic_20260603_1711,bf16_aggressive_semantic_20260603_1711.csv
ex215,ex215_bf16_reciprocal_sqrt_semantic_field_reassembly,bf16_reciprocal_sqrt,semantic_field_reassembly,student/work/reverse_bf16_aggressive_semantic_20260603_1711/ex215/verilog/ex215_bf16_reciprocal_sqrt_semantic_field_reassembly.v,student/work/reverse_bf16_aggressive_semantic_20260603_1711/ex215/aigs/ex215_bf16_reciprocal_sqrt_semantic_field_reassembly.aig,1,1,1,1405,15,21075,11.624,65536,aggressive semantic BF16 field RTL,bf16_aggressive_semantic_20260603_1711,bf16_aggressive_semantic_20260603_1711.csv
ex215,ex215_bf16_reciprocal_sqrt_sign_exp_default_expr_case,bf16_reciprocal_sqrt,sign_exp_default_expr_case,student/work/reverse_bf16_deep_20260603_1223/ex215/verilog/ex215_bf16_reciprocal_sqrt_sign_exp_default_expr_case.v,student/work/reverse_bf16_deep_20260603_1223/ex215/aigs/ex215_bf16_reciprocal_sqrt_sign_exp_default_expr_case.aig,1,1,1,1261,17,21437,6.382,"groups=512; full_default_groups=257; exceptions=32512; defaults=abs_input:254,nan:256,pos_inf:1,sign_inf:1",bf16 Verilog table factoring seed,bf16_deep_variants_20260603_1223,bf16_deep_variants_20260603_1223.csv
ex216,ex216_bf16_cube_semantic_positive_symmetry_fields,bf16_cube,semantic_positive_symmetry_fields,student/work/reverse_bf16_aggressive_semantic_20260603_1711/ex216/verilog/ex216_bf16_cube_semantic_positive_symmetry_fields.v,student/work/reverse_bf16_aggressive_semantic_20260603_1711/ex216/aigs/ex216_bf16_cube_semantic_positive_symmetry_fields.aig,1,1,1,437,14,6118,9.259,positive_entries=32768; relation=sign_flip_pos; negative_exceptions=127,aggressive semantic BF16 field RTL,bf16_aggressive_semantic_20260603_1711,bf16_aggressive_semantic_20260603_1711.csv
ex216,ex216_bf16_cube_sign_pair_case,bf16_cube,sign_pair_case,student/work/reverse_bf16_deep_20260603_1223/ex216/verilog/ex216_bf16_cube_sign_pair_case.v,student/work/reverse_bf16_deep_20260603_1223/ex216/aigs/ex216_bf16_cube_sign_pair_case.aig,1,1,1,443,15,6645,10.990,32768,bf16 Verilog table factoring seed,bf16_deep_variants_20260603_1223,bf16_deep_variants_20260603_1223.csv
ex216,ex216_bf16_cube_value_case,bf16_cube,value_case,student/work/reverse_bf16_deep_20260603_1223/ex216/verilog/ex216_bf16_cube_value_case.v,student/work/reverse_bf16_deep_20260603_1223/ex216/aigs/ex216_bf16_cube_value_case.aig,1,1,1,462,15,6930,14.100,65536,bf16 Verilog table factoring seed,bf16_deep_variants_20260603_1223,bf16_deep_variants_20260603_1223.csv
ex216,ex216_bf16_cube_semantic_arith_fields,bf16_cube,semantic_arith_fields,student/work/reverse_bf16_semantic_20260603_1108/ex216/verilog/ex216_bf16_cube_semantic_arith_fields.v,student/work/reverse_bf16_semantic_20260603_1108/ex216/aigs/ex216_bf16_cube_semantic_arith_fields.aig,1,1,1,435,16,6960,0.905,128; sign_mode=sign_flip; normal_table_entries=127,semantic BF16 exponent/mantissa RTL,bf16_semantic_variants_20260603_1108,bf16_frontend_pool_all_20260603_1209.csv
ex216,ex216_bf16_cube_exp_mant_delta_pair,bf16_cube,exp_mant_delta_pair,student/work/reverse_bf16_deep_20260603_1223/ex216/verilog/ex216_bf16_cube_exp_mant_delta_pair.v,student/work/reverse_bf16_deep_20260603_1223/ex216/aigs/ex216_bf16_cube_exp_mant_delta_pair.aig,1,1,1,498,14,6972,3.498,11434,bf16 Verilog table factoring seed,bf16_deep_variants_20260603_1223,bf16_deep_variants_20260603_1223.csv
ex216,ex216_bf16_cube_positive_default_exp_mant_delta,bf16_cube,positive_default_exp_mant_delta,student/work/reverse_bf16_deep_20260603_1223/ex216/verilog/ex216_bf16_cube_positive_default_exp_mant_delta.v,student/work/reverse_bf16_deep_20260603_1223/ex216/aigs/ex216_bf16_cube_positive_default_exp_mant_delta.aig,1,1,1,494,15,7410,2.676,11561; default=sign_flip; exceptions=127,bf16 Verilog table factoring seed,bf16_deep_variants_20260603_1223,bf16_deep_variants_20260603_1223.csv
ex216,ex216_bf16_cube_semantic_exp_delta_fields,bf16_cube,semantic_exp_delta_fields,student/work/reverse_bf16_aggressive_semantic_20260603_1711/ex216/verilog/ex216_bf16_cube_semantic_exp_delta_fields.v,student/work/reverse_bf16_aggressive_semantic_20260603_1711/ex216/aigs/ex216_bf16_cube_semantic_exp_delta_fields.aig,1,1,1,414,22,9108,6.726,base=arith_cube; positive_entries=32768; normal_entries=10828; special_entries=21940; relation=sign_flip_pos; negative_exceptions=127,aggressive semantic BF16 field RTL,bf16_aggressive_semantic_20260603_1711,bf16_aggressive_semantic_20260603_1711.csv
ex216,ex216_bf16_cube_exp_mant_pair_case,bf16_cube,exp_mant_pair_case,student/work/reverse_bf16_deep_20260603_1223/ex216/verilog/ex216_bf16_cube_exp_mant_pair_case.v,student/work/reverse_bf16_deep_20260603_1223/ex216/aigs/ex216_bf16_cube_exp_mant_pair_case.aig,1,1,1,781,13,10153,3.893,11178,bf16 Verilog table factoring seed,bf16_deep_variants_20260603_1223,bf16_deep_variants_20260603_1223.csv
ex216,ex216_bf16_cube_positive_default_exp_mant_case,bf16_cube,positive_default_exp_mant_case,student/work/reverse_bf16_deep_20260603_1223/ex216/verilog/ex216_bf16_cube_positive_default_exp_mant_case.v,student/work/reverse_bf16_deep_20260603_1223/ex216/aigs/ex216_bf16_cube_positive_default_exp_mant_case.aig,1,1,1,768,14,10752,2.736,11305; default=sign_flip; exceptions=127,bf16 Verilog table factoring seed,bf16_deep_variants_20260603_1223,bf16_deep_variants_20260603_1223.csv
ex216,ex216_bf16_cube_split_sign_exp_mant_case,bf16_cube,split_sign_exp_mant_case,student/work/reverse_bf16_deep_20260603_1223/ex216/verilog/ex216_bf16_cube_split_sign_exp_mant_case.v,student/work/reverse_bf16_deep_20260603_1223/ex216/aigs/ex216_bf16_cube_split_sign_exp_mant_case.aig,1,1,1,778,14,10892,4.717,22356,bf16 Verilog table factoring seed,bf16_deep_variants_20260603_1223,bf16_deep_variants_20260603_1223.csv
ex216,ex216_bf16_cube_semantic_positive_field_defaults,bf16_cube,semantic_positive_field_defaults,student/work/reverse_bf16_aggressive_semantic_20260603_1711/ex216/verilog/ex216_bf16_cube_semantic_positive_field_defaults.v,student/work/reverse_bf16_aggressive_semantic_20260603_1711/ex216/aigs/ex216_bf16_cube_semantic_positive_field_defaults.aig,1,1,1,813,15,12195,3.804,positive_exp_groups=256; full_default_groups=170; positive_exceptions=10745; relation=sign_flip_pos; negative_exceptions=127,aggressive semantic BF16 field RTL,bf16_aggressive_semantic_20260603_1711,bf16_aggressive_semantic_20260603_1711.csv
ex216,ex216_bf16_cube_semantic_field_reassembly,bf16_cube,semantic_field_reassembly,student/work/reverse_bf16_aggressive_semantic_20260603_1711/ex216/verilog/ex216_bf16_cube_semantic_field_reassembly.v,student/work/reverse_bf16_aggressive_semantic_20260603_1711/ex216/aigs/ex216_bf16_cube_semantic_field_reassembly.aig,1,1,1,896,17,15232,11.191,65536,aggressive semantic BF16 field RTL,bf16_aggressive_semantic_20260603_1711,bf16_aggressive_semantic_20260603_1711.csv
ex216,ex216_bf16_cube_semantic_sign_exp_field_defaults,bf16_cube,semantic_sign_exp_field_defaults,student/work/reverse_bf16_aggressive_semantic_20260603_1711/ex216/verilog/ex216_bf16_cube_semantic_sign_exp_field_defaults.v,student/work/reverse_bf16_aggressive_semantic_20260603_1711/ex216/aigs/ex216_bf16_cube_semantic_sign_exp_field_defaults.aig,1,1,1,956,17,16252,6.751,groups=512; full_default_groups=340; exceptions=21490,aggressive semantic BF16 field RTL,bf16_aggressive_semantic_20260603_1711,bf16_aggressive_semantic_20260603_1711.csv
ex216,ex216_bf16_cube_sign_exp_mant_case,bf16_cube,sign_exp_mant_case,student/work/reverse_bf16_deep_20260603_1223/ex216/verilog/ex216_bf16_cube_sign_exp_mant_case.v,student/work/reverse_bf16_deep_20260603_1223/ex216/aigs/ex216_bf16_cube_sign_exp_mant_case.aig,1,1,1,1367,15,20505,4.690,22356,bf16 Verilog table factoring seed,bf16_deep_variants_20260603_1223,bf16_deep_variants_20260603_1223.csv
ex216,ex216_bf16_cube_sign_exp_default_expr_case,bf16_cube,sign_exp_default_expr_case,student/work/reverse_bf16_deep_20260603_1223/ex216/verilog/ex216_bf16_cube_sign_exp_default_expr_case.v,student/work/reverse_bf16_deep_20260603_1223/ex216/aigs/ex216_bf16_cube_sign_exp_default_expr_case.aig,1,1,1,1283,16,20528,5.105,"groups=512; full_default_groups=340; exceptions=21656; defaults=abs_input:167,input:1,nan:2,pos_inf:86,sign_inf:86,sign_zero:170",bf16 Verilog table factoring seed,bf16_deep_variants_20260603_1223,bf16_deep_variants_20260603_1223.csv
ex216,ex216_bf16_cube_default_expr_exception_case,bf16_cube,default_expr_exception_case,student/work/reverse_bf16_deep_20260603_1223/ex216/verilog/ex216_bf16_cube_default_expr_exception_case.v,student/work/reverse_bf16_deep_20260603_1223/ex216/aigs/ex216_bf16_cube_default_expr_exception_case.aig,1,1,1,24001,27,648027,94.471,exceptions=43670; default=sign_inf; matches=21866,bf16 Verilog table factoring seed,bf16_deep_variants_20260603_1223,bf16_deep_variants_20260603_1223.csv
ex217,ex217_bf16_cbrt_positive_default_exp_mant_delta,bf16_cbrt,positive_default_exp_mant_delta,student/work/reverse_bf16_deep_20260603_1223/ex217/verilog/ex217_bf16_cbrt_positive_default_exp_mant_delta.v,student/work/reverse_bf16_deep_20260603_1223/ex217/aigs/ex217_bf16_cbrt_positive_default_exp_mant_delta.aig,1,1,1,679,16,10864,5.495,33024; default=sign_flip; exceptions=127,bf16 Verilog table factoring seed,bf16_deep_variants_20260603_1223,bf16_deep_variants_20260603_1223.csv
ex217,ex217_bf16_cbrt_exp_mant_delta_pair,bf16_cbrt,exp_mant_delta_pair,student/work/reverse_bf16_deep_20260603_1223/ex217/verilog/ex217_bf16_cbrt_exp_mant_delta_pair.v,student/work/reverse_bf16_deep_20260603_1223/ex217/aigs/ex217_bf16_cbrt_exp_mant_delta_pair.aig,1,1,1,680,16,10880,7.465,32897,bf16 Verilog table factoring seed,bf16_deep_variants_20260603_1223,bf16_deep_variants_20260603_1223.csv
ex217,ex217_bf16_cbrt_positive_default_exp_mant_case,bf16_cbrt,positive_default_exp_mant_case,student/work/reverse_bf16_deep_20260603_1223/ex217/verilog/ex217_bf16_cbrt_positive_default_exp_mant_case.v,student/work/reverse_bf16_deep_20260603_1223/ex217/aigs/ex217_bf16_cbrt_positive_default_exp_mant_case.aig,1,1,1,902,14,12628,5.546,32768; default=sign_flip; exceptions=127,bf16 Verilog table factoring seed,bf16_deep_variants_20260603_1223,bf16_deep_variants_20260603_1223.csv
ex217,ex217_bf16_cbrt_split_sign_exp_mant_case,bf16_cbrt,split_sign_exp_mant_case,student/work/reverse_bf16_deep_20260603_1223/ex217/verilog/ex217_bf16_cbrt_split_sign_exp_mant_case.v,student/work/reverse_bf16_deep_20260603_1223/ex217/aigs/ex217_bf16_cbrt_split_sign_exp_mant_case.aig,1,1,1,922,15,13830,9.915,65282,bf16 Verilog table factoring seed,bf16_deep_variants_20260603_1223,bf16_deep_variants_20260603_1223.csv
ex217,ex217_bf16_cbrt_exp_mant_pair_case,bf16_cbrt,exp_mant_pair_case,student/work/reverse_bf16_deep_20260603_1223/ex217/verilog/ex217_bf16_cbrt_exp_mant_pair_case.v,student/work/reverse_bf16_deep_20260603_1223/ex217/aigs/ex217_bf16_cbrt_exp_mant_pair_case.aig,1,1,1,999,14,13986,7.427,32641,bf16 Verilog table factoring seed,bf16_deep_variants_20260603_1223,bf16_deep_variants_20260603_1223.csv
ex217,ex217_bf16_cbrt_semantic_arith_fields,bf16_cbrt,semantic_arith_fields,student/work/reverse_bf16_semantic_20260603_1108/ex217/verilog/ex217_bf16_cbrt_semantic_arith_fields.v,student/work/reverse_bf16_semantic_20260603_1108/ex217/aigs/ex217_bf16_cbrt_semantic_arith_fields.aig,1,1,1,592,24,14208,1.638,384; sign_mode=sign_flip; normal_table_entries=382,semantic BF16 exponent/mantissa RTL,bf16_semantic_variants_20260603_1108,bf16_frontend_pool_all_20260603_1209.csv
ex217,ex217_bf16_cbrt_semantic_positive_field_defaults,bf16_cbrt,semantic_positive_field_defaults,student/work/reverse_bf16_aggressive_semantic_20260603_1711/ex217/verilog/ex217_bf16_cbrt_semantic_positive_field_defaults.v,student/work/reverse_bf16_aggressive_semantic_20260603_1711/ex217/aigs/ex217_bf16_cbrt_semantic_positive_field_defaults.aig,1,1,1,1232,15,18480,8.051,positive_exp_groups=256; full_default_groups=1; positive_exceptions=31496; relation=sign_flip_pos; negative_exceptions=127,aggressive semantic BF16 field RTL,bf16_aggressive_semantic_20260603_1711,bf16_aggressive_semantic_20260603_1711.csv
ex217,ex217_bf16_cbrt_semantic_sign_exp_field_defaults,bf16_cbrt,semantic_sign_exp_field_defaults,student/work/reverse_bf16_aggressive_semantic_20260603_1711/ex217/verilog/ex217_bf16_cbrt_semantic_sign_exp_field_defaults.v,student/work/reverse_bf16_aggressive_semantic_20260603_1711/ex217/aigs/ex217_bf16_cbrt_semantic_sign_exp_field_defaults.aig,1,1,1,1622,15,24330,14.444,groups=512; full_default_groups=2; exceptions=62992,aggressive semantic BF16 field RTL,bf16_aggressive_semantic_20260603_1711,bf16_aggressive_semantic_20260603_1711.csv
ex217,ex217_bf16_cbrt_semantic_field_reassembly,bf16_cbrt,semantic_field_reassembly,student/work/reverse_bf16_aggressive_semantic_20260603_1711/ex217/verilog/ex217_bf16_cbrt_semantic_field_reassembly.v,student/work/reverse_bf16_aggressive_semantic_20260603_1711/ex217/aigs/ex217_bf16_cbrt_semantic_field_reassembly.aig,1,1,1,1605,16,25680,14.696,65536,aggressive semantic BF16 field RTL,bf16_aggressive_semantic_20260603_1711,bf16_aggressive_semantic_20260603_1711.csv
ex217,ex217_bf16_cbrt_semantic_positive_symmetry_fields,bf16_cbrt,semantic_positive_symmetry_fields,student/work/reverse_bf16_aggressive_semantic_20260603_1711/ex217/verilog/ex217_bf16_cbrt_semantic_positive_symmetry_fields.v,student/work/reverse_bf16_aggressive_semantic_20260603_1711/ex217/aigs/ex217_bf16_cbrt_semantic_positive_symmetry_fields.aig,1,1,1,1058,25,26450,13.208,positive_entries=32768; relation=sign_flip_pos; negative_exceptions=127,aggressive semantic BF16 field RTL,bf16_aggressive_semantic_20260603_1711,bf16_aggressive_semantic_20260603_1711.csv
ex217,ex217_bf16_cbrt_sign_exp_mant_case,bf16_cbrt,sign_exp_mant_case,student/work/reverse_bf16_deep_20260603_1223/ex217/verilog/ex217_bf16_cbrt_sign_exp_mant_case.v,student/work/reverse_bf16_deep_20260603_1223/ex217/aigs/ex217_bf16_cbrt_sign_exp_mant_case.aig,1,1,1,1675,16,26800,10.975,65282,bf16 Verilog table factoring seed,bf16_deep_variants_20260603_1223,bf16_deep_variants_20260603_1223.csv
ex217,ex217_bf16_cbrt_sign_pair_case,bf16_cbrt,sign_pair_case,student/work/reverse_bf16_deep_20260603_1223/ex217/verilog/ex217_bf16_cbrt_sign_pair_case.v,student/work/reverse_bf16_deep_20260603_1223/ex217/aigs/ex217_bf16_cbrt_sign_pair_case.aig,1,1,1,1062,27,28674,18.357,32768,bf16 Verilog table factoring seed,bf16_deep_variants_20260603_1223,bf16_deep_variants_20260603_1223.csv
ex217,ex217_bf16_cbrt_value_case,bf16_cbrt,value_case,student/work/reverse_bf16_deep_20260603_1223/ex217/verilog/ex217_bf16_cbrt_value_case.v,student/work/reverse_bf16_deep_20260603_1223/ex217/aigs/ex217_bf16_cbrt_value_case.aig,1,1,1,1068,27,28836,23.744,65536,bf16 Verilog table factoring seed,bf16_deep_variants_20260603_1223,bf16_deep_variants_20260603_1223.csv
ex217,ex217_bf16_cbrt_semantic_exp_delta_fields,bf16_cbrt,semantic_exp_delta_fields,student/work/reverse_bf16_aggressive_semantic_20260603_1711/ex217/verilog/ex217_bf16_cbrt_semantic_exp_delta_fields.v,student/work/reverse_bf16_aggressive_semantic_20260603_1711/ex217/aigs/ex217_bf16_cbrt_semantic_exp_delta_fields.aig,1,1,1,1098,27,29646,9.592,base=arith_cbrt; positive_entries=32768; normal_entries=32512; special_entries=256; relation=sign_flip_pos; negative_exceptions=127,aggressive semantic BF16 field RTL,bf16_aggressive_semantic_20260603_1711,bf16_aggressive_semantic_20260603_1711.csv
ex217,ex217_bf16_cbrt_sign_exp_default_expr_case,bf16_cbrt,sign_exp_default_expr_case,student/work/reverse_bf16_deep_20260603_1223/ex217/verilog/ex217_bf16_cbrt_sign_exp_default_expr_case.v,student/work/reverse_bf16_deep_20260603_1223/ex217/aigs/ex217_bf16_cbrt_sign_exp_default_expr_case.aig,1,1,1,2352,16,37632,11.820,"groups=512; full_default_groups=2; exceptions=65024; defaults=abs_input:507,input:1,nan:2,sign_zero:2",bf16 Verilog table factoring seed,bf16_deep_variants_20260603_1223,bf16_deep_variants_20260603_1223.csv
ex217,ex217_bf16_cbrt_default_expr_exception_case,bf16_cbrt,default_expr_exception_case,student/work/reverse_bf16_deep_20260603_1223/ex217/verilog/ex217_bf16_cbrt_default_expr_exception_case.v,student/work/reverse_bf16_deep_20260603_1223/ex217/aigs/ex217_bf16_cbrt_default_expr_exception_case.aig,1,1,1,16081,25,402025,116.614,exceptions=65280; default=sign_zero; matches=256,bf16 Verilog table factoring seed,bf16_deep_variants_20260603_1223,bf16_deep_variants_20260603_1223.csv
ex218,ex218_bf16_reciprocal_cube_value_case,bf16_reciprocal_cube,value_case,student/work/reverse_bf16_deep_20260603_1223/ex218/verilog/ex218_bf16_reciprocal_cube_value_case.v,student/work/reverse_bf16_deep_20260603_1223/ex218/aigs/ex218_bf16_reciprocal_cube_value_case.aig,1,1,1,463,15,6945,14.302,65536,bf16 Verilog table factoring seed,bf16_deep_variants_20260603_1223,bf16_deep_variants_20260603_1223.csv
ex218,ex218_bf16_reciprocal_cube_sign_pair_case,bf16_reciprocal_cube,sign_pair_case,student/work/reverse_bf16_deep_20260603_1223/ex218/verilog/ex218_bf16_reciprocal_cube_sign_pair_case.v,student/work/reverse_bf16_deep_20260603_1223/ex218/aigs/ex218_bf16_reciprocal_cube_sign_pair_case.aig,1,1,1,498,15,7470,10.902,32768,bf16 Verilog table factoring seed,bf16_deep_variants_20260603_1223,bf16_deep_variants_20260603_1223.csv
ex218,ex218_bf16_reciprocal_cube_semantic_positive_symmetry_fields,bf16_reciprocal_cube,semantic_positive_symmetry_fields,student/work/reverse_bf16_aggressive_semantic_20260603_1711/ex218/verilog/ex218_bf16_reciprocal_cube_semantic_positive_symmetry_fields.v,student/work/reverse_bf16_aggressive_semantic_20260603_1711/ex218/aigs/ex218_bf16_reciprocal_cube_semantic_positive_symmetry_fields.aig,1,1,1,492,16,7872,9.853,positive_entries=32768; relation=sign_flip_pos; negative_exceptions=127,aggressive semantic BF16 field RTL,bf16_aggressive_semantic_20260603_1711,bf16_aggressive_semantic_20260603_1711.csv
ex218,ex218_bf16_reciprocal_cube_positive_default_exp_mant_delta,bf16_reciprocal_cube,positive_default_exp_mant_delta,student/work/reverse_bf16_deep_20260603_1223/ex218/verilog/ex218_bf16_reciprocal_cube_positive_default_exp_mant_delta.v,student/work/reverse_bf16_deep_20260603_1223/ex218/aigs/ex218_bf16_reciprocal_cube_positive_default_exp_mant_delta.aig,1,1,1,542,15,8130,2.816,11688; default=sign_flip; exceptions=127,bf16 Verilog table factoring seed,bf16_deep_variants_20260603_1223,bf16_deep_variants_20260603_1223.csv
ex218,ex218_bf16_reciprocal_cube_exp_mant_delta_pair,bf16_reciprocal_cube,exp_mant_delta_pair,student/work/reverse_bf16_deep_20260603_1223/ex218/verilog/ex218_bf16_reciprocal_cube_exp_mant_delta_pair.v,student/work/reverse_bf16_deep_20260603_1223/ex218/aigs/ex218_bf16_reciprocal_cube_exp_mant_delta_pair.aig,1,1,1,539,16,8624,4.888,11561,bf16 Verilog table factoring seed,bf16_deep_variants_20260603_1223,bf16_deep_variants_20260603_1223.csv
ex218,ex218_bf16_reciprocal_cube_positive_default_exp_mant_case,bf16_reciprocal_cube,positive_default_exp_mant_case,student/work/reverse_bf16_deep_20260603_1223/ex218/verilog/ex218_bf16_reciprocal_cube_positive_default_exp_mant_case.v,student/work/reverse_bf16_deep_20260603_1223/ex218/aigs/ex218_bf16_reciprocal_cube_positive_default_exp_mant_case.aig,1,1,1,805,13,10465,2.794,11432; default=sign_flip; exceptions=127,bf16 Verilog table factoring seed,bf16_deep_variants_20260603_1223,bf16_deep_variants_20260603_1223.csv
ex218,ex218_bf16_reciprocal_cube_semantic_arith_fields,bf16_reciprocal_cube,semantic_arith_fields,student/work/reverse_bf16_semantic_20260603_1108/ex218/verilog/ex218_bf16_reciprocal_cube_semantic_arith_fields.v,student/work/reverse_bf16_semantic_20260603_1108/ex218/aigs/ex218_bf16_reciprocal_cube_semantic_arith_fields.aig,1,1,1,475,23,10925,0.898,128; sign_mode=sign_flip; normal_table_entries=127,semantic BF16 exponent/mantissa RTL,bf16_semantic_variants_20260603_1108,bf16_frontend_pool_all_20260603_1209.csv
ex218,ex218_bf16_reciprocal_cube_semantic_positive_field_defaults,bf16_reciprocal_cube,semantic_positive_field_defaults,student/work/reverse_bf16_aggressive_semantic_20260603_1711/ex218/verilog/ex218_bf16_reciprocal_cube_semantic_positive_field_defaults.v,student/work/reverse_bf16_aggressive_semantic_20260603_1711/ex218/aigs/ex218_bf16_reciprocal_cube_semantic_positive_field_defaults.aig,1,1,1,843,14,11802,4.296,positive_exp_groups=256; full_default_groups=169; positive_exceptions=10764; relation=sign_flip_pos; negative_exceptions=127,aggressive semantic BF16 field RTL,bf16_aggressive_semantic_20260603_1711,bf16_aggressive_semantic_20260603_1711.csv
ex218,ex218_bf16_reciprocal_cube_split_sign_exp_mant_case,bf16_reciprocal_cube,split_sign_exp_mant_case,student/work/reverse_bf16_deep_20260603_1223/ex218/verilog/ex218_bf16_reciprocal_cube_split_sign_exp_mant_case.v,student/work/reverse_bf16_deep_20260603_1223/ex218/aigs/ex218_bf16_reciprocal_cube_split_sign_exp_mant_case.aig,1,1,1,824,15,12360,4.424,22610,bf16 Verilog table factoring seed,bf16_deep_variants_20260603_1223,bf16_deep_variants_20260603_1223.csv
ex218,ex218_bf16_reciprocal_cube_exp_mant_pair_case,bf16_reciprocal_cube,exp_mant_pair_case,student/work/reverse_bf16_deep_20260603_1223/ex218/verilog/ex218_bf16_reciprocal_cube_exp_mant_pair_case.v,student/work/reverse_bf16_deep_20260603_1223/ex218/aigs/ex218_bf16_reciprocal_cube_exp_mant_pair_case.aig,1,1,1,830,15,12450,3.599,11305,bf16 Verilog table factoring seed,bf16_deep_variants_20260603_1223,bf16_deep_variants_20260603_1223.csv
ex218,ex218_bf16_reciprocal_cube_semantic_exp_delta_fields,bf16_reciprocal_cube,semantic_exp_delta_fields,student/work/reverse_bf16_aggressive_semantic_20260603_1711/ex218/verilog/ex218_bf16_reciprocal_cube_semantic_exp_delta_fields.v,student/work/reverse_bf16_aggressive_semantic_20260603_1711/ex218/aigs/ex218_bf16_reciprocal_cube_semantic_exp_delta_fields.aig,1,1,1,497,27,13419,8.111,base=arith_recip_cube; positive_entries=32768; normal_entries=10847; special_entries=21921; relation=sign_flip_pos; negative_exceptions=127,aggressive semantic BF16 field RTL,bf16_aggressive_semantic_20260603_1711,bf16_aggressive_semantic_20260603_1711.csv
ex218,ex218_bf16_reciprocal_cube_semantic_sign_exp_field_defaults,bf16_reciprocal_cube,semantic_sign_exp_field_defaults,student/work/reverse_bf16_aggressive_semantic_20260603_1711/ex218/verilog/ex218_bf16_reciprocal_cube_semantic_sign_exp_field_defaults.v,student/work/reverse_bf16_aggressive_semantic_20260603_1711/ex218/aigs/ex218_bf16_reciprocal_cube_semantic_sign_exp_field_defaults.aig,1,1,1,1011,15,15165,6.208,groups=512; full_default_groups=338; exceptions=21528,aggressive semantic BF16 field RTL,bf16_aggressive_semantic_20260603_1711,bf16_aggressive_semantic_20260603_1711.csv
ex218,ex218_bf16_reciprocal_cube_sign_exp_mant_case,bf16_reciprocal_cube,sign_exp_mant_case,student/work/reverse_bf16_deep_20260603_1223/ex218/verilog/ex218_bf16_reciprocal_cube_sign_exp_mant_case.v,student/work/reverse_bf16_deep_20260603_1223/ex218/aigs/ex218_bf16_reciprocal_cube_sign_exp_mant_case.aig,1,1,1,1395,15,20925,4.974,22610,bf16 Verilog table factoring seed,bf16_deep_variants_20260603_1223,bf16_deep_variants_20260603_1223.csv
ex218,ex218_bf16_reciprocal_cube_semantic_field_reassembly,bf16_reciprocal_cube,semantic_field_reassembly,student/work/reverse_bf16_aggressive_semantic_20260603_1711/ex218/verilog/ex218_bf16_reciprocal_cube_semantic_field_reassembly.v,student/work/reverse_bf16_aggressive_semantic_20260603_1711/ex218/aigs/ex218_bf16_reciprocal_cube_semantic_field_reassembly.aig,1,1,1,1130,19,21470,12.496,65536,aggressive semantic BF16 field RTL,bf16_aggressive_semantic_20260603_1711,bf16_aggressive_semantic_20260603_1711.csv
ex218,ex218_bf16_reciprocal_cube_sign_exp_default_expr_case,bf16_reciprocal_cube,sign_exp_default_expr_case,student/work/reverse_bf16_deep_20260603_1223/ex218/verilog/ex218_bf16_reciprocal_cube_sign_exp_default_expr_case.v,student/work/reverse_bf16_deep_20260603_1223/ex218/aigs/ex218_bf16_reciprocal_cube_sign_exp_default_expr_case.aig,1,1,1,1414,17,24038,5.546,"groups=512; full_default_groups=338; exceptions=21694; defaults=abs_input:167,input:1,nan:2,pos_inf:85,sign_inf:85,sign_zero:172",bf16 Verilog table factoring seed,bf16_deep_variants_20260603_1223,bf16_deep_variants_20260603_1223.csv
ex218,ex218_bf16_reciprocal_cube_default_expr_exception_case,bf16_reciprocal_cube,default_expr_exception_case,student/work/reverse_bf16_deep_20260603_1223/ex218/verilog/ex218_bf16_reciprocal_cube_default_expr_exception_case.v,student/work/reverse_bf16_deep_20260603_1223/ex218/aigs/ex218_bf16_reciprocal_cube_default_expr_exception_case.aig,1,1,1,19506,24,468144,100.455,exceptions=43520; default=sign_zero; matches=22016,bf16 Verilog table factoring seed,bf16_deep_variants_20260603_1223,bf16_deep_variants_20260603_1223.csv
ex219,ex219_bf16_reciprocal_cbrt_exp_mant_delta_pair,bf16_reciprocal_cbrt,exp_mant_delta_pair,student/work/reverse_bf16_deep_20260603_1223/ex219/verilog/ex219_bf16_reciprocal_cbrt_exp_mant_delta_pair.v,student/work/reverse_bf16_deep_20260603_1223/ex219/aigs/ex219_bf16_reciprocal_cbrt_exp_mant_delta_pair.aig,1,1,1,663,17,11271,8.024,32897,bf16 Verilog table factoring seed,bf16_deep_variants_20260603_1223,bf16_deep_variants_20260603_1223.csv
ex219,ex219_bf16_reciprocal_cbrt_positive_default_exp_mant_delta,bf16_reciprocal_cbrt,positive_default_exp_mant_delta,student/work/reverse_bf16_deep_20260603_1223/ex219/verilog/ex219_bf16_reciprocal_cbrt_positive_default_exp_mant_delta.v,student/work/reverse_bf16_deep_20260603_1223/ex219/aigs/ex219_bf16_reciprocal_cbrt_positive_default_exp_mant_delta.aig,1,1,1,679,17,11543,5.699,33024; default=sign_flip; exceptions=127,bf16 Verilog table factoring seed,bf16_deep_variants_20260603_1223,bf16_deep_variants_20260603_1223.csv
ex219,ex219_bf16_reciprocal_cbrt_semantic_arith_fields,bf16_reciprocal_cbrt,semantic_arith_fields,student/work/reverse_bf16_semantic_20260603_1108/ex219/verilog/ex219_bf16_reciprocal_cbrt_semantic_arith_fields.v,student/work/reverse_bf16_semantic_20260603_1108/ex219/aigs/ex219_bf16_reciprocal_cbrt_semantic_arith_fields.aig,1,1,1,616,21,12936,1.629,384; sign_mode=sign_flip; normal_table_entries=381,semantic BF16 exponent/mantissa RTL,bf16_semantic_variants_20260603_1108,bf16_frontend_pool_all_20260603_1209.csv
ex219,ex219_bf16_reciprocal_cbrt_split_sign_exp_mant_case,bf16_reciprocal_cbrt,split_sign_exp_mant_case,student/work/reverse_bf16_deep_20260603_1223/ex219/verilog/ex219_bf16_reciprocal_cbrt_split_sign_exp_mant_case.v,student/work/reverse_bf16_deep_20260603_1223/ex219/aigs/ex219_bf16_reciprocal_cbrt_split_sign_exp_mant_case.aig,1,1,1,989,14,13846,10.229,65282,bf16 Verilog table factoring seed,bf16_deep_variants_20260603_1223,bf16_deep_variants_20260603_1223.csv
ex219,ex219_bf16_reciprocal_cbrt_positive_default_exp_mant_case,bf16_reciprocal_cbrt,positive_default_exp_mant_case,student/work/reverse_bf16_deep_20260603_1223/ex219/verilog/ex219_bf16_reciprocal_cbrt_positive_default_exp_mant_case.v,student/work/reverse_bf16_deep_20260603_1223/ex219/aigs/ex219_bf16_reciprocal_cbrt_positive_default_exp_mant_case.aig,1,1,1,1008,15,15120,5.889,32768; default=sign_flip; exceptions=127,bf16 Verilog table factoring seed,bf16_deep_variants_20260603_1223,bf16_deep_variants_20260603_1223.csv
ex219,ex219_bf16_reciprocal_cbrt_exp_mant_pair_case,bf16_reciprocal_cbrt,exp_mant_pair_case,student/work/reverse_bf16_deep_20260603_1223/ex219/verilog/ex219_bf16_reciprocal_cbrt_exp_mant_pair_case.v,student/work/reverse_bf16_deep_20260603_1223/ex219/aigs/ex219_bf16_reciprocal_cbrt_exp_mant_pair_case.aig,1,1,1,1094,16,17504,7.123,32641,bf16 Verilog table factoring seed,bf16_deep_variants_20260603_1223,bf16_deep_variants_20260603_1223.csv
ex219,ex219_bf16_reciprocal_cbrt_semantic_positive_field_defaults,bf16_reciprocal_cbrt,semantic_positive_field_defaults,student/work/reverse_bf16_aggressive_semantic_20260603_1711/ex219/verilog/ex219_bf16_reciprocal_cbrt_semantic_positive_field_defaults.v,student/work/reverse_bf16_aggressive_semantic_20260603_1711/ex219/aigs/ex219_bf16_reciprocal_cbrt_semantic_positive_field_defaults.aig,1,1,1,1363,15,20445,8.710,positive_exp_groups=256; full_default_groups=1; positive_exceptions=31244; relation=sign_flip_pos; negative_exceptions=127,aggressive semantic BF16 field RTL,bf16_aggressive_semantic_20260603_1711,bf16_aggressive_semantic_20260603_1711.csv
ex219,ex219_bf16_reciprocal_cbrt_semantic_sign_exp_field_defaults,bf16_reciprocal_cbrt,semantic_sign_exp_field_defaults,student/work/reverse_bf16_aggressive_semantic_20260603_1711/ex219/verilog/ex219_bf16_reciprocal_cbrt_semantic_sign_exp_field_defaults.v,student/work/reverse_bf16_aggressive_semantic_20260603_1711/ex219/aigs/ex219_bf16_reciprocal_cbrt_semantic_sign_exp_field_defaults.aig,1,1,1,1432,17,24344,15.500,groups=512; full_default_groups=2; exceptions=62488,aggressive semantic BF16 field RTL,bf16_aggressive_semantic_20260603_1711,bf16_aggressive_semantic_20260603_1711.csv
ex219,ex219_bf16_reciprocal_cbrt_semantic_field_reassembly,bf16_reciprocal_cbrt,semantic_field_reassembly,student/work/reverse_bf16_aggressive_semantic_20260603_1711/ex219/verilog/ex219_bf16_reciprocal_cbrt_semantic_field_reassembly.v,student/work/reverse_bf16_aggressive_semantic_20260603_1711/ex219/aigs/ex219_bf16_reciprocal_cbrt_semantic_field_reassembly.aig,1,1,1,1570,16,25120,15.779,65536,aggressive semantic BF16 field RTL,bf16_aggressive_semantic_20260603_1711,bf16_aggressive_semantic_20260603_1711.csv
ex219,ex219_bf16_reciprocal_cbrt_sign_pair_case,bf16_reciprocal_cbrt,sign_pair_case,student/work/reverse_bf16_deep_20260603_1223/ex219/verilog/ex219_bf16_reciprocal_cbrt_sign_pair_case.v,student/work/reverse_bf16_deep_20260603_1223/ex219/aigs/ex219_bf16_reciprocal_cbrt_sign_pair_case.aig,1,1,1,1037,26,26962,16.347,32768,bf16 Verilog table factoring seed,bf16_deep_variants_20260603_1223,bf16_deep_variants_20260603_1223.csv
ex219,ex219_bf16_reciprocal_cbrt_semantic_positive_symmetry_fields,bf16_reciprocal_cbrt,semantic_positive_symmetry_fields,student/work/reverse_bf16_aggressive_semantic_20260603_1711/ex219/verilog/ex219_bf16_reciprocal_cbrt_semantic_positive_symmetry_fields.v,student/work/reverse_bf16_aggressive_semantic_20260603_1711/ex219/aigs/ex219_bf16_reciprocal_cbrt_semantic_positive_symmetry_fields.aig,1,1,1,1040,26,27040,13.274,positive_entries=32768; relation=sign_flip_pos; negative_exceptions=127,aggressive semantic BF16 field RTL,bf16_aggressive_semantic_20260603_1711,bf16_aggressive_semantic_20260603_1711.csv
ex219,ex219_bf16_reciprocal_cbrt_value_case,bf16_reciprocal_cbrt,value_case,student/work/reverse_bf16_deep_20260603_1223/ex219/verilog/ex219_bf16_reciprocal_cbrt_value_case.v,student/work/reverse_bf16_deep_20260603_1223/ex219/aigs/ex219_bf16_reciprocal_cbrt_value_case.aig,1,1,1,1064,27,28728,20.435,65536,bf16 Verilog table factoring seed,bf16_deep_variants_20260603_1223,bf16_deep_variants_20260603_1223.csv
ex219,ex219_bf16_reciprocal_cbrt_semantic_exp_delta_fields,bf16_reciprocal_cbrt,semantic_exp_delta_fields,student/work/reverse_bf16_aggressive_semantic_20260603_1711/ex219/verilog/ex219_bf16_reciprocal_cbrt_semantic_exp_delta_fields.v,student/work/reverse_bf16_aggressive_semantic_20260603_1711/ex219/aigs/ex219_bf16_reciprocal_cbrt_semantic_exp_delta_fields.aig,1,1,1,1111,28,31108,9.395,base=arith_recip_cbrt; positive_entries=32768; normal_entries=32512; special_entries=256; relation=sign_flip_pos; negative_exceptions=127,aggressive semantic BF16 field RTL,bf16_aggressive_semantic_20260603_1711,bf16_aggressive_semantic_20260603_1711.csv
ex219,ex219_bf16_reciprocal_cbrt_sign_exp_mant_case,bf16_reciprocal_cbrt,sign_exp_mant_case,student/work/reverse_bf16_deep_20260603_1223/ex219/verilog/ex219_bf16_reciprocal_cbrt_sign_exp_mant_case.v,student/work/reverse_bf16_deep_20260603_1223/ex219/aigs/ex219_bf16_reciprocal_cbrt_sign_exp_mant_case.aig,1,1,1,2041,17,34697,10.840,65282,bf16 Verilog table factoring seed,bf16_deep_variants_20260603_1223,bf16_deep_variants_20260603_1223.csv
ex219,ex219_bf16_reciprocal_cbrt_sign_exp_default_expr_case,bf16_reciprocal_cbrt,sign_exp_default_expr_case,student/work/reverse_bf16_deep_20260603_1223/ex219/verilog/ex219_bf16_reciprocal_cbrt_sign_exp_default_expr_case.v,student/work/reverse_bf16_deep_20260603_1223/ex219/aigs/ex219_bf16_reciprocal_cbrt_sign_exp_default_expr_case.aig,1,1,1,2066,18,37188,12.473,"groups=512; full_default_groups=2; exceptions=65024; defaults=abs_input:507,input:1,nan:2,pos_inf:1,sign_inf:1",bf16 Verilog table factoring seed,bf16_deep_variants_20260603_1223,bf16_deep_variants_20260603_1223.csv
ex219,ex219_bf16_reciprocal_cbrt_default_expr_exception_case,bf16_reciprocal_cbrt,default_expr_exception_case,student/work/reverse_bf16_deep_20260603_1223/ex219/verilog/ex219_bf16_reciprocal_cbrt_default_expr_exception_case.v,student/work/reverse_bf16_deep_20260603_1223/ex219/aigs/ex219_bf16_reciprocal_cbrt_default_expr_exception_case.aig,1,1,1,18092,27,488484,137.089,exceptions=65280; default=sign_inf; matches=256,bf16 Verilog table factoring seed,bf16_deep_variants_20260603_1223,bf16_deep_variants_20260603_1223.csv
