case,candidate_id,hypothesis/function_guess,variant,verilog_path,aig_path,verified_truth,synthesized,equivalent,area,delay,adp,reference_adp,adp_ratio_to_reference,within_1p5_reference,beats_reference,classification,items,runtime_sec,notes
ex280,ex280_struct_bdd_pair_399a,ex280_targeted_structure,bdd_pair_399a,/home/b10507053/ALS_Final_Project/student/work/target_ex280_structure/ex280/verilog/ex280_struct_bdd_pair_399a.v,/home/b10507053/ALS_Final_Project/student/work/target_ex280_structure/ex280/aigs/ex280_struct_bdd_pair_399a.aig,1,1,1,1049,22,23078,2415,9.556108,0,0,structural_exact,order_name=bdd_pair_399a; order=0:11:1:10:2:9:3:8:4:7:5:6; bdd_nodes=436,0.484,targeted ex280 structural Verilog seed
ex280,ex280_struct_bdd_sift_449,ex280_targeted_structure,bdd_sift_449,/home/b10507053/ALS_Final_Project/student/work/target_ex280_structure/ex280/verilog/ex280_struct_bdd_sift_449.v,/home/b10507053/ALS_Final_Project/student/work/target_ex280_structure/ex280/aigs/ex280_struct_bdd_sift_449.aig,1,1,1,1071,22,23562,2415,9.756522,0,0,structural_exact,order_name=bdd_sift_449; order=11:0:1:10:2:9:3:8:4:6:7:5; bdd_nodes=449,0.503,targeted ex280 structural Verilog seed
ex280,ex280_struct_bdd_sift_alt,ex280_targeted_structure,bdd_sift_alt,/home/b10507053/ALS_Final_Project/student/work/target_ex280_structure/ex280/verilog/ex280_struct_bdd_sift_alt.v,/home/b10507053/ALS_Final_Project/student/work/target_ex280_structure/ex280/aigs/ex280_struct_bdd_sift_alt.aig,1,1,1,1053,22,23166,2415,9.592547,0,0,structural_exact,order_name=bdd_sift_alt; order=0:11:1:10:2:9:3:8:4:6:7:5; bdd_nodes=440,0.491,targeted ex280 structural Verilog seed
ex280,ex280_struct_davio_pair_399a,ex280_targeted_structure,davio_pair_399a,/home/b10507053/ALS_Final_Project/student/work/target_ex280_structure/ex280/verilog/ex280_struct_davio_pair_399a.v,/home/b10507053/ALS_Final_Project/student/work/target_ex280_structure/ex280/aigs/ex280_struct_davio_pair_399a.aig,1,1,1,1258,25,31450,2415,13.022774,0,0,structural_exact,transform=identity; total_terms=2142; unique_terms=712; max_degree=4; max_bit_terms=375; davio_order=davio_pair_399a; davio_nodes=703,0.996,targeted ex280 structural Verilog seed
ex280,ex280_struct_davio_pair_399b,ex280_targeted_structure,davio_pair_399b,/home/b10507053/ALS_Final_Project/student/work/target_ex280_structure/ex280/verilog/ex280_struct_davio_pair_399b.v,/home/b10507053/ALS_Final_Project/student/work/target_ex280_structure/ex280/aigs/ex280_struct_davio_pair_399b.aig,1,1,1,1254,25,31350,2415,12.981366,0,0,structural_exact,transform=identity; total_terms=2142; unique_terms=712; max_degree=4; max_bit_terms=375; davio_order=davio_pair_399b; davio_nodes=702,0.901,targeted ex280 structural Verilog seed
ex280,ex280_struct_davio_pair_402,ex280_targeted_structure,davio_pair_402,/home/b10507053/ALS_Final_Project/student/work/target_ex280_structure/ex280/verilog/ex280_struct_davio_pair_402.v,/home/b10507053/ALS_Final_Project/student/work/target_ex280_structure/ex280/aigs/ex280_struct_davio_pair_402.aig,1,1,1,1255,25,31375,2415,12.991718,0,0,structural_exact,transform=identity; total_terms=2142; unique_terms=712; max_degree=4; max_bit_terms=375; davio_order=davio_pair_402; davio_nodes=705,0.896,targeted ex280 structural Verilog seed
ex280,ex280_struct_davio_reverse,ex280_targeted_structure,davio_reverse,/home/b10507053/ALS_Final_Project/student/work/target_ex280_structure/ex280/verilog/ex280_struct_davio_reverse.v,/home/b10507053/ALS_Final_Project/student/work/target_ex280_structure/ex280/aigs/ex280_struct_davio_reverse.aig,1,1,1,2076,25,51900,2415,21.490683,0,0,structural_exact,transform=identity; total_terms=2142; unique_terms=712; max_degree=4; max_bit_terms=375; davio_order=davio_reverse; davio_nodes=1157,0.995,targeted ex280 structural Verilog seed
ex280,ex280_unknown_12x12_decision_tree_greedy,unknown_12x12,decision_tree_greedy,student/work/reverse_unknown_20260603_1812/ex280/verilog/ex280_unknown_12x12_decision_tree_greedy.v,student/work/reverse_unknown_20260603_1812/ex280/aigs/ex280_unknown_12x12_decision_tree_greedy.aig,1,1,1,4775,20,95500,2415,39.544513,0,0,structural_exact,nodes=3266; leaves=3267,7.826,unknown function structural Verilog seed
ex280,ex280_unknown_12x12_expr_default_exception,unknown_12x12,expr_default_exception,student/work/reverse_unknown_20260603_1812/ex280/verilog/ex280_unknown_12x12_expr_default_exception.v,student/work/reverse_unknown_20260603_1812/ex280/aigs/ex280_unknown_12x12_expr_default_exception.aig,1,1,1,3098,20,61960,2415,25.656315,0,0,structural_exact,expr=ones; matches=53; exceptions=4043,1.992,unknown function structural Verilog seed
ex280,ex280_unknown_12x12_high_split_default,unknown_12x12,high_split_default,student/work/reverse_unknown_20260603_1812/ex280/verilog/ex280_unknown_12x12_high_split_default.v,student/work/reverse_unknown_20260603_1812/ex280/aigs/ex280_unknown_12x12_high_split_default.aig,1,1,1,3014,18,54252,2415,22.464596,0,0,structural_exact,rotate=0; outer=high; outer_bits=6; inner_bits=6; full_default_groups=0; exceptions=3727,2.276,unknown function structural Verilog seed
ex280,ex280_unknown_12x12_low_split_default,unknown_12x12,low_split_default,student/work/reverse_unknown_20260603_1812/ex280/verilog/ex280_unknown_12x12_low_split_default.v,student/work/reverse_unknown_20260603_1812/ex280/aigs/ex280_unknown_12x12_low_split_default.aig,1,1,1,2379,18,42822,2415,17.731677,0,0,structural_exact,rotate=0; outer=low; outer_bits=6; inner_bits=6; full_default_groups=0; exceptions=3680,2.184,unknown function structural Verilog seed
ex280,ex280_unknown_12x12_rotate_high_split_default,unknown_12x12,rotate_high_split_default,student/work/reverse_unknown_20260603_1812/ex280/verilog/ex280_unknown_12x12_rotate_high_split_default.v,student/work/reverse_unknown_20260603_1812/ex280/aigs/ex280_unknown_12x12_rotate_high_split_default.aig,1,1,1,1392,15,20880,2415,8.645963,0,0,structural_exact,rotate=3; outer=high; outer_bits=6; inner_bits=6; full_default_groups=0; exceptions=3623,1.945,unknown function structural Verilog seed
ex280,ex280_unknown_12x12_rotate_low_split_default,unknown_12x12,rotate_low_split_default,student/work/reverse_unknown_20260603_1812/ex280/verilog/ex280_unknown_12x12_rotate_low_split_default.v,student/work/reverse_unknown_20260603_1812/ex280/aigs/ex280_unknown_12x12_rotate_low_split_default.aig,1,1,1,1392,15,20880,2415,8.645963,0,0,structural_exact,rotate=9; outer=low; outer_bits=6; inner_bits=6; full_default_groups=0; exceptions=3623,2.238,unknown function structural Verilog seed
ex280,ex280_unknown_12x12_value_case,unknown_12x12,value_case,student/work/reverse_unknown_20260603_1812/ex280/verilog/ex280_unknown_12x12_value_case.v,student/work/reverse_unknown_20260603_1812/ex280/aigs/ex280_unknown_12x12_value_case.aig,1,1,1,3098,20,61960,2415,25.656315,0,0,structural_exact,4096,2.536,unknown function structural Verilog seed
ex280,ex280_unknown_algebraic_12x12_anf_davio_interleave,unknown_algebraic_12x12,anf_davio_interleave,student/work/ex280_frontend_anf_davio_20260608_1438/ex280/verilog/ex280_unknown_algebraic_12x12_anf_davio_interleave.v,student/work/ex280_frontend_anf_davio_20260608_1438/ex280/aigs/ex280_unknown_algebraic_12x12_anf_davio_interleave.aig,1,1,1,1143,25,28575,2415,11.832298,0,0,structural_exact,transform=identity; total_terms=2142; unique_terms=712; max_degree=4; max_bit_terms=375; davio_order=interleave; davio_nodes=703,1.205,unknown function algebraic Verilog seed
ex280,ex280_unknown_algebraic_12x12_anf_shared_best_transform,unknown_algebraic_12x12,anf_shared_best_transform,student/work/ex280_frontend_anf_davio_20260608_1438/ex280/verilog/ex280_unknown_algebraic_12x12_anf_shared_best_transform.v,student/work/ex280_frontend_anf_davio_20260608_1438/ex280/aigs/ex280_unknown_algebraic_12x12_anf_shared_best_transform.aig,1,1,1,3467,40,138680,2415,57.424431,0,0,structural_exact,transform=ungray; total_terms=1498; unique_terms=453; max_degree=4; max_bit_terms=204,4.290,unknown function algebraic Verilog seed
ex280,ex280_unknown_algebraic_12x12_support_lut12_anf,unknown_algebraic_12x12,support_lut12_anf,student/work/ex280_frontend_anf_davio_20260608_1438/ex280/verilog/ex280_unknown_algebraic_12x12_support_lut12_anf.v,student/work/ex280_frontend_anf_davio_20260608_1438/ex280/aigs/ex280_unknown_algebraic_12x12_support_lut12_anf.aig,1,1,1,3189,20,63780,2415,26.409938,0,0,structural_exact,support_lut_bits=12; max_support_lut=12; max_support_seen=12; anf_total_terms=2142; anf_unique_terms=712; anf_max_degree=4,4.915,unknown function algebraic Verilog seed
ex280,ex280_unknown_bdd_selected_support10,unknown_bdd_selected_bits,support10,student/work/ex280_ex284_frontend_bdd_selected_bits_20260608_1250/ex280/verilog/ex280_unknown_bdd_selected_support10.v,student/work/ex280_ex284_frontend_bdd_selected_bits_20260608_1250/ex280/aigs/ex280_unknown_bdd_selected_support10.aig,1,1,1,1310,21,27510,2415,11.391304,0,0,structural_exact,support_limit=10; selected_bits=0:1:2:3; bdd_nodes=374; bit0:support=0:1:2:3:9:11:default=0:exceptions=16; bit1:support=0:1:2:3:4:8:10:11:default=0:exceptions=128; bit2:support=0:1:2:3:4:5:7:9:10:11:default=0:exceptions=512; bit3:support=0:1:2:3:4:6:8:9:10:11:default=0:exceptions=512; hash=1335fa887193,7.186,unknown shared-BDD with selected low-support LUT bits
ex280,ex280_unknown_bdd_selected_support8,unknown_bdd_selected_bits,support8,student/work/ex280_ex284_frontend_bdd_selected_bits_20260608_1250/ex280/verilog/ex280_unknown_bdd_selected_support8.v,student/work/ex280_ex284_frontend_bdd_selected_bits_20260608_1250/ex280/aigs/ex280_unknown_bdd_selected_support8.aig,1,1,1,1029,22,22638,2415,9.373913,0,0,structural_exact,support_limit=8; selected_bits=0:1; bdd_nodes=414; bit0:support=0:1:2:3:9:11:default=0:exceptions=16; bit1:support=0:1:2:3:4:8:10:11:default=0:exceptions=128; hash=40e90ae02213,1.384,unknown shared-BDD with selected low-support LUT bits
ex280,ex280_unknown_shared_bdd_12x12_ex280_sift_449,unknown_shared_bdd_12x12,ex280_sift_449,student/work/target_ex280_bdd_eval/ex280/verilog/ex280_unknown_shared_bdd_12x12_ex280_sift_449.v,student/work/target_ex280_bdd_eval/ex280/aigs/ex280_unknown_shared_bdd_12x12_ex280_sift_449.aig,1,1,1,958,21,20118,2415,8.330435,0,0,structural_exact,order_name=ex280_sift_449; order=11:0:1:10:2:9:3:8:4:6:7:5; bdd_nodes=449,1.043,unknown function shared-BDD Verilog seed
ex280,ex280_unknown_shared_bdd_12x12_ex280_sift_alt,unknown_shared_bdd_12x12,ex280_sift_alt,student/work/target_ex280_bdd_eval/ex280/verilog/ex280_unknown_shared_bdd_12x12_ex280_sift_alt.v,student/work/target_ex280_bdd_eval/ex280/aigs/ex280_unknown_shared_bdd_12x12_ex280_sift_alt.aig,1,1,1,997,21,20937,2415,8.669565,0,0,structural_exact,order_name=ex280_sift_alt; order=0:11:1:10:2:9:3:8:4:6:7:5; bdd_nodes=440,0.728,unknown function shared-BDD Verilog seed
ex280,ex280_unknown_shared_bdd_12x12_natural,unknown_shared_bdd_12x12,natural,student/work/target_ex280_bdd_eval/ex280/verilog/ex280_unknown_shared_bdd_12x12_natural.v,student/work/target_ex280_bdd_eval/ex280/aigs/ex280_unknown_shared_bdd_12x12_natural.aig,1,1,1,2818,20,56360,2415,23.337474,0,0,structural_exact,order_name=natural; order=0:1:2:3:4:5:6:7:8:9:10:11; bdd_nodes=1680,1.284,unknown function shared-BDD Verilog seed
ex280,ex280_unknown_shared_bdd_12x12_order_0_11_1_10_2_9_3_8_4_7_5_6,unknown_shared_bdd_12x12,order_0_11_1_10_2_9_3_8_4_7_5_6,student/work/ex280_ex284_frontend_bdd_interleave_20260608_1120/ex280/verilog/ex280_unknown_shared_bdd_12x12_order_0_11_1_10_2_9_3_8_4_7_5_6.v,student/work/ex280_ex284_frontend_bdd_interleave_20260608_1120/ex280/aigs/ex280_unknown_shared_bdd_12x12_order_0_11_1_10_2_9_3_8_4_7_5_6.aig,1,1,1,977,21,20517,2415,8.495652,0,0,structural_exact,order_name=order_0_11_1_10_2_9_3_8_4_7_5_6; order=0:11:1:10:2:9:3:8:4:7:5:6; bdd_nodes=436,0.986,unknown function shared-BDD Verilog seed
ex281,ex281_anf_davio_interleave_abc_g_aig,unknown_algebraic_13x13,abc_g_aig,student/work/ex281_ex284_frontend_anf_davio_20260608_1426/ex281/verilog/ex281_unknown_algebraic_13x13_anf_davio_interleave.v,student/work/ex281_ex284_frontend_anf_davio_synthflow_20260608_1432/ex281/aigs/ex281_anf_davio_interleave_abc_g_aig.aig,1,1,1,1171,27,31617,2336,13.534675,0,0,synthflow_exact,Yosys abc gate set aig,0.635,Yosys abc gate set aig
ex281,ex281_anf_davio_interleave_abc_g_aig_d20,unknown_algebraic_13x13,abc_g_aig_d20,student/work/ex281_ex284_frontend_anf_davio_20260608_1426/ex281/verilog/ex281_unknown_algebraic_13x13_anf_davio_interleave.v,student/work/ex281_ex284_frontend_anf_davio_synthflow_20260608_1432/ex281/aigs/ex281_anf_davio_interleave_abc_g_aig_d20.aig,1,1,1,1171,27,31617,2336,13.534675,0,0,synthflow_exact,Yosys abc gate set aig delay target 20,0.614,Yosys abc gate set aig delay target 20
ex281,ex281_anf_davio_interleave_extra_opt_share,unknown_algebraic_13x13,extra_opt_share,student/work/ex281_ex284_frontend_anf_davio_20260608_1426/ex281/verilog/ex281_unknown_algebraic_13x13_anf_davio_interleave.v,student/work/ex281_ex284_frontend_anf_davio_synthflow_20260608_1432/ex281/aigs/ex281_anf_davio_interleave_extra_opt_share.aig,1,1,1,1478,27,39906,2336,17.083048,0,0,synthflow_exact,extra opt_reduce/opt_muxtree/wreduce/share before techmap,1.074,extra opt_reduce/opt_muxtree/wreduce/share before techmap
ex281,ex281_anf_davio_interleave_synth_preset,unknown_algebraic_13x13,synth_preset,student/work/ex281_ex284_frontend_anf_davio_20260608_1426/ex281/verilog/ex281_unknown_algebraic_13x13_anf_davio_interleave.v,student/work/ex281_ex284_frontend_anf_davio_synthflow_20260608_1432/ex281/aigs/ex281_anf_davio_interleave_synth_preset.aig,1,1,1,1463,27,39501,2336,16.909675,0,0,synthflow_exact,Yosys synth preset with flatten,0.869,Yosys synth preset with flatten
ex281,ex281_order_0_12_1_11_2_10_3_9_4_8_5_7_6_abc_g_aig,unknown_shared_bdd_13x13,abc_g_aig,student/work/ex280_ex284_frontend_bdd_interleave_20260608_1120/ex281/verilog/ex281_unknown_shared_bdd_13x13_order_0_12_1_11_2_10_3_9_4_8_5_7_6.v,student/work/ex281_ex284_frontend_bdd_synthflow_20260608_1135/ex281/aigs/ex281_order_0_12_1_11_2_10_3_9_4_8_5_7_6_abc_g_aig.aig,1,1,1,1123,23,25829,2336,11.056935,0,0,synthflow_exact,Yosys abc gate set aig,0.502,Yosys abc gate set aig
ex281,ex281_order_0_12_1_11_2_10_3_9_4_8_5_7_6_abc_g_aig_d18,unknown_shared_bdd_13x13,abc_g_aig_d18,student/work/ex280_ex284_frontend_bdd_interleave_20260608_1120/ex281/verilog/ex281_unknown_shared_bdd_13x13_order_0_12_1_11_2_10_3_9_4_8_5_7_6.v,student/work/ex281_ex284_frontend_bdd_synthflow_20260608_1135/ex281/aigs/ex281_order_0_12_1_11_2_10_3_9_4_8_5_7_6_abc_g_aig_d18.aig,1,1,1,1123,23,25829,2336,11.056935,0,0,synthflow_exact,Yosys abc gate set aig delay target 18,0.506,Yosys abc gate set aig delay target 18
ex281,ex281_order_0_12_1_11_2_10_3_9_4_8_5_7_6_abc_g_aig_d19,unknown_shared_bdd_13x13,abc_g_aig_d19,student/work/ex280_ex284_frontend_bdd_interleave_20260608_1120/ex281/verilog/ex281_unknown_shared_bdd_13x13_order_0_12_1_11_2_10_3_9_4_8_5_7_6.v,student/work/ex281_ex284_frontend_bdd_synthflow_20260608_1135/ex281/aigs/ex281_order_0_12_1_11_2_10_3_9_4_8_5_7_6_abc_g_aig_d19.aig,1,1,1,1123,23,25829,2336,11.056935,0,0,synthflow_exact,Yosys abc gate set aig delay target 19,0.503,Yosys abc gate set aig delay target 19
ex281,ex281_order_0_12_1_11_2_10_3_9_4_8_5_7_6_abc_g_aig_d20,unknown_shared_bdd_13x13,abc_g_aig_d20,student/work/ex280_ex284_frontend_bdd_interleave_20260608_1120/ex281/verilog/ex281_unknown_shared_bdd_13x13_order_0_12_1_11_2_10_3_9_4_8_5_7_6.v,student/work/ex281_ex284_frontend_bdd_synthflow_20260608_1135/ex281/aigs/ex281_order_0_12_1_11_2_10_3_9_4_8_5_7_6_abc_g_aig_d20.aig,1,1,1,1123,23,25829,2336,11.056935,0,0,synthflow_exact,Yosys abc gate set aig delay target 20,0.500,Yosys abc gate set aig delay target 20
ex281,ex281_order_0_12_1_11_2_10_3_9_4_8_5_7_6_abc_g_aig_d21,unknown_shared_bdd_13x13,abc_g_aig_d21,student/work/ex280_ex284_frontend_bdd_interleave_20260608_1120/ex281/verilog/ex281_unknown_shared_bdd_13x13_order_0_12_1_11_2_10_3_9_4_8_5_7_6.v,student/work/ex281_ex284_frontend_bdd_synthflow_20260608_1135/ex281/aigs/ex281_order_0_12_1_11_2_10_3_9_4_8_5_7_6_abc_g_aig_d21.aig,1,1,1,1123,23,25829,2336,11.056935,0,0,synthflow_exact,Yosys abc gate set aig delay target 21,0.496,Yosys abc gate set aig delay target 21
ex281,ex281_order_0_12_1_11_2_10_3_9_4_8_5_7_6_abc_g_and_mux,unknown_shared_bdd_13x13,abc_g_and_mux,student/work/ex280_ex284_frontend_bdd_interleave_20260608_1120/ex281/verilog/ex281_unknown_shared_bdd_13x13_order_0_12_1_11_2_10_3_9_4_8_5_7_6.v,student/work/ex281_ex284_frontend_bdd_synthflow_20260608_1135/ex281/aigs/ex281_order_0_12_1_11_2_10_3_9_4_8_5_7_6_abc_g_and_mux.aig,1,1,1,1200,24,28800,2336,12.328767,0,0,synthflow_exact,"Yosys abc gate set AND,MUX",0.510,"Yosys abc gate set AND,MUX"
ex281,ex281_order_0_12_1_11_2_10_3_9_4_8_5_7_6_extra_opt_share,unknown_shared_bdd_13x13,extra_opt_share,student/work/ex280_ex284_frontend_bdd_interleave_20260608_1120/ex281/verilog/ex281_unknown_shared_bdd_13x13_order_0_12_1_11_2_10_3_9_4_8_5_7_6.v,student/work/ex281_ex284_frontend_bdd_synthflow_20260608_1135/ex281/aigs/ex281_order_0_12_1_11_2_10_3_9_4_8_5_7_6_extra_opt_share.aig,1,1,1,1179,23,27117,2336,11.608305,0,0,synthflow_exact,extra opt_reduce/opt_muxtree/wreduce/share before techmap,0.513,extra opt_reduce/opt_muxtree/wreduce/share before techmap
ex281,ex281_order_0_12_1_11_2_10_3_9_4_8_5_7_6_no_internal_abc,unknown_shared_bdd_13x13,no_internal_abc,student/work/ex280_ex284_frontend_bdd_interleave_20260608_1120/ex281/verilog/ex281_unknown_shared_bdd_13x13_order_0_12_1_11_2_10_3_9_4_8_5_7_6.v,student/work/ex281_ex284_frontend_bdd_synthflow_20260608_1135/ex281/aigs/ex281_order_0_12_1_11_2_10_3_9_4_8_5_7_6_no_internal_abc.aig,1,1,1,1226,24,29424,2336,12.595890,0,0,synthflow_exact,skip Yosys internal abc pass,0.364,skip Yosys internal abc pass
ex281,ex281_order_0_12_1_11_2_10_3_9_4_8_5_7_6_synth_preset,unknown_shared_bdd_13x13,synth_preset,student/work/ex280_ex284_frontend_bdd_interleave_20260608_1120/ex281/verilog/ex281_unknown_shared_bdd_13x13_order_0_12_1_11_2_10_3_9_4_8_5_7_6.v,student/work/ex281_ex284_frontend_bdd_synthflow_20260608_1135/ex281/aigs/ex281_order_0_12_1_11_2_10_3_9_4_8_5_7_6_synth_preset.aig,1,1,1,1158,22,25476,2336,10.905822,0,0,synthflow_exact,Yosys synth preset with flatten,0.666,Yosys synth preset with flatten
ex281,ex281_unknown_13x13_decision_tree_greedy,unknown_13x13,decision_tree_greedy,student/work/reverse_unknown_20260603_1812/ex281/verilog/ex281_unknown_13x13_decision_tree_greedy.v,student/work/reverse_unknown_20260603_1812/ex281/aigs/ex281_unknown_13x13_decision_tree_greedy.aig,1,1,1,9867,22,217074,2336,92.925514,0,0,structural_exact,nodes=6528; leaves=6529,16.520,unknown function structural Verilog seed
ex281,ex281_unknown_13x13_expr_default_exception,unknown_13x13,expr_default_exception,student/work/reverse_unknown_20260603_1812/ex281/verilog/ex281_unknown_13x13_expr_default_exception.v,student/work/reverse_unknown_20260603_1812/ex281/aigs/ex281_unknown_13x13_expr_default_exception.aig,1,1,1,5213,23,119899,2336,51.326627,0,0,structural_exact,expr=ones; matches=76; exceptions=8116,4.575,unknown function structural Verilog seed
ex281,ex281_unknown_13x13_high_split_default,unknown_13x13,high_split_default,student/work/reverse_unknown_20260603_1812/ex281/verilog/ex281_unknown_13x13_high_split_default.v,student/work/reverse_unknown_20260603_1812/ex281/aigs/ex281_unknown_13x13_high_split_default.aig,1,1,1,4843,19,92017,2336,39.390839,0,0,structural_exact,rotate=0; outer=high; outer_bits=7; inner_bits=6; full_default_groups=0; exceptions=7482,4.802,unknown function structural Verilog seed
ex281,ex281_unknown_13x13_low_split_default,unknown_13x13,low_split_default,student/work/reverse_unknown_20260603_1812/ex281/verilog/ex281_unknown_13x13_low_split_default.v,student/work/reverse_unknown_20260603_1812/ex281/aigs/ex281_unknown_13x13_low_split_default.aig,1,1,1,2990,20,59800,2336,25.599315,0,0,structural_exact,rotate=0; outer=low; outer_bits=6; inner_bits=7; full_default_groups=0; exceptions=7579,4.211,unknown function structural Verilog seed
ex281,ex281_unknown_13x13_rotate_high_split_default,unknown_13x13,rotate_high_split_default,student/work/reverse_unknown_20260603_1812/ex281/verilog/ex281_unknown_13x13_rotate_high_split_default.v,student/work/reverse_unknown_20260603_1812/ex281/aigs/ex281_unknown_13x13_rotate_high_split_default.aig,1,1,1,3218,17,54706,2336,23.418664,0,0,structural_exact,rotate=4; outer=high; outer_bits=7; inner_bits=6; full_default_groups=0; exceptions=7253,4.524,unknown function structural Verilog seed
ex281,ex281_unknown_13x13_rotate_low_split_default,unknown_13x13,rotate_low_split_default,student/work/reverse_unknown_20260603_1812/ex281/verilog/ex281_unknown_13x13_rotate_low_split_default.v,student/work/reverse_unknown_20260603_1812/ex281/aigs/ex281_unknown_13x13_rotate_low_split_default.aig,1,1,1,2425,17,41225,2336,17.647688,0,0,structural_exact,rotate=10; outer=low; outer_bits=6; inner_bits=7; full_default_groups=0; exceptions=7483,4.009,unknown function structural Verilog seed
ex281,ex281_unknown_13x13_value_case,unknown_13x13,value_case,student/work/reverse_unknown_20260603_1812/ex281/verilog/ex281_unknown_13x13_value_case.v,student/work/reverse_unknown_20260603_1812/ex281/aigs/ex281_unknown_13x13_value_case.aig,1,1,1,5213,23,119899,2336,51.326627,0,0,structural_exact,8192,4.216,unknown function structural Verilog seed
ex281,ex281_unknown_algebraic_13x13_anf_davio_interleave,unknown_algebraic_13x13,anf_davio_interleave,student/work/ex281_ex284_frontend_anf_davio_20260608_1426/ex281/verilog/ex281_unknown_algebraic_13x13_anf_davio_interleave.v,student/work/ex281_ex284_frontend_anf_davio_20260608_1426/ex281/aigs/ex281_unknown_algebraic_13x13_anf_davio_interleave.aig,1,1,1,1478,27,39906,2336,17.083048,0,0,structural_exact,transform=identity; total_terms=3339; unique_terms=994; max_degree=4; max_bit_terms=523; davio_order=interleave; davio_nodes=853,2.734,unknown function algebraic Verilog seed
ex281,ex281_unknown_algebraic_13x13_anf_shared_best_transform,unknown_algebraic_13x13,anf_shared_best_transform,student/work/ex281_ex284_frontend_anf_davio_20260608_1426/ex281/verilog/ex281_unknown_algebraic_13x13_anf_shared_best_transform.v,student/work/ex281_ex284_frontend_anf_davio_20260608_1426/ex281/aigs/ex281_unknown_algebraic_13x13_anf_shared_best_transform.aig,1,1,1,4378,42,183876,2336,78.714041,0,0,structural_exact,transform=ungray; total_terms=1892; unique_terms=545; max_degree=4; max_bit_terms=230,5.746,unknown function algebraic Verilog seed
ex281,ex281_unknown_algebraic_13x13_support_lut12_anf,unknown_algebraic_13x13,support_lut12_anf,student/work/ex281_ex284_frontend_anf_davio_20260608_1426/ex281/verilog/ex281_unknown_algebraic_13x13_support_lut12_anf.v,student/work/ex281_ex284_frontend_anf_davio_20260608_1426/ex281/aigs/ex281_unknown_algebraic_13x13_support_lut12_anf.aig,1,1,1,9000,24,216000,2336,92.465753,0,0,structural_exact,support_lut_bits=4; max_support_lut=12; max_support_seen=13; anf_total_terms=3339; anf_unique_terms=994; anf_max_degree=4,6.383,unknown function algebraic Verilog seed
ex281,ex281_unknown_bdd_key_bit_reverse_interleave,unknown_transformed_key_bdd,bit_reverse_interleave,student/work/ex281_ex284_frontend_bdd_key_transform_20260608_1500/ex281/verilog/ex281_unknown_bdd_key_bit_reverse_interleave.v,student/work/ex281_ex284_frontend_bdd_key_transform_20260608_1500/ex281/aigs/ex281_unknown_bdd_key_bit_reverse_interleave.aig,1,1,1,1351,23,31073,2336,13.301798,0,0,structural_exact,transform=bit_reverse; order_name=interleave; order=0:12:1:11:2:10:3:9:4:8:5:7:6; bdd_nodes=769; hash=b9df8af841d9,1.517,unknown transformed-key shared-BDD Verilog seed
ex281,ex281_unknown_bdd_key_bit_reverse_natural,unknown_transformed_key_bdd,bit_reverse_natural,student/work/ex281_ex284_frontend_bdd_key_transform_20260608_1500/ex281/verilog/ex281_unknown_bdd_key_bit_reverse_natural.v,student/work/ex281_ex284_frontend_bdd_key_transform_20260608_1500/ex281/aigs/ex281_unknown_bdd_key_bit_reverse_natural.aig,1,1,1,5309,24,127416,2336,54.544521,0,0,structural_exact,transform=bit_reverse; order_name=natural; order=0:1:2:3:4:5:6:7:8:9:10:11:12; bdd_nodes=2659; hash=d4ee3753a2e6,2.620,unknown transformed-key shared-BDD Verilog seed
ex281,ex281_unknown_bdd_key_gray_interleave,unknown_transformed_key_bdd,gray_interleave,student/work/ex281_ex284_frontend_bdd_key_transform_20260608_1500/ex281/verilog/ex281_unknown_bdd_key_gray_interleave.v,student/work/ex281_ex284_frontend_bdd_key_transform_20260608_1500/ex281/aigs/ex281_unknown_bdd_key_gray_interleave.aig,1,1,1,3397,26,88322,2336,37.809075,0,0,structural_exact,transform=gray; order_name=interleave; order=0:12:1:11:2:10:3:9:4:8:5:7:6; bdd_nodes=1428; hash=af768d0199e8,2.545,unknown transformed-key shared-BDD Verilog seed
ex281,ex281_unknown_bdd_key_gray_natural,unknown_transformed_key_bdd,gray_natural,student/work/ex281_ex284_frontend_bdd_key_transform_20260608_1500/ex281/verilog/ex281_unknown_bdd_key_gray_natural.v,student/work/ex281_ex284_frontend_bdd_key_transform_20260608_1500/ex281/aigs/ex281_unknown_bdd_key_gray_natural.aig,1,1,1,5725,23,131675,2336,56.367723,0,0,structural_exact,transform=gray; order_name=natural; order=0:1:2:3:4:5:6:7:8:9:10:11:12; bdd_nodes=2946; hash=6e98e1043e5d,2.883,unknown transformed-key shared-BDD Verilog seed
ex281,ex281_unknown_bdd_key_ungray_interleave,unknown_transformed_key_bdd,ungray_interleave,student/work/ex281_ex284_frontend_bdd_key_transform_20260608_1500/ex281/verilog/ex281_unknown_bdd_key_ungray_interleave.v,student/work/ex281_ex284_frontend_bdd_key_transform_20260608_1500/ex281/aigs/ex281_unknown_bdd_key_ungray_interleave.aig,1,1,1,1672,35,58520,2336,25.051370,0,0,structural_exact,transform=ungray; order_name=interleave; order=0:12:1:11:2:10:3:9:4:8:5:7:6; bdd_nodes=1081; hash=9aa34061c642,1.580,unknown transformed-key shared-BDD Verilog seed
ex281,ex281_unknown_bdd_key_ungray_natural,unknown_transformed_key_bdd,ungray_natural,student/work/ex281_ex284_frontend_bdd_key_transform_20260608_1500/ex281/verilog/ex281_unknown_bdd_key_ungray_natural.v,student/work/ex281_ex284_frontend_bdd_key_transform_20260608_1500/ex281/aigs/ex281_unknown_bdd_key_ungray_natural.aig,1,1,1,5660,30,169800,2336,72.688356,0,0,structural_exact,transform=ungray; order_name=natural; order=0:1:2:3:4:5:6:7:8:9:10:11:12; bdd_nodes=3301; hash=df59eedcd45e,2.930,unknown transformed-key shared-BDD Verilog seed
ex281,ex281_unknown_bdd_selected_support10,unknown_bdd_selected_bits,support10,student/work/ex280_ex284_frontend_bdd_selected_bits_20260608_1250/ex281/verilog/ex281_unknown_bdd_selected_support10.v,student/work/ex280_ex284_frontend_bdd_selected_bits_20260608_1250/ex281/aigs/ex281_unknown_bdd_selected_support10.aig,1,1,1,1394,23,32062,2336,13.725171,0,0,structural_exact,support_limit=10; selected_bits=0:1:2; bdd_nodes=469; bit0:support=0:1:2:3:10:12:default=0:exceptions=16; bit1:support=0:1:2:3:4:9:11:12:default=0:exceptions=128; bit2:support=0:1:2:3:4:5:8:10:11:12:default=0:exceptions=512; hash=ddeb945b2b6a,8.063,unknown shared-BDD with selected low-support LUT bits
ex281,ex281_unknown_bdd_selected_support8,unknown_bdd_selected_bits,support8,student/work/ex280_ex284_frontend_bdd_selected_bits_20260608_1250/ex281/verilog/ex281_unknown_bdd_selected_support8.v,student/work/ex280_ex284_frontend_bdd_selected_bits_20260608_1250/ex281/aigs/ex281_unknown_bdd_selected_support8.aig,1,1,1,1252,24,30048,2336,12.863014,0,0,structural_exact,support_limit=8; selected_bits=0:1; bdd_nodes=489; bit0:support=0:1:2:3:10:12:default=0:exceptions=16; bit1:support=0:1:2:3:4:9:11:12:default=0:exceptions=128; hash=a190d2b64738,2.480,unknown shared-BDD with selected low-support LUT bits
ex281,ex281_unknown_cofactor_bdd_center1,unknown_cofactor_bdd,center1,student/work/ex281_ex284_frontend_bdd_cofactor_20260608_1521/ex281/verilog/ex281_unknown_cofactor_bdd_center1.v,student/work/ex281_ex284_frontend_bdd_cofactor_20260608_1521/ex281/aigs/ex281_unknown_cofactor_bdd_center1.aig,1,1,1,1780,22,39160,2336,16.763699,0,0,structural_exact,outer_bits=6; inner_bits=0:1:2:3:4:5:7:8:9:10:11:12; group_bdd_nodes=462:453; total_group_bdd_nodes=915; hash=b31b3874503a,1.341,unknown function cofactor-BDD Verilog seed
ex281,ex281_unknown_cofactor_bdd_high1,unknown_cofactor_bdd,high1,student/work/ex281_ex284_frontend_bdd_cofactor_20260608_1521/ex281/verilog/ex281_unknown_cofactor_bdd_high1.v,student/work/ex281_ex284_frontend_bdd_cofactor_20260608_1521/ex281/aigs/ex281_unknown_cofactor_bdd_high1.aig,1,1,1,1153,23,26519,2336,11.352312,0,0,structural_exact,outer_bits=12; inner_bits=0:1:2:3:4:5:6:7:8:9:10:11; group_bdd_nodes=428:430; total_group_bdd_nodes=858; hash=3f15736045b0,1.404,unknown function cofactor-BDD Verilog seed
ex281,ex281_unknown_cofactor_bdd_low1,unknown_cofactor_bdd,low1,student/work/ex281_ex284_frontend_bdd_cofactor_20260608_1521/ex281/verilog/ex281_unknown_cofactor_bdd_low1.v,student/work/ex281_ex284_frontend_bdd_cofactor_20260608_1521/ex281/aigs/ex281_unknown_cofactor_bdd_low1.aig,1,1,1,1187,24,28488,2336,12.195205,0,0,structural_exact,outer_bits=0; inner_bits=1:2:3:4:5:6:7:8:9:10:11:12; group_bdd_nodes=393:449; total_group_bdd_nodes=842; hash=1df4da5f5edf,1.242,unknown function cofactor-BDD Verilog seed
ex281,ex281_unknown_shared_bdd_13x13_order_0_12_1_11_2_10_3_9_4_8_5_7_6,unknown_shared_bdd_13x13,order_0_12_1_11_2_10_3_9_4_8_5_7_6,student/work/ex280_ex284_frontend_bdd_interleave_20260608_1120/ex281/verilog/ex281_unknown_shared_bdd_13x13_order_0_12_1_11_2_10_3_9_4_8_5_7_6.v,student/work/ex280_ex284_frontend_bdd_interleave_20260608_1120/ex281/aigs/ex281_unknown_shared_bdd_13x13_order_0_12_1_11_2_10_3_9_4_8_5_7_6.aig,1,1,1,1179,23,27117,2336,11.608305,0,0,structural_exact,order_name=order_0_12_1_11_2_10_3_9_4_8_5_7_6; order=0:12:1:11:2:10:3:9:4:8:5:7:6; bdd_nodes=511,1.218,unknown function shared-BDD Verilog seed
ex282,ex282_anf_davio_interleave_abc_g_aig,unknown_algebraic_14x14,abc_g_aig,student/work/ex281_ex284_frontend_anf_davio_20260608_1426/ex282/verilog/ex282_unknown_algebraic_14x14_anf_davio_interleave.v,student/work/ex281_ex284_frontend_anf_davio_synthflow_20260608_1432/ex282/aigs/ex282_anf_davio_interleave_abc_g_aig.aig,1,1,1,1323,31,41013,2704,15.167530,0,0,synthflow_exact,Yosys abc gate set aig,0.793,Yosys abc gate set aig
ex282,ex282_anf_davio_interleave_abc_g_aig_d20,unknown_algebraic_14x14,abc_g_aig_d20,student/work/ex281_ex284_frontend_anf_davio_20260608_1426/ex282/verilog/ex282_unknown_algebraic_14x14_anf_davio_interleave.v,student/work/ex281_ex284_frontend_anf_davio_synthflow_20260608_1432/ex282/aigs/ex282_anf_davio_interleave_abc_g_aig_d20.aig,1,1,1,1323,31,41013,2704,15.167530,0,0,synthflow_exact,Yosys abc gate set aig delay target 20,0.830,Yosys abc gate set aig delay target 20
ex282,ex282_anf_davio_interleave_extra_opt_share,unknown_algebraic_14x14,extra_opt_share,student/work/ex281_ex284_frontend_anf_davio_20260608_1426/ex282/verilog/ex282_unknown_algebraic_14x14_anf_davio_interleave.v,student/work/ex281_ex284_frontend_anf_davio_synthflow_20260608_1432/ex282/aigs/ex282_anf_davio_interleave_extra_opt_share.aig,1,1,1,1634,31,50654,2704,18.732988,0,0,synthflow_exact,extra opt_reduce/opt_muxtree/wreduce/share before techmap,0.908,extra opt_reduce/opt_muxtree/wreduce/share before techmap
ex282,ex282_anf_davio_interleave_synth_preset,unknown_algebraic_14x14,synth_preset,student/work/ex281_ex284_frontend_anf_davio_20260608_1426/ex282/verilog/ex282_unknown_algebraic_14x14_anf_davio_interleave.v,student/work/ex281_ex284_frontend_anf_davio_synthflow_20260608_1432/ex282/aigs/ex282_anf_davio_interleave_synth_preset.aig,1,1,1,1635,32,52320,2704,19.349112,0,0,synthflow_exact,Yosys synth preset with flatten,1.169,Yosys synth preset with flatten
ex282,ex282_order_0_13_1_12_2_11_3_10_4_9_5_8_6_7_abc_g_aig,unknown_shared_bdd_14x14,abc_g_aig,student/work/ex280_ex284_frontend_bdd_interleave_20260608_1120/ex282/verilog/ex282_unknown_shared_bdd_14x14_order_0_13_1_12_2_11_3_10_4_9_5_8_6_7.v,student/work/ex281_ex284_frontend_bdd_synthflow_20260608_1135/ex282/aigs/ex282_order_0_13_1_12_2_11_3_10_4_9_5_8_6_7_abc_g_aig.aig,1,1,1,1313,24,31512,2704,11.653846,0,0,synthflow_exact,Yosys abc gate set aig,0.638,Yosys abc gate set aig
ex282,ex282_order_0_13_1_12_2_11_3_10_4_9_5_8_6_7_abc_g_aig_d18,unknown_shared_bdd_14x14,abc_g_aig_d18,student/work/ex280_ex284_frontend_bdd_interleave_20260608_1120/ex282/verilog/ex282_unknown_shared_bdd_14x14_order_0_13_1_12_2_11_3_10_4_9_5_8_6_7.v,student/work/ex281_ex284_frontend_bdd_synthflow_20260608_1135/ex282/aigs/ex282_order_0_13_1_12_2_11_3_10_4_9_5_8_6_7_abc_g_aig_d18.aig,1,1,1,1313,24,31512,2704,11.653846,0,0,synthflow_exact,Yosys abc gate set aig delay target 18,0.654,Yosys abc gate set aig delay target 18
ex282,ex282_order_0_13_1_12_2_11_3_10_4_9_5_8_6_7_abc_g_aig_d19,unknown_shared_bdd_14x14,abc_g_aig_d19,student/work/ex280_ex284_frontend_bdd_interleave_20260608_1120/ex282/verilog/ex282_unknown_shared_bdd_14x14_order_0_13_1_12_2_11_3_10_4_9_5_8_6_7.v,student/work/ex281_ex284_frontend_bdd_synthflow_20260608_1135/ex282/aigs/ex282_order_0_13_1_12_2_11_3_10_4_9_5_8_6_7_abc_g_aig_d19.aig,1,1,1,1313,24,31512,2704,11.653846,0,0,synthflow_exact,Yosys abc gate set aig delay target 19,0.645,Yosys abc gate set aig delay target 19
ex282,ex282_order_0_13_1_12_2_11_3_10_4_9_5_8_6_7_abc_g_aig_d20,unknown_shared_bdd_14x14,abc_g_aig_d20,student/work/ex280_ex284_frontend_bdd_interleave_20260608_1120/ex282/verilog/ex282_unknown_shared_bdd_14x14_order_0_13_1_12_2_11_3_10_4_9_5_8_6_7.v,student/work/ex281_ex284_frontend_bdd_synthflow_20260608_1135/ex282/aigs/ex282_order_0_13_1_12_2_11_3_10_4_9_5_8_6_7_abc_g_aig_d20.aig,1,1,1,1313,24,31512,2704,11.653846,0,0,synthflow_exact,Yosys abc gate set aig delay target 20,0.635,Yosys abc gate set aig delay target 20
ex282,ex282_order_0_13_1_12_2_11_3_10_4_9_5_8_6_7_abc_g_aig_d21,unknown_shared_bdd_14x14,abc_g_aig_d21,student/work/ex280_ex284_frontend_bdd_interleave_20260608_1120/ex282/verilog/ex282_unknown_shared_bdd_14x14_order_0_13_1_12_2_11_3_10_4_9_5_8_6_7.v,student/work/ex281_ex284_frontend_bdd_synthflow_20260608_1135/ex282/aigs/ex282_order_0_13_1_12_2_11_3_10_4_9_5_8_6_7_abc_g_aig_d21.aig,1,1,1,1313,24,31512,2704,11.653846,0,0,synthflow_exact,Yosys abc gate set aig delay target 21,0.637,Yosys abc gate set aig delay target 21
ex282,ex282_order_0_13_1_12_2_11_3_10_4_9_5_8_6_7_abc_g_and_mux,unknown_shared_bdd_14x14,abc_g_and_mux,student/work/ex280_ex284_frontend_bdd_interleave_20260608_1120/ex282/verilog/ex282_unknown_shared_bdd_14x14_order_0_13_1_12_2_11_3_10_4_9_5_8_6_7.v,student/work/ex281_ex284_frontend_bdd_synthflow_20260608_1135/ex282/aigs/ex282_order_0_13_1_12_2_11_3_10_4_9_5_8_6_7_abc_g_and_mux.aig,1,1,1,1439,26,37414,2704,13.836538,0,0,synthflow_exact,"Yosys abc gate set AND,MUX",0.649,"Yosys abc gate set AND,MUX"
ex282,ex282_order_0_13_1_12_2_11_3_10_4_9_5_8_6_7_extra_opt_share,unknown_shared_bdd_14x14,extra_opt_share,student/work/ex280_ex284_frontend_bdd_interleave_20260608_1120/ex282/verilog/ex282_unknown_shared_bdd_14x14_order_0_13_1_12_2_11_3_10_4_9_5_8_6_7.v,student/work/ex281_ex284_frontend_bdd_synthflow_20260608_1135/ex282/aigs/ex282_order_0_13_1_12_2_11_3_10_4_9_5_8_6_7_extra_opt_share.aig,1,1,1,1404,25,35100,2704,12.980769,0,0,synthflow_exact,extra opt_reduce/opt_muxtree/wreduce/share before techmap,0.645,extra opt_reduce/opt_muxtree/wreduce/share before techmap
ex282,ex282_order_0_13_1_12_2_11_3_10_4_9_5_8_6_7_no_internal_abc,unknown_shared_bdd_14x14,no_internal_abc,student/work/ex280_ex284_frontend_bdd_interleave_20260608_1120/ex282/verilog/ex282_unknown_shared_bdd_14x14_order_0_13_1_12_2_11_3_10_4_9_5_8_6_7.v,student/work/ex281_ex284_frontend_bdd_synthflow_20260608_1135/ex282/aigs/ex282_order_0_13_1_12_2_11_3_10_4_9_5_8_6_7_no_internal_abc.aig,1,1,1,1452,26,37752,2704,13.961538,0,0,synthflow_exact,skip Yosys internal abc pass,0.525,skip Yosys internal abc pass
ex282,ex282_order_0_13_1_12_2_11_3_10_4_9_5_8_6_7_synth_preset,unknown_shared_bdd_14x14,synth_preset,student/work/ex280_ex284_frontend_bdd_interleave_20260608_1120/ex282/verilog/ex282_unknown_shared_bdd_14x14_order_0_13_1_12_2_11_3_10_4_9_5_8_6_7.v,student/work/ex281_ex284_frontend_bdd_synthflow_20260608_1135/ex282/aigs/ex282_order_0_13_1_12_2_11_3_10_4_9_5_8_6_7_synth_preset.aig,1,1,1,1365,26,35490,2704,13.125000,0,0,synthflow_exact,Yosys synth preset with flatten,0.812,Yosys synth preset with flatten
ex282,ex282_unknown_14x14_decision_tree_greedy,unknown_14x14,decision_tree_greedy,student/work/reverse_unknown_20260603_1812/ex282/verilog/ex282_unknown_14x14_decision_tree_greedy.v,student/work/reverse_unknown_20260603_1812/ex282/aigs/ex282_unknown_14x14_decision_tree_greedy.aig,1,1,1,14699,24,352776,2704,130.464497,0,0,structural_exact,nodes=13092; leaves=13093,38.848,unknown function structural Verilog seed
ex282,ex282_unknown_14x14_expr_default_exception,unknown_14x14,expr_default_exception,student/work/reverse_unknown_20260603_1812/ex282/verilog/ex282_unknown_14x14_expr_default_exception.v,student/work/reverse_unknown_20260603_1812/ex282/aigs/ex282_unknown_14x14_expr_default_exception.aig,1,1,1,7220,25,180500,2704,66.752959,0,0,structural_exact,expr=ones; matches=108; exceptions=16276,8.632,unknown function structural Verilog seed
ex282,ex282_unknown_14x14_high_split_default,unknown_14x14,high_split_default,student/work/reverse_unknown_20260603_1812/ex282/verilog/ex282_unknown_14x14_high_split_default.v,student/work/reverse_unknown_20260603_1812/ex282/aigs/ex282_unknown_14x14_high_split_default.aig,1,1,1,6961,21,146181,2704,54.061021,0,0,structural_exact,rotate=0; outer=high; outer_bits=7; inner_bits=7; full_default_groups=0; exceptions=15400,9.327,unknown function structural Verilog seed
ex282,ex282_unknown_14x14_low_split_default,unknown_14x14,low_split_default,student/work/reverse_unknown_20260603_1812/ex282/verilog/ex282_unknown_14x14_low_split_default.v,student/work/reverse_unknown_20260603_1812/ex282/aigs/ex282_unknown_14x14_low_split_default.aig,1,1,1,5288,21,111048,2704,41.068047,0,0,structural_exact,rotate=0; outer=low; outer_bits=7; inner_bits=7; full_default_groups=0; exceptions=15287,10.027,unknown function structural Verilog seed
ex282,ex282_unknown_14x14_rotate_high_split_default,unknown_14x14,rotate_high_split_default,student/work/reverse_unknown_20260603_1812/ex282/verilog/ex282_unknown_14x14_rotate_high_split_default.v,student/work/reverse_unknown_20260603_1812/ex282/aigs/ex282_unknown_14x14_rotate_high_split_default.aig,1,1,1,3299,18,59382,2704,21.960799,0,0,structural_exact,rotate=4; outer=high; outer_bits=7; inner_bits=7; full_default_groups=0; exceptions=15041,9.552,unknown function structural Verilog seed
ex282,ex282_unknown_14x14_rotate_low_split_default,unknown_14x14,rotate_low_split_default,student/work/reverse_unknown_20260603_1812/ex282/verilog/ex282_unknown_14x14_rotate_low_split_default.v,student/work/reverse_unknown_20260603_1812/ex282/aigs/ex282_unknown_14x14_rotate_low_split_default.aig,1,1,1,3299,18,59382,2704,21.960799,0,0,structural_exact,rotate=11; outer=low; outer_bits=7; inner_bits=7; full_default_groups=0; exceptions=15041,10.047,unknown function structural Verilog seed
ex282,ex282_unknown_14x14_value_case,unknown_14x14,value_case,student/work/reverse_unknown_20260603_1812/ex282/verilog/ex282_unknown_14x14_value_case.v,student/work/reverse_unknown_20260603_1812/ex282/aigs/ex282_unknown_14x14_value_case.aig,1,1,1,7220,25,180500,2704,66.752959,0,0,structural_exact,16384,8.434,unknown function structural Verilog seed
ex282,ex282_unknown_algebraic_14x14_anf_davio_interleave,unknown_algebraic_14x14,anf_davio_interleave,student/work/ex281_ex284_frontend_anf_davio_20260608_1426/ex282/verilog/ex282_unknown_algebraic_14x14_anf_davio_interleave.v,student/work/ex281_ex284_frontend_anf_davio_20260608_1426/ex282/aigs/ex282_unknown_algebraic_14x14_anf_davio_interleave.aig,1,1,1,1634,31,50654,2704,18.732988,0,0,structural_exact,transform=identity; total_terms=4266; unique_terms=1340; max_degree=4; max_bit_terms=705; davio_order=interleave; davio_nodes=967,5.712,unknown function algebraic Verilog seed
ex282,ex282_unknown_algebraic_14x14_anf_shared_best_transform,unknown_algebraic_14x14,anf_shared_best_transform,student/work/ex281_ex284_frontend_anf_davio_20260608_1426/ex282/verilog/ex282_unknown_algebraic_14x14_anf_shared_best_transform.v,student/work/ex281_ex284_frontend_anf_davio_20260608_1426/ex282/aigs/ex282_unknown_algebraic_14x14_anf_shared_best_transform.aig,1,1,1,5223,47,245481,2704,90.784393,0,0,structural_exact,transform=ungray; total_terms=2344; unique_terms=680; max_degree=4; max_bit_terms=268,11.611,unknown function algebraic Verilog seed
ex282,ex282_unknown_algebraic_14x14_support_lut12_anf,unknown_algebraic_14x14,support_lut12_anf,student/work/ex281_ex284_frontend_anf_davio_20260608_1426/ex282/verilog/ex282_unknown_algebraic_14x14_support_lut12_anf.v,student/work/ex281_ex284_frontend_anf_davio_20260608_1426/ex282/aigs/ex282_unknown_algebraic_14x14_support_lut12_anf.aig,1,1,1,11626,24,279024,2704,103.189349,0,0,structural_exact,support_lut_bits=5; max_support_lut=12; max_support_seen=14; anf_total_terms=4266; anf_unique_terms=1340; anf_max_degree=4,11.209,unknown function algebraic Verilog seed
ex282,ex282_unknown_bdd_key_bit_reverse_interleave,unknown_transformed_key_bdd,bit_reverse_interleave,student/work/ex281_ex284_frontend_bdd_key_transform_20260608_1500/ex282/verilog/ex282_unknown_bdd_key_bit_reverse_interleave.v,student/work/ex281_ex284_frontend_bdd_key_transform_20260608_1500/ex282/aigs/ex282_unknown_bdd_key_bit_reverse_interleave.aig,1,1,1,1592,25,39800,2704,14.718935,0,0,structural_exact,transform=bit_reverse; order_name=interleave; order=0:13:1:12:2:11:3:10:4:9:5:8:6:7; bdd_nodes=905; hash=f4e930b029c5,2.633,unknown transformed-key shared-BDD Verilog seed
ex282,ex282_unknown_bdd_key_bit_reverse_natural,unknown_transformed_key_bdd,bit_reverse_natural,student/work/ex281_ex284_frontend_bdd_key_transform_20260608_1500/ex282/verilog/ex282_unknown_bdd_key_bit_reverse_natural.v,student/work/ex281_ex284_frontend_bdd_key_transform_20260608_1500/ex282/aigs/ex282_unknown_bdd_key_bit_reverse_natural.aig,1,1,1,7599,25,189975,2704,70.257027,0,0,structural_exact,transform=bit_reverse; order_name=natural; order=0:1:2:3:4:5:6:7:8:9:10:11:12:13; bdd_nodes=3685; hash=9a6af8575dd6,4.375,unknown transformed-key shared-BDD Verilog seed
ex282,ex282_unknown_bdd_key_gray_interleave,unknown_transformed_key_bdd,gray_interleave,student/work/ex281_ex284_frontend_bdd_key_transform_20260608_1500/ex282/verilog/ex282_unknown_bdd_key_gray_interleave.v,student/work/ex281_ex284_frontend_bdd_key_transform_20260608_1500/ex282/aigs/ex282_unknown_bdd_key_gray_interleave.aig,1,1,1,4073,29,118117,2704,43.682322,0,0,structural_exact,transform=gray; order_name=interleave; order=0:13:1:12:2:11:3:10:4:9:5:8:6:7; bdd_nodes=1582; hash=aa075704e26f,3.481,unknown transformed-key shared-BDD Verilog seed
ex282,ex282_unknown_bdd_key_gray_natural,unknown_transformed_key_bdd,gray_natural,student/work/ex281_ex284_frontend_bdd_key_transform_20260608_1500/ex282/verilog/ex282_unknown_bdd_key_gray_natural.v,student/work/ex281_ex284_frontend_bdd_key_transform_20260608_1500/ex282/aigs/ex282_unknown_bdd_key_gray_natural.aig,1,1,1,7951,24,190824,2704,70.571006,0,0,structural_exact,transform=gray; order_name=natural; order=0:1:2:3:4:5:6:7:8:9:10:11:12:13; bdd_nodes=4164; hash=354d3ea8d757,4.919,unknown transformed-key shared-BDD Verilog seed
ex282,ex282_unknown_bdd_key_ungray_interleave,unknown_transformed_key_bdd,ungray_interleave,student/work/ex281_ex284_frontend_bdd_key_transform_20260608_1500/ex282/verilog/ex282_unknown_bdd_key_ungray_interleave.v,student/work/ex281_ex284_frontend_bdd_key_transform_20260608_1500/ex282/aigs/ex282_unknown_bdd_key_ungray_interleave.aig,1,1,1,2025,37,74925,2704,27.708950,0,0,structural_exact,transform=ungray; order_name=interleave; order=0:13:1:12:2:11:3:10:4:9:5:8:6:7; bdd_nodes=1299; hash=a21d4bc51556,2.784,unknown transformed-key shared-BDD Verilog seed
ex282,ex282_unknown_bdd_key_ungray_natural,unknown_transformed_key_bdd,ungray_natural,student/work/ex281_ex284_frontend_bdd_key_transform_20260608_1500/ex282/verilog/ex282_unknown_bdd_key_ungray_natural.v,student/work/ex281_ex284_frontend_bdd_key_transform_20260608_1500/ex282/aigs/ex282_unknown_bdd_key_ungray_natural.aig,1,1,1,8542,30,256260,2704,94.770710,0,0,structural_exact,transform=ungray; order_name=natural; order=0:1:2:3:4:5:6:7:8:9:10:11:12:13; bdd_nodes=4752; hash=c822d3f0de9d,5.572,unknown transformed-key shared-BDD Verilog seed
ex282,ex282_unknown_bdd_selected_support10,unknown_bdd_selected_bits,support10,student/work/ex280_ex284_frontend_bdd_selected_bits_20260608_1250/ex282/verilog/ex282_unknown_bdd_selected_support10.v,student/work/ex280_ex284_frontend_bdd_selected_bits_20260608_1250/ex282/aigs/ex282_unknown_bdd_selected_support10.aig,1,1,1,1639,26,42614,2704,15.759615,0,0,structural_exact,support_limit=10; selected_bits=0:1:2; bdd_nodes=549; bit0:support=0:1:2:3:11:13:default=0:exceptions=16; bit1:support=0:1:2:3:4:10:12:13:default=0:exceptions=128; bit2:support=0:1:2:3:4:5:9:11:12:13:default=0:exceptions=512; hash=ddb4366848d7,15.844,unknown shared-BDD with selected low-support LUT bits
ex282,ex282_unknown_bdd_selected_support8,unknown_bdd_selected_bits,support8,student/work/ex280_ex284_frontend_bdd_selected_bits_20260608_1250/ex282/verilog/ex282_unknown_bdd_selected_support8.v,student/work/ex280_ex284_frontend_bdd_selected_bits_20260608_1250/ex282/aigs/ex282_unknown_bdd_selected_support8.aig,1,1,1,1391,25,34775,2704,12.860577,0,0,structural_exact,support_limit=8; selected_bits=0:1; bdd_nodes=569; bit0:support=0:1:2:3:11:13:default=0:exceptions=16; bit1:support=0:1:2:3:4:10:12:13:default=0:exceptions=128; hash=89173dc0bb40,4.794,unknown shared-BDD with selected low-support LUT bits
ex282,ex282_unknown_cofactor_bdd_center1,unknown_cofactor_bdd,center1,student/work/ex281_ex284_frontend_bdd_cofactor_20260608_1521/ex282/verilog/ex282_unknown_cofactor_bdd_center1.v,student/work/ex281_ex284_frontend_bdd_cofactor_20260608_1521/ex282/aigs/ex282_unknown_cofactor_bdd_center1.aig,1,1,1,2079,24,49896,2704,18.452663,0,0,structural_exact,outer_bits=6; inner_bits=0:1:2:3:4:5:7:8:9:10:11:12:13; group_bdd_nodes=536:536; total_group_bdd_nodes=1072; hash=b24b29ee8687,2.477,unknown function cofactor-BDD Verilog seed
ex282,ex282_unknown_cofactor_bdd_high1,unknown_cofactor_bdd,high1,student/work/ex281_ex284_frontend_bdd_cofactor_20260608_1521/ex282/verilog/ex282_unknown_cofactor_bdd_high1.v,student/work/ex281_ex284_frontend_bdd_cofactor_20260608_1521/ex282/aigs/ex282_unknown_cofactor_bdd_high1.aig,1,1,1,1373,25,34325,2704,12.694157,0,0,structural_exact,outer_bits=13; inner_bits=0:1:2:3:4:5:6:7:8:9:10:11:12; group_bdd_nodes=505:507; total_group_bdd_nodes=1012; hash=0de422cbdde6,2.356,unknown function cofactor-BDD Verilog seed
ex282,ex282_unknown_cofactor_bdd_low1,unknown_cofactor_bdd,low1,student/work/ex281_ex284_frontend_bdd_cofactor_20260608_1521/ex282/verilog/ex282_unknown_cofactor_bdd_low1.v,student/work/ex281_ex284_frontend_bdd_cofactor_20260608_1521/ex282/aigs/ex282_unknown_cofactor_bdd_low1.aig,1,1,1,1397,24,33528,2704,12.399408,0,0,structural_exact,outer_bits=0; inner_bits=1:2:3:4:5:6:7:8:9:10:11:12:13; group_bdd_nodes=467:527; total_group_bdd_nodes=994; hash=f135cdd45736,2.314,unknown function cofactor-BDD Verilog seed
ex282,ex282_unknown_shared_bdd_14x14_order_0_13_1_12_2_11_3_10_4_9_5_8_6_7,unknown_shared_bdd_14x14,order_0_13_1_12_2_11_3_10_4_9_5_8_6_7,student/work/ex280_ex284_frontend_bdd_interleave_20260608_1120/ex282/verilog/ex282_unknown_shared_bdd_14x14_order_0_13_1_12_2_11_3_10_4_9_5_8_6_7.v,student/work/ex280_ex284_frontend_bdd_interleave_20260608_1120/ex282/aigs/ex282_unknown_shared_bdd_14x14_order_0_13_1_12_2_11_3_10_4_9_5_8_6_7.aig,1,1,1,1404,25,35100,2704,12.980769,0,0,structural_exact,order_name=order_0_13_1_12_2_11_3_10_4_9_5_8_6_7; order=0:13:1:12:2:11:3:10:4:9:5:8:6:7; bdd_nodes=591,2.268,unknown function shared-BDD Verilog seed
ex283,ex283_anf_davio_interleave_abc_g_aig,unknown_algebraic_15x15,abc_g_aig,student/work/ex281_ex284_frontend_anf_davio_20260608_1426/ex283/verilog/ex283_unknown_algebraic_15x15_anf_davio_interleave.v,student/work/ex281_ex284_frontend_anf_davio_synthflow_20260608_1432/ex283/aigs/ex283_anf_davio_interleave_abc_g_aig.aig,1,1,1,1584,34,53856,3168,17.000000,0,0,synthflow_exact,Yosys abc gate set aig,1.165,Yosys abc gate set aig
ex283,ex283_anf_davio_interleave_abc_g_aig_d20,unknown_algebraic_15x15,abc_g_aig_d20,student/work/ex281_ex284_frontend_anf_davio_20260608_1426/ex283/verilog/ex283_unknown_algebraic_15x15_anf_davio_interleave.v,student/work/ex281_ex284_frontend_anf_davio_synthflow_20260608_1432/ex283/aigs/ex283_anf_davio_interleave_abc_g_aig_d20.aig,1,1,1,1584,34,53856,3168,17.000000,0,0,synthflow_exact,Yosys abc gate set aig delay target 20,1.127,Yosys abc gate set aig delay target 20
ex283,ex283_anf_davio_interleave_extra_opt_share,unknown_algebraic_15x15,extra_opt_share,student/work/ex281_ex284_frontend_anf_davio_20260608_1426/ex283/verilog/ex283_unknown_algebraic_15x15_anf_davio_interleave.v,student/work/ex281_ex284_frontend_anf_davio_synthflow_20260608_1432/ex283/aigs/ex283_anf_davio_interleave_extra_opt_share.aig,1,1,1,1992,34,67728,3168,21.378788,0,0,synthflow_exact,extra opt_reduce/opt_muxtree/wreduce/share before techmap,1.442,extra opt_reduce/opt_muxtree/wreduce/share before techmap
ex283,ex283_anf_davio_interleave_synth_preset,unknown_algebraic_15x15,synth_preset,student/work/ex281_ex284_frontend_anf_davio_20260608_1426/ex283/verilog/ex283_unknown_algebraic_15x15_anf_davio_interleave.v,student/work/ex281_ex284_frontend_anf_davio_synthflow_20260608_1432/ex283/aigs/ex283_anf_davio_interleave_synth_preset.aig,1,1,1,1956,33,64548,3168,20.375000,0,0,synthflow_exact,Yosys synth preset with flatten,1.985,Yosys synth preset with flatten
ex283,ex283_order_0_14_1_13_2_12_3_11_4_10_5_9_6_8_7_abc_g_aig,unknown_shared_bdd_15x15,abc_g_aig,student/work/ex280_ex284_frontend_bdd_interleave_20260608_1120/ex283/verilog/ex283_unknown_shared_bdd_15x15_order_0_14_1_13_2_12_3_11_4_10_5_9_6_8_7.v,student/work/ex281_ex284_frontend_bdd_synthflow_20260608_1135/ex283/aigs/ex283_order_0_14_1_13_2_12_3_11_4_10_5_9_6_8_7_abc_g_aig.aig,1,1,1,1494,26,38844,3168,12.261364,0,0,synthflow_exact,Yosys abc gate set aig,0.948,Yosys abc gate set aig
ex283,ex283_order_0_14_1_13_2_12_3_11_4_10_5_9_6_8_7_abc_g_aig_d18,unknown_shared_bdd_15x15,abc_g_aig_d18,student/work/ex280_ex284_frontend_bdd_interleave_20260608_1120/ex283/verilog/ex283_unknown_shared_bdd_15x15_order_0_14_1_13_2_12_3_11_4_10_5_9_6_8_7.v,student/work/ex281_ex284_frontend_bdd_synthflow_20260608_1135/ex283/aigs/ex283_order_0_14_1_13_2_12_3_11_4_10_5_9_6_8_7_abc_g_aig_d18.aig,1,1,1,1494,26,38844,3168,12.261364,0,0,synthflow_exact,Yosys abc gate set aig delay target 18,0.944,Yosys abc gate set aig delay target 18
ex283,ex283_order_0_14_1_13_2_12_3_11_4_10_5_9_6_8_7_abc_g_aig_d19,unknown_shared_bdd_15x15,abc_g_aig_d19,student/work/ex280_ex284_frontend_bdd_interleave_20260608_1120/ex283/verilog/ex283_unknown_shared_bdd_15x15_order_0_14_1_13_2_12_3_11_4_10_5_9_6_8_7.v,student/work/ex281_ex284_frontend_bdd_synthflow_20260608_1135/ex283/aigs/ex283_order_0_14_1_13_2_12_3_11_4_10_5_9_6_8_7_abc_g_aig_d19.aig,1,1,1,1494,26,38844,3168,12.261364,0,0,synthflow_exact,Yosys abc gate set aig delay target 19,0.944,Yosys abc gate set aig delay target 19
ex283,ex283_order_0_14_1_13_2_12_3_11_4_10_5_9_6_8_7_abc_g_aig_d20,unknown_shared_bdd_15x15,abc_g_aig_d20,student/work/ex280_ex284_frontend_bdd_interleave_20260608_1120/ex283/verilog/ex283_unknown_shared_bdd_15x15_order_0_14_1_13_2_12_3_11_4_10_5_9_6_8_7.v,student/work/ex281_ex284_frontend_bdd_synthflow_20260608_1135/ex283/aigs/ex283_order_0_14_1_13_2_12_3_11_4_10_5_9_6_8_7_abc_g_aig_d20.aig,1,1,1,1494,26,38844,3168,12.261364,0,0,synthflow_exact,Yosys abc gate set aig delay target 20,0.981,Yosys abc gate set aig delay target 20
ex283,ex283_order_0_14_1_13_2_12_3_11_4_10_5_9_6_8_7_abc_g_aig_d21,unknown_shared_bdd_15x15,abc_g_aig_d21,student/work/ex280_ex284_frontend_bdd_interleave_20260608_1120/ex283/verilog/ex283_unknown_shared_bdd_15x15_order_0_14_1_13_2_12_3_11_4_10_5_9_6_8_7.v,student/work/ex281_ex284_frontend_bdd_synthflow_20260608_1135/ex283/aigs/ex283_order_0_14_1_13_2_12_3_11_4_10_5_9_6_8_7_abc_g_aig_d21.aig,1,1,1,1494,26,38844,3168,12.261364,0,0,synthflow_exact,Yosys abc gate set aig delay target 21,0.946,Yosys abc gate set aig delay target 21
ex283,ex283_order_0_14_1_13_2_12_3_11_4_10_5_9_6_8_7_abc_g_and_mux,unknown_shared_bdd_15x15,abc_g_and_mux,student/work/ex280_ex284_frontend_bdd_interleave_20260608_1120/ex283/verilog/ex283_unknown_shared_bdd_15x15_order_0_14_1_13_2_12_3_11_4_10_5_9_6_8_7.v,student/work/ex281_ex284_frontend_bdd_synthflow_20260608_1135/ex283/aigs/ex283_order_0_14_1_13_2_12_3_11_4_10_5_9_6_8_7_abc_g_and_mux.aig,1,1,1,1636,27,44172,3168,13.943182,0,0,synthflow_exact,"Yosys abc gate set AND,MUX",0.974,"Yosys abc gate set AND,MUX"
ex283,ex283_order_0_14_1_13_2_12_3_11_4_10_5_9_6_8_7_extra_opt_share,unknown_shared_bdd_15x15,extra_opt_share,student/work/ex280_ex284_frontend_bdd_interleave_20260608_1120/ex283/verilog/ex283_unknown_shared_bdd_15x15_order_0_14_1_13_2_12_3_11_4_10_5_9_6_8_7.v,student/work/ex281_ex284_frontend_bdd_synthflow_20260608_1135/ex283/aigs/ex283_order_0_14_1_13_2_12_3_11_4_10_5_9_6_8_7_extra_opt_share.aig,1,1,1,1638,27,44226,3168,13.960227,0,0,synthflow_exact,extra opt_reduce/opt_muxtree/wreduce/share before techmap,0.968,extra opt_reduce/opt_muxtree/wreduce/share before techmap
ex283,ex283_order_0_14_1_13_2_12_3_11_4_10_5_9_6_8_7_no_internal_abc,unknown_shared_bdd_15x15,no_internal_abc,student/work/ex280_ex284_frontend_bdd_interleave_20260608_1120/ex283/verilog/ex283_unknown_shared_bdd_15x15_order_0_14_1_13_2_12_3_11_4_10_5_9_6_8_7.v,student/work/ex281_ex284_frontend_bdd_synthflow_20260608_1135/ex283/aigs/ex283_order_0_14_1_13_2_12_3_11_4_10_5_9_6_8_7_no_internal_abc.aig,1,1,1,1647,28,46116,3168,14.556818,0,0,synthflow_exact,skip Yosys internal abc pass,0.791,skip Yosys internal abc pass
ex283,ex283_order_0_14_1_13_2_12_3_11_4_10_5_9_6_8_7_synth_preset,unknown_shared_bdd_15x15,synth_preset,student/work/ex280_ex284_frontend_bdd_interleave_20260608_1120/ex283/verilog/ex283_unknown_shared_bdd_15x15_order_0_14_1_13_2_12_3_11_4_10_5_9_6_8_7.v,student/work/ex281_ex284_frontend_bdd_synthflow_20260608_1135/ex283/aigs/ex283_order_0_14_1_13_2_12_3_11_4_10_5_9_6_8_7_synth_preset.aig,1,1,1,1579,26,41054,3168,12.958965,0,0,synthflow_exact,Yosys synth preset with flatten,1.169,Yosys synth preset with flatten
ex283,ex283_unknown_15x15_decision_tree_greedy,unknown_15x15,decision_tree_greedy,student/work/reverse_unknown_20260603_1812/ex283/verilog/ex283_unknown_15x15_decision_tree_greedy.v,student/work/reverse_unknown_20260603_1812/ex283/aigs/ex283_unknown_15x15_decision_tree_greedy.aig,1,1,1,25409,25,635225,3168,200.512942,0,0,structural_exact,nodes=26263; leaves=26264,88.332,unknown function structural Verilog seed
ex283,ex283_unknown_15x15_expr_default_exception,unknown_15x15,expr_default_exception,student/work/reverse_unknown_20260603_1812/ex283/verilog/ex283_unknown_15x15_expr_default_exception.v,student/work/reverse_unknown_20260603_1812/ex283/aigs/ex283_unknown_15x15_expr_default_exception.aig,1,1,1,11255,27,303885,3168,95.923295,0,0,structural_exact,expr=ones; matches=176; exceptions=32592,18.701,unknown function structural Verilog seed
ex283,ex283_unknown_15x15_high_split_default,unknown_15x15,high_split_default,student/work/reverse_unknown_20260603_1812/ex283/verilog/ex283_unknown_15x15_high_split_default.v,student/work/reverse_unknown_20260603_1812/ex283/aigs/ex283_unknown_15x15_high_split_default.aig,1,1,1,10523,22,231506,3168,73.076389,0,0,structural_exact,rotate=0; outer=high; outer_bits=8; inner_bits=7; full_default_groups=0; exceptions=30870,20.230,unknown function structural Verilog seed
ex283,ex283_unknown_15x15_low_split_default,unknown_15x15,low_split_default,student/work/reverse_unknown_20260603_1812/ex283/verilog/ex283_unknown_15x15_low_split_default.v,student/work/reverse_unknown_20260603_1812/ex283/aigs/ex283_unknown_15x15_low_split_default.aig,1,1,1,5932,22,130504,3168,41.194444,0,0,structural_exact,rotate=0; outer=low; outer_bits=7; inner_bits=8; full_default_groups=0; exceptions=31150,18.273,unknown function structural Verilog seed
ex283,ex283_unknown_15x15_rotate_high_split_default,unknown_15x15,rotate_high_split_default,student/work/reverse_unknown_20260603_1812/ex283/verilog/ex283_unknown_15x15_rotate_high_split_default.v,student/work/reverse_unknown_20260603_1812/ex283/aigs/ex283_unknown_15x15_rotate_high_split_default.aig,1,1,1,4982,20,99640,3168,31.452020,0,0,structural_exact,rotate=4; outer=high; outer_bits=8; inner_bits=7; full_default_groups=0; exceptions=30080,20.259,unknown function structural Verilog seed
ex283,ex283_unknown_15x15_rotate_low_split_default,unknown_15x15,rotate_low_split_default,student/work/reverse_unknown_20260603_1812/ex283/verilog/ex283_unknown_15x15_rotate_low_split_default.v,student/work/reverse_unknown_20260603_1812/ex283/aigs/ex283_unknown_15x15_rotate_low_split_default.aig,1,1,1,5576,20,111520,3168,35.202020,0,0,structural_exact,rotate=12; outer=low; outer_bits=7; inner_bits=8; full_default_groups=0; exceptions=30886,18.677,unknown function structural Verilog seed
ex283,ex283_unknown_15x15_value_case,unknown_15x15,value_case,student/work/reverse_unknown_20260603_1812/ex283/verilog/ex283_unknown_15x15_value_case.v,student/work/reverse_unknown_20260603_1812/ex283/aigs/ex283_unknown_15x15_value_case.aig,1,1,1,11255,27,303885,3168,95.923295,0,0,structural_exact,32768,18.102,unknown function structural Verilog seed
ex283,ex283_unknown_algebraic_15x15_anf_davio_interleave,unknown_algebraic_15x15,anf_davio_interleave,student/work/ex281_ex284_frontend_anf_davio_20260608_1426/ex283/verilog/ex283_unknown_algebraic_15x15_anf_davio_interleave.v,student/work/ex281_ex284_frontend_anf_davio_20260608_1426/ex283/aigs/ex283_unknown_algebraic_15x15_anf_davio_interleave.aig,1,1,1,1992,34,67728,3168,21.378788,0,0,structural_exact,transform=identity; total_terms=6293; unique_terms=1785; max_degree=4; max_bit_terms=929; davio_order=interleave; davio_nodes=1135,15.507,unknown function algebraic Verilog seed
ex283,ex283_unknown_algebraic_15x15_anf_shared_best_transform,unknown_algebraic_15x15,anf_shared_best_transform,student/work/ex281_ex284_frontend_anf_davio_20260608_1426/ex283/verilog/ex283_unknown_algebraic_15x15_anf_shared_best_transform.v,student/work/ex281_ex284_frontend_anf_davio_20260608_1426/ex283/aigs/ex283_unknown_algebraic_15x15_anf_shared_best_transform.aig,1,1,1,6056,48,290688,3168,91.757576,0,0,structural_exact,transform=ungray; total_terms=2834; unique_terms=791; max_degree=4; max_bit_terms=294,25.060,unknown function algebraic Verilog seed
ex283,ex283_unknown_algebraic_15x15_support_lut12_anf,unknown_algebraic_15x15,support_lut12_anf,student/work/ex281_ex284_frontend_anf_davio_20260608_1426/ex283/verilog/ex283_unknown_algebraic_15x15_support_lut12_anf.v,student/work/ex281_ex284_frontend_anf_davio_20260608_1426/ex283/aigs/ex283_unknown_algebraic_15x15_support_lut12_anf.aig,1,1,1,16751,26,435526,3168,137.476641,0,0,structural_exact,support_lut_bits=4; max_support_lut=12; max_support_seen=15; anf_total_terms=6293; anf_unique_terms=1785; anf_max_degree=4,23.255,unknown function algebraic Verilog seed
ex283,ex283_unknown_bdd_key_bit_reverse_interleave,unknown_transformed_key_bdd,bit_reverse_interleave,student/work/ex281_ex284_frontend_bdd_key_transform_20260608_1500/ex283/verilog/ex283_unknown_bdd_key_bit_reverse_interleave.v,student/work/ex281_ex284_frontend_bdd_key_transform_20260608_1500/ex283/aigs/ex283_unknown_bdd_key_bit_reverse_interleave.aig,1,1,1,1847,27,49869,3168,15.741477,0,0,structural_exact,transform=bit_reverse; order_name=interleave; order=0:14:1:13:2:12:3:11:4:10:5:9:6:8:7; bdd_nodes=1041; hash=d749410a34a5,5.375,unknown transformed-key shared-BDD Verilog seed
ex283,ex283_unknown_bdd_key_bit_reverse_natural,unknown_transformed_key_bdd,bit_reverse_natural,student/work/ex281_ex284_frontend_bdd_key_transform_20260608_1500/ex283/verilog/ex283_unknown_bdd_key_bit_reverse_natural.v,student/work/ex281_ex284_frontend_bdd_key_transform_20260608_1500/ex283/aigs/ex283_unknown_bdd_key_bit_reverse_natural.aig,1,1,1,11522,27,311094,3168,98.198864,0,0,structural_exact,transform=bit_reverse; order_name=natural; order=0:1:2:3:4:5:6:7:8:9:10:11:12:13:14; bdd_nodes=5730; hash=15b482a74513,8.903,unknown transformed-key shared-BDD Verilog seed
ex283,ex283_unknown_bdd_key_gray_interleave,unknown_transformed_key_bdd,gray_interleave,student/work/ex281_ex284_frontend_bdd_key_transform_20260608_1500/ex283/verilog/ex283_unknown_bdd_key_gray_interleave.v,student/work/ex281_ex284_frontend_bdd_key_transform_20260608_1500/ex283/aigs/ex283_unknown_bdd_key_gray_interleave.aig,1,1,1,5130,30,153900,3168,48.579545,0,0,structural_exact,transform=gray; order_name=interleave; order=0:14:1:13:2:12:3:11:4:10:5:9:6:8:7; bdd_nodes=2051; hash=9c16cd19fc0a,6.448,unknown transformed-key shared-BDD Verilog seed
ex283,ex283_unknown_bdd_key_gray_natural,unknown_transformed_key_bdd,gray_natural,student/work/ex281_ex284_frontend_bdd_key_transform_20260608_1500/ex283/verilog/ex283_unknown_bdd_key_gray_natural.v,student/work/ex281_ex284_frontend_bdd_key_transform_20260608_1500/ex283/aigs/ex283_unknown_bdd_key_gray_natural.aig,1,1,1,12194,26,317044,3168,100.077020,0,0,structural_exact,transform=gray; order_name=natural; order=0:1:2:3:4:5:6:7:8:9:10:11:12:13:14; bdd_nodes=6394; hash=a382d1b66467,9.976,unknown transformed-key shared-BDD Verilog seed
ex283,ex283_unknown_bdd_key_ungray_interleave,unknown_transformed_key_bdd,ungray_interleave,student/work/ex281_ex284_frontend_bdd_key_transform_20260608_1500/ex283/verilog/ex283_unknown_bdd_key_ungray_interleave.v,student/work/ex281_ex284_frontend_bdd_key_transform_20260608_1500/ex283/aigs/ex283_unknown_bdd_key_ungray_interleave.aig,1,1,1,2394,40,95760,3168,30.227273,0,0,structural_exact,transform=ungray; order_name=interleave; order=0:14:1:13:2:12:3:11:4:10:5:9:6:8:7; bdd_nodes=1510; hash=e9a9c93bfc32,10.201,unknown transformed-key shared-BDD Verilog seed
ex283,ex283_unknown_bdd_key_ungray_natural,unknown_transformed_key_bdd,ungray_natural,student/work/ex281_ex284_frontend_bdd_key_transform_20260608_1500/ex283/verilog/ex283_unknown_bdd_key_ungray_natural.v,student/work/ex281_ex284_frontend_bdd_key_transform_20260608_1500/ex283/aigs/ex283_unknown_bdd_key_ungray_natural.aig,1,1,1,12665,33,417945,3168,131.927083,0,0,structural_exact,transform=ungray; order_name=natural; order=0:1:2:3:4:5:6:7:8:9:10:11:12:13:14; bdd_nodes=7251; hash=eea76f984da3,10.132,unknown transformed-key shared-BDD Verilog seed
ex283,ex283_unknown_bdd_selected_support10,unknown_bdd_selected_bits,support10,student/work/ex280_ex284_frontend_bdd_selected_bits_20260608_1250/ex283/verilog/ex283_unknown_bdd_selected_support10.v,student/work/ex280_ex284_frontend_bdd_selected_bits_20260608_1250/ex283/aigs/ex283_unknown_bdd_selected_support10.aig,1,1,1,1813,28,50764,3168,16.023990,0,0,structural_exact,support_limit=10; selected_bits=0:1:2; bdd_nodes=630; bit0:support=0:1:2:3:12:14:default=0:exceptions=16; bit1:support=0:1:2:3:4:11:13:14:default=0:exceptions=128; bit2:support=0:1:2:3:4:5:10:12:13:14:default=0:exceptions=512; hash=8275aded9fcb,31.857,unknown shared-BDD with selected low-support LUT bits
ex283,ex283_unknown_bdd_selected_support8,unknown_bdd_selected_bits,support8,student/work/ex280_ex284_frontend_bdd_selected_bits_20260608_1250/ex283/verilog/ex283_unknown_bdd_selected_support8.v,student/work/ex280_ex284_frontend_bdd_selected_bits_20260608_1250/ex283/aigs/ex283_unknown_bdd_selected_support8.aig,1,1,1,1654,27,44658,3168,14.096591,0,0,structural_exact,support_limit=8; selected_bits=0:1; bdd_nodes=650; bit0:support=0:1:2:3:12:14:default=0:exceptions=16; bit1:support=0:1:2:3:4:11:13:14:default=0:exceptions=128; hash=b7acd07648e0,9.620,unknown shared-BDD with selected low-support LUT bits
ex283,ex283_unknown_cofactor_bdd_center1,unknown_cofactor_bdd,center1,student/work/ex281_ex284_frontend_bdd_cofactor_20260608_1521/ex283/verilog/ex283_unknown_cofactor_bdd_center1.v,student/work/ex281_ex284_frontend_bdd_cofactor_20260608_1521/ex283/aigs/ex283_unknown_cofactor_bdd_center1.aig,1,1,1,2478,27,66906,3168,21.119318,0,0,structural_exact,outer_bits=7; inner_bits=0:1:2:3:4:5:6:8:9:10:11:12:13:14; group_bdd_nodes=623:614; total_group_bdd_nodes=1237; hash=cccc7a4dac13,4.856,unknown function cofactor-BDD Verilog seed
ex283,ex283_unknown_cofactor_bdd_high1,unknown_cofactor_bdd,high1,student/work/ex281_ex284_frontend_bdd_cofactor_20260608_1521/ex283/verilog/ex283_unknown_cofactor_bdd_high1.v,student/work/ex281_ex284_frontend_bdd_cofactor_20260608_1521/ex283/aigs/ex283_unknown_cofactor_bdd_high1.aig,1,1,1,1624,27,43848,3168,13.840909,0,0,structural_exact,outer_bits=14; inner_bits=0:1:2:3:4:5:6:7:8:9:10:11:12:13; group_bdd_nodes=583:585; total_group_bdd_nodes=1168; hash=1d4a7d9e161b,4.676,unknown function cofactor-BDD Verilog seed
ex283,ex283_unknown_cofactor_bdd_low1,unknown_cofactor_bdd,low1,student/work/ex281_ex284_frontend_bdd_cofactor_20260608_1521/ex283/verilog/ex283_unknown_cofactor_bdd_low1.v,student/work/ex281_ex284_frontend_bdd_cofactor_20260608_1521/ex283/aigs/ex283_unknown_cofactor_bdd_low1.aig,1,1,1,1639,27,44253,3168,13.968750,0,0,structural_exact,outer_bits=0; inner_bits=1:2:3:4:5:6:7:8:9:10:11:12:13:14; group_bdd_nodes=542:606; total_group_bdd_nodes=1148; hash=4e60cc7498fd,4.648,unknown function cofactor-BDD Verilog seed
ex283,ex283_unknown_shared_bdd_15x15_order_0_14_1_13_2_12_3_11_4_10_5_9_6_8_7,unknown_shared_bdd_15x15,order_0_14_1_13_2_12_3_11_4_10_5_9_6_8_7,student/work/ex280_ex284_frontend_bdd_interleave_20260608_1120/ex283/verilog/ex283_unknown_shared_bdd_15x15_order_0_14_1_13_2_12_3_11_4_10_5_9_6_8_7.v,student/work/ex280_ex284_frontend_bdd_interleave_20260608_1120/ex283/aigs/ex283_unknown_shared_bdd_15x15_order_0_14_1_13_2_12_3_11_4_10_5_9_6_8_7.aig,1,1,1,1638,27,44226,3168,13.960227,0,0,structural_exact,order_name=order_0_14_1_13_2_12_3_11_4_10_5_9_6_8_7; order=0:14:1:13:2:12:3:11:4:10:5:9:6:8:7; bdd_nodes=672,4.636,unknown function shared-BDD Verilog seed
ex284,ex284_anf_davio_interleave_abc_g_aig,unknown_algebraic_16x16,abc_g_aig,student/work/ex281_ex284_frontend_anf_davio_20260608_1426/ex284/verilog/ex284_unknown_algebraic_16x16_anf_davio_interleave.v,student/work/ex281_ex284_frontend_anf_davio_synthflow_20260608_1432/ex284/aigs/ex284_anf_davio_interleave_abc_g_aig.aig,1,1,1,1749,38,66462,4240,15.675000,0,0,synthflow_exact,Yosys abc gate set aig,2.316,Yosys abc gate set aig
ex284,ex284_anf_davio_interleave_abc_g_aig_d20,unknown_algebraic_16x16,abc_g_aig_d20,student/work/ex281_ex284_frontend_anf_davio_20260608_1426/ex284/verilog/ex284_unknown_algebraic_16x16_anf_davio_interleave.v,student/work/ex281_ex284_frontend_anf_davio_synthflow_20260608_1432/ex284/aigs/ex284_anf_davio_interleave_abc_g_aig_d20.aig,1,1,1,1749,38,66462,4240,15.675000,0,0,synthflow_exact,Yosys abc gate set aig delay target 20,2.037,Yosys abc gate set aig delay target 20
ex284,ex284_anf_davio_interleave_extra_opt_share,unknown_algebraic_16x16,extra_opt_share,student/work/ex281_ex284_frontend_anf_davio_20260608_1426/ex284/verilog/ex284_unknown_algebraic_16x16_anf_davio_interleave.v,student/work/ex281_ex284_frontend_anf_davio_synthflow_20260608_1432/ex284/aigs/ex284_anf_davio_interleave_extra_opt_share.aig,1,1,1,2198,38,83524,4240,19.699057,0,0,synthflow_exact,extra opt_reduce/opt_muxtree/wreduce/share before techmap,2.035,extra opt_reduce/opt_muxtree/wreduce/share before techmap
ex284,ex284_anf_davio_interleave_synth_preset,unknown_algebraic_16x16,synth_preset,student/work/ex281_ex284_frontend_anf_davio_20260608_1426/ex284/verilog/ex284_unknown_algebraic_16x16_anf_davio_interleave.v,student/work/ex281_ex284_frontend_anf_davio_synthflow_20260608_1432/ex284/aigs/ex284_anf_davio_interleave_synth_preset.aig,1,1,1,2191,38,83258,4240,19.636321,0,0,synthflow_exact,Yosys synth preset with flatten,2.282,Yosys synth preset with flatten
ex284,ex284_order_0_15_1_14_2_13_3_12_4_11_5_10_6_9_7_8_abc_g_aig,unknown_shared_bdd_16x16,abc_g_aig,student/work/ex280_ex284_frontend_bdd_interleave_20260608_1120/ex284/verilog/ex284_unknown_shared_bdd_16x16_order_0_15_1_14_2_13_3_12_4_11_5_10_6_9_7_8.v,student/work/ex281_ex284_frontend_bdd_synthflow_20260608_1135/ex284/aigs/ex284_order_0_15_1_14_2_13_3_12_4_11_5_10_6_9_7_8_abc_g_aig.aig,1,1,1,1727,29,50083,4240,11.812028,0,0,synthflow_exact,Yosys abc gate set aig,1.790,Yosys abc gate set aig
ex284,ex284_order_0_15_1_14_2_13_3_12_4_11_5_10_6_9_7_8_abc_g_aig_d18,unknown_shared_bdd_16x16,abc_g_aig_d18,student/work/ex280_ex284_frontend_bdd_interleave_20260608_1120/ex284/verilog/ex284_unknown_shared_bdd_16x16_order_0_15_1_14_2_13_3_12_4_11_5_10_6_9_7_8.v,student/work/ex281_ex284_frontend_bdd_synthflow_20260608_1135/ex284/aigs/ex284_order_0_15_1_14_2_13_3_12_4_11_5_10_6_9_7_8_abc_g_aig_d18.aig,1,1,1,1727,29,50083,4240,11.812028,0,0,synthflow_exact,Yosys abc gate set aig delay target 18,1.787,Yosys abc gate set aig delay target 18
ex284,ex284_order_0_15_1_14_2_13_3_12_4_11_5_10_6_9_7_8_abc_g_aig_d19,unknown_shared_bdd_16x16,abc_g_aig_d19,student/work/ex280_ex284_frontend_bdd_interleave_20260608_1120/ex284/verilog/ex284_unknown_shared_bdd_16x16_order_0_15_1_14_2_13_3_12_4_11_5_10_6_9_7_8.v,student/work/ex281_ex284_frontend_bdd_synthflow_20260608_1135/ex284/aigs/ex284_order_0_15_1_14_2_13_3_12_4_11_5_10_6_9_7_8_abc_g_aig_d19.aig,1,1,1,1727,29,50083,4240,11.812028,0,0,synthflow_exact,Yosys abc gate set aig delay target 19,1.793,Yosys abc gate set aig delay target 19
ex284,ex284_order_0_15_1_14_2_13_3_12_4_11_5_10_6_9_7_8_abc_g_aig_d20,unknown_shared_bdd_16x16,abc_g_aig_d20,student/work/ex280_ex284_frontend_bdd_interleave_20260608_1120/ex284/verilog/ex284_unknown_shared_bdd_16x16_order_0_15_1_14_2_13_3_12_4_11_5_10_6_9_7_8.v,student/work/ex281_ex284_frontend_bdd_synthflow_20260608_1135/ex284/aigs/ex284_order_0_15_1_14_2_13_3_12_4_11_5_10_6_9_7_8_abc_g_aig_d20.aig,1,1,1,1727,29,50083,4240,11.812028,0,0,synthflow_exact,Yosys abc gate set aig delay target 20,1.776,Yosys abc gate set aig delay target 20
ex284,ex284_order_0_15_1_14_2_13_3_12_4_11_5_10_6_9_7_8_abc_g_aig_d21,unknown_shared_bdd_16x16,abc_g_aig_d21,student/work/ex280_ex284_frontend_bdd_interleave_20260608_1120/ex284/verilog/ex284_unknown_shared_bdd_16x16_order_0_15_1_14_2_13_3_12_4_11_5_10_6_9_7_8.v,student/work/ex281_ex284_frontend_bdd_synthflow_20260608_1135/ex284/aigs/ex284_order_0_15_1_14_2_13_3_12_4_11_5_10_6_9_7_8_abc_g_aig_d21.aig,1,1,1,1727,29,50083,4240,11.812028,0,0,synthflow_exact,Yosys abc gate set aig delay target 21,1.797,Yosys abc gate set aig delay target 21
ex284,ex284_order_0_15_1_14_2_13_3_12_4_11_5_10_6_9_7_8_abc_g_and_mux,unknown_shared_bdd_16x16,abc_g_and_mux,student/work/ex280_ex284_frontend_bdd_interleave_20260608_1120/ex284/verilog/ex284_unknown_shared_bdd_16x16_order_0_15_1_14_2_13_3_12_4_11_5_10_6_9_7_8.v,student/work/ex281_ex284_frontend_bdd_synthflow_20260608_1135/ex284/aigs/ex284_order_0_15_1_14_2_13_3_12_4_11_5_10_6_9_7_8_abc_g_and_mux.aig,1,1,1,1829,30,54870,4240,12.941038,0,0,synthflow_exact,"Yosys abc gate set AND,MUX",1.799,"Yosys abc gate set AND,MUX"
ex284,ex284_order_0_15_1_14_2_13_3_12_4_11_5_10_6_9_7_8_extra_opt_share,unknown_shared_bdd_16x16,extra_opt_share,student/work/ex280_ex284_frontend_bdd_interleave_20260608_1120/ex284/verilog/ex284_unknown_shared_bdd_16x16_order_0_15_1_14_2_13_3_12_4_11_5_10_6_9_7_8.v,student/work/ex281_ex284_frontend_bdd_synthflow_20260608_1135/ex284/aigs/ex284_order_0_15_1_14_2_13_3_12_4_11_5_10_6_9_7_8_extra_opt_share.aig,1,1,1,1826,29,52954,4240,12.489151,0,0,synthflow_exact,extra opt_reduce/opt_muxtree/wreduce/share before techmap,1.793,extra opt_reduce/opt_muxtree/wreduce/share before techmap
ex284,ex284_order_0_15_1_14_2_13_3_12_4_11_5_10_6_9_7_8_no_internal_abc,unknown_shared_bdd_16x16,no_internal_abc,student/work/ex280_ex284_frontend_bdd_interleave_20260608_1120/ex284/verilog/ex284_unknown_shared_bdd_16x16_order_0_15_1_14_2_13_3_12_4_11_5_10_6_9_7_8.v,student/work/ex281_ex284_frontend_bdd_synthflow_20260608_1135/ex284/aigs/ex284_order_0_15_1_14_2_13_3_12_4_11_5_10_6_9_7_8_no_internal_abc.aig,1,1,1,1891,30,56730,4240,13.379717,0,0,synthflow_exact,skip Yosys internal abc pass,1.576,skip Yosys internal abc pass
ex284,ex284_order_0_15_1_14_2_13_3_12_4_11_5_10_6_9_7_8_synth_preset,unknown_shared_bdd_16x16,synth_preset,student/work/ex280_ex284_frontend_bdd_interleave_20260608_1120/ex284/verilog/ex284_unknown_shared_bdd_16x16_order_0_15_1_14_2_13_3_12_4_11_5_10_6_9_7_8.v,student/work/ex281_ex284_frontend_bdd_synthflow_20260608_1135/ex284/aigs/ex284_order_0_15_1_14_2_13_3_12_4_11_5_10_6_9_7_8_synth_preset.aig,1,1,1,1762,30,52860,4240,12.466981,0,0,synthflow_exact,Yosys synth preset with flatten,2.007,Yosys synth preset with flatten
ex284,ex284_unknown_16x16_decision_tree_greedy,unknown_16x16,decision_tree_greedy,student/work/reverse_unknown_20260603_1812/ex284/verilog/ex284_unknown_16x16_decision_tree_greedy.v,student/work/reverse_unknown_20260603_1812/ex284/aigs/ex284_unknown_16x16_decision_tree_greedy.aig,1,1,1,44645,28,1250060,4240,294.825472,0,0,structural_exact,nodes=52628; leaves=52629,172.067,unknown function structural Verilog seed
ex284,ex284_unknown_16x16_expr_default_exception,unknown_16x16,expr_default_exception,student/work/reverse_unknown_20260603_1812/ex284/verilog/ex284_unknown_16x16_expr_default_exception.v,student/work/reverse_unknown_20260603_1812/ex284/aigs/ex284_unknown_16x16_expr_default_exception.aig,1,1,1,15698,29,455242,4240,107.368396,0,0,structural_exact,expr=ones; matches=204; exceptions=65332,34.109,unknown function structural Verilog seed
ex284,ex284_unknown_16x16_high_split_default,unknown_16x16,high_split_default,student/work/reverse_unknown_20260603_1812/ex284/verilog/ex284_unknown_16x16_high_split_default.v,student/work/reverse_unknown_20260603_1812/ex284/aigs/ex284_unknown_16x16_high_split_default.aig,1,1,1,14944,24,358656,4240,84.588679,0,0,structural_exact,rotate=0; outer=high; outer_bits=8; inner_bits=8; full_default_groups=0; exceptions=62944,37.951,unknown function structural Verilog seed
ex284,ex284_unknown_16x16_low_split_default,unknown_16x16,low_split_default,student/work/reverse_unknown_20260603_1812/ex284/verilog/ex284_unknown_16x16_low_split_default.v,student/work/reverse_unknown_20260603_1812/ex284/aigs/ex284_unknown_16x16_low_split_default.aig,1,1,1,11004,23,253092,4240,59.691509,0,0,structural_exact,rotate=0; outer=low; outer_bits=8; inner_bits=8; full_default_groups=0; exceptions=62643,38.763,unknown function structural Verilog seed
ex284,ex284_unknown_16x16_rotate_high_split_default,unknown_16x16,rotate_high_split_default,student/work/reverse_unknown_20260603_1812/ex284/verilog/ex284_unknown_16x16_rotate_high_split_default.v,student/work/reverse_unknown_20260603_1812/ex284/aigs/ex284_unknown_16x16_rotate_high_split_default.aig,1,1,1,4831,20,96620,4240,22.787736,0,0,structural_exact,rotate=4; outer=high; outer_bits=8; inner_bits=8; full_default_groups=0; exceptions=61947,34.490,unknown function structural Verilog seed
ex284,ex284_unknown_16x16_rotate_low_split_default,unknown_16x16,rotate_low_split_default,student/work/reverse_unknown_20260603_1812/ex284/verilog/ex284_unknown_16x16_rotate_low_split_default.v,student/work/reverse_unknown_20260603_1812/ex284/aigs/ex284_unknown_16x16_rotate_low_split_default.aig,1,1,1,4831,20,96620,4240,22.787736,0,0,structural_exact,rotate=12; outer=low; outer_bits=8; inner_bits=8; full_default_groups=0; exceptions=61947,35.414,unknown function structural Verilog seed
ex284,ex284_unknown_16x16_value_case,unknown_16x16,value_case,student/work/reverse_unknown_20260603_1812/ex284/verilog/ex284_unknown_16x16_value_case.v,student/work/reverse_unknown_20260603_1812/ex284/aigs/ex284_unknown_16x16_value_case.aig,1,1,1,15698,29,455242,4240,107.368396,0,0,structural_exact,65536,33.521,unknown function structural Verilog seed
ex284,ex284_unknown_algebraic_16x16_anf_davio_interleave,unknown_algebraic_16x16,anf_davio_interleave,student/work/ex281_ex284_frontend_anf_davio_20260608_1426/ex284/verilog/ex284_unknown_algebraic_16x16_anf_davio_interleave.v,student/work/ex281_ex284_frontend_anf_davio_20260608_1426/ex284/aigs/ex284_unknown_algebraic_16x16_anf_davio_interleave.aig,1,1,1,2198,38,83524,4240,19.699057,0,0,structural_exact,transform=identity; total_terms=7732; unique_terms=2319; max_degree=4; max_bit_terms=1195; davio_order=interleave; davio_nodes=1259,38.574,unknown function algebraic Verilog seed
ex284,ex284_unknown_algebraic_16x16_anf_shared_best_transform,unknown_algebraic_16x16,anf_shared_best_transform,student/work/ex281_ex284_frontend_anf_davio_20260608_1426/ex284/verilog/ex284_unknown_algebraic_16x16_anf_shared_best_transform.v,student/work/ex281_ex284_frontend_anf_davio_20260608_1426/ex284/aigs/ex284_unknown_algebraic_16x16_anf_shared_best_transform.aig,1,1,1,7175,48,344400,4240,81.226415,0,0,structural_exact,transform=ungray; total_terms=3382; unique_terms=953; max_degree=4; max_bit_terms=332,56.523,unknown function algebraic Verilog seed
ex284,ex284_unknown_algebraic_16x16_support_lut12_anf,unknown_algebraic_16x16,support_lut12_anf,student/work/ex281_ex284_frontend_anf_davio_20260608_1426/ex284/verilog/ex284_unknown_algebraic_16x16_support_lut12_anf.v,student/work/ex281_ex284_frontend_anf_davio_20260608_1426/ex284/aigs/ex284_unknown_algebraic_16x16_support_lut12_anf.aig,1,1,1,19355,26,503230,4240,118.686321,0,0,structural_exact,support_lut_bits=4; max_support_lut=12; max_support_seen=16; anf_total_terms=7732; anf_unique_terms=2319; anf_max_degree=4,46.615,unknown function algebraic Verilog seed
ex284,ex284_unknown_bdd_key_bit_reverse_interleave,unknown_transformed_key_bdd,bit_reverse_interleave,student/work/ex281_ex284_frontend_bdd_key_transform_20260608_1500/ex284/verilog/ex284_unknown_bdd_key_bit_reverse_interleave.v,student/work/ex281_ex284_frontend_bdd_key_transform_20260608_1500/ex284/aigs/ex284_unknown_bdd_key_bit_reverse_interleave.aig,1,1,1,2103,29,60987,4240,14.383726,0,0,structural_exact,transform=bit_reverse; order_name=interleave; order=0:15:1:14:2:13:3:12:4:11:5:10:6:9:7:8; bdd_nodes=1189; hash=b74e17739485,11.581,unknown transformed-key shared-BDD Verilog seed
ex284,ex284_unknown_bdd_key_bit_reverse_natural,unknown_transformed_key_bdd,bit_reverse_natural,student/work/ex281_ex284_frontend_bdd_key_transform_20260608_1500/ex284/verilog/ex284_unknown_bdd_key_bit_reverse_natural.v,student/work/ex281_ex284_frontend_bdd_key_transform_20260608_1500/ex284/aigs/ex284_unknown_bdd_key_bit_reverse_natural.aig,1,1,1,15982,29,463478,4240,109.310849,0,0,structural_exact,transform=bit_reverse; order_name=natural; order=0:1:2:3:4:5:6:7:8:9:10:11:12:13:14:15; bdd_nodes=7780; hash=cb9321e08e88,18.534,unknown transformed-key shared-BDD Verilog seed
ex284,ex284_unknown_bdd_key_gray_interleave,unknown_transformed_key_bdd,gray_interleave,student/work/ex281_ex284_frontend_bdd_key_transform_20260608_1500/ex284/verilog/ex284_unknown_bdd_key_gray_interleave.v,student/work/ex281_ex284_frontend_bdd_key_transform_20260608_1500/ex284/aigs/ex284_unknown_bdd_key_gray_interleave.aig,1,1,1,5991,32,191712,4240,45.215094,0,0,structural_exact,transform=gray; order_name=interleave; order=0:15:1:14:2:13:3:12:4:11:5:10:6:9:7:8; bdd_nodes=2183; hash=2f411be661ae,12.934,unknown transformed-key shared-BDD Verilog seed
ex284,ex284_unknown_bdd_key_gray_natural,unknown_transformed_key_bdd,gray_natural,student/work/ex281_ex284_frontend_bdd_key_transform_20260608_1500/ex284/verilog/ex284_unknown_bdd_key_gray_natural.v,student/work/ex281_ex284_frontend_bdd_key_transform_20260608_1500/ex284/aigs/ex284_unknown_bdd_key_gray_natural.aig,1,1,1,16428,29,476412,4240,112.361321,0,0,structural_exact,transform=gray; order_name=natural; order=0:1:2:3:4:5:6:7:8:9:10:11:12:13:14:15; bdd_nodes=8564; hash=e9d92c736b11,19.254,unknown transformed-key shared-BDD Verilog seed
ex284,ex284_unknown_bdd_key_ungray_interleave,unknown_transformed_key_bdd,ungray_interleave,student/work/ex281_ex284_frontend_bdd_key_transform_20260608_1500/ex284/verilog/ex284_unknown_bdd_key_ungray_interleave.v,student/work/ex281_ex284_frontend_bdd_key_transform_20260608_1500/ex284/aigs/ex284_unknown_bdd_key_ungray_interleave.aig,1,1,1,2761,43,118723,4240,28.000708,0,0,structural_exact,transform=ungray; order_name=interleave; order=0:15:1:14:2:13:3:12:4:11:5:10:6:9:7:8; bdd_nodes=1752; hash=86b6bf0de618,11.933,unknown transformed-key shared-BDD Verilog seed
ex284,ex284_unknown_bdd_key_ungray_natural,unknown_transformed_key_bdd,ungray_natural,student/work/ex281_ex284_frontend_bdd_key_transform_20260608_1500/ex284/verilog/ex284_unknown_bdd_key_ungray_natural.v,student/work/ex281_ex284_frontend_bdd_key_transform_20260608_1500/ex284/aigs/ex284_unknown_bdd_key_ungray_natural.aig,1,1,1,18474,35,646590,4240,152.497642,0,0,structural_exact,transform=ungray; order_name=natural; order=0:1:2:3:4:5:6:7:8:9:10:11:12:13:14:15; bdd_nodes=10190; hash=23f2da1e76be,19.331,unknown transformed-key shared-BDD Verilog seed
ex284,ex284_unknown_bdd_selected_support10,unknown_bdd_selected_bits,support10,student/work/ex280_ex284_frontend_bdd_selected_bits_20260608_1250/ex284/verilog/ex284_unknown_bdd_selected_support10.v,student/work/ex280_ex284_frontend_bdd_selected_bits_20260608_1250/ex284/aigs/ex284_unknown_bdd_selected_support10.aig,1,1,1,2146,29,62234,4240,14.677830,0,0,structural_exact,support_limit=10; selected_bits=0:1:2; bdd_nodes=716; bit0:support=0:1:2:3:13:15:default=0:exceptions=16; bit1:support=0:1:2:3:4:12:14:15:default=0:exceptions=128; bit2:support=0:1:2:3:4:5:11:13:14:15:default=0:exceptions=512; hash=8db7978a2b57,63.770,unknown shared-BDD with selected low-support LUT bits
ex284,ex284_unknown_bdd_selected_support8,unknown_bdd_selected_bits,support8,student/work/ex280_ex284_frontend_bdd_selected_bits_20260608_1250/ex284/verilog/ex284_unknown_bdd_selected_support8.v,student/work/ex280_ex284_frontend_bdd_selected_bits_20260608_1250/ex284/aigs/ex284_unknown_bdd_selected_support8.aig,1,1,1,1977,29,57333,4240,13.521934,0,0,structural_exact,support_limit=8; selected_bits=0:1; bdd_nodes=736; bit0:support=0:1:2:3:13:15:default=0:exceptions=16; bit1:support=0:1:2:3:4:12:14:15:default=0:exceptions=128; hash=d730a527cec3,20.142,unknown shared-BDD with selected low-support LUT bits
ex284,ex284_unknown_cofactor_bdd_center1,unknown_cofactor_bdd,center1,student/work/ex281_ex284_frontend_bdd_cofactor_20260608_1521/ex284/verilog/ex284_unknown_cofactor_bdd_center1.v,student/work/ex281_ex284_frontend_bdd_cofactor_20260608_1521/ex284/aigs/ex284_unknown_cofactor_bdd_center1.aig,1,1,1,2926,29,84854,4240,20.012736,0,0,structural_exact,outer_bits=7; inner_bits=0:1:2:3:4:5:6:8:9:10:11:12:13:14:15; group_bdd_nodes=703:703; total_group_bdd_nodes=1406; hash=dcd27ff88bda,10.620,unknown function cofactor-BDD Verilog seed
ex284,ex284_unknown_cofactor_bdd_high1,unknown_cofactor_bdd,high1,student/work/ex281_ex284_frontend_bdd_cofactor_20260608_1521/ex284/verilog/ex284_unknown_cofactor_bdd_high1.v,student/work/ex281_ex284_frontend_bdd_cofactor_20260608_1521/ex284/aigs/ex284_unknown_cofactor_bdd_high1.aig,1,1,1,1912,30,57360,4240,13.528302,0,0,structural_exact,outer_bits=15; inner_bits=0:1:2:3:4:5:6:7:8:9:10:11:12:13:14; group_bdd_nodes=666:668; total_group_bdd_nodes=1334; hash=a5c995acf80d,10.047,unknown function cofactor-BDD Verilog seed
ex284,ex284_unknown_cofactor_bdd_low1,unknown_cofactor_bdd,low1,student/work/ex281_ex284_frontend_bdd_cofactor_20260608_1521/ex284/verilog/ex284_unknown_cofactor_bdd_low1.v,student/work/ex281_ex284_frontend_bdd_cofactor_20260608_1521/ex284/aigs/ex284_unknown_cofactor_bdd_low1.aig,1,1,1,1832,29,53128,4240,12.530189,0,0,structural_exact,outer_bits=0; inner_bits=1:2:3:4:5:6:7:8:9:10:11:12:13:14:15; group_bdd_nodes=622:690; total_group_bdd_nodes=1312; hash=ce08d6dbffc0,9.775,unknown function cofactor-BDD Verilog seed
ex284,ex284_unknown_shared_bdd_16x16_order_0_15_1_14_2_13_3_12_4_11_5_10_6_9_7_8,unknown_shared_bdd_16x16,order_0_15_1_14_2_13_3_12_4_11_5_10_6_9_7_8,student/work/ex280_ex284_frontend_bdd_interleave_20260608_1120/ex284/verilog/ex284_unknown_shared_bdd_16x16_order_0_15_1_14_2_13_3_12_4_11_5_10_6_9_7_8.v,student/work/ex280_ex284_frontend_bdd_interleave_20260608_1120/ex284/aigs/ex284_unknown_shared_bdd_16x16_order_0_15_1_14_2_13_3_12_4_11_5_10_6_9_7_8.aig,1,1,1,1826,29,52954,4240,12.489151,0,0,structural_exact,order_name=order_0_15_1_14_2_13_3_12_4_11_5_10_6_9_7_8; order=0:15:1:14:2:13:3:12:4:11:5:10:6:9:7:8; bdd_nodes=758,10.080,unknown function shared-BDD Verilog seed
ex285,ex285_decision_tree_greedy_abc_d20,unknown_12x12,abc_d20,student/work/reverse_unknown_20260603_1812/ex285/verilog/ex285_unknown_12x12_decision_tree_greedy.v,student/work/ex285_ex287_ex295_ex297_ex299_frontend_current_synthflow_20260608_1350/ex285/aigs/ex285_decision_tree_greedy_abc_d20.aig,1,1,1,818,17,13906,5499,2.528823,0,0,synthflow_exact,Yosys abc delay target 20,7.135,Yosys abc delay target 20
ex285,ex285_decision_tree_greedy_abc_d21,unknown_12x12,abc_d21,student/work/reverse_unknown_20260603_1812/ex285/verilog/ex285_unknown_12x12_decision_tree_greedy.v,student/work/ex285_ex287_ex295_ex297_ex299_frontend_current_synthflow_20260608_1350/ex285/aigs/ex285_decision_tree_greedy_abc_d21.aig,1,1,1,818,17,13906,5499,2.528823,0,0,synthflow_exact,Yosys abc delay target 21,7.688,Yosys abc delay target 21
ex285,ex285_decision_tree_greedy_abc_d22,unknown_12x12,abc_d22,student/work/reverse_unknown_20260603_1812/ex285/verilog/ex285_unknown_12x12_decision_tree_greedy.v,student/work/ex285_ex287_ex295_ex297_ex299_frontend_current_synthflow_20260608_1350/ex285/aigs/ex285_decision_tree_greedy_abc_d22.aig,1,1,1,818,17,13906,5499,2.528823,0,0,synthflow_exact,Yosys abc delay target 22,7.752,Yosys abc delay target 22
ex285,ex285_decision_tree_greedy_abc_d24,unknown_12x12,abc_d24,student/work/reverse_unknown_20260603_1812/ex285/verilog/ex285_unknown_12x12_decision_tree_greedy.v,student/work/ex285_ex287_ex295_ex297_ex299_frontend_current_synthflow_20260608_1350/ex285/aigs/ex285_decision_tree_greedy_abc_d24.aig,1,1,1,818,17,13906,5499,2.528823,0,0,synthflow_exact,Yosys abc delay target 24,7.068,Yosys abc delay target 24
ex285,ex285_decision_tree_greedy_abc_fast,unknown_12x12,abc_fast,student/work/reverse_unknown_20260603_1812/ex285/verilog/ex285_unknown_12x12_decision_tree_greedy.v,student/work/ex285_ex287_ex295_ex297_ex299_frontend_current_synthflow_20260608_1350/ex285/aigs/ex285_decision_tree_greedy_abc_fast.aig,1,1,1,1174,22,25828,5499,4.696854,0,0,synthflow_exact,Yosys abc fast script,6.895,Yosys abc fast script
ex285,ex285_decision_tree_greedy_abc_g_aig,unknown_12x12,abc_g_aig,student/work/reverse_unknown_20260603_1812/ex285/verilog/ex285_unknown_12x12_decision_tree_greedy.v,student/work/ex285_ex287_ex295_ex297_ex299_frontend_current_synthflow_20260608_1350/ex285/aigs/ex285_decision_tree_greedy_abc_g_aig.aig,1,1,1,807,17,13719,5499,2.494817,0,0,synthflow_exact,Yosys abc gate set aig,6.919,Yosys abc gate set aig
ex285,ex285_decision_tree_greedy_abc_g_aig_d18,unknown_12x12,abc_g_aig_d18,student/work/reverse_unknown_20260603_1812/ex285/verilog/ex285_unknown_12x12_decision_tree_greedy.v,student/work/ex285_ex287_ex295_ex297_ex299_frontend_current_synthflow_20260608_1350/ex285/aigs/ex285_decision_tree_greedy_abc_g_aig_d18.aig,1,1,1,807,17,13719,5499,2.494817,0,0,synthflow_exact,Yosys abc gate set aig delay target 18,7.224,Yosys abc gate set aig delay target 18
ex285,ex285_decision_tree_greedy_abc_g_aig_d19,unknown_12x12,abc_g_aig_d19,student/work/reverse_unknown_20260603_1812/ex285/verilog/ex285_unknown_12x12_decision_tree_greedy.v,student/work/ex285_ex287_ex295_ex297_ex299_frontend_current_synthflow_20260608_1350/ex285/aigs/ex285_decision_tree_greedy_abc_g_aig_d19.aig,1,1,1,807,17,13719,5499,2.494817,0,0,synthflow_exact,Yosys abc gate set aig delay target 19,7.104,Yosys abc gate set aig delay target 19
ex285,ex285_decision_tree_greedy_abc_g_aig_d20,unknown_12x12,abc_g_aig_d20,student/work/reverse_unknown_20260603_1812/ex285/verilog/ex285_unknown_12x12_decision_tree_greedy.v,student/work/ex285_ex287_ex295_ex297_ex299_frontend_current_synthflow_20260608_1350/ex285/aigs/ex285_decision_tree_greedy_abc_g_aig_d20.aig,1,1,1,807,17,13719,5499,2.494817,0,0,synthflow_exact,Yosys abc gate set aig delay target 20,7.703,Yosys abc gate set aig delay target 20
ex285,ex285_decision_tree_greedy_abc_g_aig_d21,unknown_12x12,abc_g_aig_d21,student/work/reverse_unknown_20260603_1812/ex285/verilog/ex285_unknown_12x12_decision_tree_greedy.v,student/work/ex285_ex287_ex295_ex297_ex299_frontend_current_synthflow_20260608_1350/ex285/aigs/ex285_decision_tree_greedy_abc_g_aig_d21.aig,1,1,1,807,17,13719,5499,2.494817,0,0,synthflow_exact,Yosys abc gate set aig delay target 21,7.267,Yosys abc gate set aig delay target 21
ex285,ex285_decision_tree_greedy_abc_g_and_mux,unknown_12x12,abc_g_and_mux,student/work/reverse_unknown_20260603_1812/ex285/verilog/ex285_unknown_12x12_decision_tree_greedy.v,student/work/ex285_ex287_ex295_ex297_ex299_frontend_current_synthflow_20260608_1350/ex285/aigs/ex285_decision_tree_greedy_abc_g_and_mux.aig,1,1,1,836,20,16720,5499,3.040553,0,0,synthflow_exact,"Yosys abc gate set AND,MUX",6.907,"Yosys abc gate set AND,MUX"
ex285,ex285_decision_tree_greedy_abc_g_cmos2,unknown_12x12,abc_g_cmos2,student/work/reverse_unknown_20260603_1812/ex285/verilog/ex285_unknown_12x12_decision_tree_greedy.v,student/work/ex285_ex287_ex295_ex297_ex299_frontend_current_synthflow_20260608_1350/ex285/aigs/ex285_decision_tree_greedy_abc_g_cmos2.aig,1,1,1,816,18,14688,5499,2.671031,0,0,synthflow_exact,Yosys abc gate set cmos2,7.151,Yosys abc gate set cmos2
ex285,ex285_decision_tree_greedy_abc_g_gates,unknown_12x12,abc_g_gates,student/work/reverse_unknown_20260603_1812/ex285/verilog/ex285_unknown_12x12_decision_tree_greedy.v,student/work/ex285_ex287_ex295_ex297_ex299_frontend_current_synthflow_20260608_1350/ex285/aigs/ex285_decision_tree_greedy_abc_g_gates.aig,1,1,1,807,17,13719,5499,2.494817,0,0,synthflow_exact,Yosys abc gate set gates,7.029,Yosys abc gate set gates
ex285,ex285_decision_tree_greedy_abc_g_simple,unknown_12x12,abc_g_simple,student/work/reverse_unknown_20260603_1812/ex285/verilog/ex285_unknown_12x12_decision_tree_greedy.v,student/work/ex285_ex287_ex295_ex297_ex299_frontend_current_synthflow_20260608_1350/ex285/aigs/ex285_decision_tree_greedy_abc_g_simple.aig,1,1,1,817,19,15523,5499,2.822877,0,0,synthflow_exact,Yosys abc gate set simple,6.957,Yosys abc gate set simple
ex285,ex285_decision_tree_greedy_default_recheck,unknown_12x12,default_recheck,student/work/reverse_unknown_20260603_1812/ex285/verilog/ex285_unknown_12x12_decision_tree_greedy.v,student/work/ex285_ex287_ex295_ex297_ex299_frontend_current_synthflow_20260608_1350/ex285/aigs/ex285_decision_tree_greedy_default_recheck.aig,1,1,1,818,17,13906,5499,2.528823,0,0,synthflow_exact,current project Yosys script sanity recheck,7.268,current project Yosys script sanity recheck
ex285,ex285_decision_tree_greedy_extra_opt_share,unknown_12x12,extra_opt_share,student/work/reverse_unknown_20260603_1812/ex285/verilog/ex285_unknown_12x12_decision_tree_greedy.v,student/work/ex285_ex287_ex295_ex297_ex299_frontend_current_synthflow_20260608_1350/ex285/aigs/ex285_decision_tree_greedy_extra_opt_share.aig,1,1,1,819,17,13923,5499,2.531915,0,0,synthflow_exact,extra opt_reduce/opt_muxtree/wreduce/share before techmap,7.319,extra opt_reduce/opt_muxtree/wreduce/share before techmap
ex285,ex285_decision_tree_greedy_late_flatten,unknown_12x12,late_flatten,student/work/reverse_unknown_20260603_1812/ex285/verilog/ex285_unknown_12x12_decision_tree_greedy.v,student/work/ex285_ex287_ex295_ex297_ex299_frontend_current_synthflow_20260608_1350/ex285/aigs/ex285_decision_tree_greedy_late_flatten.aig,1,1,1,818,17,13906,5499,2.528823,0,0,synthflow_exact,move flatten after techmap,7.040,move flatten after techmap
ex285,ex285_decision_tree_greedy_no_internal_abc,unknown_12x12,no_internal_abc,student/work/reverse_unknown_20260603_1812/ex285/verilog/ex285_unknown_12x12_decision_tree_greedy.v,student/work/ex285_ex287_ex295_ex297_ex299_frontend_current_synthflow_20260608_1350/ex285/aigs/ex285_decision_tree_greedy_no_internal_abc.aig,1,1,1,1219,22,26818,5499,4.876887,0,0,synthflow_exact,skip Yosys internal abc pass,6.861,skip Yosys internal abc pass
ex285,ex285_decision_tree_greedy_synth_preset,unknown_12x12,synth_preset,student/work/reverse_unknown_20260603_1812/ex285/verilog/ex285_unknown_12x12_decision_tree_greedy.v,student/work/ex285_ex287_ex295_ex297_ex299_frontend_current_synthflow_20260608_1350/ex285/aigs/ex285_decision_tree_greedy_synth_preset.aig,1,1,1,775,17,13175,5499,2.395890,0,0,synthflow_exact,Yosys synth preset with flatten,11.717,Yosys synth preset with flatten
ex285,ex285_decision_tree_greedy_synth_preset_noabc,unknown_12x12,synth_preset_noabc,student/work/reverse_unknown_20260603_1812/ex285/verilog/ex285_unknown_12x12_decision_tree_greedy.v,student/work/ex285_ex287_ex295_ex297_ex299_frontend_current_synthflow_20260608_1350/ex285/aigs/ex285_decision_tree_greedy_synth_preset_noabc.aig,1,1,1,1689,22,37158,5499,6.757229,0,0,synthflow_exact,Yosys synth preset without abc,11.830,Yosys synth preset without abc
ex285,ex285_interleave_f10_abc_g_aig,unknown_symmetry_canonical_bdd,abc_g_aig,student/work/ex285_ex289_frontend_symmetry_bdd_20260608_1429/ex285/verilog/ex285_unknown_symbdd_interleave_f10.v,student/work/ex285_ex289_frontend_symmetry_bdd_synthflow_20260608_1449/ex285/aigs/ex285_interleave_f10_abc_g_aig.aig,1,1,1,1041,17,17697,5499,3.218221,0,0,synthflow_exact,Yosys abc gate set aig,0.538,Yosys abc gate set aig
ex285,ex285_interleave_f10_abc_g_aig_d20,unknown_symmetry_canonical_bdd,abc_g_aig_d20,student/work/ex285_ex289_frontend_symmetry_bdd_20260608_1429/ex285/verilog/ex285_unknown_symbdd_interleave_f10.v,student/work/ex285_ex289_frontend_symmetry_bdd_synthflow_20260608_1449/ex285/aigs/ex285_interleave_f10_abc_g_aig_d20.aig,1,1,1,1041,17,17697,5499,3.218221,0,0,synthflow_exact,Yosys abc gate set aig delay target 20,0.492,Yosys abc gate set aig delay target 20
ex285,ex285_interleave_f10_extra_opt_share,unknown_symmetry_canonical_bdd,extra_opt_share,student/work/ex285_ex289_frontend_symmetry_bdd_20260608_1429/ex285/verilog/ex285_unknown_symbdd_interleave_f10.v,student/work/ex285_ex289_frontend_symmetry_bdd_synthflow_20260608_1449/ex285/aigs/ex285_interleave_f10_extra_opt_share.aig,1,1,1,1038,17,17646,5499,3.208947,0,0,synthflow_exact,extra opt_reduce/opt_muxtree/wreduce/share before techmap,0.550,extra opt_reduce/opt_muxtree/wreduce/share before techmap
ex285,ex285_interleave_f10_synth_preset,unknown_symmetry_canonical_bdd,synth_preset,student/work/ex285_ex289_frontend_symmetry_bdd_20260608_1429/ex285/verilog/ex285_unknown_symbdd_interleave_f10.v,student/work/ex285_ex289_frontend_symmetry_bdd_synthflow_20260608_1449/ex285/aigs/ex285_interleave_f10_synth_preset.aig,1,1,1,1037,17,17629,5499,3.205856,0,0,synthflow_exact,Yosys synth preset with flatten,0.685,Yosys synth preset with flatten
ex285,ex285_unknown_12x12_decision_tree_greedy,unknown_12x12,decision_tree_greedy,student/work/reverse_unknown_20260603_1812/ex285/verilog/ex285_unknown_12x12_decision_tree_greedy.v,student/work/reverse_unknown_20260603_1812/ex285/aigs/ex285_unknown_12x12_decision_tree_greedy.aig,1,1,1,818,17,13906,5499,2.528823,0,0,structural_exact,nodes=4095; leaves=4096,6.683,unknown function structural Verilog seed
ex285,ex285_unknown_12x12_expr_default_exception,unknown_12x12,expr_default_exception,student/work/reverse_unknown_20260603_1812/ex285/verilog/ex285_unknown_12x12_expr_default_exception.v,student/work/reverse_unknown_20260603_1812/ex285/aigs/ex285_unknown_12x12_expr_default_exception.aig,1,1,1,6549,21,137529,5499,25.009820,0,0,structural_exact,expr=input; matches=75; exceptions=4021,8.281,unknown function structural Verilog seed
ex285,ex285_unknown_12x12_high_split_default,unknown_12x12,high_split_default,student/work/reverse_unknown_20260603_1812/ex285/verilog/ex285_unknown_12x12_high_split_default.v,student/work/reverse_unknown_20260603_1812/ex285/aigs/ex285_unknown_12x12_high_split_default.aig,1,1,1,3332,17,56644,5499,10.300782,0,0,structural_exact,rotate=0; outer=high; outer_bits=6; inner_bits=6; full_default_groups=0; exceptions=3936,1.996,unknown function structural Verilog seed
ex285,ex285_unknown_12x12_low_split_default,unknown_12x12,low_split_default,student/work/reverse_unknown_20260603_1812/ex285/verilog/ex285_unknown_12x12_low_split_default.v,student/work/reverse_unknown_20260603_1812/ex285/aigs/ex285_unknown_12x12_low_split_default.aig,1,1,1,2302,15,34530,5499,6.279324,0,0,structural_exact,rotate=0; outer=low; outer_bits=6; inner_bits=6; full_default_groups=0; exceptions=3898,1.737,unknown function structural Verilog seed
ex285,ex285_unknown_12x12_rotate_high_split_default,unknown_12x12,rotate_high_split_default,student/work/reverse_unknown_20260603_1812/ex285/verilog/ex285_unknown_12x12_rotate_high_split_default.v,student/work/reverse_unknown_20260603_1812/ex285/aigs/ex285_unknown_12x12_rotate_high_split_default.aig,1,1,1,1352,13,17576,5499,3.196217,0,0,structural_exact,rotate=10; outer=high; outer_bits=6; inner_bits=6; full_default_groups=0; exceptions=3760,1.621,unknown function structural Verilog seed
ex285,ex285_unknown_12x12_rotate_low_split_default,unknown_12x12,rotate_low_split_default,student/work/reverse_unknown_20260603_1812/ex285/verilog/ex285_unknown_12x12_rotate_low_split_default.v,student/work/reverse_unknown_20260603_1812/ex285/aigs/ex285_unknown_12x12_rotate_low_split_default.aig,1,1,1,1352,13,17576,5499,3.196217,0,0,structural_exact,rotate=4; outer=low; outer_bits=6; inner_bits=6; full_default_groups=0; exceptions=3760,1.629,unknown function structural Verilog seed
ex285,ex285_unknown_12x12_value_case,unknown_12x12,value_case,student/work/reverse_unknown_20260603_1812/ex285/verilog/ex285_unknown_12x12_value_case.v,student/work/reverse_unknown_20260603_1812/ex285/aigs/ex285_unknown_12x12_value_case.aig,1,1,1,2988,19,56772,5499,10.324059,0,0,structural_exact,4096,1.606,unknown function structural Verilog seed
ex285,ex285_unknown_shared_bdd_12x12_order_0_11_1_10_2_9_3_8_4_7_5_6,unknown_shared_bdd_12x12,order_0_11_1_10_2_9_3_8_4_7_5_6,student/work/ex285_ex294_frontend_bdd_diagnostic_20260608_1225/ex285/verilog/ex285_unknown_shared_bdd_12x12_order_0_11_1_10_2_9_3_8_4_7_5_6.v,student/work/ex285_ex294_frontend_bdd_diagnostic_20260608_1225/ex285/aigs/ex285_unknown_shared_bdd_12x12_order_0_11_1_10_2_9_3_8_4_7_5_6.aig,1,1,1,1043,18,18774,5499,3.414075,0,0,structural_exact,order_name=order_0_11_1_10_2_9_3_8_4_7_5_6; order=0:11:1:10:2:9:3:8:4:7:5:6; bdd_nodes=595,0.783,unknown function shared-BDD Verilog seed
ex285,ex285_unknown_shared_bdd_12x12_order_8_9_10_11_0_1_2_3_4_5_6_7,unknown_shared_bdd_12x12,order_8_9_10_11_0_1_2_3_4_5_6_7,student/work/ex285_ex294_frontend_bdd_diagnostic_20260608_1225/ex285/verilog/ex285_unknown_shared_bdd_12x12_order_8_9_10_11_0_1_2_3_4_5_6_7.v,student/work/ex285_ex294_frontend_bdd_diagnostic_20260608_1225/ex285/aigs/ex285_unknown_shared_bdd_12x12_order_8_9_10_11_0_1_2_3_4_5_6_7.aig,1,1,1,794,18,14292,5499,2.599018,0,0,structural_exact,order_name=order_8_9_10_11_0_1_2_3_4_5_6_7; order=8:9:10:11:0:1:2:3:4:5:6:7; bdd_nodes=437,1.808,unknown function shared-BDD Verilog seed
ex285,ex285_unknown_symbdd_interleave_f00,unknown_symmetry_canonical_bdd,interleave_f00,student/work/ex285_ex289_frontend_symmetry_bdd_20260608_1429/ex285/verilog/ex285_unknown_symbdd_interleave_f00.v,student/work/ex285_ex289_frontend_symmetry_bdd_20260608_1429/ex285/aigs/ex285_unknown_symbdd_interleave_f00.aig,1,1,1,1055,18,18990,5499,3.453355,0,0,structural_exact,pairs=4:5; order=interleave; invalid_policy=f00; bdd_nodes=591; hash=ac300c85ecf6,0.880,unknown symmetry-canonical shared-BDD seed
ex285,ex285_unknown_symbdd_interleave_f10,unknown_symmetry_canonical_bdd,interleave_f10,student/work/ex285_ex289_frontend_symmetry_bdd_20260608_1429/ex285/verilog/ex285_unknown_symbdd_interleave_f10.v,student/work/ex285_ex289_frontend_symmetry_bdd_20260608_1429/ex285/aigs/ex285_unknown_symbdd_interleave_f10.aig,1,1,1,1038,17,17646,5499,3.208947,0,0,structural_exact,pairs=4:5; order=interleave; invalid_policy=f10; bdd_nodes=595; hash=f0ea3df23118,0.855,unknown symmetry-canonical shared-BDD seed
ex285,ex285_unknown_symbdd_interleave_zero,unknown_symmetry_canonical_bdd,interleave_zero,student/work/ex285_ex289_frontend_symmetry_bdd_20260608_1429/ex285/verilog/ex285_unknown_symbdd_interleave_zero.v,student/work/ex285_ex289_frontend_symmetry_bdd_20260608_1429/ex285/aigs/ex285_unknown_symbdd_interleave_zero.aig,1,1,1,1048,17,17816,5499,3.239862,0,0,structural_exact,pairs=4:5; order=interleave; invalid_policy=zero; bdd_nodes=620; hash=905ff2af01d5,0.900,unknown symmetry-canonical shared-BDD seed
ex285,ex285_unknown_symbdd_natural_f00,unknown_symmetry_canonical_bdd,natural_f00,student/work/ex285_ex289_frontend_symmetry_bdd_20260608_1429/ex285/verilog/ex285_unknown_symbdd_natural_f00.v,student/work/ex285_ex289_frontend_symmetry_bdd_20260608_1429/ex285/aigs/ex285_unknown_symbdd_natural_f00.aig,1,1,1,3978,19,75582,5499,13.744681,0,0,structural_exact,pairs=4:5; order=natural; invalid_policy=f00; bdd_nodes=2348; hash=69d4a3162982,1.791,unknown symmetry-canonical shared-BDD seed
ex285,ex285_unknown_symbdd_natural_f10,unknown_symmetry_canonical_bdd,natural_f10,student/work/ex285_ex289_frontend_symmetry_bdd_20260608_1429/ex285/verilog/ex285_unknown_symbdd_natural_f10.v,student/work/ex285_ex289_frontend_symmetry_bdd_20260608_1429/ex285/aigs/ex285_unknown_symbdd_natural_f10.aig,1,1,1,4129,19,78451,5499,14.266412,0,0,structural_exact,pairs=4:5; order=natural; invalid_policy=f10; bdd_nodes=2492; hash=6cd03997363a,2.226,unknown symmetry-canonical shared-BDD seed
ex285,ex285_unknown_symbdd_natural_zero,unknown_symmetry_canonical_bdd,natural_zero,student/work/ex285_ex289_frontend_symmetry_bdd_20260608_1429/ex285/verilog/ex285_unknown_symbdd_natural_zero.v,student/work/ex285_ex289_frontend_symmetry_bdd_20260608_1429/ex285/aigs/ex285_unknown_symbdd_natural_zero.aig,1,1,1,3945,19,74955,5499,13.630660,0,0,structural_exact,pairs=4:5; order=natural; invalid_policy=zero; bdd_nodes=2492; hash=11f4bd9baabe,1.836,unknown symmetry-canonical shared-BDD seed
ex285,ex285_unknown_symbdd_sym_first_f00,unknown_symmetry_canonical_bdd,sym_first_f00,student/work/ex285_ex289_frontend_symmetry_bdd_20260608_1429/ex285/verilog/ex285_unknown_symbdd_sym_first_f00.v,student/work/ex285_ex289_frontend_symmetry_bdd_20260608_1429/ex285/aigs/ex285_unknown_symbdd_sym_first_f00.aig,1,1,1,4173,19,79287,5499,14.418440,0,0,structural_exact,pairs=4:5; order=sym_first; invalid_policy=f00; bdd_nodes=2372; hash=38dd8cd46a77,1.916,unknown symmetry-canonical shared-BDD seed
ex285,ex285_unknown_symbdd_sym_first_f10,unknown_symmetry_canonical_bdd,sym_first_f10,student/work/ex285_ex289_frontend_symmetry_bdd_20260608_1429/ex285/verilog/ex285_unknown_symbdd_sym_first_f10.v,student/work/ex285_ex289_frontend_symmetry_bdd_20260608_1429/ex285/aigs/ex285_unknown_symbdd_sym_first_f10.aig,1,1,1,4178,20,83560,5499,15.195490,0,0,structural_exact,pairs=4:5; order=sym_first; invalid_policy=f10; bdd_nodes=2384; hash=e878c12ad789,2.087,unknown symmetry-canonical shared-BDD seed
ex285,ex285_unknown_symbdd_sym_first_zero,unknown_symmetry_canonical_bdd,sym_first_zero,student/work/ex285_ex289_frontend_symmetry_bdd_20260608_1429/ex285/verilog/ex285_unknown_symbdd_sym_first_zero.v,student/work/ex285_ex289_frontend_symmetry_bdd_20260608_1429/ex285/aigs/ex285_unknown_symbdd_sym_first_zero.aig,1,1,1,4173,19,79287,5499,14.418440,0,0,structural_exact,pairs=4:5; order=sym_first; invalid_policy=zero; bdd_nodes=2384; hash=ed95c089f252,2.138,unknown symmetry-canonical shared-BDD seed
ex286,ex286_interleave_f00_k4_onehot_group_synth_preset,unknown_symmetry_cofactor_classonehot,synth_preset,student/work/ex286_frontend_symcof_selector_20260609_0822/ex286/verilog/ex286_unknown_symcof_interleave_f00_k4_onehot_group.v,student/work/ex286_frontend_symcof_selector_synthpreset_20260609_0938/ex286/aigs/ex286_interleave_f00_k4_onehot_group_synth_preset.aig,1,1,1,1425,16,22800,2376,9.595960,0,0,synthflow_exact,Yosys synth preset with flatten,1.202,Yosys synth preset with flatten
ex286,ex286_interleave_zero_abc_d20,unknown_symmetry_canonical_bdd,abc_d20,student/work/ex285_ex289_frontend_symmetry_bdd_20260608_1429/ex286/verilog/ex286_unknown_symbdd_interleave_zero.v,student/work/ex286_ex289_frontend_symmetry_bdd_synthflow2_20260608_1456/ex286/aigs/ex286_interleave_zero_abc_d20.aig,1,1,1,1436,18,25848,2376,10.878788,0,0,synthflow_exact,Yosys abc delay target 20,0.626,Yosys abc delay target 20
ex286,ex286_interleave_zero_abc_d21,unknown_symmetry_canonical_bdd,abc_d21,student/work/ex285_ex289_frontend_symmetry_bdd_20260608_1429/ex286/verilog/ex286_unknown_symbdd_interleave_zero.v,student/work/ex286_ex289_frontend_symmetry_bdd_synthflow2_20260608_1456/ex286/aigs/ex286_interleave_zero_abc_d21.aig,1,1,1,1436,18,25848,2376,10.878788,0,0,synthflow_exact,Yosys abc delay target 21,0.624,Yosys abc delay target 21
ex286,ex286_interleave_zero_abc_d22,unknown_symmetry_canonical_bdd,abc_d22,student/work/ex285_ex289_frontend_symmetry_bdd_20260608_1429/ex286/verilog/ex286_unknown_symbdd_interleave_zero.v,student/work/ex286_ex289_frontend_symmetry_bdd_synthflow2_20260608_1456/ex286/aigs/ex286_interleave_zero_abc_d22.aig,1,1,1,1436,18,25848,2376,10.878788,0,0,synthflow_exact,Yosys abc delay target 22,0.626,Yosys abc delay target 22
ex286,ex286_interleave_zero_abc_fast,unknown_symmetry_canonical_bdd,abc_fast,student/work/ex285_ex289_frontend_symmetry_bdd_20260608_1429/ex286/verilog/ex286_unknown_symbdd_interleave_zero.v,student/work/ex286_ex289_frontend_symmetry_bdd_synthflow2_20260608_1456/ex286/aigs/ex286_interleave_zero_abc_fast.aig,1,1,1,1867,24,44808,2376,18.858586,0,0,synthflow_exact,Yosys abc fast script,0.569,Yosys abc fast script
ex286,ex286_interleave_zero_abc_g_aig,unknown_symmetry_canonical_bdd,abc_g_aig,student/work/ex285_ex289_frontend_symmetry_bdd_20260608_1429/ex286/verilog/ex286_unknown_symbdd_interleave_zero.v,student/work/ex285_ex289_frontend_symmetry_bdd_synthflow_20260608_1449/ex286/aigs/ex286_interleave_zero_abc_g_aig.aig,1,1,1,1435,17,24395,2376,10.267256,0,0,synthflow_exact,Yosys abc gate set aig,0.633,Yosys abc gate set aig
ex286,ex286_interleave_zero_abc_g_aig_d20,unknown_symmetry_canonical_bdd,abc_g_aig_d20,student/work/ex285_ex289_frontend_symmetry_bdd_20260608_1429/ex286/verilog/ex286_unknown_symbdd_interleave_zero.v,student/work/ex285_ex289_frontend_symmetry_bdd_synthflow_20260608_1449/ex286/aigs/ex286_interleave_zero_abc_g_aig_d20.aig,1,1,1,1435,17,24395,2376,10.267256,0,0,synthflow_exact,Yosys abc gate set aig delay target 20,0.674,Yosys abc gate set aig delay target 20
ex286,ex286_interleave_zero_abc_g_and_mux,unknown_symmetry_canonical_bdd,abc_g_and_mux,student/work/ex285_ex289_frontend_symmetry_bdd_20260608_1429/ex286/verilog/ex286_unknown_symbdd_interleave_zero.v,student/work/ex286_ex289_frontend_symmetry_bdd_synthflow2_20260608_1456/ex286/aigs/ex286_interleave_zero_abc_g_and_mux.aig,1,1,1,1485,19,28215,2376,11.875000,0,0,synthflow_exact,"Yosys abc gate set AND,MUX",0.704,"Yosys abc gate set AND,MUX"
ex286,ex286_interleave_zero_abc_g_simple,unknown_symmetry_canonical_bdd,abc_g_simple,student/work/ex285_ex289_frontend_symmetry_bdd_20260608_1429/ex286/verilog/ex286_unknown_symbdd_interleave_zero.v,student/work/ex286_ex289_frontend_symmetry_bdd_synthflow2_20260608_1456/ex286/aigs/ex286_interleave_zero_abc_g_simple.aig,1,1,1,1481,18,26658,2376,11.219697,0,0,synthflow_exact,Yosys abc gate set simple,0.689,Yosys abc gate set simple
ex286,ex286_interleave_zero_extra_opt_share,unknown_symmetry_canonical_bdd,extra_opt_share,student/work/ex285_ex289_frontend_symmetry_bdd_20260608_1429/ex286/verilog/ex286_unknown_symbdd_interleave_zero.v,student/work/ex285_ex289_frontend_symmetry_bdd_synthflow_20260608_1449/ex286/aigs/ex286_interleave_zero_extra_opt_share.aig,1,1,1,1436,18,25848,2376,10.878788,0,0,synthflow_exact,extra opt_reduce/opt_muxtree/wreduce/share before techmap,0.696,extra opt_reduce/opt_muxtree/wreduce/share before techmap
ex286,ex286_interleave_zero_synth_preset,unknown_symmetry_canonical_bdd,synth_preset,student/work/ex285_ex289_frontend_symmetry_bdd_20260608_1429/ex286/verilog/ex286_unknown_symbdd_interleave_zero.v,student/work/ex285_ex289_frontend_symmetry_bdd_synthflow_20260608_1449/ex286/aigs/ex286_interleave_zero_synth_preset.aig,1,1,1,1416,18,25488,2376,10.727273,0,0,synthflow_exact,Yosys synth preset with flatten,0.941,Yosys synth preset with flatten
ex286,ex286_interleave_zero_synth_preset_noabc,unknown_symmetry_canonical_bdd,synth_preset_noabc,student/work/ex285_ex289_frontend_symmetry_bdd_20260608_1429/ex286/verilog/ex286_unknown_symbdd_interleave_zero.v,student/work/ex286_ex289_frontend_symmetry_bdd_synthflow2_20260608_1456/ex286/aigs/ex286_interleave_zero_synth_preset_noabc.aig,1,1,1,1886,24,45264,2376,19.050505,0,0,synthflow_exact,Yosys synth preset without abc,0.627,Yosys synth preset without abc
ex286,ex286_primary_5_6_7_abc_g_aig,unknown_bit_hybrid,abc_g_aig,student/work/ex286_frontend_bit_hybrid_20260608_1548/ex286/verilog/ex286_unknown_bit_hybrid_primary_5_6_7.v,student/work/ex286_frontend_bit_hybrid_allrows_synthflow_20260608_1552/ex286/aigs/ex286_primary_5_6_7_abc_g_aig.aig,1,1,1,1811,14,25354,2376,10.670875,0,0,synthflow_exact,Yosys abc gate set aig,3.271,Yosys abc gate set aig
ex286,ex286_primary_5_6_abc_g_aig,unknown_bit_hybrid,abc_g_aig,student/work/ex286_frontend_bit_hybrid_20260608_1548/ex286/verilog/ex286_unknown_bit_hybrid_primary_5_6.v,student/work/ex286_frontend_bit_hybrid_allrows_synthflow_20260608_1552/ex286/aigs/ex286_primary_5_6_abc_g_aig.aig,1,1,1,1866,14,26124,2376,10.994949,0,0,synthflow_exact,Yosys abc gate set aig,3.082,Yosys abc gate set aig
ex286,ex286_primary_5_abc_g_aig,unknown_bit_hybrid,abc_g_aig,student/work/ex286_frontend_bit_hybrid_20260608_1548/ex286/verilog/ex286_unknown_bit_hybrid_primary_5.v,student/work/ex286_frontend_bit_hybrid_allrows_synthflow_20260608_1552/ex286/aigs/ex286_primary_5_abc_g_aig.aig,1,1,1,1888,13,24544,2376,10.329966,0,0,synthflow_exact,Yosys abc gate set aig,3.210,Yosys abc gate set aig
ex286,ex286_primary_6_7_abc_g_aig,unknown_bit_hybrid,abc_g_aig,student/work/ex286_frontend_bit_hybrid_20260608_1548/ex286/verilog/ex286_unknown_bit_hybrid_primary_6_7.v,student/work/ex286_frontend_bit_hybrid_allrows_synthflow_20260608_1552/ex286/aigs/ex286_primary_6_7_abc_g_aig.aig,1,1,1,1881,14,26334,2376,11.083333,0,0,synthflow_exact,Yosys abc gate set aig,3.429,Yosys abc gate set aig
ex286,ex286_primary_6_abc_g_aig,unknown_bit_hybrid,abc_g_aig,student/work/ex286_frontend_bit_hybrid_20260608_1548/ex286/verilog/ex286_unknown_bit_hybrid_primary_6.v,student/work/ex286_frontend_bit_hybrid_allrows_synthflow_20260608_1552/ex286/aigs/ex286_primary_6_abc_g_aig.aig,1,1,1,1873,13,24349,2376,10.247896,0,0,synthflow_exact,Yosys abc gate set aig,3.272,Yosys abc gate set aig
ex286,ex286_primary_7_abc_g_aig,unknown_bit_hybrid,abc_g_aig,student/work/ex286_frontend_bit_hybrid_20260608_1548/ex286/verilog/ex286_unknown_bit_hybrid_primary_7.v,student/work/ex286_frontend_bit_hybrid_synthflow_20260608_1550/ex286/aigs/ex286_primary_7_abc_g_aig.aig,1,1,1,1864,13,24232,2376,10.198653,0,0,synthflow_exact,Yosys abc gate set aig,3.483,Yosys abc gate set aig
ex286,ex286_primary_7_abc_g_aig_d18,unknown_bit_hybrid,abc_g_aig_d18,student/work/ex286_frontend_bit_hybrid_20260608_1548/ex286/verilog/ex286_unknown_bit_hybrid_primary_7.v,student/work/ex286_frontend_bit_hybrid_synthflow_20260608_1550/ex286/aigs/ex286_primary_7_abc_g_aig_d18.aig,1,1,1,1864,13,24232,2376,10.198653,0,0,synthflow_exact,Yosys abc gate set aig delay target 18,3.219,Yosys abc gate set aig delay target 18
ex286,ex286_primary_7_abc_g_gates,unknown_bit_hybrid,abc_g_gates,student/work/ex286_frontend_bit_hybrid_20260608_1548/ex286/verilog/ex286_unknown_bit_hybrid_primary_7.v,student/work/ex286_frontend_bit_hybrid_synthflow_20260608_1550/ex286/aigs/ex286_primary_7_abc_g_gates.aig,1,1,1,1864,13,24232,2376,10.198653,0,0,synthflow_exact,Yosys abc gate set gates,3.198,Yosys abc gate set gates
ex286,ex286_primary_7_extra_opt_share,unknown_bit_hybrid,extra_opt_share,student/work/ex286_frontend_bit_hybrid_20260608_1548/ex286/verilog/ex286_unknown_bit_hybrid_primary_7.v,student/work/ex286_frontend_bit_hybrid_synthflow_20260608_1550/ex286/aigs/ex286_primary_7_extra_opt_share.aig,1,1,1,1867,14,26138,2376,11.000842,0,0,synthflow_exact,extra opt_reduce/opt_muxtree/wreduce/share before techmap,3.841,extra opt_reduce/opt_muxtree/wreduce/share before techmap
ex286,ex286_primary_7_synth_preset,unknown_bit_hybrid,synth_preset,student/work/ex286_frontend_bit_hybrid_20260608_1548/ex286/verilog/ex286_unknown_bit_hybrid_primary_7.v,student/work/ex286_frontend_bit_hybrid_synthflow_20260608_1550/ex286/aigs/ex286_primary_7_synth_preset.aig,1,1,1,1841,14,25774,2376,10.847643,0,0,synthflow_exact,Yosys synth preset with flatten,2.749,Yosys synth preset with flatten
ex286,ex286_reverse_abc_g_aig,unknown_paircount_mdd,abc_g_aig,student/work/ex286_ex287_frontend_paircount_mdd_20260609_0944/ex286/verilog/ex286_unknown_paircount_mdd_reverse.v,student/work/ex286_frontend_paircount_mdd_synthflow_20260609_0949/ex286/aigs/ex286_reverse_abc_g_aig.aig,1,1,1,1726,20,34520,2376,14.528620,0,0,synthflow_exact,Yosys abc gate set aig,0.716,Yosys abc gate set aig
ex286,ex286_reverse_synth_preset,unknown_paircount_mdd,synth_preset,student/work/ex286_ex287_frontend_paircount_mdd_20260609_0944/ex286/verilog/ex286_unknown_paircount_mdd_reverse.v,student/work/ex286_frontend_paircount_mdd_synthflow_20260609_0949/ex286/aigs/ex286_reverse_synth_preset.aig,1,1,1,1651,20,33020,2376,13.897306,0,0,synthflow_exact,Yosys synth preset with flatten,0.940,Yosys synth preset with flatten
ex286,ex286_rotate_low_split_default_abc_d20,unknown_13x13,abc_d20,student/work/reverse_unknown_20260603_1812/ex286/verilog/ex286_unknown_13x13_rotate_low_split_default.v,student/work/ex285_ex287_ex295_ex297_ex299_frontend_current_synthflow_20260608_1350/ex286/aigs/ex286_rotate_low_split_default_abc_d20.aig,1,1,1,1865,14,26110,2376,10.989057,0,0,synthflow_exact,Yosys abc delay target 20,3.094,Yosys abc delay target 20
ex286,ex286_rotate_low_split_default_abc_d21,unknown_13x13,abc_d21,student/work/reverse_unknown_20260603_1812/ex286/verilog/ex286_unknown_13x13_rotate_low_split_default.v,student/work/ex285_ex287_ex295_ex297_ex299_frontend_current_synthflow_20260608_1350/ex286/aigs/ex286_rotate_low_split_default_abc_d21.aig,1,1,1,1865,14,26110,2376,10.989057,0,0,synthflow_exact,Yosys abc delay target 21,3.018,Yosys abc delay target 21
ex286,ex286_rotate_low_split_default_abc_d22,unknown_13x13,abc_d22,student/work/reverse_unknown_20260603_1812/ex286/verilog/ex286_unknown_13x13_rotate_low_split_default.v,student/work/ex285_ex287_ex295_ex297_ex299_frontend_current_synthflow_20260608_1350/ex286/aigs/ex286_rotate_low_split_default_abc_d22.aig,1,1,1,1865,14,26110,2376,10.989057,0,0,synthflow_exact,Yosys abc delay target 22,3.081,Yosys abc delay target 22
ex286,ex286_rotate_low_split_default_abc_d24,unknown_13x13,abc_d24,student/work/reverse_unknown_20260603_1812/ex286/verilog/ex286_unknown_13x13_rotate_low_split_default.v,student/work/ex285_ex287_ex295_ex297_ex299_frontend_current_synthflow_20260608_1350/ex286/aigs/ex286_rotate_low_split_default_abc_d24.aig,1,1,1,1865,14,26110,2376,10.989057,0,0,synthflow_exact,Yosys abc delay target 24,3.053,Yosys abc delay target 24
ex286,ex286_rotate_low_split_default_abc_fast,unknown_13x13,abc_fast,student/work/reverse_unknown_20260603_1812/ex286/verilog/ex286_unknown_13x13_rotate_low_split_default.v,student/work/ex285_ex287_ex295_ex297_ex299_frontend_current_synthflow_20260608_1350/ex286/aigs/ex286_rotate_low_split_default_abc_fast.aig,1,1,1,2286,20,45720,2376,19.242424,0,0,synthflow_exact,Yosys abc fast script,2.820,Yosys abc fast script
ex286,ex286_rotate_low_split_default_abc_g_aig,unknown_13x13,abc_g_aig,student/work/reverse_unknown_20260603_1812/ex286/verilog/ex286_unknown_13x13_rotate_low_split_default.v,student/work/ex285_ex287_ex295_ex297_ex299_frontend_current_synthflow_20260608_1350/ex286/aigs/ex286_rotate_low_split_default_abc_g_aig.aig,1,1,1,1860,13,24180,2376,10.176768,0,0,synthflow_exact,Yosys abc gate set aig,3.010,Yosys abc gate set aig
ex286,ex286_rotate_low_split_default_abc_g_aig_d18,unknown_13x13,abc_g_aig_d18,student/work/reverse_unknown_20260603_1812/ex286/verilog/ex286_unknown_13x13_rotate_low_split_default.v,student/work/ex285_ex287_ex295_ex297_ex299_frontend_current_synthflow_20260608_1350/ex286/aigs/ex286_rotate_low_split_default_abc_g_aig_d18.aig,1,1,1,1860,13,24180,2376,10.176768,0,0,synthflow_exact,Yosys abc gate set aig delay target 18,3.113,Yosys abc gate set aig delay target 18
ex286,ex286_rotate_low_split_default_abc_g_aig_d19,unknown_13x13,abc_g_aig_d19,student/work/reverse_unknown_20260603_1812/ex286/verilog/ex286_unknown_13x13_rotate_low_split_default.v,student/work/ex285_ex287_ex295_ex297_ex299_frontend_current_synthflow_20260608_1350/ex286/aigs/ex286_rotate_low_split_default_abc_g_aig_d19.aig,1,1,1,1860,13,24180,2376,10.176768,0,0,synthflow_exact,Yosys abc gate set aig delay target 19,2.969,Yosys abc gate set aig delay target 19
ex286,ex286_rotate_low_split_default_abc_g_aig_d20,unknown_13x13,abc_g_aig_d20,student/work/reverse_unknown_20260603_1812/ex286/verilog/ex286_unknown_13x13_rotate_low_split_default.v,student/work/ex285_ex287_ex295_ex297_ex299_frontend_current_synthflow_20260608_1350/ex286/aigs/ex286_rotate_low_split_default_abc_g_aig_d20.aig,1,1,1,1860,13,24180,2376,10.176768,0,0,synthflow_exact,Yosys abc gate set aig delay target 20,3.016,Yosys abc gate set aig delay target 20
ex286,ex286_rotate_low_split_default_abc_g_aig_d21,unknown_13x13,abc_g_aig_d21,student/work/reverse_unknown_20260603_1812/ex286/verilog/ex286_unknown_13x13_rotate_low_split_default.v,student/work/ex285_ex287_ex295_ex297_ex299_frontend_current_synthflow_20260608_1350/ex286/aigs/ex286_rotate_low_split_default_abc_g_aig_d21.aig,1,1,1,1860,13,24180,2376,10.176768,0,0,synthflow_exact,Yosys abc gate set aig delay target 21,3.001,Yosys abc gate set aig delay target 21
ex286,ex286_rotate_low_split_default_abc_g_and_mux,unknown_13x13,abc_g_and_mux,student/work/reverse_unknown_20260603_1812/ex286/verilog/ex286_unknown_13x13_rotate_low_split_default.v,student/work/ex285_ex287_ex295_ex297_ex299_frontend_current_synthflow_20260608_1350/ex286/aigs/ex286_rotate_low_split_default_abc_g_and_mux.aig,1,1,1,1889,16,30224,2376,12.720539,0,0,synthflow_exact,"Yosys abc gate set AND,MUX",3.029,"Yosys abc gate set AND,MUX"
ex286,ex286_rotate_low_split_default_abc_g_cmos2,unknown_13x13,abc_g_cmos2,student/work/reverse_unknown_20260603_1812/ex286/verilog/ex286_unknown_13x13_rotate_low_split_default.v,student/work/ex285_ex287_ex295_ex297_ex299_frontend_current_synthflow_20260608_1350/ex286/aigs/ex286_rotate_low_split_default_abc_g_cmos2.aig,1,1,1,1880,14,26320,2376,11.077441,0,0,synthflow_exact,Yosys abc gate set cmos2,3.269,Yosys abc gate set cmos2
ex286,ex286_rotate_low_split_default_abc_g_gates,unknown_13x13,abc_g_gates,student/work/reverse_unknown_20260603_1812/ex286/verilog/ex286_unknown_13x13_rotate_low_split_default.v,student/work/ex285_ex287_ex295_ex297_ex299_frontend_current_synthflow_20260608_1350/ex286/aigs/ex286_rotate_low_split_default_abc_g_gates.aig,1,1,1,1860,13,24180,2376,10.176768,0,0,synthflow_exact,Yosys abc gate set gates,2.988,Yosys abc gate set gates
ex286,ex286_rotate_low_split_default_abc_g_simple,unknown_13x13,abc_g_simple,student/work/reverse_unknown_20260603_1812/ex286/verilog/ex286_unknown_13x13_rotate_low_split_default.v,student/work/ex285_ex287_ex295_ex297_ex299_frontend_current_synthflow_20260608_1350/ex286/aigs/ex286_rotate_low_split_default_abc_g_simple.aig,1,1,1,1864,14,26096,2376,10.983165,0,0,synthflow_exact,Yosys abc gate set simple,3.009,Yosys abc gate set simple
ex286,ex286_rotate_low_split_default_default_recheck,unknown_13x13,default_recheck,student/work/reverse_unknown_20260603_1812/ex286/verilog/ex286_unknown_13x13_rotate_low_split_default.v,student/work/ex285_ex287_ex295_ex297_ex299_frontend_current_synthflow_20260608_1350/ex286/aigs/ex286_rotate_low_split_default_default_recheck.aig,1,1,1,1865,14,26110,2376,10.989057,0,0,synthflow_exact,current project Yosys script sanity recheck,3.436,current project Yosys script sanity recheck
ex286,ex286_rotate_low_split_default_extra_opt_share,unknown_13x13,extra_opt_share,student/work/reverse_unknown_20260603_1812/ex286/verilog/ex286_unknown_13x13_rotate_low_split_default.v,student/work/ex285_ex287_ex295_ex297_ex299_frontend_current_synthflow_20260608_1350/ex286/aigs/ex286_rotate_low_split_default_extra_opt_share.aig,1,1,1,1865,14,26110,2376,10.989057,0,0,synthflow_exact,extra opt_reduce/opt_muxtree/wreduce/share before techmap,4.070,extra opt_reduce/opt_muxtree/wreduce/share before techmap
ex286,ex286_rotate_low_split_default_late_flatten,unknown_13x13,late_flatten,student/work/reverse_unknown_20260603_1812/ex286/verilog/ex286_unknown_13x13_rotate_low_split_default.v,student/work/ex285_ex287_ex295_ex297_ex299_frontend_current_synthflow_20260608_1350/ex286/aigs/ex286_rotate_low_split_default_late_flatten.aig,1,1,1,1865,14,26110,2376,10.989057,0,0,synthflow_exact,move flatten after techmap,3.079,move flatten after techmap
ex286,ex286_rotate_low_split_default_no_internal_abc,unknown_13x13,no_internal_abc,student/work/reverse_unknown_20260603_1812/ex286/verilog/ex286_unknown_13x13_rotate_low_split_default.v,student/work/ex285_ex287_ex295_ex297_ex299_frontend_current_synthflow_20260608_1350/ex286/aigs/ex286_rotate_low_split_default_no_internal_abc.aig,1,1,1,2334,20,46680,2376,19.646465,0,0,synthflow_exact,skip Yosys internal abc pass,2.882,skip Yosys internal abc pass
ex286,ex286_rotate_low_split_default_synth_preset,unknown_13x13,synth_preset,student/work/reverse_unknown_20260603_1812/ex286/verilog/ex286_unknown_13x13_rotate_low_split_default.v,student/work/ex285_ex287_ex295_ex297_ex299_frontend_current_synthflow_20260608_1350/ex286/aigs/ex286_rotate_low_split_default_synth_preset.aig,1,1,1,1832,14,25648,2376,10.794613,0,0,synthflow_exact,Yosys synth preset with flatten,2.589,Yosys synth preset with flatten
ex286,ex286_rotate_low_split_default_synth_preset_noabc,unknown_13x13,synth_preset_noabc,student/work/reverse_unknown_20260603_1812/ex286/verilog/ex286_unknown_13x13_rotate_low_split_default.v,student/work/ex285_ex287_ex295_ex297_ex299_frontend_current_synthflow_20260608_1350/ex286/aigs/ex286_rotate_low_split_default_synth_preset_noabc.aig,1,1,1,2595,21,54495,2376,22.935606,0,0,synthflow_exact,Yosys synth preset without abc,2.284,Yosys synth preset without abc
ex286,ex286_symbdd_f00_abc_and_d13,unknown_symmetry_canonical_bdd_delay_target,f00_abc_and_d13,student/work/ex285_ex289_frontend_symmetry_bdd_20260608_1429/ex286/verilog/ex286_unknown_symbdd_interleave_f00.v,student/work/ex286_frontend_symmetry_delay_synthflow_20260608_1457/ex286/aigs/ex286_symbdd_f00_abc_and_d13.aig,1,1,1,1465,19,27835,2376,11.715067,0,0,synthflow_exact,Yosys abc AND delay target 13,0.625,Yosys abc AND delay target 13
ex286,ex286_symbdd_f00_abc_and_d14,unknown_symmetry_canonical_bdd_delay_target,f00_abc_and_d14,student/work/ex285_ex289_frontend_symmetry_bdd_20260608_1429/ex286/verilog/ex286_unknown_symbdd_interleave_f00.v,student/work/ex286_frontend_symmetry_delay_synthflow_20260608_1457/ex286/aigs/ex286_symbdd_f00_abc_and_d14.aig,1,1,1,1465,19,27835,2376,11.715067,0,0,synthflow_exact,Yosys abc AND delay target 14,0.615,Yosys abc AND delay target 14
ex286,ex286_symbdd_f00_abc_and_d15,unknown_symmetry_canonical_bdd_delay_target,f00_abc_and_d15,student/work/ex285_ex289_frontend_symmetry_bdd_20260608_1429/ex286/verilog/ex286_unknown_symbdd_interleave_f00.v,student/work/ex286_frontend_symmetry_delay_synthflow_20260608_1457/ex286/aigs/ex286_symbdd_f00_abc_and_d15.aig,1,1,1,1465,19,27835,2376,11.715067,0,0,synthflow_exact,Yosys abc AND delay target 15,0.736,Yosys abc AND delay target 15
ex286,ex286_symbdd_f00_abc_and_d16,unknown_symmetry_canonical_bdd_delay_target,f00_abc_and_d16,student/work/ex285_ex289_frontend_symmetry_bdd_20260608_1429/ex286/verilog/ex286_unknown_symbdd_interleave_f00.v,student/work/ex286_frontend_symmetry_delay_synthflow_20260608_1457/ex286/aigs/ex286_symbdd_f00_abc_and_d16.aig,1,1,1,1465,19,27835,2376,11.715067,0,0,synthflow_exact,Yosys abc AND delay target 16,0.643,Yosys abc AND delay target 16
ex286,ex286_symbdd_f00_abc_and_d17,unknown_symmetry_canonical_bdd_delay_target,f00_abc_and_d17,student/work/ex285_ex289_frontend_symmetry_bdd_20260608_1429/ex286/verilog/ex286_unknown_symbdd_interleave_f00.v,student/work/ex286_frontend_symmetry_delay_synthflow_20260608_1457/ex286/aigs/ex286_symbdd_f00_abc_and_d17.aig,1,1,1,1465,19,27835,2376,11.715067,0,0,synthflow_exact,Yosys abc AND delay target 17,0.790,Yosys abc AND delay target 17
ex286,ex286_symbdd_f00_abc_g_aig_d13,unknown_symmetry_canonical_bdd_delay_target,f00_abc_g_aig_d13,student/work/ex285_ex289_frontend_symmetry_bdd_20260608_1429/ex286/verilog/ex286_unknown_symbdd_interleave_f00.v,student/work/ex286_frontend_symmetry_delay_synthflow_20260608_1457/ex286/aigs/ex286_symbdd_f00_abc_g_aig_d13.aig,1,1,1,1457,18,26226,2376,11.037879,0,0,synthflow_exact,Yosys abc aig delay target 13,0.636,Yosys abc aig delay target 13
ex286,ex286_symbdd_f00_abc_g_aig_d14,unknown_symmetry_canonical_bdd_delay_target,f00_abc_g_aig_d14,student/work/ex285_ex289_frontend_symmetry_bdd_20260608_1429/ex286/verilog/ex286_unknown_symbdd_interleave_f00.v,student/work/ex286_frontend_symmetry_delay_synthflow_20260608_1457/ex286/aigs/ex286_symbdd_f00_abc_g_aig_d14.aig,1,1,1,1457,18,26226,2376,11.037879,0,0,synthflow_exact,Yosys abc aig delay target 14,0.758,Yosys abc aig delay target 14
ex286,ex286_symbdd_f00_abc_g_aig_d15,unknown_symmetry_canonical_bdd_delay_target,f00_abc_g_aig_d15,student/work/ex285_ex289_frontend_symmetry_bdd_20260608_1429/ex286/verilog/ex286_unknown_symbdd_interleave_f00.v,student/work/ex286_frontend_symmetry_delay_synthflow_20260608_1457/ex286/aigs/ex286_symbdd_f00_abc_g_aig_d15.aig,1,1,1,1457,18,26226,2376,11.037879,0,0,synthflow_exact,Yosys abc aig delay target 15,0.752,Yosys abc aig delay target 15
ex286,ex286_symbdd_f00_abc_g_aig_d16,unknown_symmetry_canonical_bdd_delay_target,f00_abc_g_aig_d16,student/work/ex285_ex289_frontend_symmetry_bdd_20260608_1429/ex286/verilog/ex286_unknown_symbdd_interleave_f00.v,student/work/ex286_frontend_symmetry_delay_synthflow_20260608_1457/ex286/aigs/ex286_symbdd_f00_abc_g_aig_d16.aig,1,1,1,1457,18,26226,2376,11.037879,0,0,synthflow_exact,Yosys abc aig delay target 16,0.744,Yosys abc aig delay target 16
ex286,ex286_symbdd_f00_abc_g_aig_d17,unknown_symmetry_canonical_bdd_delay_target,f00_abc_g_aig_d17,student/work/ex285_ex289_frontend_symmetry_bdd_20260608_1429/ex286/verilog/ex286_unknown_symbdd_interleave_f00.v,student/work/ex286_frontend_symmetry_delay_synthflow_20260608_1457/ex286/aigs/ex286_symbdd_f00_abc_g_aig_d17.aig,1,1,1,1457,18,26226,2376,11.037879,0,0,synthflow_exact,Yosys abc aig delay target 17,0.675,Yosys abc aig delay target 17
ex286,ex286_symbdd_f10_abc_and_d13,unknown_symmetry_canonical_bdd_delay_target,f10_abc_and_d13,student/work/ex285_ex289_frontend_symmetry_bdd_20260608_1429/ex286/verilog/ex286_unknown_symbdd_interleave_f10.v,student/work/ex286_frontend_symmetry_delay_synthflow_20260608_1457/ex286/aigs/ex286_symbdd_f10_abc_and_d13.aig,1,1,1,1477,18,26586,2376,11.189394,0,0,synthflow_exact,Yosys abc AND delay target 13,0.683,Yosys abc AND delay target 13
ex286,ex286_symbdd_f10_abc_and_d14,unknown_symmetry_canonical_bdd_delay_target,f10_abc_and_d14,student/work/ex285_ex289_frontend_symmetry_bdd_20260608_1429/ex286/verilog/ex286_unknown_symbdd_interleave_f10.v,student/work/ex286_frontend_symmetry_delay_synthflow_20260608_1457/ex286/aigs/ex286_symbdd_f10_abc_and_d14.aig,1,1,1,1477,18,26586,2376,11.189394,0,0,synthflow_exact,Yosys abc AND delay target 14,0.661,Yosys abc AND delay target 14
ex286,ex286_symbdd_f10_abc_and_d15,unknown_symmetry_canonical_bdd_delay_target,f10_abc_and_d15,student/work/ex285_ex289_frontend_symmetry_bdd_20260608_1429/ex286/verilog/ex286_unknown_symbdd_interleave_f10.v,student/work/ex286_frontend_symmetry_delay_synthflow_20260608_1457/ex286/aigs/ex286_symbdd_f10_abc_and_d15.aig,1,1,1,1477,18,26586,2376,11.189394,0,0,synthflow_exact,Yosys abc AND delay target 15,0.854,Yosys abc AND delay target 15
ex286,ex286_symbdd_f10_abc_and_d16,unknown_symmetry_canonical_bdd_delay_target,f10_abc_and_d16,student/work/ex285_ex289_frontend_symmetry_bdd_20260608_1429/ex286/verilog/ex286_unknown_symbdd_interleave_f10.v,student/work/ex286_frontend_symmetry_delay_synthflow_20260608_1457/ex286/aigs/ex286_symbdd_f10_abc_and_d16.aig,1,1,1,1477,18,26586,2376,11.189394,0,0,synthflow_exact,Yosys abc AND delay target 16,0.837,Yosys abc AND delay target 16
ex286,ex286_symbdd_f10_abc_and_d17,unknown_symmetry_canonical_bdd_delay_target,f10_abc_and_d17,student/work/ex285_ex289_frontend_symmetry_bdd_20260608_1429/ex286/verilog/ex286_unknown_symbdd_interleave_f10.v,student/work/ex286_frontend_symmetry_delay_synthflow_20260608_1457/ex286/aigs/ex286_symbdd_f10_abc_and_d17.aig,1,1,1,1477,18,26586,2376,11.189394,0,0,synthflow_exact,Yosys abc AND delay target 17,3.314,Yosys abc AND delay target 17
ex286,ex286_symbdd_f10_abc_g_aig_d13,unknown_symmetry_canonical_bdd_delay_target,f10_abc_g_aig_d13,student/work/ex285_ex289_frontend_symmetry_bdd_20260608_1429/ex286/verilog/ex286_unknown_symbdd_interleave_f10.v,student/work/ex286_frontend_symmetry_delay_synthflow_20260608_1457/ex286/aigs/ex286_symbdd_f10_abc_g_aig_d13.aig,1,1,1,1465,17,24905,2376,10.481902,0,0,synthflow_exact,Yosys abc aig delay target 13,0.669,Yosys abc aig delay target 13
ex286,ex286_symbdd_f10_abc_g_aig_d14,unknown_symmetry_canonical_bdd_delay_target,f10_abc_g_aig_d14,student/work/ex285_ex289_frontend_symmetry_bdd_20260608_1429/ex286/verilog/ex286_unknown_symbdd_interleave_f10.v,student/work/ex286_frontend_symmetry_delay_synthflow_20260608_1457/ex286/aigs/ex286_symbdd_f10_abc_g_aig_d14.aig,1,1,1,1465,17,24905,2376,10.481902,0,0,synthflow_exact,Yosys abc aig delay target 14,0.675,Yosys abc aig delay target 14
ex286,ex286_symbdd_f10_abc_g_aig_d15,unknown_symmetry_canonical_bdd_delay_target,f10_abc_g_aig_d15,student/work/ex285_ex289_frontend_symmetry_bdd_20260608_1429/ex286/verilog/ex286_unknown_symbdd_interleave_f10.v,student/work/ex286_frontend_symmetry_delay_synthflow_20260608_1457/ex286/aigs/ex286_symbdd_f10_abc_g_aig_d15.aig,1,1,1,1465,17,24905,2376,10.481902,0,0,synthflow_exact,Yosys abc aig delay target 15,0.686,Yosys abc aig delay target 15
ex286,ex286_symbdd_f10_abc_g_aig_d16,unknown_symmetry_canonical_bdd_delay_target,f10_abc_g_aig_d16,student/work/ex285_ex289_frontend_symmetry_bdd_20260608_1429/ex286/verilog/ex286_unknown_symbdd_interleave_f10.v,student/work/ex286_frontend_symmetry_delay_synthflow_20260608_1457/ex286/aigs/ex286_symbdd_f10_abc_g_aig_d16.aig,1,1,1,1465,17,24905,2376,10.481902,0,0,synthflow_exact,Yosys abc aig delay target 16,6.088,Yosys abc aig delay target 16
ex286,ex286_symbdd_f10_abc_g_aig_d17,unknown_symmetry_canonical_bdd_delay_target,f10_abc_g_aig_d17,student/work/ex285_ex289_frontend_symmetry_bdd_20260608_1429/ex286/verilog/ex286_unknown_symbdd_interleave_f10.v,student/work/ex286_frontend_symmetry_delay_synthflow_20260608_1457/ex286/aigs/ex286_symbdd_f10_abc_g_aig_d17.aig,1,1,1,1465,17,24905,2376,10.481902,0,0,synthflow_exact,Yosys abc aig delay target 17,0.742,Yosys abc aig delay target 17
ex286,ex286_symbdd_zero_abc_and_d13,unknown_symmetry_canonical_bdd_delay_target,zero_abc_and_d13,student/work/ex285_ex289_frontend_symmetry_bdd_20260608_1429/ex286/verilog/ex286_unknown_symbdd_interleave_zero.v,student/work/ex286_frontend_symmetry_delay_synthflow_20260608_1457/ex286/aigs/ex286_symbdd_zero_abc_and_d13.aig,1,1,1,1436,18,25848,2376,10.878788,0,0,synthflow_exact,Yosys abc AND delay target 13,0.671,Yosys abc AND delay target 13
ex286,ex286_symbdd_zero_abc_and_d14,unknown_symmetry_canonical_bdd_delay_target,zero_abc_and_d14,student/work/ex285_ex289_frontend_symmetry_bdd_20260608_1429/ex286/verilog/ex286_unknown_symbdd_interleave_zero.v,student/work/ex286_frontend_symmetry_delay_synthflow_20260608_1457/ex286/aigs/ex286_symbdd_zero_abc_and_d14.aig,1,1,1,1436,18,25848,2376,10.878788,0,0,synthflow_exact,Yosys abc AND delay target 14,0.857,Yosys abc AND delay target 14
ex286,ex286_symbdd_zero_abc_and_d15,unknown_symmetry_canonical_bdd_delay_target,zero_abc_and_d15,student/work/ex285_ex289_frontend_symmetry_bdd_20260608_1429/ex286/verilog/ex286_unknown_symbdd_interleave_zero.v,student/work/ex286_frontend_symmetry_delay_synthflow_20260608_1457/ex286/aigs/ex286_symbdd_zero_abc_and_d15.aig,1,1,1,1436,18,25848,2376,10.878788,0,0,synthflow_exact,Yosys abc AND delay target 15,0.644,Yosys abc AND delay target 15
ex286,ex286_symbdd_zero_abc_and_d16,unknown_symmetry_canonical_bdd_delay_target,zero_abc_and_d16,student/work/ex285_ex289_frontend_symmetry_bdd_20260608_1429/ex286/verilog/ex286_unknown_symbdd_interleave_zero.v,student/work/ex286_frontend_symmetry_delay_synthflow_20260608_1457/ex286/aigs/ex286_symbdd_zero_abc_and_d16.aig,1,1,1,1436,18,25848,2376,10.878788,0,0,synthflow_exact,Yosys abc AND delay target 16,0.653,Yosys abc AND delay target 16
ex286,ex286_symbdd_zero_abc_and_d17,unknown_symmetry_canonical_bdd_delay_target,zero_abc_and_d17,student/work/ex285_ex289_frontend_symmetry_bdd_20260608_1429/ex286/verilog/ex286_unknown_symbdd_interleave_zero.v,student/work/ex286_frontend_symmetry_delay_synthflow_20260608_1457/ex286/aigs/ex286_symbdd_zero_abc_and_d17.aig,1,1,1,1436,18,25848,2376,10.878788,0,0,synthflow_exact,Yosys abc AND delay target 17,0.654,Yosys abc AND delay target 17
ex286,ex286_symbdd_zero_abc_g_aig_d13,unknown_symmetry_canonical_bdd_delay_target,zero_abc_g_aig_d13,student/work/ex285_ex289_frontend_symmetry_bdd_20260608_1429/ex286/verilog/ex286_unknown_symbdd_interleave_zero.v,student/work/ex286_frontend_symmetry_delay_synthflow_20260608_1457/ex286/aigs/ex286_symbdd_zero_abc_g_aig_d13.aig,1,1,1,1435,17,24395,2376,10.267256,0,0,synthflow_exact,Yosys abc aig delay target 13,0.692,Yosys abc aig delay target 13
ex286,ex286_symbdd_zero_abc_g_aig_d14,unknown_symmetry_canonical_bdd_delay_target,zero_abc_g_aig_d14,student/work/ex285_ex289_frontend_symmetry_bdd_20260608_1429/ex286/verilog/ex286_unknown_symbdd_interleave_zero.v,student/work/ex286_frontend_symmetry_delay_synthflow_20260608_1457/ex286/aigs/ex286_symbdd_zero_abc_g_aig_d14.aig,1,1,1,1435,17,24395,2376,10.267256,0,0,synthflow_exact,Yosys abc aig delay target 14,0.771,Yosys abc aig delay target 14
ex286,ex286_symbdd_zero_abc_g_aig_d15,unknown_symmetry_canonical_bdd_delay_target,zero_abc_g_aig_d15,student/work/ex285_ex289_frontend_symmetry_bdd_20260608_1429/ex286/verilog/ex286_unknown_symbdd_interleave_zero.v,student/work/ex286_frontend_symmetry_delay_synthflow_20260608_1457/ex286/aigs/ex286_symbdd_zero_abc_g_aig_d15.aig,1,1,1,1435,17,24395,2376,10.267256,0,0,synthflow_exact,Yosys abc aig delay target 15,0.658,Yosys abc aig delay target 15
ex286,ex286_symbdd_zero_abc_g_aig_d16,unknown_symmetry_canonical_bdd_delay_target,zero_abc_g_aig_d16,student/work/ex285_ex289_frontend_symmetry_bdd_20260608_1429/ex286/verilog/ex286_unknown_symbdd_interleave_zero.v,student/work/ex286_frontend_symmetry_delay_synthflow_20260608_1457/ex286/aigs/ex286_symbdd_zero_abc_g_aig_d16.aig,1,1,1,1435,17,24395,2376,10.267256,0,0,synthflow_exact,Yosys abc aig delay target 16,0.681,Yosys abc aig delay target 16
ex286,ex286_symbdd_zero_abc_g_aig_d17,unknown_symmetry_canonical_bdd_delay_target,zero_abc_g_aig_d17,student/work/ex285_ex289_frontend_symmetry_bdd_20260608_1429/ex286/verilog/ex286_unknown_symbdd_interleave_zero.v,student/work/ex286_frontend_symmetry_delay_synthflow_20260608_1457/ex286/aigs/ex286_symbdd_zero_abc_g_aig_d17.aig,1,1,1,1435,17,24395,2376,10.267256,0,0,synthflow_exact,Yosys abc aig delay target 17,0.698,Yosys abc aig delay target 17
ex286,ex286_unknown_13x13_decision_tree_greedy,unknown_13x13,decision_tree_greedy,student/work/reverse_unknown_20260603_1812/ex286/verilog/ex286_unknown_13x13_decision_tree_greedy.v,student/work/reverse_unknown_20260603_1812/ex286/aigs/ex286_unknown_13x13_decision_tree_greedy.aig,1,1,1,2166,19,41154,2376,17.320707,0,0,structural_exact,nodes=8191; leaves=8192,17.420,unknown function structural Verilog seed
ex286,ex286_unknown_13x13_expr_default_exception,unknown_13x13,expr_default_exception,student/work/reverse_unknown_20260603_1812/ex286/verilog/ex286_unknown_13x13_expr_default_exception.v,student/work/reverse_unknown_20260603_1812/ex286/aigs/ex286_unknown_13x13_expr_default_exception.aig,1,1,1,15073,22,331606,2376,139.564815,0,0,structural_exact,expr=input; matches=82; exceptions=8110,21.723,unknown function structural Verilog seed
ex286,ex286_unknown_13x13_high_split_default,unknown_13x13,high_split_default,student/work/reverse_unknown_20260603_1812/ex286/verilog/ex286_unknown_13x13_high_split_default.v,student/work/reverse_unknown_20260603_1812/ex286/aigs/ex286_unknown_13x13_high_split_default.aig,1,1,1,6566,17,111622,2376,46.978956,0,0,structural_exact,rotate=0; outer=high; outer_bits=7; inner_bits=6; full_default_groups=0; exceptions=7884,5.003,unknown function structural Verilog seed
ex286,ex286_unknown_13x13_low_split_default,unknown_13x13,low_split_default,student/work/reverse_unknown_20260603_1812/ex286/verilog/ex286_unknown_13x13_low_split_default.v,student/work/reverse_unknown_20260603_1812/ex286/aigs/ex286_unknown_13x13_low_split_default.aig,1,1,1,3218,16,51488,2376,21.670034,0,0,structural_exact,rotate=0; outer=low; outer_bits=6; inner_bits=7; full_default_groups=0; exceptions=7979,3.898,unknown function structural Verilog seed
ex286,ex286_unknown_13x13_rotate_high_split_default,unknown_13x13,rotate_high_split_default,student/work/reverse_unknown_20260603_1812/ex286/verilog/ex286_unknown_13x13_rotate_high_split_default.v,student/work/reverse_unknown_20260603_1812/ex286/aigs/ex286_unknown_13x13_rotate_high_split_default.aig,1,1,1,2561,16,40976,2376,17.245791,0,0,structural_exact,rotate=11; outer=high; outer_bits=7; inner_bits=6; full_default_groups=0; exceptions=7592,3.549,unknown function structural Verilog seed
ex286,ex286_unknown_13x13_rotate_low_split_default,unknown_13x13,rotate_low_split_default,student/work/reverse_unknown_20260603_1812/ex286/verilog/ex286_unknown_13x13_rotate_low_split_default.v,student/work/reverse_unknown_20260603_1812/ex286/aigs/ex286_unknown_13x13_rotate_low_split_default.aig,1,1,1,1865,14,26110,2376,10.989057,0,0,structural_exact,rotate=2; outer=low; outer_bits=6; inner_bits=7; full_default_groups=0; exceptions=7840,3.517,unknown function structural Verilog seed
ex286,ex286_unknown_13x13_value_case,unknown_13x13,value_case,student/work/reverse_unknown_20260603_1812/ex286/verilog/ex286_unknown_13x13_value_case.v,student/work/reverse_unknown_20260603_1812/ex286/aigs/ex286_unknown_13x13_value_case.aig,1,1,1,5867,20,117340,2376,49.385522,0,0,structural_exact,8192,3.936,unknown function structural Verilog seed
ex286,ex286_unknown_bit_hybrid_primary_5,unknown_bit_hybrid,primary_5,student/work/ex286_frontend_bit_hybrid_20260608_1548/ex286/verilog/ex286_unknown_bit_hybrid_primary_5.v,student/work/ex286_frontend_bit_hybrid_20260608_1548/ex286/aigs/ex286_unknown_bit_hybrid_primary_5.aig,1,1,1,1896,14,26544,2376,11.171717,0,0,structural_exact,primary_bits=5; secondary_bits=0:1:2:3:4:6:7:8:9:10:11:12; hash=678c4c56ed1a,3.166,bit-hybrid of two verified exact Verilog sources
ex286,ex286_unknown_bit_hybrid_primary_5_6,unknown_bit_hybrid,primary_5_6,student/work/ex286_frontend_bit_hybrid_20260608_1548/ex286/verilog/ex286_unknown_bit_hybrid_primary_5_6.v,student/work/ex286_frontend_bit_hybrid_20260608_1548/ex286/aigs/ex286_unknown_bit_hybrid_primary_5_6.aig,1,1,1,1871,15,28065,2376,11.811869,0,0,structural_exact,primary_bits=5:6; secondary_bits=0:1:2:3:4:7:8:9:10:11:12; hash=df4123ffcdd4,3.255,bit-hybrid of two verified exact Verilog sources
ex286,ex286_unknown_bit_hybrid_primary_5_6_7,unknown_bit_hybrid,primary_5_6_7,student/work/ex286_frontend_bit_hybrid_20260608_1548/ex286/verilog/ex286_unknown_bit_hybrid_primary_5_6_7.v,student/work/ex286_frontend_bit_hybrid_20260608_1548/ex286/aigs/ex286_unknown_bit_hybrid_primary_5_6_7.aig,1,1,1,1826,15,27390,2376,11.527778,0,0,structural_exact,primary_bits=5:6:7; secondary_bits=0:1:2:3:4:8:9:10:11:12; hash=87d6910fb456,3.360,bit-hybrid of two verified exact Verilog sources
ex286,ex286_unknown_bit_hybrid_primary_6,unknown_bit_hybrid,primary_6,student/work/ex286_frontend_bit_hybrid_20260608_1548/ex286/verilog/ex286_unknown_bit_hybrid_primary_6.v,student/work/ex286_frontend_bit_hybrid_20260608_1548/ex286/aigs/ex286_unknown_bit_hybrid_primary_6.aig,1,1,1,1878,14,26292,2376,11.065657,0,0,structural_exact,primary_bits=6; secondary_bits=0:1:2:3:4:5:7:8:9:10:11:12; hash=079ca9228478,3.084,bit-hybrid of two verified exact Verilog sources
ex286,ex286_unknown_bit_hybrid_primary_6_7,unknown_bit_hybrid,primary_6_7,student/work/ex286_frontend_bit_hybrid_20260608_1548/ex286/verilog/ex286_unknown_bit_hybrid_primary_6_7.v,student/work/ex286_frontend_bit_hybrid_20260608_1548/ex286/aigs/ex286_unknown_bit_hybrid_primary_6_7.aig,1,1,1,1889,15,28335,2376,11.925505,0,0,structural_exact,primary_bits=6:7; secondary_bits=0:1:2:3:4:5:8:9:10:11:12; hash=604ee7db837f,3.579,bit-hybrid of two verified exact Verilog sources
ex286,ex286_unknown_bit_hybrid_primary_7,unknown_bit_hybrid,primary_7,student/work/ex286_frontend_bit_hybrid_20260608_1548/ex286/verilog/ex286_unknown_bit_hybrid_primary_7.v,student/work/ex286_frontend_bit_hybrid_20260608_1548/ex286/aigs/ex286_unknown_bit_hybrid_primary_7.aig,1,1,1,1867,14,26138,2376,11.000842,0,0,structural_exact,primary_bits=7; secondary_bits=0:1:2:3:4:5:6:8:9:10:11:12; hash=accadcb9a7ab,4.532,bit-hybrid of two verified exact Verilog sources
ex286,ex286_unknown_paircount_mdd_interleave,unknown_paircount_mdd,interleave,student/work/ex286_ex287_frontend_paircount_mdd_20260609_0944/ex286/verilog/ex286_unknown_paircount_mdd_interleave.v,student/work/ex286_ex287_frontend_paircount_mdd_20260609_0944/ex286/aigs/ex286_unknown_paircount_mdd_interleave.aig,1,1,1,6942,22,152724,2376,64.277778,0,0,structural_exact,"pairs=4:5,6:7; order_style=interleave; mdd_nodes=3809; order=2:0:3:1:4:5:6:7:8:9:10; hash_pending=1; hash=672ba9440f63",2.765,pair-count multi-valued decision diagram
ex286,ex286_unknown_paircount_mdd_pairs_first,unknown_paircount_mdd,pairs_first,student/work/ex286_ex287_frontend_paircount_mdd_20260609_0944/ex286/verilog/ex286_unknown_paircount_mdd_pairs_first.v,student/work/ex286_ex287_frontend_paircount_mdd_20260609_0944/ex286/aigs/ex286_unknown_paircount_mdd_pairs_first.aig,1,1,1,6990,21,146790,2376,61.780303,0,0,structural_exact,"pairs=4:5,6:7; order_style=pairs_first; mdd_nodes=3918; order=0:1:2:3:4:5:6:7:8:9:10; hash_pending=1; hash=38e2753b08c5",2.745,pair-count multi-valued decision diagram
ex286,ex286_unknown_paircount_mdd_reverse,unknown_paircount_mdd,reverse,student/work/ex286_ex287_frontend_paircount_mdd_20260609_0944/ex286/verilog/ex286_unknown_paircount_mdd_reverse.v,student/work/ex286_ex287_frontend_paircount_mdd_20260609_0944/ex286/aigs/ex286_unknown_paircount_mdd_reverse.aig,1,1,1,1733,21,36393,2376,15.316919,0,0,structural_exact,"pairs=4:5,6:7; order_style=reverse; mdd_nodes=1016; order=10:9:8:7:6:5:4:3:2:1:0; hash_pending=1; hash=1445ccd7a1e1",1.102,pair-count multi-valued decision diagram
ex286,ex286_unknown_paircount_mdd_singles_first,unknown_paircount_mdd,singles_first,student/work/ex286_ex287_frontend_paircount_mdd_20260609_0944/ex286/verilog/ex286_unknown_paircount_mdd_singles_first.v,student/work/ex286_ex287_frontend_paircount_mdd_20260609_0944/ex286/aigs/ex286_unknown_paircount_mdd_singles_first.aig,1,1,1,2339,20,46780,2376,19.688552,0,0,structural_exact,"pairs=4:5,6:7; order_style=singles_first; mdd_nodes=1256; order=2:3:4:5:6:7:8:9:10:0:1; hash_pending=1; hash=98bedd88c082",1.243,pair-count multi-valued decision diagram
ex286,ex286_unknown_shared_bdd_13x13_order_0_12_1_11_2_10_3_9_4_8_5_7_6,unknown_shared_bdd_13x13,order_0_12_1_11_2_10_3_9_4_8_5_7_6,student/work/ex285_ex294_frontend_bdd_diagnostic_20260608_1225/ex286/verilog/ex286_unknown_shared_bdd_13x13_order_0_12_1_11_2_10_3_9_4_8_5_7_6.v,student/work/ex285_ex294_frontend_bdd_diagnostic_20260608_1225/ex286/aigs/ex286_unknown_shared_bdd_13x13_order_0_12_1_11_2_10_3_9_4_8_5_7_6.aig,1,1,1,1494,20,29880,2376,12.575758,0,0,structural_exact,order_name=order_0_12_1_11_2_10_3_9_4_8_5_7_6; order=0:12:1:11:2:10:3:9:4:8:5:7:6; bdd_nodes=837,1.353,unknown function shared-BDD Verilog seed
ex286,ex286_unknown_symbdd_interleave_f00,unknown_symmetry_canonical_bdd,interleave_f00,student/work/ex285_ex289_frontend_symmetry_bdd_20260608_1429/ex286/verilog/ex286_unknown_symbdd_interleave_f00.v,student/work/ex285_ex289_frontend_symmetry_bdd_20260608_1429/ex286/aigs/ex286_unknown_symbdd_interleave_f00.aig,1,1,1,1465,19,27835,2376,11.715067,0,0,structural_exact,pairs=4:5; order=interleave; invalid_policy=f00; bdd_nodes=821; hash=5201c9c6d379,1.419,unknown symmetry-canonical shared-BDD seed
ex286,ex286_unknown_symbdd_interleave_f10,unknown_symmetry_canonical_bdd,interleave_f10,student/work/ex285_ex289_frontend_symmetry_bdd_20260608_1429/ex286/verilog/ex286_unknown_symbdd_interleave_f10.v,student/work/ex285_ex289_frontend_symmetry_bdd_20260608_1429/ex286/aigs/ex286_unknown_symbdd_interleave_f10.aig,1,1,1,1477,18,26586,2376,11.189394,0,0,structural_exact,pairs=4:5; order=interleave; invalid_policy=f10; bdd_nodes=837; hash=a70b352c8a29,1.413,unknown symmetry-canonical shared-BDD seed
ex286,ex286_unknown_symbdd_interleave_zero,unknown_symmetry_canonical_bdd,interleave_zero,student/work/ex285_ex289_frontend_symmetry_bdd_20260608_1429/ex286/verilog/ex286_unknown_symbdd_interleave_zero.v,student/work/ex285_ex289_frontend_symmetry_bdd_20260608_1429/ex286/aigs/ex286_unknown_symbdd_interleave_zero.aig,1,1,1,1436,18,25848,2376,10.878788,0,0,structural_exact,pairs=4:5; order=interleave; invalid_policy=zero; bdd_nodes=852; hash=72b92720987e,1.418,unknown symmetry-canonical shared-BDD seed
ex286,ex286_unknown_symbdd_natural_f00,unknown_symmetry_canonical_bdd,natural_f00,student/work/ex285_ex289_frontend_symmetry_bdd_20260608_1429/ex286/verilog/ex286_unknown_symbdd_natural_f00.v,student/work/ex285_ex289_frontend_symmetry_bdd_20260608_1429/ex286/aigs/ex286_unknown_symbdd_natural_f00.aig,1,1,1,6945,21,145845,2376,61.382576,0,0,structural_exact,pairs=4:5; order=natural; invalid_policy=f00; bdd_nodes=4250; hash=f98d149f434e,7.384,unknown symmetry-canonical shared-BDD seed
ex286,ex286_unknown_symbdd_natural_f10,unknown_symmetry_canonical_bdd,natural_f10,student/work/ex285_ex289_frontend_symmetry_bdd_20260608_1429/ex286/verilog/ex286_unknown_symbdd_natural_f10.v,student/work/ex285_ex289_frontend_symmetry_bdd_20260608_1429/ex286/aigs/ex286_unknown_symbdd_natural_f10.aig,1,1,1,6995,20,139900,2376,58.880471,0,0,structural_exact,pairs=4:5; order=natural; invalid_policy=f10; bdd_nodes=4418; hash=b5b110b66dc1,3.520,unknown symmetry-canonical shared-BDD seed
ex286,ex286_unknown_symbdd_natural_zero,unknown_symmetry_canonical_bdd,natural_zero,student/work/ex285_ex289_frontend_symmetry_bdd_20260608_1429/ex286/verilog/ex286_unknown_symbdd_natural_zero.v,student/work/ex285_ex289_frontend_symmetry_bdd_20260608_1429/ex286/aigs/ex286_unknown_symbdd_natural_zero.aig,1,1,1,6829,21,143409,2376,60.357323,0,0,structural_exact,pairs=4:5; order=natural; invalid_policy=zero; bdd_nodes=4418; hash=3281cffa97c0,4.070,unknown symmetry-canonical shared-BDD seed
ex286,ex286_unknown_symbdd_sym_first_f00,unknown_symmetry_canonical_bdd,sym_first_f00,student/work/ex285_ex289_frontend_symmetry_bdd_20260608_1429/ex286/verilog/ex286_unknown_symbdd_sym_first_f00.v,student/work/ex285_ex289_frontend_symmetry_bdd_20260608_1429/ex286/aigs/ex286_unknown_symbdd_sym_first_f00.aig,1,1,1,7129,21,149709,2376,63.008838,0,0,structural_exact,pairs=4:5; order=sym_first; invalid_policy=f00; bdd_nodes=4294; hash=cbe2afcd7cfb,4.053,unknown symmetry-canonical shared-BDD seed
ex286,ex286_unknown_symbdd_sym_first_f10,unknown_symmetry_canonical_bdd,sym_first_f10,student/work/ex285_ex289_frontend_symmetry_bdd_20260608_1429/ex286/verilog/ex286_unknown_symbdd_sym_first_f10.v,student/work/ex285_ex289_frontend_symmetry_bdd_20260608_1429/ex286/aigs/ex286_unknown_symbdd_sym_first_f10.aig,1,1,1,7065,21,148365,2376,62.443182,0,0,structural_exact,pairs=4:5; order=sym_first; invalid_policy=f10; bdd_nodes=4307; hash=86fc0addfe15,3.564,unknown symmetry-canonical shared-BDD seed
ex286,ex286_unknown_symbdd_sym_first_zero,unknown_symmetry_canonical_bdd,sym_first_zero,student/work/ex285_ex289_frontend_symmetry_bdd_20260608_1429/ex286/verilog/ex286_unknown_symbdd_sym_first_zero.v,student/work/ex285_ex289_frontend_symmetry_bdd_20260608_1429/ex286/aigs/ex286_unknown_symbdd_sym_first_zero.aig,1,1,1,7038,20,140760,2376,59.242424,0,0,structural_exact,pairs=4:5; order=sym_first; invalid_policy=zero; bdd_nodes=4307; hash=1c0493a4792a,3.556,unknown symmetry-canonical shared-BDD seed
ex286,ex286_unknown_symcof_interleave_f00_k4_tree_group,unknown_symmetry_cofactor_classonehot,interleave_f00_k4_tree_group,student/work/ex286_frontend_symcof_tree_mux_20260609_0915/ex286/verilog/ex286_unknown_symcof_interleave_f00_k4_tree_group.v,student/work/ex286_frontend_symcof_tree_mux_20260609_0915/ex286/aigs/ex286_unknown_symcof_interleave_f00_k4_tree_group.aig,1,1,1,1472,18,26496,2376,11.151515,0,0,structural_exact,"pairs=4:5,6:7; order=interleave; policy=f00; mux_style=tree; bdd_share=group; outer_bits=0:12:1:11; inner_bits=2:3:4:5:6:7:8:9:10; classes=16; group_nodes=134:147:145:152:150:133:157:153:148:141:123:139:150:143:143:133; total_group_nodes=2291; anf_bits=; popcount_repair_bits=; hash=d46aae00023d",1.401,unknown symmetry cofactor class-onehot Verilog seed
ex287,ex287_decision_tree_greedy_abc_d20,unknown_14x14,abc_d20,student/work/reverse_unknown_20260603_1812/ex287/verilog/ex287_unknown_14x14_decision_tree_greedy.v,student/work/ex285_ex287_ex295_ex297_ex299_frontend_current_synthflow_20260608_1350/ex287/aigs/ex287_decision_tree_greedy_abc_d20.aig,1,1,1,1833,19,34827,5782,6.023348,0,0,synthflow_exact,Yosys abc delay target 20,35.047,Yosys abc delay target 20
ex287,ex287_decision_tree_greedy_abc_d21,unknown_14x14,abc_d21,student/work/reverse_unknown_20260603_1812/ex287/verilog/ex287_unknown_14x14_decision_tree_greedy.v,student/work/ex285_ex287_ex295_ex297_ex299_frontend_current_synthflow_20260608_1350/ex287/aigs/ex287_decision_tree_greedy_abc_d21.aig,1,1,1,1833,19,34827,5782,6.023348,0,0,synthflow_exact,Yosys abc delay target 21,35.662,Yosys abc delay target 21
ex287,ex287_decision_tree_greedy_abc_d22,unknown_14x14,abc_d22,student/work/reverse_unknown_20260603_1812/ex287/verilog/ex287_unknown_14x14_decision_tree_greedy.v,student/work/ex285_ex287_ex295_ex297_ex299_frontend_current_synthflow_20260608_1350/ex287/aigs/ex287_decision_tree_greedy_abc_d22.aig,1,1,1,1833,19,34827,5782,6.023348,0,0,synthflow_exact,Yosys abc delay target 22,33.378,Yosys abc delay target 22
ex287,ex287_decision_tree_greedy_abc_d24,unknown_14x14,abc_d24,student/work/reverse_unknown_20260603_1812/ex287/verilog/ex287_unknown_14x14_decision_tree_greedy.v,student/work/ex285_ex287_ex295_ex297_ex299_frontend_current_synthflow_20260608_1350/ex287/aigs/ex287_decision_tree_greedy_abc_d24.aig,1,1,1,1833,19,34827,5782,6.023348,0,0,synthflow_exact,Yosys abc delay target 24,34.980,Yosys abc delay target 24
ex287,ex287_decision_tree_greedy_abc_fast,unknown_14x14,abc_fast,student/work/reverse_unknown_20260603_1812/ex287/verilog/ex287_unknown_14x14_decision_tree_greedy.v,student/work/ex285_ex287_ex295_ex297_ex299_frontend_current_synthflow_20260608_1350/ex287/aigs/ex287_decision_tree_greedy_abc_fast.aig,1,1,1,3138,26,81588,5782,14.110688,0,0,synthflow_exact,Yosys abc fast script,39.552,Yosys abc fast script
ex287,ex287_decision_tree_greedy_abc_g_aig,unknown_14x14,abc_g_aig,student/work/reverse_unknown_20260603_1812/ex287/verilog/ex287_unknown_14x14_decision_tree_greedy.v,student/work/ex285_ex287_ex295_ex297_ex299_frontend_current_synthflow_20260608_1350/ex287/aigs/ex287_decision_tree_greedy_abc_g_aig.aig,1,1,1,1819,19,34561,5782,5.977343,0,0,synthflow_exact,Yosys abc gate set aig,35.632,Yosys abc gate set aig
ex287,ex287_decision_tree_greedy_abc_g_aig_d18,unknown_14x14,abc_g_aig_d18,student/work/reverse_unknown_20260603_1812/ex287/verilog/ex287_unknown_14x14_decision_tree_greedy.v,student/work/ex285_ex287_ex295_ex297_ex299_frontend_current_synthflow_20260608_1350/ex287/aigs/ex287_decision_tree_greedy_abc_g_aig_d18.aig,1,1,1,1819,19,34561,5782,5.977343,0,0,synthflow_exact,Yosys abc gate set aig delay target 18,36.020,Yosys abc gate set aig delay target 18
ex287,ex287_decision_tree_greedy_abc_g_aig_d19,unknown_14x14,abc_g_aig_d19,student/work/reverse_unknown_20260603_1812/ex287/verilog/ex287_unknown_14x14_decision_tree_greedy.v,student/work/ex285_ex287_ex295_ex297_ex299_frontend_current_synthflow_20260608_1350/ex287/aigs/ex287_decision_tree_greedy_abc_g_aig_d19.aig,1,1,1,1819,19,34561,5782,5.977343,0,0,synthflow_exact,Yosys abc gate set aig delay target 19,36.668,Yosys abc gate set aig delay target 19
ex287,ex287_decision_tree_greedy_abc_g_aig_d20,unknown_14x14,abc_g_aig_d20,student/work/reverse_unknown_20260603_1812/ex287/verilog/ex287_unknown_14x14_decision_tree_greedy.v,student/work/ex285_ex287_ex295_ex297_ex299_frontend_current_synthflow_20260608_1350/ex287/aigs/ex287_decision_tree_greedy_abc_g_aig_d20.aig,1,1,1,1819,19,34561,5782,5.977343,0,0,synthflow_exact,Yosys abc gate set aig delay target 20,35.551,Yosys abc gate set aig delay target 20
ex287,ex287_decision_tree_greedy_abc_g_aig_d21,unknown_14x14,abc_g_aig_d21,student/work/reverse_unknown_20260603_1812/ex287/verilog/ex287_unknown_14x14_decision_tree_greedy.v,student/work/ex285_ex287_ex295_ex297_ex299_frontend_current_synthflow_20260608_1350/ex287/aigs/ex287_decision_tree_greedy_abc_g_aig_d21.aig,1,1,1,1819,19,34561,5782,5.977343,0,0,synthflow_exact,Yosys abc gate set aig delay target 21,33.859,Yosys abc gate set aig delay target 21
ex287,ex287_decision_tree_greedy_abc_g_and_mux,unknown_14x14,abc_g_and_mux,student/work/reverse_unknown_20260603_1812/ex287/verilog/ex287_unknown_14x14_decision_tree_greedy.v,student/work/ex285_ex287_ex295_ex297_ex299_frontend_current_synthflow_20260608_1350/ex287/aigs/ex287_decision_tree_greedy_abc_g_and_mux.aig,1,1,1,1894,20,37880,5782,6.551366,0,0,synthflow_exact,"Yosys abc gate set AND,MUX",35.419,"Yosys abc gate set AND,MUX"
ex287,ex287_decision_tree_greedy_abc_g_cmos2,unknown_14x14,abc_g_cmos2,student/work/reverse_unknown_20260603_1812/ex287/verilog/ex287_unknown_14x14_decision_tree_greedy.v,student/work/ex285_ex287_ex295_ex297_ex299_frontend_current_synthflow_20260608_1350/ex287/aigs/ex287_decision_tree_greedy_abc_g_cmos2.aig,1,1,1,1858,19,35302,5782,6.105500,0,0,synthflow_exact,Yosys abc gate set cmos2,35.144,Yosys abc gate set cmos2
ex287,ex287_decision_tree_greedy_abc_g_gates,unknown_14x14,abc_g_gates,student/work/reverse_unknown_20260603_1812/ex287/verilog/ex287_unknown_14x14_decision_tree_greedy.v,student/work/ex285_ex287_ex295_ex297_ex299_frontend_current_synthflow_20260608_1350/ex287/aigs/ex287_decision_tree_greedy_abc_g_gates.aig,1,1,1,1819,19,34561,5782,5.977343,0,0,synthflow_exact,Yosys abc gate set gates,35.757,Yosys abc gate set gates
ex287,ex287_decision_tree_greedy_abc_g_simple,unknown_14x14,abc_g_simple,student/work/reverse_unknown_20260603_1812/ex287/verilog/ex287_unknown_14x14_decision_tree_greedy.v,student/work/ex285_ex287_ex295_ex297_ex299_frontend_current_synthflow_20260608_1350/ex287/aigs/ex287_decision_tree_greedy_abc_g_simple.aig,1,1,1,1842,20,36840,5782,6.371498,0,0,synthflow_exact,Yosys abc gate set simple,35.488,Yosys abc gate set simple
ex287,ex287_decision_tree_greedy_default_recheck,unknown_14x14,default_recheck,student/work/reverse_unknown_20260603_1812/ex287/verilog/ex287_unknown_14x14_decision_tree_greedy.v,student/work/ex285_ex287_ex295_ex297_ex299_frontend_current_synthflow_20260608_1350/ex287/aigs/ex287_decision_tree_greedy_default_recheck.aig,1,1,1,1833,19,34827,5782,6.023348,0,0,synthflow_exact,current project Yosys script sanity recheck,36.746,current project Yosys script sanity recheck
ex287,ex287_decision_tree_greedy_extra_opt_share,unknown_14x14,extra_opt_share,student/work/reverse_unknown_20260603_1812/ex287/verilog/ex287_unknown_14x14_decision_tree_greedy.v,student/work/ex285_ex287_ex295_ex297_ex299_frontend_current_synthflow_20260608_1350/ex287/aigs/ex287_decision_tree_greedy_extra_opt_share.aig,1,1,1,1834,20,36680,5782,6.343826,0,0,synthflow_exact,extra opt_reduce/opt_muxtree/wreduce/share before techmap,34.736,extra opt_reduce/opt_muxtree/wreduce/share before techmap
ex287,ex287_decision_tree_greedy_late_flatten,unknown_14x14,late_flatten,student/work/reverse_unknown_20260603_1812/ex287/verilog/ex287_unknown_14x14_decision_tree_greedy.v,student/work/ex285_ex287_ex295_ex297_ex299_frontend_current_synthflow_20260608_1350/ex287/aigs/ex287_decision_tree_greedy_late_flatten.aig,1,1,1,1833,19,34827,5782,6.023348,0,0,synthflow_exact,move flatten after techmap,36.755,move flatten after techmap
ex287,ex287_decision_tree_greedy_no_internal_abc,unknown_14x14,no_internal_abc,student/work/reverse_unknown_20260603_1812/ex287/verilog/ex287_unknown_14x14_decision_tree_greedy.v,student/work/ex285_ex287_ex295_ex297_ex299_frontend_current_synthflow_20260608_1350/ex287/aigs/ex287_decision_tree_greedy_no_internal_abc.aig,1,1,1,3211,26,83486,5782,14.438948,0,0,synthflow_exact,skip Yosys internal abc pass,35.303,skip Yosys internal abc pass
ex287,ex287_decision_tree_greedy_synth_preset,unknown_14x14,synth_preset,student/work/reverse_unknown_20260603_1812/ex287/verilog/ex287_unknown_14x14_decision_tree_greedy.v,student/work/ex285_ex287_ex295_ex297_ex299_frontend_current_synthflow_20260608_1350/ex287/aigs/ex287_decision_tree_greedy_synth_preset.aig,1,1,1,1743,18,31374,5782,5.426150,0,0,synthflow_exact,Yosys synth preset with flatten,58.232,Yosys synth preset with flatten
ex287,ex287_decision_tree_greedy_synth_preset_noabc,unknown_14x14,synth_preset_noabc,student/work/reverse_unknown_20260603_1812/ex287/verilog/ex287_unknown_14x14_decision_tree_greedy.v,student/work/ex285_ex287_ex295_ex297_ex299_frontend_current_synthflow_20260608_1350/ex287/aigs/ex287_decision_tree_greedy_synth_preset_noabc.aig,1,1,1,4653,26,120978,5782,20.923210,0,0,synthflow_exact,Yosys synth preset without abc,58.830,Yosys synth preset without abc
ex287,ex287_interleave_f00_k4_onehot_group_synth_preset,unknown_symmetry_cofactor_classonehot,synth_preset,student/work/ex287_frontend_symcof_selector_20260609_0828/ex287/verilog/ex287_unknown_symcof_interleave_f00_k4_onehot_group.v,student/work/ex287_frontend_symcof_selector_synthpreset_20260609_0938/ex287/aigs/ex287_interleave_f00_k4_onehot_group_synth_preset.aig,1,1,1,1699,18,30582,5782,5.289173,0,0,synthflow_exact,Yosys synth preset with flatten,1.541,Yosys synth preset with flatten
ex287,ex287_interleave_f10_abc_d20,unknown_symmetry_canonical_bdd,abc_d20,student/work/ex285_ex289_frontend_symmetry_bdd_20260608_1429/ex287/verilog/ex287_unknown_symbdd_interleave_f10.v,student/work/ex286_ex289_frontend_symmetry_bdd_synthflow2_20260608_1456/ex287/aigs/ex287_interleave_f10_abc_d20.aig,1,1,1,1768,19,33592,5782,5.809754,0,0,synthflow_exact,Yosys abc delay target 20,0.854,Yosys abc delay target 20
ex287,ex287_interleave_f10_abc_d21,unknown_symmetry_canonical_bdd,abc_d21,student/work/ex285_ex289_frontend_symmetry_bdd_20260608_1429/ex287/verilog/ex287_unknown_symbdd_interleave_f10.v,student/work/ex286_ex289_frontend_symmetry_bdd_synthflow2_20260608_1456/ex287/aigs/ex287_interleave_f10_abc_d21.aig,1,1,1,1768,19,33592,5782,5.809754,0,0,synthflow_exact,Yosys abc delay target 21,0.869,Yosys abc delay target 21
ex287,ex287_interleave_f10_abc_d22,unknown_symmetry_canonical_bdd,abc_d22,student/work/ex285_ex289_frontend_symmetry_bdd_20260608_1429/ex287/verilog/ex287_unknown_symbdd_interleave_f10.v,student/work/ex286_ex289_frontend_symmetry_bdd_synthflow2_20260608_1456/ex287/aigs/ex287_interleave_f10_abc_d22.aig,1,1,1,1768,19,33592,5782,5.809754,0,0,synthflow_exact,Yosys abc delay target 22,0.883,Yosys abc delay target 22
ex287,ex287_interleave_f10_abc_fast,unknown_symmetry_canonical_bdd,abc_fast,student/work/ex285_ex289_frontend_symmetry_bdd_20260608_1429/ex287/verilog/ex287_unknown_symbdd_interleave_f10.v,student/work/ex286_ex289_frontend_symmetry_bdd_synthflow2_20260608_1456/ex287/aigs/ex287_interleave_f10_abc_fast.aig,1,1,1,2385,26,62010,5782,10.724663,0,0,synthflow_exact,Yosys abc fast script,1.068,Yosys abc fast script
ex287,ex287_interleave_f10_abc_g_aig,unknown_symmetry_canonical_bdd,abc_g_aig,student/work/ex285_ex289_frontend_symmetry_bdd_20260608_1429/ex287/verilog/ex287_unknown_symbdd_interleave_f10.v,student/work/ex285_ex289_frontend_symmetry_bdd_synthflow_20260608_1449/ex287/aigs/ex287_interleave_f10_abc_g_aig.aig,1,1,1,1753,19,33307,5782,5.760464,0,0,synthflow_exact,Yosys abc gate set aig,0.914,Yosys abc gate set aig
ex287,ex287_interleave_f10_abc_g_aig_d20,unknown_symmetry_canonical_bdd,abc_g_aig_d20,student/work/ex285_ex289_frontend_symmetry_bdd_20260608_1429/ex287/verilog/ex287_unknown_symbdd_interleave_f10.v,student/work/ex285_ex289_frontend_symmetry_bdd_synthflow_20260608_1449/ex287/aigs/ex287_interleave_f10_abc_g_aig_d20.aig,1,1,1,1753,19,33307,5782,5.760464,0,0,synthflow_exact,Yosys abc gate set aig delay target 20,0.879,Yosys abc gate set aig delay target 20
ex287,ex287_interleave_f10_abc_g_and_mux,unknown_symmetry_canonical_bdd,abc_g_and_mux,student/work/ex285_ex289_frontend_symmetry_bdd_20260608_1429/ex287/verilog/ex287_unknown_symbdd_interleave_f10.v,student/work/ex286_ex289_frontend_symmetry_bdd_synthflow2_20260608_1456/ex287/aigs/ex287_interleave_f10_abc_g_and_mux.aig,1,1,1,1816,21,38136,5782,6.595642,0,0,synthflow_exact,"Yosys abc gate set AND,MUX",0.897,"Yosys abc gate set AND,MUX"
ex287,ex287_interleave_f10_abc_g_simple,unknown_symmetry_canonical_bdd,abc_g_simple,student/work/ex285_ex289_frontend_symmetry_bdd_20260608_1429/ex287/verilog/ex287_unknown_symbdd_interleave_f10.v,student/work/ex286_ex289_frontend_symmetry_bdd_synthflow2_20260608_1456/ex287/aigs/ex287_interleave_f10_abc_g_simple.aig,1,1,1,1800,21,37800,5782,6.537530,0,0,synthflow_exact,Yosys abc gate set simple,0.919,Yosys abc gate set simple
ex287,ex287_interleave_f10_extra_opt_share,unknown_symmetry_canonical_bdd,extra_opt_share,student/work/ex285_ex289_frontend_symmetry_bdd_20260608_1429/ex287/verilog/ex287_unknown_symbdd_interleave_f10.v,student/work/ex285_ex289_frontend_symmetry_bdd_synthflow_20260608_1449/ex287/aigs/ex287_interleave_f10_extra_opt_share.aig,1,1,1,1768,19,33592,5782,5.809754,0,0,synthflow_exact,extra opt_reduce/opt_muxtree/wreduce/share before techmap,5.487,extra opt_reduce/opt_muxtree/wreduce/share before techmap
ex287,ex287_interleave_f10_synth_preset,unknown_symmetry_canonical_bdd,synth_preset,student/work/ex285_ex289_frontend_symmetry_bdd_20260608_1429/ex287/verilog/ex287_unknown_symbdd_interleave_f10.v,student/work/ex285_ex289_frontend_symmetry_bdd_synthflow_20260608_1449/ex287/aigs/ex287_interleave_f10_synth_preset.aig,1,1,1,1723,18,31014,5782,5.363888,0,0,synthflow_exact,Yosys synth preset with flatten,2.698,Yosys synth preset with flatten
ex287,ex287_interleave_f10_synth_preset_noabc,unknown_symmetry_canonical_bdd,synth_preset_noabc,student/work/ex285_ex289_frontend_symmetry_bdd_20260608_1429/ex287/verilog/ex287_unknown_symbdd_interleave_f10.v,student/work/ex286_ex289_frontend_symmetry_bdd_synthflow2_20260608_1456/ex287/aigs/ex287_interleave_f10_synth_preset_noabc.aig,1,1,1,2385,26,62010,5782,10.724663,0,0,synthflow_exact,Yosys synth preset without abc,0.911,Yosys synth preset without abc
ex287,ex287_reverse_abc_g_aig,unknown_paircount_mdd,abc_g_aig,student/work/ex287_frontend_paircount_mdd_3pair_20260609_0947/ex287/verilog/ex287_unknown_paircount_mdd_reverse.v,student/work/ex287_frontend_paircount_mdd_synthflow_20260609_0949/ex287/aigs/ex287_reverse_abc_g_aig.aig,1,1,1,1763,20,35260,5782,6.098236,0,0,synthflow_exact,Yosys abc gate set aig,0.817,Yosys abc gate set aig
ex287,ex287_reverse_synth_preset,unknown_paircount_mdd,synth_preset,student/work/ex287_frontend_paircount_mdd_3pair_20260609_0947/ex287/verilog/ex287_unknown_paircount_mdd_reverse.v,student/work/ex287_frontend_paircount_mdd_synthflow_20260609_0949/ex287/aigs/ex287_reverse_synth_preset.aig,1,1,1,1723,19,32737,5782,5.661882,0,0,synthflow_exact,Yosys synth preset with flatten,1.047,Yosys synth preset with flatten
ex287,ex287_unknown_14x14_decision_tree_greedy,unknown_14x14,decision_tree_greedy,student/work/reverse_unknown_20260603_1812/ex287/verilog/ex287_unknown_14x14_decision_tree_greedy.v,student/work/reverse_unknown_20260603_1812/ex287/aigs/ex287_unknown_14x14_decision_tree_greedy.aig,1,1,1,1833,19,34827,5782,6.023348,0,0,structural_exact,nodes=16383; leaves=16384,33.725,unknown function structural Verilog seed
ex287,ex287_unknown_14x14_expr_default_exception,unknown_14x14,expr_default_exception,student/work/reverse_unknown_20260603_1812/ex287/verilog/ex287_unknown_14x14_expr_default_exception.v,student/work/reverse_unknown_20260603_1812/ex287/aigs/ex287_unknown_14x14_expr_default_exception.aig,1,1,1,20627,23,474421,5782,82.051366,0,0,structural_exact,expr=input; matches=107; exceptions=16277,41.109,unknown function structural Verilog seed
ex287,ex287_unknown_14x14_high_split_default,unknown_14x14,high_split_default,student/work/reverse_unknown_20260603_1812/ex287/verilog/ex287_unknown_14x14_high_split_default.v,student/work/reverse_unknown_20260603_1812/ex287/aigs/ex287_unknown_14x14_high_split_default.aig,1,1,1,11334,20,226680,5782,39.204428,0,0,structural_exact,rotate=0; outer=high; outer_bits=7; inner_bits=7; full_default_groups=0; exceptions=15947,8.951,unknown function structural Verilog seed
ex287,ex287_unknown_14x14_low_split_default,unknown_14x14,low_split_default,student/work/reverse_unknown_20260603_1812/ex287/verilog/ex287_unknown_14x14_low_split_default.v,student/work/reverse_unknown_20260603_1812/ex287/aigs/ex287_unknown_14x14_low_split_default.aig,1,1,1,6162,17,104754,5782,18.117260,0,0,structural_exact,rotate=0; outer=low; outer_bits=7; inner_bits=7; full_default_groups=0; exceptions=15981,7.570,unknown function structural Verilog seed
ex287,ex287_unknown_14x14_rotate_high_split_default,unknown_14x14,rotate_high_split_default,student/work/reverse_unknown_20260603_1812/ex287/verilog/ex287_unknown_14x14_rotate_high_split_default.v,student/work/reverse_unknown_20260603_1812/ex287/aigs/ex287_unknown_14x14_rotate_high_split_default.aig,1,1,1,2386,15,35790,5782,6.189900,0,0,structural_exact,rotate=11; outer=high; outer_bits=7; inner_bits=7; full_default_groups=0; exceptions=15352,6.012,unknown function structural Verilog seed
ex287,ex287_unknown_14x14_rotate_low_split_default,unknown_14x14,rotate_low_split_default,student/work/reverse_unknown_20260603_1812/ex287/verilog/ex287_unknown_14x14_rotate_low_split_default.v,student/work/reverse_unknown_20260603_1812/ex287/aigs/ex287_unknown_14x14_rotate_low_split_default.aig,1,1,1,2386,15,35790,5782,6.189900,0,0,structural_exact,rotate=4; outer=low; outer_bits=7; inner_bits=7; full_default_groups=0; exceptions=15352,5.966,unknown function structural Verilog seed
ex287,ex287_unknown_14x14_value_case,unknown_14x14,value_case,student/work/reverse_unknown_20260603_1812/ex287/verilog/ex287_unknown_14x14_value_case.v,student/work/reverse_unknown_20260603_1812/ex287/aigs/ex287_unknown_14x14_value_case.aig,1,1,1,9557,22,210254,5782,36.363542,0,0,structural_exact,16384,7.189,unknown function structural Verilog seed
ex287,ex287_unknown_paircount_mdd_interleave,unknown_paircount_mdd,interleave,student/work/ex286_ex287_frontend_paircount_mdd_20260609_0944/ex287/verilog/ex287_unknown_paircount_mdd_interleave.v,student/work/ex286_ex287_frontend_paircount_mdd_20260609_0944/ex287/aigs/ex287_unknown_paircount_mdd_interleave.aig,1,1,1,12254,22,269588,5782,46.625389,0,0,structural_exact,"pairs=4:5,6:7; order_style=interleave; mdd_nodes=7513; order=2:0:3:1:4:5:6:7:8:9:10:11; hash_pending=1; hash=e8e04e976019",5.736,pair-count multi-valued decision diagram
ex287,ex287_unknown_paircount_mdd_pairs_first,unknown_paircount_mdd,pairs_first,student/work/ex286_ex287_frontend_paircount_mdd_20260609_0944/ex287/verilog/ex287_unknown_paircount_mdd_pairs_first.v,student/work/ex286_ex287_frontend_paircount_mdd_20260609_0944/ex287/aigs/ex287_unknown_paircount_mdd_pairs_first.aig,1,1,1,12257,22,269654,5782,46.636804,0,0,structural_exact,"pairs=4:5,6:7; order_style=pairs_first; mdd_nodes=7611; order=0:1:2:3:4:5:6:7:8:9:10:11; hash_pending=1; hash=5f1b3ce0312c",5.677,pair-count multi-valued decision diagram
ex287,ex287_unknown_paircount_mdd_reverse,unknown_paircount_mdd,reverse,student/work/ex287_frontend_paircount_mdd_3pair_20260609_0947/ex287/verilog/ex287_unknown_paircount_mdd_reverse.v,student/work/ex287_frontend_paircount_mdd_3pair_20260609_0947/ex287/aigs/ex287_unknown_paircount_mdd_reverse.aig,1,1,1,1771,20,35420,5782,6.125908,0,0,structural_exact,"pairs=4:5,6:7,8:9; order_style=reverse; mdd_nodes=992; order=10:9:8:7:6:5:4:3:2:1:0; hash_pending=1; hash=0c4abf8117ee",1.543,pair-count multi-valued decision diagram
ex287,ex287_unknown_paircount_mdd_singles_first,unknown_paircount_mdd,singles_first,student/work/ex286_ex287_frontend_paircount_mdd_20260609_0944/ex287/verilog/ex287_unknown_paircount_mdd_singles_first.v,student/work/ex286_ex287_frontend_paircount_mdd_20260609_0944/ex287/aigs/ex287_unknown_paircount_mdd_singles_first.aig,1,1,1,3134,21,65814,5782,11.382567,0,0,structural_exact,"pairs=4:5,6:7; order_style=singles_first; mdd_nodes=1961; order=2:3:4:5:6:7:8:9:10:11:0:1; hash_pending=1; hash=75075c938ad4",2.149,pair-count multi-valued decision diagram
ex287,ex287_unknown_shared_bdd_14x14_order_0_13_1_12_2_11_3_10_4_9_5_8_6_7,unknown_shared_bdd_14x14,order_0_13_1_12_2_11_3_10_4_9_5_8_6_7,student/work/ex285_ex294_frontend_bdd_diagnostic_20260608_1225/ex287/verilog/ex287_unknown_shared_bdd_14x14_order_0_13_1_12_2_11_3_10_4_9_5_8_6_7.v,student/work/ex285_ex294_frontend_bdd_diagnostic_20260608_1225/ex287/aigs/ex287_unknown_shared_bdd_14x14_order_0_13_1_12_2_11_3_10_4_9_5_8_6_7.aig,1,1,1,1829,21,38409,5782,6.642857,0,0,structural_exact,order_name=order_0_13_1_12_2_11_3_10_4_9_5_8_6_7; order=0:13:1:12:2:11:3:10:4:9:5:8:6:7; bdd_nodes=1088,2.512,unknown function shared-BDD Verilog seed
ex287,ex287_unknown_symbdd_interleave_f00,unknown_symmetry_canonical_bdd,interleave_f00,student/work/ex285_ex289_frontend_symmetry_bdd_20260608_1429/ex287/verilog/ex287_unknown_symbdd_interleave_f00.v,student/work/ex285_ex289_frontend_symmetry_bdd_20260608_1429/ex287/aigs/ex287_unknown_symbdd_interleave_f00.aig,1,1,1,1771,19,33649,5782,5.819613,0,0,structural_exact,pairs=4:5; order=interleave; invalid_policy=f00; bdd_nodes=1051; hash=8e26dc54d35a,2.545,unknown symmetry-canonical shared-BDD seed
ex287,ex287_unknown_symbdd_interleave_f10,unknown_symmetry_canonical_bdd,interleave_f10,student/work/ex285_ex289_frontend_symmetry_bdd_20260608_1429/ex287/verilog/ex287_unknown_symbdd_interleave_f10.v,student/work/ex285_ex289_frontend_symmetry_bdd_20260608_1429/ex287/aigs/ex287_unknown_symbdd_interleave_f10.aig,1,1,1,1768,19,33592,5782,5.809754,0,0,structural_exact,pairs=4:5; order=interleave; invalid_policy=f10; bdd_nodes=1088; hash=581ca563b574,2.553,unknown symmetry-canonical shared-BDD seed
ex287,ex287_unknown_symbdd_interleave_zero,unknown_symmetry_canonical_bdd,interleave_zero,student/work/ex285_ex289_frontend_symmetry_bdd_20260608_1429/ex287/verilog/ex287_unknown_symbdd_interleave_zero.v,student/work/ex285_ex289_frontend_symmetry_bdd_20260608_1429/ex287/aigs/ex287_unknown_symbdd_interleave_zero.aig,1,1,1,1807,21,37947,5782,6.562954,0,0,structural_exact,pairs=4:5; order=interleave; invalid_policy=zero; bdd_nodes=1092; hash=fda2a83d64c5,2.600,unknown symmetry-canonical shared-BDD seed
ex287,ex287_unknown_symbdd_natural_f00,unknown_symmetry_canonical_bdd,natural_f00,student/work/ex285_ex289_frontend_symmetry_bdd_20260608_1429/ex287/verilog/ex287_unknown_symbdd_natural_f00.v,student/work/ex285_ex289_frontend_symmetry_bdd_20260608_1429/ex287/aigs/ex287_unknown_symbdd_natural_f00.aig,1,1,1,11765,22,258830,5782,44.764787,0,0,structural_exact,pairs=4:5; order=natural; invalid_policy=f00; bdd_nodes=7767; hash=b66c6c7ee9cc,7.459,unknown symmetry-canonical shared-BDD seed
ex287,ex287_unknown_symbdd_natural_f10,unknown_symmetry_canonical_bdd,natural_f10,student/work/ex285_ex289_frontend_symmetry_bdd_20260608_1429/ex287/verilog/ex287_unknown_symbdd_natural_f10.v,student/work/ex285_ex289_frontend_symmetry_bdd_20260608_1429/ex287/aigs/ex287_unknown_symbdd_natural_f10.aig,1,1,1,11814,23,271722,5782,46.994466,0,0,structural_exact,pairs=4:5; order=natural; invalid_policy=f10; bdd_nodes=7959; hash=5a2055b83a68,7.619,unknown symmetry-canonical shared-BDD seed
ex287,ex287_unknown_symbdd_natural_zero,unknown_symmetry_canonical_bdd,natural_zero,student/work/ex285_ex289_frontend_symmetry_bdd_20260608_1429/ex287/verilog/ex287_unknown_symbdd_natural_zero.v,student/work/ex285_ex289_frontend_symmetry_bdd_20260608_1429/ex287/aigs/ex287_unknown_symbdd_natural_zero.aig,1,1,1,11616,22,255552,5782,44.197855,0,0,structural_exact,pairs=4:5; order=natural; invalid_policy=zero; bdd_nodes=7959; hash=7f5950ebc17d,7.866,unknown symmetry-canonical shared-BDD seed
ex287,ex287_unknown_symbdd_sym_first_f00,unknown_symmetry_canonical_bdd,sym_first_f00,student/work/ex285_ex289_frontend_symmetry_bdd_20260608_1429/ex287/verilog/ex287_unknown_symbdd_sym_first_f00.v,student/work/ex285_ex289_frontend_symmetry_bdd_20260608_1429/ex287/aigs/ex287_unknown_symbdd_sym_first_f00.aig,1,1,1,11904,22,261888,5782,45.293670,0,0,structural_exact,pairs=4:5; order=sym_first; invalid_policy=f00; bdd_nodes=7831; hash=1453a47963c3,7.541,unknown symmetry-canonical shared-BDD seed
ex287,ex287_unknown_symbdd_sym_first_f10,unknown_symmetry_canonical_bdd,sym_first_f10,student/work/ex285_ex289_frontend_symmetry_bdd_20260608_1429/ex287/verilog/ex287_unknown_symbdd_sym_first_f10.v,student/work/ex285_ex289_frontend_symmetry_bdd_20260608_1429/ex287/aigs/ex287_unknown_symbdd_sym_first_f10.aig,1,1,1,11874,22,261228,5782,45.179523,0,0,structural_exact,pairs=4:5; order=sym_first; invalid_policy=f10; bdd_nodes=7845; hash=e69d1c7697bb,7.830,unknown symmetry-canonical shared-BDD seed
ex287,ex287_unknown_symbdd_sym_first_zero,unknown_symmetry_canonical_bdd,sym_first_zero,student/work/ex285_ex289_frontend_symmetry_bdd_20260608_1429/ex287/verilog/ex287_unknown_symbdd_sym_first_zero.v,student/work/ex285_ex289_frontend_symmetry_bdd_20260608_1429/ex287/aigs/ex287_unknown_symbdd_sym_first_zero.aig,1,1,1,11981,23,275563,5782,47.658769,0,0,structural_exact,pairs=4:5; order=sym_first; invalid_policy=zero; bdd_nodes=7845; hash=5deafcfba5d1,7.684,unknown symmetry-canonical shared-BDD seed
ex287,ex287_unknown_symcof_interleave_f00_k5_tree_group,unknown_symmetry_cofactor_classonehot,interleave_f00_k5_tree_group,student/work/ex287_frontend_symcof_tree_mux_20260609_0916/ex287/verilog/ex287_unknown_symcof_interleave_f00_k5_tree_group.v,student/work/ex287_frontend_symcof_tree_mux_20260609_0916/ex287/aigs/ex287_unknown_symcof_interleave_f00_k5_tree_group.aig,1,1,1,1847,18,33246,5782,5.749914,0,0,structural_exact,"pairs=4:5,6:7,8:9; order=interleave; policy=f00; mux_style=tree; bdd_share=group; outer_bits=0:13:1:12:2; inner_bits=3:4:5:6:7:8:9:10:11; classes=32; group_nodes=138:138:129:124:162:117:124:96:104:111:104:114:119:106:133:125:133:119:125:113:135:119:119:109:129:114:134:127:110:92:133:117; total_group_nodes=3872; anf_bits=; popcount_repair_bits=; hash=d9e90b89667e",2.393,unknown symmetry cofactor class-onehot Verilog seed
ex288,ex288_interleave_f10_abc_d20,unknown_symmetry_canonical_bdd,abc_d20,student/work/ex285_ex289_frontend_symmetry_bdd_20260608_1429/ex288/verilog/ex288_unknown_symbdd_interleave_f10.v,student/work/ex286_ex289_frontend_symmetry_bdd_synthflow2_20260608_1456/ex288/aigs/ex288_interleave_f10_abc_d20.aig,1,1,1,1944,20,38880,16394,2.371599,0,0,synthflow_exact,Yosys abc delay target 20,1.271,Yosys abc delay target 20
ex288,ex288_interleave_f10_abc_d21,unknown_symmetry_canonical_bdd,abc_d21,student/work/ex285_ex289_frontend_symmetry_bdd_20260608_1429/ex288/verilog/ex288_unknown_symbdd_interleave_f10.v,student/work/ex286_ex289_frontend_symmetry_bdd_synthflow2_20260608_1456/ex288/aigs/ex288_interleave_f10_abc_d21.aig,1,1,1,1944,20,38880,16394,2.371599,0,0,synthflow_exact,Yosys abc delay target 21,1.138,Yosys abc delay target 21
ex288,ex288_interleave_f10_abc_d22,unknown_symmetry_canonical_bdd,abc_d22,student/work/ex285_ex289_frontend_symmetry_bdd_20260608_1429/ex288/verilog/ex288_unknown_symbdd_interleave_f10.v,student/work/ex286_ex289_frontend_symmetry_bdd_synthflow2_20260608_1456/ex288/aigs/ex288_interleave_f10_abc_d22.aig,1,1,1,1944,20,38880,16394,2.371599,0,0,synthflow_exact,Yosys abc delay target 22,1.169,Yosys abc delay target 22
ex288,ex288_interleave_f10_abc_fast,unknown_symmetry_canonical_bdd,abc_fast,student/work/ex285_ex289_frontend_symmetry_bdd_20260608_1429/ex288/verilog/ex288_unknown_symbdd_interleave_f10.v,student/work/ex286_ex289_frontend_symmetry_bdd_synthflow2_20260608_1456/ex288/aigs/ex288_interleave_f10_abc_fast.aig,1,1,1,2622,27,70794,16394,4.318287,0,0,synthflow_exact,Yosys abc fast script,1.133,Yosys abc fast script
ex288,ex288_interleave_f10_abc_g_aig,unknown_symmetry_canonical_bdd,abc_g_aig,student/work/ex285_ex289_frontend_symmetry_bdd_20260608_1429/ex288/verilog/ex288_unknown_symbdd_interleave_f10.v,student/work/ex285_ex289_frontend_symmetry_bdd_synthflow_20260608_1449/ex288/aigs/ex288_interleave_f10_abc_g_aig.aig,1,1,1,1934,19,36746,16394,2.241430,0,0,synthflow_exact,Yosys abc gate set aig,1.259,Yosys abc gate set aig
ex288,ex288_interleave_f10_abc_g_aig_d20,unknown_symmetry_canonical_bdd,abc_g_aig_d20,student/work/ex285_ex289_frontend_symmetry_bdd_20260608_1429/ex288/verilog/ex288_unknown_symbdd_interleave_f10.v,student/work/ex285_ex289_frontend_symmetry_bdd_synthflow_20260608_1449/ex288/aigs/ex288_interleave_f10_abc_g_aig_d20.aig,1,1,1,1934,19,36746,16394,2.241430,0,0,synthflow_exact,Yosys abc gate set aig delay target 20,1.194,Yosys abc gate set aig delay target 20
ex288,ex288_interleave_f10_abc_g_and_mux,unknown_symmetry_canonical_bdd,abc_g_and_mux,student/work/ex285_ex289_frontend_symmetry_bdd_20260608_1429/ex288/verilog/ex288_unknown_symbdd_interleave_f10.v,student/work/ex286_ex289_frontend_symmetry_bdd_synthflow2_20260608_1456/ex288/aigs/ex288_interleave_f10_abc_g_and_mux.aig,1,1,1,2012,20,40240,16394,2.454557,0,0,synthflow_exact,"Yosys abc gate set AND,MUX",1.205,"Yosys abc gate set AND,MUX"
ex288,ex288_interleave_f10_abc_g_simple,unknown_symmetry_canonical_bdd,abc_g_simple,student/work/ex285_ex289_frontend_symmetry_bdd_20260608_1429/ex288/verilog/ex288_unknown_symbdd_interleave_f10.v,student/work/ex286_ex289_frontend_symmetry_bdd_synthflow2_20260608_1456/ex288/aigs/ex288_interleave_f10_abc_g_simple.aig,1,1,1,1966,22,43252,16394,2.638282,0,0,synthflow_exact,Yosys abc gate set simple,1.196,Yosys abc gate set simple
ex288,ex288_interleave_f10_extra_opt_share,unknown_symmetry_canonical_bdd,extra_opt_share,student/work/ex285_ex289_frontend_symmetry_bdd_20260608_1429/ex288/verilog/ex288_unknown_symbdd_interleave_f10.v,student/work/ex285_ex289_frontend_symmetry_bdd_synthflow_20260608_1449/ex288/aigs/ex288_interleave_f10_extra_opt_share.aig,1,1,1,1944,20,38880,16394,2.371599,0,0,synthflow_exact,extra opt_reduce/opt_muxtree/wreduce/share before techmap,1.200,extra opt_reduce/opt_muxtree/wreduce/share before techmap
ex288,ex288_interleave_f10_k4_case_group_synth_preset,unknown_symmetry_cofactor_classonehot,synth_preset,student/work/ex288_frontend_symcof_selector01_20260609_0847/ex288/verilog/ex288_unknown_symcof_interleave_f10_k4_case_group.v,student/work/ex288_frontend_symcof_selector01_synthpreset_20260609_0938/ex288/aigs/ex288_interleave_f10_k4_case_group_synth_preset.aig,1,1,1,1872,18,33696,16394,2.055386,0,0,synthflow_exact,Yosys synth preset with flatten,1.996,Yosys synth preset with flatten
ex288,ex288_interleave_f10_synth_preset,unknown_symmetry_canonical_bdd,synth_preset,student/work/ex285_ex289_frontend_symmetry_bdd_20260608_1429/ex288/verilog/ex288_unknown_symbdd_interleave_f10.v,student/work/ex285_ex289_frontend_symmetry_bdd_synthflow_20260608_1449/ex288/aigs/ex288_interleave_f10_synth_preset.aig,1,1,1,1877,19,35663,16394,2.175369,0,0,synthflow_exact,Yosys synth preset with flatten,1.598,Yosys synth preset with flatten
ex288,ex288_interleave_f10_synth_preset_noabc,unknown_symmetry_canonical_bdd,synth_preset_noabc,student/work/ex285_ex289_frontend_symmetry_bdd_20260608_1429/ex288/verilog/ex288_unknown_symbdd_interleave_f10.v,student/work/ex286_ex289_frontend_symmetry_bdd_synthflow2_20260608_1456/ex288/aigs/ex288_interleave_f10_synth_preset_noabc.aig,1,1,1,2616,27,70632,16394,4.308406,0,0,synthflow_exact,Yosys synth preset without abc,1.233,Yosys synth preset without abc
ex288,ex288_order_0_14_1_13_2_12_3_11_4_10_5_9_6_8_7_abc_d20,unknown_shared_bdd_15x15,abc_d20,student/work/ex285_ex294_frontend_bdd_diagnostic_20260608_1225/ex288/verilog/ex288_unknown_shared_bdd_15x15_order_0_14_1_13_2_12_3_11_4_10_5_9_6_8_7.v,student/work/ex288_ex289_ex292_ex294_frontend_bdd_synthflow_20260608_1235/ex288/aigs/ex288_order_0_14_1_13_2_12_3_11_4_10_5_9_6_8_7_abc_d20.aig,1,1,1,2012,22,44264,16394,2.700012,0,0,synthflow_exact,Yosys abc delay target 20,1.185,Yosys abc delay target 20
ex288,ex288_order_0_14_1_13_2_12_3_11_4_10_5_9_6_8_7_abc_d21,unknown_shared_bdd_15x15,abc_d21,student/work/ex285_ex294_frontend_bdd_diagnostic_20260608_1225/ex288/verilog/ex288_unknown_shared_bdd_15x15_order_0_14_1_13_2_12_3_11_4_10_5_9_6_8_7.v,student/work/ex288_ex289_ex292_ex294_frontend_bdd_synthflow_20260608_1235/ex288/aigs/ex288_order_0_14_1_13_2_12_3_11_4_10_5_9_6_8_7_abc_d21.aig,1,1,1,2012,22,44264,16394,2.700012,0,0,synthflow_exact,Yosys abc delay target 21,1.368,Yosys abc delay target 21
ex288,ex288_order_0_14_1_13_2_12_3_11_4_10_5_9_6_8_7_abc_d22,unknown_shared_bdd_15x15,abc_d22,student/work/ex285_ex294_frontend_bdd_diagnostic_20260608_1225/ex288/verilog/ex288_unknown_shared_bdd_15x15_order_0_14_1_13_2_12_3_11_4_10_5_9_6_8_7.v,student/work/ex288_ex289_ex292_ex294_frontend_bdd_synthflow_20260608_1235/ex288/aigs/ex288_order_0_14_1_13_2_12_3_11_4_10_5_9_6_8_7_abc_d22.aig,1,1,1,2012,22,44264,16394,2.700012,0,0,synthflow_exact,Yosys abc delay target 22,1.222,Yosys abc delay target 22
ex288,ex288_order_0_14_1_13_2_12_3_11_4_10_5_9_6_8_7_abc_d24,unknown_shared_bdd_15x15,abc_d24,student/work/ex285_ex294_frontend_bdd_diagnostic_20260608_1225/ex288/verilog/ex288_unknown_shared_bdd_15x15_order_0_14_1_13_2_12_3_11_4_10_5_9_6_8_7.v,student/work/ex288_ex289_ex292_ex294_frontend_bdd_synthflow_20260608_1235/ex288/aigs/ex288_order_0_14_1_13_2_12_3_11_4_10_5_9_6_8_7_abc_d24.aig,1,1,1,2012,22,44264,16394,2.700012,0,0,synthflow_exact,Yosys abc delay target 24,1.165,Yosys abc delay target 24
ex288,ex288_order_0_14_1_13_2_12_3_11_4_10_5_9_6_8_7_abc_fast,unknown_shared_bdd_15x15,abc_fast,student/work/ex285_ex294_frontend_bdd_diagnostic_20260608_1225/ex288/verilog/ex288_unknown_shared_bdd_15x15_order_0_14_1_13_2_12_3_11_4_10_5_9_6_8_7.v,student/work/ex288_ex289_ex292_ex294_frontend_bdd_synthflow_20260608_1235/ex288/aigs/ex288_order_0_14_1_13_2_12_3_11_4_10_5_9_6_8_7_abc_fast.aig,1,1,1,2621,27,70767,16394,4.316640,0,0,synthflow_exact,Yosys abc fast script,1.126,Yosys abc fast script
ex288,ex288_order_0_14_1_13_2_12_3_11_4_10_5_9_6_8_7_abc_g_aig,unknown_shared_bdd_15x15,abc_g_aig,student/work/ex285_ex294_frontend_bdd_diagnostic_20260608_1225/ex288/verilog/ex288_unknown_shared_bdd_15x15_order_0_14_1_13_2_12_3_11_4_10_5_9_6_8_7.v,student/work/ex288_ex289_ex292_ex294_frontend_bdd_synthflow_20260608_1235/ex288/aigs/ex288_order_0_14_1_13_2_12_3_11_4_10_5_9_6_8_7_abc_g_aig.aig,1,1,1,2006,21,42126,16394,2.569599,0,0,synthflow_exact,Yosys abc gate set aig,1.182,Yosys abc gate set aig
ex288,ex288_order_0_14_1_13_2_12_3_11_4_10_5_9_6_8_7_abc_g_aig_d18,unknown_shared_bdd_15x15,abc_g_aig_d18,student/work/ex285_ex294_frontend_bdd_diagnostic_20260608_1225/ex288/verilog/ex288_unknown_shared_bdd_15x15_order_0_14_1_13_2_12_3_11_4_10_5_9_6_8_7.v,student/work/ex288_ex289_ex292_ex294_frontend_bdd_synthflow_20260608_1235/ex288/aigs/ex288_order_0_14_1_13_2_12_3_11_4_10_5_9_6_8_7_abc_g_aig_d18.aig,1,1,1,2006,21,42126,16394,2.569599,0,0,synthflow_exact,Yosys abc gate set aig delay target 18,1.180,Yosys abc gate set aig delay target 18
ex288,ex288_order_0_14_1_13_2_12_3_11_4_10_5_9_6_8_7_abc_g_aig_d19,unknown_shared_bdd_15x15,abc_g_aig_d19,student/work/ex285_ex294_frontend_bdd_diagnostic_20260608_1225/ex288/verilog/ex288_unknown_shared_bdd_15x15_order_0_14_1_13_2_12_3_11_4_10_5_9_6_8_7.v,student/work/ex288_ex289_ex292_ex294_frontend_bdd_synthflow_20260608_1235/ex288/aigs/ex288_order_0_14_1_13_2_12_3_11_4_10_5_9_6_8_7_abc_g_aig_d19.aig,1,1,1,2006,21,42126,16394,2.569599,0,0,synthflow_exact,Yosys abc gate set aig delay target 19,1.172,Yosys abc gate set aig delay target 19
ex288,ex288_order_0_14_1_13_2_12_3_11_4_10_5_9_6_8_7_abc_g_aig_d20,unknown_shared_bdd_15x15,abc_g_aig_d20,student/work/ex285_ex294_frontend_bdd_diagnostic_20260608_1225/ex288/verilog/ex288_unknown_shared_bdd_15x15_order_0_14_1_13_2_12_3_11_4_10_5_9_6_8_7.v,student/work/ex288_ex289_ex292_ex294_frontend_bdd_synthflow_20260608_1235/ex288/aigs/ex288_order_0_14_1_13_2_12_3_11_4_10_5_9_6_8_7_abc_g_aig_d20.aig,1,1,1,2006,21,42126,16394,2.569599,0,0,synthflow_exact,Yosys abc gate set aig delay target 20,1.167,Yosys abc gate set aig delay target 20
ex288,ex288_order_0_14_1_13_2_12_3_11_4_10_5_9_6_8_7_abc_g_aig_d21,unknown_shared_bdd_15x15,abc_g_aig_d21,student/work/ex285_ex294_frontend_bdd_diagnostic_20260608_1225/ex288/verilog/ex288_unknown_shared_bdd_15x15_order_0_14_1_13_2_12_3_11_4_10_5_9_6_8_7.v,student/work/ex288_ex289_ex292_ex294_frontend_bdd_synthflow_20260608_1235/ex288/aigs/ex288_order_0_14_1_13_2_12_3_11_4_10_5_9_6_8_7_abc_g_aig_d21.aig,1,1,1,2006,21,42126,16394,2.569599,0,0,synthflow_exact,Yosys abc gate set aig delay target 21,1.159,Yosys abc gate set aig delay target 21
ex288,ex288_order_0_14_1_13_2_12_3_11_4_10_5_9_6_8_7_abc_g_and_mux,unknown_shared_bdd_15x15,abc_g_and_mux,student/work/ex285_ex294_frontend_bdd_diagnostic_20260608_1225/ex288/verilog/ex288_unknown_shared_bdd_15x15_order_0_14_1_13_2_12_3_11_4_10_5_9_6_8_7.v,student/work/ex288_ex289_ex292_ex294_frontend_bdd_synthflow_20260608_1235/ex288/aigs/ex288_order_0_14_1_13_2_12_3_11_4_10_5_9_6_8_7_abc_g_and_mux.aig,1,1,1,2095,23,48185,16394,2.939185,0,0,synthflow_exact,"Yosys abc gate set AND,MUX",1.217,"Yosys abc gate set AND,MUX"
ex288,ex288_order_0_14_1_13_2_12_3_11_4_10_5_9_6_8_7_abc_g_cmos2,unknown_shared_bdd_15x15,abc_g_cmos2,student/work/ex285_ex294_frontend_bdd_diagnostic_20260608_1225/ex288/verilog/ex288_unknown_shared_bdd_15x15_order_0_14_1_13_2_12_3_11_4_10_5_9_6_8_7.v,student/work/ex288_ex289_ex292_ex294_frontend_bdd_synthflow_20260608_1235/ex288/aigs/ex288_order_0_14_1_13_2_12_3_11_4_10_5_9_6_8_7_abc_g_cmos2.aig,1,1,1,2072,22,45584,16394,2.780529,0,0,synthflow_exact,Yosys abc gate set cmos2,1.203,Yosys abc gate set cmos2
ex288,ex288_order_0_14_1_13_2_12_3_11_4_10_5_9_6_8_7_abc_g_gates,unknown_shared_bdd_15x15,abc_g_gates,student/work/ex285_ex294_frontend_bdd_diagnostic_20260608_1225/ex288/verilog/ex288_unknown_shared_bdd_15x15_order_0_14_1_13_2_12_3_11_4_10_5_9_6_8_7.v,student/work/ex288_ex289_ex292_ex294_frontend_bdd_synthflow_20260608_1235/ex288/aigs/ex288_order_0_14_1_13_2_12_3_11_4_10_5_9_6_8_7_abc_g_gates.aig,1,1,1,2006,21,42126,16394,2.569599,0,0,synthflow_exact,Yosys abc gate set gates,1.167,Yosys abc gate set gates
ex288,ex288_order_0_14_1_13_2_12_3_11_4_10_5_9_6_8_7_abc_g_simple,unknown_shared_bdd_15x15,abc_g_simple,student/work/ex285_ex294_frontend_bdd_diagnostic_20260608_1225/ex288/verilog/ex288_unknown_shared_bdd_15x15_order_0_14_1_13_2_12_3_11_4_10_5_9_6_8_7.v,student/work/ex288_ex289_ex292_ex294_frontend_bdd_synthflow_20260608_1235/ex288/aigs/ex288_order_0_14_1_13_2_12_3_11_4_10_5_9_6_8_7_abc_g_simple.aig,1,1,1,2053,22,45166,16394,2.755032,0,0,synthflow_exact,Yosys abc gate set simple,1.230,Yosys abc gate set simple
ex288,ex288_order_0_14_1_13_2_12_3_11_4_10_5_9_6_8_7_default_recheck,unknown_shared_bdd_15x15,default_recheck,student/work/ex285_ex294_frontend_bdd_diagnostic_20260608_1225/ex288/verilog/ex288_unknown_shared_bdd_15x15_order_0_14_1_13_2_12_3_11_4_10_5_9_6_8_7.v,student/work/ex288_ex289_ex292_ex294_frontend_bdd_synthflow_20260608_1235/ex288/aigs/ex288_order_0_14_1_13_2_12_3_11_4_10_5_9_6_8_7_default_recheck.aig,1,1,1,2012,22,44264,16394,2.700012,0,0,synthflow_exact,current project Yosys script sanity recheck,1.151,current project Yosys script sanity recheck
ex288,ex288_order_0_14_1_13_2_12_3_11_4_10_5_9_6_8_7_extra_opt_share,unknown_shared_bdd_15x15,extra_opt_share,student/work/ex285_ex294_frontend_bdd_diagnostic_20260608_1225/ex288/verilog/ex288_unknown_shared_bdd_15x15_order_0_14_1_13_2_12_3_11_4_10_5_9_6_8_7.v,student/work/ex288_ex289_ex292_ex294_frontend_bdd_synthflow_20260608_1235/ex288/aigs/ex288_order_0_14_1_13_2_12_3_11_4_10_5_9_6_8_7_extra_opt_share.aig,1,1,1,2012,22,44264,16394,2.700012,0,0,synthflow_exact,extra opt_reduce/opt_muxtree/wreduce/share before techmap,1.212,extra opt_reduce/opt_muxtree/wreduce/share before techmap
ex288,ex288_order_0_14_1_13_2_12_3_11_4_10_5_9_6_8_7_late_flatten,unknown_shared_bdd_15x15,late_flatten,student/work/ex285_ex294_frontend_bdd_diagnostic_20260608_1225/ex288/verilog/ex288_unknown_shared_bdd_15x15_order_0_14_1_13_2_12_3_11_4_10_5_9_6_8_7.v,student/work/ex288_ex289_ex292_ex294_frontend_bdd_synthflow_20260608_1235/ex288/aigs/ex288_order_0_14_1_13_2_12_3_11_4_10_5_9_6_8_7_late_flatten.aig,1,1,1,2012,22,44264,16394,2.700012,0,0,synthflow_exact,move flatten after techmap,1.186,move flatten after techmap
ex288,ex288_order_0_14_1_13_2_12_3_11_4_10_5_9_6_8_7_no_internal_abc,unknown_shared_bdd_15x15,no_internal_abc,student/work/ex285_ex294_frontend_bdd_diagnostic_20260608_1225/ex288/verilog/ex288_unknown_shared_bdd_15x15_order_0_14_1_13_2_12_3_11_4_10_5_9_6_8_7.v,student/work/ex288_ex289_ex292_ex294_frontend_bdd_synthflow_20260608_1235/ex288/aigs/ex288_order_0_14_1_13_2_12_3_11_4_10_5_9_6_8_7_no_internal_abc.aig,1,1,1,2626,28,73528,16394,4.485056,0,0,synthflow_exact,skip Yosys internal abc pass,0.963,skip Yosys internal abc pass
ex288,ex288_order_0_14_1_13_2_12_3_11_4_10_5_9_6_8_7_synth_preset,unknown_shared_bdd_15x15,synth_preset,student/work/ex285_ex294_frontend_bdd_diagnostic_20260608_1225/ex288/verilog/ex288_unknown_shared_bdd_15x15_order_0_14_1_13_2_12_3_11_4_10_5_9_6_8_7.v,student/work/ex288_ex289_ex292_ex294_frontend_bdd_synthflow_20260608_1235/ex288/aigs/ex288_order_0_14_1_13_2_12_3_11_4_10_5_9_6_8_7_synth_preset.aig,1,1,1,1860,20,37200,16394,2.269123,0,0,synthflow_exact,Yosys synth preset with flatten,1.489,Yosys synth preset with flatten
ex288,ex288_order_0_14_1_13_2_12_3_11_4_10_5_9_6_8_7_synth_preset_noabc,unknown_shared_bdd_15x15,synth_preset_noabc,student/work/ex285_ex294_frontend_bdd_diagnostic_20260608_1225/ex288/verilog/ex288_unknown_shared_bdd_15x15_order_0_14_1_13_2_12_3_11_4_10_5_9_6_8_7.v,student/work/ex288_ex289_ex292_ex294_frontend_bdd_synthflow_20260608_1235/ex288/aigs/ex288_order_0_14_1_13_2_12_3_11_4_10_5_9_6_8_7_synth_preset_noabc.aig,1,1,1,2614,27,70578,16394,4.305112,0,0,synthflow_exact,Yosys synth preset without abc,1.121,Yosys synth preset without abc
ex288,ex288_unknown_15x15_decision_tree_greedy,unknown_15x15,decision_tree_greedy,student/work/reverse_unknown_20260603_1812/ex288/verilog/ex288_unknown_15x15_decision_tree_greedy.v,student/work/reverse_unknown_20260603_1812/ex288/aigs/ex288_unknown_15x15_decision_tree_greedy.aig,1,1,1,3836,20,76720,16394,4.679761,0,0,structural_exact,nodes=32767; leaves=32768,93.438,unknown function structural Verilog seed
ex288,ex288_unknown_15x15_expr_default_exception,unknown_15x15,expr_default_exception,student/work/reverse_unknown_20260603_1812/ex288/verilog/ex288_unknown_15x15_expr_default_exception.v,student/work/reverse_unknown_20260603_1812/ex288/aigs/ex288_unknown_15x15_expr_default_exception.aig,1,1,1,49196,23,1131508,16394,69.019641,0,0,structural_exact,expr=input; matches=138; exceptions=32630,78.897,unknown function structural Verilog seed
ex288,ex288_unknown_15x15_high_split_default,unknown_15x15,high_split_default,student/work/reverse_unknown_20260603_1812/ex288/verilog/ex288_unknown_15x15_high_split_default.v,student/work/reverse_unknown_20260603_1812/ex288/aigs/ex288_unknown_15x15_high_split_default.aig,1,1,1,19230,21,403830,16394,24.632792,0,0,structural_exact,rotate=0; outer=high; outer_bits=8; inner_bits=7; full_default_groups=0; exceptions=32022,18.070,unknown function structural Verilog seed
ex288,ex288_unknown_15x15_low_split_default,unknown_15x15,low_split_default,student/work/reverse_unknown_20260603_1812/ex288/verilog/ex288_unknown_15x15_low_split_default.v,student/work/reverse_unknown_20260603_1812/ex288/aigs/ex288_unknown_15x15_low_split_default.aig,1,1,1,6919,20,138380,16394,8.440893,0,0,structural_exact,rotate=0; outer=low; outer_bits=7; inner_bits=8; full_default_groups=0; exceptions=32361,18.085,unknown function structural Verilog seed
ex288,ex288_unknown_15x15_rotate_high_split_default,unknown_15x15,rotate_high_split_default,student/work/reverse_unknown_20260603_1812/ex288/verilog/ex288_unknown_15x15_rotate_high_split_default.v,student/work/reverse_unknown_20260603_1812/ex288/aigs/ex288_unknown_15x15_rotate_high_split_default.aig,1,1,1,4356,16,69696,16394,4.251311,0,0,structural_exact,rotate=12; outer=high; outer_bits=8; inner_bits=7; full_default_groups=0; exceptions=30712,12.769,unknown function structural Verilog seed
ex288,ex288_unknown_15x15_rotate_low_split_default,unknown_15x15,rotate_low_split_default,student/work/reverse_unknown_20260603_1812/ex288/verilog/ex288_unknown_15x15_rotate_low_split_default.v,student/work/reverse_unknown_20260603_1812/ex288/aigs/ex288_unknown_15x15_rotate_low_split_default.aig,1,1,1,4030,18,72540,16394,4.424790,0,0,structural_exact,rotate=5; outer=low; outer_bits=7; inner_bits=8; full_default_groups=0; exceptions=31624,12.509,unknown function structural Verilog seed
ex288,ex288_unknown_15x15_value_case,unknown_15x15,value_case,student/work/reverse_unknown_20260603_1812/ex288/verilog/ex288_unknown_15x15_value_case.v,student/work/reverse_unknown_20260603_1812/ex288/aigs/ex288_unknown_15x15_value_case.aig,1,1,1,14913,24,357912,16394,21.831890,0,0,structural_exact,32768,16.154,unknown function structural Verilog seed
ex288,ex288_unknown_paircount_mdd_reverse,unknown_paircount_mdd,reverse,student/work/ex288_frontend_paircount_mdd_3pair_20260609_0947/ex288/verilog/ex288_unknown_paircount_mdd_reverse.v,student/work/ex288_frontend_paircount_mdd_3pair_20260609_0947/ex288/aigs/ex288_unknown_paircount_mdd_reverse.aig,1,1,1,2654,22,58388,16394,3.561547,0,0,structural_exact,"pairs=4:5,6:7,8:9; order_style=reverse; mdd_nodes=1526; order=11:10:9:8:7:6:5:4:3:2:1:0; hash_pending=1; hash=ef03b030cdfa",3.048,pair-count multi-valued decision diagram
ex288,ex288_unknown_shared_bdd_15x15_order_0_14_1_13_2_12_3_11_4_10_5_9_6_8_7,unknown_shared_bdd_15x15,order_0_14_1_13_2_12_3_11_4_10_5_9_6_8_7,student/work/ex285_ex294_frontend_bdd_diagnostic_20260608_1225/ex288/verilog/ex288_unknown_shared_bdd_15x15_order_0_14_1_13_2_12_3_11_4_10_5_9_6_8_7.v,student/work/ex285_ex294_frontend_bdd_diagnostic_20260608_1225/ex288/aigs/ex288_unknown_shared_bdd_15x15_order_0_14_1_13_2_12_3_11_4_10_5_9_6_8_7.aig,1,1,1,2012,22,44264,16394,2.700012,0,0,structural_exact,order_name=order_0_14_1_13_2_12_3_11_4_10_5_9_6_8_7; order=0:14:1:13:2:12:3:11:4:10:5:9:6:8:7; bdd_nodes=1170,4.991,unknown function shared-BDD Verilog seed
ex288,ex288_unknown_symbdd_interleave_f00,unknown_symmetry_canonical_bdd,interleave_f00,student/work/ex285_ex289_frontend_symmetry_bdd_20260608_1429/ex288/verilog/ex288_unknown_symbdd_interleave_f00.v,student/work/ex285_ex289_frontend_symmetry_bdd_20260608_1429/ex288/aigs/ex288_unknown_symbdd_interleave_f00.aig,1,1,1,1974,21,41454,16394,2.528608,0,0,structural_exact,pairs=4:5; order=interleave; invalid_policy=f00; bdd_nodes=1119; hash=40879df56202,5.057,unknown symmetry-canonical shared-BDD seed
ex288,ex288_unknown_symbdd_interleave_f10,unknown_symmetry_canonical_bdd,interleave_f10,student/work/ex285_ex289_frontend_symmetry_bdd_20260608_1429/ex288/verilog/ex288_unknown_symbdd_interleave_f10.v,student/work/ex285_ex289_frontend_symmetry_bdd_20260608_1429/ex288/aigs/ex288_unknown_symbdd_interleave_f10.aig,1,1,1,1944,20,38880,16394,2.371599,0,0,structural_exact,pairs=4:5; order=interleave; invalid_policy=f10; bdd_nodes=1170; hash=c70c05cc692f,5.375,unknown symmetry-canonical shared-BDD seed
ex288,ex288_unknown_symbdd_interleave_zero,unknown_symmetry_canonical_bdd,interleave_zero,student/work/ex285_ex289_frontend_symmetry_bdd_20260608_1429/ex288/verilog/ex288_unknown_symbdd_interleave_zero.v,student/work/ex285_ex289_frontend_symmetry_bdd_20260608_1429/ex288/aigs/ex288_unknown_symbdd_interleave_zero.aig,1,1,1,2015,21,42315,16394,2.581127,0,0,structural_exact,pairs=4:5; order=interleave; invalid_policy=zero; bdd_nodes=1159; hash=3e4e8782c5ca,5.681,unknown symmetry-canonical shared-BDD seed
ex288,ex288_unknown_symbdd_natural_f00,unknown_symmetry_canonical_bdd,natural_f00,student/work/ex285_ex289_frontend_symmetry_bdd_20260608_1429/ex288/verilog/ex288_unknown_symbdd_natural_f00.v,student/work/ex285_ex289_frontend_symmetry_bdd_20260608_1429/ex288/aigs/ex288_unknown_symbdd_natural_f00.aig,1,1,1,19131,24,459144,16394,28.006832,0,0,structural_exact,pairs=4:5; order=natural; invalid_policy=f00; bdd_nodes=13136; hash=e57a1dd02253,15.470,unknown symmetry-canonical shared-BDD seed
ex288,ex288_unknown_symbdd_natural_f10,unknown_symmetry_canonical_bdd,natural_f10,student/work/ex285_ex289_frontend_symmetry_bdd_20260608_1429/ex288/verilog/ex288_unknown_symbdd_natural_f10.v,student/work/ex285_ex289_frontend_symmetry_bdd_20260608_1429/ex288/aigs/ex288_unknown_symbdd_natural_f10.aig,1,1,1,19303,24,463272,16394,28.258631,0,0,structural_exact,pairs=4:5; order=natural; invalid_policy=f10; bdd_nodes=13326; hash=fc15c6ee870c,15.300,unknown symmetry-canonical shared-BDD seed
ex288,ex288_unknown_symbdd_natural_zero,unknown_symmetry_canonical_bdd,natural_zero,student/work/ex285_ex289_frontend_symmetry_bdd_20260608_1429/ex288/verilog/ex288_unknown_symbdd_natural_zero.v,student/work/ex285_ex289_frontend_symmetry_bdd_20260608_1429/ex288/aigs/ex288_unknown_symbdd_natural_zero.aig,1,1,1,19214,24,461136,16394,28.128340,0,0,structural_exact,pairs=4:5; order=natural; invalid_policy=zero; bdd_nodes=13326; hash=60a84ded41cd,14.919,unknown symmetry-canonical shared-BDD seed
ex288,ex288_unknown_symbdd_sym_first_f00,unknown_symmetry_canonical_bdd,sym_first_f00,student/work/ex285_ex289_frontend_symmetry_bdd_20260608_1429/ex288/verilog/ex288_unknown_symbdd_sym_first_f00.v,student/work/ex285_ex289_frontend_symmetry_bdd_20260608_1429/ex288/aigs/ex288_unknown_symbdd_sym_first_f00.aig,1,1,1,19823,24,475752,16394,29.019885,0,0,structural_exact,pairs=4:5; order=sym_first; invalid_policy=f00; bdd_nodes=13236; hash=0d44fb6045ff,15.707,unknown symmetry-canonical shared-BDD seed
ex288,ex288_unknown_symbdd_sym_first_f10,unknown_symmetry_canonical_bdd,sym_first_f10,student/work/ex285_ex289_frontend_symmetry_bdd_20260608_1429/ex288/verilog/ex288_unknown_symbdd_sym_first_f10.v,student/work/ex285_ex289_frontend_symmetry_bdd_20260608_1429/ex288/aigs/ex288_unknown_symbdd_sym_first_f10.aig,1,1,1,19719,25,492975,16394,30.070453,0,0,structural_exact,pairs=4:5; order=sym_first; invalid_policy=f10; bdd_nodes=13251; hash=f53a70610914,15.770,unknown symmetry-canonical shared-BDD seed
ex288,ex288_unknown_symbdd_sym_first_zero,unknown_symmetry_canonical_bdd,sym_first_zero,student/work/ex285_ex289_frontend_symmetry_bdd_20260608_1429/ex288/verilog/ex288_unknown_symbdd_sym_first_zero.v,student/work/ex285_ex289_frontend_symmetry_bdd_20260608_1429/ex288/aigs/ex288_unknown_symbdd_sym_first_zero.aig,1,1,1,19688,24,472512,16394,28.822252,0,0,structural_exact,pairs=4:5; order=sym_first; invalid_policy=zero; bdd_nodes=13251; hash=1b13a61b542b,15.758,unknown symmetry-canonical shared-BDD seed
ex288,ex288_unknown_symcof_interleave_f10_bits_0_1_2_11_case_group,unknown_symmetry_cofactor_classonehot,interleave_f10_bits_0_1_2_11_case_group,student/work/ex288_frontend_multipair_selector_20260609_0931/ex288/verilog/ex288_unknown_symcof_interleave_f10_bits_0_1_2_11_case_group.v,student/work/ex288_frontend_multipair_selector_20260609_0931/ex288/aigs/ex288_unknown_symcof_interleave_f10_bits_0_1_2_11_case_group.aig,1,1,1,2484,19,47196,16394,2.878858,0,0,structural_exact,"pairs=4:5,6:7,8:9; order=interleave; policy=f10; mux_style=case; bdd_share=group; outer_bits=0:1:2:11; inner_bits=3:4:5:6:7:8:9:10:12:13:14; classes=16; group_nodes=221:200:201:181:228:216:215:178:232:216:215:188:221:200:201:175; total_group_nodes=3288; anf_bits=; popcount_repair_bits=; hash=a7e60edb5b82",4.610,unknown symmetry cofactor class-onehot Verilog seed
ex288,ex288_unknown_symcof_interleave_f10_bits_0_1_2_11_onehot_group,unknown_symmetry_cofactor_classonehot,interleave_f10_bits_0_1_2_11_onehot_group,student/work/ex288_frontend_multipair_selector_20260609_0931/ex288/verilog/ex288_unknown_symcof_interleave_f10_bits_0_1_2_11_onehot_group.v,student/work/ex288_frontend_multipair_selector_20260609_0931/ex288/aigs/ex288_unknown_symcof_interleave_f10_bits_0_1_2_11_onehot_group.aig,1,1,1,2522,20,50440,16394,3.076735,0,0,structural_exact,"pairs=4:5,6:7,8:9; order=interleave; policy=f10; mux_style=onehot; bdd_share=group; outer_bits=0:1:2:11; inner_bits=3:4:5:6:7:8:9:10:12:13:14; classes=16; group_nodes=221:200:201:181:228:216:215:178:232:216:215:188:221:200:201:175; total_group_nodes=3288; anf_bits=; popcount_repair_bits=; hash=37d11e5d6b8e",4.606,unknown symmetry cofactor class-onehot Verilog seed
ex288,ex288_unknown_symcof_interleave_f10_k4_case_group,unknown_symmetry_cofactor_classonehot,interleave_f10_k4_case_group,student/work/ex288_frontend_multipair_selector_20260609_0931/ex288/verilog/ex288_unknown_symcof_interleave_f10_k4_case_group.v,student/work/ex288_frontend_multipair_selector_20260609_0931/ex288/aigs/ex288_unknown_symcof_interleave_f10_k4_case_group.aig,1,1,1,1928,19,36632,16394,2.234476,0,0,structural_exact,"pairs=4:5,6:7,8:9; order=interleave; policy=f10; mux_style=case; bdd_share=group; outer_bits=0:14:1:13; inner_bits=2:3:4:5:6:7:8:9:10:11:12; classes=16; group_nodes=290:260:304:291:291:229:313:265:317:290:270:259:302:236:280:225; total_group_nodes=4422; anf_bits=; popcount_repair_bits=; hash=8b5a4d1d4b19",4.598,unknown symmetry cofactor class-onehot Verilog seed
ex288,ex288_unknown_symcof_interleave_f10_k4_onehot_group,unknown_symmetry_cofactor_classonehot,interleave_f10_k4_onehot_group,student/work/ex288_frontend_multipair_selector_20260609_0931/ex288/verilog/ex288_unknown_symcof_interleave_f10_k4_onehot_group.v,student/work/ex288_frontend_multipair_selector_20260609_0931/ex288/aigs/ex288_unknown_symcof_interleave_f10_k4_onehot_group.aig,1,1,1,1938,18,34884,16394,2.127852,0,0,structural_exact,"pairs=4:5,6:7,8:9; order=interleave; policy=f10; mux_style=onehot; bdd_share=group; outer_bits=0:14:1:13; inner_bits=2:3:4:5:6:7:8:9:10:11:12; classes=16; group_nodes=290:260:304:291:291:229:313:265:317:290:270:259:302:236:280:225; total_group_nodes=4422; anf_bits=; popcount_repair_bits=; hash=562c7b9c0c98",4.662,unknown symmetry cofactor class-onehot Verilog seed
ex288,ex288_unknown_symcof_interleave_f10_k4_tree_group,unknown_symmetry_cofactor_classonehot,interleave_f10_k4_tree_group,student/work/ex288_frontend_symcof_tree_mux_20260609_0916/ex288/verilog/ex288_unknown_symcof_interleave_f10_k4_tree_group.v,student/work/ex288_frontend_symcof_tree_mux_20260609_0916/ex288/aigs/ex288_unknown_symcof_interleave_f10_k4_tree_group.aig,1,1,1,1990,21,41790,16394,2.549103,0,0,structural_exact,pairs=4:5; order=interleave; policy=f10; mux_style=tree; bdd_share=group; outer_bits=0:14:1:13; inner_bits=2:3:4:5:6:7:8:9:10:11:12; classes=16; group_nodes=290:260:304:291:291:229:313:265:317:290:270:259:302:236:280:225; total_group_nodes=4422; anf_bits=; popcount_repair_bits=; hash=a2ee182481f9,4.510,unknown symmetry cofactor class-onehot Verilog seed
ex289,ex289_interleave_f00_abc_d20,unknown_symmetry_canonical_bdd,abc_d20,student/work/ex285_ex289_frontend_symmetry_bdd_20260608_1429/ex289/verilog/ex289_unknown_symbdd_interleave_f00.v,student/work/ex286_ex289_frontend_symmetry_bdd_synthflow2_20260608_1456/ex289/aigs/ex289_interleave_f00_abc_d20.aig,1,1,1,1818,21,38178,13620,2.803084,0,0,synthflow_exact,Yosys abc delay target 20,1.685,Yosys abc delay target 20
ex289,ex289_interleave_f00_abc_d21,unknown_symmetry_canonical_bdd,abc_d21,student/work/ex285_ex289_frontend_symmetry_bdd_20260608_1429/ex289/verilog/ex289_unknown_symbdd_interleave_f00.v,student/work/ex286_ex289_frontend_symmetry_bdd_synthflow2_20260608_1456/ex289/aigs/ex289_interleave_f00_abc_d21.aig,1,1,1,1818,21,38178,13620,2.803084,0,0,synthflow_exact,Yosys abc delay target 21,1.697,Yosys abc delay target 21
ex289,ex289_interleave_f00_abc_d22,unknown_symmetry_canonical_bdd,abc_d22,student/work/ex285_ex289_frontend_symmetry_bdd_20260608_1429/ex289/verilog/ex289_unknown_symbdd_interleave_f00.v,student/work/ex286_ex289_frontend_symmetry_bdd_synthflow2_20260608_1456/ex289/aigs/ex289_interleave_f00_abc_d22.aig,1,1,1,1818,21,38178,13620,2.803084,0,0,synthflow_exact,Yosys abc delay target 22,2.227,Yosys abc delay target 22
ex289,ex289_interleave_f00_abc_fast,unknown_symmetry_canonical_bdd,abc_fast,student/work/ex285_ex289_frontend_symmetry_bdd_20260608_1429/ex289/verilog/ex289_unknown_symbdd_interleave_f00.v,student/work/ex286_ex289_frontend_symmetry_bdd_synthflow2_20260608_1456/ex289/aigs/ex289_interleave_f00_abc_fast.aig,1,1,1,2395,29,69455,13620,5.099486,0,0,synthflow_exact,Yosys abc fast script,1.649,Yosys abc fast script
ex289,ex289_interleave_f00_abc_g_aig,unknown_symmetry_canonical_bdd,abc_g_aig,student/work/ex285_ex289_frontend_symmetry_bdd_20260608_1429/ex289/verilog/ex289_unknown_symbdd_interleave_f00.v,student/work/ex285_ex289_frontend_symmetry_bdd_synthflow_20260608_1449/ex289/aigs/ex289_interleave_f00_abc_g_aig.aig,1,1,1,1803,21,37863,13620,2.779956,0,0,synthflow_exact,Yosys abc gate set aig,1.862,Yosys abc gate set aig
ex289,ex289_interleave_f00_abc_g_aig_d20,unknown_symmetry_canonical_bdd,abc_g_aig_d20,student/work/ex285_ex289_frontend_symmetry_bdd_20260608_1429/ex289/verilog/ex289_unknown_symbdd_interleave_f00.v,student/work/ex285_ex289_frontend_symmetry_bdd_synthflow_20260608_1449/ex289/aigs/ex289_interleave_f00_abc_g_aig_d20.aig,1,1,1,1803,21,37863,13620,2.779956,0,0,synthflow_exact,Yosys abc gate set aig delay target 20,2.083,Yosys abc gate set aig delay target 20
ex289,ex289_interleave_f00_abc_g_and_mux,unknown_symmetry_canonical_bdd,abc_g_and_mux,student/work/ex285_ex289_frontend_symmetry_bdd_20260608_1429/ex289/verilog/ex289_unknown_symbdd_interleave_f00.v,student/work/ex286_ex289_frontend_symmetry_bdd_synthflow2_20260608_1456/ex289/aigs/ex289_interleave_f00_abc_g_and_mux.aig,1,1,1,1865,24,44760,13620,3.286344,0,0,synthflow_exact,"Yosys abc gate set AND,MUX",1.743,"Yosys abc gate set AND,MUX"
ex289,ex289_interleave_f00_abc_g_simple,unknown_symmetry_canonical_bdd,abc_g_simple,student/work/ex285_ex289_frontend_symmetry_bdd_20260608_1429/ex289/verilog/ex289_unknown_symbdd_interleave_f00.v,student/work/ex286_ex289_frontend_symmetry_bdd_synthflow2_20260608_1456/ex289/aigs/ex289_interleave_f00_abc_g_simple.aig,1,1,1,1829,24,43896,13620,3.222907,0,0,synthflow_exact,Yosys abc gate set simple,1.744,Yosys abc gate set simple
ex289,ex289_interleave_f00_bits_0_1_12_13_case_group_abc_g_aig,unknown_symmetry_cofactor_classonehot,abc_g_aig,student/work/ex289_frontend_multipair_selector_20260609_0927/ex289/verilog/ex289_unknown_symcof_interleave_f00_bits_0_1_12_13_case_group.v,student/work/ex289_frontend_multipair_selector_synthflow_20260609_0929/ex289/aigs/ex289_interleave_f00_bits_0_1_12_13_case_group_abc_g_aig.aig,1,1,1,1395,20,27900,13620,2.048458,0,0,synthflow_exact,Yosys abc gate set aig,1.879,Yosys abc gate set aig
ex289,ex289_interleave_f00_bits_0_1_12_13_case_group_abc_g_aig_d18,unknown_symmetry_cofactor_classonehot,abc_g_aig_d18,student/work/ex289_frontend_multipair_selector_20260609_0927/ex289/verilog/ex289_unknown_symcof_interleave_f00_bits_0_1_12_13_case_group.v,student/work/ex289_frontend_multipair_selector_synthflow_20260609_0929/ex289/aigs/ex289_interleave_f00_bits_0_1_12_13_case_group_abc_g_aig_d18.aig,1,1,1,1395,20,27900,13620,2.048458,0,0,synthflow_exact,Yosys abc gate set aig delay target 18,1.937,Yosys abc gate set aig delay target 18
ex289,ex289_interleave_f00_bits_0_1_12_13_case_group_abc_g_aig_d19,unknown_symmetry_cofactor_classonehot,abc_g_aig_d19,student/work/ex289_frontend_multipair_selector_20260609_0927/ex289/verilog/ex289_unknown_symcof_interleave_f00_bits_0_1_12_13_case_group.v,student/work/ex289_frontend_multipair_selector_synthflow_20260609_0929/ex289/aigs/ex289_interleave_f00_bits_0_1_12_13_case_group_abc_g_aig_d19.aig,1,1,1,1395,20,27900,13620,2.048458,0,0,synthflow_exact,Yosys abc gate set aig delay target 19,1.921,Yosys abc gate set aig delay target 19
ex289,ex289_interleave_f00_bits_0_1_12_13_case_group_abc_g_aig_d20,unknown_symmetry_cofactor_classonehot,abc_g_aig_d20,student/work/ex289_frontend_multipair_selector_20260609_0927/ex289/verilog/ex289_unknown_symcof_interleave_f00_bits_0_1_12_13_case_group.v,student/work/ex289_frontend_multipair_selector_synthflow_20260609_0929/ex289/aigs/ex289_interleave_f00_bits_0_1_12_13_case_group_abc_g_aig_d20.aig,1,1,1,1395,20,27900,13620,2.048458,0,0,synthflow_exact,Yosys abc gate set aig delay target 20,1.900,Yosys abc gate set aig delay target 20
ex289,ex289_interleave_f00_bits_0_1_12_13_case_group_synth_preset,unknown_symmetry_cofactor_classonehot,synth_preset,student/work/ex289_frontend_multipair_selector_20260609_0927/ex289/verilog/ex289_unknown_symcof_interleave_f00_bits_0_1_12_13_case_group.v,student/work/ex289_frontend_multipair_selector_synthflow_20260609_0929/ex289/aigs/ex289_interleave_f00_bits_0_1_12_13_case_group_synth_preset.aig,1,1,1,1325,19,25175,13620,1.848385,0,0,synthflow_exact,Yosys synth preset with flatten,2.187,Yosys synth preset with flatten
ex289,ex289_interleave_f00_extra_opt_share,unknown_symmetry_canonical_bdd,extra_opt_share,student/work/ex285_ex289_frontend_symmetry_bdd_20260608_1429/ex289/verilog/ex289_unknown_symbdd_interleave_f00.v,student/work/ex285_ex289_frontend_symmetry_bdd_synthflow_20260608_1449/ex289/aigs/ex289_interleave_f00_extra_opt_share.aig,1,1,1,1818,21,38178,13620,2.803084,0,0,synthflow_exact,extra opt_reduce/opt_muxtree/wreduce/share before techmap,1.976,extra opt_reduce/opt_muxtree/wreduce/share before techmap
ex289,ex289_interleave_f00_synth_preset,unknown_symmetry_canonical_bdd,synth_preset,student/work/ex285_ex289_frontend_symmetry_bdd_20260608_1429/ex289/verilog/ex289_unknown_symbdd_interleave_f00.v,student/work/ex285_ex289_frontend_symmetry_bdd_synthflow_20260608_1449/ex289/aigs/ex289_interleave_f00_synth_preset.aig,1,1,1,1733,21,36393,13620,2.672026,0,0,synthflow_exact,Yosys synth preset with flatten,2.136,Yosys synth preset with flatten
ex289,ex289_interleave_f00_synth_preset_noabc,unknown_symmetry_canonical_bdd,synth_preset_noabc,student/work/ex285_ex289_frontend_symmetry_bdd_20260608_1429/ex289/verilog/ex289_unknown_symbdd_interleave_f00.v,student/work/ex286_ex289_frontend_symmetry_bdd_synthflow2_20260608_1456/ex289/aigs/ex289_interleave_f00_synth_preset_noabc.aig,1,1,1,2390,29,69310,13620,5.088840,0,0,synthflow_exact,Yosys synth preset without abc,1.816,Yosys synth preset without abc
ex289,ex289_order_0_15_1_14_2_13_3_12_4_11_5_10_6_9_7_8_abc_d20,unknown_shared_bdd_16x16,abc_d20,student/work/ex285_ex294_frontend_bdd_diagnostic_20260608_1225/ex289/verilog/ex289_unknown_shared_bdd_16x16_order_0_15_1_14_2_13_3_12_4_11_5_10_6_9_7_8.v,student/work/ex288_ex289_ex292_ex294_frontend_bdd_synthflow_20260608_1235/ex289/aigs/ex289_order_0_15_1_14_2_13_3_12_4_11_5_10_6_9_7_8_abc_d20.aig,1,1,1,1767,23,40641,13620,2.983921,0,0,synthflow_exact,Yosys abc delay target 20,1.708,Yosys abc delay target 20
ex289,ex289_order_0_15_1_14_2_13_3_12_4_11_5_10_6_9_7_8_abc_d21,unknown_shared_bdd_16x16,abc_d21,student/work/ex285_ex294_frontend_bdd_diagnostic_20260608_1225/ex289/verilog/ex289_unknown_shared_bdd_16x16_order_0_15_1_14_2_13_3_12_4_11_5_10_6_9_7_8.v,student/work/ex288_ex289_ex292_ex294_frontend_bdd_synthflow_20260608_1235/ex289/aigs/ex289_order_0_15_1_14_2_13_3_12_4_11_5_10_6_9_7_8_abc_d21.aig,1,1,1,1767,23,40641,13620,2.983921,0,0,synthflow_exact,Yosys abc delay target 21,1.756,Yosys abc delay target 21
ex289,ex289_order_0_15_1_14_2_13_3_12_4_11_5_10_6_9_7_8_abc_d22,unknown_shared_bdd_16x16,abc_d22,student/work/ex285_ex294_frontend_bdd_diagnostic_20260608_1225/ex289/verilog/ex289_unknown_shared_bdd_16x16_order_0_15_1_14_2_13_3_12_4_11_5_10_6_9_7_8.v,student/work/ex288_ex289_ex292_ex294_frontend_bdd_synthflow_20260608_1235/ex289/aigs/ex289_order_0_15_1_14_2_13_3_12_4_11_5_10_6_9_7_8_abc_d22.aig,1,1,1,1767,23,40641,13620,2.983921,0,0,synthflow_exact,Yosys abc delay target 22,1.707,Yosys abc delay target 22
ex289,ex289_order_0_15_1_14_2_13_3_12_4_11_5_10_6_9_7_8_abc_d24,unknown_shared_bdd_16x16,abc_d24,student/work/ex285_ex294_frontend_bdd_diagnostic_20260608_1225/ex289/verilog/ex289_unknown_shared_bdd_16x16_order_0_15_1_14_2_13_3_12_4_11_5_10_6_9_7_8.v,student/work/ex288_ex289_ex292_ex294_frontend_bdd_synthflow_20260608_1235/ex289/aigs/ex289_order_0_15_1_14_2_13_3_12_4_11_5_10_6_9_7_8_abc_d24.aig,1,1,1,1767,23,40641,13620,2.983921,0,0,synthflow_exact,Yosys abc delay target 24,1.720,Yosys abc delay target 24
ex289,ex289_order_0_15_1_14_2_13_3_12_4_11_5_10_6_9_7_8_abc_fast,unknown_shared_bdd_16x16,abc_fast,student/work/ex285_ex294_frontend_bdd_diagnostic_20260608_1225/ex289/verilog/ex289_unknown_shared_bdd_16x16_order_0_15_1_14_2_13_3_12_4_11_5_10_6_9_7_8.v,student/work/ex288_ex289_ex292_ex294_frontend_bdd_synthflow_20260608_1235/ex289/aigs/ex289_order_0_15_1_14_2_13_3_12_4_11_5_10_6_9_7_8_abc_fast.aig,1,1,1,2526,29,73254,13620,5.378414,0,0,synthflow_exact,Yosys abc fast script,1.711,Yosys abc fast script
ex289,ex289_order_0_15_1_14_2_13_3_12_4_11_5_10_6_9_7_8_abc_g_aig,unknown_shared_bdd_16x16,abc_g_aig,student/work/ex285_ex294_frontend_bdd_diagnostic_20260608_1225/ex289/verilog/ex289_unknown_shared_bdd_16x16_order_0_15_1_14_2_13_3_12_4_11_5_10_6_9_7_8.v,student/work/ex288_ex289_ex292_ex294_frontend_bdd_synthflow_20260608_1235/ex289/aigs/ex289_order_0_15_1_14_2_13_3_12_4_11_5_10_6_9_7_8_abc_g_aig.aig,1,1,1,1737,23,39951,13620,2.933260,0,0,synthflow_exact,Yosys abc gate set aig,1.718,Yosys abc gate set aig
ex289,ex289_order_0_15_1_14_2_13_3_12_4_11_5_10_6_9_7_8_abc_g_aig_d18,unknown_shared_bdd_16x16,abc_g_aig_d18,student/work/ex285_ex294_frontend_bdd_diagnostic_20260608_1225/ex289/verilog/ex289_unknown_shared_bdd_16x16_order_0_15_1_14_2_13_3_12_4_11_5_10_6_9_7_8.v,student/work/ex288_ex289_ex292_ex294_frontend_bdd_synthflow_20260608_1235/ex289/aigs/ex289_order_0_15_1_14_2_13_3_12_4_11_5_10_6_9_7_8_abc_g_aig_d18.aig,1,1,1,1737,23,39951,13620,2.933260,0,0,synthflow_exact,Yosys abc gate set aig delay target 18,1.718,Yosys abc gate set aig delay target 18
ex289,ex289_order_0_15_1_14_2_13_3_12_4_11_5_10_6_9_7_8_abc_g_aig_d19,unknown_shared_bdd_16x16,abc_g_aig_d19,student/work/ex285_ex294_frontend_bdd_diagnostic_20260608_1225/ex289/verilog/ex289_unknown_shared_bdd_16x16_order_0_15_1_14_2_13_3_12_4_11_5_10_6_9_7_8.v,student/work/ex288_ex289_ex292_ex294_frontend_bdd_synthflow_20260608_1235/ex289/aigs/ex289_order_0_15_1_14_2_13_3_12_4_11_5_10_6_9_7_8_abc_g_aig_d19.aig,1,1,1,1737,23,39951,13620,2.933260,0,0,synthflow_exact,Yosys abc gate set aig delay target 19,1.730,Yosys abc gate set aig delay target 19
ex289,ex289_order_0_15_1_14_2_13_3_12_4_11_5_10_6_9_7_8_abc_g_aig_d20,unknown_shared_bdd_16x16,abc_g_aig_d20,student/work/ex285_ex294_frontend_bdd_diagnostic_20260608_1225/ex289/verilog/ex289_unknown_shared_bdd_16x16_order_0_15_1_14_2_13_3_12_4_11_5_10_6_9_7_8.v,student/work/ex288_ex289_ex292_ex294_frontend_bdd_synthflow_20260608_1235/ex289/aigs/ex289_order_0_15_1_14_2_13_3_12_4_11_5_10_6_9_7_8_abc_g_aig_d20.aig,1,1,1,1737,23,39951,13620,2.933260,0,0,synthflow_exact,Yosys abc gate set aig delay target 20,1.734,Yosys abc gate set aig delay target 20
ex289,ex289_order_0_15_1_14_2_13_3_12_4_11_5_10_6_9_7_8_abc_g_aig_d21,unknown_shared_bdd_16x16,abc_g_aig_d21,student/work/ex285_ex294_frontend_bdd_diagnostic_20260608_1225/ex289/verilog/ex289_unknown_shared_bdd_16x16_order_0_15_1_14_2_13_3_12_4_11_5_10_6_9_7_8.v,student/work/ex288_ex289_ex292_ex294_frontend_bdd_synthflow_20260608_1235/ex289/aigs/ex289_order_0_15_1_14_2_13_3_12_4_11_5_10_6_9_7_8_abc_g_aig_d21.aig,1,1,1,1737,23,39951,13620,2.933260,0,0,synthflow_exact,Yosys abc gate set aig delay target 21,1.672,Yosys abc gate set aig delay target 21
ex289,ex289_order_0_15_1_14_2_13_3_12_4_11_5_10_6_9_7_8_abc_g_and_mux,unknown_shared_bdd_16x16,abc_g_and_mux,student/work/ex285_ex294_frontend_bdd_diagnostic_20260608_1225/ex289/verilog/ex289_unknown_shared_bdd_16x16_order_0_15_1_14_2_13_3_12_4_11_5_10_6_9_7_8.v,student/work/ex288_ex289_ex292_ex294_frontend_bdd_synthflow_20260608_1235/ex289/aigs/ex289_order_0_15_1_14_2_13_3_12_4_11_5_10_6_9_7_8_abc_g_and_mux.aig,1,1,1,1811,23,41653,13620,3.058223,0,0,synthflow_exact,"Yosys abc gate set AND,MUX",1.755,"Yosys abc gate set AND,MUX"
ex289,ex289_order_0_15_1_14_2_13_3_12_4_11_5_10_6_9_7_8_abc_g_cmos2,unknown_shared_bdd_16x16,abc_g_cmos2,student/work/ex285_ex294_frontend_bdd_diagnostic_20260608_1225/ex289/verilog/ex289_unknown_shared_bdd_16x16_order_0_15_1_14_2_13_3_12_4_11_5_10_6_9_7_8.v,student/work/ex288_ex289_ex292_ex294_frontend_bdd_synthflow_20260608_1235/ex289/aigs/ex289_order_0_15_1_14_2_13_3_12_4_11_5_10_6_9_7_8_abc_g_cmos2.aig,1,1,1,1772,23,40756,13620,2.992364,0,0,synthflow_exact,Yosys abc gate set cmos2,1.760,Yosys abc gate set cmos2
ex289,ex289_order_0_15_1_14_2_13_3_12_4_11_5_10_6_9_7_8_abc_g_gates,unknown_shared_bdd_16x16,abc_g_gates,student/work/ex285_ex294_frontend_bdd_diagnostic_20260608_1225/ex289/verilog/ex289_unknown_shared_bdd_16x16_order_0_15_1_14_2_13_3_12_4_11_5_10_6_9_7_8.v,student/work/ex288_ex289_ex292_ex294_frontend_bdd_synthflow_20260608_1235/ex289/aigs/ex289_order_0_15_1_14_2_13_3_12_4_11_5_10_6_9_7_8_abc_g_gates.aig,1,1,1,1738,23,39974,13620,2.934949,0,0,synthflow_exact,Yosys abc gate set gates,1.661,Yosys abc gate set gates
ex289,ex289_order_0_15_1_14_2_13_3_12_4_11_5_10_6_9_7_8_abc_g_simple,unknown_shared_bdd_16x16,abc_g_simple,student/work/ex285_ex294_frontend_bdd_diagnostic_20260608_1225/ex289/verilog/ex289_unknown_shared_bdd_16x16_order_0_15_1_14_2_13_3_12_4_11_5_10_6_9_7_8.v,student/work/ex288_ex289_ex292_ex294_frontend_bdd_synthflow_20260608_1235/ex289/aigs/ex289_order_0_15_1_14_2_13_3_12_4_11_5_10_6_9_7_8_abc_g_simple.aig,1,1,1,1754,23,40342,13620,2.961968,0,0,synthflow_exact,Yosys abc gate set simple,1.762,Yosys abc gate set simple
ex289,ex289_order_0_15_1_14_2_13_3_12_4_11_5_10_6_9_7_8_default_recheck,unknown_shared_bdd_16x16,default_recheck,student/work/ex285_ex294_frontend_bdd_diagnostic_20260608_1225/ex289/verilog/ex289_unknown_shared_bdd_16x16_order_0_15_1_14_2_13_3_12_4_11_5_10_6_9_7_8.v,student/work/ex288_ex289_ex292_ex294_frontend_bdd_synthflow_20260608_1235/ex289/aigs/ex289_order_0_15_1_14_2_13_3_12_4_11_5_10_6_9_7_8_default_recheck.aig,1,1,1,1767,23,40641,13620,2.983921,0,0,synthflow_exact,current project Yosys script sanity recheck,1.727,current project Yosys script sanity recheck
ex289,ex289_order_0_15_1_14_2_13_3_12_4_11_5_10_6_9_7_8_extra_opt_share,unknown_shared_bdd_16x16,extra_opt_share,student/work/ex285_ex294_frontend_bdd_diagnostic_20260608_1225/ex289/verilog/ex289_unknown_shared_bdd_16x16_order_0_15_1_14_2_13_3_12_4_11_5_10_6_9_7_8.v,student/work/ex288_ex289_ex292_ex294_frontend_bdd_synthflow_20260608_1235/ex289/aigs/ex289_order_0_15_1_14_2_13_3_12_4_11_5_10_6_9_7_8_extra_opt_share.aig,1,1,1,1767,23,40641,13620,2.983921,0,0,synthflow_exact,extra opt_reduce/opt_muxtree/wreduce/share before techmap,1.746,extra opt_reduce/opt_muxtree/wreduce/share before techmap
ex289,ex289_order_0_15_1_14_2_13_3_12_4_11_5_10_6_9_7_8_late_flatten,unknown_shared_bdd_16x16,late_flatten,student/work/ex285_ex294_frontend_bdd_diagnostic_20260608_1225/ex289/verilog/ex289_unknown_shared_bdd_16x16_order_0_15_1_14_2_13_3_12_4_11_5_10_6_9_7_8.v,student/work/ex288_ex289_ex292_ex294_frontend_bdd_synthflow_20260608_1235/ex289/aigs/ex289_order_0_15_1_14_2_13_3_12_4_11_5_10_6_9_7_8_late_flatten.aig,1,1,1,1767,23,40641,13620,2.983921,0,0,synthflow_exact,move flatten after techmap,1.737,move flatten after techmap
ex289,ex289_order_0_15_1_14_2_13_3_12_4_11_5_10_6_9_7_8_no_internal_abc,unknown_shared_bdd_16x16,no_internal_abc,student/work/ex285_ex294_frontend_bdd_diagnostic_20260608_1225/ex289/verilog/ex289_unknown_shared_bdd_16x16_order_0_15_1_14_2_13_3_12_4_11_5_10_6_9_7_8.v,student/work/ex288_ex289_ex292_ex294_frontend_bdd_synthflow_20260608_1235/ex289/aigs/ex289_order_0_15_1_14_2_13_3_12_4_11_5_10_6_9_7_8_no_internal_abc.aig,1,1,1,2536,30,76080,13620,5.585903,0,0,synthflow_exact,skip Yosys internal abc pass,1.617,skip Yosys internal abc pass
ex289,ex289_order_0_15_1_14_2_13_3_12_4_11_5_10_6_9_7_8_synth_preset,unknown_shared_bdd_16x16,synth_preset,student/work/ex285_ex294_frontend_bdd_diagnostic_20260608_1225/ex289/verilog/ex289_unknown_shared_bdd_16x16_order_0_15_1_14_2_13_3_12_4_11_5_10_6_9_7_8.v,student/work/ex288_ex289_ex292_ex294_frontend_bdd_synthflow_20260608_1235/ex289/aigs/ex289_order_0_15_1_14_2_13_3_12_4_11_5_10_6_9_7_8_synth_preset.aig,1,1,1,1757,25,43925,13620,3.225037,0,0,synthflow_exact,Yosys synth preset with flatten,2.037,Yosys synth preset with flatten
ex289,ex289_order_0_15_1_14_2_13_3_12_4_11_5_10_6_9_7_8_synth_preset_noabc,unknown_shared_bdd_16x16,synth_preset_noabc,student/work/ex285_ex294_frontend_bdd_diagnostic_20260608_1225/ex289/verilog/ex289_unknown_shared_bdd_16x16_order_0_15_1_14_2_13_3_12_4_11_5_10_6_9_7_8.v,student/work/ex288_ex289_ex292_ex294_frontend_bdd_synthflow_20260608_1235/ex289/aigs/ex289_order_0_15_1_14_2_13_3_12_4_11_5_10_6_9_7_8_synth_preset_noabc.aig,1,1,1,2509,29,72761,13620,5.342217,0,0,synthflow_exact,Yosys synth preset without abc,1.730,Yosys synth preset without abc
ex289,ex289_unknown_16x16_decision_tree_greedy,unknown_16x16,decision_tree_greedy,student/work/reverse_unknown_20260603_1812/ex289/verilog/ex289_unknown_16x16_decision_tree_greedy.v,student/work/reverse_unknown_20260603_1812/ex289/aigs/ex289_unknown_16x16_decision_tree_greedy.aig,1,1,1,2203,21,46263,13620,3.396696,0,0,structural_exact,nodes=65535; leaves=65536,161.023,unknown function structural Verilog seed
ex289,ex289_unknown_16x16_expr_default_exception,unknown_16x16,expr_default_exception,student/work/reverse_unknown_20260603_1812/ex289/verilog/ex289_unknown_16x16_expr_default_exception.v,student/work/reverse_unknown_20260603_1812/ex289/aigs/ex289_unknown_16x16_expr_default_exception.aig,1,1,1,59403,25,1485075,13620,109.036344,0,0,structural_exact,expr=bit_reverse; matches=162; exceptions=65374,155.577,unknown function structural Verilog seed
ex289,ex289_unknown_16x16_high_split_default,unknown_16x16,high_split_default,student/work/reverse_unknown_20260603_1812/ex289/verilog/ex289_unknown_16x16_high_split_default.v,student/work/reverse_unknown_20260603_1812/ex289/aigs/ex289_unknown_16x16_high_split_default.aig,1,1,1,21904,21,459984,13620,33.772687,0,0,structural_exact,rotate=0; outer=high; outer_bits=8; inner_bits=8; full_default_groups=0; exceptions=64324,28.646,unknown function structural Verilog seed
ex289,ex289_unknown_16x16_low_split_default,unknown_16x16,low_split_default,student/work/reverse_unknown_20260603_1812/ex289/verilog/ex289_unknown_16x16_low_split_default.v,student/work/reverse_unknown_20260603_1812/ex289/aigs/ex289_unknown_16x16_low_split_default.aig,1,1,1,6279,20,125580,13620,9.220264,0,0,structural_exact,rotate=0; outer=low; outer_bits=8; inner_bits=8; full_default_groups=0; exceptions=64324,22.983,unknown function structural Verilog seed
ex289,ex289_unknown_16x16_rotate_high_split_default,unknown_16x16,rotate_high_split_default,student/work/reverse_unknown_20260603_1812/ex289/verilog/ex289_unknown_16x16_rotate_high_split_default.v,student/work/reverse_unknown_20260603_1812/ex289/aigs/ex289_unknown_16x16_rotate_high_split_default.aig,1,1,1,3348,15,50220,13620,3.687225,0,0,structural_exact,rotate=12; outer=high; outer_bits=8; inner_bits=8; full_default_groups=0; exceptions=61440,21.405,unknown function structural Verilog seed
ex289,ex289_unknown_16x16_rotate_low_split_default,unknown_16x16,rotate_low_split_default,student/work/reverse_unknown_20260603_1812/ex289/verilog/ex289_unknown_16x16_rotate_low_split_default.v,student/work/reverse_unknown_20260603_1812/ex289/aigs/ex289_unknown_16x16_rotate_low_split_default.aig,1,1,1,3348,15,50220,13620,3.687225,0,0,structural_exact,rotate=4; outer=low; outer_bits=8; inner_bits=8; full_default_groups=0; exceptions=61440,22.757,unknown function structural Verilog seed
ex289,ex289_unknown_16x16_value_case,unknown_16x16,value_case,student/work/reverse_unknown_20260603_1812/ex289/verilog/ex289_unknown_16x16_value_case.v,student/work/reverse_unknown_20260603_1812/ex289/aigs/ex289_unknown_16x16_value_case.aig,1,1,1,22347,27,603369,13620,44.300220,0,0,structural_exact,65536,22.472,unknown function structural Verilog seed
ex289,ex289_unknown_paircount_mdd_reverse,unknown_paircount_mdd,reverse,student/work/ex289_frontend_paircount_mdd_4pair_20260609_0947/ex289/verilog/ex289_unknown_paircount_mdd_reverse.v,student/work/ex289_frontend_paircount_mdd_4pair_20260609_0947/ex289/aigs/ex289_unknown_paircount_mdd_reverse.aig,1,1,1,1903,21,39963,13620,2.934141,0,0,structural_exact,"pairs=4:5,6:7,8:9,10:11; order_style=reverse; mdd_nodes=998; order=11:10:9:8:7:6:5:4:3:2:1:0; hash_pending=1; hash=1ebd1cb4cedc",4.856,pair-count multi-valued decision diagram
ex289,ex289_unknown_shared_bdd_16x16_order_0_15_1_14_2_13_3_12_4_11_5_10_6_9_7_8,unknown_shared_bdd_16x16,order_0_15_1_14_2_13_3_12_4_11_5_10_6_9_7_8,student/work/ex285_ex294_frontend_bdd_diagnostic_20260608_1225/ex289/verilog/ex289_unknown_shared_bdd_16x16_order_0_15_1_14_2_13_3_12_4_11_5_10_6_9_7_8.v,student/work/ex285_ex294_frontend_bdd_diagnostic_20260608_1225/ex289/aigs/ex289_unknown_shared_bdd_16x16_order_0_15_1_14_2_13_3_12_4_11_5_10_6_9_7_8.aig,1,1,1,1767,23,40641,13620,2.983921,0,0,structural_exact,order_name=order_0_15_1_14_2_13_3_12_4_11_5_10_6_9_7_8; order=0:15:1:14:2:13:3:12:4:11:5:10:6:9:7:8; bdd_nodes=1131,10.341,unknown function shared-BDD Verilog seed
ex289,ex289_unknown_symbdd_interleave_f00,unknown_symmetry_canonical_bdd,interleave_f00,student/work/ex285_ex289_frontend_symmetry_bdd_20260608_1429/ex289/verilog/ex289_unknown_symbdd_interleave_f00.v,student/work/ex285_ex289_frontend_symmetry_bdd_20260608_1429/ex289/aigs/ex289_unknown_symbdd_interleave_f00.aig,1,1,1,1818,21,38178,13620,2.803084,0,0,structural_exact,pairs=4:5; order=interleave; invalid_policy=f00; bdd_nodes=1070; hash=fe23424961c5,10.350,unknown symmetry-canonical shared-BDD seed
ex289,ex289_unknown_symbdd_interleave_f10,unknown_symmetry_canonical_bdd,interleave_f10,student/work/ex285_ex289_frontend_symmetry_bdd_20260608_1429/ex289/verilog/ex289_unknown_symbdd_interleave_f10.v,student/work/ex285_ex289_frontend_symmetry_bdd_20260608_1429/ex289/aigs/ex289_unknown_symbdd_interleave_f10.aig,1,1,1,1819,23,41837,13620,3.071733,0,0,structural_exact,pairs=4:5; order=interleave; invalid_policy=f10; bdd_nodes=1131; hash=78e6bdfdb1b0,10.471,unknown symmetry-canonical shared-BDD seed
ex289,ex289_unknown_symbdd_interleave_zero,unknown_symmetry_canonical_bdd,interleave_zero,student/work/ex285_ex289_frontend_symmetry_bdd_20260608_1429/ex289/verilog/ex289_unknown_symbdd_interleave_zero.v,student/work/ex285_ex289_frontend_symmetry_bdd_20260608_1429/ex289/aigs/ex289_unknown_symbdd_interleave_zero.aig,1,1,1,1828,22,40216,13620,2.952717,0,0,structural_exact,pairs=4:5; order=interleave; invalid_policy=zero; bdd_nodes=1118; hash=1a42144468f8,10.609,unknown symmetry-canonical shared-BDD seed
ex289,ex289_unknown_symbdd_natural_f00,unknown_symmetry_canonical_bdd,natural_f00,student/work/ex285_ex289_frontend_symmetry_bdd_20260608_1429/ex289/verilog/ex289_unknown_symbdd_natural_f00.v,student/work/ex285_ex289_frontend_symmetry_bdd_20260608_1429/ex289/aigs/ex289_unknown_symbdd_natural_f00.aig,1,1,1,24449,26,635674,13620,46.672100,0,0,structural_exact,pairs=4:5; order=natural; invalid_policy=f00; bdd_nodes=16063; hash=468e9bdb2afe,25.266,unknown symmetry-canonical shared-BDD seed
ex289,ex289_unknown_symbdd_natural_f10,unknown_symmetry_canonical_bdd,natural_f10,student/work/ex285_ex289_frontend_symmetry_bdd_20260608_1429/ex289/verilog/ex289_unknown_symbdd_natural_f10.v,student/work/ex285_ex289_frontend_symmetry_bdd_20260608_1429/ex289/aigs/ex289_unknown_symbdd_natural_f10.aig,1,1,1,24274,26,631124,13620,46.338032,0,0,structural_exact,pairs=4:5; order=natural; invalid_policy=f10; bdd_nodes=16191; hash=7d9657384746,25.023,unknown symmetry-canonical shared-BDD seed
ex289,ex289_unknown_symbdd_natural_zero,unknown_symmetry_canonical_bdd,natural_zero,student/work/ex285_ex289_frontend_symmetry_bdd_20260608_1429/ex289/verilog/ex289_unknown_symbdd_natural_zero.v,student/work/ex285_ex289_frontend_symmetry_bdd_20260608_1429/ex289/aigs/ex289_unknown_symbdd_natural_zero.aig,1,1,1,24400,25,610000,13620,44.787078,0,0,structural_exact,pairs=4:5; order=natural; invalid_policy=zero; bdd_nodes=16191; hash=ba00d2f30e6f,25.178,unknown symmetry-canonical shared-BDD seed
ex289,ex289_unknown_symbdd_sym_first_f00,unknown_symmetry_canonical_bdd,sym_first_f00,student/work/ex285_ex289_frontend_symmetry_bdd_20260608_1429/ex289/verilog/ex289_unknown_symbdd_sym_first_f00.v,student/work/ex285_ex289_frontend_symmetry_bdd_20260608_1429/ex289/aigs/ex289_unknown_symbdd_sym_first_f00.aig,1,1,1,26641,27,719307,13620,52.812555,0,0,structural_exact,pairs=4:5; order=sym_first; invalid_policy=f00; bdd_nodes=16223; hash=fa79c9679df5,24.945,unknown symmetry-canonical shared-BDD seed
ex289,ex289_unknown_symbdd_sym_first_f10,unknown_symmetry_canonical_bdd,sym_first_f10,student/work/ex285_ex289_frontend_symmetry_bdd_20260608_1429/ex289/verilog/ex289_unknown_symbdd_sym_first_f10.v,student/work/ex285_ex289_frontend_symmetry_bdd_20260608_1429/ex289/aigs/ex289_unknown_symbdd_sym_first_f10.aig,1,1,1,24921,26,647946,13620,47.573128,0,0,structural_exact,pairs=4:5; order=sym_first; invalid_policy=f10; bdd_nodes=16239; hash=c2bbc1a3b4b2,25.627,unknown symmetry-canonical shared-BDD seed
ex289,ex289_unknown_symbdd_sym_first_zero,unknown_symmetry_canonical_bdd,sym_first_zero,student/work/ex285_ex289_frontend_symmetry_bdd_20260608_1429/ex289/verilog/ex289_unknown_symbdd_sym_first_zero.v,student/work/ex285_ex289_frontend_symmetry_bdd_20260608_1429/ex289/aigs/ex289_unknown_symbdd_sym_first_zero.aig,1,1,1,24978,26,649428,13620,47.681938,0,0,structural_exact,pairs=4:5; order=sym_first; invalid_policy=zero; bdd_nodes=16239; hash=82338e097277,25.140,unknown symmetry-canonical shared-BDD seed
ex289,ex289_unknown_symcof_interleave_f00_bits_0_1_12_13_case_group,unknown_symmetry_cofactor_classonehot,interleave_f00_bits_0_1_12_13_case_group,student/work/ex289_frontend_multipair_selector_20260609_0927/ex289/verilog/ex289_unknown_symcof_interleave_f00_bits_0_1_12_13_case_group.v,student/work/ex289_frontend_multipair_selector_20260609_0927/ex289/aigs/ex289_unknown_symcof_interleave_f00_bits_0_1_12_13_case_group.aig,1,1,1,1401,21,29421,13620,2.160132,0,0,structural_exact,"pairs=4:5,6:7,8:9,10:11; order=interleave; policy=f00; mux_style=case; bdd_share=group; outer_bits=0:1:12:13; inner_bits=2:3:4:5:6:7:8:9:10:11:14:15; classes=14; group_nodes=255:251:251:200:227:247:247:206:227:206:197:219:219:216; total_group_nodes=3168; anf_bits=; popcount_repair_bits=; hash=5b321e79a7f7",8.297,unknown symmetry cofactor class-onehot Verilog seed
ex289,ex289_unknown_symcof_interleave_f00_bits_0_1_12_13_onehot_group,unknown_symmetry_cofactor_classonehot,interleave_f00_bits_0_1_12_13_onehot_group,student/work/ex289_frontend_multipair_selector_20260609_0927/ex289/verilog/ex289_unknown_symcof_interleave_f00_bits_0_1_12_13_onehot_group.v,student/work/ex289_frontend_multipair_selector_20260609_0927/ex289/aigs/ex289_unknown_symcof_interleave_f00_bits_0_1_12_13_onehot_group.aig,1,1,1,1426,21,29946,13620,2.198678,0,0,structural_exact,"pairs=4:5,6:7,8:9,10:11; order=interleave; policy=f00; mux_style=onehot; bdd_share=group; outer_bits=0:1:12:13; inner_bits=2:3:4:5:6:7:8:9:10:11:14:15; classes=14; group_nodes=255:251:251:200:227:247:247:206:227:206:197:219:219:216; total_group_nodes=3168; anf_bits=; popcount_repair_bits=; hash=00aed4787ab2",8.225,unknown symmetry cofactor class-onehot Verilog seed
ex289,ex289_unknown_symcof_interleave_f00_bits_0_1_12_13_tree_group,unknown_symmetry_cofactor_classonehot,interleave_f00_bits_0_1_12_13_tree_group,student/work/ex289_frontend_symcof_selector_tree_mux_20260609_0916/ex289/verilog/ex289_unknown_symcof_interleave_f00_bits_0_1_12_13_tree_group.v,student/work/ex289_frontend_symcof_selector_tree_mux_20260609_0916/ex289/aigs/ex289_unknown_symcof_interleave_f00_bits_0_1_12_13_tree_group.aig,1,1,1,1489,23,34247,13620,2.514464,0,0,structural_exact,pairs=4:5; order=interleave; policy=f00; mux_style=tree; bdd_share=group; outer_bits=0:1:12:13; inner_bits=2:3:4:5:6:7:8:9:10:11:14:15; classes=14; group_nodes=265:254:254:214:239:265:265:226:239:226:221:244:244:246; total_group_nodes=3402; anf_bits=; popcount_repair_bits=; hash=b41f2369c8f7,8.133,unknown symmetry cofactor class-onehot Verilog seed
ex289,ex289_unknown_symcof_interleave_f00_k4_case_group,unknown_symmetry_cofactor_classonehot,interleave_f00_k4_case_group,student/work/ex289_frontend_multipair_selector_20260609_0927/ex289/verilog/ex289_unknown_symcof_interleave_f00_k4_case_group.v,student/work/ex289_frontend_multipair_selector_20260609_0927/ex289/aigs/ex289_unknown_symcof_interleave_f00_k4_case_group.aig,1,1,1,1725,19,32775,13620,2.406388,0,0,structural_exact,"pairs=4:5,6:7,8:9,10:11; order=interleave; policy=f00; mux_style=case; bdd_share=group; outer_bits=0:15:1:14; inner_bits=2:3:4:5:6:7:8:9:10:11:12:13; classes=16; group_nodes=301:303:229:235:303:246:235:209:229:235:260:287:235:209:287:264; total_group_nodes=4067; anf_bits=; popcount_repair_bits=; hash=301181bcf512",9.003,unknown symmetry cofactor class-onehot Verilog seed
ex289,ex289_unknown_symcof_interleave_f00_k4_onehot_group,unknown_symmetry_cofactor_classonehot,interleave_f00_k4_onehot_group,student/work/ex289_frontend_multipair_selector_20260609_0927/ex289/verilog/ex289_unknown_symcof_interleave_f00_k4_onehot_group.v,student/work/ex289_frontend_multipair_selector_20260609_0927/ex289/aigs/ex289_unknown_symcof_interleave_f00_k4_onehot_group.aig,1,1,1,1713,20,34260,13620,2.515419,0,0,structural_exact,"pairs=4:5,6:7,8:9,10:11; order=interleave; policy=f00; mux_style=onehot; bdd_share=group; outer_bits=0:15:1:14; inner_bits=2:3:4:5:6:7:8:9:10:11:12:13; classes=16; group_nodes=301:303:229:235:303:246:235:209:229:235:260:287:235:209:287:264; total_group_nodes=4067; anf_bits=; popcount_repair_bits=; hash=ac06cccf86b3",8.843,unknown symmetry cofactor class-onehot Verilog seed
ex289,ex289_unknown_symcof_interleave_f00_k4_tree_group,unknown_symmetry_cofactor_classonehot,interleave_f00_k4_tree_group,student/work/ex289_frontend_symcof_selector_tree_mux_20260609_0916/ex289/verilog/ex289_unknown_symcof_interleave_f00_k4_tree_group.v,student/work/ex289_frontend_symcof_selector_tree_mux_20260609_0916/ex289/aigs/ex289_unknown_symcof_interleave_f00_k4_tree_group.aig,1,1,1,1802,23,41446,13620,3.043025,0,0,structural_exact,pairs=4:5; order=interleave; policy=f00; mux_style=tree; bdd_share=group; outer_bits=0:15:1:14; inner_bits=2:3:4:5:6:7:8:9:10:11:12:13; classes=16; group_nodes=312:311:246:247:311:265:247:232:246:247:277:305:247:232:305:293; total_group_nodes=4323; anf_bits=; popcount_repair_bits=; hash=76d6b4926787,8.797,unknown symmetry cofactor class-onehot Verilog seed
ex290,ex290_rotate_high_split_default_abc_d20,unknown_12x12,abc_d20,student/work/reverse_unknown_20260603_1812/ex290/verilog/ex290_unknown_12x12_rotate_high_split_default.v,student/work/ex290_ex291_ex293_ex296_ex298_frontend_current_synthflow_20260608_1320/ex290/aigs/ex290_rotate_high_split_default_abc_d20.aig,1,1,1,4484,16,71744,42328,1.694954,0,0,synthflow_exact,Yosys abc delay target 20,2.776,Yosys abc delay target 20
ex290,ex290_rotate_high_split_default_abc_d21,unknown_12x12,abc_d21,student/work/reverse_unknown_20260603_1812/ex290/verilog/ex290_unknown_12x12_rotate_high_split_default.v,student/work/ex290_ex291_ex293_ex296_ex298_frontend_current_synthflow_20260608_1320/ex290/aigs/ex290_rotate_high_split_default_abc_d21.aig,1,1,1,4484,16,71744,42328,1.694954,0,0,synthflow_exact,Yosys abc delay target 21,2.753,Yosys abc delay target 21
ex290,ex290_rotate_high_split_default_abc_d22,unknown_12x12,abc_d22,student/work/reverse_unknown_20260603_1812/ex290/verilog/ex290_unknown_12x12_rotate_high_split_default.v,student/work/ex290_ex291_ex293_ex296_ex298_frontend_current_synthflow_20260608_1320/ex290/aigs/ex290_rotate_high_split_default_abc_d22.aig,1,1,1,4484,16,71744,42328,1.694954,0,0,synthflow_exact,Yosys abc delay target 22,2.735,Yosys abc delay target 22
ex290,ex290_rotate_high_split_default_abc_d24,unknown_12x12,abc_d24,student/work/reverse_unknown_20260603_1812/ex290/verilog/ex290_unknown_12x12_rotate_high_split_default.v,student/work/ex290_ex291_ex293_ex296_ex298_frontend_current_synthflow_20260608_1320/ex290/aigs/ex290_rotate_high_split_default_abc_d24.aig,1,1,1,4484,16,71744,42328,1.694954,0,0,synthflow_exact,Yosys abc delay target 24,2.736,Yosys abc delay target 24
ex290,ex290_rotate_high_split_default_abc_fast,unknown_12x12,abc_fast,student/work/reverse_unknown_20260603_1812/ex290/verilog/ex290_unknown_12x12_rotate_high_split_default.v,student/work/ex290_ex291_ex293_ex296_ex298_frontend_current_synthflow_20260608_1320/ex290/aigs/ex290_rotate_high_split_default_abc_fast.aig,1,1,1,5404,18,97272,42328,2.298053,0,0,synthflow_exact,Yosys abc fast script,2.434,Yosys abc fast script
ex290,ex290_rotate_high_split_default_abc_g_aig,unknown_12x12,abc_g_aig,student/work/reverse_unknown_20260603_1812/ex290/verilog/ex290_unknown_12x12_rotate_high_split_default.v,student/work/ex290_ex291_ex293_ex296_ex298_frontend_current_synthflow_20260608_1320/ex290/aigs/ex290_rotate_high_split_default_abc_g_aig.aig,1,1,1,4428,14,61992,42328,1.464562,1,0,synthflow_exact,Yosys abc gate set aig,2.709,Yosys abc gate set aig
ex290,ex290_rotate_high_split_default_abc_g_aig_d18,unknown_12x12,abc_g_aig_d18,student/work/reverse_unknown_20260603_1812/ex290/verilog/ex290_unknown_12x12_rotate_high_split_default.v,student/work/ex290_ex291_ex293_ex296_ex298_frontend_current_synthflow_20260608_1320/ex290/aigs/ex290_rotate_high_split_default_abc_g_aig_d18.aig,1,1,1,4428,14,61992,42328,1.464562,1,0,synthflow_exact,Yosys abc gate set aig delay target 18,4.602,Yosys abc gate set aig delay target 18
ex290,ex290_rotate_high_split_default_abc_g_aig_d19,unknown_12x12,abc_g_aig_d19,student/work/reverse_unknown_20260603_1812/ex290/verilog/ex290_unknown_12x12_rotate_high_split_default.v,student/work/ex290_ex291_ex293_ex296_ex298_frontend_current_synthflow_20260608_1320/ex290/aigs/ex290_rotate_high_split_default_abc_g_aig_d19.aig,1,1,1,4428,14,61992,42328,1.464562,1,0,synthflow_exact,Yosys abc gate set aig delay target 19,3.277,Yosys abc gate set aig delay target 19
ex290,ex290_rotate_high_split_default_abc_g_aig_d20,unknown_12x12,abc_g_aig_d20,student/work/reverse_unknown_20260603_1812/ex290/verilog/ex290_unknown_12x12_rotate_high_split_default.v,student/work/ex290_ex291_ex293_ex296_ex298_frontend_current_synthflow_20260608_1320/ex290/aigs/ex290_rotate_high_split_default_abc_g_aig_d20.aig,1,1,1,4428,14,61992,42328,1.464562,1,0,synthflow_exact,Yosys abc gate set aig delay target 20,2.734,Yosys abc gate set aig delay target 20
ex290,ex290_rotate_high_split_default_abc_g_aig_d21,unknown_12x12,abc_g_aig_d21,student/work/reverse_unknown_20260603_1812/ex290/verilog/ex290_unknown_12x12_rotate_high_split_default.v,student/work/ex290_ex291_ex293_ex296_ex298_frontend_current_synthflow_20260608_1320/ex290/aigs/ex290_rotate_high_split_default_abc_g_aig_d21.aig,1,1,1,4428,14,61992,42328,1.464562,1,0,synthflow_exact,Yosys abc gate set aig delay target 21,2.743,Yosys abc gate set aig delay target 21
ex290,ex290_rotate_high_split_default_abc_g_and_mux,unknown_12x12,abc_g_and_mux,student/work/reverse_unknown_20260603_1812/ex290/verilog/ex290_unknown_12x12_rotate_high_split_default.v,student/work/ex290_ex291_ex293_ex296_ex298_frontend_current_synthflow_20260608_1320/ex290/aigs/ex290_rotate_high_split_default_abc_g_and_mux.aig,1,1,1,4666,17,79322,42328,1.873984,0,0,synthflow_exact,"Yosys abc gate set AND,MUX",2.862,"Yosys abc gate set AND,MUX"
ex290,ex290_rotate_high_split_default_abc_g_cmos2,unknown_12x12,abc_g_cmos2,student/work/reverse_unknown_20260603_1812/ex290/verilog/ex290_unknown_12x12_rotate_high_split_default.v,student/work/ex290_ex291_ex293_ex296_ex298_frontend_current_synthflow_20260608_1320/ex290/aigs/ex290_rotate_high_split_default_abc_g_cmos2.aig,1,1,1,4508,15,67620,42328,1.597524,0,0,synthflow_exact,Yosys abc gate set cmos2,2.823,Yosys abc gate set cmos2
ex290,ex290_rotate_high_split_default_abc_g_gates,unknown_12x12,abc_g_gates,student/work/reverse_unknown_20260603_1812/ex290/verilog/ex290_unknown_12x12_rotate_high_split_default.v,student/work/ex290_ex291_ex293_ex296_ex298_frontend_current_synthflow_20260608_1320/ex290/aigs/ex290_rotate_high_split_default_abc_g_gates.aig,1,1,1,4432,15,66480,42328,1.570592,0,0,synthflow_exact,Yosys abc gate set gates,2.723,Yosys abc gate set gates
ex290,ex290_rotate_high_split_default_abc_g_simple,unknown_12x12,abc_g_simple,student/work/reverse_unknown_20260603_1812/ex290/verilog/ex290_unknown_12x12_rotate_high_split_default.v,student/work/ex290_ex291_ex293_ex296_ex298_frontend_current_synthflow_20260608_1320/ex290/aigs/ex290_rotate_high_split_default_abc_g_simple.aig,1,1,1,4572,17,77724,42328,1.836231,0,0,synthflow_exact,Yosys abc gate set simple,2.911,Yosys abc gate set simple
ex290,ex290_rotate_high_split_default_default_recheck,unknown_12x12,default_recheck,student/work/reverse_unknown_20260603_1812/ex290/verilog/ex290_unknown_12x12_rotate_high_split_default.v,student/work/ex290_ex291_ex293_ex296_ex298_frontend_current_synthflow_20260608_1320/ex290/aigs/ex290_rotate_high_split_default_default_recheck.aig,1,1,1,4484,16,71744,42328,1.694954,0,0,synthflow_exact,current project Yosys script sanity recheck,2.773,current project Yosys script sanity recheck
ex290,ex290_rotate_high_split_default_extra_opt_share,unknown_12x12,extra_opt_share,student/work/reverse_unknown_20260603_1812/ex290/verilog/ex290_unknown_12x12_rotate_high_split_default.v,student/work/ex290_ex291_ex293_ex296_ex298_frontend_current_synthflow_20260608_1320/ex290/aigs/ex290_rotate_high_split_default_extra_opt_share.aig,1,1,1,4484,16,71744,42328,1.694954,0,0,synthflow_exact,extra opt_reduce/opt_muxtree/wreduce/share before techmap,3.072,extra opt_reduce/opt_muxtree/wreduce/share before techmap
ex290,ex290_rotate_high_split_default_late_flatten,unknown_12x12,late_flatten,student/work/reverse_unknown_20260603_1812/ex290/verilog/ex290_unknown_12x12_rotate_high_split_default.v,student/work/ex290_ex291_ex293_ex296_ex298_frontend_current_synthflow_20260608_1320/ex290/aigs/ex290_rotate_high_split_default_late_flatten.aig,1,1,1,4484,16,71744,42328,1.694954,0,0,synthflow_exact,move flatten after techmap,2.777,move flatten after techmap
ex290,ex290_rotate_high_split_default_no_internal_abc,unknown_12x12,no_internal_abc,student/work/reverse_unknown_20260603_1812/ex290/verilog/ex290_unknown_12x12_rotate_high_split_default.v,student/work/ex290_ex291_ex293_ex296_ex298_frontend_current_synthflow_20260608_1320/ex290/aigs/ex290_rotate_high_split_default_no_internal_abc.aig,1,1,1,5527,18,99486,42328,2.350359,0,0,synthflow_exact,skip Yosys internal abc pass,2.529,skip Yosys internal abc pass
ex290,ex290_rotate_high_split_default_synth_preset,unknown_12x12,synth_preset,student/work/reverse_unknown_20260603_1812/ex290/verilog/ex290_unknown_12x12_rotate_high_split_default.v,student/work/ex290_ex291_ex293_ex296_ex298_frontend_current_synthflow_20260608_1320/ex290/aigs/ex290_rotate_high_split_default_synth_preset.aig,1,1,1,4437,15,66555,42328,1.572363,0,0,synthflow_exact,Yosys synth preset with flatten,3.205,Yosys synth preset with flatten
ex290,ex290_rotate_high_split_default_synth_preset_noabc,unknown_12x12,synth_preset_noabc,student/work/reverse_unknown_20260603_1812/ex290/verilog/ex290_unknown_12x12_rotate_high_split_default.v,student/work/ex290_ex291_ex293_ex296_ex298_frontend_current_synthflow_20260608_1320/ex290/aigs/ex290_rotate_high_split_default_synth_preset_noabc.aig,1,1,1,6858,19,130302,42328,3.078388,0,0,synthflow_exact,Yosys synth preset without abc,2.535,Yosys synth preset without abc
ex290,ex290_unknown_12x12_decision_tree_greedy,unknown_12x12,decision_tree_greedy,student/work/reverse_unknown_20260603_1812/ex290/verilog/ex290_unknown_12x12_decision_tree_greedy.v,student/work/reverse_unknown_20260603_1812/ex290/aigs/ex290_unknown_12x12_decision_tree_greedy.aig,1,1,1,6093,19,115767,42328,2.734998,0,0,structural_exact,nodes=3324; leaves=3325,8.593,unknown function structural Verilog seed
ex290,ex290_unknown_12x12_expr_default_exception,unknown_12x12,expr_default_exception,student/work/reverse_unknown_20260603_1812/ex290/verilog/ex290_unknown_12x12_expr_default_exception.v,student/work/reverse_unknown_20260603_1812/ex290/aigs/ex290_unknown_12x12_expr_default_exception.aig,1,1,1,8436,19,160284,42328,3.786713,0,0,structural_exact,expr=ones; matches=120; exceptions=3976,3.618,unknown function structural Verilog seed
ex290,ex290_unknown_12x12_high_split_default,unknown_12x12,high_split_default,student/work/reverse_unknown_20260603_1812/ex290/verilog/ex290_unknown_12x12_high_split_default.v,student/work/reverse_unknown_20260603_1812/ex290/aigs/ex290_unknown_12x12_high_split_default.aig,1,1,1,8249,18,148482,42328,3.507891,0,0,structural_exact,rotate=0; outer=high; outer_bits=6; inner_bits=6; full_default_groups=0; exceptions=3862,3.890,unknown function structural Verilog seed
ex290,ex290_unknown_12x12_low_split_default,unknown_12x12,low_split_default,student/work/reverse_unknown_20260603_1812/ex290/verilog/ex290_unknown_12x12_low_split_default.v,student/work/reverse_unknown_20260603_1812/ex290/aigs/ex290_unknown_12x12_low_split_default.aig,1,1,1,6132,16,98112,42328,2.317898,0,0,structural_exact,rotate=0; outer=low; outer_bits=6; inner_bits=6; full_default_groups=0; exceptions=3874,3.737,unknown function structural Verilog seed
ex290,ex290_unknown_12x12_rotate_high_split_default,unknown_12x12,rotate_high_split_default,student/work/reverse_unknown_20260603_1812/ex290/verilog/ex290_unknown_12x12_rotate_high_split_default.v,student/work/reverse_unknown_20260603_1812/ex290/aigs/ex290_unknown_12x12_rotate_high_split_default.aig,1,1,1,4484,16,71744,42328,1.694954,0,0,structural_exact,rotate=9; outer=high; outer_bits=6; inner_bits=6; full_default_groups=0; exceptions=3786,3.512,unknown function structural Verilog seed
ex290,ex290_unknown_12x12_rotate_low_split_default,unknown_12x12,rotate_low_split_default,student/work/reverse_unknown_20260603_1812/ex290/verilog/ex290_unknown_12x12_rotate_low_split_default.v,student/work/reverse_unknown_20260603_1812/ex290/aigs/ex290_unknown_12x12_rotate_low_split_default.aig,1,1,1,4484,16,71744,42328,1.694954,0,0,structural_exact,rotate=3; outer=low; outer_bits=6; inner_bits=6; full_default_groups=0; exceptions=3786,2.965,unknown function structural Verilog seed
ex290,ex290_unknown_12x12_value_case,unknown_12x12,value_case,student/work/reverse_unknown_20260603_1812/ex290/verilog/ex290_unknown_12x12_value_case.v,student/work/reverse_unknown_20260603_1812/ex290/aigs/ex290_unknown_12x12_value_case.aig,1,1,1,8436,19,160284,42328,3.786713,0,0,structural_exact,4096,3.537,unknown function structural Verilog seed
ex290,ex290_unknown_shared_bdd_12x12_order_0_11_1_10_2_9_3_8_4_7_5_6,unknown_shared_bdd_12x12,order_0_11_1_10_2_9_3_8_4_7_5_6,student/work/ex285_ex294_frontend_bdd_diagnostic_20260608_1225/ex290/verilog/ex290_unknown_shared_bdd_12x12_order_0_11_1_10_2_9_3_8_4_7_5_6.v,student/work/ex285_ex294_frontend_bdd_diagnostic_20260608_1225/ex290/aigs/ex290_unknown_shared_bdd_12x12_order_0_11_1_10_2_9_3_8_4_7_5_6.aig,1,1,1,3958,19,75202,42328,1.776649,0,0,structural_exact,order_name=order_0_11_1_10_2_9_3_8_4_7_5_6; order=0:11:1:10:2:9:3:8:4:7:5:6; bdd_nodes=2310,1.763,unknown function shared-BDD Verilog seed
ex290,ex290_unknown_shared_bdd_12x12_order_8_9_10_11_0_1_2_3_4_5_6_7,unknown_shared_bdd_12x12,order_8_9_10_11_0_1_2_3_4_5_6_7,student/work/ex285_ex294_frontend_bdd_diagnostic_20260608_1225/ex290/verilog/ex290_unknown_shared_bdd_12x12_order_8_9_10_11_0_1_2_3_4_5_6_7.v,student/work/ex285_ex294_frontend_bdd_diagnostic_20260608_1225/ex290/aigs/ex290_unknown_shared_bdd_12x12_order_8_9_10_11_0_1_2_3_4_5_6_7.aig,1,1,1,3949,19,75031,42328,1.772609,0,0,structural_exact,order_name=order_8_9_10_11_0_1_2_3_4_5_6_7; order=8:9:10:11:0:1:2:3:4:5:6:7; bdd_nodes=2461,1.749,unknown function shared-BDD Verilog seed
ex291,ex291_rotate_high_split_default_abc_d20,unknown_13x13,abc_d20,student/work/reverse_unknown_20260603_1812/ex291/verilog/ex291_unknown_13x13_rotate_high_split_default.v,student/work/ex290_ex291_ex293_ex296_ex298_frontend_current_synthflow_20260608_1320/ex291/aigs/ex291_rotate_high_split_default_abc_d20.aig,1,1,1,6624,16,105984,66850,1.585400,0,0,synthflow_exact,Yosys abc delay target 20,5.688,Yosys abc delay target 20
ex291,ex291_rotate_high_split_default_abc_d21,unknown_13x13,abc_d21,student/work/reverse_unknown_20260603_1812/ex291/verilog/ex291_unknown_13x13_rotate_high_split_default.v,student/work/ex290_ex291_ex293_ex296_ex298_frontend_current_synthflow_20260608_1320/ex291/aigs/ex291_rotate_high_split_default_abc_d21.aig,1,1,1,6624,16,105984,66850,1.585400,0,0,synthflow_exact,Yosys abc delay target 21,5.717,Yosys abc delay target 21
ex291,ex291_rotate_high_split_default_abc_d22,unknown_13x13,abc_d22,student/work/reverse_unknown_20260603_1812/ex291/verilog/ex291_unknown_13x13_rotate_high_split_default.v,student/work/ex290_ex291_ex293_ex296_ex298_frontend_current_synthflow_20260608_1320/ex291/aigs/ex291_rotate_high_split_default_abc_d22.aig,1,1,1,6624,16,105984,66850,1.585400,0,0,synthflow_exact,Yosys abc delay target 22,5.711,Yosys abc delay target 22
ex291,ex291_rotate_high_split_default_abc_d24,unknown_13x13,abc_d24,student/work/reverse_unknown_20260603_1812/ex291/verilog/ex291_unknown_13x13_rotate_high_split_default.v,student/work/ex290_ex291_ex293_ex296_ex298_frontend_current_synthflow_20260608_1320/ex291/aigs/ex291_rotate_high_split_default_abc_d24.aig,1,1,1,6624,16,105984,66850,1.585400,0,0,synthflow_exact,Yosys abc delay target 24,5.802,Yosys abc delay target 24
ex291,ex291_rotate_high_split_default_abc_fast,unknown_13x13,abc_fast,student/work/reverse_unknown_20260603_1812/ex291/verilog/ex291_unknown_13x13_rotate_high_split_default.v,student/work/ex290_ex291_ex293_ex296_ex298_frontend_current_synthflow_20260608_1320/ex291/aigs/ex291_rotate_high_split_default_abc_fast.aig,1,1,1,8048,19,152912,66850,2.287390,0,0,synthflow_exact,Yosys abc fast script,5.261,Yosys abc fast script
ex291,ex291_rotate_high_split_default_abc_g_aig,unknown_13x13,abc_g_aig,student/work/reverse_unknown_20260603_1812/ex291/verilog/ex291_unknown_13x13_rotate_high_split_default.v,student/work/ex290_ex291_ex293_ex296_ex298_frontend_current_synthflow_20260608_1320/ex291/aigs/ex291_rotate_high_split_default_abc_g_aig.aig,1,1,1,6571,15,98565,66850,1.474420,1,0,synthflow_exact,Yosys abc gate set aig,5.898,Yosys abc gate set aig
ex291,ex291_rotate_high_split_default_abc_g_aig_d18,unknown_13x13,abc_g_aig_d18,student/work/reverse_unknown_20260603_1812/ex291/verilog/ex291_unknown_13x13_rotate_high_split_default.v,student/work/ex290_ex291_ex293_ex296_ex298_frontend_current_synthflow_20260608_1320/ex291/aigs/ex291_rotate_high_split_default_abc_g_aig_d18.aig,1,1,1,6571,15,98565,66850,1.474420,1,0,synthflow_exact,Yosys abc gate set aig delay target 18,5.968,Yosys abc gate set aig delay target 18
ex291,ex291_rotate_high_split_default_abc_g_aig_d19,unknown_13x13,abc_g_aig_d19,student/work/reverse_unknown_20260603_1812/ex291/verilog/ex291_unknown_13x13_rotate_high_split_default.v,student/work/ex290_ex291_ex293_ex296_ex298_frontend_current_synthflow_20260608_1320/ex291/aigs/ex291_rotate_high_split_default_abc_g_aig_d19.aig,1,1,1,6571,15,98565,66850,1.474420,1,0,synthflow_exact,Yosys abc gate set aig delay target 19,5.794,Yosys abc gate set aig delay target 19
ex291,ex291_rotate_high_split_default_abc_g_aig_d20,unknown_13x13,abc_g_aig_d20,student/work/reverse_unknown_20260603_1812/ex291/verilog/ex291_unknown_13x13_rotate_high_split_default.v,student/work/ex290_ex291_ex293_ex296_ex298_frontend_current_synthflow_20260608_1320/ex291/aigs/ex291_rotate_high_split_default_abc_g_aig_d20.aig,1,1,1,6571,15,98565,66850,1.474420,1,0,synthflow_exact,Yosys abc gate set aig delay target 20,5.967,Yosys abc gate set aig delay target 20
ex291,ex291_rotate_high_split_default_abc_g_aig_d21,unknown_13x13,abc_g_aig_d21,student/work/reverse_unknown_20260603_1812/ex291/verilog/ex291_unknown_13x13_rotate_high_split_default.v,student/work/ex290_ex291_ex293_ex296_ex298_frontend_current_synthflow_20260608_1320/ex291/aigs/ex291_rotate_high_split_default_abc_g_aig_d21.aig,1,1,1,6571,15,98565,66850,1.474420,1,0,synthflow_exact,Yosys abc gate set aig delay target 21,5.957,Yosys abc gate set aig delay target 21
ex291,ex291_rotate_high_split_default_abc_g_and_mux,unknown_13x13,abc_g_and_mux,student/work/reverse_unknown_20260603_1812/ex291/verilog/ex291_unknown_13x13_rotate_high_split_default.v,student/work/ex290_ex291_ex293_ex296_ex298_frontend_current_synthflow_20260608_1320/ex291/aigs/ex291_rotate_high_split_default_abc_g_and_mux.aig,1,1,1,6869,17,116773,66850,1.746791,0,0,synthflow_exact,"Yosys abc gate set AND,MUX",6.509,"Yosys abc gate set AND,MUX"
ex291,ex291_rotate_high_split_default_abc_g_cmos2,unknown_13x13,abc_g_cmos2,student/work/reverse_unknown_20260603_1812/ex291/verilog/ex291_unknown_13x13_rotate_high_split_default.v,student/work/ex290_ex291_ex293_ex296_ex298_frontend_current_synthflow_20260608_1320/ex291/aigs/ex291_rotate_high_split_default_abc_g_cmos2.aig,1,1,1,6716,16,107456,66850,1.607420,0,0,synthflow_exact,Yosys abc gate set cmos2,6.249,Yosys abc gate set cmos2
ex291,ex291_rotate_high_split_default_abc_g_gates,unknown_13x13,abc_g_gates,student/work/reverse_unknown_20260603_1812/ex291/verilog/ex291_unknown_13x13_rotate_high_split_default.v,student/work/ex290_ex291_ex293_ex296_ex298_frontend_current_synthflow_20260608_1320/ex291/aigs/ex291_rotate_high_split_default_abc_g_gates.aig,1,1,1,6571,16,105136,66850,1.572715,0,0,synthflow_exact,Yosys abc gate set gates,5.980,Yosys abc gate set gates
ex291,ex291_rotate_high_split_default_abc_g_simple,unknown_13x13,abc_g_simple,student/work/reverse_unknown_20260603_1812/ex291/verilog/ex291_unknown_13x13_rotate_high_split_default.v,student/work/ex290_ex291_ex293_ex296_ex298_frontend_current_synthflow_20260608_1320/ex291/aigs/ex291_rotate_high_split_default_abc_g_simple.aig,1,1,1,6779,16,108464,66850,1.622498,0,0,synthflow_exact,Yosys abc gate set simple,6.153,Yosys abc gate set simple
ex291,ex291_rotate_high_split_default_default_recheck,unknown_13x13,default_recheck,student/work/reverse_unknown_20260603_1812/ex291/verilog/ex291_unknown_13x13_rotate_high_split_default.v,student/work/ex290_ex291_ex293_ex296_ex298_frontend_current_synthflow_20260608_1320/ex291/aigs/ex291_rotate_high_split_default_default_recheck.aig,1,1,1,6624,16,105984,66850,1.585400,0,0,synthflow_exact,current project Yosys script sanity recheck,5.710,current project Yosys script sanity recheck
ex291,ex291_rotate_high_split_default_extra_opt_share,unknown_13x13,extra_opt_share,student/work/reverse_unknown_20260603_1812/ex291/verilog/ex291_unknown_13x13_rotate_high_split_default.v,student/work/ex290_ex291_ex293_ex296_ex298_frontend_current_synthflow_20260608_1320/ex291/aigs/ex291_rotate_high_split_default_extra_opt_share.aig,1,1,1,6624,16,105984,66850,1.585400,0,0,synthflow_exact,extra opt_reduce/opt_muxtree/wreduce/share before techmap,6.758,extra opt_reduce/opt_muxtree/wreduce/share before techmap
ex291,ex291_rotate_high_split_default_late_flatten,unknown_13x13,late_flatten,student/work/reverse_unknown_20260603_1812/ex291/verilog/ex291_unknown_13x13_rotate_high_split_default.v,student/work/ex290_ex291_ex293_ex296_ex298_frontend_current_synthflow_20260608_1320/ex291/aigs/ex291_rotate_high_split_default_late_flatten.aig,1,1,1,6624,16,105984,66850,1.585400,0,0,synthflow_exact,move flatten after techmap,5.793,move flatten after techmap
ex291,ex291_rotate_high_split_default_no_internal_abc,unknown_13x13,no_internal_abc,student/work/reverse_unknown_20260603_1812/ex291/verilog/ex291_unknown_13x13_rotate_high_split_default.v,student/work/ex290_ex291_ex293_ex296_ex298_frontend_current_synthflow_20260608_1320/ex291/aigs/ex291_rotate_high_split_default_no_internal_abc.aig,1,1,1,8184,19,155496,66850,2.326043,0,0,synthflow_exact,skip Yosys internal abc pass,5.182,skip Yosys internal abc pass
ex291,ex291_rotate_high_split_default_synth_preset,unknown_13x13,synth_preset,student/work/reverse_unknown_20260603_1812/ex291/verilog/ex291_unknown_13x13_rotate_high_split_default.v,student/work/ex290_ex291_ex293_ex296_ex298_frontend_current_synthflow_20260608_1320/ex291/aigs/ex291_rotate_high_split_default_synth_preset.aig,1,1,1,6503,15,97545,66850,1.459162,1,0,synthflow_exact,Yosys synth preset with flatten,6.613,Yosys synth preset with flatten
ex291,ex291_rotate_high_split_default_synth_preset_noabc,unknown_13x13,synth_preset_noabc,student/work/reverse_unknown_20260603_1812/ex291/verilog/ex291_unknown_13x13_rotate_high_split_default.v,student/work/ex290_ex291_ex293_ex296_ex298_frontend_current_synthflow_20260608_1320/ex291/aigs/ex291_rotate_high_split_default_synth_preset_noabc.aig,1,1,1,11380,20,227600,66850,3.404637,0,0,synthflow_exact,Yosys synth preset without abc,5.846,Yosys synth preset without abc
ex291,ex291_unknown_13x13_decision_tree_greedy,unknown_13x13,decision_tree_greedy,student/work/reverse_unknown_20260603_1812/ex291/verilog/ex291_unknown_13x13_decision_tree_greedy.v,student/work/reverse_unknown_20260603_1812/ex291/aigs/ex291_unknown_13x13_decision_tree_greedy.aig,1,1,1,8418,20,168360,66850,2.518474,0,0,structural_exact,nodes=6245; leaves=6246,16.206,unknown function structural Verilog seed
ex291,ex291_unknown_13x13_expr_default_exception,unknown_13x13,expr_default_exception,student/work/reverse_unknown_20260603_1812/ex291/verilog/ex291_unknown_13x13_expr_default_exception.v,student/work/reverse_unknown_20260603_1812/ex291/aigs/ex291_unknown_13x13_expr_default_exception.aig,1,1,1,16111,22,354442,66850,5.302049,0,0,structural_exact,expr=ones; matches=150; exceptions=8042,8.183,unknown function structural Verilog seed
ex291,ex291_unknown_13x13_high_split_default,unknown_13x13,high_split_default,student/work/reverse_unknown_20260603_1812/ex291/verilog/ex291_unknown_13x13_high_split_default.v,student/work/reverse_unknown_20260603_1812/ex291/aigs/ex291_unknown_13x13_high_split_default.aig,1,1,1,15711,19,298509,66850,4.465355,0,0,structural_exact,rotate=0; outer=high; outer_bits=7; inner_bits=6; full_default_groups=0; exceptions=7777,8.587,unknown function structural Verilog seed
ex291,ex291_unknown_13x13_low_split_default,unknown_13x13,low_split_default,student/work/reverse_unknown_20260603_1812/ex291/verilog/ex291_unknown_13x13_low_split_default.v,student/work/reverse_unknown_20260603_1812/ex291/aigs/ex291_unknown_13x13_low_split_default.aig,1,1,1,8408,18,151344,66850,2.263934,0,0,structural_exact,rotate=0; outer=low; outer_bits=6; inner_bits=7; full_default_groups=0; exceptions=7886,5.322,unknown function structural Verilog seed
ex291,ex291_unknown_13x13_rotate_high_split_default,unknown_13x13,rotate_high_split_default,student/work/reverse_unknown_20260603_1812/ex291/verilog/ex291_unknown_13x13_rotate_high_split_default.v,student/work/reverse_unknown_20260603_1812/ex291/aigs/ex291_unknown_13x13_rotate_high_split_default.aig,1,1,1,6624,16,105984,66850,1.585400,0,0,structural_exact,rotate=10; outer=high; outer_bits=7; inner_bits=6; full_default_groups=0; exceptions=7533,5.952,unknown function structural Verilog seed
ex291,ex291_unknown_13x13_rotate_low_split_default,unknown_13x13,rotate_low_split_default,student/work/reverse_unknown_20260603_1812/ex291/verilog/ex291_unknown_13x13_rotate_low_split_default.v,student/work/reverse_unknown_20260603_1812/ex291/aigs/ex291_unknown_13x13_rotate_low_split_default.aig,1,1,1,8913,17,151521,66850,2.266582,0,0,structural_exact,rotate=4; outer=low; outer_bits=6; inner_bits=7; full_default_groups=0; exceptions=7722,5.636,unknown function structural Verilog seed
ex291,ex291_unknown_13x13_value_case,unknown_13x13,value_case,student/work/reverse_unknown_20260603_1812/ex291/verilog/ex291_unknown_13x13_value_case.v,student/work/reverse_unknown_20260603_1812/ex291/aigs/ex291_unknown_13x13_value_case.aig,1,1,1,16111,22,354442,66850,5.302049,0,0,structural_exact,8192,8.005,unknown function structural Verilog seed
ex291,ex291_unknown_shared_bdd_13x13_order_0_12_1_11_2_10_3_9_4_8_5_7_6,unknown_shared_bdd_13x13,order_0_12_1_11_2_10_3_9_4_8_5_7_6,student/work/ex285_ex294_frontend_bdd_diagnostic_20260608_1225/ex291/verilog/ex291_unknown_shared_bdd_13x13_order_0_12_1_11_2_10_3_9_4_8_5_7_6.v,student/work/ex285_ex294_frontend_bdd_diagnostic_20260608_1225/ex291/aigs/ex291_unknown_shared_bdd_13x13_order_0_12_1_11_2_10_3_9_4_8_5_7_6.aig,1,1,1,5369,21,112749,66850,1.686597,0,0,structural_exact,order_name=order_0_12_1_11_2_10_3_9_4_8_5_7_6; order=0:12:1:11:2:10:3:9:4:8:5:7:6; bdd_nodes=3083,2.712,unknown function shared-BDD Verilog seed
ex292,ex292_order_0_13_1_12_2_11_3_10_4_9_5_8_6_7_abc_d20,unknown_shared_bdd_14x14,abc_d20,student/work/ex285_ex294_frontend_bdd_diagnostic_20260608_1225/ex292/verilog/ex292_unknown_shared_bdd_14x14_order_0_13_1_12_2_11_3_10_4_9_5_8_6_7.v,student/work/ex288_ex289_ex292_ex294_frontend_bdd_synthflow_20260608_1235/ex292/aigs/ex292_order_0_13_1_12_2_11_3_10_4_9_5_8_6_7_abc_d20.aig,1,1,1,6827,21,143367,84854,1.689573,0,0,synthflow_exact,Yosys abc delay target 20,2.646,Yosys abc delay target 20
ex292,ex292_order_0_13_1_12_2_11_3_10_4_9_5_8_6_7_abc_d21,unknown_shared_bdd_14x14,abc_d21,student/work/ex285_ex294_frontend_bdd_diagnostic_20260608_1225/ex292/verilog/ex292_unknown_shared_bdd_14x14_order_0_13_1_12_2_11_3_10_4_9_5_8_6_7.v,student/work/ex288_ex289_ex292_ex294_frontend_bdd_synthflow_20260608_1235/ex292/aigs/ex292_order_0_13_1_12_2_11_3_10_4_9_5_8_6_7_abc_d21.aig,1,1,1,6827,21,143367,84854,1.689573,0,0,synthflow_exact,Yosys abc delay target 21,2.597,Yosys abc delay target 21
ex292,ex292_order_0_13_1_12_2_11_3_10_4_9_5_8_6_7_abc_d22,unknown_shared_bdd_14x14,abc_d22,student/work/ex285_ex294_frontend_bdd_diagnostic_20260608_1225/ex292/verilog/ex292_unknown_shared_bdd_14x14_order_0_13_1_12_2_11_3_10_4_9_5_8_6_7.v,student/work/ex288_ex289_ex292_ex294_frontend_bdd_synthflow_20260608_1235/ex292/aigs/ex292_order_0_13_1_12_2_11_3_10_4_9_5_8_6_7_abc_d22.aig,1,1,1,6827,21,143367,84854,1.689573,0,0,synthflow_exact,Yosys abc delay target 22,2.633,Yosys abc delay target 22
ex292,ex292_order_0_13_1_12_2_11_3_10_4_9_5_8_6_7_abc_d24,unknown_shared_bdd_14x14,abc_d24,student/work/ex285_ex294_frontend_bdd_diagnostic_20260608_1225/ex292/verilog/ex292_unknown_shared_bdd_14x14_order_0_13_1_12_2_11_3_10_4_9_5_8_6_7.v,student/work/ex288_ex289_ex292_ex294_frontend_bdd_synthflow_20260608_1235/ex292/aigs/ex292_order_0_13_1_12_2_11_3_10_4_9_5_8_6_7_abc_d24.aig,1,1,1,6827,21,143367,84854,1.689573,0,0,synthflow_exact,Yosys abc delay target 24,2.736,Yosys abc delay target 24
ex292,ex292_order_0_13_1_12_2_11_3_10_4_9_5_8_6_7_abc_fast,unknown_shared_bdd_14x14,abc_fast,student/work/ex285_ex294_frontend_bdd_diagnostic_20260608_1225/ex292/verilog/ex292_unknown_shared_bdd_14x14_order_0_13_1_12_2_11_3_10_4_9_5_8_6_7.v,student/work/ex288_ex289_ex292_ex294_frontend_bdd_synthflow_20260608_1235/ex292/aigs/ex292_order_0_13_1_12_2_11_3_10_4_9_5_8_6_7_abc_fast.aig,1,1,1,8189,26,212914,84854,2.509180,0,0,synthflow_exact,Yosys abc fast script,2.476,Yosys abc fast script
ex292,ex292_order_0_13_1_12_2_11_3_10_4_9_5_8_6_7_abc_g_aig,unknown_shared_bdd_14x14,abc_g_aig,student/work/ex285_ex294_frontend_bdd_diagnostic_20260608_1225/ex292/verilog/ex292_unknown_shared_bdd_14x14_order_0_13_1_12_2_11_3_10_4_9_5_8_6_7.v,student/work/ex288_ex289_ex292_ex294_frontend_bdd_synthflow_20260608_1235/ex292/aigs/ex292_order_0_13_1_12_2_11_3_10_4_9_5_8_6_7_abc_g_aig.aig,1,1,1,6770,21,142170,84854,1.675466,0,0,synthflow_exact,Yosys abc gate set aig,2.817,Yosys abc gate set aig
ex292,ex292_order_0_13_1_12_2_11_3_10_4_9_5_8_6_7_abc_g_aig_d18,unknown_shared_bdd_14x14,abc_g_aig_d18,student/work/ex285_ex294_frontend_bdd_diagnostic_20260608_1225/ex292/verilog/ex292_unknown_shared_bdd_14x14_order_0_13_1_12_2_11_3_10_4_9_5_8_6_7.v,student/work/ex288_ex289_ex292_ex294_frontend_bdd_synthflow_20260608_1235/ex292/aigs/ex292_order_0_13_1_12_2_11_3_10_4_9_5_8_6_7_abc_g_aig_d18.aig,1,1,1,6770,21,142170,84854,1.675466,0,0,synthflow_exact,Yosys abc gate set aig delay target 18,2.711,Yosys abc gate set aig delay target 18
ex292,ex292_order_0_13_1_12_2_11_3_10_4_9_5_8_6_7_abc_g_aig_d19,unknown_shared_bdd_14x14,abc_g_aig_d19,student/work/ex285_ex294_frontend_bdd_diagnostic_20260608_1225/ex292/verilog/ex292_unknown_shared_bdd_14x14_order_0_13_1_12_2_11_3_10_4_9_5_8_6_7.v,student/work/ex288_ex289_ex292_ex294_frontend_bdd_synthflow_20260608_1235/ex292/aigs/ex292_order_0_13_1_12_2_11_3_10_4_9_5_8_6_7_abc_g_aig_d19.aig,1,1,1,6770,21,142170,84854,1.675466,0,0,synthflow_exact,Yosys abc gate set aig delay target 19,2.784,Yosys abc gate set aig delay target 19
ex292,ex292_order_0_13_1_12_2_11_3_10_4_9_5_8_6_7_abc_g_aig_d20,unknown_shared_bdd_14x14,abc_g_aig_d20,student/work/ex285_ex294_frontend_bdd_diagnostic_20260608_1225/ex292/verilog/ex292_unknown_shared_bdd_14x14_order_0_13_1_12_2_11_3_10_4_9_5_8_6_7.v,student/work/ex288_ex289_ex292_ex294_frontend_bdd_synthflow_20260608_1235/ex292/aigs/ex292_order_0_13_1_12_2_11_3_10_4_9_5_8_6_7_abc_g_aig_d20.aig,1,1,1,6770,21,142170,84854,1.675466,0,0,synthflow_exact,Yosys abc gate set aig delay target 20,2.666,Yosys abc gate set aig delay target 20
ex292,ex292_order_0_13_1_12_2_11_3_10_4_9_5_8_6_7_abc_g_aig_d21,unknown_shared_bdd_14x14,abc_g_aig_d21,student/work/ex285_ex294_frontend_bdd_diagnostic_20260608_1225/ex292/verilog/ex292_unknown_shared_bdd_14x14_order_0_13_1_12_2_11_3_10_4_9_5_8_6_7.v,student/work/ex288_ex289_ex292_ex294_frontend_bdd_synthflow_20260608_1235/ex292/aigs/ex292_order_0_13_1_12_2_11_3_10_4_9_5_8_6_7_abc_g_aig_d21.aig,1,1,1,6770,21,142170,84854,1.675466,0,0,synthflow_exact,Yosys abc gate set aig delay target 21,2.712,Yosys abc gate set aig delay target 21
ex292,ex292_order_0_13_1_12_2_11_3_10_4_9_5_8_6_7_abc_g_and_mux,unknown_shared_bdd_14x14,abc_g_and_mux,student/work/ex285_ex294_frontend_bdd_diagnostic_20260608_1225/ex292/verilog/ex292_unknown_shared_bdd_14x14_order_0_13_1_12_2_11_3_10_4_9_5_8_6_7.v,student/work/ex288_ex289_ex292_ex294_frontend_bdd_synthflow_20260608_1235/ex292/aigs/ex292_order_0_13_1_12_2_11_3_10_4_9_5_8_6_7_abc_g_and_mux.aig,1,1,1,7063,24,169512,84854,1.997690,0,0,synthflow_exact,"Yosys abc gate set AND,MUX",2.928,"Yosys abc gate set AND,MUX"
ex292,ex292_order_0_13_1_12_2_11_3_10_4_9_5_8_6_7_abc_g_cmos2,unknown_shared_bdd_14x14,abc_g_cmos2,student/work/ex285_ex294_frontend_bdd_diagnostic_20260608_1225/ex292/verilog/ex292_unknown_shared_bdd_14x14_order_0_13_1_12_2_11_3_10_4_9_5_8_6_7.v,student/work/ex288_ex289_ex292_ex294_frontend_bdd_synthflow_20260608_1235/ex292/aigs/ex292_order_0_13_1_12_2_11_3_10_4_9_5_8_6_7_abc_g_cmos2.aig,1,1,1,6872,22,151184,84854,1.781696,0,0,synthflow_exact,Yosys abc gate set cmos2,2.989,Yosys abc gate set cmos2
ex292,ex292_order_0_13_1_12_2_11_3_10_4_9_5_8_6_7_abc_g_gates,unknown_shared_bdd_14x14,abc_g_gates,student/work/ex285_ex294_frontend_bdd_diagnostic_20260608_1225/ex292/verilog/ex292_unknown_shared_bdd_14x14_order_0_13_1_12_2_11_3_10_4_9_5_8_6_7.v,student/work/ex288_ex289_ex292_ex294_frontend_bdd_synthflow_20260608_1235/ex292/aigs/ex292_order_0_13_1_12_2_11_3_10_4_9_5_8_6_7_abc_g_gates.aig,1,1,1,6781,22,149182,84854,1.758102,0,0,synthflow_exact,Yosys abc gate set gates,2.715,Yosys abc gate set gates
ex292,ex292_order_0_13_1_12_2_11_3_10_4_9_5_8_6_7_abc_g_simple,unknown_shared_bdd_14x14,abc_g_simple,student/work/ex285_ex294_frontend_bdd_diagnostic_20260608_1225/ex292/verilog/ex292_unknown_shared_bdd_14x14_order_0_13_1_12_2_11_3_10_4_9_5_8_6_7.v,student/work/ex288_ex289_ex292_ex294_frontend_bdd_synthflow_20260608_1235/ex292/aigs/ex292_order_0_13_1_12_2_11_3_10_4_9_5_8_6_7_abc_g_simple.aig,1,1,1,7039,23,161897,84854,1.907948,0,0,synthflow_exact,Yosys abc gate set simple,4.387,Yosys abc gate set simple
ex292,ex292_order_0_13_1_12_2_11_3_10_4_9_5_8_6_7_default_recheck,unknown_shared_bdd_14x14,default_recheck,student/work/ex285_ex294_frontend_bdd_diagnostic_20260608_1225/ex292/verilog/ex292_unknown_shared_bdd_14x14_order_0_13_1_12_2_11_3_10_4_9_5_8_6_7.v,student/work/ex288_ex289_ex292_ex294_frontend_bdd_synthflow_20260608_1235/ex292/aigs/ex292_order_0_13_1_12_2_11_3_10_4_9_5_8_6_7_default_recheck.aig,1,1,1,6827,21,143367,84854,1.689573,0,0,synthflow_exact,current project Yosys script sanity recheck,2.627,current project Yosys script sanity recheck
ex292,ex292_order_0_13_1_12_2_11_3_10_4_9_5_8_6_7_extra_opt_share,unknown_shared_bdd_14x14,extra_opt_share,student/work/ex285_ex294_frontend_bdd_diagnostic_20260608_1225/ex292/verilog/ex292_unknown_shared_bdd_14x14_order_0_13_1_12_2_11_3_10_4_9_5_8_6_7.v,student/work/ex288_ex289_ex292_ex294_frontend_bdd_synthflow_20260608_1235/ex292/aigs/ex292_order_0_13_1_12_2_11_3_10_4_9_5_8_6_7_extra_opt_share.aig,1,1,1,6827,21,143367,84854,1.689573,0,0,synthflow_exact,extra opt_reduce/opt_muxtree/wreduce/share before techmap,2.827,extra opt_reduce/opt_muxtree/wreduce/share before techmap
ex292,ex292_order_0_13_1_12_2_11_3_10_4_9_5_8_6_7_late_flatten,unknown_shared_bdd_14x14,late_flatten,student/work/ex285_ex294_frontend_bdd_diagnostic_20260608_1225/ex292/verilog/ex292_unknown_shared_bdd_14x14_order_0_13_1_12_2_11_3_10_4_9_5_8_6_7.v,student/work/ex288_ex289_ex292_ex294_frontend_bdd_synthflow_20260608_1235/ex292/aigs/ex292_order_0_13_1_12_2_11_3_10_4_9_5_8_6_7_late_flatten.aig,1,1,1,6827,21,143367,84854,1.689573,0,0,synthflow_exact,move flatten after techmap,2.714,move flatten after techmap
ex292,ex292_order_0_13_1_12_2_11_3_10_4_9_5_8_6_7_no_internal_abc,unknown_shared_bdd_14x14,no_internal_abc,student/work/ex285_ex294_frontend_bdd_diagnostic_20260608_1225/ex292/verilog/ex292_unknown_shared_bdd_14x14_order_0_13_1_12_2_11_3_10_4_9_5_8_6_7.v,student/work/ex288_ex289_ex292_ex294_frontend_bdd_synthflow_20260608_1235/ex292/aigs/ex292_order_0_13_1_12_2_11_3_10_4_9_5_8_6_7_no_internal_abc.aig,1,1,1,8236,26,214136,84854,2.523582,0,0,synthflow_exact,skip Yosys internal abc pass,2.577,skip Yosys internal abc pass
ex292,ex292_order_0_13_1_12_2_11_3_10_4_9_5_8_6_7_synth_preset,unknown_shared_bdd_14x14,synth_preset,student/work/ex285_ex294_frontend_bdd_diagnostic_20260608_1225/ex292/verilog/ex292_unknown_shared_bdd_14x14_order_0_13_1_12_2_11_3_10_4_9_5_8_6_7.v,student/work/ex288_ex289_ex292_ex294_frontend_bdd_synthflow_20260608_1235/ex292/aigs/ex292_order_0_13_1_12_2_11_3_10_4_9_5_8_6_7_synth_preset.aig,1,1,1,6658,22,146476,84854,1.726212,0,0,synthflow_exact,Yosys synth preset with flatten,3.971,Yosys synth preset with flatten
ex292,ex292_order_0_13_1_12_2_11_3_10_4_9_5_8_6_7_synth_preset_noabc,unknown_shared_bdd_14x14,synth_preset_noabc,student/work/ex285_ex294_frontend_bdd_diagnostic_20260608_1225/ex292/verilog/ex292_unknown_shared_bdd_14x14_order_0_13_1_12_2_11_3_10_4_9_5_8_6_7.v,student/work/ex288_ex289_ex292_ex294_frontend_bdd_synthflow_20260608_1235/ex292/aigs/ex292_order_0_13_1_12_2_11_3_10_4_9_5_8_6_7_synth_preset_noabc.aig,1,1,1,8182,26,212732,84854,2.507036,0,0,synthflow_exact,Yosys synth preset without abc,3.203,Yosys synth preset without abc
ex292,ex292_unknown_14x14_decision_tree_greedy,unknown_14x14,decision_tree_greedy,student/work/reverse_unknown_20260603_1812/ex292/verilog/ex292_unknown_14x14_decision_tree_greedy.v,student/work/reverse_unknown_20260603_1812/ex292/aigs/ex292_unknown_14x14_decision_tree_greedy.aig,1,1,1,12031,21,252651,84854,2.977479,0,0,structural_exact,nodes=12184; leaves=12185,38.692,unknown function structural Verilog seed
ex292,ex292_unknown_14x14_expr_default_exception,unknown_14x14,expr_default_exception,student/work/reverse_unknown_20260603_1812/ex292/verilog/ex292_unknown_14x14_expr_default_exception.v,student/work/reverse_unknown_20260603_1812/ex292/aigs/ex292_unknown_14x14_expr_default_exception.aig,1,1,1,31145,24,747480,84854,8.809013,0,0,structural_exact,expr=ones; matches=197; exceptions=16187,18.149,unknown function structural Verilog seed
ex292,ex292_unknown_14x14_high_split_default,unknown_14x14,high_split_default,student/work/reverse_unknown_20260603_1812/ex292/verilog/ex292_unknown_14x14_high_split_default.v,student/work/reverse_unknown_20260603_1812/ex292/aigs/ex292_unknown_14x14_high_split_default.aig,1,1,1,30712,20,614240,84854,7.238787,0,0,structural_exact,rotate=0; outer=high; outer_bits=7; inner_bits=7; full_default_groups=0; exceptions=15833,18.248,unknown function structural Verilog seed
ex292,ex292_unknown_14x14_low_split_default,unknown_14x14,low_split_default,student/work/reverse_unknown_20260603_1812/ex292/verilog/ex292_unknown_14x14_low_split_default.v,student/work/reverse_unknown_20260603_1812/ex292/aigs/ex292_unknown_14x14_low_split_default.aig,1,1,1,14369,20,287380,84854,3.386758,0,0,structural_exact,rotate=0; outer=low; outer_bits=7; inner_bits=7; full_default_groups=0; exceptions=15806,11.634,unknown function structural Verilog seed
ex292,ex292_unknown_14x14_rotate_high_split_default,unknown_14x14,rotate_high_split_default,student/work/reverse_unknown_20260603_1812/ex292/verilog/ex292_unknown_14x14_rotate_high_split_default.v,student/work/reverse_unknown_20260603_1812/ex292/aigs/ex292_unknown_14x14_rotate_high_split_default.aig,1,1,1,9350,18,168300,84854,1.983407,0,0,structural_exact,rotate=11; outer=high; outer_bits=7; inner_bits=7; full_default_groups=0; exceptions=15547,12.026,unknown function structural Verilog seed
ex292,ex292_unknown_14x14_rotate_low_split_default,unknown_14x14,rotate_low_split_default,student/work/reverse_unknown_20260603_1812/ex292/verilog/ex292_unknown_14x14_rotate_low_split_default.v,student/work/reverse_unknown_20260603_1812/ex292/aigs/ex292_unknown_14x14_rotate_low_split_default.aig,1,1,1,9350,18,168300,84854,1.983407,0,0,structural_exact,rotate=4; outer=low; outer_bits=7; inner_bits=7; full_default_groups=0; exceptions=15547,11.181,unknown function structural Verilog seed
ex292,ex292_unknown_14x14_value_case,unknown_14x14,value_case,student/work/reverse_unknown_20260603_1812/ex292/verilog/ex292_unknown_14x14_value_case.v,student/work/reverse_unknown_20260603_1812/ex292/aigs/ex292_unknown_14x14_value_case.aig,1,1,1,31145,24,747480,84854,8.809013,0,0,structural_exact,16384,17.135,unknown function structural Verilog seed
ex292,ex292_unknown_shared_bdd_14x14_order_0_13_1_12_2_11_3_10_4_9_5_8_6_7,unknown_shared_bdd_14x14,order_0_13_1_12_2_11_3_10_4_9_5_8_6_7,student/work/ex285_ex294_frontend_bdd_diagnostic_20260608_1225/ex292/verilog/ex292_unknown_shared_bdd_14x14_order_0_13_1_12_2_11_3_10_4_9_5_8_6_7.v,student/work/ex285_ex294_frontend_bdd_diagnostic_20260608_1225/ex292/aigs/ex292_unknown_shared_bdd_14x14_order_0_13_1_12_2_11_3_10_4_9_5_8_6_7.aig,1,1,1,6827,21,143367,84854,1.689573,0,0,structural_exact,order_name=order_0_13_1_12_2_11_3_10_4_9_5_8_6_7; order=0:13:1:12:2:11:3:10:4:9:5:8:6:7; bdd_nodes=3807,4.529,unknown function shared-BDD Verilog seed
ex293,ex293_rotate_low_split_default_abc_d20,unknown_15x15,abc_d20,student/work/reverse_unknown_20260603_1812/ex293/verilog/ex293_unknown_15x15_rotate_low_split_default.v,student/work/ex290_ex291_ex293_ex296_ex298_frontend_current_synthflow_20260608_1320/ex293/aigs/ex293_rotate_low_split_default_abc_d20.aig,1,1,1,8158,18,146844,112966,1.299896,1,0,synthflow_exact,Yosys abc delay target 20,16.479,Yosys abc delay target 20
ex293,ex293_rotate_low_split_default_abc_d21,unknown_15x15,abc_d21,student/work/reverse_unknown_20260603_1812/ex293/verilog/ex293_unknown_15x15_rotate_low_split_default.v,student/work/ex290_ex291_ex293_ex296_ex298_frontend_current_synthflow_20260608_1320/ex293/aigs/ex293_rotate_low_split_default_abc_d21.aig,1,1,1,8158,18,146844,112966,1.299896,1,0,synthflow_exact,Yosys abc delay target 21,17.374,Yosys abc delay target 21
ex293,ex293_rotate_low_split_default_abc_d22,unknown_15x15,abc_d22,student/work/reverse_unknown_20260603_1812/ex293/verilog/ex293_unknown_15x15_rotate_low_split_default.v,student/work/ex290_ex291_ex293_ex296_ex298_frontend_current_synthflow_20260608_1320/ex293/aigs/ex293_rotate_low_split_default_abc_d22.aig,1,1,1,8158,18,146844,112966,1.299896,1,0,synthflow_exact,Yosys abc delay target 22,16.772,Yosys abc delay target 22
ex293,ex293_rotate_low_split_default_abc_d24,unknown_15x15,abc_d24,student/work/reverse_unknown_20260603_1812/ex293/verilog/ex293_unknown_15x15_rotate_low_split_default.v,student/work/ex290_ex291_ex293_ex296_ex298_frontend_current_synthflow_20260608_1320/ex293/aigs/ex293_rotate_low_split_default_abc_d24.aig,1,1,1,8158,18,146844,112966,1.299896,1,0,synthflow_exact,Yosys abc delay target 24,16.767,Yosys abc delay target 24
ex293,ex293_rotate_low_split_default_abc_fast,unknown_15x15,abc_fast,student/work/reverse_unknown_20260603_1812/ex293/verilog/ex293_unknown_15x15_rotate_low_split_default.v,student/work/ex290_ex291_ex293_ex296_ex298_frontend_current_synthflow_20260608_1320/ex293/aigs/ex293_rotate_low_split_default_abc_fast.aig,1,1,1,9662,23,222226,112966,1.967194,0,0,synthflow_exact,Yosys abc fast script,18.173,Yosys abc fast script
ex293,ex293_rotate_low_split_default_abc_g_aig,unknown_15x15,abc_g_aig,student/work/reverse_unknown_20260603_1812/ex293/verilog/ex293_unknown_15x15_rotate_low_split_default.v,student/work/ex290_ex291_ex293_ex296_ex298_frontend_current_synthflow_20260608_1320/ex293/aigs/ex293_rotate_low_split_default_abc_g_aig.aig,1,1,1,8122,18,146196,112966,1.294159,1,0,synthflow_exact,Yosys abc gate set aig,17.531,Yosys abc gate set aig
ex293,ex293_rotate_low_split_default_abc_g_aig_d18,unknown_15x15,abc_g_aig_d18,student/work/reverse_unknown_20260603_1812/ex293/verilog/ex293_unknown_15x15_rotate_low_split_default.v,student/work/ex290_ex291_ex293_ex296_ex298_frontend_current_synthflow_20260608_1320/ex293/aigs/ex293_rotate_low_split_default_abc_g_aig_d18.aig,1,1,1,8122,18,146196,112966,1.294159,1,0,synthflow_exact,Yosys abc gate set aig delay target 18,17.189,Yosys abc gate set aig delay target 18
ex293,ex293_rotate_low_split_default_abc_g_aig_d19,unknown_15x15,abc_g_aig_d19,student/work/reverse_unknown_20260603_1812/ex293/verilog/ex293_unknown_15x15_rotate_low_split_default.v,student/work/ex290_ex291_ex293_ex296_ex298_frontend_current_synthflow_20260608_1320/ex293/aigs/ex293_rotate_low_split_default_abc_g_aig_d19.aig,1,1,1,8122,18,146196,112966,1.294159,1,0,synthflow_exact,Yosys abc gate set aig delay target 19,16.826,Yosys abc gate set aig delay target 19
ex293,ex293_rotate_low_split_default_abc_g_aig_d20,unknown_15x15,abc_g_aig_d20,student/work/reverse_unknown_20260603_1812/ex293/verilog/ex293_unknown_15x15_rotate_low_split_default.v,student/work/ex290_ex291_ex293_ex296_ex298_frontend_current_synthflow_20260608_1320/ex293/aigs/ex293_rotate_low_split_default_abc_g_aig_d20.aig,1,1,1,8122,18,146196,112966,1.294159,1,0,synthflow_exact,Yosys abc gate set aig delay target 20,18.273,Yosys abc gate set aig delay target 20
ex293,ex293_rotate_low_split_default_abc_g_aig_d21,unknown_15x15,abc_g_aig_d21,student/work/reverse_unknown_20260603_1812/ex293/verilog/ex293_unknown_15x15_rotate_low_split_default.v,student/work/ex290_ex291_ex293_ex296_ex298_frontend_current_synthflow_20260608_1320/ex293/aigs/ex293_rotate_low_split_default_abc_g_aig_d21.aig,1,1,1,8122,18,146196,112966,1.294159,1,0,synthflow_exact,Yosys abc gate set aig delay target 21,17.348,Yosys abc gate set aig delay target 21
ex293,ex293_rotate_low_split_default_abc_g_and_mux,unknown_15x15,abc_g_and_mux,student/work/reverse_unknown_20260603_1812/ex293/verilog/ex293_unknown_15x15_rotate_low_split_default.v,student/work/ex290_ex291_ex293_ex296_ex298_frontend_current_synthflow_20260608_1320/ex293/aigs/ex293_rotate_low_split_default_abc_g_and_mux.aig,1,1,1,8458,21,177618,112966,1.572314,0,0,synthflow_exact,"Yosys abc gate set AND,MUX",18.884,"Yosys abc gate set AND,MUX"
ex293,ex293_rotate_low_split_default_abc_g_cmos2,unknown_15x15,abc_g_cmos2,student/work/reverse_unknown_20260603_1812/ex293/verilog/ex293_unknown_15x15_rotate_low_split_default.v,student/work/ex290_ex291_ex293_ex296_ex298_frontend_current_synthflow_20260608_1320/ex293/aigs/ex293_rotate_low_split_default_abc_g_cmos2.aig,1,1,1,8298,18,149364,112966,1.322203,1,0,synthflow_exact,Yosys abc gate set cmos2,17.937,Yosys abc gate set cmos2
ex293,ex293_rotate_low_split_default_abc_g_gates,unknown_15x15,abc_g_gates,student/work/reverse_unknown_20260603_1812/ex293/verilog/ex293_unknown_15x15_rotate_low_split_default.v,student/work/ex290_ex291_ex293_ex296_ex298_frontend_current_synthflow_20260608_1320/ex293/aigs/ex293_rotate_low_split_default_abc_g_gates.aig,1,1,1,8126,18,146268,112966,1.294797,1,0,synthflow_exact,Yosys abc gate set gates,18.249,Yosys abc gate set gates
ex293,ex293_rotate_low_split_default_abc_g_simple,unknown_15x15,abc_g_simple,student/work/reverse_unknown_20260603_1812/ex293/verilog/ex293_unknown_15x15_rotate_low_split_default.v,student/work/ex290_ex291_ex293_ex296_ex298_frontend_current_synthflow_20260608_1320/ex293/aigs/ex293_rotate_low_split_default_abc_g_simple.aig,1,1,1,8326,20,166520,112966,1.474072,1,0,synthflow_exact,Yosys abc gate set simple,18.378,Yosys abc gate set simple
ex293,ex293_rotate_low_split_default_default_recheck,unknown_15x15,default_recheck,student/work/reverse_unknown_20260603_1812/ex293/verilog/ex293_unknown_15x15_rotate_low_split_default.v,student/work/ex290_ex291_ex293_ex296_ex298_frontend_current_synthflow_20260608_1320/ex293/aigs/ex293_rotate_low_split_default_default_recheck.aig,1,1,1,8158,18,146844,112966,1.299896,1,0,synthflow_exact,current project Yosys script sanity recheck,16.995,current project Yosys script sanity recheck
ex293,ex293_rotate_low_split_default_extra_opt_share,unknown_15x15,extra_opt_share,student/work/reverse_unknown_20260603_1812/ex293/verilog/ex293_unknown_15x15_rotate_low_split_default.v,student/work/ex290_ex291_ex293_ex296_ex298_frontend_current_synthflow_20260608_1320/ex293/aigs/ex293_rotate_low_split_default_extra_opt_share.aig,1,1,1,8158,18,146844,112966,1.299896,1,0,synthflow_exact,extra opt_reduce/opt_muxtree/wreduce/share before techmap,21.008,extra opt_reduce/opt_muxtree/wreduce/share before techmap
ex293,ex293_rotate_low_split_default_late_flatten,unknown_15x15,late_flatten,student/work/reverse_unknown_20260603_1812/ex293/verilog/ex293_unknown_15x15_rotate_low_split_default.v,student/work/ex290_ex291_ex293_ex296_ex298_frontend_current_synthflow_20260608_1320/ex293/aigs/ex293_rotate_low_split_default_late_flatten.aig,1,1,1,8158,18,146844,112966,1.299896,1,0,synthflow_exact,move flatten after techmap,17.420,move flatten after techmap
ex293,ex293_rotate_low_split_default_no_internal_abc,unknown_15x15,no_internal_abc,student/work/reverse_unknown_20260603_1812/ex293/verilog/ex293_unknown_15x15_rotate_low_split_default.v,student/work/ex290_ex291_ex293_ex296_ex298_frontend_current_synthflow_20260608_1320/ex293/aigs/ex293_rotate_low_split_default_no_internal_abc.aig,1,1,1,9845,23,226435,112966,2.004453,0,0,synthflow_exact,skip Yosys internal abc pass,16.957,skip Yosys internal abc pass
ex293,ex293_rotate_low_split_default_synth_preset,unknown_15x15,synth_preset,student/work/reverse_unknown_20260603_1812/ex293/verilog/ex293_unknown_15x15_rotate_low_split_default.v,student/work/ex290_ex291_ex293_ex296_ex298_frontend_current_synthflow_20260608_1320/ex293/aigs/ex293_rotate_low_split_default_synth_preset.aig,1,1,1,8054,18,144972,112966,1.283324,1,0,synthflow_exact,Yosys synth preset with flatten,17.484,Yosys synth preset with flatten
ex293,ex293_rotate_low_split_default_synth_preset_noabc,unknown_15x15,synth_preset_noabc,student/work/reverse_unknown_20260603_1812/ex293/verilog/ex293_unknown_15x15_rotate_low_split_default.v,student/work/ex290_ex291_ex293_ex296_ex298_frontend_current_synthflow_20260608_1320/ex293/aigs/ex293_rotate_low_split_default_synth_preset_noabc.aig,1,1,1,15192,24,364608,112966,3.227591,0,0,synthflow_exact,Yosys synth preset without abc,16.477,Yosys synth preset without abc
ex293,ex293_unknown_15x15_decision_tree_greedy,unknown_15x15,decision_tree_greedy,student/work/reverse_unknown_20260603_1812/ex293/verilog/ex293_unknown_15x15_decision_tree_greedy.v,student/work/reverse_unknown_20260603_1812/ex293/aigs/ex293_unknown_15x15_decision_tree_greedy.aig,1,1,1,14914,21,313194,112966,2.772463,0,0,structural_exact,nodes=23938; leaves=23939,76.912,unknown function structural Verilog seed
ex293,ex293_unknown_15x15_expr_default_exception,unknown_15x15,expr_default_exception,student/work/reverse_unknown_20260603_1812/ex293/verilog/ex293_unknown_15x15_expr_default_exception.v,student/work/reverse_unknown_20260603_1812/ex293/aigs/ex293_unknown_15x15_expr_default_exception.aig,1,1,1,58213,25,1455325,112966,12.882859,0,0,structural_exact,expr=ones; matches=476; exceptions=32292,33.833,unknown function structural Verilog seed
ex293,ex293_unknown_15x15_high_split_default,unknown_15x15,high_split_default,student/work/reverse_unknown_20260603_1812/ex293/verilog/ex293_unknown_15x15_high_split_default.v,student/work/reverse_unknown_20260603_1812/ex293/aigs/ex293_unknown_15x15_high_split_default.aig,1,1,1,57364,22,1262008,112966,11.171574,0,0,structural_exact,rotate=0; outer=high; outer_bits=8; inner_bits=7; full_default_groups=0; exceptions=31642,37.865,unknown function structural Verilog seed
ex293,ex293_unknown_15x15_low_split_default,unknown_15x15,low_split_default,student/work/reverse_unknown_20260603_1812/ex293/verilog/ex293_unknown_15x15_low_split_default.v,student/work/reverse_unknown_20260603_1812/ex293/aigs/ex293_unknown_15x15_low_split_default.aig,1,1,1,17168,21,360528,112966,3.191474,0,0,structural_exact,rotate=0; outer=low; outer_bits=7; inner_bits=8; full_default_groups=0; exceptions=31811,20.529,unknown function structural Verilog seed
ex293,ex293_unknown_15x15_rotate_high_split_default,unknown_15x15,rotate_high_split_default,student/work/reverse_unknown_20260603_1812/ex293/verilog/ex293_unknown_15x15_rotate_high_split_default.v,student/work/reverse_unknown_20260603_1812/ex293/aigs/ex293_unknown_15x15_rotate_high_split_default.aig,1,1,1,8395,18,151110,112966,1.337659,1,0,structural_exact,rotate=11; outer=high; outer_bits=8; inner_bits=7; full_default_groups=0; exceptions=31025,15.929,unknown function structural Verilog seed
ex293,ex293_unknown_15x15_rotate_low_split_default,unknown_15x15,rotate_low_split_default,student/work/reverse_unknown_20260603_1812/ex293/verilog/ex293_unknown_15x15_rotate_low_split_default.v,student/work/reverse_unknown_20260603_1812/ex293/aigs/ex293_unknown_15x15_rotate_low_split_default.aig,1,1,1,8158,18,146844,112966,1.299896,1,0,structural_exact,rotate=3; outer=low; outer_bits=7; inner_bits=8; full_default_groups=0; exceptions=31465,18.367,unknown function structural Verilog seed
ex293,ex293_unknown_15x15_value_case,unknown_15x15,value_case,student/work/reverse_unknown_20260603_1812/ex293/verilog/ex293_unknown_15x15_value_case.v,student/work/reverse_unknown_20260603_1812/ex293/aigs/ex293_unknown_15x15_value_case.aig,1,1,1,58213,25,1455325,112966,12.882859,0,0,structural_exact,32768,33.512,unknown function structural Verilog seed
ex293,ex293_unknown_shared_bdd_15x15_order_0_14_1_13_2_12_3_11_4_10_5_9_6_8_7,unknown_shared_bdd_15x15,order_0_14_1_13_2_12_3_11_4_10_5_9_6_8_7,student/work/ex285_ex294_frontend_bdd_diagnostic_20260608_1225/ex293/verilog/ex293_unknown_shared_bdd_15x15_order_0_14_1_13_2_12_3_11_4_10_5_9_6_8_7.v,student/work/ex285_ex294_frontend_bdd_diagnostic_20260608_1225/ex293/aigs/ex293_unknown_shared_bdd_15x15_order_0_14_1_13_2_12_3_11_4_10_5_9_6_8_7.aig,1,1,1,8599,22,189178,112966,1.674645,0,0,structural_exact,order_name=order_0_14_1_13_2_12_3_11_4_10_5_9_6_8_7; order=0:14:1:13:2:12:3:11:4:10:5:9:6:8:7; bdd_nodes=4759,7.631,unknown function shared-BDD Verilog seed
ex294,ex294_order_0_15_1_14_2_13_3_12_4_11_5_10_6_9_7_8_abc_d20,unknown_shared_bdd_16x16,abc_d20,student/work/ex285_ex294_frontend_bdd_diagnostic_20260608_1225/ex294/verilog/ex294_unknown_shared_bdd_16x16_order_0_15_1_14_2_13_3_12_4_11_5_10_6_9_7_8.v,student/work/ex288_ex289_ex292_ex294_frontend_bdd_synthflow_20260608_1235/ex294/aigs/ex294_order_0_15_1_14_2_13_3_12_4_11_5_10_6_9_7_8_abc_d20.aig,1,1,1,10945,24,262680,133365,1.969632,0,0,synthflow_exact,Yosys abc delay target 20,5.509,Yosys abc delay target 20
ex294,ex294_order_0_15_1_14_2_13_3_12_4_11_5_10_6_9_7_8_abc_d21,unknown_shared_bdd_16x16,abc_d21,student/work/ex285_ex294_frontend_bdd_diagnostic_20260608_1225/ex294/verilog/ex294_unknown_shared_bdd_16x16_order_0_15_1_14_2_13_3_12_4_11_5_10_6_9_7_8.v,student/work/ex288_ex289_ex292_ex294_frontend_bdd_synthflow_20260608_1235/ex294/aigs/ex294_order_0_15_1_14_2_13_3_12_4_11_5_10_6_9_7_8_abc_d21.aig,1,1,1,10945,24,262680,133365,1.969632,0,0,synthflow_exact,Yosys abc delay target 21,5.332,Yosys abc delay target 21
ex294,ex294_order_0_15_1_14_2_13_3_12_4_11_5_10_6_9_7_8_abc_d22,unknown_shared_bdd_16x16,abc_d22,student/work/ex285_ex294_frontend_bdd_diagnostic_20260608_1225/ex294/verilog/ex294_unknown_shared_bdd_16x16_order_0_15_1_14_2_13_3_12_4_11_5_10_6_9_7_8.v,student/work/ex288_ex289_ex292_ex294_frontend_bdd_synthflow_20260608_1235/ex294/aigs/ex294_order_0_15_1_14_2_13_3_12_4_11_5_10_6_9_7_8_abc_d22.aig,1,1,1,10945,24,262680,133365,1.969632,0,0,synthflow_exact,Yosys abc delay target 22,5.356,Yosys abc delay target 22
ex294,ex294_order_0_15_1_14_2_13_3_12_4_11_5_10_6_9_7_8_abc_d24,unknown_shared_bdd_16x16,abc_d24,student/work/ex285_ex294_frontend_bdd_diagnostic_20260608_1225/ex294/verilog/ex294_unknown_shared_bdd_16x16_order_0_15_1_14_2_13_3_12_4_11_5_10_6_9_7_8.v,student/work/ex288_ex289_ex292_ex294_frontend_bdd_synthflow_20260608_1235/ex294/aigs/ex294_order_0_15_1_14_2_13_3_12_4_11_5_10_6_9_7_8_abc_d24.aig,1,1,1,10945,24,262680,133365,1.969632,0,0,synthflow_exact,Yosys abc delay target 24,5.518,Yosys abc delay target 24
ex294,ex294_order_0_15_1_14_2_13_3_12_4_11_5_10_6_9_7_8_abc_fast,unknown_shared_bdd_16x16,abc_fast,student/work/ex285_ex294_frontend_bdd_diagnostic_20260608_1225/ex294/verilog/ex294_unknown_shared_bdd_16x16_order_0_15_1_14_2_13_3_12_4_11_5_10_6_9_7_8.v,student/work/ex288_ex289_ex292_ex294_frontend_bdd_synthflow_20260608_1235/ex294/aigs/ex294_order_0_15_1_14_2_13_3_12_4_11_5_10_6_9_7_8_abc_fast.aig,1,1,1,13496,30,404880,133365,3.035879,0,0,synthflow_exact,Yosys abc fast script,5.499,Yosys abc fast script
ex294,ex294_order_0_15_1_14_2_13_3_12_4_11_5_10_6_9_7_8_abc_g_aig,unknown_shared_bdd_16x16,abc_g_aig,student/work/ex285_ex294_frontend_bdd_diagnostic_20260608_1225/ex294/verilog/ex294_unknown_shared_bdd_16x16_order_0_15_1_14_2_13_3_12_4_11_5_10_6_9_7_8.v,student/work/ex288_ex289_ex292_ex294_frontend_bdd_synthflow_20260608_1235/ex294/aigs/ex294_order_0_15_1_14_2_13_3_12_4_11_5_10_6_9_7_8_abc_g_aig.aig,1,1,1,10835,23,249205,133365,1.868594,0,0,synthflow_exact,Yosys abc gate set aig,5.796,Yosys abc gate set aig
ex294,ex294_order_0_15_1_14_2_13_3_12_4_11_5_10_6_9_7_8_abc_g_aig_d18,unknown_shared_bdd_16x16,abc_g_aig_d18,student/work/ex285_ex294_frontend_bdd_diagnostic_20260608_1225/ex294/verilog/ex294_unknown_shared_bdd_16x16_order_0_15_1_14_2_13_3_12_4_11_5_10_6_9_7_8.v,student/work/ex288_ex289_ex292_ex294_frontend_bdd_synthflow_20260608_1235/ex294/aigs/ex294_order_0_15_1_14_2_13_3_12_4_11_5_10_6_9_7_8_abc_g_aig_d18.aig,1,1,1,10835,23,249205,133365,1.868594,0,0,synthflow_exact,Yosys abc gate set aig delay target 18,6.332,Yosys abc gate set aig delay target 18
ex294,ex294_order_0_15_1_14_2_13_3_12_4_11_5_10_6_9_7_8_abc_g_aig_d19,unknown_shared_bdd_16x16,abc_g_aig_d19,student/work/ex285_ex294_frontend_bdd_diagnostic_20260608_1225/ex294/verilog/ex294_unknown_shared_bdd_16x16_order_0_15_1_14_2_13_3_12_4_11_5_10_6_9_7_8.v,student/work/ex288_ex289_ex292_ex294_frontend_bdd_synthflow_20260608_1235/ex294/aigs/ex294_order_0_15_1_14_2_13_3_12_4_11_5_10_6_9_7_8_abc_g_aig_d19.aig,1,1,1,10835,23,249205,133365,1.868594,0,0,synthflow_exact,Yosys abc gate set aig delay target 19,6.264,Yosys abc gate set aig delay target 19
ex294,ex294_order_0_15_1_14_2_13_3_12_4_11_5_10_6_9_7_8_abc_g_aig_d20,unknown_shared_bdd_16x16,abc_g_aig_d20,student/work/ex285_ex294_frontend_bdd_diagnostic_20260608_1225/ex294/verilog/ex294_unknown_shared_bdd_16x16_order_0_15_1_14_2_13_3_12_4_11_5_10_6_9_7_8.v,student/work/ex288_ex289_ex292_ex294_frontend_bdd_synthflow_20260608_1235/ex294/aigs/ex294_order_0_15_1_14_2_13_3_12_4_11_5_10_6_9_7_8_abc_g_aig_d20.aig,1,1,1,10835,23,249205,133365,1.868594,0,0,synthflow_exact,Yosys abc gate set aig delay target 20,5.986,Yosys abc gate set aig delay target 20
ex294,ex294_order_0_15_1_14_2_13_3_12_4_11_5_10_6_9_7_8_abc_g_aig_d21,unknown_shared_bdd_16x16,abc_g_aig_d21,student/work/ex285_ex294_frontend_bdd_diagnostic_20260608_1225/ex294/verilog/ex294_unknown_shared_bdd_16x16_order_0_15_1_14_2_13_3_12_4_11_5_10_6_9_7_8.v,student/work/ex288_ex289_ex292_ex294_frontend_bdd_synthflow_20260608_1235/ex294/aigs/ex294_order_0_15_1_14_2_13_3_12_4_11_5_10_6_9_7_8_abc_g_aig_d21.aig,1,1,1,10835,23,249205,133365,1.868594,0,0,synthflow_exact,Yosys abc gate set aig delay target 21,5.718,Yosys abc gate set aig delay target 21
ex294,ex294_order_0_15_1_14_2_13_3_12_4_11_5_10_6_9_7_8_abc_g_and_mux,unknown_shared_bdd_16x16,abc_g_and_mux,student/work/ex285_ex294_frontend_bdd_diagnostic_20260608_1225/ex294/verilog/ex294_unknown_shared_bdd_16x16_order_0_15_1_14_2_13_3_12_4_11_5_10_6_9_7_8.v,student/work/ex288_ex289_ex292_ex294_frontend_bdd_synthflow_20260608_1235/ex294/aigs/ex294_order_0_15_1_14_2_13_3_12_4_11_5_10_6_9_7_8_abc_g_and_mux.aig,1,1,1,11287,25,282175,133365,2.115810,0,0,synthflow_exact,"Yosys abc gate set AND,MUX",6.061,"Yosys abc gate set AND,MUX"
ex294,ex294_order_0_15_1_14_2_13_3_12_4_11_5_10_6_9_7_8_abc_g_cmos2,unknown_shared_bdd_16x16,abc_g_cmos2,student/work/ex285_ex294_frontend_bdd_diagnostic_20260608_1225/ex294/verilog/ex294_unknown_shared_bdd_16x16_order_0_15_1_14_2_13_3_12_4_11_5_10_6_9_7_8.v,student/work/ex288_ex289_ex292_ex294_frontend_bdd_synthflow_20260608_1235/ex294/aigs/ex294_order_0_15_1_14_2_13_3_12_4_11_5_10_6_9_7_8_abc_g_cmos2.aig,1,1,1,10971,24,263304,133365,1.974311,0,0,synthflow_exact,Yosys abc gate set cmos2,6.434,Yosys abc gate set cmos2
ex294,ex294_order_0_15_1_14_2_13_3_12_4_11_5_10_6_9_7_8_abc_g_gates,unknown_shared_bdd_16x16,abc_g_gates,student/work/ex285_ex294_frontend_bdd_diagnostic_20260608_1225/ex294/verilog/ex294_unknown_shared_bdd_16x16_order_0_15_1_14_2_13_3_12_4_11_5_10_6_9_7_8.v,student/work/ex288_ex289_ex292_ex294_frontend_bdd_synthflow_20260608_1235/ex294/aigs/ex294_order_0_15_1_14_2_13_3_12_4_11_5_10_6_9_7_8_abc_g_gates.aig,1,1,1,10855,24,260520,133365,1.953436,0,0,synthflow_exact,Yosys abc gate set gates,6.287,Yosys abc gate set gates
ex294,ex294_order_0_15_1_14_2_13_3_12_4_11_5_10_6_9_7_8_abc_g_simple,unknown_shared_bdd_16x16,abc_g_simple,student/work/ex285_ex294_frontend_bdd_diagnostic_20260608_1225/ex294/verilog/ex294_unknown_shared_bdd_16x16_order_0_15_1_14_2_13_3_12_4_11_5_10_6_9_7_8.v,student/work/ex288_ex289_ex292_ex294_frontend_bdd_synthflow_20260608_1235/ex294/aigs/ex294_order_0_15_1_14_2_13_3_12_4_11_5_10_6_9_7_8_abc_g_simple.aig,1,1,1,11248,26,292448,133365,2.192839,0,0,synthflow_exact,Yosys abc gate set simple,6.542,Yosys abc gate set simple
ex294,ex294_order_0_15_1_14_2_13_3_12_4_11_5_10_6_9_7_8_default_recheck,unknown_shared_bdd_16x16,default_recheck,student/work/ex285_ex294_frontend_bdd_diagnostic_20260608_1225/ex294/verilog/ex294_unknown_shared_bdd_16x16_order_0_15_1_14_2_13_3_12_4_11_5_10_6_9_7_8.v,student/work/ex288_ex289_ex292_ex294_frontend_bdd_synthflow_20260608_1235/ex294/aigs/ex294_order_0_15_1_14_2_13_3_12_4_11_5_10_6_9_7_8_default_recheck.aig,1,1,1,10945,24,262680,133365,1.969632,0,0,synthflow_exact,current project Yosys script sanity recheck,5.954,current project Yosys script sanity recheck
ex294,ex294_order_0_15_1_14_2_13_3_12_4_11_5_10_6_9_7_8_extra_opt_share,unknown_shared_bdd_16x16,extra_opt_share,student/work/ex285_ex294_frontend_bdd_diagnostic_20260608_1225/ex294/verilog/ex294_unknown_shared_bdd_16x16_order_0_15_1_14_2_13_3_12_4_11_5_10_6_9_7_8.v,student/work/ex288_ex289_ex292_ex294_frontend_bdd_synthflow_20260608_1235/ex294/aigs/ex294_order_0_15_1_14_2_13_3_12_4_11_5_10_6_9_7_8_extra_opt_share.aig,1,1,1,10945,24,262680,133365,1.969632,0,0,synthflow_exact,extra opt_reduce/opt_muxtree/wreduce/share before techmap,6.041,extra opt_reduce/opt_muxtree/wreduce/share before techmap
ex294,ex294_order_0_15_1_14_2_13_3_12_4_11_5_10_6_9_7_8_late_flatten,unknown_shared_bdd_16x16,late_flatten,student/work/ex285_ex294_frontend_bdd_diagnostic_20260608_1225/ex294/verilog/ex294_unknown_shared_bdd_16x16_order_0_15_1_14_2_13_3_12_4_11_5_10_6_9_7_8.v,student/work/ex288_ex289_ex292_ex294_frontend_bdd_synthflow_20260608_1235/ex294/aigs/ex294_order_0_15_1_14_2_13_3_12_4_11_5_10_6_9_7_8_late_flatten.aig,1,1,1,10945,24,262680,133365,1.969632,0,0,synthflow_exact,move flatten after techmap,5.619,move flatten after techmap
ex294,ex294_order_0_15_1_14_2_13_3_12_4_11_5_10_6_9_7_8_no_internal_abc,unknown_shared_bdd_16x16,no_internal_abc,student/work/ex285_ex294_frontend_bdd_diagnostic_20260608_1225/ex294/verilog/ex294_unknown_shared_bdd_16x16_order_0_15_1_14_2_13_3_12_4_11_5_10_6_9_7_8.v,student/work/ex288_ex289_ex292_ex294_frontend_bdd_synthflow_20260608_1235/ex294/aigs/ex294_order_0_15_1_14_2_13_3_12_4_11_5_10_6_9_7_8_no_internal_abc.aig,1,1,1,13576,30,407280,133365,3.053875,0,0,synthflow_exact,skip Yosys internal abc pass,6.177,skip Yosys internal abc pass
ex294,ex294_order_0_15_1_14_2_13_3_12_4_11_5_10_6_9_7_8_synth_preset,unknown_shared_bdd_16x16,synth_preset,student/work/ex285_ex294_frontend_bdd_diagnostic_20260608_1225/ex294/verilog/ex294_unknown_shared_bdd_16x16_order_0_15_1_14_2_13_3_12_4_11_5_10_6_9_7_8.v,student/work/ex288_ex289_ex292_ex294_frontend_bdd_synthflow_20260608_1235/ex294/aigs/ex294_order_0_15_1_14_2_13_3_12_4_11_5_10_6_9_7_8_synth_preset.aig,1,1,1,10726,23,246698,133365,1.849796,0,0,synthflow_exact,Yosys synth preset with flatten,7.607,Yosys synth preset with flatten
ex294,ex294_order_0_15_1_14_2_13_3_12_4_11_5_10_6_9_7_8_synth_preset_noabc,unknown_shared_bdd_16x16,synth_preset_noabc,student/work/ex285_ex294_frontend_bdd_diagnostic_20260608_1225/ex294/verilog/ex294_unknown_shared_bdd_16x16_order_0_15_1_14_2_13_3_12_4_11_5_10_6_9_7_8.v,student/work/ex288_ex289_ex292_ex294_frontend_bdd_synthflow_20260608_1235/ex294/aigs/ex294_order_0_15_1_14_2_13_3_12_4_11_5_10_6_9_7_8_synth_preset_noabc.aig,1,1,1,13491,30,404730,133365,3.034754,0,0,synthflow_exact,Yosys synth preset without abc,7.205,Yosys synth preset without abc
ex294,ex294_unknown_16x16_decision_tree_greedy,unknown_16x16,decision_tree_greedy,student/work/reverse_unknown_20260603_1812/ex294/verilog/ex294_unknown_16x16_decision_tree_greedy.v,student/work/reverse_unknown_20260603_1812/ex294/aigs/ex294_unknown_16x16_decision_tree_greedy.aig,1,1,1,19444,22,427768,133365,3.207498,0,0,structural_exact,nodes=44216; leaves=44217,182.490,unknown function structural Verilog seed
ex294,ex294_unknown_16x16_expr_default_exception,unknown_16x16,expr_default_exception,student/work/reverse_unknown_20260603_1812/ex294/verilog/ex294_unknown_16x16_expr_default_exception.v,student/work/reverse_unknown_20260603_1812/ex294/aigs/ex294_unknown_16x16_expr_default_exception.aig,1,1,1,112261,28,3143308,133365,23.569212,0,0,structural_exact,expr=ones; matches=496; exceptions=65040,67.990,unknown function structural Verilog seed
ex294,ex294_unknown_16x16_high_split_default,unknown_16x16,high_split_default,student/work/reverse_unknown_20260603_1812/ex294/verilog/ex294_unknown_16x16_high_split_default.v,student/work/reverse_unknown_20260603_1812/ex294/aigs/ex294_unknown_16x16_high_split_default.aig,1,1,1,112075,23,2577725,133365,19.328347,0,0,structural_exact,rotate=0; outer=high; outer_bits=8; inner_bits=8; full_default_groups=0; exceptions=63918,80.575,unknown function structural Verilog seed
ex294,ex294_unknown_16x16_low_split_default,unknown_16x16,low_split_default,student/work/reverse_unknown_20260603_1812/ex294/verilog/ex294_unknown_16x16_low_split_default.v,student/work/reverse_unknown_20260603_1812/ex294/aigs/ex294_unknown_16x16_low_split_default.aig,1,1,1,29876,22,657272,133365,4.928370,0,0,structural_exact,rotate=0; outer=low; outer_bits=8; inner_bits=8; full_default_groups=0; exceptions=64108,43.529,unknown function structural Verilog seed
ex294,ex294_unknown_16x16_rotate_high_split_default,unknown_16x16,rotate_high_split_default,student/work/reverse_unknown_20260603_1812/ex294/verilog/ex294_unknown_16x16_rotate_high_split_default.v,student/work/reverse_unknown_20260603_1812/ex294/aigs/ex294_unknown_16x16_rotate_high_split_default.aig,1,1,1,18382,19,349258,133365,2.618813,0,0,structural_exact,rotate=13; outer=high; outer_bits=8; inner_bits=8; full_default_groups=0; exceptions=63253,43.448,unknown function structural Verilog seed
ex294,ex294_unknown_16x16_rotate_low_split_default,unknown_16x16,rotate_low_split_default,student/work/reverse_unknown_20260603_1812/ex294/verilog/ex294_unknown_16x16_rotate_low_split_default.v,student/work/reverse_unknown_20260603_1812/ex294/aigs/ex294_unknown_16x16_rotate_low_split_default.aig,1,1,1,18382,19,349258,133365,2.618813,0,0,structural_exact,rotate=5; outer=low; outer_bits=8; inner_bits=8; full_default_groups=0; exceptions=63253,43.163,unknown function structural Verilog seed
ex294,ex294_unknown_16x16_value_case,unknown_16x16,value_case,student/work/reverse_unknown_20260603_1812/ex294/verilog/ex294_unknown_16x16_value_case.v,student/work/reverse_unknown_20260603_1812/ex294/aigs/ex294_unknown_16x16_value_case.aig,1,1,1,112261,28,3143308,133365,23.569212,0,0,structural_exact,65536,65.822,unknown function structural Verilog seed
ex294,ex294_unknown_shared_bdd_16x16_order_0_15_1_14_2_13_3_12_4_11_5_10_6_9_7_8,unknown_shared_bdd_16x16,order_0_15_1_14_2_13_3_12_4_11_5_10_6_9_7_8,student/work/ex285_ex294_frontend_bdd_diagnostic_20260608_1225/ex294/verilog/ex294_unknown_shared_bdd_16x16_order_0_15_1_14_2_13_3_12_4_11_5_10_6_9_7_8.v,student/work/ex285_ex294_frontend_bdd_diagnostic_20260608_1225/ex294/aigs/ex294_unknown_shared_bdd_16x16_order_0_15_1_14_2_13_3_12_4_11_5_10_6_9_7_8.aig,1,1,1,10945,24,262680,133365,1.969632,0,0,structural_exact,order_name=order_0_15_1_14_2_13_3_12_4_11_5_10_6_9_7_8; order=0:15:1:14:2:13:3:12:4:11:5:10:6:9:7:8; bdd_nodes=6020,14.561,unknown function shared-BDD Verilog seed
ex295,ex295_low_split_default_abc_d20,unknown_12x12,abc_d20,student/work/reverse_unknown_20260603_1812/ex295/verilog/ex295_unknown_12x12_low_split_default.v,student/work/ex285_ex287_ex295_ex297_ex299_frontend_current_synthflow_20260608_1350/ex295/aigs/ex295_low_split_default_abc_d20.aig,1,1,1,8692,18,156456,68064,2.298660,0,0,synthflow_exact,Yosys abc delay target 20,3.804,Yosys abc delay target 20
ex295,ex295_low_split_default_abc_d21,unknown_12x12,abc_d21,student/work/reverse_unknown_20260603_1812/ex295/verilog/ex295_unknown_12x12_low_split_default.v,student/work/ex285_ex287_ex295_ex297_ex299_frontend_current_synthflow_20260608_1350/ex295/aigs/ex295_low_split_default_abc_d21.aig,1,1,1,8692,18,156456,68064,2.298660,0,0,synthflow_exact,Yosys abc delay target 21,3.821,Yosys abc delay target 21
ex295,ex295_low_split_default_abc_d22,unknown_12x12,abc_d22,student/work/reverse_unknown_20260603_1812/ex295/verilog/ex295_unknown_12x12_low_split_default.v,student/work/ex285_ex287_ex295_ex297_ex299_frontend_current_synthflow_20260608_1350/ex295/aigs/ex295_low_split_default_abc_d22.aig,1,1,1,8692,18,156456,68064,2.298660,0,0,synthflow_exact,Yosys abc delay target 22,4.105,Yosys abc delay target 22
ex295,ex295_low_split_default_abc_d24,unknown_12x12,abc_d24,student/work/reverse_unknown_20260603_1812/ex295/verilog/ex295_unknown_12x12_low_split_default.v,student/work/ex285_ex287_ex295_ex297_ex299_frontend_current_synthflow_20260608_1350/ex295/aigs/ex295_low_split_default_abc_d24.aig,1,1,1,8692,18,156456,68064,2.298660,0,0,synthflow_exact,Yosys abc delay target 24,4.090,Yosys abc delay target 24
ex295,ex295_low_split_default_abc_fast,unknown_12x12,abc_fast,student/work/reverse_unknown_20260603_1812/ex295/verilog/ex295_unknown_12x12_low_split_default.v,student/work/ex285_ex287_ex295_ex297_ex299_frontend_current_synthflow_20260608_1350/ex295/aigs/ex295_low_split_default_abc_fast.aig,1,1,1,10753,18,193554,68064,2.843706,0,0,synthflow_exact,Yosys abc fast script,3.597,Yosys abc fast script
ex295,ex295_low_split_default_abc_g_aig,unknown_12x12,abc_g_aig,student/work/reverse_unknown_20260603_1812/ex295/verilog/ex295_unknown_12x12_low_split_default.v,student/work/ex285_ex287_ex295_ex297_ex299_frontend_current_synthflow_20260608_1350/ex295/aigs/ex295_low_split_default_abc_g_aig.aig,1,1,1,8653,16,138448,68064,2.034086,0,0,synthflow_exact,Yosys abc gate set aig,3.997,Yosys abc gate set aig
ex295,ex295_low_split_default_abc_g_aig_d18,unknown_12x12,abc_g_aig_d18,student/work/reverse_unknown_20260603_1812/ex295/verilog/ex295_unknown_12x12_low_split_default.v,student/work/ex285_ex287_ex295_ex297_ex299_frontend_current_synthflow_20260608_1350/ex295/aigs/ex295_low_split_default_abc_g_aig_d18.aig,1,1,1,8653,16,138448,68064,2.034086,0,0,synthflow_exact,Yosys abc gate set aig delay target 18,4.117,Yosys abc gate set aig delay target 18
ex295,ex295_low_split_default_abc_g_aig_d19,unknown_12x12,abc_g_aig_d19,student/work/reverse_unknown_20260603_1812/ex295/verilog/ex295_unknown_12x12_low_split_default.v,student/work/ex285_ex287_ex295_ex297_ex299_frontend_current_synthflow_20260608_1350/ex295/aigs/ex295_low_split_default_abc_g_aig_d19.aig,1,1,1,8653,16,138448,68064,2.034086,0,0,synthflow_exact,Yosys abc gate set aig delay target 19,4.290,Yosys abc gate set aig delay target 19
ex295,ex295_low_split_default_abc_g_aig_d20,unknown_12x12,abc_g_aig_d20,student/work/reverse_unknown_20260603_1812/ex295/verilog/ex295_unknown_12x12_low_split_default.v,student/work/ex285_ex287_ex295_ex297_ex299_frontend_current_synthflow_20260608_1350/ex295/aigs/ex295_low_split_default_abc_g_aig_d20.aig,1,1,1,8653,16,138448,68064,2.034086,0,0,synthflow_exact,Yosys abc gate set aig delay target 20,4.084,Yosys abc gate set aig delay target 20
ex295,ex295_low_split_default_abc_g_aig_d21,unknown_12x12,abc_g_aig_d21,student/work/reverse_unknown_20260603_1812/ex295/verilog/ex295_unknown_12x12_low_split_default.v,student/work/ex285_ex287_ex295_ex297_ex299_frontend_current_synthflow_20260608_1350/ex295/aigs/ex295_low_split_default_abc_g_aig_d21.aig,1,1,1,8653,16,138448,68064,2.034086,0,0,synthflow_exact,Yosys abc gate set aig delay target 21,7.454,Yosys abc gate set aig delay target 21
ex295,ex295_low_split_default_abc_g_and_mux,unknown_12x12,abc_g_and_mux,student/work/reverse_unknown_20260603_1812/ex295/verilog/ex295_unknown_12x12_low_split_default.v,student/work/ex285_ex287_ex295_ex297_ex299_frontend_current_synthflow_20260608_1350/ex295/aigs/ex295_low_split_default_abc_g_and_mux.aig,1,1,1,8910,18,160380,68064,2.356312,0,0,synthflow_exact,"Yosys abc gate set AND,MUX",4.348,"Yosys abc gate set AND,MUX"
ex295,ex295_low_split_default_abc_g_cmos2,unknown_12x12,abc_g_cmos2,student/work/reverse_unknown_20260603_1812/ex295/verilog/ex295_unknown_12x12_low_split_default.v,student/work/ex285_ex287_ex295_ex297_ex299_frontend_current_synthflow_20260608_1350/ex295/aigs/ex295_low_split_default_abc_g_cmos2.aig,1,1,1,8832,17,150144,68064,2.205924,0,0,synthflow_exact,Yosys abc gate set cmos2,4.344,Yosys abc gate set cmos2
ex295,ex295_low_split_default_abc_g_gates,unknown_12x12,abc_g_gates,student/work/reverse_unknown_20260603_1812/ex295/verilog/ex295_unknown_12x12_low_split_default.v,student/work/ex285_ex287_ex295_ex297_ex299_frontend_current_synthflow_20260608_1350/ex295/aigs/ex295_low_split_default_abc_g_gates.aig,1,1,1,8652,17,147084,68064,2.160966,0,0,synthflow_exact,Yosys abc gate set gates,4.875,Yosys abc gate set gates
ex295,ex295_low_split_default_abc_g_simple,unknown_12x12,abc_g_simple,student/work/reverse_unknown_20260603_1812/ex295/verilog/ex295_unknown_12x12_low_split_default.v,student/work/ex285_ex287_ex295_ex297_ex299_frontend_current_synthflow_20260608_1350/ex295/aigs/ex295_low_split_default_abc_g_simple.aig,1,1,1,8917,18,160506,68064,2.358163,0,0,synthflow_exact,Yosys abc gate set simple,4.430,Yosys abc gate set simple
ex295,ex295_low_split_default_default_recheck,unknown_12x12,default_recheck,student/work/reverse_unknown_20260603_1812/ex295/verilog/ex295_unknown_12x12_low_split_default.v,student/work/ex285_ex287_ex295_ex297_ex299_frontend_current_synthflow_20260608_1350/ex295/aigs/ex295_low_split_default_default_recheck.aig,1,1,1,8692,18,156456,68064,2.298660,0,0,synthflow_exact,current project Yosys script sanity recheck,3.951,current project Yosys script sanity recheck
ex295,ex295_low_split_default_extra_opt_share,unknown_12x12,extra_opt_share,student/work/reverse_unknown_20260603_1812/ex295/verilog/ex295_unknown_12x12_low_split_default.v,student/work/ex285_ex287_ex295_ex297_ex299_frontend_current_synthflow_20260608_1350/ex295/aigs/ex295_low_split_default_extra_opt_share.aig,1,1,1,8692,18,156456,68064,2.298660,0,0,synthflow_exact,extra opt_reduce/opt_muxtree/wreduce/share before techmap,4.449,extra opt_reduce/opt_muxtree/wreduce/share before techmap
ex295,ex295_low_split_default_late_flatten,unknown_12x12,late_flatten,student/work/reverse_unknown_20260603_1812/ex295/verilog/ex295_unknown_12x12_low_split_default.v,student/work/ex285_ex287_ex295_ex297_ex299_frontend_current_synthflow_20260608_1350/ex295/aigs/ex295_low_split_default_late_flatten.aig,1,1,1,8692,18,156456,68064,2.298660,0,0,synthflow_exact,move flatten after techmap,4.214,move flatten after techmap
ex295,ex295_low_split_default_no_internal_abc,unknown_12x12,no_internal_abc,student/work/reverse_unknown_20260603_1812/ex295/verilog/ex295_unknown_12x12_low_split_default.v,student/work/ex285_ex287_ex295_ex297_ex299_frontend_current_synthflow_20260608_1350/ex295/aigs/ex295_low_split_default_no_internal_abc.aig,1,1,1,10832,18,194976,68064,2.864598,0,0,synthflow_exact,skip Yosys internal abc pass,4.086,skip Yosys internal abc pass
ex295,ex295_low_split_default_synth_preset,unknown_12x12,synth_preset,student/work/reverse_unknown_20260603_1812/ex295/verilog/ex295_unknown_12x12_low_split_default.v,student/work/ex285_ex287_ex295_ex297_ex299_frontend_current_synthflow_20260608_1350/ex295/aigs/ex295_low_split_default_synth_preset.aig,1,1,1,8664,17,147288,68064,2.163963,0,0,synthflow_exact,Yosys synth preset with flatten,4.869,Yosys synth preset with flatten
ex295,ex295_low_split_default_synth_preset_noabc,unknown_12x12,synth_preset_noabc,student/work/reverse_unknown_20260603_1812/ex295/verilog/ex295_unknown_12x12_low_split_default.v,student/work/ex285_ex287_ex295_ex297_ex299_frontend_current_synthflow_20260608_1350/ex295/aigs/ex295_low_split_default_synth_preset_noabc.aig,1,1,1,11051,19,209969,68064,3.084876,0,0,synthflow_exact,Yosys synth preset without abc,3.297,Yosys synth preset without abc
ex295,ex295_unknown_12x12_decision_tree_greedy,unknown_12x12,decision_tree_greedy,student/work/reverse_unknown_20260603_1812/ex295/verilog/ex295_unknown_12x12_decision_tree_greedy.v,student/work/reverse_unknown_20260603_1812/ex295/aigs/ex295_unknown_12x12_decision_tree_greedy.aig,1,1,1,9838,19,186922,68064,2.746268,0,0,structural_exact,nodes=3088; leaves=3089,8.094,unknown function structural Verilog seed
ex295,ex295_unknown_12x12_expr_default_exception,unknown_12x12,expr_default_exception,student/work/reverse_unknown_20260603_1812/ex295/verilog/ex295_unknown_12x12_expr_default_exception.v,student/work/reverse_unknown_20260603_1812/ex295/aigs/ex295_unknown_12x12_expr_default_exception.aig,1,1,1,10695,21,224595,68064,3.299762,0,0,structural_exact,expr=input; matches=277; exceptions=3819,11.340,unknown function structural Verilog seed
ex295,ex295_unknown_12x12_high_split_default,unknown_12x12,high_split_default,student/work/reverse_unknown_20260603_1812/ex295/verilog/ex295_unknown_12x12_high_split_default.v,student/work/reverse_unknown_20260603_1812/ex295/aigs/ex295_unknown_12x12_high_split_default.aig,1,1,1,8693,18,156474,68064,2.298925,0,0,structural_exact,rotate=0; outer=high; outer_bits=6; inner_bits=6; full_default_groups=0; exceptions=3877,3.770,unknown function structural Verilog seed
ex295,ex295_unknown_12x12_low_split_default,unknown_12x12,low_split_default,student/work/reverse_unknown_20260603_1812/ex295/verilog/ex295_unknown_12x12_low_split_default.v,student/work/reverse_unknown_20260603_1812/ex295/aigs/ex295_unknown_12x12_low_split_default.aig,1,1,1,8692,18,156456,68064,2.298660,0,0,structural_exact,rotate=0; outer=low; outer_bits=6; inner_bits=6; full_default_groups=0; exceptions=3877,3.786,unknown function structural Verilog seed
ex295,ex295_unknown_12x12_value_case,unknown_12x12,value_case,student/work/reverse_unknown_20260603_1812/ex295/verilog/ex295_unknown_12x12_value_case.v,student/work/reverse_unknown_20260603_1812/ex295/aigs/ex295_unknown_12x12_value_case.aig,1,1,1,9174,21,192654,68064,2.830483,0,0,structural_exact,4096,3.688,unknown function structural Verilog seed
ex295,ex295_unknown_rot2_rot2_canonical_case,rot2_equivariant_canonical,rot2_canonical_case,student/work/ex295_ex297_ex299_frontend_rot2_canonical_20260608_1150/ex295/verilog/ex295_unknown_rot2_rot2_canonical_case.v,student/work/ex295_ex297_ex299_frontend_rot2_canonical_20260608_1150/ex295/aigs/ex295_unknown_rot2_rot2_canonical_case.aig,1,1,1,3517,85,298945,68064,4.392116,0,0,structural_exact,rot_step=2; orbit_steps=6; canonical_entries=700; exact rot2 equivariance over 4096 inputs,1.964,unknown rot2-equivariant canonical Verilog seed
ex295,ex295_unknown_rot_rep_bdd_natural,rotation_representative_bdd,natural,student/work/ex295_ex297_ex299_frontend_rot_rep_bdd_20260608_1310/ex295/verilog/ex295_unknown_rot_rep_bdd_natural.v,student/work/ex295_ex297_ex299_frontend_rot_rep_bdd_20260608_1310/ex295/aigs/ex295_unknown_rot_rep_bdd_natural.aig,1,1,1,9792,20,195840,68064,2.877292,0,0,structural_exact,order_name=natural; order=0:1:2:3:4:5:6:7:8:9:10:11; rep0_nodes=555; rep1_nodes=550; emitted_nodes=6630; hash=4b9ecfa4f039,3.916,unknown rotation representative-bit BDD Verilog seed
ex295,ex295_unknown_shared_bdd_12x12_order_5_6_4_7_3_8_2_9_1_10_0_11,unknown_shared_bdd_12x12,order_5_6_4_7_3_8_2_9_1_10_0_11,student/work/ex295_ex297_ex299_frontend_bdd_orders_20260608_1200/ex295/verilog/ex295_unknown_shared_bdd_12x12_order_5_6_4_7_3_8_2_9_1_10_0_11.v,student/work/ex295_ex297_ex299_frontend_bdd_orders_20260608_1200/ex295/aigs/ex295_unknown_shared_bdd_12x12_order_5_6_4_7_3_8_2_9_1_10_0_11.aig,1,1,1,9186,21,192906,68064,2.834185,0,0,structural_exact,order_name=order_5_6_4_7_3_8_2_9_1_10_0_11; order=5:6:4:7:3:8:2:9:1:10:0:11; bdd_nodes=5265,3.803,unknown function shared-BDD Verilog seed
ex296,ex296_high_split_default_abc_d20,unknown_13x13,abc_d20,student/work/reverse_unknown_20260603_1812/ex296/verilog/ex296_unknown_13x13_high_split_default.v,student/work/ex290_ex291_ex293_ex296_ex298_frontend_current_synthflow_20260608_1320/ex296/aigs/ex296_high_split_default_abc_d20.aig,1,1,1,9032,17,153544,104025,1.476030,1,0,synthflow_exact,Yosys abc delay target 20,5.603,Yosys abc delay target 20
ex296,ex296_high_split_default_abc_d21,unknown_13x13,abc_d21,student/work/reverse_unknown_20260603_1812/ex296/verilog/ex296_unknown_13x13_high_split_default.v,student/work/ex290_ex291_ex293_ex296_ex298_frontend_current_synthflow_20260608_1320/ex296/aigs/ex296_high_split_default_abc_d21.aig,1,1,1,9032,17,153544,104025,1.476030,1,0,synthflow_exact,Yosys abc delay target 21,5.951,Yosys abc delay target 21
ex296,ex296_high_split_default_abc_d22,unknown_13x13,abc_d22,student/work/reverse_unknown_20260603_1812/ex296/verilog/ex296_unknown_13x13_high_split_default.v,student/work/ex290_ex291_ex293_ex296_ex298_frontend_current_synthflow_20260608_1320/ex296/aigs/ex296_high_split_default_abc_d22.aig,1,1,1,9032,17,153544,104025,1.476030,1,0,synthflow_exact,Yosys abc delay target 22,5.507,Yosys abc delay target 22
ex296,ex296_high_split_default_abc_d24,unknown_13x13,abc_d24,student/work/reverse_unknown_20260603_1812/ex296/verilog/ex296_unknown_13x13_high_split_default.v,student/work/ex290_ex291_ex293_ex296_ex298_frontend_current_synthflow_20260608_1320/ex296/aigs/ex296_high_split_default_abc_d24.aig,1,1,1,9032,17,153544,104025,1.476030,1,0,synthflow_exact,Yosys abc delay target 24,5.539,Yosys abc delay target 24
ex296,ex296_high_split_default_abc_fast,unknown_13x13,abc_fast,student/work/reverse_unknown_20260603_1812/ex296/verilog/ex296_unknown_13x13_high_split_default.v,student/work/ex290_ex291_ex293_ex296_ex298_frontend_current_synthflow_20260608_1320/ex296/aigs/ex296_high_split_default_abc_fast.aig,1,1,1,11835,19,224865,104025,2.161644,0,0,synthflow_exact,Yosys abc fast script,4.957,Yosys abc fast script
ex296,ex296_high_split_default_abc_g_aig,unknown_13x13,abc_g_aig,student/work/reverse_unknown_20260603_1812/ex296/verilog/ex296_unknown_13x13_high_split_default.v,student/work/ex290_ex291_ex293_ex296_ex298_frontend_current_synthflow_20260608_1320/ex296/aigs/ex296_high_split_default_abc_g_aig.aig,1,1,1,8987,16,143792,104025,1.382283,1,0,synthflow_exact,Yosys abc gate set aig,5.556,Yosys abc gate set aig
ex296,ex296_high_split_default_abc_g_aig_d18,unknown_13x13,abc_g_aig_d18,student/work/reverse_unknown_20260603_1812/ex296/verilog/ex296_unknown_13x13_high_split_default.v,student/work/ex290_ex291_ex293_ex296_ex298_frontend_current_synthflow_20260608_1320/ex296/aigs/ex296_high_split_default_abc_g_aig_d18.aig,1,1,1,8987,16,143792,104025,1.382283,1,0,synthflow_exact,Yosys abc gate set aig delay target 18,5.804,Yosys abc gate set aig delay target 18
ex296,ex296_high_split_default_abc_g_aig_d19,unknown_13x13,abc_g_aig_d19,student/work/reverse_unknown_20260603_1812/ex296/verilog/ex296_unknown_13x13_high_split_default.v,student/work/ex290_ex291_ex293_ex296_ex298_frontend_current_synthflow_20260608_1320/ex296/aigs/ex296_high_split_default_abc_g_aig_d19.aig,1,1,1,8987,16,143792,104025,1.382283,1,0,synthflow_exact,Yosys abc gate set aig delay target 19,5.796,Yosys abc gate set aig delay target 19
ex296,ex296_high_split_default_abc_g_aig_d20,unknown_13x13,abc_g_aig_d20,student/work/reverse_unknown_20260603_1812/ex296/verilog/ex296_unknown_13x13_high_split_default.v,student/work/ex290_ex291_ex293_ex296_ex298_frontend_current_synthflow_20260608_1320/ex296/aigs/ex296_high_split_default_abc_g_aig_d20.aig,1,1,1,8987,16,143792,104025,1.382283,1,0,synthflow_exact,Yosys abc gate set aig delay target 20,5.697,Yosys abc gate set aig delay target 20
ex296,ex296_high_split_default_abc_g_aig_d21,unknown_13x13,abc_g_aig_d21,student/work/reverse_unknown_20260603_1812/ex296/verilog/ex296_unknown_13x13_high_split_default.v,student/work/ex290_ex291_ex293_ex296_ex298_frontend_current_synthflow_20260608_1320/ex296/aigs/ex296_high_split_default_abc_g_aig_d21.aig,1,1,1,8987,16,143792,104025,1.382283,1,0,synthflow_exact,Yosys abc gate set aig delay target 21,6.025,Yosys abc gate set aig delay target 21
ex296,ex296_high_split_default_abc_g_and_mux,unknown_13x13,abc_g_and_mux,student/work/reverse_unknown_20260603_1812/ex296/verilog/ex296_unknown_13x13_high_split_default.v,student/work/ex290_ex291_ex293_ex296_ex298_frontend_current_synthflow_20260608_1320/ex296/aigs/ex296_high_split_default_abc_g_and_mux.aig,1,1,1,9286,18,167148,104025,1.606806,0,0,synthflow_exact,"Yosys abc gate set AND,MUX",5.687,"Yosys abc gate set AND,MUX"
ex296,ex296_high_split_default_abc_g_cmos2,unknown_13x13,abc_g_cmos2,student/work/reverse_unknown_20260603_1812/ex296/verilog/ex296_unknown_13x13_high_split_default.v,student/work/ex290_ex291_ex293_ex296_ex298_frontend_current_synthflow_20260608_1320/ex296/aigs/ex296_high_split_default_abc_g_cmos2.aig,1,1,1,9228,17,156876,104025,1.508061,0,0,synthflow_exact,Yosys abc gate set cmos2,6.026,Yosys abc gate set cmos2
ex296,ex296_high_split_default_abc_g_gates,unknown_13x13,abc_g_gates,student/work/reverse_unknown_20260603_1812/ex296/verilog/ex296_unknown_13x13_high_split_default.v,student/work/ex290_ex291_ex293_ex296_ex298_frontend_current_synthflow_20260608_1320/ex296/aigs/ex296_high_split_default_abc_g_gates.aig,1,1,1,8984,17,152728,104025,1.468186,1,0,synthflow_exact,Yosys abc gate set gates,5.792,Yosys abc gate set gates
ex296,ex296_high_split_default_abc_g_simple,unknown_13x13,abc_g_simple,student/work/reverse_unknown_20260603_1812/ex296/verilog/ex296_unknown_13x13_high_split_default.v,student/work/ex290_ex291_ex293_ex296_ex298_frontend_current_synthflow_20260608_1320/ex296/aigs/ex296_high_split_default_abc_g_simple.aig,1,1,1,9317,18,167706,104025,1.612170,0,0,synthflow_exact,Yosys abc gate set simple,6.052,Yosys abc gate set simple
ex296,ex296_high_split_default_default_recheck,unknown_13x13,default_recheck,student/work/reverse_unknown_20260603_1812/ex296/verilog/ex296_unknown_13x13_high_split_default.v,student/work/ex290_ex291_ex293_ex296_ex298_frontend_current_synthflow_20260608_1320/ex296/aigs/ex296_high_split_default_default_recheck.aig,1,1,1,9032,17,153544,104025,1.476030,1,0,synthflow_exact,current project Yosys script sanity recheck,5.352,current project Yosys script sanity recheck
ex296,ex296_high_split_default_extra_opt_share,unknown_13x13,extra_opt_share,student/work/reverse_unknown_20260603_1812/ex296/verilog/ex296_unknown_13x13_high_split_default.v,student/work/ex290_ex291_ex293_ex296_ex298_frontend_current_synthflow_20260608_1320/ex296/aigs/ex296_high_split_default_extra_opt_share.aig,1,1,1,9032,17,153544,104025,1.476030,1,0,synthflow_exact,extra opt_reduce/opt_muxtree/wreduce/share before techmap,5.916,extra opt_reduce/opt_muxtree/wreduce/share before techmap
ex296,ex296_high_split_default_late_flatten,unknown_13x13,late_flatten,student/work/reverse_unknown_20260603_1812/ex296/verilog/ex296_unknown_13x13_high_split_default.v,student/work/ex290_ex291_ex293_ex296_ex298_frontend_current_synthflow_20260608_1320/ex296/aigs/ex296_high_split_default_late_flatten.aig,1,1,1,9032,17,153544,104025,1.476030,1,0,synthflow_exact,move flatten after techmap,5.457,move flatten after techmap
ex296,ex296_high_split_default_no_internal_abc,unknown_13x13,no_internal_abc,student/work/reverse_unknown_20260603_1812/ex296/verilog/ex296_unknown_13x13_high_split_default.v,student/work/ex290_ex291_ex293_ex296_ex298_frontend_current_synthflow_20260608_1320/ex296/aigs/ex296_high_split_default_no_internal_abc.aig,1,1,1,11964,19,227316,104025,2.185205,0,0,synthflow_exact,skip Yosys internal abc pass,5.243,skip Yosys internal abc pass
ex296,ex296_high_split_default_synth_preset,unknown_13x13,synth_preset,student/work/reverse_unknown_20260603_1812/ex296/verilog/ex296_unknown_13x13_high_split_default.v,student/work/ex290_ex291_ex293_ex296_ex298_frontend_current_synthflow_20260608_1320/ex296/aigs/ex296_high_split_default_synth_preset.aig,1,1,1,8994,18,161892,104025,1.556280,0,0,synthflow_exact,Yosys synth preset with flatten,6.490,Yosys synth preset with flatten
ex296,ex296_high_split_default_synth_preset_noabc,unknown_13x13,synth_preset_noabc,student/work/reverse_unknown_20260603_1812/ex296/verilog/ex296_unknown_13x13_high_split_default.v,student/work/ex290_ex291_ex293_ex296_ex298_frontend_current_synthflow_20260608_1320/ex296/aigs/ex296_high_split_default_synth_preset_noabc.aig,1,1,1,12580,20,251600,104025,2.418649,0,0,synthflow_exact,Yosys synth preset without abc,4.970,Yosys synth preset without abc
ex296,ex296_unknown_13x13_decision_tree_greedy,unknown_13x13,decision_tree_greedy,student/work/reverse_unknown_20260603_1812/ex296/verilog/ex296_unknown_13x13_decision_tree_greedy.v,student/work/reverse_unknown_20260603_1812/ex296/aigs/ex296_unknown_13x13_decision_tree_greedy.aig,1,1,1,11392,20,227840,104025,2.190243,0,0,structural_exact,nodes=4769; leaves=4770,14.257,unknown function structural Verilog seed
ex296,ex296_unknown_13x13_expr_default_exception,unknown_13x13,expr_default_exception,student/work/reverse_unknown_20260603_1812/ex296/verilog/ex296_unknown_13x13_expr_default_exception.v,student/work/reverse_unknown_20260603_1812/ex296/aigs/ex296_unknown_13x13_expr_default_exception.aig,1,1,1,12964,23,298172,104025,2.866349,0,0,structural_exact,expr=input; matches=269; exceptions=7923,21.832,unknown function structural Verilog seed
ex296,ex296_unknown_13x13_high_split_default,unknown_13x13,high_split_default,student/work/reverse_unknown_20260603_1812/ex296/verilog/ex296_unknown_13x13_high_split_default.v,student/work/reverse_unknown_20260603_1812/ex296/aigs/ex296_unknown_13x13_high_split_default.aig,1,1,1,9032,17,153544,104025,1.476030,1,0,structural_exact,rotate=0; outer=high; outer_bits=7; inner_bits=6; full_default_groups=0; exceptions=7549,5.515,unknown function structural Verilog seed
ex296,ex296_unknown_13x13_low_split_default,unknown_13x13,low_split_default,student/work/reverse_unknown_20260603_1812/ex296/verilog/ex296_unknown_13x13_low_split_default.v,student/work/reverse_unknown_20260603_1812/ex296/aigs/ex296_unknown_13x13_low_split_default.aig,1,1,1,11424,19,217056,104025,2.086575,0,0,structural_exact,rotate=0; outer=low; outer_bits=6; inner_bits=7; full_default_groups=0; exceptions=7909,6.145,unknown function structural Verilog seed
ex296,ex296_unknown_13x13_rotate_high_split_default,unknown_13x13,rotate_high_split_default,student/work/reverse_unknown_20260603_1812/ex296/verilog/ex296_unknown_13x13_rotate_high_split_default.v,student/work/reverse_unknown_20260603_1812/ex296/aigs/ex296_unknown_13x13_rotate_high_split_default.aig,1,1,1,9986,17,169762,104025,1.631935,0,0,structural_exact,rotate=2; outer=high; outer_bits=7; inner_bits=6; full_default_groups=0; exceptions=7498,6.493,unknown function structural Verilog seed
ex296,ex296_unknown_13x13_rotate_low_split_default,unknown_13x13,rotate_low_split_default,student/work/reverse_unknown_20260603_1812/ex296/verilog/ex296_unknown_13x13_rotate_low_split_default.v,student/work/reverse_unknown_20260603_1812/ex296/aigs/ex296_unknown_13x13_rotate_low_split_default.aig,1,1,1,9897,19,188043,104025,1.807671,0,0,structural_exact,rotate=7; outer=low; outer_bits=6; inner_bits=7; full_default_groups=0; exceptions=7729,6.344,unknown function structural Verilog seed
ex296,ex296_unknown_13x13_value_case,unknown_13x13,value_case,student/work/reverse_unknown_20260603_1812/ex296/verilog/ex296_unknown_13x13_value_case.v,student/work/reverse_unknown_20260603_1812/ex296/aigs/ex296_unknown_13x13_value_case.aig,1,1,1,9258,21,194418,104025,1.868955,0,0,structural_exact,8192,5.324,unknown function structural Verilog seed
ex296,ex296_unknown_split_refine_rotate0_low12,arbitrary_width_split_default,rotate0_low12,student/work/ex296_ex298_frontend_split_refine_20260608_1210/ex296/verilog/ex296_unknown_split_refine_rotate0_low12.v,student/work/ex296_ex298_frontend_split_refine_20260608_1210/ex296/aigs/ex296_unknown_split_refine_rotate0_low12.aig,1,1,1,19945,18,359010,104025,3.451190,0,0,structural_exact,rotate=0; outer=low; outer_bits=12; inner_bits=1; full_default_groups=895; exceptions=3201; hash=4f671243e1f0,41.909,unknown arbitrary split/default Verilog seed
ex296,ex296_unknown_split_refine_rotate11_low12,arbitrary_width_split_default,rotate11_low12,student/work/ex296_ex298_frontend_split_refine_20260608_1210/ex296/verilog/ex296_unknown_split_refine_rotate11_low12.v,student/work/ex296_ex298_frontend_split_refine_20260608_1210/ex296/aigs/ex296_unknown_split_refine_rotate11_low12.aig,1,1,1,15543,18,279774,104025,2.689488,0,0,structural_exact,rotate=11; outer=low; outer_bits=12; inner_bits=1; full_default_groups=1528; exceptions=2568; hash=02efd54fe31c,31.775,unknown arbitrary split/default Verilog seed
ex296,ex296_unknown_split_refine_rotate12_high12,arbitrary_width_split_default,rotate12_high12,student/work/ex296_ex298_frontend_split_refine_20260608_1210/ex296/verilog/ex296_unknown_split_refine_rotate12_high12.v,student/work/ex296_ex298_frontend_split_refine_20260608_1210/ex296/aigs/ex296_unknown_split_refine_rotate12_high12.aig,1,1,1,15543,18,279774,104025,2.689488,0,0,structural_exact,rotate=12; outer=high; outer_bits=12; inner_bits=1; full_default_groups=1528; exceptions=2568; hash=9176a5015c6f,32.042,unknown arbitrary split/default Verilog seed
ex297,ex297_low_split_default_abc_d20,unknown_14x14,abc_d20,student/work/reverse_unknown_20260603_1812/ex297/verilog/ex297_unknown_14x14_low_split_default.v,student/work/ex285_ex287_ex295_ex297_ex299_frontend_current_synthflow_20260608_1350/ex297/aigs/ex297_low_split_default_abc_d20.aig,1,1,1,32553,21,683613,225900,3.026175,0,0,synthflow_exact,Yosys abc delay target 20,18.913,Yosys abc delay target 20
ex297,ex297_low_split_default_abc_d21,unknown_14x14,abc_d21,student/work/reverse_unknown_20260603_1812/ex297/verilog/ex297_unknown_14x14_low_split_default.v,student/work/ex285_ex287_ex295_ex297_ex299_frontend_current_synthflow_20260608_1350/ex297/aigs/ex297_low_split_default_abc_d21.aig,1,1,1,32553,21,683613,225900,3.026175,0,0,synthflow_exact,Yosys abc delay target 21,18.984,Yosys abc delay target 21
ex297,ex297_low_split_default_abc_d22,unknown_14x14,abc_d22,student/work/reverse_unknown_20260603_1812/ex297/verilog/ex297_unknown_14x14_low_split_default.v,student/work/ex285_ex287_ex295_ex297_ex299_frontend_current_synthflow_20260608_1350/ex297/aigs/ex297_low_split_default_abc_d22.aig,1,1,1,32553,21,683613,225900,3.026175,0,0,synthflow_exact,Yosys abc delay target 22,18.768,Yosys abc delay target 22
ex297,ex297_low_split_default_abc_d24,unknown_14x14,abc_d24,student/work/reverse_unknown_20260603_1812/ex297/verilog/ex297_unknown_14x14_low_split_default.v,student/work/ex285_ex287_ex295_ex297_ex299_frontend_current_synthflow_20260608_1350/ex297/aigs/ex297_low_split_default_abc_d24.aig,1,1,1,32553,21,683613,225900,3.026175,0,0,synthflow_exact,Yosys abc delay target 24,18.645,Yosys abc delay target 24
ex297,ex297_low_split_default_abc_fast,unknown_14x14,abc_fast,student/work/reverse_unknown_20260603_1812/ex297/verilog/ex297_unknown_14x14_low_split_default.v,student/work/ex285_ex287_ex295_ex297_ex299_frontend_current_synthflow_20260608_1350/ex297/aigs/ex297_low_split_default_abc_fast.aig,1,1,1,43573,21,915033,225900,4.050611,0,0,synthflow_exact,Yosys abc fast script,18.263,Yosys abc fast script
ex297,ex297_low_split_default_abc_g_aig,unknown_14x14,abc_g_aig,student/work/reverse_unknown_20260603_1812/ex297/verilog/ex297_unknown_14x14_low_split_default.v,student/work/ex285_ex287_ex295_ex297_ex299_frontend_current_synthflow_20260608_1350/ex297/aigs/ex297_low_split_default_abc_g_aig.aig,1,1,1,32422,18,583596,225900,2.583426,0,0,synthflow_exact,Yosys abc gate set aig,19.523,Yosys abc gate set aig
ex297,ex297_low_split_default_abc_g_aig_d18,unknown_14x14,abc_g_aig_d18,student/work/reverse_unknown_20260603_1812/ex297/verilog/ex297_unknown_14x14_low_split_default.v,student/work/ex285_ex287_ex295_ex297_ex299_frontend_current_synthflow_20260608_1350/ex297/aigs/ex297_low_split_default_abc_g_aig_d18.aig,1,1,1,32422,18,583596,225900,2.583426,0,0,synthflow_exact,Yosys abc gate set aig delay target 18,19.884,Yosys abc gate set aig delay target 18
ex297,ex297_low_split_default_abc_g_aig_d19,unknown_14x14,abc_g_aig_d19,student/work/reverse_unknown_20260603_1812/ex297/verilog/ex297_unknown_14x14_low_split_default.v,student/work/ex285_ex287_ex295_ex297_ex299_frontend_current_synthflow_20260608_1350/ex297/aigs/ex297_low_split_default_abc_g_aig_d19.aig,1,1,1,32422,18,583596,225900,2.583426,0,0,synthflow_exact,Yosys abc gate set aig delay target 19,20.107,Yosys abc gate set aig delay target 19
ex297,ex297_low_split_default_abc_g_aig_d20,unknown_14x14,abc_g_aig_d20,student/work/reverse_unknown_20260603_1812/ex297/verilog/ex297_unknown_14x14_low_split_default.v,student/work/ex285_ex287_ex295_ex297_ex299_frontend_current_synthflow_20260608_1350/ex297/aigs/ex297_low_split_default_abc_g_aig_d20.aig,1,1,1,32422,18,583596,225900,2.583426,0,0,synthflow_exact,Yosys abc gate set aig delay target 20,19.912,Yosys abc gate set aig delay target 20
ex297,ex297_low_split_default_abc_g_aig_d21,unknown_14x14,abc_g_aig_d21,student/work/reverse_unknown_20260603_1812/ex297/verilog/ex297_unknown_14x14_low_split_default.v,student/work/ex285_ex287_ex295_ex297_ex299_frontend_current_synthflow_20260608_1350/ex297/aigs/ex297_low_split_default_abc_g_aig_d21.aig,1,1,1,32422,18,583596,225900,2.583426,0,0,synthflow_exact,Yosys abc gate set aig delay target 21,20.795,Yosys abc gate set aig delay target 21
ex297,ex297_low_split_default_abc_g_and_mux,unknown_14x14,abc_g_and_mux,student/work/reverse_unknown_20260603_1812/ex297/verilog/ex297_unknown_14x14_low_split_default.v,student/work/ex285_ex287_ex295_ex297_ex299_frontend_current_synthflow_20260608_1350/ex297/aigs/ex297_low_split_default_abc_g_and_mux.aig,1,1,1,33203,21,697263,225900,3.086600,0,0,synthflow_exact,"Yosys abc gate set AND,MUX",20.124,"Yosys abc gate set AND,MUX"
ex297,ex297_low_split_default_abc_g_cmos2,unknown_14x14,abc_g_cmos2,student/work/reverse_unknown_20260603_1812/ex297/verilog/ex297_unknown_14x14_low_split_default.v,student/work/ex285_ex287_ex295_ex297_ex299_frontend_current_synthflow_20260608_1350/ex297/aigs/ex297_low_split_default_abc_g_cmos2.aig,1,1,1,33171,19,630249,225900,2.789947,0,0,synthflow_exact,Yosys abc gate set cmos2,21.454,Yosys abc gate set cmos2
ex297,ex297_low_split_default_abc_g_gates,unknown_14x14,abc_g_gates,student/work/reverse_unknown_20260603_1812/ex297/verilog/ex297_unknown_14x14_low_split_default.v,student/work/ex285_ex287_ex295_ex297_ex299_frontend_current_synthflow_20260608_1350/ex297/aigs/ex297_low_split_default_abc_g_gates.aig,1,1,1,32420,19,615980,225900,2.726782,0,0,synthflow_exact,Yosys abc gate set gates,20.038,Yosys abc gate set gates
ex297,ex297_low_split_default_abc_g_simple,unknown_14x14,abc_g_simple,student/work/reverse_unknown_20260603_1812/ex297/verilog/ex297_unknown_14x14_low_split_default.v,student/work/ex285_ex287_ex295_ex297_ex299_frontend_current_synthflow_20260608_1350/ex297/aigs/ex297_low_split_default_abc_g_simple.aig,1,1,1,33695,21,707595,225900,3.132337,0,0,synthflow_exact,Yosys abc gate set simple,22.723,Yosys abc gate set simple
ex297,ex297_low_split_default_default_recheck,unknown_14x14,default_recheck,student/work/reverse_unknown_20260603_1812/ex297/verilog/ex297_unknown_14x14_low_split_default.v,student/work/ex285_ex287_ex295_ex297_ex299_frontend_current_synthflow_20260608_1350/ex297/aigs/ex297_low_split_default_default_recheck.aig,1,1,1,32553,21,683613,225900,3.026175,0,0,synthflow_exact,current project Yosys script sanity recheck,18.839,current project Yosys script sanity recheck
ex297,ex297_low_split_default_extra_opt_share,unknown_14x14,extra_opt_share,student/work/reverse_unknown_20260603_1812/ex297/verilog/ex297_unknown_14x14_low_split_default.v,student/work/ex285_ex287_ex295_ex297_ex299_frontend_current_synthflow_20260608_1350/ex297/aigs/ex297_low_split_default_extra_opt_share.aig,1,1,1,32553,21,683613,225900,3.026175,0,0,synthflow_exact,extra opt_reduce/opt_muxtree/wreduce/share before techmap,20.908,extra opt_reduce/opt_muxtree/wreduce/share before techmap
ex297,ex297_low_split_default_late_flatten,unknown_14x14,late_flatten,student/work/reverse_unknown_20260603_1812/ex297/verilog/ex297_unknown_14x14_low_split_default.v,student/work/ex285_ex287_ex295_ex297_ex299_frontend_current_synthflow_20260608_1350/ex297/aigs/ex297_low_split_default_late_flatten.aig,1,1,1,32553,21,683613,225900,3.026175,0,0,synthflow_exact,move flatten after techmap,19.709,move flatten after techmap
ex297,ex297_low_split_default_no_internal_abc,unknown_14x14,no_internal_abc,student/work/reverse_unknown_20260603_1812/ex297/verilog/ex297_unknown_14x14_low_split_default.v,student/work/ex285_ex287_ex295_ex297_ex299_frontend_current_synthflow_20260608_1350/ex297/aigs/ex297_low_split_default_no_internal_abc.aig,1,1,1,43747,21,918687,225900,4.066786,0,0,synthflow_exact,skip Yosys internal abc pass,18.035,skip Yosys internal abc pass
ex297,ex297_low_split_default_synth_preset,unknown_14x14,synth_preset,student/work/reverse_unknown_20260603_1812/ex297/verilog/ex297_unknown_14x14_low_split_default.v,student/work/ex285_ex287_ex295_ex297_ex299_frontend_current_synthflow_20260608_1350/ex297/aigs/ex297_low_split_default_synth_preset.aig,1,1,1,32337,19,614403,225900,2.719801,0,0,synthflow_exact,Yosys synth preset with flatten,22.750,Yosys synth preset with flatten
ex297,ex297_low_split_default_synth_preset_noabc,unknown_14x14,synth_preset_noabc,student/work/reverse_unknown_20260603_1812/ex297/verilog/ex297_unknown_14x14_low_split_default.v,student/work/ex285_ex287_ex295_ex297_ex299_frontend_current_synthflow_20260608_1350/ex297/aigs/ex297_low_split_default_synth_preset_noabc.aig,1,1,1,44136,22,970992,225900,4.298327,0,0,synthflow_exact,Yosys synth preset without abc,17.110,Yosys synth preset without abc
ex297,ex297_unknown_14x14_decision_tree_greedy,unknown_14x14,decision_tree_greedy,student/work/reverse_unknown_20260603_1812/ex297/verilog/ex297_unknown_14x14_decision_tree_greedy.v,student/work/reverse_unknown_20260603_1812/ex297/aigs/ex297_unknown_14x14_decision_tree_greedy.aig,1,1,1,38673,23,889479,225900,3.937490,0,0,structural_exact,nodes=11908; leaves=11909,45.118,unknown function structural Verilog seed
ex297,ex297_unknown_14x14_expr_default_exception,unknown_14x14,expr_default_exception,student/work/reverse_unknown_20260603_1812/ex297/verilog/ex297_unknown_14x14_expr_default_exception.v,student/work/reverse_unknown_20260603_1812/ex297/aigs/ex297_unknown_14x14_expr_default_exception.aig,1,1,1,42216,24,1013184,225900,4.485100,0,0,structural_exact,expr=input; matches=479; exceptions=15905,74.108,unknown function structural Verilog seed
ex297,ex297_unknown_14x14_high_split_default,unknown_14x14,high_split_default,student/work/reverse_unknown_20260603_1812/ex297/verilog/ex297_unknown_14x14_high_split_default.v,student/work/reverse_unknown_20260603_1812/ex297/aigs/ex297_unknown_14x14_high_split_default.aig,1,1,1,33049,21,694029,225900,3.072284,0,0,structural_exact,rotate=0; outer=high; outer_bits=7; inner_bits=7; full_default_groups=0; exceptions=15917,18.826,unknown function structural Verilog seed
ex297,ex297_unknown_14x14_low_split_default,unknown_14x14,low_split_default,student/work/reverse_unknown_20260603_1812/ex297/verilog/ex297_unknown_14x14_low_split_default.v,student/work/reverse_unknown_20260603_1812/ex297/aigs/ex297_unknown_14x14_low_split_default.aig,1,1,1,32553,21,683613,225900,3.026175,0,0,structural_exact,rotate=0; outer=low; outer_bits=7; inner_bits=7; full_default_groups=0; exceptions=15812,18.655,unknown function structural Verilog seed
ex297,ex297_unknown_14x14_rotate_high_split_default,unknown_14x14,rotate_high_split_default,student/work/reverse_unknown_20260603_1812/ex297/verilog/ex297_unknown_14x14_rotate_high_split_default.v,student/work/reverse_unknown_20260603_1812/ex297/aigs/ex297_unknown_14x14_rotate_high_split_default.aig,1,1,1,32609,21,684789,225900,3.031381,0,0,structural_exact,rotate=1; outer=high; outer_bits=7; inner_bits=7; full_default_groups=0; exceptions=15812,20.119,unknown function structural Verilog seed
ex297,ex297_unknown_14x14_value_case,unknown_14x14,value_case,student/work/reverse_unknown_20260603_1812/ex297/verilog/ex297_unknown_14x14_value_case.v,student/work/reverse_unknown_20260603_1812/ex297/aigs/ex297_unknown_14x14_value_case.aig,1,1,1,33909,24,813816,225900,3.602550,0,0,structural_exact,16384,19.080,unknown function structural Verilog seed
ex297,ex297_unknown_rot2_rot2_canonical_case,rot2_equivariant_canonical,rot2_canonical_case,student/work/ex295_ex297_ex299_frontend_rot2_canonical_20260608_1150/ex297/verilog/ex297_unknown_rot2_rot2_canonical_case.v,student/work/ex295_ex297_ex299_frontend_rot2_canonical_20260608_1150/ex297/aigs/ex297_unknown_rot2_rot2_canonical_case.aig,1,1,1,10352,112,1159424,225900,5.132466,0,0,structural_exact,rot_step=2; orbit_steps=7; canonical_entries=2344; exact rot2 equivariance over 16384 inputs,9.264,unknown rot2-equivariant canonical Verilog seed
ex297,ex297_unknown_rot_rep_bdd_natural,rotation_representative_bdd,natural,student/work/ex295_ex297_ex299_frontend_rot_rep_bdd_20260608_1310/ex297/verilog/ex297_unknown_rot_rep_bdd_natural.v,student/work/ex295_ex297_ex299_frontend_rot_rep_bdd_20260608_1310/ex297/aigs/ex297_unknown_rot_rep_bdd_natural.aig,1,1,1,35431,22,779482,225900,3.450562,0,0,structural_exact,order_name=natural; order=0:1:2:3:4:5:6:7:8:9:10:11:12:13; rep0_nodes=1763; rep1_nodes=1684; emitted_nodes=24129; hash=fcb9b4b85019,18.423,unknown rotation representative-bit BDD Verilog seed
ex297,ex297_unknown_shared_bdd_14x14_order_0_1_2_3_4_5_6_7_8_9_10_11_12_13,unknown_shared_bdd_14x14,order_0_1_2_3_4_5_6_7_8_9_10_11_12_13,student/work/ex295_ex297_ex299_frontend_bdd_orders_20260608_1200/ex297/verilog/ex297_unknown_shared_bdd_14x14_order_0_1_2_3_4_5_6_7_8_9_10_11_12_13.v,student/work/ex295_ex297_ex299_frontend_bdd_orders_20260608_1200/ex297/aigs/ex297_unknown_shared_bdd_14x14_order_0_1_2_3_4_5_6_7_8_9_10_11_12_13.aig,1,1,1,32175,24,772200,225900,3.418327,0,0,structural_exact,order_name=order_0_1_2_3_4_5_6_7_8_9_10_11_12_13; order=0:1:2:3:4:5:6:7:8:9:10:11:12:13; bdd_nodes=20187,18.050,unknown function shared-BDD Verilog seed
ex298,ex298_rotate_high_split_default_abc_d20,unknown_15x15,abc_d20,student/work/reverse_unknown_20260603_1812/ex298/verilog/ex298_unknown_15x15_rotate_high_split_default.v,student/work/ex290_ex291_ex293_ex296_ex298_frontend_current_synthflow_20260608_1320/ex298/aigs/ex298_rotate_high_split_default_abc_d20.aig,1,1,1,34185,20,683700,442296,1.545797,0,0,synthflow_exact,Yosys abc delay target 20,30.321,Yosys abc delay target 20
ex298,ex298_rotate_high_split_default_abc_d21,unknown_15x15,abc_d21,student/work/reverse_unknown_20260603_1812/ex298/verilog/ex298_unknown_15x15_rotate_high_split_default.v,student/work/ex290_ex291_ex293_ex296_ex298_frontend_current_synthflow_20260608_1320/ex298/aigs/ex298_rotate_high_split_default_abc_d21.aig,1,1,1,34185,20,683700,442296,1.545797,0,0,synthflow_exact,Yosys abc delay target 21,30.112,Yosys abc delay target 21
ex298,ex298_rotate_high_split_default_abc_d22,unknown_15x15,abc_d22,student/work/reverse_unknown_20260603_1812/ex298/verilog/ex298_unknown_15x15_rotate_high_split_default.v,student/work/ex290_ex291_ex293_ex296_ex298_frontend_current_synthflow_20260608_1320/ex298/aigs/ex298_rotate_high_split_default_abc_d22.aig,1,1,1,34185,20,683700,442296,1.545797,0,0,synthflow_exact,Yosys abc delay target 22,30.787,Yosys abc delay target 22
ex298,ex298_rotate_high_split_default_abc_d24,unknown_15x15,abc_d24,student/work/reverse_unknown_20260603_1812/ex298/verilog/ex298_unknown_15x15_rotate_high_split_default.v,student/work/ex290_ex291_ex293_ex296_ex298_frontend_current_synthflow_20260608_1320/ex298/aigs/ex298_rotate_high_split_default_abc_d24.aig,1,1,1,34185,20,683700,442296,1.545797,0,0,synthflow_exact,Yosys abc delay target 24,30.007,Yosys abc delay target 24
ex298,ex298_rotate_high_split_default_abc_fast,unknown_15x15,abc_fast,student/work/reverse_unknown_20260603_1812/ex298/verilog/ex298_unknown_15x15_rotate_high_split_default.v,student/work/ex290_ex291_ex293_ex296_ex298_frontend_current_synthflow_20260608_1320/ex298/aigs/ex298_rotate_high_split_default_abc_fast.aig,1,1,1,45677,22,1004894,442296,2.271994,0,0,synthflow_exact,Yosys abc fast script,27.686,Yosys abc fast script
ex298,ex298_rotate_high_split_default_abc_g_aig,unknown_15x15,abc_g_aig,student/work/reverse_unknown_20260603_1812/ex298/verilog/ex298_unknown_15x15_rotate_high_split_default.v,student/work/ex290_ex291_ex293_ex296_ex298_frontend_current_synthflow_20260608_1320/ex298/aigs/ex298_rotate_high_split_default_abc_g_aig.aig,1,1,1,34033,19,646627,442296,1.461978,1,0,synthflow_exact,Yosys abc gate set aig,32.836,Yosys abc gate set aig
ex298,ex298_rotate_high_split_default_abc_g_aig_d18,unknown_15x15,abc_g_aig_d18,student/work/reverse_unknown_20260603_1812/ex298/verilog/ex298_unknown_15x15_rotate_high_split_default.v,student/work/ex290_ex291_ex293_ex296_ex298_frontend_current_synthflow_20260608_1320/ex298/aigs/ex298_rotate_high_split_default_abc_g_aig_d18.aig,1,1,1,34033,19,646627,442296,1.461978,1,0,synthflow_exact,Yosys abc gate set aig delay target 18,30.277,Yosys abc gate set aig delay target 18
ex298,ex298_rotate_high_split_default_abc_g_aig_d19,unknown_15x15,abc_g_aig_d19,student/work/reverse_unknown_20260603_1812/ex298/verilog/ex298_unknown_15x15_rotate_high_split_default.v,student/work/ex290_ex291_ex293_ex296_ex298_frontend_current_synthflow_20260608_1320/ex298/aigs/ex298_rotate_high_split_default_abc_g_aig_d19.aig,1,1,1,34033,19,646627,442296,1.461978,1,0,synthflow_exact,Yosys abc gate set aig delay target 19,31.637,Yosys abc gate set aig delay target 19
ex298,ex298_rotate_high_split_default_abc_g_aig_d20,unknown_15x15,abc_g_aig_d20,student/work/reverse_unknown_20260603_1812/ex298/verilog/ex298_unknown_15x15_rotate_high_split_default.v,student/work/ex290_ex291_ex293_ex296_ex298_frontend_current_synthflow_20260608_1320/ex298/aigs/ex298_rotate_high_split_default_abc_g_aig_d20.aig,1,1,1,34033,19,646627,442296,1.461978,1,0,synthflow_exact,Yosys abc gate set aig delay target 20,31.323,Yosys abc gate set aig delay target 20
ex298,ex298_rotate_high_split_default_abc_g_aig_d21,unknown_15x15,abc_g_aig_d21,student/work/reverse_unknown_20260603_1812/ex298/verilog/ex298_unknown_15x15_rotate_high_split_default.v,student/work/ex290_ex291_ex293_ex296_ex298_frontend_current_synthflow_20260608_1320/ex298/aigs/ex298_rotate_high_split_default_abc_g_aig_d21.aig,1,1,1,34033,19,646627,442296,1.461978,1,0,synthflow_exact,Yosys abc gate set aig delay target 21,31.230,Yosys abc gate set aig delay target 21
ex298,ex298_rotate_high_split_default_abc_g_and_mux,unknown_15x15,abc_g_and_mux,student/work/reverse_unknown_20260603_1812/ex298/verilog/ex298_unknown_15x15_rotate_high_split_default.v,student/work/ex290_ex291_ex293_ex296_ex298_frontend_current_synthflow_20260608_1320/ex298/aigs/ex298_rotate_high_split_default_abc_g_and_mux.aig,1,1,1,34987,21,734727,442296,1.661166,0,0,synthflow_exact,"Yosys abc gate set AND,MUX",31.856,"Yosys abc gate set AND,MUX"
ex298,ex298_rotate_high_split_default_abc_g_cmos2,unknown_15x15,abc_g_cmos2,student/work/reverse_unknown_20260603_1812/ex298/verilog/ex298_unknown_15x15_rotate_high_split_default.v,student/work/ex290_ex291_ex293_ex296_ex298_frontend_current_synthflow_20260608_1320/ex298/aigs/ex298_rotate_high_split_default_abc_g_cmos2.aig,1,1,1,34968,20,699360,442296,1.581204,0,0,synthflow_exact,Yosys abc gate set cmos2,32.890,Yosys abc gate set cmos2
ex298,ex298_rotate_high_split_default_abc_g_gates,unknown_15x15,abc_g_gates,student/work/reverse_unknown_20260603_1812/ex298/verilog/ex298_unknown_15x15_rotate_high_split_default.v,student/work/ex290_ex291_ex293_ex296_ex298_frontend_current_synthflow_20260608_1320/ex298/aigs/ex298_rotate_high_split_default_abc_g_gates.aig,1,1,1,34034,20,680680,442296,1.538969,0,0,synthflow_exact,Yosys abc gate set gates,32.595,Yosys abc gate set gates
ex298,ex298_rotate_high_split_default_abc_g_simple,unknown_15x15,abc_g_simple,student/work/reverse_unknown_20260603_1812/ex298/verilog/ex298_unknown_15x15_rotate_high_split_default.v,student/work/ex290_ex291_ex293_ex296_ex298_frontend_current_synthflow_20260608_1320/ex298/aigs/ex298_rotate_high_split_default_abc_g_simple.aig,1,1,1,35548,20,710960,442296,1.607430,0,0,synthflow_exact,Yosys abc gate set simple,33.721,Yosys abc gate set simple
ex298,ex298_rotate_high_split_default_default_recheck,unknown_15x15,default_recheck,student/work/reverse_unknown_20260603_1812/ex298/verilog/ex298_unknown_15x15_rotate_high_split_default.v,student/work/ex290_ex291_ex293_ex296_ex298_frontend_current_synthflow_20260608_1320/ex298/aigs/ex298_rotate_high_split_default_default_recheck.aig,1,1,1,34185,20,683700,442296,1.545797,0,0,synthflow_exact,current project Yosys script sanity recheck,30.889,current project Yosys script sanity recheck
ex298,ex298_rotate_high_split_default_extra_opt_share,unknown_15x15,extra_opt_share,student/work/reverse_unknown_20260603_1812/ex298/verilog/ex298_unknown_15x15_rotate_high_split_default.v,student/work/ex290_ex291_ex293_ex296_ex298_frontend_current_synthflow_20260608_1320/ex298/aigs/ex298_rotate_high_split_default_extra_opt_share.aig,1,1,1,34185,20,683700,442296,1.545797,0,0,synthflow_exact,extra opt_reduce/opt_muxtree/wreduce/share before techmap,33.122,extra opt_reduce/opt_muxtree/wreduce/share before techmap
ex298,ex298_rotate_high_split_default_late_flatten,unknown_15x15,late_flatten,student/work/reverse_unknown_20260603_1812/ex298/verilog/ex298_unknown_15x15_rotate_high_split_default.v,student/work/ex290_ex291_ex293_ex296_ex298_frontend_current_synthflow_20260608_1320/ex298/aigs/ex298_rotate_high_split_default_late_flatten.aig,1,1,1,34185,20,683700,442296,1.545797,0,0,synthflow_exact,move flatten after techmap,31.640,move flatten after techmap
ex298,ex298_rotate_high_split_default_no_internal_abc,unknown_15x15,no_internal_abc,student/work/reverse_unknown_20260603_1812/ex298/verilog/ex298_unknown_15x15_rotate_high_split_default.v,student/work/ex290_ex291_ex293_ex296_ex298_frontend_current_synthflow_20260608_1320/ex298/aigs/ex298_rotate_high_split_default_no_internal_abc.aig,1,1,1,45956,22,1011032,442296,2.285872,0,0,synthflow_exact,skip Yosys internal abc pass,28.770,skip Yosys internal abc pass
ex298,ex298_rotate_high_split_default_synth_preset,unknown_15x15,synth_preset,student/work/reverse_unknown_20260603_1812/ex298/verilog/ex298_unknown_15x15_rotate_high_split_default.v,student/work/ex290_ex291_ex293_ex296_ex298_frontend_current_synthflow_20260608_1320/ex298/aigs/ex298_rotate_high_split_default_synth_preset.aig,1,1,1,33981,19,645639,442296,1.459744,1,0,synthflow_exact,Yosys synth preset with flatten,34.675,Yosys synth preset with flatten
ex298,ex298_rotate_high_split_default_synth_preset_noabc,unknown_15x15,synth_preset_noabc,student/work/reverse_unknown_20260603_1812/ex298/verilog/ex298_unknown_15x15_rotate_high_split_default.v,student/work/ex290_ex291_ex293_ex296_ex298_frontend_current_synthflow_20260608_1320/ex298/aigs/ex298_rotate_high_split_default_synth_preset_noabc.aig,1,1,1,48800,23,1122400,442296,2.537667,0,0,synthflow_exact,Yosys synth preset without abc,27.003,Yosys synth preset without abc
ex298,ex298_unknown_15x15_decision_tree_greedy,unknown_15x15,decision_tree_greedy,student/work/reverse_unknown_20260603_1812/ex298/verilog/ex298_unknown_15x15_decision_tree_greedy.v,student/work/reverse_unknown_20260603_1812/ex298/aigs/ex298_unknown_15x15_decision_tree_greedy.aig,1,1,1,42648,24,1023552,442296,2.314179,0,0,structural_exact,nodes=18108; leaves=18109,82.168,unknown function structural Verilog seed
ex298,ex298_unknown_15x15_expr_default_exception,unknown_15x15,expr_default_exception,student/work/reverse_unknown_20260603_1812/ex298/verilog/ex298_unknown_15x15_expr_default_exception.v,student/work/reverse_unknown_20260603_1812/ex298/aigs/ex298_unknown_15x15_expr_default_exception.aig,1,1,1,46841,26,1217866,442296,2.753509,0,0,structural_exact,expr=input; matches=784; exceptions=31984,98.818,unknown function structural Verilog seed
ex298,ex298_unknown_15x15_high_split_default,unknown_15x15,high_split_default,student/work/reverse_unknown_20260603_1812/ex298/verilog/ex298_unknown_15x15_high_split_default.v,student/work/reverse_unknown_20260603_1812/ex298/aigs/ex298_unknown_15x15_high_split_default.aig,1,1,1,31910,22,702020,442296,1.587218,0,0,structural_exact,rotate=0; outer=high; outer_bits=8; inner_bits=7; full_default_groups=0; exceptions=31271,28.017,unknown function structural Verilog seed
ex298,ex298_unknown_15x15_low_split_default,unknown_15x15,low_split_default,student/work/reverse_unknown_20260603_1812/ex298/verilog/ex298_unknown_15x15_low_split_default.v,student/work/reverse_unknown_20260603_1812/ex298/aigs/ex298_unknown_15x15_low_split_default.aig,1,1,1,36030,22,792660,442296,1.792148,0,0,structural_exact,rotate=0; outer=low; outer_bits=7; inner_bits=8; full_default_groups=0; exceptions=32005,26.930,unknown function structural Verilog seed
ex298,ex298_unknown_15x15_rotate_high_split_default,unknown_15x15,rotate_high_split_default,student/work/reverse_unknown_20260603_1812/ex298/verilog/ex298_unknown_15x15_rotate_high_split_default.v,student/work/reverse_unknown_20260603_1812/ex298/aigs/ex298_unknown_15x15_rotate_high_split_default.aig,1,1,1,34185,20,683700,442296,1.545797,0,0,structural_exact,rotate=1; outer=high; outer_bits=8; inner_bits=7; full_default_groups=0; exceptions=30930,29.634,unknown function structural Verilog seed
ex298,ex298_unknown_15x15_rotate_low_split_default,unknown_15x15,rotate_low_split_default,student/work/reverse_unknown_20260603_1812/ex298/verilog/ex298_unknown_15x15_rotate_low_split_default.v,student/work/reverse_unknown_20260603_1812/ex298/aigs/ex298_unknown_15x15_rotate_low_split_default.aig,1,1,1,35639,22,784058,442296,1.772700,0,0,structural_exact,rotate=9; outer=low; outer_bits=7; inner_bits=8; full_default_groups=0; exceptions=31513,28.998,unknown function structural Verilog seed
ex298,ex298_unknown_15x15_value_case,unknown_15x15,value_case,student/work/reverse_unknown_20260603_1812/ex298/verilog/ex298_unknown_15x15_value_case.v,student/work/reverse_unknown_20260603_1812/ex298/aigs/ex298_unknown_15x15_value_case.aig,1,1,1,31476,25,786900,442296,1.779125,0,0,structural_exact,32768,24.929,unknown function structural Verilog seed
ex298,ex298_unknown_split_refine_rotate11_low14,arbitrary_width_split_default,rotate11_low14,student/work/ex296_ex298_frontend_split_refine_20260608_1210/ex298/verilog/ex298_unknown_split_refine_rotate11_low14.v,student/work/ex296_ex298_frontend_split_refine_20260608_1210/ex298/aigs/ex298_unknown_split_refine_rotate11_low14.aig,1,1,1,65395,21,1373295,442296,3.104923,0,0,structural_exact,rotate=11; outer=low; outer_bits=14; inner_bits=1; full_default_groups=3699; exceptions=12685; hash=c0ac6004a78d,490.080,unknown arbitrary split/default Verilog seed
ex298,ex298_unknown_split_refine_rotate13_low14,arbitrary_width_split_default,rotate13_low14,student/work/ex296_ex298_frontend_split_refine_20260608_1210/ex298/verilog/ex298_unknown_split_refine_rotate13_low14.v,student/work/ex296_ex298_frontend_split_refine_20260608_1210/ex298/aigs/ex298_unknown_split_refine_rotate13_low14.aig,1,1,1,58114,21,1220394,442296,2.759225,0,0,structural_exact,rotate=13; outer=low; outer_bits=14; inner_bits=1; full_default_groups=6253; exceptions=10131; hash=3c300c9ea056,382.765,unknown arbitrary split/default Verilog seed
ex298,ex298_unknown_split_refine_rotate14_high14,arbitrary_width_split_default,rotate14_high14,student/work/ex296_ex298_frontend_split_refine_20260608_1210/ex298/verilog/ex298_unknown_split_refine_rotate14_high14.v,student/work/ex296_ex298_frontend_split_refine_20260608_1210/ex298/aigs/ex298_unknown_split_refine_rotate14_high14.aig,1,1,1,58114,21,1220394,442296,2.759225,0,0,structural_exact,rotate=14; outer=high; outer_bits=14; inner_bits=1; full_default_groups=6253; exceptions=10131; hash=3d258585b020,387.916,unknown arbitrary split/default Verilog seed
ex299,ex299_high_split_default_abc_d20,unknown_16x16,abc_d20,student/work/reverse_unknown_20260603_1812/ex299/verilog/ex299_unknown_16x16_high_split_default.v,student/work/ex285_ex287_ex295_ex297_ex299_frontend_current_synthflow_20260608_1350/ex299/aigs/ex299_high_split_default_abc_d20.aig,1,1,1,118808,24,2851392,1013807,2.812559,0,0,synthflow_exact,Yosys abc delay target 20,85.382,Yosys abc delay target 20
ex299,ex299_high_split_default_abc_d21,unknown_16x16,abc_d21,student/work/reverse_unknown_20260603_1812/ex299/verilog/ex299_unknown_16x16_high_split_default.v,student/work/ex285_ex287_ex295_ex297_ex299_frontend_current_synthflow_20260608_1350/ex299/aigs/ex299_high_split_default_abc_d21.aig,1,1,1,118808,24,2851392,1013807,2.812559,0,0,synthflow_exact,Yosys abc delay target 21,87.351,Yosys abc delay target 21
ex299,ex299_high_split_default_abc_d22,unknown_16x16,abc_d22,student/work/reverse_unknown_20260603_1812/ex299/verilog/ex299_unknown_16x16_high_split_default.v,student/work/ex285_ex287_ex295_ex297_ex299_frontend_current_synthflow_20260608_1350/ex299/aigs/ex299_high_split_default_abc_d22.aig,1,1,1,118808,24,2851392,1013807,2.812559,0,0,synthflow_exact,Yosys abc delay target 22,85.198,Yosys abc delay target 22
ex299,ex299_high_split_default_abc_d24,unknown_16x16,abc_d24,student/work/reverse_unknown_20260603_1812/ex299/verilog/ex299_unknown_16x16_high_split_default.v,student/work/ex285_ex287_ex295_ex297_ex299_frontend_current_synthflow_20260608_1350/ex299/aigs/ex299_high_split_default_abc_d24.aig,1,1,1,118808,24,2851392,1013807,2.812559,0,0,synthflow_exact,Yosys abc delay target 24,85.221,Yosys abc delay target 24
ex299,ex299_high_split_default_abc_fast,unknown_16x16,abc_fast,student/work/reverse_unknown_20260603_1812/ex299/verilog/ex299_unknown_16x16_high_split_default.v,student/work/ex285_ex287_ex295_ex297_ex299_frontend_current_synthflow_20260608_1350/ex299/aigs/ex299_high_split_default_abc_fast.aig,1,1,1,160886,24,3861264,1013807,3.808678,0,0,synthflow_exact,Yosys abc fast script,75.482,Yosys abc fast script
ex299,ex299_high_split_default_abc_g_aig,unknown_16x16,abc_g_aig,student/work/reverse_unknown_20260603_1812/ex299/verilog/ex299_unknown_16x16_high_split_default.v,student/work/ex285_ex287_ex295_ex297_ex299_frontend_current_synthflow_20260608_1350/ex299/aigs/ex299_high_split_default_abc_g_aig.aig,1,1,1,118397,22,2604734,1013807,2.569260,0,0,synthflow_exact,Yosys abc gate set aig,91.750,Yosys abc gate set aig
ex299,ex299_high_split_default_abc_g_aig_d18,unknown_16x16,abc_g_aig_d18,student/work/reverse_unknown_20260603_1812/ex299/verilog/ex299_unknown_16x16_high_split_default.v,student/work/ex285_ex287_ex295_ex297_ex299_frontend_current_synthflow_20260608_1350/ex299/aigs/ex299_high_split_default_abc_g_aig_d18.aig,1,1,1,118397,22,2604734,1013807,2.569260,0,0,synthflow_exact,Yosys abc gate set aig delay target 18,88.943,Yosys abc gate set aig delay target 18
ex299,ex299_high_split_default_abc_g_aig_d19,unknown_16x16,abc_g_aig_d19,student/work/reverse_unknown_20260603_1812/ex299/verilog/ex299_unknown_16x16_high_split_default.v,student/work/ex285_ex287_ex295_ex297_ex299_frontend_current_synthflow_20260608_1350/ex299/aigs/ex299_high_split_default_abc_g_aig_d19.aig,1,1,1,118397,22,2604734,1013807,2.569260,0,0,synthflow_exact,Yosys abc gate set aig delay target 19,94.902,Yosys abc gate set aig delay target 19
ex299,ex299_high_split_default_abc_g_aig_d20,unknown_16x16,abc_g_aig_d20,student/work/reverse_unknown_20260603_1812/ex299/verilog/ex299_unknown_16x16_high_split_default.v,student/work/ex285_ex287_ex295_ex297_ex299_frontend_current_synthflow_20260608_1350/ex299/aigs/ex299_high_split_default_abc_g_aig_d20.aig,1,1,1,118397,22,2604734,1013807,2.569260,0,0,synthflow_exact,Yosys abc gate set aig delay target 20,89.447,Yosys abc gate set aig delay target 20
ex299,ex299_high_split_default_abc_g_aig_d21,unknown_16x16,abc_g_aig_d21,student/work/reverse_unknown_20260603_1812/ex299/verilog/ex299_unknown_16x16_high_split_default.v,student/work/ex285_ex287_ex295_ex297_ex299_frontend_current_synthflow_20260608_1350/ex299/aigs/ex299_high_split_default_abc_g_aig_d21.aig,1,1,1,118397,22,2604734,1013807,2.569260,0,0,synthflow_exact,Yosys abc gate set aig delay target 21,97.470,Yosys abc gate set aig delay target 21
ex299,ex299_high_split_default_abc_g_and_mux,unknown_16x16,abc_g_and_mux,student/work/reverse_unknown_20260603_1812/ex299/verilog/ex299_unknown_16x16_high_split_default.v,student/work/ex285_ex287_ex295_ex297_ex299_frontend_current_synthflow_20260608_1350/ex299/aigs/ex299_high_split_default_abc_g_and_mux.aig,1,1,1,120899,25,3022475,1013807,2.981312,0,0,synthflow_exact,"Yosys abc gate set AND,MUX",90.926,"Yosys abc gate set AND,MUX"
ex299,ex299_high_split_default_abc_g_cmos2,unknown_16x16,abc_g_cmos2,student/work/reverse_unknown_20260603_1812/ex299/verilog/ex299_unknown_16x16_high_split_default.v,student/work/ex285_ex287_ex295_ex297_ex299_frontend_current_synthflow_20260608_1350/ex299/aigs/ex299_high_split_default_abc_g_cmos2.aig,1,1,1,120782,23,2777986,1013807,2.740153,0,0,synthflow_exact,Yosys abc gate set cmos2,94.258,Yosys abc gate set cmos2
ex299,ex299_high_split_default_abc_g_gates,unknown_16x16,abc_g_gates,student/work/reverse_unknown_20260603_1812/ex299/verilog/ex299_unknown_16x16_high_split_default.v,student/work/ex285_ex287_ex295_ex297_ex299_frontend_current_synthflow_20260608_1350/ex299/aigs/ex299_high_split_default_abc_g_gates.aig,1,1,1,118400,23,2723200,1013807,2.686113,0,0,synthflow_exact,Yosys abc gate set gates,93.565,Yosys abc gate set gates
ex299,ex299_high_split_default_abc_g_simple,unknown_16x16,abc_g_simple,student/work/reverse_unknown_20260603_1812/ex299/verilog/ex299_unknown_16x16_high_split_default.v,student/work/ex285_ex287_ex295_ex297_ex299_frontend_current_synthflow_20260608_1350/ex299/aigs/ex299_high_split_default_abc_g_simple.aig,1,1,1,123365,25,3084125,1013807,3.042122,0,0,synthflow_exact,Yosys abc gate set simple,95.215,Yosys abc gate set simple
ex299,ex299_high_split_default_default_recheck,unknown_16x16,default_recheck,student/work/reverse_unknown_20260603_1812/ex299/verilog/ex299_unknown_16x16_high_split_default.v,student/work/ex285_ex287_ex295_ex297_ex299_frontend_current_synthflow_20260608_1350/ex299/aigs/ex299_high_split_default_default_recheck.aig,1,1,1,118808,24,2851392,1013807,2.812559,0,0,synthflow_exact,current project Yosys script sanity recheck,85.590,current project Yosys script sanity recheck
ex299,ex299_high_split_default_extra_opt_share,unknown_16x16,extra_opt_share,student/work/reverse_unknown_20260603_1812/ex299/verilog/ex299_unknown_16x16_high_split_default.v,student/work/ex285_ex287_ex295_ex297_ex299_frontend_current_synthflow_20260608_1350/ex299/aigs/ex299_high_split_default_extra_opt_share.aig,1,1,1,118808,24,2851392,1013807,2.812559,0,0,synthflow_exact,extra opt_reduce/opt_muxtree/wreduce/share before techmap,93.692,extra opt_reduce/opt_muxtree/wreduce/share before techmap
ex299,ex299_high_split_default_late_flatten,unknown_16x16,late_flatten,student/work/reverse_unknown_20260603_1812/ex299/verilog/ex299_unknown_16x16_high_split_default.v,student/work/ex285_ex287_ex295_ex297_ex299_frontend_current_synthflow_20260608_1350/ex299/aigs/ex299_high_split_default_late_flatten.aig,1,1,1,118808,24,2851392,1013807,2.812559,0,0,synthflow_exact,move flatten after techmap,88.200,move flatten after techmap
ex299,ex299_high_split_default_no_internal_abc,unknown_16x16,no_internal_abc,student/work/reverse_unknown_20260603_1812/ex299/verilog/ex299_unknown_16x16_high_split_default.v,student/work/ex285_ex287_ex295_ex297_ex299_frontend_current_synthflow_20260608_1350/ex299/aigs/ex299_high_split_default_no_internal_abc.aig,1,1,1,161214,24,3869136,1013807,3.816442,0,0,synthflow_exact,skip Yosys internal abc pass,77.754,skip Yosys internal abc pass
ex299,ex299_high_split_default_synth_preset,unknown_16x16,synth_preset,student/work/reverse_unknown_20260603_1812/ex299/verilog/ex299_unknown_16x16_high_split_default.v,student/work/ex285_ex287_ex295_ex297_ex299_frontend_current_synthflow_20260608_1350/ex299/aigs/ex299_high_split_default_synth_preset.aig,1,1,1,117411,23,2700453,1013807,2.663676,0,0,synthflow_exact,Yosys synth preset with flatten,104.715,Yosys synth preset with flatten
ex299,ex299_high_split_default_synth_preset_noabc,unknown_16x16,synth_preset_noabc,student/work/reverse_unknown_20260603_1812/ex299/verilog/ex299_unknown_16x16_high_split_default.v,student/work/ex285_ex287_ex295_ex297_ex299_frontend_current_synthflow_20260608_1350/ex299/aigs/ex299_high_split_default_synth_preset_noabc.aig,1,1,1,165188,25,4129700,1013807,4.073458,0,0,synthflow_exact,Yosys synth preset without abc,69.347,Yosys synth preset without abc
ex299,ex299_unknown_16x16_decision_tree_greedy,unknown_16x16,decision_tree_greedy,student/work/reverse_unknown_20260603_1812/ex299/verilog/ex299_unknown_16x16_decision_tree_greedy.v,student/work/reverse_unknown_20260603_1812/ex299/aigs/ex299_unknown_16x16_decision_tree_greedy.aig,1,1,1,149495,28,4185860,1013807,4.128853,0,0,structural_exact,nodes=45464; leaves=45465,219.022,unknown function structural Verilog seed
ex299,ex299_unknown_16x16_expr_default_exception,unknown_16x16,expr_default_exception,student/work/reverse_unknown_20260603_1812/ex299/verilog/ex299_unknown_16x16_expr_default_exception.v,student/work/reverse_unknown_20260603_1812/ex299/aigs/ex299_unknown_16x16_expr_default_exception.aig,1,1,1,168539,25,4213475,1013807,4.156092,0,0,structural_exact,expr=input; matches=1155; exceptions=64381,513.050,unknown function structural Verilog seed
ex299,ex299_unknown_16x16_high_split_default,unknown_16x16,high_split_default,student/work/reverse_unknown_20260603_1812/ex299/verilog/ex299_unknown_16x16_high_split_default.v,student/work/reverse_unknown_20260603_1812/ex299/aigs/ex299_unknown_16x16_high_split_default.aig,1,1,1,118808,24,2851392,1013807,2.812559,0,0,structural_exact,rotate=0; outer=high; outer_bits=8; inner_bits=8; full_default_groups=0; exceptions=64363,84.081,unknown function structural Verilog seed
ex299,ex299_unknown_16x16_low_split_default,unknown_16x16,low_split_default,student/work/reverse_unknown_20260603_1812/ex299/verilog/ex299_unknown_16x16_low_split_default.v,student/work/reverse_unknown_20260603_1812/ex299/aigs/ex299_unknown_16x16_low_split_default.aig,1,1,1,119023,25,2975575,1013807,2.935051,0,0,structural_exact,rotate=0; outer=low; outer_bits=8; inner_bits=8; full_default_groups=0; exceptions=64363,85.243,unknown function structural Verilog seed
ex299,ex299_unknown_16x16_value_case,unknown_16x16,value_case,student/work/reverse_unknown_20260603_1812/ex299/verilog/ex299_unknown_16x16_value_case.v,student/work/reverse_unknown_20260603_1812/ex299/aigs/ex299_unknown_16x16_value_case.aig,1,1,1,121703,29,3529387,1013807,3.481320,0,0,structural_exact,65536,81.037,unknown function structural Verilog seed
ex299,ex299_unknown_rot2_rot2_canonical_case,rot2_equivariant_canonical,rot2_canonical_case,student/work/ex295_ex297_ex299_frontend_rot2_canonical_20260608_1150/ex299/verilog/ex299_unknown_rot2_rot2_canonical_case.v,student/work/ex295_ex297_ex299_frontend_rot2_canonical_20260608_1150/ex299/aigs/ex299_unknown_rot2_rot2_canonical_case.aig,1,1,1,33880,128,4336640,1013807,4.277579,0,0,structural_exact,rot_step=2; orbit_steps=8; canonical_entries=8230; exact rot2 equivariance over 65536 inputs,54.792,unknown rot2-equivariant canonical Verilog seed
ex299,ex299_unknown_rot_rep_bdd_natural,rotation_representative_bdd,natural,student/work/ex295_ex297_ex299_frontend_rot_rep_bdd_20260608_1310/ex299/verilog/ex299_unknown_rot_rep_bdd_natural.v,student/work/ex295_ex297_ex299_frontend_rot_rep_bdd_20260608_1310/ex299/aigs/ex299_unknown_rot_rep_bdd_natural.aig,1,1,1,123601,27,3337227,1013807,3.291777,0,0,structural_exact,order_name=natural; order=0:1:2:3:4:5:6:7:8:9:10:11:12:13:14:15; rep0_nodes=5573; rep1_nodes=5311; emitted_nodes=87072; hash=65f4749697b5,76.553,unknown rotation representative-bit BDD Verilog seed
ex299,ex299_unknown_shared_bdd_16x16_order_0_1_2_3_4_5_6_7_8_9_10_11_12_13_14_15,unknown_shared_bdd_16x16,order_0_1_2_3_4_5_6_7_8_9_10_11_12_13_14_15,student/work/ex295_ex297_ex299_frontend_bdd_orders_20260608_1200/ex299/verilog/ex299_unknown_shared_bdd_16x16_order_0_1_2_3_4_5_6_7_8_9_10_11_12_13_14_15.v,student/work/ex295_ex297_ex299_frontend_bdd_orders_20260608_1200/ex299/aigs/ex299_unknown_shared_bdd_16x16_order_0_1_2_3_4_5_6_7_8_9_10_11_12_13_14_15.aig,1,1,1,118187,27,3191049,1013807,3.147590,0,0,structural_exact,order_name=order_0_1_2_3_4_5_6_7_8_9_10_11_12_13_14_15; order=0:1:2:3:4:5:6:7:8:9:10:11:12:13:14:15; bdd_nodes=72177,85.008,unknown function shared-BDD Verilog seed
