
 /----------------------------------------------------------------------------\
 |  yosys -- Yosys Open SYnthesis Suite                                       |
 |  Copyright (C) 2012 - 2026  Claire Xenia Wolf <claire@yosyshq.com>         |
 |  Distributed under an ISC-like license, type "license" to see terms        |
 \----------------------------------------------------------------------------/
 Yosys 0.65 (git sha1 aec814bdf3071f7e0fd0fbe43f7f711e99d01e24, g++ 14.3.0-19 -fvisibility-inlines-hidden -fmessage-length=0 -march=nocona -mtune=haswell -ftree-vectorize -fPIC -fstack-protector-strong -fno-plt -O2 -ffunction-sections -fdebug-prefix-map=/home/conda/feedstock_root/build_artifacts/yosys_1778591527500/work=/usr/local/src/conda/yosys-0.65 -fdebug-prefix-map=/home/b10507053/ALS_Final_Project/student/tools/conda-env=/usr/local/src/conda-prefix -fPIC -O3) [conda-forge/yosys-feedstock]

-- Executing script file `/home/b10507053/ALS_Final_Project/student/work/ex250_ex254_frontend_fp4_dot_fma_semantic_20260608_2105/ex254/logs/ex254_semantic_e4acc_fp4prod_prodtable_qrange_default.yosys.ys' --

1. Executing Verilog-2005 frontend: /home/b10507053/ALS_Final_Project/student/work/ex250_ex254_frontend_fp4_dot_fma_semantic_20260608_2105/ex254/verilog/ex254_semantic_e4acc_fp4prod_prodtable_qrange.v
Parsing Verilog input from `/home/b10507053/ALS_Final_Project/student/work/ex250_ex254_frontend_fp4_dot_fma_semantic_20260608_2105/ex254/verilog/ex254_semantic_e4acc_fp4prod_prodtable_qrange.v' to AST representation.
Generating RTLIL representation for module `\ex254_semantic_e4acc_fp4prod_prodtable_qrange'.
Successfully finished Verilog frontend.

2. Executing HIERARCHY pass (managing design hierarchy).

2.1. Analyzing design hierarchy..
Top module:  \ex254_semantic_e4acc_fp4prod_prodtable_qrange

2.2. Analyzing design hierarchy..
Top module:  \ex254_semantic_e4acc_fp4prod_prodtable_qrange
Removed 0 unused modules.

3. Executing PROC pass (convert processes to netlists).

3.1. Executing PROC_CLEAN pass (remove empty switches from decision trees).
Cleaned up 0 empty switches.

3.2. Executing PROC_RMDEAD pass (remove dead branches from decision trees).
Marked 127 switch rules as full_case in process $proc$/home/b10507053/ALS_Final_Project/student/work/ex250_ex254_frontend_fp4_dot_fma_semantic_20260608_2105/ex254/verilog/ex254_semantic_e4acc_fp4prod_prodtable_qrange.v:580$51 in module ex254_semantic_e4acc_fp4prod_prodtable_qrange.
Removed 1 dead cases from process $proc$/home/b10507053/ALS_Final_Project/student/work/ex250_ex254_frontend_fp4_dot_fma_semantic_20260608_2105/ex254/verilog/ex254_semantic_e4acc_fp4prod_prodtable_qrange.v:572$35 in module ex254_semantic_e4acc_fp4prod_prodtable_qrange.
Marked 1 switch rules as full_case in process $proc$/home/b10507053/ALS_Final_Project/student/work/ex250_ex254_frontend_fp4_dot_fma_semantic_20260608_2105/ex254/verilog/ex254_semantic_e4acc_fp4prod_prodtable_qrange.v:572$35 in module ex254_semantic_e4acc_fp4prod_prodtable_qrange.
Removed 1 dead cases from process $proc$/home/b10507053/ALS_Final_Project/student/work/ex250_ex254_frontend_fp4_dot_fma_semantic_20260608_2105/ex254/verilog/ex254_semantic_e4acc_fp4prod_prodtable_qrange.v:571$30 in module ex254_semantic_e4acc_fp4prod_prodtable_qrange.
Marked 1 switch rules as full_case in process $proc$/home/b10507053/ALS_Final_Project/student/work/ex250_ex254_frontend_fp4_dot_fma_semantic_20260608_2105/ex254/verilog/ex254_semantic_e4acc_fp4prod_prodtable_qrange.v:571$30 in module ex254_semantic_e4acc_fp4prod_prodtable_qrange.
Removed 1 dead cases from process $proc$/home/b10507053/ALS_Final_Project/student/work/ex250_ex254_frontend_fp4_dot_fma_semantic_20260608_2105/ex254/verilog/ex254_semantic_e4acc_fp4prod_prodtable_qrange.v:571$25 in module ex254_semantic_e4acc_fp4prod_prodtable_qrange.
Marked 1 switch rules as full_case in process $proc$/home/b10507053/ALS_Final_Project/student/work/ex250_ex254_frontend_fp4_dot_fma_semantic_20260608_2105/ex254/verilog/ex254_semantic_e4acc_fp4prod_prodtable_qrange.v:571$25 in module ex254_semantic_e4acc_fp4prod_prodtable_qrange.
Removed a total of 3 dead cases.

3.3. Executing PROC_PRUNE pass (remove redundant assignments in processes).
Removed 0 redundant assignments.
Promoted 17 assignments to connections.

3.4. Executing PROC_INIT pass (extract init attributes).

3.5. Executing PROC_ARST pass (detect async resets in processes).

3.6. Executing PROC_ROM pass (convert switches to ROMs).
Converted 3 switches.

3.7. Executing PROC_MUX pass (convert decision trees to multiplexers).
Creating decoders for process `\ex254_semantic_e4acc_fp4prod_prodtable_qrange.$proc$/home/b10507053/ALS_Final_Project/student/work/ex250_ex254_frontend_fp4_dot_fma_semantic_20260608_2105/ex254/verilog/ex254_semantic_e4acc_fp4prod_prodtable_qrange.v:580$51'.
     1/127: $127\quant_k$func$/home/b10507053/ALS_Final_Project/student/work/ex250_ex254_frontend_fp4_dot_fma_semantic_20260608_2105/ex254/verilog/ex254_semantic_e4acc_fp4prod_prodtable_qrange.v:580$10.$result[6:0]$308
     2/127: $126\quant_k$func$/home/b10507053/ALS_Final_Project/student/work/ex250_ex254_frontend_fp4_dot_fma_semantic_20260608_2105/ex254/verilog/ex254_semantic_e4acc_fp4prod_prodtable_qrange.v:580$10.$result[6:0]$306
     3/127: $125\quant_k$func$/home/b10507053/ALS_Final_Project/student/work/ex250_ex254_frontend_fp4_dot_fma_semantic_20260608_2105/ex254/verilog/ex254_semantic_e4acc_fp4prod_prodtable_qrange.v:580$10.$result[6:0]$304
     4/127: $124\quant_k$func$/home/b10507053/ALS_Final_Project/student/work/ex250_ex254_frontend_fp4_dot_fma_semantic_20260608_2105/ex254/verilog/ex254_semantic_e4acc_fp4prod_prodtable_qrange.v:580$10.$result[6:0]$302
     5/127: $123\quant_k$func$/home/b10507053/ALS_Final_Project/student/work/ex250_ex254_frontend_fp4_dot_fma_semantic_20260608_2105/ex254/verilog/ex254_semantic_e4acc_fp4prod_prodtable_qrange.v:580$10.$result[6:0]$300
     6/127: $122\quant_k$func$/home/b10507053/ALS_Final_Project/student/work/ex250_ex254_frontend_fp4_dot_fma_semantic_20260608_2105/ex254/verilog/ex254_semantic_e4acc_fp4prod_prodtable_qrange.v:580$10.$result[6:0]$298
     7/127: $121\quant_k$func$/home/b10507053/ALS_Final_Project/student/work/ex250_ex254_frontend_fp4_dot_fma_semantic_20260608_2105/ex254/verilog/ex254_semantic_e4acc_fp4prod_prodtable_qrange.v:580$10.$result[6:0]$296
     8/127: $120\quant_k$func$/home/b10507053/ALS_Final_Project/student/work/ex250_ex254_frontend_fp4_dot_fma_semantic_20260608_2105/ex254/verilog/ex254_semantic_e4acc_fp4prod_prodtable_qrange.v:580$10.$result[6:0]$294
     9/127: $119\quant_k$func$/home/b10507053/ALS_Final_Project/student/work/ex250_ex254_frontend_fp4_dot_fma_semantic_20260608_2105/ex254/verilog/ex254_semantic_e4acc_fp4prod_prodtable_qrange.v:580$10.$result[6:0]$292
    10/127: $118\quant_k$func$/home/b10507053/ALS_Final_Project/student/work/ex250_ex254_frontend_fp4_dot_fma_semantic_20260608_2105/ex254/verilog/ex254_semantic_e4acc_fp4prod_prodtable_qrange.v:580$10.$result[6:0]$290
    11/127: $117\quant_k$func$/home/b10507053/ALS_Final_Project/student/work/ex250_ex254_frontend_fp4_dot_fma_semantic_20260608_2105/ex254/verilog/ex254_semantic_e4acc_fp4prod_prodtable_qrange.v:580$10.$result[6:0]$288
    12/127: $116\quant_k$func$/home/b10507053/ALS_Final_Project/student/work/ex250_ex254_frontend_fp4_dot_fma_semantic_20260608_2105/ex254/verilog/ex254_semantic_e4acc_fp4prod_prodtable_qrange.v:580$10.$result[6:0]$286
    13/127: $115\quant_k$func$/home/b10507053/ALS_Final_Project/student/work/ex250_ex254_frontend_fp4_dot_fma_semantic_20260608_2105/ex254/verilog/ex254_semantic_e4acc_fp4prod_prodtable_qrange.v:580$10.$result[6:0]$284
    14/127: $114\quant_k$func$/home/b10507053/ALS_Final_Project/student/work/ex250_ex254_frontend_fp4_dot_fma_semantic_20260608_2105/ex254/verilog/ex254_semantic_e4acc_fp4prod_prodtable_qrange.v:580$10.$result[6:0]$282
    15/127: $113\quant_k$func$/home/b10507053/ALS_Final_Project/student/work/ex250_ex254_frontend_fp4_dot_fma_semantic_20260608_2105/ex254/verilog/ex254_semantic_e4acc_fp4prod_prodtable_qrange.v:580$10.$result[6:0]$280
    16/127: $112\quant_k$func$/home/b10507053/ALS_Final_Project/student/work/ex250_ex254_frontend_fp4_dot_fma_semantic_20260608_2105/ex254/verilog/ex254_semantic_e4acc_fp4prod_prodtable_qrange.v:580$10.$result[6:0]$278
    17/127: $111\quant_k$func$/home/b10507053/ALS_Final_Project/student/work/ex250_ex254_frontend_fp4_dot_fma_semantic_20260608_2105/ex254/verilog/ex254_semantic_e4acc_fp4prod_prodtable_qrange.v:580$10.$result[6:0]$276
    18/127: $110\quant_k$func$/home/b10507053/ALS_Final_Project/student/work/ex250_ex254_frontend_fp4_dot_fma_semantic_20260608_2105/ex254/verilog/ex254_semantic_e4acc_fp4prod_prodtable_qrange.v:580$10.$result[6:0]$274
    19/127: $109\quant_k$func$/home/b10507053/ALS_Final_Project/student/work/ex250_ex254_frontend_fp4_dot_fma_semantic_20260608_2105/ex254/verilog/ex254_semantic_e4acc_fp4prod_prodtable_qrange.v:580$10.$result[6:0]$272
    20/127: $108\quant_k$func$/home/b10507053/ALS_Final_Project/student/work/ex250_ex254_frontend_fp4_dot_fma_semantic_20260608_2105/ex254/verilog/ex254_semantic_e4acc_fp4prod_prodtable_qrange.v:580$10.$result[6:0]$270
    21/127: $107\quant_k$func$/home/b10507053/ALS_Final_Project/student/work/ex250_ex254_frontend_fp4_dot_fma_semantic_20260608_2105/ex254/verilog/ex254_semantic_e4acc_fp4prod_prodtable_qrange.v:580$10.$result[6:0]$268
    22/127: $106\quant_k$func$/home/b10507053/ALS_Final_Project/student/work/ex250_ex254_frontend_fp4_dot_fma_semantic_20260608_2105/ex254/verilog/ex254_semantic_e4acc_fp4prod_prodtable_qrange.v:580$10.$result[6:0]$266
    23/127: $105\quant_k$func$/home/b10507053/ALS_Final_Project/student/work/ex250_ex254_frontend_fp4_dot_fma_semantic_20260608_2105/ex254/verilog/ex254_semantic_e4acc_fp4prod_prodtable_qrange.v:580$10.$result[6:0]$264
    24/127: $104\quant_k$func$/home/b10507053/ALS_Final_Project/student/work/ex250_ex254_frontend_fp4_dot_fma_semantic_20260608_2105/ex254/verilog/ex254_semantic_e4acc_fp4prod_prodtable_qrange.v:580$10.$result[6:0]$262
    25/127: $103\quant_k$func$/home/b10507053/ALS_Final_Project/student/work/ex250_ex254_frontend_fp4_dot_fma_semantic_20260608_2105/ex254/verilog/ex254_semantic_e4acc_fp4prod_prodtable_qrange.v:580$10.$result[6:0]$260
    26/127: $102\quant_k$func$/home/b10507053/ALS_Final_Project/student/work/ex250_ex254_frontend_fp4_dot_fma_semantic_20260608_2105/ex254/verilog/ex254_semantic_e4acc_fp4prod_prodtable_qrange.v:580$10.$result[6:0]$258
    27/127: $101\quant_k$func$/home/b10507053/ALS_Final_Project/student/work/ex250_ex254_frontend_fp4_dot_fma_semantic_20260608_2105/ex254/verilog/ex254_semantic_e4acc_fp4prod_prodtable_qrange.v:580$10.$result[6:0]$256
    28/127: $100\quant_k$func$/home/b10507053/ALS_Final_Project/student/work/ex250_ex254_frontend_fp4_dot_fma_semantic_20260608_2105/ex254/verilog/ex254_semantic_e4acc_fp4prod_prodtable_qrange.v:580$10.$result[6:0]$254
    29/127: $99\quant_k$func$/home/b10507053/ALS_Final_Project/student/work/ex250_ex254_frontend_fp4_dot_fma_semantic_20260608_2105/ex254/verilog/ex254_semantic_e4acc_fp4prod_prodtable_qrange.v:580$10.$result[6:0]$252
    30/127: $98\quant_k$func$/home/b10507053/ALS_Final_Project/student/work/ex250_ex254_frontend_fp4_dot_fma_semantic_20260608_2105/ex254/verilog/ex254_semantic_e4acc_fp4prod_prodtable_qrange.v:580$10.$result[6:0]$250
    31/127: $97\quant_k$func$/home/b10507053/ALS_Final_Project/student/work/ex250_ex254_frontend_fp4_dot_fma_semantic_20260608_2105/ex254/verilog/ex254_semantic_e4acc_fp4prod_prodtable_qrange.v:580$10.$result[6:0]$248
    32/127: $96\quant_k$func$/home/b10507053/ALS_Final_Project/student/work/ex250_ex254_frontend_fp4_dot_fma_semantic_20260608_2105/ex254/verilog/ex254_semantic_e4acc_fp4prod_prodtable_qrange.v:580$10.$result[6:0]$246
    33/127: $95\quant_k$func$/home/b10507053/ALS_Final_Project/student/work/ex250_ex254_frontend_fp4_dot_fma_semantic_20260608_2105/ex254/verilog/ex254_semantic_e4acc_fp4prod_prodtable_qrange.v:580$10.$result[6:0]$244
    34/127: $94\quant_k$func$/home/b10507053/ALS_Final_Project/student/work/ex250_ex254_frontend_fp4_dot_fma_semantic_20260608_2105/ex254/verilog/ex254_semantic_e4acc_fp4prod_prodtable_qrange.v:580$10.$result[6:0]$242
    35/127: $93\quant_k$func$/home/b10507053/ALS_Final_Project/student/work/ex250_ex254_frontend_fp4_dot_fma_semantic_20260608_2105/ex254/verilog/ex254_semantic_e4acc_fp4prod_prodtable_qrange.v:580$10.$result[6:0]$240
    36/127: $92\quant_k$func$/home/b10507053/ALS_Final_Project/student/work/ex250_ex254_frontend_fp4_dot_fma_semantic_20260608_2105/ex254/verilog/ex254_semantic_e4acc_fp4prod_prodtable_qrange.v:580$10.$result[6:0]$238
    37/127: $91\quant_k$func$/home/b10507053/ALS_Final_Project/student/work/ex250_ex254_frontend_fp4_dot_fma_semantic_20260608_2105/ex254/verilog/ex254_semantic_e4acc_fp4prod_prodtable_qrange.v:580$10.$result[6:0]$236
    38/127: $90\quant_k$func$/home/b10507053/ALS_Final_Project/student/work/ex250_ex254_frontend_fp4_dot_fma_semantic_20260608_2105/ex254/verilog/ex254_semantic_e4acc_fp4prod_prodtable_qrange.v:580$10.$result[6:0]$234
    39/127: $89\quant_k$func$/home/b10507053/ALS_Final_Project/student/work/ex250_ex254_frontend_fp4_dot_fma_semantic_20260608_2105/ex254/verilog/ex254_semantic_e4acc_fp4prod_prodtable_qrange.v:580$10.$result[6:0]$232
    40/127: $88\quant_k$func$/home/b10507053/ALS_Final_Project/student/work/ex250_ex254_frontend_fp4_dot_fma_semantic_20260608_2105/ex254/verilog/ex254_semantic_e4acc_fp4prod_prodtable_qrange.v:580$10.$result[6:0]$230
    41/127: $87\quant_k$func$/home/b10507053/ALS_Final_Project/student/work/ex250_ex254_frontend_fp4_dot_fma_semantic_20260608_2105/ex254/verilog/ex254_semantic_e4acc_fp4prod_prodtable_qrange.v:580$10.$result[6:0]$228
    42/127: $86\quant_k$func$/home/b10507053/ALS_Final_Project/student/work/ex250_ex254_frontend_fp4_dot_fma_semantic_20260608_2105/ex254/verilog/ex254_semantic_e4acc_fp4prod_prodtable_qrange.v:580$10.$result[6:0]$226
    43/127: $85\quant_k$func$/home/b10507053/ALS_Final_Project/student/work/ex250_ex254_frontend_fp4_dot_fma_semantic_20260608_2105/ex254/verilog/ex254_semantic_e4acc_fp4prod_prodtable_qrange.v:580$10.$result[6:0]$224
    44/127: $84\quant_k$func$/home/b10507053/ALS_Final_Project/student/work/ex250_ex254_frontend_fp4_dot_fma_semantic_20260608_2105/ex254/verilog/ex254_semantic_e4acc_fp4prod_prodtable_qrange.v:580$10.$result[6:0]$222
    45/127: $83\quant_k$func$/home/b10507053/ALS_Final_Project/student/work/ex250_ex254_frontend_fp4_dot_fma_semantic_20260608_2105/ex254/verilog/ex254_semantic_e4acc_fp4prod_prodtable_qrange.v:580$10.$result[6:0]$220
    46/127: $82\quant_k$func$/home/b10507053/ALS_Final_Project/student/work/ex250_ex254_frontend_fp4_dot_fma_semantic_20260608_2105/ex254/verilog/ex254_semantic_e4acc_fp4prod_prodtable_qrange.v:580$10.$result[6:0]$218
    47/127: $81\quant_k$func$/home/b10507053/ALS_Final_Project/student/work/ex250_ex254_frontend_fp4_dot_fma_semantic_20260608_2105/ex254/verilog/ex254_semantic_e4acc_fp4prod_prodtable_qrange.v:580$10.$result[6:0]$216
    48/127: $80\quant_k$func$/home/b10507053/ALS_Final_Project/student/work/ex250_ex254_frontend_fp4_dot_fma_semantic_20260608_2105/ex254/verilog/ex254_semantic_e4acc_fp4prod_prodtable_qrange.v:580$10.$result[6:0]$214
    49/127: $79\quant_k$func$/home/b10507053/ALS_Final_Project/student/work/ex250_ex254_frontend_fp4_dot_fma_semantic_20260608_2105/ex254/verilog/ex254_semantic_e4acc_fp4prod_prodtable_qrange.v:580$10.$result[6:0]$212
    50/127: $78\quant_k$func$/home/b10507053/ALS_Final_Project/student/work/ex250_ex254_frontend_fp4_dot_fma_semantic_20260608_2105/ex254/verilog/ex254_semantic_e4acc_fp4prod_prodtable_qrange.v:580$10.$result[6:0]$210
    51/127: $77\quant_k$func$/home/b10507053/ALS_Final_Project/student/work/ex250_ex254_frontend_fp4_dot_fma_semantic_20260608_2105/ex254/verilog/ex254_semantic_e4acc_fp4prod_prodtable_qrange.v:580$10.$result[6:0]$208
    52/127: $76\quant_k$func$/home/b10507053/ALS_Final_Project/student/work/ex250_ex254_frontend_fp4_dot_fma_semantic_20260608_2105/ex254/verilog/ex254_semantic_e4acc_fp4prod_prodtable_qrange.v:580$10.$result[6:0]$206
    53/127: $75\quant_k$func$/home/b10507053/ALS_Final_Project/student/work/ex250_ex254_frontend_fp4_dot_fma_semantic_20260608_2105/ex254/verilog/ex254_semantic_e4acc_fp4prod_prodtable_qrange.v:580$10.$result[6:0]$204
    54/127: $74\quant_k$func$/home/b10507053/ALS_Final_Project/student/work/ex250_ex254_frontend_fp4_dot_fma_semantic_20260608_2105/ex254/verilog/ex254_semantic_e4acc_fp4prod_prodtable_qrange.v:580$10.$result[6:0]$202
    55/127: $73\quant_k$func$/home/b10507053/ALS_Final_Project/student/work/ex250_ex254_frontend_fp4_dot_fma_semantic_20260608_2105/ex254/verilog/ex254_semantic_e4acc_fp4prod_prodtable_qrange.v:580$10.$result[6:0]$200
    56/127: $72\quant_k$func$/home/b10507053/ALS_Final_Project/student/work/ex250_ex254_frontend_fp4_dot_fma_semantic_20260608_2105/ex254/verilog/ex254_semantic_e4acc_fp4prod_prodtable_qrange.v:580$10.$result[6:0]$198
    57/127: $71\quant_k$func$/home/b10507053/ALS_Final_Project/student/work/ex250_ex254_frontend_fp4_dot_fma_semantic_20260608_2105/ex254/verilog/ex254_semantic_e4acc_fp4prod_prodtable_qrange.v:580$10.$result[6:0]$196
    58/127: $70\quant_k$func$/home/b10507053/ALS_Final_Project/student/work/ex250_ex254_frontend_fp4_dot_fma_semantic_20260608_2105/ex254/verilog/ex254_semantic_e4acc_fp4prod_prodtable_qrange.v:580$10.$result[6:0]$194
    59/127: $69\quant_k$func$/home/b10507053/ALS_Final_Project/student/work/ex250_ex254_frontend_fp4_dot_fma_semantic_20260608_2105/ex254/verilog/ex254_semantic_e4acc_fp4prod_prodtable_qrange.v:580$10.$result[6:0]$192
    60/127: $68\quant_k$func$/home/b10507053/ALS_Final_Project/student/work/ex250_ex254_frontend_fp4_dot_fma_semantic_20260608_2105/ex254/verilog/ex254_semantic_e4acc_fp4prod_prodtable_qrange.v:580$10.$result[6:0]$190
    61/127: $67\quant_k$func$/home/b10507053/ALS_Final_Project/student/work/ex250_ex254_frontend_fp4_dot_fma_semantic_20260608_2105/ex254/verilog/ex254_semantic_e4acc_fp4prod_prodtable_qrange.v:580$10.$result[6:0]$188
    62/127: $66\quant_k$func$/home/b10507053/ALS_Final_Project/student/work/ex250_ex254_frontend_fp4_dot_fma_semantic_20260608_2105/ex254/verilog/ex254_semantic_e4acc_fp4prod_prodtable_qrange.v:580$10.$result[6:0]$186
    63/127: $65\quant_k$func$/home/b10507053/ALS_Final_Project/student/work/ex250_ex254_frontend_fp4_dot_fma_semantic_20260608_2105/ex254/verilog/ex254_semantic_e4acc_fp4prod_prodtable_qrange.v:580$10.$result[6:0]$184
    64/127: $64\quant_k$func$/home/b10507053/ALS_Final_Project/student/work/ex250_ex254_frontend_fp4_dot_fma_semantic_20260608_2105/ex254/verilog/ex254_semantic_e4acc_fp4prod_prodtable_qrange.v:580$10.$result[6:0]$182
    65/127: $63\quant_k$func$/home/b10507053/ALS_Final_Project/student/work/ex250_ex254_frontend_fp4_dot_fma_semantic_20260608_2105/ex254/verilog/ex254_semantic_e4acc_fp4prod_prodtable_qrange.v:580$10.$result[6:0]$180
    66/127: $62\quant_k$func$/home/b10507053/ALS_Final_Project/student/work/ex250_ex254_frontend_fp4_dot_fma_semantic_20260608_2105/ex254/verilog/ex254_semantic_e4acc_fp4prod_prodtable_qrange.v:580$10.$result[6:0]$178
    67/127: $61\quant_k$func$/home/b10507053/ALS_Final_Project/student/work/ex250_ex254_frontend_fp4_dot_fma_semantic_20260608_2105/ex254/verilog/ex254_semantic_e4acc_fp4prod_prodtable_qrange.v:580$10.$result[6:0]$176
    68/127: $60\quant_k$func$/home/b10507053/ALS_Final_Project/student/work/ex250_ex254_frontend_fp4_dot_fma_semantic_20260608_2105/ex254/verilog/ex254_semantic_e4acc_fp4prod_prodtable_qrange.v:580$10.$result[6:0]$174
    69/127: $59\quant_k$func$/home/b10507053/ALS_Final_Project/student/work/ex250_ex254_frontend_fp4_dot_fma_semantic_20260608_2105/ex254/verilog/ex254_semantic_e4acc_fp4prod_prodtable_qrange.v:580$10.$result[6:0]$172
    70/127: $58\quant_k$func$/home/b10507053/ALS_Final_Project/student/work/ex250_ex254_frontend_fp4_dot_fma_semantic_20260608_2105/ex254/verilog/ex254_semantic_e4acc_fp4prod_prodtable_qrange.v:580$10.$result[6:0]$170
    71/127: $57\quant_k$func$/home/b10507053/ALS_Final_Project/student/work/ex250_ex254_frontend_fp4_dot_fma_semantic_20260608_2105/ex254/verilog/ex254_semantic_e4acc_fp4prod_prodtable_qrange.v:580$10.$result[6:0]$168
    72/127: $56\quant_k$func$/home/b10507053/ALS_Final_Project/student/work/ex250_ex254_frontend_fp4_dot_fma_semantic_20260608_2105/ex254/verilog/ex254_semantic_e4acc_fp4prod_prodtable_qrange.v:580$10.$result[6:0]$166
    73/127: $55\quant_k$func$/home/b10507053/ALS_Final_Project/student/work/ex250_ex254_frontend_fp4_dot_fma_semantic_20260608_2105/ex254/verilog/ex254_semantic_e4acc_fp4prod_prodtable_qrange.v:580$10.$result[6:0]$164
    74/127: $54\quant_k$func$/home/b10507053/ALS_Final_Project/student/work/ex250_ex254_frontend_fp4_dot_fma_semantic_20260608_2105/ex254/verilog/ex254_semantic_e4acc_fp4prod_prodtable_qrange.v:580$10.$result[6:0]$162
    75/127: $53\quant_k$func$/home/b10507053/ALS_Final_Project/student/work/ex250_ex254_frontend_fp4_dot_fma_semantic_20260608_2105/ex254/verilog/ex254_semantic_e4acc_fp4prod_prodtable_qrange.v:580$10.$result[6:0]$160
    76/127: $52\quant_k$func$/home/b10507053/ALS_Final_Project/student/work/ex250_ex254_frontend_fp4_dot_fma_semantic_20260608_2105/ex254/verilog/ex254_semantic_e4acc_fp4prod_prodtable_qrange.v:580$10.$result[6:0]$158
    77/127: $51\quant_k$func$/home/b10507053/ALS_Final_Project/student/work/ex250_ex254_frontend_fp4_dot_fma_semantic_20260608_2105/ex254/verilog/ex254_semantic_e4acc_fp4prod_prodtable_qrange.v:580$10.$result[6:0]$156
    78/127: $50\quant_k$func$/home/b10507053/ALS_Final_Project/student/work/ex250_ex254_frontend_fp4_dot_fma_semantic_20260608_2105/ex254/verilog/ex254_semantic_e4acc_fp4prod_prodtable_qrange.v:580$10.$result[6:0]$154
    79/127: $49\quant_k$func$/home/b10507053/ALS_Final_Project/student/work/ex250_ex254_frontend_fp4_dot_fma_semantic_20260608_2105/ex254/verilog/ex254_semantic_e4acc_fp4prod_prodtable_qrange.v:580$10.$result[6:0]$152
    80/127: $48\quant_k$func$/home/b10507053/ALS_Final_Project/student/work/ex250_ex254_frontend_fp4_dot_fma_semantic_20260608_2105/ex254/verilog/ex254_semantic_e4acc_fp4prod_prodtable_qrange.v:580$10.$result[6:0]$150
    81/127: $47\quant_k$func$/home/b10507053/ALS_Final_Project/student/work/ex250_ex254_frontend_fp4_dot_fma_semantic_20260608_2105/ex254/verilog/ex254_semantic_e4acc_fp4prod_prodtable_qrange.v:580$10.$result[6:0]$148
    82/127: $46\quant_k$func$/home/b10507053/ALS_Final_Project/student/work/ex250_ex254_frontend_fp4_dot_fma_semantic_20260608_2105/ex254/verilog/ex254_semantic_e4acc_fp4prod_prodtable_qrange.v:580$10.$result[6:0]$146
    83/127: $45\quant_k$func$/home/b10507053/ALS_Final_Project/student/work/ex250_ex254_frontend_fp4_dot_fma_semantic_20260608_2105/ex254/verilog/ex254_semantic_e4acc_fp4prod_prodtable_qrange.v:580$10.$result[6:0]$144
    84/127: $44\quant_k$func$/home/b10507053/ALS_Final_Project/student/work/ex250_ex254_frontend_fp4_dot_fma_semantic_20260608_2105/ex254/verilog/ex254_semantic_e4acc_fp4prod_prodtable_qrange.v:580$10.$result[6:0]$142
    85/127: $43\quant_k$func$/home/b10507053/ALS_Final_Project/student/work/ex250_ex254_frontend_fp4_dot_fma_semantic_20260608_2105/ex254/verilog/ex254_semantic_e4acc_fp4prod_prodtable_qrange.v:580$10.$result[6:0]$140
    86/127: $42\quant_k$func$/home/b10507053/ALS_Final_Project/student/work/ex250_ex254_frontend_fp4_dot_fma_semantic_20260608_2105/ex254/verilog/ex254_semantic_e4acc_fp4prod_prodtable_qrange.v:580$10.$result[6:0]$138
    87/127: $41\quant_k$func$/home/b10507053/ALS_Final_Project/student/work/ex250_ex254_frontend_fp4_dot_fma_semantic_20260608_2105/ex254/verilog/ex254_semantic_e4acc_fp4prod_prodtable_qrange.v:580$10.$result[6:0]$136
    88/127: $40\quant_k$func$/home/b10507053/ALS_Final_Project/student/work/ex250_ex254_frontend_fp4_dot_fma_semantic_20260608_2105/ex254/verilog/ex254_semantic_e4acc_fp4prod_prodtable_qrange.v:580$10.$result[6:0]$134
    89/127: $39\quant_k$func$/home/b10507053/ALS_Final_Project/student/work/ex250_ex254_frontend_fp4_dot_fma_semantic_20260608_2105/ex254/verilog/ex254_semantic_e4acc_fp4prod_prodtable_qrange.v:580$10.$result[6:0]$132
    90/127: $38\quant_k$func$/home/b10507053/ALS_Final_Project/student/work/ex250_ex254_frontend_fp4_dot_fma_semantic_20260608_2105/ex254/verilog/ex254_semantic_e4acc_fp4prod_prodtable_qrange.v:580$10.$result[6:0]$130
    91/127: $37\quant_k$func$/home/b10507053/ALS_Final_Project/student/work/ex250_ex254_frontend_fp4_dot_fma_semantic_20260608_2105/ex254/verilog/ex254_semantic_e4acc_fp4prod_prodtable_qrange.v:580$10.$result[6:0]$128
    92/127: $36\quant_k$func$/home/b10507053/ALS_Final_Project/student/work/ex250_ex254_frontend_fp4_dot_fma_semantic_20260608_2105/ex254/verilog/ex254_semantic_e4acc_fp4prod_prodtable_qrange.v:580$10.$result[6:0]$126
    93/127: $35\quant_k$func$/home/b10507053/ALS_Final_Project/student/work/ex250_ex254_frontend_fp4_dot_fma_semantic_20260608_2105/ex254/verilog/ex254_semantic_e4acc_fp4prod_prodtable_qrange.v:580$10.$result[6:0]$124
    94/127: $34\quant_k$func$/home/b10507053/ALS_Final_Project/student/work/ex250_ex254_frontend_fp4_dot_fma_semantic_20260608_2105/ex254/verilog/ex254_semantic_e4acc_fp4prod_prodtable_qrange.v:580$10.$result[6:0]$122
    95/127: $33\quant_k$func$/home/b10507053/ALS_Final_Project/student/work/ex250_ex254_frontend_fp4_dot_fma_semantic_20260608_2105/ex254/verilog/ex254_semantic_e4acc_fp4prod_prodtable_qrange.v:580$10.$result[6:0]$120
    96/127: $32\quant_k$func$/home/b10507053/ALS_Final_Project/student/work/ex250_ex254_frontend_fp4_dot_fma_semantic_20260608_2105/ex254/verilog/ex254_semantic_e4acc_fp4prod_prodtable_qrange.v:580$10.$result[6:0]$118
    97/127: $31\quant_k$func$/home/b10507053/ALS_Final_Project/student/work/ex250_ex254_frontend_fp4_dot_fma_semantic_20260608_2105/ex254/verilog/ex254_semantic_e4acc_fp4prod_prodtable_qrange.v:580$10.$result[6:0]$116
    98/127: $30\quant_k$func$/home/b10507053/ALS_Final_Project/student/work/ex250_ex254_frontend_fp4_dot_fma_semantic_20260608_2105/ex254/verilog/ex254_semantic_e4acc_fp4prod_prodtable_qrange.v:580$10.$result[6:0]$114
    99/127: $29\quant_k$func$/home/b10507053/ALS_Final_Project/student/work/ex250_ex254_frontend_fp4_dot_fma_semantic_20260608_2105/ex254/verilog/ex254_semantic_e4acc_fp4prod_prodtable_qrange.v:580$10.$result[6:0]$112
   100/127: $28\quant_k$func$/home/b10507053/ALS_Final_Project/student/work/ex250_ex254_frontend_fp4_dot_fma_semantic_20260608_2105/ex254/verilog/ex254_semantic_e4acc_fp4prod_prodtable_qrange.v:580$10.$result[6:0]$110
   101/127: $27\quant_k$func$/home/b10507053/ALS_Final_Project/student/work/ex250_ex254_frontend_fp4_dot_fma_semantic_20260608_2105/ex254/verilog/ex254_semantic_e4acc_fp4prod_prodtable_qrange.v:580$10.$result[6:0]$108
   102/127: $26\quant_k$func$/home/b10507053/ALS_Final_Project/student/work/ex250_ex254_frontend_fp4_dot_fma_semantic_20260608_2105/ex254/verilog/ex254_semantic_e4acc_fp4prod_prodtable_qrange.v:580$10.$result[6:0]$106
   103/127: $25\quant_k$func$/home/b10507053/ALS_Final_Project/student/work/ex250_ex254_frontend_fp4_dot_fma_semantic_20260608_2105/ex254/verilog/ex254_semantic_e4acc_fp4prod_prodtable_qrange.v:580$10.$result[6:0]$104
   104/127: $24\quant_k$func$/home/b10507053/ALS_Final_Project/student/work/ex250_ex254_frontend_fp4_dot_fma_semantic_20260608_2105/ex254/verilog/ex254_semantic_e4acc_fp4prod_prodtable_qrange.v:580$10.$result[6:0]$102
   105/127: $23\quant_k$func$/home/b10507053/ALS_Final_Project/student/work/ex250_ex254_frontend_fp4_dot_fma_semantic_20260608_2105/ex254/verilog/ex254_semantic_e4acc_fp4prod_prodtable_qrange.v:580$10.$result[6:0]$100
   106/127: $22\quant_k$func$/home/b10507053/ALS_Final_Project/student/work/ex250_ex254_frontend_fp4_dot_fma_semantic_20260608_2105/ex254/verilog/ex254_semantic_e4acc_fp4prod_prodtable_qrange.v:580$10.$result[6:0]$98
   107/127: $21\quant_k$func$/home/b10507053/ALS_Final_Project/student/work/ex250_ex254_frontend_fp4_dot_fma_semantic_20260608_2105/ex254/verilog/ex254_semantic_e4acc_fp4prod_prodtable_qrange.v:580$10.$result[6:0]$96
   108/127: $20\quant_k$func$/home/b10507053/ALS_Final_Project/student/work/ex250_ex254_frontend_fp4_dot_fma_semantic_20260608_2105/ex254/verilog/ex254_semantic_e4acc_fp4prod_prodtable_qrange.v:580$10.$result[6:0]$94
   109/127: $19\quant_k$func$/home/b10507053/ALS_Final_Project/student/work/ex250_ex254_frontend_fp4_dot_fma_semantic_20260608_2105/ex254/verilog/ex254_semantic_e4acc_fp4prod_prodtable_qrange.v:580$10.$result[6:0]$92
   110/127: $18\quant_k$func$/home/b10507053/ALS_Final_Project/student/work/ex250_ex254_frontend_fp4_dot_fma_semantic_20260608_2105/ex254/verilog/ex254_semantic_e4acc_fp4prod_prodtable_qrange.v:580$10.$result[6:0]$90
   111/127: $17\quant_k$func$/home/b10507053/ALS_Final_Project/student/work/ex250_ex254_frontend_fp4_dot_fma_semantic_20260608_2105/ex254/verilog/ex254_semantic_e4acc_fp4prod_prodtable_qrange.v:580$10.$result[6:0]$88
   112/127: $16\quant_k$func$/home/b10507053/ALS_Final_Project/student/work/ex250_ex254_frontend_fp4_dot_fma_semantic_20260608_2105/ex254/verilog/ex254_semantic_e4acc_fp4prod_prodtable_qrange.v:580$10.$result[6:0]$86
   113/127: $15\quant_k$func$/home/b10507053/ALS_Final_Project/student/work/ex250_ex254_frontend_fp4_dot_fma_semantic_20260608_2105/ex254/verilog/ex254_semantic_e4acc_fp4prod_prodtable_qrange.v:580$10.$result[6:0]$84
   114/127: $14\quant_k$func$/home/b10507053/ALS_Final_Project/student/work/ex250_ex254_frontend_fp4_dot_fma_semantic_20260608_2105/ex254/verilog/ex254_semantic_e4acc_fp4prod_prodtable_qrange.v:580$10.$result[6:0]$82
   115/127: $13\quant_k$func$/home/b10507053/ALS_Final_Project/student/work/ex250_ex254_frontend_fp4_dot_fma_semantic_20260608_2105/ex254/verilog/ex254_semantic_e4acc_fp4prod_prodtable_qrange.v:580$10.$result[6:0]$80
   116/127: $12\quant_k$func$/home/b10507053/ALS_Final_Project/student/work/ex250_ex254_frontend_fp4_dot_fma_semantic_20260608_2105/ex254/verilog/ex254_semantic_e4acc_fp4prod_prodtable_qrange.v:580$10.$result[6:0]$78
   117/127: $11\quant_k$func$/home/b10507053/ALS_Final_Project/student/work/ex250_ex254_frontend_fp4_dot_fma_semantic_20260608_2105/ex254/verilog/ex254_semantic_e4acc_fp4prod_prodtable_qrange.v:580$10.$result[6:0]$76
   118/127: $10\quant_k$func$/home/b10507053/ALS_Final_Project/student/work/ex250_ex254_frontend_fp4_dot_fma_semantic_20260608_2105/ex254/verilog/ex254_semantic_e4acc_fp4prod_prodtable_qrange.v:580$10.$result[6:0]$74
   119/127: $9\quant_k$func$/home/b10507053/ALS_Final_Project/student/work/ex250_ex254_frontend_fp4_dot_fma_semantic_20260608_2105/ex254/verilog/ex254_semantic_e4acc_fp4prod_prodtable_qrange.v:580$10.$result[6:0]$72
   120/127: $8\quant_k$func$/home/b10507053/ALS_Final_Project/student/work/ex250_ex254_frontend_fp4_dot_fma_semantic_20260608_2105/ex254/verilog/ex254_semantic_e4acc_fp4prod_prodtable_qrange.v:580$10.$result[6:0]$70
   121/127: $7\quant_k$func$/home/b10507053/ALS_Final_Project/student/work/ex250_ex254_frontend_fp4_dot_fma_semantic_20260608_2105/ex254/verilog/ex254_semantic_e4acc_fp4prod_prodtable_qrange.v:580$10.$result[6:0]$68
   122/127: $6\quant_k$func$/home/b10507053/ALS_Final_Project/student/work/ex250_ex254_frontend_fp4_dot_fma_semantic_20260608_2105/ex254/verilog/ex254_semantic_e4acc_fp4prod_prodtable_qrange.v:580$10.$result[6:0]$66
   123/127: $5\quant_k$func$/home/b10507053/ALS_Final_Project/student/work/ex250_ex254_frontend_fp4_dot_fma_semantic_20260608_2105/ex254/verilog/ex254_semantic_e4acc_fp4prod_prodtable_qrange.v:580$10.$result[6:0]$64
   124/127: $4\quant_k$func$/home/b10507053/ALS_Final_Project/student/work/ex250_ex254_frontend_fp4_dot_fma_semantic_20260608_2105/ex254/verilog/ex254_semantic_e4acc_fp4prod_prodtable_qrange.v:580$10.$result[6:0]$62
   125/127: $3\quant_k$func$/home/b10507053/ALS_Final_Project/student/work/ex250_ex254_frontend_fp4_dot_fma_semantic_20260608_2105/ex254/verilog/ex254_semantic_e4acc_fp4prod_prodtable_qrange.v:580$10.$result[6:0]$60
   126/127: $2\quant_k$func$/home/b10507053/ALS_Final_Project/student/work/ex250_ex254_frontend_fp4_dot_fma_semantic_20260608_2105/ex254/verilog/ex254_semantic_e4acc_fp4prod_prodtable_qrange.v:580$10.$result[6:0]$58
   127/127: $1\quant_k$func$/home/b10507053/ALS_Final_Project/student/work/ex250_ex254_frontend_fp4_dot_fma_semantic_20260608_2105/ex254/verilog/ex254_semantic_e4acc_fp4prod_prodtable_qrange.v:580$10.$result[6:0]$56
Creating decoders for process `\ex254_semantic_e4acc_fp4prod_prodtable_qrange.$proc$/home/b10507053/ALS_Final_Project/student/work/ex250_ex254_frontend_fp4_dot_fma_semantic_20260608_2105/ex254/verilog/ex254_semantic_e4acc_fp4prod_prodtable_qrange.v:578$41'.
Creating decoders for process `\ex254_semantic_e4acc_fp4prod_prodtable_qrange.$proc$/home/b10507053/ALS_Final_Project/student/work/ex250_ex254_frontend_fp4_dot_fma_semantic_20260608_2105/ex254/verilog/ex254_semantic_e4acc_fp4prod_prodtable_qrange.v:572$35'.
     1/1: $1\fp4_product$func$/home/b10507053/ALS_Final_Project/student/work/ex250_ex254_frontend_fp4_dot_fma_semantic_20260608_2105/ex254/verilog/ex254_semantic_e4acc_fp4prod_prodtable_qrange.v:572$8.$result[9:0]$40
Creating decoders for process `\ex254_semantic_e4acc_fp4prod_prodtable_qrange.$proc$/home/b10507053/ALS_Final_Project/student/work/ex250_ex254_frontend_fp4_dot_fma_semantic_20260608_2105/ex254/verilog/ex254_semantic_e4acc_fp4prod_prodtable_qrange.v:571$30'.
     1/1: $1\e4_mag_k$func$/home/b10507053/ALS_Final_Project/student/work/ex250_ex254_frontend_fp4_dot_fma_semantic_20260608_2105/ex254/verilog/ex254_semantic_e4acc_fp4prod_prodtable_qrange.v:571$7.$result[18:0]$34
Creating decoders for process `\ex254_semantic_e4acc_fp4prod_prodtable_qrange.$proc$/home/b10507053/ALS_Final_Project/student/work/ex250_ex254_frontend_fp4_dot_fma_semantic_20260608_2105/ex254/verilog/ex254_semantic_e4acc_fp4prod_prodtable_qrange.v:571$25'.
     1/1: $1\e4_mag_k$func$/home/b10507053/ALS_Final_Project/student/work/ex250_ex254_frontend_fp4_dot_fma_semantic_20260608_2105/ex254/verilog/ex254_semantic_e4acc_fp4prod_prodtable_qrange.v:571$6.$result[18:0]$29

3.8. Executing PROC_DLATCH pass (convert process syncs to latches).
No latch inferred for signal `\ex254_semantic_e4acc_fp4prod_prodtable_qrange.\quant_k$func$/home/b10507053/ALS_Final_Project/student/work/ex250_ex254_frontend_fp4_dot_fma_semantic_20260608_2105/ex254/verilog/ex254_semantic_e4acc_fp4prod_prodtable_qrange.v:580$5.$result' from process `\ex254_semantic_e4acc_fp4prod_prodtable_qrange.$proc$/home/b10507053/ALS_Final_Project/student/work/ex250_ex254_frontend_fp4_dot_fma_semantic_20260608_2105/ex254/verilog/ex254_semantic_e4acc_fp4prod_prodtable_qrange.v:580$51'.
No latch inferred for signal `\ex254_semantic_e4acc_fp4prod_prodtable_qrange.\quant_k$func$/home/b10507053/ALS_Final_Project/student/work/ex250_ex254_frontend_fp4_dot_fma_semantic_20260608_2105/ex254/verilog/ex254_semantic_e4acc_fp4prod_prodtable_qrange.v:580$10.$result' from process `\ex254_semantic_e4acc_fp4prod_prodtable_qrange.$proc$/home/b10507053/ALS_Final_Project/student/work/ex250_ex254_frontend_fp4_dot_fma_semantic_20260608_2105/ex254/verilog/ex254_semantic_e4acc_fp4prod_prodtable_qrange.v:580$51'.
No latch inferred for signal `\ex254_semantic_e4acc_fp4prod_prodtable_qrange.\quant_k$func$/home/b10507053/ALS_Final_Project/student/work/ex250_ex254_frontend_fp4_dot_fma_semantic_20260608_2105/ex254/verilog/ex254_semantic_e4acc_fp4prod_prodtable_qrange.v:580$10.value' from process `\ex254_semantic_e4acc_fp4prod_prodtable_qrange.$proc$/home/b10507053/ALS_Final_Project/student/work/ex250_ex254_frontend_fp4_dot_fma_semantic_20260608_2105/ex254/verilog/ex254_semantic_e4acc_fp4prod_prodtable_qrange.v:580$51'.
No latch inferred for signal `\ex254_semantic_e4acc_fp4prod_prodtable_qrange.\fp4_neg_zero_product$func$/home/b10507053/ALS_Final_Project/student/work/ex250_ex254_frontend_fp4_dot_fma_semantic_20260608_2105/ex254/verilog/ex254_semantic_e4acc_fp4prod_prodtable_qrange.v:578$4.$result' from process `\ex254_semantic_e4acc_fp4prod_prodtable_qrange.$proc$/home/b10507053/ALS_Final_Project/student/work/ex250_ex254_frontend_fp4_dot_fma_semantic_20260608_2105/ex254/verilog/ex254_semantic_e4acc_fp4prod_prodtable_qrange.v:578$41'.
No latch inferred for signal `\ex254_semantic_e4acc_fp4prod_prodtable_qrange.\fp4_neg_zero_product$func$/home/b10507053/ALS_Final_Project/student/work/ex250_ex254_frontend_fp4_dot_fma_semantic_20260608_2105/ex254/verilog/ex254_semantic_e4acc_fp4prod_prodtable_qrange.v:578$9.$result' from process `\ex254_semantic_e4acc_fp4prod_prodtable_qrange.$proc$/home/b10507053/ALS_Final_Project/student/work/ex250_ex254_frontend_fp4_dot_fma_semantic_20260608_2105/ex254/verilog/ex254_semantic_e4acc_fp4prod_prodtable_qrange.v:578$41'.
No latch inferred for signal `\ex254_semantic_e4acc_fp4prod_prodtable_qrange.\fp4_neg_zero_product$func$/home/b10507053/ALS_Final_Project/student/work/ex250_ex254_frontend_fp4_dot_fma_semantic_20260608_2105/ex254/verilog/ex254_semantic_e4acc_fp4prod_prodtable_qrange.v:578$9.a' from process `\ex254_semantic_e4acc_fp4prod_prodtable_qrange.$proc$/home/b10507053/ALS_Final_Project/student/work/ex250_ex254_frontend_fp4_dot_fma_semantic_20260608_2105/ex254/verilog/ex254_semantic_e4acc_fp4prod_prodtable_qrange.v:578$41'.
No latch inferred for signal `\ex254_semantic_e4acc_fp4prod_prodtable_qrange.\fp4_neg_zero_product$func$/home/b10507053/ALS_Final_Project/student/work/ex250_ex254_frontend_fp4_dot_fma_semantic_20260608_2105/ex254/verilog/ex254_semantic_e4acc_fp4prod_prodtable_qrange.v:578$9.b' from process `\ex254_semantic_e4acc_fp4prod_prodtable_qrange.$proc$/home/b10507053/ALS_Final_Project/student/work/ex250_ex254_frontend_fp4_dot_fma_semantic_20260608_2105/ex254/verilog/ex254_semantic_e4acc_fp4prod_prodtable_qrange.v:578$41'.
No latch inferred for signal `\ex254_semantic_e4acc_fp4prod_prodtable_qrange.\fp4_product$func$/home/b10507053/ALS_Final_Project/student/work/ex250_ex254_frontend_fp4_dot_fma_semantic_20260608_2105/ex254/verilog/ex254_semantic_e4acc_fp4prod_prodtable_qrange.v:572$3.$result' from process `\ex254_semantic_e4acc_fp4prod_prodtable_qrange.$proc$/home/b10507053/ALS_Final_Project/student/work/ex250_ex254_frontend_fp4_dot_fma_semantic_20260608_2105/ex254/verilog/ex254_semantic_e4acc_fp4prod_prodtable_qrange.v:572$35'.
No latch inferred for signal `\ex254_semantic_e4acc_fp4prod_prodtable_qrange.\fp4_product$func$/home/b10507053/ALS_Final_Project/student/work/ex250_ex254_frontend_fp4_dot_fma_semantic_20260608_2105/ex254/verilog/ex254_semantic_e4acc_fp4prod_prodtable_qrange.v:572$8.$result' from process `\ex254_semantic_e4acc_fp4prod_prodtable_qrange.$proc$/home/b10507053/ALS_Final_Project/student/work/ex250_ex254_frontend_fp4_dot_fma_semantic_20260608_2105/ex254/verilog/ex254_semantic_e4acc_fp4prod_prodtable_qrange.v:572$35'.
No latch inferred for signal `\ex254_semantic_e4acc_fp4prod_prodtable_qrange.\fp4_product$func$/home/b10507053/ALS_Final_Project/student/work/ex250_ex254_frontend_fp4_dot_fma_semantic_20260608_2105/ex254/verilog/ex254_semantic_e4acc_fp4prod_prodtable_qrange.v:572$8.a' from process `\ex254_semantic_e4acc_fp4prod_prodtable_qrange.$proc$/home/b10507053/ALS_Final_Project/student/work/ex250_ex254_frontend_fp4_dot_fma_semantic_20260608_2105/ex254/verilog/ex254_semantic_e4acc_fp4prod_prodtable_qrange.v:572$35'.
No latch inferred for signal `\ex254_semantic_e4acc_fp4prod_prodtable_qrange.\fp4_product$func$/home/b10507053/ALS_Final_Project/student/work/ex250_ex254_frontend_fp4_dot_fma_semantic_20260608_2105/ex254/verilog/ex254_semantic_e4acc_fp4prod_prodtable_qrange.v:572$8.b' from process `\ex254_semantic_e4acc_fp4prod_prodtable_qrange.$proc$/home/b10507053/ALS_Final_Project/student/work/ex250_ex254_frontend_fp4_dot_fma_semantic_20260608_2105/ex254/verilog/ex254_semantic_e4acc_fp4prod_prodtable_qrange.v:572$35'.
No latch inferred for signal `\ex254_semantic_e4acc_fp4prod_prodtable_qrange.\e4_mag_k$func$/home/b10507053/ALS_Final_Project/student/work/ex250_ex254_frontend_fp4_dot_fma_semantic_20260608_2105/ex254/verilog/ex254_semantic_e4acc_fp4prod_prodtable_qrange.v:571$2.$result' from process `\ex254_semantic_e4acc_fp4prod_prodtable_qrange.$proc$/home/b10507053/ALS_Final_Project/student/work/ex250_ex254_frontend_fp4_dot_fma_semantic_20260608_2105/ex254/verilog/ex254_semantic_e4acc_fp4prod_prodtable_qrange.v:571$30'.
No latch inferred for signal `\ex254_semantic_e4acc_fp4prod_prodtable_qrange.\e4_mag_k$func$/home/b10507053/ALS_Final_Project/student/work/ex250_ex254_frontend_fp4_dot_fma_semantic_20260608_2105/ex254/verilog/ex254_semantic_e4acc_fp4prod_prodtable_qrange.v:571$7.$result' from process `\ex254_semantic_e4acc_fp4prod_prodtable_qrange.$proc$/home/b10507053/ALS_Final_Project/student/work/ex250_ex254_frontend_fp4_dot_fma_semantic_20260608_2105/ex254/verilog/ex254_semantic_e4acc_fp4prod_prodtable_qrange.v:571$30'.
No latch inferred for signal `\ex254_semantic_e4acc_fp4prod_prodtable_qrange.\e4_mag_k$func$/home/b10507053/ALS_Final_Project/student/work/ex250_ex254_frontend_fp4_dot_fma_semantic_20260608_2105/ex254/verilog/ex254_semantic_e4acc_fp4prod_prodtable_qrange.v:571$7.code' from process `\ex254_semantic_e4acc_fp4prod_prodtable_qrange.$proc$/home/b10507053/ALS_Final_Project/student/work/ex250_ex254_frontend_fp4_dot_fma_semantic_20260608_2105/ex254/verilog/ex254_semantic_e4acc_fp4prod_prodtable_qrange.v:571$30'.
No latch inferred for signal `\ex254_semantic_e4acc_fp4prod_prodtable_qrange.\e4_mag_k$func$/home/b10507053/ALS_Final_Project/student/work/ex250_ex254_frontend_fp4_dot_fma_semantic_20260608_2105/ex254/verilog/ex254_semantic_e4acc_fp4prod_prodtable_qrange.v:571$1.$result' from process `\ex254_semantic_e4acc_fp4prod_prodtable_qrange.$proc$/home/b10507053/ALS_Final_Project/student/work/ex250_ex254_frontend_fp4_dot_fma_semantic_20260608_2105/ex254/verilog/ex254_semantic_e4acc_fp4prod_prodtable_qrange.v:571$25'.
No latch inferred for signal `\ex254_semantic_e4acc_fp4prod_prodtable_qrange.\e4_mag_k$func$/home/b10507053/ALS_Final_Project/student/work/ex250_ex254_frontend_fp4_dot_fma_semantic_20260608_2105/ex254/verilog/ex254_semantic_e4acc_fp4prod_prodtable_qrange.v:571$6.$result' from process `\ex254_semantic_e4acc_fp4prod_prodtable_qrange.$proc$/home/b10507053/ALS_Final_Project/student/work/ex250_ex254_frontend_fp4_dot_fma_semantic_20260608_2105/ex254/verilog/ex254_semantic_e4acc_fp4prod_prodtable_qrange.v:571$25'.
No latch inferred for signal `\ex254_semantic_e4acc_fp4prod_prodtable_qrange.\e4_mag_k$func$/home/b10507053/ALS_Final_Project/student/work/ex250_ex254_frontend_fp4_dot_fma_semantic_20260608_2105/ex254/verilog/ex254_semantic_e4acc_fp4prod_prodtable_qrange.v:571$6.code' from process `\ex254_semantic_e4acc_fp4prod_prodtable_qrange.$proc$/home/b10507053/ALS_Final_Project/student/work/ex250_ex254_frontend_fp4_dot_fma_semantic_20260608_2105/ex254/verilog/ex254_semantic_e4acc_fp4prod_prodtable_qrange.v:571$25'.

3.9. Executing PROC_DFF pass (convert process syncs to FFs).

3.10. Executing PROC_MEMWR pass (convert process memory writes to cells).

3.11. Executing PROC_CLEAN pass (remove empty switches from decision trees).
Found and cleaned up 127 empty switches in `\ex254_semantic_e4acc_fp4prod_prodtable_qrange.$proc$/home/b10507053/ALS_Final_Project/student/work/ex250_ex254_frontend_fp4_dot_fma_semantic_20260608_2105/ex254/verilog/ex254_semantic_e4acc_fp4prod_prodtable_qrange.v:580$51'.
Removing empty process `ex254_semantic_e4acc_fp4prod_prodtable_qrange.$proc$/home/b10507053/ALS_Final_Project/student/work/ex250_ex254_frontend_fp4_dot_fma_semantic_20260608_2105/ex254/verilog/ex254_semantic_e4acc_fp4prod_prodtable_qrange.v:580$51'.
Removing empty process `ex254_semantic_e4acc_fp4prod_prodtable_qrange.$proc$/home/b10507053/ALS_Final_Project/student/work/ex250_ex254_frontend_fp4_dot_fma_semantic_20260608_2105/ex254/verilog/ex254_semantic_e4acc_fp4prod_prodtable_qrange.v:578$41'.
Found and cleaned up 1 empty switch in `\ex254_semantic_e4acc_fp4prod_prodtable_qrange.$proc$/home/b10507053/ALS_Final_Project/student/work/ex250_ex254_frontend_fp4_dot_fma_semantic_20260608_2105/ex254/verilog/ex254_semantic_e4acc_fp4prod_prodtable_qrange.v:572$35'.
Removing empty process `ex254_semantic_e4acc_fp4prod_prodtable_qrange.$proc$/home/b10507053/ALS_Final_Project/student/work/ex250_ex254_frontend_fp4_dot_fma_semantic_20260608_2105/ex254/verilog/ex254_semantic_e4acc_fp4prod_prodtable_qrange.v:572$35'.
Found and cleaned up 1 empty switch in `\ex254_semantic_e4acc_fp4prod_prodtable_qrange.$proc$/home/b10507053/ALS_Final_Project/student/work/ex250_ex254_frontend_fp4_dot_fma_semantic_20260608_2105/ex254/verilog/ex254_semantic_e4acc_fp4prod_prodtable_qrange.v:571$30'.
Removing empty process `ex254_semantic_e4acc_fp4prod_prodtable_qrange.$proc$/home/b10507053/ALS_Final_Project/student/work/ex250_ex254_frontend_fp4_dot_fma_semantic_20260608_2105/ex254/verilog/ex254_semantic_e4acc_fp4prod_prodtable_qrange.v:571$30'.
Found and cleaned up 1 empty switch in `\ex254_semantic_e4acc_fp4prod_prodtable_qrange.$proc$/home/b10507053/ALS_Final_Project/student/work/ex250_ex254_frontend_fp4_dot_fma_semantic_20260608_2105/ex254/verilog/ex254_semantic_e4acc_fp4prod_prodtable_qrange.v:571$25'.
Removing empty process `ex254_semantic_e4acc_fp4prod_prodtable_qrange.$proc$/home/b10507053/ALS_Final_Project/student/work/ex250_ex254_frontend_fp4_dot_fma_semantic_20260608_2105/ex254/verilog/ex254_semantic_e4acc_fp4prod_prodtable_qrange.v:571$25'.
Cleaned up 130 empty switches.

3.12. Executing OPT_EXPR pass (perform const folding).
Optimizing module ex254_semantic_e4acc_fp4prod_prodtable_qrange.

4. Executing FLATTEN pass (flatten design).

5. Executing TRIBUF pass.

6. Executing DEMINOUT pass (demote inout ports to input or output).

7. Executing OPT pass (performing simple optimizations).

7.1. Executing OPT_EXPR pass (perform const folding).
Optimizing module ex254_semantic_e4acc_fp4prod_prodtable_qrange.

7.2. Executing OPT_MERGE pass (detect identical cells).
Finding identical cells in module `\ex254_semantic_e4acc_fp4prod_prodtable_qrange'.
Computing hashes of 8278 cells of `\ex254_semantic_e4acc_fp4prod_prodtable_qrange'.
Finding duplicate cells in `\ex254_semantic_e4acc_fp4prod_prodtable_qrange'.
Removed a total of 0 cells.

7.3. Executing OPT_MUXTREE pass (detect dead branches in mux trees).
Running muxtree optimizer on module \ex254_semantic_e4acc_fp4prod_prodtable_qrange..
  Creating internal representation of mux trees.
  Evaluating internal representation of mux trees.
  Analyzing evaluation results.
    dead port 1/2 on $mux $procmux$24699.
    dead port 1/2 on $mux $procmux$24693.
    dead port 1/2 on $mux $procmux$24690.
    dead port 1/2 on $mux $procmux$24684.
    dead port 1/2 on $mux $procmux$24681.
    dead port 1/2 on $mux $procmux$24678.
    dead port 1/2 on $mux $procmux$24672.
    dead port 1/2 on $mux $procmux$24669.
    dead port 1/2 on $mux $procmux$24666.
    dead port 1/2 on $mux $procmux$24663.
    dead port 1/2 on $mux $procmux$24657.
    dead port 1/2 on $mux $procmux$24654.
    dead port 1/2 on $mux $procmux$24651.
    dead port 1/2 on $mux $procmux$24648.
    dead port 1/2 on $mux $procmux$24645.
    dead port 1/2 on $mux $procmux$24639.
    dead port 1/2 on $mux $procmux$24636.
    dead port 1/2 on $mux $procmux$24633.
    dead port 1/2 on $mux $procmux$24630.
    dead port 1/2 on $mux $procmux$24627.
    dead port 1/2 on $mux $procmux$24624.
    dead port 1/2 on $mux $procmux$24618.
    dead port 1/2 on $mux $procmux$24615.
    dead port 1/2 on $mux $procmux$24612.
    dead port 1/2 on $mux $procmux$24609.
    dead port 1/2 on $mux $procmux$24606.
    dead port 1/2 on $mux $procmux$24603.
    dead port 1/2 on $mux $procmux$24600.
    dead port 1/2 on $mux $procmux$24594.
    dead port 1/2 on $mux $procmux$24591.
    dead port 1/2 on $mux $procmux$24588.
    dead port 1/2 on $mux $procmux$24585.
    dead port 1/2 on $mux $procmux$24582.
    dead port 1/2 on $mux $procmux$24579.
    dead port 1/2 on $mux $procmux$24576.
    dead port 1/2 on $mux $procmux$24573.
    dead port 1/2 on $mux $procmux$24567.
    dead port 1/2 on $mux $procmux$24564.
    dead port 1/2 on $mux $procmux$24561.
    dead port 1/2 on $mux $procmux$24558.
    dead port 1/2 on $mux $procmux$24555.
    dead port 1/2 on $mux $procmux$24552.
    dead port 1/2 on $mux $procmux$24549.
    dead port 1/2 on $mux $procmux$24546.
    dead port 1/2 on $mux $procmux$24543.
    dead port 1/2 on $mux $procmux$24537.
    dead port 1/2 on $mux $procmux$24534.
    dead port 1/2 on $mux $procmux$24531.
    dead port 1/2 on $mux $procmux$24528.
    dead port 1/2 on $mux $procmux$24525.
    dead port 1/2 on $mux $procmux$24522.
    dead port 1/2 on $mux $procmux$24519.
    dead port 1/2 on $mux $procmux$24516.
    dead port 1/2 on $mux $procmux$24513.
    dead port 1/2 on $mux $procmux$24510.
    dead port 1/2 on $mux $procmux$24504.
    dead port 1/2 on $mux $procmux$24501.
    dead port 1/2 on $mux $procmux$24498.
    dead port 1/2 on $mux $procmux$24495.
    dead port 1/2 on $mux $procmux$24492.
    dead port 1/2 on $mux $procmux$24489.
    dead port 1/2 on $mux $procmux$24486.
    dead port 1/2 on $mux $procmux$24483.
    dead port 1/2 on $mux $procmux$24480.
    dead port 1/2 on $mux $procmux$24477.
    dead port 1/2 on $mux $procmux$24474.
    dead port 1/2 on $mux $procmux$24468.
    dead port 1/2 on $mux $procmux$24465.
    dead port 1/2 on $mux $procmux$24462.
    dead port 1/2 on $mux $procmux$24459.
    dead port 1/2 on $mux $procmux$24456.
    dead port 1/2 on $mux $procmux$24453.
    dead port 1/2 on $mux $procmux$24450.
    dead port 1/2 on $mux $procmux$24447.
    dead port 1/2 on $mux $procmux$24444.
    dead port 1/2 on $mux $procmux$24441.
    dead port 1/2 on $mux $procmux$24438.
    dead port 1/2 on $mux $procmux$24435.
    dead port 1/2 on $mux $procmux$24429.
    dead port 1/2 on $mux $procmux$24426.
    dead port 1/2 on $mux $procmux$24423.
    dead port 1/2 on $mux $procmux$24420.
    dead port 1/2 on $mux $procmux$24417.
    dead port 1/2 on $mux $procmux$24414.
    dead port 1/2 on $mux $procmux$24411.
    dead port 1/2 on $mux $procmux$24408.
    dead port 1/2 on $mux $procmux$24405.
    dead port 1/2 on $mux $procmux$24402.
    dead port 1/2 on $mux $procmux$24399.
    dead port 1/2 on $mux $procmux$24396.
    dead port 1/2 on $mux $procmux$24393.
    dead port 1/2 on $mux $procmux$24387.
    dead port 1/2 on $mux $procmux$24384.
    dead port 1/2 on $mux $procmux$24381.
    dead port 1/2 on $mux $procmux$24378.
    dead port 1/2 on $mux $procmux$24375.
    dead port 1/2 on $mux $procmux$24372.
    dead port 1/2 on $mux $procmux$24369.
    dead port 1/2 on $mux $procmux$24366.
    dead port 1/2 on $mux $procmux$24363.
    dead port 1/2 on $mux $procmux$24360.
    dead port 1/2 on $mux $procmux$24357.
    dead port 1/2 on $mux $procmux$24354.
    dead port 1/2 on $mux $procmux$24351.
    dead port 1/2 on $mux $procmux$24348.
    dead port 1/2 on $mux $procmux$24342.
    dead port 1/2 on $mux $procmux$24339.
    dead port 1/2 on $mux $procmux$24336.
    dead port 1/2 on $mux $procmux$24333.
    dead port 1/2 on $mux $procmux$24330.
    dead port 1/2 on $mux $procmux$24327.
    dead port 1/2 on $mux $procmux$24324.
    dead port 1/2 on $mux $procmux$24321.
    dead port 1/2 on $mux $procmux$24318.
    dead port 1/2 on $mux $procmux$24315.
    dead port 1/2 on $mux $procmux$24312.
    dead port 1/2 on $mux $procmux$24309.
    dead port 1/2 on $mux $procmux$24306.
    dead port 1/2 on $mux $procmux$24303.
    dead port 1/2 on $mux $procmux$24300.
    dead port 1/2 on $mux $procmux$24294.
    dead port 1/2 on $mux $procmux$24291.
    dead port 1/2 on $mux $procmux$24288.
    dead port 1/2 on $mux $procmux$24285.
    dead port 1/2 on $mux $procmux$24282.
    dead port 1/2 on $mux $procmux$24279.
    dead port 1/2 on $mux $procmux$24276.
    dead port 1/2 on $mux $procmux$24273.
    dead port 1/2 on $mux $procmux$24270.
    dead port 1/2 on $mux $procmux$24267.
    dead port 1/2 on $mux $procmux$24264.
    dead port 1/2 on $mux $procmux$24261.
    dead port 1/2 on $mux $procmux$24258.
    dead port 1/2 on $mux $procmux$24255.
    dead port 1/2 on $mux $procmux$24252.
    dead port 1/2 on $mux $procmux$24249.
    dead port 1/2 on $mux $procmux$24243.
    dead port 1/2 on $mux $procmux$24240.
    dead port 1/2 on $mux $procmux$24237.
    dead port 1/2 on $mux $procmux$24234.
    dead port 1/2 on $mux $procmux$24231.
    dead port 1/2 on $mux $procmux$24228.
    dead port 1/2 on $mux $procmux$24225.
    dead port 1/2 on $mux $procmux$24222.
    dead port 1/2 on $mux $procmux$24219.
    dead port 1/2 on $mux $procmux$24216.
    dead port 1/2 on $mux $procmux$24213.
    dead port 1/2 on $mux $procmux$24210.
    dead port 1/2 on $mux $procmux$24207.
    dead port 1/2 on $mux $procmux$24204.
    dead port 1/2 on $mux $procmux$24201.
    dead port 1/2 on $mux $procmux$24198.
    dead port 1/2 on $mux $procmux$24195.
    dead port 1/2 on $mux $procmux$24189.
    dead port 1/2 on $mux $procmux$24186.
    dead port 1/2 on $mux $procmux$24183.
    dead port 1/2 on $mux $procmux$24180.
    dead port 1/2 on $mux $procmux$24177.
    dead port 1/2 on $mux $procmux$24174.
    dead port 1/2 on $mux $procmux$24171.
    dead port 1/2 on $mux $procmux$24168.
    dead port 1/2 on $mux $procmux$24165.
    dead port 1/2 on $mux $procmux$24162.
    dead port 1/2 on $mux $procmux$24159.
    dead port 1/2 on $mux $procmux$24156.
    dead port 1/2 on $mux $procmux$24153.
    dead port 1/2 on $mux $procmux$24150.
    dead port 1/2 on $mux $procmux$24147.
    dead port 1/2 on $mux $procmux$24144.
    dead port 1/2 on $mux $procmux$24141.
    dead port 1/2 on $mux $procmux$24138.
    dead port 1/2 on $mux $procmux$24132.
    dead port 1/2 on $mux $procmux$24129.
    dead port 1/2 on $mux $procmux$24126.
    dead port 1/2 on $mux $procmux$24123.
    dead port 1/2 on $mux $procmux$24120.
    dead port 1/2 on $mux $procmux$24117.
    dead port 1/2 on $mux $procmux$24114.
    dead port 1/2 on $mux $procmux$24111.
    dead port 1/2 on $mux $procmux$24108.
    dead port 1/2 on $mux $procmux$24105.
    dead port 1/2 on $mux $procmux$24102.
    dead port 1/2 on $mux $procmux$24099.
    dead port 1/2 on $mux $procmux$24096.
    dead port 1/2 on $mux $procmux$24093.
    dead port 1/2 on $mux $procmux$24090.
    dead port 1/2 on $mux $procmux$24087.
    dead port 1/2 on $mux $procmux$24084.
    dead port 1/2 on $mux $procmux$24081.
    dead port 1/2 on $mux $procmux$24078.
    dead port 1/2 on $mux $procmux$24072.
    dead port 1/2 on $mux $procmux$24069.
    dead port 1/2 on $mux $procmux$24066.
    dead port 1/2 on $mux $procmux$24063.
    dead port 1/2 on $mux $procmux$24060.
    dead port 1/2 on $mux $procmux$24057.
    dead port 1/2 on $mux $procmux$24054.
    dead port 1/2 on $mux $procmux$24051.
    dead port 1/2 on $mux $procmux$24048.
    dead port 1/2 on $mux $procmux$24045.
    dead port 1/2 on $mux $procmux$24042.
    dead port 1/2 on $mux $procmux$24039.
    dead port 1/2 on $mux $procmux$24036.
    dead port 1/2 on $mux $procmux$24033.
    dead port 1/2 on $mux $procmux$24030.
    dead port 1/2 on $mux $procmux$24027.
    dead port 1/2 on $mux $procmux$24024.
    dead port 1/2 on $mux $procmux$24021.
    dead port 1/2 on $mux $procmux$24018.
    dead port 1/2 on $mux $procmux$24015.
    dead port 1/2 on $mux $procmux$24009.
    dead port 1/2 on $mux $procmux$24006.
    dead port 1/2 on $mux $procmux$24003.
    dead port 1/2 on $mux $procmux$24000.
    dead port 1/2 on $mux $procmux$23997.
    dead port 1/2 on $mux $procmux$23994.
    dead port 1/2 on $mux $procmux$23991.
    dead port 1/2 on $mux $procmux$23988.
    dead port 1/2 on $mux $procmux$23985.
    dead port 1/2 on $mux $procmux$23982.
    dead port 1/2 on $mux $procmux$23979.
    dead port 1/2 on $mux $procmux$23976.
    dead port 1/2 on $mux $procmux$23973.
    dead port 1/2 on $mux $procmux$23970.
    dead port 1/2 on $mux $procmux$23967.
    dead port 1/2 on $mux $procmux$23964.
    dead port 1/2 on $mux $procmux$23961.
    dead port 1/2 on $mux $procmux$23958.
    dead port 1/2 on $mux $procmux$23955.
    dead port 1/2 on $mux $procmux$23952.
    dead port 1/2 on $mux $procmux$23949.
    dead port 1/2 on $mux $procmux$23943.
    dead port 1/2 on $mux $procmux$23940.
    dead port 1/2 on $mux $procmux$23937.
    dead port 1/2 on $mux $procmux$23934.
    dead port 1/2 on $mux $procmux$23931.
    dead port 1/2 on $mux $procmux$23928.
    dead port 1/2 on $mux $procmux$23925.
    dead port 1/2 on $mux $procmux$23922.
    dead port 1/2 on $mux $procmux$23919.
    dead port 1/2 on $mux $procmux$23916.
    dead port 1/2 on $mux $procmux$23913.
    dead port 1/2 on $mux $procmux$23910.
    dead port 1/2 on $mux $procmux$23907.
    dead port 1/2 on $mux $procmux$23904.
    dead port 1/2 on $mux $procmux$23901.
    dead port 1/2 on $mux $procmux$23898.
    dead port 1/2 on $mux $procmux$23895.
    dead port 1/2 on $mux $procmux$23892.
    dead port 1/2 on $mux $procmux$23889.
    dead port 1/2 on $mux $procmux$23886.
    dead port 1/2 on $mux $procmux$23883.
    dead port 1/2 on $mux $procmux$23880.
    dead port 1/2 on $mux $procmux$23874.
    dead port 1/2 on $mux $procmux$23871.
    dead port 1/2 on $mux $procmux$23868.
    dead port 1/2 on $mux $procmux$23865.
    dead port 1/2 on $mux $procmux$23862.
    dead port 1/2 on $mux $procmux$23859.
    dead port 1/2 on $mux $procmux$23856.
    dead port 1/2 on $mux $procmux$23853.
    dead port 1/2 on $mux $procmux$23850.
    dead port 1/2 on $mux $procmux$23847.
    dead port 1/2 on $mux $procmux$23844.
    dead port 1/2 on $mux $procmux$23841.
    dead port 1/2 on $mux $procmux$23838.
    dead port 1/2 on $mux $procmux$23835.
    dead port 1/2 on $mux $procmux$23832.
    dead port 1/2 on $mux $procmux$23829.
    dead port 1/2 on $mux $procmux$23826.
    dead port 1/2 on $mux $procmux$23823.
    dead port 1/2 on $mux $procmux$23820.
    dead port 1/2 on $mux $procmux$23817.
    dead port 1/2 on $mux $procmux$23814.
    dead port 1/2 on $mux $procmux$23811.
    dead port 1/2 on $mux $procmux$23808.
    dead port 1/2 on $mux $procmux$23802.
    dead port 1/2 on $mux $procmux$23799.
    dead port 1/2 on $mux $procmux$23796.
    dead port 1/2 on $mux $procmux$23793.
    dead port 1/2 on $mux $procmux$23790.
    dead port 1/2 on $mux $procmux$23787.
    dead port 1/2 on $mux $procmux$23784.
    dead port 1/2 on $mux $procmux$23781.
    dead port 1/2 on $mux $procmux$23778.
    dead port 1/2 on $mux $procmux$23775.
    dead port 1/2 on $mux $procmux$23772.
    dead port 1/2 on $mux $procmux$23769.
    dead port 1/2 on $mux $procmux$23766.
    dead port 1/2 on $mux $procmux$23763.
    dead port 1/2 on $mux $procmux$23760.
    dead port 1/2 on $mux $procmux$23757.
    dead port 1/2 on $mux $procmux$23754.
    dead port 1/2 on $mux $procmux$23751.
    dead port 1/2 on $mux $procmux$23748.
    dead port 1/2 on $mux $procmux$23745.
    dead port 1/2 on $mux $procmux$23742.
    dead port 1/2 on $mux $procmux$23739.
    dead port 1/2 on $mux $procmux$23736.
    dead port 1/2 on $mux $procmux$23733.
    dead port 1/2 on $mux $procmux$23727.
    dead port 1/2 on $mux $procmux$23724.
    dead port 1/2 on $mux $procmux$23721.
    dead port 1/2 on $mux $procmux$23718.
    dead port 1/2 on $mux $procmux$23715.
    dead port 1/2 on $mux $procmux$23712.
    dead port 1/2 on $mux $procmux$23709.
    dead port 1/2 on $mux $procmux$23706.
    dead port 1/2 on $mux $procmux$23703.
    dead port 1/2 on $mux $procmux$23700.
    dead port 1/2 on $mux $procmux$23697.
    dead port 1/2 on $mux $procmux$23694.
    dead port 1/2 on $mux $procmux$23691.
    dead port 1/2 on $mux $procmux$23688.
    dead port 1/2 on $mux $procmux$23685.
    dead port 1/2 on $mux $procmux$23682.
    dead port 1/2 on $mux $procmux$23679.
    dead port 1/2 on $mux $procmux$23676.
    dead port 1/2 on $mux $procmux$23673.
    dead port 1/2 on $mux $procmux$23670.
    dead port 1/2 on $mux $procmux$23667.
    dead port 1/2 on $mux $procmux$23664.
    dead port 1/2 on $mux $procmux$23661.
    dead port 1/2 on $mux $procmux$23658.
    dead port 1/2 on $mux $procmux$23655.
    dead port 1/2 on $mux $procmux$23649.
    dead port 1/2 on $mux $procmux$23646.
    dead port 1/2 on $mux $procmux$23643.
    dead port 1/2 on $mux $procmux$23640.
    dead port 1/2 on $mux $procmux$23637.
    dead port 1/2 on $mux $procmux$23634.
    dead port 1/2 on $mux $procmux$23631.
    dead port 1/2 on $mux $procmux$23628.
    dead port 1/2 on $mux $procmux$23625.
    dead port 1/2 on $mux $procmux$23622.
    dead port 1/2 on $mux $procmux$23619.
    dead port 1/2 on $mux $procmux$23616.
    dead port 1/2 on $mux $procmux$23613.
    dead port 1/2 on $mux $procmux$23610.
    dead port 1/2 on $mux $procmux$23607.
    dead port 1/2 on $mux $procmux$23604.
    dead port 1/2 on $mux $procmux$23601.
    dead port 1/2 on $mux $procmux$23598.
    dead port 1/2 on $mux $procmux$23595.
    dead port 1/2 on $mux $procmux$23592.
    dead port 1/2 on $mux $procmux$23589.
    dead port 1/2 on $mux $procmux$23586.
    dead port 1/2 on $mux $procmux$23583.
    dead port 1/2 on $mux $procmux$23580.
    dead port 1/2 on $mux $procmux$23577.
    dead port 1/2 on $mux $procmux$23574.
    dead port 1/2 on $mux $procmux$23568.
    dead port 1/2 on $mux $procmux$23565.
    dead port 1/2 on $mux $procmux$23562.
    dead port 1/2 on $mux $procmux$23559.
    dead port 1/2 on $mux $procmux$23556.
    dead port 1/2 on $mux $procmux$23553.
    dead port 1/2 on $mux $procmux$23550.
    dead port 1/2 on $mux $procmux$23547.
    dead port 1/2 on $mux $procmux$23544.
    dead port 1/2 on $mux $procmux$23541.
    dead port 1/2 on $mux $procmux$23538.
    dead port 1/2 on $mux $procmux$23535.
    dead port 1/2 on $mux $procmux$23532.
    dead port 1/2 on $mux $procmux$23529.
    dead port 1/2 on $mux $procmux$23526.
    dead port 1/2 on $mux $procmux$23523.
    dead port 1/2 on $mux $procmux$23520.
    dead port 1/2 on $mux $procmux$23517.
    dead port 1/2 on $mux $procmux$23514.
    dead port 1/2 on $mux $procmux$23511.
    dead port 1/2 on $mux $procmux$23508.
    dead port 1/2 on $mux $procmux$23505.
    dead port 1/2 on $mux $procmux$23502.
    dead port 1/2 on $mux $procmux$23499.
    dead port 1/2 on $mux $procmux$23496.
    dead port 1/2 on $mux $procmux$23493.
    dead port 1/2 on $mux $procmux$23490.
    dead port 1/2 on $mux $procmux$23484.
    dead port 1/2 on $mux $procmux$23481.
    dead port 1/2 on $mux $procmux$23478.
    dead port 1/2 on $mux $procmux$23475.
    dead port 1/2 on $mux $procmux$23472.
    dead port 1/2 on $mux $procmux$23469.
    dead port 1/2 on $mux $procmux$23466.
    dead port 1/2 on $mux $procmux$23463.
    dead port 1/2 on $mux $procmux$23460.
    dead port 1/2 on $mux $procmux$23457.
    dead port 1/2 on $mux $procmux$23454.
    dead port 1/2 on $mux $procmux$23451.
    dead port 1/2 on $mux $procmux$23448.
    dead port 1/2 on $mux $procmux$23445.
    dead port 1/2 on $mux $procmux$23442.
    dead port 1/2 on $mux $procmux$23439.
    dead port 1/2 on $mux $procmux$23436.
    dead port 1/2 on $mux $procmux$23433.
    dead port 1/2 on $mux $procmux$23430.
    dead port 1/2 on $mux $procmux$23427.
    dead port 1/2 on $mux $procmux$23424.
    dead port 1/2 on $mux $procmux$23421.
    dead port 1/2 on $mux $procmux$23418.
    dead port 1/2 on $mux $procmux$23415.
    dead port 1/2 on $mux $procmux$23412.
    dead port 1/2 on $mux $procmux$23409.
    dead port 1/2 on $mux $procmux$23406.
    dead port 1/2 on $mux $procmux$23403.
    dead port 1/2 on $mux $procmux$23397.
    dead port 1/2 on $mux $procmux$23394.
    dead port 1/2 on $mux $procmux$23391.
    dead port 1/2 on $mux $procmux$23388.
    dead port 1/2 on $mux $procmux$23385.
    dead port 1/2 on $mux $procmux$23382.
    dead port 1/2 on $mux $procmux$23379.
    dead port 1/2 on $mux $procmux$23376.
    dead port 1/2 on $mux $procmux$23373.
    dead port 1/2 on $mux $procmux$23370.
    dead port 1/2 on $mux $procmux$23367.
    dead port 1/2 on $mux $procmux$23364.
    dead port 1/2 on $mux $procmux$23361.
    dead port 1/2 on $mux $procmux$23358.
    dead port 1/2 on $mux $procmux$23355.
    dead port 1/2 on $mux $procmux$23352.
    dead port 1/2 on $mux $procmux$23349.
    dead port 1/2 on $mux $procmux$23346.
    dead port 1/2 on $mux $procmux$23343.
    dead port 1/2 on $mux $procmux$23340.
    dead port 1/2 on $mux $procmux$23337.
    dead port 1/2 on $mux $procmux$23334.
    dead port 1/2 on $mux $procmux$23331.
    dead port 1/2 on $mux $procmux$23328.
    dead port 1/2 on $mux $procmux$23325.
    dead port 1/2 on $mux $procmux$23322.
    dead port 1/2 on $mux $procmux$23319.
    dead port 1/2 on $mux $procmux$23316.
    dead port 1/2 on $mux $procmux$23313.
    dead port 1/2 on $mux $procmux$23307.
    dead port 1/2 on $mux $procmux$23304.
    dead port 1/2 on $mux $procmux$23301.
    dead port 1/2 on $mux $procmux$23298.
    dead port 1/2 on $mux $procmux$23295.
    dead port 1/2 on $mux $procmux$23292.
    dead port 1/2 on $mux $procmux$23289.
    dead port 1/2 on $mux $procmux$23286.
    dead port 1/2 on $mux $procmux$23283.
    dead port 1/2 on $mux $procmux$23280.
    dead port 1/2 on $mux $procmux$23277.
    dead port 1/2 on $mux $procmux$23274.
    dead port 1/2 on $mux $procmux$23271.
    dead port 1/2 on $mux $procmux$23268.
    dead port 1/2 on $mux $procmux$23265.
    dead port 1/2 on $mux $procmux$23262.
    dead port 1/2 on $mux $procmux$23259.
    dead port 1/2 on $mux $procmux$23256.
    dead port 1/2 on $mux $procmux$23253.
    dead port 1/2 on $mux $procmux$23250.
    dead port 1/2 on $mux $procmux$23247.
    dead port 1/2 on $mux $procmux$23244.
    dead port 1/2 on $mux $procmux$23241.
    dead port 1/2 on $mux $procmux$23238.
    dead port 1/2 on $mux $procmux$23235.
    dead port 1/2 on $mux $procmux$23232.
    dead port 1/2 on $mux $procmux$23229.
    dead port 1/2 on $mux $procmux$23226.
    dead port 1/2 on $mux $procmux$23223.
    dead port 1/2 on $mux $procmux$23220.
    dead port 1/2 on $mux $procmux$23214.
    dead port 1/2 on $mux $procmux$23211.
    dead port 1/2 on $mux $procmux$23208.
    dead port 1/2 on $mux $procmux$23205.
    dead port 1/2 on $mux $procmux$23202.
    dead port 1/2 on $mux $procmux$23199.
    dead port 1/2 on $mux $procmux$23196.
    dead port 1/2 on $mux $procmux$23193.
    dead port 1/2 on $mux $procmux$23190.
    dead port 1/2 on $mux $procmux$23187.
    dead port 1/2 on $mux $procmux$23184.
    dead port 1/2 on $mux $procmux$23181.
    dead port 1/2 on $mux $procmux$23178.
    dead port 1/2 on $mux $procmux$23175.
    dead port 1/2 on $mux $procmux$23172.
    dead port 1/2 on $mux $procmux$23169.
    dead port 1/2 on $mux $procmux$23166.
    dead port 1/2 on $mux $procmux$23163.
    dead port 1/2 on $mux $procmux$23160.
    dead port 1/2 on $mux $procmux$23157.
    dead port 1/2 on $mux $procmux$23154.
    dead port 1/2 on $mux $procmux$23151.
    dead port 1/2 on $mux $procmux$23148.
    dead port 1/2 on $mux $procmux$23145.
    dead port 1/2 on $mux $procmux$23142.
    dead port 1/2 on $mux $procmux$23139.
    dead port 1/2 on $mux $procmux$23136.
    dead port 1/2 on $mux $procmux$23133.
    dead port 1/2 on $mux $procmux$23130.
    dead port 1/2 on $mux $procmux$23127.
    dead port 1/2 on $mux $procmux$23124.
    dead port 1/2 on $mux $procmux$23118.
    dead port 1/2 on $mux $procmux$23115.
    dead port 1/2 on $mux $procmux$23112.
    dead port 1/2 on $mux $procmux$23109.
    dead port 1/2 on $mux $procmux$23106.
    dead port 1/2 on $mux $procmux$23103.
    dead port 1/2 on $mux $procmux$23100.
    dead port 1/2 on $mux $procmux$23097.
    dead port 1/2 on $mux $procmux$23094.
    dead port 1/2 on $mux $procmux$23091.
    dead port 1/2 on $mux $procmux$23088.
    dead port 1/2 on $mux $procmux$23085.
    dead port 1/2 on $mux $procmux$23082.
    dead port 1/2 on $mux $procmux$23079.
    dead port 1/2 on $mux $procmux$23076.
    dead port 1/2 on $mux $procmux$23073.
    dead port 1/2 on $mux $procmux$23070.
    dead port 1/2 on $mux $procmux$23067.
    dead port 1/2 on $mux $procmux$23064.
    dead port 1/2 on $mux $procmux$23061.
    dead port 1/2 on $mux $procmux$23058.
    dead port 1/2 on $mux $procmux$23055.
    dead port 1/2 on $mux $procmux$23052.
    dead port 1/2 on $mux $procmux$23049.
    dead port 1/2 on $mux $procmux$23046.
    dead port 1/2 on $mux $procmux$23043.
    dead port 1/2 on $mux $procmux$23040.
    dead port 1/2 on $mux $procmux$23037.
    dead port 1/2 on $mux $procmux$23034.
    dead port 1/2 on $mux $procmux$23031.
    dead port 1/2 on $mux $procmux$23028.
    dead port 1/2 on $mux $procmux$23025.
    dead port 1/2 on $mux $procmux$23019.
    dead port 1/2 on $mux $procmux$23016.
    dead port 1/2 on $mux $procmux$23013.
    dead port 1/2 on $mux $procmux$23010.
    dead port 1/2 on $mux $procmux$23007.
    dead port 1/2 on $mux $procmux$23004.
    dead port 1/2 on $mux $procmux$23001.
    dead port 1/2 on $mux $procmux$22998.
    dead port 1/2 on $mux $procmux$22995.
    dead port 1/2 on $mux $procmux$22992.
    dead port 1/2 on $mux $procmux$22989.
    dead port 1/2 on $mux $procmux$22986.
    dead port 1/2 on $mux $procmux$22983.
    dead port 1/2 on $mux $procmux$22980.
    dead port 1/2 on $mux $procmux$22977.
    dead port 1/2 on $mux $procmux$22974.
    dead port 1/2 on $mux $procmux$22971.
    dead port 1/2 on $mux $procmux$22968.
    dead port 1/2 on $mux $procmux$22965.
    dead port 1/2 on $mux $procmux$22962.
    dead port 1/2 on $mux $procmux$22959.
    dead port 1/2 on $mux $procmux$22956.
    dead port 1/2 on $mux $procmux$22953.
    dead port 1/2 on $mux $procmux$22950.
    dead port 1/2 on $mux $procmux$22947.
    dead port 1/2 on $mux $procmux$22944.
    dead port 1/2 on $mux $procmux$22941.
    dead port 1/2 on $mux $procmux$22938.
    dead port 1/2 on $mux $procmux$22935.
    dead port 1/2 on $mux $procmux$22932.
    dead port 1/2 on $mux $procmux$22929.
    dead port 1/2 on $mux $procmux$22926.
    dead port 1/2 on $mux $procmux$22923.
    dead port 1/2 on $mux $procmux$22917.
    dead port 1/2 on $mux $procmux$22914.
    dead port 1/2 on $mux $procmux$22911.
    dead port 1/2 on $mux $procmux$22908.
    dead port 1/2 on $mux $procmux$22905.
    dead port 1/2 on $mux $procmux$22902.
    dead port 1/2 on $mux $procmux$22899.
    dead port 1/2 on $mux $procmux$22896.
    dead port 1/2 on $mux $procmux$22893.
    dead port 1/2 on $mux $procmux$22890.
    dead port 1/2 on $mux $procmux$22887.
    dead port 1/2 on $mux $procmux$22884.
    dead port 1/2 on $mux $procmux$22881.
    dead port 1/2 on $mux $procmux$22878.
    dead port 1/2 on $mux $procmux$22875.
    dead port 1/2 on $mux $procmux$22872.
    dead port 1/2 on $mux $procmux$22869.
    dead port 1/2 on $mux $procmux$22866.
    dead port 1/2 on $mux $procmux$22863.
    dead port 1/2 on $mux $procmux$22860.
    dead port 1/2 on $mux $procmux$22857.
    dead port 1/2 on $mux $procmux$22854.
    dead port 1/2 on $mux $procmux$22851.
    dead port 1/2 on $mux $procmux$22848.
    dead port 1/2 on $mux $procmux$22845.
    dead port 1/2 on $mux $procmux$22842.
    dead port 1/2 on $mux $procmux$22839.
    dead port 1/2 on $mux $procmux$22836.
    dead port 1/2 on $mux $procmux$22833.
    dead port 1/2 on $mux $procmux$22830.
    dead port 1/2 on $mux $procmux$22827.
    dead port 1/2 on $mux $procmux$22824.
    dead port 1/2 on $mux $procmux$22821.
    dead port 1/2 on $mux $procmux$22818.
    dead port 1/2 on $mux $procmux$22812.
    dead port 1/2 on $mux $procmux$22809.
    dead port 1/2 on $mux $procmux$22806.
    dead port 1/2 on $mux $procmux$22803.
    dead port 1/2 on $mux $procmux$22800.
    dead port 1/2 on $mux $procmux$22797.
    dead port 1/2 on $mux $procmux$22794.
    dead port 1/2 on $mux $procmux$22791.
    dead port 1/2 on $mux $procmux$22788.
    dead port 1/2 on $mux $procmux$22785.
    dead port 1/2 on $mux $procmux$22782.
    dead port 1/2 on $mux $procmux$22779.
    dead port 1/2 on $mux $procmux$22776.
    dead port 1/2 on $mux $procmux$22773.
    dead port 1/2 on $mux $procmux$22770.
    dead port 1/2 on $mux $procmux$22767.
    dead port 1/2 on $mux $procmux$22764.
    dead port 1/2 on $mux $procmux$22761.
    dead port 1/2 on $mux $procmux$22758.
    dead port 1/2 on $mux $procmux$22755.
    dead port 1/2 on $mux $procmux$22752.
    dead port 1/2 on $mux $procmux$22749.
    dead port 1/2 on $mux $procmux$22746.
    dead port 1/2 on $mux $procmux$22743.
    dead port 1/2 on $mux $procmux$22740.
    dead port 1/2 on $mux $procmux$22737.
    dead port 1/2 on $mux $procmux$22734.
    dead port 1/2 on $mux $procmux$22731.
    dead port 1/2 on $mux $procmux$22728.
    dead port 1/2 on $mux $procmux$22725.
    dead port 1/2 on $mux $procmux$22722.
    dead port 1/2 on $mux $procmux$22719.
    dead port 1/2 on $mux $procmux$22716.
    dead port 1/2 on $mux $procmux$22713.
    dead port 1/2 on $mux $procmux$22710.
    dead port 1/2 on $mux $procmux$22704.
    dead port 1/2 on $mux $procmux$22701.
    dead port 1/2 on $mux $procmux$22698.
    dead port 1/2 on $mux $procmux$22695.
    dead port 1/2 on $mux $procmux$22692.
    dead port 1/2 on $mux $procmux$22689.
    dead port 1/2 on $mux $procmux$22686.
    dead port 1/2 on $mux $procmux$22683.
    dead port 1/2 on $mux $procmux$22680.
    dead port 1/2 on $mux $procmux$22677.
    dead port 1/2 on $mux $procmux$22674.
    dead port 1/2 on $mux $procmux$22671.
    dead port 1/2 on $mux $procmux$22668.
    dead port 1/2 on $mux $procmux$22665.
    dead port 1/2 on $mux $procmux$22662.
    dead port 1/2 on $mux $procmux$22659.
    dead port 1/2 on $mux $procmux$22656.
    dead port 1/2 on $mux $procmux$22653.
    dead port 1/2 on $mux $procmux$22650.
    dead port 1/2 on $mux $procmux$22647.
    dead port 1/2 on $mux $procmux$22644.
    dead port 1/2 on $mux $procmux$22641.
    dead port 1/2 on $mux $procmux$22638.
    dead port 1/2 on $mux $procmux$22635.
    dead port 1/2 on $mux $procmux$22632.
    dead port 1/2 on $mux $procmux$22629.
    dead port 1/2 on $mux $procmux$22626.
    dead port 1/2 on $mux $procmux$22623.
    dead port 1/2 on $mux $procmux$22620.
    dead port 1/2 on $mux $procmux$22617.
    dead port 1/2 on $mux $procmux$22614.
    dead port 1/2 on $mux $procmux$22611.
    dead port 1/2 on $mux $procmux$22608.
    dead port 1/2 on $mux $procmux$22605.
    dead port 1/2 on $mux $procmux$22602.
    dead port 1/2 on $mux $procmux$22599.
    dead port 1/2 on $mux $procmux$22593.
    dead port 1/2 on $mux $procmux$22590.
    dead port 1/2 on $mux $procmux$22587.
    dead port 1/2 on $mux $procmux$22584.
    dead port 1/2 on $mux $procmux$22581.
    dead port 1/2 on $mux $procmux$22578.
    dead port 1/2 on $mux $procmux$22575.
    dead port 1/2 on $mux $procmux$22572.
    dead port 1/2 on $mux $procmux$22569.
    dead port 1/2 on $mux $procmux$22566.
    dead port 1/2 on $mux $procmux$22563.
    dead port 1/2 on $mux $procmux$22560.
    dead port 1/2 on $mux $procmux$22557.
    dead port 1/2 on $mux $procmux$22554.
    dead port 1/2 on $mux $procmux$22551.
    dead port 1/2 on $mux $procmux$22548.
    dead port 1/2 on $mux $procmux$22545.
    dead port 1/2 on $mux $procmux$22542.
    dead port 1/2 on $mux $procmux$22539.
    dead port 1/2 on $mux $procmux$22536.
    dead port 1/2 on $mux $procmux$22533.
    dead port 1/2 on $mux $procmux$22530.
    dead port 1/2 on $mux $procmux$22527.
    dead port 1/2 on $mux $procmux$22524.
    dead port 1/2 on $mux $procmux$22521.
    dead port 1/2 on $mux $procmux$22518.
    dead port 1/2 on $mux $procmux$22515.
    dead port 1/2 on $mux $procmux$22512.
    dead port 1/2 on $mux $procmux$22509.
    dead port 1/2 on $mux $procmux$22506.
    dead port 1/2 on $mux $procmux$22503.
    dead port 1/2 on $mux $procmux$22500.
    dead port 1/2 on $mux $procmux$22497.
    dead port 1/2 on $mux $procmux$22494.
    dead port 1/2 on $mux $procmux$22491.
    dead port 1/2 on $mux $procmux$22488.
    dead port 1/2 on $mux $procmux$22485.
    dead port 1/2 on $mux $procmux$22479.
    dead port 1/2 on $mux $procmux$22476.
    dead port 1/2 on $mux $procmux$22473.
    dead port 1/2 on $mux $procmux$22470.
    dead port 1/2 on $mux $procmux$22467.
    dead port 1/2 on $mux $procmux$22464.
    dead port 1/2 on $mux $procmux$22461.
    dead port 1/2 on $mux $procmux$22458.
    dead port 1/2 on $mux $procmux$22455.
    dead port 1/2 on $mux $procmux$22452.
    dead port 1/2 on $mux $procmux$22449.
    dead port 1/2 on $mux $procmux$22446.
    dead port 1/2 on $mux $procmux$22443.
    dead port 1/2 on $mux $procmux$22440.
    dead port 1/2 on $mux $procmux$22437.
    dead port 1/2 on $mux $procmux$22434.
    dead port 1/2 on $mux $procmux$22431.
    dead port 1/2 on $mux $procmux$22428.
    dead port 1/2 on $mux $procmux$22425.
    dead port 1/2 on $mux $procmux$22422.
    dead port 1/2 on $mux $procmux$22419.
    dead port 1/2 on $mux $procmux$22416.
    dead port 1/2 on $mux $procmux$22413.
    dead port 1/2 on $mux $procmux$22410.
    dead port 1/2 on $mux $procmux$22407.
    dead port 1/2 on $mux $procmux$22404.
    dead port 1/2 on $mux $procmux$22401.
    dead port 1/2 on $mux $procmux$22398.
    dead port 1/2 on $mux $procmux$22395.
    dead port 1/2 on $mux $procmux$22392.
    dead port 1/2 on $mux $procmux$22389.
    dead port 1/2 on $mux $procmux$22386.
    dead port 1/2 on $mux $procmux$22383.
    dead port 1/2 on $mux $procmux$22380.
    dead port 1/2 on $mux $procmux$22377.
    dead port 1/2 on $mux $procmux$22374.
    dead port 1/2 on $mux $procmux$22371.
    dead port 1/2 on $mux $procmux$22368.
    dead port 1/2 on $mux $procmux$22362.
    dead port 1/2 on $mux $procmux$22359.
    dead port 1/2 on $mux $procmux$22356.
    dead port 1/2 on $mux $procmux$22353.
    dead port 1/2 on $mux $procmux$22350.
    dead port 1/2 on $mux $procmux$22347.
    dead port 1/2 on $mux $procmux$22344.
    dead port 1/2 on $mux $procmux$22341.
    dead port 1/2 on $mux $procmux$22338.
    dead port 1/2 on $mux $procmux$22335.
    dead port 1/2 on $mux $procmux$22332.
    dead port 1/2 on $mux $procmux$22329.
    dead port 1/2 on $mux $procmux$22326.
    dead port 1/2 on $mux $procmux$22323.
    dead port 1/2 on $mux $procmux$22320.
    dead port 1/2 on $mux $procmux$22317.
    dead port 1/2 on $mux $procmux$22314.
    dead port 1/2 on $mux $procmux$22311.
    dead port 1/2 on $mux $procmux$22308.
    dead port 1/2 on $mux $procmux$22305.
    dead port 1/2 on $mux $procmux$22302.
    dead port 1/2 on $mux $procmux$22299.
    dead port 1/2 on $mux $procmux$22296.
    dead port 1/2 on $mux $procmux$22293.
    dead port 1/2 on $mux $procmux$22290.
    dead port 1/2 on $mux $procmux$22287.
    dead port 1/2 on $mux $procmux$22284.
    dead port 1/2 on $mux $procmux$22281.
    dead port 1/2 on $mux $procmux$22278.
    dead port 1/2 on $mux $procmux$22275.
    dead port 1/2 on $mux $procmux$22272.
    dead port 1/2 on $mux $procmux$22269.
    dead port 1/2 on $mux $procmux$22266.
    dead port 1/2 on $mux $procmux$22263.
    dead port 1/2 on $mux $procmux$22260.
    dead port 1/2 on $mux $procmux$22257.
    dead port 1/2 on $mux $procmux$22254.
    dead port 1/2 on $mux $procmux$22251.
    dead port 1/2 on $mux $procmux$22248.
    dead port 1/2 on $mux $procmux$22242.
    dead port 1/2 on $mux $procmux$22239.
    dead port 1/2 on $mux $procmux$22236.
    dead port 1/2 on $mux $procmux$22233.
    dead port 1/2 on $mux $procmux$22230.
    dead port 1/2 on $mux $procmux$22227.
    dead port 1/2 on $mux $procmux$22224.
    dead port 1/2 on $mux $procmux$22221.
    dead port 1/2 on $mux $procmux$22218.
    dead port 1/2 on $mux $procmux$22215.
    dead port 1/2 on $mux $procmux$22212.
    dead port 1/2 on $mux $procmux$22209.
    dead port 1/2 on $mux $procmux$22206.
    dead port 1/2 on $mux $procmux$22203.
    dead port 1/2 on $mux $procmux$22200.
    dead port 1/2 on $mux $procmux$22197.
    dead port 1/2 on $mux $procmux$22194.
    dead port 1/2 on $mux $procmux$22191.
    dead port 1/2 on $mux $procmux$22188.
    dead port 1/2 on $mux $procmux$22185.
    dead port 1/2 on $mux $procmux$22182.
    dead port 1/2 on $mux $procmux$22179.
    dead port 1/2 on $mux $procmux$22176.
    dead port 1/2 on $mux $procmux$22173.
    dead port 1/2 on $mux $procmux$22170.
    dead port 1/2 on $mux $procmux$22167.
    dead port 1/2 on $mux $procmux$22164.
    dead port 1/2 on $mux $procmux$22161.
    dead port 1/2 on $mux $procmux$22158.
    dead port 1/2 on $mux $procmux$22155.
    dead port 1/2 on $mux $procmux$22152.
    dead port 1/2 on $mux $procmux$22149.
    dead port 1/2 on $mux $procmux$22146.
    dead port 1/2 on $mux $procmux$22143.
    dead port 1/2 on $mux $procmux$22140.
    dead port 1/2 on $mux $procmux$22137.
    dead port 1/2 on $mux $procmux$22134.
    dead port 1/2 on $mux $procmux$22131.
    dead port 1/2 on $mux $procmux$22128.
    dead port 1/2 on $mux $procmux$22125.
    dead port 1/2 on $mux $procmux$22119.
    dead port 1/2 on $mux $procmux$22116.
    dead port 1/2 on $mux $procmux$22113.
    dead port 1/2 on $mux $procmux$22110.
    dead port 1/2 on $mux $procmux$22107.
    dead port 1/2 on $mux $procmux$22104.
    dead port 1/2 on $mux $procmux$22101.
    dead port 1/2 on $mux $procmux$22098.
    dead port 1/2 on $mux $procmux$22095.
    dead port 1/2 on $mux $procmux$22092.
    dead port 1/2 on $mux $procmux$22089.
    dead port 1/2 on $mux $procmux$22086.
    dead port 1/2 on $mux $procmux$22083.
    dead port 1/2 on $mux $procmux$22080.
    dead port 1/2 on $mux $procmux$22077.
    dead port 1/2 on $mux $procmux$22074.
    dead port 1/2 on $mux $procmux$22071.
    dead port 1/2 on $mux $procmux$22068.
    dead port 1/2 on $mux $procmux$22065.
    dead port 1/2 on $mux $procmux$22062.
    dead port 1/2 on $mux $procmux$22059.
    dead port 1/2 on $mux $procmux$22056.
    dead port 1/2 on $mux $procmux$22053.
    dead port 1/2 on $mux $procmux$22050.
    dead port 1/2 on $mux $procmux$22047.
    dead port 1/2 on $mux $procmux$22044.
    dead port 1/2 on $mux $procmux$22041.
    dead port 1/2 on $mux $procmux$22038.
    dead port 1/2 on $mux $procmux$22035.
    dead port 1/2 on $mux $procmux$22032.
    dead port 1/2 on $mux $procmux$22029.
    dead port 1/2 on $mux $procmux$22026.
    dead port 1/2 on $mux $procmux$22023.
    dead port 1/2 on $mux $procmux$22020.
    dead port 1/2 on $mux $procmux$22017.
    dead port 1/2 on $mux $procmux$22014.
    dead port 1/2 on $mux $procmux$22011.
    dead port 1/2 on $mux $procmux$22008.
    dead port 1/2 on $mux $procmux$22005.
    dead port 1/2 on $mux $procmux$22002.
    dead port 1/2 on $mux $procmux$21999.
    dead port 1/2 on $mux $procmux$21993.
    dead port 1/2 on $mux $procmux$21990.
    dead port 1/2 on $mux $procmux$21987.
    dead port 1/2 on $mux $procmux$21984.
    dead port 1/2 on $mux $procmux$21981.
    dead port 1/2 on $mux $procmux$21978.
    dead port 1/2 on $mux $procmux$21975.
    dead port 1/2 on $mux $procmux$21972.
    dead port 1/2 on $mux $procmux$21969.
    dead port 1/2 on $mux $procmux$21966.
    dead port 1/2 on $mux $procmux$21963.
    dead port 1/2 on $mux $procmux$21960.
    dead port 1/2 on $mux $procmux$21957.
    dead port 1/2 on $mux $procmux$21954.
    dead port 1/2 on $mux $procmux$21951.
    dead port 1/2 on $mux $procmux$21948.
    dead port 1/2 on $mux $procmux$21945.
    dead port 1/2 on $mux $procmux$21942.
    dead port 1/2 on $mux $procmux$21939.
    dead port 1/2 on $mux $procmux$21936.
    dead port 1/2 on $mux $procmux$21933.
    dead port 1/2 on $mux $procmux$21930.
    dead port 1/2 on $mux $procmux$21927.
    dead port 1/2 on $mux $procmux$21924.
    dead port 1/2 on $mux $procmux$21921.
    dead port 1/2 on $mux $procmux$21918.
    dead port 1/2 on $mux $procmux$21915.
    dead port 1/2 on $mux $procmux$21912.
    dead port 1/2 on $mux $procmux$21909.
    dead port 1/2 on $mux $procmux$21906.
    dead port 1/2 on $mux $procmux$21903.
    dead port 1/2 on $mux $procmux$21900.
    dead port 1/2 on $mux $procmux$21897.
    dead port 1/2 on $mux $procmux$21894.
    dead port 1/2 on $mux $procmux$21891.
    dead port 1/2 on $mux $procmux$21888.
    dead port 1/2 on $mux $procmux$21885.
    dead port 1/2 on $mux $procmux$21882.
    dead port 1/2 on $mux $procmux$21879.
    dead port 1/2 on $mux $procmux$21876.
    dead port 1/2 on $mux $procmux$21873.
    dead port 1/2 on $mux $procmux$21870.
    dead port 1/2 on $mux $procmux$21864.
    dead port 1/2 on $mux $procmux$21861.
    dead port 1/2 on $mux $procmux$21858.
    dead port 1/2 on $mux $procmux$21855.
    dead port 1/2 on $mux $procmux$21852.
    dead port 1/2 on $mux $procmux$21849.
    dead port 1/2 on $mux $procmux$21846.
    dead port 1/2 on $mux $procmux$21843.
    dead port 1/2 on $mux $procmux$21840.
    dead port 1/2 on $mux $procmux$21837.
    dead port 1/2 on $mux $procmux$21834.
    dead port 1/2 on $mux $procmux$21831.
    dead port 1/2 on $mux $procmux$21828.
    dead port 1/2 on $mux $procmux$21825.
    dead port 1/2 on $mux $procmux$21822.
    dead port 1/2 on $mux $procmux$21819.
    dead port 1/2 on $mux $procmux$21816.
    dead port 1/2 on $mux $procmux$21813.
    dead port 1/2 on $mux $procmux$21810.
    dead port 1/2 on $mux $procmux$21807.
    dead port 1/2 on $mux $procmux$21804.
    dead port 1/2 on $mux $procmux$21801.
    dead port 1/2 on $mux $procmux$21798.
    dead port 1/2 on $mux $procmux$21795.
    dead port 1/2 on $mux $procmux$21792.
    dead port 1/2 on $mux $procmux$21789.
    dead port 1/2 on $mux $procmux$21786.
    dead port 1/2 on $mux $procmux$21783.
    dead port 1/2 on $mux $procmux$21780.
    dead port 1/2 on $mux $procmux$21777.
    dead port 1/2 on $mux $procmux$21774.
    dead port 1/2 on $mux $procmux$21771.
    dead port 1/2 on $mux $procmux$21768.
    dead port 1/2 on $mux $procmux$21765.
    dead port 1/2 on $mux $procmux$21762.
    dead port 1/2 on $mux $procmux$21759.
    dead port 1/2 on $mux $procmux$21756.
    dead port 1/2 on $mux $procmux$21753.
    dead port 1/2 on $mux $procmux$21750.
    dead port 1/2 on $mux $procmux$21747.
    dead port 1/2 on $mux $procmux$21744.
    dead port 1/2 on $mux $procmux$21741.
    dead port 1/2 on $mux $procmux$21738.
    dead port 1/2 on $mux $procmux$21732.
    dead port 1/2 on $mux $procmux$21729.
    dead port 1/2 on $mux $procmux$21726.
    dead port 1/2 on $mux $procmux$21723.
    dead port 1/2 on $mux $procmux$21720.
    dead port 1/2 on $mux $procmux$21717.
    dead port 1/2 on $mux $procmux$21714.
    dead port 1/2 on $mux $procmux$21711.
    dead port 1/2 on $mux $procmux$21708.
    dead port 1/2 on $mux $procmux$21705.
    dead port 1/2 on $mux $procmux$21702.
    dead port 1/2 on $mux $procmux$21699.
    dead port 1/2 on $mux $procmux$21696.
    dead port 1/2 on $mux $procmux$21693.
    dead port 1/2 on $mux $procmux$21690.
    dead port 1/2 on $mux $procmux$21687.
    dead port 1/2 on $mux $procmux$21684.
    dead port 1/2 on $mux $procmux$21681.
    dead port 1/2 on $mux $procmux$21678.
    dead port 1/2 on $mux $procmux$21675.
    dead port 1/2 on $mux $procmux$21672.
    dead port 1/2 on $mux $procmux$21669.
    dead port 1/2 on $mux $procmux$21666.
    dead port 1/2 on $mux $procmux$21663.
    dead port 1/2 on $mux $procmux$21660.
    dead port 1/2 on $mux $procmux$21657.
    dead port 1/2 on $mux $procmux$21654.
    dead port 1/2 on $mux $procmux$21651.
    dead port 1/2 on $mux $procmux$21648.
    dead port 1/2 on $mux $procmux$21645.
    dead port 1/2 on $mux $procmux$21642.
    dead port 1/2 on $mux $procmux$21639.
    dead port 1/2 on $mux $procmux$21636.
    dead port 1/2 on $mux $procmux$21633.
    dead port 1/2 on $mux $procmux$21630.
    dead port 1/2 on $mux $procmux$21627.
    dead port 1/2 on $mux $procmux$21624.
    dead port 1/2 on $mux $procmux$21621.
    dead port 1/2 on $mux $procmux$21618.
    dead port 1/2 on $mux $procmux$21615.
    dead port 1/2 on $mux $procmux$21612.
    dead port 1/2 on $mux $procmux$21609.
    dead port 1/2 on $mux $procmux$21606.
    dead port 1/2 on $mux $procmux$21603.
    dead port 1/2 on $mux $procmux$21597.
    dead port 1/2 on $mux $procmux$21594.
    dead port 1/2 on $mux $procmux$21591.
    dead port 1/2 on $mux $procmux$21588.
    dead port 1/2 on $mux $procmux$21585.
    dead port 1/2 on $mux $procmux$21582.
    dead port 1/2 on $mux $procmux$21579.
    dead port 1/2 on $mux $procmux$21576.
    dead port 1/2 on $mux $procmux$21573.
    dead port 1/2 on $mux $procmux$21570.
    dead port 1/2 on $mux $procmux$21567.
    dead port 1/2 on $mux $procmux$21564.
    dead port 1/2 on $mux $procmux$21561.
    dead port 1/2 on $mux $procmux$21558.
    dead port 1/2 on $mux $procmux$21555.
    dead port 1/2 on $mux $procmux$21552.
    dead port 1/2 on $mux $procmux$21549.
    dead port 1/2 on $mux $procmux$21546.
    dead port 1/2 on $mux $procmux$21543.
    dead port 1/2 on $mux $procmux$21540.
    dead port 1/2 on $mux $procmux$21537.
    dead port 1/2 on $mux $procmux$21534.
    dead port 1/2 on $mux $procmux$21531.
    dead port 1/2 on $mux $procmux$21528.
    dead port 1/2 on $mux $procmux$21525.
    dead port 1/2 on $mux $procmux$21522.
    dead port 1/2 on $mux $procmux$21519.
    dead port 1/2 on $mux $procmux$21516.
    dead port 1/2 on $mux $procmux$21513.
    dead port 1/2 on $mux $procmux$21510.
    dead port 1/2 on $mux $procmux$21507.
    dead port 1/2 on $mux $procmux$21504.
    dead port 1/2 on $mux $procmux$21501.
    dead port 1/2 on $mux $procmux$21498.
    dead port 1/2 on $mux $procmux$21495.
    dead port 1/2 on $mux $procmux$21492.
    dead port 1/2 on $mux $procmux$21489.
    dead port 1/2 on $mux $procmux$21486.
    dead port 1/2 on $mux $procmux$21483.
    dead port 1/2 on $mux $procmux$21480.
    dead port 1/2 on $mux $procmux$21477.
    dead port 1/2 on $mux $procmux$21474.
    dead port 1/2 on $mux $procmux$21471.
    dead port 1/2 on $mux $procmux$21468.
    dead port 1/2 on $mux $procmux$21465.
    dead port 1/2 on $mux $procmux$21459.
    dead port 1/2 on $mux $procmux$21456.
    dead port 1/2 on $mux $procmux$21453.
    dead port 1/2 on $mux $procmux$21450.
    dead port 1/2 on $mux $procmux$21447.
    dead port 1/2 on $mux $procmux$21444.
    dead port 1/2 on $mux $procmux$21441.
    dead port 1/2 on $mux $procmux$21438.
    dead port 1/2 on $mux $procmux$21435.
    dead port 1/2 on $mux $procmux$21432.
    dead port 1/2 on $mux $procmux$21429.
    dead port 1/2 on $mux $procmux$21426.
    dead port 1/2 on $mux $procmux$21423.
    dead port 1/2 on $mux $procmux$21420.
    dead port 1/2 on $mux $procmux$21417.
    dead port 1/2 on $mux $procmux$21414.
    dead port 1/2 on $mux $procmux$21411.
    dead port 1/2 on $mux $procmux$21408.
    dead port 1/2 on $mux $procmux$21405.
    dead port 1/2 on $mux $procmux$21402.
    dead port 1/2 on $mux $procmux$21399.
    dead port 1/2 on $mux $procmux$21396.
    dead port 1/2 on $mux $procmux$21393.
    dead port 1/2 on $mux $procmux$21390.
    dead port 1/2 on $mux $procmux$21387.
    dead port 1/2 on $mux $procmux$21384.
    dead port 1/2 on $mux $procmux$21381.
    dead port 1/2 on $mux $procmux$21378.
    dead port 1/2 on $mux $procmux$21375.
    dead port 1/2 on $mux $procmux$21372.
    dead port 1/2 on $mux $procmux$21369.
    dead port 1/2 on $mux $procmux$21366.
    dead port 1/2 on $mux $procmux$21363.
    dead port 1/2 on $mux $procmux$21360.
    dead port 1/2 on $mux $procmux$21357.
    dead port 1/2 on $mux $procmux$21354.
    dead port 1/2 on $mux $procmux$21351.
    dead port 1/2 on $mux $procmux$21348.
    dead port 1/2 on $mux $procmux$21345.
    dead port 1/2 on $mux $procmux$21342.
    dead port 1/2 on $mux $procmux$21339.
    dead port 1/2 on $mux $procmux$21336.
    dead port 1/2 on $mux $procmux$21333.
    dead port 1/2 on $mux $procmux$21330.
    dead port 1/2 on $mux $procmux$21327.
    dead port 1/2 on $mux $procmux$21324.
    dead port 1/2 on $mux $procmux$21318.
    dead port 1/2 on $mux $procmux$21315.
    dead port 1/2 on $mux $procmux$21312.
    dead port 1/2 on $mux $procmux$21309.
    dead port 1/2 on $mux $procmux$21306.
    dead port 1/2 on $mux $procmux$21303.
    dead port 1/2 on $mux $procmux$21300.
    dead port 1/2 on $mux $procmux$21297.
    dead port 1/2 on $mux $procmux$21294.
    dead port 1/2 on $mux $procmux$21291.
    dead port 1/2 on $mux $procmux$21288.
    dead port 1/2 on $mux $procmux$21285.
    dead port 1/2 on $mux $procmux$21282.
    dead port 1/2 on $mux $procmux$21279.
    dead port 1/2 on $mux $procmux$21276.
    dead port 1/2 on $mux $procmux$21273.
    dead port 1/2 on $mux $procmux$21270.
    dead port 1/2 on $mux $procmux$21267.
    dead port 1/2 on $mux $procmux$21264.
    dead port 1/2 on $mux $procmux$21261.
    dead port 1/2 on $mux $procmux$21258.
    dead port 1/2 on $mux $procmux$21255.
    dead port 1/2 on $mux $procmux$21252.
    dead port 1/2 on $mux $procmux$21249.
    dead port 1/2 on $mux $procmux$21246.
    dead port 1/2 on $mux $procmux$21243.
    dead port 1/2 on $mux $procmux$21240.
    dead port 1/2 on $mux $procmux$21237.
    dead port 1/2 on $mux $procmux$21234.
    dead port 1/2 on $mux $procmux$21231.
    dead port 1/2 on $mux $procmux$21228.
    dead port 1/2 on $mux $procmux$21225.
    dead port 1/2 on $mux $procmux$21222.
    dead port 1/2 on $mux $procmux$21219.
    dead port 1/2 on $mux $procmux$21216.
    dead port 1/2 on $mux $procmux$21213.
    dead port 1/2 on $mux $procmux$21210.
    dead port 1/2 on $mux $procmux$21207.
    dead port 1/2 on $mux $procmux$21204.
    dead port 1/2 on $mux $procmux$21201.
    dead port 1/2 on $mux $procmux$21198.
    dead port 1/2 on $mux $procmux$21195.
    dead port 1/2 on $mux $procmux$21192.
    dead port 1/2 on $mux $procmux$21189.
    dead port 1/2 on $mux $procmux$21186.
    dead port 1/2 on $mux $procmux$21183.
    dead port 1/2 on $mux $procmux$21180.
    dead port 1/2 on $mux $procmux$21174.
    dead port 1/2 on $mux $procmux$21171.
    dead port 1/2 on $mux $procmux$21168.
    dead port 1/2 on $mux $procmux$21165.
    dead port 1/2 on $mux $procmux$21162.
    dead port 1/2 on $mux $procmux$21159.
    dead port 1/2 on $mux $procmux$21156.
    dead port 1/2 on $mux $procmux$21153.
    dead port 1/2 on $mux $procmux$21150.
    dead port 1/2 on $mux $procmux$21147.
    dead port 1/2 on $mux $procmux$21144.
    dead port 1/2 on $mux $procmux$21141.
    dead port 1/2 on $mux $procmux$21138.
    dead port 1/2 on $mux $procmux$21135.
    dead port 1/2 on $mux $procmux$21132.
    dead port 1/2 on $mux $procmux$21129.
    dead port 1/2 on $mux $procmux$21126.
    dead port 1/2 on $mux $procmux$21123.
    dead port 1/2 on $mux $procmux$21120.
    dead port 1/2 on $mux $procmux$21117.
    dead port 1/2 on $mux $procmux$21114.
    dead port 1/2 on $mux $procmux$21111.
    dead port 1/2 on $mux $procmux$21108.
    dead port 1/2 on $mux $procmux$21105.
    dead port 1/2 on $mux $procmux$21102.
    dead port 1/2 on $mux $procmux$21099.
    dead port 1/2 on $mux $procmux$21096.
    dead port 1/2 on $mux $procmux$21093.
    dead port 1/2 on $mux $procmux$21090.
    dead port 1/2 on $mux $procmux$21087.
    dead port 1/2 on $mux $procmux$21084.
    dead port 1/2 on $mux $procmux$21081.
    dead port 1/2 on $mux $procmux$21078.
    dead port 1/2 on $mux $procmux$21075.
    dead port 1/2 on $mux $procmux$21072.
    dead port 1/2 on $mux $procmux$21069.
    dead port 1/2 on $mux $procmux$21066.
    dead port 1/2 on $mux $procmux$21063.
    dead port 1/2 on $mux $procmux$21060.
    dead port 1/2 on $mux $procmux$21057.
    dead port 1/2 on $mux $procmux$21054.
    dead port 1/2 on $mux $procmux$21051.
    dead port 1/2 on $mux $procmux$21048.
    dead port 1/2 on $mux $procmux$21045.
    dead port 1/2 on $mux $procmux$21042.
    dead port 1/2 on $mux $procmux$21039.
    dead port 1/2 on $mux $procmux$21036.
    dead port 1/2 on $mux $procmux$21033.
    dead port 1/2 on $mux $procmux$21027.
    dead port 1/2 on $mux $procmux$21024.
    dead port 1/2 on $mux $procmux$21021.
    dead port 1/2 on $mux $procmux$21018.
    dead port 1/2 on $mux $procmux$21015.
    dead port 1/2 on $mux $procmux$21012.
    dead port 1/2 on $mux $procmux$21009.
    dead port 1/2 on $mux $procmux$21006.
    dead port 1/2 on $mux $procmux$21003.
    dead port 1/2 on $mux $procmux$21000.
    dead port 1/2 on $mux $procmux$20997.
    dead port 1/2 on $mux $procmux$20994.
    dead port 1/2 on $mux $procmux$20991.
    dead port 1/2 on $mux $procmux$20988.
    dead port 1/2 on $mux $procmux$20985.
    dead port 1/2 on $mux $procmux$20982.
    dead port 1/2 on $mux $procmux$20979.
    dead port 1/2 on $mux $procmux$20976.
    dead port 1/2 on $mux $procmux$20973.
    dead port 1/2 on $mux $procmux$20970.
    dead port 1/2 on $mux $procmux$20967.
    dead port 1/2 on $mux $procmux$20964.
    dead port 1/2 on $mux $procmux$20961.
    dead port 1/2 on $mux $procmux$20958.
    dead port 1/2 on $mux $procmux$20955.
    dead port 1/2 on $mux $procmux$20952.
    dead port 1/2 on $mux $procmux$20949.
    dead port 1/2 on $mux $procmux$20946.
    dead port 1/2 on $mux $procmux$20943.
    dead port 1/2 on $mux $procmux$20940.
    dead port 1/2 on $mux $procmux$20937.
    dead port 1/2 on $mux $procmux$20934.
    dead port 1/2 on $mux $procmux$20931.
    dead port 1/2 on $mux $procmux$20928.
    dead port 1/2 on $mux $procmux$20925.
    dead port 1/2 on $mux $procmux$20922.
    dead port 1/2 on $mux $procmux$20919.
    dead port 1/2 on $mux $procmux$20916.
    dead port 1/2 on $mux $procmux$20913.
    dead port 1/2 on $mux $procmux$20910.
    dead port 1/2 on $mux $procmux$20907.
    dead port 1/2 on $mux $procmux$20904.
    dead port 1/2 on $mux $procmux$20901.
    dead port 1/2 on $mux $procmux$20898.
    dead port 1/2 on $mux $procmux$20895.
    dead port 1/2 on $mux $procmux$20892.
    dead port 1/2 on $mux $procmux$20889.
    dead port 1/2 on $mux $procmux$20886.
    dead port 1/2 on $mux $procmux$20883.
    dead port 1/2 on $mux $procmux$20877.
    dead port 1/2 on $mux $procmux$20874.
    dead port 1/2 on $mux $procmux$20871.
    dead port 1/2 on $mux $procmux$20868.
    dead port 1/2 on $mux $procmux$20865.
    dead port 1/2 on $mux $procmux$20862.
    dead port 1/2 on $mux $procmux$20859.
    dead port 1/2 on $mux $procmux$20856.
    dead port 1/2 on $mux $procmux$20853.
    dead port 1/2 on $mux $procmux$20850.
    dead port 1/2 on $mux $procmux$20847.
    dead port 1/2 on $mux $procmux$20844.
    dead port 1/2 on $mux $procmux$20841.
    dead port 1/2 on $mux $procmux$20838.
    dead port 1/2 on $mux $procmux$20835.
    dead port 1/2 on $mux $procmux$20832.
    dead port 1/2 on $mux $procmux$20829.
    dead port 1/2 on $mux $procmux$20826.
    dead port 1/2 on $mux $procmux$20823.
    dead port 1/2 on $mux $procmux$20820.
    dead port 1/2 on $mux $procmux$20817.
    dead port 1/2 on $mux $procmux$20814.
    dead port 1/2 on $mux $procmux$20811.
    dead port 1/2 on $mux $procmux$20808.
    dead port 1/2 on $mux $procmux$20805.
    dead port 1/2 on $mux $procmux$20802.
    dead port 1/2 on $mux $procmux$20799.
    dead port 1/2 on $mux $procmux$20796.
    dead port 1/2 on $mux $procmux$20793.
    dead port 1/2 on $mux $procmux$20790.
    dead port 1/2 on $mux $procmux$20787.
    dead port 1/2 on $mux $procmux$20784.
    dead port 1/2 on $mux $procmux$20781.
    dead port 1/2 on $mux $procmux$20778.
    dead port 1/2 on $mux $procmux$20775.
    dead port 1/2 on $mux $procmux$20772.
    dead port 1/2 on $mux $procmux$20769.
    dead port 1/2 on $mux $procmux$20766.
    dead port 1/2 on $mux $procmux$20763.
    dead port 1/2 on $mux $procmux$20760.
    dead port 1/2 on $mux $procmux$20757.
    dead port 1/2 on $mux $procmux$20754.
    dead port 1/2 on $mux $procmux$20751.
    dead port 1/2 on $mux $procmux$20748.
    dead port 1/2 on $mux $procmux$20745.
    dead port 1/2 on $mux $procmux$20742.
    dead port 1/2 on $mux $procmux$20739.
    dead port 1/2 on $mux $procmux$20736.
    dead port 1/2 on $mux $procmux$20733.
    dead port 1/2 on $mux $procmux$20730.
    dead port 1/2 on $mux $procmux$20724.
    dead port 1/2 on $mux $procmux$20721.
    dead port 1/2 on $mux $procmux$20718.
    dead port 1/2 on $mux $procmux$20715.
    dead port 1/2 on $mux $procmux$20712.
    dead port 1/2 on $mux $procmux$20709.
    dead port 1/2 on $mux $procmux$20706.
    dead port 1/2 on $mux $procmux$20703.
    dead port 1/2 on $mux $procmux$20700.
    dead port 1/2 on $mux $procmux$20697.
    dead port 1/2 on $mux $procmux$20694.
    dead port 1/2 on $mux $procmux$20691.
    dead port 1/2 on $mux $procmux$20688.
    dead port 1/2 on $mux $procmux$20685.
    dead port 1/2 on $mux $procmux$20682.
    dead port 1/2 on $mux $procmux$20679.
    dead port 1/2 on $mux $procmux$20676.
    dead port 1/2 on $mux $procmux$20673.
    dead port 1/2 on $mux $procmux$20670.
    dead port 1/2 on $mux $procmux$20667.
    dead port 1/2 on $mux $procmux$20664.
    dead port 1/2 on $mux $procmux$20661.
    dead port 1/2 on $mux $procmux$20658.
    dead port 1/2 on $mux $procmux$20655.
    dead port 1/2 on $mux $procmux$20652.
    dead port 1/2 on $mux $procmux$20649.
    dead port 1/2 on $mux $procmux$20646.
    dead port 1/2 on $mux $procmux$20643.
    dead port 1/2 on $mux $procmux$20640.
    dead port 1/2 on $mux $procmux$20637.
    dead port 1/2 on $mux $procmux$20634.
    dead port 1/2 on $mux $procmux$20631.
    dead port 1/2 on $mux $procmux$20628.
    dead port 1/2 on $mux $procmux$20625.
    dead port 1/2 on $mux $procmux$20622.
    dead port 1/2 on $mux $procmux$20619.
    dead port 1/2 on $mux $procmux$20616.
    dead port 1/2 on $mux $procmux$20613.
    dead port 1/2 on $mux $procmux$20610.
    dead port 1/2 on $mux $procmux$20607.
    dead port 1/2 on $mux $procmux$20604.
    dead port 1/2 on $mux $procmux$20601.
    dead port 1/2 on $mux $procmux$20598.
    dead port 1/2 on $mux $procmux$20595.
    dead port 1/2 on $mux $procmux$20592.
    dead port 1/2 on $mux $procmux$20589.
    dead port 1/2 on $mux $procmux$20586.
    dead port 1/2 on $mux $procmux$20583.
    dead port 1/2 on $mux $procmux$20580.
    dead port 1/2 on $mux $procmux$20577.
    dead port 1/2 on $mux $procmux$20574.
    dead port 1/2 on $mux $procmux$20568.
    dead port 1/2 on $mux $procmux$20565.
    dead port 1/2 on $mux $procmux$20562.
    dead port 1/2 on $mux $procmux$20559.
    dead port 1/2 on $mux $procmux$20556.
    dead port 1/2 on $mux $procmux$20553.
    dead port 1/2 on $mux $procmux$20550.
    dead port 1/2 on $mux $procmux$20547.
    dead port 1/2 on $mux $procmux$20544.
    dead port 1/2 on $mux $procmux$20541.
    dead port 1/2 on $mux $procmux$20538.
    dead port 1/2 on $mux $procmux$20535.
    dead port 1/2 on $mux $procmux$20532.
    dead port 1/2 on $mux $procmux$20529.
    dead port 1/2 on $mux $procmux$20526.
    dead port 1/2 on $mux $procmux$20523.
    dead port 1/2 on $mux $procmux$20520.
    dead port 1/2 on $mux $procmux$20517.
    dead port 1/2 on $mux $procmux$20514.
    dead port 1/2 on $mux $procmux$20511.
    dead port 1/2 on $mux $procmux$20508.
    dead port 1/2 on $mux $procmux$20505.
    dead port 1/2 on $mux $procmux$20502.
    dead port 1/2 on $mux $procmux$20499.
    dead port 1/2 on $mux $procmux$20496.
    dead port 1/2 on $mux $procmux$20493.
    dead port 1/2 on $mux $procmux$20490.
    dead port 1/2 on $mux $procmux$20487.
    dead port 1/2 on $mux $procmux$20484.
    dead port 1/2 on $mux $procmux$20481.
    dead port 1/2 on $mux $procmux$20478.
    dead port 1/2 on $mux $procmux$20475.
    dead port 1/2 on $mux $procmux$20472.
    dead port 1/2 on $mux $procmux$20469.
    dead port 1/2 on $mux $procmux$20466.
    dead port 1/2 on $mux $procmux$20463.
    dead port 1/2 on $mux $procmux$20460.
    dead port 1/2 on $mux $procmux$20457.
    dead port 1/2 on $mux $procmux$20454.
    dead port 1/2 on $mux $procmux$20451.
    dead port 1/2 on $mux $procmux$20448.
    dead port 1/2 on $mux $procmux$20445.
    dead port 1/2 on $mux $procmux$20442.
    dead port 1/2 on $mux $procmux$20439.
    dead port 1/2 on $mux $procmux$20436.
    dead port 1/2 on $mux $procmux$20433.
    dead port 1/2 on $mux $procmux$20430.
    dead port 1/2 on $mux $procmux$20427.
    dead port 1/2 on $mux $procmux$20424.
    dead port 1/2 on $mux $procmux$20421.
    dead port 1/2 on $mux $procmux$20418.
    dead port 1/2 on $mux $procmux$20415.
    dead port 1/2 on $mux $procmux$20409.
    dead port 1/2 on $mux $procmux$20406.
    dead port 1/2 on $mux $procmux$20403.
    dead port 1/2 on $mux $procmux$20400.
    dead port 1/2 on $mux $procmux$20397.
    dead port 1/2 on $mux $procmux$20394.
    dead port 1/2 on $mux $procmux$20391.
    dead port 1/2 on $mux $procmux$20388.
    dead port 1/2 on $mux $procmux$20385.
    dead port 1/2 on $mux $procmux$20382.
    dead port 1/2 on $mux $procmux$20379.
    dead port 1/2 on $mux $procmux$20376.
    dead port 1/2 on $mux $procmux$20373.
    dead port 1/2 on $mux $procmux$20370.
    dead port 1/2 on $mux $procmux$20367.
    dead port 1/2 on $mux $procmux$20364.
    dead port 1/2 on $mux $procmux$20361.
    dead port 1/2 on $mux $procmux$20358.
    dead port 1/2 on $mux $procmux$20355.
    dead port 1/2 on $mux $procmux$20352.
    dead port 1/2 on $mux $procmux$20349.
    dead port 1/2 on $mux $procmux$20346.
    dead port 1/2 on $mux $procmux$20343.
    dead port 1/2 on $mux $procmux$20340.
    dead port 1/2 on $mux $procmux$20337.
    dead port 1/2 on $mux $procmux$20334.
    dead port 1/2 on $mux $procmux$20331.
    dead port 1/2 on $mux $procmux$20328.
    dead port 1/2 on $mux $procmux$20325.
    dead port 1/2 on $mux $procmux$20322.
    dead port 1/2 on $mux $procmux$20319.
    dead port 1/2 on $mux $procmux$20316.
    dead port 1/2 on $mux $procmux$20313.
    dead port 1/2 on $mux $procmux$20310.
    dead port 1/2 on $mux $procmux$20307.
    dead port 1/2 on $mux $procmux$20304.
    dead port 1/2 on $mux $procmux$20301.
    dead port 1/2 on $mux $procmux$20298.
    dead port 1/2 on $mux $procmux$20295.
    dead port 1/2 on $mux $procmux$20292.
    dead port 1/2 on $mux $procmux$20289.
    dead port 1/2 on $mux $procmux$20286.
    dead port 1/2 on $mux $procmux$20283.
    dead port 1/2 on $mux $procmux$20280.
    dead port 1/2 on $mux $procmux$20277.
    dead port 1/2 on $mux $procmux$20274.
    dead port 1/2 on $mux $procmux$20271.
    dead port 1/2 on $mux $procmux$20268.
    dead port 1/2 on $mux $procmux$20265.
    dead port 1/2 on $mux $procmux$20262.
    dead port 1/2 on $mux $procmux$20259.
    dead port 1/2 on $mux $procmux$20256.
    dead port 1/2 on $mux $procmux$20253.
    dead port 1/2 on $mux $procmux$20247.
    dead port 1/2 on $mux $procmux$20244.
    dead port 1/2 on $mux $procmux$20241.
    dead port 1/2 on $mux $procmux$20238.
    dead port 1/2 on $mux $procmux$20235.
    dead port 1/2 on $mux $procmux$20232.
    dead port 1/2 on $mux $procmux$20229.
    dead port 1/2 on $mux $procmux$20226.
    dead port 1/2 on $mux $procmux$20223.
    dead port 1/2 on $mux $procmux$20220.
    dead port 1/2 on $mux $procmux$20217.
    dead port 1/2 on $mux $procmux$20214.
    dead port 1/2 on $mux $procmux$20211.
    dead port 1/2 on $mux $procmux$20208.
    dead port 1/2 on $mux $procmux$20205.
    dead port 1/2 on $mux $procmux$20202.
    dead port 1/2 on $mux $procmux$20199.
    dead port 1/2 on $mux $procmux$20196.
    dead port 1/2 on $mux $procmux$20193.
    dead port 1/2 on $mux $procmux$20190.
    dead port 1/2 on $mux $procmux$20187.
    dead port 1/2 on $mux $procmux$20184.
    dead port 1/2 on $mux $procmux$20181.
    dead port 1/2 on $mux $procmux$20178.
    dead port 1/2 on $mux $procmux$20175.
    dead port 1/2 on $mux $procmux$20172.
    dead port 1/2 on $mux $procmux$20169.
    dead port 1/2 on $mux $procmux$20166.
    dead port 1/2 on $mux $procmux$20163.
    dead port 1/2 on $mux $procmux$20160.
    dead port 1/2 on $mux $procmux$20157.
    dead port 1/2 on $mux $procmux$20154.
    dead port 1/2 on $mux $procmux$20151.
    dead port 1/2 on $mux $procmux$20148.
    dead port 1/2 on $mux $procmux$20145.
    dead port 1/2 on $mux $procmux$20142.
    dead port 1/2 on $mux $procmux$20139.
    dead port 1/2 on $mux $procmux$20136.
    dead port 1/2 on $mux $procmux$20133.
    dead port 1/2 on $mux $procmux$20130.
    dead port 1/2 on $mux $procmux$20127.
    dead port 1/2 on $mux $procmux$20124.
    dead port 1/2 on $mux $procmux$20121.
    dead port 1/2 on $mux $procmux$20118.
    dead port 1/2 on $mux $procmux$20115.
    dead port 1/2 on $mux $procmux$20112.
    dead port 1/2 on $mux $procmux$20109.
    dead port 1/2 on $mux $procmux$20106.
    dead port 1/2 on $mux $procmux$20103.
    dead port 1/2 on $mux $procmux$20100.
    dead port 1/2 on $mux $procmux$20097.
    dead port 1/2 on $mux $procmux$20094.
    dead port 1/2 on $mux $procmux$20091.
    dead port 1/2 on $mux $procmux$20088.
    dead port 1/2 on $mux $procmux$20082.
    dead port 1/2 on $mux $procmux$20079.
    dead port 1/2 on $mux $procmux$20076.
    dead port 1/2 on $mux $procmux$20073.
    dead port 1/2 on $mux $procmux$20070.
    dead port 1/2 on $mux $procmux$20067.
    dead port 1/2 on $mux $procmux$20064.
    dead port 1/2 on $mux $procmux$20061.
    dead port 1/2 on $mux $procmux$20058.
    dead port 1/2 on $mux $procmux$20055.
    dead port 1/2 on $mux $procmux$20052.
    dead port 1/2 on $mux $procmux$20049.
    dead port 1/2 on $mux $procmux$20046.
    dead port 1/2 on $mux $procmux$20043.
    dead port 1/2 on $mux $procmux$20040.
    dead port 1/2 on $mux $procmux$20037.
    dead port 1/2 on $mux $procmux$20034.
    dead port 1/2 on $mux $procmux$20031.
    dead port 1/2 on $mux $procmux$20028.
    dead port 1/2 on $mux $procmux$20025.
    dead port 1/2 on $mux $procmux$20022.
    dead port 1/2 on $mux $procmux$20019.
    dead port 1/2 on $mux $procmux$20016.
    dead port 1/2 on $mux $procmux$20013.
    dead port 1/2 on $mux $procmux$20010.
    dead port 1/2 on $mux $procmux$20007.
    dead port 1/2 on $mux $procmux$20004.
    dead port 1/2 on $mux $procmux$20001.
    dead port 1/2 on $mux $procmux$19998.
    dead port 1/2 on $mux $procmux$19995.
    dead port 1/2 on $mux $procmux$19992.
    dead port 1/2 on $mux $procmux$19989.
    dead port 1/2 on $mux $procmux$19986.
    dead port 1/2 on $mux $procmux$19983.
    dead port 1/2 on $mux $procmux$19980.
    dead port 1/2 on $mux $procmux$19977.
    dead port 1/2 on $mux $procmux$19974.
    dead port 1/2 on $mux $procmux$19971.
    dead port 1/2 on $mux $procmux$19968.
    dead port 1/2 on $mux $procmux$19965.
    dead port 1/2 on $mux $procmux$19962.
    dead port 1/2 on $mux $procmux$19959.
    dead port 1/2 on $mux $procmux$19956.
    dead port 1/2 on $mux $procmux$19953.
    dead port 1/2 on $mux $procmux$19950.
    dead port 1/2 on $mux $procmux$19947.
    dead port 1/2 on $mux $procmux$19944.
    dead port 1/2 on $mux $procmux$19941.
    dead port 1/2 on $mux $procmux$19938.
    dead port 1/2 on $mux $procmux$19935.
    dead port 1/2 on $mux $procmux$19932.
    dead port 1/2 on $mux $procmux$19929.
    dead port 1/2 on $mux $procmux$19926.
    dead port 1/2 on $mux $procmux$19923.
    dead port 1/2 on $mux $procmux$19920.
    dead port 1/2 on $mux $procmux$19914.
    dead port 1/2 on $mux $procmux$19911.
    dead port 1/2 on $mux $procmux$19908.
    dead port 1/2 on $mux $procmux$19905.
    dead port 1/2 on $mux $procmux$19902.
    dead port 1/2 on $mux $procmux$19899.
    dead port 1/2 on $mux $procmux$19896.
    dead port 1/2 on $mux $procmux$19893.
    dead port 1/2 on $mux $procmux$19890.
    dead port 1/2 on $mux $procmux$19887.
    dead port 1/2 on $mux $procmux$19884.
    dead port 1/2 on $mux $procmux$19881.
    dead port 1/2 on $mux $procmux$19878.
    dead port 1/2 on $mux $procmux$19875.
    dead port 1/2 on $mux $procmux$19872.
    dead port 1/2 on $mux $procmux$19869.
    dead port 1/2 on $mux $procmux$19866.
    dead port 1/2 on $mux $procmux$19863.
    dead port 1/2 on $mux $procmux$19860.
    dead port 1/2 on $mux $procmux$19857.
    dead port 1/2 on $mux $procmux$19854.
    dead port 1/2 on $mux $procmux$19851.
    dead port 1/2 on $mux $procmux$19848.
    dead port 1/2 on $mux $procmux$19845.
    dead port 1/2 on $mux $procmux$19842.
    dead port 1/2 on $mux $procmux$19839.
    dead port 1/2 on $mux $procmux$19836.
    dead port 1/2 on $mux $procmux$19833.
    dead port 1/2 on $mux $procmux$19830.
    dead port 1/2 on $mux $procmux$19827.
    dead port 1/2 on $mux $procmux$19824.
    dead port 1/2 on $mux $procmux$19821.
    dead port 1/2 on $mux $procmux$19818.
    dead port 1/2 on $mux $procmux$19815.
    dead port 1/2 on $mux $procmux$19812.
    dead port 1/2 on $mux $procmux$19809.
    dead port 1/2 on $mux $procmux$19806.
    dead port 1/2 on $mux $procmux$19803.
    dead port 1/2 on $mux $procmux$19800.
    dead port 1/2 on $mux $procmux$19797.
    dead port 1/2 on $mux $procmux$19794.
    dead port 1/2 on $mux $procmux$19791.
    dead port 1/2 on $mux $procmux$19788.
    dead port 1/2 on $mux $procmux$19785.
    dead port 1/2 on $mux $procmux$19782.
    dead port 1/2 on $mux $procmux$19779.
    dead port 1/2 on $mux $procmux$19776.
    dead port 1/2 on $mux $procmux$19773.
    dead port 1/2 on $mux $procmux$19770.
    dead port 1/2 on $mux $procmux$19767.
    dead port 1/2 on $mux $procmux$19764.
    dead port 1/2 on $mux $procmux$19761.
    dead port 1/2 on $mux $procmux$19758.
    dead port 1/2 on $mux $procmux$19755.
    dead port 1/2 on $mux $procmux$19752.
    dead port 1/2 on $mux $procmux$19749.
    dead port 1/2 on $mux $procmux$19743.
    dead port 1/2 on $mux $procmux$19740.
    dead port 1/2 on $mux $procmux$19737.
    dead port 1/2 on $mux $procmux$19734.
    dead port 1/2 on $mux $procmux$19731.
    dead port 1/2 on $mux $procmux$19728.
    dead port 1/2 on $mux $procmux$19725.
    dead port 1/2 on $mux $procmux$19722.
    dead port 1/2 on $mux $procmux$19719.
    dead port 1/2 on $mux $procmux$19716.
    dead port 1/2 on $mux $procmux$19713.
    dead port 1/2 on $mux $procmux$19710.
    dead port 1/2 on $mux $procmux$19707.
    dead port 1/2 on $mux $procmux$19704.
    dead port 1/2 on $mux $procmux$19701.
    dead port 1/2 on $mux $procmux$19698.
    dead port 1/2 on $mux $procmux$19695.
    dead port 1/2 on $mux $procmux$19692.
    dead port 1/2 on $mux $procmux$19689.
    dead port 1/2 on $mux $procmux$19686.
    dead port 1/2 on $mux $procmux$19683.
    dead port 1/2 on $mux $procmux$19680.
    dead port 1/2 on $mux $procmux$19677.
    dead port 1/2 on $mux $procmux$19674.
    dead port 1/2 on $mux $procmux$19671.
    dead port 1/2 on $mux $procmux$19668.
    dead port 1/2 on $mux $procmux$19665.
    dead port 1/2 on $mux $procmux$19662.
    dead port 1/2 on $mux $procmux$19659.
    dead port 1/2 on $mux $procmux$19656.
    dead port 1/2 on $mux $procmux$19653.
    dead port 1/2 on $mux $procmux$19650.
    dead port 1/2 on $mux $procmux$19647.
    dead port 1/2 on $mux $procmux$19644.
    dead port 1/2 on $mux $procmux$19641.
    dead port 1/2 on $mux $procmux$19638.
    dead port 1/2 on $mux $procmux$19635.
    dead port 1/2 on $mux $procmux$19632.
    dead port 1/2 on $mux $procmux$19629.
    dead port 1/2 on $mux $procmux$19626.
    dead port 1/2 on $mux $procmux$19623.
    dead port 1/2 on $mux $procmux$19620.
    dead port 1/2 on $mux $procmux$19617.
    dead port 1/2 on $mux $procmux$19614.
    dead port 1/2 on $mux $procmux$19611.
    dead port 1/2 on $mux $procmux$19608.
    dead port 1/2 on $mux $procmux$19605.
    dead port 1/2 on $mux $procmux$19602.
    dead port 1/2 on $mux $procmux$19599.
    dead port 1/2 on $mux $procmux$19596.
    dead port 1/2 on $mux $procmux$19593.
    dead port 1/2 on $mux $procmux$19590.
    dead port 1/2 on $mux $procmux$19587.
    dead port 1/2 on $mux $procmux$19584.
    dead port 1/2 on $mux $procmux$19581.
    dead port 1/2 on $mux $procmux$19578.
    dead port 1/2 on $mux $procmux$19575.
    dead port 1/2 on $mux $procmux$19569.
    dead port 1/2 on $mux $procmux$19566.
    dead port 1/2 on $mux $procmux$19563.
    dead port 1/2 on $mux $procmux$19560.
    dead port 1/2 on $mux $procmux$19557.
    dead port 1/2 on $mux $procmux$19554.
    dead port 1/2 on $mux $procmux$19551.
    dead port 1/2 on $mux $procmux$19548.
    dead port 1/2 on $mux $procmux$19545.
    dead port 1/2 on $mux $procmux$19542.
    dead port 1/2 on $mux $procmux$19539.
    dead port 1/2 on $mux $procmux$19536.
    dead port 1/2 on $mux $procmux$19533.
    dead port 1/2 on $mux $procmux$19530.
    dead port 1/2 on $mux $procmux$19527.
    dead port 1/2 on $mux $procmux$19524.
    dead port 1/2 on $mux $procmux$19521.
    dead port 1/2 on $mux $procmux$19518.
    dead port 1/2 on $mux $procmux$19515.
    dead port 1/2 on $mux $procmux$19512.
    dead port 1/2 on $mux $procmux$19509.
    dead port 1/2 on $mux $procmux$19506.
    dead port 1/2 on $mux $procmux$19503.
    dead port 1/2 on $mux $procmux$19500.
    dead port 1/2 on $mux $procmux$19497.
    dead port 1/2 on $mux $procmux$19494.
    dead port 1/2 on $mux $procmux$19491.
    dead port 1/2 on $mux $procmux$19488.
    dead port 1/2 on $mux $procmux$19485.
    dead port 1/2 on $mux $procmux$19482.
    dead port 1/2 on $mux $procmux$19479.
    dead port 1/2 on $mux $procmux$19476.
    dead port 1/2 on $mux $procmux$19473.
    dead port 1/2 on $mux $procmux$19470.
    dead port 1/2 on $mux $procmux$19467.
    dead port 1/2 on $mux $procmux$19464.
    dead port 1/2 on $mux $procmux$19461.
    dead port 1/2 on $mux $procmux$19458.
    dead port 1/2 on $mux $procmux$19455.
    dead port 1/2 on $mux $procmux$19452.
    dead port 1/2 on $mux $procmux$19449.
    dead port 1/2 on $mux $procmux$19446.
    dead port 1/2 on $mux $procmux$19443.
    dead port 1/2 on $mux $procmux$19440.
    dead port 1/2 on $mux $procmux$19437.
    dead port 1/2 on $mux $procmux$19434.
    dead port 1/2 on $mux $procmux$19431.
    dead port 1/2 on $mux $procmux$19428.
    dead port 1/2 on $mux $procmux$19425.
    dead port 1/2 on $mux $procmux$19422.
    dead port 1/2 on $mux $procmux$19419.
    dead port 1/2 on $mux $procmux$19416.
    dead port 1/2 on $mux $procmux$19413.
    dead port 1/2 on $mux $procmux$19410.
    dead port 1/2 on $mux $procmux$19407.
    dead port 1/2 on $mux $procmux$19404.
    dead port 1/2 on $mux $procmux$19401.
    dead port 1/2 on $mux $procmux$19398.
    dead port 1/2 on $mux $procmux$19392.
    dead port 1/2 on $mux $procmux$19389.
    dead port 1/2 on $mux $procmux$19386.
    dead port 1/2 on $mux $procmux$19383.
    dead port 1/2 on $mux $procmux$19380.
    dead port 1/2 on $mux $procmux$19377.
    dead port 1/2 on $mux $procmux$19374.
    dead port 1/2 on $mux $procmux$19371.
    dead port 1/2 on $mux $procmux$19368.
    dead port 1/2 on $mux $procmux$19365.
    dead port 1/2 on $mux $procmux$19362.
    dead port 1/2 on $mux $procmux$19359.
    dead port 1/2 on $mux $procmux$19356.
    dead port 1/2 on $mux $procmux$19353.
    dead port 1/2 on $mux $procmux$19350.
    dead port 1/2 on $mux $procmux$19347.
    dead port 1/2 on $mux $procmux$19344.
    dead port 1/2 on $mux $procmux$19341.
    dead port 1/2 on $mux $procmux$19338.
    dead port 1/2 on $mux $procmux$19335.
    dead port 1/2 on $mux $procmux$19332.
    dead port 1/2 on $mux $procmux$19329.
    dead port 1/2 on $mux $procmux$19326.
    dead port 1/2 on $mux $procmux$19323.
    dead port 1/2 on $mux $procmux$19320.
    dead port 1/2 on $mux $procmux$19317.
    dead port 1/2 on $mux $procmux$19314.
    dead port 1/2 on $mux $procmux$19311.
    dead port 1/2 on $mux $procmux$19308.
    dead port 1/2 on $mux $procmux$19305.
    dead port 1/2 on $mux $procmux$19302.
    dead port 1/2 on $mux $procmux$19299.
    dead port 1/2 on $mux $procmux$19296.
    dead port 1/2 on $mux $procmux$19293.
    dead port 1/2 on $mux $procmux$19290.
    dead port 1/2 on $mux $procmux$19287.
    dead port 1/2 on $mux $procmux$19284.
    dead port 1/2 on $mux $procmux$19281.
    dead port 1/2 on $mux $procmux$19278.
    dead port 1/2 on $mux $procmux$19275.
    dead port 1/2 on $mux $procmux$19272.
    dead port 1/2 on $mux $procmux$19269.
    dead port 1/2 on $mux $procmux$19266.
    dead port 1/2 on $mux $procmux$19263.
    dead port 1/2 on $mux $procmux$19260.
    dead port 1/2 on $mux $procmux$19257.
    dead port 1/2 on $mux $procmux$19254.
    dead port 1/2 on $mux $procmux$19251.
    dead port 1/2 on $mux $procmux$19248.
    dead port 1/2 on $mux $procmux$19245.
    dead port 1/2 on $mux $procmux$19242.
    dead port 1/2 on $mux $procmux$19239.
    dead port 1/2 on $mux $procmux$19236.
    dead port 1/2 on $mux $procmux$19233.
    dead port 1/2 on $mux $procmux$19230.
    dead port 1/2 on $mux $procmux$19227.
    dead port 1/2 on $mux $procmux$19224.
    dead port 1/2 on $mux $procmux$19221.
    dead port 1/2 on $mux $procmux$19218.
    dead port 1/2 on $mux $procmux$19212.
    dead port 1/2 on $mux $procmux$19209.
    dead port 1/2 on $mux $procmux$19206.
    dead port 1/2 on $mux $procmux$19203.
    dead port 1/2 on $mux $procmux$19200.
    dead port 1/2 on $mux $procmux$19197.
    dead port 1/2 on $mux $procmux$19194.
    dead port 1/2 on $mux $procmux$19191.
    dead port 1/2 on $mux $procmux$19188.
    dead port 1/2 on $mux $procmux$19185.
    dead port 1/2 on $mux $procmux$19182.
    dead port 1/2 on $mux $procmux$19179.
    dead port 1/2 on $mux $procmux$19176.
    dead port 1/2 on $mux $procmux$19173.
    dead port 1/2 on $mux $procmux$19170.
    dead port 1/2 on $mux $procmux$19167.
    dead port 1/2 on $mux $procmux$19164.
    dead port 1/2 on $mux $procmux$19161.
    dead port 1/2 on $mux $procmux$19158.
    dead port 1/2 on $mux $procmux$19155.
    dead port 1/2 on $mux $procmux$19152.
    dead port 1/2 on $mux $procmux$19149.
    dead port 1/2 on $mux $procmux$19146.
    dead port 1/2 on $mux $procmux$19143.
    dead port 1/2 on $mux $procmux$19140.
    dead port 1/2 on $mux $procmux$19137.
    dead port 1/2 on $mux $procmux$19134.
    dead port 1/2 on $mux $procmux$19131.
    dead port 1/2 on $mux $procmux$19128.
    dead port 1/2 on $mux $procmux$19125.
    dead port 1/2 on $mux $procmux$19122.
    dead port 1/2 on $mux $procmux$19119.
    dead port 1/2 on $mux $procmux$19116.
    dead port 1/2 on $mux $procmux$19113.
    dead port 1/2 on $mux $procmux$19110.
    dead port 1/2 on $mux $procmux$19107.
    dead port 1/2 on $mux $procmux$19104.
    dead port 1/2 on $mux $procmux$19101.
    dead port 1/2 on $mux $procmux$19098.
    dead port 1/2 on $mux $procmux$19095.
    dead port 1/2 on $mux $procmux$19092.
    dead port 1/2 on $mux $procmux$19089.
    dead port 1/2 on $mux $procmux$19086.
    dead port 1/2 on $mux $procmux$19083.
    dead port 1/2 on $mux $procmux$19080.
    dead port 1/2 on $mux $procmux$19077.
    dead port 1/2 on $mux $procmux$19074.
    dead port 1/2 on $mux $procmux$19071.
    dead port 1/2 on $mux $procmux$19068.
    dead port 1/2 on $mux $procmux$19065.
    dead port 1/2 on $mux $procmux$19062.
    dead port 1/2 on $mux $procmux$19059.
    dead port 1/2 on $mux $procmux$19056.
    dead port 1/2 on $mux $procmux$19053.
    dead port 1/2 on $mux $procmux$19050.
    dead port 1/2 on $mux $procmux$19047.
    dead port 1/2 on $mux $procmux$19044.
    dead port 1/2 on $mux $procmux$19041.
    dead port 1/2 on $mux $procmux$19038.
    dead port 1/2 on $mux $procmux$19035.
    dead port 1/2 on $mux $procmux$19029.
    dead port 1/2 on $mux $procmux$19026.
    dead port 1/2 on $mux $procmux$19023.
    dead port 1/2 on $mux $procmux$19020.
    dead port 1/2 on $mux $procmux$19017.
    dead port 1/2 on $mux $procmux$19014.
    dead port 1/2 on $mux $procmux$19011.
    dead port 1/2 on $mux $procmux$19008.
    dead port 1/2 on $mux $procmux$19005.
    dead port 1/2 on $mux $procmux$19002.
    dead port 1/2 on $mux $procmux$18999.
    dead port 1/2 on $mux $procmux$18996.
    dead port 1/2 on $mux $procmux$18993.
    dead port 1/2 on $mux $procmux$18990.
    dead port 1/2 on $mux $procmux$18987.
    dead port 1/2 on $mux $procmux$18984.
    dead port 1/2 on $mux $procmux$18981.
    dead port 1/2 on $mux $procmux$18978.
    dead port 1/2 on $mux $procmux$18975.
    dead port 1/2 on $mux $procmux$18972.
    dead port 1/2 on $mux $procmux$18969.
    dead port 1/2 on $mux $procmux$18966.
    dead port 1/2 on $mux $procmux$18963.
    dead port 1/2 on $mux $procmux$18960.
    dead port 1/2 on $mux $procmux$18957.
    dead port 1/2 on $mux $procmux$18954.
    dead port 1/2 on $mux $procmux$18951.
    dead port 1/2 on $mux $procmux$18948.
    dead port 1/2 on $mux $procmux$18945.
    dead port 1/2 on $mux $procmux$18942.
    dead port 1/2 on $mux $procmux$18939.
    dead port 1/2 on $mux $procmux$18936.
    dead port 1/2 on $mux $procmux$18933.
    dead port 1/2 on $mux $procmux$18930.
    dead port 1/2 on $mux $procmux$18927.
    dead port 1/2 on $mux $procmux$18924.
    dead port 1/2 on $mux $procmux$18921.
    dead port 1/2 on $mux $procmux$18918.
    dead port 1/2 on $mux $procmux$18915.
    dead port 1/2 on $mux $procmux$18912.
    dead port 1/2 on $mux $procmux$18909.
    dead port 1/2 on $mux $procmux$18906.
    dead port 1/2 on $mux $procmux$18903.
    dead port 1/2 on $mux $procmux$18900.
    dead port 1/2 on $mux $procmux$18897.
    dead port 1/2 on $mux $procmux$18894.
    dead port 1/2 on $mux $procmux$18891.
    dead port 1/2 on $mux $procmux$18888.
    dead port 1/2 on $mux $procmux$18885.
    dead port 1/2 on $mux $procmux$18882.
    dead port 1/2 on $mux $procmux$18879.
    dead port 1/2 on $mux $procmux$18876.
    dead port 1/2 on $mux $procmux$18873.
    dead port 1/2 on $mux $procmux$18870.
    dead port 1/2 on $mux $procmux$18867.
    dead port 1/2 on $mux $procmux$18864.
    dead port 1/2 on $mux $procmux$18861.
    dead port 1/2 on $mux $procmux$18858.
    dead port 1/2 on $mux $procmux$18855.
    dead port 1/2 on $mux $procmux$18852.
    dead port 1/2 on $mux $procmux$18849.
    dead port 1/2 on $mux $procmux$18843.
    dead port 1/2 on $mux $procmux$18840.
    dead port 1/2 on $mux $procmux$18837.
    dead port 1/2 on $mux $procmux$18834.
    dead port 1/2 on $mux $procmux$18831.
    dead port 1/2 on $mux $procmux$18828.
    dead port 1/2 on $mux $procmux$18825.
    dead port 1/2 on $mux $procmux$18822.
    dead port 1/2 on $mux $procmux$18819.
    dead port 1/2 on $mux $procmux$18816.
    dead port 1/2 on $mux $procmux$18813.
    dead port 1/2 on $mux $procmux$18810.
    dead port 1/2 on $mux $procmux$18807.
    dead port 1/2 on $mux $procmux$18804.
    dead port 1/2 on $mux $procmux$18801.
    dead port 1/2 on $mux $procmux$18798.
    dead port 1/2 on $mux $procmux$18795.
    dead port 1/2 on $mux $procmux$18792.
    dead port 1/2 on $mux $procmux$18789.
    dead port 1/2 on $mux $procmux$18786.
    dead port 1/2 on $mux $procmux$18783.
    dead port 1/2 on $mux $procmux$18780.
    dead port 1/2 on $mux $procmux$18777.
    dead port 1/2 on $mux $procmux$18774.
    dead port 1/2 on $mux $procmux$18771.
    dead port 1/2 on $mux $procmux$18768.
    dead port 1/2 on $mux $procmux$18765.
    dead port 1/2 on $mux $procmux$18762.
    dead port 1/2 on $mux $procmux$18759.
    dead port 1/2 on $mux $procmux$18756.
    dead port 1/2 on $mux $procmux$18753.
    dead port 1/2 on $mux $procmux$18750.
    dead port 1/2 on $mux $procmux$18747.
    dead port 1/2 on $mux $procmux$18744.
    dead port 1/2 on $mux $procmux$18741.
    dead port 1/2 on $mux $procmux$18738.
    dead port 1/2 on $mux $procmux$18735.
    dead port 1/2 on $mux $procmux$18732.
    dead port 1/2 on $mux $procmux$18729.
    dead port 1/2 on $mux $procmux$18726.
    dead port 1/2 on $mux $procmux$18723.
    dead port 1/2 on $mux $procmux$18720.
    dead port 1/2 on $mux $procmux$18717.
    dead port 1/2 on $mux $procmux$18714.
    dead port 1/2 on $mux $procmux$18711.
    dead port 1/2 on $mux $procmux$18708.
    dead port 1/2 on $mux $procmux$18705.
    dead port 1/2 on $mux $procmux$18702.
    dead port 1/2 on $mux $procmux$18699.
    dead port 1/2 on $mux $procmux$18696.
    dead port 1/2 on $mux $procmux$18693.
    dead port 1/2 on $mux $procmux$18690.
    dead port 1/2 on $mux $procmux$18687.
    dead port 1/2 on $mux $procmux$18684.
    dead port 1/2 on $mux $procmux$18681.
    dead port 1/2 on $mux $procmux$18678.
    dead port 1/2 on $mux $procmux$18675.
    dead port 1/2 on $mux $procmux$18672.
    dead port 1/2 on $mux $procmux$18669.
    dead port 1/2 on $mux $procmux$18666.
    dead port 1/2 on $mux $procmux$18663.
    dead port 1/2 on $mux $procmux$18660.
    dead port 1/2 on $mux $procmux$18654.
    dead port 1/2 on $mux $procmux$18651.
    dead port 1/2 on $mux $procmux$18648.
    dead port 1/2 on $mux $procmux$18645.
    dead port 1/2 on $mux $procmux$18642.
    dead port 1/2 on $mux $procmux$18639.
    dead port 1/2 on $mux $procmux$18636.
    dead port 1/2 on $mux $procmux$18633.
    dead port 1/2 on $mux $procmux$18630.
    dead port 1/2 on $mux $procmux$18627.
    dead port 1/2 on $mux $procmux$18624.
    dead port 1/2 on $mux $procmux$18621.
    dead port 1/2 on $mux $procmux$18618.
    dead port 1/2 on $mux $procmux$18615.
    dead port 1/2 on $mux $procmux$18612.
    dead port 1/2 on $mux $procmux$18609.
    dead port 1/2 on $mux $procmux$18606.
    dead port 1/2 on $mux $procmux$18603.
    dead port 1/2 on $mux $procmux$18600.
    dead port 1/2 on $mux $procmux$18597.
    dead port 1/2 on $mux $procmux$18594.
    dead port 1/2 on $mux $procmux$18591.
    dead port 1/2 on $mux $procmux$18588.
    dead port 1/2 on $mux $procmux$18585.
    dead port 1/2 on $mux $procmux$18582.
    dead port 1/2 on $mux $procmux$18579.
    dead port 1/2 on $mux $procmux$18576.
    dead port 1/2 on $mux $procmux$18573.
    dead port 1/2 on $mux $procmux$18570.
    dead port 1/2 on $mux $procmux$18567.
    dead port 1/2 on $mux $procmux$18564.
    dead port 1/2 on $mux $procmux$18561.
    dead port 1/2 on $mux $procmux$18558.
    dead port 1/2 on $mux $procmux$18555.
    dead port 1/2 on $mux $procmux$18552.
    dead port 1/2 on $mux $procmux$18549.
    dead port 1/2 on $mux $procmux$18546.
    dead port 1/2 on $mux $procmux$18543.
    dead port 1/2 on $mux $procmux$18540.
    dead port 1/2 on $mux $procmux$18537.
    dead port 1/2 on $mux $procmux$18534.
    dead port 1/2 on $mux $procmux$18531.
    dead port 1/2 on $mux $procmux$18528.
    dead port 1/2 on $mux $procmux$18525.
    dead port 1/2 on $mux $procmux$18522.
    dead port 1/2 on $mux $procmux$18519.
    dead port 1/2 on $mux $procmux$18516.
    dead port 1/2 on $mux $procmux$18513.
    dead port 1/2 on $mux $procmux$18510.
    dead port 1/2 on $mux $procmux$18507.
    dead port 1/2 on $mux $procmux$18504.
    dead port 1/2 on $mux $procmux$18501.
    dead port 1/2 on $mux $procmux$18498.
    dead port 1/2 on $mux $procmux$18495.
    dead port 1/2 on $mux $procmux$18492.
    dead port 1/2 on $mux $procmux$18489.
    dead port 1/2 on $mux $procmux$18486.
    dead port 1/2 on $mux $procmux$18483.
    dead port 1/2 on $mux $procmux$18480.
    dead port 1/2 on $mux $procmux$18477.
    dead port 1/2 on $mux $procmux$18474.
    dead port 1/2 on $mux $procmux$18471.
    dead port 1/2 on $mux $procmux$18468.
    dead port 1/2 on $mux $procmux$18462.
    dead port 1/2 on $mux $procmux$18459.
    dead port 1/2 on $mux $procmux$18456.
    dead port 1/2 on $mux $procmux$18453.
    dead port 1/2 on $mux $procmux$18450.
    dead port 1/2 on $mux $procmux$18447.
    dead port 1/2 on $mux $procmux$18444.
    dead port 1/2 on $mux $procmux$18441.
    dead port 1/2 on $mux $procmux$18438.
    dead port 1/2 on $mux $procmux$18435.
    dead port 1/2 on $mux $procmux$18432.
    dead port 1/2 on $mux $procmux$18429.
    dead port 1/2 on $mux $procmux$18426.
    dead port 1/2 on $mux $procmux$18423.
    dead port 1/2 on $mux $procmux$18420.
    dead port 1/2 on $mux $procmux$18417.
    dead port 1/2 on $mux $procmux$18414.
    dead port 1/2 on $mux $procmux$18411.
    dead port 1/2 on $mux $procmux$18408.
    dead port 1/2 on $mux $procmux$18405.
    dead port 1/2 on $mux $procmux$18402.
    dead port 1/2 on $mux $procmux$18399.
    dead port 1/2 on $mux $procmux$18396.
    dead port 1/2 on $mux $procmux$18393.
    dead port 1/2 on $mux $procmux$18390.
    dead port 1/2 on $mux $procmux$18387.
    dead port 1/2 on $mux $procmux$18384.
    dead port 1/2 on $mux $procmux$18381.
    dead port 1/2 on $mux $procmux$18378.
    dead port 1/2 on $mux $procmux$18375.
    dead port 1/2 on $mux $procmux$18372.
    dead port 1/2 on $mux $procmux$18369.
    dead port 1/2 on $mux $procmux$18366.
    dead port 1/2 on $mux $procmux$18363.
    dead port 1/2 on $mux $procmux$18360.
    dead port 1/2 on $mux $procmux$18357.
    dead port 1/2 on $mux $procmux$18354.
    dead port 1/2 on $mux $procmux$18351.
    dead port 1/2 on $mux $procmux$18348.
    dead port 1/2 on $mux $procmux$18345.
    dead port 1/2 on $mux $procmux$18342.
    dead port 1/2 on $mux $procmux$18339.
    dead port 1/2 on $mux $procmux$18336.
    dead port 1/2 on $mux $procmux$18333.
    dead port 1/2 on $mux $procmux$18330.
    dead port 1/2 on $mux $procmux$18327.
    dead port 1/2 on $mux $procmux$18324.
    dead port 1/2 on $mux $procmux$18321.
    dead port 1/2 on $mux $procmux$18318.
    dead port 1/2 on $mux $procmux$18315.
    dead port 1/2 on $mux $procmux$18312.
    dead port 1/2 on $mux $procmux$18309.
    dead port 1/2 on $mux $procmux$18306.
    dead port 1/2 on $mux $procmux$18303.
    dead port 1/2 on $mux $procmux$18300.
    dead port 1/2 on $mux $procmux$18297.
    dead port 1/2 on $mux $procmux$18294.
    dead port 1/2 on $mux $procmux$18291.
    dead port 1/2 on $mux $procmux$18288.
    dead port 1/2 on $mux $procmux$18285.
    dead port 1/2 on $mux $procmux$18282.
    dead port 1/2 on $mux $procmux$18279.
    dead port 1/2 on $mux $procmux$18276.
    dead port 1/2 on $mux $procmux$18273.
    dead port 1/2 on $mux $procmux$18267.
    dead port 1/2 on $mux $procmux$18264.
    dead port 1/2 on $mux $procmux$18261.
    dead port 1/2 on $mux $procmux$18258.
    dead port 1/2 on $mux $procmux$18255.
    dead port 1/2 on $mux $procmux$18252.
    dead port 1/2 on $mux $procmux$18249.
    dead port 1/2 on $mux $procmux$18246.
    dead port 1/2 on $mux $procmux$18243.
    dead port 1/2 on $mux $procmux$18240.
    dead port 1/2 on $mux $procmux$18237.
    dead port 1/2 on $mux $procmux$18234.
    dead port 1/2 on $mux $procmux$18231.
    dead port 1/2 on $mux $procmux$18228.
    dead port 1/2 on $mux $procmux$18225.
    dead port 1/2 on $mux $procmux$18222.
    dead port 1/2 on $mux $procmux$18219.
    dead port 1/2 on $mux $procmux$18216.
    dead port 1/2 on $mux $procmux$18213.
    dead port 1/2 on $mux $procmux$18210.
    dead port 1/2 on $mux $procmux$18207.
    dead port 1/2 on $mux $procmux$18204.
    dead port 1/2 on $mux $procmux$18201.
    dead port 1/2 on $mux $procmux$18198.
    dead port 1/2 on $mux $procmux$18195.
    dead port 1/2 on $mux $procmux$18192.
    dead port 1/2 on $mux $procmux$18189.
    dead port 1/2 on $mux $procmux$18186.
    dead port 1/2 on $mux $procmux$18183.
    dead port 1/2 on $mux $procmux$18180.
    dead port 1/2 on $mux $procmux$18177.
    dead port 1/2 on $mux $procmux$18174.
    dead port 1/2 on $mux $procmux$18171.
    dead port 1/2 on $mux $procmux$18168.
    dead port 1/2 on $mux $procmux$18165.
    dead port 1/2 on $mux $procmux$18162.
    dead port 1/2 on $mux $procmux$18159.
    dead port 1/2 on $mux $procmux$18156.
    dead port 1/2 on $mux $procmux$18153.
    dead port 1/2 on $mux $procmux$18150.
    dead port 1/2 on $mux $procmux$18147.
    dead port 1/2 on $mux $procmux$18144.
    dead port 1/2 on $mux $procmux$18141.
    dead port 1/2 on $mux $procmux$18138.
    dead port 1/2 on $mux $procmux$18135.
    dead port 1/2 on $mux $procmux$18132.
    dead port 1/2 on $mux $procmux$18129.
    dead port 1/2 on $mux $procmux$18126.
    dead port 1/2 on $mux $procmux$18123.
    dead port 1/2 on $mux $procmux$18120.
    dead port 1/2 on $mux $procmux$18117.
    dead port 1/2 on $mux $procmux$18114.
    dead port 1/2 on $mux $procmux$18111.
    dead port 1/2 on $mux $procmux$18108.
    dead port 1/2 on $mux $procmux$18105.
    dead port 1/2 on $mux $procmux$18102.
    dead port 1/2 on $mux $procmux$18099.
    dead port 1/2 on $mux $procmux$18096.
    dead port 1/2 on $mux $procmux$18093.
    dead port 1/2 on $mux $procmux$18090.
    dead port 1/2 on $mux $procmux$18087.
    dead port 1/2 on $mux $procmux$18084.
    dead port 1/2 on $mux $procmux$18081.
    dead port 1/2 on $mux $procmux$18078.
    dead port 1/2 on $mux $procmux$18075.
    dead port 1/2 on $mux $procmux$18069.
    dead port 1/2 on $mux $procmux$18066.
    dead port 1/2 on $mux $procmux$18063.
    dead port 1/2 on $mux $procmux$18060.
    dead port 1/2 on $mux $procmux$18057.
    dead port 1/2 on $mux $procmux$18054.
    dead port 1/2 on $mux $procmux$18051.
    dead port 1/2 on $mux $procmux$18048.
    dead port 1/2 on $mux $procmux$18045.
    dead port 1/2 on $mux $procmux$18042.
    dead port 1/2 on $mux $procmux$18039.
    dead port 1/2 on $mux $procmux$18036.
    dead port 1/2 on $mux $procmux$18033.
    dead port 1/2 on $mux $procmux$18030.
    dead port 1/2 on $mux $procmux$18027.
    dead port 1/2 on $mux $procmux$18024.
    dead port 1/2 on $mux $procmux$18021.
    dead port 1/2 on $mux $procmux$18018.
    dead port 1/2 on $mux $procmux$18015.
    dead port 1/2 on $mux $procmux$18012.
    dead port 1/2 on $mux $procmux$18009.
    dead port 1/2 on $mux $procmux$18006.
    dead port 1/2 on $mux $procmux$18003.
    dead port 1/2 on $mux $procmux$18000.
    dead port 1/2 on $mux $procmux$17997.
    dead port 1/2 on $mux $procmux$17994.
    dead port 1/2 on $mux $procmux$17991.
    dead port 1/2 on $mux $procmux$17988.
    dead port 1/2 on $mux $procmux$17985.
    dead port 1/2 on $mux $procmux$17982.
    dead port 1/2 on $mux $procmux$17979.
    dead port 1/2 on $mux $procmux$17976.
    dead port 1/2 on $mux $procmux$17973.
    dead port 1/2 on $mux $procmux$17970.
    dead port 1/2 on $mux $procmux$17967.
    dead port 1/2 on $mux $procmux$17964.
    dead port 1/2 on $mux $procmux$17961.
    dead port 1/2 on $mux $procmux$17958.
    dead port 1/2 on $mux $procmux$17955.
    dead port 1/2 on $mux $procmux$17952.
    dead port 1/2 on $mux $procmux$17949.
    dead port 1/2 on $mux $procmux$17946.
    dead port 1/2 on $mux $procmux$17943.
    dead port 1/2 on $mux $procmux$17940.
    dead port 1/2 on $mux $procmux$17937.
    dead port 1/2 on $mux $procmux$17934.
    dead port 1/2 on $mux $procmux$17931.
    dead port 1/2 on $mux $procmux$17928.
    dead port 1/2 on $mux $procmux$17925.
    dead port 1/2 on $mux $procmux$17922.
    dead port 1/2 on $mux $procmux$17919.
    dead port 1/2 on $mux $procmux$17916.
    dead port 1/2 on $mux $procmux$17913.
    dead port 1/2 on $mux $procmux$17910.
    dead port 1/2 on $mux $procmux$17907.
    dead port 1/2 on $mux $procmux$17904.
    dead port 1/2 on $mux $procmux$17901.
    dead port 1/2 on $mux $procmux$17898.
    dead port 1/2 on $mux $procmux$17895.
    dead port 1/2 on $mux $procmux$17892.
    dead port 1/2 on $mux $procmux$17889.
    dead port 1/2 on $mux $procmux$17886.
    dead port 1/2 on $mux $procmux$17883.
    dead port 1/2 on $mux $procmux$17880.
    dead port 1/2 on $mux $procmux$17877.
    dead port 1/2 on $mux $procmux$17874.
    dead port 1/2 on $mux $procmux$17868.
    dead port 1/2 on $mux $procmux$17865.
    dead port 1/2 on $mux $procmux$17862.
    dead port 1/2 on $mux $procmux$17859.
    dead port 1/2 on $mux $procmux$17856.
    dead port 1/2 on $mux $procmux$17853.
    dead port 1/2 on $mux $procmux$17850.
    dead port 1/2 on $mux $procmux$17847.
    dead port 1/2 on $mux $procmux$17844.
    dead port 1/2 on $mux $procmux$17841.
    dead port 1/2 on $mux $procmux$17838.
    dead port 1/2 on $mux $procmux$17835.
    dead port 1/2 on $mux $procmux$17832.
    dead port 1/2 on $mux $procmux$17829.
    dead port 1/2 on $mux $procmux$17826.
    dead port 1/2 on $mux $procmux$17823.
    dead port 1/2 on $mux $procmux$17820.
    dead port 1/2 on $mux $procmux$17817.
    dead port 1/2 on $mux $procmux$17814.
    dead port 1/2 on $mux $procmux$17811.
    dead port 1/2 on $mux $procmux$17808.
    dead port 1/2 on $mux $procmux$17805.
    dead port 1/2 on $mux $procmux$17802.
    dead port 1/2 on $mux $procmux$17799.
    dead port 1/2 on $mux $procmux$17796.
    dead port 1/2 on $mux $procmux$17793.
    dead port 1/2 on $mux $procmux$17790.
    dead port 1/2 on $mux $procmux$17787.
    dead port 1/2 on $mux $procmux$17784.
    dead port 1/2 on $mux $procmux$17781.
    dead port 1/2 on $mux $procmux$17778.
    dead port 1/2 on $mux $procmux$17775.
    dead port 1/2 on $mux $procmux$17772.
    dead port 1/2 on $mux $procmux$17769.
    dead port 1/2 on $mux $procmux$17766.
    dead port 1/2 on $mux $procmux$17763.
    dead port 1/2 on $mux $procmux$17760.
    dead port 1/2 on $mux $procmux$17757.
    dead port 1/2 on $mux $procmux$17754.
    dead port 1/2 on $mux $procmux$17751.
    dead port 1/2 on $mux $procmux$17748.
    dead port 1/2 on $mux $procmux$17745.
    dead port 1/2 on $mux $procmux$17742.
    dead port 1/2 on $mux $procmux$17739.
    dead port 1/2 on $mux $procmux$17736.
    dead port 1/2 on $mux $procmux$17733.
    dead port 1/2 on $mux $procmux$17730.
    dead port 1/2 on $mux $procmux$17727.
    dead port 1/2 on $mux $procmux$17724.
    dead port 1/2 on $mux $procmux$17721.
    dead port 1/2 on $mux $procmux$17718.
    dead port 1/2 on $mux $procmux$17715.
    dead port 1/2 on $mux $procmux$17712.
    dead port 1/2 on $mux $procmux$17709.
    dead port 1/2 on $mux $procmux$17706.
    dead port 1/2 on $mux $procmux$17703.
    dead port 1/2 on $mux $procmux$17700.
    dead port 1/2 on $mux $procmux$17697.
    dead port 1/2 on $mux $procmux$17694.
    dead port 1/2 on $mux $procmux$17691.
    dead port 1/2 on $mux $procmux$17688.
    dead port 1/2 on $mux $procmux$17685.
    dead port 1/2 on $mux $procmux$17682.
    dead port 1/2 on $mux $procmux$17679.
    dead port 1/2 on $mux $procmux$17676.
    dead port 1/2 on $mux $procmux$17673.
    dead port 1/2 on $mux $procmux$17670.
    dead port 1/2 on $mux $procmux$17664.
    dead port 1/2 on $mux $procmux$17661.
    dead port 1/2 on $mux $procmux$17658.
    dead port 1/2 on $mux $procmux$17655.
    dead port 1/2 on $mux $procmux$17652.
    dead port 1/2 on $mux $procmux$17649.
    dead port 1/2 on $mux $procmux$17646.
    dead port 1/2 on $mux $procmux$17643.
    dead port 1/2 on $mux $procmux$17640.
    dead port 1/2 on $mux $procmux$17637.
    dead port 1/2 on $mux $procmux$17634.
    dead port 1/2 on $mux $procmux$17631.
    dead port 1/2 on $mux $procmux$17628.
    dead port 1/2 on $mux $procmux$17625.
    dead port 1/2 on $mux $procmux$17622.
    dead port 1/2 on $mux $procmux$17619.
    dead port 1/2 on $mux $procmux$17616.
    dead port 1/2 on $mux $procmux$17613.
    dead port 1/2 on $mux $procmux$17610.
    dead port 1/2 on $mux $procmux$17607.
    dead port 1/2 on $mux $procmux$17604.
    dead port 1/2 on $mux $procmux$17601.
    dead port 1/2 on $mux $procmux$17598.
    dead port 1/2 on $mux $procmux$17595.
    dead port 1/2 on $mux $procmux$17592.
    dead port 1/2 on $mux $procmux$17589.
    dead port 1/2 on $mux $procmux$17586.
    dead port 1/2 on $mux $procmux$17583.
    dead port 1/2 on $mux $procmux$17580.
    dead port 1/2 on $mux $procmux$17577.
    dead port 1/2 on $mux $procmux$17574.
    dead port 1/2 on $mux $procmux$17571.
    dead port 1/2 on $mux $procmux$17568.
    dead port 1/2 on $mux $procmux$17565.
    dead port 1/2 on $mux $procmux$17562.
    dead port 1/2 on $mux $procmux$17559.
    dead port 1/2 on $mux $procmux$17556.
    dead port 1/2 on $mux $procmux$17553.
    dead port 1/2 on $mux $procmux$17550.
    dead port 1/2 on $mux $procmux$17547.
    dead port 1/2 on $mux $procmux$17544.
    dead port 1/2 on $mux $procmux$17541.
    dead port 1/2 on $mux $procmux$17538.
    dead port 1/2 on $mux $procmux$17535.
    dead port 1/2 on $mux $procmux$17532.
    dead port 1/2 on $mux $procmux$17529.
    dead port 1/2 on $mux $procmux$17526.
    dead port 1/2 on $mux $procmux$17523.
    dead port 1/2 on $mux $procmux$17520.
    dead port 1/2 on $mux $procmux$17517.
    dead port 1/2 on $mux $procmux$17514.
    dead port 1/2 on $mux $procmux$17511.
    dead port 1/2 on $mux $procmux$17508.
    dead port 1/2 on $mux $procmux$17505.
    dead port 1/2 on $mux $procmux$17502.
    dead port 1/2 on $mux $procmux$17499.
    dead port 1/2 on $mux $procmux$17496.
    dead port 1/2 on $mux $procmux$17493.
    dead port 1/2 on $mux $procmux$17490.
    dead port 1/2 on $mux $procmux$17487.
    dead port 1/2 on $mux $procmux$17484.
    dead port 1/2 on $mux $procmux$17481.
    dead port 1/2 on $mux $procmux$17478.
    dead port 1/2 on $mux $procmux$17475.
    dead port 1/2 on $mux $procmux$17472.
    dead port 1/2 on $mux $procmux$17469.
    dead port 1/2 on $mux $procmux$17466.
    dead port 1/2 on $mux $procmux$17463.
    dead port 1/2 on $mux $procmux$17457.
    dead port 1/2 on $mux $procmux$17454.
    dead port 1/2 on $mux $procmux$17451.
    dead port 1/2 on $mux $procmux$17448.
    dead port 1/2 on $mux $procmux$17445.
    dead port 1/2 on $mux $procmux$17442.
    dead port 1/2 on $mux $procmux$17439.
    dead port 1/2 on $mux $procmux$17436.
    dead port 1/2 on $mux $procmux$17433.
    dead port 1/2 on $mux $procmux$17430.
    dead port 1/2 on $mux $procmux$17427.
    dead port 1/2 on $mux $procmux$17424.
    dead port 1/2 on $mux $procmux$17421.
    dead port 1/2 on $mux $procmux$17418.
    dead port 1/2 on $mux $procmux$17415.
    dead port 1/2 on $mux $procmux$17412.
    dead port 1/2 on $mux $procmux$17409.
    dead port 1/2 on $mux $procmux$17406.
    dead port 1/2 on $mux $procmux$17403.
    dead port 1/2 on $mux $procmux$17400.
    dead port 1/2 on $mux $procmux$17397.
    dead port 1/2 on $mux $procmux$17394.
    dead port 1/2 on $mux $procmux$17391.
    dead port 1/2 on $mux $procmux$17388.
    dead port 1/2 on $mux $procmux$17385.
    dead port 1/2 on $mux $procmux$17382.
    dead port 1/2 on $mux $procmux$17379.
    dead port 1/2 on $mux $procmux$17376.
    dead port 1/2 on $mux $procmux$17373.
    dead port 1/2 on $mux $procmux$17370.
    dead port 1/2 on $mux $procmux$17367.
    dead port 1/2 on $mux $procmux$17364.
    dead port 1/2 on $mux $procmux$17361.
    dead port 1/2 on $mux $procmux$17358.
    dead port 1/2 on $mux $procmux$17355.
    dead port 1/2 on $mux $procmux$17352.
    dead port 1/2 on $mux $procmux$17349.
    dead port 1/2 on $mux $procmux$17346.
    dead port 1/2 on $mux $procmux$17343.
    dead port 1/2 on $mux $procmux$17340.
    dead port 1/2 on $mux $procmux$17337.
    dead port 1/2 on $mux $procmux$17334.
    dead port 1/2 on $mux $procmux$17331.
    dead port 1/2 on $mux $procmux$17328.
    dead port 1/2 on $mux $procmux$17325.
    dead port 1/2 on $mux $procmux$17322.
    dead port 1/2 on $mux $procmux$17319.
    dead port 1/2 on $mux $procmux$17316.
    dead port 1/2 on $mux $procmux$17313.
    dead port 1/2 on $mux $procmux$17310.
    dead port 1/2 on $mux $procmux$17307.
    dead port 1/2 on $mux $procmux$17304.
    dead port 1/2 on $mux $procmux$17301.
    dead port 1/2 on $mux $procmux$17298.
    dead port 1/2 on $mux $procmux$17295.
    dead port 1/2 on $mux $procmux$17292.
    dead port 1/2 on $mux $procmux$17289.
    dead port 1/2 on $mux $procmux$17286.
    dead port 1/2 on $mux $procmux$17283.
    dead port 1/2 on $mux $procmux$17280.
    dead port 1/2 on $mux $procmux$17277.
    dead port 1/2 on $mux $procmux$17274.
    dead port 1/2 on $mux $procmux$17271.
    dead port 1/2 on $mux $procmux$17268.
    dead port 1/2 on $mux $procmux$17265.
    dead port 1/2 on $mux $procmux$17262.
    dead port 1/2 on $mux $procmux$17259.
    dead port 1/2 on $mux $procmux$17256.
    dead port 1/2 on $mux $procmux$17253.
    dead port 1/2 on $mux $procmux$17247.
    dead port 1/2 on $mux $procmux$17244.
    dead port 1/2 on $mux $procmux$17241.
    dead port 1/2 on $mux $procmux$17238.
    dead port 1/2 on $mux $procmux$17235.
    dead port 1/2 on $mux $procmux$17232.
    dead port 1/2 on $mux $procmux$17229.
    dead port 1/2 on $mux $procmux$17226.
    dead port 1/2 on $mux $procmux$17223.
    dead port 1/2 on $mux $procmux$17220.
    dead port 1/2 on $mux $procmux$17217.
    dead port 1/2 on $mux $procmux$17214.
    dead port 1/2 on $mux $procmux$17211.
    dead port 1/2 on $mux $procmux$17208.
    dead port 1/2 on $mux $procmux$17205.
    dead port 1/2 on $mux $procmux$17202.
    dead port 1/2 on $mux $procmux$17199.
    dead port 1/2 on $mux $procmux$17196.
    dead port 1/2 on $mux $procmux$17193.
    dead port 1/2 on $mux $procmux$17190.
    dead port 1/2 on $mux $procmux$17187.
    dead port 1/2 on $mux $procmux$17184.
    dead port 1/2 on $mux $procmux$17181.
    dead port 1/2 on $mux $procmux$17178.
    dead port 1/2 on $mux $procmux$17175.
    dead port 1/2 on $mux $procmux$17172.
    dead port 1/2 on $mux $procmux$17169.
    dead port 1/2 on $mux $procmux$17166.
    dead port 1/2 on $mux $procmux$17163.
    dead port 1/2 on $mux $procmux$17160.
    dead port 1/2 on $mux $procmux$17157.
    dead port 1/2 on $mux $procmux$17154.
    dead port 1/2 on $mux $procmux$17151.
    dead port 1/2 on $mux $procmux$17148.
    dead port 1/2 on $mux $procmux$17145.
    dead port 1/2 on $mux $procmux$17142.
    dead port 1/2 on $mux $procmux$17139.
    dead port 1/2 on $mux $procmux$17136.
    dead port 1/2 on $mux $procmux$17133.
    dead port 1/2 on $mux $procmux$17130.
    dead port 1/2 on $mux $procmux$17127.
    dead port 1/2 on $mux $procmux$17124.
    dead port 1/2 on $mux $procmux$17121.
    dead port 1/2 on $mux $procmux$17118.
    dead port 1/2 on $mux $procmux$17115.
    dead port 1/2 on $mux $procmux$17112.
    dead port 1/2 on $mux $procmux$17109.
    dead port 1/2 on $mux $procmux$17106.
    dead port 1/2 on $mux $procmux$17103.
    dead port 1/2 on $mux $procmux$17100.
    dead port 1/2 on $mux $procmux$17097.
    dead port 1/2 on $mux $procmux$17094.
    dead port 1/2 on $mux $procmux$17091.
    dead port 1/2 on $mux $procmux$17088.
    dead port 1/2 on $mux $procmux$17085.
    dead port 1/2 on $mux $procmux$17082.
    dead port 1/2 on $mux $procmux$17079.
    dead port 1/2 on $mux $procmux$17076.
    dead port 1/2 on $mux $procmux$17073.
    dead port 1/2 on $mux $procmux$17070.
    dead port 1/2 on $mux $procmux$17067.
    dead port 1/2 on $mux $procmux$17064.
    dead port 1/2 on $mux $procmux$17061.
    dead port 1/2 on $mux $procmux$17058.
    dead port 1/2 on $mux $procmux$17055.
    dead port 1/2 on $mux $procmux$17052.
    dead port 1/2 on $mux $procmux$17049.
    dead port 1/2 on $mux $procmux$17046.
    dead port 1/2 on $mux $procmux$17043.
    dead port 1/2 on $mux $procmux$17040.
    dead port 1/2 on $mux $procmux$17034.
    dead port 1/2 on $mux $procmux$17031.
    dead port 1/2 on $mux $procmux$17028.
    dead port 1/2 on $mux $procmux$17025.
    dead port 1/2 on $mux $procmux$17022.
    dead port 1/2 on $mux $procmux$17019.
    dead port 1/2 on $mux $procmux$17016.
    dead port 1/2 on $mux $procmux$17013.
    dead port 1/2 on $mux $procmux$17010.
    dead port 1/2 on $mux $procmux$17007.
    dead port 1/2 on $mux $procmux$17004.
    dead port 1/2 on $mux $procmux$17001.
    dead port 1/2 on $mux $procmux$16998.
    dead port 1/2 on $mux $procmux$16995.
    dead port 1/2 on $mux $procmux$16992.
    dead port 1/2 on $mux $procmux$16989.
    dead port 1/2 on $mux $procmux$16986.
    dead port 1/2 on $mux $procmux$16983.
    dead port 1/2 on $mux $procmux$16980.
    dead port 1/2 on $mux $procmux$16977.
    dead port 1/2 on $mux $procmux$16974.
    dead port 1/2 on $mux $procmux$16971.
    dead port 1/2 on $mux $procmux$16968.
    dead port 1/2 on $mux $procmux$16965.
    dead port 1/2 on $mux $procmux$16962.
    dead port 1/2 on $mux $procmux$16959.
    dead port 1/2 on $mux $procmux$16956.
    dead port 1/2 on $mux $procmux$16953.
    dead port 1/2 on $mux $procmux$16950.
    dead port 1/2 on $mux $procmux$16947.
    dead port 1/2 on $mux $procmux$16944.
    dead port 1/2 on $mux $procmux$16941.
    dead port 1/2 on $mux $procmux$16938.
    dead port 1/2 on $mux $procmux$16935.
    dead port 1/2 on $mux $procmux$16932.
    dead port 1/2 on $mux $procmux$16929.
    dead port 1/2 on $mux $procmux$16926.
    dead port 1/2 on $mux $procmux$16923.
    dead port 1/2 on $mux $procmux$16920.
    dead port 1/2 on $mux $procmux$16917.
    dead port 1/2 on $mux $procmux$16914.
    dead port 1/2 on $mux $procmux$16911.
    dead port 1/2 on $mux $procmux$16908.
    dead port 1/2 on $mux $procmux$16905.
    dead port 1/2 on $mux $procmux$16902.
    dead port 1/2 on $mux $procmux$16899.
    dead port 1/2 on $mux $procmux$16896.
    dead port 1/2 on $mux $procmux$16893.
    dead port 1/2 on $mux $procmux$16890.
    dead port 1/2 on $mux $procmux$16887.
    dead port 1/2 on $mux $procmux$16884.
    dead port 1/2 on $mux $procmux$16881.
    dead port 1/2 on $mux $procmux$16878.
    dead port 1/2 on $mux $procmux$16875.
    dead port 1/2 on $mux $procmux$16872.
    dead port 1/2 on $mux $procmux$16869.
    dead port 1/2 on $mux $procmux$16866.
    dead port 1/2 on $mux $procmux$16863.
    dead port 1/2 on $mux $procmux$16860.
    dead port 1/2 on $mux $procmux$16857.
    dead port 1/2 on $mux $procmux$16854.
    dead port 1/2 on $mux $procmux$16851.
    dead port 1/2 on $mux $procmux$16848.
    dead port 1/2 on $mux $procmux$16845.
    dead port 1/2 on $mux $procmux$16842.
    dead port 1/2 on $mux $procmux$16839.
    dead port 1/2 on $mux $procmux$16836.
    dead port 1/2 on $mux $procmux$16833.
    dead port 1/2 on $mux $procmux$16830.
    dead port 1/2 on $mux $procmux$16827.
    dead port 1/2 on $mux $procmux$16824.
    dead port 1/2 on $mux $procmux$16818.
    dead port 1/2 on $mux $procmux$16815.
    dead port 1/2 on $mux $procmux$16812.
    dead port 1/2 on $mux $procmux$16809.
    dead port 1/2 on $mux $procmux$16806.
    dead port 1/2 on $mux $procmux$16803.
    dead port 1/2 on $mux $procmux$16800.
    dead port 1/2 on $mux $procmux$16797.
    dead port 1/2 on $mux $procmux$16794.
    dead port 1/2 on $mux $procmux$16791.
    dead port 1/2 on $mux $procmux$16788.
    dead port 1/2 on $mux $procmux$16785.
    dead port 1/2 on $mux $procmux$16782.
    dead port 1/2 on $mux $procmux$16779.
    dead port 1/2 on $mux $procmux$16776.
    dead port 1/2 on $mux $procmux$16773.
    dead port 1/2 on $mux $procmux$16770.
    dead port 1/2 on $mux $procmux$16767.
    dead port 1/2 on $mux $procmux$16764.
    dead port 1/2 on $mux $procmux$16761.
    dead port 1/2 on $mux $procmux$16758.
    dead port 1/2 on $mux $procmux$16755.
    dead port 1/2 on $mux $procmux$16752.
    dead port 1/2 on $mux $procmux$16749.
    dead port 1/2 on $mux $procmux$16746.
    dead port 1/2 on $mux $procmux$16743.
    dead port 1/2 on $mux $procmux$16740.
    dead port 1/2 on $mux $procmux$16737.
    dead port 1/2 on $mux $procmux$16734.
    dead port 1/2 on $mux $procmux$16731.
    dead port 1/2 on $mux $procmux$16728.
    dead port 1/2 on $mux $procmux$16725.
    dead port 1/2 on $mux $procmux$16722.
    dead port 1/2 on $mux $procmux$16719.
    dead port 1/2 on $mux $procmux$16716.
    dead port 1/2 on $mux $procmux$16713.
    dead port 1/2 on $mux $procmux$16710.
    dead port 1/2 on $mux $procmux$16707.
    dead port 1/2 on $mux $procmux$16704.
    dead port 1/2 on $mux $procmux$16701.
    dead port 1/2 on $mux $procmux$16698.
    dead port 1/2 on $mux $procmux$16695.
    dead port 1/2 on $mux $procmux$16692.
    dead port 1/2 on $mux $procmux$16689.
    dead port 1/2 on $mux $procmux$16686.
    dead port 1/2 on $mux $procmux$16683.
    dead port 1/2 on $mux $procmux$16680.
    dead port 1/2 on $mux $procmux$16677.
    dead port 1/2 on $mux $procmux$16674.
    dead port 1/2 on $mux $procmux$16671.
    dead port 1/2 on $mux $procmux$16668.
    dead port 1/2 on $mux $procmux$16665.
    dead port 1/2 on $mux $procmux$16662.
    dead port 1/2 on $mux $procmux$16659.
    dead port 1/2 on $mux $procmux$16656.
    dead port 1/2 on $mux $procmux$16653.
    dead port 1/2 on $mux $procmux$16650.
    dead port 1/2 on $mux $procmux$16647.
    dead port 1/2 on $mux $procmux$16644.
    dead port 1/2 on $mux $procmux$16641.
    dead port 1/2 on $mux $procmux$16638.
    dead port 1/2 on $mux $procmux$16635.
    dead port 1/2 on $mux $procmux$16632.
    dead port 1/2 on $mux $procmux$16629.
    dead port 1/2 on $mux $procmux$16626.
    dead port 1/2 on $mux $procmux$16623.
    dead port 1/2 on $mux $procmux$16620.
    dead port 1/2 on $mux $procmux$16617.
    dead port 1/2 on $mux $procmux$16614.
    dead port 1/2 on $mux $procmux$16611.
    dead port 1/2 on $mux $procmux$16608.
    dead port 1/2 on $mux $procmux$16605.
    dead port 1/2 on $mux $procmux$16599.
    dead port 1/2 on $mux $procmux$16596.
    dead port 1/2 on $mux $procmux$16593.
    dead port 1/2 on $mux $procmux$16590.
    dead port 1/2 on $mux $procmux$16587.
    dead port 1/2 on $mux $procmux$16584.
    dead port 1/2 on $mux $procmux$16581.
    dead port 1/2 on $mux $procmux$16578.
    dead port 1/2 on $mux $procmux$16575.
    dead port 1/2 on $mux $procmux$16572.
    dead port 1/2 on $mux $procmux$16569.
    dead port 1/2 on $mux $procmux$16566.
    dead port 1/2 on $mux $procmux$16563.
    dead port 1/2 on $mux $procmux$16560.
    dead port 1/2 on $mux $procmux$16557.
    dead port 1/2 on $mux $procmux$16554.
    dead port 1/2 on $mux $procmux$16551.
    dead port 1/2 on $mux $procmux$16548.
    dead port 1/2 on $mux $procmux$16545.
    dead port 1/2 on $mux $procmux$16542.
    dead port 1/2 on $mux $procmux$16539.
    dead port 1/2 on $mux $procmux$16536.
    dead port 1/2 on $mux $procmux$16533.
    dead port 1/2 on $mux $procmux$16530.
    dead port 1/2 on $mux $procmux$16527.
    dead port 1/2 on $mux $procmux$16524.
    dead port 1/2 on $mux $procmux$16521.
    dead port 1/2 on $mux $procmux$16518.
    dead port 1/2 on $mux $procmux$16515.
    dead port 1/2 on $mux $procmux$16512.
    dead port 1/2 on $mux $procmux$16509.
    dead port 1/2 on $mux $procmux$16506.
    dead port 1/2 on $mux $procmux$16503.
    dead port 1/2 on $mux $procmux$16500.
    dead port 1/2 on $mux $procmux$16497.
    dead port 1/2 on $mux $procmux$16494.
    dead port 1/2 on $mux $procmux$16491.
    dead port 1/2 on $mux $procmux$16488.
    dead port 1/2 on $mux $procmux$16485.
    dead port 1/2 on $mux $procmux$16482.
    dead port 1/2 on $mux $procmux$16479.
    dead port 1/2 on $mux $procmux$16476.
    dead port 1/2 on $mux $procmux$16473.
    dead port 1/2 on $mux $procmux$16470.
    dead port 1/2 on $mux $procmux$16467.
    dead port 1/2 on $mux $procmux$16464.
    dead port 1/2 on $mux $procmux$16461.
    dead port 1/2 on $mux $procmux$16458.
    dead port 1/2 on $mux $procmux$16455.
    dead port 1/2 on $mux $procmux$16452.
    dead port 1/2 on $mux $procmux$16449.
    dead port 1/2 on $mux $procmux$16446.
    dead port 1/2 on $mux $procmux$16443.
    dead port 1/2 on $mux $procmux$16440.
    dead port 1/2 on $mux $procmux$16437.
    dead port 1/2 on $mux $procmux$16434.
    dead port 1/2 on $mux $procmux$16431.
    dead port 1/2 on $mux $procmux$16428.
    dead port 1/2 on $mux $procmux$16425.
    dead port 1/2 on $mux $procmux$16422.
    dead port 1/2 on $mux $procmux$16419.
    dead port 1/2 on $mux $procmux$16416.
    dead port 1/2 on $mux $procmux$16413.
    dead port 1/2 on $mux $procmux$16410.
    dead port 1/2 on $mux $procmux$16407.
    dead port 1/2 on $mux $procmux$16404.
    dead port 1/2 on $mux $procmux$16401.
    dead port 1/2 on $mux $procmux$16398.
    dead port 1/2 on $mux $procmux$16395.
    dead port 1/2 on $mux $procmux$16392.
    dead port 1/2 on $mux $procmux$16389.
    dead port 1/2 on $mux $procmux$16386.
    dead port 1/2 on $mux $procmux$16383.
    dead port 1/2 on $mux $procmux$16377.
    dead port 1/2 on $mux $procmux$16374.
    dead port 1/2 on $mux $procmux$16371.
    dead port 1/2 on $mux $procmux$16368.
    dead port 1/2 on $mux $procmux$16365.
    dead port 1/2 on $mux $procmux$16362.
    dead port 1/2 on $mux $procmux$16359.
    dead port 1/2 on $mux $procmux$16356.
    dead port 1/2 on $mux $procmux$16353.
    dead port 1/2 on $mux $procmux$16350.
    dead port 1/2 on $mux $procmux$16347.
    dead port 1/2 on $mux $procmux$16344.
    dead port 1/2 on $mux $procmux$16341.
    dead port 1/2 on $mux $procmux$16338.
    dead port 1/2 on $mux $procmux$16335.
    dead port 1/2 on $mux $procmux$16332.
    dead port 1/2 on $mux $procmux$16329.
    dead port 1/2 on $mux $procmux$16326.
    dead port 1/2 on $mux $procmux$16323.
    dead port 1/2 on $mux $procmux$16320.
    dead port 1/2 on $mux $procmux$16317.
    dead port 1/2 on $mux $procmux$16314.
    dead port 1/2 on $mux $procmux$16311.
    dead port 1/2 on $mux $procmux$16308.
    dead port 1/2 on $mux $procmux$16305.
    dead port 1/2 on $mux $procmux$16302.
    dead port 1/2 on $mux $procmux$16299.
    dead port 1/2 on $mux $procmux$16296.
    dead port 1/2 on $mux $procmux$16293.
    dead port 1/2 on $mux $procmux$16290.
    dead port 1/2 on $mux $procmux$16287.
    dead port 1/2 on $mux $procmux$16284.
    dead port 1/2 on $mux $procmux$16281.
    dead port 1/2 on $mux $procmux$16278.
    dead port 1/2 on $mux $procmux$16275.
    dead port 1/2 on $mux $procmux$16272.
    dead port 1/2 on $mux $procmux$16269.
    dead port 1/2 on $mux $procmux$16266.
    dead port 1/2 on $mux $procmux$16263.
    dead port 1/2 on $mux $procmux$16260.
    dead port 1/2 on $mux $procmux$16257.
    dead port 1/2 on $mux $procmux$16254.
    dead port 1/2 on $mux $procmux$16251.
    dead port 1/2 on $mux $procmux$16248.
    dead port 1/2 on $mux $procmux$16245.
    dead port 1/2 on $mux $procmux$16242.
    dead port 1/2 on $mux $procmux$16239.
    dead port 1/2 on $mux $procmux$16236.
    dead port 1/2 on $mux $procmux$16233.
    dead port 1/2 on $mux $procmux$16230.
    dead port 1/2 on $mux $procmux$16227.
    dead port 1/2 on $mux $procmux$16224.
    dead port 1/2 on $mux $procmux$16221.
    dead port 1/2 on $mux $procmux$16218.
    dead port 1/2 on $mux $procmux$16215.
    dead port 1/2 on $mux $procmux$16212.
    dead port 1/2 on $mux $procmux$16209.
    dead port 1/2 on $mux $procmux$16206.
    dead port 1/2 on $mux $procmux$16203.
    dead port 1/2 on $mux $procmux$16200.
    dead port 1/2 on $mux $procmux$16197.
    dead port 1/2 on $mux $procmux$16194.
    dead port 1/2 on $mux $procmux$16191.
    dead port 1/2 on $mux $procmux$16188.
    dead port 1/2 on $mux $procmux$16185.
    dead port 1/2 on $mux $procmux$16182.
    dead port 1/2 on $mux $procmux$16179.
    dead port 1/2 on $mux $procmux$16176.
    dead port 1/2 on $mux $procmux$16173.
    dead port 1/2 on $mux $procmux$16170.
    dead port 1/2 on $mux $procmux$16167.
    dead port 1/2 on $mux $procmux$16164.
    dead port 1/2 on $mux $procmux$16161.
    dead port 1/2 on $mux $procmux$16158.
    dead port 1/2 on $mux $procmux$16152.
    dead port 1/2 on $mux $procmux$16149.
    dead port 1/2 on $mux $procmux$16146.
    dead port 1/2 on $mux $procmux$16143.
    dead port 1/2 on $mux $procmux$16140.
    dead port 1/2 on $mux $procmux$16137.
    dead port 1/2 on $mux $procmux$16134.
    dead port 1/2 on $mux $procmux$16131.
    dead port 1/2 on $mux $procmux$16128.
    dead port 1/2 on $mux $procmux$16125.
    dead port 1/2 on $mux $procmux$16122.
    dead port 1/2 on $mux $procmux$16119.
    dead port 1/2 on $mux $procmux$16116.
    dead port 1/2 on $mux $procmux$16113.
    dead port 1/2 on $mux $procmux$16110.
    dead port 1/2 on $mux $procmux$16107.
    dead port 1/2 on $mux $procmux$16104.
    dead port 1/2 on $mux $procmux$16101.
    dead port 1/2 on $mux $procmux$16098.
    dead port 1/2 on $mux $procmux$16095.
    dead port 1/2 on $mux $procmux$16092.
    dead port 1/2 on $mux $procmux$16089.
    dead port 1/2 on $mux $procmux$16086.
    dead port 1/2 on $mux $procmux$16083.
    dead port 1/2 on $mux $procmux$16080.
    dead port 1/2 on $mux $procmux$16077.
    dead port 1/2 on $mux $procmux$16074.
    dead port 1/2 on $mux $procmux$16071.
    dead port 1/2 on $mux $procmux$16068.
    dead port 1/2 on $mux $procmux$16065.
    dead port 1/2 on $mux $procmux$16062.
    dead port 1/2 on $mux $procmux$16059.
    dead port 1/2 on $mux $procmux$16056.
    dead port 1/2 on $mux $procmux$16053.
    dead port 1/2 on $mux $procmux$16050.
    dead port 1/2 on $mux $procmux$16047.
    dead port 1/2 on $mux $procmux$16044.
    dead port 1/2 on $mux $procmux$16041.
    dead port 1/2 on $mux $procmux$16038.
    dead port 1/2 on $mux $procmux$16035.
    dead port 1/2 on $mux $procmux$16032.
    dead port 1/2 on $mux $procmux$16029.
    dead port 1/2 on $mux $procmux$16026.
    dead port 1/2 on $mux $procmux$16023.
    dead port 1/2 on $mux $procmux$16020.
    dead port 1/2 on $mux $procmux$16017.
    dead port 1/2 on $mux $procmux$16014.
    dead port 1/2 on $mux $procmux$16011.
    dead port 1/2 on $mux $procmux$16008.
    dead port 1/2 on $mux $procmux$16005.
    dead port 1/2 on $mux $procmux$16002.
    dead port 1/2 on $mux $procmux$15999.
    dead port 1/2 on $mux $procmux$15996.
    dead port 1/2 on $mux $procmux$15993.
    dead port 1/2 on $mux $procmux$15990.
    dead port 1/2 on $mux $procmux$15987.
    dead port 1/2 on $mux $procmux$15984.
    dead port 1/2 on $mux $procmux$15981.
    dead port 1/2 on $mux $procmux$15978.
    dead port 1/2 on $mux $procmux$15975.
    dead port 1/2 on $mux $procmux$15972.
    dead port 1/2 on $mux $procmux$15969.
    dead port 1/2 on $mux $procmux$15966.
    dead port 1/2 on $mux $procmux$15963.
    dead port 1/2 on $mux $procmux$15960.
    dead port 1/2 on $mux $procmux$15957.
    dead port 1/2 on $mux $procmux$15954.
    dead port 1/2 on $mux $procmux$15951.
    dead port 1/2 on $mux $procmux$15948.
    dead port 1/2 on $mux $procmux$15945.
    dead port 1/2 on $mux $procmux$15942.
    dead port 1/2 on $mux $procmux$15939.
    dead port 1/2 on $mux $procmux$15936.
    dead port 1/2 on $mux $procmux$15933.
    dead port 1/2 on $mux $procmux$15930.
    dead port 1/2 on $mux $procmux$15924.
    dead port 1/2 on $mux $procmux$15921.
    dead port 1/2 on $mux $procmux$15918.
    dead port 1/2 on $mux $procmux$15915.
    dead port 1/2 on $mux $procmux$15912.
    dead port 1/2 on $mux $procmux$15909.
    dead port 1/2 on $mux $procmux$15906.
    dead port 1/2 on $mux $procmux$15903.
    dead port 1/2 on $mux $procmux$15900.
    dead port 1/2 on $mux $procmux$15897.
    dead port 1/2 on $mux $procmux$15894.
    dead port 1/2 on $mux $procmux$15891.
    dead port 1/2 on $mux $procmux$15888.
    dead port 1/2 on $mux $procmux$15885.
    dead port 1/2 on $mux $procmux$15882.
    dead port 1/2 on $mux $procmux$15879.
    dead port 1/2 on $mux $procmux$15876.
    dead port 1/2 on $mux $procmux$15873.
    dead port 1/2 on $mux $procmux$15870.
    dead port 1/2 on $mux $procmux$15867.
    dead port 1/2 on $mux $procmux$15864.
    dead port 1/2 on $mux $procmux$15861.
    dead port 1/2 on $mux $procmux$15858.
    dead port 1/2 on $mux $procmux$15855.
    dead port 1/2 on $mux $procmux$15852.
    dead port 1/2 on $mux $procmux$15849.
    dead port 1/2 on $mux $procmux$15846.
    dead port 1/2 on $mux $procmux$15843.
    dead port 1/2 on $mux $procmux$15840.
    dead port 1/2 on $mux $procmux$15837.
    dead port 1/2 on $mux $procmux$15834.
    dead port 1/2 on $mux $procmux$15831.
    dead port 1/2 on $mux $procmux$15828.
    dead port 1/2 on $mux $procmux$15825.
    dead port 1/2 on $mux $procmux$15822.
    dead port 1/2 on $mux $procmux$15819.
    dead port 1/2 on $mux $procmux$15816.
    dead port 1/2 on $mux $procmux$15813.
    dead port 1/2 on $mux $procmux$15810.
    dead port 1/2 on $mux $procmux$15807.
    dead port 1/2 on $mux $procmux$15804.
    dead port 1/2 on $mux $procmux$15801.
    dead port 1/2 on $mux $procmux$15798.
    dead port 1/2 on $mux $procmux$15795.
    dead port 1/2 on $mux $procmux$15792.
    dead port 1/2 on $mux $procmux$15789.
    dead port 1/2 on $mux $procmux$15786.
    dead port 1/2 on $mux $procmux$15783.
    dead port 1/2 on $mux $procmux$15780.
    dead port 1/2 on $mux $procmux$15777.
    dead port 1/2 on $mux $procmux$15774.
    dead port 1/2 on $mux $procmux$15771.
    dead port 1/2 on $mux $procmux$15768.
    dead port 1/2 on $mux $procmux$15765.
    dead port 1/2 on $mux $procmux$15762.
    dead port 1/2 on $mux $procmux$15759.
    dead port 1/2 on $mux $procmux$15756.
    dead port 1/2 on $mux $procmux$15753.
    dead port 1/2 on $mux $procmux$15750.
    dead port 1/2 on $mux $procmux$15747.
    dead port 1/2 on $mux $procmux$15744.
    dead port 1/2 on $mux $procmux$15741.
    dead port 1/2 on $mux $procmux$15738.
    dead port 1/2 on $mux $procmux$15735.
    dead port 1/2 on $mux $procmux$15732.
    dead port 1/2 on $mux $procmux$15729.
    dead port 1/2 on $mux $procmux$15726.
    dead port 1/2 on $mux $procmux$15723.
    dead port 1/2 on $mux $procmux$15720.
    dead port 1/2 on $mux $procmux$15717.
    dead port 1/2 on $mux $procmux$15714.
    dead port 1/2 on $mux $procmux$15711.
    dead port 1/2 on $mux $procmux$15708.
    dead port 1/2 on $mux $procmux$15705.
    dead port 1/2 on $mux $procmux$15702.
    dead port 1/2 on $mux $procmux$15699.
    dead port 1/2 on $mux $procmux$15693.
    dead port 1/2 on $mux $procmux$15690.
    dead port 1/2 on $mux $procmux$15687.
    dead port 1/2 on $mux $procmux$15684.
    dead port 1/2 on $mux $procmux$15681.
    dead port 1/2 on $mux $procmux$15678.
    dead port 1/2 on $mux $procmux$15675.
    dead port 1/2 on $mux $procmux$15672.
    dead port 1/2 on $mux $procmux$15669.
    dead port 1/2 on $mux $procmux$15666.
    dead port 1/2 on $mux $procmux$15663.
    dead port 1/2 on $mux $procmux$15660.
    dead port 1/2 on $mux $procmux$15657.
    dead port 1/2 on $mux $procmux$15654.
    dead port 1/2 on $mux $procmux$15651.
    dead port 1/2 on $mux $procmux$15648.
    dead port 1/2 on $mux $procmux$15645.
    dead port 1/2 on $mux $procmux$15642.
    dead port 1/2 on $mux $procmux$15639.
    dead port 1/2 on $mux $procmux$15636.
    dead port 1/2 on $mux $procmux$15633.
    dead port 1/2 on $mux $procmux$15630.
    dead port 1/2 on $mux $procmux$15627.
    dead port 1/2 on $mux $procmux$15624.
    dead port 1/2 on $mux $procmux$15621.
    dead port 1/2 on $mux $procmux$15618.
    dead port 1/2 on $mux $procmux$15615.
    dead port 1/2 on $mux $procmux$15612.
    dead port 1/2 on $mux $procmux$15609.
    dead port 1/2 on $mux $procmux$15606.
    dead port 1/2 on $mux $procmux$15603.
    dead port 1/2 on $mux $procmux$15600.
    dead port 1/2 on $mux $procmux$15597.
    dead port 1/2 on $mux $procmux$15594.
    dead port 1/2 on $mux $procmux$15591.
    dead port 1/2 on $mux $procmux$15588.
    dead port 1/2 on $mux $procmux$15585.
    dead port 1/2 on $mux $procmux$15582.
    dead port 1/2 on $mux $procmux$15579.
    dead port 1/2 on $mux $procmux$15576.
    dead port 1/2 on $mux $procmux$15573.
    dead port 1/2 on $mux $procmux$15570.
    dead port 1/2 on $mux $procmux$15567.
    dead port 1/2 on $mux $procmux$15564.
    dead port 1/2 on $mux $procmux$15561.
    dead port 1/2 on $mux $procmux$15558.
    dead port 1/2 on $mux $procmux$15555.
    dead port 1/2 on $mux $procmux$15552.
    dead port 1/2 on $mux $procmux$15549.
    dead port 1/2 on $mux $procmux$15546.
    dead port 1/2 on $mux $procmux$15543.
    dead port 1/2 on $mux $procmux$15540.
    dead port 1/2 on $mux $procmux$15537.
    dead port 1/2 on $mux $procmux$15534.
    dead port 1/2 on $mux $procmux$15531.
    dead port 1/2 on $mux $procmux$15528.
    dead port 1/2 on $mux $procmux$15525.
    dead port 1/2 on $mux $procmux$15522.
    dead port 1/2 on $mux $procmux$15519.
    dead port 1/2 on $mux $procmux$15516.
    dead port 1/2 on $mux $procmux$15513.
    dead port 1/2 on $mux $procmux$15510.
    dead port 1/2 on $mux $procmux$15507.
    dead port 1/2 on $mux $procmux$15504.
    dead port 1/2 on $mux $procmux$15501.
    dead port 1/2 on $mux $procmux$15498.
    dead port 1/2 on $mux $procmux$15495.
    dead port 1/2 on $mux $procmux$15492.
    dead port 1/2 on $mux $procmux$15489.
    dead port 1/2 on $mux $procmux$15486.
    dead port 1/2 on $mux $procmux$15483.
    dead port 1/2 on $mux $procmux$15480.
    dead port 1/2 on $mux $procmux$15477.
    dead port 1/2 on $mux $procmux$15474.
    dead port 1/2 on $mux $procmux$15471.
    dead port 1/2 on $mux $procmux$15468.
    dead port 1/2 on $mux $procmux$15465.
    dead port 1/2 on $mux $procmux$15459.
    dead port 1/2 on $mux $procmux$15456.
    dead port 1/2 on $mux $procmux$15453.
    dead port 1/2 on $mux $procmux$15450.
    dead port 1/2 on $mux $procmux$15447.
    dead port 1/2 on $mux $procmux$15444.
    dead port 1/2 on $mux $procmux$15441.
    dead port 1/2 on $mux $procmux$15438.
    dead port 1/2 on $mux $procmux$15435.
    dead port 1/2 on $mux $procmux$15432.
    dead port 1/2 on $mux $procmux$15429.
    dead port 1/2 on $mux $procmux$15426.
    dead port 1/2 on $mux $procmux$15423.
    dead port 1/2 on $mux $procmux$15420.
    dead port 1/2 on $mux $procmux$15417.
    dead port 1/2 on $mux $procmux$15414.
    dead port 1/2 on $mux $procmux$15411.
    dead port 1/2 on $mux $procmux$15408.
    dead port 1/2 on $mux $procmux$15405.
    dead port 1/2 on $mux $procmux$15402.
    dead port 1/2 on $mux $procmux$15399.
    dead port 1/2 on $mux $procmux$15396.
    dead port 1/2 on $mux $procmux$15393.
    dead port 1/2 on $mux $procmux$15390.
    dead port 1/2 on $mux $procmux$15387.
    dead port 1/2 on $mux $procmux$15384.
    dead port 1/2 on $mux $procmux$15381.
    dead port 1/2 on $mux $procmux$15378.
    dead port 1/2 on $mux $procmux$15375.
    dead port 1/2 on $mux $procmux$15372.
    dead port 1/2 on $mux $procmux$15369.
    dead port 1/2 on $mux $procmux$15366.
    dead port 1/2 on $mux $procmux$15363.
    dead port 1/2 on $mux $procmux$15360.
    dead port 1/2 on $mux $procmux$15357.
    dead port 1/2 on $mux $procmux$15354.
    dead port 1/2 on $mux $procmux$15351.
    dead port 1/2 on $mux $procmux$15348.
    dead port 1/2 on $mux $procmux$15345.
    dead port 1/2 on $mux $procmux$15342.
    dead port 1/2 on $mux $procmux$15339.
    dead port 1/2 on $mux $procmux$15336.
    dead port 1/2 on $mux $procmux$15333.
    dead port 1/2 on $mux $procmux$15330.
    dead port 1/2 on $mux $procmux$15327.
    dead port 1/2 on $mux $procmux$15324.
    dead port 1/2 on $mux $procmux$15321.
    dead port 1/2 on $mux $procmux$15318.
    dead port 1/2 on $mux $procmux$15315.
    dead port 1/2 on $mux $procmux$15312.
    dead port 1/2 on $mux $procmux$15309.
    dead port 1/2 on $mux $procmux$15306.
    dead port 1/2 on $mux $procmux$15303.
    dead port 1/2 on $mux $procmux$15300.
    dead port 1/2 on $mux $procmux$15297.
    dead port 1/2 on $mux $procmux$15294.
    dead port 1/2 on $mux $procmux$15291.
    dead port 1/2 on $mux $procmux$15288.
    dead port 1/2 on $mux $procmux$15285.
    dead port 1/2 on $mux $procmux$15282.
    dead port 1/2 on $mux $procmux$15279.
    dead port 1/2 on $mux $procmux$15276.
    dead port 1/2 on $mux $procmux$15273.
    dead port 1/2 on $mux $procmux$15270.
    dead port 1/2 on $mux $procmux$15267.
    dead port 1/2 on $mux $procmux$15264.
    dead port 1/2 on $mux $procmux$15261.
    dead port 1/2 on $mux $procmux$15258.
    dead port 1/2 on $mux $procmux$15255.
    dead port 1/2 on $mux $procmux$15252.
    dead port 1/2 on $mux $procmux$15249.
    dead port 1/2 on $mux $procmux$15246.
    dead port 1/2 on $mux $procmux$15243.
    dead port 1/2 on $mux $procmux$15240.
    dead port 1/2 on $mux $procmux$15237.
    dead port 1/2 on $mux $procmux$15234.
    dead port 1/2 on $mux $procmux$15231.
    dead port 1/2 on $mux $procmux$15228.
    dead port 1/2 on $mux $procmux$15222.
    dead port 1/2 on $mux $procmux$15219.
    dead port 1/2 on $mux $procmux$15216.
    dead port 1/2 on $mux $procmux$15213.
    dead port 1/2 on $mux $procmux$15210.
    dead port 1/2 on $mux $procmux$15207.
    dead port 1/2 on $mux $procmux$15204.
    dead port 1/2 on $mux $procmux$15201.
    dead port 1/2 on $mux $procmux$15198.
    dead port 1/2 on $mux $procmux$15195.
    dead port 1/2 on $mux $procmux$15192.
    dead port 1/2 on $mux $procmux$15189.
    dead port 1/2 on $mux $procmux$15186.
    dead port 1/2 on $mux $procmux$15183.
    dead port 1/2 on $mux $procmux$15180.
    dead port 1/2 on $mux $procmux$15177.
    dead port 1/2 on $mux $procmux$15174.
    dead port 1/2 on $mux $procmux$15171.
    dead port 1/2 on $mux $procmux$15168.
    dead port 1/2 on $mux $procmux$15165.
    dead port 1/2 on $mux $procmux$15162.
    dead port 1/2 on $mux $procmux$15159.
    dead port 1/2 on $mux $procmux$15156.
    dead port 1/2 on $mux $procmux$15153.
    dead port 1/2 on $mux $procmux$15150.
    dead port 1/2 on $mux $procmux$15147.
    dead port 1/2 on $mux $procmux$15144.
    dead port 1/2 on $mux $procmux$15141.
    dead port 1/2 on $mux $procmux$15138.
    dead port 1/2 on $mux $procmux$15135.
    dead port 1/2 on $mux $procmux$15132.
    dead port 1/2 on $mux $procmux$15129.
    dead port 1/2 on $mux $procmux$15126.
    dead port 1/2 on $mux $procmux$15123.
    dead port 1/2 on $mux $procmux$15120.
    dead port 1/2 on $mux $procmux$15117.
    dead port 1/2 on $mux $procmux$15114.
    dead port 1/2 on $mux $procmux$15111.
    dead port 1/2 on $mux $procmux$15108.
    dead port 1/2 on $mux $procmux$15105.
    dead port 1/2 on $mux $procmux$15102.
    dead port 1/2 on $mux $procmux$15099.
    dead port 1/2 on $mux $procmux$15096.
    dead port 1/2 on $mux $procmux$15093.
    dead port 1/2 on $mux $procmux$15090.
    dead port 1/2 on $mux $procmux$15087.
    dead port 1/2 on $mux $procmux$15084.
    dead port 1/2 on $mux $procmux$15081.
    dead port 1/2 on $mux $procmux$15078.
    dead port 1/2 on $mux $procmux$15075.
    dead port 1/2 on $mux $procmux$15072.
    dead port 1/2 on $mux $procmux$15069.
    dead port 1/2 on $mux $procmux$15066.
    dead port 1/2 on $mux $procmux$15063.
    dead port 1/2 on $mux $procmux$15060.
    dead port 1/2 on $mux $procmux$15057.
    dead port 1/2 on $mux $procmux$15054.
    dead port 1/2 on $mux $procmux$15051.
    dead port 1/2 on $mux $procmux$15048.
    dead port 1/2 on $mux $procmux$15045.
    dead port 1/2 on $mux $procmux$15042.
    dead port 1/2 on $mux $procmux$15039.
    dead port 1/2 on $mux $procmux$15036.
    dead port 1/2 on $mux $procmux$15033.
    dead port 1/2 on $mux $procmux$15030.
    dead port 1/2 on $mux $procmux$15027.
    dead port 1/2 on $mux $procmux$15024.
    dead port 1/2 on $mux $procmux$15021.
    dead port 1/2 on $mux $procmux$15018.
    dead port 1/2 on $mux $procmux$15015.
    dead port 1/2 on $mux $procmux$15012.
    dead port 1/2 on $mux $procmux$15009.
    dead port 1/2 on $mux $procmux$15006.
    dead port 1/2 on $mux $procmux$15003.
    dead port 1/2 on $mux $procmux$15000.
    dead port 1/2 on $mux $procmux$14997.
    dead port 1/2 on $mux $procmux$14994.
    dead port 1/2 on $mux $procmux$14991.
    dead port 1/2 on $mux $procmux$14988.
    dead port 1/2 on $mux $procmux$14982.
    dead port 1/2 on $mux $procmux$14979.
    dead port 1/2 on $mux $procmux$14976.
    dead port 1/2 on $mux $procmux$14973.
    dead port 1/2 on $mux $procmux$14970.
    dead port 1/2 on $mux $procmux$14967.
    dead port 1/2 on $mux $procmux$14964.
    dead port 1/2 on $mux $procmux$14961.
    dead port 1/2 on $mux $procmux$14958.
    dead port 1/2 on $mux $procmux$14955.
    dead port 1/2 on $mux $procmux$14952.
    dead port 1/2 on $mux $procmux$14949.
    dead port 1/2 on $mux $procmux$14946.
    dead port 1/2 on $mux $procmux$14943.
    dead port 1/2 on $mux $procmux$14940.
    dead port 1/2 on $mux $procmux$14937.
    dead port 1/2 on $mux $procmux$14934.
    dead port 1/2 on $mux $procmux$14931.
    dead port 1/2 on $mux $procmux$14928.
    dead port 1/2 on $mux $procmux$14925.
    dead port 1/2 on $mux $procmux$14922.
    dead port 1/2 on $mux $procmux$14919.
    dead port 1/2 on $mux $procmux$14916.
    dead port 1/2 on $mux $procmux$14913.
    dead port 1/2 on $mux $procmux$14910.
    dead port 1/2 on $mux $procmux$14907.
    dead port 1/2 on $mux $procmux$14904.
    dead port 1/2 on $mux $procmux$14901.
    dead port 1/2 on $mux $procmux$14898.
    dead port 1/2 on $mux $procmux$14895.
    dead port 1/2 on $mux $procmux$14892.
    dead port 1/2 on $mux $procmux$14889.
    dead port 1/2 on $mux $procmux$14886.
    dead port 1/2 on $mux $procmux$14883.
    dead port 1/2 on $mux $procmux$14880.
    dead port 1/2 on $mux $procmux$14877.
    dead port 1/2 on $mux $procmux$14874.
    dead port 1/2 on $mux $procmux$14871.
    dead port 1/2 on $mux $procmux$14868.
    dead port 1/2 on $mux $procmux$14865.
    dead port 1/2 on $mux $procmux$14862.
    dead port 1/2 on $mux $procmux$14859.
    dead port 1/2 on $mux $procmux$14856.
    dead port 1/2 on $mux $procmux$14853.
    dead port 1/2 on $mux $procmux$14850.
    dead port 1/2 on $mux $procmux$14847.
    dead port 1/2 on $mux $procmux$14844.
    dead port 1/2 on $mux $procmux$14841.
    dead port 1/2 on $mux $procmux$14838.
    dead port 1/2 on $mux $procmux$14835.
    dead port 1/2 on $mux $procmux$14832.
    dead port 1/2 on $mux $procmux$14829.
    dead port 1/2 on $mux $procmux$14826.
    dead port 1/2 on $mux $procmux$14823.
    dead port 1/2 on $mux $procmux$14820.
    dead port 1/2 on $mux $procmux$14817.
    dead port 1/2 on $mux $procmux$14814.
    dead port 1/2 on $mux $procmux$14811.
    dead port 1/2 on $mux $procmux$14808.
    dead port 1/2 on $mux $procmux$14805.
    dead port 1/2 on $mux $procmux$14802.
    dead port 1/2 on $mux $procmux$14799.
    dead port 1/2 on $mux $procmux$14796.
    dead port 1/2 on $mux $procmux$14793.
    dead port 1/2 on $mux $procmux$14790.
    dead port 1/2 on $mux $procmux$14787.
    dead port 1/2 on $mux $procmux$14784.
    dead port 1/2 on $mux $procmux$14781.
    dead port 1/2 on $mux $procmux$14778.
    dead port 1/2 on $mux $procmux$14775.
    dead port 1/2 on $mux $procmux$14772.
    dead port 1/2 on $mux $procmux$14769.
    dead port 1/2 on $mux $procmux$14766.
    dead port 1/2 on $mux $procmux$14763.
    dead port 1/2 on $mux $procmux$14760.
    dead port 1/2 on $mux $procmux$14757.
    dead port 1/2 on $mux $procmux$14754.
    dead port 1/2 on $mux $procmux$14751.
    dead port 1/2 on $mux $procmux$14748.
    dead port 1/2 on $mux $procmux$14745.
    dead port 1/2 on $mux $procmux$14739.
    dead port 1/2 on $mux $procmux$14736.
    dead port 1/2 on $mux $procmux$14733.
    dead port 1/2 on $mux $procmux$14730.
    dead port 1/2 on $mux $procmux$14727.
    dead port 1/2 on $mux $procmux$14724.
    dead port 1/2 on $mux $procmux$14721.
    dead port 1/2 on $mux $procmux$14718.
    dead port 1/2 on $mux $procmux$14715.
    dead port 1/2 on $mux $procmux$14712.
    dead port 1/2 on $mux $procmux$14709.
    dead port 1/2 on $mux $procmux$14706.
    dead port 1/2 on $mux $procmux$14703.
    dead port 1/2 on $mux $procmux$14700.
    dead port 1/2 on $mux $procmux$14697.
    dead port 1/2 on $mux $procmux$14694.
    dead port 1/2 on $mux $procmux$14691.
    dead port 1/2 on $mux $procmux$14688.
    dead port 1/2 on $mux $procmux$14685.
    dead port 1/2 on $mux $procmux$14682.
    dead port 1/2 on $mux $procmux$14679.
    dead port 1/2 on $mux $procmux$14676.
    dead port 1/2 on $mux $procmux$14673.
    dead port 1/2 on $mux $procmux$14670.
    dead port 1/2 on $mux $procmux$14667.
    dead port 1/2 on $mux $procmux$14664.
    dead port 1/2 on $mux $procmux$14661.
    dead port 1/2 on $mux $procmux$14658.
    dead port 1/2 on $mux $procmux$14655.
    dead port 1/2 on $mux $procmux$14652.
    dead port 1/2 on $mux $procmux$14649.
    dead port 1/2 on $mux $procmux$14646.
    dead port 1/2 on $mux $procmux$14643.
    dead port 1/2 on $mux $procmux$14640.
    dead port 1/2 on $mux $procmux$14637.
    dead port 1/2 on $mux $procmux$14634.
    dead port 1/2 on $mux $procmux$14631.
    dead port 1/2 on $mux $procmux$14628.
    dead port 1/2 on $mux $procmux$14625.
    dead port 1/2 on $mux $procmux$14622.
    dead port 1/2 on $mux $procmux$14619.
    dead port 1/2 on $mux $procmux$14616.
    dead port 1/2 on $mux $procmux$14613.
    dead port 1/2 on $mux $procmux$14610.
    dead port 1/2 on $mux $procmux$14607.
    dead port 1/2 on $mux $procmux$14604.
    dead port 1/2 on $mux $procmux$14601.
    dead port 1/2 on $mux $procmux$14598.
    dead port 1/2 on $mux $procmux$14595.
    dead port 1/2 on $mux $procmux$14592.
    dead port 1/2 on $mux $procmux$14589.
    dead port 1/2 on $mux $procmux$14586.
    dead port 1/2 on $mux $procmux$14583.
    dead port 1/2 on $mux $procmux$14580.
    dead port 1/2 on $mux $procmux$14577.
    dead port 1/2 on $mux $procmux$14574.
    dead port 1/2 on $mux $procmux$14571.
    dead port 1/2 on $mux $procmux$14568.
    dead port 1/2 on $mux $procmux$14565.
    dead port 1/2 on $mux $procmux$14562.
    dead port 1/2 on $mux $procmux$14559.
    dead port 1/2 on $mux $procmux$14556.
    dead port 1/2 on $mux $procmux$14553.
    dead port 1/2 on $mux $procmux$14550.
    dead port 1/2 on $mux $procmux$14547.
    dead port 1/2 on $mux $procmux$14544.
    dead port 1/2 on $mux $procmux$14541.
    dead port 1/2 on $mux $procmux$14538.
    dead port 1/2 on $mux $procmux$14535.
    dead port 1/2 on $mux $procmux$14532.
    dead port 1/2 on $mux $procmux$14529.
    dead port 1/2 on $mux $procmux$14526.
    dead port 1/2 on $mux $procmux$14523.
    dead port 1/2 on $mux $procmux$14520.
    dead port 1/2 on $mux $procmux$14517.
    dead port 1/2 on $mux $procmux$14514.
    dead port 1/2 on $mux $procmux$14511.
    dead port 1/2 on $mux $procmux$14508.
    dead port 1/2 on $mux $procmux$14505.
    dead port 1/2 on $mux $procmux$14502.
    dead port 1/2 on $mux $procmux$14499.
    dead port 1/2 on $mux $procmux$14493.
    dead port 1/2 on $mux $procmux$14490.
    dead port 1/2 on $mux $procmux$14487.
    dead port 1/2 on $mux $procmux$14484.
    dead port 1/2 on $mux $procmux$14481.
    dead port 1/2 on $mux $procmux$14478.
    dead port 1/2 on $mux $procmux$14475.
    dead port 1/2 on $mux $procmux$14472.
    dead port 1/2 on $mux $procmux$14469.
    dead port 1/2 on $mux $procmux$14466.
    dead port 1/2 on $mux $procmux$14463.
    dead port 1/2 on $mux $procmux$14460.
    dead port 1/2 on $mux $procmux$14457.
    dead port 1/2 on $mux $procmux$14454.
    dead port 1/2 on $mux $procmux$14451.
    dead port 1/2 on $mux $procmux$14448.
    dead port 1/2 on $mux $procmux$14445.
    dead port 1/2 on $mux $procmux$14442.
    dead port 1/2 on $mux $procmux$14439.
    dead port 1/2 on $mux $procmux$14436.
    dead port 1/2 on $mux $procmux$14433.
    dead port 1/2 on $mux $procmux$14430.
    dead port 1/2 on $mux $procmux$14427.
    dead port 1/2 on $mux $procmux$14424.
    dead port 1/2 on $mux $procmux$14421.
    dead port 1/2 on $mux $procmux$14418.
    dead port 1/2 on $mux $procmux$14415.
    dead port 1/2 on $mux $procmux$14412.
    dead port 1/2 on $mux $procmux$14409.
    dead port 1/2 on $mux $procmux$14406.
    dead port 1/2 on $mux $procmux$14403.
    dead port 1/2 on $mux $procmux$14400.
    dead port 1/2 on $mux $procmux$14397.
    dead port 1/2 on $mux $procmux$14394.
    dead port 1/2 on $mux $procmux$14391.
    dead port 1/2 on $mux $procmux$14388.
    dead port 1/2 on $mux $procmux$14385.
    dead port 1/2 on $mux $procmux$14382.
    dead port 1/2 on $mux $procmux$14379.
    dead port 1/2 on $mux $procmux$14376.
    dead port 1/2 on $mux $procmux$14373.
    dead port 1/2 on $mux $procmux$14370.
    dead port 1/2 on $mux $procmux$14367.
    dead port 1/2 on $mux $procmux$14364.
    dead port 1/2 on $mux $procmux$14361.
    dead port 1/2 on $mux $procmux$14358.
    dead port 1/2 on $mux $procmux$14355.
    dead port 1/2 on $mux $procmux$14352.
    dead port 1/2 on $mux $procmux$14349.
    dead port 1/2 on $mux $procmux$14346.
    dead port 1/2 on $mux $procmux$14343.
    dead port 1/2 on $mux $procmux$14340.
    dead port 1/2 on $mux $procmux$14337.
    dead port 1/2 on $mux $procmux$14334.
    dead port 1/2 on $mux $procmux$14331.
    dead port 1/2 on $mux $procmux$14328.
    dead port 1/2 on $mux $procmux$14325.
    dead port 1/2 on $mux $procmux$14322.
    dead port 1/2 on $mux $procmux$14319.
    dead port 1/2 on $mux $procmux$14316.
    dead port 1/2 on $mux $procmux$14313.
    dead port 1/2 on $mux $procmux$14310.
    dead port 1/2 on $mux $procmux$14307.
    dead port 1/2 on $mux $procmux$14304.
    dead port 1/2 on $mux $procmux$14301.
    dead port 1/2 on $mux $procmux$14298.
    dead port 1/2 on $mux $procmux$14295.
    dead port 1/2 on $mux $procmux$14292.
    dead port 1/2 on $mux $procmux$14289.
    dead port 1/2 on $mux $procmux$14286.
    dead port 1/2 on $mux $procmux$14283.
    dead port 1/2 on $mux $procmux$14280.
    dead port 1/2 on $mux $procmux$14277.
    dead port 1/2 on $mux $procmux$14274.
    dead port 1/2 on $mux $procmux$14271.
    dead port 1/2 on $mux $procmux$14268.
    dead port 1/2 on $mux $procmux$14265.
    dead port 1/2 on $mux $procmux$14262.
    dead port 1/2 on $mux $procmux$14259.
    dead port 1/2 on $mux $procmux$14256.
    dead port 1/2 on $mux $procmux$14253.
    dead port 1/2 on $mux $procmux$14250.
    dead port 1/2 on $mux $procmux$14244.
    dead port 1/2 on $mux $procmux$14241.
    dead port 1/2 on $mux $procmux$14238.
    dead port 1/2 on $mux $procmux$14235.
    dead port 1/2 on $mux $procmux$14232.
    dead port 1/2 on $mux $procmux$14229.
    dead port 1/2 on $mux $procmux$14226.
    dead port 1/2 on $mux $procmux$14223.
    dead port 1/2 on $mux $procmux$14220.
    dead port 1/2 on $mux $procmux$14217.
    dead port 1/2 on $mux $procmux$14214.
    dead port 1/2 on $mux $procmux$14211.
    dead port 1/2 on $mux $procmux$14208.
    dead port 1/2 on $mux $procmux$14205.
    dead port 1/2 on $mux $procmux$14202.
    dead port 1/2 on $mux $procmux$14199.
    dead port 1/2 on $mux $procmux$14196.
    dead port 1/2 on $mux $procmux$14193.
    dead port 1/2 on $mux $procmux$14190.
    dead port 1/2 on $mux $procmux$14187.
    dead port 1/2 on $mux $procmux$14184.
    dead port 1/2 on $mux $procmux$14181.
    dead port 1/2 on $mux $procmux$14178.
    dead port 1/2 on $mux $procmux$14175.
    dead port 1/2 on $mux $procmux$14172.
    dead port 1/2 on $mux $procmux$14169.
    dead port 1/2 on $mux $procmux$14166.
    dead port 1/2 on $mux $procmux$14163.
    dead port 1/2 on $mux $procmux$14160.
    dead port 1/2 on $mux $procmux$14157.
    dead port 1/2 on $mux $procmux$14154.
    dead port 1/2 on $mux $procmux$14151.
    dead port 1/2 on $mux $procmux$14148.
    dead port 1/2 on $mux $procmux$14145.
    dead port 1/2 on $mux $procmux$14142.
    dead port 1/2 on $mux $procmux$14139.
    dead port 1/2 on $mux $procmux$14136.
    dead port 1/2 on $mux $procmux$14133.
    dead port 1/2 on $mux $procmux$14130.
    dead port 1/2 on $mux $procmux$14127.
    dead port 1/2 on $mux $procmux$14124.
    dead port 1/2 on $mux $procmux$14121.
    dead port 1/2 on $mux $procmux$14118.
    dead port 1/2 on $mux $procmux$14115.
    dead port 1/2 on $mux $procmux$14112.
    dead port 1/2 on $mux $procmux$14109.
    dead port 1/2 on $mux $procmux$14106.
    dead port 1/2 on $mux $procmux$14103.
    dead port 1/2 on $mux $procmux$14100.
    dead port 1/2 on $mux $procmux$14097.
    dead port 1/2 on $mux $procmux$14094.
    dead port 1/2 on $mux $procmux$14091.
    dead port 1/2 on $mux $procmux$14088.
    dead port 1/2 on $mux $procmux$14085.
    dead port 1/2 on $mux $procmux$14082.
    dead port 1/2 on $mux $procmux$14079.
    dead port 1/2 on $mux $procmux$14076.
    dead port 1/2 on $mux $procmux$14073.
    dead port 1/2 on $mux $procmux$14070.
    dead port 1/2 on $mux $procmux$14067.
    dead port 1/2 on $mux $procmux$14064.
    dead port 1/2 on $mux $procmux$14061.
    dead port 1/2 on $mux $procmux$14058.
    dead port 1/2 on $mux $procmux$14055.
    dead port 1/2 on $mux $procmux$14052.
    dead port 1/2 on $mux $procmux$14049.
    dead port 1/2 on $mux $procmux$14046.
    dead port 1/2 on $mux $procmux$14043.
    dead port 1/2 on $mux $procmux$14040.
    dead port 1/2 on $mux $procmux$14037.
    dead port 1/2 on $mux $procmux$14034.
    dead port 1/2 on $mux $procmux$14031.
    dead port 1/2 on $mux $procmux$14028.
    dead port 1/2 on $mux $procmux$14025.
    dead port 1/2 on $mux $procmux$14022.
    dead port 1/2 on $mux $procmux$14019.
    dead port 1/2 on $mux $procmux$14016.
    dead port 1/2 on $mux $procmux$14013.
    dead port 1/2 on $mux $procmux$14010.
    dead port 1/2 on $mux $procmux$14007.
    dead port 1/2 on $mux $procmux$14004.
    dead port 1/2 on $mux $procmux$14001.
    dead port 1/2 on $mux $procmux$13998.
    dead port 1/2 on $mux $procmux$13992.
    dead port 1/2 on $mux $procmux$13989.
    dead port 1/2 on $mux $procmux$13986.
    dead port 1/2 on $mux $procmux$13983.
    dead port 1/2 on $mux $procmux$13980.
    dead port 1/2 on $mux $procmux$13977.
    dead port 1/2 on $mux $procmux$13974.
    dead port 1/2 on $mux $procmux$13971.
    dead port 1/2 on $mux $procmux$13968.
    dead port 1/2 on $mux $procmux$13965.
    dead port 1/2 on $mux $procmux$13962.
    dead port 1/2 on $mux $procmux$13959.
    dead port 1/2 on $mux $procmux$13956.
    dead port 1/2 on $mux $procmux$13953.
    dead port 1/2 on $mux $procmux$13950.
    dead port 1/2 on $mux $procmux$13947.
    dead port 1/2 on $mux $procmux$13944.
    dead port 1/2 on $mux $procmux$13941.
    dead port 1/2 on $mux $procmux$13938.
    dead port 1/2 on $mux $procmux$13935.
    dead port 1/2 on $mux $procmux$13932.
    dead port 1/2 on $mux $procmux$13929.
    dead port 1/2 on $mux $procmux$13926.
    dead port 1/2 on $mux $procmux$13923.
    dead port 1/2 on $mux $procmux$13920.
    dead port 1/2 on $mux $procmux$13917.
    dead port 1/2 on $mux $procmux$13914.
    dead port 1/2 on $mux $procmux$13911.
    dead port 1/2 on $mux $procmux$13908.
    dead port 1/2 on $mux $procmux$13905.
    dead port 1/2 on $mux $procmux$13902.
    dead port 1/2 on $mux $procmux$13899.
    dead port 1/2 on $mux $procmux$13896.
    dead port 1/2 on $mux $procmux$13893.
    dead port 1/2 on $mux $procmux$13890.
    dead port 1/2 on $mux $procmux$13887.
    dead port 1/2 on $mux $procmux$13884.
    dead port 1/2 on $mux $procmux$13881.
    dead port 1/2 on $mux $procmux$13878.
    dead port 1/2 on $mux $procmux$13875.
    dead port 1/2 on $mux $procmux$13872.
    dead port 1/2 on $mux $procmux$13869.
    dead port 1/2 on $mux $procmux$13866.
    dead port 1/2 on $mux $procmux$13863.
    dead port 1/2 on $mux $procmux$13860.
    dead port 1/2 on $mux $procmux$13857.
    dead port 1/2 on $mux $procmux$13854.
    dead port 1/2 on $mux $procmux$13851.
    dead port 1/2 on $mux $procmux$13848.
    dead port 1/2 on $mux $procmux$13845.
    dead port 1/2 on $mux $procmux$13842.
    dead port 1/2 on $mux $procmux$13839.
    dead port 1/2 on $mux $procmux$13836.
    dead port 1/2 on $mux $procmux$13833.
    dead port 1/2 on $mux $procmux$13830.
    dead port 1/2 on $mux $procmux$13827.
    dead port 1/2 on $mux $procmux$13824.
    dead port 1/2 on $mux $procmux$13821.
    dead port 1/2 on $mux $procmux$13818.
    dead port 1/2 on $mux $procmux$13815.
    dead port 1/2 on $mux $procmux$13812.
    dead port 1/2 on $mux $procmux$13809.
    dead port 1/2 on $mux $procmux$13806.
    dead port 1/2 on $mux $procmux$13803.
    dead port 1/2 on $mux $procmux$13800.
    dead port 1/2 on $mux $procmux$13797.
    dead port 1/2 on $mux $procmux$13794.
    dead port 1/2 on $mux $procmux$13791.
    dead port 1/2 on $mux $procmux$13788.
    dead port 1/2 on $mux $procmux$13785.
    dead port 1/2 on $mux $procmux$13782.
    dead port 1/2 on $mux $procmux$13779.
    dead port 1/2 on $mux $procmux$13776.
    dead port 1/2 on $mux $procmux$13773.
    dead port 1/2 on $mux $procmux$13770.
    dead port 1/2 on $mux $procmux$13767.
    dead port 1/2 on $mux $procmux$13764.
    dead port 1/2 on $mux $procmux$13761.
    dead port 1/2 on $mux $procmux$13758.
    dead port 1/2 on $mux $procmux$13755.
    dead port 1/2 on $mux $procmux$13752.
    dead port 1/2 on $mux $procmux$13749.
    dead port 1/2 on $mux $procmux$13746.
    dead port 1/2 on $mux $procmux$13743.
    dead port 1/2 on $mux $procmux$13737.
    dead port 1/2 on $mux $procmux$13734.
    dead port 1/2 on $mux $procmux$13731.
    dead port 1/2 on $mux $procmux$13728.
    dead port 1/2 on $mux $procmux$13725.
    dead port 1/2 on $mux $procmux$13722.
    dead port 1/2 on $mux $procmux$13719.
    dead port 1/2 on $mux $procmux$13716.
    dead port 1/2 on $mux $procmux$13713.
    dead port 1/2 on $mux $procmux$13710.
    dead port 1/2 on $mux $procmux$13707.
    dead port 1/2 on $mux $procmux$13704.
    dead port 1/2 on $mux $procmux$13701.
    dead port 1/2 on $mux $procmux$13698.
    dead port 1/2 on $mux $procmux$13695.
    dead port 1/2 on $mux $procmux$13692.
    dead port 1/2 on $mux $procmux$13689.
    dead port 1/2 on $mux $procmux$13686.
    dead port 1/2 on $mux $procmux$13683.
    dead port 1/2 on $mux $procmux$13680.
    dead port 1/2 on $mux $procmux$13677.
    dead port 1/2 on $mux $procmux$13674.
    dead port 1/2 on $mux $procmux$13671.
    dead port 1/2 on $mux $procmux$13668.
    dead port 1/2 on $mux $procmux$13665.
    dead port 1/2 on $mux $procmux$13662.
    dead port 1/2 on $mux $procmux$13659.
    dead port 1/2 on $mux $procmux$13656.
    dead port 1/2 on $mux $procmux$13653.
    dead port 1/2 on $mux $procmux$13650.
    dead port 1/2 on $mux $procmux$13647.
    dead port 1/2 on $mux $procmux$13644.
    dead port 1/2 on $mux $procmux$13641.
    dead port 1/2 on $mux $procmux$13638.
    dead port 1/2 on $mux $procmux$13635.
    dead port 1/2 on $mux $procmux$13632.
    dead port 1/2 on $mux $procmux$13629.
    dead port 1/2 on $mux $procmux$13626.
    dead port 1/2 on $mux $procmux$13623.
    dead port 1/2 on $mux $procmux$13620.
    dead port 1/2 on $mux $procmux$13617.
    dead port 1/2 on $mux $procmux$13614.
    dead port 1/2 on $mux $procmux$13611.
    dead port 1/2 on $mux $procmux$13608.
    dead port 1/2 on $mux $procmux$13605.
    dead port 1/2 on $mux $procmux$13602.
    dead port 1/2 on $mux $procmux$13599.
    dead port 1/2 on $mux $procmux$13596.
    dead port 1/2 on $mux $procmux$13593.
    dead port 1/2 on $mux $procmux$13590.
    dead port 1/2 on $mux $procmux$13587.
    dead port 1/2 on $mux $procmux$13584.
    dead port 1/2 on $mux $procmux$13581.
    dead port 1/2 on $mux $procmux$13578.
    dead port 1/2 on $mux $procmux$13575.
    dead port 1/2 on $mux $procmux$13572.
    dead port 1/2 on $mux $procmux$13569.
    dead port 1/2 on $mux $procmux$13566.
    dead port 1/2 on $mux $procmux$13563.
    dead port 1/2 on $mux $procmux$13560.
    dead port 1/2 on $mux $procmux$13557.
    dead port 1/2 on $mux $procmux$13554.
    dead port 1/2 on $mux $procmux$13551.
    dead port 1/2 on $mux $procmux$13548.
    dead port 1/2 on $mux $procmux$13545.
    dead port 1/2 on $mux $procmux$13542.
    dead port 1/2 on $mux $procmux$13539.
    dead port 1/2 on $mux $procmux$13536.
    dead port 1/2 on $mux $procmux$13533.
    dead port 1/2 on $mux $procmux$13530.
    dead port 1/2 on $mux $procmux$13527.
    dead port 1/2 on $mux $procmux$13524.
    dead port 1/2 on $mux $procmux$13521.
    dead port 1/2 on $mux $procmux$13518.
    dead port 1/2 on $mux $procmux$13515.
    dead port 1/2 on $mux $procmux$13512.
    dead port 1/2 on $mux $procmux$13509.
    dead port 1/2 on $mux $procmux$13506.
    dead port 1/2 on $mux $procmux$13503.
    dead port 1/2 on $mux $procmux$13500.
    dead port 1/2 on $mux $procmux$13497.
    dead port 1/2 on $mux $procmux$13494.
    dead port 1/2 on $mux $procmux$13491.
    dead port 1/2 on $mux $procmux$13488.
    dead port 1/2 on $mux $procmux$13485.
    dead port 1/2 on $mux $procmux$13479.
    dead port 1/2 on $mux $procmux$13476.
    dead port 1/2 on $mux $procmux$13473.
    dead port 1/2 on $mux $procmux$13470.
    dead port 1/2 on $mux $procmux$13467.
    dead port 1/2 on $mux $procmux$13464.
    dead port 1/2 on $mux $procmux$13461.
    dead port 1/2 on $mux $procmux$13458.
    dead port 1/2 on $mux $procmux$13455.
    dead port 1/2 on $mux $procmux$13452.
    dead port 1/2 on $mux $procmux$13449.
    dead port 1/2 on $mux $procmux$13446.
    dead port 1/2 on $mux $procmux$13443.
    dead port 1/2 on $mux $procmux$13440.
    dead port 1/2 on $mux $procmux$13437.
    dead port 1/2 on $mux $procmux$13434.
    dead port 1/2 on $mux $procmux$13431.
    dead port 1/2 on $mux $procmux$13428.
    dead port 1/2 on $mux $procmux$13425.
    dead port 1/2 on $mux $procmux$13422.
    dead port 1/2 on $mux $procmux$13419.
    dead port 1/2 on $mux $procmux$13416.
    dead port 1/2 on $mux $procmux$13413.
    dead port 1/2 on $mux $procmux$13410.
    dead port 1/2 on $mux $procmux$13407.
    dead port 1/2 on $mux $procmux$13404.
    dead port 1/2 on $mux $procmux$13401.
    dead port 1/2 on $mux $procmux$13398.
    dead port 1/2 on $mux $procmux$13395.
    dead port 1/2 on $mux $procmux$13392.
    dead port 1/2 on $mux $procmux$13389.
    dead port 1/2 on $mux $procmux$13386.
    dead port 1/2 on $mux $procmux$13383.
    dead port 1/2 on $mux $procmux$13380.
    dead port 1/2 on $mux $procmux$13377.
    dead port 1/2 on $mux $procmux$13374.
    dead port 1/2 on $mux $procmux$13371.
    dead port 1/2 on $mux $procmux$13368.
    dead port 1/2 on $mux $procmux$13365.
    dead port 1/2 on $mux $procmux$13362.
    dead port 1/2 on $mux $procmux$13359.
    dead port 1/2 on $mux $procmux$13356.
    dead port 1/2 on $mux $procmux$13353.
    dead port 1/2 on $mux $procmux$13350.
    dead port 1/2 on $mux $procmux$13347.
    dead port 1/2 on $mux $procmux$13344.
    dead port 1/2 on $mux $procmux$13341.
    dead port 1/2 on $mux $procmux$13338.
    dead port 1/2 on $mux $procmux$13335.
    dead port 1/2 on $mux $procmux$13332.
    dead port 1/2 on $mux $procmux$13329.
    dead port 1/2 on $mux $procmux$13326.
    dead port 1/2 on $mux $procmux$13323.
    dead port 1/2 on $mux $procmux$13320.
    dead port 1/2 on $mux $procmux$13317.
    dead port 1/2 on $mux $procmux$13314.
    dead port 1/2 on $mux $procmux$13311.
    dead port 1/2 on $mux $procmux$13308.
    dead port 1/2 on $mux $procmux$13305.
    dead port 1/2 on $mux $procmux$13302.
    dead port 1/2 on $mux $procmux$13299.
    dead port 1/2 on $mux $procmux$13296.
    dead port 1/2 on $mux $procmux$13293.
    dead port 1/2 on $mux $procmux$13290.
    dead port 1/2 on $mux $procmux$13287.
    dead port 1/2 on $mux $procmux$13284.
    dead port 1/2 on $mux $procmux$13281.
    dead port 1/2 on $mux $procmux$13278.
    dead port 1/2 on $mux $procmux$13275.
    dead port 1/2 on $mux $procmux$13272.
    dead port 1/2 on $mux $procmux$13269.
    dead port 1/2 on $mux $procmux$13266.
    dead port 1/2 on $mux $procmux$13263.
    dead port 1/2 on $mux $procmux$13260.
    dead port 1/2 on $mux $procmux$13257.
    dead port 1/2 on $mux $procmux$13254.
    dead port 1/2 on $mux $procmux$13251.
    dead port 1/2 on $mux $procmux$13248.
    dead port 1/2 on $mux $procmux$13245.
    dead port 1/2 on $mux $procmux$13242.
    dead port 1/2 on $mux $procmux$13239.
    dead port 1/2 on $mux $procmux$13236.
    dead port 1/2 on $mux $procmux$13233.
    dead port 1/2 on $mux $procmux$13230.
    dead port 1/2 on $mux $procmux$13227.
    dead port 1/2 on $mux $procmux$13224.
    dead port 1/2 on $mux $procmux$13218.
    dead port 1/2 on $mux $procmux$13215.
    dead port 1/2 on $mux $procmux$13212.
    dead port 1/2 on $mux $procmux$13209.
    dead port 1/2 on $mux $procmux$13206.
    dead port 1/2 on $mux $procmux$13203.
    dead port 1/2 on $mux $procmux$13200.
    dead port 1/2 on $mux $procmux$13197.
    dead port 1/2 on $mux $procmux$13194.
    dead port 1/2 on $mux $procmux$13191.
    dead port 1/2 on $mux $procmux$13188.
    dead port 1/2 on $mux $procmux$13185.
    dead port 1/2 on $mux $procmux$13182.
    dead port 1/2 on $mux $procmux$13179.
    dead port 1/2 on $mux $procmux$13176.
    dead port 1/2 on $mux $procmux$13173.
    dead port 1/2 on $mux $procmux$13170.
    dead port 1/2 on $mux $procmux$13167.
    dead port 1/2 on $mux $procmux$13164.
    dead port 1/2 on $mux $procmux$13161.
    dead port 1/2 on $mux $procmux$13158.
    dead port 1/2 on $mux $procmux$13155.
    dead port 1/2 on $mux $procmux$13152.
    dead port 1/2 on $mux $procmux$13149.
    dead port 1/2 on $mux $procmux$13146.
    dead port 1/2 on $mux $procmux$13143.
    dead port 1/2 on $mux $procmux$13140.
    dead port 1/2 on $mux $procmux$13137.
    dead port 1/2 on $mux $procmux$13134.
    dead port 1/2 on $mux $procmux$13131.
    dead port 1/2 on $mux $procmux$13128.
    dead port 1/2 on $mux $procmux$13125.
    dead port 1/2 on $mux $procmux$13122.
    dead port 1/2 on $mux $procmux$13119.
    dead port 1/2 on $mux $procmux$13116.
    dead port 1/2 on $mux $procmux$13113.
    dead port 1/2 on $mux $procmux$13110.
    dead port 1/2 on $mux $procmux$13107.
    dead port 1/2 on $mux $procmux$13104.
    dead port 1/2 on $mux $procmux$13101.
    dead port 1/2 on $mux $procmux$13098.
    dead port 1/2 on $mux $procmux$13095.
    dead port 1/2 on $mux $procmux$13092.
    dead port 1/2 on $mux $procmux$13089.
    dead port 1/2 on $mux $procmux$13086.
    dead port 1/2 on $mux $procmux$13083.
    dead port 1/2 on $mux $procmux$13080.
    dead port 1/2 on $mux $procmux$13077.
    dead port 1/2 on $mux $procmux$13074.
    dead port 1/2 on $mux $procmux$13071.
    dead port 1/2 on $mux $procmux$13068.
    dead port 1/2 on $mux $procmux$13065.
    dead port 1/2 on $mux $procmux$13062.
    dead port 1/2 on $mux $procmux$13059.
    dead port 1/2 on $mux $procmux$13056.
    dead port 1/2 on $mux $procmux$13053.
    dead port 1/2 on $mux $procmux$13050.
    dead port 1/2 on $mux $procmux$13047.
    dead port 1/2 on $mux $procmux$13044.
    dead port 1/2 on $mux $procmux$13041.
    dead port 1/2 on $mux $procmux$13038.
    dead port 1/2 on $mux $procmux$13035.
    dead port 1/2 on $mux $procmux$13032.
    dead port 1/2 on $mux $procmux$13029.
    dead port 1/2 on $mux $procmux$13026.
    dead port 1/2 on $mux $procmux$13023.
    dead port 1/2 on $mux $procmux$13020.
    dead port 1/2 on $mux $procmux$13017.
    dead port 1/2 on $mux $procmux$13014.
    dead port 1/2 on $mux $procmux$13011.
    dead port 1/2 on $mux $procmux$13008.
    dead port 1/2 on $mux $procmux$13005.
    dead port 1/2 on $mux $procmux$13002.
    dead port 1/2 on $mux $procmux$12999.
    dead port 1/2 on $mux $procmux$12996.
    dead port 1/2 on $mux $procmux$12993.
    dead port 1/2 on $mux $procmux$12990.
    dead port 1/2 on $mux $procmux$12987.
    dead port 1/2 on $mux $procmux$12984.
    dead port 1/2 on $mux $procmux$12981.
    dead port 1/2 on $mux $procmux$12978.
    dead port 1/2 on $mux $procmux$12975.
    dead port 1/2 on $mux $procmux$12972.
    dead port 1/2 on $mux $procmux$12969.
    dead port 1/2 on $mux $procmux$12966.
    dead port 1/2 on $mux $procmux$12963.
    dead port 1/2 on $mux $procmux$12960.
    dead port 1/2 on $mux $procmux$12954.
    dead port 1/2 on $mux $procmux$12951.
    dead port 1/2 on $mux $procmux$12948.
    dead port 1/2 on $mux $procmux$12945.
    dead port 1/2 on $mux $procmux$12942.
    dead port 1/2 on $mux $procmux$12939.
    dead port 1/2 on $mux $procmux$12936.
    dead port 1/2 on $mux $procmux$12933.
    dead port 1/2 on $mux $procmux$12930.
    dead port 1/2 on $mux $procmux$12927.
    dead port 1/2 on $mux $procmux$12924.
    dead port 1/2 on $mux $procmux$12921.
    dead port 1/2 on $mux $procmux$12918.
    dead port 1/2 on $mux $procmux$12915.
    dead port 1/2 on $mux $procmux$12912.
    dead port 1/2 on $mux $procmux$12909.
    dead port 1/2 on $mux $procmux$12906.
    dead port 1/2 on $mux $procmux$12903.
    dead port 1/2 on $mux $procmux$12900.
    dead port 1/2 on $mux $procmux$12897.
    dead port 1/2 on $mux $procmux$12894.
    dead port 1/2 on $mux $procmux$12891.
    dead port 1/2 on $mux $procmux$12888.
    dead port 1/2 on $mux $procmux$12885.
    dead port 1/2 on $mux $procmux$12882.
    dead port 1/2 on $mux $procmux$12879.
    dead port 1/2 on $mux $procmux$12876.
    dead port 1/2 on $mux $procmux$12873.
    dead port 1/2 on $mux $procmux$12870.
    dead port 1/2 on $mux $procmux$12867.
    dead port 1/2 on $mux $procmux$12864.
    dead port 1/2 on $mux $procmux$12861.
    dead port 1/2 on $mux $procmux$12858.
    dead port 1/2 on $mux $procmux$12855.
    dead port 1/2 on $mux $procmux$12852.
    dead port 1/2 on $mux $procmux$12849.
    dead port 1/2 on $mux $procmux$12846.
    dead port 1/2 on $mux $procmux$12843.
    dead port 1/2 on $mux $procmux$12840.
    dead port 1/2 on $mux $procmux$12837.
    dead port 1/2 on $mux $procmux$12834.
    dead port 1/2 on $mux $procmux$12831.
    dead port 1/2 on $mux $procmux$12828.
    dead port 1/2 on $mux $procmux$12825.
    dead port 1/2 on $mux $procmux$12822.
    dead port 1/2 on $mux $procmux$12819.
    dead port 1/2 on $mux $procmux$12816.
    dead port 1/2 on $mux $procmux$12813.
    dead port 1/2 on $mux $procmux$12810.
    dead port 1/2 on $mux $procmux$12807.
    dead port 1/2 on $mux $procmux$12804.
    dead port 1/2 on $mux $procmux$12801.
    dead port 1/2 on $mux $procmux$12798.
    dead port 1/2 on $mux $procmux$12795.
    dead port 1/2 on $mux $procmux$12792.
    dead port 1/2 on $mux $procmux$12789.
    dead port 1/2 on $mux $procmux$12786.
    dead port 1/2 on $mux $procmux$12783.
    dead port 1/2 on $mux $procmux$12780.
    dead port 1/2 on $mux $procmux$12777.
    dead port 1/2 on $mux $procmux$12774.
    dead port 1/2 on $mux $procmux$12771.
    dead port 1/2 on $mux $procmux$12768.
    dead port 1/2 on $mux $procmux$12765.
    dead port 1/2 on $mux $procmux$12762.
    dead port 1/2 on $mux $procmux$12759.
    dead port 1/2 on $mux $procmux$12756.
    dead port 1/2 on $mux $procmux$12753.
    dead port 1/2 on $mux $procmux$12750.
    dead port 1/2 on $mux $procmux$12747.
    dead port 1/2 on $mux $procmux$12744.
    dead port 1/2 on $mux $procmux$12741.
    dead port 1/2 on $mux $procmux$12738.
    dead port 1/2 on $mux $procmux$12735.
    dead port 1/2 on $mux $procmux$12732.
    dead port 1/2 on $mux $procmux$12729.
    dead port 1/2 on $mux $procmux$12726.
    dead port 1/2 on $mux $procmux$12723.
    dead port 1/2 on $mux $procmux$12720.
    dead port 1/2 on $mux $procmux$12717.
    dead port 1/2 on $mux $procmux$12714.
    dead port 1/2 on $mux $procmux$12711.
    dead port 1/2 on $mux $procmux$12708.
    dead port 1/2 on $mux $procmux$12705.
    dead port 1/2 on $mux $procmux$12702.
    dead port 1/2 on $mux $procmux$12699.
    dead port 1/2 on $mux $procmux$12696.
    dead port 1/2 on $mux $procmux$12693.
    dead port 1/2 on $mux $procmux$12687.
    dead port 1/2 on $mux $procmux$12684.
    dead port 1/2 on $mux $procmux$12681.
    dead port 1/2 on $mux $procmux$12678.
    dead port 1/2 on $mux $procmux$12675.
    dead port 1/2 on $mux $procmux$12672.
    dead port 1/2 on $mux $procmux$12669.
    dead port 1/2 on $mux $procmux$12666.
    dead port 1/2 on $mux $procmux$12663.
    dead port 1/2 on $mux $procmux$12660.
    dead port 1/2 on $mux $procmux$12657.
    dead port 1/2 on $mux $procmux$12654.
    dead port 1/2 on $mux $procmux$12651.
    dead port 1/2 on $mux $procmux$12648.
    dead port 1/2 on $mux $procmux$12645.
    dead port 1/2 on $mux $procmux$12642.
    dead port 1/2 on $mux $procmux$12639.
    dead port 1/2 on $mux $procmux$12636.
    dead port 1/2 on $mux $procmux$12633.
    dead port 1/2 on $mux $procmux$12630.
    dead port 1/2 on $mux $procmux$12627.
    dead port 1/2 on $mux $procmux$12624.
    dead port 1/2 on $mux $procmux$12621.
    dead port 1/2 on $mux $procmux$12618.
    dead port 1/2 on $mux $procmux$12615.
    dead port 1/2 on $mux $procmux$12612.
    dead port 1/2 on $mux $procmux$12609.
    dead port 1/2 on $mux $procmux$12606.
    dead port 1/2 on $mux $procmux$12603.
    dead port 1/2 on $mux $procmux$12600.
    dead port 1/2 on $mux $procmux$12597.
    dead port 1/2 on $mux $procmux$12594.
    dead port 1/2 on $mux $procmux$12591.
    dead port 1/2 on $mux $procmux$12588.
    dead port 1/2 on $mux $procmux$12585.
    dead port 1/2 on $mux $procmux$12582.
    dead port 1/2 on $mux $procmux$12579.
    dead port 1/2 on $mux $procmux$12576.
    dead port 1/2 on $mux $procmux$12573.
    dead port 1/2 on $mux $procmux$12570.
    dead port 1/2 on $mux $procmux$12567.
    dead port 1/2 on $mux $procmux$12564.
    dead port 1/2 on $mux $procmux$12561.
    dead port 1/2 on $mux $procmux$12558.
    dead port 1/2 on $mux $procmux$12555.
    dead port 1/2 on $mux $procmux$12552.
    dead port 1/2 on $mux $procmux$12549.
    dead port 1/2 on $mux $procmux$12546.
    dead port 1/2 on $mux $procmux$12543.
    dead port 1/2 on $mux $procmux$12540.
    dead port 1/2 on $mux $procmux$12537.
    dead port 1/2 on $mux $procmux$12534.
    dead port 1/2 on $mux $procmux$12531.
    dead port 1/2 on $mux $procmux$12528.
    dead port 1/2 on $mux $procmux$12525.
    dead port 1/2 on $mux $procmux$12522.
    dead port 1/2 on $mux $procmux$12519.
    dead port 1/2 on $mux $procmux$12516.
    dead port 1/2 on $mux $procmux$12513.
    dead port 1/2 on $mux $procmux$12510.
    dead port 1/2 on $mux $procmux$12507.
    dead port 1/2 on $mux $procmux$12504.
    dead port 1/2 on $mux $procmux$12501.
    dead port 1/2 on $mux $procmux$12498.
    dead port 1/2 on $mux $procmux$12495.
    dead port 1/2 on $mux $procmux$12492.
    dead port 1/2 on $mux $procmux$12489.
    dead port 1/2 on $mux $procmux$12486.
    dead port 1/2 on $mux $procmux$12483.
    dead port 1/2 on $mux $procmux$12480.
    dead port 1/2 on $mux $procmux$12477.
    dead port 1/2 on $mux $procmux$12474.
    dead port 1/2 on $mux $procmux$12471.
    dead port 1/2 on $mux $procmux$12468.
    dead port 1/2 on $mux $procmux$12465.
    dead port 1/2 on $mux $procmux$12462.
    dead port 1/2 on $mux $procmux$12459.
    dead port 1/2 on $mux $procmux$12456.
    dead port 1/2 on $mux $procmux$12453.
    dead port 1/2 on $mux $procmux$12450.
    dead port 1/2 on $mux $procmux$12447.
    dead port 1/2 on $mux $procmux$12444.
    dead port 1/2 on $mux $procmux$12441.
    dead port 1/2 on $mux $procmux$12438.
    dead port 1/2 on $mux $procmux$12435.
    dead port 1/2 on $mux $procmux$12432.
    dead port 1/2 on $mux $procmux$12429.
    dead port 1/2 on $mux $procmux$12426.
    dead port 1/2 on $mux $procmux$12423.
    dead port 1/2 on $mux $procmux$12417.
    dead port 1/2 on $mux $procmux$12414.
    dead port 1/2 on $mux $procmux$12411.
    dead port 1/2 on $mux $procmux$12408.
    dead port 1/2 on $mux $procmux$12405.
    dead port 1/2 on $mux $procmux$12402.
    dead port 1/2 on $mux $procmux$12399.
    dead port 1/2 on $mux $procmux$12396.
    dead port 1/2 on $mux $procmux$12393.
    dead port 1/2 on $mux $procmux$12390.
    dead port 1/2 on $mux $procmux$12387.
    dead port 1/2 on $mux $procmux$12384.
    dead port 1/2 on $mux $procmux$12381.
    dead port 1/2 on $mux $procmux$12378.
    dead port 1/2 on $mux $procmux$12375.
    dead port 1/2 on $mux $procmux$12372.
    dead port 1/2 on $mux $procmux$12369.
    dead port 1/2 on $mux $procmux$12366.
    dead port 1/2 on $mux $procmux$12363.
    dead port 1/2 on $mux $procmux$12360.
    dead port 1/2 on $mux $procmux$12357.
    dead port 1/2 on $mux $procmux$12354.
    dead port 1/2 on $mux $procmux$12351.
    dead port 1/2 on $mux $procmux$12348.
    dead port 1/2 on $mux $procmux$12345.
    dead port 1/2 on $mux $procmux$12342.
    dead port 1/2 on $mux $procmux$12339.
    dead port 1/2 on $mux $procmux$12336.
    dead port 1/2 on $mux $procmux$12333.
    dead port 1/2 on $mux $procmux$12330.
    dead port 1/2 on $mux $procmux$12327.
    dead port 1/2 on $mux $procmux$12324.
    dead port 1/2 on $mux $procmux$12321.
    dead port 1/2 on $mux $procmux$12318.
    dead port 1/2 on $mux $procmux$12315.
    dead port 1/2 on $mux $procmux$12312.
    dead port 1/2 on $mux $procmux$12309.
    dead port 1/2 on $mux $procmux$12306.
    dead port 1/2 on $mux $procmux$12303.
    dead port 1/2 on $mux $procmux$12300.
    dead port 1/2 on $mux $procmux$12297.
    dead port 1/2 on $mux $procmux$12294.
    dead port 1/2 on $mux $procmux$12291.
    dead port 1/2 on $mux $procmux$12288.
    dead port 1/2 on $mux $procmux$12285.
    dead port 1/2 on $mux $procmux$12282.
    dead port 1/2 on $mux $procmux$12279.
    dead port 1/2 on $mux $procmux$12276.
    dead port 1/2 on $mux $procmux$12273.
    dead port 1/2 on $mux $procmux$12270.
    dead port 1/2 on $mux $procmux$12267.
    dead port 1/2 on $mux $procmux$12264.
    dead port 1/2 on $mux $procmux$12261.
    dead port 1/2 on $mux $procmux$12258.
    dead port 1/2 on $mux $procmux$12255.
    dead port 1/2 on $mux $procmux$12252.
    dead port 1/2 on $mux $procmux$12249.
    dead port 1/2 on $mux $procmux$12246.
    dead port 1/2 on $mux $procmux$12243.
    dead port 1/2 on $mux $procmux$12240.
    dead port 1/2 on $mux $procmux$12237.
    dead port 1/2 on $mux $procmux$12234.
    dead port 1/2 on $mux $procmux$12231.
    dead port 1/2 on $mux $procmux$12228.
    dead port 1/2 on $mux $procmux$12225.
    dead port 1/2 on $mux $procmux$12222.
    dead port 1/2 on $mux $procmux$12219.
    dead port 1/2 on $mux $procmux$12216.
    dead port 1/2 on $mux $procmux$12213.
    dead port 1/2 on $mux $procmux$12210.
    dead port 1/2 on $mux $procmux$12207.
    dead port 1/2 on $mux $procmux$12204.
    dead port 1/2 on $mux $procmux$12201.
    dead port 1/2 on $mux $procmux$12198.
    dead port 1/2 on $mux $procmux$12195.
    dead port 1/2 on $mux $procmux$12192.
    dead port 1/2 on $mux $procmux$12189.
    dead port 1/2 on $mux $procmux$12186.
    dead port 1/2 on $mux $procmux$12183.
    dead port 1/2 on $mux $procmux$12180.
    dead port 1/2 on $mux $procmux$12177.
    dead port 1/2 on $mux $procmux$12174.
    dead port 1/2 on $mux $procmux$12171.
    dead port 1/2 on $mux $procmux$12168.
    dead port 1/2 on $mux $procmux$12165.
    dead port 1/2 on $mux $procmux$12162.
    dead port 1/2 on $mux $procmux$12159.
    dead port 1/2 on $mux $procmux$12156.
    dead port 1/2 on $mux $procmux$12153.
    dead port 1/2 on $mux $procmux$12150.
    dead port 1/2 on $mux $procmux$12144.
    dead port 1/2 on $mux $procmux$12141.
    dead port 1/2 on $mux $procmux$12138.
    dead port 1/2 on $mux $procmux$12135.
    dead port 1/2 on $mux $procmux$12132.
    dead port 1/2 on $mux $procmux$12129.
    dead port 1/2 on $mux $procmux$12126.
    dead port 1/2 on $mux $procmux$12123.
    dead port 1/2 on $mux $procmux$12120.
    dead port 1/2 on $mux $procmux$12117.
    dead port 1/2 on $mux $procmux$12114.
    dead port 1/2 on $mux $procmux$12111.
    dead port 1/2 on $mux $procmux$12108.
    dead port 1/2 on $mux $procmux$12105.
    dead port 1/2 on $mux $procmux$12102.
    dead port 1/2 on $mux $procmux$12099.
    dead port 1/2 on $mux $procmux$12096.
    dead port 1/2 on $mux $procmux$12093.
    dead port 1/2 on $mux $procmux$12090.
    dead port 1/2 on $mux $procmux$12087.
    dead port 1/2 on $mux $procmux$12084.
    dead port 1/2 on $mux $procmux$12081.
    dead port 1/2 on $mux $procmux$12078.
    dead port 1/2 on $mux $procmux$12075.
    dead port 1/2 on $mux $procmux$12072.
    dead port 1/2 on $mux $procmux$12069.
    dead port 1/2 on $mux $procmux$12066.
    dead port 1/2 on $mux $procmux$12063.
    dead port 1/2 on $mux $procmux$12060.
    dead port 1/2 on $mux $procmux$12057.
    dead port 1/2 on $mux $procmux$12054.
    dead port 1/2 on $mux $procmux$12051.
    dead port 1/2 on $mux $procmux$12048.
    dead port 1/2 on $mux $procmux$12045.
    dead port 1/2 on $mux $procmux$12042.
    dead port 1/2 on $mux $procmux$12039.
    dead port 1/2 on $mux $procmux$12036.
    dead port 1/2 on $mux $procmux$12033.
    dead port 1/2 on $mux $procmux$12030.
    dead port 1/2 on $mux $procmux$12027.
    dead port 1/2 on $mux $procmux$12024.
    dead port 1/2 on $mux $procmux$12021.
    dead port 1/2 on $mux $procmux$12018.
    dead port 1/2 on $mux $procmux$12015.
    dead port 1/2 on $mux $procmux$12012.
    dead port 1/2 on $mux $procmux$12009.
    dead port 1/2 on $mux $procmux$12006.
    dead port 1/2 on $mux $procmux$12003.
    dead port 1/2 on $mux $procmux$12000.
    dead port 1/2 on $mux $procmux$11997.
    dead port 1/2 on $mux $procmux$11994.
    dead port 1/2 on $mux $procmux$11991.
    dead port 1/2 on $mux $procmux$11988.
    dead port 1/2 on $mux $procmux$11985.
    dead port 1/2 on $mux $procmux$11982.
    dead port 1/2 on $mux $procmux$11979.
    dead port 1/2 on $mux $procmux$11976.
    dead port 1/2 on $mux $procmux$11973.
    dead port 1/2 on $mux $procmux$11970.
    dead port 1/2 on $mux $procmux$11967.
    dead port 1/2 on $mux $procmux$11964.
    dead port 1/2 on $mux $procmux$11961.
    dead port 1/2 on $mux $procmux$11958.
    dead port 1/2 on $mux $procmux$11955.
    dead port 1/2 on $mux $procmux$11952.
    dead port 1/2 on $mux $procmux$11949.
    dead port 1/2 on $mux $procmux$11946.
    dead port 1/2 on $mux $procmux$11943.
    dead port 1/2 on $mux $procmux$11940.
    dead port 1/2 on $mux $procmux$11937.
    dead port 1/2 on $mux $procmux$11934.
    dead port 1/2 on $mux $procmux$11931.
    dead port 1/2 on $mux $procmux$11928.
    dead port 1/2 on $mux $procmux$11925.
    dead port 1/2 on $mux $procmux$11922.
    dead port 1/2 on $mux $procmux$11919.
    dead port 1/2 on $mux $procmux$11916.
    dead port 1/2 on $mux $procmux$11913.
    dead port 1/2 on $mux $procmux$11910.
    dead port 1/2 on $mux $procmux$11907.
    dead port 1/2 on $mux $procmux$11904.
    dead port 1/2 on $mux $procmux$11901.
    dead port 1/2 on $mux $procmux$11898.
    dead port 1/2 on $mux $procmux$11895.
    dead port 1/2 on $mux $procmux$11892.
    dead port 1/2 on $mux $procmux$11889.
    dead port 1/2 on $mux $procmux$11886.
    dead port 1/2 on $mux $procmux$11883.
    dead port 1/2 on $mux $procmux$11880.
    dead port 1/2 on $mux $procmux$11877.
    dead port 1/2 on $mux $procmux$11874.
    dead port 1/2 on $mux $procmux$11868.
    dead port 1/2 on $mux $procmux$11865.
    dead port 1/2 on $mux $procmux$11862.
    dead port 1/2 on $mux $procmux$11859.
    dead port 1/2 on $mux $procmux$11856.
    dead port 1/2 on $mux $procmux$11853.
    dead port 1/2 on $mux $procmux$11850.
    dead port 1/2 on $mux $procmux$11847.
    dead port 1/2 on $mux $procmux$11844.
    dead port 1/2 on $mux $procmux$11841.
    dead port 1/2 on $mux $procmux$11838.
    dead port 1/2 on $mux $procmux$11835.
    dead port 1/2 on $mux $procmux$11832.
    dead port 1/2 on $mux $procmux$11829.
    dead port 1/2 on $mux $procmux$11826.
    dead port 1/2 on $mux $procmux$11823.
    dead port 1/2 on $mux $procmux$11820.
    dead port 1/2 on $mux $procmux$11817.
    dead port 1/2 on $mux $procmux$11814.
    dead port 1/2 on $mux $procmux$11811.
    dead port 1/2 on $mux $procmux$11808.
    dead port 1/2 on $mux $procmux$11805.
    dead port 1/2 on $mux $procmux$11802.
    dead port 1/2 on $mux $procmux$11799.
    dead port 1/2 on $mux $procmux$11796.
    dead port 1/2 on $mux $procmux$11793.
    dead port 1/2 on $mux $procmux$11790.
    dead port 1/2 on $mux $procmux$11787.
    dead port 1/2 on $mux $procmux$11784.
    dead port 1/2 on $mux $procmux$11781.
    dead port 1/2 on $mux $procmux$11778.
    dead port 1/2 on $mux $procmux$11775.
    dead port 1/2 on $mux $procmux$11772.
    dead port 1/2 on $mux $procmux$11769.
    dead port 1/2 on $mux $procmux$11766.
    dead port 1/2 on $mux $procmux$11763.
    dead port 1/2 on $mux $procmux$11760.
    dead port 1/2 on $mux $procmux$11757.
    dead port 1/2 on $mux $procmux$11754.
    dead port 1/2 on $mux $procmux$11751.
    dead port 1/2 on $mux $procmux$11748.
    dead port 1/2 on $mux $procmux$11745.
    dead port 1/2 on $mux $procmux$11742.
    dead port 1/2 on $mux $procmux$11739.
    dead port 1/2 on $mux $procmux$11736.
    dead port 1/2 on $mux $procmux$11733.
    dead port 1/2 on $mux $procmux$11730.
    dead port 1/2 on $mux $procmux$11727.
    dead port 1/2 on $mux $procmux$11724.
    dead port 1/2 on $mux $procmux$11721.
    dead port 1/2 on $mux $procmux$11718.
    dead port 1/2 on $mux $procmux$11715.
    dead port 1/2 on $mux $procmux$11712.
    dead port 1/2 on $mux $procmux$11709.
    dead port 1/2 on $mux $procmux$11706.
    dead port 1/2 on $mux $procmux$11703.
    dead port 1/2 on $mux $procmux$11700.
    dead port 1/2 on $mux $procmux$11697.
    dead port 1/2 on $mux $procmux$11694.
    dead port 1/2 on $mux $procmux$11691.
    dead port 1/2 on $mux $procmux$11688.
    dead port 1/2 on $mux $procmux$11685.
    dead port 1/2 on $mux $procmux$11682.
    dead port 1/2 on $mux $procmux$11679.
    dead port 1/2 on $mux $procmux$11676.
    dead port 1/2 on $mux $procmux$11673.
    dead port 1/2 on $mux $procmux$11670.
    dead port 1/2 on $mux $procmux$11667.
    dead port 1/2 on $mux $procmux$11664.
    dead port 1/2 on $mux $procmux$11661.
    dead port 1/2 on $mux $procmux$11658.
    dead port 1/2 on $mux $procmux$11655.
    dead port 1/2 on $mux $procmux$11652.
    dead port 1/2 on $mux $procmux$11649.
    dead port 1/2 on $mux $procmux$11646.
    dead port 1/2 on $mux $procmux$11643.
    dead port 1/2 on $mux $procmux$11640.
    dead port 1/2 on $mux $procmux$11637.
    dead port 1/2 on $mux $procmux$11634.
    dead port 1/2 on $mux $procmux$11631.
    dead port 1/2 on $mux $procmux$11628.
    dead port 1/2 on $mux $procmux$11625.
    dead port 1/2 on $mux $procmux$11622.
    dead port 1/2 on $mux $procmux$11619.
    dead port 1/2 on $mux $procmux$11616.
    dead port 1/2 on $mux $procmux$11613.
    dead port 1/2 on $mux $procmux$11610.
    dead port 1/2 on $mux $procmux$11607.
    dead port 1/2 on $mux $procmux$11604.
    dead port 1/2 on $mux $procmux$11601.
    dead port 1/2 on $mux $procmux$11598.
    dead port 1/2 on $mux $procmux$11595.
    dead port 1/2 on $mux $procmux$11589.
    dead port 1/2 on $mux $procmux$11586.
    dead port 1/2 on $mux $procmux$11583.
    dead port 1/2 on $mux $procmux$11580.
    dead port 1/2 on $mux $procmux$11577.
    dead port 1/2 on $mux $procmux$11574.
    dead port 1/2 on $mux $procmux$11571.
    dead port 1/2 on $mux $procmux$11568.
    dead port 1/2 on $mux $procmux$11565.
    dead port 1/2 on $mux $procmux$11562.
    dead port 1/2 on $mux $procmux$11559.
    dead port 1/2 on $mux $procmux$11556.
    dead port 1/2 on $mux $procmux$11553.
    dead port 1/2 on $mux $procmux$11550.
    dead port 1/2 on $mux $procmux$11547.
    dead port 1/2 on $mux $procmux$11544.
    dead port 1/2 on $mux $procmux$11541.
    dead port 1/2 on $mux $procmux$11538.
    dead port 1/2 on $mux $procmux$11535.
    dead port 1/2 on $mux $procmux$11532.
    dead port 1/2 on $mux $procmux$11529.
    dead port 1/2 on $mux $procmux$11526.
    dead port 1/2 on $mux $procmux$11523.
    dead port 1/2 on $mux $procmux$11520.
    dead port 1/2 on $mux $procmux$11517.
    dead port 1/2 on $mux $procmux$11514.
    dead port 1/2 on $mux $procmux$11511.
    dead port 1/2 on $mux $procmux$11508.
    dead port 1/2 on $mux $procmux$11505.
    dead port 1/2 on $mux $procmux$11502.
    dead port 1/2 on $mux $procmux$11499.
    dead port 1/2 on $mux $procmux$11496.
    dead port 1/2 on $mux $procmux$11493.
    dead port 1/2 on $mux $procmux$11490.
    dead port 1/2 on $mux $procmux$11487.
    dead port 1/2 on $mux $procmux$11484.
    dead port 1/2 on $mux $procmux$11481.
    dead port 1/2 on $mux $procmux$11478.
    dead port 1/2 on $mux $procmux$11475.
    dead port 1/2 on $mux $procmux$11472.
    dead port 1/2 on $mux $procmux$11469.
    dead port 1/2 on $mux $procmux$11466.
    dead port 1/2 on $mux $procmux$11463.
    dead port 1/2 on $mux $procmux$11460.
    dead port 1/2 on $mux $procmux$11457.
    dead port 1/2 on $mux $procmux$11454.
    dead port 1/2 on $mux $procmux$11451.
    dead port 1/2 on $mux $procmux$11448.
    dead port 1/2 on $mux $procmux$11445.
    dead port 1/2 on $mux $procmux$11442.
    dead port 1/2 on $mux $procmux$11439.
    dead port 1/2 on $mux $procmux$11436.
    dead port 1/2 on $mux $procmux$11433.
    dead port 1/2 on $mux $procmux$11430.
    dead port 1/2 on $mux $procmux$11427.
    dead port 1/2 on $mux $procmux$11424.
    dead port 1/2 on $mux $procmux$11421.
    dead port 1/2 on $mux $procmux$11418.
    dead port 1/2 on $mux $procmux$11415.
    dead port 1/2 on $mux $procmux$11412.
    dead port 1/2 on $mux $procmux$11409.
    dead port 1/2 on $mux $procmux$11406.
    dead port 1/2 on $mux $procmux$11403.
    dead port 1/2 on $mux $procmux$11400.
    dead port 1/2 on $mux $procmux$11397.
    dead port 1/2 on $mux $procmux$11394.
    dead port 1/2 on $mux $procmux$11391.
    dead port 1/2 on $mux $procmux$11388.
    dead port 1/2 on $mux $procmux$11385.
    dead port 1/2 on $mux $procmux$11382.
    dead port 1/2 on $mux $procmux$11379.
    dead port 1/2 on $mux $procmux$11376.
    dead port 1/2 on $mux $procmux$11373.
    dead port 1/2 on $mux $procmux$11370.
    dead port 1/2 on $mux $procmux$11367.
    dead port 1/2 on $mux $procmux$11364.
    dead port 1/2 on $mux $procmux$11361.
    dead port 1/2 on $mux $procmux$11358.
    dead port 1/2 on $mux $procmux$11355.
    dead port 1/2 on $mux $procmux$11352.
    dead port 1/2 on $mux $procmux$11349.
    dead port 1/2 on $mux $procmux$11346.
    dead port 1/2 on $mux $procmux$11343.
    dead port 1/2 on $mux $procmux$11340.
    dead port 1/2 on $mux $procmux$11337.
    dead port 1/2 on $mux $procmux$11334.
    dead port 1/2 on $mux $procmux$11331.
    dead port 1/2 on $mux $procmux$11328.
    dead port 1/2 on $mux $procmux$11325.
    dead port 1/2 on $mux $procmux$11322.
    dead port 1/2 on $mux $procmux$11319.
    dead port 1/2 on $mux $procmux$11316.
    dead port 1/2 on $mux $procmux$11313.
    dead port 1/2 on $mux $procmux$11307.
    dead port 1/2 on $mux $procmux$11304.
    dead port 1/2 on $mux $procmux$11301.
    dead port 1/2 on $mux $procmux$11298.
    dead port 1/2 on $mux $procmux$11295.
    dead port 1/2 on $mux $procmux$11292.
    dead port 1/2 on $mux $procmux$11289.
    dead port 1/2 on $mux $procmux$11286.
    dead port 1/2 on $mux $procmux$11283.
    dead port 1/2 on $mux $procmux$11280.
    dead port 1/2 on $mux $procmux$11277.
    dead port 1/2 on $mux $procmux$11274.
    dead port 1/2 on $mux $procmux$11271.
    dead port 1/2 on $mux $procmux$11268.
    dead port 1/2 on $mux $procmux$11265.
    dead port 1/2 on $mux $procmux$11262.
    dead port 1/2 on $mux $procmux$11259.
    dead port 1/2 on $mux $procmux$11256.
    dead port 1/2 on $mux $procmux$11253.
    dead port 1/2 on $mux $procmux$11250.
    dead port 1/2 on $mux $procmux$11247.
    dead port 1/2 on $mux $procmux$11244.
    dead port 1/2 on $mux $procmux$11241.
    dead port 1/2 on $mux $procmux$11238.
    dead port 1/2 on $mux $procmux$11235.
    dead port 1/2 on $mux $procmux$11232.
    dead port 1/2 on $mux $procmux$11229.
    dead port 1/2 on $mux $procmux$11226.
    dead port 1/2 on $mux $procmux$11223.
    dead port 1/2 on $mux $procmux$11220.
    dead port 1/2 on $mux $procmux$11217.
    dead port 1/2 on $mux $procmux$11214.
    dead port 1/2 on $mux $procmux$11211.
    dead port 1/2 on $mux $procmux$11208.
    dead port 1/2 on $mux $procmux$11205.
    dead port 1/2 on $mux $procmux$11202.
    dead port 1/2 on $mux $procmux$11199.
    dead port 1/2 on $mux $procmux$11196.
    dead port 1/2 on $mux $procmux$11193.
    dead port 1/2 on $mux $procmux$11190.
    dead port 1/2 on $mux $procmux$11187.
    dead port 1/2 on $mux $procmux$11184.
    dead port 1/2 on $mux $procmux$11181.
    dead port 1/2 on $mux $procmux$11178.
    dead port 1/2 on $mux $procmux$11175.
    dead port 1/2 on $mux $procmux$11172.
    dead port 1/2 on $mux $procmux$11169.
    dead port 1/2 on $mux $procmux$11166.
    dead port 1/2 on $mux $procmux$11163.
    dead port 1/2 on $mux $procmux$11160.
    dead port 1/2 on $mux $procmux$11157.
    dead port 1/2 on $mux $procmux$11154.
    dead port 1/2 on $mux $procmux$11151.
    dead port 1/2 on $mux $procmux$11148.
    dead port 1/2 on $mux $procmux$11145.
    dead port 1/2 on $mux $procmux$11142.
    dead port 1/2 on $mux $procmux$11139.
    dead port 1/2 on $mux $procmux$11136.
    dead port 1/2 on $mux $procmux$11133.
    dead port 1/2 on $mux $procmux$11130.
    dead port 1/2 on $mux $procmux$11127.
    dead port 1/2 on $mux $procmux$11124.
    dead port 1/2 on $mux $procmux$11121.
    dead port 1/2 on $mux $procmux$11118.
    dead port 1/2 on $mux $procmux$11115.
    dead port 1/2 on $mux $procmux$11112.
    dead port 1/2 on $mux $procmux$11109.
    dead port 1/2 on $mux $procmux$11106.
    dead port 1/2 on $mux $procmux$11103.
    dead port 1/2 on $mux $procmux$11100.
    dead port 1/2 on $mux $procmux$11097.
    dead port 1/2 on $mux $procmux$11094.
    dead port 1/2 on $mux $procmux$11091.
    dead port 1/2 on $mux $procmux$11088.
    dead port 1/2 on $mux $procmux$11085.
    dead port 1/2 on $mux $procmux$11082.
    dead port 1/2 on $mux $procmux$11079.
    dead port 1/2 on $mux $procmux$11076.
    dead port 1/2 on $mux $procmux$11073.
    dead port 1/2 on $mux $procmux$11070.
    dead port 1/2 on $mux $procmux$11067.
    dead port 1/2 on $mux $procmux$11064.
    dead port 1/2 on $mux $procmux$11061.
    dead port 1/2 on $mux $procmux$11058.
    dead port 1/2 on $mux $procmux$11055.
    dead port 1/2 on $mux $procmux$11052.
    dead port 1/2 on $mux $procmux$11049.
    dead port 1/2 on $mux $procmux$11046.
    dead port 1/2 on $mux $procmux$11043.
    dead port 1/2 on $mux $procmux$11040.
    dead port 1/2 on $mux $procmux$11037.
    dead port 1/2 on $mux $procmux$11034.
    dead port 1/2 on $mux $procmux$11031.
    dead port 1/2 on $mux $procmux$11028.
    dead port 1/2 on $mux $procmux$11022.
    dead port 1/2 on $mux $procmux$11019.
    dead port 1/2 on $mux $procmux$11016.
    dead port 1/2 on $mux $procmux$11013.
    dead port 1/2 on $mux $procmux$11010.
    dead port 1/2 on $mux $procmux$11007.
    dead port 1/2 on $mux $procmux$11004.
    dead port 1/2 on $mux $procmux$11001.
    dead port 1/2 on $mux $procmux$10998.
    dead port 1/2 on $mux $procmux$10995.
    dead port 1/2 on $mux $procmux$10992.
    dead port 1/2 on $mux $procmux$10989.
    dead port 1/2 on $mux $procmux$10986.
    dead port 1/2 on $mux $procmux$10983.
    dead port 1/2 on $mux $procmux$10980.
    dead port 1/2 on $mux $procmux$10977.
    dead port 1/2 on $mux $procmux$10974.
    dead port 1/2 on $mux $procmux$10971.
    dead port 1/2 on $mux $procmux$10968.
    dead port 1/2 on $mux $procmux$10965.
    dead port 1/2 on $mux $procmux$10962.
    dead port 1/2 on $mux $procmux$10959.
    dead port 1/2 on $mux $procmux$10956.
    dead port 1/2 on $mux $procmux$10953.
    dead port 1/2 on $mux $procmux$10950.
    dead port 1/2 on $mux $procmux$10947.
    dead port 1/2 on $mux $procmux$10944.
    dead port 1/2 on $mux $procmux$10941.
    dead port 1/2 on $mux $procmux$10938.
    dead port 1/2 on $mux $procmux$10935.
    dead port 1/2 on $mux $procmux$10932.
    dead port 1/2 on $mux $procmux$10929.
    dead port 1/2 on $mux $procmux$10926.
    dead port 1/2 on $mux $procmux$10923.
    dead port 1/2 on $mux $procmux$10920.
    dead port 1/2 on $mux $procmux$10917.
    dead port 1/2 on $mux $procmux$10914.
    dead port 1/2 on $mux $procmux$10911.
    dead port 1/2 on $mux $procmux$10908.
    dead port 1/2 on $mux $procmux$10905.
    dead port 1/2 on $mux $procmux$10902.
    dead port 1/2 on $mux $procmux$10899.
    dead port 1/2 on $mux $procmux$10896.
    dead port 1/2 on $mux $procmux$10893.
    dead port 1/2 on $mux $procmux$10890.
    dead port 1/2 on $mux $procmux$10887.
    dead port 1/2 on $mux $procmux$10884.
    dead port 1/2 on $mux $procmux$10881.
    dead port 1/2 on $mux $procmux$10878.
    dead port 1/2 on $mux $procmux$10875.
    dead port 1/2 on $mux $procmux$10872.
    dead port 1/2 on $mux $procmux$10869.
    dead port 1/2 on $mux $procmux$10866.
    dead port 1/2 on $mux $procmux$10863.
    dead port 1/2 on $mux $procmux$10860.
    dead port 1/2 on $mux $procmux$10857.
    dead port 1/2 on $mux $procmux$10854.
    dead port 1/2 on $mux $procmux$10851.
    dead port 1/2 on $mux $procmux$10848.
    dead port 1/2 on $mux $procmux$10845.
    dead port 1/2 on $mux $procmux$10842.
    dead port 1/2 on $mux $procmux$10839.
    dead port 1/2 on $mux $procmux$10836.
    dead port 1/2 on $mux $procmux$10833.
    dead port 1/2 on $mux $procmux$10830.
    dead port 1/2 on $mux $procmux$10827.
    dead port 1/2 on $mux $procmux$10824.
    dead port 1/2 on $mux $procmux$10821.
    dead port 1/2 on $mux $procmux$10818.
    dead port 1/2 on $mux $procmux$10815.
    dead port 1/2 on $mux $procmux$10812.
    dead port 1/2 on $mux $procmux$10809.
    dead port 1/2 on $mux $procmux$10806.
    dead port 1/2 on $mux $procmux$10803.
    dead port 1/2 on $mux $procmux$10800.
    dead port 1/2 on $mux $procmux$10797.
    dead port 1/2 on $mux $procmux$10794.
    dead port 1/2 on $mux $procmux$10791.
    dead port 1/2 on $mux $procmux$10788.
    dead port 1/2 on $mux $procmux$10785.
    dead port 1/2 on $mux $procmux$10782.
    dead port 1/2 on $mux $procmux$10779.
    dead port 1/2 on $mux $procmux$10776.
    dead port 1/2 on $mux $procmux$10773.
    dead port 1/2 on $mux $procmux$10770.
    dead port 1/2 on $mux $procmux$10767.
    dead port 1/2 on $mux $procmux$10764.
    dead port 1/2 on $mux $procmux$10761.
    dead port 1/2 on $mux $procmux$10758.
    dead port 1/2 on $mux $procmux$10755.
    dead port 1/2 on $mux $procmux$10752.
    dead port 1/2 on $mux $procmux$10749.
    dead port 1/2 on $mux $procmux$10746.
    dead port 1/2 on $mux $procmux$10743.
    dead port 1/2 on $mux $procmux$10740.
    dead port 1/2 on $mux $procmux$10734.
    dead port 1/2 on $mux $procmux$10731.
    dead port 1/2 on $mux $procmux$10728.
    dead port 1/2 on $mux $procmux$10725.
    dead port 1/2 on $mux $procmux$10722.
    dead port 1/2 on $mux $procmux$10719.
    dead port 1/2 on $mux $procmux$10716.
    dead port 1/2 on $mux $procmux$10713.
    dead port 1/2 on $mux $procmux$10710.
    dead port 1/2 on $mux $procmux$10707.
    dead port 1/2 on $mux $procmux$10704.
    dead port 1/2 on $mux $procmux$10701.
    dead port 1/2 on $mux $procmux$10698.
    dead port 1/2 on $mux $procmux$10695.
    dead port 1/2 on $mux $procmux$10692.
    dead port 1/2 on $mux $procmux$10689.
    dead port 1/2 on $mux $procmux$10686.
    dead port 1/2 on $mux $procmux$10683.
    dead port 1/2 on $mux $procmux$10680.
    dead port 1/2 on $mux $procmux$10677.
    dead port 1/2 on $mux $procmux$10674.
    dead port 1/2 on $mux $procmux$10671.
    dead port 1/2 on $mux $procmux$10668.
    dead port 1/2 on $mux $procmux$10665.
    dead port 1/2 on $mux $procmux$10662.
    dead port 1/2 on $mux $procmux$10659.
    dead port 1/2 on $mux $procmux$10656.
    dead port 1/2 on $mux $procmux$10653.
    dead port 1/2 on $mux $procmux$10650.
    dead port 1/2 on $mux $procmux$10647.
    dead port 1/2 on $mux $procmux$10644.
    dead port 1/2 on $mux $procmux$10641.
    dead port 1/2 on $mux $procmux$10638.
    dead port 1/2 on $mux $procmux$10635.
    dead port 1/2 on $mux $procmux$10632.
    dead port 1/2 on $mux $procmux$10629.
    dead port 1/2 on $mux $procmux$10626.
    dead port 1/2 on $mux $procmux$10623.
    dead port 1/2 on $mux $procmux$10620.
    dead port 1/2 on $mux $procmux$10617.
    dead port 1/2 on $mux $procmux$10614.
    dead port 1/2 on $mux $procmux$10611.
    dead port 1/2 on $mux $procmux$10608.
    dead port 1/2 on $mux $procmux$10605.
    dead port 1/2 on $mux $procmux$10602.
    dead port 1/2 on $mux $procmux$10599.
    dead port 1/2 on $mux $procmux$10596.
    dead port 1/2 on $mux $procmux$10593.
    dead port 1/2 on $mux $procmux$10590.
    dead port 1/2 on $mux $procmux$10587.
    dead port 1/2 on $mux $procmux$10584.
    dead port 1/2 on $mux $procmux$10581.
    dead port 1/2 on $mux $procmux$10578.
    dead port 1/2 on $mux $procmux$10575.
    dead port 1/2 on $mux $procmux$10572.
    dead port 1/2 on $mux $procmux$10569.
    dead port 1/2 on $mux $procmux$10566.
    dead port 1/2 on $mux $procmux$10563.
    dead port 1/2 on $mux $procmux$10560.
    dead port 1/2 on $mux $procmux$10557.
    dead port 1/2 on $mux $procmux$10554.
    dead port 1/2 on $mux $procmux$10551.
    dead port 1/2 on $mux $procmux$10548.
    dead port 1/2 on $mux $procmux$10545.
    dead port 1/2 on $mux $procmux$10542.
    dead port 1/2 on $mux $procmux$10539.
    dead port 1/2 on $mux $procmux$10536.
    dead port 1/2 on $mux $procmux$10533.
    dead port 1/2 on $mux $procmux$10530.
    dead port 1/2 on $mux $procmux$10527.
    dead port 1/2 on $mux $procmux$10524.
    dead port 1/2 on $mux $procmux$10521.
    dead port 1/2 on $mux $procmux$10518.
    dead port 1/2 on $mux $procmux$10515.
    dead port 1/2 on $mux $procmux$10512.
    dead port 1/2 on $mux $procmux$10509.
    dead port 1/2 on $mux $procmux$10506.
    dead port 1/2 on $mux $procmux$10503.
    dead port 1/2 on $mux $procmux$10500.
    dead port 1/2 on $mux $procmux$10497.
    dead port 1/2 on $mux $procmux$10494.
    dead port 1/2 on $mux $procmux$10491.
    dead port 1/2 on $mux $procmux$10488.
    dead port 1/2 on $mux $procmux$10485.
    dead port 1/2 on $mux $procmux$10482.
    dead port 1/2 on $mux $procmux$10479.
    dead port 1/2 on $mux $procmux$10476.
    dead port 1/2 on $mux $procmux$10473.
    dead port 1/2 on $mux $procmux$10470.
    dead port 1/2 on $mux $procmux$10467.
    dead port 1/2 on $mux $procmux$10464.
    dead port 1/2 on $mux $procmux$10461.
    dead port 1/2 on $mux $procmux$10458.
    dead port 1/2 on $mux $procmux$10455.
    dead port 1/2 on $mux $procmux$10452.
    dead port 1/2 on $mux $procmux$10449.
    dead port 1/2 on $mux $procmux$10443.
    dead port 1/2 on $mux $procmux$10440.
    dead port 1/2 on $mux $procmux$10437.
    dead port 1/2 on $mux $procmux$10434.
    dead port 1/2 on $mux $procmux$10431.
    dead port 1/2 on $mux $procmux$10428.
    dead port 1/2 on $mux $procmux$10425.
    dead port 1/2 on $mux $procmux$10422.
    dead port 1/2 on $mux $procmux$10419.
    dead port 1/2 on $mux $procmux$10416.
    dead port 1/2 on $mux $procmux$10413.
    dead port 1/2 on $mux $procmux$10410.
    dead port 1/2 on $mux $procmux$10407.
    dead port 1/2 on $mux $procmux$10404.
    dead port 1/2 on $mux $procmux$10401.
    dead port 1/2 on $mux $procmux$10398.
    dead port 1/2 on $mux $procmux$10395.
    dead port 1/2 on $mux $procmux$10392.
    dead port 1/2 on $mux $procmux$10389.
    dead port 1/2 on $mux $procmux$10386.
    dead port 1/2 on $mux $procmux$10383.
    dead port 1/2 on $mux $procmux$10380.
    dead port 1/2 on $mux $procmux$10377.
    dead port 1/2 on $mux $procmux$10374.
    dead port 1/2 on $mux $procmux$10371.
    dead port 1/2 on $mux $procmux$10368.
    dead port 1/2 on $mux $procmux$10365.
    dead port 1/2 on $mux $procmux$10362.
    dead port 1/2 on $mux $procmux$10359.
    dead port 1/2 on $mux $procmux$10356.
    dead port 1/2 on $mux $procmux$10353.
    dead port 1/2 on $mux $procmux$10350.
    dead port 1/2 on $mux $procmux$10347.
    dead port 1/2 on $mux $procmux$10344.
    dead port 1/2 on $mux $procmux$10341.
    dead port 1/2 on $mux $procmux$10338.
    dead port 1/2 on $mux $procmux$10335.
    dead port 1/2 on $mux $procmux$10332.
    dead port 1/2 on $mux $procmux$10329.
    dead port 1/2 on $mux $procmux$10326.
    dead port 1/2 on $mux $procmux$10323.
    dead port 1/2 on $mux $procmux$10320.
    dead port 1/2 on $mux $procmux$10317.
    dead port 1/2 on $mux $procmux$10314.
    dead port 1/2 on $mux $procmux$10311.
    dead port 1/2 on $mux $procmux$10308.
    dead port 1/2 on $mux $procmux$10305.
    dead port 1/2 on $mux $procmux$10302.
    dead port 1/2 on $mux $procmux$10299.
    dead port 1/2 on $mux $procmux$10296.
    dead port 1/2 on $mux $procmux$10293.
    dead port 1/2 on $mux $procmux$10290.
    dead port 1/2 on $mux $procmux$10287.
    dead port 1/2 on $mux $procmux$10284.
    dead port 1/2 on $mux $procmux$10281.
    dead port 1/2 on $mux $procmux$10278.
    dead port 1/2 on $mux $procmux$10275.
    dead port 1/2 on $mux $procmux$10272.
    dead port 1/2 on $mux $procmux$10269.
    dead port 1/2 on $mux $procmux$10266.
    dead port 1/2 on $mux $procmux$10263.
    dead port 1/2 on $mux $procmux$10260.
    dead port 1/2 on $mux $procmux$10257.
    dead port 1/2 on $mux $procmux$10254.
    dead port 1/2 on $mux $procmux$10251.
    dead port 1/2 on $mux $procmux$10248.
    dead port 1/2 on $mux $procmux$10245.
    dead port 1/2 on $mux $procmux$10242.
    dead port 1/2 on $mux $procmux$10239.
    dead port 1/2 on $mux $procmux$10236.
    dead port 1/2 on $mux $procmux$10233.
    dead port 1/2 on $mux $procmux$10230.
    dead port 1/2 on $mux $procmux$10227.
    dead port 1/2 on $mux $procmux$10224.
    dead port 1/2 on $mux $procmux$10221.
    dead port 1/2 on $mux $procmux$10218.
    dead port 1/2 on $mux $procmux$10215.
    dead port 1/2 on $mux $procmux$10212.
    dead port 1/2 on $mux $procmux$10209.
    dead port 1/2 on $mux $procmux$10206.
    dead port 1/2 on $mux $procmux$10203.
    dead port 1/2 on $mux $procmux$10200.
    dead port 1/2 on $mux $procmux$10197.
    dead port 1/2 on $mux $procmux$10194.
    dead port 1/2 on $mux $procmux$10191.
    dead port 1/2 on $mux $procmux$10188.
    dead port 1/2 on $mux $procmux$10185.
    dead port 1/2 on $mux $procmux$10182.
    dead port 1/2 on $mux $procmux$10179.
    dead port 1/2 on $mux $procmux$10176.
    dead port 1/2 on $mux $procmux$10173.
    dead port 1/2 on $mux $procmux$10170.
    dead port 1/2 on $mux $procmux$10167.
    dead port 1/2 on $mux $procmux$10164.
    dead port 1/2 on $mux $procmux$10161.
    dead port 1/2 on $mux $procmux$10158.
    dead port 1/2 on $mux $procmux$10155.
    dead port 1/2 on $mux $procmux$10149.
    dead port 1/2 on $mux $procmux$10146.
    dead port 1/2 on $mux $procmux$10143.
    dead port 1/2 on $mux $procmux$10140.
    dead port 1/2 on $mux $procmux$10137.
    dead port 1/2 on $mux $procmux$10134.
    dead port 1/2 on $mux $procmux$10131.
    dead port 1/2 on $mux $procmux$10128.
    dead port 1/2 on $mux $procmux$10125.
    dead port 1/2 on $mux $procmux$10122.
    dead port 1/2 on $mux $procmux$10119.
    dead port 1/2 on $mux $procmux$10116.
    dead port 1/2 on $mux $procmux$10113.
    dead port 1/2 on $mux $procmux$10110.
    dead port 1/2 on $mux $procmux$10107.
    dead port 1/2 on $mux $procmux$10104.
    dead port 1/2 on $mux $procmux$10101.
    dead port 1/2 on $mux $procmux$10098.
    dead port 1/2 on $mux $procmux$10095.
    dead port 1/2 on $mux $procmux$10092.
    dead port 1/2 on $mux $procmux$10089.
    dead port 1/2 on $mux $procmux$10086.
    dead port 1/2 on $mux $procmux$10083.
    dead port 1/2 on $mux $procmux$10080.
    dead port 1/2 on $mux $procmux$10077.
    dead port 1/2 on $mux $procmux$10074.
    dead port 1/2 on $mux $procmux$10071.
    dead port 1/2 on $mux $procmux$10068.
    dead port 1/2 on $mux $procmux$10065.
    dead port 1/2 on $mux $procmux$10062.
    dead port 1/2 on $mux $procmux$10059.
    dead port 1/2 on $mux $procmux$10056.
    dead port 1/2 on $mux $procmux$10053.
    dead port 1/2 on $mux $procmux$10050.
    dead port 1/2 on $mux $procmux$10047.
    dead port 1/2 on $mux $procmux$10044.
    dead port 1/2 on $mux $procmux$10041.
    dead port 1/2 on $mux $procmux$10038.
    dead port 1/2 on $mux $procmux$10035.
    dead port 1/2 on $mux $procmux$10032.
    dead port 1/2 on $mux $procmux$10029.
    dead port 1/2 on $mux $procmux$10026.
    dead port 1/2 on $mux $procmux$10023.
    dead port 1/2 on $mux $procmux$10020.
    dead port 1/2 on $mux $procmux$10017.
    dead port 1/2 on $mux $procmux$10014.
    dead port 1/2 on $mux $procmux$10011.
    dead port 1/2 on $mux $procmux$10008.
    dead port 1/2 on $mux $procmux$10005.
    dead port 1/2 on $mux $procmux$10002.
    dead port 1/2 on $mux $procmux$9999.
    dead port 1/2 on $mux $procmux$9996.
    dead port 1/2 on $mux $procmux$9993.
    dead port 1/2 on $mux $procmux$9990.
    dead port 1/2 on $mux $procmux$9987.
    dead port 1/2 on $mux $procmux$9984.
    dead port 1/2 on $mux $procmux$9981.
    dead port 1/2 on $mux $procmux$9978.
    dead port 1/2 on $mux $procmux$9975.
    dead port 1/2 on $mux $procmux$9972.
    dead port 1/2 on $mux $procmux$9969.
    dead port 1/2 on $mux $procmux$9966.
    dead port 1/2 on $mux $procmux$9963.
    dead port 1/2 on $mux $procmux$9960.
    dead port 1/2 on $mux $procmux$9957.
    dead port 1/2 on $mux $procmux$9954.
    dead port 1/2 on $mux $procmux$9951.
    dead port 1/2 on $mux $procmux$9948.
    dead port 1/2 on $mux $procmux$9945.
    dead port 1/2 on $mux $procmux$9942.
    dead port 1/2 on $mux $procmux$9939.
    dead port 1/2 on $mux $procmux$9936.
    dead port 1/2 on $mux $procmux$9933.
    dead port 1/2 on $mux $procmux$9930.
    dead port 1/2 on $mux $procmux$9927.
    dead port 1/2 on $mux $procmux$9924.
    dead port 1/2 on $mux $procmux$9921.
    dead port 1/2 on $mux $procmux$9918.
    dead port 1/2 on $mux $procmux$9915.
    dead port 1/2 on $mux $procmux$9912.
    dead port 1/2 on $mux $procmux$9909.
    dead port 1/2 on $mux $procmux$9906.
    dead port 1/2 on $mux $procmux$9903.
    dead port 1/2 on $mux $procmux$9900.
    dead port 1/2 on $mux $procmux$9897.
    dead port 1/2 on $mux $procmux$9894.
    dead port 1/2 on $mux $procmux$9891.
    dead port 1/2 on $mux $procmux$9888.
    dead port 1/2 on $mux $procmux$9885.
    dead port 1/2 on $mux $procmux$9882.
    dead port 1/2 on $mux $procmux$9879.
    dead port 1/2 on $mux $procmux$9876.
    dead port 1/2 on $mux $procmux$9873.
    dead port 1/2 on $mux $procmux$9870.
    dead port 1/2 on $mux $procmux$9867.
    dead port 1/2 on $mux $procmux$9864.
    dead port 1/2 on $mux $procmux$9861.
    dead port 1/2 on $mux $procmux$9858.
    dead port 1/2 on $mux $procmux$9852.
    dead port 1/2 on $mux $procmux$9849.
    dead port 1/2 on $mux $procmux$9846.
    dead port 1/2 on $mux $procmux$9843.
    dead port 1/2 on $mux $procmux$9840.
    dead port 1/2 on $mux $procmux$9837.
    dead port 1/2 on $mux $procmux$9834.
    dead port 1/2 on $mux $procmux$9831.
    dead port 1/2 on $mux $procmux$9828.
    dead port 1/2 on $mux $procmux$9825.
    dead port 1/2 on $mux $procmux$9822.
    dead port 1/2 on $mux $procmux$9819.
    dead port 1/2 on $mux $procmux$9816.
    dead port 1/2 on $mux $procmux$9813.
    dead port 1/2 on $mux $procmux$9810.
    dead port 1/2 on $mux $procmux$9807.
    dead port 1/2 on $mux $procmux$9804.
    dead port 1/2 on $mux $procmux$9801.
    dead port 1/2 on $mux $procmux$9798.
    dead port 1/2 on $mux $procmux$9795.
    dead port 1/2 on $mux $procmux$9792.
    dead port 1/2 on $mux $procmux$9789.
    dead port 1/2 on $mux $procmux$9786.
    dead port 1/2 on $mux $procmux$9783.
    dead port 1/2 on $mux $procmux$9780.
    dead port 1/2 on $mux $procmux$9777.
    dead port 1/2 on $mux $procmux$9774.
    dead port 1/2 on $mux $procmux$9771.
    dead port 1/2 on $mux $procmux$9768.
    dead port 1/2 on $mux $procmux$9765.
    dead port 1/2 on $mux $procmux$9762.
    dead port 1/2 on $mux $procmux$9759.
    dead port 1/2 on $mux $procmux$9756.
    dead port 1/2 on $mux $procmux$9753.
    dead port 1/2 on $mux $procmux$9750.
    dead port 1/2 on $mux $procmux$9747.
    dead port 1/2 on $mux $procmux$9744.
    dead port 1/2 on $mux $procmux$9741.
    dead port 1/2 on $mux $procmux$9738.
    dead port 1/2 on $mux $procmux$9735.
    dead port 1/2 on $mux $procmux$9732.
    dead port 1/2 on $mux $procmux$9729.
    dead port 1/2 on $mux $procmux$9726.
    dead port 1/2 on $mux $procmux$9723.
    dead port 1/2 on $mux $procmux$9720.
    dead port 1/2 on $mux $procmux$9717.
    dead port 1/2 on $mux $procmux$9714.
    dead port 1/2 on $mux $procmux$9711.
    dead port 1/2 on $mux $procmux$9708.
    dead port 1/2 on $mux $procmux$9705.
    dead port 1/2 on $mux $procmux$9702.
    dead port 1/2 on $mux $procmux$9699.
    dead port 1/2 on $mux $procmux$9696.
    dead port 1/2 on $mux $procmux$9693.
    dead port 1/2 on $mux $procmux$9690.
    dead port 1/2 on $mux $procmux$9687.
    dead port 1/2 on $mux $procmux$9684.
    dead port 1/2 on $mux $procmux$9681.
    dead port 1/2 on $mux $procmux$9678.
    dead port 1/2 on $mux $procmux$9675.
    dead port 1/2 on $mux $procmux$9672.
    dead port 1/2 on $mux $procmux$9669.
    dead port 1/2 on $mux $procmux$9666.
    dead port 1/2 on $mux $procmux$9663.
    dead port 1/2 on $mux $procmux$9660.
    dead port 1/2 on $mux $procmux$9657.
    dead port 1/2 on $mux $procmux$9654.
    dead port 1/2 on $mux $procmux$9651.
    dead port 1/2 on $mux $procmux$9648.
    dead port 1/2 on $mux $procmux$9645.
    dead port 1/2 on $mux $procmux$9642.
    dead port 1/2 on $mux $procmux$9639.
    dead port 1/2 on $mux $procmux$9636.
    dead port 1/2 on $mux $procmux$9633.
    dead port 1/2 on $mux $procmux$9630.
    dead port 1/2 on $mux $procmux$9627.
    dead port 1/2 on $mux $procmux$9624.
    dead port 1/2 on $mux $procmux$9621.
    dead port 1/2 on $mux $procmux$9618.
    dead port 1/2 on $mux $procmux$9615.
    dead port 1/2 on $mux $procmux$9612.
    dead port 1/2 on $mux $procmux$9609.
    dead port 1/2 on $mux $procmux$9606.
    dead port 1/2 on $mux $procmux$9603.
    dead port 1/2 on $mux $procmux$9600.
    dead port 1/2 on $mux $procmux$9597.
    dead port 1/2 on $mux $procmux$9594.
    dead port 1/2 on $mux $procmux$9591.
    dead port 1/2 on $mux $procmux$9588.
    dead port 1/2 on $mux $procmux$9585.
    dead port 1/2 on $mux $procmux$9582.
    dead port 1/2 on $mux $procmux$9579.
    dead port 1/2 on $mux $procmux$9576.
    dead port 1/2 on $mux $procmux$9573.
    dead port 1/2 on $mux $procmux$9570.
    dead port 1/2 on $mux $procmux$9567.
    dead port 1/2 on $mux $procmux$9564.
    dead port 1/2 on $mux $procmux$9561.
    dead port 1/2 on $mux $procmux$9558.
    dead port 1/2 on $mux $procmux$9552.
    dead port 1/2 on $mux $procmux$9549.
    dead port 1/2 on $mux $procmux$9546.
    dead port 1/2 on $mux $procmux$9543.
    dead port 1/2 on $mux $procmux$9540.
    dead port 1/2 on $mux $procmux$9537.
    dead port 1/2 on $mux $procmux$9534.
    dead port 1/2 on $mux $procmux$9531.
    dead port 1/2 on $mux $procmux$9528.
    dead port 1/2 on $mux $procmux$9525.
    dead port 1/2 on $mux $procmux$9522.
    dead port 1/2 on $mux $procmux$9519.
    dead port 1/2 on $mux $procmux$9516.
    dead port 1/2 on $mux $procmux$9513.
    dead port 1/2 on $mux $procmux$9510.
    dead port 1/2 on $mux $procmux$9507.
    dead port 1/2 on $mux $procmux$9504.
    dead port 1/2 on $mux $procmux$9501.
    dead port 1/2 on $mux $procmux$9498.
    dead port 1/2 on $mux $procmux$9495.
    dead port 1/2 on $mux $procmux$9492.
    dead port 1/2 on $mux $procmux$9489.
    dead port 1/2 on $mux $procmux$9486.
    dead port 1/2 on $mux $procmux$9483.
    dead port 1/2 on $mux $procmux$9480.
    dead port 1/2 on $mux $procmux$9477.
    dead port 1/2 on $mux $procmux$9474.
    dead port 1/2 on $mux $procmux$9471.
    dead port 1/2 on $mux $procmux$9468.
    dead port 1/2 on $mux $procmux$9465.
    dead port 1/2 on $mux $procmux$9462.
    dead port 1/2 on $mux $procmux$9459.
    dead port 1/2 on $mux $procmux$9456.
    dead port 1/2 on $mux $procmux$9453.
    dead port 1/2 on $mux $procmux$9450.
    dead port 1/2 on $mux $procmux$9447.
    dead port 1/2 on $mux $procmux$9444.
    dead port 1/2 on $mux $procmux$9441.
    dead port 1/2 on $mux $procmux$9438.
    dead port 1/2 on $mux $procmux$9435.
    dead port 1/2 on $mux $procmux$9432.
    dead port 1/2 on $mux $procmux$9429.
    dead port 1/2 on $mux $procmux$9426.
    dead port 1/2 on $mux $procmux$9423.
    dead port 1/2 on $mux $procmux$9420.
    dead port 1/2 on $mux $procmux$9417.
    dead port 1/2 on $mux $procmux$9414.
    dead port 1/2 on $mux $procmux$9411.
    dead port 1/2 on $mux $procmux$9408.
    dead port 1/2 on $mux $procmux$9405.
    dead port 1/2 on $mux $procmux$9402.
    dead port 1/2 on $mux $procmux$9399.
    dead port 1/2 on $mux $procmux$9396.
    dead port 1/2 on $mux $procmux$9393.
    dead port 1/2 on $mux $procmux$9390.
    dead port 1/2 on $mux $procmux$9387.
    dead port 1/2 on $mux $procmux$9384.
    dead port 1/2 on $mux $procmux$9381.
    dead port 1/2 on $mux $procmux$9378.
    dead port 1/2 on $mux $procmux$9375.
    dead port 1/2 on $mux $procmux$9372.
    dead port 1/2 on $mux $procmux$9369.
    dead port 1/2 on $mux $procmux$9366.
    dead port 1/2 on $mux $procmux$9363.
    dead port 1/2 on $mux $procmux$9360.
    dead port 1/2 on $mux $procmux$9357.
    dead port 1/2 on $mux $procmux$9354.
    dead port 1/2 on $mux $procmux$9351.
    dead port 1/2 on $mux $procmux$9348.
    dead port 1/2 on $mux $procmux$9345.
    dead port 1/2 on $mux $procmux$9342.
    dead port 1/2 on $mux $procmux$9339.
    dead port 1/2 on $mux $procmux$9336.
    dead port 1/2 on $mux $procmux$9333.
    dead port 1/2 on $mux $procmux$9330.
    dead port 1/2 on $mux $procmux$9327.
    dead port 1/2 on $mux $procmux$9324.
    dead port 1/2 on $mux $procmux$9321.
    dead port 1/2 on $mux $procmux$9318.
    dead port 1/2 on $mux $procmux$9315.
    dead port 1/2 on $mux $procmux$9312.
    dead port 1/2 on $mux $procmux$9309.
    dead port 1/2 on $mux $procmux$9306.
    dead port 1/2 on $mux $procmux$9303.
    dead port 1/2 on $mux $procmux$9300.
    dead port 1/2 on $mux $procmux$9297.
    dead port 1/2 on $mux $procmux$9294.
    dead port 1/2 on $mux $procmux$9291.
    dead port 1/2 on $mux $procmux$9288.
    dead port 1/2 on $mux $procmux$9285.
    dead port 1/2 on $mux $procmux$9282.
    dead port 1/2 on $mux $procmux$9279.
    dead port 1/2 on $mux $procmux$9276.
    dead port 1/2 on $mux $procmux$9273.
    dead port 1/2 on $mux $procmux$9270.
    dead port 1/2 on $mux $procmux$9267.
    dead port 1/2 on $mux $procmux$9264.
    dead port 1/2 on $mux $procmux$9261.
    dead port 1/2 on $mux $procmux$9258.
    dead port 1/2 on $mux $procmux$9255.
    dead port 1/2 on $mux $procmux$9249.
    dead port 1/2 on $mux $procmux$9246.
    dead port 1/2 on $mux $procmux$9243.
    dead port 1/2 on $mux $procmux$9240.
    dead port 1/2 on $mux $procmux$9237.
    dead port 1/2 on $mux $procmux$9234.
    dead port 1/2 on $mux $procmux$9231.
    dead port 1/2 on $mux $procmux$9228.
    dead port 1/2 on $mux $procmux$9225.
    dead port 1/2 on $mux $procmux$9222.
    dead port 1/2 on $mux $procmux$9219.
    dead port 1/2 on $mux $procmux$9216.
    dead port 1/2 on $mux $procmux$9213.
    dead port 1/2 on $mux $procmux$9210.
    dead port 1/2 on $mux $procmux$9207.
    dead port 1/2 on $mux $procmux$9204.
    dead port 1/2 on $mux $procmux$9201.
    dead port 1/2 on $mux $procmux$9198.
    dead port 1/2 on $mux $procmux$9195.
    dead port 1/2 on $mux $procmux$9192.
    dead port 1/2 on $mux $procmux$9189.
    dead port 1/2 on $mux $procmux$9186.
    dead port 1/2 on $mux $procmux$9183.
    dead port 1/2 on $mux $procmux$9180.
    dead port 1/2 on $mux $procmux$9177.
    dead port 1/2 on $mux $procmux$9174.
    dead port 1/2 on $mux $procmux$9171.
    dead port 1/2 on $mux $procmux$9168.
    dead port 1/2 on $mux $procmux$9165.
    dead port 1/2 on $mux $procmux$9162.
    dead port 1/2 on $mux $procmux$9159.
    dead port 1/2 on $mux $procmux$9156.
    dead port 1/2 on $mux $procmux$9153.
    dead port 1/2 on $mux $procmux$9150.
    dead port 1/2 on $mux $procmux$9147.
    dead port 1/2 on $mux $procmux$9144.
    dead port 1/2 on $mux $procmux$9141.
    dead port 1/2 on $mux $procmux$9138.
    dead port 1/2 on $mux $procmux$9135.
    dead port 1/2 on $mux $procmux$9132.
    dead port 1/2 on $mux $procmux$9129.
    dead port 1/2 on $mux $procmux$9126.
    dead port 1/2 on $mux $procmux$9123.
    dead port 1/2 on $mux $procmux$9120.
    dead port 1/2 on $mux $procmux$9117.
    dead port 1/2 on $mux $procmux$9114.
    dead port 1/2 on $mux $procmux$9111.
    dead port 1/2 on $mux $procmux$9108.
    dead port 1/2 on $mux $procmux$9105.
    dead port 1/2 on $mux $procmux$9102.
    dead port 1/2 on $mux $procmux$9099.
    dead port 1/2 on $mux $procmux$9096.
    dead port 1/2 on $mux $procmux$9093.
    dead port 1/2 on $mux $procmux$9090.
    dead port 1/2 on $mux $procmux$9087.
    dead port 1/2 on $mux $procmux$9084.
    dead port 1/2 on $mux $procmux$9081.
    dead port 1/2 on $mux $procmux$9078.
    dead port 1/2 on $mux $procmux$9075.
    dead port 1/2 on $mux $procmux$9072.
    dead port 1/2 on $mux $procmux$9069.
    dead port 1/2 on $mux $procmux$9066.
    dead port 1/2 on $mux $procmux$9063.
    dead port 1/2 on $mux $procmux$9060.
    dead port 1/2 on $mux $procmux$9057.
    dead port 1/2 on $mux $procmux$9054.
    dead port 1/2 on $mux $procmux$9051.
    dead port 1/2 on $mux $procmux$9048.
    dead port 1/2 on $mux $procmux$9045.
    dead port 1/2 on $mux $procmux$9042.
    dead port 1/2 on $mux $procmux$9039.
    dead port 1/2 on $mux $procmux$9036.
    dead port 1/2 on $mux $procmux$9033.
    dead port 1/2 on $mux $procmux$9030.
    dead port 1/2 on $mux $procmux$9027.
    dead port 1/2 on $mux $procmux$9024.
    dead port 1/2 on $mux $procmux$9021.
    dead port 1/2 on $mux $procmux$9018.
    dead port 1/2 on $mux $procmux$9015.
    dead port 1/2 on $mux $procmux$9012.
    dead port 1/2 on $mux $procmux$9009.
    dead port 1/2 on $mux $procmux$9006.
    dead port 1/2 on $mux $procmux$9003.
    dead port 1/2 on $mux $procmux$9000.
    dead port 1/2 on $mux $procmux$8997.
    dead port 1/2 on $mux $procmux$8994.
    dead port 1/2 on $mux $procmux$8991.
    dead port 1/2 on $mux $procmux$8988.
    dead port 1/2 on $mux $procmux$8985.
    dead port 1/2 on $mux $procmux$8982.
    dead port 1/2 on $mux $procmux$8979.
    dead port 1/2 on $mux $procmux$8976.
    dead port 1/2 on $mux $procmux$8973.
    dead port 1/2 on $mux $procmux$8970.
    dead port 1/2 on $mux $procmux$8967.
    dead port 1/2 on $mux $procmux$8964.
    dead port 1/2 on $mux $procmux$8961.
    dead port 1/2 on $mux $procmux$8958.
    dead port 1/2 on $mux $procmux$8955.
    dead port 1/2 on $mux $procmux$8952.
    dead port 1/2 on $mux $procmux$8949.
    dead port 1/2 on $mux $procmux$8943.
    dead port 1/2 on $mux $procmux$8940.
    dead port 1/2 on $mux $procmux$8937.
    dead port 1/2 on $mux $procmux$8934.
    dead port 1/2 on $mux $procmux$8931.
    dead port 1/2 on $mux $procmux$8928.
    dead port 1/2 on $mux $procmux$8925.
    dead port 1/2 on $mux $procmux$8922.
    dead port 1/2 on $mux $procmux$8919.
    dead port 1/2 on $mux $procmux$8916.
    dead port 1/2 on $mux $procmux$8913.
    dead port 1/2 on $mux $procmux$8910.
    dead port 1/2 on $mux $procmux$8907.
    dead port 1/2 on $mux $procmux$8904.
    dead port 1/2 on $mux $procmux$8901.
    dead port 1/2 on $mux $procmux$8898.
    dead port 1/2 on $mux $procmux$8895.
    dead port 1/2 on $mux $procmux$8892.
    dead port 1/2 on $mux $procmux$8889.
    dead port 1/2 on $mux $procmux$8886.
    dead port 1/2 on $mux $procmux$8883.
    dead port 1/2 on $mux $procmux$8880.
    dead port 1/2 on $mux $procmux$8877.
    dead port 1/2 on $mux $procmux$8874.
    dead port 1/2 on $mux $procmux$8871.
    dead port 1/2 on $mux $procmux$8868.
    dead port 1/2 on $mux $procmux$8865.
    dead port 1/2 on $mux $procmux$8862.
    dead port 1/2 on $mux $procmux$8859.
    dead port 1/2 on $mux $procmux$8856.
    dead port 1/2 on $mux $procmux$8853.
    dead port 1/2 on $mux $procmux$8850.
    dead port 1/2 on $mux $procmux$8847.
    dead port 1/2 on $mux $procmux$8844.
    dead port 1/2 on $mux $procmux$8841.
    dead port 1/2 on $mux $procmux$8838.
    dead port 1/2 on $mux $procmux$8835.
    dead port 1/2 on $mux $procmux$8832.
    dead port 1/2 on $mux $procmux$8829.
    dead port 1/2 on $mux $procmux$8826.
    dead port 1/2 on $mux $procmux$8823.
    dead port 1/2 on $mux $procmux$8820.
    dead port 1/2 on $mux $procmux$8817.
    dead port 1/2 on $mux $procmux$8814.
    dead port 1/2 on $mux $procmux$8811.
    dead port 1/2 on $mux $procmux$8808.
    dead port 1/2 on $mux $procmux$8805.
    dead port 1/2 on $mux $procmux$8802.
    dead port 1/2 on $mux $procmux$8799.
    dead port 1/2 on $mux $procmux$8796.
    dead port 1/2 on $mux $procmux$8793.
    dead port 1/2 on $mux $procmux$8790.
    dead port 1/2 on $mux $procmux$8787.
    dead port 1/2 on $mux $procmux$8784.
    dead port 1/2 on $mux $procmux$8781.
    dead port 1/2 on $mux $procmux$8778.
    dead port 1/2 on $mux $procmux$8775.
    dead port 1/2 on $mux $procmux$8772.
    dead port 1/2 on $mux $procmux$8769.
    dead port 1/2 on $mux $procmux$8766.
    dead port 1/2 on $mux $procmux$8763.
    dead port 1/2 on $mux $procmux$8760.
    dead port 1/2 on $mux $procmux$8757.
    dead port 1/2 on $mux $procmux$8754.
    dead port 1/2 on $mux $procmux$8751.
    dead port 1/2 on $mux $procmux$8748.
    dead port 1/2 on $mux $procmux$8745.
    dead port 1/2 on $mux $procmux$8742.
    dead port 1/2 on $mux $procmux$8739.
    dead port 1/2 on $mux $procmux$8736.
    dead port 1/2 on $mux $procmux$8733.
    dead port 1/2 on $mux $procmux$8730.
    dead port 1/2 on $mux $procmux$8727.
    dead port 1/2 on $mux $procmux$8724.
    dead port 1/2 on $mux $procmux$8721.
    dead port 1/2 on $mux $procmux$8718.
    dead port 1/2 on $mux $procmux$8715.
    dead port 1/2 on $mux $procmux$8712.
    dead port 1/2 on $mux $procmux$8709.
    dead port 1/2 on $mux $procmux$8706.
    dead port 1/2 on $mux $procmux$8703.
    dead port 1/2 on $mux $procmux$8700.
    dead port 1/2 on $mux $procmux$8697.
    dead port 1/2 on $mux $procmux$8694.
    dead port 1/2 on $mux $procmux$8691.
    dead port 1/2 on $mux $procmux$8688.
    dead port 1/2 on $mux $procmux$8685.
    dead port 1/2 on $mux $procmux$8682.
    dead port 1/2 on $mux $procmux$8679.
    dead port 1/2 on $mux $procmux$8676.
    dead port 1/2 on $mux $procmux$8673.
    dead port 1/2 on $mux $procmux$8670.
    dead port 1/2 on $mux $procmux$8667.
    dead port 1/2 on $mux $procmux$8664.
    dead port 1/2 on $mux $procmux$8661.
    dead port 1/2 on $mux $procmux$8658.
    dead port 1/2 on $mux $procmux$8655.
    dead port 1/2 on $mux $procmux$8652.
    dead port 1/2 on $mux $procmux$8649.
    dead port 1/2 on $mux $procmux$8646.
    dead port 1/2 on $mux $procmux$8643.
    dead port 1/2 on $mux $procmux$8640.
    dead port 1/2 on $mux $procmux$8634.
    dead port 1/2 on $mux $procmux$8631.
    dead port 1/2 on $mux $procmux$8628.
    dead port 1/2 on $mux $procmux$8625.
    dead port 1/2 on $mux $procmux$8622.
    dead port 1/2 on $mux $procmux$8619.
    dead port 1/2 on $mux $procmux$8616.
    dead port 1/2 on $mux $procmux$8613.
    dead port 1/2 on $mux $procmux$8610.
    dead port 1/2 on $mux $procmux$8607.
    dead port 1/2 on $mux $procmux$8604.
    dead port 1/2 on $mux $procmux$8601.
    dead port 1/2 on $mux $procmux$8598.
    dead port 1/2 on $mux $procmux$8595.
    dead port 1/2 on $mux $procmux$8592.
    dead port 1/2 on $mux $procmux$8589.
    dead port 1/2 on $mux $procmux$8586.
    dead port 1/2 on $mux $procmux$8583.
    dead port 1/2 on $mux $procmux$8580.
    dead port 1/2 on $mux $procmux$8577.
    dead port 1/2 on $mux $procmux$8574.
    dead port 1/2 on $mux $procmux$8571.
    dead port 1/2 on $mux $procmux$8568.
    dead port 1/2 on $mux $procmux$8565.
    dead port 1/2 on $mux $procmux$8562.
    dead port 1/2 on $mux $procmux$8559.
    dead port 1/2 on $mux $procmux$8556.
    dead port 1/2 on $mux $procmux$8553.
    dead port 1/2 on $mux $procmux$8550.
    dead port 1/2 on $mux $procmux$8547.
    dead port 1/2 on $mux $procmux$8544.
    dead port 1/2 on $mux $procmux$8541.
    dead port 1/2 on $mux $procmux$8538.
    dead port 1/2 on $mux $procmux$8535.
    dead port 1/2 on $mux $procmux$8532.
    dead port 1/2 on $mux $procmux$8529.
    dead port 1/2 on $mux $procmux$8526.
    dead port 1/2 on $mux $procmux$8523.
    dead port 1/2 on $mux $procmux$8520.
    dead port 1/2 on $mux $procmux$8517.
    dead port 1/2 on $mux $procmux$8514.
    dead port 1/2 on $mux $procmux$8511.
    dead port 1/2 on $mux $procmux$8508.
    dead port 1/2 on $mux $procmux$8505.
    dead port 1/2 on $mux $procmux$8502.
    dead port 1/2 on $mux $procmux$8499.
    dead port 1/2 on $mux $procmux$8496.
    dead port 1/2 on $mux $procmux$8493.
    dead port 1/2 on $mux $procmux$8490.
    dead port 1/2 on $mux $procmux$8487.
    dead port 1/2 on $mux $procmux$8484.
    dead port 1/2 on $mux $procmux$8481.
    dead port 1/2 on $mux $procmux$8478.
    dead port 1/2 on $mux $procmux$8475.
    dead port 1/2 on $mux $procmux$8472.
    dead port 1/2 on $mux $procmux$8469.
    dead port 1/2 on $mux $procmux$8466.
    dead port 1/2 on $mux $procmux$8463.
    dead port 1/2 on $mux $procmux$8460.
    dead port 1/2 on $mux $procmux$8457.
    dead port 1/2 on $mux $procmux$8454.
    dead port 1/2 on $mux $procmux$8451.
    dead port 1/2 on $mux $procmux$8448.
    dead port 1/2 on $mux $procmux$8445.
    dead port 1/2 on $mux $procmux$8442.
    dead port 1/2 on $mux $procmux$8439.
    dead port 1/2 on $mux $procmux$8436.
    dead port 1/2 on $mux $procmux$8433.
    dead port 1/2 on $mux $procmux$8430.
    dead port 1/2 on $mux $procmux$8427.
    dead port 1/2 on $mux $procmux$8424.
    dead port 1/2 on $mux $procmux$8421.
    dead port 1/2 on $mux $procmux$8418.
    dead port 1/2 on $mux $procmux$8415.
    dead port 1/2 on $mux $procmux$8412.
    dead port 1/2 on $mux $procmux$8409.
    dead port 1/2 on $mux $procmux$8406.
    dead port 1/2 on $mux $procmux$8403.
    dead port 1/2 on $mux $procmux$8400.
    dead port 1/2 on $mux $procmux$8397.
    dead port 1/2 on $mux $procmux$8394.
    dead port 1/2 on $mux $procmux$8391.
    dead port 1/2 on $mux $procmux$8388.
    dead port 1/2 on $mux $procmux$8385.
    dead port 1/2 on $mux $procmux$8382.
    dead port 1/2 on $mux $procmux$8379.
    dead port 1/2 on $mux $procmux$8376.
    dead port 1/2 on $mux $procmux$8373.
    dead port 1/2 on $mux $procmux$8370.
    dead port 1/2 on $mux $procmux$8367.
    dead port 1/2 on $mux $procmux$8364.
    dead port 1/2 on $mux $procmux$8361.
    dead port 1/2 on $mux $procmux$8358.
    dead port 1/2 on $mux $procmux$8355.
    dead port 1/2 on $mux $procmux$8352.
    dead port 1/2 on $mux $procmux$8349.
    dead port 1/2 on $mux $procmux$8346.
    dead port 1/2 on $mux $procmux$8343.
    dead port 1/2 on $mux $procmux$8340.
    dead port 1/2 on $mux $procmux$8337.
    dead port 1/2 on $mux $procmux$8334.
    dead port 1/2 on $mux $procmux$8331.
    dead port 1/2 on $mux $procmux$8328.
    dead port 1/2 on $mux $procmux$8322.
    dead port 1/2 on $mux $procmux$8319.
    dead port 1/2 on $mux $procmux$8316.
    dead port 1/2 on $mux $procmux$8313.
    dead port 1/2 on $mux $procmux$8310.
    dead port 1/2 on $mux $procmux$8307.
    dead port 1/2 on $mux $procmux$8304.
    dead port 1/2 on $mux $procmux$8301.
    dead port 1/2 on $mux $procmux$8298.
    dead port 1/2 on $mux $procmux$8295.
    dead port 1/2 on $mux $procmux$8292.
    dead port 1/2 on $mux $procmux$8289.
    dead port 1/2 on $mux $procmux$8286.
    dead port 1/2 on $mux $procmux$8283.
    dead port 1/2 on $mux $procmux$8280.
    dead port 1/2 on $mux $procmux$8277.
    dead port 1/2 on $mux $procmux$8274.
    dead port 1/2 on $mux $procmux$8271.
    dead port 1/2 on $mux $procmux$8268.
    dead port 1/2 on $mux $procmux$8265.
    dead port 1/2 on $mux $procmux$8262.
    dead port 1/2 on $mux $procmux$8259.
    dead port 1/2 on $mux $procmux$8256.
    dead port 1/2 on $mux $procmux$8253.
    dead port 1/2 on $mux $procmux$8250.
    dead port 1/2 on $mux $procmux$8247.
    dead port 1/2 on $mux $procmux$8244.
    dead port 1/2 on $mux $procmux$8241.
    dead port 1/2 on $mux $procmux$8238.
    dead port 1/2 on $mux $procmux$8235.
    dead port 1/2 on $mux $procmux$8232.
    dead port 1/2 on $mux $procmux$8229.
    dead port 1/2 on $mux $procmux$8226.
    dead port 1/2 on $mux $procmux$8223.
    dead port 1/2 on $mux $procmux$8220.
    dead port 1/2 on $mux $procmux$8217.
    dead port 1/2 on $mux $procmux$8214.
    dead port 1/2 on $mux $procmux$8211.
    dead port 1/2 on $mux $procmux$8208.
    dead port 1/2 on $mux $procmux$8205.
    dead port 1/2 on $mux $procmux$8202.
    dead port 1/2 on $mux $procmux$8199.
    dead port 1/2 on $mux $procmux$8196.
    dead port 1/2 on $mux $procmux$8193.
    dead port 1/2 on $mux $procmux$8190.
    dead port 1/2 on $mux $procmux$8187.
    dead port 1/2 on $mux $procmux$8184.
    dead port 1/2 on $mux $procmux$8181.
    dead port 1/2 on $mux $procmux$8178.
    dead port 1/2 on $mux $procmux$8175.
    dead port 1/2 on $mux $procmux$8172.
    dead port 1/2 on $mux $procmux$8169.
    dead port 1/2 on $mux $procmux$8166.
    dead port 1/2 on $mux $procmux$8163.
    dead port 1/2 on $mux $procmux$8160.
    dead port 1/2 on $mux $procmux$8157.
    dead port 1/2 on $mux $procmux$8154.
    dead port 1/2 on $mux $procmux$8151.
    dead port 1/2 on $mux $procmux$8148.
    dead port 1/2 on $mux $procmux$8145.
    dead port 1/2 on $mux $procmux$8142.
    dead port 1/2 on $mux $procmux$8139.
    dead port 1/2 on $mux $procmux$8136.
    dead port 1/2 on $mux $procmux$8133.
    dead port 1/2 on $mux $procmux$8130.
    dead port 1/2 on $mux $procmux$8127.
    dead port 1/2 on $mux $procmux$8124.
    dead port 1/2 on $mux $procmux$8121.
    dead port 1/2 on $mux $procmux$8118.
    dead port 1/2 on $mux $procmux$8115.
    dead port 1/2 on $mux $procmux$8112.
    dead port 1/2 on $mux $procmux$8109.
    dead port 1/2 on $mux $procmux$8106.
    dead port 1/2 on $mux $procmux$8103.
    dead port 1/2 on $mux $procmux$8100.
    dead port 1/2 on $mux $procmux$8097.
    dead port 1/2 on $mux $procmux$8094.
    dead port 1/2 on $mux $procmux$8091.
    dead port 1/2 on $mux $procmux$8088.
    dead port 1/2 on $mux $procmux$8085.
    dead port 1/2 on $mux $procmux$8082.
    dead port 1/2 on $mux $procmux$8079.
    dead port 1/2 on $mux $procmux$8076.
    dead port 1/2 on $mux $procmux$8073.
    dead port 1/2 on $mux $procmux$8070.
    dead port 1/2 on $mux $procmux$8067.
    dead port 1/2 on $mux $procmux$8064.
    dead port 1/2 on $mux $procmux$8061.
    dead port 1/2 on $mux $procmux$8058.
    dead port 1/2 on $mux $procmux$8055.
    dead port 1/2 on $mux $procmux$8052.
    dead port 1/2 on $mux $procmux$8049.
    dead port 1/2 on $mux $procmux$8046.
    dead port 1/2 on $mux $procmux$8043.
    dead port 1/2 on $mux $procmux$8040.
    dead port 1/2 on $mux $procmux$8037.
    dead port 1/2 on $mux $procmux$8034.
    dead port 1/2 on $mux $procmux$8031.
    dead port 1/2 on $mux $procmux$8028.
    dead port 1/2 on $mux $procmux$8025.
    dead port 1/2 on $mux $procmux$8022.
    dead port 1/2 on $mux $procmux$8019.
    dead port 1/2 on $mux $procmux$8016.
    dead port 1/2 on $mux $procmux$8013.
    dead port 1/2 on $mux $procmux$8007.
    dead port 1/2 on $mux $procmux$8004.
    dead port 1/2 on $mux $procmux$8001.
    dead port 1/2 on $mux $procmux$7998.
    dead port 1/2 on $mux $procmux$7995.
    dead port 1/2 on $mux $procmux$7992.
    dead port 1/2 on $mux $procmux$7989.
    dead port 1/2 on $mux $procmux$7986.
    dead port 1/2 on $mux $procmux$7983.
    dead port 1/2 on $mux $procmux$7980.
    dead port 1/2 on $mux $procmux$7977.
    dead port 1/2 on $mux $procmux$7974.
    dead port 1/2 on $mux $procmux$7971.
    dead port 1/2 on $mux $procmux$7968.
    dead port 1/2 on $mux $procmux$7965.
    dead port 1/2 on $mux $procmux$7962.
    dead port 1/2 on $mux $procmux$7959.
    dead port 1/2 on $mux $procmux$7956.
    dead port 1/2 on $mux $procmux$7953.
    dead port 1/2 on $mux $procmux$7950.
    dead port 1/2 on $mux $procmux$7947.
    dead port 1/2 on $mux $procmux$7944.
    dead port 1/2 on $mux $procmux$7941.
    dead port 1/2 on $mux $procmux$7938.
    dead port 1/2 on $mux $procmux$7935.
    dead port 1/2 on $mux $procmux$7932.
    dead port 1/2 on $mux $procmux$7929.
    dead port 1/2 on $mux $procmux$7926.
    dead port 1/2 on $mux $procmux$7923.
    dead port 1/2 on $mux $procmux$7920.
    dead port 1/2 on $mux $procmux$7917.
    dead port 1/2 on $mux $procmux$7914.
    dead port 1/2 on $mux $procmux$7911.
    dead port 1/2 on $mux $procmux$7908.
    dead port 1/2 on $mux $procmux$7905.
    dead port 1/2 on $mux $procmux$7902.
    dead port 1/2 on $mux $procmux$7899.
    dead port 1/2 on $mux $procmux$7896.
    dead port 1/2 on $mux $procmux$7893.
    dead port 1/2 on $mux $procmux$7890.
    dead port 1/2 on $mux $procmux$7887.
    dead port 1/2 on $mux $procmux$7884.
    dead port 1/2 on $mux $procmux$7881.
    dead port 1/2 on $mux $procmux$7878.
    dead port 1/2 on $mux $procmux$7875.
    dead port 1/2 on $mux $procmux$7872.
    dead port 1/2 on $mux $procmux$7869.
    dead port 1/2 on $mux $procmux$7866.
    dead port 1/2 on $mux $procmux$7863.
    dead port 1/2 on $mux $procmux$7860.
    dead port 1/2 on $mux $procmux$7857.
    dead port 1/2 on $mux $procmux$7854.
    dead port 1/2 on $mux $procmux$7851.
    dead port 1/2 on $mux $procmux$7848.
    dead port 1/2 on $mux $procmux$7845.
    dead port 1/2 on $mux $procmux$7842.
    dead port 1/2 on $mux $procmux$7839.
    dead port 1/2 on $mux $procmux$7836.
    dead port 1/2 on $mux $procmux$7833.
    dead port 1/2 on $mux $procmux$7830.
    dead port 1/2 on $mux $procmux$7827.
    dead port 1/2 on $mux $procmux$7824.
    dead port 1/2 on $mux $procmux$7821.
    dead port 1/2 on $mux $procmux$7818.
    dead port 1/2 on $mux $procmux$7815.
    dead port 1/2 on $mux $procmux$7812.
    dead port 1/2 on $mux $procmux$7809.
    dead port 1/2 on $mux $procmux$7806.
    dead port 1/2 on $mux $procmux$7803.
    dead port 1/2 on $mux $procmux$7800.
    dead port 1/2 on $mux $procmux$7797.
    dead port 1/2 on $mux $procmux$7794.
    dead port 1/2 on $mux $procmux$7791.
    dead port 1/2 on $mux $procmux$7788.
    dead port 1/2 on $mux $procmux$7785.
    dead port 1/2 on $mux $procmux$7782.
    dead port 1/2 on $mux $procmux$7779.
    dead port 1/2 on $mux $procmux$7776.
    dead port 1/2 on $mux $procmux$7773.
    dead port 1/2 on $mux $procmux$7770.
    dead port 1/2 on $mux $procmux$7767.
    dead port 1/2 on $mux $procmux$7764.
    dead port 1/2 on $mux $procmux$7761.
    dead port 1/2 on $mux $procmux$7758.
    dead port 1/2 on $mux $procmux$7755.
    dead port 1/2 on $mux $procmux$7752.
    dead port 1/2 on $mux $procmux$7749.
    dead port 1/2 on $mux $procmux$7746.
    dead port 1/2 on $mux $procmux$7743.
    dead port 1/2 on $mux $procmux$7740.
    dead port 1/2 on $mux $procmux$7737.
    dead port 1/2 on $mux $procmux$7734.
    dead port 1/2 on $mux $procmux$7731.
    dead port 1/2 on $mux $procmux$7728.
    dead port 1/2 on $mux $procmux$7725.
    dead port 1/2 on $mux $procmux$7722.
    dead port 1/2 on $mux $procmux$7719.
    dead port 1/2 on $mux $procmux$7716.
    dead port 1/2 on $mux $procmux$7713.
    dead port 1/2 on $mux $procmux$7710.
    dead port 1/2 on $mux $procmux$7707.
    dead port 1/2 on $mux $procmux$7704.
    dead port 1/2 on $mux $procmux$7701.
    dead port 1/2 on $mux $procmux$7698.
    dead port 1/2 on $mux $procmux$7695.
    dead port 1/2 on $mux $procmux$7689.
    dead port 1/2 on $mux $procmux$7686.
    dead port 1/2 on $mux $procmux$7683.
    dead port 1/2 on $mux $procmux$7680.
    dead port 1/2 on $mux $procmux$7677.
    dead port 1/2 on $mux $procmux$7674.
    dead port 1/2 on $mux $procmux$7671.
    dead port 1/2 on $mux $procmux$7668.
    dead port 1/2 on $mux $procmux$7665.
    dead port 1/2 on $mux $procmux$7662.
    dead port 1/2 on $mux $procmux$7659.
    dead port 1/2 on $mux $procmux$7656.
    dead port 1/2 on $mux $procmux$7653.
    dead port 1/2 on $mux $procmux$7650.
    dead port 1/2 on $mux $procmux$7647.
    dead port 1/2 on $mux $procmux$7644.
    dead port 1/2 on $mux $procmux$7641.
    dead port 1/2 on $mux $procmux$7638.
    dead port 1/2 on $mux $procmux$7635.
    dead port 1/2 on $mux $procmux$7632.
    dead port 1/2 on $mux $procmux$7629.
    dead port 1/2 on $mux $procmux$7626.
    dead port 1/2 on $mux $procmux$7623.
    dead port 1/2 on $mux $procmux$7620.
    dead port 1/2 on $mux $procmux$7617.
    dead port 1/2 on $mux $procmux$7614.
    dead port 1/2 on $mux $procmux$7611.
    dead port 1/2 on $mux $procmux$7608.
    dead port 1/2 on $mux $procmux$7605.
    dead port 1/2 on $mux $procmux$7602.
    dead port 1/2 on $mux $procmux$7599.
    dead port 1/2 on $mux $procmux$7596.
    dead port 1/2 on $mux $procmux$7593.
    dead port 1/2 on $mux $procmux$7590.
    dead port 1/2 on $mux $procmux$7587.
    dead port 1/2 on $mux $procmux$7584.
    dead port 1/2 on $mux $procmux$7581.
    dead port 1/2 on $mux $procmux$7578.
    dead port 1/2 on $mux $procmux$7575.
    dead port 1/2 on $mux $procmux$7572.
    dead port 1/2 on $mux $procmux$7569.
    dead port 1/2 on $mux $procmux$7566.
    dead port 1/2 on $mux $procmux$7563.
    dead port 1/2 on $mux $procmux$7560.
    dead port 1/2 on $mux $procmux$7557.
    dead port 1/2 on $mux $procmux$7554.
    dead port 1/2 on $mux $procmux$7551.
    dead port 1/2 on $mux $procmux$7548.
    dead port 1/2 on $mux $procmux$7545.
    dead port 1/2 on $mux $procmux$7542.
    dead port 1/2 on $mux $procmux$7539.
    dead port 1/2 on $mux $procmux$7536.
    dead port 1/2 on $mux $procmux$7533.
    dead port 1/2 on $mux $procmux$7530.
    dead port 1/2 on $mux $procmux$7527.
    dead port 1/2 on $mux $procmux$7524.
    dead port 1/2 on $mux $procmux$7521.
    dead port 1/2 on $mux $procmux$7518.
    dead port 1/2 on $mux $procmux$7515.
    dead port 1/2 on $mux $procmux$7512.
    dead port 1/2 on $mux $procmux$7509.
    dead port 1/2 on $mux $procmux$7506.
    dead port 1/2 on $mux $procmux$7503.
    dead port 1/2 on $mux $procmux$7500.
    dead port 1/2 on $mux $procmux$7497.
    dead port 1/2 on $mux $procmux$7494.
    dead port 1/2 on $mux $procmux$7491.
    dead port 1/2 on $mux $procmux$7488.
    dead port 1/2 on $mux $procmux$7485.
    dead port 1/2 on $mux $procmux$7482.
    dead port 1/2 on $mux $procmux$7479.
    dead port 1/2 on $mux $procmux$7476.
    dead port 1/2 on $mux $procmux$7473.
    dead port 1/2 on $mux $procmux$7470.
    dead port 1/2 on $mux $procmux$7467.
    dead port 1/2 on $mux $procmux$7464.
    dead port 1/2 on $mux $procmux$7461.
    dead port 1/2 on $mux $procmux$7458.
    dead port 1/2 on $mux $procmux$7455.
    dead port 1/2 on $mux $procmux$7452.
    dead port 1/2 on $mux $procmux$7449.
    dead port 1/2 on $mux $procmux$7446.
    dead port 1/2 on $mux $procmux$7443.
    dead port 1/2 on $mux $procmux$7440.
    dead port 1/2 on $mux $procmux$7437.
    dead port 1/2 on $mux $procmux$7434.
    dead port 1/2 on $mux $procmux$7431.
    dead port 1/2 on $mux $procmux$7428.
    dead port 1/2 on $mux $procmux$7425.
    dead port 1/2 on $mux $procmux$7422.
    dead port 1/2 on $mux $procmux$7419.
    dead port 1/2 on $mux $procmux$7416.
    dead port 1/2 on $mux $procmux$7413.
    dead port 1/2 on $mux $procmux$7410.
    dead port 1/2 on $mux $procmux$7407.
    dead port 1/2 on $mux $procmux$7404.
    dead port 1/2 on $mux $procmux$7401.
    dead port 1/2 on $mux $procmux$7398.
    dead port 1/2 on $mux $procmux$7395.
    dead port 1/2 on $mux $procmux$7392.
    dead port 1/2 on $mux $procmux$7389.
    dead port 1/2 on $mux $procmux$7386.
    dead port 1/2 on $mux $procmux$7383.
    dead port 1/2 on $mux $procmux$7380.
    dead port 1/2 on $mux $procmux$7377.
    dead port 1/2 on $mux $procmux$7374.
    dead port 1/2 on $mux $procmux$7368.
    dead port 1/2 on $mux $procmux$7365.
    dead port 1/2 on $mux $procmux$7362.
    dead port 1/2 on $mux $procmux$7359.
    dead port 1/2 on $mux $procmux$7356.
    dead port 1/2 on $mux $procmux$7353.
    dead port 1/2 on $mux $procmux$7350.
    dead port 1/2 on $mux $procmux$7347.
    dead port 1/2 on $mux $procmux$7344.
    dead port 1/2 on $mux $procmux$7341.
    dead port 1/2 on $mux $procmux$7338.
    dead port 1/2 on $mux $procmux$7335.
    dead port 1/2 on $mux $procmux$7332.
    dead port 1/2 on $mux $procmux$7329.
    dead port 1/2 on $mux $procmux$7326.
    dead port 1/2 on $mux $procmux$7323.
    dead port 1/2 on $mux $procmux$7320.
    dead port 1/2 on $mux $procmux$7317.
    dead port 1/2 on $mux $procmux$7314.
    dead port 1/2 on $mux $procmux$7311.
    dead port 1/2 on $mux $procmux$7308.
    dead port 1/2 on $mux $procmux$7305.
    dead port 1/2 on $mux $procmux$7302.
    dead port 1/2 on $mux $procmux$7299.
    dead port 1/2 on $mux $procmux$7296.
    dead port 1/2 on $mux $procmux$7293.
    dead port 1/2 on $mux $procmux$7290.
    dead port 1/2 on $mux $procmux$7287.
    dead port 1/2 on $mux $procmux$7284.
    dead port 1/2 on $mux $procmux$7281.
    dead port 1/2 on $mux $procmux$7278.
    dead port 1/2 on $mux $procmux$7275.
    dead port 1/2 on $mux $procmux$7272.
    dead port 1/2 on $mux $procmux$7269.
    dead port 1/2 on $mux $procmux$7266.
    dead port 1/2 on $mux $procmux$7263.
    dead port 1/2 on $mux $procmux$7260.
    dead port 1/2 on $mux $procmux$7257.
    dead port 1/2 on $mux $procmux$7254.
    dead port 1/2 on $mux $procmux$7251.
    dead port 1/2 on $mux $procmux$7248.
    dead port 1/2 on $mux $procmux$7245.
    dead port 1/2 on $mux $procmux$7242.
    dead port 1/2 on $mux $procmux$7239.
    dead port 1/2 on $mux $procmux$7236.
    dead port 1/2 on $mux $procmux$7233.
    dead port 1/2 on $mux $procmux$7230.
    dead port 1/2 on $mux $procmux$7227.
    dead port 1/2 on $mux $procmux$7224.
    dead port 1/2 on $mux $procmux$7221.
    dead port 1/2 on $mux $procmux$7218.
    dead port 1/2 on $mux $procmux$7215.
    dead port 1/2 on $mux $procmux$7212.
    dead port 1/2 on $mux $procmux$7209.
    dead port 1/2 on $mux $procmux$7206.
    dead port 1/2 on $mux $procmux$7203.
    dead port 1/2 on $mux $procmux$7200.
    dead port 1/2 on $mux $procmux$7197.
    dead port 1/2 on $mux $procmux$7194.
    dead port 1/2 on $mux $procmux$7191.
    dead port 1/2 on $mux $procmux$7188.
    dead port 1/2 on $mux $procmux$7185.
    dead port 1/2 on $mux $procmux$7182.
    dead port 1/2 on $mux $procmux$7179.
    dead port 1/2 on $mux $procmux$7176.
    dead port 1/2 on $mux $procmux$7173.
    dead port 1/2 on $mux $procmux$7170.
    dead port 1/2 on $mux $procmux$7167.
    dead port 1/2 on $mux $procmux$7164.
    dead port 1/2 on $mux $procmux$7161.
    dead port 1/2 on $mux $procmux$7158.
    dead port 1/2 on $mux $procmux$7155.
    dead port 1/2 on $mux $procmux$7152.
    dead port 1/2 on $mux $procmux$7149.
    dead port 1/2 on $mux $procmux$7146.
    dead port 1/2 on $mux $procmux$7143.
    dead port 1/2 on $mux $procmux$7140.
    dead port 1/2 on $mux $procmux$7137.
    dead port 1/2 on $mux $procmux$7134.
    dead port 1/2 on $mux $procmux$7131.
    dead port 1/2 on $mux $procmux$7128.
    dead port 1/2 on $mux $procmux$7125.
    dead port 1/2 on $mux $procmux$7122.
    dead port 1/2 on $mux $procmux$7119.
    dead port 1/2 on $mux $procmux$7116.
    dead port 1/2 on $mux $procmux$7113.
    dead port 1/2 on $mux $procmux$7110.
    dead port 1/2 on $mux $procmux$7107.
    dead port 1/2 on $mux $procmux$7104.
    dead port 1/2 on $mux $procmux$7101.
    dead port 1/2 on $mux $procmux$7098.
    dead port 1/2 on $mux $procmux$7095.
    dead port 1/2 on $mux $procmux$7092.
    dead port 1/2 on $mux $procmux$7089.
    dead port 1/2 on $mux $procmux$7086.
    dead port 1/2 on $mux $procmux$7083.
    dead port 1/2 on $mux $procmux$7080.
    dead port 1/2 on $mux $procmux$7077.
    dead port 1/2 on $mux $procmux$7074.
    dead port 1/2 on $mux $procmux$7071.
    dead port 1/2 on $mux $procmux$7068.
    dead port 1/2 on $mux $procmux$7065.
    dead port 1/2 on $mux $procmux$7062.
    dead port 1/2 on $mux $procmux$7059.
    dead port 1/2 on $mux $procmux$7056.
    dead port 1/2 on $mux $procmux$7053.
    dead port 1/2 on $mux $procmux$7050.
    dead port 1/2 on $mux $procmux$7044.
    dead port 1/2 on $mux $procmux$7041.
    dead port 1/2 on $mux $procmux$7038.
    dead port 1/2 on $mux $procmux$7035.
    dead port 1/2 on $mux $procmux$7032.
    dead port 1/2 on $mux $procmux$7029.
    dead port 1/2 on $mux $procmux$7026.
    dead port 1/2 on $mux $procmux$7023.
    dead port 1/2 on $mux $procmux$7020.
    dead port 1/2 on $mux $procmux$7017.
    dead port 1/2 on $mux $procmux$7014.
    dead port 1/2 on $mux $procmux$7011.
    dead port 1/2 on $mux $procmux$7008.
    dead port 1/2 on $mux $procmux$7005.
    dead port 1/2 on $mux $procmux$7002.
    dead port 1/2 on $mux $procmux$6999.
    dead port 1/2 on $mux $procmux$6996.
    dead port 1/2 on $mux $procmux$6993.
    dead port 1/2 on $mux $procmux$6990.
    dead port 1/2 on $mux $procmux$6987.
    dead port 1/2 on $mux $procmux$6984.
    dead port 1/2 on $mux $procmux$6981.
    dead port 1/2 on $mux $procmux$6978.
    dead port 1/2 on $mux $procmux$6975.
    dead port 1/2 on $mux $procmux$6972.
    dead port 1/2 on $mux $procmux$6969.
    dead port 1/2 on $mux $procmux$6966.
    dead port 1/2 on $mux $procmux$6963.
    dead port 1/2 on $mux $procmux$6960.
    dead port 1/2 on $mux $procmux$6957.
    dead port 1/2 on $mux $procmux$6954.
    dead port 1/2 on $mux $procmux$6951.
    dead port 1/2 on $mux $procmux$6948.
    dead port 1/2 on $mux $procmux$6945.
    dead port 1/2 on $mux $procmux$6942.
    dead port 1/2 on $mux $procmux$6939.
    dead port 1/2 on $mux $procmux$6936.
    dead port 1/2 on $mux $procmux$6933.
    dead port 1/2 on $mux $procmux$6930.
    dead port 1/2 on $mux $procmux$6927.
    dead port 1/2 on $mux $procmux$6924.
    dead port 1/2 on $mux $procmux$6921.
    dead port 1/2 on $mux $procmux$6918.
    dead port 1/2 on $mux $procmux$6915.
    dead port 1/2 on $mux $procmux$6912.
    dead port 1/2 on $mux $procmux$6909.
    dead port 1/2 on $mux $procmux$6906.
    dead port 1/2 on $mux $procmux$6903.
    dead port 1/2 on $mux $procmux$6900.
    dead port 1/2 on $mux $procmux$6897.
    dead port 1/2 on $mux $procmux$6894.
    dead port 1/2 on $mux $procmux$6891.
    dead port 1/2 on $mux $procmux$6888.
    dead port 1/2 on $mux $procmux$6885.
    dead port 1/2 on $mux $procmux$6882.
    dead port 1/2 on $mux $procmux$6879.
    dead port 1/2 on $mux $procmux$6876.
    dead port 1/2 on $mux $procmux$6873.
    dead port 1/2 on $mux $procmux$6870.
    dead port 1/2 on $mux $procmux$6867.
    dead port 1/2 on $mux $procmux$6864.
    dead port 1/2 on $mux $procmux$6861.
    dead port 1/2 on $mux $procmux$6858.
    dead port 1/2 on $mux $procmux$6855.
    dead port 1/2 on $mux $procmux$6852.
    dead port 1/2 on $mux $procmux$6849.
    dead port 1/2 on $mux $procmux$6846.
    dead port 1/2 on $mux $procmux$6843.
    dead port 1/2 on $mux $procmux$6840.
    dead port 1/2 on $mux $procmux$6837.
    dead port 1/2 on $mux $procmux$6834.
    dead port 1/2 on $mux $procmux$6831.
    dead port 1/2 on $mux $procmux$6828.
    dead port 1/2 on $mux $procmux$6825.
    dead port 1/2 on $mux $procmux$6822.
    dead port 1/2 on $mux $procmux$6819.
    dead port 1/2 on $mux $procmux$6816.
    dead port 1/2 on $mux $procmux$6813.
    dead port 1/2 on $mux $procmux$6810.
    dead port 1/2 on $mux $procmux$6807.
    dead port 1/2 on $mux $procmux$6804.
    dead port 1/2 on $mux $procmux$6801.
    dead port 1/2 on $mux $procmux$6798.
    dead port 1/2 on $mux $procmux$6795.
    dead port 1/2 on $mux $procmux$6792.
    dead port 1/2 on $mux $procmux$6789.
    dead port 1/2 on $mux $procmux$6786.
    dead port 1/2 on $mux $procmux$6783.
    dead port 1/2 on $mux $procmux$6780.
    dead port 1/2 on $mux $procmux$6777.
    dead port 1/2 on $mux $procmux$6774.
    dead port 1/2 on $mux $procmux$6771.
    dead port 1/2 on $mux $procmux$6768.
    dead port 1/2 on $mux $procmux$6765.
    dead port 1/2 on $mux $procmux$6762.
    dead port 1/2 on $mux $procmux$6759.
    dead port 1/2 on $mux $procmux$6756.
    dead port 1/2 on $mux $procmux$6753.
    dead port 1/2 on $mux $procmux$6750.
    dead port 1/2 on $mux $procmux$6747.
    dead port 1/2 on $mux $procmux$6744.
    dead port 1/2 on $mux $procmux$6741.
    dead port 1/2 on $mux $procmux$6738.
    dead port 1/2 on $mux $procmux$6735.
    dead port 1/2 on $mux $procmux$6732.
    dead port 1/2 on $mux $procmux$6729.
    dead port 1/2 on $mux $procmux$6726.
    dead port 1/2 on $mux $procmux$6723.
    dead port 1/2 on $mux $procmux$6717.
    dead port 1/2 on $mux $procmux$6714.
    dead port 1/2 on $mux $procmux$6711.
    dead port 1/2 on $mux $procmux$6708.
    dead port 1/2 on $mux $procmux$6705.
    dead port 1/2 on $mux $procmux$6702.
    dead port 1/2 on $mux $procmux$6699.
    dead port 1/2 on $mux $procmux$6696.
    dead port 1/2 on $mux $procmux$6693.
    dead port 1/2 on $mux $procmux$6690.
    dead port 1/2 on $mux $procmux$6687.
    dead port 1/2 on $mux $procmux$6684.
    dead port 1/2 on $mux $procmux$6681.
    dead port 1/2 on $mux $procmux$6678.
    dead port 1/2 on $mux $procmux$6675.
    dead port 1/2 on $mux $procmux$6672.
    dead port 1/2 on $mux $procmux$6669.
    dead port 1/2 on $mux $procmux$6666.
    dead port 1/2 on $mux $procmux$6663.
    dead port 1/2 on $mux $procmux$6660.
    dead port 1/2 on $mux $procmux$6657.
    dead port 1/2 on $mux $procmux$6654.
    dead port 1/2 on $mux $procmux$6651.
    dead port 1/2 on $mux $procmux$6648.
    dead port 1/2 on $mux $procmux$6645.
    dead port 1/2 on $mux $procmux$6642.
    dead port 1/2 on $mux $procmux$6639.
    dead port 1/2 on $mux $procmux$6636.
    dead port 1/2 on $mux $procmux$6633.
    dead port 1/2 on $mux $procmux$6630.
    dead port 1/2 on $mux $procmux$6627.
    dead port 1/2 on $mux $procmux$6624.
    dead port 1/2 on $mux $procmux$6621.
    dead port 1/2 on $mux $procmux$6618.
    dead port 1/2 on $mux $procmux$6615.
    dead port 1/2 on $mux $procmux$6612.
    dead port 1/2 on $mux $procmux$6609.
    dead port 1/2 on $mux $procmux$6606.
    dead port 1/2 on $mux $procmux$6603.
    dead port 1/2 on $mux $procmux$6600.
    dead port 1/2 on $mux $procmux$6597.
    dead port 1/2 on $mux $procmux$6594.
    dead port 1/2 on $mux $procmux$6591.
    dead port 1/2 on $mux $procmux$6588.
    dead port 1/2 on $mux $procmux$6585.
    dead port 1/2 on $mux $procmux$6582.
    dead port 1/2 on $mux $procmux$6579.
    dead port 1/2 on $mux $procmux$6576.
    dead port 1/2 on $mux $procmux$6573.
    dead port 1/2 on $mux $procmux$6570.
    dead port 1/2 on $mux $procmux$6567.
    dead port 1/2 on $mux $procmux$6564.
    dead port 1/2 on $mux $procmux$6561.
    dead port 1/2 on $mux $procmux$6558.
    dead port 1/2 on $mux $procmux$6555.
    dead port 1/2 on $mux $procmux$6552.
    dead port 1/2 on $mux $procmux$6549.
    dead port 1/2 on $mux $procmux$6546.
    dead port 1/2 on $mux $procmux$6543.
    dead port 1/2 on $mux $procmux$6540.
    dead port 1/2 on $mux $procmux$6537.
    dead port 1/2 on $mux $procmux$6534.
    dead port 1/2 on $mux $procmux$6531.
    dead port 1/2 on $mux $procmux$6528.
    dead port 1/2 on $mux $procmux$6525.
    dead port 1/2 on $mux $procmux$6522.
    dead port 1/2 on $mux $procmux$6519.
    dead port 1/2 on $mux $procmux$6516.
    dead port 1/2 on $mux $procmux$6513.
    dead port 1/2 on $mux $procmux$6510.
    dead port 1/2 on $mux $procmux$6507.
    dead port 1/2 on $mux $procmux$6504.
    dead port 1/2 on $mux $procmux$6501.
    dead port 1/2 on $mux $procmux$6498.
    dead port 1/2 on $mux $procmux$6495.
    dead port 1/2 on $mux $procmux$6492.
    dead port 1/2 on $mux $procmux$6489.
    dead port 1/2 on $mux $procmux$6486.
    dead port 1/2 on $mux $procmux$6483.
    dead port 1/2 on $mux $procmux$6480.
    dead port 1/2 on $mux $procmux$6477.
    dead port 1/2 on $mux $procmux$6474.
    dead port 1/2 on $mux $procmux$6471.
    dead port 1/2 on $mux $procmux$6468.
    dead port 1/2 on $mux $procmux$6465.
    dead port 1/2 on $mux $procmux$6462.
    dead port 1/2 on $mux $procmux$6459.
    dead port 1/2 on $mux $procmux$6456.
    dead port 1/2 on $mux $procmux$6453.
    dead port 1/2 on $mux $procmux$6450.
    dead port 1/2 on $mux $procmux$6447.
    dead port 1/2 on $mux $procmux$6444.
    dead port 1/2 on $mux $procmux$6441.
    dead port 1/2 on $mux $procmux$6438.
    dead port 1/2 on $mux $procmux$6435.
    dead port 1/2 on $mux $procmux$6432.
    dead port 1/2 on $mux $procmux$6429.
    dead port 1/2 on $mux $procmux$6426.
    dead port 1/2 on $mux $procmux$6423.
    dead port 1/2 on $mux $procmux$6420.
    dead port 1/2 on $mux $procmux$6417.
    dead port 1/2 on $mux $procmux$6414.
    dead port 1/2 on $mux $procmux$6411.
    dead port 1/2 on $mux $procmux$6408.
    dead port 1/2 on $mux $procmux$6405.
    dead port 1/2 on $mux $procmux$6402.
    dead port 1/2 on $mux $procmux$6399.
    dead port 1/2 on $mux $procmux$6396.
    dead port 1/2 on $mux $procmux$6393.
    dead port 1/2 on $mux $procmux$6387.
    dead port 1/2 on $mux $procmux$6384.
    dead port 1/2 on $mux $procmux$6381.
    dead port 1/2 on $mux $procmux$6378.
    dead port 1/2 on $mux $procmux$6375.
    dead port 1/2 on $mux $procmux$6372.
    dead port 1/2 on $mux $procmux$6369.
    dead port 1/2 on $mux $procmux$6366.
    dead port 1/2 on $mux $procmux$6363.
    dead port 1/2 on $mux $procmux$6360.
    dead port 1/2 on $mux $procmux$6357.
    dead port 1/2 on $mux $procmux$6354.
    dead port 1/2 on $mux $procmux$6351.
    dead port 1/2 on $mux $procmux$6348.
    dead port 1/2 on $mux $procmux$6345.
    dead port 1/2 on $mux $procmux$6342.
    dead port 1/2 on $mux $procmux$6339.
    dead port 1/2 on $mux $procmux$6336.
    dead port 1/2 on $mux $procmux$6333.
    dead port 1/2 on $mux $procmux$6330.
    dead port 1/2 on $mux $procmux$6327.
    dead port 1/2 on $mux $procmux$6324.
    dead port 1/2 on $mux $procmux$6321.
    dead port 1/2 on $mux $procmux$6318.
    dead port 1/2 on $mux $procmux$6315.
    dead port 1/2 on $mux $procmux$6312.
    dead port 1/2 on $mux $procmux$6309.
    dead port 1/2 on $mux $procmux$6306.
    dead port 1/2 on $mux $procmux$6303.
    dead port 1/2 on $mux $procmux$6300.
    dead port 1/2 on $mux $procmux$6297.
    dead port 1/2 on $mux $procmux$6294.
    dead port 1/2 on $mux $procmux$6291.
    dead port 1/2 on $mux $procmux$6288.
    dead port 1/2 on $mux $procmux$6285.
    dead port 1/2 on $mux $procmux$6282.
    dead port 1/2 on $mux $procmux$6279.
    dead port 1/2 on $mux $procmux$6276.
    dead port 1/2 on $mux $procmux$6273.
    dead port 1/2 on $mux $procmux$6270.
    dead port 1/2 on $mux $procmux$6267.
    dead port 1/2 on $mux $procmux$6264.
    dead port 1/2 on $mux $procmux$6261.
    dead port 1/2 on $mux $procmux$6258.
    dead port 1/2 on $mux $procmux$6255.
    dead port 1/2 on $mux $procmux$6252.
    dead port 1/2 on $mux $procmux$6249.
    dead port 1/2 on $mux $procmux$6246.
    dead port 1/2 on $mux $procmux$6243.
    dead port 1/2 on $mux $procmux$6240.
    dead port 1/2 on $mux $procmux$6237.
    dead port 1/2 on $mux $procmux$6234.
    dead port 1/2 on $mux $procmux$6231.
    dead port 1/2 on $mux $procmux$6228.
    dead port 1/2 on $mux $procmux$6225.
    dead port 1/2 on $mux $procmux$6222.
    dead port 1/2 on $mux $procmux$6219.
    dead port 1/2 on $mux $procmux$6216.
    dead port 1/2 on $mux $procmux$6213.
    dead port 1/2 on $mux $procmux$6210.
    dead port 1/2 on $mux $procmux$6207.
    dead port 1/2 on $mux $procmux$6204.
    dead port 1/2 on $mux $procmux$6201.
    dead port 1/2 on $mux $procmux$6198.
    dead port 1/2 on $mux $procmux$6195.
    dead port 1/2 on $mux $procmux$6192.
    dead port 1/2 on $mux $procmux$6189.
    dead port 1/2 on $mux $procmux$6186.
    dead port 1/2 on $mux $procmux$6183.
    dead port 1/2 on $mux $procmux$6180.
    dead port 1/2 on $mux $procmux$6177.
    dead port 1/2 on $mux $procmux$6174.
    dead port 1/2 on $mux $procmux$6171.
    dead port 1/2 on $mux $procmux$6168.
    dead port 1/2 on $mux $procmux$6165.
    dead port 1/2 on $mux $procmux$6162.
    dead port 1/2 on $mux $procmux$6159.
    dead port 1/2 on $mux $procmux$6156.
    dead port 1/2 on $mux $procmux$6153.
    dead port 1/2 on $mux $procmux$6150.
    dead port 1/2 on $mux $procmux$6147.
    dead port 1/2 on $mux $procmux$6144.
    dead port 1/2 on $mux $procmux$6141.
    dead port 1/2 on $mux $procmux$6138.
    dead port 1/2 on $mux $procmux$6135.
    dead port 1/2 on $mux $procmux$6132.
    dead port 1/2 on $mux $procmux$6129.
    dead port 1/2 on $mux $procmux$6126.
    dead port 1/2 on $mux $procmux$6123.
    dead port 1/2 on $mux $procmux$6120.
    dead port 1/2 on $mux $procmux$6117.
    dead port 1/2 on $mux $procmux$6114.
    dead port 1/2 on $mux $procmux$6111.
    dead port 1/2 on $mux $procmux$6108.
    dead port 1/2 on $mux $procmux$6105.
    dead port 1/2 on $mux $procmux$6102.
    dead port 1/2 on $mux $procmux$6099.
    dead port 1/2 on $mux $procmux$6096.
    dead port 1/2 on $mux $procmux$6093.
    dead port 1/2 on $mux $procmux$6090.
    dead port 1/2 on $mux $procmux$6087.
    dead port 1/2 on $mux $procmux$6084.
    dead port 1/2 on $mux $procmux$6081.
    dead port 1/2 on $mux $procmux$6078.
    dead port 1/2 on $mux $procmux$6075.
    dead port 1/2 on $mux $procmux$6072.
    dead port 1/2 on $mux $procmux$6069.
    dead port 1/2 on $mux $procmux$6066.
    dead port 1/2 on $mux $procmux$6063.
    dead port 1/2 on $mux $procmux$6060.
    dead port 1/2 on $mux $procmux$6054.
    dead port 1/2 on $mux $procmux$6051.
    dead port 1/2 on $mux $procmux$6048.
    dead port 1/2 on $mux $procmux$6045.
    dead port 1/2 on $mux $procmux$6042.
    dead port 1/2 on $mux $procmux$6039.
    dead port 1/2 on $mux $procmux$6036.
    dead port 1/2 on $mux $procmux$6033.
    dead port 1/2 on $mux $procmux$6030.
    dead port 1/2 on $mux $procmux$6027.
    dead port 1/2 on $mux $procmux$6024.
    dead port 1/2 on $mux $procmux$6021.
    dead port 1/2 on $mux $procmux$6018.
    dead port 1/2 on $mux $procmux$6015.
    dead port 1/2 on $mux $procmux$6012.
    dead port 1/2 on $mux $procmux$6009.
    dead port 1/2 on $mux $procmux$6006.
    dead port 1/2 on $mux $procmux$6003.
    dead port 1/2 on $mux $procmux$6000.
    dead port 1/2 on $mux $procmux$5997.
    dead port 1/2 on $mux $procmux$5994.
    dead port 1/2 on $mux $procmux$5991.
    dead port 1/2 on $mux $procmux$5988.
    dead port 1/2 on $mux $procmux$5985.
    dead port 1/2 on $mux $procmux$5982.
    dead port 1/2 on $mux $procmux$5979.
    dead port 1/2 on $mux $procmux$5976.
    dead port 1/2 on $mux $procmux$5973.
    dead port 1/2 on $mux $procmux$5970.
    dead port 1/2 on $mux $procmux$5967.
    dead port 1/2 on $mux $procmux$5964.
    dead port 1/2 on $mux $procmux$5961.
    dead port 1/2 on $mux $procmux$5958.
    dead port 1/2 on $mux $procmux$5955.
    dead port 1/2 on $mux $procmux$5952.
    dead port 1/2 on $mux $procmux$5949.
    dead port 1/2 on $mux $procmux$5946.
    dead port 1/2 on $mux $procmux$5943.
    dead port 1/2 on $mux $procmux$5940.
    dead port 1/2 on $mux $procmux$5937.
    dead port 1/2 on $mux $procmux$5934.
    dead port 1/2 on $mux $procmux$5931.
    dead port 1/2 on $mux $procmux$5928.
    dead port 1/2 on $mux $procmux$5925.
    dead port 1/2 on $mux $procmux$5922.
    dead port 1/2 on $mux $procmux$5919.
    dead port 1/2 on $mux $procmux$5916.
    dead port 1/2 on $mux $procmux$5913.
    dead port 1/2 on $mux $procmux$5910.
    dead port 1/2 on $mux $procmux$5907.
    dead port 1/2 on $mux $procmux$5904.
    dead port 1/2 on $mux $procmux$5901.
    dead port 1/2 on $mux $procmux$5898.
    dead port 1/2 on $mux $procmux$5895.
    dead port 1/2 on $mux $procmux$5892.
    dead port 1/2 on $mux $procmux$5889.
    dead port 1/2 on $mux $procmux$5886.
    dead port 1/2 on $mux $procmux$5883.
    dead port 1/2 on $mux $procmux$5880.
    dead port 1/2 on $mux $procmux$5877.
    dead port 1/2 on $mux $procmux$5874.
    dead port 1/2 on $mux $procmux$5871.
    dead port 1/2 on $mux $procmux$5868.
    dead port 1/2 on $mux $procmux$5865.
    dead port 1/2 on $mux $procmux$5862.
    dead port 1/2 on $mux $procmux$5859.
    dead port 1/2 on $mux $procmux$5856.
    dead port 1/2 on $mux $procmux$5853.
    dead port 1/2 on $mux $procmux$5850.
    dead port 1/2 on $mux $procmux$5847.
    dead port 1/2 on $mux $procmux$5844.
    dead port 1/2 on $mux $procmux$5841.
    dead port 1/2 on $mux $procmux$5838.
    dead port 1/2 on $mux $procmux$5835.
    dead port 1/2 on $mux $procmux$5832.
    dead port 1/2 on $mux $procmux$5829.
    dead port 1/2 on $mux $procmux$5826.
    dead port 1/2 on $mux $procmux$5823.
    dead port 1/2 on $mux $procmux$5820.
    dead port 1/2 on $mux $procmux$5817.
    dead port 1/2 on $mux $procmux$5814.
    dead port 1/2 on $mux $procmux$5811.
    dead port 1/2 on $mux $procmux$5808.
    dead port 1/2 on $mux $procmux$5805.
    dead port 1/2 on $mux $procmux$5802.
    dead port 1/2 on $mux $procmux$5799.
    dead port 1/2 on $mux $procmux$5796.
    dead port 1/2 on $mux $procmux$5793.
    dead port 1/2 on $mux $procmux$5790.
    dead port 1/2 on $mux $procmux$5787.
    dead port 1/2 on $mux $procmux$5784.
    dead port 1/2 on $mux $procmux$5781.
    dead port 1/2 on $mux $procmux$5778.
    dead port 1/2 on $mux $procmux$5775.
    dead port 1/2 on $mux $procmux$5772.
    dead port 1/2 on $mux $procmux$5769.
    dead port 1/2 on $mux $procmux$5766.
    dead port 1/2 on $mux $procmux$5763.
    dead port 1/2 on $mux $procmux$5760.
    dead port 1/2 on $mux $procmux$5757.
    dead port 1/2 on $mux $procmux$5754.
    dead port 1/2 on $mux $procmux$5751.
    dead port 1/2 on $mux $procmux$5748.
    dead port 1/2 on $mux $procmux$5745.
    dead port 1/2 on $mux $procmux$5742.
    dead port 1/2 on $mux $procmux$5739.
    dead port 1/2 on $mux $procmux$5736.
    dead port 1/2 on $mux $procmux$5733.
    dead port 1/2 on $mux $procmux$5730.
    dead port 1/2 on $mux $procmux$5727.
    dead port 1/2 on $mux $procmux$5724.
    dead port 1/2 on $mux $procmux$5718.
    dead port 1/2 on $mux $procmux$5715.
    dead port 1/2 on $mux $procmux$5712.
    dead port 1/2 on $mux $procmux$5709.
    dead port 1/2 on $mux $procmux$5706.
    dead port 1/2 on $mux $procmux$5703.
    dead port 1/2 on $mux $procmux$5700.
    dead port 1/2 on $mux $procmux$5697.
    dead port 1/2 on $mux $procmux$5694.
    dead port 1/2 on $mux $procmux$5691.
    dead port 1/2 on $mux $procmux$5688.
    dead port 1/2 on $mux $procmux$5685.
    dead port 1/2 on $mux $procmux$5682.
    dead port 1/2 on $mux $procmux$5679.
    dead port 1/2 on $mux $procmux$5676.
    dead port 1/2 on $mux $procmux$5673.
    dead port 1/2 on $mux $procmux$5670.
    dead port 1/2 on $mux $procmux$5667.
    dead port 1/2 on $mux $procmux$5664.
    dead port 1/2 on $mux $procmux$5661.
    dead port 1/2 on $mux $procmux$5658.
    dead port 1/2 on $mux $procmux$5655.
    dead port 1/2 on $mux $procmux$5652.
    dead port 1/2 on $mux $procmux$5649.
    dead port 1/2 on $mux $procmux$5646.
    dead port 1/2 on $mux $procmux$5643.
    dead port 1/2 on $mux $procmux$5640.
    dead port 1/2 on $mux $procmux$5637.
    dead port 1/2 on $mux $procmux$5634.
    dead port 1/2 on $mux $procmux$5631.
    dead port 1/2 on $mux $procmux$5628.
    dead port 1/2 on $mux $procmux$5625.
    dead port 1/2 on $mux $procmux$5622.
    dead port 1/2 on $mux $procmux$5619.
    dead port 1/2 on $mux $procmux$5616.
    dead port 1/2 on $mux $procmux$5613.
    dead port 1/2 on $mux $procmux$5610.
    dead port 1/2 on $mux $procmux$5607.
    dead port 1/2 on $mux $procmux$5604.
    dead port 1/2 on $mux $procmux$5601.
    dead port 1/2 on $mux $procmux$5598.
    dead port 1/2 on $mux $procmux$5595.
    dead port 1/2 on $mux $procmux$5592.
    dead port 1/2 on $mux $procmux$5589.
    dead port 1/2 on $mux $procmux$5586.
    dead port 1/2 on $mux $procmux$5583.
    dead port 1/2 on $mux $procmux$5580.
    dead port 1/2 on $mux $procmux$5577.
    dead port 1/2 on $mux $procmux$5574.
    dead port 1/2 on $mux $procmux$5571.
    dead port 1/2 on $mux $procmux$5568.
    dead port 1/2 on $mux $procmux$5565.
    dead port 1/2 on $mux $procmux$5562.
    dead port 1/2 on $mux $procmux$5559.
    dead port 1/2 on $mux $procmux$5556.
    dead port 1/2 on $mux $procmux$5553.
    dead port 1/2 on $mux $procmux$5550.
    dead port 1/2 on $mux $procmux$5547.
    dead port 1/2 on $mux $procmux$5544.
    dead port 1/2 on $mux $procmux$5541.
    dead port 1/2 on $mux $procmux$5538.
    dead port 1/2 on $mux $procmux$5535.
    dead port 1/2 on $mux $procmux$5532.
    dead port 1/2 on $mux $procmux$5529.
    dead port 1/2 on $mux $procmux$5526.
    dead port 1/2 on $mux $procmux$5523.
    dead port 1/2 on $mux $procmux$5520.
    dead port 1/2 on $mux $procmux$5517.
    dead port 1/2 on $mux $procmux$5514.
    dead port 1/2 on $mux $procmux$5511.
    dead port 1/2 on $mux $procmux$5508.
    dead port 1/2 on $mux $procmux$5505.
    dead port 1/2 on $mux $procmux$5502.
    dead port 1/2 on $mux $procmux$5499.
    dead port 1/2 on $mux $procmux$5496.
    dead port 1/2 on $mux $procmux$5493.
    dead port 1/2 on $mux $procmux$5490.
    dead port 1/2 on $mux $procmux$5487.
    dead port 1/2 on $mux $procmux$5484.
    dead port 1/2 on $mux $procmux$5481.
    dead port 1/2 on $mux $procmux$5478.
    dead port 1/2 on $mux $procmux$5475.
    dead port 1/2 on $mux $procmux$5472.
    dead port 1/2 on $mux $procmux$5469.
    dead port 1/2 on $mux $procmux$5466.
    dead port 1/2 on $mux $procmux$5463.
    dead port 1/2 on $mux $procmux$5460.
    dead port 1/2 on $mux $procmux$5457.
    dead port 1/2 on $mux $procmux$5454.
    dead port 1/2 on $mux $procmux$5451.
    dead port 1/2 on $mux $procmux$5448.
    dead port 1/2 on $mux $procmux$5445.
    dead port 1/2 on $mux $procmux$5442.
    dead port 1/2 on $mux $procmux$5439.
    dead port 1/2 on $mux $procmux$5436.
    dead port 1/2 on $mux $procmux$5433.
    dead port 1/2 on $mux $procmux$5430.
    dead port 1/2 on $mux $procmux$5427.
    dead port 1/2 on $mux $procmux$5424.
    dead port 1/2 on $mux $procmux$5421.
    dead port 1/2 on $mux $procmux$5418.
    dead port 1/2 on $mux $procmux$5415.
    dead port 1/2 on $mux $procmux$5412.
    dead port 1/2 on $mux $procmux$5409.
    dead port 1/2 on $mux $procmux$5406.
    dead port 1/2 on $mux $procmux$5403.
    dead port 1/2 on $mux $procmux$5400.
    dead port 1/2 on $mux $procmux$5397.
    dead port 1/2 on $mux $procmux$5394.
    dead port 1/2 on $mux $procmux$5391.
    dead port 1/2 on $mux $procmux$5388.
    dead port 1/2 on $mux $procmux$5385.
    dead port 1/2 on $mux $procmux$5379.
    dead port 1/2 on $mux $procmux$5376.
    dead port 1/2 on $mux $procmux$5373.
    dead port 1/2 on $mux $procmux$5370.
    dead port 1/2 on $mux $procmux$5367.
    dead port 1/2 on $mux $procmux$5364.
    dead port 1/2 on $mux $procmux$5361.
    dead port 1/2 on $mux $procmux$5358.
    dead port 1/2 on $mux $procmux$5355.
    dead port 1/2 on $mux $procmux$5352.
    dead port 1/2 on $mux $procmux$5349.
    dead port 1/2 on $mux $procmux$5346.
    dead port 1/2 on $mux $procmux$5343.
    dead port 1/2 on $mux $procmux$5340.
    dead port 1/2 on $mux $procmux$5337.
    dead port 1/2 on $mux $procmux$5334.
    dead port 1/2 on $mux $procmux$5331.
    dead port 1/2 on $mux $procmux$5328.
    dead port 1/2 on $mux $procmux$5325.
    dead port 1/2 on $mux $procmux$5322.
    dead port 1/2 on $mux $procmux$5319.
    dead port 1/2 on $mux $procmux$5316.
    dead port 1/2 on $mux $procmux$5313.
    dead port 1/2 on $mux $procmux$5310.
    dead port 1/2 on $mux $procmux$5307.
    dead port 1/2 on $mux $procmux$5304.
    dead port 1/2 on $mux $procmux$5301.
    dead port 1/2 on $mux $procmux$5298.
    dead port 1/2 on $mux $procmux$5295.
    dead port 1/2 on $mux $procmux$5292.
    dead port 1/2 on $mux $procmux$5289.
    dead port 1/2 on $mux $procmux$5286.
    dead port 1/2 on $mux $procmux$5283.
    dead port 1/2 on $mux $procmux$5280.
    dead port 1/2 on $mux $procmux$5277.
    dead port 1/2 on $mux $procmux$5274.
    dead port 1/2 on $mux $procmux$5271.
    dead port 1/2 on $mux $procmux$5268.
    dead port 1/2 on $mux $procmux$5265.
    dead port 1/2 on $mux $procmux$5262.
    dead port 1/2 on $mux $procmux$5259.
    dead port 1/2 on $mux $procmux$5256.
    dead port 1/2 on $mux $procmux$5253.
    dead port 1/2 on $mux $procmux$5250.
    dead port 1/2 on $mux $procmux$5247.
    dead port 1/2 on $mux $procmux$5244.
    dead port 1/2 on $mux $procmux$5241.
    dead port 1/2 on $mux $procmux$5238.
    dead port 1/2 on $mux $procmux$5235.
    dead port 1/2 on $mux $procmux$5232.
    dead port 1/2 on $mux $procmux$5229.
    dead port 1/2 on $mux $procmux$5226.
    dead port 1/2 on $mux $procmux$5223.
    dead port 1/2 on $mux $procmux$5220.
    dead port 1/2 on $mux $procmux$5217.
    dead port 1/2 on $mux $procmux$5214.
    dead port 1/2 on $mux $procmux$5211.
    dead port 1/2 on $mux $procmux$5208.
    dead port 1/2 on $mux $procmux$5205.
    dead port 1/2 on $mux $procmux$5202.
    dead port 1/2 on $mux $procmux$5199.
    dead port 1/2 on $mux $procmux$5196.
    dead port 1/2 on $mux $procmux$5193.
    dead port 1/2 on $mux $procmux$5190.
    dead port 1/2 on $mux $procmux$5187.
    dead port 1/2 on $mux $procmux$5184.
    dead port 1/2 on $mux $procmux$5181.
    dead port 1/2 on $mux $procmux$5178.
    dead port 1/2 on $mux $procmux$5175.
    dead port 1/2 on $mux $procmux$5172.
    dead port 1/2 on $mux $procmux$5169.
    dead port 1/2 on $mux $procmux$5166.
    dead port 1/2 on $mux $procmux$5163.
    dead port 1/2 on $mux $procmux$5160.
    dead port 1/2 on $mux $procmux$5157.
    dead port 1/2 on $mux $procmux$5154.
    dead port 1/2 on $mux $procmux$5151.
    dead port 1/2 on $mux $procmux$5148.
    dead port 1/2 on $mux $procmux$5145.
    dead port 1/2 on $mux $procmux$5142.
    dead port 1/2 on $mux $procmux$5139.
    dead port 1/2 on $mux $procmux$5136.
    dead port 1/2 on $mux $procmux$5133.
    dead port 1/2 on $mux $procmux$5130.
    dead port 1/2 on $mux $procmux$5127.
    dead port 1/2 on $mux $procmux$5124.
    dead port 1/2 on $mux $procmux$5121.
    dead port 1/2 on $mux $procmux$5118.
    dead port 1/2 on $mux $procmux$5115.
    dead port 1/2 on $mux $procmux$5112.
    dead port 1/2 on $mux $procmux$5109.
    dead port 1/2 on $mux $procmux$5106.
    dead port 1/2 on $mux $procmux$5103.
    dead port 1/2 on $mux $procmux$5100.
    dead port 1/2 on $mux $procmux$5097.
    dead port 1/2 on $mux $procmux$5094.
    dead port 1/2 on $mux $procmux$5091.
    dead port 1/2 on $mux $procmux$5088.
    dead port 1/2 on $mux $procmux$5085.
    dead port 1/2 on $mux $procmux$5082.
    dead port 1/2 on $mux $procmux$5079.
    dead port 1/2 on $mux $procmux$5076.
    dead port 1/2 on $mux $procmux$5073.
    dead port 1/2 on $mux $procmux$5070.
    dead port 1/2 on $mux $procmux$5067.
    dead port 1/2 on $mux $procmux$5064.
    dead port 1/2 on $mux $procmux$5061.
    dead port 1/2 on $mux $procmux$5058.
    dead port 1/2 on $mux $procmux$5055.
    dead port 1/2 on $mux $procmux$5052.
    dead port 1/2 on $mux $procmux$5049.
    dead port 1/2 on $mux $procmux$5046.
    dead port 1/2 on $mux $procmux$5043.
    dead port 1/2 on $mux $procmux$5037.
    dead port 1/2 on $mux $procmux$5034.
    dead port 1/2 on $mux $procmux$5031.
    dead port 1/2 on $mux $procmux$5028.
    dead port 1/2 on $mux $procmux$5025.
    dead port 1/2 on $mux $procmux$5022.
    dead port 1/2 on $mux $procmux$5019.
    dead port 1/2 on $mux $procmux$5016.
    dead port 1/2 on $mux $procmux$5013.
    dead port 1/2 on $mux $procmux$5010.
    dead port 1/2 on $mux $procmux$5007.
    dead port 1/2 on $mux $procmux$5004.
    dead port 1/2 on $mux $procmux$5001.
    dead port 1/2 on $mux $procmux$4998.
    dead port 1/2 on $mux $procmux$4995.
    dead port 1/2 on $mux $procmux$4992.
    dead port 1/2 on $mux $procmux$4989.
    dead port 1/2 on $mux $procmux$4986.
    dead port 1/2 on $mux $procmux$4983.
    dead port 1/2 on $mux $procmux$4980.
    dead port 1/2 on $mux $procmux$4977.
    dead port 1/2 on $mux $procmux$4974.
    dead port 1/2 on $mux $procmux$4971.
    dead port 1/2 on $mux $procmux$4968.
    dead port 1/2 on $mux $procmux$4965.
    dead port 1/2 on $mux $procmux$4962.
    dead port 1/2 on $mux $procmux$4959.
    dead port 1/2 on $mux $procmux$4956.
    dead port 1/2 on $mux $procmux$4953.
    dead port 1/2 on $mux $procmux$4950.
    dead port 1/2 on $mux $procmux$4947.
    dead port 1/2 on $mux $procmux$4944.
    dead port 1/2 on $mux $procmux$4941.
    dead port 1/2 on $mux $procmux$4938.
    dead port 1/2 on $mux $procmux$4935.
    dead port 1/2 on $mux $procmux$4932.
    dead port 1/2 on $mux $procmux$4929.
    dead port 1/2 on $mux $procmux$4926.
    dead port 1/2 on $mux $procmux$4923.
    dead port 1/2 on $mux $procmux$4920.
    dead port 1/2 on $mux $procmux$4917.
    dead port 1/2 on $mux $procmux$4914.
    dead port 1/2 on $mux $procmux$4911.
    dead port 1/2 on $mux $procmux$4908.
    dead port 1/2 on $mux $procmux$4905.
    dead port 1/2 on $mux $procmux$4902.
    dead port 1/2 on $mux $procmux$4899.
    dead port 1/2 on $mux $procmux$4896.
    dead port 1/2 on $mux $procmux$4893.
    dead port 1/2 on $mux $procmux$4890.
    dead port 1/2 on $mux $procmux$4887.
    dead port 1/2 on $mux $procmux$4884.
    dead port 1/2 on $mux $procmux$4881.
    dead port 1/2 on $mux $procmux$4878.
    dead port 1/2 on $mux $procmux$4875.
    dead port 1/2 on $mux $procmux$4872.
    dead port 1/2 on $mux $procmux$4869.
    dead port 1/2 on $mux $procmux$4866.
    dead port 1/2 on $mux $procmux$4863.
    dead port 1/2 on $mux $procmux$4860.
    dead port 1/2 on $mux $procmux$4857.
    dead port 1/2 on $mux $procmux$4854.
    dead port 1/2 on $mux $procmux$4851.
    dead port 1/2 on $mux $procmux$4848.
    dead port 1/2 on $mux $procmux$4845.
    dead port 1/2 on $mux $procmux$4842.
    dead port 1/2 on $mux $procmux$4839.
    dead port 1/2 on $mux $procmux$4836.
    dead port 1/2 on $mux $procmux$4833.
    dead port 1/2 on $mux $procmux$4830.
    dead port 1/2 on $mux $procmux$4827.
    dead port 1/2 on $mux $procmux$4824.
    dead port 1/2 on $mux $procmux$4821.
    dead port 1/2 on $mux $procmux$4818.
    dead port 1/2 on $mux $procmux$4815.
    dead port 1/2 on $mux $procmux$4812.
    dead port 1/2 on $mux $procmux$4809.
    dead port 1/2 on $mux $procmux$4806.
    dead port 1/2 on $mux $procmux$4803.
    dead port 1/2 on $mux $procmux$4800.
    dead port 1/2 on $mux $procmux$4797.
    dead port 1/2 on $mux $procmux$4794.
    dead port 1/2 on $mux $procmux$4791.
    dead port 1/2 on $mux $procmux$4788.
    dead port 1/2 on $mux $procmux$4785.
    dead port 1/2 on $mux $procmux$4782.
    dead port 1/2 on $mux $procmux$4779.
    dead port 1/2 on $mux $procmux$4776.
    dead port 1/2 on $mux $procmux$4773.
    dead port 1/2 on $mux $procmux$4770.
    dead port 1/2 on $mux $procmux$4767.
    dead port 1/2 on $mux $procmux$4764.
    dead port 1/2 on $mux $procmux$4761.
    dead port 1/2 on $mux $procmux$4758.
    dead port 1/2 on $mux $procmux$4755.
    dead port 1/2 on $mux $procmux$4752.
    dead port 1/2 on $mux $procmux$4749.
    dead port 1/2 on $mux $procmux$4746.
    dead port 1/2 on $mux $procmux$4743.
    dead port 1/2 on $mux $procmux$4740.
    dead port 1/2 on $mux $procmux$4737.
    dead port 1/2 on $mux $procmux$4734.
    dead port 1/2 on $mux $procmux$4731.
    dead port 1/2 on $mux $procmux$4728.
    dead port 1/2 on $mux $procmux$4725.
    dead port 1/2 on $mux $procmux$4722.
    dead port 1/2 on $mux $procmux$4719.
    dead port 1/2 on $mux $procmux$4716.
    dead port 1/2 on $mux $procmux$4713.
    dead port 1/2 on $mux $procmux$4710.
    dead port 1/2 on $mux $procmux$4707.
    dead port 1/2 on $mux $procmux$4704.
    dead port 1/2 on $mux $procmux$4701.
    dead port 1/2 on $mux $procmux$4698.
    dead port 1/2 on $mux $procmux$4692.
    dead port 1/2 on $mux $procmux$4689.
    dead port 1/2 on $mux $procmux$4686.
    dead port 1/2 on $mux $procmux$4683.
    dead port 1/2 on $mux $procmux$4680.
    dead port 1/2 on $mux $procmux$4677.
    dead port 1/2 on $mux $procmux$4674.
    dead port 1/2 on $mux $procmux$4671.
    dead port 1/2 on $mux $procmux$4668.
    dead port 1/2 on $mux $procmux$4665.
    dead port 1/2 on $mux $procmux$4662.
    dead port 1/2 on $mux $procmux$4659.
    dead port 1/2 on $mux $procmux$4656.
    dead port 1/2 on $mux $procmux$4653.
    dead port 1/2 on $mux $procmux$4650.
    dead port 1/2 on $mux $procmux$4647.
    dead port 1/2 on $mux $procmux$4644.
    dead port 1/2 on $mux $procmux$4641.
    dead port 1/2 on $mux $procmux$4638.
    dead port 1/2 on $mux $procmux$4635.
    dead port 1/2 on $mux $procmux$4632.
    dead port 1/2 on $mux $procmux$4629.
    dead port 1/2 on $mux $procmux$4626.
    dead port 1/2 on $mux $procmux$4623.
    dead port 1/2 on $mux $procmux$4620.
    dead port 1/2 on $mux $procmux$4617.
    dead port 1/2 on $mux $procmux$4614.
    dead port 1/2 on $mux $procmux$4611.
    dead port 1/2 on $mux $procmux$4608.
    dead port 1/2 on $mux $procmux$4605.
    dead port 1/2 on $mux $procmux$4602.
    dead port 1/2 on $mux $procmux$4599.
    dead port 1/2 on $mux $procmux$4596.
    dead port 1/2 on $mux $procmux$4593.
    dead port 1/2 on $mux $procmux$4590.
    dead port 1/2 on $mux $procmux$4587.
    dead port 1/2 on $mux $procmux$4584.
    dead port 1/2 on $mux $procmux$4581.
    dead port 1/2 on $mux $procmux$4578.
    dead port 1/2 on $mux $procmux$4575.
    dead port 1/2 on $mux $procmux$4572.
    dead port 1/2 on $mux $procmux$4569.
    dead port 1/2 on $mux $procmux$4566.
    dead port 1/2 on $mux $procmux$4563.
    dead port 1/2 on $mux $procmux$4560.
    dead port 1/2 on $mux $procmux$4557.
    dead port 1/2 on $mux $procmux$4554.
    dead port 1/2 on $mux $procmux$4551.
    dead port 1/2 on $mux $procmux$4548.
    dead port 1/2 on $mux $procmux$4545.
    dead port 1/2 on $mux $procmux$4542.
    dead port 1/2 on $mux $procmux$4539.
    dead port 1/2 on $mux $procmux$4536.
    dead port 1/2 on $mux $procmux$4533.
    dead port 1/2 on $mux $procmux$4530.
    dead port 1/2 on $mux $procmux$4527.
    dead port 1/2 on $mux $procmux$4524.
    dead port 1/2 on $mux $procmux$4521.
    dead port 1/2 on $mux $procmux$4518.
    dead port 1/2 on $mux $procmux$4515.
    dead port 1/2 on $mux $procmux$4512.
    dead port 1/2 on $mux $procmux$4509.
    dead port 1/2 on $mux $procmux$4506.
    dead port 1/2 on $mux $procmux$4503.
    dead port 1/2 on $mux $procmux$4500.
    dead port 1/2 on $mux $procmux$4497.
    dead port 1/2 on $mux $procmux$4494.
    dead port 1/2 on $mux $procmux$4491.
    dead port 1/2 on $mux $procmux$4488.
    dead port 1/2 on $mux $procmux$4485.
    dead port 1/2 on $mux $procmux$4482.
    dead port 1/2 on $mux $procmux$4479.
    dead port 1/2 on $mux $procmux$4476.
    dead port 1/2 on $mux $procmux$4473.
    dead port 1/2 on $mux $procmux$4470.
    dead port 1/2 on $mux $procmux$4467.
    dead port 1/2 on $mux $procmux$4464.
    dead port 1/2 on $mux $procmux$4461.
    dead port 1/2 on $mux $procmux$4458.
    dead port 1/2 on $mux $procmux$4455.
    dead port 1/2 on $mux $procmux$4452.
    dead port 1/2 on $mux $procmux$4449.
    dead port 1/2 on $mux $procmux$4446.
    dead port 1/2 on $mux $procmux$4443.
    dead port 1/2 on $mux $procmux$4440.
    dead port 1/2 on $mux $procmux$4437.
    dead port 1/2 on $mux $procmux$4434.
    dead port 1/2 on $mux $procmux$4431.
    dead port 1/2 on $mux $procmux$4428.
    dead port 1/2 on $mux $procmux$4425.
    dead port 1/2 on $mux $procmux$4422.
    dead port 1/2 on $mux $procmux$4419.
    dead port 1/2 on $mux $procmux$4416.
    dead port 1/2 on $mux $procmux$4413.
    dead port 1/2 on $mux $procmux$4410.
    dead port 1/2 on $mux $procmux$4407.
    dead port 1/2 on $mux $procmux$4404.
    dead port 1/2 on $mux $procmux$4401.
    dead port 1/2 on $mux $procmux$4398.
    dead port 1/2 on $mux $procmux$4395.
    dead port 1/2 on $mux $procmux$4392.
    dead port 1/2 on $mux $procmux$4389.
    dead port 1/2 on $mux $procmux$4386.
    dead port 1/2 on $mux $procmux$4383.
    dead port 1/2 on $mux $procmux$4380.
    dead port 1/2 on $mux $procmux$4377.
    dead port 1/2 on $mux $procmux$4374.
    dead port 1/2 on $mux $procmux$4371.
    dead port 1/2 on $mux $procmux$4368.
    dead port 1/2 on $mux $procmux$4365.
    dead port 1/2 on $mux $procmux$4362.
    dead port 1/2 on $mux $procmux$4359.
    dead port 1/2 on $mux $procmux$4356.
    dead port 1/2 on $mux $procmux$4353.
    dead port 1/2 on $mux $procmux$4350.
    dead port 1/2 on $mux $procmux$4344.
    dead port 1/2 on $mux $procmux$4341.
    dead port 1/2 on $mux $procmux$4338.
    dead port 1/2 on $mux $procmux$4335.
    dead port 1/2 on $mux $procmux$4332.
    dead port 1/2 on $mux $procmux$4329.
    dead port 1/2 on $mux $procmux$4326.
    dead port 1/2 on $mux $procmux$4323.
    dead port 1/2 on $mux $procmux$4320.
    dead port 1/2 on $mux $procmux$4317.
    dead port 1/2 on $mux $procmux$4314.
    dead port 1/2 on $mux $procmux$4311.
    dead port 1/2 on $mux $procmux$4308.
    dead port 1/2 on $mux $procmux$4305.
    dead port 1/2 on $mux $procmux$4302.
    dead port 1/2 on $mux $procmux$4299.
    dead port 1/2 on $mux $procmux$4296.
    dead port 1/2 on $mux $procmux$4293.
    dead port 1/2 on $mux $procmux$4290.
    dead port 1/2 on $mux $procmux$4287.
    dead port 1/2 on $mux $procmux$4284.
    dead port 1/2 on $mux $procmux$4281.
    dead port 1/2 on $mux $procmux$4278.
    dead port 1/2 on $mux $procmux$4275.
    dead port 1/2 on $mux $procmux$4272.
    dead port 1/2 on $mux $procmux$4269.
    dead port 1/2 on $mux $procmux$4266.
    dead port 1/2 on $mux $procmux$4263.
    dead port 1/2 on $mux $procmux$4260.
    dead port 1/2 on $mux $procmux$4257.
    dead port 1/2 on $mux $procmux$4254.
    dead port 1/2 on $mux $procmux$4251.
    dead port 1/2 on $mux $procmux$4248.
    dead port 1/2 on $mux $procmux$4245.
    dead port 1/2 on $mux $procmux$4242.
    dead port 1/2 on $mux $procmux$4239.
    dead port 1/2 on $mux $procmux$4236.
    dead port 1/2 on $mux $procmux$4233.
    dead port 1/2 on $mux $procmux$4230.
    dead port 1/2 on $mux $procmux$4227.
    dead port 1/2 on $mux $procmux$4224.
    dead port 1/2 on $mux $procmux$4221.
    dead port 1/2 on $mux $procmux$4218.
    dead port 1/2 on $mux $procmux$4215.
    dead port 1/2 on $mux $procmux$4212.
    dead port 1/2 on $mux $procmux$4209.
    dead port 1/2 on $mux $procmux$4206.
    dead port 1/2 on $mux $procmux$4203.
    dead port 1/2 on $mux $procmux$4200.
    dead port 1/2 on $mux $procmux$4197.
    dead port 1/2 on $mux $procmux$4194.
    dead port 1/2 on $mux $procmux$4191.
    dead port 1/2 on $mux $procmux$4188.
    dead port 1/2 on $mux $procmux$4185.
    dead port 1/2 on $mux $procmux$4182.
    dead port 1/2 on $mux $procmux$4179.
    dead port 1/2 on $mux $procmux$4176.
    dead port 1/2 on $mux $procmux$4173.
    dead port 1/2 on $mux $procmux$4170.
    dead port 1/2 on $mux $procmux$4167.
    dead port 1/2 on $mux $procmux$4164.
    dead port 1/2 on $mux $procmux$4161.
    dead port 1/2 on $mux $procmux$4158.
    dead port 1/2 on $mux $procmux$4155.
    dead port 1/2 on $mux $procmux$4152.
    dead port 1/2 on $mux $procmux$4149.
    dead port 1/2 on $mux $procmux$4146.
    dead port 1/2 on $mux $procmux$4143.
    dead port 1/2 on $mux $procmux$4140.
    dead port 1/2 on $mux $procmux$4137.
    dead port 1/2 on $mux $procmux$4134.
    dead port 1/2 on $mux $procmux$4131.
    dead port 1/2 on $mux $procmux$4128.
    dead port 1/2 on $mux $procmux$4125.
    dead port 1/2 on $mux $procmux$4122.
    dead port 1/2 on $mux $procmux$4119.
    dead port 1/2 on $mux $procmux$4116.
    dead port 1/2 on $mux $procmux$4113.
    dead port 1/2 on $mux $procmux$4110.
    dead port 1/2 on $mux $procmux$4107.
    dead port 1/2 on $mux $procmux$4104.
    dead port 1/2 on $mux $procmux$4101.
    dead port 1/2 on $mux $procmux$4098.
    dead port 1/2 on $mux $procmux$4095.
    dead port 1/2 on $mux $procmux$4092.
    dead port 1/2 on $mux $procmux$4089.
    dead port 1/2 on $mux $procmux$4086.
    dead port 1/2 on $mux $procmux$4083.
    dead port 1/2 on $mux $procmux$4080.
    dead port 1/2 on $mux $procmux$4077.
    dead port 1/2 on $mux $procmux$4074.
    dead port 1/2 on $mux $procmux$4071.
    dead port 1/2 on $mux $procmux$4068.
    dead port 1/2 on $mux $procmux$4065.
    dead port 1/2 on $mux $procmux$4062.
    dead port 1/2 on $mux $procmux$4059.
    dead port 1/2 on $mux $procmux$4056.
    dead port 1/2 on $mux $procmux$4053.
    dead port 1/2 on $mux $procmux$4050.
    dead port 1/2 on $mux $procmux$4047.
    dead port 1/2 on $mux $procmux$4044.
    dead port 1/2 on $mux $procmux$4041.
    dead port 1/2 on $mux $procmux$4038.
    dead port 1/2 on $mux $procmux$4035.
    dead port 1/2 on $mux $procmux$4032.
    dead port 1/2 on $mux $procmux$4029.
    dead port 1/2 on $mux $procmux$4026.
    dead port 1/2 on $mux $procmux$4023.
    dead port 1/2 on $mux $procmux$4020.
    dead port 1/2 on $mux $procmux$4017.
    dead port 1/2 on $mux $procmux$4014.
    dead port 1/2 on $mux $procmux$4011.
    dead port 1/2 on $mux $procmux$4008.
    dead port 1/2 on $mux $procmux$4005.
    dead port 1/2 on $mux $procmux$4002.
    dead port 1/2 on $mux $procmux$3999.
    dead port 1/2 on $mux $procmux$3993.
    dead port 1/2 on $mux $procmux$3990.
    dead port 1/2 on $mux $procmux$3987.
    dead port 1/2 on $mux $procmux$3984.
    dead port 1/2 on $mux $procmux$3981.
    dead port 1/2 on $mux $procmux$3978.
    dead port 1/2 on $mux $procmux$3975.
    dead port 1/2 on $mux $procmux$3972.
    dead port 1/2 on $mux $procmux$3969.
    dead port 1/2 on $mux $procmux$3966.
    dead port 1/2 on $mux $procmux$3963.
    dead port 1/2 on $mux $procmux$3960.
    dead port 1/2 on $mux $procmux$3957.
    dead port 1/2 on $mux $procmux$3954.
    dead port 1/2 on $mux $procmux$3951.
    dead port 1/2 on $mux $procmux$3948.
    dead port 1/2 on $mux $procmux$3945.
    dead port 1/2 on $mux $procmux$3942.
    dead port 1/2 on $mux $procmux$3939.
    dead port 1/2 on $mux $procmux$3936.
    dead port 1/2 on $mux $procmux$3933.
    dead port 1/2 on $mux $procmux$3930.
    dead port 1/2 on $mux $procmux$3927.
    dead port 1/2 on $mux $procmux$3924.
    dead port 1/2 on $mux $procmux$3921.
    dead port 1/2 on $mux $procmux$3918.
    dead port 1/2 on $mux $procmux$3915.
    dead port 1/2 on $mux $procmux$3912.
    dead port 1/2 on $mux $procmux$3909.
    dead port 1/2 on $mux $procmux$3906.
    dead port 1/2 on $mux $procmux$3903.
    dead port 1/2 on $mux $procmux$3900.
    dead port 1/2 on $mux $procmux$3897.
    dead port 1/2 on $mux $procmux$3894.
    dead port 1/2 on $mux $procmux$3891.
    dead port 1/2 on $mux $procmux$3888.
    dead port 1/2 on $mux $procmux$3885.
    dead port 1/2 on $mux $procmux$3882.
    dead port 1/2 on $mux $procmux$3879.
    dead port 1/2 on $mux $procmux$3876.
    dead port 1/2 on $mux $procmux$3873.
    dead port 1/2 on $mux $procmux$3870.
    dead port 1/2 on $mux $procmux$3867.
    dead port 1/2 on $mux $procmux$3864.
    dead port 1/2 on $mux $procmux$3861.
    dead port 1/2 on $mux $procmux$3858.
    dead port 1/2 on $mux $procmux$3855.
    dead port 1/2 on $mux $procmux$3852.
    dead port 1/2 on $mux $procmux$3849.
    dead port 1/2 on $mux $procmux$3846.
    dead port 1/2 on $mux $procmux$3843.
    dead port 1/2 on $mux $procmux$3840.
    dead port 1/2 on $mux $procmux$3837.
    dead port 1/2 on $mux $procmux$3834.
    dead port 1/2 on $mux $procmux$3831.
    dead port 1/2 on $mux $procmux$3828.
    dead port 1/2 on $mux $procmux$3825.
    dead port 1/2 on $mux $procmux$3822.
    dead port 1/2 on $mux $procmux$3819.
    dead port 1/2 on $mux $procmux$3816.
    dead port 1/2 on $mux $procmux$3813.
    dead port 1/2 on $mux $procmux$3810.
    dead port 1/2 on $mux $procmux$3807.
    dead port 1/2 on $mux $procmux$3804.
    dead port 1/2 on $mux $procmux$3801.
    dead port 1/2 on $mux $procmux$3798.
    dead port 1/2 on $mux $procmux$3795.
    dead port 1/2 on $mux $procmux$3792.
    dead port 1/2 on $mux $procmux$3789.
    dead port 1/2 on $mux $procmux$3786.
    dead port 1/2 on $mux $procmux$3783.
    dead port 1/2 on $mux $procmux$3780.
    dead port 1/2 on $mux $procmux$3777.
    dead port 1/2 on $mux $procmux$3774.
    dead port 1/2 on $mux $procmux$3771.
    dead port 1/2 on $mux $procmux$3768.
    dead port 1/2 on $mux $procmux$3765.
    dead port 1/2 on $mux $procmux$3762.
    dead port 1/2 on $mux $procmux$3759.
    dead port 1/2 on $mux $procmux$3756.
    dead port 1/2 on $mux $procmux$3753.
    dead port 1/2 on $mux $procmux$3750.
    dead port 1/2 on $mux $procmux$3747.
    dead port 1/2 on $mux $procmux$3744.
    dead port 1/2 on $mux $procmux$3741.
    dead port 1/2 on $mux $procmux$3738.
    dead port 1/2 on $mux $procmux$3735.
    dead port 1/2 on $mux $procmux$3732.
    dead port 1/2 on $mux $procmux$3729.
    dead port 1/2 on $mux $procmux$3726.
    dead port 1/2 on $mux $procmux$3723.
    dead port 1/2 on $mux $procmux$3720.
    dead port 1/2 on $mux $procmux$3717.
    dead port 1/2 on $mux $procmux$3714.
    dead port 1/2 on $mux $procmux$3711.
    dead port 1/2 on $mux $procmux$3708.
    dead port 1/2 on $mux $procmux$3705.
    dead port 1/2 on $mux $procmux$3702.
    dead port 1/2 on $mux $procmux$3699.
    dead port 1/2 on $mux $procmux$3696.
    dead port 1/2 on $mux $procmux$3693.
    dead port 1/2 on $mux $procmux$3690.
    dead port 1/2 on $mux $procmux$3687.
    dead port 1/2 on $mux $procmux$3684.
    dead port 1/2 on $mux $procmux$3681.
    dead port 1/2 on $mux $procmux$3678.
    dead port 1/2 on $mux $procmux$3675.
    dead port 1/2 on $mux $procmux$3672.
    dead port 1/2 on $mux $procmux$3669.
    dead port 1/2 on $mux $procmux$3666.
    dead port 1/2 on $mux $procmux$3663.
    dead port 1/2 on $mux $procmux$3660.
    dead port 1/2 on $mux $procmux$3657.
    dead port 1/2 on $mux $procmux$3654.
    dead port 1/2 on $mux $procmux$3651.
    dead port 1/2 on $mux $procmux$3648.
    dead port 1/2 on $mux $procmux$3645.
    dead port 1/2 on $mux $procmux$3639.
    dead port 1/2 on $mux $procmux$3636.
    dead port 1/2 on $mux $procmux$3633.
    dead port 1/2 on $mux $procmux$3630.
    dead port 1/2 on $mux $procmux$3627.
    dead port 1/2 on $mux $procmux$3624.
    dead port 1/2 on $mux $procmux$3621.
    dead port 1/2 on $mux $procmux$3618.
    dead port 1/2 on $mux $procmux$3615.
    dead port 1/2 on $mux $procmux$3612.
    dead port 1/2 on $mux $procmux$3609.
    dead port 1/2 on $mux $procmux$3606.
    dead port 1/2 on $mux $procmux$3603.
    dead port 1/2 on $mux $procmux$3600.
    dead port 1/2 on $mux $procmux$3597.
    dead port 1/2 on $mux $procmux$3594.
    dead port 1/2 on $mux $procmux$3591.
    dead port 1/2 on $mux $procmux$3588.
    dead port 1/2 on $mux $procmux$3585.
    dead port 1/2 on $mux $procmux$3582.
    dead port 1/2 on $mux $procmux$3579.
    dead port 1/2 on $mux $procmux$3576.
    dead port 1/2 on $mux $procmux$3573.
    dead port 1/2 on $mux $procmux$3570.
    dead port 1/2 on $mux $procmux$3567.
    dead port 1/2 on $mux $procmux$3564.
    dead port 1/2 on $mux $procmux$3561.
    dead port 1/2 on $mux $procmux$3558.
    dead port 1/2 on $mux $procmux$3555.
    dead port 1/2 on $mux $procmux$3552.
    dead port 1/2 on $mux $procmux$3549.
    dead port 1/2 on $mux $procmux$3546.
    dead port 1/2 on $mux $procmux$3543.
    dead port 1/2 on $mux $procmux$3540.
    dead port 1/2 on $mux $procmux$3537.
    dead port 1/2 on $mux $procmux$3534.
    dead port 1/2 on $mux $procmux$3531.
    dead port 1/2 on $mux $procmux$3528.
    dead port 1/2 on $mux $procmux$3525.
    dead port 1/2 on $mux $procmux$3522.
    dead port 1/2 on $mux $procmux$3519.
    dead port 1/2 on $mux $procmux$3516.
    dead port 1/2 on $mux $procmux$3513.
    dead port 1/2 on $mux $procmux$3510.
    dead port 1/2 on $mux $procmux$3507.
    dead port 1/2 on $mux $procmux$3504.
    dead port 1/2 on $mux $procmux$3501.
    dead port 1/2 on $mux $procmux$3498.
    dead port 1/2 on $mux $procmux$3495.
    dead port 1/2 on $mux $procmux$3492.
    dead port 1/2 on $mux $procmux$3489.
    dead port 1/2 on $mux $procmux$3486.
    dead port 1/2 on $mux $procmux$3483.
    dead port 1/2 on $mux $procmux$3480.
    dead port 1/2 on $mux $procmux$3477.
    dead port 1/2 on $mux $procmux$3474.
    dead port 1/2 on $mux $procmux$3471.
    dead port 1/2 on $mux $procmux$3468.
    dead port 1/2 on $mux $procmux$3465.
    dead port 1/2 on $mux $procmux$3462.
    dead port 1/2 on $mux $procmux$3459.
    dead port 1/2 on $mux $procmux$3456.
    dead port 1/2 on $mux $procmux$3453.
    dead port 1/2 on $mux $procmux$3450.
    dead port 1/2 on $mux $procmux$3447.
    dead port 1/2 on $mux $procmux$3444.
    dead port 1/2 on $mux $procmux$3441.
    dead port 1/2 on $mux $procmux$3438.
    dead port 1/2 on $mux $procmux$3435.
    dead port 1/2 on $mux $procmux$3432.
    dead port 1/2 on $mux $procmux$3429.
    dead port 1/2 on $mux $procmux$3426.
    dead port 1/2 on $mux $procmux$3423.
    dead port 1/2 on $mux $procmux$3420.
    dead port 1/2 on $mux $procmux$3417.
    dead port 1/2 on $mux $procmux$3414.
    dead port 1/2 on $mux $procmux$3411.
    dead port 1/2 on $mux $procmux$3408.
    dead port 1/2 on $mux $procmux$3405.
    dead port 1/2 on $mux $procmux$3402.
    dead port 1/2 on $mux $procmux$3399.
    dead port 1/2 on $mux $procmux$3396.
    dead port 1/2 on $mux $procmux$3393.
    dead port 1/2 on $mux $procmux$3390.
    dead port 1/2 on $mux $procmux$3387.
    dead port 1/2 on $mux $procmux$3384.
    dead port 1/2 on $mux $procmux$3381.
    dead port 1/2 on $mux $procmux$3378.
    dead port 1/2 on $mux $procmux$3375.
    dead port 1/2 on $mux $procmux$3372.
    dead port 1/2 on $mux $procmux$3369.
    dead port 1/2 on $mux $procmux$3366.
    dead port 1/2 on $mux $procmux$3363.
    dead port 1/2 on $mux $procmux$3360.
    dead port 1/2 on $mux $procmux$3357.
    dead port 1/2 on $mux $procmux$3354.
    dead port 1/2 on $mux $procmux$3351.
    dead port 1/2 on $mux $procmux$3348.
    dead port 1/2 on $mux $procmux$3345.
    dead port 1/2 on $mux $procmux$3342.
    dead port 1/2 on $mux $procmux$3339.
    dead port 1/2 on $mux $procmux$3336.
    dead port 1/2 on $mux $procmux$3333.
    dead port 1/2 on $mux $procmux$3330.
    dead port 1/2 on $mux $procmux$3327.
    dead port 1/2 on $mux $procmux$3324.
    dead port 1/2 on $mux $procmux$3321.
    dead port 1/2 on $mux $procmux$3318.
    dead port 1/2 on $mux $procmux$3315.
    dead port 1/2 on $mux $procmux$3312.
    dead port 1/2 on $mux $procmux$3309.
    dead port 1/2 on $mux $procmux$3306.
    dead port 1/2 on $mux $procmux$3303.
    dead port 1/2 on $mux $procmux$3300.
    dead port 1/2 on $mux $procmux$3297.
    dead port 1/2 on $mux $procmux$3294.
    dead port 1/2 on $mux $procmux$3291.
    dead port 1/2 on $mux $procmux$3288.
    dead port 1/2 on $mux $procmux$3282.
    dead port 1/2 on $mux $procmux$3279.
    dead port 1/2 on $mux $procmux$3276.
    dead port 1/2 on $mux $procmux$3273.
    dead port 1/2 on $mux $procmux$3270.
    dead port 1/2 on $mux $procmux$3267.
    dead port 1/2 on $mux $procmux$3264.
    dead port 1/2 on $mux $procmux$3261.
    dead port 1/2 on $mux $procmux$3258.
    dead port 1/2 on $mux $procmux$3255.
    dead port 1/2 on $mux $procmux$3252.
    dead port 1/2 on $mux $procmux$3249.
    dead port 1/2 on $mux $procmux$3246.
    dead port 1/2 on $mux $procmux$3243.
    dead port 1/2 on $mux $procmux$3240.
    dead port 1/2 on $mux $procmux$3237.
    dead port 1/2 on $mux $procmux$3234.
    dead port 1/2 on $mux $procmux$3231.
    dead port 1/2 on $mux $procmux$3228.
    dead port 1/2 on $mux $procmux$3225.
    dead port 1/2 on $mux $procmux$3222.
    dead port 1/2 on $mux $procmux$3219.
    dead port 1/2 on $mux $procmux$3216.
    dead port 1/2 on $mux $procmux$3213.
    dead port 1/2 on $mux $procmux$3210.
    dead port 1/2 on $mux $procmux$3207.
    dead port 1/2 on $mux $procmux$3204.
    dead port 1/2 on $mux $procmux$3201.
    dead port 1/2 on $mux $procmux$3198.
    dead port 1/2 on $mux $procmux$3195.
    dead port 1/2 on $mux $procmux$3192.
    dead port 1/2 on $mux $procmux$3189.
    dead port 1/2 on $mux $procmux$3186.
    dead port 1/2 on $mux $procmux$3183.
    dead port 1/2 on $mux $procmux$3180.
    dead port 1/2 on $mux $procmux$3177.
    dead port 1/2 on $mux $procmux$3174.
    dead port 1/2 on $mux $procmux$3171.
    dead port 1/2 on $mux $procmux$3168.
    dead port 1/2 on $mux $procmux$3165.
    dead port 1/2 on $mux $procmux$3162.
    dead port 1/2 on $mux $procmux$3159.
    dead port 1/2 on $mux $procmux$3156.
    dead port 1/2 on $mux $procmux$3153.
    dead port 1/2 on $mux $procmux$3150.
    dead port 1/2 on $mux $procmux$3147.
    dead port 1/2 on $mux $procmux$3144.
    dead port 1/2 on $mux $procmux$3141.
    dead port 1/2 on $mux $procmux$3138.
    dead port 1/2 on $mux $procmux$3135.
    dead port 1/2 on $mux $procmux$3132.
    dead port 1/2 on $mux $procmux$3129.
    dead port 1/2 on $mux $procmux$3126.
    dead port 1/2 on $mux $procmux$3123.
    dead port 1/2 on $mux $procmux$3120.
    dead port 1/2 on $mux $procmux$3117.
    dead port 1/2 on $mux $procmux$3114.
    dead port 1/2 on $mux $procmux$3111.
    dead port 1/2 on $mux $procmux$3108.
    dead port 1/2 on $mux $procmux$3105.
    dead port 1/2 on $mux $procmux$3102.
    dead port 1/2 on $mux $procmux$3099.
    dead port 1/2 on $mux $procmux$3096.
    dead port 1/2 on $mux $procmux$3093.
    dead port 1/2 on $mux $procmux$3090.
    dead port 1/2 on $mux $procmux$3087.
    dead port 1/2 on $mux $procmux$3084.
    dead port 1/2 on $mux $procmux$3081.
    dead port 1/2 on $mux $procmux$3078.
    dead port 1/2 on $mux $procmux$3075.
    dead port 1/2 on $mux $procmux$3072.
    dead port 1/2 on $mux $procmux$3069.
    dead port 1/2 on $mux $procmux$3066.
    dead port 1/2 on $mux $procmux$3063.
    dead port 1/2 on $mux $procmux$3060.
    dead port 1/2 on $mux $procmux$3057.
    dead port 1/2 on $mux $procmux$3054.
    dead port 1/2 on $mux $procmux$3051.
    dead port 1/2 on $mux $procmux$3048.
    dead port 1/2 on $mux $procmux$3045.
    dead port 1/2 on $mux $procmux$3042.
    dead port 1/2 on $mux $procmux$3039.
    dead port 1/2 on $mux $procmux$3036.
    dead port 1/2 on $mux $procmux$3033.
    dead port 1/2 on $mux $procmux$3030.
    dead port 1/2 on $mux $procmux$3027.
    dead port 1/2 on $mux $procmux$3024.
    dead port 1/2 on $mux $procmux$3021.
    dead port 1/2 on $mux $procmux$3018.
    dead port 1/2 on $mux $procmux$3015.
    dead port 1/2 on $mux $procmux$3012.
    dead port 1/2 on $mux $procmux$3009.
    dead port 1/2 on $mux $procmux$3006.
    dead port 1/2 on $mux $procmux$3003.
    dead port 1/2 on $mux $procmux$3000.
    dead port 1/2 on $mux $procmux$2997.
    dead port 1/2 on $mux $procmux$2994.
    dead port 1/2 on $mux $procmux$2991.
    dead port 1/2 on $mux $procmux$2988.
    dead port 1/2 on $mux $procmux$2985.
    dead port 1/2 on $mux $procmux$2982.
    dead port 1/2 on $mux $procmux$2979.
    dead port 1/2 on $mux $procmux$2976.
    dead port 1/2 on $mux $procmux$2973.
    dead port 1/2 on $mux $procmux$2970.
    dead port 1/2 on $mux $procmux$2967.
    dead port 1/2 on $mux $procmux$2964.
    dead port 1/2 on $mux $procmux$2961.
    dead port 1/2 on $mux $procmux$2958.
    dead port 1/2 on $mux $procmux$2955.
    dead port 1/2 on $mux $procmux$2952.
    dead port 1/2 on $mux $procmux$2949.
    dead port 1/2 on $mux $procmux$2946.
    dead port 1/2 on $mux $procmux$2943.
    dead port 1/2 on $mux $procmux$2940.
    dead port 1/2 on $mux $procmux$2937.
    dead port 1/2 on $mux $procmux$2934.
    dead port 1/2 on $mux $procmux$2931.
    dead port 1/2 on $mux $procmux$2928.
    dead port 1/2 on $mux $procmux$2922.
    dead port 1/2 on $mux $procmux$2919.
    dead port 1/2 on $mux $procmux$2916.
    dead port 1/2 on $mux $procmux$2913.
    dead port 1/2 on $mux $procmux$2910.
    dead port 1/2 on $mux $procmux$2907.
    dead port 1/2 on $mux $procmux$2904.
    dead port 1/2 on $mux $procmux$2901.
    dead port 1/2 on $mux $procmux$2898.
    dead port 1/2 on $mux $procmux$2895.
    dead port 1/2 on $mux $procmux$2892.
    dead port 1/2 on $mux $procmux$2889.
    dead port 1/2 on $mux $procmux$2886.
    dead port 1/2 on $mux $procmux$2883.
    dead port 1/2 on $mux $procmux$2880.
    dead port 1/2 on $mux $procmux$2877.
    dead port 1/2 on $mux $procmux$2874.
    dead port 1/2 on $mux $procmux$2871.
    dead port 1/2 on $mux $procmux$2868.
    dead port 1/2 on $mux $procmux$2865.
    dead port 1/2 on $mux $procmux$2862.
    dead port 1/2 on $mux $procmux$2859.
    dead port 1/2 on $mux $procmux$2856.
    dead port 1/2 on $mux $procmux$2853.
    dead port 1/2 on $mux $procmux$2850.
    dead port 1/2 on $mux $procmux$2847.
    dead port 1/2 on $mux $procmux$2844.
    dead port 1/2 on $mux $procmux$2841.
    dead port 1/2 on $mux $procmux$2838.
    dead port 1/2 on $mux $procmux$2835.
    dead port 1/2 on $mux $procmux$2832.
    dead port 1/2 on $mux $procmux$2829.
    dead port 1/2 on $mux $procmux$2826.
    dead port 1/2 on $mux $procmux$2823.
    dead port 1/2 on $mux $procmux$2820.
    dead port 1/2 on $mux $procmux$2817.
    dead port 1/2 on $mux $procmux$2814.
    dead port 1/2 on $mux $procmux$2811.
    dead port 1/2 on $mux $procmux$2808.
    dead port 1/2 on $mux $procmux$2805.
    dead port 1/2 on $mux $procmux$2802.
    dead port 1/2 on $mux $procmux$2799.
    dead port 1/2 on $mux $procmux$2796.
    dead port 1/2 on $mux $procmux$2793.
    dead port 1/2 on $mux $procmux$2790.
    dead port 1/2 on $mux $procmux$2787.
    dead port 1/2 on $mux $procmux$2784.
    dead port 1/2 on $mux $procmux$2781.
    dead port 1/2 on $mux $procmux$2778.
    dead port 1/2 on $mux $procmux$2775.
    dead port 1/2 on $mux $procmux$2772.
    dead port 1/2 on $mux $procmux$2769.
    dead port 1/2 on $mux $procmux$2766.
    dead port 1/2 on $mux $procmux$2763.
    dead port 1/2 on $mux $procmux$2760.
    dead port 1/2 on $mux $procmux$2757.
    dead port 1/2 on $mux $procmux$2754.
    dead port 1/2 on $mux $procmux$2751.
    dead port 1/2 on $mux $procmux$2748.
    dead port 1/2 on $mux $procmux$2745.
    dead port 1/2 on $mux $procmux$2742.
    dead port 1/2 on $mux $procmux$2739.
    dead port 1/2 on $mux $procmux$2736.
    dead port 1/2 on $mux $procmux$2733.
    dead port 1/2 on $mux $procmux$2730.
    dead port 1/2 on $mux $procmux$2727.
    dead port 1/2 on $mux $procmux$2724.
    dead port 1/2 on $mux $procmux$2721.
    dead port 1/2 on $mux $procmux$2718.
    dead port 1/2 on $mux $procmux$2715.
    dead port 1/2 on $mux $procmux$2712.
    dead port 1/2 on $mux $procmux$2709.
    dead port 1/2 on $mux $procmux$2706.
    dead port 1/2 on $mux $procmux$2703.
    dead port 1/2 on $mux $procmux$2700.
    dead port 1/2 on $mux $procmux$2697.
    dead port 1/2 on $mux $procmux$2694.
    dead port 1/2 on $mux $procmux$2691.
    dead port 1/2 on $mux $procmux$2688.
    dead port 1/2 on $mux $procmux$2685.
    dead port 1/2 on $mux $procmux$2682.
    dead port 1/2 on $mux $procmux$2679.
    dead port 1/2 on $mux $procmux$2676.
    dead port 1/2 on $mux $procmux$2673.
    dead port 1/2 on $mux $procmux$2670.
    dead port 1/2 on $mux $procmux$2667.
    dead port 1/2 on $mux $procmux$2664.
    dead port 1/2 on $mux $procmux$2661.
    dead port 1/2 on $mux $procmux$2658.
    dead port 1/2 on $mux $procmux$2655.
    dead port 1/2 on $mux $procmux$2652.
    dead port 1/2 on $mux $procmux$2649.
    dead port 1/2 on $mux $procmux$2646.
    dead port 1/2 on $mux $procmux$2643.
    dead port 1/2 on $mux $procmux$2640.
    dead port 1/2 on $mux $procmux$2637.
    dead port 1/2 on $mux $procmux$2634.
    dead port 1/2 on $mux $procmux$2631.
    dead port 1/2 on $mux $procmux$2628.
    dead port 1/2 on $mux $procmux$2625.
    dead port 1/2 on $mux $procmux$2622.
    dead port 1/2 on $mux $procmux$2619.
    dead port 1/2 on $mux $procmux$2616.
    dead port 1/2 on $mux $procmux$2613.
    dead port 1/2 on $mux $procmux$2610.
    dead port 1/2 on $mux $procmux$2607.
    dead port 1/2 on $mux $procmux$2604.
    dead port 1/2 on $mux $procmux$2601.
    dead port 1/2 on $mux $procmux$2598.
    dead port 1/2 on $mux $procmux$2595.
    dead port 1/2 on $mux $procmux$2592.
    dead port 1/2 on $mux $procmux$2589.
    dead port 1/2 on $mux $procmux$2586.
    dead port 1/2 on $mux $procmux$2583.
    dead port 1/2 on $mux $procmux$2580.
    dead port 1/2 on $mux $procmux$2577.
    dead port 1/2 on $mux $procmux$2574.
    dead port 1/2 on $mux $procmux$2571.
    dead port 1/2 on $mux $procmux$2568.
    dead port 1/2 on $mux $procmux$2565.
    dead port 1/2 on $mux $procmux$2559.
    dead port 1/2 on $mux $procmux$2556.
    dead port 1/2 on $mux $procmux$2553.
    dead port 1/2 on $mux $procmux$2550.
    dead port 1/2 on $mux $procmux$2547.
    dead port 1/2 on $mux $procmux$2544.
    dead port 1/2 on $mux $procmux$2541.
    dead port 1/2 on $mux $procmux$2538.
    dead port 1/2 on $mux $procmux$2535.
    dead port 1/2 on $mux $procmux$2532.
    dead port 1/2 on $mux $procmux$2529.
    dead port 1/2 on $mux $procmux$2526.
    dead port 1/2 on $mux $procmux$2523.
    dead port 1/2 on $mux $procmux$2520.
    dead port 1/2 on $mux $procmux$2517.
    dead port 1/2 on $mux $procmux$2514.
    dead port 1/2 on $mux $procmux$2511.
    dead port 1/2 on $mux $procmux$2508.
    dead port 1/2 on $mux $procmux$2505.
    dead port 1/2 on $mux $procmux$2502.
    dead port 1/2 on $mux $procmux$2499.
    dead port 1/2 on $mux $procmux$2496.
    dead port 1/2 on $mux $procmux$2493.
    dead port 1/2 on $mux $procmux$2490.
    dead port 1/2 on $mux $procmux$2487.
    dead port 1/2 on $mux $procmux$2484.
    dead port 1/2 on $mux $procmux$2481.
    dead port 1/2 on $mux $procmux$2478.
    dead port 1/2 on $mux $procmux$2475.
    dead port 1/2 on $mux $procmux$2472.
    dead port 1/2 on $mux $procmux$2469.
    dead port 1/2 on $mux $procmux$2466.
    dead port 1/2 on $mux $procmux$2463.
    dead port 1/2 on $mux $procmux$2460.
    dead port 1/2 on $mux $procmux$2457.
    dead port 1/2 on $mux $procmux$2454.
    dead port 1/2 on $mux $procmux$2451.
    dead port 1/2 on $mux $procmux$2448.
    dead port 1/2 on $mux $procmux$2445.
    dead port 1/2 on $mux $procmux$2442.
    dead port 1/2 on $mux $procmux$2439.
    dead port 1/2 on $mux $procmux$2436.
    dead port 1/2 on $mux $procmux$2433.
    dead port 1/2 on $mux $procmux$2430.
    dead port 1/2 on $mux $procmux$2427.
    dead port 1/2 on $mux $procmux$2424.
    dead port 1/2 on $mux $procmux$2421.
    dead port 1/2 on $mux $procmux$2418.
    dead port 1/2 on $mux $procmux$2415.
    dead port 1/2 on $mux $procmux$2412.
    dead port 1/2 on $mux $procmux$2409.
    dead port 1/2 on $mux $procmux$2406.
    dead port 1/2 on $mux $procmux$2403.
    dead port 1/2 on $mux $procmux$2400.
    dead port 1/2 on $mux $procmux$2397.
    dead port 1/2 on $mux $procmux$2394.
    dead port 1/2 on $mux $procmux$2391.
    dead port 1/2 on $mux $procmux$2388.
    dead port 1/2 on $mux $procmux$2385.
    dead port 1/2 on $mux $procmux$2382.
    dead port 1/2 on $mux $procmux$2379.
    dead port 1/2 on $mux $procmux$2376.
    dead port 1/2 on $mux $procmux$2373.
    dead port 1/2 on $mux $procmux$2370.
    dead port 1/2 on $mux $procmux$2367.
    dead port 1/2 on $mux $procmux$2364.
    dead port 1/2 on $mux $procmux$2361.
    dead port 1/2 on $mux $procmux$2358.
    dead port 1/2 on $mux $procmux$2355.
    dead port 1/2 on $mux $procmux$2352.
    dead port 1/2 on $mux $procmux$2349.
    dead port 1/2 on $mux $procmux$2346.
    dead port 1/2 on $mux $procmux$2343.
    dead port 1/2 on $mux $procmux$2340.
    dead port 1/2 on $mux $procmux$2337.
    dead port 1/2 on $mux $procmux$2334.
    dead port 1/2 on $mux $procmux$2331.
    dead port 1/2 on $mux $procmux$2328.
    dead port 1/2 on $mux $procmux$2325.
    dead port 1/2 on $mux $procmux$2322.
    dead port 1/2 on $mux $procmux$2319.
    dead port 1/2 on $mux $procmux$2316.
    dead port 1/2 on $mux $procmux$2313.
    dead port 1/2 on $mux $procmux$2310.
    dead port 1/2 on $mux $procmux$2307.
    dead port 1/2 on $mux $procmux$2304.
    dead port 1/2 on $mux $procmux$2301.
    dead port 1/2 on $mux $procmux$2298.
    dead port 1/2 on $mux $procmux$2295.
    dead port 1/2 on $mux $procmux$2292.
    dead port 1/2 on $mux $procmux$2289.
    dead port 1/2 on $mux $procmux$2286.
    dead port 1/2 on $mux $procmux$2283.
    dead port 1/2 on $mux $procmux$2280.
    dead port 1/2 on $mux $procmux$2277.
    dead port 1/2 on $mux $procmux$2274.
    dead port 1/2 on $mux $procmux$2271.
    dead port 1/2 on $mux $procmux$2268.
    dead port 1/2 on $mux $procmux$2265.
    dead port 1/2 on $mux $procmux$2262.
    dead port 1/2 on $mux $procmux$2259.
    dead port 1/2 on $mux $procmux$2256.
    dead port 1/2 on $mux $procmux$2253.
    dead port 1/2 on $mux $procmux$2250.
    dead port 1/2 on $mux $procmux$2247.
    dead port 1/2 on $mux $procmux$2244.
    dead port 1/2 on $mux $procmux$2241.
    dead port 1/2 on $mux $procmux$2238.
    dead port 1/2 on $mux $procmux$2235.
    dead port 1/2 on $mux $procmux$2232.
    dead port 1/2 on $mux $procmux$2229.
    dead port 1/2 on $mux $procmux$2226.
    dead port 1/2 on $mux $procmux$2223.
    dead port 1/2 on $mux $procmux$2220.
    dead port 1/2 on $mux $procmux$2217.
    dead port 1/2 on $mux $procmux$2214.
    dead port 1/2 on $mux $procmux$2211.
    dead port 1/2 on $mux $procmux$2208.
    dead port 1/2 on $mux $procmux$2205.
    dead port 1/2 on $mux $procmux$2202.
    dead port 1/2 on $mux $procmux$2199.
    dead port 1/2 on $mux $procmux$2193.
    dead port 1/2 on $mux $procmux$2190.
    dead port 1/2 on $mux $procmux$2187.
    dead port 1/2 on $mux $procmux$2184.
    dead port 1/2 on $mux $procmux$2181.
    dead port 1/2 on $mux $procmux$2178.
    dead port 1/2 on $mux $procmux$2175.
    dead port 1/2 on $mux $procmux$2172.
    dead port 1/2 on $mux $procmux$2169.
    dead port 1/2 on $mux $procmux$2166.
    dead port 1/2 on $mux $procmux$2163.
    dead port 1/2 on $mux $procmux$2160.
    dead port 1/2 on $mux $procmux$2157.
    dead port 1/2 on $mux $procmux$2154.
    dead port 1/2 on $mux $procmux$2151.
    dead port 1/2 on $mux $procmux$2148.
    dead port 1/2 on $mux $procmux$2145.
    dead port 1/2 on $mux $procmux$2142.
    dead port 1/2 on $mux $procmux$2139.
    dead port 1/2 on $mux $procmux$2136.
    dead port 1/2 on $mux $procmux$2133.
    dead port 1/2 on $mux $procmux$2130.
    dead port 1/2 on $mux $procmux$2127.
    dead port 1/2 on $mux $procmux$2124.
    dead port 1/2 on $mux $procmux$2121.
    dead port 1/2 on $mux $procmux$2118.
    dead port 1/2 on $mux $procmux$2115.
    dead port 1/2 on $mux $procmux$2112.
    dead port 1/2 on $mux $procmux$2109.
    dead port 1/2 on $mux $procmux$2106.
    dead port 1/2 on $mux $procmux$2103.
    dead port 1/2 on $mux $procmux$2100.
    dead port 1/2 on $mux $procmux$2097.
    dead port 1/2 on $mux $procmux$2094.
    dead port 1/2 on $mux $procmux$2091.
    dead port 1/2 on $mux $procmux$2088.
    dead port 1/2 on $mux $procmux$2085.
    dead port 1/2 on $mux $procmux$2082.
    dead port 1/2 on $mux $procmux$2079.
    dead port 1/2 on $mux $procmux$2076.
    dead port 1/2 on $mux $procmux$2073.
    dead port 1/2 on $mux $procmux$2070.
    dead port 1/2 on $mux $procmux$2067.
    dead port 1/2 on $mux $procmux$2064.
    dead port 1/2 on $mux $procmux$2061.
    dead port 1/2 on $mux $procmux$2058.
    dead port 1/2 on $mux $procmux$2055.
    dead port 1/2 on $mux $procmux$2052.
    dead port 1/2 on $mux $procmux$2049.
    dead port 1/2 on $mux $procmux$2046.
    dead port 1/2 on $mux $procmux$2043.
    dead port 1/2 on $mux $procmux$2040.
    dead port 1/2 on $mux $procmux$2037.
    dead port 1/2 on $mux $procmux$2034.
    dead port 1/2 on $mux $procmux$2031.
    dead port 1/2 on $mux $procmux$2028.
    dead port 1/2 on $mux $procmux$2025.
    dead port 1/2 on $mux $procmux$2022.
    dead port 1/2 on $mux $procmux$2019.
    dead port 1/2 on $mux $procmux$2016.
    dead port 1/2 on $mux $procmux$2013.
    dead port 1/2 on $mux $procmux$2010.
    dead port 1/2 on $mux $procmux$2007.
    dead port 1/2 on $mux $procmux$2004.
    dead port 1/2 on $mux $procmux$2001.
    dead port 1/2 on $mux $procmux$1998.
    dead port 1/2 on $mux $procmux$1995.
    dead port 1/2 on $mux $procmux$1992.
    dead port 1/2 on $mux $procmux$1989.
    dead port 1/2 on $mux $procmux$1986.
    dead port 1/2 on $mux $procmux$1983.
    dead port 1/2 on $mux $procmux$1980.
    dead port 1/2 on $mux $procmux$1977.
    dead port 1/2 on $mux $procmux$1974.
    dead port 1/2 on $mux $procmux$1971.
    dead port 1/2 on $mux $procmux$1968.
    dead port 1/2 on $mux $procmux$1965.
    dead port 1/2 on $mux $procmux$1962.
    dead port 1/2 on $mux $procmux$1959.
    dead port 1/2 on $mux $procmux$1956.
    dead port 1/2 on $mux $procmux$1953.
    dead port 1/2 on $mux $procmux$1950.
    dead port 1/2 on $mux $procmux$1947.
    dead port 1/2 on $mux $procmux$1944.
    dead port 1/2 on $mux $procmux$1941.
    dead port 1/2 on $mux $procmux$1938.
    dead port 1/2 on $mux $procmux$1935.
    dead port 1/2 on $mux $procmux$1932.
    dead port 1/2 on $mux $procmux$1929.
    dead port 1/2 on $mux $procmux$1926.
    dead port 1/2 on $mux $procmux$1923.
    dead port 1/2 on $mux $procmux$1920.
    dead port 1/2 on $mux $procmux$1917.
    dead port 1/2 on $mux $procmux$1914.
    dead port 1/2 on $mux $procmux$1911.
    dead port 1/2 on $mux $procmux$1908.
    dead port 1/2 on $mux $procmux$1905.
    dead port 1/2 on $mux $procmux$1902.
    dead port 1/2 on $mux $procmux$1899.
    dead port 1/2 on $mux $procmux$1896.
    dead port 1/2 on $mux $procmux$1893.
    dead port 1/2 on $mux $procmux$1890.
    dead port 1/2 on $mux $procmux$1887.
    dead port 1/2 on $mux $procmux$1884.
    dead port 1/2 on $mux $procmux$1881.
    dead port 1/2 on $mux $procmux$1878.
    dead port 1/2 on $mux $procmux$1875.
    dead port 1/2 on $mux $procmux$1872.
    dead port 1/2 on $mux $procmux$1869.
    dead port 1/2 on $mux $procmux$1866.
    dead port 1/2 on $mux $procmux$1863.
    dead port 1/2 on $mux $procmux$1860.
    dead port 1/2 on $mux $procmux$1857.
    dead port 1/2 on $mux $procmux$1854.
    dead port 1/2 on $mux $procmux$1851.
    dead port 1/2 on $mux $procmux$1848.
    dead port 1/2 on $mux $procmux$1845.
    dead port 1/2 on $mux $procmux$1842.
    dead port 1/2 on $mux $procmux$1839.
    dead port 1/2 on $mux $procmux$1836.
    dead port 1/2 on $mux $procmux$1833.
    dead port 1/2 on $mux $procmux$1830.
    dead port 1/2 on $mux $procmux$1824.
    dead port 1/2 on $mux $procmux$1821.
    dead port 1/2 on $mux $procmux$1818.
    dead port 1/2 on $mux $procmux$1815.
    dead port 1/2 on $mux $procmux$1812.
    dead port 1/2 on $mux $procmux$1809.
    dead port 1/2 on $mux $procmux$1806.
    dead port 1/2 on $mux $procmux$1803.
    dead port 1/2 on $mux $procmux$1800.
    dead port 1/2 on $mux $procmux$1797.
    dead port 1/2 on $mux $procmux$1794.
    dead port 1/2 on $mux $procmux$1791.
    dead port 1/2 on $mux $procmux$1788.
    dead port 1/2 on $mux $procmux$1785.
    dead port 1/2 on $mux $procmux$1782.
    dead port 1/2 on $mux $procmux$1779.
    dead port 1/2 on $mux $procmux$1776.
    dead port 1/2 on $mux $procmux$1773.
    dead port 1/2 on $mux $procmux$1770.
    dead port 1/2 on $mux $procmux$1767.
    dead port 1/2 on $mux $procmux$1764.
    dead port 1/2 on $mux $procmux$1761.
    dead port 1/2 on $mux $procmux$1758.
    dead port 1/2 on $mux $procmux$1755.
    dead port 1/2 on $mux $procmux$1752.
    dead port 1/2 on $mux $procmux$1749.
    dead port 1/2 on $mux $procmux$1746.
    dead port 1/2 on $mux $procmux$1743.
    dead port 1/2 on $mux $procmux$1740.
    dead port 1/2 on $mux $procmux$1737.
    dead port 1/2 on $mux $procmux$1734.
    dead port 1/2 on $mux $procmux$1731.
    dead port 1/2 on $mux $procmux$1728.
    dead port 1/2 on $mux $procmux$1725.
    dead port 1/2 on $mux $procmux$1722.
    dead port 1/2 on $mux $procmux$1719.
    dead port 1/2 on $mux $procmux$1716.
    dead port 1/2 on $mux $procmux$1713.
    dead port 1/2 on $mux $procmux$1710.
    dead port 1/2 on $mux $procmux$1707.
    dead port 1/2 on $mux $procmux$1704.
    dead port 1/2 on $mux $procmux$1701.
    dead port 1/2 on $mux $procmux$1698.
    dead port 1/2 on $mux $procmux$1695.
    dead port 1/2 on $mux $procmux$1692.
    dead port 1/2 on $mux $procmux$1689.
    dead port 1/2 on $mux $procmux$1686.
    dead port 1/2 on $mux $procmux$1683.
    dead port 1/2 on $mux $procmux$1680.
    dead port 1/2 on $mux $procmux$1677.
    dead port 1/2 on $mux $procmux$1674.
    dead port 1/2 on $mux $procmux$1671.
    dead port 1/2 on $mux $procmux$1668.
    dead port 1/2 on $mux $procmux$1665.
    dead port 1/2 on $mux $procmux$1662.
    dead port 1/2 on $mux $procmux$1659.
    dead port 1/2 on $mux $procmux$1656.
    dead port 1/2 on $mux $procmux$1653.
    dead port 1/2 on $mux $procmux$1650.
    dead port 1/2 on $mux $procmux$1647.
    dead port 1/2 on $mux $procmux$1644.
    dead port 1/2 on $mux $procmux$1641.
    dead port 1/2 on $mux $procmux$1638.
    dead port 1/2 on $mux $procmux$1635.
    dead port 1/2 on $mux $procmux$1632.
    dead port 1/2 on $mux $procmux$1629.
    dead port 1/2 on $mux $procmux$1626.
    dead port 1/2 on $mux $procmux$1623.
    dead port 1/2 on $mux $procmux$1620.
    dead port 1/2 on $mux $procmux$1617.
    dead port 1/2 on $mux $procmux$1614.
    dead port 1/2 on $mux $procmux$1611.
    dead port 1/2 on $mux $procmux$1608.
    dead port 1/2 on $mux $procmux$1605.
    dead port 1/2 on $mux $procmux$1602.
    dead port 1/2 on $mux $procmux$1599.
    dead port 1/2 on $mux $procmux$1596.
    dead port 1/2 on $mux $procmux$1593.
    dead port 1/2 on $mux $procmux$1590.
    dead port 1/2 on $mux $procmux$1587.
    dead port 1/2 on $mux $procmux$1584.
    dead port 1/2 on $mux $procmux$1581.
    dead port 1/2 on $mux $procmux$1578.
    dead port 1/2 on $mux $procmux$1575.
    dead port 1/2 on $mux $procmux$1572.
    dead port 1/2 on $mux $procmux$1569.
    dead port 1/2 on $mux $procmux$1566.
    dead port 1/2 on $mux $procmux$1563.
    dead port 1/2 on $mux $procmux$1560.
    dead port 1/2 on $mux $procmux$1557.
    dead port 1/2 on $mux $procmux$1554.
    dead port 1/2 on $mux $procmux$1551.
    dead port 1/2 on $mux $procmux$1548.
    dead port 1/2 on $mux $procmux$1545.
    dead port 1/2 on $mux $procmux$1542.
    dead port 1/2 on $mux $procmux$1539.
    dead port 1/2 on $mux $procmux$1536.
    dead port 1/2 on $mux $procmux$1533.
    dead port 1/2 on $mux $procmux$1530.
    dead port 1/2 on $mux $procmux$1527.
    dead port 1/2 on $mux $procmux$1524.
    dead port 1/2 on $mux $procmux$1521.
    dead port 1/2 on $mux $procmux$1518.
    dead port 1/2 on $mux $procmux$1515.
    dead port 1/2 on $mux $procmux$1512.
    dead port 1/2 on $mux $procmux$1509.
    dead port 1/2 on $mux $procmux$1506.
    dead port 1/2 on $mux $procmux$1503.
    dead port 1/2 on $mux $procmux$1500.
    dead port 1/2 on $mux $procmux$1497.
    dead port 1/2 on $mux $procmux$1494.
    dead port 1/2 on $mux $procmux$1491.
    dead port 1/2 on $mux $procmux$1488.
    dead port 1/2 on $mux $procmux$1485.
    dead port 1/2 on $mux $procmux$1482.
    dead port 1/2 on $mux $procmux$1479.
    dead port 1/2 on $mux $procmux$1476.
    dead port 1/2 on $mux $procmux$1473.
    dead port 1/2 on $mux $procmux$1470.
    dead port 1/2 on $mux $procmux$1467.
    dead port 1/2 on $mux $procmux$1464.
    dead port 1/2 on $mux $procmux$1461.
    dead port 1/2 on $mux $procmux$1458.
    dead port 1/2 on $mux $procmux$1452.
    dead port 1/2 on $mux $procmux$1449.
    dead port 1/2 on $mux $procmux$1446.
    dead port 1/2 on $mux $procmux$1443.
    dead port 1/2 on $mux $procmux$1440.
    dead port 1/2 on $mux $procmux$1437.
    dead port 1/2 on $mux $procmux$1434.
    dead port 1/2 on $mux $procmux$1431.
    dead port 1/2 on $mux $procmux$1428.
    dead port 1/2 on $mux $procmux$1425.
    dead port 1/2 on $mux $procmux$1422.
    dead port 1/2 on $mux $procmux$1419.
    dead port 1/2 on $mux $procmux$1416.
    dead port 1/2 on $mux $procmux$1413.
    dead port 1/2 on $mux $procmux$1410.
    dead port 1/2 on $mux $procmux$1407.
    dead port 1/2 on $mux $procmux$1404.
    dead port 1/2 on $mux $procmux$1401.
    dead port 1/2 on $mux $procmux$1398.
    dead port 1/2 on $mux $procmux$1395.
    dead port 1/2 on $mux $procmux$1392.
    dead port 1/2 on $mux $procmux$1389.
    dead port 1/2 on $mux $procmux$1386.
    dead port 1/2 on $mux $procmux$1383.
    dead port 1/2 on $mux $procmux$1380.
    dead port 1/2 on $mux $procmux$1377.
    dead port 1/2 on $mux $procmux$1374.
    dead port 1/2 on $mux $procmux$1371.
    dead port 1/2 on $mux $procmux$1368.
    dead port 1/2 on $mux $procmux$1365.
    dead port 1/2 on $mux $procmux$1362.
    dead port 1/2 on $mux $procmux$1359.
    dead port 1/2 on $mux $procmux$1356.
    dead port 1/2 on $mux $procmux$1353.
    dead port 1/2 on $mux $procmux$1350.
    dead port 1/2 on $mux $procmux$1347.
    dead port 1/2 on $mux $procmux$1344.
    dead port 1/2 on $mux $procmux$1341.
    dead port 1/2 on $mux $procmux$1338.
    dead port 1/2 on $mux $procmux$1335.
    dead port 1/2 on $mux $procmux$1332.
    dead port 1/2 on $mux $procmux$1329.
    dead port 1/2 on $mux $procmux$1326.
    dead port 1/2 on $mux $procmux$1323.
    dead port 1/2 on $mux $procmux$1320.
    dead port 1/2 on $mux $procmux$1317.
    dead port 1/2 on $mux $procmux$1314.
    dead port 1/2 on $mux $procmux$1311.
    dead port 1/2 on $mux $procmux$1308.
    dead port 1/2 on $mux $procmux$1305.
    dead port 1/2 on $mux $procmux$1302.
    dead port 1/2 on $mux $procmux$1299.
    dead port 1/2 on $mux $procmux$1296.
    dead port 1/2 on $mux $procmux$1293.
    dead port 1/2 on $mux $procmux$1290.
    dead port 1/2 on $mux $procmux$1287.
    dead port 1/2 on $mux $procmux$1284.
    dead port 1/2 on $mux $procmux$1281.
    dead port 1/2 on $mux $procmux$1278.
    dead port 1/2 on $mux $procmux$1275.
    dead port 1/2 on $mux $procmux$1272.
    dead port 1/2 on $mux $procmux$1269.
    dead port 1/2 on $mux $procmux$1266.
    dead port 1/2 on $mux $procmux$1263.
    dead port 1/2 on $mux $procmux$1260.
    dead port 1/2 on $mux $procmux$1257.
    dead port 1/2 on $mux $procmux$1254.
    dead port 1/2 on $mux $procmux$1251.
    dead port 1/2 on $mux $procmux$1248.
    dead port 1/2 on $mux $procmux$1245.
    dead port 1/2 on $mux $procmux$1242.
    dead port 1/2 on $mux $procmux$1239.
    dead port 1/2 on $mux $procmux$1236.
    dead port 1/2 on $mux $procmux$1233.
    dead port 1/2 on $mux $procmux$1230.
    dead port 1/2 on $mux $procmux$1227.
    dead port 1/2 on $mux $procmux$1224.
    dead port 1/2 on $mux $procmux$1221.
    dead port 1/2 on $mux $procmux$1218.
    dead port 1/2 on $mux $procmux$1215.
    dead port 1/2 on $mux $procmux$1212.
    dead port 1/2 on $mux $procmux$1209.
    dead port 1/2 on $mux $procmux$1206.
    dead port 1/2 on $mux $procmux$1203.
    dead port 1/2 on $mux $procmux$1200.
    dead port 1/2 on $mux $procmux$1197.
    dead port 1/2 on $mux $procmux$1194.
    dead port 1/2 on $mux $procmux$1191.
    dead port 1/2 on $mux $procmux$1188.
    dead port 1/2 on $mux $procmux$1185.
    dead port 1/2 on $mux $procmux$1182.
    dead port 1/2 on $mux $procmux$1179.
    dead port 1/2 on $mux $procmux$1176.
    dead port 1/2 on $mux $procmux$1173.
    dead port 1/2 on $mux $procmux$1170.
    dead port 1/2 on $mux $procmux$1167.
    dead port 1/2 on $mux $procmux$1164.
    dead port 1/2 on $mux $procmux$1161.
    dead port 1/2 on $mux $procmux$1158.
    dead port 1/2 on $mux $procmux$1155.
    dead port 1/2 on $mux $procmux$1152.
    dead port 1/2 on $mux $procmux$1149.
    dead port 1/2 on $mux $procmux$1146.
    dead port 1/2 on $mux $procmux$1143.
    dead port 1/2 on $mux $procmux$1140.
    dead port 1/2 on $mux $procmux$1137.
    dead port 1/2 on $mux $procmux$1134.
    dead port 1/2 on $mux $procmux$1131.
    dead port 1/2 on $mux $procmux$1128.
    dead port 1/2 on $mux $procmux$1125.
    dead port 1/2 on $mux $procmux$1122.
    dead port 1/2 on $mux $procmux$1119.
    dead port 1/2 on $mux $procmux$1116.
    dead port 1/2 on $mux $procmux$1113.
    dead port 1/2 on $mux $procmux$1110.
    dead port 1/2 on $mux $procmux$1107.
    dead port 1/2 on $mux $procmux$1104.
    dead port 1/2 on $mux $procmux$1101.
    dead port 1/2 on $mux $procmux$1098.
    dead port 1/2 on $mux $procmux$1095.
    dead port 1/2 on $mux $procmux$1092.
    dead port 1/2 on $mux $procmux$1089.
    dead port 1/2 on $mux $procmux$1086.
    dead port 1/2 on $mux $procmux$1083.
    dead port 1/2 on $mux $procmux$1077.
    dead port 1/2 on $mux $procmux$1074.
    dead port 1/2 on $mux $procmux$1071.
    dead port 1/2 on $mux $procmux$1068.
    dead port 1/2 on $mux $procmux$1065.
    dead port 1/2 on $mux $procmux$1062.
    dead port 1/2 on $mux $procmux$1059.
    dead port 1/2 on $mux $procmux$1056.
    dead port 1/2 on $mux $procmux$1053.
    dead port 1/2 on $mux $procmux$1050.
    dead port 1/2 on $mux $procmux$1047.
    dead port 1/2 on $mux $procmux$1044.
    dead port 1/2 on $mux $procmux$1041.
    dead port 1/2 on $mux $procmux$1038.
    dead port 1/2 on $mux $procmux$1035.
    dead port 1/2 on $mux $procmux$1032.
    dead port 1/2 on $mux $procmux$1029.
    dead port 1/2 on $mux $procmux$1026.
    dead port 1/2 on $mux $procmux$1023.
    dead port 1/2 on $mux $procmux$1020.
    dead port 1/2 on $mux $procmux$1017.
    dead port 1/2 on $mux $procmux$1014.
    dead port 1/2 on $mux $procmux$1011.
    dead port 1/2 on $mux $procmux$1008.
    dead port 1/2 on $mux $procmux$1005.
    dead port 1/2 on $mux $procmux$1002.
    dead port 1/2 on $mux $procmux$999.
    dead port 1/2 on $mux $procmux$996.
    dead port 1/2 on $mux $procmux$993.
    dead port 1/2 on $mux $procmux$990.
    dead port 1/2 on $mux $procmux$987.
    dead port 1/2 on $mux $procmux$984.
    dead port 1/2 on $mux $procmux$981.
    dead port 1/2 on $mux $procmux$978.
    dead port 1/2 on $mux $procmux$975.
    dead port 1/2 on $mux $procmux$972.
    dead port 1/2 on $mux $procmux$969.
    dead port 1/2 on $mux $procmux$966.
    dead port 1/2 on $mux $procmux$963.
    dead port 1/2 on $mux $procmux$960.
    dead port 1/2 on $mux $procmux$957.
    dead port 1/2 on $mux $procmux$954.
    dead port 1/2 on $mux $procmux$951.
    dead port 1/2 on $mux $procmux$948.
    dead port 1/2 on $mux $procmux$945.
    dead port 1/2 on $mux $procmux$942.
    dead port 1/2 on $mux $procmux$939.
    dead port 1/2 on $mux $procmux$936.
    dead port 1/2 on $mux $procmux$933.
    dead port 1/2 on $mux $procmux$930.
    dead port 1/2 on $mux $procmux$927.
    dead port 1/2 on $mux $procmux$924.
    dead port 1/2 on $mux $procmux$921.
    dead port 1/2 on $mux $procmux$918.
    dead port 1/2 on $mux $procmux$915.
    dead port 1/2 on $mux $procmux$912.
    dead port 1/2 on $mux $procmux$909.
    dead port 1/2 on $mux $procmux$906.
    dead port 1/2 on $mux $procmux$903.
    dead port 1/2 on $mux $procmux$900.
    dead port 1/2 on $mux $procmux$897.
    dead port 1/2 on $mux $procmux$894.
    dead port 1/2 on $mux $procmux$891.
    dead port 1/2 on $mux $procmux$888.
    dead port 1/2 on $mux $procmux$885.
    dead port 1/2 on $mux $procmux$882.
    dead port 1/2 on $mux $procmux$879.
    dead port 1/2 on $mux $procmux$876.
    dead port 1/2 on $mux $procmux$873.
    dead port 1/2 on $mux $procmux$870.
    dead port 1/2 on $mux $procmux$867.
    dead port 1/2 on $mux $procmux$864.
    dead port 1/2 on $mux $procmux$861.
    dead port 1/2 on $mux $procmux$858.
    dead port 1/2 on $mux $procmux$855.
    dead port 1/2 on $mux $procmux$852.
    dead port 1/2 on $mux $procmux$849.
    dead port 1/2 on $mux $procmux$846.
    dead port 1/2 on $mux $procmux$843.
    dead port 1/2 on $mux $procmux$840.
    dead port 1/2 on $mux $procmux$837.
    dead port 1/2 on $mux $procmux$834.
    dead port 1/2 on $mux $procmux$831.
    dead port 1/2 on $mux $procmux$828.
    dead port 1/2 on $mux $procmux$825.
    dead port 1/2 on $mux $procmux$822.
    dead port 1/2 on $mux $procmux$819.
    dead port 1/2 on $mux $procmux$816.
    dead port 1/2 on $mux $procmux$813.
    dead port 1/2 on $mux $procmux$810.
    dead port 1/2 on $mux $procmux$807.
    dead port 1/2 on $mux $procmux$804.
    dead port 1/2 on $mux $procmux$801.
    dead port 1/2 on $mux $procmux$798.
    dead port 1/2 on $mux $procmux$795.
    dead port 1/2 on $mux $procmux$792.
    dead port 1/2 on $mux $procmux$789.
    dead port 1/2 on $mux $procmux$786.
    dead port 1/2 on $mux $procmux$783.
    dead port 1/2 on $mux $procmux$780.
    dead port 1/2 on $mux $procmux$777.
    dead port 1/2 on $mux $procmux$774.
    dead port 1/2 on $mux $procmux$771.
    dead port 1/2 on $mux $procmux$768.
    dead port 1/2 on $mux $procmux$765.
    dead port 1/2 on $mux $procmux$762.
    dead port 1/2 on $mux $procmux$759.
    dead port 1/2 on $mux $procmux$756.
    dead port 1/2 on $mux $procmux$753.
    dead port 1/2 on $mux $procmux$750.
    dead port 1/2 on $mux $procmux$747.
    dead port 1/2 on $mux $procmux$744.
    dead port 1/2 on $mux $procmux$741.
    dead port 1/2 on $mux $procmux$738.
    dead port 1/2 on $mux $procmux$735.
    dead port 1/2 on $mux $procmux$732.
    dead port 1/2 on $mux $procmux$729.
    dead port 1/2 on $mux $procmux$726.
    dead port 1/2 on $mux $procmux$723.
    dead port 1/2 on $mux $procmux$720.
    dead port 1/2 on $mux $procmux$717.
    dead port 1/2 on $mux $procmux$714.
    dead port 1/2 on $mux $procmux$711.
    dead port 1/2 on $mux $procmux$708.
    dead port 1/2 on $mux $procmux$705.
    dead port 1/2 on $mux $procmux$699.
    dead port 1/2 on $mux $procmux$696.
    dead port 1/2 on $mux $procmux$693.
    dead port 1/2 on $mux $procmux$690.
    dead port 1/2 on $mux $procmux$687.
    dead port 1/2 on $mux $procmux$684.
    dead port 1/2 on $mux $procmux$681.
    dead port 1/2 on $mux $procmux$678.
    dead port 1/2 on $mux $procmux$675.
    dead port 1/2 on $mux $procmux$672.
    dead port 1/2 on $mux $procmux$669.
    dead port 1/2 on $mux $procmux$666.
    dead port 1/2 on $mux $procmux$663.
    dead port 1/2 on $mux $procmux$660.
    dead port 1/2 on $mux $procmux$657.
    dead port 1/2 on $mux $procmux$654.
    dead port 1/2 on $mux $procmux$651.
    dead port 1/2 on $mux $procmux$648.
    dead port 1/2 on $mux $procmux$645.
    dead port 1/2 on $mux $procmux$642.
    dead port 1/2 on $mux $procmux$639.
    dead port 1/2 on $mux $procmux$636.
    dead port 1/2 on $mux $procmux$633.
    dead port 1/2 on $mux $procmux$630.
    dead port 1/2 on $mux $procmux$627.
    dead port 1/2 on $mux $procmux$624.
    dead port 1/2 on $mux $procmux$621.
    dead port 1/2 on $mux $procmux$618.
    dead port 1/2 on $mux $procmux$615.
    dead port 1/2 on $mux $procmux$612.
    dead port 1/2 on $mux $procmux$609.
    dead port 1/2 on $mux $procmux$606.
    dead port 1/2 on $mux $procmux$603.
    dead port 1/2 on $mux $procmux$600.
    dead port 1/2 on $mux $procmux$597.
    dead port 1/2 on $mux $procmux$594.
    dead port 1/2 on $mux $procmux$591.
    dead port 1/2 on $mux $procmux$588.
    dead port 1/2 on $mux $procmux$585.
    dead port 1/2 on $mux $procmux$582.
    dead port 1/2 on $mux $procmux$579.
    dead port 1/2 on $mux $procmux$576.
    dead port 1/2 on $mux $procmux$573.
    dead port 1/2 on $mux $procmux$570.
    dead port 1/2 on $mux $procmux$567.
    dead port 1/2 on $mux $procmux$564.
    dead port 1/2 on $mux $procmux$561.
    dead port 1/2 on $mux $procmux$558.
    dead port 1/2 on $mux $procmux$555.
    dead port 1/2 on $mux $procmux$552.
    dead port 1/2 on $mux $procmux$549.
    dead port 1/2 on $mux $procmux$546.
    dead port 1/2 on $mux $procmux$543.
    dead port 1/2 on $mux $procmux$540.
    dead port 1/2 on $mux $procmux$537.
    dead port 1/2 on $mux $procmux$534.
    dead port 1/2 on $mux $procmux$531.
    dead port 1/2 on $mux $procmux$528.
    dead port 1/2 on $mux $procmux$525.
    dead port 1/2 on $mux $procmux$522.
    dead port 1/2 on $mux $procmux$519.
    dead port 1/2 on $mux $procmux$516.
    dead port 1/2 on $mux $procmux$513.
    dead port 1/2 on $mux $procmux$510.
    dead port 1/2 on $mux $procmux$507.
    dead port 1/2 on $mux $procmux$504.
    dead port 1/2 on $mux $procmux$501.
    dead port 1/2 on $mux $procmux$498.
    dead port 1/2 on $mux $procmux$495.
    dead port 1/2 on $mux $procmux$492.
    dead port 1/2 on $mux $procmux$489.
    dead port 1/2 on $mux $procmux$486.
    dead port 1/2 on $mux $procmux$483.
    dead port 1/2 on $mux $procmux$480.
    dead port 1/2 on $mux $procmux$477.
    dead port 1/2 on $mux $procmux$474.
    dead port 1/2 on $mux $procmux$471.
    dead port 1/2 on $mux $procmux$468.
    dead port 1/2 on $mux $procmux$465.
    dead port 1/2 on $mux $procmux$462.
    dead port 1/2 on $mux $procmux$459.
    dead port 1/2 on $mux $procmux$456.
    dead port 1/2 on $mux $procmux$453.
    dead port 1/2 on $mux $procmux$450.
    dead port 1/2 on $mux $procmux$447.
    dead port 1/2 on $mux $procmux$444.
    dead port 1/2 on $mux $procmux$441.
    dead port 1/2 on $mux $procmux$438.
    dead port 1/2 on $mux $procmux$435.
    dead port 1/2 on $mux $procmux$432.
    dead port 1/2 on $mux $procmux$429.
    dead port 1/2 on $mux $procmux$426.
    dead port 1/2 on $mux $procmux$423.
    dead port 1/2 on $mux $procmux$420.
    dead port 1/2 on $mux $procmux$417.
    dead port 1/2 on $mux $procmux$414.
    dead port 1/2 on $mux $procmux$411.
    dead port 1/2 on $mux $procmux$408.
    dead port 1/2 on $mux $procmux$405.
    dead port 1/2 on $mux $procmux$402.
    dead port 1/2 on $mux $procmux$399.
    dead port 1/2 on $mux $procmux$396.
    dead port 1/2 on $mux $procmux$393.
    dead port 1/2 on $mux $procmux$390.
    dead port 1/2 on $mux $procmux$387.
    dead port 1/2 on $mux $procmux$384.
    dead port 1/2 on $mux $procmux$381.
    dead port 1/2 on $mux $procmux$378.
    dead port 1/2 on $mux $procmux$375.
    dead port 1/2 on $mux $procmux$372.
    dead port 1/2 on $mux $procmux$369.
    dead port 1/2 on $mux $procmux$366.
    dead port 1/2 on $mux $procmux$363.
    dead port 1/2 on $mux $procmux$360.
    dead port 1/2 on $mux $procmux$357.
    dead port 1/2 on $mux $procmux$354.
    dead port 1/2 on $mux $procmux$351.
    dead port 1/2 on $mux $procmux$348.
    dead port 1/2 on $mux $procmux$345.
    dead port 1/2 on $mux $procmux$342.
    dead port 1/2 on $mux $procmux$339.
    dead port 1/2 on $mux $procmux$336.
    dead port 1/2 on $mux $procmux$333.
    dead port 1/2 on $mux $procmux$330.
    dead port 1/2 on $mux $procmux$327.
    dead port 1/2 on $mux $procmux$324.
Removed 8001 multiplexer ports.

7.4. Executing OPT_REDUCE pass (consolidate $*mux and $reduce_* inputs).
  Optimizing cells in module \ex254_semantic_e4acc_fp4prod_prodtable_qrange.
Performed a total of 0 changes.

7.5. Executing OPT_MERGE pass (detect identical cells).
Finding identical cells in module `\ex254_semantic_e4acc_fp4prod_prodtable_qrange'.
Computing hashes of 277 cells of `\ex254_semantic_e4acc_fp4prod_prodtable_qrange'.
Finding duplicate cells in `\ex254_semantic_e4acc_fp4prod_prodtable_qrange'.
Removed a total of 0 cells.

7.6. Executing OPT_DFF pass (perform DFF optimizations).

7.7. Executing OPT_CLEAN pass (remove unused cells and wires).
Finding unused cells or wires in module \ex254_semantic_e4acc_fp4prod_prodtable_qrange..
Removed 1 unused cells and 16295 unused wires.

7.8. Executing OPT_EXPR pass (perform const folding).
Optimizing module ex254_semantic_e4acc_fp4prod_prodtable_qrange.

7.9. Rerunning OPT passes. (Maybe there is more to do..)

7.10. Executing OPT_MUXTREE pass (detect dead branches in mux trees).
Running muxtree optimizer on module \ex254_semantic_e4acc_fp4prod_prodtable_qrange..
  Creating internal representation of mux trees.
  Evaluating internal representation of mux trees.
  Analyzing evaluation results.
Removed 0 multiplexer ports.

7.11. Executing OPT_REDUCE pass (consolidate $*mux and $reduce_* inputs).
  Optimizing cells in module \ex254_semantic_e4acc_fp4prod_prodtable_qrange.
Performed a total of 0 changes.

7.12. Executing OPT_MERGE pass (detect identical cells).
Finding identical cells in module `\ex254_semantic_e4acc_fp4prod_prodtable_qrange'.
Computing hashes of 276 cells of `\ex254_semantic_e4acc_fp4prod_prodtable_qrange'.
Finding duplicate cells in `\ex254_semantic_e4acc_fp4prod_prodtable_qrange'.
Removed a total of 0 cells.

7.13. Executing OPT_DFF pass (perform DFF optimizations).

7.14. Executing OPT_CLEAN pass (remove unused cells and wires).
Finding unused cells or wires in module \ex254_semantic_e4acc_fp4prod_prodtable_qrange..

7.15. Executing OPT_EXPR pass (perform const folding).
Optimizing module ex254_semantic_e4acc_fp4prod_prodtable_qrange.

7.16. Finished fast OPT passes. (There is nothing left to do.)

8. Executing MEMORY pass.

8.1. Executing OPT_MEM pass (optimize memories).
ex254_semantic_e4acc_fp4prod_prodtable_qrange.$auto$proc_rom.cc:155:do_switch$318: removing const-0 lane 18
ex254_semantic_e4acc_fp4prod_prodtable_qrange.$auto$proc_rom.cc:155:do_switch$314: removing const-0 lane 18
Performed a total of 2 transformations.

8.2. Executing OPT_MEM_PRIORITY pass (removing unnecessary memory write priority relations).
Performed a total of 0 transformations.

8.3. Executing OPT_MEM_FEEDBACK pass (finding memory read-to-write feedback paths).

8.4. Executing MEMORY_BMUX2ROM pass (converting muxes to ROMs).

8.5. Executing MEMORY_DFF pass (merging $dff cells to $memrd).
Checking read port `$auto$proc_rom.cc:155:do_switch$318'[0] in module `\ex254_semantic_e4acc_fp4prod_prodtable_qrange': no output FF found.
Checking read port `$auto$proc_rom.cc:155:do_switch$314'[0] in module `\ex254_semantic_e4acc_fp4prod_prodtable_qrange': no output FF found.
Checking read port `$auto$proc_rom.cc:155:do_switch$310'[0] in module `\ex254_semantic_e4acc_fp4prod_prodtable_qrange': no output FF found.
Checking read port address `$auto$proc_rom.cc:155:do_switch$318'[0] in module `\ex254_semantic_e4acc_fp4prod_prodtable_qrange': no address FF found.
Checking read port address `$auto$proc_rom.cc:155:do_switch$314'[0] in module `\ex254_semantic_e4acc_fp4prod_prodtable_qrange': no address FF found.
Checking read port address `$auto$proc_rom.cc:155:do_switch$310'[0] in module `\ex254_semantic_e4acc_fp4prod_prodtable_qrange': no address FF found.

8.6. Executing OPT_CLEAN pass (remove unused cells and wires).
Finding unused cells or wires in module \ex254_semantic_e4acc_fp4prod_prodtable_qrange..

8.7. Executing MEMORY_SHARE pass (consolidating $memrd/$memwr cells).

8.8. Executing OPT_MEM_WIDEN pass (optimize memories where all ports are wide).
Performed a total of 0 transformations.

8.9. Executing OPT_CLEAN pass (remove unused cells and wires).
Finding unused cells or wires in module \ex254_semantic_e4acc_fp4prod_prodtable_qrange..

8.10. Executing MEMORY_COLLECT pass (generating $mem cells).

8.11. Executing MEMORY_MAP pass (converting memories to logic and flip-flops).
Mapping memory $auto$proc_rom.cc:155:do_switch$318 in module \ex254_semantic_e4acc_fp4prod_prodtable_qrange:
  created 128 $dff cells and 0 static cells of width 18.
  read interface: 0 $dff and 127 $mux cells.
  write interface: 0 write mux blocks.
Mapping memory $auto$proc_rom.cc:155:do_switch$314 in module \ex254_semantic_e4acc_fp4prod_prodtable_qrange:
  created 128 $dff cells and 0 static cells of width 18.
  read interface: 0 $dff and 127 $mux cells.
  write interface: 0 write mux blocks.
Mapping memory $auto$proc_rom.cc:155:do_switch$310 in module \ex254_semantic_e4acc_fp4prod_prodtable_qrange:
  created 256 $dff cells and 0 static cells of width 10.
  read interface: 0 $dff and 255 $mux cells.
  write interface: 0 write mux blocks.

9. Executing OPT pass (performing simple optimizations).

9.1. Executing OPT_EXPR pass (perform const folding).
Optimizing module ex254_semantic_e4acc_fp4prod_prodtable_qrange.

9.2. Executing OPT_MERGE pass (detect identical cells).
Finding identical cells in module `\ex254_semantic_e4acc_fp4prod_prodtable_qrange'.
Computing hashes of 749 cells of `\ex254_semantic_e4acc_fp4prod_prodtable_qrange'.
Finding duplicate cells in `\ex254_semantic_e4acc_fp4prod_prodtable_qrange'.
Removed a total of 0 cells.

9.3. Executing OPT_MUXTREE pass (detect dead branches in mux trees).
Running muxtree optimizer on module \ex254_semantic_e4acc_fp4prod_prodtable_qrange..
  Creating internal representation of mux trees.
  Evaluating internal representation of mux trees.
  Analyzing evaluation results.
Removed 0 multiplexer ports.

9.4. Executing OPT_REDUCE pass (consolidate $*mux and $reduce_* inputs).
  Optimizing cells in module \ex254_semantic_e4acc_fp4prod_prodtable_qrange.
Performed a total of 0 changes.

9.5. Executing OPT_MERGE pass (detect identical cells).
Finding identical cells in module `\ex254_semantic_e4acc_fp4prod_prodtable_qrange'.
Computing hashes of 749 cells of `\ex254_semantic_e4acc_fp4prod_prodtable_qrange'.
Finding duplicate cells in `\ex254_semantic_e4acc_fp4prod_prodtable_qrange'.
Computing hashes of 609 cells of `\ex254_semantic_e4acc_fp4prod_prodtable_qrange'.
Finding duplicate cells in `\ex254_semantic_e4acc_fp4prod_prodtable_qrange'.
Computing hashes of 549 cells of `\ex254_semantic_e4acc_fp4prod_prodtable_qrange'.
Finding duplicate cells in `\ex254_semantic_e4acc_fp4prod_prodtable_qrange'.
Computing hashes of 519 cells of `\ex254_semantic_e4acc_fp4prod_prodtable_qrange'.
Finding duplicate cells in `\ex254_semantic_e4acc_fp4prod_prodtable_qrange'.
Computing hashes of 511 cells of `\ex254_semantic_e4acc_fp4prod_prodtable_qrange'.
Finding duplicate cells in `\ex254_semantic_e4acc_fp4prod_prodtable_qrange'.
Computing hashes of 507 cells of `\ex254_semantic_e4acc_fp4prod_prodtable_qrange'.
Finding duplicate cells in `\ex254_semantic_e4acc_fp4prod_prodtable_qrange'.
Computing hashes of 505 cells of `\ex254_semantic_e4acc_fp4prod_prodtable_qrange'.
Finding duplicate cells in `\ex254_semantic_e4acc_fp4prod_prodtable_qrange'.
Computing hashes of 504 cells of `\ex254_semantic_e4acc_fp4prod_prodtable_qrange'.
Finding duplicate cells in `\ex254_semantic_e4acc_fp4prod_prodtable_qrange'.
Removed a total of 245 cells.

9.6. Executing OPT_DFF pass (perform DFF optimizations).

9.7. Executing OPT_CLEAN pass (remove unused cells and wires).
Finding unused cells or wires in module \ex254_semantic_e4acc_fp4prod_prodtable_qrange..
Removed 0 unused cells and 787 unused wires.

9.8. Executing OPT_EXPR pass (perform const folding).
Optimizing module ex254_semantic_e4acc_fp4prod_prodtable_qrange.

9.9. Rerunning OPT passes. (Maybe there is more to do..)

9.10. Executing OPT_MUXTREE pass (detect dead branches in mux trees).
Running muxtree optimizer on module \ex254_semantic_e4acc_fp4prod_prodtable_qrange..
  Creating internal representation of mux trees.
  Evaluating internal representation of mux trees.
  Analyzing evaluation results.
Removed 0 multiplexer ports.

9.11. Executing OPT_REDUCE pass (consolidate $*mux and $reduce_* inputs).
  Optimizing cells in module \ex254_semantic_e4acc_fp4prod_prodtable_qrange.
Performed a total of 0 changes.

9.12. Executing OPT_MERGE pass (detect identical cells).
Finding identical cells in module `\ex254_semantic_e4acc_fp4prod_prodtable_qrange'.
Computing hashes of 504 cells of `\ex254_semantic_e4acc_fp4prod_prodtable_qrange'.
Finding duplicate cells in `\ex254_semantic_e4acc_fp4prod_prodtable_qrange'.
Removed a total of 0 cells.

9.13. Executing OPT_DFF pass (perform DFF optimizations).

9.14. Executing OPT_CLEAN pass (remove unused cells and wires).
Finding unused cells or wires in module \ex254_semantic_e4acc_fp4prod_prodtable_qrange..

9.15. Executing OPT_EXPR pass (perform const folding).
Optimizing module ex254_semantic_e4acc_fp4prod_prodtable_qrange.

9.16. Finished fast OPT passes. (There is nothing left to do.)

10. Executing TECHMAP pass (map to technology primitives).

10.1. Executing Verilog-2005 frontend: /home/b10507053/ALS_Final_Project/student/tools/conda-env/bin/../share/yosys/techmap.v
Parsing Verilog input from `/home/b10507053/ALS_Final_Project/student/tools/conda-env/bin/../share/yosys/techmap.v' to AST representation.
Generating RTLIL representation for module `\_90_simplemap_bool_ops'.
Generating RTLIL representation for module `\_90_simplemap_reduce_ops'.
Generating RTLIL representation for module `\_90_simplemap_logic_ops'.
Generating RTLIL representation for module `\_90_simplemap_compare_ops'.
Generating RTLIL representation for module `\_90_simplemap_various'.
Generating RTLIL representation for module `\_90_simplemap_registers'.
Generating RTLIL representation for module `\_90_shift_ops_shr_shl_sshl_sshr'.
Generating RTLIL representation for module `\_90_shift_shiftx'.
Generating RTLIL representation for module `\_90_fa'.
Generating RTLIL representation for module `\_90_lcu_brent_kung'.
Generating RTLIL representation for module `\_90_alu'.
Generating RTLIL representation for module `\_90_macc'.
Generating RTLIL representation for module `\_90_alumacc'.
Generating RTLIL representation for module `$__div_mod_u'.
Generating RTLIL representation for module `$__div_mod_trunc'.
Generating RTLIL representation for module `\_90_div'.
Generating RTLIL representation for module `\_90_mod'.
Generating RTLIL representation for module `$__div_mod_floor'.
Generating RTLIL representation for module `\_90_divfloor'.
Generating RTLIL representation for module `\_90_modfloor'.
Generating RTLIL representation for module `\_90_pow'.
Generating RTLIL representation for module `\_90_demux'.
Generating RTLIL representation for module `\_90_lut'.
Generating RTLIL representation for module `$connect'.
Generating RTLIL representation for module `$input_port'.
Successfully finished Verilog frontend.

10.2. Continuing TECHMAP pass.
Running "alumacc" on wrapper $extern:wrap:$neg:Y_WIDTH=20:A_WIDTH=20:A_SIGNED=1:394426c56d1a028ba8fdd5469b163e04011def47.
Using template $extern:wrap:$neg:Y_WIDTH=20:A_WIDTH=20:A_SIGNED=1:394426c56d1a028ba8fdd5469b163e04011def47 for cells of type $extern:wrap:$neg:Y_WIDTH=20:A_WIDTH=20:A_SIGNED=1:394426c56d1a028ba8fdd5469b163e04011def47.
Using extmapper simplemap for cells of type $mux.
Running "alumacc" on wrapper $extern:wrap:$add:Y_WIDTH=20:B_WIDTH=20:A_WIDTH=20:B_SIGNED=1:A_SIGNED=1:394426c56d1a028ba8fdd5469b163e04011def47.
Using template $extern:wrap:$add:Y_WIDTH=20:B_WIDTH=20:A_WIDTH=20:B_SIGNED=1:A_SIGNED=1:394426c56d1a028ba8fdd5469b163e04011def47 for cells of type $extern:wrap:$add:Y_WIDTH=20:B_WIDTH=20:A_WIDTH=20:B_SIGNED=1:A_SIGNED=1:394426c56d1a028ba8fdd5469b163e04011def47.
Running "alumacc" on wrapper $extern:wrap:$lt:Y_WIDTH=1:B_WIDTH=32:A_WIDTH=20:B_SIGNED=1:A_SIGNED=1:394426c56d1a028ba8fdd5469b163e04011def47.
Using template $extern:wrap:$lt:Y_WIDTH=1:B_WIDTH=32:A_WIDTH=20:B_SIGNED=1:A_SIGNED=1:394426c56d1a028ba8fdd5469b163e04011def47 for cells of type $extern:wrap:$lt:Y_WIDTH=1:B_WIDTH=32:A_WIDTH=20:B_SIGNED=1:A_SIGNED=1:394426c56d1a028ba8fdd5469b163e04011def47.
Using extmapper simplemap for cells of type $logic_not.
Using extmapper simplemap for cells of type $eq.
Using extmapper simplemap for cells of type $logic_and.
Using extmapper simplemap for cells of type $logic_or.
Using extmapper simplemap for cells of type $xor.
Running "alumacc" on wrapper $extern:wrap:$le:Y_WIDTH=1:B_WIDTH=19:A_WIDTH=19:B_SIGNED=0:A_SIGNED=0:394426c56d1a028ba8fdd5469b163e04011def47.
Using template $extern:wrap:$le:Y_WIDTH=1:B_WIDTH=19:A_WIDTH=19:B_SIGNED=0:A_SIGNED=0:394426c56d1a028ba8fdd5469b163e04011def47 for cells of type $extern:wrap:$le:Y_WIDTH=1:B_WIDTH=19:A_WIDTH=19:B_SIGNED=0:A_SIGNED=0:394426c56d1a028ba8fdd5469b163e04011def47.
Using extmapper simplemap for cells of type $reduce_or.
Using template $paramod$4e6ee5eb737cf7428f8e246e911ae1dac9ae2979\_90_alu for cells of type $alu.
Using extmapper simplemap for cells of type $not.
Using extmapper simplemap for cells of type $reduce_and.
Using template $paramod$c5b9a035a8d3d1a42a45840811b1f11f19722d80\_90_alu for cells of type $alu.
Using template $paramod$c4ef20b21801b37ea2d65c32a05dfe56e84a870d\_90_alu for cells of type $alu.
Using template $paramod$9e063c849228667263119758c3ef2ce4bde04054\_90_alu for cells of type $alu.
Using extmapper simplemap for cells of type $pos.
Using template $paramod\_90_fa\WIDTH=32'00000000000000000000000000010100 for cells of type $fa.
Using template $paramod\_90_lcu_brent_kung\WIDTH=32'00000000000000000000000000010100 for cells of type $lcu.
Using template $paramod\_90_fa\WIDTH=32'00000000000000000000000000100000 for cells of type $fa.
Using template $paramod\_90_lcu_brent_kung\WIDTH=32'00000000000000000000000000100000 for cells of type $lcu.
Using template $paramod\_90_fa\WIDTH=32'00000000000000000000000000010011 for cells of type $fa.
Using template $paramod\_90_lcu_brent_kung\WIDTH=32'00000000000000000000000000010011 for cells of type $lcu.
Using extmapper simplemap for cells of type $and.
Using extmapper simplemap for cells of type $or.
No more expansions possible.

11. Executing OPT pass (performing simple optimizations).

11.1. Executing OPT_EXPR pass (perform const folding).
Optimizing module ex254_semantic_e4acc_fp4prod_prodtable_qrange.

11.2. Executing OPT_MERGE pass (detect identical cells).
Finding identical cells in module `\ex254_semantic_e4acc_fp4prod_prodtable_qrange'.
Computing hashes of 15684 cells of `\ex254_semantic_e4acc_fp4prod_prodtable_qrange'.
Finding duplicate cells in `\ex254_semantic_e4acc_fp4prod_prodtable_qrange'.
Computing hashes of 12319 cells of `\ex254_semantic_e4acc_fp4prod_prodtable_qrange'.
Finding duplicate cells in `\ex254_semantic_e4acc_fp4prod_prodtable_qrange'.
Computing hashes of 10087 cells of `\ex254_semantic_e4acc_fp4prod_prodtable_qrange'.
Finding duplicate cells in `\ex254_semantic_e4acc_fp4prod_prodtable_qrange'.
Computing hashes of 8448 cells of `\ex254_semantic_e4acc_fp4prod_prodtable_qrange'.
Finding duplicate cells in `\ex254_semantic_e4acc_fp4prod_prodtable_qrange'.
Computing hashes of 7696 cells of `\ex254_semantic_e4acc_fp4prod_prodtable_qrange'.
Finding duplicate cells in `\ex254_semantic_e4acc_fp4prod_prodtable_qrange'.
Computing hashes of 7144 cells of `\ex254_semantic_e4acc_fp4prod_prodtable_qrange'.
Finding duplicate cells in `\ex254_semantic_e4acc_fp4prod_prodtable_qrange'.
Computing hashes of 6884 cells of `\ex254_semantic_e4acc_fp4prod_prodtable_qrange'.
Finding duplicate cells in `\ex254_semantic_e4acc_fp4prod_prodtable_qrange'.
Computing hashes of 6609 cells of `\ex254_semantic_e4acc_fp4prod_prodtable_qrange'.
Finding duplicate cells in `\ex254_semantic_e4acc_fp4prod_prodtable_qrange'.
Computing hashes of 6507 cells of `\ex254_semantic_e4acc_fp4prod_prodtable_qrange'.
Finding duplicate cells in `\ex254_semantic_e4acc_fp4prod_prodtable_qrange'.
Computing hashes of 6392 cells of `\ex254_semantic_e4acc_fp4prod_prodtable_qrange'.
Finding duplicate cells in `\ex254_semantic_e4acc_fp4prod_prodtable_qrange'.
Computing hashes of 6357 cells of `\ex254_semantic_e4acc_fp4prod_prodtable_qrange'.
Finding duplicate cells in `\ex254_semantic_e4acc_fp4prod_prodtable_qrange'.
Computing hashes of 6333 cells of `\ex254_semantic_e4acc_fp4prod_prodtable_qrange'.
Finding duplicate cells in `\ex254_semantic_e4acc_fp4prod_prodtable_qrange'.
Computing hashes of 6330 cells of `\ex254_semantic_e4acc_fp4prod_prodtable_qrange'.
Finding duplicate cells in `\ex254_semantic_e4acc_fp4prod_prodtable_qrange'.
Computing hashes of 6329 cells of `\ex254_semantic_e4acc_fp4prod_prodtable_qrange'.
Finding duplicate cells in `\ex254_semantic_e4acc_fp4prod_prodtable_qrange'.
Removed a total of 9355 cells.

11.3. Executing OPT_MUXTREE pass (detect dead branches in mux trees).
Running muxtree optimizer on module \ex254_semantic_e4acc_fp4prod_prodtable_qrange..
  Creating internal representation of mux trees.
  No muxes found in this module.
Removed 0 multiplexer ports.

11.4. Executing OPT_REDUCE pass (consolidate $*mux and $reduce_* inputs).
  Optimizing cells in module \ex254_semantic_e4acc_fp4prod_prodtable_qrange.
Performed a total of 0 changes.

11.5. Executing OPT_MERGE pass (detect identical cells).
Finding identical cells in module `\ex254_semantic_e4acc_fp4prod_prodtable_qrange'.
Computing hashes of 6329 cells of `\ex254_semantic_e4acc_fp4prod_prodtable_qrange'.
Finding duplicate cells in `\ex254_semantic_e4acc_fp4prod_prodtable_qrange'.
Removed a total of 0 cells.

11.6. Executing OPT_DFF pass (perform DFF optimizations).

11.7. Executing OPT_CLEAN pass (remove unused cells and wires).
Finding unused cells or wires in module \ex254_semantic_e4acc_fp4prod_prodtable_qrange..
Removed 3231 unused cells and 15040 unused wires.

11.8. Executing OPT_EXPR pass (perform const folding).
Optimizing module ex254_semantic_e4acc_fp4prod_prodtable_qrange.

11.9. Rerunning OPT passes. (Maybe there is more to do..)

11.10. Executing OPT_MUXTREE pass (detect dead branches in mux trees).
Running muxtree optimizer on module \ex254_semantic_e4acc_fp4prod_prodtable_qrange..
  Creating internal representation of mux trees.
  No muxes found in this module.
Removed 0 multiplexer ports.

11.11. Executing OPT_REDUCE pass (consolidate $*mux and $reduce_* inputs).
  Optimizing cells in module \ex254_semantic_e4acc_fp4prod_prodtable_qrange.
Performed a total of 0 changes.

11.12. Executing OPT_MERGE pass (detect identical cells).
Finding identical cells in module `\ex254_semantic_e4acc_fp4prod_prodtable_qrange'.
Computing hashes of 3083 cells of `\ex254_semantic_e4acc_fp4prod_prodtable_qrange'.
Finding duplicate cells in `\ex254_semantic_e4acc_fp4prod_prodtable_qrange'.
Removed a total of 0 cells.

11.13. Executing OPT_DFF pass (perform DFF optimizations).

11.14. Executing OPT_CLEAN pass (remove unused cells and wires).
Finding unused cells or wires in module \ex254_semantic_e4acc_fp4prod_prodtable_qrange..
Removed 0 unused cells and 8 unused wires.

11.15. Executing OPT_EXPR pass (perform const folding).
Optimizing module ex254_semantic_e4acc_fp4prod_prodtable_qrange.

11.16. Rerunning OPT passes. (Maybe there is more to do..)

11.17. Executing OPT_MUXTREE pass (detect dead branches in mux trees).
Running muxtree optimizer on module \ex254_semantic_e4acc_fp4prod_prodtable_qrange..
  Creating internal representation of mux trees.
  No muxes found in this module.
Removed 0 multiplexer ports.

11.18. Executing OPT_REDUCE pass (consolidate $*mux and $reduce_* inputs).
  Optimizing cells in module \ex254_semantic_e4acc_fp4prod_prodtable_qrange.
Performed a total of 0 changes.

11.19. Executing OPT_MERGE pass (detect identical cells).
Finding identical cells in module `\ex254_semantic_e4acc_fp4prod_prodtable_qrange'.
Computing hashes of 3083 cells of `\ex254_semantic_e4acc_fp4prod_prodtable_qrange'.
Finding duplicate cells in `\ex254_semantic_e4acc_fp4prod_prodtable_qrange'.
Removed a total of 0 cells.

11.20. Executing OPT_DFF pass (perform DFF optimizations).

11.21. Executing OPT_CLEAN pass (remove unused cells and wires).
Finding unused cells or wires in module \ex254_semantic_e4acc_fp4prod_prodtable_qrange..

11.22. Executing OPT_EXPR pass (perform const folding).
Optimizing module ex254_semantic_e4acc_fp4prod_prodtable_qrange.

11.23. Finished fast OPT passes. (There is nothing left to do.)

12. Executing ABC pass (technology mapping using ABC).

12.1. Extracting gate netlist of module `\ex254_semantic_e4acc_fp4prod_prodtable_qrange' to `<abc-temp-dir>/input.blif'..

12.1.1. Executed ABC.
Extracted 3083 gates and 3101 wires to a netlist network with 16 inputs and 8 outputs.
Running ABC script: <abc-temp-dir>/abc.script
ABC: UC Berkeley, ABC 1.01 (compiled May 12 2026 13:26:50)
ABC: abc 01> empty
ABC: abc 01> source <abc-temp-dir>/abc.script
ABC: + read_blif <abc-temp-dir>/input.blif 
ABC: + read_library <abc-temp-dir>/stdcells.genlib 
ABC: + strash 
ABC: + &get -n 
ABC: + &fraig -x 
ABC: + &put 
ABC: + scorr 
ABC: Warning: The network is combinational (run "fraig" or "fraig_sweep").
ABC: + dc2 
ABC: + dretime 
ABC: + strash 
ABC: + &get -n 
ABC: + &dch -f 
ABC: + &nf 
ABC: + &put 
ABC: + write_blif <abc-temp-dir>/output.blif 
ABC: 
ABC: YOSYS_ABC_DONE 

12.1.2. Re-integrating ABC results.
ABC RESULTS:               AND cells:     1310
ABC RESULTS:               NOT cells:     1023
ABC RESULTS:        internal signals:     3077
ABC RESULTS:           input signals:       16
ABC RESULTS:          output signals:        8
Removing temp directory.
Removing global temp directory.

13. Executing OPT pass (performing simple optimizations).

13.1. Executing OPT_EXPR pass (perform const folding).
Optimizing module ex254_semantic_e4acc_fp4prod_prodtable_qrange.

13.2. Executing OPT_MERGE pass (detect identical cells).
Finding identical cells in module `\ex254_semantic_e4acc_fp4prod_prodtable_qrange'.
Computing hashes of 2333 cells of `\ex254_semantic_e4acc_fp4prod_prodtable_qrange'.
Finding duplicate cells in `\ex254_semantic_e4acc_fp4prod_prodtable_qrange'.
Removed a total of 0 cells.

13.3. Executing OPT_MUXTREE pass (detect dead branches in mux trees).
Running muxtree optimizer on module \ex254_semantic_e4acc_fp4prod_prodtable_qrange..
  Creating internal representation of mux trees.
  No muxes found in this module.
Removed 0 multiplexer ports.

13.4. Executing OPT_REDUCE pass (consolidate $*mux and $reduce_* inputs).
  Optimizing cells in module \ex254_semantic_e4acc_fp4prod_prodtable_qrange.
Performed a total of 0 changes.

13.5. Executing OPT_MERGE pass (detect identical cells).
Finding identical cells in module `\ex254_semantic_e4acc_fp4prod_prodtable_qrange'.
Computing hashes of 2333 cells of `\ex254_semantic_e4acc_fp4prod_prodtable_qrange'.
Finding duplicate cells in `\ex254_semantic_e4acc_fp4prod_prodtable_qrange'.
Removed a total of 0 cells.

13.6. Executing OPT_DFF pass (perform DFF optimizations).

13.7. Executing OPT_CLEAN pass (remove unused cells and wires).
Finding unused cells or wires in module \ex254_semantic_e4acc_fp4prod_prodtable_qrange..
Removed 0 unused cells and 1722 unused wires.

13.8. Executing OPT_EXPR pass (perform const folding).
Optimizing module ex254_semantic_e4acc_fp4prod_prodtable_qrange.

13.9. Rerunning OPT passes. (Maybe there is more to do..)

13.10. Executing OPT_MUXTREE pass (detect dead branches in mux trees).
Running muxtree optimizer on module \ex254_semantic_e4acc_fp4prod_prodtable_qrange..
  Creating internal representation of mux trees.
  No muxes found in this module.
Removed 0 multiplexer ports.

13.11. Executing OPT_REDUCE pass (consolidate $*mux and $reduce_* inputs).
  Optimizing cells in module \ex254_semantic_e4acc_fp4prod_prodtable_qrange.
Performed a total of 0 changes.

13.12. Executing OPT_MERGE pass (detect identical cells).
Finding identical cells in module `\ex254_semantic_e4acc_fp4prod_prodtable_qrange'.
Computing hashes of 2333 cells of `\ex254_semantic_e4acc_fp4prod_prodtable_qrange'.
Finding duplicate cells in `\ex254_semantic_e4acc_fp4prod_prodtable_qrange'.
Removed a total of 0 cells.

13.13. Executing OPT_DFF pass (perform DFF optimizations).

13.14. Executing OPT_CLEAN pass (remove unused cells and wires).
Finding unused cells or wires in module \ex254_semantic_e4acc_fp4prod_prodtable_qrange..

13.15. Executing OPT_EXPR pass (perform const folding).
Optimizing module ex254_semantic_e4acc_fp4prod_prodtable_qrange.

13.16. Finished fast OPT passes. (There is nothing left to do.)

14. Executing AIGMAP pass (map logic to AIG).
Module ex254_semantic_e4acc_fp4prod_prodtable_qrange: replaced 0 cells with 0 new cells, skipped 2333 cells.
  not replaced 2 cell types:
    1310 $_AND_
    1023 $_NOT_

15. Executing OPT pass (performing simple optimizations).

15.1. Executing OPT_EXPR pass (perform const folding).
Optimizing module ex254_semantic_e4acc_fp4prod_prodtable_qrange.

15.2. Executing OPT_MERGE pass (detect identical cells).
Finding identical cells in module `\ex254_semantic_e4acc_fp4prod_prodtable_qrange'.
Computing hashes of 2333 cells of `\ex254_semantic_e4acc_fp4prod_prodtable_qrange'.
Finding duplicate cells in `\ex254_semantic_e4acc_fp4prod_prodtable_qrange'.
Removed a total of 0 cells.

15.3. Executing OPT_MUXTREE pass (detect dead branches in mux trees).
Running muxtree optimizer on module \ex254_semantic_e4acc_fp4prod_prodtable_qrange..
  Creating internal representation of mux trees.
  No muxes found in this module.
Removed 0 multiplexer ports.

15.4. Executing OPT_REDUCE pass (consolidate $*mux and $reduce_* inputs).
  Optimizing cells in module \ex254_semantic_e4acc_fp4prod_prodtable_qrange.
Performed a total of 0 changes.

15.5. Executing OPT_MERGE pass (detect identical cells).
Finding identical cells in module `\ex254_semantic_e4acc_fp4prod_prodtable_qrange'.
Computing hashes of 2333 cells of `\ex254_semantic_e4acc_fp4prod_prodtable_qrange'.
Finding duplicate cells in `\ex254_semantic_e4acc_fp4prod_prodtable_qrange'.
Removed a total of 0 cells.

15.6. Executing OPT_DFF pass (perform DFF optimizations).

15.7. Executing OPT_CLEAN pass (remove unused cells and wires).
Finding unused cells or wires in module \ex254_semantic_e4acc_fp4prod_prodtable_qrange..

15.8. Executing OPT_EXPR pass (perform const folding).
Optimizing module ex254_semantic_e4acc_fp4prod_prodtable_qrange.

15.9. Finished fast OPT passes. (There is nothing left to do.)

16. Executing AIGER backend.
ERROR: Can't open output file `/home/b10507053/ALS_Final_Project/student/work/ex250_ex254_frontend_fp4_dot_fma_semantic_20260608_2105/ex254/aigs/ex254_semantic_e4acc_fp4prod_prodtable_qrange_default.aig' for writing: No such file or directory
