
 /----------------------------------------------------------------------------\
 |  yosys -- Yosys Open SYnthesis Suite                                       |
 |  Copyright (C) 2012 - 2026  Claire Xenia Wolf <claire@yosyshq.com>         |
 |  Distributed under an ISC-like license, type "license" to see terms        |
 \----------------------------------------------------------------------------/
 Yosys 0.65 (git sha1 aec814bdf3071f7e0fd0fbe43f7f711e99d01e24, g++ 14.3.0-19 -fvisibility-inlines-hidden -fmessage-length=0 -march=nocona -mtune=haswell -ftree-vectorize -fPIC -fstack-protector-strong -fno-plt -O2 -ffunction-sections -fdebug-prefix-map=/home/conda/feedstock_root/build_artifacts/yosys_1778591527500/work=/usr/local/src/conda/yosys-0.65 -fdebug-prefix-map=/home/b10507053/ALS_Final_Project/student/tools/conda-env=/usr/local/src/conda-prefix -fPIC -O3) [conda-forge/yosys-feedstock]

-- Executing script file `/home/b10507053/ALS_Final_Project/student/work/ex250_ex254_frontend_fp4_dot_fma_semantic_20260608_2105/ex254/logs/ex254_semantic_e4acc_fp4prod_prodtable_qcase_synth_preset.yosys.ys' --

1. Executing Verilog-2005 frontend: /home/b10507053/ALS_Final_Project/student/work/ex250_ex254_frontend_fp4_dot_fma_semantic_20260608_2105/ex254/verilog/ex254_semantic_e4acc_fp4prod_prodtable_qcase.v
Parsing Verilog input from `/home/b10507053/ALS_Final_Project/student/work/ex250_ex254_frontend_fp4_dot_fma_semantic_20260608_2105/ex254/verilog/ex254_semantic_e4acc_fp4prod_prodtable_qcase.v' to AST representation.
Generating RTLIL representation for module `\ex254_semantic_e4acc_fp4prod_prodtable_qcase'.
Successfully finished Verilog frontend.

2. Executing SYNTH pass.

2.1. Executing HIERARCHY pass (managing design hierarchy).

2.1.1. Analyzing design hierarchy..
Top module:  \ex254_semantic_e4acc_fp4prod_prodtable_qcase

2.1.2. Analyzing design hierarchy..
Top module:  \ex254_semantic_e4acc_fp4prod_prodtable_qcase
Removed 0 unused modules.

2.2. Executing PROC pass (convert processes to netlists).

2.2.1. Executing PROC_CLEAN pass (remove empty switches from decision trees).
Cleaned up 0 empty switches.

2.2.2. Executing PROC_RMDEAD pass (remove dead branches from decision trees).
Marked 1 switch rules as full_case in process $proc$/home/b10507053/ALS_Final_Project/student/work/ex250_ex254_frontend_fp4_dot_fma_semantic_20260608_2105/ex254/verilog/ex254_semantic_e4acc_fp4prod_prodtable_qcase.v:2902$51 in module ex254_semantic_e4acc_fp4prod_prodtable_qcase.
Removed 1 dead cases from process $proc$/home/b10507053/ALS_Final_Project/student/work/ex250_ex254_frontend_fp4_dot_fma_semantic_20260608_2105/ex254/verilog/ex254_semantic_e4acc_fp4prod_prodtable_qcase.v:2894$35 in module ex254_semantic_e4acc_fp4prod_prodtable_qcase.
Marked 1 switch rules as full_case in process $proc$/home/b10507053/ALS_Final_Project/student/work/ex250_ex254_frontend_fp4_dot_fma_semantic_20260608_2105/ex254/verilog/ex254_semantic_e4acc_fp4prod_prodtable_qcase.v:2894$35 in module ex254_semantic_e4acc_fp4prod_prodtable_qcase.
Removed 1 dead cases from process $proc$/home/b10507053/ALS_Final_Project/student/work/ex250_ex254_frontend_fp4_dot_fma_semantic_20260608_2105/ex254/verilog/ex254_semantic_e4acc_fp4prod_prodtable_qcase.v:2893$30 in module ex254_semantic_e4acc_fp4prod_prodtable_qcase.
Marked 1 switch rules as full_case in process $proc$/home/b10507053/ALS_Final_Project/student/work/ex250_ex254_frontend_fp4_dot_fma_semantic_20260608_2105/ex254/verilog/ex254_semantic_e4acc_fp4prod_prodtable_qcase.v:2893$30 in module ex254_semantic_e4acc_fp4prod_prodtable_qcase.
Removed 1 dead cases from process $proc$/home/b10507053/ALS_Final_Project/student/work/ex250_ex254_frontend_fp4_dot_fma_semantic_20260608_2105/ex254/verilog/ex254_semantic_e4acc_fp4prod_prodtable_qcase.v:2893$25 in module ex254_semantic_e4acc_fp4prod_prodtable_qcase.
Marked 1 switch rules as full_case in process $proc$/home/b10507053/ALS_Final_Project/student/work/ex250_ex254_frontend_fp4_dot_fma_semantic_20260608_2105/ex254/verilog/ex254_semantic_e4acc_fp4prod_prodtable_qcase.v:2893$25 in module ex254_semantic_e4acc_fp4prod_prodtable_qcase.
Removed a total of 3 dead cases.

2.2.3. Executing PROC_PRUNE pass (remove redundant assignments in processes).
Removed 0 redundant assignments.
Promoted 17 assignments to connections.

2.2.4. Executing PROC_INIT pass (extract init attributes).

2.2.5. Executing PROC_ARST pass (detect async resets in processes).

2.2.6. Executing PROC_ROM pass (convert switches to ROMs).
Converted 3 switches.

2.2.7. Executing PROC_MUX pass (convert decision trees to multiplexers).
Creating decoders for process `\ex254_semantic_e4acc_fp4prod_prodtable_qcase.$proc$/home/b10507053/ALS_Final_Project/student/work/ex250_ex254_frontend_fp4_dot_fma_semantic_20260608_2105/ex254/verilog/ex254_semantic_e4acc_fp4prod_prodtable_qcase.v:2902$51'.
     1/1: $1\quant_k$func$/home/b10507053/ALS_Final_Project/student/work/ex250_ex254_frontend_fp4_dot_fma_semantic_20260608_2105/ex254/verilog/ex254_semantic_e4acc_fp4prod_prodtable_qcase.v:2902$10.$result[6:0]$55
Creating decoders for process `\ex254_semantic_e4acc_fp4prod_prodtable_qcase.$proc$/home/b10507053/ALS_Final_Project/student/work/ex250_ex254_frontend_fp4_dot_fma_semantic_20260608_2105/ex254/verilog/ex254_semantic_e4acc_fp4prod_prodtable_qcase.v:2900$41'.
Creating decoders for process `\ex254_semantic_e4acc_fp4prod_prodtable_qcase.$proc$/home/b10507053/ALS_Final_Project/student/work/ex250_ex254_frontend_fp4_dot_fma_semantic_20260608_2105/ex254/verilog/ex254_semantic_e4acc_fp4prod_prodtable_qcase.v:2894$35'.
     1/1: $1\fp4_product$func$/home/b10507053/ALS_Final_Project/student/work/ex250_ex254_frontend_fp4_dot_fma_semantic_20260608_2105/ex254/verilog/ex254_semantic_e4acc_fp4prod_prodtable_qcase.v:2894$8.$result[9:0]$40
Creating decoders for process `\ex254_semantic_e4acc_fp4prod_prodtable_qcase.$proc$/home/b10507053/ALS_Final_Project/student/work/ex250_ex254_frontend_fp4_dot_fma_semantic_20260608_2105/ex254/verilog/ex254_semantic_e4acc_fp4prod_prodtable_qcase.v:2893$30'.
     1/1: $1\e4_mag_k$func$/home/b10507053/ALS_Final_Project/student/work/ex250_ex254_frontend_fp4_dot_fma_semantic_20260608_2105/ex254/verilog/ex254_semantic_e4acc_fp4prod_prodtable_qcase.v:2893$7.$result[18:0]$34
Creating decoders for process `\ex254_semantic_e4acc_fp4prod_prodtable_qcase.$proc$/home/b10507053/ALS_Final_Project/student/work/ex250_ex254_frontend_fp4_dot_fma_semantic_20260608_2105/ex254/verilog/ex254_semantic_e4acc_fp4prod_prodtable_qcase.v:2893$25'.
     1/1: $1\e4_mag_k$func$/home/b10507053/ALS_Final_Project/student/work/ex250_ex254_frontend_fp4_dot_fma_semantic_20260608_2105/ex254/verilog/ex254_semantic_e4acc_fp4prod_prodtable_qcase.v:2893$6.$result[18:0]$29

2.2.8. Executing PROC_DLATCH pass (convert process syncs to latches).
No latch inferred for signal `\ex254_semantic_e4acc_fp4prod_prodtable_qcase.\quant_k$func$/home/b10507053/ALS_Final_Project/student/work/ex250_ex254_frontend_fp4_dot_fma_semantic_20260608_2105/ex254/verilog/ex254_semantic_e4acc_fp4prod_prodtable_qcase.v:2902$5.$result' from process `\ex254_semantic_e4acc_fp4prod_prodtable_qcase.$proc$/home/b10507053/ALS_Final_Project/student/work/ex250_ex254_frontend_fp4_dot_fma_semantic_20260608_2105/ex254/verilog/ex254_semantic_e4acc_fp4prod_prodtable_qcase.v:2902$51'.
No latch inferred for signal `\ex254_semantic_e4acc_fp4prod_prodtable_qcase.\quant_k$func$/home/b10507053/ALS_Final_Project/student/work/ex250_ex254_frontend_fp4_dot_fma_semantic_20260608_2105/ex254/verilog/ex254_semantic_e4acc_fp4prod_prodtable_qcase.v:2902$10.$result' from process `\ex254_semantic_e4acc_fp4prod_prodtable_qcase.$proc$/home/b10507053/ALS_Final_Project/student/work/ex250_ex254_frontend_fp4_dot_fma_semantic_20260608_2105/ex254/verilog/ex254_semantic_e4acc_fp4prod_prodtable_qcase.v:2902$51'.
No latch inferred for signal `\ex254_semantic_e4acc_fp4prod_prodtable_qcase.\quant_k$func$/home/b10507053/ALS_Final_Project/student/work/ex250_ex254_frontend_fp4_dot_fma_semantic_20260608_2105/ex254/verilog/ex254_semantic_e4acc_fp4prod_prodtable_qcase.v:2902$10.value' from process `\ex254_semantic_e4acc_fp4prod_prodtable_qcase.$proc$/home/b10507053/ALS_Final_Project/student/work/ex250_ex254_frontend_fp4_dot_fma_semantic_20260608_2105/ex254/verilog/ex254_semantic_e4acc_fp4prod_prodtable_qcase.v:2902$51'.
No latch inferred for signal `\ex254_semantic_e4acc_fp4prod_prodtable_qcase.\fp4_neg_zero_product$func$/home/b10507053/ALS_Final_Project/student/work/ex250_ex254_frontend_fp4_dot_fma_semantic_20260608_2105/ex254/verilog/ex254_semantic_e4acc_fp4prod_prodtable_qcase.v:2900$4.$result' from process `\ex254_semantic_e4acc_fp4prod_prodtable_qcase.$proc$/home/b10507053/ALS_Final_Project/student/work/ex250_ex254_frontend_fp4_dot_fma_semantic_20260608_2105/ex254/verilog/ex254_semantic_e4acc_fp4prod_prodtable_qcase.v:2900$41'.
No latch inferred for signal `\ex254_semantic_e4acc_fp4prod_prodtable_qcase.\fp4_neg_zero_product$func$/home/b10507053/ALS_Final_Project/student/work/ex250_ex254_frontend_fp4_dot_fma_semantic_20260608_2105/ex254/verilog/ex254_semantic_e4acc_fp4prod_prodtable_qcase.v:2900$9.$result' from process `\ex254_semantic_e4acc_fp4prod_prodtable_qcase.$proc$/home/b10507053/ALS_Final_Project/student/work/ex250_ex254_frontend_fp4_dot_fma_semantic_20260608_2105/ex254/verilog/ex254_semantic_e4acc_fp4prod_prodtable_qcase.v:2900$41'.
No latch inferred for signal `\ex254_semantic_e4acc_fp4prod_prodtable_qcase.\fp4_neg_zero_product$func$/home/b10507053/ALS_Final_Project/student/work/ex250_ex254_frontend_fp4_dot_fma_semantic_20260608_2105/ex254/verilog/ex254_semantic_e4acc_fp4prod_prodtable_qcase.v:2900$9.a' from process `\ex254_semantic_e4acc_fp4prod_prodtable_qcase.$proc$/home/b10507053/ALS_Final_Project/student/work/ex250_ex254_frontend_fp4_dot_fma_semantic_20260608_2105/ex254/verilog/ex254_semantic_e4acc_fp4prod_prodtable_qcase.v:2900$41'.
No latch inferred for signal `\ex254_semantic_e4acc_fp4prod_prodtable_qcase.\fp4_neg_zero_product$func$/home/b10507053/ALS_Final_Project/student/work/ex250_ex254_frontend_fp4_dot_fma_semantic_20260608_2105/ex254/verilog/ex254_semantic_e4acc_fp4prod_prodtable_qcase.v:2900$9.b' from process `\ex254_semantic_e4acc_fp4prod_prodtable_qcase.$proc$/home/b10507053/ALS_Final_Project/student/work/ex250_ex254_frontend_fp4_dot_fma_semantic_20260608_2105/ex254/verilog/ex254_semantic_e4acc_fp4prod_prodtable_qcase.v:2900$41'.
No latch inferred for signal `\ex254_semantic_e4acc_fp4prod_prodtable_qcase.\fp4_product$func$/home/b10507053/ALS_Final_Project/student/work/ex250_ex254_frontend_fp4_dot_fma_semantic_20260608_2105/ex254/verilog/ex254_semantic_e4acc_fp4prod_prodtable_qcase.v:2894$3.$result' from process `\ex254_semantic_e4acc_fp4prod_prodtable_qcase.$proc$/home/b10507053/ALS_Final_Project/student/work/ex250_ex254_frontend_fp4_dot_fma_semantic_20260608_2105/ex254/verilog/ex254_semantic_e4acc_fp4prod_prodtable_qcase.v:2894$35'.
No latch inferred for signal `\ex254_semantic_e4acc_fp4prod_prodtable_qcase.\fp4_product$func$/home/b10507053/ALS_Final_Project/student/work/ex250_ex254_frontend_fp4_dot_fma_semantic_20260608_2105/ex254/verilog/ex254_semantic_e4acc_fp4prod_prodtable_qcase.v:2894$8.$result' from process `\ex254_semantic_e4acc_fp4prod_prodtable_qcase.$proc$/home/b10507053/ALS_Final_Project/student/work/ex250_ex254_frontend_fp4_dot_fma_semantic_20260608_2105/ex254/verilog/ex254_semantic_e4acc_fp4prod_prodtable_qcase.v:2894$35'.
No latch inferred for signal `\ex254_semantic_e4acc_fp4prod_prodtable_qcase.\fp4_product$func$/home/b10507053/ALS_Final_Project/student/work/ex250_ex254_frontend_fp4_dot_fma_semantic_20260608_2105/ex254/verilog/ex254_semantic_e4acc_fp4prod_prodtable_qcase.v:2894$8.a' from process `\ex254_semantic_e4acc_fp4prod_prodtable_qcase.$proc$/home/b10507053/ALS_Final_Project/student/work/ex250_ex254_frontend_fp4_dot_fma_semantic_20260608_2105/ex254/verilog/ex254_semantic_e4acc_fp4prod_prodtable_qcase.v:2894$35'.
No latch inferred for signal `\ex254_semantic_e4acc_fp4prod_prodtable_qcase.\fp4_product$func$/home/b10507053/ALS_Final_Project/student/work/ex250_ex254_frontend_fp4_dot_fma_semantic_20260608_2105/ex254/verilog/ex254_semantic_e4acc_fp4prod_prodtable_qcase.v:2894$8.b' from process `\ex254_semantic_e4acc_fp4prod_prodtable_qcase.$proc$/home/b10507053/ALS_Final_Project/student/work/ex250_ex254_frontend_fp4_dot_fma_semantic_20260608_2105/ex254/verilog/ex254_semantic_e4acc_fp4prod_prodtable_qcase.v:2894$35'.
No latch inferred for signal `\ex254_semantic_e4acc_fp4prod_prodtable_qcase.\e4_mag_k$func$/home/b10507053/ALS_Final_Project/student/work/ex250_ex254_frontend_fp4_dot_fma_semantic_20260608_2105/ex254/verilog/ex254_semantic_e4acc_fp4prod_prodtable_qcase.v:2893$2.$result' from process `\ex254_semantic_e4acc_fp4prod_prodtable_qcase.$proc$/home/b10507053/ALS_Final_Project/student/work/ex250_ex254_frontend_fp4_dot_fma_semantic_20260608_2105/ex254/verilog/ex254_semantic_e4acc_fp4prod_prodtable_qcase.v:2893$30'.
No latch inferred for signal `\ex254_semantic_e4acc_fp4prod_prodtable_qcase.\e4_mag_k$func$/home/b10507053/ALS_Final_Project/student/work/ex250_ex254_frontend_fp4_dot_fma_semantic_20260608_2105/ex254/verilog/ex254_semantic_e4acc_fp4prod_prodtable_qcase.v:2893$7.$result' from process `\ex254_semantic_e4acc_fp4prod_prodtable_qcase.$proc$/home/b10507053/ALS_Final_Project/student/work/ex250_ex254_frontend_fp4_dot_fma_semantic_20260608_2105/ex254/verilog/ex254_semantic_e4acc_fp4prod_prodtable_qcase.v:2893$30'.
No latch inferred for signal `\ex254_semantic_e4acc_fp4prod_prodtable_qcase.\e4_mag_k$func$/home/b10507053/ALS_Final_Project/student/work/ex250_ex254_frontend_fp4_dot_fma_semantic_20260608_2105/ex254/verilog/ex254_semantic_e4acc_fp4prod_prodtable_qcase.v:2893$7.code' from process `\ex254_semantic_e4acc_fp4prod_prodtable_qcase.$proc$/home/b10507053/ALS_Final_Project/student/work/ex250_ex254_frontend_fp4_dot_fma_semantic_20260608_2105/ex254/verilog/ex254_semantic_e4acc_fp4prod_prodtable_qcase.v:2893$30'.
No latch inferred for signal `\ex254_semantic_e4acc_fp4prod_prodtable_qcase.\e4_mag_k$func$/home/b10507053/ALS_Final_Project/student/work/ex250_ex254_frontend_fp4_dot_fma_semantic_20260608_2105/ex254/verilog/ex254_semantic_e4acc_fp4prod_prodtable_qcase.v:2893$1.$result' from process `\ex254_semantic_e4acc_fp4prod_prodtable_qcase.$proc$/home/b10507053/ALS_Final_Project/student/work/ex250_ex254_frontend_fp4_dot_fma_semantic_20260608_2105/ex254/verilog/ex254_semantic_e4acc_fp4prod_prodtable_qcase.v:2893$25'.
No latch inferred for signal `\ex254_semantic_e4acc_fp4prod_prodtable_qcase.\e4_mag_k$func$/home/b10507053/ALS_Final_Project/student/work/ex250_ex254_frontend_fp4_dot_fma_semantic_20260608_2105/ex254/verilog/ex254_semantic_e4acc_fp4prod_prodtable_qcase.v:2893$6.$result' from process `\ex254_semantic_e4acc_fp4prod_prodtable_qcase.$proc$/home/b10507053/ALS_Final_Project/student/work/ex250_ex254_frontend_fp4_dot_fma_semantic_20260608_2105/ex254/verilog/ex254_semantic_e4acc_fp4prod_prodtable_qcase.v:2893$25'.
No latch inferred for signal `\ex254_semantic_e4acc_fp4prod_prodtable_qcase.\e4_mag_k$func$/home/b10507053/ALS_Final_Project/student/work/ex250_ex254_frontend_fp4_dot_fma_semantic_20260608_2105/ex254/verilog/ex254_semantic_e4acc_fp4prod_prodtable_qcase.v:2893$6.code' from process `\ex254_semantic_e4acc_fp4prod_prodtable_qcase.$proc$/home/b10507053/ALS_Final_Project/student/work/ex250_ex254_frontend_fp4_dot_fma_semantic_20260608_2105/ex254/verilog/ex254_semantic_e4acc_fp4prod_prodtable_qcase.v:2893$25'.

2.2.9. Executing PROC_DFF pass (convert process syncs to FFs).

2.2.10. Executing PROC_MEMWR pass (convert process memory writes to cells).

2.2.11. Executing PROC_CLEAN pass (remove empty switches from decision trees).
Found and cleaned up 1 empty switch in `\ex254_semantic_e4acc_fp4prod_prodtable_qcase.$proc$/home/b10507053/ALS_Final_Project/student/work/ex250_ex254_frontend_fp4_dot_fma_semantic_20260608_2105/ex254/verilog/ex254_semantic_e4acc_fp4prod_prodtable_qcase.v:2902$51'.
Removing empty process `ex254_semantic_e4acc_fp4prod_prodtable_qcase.$proc$/home/b10507053/ALS_Final_Project/student/work/ex250_ex254_frontend_fp4_dot_fma_semantic_20260608_2105/ex254/verilog/ex254_semantic_e4acc_fp4prod_prodtable_qcase.v:2902$51'.
Removing empty process `ex254_semantic_e4acc_fp4prod_prodtable_qcase.$proc$/home/b10507053/ALS_Final_Project/student/work/ex250_ex254_frontend_fp4_dot_fma_semantic_20260608_2105/ex254/verilog/ex254_semantic_e4acc_fp4prod_prodtable_qcase.v:2900$41'.
Found and cleaned up 1 empty switch in `\ex254_semantic_e4acc_fp4prod_prodtable_qcase.$proc$/home/b10507053/ALS_Final_Project/student/work/ex250_ex254_frontend_fp4_dot_fma_semantic_20260608_2105/ex254/verilog/ex254_semantic_e4acc_fp4prod_prodtable_qcase.v:2894$35'.
Removing empty process `ex254_semantic_e4acc_fp4prod_prodtable_qcase.$proc$/home/b10507053/ALS_Final_Project/student/work/ex250_ex254_frontend_fp4_dot_fma_semantic_20260608_2105/ex254/verilog/ex254_semantic_e4acc_fp4prod_prodtable_qcase.v:2894$35'.
Found and cleaned up 1 empty switch in `\ex254_semantic_e4acc_fp4prod_prodtable_qcase.$proc$/home/b10507053/ALS_Final_Project/student/work/ex250_ex254_frontend_fp4_dot_fma_semantic_20260608_2105/ex254/verilog/ex254_semantic_e4acc_fp4prod_prodtable_qcase.v:2893$30'.
Removing empty process `ex254_semantic_e4acc_fp4prod_prodtable_qcase.$proc$/home/b10507053/ALS_Final_Project/student/work/ex250_ex254_frontend_fp4_dot_fma_semantic_20260608_2105/ex254/verilog/ex254_semantic_e4acc_fp4prod_prodtable_qcase.v:2893$30'.
Found and cleaned up 1 empty switch in `\ex254_semantic_e4acc_fp4prod_prodtable_qcase.$proc$/home/b10507053/ALS_Final_Project/student/work/ex250_ex254_frontend_fp4_dot_fma_semantic_20260608_2105/ex254/verilog/ex254_semantic_e4acc_fp4prod_prodtable_qcase.v:2893$25'.
Removing empty process `ex254_semantic_e4acc_fp4prod_prodtable_qcase.$proc$/home/b10507053/ALS_Final_Project/student/work/ex250_ex254_frontend_fp4_dot_fma_semantic_20260608_2105/ex254/verilog/ex254_semantic_e4acc_fp4prod_prodtable_qcase.v:2893$25'.
Cleaned up 4 empty switches.

2.2.12. Executing OPT_EXPR pass (perform const folding).
Optimizing module ex254_semantic_e4acc_fp4prod_prodtable_qcase.

2.3. Executing CHECK pass (checking for obvious problems).
Checking module ex254_semantic_e4acc_fp4prod_prodtable_qcase...
Found and reported 0 problems.

2.4. Executing FLATTEN pass (flatten design).

2.5. Executing OPT_EXPR pass (perform const folding).
Optimizing module ex254_semantic_e4acc_fp4prod_prodtable_qcase.

2.6. Executing OPT_CLEAN pass (remove unused cells and wires).
Finding unused cells or wires in module \ex254_semantic_e4acc_fp4prod_prodtable_qcase..
Removed 0 unused cells and 40 unused wires.

2.7. Executing CHECK pass (checking for obvious problems).
Checking module ex254_semantic_e4acc_fp4prod_prodtable_qcase...
Found and reported 0 problems.

2.8. Executing OPT pass (performing simple optimizations).

2.8.1. Executing OPT_EXPR pass (perform const folding).
Optimizing module ex254_semantic_e4acc_fp4prod_prodtable_qcase.

2.8.2. Executing OPT_MERGE pass (detect identical cells).
Finding identical cells in module `\ex254_semantic_e4acc_fp4prod_prodtable_qcase'.
Computing hashes of 2471 cells of `\ex254_semantic_e4acc_fp4prod_prodtable_qcase'.
Finding duplicate cells in `\ex254_semantic_e4acc_fp4prod_prodtable_qcase'.
Removed a total of 0 cells.

2.8.3. Executing OPT_MUXTREE pass (detect dead branches in mux trees).
Running muxtree optimizer on module \ex254_semantic_e4acc_fp4prod_prodtable_qcase..
  Creating internal representation of mux trees.
  Evaluating internal representation of mux trees.
  Analyzing evaluation results.
Removed 0 multiplexer ports.

2.8.4. Executing OPT_REDUCE pass (consolidate $*mux and $reduce_* inputs).
  Optimizing cells in module \ex254_semantic_e4acc_fp4prod_prodtable_qcase.
    New ctrl vector for $pmux cell $procmux$69: { $auto$opt_reduce.cc:135:opt_pmux$2704 $auto$opt_reduce.cc:135:opt_pmux$2702 $auto$opt_reduce.cc:135:opt_pmux$2700 $auto$opt_reduce.cc:135:opt_pmux$2698 $auto$opt_reduce.cc:135:opt_pmux$2696 $auto$opt_reduce.cc:135:opt_pmux$2694 $auto$opt_reduce.cc:135:opt_pmux$2692 $auto$opt_reduce.cc:135:opt_pmux$2690 $auto$opt_reduce.cc:135:opt_pmux$2688 $auto$opt_reduce.cc:135:opt_pmux$2686 $auto$opt_reduce.cc:135:opt_pmux$2684 $auto$opt_reduce.cc:135:opt_pmux$2682 $auto$opt_reduce.cc:135:opt_pmux$2680 $auto$opt_reduce.cc:135:opt_pmux$2678 $auto$opt_reduce.cc:135:opt_pmux$2676 $auto$opt_reduce.cc:135:opt_pmux$2674 $auto$opt_reduce.cc:135:opt_pmux$2672 $auto$opt_reduce.cc:135:opt_pmux$2670 $auto$opt_reduce.cc:135:opt_pmux$2668 $auto$opt_reduce.cc:135:opt_pmux$2666 $auto$opt_reduce.cc:135:opt_pmux$2664 $auto$opt_reduce.cc:135:opt_pmux$2662 $auto$opt_reduce.cc:135:opt_pmux$2660 $auto$opt_reduce.cc:135:opt_pmux$2658 $auto$opt_reduce.cc:135:opt_pmux$2656 $auto$opt_reduce.cc:135:opt_pmux$2654 $auto$opt_reduce.cc:135:opt_pmux$2652 $auto$opt_reduce.cc:135:opt_pmux$2650 $auto$opt_reduce.cc:135:opt_pmux$2648 $auto$opt_reduce.cc:135:opt_pmux$2646 $auto$opt_reduce.cc:135:opt_pmux$2644 $auto$opt_reduce.cc:135:opt_pmux$2642 $auto$opt_reduce.cc:135:opt_pmux$2640 $auto$opt_reduce.cc:135:opt_pmux$2638 $auto$opt_reduce.cc:135:opt_pmux$2636 $auto$opt_reduce.cc:135:opt_pmux$2634 $auto$opt_reduce.cc:135:opt_pmux$2632 $auto$opt_reduce.cc:135:opt_pmux$2630 $auto$opt_reduce.cc:135:opt_pmux$2628 $auto$opt_reduce.cc:135:opt_pmux$2626 $auto$opt_reduce.cc:135:opt_pmux$2624 $auto$opt_reduce.cc:135:opt_pmux$2622 $auto$opt_reduce.cc:135:opt_pmux$2620 $auto$opt_reduce.cc:135:opt_pmux$2618 $auto$opt_reduce.cc:135:opt_pmux$2616 $auto$opt_reduce.cc:135:opt_pmux$2614 $auto$opt_reduce.cc:135:opt_pmux$2612 $auto$opt_reduce.cc:135:opt_pmux$2610 $auto$opt_reduce.cc:135:opt_pmux$2608 $auto$opt_reduce.cc:135:opt_pmux$2606 $auto$opt_reduce.cc:135:opt_pmux$2604 $auto$opt_reduce.cc:135:opt_pmux$2602 $auto$opt_reduce.cc:135:opt_pmux$2600 $auto$opt_reduce.cc:135:opt_pmux$2598 $auto$opt_reduce.cc:135:opt_pmux$2596 $auto$opt_reduce.cc:135:opt_pmux$2594 $auto$opt_reduce.cc:135:opt_pmux$2592 $auto$opt_reduce.cc:135:opt_pmux$2590 $auto$opt_reduce.cc:135:opt_pmux$2588 $auto$opt_reduce.cc:135:opt_pmux$2586 $auto$opt_reduce.cc:135:opt_pmux$2584 $auto$opt_reduce.cc:135:opt_pmux$2582 $auto$opt_reduce.cc:135:opt_pmux$2580 $auto$opt_reduce.cc:135:opt_pmux$2578 $auto$opt_reduce.cc:135:opt_pmux$2576 $auto$opt_reduce.cc:135:opt_pmux$2574 $auto$opt_reduce.cc:135:opt_pmux$2572 $auto$opt_reduce.cc:135:opt_pmux$2570 $auto$opt_reduce.cc:135:opt_pmux$2568 $auto$opt_reduce.cc:135:opt_pmux$2566 $auto$opt_reduce.cc:135:opt_pmux$2564 $auto$opt_reduce.cc:135:opt_pmux$2562 $auto$opt_reduce.cc:135:opt_pmux$2560 $auto$opt_reduce.cc:135:opt_pmux$2558 $auto$opt_reduce.cc:135:opt_pmux$2556 $auto$opt_reduce.cc:135:opt_pmux$2554 $auto$opt_reduce.cc:135:opt_pmux$2552 $auto$opt_reduce.cc:135:opt_pmux$2550 $auto$opt_reduce.cc:135:opt_pmux$2548 $auto$opt_reduce.cc:135:opt_pmux$2546 $auto$opt_reduce.cc:135:opt_pmux$2544 $auto$opt_reduce.cc:135:opt_pmux$2542 $auto$opt_reduce.cc:135:opt_pmux$2540 $auto$opt_reduce.cc:135:opt_pmux$2538 $auto$opt_reduce.cc:135:opt_pmux$2536 $auto$opt_reduce.cc:135:opt_pmux$2534 $auto$opt_reduce.cc:135:opt_pmux$2532 $auto$opt_reduce.cc:135:opt_pmux$2530 $auto$opt_reduce.cc:135:opt_pmux$2528 $auto$opt_reduce.cc:135:opt_pmux$2526 $auto$opt_reduce.cc:135:opt_pmux$2524 $procmux$2478_CMP $auto$opt_reduce.cc:135:opt_pmux$2522 $procmux$2482_CMP $auto$opt_reduce.cc:135:opt_pmux$2520 $procmux$2485_CMP $procmux$2486_CMP $procmux$2487_CMP $procmux$2488_CMP $procmux$2489_CMP $procmux$2490_CMP $procmux$2491_CMP $procmux$2492_CMP $procmux$2493_CMP $procmux$2494_CMP $procmux$2495_CMP $procmux$2496_CMP $procmux$2497_CMP $procmux$2498_CMP $procmux$2499_CMP $procmux$2500_CMP $procmux$2501_CMP $procmux$2502_CMP $procmux$2503_CMP $procmux$2504_CMP $procmux$2505_CMP $procmux$2506_CMP $procmux$2507_CMP $procmux$2508_CMP $procmux$2509_CMP $procmux$2510_CMP $procmux$2511_CMP $procmux$2512_CMP $procmux$2513_CMP $procmux$2514_CMP $procmux$2515_CMP }
  Optimizing cells in module \ex254_semantic_e4acc_fp4prod_prodtable_qcase.
Performed a total of 1 changes.

2.8.5. Executing OPT_MERGE pass (detect identical cells).
Finding identical cells in module `\ex254_semantic_e4acc_fp4prod_prodtable_qcase'.
Computing hashes of 2564 cells of `\ex254_semantic_e4acc_fp4prod_prodtable_qcase'.
Finding duplicate cells in `\ex254_semantic_e4acc_fp4prod_prodtable_qcase'.
Removed a total of 0 cells.

2.8.6. Executing OPT_DFF pass (perform DFF optimizations).

2.8.7. Executing OPT_CLEAN pass (remove unused cells and wires).
Finding unused cells or wires in module \ex254_semantic_e4acc_fp4prod_prodtable_qcase..

2.8.8. Executing OPT_EXPR pass (perform const folding).
Optimizing module ex254_semantic_e4acc_fp4prod_prodtable_qcase.

2.8.9. Rerunning OPT passes. (Maybe there is more to do..)

2.8.10. Executing OPT_MUXTREE pass (detect dead branches in mux trees).
Running muxtree optimizer on module \ex254_semantic_e4acc_fp4prod_prodtable_qcase..
  Creating internal representation of mux trees.
  Evaluating internal representation of mux trees.
  Analyzing evaluation results.
Removed 0 multiplexer ports.

2.8.11. Executing OPT_REDUCE pass (consolidate $*mux and $reduce_* inputs).
  Optimizing cells in module \ex254_semantic_e4acc_fp4prod_prodtable_qcase.
Performed a total of 0 changes.

2.8.12. Executing OPT_MERGE pass (detect identical cells).
Finding identical cells in module `\ex254_semantic_e4acc_fp4prod_prodtable_qcase'.
Computing hashes of 2564 cells of `\ex254_semantic_e4acc_fp4prod_prodtable_qcase'.
Finding duplicate cells in `\ex254_semantic_e4acc_fp4prod_prodtable_qcase'.
Removed a total of 0 cells.

2.8.13. Executing OPT_DFF pass (perform DFF optimizations).

2.8.14. Executing OPT_CLEAN pass (remove unused cells and wires).
Finding unused cells or wires in module \ex254_semantic_e4acc_fp4prod_prodtable_qcase..

2.8.15. Executing OPT_EXPR pass (perform const folding).
Optimizing module ex254_semantic_e4acc_fp4prod_prodtable_qcase.

2.8.16. Finished fast OPT passes. (There is nothing left to do.)

2.9. Executing FSM pass (extract and optimize FSM).

2.9.1. Executing FSM_DETECT pass (finding FSMs in design).

2.9.2. Executing FSM_EXTRACT pass (extracting FSM from design).

2.9.3. Executing FSM_OPT pass (simple optimizations of FSMs).

2.9.4. Executing OPT_CLEAN pass (remove unused cells and wires).
Finding unused cells or wires in module \ex254_semantic_e4acc_fp4prod_prodtable_qcase..

2.9.5. Executing FSM_OPT pass (simple optimizations of FSMs).

2.9.6. Executing FSM_RECODE pass (re-assigning FSM state encoding).

2.9.7. Executing FSM_INFO pass (dumping all available information on FSM cells).

2.9.8. Executing FSM_MAP pass (mapping FSMs to basic logic).

2.10. Executing OPT pass (performing simple optimizations).

2.10.1. Executing OPT_EXPR pass (perform const folding).
Optimizing module ex254_semantic_e4acc_fp4prod_prodtable_qcase.

2.10.2. Executing OPT_MERGE pass (detect identical cells).
Finding identical cells in module `\ex254_semantic_e4acc_fp4prod_prodtable_qcase'.
Computing hashes of 2564 cells of `\ex254_semantic_e4acc_fp4prod_prodtable_qcase'.
Finding duplicate cells in `\ex254_semantic_e4acc_fp4prod_prodtable_qcase'.
Removed a total of 0 cells.

2.10.3. Executing OPT_MUXTREE pass (detect dead branches in mux trees).
Running muxtree optimizer on module \ex254_semantic_e4acc_fp4prod_prodtable_qcase..
  Creating internal representation of mux trees.
  Evaluating internal representation of mux trees.
  Analyzing evaluation results.
Removed 0 multiplexer ports.

2.10.4. Executing OPT_REDUCE pass (consolidate $*mux and $reduce_* inputs).
  Optimizing cells in module \ex254_semantic_e4acc_fp4prod_prodtable_qcase.
Performed a total of 0 changes.

2.10.5. Executing OPT_MERGE pass (detect identical cells).
Finding identical cells in module `\ex254_semantic_e4acc_fp4prod_prodtable_qcase'.
Computing hashes of 2564 cells of `\ex254_semantic_e4acc_fp4prod_prodtable_qcase'.
Finding duplicate cells in `\ex254_semantic_e4acc_fp4prod_prodtable_qcase'.
Removed a total of 0 cells.

2.10.6. Executing OPT_DFF pass (perform DFF optimizations).

2.10.7. Executing OPT_CLEAN pass (remove unused cells and wires).
Finding unused cells or wires in module \ex254_semantic_e4acc_fp4prod_prodtable_qcase..

2.10.8. Executing OPT_EXPR pass (perform const folding).
Optimizing module ex254_semantic_e4acc_fp4prod_prodtable_qcase.

2.10.9. Finished fast OPT passes. (There is nothing left to do.)

2.11. Executing WREDUCE pass (reducing word size of cells).
Removed top 25 address bits (of 32) from memory init port ex254_semantic_e4acc_fp4prod_prodtable_qcase.$auto$mem.cc:351:emit$67 ($auto$proc_rom.cc:155:do_switch$65).
Removed top 25 address bits (of 32) from memory init port ex254_semantic_e4acc_fp4prod_prodtable_qcase.$auto$mem.cc:351:emit$63 ($auto$proc_rom.cc:155:do_switch$61).
Removed top 24 address bits (of 32) from memory init port ex254_semantic_e4acc_fp4prod_prodtable_qcase.$auto$mem.cc:351:emit$59 ($auto$proc_rom.cc:155:do_switch$57).
Converting cell ex254_semantic_e4acc_fp4prod_prodtable_qcase.$neg$/home/b10507053/ALS_Final_Project/student/work/ex250_ex254_frontend_fp4_dot_fma_semantic_20260608_2105/ex254/verilog/ex254_semantic_e4acc_fp4prod_prodtable_qcase.v:2893$11 ($neg) from signed to unsigned.
Removed top 1 bits (of 20) from port A of cell ex254_semantic_e4acc_fp4prod_prodtable_qcase.$neg$/home/b10507053/ALS_Final_Project/student/work/ex250_ex254_frontend_fp4_dot_fma_semantic_20260608_2105/ex254/verilog/ex254_semantic_e4acc_fp4prod_prodtable_qcase.v:2893$11 ($neg).
Removed top 3 bits (of 20) from port B of cell ex254_semantic_e4acc_fp4prod_prodtable_qcase.$add$/home/b10507053/ALS_Final_Project/student/work/ex250_ex254_frontend_fp4_dot_fma_semantic_20260608_2105/ex254/verilog/ex254_semantic_e4acc_fp4prod_prodtable_qcase.v:2896$14 ($add).
Removed top 31 bits (of 32) from port B of cell ex254_semantic_e4acc_fp4prod_prodtable_qcase.$lt$/home/b10507053/ALS_Final_Project/student/work/ex250_ex254_frontend_fp4_dot_fma_semantic_20260608_2105/ex254/verilog/ex254_semantic_e4acc_fp4prod_prodtable_qcase.v:2897$15 ($lt).
Removed top 1 bits (of 20) from port Y of cell ex254_semantic_e4acc_fp4prod_prodtable_qcase.$neg$/home/b10507053/ALS_Final_Project/student/work/ex250_ex254_frontend_fp4_dot_fma_semantic_20260608_2105/ex254/verilog/ex254_semantic_e4acc_fp4prod_prodtable_qcase.v:2898$16 ($neg).
Removed top 1 bits (of 20) from port A of cell ex254_semantic_e4acc_fp4prod_prodtable_qcase.$neg$/home/b10507053/ALS_Final_Project/student/work/ex250_ex254_frontend_fp4_dot_fma_semantic_20260608_2105/ex254/verilog/ex254_semantic_e4acc_fp4prod_prodtable_qcase.v:2898$16 ($neg).
Removed top 1 bits (of 19) from port B of cell ex254_semantic_e4acc_fp4prod_prodtable_qcase.$procmux$70_CMP0 ($eq).
Removed top 1 bits (of 19) from port B of cell ex254_semantic_e4acc_fp4prod_prodtable_qcase.$procmux$71_CMP0 ($eq).
Removed top 1 bits (of 19) from port B of cell ex254_semantic_e4acc_fp4prod_prodtable_qcase.$procmux$72_CMP0 ($eq).
Removed top 1 bits (of 19) from port B of cell ex254_semantic_e4acc_fp4prod_prodtable_qcase.$procmux$73_CMP0 ($eq).
Removed top 1 bits (of 19) from port B of cell ex254_semantic_e4acc_fp4prod_prodtable_qcase.$procmux$74_CMP0 ($eq).
Removed top 1 bits (of 19) from port B of cell ex254_semantic_e4acc_fp4prod_prodtable_qcase.$procmux$75_CMP0 ($eq).
Removed top 1 bits (of 19) from port B of cell ex254_semantic_e4acc_fp4prod_prodtable_qcase.$procmux$76_CMP0 ($eq).
Removed top 1 bits (of 19) from port B of cell ex254_semantic_e4acc_fp4prod_prodtable_qcase.$procmux$77_CMP0 ($eq).
Removed top 1 bits (of 19) from port B of cell ex254_semantic_e4acc_fp4prod_prodtable_qcase.$procmux$78_CMP0 ($eq).
Removed top 1 bits (of 19) from port B of cell ex254_semantic_e4acc_fp4prod_prodtable_qcase.$procmux$79_CMP0 ($eq).
Removed top 1 bits (of 19) from port B of cell ex254_semantic_e4acc_fp4prod_prodtable_qcase.$procmux$80_CMP0 ($eq).
Removed top 1 bits (of 19) from port B of cell ex254_semantic_e4acc_fp4prod_prodtable_qcase.$procmux$81_CMP0 ($eq).
Removed top 1 bits (of 19) from port B of cell ex254_semantic_e4acc_fp4prod_prodtable_qcase.$procmux$82_CMP0 ($eq).
Removed top 1 bits (of 19) from port B of cell ex254_semantic_e4acc_fp4prod_prodtable_qcase.$procmux$83_CMP0 ($eq).
Removed top 1 bits (of 19) from port B of cell ex254_semantic_e4acc_fp4prod_prodtable_qcase.$procmux$84_CMP0 ($eq).
Removed top 1 bits (of 19) from port B of cell ex254_semantic_e4acc_fp4prod_prodtable_qcase.$procmux$85_CMP0 ($eq).
Removed top 1 bits (of 19) from port B of cell ex254_semantic_e4acc_fp4prod_prodtable_qcase.$procmux$86_CMP0 ($eq).
Removed top 1 bits (of 19) from port B of cell ex254_semantic_e4acc_fp4prod_prodtable_qcase.$procmux$87_CMP0 ($eq).
Removed top 1 bits (of 19) from port B of cell ex254_semantic_e4acc_fp4prod_prodtable_qcase.$procmux$88_CMP0 ($eq).
Removed top 1 bits (of 19) from port B of cell ex254_semantic_e4acc_fp4prod_prodtable_qcase.$procmux$89_CMP0 ($eq).
Removed top 1 bits (of 19) from port B of cell ex254_semantic_e4acc_fp4prod_prodtable_qcase.$procmux$90_CMP0 ($eq).
Removed top 1 bits (of 19) from port B of cell ex254_semantic_e4acc_fp4prod_prodtable_qcase.$procmux$91_CMP0 ($eq).
Removed top 1 bits (of 19) from port B of cell ex254_semantic_e4acc_fp4prod_prodtable_qcase.$procmux$92_CMP0 ($eq).
Removed top 1 bits (of 19) from port B of cell ex254_semantic_e4acc_fp4prod_prodtable_qcase.$procmux$93_CMP0 ($eq).
Removed top 1 bits (of 19) from port B of cell ex254_semantic_e4acc_fp4prod_prodtable_qcase.$procmux$94_CMP0 ($eq).
Removed top 1 bits (of 19) from port B of cell ex254_semantic_e4acc_fp4prod_prodtable_qcase.$procmux$95_CMP0 ($eq).
Removed top 1 bits (of 19) from port B of cell ex254_semantic_e4acc_fp4prod_prodtable_qcase.$procmux$96_CMP0 ($eq).
Removed top 1 bits (of 19) from port B of cell ex254_semantic_e4acc_fp4prod_prodtable_qcase.$procmux$97_CMP0 ($eq).
Removed top 1 bits (of 19) from port B of cell ex254_semantic_e4acc_fp4prod_prodtable_qcase.$procmux$98_CMP0 ($eq).
Removed top 1 bits (of 19) from port B of cell ex254_semantic_e4acc_fp4prod_prodtable_qcase.$procmux$99_CMP0 ($eq).
Removed top 1 bits (of 19) from port B of cell ex254_semantic_e4acc_fp4prod_prodtable_qcase.$procmux$100_CMP0 ($eq).
Removed top 1 bits (of 19) from port B of cell ex254_semantic_e4acc_fp4prod_prodtable_qcase.$procmux$101_CMP0 ($eq).
Removed top 1 bits (of 19) from port B of cell ex254_semantic_e4acc_fp4prod_prodtable_qcase.$procmux$102_CMP0 ($eq).
Removed top 1 bits (of 19) from port B of cell ex254_semantic_e4acc_fp4prod_prodtable_qcase.$procmux$103_CMP0 ($eq).
Removed top 1 bits (of 19) from port B of cell ex254_semantic_e4acc_fp4prod_prodtable_qcase.$procmux$104_CMP0 ($eq).
Removed top 1 bits (of 19) from port B of cell ex254_semantic_e4acc_fp4prod_prodtable_qcase.$procmux$105_CMP0 ($eq).
Removed top 1 bits (of 19) from port B of cell ex254_semantic_e4acc_fp4prod_prodtable_qcase.$procmux$106_CMP0 ($eq).
Removed top 1 bits (of 19) from port B of cell ex254_semantic_e4acc_fp4prod_prodtable_qcase.$procmux$107_CMP0 ($eq).
Removed top 1 bits (of 19) from port B of cell ex254_semantic_e4acc_fp4prod_prodtable_qcase.$procmux$108_CMP0 ($eq).
Removed top 1 bits (of 19) from port B of cell ex254_semantic_e4acc_fp4prod_prodtable_qcase.$procmux$109_CMP0 ($eq).
Removed top 1 bits (of 19) from port B of cell ex254_semantic_e4acc_fp4prod_prodtable_qcase.$procmux$110_CMP0 ($eq).
Removed top 1 bits (of 19) from port B of cell ex254_semantic_e4acc_fp4prod_prodtable_qcase.$procmux$111_CMP0 ($eq).
Removed top 1 bits (of 19) from port B of cell ex254_semantic_e4acc_fp4prod_prodtable_qcase.$procmux$112_CMP0 ($eq).
Removed top 1 bits (of 19) from port B of cell ex254_semantic_e4acc_fp4prod_prodtable_qcase.$procmux$113_CMP0 ($eq).
Removed top 1 bits (of 19) from port B of cell ex254_semantic_e4acc_fp4prod_prodtable_qcase.$procmux$114_CMP0 ($eq).
Removed top 1 bits (of 19) from port B of cell ex254_semantic_e4acc_fp4prod_prodtable_qcase.$procmux$115_CMP0 ($eq).
Removed top 1 bits (of 19) from port B of cell ex254_semantic_e4acc_fp4prod_prodtable_qcase.$procmux$116_CMP0 ($eq).
Removed top 1 bits (of 19) from port B of cell ex254_semantic_e4acc_fp4prod_prodtable_qcase.$procmux$117_CMP0 ($eq).
Removed top 1 bits (of 19) from port B of cell ex254_semantic_e4acc_fp4prod_prodtable_qcase.$procmux$118_CMP0 ($eq).
Removed top 1 bits (of 19) from port B of cell ex254_semantic_e4acc_fp4prod_prodtable_qcase.$procmux$119_CMP0 ($eq).
Removed top 1 bits (of 19) from port B of cell ex254_semantic_e4acc_fp4prod_prodtable_qcase.$procmux$120_CMP0 ($eq).
Removed top 1 bits (of 19) from port B of cell ex254_semantic_e4acc_fp4prod_prodtable_qcase.$procmux$121_CMP0 ($eq).
Removed top 1 bits (of 19) from port B of cell ex254_semantic_e4acc_fp4prod_prodtable_qcase.$procmux$122_CMP0 ($eq).
Removed top 1 bits (of 19) from port B of cell ex254_semantic_e4acc_fp4prod_prodtable_qcase.$procmux$123_CMP0 ($eq).
Removed top 1 bits (of 19) from port B of cell ex254_semantic_e4acc_fp4prod_prodtable_qcase.$procmux$124_CMP0 ($eq).
Removed top 1 bits (of 19) from port B of cell ex254_semantic_e4acc_fp4prod_prodtable_qcase.$procmux$125_CMP0 ($eq).
Removed top 1 bits (of 19) from port B of cell ex254_semantic_e4acc_fp4prod_prodtable_qcase.$procmux$126_CMP0 ($eq).
Removed top 1 bits (of 19) from port B of cell ex254_semantic_e4acc_fp4prod_prodtable_qcase.$procmux$127_CMP0 ($eq).
Removed top 1 bits (of 19) from port B of cell ex254_semantic_e4acc_fp4prod_prodtable_qcase.$procmux$128_CMP0 ($eq).
Removed top 1 bits (of 19) from port B of cell ex254_semantic_e4acc_fp4prod_prodtable_qcase.$procmux$129_CMP0 ($eq).
Removed top 1 bits (of 19) from port B of cell ex254_semantic_e4acc_fp4prod_prodtable_qcase.$procmux$130_CMP0 ($eq).
Removed top 1 bits (of 19) from port B of cell ex254_semantic_e4acc_fp4prod_prodtable_qcase.$procmux$131_CMP0 ($eq).
Removed top 1 bits (of 19) from port B of cell ex254_semantic_e4acc_fp4prod_prodtable_qcase.$procmux$132_CMP0 ($eq).
Removed top 1 bits (of 19) from port B of cell ex254_semantic_e4acc_fp4prod_prodtable_qcase.$procmux$133_CMP0 ($eq).
Removed top 1 bits (of 19) from port B of cell ex254_semantic_e4acc_fp4prod_prodtable_qcase.$procmux$134_CMP0 ($eq).
Removed top 1 bits (of 19) from port B of cell ex254_semantic_e4acc_fp4prod_prodtable_qcase.$procmux$135_CMP0 ($eq).
Removed top 1 bits (of 19) from port B of cell ex254_semantic_e4acc_fp4prod_prodtable_qcase.$procmux$136_CMP0 ($eq).
Removed top 1 bits (of 19) from port B of cell ex254_semantic_e4acc_fp4prod_prodtable_qcase.$procmux$137_CMP0 ($eq).
Removed top 1 bits (of 19) from port B of cell ex254_semantic_e4acc_fp4prod_prodtable_qcase.$procmux$138_CMP0 ($eq).
Removed top 1 bits (of 19) from port B of cell ex254_semantic_e4acc_fp4prod_prodtable_qcase.$procmux$139_CMP0 ($eq).
Removed top 1 bits (of 19) from port B of cell ex254_semantic_e4acc_fp4prod_prodtable_qcase.$procmux$140_CMP0 ($eq).
Removed top 1 bits (of 19) from port B of cell ex254_semantic_e4acc_fp4prod_prodtable_qcase.$procmux$141_CMP0 ($eq).
Removed top 1 bits (of 19) from port B of cell ex254_semantic_e4acc_fp4prod_prodtable_qcase.$procmux$142_CMP0 ($eq).
Removed top 1 bits (of 19) from port B of cell ex254_semantic_e4acc_fp4prod_prodtable_qcase.$procmux$143_CMP0 ($eq).
Removed top 1 bits (of 19) from port B of cell ex254_semantic_e4acc_fp4prod_prodtable_qcase.$procmux$144_CMP0 ($eq).
Removed top 1 bits (of 19) from port B of cell ex254_semantic_e4acc_fp4prod_prodtable_qcase.$procmux$145_CMP0 ($eq).
Removed top 1 bits (of 19) from port B of cell ex254_semantic_e4acc_fp4prod_prodtable_qcase.$procmux$146_CMP0 ($eq).
Removed top 1 bits (of 19) from port B of cell ex254_semantic_e4acc_fp4prod_prodtable_qcase.$procmux$147_CMP0 ($eq).
Removed top 1 bits (of 19) from port B of cell ex254_semantic_e4acc_fp4prod_prodtable_qcase.$procmux$148_CMP0 ($eq).
Removed top 1 bits (of 19) from port B of cell ex254_semantic_e4acc_fp4prod_prodtable_qcase.$procmux$149_CMP0 ($eq).
Removed top 1 bits (of 19) from port B of cell ex254_semantic_e4acc_fp4prod_prodtable_qcase.$procmux$150_CMP0 ($eq).
Removed top 1 bits (of 19) from port B of cell ex254_semantic_e4acc_fp4prod_prodtable_qcase.$procmux$151_CMP0 ($eq).
Removed top 1 bits (of 19) from port B of cell ex254_semantic_e4acc_fp4prod_prodtable_qcase.$procmux$152_CMP0 ($eq).
Removed top 1 bits (of 19) from port B of cell ex254_semantic_e4acc_fp4prod_prodtable_qcase.$procmux$153_CMP0 ($eq).
Removed top 1 bits (of 19) from port B of cell ex254_semantic_e4acc_fp4prod_prodtable_qcase.$procmux$154_CMP0 ($eq).
Removed top 1 bits (of 19) from port B of cell ex254_semantic_e4acc_fp4prod_prodtable_qcase.$procmux$155_CMP0 ($eq).
Removed top 1 bits (of 19) from port B of cell ex254_semantic_e4acc_fp4prod_prodtable_qcase.$procmux$156_CMP0 ($eq).
Removed top 1 bits (of 19) from port B of cell ex254_semantic_e4acc_fp4prod_prodtable_qcase.$procmux$157_CMP0 ($eq).
Removed top 1 bits (of 19) from port B of cell ex254_semantic_e4acc_fp4prod_prodtable_qcase.$procmux$158_CMP0 ($eq).
Removed top 1 bits (of 19) from port B of cell ex254_semantic_e4acc_fp4prod_prodtable_qcase.$procmux$159_CMP0 ($eq).
Removed top 1 bits (of 19) from port B of cell ex254_semantic_e4acc_fp4prod_prodtable_qcase.$procmux$160_CMP0 ($eq).
Removed top 1 bits (of 19) from port B of cell ex254_semantic_e4acc_fp4prod_prodtable_qcase.$procmux$161_CMP0 ($eq).
Removed top 1 bits (of 19) from port B of cell ex254_semantic_e4acc_fp4prod_prodtable_qcase.$procmux$162_CMP0 ($eq).
Removed top 1 bits (of 19) from port B of cell ex254_semantic_e4acc_fp4prod_prodtable_qcase.$procmux$163_CMP0 ($eq).
Removed top 1 bits (of 19) from port B of cell ex254_semantic_e4acc_fp4prod_prodtable_qcase.$procmux$164_CMP0 ($eq).
Removed top 1 bits (of 19) from port B of cell ex254_semantic_e4acc_fp4prod_prodtable_qcase.$procmux$165_CMP0 ($eq).
Removed top 1 bits (of 19) from port B of cell ex254_semantic_e4acc_fp4prod_prodtable_qcase.$procmux$166_CMP0 ($eq).
Removed top 1 bits (of 19) from port B of cell ex254_semantic_e4acc_fp4prod_prodtable_qcase.$procmux$167_CMP0 ($eq).
Removed top 1 bits (of 19) from port B of cell ex254_semantic_e4acc_fp4prod_prodtable_qcase.$procmux$168_CMP0 ($eq).
Removed top 1 bits (of 19) from port B of cell ex254_semantic_e4acc_fp4prod_prodtable_qcase.$procmux$169_CMP0 ($eq).
Removed top 1 bits (of 19) from port B of cell ex254_semantic_e4acc_fp4prod_prodtable_qcase.$procmux$170_CMP0 ($eq).
Removed top 1 bits (of 19) from port B of cell ex254_semantic_e4acc_fp4prod_prodtable_qcase.$procmux$171_CMP0 ($eq).
Removed top 1 bits (of 19) from port B of cell ex254_semantic_e4acc_fp4prod_prodtable_qcase.$procmux$172_CMP0 ($eq).
Removed top 1 bits (of 19) from port B of cell ex254_semantic_e4acc_fp4prod_prodtable_qcase.$procmux$173_CMP0 ($eq).
Removed top 1 bits (of 19) from port B of cell ex254_semantic_e4acc_fp4prod_prodtable_qcase.$procmux$174_CMP0 ($eq).
Removed top 1 bits (of 19) from port B of cell ex254_semantic_e4acc_fp4prod_prodtable_qcase.$procmux$175_CMP0 ($eq).
Removed top 1 bits (of 19) from port B of cell ex254_semantic_e4acc_fp4prod_prodtable_qcase.$procmux$176_CMP0 ($eq).
Removed top 1 bits (of 19) from port B of cell ex254_semantic_e4acc_fp4prod_prodtable_qcase.$procmux$177_CMP0 ($eq).
Removed top 1 bits (of 19) from port B of cell ex254_semantic_e4acc_fp4prod_prodtable_qcase.$procmux$178_CMP0 ($eq).
Removed top 1 bits (of 19) from port B of cell ex254_semantic_e4acc_fp4prod_prodtable_qcase.$procmux$179_CMP0 ($eq).
Removed top 1 bits (of 19) from port B of cell ex254_semantic_e4acc_fp4prod_prodtable_qcase.$procmux$180_CMP0 ($eq).
Removed top 1 bits (of 19) from port B of cell ex254_semantic_e4acc_fp4prod_prodtable_qcase.$procmux$181_CMP0 ($eq).
Removed top 1 bits (of 19) from port B of cell ex254_semantic_e4acc_fp4prod_prodtable_qcase.$procmux$182_CMP0 ($eq).
Removed top 1 bits (of 19) from port B of cell ex254_semantic_e4acc_fp4prod_prodtable_qcase.$procmux$183_CMP0 ($eq).
Removed top 1 bits (of 19) from port B of cell ex254_semantic_e4acc_fp4prod_prodtable_qcase.$procmux$184_CMP0 ($eq).
Removed top 1 bits (of 19) from port B of cell ex254_semantic_e4acc_fp4prod_prodtable_qcase.$procmux$185_CMP0 ($eq).
Removed top 1 bits (of 19) from port B of cell ex254_semantic_e4acc_fp4prod_prodtable_qcase.$procmux$186_CMP0 ($eq).
Removed top 1 bits (of 19) from port B of cell ex254_semantic_e4acc_fp4prod_prodtable_qcase.$procmux$187_CMP0 ($eq).
Removed top 1 bits (of 19) from port B of cell ex254_semantic_e4acc_fp4prod_prodtable_qcase.$procmux$188_CMP0 ($eq).
Removed top 1 bits (of 19) from port B of cell ex254_semantic_e4acc_fp4prod_prodtable_qcase.$procmux$189_CMP0 ($eq).
Removed top 1 bits (of 19) from port B of cell ex254_semantic_e4acc_fp4prod_prodtable_qcase.$procmux$190_CMP0 ($eq).
Removed top 1 bits (of 19) from port B of cell ex254_semantic_e4acc_fp4prod_prodtable_qcase.$procmux$191_CMP0 ($eq).
Removed top 1 bits (of 19) from port B of cell ex254_semantic_e4acc_fp4prod_prodtable_qcase.$procmux$192_CMP0 ($eq).
Removed top 1 bits (of 19) from port B of cell ex254_semantic_e4acc_fp4prod_prodtable_qcase.$procmux$193_CMP0 ($eq).
Removed top 1 bits (of 19) from port B of cell ex254_semantic_e4acc_fp4prod_prodtable_qcase.$procmux$194_CMP0 ($eq).
Removed top 1 bits (of 19) from port B of cell ex254_semantic_e4acc_fp4prod_prodtable_qcase.$procmux$195_CMP0 ($eq).
Removed top 1 bits (of 19) from port B of cell ex254_semantic_e4acc_fp4prod_prodtable_qcase.$procmux$196_CMP0 ($eq).
Removed top 1 bits (of 19) from port B of cell ex254_semantic_e4acc_fp4prod_prodtable_qcase.$procmux$197_CMP0 ($eq).
Removed top 1 bits (of 19) from port B of cell ex254_semantic_e4acc_fp4prod_prodtable_qcase.$procmux$198_CMP0 ($eq).
Removed top 1 bits (of 19) from port B of cell ex254_semantic_e4acc_fp4prod_prodtable_qcase.$procmux$199_CMP0 ($eq).
Removed top 1 bits (of 19) from port B of cell ex254_semantic_e4acc_fp4prod_prodtable_qcase.$procmux$200_CMP0 ($eq).
Removed top 1 bits (of 19) from port B of cell ex254_semantic_e4acc_fp4prod_prodtable_qcase.$procmux$201_CMP0 ($eq).
Removed top 1 bits (of 19) from port B of cell ex254_semantic_e4acc_fp4prod_prodtable_qcase.$procmux$202_CMP0 ($eq).
Removed top 1 bits (of 19) from port B of cell ex254_semantic_e4acc_fp4prod_prodtable_qcase.$procmux$203_CMP0 ($eq).
Removed top 1 bits (of 19) from port B of cell ex254_semantic_e4acc_fp4prod_prodtable_qcase.$procmux$204_CMP0 ($eq).
Removed top 1 bits (of 19) from port B of cell ex254_semantic_e4acc_fp4prod_prodtable_qcase.$procmux$205_CMP0 ($eq).
Removed top 1 bits (of 19) from port B of cell ex254_semantic_e4acc_fp4prod_prodtable_qcase.$procmux$206_CMP0 ($eq).
Removed top 1 bits (of 19) from port B of cell ex254_semantic_e4acc_fp4prod_prodtable_qcase.$procmux$207_CMP0 ($eq).
Removed top 1 bits (of 19) from port B of cell ex254_semantic_e4acc_fp4prod_prodtable_qcase.$procmux$208_CMP0 ($eq).
Removed top 1 bits (of 19) from port B of cell ex254_semantic_e4acc_fp4prod_prodtable_qcase.$procmux$209_CMP0 ($eq).
Removed top 1 bits (of 19) from port B of cell ex254_semantic_e4acc_fp4prod_prodtable_qcase.$procmux$210_CMP0 ($eq).
Removed top 1 bits (of 19) from port B of cell ex254_semantic_e4acc_fp4prod_prodtable_qcase.$procmux$211_CMP0 ($eq).
Removed top 1 bits (of 19) from port B of cell ex254_semantic_e4acc_fp4prod_prodtable_qcase.$procmux$212_CMP0 ($eq).
Removed top 1 bits (of 19) from port B of cell ex254_semantic_e4acc_fp4prod_prodtable_qcase.$procmux$213_CMP0 ($eq).
Removed top 1 bits (of 19) from port B of cell ex254_semantic_e4acc_fp4prod_prodtable_qcase.$procmux$214_CMP0 ($eq).
Removed top 1 bits (of 19) from port B of cell ex254_semantic_e4acc_fp4prod_prodtable_qcase.$procmux$215_CMP0 ($eq).
Removed top 1 bits (of 19) from port B of cell ex254_semantic_e4acc_fp4prod_prodtable_qcase.$procmux$216_CMP0 ($eq).
Removed top 1 bits (of 19) from port B of cell ex254_semantic_e4acc_fp4prod_prodtable_qcase.$procmux$217_CMP0 ($eq).
Removed top 1 bits (of 19) from port B of cell ex254_semantic_e4acc_fp4prod_prodtable_qcase.$procmux$218_CMP0 ($eq).
Removed top 1 bits (of 19) from port B of cell ex254_semantic_e4acc_fp4prod_prodtable_qcase.$procmux$219_CMP0 ($eq).
Removed top 1 bits (of 19) from port B of cell ex254_semantic_e4acc_fp4prod_prodtable_qcase.$procmux$220_CMP0 ($eq).
Removed top 1 bits (of 19) from port B of cell ex254_semantic_e4acc_fp4prod_prodtable_qcase.$procmux$221_CMP0 ($eq).
Removed top 1 bits (of 19) from port B of cell ex254_semantic_e4acc_fp4prod_prodtable_qcase.$procmux$222_CMP0 ($eq).
Removed top 1 bits (of 19) from port B of cell ex254_semantic_e4acc_fp4prod_prodtable_qcase.$procmux$223_CMP0 ($eq).
Removed top 1 bits (of 19) from port B of cell ex254_semantic_e4acc_fp4prod_prodtable_qcase.$procmux$224_CMP0 ($eq).
Removed top 1 bits (of 19) from port B of cell ex254_semantic_e4acc_fp4prod_prodtable_qcase.$procmux$225_CMP0 ($eq).
Removed top 1 bits (of 19) from port B of cell ex254_semantic_e4acc_fp4prod_prodtable_qcase.$procmux$226_CMP0 ($eq).
Removed top 1 bits (of 19) from port B of cell ex254_semantic_e4acc_fp4prod_prodtable_qcase.$procmux$227_CMP0 ($eq).
Removed top 1 bits (of 19) from port B of cell ex254_semantic_e4acc_fp4prod_prodtable_qcase.$procmux$228_CMP0 ($eq).
Removed top 1 bits (of 19) from port B of cell ex254_semantic_e4acc_fp4prod_prodtable_qcase.$procmux$229_CMP0 ($eq).
Removed top 1 bits (of 19) from port B of cell ex254_semantic_e4acc_fp4prod_prodtable_qcase.$procmux$230_CMP0 ($eq).
Removed top 1 bits (of 19) from port B of cell ex254_semantic_e4acc_fp4prod_prodtable_qcase.$procmux$231_CMP0 ($eq).
Removed top 1 bits (of 19) from port B of cell ex254_semantic_e4acc_fp4prod_prodtable_qcase.$procmux$232_CMP0 ($eq).
Removed top 1 bits (of 19) from port B of cell ex254_semantic_e4acc_fp4prod_prodtable_qcase.$procmux$233_CMP0 ($eq).
Removed top 1 bits (of 19) from port B of cell ex254_semantic_e4acc_fp4prod_prodtable_qcase.$procmux$234_CMP0 ($eq).
Removed top 1 bits (of 19) from port B of cell ex254_semantic_e4acc_fp4prod_prodtable_qcase.$procmux$235_CMP0 ($eq).
Removed top 1 bits (of 19) from port B of cell ex254_semantic_e4acc_fp4prod_prodtable_qcase.$procmux$236_CMP0 ($eq).
Removed top 1 bits (of 19) from port B of cell ex254_semantic_e4acc_fp4prod_prodtable_qcase.$procmux$237_CMP0 ($eq).
Removed top 1 bits (of 19) from port B of cell ex254_semantic_e4acc_fp4prod_prodtable_qcase.$procmux$238_CMP0 ($eq).
Removed top 1 bits (of 19) from port B of cell ex254_semantic_e4acc_fp4prod_prodtable_qcase.$procmux$239_CMP0 ($eq).
Removed top 1 bits (of 19) from port B of cell ex254_semantic_e4acc_fp4prod_prodtable_qcase.$procmux$240_CMP0 ($eq).
Removed top 1 bits (of 19) from port B of cell ex254_semantic_e4acc_fp4prod_prodtable_qcase.$procmux$241_CMP0 ($eq).
Removed top 1 bits (of 19) from port B of cell ex254_semantic_e4acc_fp4prod_prodtable_qcase.$procmux$242_CMP0 ($eq).
Removed top 1 bits (of 19) from port B of cell ex254_semantic_e4acc_fp4prod_prodtable_qcase.$procmux$243_CMP0 ($eq).
Removed top 1 bits (of 19) from port B of cell ex254_semantic_e4acc_fp4prod_prodtable_qcase.$procmux$244_CMP0 ($eq).
Removed top 1 bits (of 19) from port B of cell ex254_semantic_e4acc_fp4prod_prodtable_qcase.$procmux$245_CMP0 ($eq).
Removed top 1 bits (of 19) from port B of cell ex254_semantic_e4acc_fp4prod_prodtable_qcase.$procmux$246_CMP0 ($eq).
Removed top 1 bits (of 19) from port B of cell ex254_semantic_e4acc_fp4prod_prodtable_qcase.$procmux$247_CMP0 ($eq).
Removed top 1 bits (of 19) from port B of cell ex254_semantic_e4acc_fp4prod_prodtable_qcase.$procmux$248_CMP0 ($eq).
Removed top 1 bits (of 19) from port B of cell ex254_semantic_e4acc_fp4prod_prodtable_qcase.$procmux$249_CMP0 ($eq).
Removed top 1 bits (of 19) from port B of cell ex254_semantic_e4acc_fp4prod_prodtable_qcase.$procmux$250_CMP0 ($eq).
Removed top 1 bits (of 19) from port B of cell ex254_semantic_e4acc_fp4prod_prodtable_qcase.$procmux$251_CMP0 ($eq).
Removed top 1 bits (of 19) from port B of cell ex254_semantic_e4acc_fp4prod_prodtable_qcase.$procmux$252_CMP0 ($eq).
Removed top 1 bits (of 19) from port B of cell ex254_semantic_e4acc_fp4prod_prodtable_qcase.$procmux$253_CMP0 ($eq).
Removed top 1 bits (of 19) from port B of cell ex254_semantic_e4acc_fp4prod_prodtable_qcase.$procmux$254_CMP0 ($eq).
Removed top 1 bits (of 19) from port B of cell ex254_semantic_e4acc_fp4prod_prodtable_qcase.$procmux$255_CMP0 ($eq).
Removed top 1 bits (of 19) from port B of cell ex254_semantic_e4acc_fp4prod_prodtable_qcase.$procmux$256_CMP0 ($eq).
Removed top 1 bits (of 19) from port B of cell ex254_semantic_e4acc_fp4prod_prodtable_qcase.$procmux$257_CMP0 ($eq).
Removed top 1 bits (of 19) from port B of cell ex254_semantic_e4acc_fp4prod_prodtable_qcase.$procmux$258_CMP0 ($eq).
Removed top 1 bits (of 19) from port B of cell ex254_semantic_e4acc_fp4prod_prodtable_qcase.$procmux$259_CMP0 ($eq).
Removed top 1 bits (of 19) from port B of cell ex254_semantic_e4acc_fp4prod_prodtable_qcase.$procmux$260_CMP0 ($eq).
Removed top 1 bits (of 19) from port B of cell ex254_semantic_e4acc_fp4prod_prodtable_qcase.$procmux$261_CMP0 ($eq).
Removed top 1 bits (of 19) from port B of cell ex254_semantic_e4acc_fp4prod_prodtable_qcase.$procmux$262_CMP0 ($eq).
Removed top 1 bits (of 19) from port B of cell ex254_semantic_e4acc_fp4prod_prodtable_qcase.$procmux$263_CMP0 ($eq).
Removed top 1 bits (of 19) from port B of cell ex254_semantic_e4acc_fp4prod_prodtable_qcase.$procmux$264_CMP0 ($eq).
Removed top 1 bits (of 19) from port B of cell ex254_semantic_e4acc_fp4prod_prodtable_qcase.$procmux$265_CMP0 ($eq).
Removed top 1 bits (of 19) from port B of cell ex254_semantic_e4acc_fp4prod_prodtable_qcase.$procmux$266_CMP0 ($eq).
Removed top 1 bits (of 19) from port B of cell ex254_semantic_e4acc_fp4prod_prodtable_qcase.$procmux$267_CMP0 ($eq).
Removed top 1 bits (of 19) from port B of cell ex254_semantic_e4acc_fp4prod_prodtable_qcase.$procmux$268_CMP0 ($eq).
Removed top 1 bits (of 19) from port B of cell ex254_semantic_e4acc_fp4prod_prodtable_qcase.$procmux$269_CMP0 ($eq).
Removed top 1 bits (of 19) from port B of cell ex254_semantic_e4acc_fp4prod_prodtable_qcase.$procmux$270_CMP0 ($eq).
Removed top 1 bits (of 19) from port B of cell ex254_semantic_e4acc_fp4prod_prodtable_qcase.$procmux$271_CMP0 ($eq).
Removed top 1 bits (of 19) from port B of cell ex254_semantic_e4acc_fp4prod_prodtable_qcase.$procmux$272_CMP0 ($eq).
Removed top 1 bits (of 19) from port B of cell ex254_semantic_e4acc_fp4prod_prodtable_qcase.$procmux$273_CMP0 ($eq).
Removed top 1 bits (of 19) from port B of cell ex254_semantic_e4acc_fp4prod_prodtable_qcase.$procmux$274_CMP0 ($eq).
Removed top 1 bits (of 19) from port B of cell ex254_semantic_e4acc_fp4prod_prodtable_qcase.$procmux$275_CMP0 ($eq).
Removed top 1 bits (of 19) from port B of cell ex254_semantic_e4acc_fp4prod_prodtable_qcase.$procmux$276_CMP0 ($eq).
Removed top 1 bits (of 19) from port B of cell ex254_semantic_e4acc_fp4prod_prodtable_qcase.$procmux$277_CMP0 ($eq).
Removed top 1 bits (of 19) from port B of cell ex254_semantic_e4acc_fp4prod_prodtable_qcase.$procmux$278_CMP0 ($eq).
Removed top 1 bits (of 19) from port B of cell ex254_semantic_e4acc_fp4prod_prodtable_qcase.$procmux$279_CMP0 ($eq).
Removed top 1 bits (of 19) from port B of cell ex254_semantic_e4acc_fp4prod_prodtable_qcase.$procmux$280_CMP0 ($eq).
Removed top 2 bits (of 19) from port B of cell ex254_semantic_e4acc_fp4prod_prodtable_qcase.$procmux$281_CMP0 ($eq).
Removed top 2 bits (of 19) from port B of cell ex254_semantic_e4acc_fp4prod_prodtable_qcase.$procmux$282_CMP0 ($eq).
Removed top 2 bits (of 19) from port B of cell ex254_semantic_e4acc_fp4prod_prodtable_qcase.$procmux$283_CMP0 ($eq).
Removed top 2 bits (of 19) from port B of cell ex254_semantic_e4acc_fp4prod_prodtable_qcase.$procmux$284_CMP0 ($eq).
Removed top 2 bits (of 19) from port B of cell ex254_semantic_e4acc_fp4prod_prodtable_qcase.$procmux$285_CMP0 ($eq).
Removed top 2 bits (of 19) from port B of cell ex254_semantic_e4acc_fp4prod_prodtable_qcase.$procmux$286_CMP0 ($eq).
Removed top 2 bits (of 19) from port B of cell ex254_semantic_e4acc_fp4prod_prodtable_qcase.$procmux$287_CMP0 ($eq).
Removed top 2 bits (of 19) from port B of cell ex254_semantic_e4acc_fp4prod_prodtable_qcase.$procmux$288_CMP0 ($eq).
Removed top 2 bits (of 19) from port B of cell ex254_semantic_e4acc_fp4prod_prodtable_qcase.$procmux$289_CMP0 ($eq).
Removed top 2 bits (of 19) from port B of cell ex254_semantic_e4acc_fp4prod_prodtable_qcase.$procmux$290_CMP0 ($eq).
Removed top 2 bits (of 19) from port B of cell ex254_semantic_e4acc_fp4prod_prodtable_qcase.$procmux$291_CMP0 ($eq).
Removed top 2 bits (of 19) from port B of cell ex254_semantic_e4acc_fp4prod_prodtable_qcase.$procmux$292_CMP0 ($eq).
Removed top 2 bits (of 19) from port B of cell ex254_semantic_e4acc_fp4prod_prodtable_qcase.$procmux$293_CMP0 ($eq).
Removed top 2 bits (of 19) from port B of cell ex254_semantic_e4acc_fp4prod_prodtable_qcase.$procmux$294_CMP0 ($eq).
Removed top 2 bits (of 19) from port B of cell ex254_semantic_e4acc_fp4prod_prodtable_qcase.$procmux$295_CMP0 ($eq).
Removed top 2 bits (of 19) from port B of cell ex254_semantic_e4acc_fp4prod_prodtable_qcase.$procmux$296_CMP0 ($eq).
Removed top 2 bits (of 19) from port B of cell ex254_semantic_e4acc_fp4prod_prodtable_qcase.$procmux$297_CMP0 ($eq).
Removed top 2 bits (of 19) from port B of cell ex254_semantic_e4acc_fp4prod_prodtable_qcase.$procmux$298_CMP0 ($eq).
Removed top 2 bits (of 19) from port B of cell ex254_semantic_e4acc_fp4prod_prodtable_qcase.$procmux$299_CMP0 ($eq).
Removed top 2 bits (of 19) from port B of cell ex254_semantic_e4acc_fp4prod_prodtable_qcase.$procmux$300_CMP0 ($eq).
Removed top 2 bits (of 19) from port B of cell ex254_semantic_e4acc_fp4prod_prodtable_qcase.$procmux$301_CMP0 ($eq).
Removed top 2 bits (of 19) from port B of cell ex254_semantic_e4acc_fp4prod_prodtable_qcase.$procmux$302_CMP0 ($eq).
Removed top 2 bits (of 19) from port B of cell ex254_semantic_e4acc_fp4prod_prodtable_qcase.$procmux$303_CMP0 ($eq).
Removed top 2 bits (of 19) from port B of cell ex254_semantic_e4acc_fp4prod_prodtable_qcase.$procmux$304_CMP0 ($eq).
Removed top 2 bits (of 19) from port B of cell ex254_semantic_e4acc_fp4prod_prodtable_qcase.$procmux$305_CMP0 ($eq).
Removed top 2 bits (of 19) from port B of cell ex254_semantic_e4acc_fp4prod_prodtable_qcase.$procmux$306_CMP0 ($eq).
Removed top 2 bits (of 19) from port B of cell ex254_semantic_e4acc_fp4prod_prodtable_qcase.$procmux$307_CMP0 ($eq).
Removed top 2 bits (of 19) from port B of cell ex254_semantic_e4acc_fp4prod_prodtable_qcase.$procmux$308_CMP0 ($eq).
Removed top 2 bits (of 19) from port B of cell ex254_semantic_e4acc_fp4prod_prodtable_qcase.$procmux$309_CMP0 ($eq).
Removed top 2 bits (of 19) from port B of cell ex254_semantic_e4acc_fp4prod_prodtable_qcase.$procmux$310_CMP0 ($eq).
Removed top 2 bits (of 19) from port B of cell ex254_semantic_e4acc_fp4prod_prodtable_qcase.$procmux$311_CMP0 ($eq).
Removed top 2 bits (of 19) from port B of cell ex254_semantic_e4acc_fp4prod_prodtable_qcase.$procmux$312_CMP0 ($eq).
Removed top 2 bits (of 19) from port B of cell ex254_semantic_e4acc_fp4prod_prodtable_qcase.$procmux$313_CMP0 ($eq).
Removed top 2 bits (of 19) from port B of cell ex254_semantic_e4acc_fp4prod_prodtable_qcase.$procmux$314_CMP0 ($eq).
Removed top 2 bits (of 19) from port B of cell ex254_semantic_e4acc_fp4prod_prodtable_qcase.$procmux$315_CMP0 ($eq).
Removed top 2 bits (of 19) from port B of cell ex254_semantic_e4acc_fp4prod_prodtable_qcase.$procmux$316_CMP0 ($eq).
Removed top 2 bits (of 19) from port B of cell ex254_semantic_e4acc_fp4prod_prodtable_qcase.$procmux$317_CMP0 ($eq).
Removed top 2 bits (of 19) from port B of cell ex254_semantic_e4acc_fp4prod_prodtable_qcase.$procmux$318_CMP0 ($eq).
Removed top 2 bits (of 19) from port B of cell ex254_semantic_e4acc_fp4prod_prodtable_qcase.$procmux$319_CMP0 ($eq).
Removed top 2 bits (of 19) from port B of cell ex254_semantic_e4acc_fp4prod_prodtable_qcase.$procmux$320_CMP0 ($eq).
Removed top 2 bits (of 19) from port B of cell ex254_semantic_e4acc_fp4prod_prodtable_qcase.$procmux$321_CMP0 ($eq).
Removed top 2 bits (of 19) from port B of cell ex254_semantic_e4acc_fp4prod_prodtable_qcase.$procmux$322_CMP0 ($eq).
Removed top 2 bits (of 19) from port B of cell ex254_semantic_e4acc_fp4prod_prodtable_qcase.$procmux$323_CMP0 ($eq).
Removed top 2 bits (of 19) from port B of cell ex254_semantic_e4acc_fp4prod_prodtable_qcase.$procmux$324_CMP0 ($eq).
Removed top 2 bits (of 19) from port B of cell ex254_semantic_e4acc_fp4prod_prodtable_qcase.$procmux$325_CMP0 ($eq).
Removed top 2 bits (of 19) from port B of cell ex254_semantic_e4acc_fp4prod_prodtable_qcase.$procmux$326_CMP0 ($eq).
Removed top 2 bits (of 19) from port B of cell ex254_semantic_e4acc_fp4prod_prodtable_qcase.$procmux$327_CMP0 ($eq).
Removed top 2 bits (of 19) from port B of cell ex254_semantic_e4acc_fp4prod_prodtable_qcase.$procmux$328_CMP0 ($eq).
Removed top 2 bits (of 19) from port B of cell ex254_semantic_e4acc_fp4prod_prodtable_qcase.$procmux$329_CMP0 ($eq).
Removed top 2 bits (of 19) from port B of cell ex254_semantic_e4acc_fp4prod_prodtable_qcase.$procmux$330_CMP0 ($eq).
Removed top 2 bits (of 19) from port B of cell ex254_semantic_e4acc_fp4prod_prodtable_qcase.$procmux$331_CMP0 ($eq).
Removed top 2 bits (of 19) from port B of cell ex254_semantic_e4acc_fp4prod_prodtable_qcase.$procmux$332_CMP0 ($eq).
Removed top 2 bits (of 19) from port B of cell ex254_semantic_e4acc_fp4prod_prodtable_qcase.$procmux$333_CMP0 ($eq).
Removed top 2 bits (of 19) from port B of cell ex254_semantic_e4acc_fp4prod_prodtable_qcase.$procmux$334_CMP0 ($eq).
Removed top 2 bits (of 19) from port B of cell ex254_semantic_e4acc_fp4prod_prodtable_qcase.$procmux$335_CMP0 ($eq).
Removed top 2 bits (of 19) from port B of cell ex254_semantic_e4acc_fp4prod_prodtable_qcase.$procmux$336_CMP0 ($eq).
Removed top 2 bits (of 19) from port B of cell ex254_semantic_e4acc_fp4prod_prodtable_qcase.$procmux$337_CMP0 ($eq).
Removed top 2 bits (of 19) from port B of cell ex254_semantic_e4acc_fp4prod_prodtable_qcase.$procmux$338_CMP0 ($eq).
Removed top 2 bits (of 19) from port B of cell ex254_semantic_e4acc_fp4prod_prodtable_qcase.$procmux$339_CMP0 ($eq).
Removed top 2 bits (of 19) from port B of cell ex254_semantic_e4acc_fp4prod_prodtable_qcase.$procmux$340_CMP0 ($eq).
Removed top 2 bits (of 19) from port B of cell ex254_semantic_e4acc_fp4prod_prodtable_qcase.$procmux$341_CMP0 ($eq).
Removed top 2 bits (of 19) from port B of cell ex254_semantic_e4acc_fp4prod_prodtable_qcase.$procmux$342_CMP0 ($eq).
Removed top 2 bits (of 19) from port B of cell ex254_semantic_e4acc_fp4prod_prodtable_qcase.$procmux$343_CMP0 ($eq).
Removed top 2 bits (of 19) from port B of cell ex254_semantic_e4acc_fp4prod_prodtable_qcase.$procmux$344_CMP0 ($eq).
Removed top 2 bits (of 19) from port B of cell ex254_semantic_e4acc_fp4prod_prodtable_qcase.$procmux$345_CMP0 ($eq).
Removed top 2 bits (of 19) from port B of cell ex254_semantic_e4acc_fp4prod_prodtable_qcase.$procmux$346_CMP0 ($eq).
Removed top 2 bits (of 19) from port B of cell ex254_semantic_e4acc_fp4prod_prodtable_qcase.$procmux$347_CMP0 ($eq).
Removed top 2 bits (of 19) from port B of cell ex254_semantic_e4acc_fp4prod_prodtable_qcase.$procmux$348_CMP0 ($eq).
Removed top 2 bits (of 19) from port B of cell ex254_semantic_e4acc_fp4prod_prodtable_qcase.$procmux$349_CMP0 ($eq).
Removed top 2 bits (of 19) from port B of cell ex254_semantic_e4acc_fp4prod_prodtable_qcase.$procmux$350_CMP0 ($eq).
Removed top 2 bits (of 19) from port B of cell ex254_semantic_e4acc_fp4prod_prodtable_qcase.$procmux$351_CMP0 ($eq).
Removed top 2 bits (of 19) from port B of cell ex254_semantic_e4acc_fp4prod_prodtable_qcase.$procmux$352_CMP0 ($eq).
Removed top 2 bits (of 19) from port B of cell ex254_semantic_e4acc_fp4prod_prodtable_qcase.$procmux$353_CMP0 ($eq).
Removed top 2 bits (of 19) from port B of cell ex254_semantic_e4acc_fp4prod_prodtable_qcase.$procmux$354_CMP0 ($eq).
Removed top 2 bits (of 19) from port B of cell ex254_semantic_e4acc_fp4prod_prodtable_qcase.$procmux$355_CMP0 ($eq).
Removed top 2 bits (of 19) from port B of cell ex254_semantic_e4acc_fp4prod_prodtable_qcase.$procmux$356_CMP0 ($eq).
Removed top 2 bits (of 19) from port B of cell ex254_semantic_e4acc_fp4prod_prodtable_qcase.$procmux$357_CMP0 ($eq).
Removed top 2 bits (of 19) from port B of cell ex254_semantic_e4acc_fp4prod_prodtable_qcase.$procmux$358_CMP0 ($eq).
Removed top 2 bits (of 19) from port B of cell ex254_semantic_e4acc_fp4prod_prodtable_qcase.$procmux$359_CMP0 ($eq).
Removed top 2 bits (of 19) from port B of cell ex254_semantic_e4acc_fp4prod_prodtable_qcase.$procmux$360_CMP0 ($eq).
Removed top 2 bits (of 19) from port B of cell ex254_semantic_e4acc_fp4prod_prodtable_qcase.$procmux$361_CMP0 ($eq).
Removed top 2 bits (of 19) from port B of cell ex254_semantic_e4acc_fp4prod_prodtable_qcase.$procmux$362_CMP0 ($eq).
Removed top 2 bits (of 19) from port B of cell ex254_semantic_e4acc_fp4prod_prodtable_qcase.$procmux$363_CMP0 ($eq).
Removed top 2 bits (of 19) from port B of cell ex254_semantic_e4acc_fp4prod_prodtable_qcase.$procmux$364_CMP0 ($eq).
Removed top 2 bits (of 19) from port B of cell ex254_semantic_e4acc_fp4prod_prodtable_qcase.$procmux$365_CMP0 ($eq).
Removed top 2 bits (of 19) from port B of cell ex254_semantic_e4acc_fp4prod_prodtable_qcase.$procmux$366_CMP0 ($eq).
Removed top 2 bits (of 19) from port B of cell ex254_semantic_e4acc_fp4prod_prodtable_qcase.$procmux$367_CMP0 ($eq).
Removed top 2 bits (of 19) from port B of cell ex254_semantic_e4acc_fp4prod_prodtable_qcase.$procmux$368_CMP0 ($eq).
Removed top 2 bits (of 19) from port B of cell ex254_semantic_e4acc_fp4prod_prodtable_qcase.$procmux$369_CMP0 ($eq).
Removed top 2 bits (of 19) from port B of cell ex254_semantic_e4acc_fp4prod_prodtable_qcase.$procmux$370_CMP0 ($eq).
Removed top 2 bits (of 19) from port B of cell ex254_semantic_e4acc_fp4prod_prodtable_qcase.$procmux$371_CMP0 ($eq).
Removed top 2 bits (of 19) from port B of cell ex254_semantic_e4acc_fp4prod_prodtable_qcase.$procmux$372_CMP0 ($eq).
Removed top 2 bits (of 19) from port B of cell ex254_semantic_e4acc_fp4prod_prodtable_qcase.$procmux$373_CMP0 ($eq).
Removed top 2 bits (of 19) from port B of cell ex254_semantic_e4acc_fp4prod_prodtable_qcase.$procmux$374_CMP0 ($eq).
Removed top 2 bits (of 19) from port B of cell ex254_semantic_e4acc_fp4prod_prodtable_qcase.$procmux$375_CMP0 ($eq).
Removed top 2 bits (of 19) from port B of cell ex254_semantic_e4acc_fp4prod_prodtable_qcase.$procmux$376_CMP0 ($eq).
Removed top 2 bits (of 19) from port B of cell ex254_semantic_e4acc_fp4prod_prodtable_qcase.$procmux$377_CMP0 ($eq).
Removed top 2 bits (of 19) from port B of cell ex254_semantic_e4acc_fp4prod_prodtable_qcase.$procmux$378_CMP0 ($eq).
Removed top 2 bits (of 19) from port B of cell ex254_semantic_e4acc_fp4prod_prodtable_qcase.$procmux$379_CMP0 ($eq).
Removed top 2 bits (of 19) from port B of cell ex254_semantic_e4acc_fp4prod_prodtable_qcase.$procmux$380_CMP0 ($eq).
Removed top 2 bits (of 19) from port B of cell ex254_semantic_e4acc_fp4prod_prodtable_qcase.$procmux$381_CMP0 ($eq).
Removed top 2 bits (of 19) from port B of cell ex254_semantic_e4acc_fp4prod_prodtable_qcase.$procmux$382_CMP0 ($eq).
Removed top 2 bits (of 19) from port B of cell ex254_semantic_e4acc_fp4prod_prodtable_qcase.$procmux$383_CMP0 ($eq).
Removed top 2 bits (of 19) from port B of cell ex254_semantic_e4acc_fp4prod_prodtable_qcase.$procmux$384_CMP0 ($eq).
Removed top 2 bits (of 19) from port B of cell ex254_semantic_e4acc_fp4prod_prodtable_qcase.$procmux$385_CMP0 ($eq).
Removed top 2 bits (of 19) from port B of cell ex254_semantic_e4acc_fp4prod_prodtable_qcase.$procmux$386_CMP0 ($eq).
Removed top 2 bits (of 19) from port B of cell ex254_semantic_e4acc_fp4prod_prodtable_qcase.$procmux$387_CMP0 ($eq).
Removed top 2 bits (of 19) from port B of cell ex254_semantic_e4acc_fp4prod_prodtable_qcase.$procmux$388_CMP0 ($eq).
Removed top 2 bits (of 19) from port B of cell ex254_semantic_e4acc_fp4prod_prodtable_qcase.$procmux$389_CMP0 ($eq).
Removed top 2 bits (of 19) from port B of cell ex254_semantic_e4acc_fp4prod_prodtable_qcase.$procmux$390_CMP0 ($eq).
Removed top 2 bits (of 19) from port B of cell ex254_semantic_e4acc_fp4prod_prodtable_qcase.$procmux$391_CMP0 ($eq).
Removed top 2 bits (of 19) from port B of cell ex254_semantic_e4acc_fp4prod_prodtable_qcase.$procmux$392_CMP0 ($eq).
Removed top 2 bits (of 19) from port B of cell ex254_semantic_e4acc_fp4prod_prodtable_qcase.$procmux$393_CMP0 ($eq).
Removed top 2 bits (of 19) from port B of cell ex254_semantic_e4acc_fp4prod_prodtable_qcase.$procmux$394_CMP0 ($eq).
Removed top 2 bits (of 19) from port B of cell ex254_semantic_e4acc_fp4prod_prodtable_qcase.$procmux$395_CMP0 ($eq).
Removed top 2 bits (of 19) from port B of cell ex254_semantic_e4acc_fp4prod_prodtable_qcase.$procmux$396_CMP0 ($eq).
Removed top 2 bits (of 19) from port B of cell ex254_semantic_e4acc_fp4prod_prodtable_qcase.$procmux$397_CMP0 ($eq).
Removed top 2 bits (of 19) from port B of cell ex254_semantic_e4acc_fp4prod_prodtable_qcase.$procmux$398_CMP0 ($eq).
Removed top 2 bits (of 19) from port B of cell ex254_semantic_e4acc_fp4prod_prodtable_qcase.$procmux$399_CMP0 ($eq).
Removed top 2 bits (of 19) from port B of cell ex254_semantic_e4acc_fp4prod_prodtable_qcase.$procmux$400_CMP0 ($eq).
Removed top 2 bits (of 19) from port B of cell ex254_semantic_e4acc_fp4prod_prodtable_qcase.$procmux$401_CMP0 ($eq).
Removed top 2 bits (of 19) from port B of cell ex254_semantic_e4acc_fp4prod_prodtable_qcase.$procmux$402_CMP0 ($eq).
Removed top 2 bits (of 19) from port B of cell ex254_semantic_e4acc_fp4prod_prodtable_qcase.$procmux$403_CMP0 ($eq).
Removed top 2 bits (of 19) from port B of cell ex254_semantic_e4acc_fp4prod_prodtable_qcase.$procmux$404_CMP0 ($eq).
Removed top 2 bits (of 19) from port B of cell ex254_semantic_e4acc_fp4prod_prodtable_qcase.$procmux$405_CMP0 ($eq).
Removed top 2 bits (of 19) from port B of cell ex254_semantic_e4acc_fp4prod_prodtable_qcase.$procmux$406_CMP0 ($eq).
Removed top 2 bits (of 19) from port B of cell ex254_semantic_e4acc_fp4prod_prodtable_qcase.$procmux$407_CMP0 ($eq).
Removed top 2 bits (of 19) from port B of cell ex254_semantic_e4acc_fp4prod_prodtable_qcase.$procmux$408_CMP0 ($eq).
Removed top 2 bits (of 19) from port B of cell ex254_semantic_e4acc_fp4prod_prodtable_qcase.$procmux$409_CMP0 ($eq).
Removed top 2 bits (of 19) from port B of cell ex254_semantic_e4acc_fp4prod_prodtable_qcase.$procmux$410_CMP0 ($eq).
Removed top 2 bits (of 19) from port B of cell ex254_semantic_e4acc_fp4prod_prodtable_qcase.$procmux$411_CMP0 ($eq).
Removed top 2 bits (of 19) from port B of cell ex254_semantic_e4acc_fp4prod_prodtable_qcase.$procmux$412_CMP0 ($eq).
Removed top 2 bits (of 19) from port B of cell ex254_semantic_e4acc_fp4prod_prodtable_qcase.$procmux$413_CMP0 ($eq).
Removed top 2 bits (of 19) from port B of cell ex254_semantic_e4acc_fp4prod_prodtable_qcase.$procmux$414_CMP0 ($eq).
Removed top 2 bits (of 19) from port B of cell ex254_semantic_e4acc_fp4prod_prodtable_qcase.$procmux$415_CMP0 ($eq).
Removed top 2 bits (of 19) from port B of cell ex254_semantic_e4acc_fp4prod_prodtable_qcase.$procmux$416_CMP0 ($eq).
Removed top 2 bits (of 19) from port B of cell ex254_semantic_e4acc_fp4prod_prodtable_qcase.$procmux$417_CMP0 ($eq).
Removed top 2 bits (of 19) from port B of cell ex254_semantic_e4acc_fp4prod_prodtable_qcase.$procmux$418_CMP0 ($eq).
Removed top 2 bits (of 19) from port B of cell ex254_semantic_e4acc_fp4prod_prodtable_qcase.$procmux$419_CMP0 ($eq).
Removed top 2 bits (of 19) from port B of cell ex254_semantic_e4acc_fp4prod_prodtable_qcase.$procmux$420_CMP0 ($eq).
Removed top 2 bits (of 19) from port B of cell ex254_semantic_e4acc_fp4prod_prodtable_qcase.$procmux$421_CMP0 ($eq).
Removed top 2 bits (of 19) from port B of cell ex254_semantic_e4acc_fp4prod_prodtable_qcase.$procmux$422_CMP0 ($eq).
Removed top 2 bits (of 19) from port B of cell ex254_semantic_e4acc_fp4prod_prodtable_qcase.$procmux$423_CMP0 ($eq).
Removed top 2 bits (of 19) from port B of cell ex254_semantic_e4acc_fp4prod_prodtable_qcase.$procmux$424_CMP0 ($eq).
Removed top 2 bits (of 19) from port B of cell ex254_semantic_e4acc_fp4prod_prodtable_qcase.$procmux$425_CMP0 ($eq).
Removed top 2 bits (of 19) from port B of cell ex254_semantic_e4acc_fp4prod_prodtable_qcase.$procmux$426_CMP0 ($eq).
Removed top 2 bits (of 19) from port B of cell ex254_semantic_e4acc_fp4prod_prodtable_qcase.$procmux$427_CMP0 ($eq).
Removed top 2 bits (of 19) from port B of cell ex254_semantic_e4acc_fp4prod_prodtable_qcase.$procmux$428_CMP0 ($eq).
Removed top 2 bits (of 19) from port B of cell ex254_semantic_e4acc_fp4prod_prodtable_qcase.$procmux$429_CMP0 ($eq).
Removed top 2 bits (of 19) from port B of cell ex254_semantic_e4acc_fp4prod_prodtable_qcase.$procmux$430_CMP0 ($eq).
Removed top 2 bits (of 19) from port B of cell ex254_semantic_e4acc_fp4prod_prodtable_qcase.$procmux$431_CMP0 ($eq).
Removed top 2 bits (of 19) from port B of cell ex254_semantic_e4acc_fp4prod_prodtable_qcase.$procmux$432_CMP0 ($eq).
Removed top 2 bits (of 19) from port B of cell ex254_semantic_e4acc_fp4prod_prodtable_qcase.$procmux$433_CMP0 ($eq).
Removed top 2 bits (of 19) from port B of cell ex254_semantic_e4acc_fp4prod_prodtable_qcase.$procmux$434_CMP0 ($eq).
Removed top 2 bits (of 19) from port B of cell ex254_semantic_e4acc_fp4prod_prodtable_qcase.$procmux$435_CMP0 ($eq).
Removed top 2 bits (of 19) from port B of cell ex254_semantic_e4acc_fp4prod_prodtable_qcase.$procmux$436_CMP0 ($eq).
Removed top 2 bits (of 19) from port B of cell ex254_semantic_e4acc_fp4prod_prodtable_qcase.$procmux$437_CMP0 ($eq).
Removed top 2 bits (of 19) from port B of cell ex254_semantic_e4acc_fp4prod_prodtable_qcase.$procmux$438_CMP0 ($eq).
Removed top 2 bits (of 19) from port B of cell ex254_semantic_e4acc_fp4prod_prodtable_qcase.$procmux$439_CMP0 ($eq).
Removed top 2 bits (of 19) from port B of cell ex254_semantic_e4acc_fp4prod_prodtable_qcase.$procmux$440_CMP0 ($eq).
Removed top 2 bits (of 19) from port B of cell ex254_semantic_e4acc_fp4prod_prodtable_qcase.$procmux$441_CMP0 ($eq).
Removed top 2 bits (of 19) from port B of cell ex254_semantic_e4acc_fp4prod_prodtable_qcase.$procmux$442_CMP0 ($eq).
Removed top 2 bits (of 19) from port B of cell ex254_semantic_e4acc_fp4prod_prodtable_qcase.$procmux$443_CMP0 ($eq).
Removed top 2 bits (of 19) from port B of cell ex254_semantic_e4acc_fp4prod_prodtable_qcase.$procmux$444_CMP0 ($eq).
Removed top 2 bits (of 19) from port B of cell ex254_semantic_e4acc_fp4prod_prodtable_qcase.$procmux$445_CMP0 ($eq).
Removed top 2 bits (of 19) from port B of cell ex254_semantic_e4acc_fp4prod_prodtable_qcase.$procmux$446_CMP0 ($eq).
Removed top 2 bits (of 19) from port B of cell ex254_semantic_e4acc_fp4prod_prodtable_qcase.$procmux$447_CMP0 ($eq).
Removed top 2 bits (of 19) from port B of cell ex254_semantic_e4acc_fp4prod_prodtable_qcase.$procmux$448_CMP0 ($eq).
Removed top 2 bits (of 19) from port B of cell ex254_semantic_e4acc_fp4prod_prodtable_qcase.$procmux$449_CMP0 ($eq).
Removed top 2 bits (of 19) from port B of cell ex254_semantic_e4acc_fp4prod_prodtable_qcase.$procmux$450_CMP0 ($eq).
Removed top 2 bits (of 19) from port B of cell ex254_semantic_e4acc_fp4prod_prodtable_qcase.$procmux$451_CMP0 ($eq).
Removed top 2 bits (of 19) from port B of cell ex254_semantic_e4acc_fp4prod_prodtable_qcase.$procmux$452_CMP0 ($eq).
Removed top 2 bits (of 19) from port B of cell ex254_semantic_e4acc_fp4prod_prodtable_qcase.$procmux$453_CMP0 ($eq).
Removed top 2 bits (of 19) from port B of cell ex254_semantic_e4acc_fp4prod_prodtable_qcase.$procmux$454_CMP0 ($eq).
Removed top 2 bits (of 19) from port B of cell ex254_semantic_e4acc_fp4prod_prodtable_qcase.$procmux$455_CMP0 ($eq).
Removed top 2 bits (of 19) from port B of cell ex254_semantic_e4acc_fp4prod_prodtable_qcase.$procmux$456_CMP0 ($eq).
Removed top 2 bits (of 19) from port B of cell ex254_semantic_e4acc_fp4prod_prodtable_qcase.$procmux$457_CMP0 ($eq).
Removed top 2 bits (of 19) from port B of cell ex254_semantic_e4acc_fp4prod_prodtable_qcase.$procmux$458_CMP0 ($eq).
Removed top 2 bits (of 19) from port B of cell ex254_semantic_e4acc_fp4prod_prodtable_qcase.$procmux$459_CMP0 ($eq).
Removed top 2 bits (of 19) from port B of cell ex254_semantic_e4acc_fp4prod_prodtable_qcase.$procmux$460_CMP0 ($eq).
Removed top 2 bits (of 19) from port B of cell ex254_semantic_e4acc_fp4prod_prodtable_qcase.$procmux$461_CMP0 ($eq).
Removed top 2 bits (of 19) from port B of cell ex254_semantic_e4acc_fp4prod_prodtable_qcase.$procmux$462_CMP0 ($eq).
Removed top 2 bits (of 19) from port B of cell ex254_semantic_e4acc_fp4prod_prodtable_qcase.$procmux$463_CMP0 ($eq).
Removed top 2 bits (of 19) from port B of cell ex254_semantic_e4acc_fp4prod_prodtable_qcase.$procmux$464_CMP0 ($eq).
Removed top 2 bits (of 19) from port B of cell ex254_semantic_e4acc_fp4prod_prodtable_qcase.$procmux$465_CMP0 ($eq).
Removed top 2 bits (of 19) from port B of cell ex254_semantic_e4acc_fp4prod_prodtable_qcase.$procmux$466_CMP0 ($eq).
Removed top 2 bits (of 19) from port B of cell ex254_semantic_e4acc_fp4prod_prodtable_qcase.$procmux$467_CMP0 ($eq).
Removed top 2 bits (of 19) from port B of cell ex254_semantic_e4acc_fp4prod_prodtable_qcase.$procmux$468_CMP0 ($eq).
Removed top 2 bits (of 19) from port B of cell ex254_semantic_e4acc_fp4prod_prodtable_qcase.$procmux$469_CMP0 ($eq).
Removed top 2 bits (of 19) from port B of cell ex254_semantic_e4acc_fp4prod_prodtable_qcase.$procmux$470_CMP0 ($eq).
Removed top 2 bits (of 19) from port B of cell ex254_semantic_e4acc_fp4prod_prodtable_qcase.$procmux$471_CMP0 ($eq).
Removed top 2 bits (of 19) from port B of cell ex254_semantic_e4acc_fp4prod_prodtable_qcase.$procmux$472_CMP0 ($eq).
Removed top 2 bits (of 19) from port B of cell ex254_semantic_e4acc_fp4prod_prodtable_qcase.$procmux$473_CMP0 ($eq).
Removed top 2 bits (of 19) from port B of cell ex254_semantic_e4acc_fp4prod_prodtable_qcase.$procmux$474_CMP0 ($eq).
Removed top 2 bits (of 19) from port B of cell ex254_semantic_e4acc_fp4prod_prodtable_qcase.$procmux$475_CMP0 ($eq).
Removed top 2 bits (of 19) from port B of cell ex254_semantic_e4acc_fp4prod_prodtable_qcase.$procmux$476_CMP0 ($eq).
Removed top 2 bits (of 19) from port B of cell ex254_semantic_e4acc_fp4prod_prodtable_qcase.$procmux$477_CMP0 ($eq).
Removed top 2 bits (of 19) from port B of cell ex254_semantic_e4acc_fp4prod_prodtable_qcase.$procmux$478_CMP0 ($eq).
Removed top 2 bits (of 19) from port B of cell ex254_semantic_e4acc_fp4prod_prodtable_qcase.$procmux$479_CMP0 ($eq).
Removed top 2 bits (of 19) from port B of cell ex254_semantic_e4acc_fp4prod_prodtable_qcase.$procmux$480_CMP0 ($eq).
Removed top 2 bits (of 19) from port B of cell ex254_semantic_e4acc_fp4prod_prodtable_qcase.$procmux$481_CMP0 ($eq).
Removed top 2 bits (of 19) from port B of cell ex254_semantic_e4acc_fp4prod_prodtable_qcase.$procmux$482_CMP0 ($eq).
Removed top 2 bits (of 19) from port B of cell ex254_semantic_e4acc_fp4prod_prodtable_qcase.$procmux$483_CMP0 ($eq).
Removed top 2 bits (of 19) from port B of cell ex254_semantic_e4acc_fp4prod_prodtable_qcase.$procmux$484_CMP0 ($eq).
Removed top 2 bits (of 19) from port B of cell ex254_semantic_e4acc_fp4prod_prodtable_qcase.$procmux$485_CMP0 ($eq).
Removed top 2 bits (of 19) from port B of cell ex254_semantic_e4acc_fp4prod_prodtable_qcase.$procmux$486_CMP0 ($eq).
Removed top 2 bits (of 19) from port B of cell ex254_semantic_e4acc_fp4prod_prodtable_qcase.$procmux$487_CMP0 ($eq).
Removed top 2 bits (of 19) from port B of cell ex254_semantic_e4acc_fp4prod_prodtable_qcase.$procmux$488_CMP0 ($eq).
Removed top 3 bits (of 19) from port B of cell ex254_semantic_e4acc_fp4prod_prodtable_qcase.$procmux$489_CMP0 ($eq).
Removed top 3 bits (of 19) from port B of cell ex254_semantic_e4acc_fp4prod_prodtable_qcase.$procmux$490_CMP0 ($eq).
Removed top 3 bits (of 19) from port B of cell ex254_semantic_e4acc_fp4prod_prodtable_qcase.$procmux$491_CMP0 ($eq).
Removed top 3 bits (of 19) from port B of cell ex254_semantic_e4acc_fp4prod_prodtable_qcase.$procmux$492_CMP0 ($eq).
Removed top 3 bits (of 19) from port B of cell ex254_semantic_e4acc_fp4prod_prodtable_qcase.$procmux$493_CMP0 ($eq).
Removed top 3 bits (of 19) from port B of cell ex254_semantic_e4acc_fp4prod_prodtable_qcase.$procmux$494_CMP0 ($eq).
Removed top 3 bits (of 19) from port B of cell ex254_semantic_e4acc_fp4prod_prodtable_qcase.$procmux$495_CMP0 ($eq).
Removed top 3 bits (of 19) from port B of cell ex254_semantic_e4acc_fp4prod_prodtable_qcase.$procmux$496_CMP0 ($eq).
Removed top 3 bits (of 19) from port B of cell ex254_semantic_e4acc_fp4prod_prodtable_qcase.$procmux$497_CMP0 ($eq).
Removed top 3 bits (of 19) from port B of cell ex254_semantic_e4acc_fp4prod_prodtable_qcase.$procmux$498_CMP0 ($eq).
Removed top 3 bits (of 19) from port B of cell ex254_semantic_e4acc_fp4prod_prodtable_qcase.$procmux$499_CMP0 ($eq).
Removed top 3 bits (of 19) from port B of cell ex254_semantic_e4acc_fp4prod_prodtable_qcase.$procmux$500_CMP0 ($eq).
Removed top 3 bits (of 19) from port B of cell ex254_semantic_e4acc_fp4prod_prodtable_qcase.$procmux$501_CMP0 ($eq).
Removed top 3 bits (of 19) from port B of cell ex254_semantic_e4acc_fp4prod_prodtable_qcase.$procmux$502_CMP0 ($eq).
Removed top 3 bits (of 19) from port B of cell ex254_semantic_e4acc_fp4prod_prodtable_qcase.$procmux$503_CMP0 ($eq).
Removed top 3 bits (of 19) from port B of cell ex254_semantic_e4acc_fp4prod_prodtable_qcase.$procmux$504_CMP0 ($eq).
Removed top 3 bits (of 19) from port B of cell ex254_semantic_e4acc_fp4prod_prodtable_qcase.$procmux$505_CMP0 ($eq).
Removed top 3 bits (of 19) from port B of cell ex254_semantic_e4acc_fp4prod_prodtable_qcase.$procmux$506_CMP0 ($eq).
Removed top 3 bits (of 19) from port B of cell ex254_semantic_e4acc_fp4prod_prodtable_qcase.$procmux$507_CMP0 ($eq).
Removed top 3 bits (of 19) from port B of cell ex254_semantic_e4acc_fp4prod_prodtable_qcase.$procmux$508_CMP0 ($eq).
Removed top 3 bits (of 19) from port B of cell ex254_semantic_e4acc_fp4prod_prodtable_qcase.$procmux$509_CMP0 ($eq).
Removed top 3 bits (of 19) from port B of cell ex254_semantic_e4acc_fp4prod_prodtable_qcase.$procmux$510_CMP0 ($eq).
Removed top 3 bits (of 19) from port B of cell ex254_semantic_e4acc_fp4prod_prodtable_qcase.$procmux$511_CMP0 ($eq).
Removed top 3 bits (of 19) from port B of cell ex254_semantic_e4acc_fp4prod_prodtable_qcase.$procmux$512_CMP0 ($eq).
Removed top 3 bits (of 19) from port B of cell ex254_semantic_e4acc_fp4prod_prodtable_qcase.$procmux$513_CMP0 ($eq).
Removed top 3 bits (of 19) from port B of cell ex254_semantic_e4acc_fp4prod_prodtable_qcase.$procmux$514_CMP0 ($eq).
Removed top 3 bits (of 19) from port B of cell ex254_semantic_e4acc_fp4prod_prodtable_qcase.$procmux$515_CMP0 ($eq).
Removed top 3 bits (of 19) from port B of cell ex254_semantic_e4acc_fp4prod_prodtable_qcase.$procmux$516_CMP0 ($eq).
Removed top 3 bits (of 19) from port B of cell ex254_semantic_e4acc_fp4prod_prodtable_qcase.$procmux$517_CMP0 ($eq).
Removed top 3 bits (of 19) from port B of cell ex254_semantic_e4acc_fp4prod_prodtable_qcase.$procmux$518_CMP0 ($eq).
Removed top 3 bits (of 19) from port B of cell ex254_semantic_e4acc_fp4prod_prodtable_qcase.$procmux$519_CMP0 ($eq).
Removed top 3 bits (of 19) from port B of cell ex254_semantic_e4acc_fp4prod_prodtable_qcase.$procmux$520_CMP0 ($eq).
Removed top 3 bits (of 19) from port B of cell ex254_semantic_e4acc_fp4prod_prodtable_qcase.$procmux$521_CMP0 ($eq).
Removed top 3 bits (of 19) from port B of cell ex254_semantic_e4acc_fp4prod_prodtable_qcase.$procmux$522_CMP0 ($eq).
Removed top 3 bits (of 19) from port B of cell ex254_semantic_e4acc_fp4prod_prodtable_qcase.$procmux$523_CMP0 ($eq).
Removed top 3 bits (of 19) from port B of cell ex254_semantic_e4acc_fp4prod_prodtable_qcase.$procmux$524_CMP0 ($eq).
Removed top 3 bits (of 19) from port B of cell ex254_semantic_e4acc_fp4prod_prodtable_qcase.$procmux$525_CMP0 ($eq).
Removed top 3 bits (of 19) from port B of cell ex254_semantic_e4acc_fp4prod_prodtable_qcase.$procmux$526_CMP0 ($eq).
Removed top 3 bits (of 19) from port B of cell ex254_semantic_e4acc_fp4prod_prodtable_qcase.$procmux$527_CMP0 ($eq).
Removed top 3 bits (of 19) from port B of cell ex254_semantic_e4acc_fp4prod_prodtable_qcase.$procmux$528_CMP0 ($eq).
Removed top 3 bits (of 19) from port B of cell ex254_semantic_e4acc_fp4prod_prodtable_qcase.$procmux$529_CMP0 ($eq).
Removed top 3 bits (of 19) from port B of cell ex254_semantic_e4acc_fp4prod_prodtable_qcase.$procmux$530_CMP0 ($eq).
Removed top 3 bits (of 19) from port B of cell ex254_semantic_e4acc_fp4prod_prodtable_qcase.$procmux$531_CMP0 ($eq).
Removed top 3 bits (of 19) from port B of cell ex254_semantic_e4acc_fp4prod_prodtable_qcase.$procmux$532_CMP0 ($eq).
Removed top 3 bits (of 19) from port B of cell ex254_semantic_e4acc_fp4prod_prodtable_qcase.$procmux$533_CMP0 ($eq).
Removed top 3 bits (of 19) from port B of cell ex254_semantic_e4acc_fp4prod_prodtable_qcase.$procmux$534_CMP0 ($eq).
Removed top 3 bits (of 19) from port B of cell ex254_semantic_e4acc_fp4prod_prodtable_qcase.$procmux$535_CMP0 ($eq).
Removed top 3 bits (of 19) from port B of cell ex254_semantic_e4acc_fp4prod_prodtable_qcase.$procmux$536_CMP0 ($eq).
Removed top 3 bits (of 19) from port B of cell ex254_semantic_e4acc_fp4prod_prodtable_qcase.$procmux$537_CMP0 ($eq).
Removed top 3 bits (of 19) from port B of cell ex254_semantic_e4acc_fp4prod_prodtable_qcase.$procmux$538_CMP0 ($eq).
Removed top 3 bits (of 19) from port B of cell ex254_semantic_e4acc_fp4prod_prodtable_qcase.$procmux$539_CMP0 ($eq).
Removed top 3 bits (of 19) from port B of cell ex254_semantic_e4acc_fp4prod_prodtable_qcase.$procmux$540_CMP0 ($eq).
Removed top 3 bits (of 19) from port B of cell ex254_semantic_e4acc_fp4prod_prodtable_qcase.$procmux$541_CMP0 ($eq).
Removed top 3 bits (of 19) from port B of cell ex254_semantic_e4acc_fp4prod_prodtable_qcase.$procmux$542_CMP0 ($eq).
Removed top 3 bits (of 19) from port B of cell ex254_semantic_e4acc_fp4prod_prodtable_qcase.$procmux$543_CMP0 ($eq).
Removed top 3 bits (of 19) from port B of cell ex254_semantic_e4acc_fp4prod_prodtable_qcase.$procmux$544_CMP0 ($eq).
Removed top 3 bits (of 19) from port B of cell ex254_semantic_e4acc_fp4prod_prodtable_qcase.$procmux$545_CMP0 ($eq).
Removed top 3 bits (of 19) from port B of cell ex254_semantic_e4acc_fp4prod_prodtable_qcase.$procmux$546_CMP0 ($eq).
Removed top 3 bits (of 19) from port B of cell ex254_semantic_e4acc_fp4prod_prodtable_qcase.$procmux$547_CMP0 ($eq).
Removed top 3 bits (of 19) from port B of cell ex254_semantic_e4acc_fp4prod_prodtable_qcase.$procmux$548_CMP0 ($eq).
Removed top 3 bits (of 19) from port B of cell ex254_semantic_e4acc_fp4prod_prodtable_qcase.$procmux$549_CMP0 ($eq).
Removed top 3 bits (of 19) from port B of cell ex254_semantic_e4acc_fp4prod_prodtable_qcase.$procmux$550_CMP0 ($eq).
Removed top 3 bits (of 19) from port B of cell ex254_semantic_e4acc_fp4prod_prodtable_qcase.$procmux$551_CMP0 ($eq).
Removed top 3 bits (of 19) from port B of cell ex254_semantic_e4acc_fp4prod_prodtable_qcase.$procmux$552_CMP0 ($eq).
Removed top 3 bits (of 19) from port B of cell ex254_semantic_e4acc_fp4prod_prodtable_qcase.$procmux$553_CMP0 ($eq).
Removed top 3 bits (of 19) from port B of cell ex254_semantic_e4acc_fp4prod_prodtable_qcase.$procmux$554_CMP0 ($eq).
Removed top 3 bits (of 19) from port B of cell ex254_semantic_e4acc_fp4prod_prodtable_qcase.$procmux$555_CMP0 ($eq).
Removed top 3 bits (of 19) from port B of cell ex254_semantic_e4acc_fp4prod_prodtable_qcase.$procmux$556_CMP0 ($eq).
Removed top 3 bits (of 19) from port B of cell ex254_semantic_e4acc_fp4prod_prodtable_qcase.$procmux$557_CMP0 ($eq).
Removed top 3 bits (of 19) from port B of cell ex254_semantic_e4acc_fp4prod_prodtable_qcase.$procmux$558_CMP0 ($eq).
Removed top 3 bits (of 19) from port B of cell ex254_semantic_e4acc_fp4prod_prodtable_qcase.$procmux$559_CMP0 ($eq).
Removed top 3 bits (of 19) from port B of cell ex254_semantic_e4acc_fp4prod_prodtable_qcase.$procmux$560_CMP0 ($eq).
Removed top 3 bits (of 19) from port B of cell ex254_semantic_e4acc_fp4prod_prodtable_qcase.$procmux$561_CMP0 ($eq).
Removed top 3 bits (of 19) from port B of cell ex254_semantic_e4acc_fp4prod_prodtable_qcase.$procmux$562_CMP0 ($eq).
Removed top 3 bits (of 19) from port B of cell ex254_semantic_e4acc_fp4prod_prodtable_qcase.$procmux$563_CMP0 ($eq).
Removed top 3 bits (of 19) from port B of cell ex254_semantic_e4acc_fp4prod_prodtable_qcase.$procmux$564_CMP0 ($eq).
Removed top 3 bits (of 19) from port B of cell ex254_semantic_e4acc_fp4prod_prodtable_qcase.$procmux$565_CMP0 ($eq).
Removed top 3 bits (of 19) from port B of cell ex254_semantic_e4acc_fp4prod_prodtable_qcase.$procmux$566_CMP0 ($eq).
Removed top 3 bits (of 19) from port B of cell ex254_semantic_e4acc_fp4prod_prodtable_qcase.$procmux$567_CMP0 ($eq).
Removed top 3 bits (of 19) from port B of cell ex254_semantic_e4acc_fp4prod_prodtable_qcase.$procmux$568_CMP0 ($eq).
Removed top 3 bits (of 19) from port B of cell ex254_semantic_e4acc_fp4prod_prodtable_qcase.$procmux$569_CMP0 ($eq).
Removed top 3 bits (of 19) from port B of cell ex254_semantic_e4acc_fp4prod_prodtable_qcase.$procmux$570_CMP0 ($eq).
Removed top 3 bits (of 19) from port B of cell ex254_semantic_e4acc_fp4prod_prodtable_qcase.$procmux$571_CMP0 ($eq).
Removed top 3 bits (of 19) from port B of cell ex254_semantic_e4acc_fp4prod_prodtable_qcase.$procmux$572_CMP0 ($eq).
Removed top 3 bits (of 19) from port B of cell ex254_semantic_e4acc_fp4prod_prodtable_qcase.$procmux$573_CMP0 ($eq).
Removed top 3 bits (of 19) from port B of cell ex254_semantic_e4acc_fp4prod_prodtable_qcase.$procmux$574_CMP0 ($eq).
Removed top 3 bits (of 19) from port B of cell ex254_semantic_e4acc_fp4prod_prodtable_qcase.$procmux$575_CMP0 ($eq).
Removed top 3 bits (of 19) from port B of cell ex254_semantic_e4acc_fp4prod_prodtable_qcase.$procmux$576_CMP0 ($eq).
Removed top 3 bits (of 19) from port B of cell ex254_semantic_e4acc_fp4prod_prodtable_qcase.$procmux$577_CMP0 ($eq).
Removed top 3 bits (of 19) from port B of cell ex254_semantic_e4acc_fp4prod_prodtable_qcase.$procmux$578_CMP0 ($eq).
Removed top 3 bits (of 19) from port B of cell ex254_semantic_e4acc_fp4prod_prodtable_qcase.$procmux$579_CMP0 ($eq).
Removed top 3 bits (of 19) from port B of cell ex254_semantic_e4acc_fp4prod_prodtable_qcase.$procmux$580_CMP0 ($eq).
Removed top 3 bits (of 19) from port B of cell ex254_semantic_e4acc_fp4prod_prodtable_qcase.$procmux$581_CMP0 ($eq).
Removed top 3 bits (of 19) from port B of cell ex254_semantic_e4acc_fp4prod_prodtable_qcase.$procmux$582_CMP0 ($eq).
Removed top 3 bits (of 19) from port B of cell ex254_semantic_e4acc_fp4prod_prodtable_qcase.$procmux$583_CMP0 ($eq).
Removed top 3 bits (of 19) from port B of cell ex254_semantic_e4acc_fp4prod_prodtable_qcase.$procmux$584_CMP0 ($eq).
Removed top 3 bits (of 19) from port B of cell ex254_semantic_e4acc_fp4prod_prodtable_qcase.$procmux$585_CMP0 ($eq).
Removed top 3 bits (of 19) from port B of cell ex254_semantic_e4acc_fp4prod_prodtable_qcase.$procmux$586_CMP0 ($eq).
Removed top 3 bits (of 19) from port B of cell ex254_semantic_e4acc_fp4prod_prodtable_qcase.$procmux$587_CMP0 ($eq).
Removed top 3 bits (of 19) from port B of cell ex254_semantic_e4acc_fp4prod_prodtable_qcase.$procmux$588_CMP0 ($eq).
Removed top 3 bits (of 19) from port B of cell ex254_semantic_e4acc_fp4prod_prodtable_qcase.$procmux$589_CMP0 ($eq).
Removed top 3 bits (of 19) from port B of cell ex254_semantic_e4acc_fp4prod_prodtable_qcase.$procmux$590_CMP0 ($eq).
Removed top 3 bits (of 19) from port B of cell ex254_semantic_e4acc_fp4prod_prodtable_qcase.$procmux$591_CMP0 ($eq).
Removed top 3 bits (of 19) from port B of cell ex254_semantic_e4acc_fp4prod_prodtable_qcase.$procmux$592_CMP0 ($eq).
Removed top 3 bits (of 19) from port B of cell ex254_semantic_e4acc_fp4prod_prodtable_qcase.$procmux$593_CMP0 ($eq).
Removed top 3 bits (of 19) from port B of cell ex254_semantic_e4acc_fp4prod_prodtable_qcase.$procmux$594_CMP0 ($eq).
Removed top 3 bits (of 19) from port B of cell ex254_semantic_e4acc_fp4prod_prodtable_qcase.$procmux$595_CMP0 ($eq).
Removed top 3 bits (of 19) from port B of cell ex254_semantic_e4acc_fp4prod_prodtable_qcase.$procmux$596_CMP0 ($eq).
Removed top 3 bits (of 19) from port B of cell ex254_semantic_e4acc_fp4prod_prodtable_qcase.$procmux$597_CMP0 ($eq).
Removed top 3 bits (of 19) from port B of cell ex254_semantic_e4acc_fp4prod_prodtable_qcase.$procmux$598_CMP0 ($eq).
Removed top 3 bits (of 19) from port B of cell ex254_semantic_e4acc_fp4prod_prodtable_qcase.$procmux$599_CMP0 ($eq).
Removed top 3 bits (of 19) from port B of cell ex254_semantic_e4acc_fp4prod_prodtable_qcase.$procmux$600_CMP0 ($eq).
Removed top 3 bits (of 19) from port B of cell ex254_semantic_e4acc_fp4prod_prodtable_qcase.$procmux$601_CMP0 ($eq).
Removed top 3 bits (of 19) from port B of cell ex254_semantic_e4acc_fp4prod_prodtable_qcase.$procmux$602_CMP0 ($eq).
Removed top 3 bits (of 19) from port B of cell ex254_semantic_e4acc_fp4prod_prodtable_qcase.$procmux$603_CMP0 ($eq).
Removed top 3 bits (of 19) from port B of cell ex254_semantic_e4acc_fp4prod_prodtable_qcase.$procmux$604_CMP0 ($eq).
Removed top 3 bits (of 19) from port B of cell ex254_semantic_e4acc_fp4prod_prodtable_qcase.$procmux$605_CMP0 ($eq).
Removed top 3 bits (of 19) from port B of cell ex254_semantic_e4acc_fp4prod_prodtable_qcase.$procmux$606_CMP0 ($eq).
Removed top 3 bits (of 19) from port B of cell ex254_semantic_e4acc_fp4prod_prodtable_qcase.$procmux$607_CMP0 ($eq).
Removed top 3 bits (of 19) from port B of cell ex254_semantic_e4acc_fp4prod_prodtable_qcase.$procmux$608_CMP0 ($eq).
Removed top 3 bits (of 19) from port B of cell ex254_semantic_e4acc_fp4prod_prodtable_qcase.$procmux$609_CMP0 ($eq).
Removed top 3 bits (of 19) from port B of cell ex254_semantic_e4acc_fp4prod_prodtable_qcase.$procmux$610_CMP0 ($eq).
Removed top 3 bits (of 19) from port B of cell ex254_semantic_e4acc_fp4prod_prodtable_qcase.$procmux$611_CMP0 ($eq).
Removed top 3 bits (of 19) from port B of cell ex254_semantic_e4acc_fp4prod_prodtable_qcase.$procmux$612_CMP0 ($eq).
Removed top 3 bits (of 19) from port B of cell ex254_semantic_e4acc_fp4prod_prodtable_qcase.$procmux$613_CMP0 ($eq).
Removed top 3 bits (of 19) from port B of cell ex254_semantic_e4acc_fp4prod_prodtable_qcase.$procmux$614_CMP0 ($eq).
Removed top 3 bits (of 19) from port B of cell ex254_semantic_e4acc_fp4prod_prodtable_qcase.$procmux$615_CMP0 ($eq).
Removed top 3 bits (of 19) from port B of cell ex254_semantic_e4acc_fp4prod_prodtable_qcase.$procmux$616_CMP0 ($eq).
Removed top 3 bits (of 19) from port B of cell ex254_semantic_e4acc_fp4prod_prodtable_qcase.$procmux$617_CMP0 ($eq).
Removed top 3 bits (of 19) from port B of cell ex254_semantic_e4acc_fp4prod_prodtable_qcase.$procmux$618_CMP0 ($eq).
Removed top 3 bits (of 19) from port B of cell ex254_semantic_e4acc_fp4prod_prodtable_qcase.$procmux$619_CMP0 ($eq).
Removed top 3 bits (of 19) from port B of cell ex254_semantic_e4acc_fp4prod_prodtable_qcase.$procmux$620_CMP0 ($eq).
Removed top 3 bits (of 19) from port B of cell ex254_semantic_e4acc_fp4prod_prodtable_qcase.$procmux$621_CMP0 ($eq).
Removed top 3 bits (of 19) from port B of cell ex254_semantic_e4acc_fp4prod_prodtable_qcase.$procmux$622_CMP0 ($eq).
Removed top 3 bits (of 19) from port B of cell ex254_semantic_e4acc_fp4prod_prodtable_qcase.$procmux$623_CMP0 ($eq).
Removed top 3 bits (of 19) from port B of cell ex254_semantic_e4acc_fp4prod_prodtable_qcase.$procmux$624_CMP0 ($eq).
Removed top 3 bits (of 19) from port B of cell ex254_semantic_e4acc_fp4prod_prodtable_qcase.$procmux$625_CMP0 ($eq).
Removed top 3 bits (of 19) from port B of cell ex254_semantic_e4acc_fp4prod_prodtable_qcase.$procmux$626_CMP0 ($eq).
Removed top 3 bits (of 19) from port B of cell ex254_semantic_e4acc_fp4prod_prodtable_qcase.$procmux$627_CMP0 ($eq).
Removed top 3 bits (of 19) from port B of cell ex254_semantic_e4acc_fp4prod_prodtable_qcase.$procmux$628_CMP0 ($eq).
Removed top 3 bits (of 19) from port B of cell ex254_semantic_e4acc_fp4prod_prodtable_qcase.$procmux$629_CMP0 ($eq).
Removed top 3 bits (of 19) from port B of cell ex254_semantic_e4acc_fp4prod_prodtable_qcase.$procmux$630_CMP0 ($eq).
Removed top 3 bits (of 19) from port B of cell ex254_semantic_e4acc_fp4prod_prodtable_qcase.$procmux$631_CMP0 ($eq).
Removed top 3 bits (of 19) from port B of cell ex254_semantic_e4acc_fp4prod_prodtable_qcase.$procmux$632_CMP0 ($eq).
Removed top 3 bits (of 19) from port B of cell ex254_semantic_e4acc_fp4prod_prodtable_qcase.$procmux$633_CMP0 ($eq).
Removed top 3 bits (of 19) from port B of cell ex254_semantic_e4acc_fp4prod_prodtable_qcase.$procmux$634_CMP0 ($eq).
Removed top 3 bits (of 19) from port B of cell ex254_semantic_e4acc_fp4prod_prodtable_qcase.$procmux$635_CMP0 ($eq).
Removed top 3 bits (of 19) from port B of cell ex254_semantic_e4acc_fp4prod_prodtable_qcase.$procmux$636_CMP0 ($eq).
Removed top 3 bits (of 19) from port B of cell ex254_semantic_e4acc_fp4prod_prodtable_qcase.$procmux$637_CMP0 ($eq).
Removed top 3 bits (of 19) from port B of cell ex254_semantic_e4acc_fp4prod_prodtable_qcase.$procmux$638_CMP0 ($eq).
Removed top 3 bits (of 19) from port B of cell ex254_semantic_e4acc_fp4prod_prodtable_qcase.$procmux$639_CMP0 ($eq).
Removed top 3 bits (of 19) from port B of cell ex254_semantic_e4acc_fp4prod_prodtable_qcase.$procmux$640_CMP0 ($eq).
Removed top 3 bits (of 19) from port B of cell ex254_semantic_e4acc_fp4prod_prodtable_qcase.$procmux$641_CMP0 ($eq).
Removed top 3 bits (of 19) from port B of cell ex254_semantic_e4acc_fp4prod_prodtable_qcase.$procmux$642_CMP0 ($eq).
Removed top 3 bits (of 19) from port B of cell ex254_semantic_e4acc_fp4prod_prodtable_qcase.$procmux$643_CMP0 ($eq).
Removed top 3 bits (of 19) from port B of cell ex254_semantic_e4acc_fp4prod_prodtable_qcase.$procmux$644_CMP0 ($eq).
Removed top 3 bits (of 19) from port B of cell ex254_semantic_e4acc_fp4prod_prodtable_qcase.$procmux$645_CMP0 ($eq).
Removed top 3 bits (of 19) from port B of cell ex254_semantic_e4acc_fp4prod_prodtable_qcase.$procmux$646_CMP0 ($eq).
Removed top 3 bits (of 19) from port B of cell ex254_semantic_e4acc_fp4prod_prodtable_qcase.$procmux$647_CMP0 ($eq).
Removed top 3 bits (of 19) from port B of cell ex254_semantic_e4acc_fp4prod_prodtable_qcase.$procmux$648_CMP0 ($eq).
Removed top 4 bits (of 19) from port B of cell ex254_semantic_e4acc_fp4prod_prodtable_qcase.$procmux$649_CMP0 ($eq).
Removed top 4 bits (of 19) from port B of cell ex254_semantic_e4acc_fp4prod_prodtable_qcase.$procmux$650_CMP0 ($eq).
Removed top 4 bits (of 19) from port B of cell ex254_semantic_e4acc_fp4prod_prodtable_qcase.$procmux$651_CMP0 ($eq).
Removed top 4 bits (of 19) from port B of cell ex254_semantic_e4acc_fp4prod_prodtable_qcase.$procmux$652_CMP0 ($eq).
Removed top 4 bits (of 19) from port B of cell ex254_semantic_e4acc_fp4prod_prodtable_qcase.$procmux$653_CMP0 ($eq).
Removed top 4 bits (of 19) from port B of cell ex254_semantic_e4acc_fp4prod_prodtable_qcase.$procmux$654_CMP0 ($eq).
Removed top 4 bits (of 19) from port B of cell ex254_semantic_e4acc_fp4prod_prodtable_qcase.$procmux$655_CMP0 ($eq).
Removed top 4 bits (of 19) from port B of cell ex254_semantic_e4acc_fp4prod_prodtable_qcase.$procmux$656_CMP0 ($eq).
Removed top 4 bits (of 19) from port B of cell ex254_semantic_e4acc_fp4prod_prodtable_qcase.$procmux$657_CMP0 ($eq).
Removed top 4 bits (of 19) from port B of cell ex254_semantic_e4acc_fp4prod_prodtable_qcase.$procmux$658_CMP0 ($eq).
Removed top 4 bits (of 19) from port B of cell ex254_semantic_e4acc_fp4prod_prodtable_qcase.$procmux$659_CMP0 ($eq).
Removed top 4 bits (of 19) from port B of cell ex254_semantic_e4acc_fp4prod_prodtable_qcase.$procmux$660_CMP0 ($eq).
Removed top 4 bits (of 19) from port B of cell ex254_semantic_e4acc_fp4prod_prodtable_qcase.$procmux$661_CMP0 ($eq).
Removed top 4 bits (of 19) from port B of cell ex254_semantic_e4acc_fp4prod_prodtable_qcase.$procmux$662_CMP0 ($eq).
Removed top 4 bits (of 19) from port B of cell ex254_semantic_e4acc_fp4prod_prodtable_qcase.$procmux$663_CMP0 ($eq).
Removed top 4 bits (of 19) from port B of cell ex254_semantic_e4acc_fp4prod_prodtable_qcase.$procmux$664_CMP0 ($eq).
Removed top 4 bits (of 19) from port B of cell ex254_semantic_e4acc_fp4prod_prodtable_qcase.$procmux$665_CMP0 ($eq).
Removed top 4 bits (of 19) from port B of cell ex254_semantic_e4acc_fp4prod_prodtable_qcase.$procmux$666_CMP0 ($eq).
Removed top 4 bits (of 19) from port B of cell ex254_semantic_e4acc_fp4prod_prodtable_qcase.$procmux$667_CMP0 ($eq).
Removed top 4 bits (of 19) from port B of cell ex254_semantic_e4acc_fp4prod_prodtable_qcase.$procmux$668_CMP0 ($eq).
Removed top 4 bits (of 19) from port B of cell ex254_semantic_e4acc_fp4prod_prodtable_qcase.$procmux$669_CMP0 ($eq).
Removed top 4 bits (of 19) from port B of cell ex254_semantic_e4acc_fp4prod_prodtable_qcase.$procmux$670_CMP0 ($eq).
Removed top 4 bits (of 19) from port B of cell ex254_semantic_e4acc_fp4prod_prodtable_qcase.$procmux$671_CMP0 ($eq).
Removed top 4 bits (of 19) from port B of cell ex254_semantic_e4acc_fp4prod_prodtable_qcase.$procmux$672_CMP0 ($eq).
Removed top 4 bits (of 19) from port B of cell ex254_semantic_e4acc_fp4prod_prodtable_qcase.$procmux$673_CMP0 ($eq).
Removed top 4 bits (of 19) from port B of cell ex254_semantic_e4acc_fp4prod_prodtable_qcase.$procmux$674_CMP0 ($eq).
Removed top 4 bits (of 19) from port B of cell ex254_semantic_e4acc_fp4prod_prodtable_qcase.$procmux$675_CMP0 ($eq).
Removed top 4 bits (of 19) from port B of cell ex254_semantic_e4acc_fp4prod_prodtable_qcase.$procmux$676_CMP0 ($eq).
Removed top 4 bits (of 19) from port B of cell ex254_semantic_e4acc_fp4prod_prodtable_qcase.$procmux$677_CMP0 ($eq).
Removed top 4 bits (of 19) from port B of cell ex254_semantic_e4acc_fp4prod_prodtable_qcase.$procmux$678_CMP0 ($eq).
Removed top 4 bits (of 19) from port B of cell ex254_semantic_e4acc_fp4prod_prodtable_qcase.$procmux$679_CMP0 ($eq).
Removed top 4 bits (of 19) from port B of cell ex254_semantic_e4acc_fp4prod_prodtable_qcase.$procmux$680_CMP0 ($eq).
Removed top 4 bits (of 19) from port B of cell ex254_semantic_e4acc_fp4prod_prodtable_qcase.$procmux$681_CMP0 ($eq).
Removed top 4 bits (of 19) from port B of cell ex254_semantic_e4acc_fp4prod_prodtable_qcase.$procmux$682_CMP0 ($eq).
Removed top 4 bits (of 19) from port B of cell ex254_semantic_e4acc_fp4prod_prodtable_qcase.$procmux$683_CMP0 ($eq).
Removed top 4 bits (of 19) from port B of cell ex254_semantic_e4acc_fp4prod_prodtable_qcase.$procmux$684_CMP0 ($eq).
Removed top 4 bits (of 19) from port B of cell ex254_semantic_e4acc_fp4prod_prodtable_qcase.$procmux$685_CMP0 ($eq).
Removed top 4 bits (of 19) from port B of cell ex254_semantic_e4acc_fp4prod_prodtable_qcase.$procmux$686_CMP0 ($eq).
Removed top 4 bits (of 19) from port B of cell ex254_semantic_e4acc_fp4prod_prodtable_qcase.$procmux$687_CMP0 ($eq).
Removed top 4 bits (of 19) from port B of cell ex254_semantic_e4acc_fp4prod_prodtable_qcase.$procmux$688_CMP0 ($eq).
Removed top 4 bits (of 19) from port B of cell ex254_semantic_e4acc_fp4prod_prodtable_qcase.$procmux$689_CMP0 ($eq).
Removed top 4 bits (of 19) from port B of cell ex254_semantic_e4acc_fp4prod_prodtable_qcase.$procmux$690_CMP0 ($eq).
Removed top 4 bits (of 19) from port B of cell ex254_semantic_e4acc_fp4prod_prodtable_qcase.$procmux$691_CMP0 ($eq).
Removed top 4 bits (of 19) from port B of cell ex254_semantic_e4acc_fp4prod_prodtable_qcase.$procmux$692_CMP0 ($eq).
Removed top 4 bits (of 19) from port B of cell ex254_semantic_e4acc_fp4prod_prodtable_qcase.$procmux$693_CMP0 ($eq).
Removed top 4 bits (of 19) from port B of cell ex254_semantic_e4acc_fp4prod_prodtable_qcase.$procmux$694_CMP0 ($eq).
Removed top 4 bits (of 19) from port B of cell ex254_semantic_e4acc_fp4prod_prodtable_qcase.$procmux$695_CMP0 ($eq).
Removed top 4 bits (of 19) from port B of cell ex254_semantic_e4acc_fp4prod_prodtable_qcase.$procmux$696_CMP0 ($eq).
Removed top 4 bits (of 19) from port B of cell ex254_semantic_e4acc_fp4prod_prodtable_qcase.$procmux$697_CMP0 ($eq).
Removed top 4 bits (of 19) from port B of cell ex254_semantic_e4acc_fp4prod_prodtable_qcase.$procmux$698_CMP0 ($eq).
Removed top 4 bits (of 19) from port B of cell ex254_semantic_e4acc_fp4prod_prodtable_qcase.$procmux$699_CMP0 ($eq).
Removed top 4 bits (of 19) from port B of cell ex254_semantic_e4acc_fp4prod_prodtable_qcase.$procmux$700_CMP0 ($eq).
Removed top 4 bits (of 19) from port B of cell ex254_semantic_e4acc_fp4prod_prodtable_qcase.$procmux$701_CMP0 ($eq).
Removed top 4 bits (of 19) from port B of cell ex254_semantic_e4acc_fp4prod_prodtable_qcase.$procmux$702_CMP0 ($eq).
Removed top 4 bits (of 19) from port B of cell ex254_semantic_e4acc_fp4prod_prodtable_qcase.$procmux$703_CMP0 ($eq).
Removed top 4 bits (of 19) from port B of cell ex254_semantic_e4acc_fp4prod_prodtable_qcase.$procmux$704_CMP0 ($eq).
Removed top 4 bits (of 19) from port B of cell ex254_semantic_e4acc_fp4prod_prodtable_qcase.$procmux$705_CMP0 ($eq).
Removed top 4 bits (of 19) from port B of cell ex254_semantic_e4acc_fp4prod_prodtable_qcase.$procmux$706_CMP0 ($eq).
Removed top 4 bits (of 19) from port B of cell ex254_semantic_e4acc_fp4prod_prodtable_qcase.$procmux$707_CMP0 ($eq).
Removed top 4 bits (of 19) from port B of cell ex254_semantic_e4acc_fp4prod_prodtable_qcase.$procmux$708_CMP0 ($eq).
Removed top 4 bits (of 19) from port B of cell ex254_semantic_e4acc_fp4prod_prodtable_qcase.$procmux$709_CMP0 ($eq).
Removed top 4 bits (of 19) from port B of cell ex254_semantic_e4acc_fp4prod_prodtable_qcase.$procmux$710_CMP0 ($eq).
Removed top 4 bits (of 19) from port B of cell ex254_semantic_e4acc_fp4prod_prodtable_qcase.$procmux$711_CMP0 ($eq).
Removed top 4 bits (of 19) from port B of cell ex254_semantic_e4acc_fp4prod_prodtable_qcase.$procmux$712_CMP0 ($eq).
Removed top 4 bits (of 19) from port B of cell ex254_semantic_e4acc_fp4prod_prodtable_qcase.$procmux$713_CMP0 ($eq).
Removed top 4 bits (of 19) from port B of cell ex254_semantic_e4acc_fp4prod_prodtable_qcase.$procmux$714_CMP0 ($eq).
Removed top 4 bits (of 19) from port B of cell ex254_semantic_e4acc_fp4prod_prodtable_qcase.$procmux$715_CMP0 ($eq).
Removed top 4 bits (of 19) from port B of cell ex254_semantic_e4acc_fp4prod_prodtable_qcase.$procmux$716_CMP0 ($eq).
Removed top 4 bits (of 19) from port B of cell ex254_semantic_e4acc_fp4prod_prodtable_qcase.$procmux$717_CMP0 ($eq).
Removed top 4 bits (of 19) from port B of cell ex254_semantic_e4acc_fp4prod_prodtable_qcase.$procmux$718_CMP0 ($eq).
Removed top 4 bits (of 19) from port B of cell ex254_semantic_e4acc_fp4prod_prodtable_qcase.$procmux$719_CMP0 ($eq).
Removed top 4 bits (of 19) from port B of cell ex254_semantic_e4acc_fp4prod_prodtable_qcase.$procmux$720_CMP0 ($eq).
Removed top 4 bits (of 19) from port B of cell ex254_semantic_e4acc_fp4prod_prodtable_qcase.$procmux$721_CMP0 ($eq).
Removed top 4 bits (of 19) from port B of cell ex254_semantic_e4acc_fp4prod_prodtable_qcase.$procmux$722_CMP0 ($eq).
Removed top 4 bits (of 19) from port B of cell ex254_semantic_e4acc_fp4prod_prodtable_qcase.$procmux$723_CMP0 ($eq).
Removed top 4 bits (of 19) from port B of cell ex254_semantic_e4acc_fp4prod_prodtable_qcase.$procmux$724_CMP0 ($eq).
Removed top 4 bits (of 19) from port B of cell ex254_semantic_e4acc_fp4prod_prodtable_qcase.$procmux$725_CMP0 ($eq).
Removed top 4 bits (of 19) from port B of cell ex254_semantic_e4acc_fp4prod_prodtable_qcase.$procmux$726_CMP0 ($eq).
Removed top 4 bits (of 19) from port B of cell ex254_semantic_e4acc_fp4prod_prodtable_qcase.$procmux$727_CMP0 ($eq).
Removed top 4 bits (of 19) from port B of cell ex254_semantic_e4acc_fp4prod_prodtable_qcase.$procmux$728_CMP0 ($eq).
Removed top 4 bits (of 19) from port B of cell ex254_semantic_e4acc_fp4prod_prodtable_qcase.$procmux$729_CMP0 ($eq).
Removed top 4 bits (of 19) from port B of cell ex254_semantic_e4acc_fp4prod_prodtable_qcase.$procmux$730_CMP0 ($eq).
Removed top 4 bits (of 19) from port B of cell ex254_semantic_e4acc_fp4prod_prodtable_qcase.$procmux$731_CMP0 ($eq).
Removed top 4 bits (of 19) from port B of cell ex254_semantic_e4acc_fp4prod_prodtable_qcase.$procmux$732_CMP0 ($eq).
Removed top 4 bits (of 19) from port B of cell ex254_semantic_e4acc_fp4prod_prodtable_qcase.$procmux$733_CMP0 ($eq).
Removed top 4 bits (of 19) from port B of cell ex254_semantic_e4acc_fp4prod_prodtable_qcase.$procmux$734_CMP0 ($eq).
Removed top 4 bits (of 19) from port B of cell ex254_semantic_e4acc_fp4prod_prodtable_qcase.$procmux$735_CMP0 ($eq).
Removed top 4 bits (of 19) from port B of cell ex254_semantic_e4acc_fp4prod_prodtable_qcase.$procmux$736_CMP0 ($eq).
Removed top 4 bits (of 19) from port B of cell ex254_semantic_e4acc_fp4prod_prodtable_qcase.$procmux$737_CMP0 ($eq).
Removed top 4 bits (of 19) from port B of cell ex254_semantic_e4acc_fp4prod_prodtable_qcase.$procmux$738_CMP0 ($eq).
Removed top 4 bits (of 19) from port B of cell ex254_semantic_e4acc_fp4prod_prodtable_qcase.$procmux$739_CMP0 ($eq).
Removed top 4 bits (of 19) from port B of cell ex254_semantic_e4acc_fp4prod_prodtable_qcase.$procmux$740_CMP0 ($eq).
Removed top 4 bits (of 19) from port B of cell ex254_semantic_e4acc_fp4prod_prodtable_qcase.$procmux$741_CMP0 ($eq).
Removed top 4 bits (of 19) from port B of cell ex254_semantic_e4acc_fp4prod_prodtable_qcase.$procmux$742_CMP0 ($eq).
Removed top 4 bits (of 19) from port B of cell ex254_semantic_e4acc_fp4prod_prodtable_qcase.$procmux$743_CMP0 ($eq).
Removed top 4 bits (of 19) from port B of cell ex254_semantic_e4acc_fp4prod_prodtable_qcase.$procmux$744_CMP0 ($eq).
Removed top 4 bits (of 19) from port B of cell ex254_semantic_e4acc_fp4prod_prodtable_qcase.$procmux$745_CMP0 ($eq).
Removed top 4 bits (of 19) from port B of cell ex254_semantic_e4acc_fp4prod_prodtable_qcase.$procmux$746_CMP0 ($eq).
Removed top 4 bits (of 19) from port B of cell ex254_semantic_e4acc_fp4prod_prodtable_qcase.$procmux$747_CMP0 ($eq).
Removed top 4 bits (of 19) from port B of cell ex254_semantic_e4acc_fp4prod_prodtable_qcase.$procmux$748_CMP0 ($eq).
Removed top 4 bits (of 19) from port B of cell ex254_semantic_e4acc_fp4prod_prodtable_qcase.$procmux$749_CMP0 ($eq).
Removed top 4 bits (of 19) from port B of cell ex254_semantic_e4acc_fp4prod_prodtable_qcase.$procmux$750_CMP0 ($eq).
Removed top 4 bits (of 19) from port B of cell ex254_semantic_e4acc_fp4prod_prodtable_qcase.$procmux$751_CMP0 ($eq).
Removed top 4 bits (of 19) from port B of cell ex254_semantic_e4acc_fp4prod_prodtable_qcase.$procmux$752_CMP0 ($eq).
Removed top 4 bits (of 19) from port B of cell ex254_semantic_e4acc_fp4prod_prodtable_qcase.$procmux$753_CMP0 ($eq).
Removed top 4 bits (of 19) from port B of cell ex254_semantic_e4acc_fp4prod_prodtable_qcase.$procmux$754_CMP0 ($eq).
Removed top 4 bits (of 19) from port B of cell ex254_semantic_e4acc_fp4prod_prodtable_qcase.$procmux$755_CMP0 ($eq).
Removed top 4 bits (of 19) from port B of cell ex254_semantic_e4acc_fp4prod_prodtable_qcase.$procmux$756_CMP0 ($eq).
Removed top 4 bits (of 19) from port B of cell ex254_semantic_e4acc_fp4prod_prodtable_qcase.$procmux$757_CMP0 ($eq).
Removed top 4 bits (of 19) from port B of cell ex254_semantic_e4acc_fp4prod_prodtable_qcase.$procmux$758_CMP0 ($eq).
Removed top 4 bits (of 19) from port B of cell ex254_semantic_e4acc_fp4prod_prodtable_qcase.$procmux$759_CMP0 ($eq).
Removed top 4 bits (of 19) from port B of cell ex254_semantic_e4acc_fp4prod_prodtable_qcase.$procmux$760_CMP0 ($eq).
Removed top 4 bits (of 19) from port B of cell ex254_semantic_e4acc_fp4prod_prodtable_qcase.$procmux$761_CMP0 ($eq).
Removed top 4 bits (of 19) from port B of cell ex254_semantic_e4acc_fp4prod_prodtable_qcase.$procmux$762_CMP0 ($eq).
Removed top 4 bits (of 19) from port B of cell ex254_semantic_e4acc_fp4prod_prodtable_qcase.$procmux$763_CMP0 ($eq).
Removed top 4 bits (of 19) from port B of cell ex254_semantic_e4acc_fp4prod_prodtable_qcase.$procmux$764_CMP0 ($eq).
Removed top 4 bits (of 19) from port B of cell ex254_semantic_e4acc_fp4prod_prodtable_qcase.$procmux$765_CMP0 ($eq).
Removed top 4 bits (of 19) from port B of cell ex254_semantic_e4acc_fp4prod_prodtable_qcase.$procmux$766_CMP0 ($eq).
Removed top 4 bits (of 19) from port B of cell ex254_semantic_e4acc_fp4prod_prodtable_qcase.$procmux$767_CMP0 ($eq).
Removed top 4 bits (of 19) from port B of cell ex254_semantic_e4acc_fp4prod_prodtable_qcase.$procmux$768_CMP0 ($eq).
Removed top 4 bits (of 19) from port B of cell ex254_semantic_e4acc_fp4prod_prodtable_qcase.$procmux$769_CMP0 ($eq).
Removed top 4 bits (of 19) from port B of cell ex254_semantic_e4acc_fp4prod_prodtable_qcase.$procmux$770_CMP0 ($eq).
Removed top 4 bits (of 19) from port B of cell ex254_semantic_e4acc_fp4prod_prodtable_qcase.$procmux$771_CMP0 ($eq).
Removed top 4 bits (of 19) from port B of cell ex254_semantic_e4acc_fp4prod_prodtable_qcase.$procmux$772_CMP0 ($eq).
Removed top 4 bits (of 19) from port B of cell ex254_semantic_e4acc_fp4prod_prodtable_qcase.$procmux$773_CMP0 ($eq).
Removed top 4 bits (of 19) from port B of cell ex254_semantic_e4acc_fp4prod_prodtable_qcase.$procmux$774_CMP0 ($eq).
Removed top 4 bits (of 19) from port B of cell ex254_semantic_e4acc_fp4prod_prodtable_qcase.$procmux$775_CMP0 ($eq).
Removed top 4 bits (of 19) from port B of cell ex254_semantic_e4acc_fp4prod_prodtable_qcase.$procmux$776_CMP0 ($eq).
Removed top 4 bits (of 19) from port B of cell ex254_semantic_e4acc_fp4prod_prodtable_qcase.$procmux$777_CMP0 ($eq).
Removed top 4 bits (of 19) from port B of cell ex254_semantic_e4acc_fp4prod_prodtable_qcase.$procmux$778_CMP0 ($eq).
Removed top 4 bits (of 19) from port B of cell ex254_semantic_e4acc_fp4prod_prodtable_qcase.$procmux$779_CMP0 ($eq).
Removed top 4 bits (of 19) from port B of cell ex254_semantic_e4acc_fp4prod_prodtable_qcase.$procmux$780_CMP0 ($eq).
Removed top 4 bits (of 19) from port B of cell ex254_semantic_e4acc_fp4prod_prodtable_qcase.$procmux$781_CMP0 ($eq).
Removed top 4 bits (of 19) from port B of cell ex254_semantic_e4acc_fp4prod_prodtable_qcase.$procmux$782_CMP0 ($eq).
Removed top 4 bits (of 19) from port B of cell ex254_semantic_e4acc_fp4prod_prodtable_qcase.$procmux$783_CMP0 ($eq).
Removed top 4 bits (of 19) from port B of cell ex254_semantic_e4acc_fp4prod_prodtable_qcase.$procmux$784_CMP0 ($eq).
Removed top 4 bits (of 19) from port B of cell ex254_semantic_e4acc_fp4prod_prodtable_qcase.$procmux$785_CMP0 ($eq).
Removed top 4 bits (of 19) from port B of cell ex254_semantic_e4acc_fp4prod_prodtable_qcase.$procmux$786_CMP0 ($eq).
Removed top 4 bits (of 19) from port B of cell ex254_semantic_e4acc_fp4prod_prodtable_qcase.$procmux$787_CMP0 ($eq).
Removed top 4 bits (of 19) from port B of cell ex254_semantic_e4acc_fp4prod_prodtable_qcase.$procmux$788_CMP0 ($eq).
Removed top 4 bits (of 19) from port B of cell ex254_semantic_e4acc_fp4prod_prodtable_qcase.$procmux$789_CMP0 ($eq).
Removed top 4 bits (of 19) from port B of cell ex254_semantic_e4acc_fp4prod_prodtable_qcase.$procmux$790_CMP0 ($eq).
Removed top 4 bits (of 19) from port B of cell ex254_semantic_e4acc_fp4prod_prodtable_qcase.$procmux$791_CMP0 ($eq).
Removed top 4 bits (of 19) from port B of cell ex254_semantic_e4acc_fp4prod_prodtable_qcase.$procmux$792_CMP0 ($eq).
Removed top 4 bits (of 19) from port B of cell ex254_semantic_e4acc_fp4prod_prodtable_qcase.$procmux$793_CMP0 ($eq).
Removed top 4 bits (of 19) from port B of cell ex254_semantic_e4acc_fp4prod_prodtable_qcase.$procmux$794_CMP0 ($eq).
Removed top 4 bits (of 19) from port B of cell ex254_semantic_e4acc_fp4prod_prodtable_qcase.$procmux$795_CMP0 ($eq).
Removed top 4 bits (of 19) from port B of cell ex254_semantic_e4acc_fp4prod_prodtable_qcase.$procmux$796_CMP0 ($eq).
Removed top 4 bits (of 19) from port B of cell ex254_semantic_e4acc_fp4prod_prodtable_qcase.$procmux$797_CMP0 ($eq).
Removed top 4 bits (of 19) from port B of cell ex254_semantic_e4acc_fp4prod_prodtable_qcase.$procmux$798_CMP0 ($eq).
Removed top 4 bits (of 19) from port B of cell ex254_semantic_e4acc_fp4prod_prodtable_qcase.$procmux$799_CMP0 ($eq).
Removed top 4 bits (of 19) from port B of cell ex254_semantic_e4acc_fp4prod_prodtable_qcase.$procmux$800_CMP0 ($eq).
Removed top 4 bits (of 19) from port B of cell ex254_semantic_e4acc_fp4prod_prodtable_qcase.$procmux$801_CMP0 ($eq).
Removed top 4 bits (of 19) from port B of cell ex254_semantic_e4acc_fp4prod_prodtable_qcase.$procmux$802_CMP0 ($eq).
Removed top 4 bits (of 19) from port B of cell ex254_semantic_e4acc_fp4prod_prodtable_qcase.$procmux$803_CMP0 ($eq).
Removed top 4 bits (of 19) from port B of cell ex254_semantic_e4acc_fp4prod_prodtable_qcase.$procmux$804_CMP0 ($eq).
Removed top 4 bits (of 19) from port B of cell ex254_semantic_e4acc_fp4prod_prodtable_qcase.$procmux$805_CMP0 ($eq).
Removed top 4 bits (of 19) from port B of cell ex254_semantic_e4acc_fp4prod_prodtable_qcase.$procmux$806_CMP0 ($eq).
Removed top 4 bits (of 19) from port B of cell ex254_semantic_e4acc_fp4prod_prodtable_qcase.$procmux$807_CMP0 ($eq).
Removed top 4 bits (of 19) from port B of cell ex254_semantic_e4acc_fp4prod_prodtable_qcase.$procmux$808_CMP0 ($eq).
Removed top 4 bits (of 19) from port B of cell ex254_semantic_e4acc_fp4prod_prodtable_qcase.$procmux$809_CMP0 ($eq).
Removed top 4 bits (of 19) from port B of cell ex254_semantic_e4acc_fp4prod_prodtable_qcase.$procmux$810_CMP0 ($eq).
Removed top 4 bits (of 19) from port B of cell ex254_semantic_e4acc_fp4prod_prodtable_qcase.$procmux$811_CMP0 ($eq).
Removed top 4 bits (of 19) from port B of cell ex254_semantic_e4acc_fp4prod_prodtable_qcase.$procmux$812_CMP0 ($eq).
Removed top 4 bits (of 19) from port B of cell ex254_semantic_e4acc_fp4prod_prodtable_qcase.$procmux$813_CMP0 ($eq).
Removed top 4 bits (of 19) from port B of cell ex254_semantic_e4acc_fp4prod_prodtable_qcase.$procmux$814_CMP0 ($eq).
Removed top 4 bits (of 19) from port B of cell ex254_semantic_e4acc_fp4prod_prodtable_qcase.$procmux$815_CMP0 ($eq).
Removed top 4 bits (of 19) from port B of cell ex254_semantic_e4acc_fp4prod_prodtable_qcase.$procmux$816_CMP0 ($eq).
Removed top 4 bits (of 19) from port B of cell ex254_semantic_e4acc_fp4prod_prodtable_qcase.$procmux$817_CMP0 ($eq).
Removed top 4 bits (of 19) from port B of cell ex254_semantic_e4acc_fp4prod_prodtable_qcase.$procmux$818_CMP0 ($eq).
Removed top 4 bits (of 19) from port B of cell ex254_semantic_e4acc_fp4prod_prodtable_qcase.$procmux$819_CMP0 ($eq).
Removed top 4 bits (of 19) from port B of cell ex254_semantic_e4acc_fp4prod_prodtable_qcase.$procmux$820_CMP0 ($eq).
Removed top 4 bits (of 19) from port B of cell ex254_semantic_e4acc_fp4prod_prodtable_qcase.$procmux$821_CMP0 ($eq).
Removed top 4 bits (of 19) from port B of cell ex254_semantic_e4acc_fp4prod_prodtable_qcase.$procmux$822_CMP0 ($eq).
Removed top 4 bits (of 19) from port B of cell ex254_semantic_e4acc_fp4prod_prodtable_qcase.$procmux$823_CMP0 ($eq).
Removed top 4 bits (of 19) from port B of cell ex254_semantic_e4acc_fp4prod_prodtable_qcase.$procmux$824_CMP0 ($eq).
Removed top 4 bits (of 19) from port B of cell ex254_semantic_e4acc_fp4prod_prodtable_qcase.$procmux$825_CMP0 ($eq).
Removed top 4 bits (of 19) from port B of cell ex254_semantic_e4acc_fp4prod_prodtable_qcase.$procmux$826_CMP0 ($eq).
Removed top 4 bits (of 19) from port B of cell ex254_semantic_e4acc_fp4prod_prodtable_qcase.$procmux$827_CMP0 ($eq).
Removed top 4 bits (of 19) from port B of cell ex254_semantic_e4acc_fp4prod_prodtable_qcase.$procmux$828_CMP0 ($eq).
Removed top 4 bits (of 19) from port B of cell ex254_semantic_e4acc_fp4prod_prodtable_qcase.$procmux$829_CMP0 ($eq).
Removed top 4 bits (of 19) from port B of cell ex254_semantic_e4acc_fp4prod_prodtable_qcase.$procmux$830_CMP0 ($eq).
Removed top 4 bits (of 19) from port B of cell ex254_semantic_e4acc_fp4prod_prodtable_qcase.$procmux$831_CMP0 ($eq).
Removed top 4 bits (of 19) from port B of cell ex254_semantic_e4acc_fp4prod_prodtable_qcase.$procmux$832_CMP0 ($eq).
Removed top 4 bits (of 19) from port B of cell ex254_semantic_e4acc_fp4prod_prodtable_qcase.$procmux$833_CMP0 ($eq).
Removed top 4 bits (of 19) from port B of cell ex254_semantic_e4acc_fp4prod_prodtable_qcase.$procmux$834_CMP0 ($eq).
Removed top 4 bits (of 19) from port B of cell ex254_semantic_e4acc_fp4prod_prodtable_qcase.$procmux$835_CMP0 ($eq).
Removed top 4 bits (of 19) from port B of cell ex254_semantic_e4acc_fp4prod_prodtable_qcase.$procmux$836_CMP0 ($eq).
Removed top 4 bits (of 19) from port B of cell ex254_semantic_e4acc_fp4prod_prodtable_qcase.$procmux$837_CMP0 ($eq).
Removed top 4 bits (of 19) from port B of cell ex254_semantic_e4acc_fp4prod_prodtable_qcase.$procmux$838_CMP0 ($eq).
Removed top 4 bits (of 19) from port B of cell ex254_semantic_e4acc_fp4prod_prodtable_qcase.$procmux$839_CMP0 ($eq).
Removed top 4 bits (of 19) from port B of cell ex254_semantic_e4acc_fp4prod_prodtable_qcase.$procmux$840_CMP0 ($eq).
Removed top 4 bits (of 19) from port B of cell ex254_semantic_e4acc_fp4prod_prodtable_qcase.$procmux$841_CMP0 ($eq).
Removed top 4 bits (of 19) from port B of cell ex254_semantic_e4acc_fp4prod_prodtable_qcase.$procmux$842_CMP0 ($eq).
Removed top 4 bits (of 19) from port B of cell ex254_semantic_e4acc_fp4prod_prodtable_qcase.$procmux$843_CMP0 ($eq).
Removed top 4 bits (of 19) from port B of cell ex254_semantic_e4acc_fp4prod_prodtable_qcase.$procmux$844_CMP0 ($eq).
Removed top 4 bits (of 19) from port B of cell ex254_semantic_e4acc_fp4prod_prodtable_qcase.$procmux$845_CMP0 ($eq).
Removed top 4 bits (of 19) from port B of cell ex254_semantic_e4acc_fp4prod_prodtable_qcase.$procmux$846_CMP0 ($eq).
Removed top 4 bits (of 19) from port B of cell ex254_semantic_e4acc_fp4prod_prodtable_qcase.$procmux$847_CMP0 ($eq).
Removed top 4 bits (of 19) from port B of cell ex254_semantic_e4acc_fp4prod_prodtable_qcase.$procmux$848_CMP0 ($eq).
Removed top 4 bits (of 19) from port B of cell ex254_semantic_e4acc_fp4prod_prodtable_qcase.$procmux$849_CMP0 ($eq).
Removed top 4 bits (of 19) from port B of cell ex254_semantic_e4acc_fp4prod_prodtable_qcase.$procmux$850_CMP0 ($eq).
Removed top 4 bits (of 19) from port B of cell ex254_semantic_e4acc_fp4prod_prodtable_qcase.$procmux$851_CMP0 ($eq).
Removed top 4 bits (of 19) from port B of cell ex254_semantic_e4acc_fp4prod_prodtable_qcase.$procmux$852_CMP0 ($eq).
Removed top 4 bits (of 19) from port B of cell ex254_semantic_e4acc_fp4prod_prodtable_qcase.$procmux$853_CMP0 ($eq).
Removed top 4 bits (of 19) from port B of cell ex254_semantic_e4acc_fp4prod_prodtable_qcase.$procmux$854_CMP0 ($eq).
Removed top 4 bits (of 19) from port B of cell ex254_semantic_e4acc_fp4prod_prodtable_qcase.$procmux$855_CMP0 ($eq).
Removed top 4 bits (of 19) from port B of cell ex254_semantic_e4acc_fp4prod_prodtable_qcase.$procmux$856_CMP0 ($eq).
Removed top 4 bits (of 19) from port B of cell ex254_semantic_e4acc_fp4prod_prodtable_qcase.$procmux$857_CMP0 ($eq).
Removed top 4 bits (of 19) from port B of cell ex254_semantic_e4acc_fp4prod_prodtable_qcase.$procmux$858_CMP0 ($eq).
Removed top 4 bits (of 19) from port B of cell ex254_semantic_e4acc_fp4prod_prodtable_qcase.$procmux$859_CMP0 ($eq).
Removed top 4 bits (of 19) from port B of cell ex254_semantic_e4acc_fp4prod_prodtable_qcase.$procmux$860_CMP0 ($eq).
Removed top 4 bits (of 19) from port B of cell ex254_semantic_e4acc_fp4prod_prodtable_qcase.$procmux$861_CMP0 ($eq).
Removed top 4 bits (of 19) from port B of cell ex254_semantic_e4acc_fp4prod_prodtable_qcase.$procmux$862_CMP0 ($eq).
Removed top 4 bits (of 19) from port B of cell ex254_semantic_e4acc_fp4prod_prodtable_qcase.$procmux$863_CMP0 ($eq).
Removed top 4 bits (of 19) from port B of cell ex254_semantic_e4acc_fp4prod_prodtable_qcase.$procmux$864_CMP0 ($eq).
Removed top 4 bits (of 19) from port B of cell ex254_semantic_e4acc_fp4prod_prodtable_qcase.$procmux$865_CMP0 ($eq).
Removed top 4 bits (of 19) from port B of cell ex254_semantic_e4acc_fp4prod_prodtable_qcase.$procmux$866_CMP0 ($eq).
Removed top 4 bits (of 19) from port B of cell ex254_semantic_e4acc_fp4prod_prodtable_qcase.$procmux$867_CMP0 ($eq).
Removed top 4 bits (of 19) from port B of cell ex254_semantic_e4acc_fp4prod_prodtable_qcase.$procmux$868_CMP0 ($eq).
Removed top 4 bits (of 19) from port B of cell ex254_semantic_e4acc_fp4prod_prodtable_qcase.$procmux$869_CMP0 ($eq).
Removed top 4 bits (of 19) from port B of cell ex254_semantic_e4acc_fp4prod_prodtable_qcase.$procmux$870_CMP0 ($eq).
Removed top 4 bits (of 19) from port B of cell ex254_semantic_e4acc_fp4prod_prodtable_qcase.$procmux$871_CMP0 ($eq).
Removed top 4 bits (of 19) from port B of cell ex254_semantic_e4acc_fp4prod_prodtable_qcase.$procmux$872_CMP0 ($eq).
Removed top 4 bits (of 19) from port B of cell ex254_semantic_e4acc_fp4prod_prodtable_qcase.$procmux$873_CMP0 ($eq).
Removed top 4 bits (of 19) from port B of cell ex254_semantic_e4acc_fp4prod_prodtable_qcase.$procmux$874_CMP0 ($eq).
Removed top 4 bits (of 19) from port B of cell ex254_semantic_e4acc_fp4prod_prodtable_qcase.$procmux$875_CMP0 ($eq).
Removed top 4 bits (of 19) from port B of cell ex254_semantic_e4acc_fp4prod_prodtable_qcase.$procmux$876_CMP0 ($eq).
Removed top 5 bits (of 19) from port B of cell ex254_semantic_e4acc_fp4prod_prodtable_qcase.$procmux$877_CMP0 ($eq).
Removed top 5 bits (of 19) from port B of cell ex254_semantic_e4acc_fp4prod_prodtable_qcase.$procmux$878_CMP0 ($eq).
Removed top 5 bits (of 19) from port B of cell ex254_semantic_e4acc_fp4prod_prodtable_qcase.$procmux$879_CMP0 ($eq).
Removed top 5 bits (of 19) from port B of cell ex254_semantic_e4acc_fp4prod_prodtable_qcase.$procmux$880_CMP0 ($eq).
Removed top 5 bits (of 19) from port B of cell ex254_semantic_e4acc_fp4prod_prodtable_qcase.$procmux$881_CMP0 ($eq).
Removed top 5 bits (of 19) from port B of cell ex254_semantic_e4acc_fp4prod_prodtable_qcase.$procmux$882_CMP0 ($eq).
Removed top 5 bits (of 19) from port B of cell ex254_semantic_e4acc_fp4prod_prodtable_qcase.$procmux$883_CMP0 ($eq).
Removed top 5 bits (of 19) from port B of cell ex254_semantic_e4acc_fp4prod_prodtable_qcase.$procmux$884_CMP0 ($eq).
Removed top 5 bits (of 19) from port B of cell ex254_semantic_e4acc_fp4prod_prodtable_qcase.$procmux$885_CMP0 ($eq).
Removed top 5 bits (of 19) from port B of cell ex254_semantic_e4acc_fp4prod_prodtable_qcase.$procmux$886_CMP0 ($eq).
Removed top 5 bits (of 19) from port B of cell ex254_semantic_e4acc_fp4prod_prodtable_qcase.$procmux$887_CMP0 ($eq).
Removed top 5 bits (of 19) from port B of cell ex254_semantic_e4acc_fp4prod_prodtable_qcase.$procmux$888_CMP0 ($eq).
Removed top 5 bits (of 19) from port B of cell ex254_semantic_e4acc_fp4prod_prodtable_qcase.$procmux$889_CMP0 ($eq).
Removed top 5 bits (of 19) from port B of cell ex254_semantic_e4acc_fp4prod_prodtable_qcase.$procmux$890_CMP0 ($eq).
Removed top 5 bits (of 19) from port B of cell ex254_semantic_e4acc_fp4prod_prodtable_qcase.$procmux$891_CMP0 ($eq).
Removed top 5 bits (of 19) from port B of cell ex254_semantic_e4acc_fp4prod_prodtable_qcase.$procmux$892_CMP0 ($eq).
Removed top 5 bits (of 19) from port B of cell ex254_semantic_e4acc_fp4prod_prodtable_qcase.$procmux$893_CMP0 ($eq).
Removed top 5 bits (of 19) from port B of cell ex254_semantic_e4acc_fp4prod_prodtable_qcase.$procmux$894_CMP0 ($eq).
Removed top 5 bits (of 19) from port B of cell ex254_semantic_e4acc_fp4prod_prodtable_qcase.$procmux$895_CMP0 ($eq).
Removed top 5 bits (of 19) from port B of cell ex254_semantic_e4acc_fp4prod_prodtable_qcase.$procmux$896_CMP0 ($eq).
Removed top 5 bits (of 19) from port B of cell ex254_semantic_e4acc_fp4prod_prodtable_qcase.$procmux$897_CMP0 ($eq).
Removed top 5 bits (of 19) from port B of cell ex254_semantic_e4acc_fp4prod_prodtable_qcase.$procmux$898_CMP0 ($eq).
Removed top 5 bits (of 19) from port B of cell ex254_semantic_e4acc_fp4prod_prodtable_qcase.$procmux$899_CMP0 ($eq).
Removed top 5 bits (of 19) from port B of cell ex254_semantic_e4acc_fp4prod_prodtable_qcase.$procmux$900_CMP0 ($eq).
Removed top 5 bits (of 19) from port B of cell ex254_semantic_e4acc_fp4prod_prodtable_qcase.$procmux$901_CMP0 ($eq).
Removed top 5 bits (of 19) from port B of cell ex254_semantic_e4acc_fp4prod_prodtable_qcase.$procmux$902_CMP0 ($eq).
Removed top 5 bits (of 19) from port B of cell ex254_semantic_e4acc_fp4prod_prodtable_qcase.$procmux$903_CMP0 ($eq).
Removed top 5 bits (of 19) from port B of cell ex254_semantic_e4acc_fp4prod_prodtable_qcase.$procmux$904_CMP0 ($eq).
Removed top 5 bits (of 19) from port B of cell ex254_semantic_e4acc_fp4prod_prodtable_qcase.$procmux$905_CMP0 ($eq).
Removed top 5 bits (of 19) from port B of cell ex254_semantic_e4acc_fp4prod_prodtable_qcase.$procmux$906_CMP0 ($eq).
Removed top 5 bits (of 19) from port B of cell ex254_semantic_e4acc_fp4prod_prodtable_qcase.$procmux$907_CMP0 ($eq).
Removed top 5 bits (of 19) from port B of cell ex254_semantic_e4acc_fp4prod_prodtable_qcase.$procmux$908_CMP0 ($eq).
Removed top 5 bits (of 19) from port B of cell ex254_semantic_e4acc_fp4prod_prodtable_qcase.$procmux$909_CMP0 ($eq).
Removed top 5 bits (of 19) from port B of cell ex254_semantic_e4acc_fp4prod_prodtable_qcase.$procmux$910_CMP0 ($eq).
Removed top 5 bits (of 19) from port B of cell ex254_semantic_e4acc_fp4prod_prodtable_qcase.$procmux$911_CMP0 ($eq).
Removed top 5 bits (of 19) from port B of cell ex254_semantic_e4acc_fp4prod_prodtable_qcase.$procmux$912_CMP0 ($eq).
Removed top 5 bits (of 19) from port B of cell ex254_semantic_e4acc_fp4prod_prodtable_qcase.$procmux$913_CMP0 ($eq).
Removed top 5 bits (of 19) from port B of cell ex254_semantic_e4acc_fp4prod_prodtable_qcase.$procmux$914_CMP0 ($eq).
Removed top 5 bits (of 19) from port B of cell ex254_semantic_e4acc_fp4prod_prodtable_qcase.$procmux$915_CMP0 ($eq).
Removed top 5 bits (of 19) from port B of cell ex254_semantic_e4acc_fp4prod_prodtable_qcase.$procmux$916_CMP0 ($eq).
Removed top 5 bits (of 19) from port B of cell ex254_semantic_e4acc_fp4prod_prodtable_qcase.$procmux$917_CMP0 ($eq).
Removed top 5 bits (of 19) from port B of cell ex254_semantic_e4acc_fp4prod_prodtable_qcase.$procmux$918_CMP0 ($eq).
Removed top 5 bits (of 19) from port B of cell ex254_semantic_e4acc_fp4prod_prodtable_qcase.$procmux$919_CMP0 ($eq).
Removed top 5 bits (of 19) from port B of cell ex254_semantic_e4acc_fp4prod_prodtable_qcase.$procmux$920_CMP0 ($eq).
Removed top 5 bits (of 19) from port B of cell ex254_semantic_e4acc_fp4prod_prodtable_qcase.$procmux$921_CMP0 ($eq).
Removed top 5 bits (of 19) from port B of cell ex254_semantic_e4acc_fp4prod_prodtable_qcase.$procmux$922_CMP0 ($eq).
Removed top 5 bits (of 19) from port B of cell ex254_semantic_e4acc_fp4prod_prodtable_qcase.$procmux$923_CMP0 ($eq).
Removed top 5 bits (of 19) from port B of cell ex254_semantic_e4acc_fp4prod_prodtable_qcase.$procmux$924_CMP0 ($eq).
Removed top 5 bits (of 19) from port B of cell ex254_semantic_e4acc_fp4prod_prodtable_qcase.$procmux$925_CMP0 ($eq).
Removed top 5 bits (of 19) from port B of cell ex254_semantic_e4acc_fp4prod_prodtable_qcase.$procmux$926_CMP0 ($eq).
Removed top 5 bits (of 19) from port B of cell ex254_semantic_e4acc_fp4prod_prodtable_qcase.$procmux$927_CMP0 ($eq).
Removed top 5 bits (of 19) from port B of cell ex254_semantic_e4acc_fp4prod_prodtable_qcase.$procmux$928_CMP0 ($eq).
Removed top 5 bits (of 19) from port B of cell ex254_semantic_e4acc_fp4prod_prodtable_qcase.$procmux$929_CMP0 ($eq).
Removed top 5 bits (of 19) from port B of cell ex254_semantic_e4acc_fp4prod_prodtable_qcase.$procmux$930_CMP0 ($eq).
Removed top 5 bits (of 19) from port B of cell ex254_semantic_e4acc_fp4prod_prodtable_qcase.$procmux$931_CMP0 ($eq).
Removed top 5 bits (of 19) from port B of cell ex254_semantic_e4acc_fp4prod_prodtable_qcase.$procmux$932_CMP0 ($eq).
Removed top 5 bits (of 19) from port B of cell ex254_semantic_e4acc_fp4prod_prodtable_qcase.$procmux$933_CMP0 ($eq).
Removed top 5 bits (of 19) from port B of cell ex254_semantic_e4acc_fp4prod_prodtable_qcase.$procmux$934_CMP0 ($eq).
Removed top 5 bits (of 19) from port B of cell ex254_semantic_e4acc_fp4prod_prodtable_qcase.$procmux$935_CMP0 ($eq).
Removed top 5 bits (of 19) from port B of cell ex254_semantic_e4acc_fp4prod_prodtable_qcase.$procmux$936_CMP0 ($eq).
Removed top 5 bits (of 19) from port B of cell ex254_semantic_e4acc_fp4prod_prodtable_qcase.$procmux$937_CMP0 ($eq).
Removed top 5 bits (of 19) from port B of cell ex254_semantic_e4acc_fp4prod_prodtable_qcase.$procmux$938_CMP0 ($eq).
Removed top 5 bits (of 19) from port B of cell ex254_semantic_e4acc_fp4prod_prodtable_qcase.$procmux$939_CMP0 ($eq).
Removed top 5 bits (of 19) from port B of cell ex254_semantic_e4acc_fp4prod_prodtable_qcase.$procmux$940_CMP0 ($eq).
Removed top 5 bits (of 19) from port B of cell ex254_semantic_e4acc_fp4prod_prodtable_qcase.$procmux$941_CMP0 ($eq).
Removed top 5 bits (of 19) from port B of cell ex254_semantic_e4acc_fp4prod_prodtable_qcase.$procmux$942_CMP0 ($eq).
Removed top 5 bits (of 19) from port B of cell ex254_semantic_e4acc_fp4prod_prodtable_qcase.$procmux$943_CMP0 ($eq).
Removed top 5 bits (of 19) from port B of cell ex254_semantic_e4acc_fp4prod_prodtable_qcase.$procmux$944_CMP0 ($eq).
Removed top 5 bits (of 19) from port B of cell ex254_semantic_e4acc_fp4prod_prodtable_qcase.$procmux$945_CMP0 ($eq).
Removed top 5 bits (of 19) from port B of cell ex254_semantic_e4acc_fp4prod_prodtable_qcase.$procmux$946_CMP0 ($eq).
Removed top 5 bits (of 19) from port B of cell ex254_semantic_e4acc_fp4prod_prodtable_qcase.$procmux$947_CMP0 ($eq).
Removed top 5 bits (of 19) from port B of cell ex254_semantic_e4acc_fp4prod_prodtable_qcase.$procmux$948_CMP0 ($eq).
Removed top 5 bits (of 19) from port B of cell ex254_semantic_e4acc_fp4prod_prodtable_qcase.$procmux$949_CMP0 ($eq).
Removed top 5 bits (of 19) from port B of cell ex254_semantic_e4acc_fp4prod_prodtable_qcase.$procmux$950_CMP0 ($eq).
Removed top 5 bits (of 19) from port B of cell ex254_semantic_e4acc_fp4prod_prodtable_qcase.$procmux$951_CMP0 ($eq).
Removed top 5 bits (of 19) from port B of cell ex254_semantic_e4acc_fp4prod_prodtable_qcase.$procmux$952_CMP0 ($eq).
Removed top 5 bits (of 19) from port B of cell ex254_semantic_e4acc_fp4prod_prodtable_qcase.$procmux$953_CMP0 ($eq).
Removed top 5 bits (of 19) from port B of cell ex254_semantic_e4acc_fp4prod_prodtable_qcase.$procmux$954_CMP0 ($eq).
Removed top 5 bits (of 19) from port B of cell ex254_semantic_e4acc_fp4prod_prodtable_qcase.$procmux$955_CMP0 ($eq).
Removed top 5 bits (of 19) from port B of cell ex254_semantic_e4acc_fp4prod_prodtable_qcase.$procmux$956_CMP0 ($eq).
Removed top 5 bits (of 19) from port B of cell ex254_semantic_e4acc_fp4prod_prodtable_qcase.$procmux$957_CMP0 ($eq).
Removed top 5 bits (of 19) from port B of cell ex254_semantic_e4acc_fp4prod_prodtable_qcase.$procmux$958_CMP0 ($eq).
Removed top 5 bits (of 19) from port B of cell ex254_semantic_e4acc_fp4prod_prodtable_qcase.$procmux$959_CMP0 ($eq).
Removed top 5 bits (of 19) from port B of cell ex254_semantic_e4acc_fp4prod_prodtable_qcase.$procmux$960_CMP0 ($eq).
Removed top 5 bits (of 19) from port B of cell ex254_semantic_e4acc_fp4prod_prodtable_qcase.$procmux$961_CMP0 ($eq).
Removed top 5 bits (of 19) from port B of cell ex254_semantic_e4acc_fp4prod_prodtable_qcase.$procmux$962_CMP0 ($eq).
Removed top 5 bits (of 19) from port B of cell ex254_semantic_e4acc_fp4prod_prodtable_qcase.$procmux$963_CMP0 ($eq).
Removed top 5 bits (of 19) from port B of cell ex254_semantic_e4acc_fp4prod_prodtable_qcase.$procmux$964_CMP0 ($eq).
Removed top 5 bits (of 19) from port B of cell ex254_semantic_e4acc_fp4prod_prodtable_qcase.$procmux$965_CMP0 ($eq).
Removed top 5 bits (of 19) from port B of cell ex254_semantic_e4acc_fp4prod_prodtable_qcase.$procmux$966_CMP0 ($eq).
Removed top 5 bits (of 19) from port B of cell ex254_semantic_e4acc_fp4prod_prodtable_qcase.$procmux$967_CMP0 ($eq).
Removed top 5 bits (of 19) from port B of cell ex254_semantic_e4acc_fp4prod_prodtable_qcase.$procmux$968_CMP0 ($eq).
Removed top 5 bits (of 19) from port B of cell ex254_semantic_e4acc_fp4prod_prodtable_qcase.$procmux$969_CMP0 ($eq).
Removed top 5 bits (of 19) from port B of cell ex254_semantic_e4acc_fp4prod_prodtable_qcase.$procmux$970_CMP0 ($eq).
Removed top 5 bits (of 19) from port B of cell ex254_semantic_e4acc_fp4prod_prodtable_qcase.$procmux$971_CMP0 ($eq).
Removed top 5 bits (of 19) from port B of cell ex254_semantic_e4acc_fp4prod_prodtable_qcase.$procmux$972_CMP0 ($eq).
Removed top 5 bits (of 19) from port B of cell ex254_semantic_e4acc_fp4prod_prodtable_qcase.$procmux$973_CMP0 ($eq).
Removed top 5 bits (of 19) from port B of cell ex254_semantic_e4acc_fp4prod_prodtable_qcase.$procmux$974_CMP0 ($eq).
Removed top 5 bits (of 19) from port B of cell ex254_semantic_e4acc_fp4prod_prodtable_qcase.$procmux$975_CMP0 ($eq).
Removed top 5 bits (of 19) from port B of cell ex254_semantic_e4acc_fp4prod_prodtable_qcase.$procmux$976_CMP0 ($eq).
Removed top 5 bits (of 19) from port B of cell ex254_semantic_e4acc_fp4prod_prodtable_qcase.$procmux$977_CMP0 ($eq).
Removed top 5 bits (of 19) from port B of cell ex254_semantic_e4acc_fp4prod_prodtable_qcase.$procmux$978_CMP0 ($eq).
Removed top 5 bits (of 19) from port B of cell ex254_semantic_e4acc_fp4prod_prodtable_qcase.$procmux$979_CMP0 ($eq).
Removed top 5 bits (of 19) from port B of cell ex254_semantic_e4acc_fp4prod_prodtable_qcase.$procmux$980_CMP0 ($eq).
Removed top 5 bits (of 19) from port B of cell ex254_semantic_e4acc_fp4prod_prodtable_qcase.$procmux$981_CMP0 ($eq).
Removed top 5 bits (of 19) from port B of cell ex254_semantic_e4acc_fp4prod_prodtable_qcase.$procmux$982_CMP0 ($eq).
Removed top 5 bits (of 19) from port B of cell ex254_semantic_e4acc_fp4prod_prodtable_qcase.$procmux$983_CMP0 ($eq).
Removed top 5 bits (of 19) from port B of cell ex254_semantic_e4acc_fp4prod_prodtable_qcase.$procmux$984_CMP0 ($eq).
Removed top 5 bits (of 19) from port B of cell ex254_semantic_e4acc_fp4prod_prodtable_qcase.$procmux$985_CMP0 ($eq).
Removed top 5 bits (of 19) from port B of cell ex254_semantic_e4acc_fp4prod_prodtable_qcase.$procmux$986_CMP0 ($eq).
Removed top 5 bits (of 19) from port B of cell ex254_semantic_e4acc_fp4prod_prodtable_qcase.$procmux$987_CMP0 ($eq).
Removed top 5 bits (of 19) from port B of cell ex254_semantic_e4acc_fp4prod_prodtable_qcase.$procmux$988_CMP0 ($eq).
Removed top 5 bits (of 19) from port B of cell ex254_semantic_e4acc_fp4prod_prodtable_qcase.$procmux$989_CMP0 ($eq).
Removed top 5 bits (of 19) from port B of cell ex254_semantic_e4acc_fp4prod_prodtable_qcase.$procmux$990_CMP0 ($eq).
Removed top 5 bits (of 19) from port B of cell ex254_semantic_e4acc_fp4prod_prodtable_qcase.$procmux$991_CMP0 ($eq).
Removed top 5 bits (of 19) from port B of cell ex254_semantic_e4acc_fp4prod_prodtable_qcase.$procmux$992_CMP0 ($eq).
Removed top 5 bits (of 19) from port B of cell ex254_semantic_e4acc_fp4prod_prodtable_qcase.$procmux$993_CMP0 ($eq).
Removed top 5 bits (of 19) from port B of cell ex254_semantic_e4acc_fp4prod_prodtable_qcase.$procmux$994_CMP0 ($eq).
Removed top 5 bits (of 19) from port B of cell ex254_semantic_e4acc_fp4prod_prodtable_qcase.$procmux$995_CMP0 ($eq).
Removed top 5 bits (of 19) from port B of cell ex254_semantic_e4acc_fp4prod_prodtable_qcase.$procmux$996_CMP0 ($eq).
Removed top 5 bits (of 19) from port B of cell ex254_semantic_e4acc_fp4prod_prodtable_qcase.$procmux$997_CMP0 ($eq).
Removed top 5 bits (of 19) from port B of cell ex254_semantic_e4acc_fp4prod_prodtable_qcase.$procmux$998_CMP0 ($eq).
Removed top 5 bits (of 19) from port B of cell ex254_semantic_e4acc_fp4prod_prodtable_qcase.$procmux$999_CMP0 ($eq).
Removed top 5 bits (of 19) from port B of cell ex254_semantic_e4acc_fp4prod_prodtable_qcase.$procmux$1000_CMP0 ($eq).
Removed top 5 bits (of 19) from port B of cell ex254_semantic_e4acc_fp4prod_prodtable_qcase.$procmux$1001_CMP0 ($eq).
Removed top 5 bits (of 19) from port B of cell ex254_semantic_e4acc_fp4prod_prodtable_qcase.$procmux$1002_CMP0 ($eq).
Removed top 5 bits (of 19) from port B of cell ex254_semantic_e4acc_fp4prod_prodtable_qcase.$procmux$1003_CMP0 ($eq).
Removed top 5 bits (of 19) from port B of cell ex254_semantic_e4acc_fp4prod_prodtable_qcase.$procmux$1004_CMP0 ($eq).
Removed top 5 bits (of 19) from port B of cell ex254_semantic_e4acc_fp4prod_prodtable_qcase.$procmux$1005_CMP0 ($eq).
Removed top 5 bits (of 19) from port B of cell ex254_semantic_e4acc_fp4prod_prodtable_qcase.$procmux$1006_CMP0 ($eq).
Removed top 5 bits (of 19) from port B of cell ex254_semantic_e4acc_fp4prod_prodtable_qcase.$procmux$1007_CMP0 ($eq).
Removed top 5 bits (of 19) from port B of cell ex254_semantic_e4acc_fp4prod_prodtable_qcase.$procmux$1008_CMP0 ($eq).
Removed top 5 bits (of 19) from port B of cell ex254_semantic_e4acc_fp4prod_prodtable_qcase.$procmux$1009_CMP0 ($eq).
Removed top 5 bits (of 19) from port B of cell ex254_semantic_e4acc_fp4prod_prodtable_qcase.$procmux$1010_CMP0 ($eq).
Removed top 5 bits (of 19) from port B of cell ex254_semantic_e4acc_fp4prod_prodtable_qcase.$procmux$1011_CMP0 ($eq).
Removed top 5 bits (of 19) from port B of cell ex254_semantic_e4acc_fp4prod_prodtable_qcase.$procmux$1012_CMP0 ($eq).
Removed top 5 bits (of 19) from port B of cell ex254_semantic_e4acc_fp4prod_prodtable_qcase.$procmux$1013_CMP0 ($eq).
Removed top 5 bits (of 19) from port B of cell ex254_semantic_e4acc_fp4prod_prodtable_qcase.$procmux$1014_CMP0 ($eq).
Removed top 5 bits (of 19) from port B of cell ex254_semantic_e4acc_fp4prod_prodtable_qcase.$procmux$1015_CMP0 ($eq).
Removed top 5 bits (of 19) from port B of cell ex254_semantic_e4acc_fp4prod_prodtable_qcase.$procmux$1016_CMP0 ($eq).
Removed top 5 bits (of 19) from port B of cell ex254_semantic_e4acc_fp4prod_prodtable_qcase.$procmux$1017_CMP0 ($eq).
Removed top 5 bits (of 19) from port B of cell ex254_semantic_e4acc_fp4prod_prodtable_qcase.$procmux$1018_CMP0 ($eq).
Removed top 5 bits (of 19) from port B of cell ex254_semantic_e4acc_fp4prod_prodtable_qcase.$procmux$1019_CMP0 ($eq).
Removed top 5 bits (of 19) from port B of cell ex254_semantic_e4acc_fp4prod_prodtable_qcase.$procmux$1020_CMP0 ($eq).
Removed top 5 bits (of 19) from port B of cell ex254_semantic_e4acc_fp4prod_prodtable_qcase.$procmux$1021_CMP0 ($eq).
Removed top 5 bits (of 19) from port B of cell ex254_semantic_e4acc_fp4prod_prodtable_qcase.$procmux$1022_CMP0 ($eq).
Removed top 5 bits (of 19) from port B of cell ex254_semantic_e4acc_fp4prod_prodtable_qcase.$procmux$1023_CMP0 ($eq).
Removed top 5 bits (of 19) from port B of cell ex254_semantic_e4acc_fp4prod_prodtable_qcase.$procmux$1024_CMP0 ($eq).
Removed top 5 bits (of 19) from port B of cell ex254_semantic_e4acc_fp4prod_prodtable_qcase.$procmux$1025_CMP0 ($eq).
Removed top 5 bits (of 19) from port B of cell ex254_semantic_e4acc_fp4prod_prodtable_qcase.$procmux$1026_CMP0 ($eq).
Removed top 5 bits (of 19) from port B of cell ex254_semantic_e4acc_fp4prod_prodtable_qcase.$procmux$1027_CMP0 ($eq).
Removed top 5 bits (of 19) from port B of cell ex254_semantic_e4acc_fp4prod_prodtable_qcase.$procmux$1028_CMP0 ($eq).
Removed top 5 bits (of 19) from port B of cell ex254_semantic_e4acc_fp4prod_prodtable_qcase.$procmux$1029_CMP0 ($eq).
Removed top 5 bits (of 19) from port B of cell ex254_semantic_e4acc_fp4prod_prodtable_qcase.$procmux$1030_CMP0 ($eq).
Removed top 5 bits (of 19) from port B of cell ex254_semantic_e4acc_fp4prod_prodtable_qcase.$procmux$1031_CMP0 ($eq).
Removed top 5 bits (of 19) from port B of cell ex254_semantic_e4acc_fp4prod_prodtable_qcase.$procmux$1032_CMP0 ($eq).
Removed top 5 bits (of 19) from port B of cell ex254_semantic_e4acc_fp4prod_prodtable_qcase.$procmux$1033_CMP0 ($eq).
Removed top 5 bits (of 19) from port B of cell ex254_semantic_e4acc_fp4prod_prodtable_qcase.$procmux$1034_CMP0 ($eq).
Removed top 5 bits (of 19) from port B of cell ex254_semantic_e4acc_fp4prod_prodtable_qcase.$procmux$1035_CMP0 ($eq).
Removed top 5 bits (of 19) from port B of cell ex254_semantic_e4acc_fp4prod_prodtable_qcase.$procmux$1036_CMP0 ($eq).
Removed top 5 bits (of 19) from port B of cell ex254_semantic_e4acc_fp4prod_prodtable_qcase.$procmux$1037_CMP0 ($eq).
Removed top 5 bits (of 19) from port B of cell ex254_semantic_e4acc_fp4prod_prodtable_qcase.$procmux$1038_CMP0 ($eq).
Removed top 5 bits (of 19) from port B of cell ex254_semantic_e4acc_fp4prod_prodtable_qcase.$procmux$1039_CMP0 ($eq).
Removed top 5 bits (of 19) from port B of cell ex254_semantic_e4acc_fp4prod_prodtable_qcase.$procmux$1040_CMP0 ($eq).
Removed top 5 bits (of 19) from port B of cell ex254_semantic_e4acc_fp4prod_prodtable_qcase.$procmux$1041_CMP0 ($eq).
Removed top 5 bits (of 19) from port B of cell ex254_semantic_e4acc_fp4prod_prodtable_qcase.$procmux$1042_CMP0 ($eq).
Removed top 5 bits (of 19) from port B of cell ex254_semantic_e4acc_fp4prod_prodtable_qcase.$procmux$1043_CMP0 ($eq).
Removed top 5 bits (of 19) from port B of cell ex254_semantic_e4acc_fp4prod_prodtable_qcase.$procmux$1044_CMP0 ($eq).
Removed top 5 bits (of 19) from port B of cell ex254_semantic_e4acc_fp4prod_prodtable_qcase.$procmux$1045_CMP0 ($eq).
Removed top 5 bits (of 19) from port B of cell ex254_semantic_e4acc_fp4prod_prodtable_qcase.$procmux$1046_CMP0 ($eq).
Removed top 5 bits (of 19) from port B of cell ex254_semantic_e4acc_fp4prod_prodtable_qcase.$procmux$1047_CMP0 ($eq).
Removed top 5 bits (of 19) from port B of cell ex254_semantic_e4acc_fp4prod_prodtable_qcase.$procmux$1048_CMP0 ($eq).
Removed top 5 bits (of 19) from port B of cell ex254_semantic_e4acc_fp4prod_prodtable_qcase.$procmux$1049_CMP0 ($eq).
Removed top 5 bits (of 19) from port B of cell ex254_semantic_e4acc_fp4prod_prodtable_qcase.$procmux$1050_CMP0 ($eq).
Removed top 5 bits (of 19) from port B of cell ex254_semantic_e4acc_fp4prod_prodtable_qcase.$procmux$1051_CMP0 ($eq).
Removed top 5 bits (of 19) from port B of cell ex254_semantic_e4acc_fp4prod_prodtable_qcase.$procmux$1052_CMP0 ($eq).
Removed top 5 bits (of 19) from port B of cell ex254_semantic_e4acc_fp4prod_prodtable_qcase.$procmux$1053_CMP0 ($eq).
Removed top 5 bits (of 19) from port B of cell ex254_semantic_e4acc_fp4prod_prodtable_qcase.$procmux$1054_CMP0 ($eq).
Removed top 5 bits (of 19) from port B of cell ex254_semantic_e4acc_fp4prod_prodtable_qcase.$procmux$1055_CMP0 ($eq).
Removed top 5 bits (of 19) from port B of cell ex254_semantic_e4acc_fp4prod_prodtable_qcase.$procmux$1056_CMP0 ($eq).
Removed top 5 bits (of 19) from port B of cell ex254_semantic_e4acc_fp4prod_prodtable_qcase.$procmux$1057_CMP0 ($eq).
Removed top 5 bits (of 19) from port B of cell ex254_semantic_e4acc_fp4prod_prodtable_qcase.$procmux$1058_CMP0 ($eq).
Removed top 5 bits (of 19) from port B of cell ex254_semantic_e4acc_fp4prod_prodtable_qcase.$procmux$1059_CMP0 ($eq).
Removed top 5 bits (of 19) from port B of cell ex254_semantic_e4acc_fp4prod_prodtable_qcase.$procmux$1060_CMP0 ($eq).
Removed top 5 bits (of 19) from port B of cell ex254_semantic_e4acc_fp4prod_prodtable_qcase.$procmux$1061_CMP0 ($eq).
Removed top 5 bits (of 19) from port B of cell ex254_semantic_e4acc_fp4prod_prodtable_qcase.$procmux$1062_CMP0 ($eq).
Removed top 5 bits (of 19) from port B of cell ex254_semantic_e4acc_fp4prod_prodtable_qcase.$procmux$1063_CMP0 ($eq).
Removed top 5 bits (of 19) from port B of cell ex254_semantic_e4acc_fp4prod_prodtable_qcase.$procmux$1064_CMP0 ($eq).
Removed top 5 bits (of 19) from port B of cell ex254_semantic_e4acc_fp4prod_prodtable_qcase.$procmux$1065_CMP0 ($eq).
Removed top 5 bits (of 19) from port B of cell ex254_semantic_e4acc_fp4prod_prodtable_qcase.$procmux$1066_CMP0 ($eq).
Removed top 5 bits (of 19) from port B of cell ex254_semantic_e4acc_fp4prod_prodtable_qcase.$procmux$1067_CMP0 ($eq).
Removed top 5 bits (of 19) from port B of cell ex254_semantic_e4acc_fp4prod_prodtable_qcase.$procmux$1068_CMP0 ($eq).
Removed top 5 bits (of 19) from port B of cell ex254_semantic_e4acc_fp4prod_prodtable_qcase.$procmux$1069_CMP0 ($eq).
Removed top 5 bits (of 19) from port B of cell ex254_semantic_e4acc_fp4prod_prodtable_qcase.$procmux$1070_CMP0 ($eq).
Removed top 5 bits (of 19) from port B of cell ex254_semantic_e4acc_fp4prod_prodtable_qcase.$procmux$1071_CMP0 ($eq).
Removed top 5 bits (of 19) from port B of cell ex254_semantic_e4acc_fp4prod_prodtable_qcase.$procmux$1072_CMP0 ($eq).
Removed top 5 bits (of 19) from port B of cell ex254_semantic_e4acc_fp4prod_prodtable_qcase.$procmux$1073_CMP0 ($eq).
Removed top 5 bits (of 19) from port B of cell ex254_semantic_e4acc_fp4prod_prodtable_qcase.$procmux$1074_CMP0 ($eq).
Removed top 5 bits (of 19) from port B of cell ex254_semantic_e4acc_fp4prod_prodtable_qcase.$procmux$1075_CMP0 ($eq).
Removed top 5 bits (of 19) from port B of cell ex254_semantic_e4acc_fp4prod_prodtable_qcase.$procmux$1076_CMP0 ($eq).
Removed top 5 bits (of 19) from port B of cell ex254_semantic_e4acc_fp4prod_prodtable_qcase.$procmux$1077_CMP0 ($eq).
Removed top 5 bits (of 19) from port B of cell ex254_semantic_e4acc_fp4prod_prodtable_qcase.$procmux$1078_CMP0 ($eq).
Removed top 5 bits (of 19) from port B of cell ex254_semantic_e4acc_fp4prod_prodtable_qcase.$procmux$1079_CMP0 ($eq).
Removed top 5 bits (of 19) from port B of cell ex254_semantic_e4acc_fp4prod_prodtable_qcase.$procmux$1080_CMP0 ($eq).
Removed top 5 bits (of 19) from port B of cell ex254_semantic_e4acc_fp4prod_prodtable_qcase.$procmux$1081_CMP0 ($eq).
Removed top 5 bits (of 19) from port B of cell ex254_semantic_e4acc_fp4prod_prodtable_qcase.$procmux$1082_CMP0 ($eq).
Removed top 5 bits (of 19) from port B of cell ex254_semantic_e4acc_fp4prod_prodtable_qcase.$procmux$1083_CMP0 ($eq).
Removed top 5 bits (of 19) from port B of cell ex254_semantic_e4acc_fp4prod_prodtable_qcase.$procmux$1084_CMP0 ($eq).
Removed top 5 bits (of 19) from port B of cell ex254_semantic_e4acc_fp4prod_prodtable_qcase.$procmux$1085_CMP0 ($eq).
Removed top 5 bits (of 19) from port B of cell ex254_semantic_e4acc_fp4prod_prodtable_qcase.$procmux$1086_CMP0 ($eq).
Removed top 5 bits (of 19) from port B of cell ex254_semantic_e4acc_fp4prod_prodtable_qcase.$procmux$1087_CMP0 ($eq).
Removed top 5 bits (of 19) from port B of cell ex254_semantic_e4acc_fp4prod_prodtable_qcase.$procmux$1088_CMP0 ($eq).
Removed top 5 bits (of 19) from port B of cell ex254_semantic_e4acc_fp4prod_prodtable_qcase.$procmux$1089_CMP0 ($eq).
Removed top 5 bits (of 19) from port B of cell ex254_semantic_e4acc_fp4prod_prodtable_qcase.$procmux$1090_CMP0 ($eq).
Removed top 5 bits (of 19) from port B of cell ex254_semantic_e4acc_fp4prod_prodtable_qcase.$procmux$1091_CMP0 ($eq).
Removed top 5 bits (of 19) from port B of cell ex254_semantic_e4acc_fp4prod_prodtable_qcase.$procmux$1092_CMP0 ($eq).
Removed top 5 bits (of 19) from port B of cell ex254_semantic_e4acc_fp4prod_prodtable_qcase.$procmux$1093_CMP0 ($eq).
Removed top 5 bits (of 19) from port B of cell ex254_semantic_e4acc_fp4prod_prodtable_qcase.$procmux$1094_CMP0 ($eq).
Removed top 5 bits (of 19) from port B of cell ex254_semantic_e4acc_fp4prod_prodtable_qcase.$procmux$1095_CMP0 ($eq).
Removed top 5 bits (of 19) from port B of cell ex254_semantic_e4acc_fp4prod_prodtable_qcase.$procmux$1096_CMP0 ($eq).
Removed top 5 bits (of 19) from port B of cell ex254_semantic_e4acc_fp4prod_prodtable_qcase.$procmux$1097_CMP0 ($eq).
Removed top 5 bits (of 19) from port B of cell ex254_semantic_e4acc_fp4prod_prodtable_qcase.$procmux$1098_CMP0 ($eq).
Removed top 5 bits (of 19) from port B of cell ex254_semantic_e4acc_fp4prod_prodtable_qcase.$procmux$1099_CMP0 ($eq).
Removed top 5 bits (of 19) from port B of cell ex254_semantic_e4acc_fp4prod_prodtable_qcase.$procmux$1100_CMP0 ($eq).
Removed top 5 bits (of 19) from port B of cell ex254_semantic_e4acc_fp4prod_prodtable_qcase.$procmux$1101_CMP0 ($eq).
Removed top 5 bits (of 19) from port B of cell ex254_semantic_e4acc_fp4prod_prodtable_qcase.$procmux$1102_CMP0 ($eq).
Removed top 5 bits (of 19) from port B of cell ex254_semantic_e4acc_fp4prod_prodtable_qcase.$procmux$1103_CMP0 ($eq).
Removed top 5 bits (of 19) from port B of cell ex254_semantic_e4acc_fp4prod_prodtable_qcase.$procmux$1104_CMP0 ($eq).
Removed top 5 bits (of 19) from port B of cell ex254_semantic_e4acc_fp4prod_prodtable_qcase.$procmux$1105_CMP0 ($eq).
Removed top 5 bits (of 19) from port B of cell ex254_semantic_e4acc_fp4prod_prodtable_qcase.$procmux$1106_CMP0 ($eq).
Removed top 5 bits (of 19) from port B of cell ex254_semantic_e4acc_fp4prod_prodtable_qcase.$procmux$1107_CMP0 ($eq).
Removed top 5 bits (of 19) from port B of cell ex254_semantic_e4acc_fp4prod_prodtable_qcase.$procmux$1108_CMP0 ($eq).
Removed top 5 bits (of 19) from port B of cell ex254_semantic_e4acc_fp4prod_prodtable_qcase.$procmux$1109_CMP0 ($eq).
Removed top 5 bits (of 19) from port B of cell ex254_semantic_e4acc_fp4prod_prodtable_qcase.$procmux$1110_CMP0 ($eq).
Removed top 5 bits (of 19) from port B of cell ex254_semantic_e4acc_fp4prod_prodtable_qcase.$procmux$1111_CMP0 ($eq).
Removed top 5 bits (of 19) from port B of cell ex254_semantic_e4acc_fp4prod_prodtable_qcase.$procmux$1112_CMP0 ($eq).
Removed top 5 bits (of 19) from port B of cell ex254_semantic_e4acc_fp4prod_prodtable_qcase.$procmux$1113_CMP0 ($eq).
Removed top 5 bits (of 19) from port B of cell ex254_semantic_e4acc_fp4prod_prodtable_qcase.$procmux$1114_CMP0 ($eq).
Removed top 5 bits (of 19) from port B of cell ex254_semantic_e4acc_fp4prod_prodtable_qcase.$procmux$1115_CMP0 ($eq).
Removed top 5 bits (of 19) from port B of cell ex254_semantic_e4acc_fp4prod_prodtable_qcase.$procmux$1116_CMP0 ($eq).
Removed top 5 bits (of 19) from port B of cell ex254_semantic_e4acc_fp4prod_prodtable_qcase.$procmux$1117_CMP0 ($eq).
Removed top 5 bits (of 19) from port B of cell ex254_semantic_e4acc_fp4prod_prodtable_qcase.$procmux$1118_CMP0 ($eq).
Removed top 5 bits (of 19) from port B of cell ex254_semantic_e4acc_fp4prod_prodtable_qcase.$procmux$1119_CMP0 ($eq).
Removed top 5 bits (of 19) from port B of cell ex254_semantic_e4acc_fp4prod_prodtable_qcase.$procmux$1120_CMP0 ($eq).
Removed top 5 bits (of 19) from port B of cell ex254_semantic_e4acc_fp4prod_prodtable_qcase.$procmux$1121_CMP0 ($eq).
Removed top 5 bits (of 19) from port B of cell ex254_semantic_e4acc_fp4prod_prodtable_qcase.$procmux$1122_CMP0 ($eq).
Removed top 5 bits (of 19) from port B of cell ex254_semantic_e4acc_fp4prod_prodtable_qcase.$procmux$1123_CMP0 ($eq).
Removed top 5 bits (of 19) from port B of cell ex254_semantic_e4acc_fp4prod_prodtable_qcase.$procmux$1124_CMP0 ($eq).
Removed top 5 bits (of 19) from port B of cell ex254_semantic_e4acc_fp4prod_prodtable_qcase.$procmux$1125_CMP0 ($eq).
Removed top 5 bits (of 19) from port B of cell ex254_semantic_e4acc_fp4prod_prodtable_qcase.$procmux$1126_CMP0 ($eq).
Removed top 5 bits (of 19) from port B of cell ex254_semantic_e4acc_fp4prod_prodtable_qcase.$procmux$1127_CMP0 ($eq).
Removed top 5 bits (of 19) from port B of cell ex254_semantic_e4acc_fp4prod_prodtable_qcase.$procmux$1128_CMP0 ($eq).
Removed top 5 bits (of 19) from port B of cell ex254_semantic_e4acc_fp4prod_prodtable_qcase.$procmux$1129_CMP0 ($eq).
Removed top 5 bits (of 19) from port B of cell ex254_semantic_e4acc_fp4prod_prodtable_qcase.$procmux$1130_CMP0 ($eq).
Removed top 5 bits (of 19) from port B of cell ex254_semantic_e4acc_fp4prod_prodtable_qcase.$procmux$1131_CMP0 ($eq).
Removed top 5 bits (of 19) from port B of cell ex254_semantic_e4acc_fp4prod_prodtable_qcase.$procmux$1132_CMP0 ($eq).
Removed top 5 bits (of 19) from port B of cell ex254_semantic_e4acc_fp4prod_prodtable_qcase.$procmux$1133_CMP0 ($eq).
Removed top 5 bits (of 19) from port B of cell ex254_semantic_e4acc_fp4prod_prodtable_qcase.$procmux$1134_CMP0 ($eq).
Removed top 5 bits (of 19) from port B of cell ex254_semantic_e4acc_fp4prod_prodtable_qcase.$procmux$1135_CMP0 ($eq).
Removed top 5 bits (of 19) from port B of cell ex254_semantic_e4acc_fp4prod_prodtable_qcase.$procmux$1136_CMP0 ($eq).
Removed top 5 bits (of 19) from port B of cell ex254_semantic_e4acc_fp4prod_prodtable_qcase.$procmux$1137_CMP0 ($eq).
Removed top 5 bits (of 19) from port B of cell ex254_semantic_e4acc_fp4prod_prodtable_qcase.$procmux$1138_CMP0 ($eq).
Removed top 5 bits (of 19) from port B of cell ex254_semantic_e4acc_fp4prod_prodtable_qcase.$procmux$1139_CMP0 ($eq).
Removed top 5 bits (of 19) from port B of cell ex254_semantic_e4acc_fp4prod_prodtable_qcase.$procmux$1140_CMP0 ($eq).
Removed top 5 bits (of 19) from port B of cell ex254_semantic_e4acc_fp4prod_prodtable_qcase.$procmux$1141_CMP0 ($eq).
Removed top 5 bits (of 19) from port B of cell ex254_semantic_e4acc_fp4prod_prodtable_qcase.$procmux$1142_CMP0 ($eq).
Removed top 5 bits (of 19) from port B of cell ex254_semantic_e4acc_fp4prod_prodtable_qcase.$procmux$1143_CMP0 ($eq).
Removed top 5 bits (of 19) from port B of cell ex254_semantic_e4acc_fp4prod_prodtable_qcase.$procmux$1144_CMP0 ($eq).
Removed top 5 bits (of 19) from port B of cell ex254_semantic_e4acc_fp4prod_prodtable_qcase.$procmux$1145_CMP0 ($eq).
Removed top 5 bits (of 19) from port B of cell ex254_semantic_e4acc_fp4prod_prodtable_qcase.$procmux$1146_CMP0 ($eq).
Removed top 5 bits (of 19) from port B of cell ex254_semantic_e4acc_fp4prod_prodtable_qcase.$procmux$1147_CMP0 ($eq).
Removed top 5 bits (of 19) from port B of cell ex254_semantic_e4acc_fp4prod_prodtable_qcase.$procmux$1148_CMP0 ($eq).
Removed top 5 bits (of 19) from port B of cell ex254_semantic_e4acc_fp4prod_prodtable_qcase.$procmux$1149_CMP0 ($eq).
Removed top 5 bits (of 19) from port B of cell ex254_semantic_e4acc_fp4prod_prodtable_qcase.$procmux$1150_CMP0 ($eq).
Removed top 5 bits (of 19) from port B of cell ex254_semantic_e4acc_fp4prod_prodtable_qcase.$procmux$1151_CMP0 ($eq).
Removed top 5 bits (of 19) from port B of cell ex254_semantic_e4acc_fp4prod_prodtable_qcase.$procmux$1152_CMP0 ($eq).
Removed top 5 bits (of 19) from port B of cell ex254_semantic_e4acc_fp4prod_prodtable_qcase.$procmux$1153_CMP0 ($eq).
Removed top 5 bits (of 19) from port B of cell ex254_semantic_e4acc_fp4prod_prodtable_qcase.$procmux$1154_CMP0 ($eq).
Removed top 5 bits (of 19) from port B of cell ex254_semantic_e4acc_fp4prod_prodtable_qcase.$procmux$1155_CMP0 ($eq).
Removed top 5 bits (of 19) from port B of cell ex254_semantic_e4acc_fp4prod_prodtable_qcase.$procmux$1156_CMP0 ($eq).
Removed top 5 bits (of 19) from port B of cell ex254_semantic_e4acc_fp4prod_prodtable_qcase.$procmux$1157_CMP0 ($eq).
Removed top 5 bits (of 19) from port B of cell ex254_semantic_e4acc_fp4prod_prodtable_qcase.$procmux$1158_CMP0 ($eq).
Removed top 5 bits (of 19) from port B of cell ex254_semantic_e4acc_fp4prod_prodtable_qcase.$procmux$1159_CMP0 ($eq).
Removed top 5 bits (of 19) from port B of cell ex254_semantic_e4acc_fp4prod_prodtable_qcase.$procmux$1160_CMP0 ($eq).
Removed top 5 bits (of 19) from port B of cell ex254_semantic_e4acc_fp4prod_prodtable_qcase.$procmux$1161_CMP0 ($eq).
Removed top 5 bits (of 19) from port B of cell ex254_semantic_e4acc_fp4prod_prodtable_qcase.$procmux$1162_CMP0 ($eq).
Removed top 5 bits (of 19) from port B of cell ex254_semantic_e4acc_fp4prod_prodtable_qcase.$procmux$1163_CMP0 ($eq).
Removed top 5 bits (of 19) from port B of cell ex254_semantic_e4acc_fp4prod_prodtable_qcase.$procmux$1164_CMP0 ($eq).
Removed top 5 bits (of 19) from port B of cell ex254_semantic_e4acc_fp4prod_prodtable_qcase.$procmux$1165_CMP0 ($eq).
Removed top 5 bits (of 19) from port B of cell ex254_semantic_e4acc_fp4prod_prodtable_qcase.$procmux$1166_CMP0 ($eq).
Removed top 5 bits (of 19) from port B of cell ex254_semantic_e4acc_fp4prod_prodtable_qcase.$procmux$1167_CMP0 ($eq).
Removed top 5 bits (of 19) from port B of cell ex254_semantic_e4acc_fp4prod_prodtable_qcase.$procmux$1168_CMP0 ($eq).
Removed top 5 bits (of 19) from port B of cell ex254_semantic_e4acc_fp4prod_prodtable_qcase.$procmux$1169_CMP0 ($eq).
Removed top 5 bits (of 19) from port B of cell ex254_semantic_e4acc_fp4prod_prodtable_qcase.$procmux$1170_CMP0 ($eq).
Removed top 5 bits (of 19) from port B of cell ex254_semantic_e4acc_fp4prod_prodtable_qcase.$procmux$1171_CMP0 ($eq).
Removed top 5 bits (of 19) from port B of cell ex254_semantic_e4acc_fp4prod_prodtable_qcase.$procmux$1172_CMP0 ($eq).
Removed top 5 bits (of 19) from port B of cell ex254_semantic_e4acc_fp4prod_prodtable_qcase.$procmux$1173_CMP0 ($eq).
Removed top 5 bits (of 19) from port B of cell ex254_semantic_e4acc_fp4prod_prodtable_qcase.$procmux$1174_CMP0 ($eq).
Removed top 5 bits (of 19) from port B of cell ex254_semantic_e4acc_fp4prod_prodtable_qcase.$procmux$1175_CMP0 ($eq).
Removed top 5 bits (of 19) from port B of cell ex254_semantic_e4acc_fp4prod_prodtable_qcase.$procmux$1176_CMP0 ($eq).
Removed top 5 bits (of 19) from port B of cell ex254_semantic_e4acc_fp4prod_prodtable_qcase.$procmux$1177_CMP0 ($eq).
Removed top 5 bits (of 19) from port B of cell ex254_semantic_e4acc_fp4prod_prodtable_qcase.$procmux$1178_CMP0 ($eq).
Removed top 5 bits (of 19) from port B of cell ex254_semantic_e4acc_fp4prod_prodtable_qcase.$procmux$1179_CMP0 ($eq).
Removed top 5 bits (of 19) from port B of cell ex254_semantic_e4acc_fp4prod_prodtable_qcase.$procmux$1180_CMP0 ($eq).
Removed top 5 bits (of 19) from port B of cell ex254_semantic_e4acc_fp4prod_prodtable_qcase.$procmux$1181_CMP0 ($eq).
Removed top 5 bits (of 19) from port B of cell ex254_semantic_e4acc_fp4prod_prodtable_qcase.$procmux$1182_CMP0 ($eq).
Removed top 5 bits (of 19) from port B of cell ex254_semantic_e4acc_fp4prod_prodtable_qcase.$procmux$1183_CMP0 ($eq).
Removed top 5 bits (of 19) from port B of cell ex254_semantic_e4acc_fp4prod_prodtable_qcase.$procmux$1184_CMP0 ($eq).
Removed top 5 bits (of 19) from port B of cell ex254_semantic_e4acc_fp4prod_prodtable_qcase.$procmux$1185_CMP0 ($eq).
Removed top 5 bits (of 19) from port B of cell ex254_semantic_e4acc_fp4prod_prodtable_qcase.$procmux$1186_CMP0 ($eq).
Removed top 5 bits (of 19) from port B of cell ex254_semantic_e4acc_fp4prod_prodtable_qcase.$procmux$1187_CMP0 ($eq).
Removed top 5 bits (of 19) from port B of cell ex254_semantic_e4acc_fp4prod_prodtable_qcase.$procmux$1188_CMP0 ($eq).
Removed top 5 bits (of 19) from port B of cell ex254_semantic_e4acc_fp4prod_prodtable_qcase.$procmux$1189_CMP0 ($eq).
Removed top 5 bits (of 19) from port B of cell ex254_semantic_e4acc_fp4prod_prodtable_qcase.$procmux$1190_CMP0 ($eq).
Removed top 5 bits (of 19) from port B of cell ex254_semantic_e4acc_fp4prod_prodtable_qcase.$procmux$1191_CMP0 ($eq).
Removed top 5 bits (of 19) from port B of cell ex254_semantic_e4acc_fp4prod_prodtable_qcase.$procmux$1192_CMP0 ($eq).
Removed top 5 bits (of 19) from port B of cell ex254_semantic_e4acc_fp4prod_prodtable_qcase.$procmux$1193_CMP0 ($eq).
Removed top 5 bits (of 19) from port B of cell ex254_semantic_e4acc_fp4prod_prodtable_qcase.$procmux$1194_CMP0 ($eq).
Removed top 5 bits (of 19) from port B of cell ex254_semantic_e4acc_fp4prod_prodtable_qcase.$procmux$1195_CMP0 ($eq).
Removed top 5 bits (of 19) from port B of cell ex254_semantic_e4acc_fp4prod_prodtable_qcase.$procmux$1196_CMP0 ($eq).
Removed top 5 bits (of 19) from port B of cell ex254_semantic_e4acc_fp4prod_prodtable_qcase.$procmux$1197_CMP0 ($eq).
Removed top 5 bits (of 19) from port B of cell ex254_semantic_e4acc_fp4prod_prodtable_qcase.$procmux$1198_CMP0 ($eq).
Removed top 5 bits (of 19) from port B of cell ex254_semantic_e4acc_fp4prod_prodtable_qcase.$procmux$1199_CMP0 ($eq).
Removed top 5 bits (of 19) from port B of cell ex254_semantic_e4acc_fp4prod_prodtable_qcase.$procmux$1200_CMP0 ($eq).
Removed top 5 bits (of 19) from port B of cell ex254_semantic_e4acc_fp4prod_prodtable_qcase.$procmux$1201_CMP0 ($eq).
Removed top 5 bits (of 19) from port B of cell ex254_semantic_e4acc_fp4prod_prodtable_qcase.$procmux$1202_CMP0 ($eq).
Removed top 5 bits (of 19) from port B of cell ex254_semantic_e4acc_fp4prod_prodtable_qcase.$procmux$1203_CMP0 ($eq).
Removed top 5 bits (of 19) from port B of cell ex254_semantic_e4acc_fp4prod_prodtable_qcase.$procmux$1204_CMP0 ($eq).
Removed top 5 bits (of 19) from port B of cell ex254_semantic_e4acc_fp4prod_prodtable_qcase.$procmux$1205_CMP0 ($eq).
Removed top 5 bits (of 19) from port B of cell ex254_semantic_e4acc_fp4prod_prodtable_qcase.$procmux$1206_CMP0 ($eq).
Removed top 5 bits (of 19) from port B of cell ex254_semantic_e4acc_fp4prod_prodtable_qcase.$procmux$1207_CMP0 ($eq).
Removed top 5 bits (of 19) from port B of cell ex254_semantic_e4acc_fp4prod_prodtable_qcase.$procmux$1208_CMP0 ($eq).
Removed top 5 bits (of 19) from port B of cell ex254_semantic_e4acc_fp4prod_prodtable_qcase.$procmux$1209_CMP0 ($eq).
Removed top 5 bits (of 19) from port B of cell ex254_semantic_e4acc_fp4prod_prodtable_qcase.$procmux$1210_CMP0 ($eq).
Removed top 5 bits (of 19) from port B of cell ex254_semantic_e4acc_fp4prod_prodtable_qcase.$procmux$1211_CMP0 ($eq).
Removed top 5 bits (of 19) from port B of cell ex254_semantic_e4acc_fp4prod_prodtable_qcase.$procmux$1212_CMP0 ($eq).
Removed top 6 bits (of 19) from port B of cell ex254_semantic_e4acc_fp4prod_prodtable_qcase.$procmux$1213_CMP0 ($eq).
Removed top 6 bits (of 19) from port B of cell ex254_semantic_e4acc_fp4prod_prodtable_qcase.$procmux$1214_CMP0 ($eq).
Removed top 6 bits (of 19) from port B of cell ex254_semantic_e4acc_fp4prod_prodtable_qcase.$procmux$1215_CMP0 ($eq).
Removed top 6 bits (of 19) from port B of cell ex254_semantic_e4acc_fp4prod_prodtable_qcase.$procmux$1216_CMP0 ($eq).
Removed top 6 bits (of 19) from port B of cell ex254_semantic_e4acc_fp4prod_prodtable_qcase.$procmux$1217_CMP0 ($eq).
Removed top 6 bits (of 19) from port B of cell ex254_semantic_e4acc_fp4prod_prodtable_qcase.$procmux$1218_CMP0 ($eq).
Removed top 6 bits (of 19) from port B of cell ex254_semantic_e4acc_fp4prod_prodtable_qcase.$procmux$1219_CMP0 ($eq).
Removed top 6 bits (of 19) from port B of cell ex254_semantic_e4acc_fp4prod_prodtable_qcase.$procmux$1220_CMP0 ($eq).
Removed top 6 bits (of 19) from port B of cell ex254_semantic_e4acc_fp4prod_prodtable_qcase.$procmux$1221_CMP0 ($eq).
Removed top 6 bits (of 19) from port B of cell ex254_semantic_e4acc_fp4prod_prodtable_qcase.$procmux$1222_CMP0 ($eq).
Removed top 6 bits (of 19) from port B of cell ex254_semantic_e4acc_fp4prod_prodtable_qcase.$procmux$1223_CMP0 ($eq).
Removed top 6 bits (of 19) from port B of cell ex254_semantic_e4acc_fp4prod_prodtable_qcase.$procmux$1224_CMP0 ($eq).
Removed top 6 bits (of 19) from port B of cell ex254_semantic_e4acc_fp4prod_prodtable_qcase.$procmux$1225_CMP0 ($eq).
Removed top 6 bits (of 19) from port B of cell ex254_semantic_e4acc_fp4prod_prodtable_qcase.$procmux$1226_CMP0 ($eq).
Removed top 6 bits (of 19) from port B of cell ex254_semantic_e4acc_fp4prod_prodtable_qcase.$procmux$1227_CMP0 ($eq).
Removed top 6 bits (of 19) from port B of cell ex254_semantic_e4acc_fp4prod_prodtable_qcase.$procmux$1228_CMP0 ($eq).
Removed top 6 bits (of 19) from port B of cell ex254_semantic_e4acc_fp4prod_prodtable_qcase.$procmux$1229_CMP0 ($eq).
Removed top 6 bits (of 19) from port B of cell ex254_semantic_e4acc_fp4prod_prodtable_qcase.$procmux$1230_CMP0 ($eq).
Removed top 6 bits (of 19) from port B of cell ex254_semantic_e4acc_fp4prod_prodtable_qcase.$procmux$1231_CMP0 ($eq).
Removed top 6 bits (of 19) from port B of cell ex254_semantic_e4acc_fp4prod_prodtable_qcase.$procmux$1232_CMP0 ($eq).
Removed top 6 bits (of 19) from port B of cell ex254_semantic_e4acc_fp4prod_prodtable_qcase.$procmux$1233_CMP0 ($eq).
Removed top 6 bits (of 19) from port B of cell ex254_semantic_e4acc_fp4prod_prodtable_qcase.$procmux$1234_CMP0 ($eq).
Removed top 6 bits (of 19) from port B of cell ex254_semantic_e4acc_fp4prod_prodtable_qcase.$procmux$1235_CMP0 ($eq).
Removed top 6 bits (of 19) from port B of cell ex254_semantic_e4acc_fp4prod_prodtable_qcase.$procmux$1236_CMP0 ($eq).
Removed top 6 bits (of 19) from port B of cell ex254_semantic_e4acc_fp4prod_prodtable_qcase.$procmux$1237_CMP0 ($eq).
Removed top 6 bits (of 19) from port B of cell ex254_semantic_e4acc_fp4prod_prodtable_qcase.$procmux$1238_CMP0 ($eq).
Removed top 6 bits (of 19) from port B of cell ex254_semantic_e4acc_fp4prod_prodtable_qcase.$procmux$1239_CMP0 ($eq).
Removed top 6 bits (of 19) from port B of cell ex254_semantic_e4acc_fp4prod_prodtable_qcase.$procmux$1240_CMP0 ($eq).
Removed top 6 bits (of 19) from port B of cell ex254_semantic_e4acc_fp4prod_prodtable_qcase.$procmux$1241_CMP0 ($eq).
Removed top 6 bits (of 19) from port B of cell ex254_semantic_e4acc_fp4prod_prodtable_qcase.$procmux$1242_CMP0 ($eq).
Removed top 6 bits (of 19) from port B of cell ex254_semantic_e4acc_fp4prod_prodtable_qcase.$procmux$1243_CMP0 ($eq).
Removed top 6 bits (of 19) from port B of cell ex254_semantic_e4acc_fp4prod_prodtable_qcase.$procmux$1244_CMP0 ($eq).
Removed top 6 bits (of 19) from port B of cell ex254_semantic_e4acc_fp4prod_prodtable_qcase.$procmux$1245_CMP0 ($eq).
Removed top 6 bits (of 19) from port B of cell ex254_semantic_e4acc_fp4prod_prodtable_qcase.$procmux$1246_CMP0 ($eq).
Removed top 6 bits (of 19) from port B of cell ex254_semantic_e4acc_fp4prod_prodtable_qcase.$procmux$1247_CMP0 ($eq).
Removed top 6 bits (of 19) from port B of cell ex254_semantic_e4acc_fp4prod_prodtable_qcase.$procmux$1248_CMP0 ($eq).
Removed top 6 bits (of 19) from port B of cell ex254_semantic_e4acc_fp4prod_prodtable_qcase.$procmux$1249_CMP0 ($eq).
Removed top 6 bits (of 19) from port B of cell ex254_semantic_e4acc_fp4prod_prodtable_qcase.$procmux$1250_CMP0 ($eq).
Removed top 6 bits (of 19) from port B of cell ex254_semantic_e4acc_fp4prod_prodtable_qcase.$procmux$1251_CMP0 ($eq).
Removed top 6 bits (of 19) from port B of cell ex254_semantic_e4acc_fp4prod_prodtable_qcase.$procmux$1252_CMP0 ($eq).
Removed top 6 bits (of 19) from port B of cell ex254_semantic_e4acc_fp4prod_prodtable_qcase.$procmux$1253_CMP0 ($eq).
Removed top 6 bits (of 19) from port B of cell ex254_semantic_e4acc_fp4prod_prodtable_qcase.$procmux$1254_CMP0 ($eq).
Removed top 6 bits (of 19) from port B of cell ex254_semantic_e4acc_fp4prod_prodtable_qcase.$procmux$1255_CMP0 ($eq).
Removed top 6 bits (of 19) from port B of cell ex254_semantic_e4acc_fp4prod_prodtable_qcase.$procmux$1256_CMP0 ($eq).
Removed top 6 bits (of 19) from port B of cell ex254_semantic_e4acc_fp4prod_prodtable_qcase.$procmux$1257_CMP0 ($eq).
Removed top 6 bits (of 19) from port B of cell ex254_semantic_e4acc_fp4prod_prodtable_qcase.$procmux$1258_CMP0 ($eq).
Removed top 6 bits (of 19) from port B of cell ex254_semantic_e4acc_fp4prod_prodtable_qcase.$procmux$1259_CMP0 ($eq).
Removed top 6 bits (of 19) from port B of cell ex254_semantic_e4acc_fp4prod_prodtable_qcase.$procmux$1260_CMP0 ($eq).
Removed top 6 bits (of 19) from port B of cell ex254_semantic_e4acc_fp4prod_prodtable_qcase.$procmux$1261_CMP0 ($eq).
Removed top 6 bits (of 19) from port B of cell ex254_semantic_e4acc_fp4prod_prodtable_qcase.$procmux$1262_CMP0 ($eq).
Removed top 6 bits (of 19) from port B of cell ex254_semantic_e4acc_fp4prod_prodtable_qcase.$procmux$1263_CMP0 ($eq).
Removed top 6 bits (of 19) from port B of cell ex254_semantic_e4acc_fp4prod_prodtable_qcase.$procmux$1264_CMP0 ($eq).
Removed top 6 bits (of 19) from port B of cell ex254_semantic_e4acc_fp4prod_prodtable_qcase.$procmux$1265_CMP0 ($eq).
Removed top 6 bits (of 19) from port B of cell ex254_semantic_e4acc_fp4prod_prodtable_qcase.$procmux$1266_CMP0 ($eq).
Removed top 6 bits (of 19) from port B of cell ex254_semantic_e4acc_fp4prod_prodtable_qcase.$procmux$1267_CMP0 ($eq).
Removed top 6 bits (of 19) from port B of cell ex254_semantic_e4acc_fp4prod_prodtable_qcase.$procmux$1268_CMP0 ($eq).
Removed top 6 bits (of 19) from port B of cell ex254_semantic_e4acc_fp4prod_prodtable_qcase.$procmux$1269_CMP0 ($eq).
Removed top 6 bits (of 19) from port B of cell ex254_semantic_e4acc_fp4prod_prodtable_qcase.$procmux$1270_CMP0 ($eq).
Removed top 6 bits (of 19) from port B of cell ex254_semantic_e4acc_fp4prod_prodtable_qcase.$procmux$1271_CMP0 ($eq).
Removed top 6 bits (of 19) from port B of cell ex254_semantic_e4acc_fp4prod_prodtable_qcase.$procmux$1272_CMP0 ($eq).
Removed top 6 bits (of 19) from port B of cell ex254_semantic_e4acc_fp4prod_prodtable_qcase.$procmux$1273_CMP0 ($eq).
Removed top 6 bits (of 19) from port B of cell ex254_semantic_e4acc_fp4prod_prodtable_qcase.$procmux$1274_CMP0 ($eq).
Removed top 6 bits (of 19) from port B of cell ex254_semantic_e4acc_fp4prod_prodtable_qcase.$procmux$1275_CMP0 ($eq).
Removed top 6 bits (of 19) from port B of cell ex254_semantic_e4acc_fp4prod_prodtable_qcase.$procmux$1276_CMP0 ($eq).
Removed top 6 bits (of 19) from port B of cell ex254_semantic_e4acc_fp4prod_prodtable_qcase.$procmux$1277_CMP0 ($eq).
Removed top 6 bits (of 19) from port B of cell ex254_semantic_e4acc_fp4prod_prodtable_qcase.$procmux$1278_CMP0 ($eq).
Removed top 6 bits (of 19) from port B of cell ex254_semantic_e4acc_fp4prod_prodtable_qcase.$procmux$1279_CMP0 ($eq).
Removed top 6 bits (of 19) from port B of cell ex254_semantic_e4acc_fp4prod_prodtable_qcase.$procmux$1280_CMP0 ($eq).
Removed top 6 bits (of 19) from port B of cell ex254_semantic_e4acc_fp4prod_prodtable_qcase.$procmux$1281_CMP0 ($eq).
Removed top 6 bits (of 19) from port B of cell ex254_semantic_e4acc_fp4prod_prodtable_qcase.$procmux$1282_CMP0 ($eq).
Removed top 6 bits (of 19) from port B of cell ex254_semantic_e4acc_fp4prod_prodtable_qcase.$procmux$1283_CMP0 ($eq).
Removed top 6 bits (of 19) from port B of cell ex254_semantic_e4acc_fp4prod_prodtable_qcase.$procmux$1284_CMP0 ($eq).
Removed top 6 bits (of 19) from port B of cell ex254_semantic_e4acc_fp4prod_prodtable_qcase.$procmux$1285_CMP0 ($eq).
Removed top 6 bits (of 19) from port B of cell ex254_semantic_e4acc_fp4prod_prodtable_qcase.$procmux$1286_CMP0 ($eq).
Removed top 6 bits (of 19) from port B of cell ex254_semantic_e4acc_fp4prod_prodtable_qcase.$procmux$1287_CMP0 ($eq).
Removed top 6 bits (of 19) from port B of cell ex254_semantic_e4acc_fp4prod_prodtable_qcase.$procmux$1288_CMP0 ($eq).
Removed top 6 bits (of 19) from port B of cell ex254_semantic_e4acc_fp4prod_prodtable_qcase.$procmux$1289_CMP0 ($eq).
Removed top 6 bits (of 19) from port B of cell ex254_semantic_e4acc_fp4prod_prodtable_qcase.$procmux$1290_CMP0 ($eq).
Removed top 6 bits (of 19) from port B of cell ex254_semantic_e4acc_fp4prod_prodtable_qcase.$procmux$1291_CMP0 ($eq).
Removed top 6 bits (of 19) from port B of cell ex254_semantic_e4acc_fp4prod_prodtable_qcase.$procmux$1292_CMP0 ($eq).
Removed top 6 bits (of 19) from port B of cell ex254_semantic_e4acc_fp4prod_prodtable_qcase.$procmux$1293_CMP0 ($eq).
Removed top 6 bits (of 19) from port B of cell ex254_semantic_e4acc_fp4prod_prodtable_qcase.$procmux$1294_CMP0 ($eq).
Removed top 6 bits (of 19) from port B of cell ex254_semantic_e4acc_fp4prod_prodtable_qcase.$procmux$1295_CMP0 ($eq).
Removed top 6 bits (of 19) from port B of cell ex254_semantic_e4acc_fp4prod_prodtable_qcase.$procmux$1296_CMP0 ($eq).
Removed top 6 bits (of 19) from port B of cell ex254_semantic_e4acc_fp4prod_prodtable_qcase.$procmux$1297_CMP0 ($eq).
Removed top 6 bits (of 19) from port B of cell ex254_semantic_e4acc_fp4prod_prodtable_qcase.$procmux$1298_CMP0 ($eq).
Removed top 6 bits (of 19) from port B of cell ex254_semantic_e4acc_fp4prod_prodtable_qcase.$procmux$1299_CMP0 ($eq).
Removed top 6 bits (of 19) from port B of cell ex254_semantic_e4acc_fp4prod_prodtable_qcase.$procmux$1300_CMP0 ($eq).
Removed top 6 bits (of 19) from port B of cell ex254_semantic_e4acc_fp4prod_prodtable_qcase.$procmux$1301_CMP0 ($eq).
Removed top 6 bits (of 19) from port B of cell ex254_semantic_e4acc_fp4prod_prodtable_qcase.$procmux$1302_CMP0 ($eq).
Removed top 6 bits (of 19) from port B of cell ex254_semantic_e4acc_fp4prod_prodtable_qcase.$procmux$1303_CMP0 ($eq).
Removed top 6 bits (of 19) from port B of cell ex254_semantic_e4acc_fp4prod_prodtable_qcase.$procmux$1304_CMP0 ($eq).
Removed top 6 bits (of 19) from port B of cell ex254_semantic_e4acc_fp4prod_prodtable_qcase.$procmux$1305_CMP0 ($eq).
Removed top 6 bits (of 19) from port B of cell ex254_semantic_e4acc_fp4prod_prodtable_qcase.$procmux$1306_CMP0 ($eq).
Removed top 6 bits (of 19) from port B of cell ex254_semantic_e4acc_fp4prod_prodtable_qcase.$procmux$1307_CMP0 ($eq).
Removed top 6 bits (of 19) from port B of cell ex254_semantic_e4acc_fp4prod_prodtable_qcase.$procmux$1308_CMP0 ($eq).
Removed top 6 bits (of 19) from port B of cell ex254_semantic_e4acc_fp4prod_prodtable_qcase.$procmux$1309_CMP0 ($eq).
Removed top 6 bits (of 19) from port B of cell ex254_semantic_e4acc_fp4prod_prodtable_qcase.$procmux$1310_CMP0 ($eq).
Removed top 6 bits (of 19) from port B of cell ex254_semantic_e4acc_fp4prod_prodtable_qcase.$procmux$1311_CMP0 ($eq).
Removed top 6 bits (of 19) from port B of cell ex254_semantic_e4acc_fp4prod_prodtable_qcase.$procmux$1312_CMP0 ($eq).
Removed top 6 bits (of 19) from port B of cell ex254_semantic_e4acc_fp4prod_prodtable_qcase.$procmux$1313_CMP0 ($eq).
Removed top 6 bits (of 19) from port B of cell ex254_semantic_e4acc_fp4prod_prodtable_qcase.$procmux$1314_CMP0 ($eq).
Removed top 6 bits (of 19) from port B of cell ex254_semantic_e4acc_fp4prod_prodtable_qcase.$procmux$1315_CMP0 ($eq).
Removed top 6 bits (of 19) from port B of cell ex254_semantic_e4acc_fp4prod_prodtable_qcase.$procmux$1316_CMP0 ($eq).
Removed top 6 bits (of 19) from port B of cell ex254_semantic_e4acc_fp4prod_prodtable_qcase.$procmux$1317_CMP0 ($eq).
Removed top 6 bits (of 19) from port B of cell ex254_semantic_e4acc_fp4prod_prodtable_qcase.$procmux$1318_CMP0 ($eq).
Removed top 6 bits (of 19) from port B of cell ex254_semantic_e4acc_fp4prod_prodtable_qcase.$procmux$1319_CMP0 ($eq).
Removed top 6 bits (of 19) from port B of cell ex254_semantic_e4acc_fp4prod_prodtable_qcase.$procmux$1320_CMP0 ($eq).
Removed top 6 bits (of 19) from port B of cell ex254_semantic_e4acc_fp4prod_prodtable_qcase.$procmux$1321_CMP0 ($eq).
Removed top 6 bits (of 19) from port B of cell ex254_semantic_e4acc_fp4prod_prodtable_qcase.$procmux$1322_CMP0 ($eq).
Removed top 6 bits (of 19) from port B of cell ex254_semantic_e4acc_fp4prod_prodtable_qcase.$procmux$1323_CMP0 ($eq).
Removed top 6 bits (of 19) from port B of cell ex254_semantic_e4acc_fp4prod_prodtable_qcase.$procmux$1324_CMP0 ($eq).
Removed top 6 bits (of 19) from port B of cell ex254_semantic_e4acc_fp4prod_prodtable_qcase.$procmux$1325_CMP0 ($eq).
Removed top 6 bits (of 19) from port B of cell ex254_semantic_e4acc_fp4prod_prodtable_qcase.$procmux$1326_CMP0 ($eq).
Removed top 6 bits (of 19) from port B of cell ex254_semantic_e4acc_fp4prod_prodtable_qcase.$procmux$1327_CMP0 ($eq).
Removed top 6 bits (of 19) from port B of cell ex254_semantic_e4acc_fp4prod_prodtable_qcase.$procmux$1328_CMP0 ($eq).
Removed top 6 bits (of 19) from port B of cell ex254_semantic_e4acc_fp4prod_prodtable_qcase.$procmux$1329_CMP0 ($eq).
Removed top 6 bits (of 19) from port B of cell ex254_semantic_e4acc_fp4prod_prodtable_qcase.$procmux$1330_CMP0 ($eq).
Removed top 6 bits (of 19) from port B of cell ex254_semantic_e4acc_fp4prod_prodtable_qcase.$procmux$1331_CMP0 ($eq).
Removed top 6 bits (of 19) from port B of cell ex254_semantic_e4acc_fp4prod_prodtable_qcase.$procmux$1332_CMP0 ($eq).
Removed top 6 bits (of 19) from port B of cell ex254_semantic_e4acc_fp4prod_prodtable_qcase.$procmux$1333_CMP0 ($eq).
Removed top 6 bits (of 19) from port B of cell ex254_semantic_e4acc_fp4prod_prodtable_qcase.$procmux$1334_CMP0 ($eq).
Removed top 6 bits (of 19) from port B of cell ex254_semantic_e4acc_fp4prod_prodtable_qcase.$procmux$1335_CMP0 ($eq).
Removed top 6 bits (of 19) from port B of cell ex254_semantic_e4acc_fp4prod_prodtable_qcase.$procmux$1336_CMP0 ($eq).
Removed top 6 bits (of 19) from port B of cell ex254_semantic_e4acc_fp4prod_prodtable_qcase.$procmux$1337_CMP0 ($eq).
Removed top 6 bits (of 19) from port B of cell ex254_semantic_e4acc_fp4prod_prodtable_qcase.$procmux$1338_CMP0 ($eq).
Removed top 6 bits (of 19) from port B of cell ex254_semantic_e4acc_fp4prod_prodtable_qcase.$procmux$1339_CMP0 ($eq).
Removed top 6 bits (of 19) from port B of cell ex254_semantic_e4acc_fp4prod_prodtable_qcase.$procmux$1340_CMP0 ($eq).
Removed top 6 bits (of 19) from port B of cell ex254_semantic_e4acc_fp4prod_prodtable_qcase.$procmux$1341_CMP0 ($eq).
Removed top 6 bits (of 19) from port B of cell ex254_semantic_e4acc_fp4prod_prodtable_qcase.$procmux$1342_CMP0 ($eq).
Removed top 6 bits (of 19) from port B of cell ex254_semantic_e4acc_fp4prod_prodtable_qcase.$procmux$1343_CMP0 ($eq).
Removed top 6 bits (of 19) from port B of cell ex254_semantic_e4acc_fp4prod_prodtable_qcase.$procmux$1344_CMP0 ($eq).
Removed top 6 bits (of 19) from port B of cell ex254_semantic_e4acc_fp4prod_prodtable_qcase.$procmux$1345_CMP0 ($eq).
Removed top 6 bits (of 19) from port B of cell ex254_semantic_e4acc_fp4prod_prodtable_qcase.$procmux$1346_CMP0 ($eq).
Removed top 6 bits (of 19) from port B of cell ex254_semantic_e4acc_fp4prod_prodtable_qcase.$procmux$1347_CMP0 ($eq).
Removed top 6 bits (of 19) from port B of cell ex254_semantic_e4acc_fp4prod_prodtable_qcase.$procmux$1348_CMP0 ($eq).
Removed top 6 bits (of 19) from port B of cell ex254_semantic_e4acc_fp4prod_prodtable_qcase.$procmux$1349_CMP0 ($eq).
Removed top 6 bits (of 19) from port B of cell ex254_semantic_e4acc_fp4prod_prodtable_qcase.$procmux$1350_CMP0 ($eq).
Removed top 6 bits (of 19) from port B of cell ex254_semantic_e4acc_fp4prod_prodtable_qcase.$procmux$1351_CMP0 ($eq).
Removed top 6 bits (of 19) from port B of cell ex254_semantic_e4acc_fp4prod_prodtable_qcase.$procmux$1352_CMP0 ($eq).
Removed top 6 bits (of 19) from port B of cell ex254_semantic_e4acc_fp4prod_prodtable_qcase.$procmux$1353_CMP0 ($eq).
Removed top 6 bits (of 19) from port B of cell ex254_semantic_e4acc_fp4prod_prodtable_qcase.$procmux$1354_CMP0 ($eq).
Removed top 6 bits (of 19) from port B of cell ex254_semantic_e4acc_fp4prod_prodtable_qcase.$procmux$1355_CMP0 ($eq).
Removed top 6 bits (of 19) from port B of cell ex254_semantic_e4acc_fp4prod_prodtable_qcase.$procmux$1356_CMP0 ($eq).
Removed top 6 bits (of 19) from port B of cell ex254_semantic_e4acc_fp4prod_prodtable_qcase.$procmux$1357_CMP0 ($eq).
Removed top 6 bits (of 19) from port B of cell ex254_semantic_e4acc_fp4prod_prodtable_qcase.$procmux$1358_CMP0 ($eq).
Removed top 6 bits (of 19) from port B of cell ex254_semantic_e4acc_fp4prod_prodtable_qcase.$procmux$1359_CMP0 ($eq).
Removed top 6 bits (of 19) from port B of cell ex254_semantic_e4acc_fp4prod_prodtable_qcase.$procmux$1360_CMP0 ($eq).
Removed top 6 bits (of 19) from port B of cell ex254_semantic_e4acc_fp4prod_prodtable_qcase.$procmux$1361_CMP0 ($eq).
Removed top 6 bits (of 19) from port B of cell ex254_semantic_e4acc_fp4prod_prodtable_qcase.$procmux$1362_CMP0 ($eq).
Removed top 6 bits (of 19) from port B of cell ex254_semantic_e4acc_fp4prod_prodtable_qcase.$procmux$1363_CMP0 ($eq).
Removed top 6 bits (of 19) from port B of cell ex254_semantic_e4acc_fp4prod_prodtable_qcase.$procmux$1364_CMP0 ($eq).
Removed top 6 bits (of 19) from port B of cell ex254_semantic_e4acc_fp4prod_prodtable_qcase.$procmux$1365_CMP0 ($eq).
Removed top 6 bits (of 19) from port B of cell ex254_semantic_e4acc_fp4prod_prodtable_qcase.$procmux$1366_CMP0 ($eq).
Removed top 6 bits (of 19) from port B of cell ex254_semantic_e4acc_fp4prod_prodtable_qcase.$procmux$1367_CMP0 ($eq).
Removed top 6 bits (of 19) from port B of cell ex254_semantic_e4acc_fp4prod_prodtable_qcase.$procmux$1368_CMP0 ($eq).
Removed top 6 bits (of 19) from port B of cell ex254_semantic_e4acc_fp4prod_prodtable_qcase.$procmux$1369_CMP0 ($eq).
Removed top 6 bits (of 19) from port B of cell ex254_semantic_e4acc_fp4prod_prodtable_qcase.$procmux$1370_CMP0 ($eq).
Removed top 6 bits (of 19) from port B of cell ex254_semantic_e4acc_fp4prod_prodtable_qcase.$procmux$1371_CMP0 ($eq).
Removed top 6 bits (of 19) from port B of cell ex254_semantic_e4acc_fp4prod_prodtable_qcase.$procmux$1372_CMP0 ($eq).
Removed top 6 bits (of 19) from port B of cell ex254_semantic_e4acc_fp4prod_prodtable_qcase.$procmux$1373_CMP0 ($eq).
Removed top 6 bits (of 19) from port B of cell ex254_semantic_e4acc_fp4prod_prodtable_qcase.$procmux$1374_CMP0 ($eq).
Removed top 6 bits (of 19) from port B of cell ex254_semantic_e4acc_fp4prod_prodtable_qcase.$procmux$1375_CMP0 ($eq).
Removed top 6 bits (of 19) from port B of cell ex254_semantic_e4acc_fp4prod_prodtable_qcase.$procmux$1376_CMP0 ($eq).
Removed top 6 bits (of 19) from port B of cell ex254_semantic_e4acc_fp4prod_prodtable_qcase.$procmux$1377_CMP0 ($eq).
Removed top 6 bits (of 19) from port B of cell ex254_semantic_e4acc_fp4prod_prodtable_qcase.$procmux$1378_CMP0 ($eq).
Removed top 6 bits (of 19) from port B of cell ex254_semantic_e4acc_fp4prod_prodtable_qcase.$procmux$1379_CMP0 ($eq).
Removed top 6 bits (of 19) from port B of cell ex254_semantic_e4acc_fp4prod_prodtable_qcase.$procmux$1380_CMP0 ($eq).
Removed top 6 bits (of 19) from port B of cell ex254_semantic_e4acc_fp4prod_prodtable_qcase.$procmux$1381_CMP0 ($eq).
Removed top 6 bits (of 19) from port B of cell ex254_semantic_e4acc_fp4prod_prodtable_qcase.$procmux$1382_CMP0 ($eq).
Removed top 6 bits (of 19) from port B of cell ex254_semantic_e4acc_fp4prod_prodtable_qcase.$procmux$1383_CMP0 ($eq).
Removed top 6 bits (of 19) from port B of cell ex254_semantic_e4acc_fp4prod_prodtable_qcase.$procmux$1384_CMP0 ($eq).
Removed top 6 bits (of 19) from port B of cell ex254_semantic_e4acc_fp4prod_prodtable_qcase.$procmux$1385_CMP0 ($eq).
Removed top 6 bits (of 19) from port B of cell ex254_semantic_e4acc_fp4prod_prodtable_qcase.$procmux$1386_CMP0 ($eq).
Removed top 6 bits (of 19) from port B of cell ex254_semantic_e4acc_fp4prod_prodtable_qcase.$procmux$1387_CMP0 ($eq).
Removed top 6 bits (of 19) from port B of cell ex254_semantic_e4acc_fp4prod_prodtable_qcase.$procmux$1388_CMP0 ($eq).
Removed top 6 bits (of 19) from port B of cell ex254_semantic_e4acc_fp4prod_prodtable_qcase.$procmux$1389_CMP0 ($eq).
Removed top 6 bits (of 19) from port B of cell ex254_semantic_e4acc_fp4prod_prodtable_qcase.$procmux$1390_CMP0 ($eq).
Removed top 6 bits (of 19) from port B of cell ex254_semantic_e4acc_fp4prod_prodtable_qcase.$procmux$1391_CMP0 ($eq).
Removed top 6 bits (of 19) from port B of cell ex254_semantic_e4acc_fp4prod_prodtable_qcase.$procmux$1392_CMP0 ($eq).
Removed top 6 bits (of 19) from port B of cell ex254_semantic_e4acc_fp4prod_prodtable_qcase.$procmux$1393_CMP0 ($eq).
Removed top 6 bits (of 19) from port B of cell ex254_semantic_e4acc_fp4prod_prodtable_qcase.$procmux$1394_CMP0 ($eq).
Removed top 6 bits (of 19) from port B of cell ex254_semantic_e4acc_fp4prod_prodtable_qcase.$procmux$1395_CMP0 ($eq).
Removed top 6 bits (of 19) from port B of cell ex254_semantic_e4acc_fp4prod_prodtable_qcase.$procmux$1396_CMP0 ($eq).
Removed top 6 bits (of 19) from port B of cell ex254_semantic_e4acc_fp4prod_prodtable_qcase.$procmux$1397_CMP0 ($eq).
Removed top 6 bits (of 19) from port B of cell ex254_semantic_e4acc_fp4prod_prodtable_qcase.$procmux$1398_CMP0 ($eq).
Removed top 6 bits (of 19) from port B of cell ex254_semantic_e4acc_fp4prod_prodtable_qcase.$procmux$1399_CMP0 ($eq).
Removed top 6 bits (of 19) from port B of cell ex254_semantic_e4acc_fp4prod_prodtable_qcase.$procmux$1400_CMP0 ($eq).
Removed top 6 bits (of 19) from port B of cell ex254_semantic_e4acc_fp4prod_prodtable_qcase.$procmux$1401_CMP0 ($eq).
Removed top 6 bits (of 19) from port B of cell ex254_semantic_e4acc_fp4prod_prodtable_qcase.$procmux$1402_CMP0 ($eq).
Removed top 6 bits (of 19) from port B of cell ex254_semantic_e4acc_fp4prod_prodtable_qcase.$procmux$1403_CMP0 ($eq).
Removed top 6 bits (of 19) from port B of cell ex254_semantic_e4acc_fp4prod_prodtable_qcase.$procmux$1404_CMP0 ($eq).
Removed top 6 bits (of 19) from port B of cell ex254_semantic_e4acc_fp4prod_prodtable_qcase.$procmux$1405_CMP0 ($eq).
Removed top 6 bits (of 19) from port B of cell ex254_semantic_e4acc_fp4prod_prodtable_qcase.$procmux$1406_CMP0 ($eq).
Removed top 6 bits (of 19) from port B of cell ex254_semantic_e4acc_fp4prod_prodtable_qcase.$procmux$1407_CMP0 ($eq).
Removed top 6 bits (of 19) from port B of cell ex254_semantic_e4acc_fp4prod_prodtable_qcase.$procmux$1408_CMP0 ($eq).
Removed top 6 bits (of 19) from port B of cell ex254_semantic_e4acc_fp4prod_prodtable_qcase.$procmux$1409_CMP0 ($eq).
Removed top 6 bits (of 19) from port B of cell ex254_semantic_e4acc_fp4prod_prodtable_qcase.$procmux$1410_CMP0 ($eq).
Removed top 6 bits (of 19) from port B of cell ex254_semantic_e4acc_fp4prod_prodtable_qcase.$procmux$1411_CMP0 ($eq).
Removed top 6 bits (of 19) from port B of cell ex254_semantic_e4acc_fp4prod_prodtable_qcase.$procmux$1412_CMP0 ($eq).
Removed top 6 bits (of 19) from port B of cell ex254_semantic_e4acc_fp4prod_prodtable_qcase.$procmux$1413_CMP0 ($eq).
Removed top 6 bits (of 19) from port B of cell ex254_semantic_e4acc_fp4prod_prodtable_qcase.$procmux$1414_CMP0 ($eq).
Removed top 6 bits (of 19) from port B of cell ex254_semantic_e4acc_fp4prod_prodtable_qcase.$procmux$1415_CMP0 ($eq).
Removed top 6 bits (of 19) from port B of cell ex254_semantic_e4acc_fp4prod_prodtable_qcase.$procmux$1416_CMP0 ($eq).
Removed top 6 bits (of 19) from port B of cell ex254_semantic_e4acc_fp4prod_prodtable_qcase.$procmux$1417_CMP0 ($eq).
Removed top 6 bits (of 19) from port B of cell ex254_semantic_e4acc_fp4prod_prodtable_qcase.$procmux$1418_CMP0 ($eq).
Removed top 6 bits (of 19) from port B of cell ex254_semantic_e4acc_fp4prod_prodtable_qcase.$procmux$1419_CMP0 ($eq).
Removed top 6 bits (of 19) from port B of cell ex254_semantic_e4acc_fp4prod_prodtable_qcase.$procmux$1420_CMP0 ($eq).
Removed top 6 bits (of 19) from port B of cell ex254_semantic_e4acc_fp4prod_prodtable_qcase.$procmux$1421_CMP0 ($eq).
Removed top 6 bits (of 19) from port B of cell ex254_semantic_e4acc_fp4prod_prodtable_qcase.$procmux$1422_CMP0 ($eq).
Removed top 6 bits (of 19) from port B of cell ex254_semantic_e4acc_fp4prod_prodtable_qcase.$procmux$1423_CMP0 ($eq).
Removed top 6 bits (of 19) from port B of cell ex254_semantic_e4acc_fp4prod_prodtable_qcase.$procmux$1424_CMP0 ($eq).
Removed top 6 bits (of 19) from port B of cell ex254_semantic_e4acc_fp4prod_prodtable_qcase.$procmux$1425_CMP0 ($eq).
Removed top 6 bits (of 19) from port B of cell ex254_semantic_e4acc_fp4prod_prodtable_qcase.$procmux$1426_CMP0 ($eq).
Removed top 6 bits (of 19) from port B of cell ex254_semantic_e4acc_fp4prod_prodtable_qcase.$procmux$1427_CMP0 ($eq).
Removed top 6 bits (of 19) from port B of cell ex254_semantic_e4acc_fp4prod_prodtable_qcase.$procmux$1428_CMP0 ($eq).
Removed top 6 bits (of 19) from port B of cell ex254_semantic_e4acc_fp4prod_prodtable_qcase.$procmux$1429_CMP0 ($eq).
Removed top 6 bits (of 19) from port B of cell ex254_semantic_e4acc_fp4prod_prodtable_qcase.$procmux$1430_CMP0 ($eq).
Removed top 6 bits (of 19) from port B of cell ex254_semantic_e4acc_fp4prod_prodtable_qcase.$procmux$1431_CMP0 ($eq).
Removed top 6 bits (of 19) from port B of cell ex254_semantic_e4acc_fp4prod_prodtable_qcase.$procmux$1432_CMP0 ($eq).
Removed top 6 bits (of 19) from port B of cell ex254_semantic_e4acc_fp4prod_prodtable_qcase.$procmux$1433_CMP0 ($eq).
Removed top 6 bits (of 19) from port B of cell ex254_semantic_e4acc_fp4prod_prodtable_qcase.$procmux$1434_CMP0 ($eq).
Removed top 6 bits (of 19) from port B of cell ex254_semantic_e4acc_fp4prod_prodtable_qcase.$procmux$1435_CMP0 ($eq).
Removed top 6 bits (of 19) from port B of cell ex254_semantic_e4acc_fp4prod_prodtable_qcase.$procmux$1436_CMP0 ($eq).
Removed top 6 bits (of 19) from port B of cell ex254_semantic_e4acc_fp4prod_prodtable_qcase.$procmux$1437_CMP0 ($eq).
Removed top 6 bits (of 19) from port B of cell ex254_semantic_e4acc_fp4prod_prodtable_qcase.$procmux$1438_CMP0 ($eq).
Removed top 6 bits (of 19) from port B of cell ex254_semantic_e4acc_fp4prod_prodtable_qcase.$procmux$1439_CMP0 ($eq).
Removed top 6 bits (of 19) from port B of cell ex254_semantic_e4acc_fp4prod_prodtable_qcase.$procmux$1440_CMP0 ($eq).
Removed top 6 bits (of 19) from port B of cell ex254_semantic_e4acc_fp4prod_prodtable_qcase.$procmux$1441_CMP0 ($eq).
Removed top 6 bits (of 19) from port B of cell ex254_semantic_e4acc_fp4prod_prodtable_qcase.$procmux$1442_CMP0 ($eq).
Removed top 6 bits (of 19) from port B of cell ex254_semantic_e4acc_fp4prod_prodtable_qcase.$procmux$1443_CMP0 ($eq).
Removed top 6 bits (of 19) from port B of cell ex254_semantic_e4acc_fp4prod_prodtable_qcase.$procmux$1444_CMP0 ($eq).
Removed top 6 bits (of 19) from port B of cell ex254_semantic_e4acc_fp4prod_prodtable_qcase.$procmux$1445_CMP0 ($eq).
Removed top 6 bits (of 19) from port B of cell ex254_semantic_e4acc_fp4prod_prodtable_qcase.$procmux$1446_CMP0 ($eq).
Removed top 6 bits (of 19) from port B of cell ex254_semantic_e4acc_fp4prod_prodtable_qcase.$procmux$1447_CMP0 ($eq).
Removed top 6 bits (of 19) from port B of cell ex254_semantic_e4acc_fp4prod_prodtable_qcase.$procmux$1448_CMP0 ($eq).
Removed top 6 bits (of 19) from port B of cell ex254_semantic_e4acc_fp4prod_prodtable_qcase.$procmux$1449_CMP0 ($eq).
Removed top 6 bits (of 19) from port B of cell ex254_semantic_e4acc_fp4prod_prodtable_qcase.$procmux$1450_CMP0 ($eq).
Removed top 6 bits (of 19) from port B of cell ex254_semantic_e4acc_fp4prod_prodtable_qcase.$procmux$1451_CMP0 ($eq).
Removed top 6 bits (of 19) from port B of cell ex254_semantic_e4acc_fp4prod_prodtable_qcase.$procmux$1452_CMP0 ($eq).
Removed top 6 bits (of 19) from port B of cell ex254_semantic_e4acc_fp4prod_prodtable_qcase.$procmux$1453_CMP0 ($eq).
Removed top 6 bits (of 19) from port B of cell ex254_semantic_e4acc_fp4prod_prodtable_qcase.$procmux$1454_CMP0 ($eq).
Removed top 6 bits (of 19) from port B of cell ex254_semantic_e4acc_fp4prod_prodtable_qcase.$procmux$1455_CMP0 ($eq).
Removed top 6 bits (of 19) from port B of cell ex254_semantic_e4acc_fp4prod_prodtable_qcase.$procmux$1456_CMP0 ($eq).
Removed top 6 bits (of 19) from port B of cell ex254_semantic_e4acc_fp4prod_prodtable_qcase.$procmux$1457_CMP0 ($eq).
Removed top 6 bits (of 19) from port B of cell ex254_semantic_e4acc_fp4prod_prodtable_qcase.$procmux$1458_CMP0 ($eq).
Removed top 6 bits (of 19) from port B of cell ex254_semantic_e4acc_fp4prod_prodtable_qcase.$procmux$1459_CMP0 ($eq).
Removed top 6 bits (of 19) from port B of cell ex254_semantic_e4acc_fp4prod_prodtable_qcase.$procmux$1460_CMP0 ($eq).
Removed top 6 bits (of 19) from port B of cell ex254_semantic_e4acc_fp4prod_prodtable_qcase.$procmux$1461_CMP0 ($eq).
Removed top 6 bits (of 19) from port B of cell ex254_semantic_e4acc_fp4prod_prodtable_qcase.$procmux$1462_CMP0 ($eq).
Removed top 6 bits (of 19) from port B of cell ex254_semantic_e4acc_fp4prod_prodtable_qcase.$procmux$1463_CMP0 ($eq).
Removed top 6 bits (of 19) from port B of cell ex254_semantic_e4acc_fp4prod_prodtable_qcase.$procmux$1464_CMP0 ($eq).
Removed top 6 bits (of 19) from port B of cell ex254_semantic_e4acc_fp4prod_prodtable_qcase.$procmux$1465_CMP0 ($eq).
Removed top 6 bits (of 19) from port B of cell ex254_semantic_e4acc_fp4prod_prodtable_qcase.$procmux$1466_CMP0 ($eq).
Removed top 6 bits (of 19) from port B of cell ex254_semantic_e4acc_fp4prod_prodtable_qcase.$procmux$1467_CMP0 ($eq).
Removed top 6 bits (of 19) from port B of cell ex254_semantic_e4acc_fp4prod_prodtable_qcase.$procmux$1468_CMP0 ($eq).
Removed top 6 bits (of 19) from port B of cell ex254_semantic_e4acc_fp4prod_prodtable_qcase.$procmux$1469_CMP0 ($eq).
Removed top 6 bits (of 19) from port B of cell ex254_semantic_e4acc_fp4prod_prodtable_qcase.$procmux$1470_CMP0 ($eq).
Removed top 6 bits (of 19) from port B of cell ex254_semantic_e4acc_fp4prod_prodtable_qcase.$procmux$1471_CMP0 ($eq).
Removed top 6 bits (of 19) from port B of cell ex254_semantic_e4acc_fp4prod_prodtable_qcase.$procmux$1472_CMP0 ($eq).
Removed top 6 bits (of 19) from port B of cell ex254_semantic_e4acc_fp4prod_prodtable_qcase.$procmux$1473_CMP0 ($eq).
Removed top 6 bits (of 19) from port B of cell ex254_semantic_e4acc_fp4prod_prodtable_qcase.$procmux$1474_CMP0 ($eq).
Removed top 6 bits (of 19) from port B of cell ex254_semantic_e4acc_fp4prod_prodtable_qcase.$procmux$1475_CMP0 ($eq).
Removed top 6 bits (of 19) from port B of cell ex254_semantic_e4acc_fp4prod_prodtable_qcase.$procmux$1476_CMP0 ($eq).
Removed top 6 bits (of 19) from port B of cell ex254_semantic_e4acc_fp4prod_prodtable_qcase.$procmux$1477_CMP0 ($eq).
Removed top 6 bits (of 19) from port B of cell ex254_semantic_e4acc_fp4prod_prodtable_qcase.$procmux$1478_CMP0 ($eq).
Removed top 6 bits (of 19) from port B of cell ex254_semantic_e4acc_fp4prod_prodtable_qcase.$procmux$1479_CMP0 ($eq).
Removed top 6 bits (of 19) from port B of cell ex254_semantic_e4acc_fp4prod_prodtable_qcase.$procmux$1480_CMP0 ($eq).
Removed top 6 bits (of 19) from port B of cell ex254_semantic_e4acc_fp4prod_prodtable_qcase.$procmux$1481_CMP0 ($eq).
Removed top 6 bits (of 19) from port B of cell ex254_semantic_e4acc_fp4prod_prodtable_qcase.$procmux$1482_CMP0 ($eq).
Removed top 6 bits (of 19) from port B of cell ex254_semantic_e4acc_fp4prod_prodtable_qcase.$procmux$1483_CMP0 ($eq).
Removed top 6 bits (of 19) from port B of cell ex254_semantic_e4acc_fp4prod_prodtable_qcase.$procmux$1484_CMP0 ($eq).
Removed top 6 bits (of 19) from port B of cell ex254_semantic_e4acc_fp4prod_prodtable_qcase.$procmux$1485_CMP0 ($eq).
Removed top 6 bits (of 19) from port B of cell ex254_semantic_e4acc_fp4prod_prodtable_qcase.$procmux$1486_CMP0 ($eq).
Removed top 6 bits (of 19) from port B of cell ex254_semantic_e4acc_fp4prod_prodtable_qcase.$procmux$1487_CMP0 ($eq).
Removed top 6 bits (of 19) from port B of cell ex254_semantic_e4acc_fp4prod_prodtable_qcase.$procmux$1488_CMP0 ($eq).
Removed top 6 bits (of 19) from port B of cell ex254_semantic_e4acc_fp4prod_prodtable_qcase.$procmux$1489_CMP0 ($eq).
Removed top 6 bits (of 19) from port B of cell ex254_semantic_e4acc_fp4prod_prodtable_qcase.$procmux$1490_CMP0 ($eq).
Removed top 6 bits (of 19) from port B of cell ex254_semantic_e4acc_fp4prod_prodtable_qcase.$procmux$1491_CMP0 ($eq).
Removed top 6 bits (of 19) from port B of cell ex254_semantic_e4acc_fp4prod_prodtable_qcase.$procmux$1492_CMP0 ($eq).
Removed top 6 bits (of 19) from port B of cell ex254_semantic_e4acc_fp4prod_prodtable_qcase.$procmux$1493_CMP0 ($eq).
Removed top 6 bits (of 19) from port B of cell ex254_semantic_e4acc_fp4prod_prodtable_qcase.$procmux$1494_CMP0 ($eq).
Removed top 6 bits (of 19) from port B of cell ex254_semantic_e4acc_fp4prod_prodtable_qcase.$procmux$1495_CMP0 ($eq).
Removed top 6 bits (of 19) from port B of cell ex254_semantic_e4acc_fp4prod_prodtable_qcase.$procmux$1496_CMP0 ($eq).
Removed top 6 bits (of 19) from port B of cell ex254_semantic_e4acc_fp4prod_prodtable_qcase.$procmux$1497_CMP0 ($eq).
Removed top 6 bits (of 19) from port B of cell ex254_semantic_e4acc_fp4prod_prodtable_qcase.$procmux$1498_CMP0 ($eq).
Removed top 6 bits (of 19) from port B of cell ex254_semantic_e4acc_fp4prod_prodtable_qcase.$procmux$1499_CMP0 ($eq).
Removed top 6 bits (of 19) from port B of cell ex254_semantic_e4acc_fp4prod_prodtable_qcase.$procmux$1500_CMP0 ($eq).
Removed top 6 bits (of 19) from port B of cell ex254_semantic_e4acc_fp4prod_prodtable_qcase.$procmux$1501_CMP0 ($eq).
Removed top 6 bits (of 19) from port B of cell ex254_semantic_e4acc_fp4prod_prodtable_qcase.$procmux$1502_CMP0 ($eq).
Removed top 6 bits (of 19) from port B of cell ex254_semantic_e4acc_fp4prod_prodtable_qcase.$procmux$1503_CMP0 ($eq).
Removed top 6 bits (of 19) from port B of cell ex254_semantic_e4acc_fp4prod_prodtable_qcase.$procmux$1504_CMP0 ($eq).
Removed top 6 bits (of 19) from port B of cell ex254_semantic_e4acc_fp4prod_prodtable_qcase.$procmux$1505_CMP0 ($eq).
Removed top 6 bits (of 19) from port B of cell ex254_semantic_e4acc_fp4prod_prodtable_qcase.$procmux$1506_CMP0 ($eq).
Removed top 6 bits (of 19) from port B of cell ex254_semantic_e4acc_fp4prod_prodtable_qcase.$procmux$1507_CMP0 ($eq).
Removed top 6 bits (of 19) from port B of cell ex254_semantic_e4acc_fp4prod_prodtable_qcase.$procmux$1508_CMP0 ($eq).
Removed top 6 bits (of 19) from port B of cell ex254_semantic_e4acc_fp4prod_prodtable_qcase.$procmux$1509_CMP0 ($eq).
Removed top 6 bits (of 19) from port B of cell ex254_semantic_e4acc_fp4prod_prodtable_qcase.$procmux$1510_CMP0 ($eq).
Removed top 6 bits (of 19) from port B of cell ex254_semantic_e4acc_fp4prod_prodtable_qcase.$procmux$1511_CMP0 ($eq).
Removed top 6 bits (of 19) from port B of cell ex254_semantic_e4acc_fp4prod_prodtable_qcase.$procmux$1512_CMP0 ($eq).
Removed top 6 bits (of 19) from port B of cell ex254_semantic_e4acc_fp4prod_prodtable_qcase.$procmux$1513_CMP0 ($eq).
Removed top 6 bits (of 19) from port B of cell ex254_semantic_e4acc_fp4prod_prodtable_qcase.$procmux$1514_CMP0 ($eq).
Removed top 6 bits (of 19) from port B of cell ex254_semantic_e4acc_fp4prod_prodtable_qcase.$procmux$1515_CMP0 ($eq).
Removed top 6 bits (of 19) from port B of cell ex254_semantic_e4acc_fp4prod_prodtable_qcase.$procmux$1516_CMP0 ($eq).
Removed top 6 bits (of 19) from port B of cell ex254_semantic_e4acc_fp4prod_prodtable_qcase.$procmux$1517_CMP0 ($eq).
Removed top 6 bits (of 19) from port B of cell ex254_semantic_e4acc_fp4prod_prodtable_qcase.$procmux$1518_CMP0 ($eq).
Removed top 6 bits (of 19) from port B of cell ex254_semantic_e4acc_fp4prod_prodtable_qcase.$procmux$1519_CMP0 ($eq).
Removed top 6 bits (of 19) from port B of cell ex254_semantic_e4acc_fp4prod_prodtable_qcase.$procmux$1520_CMP0 ($eq).
Removed top 6 bits (of 19) from port B of cell ex254_semantic_e4acc_fp4prod_prodtable_qcase.$procmux$1521_CMP0 ($eq).
Removed top 6 bits (of 19) from port B of cell ex254_semantic_e4acc_fp4prod_prodtable_qcase.$procmux$1522_CMP0 ($eq).
Removed top 6 bits (of 19) from port B of cell ex254_semantic_e4acc_fp4prod_prodtable_qcase.$procmux$1523_CMP0 ($eq).
Removed top 6 bits (of 19) from port B of cell ex254_semantic_e4acc_fp4prod_prodtable_qcase.$procmux$1524_CMP0 ($eq).
Removed top 6 bits (of 19) from port B of cell ex254_semantic_e4acc_fp4prod_prodtable_qcase.$procmux$1525_CMP0 ($eq).
Removed top 6 bits (of 19) from port B of cell ex254_semantic_e4acc_fp4prod_prodtable_qcase.$procmux$1526_CMP0 ($eq).
Removed top 6 bits (of 19) from port B of cell ex254_semantic_e4acc_fp4prod_prodtable_qcase.$procmux$1527_CMP0 ($eq).
Removed top 6 bits (of 19) from port B of cell ex254_semantic_e4acc_fp4prod_prodtable_qcase.$procmux$1528_CMP0 ($eq).
Removed top 6 bits (of 19) from port B of cell ex254_semantic_e4acc_fp4prod_prodtable_qcase.$procmux$1529_CMP0 ($eq).
Removed top 6 bits (of 19) from port B of cell ex254_semantic_e4acc_fp4prod_prodtable_qcase.$procmux$1530_CMP0 ($eq).
Removed top 6 bits (of 19) from port B of cell ex254_semantic_e4acc_fp4prod_prodtable_qcase.$procmux$1531_CMP0 ($eq).
Removed top 6 bits (of 19) from port B of cell ex254_semantic_e4acc_fp4prod_prodtable_qcase.$procmux$1532_CMP0 ($eq).
Removed top 6 bits (of 19) from port B of cell ex254_semantic_e4acc_fp4prod_prodtable_qcase.$procmux$1533_CMP0 ($eq).
Removed top 6 bits (of 19) from port B of cell ex254_semantic_e4acc_fp4prod_prodtable_qcase.$procmux$1534_CMP0 ($eq).
Removed top 6 bits (of 19) from port B of cell ex254_semantic_e4acc_fp4prod_prodtable_qcase.$procmux$1535_CMP0 ($eq).
Removed top 6 bits (of 19) from port B of cell ex254_semantic_e4acc_fp4prod_prodtable_qcase.$procmux$1536_CMP0 ($eq).
Removed top 6 bits (of 19) from port B of cell ex254_semantic_e4acc_fp4prod_prodtable_qcase.$procmux$1537_CMP0 ($eq).
Removed top 6 bits (of 19) from port B of cell ex254_semantic_e4acc_fp4prod_prodtable_qcase.$procmux$1538_CMP0 ($eq).
Removed top 6 bits (of 19) from port B of cell ex254_semantic_e4acc_fp4prod_prodtable_qcase.$procmux$1539_CMP0 ($eq).
Removed top 6 bits (of 19) from port B of cell ex254_semantic_e4acc_fp4prod_prodtable_qcase.$procmux$1540_CMP0 ($eq).
Removed top 6 bits (of 19) from port B of cell ex254_semantic_e4acc_fp4prod_prodtable_qcase.$procmux$1541_CMP0 ($eq).
Removed top 6 bits (of 19) from port B of cell ex254_semantic_e4acc_fp4prod_prodtable_qcase.$procmux$1542_CMP0 ($eq).
Removed top 6 bits (of 19) from port B of cell ex254_semantic_e4acc_fp4prod_prodtable_qcase.$procmux$1543_CMP0 ($eq).
Removed top 6 bits (of 19) from port B of cell ex254_semantic_e4acc_fp4prod_prodtable_qcase.$procmux$1544_CMP0 ($eq).
Removed top 6 bits (of 19) from port B of cell ex254_semantic_e4acc_fp4prod_prodtable_qcase.$procmux$1545_CMP0 ($eq).
Removed top 6 bits (of 19) from port B of cell ex254_semantic_e4acc_fp4prod_prodtable_qcase.$procmux$1546_CMP0 ($eq).
Removed top 6 bits (of 19) from port B of cell ex254_semantic_e4acc_fp4prod_prodtable_qcase.$procmux$1547_CMP0 ($eq).
Removed top 6 bits (of 19) from port B of cell ex254_semantic_e4acc_fp4prod_prodtable_qcase.$procmux$1548_CMP0 ($eq).
Removed top 6 bits (of 19) from port B of cell ex254_semantic_e4acc_fp4prod_prodtable_qcase.$procmux$1549_CMP0 ($eq).
Removed top 6 bits (of 19) from port B of cell ex254_semantic_e4acc_fp4prod_prodtable_qcase.$procmux$1550_CMP0 ($eq).
Removed top 6 bits (of 19) from port B of cell ex254_semantic_e4acc_fp4prod_prodtable_qcase.$procmux$1551_CMP0 ($eq).
Removed top 6 bits (of 19) from port B of cell ex254_semantic_e4acc_fp4prod_prodtable_qcase.$procmux$1552_CMP0 ($eq).
Removed top 6 bits (of 19) from port B of cell ex254_semantic_e4acc_fp4prod_prodtable_qcase.$procmux$1553_CMP0 ($eq).
Removed top 6 bits (of 19) from port B of cell ex254_semantic_e4acc_fp4prod_prodtable_qcase.$procmux$1554_CMP0 ($eq).
Removed top 6 bits (of 19) from port B of cell ex254_semantic_e4acc_fp4prod_prodtable_qcase.$procmux$1555_CMP0 ($eq).
Removed top 6 bits (of 19) from port B of cell ex254_semantic_e4acc_fp4prod_prodtable_qcase.$procmux$1556_CMP0 ($eq).
Removed top 7 bits (of 19) from port B of cell ex254_semantic_e4acc_fp4prod_prodtable_qcase.$procmux$1557_CMP0 ($eq).
Removed top 7 bits (of 19) from port B of cell ex254_semantic_e4acc_fp4prod_prodtable_qcase.$procmux$1558_CMP0 ($eq).
Removed top 7 bits (of 19) from port B of cell ex254_semantic_e4acc_fp4prod_prodtable_qcase.$procmux$1559_CMP0 ($eq).
Removed top 7 bits (of 19) from port B of cell ex254_semantic_e4acc_fp4prod_prodtable_qcase.$procmux$1560_CMP0 ($eq).
Removed top 7 bits (of 19) from port B of cell ex254_semantic_e4acc_fp4prod_prodtable_qcase.$procmux$1561_CMP0 ($eq).
Removed top 7 bits (of 19) from port B of cell ex254_semantic_e4acc_fp4prod_prodtable_qcase.$procmux$1562_CMP0 ($eq).
Removed top 7 bits (of 19) from port B of cell ex254_semantic_e4acc_fp4prod_prodtable_qcase.$procmux$1563_CMP0 ($eq).
Removed top 7 bits (of 19) from port B of cell ex254_semantic_e4acc_fp4prod_prodtable_qcase.$procmux$1564_CMP0 ($eq).
Removed top 7 bits (of 19) from port B of cell ex254_semantic_e4acc_fp4prod_prodtable_qcase.$procmux$1565_CMP0 ($eq).
Removed top 7 bits (of 19) from port B of cell ex254_semantic_e4acc_fp4prod_prodtable_qcase.$procmux$1566_CMP0 ($eq).
Removed top 7 bits (of 19) from port B of cell ex254_semantic_e4acc_fp4prod_prodtable_qcase.$procmux$1567_CMP0 ($eq).
Removed top 7 bits (of 19) from port B of cell ex254_semantic_e4acc_fp4prod_prodtable_qcase.$procmux$1568_CMP0 ($eq).
Removed top 7 bits (of 19) from port B of cell ex254_semantic_e4acc_fp4prod_prodtable_qcase.$procmux$1569_CMP0 ($eq).
Removed top 7 bits (of 19) from port B of cell ex254_semantic_e4acc_fp4prod_prodtable_qcase.$procmux$1570_CMP0 ($eq).
Removed top 7 bits (of 19) from port B of cell ex254_semantic_e4acc_fp4prod_prodtable_qcase.$procmux$1571_CMP0 ($eq).
Removed top 7 bits (of 19) from port B of cell ex254_semantic_e4acc_fp4prod_prodtable_qcase.$procmux$1572_CMP0 ($eq).
Removed top 7 bits (of 19) from port B of cell ex254_semantic_e4acc_fp4prod_prodtable_qcase.$procmux$1573_CMP0 ($eq).
Removed top 7 bits (of 19) from port B of cell ex254_semantic_e4acc_fp4prod_prodtable_qcase.$procmux$1574_CMP0 ($eq).
Removed top 7 bits (of 19) from port B of cell ex254_semantic_e4acc_fp4prod_prodtable_qcase.$procmux$1575_CMP0 ($eq).
Removed top 7 bits (of 19) from port B of cell ex254_semantic_e4acc_fp4prod_prodtable_qcase.$procmux$1576_CMP0 ($eq).
Removed top 7 bits (of 19) from port B of cell ex254_semantic_e4acc_fp4prod_prodtable_qcase.$procmux$1577_CMP0 ($eq).
Removed top 7 bits (of 19) from port B of cell ex254_semantic_e4acc_fp4prod_prodtable_qcase.$procmux$1578_CMP0 ($eq).
Removed top 7 bits (of 19) from port B of cell ex254_semantic_e4acc_fp4prod_prodtable_qcase.$procmux$1579_CMP0 ($eq).
Removed top 7 bits (of 19) from port B of cell ex254_semantic_e4acc_fp4prod_prodtable_qcase.$procmux$1580_CMP0 ($eq).
Removed top 7 bits (of 19) from port B of cell ex254_semantic_e4acc_fp4prod_prodtable_qcase.$procmux$1581_CMP0 ($eq).
Removed top 7 bits (of 19) from port B of cell ex254_semantic_e4acc_fp4prod_prodtable_qcase.$procmux$1582_CMP0 ($eq).
Removed top 7 bits (of 19) from port B of cell ex254_semantic_e4acc_fp4prod_prodtable_qcase.$procmux$1583_CMP0 ($eq).
Removed top 7 bits (of 19) from port B of cell ex254_semantic_e4acc_fp4prod_prodtable_qcase.$procmux$1584_CMP0 ($eq).
Removed top 7 bits (of 19) from port B of cell ex254_semantic_e4acc_fp4prod_prodtable_qcase.$procmux$1585_CMP0 ($eq).
Removed top 7 bits (of 19) from port B of cell ex254_semantic_e4acc_fp4prod_prodtable_qcase.$procmux$1586_CMP0 ($eq).
Removed top 7 bits (of 19) from port B of cell ex254_semantic_e4acc_fp4prod_prodtable_qcase.$procmux$1587_CMP0 ($eq).
Removed top 7 bits (of 19) from port B of cell ex254_semantic_e4acc_fp4prod_prodtable_qcase.$procmux$1588_CMP0 ($eq).
Removed top 7 bits (of 19) from port B of cell ex254_semantic_e4acc_fp4prod_prodtable_qcase.$procmux$1589_CMP0 ($eq).
Removed top 7 bits (of 19) from port B of cell ex254_semantic_e4acc_fp4prod_prodtable_qcase.$procmux$1590_CMP0 ($eq).
Removed top 7 bits (of 19) from port B of cell ex254_semantic_e4acc_fp4prod_prodtable_qcase.$procmux$1591_CMP0 ($eq).
Removed top 7 bits (of 19) from port B of cell ex254_semantic_e4acc_fp4prod_prodtable_qcase.$procmux$1592_CMP0 ($eq).
Removed top 7 bits (of 19) from port B of cell ex254_semantic_e4acc_fp4prod_prodtable_qcase.$procmux$1593_CMP0 ($eq).
Removed top 7 bits (of 19) from port B of cell ex254_semantic_e4acc_fp4prod_prodtable_qcase.$procmux$1594_CMP0 ($eq).
Removed top 7 bits (of 19) from port B of cell ex254_semantic_e4acc_fp4prod_prodtable_qcase.$procmux$1595_CMP0 ($eq).
Removed top 7 bits (of 19) from port B of cell ex254_semantic_e4acc_fp4prod_prodtable_qcase.$procmux$1596_CMP0 ($eq).
Removed top 7 bits (of 19) from port B of cell ex254_semantic_e4acc_fp4prod_prodtable_qcase.$procmux$1597_CMP0 ($eq).
Removed top 7 bits (of 19) from port B of cell ex254_semantic_e4acc_fp4prod_prodtable_qcase.$procmux$1598_CMP0 ($eq).
Removed top 7 bits (of 19) from port B of cell ex254_semantic_e4acc_fp4prod_prodtable_qcase.$procmux$1599_CMP0 ($eq).
Removed top 7 bits (of 19) from port B of cell ex254_semantic_e4acc_fp4prod_prodtable_qcase.$procmux$1600_CMP0 ($eq).
Removed top 7 bits (of 19) from port B of cell ex254_semantic_e4acc_fp4prod_prodtable_qcase.$procmux$1601_CMP0 ($eq).
Removed top 7 bits (of 19) from port B of cell ex254_semantic_e4acc_fp4prod_prodtable_qcase.$procmux$1602_CMP0 ($eq).
Removed top 7 bits (of 19) from port B of cell ex254_semantic_e4acc_fp4prod_prodtable_qcase.$procmux$1603_CMP0 ($eq).
Removed top 7 bits (of 19) from port B of cell ex254_semantic_e4acc_fp4prod_prodtable_qcase.$procmux$1604_CMP0 ($eq).
Removed top 7 bits (of 19) from port B of cell ex254_semantic_e4acc_fp4prod_prodtable_qcase.$procmux$1605_CMP0 ($eq).
Removed top 7 bits (of 19) from port B of cell ex254_semantic_e4acc_fp4prod_prodtable_qcase.$procmux$1606_CMP0 ($eq).
Removed top 7 bits (of 19) from port B of cell ex254_semantic_e4acc_fp4prod_prodtable_qcase.$procmux$1607_CMP0 ($eq).
Removed top 7 bits (of 19) from port B of cell ex254_semantic_e4acc_fp4prod_prodtable_qcase.$procmux$1608_CMP0 ($eq).
Removed top 7 bits (of 19) from port B of cell ex254_semantic_e4acc_fp4prod_prodtable_qcase.$procmux$1609_CMP0 ($eq).
Removed top 7 bits (of 19) from port B of cell ex254_semantic_e4acc_fp4prod_prodtable_qcase.$procmux$1610_CMP0 ($eq).
Removed top 7 bits (of 19) from port B of cell ex254_semantic_e4acc_fp4prod_prodtable_qcase.$procmux$1611_CMP0 ($eq).
Removed top 7 bits (of 19) from port B of cell ex254_semantic_e4acc_fp4prod_prodtable_qcase.$procmux$1612_CMP0 ($eq).
Removed top 7 bits (of 19) from port B of cell ex254_semantic_e4acc_fp4prod_prodtable_qcase.$procmux$1613_CMP0 ($eq).
Removed top 7 bits (of 19) from port B of cell ex254_semantic_e4acc_fp4prod_prodtable_qcase.$procmux$1614_CMP0 ($eq).
Removed top 7 bits (of 19) from port B of cell ex254_semantic_e4acc_fp4prod_prodtable_qcase.$procmux$1615_CMP0 ($eq).
Removed top 7 bits (of 19) from port B of cell ex254_semantic_e4acc_fp4prod_prodtable_qcase.$procmux$1616_CMP0 ($eq).
Removed top 7 bits (of 19) from port B of cell ex254_semantic_e4acc_fp4prod_prodtable_qcase.$procmux$1617_CMP0 ($eq).
Removed top 7 bits (of 19) from port B of cell ex254_semantic_e4acc_fp4prod_prodtable_qcase.$procmux$1618_CMP0 ($eq).
Removed top 7 bits (of 19) from port B of cell ex254_semantic_e4acc_fp4prod_prodtable_qcase.$procmux$1619_CMP0 ($eq).
Removed top 7 bits (of 19) from port B of cell ex254_semantic_e4acc_fp4prod_prodtable_qcase.$procmux$1620_CMP0 ($eq).
Removed top 7 bits (of 19) from port B of cell ex254_semantic_e4acc_fp4prod_prodtable_qcase.$procmux$1621_CMP0 ($eq).
Removed top 7 bits (of 19) from port B of cell ex254_semantic_e4acc_fp4prod_prodtable_qcase.$procmux$1622_CMP0 ($eq).
Removed top 7 bits (of 19) from port B of cell ex254_semantic_e4acc_fp4prod_prodtable_qcase.$procmux$1623_CMP0 ($eq).
Removed top 7 bits (of 19) from port B of cell ex254_semantic_e4acc_fp4prod_prodtable_qcase.$procmux$1624_CMP0 ($eq).
Removed top 7 bits (of 19) from port B of cell ex254_semantic_e4acc_fp4prod_prodtable_qcase.$procmux$1625_CMP0 ($eq).
Removed top 7 bits (of 19) from port B of cell ex254_semantic_e4acc_fp4prod_prodtable_qcase.$procmux$1626_CMP0 ($eq).
Removed top 7 bits (of 19) from port B of cell ex254_semantic_e4acc_fp4prod_prodtable_qcase.$procmux$1627_CMP0 ($eq).
Removed top 7 bits (of 19) from port B of cell ex254_semantic_e4acc_fp4prod_prodtable_qcase.$procmux$1628_CMP0 ($eq).
Removed top 7 bits (of 19) from port B of cell ex254_semantic_e4acc_fp4prod_prodtable_qcase.$procmux$1629_CMP0 ($eq).
Removed top 7 bits (of 19) from port B of cell ex254_semantic_e4acc_fp4prod_prodtable_qcase.$procmux$1630_CMP0 ($eq).
Removed top 7 bits (of 19) from port B of cell ex254_semantic_e4acc_fp4prod_prodtable_qcase.$procmux$1631_CMP0 ($eq).
Removed top 7 bits (of 19) from port B of cell ex254_semantic_e4acc_fp4prod_prodtable_qcase.$procmux$1632_CMP0 ($eq).
Removed top 7 bits (of 19) from port B of cell ex254_semantic_e4acc_fp4prod_prodtable_qcase.$procmux$1633_CMP0 ($eq).
Removed top 7 bits (of 19) from port B of cell ex254_semantic_e4acc_fp4prod_prodtable_qcase.$procmux$1634_CMP0 ($eq).
Removed top 7 bits (of 19) from port B of cell ex254_semantic_e4acc_fp4prod_prodtable_qcase.$procmux$1635_CMP0 ($eq).
Removed top 7 bits (of 19) from port B of cell ex254_semantic_e4acc_fp4prod_prodtable_qcase.$procmux$1636_CMP0 ($eq).
Removed top 7 bits (of 19) from port B of cell ex254_semantic_e4acc_fp4prod_prodtable_qcase.$procmux$1637_CMP0 ($eq).
Removed top 7 bits (of 19) from port B of cell ex254_semantic_e4acc_fp4prod_prodtable_qcase.$procmux$1638_CMP0 ($eq).
Removed top 7 bits (of 19) from port B of cell ex254_semantic_e4acc_fp4prod_prodtable_qcase.$procmux$1639_CMP0 ($eq).
Removed top 7 bits (of 19) from port B of cell ex254_semantic_e4acc_fp4prod_prodtable_qcase.$procmux$1640_CMP0 ($eq).
Removed top 7 bits (of 19) from port B of cell ex254_semantic_e4acc_fp4prod_prodtable_qcase.$procmux$1641_CMP0 ($eq).
Removed top 7 bits (of 19) from port B of cell ex254_semantic_e4acc_fp4prod_prodtable_qcase.$procmux$1642_CMP0 ($eq).
Removed top 7 bits (of 19) from port B of cell ex254_semantic_e4acc_fp4prod_prodtable_qcase.$procmux$1643_CMP0 ($eq).
Removed top 7 bits (of 19) from port B of cell ex254_semantic_e4acc_fp4prod_prodtable_qcase.$procmux$1644_CMP0 ($eq).
Removed top 7 bits (of 19) from port B of cell ex254_semantic_e4acc_fp4prod_prodtable_qcase.$procmux$1645_CMP0 ($eq).
Removed top 7 bits (of 19) from port B of cell ex254_semantic_e4acc_fp4prod_prodtable_qcase.$procmux$1646_CMP0 ($eq).
Removed top 7 bits (of 19) from port B of cell ex254_semantic_e4acc_fp4prod_prodtable_qcase.$procmux$1647_CMP0 ($eq).
Removed top 7 bits (of 19) from port B of cell ex254_semantic_e4acc_fp4prod_prodtable_qcase.$procmux$1648_CMP0 ($eq).
Removed top 7 bits (of 19) from port B of cell ex254_semantic_e4acc_fp4prod_prodtable_qcase.$procmux$1649_CMP0 ($eq).
Removed top 7 bits (of 19) from port B of cell ex254_semantic_e4acc_fp4prod_prodtable_qcase.$procmux$1650_CMP0 ($eq).
Removed top 7 bits (of 19) from port B of cell ex254_semantic_e4acc_fp4prod_prodtable_qcase.$procmux$1651_CMP0 ($eq).
Removed top 7 bits (of 19) from port B of cell ex254_semantic_e4acc_fp4prod_prodtable_qcase.$procmux$1652_CMP0 ($eq).
Removed top 7 bits (of 19) from port B of cell ex254_semantic_e4acc_fp4prod_prodtable_qcase.$procmux$1653_CMP0 ($eq).
Removed top 7 bits (of 19) from port B of cell ex254_semantic_e4acc_fp4prod_prodtable_qcase.$procmux$1654_CMP0 ($eq).
Removed top 7 bits (of 19) from port B of cell ex254_semantic_e4acc_fp4prod_prodtable_qcase.$procmux$1655_CMP0 ($eq).
Removed top 7 bits (of 19) from port B of cell ex254_semantic_e4acc_fp4prod_prodtable_qcase.$procmux$1656_CMP0 ($eq).
Removed top 7 bits (of 19) from port B of cell ex254_semantic_e4acc_fp4prod_prodtable_qcase.$procmux$1657_CMP0 ($eq).
Removed top 7 bits (of 19) from port B of cell ex254_semantic_e4acc_fp4prod_prodtable_qcase.$procmux$1658_CMP0 ($eq).
Removed top 7 bits (of 19) from port B of cell ex254_semantic_e4acc_fp4prod_prodtable_qcase.$procmux$1659_CMP0 ($eq).
Removed top 7 bits (of 19) from port B of cell ex254_semantic_e4acc_fp4prod_prodtable_qcase.$procmux$1660_CMP0 ($eq).
Removed top 7 bits (of 19) from port B of cell ex254_semantic_e4acc_fp4prod_prodtable_qcase.$procmux$1661_CMP0 ($eq).
Removed top 7 bits (of 19) from port B of cell ex254_semantic_e4acc_fp4prod_prodtable_qcase.$procmux$1662_CMP0 ($eq).
Removed top 7 bits (of 19) from port B of cell ex254_semantic_e4acc_fp4prod_prodtable_qcase.$procmux$1663_CMP0 ($eq).
Removed top 7 bits (of 19) from port B of cell ex254_semantic_e4acc_fp4prod_prodtable_qcase.$procmux$1664_CMP0 ($eq).
Removed top 7 bits (of 19) from port B of cell ex254_semantic_e4acc_fp4prod_prodtable_qcase.$procmux$1665_CMP0 ($eq).
Removed top 7 bits (of 19) from port B of cell ex254_semantic_e4acc_fp4prod_prodtable_qcase.$procmux$1666_CMP0 ($eq).
Removed top 7 bits (of 19) from port B of cell ex254_semantic_e4acc_fp4prod_prodtable_qcase.$procmux$1667_CMP0 ($eq).
Removed top 7 bits (of 19) from port B of cell ex254_semantic_e4acc_fp4prod_prodtable_qcase.$procmux$1668_CMP0 ($eq).
Removed top 7 bits (of 19) from port B of cell ex254_semantic_e4acc_fp4prod_prodtable_qcase.$procmux$1669_CMP0 ($eq).
Removed top 7 bits (of 19) from port B of cell ex254_semantic_e4acc_fp4prod_prodtable_qcase.$procmux$1670_CMP0 ($eq).
Removed top 7 bits (of 19) from port B of cell ex254_semantic_e4acc_fp4prod_prodtable_qcase.$procmux$1671_CMP0 ($eq).
Removed top 7 bits (of 19) from port B of cell ex254_semantic_e4acc_fp4prod_prodtable_qcase.$procmux$1672_CMP0 ($eq).
Removed top 7 bits (of 19) from port B of cell ex254_semantic_e4acc_fp4prod_prodtable_qcase.$procmux$1673_CMP0 ($eq).
Removed top 7 bits (of 19) from port B of cell ex254_semantic_e4acc_fp4prod_prodtable_qcase.$procmux$1674_CMP0 ($eq).
Removed top 7 bits (of 19) from port B of cell ex254_semantic_e4acc_fp4prod_prodtable_qcase.$procmux$1675_CMP0 ($eq).
Removed top 7 bits (of 19) from port B of cell ex254_semantic_e4acc_fp4prod_prodtable_qcase.$procmux$1676_CMP0 ($eq).
Removed top 7 bits (of 19) from port B of cell ex254_semantic_e4acc_fp4prod_prodtable_qcase.$procmux$1677_CMP0 ($eq).
Removed top 7 bits (of 19) from port B of cell ex254_semantic_e4acc_fp4prod_prodtable_qcase.$procmux$1678_CMP0 ($eq).
Removed top 7 bits (of 19) from port B of cell ex254_semantic_e4acc_fp4prod_prodtable_qcase.$procmux$1679_CMP0 ($eq).
Removed top 7 bits (of 19) from port B of cell ex254_semantic_e4acc_fp4prod_prodtable_qcase.$procmux$1680_CMP0 ($eq).
Removed top 7 bits (of 19) from port B of cell ex254_semantic_e4acc_fp4prod_prodtable_qcase.$procmux$1681_CMP0 ($eq).
Removed top 7 bits (of 19) from port B of cell ex254_semantic_e4acc_fp4prod_prodtable_qcase.$procmux$1682_CMP0 ($eq).
Removed top 7 bits (of 19) from port B of cell ex254_semantic_e4acc_fp4prod_prodtable_qcase.$procmux$1683_CMP0 ($eq).
Removed top 7 bits (of 19) from port B of cell ex254_semantic_e4acc_fp4prod_prodtable_qcase.$procmux$1684_CMP0 ($eq).
Removed top 7 bits (of 19) from port B of cell ex254_semantic_e4acc_fp4prod_prodtable_qcase.$procmux$1685_CMP0 ($eq).
Removed top 7 bits (of 19) from port B of cell ex254_semantic_e4acc_fp4prod_prodtable_qcase.$procmux$1686_CMP0 ($eq).
Removed top 7 bits (of 19) from port B of cell ex254_semantic_e4acc_fp4prod_prodtable_qcase.$procmux$1687_CMP0 ($eq).
Removed top 7 bits (of 19) from port B of cell ex254_semantic_e4acc_fp4prod_prodtable_qcase.$procmux$1688_CMP0 ($eq).
Removed top 7 bits (of 19) from port B of cell ex254_semantic_e4acc_fp4prod_prodtable_qcase.$procmux$1689_CMP0 ($eq).
Removed top 7 bits (of 19) from port B of cell ex254_semantic_e4acc_fp4prod_prodtable_qcase.$procmux$1690_CMP0 ($eq).
Removed top 7 bits (of 19) from port B of cell ex254_semantic_e4acc_fp4prod_prodtable_qcase.$procmux$1691_CMP0 ($eq).
Removed top 7 bits (of 19) from port B of cell ex254_semantic_e4acc_fp4prod_prodtable_qcase.$procmux$1692_CMP0 ($eq).
Removed top 7 bits (of 19) from port B of cell ex254_semantic_e4acc_fp4prod_prodtable_qcase.$procmux$1693_CMP0 ($eq).
Removed top 7 bits (of 19) from port B of cell ex254_semantic_e4acc_fp4prod_prodtable_qcase.$procmux$1694_CMP0 ($eq).
Removed top 7 bits (of 19) from port B of cell ex254_semantic_e4acc_fp4prod_prodtable_qcase.$procmux$1695_CMP0 ($eq).
Removed top 7 bits (of 19) from port B of cell ex254_semantic_e4acc_fp4prod_prodtable_qcase.$procmux$1696_CMP0 ($eq).
Removed top 7 bits (of 19) from port B of cell ex254_semantic_e4acc_fp4prod_prodtable_qcase.$procmux$1697_CMP0 ($eq).
Removed top 7 bits (of 19) from port B of cell ex254_semantic_e4acc_fp4prod_prodtable_qcase.$procmux$1698_CMP0 ($eq).
Removed top 7 bits (of 19) from port B of cell ex254_semantic_e4acc_fp4prod_prodtable_qcase.$procmux$1699_CMP0 ($eq).
Removed top 7 bits (of 19) from port B of cell ex254_semantic_e4acc_fp4prod_prodtable_qcase.$procmux$1700_CMP0 ($eq).
Removed top 7 bits (of 19) from port B of cell ex254_semantic_e4acc_fp4prod_prodtable_qcase.$procmux$1701_CMP0 ($eq).
Removed top 7 bits (of 19) from port B of cell ex254_semantic_e4acc_fp4prod_prodtable_qcase.$procmux$1702_CMP0 ($eq).
Removed top 7 bits (of 19) from port B of cell ex254_semantic_e4acc_fp4prod_prodtable_qcase.$procmux$1703_CMP0 ($eq).
Removed top 7 bits (of 19) from port B of cell ex254_semantic_e4acc_fp4prod_prodtable_qcase.$procmux$1704_CMP0 ($eq).
Removed top 7 bits (of 19) from port B of cell ex254_semantic_e4acc_fp4prod_prodtable_qcase.$procmux$1705_CMP0 ($eq).
Removed top 7 bits (of 19) from port B of cell ex254_semantic_e4acc_fp4prod_prodtable_qcase.$procmux$1706_CMP0 ($eq).
Removed top 7 bits (of 19) from port B of cell ex254_semantic_e4acc_fp4prod_prodtable_qcase.$procmux$1707_CMP0 ($eq).
Removed top 7 bits (of 19) from port B of cell ex254_semantic_e4acc_fp4prod_prodtable_qcase.$procmux$1708_CMP0 ($eq).
Removed top 7 bits (of 19) from port B of cell ex254_semantic_e4acc_fp4prod_prodtable_qcase.$procmux$1709_CMP0 ($eq).
Removed top 7 bits (of 19) from port B of cell ex254_semantic_e4acc_fp4prod_prodtable_qcase.$procmux$1710_CMP0 ($eq).
Removed top 7 bits (of 19) from port B of cell ex254_semantic_e4acc_fp4prod_prodtable_qcase.$procmux$1711_CMP0 ($eq).
Removed top 7 bits (of 19) from port B of cell ex254_semantic_e4acc_fp4prod_prodtable_qcase.$procmux$1712_CMP0 ($eq).
Removed top 7 bits (of 19) from port B of cell ex254_semantic_e4acc_fp4prod_prodtable_qcase.$procmux$1713_CMP0 ($eq).
Removed top 7 bits (of 19) from port B of cell ex254_semantic_e4acc_fp4prod_prodtable_qcase.$procmux$1714_CMP0 ($eq).
Removed top 7 bits (of 19) from port B of cell ex254_semantic_e4acc_fp4prod_prodtable_qcase.$procmux$1715_CMP0 ($eq).
Removed top 7 bits (of 19) from port B of cell ex254_semantic_e4acc_fp4prod_prodtable_qcase.$procmux$1716_CMP0 ($eq).
Removed top 7 bits (of 19) from port B of cell ex254_semantic_e4acc_fp4prod_prodtable_qcase.$procmux$1717_CMP0 ($eq).
Removed top 7 bits (of 19) from port B of cell ex254_semantic_e4acc_fp4prod_prodtable_qcase.$procmux$1718_CMP0 ($eq).
Removed top 7 bits (of 19) from port B of cell ex254_semantic_e4acc_fp4prod_prodtable_qcase.$procmux$1719_CMP0 ($eq).
Removed top 7 bits (of 19) from port B of cell ex254_semantic_e4acc_fp4prod_prodtable_qcase.$procmux$1720_CMP0 ($eq).
Removed top 7 bits (of 19) from port B of cell ex254_semantic_e4acc_fp4prod_prodtable_qcase.$procmux$1721_CMP0 ($eq).
Removed top 7 bits (of 19) from port B of cell ex254_semantic_e4acc_fp4prod_prodtable_qcase.$procmux$1722_CMP0 ($eq).
Removed top 7 bits (of 19) from port B of cell ex254_semantic_e4acc_fp4prod_prodtable_qcase.$procmux$1723_CMP0 ($eq).
Removed top 7 bits (of 19) from port B of cell ex254_semantic_e4acc_fp4prod_prodtable_qcase.$procmux$1724_CMP0 ($eq).
Removed top 7 bits (of 19) from port B of cell ex254_semantic_e4acc_fp4prod_prodtable_qcase.$procmux$1725_CMP0 ($eq).
Removed top 7 bits (of 19) from port B of cell ex254_semantic_e4acc_fp4prod_prodtable_qcase.$procmux$1726_CMP0 ($eq).
Removed top 7 bits (of 19) from port B of cell ex254_semantic_e4acc_fp4prod_prodtable_qcase.$procmux$1727_CMP0 ($eq).
Removed top 7 bits (of 19) from port B of cell ex254_semantic_e4acc_fp4prod_prodtable_qcase.$procmux$1728_CMP0 ($eq).
Removed top 7 bits (of 19) from port B of cell ex254_semantic_e4acc_fp4prod_prodtable_qcase.$procmux$1729_CMP0 ($eq).
Removed top 7 bits (of 19) from port B of cell ex254_semantic_e4acc_fp4prod_prodtable_qcase.$procmux$1730_CMP0 ($eq).
Removed top 7 bits (of 19) from port B of cell ex254_semantic_e4acc_fp4prod_prodtable_qcase.$procmux$1731_CMP0 ($eq).
Removed top 7 bits (of 19) from port B of cell ex254_semantic_e4acc_fp4prod_prodtable_qcase.$procmux$1732_CMP0 ($eq).
Removed top 7 bits (of 19) from port B of cell ex254_semantic_e4acc_fp4prod_prodtable_qcase.$procmux$1733_CMP0 ($eq).
Removed top 7 bits (of 19) from port B of cell ex254_semantic_e4acc_fp4prod_prodtable_qcase.$procmux$1734_CMP0 ($eq).
Removed top 7 bits (of 19) from port B of cell ex254_semantic_e4acc_fp4prod_prodtable_qcase.$procmux$1735_CMP0 ($eq).
Removed top 7 bits (of 19) from port B of cell ex254_semantic_e4acc_fp4prod_prodtable_qcase.$procmux$1736_CMP0 ($eq).
Removed top 7 bits (of 19) from port B of cell ex254_semantic_e4acc_fp4prod_prodtable_qcase.$procmux$1737_CMP0 ($eq).
Removed top 7 bits (of 19) from port B of cell ex254_semantic_e4acc_fp4prod_prodtable_qcase.$procmux$1738_CMP0 ($eq).
Removed top 7 bits (of 19) from port B of cell ex254_semantic_e4acc_fp4prod_prodtable_qcase.$procmux$1739_CMP0 ($eq).
Removed top 7 bits (of 19) from port B of cell ex254_semantic_e4acc_fp4prod_prodtable_qcase.$procmux$1740_CMP0 ($eq).
Removed top 7 bits (of 19) from port B of cell ex254_semantic_e4acc_fp4prod_prodtable_qcase.$procmux$1741_CMP0 ($eq).
Removed top 7 bits (of 19) from port B of cell ex254_semantic_e4acc_fp4prod_prodtable_qcase.$procmux$1742_CMP0 ($eq).
Removed top 7 bits (of 19) from port B of cell ex254_semantic_e4acc_fp4prod_prodtable_qcase.$procmux$1743_CMP0 ($eq).
Removed top 7 bits (of 19) from port B of cell ex254_semantic_e4acc_fp4prod_prodtable_qcase.$procmux$1744_CMP0 ($eq).
Removed top 7 bits (of 19) from port B of cell ex254_semantic_e4acc_fp4prod_prodtable_qcase.$procmux$1745_CMP0 ($eq).
Removed top 7 bits (of 19) from port B of cell ex254_semantic_e4acc_fp4prod_prodtable_qcase.$procmux$1746_CMP0 ($eq).
Removed top 7 bits (of 19) from port B of cell ex254_semantic_e4acc_fp4prod_prodtable_qcase.$procmux$1747_CMP0 ($eq).
Removed top 7 bits (of 19) from port B of cell ex254_semantic_e4acc_fp4prod_prodtable_qcase.$procmux$1748_CMP0 ($eq).
Removed top 7 bits (of 19) from port B of cell ex254_semantic_e4acc_fp4prod_prodtable_qcase.$procmux$1749_CMP0 ($eq).
Removed top 7 bits (of 19) from port B of cell ex254_semantic_e4acc_fp4prod_prodtable_qcase.$procmux$1750_CMP0 ($eq).
Removed top 7 bits (of 19) from port B of cell ex254_semantic_e4acc_fp4prod_prodtable_qcase.$procmux$1751_CMP0 ($eq).
Removed top 7 bits (of 19) from port B of cell ex254_semantic_e4acc_fp4prod_prodtable_qcase.$procmux$1752_CMP0 ($eq).
Removed top 7 bits (of 19) from port B of cell ex254_semantic_e4acc_fp4prod_prodtable_qcase.$procmux$1753_CMP0 ($eq).
Removed top 7 bits (of 19) from port B of cell ex254_semantic_e4acc_fp4prod_prodtable_qcase.$procmux$1754_CMP0 ($eq).
Removed top 7 bits (of 19) from port B of cell ex254_semantic_e4acc_fp4prod_prodtable_qcase.$procmux$1755_CMP0 ($eq).
Removed top 7 bits (of 19) from port B of cell ex254_semantic_e4acc_fp4prod_prodtable_qcase.$procmux$1756_CMP0 ($eq).
Removed top 7 bits (of 19) from port B of cell ex254_semantic_e4acc_fp4prod_prodtable_qcase.$procmux$1757_CMP0 ($eq).
Removed top 7 bits (of 19) from port B of cell ex254_semantic_e4acc_fp4prod_prodtable_qcase.$procmux$1758_CMP0 ($eq).
Removed top 7 bits (of 19) from port B of cell ex254_semantic_e4acc_fp4prod_prodtable_qcase.$procmux$1759_CMP0 ($eq).
Removed top 7 bits (of 19) from port B of cell ex254_semantic_e4acc_fp4prod_prodtable_qcase.$procmux$1760_CMP0 ($eq).
Removed top 7 bits (of 19) from port B of cell ex254_semantic_e4acc_fp4prod_prodtable_qcase.$procmux$1761_CMP0 ($eq).
Removed top 7 bits (of 19) from port B of cell ex254_semantic_e4acc_fp4prod_prodtable_qcase.$procmux$1762_CMP0 ($eq).
Removed top 7 bits (of 19) from port B of cell ex254_semantic_e4acc_fp4prod_prodtable_qcase.$procmux$1763_CMP0 ($eq).
Removed top 7 bits (of 19) from port B of cell ex254_semantic_e4acc_fp4prod_prodtable_qcase.$procmux$1764_CMP0 ($eq).
Removed top 7 bits (of 19) from port B of cell ex254_semantic_e4acc_fp4prod_prodtable_qcase.$procmux$1765_CMP0 ($eq).
Removed top 7 bits (of 19) from port B of cell ex254_semantic_e4acc_fp4prod_prodtable_qcase.$procmux$1766_CMP0 ($eq).
Removed top 7 bits (of 19) from port B of cell ex254_semantic_e4acc_fp4prod_prodtable_qcase.$procmux$1767_CMP0 ($eq).
Removed top 7 bits (of 19) from port B of cell ex254_semantic_e4acc_fp4prod_prodtable_qcase.$procmux$1768_CMP0 ($eq).
Removed top 7 bits (of 19) from port B of cell ex254_semantic_e4acc_fp4prod_prodtable_qcase.$procmux$1769_CMP0 ($eq).
Removed top 7 bits (of 19) from port B of cell ex254_semantic_e4acc_fp4prod_prodtable_qcase.$procmux$1770_CMP0 ($eq).
Removed top 7 bits (of 19) from port B of cell ex254_semantic_e4acc_fp4prod_prodtable_qcase.$procmux$1771_CMP0 ($eq).
Removed top 7 bits (of 19) from port B of cell ex254_semantic_e4acc_fp4prod_prodtable_qcase.$procmux$1772_CMP0 ($eq).
Removed top 7 bits (of 19) from port B of cell ex254_semantic_e4acc_fp4prod_prodtable_qcase.$procmux$1773_CMP0 ($eq).
Removed top 7 bits (of 19) from port B of cell ex254_semantic_e4acc_fp4prod_prodtable_qcase.$procmux$1774_CMP0 ($eq).
Removed top 7 bits (of 19) from port B of cell ex254_semantic_e4acc_fp4prod_prodtable_qcase.$procmux$1775_CMP0 ($eq).
Removed top 7 bits (of 19) from port B of cell ex254_semantic_e4acc_fp4prod_prodtable_qcase.$procmux$1776_CMP0 ($eq).
Removed top 7 bits (of 19) from port B of cell ex254_semantic_e4acc_fp4prod_prodtable_qcase.$procmux$1777_CMP0 ($eq).
Removed top 7 bits (of 19) from port B of cell ex254_semantic_e4acc_fp4prod_prodtable_qcase.$procmux$1778_CMP0 ($eq).
Removed top 7 bits (of 19) from port B of cell ex254_semantic_e4acc_fp4prod_prodtable_qcase.$procmux$1779_CMP0 ($eq).
Removed top 7 bits (of 19) from port B of cell ex254_semantic_e4acc_fp4prod_prodtable_qcase.$procmux$1780_CMP0 ($eq).
Removed top 7 bits (of 19) from port B of cell ex254_semantic_e4acc_fp4prod_prodtable_qcase.$procmux$1781_CMP0 ($eq).
Removed top 7 bits (of 19) from port B of cell ex254_semantic_e4acc_fp4prod_prodtable_qcase.$procmux$1782_CMP0 ($eq).
Removed top 7 bits (of 19) from port B of cell ex254_semantic_e4acc_fp4prod_prodtable_qcase.$procmux$1783_CMP0 ($eq).
Removed top 7 bits (of 19) from port B of cell ex254_semantic_e4acc_fp4prod_prodtable_qcase.$procmux$1784_CMP0 ($eq).
Removed top 7 bits (of 19) from port B of cell ex254_semantic_e4acc_fp4prod_prodtable_qcase.$procmux$1785_CMP0 ($eq).
Removed top 7 bits (of 19) from port B of cell ex254_semantic_e4acc_fp4prod_prodtable_qcase.$procmux$1786_CMP0 ($eq).
Removed top 7 bits (of 19) from port B of cell ex254_semantic_e4acc_fp4prod_prodtable_qcase.$procmux$1787_CMP0 ($eq).
Removed top 7 bits (of 19) from port B of cell ex254_semantic_e4acc_fp4prod_prodtable_qcase.$procmux$1788_CMP0 ($eq).
Removed top 7 bits (of 19) from port B of cell ex254_semantic_e4acc_fp4prod_prodtable_qcase.$procmux$1789_CMP0 ($eq).
Removed top 7 bits (of 19) from port B of cell ex254_semantic_e4acc_fp4prod_prodtable_qcase.$procmux$1790_CMP0 ($eq).
Removed top 7 bits (of 19) from port B of cell ex254_semantic_e4acc_fp4prod_prodtable_qcase.$procmux$1791_CMP0 ($eq).
Removed top 7 bits (of 19) from port B of cell ex254_semantic_e4acc_fp4prod_prodtable_qcase.$procmux$1792_CMP0 ($eq).
Removed top 7 bits (of 19) from port B of cell ex254_semantic_e4acc_fp4prod_prodtable_qcase.$procmux$1793_CMP0 ($eq).
Removed top 7 bits (of 19) from port B of cell ex254_semantic_e4acc_fp4prod_prodtable_qcase.$procmux$1794_CMP0 ($eq).
Removed top 7 bits (of 19) from port B of cell ex254_semantic_e4acc_fp4prod_prodtable_qcase.$procmux$1795_CMP0 ($eq).
Removed top 7 bits (of 19) from port B of cell ex254_semantic_e4acc_fp4prod_prodtable_qcase.$procmux$1796_CMP0 ($eq).
Removed top 7 bits (of 19) from port B of cell ex254_semantic_e4acc_fp4prod_prodtable_qcase.$procmux$1797_CMP0 ($eq).
Removed top 7 bits (of 19) from port B of cell ex254_semantic_e4acc_fp4prod_prodtable_qcase.$procmux$1798_CMP0 ($eq).
Removed top 7 bits (of 19) from port B of cell ex254_semantic_e4acc_fp4prod_prodtable_qcase.$procmux$1799_CMP0 ($eq).
Removed top 7 bits (of 19) from port B of cell ex254_semantic_e4acc_fp4prod_prodtable_qcase.$procmux$1800_CMP0 ($eq).
Removed top 7 bits (of 19) from port B of cell ex254_semantic_e4acc_fp4prod_prodtable_qcase.$procmux$1801_CMP0 ($eq).
Removed top 7 bits (of 19) from port B of cell ex254_semantic_e4acc_fp4prod_prodtable_qcase.$procmux$1802_CMP0 ($eq).
Removed top 7 bits (of 19) from port B of cell ex254_semantic_e4acc_fp4prod_prodtable_qcase.$procmux$1803_CMP0 ($eq).
Removed top 7 bits (of 19) from port B of cell ex254_semantic_e4acc_fp4prod_prodtable_qcase.$procmux$1804_CMP0 ($eq).
Removed top 7 bits (of 19) from port B of cell ex254_semantic_e4acc_fp4prod_prodtable_qcase.$procmux$1805_CMP0 ($eq).
Removed top 7 bits (of 19) from port B of cell ex254_semantic_e4acc_fp4prod_prodtable_qcase.$procmux$1806_CMP0 ($eq).
Removed top 7 bits (of 19) from port B of cell ex254_semantic_e4acc_fp4prod_prodtable_qcase.$procmux$1807_CMP0 ($eq).
Removed top 7 bits (of 19) from port B of cell ex254_semantic_e4acc_fp4prod_prodtable_qcase.$procmux$1808_CMP0 ($eq).
Removed top 7 bits (of 19) from port B of cell ex254_semantic_e4acc_fp4prod_prodtable_qcase.$procmux$1809_CMP0 ($eq).
Removed top 7 bits (of 19) from port B of cell ex254_semantic_e4acc_fp4prod_prodtable_qcase.$procmux$1810_CMP0 ($eq).
Removed top 7 bits (of 19) from port B of cell ex254_semantic_e4acc_fp4prod_prodtable_qcase.$procmux$1811_CMP0 ($eq).
Removed top 7 bits (of 19) from port B of cell ex254_semantic_e4acc_fp4prod_prodtable_qcase.$procmux$1812_CMP0 ($eq).
Removed top 7 bits (of 19) from port B of cell ex254_semantic_e4acc_fp4prod_prodtable_qcase.$procmux$1813_CMP0 ($eq).
Removed top 7 bits (of 19) from port B of cell ex254_semantic_e4acc_fp4prod_prodtable_qcase.$procmux$1814_CMP0 ($eq).
Removed top 7 bits (of 19) from port B of cell ex254_semantic_e4acc_fp4prod_prodtable_qcase.$procmux$1815_CMP0 ($eq).
Removed top 7 bits (of 19) from port B of cell ex254_semantic_e4acc_fp4prod_prodtable_qcase.$procmux$1816_CMP0 ($eq).
Removed top 7 bits (of 19) from port B of cell ex254_semantic_e4acc_fp4prod_prodtable_qcase.$procmux$1817_CMP0 ($eq).
Removed top 7 bits (of 19) from port B of cell ex254_semantic_e4acc_fp4prod_prodtable_qcase.$procmux$1818_CMP0 ($eq).
Removed top 7 bits (of 19) from port B of cell ex254_semantic_e4acc_fp4prod_prodtable_qcase.$procmux$1819_CMP0 ($eq).
Removed top 7 bits (of 19) from port B of cell ex254_semantic_e4acc_fp4prod_prodtable_qcase.$procmux$1820_CMP0 ($eq).
Removed top 7 bits (of 19) from port B of cell ex254_semantic_e4acc_fp4prod_prodtable_qcase.$procmux$1821_CMP0 ($eq).
Removed top 7 bits (of 19) from port B of cell ex254_semantic_e4acc_fp4prod_prodtable_qcase.$procmux$1822_CMP0 ($eq).
Removed top 7 bits (of 19) from port B of cell ex254_semantic_e4acc_fp4prod_prodtable_qcase.$procmux$1823_CMP0 ($eq).
Removed top 7 bits (of 19) from port B of cell ex254_semantic_e4acc_fp4prod_prodtable_qcase.$procmux$1824_CMP0 ($eq).
Removed top 7 bits (of 19) from port B of cell ex254_semantic_e4acc_fp4prod_prodtable_qcase.$procmux$1825_CMP0 ($eq).
Removed top 7 bits (of 19) from port B of cell ex254_semantic_e4acc_fp4prod_prodtable_qcase.$procmux$1826_CMP0 ($eq).
Removed top 7 bits (of 19) from port B of cell ex254_semantic_e4acc_fp4prod_prodtable_qcase.$procmux$1827_CMP0 ($eq).
Removed top 7 bits (of 19) from port B of cell ex254_semantic_e4acc_fp4prod_prodtable_qcase.$procmux$1828_CMP0 ($eq).
Removed top 7 bits (of 19) from port B of cell ex254_semantic_e4acc_fp4prod_prodtable_qcase.$procmux$1829_CMP0 ($eq).
Removed top 7 bits (of 19) from port B of cell ex254_semantic_e4acc_fp4prod_prodtable_qcase.$procmux$1830_CMP0 ($eq).
Removed top 7 bits (of 19) from port B of cell ex254_semantic_e4acc_fp4prod_prodtable_qcase.$procmux$1831_CMP0 ($eq).
Removed top 7 bits (of 19) from port B of cell ex254_semantic_e4acc_fp4prod_prodtable_qcase.$procmux$1832_CMP0 ($eq).
Removed top 7 bits (of 19) from port B of cell ex254_semantic_e4acc_fp4prod_prodtable_qcase.$procmux$1833_CMP0 ($eq).
Removed top 7 bits (of 19) from port B of cell ex254_semantic_e4acc_fp4prod_prodtable_qcase.$procmux$1834_CMP0 ($eq).
Removed top 7 bits (of 19) from port B of cell ex254_semantic_e4acc_fp4prod_prodtable_qcase.$procmux$1835_CMP0 ($eq).
Removed top 7 bits (of 19) from port B of cell ex254_semantic_e4acc_fp4prod_prodtable_qcase.$procmux$1836_CMP0 ($eq).
Removed top 7 bits (of 19) from port B of cell ex254_semantic_e4acc_fp4prod_prodtable_qcase.$procmux$1837_CMP0 ($eq).
Removed top 7 bits (of 19) from port B of cell ex254_semantic_e4acc_fp4prod_prodtable_qcase.$procmux$1838_CMP0 ($eq).
Removed top 7 bits (of 19) from port B of cell ex254_semantic_e4acc_fp4prod_prodtable_qcase.$procmux$1839_CMP0 ($eq).
Removed top 7 bits (of 19) from port B of cell ex254_semantic_e4acc_fp4prod_prodtable_qcase.$procmux$1840_CMP0 ($eq).
Removed top 7 bits (of 19) from port B of cell ex254_semantic_e4acc_fp4prod_prodtable_qcase.$procmux$1841_CMP0 ($eq).
Removed top 7 bits (of 19) from port B of cell ex254_semantic_e4acc_fp4prod_prodtable_qcase.$procmux$1842_CMP0 ($eq).
Removed top 7 bits (of 19) from port B of cell ex254_semantic_e4acc_fp4prod_prodtable_qcase.$procmux$1843_CMP0 ($eq).
Removed top 7 bits (of 19) from port B of cell ex254_semantic_e4acc_fp4prod_prodtable_qcase.$procmux$1844_CMP0 ($eq).
Removed top 7 bits (of 19) from port B of cell ex254_semantic_e4acc_fp4prod_prodtable_qcase.$procmux$1845_CMP0 ($eq).
Removed top 7 bits (of 19) from port B of cell ex254_semantic_e4acc_fp4prod_prodtable_qcase.$procmux$1846_CMP0 ($eq).
Removed top 7 bits (of 19) from port B of cell ex254_semantic_e4acc_fp4prod_prodtable_qcase.$procmux$1847_CMP0 ($eq).
Removed top 7 bits (of 19) from port B of cell ex254_semantic_e4acc_fp4prod_prodtable_qcase.$procmux$1848_CMP0 ($eq).
Removed top 7 bits (of 19) from port B of cell ex254_semantic_e4acc_fp4prod_prodtable_qcase.$procmux$1849_CMP0 ($eq).
Removed top 7 bits (of 19) from port B of cell ex254_semantic_e4acc_fp4prod_prodtable_qcase.$procmux$1850_CMP0 ($eq).
Removed top 7 bits (of 19) from port B of cell ex254_semantic_e4acc_fp4prod_prodtable_qcase.$procmux$1851_CMP0 ($eq).
Removed top 7 bits (of 19) from port B of cell ex254_semantic_e4acc_fp4prod_prodtable_qcase.$procmux$1852_CMP0 ($eq).
Removed top 8 bits (of 19) from port B of cell ex254_semantic_e4acc_fp4prod_prodtable_qcase.$procmux$1853_CMP0 ($eq).
Removed top 8 bits (of 19) from port B of cell ex254_semantic_e4acc_fp4prod_prodtable_qcase.$procmux$1854_CMP0 ($eq).
Removed top 8 bits (of 19) from port B of cell ex254_semantic_e4acc_fp4prod_prodtable_qcase.$procmux$1855_CMP0 ($eq).
Removed top 8 bits (of 19) from port B of cell ex254_semantic_e4acc_fp4prod_prodtable_qcase.$procmux$1856_CMP0 ($eq).
Removed top 8 bits (of 19) from port B of cell ex254_semantic_e4acc_fp4prod_prodtable_qcase.$procmux$1857_CMP0 ($eq).
Removed top 8 bits (of 19) from port B of cell ex254_semantic_e4acc_fp4prod_prodtable_qcase.$procmux$1858_CMP0 ($eq).
Removed top 8 bits (of 19) from port B of cell ex254_semantic_e4acc_fp4prod_prodtable_qcase.$procmux$1859_CMP0 ($eq).
Removed top 8 bits (of 19) from port B of cell ex254_semantic_e4acc_fp4prod_prodtable_qcase.$procmux$1860_CMP0 ($eq).
Removed top 8 bits (of 19) from port B of cell ex254_semantic_e4acc_fp4prod_prodtable_qcase.$procmux$1861_CMP0 ($eq).
Removed top 8 bits (of 19) from port B of cell ex254_semantic_e4acc_fp4prod_prodtable_qcase.$procmux$1862_CMP0 ($eq).
Removed top 8 bits (of 19) from port B of cell ex254_semantic_e4acc_fp4prod_prodtable_qcase.$procmux$1863_CMP0 ($eq).
Removed top 8 bits (of 19) from port B of cell ex254_semantic_e4acc_fp4prod_prodtable_qcase.$procmux$1864_CMP0 ($eq).
Removed top 8 bits (of 19) from port B of cell ex254_semantic_e4acc_fp4prod_prodtable_qcase.$procmux$1865_CMP0 ($eq).
Removed top 8 bits (of 19) from port B of cell ex254_semantic_e4acc_fp4prod_prodtable_qcase.$procmux$1866_CMP0 ($eq).
Removed top 8 bits (of 19) from port B of cell ex254_semantic_e4acc_fp4prod_prodtable_qcase.$procmux$1867_CMP0 ($eq).
Removed top 8 bits (of 19) from port B of cell ex254_semantic_e4acc_fp4prod_prodtable_qcase.$procmux$1868_CMP0 ($eq).
Removed top 8 bits (of 19) from port B of cell ex254_semantic_e4acc_fp4prod_prodtable_qcase.$procmux$1869_CMP0 ($eq).
Removed top 8 bits (of 19) from port B of cell ex254_semantic_e4acc_fp4prod_prodtable_qcase.$procmux$1870_CMP0 ($eq).
Removed top 8 bits (of 19) from port B of cell ex254_semantic_e4acc_fp4prod_prodtable_qcase.$procmux$1871_CMP0 ($eq).
Removed top 8 bits (of 19) from port B of cell ex254_semantic_e4acc_fp4prod_prodtable_qcase.$procmux$1872_CMP0 ($eq).
Removed top 8 bits (of 19) from port B of cell ex254_semantic_e4acc_fp4prod_prodtable_qcase.$procmux$1873_CMP0 ($eq).
Removed top 8 bits (of 19) from port B of cell ex254_semantic_e4acc_fp4prod_prodtable_qcase.$procmux$1874_CMP0 ($eq).
Removed top 8 bits (of 19) from port B of cell ex254_semantic_e4acc_fp4prod_prodtable_qcase.$procmux$1875_CMP0 ($eq).
Removed top 8 bits (of 19) from port B of cell ex254_semantic_e4acc_fp4prod_prodtable_qcase.$procmux$1876_CMP0 ($eq).
Removed top 8 bits (of 19) from port B of cell ex254_semantic_e4acc_fp4prod_prodtable_qcase.$procmux$1877_CMP0 ($eq).
Removed top 8 bits (of 19) from port B of cell ex254_semantic_e4acc_fp4prod_prodtable_qcase.$procmux$1878_CMP0 ($eq).
Removed top 8 bits (of 19) from port B of cell ex254_semantic_e4acc_fp4prod_prodtable_qcase.$procmux$1879_CMP0 ($eq).
Removed top 8 bits (of 19) from port B of cell ex254_semantic_e4acc_fp4prod_prodtable_qcase.$procmux$1880_CMP0 ($eq).
Removed top 8 bits (of 19) from port B of cell ex254_semantic_e4acc_fp4prod_prodtable_qcase.$procmux$1881_CMP0 ($eq).
Removed top 8 bits (of 19) from port B of cell ex254_semantic_e4acc_fp4prod_prodtable_qcase.$procmux$1882_CMP0 ($eq).
Removed top 8 bits (of 19) from port B of cell ex254_semantic_e4acc_fp4prod_prodtable_qcase.$procmux$1883_CMP0 ($eq).
Removed top 8 bits (of 19) from port B of cell ex254_semantic_e4acc_fp4prod_prodtable_qcase.$procmux$1884_CMP0 ($eq).
Removed top 8 bits (of 19) from port B of cell ex254_semantic_e4acc_fp4prod_prodtable_qcase.$procmux$1885_CMP0 ($eq).
Removed top 8 bits (of 19) from port B of cell ex254_semantic_e4acc_fp4prod_prodtable_qcase.$procmux$1886_CMP0 ($eq).
Removed top 8 bits (of 19) from port B of cell ex254_semantic_e4acc_fp4prod_prodtable_qcase.$procmux$1887_CMP0 ($eq).
Removed top 8 bits (of 19) from port B of cell ex254_semantic_e4acc_fp4prod_prodtable_qcase.$procmux$1888_CMP0 ($eq).
Removed top 8 bits (of 19) from port B of cell ex254_semantic_e4acc_fp4prod_prodtable_qcase.$procmux$1889_CMP0 ($eq).
Removed top 8 bits (of 19) from port B of cell ex254_semantic_e4acc_fp4prod_prodtable_qcase.$procmux$1890_CMP0 ($eq).
Removed top 8 bits (of 19) from port B of cell ex254_semantic_e4acc_fp4prod_prodtable_qcase.$procmux$1891_CMP0 ($eq).
Removed top 8 bits (of 19) from port B of cell ex254_semantic_e4acc_fp4prod_prodtable_qcase.$procmux$1892_CMP0 ($eq).
Removed top 8 bits (of 19) from port B of cell ex254_semantic_e4acc_fp4prod_prodtable_qcase.$procmux$1893_CMP0 ($eq).
Removed top 8 bits (of 19) from port B of cell ex254_semantic_e4acc_fp4prod_prodtable_qcase.$procmux$1894_CMP0 ($eq).
Removed top 8 bits (of 19) from port B of cell ex254_semantic_e4acc_fp4prod_prodtable_qcase.$procmux$1895_CMP0 ($eq).
Removed top 8 bits (of 19) from port B of cell ex254_semantic_e4acc_fp4prod_prodtable_qcase.$procmux$1896_CMP0 ($eq).
Removed top 8 bits (of 19) from port B of cell ex254_semantic_e4acc_fp4prod_prodtable_qcase.$procmux$1897_CMP0 ($eq).
Removed top 8 bits (of 19) from port B of cell ex254_semantic_e4acc_fp4prod_prodtable_qcase.$procmux$1898_CMP0 ($eq).
Removed top 8 bits (of 19) from port B of cell ex254_semantic_e4acc_fp4prod_prodtable_qcase.$procmux$1899_CMP0 ($eq).
Removed top 8 bits (of 19) from port B of cell ex254_semantic_e4acc_fp4prod_prodtable_qcase.$procmux$1900_CMP0 ($eq).
Removed top 8 bits (of 19) from port B of cell ex254_semantic_e4acc_fp4prod_prodtable_qcase.$procmux$1901_CMP0 ($eq).
Removed top 8 bits (of 19) from port B of cell ex254_semantic_e4acc_fp4prod_prodtable_qcase.$procmux$1902_CMP0 ($eq).
Removed top 8 bits (of 19) from port B of cell ex254_semantic_e4acc_fp4prod_prodtable_qcase.$procmux$1903_CMP0 ($eq).
Removed top 8 bits (of 19) from port B of cell ex254_semantic_e4acc_fp4prod_prodtable_qcase.$procmux$1904_CMP0 ($eq).
Removed top 8 bits (of 19) from port B of cell ex254_semantic_e4acc_fp4prod_prodtable_qcase.$procmux$1905_CMP0 ($eq).
Removed top 8 bits (of 19) from port B of cell ex254_semantic_e4acc_fp4prod_prodtable_qcase.$procmux$1906_CMP0 ($eq).
Removed top 8 bits (of 19) from port B of cell ex254_semantic_e4acc_fp4prod_prodtable_qcase.$procmux$1907_CMP0 ($eq).
Removed top 8 bits (of 19) from port B of cell ex254_semantic_e4acc_fp4prod_prodtable_qcase.$procmux$1908_CMP0 ($eq).
Removed top 8 bits (of 19) from port B of cell ex254_semantic_e4acc_fp4prod_prodtable_qcase.$procmux$1909_CMP0 ($eq).
Removed top 8 bits (of 19) from port B of cell ex254_semantic_e4acc_fp4prod_prodtable_qcase.$procmux$1910_CMP0 ($eq).
Removed top 8 bits (of 19) from port B of cell ex254_semantic_e4acc_fp4prod_prodtable_qcase.$procmux$1911_CMP0 ($eq).
Removed top 8 bits (of 19) from port B of cell ex254_semantic_e4acc_fp4prod_prodtable_qcase.$procmux$1912_CMP0 ($eq).
Removed top 8 bits (of 19) from port B of cell ex254_semantic_e4acc_fp4prod_prodtable_qcase.$procmux$1913_CMP0 ($eq).
Removed top 8 bits (of 19) from port B of cell ex254_semantic_e4acc_fp4prod_prodtable_qcase.$procmux$1914_CMP0 ($eq).
Removed top 8 bits (of 19) from port B of cell ex254_semantic_e4acc_fp4prod_prodtable_qcase.$procmux$1915_CMP0 ($eq).
Removed top 8 bits (of 19) from port B of cell ex254_semantic_e4acc_fp4prod_prodtable_qcase.$procmux$1916_CMP0 ($eq).
Removed top 8 bits (of 19) from port B of cell ex254_semantic_e4acc_fp4prod_prodtable_qcase.$procmux$1917_CMP0 ($eq).
Removed top 8 bits (of 19) from port B of cell ex254_semantic_e4acc_fp4prod_prodtable_qcase.$procmux$1918_CMP0 ($eq).
Removed top 8 bits (of 19) from port B of cell ex254_semantic_e4acc_fp4prod_prodtable_qcase.$procmux$1919_CMP0 ($eq).
Removed top 8 bits (of 19) from port B of cell ex254_semantic_e4acc_fp4prod_prodtable_qcase.$procmux$1920_CMP0 ($eq).
Removed top 8 bits (of 19) from port B of cell ex254_semantic_e4acc_fp4prod_prodtable_qcase.$procmux$1921_CMP0 ($eq).
Removed top 8 bits (of 19) from port B of cell ex254_semantic_e4acc_fp4prod_prodtable_qcase.$procmux$1922_CMP0 ($eq).
Removed top 8 bits (of 19) from port B of cell ex254_semantic_e4acc_fp4prod_prodtable_qcase.$procmux$1923_CMP0 ($eq).
Removed top 8 bits (of 19) from port B of cell ex254_semantic_e4acc_fp4prod_prodtable_qcase.$procmux$1924_CMP0 ($eq).
Removed top 8 bits (of 19) from port B of cell ex254_semantic_e4acc_fp4prod_prodtable_qcase.$procmux$1925_CMP0 ($eq).
Removed top 8 bits (of 19) from port B of cell ex254_semantic_e4acc_fp4prod_prodtable_qcase.$procmux$1926_CMP0 ($eq).
Removed top 8 bits (of 19) from port B of cell ex254_semantic_e4acc_fp4prod_prodtable_qcase.$procmux$1927_CMP0 ($eq).
Removed top 8 bits (of 19) from port B of cell ex254_semantic_e4acc_fp4prod_prodtable_qcase.$procmux$1928_CMP0 ($eq).
Removed top 8 bits (of 19) from port B of cell ex254_semantic_e4acc_fp4prod_prodtable_qcase.$procmux$1929_CMP0 ($eq).
Removed top 8 bits (of 19) from port B of cell ex254_semantic_e4acc_fp4prod_prodtable_qcase.$procmux$1930_CMP0 ($eq).
Removed top 8 bits (of 19) from port B of cell ex254_semantic_e4acc_fp4prod_prodtable_qcase.$procmux$1931_CMP0 ($eq).
Removed top 8 bits (of 19) from port B of cell ex254_semantic_e4acc_fp4prod_prodtable_qcase.$procmux$1932_CMP0 ($eq).
Removed top 8 bits (of 19) from port B of cell ex254_semantic_e4acc_fp4prod_prodtable_qcase.$procmux$1933_CMP0 ($eq).
Removed top 8 bits (of 19) from port B of cell ex254_semantic_e4acc_fp4prod_prodtable_qcase.$procmux$1934_CMP0 ($eq).
Removed top 8 bits (of 19) from port B of cell ex254_semantic_e4acc_fp4prod_prodtable_qcase.$procmux$1935_CMP0 ($eq).
Removed top 8 bits (of 19) from port B of cell ex254_semantic_e4acc_fp4prod_prodtable_qcase.$procmux$1936_CMP0 ($eq).
Removed top 8 bits (of 19) from port B of cell ex254_semantic_e4acc_fp4prod_prodtable_qcase.$procmux$1937_CMP0 ($eq).
Removed top 8 bits (of 19) from port B of cell ex254_semantic_e4acc_fp4prod_prodtable_qcase.$procmux$1938_CMP0 ($eq).
Removed top 8 bits (of 19) from port B of cell ex254_semantic_e4acc_fp4prod_prodtable_qcase.$procmux$1939_CMP0 ($eq).
Removed top 8 bits (of 19) from port B of cell ex254_semantic_e4acc_fp4prod_prodtable_qcase.$procmux$1940_CMP0 ($eq).
Removed top 8 bits (of 19) from port B of cell ex254_semantic_e4acc_fp4prod_prodtable_qcase.$procmux$1941_CMP0 ($eq).
Removed top 8 bits (of 19) from port B of cell ex254_semantic_e4acc_fp4prod_prodtable_qcase.$procmux$1942_CMP0 ($eq).
Removed top 8 bits (of 19) from port B of cell ex254_semantic_e4acc_fp4prod_prodtable_qcase.$procmux$1943_CMP0 ($eq).
Removed top 8 bits (of 19) from port B of cell ex254_semantic_e4acc_fp4prod_prodtable_qcase.$procmux$1944_CMP0 ($eq).
Removed top 8 bits (of 19) from port B of cell ex254_semantic_e4acc_fp4prod_prodtable_qcase.$procmux$1945_CMP0 ($eq).
Removed top 8 bits (of 19) from port B of cell ex254_semantic_e4acc_fp4prod_prodtable_qcase.$procmux$1946_CMP0 ($eq).
Removed top 8 bits (of 19) from port B of cell ex254_semantic_e4acc_fp4prod_prodtable_qcase.$procmux$1947_CMP0 ($eq).
Removed top 8 bits (of 19) from port B of cell ex254_semantic_e4acc_fp4prod_prodtable_qcase.$procmux$1948_CMP0 ($eq).
Removed top 8 bits (of 19) from port B of cell ex254_semantic_e4acc_fp4prod_prodtable_qcase.$procmux$1949_CMP0 ($eq).
Removed top 8 bits (of 19) from port B of cell ex254_semantic_e4acc_fp4prod_prodtable_qcase.$procmux$1950_CMP0 ($eq).
Removed top 8 bits (of 19) from port B of cell ex254_semantic_e4acc_fp4prod_prodtable_qcase.$procmux$1951_CMP0 ($eq).
Removed top 8 bits (of 19) from port B of cell ex254_semantic_e4acc_fp4prod_prodtable_qcase.$procmux$1952_CMP0 ($eq).
Removed top 8 bits (of 19) from port B of cell ex254_semantic_e4acc_fp4prod_prodtable_qcase.$procmux$1953_CMP0 ($eq).
Removed top 8 bits (of 19) from port B of cell ex254_semantic_e4acc_fp4prod_prodtable_qcase.$procmux$1954_CMP0 ($eq).
Removed top 8 bits (of 19) from port B of cell ex254_semantic_e4acc_fp4prod_prodtable_qcase.$procmux$1955_CMP0 ($eq).
Removed top 8 bits (of 19) from port B of cell ex254_semantic_e4acc_fp4prod_prodtable_qcase.$procmux$1956_CMP0 ($eq).
Removed top 8 bits (of 19) from port B of cell ex254_semantic_e4acc_fp4prod_prodtable_qcase.$procmux$1957_CMP0 ($eq).
Removed top 8 bits (of 19) from port B of cell ex254_semantic_e4acc_fp4prod_prodtable_qcase.$procmux$1958_CMP0 ($eq).
Removed top 8 bits (of 19) from port B of cell ex254_semantic_e4acc_fp4prod_prodtable_qcase.$procmux$1959_CMP0 ($eq).
Removed top 8 bits (of 19) from port B of cell ex254_semantic_e4acc_fp4prod_prodtable_qcase.$procmux$1960_CMP0 ($eq).
Removed top 8 bits (of 19) from port B of cell ex254_semantic_e4acc_fp4prod_prodtable_qcase.$procmux$1961_CMP0 ($eq).
Removed top 8 bits (of 19) from port B of cell ex254_semantic_e4acc_fp4prod_prodtable_qcase.$procmux$1962_CMP0 ($eq).
Removed top 8 bits (of 19) from port B of cell ex254_semantic_e4acc_fp4prod_prodtable_qcase.$procmux$1963_CMP0 ($eq).
Removed top 8 bits (of 19) from port B of cell ex254_semantic_e4acc_fp4prod_prodtable_qcase.$procmux$1964_CMP0 ($eq).
Removed top 8 bits (of 19) from port B of cell ex254_semantic_e4acc_fp4prod_prodtable_qcase.$procmux$1965_CMP0 ($eq).
Removed top 8 bits (of 19) from port B of cell ex254_semantic_e4acc_fp4prod_prodtable_qcase.$procmux$1966_CMP0 ($eq).
Removed top 8 bits (of 19) from port B of cell ex254_semantic_e4acc_fp4prod_prodtable_qcase.$procmux$1967_CMP0 ($eq).
Removed top 8 bits (of 19) from port B of cell ex254_semantic_e4acc_fp4prod_prodtable_qcase.$procmux$1968_CMP0 ($eq).
Removed top 8 bits (of 19) from port B of cell ex254_semantic_e4acc_fp4prod_prodtable_qcase.$procmux$1969_CMP0 ($eq).
Removed top 8 bits (of 19) from port B of cell ex254_semantic_e4acc_fp4prod_prodtable_qcase.$procmux$1970_CMP0 ($eq).
Removed top 8 bits (of 19) from port B of cell ex254_semantic_e4acc_fp4prod_prodtable_qcase.$procmux$1971_CMP0 ($eq).
Removed top 8 bits (of 19) from port B of cell ex254_semantic_e4acc_fp4prod_prodtable_qcase.$procmux$1972_CMP0 ($eq).
Removed top 8 bits (of 19) from port B of cell ex254_semantic_e4acc_fp4prod_prodtable_qcase.$procmux$1973_CMP0 ($eq).
Removed top 8 bits (of 19) from port B of cell ex254_semantic_e4acc_fp4prod_prodtable_qcase.$procmux$1974_CMP0 ($eq).
Removed top 8 bits (of 19) from port B of cell ex254_semantic_e4acc_fp4prod_prodtable_qcase.$procmux$1975_CMP0 ($eq).
Removed top 8 bits (of 19) from port B of cell ex254_semantic_e4acc_fp4prod_prodtable_qcase.$procmux$1976_CMP0 ($eq).
Removed top 8 bits (of 19) from port B of cell ex254_semantic_e4acc_fp4prod_prodtable_qcase.$procmux$1977_CMP0 ($eq).
Removed top 8 bits (of 19) from port B of cell ex254_semantic_e4acc_fp4prod_prodtable_qcase.$procmux$1978_CMP0 ($eq).
Removed top 8 bits (of 19) from port B of cell ex254_semantic_e4acc_fp4prod_prodtable_qcase.$procmux$1979_CMP0 ($eq).
Removed top 8 bits (of 19) from port B of cell ex254_semantic_e4acc_fp4prod_prodtable_qcase.$procmux$1980_CMP0 ($eq).
Removed top 8 bits (of 19) from port B of cell ex254_semantic_e4acc_fp4prod_prodtable_qcase.$procmux$1981_CMP0 ($eq).
Removed top 8 bits (of 19) from port B of cell ex254_semantic_e4acc_fp4prod_prodtable_qcase.$procmux$1982_CMP0 ($eq).
Removed top 8 bits (of 19) from port B of cell ex254_semantic_e4acc_fp4prod_prodtable_qcase.$procmux$1983_CMP0 ($eq).
Removed top 8 bits (of 19) from port B of cell ex254_semantic_e4acc_fp4prod_prodtable_qcase.$procmux$1984_CMP0 ($eq).
Removed top 8 bits (of 19) from port B of cell ex254_semantic_e4acc_fp4prod_prodtable_qcase.$procmux$1985_CMP0 ($eq).
Removed top 8 bits (of 19) from port B of cell ex254_semantic_e4acc_fp4prod_prodtable_qcase.$procmux$1986_CMP0 ($eq).
Removed top 8 bits (of 19) from port B of cell ex254_semantic_e4acc_fp4prod_prodtable_qcase.$procmux$1987_CMP0 ($eq).
Removed top 8 bits (of 19) from port B of cell ex254_semantic_e4acc_fp4prod_prodtable_qcase.$procmux$1988_CMP0 ($eq).
Removed top 8 bits (of 19) from port B of cell ex254_semantic_e4acc_fp4prod_prodtable_qcase.$procmux$1989_CMP0 ($eq).
Removed top 8 bits (of 19) from port B of cell ex254_semantic_e4acc_fp4prod_prodtable_qcase.$procmux$1990_CMP0 ($eq).
Removed top 8 bits (of 19) from port B of cell ex254_semantic_e4acc_fp4prod_prodtable_qcase.$procmux$1991_CMP0 ($eq).
Removed top 8 bits (of 19) from port B of cell ex254_semantic_e4acc_fp4prod_prodtable_qcase.$procmux$1992_CMP0 ($eq).
Removed top 8 bits (of 19) from port B of cell ex254_semantic_e4acc_fp4prod_prodtable_qcase.$procmux$1993_CMP0 ($eq).
Removed top 8 bits (of 19) from port B of cell ex254_semantic_e4acc_fp4prod_prodtable_qcase.$procmux$1994_CMP0 ($eq).
Removed top 8 bits (of 19) from port B of cell ex254_semantic_e4acc_fp4prod_prodtable_qcase.$procmux$1995_CMP0 ($eq).
Removed top 8 bits (of 19) from port B of cell ex254_semantic_e4acc_fp4prod_prodtable_qcase.$procmux$1996_CMP0 ($eq).
Removed top 8 bits (of 19) from port B of cell ex254_semantic_e4acc_fp4prod_prodtable_qcase.$procmux$1997_CMP0 ($eq).
Removed top 8 bits (of 19) from port B of cell ex254_semantic_e4acc_fp4prod_prodtable_qcase.$procmux$1998_CMP0 ($eq).
Removed top 8 bits (of 19) from port B of cell ex254_semantic_e4acc_fp4prod_prodtable_qcase.$procmux$1999_CMP0 ($eq).
Removed top 8 bits (of 19) from port B of cell ex254_semantic_e4acc_fp4prod_prodtable_qcase.$procmux$2000_CMP0 ($eq).
Removed top 8 bits (of 19) from port B of cell ex254_semantic_e4acc_fp4prod_prodtable_qcase.$procmux$2001_CMP0 ($eq).
Removed top 8 bits (of 19) from port B of cell ex254_semantic_e4acc_fp4prod_prodtable_qcase.$procmux$2002_CMP0 ($eq).
Removed top 8 bits (of 19) from port B of cell ex254_semantic_e4acc_fp4prod_prodtable_qcase.$procmux$2003_CMP0 ($eq).
Removed top 8 bits (of 19) from port B of cell ex254_semantic_e4acc_fp4prod_prodtable_qcase.$procmux$2004_CMP0 ($eq).
Removed top 8 bits (of 19) from port B of cell ex254_semantic_e4acc_fp4prod_prodtable_qcase.$procmux$2005_CMP0 ($eq).
Removed top 8 bits (of 19) from port B of cell ex254_semantic_e4acc_fp4prod_prodtable_qcase.$procmux$2006_CMP0 ($eq).
Removed top 8 bits (of 19) from port B of cell ex254_semantic_e4acc_fp4prod_prodtable_qcase.$procmux$2007_CMP0 ($eq).
Removed top 8 bits (of 19) from port B of cell ex254_semantic_e4acc_fp4prod_prodtable_qcase.$procmux$2008_CMP0 ($eq).
Removed top 8 bits (of 19) from port B of cell ex254_semantic_e4acc_fp4prod_prodtable_qcase.$procmux$2009_CMP0 ($eq).
Removed top 8 bits (of 19) from port B of cell ex254_semantic_e4acc_fp4prod_prodtable_qcase.$procmux$2010_CMP0 ($eq).
Removed top 8 bits (of 19) from port B of cell ex254_semantic_e4acc_fp4prod_prodtable_qcase.$procmux$2011_CMP0 ($eq).
Removed top 8 bits (of 19) from port B of cell ex254_semantic_e4acc_fp4prod_prodtable_qcase.$procmux$2012_CMP0 ($eq).
Removed top 8 bits (of 19) from port B of cell ex254_semantic_e4acc_fp4prod_prodtable_qcase.$procmux$2013_CMP0 ($eq).
Removed top 8 bits (of 19) from port B of cell ex254_semantic_e4acc_fp4prod_prodtable_qcase.$procmux$2014_CMP0 ($eq).
Removed top 8 bits (of 19) from port B of cell ex254_semantic_e4acc_fp4prod_prodtable_qcase.$procmux$2015_CMP0 ($eq).
Removed top 8 bits (of 19) from port B of cell ex254_semantic_e4acc_fp4prod_prodtable_qcase.$procmux$2016_CMP0 ($eq).
Removed top 8 bits (of 19) from port B of cell ex254_semantic_e4acc_fp4prod_prodtable_qcase.$procmux$2017_CMP0 ($eq).
Removed top 8 bits (of 19) from port B of cell ex254_semantic_e4acc_fp4prod_prodtable_qcase.$procmux$2018_CMP0 ($eq).
Removed top 8 bits (of 19) from port B of cell ex254_semantic_e4acc_fp4prod_prodtable_qcase.$procmux$2019_CMP0 ($eq).
Removed top 8 bits (of 19) from port B of cell ex254_semantic_e4acc_fp4prod_prodtable_qcase.$procmux$2020_CMP0 ($eq).
Removed top 8 bits (of 19) from port B of cell ex254_semantic_e4acc_fp4prod_prodtable_qcase.$procmux$2021_CMP0 ($eq).
Removed top 8 bits (of 19) from port B of cell ex254_semantic_e4acc_fp4prod_prodtable_qcase.$procmux$2022_CMP0 ($eq).
Removed top 8 bits (of 19) from port B of cell ex254_semantic_e4acc_fp4prod_prodtable_qcase.$procmux$2023_CMP0 ($eq).
Removed top 8 bits (of 19) from port B of cell ex254_semantic_e4acc_fp4prod_prodtable_qcase.$procmux$2024_CMP0 ($eq).
Removed top 8 bits (of 19) from port B of cell ex254_semantic_e4acc_fp4prod_prodtable_qcase.$procmux$2025_CMP0 ($eq).
Removed top 8 bits (of 19) from port B of cell ex254_semantic_e4acc_fp4prod_prodtable_qcase.$procmux$2026_CMP0 ($eq).
Removed top 8 bits (of 19) from port B of cell ex254_semantic_e4acc_fp4prod_prodtable_qcase.$procmux$2027_CMP0 ($eq).
Removed top 8 bits (of 19) from port B of cell ex254_semantic_e4acc_fp4prod_prodtable_qcase.$procmux$2028_CMP0 ($eq).
Removed top 8 bits (of 19) from port B of cell ex254_semantic_e4acc_fp4prod_prodtable_qcase.$procmux$2029_CMP0 ($eq).
Removed top 8 bits (of 19) from port B of cell ex254_semantic_e4acc_fp4prod_prodtable_qcase.$procmux$2030_CMP0 ($eq).
Removed top 8 bits (of 19) from port B of cell ex254_semantic_e4acc_fp4prod_prodtable_qcase.$procmux$2031_CMP0 ($eq).
Removed top 8 bits (of 19) from port B of cell ex254_semantic_e4acc_fp4prod_prodtable_qcase.$procmux$2032_CMP0 ($eq).
Removed top 8 bits (of 19) from port B of cell ex254_semantic_e4acc_fp4prod_prodtable_qcase.$procmux$2033_CMP0 ($eq).
Removed top 8 bits (of 19) from port B of cell ex254_semantic_e4acc_fp4prod_prodtable_qcase.$procmux$2034_CMP0 ($eq).
Removed top 8 bits (of 19) from port B of cell ex254_semantic_e4acc_fp4prod_prodtable_qcase.$procmux$2035_CMP0 ($eq).
Removed top 8 bits (of 19) from port B of cell ex254_semantic_e4acc_fp4prod_prodtable_qcase.$procmux$2036_CMP0 ($eq).
Removed top 8 bits (of 19) from port B of cell ex254_semantic_e4acc_fp4prod_prodtable_qcase.$procmux$2037_CMP0 ($eq).
Removed top 8 bits (of 19) from port B of cell ex254_semantic_e4acc_fp4prod_prodtable_qcase.$procmux$2038_CMP0 ($eq).
Removed top 8 bits (of 19) from port B of cell ex254_semantic_e4acc_fp4prod_prodtable_qcase.$procmux$2039_CMP0 ($eq).
Removed top 8 bits (of 19) from port B of cell ex254_semantic_e4acc_fp4prod_prodtable_qcase.$procmux$2040_CMP0 ($eq).
Removed top 8 bits (of 19) from port B of cell ex254_semantic_e4acc_fp4prod_prodtable_qcase.$procmux$2041_CMP0 ($eq).
Removed top 8 bits (of 19) from port B of cell ex254_semantic_e4acc_fp4prod_prodtable_qcase.$procmux$2042_CMP0 ($eq).
Removed top 8 bits (of 19) from port B of cell ex254_semantic_e4acc_fp4prod_prodtable_qcase.$procmux$2043_CMP0 ($eq).
Removed top 8 bits (of 19) from port B of cell ex254_semantic_e4acc_fp4prod_prodtable_qcase.$procmux$2044_CMP0 ($eq).
Removed top 8 bits (of 19) from port B of cell ex254_semantic_e4acc_fp4prod_prodtable_qcase.$procmux$2045_CMP0 ($eq).
Removed top 8 bits (of 19) from port B of cell ex254_semantic_e4acc_fp4prod_prodtable_qcase.$procmux$2046_CMP0 ($eq).
Removed top 8 bits (of 19) from port B of cell ex254_semantic_e4acc_fp4prod_prodtable_qcase.$procmux$2047_CMP0 ($eq).
Removed top 8 bits (of 19) from port B of cell ex254_semantic_e4acc_fp4prod_prodtable_qcase.$procmux$2048_CMP0 ($eq).
Removed top 8 bits (of 19) from port B of cell ex254_semantic_e4acc_fp4prod_prodtable_qcase.$procmux$2049_CMP0 ($eq).
Removed top 8 bits (of 19) from port B of cell ex254_semantic_e4acc_fp4prod_prodtable_qcase.$procmux$2050_CMP0 ($eq).
Removed top 8 bits (of 19) from port B of cell ex254_semantic_e4acc_fp4prod_prodtable_qcase.$procmux$2051_CMP0 ($eq).
Removed top 8 bits (of 19) from port B of cell ex254_semantic_e4acc_fp4prod_prodtable_qcase.$procmux$2052_CMP0 ($eq).
Removed top 8 bits (of 19) from port B of cell ex254_semantic_e4acc_fp4prod_prodtable_qcase.$procmux$2053_CMP0 ($eq).
Removed top 8 bits (of 19) from port B of cell ex254_semantic_e4acc_fp4prod_prodtable_qcase.$procmux$2054_CMP0 ($eq).
Removed top 8 bits (of 19) from port B of cell ex254_semantic_e4acc_fp4prod_prodtable_qcase.$procmux$2055_CMP0 ($eq).
Removed top 8 bits (of 19) from port B of cell ex254_semantic_e4acc_fp4prod_prodtable_qcase.$procmux$2056_CMP0 ($eq).
Removed top 8 bits (of 19) from port B of cell ex254_semantic_e4acc_fp4prod_prodtable_qcase.$procmux$2057_CMP0 ($eq).
Removed top 8 bits (of 19) from port B of cell ex254_semantic_e4acc_fp4prod_prodtable_qcase.$procmux$2058_CMP0 ($eq).
Removed top 8 bits (of 19) from port B of cell ex254_semantic_e4acc_fp4prod_prodtable_qcase.$procmux$2059_CMP0 ($eq).
Removed top 8 bits (of 19) from port B of cell ex254_semantic_e4acc_fp4prod_prodtable_qcase.$procmux$2060_CMP0 ($eq).
Removed top 8 bits (of 19) from port B of cell ex254_semantic_e4acc_fp4prod_prodtable_qcase.$procmux$2061_CMP0 ($eq).
Removed top 8 bits (of 19) from port B of cell ex254_semantic_e4acc_fp4prod_prodtable_qcase.$procmux$2062_CMP0 ($eq).
Removed top 8 bits (of 19) from port B of cell ex254_semantic_e4acc_fp4prod_prodtable_qcase.$procmux$2063_CMP0 ($eq).
Removed top 8 bits (of 19) from port B of cell ex254_semantic_e4acc_fp4prod_prodtable_qcase.$procmux$2064_CMP0 ($eq).
Removed top 8 bits (of 19) from port B of cell ex254_semantic_e4acc_fp4prod_prodtable_qcase.$procmux$2065_CMP0 ($eq).
Removed top 8 bits (of 19) from port B of cell ex254_semantic_e4acc_fp4prod_prodtable_qcase.$procmux$2066_CMP0 ($eq).
Removed top 8 bits (of 19) from port B of cell ex254_semantic_e4acc_fp4prod_prodtable_qcase.$procmux$2067_CMP0 ($eq).
Removed top 8 bits (of 19) from port B of cell ex254_semantic_e4acc_fp4prod_prodtable_qcase.$procmux$2068_CMP0 ($eq).
Removed top 8 bits (of 19) from port B of cell ex254_semantic_e4acc_fp4prod_prodtable_qcase.$procmux$2069_CMP0 ($eq).
Removed top 8 bits (of 19) from port B of cell ex254_semantic_e4acc_fp4prod_prodtable_qcase.$procmux$2070_CMP0 ($eq).
Removed top 8 bits (of 19) from port B of cell ex254_semantic_e4acc_fp4prod_prodtable_qcase.$procmux$2071_CMP0 ($eq).
Removed top 8 bits (of 19) from port B of cell ex254_semantic_e4acc_fp4prod_prodtable_qcase.$procmux$2072_CMP0 ($eq).
Removed top 8 bits (of 19) from port B of cell ex254_semantic_e4acc_fp4prod_prodtable_qcase.$procmux$2073_CMP0 ($eq).
Removed top 8 bits (of 19) from port B of cell ex254_semantic_e4acc_fp4prod_prodtable_qcase.$procmux$2074_CMP0 ($eq).
Removed top 8 bits (of 19) from port B of cell ex254_semantic_e4acc_fp4prod_prodtable_qcase.$procmux$2075_CMP0 ($eq).
Removed top 8 bits (of 19) from port B of cell ex254_semantic_e4acc_fp4prod_prodtable_qcase.$procmux$2076_CMP0 ($eq).
Removed top 8 bits (of 19) from port B of cell ex254_semantic_e4acc_fp4prod_prodtable_qcase.$procmux$2077_CMP0 ($eq).
Removed top 8 bits (of 19) from port B of cell ex254_semantic_e4acc_fp4prod_prodtable_qcase.$procmux$2078_CMP0 ($eq).
Removed top 8 bits (of 19) from port B of cell ex254_semantic_e4acc_fp4prod_prodtable_qcase.$procmux$2079_CMP0 ($eq).
Removed top 8 bits (of 19) from port B of cell ex254_semantic_e4acc_fp4prod_prodtable_qcase.$procmux$2080_CMP0 ($eq).
Removed top 8 bits (of 19) from port B of cell ex254_semantic_e4acc_fp4prod_prodtable_qcase.$procmux$2081_CMP0 ($eq).
Removed top 8 bits (of 19) from port B of cell ex254_semantic_e4acc_fp4prod_prodtable_qcase.$procmux$2082_CMP0 ($eq).
Removed top 8 bits (of 19) from port B of cell ex254_semantic_e4acc_fp4prod_prodtable_qcase.$procmux$2083_CMP0 ($eq).
Removed top 8 bits (of 19) from port B of cell ex254_semantic_e4acc_fp4prod_prodtable_qcase.$procmux$2084_CMP0 ($eq).
Removed top 8 bits (of 19) from port B of cell ex254_semantic_e4acc_fp4prod_prodtable_qcase.$procmux$2085_CMP0 ($eq).
Removed top 8 bits (of 19) from port B of cell ex254_semantic_e4acc_fp4prod_prodtable_qcase.$procmux$2086_CMP0 ($eq).
Removed top 8 bits (of 19) from port B of cell ex254_semantic_e4acc_fp4prod_prodtable_qcase.$procmux$2087_CMP0 ($eq).
Removed top 8 bits (of 19) from port B of cell ex254_semantic_e4acc_fp4prod_prodtable_qcase.$procmux$2088_CMP0 ($eq).
Removed top 8 bits (of 19) from port B of cell ex254_semantic_e4acc_fp4prod_prodtable_qcase.$procmux$2089_CMP0 ($eq).
Removed top 8 bits (of 19) from port B of cell ex254_semantic_e4acc_fp4prod_prodtable_qcase.$procmux$2090_CMP0 ($eq).
Removed top 8 bits (of 19) from port B of cell ex254_semantic_e4acc_fp4prod_prodtable_qcase.$procmux$2091_CMP0 ($eq).
Removed top 8 bits (of 19) from port B of cell ex254_semantic_e4acc_fp4prod_prodtable_qcase.$procmux$2092_CMP0 ($eq).
Removed top 8 bits (of 19) from port B of cell ex254_semantic_e4acc_fp4prod_prodtable_qcase.$procmux$2093_CMP0 ($eq).
Removed top 8 bits (of 19) from port B of cell ex254_semantic_e4acc_fp4prod_prodtable_qcase.$procmux$2094_CMP0 ($eq).
Removed top 8 bits (of 19) from port B of cell ex254_semantic_e4acc_fp4prod_prodtable_qcase.$procmux$2095_CMP0 ($eq).
Removed top 8 bits (of 19) from port B of cell ex254_semantic_e4acc_fp4prod_prodtable_qcase.$procmux$2096_CMP0 ($eq).
Removed top 8 bits (of 19) from port B of cell ex254_semantic_e4acc_fp4prod_prodtable_qcase.$procmux$2097_CMP0 ($eq).
Removed top 8 bits (of 19) from port B of cell ex254_semantic_e4acc_fp4prod_prodtable_qcase.$procmux$2098_CMP0 ($eq).
Removed top 8 bits (of 19) from port B of cell ex254_semantic_e4acc_fp4prod_prodtable_qcase.$procmux$2099_CMP0 ($eq).
Removed top 8 bits (of 19) from port B of cell ex254_semantic_e4acc_fp4prod_prodtable_qcase.$procmux$2100_CMP0 ($eq).
Removed top 9 bits (of 19) from port B of cell ex254_semantic_e4acc_fp4prod_prodtable_qcase.$procmux$2101_CMP0 ($eq).
Removed top 9 bits (of 19) from port B of cell ex254_semantic_e4acc_fp4prod_prodtable_qcase.$procmux$2102_CMP0 ($eq).
Removed top 9 bits (of 19) from port B of cell ex254_semantic_e4acc_fp4prod_prodtable_qcase.$procmux$2103_CMP0 ($eq).
Removed top 9 bits (of 19) from port B of cell ex254_semantic_e4acc_fp4prod_prodtable_qcase.$procmux$2104_CMP0 ($eq).
Removed top 9 bits (of 19) from port B of cell ex254_semantic_e4acc_fp4prod_prodtable_qcase.$procmux$2105_CMP0 ($eq).
Removed top 9 bits (of 19) from port B of cell ex254_semantic_e4acc_fp4prod_prodtable_qcase.$procmux$2106_CMP0 ($eq).
Removed top 9 bits (of 19) from port B of cell ex254_semantic_e4acc_fp4prod_prodtable_qcase.$procmux$2107_CMP0 ($eq).
Removed top 9 bits (of 19) from port B of cell ex254_semantic_e4acc_fp4prod_prodtable_qcase.$procmux$2108_CMP0 ($eq).
Removed top 9 bits (of 19) from port B of cell ex254_semantic_e4acc_fp4prod_prodtable_qcase.$procmux$2109_CMP0 ($eq).
Removed top 9 bits (of 19) from port B of cell ex254_semantic_e4acc_fp4prod_prodtable_qcase.$procmux$2110_CMP0 ($eq).
Removed top 9 bits (of 19) from port B of cell ex254_semantic_e4acc_fp4prod_prodtable_qcase.$procmux$2111_CMP0 ($eq).
Removed top 9 bits (of 19) from port B of cell ex254_semantic_e4acc_fp4prod_prodtable_qcase.$procmux$2112_CMP0 ($eq).
Removed top 9 bits (of 19) from port B of cell ex254_semantic_e4acc_fp4prod_prodtable_qcase.$procmux$2113_CMP0 ($eq).
Removed top 9 bits (of 19) from port B of cell ex254_semantic_e4acc_fp4prod_prodtable_qcase.$procmux$2114_CMP0 ($eq).
Removed top 9 bits (of 19) from port B of cell ex254_semantic_e4acc_fp4prod_prodtable_qcase.$procmux$2115_CMP0 ($eq).
Removed top 9 bits (of 19) from port B of cell ex254_semantic_e4acc_fp4prod_prodtable_qcase.$procmux$2116_CMP0 ($eq).
Removed top 9 bits (of 19) from port B of cell ex254_semantic_e4acc_fp4prod_prodtable_qcase.$procmux$2117_CMP0 ($eq).
Removed top 9 bits (of 19) from port B of cell ex254_semantic_e4acc_fp4prod_prodtable_qcase.$procmux$2118_CMP0 ($eq).
Removed top 9 bits (of 19) from port B of cell ex254_semantic_e4acc_fp4prod_prodtable_qcase.$procmux$2119_CMP0 ($eq).
Removed top 9 bits (of 19) from port B of cell ex254_semantic_e4acc_fp4prod_prodtable_qcase.$procmux$2120_CMP0 ($eq).
Removed top 9 bits (of 19) from port B of cell ex254_semantic_e4acc_fp4prod_prodtable_qcase.$procmux$2121_CMP0 ($eq).
Removed top 9 bits (of 19) from port B of cell ex254_semantic_e4acc_fp4prod_prodtable_qcase.$procmux$2122_CMP0 ($eq).
Removed top 9 bits (of 19) from port B of cell ex254_semantic_e4acc_fp4prod_prodtable_qcase.$procmux$2123_CMP0 ($eq).
Removed top 9 bits (of 19) from port B of cell ex254_semantic_e4acc_fp4prod_prodtable_qcase.$procmux$2124_CMP0 ($eq).
Removed top 9 bits (of 19) from port B of cell ex254_semantic_e4acc_fp4prod_prodtable_qcase.$procmux$2125_CMP0 ($eq).
Removed top 9 bits (of 19) from port B of cell ex254_semantic_e4acc_fp4prod_prodtable_qcase.$procmux$2126_CMP0 ($eq).
Removed top 9 bits (of 19) from port B of cell ex254_semantic_e4acc_fp4prod_prodtable_qcase.$procmux$2127_CMP0 ($eq).
Removed top 9 bits (of 19) from port B of cell ex254_semantic_e4acc_fp4prod_prodtable_qcase.$procmux$2128_CMP0 ($eq).
Removed top 9 bits (of 19) from port B of cell ex254_semantic_e4acc_fp4prod_prodtable_qcase.$procmux$2129_CMP0 ($eq).
Removed top 9 bits (of 19) from port B of cell ex254_semantic_e4acc_fp4prod_prodtable_qcase.$procmux$2130_CMP0 ($eq).
Removed top 9 bits (of 19) from port B of cell ex254_semantic_e4acc_fp4prod_prodtable_qcase.$procmux$2131_CMP0 ($eq).
Removed top 9 bits (of 19) from port B of cell ex254_semantic_e4acc_fp4prod_prodtable_qcase.$procmux$2132_CMP0 ($eq).
Removed top 9 bits (of 19) from port B of cell ex254_semantic_e4acc_fp4prod_prodtable_qcase.$procmux$2133_CMP0 ($eq).
Removed top 9 bits (of 19) from port B of cell ex254_semantic_e4acc_fp4prod_prodtable_qcase.$procmux$2134_CMP0 ($eq).
Removed top 9 bits (of 19) from port B of cell ex254_semantic_e4acc_fp4prod_prodtable_qcase.$procmux$2135_CMP0 ($eq).
Removed top 9 bits (of 19) from port B of cell ex254_semantic_e4acc_fp4prod_prodtable_qcase.$procmux$2136_CMP0 ($eq).
Removed top 9 bits (of 19) from port B of cell ex254_semantic_e4acc_fp4prod_prodtable_qcase.$procmux$2137_CMP0 ($eq).
Removed top 9 bits (of 19) from port B of cell ex254_semantic_e4acc_fp4prod_prodtable_qcase.$procmux$2138_CMP0 ($eq).
Removed top 9 bits (of 19) from port B of cell ex254_semantic_e4acc_fp4prod_prodtable_qcase.$procmux$2139_CMP0 ($eq).
Removed top 9 bits (of 19) from port B of cell ex254_semantic_e4acc_fp4prod_prodtable_qcase.$procmux$2140_CMP0 ($eq).
Removed top 9 bits (of 19) from port B of cell ex254_semantic_e4acc_fp4prod_prodtable_qcase.$procmux$2141_CMP0 ($eq).
Removed top 9 bits (of 19) from port B of cell ex254_semantic_e4acc_fp4prod_prodtable_qcase.$procmux$2142_CMP0 ($eq).
Removed top 9 bits (of 19) from port B of cell ex254_semantic_e4acc_fp4prod_prodtable_qcase.$procmux$2143_CMP0 ($eq).
Removed top 9 bits (of 19) from port B of cell ex254_semantic_e4acc_fp4prod_prodtable_qcase.$procmux$2144_CMP0 ($eq).
Removed top 9 bits (of 19) from port B of cell ex254_semantic_e4acc_fp4prod_prodtable_qcase.$procmux$2145_CMP0 ($eq).
Removed top 9 bits (of 19) from port B of cell ex254_semantic_e4acc_fp4prod_prodtable_qcase.$procmux$2146_CMP0 ($eq).
Removed top 9 bits (of 19) from port B of cell ex254_semantic_e4acc_fp4prod_prodtable_qcase.$procmux$2147_CMP0 ($eq).
Removed top 9 bits (of 19) from port B of cell ex254_semantic_e4acc_fp4prod_prodtable_qcase.$procmux$2148_CMP0 ($eq).
Removed top 9 bits (of 19) from port B of cell ex254_semantic_e4acc_fp4prod_prodtable_qcase.$procmux$2149_CMP0 ($eq).
Removed top 9 bits (of 19) from port B of cell ex254_semantic_e4acc_fp4prod_prodtable_qcase.$procmux$2150_CMP0 ($eq).
Removed top 9 bits (of 19) from port B of cell ex254_semantic_e4acc_fp4prod_prodtable_qcase.$procmux$2151_CMP0 ($eq).
Removed top 9 bits (of 19) from port B of cell ex254_semantic_e4acc_fp4prod_prodtable_qcase.$procmux$2152_CMP0 ($eq).
Removed top 9 bits (of 19) from port B of cell ex254_semantic_e4acc_fp4prod_prodtable_qcase.$procmux$2153_CMP0 ($eq).
Removed top 9 bits (of 19) from port B of cell ex254_semantic_e4acc_fp4prod_prodtable_qcase.$procmux$2154_CMP0 ($eq).
Removed top 9 bits (of 19) from port B of cell ex254_semantic_e4acc_fp4prod_prodtable_qcase.$procmux$2155_CMP0 ($eq).
Removed top 9 bits (of 19) from port B of cell ex254_semantic_e4acc_fp4prod_prodtable_qcase.$procmux$2156_CMP0 ($eq).
Removed top 9 bits (of 19) from port B of cell ex254_semantic_e4acc_fp4prod_prodtable_qcase.$procmux$2157_CMP0 ($eq).
Removed top 9 bits (of 19) from port B of cell ex254_semantic_e4acc_fp4prod_prodtable_qcase.$procmux$2158_CMP0 ($eq).
Removed top 9 bits (of 19) from port B of cell ex254_semantic_e4acc_fp4prod_prodtable_qcase.$procmux$2159_CMP0 ($eq).
Removed top 9 bits (of 19) from port B of cell ex254_semantic_e4acc_fp4prod_prodtable_qcase.$procmux$2160_CMP0 ($eq).
Removed top 9 bits (of 19) from port B of cell ex254_semantic_e4acc_fp4prod_prodtable_qcase.$procmux$2161_CMP0 ($eq).
Removed top 9 bits (of 19) from port B of cell ex254_semantic_e4acc_fp4prod_prodtable_qcase.$procmux$2162_CMP0 ($eq).
Removed top 9 bits (of 19) from port B of cell ex254_semantic_e4acc_fp4prod_prodtable_qcase.$procmux$2163_CMP0 ($eq).
Removed top 9 bits (of 19) from port B of cell ex254_semantic_e4acc_fp4prod_prodtable_qcase.$procmux$2164_CMP0 ($eq).
Removed top 9 bits (of 19) from port B of cell ex254_semantic_e4acc_fp4prod_prodtable_qcase.$procmux$2165_CMP0 ($eq).
Removed top 9 bits (of 19) from port B of cell ex254_semantic_e4acc_fp4prod_prodtable_qcase.$procmux$2166_CMP0 ($eq).
Removed top 9 bits (of 19) from port B of cell ex254_semantic_e4acc_fp4prod_prodtable_qcase.$procmux$2167_CMP0 ($eq).
Removed top 9 bits (of 19) from port B of cell ex254_semantic_e4acc_fp4prod_prodtable_qcase.$procmux$2168_CMP0 ($eq).
Removed top 9 bits (of 19) from port B of cell ex254_semantic_e4acc_fp4prod_prodtable_qcase.$procmux$2169_CMP0 ($eq).
Removed top 9 bits (of 19) from port B of cell ex254_semantic_e4acc_fp4prod_prodtable_qcase.$procmux$2170_CMP0 ($eq).
Removed top 9 bits (of 19) from port B of cell ex254_semantic_e4acc_fp4prod_prodtable_qcase.$procmux$2171_CMP0 ($eq).
Removed top 9 bits (of 19) from port B of cell ex254_semantic_e4acc_fp4prod_prodtable_qcase.$procmux$2172_CMP0 ($eq).
Removed top 9 bits (of 19) from port B of cell ex254_semantic_e4acc_fp4prod_prodtable_qcase.$procmux$2173_CMP0 ($eq).
Removed top 9 bits (of 19) from port B of cell ex254_semantic_e4acc_fp4prod_prodtable_qcase.$procmux$2174_CMP0 ($eq).
Removed top 9 bits (of 19) from port B of cell ex254_semantic_e4acc_fp4prod_prodtable_qcase.$procmux$2175_CMP0 ($eq).
Removed top 9 bits (of 19) from port B of cell ex254_semantic_e4acc_fp4prod_prodtable_qcase.$procmux$2176_CMP0 ($eq).
Removed top 9 bits (of 19) from port B of cell ex254_semantic_e4acc_fp4prod_prodtable_qcase.$procmux$2177_CMP0 ($eq).
Removed top 9 bits (of 19) from port B of cell ex254_semantic_e4acc_fp4prod_prodtable_qcase.$procmux$2178_CMP0 ($eq).
Removed top 9 bits (of 19) from port B of cell ex254_semantic_e4acc_fp4prod_prodtable_qcase.$procmux$2179_CMP0 ($eq).
Removed top 9 bits (of 19) from port B of cell ex254_semantic_e4acc_fp4prod_prodtable_qcase.$procmux$2180_CMP0 ($eq).
Removed top 9 bits (of 19) from port B of cell ex254_semantic_e4acc_fp4prod_prodtable_qcase.$procmux$2181_CMP0 ($eq).
Removed top 9 bits (of 19) from port B of cell ex254_semantic_e4acc_fp4prod_prodtable_qcase.$procmux$2182_CMP0 ($eq).
Removed top 9 bits (of 19) from port B of cell ex254_semantic_e4acc_fp4prod_prodtable_qcase.$procmux$2183_CMP0 ($eq).
Removed top 9 bits (of 19) from port B of cell ex254_semantic_e4acc_fp4prod_prodtable_qcase.$procmux$2184_CMP0 ($eq).
Removed top 9 bits (of 19) from port B of cell ex254_semantic_e4acc_fp4prod_prodtable_qcase.$procmux$2185_CMP0 ($eq).
Removed top 9 bits (of 19) from port B of cell ex254_semantic_e4acc_fp4prod_prodtable_qcase.$procmux$2186_CMP0 ($eq).
Removed top 9 bits (of 19) from port B of cell ex254_semantic_e4acc_fp4prod_prodtable_qcase.$procmux$2187_CMP0 ($eq).
Removed top 9 bits (of 19) from port B of cell ex254_semantic_e4acc_fp4prod_prodtable_qcase.$procmux$2188_CMP0 ($eq).
Removed top 9 bits (of 19) from port B of cell ex254_semantic_e4acc_fp4prod_prodtable_qcase.$procmux$2189_CMP0 ($eq).
Removed top 9 bits (of 19) from port B of cell ex254_semantic_e4acc_fp4prod_prodtable_qcase.$procmux$2190_CMP0 ($eq).
Removed top 9 bits (of 19) from port B of cell ex254_semantic_e4acc_fp4prod_prodtable_qcase.$procmux$2191_CMP0 ($eq).
Removed top 9 bits (of 19) from port B of cell ex254_semantic_e4acc_fp4prod_prodtable_qcase.$procmux$2192_CMP0 ($eq).
Removed top 9 bits (of 19) from port B of cell ex254_semantic_e4acc_fp4prod_prodtable_qcase.$procmux$2193_CMP0 ($eq).
Removed top 9 bits (of 19) from port B of cell ex254_semantic_e4acc_fp4prod_prodtable_qcase.$procmux$2194_CMP0 ($eq).
Removed top 9 bits (of 19) from port B of cell ex254_semantic_e4acc_fp4prod_prodtable_qcase.$procmux$2195_CMP0 ($eq).
Removed top 9 bits (of 19) from port B of cell ex254_semantic_e4acc_fp4prod_prodtable_qcase.$procmux$2196_CMP0 ($eq).
Removed top 9 bits (of 19) from port B of cell ex254_semantic_e4acc_fp4prod_prodtable_qcase.$procmux$2197_CMP0 ($eq).
Removed top 9 bits (of 19) from port B of cell ex254_semantic_e4acc_fp4prod_prodtable_qcase.$procmux$2198_CMP0 ($eq).
Removed top 9 bits (of 19) from port B of cell ex254_semantic_e4acc_fp4prod_prodtable_qcase.$procmux$2199_CMP0 ($eq).
Removed top 9 bits (of 19) from port B of cell ex254_semantic_e4acc_fp4prod_prodtable_qcase.$procmux$2200_CMP0 ($eq).
Removed top 9 bits (of 19) from port B of cell ex254_semantic_e4acc_fp4prod_prodtable_qcase.$procmux$2201_CMP0 ($eq).
Removed top 9 bits (of 19) from port B of cell ex254_semantic_e4acc_fp4prod_prodtable_qcase.$procmux$2202_CMP0 ($eq).
Removed top 9 bits (of 19) from port B of cell ex254_semantic_e4acc_fp4prod_prodtable_qcase.$procmux$2203_CMP0 ($eq).
Removed top 9 bits (of 19) from port B of cell ex254_semantic_e4acc_fp4prod_prodtable_qcase.$procmux$2204_CMP0 ($eq).
Removed top 9 bits (of 19) from port B of cell ex254_semantic_e4acc_fp4prod_prodtable_qcase.$procmux$2205_CMP0 ($eq).
Removed top 9 bits (of 19) from port B of cell ex254_semantic_e4acc_fp4prod_prodtable_qcase.$procmux$2206_CMP0 ($eq).
Removed top 9 bits (of 19) from port B of cell ex254_semantic_e4acc_fp4prod_prodtable_qcase.$procmux$2207_CMP0 ($eq).
Removed top 9 bits (of 19) from port B of cell ex254_semantic_e4acc_fp4prod_prodtable_qcase.$procmux$2208_CMP0 ($eq).
Removed top 9 bits (of 19) from port B of cell ex254_semantic_e4acc_fp4prod_prodtable_qcase.$procmux$2209_CMP0 ($eq).
Removed top 9 bits (of 19) from port B of cell ex254_semantic_e4acc_fp4prod_prodtable_qcase.$procmux$2210_CMP0 ($eq).
Removed top 9 bits (of 19) from port B of cell ex254_semantic_e4acc_fp4prod_prodtable_qcase.$procmux$2211_CMP0 ($eq).
Removed top 9 bits (of 19) from port B of cell ex254_semantic_e4acc_fp4prod_prodtable_qcase.$procmux$2212_CMP0 ($eq).
Removed top 9 bits (of 19) from port B of cell ex254_semantic_e4acc_fp4prod_prodtable_qcase.$procmux$2213_CMP0 ($eq).
Removed top 9 bits (of 19) from port B of cell ex254_semantic_e4acc_fp4prod_prodtable_qcase.$procmux$2214_CMP0 ($eq).
Removed top 9 bits (of 19) from port B of cell ex254_semantic_e4acc_fp4prod_prodtable_qcase.$procmux$2215_CMP0 ($eq).
Removed top 9 bits (of 19) from port B of cell ex254_semantic_e4acc_fp4prod_prodtable_qcase.$procmux$2216_CMP0 ($eq).
Removed top 9 bits (of 19) from port B of cell ex254_semantic_e4acc_fp4prod_prodtable_qcase.$procmux$2217_CMP0 ($eq).
Removed top 9 bits (of 19) from port B of cell ex254_semantic_e4acc_fp4prod_prodtable_qcase.$procmux$2218_CMP0 ($eq).
Removed top 9 bits (of 19) from port B of cell ex254_semantic_e4acc_fp4prod_prodtable_qcase.$procmux$2219_CMP0 ($eq).
Removed top 9 bits (of 19) from port B of cell ex254_semantic_e4acc_fp4prod_prodtable_qcase.$procmux$2220_CMP0 ($eq).
Removed top 9 bits (of 19) from port B of cell ex254_semantic_e4acc_fp4prod_prodtable_qcase.$procmux$2221_CMP0 ($eq).
Removed top 9 bits (of 19) from port B of cell ex254_semantic_e4acc_fp4prod_prodtable_qcase.$procmux$2222_CMP0 ($eq).
Removed top 9 bits (of 19) from port B of cell ex254_semantic_e4acc_fp4prod_prodtable_qcase.$procmux$2223_CMP0 ($eq).
Removed top 9 bits (of 19) from port B of cell ex254_semantic_e4acc_fp4prod_prodtable_qcase.$procmux$2224_CMP0 ($eq).
Removed top 9 bits (of 19) from port B of cell ex254_semantic_e4acc_fp4prod_prodtable_qcase.$procmux$2225_CMP0 ($eq).
Removed top 9 bits (of 19) from port B of cell ex254_semantic_e4acc_fp4prod_prodtable_qcase.$procmux$2226_CMP0 ($eq).
Removed top 9 bits (of 19) from port B of cell ex254_semantic_e4acc_fp4prod_prodtable_qcase.$procmux$2227_CMP0 ($eq).
Removed top 9 bits (of 19) from port B of cell ex254_semantic_e4acc_fp4prod_prodtable_qcase.$procmux$2228_CMP0 ($eq).
Removed top 9 bits (of 19) from port B of cell ex254_semantic_e4acc_fp4prod_prodtable_qcase.$procmux$2229_CMP0 ($eq).
Removed top 9 bits (of 19) from port B of cell ex254_semantic_e4acc_fp4prod_prodtable_qcase.$procmux$2230_CMP0 ($eq).
Removed top 9 bits (of 19) from port B of cell ex254_semantic_e4acc_fp4prod_prodtable_qcase.$procmux$2231_CMP0 ($eq).
Removed top 9 bits (of 19) from port B of cell ex254_semantic_e4acc_fp4prod_prodtable_qcase.$procmux$2232_CMP0 ($eq).
Removed top 9 bits (of 19) from port B of cell ex254_semantic_e4acc_fp4prod_prodtable_qcase.$procmux$2233_CMP0 ($eq).
Removed top 9 bits (of 19) from port B of cell ex254_semantic_e4acc_fp4prod_prodtable_qcase.$procmux$2234_CMP0 ($eq).
Removed top 9 bits (of 19) from port B of cell ex254_semantic_e4acc_fp4prod_prodtable_qcase.$procmux$2235_CMP0 ($eq).
Removed top 9 bits (of 19) from port B of cell ex254_semantic_e4acc_fp4prod_prodtable_qcase.$procmux$2236_CMP0 ($eq).
Removed top 9 bits (of 19) from port B of cell ex254_semantic_e4acc_fp4prod_prodtable_qcase.$procmux$2237_CMP0 ($eq).
Removed top 9 bits (of 19) from port B of cell ex254_semantic_e4acc_fp4prod_prodtable_qcase.$procmux$2238_CMP0 ($eq).
Removed top 9 bits (of 19) from port B of cell ex254_semantic_e4acc_fp4prod_prodtable_qcase.$procmux$2239_CMP0 ($eq).
Removed top 9 bits (of 19) from port B of cell ex254_semantic_e4acc_fp4prod_prodtable_qcase.$procmux$2240_CMP0 ($eq).
Removed top 9 bits (of 19) from port B of cell ex254_semantic_e4acc_fp4prod_prodtable_qcase.$procmux$2241_CMP0 ($eq).
Removed top 9 bits (of 19) from port B of cell ex254_semantic_e4acc_fp4prod_prodtable_qcase.$procmux$2242_CMP0 ($eq).
Removed top 9 bits (of 19) from port B of cell ex254_semantic_e4acc_fp4prod_prodtable_qcase.$procmux$2243_CMP0 ($eq).
Removed top 9 bits (of 19) from port B of cell ex254_semantic_e4acc_fp4prod_prodtable_qcase.$procmux$2244_CMP0 ($eq).
Removed top 9 bits (of 19) from port B of cell ex254_semantic_e4acc_fp4prod_prodtable_qcase.$procmux$2245_CMP0 ($eq).
Removed top 9 bits (of 19) from port B of cell ex254_semantic_e4acc_fp4prod_prodtable_qcase.$procmux$2246_CMP0 ($eq).
Removed top 9 bits (of 19) from port B of cell ex254_semantic_e4acc_fp4prod_prodtable_qcase.$procmux$2247_CMP0 ($eq).
Removed top 9 bits (of 19) from port B of cell ex254_semantic_e4acc_fp4prod_prodtable_qcase.$procmux$2248_CMP0 ($eq).
Removed top 9 bits (of 19) from port B of cell ex254_semantic_e4acc_fp4prod_prodtable_qcase.$procmux$2249_CMP0 ($eq).
Removed top 9 bits (of 19) from port B of cell ex254_semantic_e4acc_fp4prod_prodtable_qcase.$procmux$2250_CMP0 ($eq).
Removed top 9 bits (of 19) from port B of cell ex254_semantic_e4acc_fp4prod_prodtable_qcase.$procmux$2251_CMP0 ($eq).
Removed top 9 bits (of 19) from port B of cell ex254_semantic_e4acc_fp4prod_prodtable_qcase.$procmux$2252_CMP0 ($eq).
Removed top 9 bits (of 19) from port B of cell ex254_semantic_e4acc_fp4prod_prodtable_qcase.$procmux$2253_CMP0 ($eq).
Removed top 9 bits (of 19) from port B of cell ex254_semantic_e4acc_fp4prod_prodtable_qcase.$procmux$2254_CMP0 ($eq).
Removed top 9 bits (of 19) from port B of cell ex254_semantic_e4acc_fp4prod_prodtable_qcase.$procmux$2255_CMP0 ($eq).
Removed top 9 bits (of 19) from port B of cell ex254_semantic_e4acc_fp4prod_prodtable_qcase.$procmux$2256_CMP0 ($eq).
Removed top 9 bits (of 19) from port B of cell ex254_semantic_e4acc_fp4prod_prodtable_qcase.$procmux$2257_CMP0 ($eq).
Removed top 9 bits (of 19) from port B of cell ex254_semantic_e4acc_fp4prod_prodtable_qcase.$procmux$2258_CMP0 ($eq).
Removed top 9 bits (of 19) from port B of cell ex254_semantic_e4acc_fp4prod_prodtable_qcase.$procmux$2259_CMP0 ($eq).
Removed top 9 bits (of 19) from port B of cell ex254_semantic_e4acc_fp4prod_prodtable_qcase.$procmux$2260_CMP0 ($eq).
Removed top 10 bits (of 19) from port B of cell ex254_semantic_e4acc_fp4prod_prodtable_qcase.$procmux$2261_CMP0 ($eq).
Removed top 10 bits (of 19) from port B of cell ex254_semantic_e4acc_fp4prod_prodtable_qcase.$procmux$2262_CMP0 ($eq).
Removed top 10 bits (of 19) from port B of cell ex254_semantic_e4acc_fp4prod_prodtable_qcase.$procmux$2263_CMP0 ($eq).
Removed top 10 bits (of 19) from port B of cell ex254_semantic_e4acc_fp4prod_prodtable_qcase.$procmux$2264_CMP0 ($eq).
Removed top 10 bits (of 19) from port B of cell ex254_semantic_e4acc_fp4prod_prodtable_qcase.$procmux$2265_CMP0 ($eq).
Removed top 10 bits (of 19) from port B of cell ex254_semantic_e4acc_fp4prod_prodtable_qcase.$procmux$2266_CMP0 ($eq).
Removed top 10 bits (of 19) from port B of cell ex254_semantic_e4acc_fp4prod_prodtable_qcase.$procmux$2267_CMP0 ($eq).
Removed top 10 bits (of 19) from port B of cell ex254_semantic_e4acc_fp4prod_prodtable_qcase.$procmux$2268_CMP0 ($eq).
Removed top 10 bits (of 19) from port B of cell ex254_semantic_e4acc_fp4prod_prodtable_qcase.$procmux$2269_CMP0 ($eq).
Removed top 10 bits (of 19) from port B of cell ex254_semantic_e4acc_fp4prod_prodtable_qcase.$procmux$2270_CMP0 ($eq).
Removed top 10 bits (of 19) from port B of cell ex254_semantic_e4acc_fp4prod_prodtable_qcase.$procmux$2271_CMP0 ($eq).
Removed top 10 bits (of 19) from port B of cell ex254_semantic_e4acc_fp4prod_prodtable_qcase.$procmux$2272_CMP0 ($eq).
Removed top 10 bits (of 19) from port B of cell ex254_semantic_e4acc_fp4prod_prodtable_qcase.$procmux$2273_CMP0 ($eq).
Removed top 10 bits (of 19) from port B of cell ex254_semantic_e4acc_fp4prod_prodtable_qcase.$procmux$2274_CMP0 ($eq).
Removed top 10 bits (of 19) from port B of cell ex254_semantic_e4acc_fp4prod_prodtable_qcase.$procmux$2275_CMP0 ($eq).
Removed top 10 bits (of 19) from port B of cell ex254_semantic_e4acc_fp4prod_prodtable_qcase.$procmux$2276_CMP0 ($eq).
Removed top 10 bits (of 19) from port B of cell ex254_semantic_e4acc_fp4prod_prodtable_qcase.$procmux$2277_CMP0 ($eq).
Removed top 10 bits (of 19) from port B of cell ex254_semantic_e4acc_fp4prod_prodtable_qcase.$procmux$2278_CMP0 ($eq).
Removed top 10 bits (of 19) from port B of cell ex254_semantic_e4acc_fp4prod_prodtable_qcase.$procmux$2279_CMP0 ($eq).
Removed top 10 bits (of 19) from port B of cell ex254_semantic_e4acc_fp4prod_prodtable_qcase.$procmux$2280_CMP0 ($eq).
Removed top 10 bits (of 19) from port B of cell ex254_semantic_e4acc_fp4prod_prodtable_qcase.$procmux$2281_CMP0 ($eq).
Removed top 10 bits (of 19) from port B of cell ex254_semantic_e4acc_fp4prod_prodtable_qcase.$procmux$2282_CMP0 ($eq).
Removed top 10 bits (of 19) from port B of cell ex254_semantic_e4acc_fp4prod_prodtable_qcase.$procmux$2283_CMP0 ($eq).
Removed top 10 bits (of 19) from port B of cell ex254_semantic_e4acc_fp4prod_prodtable_qcase.$procmux$2284_CMP0 ($eq).
Removed top 10 bits (of 19) from port B of cell ex254_semantic_e4acc_fp4prod_prodtable_qcase.$procmux$2285_CMP0 ($eq).
Removed top 10 bits (of 19) from port B of cell ex254_semantic_e4acc_fp4prod_prodtable_qcase.$procmux$2286_CMP0 ($eq).
Removed top 10 bits (of 19) from port B of cell ex254_semantic_e4acc_fp4prod_prodtable_qcase.$procmux$2287_CMP0 ($eq).
Removed top 10 bits (of 19) from port B of cell ex254_semantic_e4acc_fp4prod_prodtable_qcase.$procmux$2288_CMP0 ($eq).
Removed top 10 bits (of 19) from port B of cell ex254_semantic_e4acc_fp4prod_prodtable_qcase.$procmux$2289_CMP0 ($eq).
Removed top 10 bits (of 19) from port B of cell ex254_semantic_e4acc_fp4prod_prodtable_qcase.$procmux$2290_CMP0 ($eq).
Removed top 10 bits (of 19) from port B of cell ex254_semantic_e4acc_fp4prod_prodtable_qcase.$procmux$2291_CMP0 ($eq).
Removed top 10 bits (of 19) from port B of cell ex254_semantic_e4acc_fp4prod_prodtable_qcase.$procmux$2292_CMP0 ($eq).
Removed top 10 bits (of 19) from port B of cell ex254_semantic_e4acc_fp4prod_prodtable_qcase.$procmux$2293_CMP0 ($eq).
Removed top 10 bits (of 19) from port B of cell ex254_semantic_e4acc_fp4prod_prodtable_qcase.$procmux$2294_CMP0 ($eq).
Removed top 10 bits (of 19) from port B of cell ex254_semantic_e4acc_fp4prod_prodtable_qcase.$procmux$2295_CMP0 ($eq).
Removed top 10 bits (of 19) from port B of cell ex254_semantic_e4acc_fp4prod_prodtable_qcase.$procmux$2296_CMP0 ($eq).
Removed top 10 bits (of 19) from port B of cell ex254_semantic_e4acc_fp4prod_prodtable_qcase.$procmux$2297_CMP0 ($eq).
Removed top 10 bits (of 19) from port B of cell ex254_semantic_e4acc_fp4prod_prodtable_qcase.$procmux$2298_CMP0 ($eq).
Removed top 10 bits (of 19) from port B of cell ex254_semantic_e4acc_fp4prod_prodtable_qcase.$procmux$2299_CMP0 ($eq).
Removed top 10 bits (of 19) from port B of cell ex254_semantic_e4acc_fp4prod_prodtable_qcase.$procmux$2300_CMP0 ($eq).
Removed top 10 bits (of 19) from port B of cell ex254_semantic_e4acc_fp4prod_prodtable_qcase.$procmux$2301_CMP0 ($eq).
Removed top 10 bits (of 19) from port B of cell ex254_semantic_e4acc_fp4prod_prodtable_qcase.$procmux$2302_CMP0 ($eq).
Removed top 10 bits (of 19) from port B of cell ex254_semantic_e4acc_fp4prod_prodtable_qcase.$procmux$2303_CMP0 ($eq).
Removed top 10 bits (of 19) from port B of cell ex254_semantic_e4acc_fp4prod_prodtable_qcase.$procmux$2304_CMP0 ($eq).
Removed top 10 bits (of 19) from port B of cell ex254_semantic_e4acc_fp4prod_prodtable_qcase.$procmux$2305_CMP0 ($eq).
Removed top 10 bits (of 19) from port B of cell ex254_semantic_e4acc_fp4prod_prodtable_qcase.$procmux$2306_CMP0 ($eq).
Removed top 10 bits (of 19) from port B of cell ex254_semantic_e4acc_fp4prod_prodtable_qcase.$procmux$2307_CMP0 ($eq).
Removed top 10 bits (of 19) from port B of cell ex254_semantic_e4acc_fp4prod_prodtable_qcase.$procmux$2308_CMP0 ($eq).
Removed top 10 bits (of 19) from port B of cell ex254_semantic_e4acc_fp4prod_prodtable_qcase.$procmux$2309_CMP0 ($eq).
Removed top 10 bits (of 19) from port B of cell ex254_semantic_e4acc_fp4prod_prodtable_qcase.$procmux$2310_CMP0 ($eq).
Removed top 10 bits (of 19) from port B of cell ex254_semantic_e4acc_fp4prod_prodtable_qcase.$procmux$2311_CMP0 ($eq).
Removed top 10 bits (of 19) from port B of cell ex254_semantic_e4acc_fp4prod_prodtable_qcase.$procmux$2312_CMP0 ($eq).
Removed top 10 bits (of 19) from port B of cell ex254_semantic_e4acc_fp4prod_prodtable_qcase.$procmux$2313_CMP0 ($eq).
Removed top 10 bits (of 19) from port B of cell ex254_semantic_e4acc_fp4prod_prodtable_qcase.$procmux$2314_CMP0 ($eq).
Removed top 10 bits (of 19) from port B of cell ex254_semantic_e4acc_fp4prod_prodtable_qcase.$procmux$2315_CMP0 ($eq).
Removed top 10 bits (of 19) from port B of cell ex254_semantic_e4acc_fp4prod_prodtable_qcase.$procmux$2316_CMP0 ($eq).
Removed top 10 bits (of 19) from port B of cell ex254_semantic_e4acc_fp4prod_prodtable_qcase.$procmux$2317_CMP0 ($eq).
Removed top 10 bits (of 19) from port B of cell ex254_semantic_e4acc_fp4prod_prodtable_qcase.$procmux$2318_CMP0 ($eq).
Removed top 10 bits (of 19) from port B of cell ex254_semantic_e4acc_fp4prod_prodtable_qcase.$procmux$2319_CMP0 ($eq).
Removed top 10 bits (of 19) from port B of cell ex254_semantic_e4acc_fp4prod_prodtable_qcase.$procmux$2320_CMP0 ($eq).
Removed top 10 bits (of 19) from port B of cell ex254_semantic_e4acc_fp4prod_prodtable_qcase.$procmux$2321_CMP0 ($eq).
Removed top 10 bits (of 19) from port B of cell ex254_semantic_e4acc_fp4prod_prodtable_qcase.$procmux$2322_CMP0 ($eq).
Removed top 10 bits (of 19) from port B of cell ex254_semantic_e4acc_fp4prod_prodtable_qcase.$procmux$2323_CMP0 ($eq).
Removed top 10 bits (of 19) from port B of cell ex254_semantic_e4acc_fp4prod_prodtable_qcase.$procmux$2324_CMP0 ($eq).
Removed top 10 bits (of 19) from port B of cell ex254_semantic_e4acc_fp4prod_prodtable_qcase.$procmux$2325_CMP0 ($eq).
Removed top 10 bits (of 19) from port B of cell ex254_semantic_e4acc_fp4prod_prodtable_qcase.$procmux$2326_CMP0 ($eq).
Removed top 10 bits (of 19) from port B of cell ex254_semantic_e4acc_fp4prod_prodtable_qcase.$procmux$2327_CMP0 ($eq).
Removed top 10 bits (of 19) from port B of cell ex254_semantic_e4acc_fp4prod_prodtable_qcase.$procmux$2328_CMP0 ($eq).
Removed top 10 bits (of 19) from port B of cell ex254_semantic_e4acc_fp4prod_prodtable_qcase.$procmux$2329_CMP0 ($eq).
Removed top 10 bits (of 19) from port B of cell ex254_semantic_e4acc_fp4prod_prodtable_qcase.$procmux$2330_CMP0 ($eq).
Removed top 10 bits (of 19) from port B of cell ex254_semantic_e4acc_fp4prod_prodtable_qcase.$procmux$2331_CMP0 ($eq).
Removed top 10 bits (of 19) from port B of cell ex254_semantic_e4acc_fp4prod_prodtable_qcase.$procmux$2332_CMP0 ($eq).
Removed top 10 bits (of 19) from port B of cell ex254_semantic_e4acc_fp4prod_prodtable_qcase.$procmux$2333_CMP0 ($eq).
Removed top 10 bits (of 19) from port B of cell ex254_semantic_e4acc_fp4prod_prodtable_qcase.$procmux$2334_CMP0 ($eq).
Removed top 10 bits (of 19) from port B of cell ex254_semantic_e4acc_fp4prod_prodtable_qcase.$procmux$2335_CMP0 ($eq).
Removed top 10 bits (of 19) from port B of cell ex254_semantic_e4acc_fp4prod_prodtable_qcase.$procmux$2336_CMP0 ($eq).
Removed top 10 bits (of 19) from port B of cell ex254_semantic_e4acc_fp4prod_prodtable_qcase.$procmux$2337_CMP0 ($eq).
Removed top 10 bits (of 19) from port B of cell ex254_semantic_e4acc_fp4prod_prodtable_qcase.$procmux$2338_CMP0 ($eq).
Removed top 10 bits (of 19) from port B of cell ex254_semantic_e4acc_fp4prod_prodtable_qcase.$procmux$2339_CMP0 ($eq).
Removed top 10 bits (of 19) from port B of cell ex254_semantic_e4acc_fp4prod_prodtable_qcase.$procmux$2340_CMP0 ($eq).
Removed top 10 bits (of 19) from port B of cell ex254_semantic_e4acc_fp4prod_prodtable_qcase.$procmux$2341_CMP0 ($eq).
Removed top 10 bits (of 19) from port B of cell ex254_semantic_e4acc_fp4prod_prodtable_qcase.$procmux$2342_CMP0 ($eq).
Removed top 10 bits (of 19) from port B of cell ex254_semantic_e4acc_fp4prod_prodtable_qcase.$procmux$2343_CMP0 ($eq).
Removed top 10 bits (of 19) from port B of cell ex254_semantic_e4acc_fp4prod_prodtable_qcase.$procmux$2344_CMP0 ($eq).
Removed top 10 bits (of 19) from port B of cell ex254_semantic_e4acc_fp4prod_prodtable_qcase.$procmux$2345_CMP0 ($eq).
Removed top 10 bits (of 19) from port B of cell ex254_semantic_e4acc_fp4prod_prodtable_qcase.$procmux$2346_CMP0 ($eq).
Removed top 10 bits (of 19) from port B of cell ex254_semantic_e4acc_fp4prod_prodtable_qcase.$procmux$2347_CMP0 ($eq).
Removed top 10 bits (of 19) from port B of cell ex254_semantic_e4acc_fp4prod_prodtable_qcase.$procmux$2348_CMP0 ($eq).
Removed top 10 bits (of 19) from port B of cell ex254_semantic_e4acc_fp4prod_prodtable_qcase.$procmux$2349_CMP0 ($eq).
Removed top 10 bits (of 19) from port B of cell ex254_semantic_e4acc_fp4prod_prodtable_qcase.$procmux$2350_CMP0 ($eq).
Removed top 10 bits (of 19) from port B of cell ex254_semantic_e4acc_fp4prod_prodtable_qcase.$procmux$2351_CMP0 ($eq).
Removed top 10 bits (of 19) from port B of cell ex254_semantic_e4acc_fp4prod_prodtable_qcase.$procmux$2352_CMP0 ($eq).
Removed top 10 bits (of 19) from port B of cell ex254_semantic_e4acc_fp4prod_prodtable_qcase.$procmux$2353_CMP0 ($eq).
Removed top 10 bits (of 19) from port B of cell ex254_semantic_e4acc_fp4prod_prodtable_qcase.$procmux$2354_CMP0 ($eq).
Removed top 10 bits (of 19) from port B of cell ex254_semantic_e4acc_fp4prod_prodtable_qcase.$procmux$2355_CMP0 ($eq).
Removed top 10 bits (of 19) from port B of cell ex254_semantic_e4acc_fp4prod_prodtable_qcase.$procmux$2356_CMP0 ($eq).
Removed top 10 bits (of 19) from port B of cell ex254_semantic_e4acc_fp4prod_prodtable_qcase.$procmux$2357_CMP0 ($eq).
Removed top 10 bits (of 19) from port B of cell ex254_semantic_e4acc_fp4prod_prodtable_qcase.$procmux$2358_CMP0 ($eq).
Removed top 10 bits (of 19) from port B of cell ex254_semantic_e4acc_fp4prod_prodtable_qcase.$procmux$2359_CMP0 ($eq).
Removed top 10 bits (of 19) from port B of cell ex254_semantic_e4acc_fp4prod_prodtable_qcase.$procmux$2360_CMP0 ($eq).
Removed top 10 bits (of 19) from port B of cell ex254_semantic_e4acc_fp4prod_prodtable_qcase.$procmux$2361_CMP0 ($eq).
Removed top 10 bits (of 19) from port B of cell ex254_semantic_e4acc_fp4prod_prodtable_qcase.$procmux$2362_CMP0 ($eq).
Removed top 10 bits (of 19) from port B of cell ex254_semantic_e4acc_fp4prod_prodtable_qcase.$procmux$2363_CMP0 ($eq).
Removed top 10 bits (of 19) from port B of cell ex254_semantic_e4acc_fp4prod_prodtable_qcase.$procmux$2364_CMP0 ($eq).
Removed top 10 bits (of 19) from port B of cell ex254_semantic_e4acc_fp4prod_prodtable_qcase.$procmux$2365_CMP0 ($eq).
Removed top 10 bits (of 19) from port B of cell ex254_semantic_e4acc_fp4prod_prodtable_qcase.$procmux$2366_CMP0 ($eq).
Removed top 10 bits (of 19) from port B of cell ex254_semantic_e4acc_fp4prod_prodtable_qcase.$procmux$2367_CMP0 ($eq).
Removed top 10 bits (of 19) from port B of cell ex254_semantic_e4acc_fp4prod_prodtable_qcase.$procmux$2368_CMP0 ($eq).
Removed top 10 bits (of 19) from port B of cell ex254_semantic_e4acc_fp4prod_prodtable_qcase.$procmux$2369_CMP0 ($eq).
Removed top 10 bits (of 19) from port B of cell ex254_semantic_e4acc_fp4prod_prodtable_qcase.$procmux$2370_CMP0 ($eq).
Removed top 10 bits (of 19) from port B of cell ex254_semantic_e4acc_fp4prod_prodtable_qcase.$procmux$2371_CMP0 ($eq).
Removed top 10 bits (of 19) from port B of cell ex254_semantic_e4acc_fp4prod_prodtable_qcase.$procmux$2372_CMP0 ($eq).
Removed top 10 bits (of 19) from port B of cell ex254_semantic_e4acc_fp4prod_prodtable_qcase.$procmux$2373_CMP0 ($eq).
Removed top 10 bits (of 19) from port B of cell ex254_semantic_e4acc_fp4prod_prodtable_qcase.$procmux$2374_CMP0 ($eq).
Removed top 10 bits (of 19) from port B of cell ex254_semantic_e4acc_fp4prod_prodtable_qcase.$procmux$2375_CMP0 ($eq).
Removed top 10 bits (of 19) from port B of cell ex254_semantic_e4acc_fp4prod_prodtable_qcase.$procmux$2376_CMP0 ($eq).
Removed top 10 bits (of 19) from port B of cell ex254_semantic_e4acc_fp4prod_prodtable_qcase.$procmux$2377_CMP0 ($eq).
Removed top 10 bits (of 19) from port B of cell ex254_semantic_e4acc_fp4prod_prodtable_qcase.$procmux$2378_CMP0 ($eq).
Removed top 10 bits (of 19) from port B of cell ex254_semantic_e4acc_fp4prod_prodtable_qcase.$procmux$2379_CMP0 ($eq).
Removed top 10 bits (of 19) from port B of cell ex254_semantic_e4acc_fp4prod_prodtable_qcase.$procmux$2380_CMP0 ($eq).
Removed top 10 bits (of 19) from port B of cell ex254_semantic_e4acc_fp4prod_prodtable_qcase.$procmux$2381_CMP0 ($eq).
Removed top 10 bits (of 19) from port B of cell ex254_semantic_e4acc_fp4prod_prodtable_qcase.$procmux$2382_CMP0 ($eq).
Removed top 10 bits (of 19) from port B of cell ex254_semantic_e4acc_fp4prod_prodtable_qcase.$procmux$2383_CMP0 ($eq).
Removed top 10 bits (of 19) from port B of cell ex254_semantic_e4acc_fp4prod_prodtable_qcase.$procmux$2384_CMP0 ($eq).
Removed top 10 bits (of 19) from port B of cell ex254_semantic_e4acc_fp4prod_prodtable_qcase.$procmux$2385_CMP0 ($eq).
Removed top 10 bits (of 19) from port B of cell ex254_semantic_e4acc_fp4prod_prodtable_qcase.$procmux$2386_CMP0 ($eq).
Removed top 10 bits (of 19) from port B of cell ex254_semantic_e4acc_fp4prod_prodtable_qcase.$procmux$2387_CMP0 ($eq).
Removed top 10 bits (of 19) from port B of cell ex254_semantic_e4acc_fp4prod_prodtable_qcase.$procmux$2388_CMP0 ($eq).
Removed top 11 bits (of 19) from port B of cell ex254_semantic_e4acc_fp4prod_prodtable_qcase.$procmux$2389_CMP0 ($eq).
Removed top 11 bits (of 19) from port B of cell ex254_semantic_e4acc_fp4prod_prodtable_qcase.$procmux$2390_CMP0 ($eq).
Removed top 11 bits (of 19) from port B of cell ex254_semantic_e4acc_fp4prod_prodtable_qcase.$procmux$2391_CMP0 ($eq).
Removed top 11 bits (of 19) from port B of cell ex254_semantic_e4acc_fp4prod_prodtable_qcase.$procmux$2392_CMP0 ($eq).
Removed top 11 bits (of 19) from port B of cell ex254_semantic_e4acc_fp4prod_prodtable_qcase.$procmux$2393_CMP0 ($eq).
Removed top 11 bits (of 19) from port B of cell ex254_semantic_e4acc_fp4prod_prodtable_qcase.$procmux$2394_CMP0 ($eq).
Removed top 11 bits (of 19) from port B of cell ex254_semantic_e4acc_fp4prod_prodtable_qcase.$procmux$2395_CMP0 ($eq).
Removed top 11 bits (of 19) from port B of cell ex254_semantic_e4acc_fp4prod_prodtable_qcase.$procmux$2396_CMP0 ($eq).
Removed top 11 bits (of 19) from port B of cell ex254_semantic_e4acc_fp4prod_prodtable_qcase.$procmux$2397_CMP0 ($eq).
Removed top 11 bits (of 19) from port B of cell ex254_semantic_e4acc_fp4prod_prodtable_qcase.$procmux$2398_CMP0 ($eq).
Removed top 11 bits (of 19) from port B of cell ex254_semantic_e4acc_fp4prod_prodtable_qcase.$procmux$2399_CMP0 ($eq).
Removed top 11 bits (of 19) from port B of cell ex254_semantic_e4acc_fp4prod_prodtable_qcase.$procmux$2400_CMP0 ($eq).
Removed top 11 bits (of 19) from port B of cell ex254_semantic_e4acc_fp4prod_prodtable_qcase.$procmux$2401_CMP0 ($eq).
Removed top 11 bits (of 19) from port B of cell ex254_semantic_e4acc_fp4prod_prodtable_qcase.$procmux$2402_CMP0 ($eq).
Removed top 11 bits (of 19) from port B of cell ex254_semantic_e4acc_fp4prod_prodtable_qcase.$procmux$2403_CMP0 ($eq).
Removed top 11 bits (of 19) from port B of cell ex254_semantic_e4acc_fp4prod_prodtable_qcase.$procmux$2404_CMP0 ($eq).
Removed top 11 bits (of 19) from port B of cell ex254_semantic_e4acc_fp4prod_prodtable_qcase.$procmux$2405_CMP0 ($eq).
Removed top 11 bits (of 19) from port B of cell ex254_semantic_e4acc_fp4prod_prodtable_qcase.$procmux$2406_CMP0 ($eq).
Removed top 11 bits (of 19) from port B of cell ex254_semantic_e4acc_fp4prod_prodtable_qcase.$procmux$2407_CMP0 ($eq).
Removed top 11 bits (of 19) from port B of cell ex254_semantic_e4acc_fp4prod_prodtable_qcase.$procmux$2408_CMP0 ($eq).
Removed top 11 bits (of 19) from port B of cell ex254_semantic_e4acc_fp4prod_prodtable_qcase.$procmux$2409_CMP0 ($eq).
Removed top 11 bits (of 19) from port B of cell ex254_semantic_e4acc_fp4prod_prodtable_qcase.$procmux$2410_CMP0 ($eq).
Removed top 11 bits (of 19) from port B of cell ex254_semantic_e4acc_fp4prod_prodtable_qcase.$procmux$2411_CMP0 ($eq).
Removed top 11 bits (of 19) from port B of cell ex254_semantic_e4acc_fp4prod_prodtable_qcase.$procmux$2412_CMP0 ($eq).
Removed top 11 bits (of 19) from port B of cell ex254_semantic_e4acc_fp4prod_prodtable_qcase.$procmux$2413_CMP0 ($eq).
Removed top 11 bits (of 19) from port B of cell ex254_semantic_e4acc_fp4prod_prodtable_qcase.$procmux$2414_CMP0 ($eq).
Removed top 11 bits (of 19) from port B of cell ex254_semantic_e4acc_fp4prod_prodtable_qcase.$procmux$2415_CMP0 ($eq).
Removed top 11 bits (of 19) from port B of cell ex254_semantic_e4acc_fp4prod_prodtable_qcase.$procmux$2416_CMP0 ($eq).
Removed top 11 bits (of 19) from port B of cell ex254_semantic_e4acc_fp4prod_prodtable_qcase.$procmux$2417_CMP0 ($eq).
Removed top 11 bits (of 19) from port B of cell ex254_semantic_e4acc_fp4prod_prodtable_qcase.$procmux$2418_CMP0 ($eq).
Removed top 11 bits (of 19) from port B of cell ex254_semantic_e4acc_fp4prod_prodtable_qcase.$procmux$2419_CMP0 ($eq).
Removed top 11 bits (of 19) from port B of cell ex254_semantic_e4acc_fp4prod_prodtable_qcase.$procmux$2420_CMP0 ($eq).
Removed top 11 bits (of 19) from port B of cell ex254_semantic_e4acc_fp4prod_prodtable_qcase.$procmux$2421_CMP0 ($eq).
Removed top 11 bits (of 19) from port B of cell ex254_semantic_e4acc_fp4prod_prodtable_qcase.$procmux$2422_CMP0 ($eq).
Removed top 11 bits (of 19) from port B of cell ex254_semantic_e4acc_fp4prod_prodtable_qcase.$procmux$2423_CMP0 ($eq).
Removed top 11 bits (of 19) from port B of cell ex254_semantic_e4acc_fp4prod_prodtable_qcase.$procmux$2424_CMP0 ($eq).
Removed top 11 bits (of 19) from port B of cell ex254_semantic_e4acc_fp4prod_prodtable_qcase.$procmux$2425_CMP0 ($eq).
Removed top 11 bits (of 19) from port B of cell ex254_semantic_e4acc_fp4prod_prodtable_qcase.$procmux$2426_CMP0 ($eq).
Removed top 11 bits (of 19) from port B of cell ex254_semantic_e4acc_fp4prod_prodtable_qcase.$procmux$2427_CMP0 ($eq).
Removed top 11 bits (of 19) from port B of cell ex254_semantic_e4acc_fp4prod_prodtable_qcase.$procmux$2428_CMP0 ($eq).
Removed top 11 bits (of 19) from port B of cell ex254_semantic_e4acc_fp4prod_prodtable_qcase.$procmux$2429_CMP0 ($eq).
Removed top 11 bits (of 19) from port B of cell ex254_semantic_e4acc_fp4prod_prodtable_qcase.$procmux$2430_CMP0 ($eq).
Removed top 11 bits (of 19) from port B of cell ex254_semantic_e4acc_fp4prod_prodtable_qcase.$procmux$2431_CMP0 ($eq).
Removed top 11 bits (of 19) from port B of cell ex254_semantic_e4acc_fp4prod_prodtable_qcase.$procmux$2432_CMP0 ($eq).
Removed top 11 bits (of 19) from port B of cell ex254_semantic_e4acc_fp4prod_prodtable_qcase.$procmux$2433_CMP0 ($eq).
Removed top 11 bits (of 19) from port B of cell ex254_semantic_e4acc_fp4prod_prodtable_qcase.$procmux$2434_CMP0 ($eq).
Removed top 11 bits (of 19) from port B of cell ex254_semantic_e4acc_fp4prod_prodtable_qcase.$procmux$2435_CMP0 ($eq).
Removed top 11 bits (of 19) from port B of cell ex254_semantic_e4acc_fp4prod_prodtable_qcase.$procmux$2436_CMP0 ($eq).
Removed top 11 bits (of 19) from port B of cell ex254_semantic_e4acc_fp4prod_prodtable_qcase.$procmux$2437_CMP0 ($eq).
Removed top 11 bits (of 19) from port B of cell ex254_semantic_e4acc_fp4prod_prodtable_qcase.$procmux$2438_CMP0 ($eq).
Removed top 11 bits (of 19) from port B of cell ex254_semantic_e4acc_fp4prod_prodtable_qcase.$procmux$2439_CMP0 ($eq).
Removed top 11 bits (of 19) from port B of cell ex254_semantic_e4acc_fp4prod_prodtable_qcase.$procmux$2440_CMP0 ($eq).
Removed top 11 bits (of 19) from port B of cell ex254_semantic_e4acc_fp4prod_prodtable_qcase.$procmux$2441_CMP0 ($eq).
Removed top 11 bits (of 19) from port B of cell ex254_semantic_e4acc_fp4prod_prodtable_qcase.$procmux$2442_CMP0 ($eq).
Removed top 11 bits (of 19) from port B of cell ex254_semantic_e4acc_fp4prod_prodtable_qcase.$procmux$2443_CMP0 ($eq).
Removed top 11 bits (of 19) from port B of cell ex254_semantic_e4acc_fp4prod_prodtable_qcase.$procmux$2444_CMP0 ($eq).
Removed top 11 bits (of 19) from port B of cell ex254_semantic_e4acc_fp4prod_prodtable_qcase.$procmux$2445_CMP0 ($eq).
Removed top 11 bits (of 19) from port B of cell ex254_semantic_e4acc_fp4prod_prodtable_qcase.$procmux$2446_CMP0 ($eq).
Removed top 11 bits (of 19) from port B of cell ex254_semantic_e4acc_fp4prod_prodtable_qcase.$procmux$2447_CMP0 ($eq).
Removed top 11 bits (of 19) from port B of cell ex254_semantic_e4acc_fp4prod_prodtable_qcase.$procmux$2448_CMP0 ($eq).
Removed top 11 bits (of 19) from port B of cell ex254_semantic_e4acc_fp4prod_prodtable_qcase.$procmux$2449_CMP0 ($eq).
Removed top 11 bits (of 19) from port B of cell ex254_semantic_e4acc_fp4prod_prodtable_qcase.$procmux$2450_CMP0 ($eq).
Removed top 11 bits (of 19) from port B of cell ex254_semantic_e4acc_fp4prod_prodtable_qcase.$procmux$2451_CMP0 ($eq).
Removed top 11 bits (of 19) from port B of cell ex254_semantic_e4acc_fp4prod_prodtable_qcase.$procmux$2452_CMP0 ($eq).
Removed top 12 bits (of 19) from port B of cell ex254_semantic_e4acc_fp4prod_prodtable_qcase.$procmux$2453_CMP0 ($eq).
Removed top 12 bits (of 19) from port B of cell ex254_semantic_e4acc_fp4prod_prodtable_qcase.$procmux$2454_CMP0 ($eq).
Removed top 12 bits (of 19) from port B of cell ex254_semantic_e4acc_fp4prod_prodtable_qcase.$procmux$2455_CMP0 ($eq).
Removed top 12 bits (of 19) from port B of cell ex254_semantic_e4acc_fp4prod_prodtable_qcase.$procmux$2456_CMP0 ($eq).
Removed top 12 bits (of 19) from port B of cell ex254_semantic_e4acc_fp4prod_prodtable_qcase.$procmux$2457_CMP0 ($eq).
Removed top 12 bits (of 19) from port B of cell ex254_semantic_e4acc_fp4prod_prodtable_qcase.$procmux$2458_CMP0 ($eq).
Removed top 12 bits (of 19) from port B of cell ex254_semantic_e4acc_fp4prod_prodtable_qcase.$procmux$2459_CMP0 ($eq).
Removed top 12 bits (of 19) from port B of cell ex254_semantic_e4acc_fp4prod_prodtable_qcase.$procmux$2460_CMP0 ($eq).
Removed top 12 bits (of 19) from port B of cell ex254_semantic_e4acc_fp4prod_prodtable_qcase.$procmux$2461_CMP0 ($eq).
Removed top 12 bits (of 19) from port B of cell ex254_semantic_e4acc_fp4prod_prodtable_qcase.$procmux$2462_CMP0 ($eq).
Removed top 12 bits (of 19) from port B of cell ex254_semantic_e4acc_fp4prod_prodtable_qcase.$procmux$2463_CMP0 ($eq).
Removed top 12 bits (of 19) from port B of cell ex254_semantic_e4acc_fp4prod_prodtable_qcase.$procmux$2464_CMP0 ($eq).
Removed top 12 bits (of 19) from port B of cell ex254_semantic_e4acc_fp4prod_prodtable_qcase.$procmux$2465_CMP0 ($eq).
Removed top 12 bits (of 19) from port B of cell ex254_semantic_e4acc_fp4prod_prodtable_qcase.$procmux$2466_CMP0 ($eq).
Removed top 12 bits (of 19) from port B of cell ex254_semantic_e4acc_fp4prod_prodtable_qcase.$procmux$2467_CMP0 ($eq).
Removed top 12 bits (of 19) from port B of cell ex254_semantic_e4acc_fp4prod_prodtable_qcase.$procmux$2468_CMP0 ($eq).
Removed top 12 bits (of 19) from port B of cell ex254_semantic_e4acc_fp4prod_prodtable_qcase.$procmux$2469_CMP0 ($eq).
Removed top 12 bits (of 19) from port B of cell ex254_semantic_e4acc_fp4prod_prodtable_qcase.$procmux$2470_CMP0 ($eq).
Removed top 12 bits (of 19) from port B of cell ex254_semantic_e4acc_fp4prod_prodtable_qcase.$procmux$2471_CMP0 ($eq).
Removed top 12 bits (of 19) from port B of cell ex254_semantic_e4acc_fp4prod_prodtable_qcase.$procmux$2472_CMP0 ($eq).
Removed top 12 bits (of 19) from port B of cell ex254_semantic_e4acc_fp4prod_prodtable_qcase.$procmux$2473_CMP0 ($eq).
Removed top 12 bits (of 19) from port B of cell ex254_semantic_e4acc_fp4prod_prodtable_qcase.$procmux$2474_CMP0 ($eq).
Removed top 12 bits (of 19) from port B of cell ex254_semantic_e4acc_fp4prod_prodtable_qcase.$procmux$2475_CMP0 ($eq).
Removed top 12 bits (of 19) from port B of cell ex254_semantic_e4acc_fp4prod_prodtable_qcase.$procmux$2476_CMP0 ($eq).
Removed top 12 bits (of 19) from port B of cell ex254_semantic_e4acc_fp4prod_prodtable_qcase.$procmux$2477_CMP0 ($eq).
Removed top 12 bits (of 19) from port B of cell ex254_semantic_e4acc_fp4prod_prodtable_qcase.$procmux$2478_CMP0 ($eq).
Removed top 12 bits (of 19) from port B of cell ex254_semantic_e4acc_fp4prod_prodtable_qcase.$procmux$2479_CMP0 ($eq).
Removed top 12 bits (of 19) from port B of cell ex254_semantic_e4acc_fp4prod_prodtable_qcase.$procmux$2480_CMP0 ($eq).
Removed top 12 bits (of 19) from port B of cell ex254_semantic_e4acc_fp4prod_prodtable_qcase.$procmux$2481_CMP0 ($eq).
Removed top 12 bits (of 19) from port B of cell ex254_semantic_e4acc_fp4prod_prodtable_qcase.$procmux$2482_CMP0 ($eq).
Removed top 12 bits (of 19) from port B of cell ex254_semantic_e4acc_fp4prod_prodtable_qcase.$procmux$2483_CMP0 ($eq).
Removed top 12 bits (of 19) from port B of cell ex254_semantic_e4acc_fp4prod_prodtable_qcase.$procmux$2484_CMP0 ($eq).
Removed top 13 bits (of 19) from port B of cell ex254_semantic_e4acc_fp4prod_prodtable_qcase.$procmux$2485_CMP0 ($eq).
Removed top 13 bits (of 19) from port B of cell ex254_semantic_e4acc_fp4prod_prodtable_qcase.$procmux$2486_CMP0 ($eq).
Removed top 13 bits (of 19) from port B of cell ex254_semantic_e4acc_fp4prod_prodtable_qcase.$procmux$2487_CMP0 ($eq).
Removed top 13 bits (of 19) from port B of cell ex254_semantic_e4acc_fp4prod_prodtable_qcase.$procmux$2488_CMP0 ($eq).
Removed top 13 bits (of 19) from port B of cell ex254_semantic_e4acc_fp4prod_prodtable_qcase.$procmux$2489_CMP0 ($eq).
Removed top 13 bits (of 19) from port B of cell ex254_semantic_e4acc_fp4prod_prodtable_qcase.$procmux$2490_CMP0 ($eq).
Removed top 13 bits (of 19) from port B of cell ex254_semantic_e4acc_fp4prod_prodtable_qcase.$procmux$2491_CMP0 ($eq).
Removed top 13 bits (of 19) from port B of cell ex254_semantic_e4acc_fp4prod_prodtable_qcase.$procmux$2492_CMP0 ($eq).
Removed top 14 bits (of 19) from port B of cell ex254_semantic_e4acc_fp4prod_prodtable_qcase.$procmux$2493_CMP0 ($eq).
Removed top 14 bits (of 19) from port B of cell ex254_semantic_e4acc_fp4prod_prodtable_qcase.$procmux$2494_CMP0 ($eq).
Removed top 14 bits (of 19) from port B of cell ex254_semantic_e4acc_fp4prod_prodtable_qcase.$procmux$2495_CMP0 ($eq).
Removed top 14 bits (of 19) from port B of cell ex254_semantic_e4acc_fp4prod_prodtable_qcase.$procmux$2496_CMP0 ($eq).
Removed top 14 bits (of 19) from port B of cell ex254_semantic_e4acc_fp4prod_prodtable_qcase.$procmux$2497_CMP0 ($eq).
Removed top 14 bits (of 19) from port B of cell ex254_semantic_e4acc_fp4prod_prodtable_qcase.$procmux$2498_CMP0 ($eq).
Removed top 14 bits (of 19) from port B of cell ex254_semantic_e4acc_fp4prod_prodtable_qcase.$procmux$2499_CMP0 ($eq).
Removed top 14 bits (of 19) from port B of cell ex254_semantic_e4acc_fp4prod_prodtable_qcase.$procmux$2500_CMP0 ($eq).
Removed top 15 bits (of 19) from port B of cell ex254_semantic_e4acc_fp4prod_prodtable_qcase.$procmux$2501_CMP0 ($eq).
Removed top 15 bits (of 19) from port B of cell ex254_semantic_e4acc_fp4prod_prodtable_qcase.$procmux$2502_CMP0 ($eq).
Removed top 15 bits (of 19) from port B of cell ex254_semantic_e4acc_fp4prod_prodtable_qcase.$procmux$2503_CMP0 ($eq).
Removed top 15 bits (of 19) from port B of cell ex254_semantic_e4acc_fp4prod_prodtable_qcase.$procmux$2504_CMP0 ($eq).
Removed top 15 bits (of 19) from port B of cell ex254_semantic_e4acc_fp4prod_prodtable_qcase.$procmux$2505_CMP0 ($eq).
Removed top 15 bits (of 19) from port B of cell ex254_semantic_e4acc_fp4prod_prodtable_qcase.$procmux$2506_CMP0 ($eq).
Removed top 15 bits (of 19) from port B of cell ex254_semantic_e4acc_fp4prod_prodtable_qcase.$procmux$2507_CMP0 ($eq).
Removed top 15 bits (of 19) from port B of cell ex254_semantic_e4acc_fp4prod_prodtable_qcase.$procmux$2508_CMP0 ($eq).
Removed top 16 bits (of 19) from port B of cell ex254_semantic_e4acc_fp4prod_prodtable_qcase.$procmux$2509_CMP0 ($eq).
Removed top 16 bits (of 19) from port B of cell ex254_semantic_e4acc_fp4prod_prodtable_qcase.$procmux$2510_CMP0 ($eq).
Removed top 16 bits (of 19) from port B of cell ex254_semantic_e4acc_fp4prod_prodtable_qcase.$procmux$2511_CMP0 ($eq).
Removed top 16 bits (of 19) from port B of cell ex254_semantic_e4acc_fp4prod_prodtable_qcase.$procmux$2512_CMP0 ($eq).
Removed top 17 bits (of 19) from port B of cell ex254_semantic_e4acc_fp4prod_prodtable_qcase.$procmux$2513_CMP0 ($eq).
Removed top 17 bits (of 19) from port B of cell ex254_semantic_e4acc_fp4prod_prodtable_qcase.$procmux$2514_CMP0 ($eq).
Removed top 18 bits (of 19) from port B of cell ex254_semantic_e4acc_fp4prod_prodtable_qcase.$procmux$2515_CMP0 ($eq).
Removed top 1 bits (of 20) from wire ex254_semantic_e4acc_fp4prod_prodtable_qcase.neg_total.

2.12. Executing PEEPOPT pass (run peephole optimizers).

2.13. Executing OPT_CLEAN pass (remove unused cells and wires).
Finding unused cells or wires in module \ex254_semantic_e4acc_fp4prod_prodtable_qcase..
Removed 0 unused cells and 1 unused wires.

2.14. Executing ALUMACC pass (create $alu and $macc cells).
Extracting $alu and $macc cells in module ex254_semantic_e4acc_fp4prod_prodtable_qcase:
  creating $macc model for $neg$/home/b10507053/ALS_Final_Project/student/work/ex250_ex254_frontend_fp4_dot_fma_semantic_20260608_2105/ex254/verilog/ex254_semantic_e4acc_fp4prod_prodtable_qcase.v:2898$16 ($neg).
  creating $macc model for $add$/home/b10507053/ALS_Final_Project/student/work/ex250_ex254_frontend_fp4_dot_fma_semantic_20260608_2105/ex254/verilog/ex254_semantic_e4acc_fp4prod_prodtable_qcase.v:2896$14 ($add).
  creating $macc model for $neg$/home/b10507053/ALS_Final_Project/student/work/ex250_ex254_frontend_fp4_dot_fma_semantic_20260608_2105/ex254/verilog/ex254_semantic_e4acc_fp4prod_prodtable_qcase.v:2893$11 ($neg).
  creating $alu model for $macc $neg$/home/b10507053/ALS_Final_Project/student/work/ex250_ex254_frontend_fp4_dot_fma_semantic_20260608_2105/ex254/verilog/ex254_semantic_e4acc_fp4prod_prodtable_qcase.v:2893$11.
  creating $alu model for $macc $add$/home/b10507053/ALS_Final_Project/student/work/ex250_ex254_frontend_fp4_dot_fma_semantic_20260608_2105/ex254/verilog/ex254_semantic_e4acc_fp4prod_prodtable_qcase.v:2896$14.
  creating $alu model for $macc $neg$/home/b10507053/ALS_Final_Project/student/work/ex250_ex254_frontend_fp4_dot_fma_semantic_20260608_2105/ex254/verilog/ex254_semantic_e4acc_fp4prod_prodtable_qcase.v:2898$16.
  creating $alu model for $lt$/home/b10507053/ALS_Final_Project/student/work/ex250_ex254_frontend_fp4_dot_fma_semantic_20260608_2105/ex254/verilog/ex254_semantic_e4acc_fp4prod_prodtable_qcase.v:2897$15 ($lt): new $alu
  creating $alu cell for $lt$/home/b10507053/ALS_Final_Project/student/work/ex250_ex254_frontend_fp4_dot_fma_semantic_20260608_2105/ex254/verilog/ex254_semantic_e4acc_fp4prod_prodtable_qcase.v:2897$15: $auto$alumacc.cc:512:replace_alu$2707
  creating $alu cell for $neg$/home/b10507053/ALS_Final_Project/student/work/ex250_ex254_frontend_fp4_dot_fma_semantic_20260608_2105/ex254/verilog/ex254_semantic_e4acc_fp4prod_prodtable_qcase.v:2898$16: $auto$alumacc.cc:512:replace_alu$2714
  creating $alu cell for $add$/home/b10507053/ALS_Final_Project/student/work/ex250_ex254_frontend_fp4_dot_fma_semantic_20260608_2105/ex254/verilog/ex254_semantic_e4acc_fp4prod_prodtable_qcase.v:2896$14: $auto$alumacc.cc:512:replace_alu$2717
  creating $alu cell for $neg$/home/b10507053/ALS_Final_Project/student/work/ex250_ex254_frontend_fp4_dot_fma_semantic_20260608_2105/ex254/verilog/ex254_semantic_e4acc_fp4prod_prodtable_qcase.v:2893$11: $auto$alumacc.cc:512:replace_alu$2720
  created 4 $alu and 0 $macc cells.

2.15. Executing SHARE pass (SAT-based resource sharing).
Found 3 cells in module ex254_semantic_e4acc_fp4prod_prodtable_qcase that may be considered for resource sharing.
  Analyzing resource sharing options for $auto$mem.cc:305:emit$58 ($memrd_v2):
    Found 1 activation_patterns using ctrl signal $eq$/home/b10507053/ALS_Final_Project/student/work/ex250_ex254_frontend_fp4_dot_fma_semantic_20260608_2105/ex254/verilog/ex254_semantic_e4acc_fp4prod_prodtable_qcase.v:2902$22_Y.
    No candidates found.
  Analyzing resource sharing options for $auto$mem.cc:305:emit$62 ($memrd_v2):
    Found 1 activation_patterns using ctrl signal { $eq$/home/b10507053/ALS_Final_Project/student/work/ex250_ex254_frontend_fp4_dot_fma_semantic_20260608_2105/ex254/verilog/ex254_semantic_e4acc_fp4prod_prodtable_qcase.v:2902$22_Y \in [15] }.
    No candidates found.
  Analyzing resource sharing options for $auto$mem.cc:305:emit$66 ($memrd_v2):
    Found 1 activation_patterns using ctrl signal { $eq$/home/b10507053/ALS_Final_Project/student/work/ex250_ex254_frontend_fp4_dot_fma_semantic_20260608_2105/ex254/verilog/ex254_semantic_e4acc_fp4prod_prodtable_qcase.v:2902$22_Y \in [15] }.
    No candidates found.

2.16. Executing OPT pass (performing simple optimizations).

2.16.1. Executing OPT_EXPR pass (perform const folding).
Optimizing module ex254_semantic_e4acc_fp4prod_prodtable_qcase.

2.16.2. Executing OPT_MERGE pass (detect identical cells).
Finding identical cells in module `\ex254_semantic_e4acc_fp4prod_prodtable_qcase'.
Computing hashes of 2565 cells of `\ex254_semantic_e4acc_fp4prod_prodtable_qcase'.
Finding duplicate cells in `\ex254_semantic_e4acc_fp4prod_prodtable_qcase'.
Removed a total of 0 cells.

2.16.3. Executing OPT_MUXTREE pass (detect dead branches in mux trees).
Running muxtree optimizer on module \ex254_semantic_e4acc_fp4prod_prodtable_qcase..
  Creating internal representation of mux trees.
  Evaluating internal representation of mux trees.
  Analyzing evaluation results.
Removed 0 multiplexer ports.

2.16.4. Executing OPT_REDUCE pass (consolidate $*mux and $reduce_* inputs).
  Optimizing cells in module \ex254_semantic_e4acc_fp4prod_prodtable_qcase.
Performed a total of 0 changes.

2.16.5. Executing OPT_MERGE pass (detect identical cells).
Finding identical cells in module `\ex254_semantic_e4acc_fp4prod_prodtable_qcase'.
Computing hashes of 2565 cells of `\ex254_semantic_e4acc_fp4prod_prodtable_qcase'.
Finding duplicate cells in `\ex254_semantic_e4acc_fp4prod_prodtable_qcase'.
Removed a total of 0 cells.

2.16.6. Executing OPT_DFF pass (perform DFF optimizations).

2.16.7. Executing OPT_CLEAN pass (remove unused cells and wires).
Finding unused cells or wires in module \ex254_semantic_e4acc_fp4prod_prodtable_qcase..
Removed 1 unused cells and 6 unused wires.

2.16.8. Executing OPT_EXPR pass (perform const folding).
Optimizing module ex254_semantic_e4acc_fp4prod_prodtable_qcase.

2.16.9. Rerunning OPT passes. (Maybe there is more to do..)

2.16.10. Executing OPT_MUXTREE pass (detect dead branches in mux trees).
Running muxtree optimizer on module \ex254_semantic_e4acc_fp4prod_prodtable_qcase..
  Creating internal representation of mux trees.
  Evaluating internal representation of mux trees.
  Analyzing evaluation results.
Removed 0 multiplexer ports.

2.16.11. Executing OPT_REDUCE pass (consolidate $*mux and $reduce_* inputs).
  Optimizing cells in module \ex254_semantic_e4acc_fp4prod_prodtable_qcase.
Performed a total of 0 changes.

2.16.12. Executing OPT_MERGE pass (detect identical cells).
Finding identical cells in module `\ex254_semantic_e4acc_fp4prod_prodtable_qcase'.
Computing hashes of 2563 cells of `\ex254_semantic_e4acc_fp4prod_prodtable_qcase'.
Finding duplicate cells in `\ex254_semantic_e4acc_fp4prod_prodtable_qcase'.
Removed a total of 0 cells.

2.16.13. Executing OPT_DFF pass (perform DFF optimizations).

2.16.14. Executing OPT_CLEAN pass (remove unused cells and wires).
Finding unused cells or wires in module \ex254_semantic_e4acc_fp4prod_prodtable_qcase..

2.16.15. Executing OPT_EXPR pass (perform const folding).
Optimizing module ex254_semantic_e4acc_fp4prod_prodtable_qcase.

2.16.16. Finished fast OPT passes. (There is nothing left to do.)

2.17. Executing MEMORY pass.

2.17.1. Executing OPT_MEM pass (optimize memories).
ex254_semantic_e4acc_fp4prod_prodtable_qcase.$auto$proc_rom.cc:155:do_switch$65: removing const-0 lane 18
ex254_semantic_e4acc_fp4prod_prodtable_qcase.$auto$proc_rom.cc:155:do_switch$61: removing const-0 lane 18
Performed a total of 2 transformations.

2.17.2. Executing OPT_MEM_PRIORITY pass (removing unnecessary memory write priority relations).
Performed a total of 0 transformations.

2.17.3. Executing OPT_MEM_FEEDBACK pass (finding memory read-to-write feedback paths).

2.17.4. Executing MEMORY_BMUX2ROM pass (converting muxes to ROMs).

2.17.5. Executing MEMORY_DFF pass (merging $dff cells to $memrd).
Checking read port `$auto$proc_rom.cc:155:do_switch$65'[0] in module `\ex254_semantic_e4acc_fp4prod_prodtable_qcase': no output FF found.
Checking read port `$auto$proc_rom.cc:155:do_switch$61'[0] in module `\ex254_semantic_e4acc_fp4prod_prodtable_qcase': no output FF found.
Checking read port `$auto$proc_rom.cc:155:do_switch$57'[0] in module `\ex254_semantic_e4acc_fp4prod_prodtable_qcase': no output FF found.
Checking read port address `$auto$proc_rom.cc:155:do_switch$65'[0] in module `\ex254_semantic_e4acc_fp4prod_prodtable_qcase': no address FF found.
Checking read port address `$auto$proc_rom.cc:155:do_switch$61'[0] in module `\ex254_semantic_e4acc_fp4prod_prodtable_qcase': no address FF found.
Checking read port address `$auto$proc_rom.cc:155:do_switch$57'[0] in module `\ex254_semantic_e4acc_fp4prod_prodtable_qcase': no address FF found.

2.17.6. Executing OPT_CLEAN pass (remove unused cells and wires).
Finding unused cells or wires in module \ex254_semantic_e4acc_fp4prod_prodtable_qcase..

2.17.7. Executing MEMORY_SHARE pass (consolidating $memrd/$memwr cells).

2.17.8. Executing OPT_MEM_WIDEN pass (optimize memories where all ports are wide).
Performed a total of 0 transformations.

2.17.9. Executing OPT_CLEAN pass (remove unused cells and wires).
Finding unused cells or wires in module \ex254_semantic_e4acc_fp4prod_prodtable_qcase..

2.17.10. Executing MEMORY_COLLECT pass (generating $mem cells).

2.18. Executing OPT_CLEAN pass (remove unused cells and wires).
Finding unused cells or wires in module \ex254_semantic_e4acc_fp4prod_prodtable_qcase..

2.19. Executing OPT pass (performing simple optimizations).

2.19.1. Executing OPT_EXPR pass (perform const folding).
Optimizing module ex254_semantic_e4acc_fp4prod_prodtable_qcase.

2.19.2. Executing OPT_MERGE pass (detect identical cells).
Finding identical cells in module `\ex254_semantic_e4acc_fp4prod_prodtable_qcase'.
Computing hashes of 2560 cells of `\ex254_semantic_e4acc_fp4prod_prodtable_qcase'.
Finding duplicate cells in `\ex254_semantic_e4acc_fp4prod_prodtable_qcase'.
Removed a total of 0 cells.

2.19.3. Executing OPT_DFF pass (perform DFF optimizations).

2.19.4. Executing OPT_CLEAN pass (remove unused cells and wires).
Finding unused cells or wires in module \ex254_semantic_e4acc_fp4prod_prodtable_qcase..

2.19.5. Finished fast OPT passes.

2.20. Executing MEMORY_MAP pass (converting memories to logic and flip-flops).
Mapping memory $auto$proc_rom.cc:155:do_switch$65 in module \ex254_semantic_e4acc_fp4prod_prodtable_qcase:
  created 128 $dff cells and 0 static cells of width 18.
  read interface: 0 $dff and 127 $mux cells.
  write interface: 0 write mux blocks.
Mapping memory $auto$proc_rom.cc:155:do_switch$61 in module \ex254_semantic_e4acc_fp4prod_prodtable_qcase:
  created 128 $dff cells and 0 static cells of width 18.
  read interface: 0 $dff and 127 $mux cells.
  write interface: 0 write mux blocks.
Mapping memory $auto$proc_rom.cc:155:do_switch$57 in module \ex254_semantic_e4acc_fp4prod_prodtable_qcase:
  created 256 $dff cells and 0 static cells of width 10.
  read interface: 0 $dff and 255 $mux cells.
  write interface: 0 write mux blocks.

2.21. Executing OPT pass (performing simple optimizations).

2.21.1. Executing OPT_EXPR pass (perform const folding).
Optimizing module ex254_semantic_e4acc_fp4prod_prodtable_qcase.

2.21.2. Executing OPT_MERGE pass (detect identical cells).
Finding identical cells in module `\ex254_semantic_e4acc_fp4prod_prodtable_qcase'.
Computing hashes of 3036 cells of `\ex254_semantic_e4acc_fp4prod_prodtable_qcase'.
Finding duplicate cells in `\ex254_semantic_e4acc_fp4prod_prodtable_qcase'.
Removed a total of 0 cells.

2.21.3. Executing OPT_MUXTREE pass (detect dead branches in mux trees).
Running muxtree optimizer on module \ex254_semantic_e4acc_fp4prod_prodtable_qcase..
  Creating internal representation of mux trees.
  Evaluating internal representation of mux trees.
  Analyzing evaluation results.
Removed 0 multiplexer ports.

2.21.4. Executing OPT_REDUCE pass (consolidate $*mux and $reduce_* inputs).
  Optimizing cells in module \ex254_semantic_e4acc_fp4prod_prodtable_qcase.
    Consolidated identical input bits for $mux cell $memory$auto$proc_rom.cc:155:do_switch$57$rdmux[0][7][96]$4162:
      Old ports: A=10'0000000000, B=10'1111111100, Y=$memory$auto$proc_rom.cc:155:do_switch$57$rdmux[0][6][48]$a$3827
      New ports: A=1'0, B=1'1, Y=$memory$auto$proc_rom.cc:155:do_switch$57$rdmux[0][6][48]$a$3827 [2]
      New connections: { $memory$auto$proc_rom.cc:155:do_switch$57$rdmux[0][6][48]$a$3827 [9:3] $memory$auto$proc_rom.cc:155:do_switch$57$rdmux[0][6][48]$a$3827 [1:0] } = { $memory$auto$proc_rom.cc:155:do_switch$57$rdmux[0][6][48]$a$3827 [2] $memory$auto$proc_rom.cc:155:do_switch$57$rdmux[0][6][48]$a$3827 [2] $memory$auto$proc_rom.cc:155:do_switch$57$rdmux[0][6][48]$a$3827 [2] $memory$auto$proc_rom.cc:155:do_switch$57$rdmux[0][6][48]$a$3827 [2] $memory$auto$proc_rom.cc:155:do_switch$57$rdmux[0][6][48]$a$3827 [2] $memory$auto$proc_rom.cc:155:do_switch$57$rdmux[0][6][48]$a$3827 [2] $memory$auto$proc_rom.cc:155:do_switch$57$rdmux[0][6][48]$a$3827 [2] 2'00 }
    Consolidated identical input bits for $mux cell $memory$auto$proc_rom.cc:155:do_switch$57$rdmux[0][7][95]$4159:
      Old ports: A=10'0000011000, B=10'0000100100, Y=$memory$auto$proc_rom.cc:155:do_switch$57$rdmux[0][6][47]$b$3825
      New ports: A=2'10, B=2'01, Y=$memory$auto$proc_rom.cc:155:do_switch$57$rdmux[0][6][47]$b$3825 [3:2]
      New connections: { $memory$auto$proc_rom.cc:155:do_switch$57$rdmux[0][6][47]$b$3825 [9:4] $memory$auto$proc_rom.cc:155:do_switch$57$rdmux[0][6][47]$b$3825 [1:0] } = { 4'0000 $memory$auto$proc_rom.cc:155:do_switch$57$rdmux[0][6][47]$b$3825 [2] $memory$auto$proc_rom.cc:155:do_switch$57$rdmux[0][6][47]$b$3825 [3] 2'00 }
    Consolidated identical input bits for $mux cell $memory$auto$proc_rom.cc:155:do_switch$57$rdmux[0][7][94]$4156:
      Old ports: A=10'0000001100, B=10'0000010010, Y=$memory$auto$proc_rom.cc:155:do_switch$57$rdmux[0][6][47]$a$3824
      New ports: A=2'10, B=2'01, Y=$memory$auto$proc_rom.cc:155:do_switch$57$rdmux[0][6][47]$a$3824 [2:1]
      New connections: { $memory$auto$proc_rom.cc:155:do_switch$57$rdmux[0][6][47]$a$3824 [9:3] $memory$auto$proc_rom.cc:155:do_switch$57$rdmux[0][6][47]$a$3824 [0] } = { 5'00000 $memory$auto$proc_rom.cc:155:do_switch$57$rdmux[0][6][47]$a$3824 [1] $memory$auto$proc_rom.cc:155:do_switch$57$rdmux[0][6][47]$a$3824 [2] 1'0 }
    Consolidated identical input bits for $mux cell $memory$auto$proc_rom.cc:155:do_switch$57$rdmux[0][7][93]$4153:
      Old ports: A=10'0000000110, B=10'0000001001, Y=$memory$auto$proc_rom.cc:155:do_switch$57$rdmux[0][6][46]$b$3822
      New ports: A=2'10, B=2'01, Y=$memory$auto$proc_rom.cc:155:do_switch$57$rdmux[0][6][46]$b$3822 [1:0]
      New connections: $memory$auto$proc_rom.cc:155:do_switch$57$rdmux[0][6][46]$b$3822 [9:2] = { 6'000000 $memory$auto$proc_rom.cc:155:do_switch$57$rdmux[0][6][46]$b$3822 [0] $memory$auto$proc_rom.cc:155:do_switch$57$rdmux[0][6][46]$b$3822 [1] }
    Consolidated identical input bits for $mux cell $memory$auto$proc_rom.cc:155:do_switch$57$rdmux[0][7][92]$4150:
      Old ports: A=10'0000000000, B=10'0000000011, Y=$memory$auto$proc_rom.cc:155:do_switch$57$rdmux[0][6][46]$a$3821
      New ports: A=1'0, B=1'1, Y=$memory$auto$proc_rom.cc:155:do_switch$57$rdmux[0][6][46]$a$3821 [0]
      New connections: $memory$auto$proc_rom.cc:155:do_switch$57$rdmux[0][6][46]$a$3821 [9:1] = { 8'00000000 $memory$auto$proc_rom.cc:155:do_switch$57$rdmux[0][6][46]$a$3821 [0] }
    Consolidated identical input bits for $mux cell $memory$auto$proc_rom.cc:155:do_switch$57$rdmux[0][7][91]$4147:
      Old ports: A=10'1111101000, B=10'1111011100, Y=$memory$auto$proc_rom.cc:155:do_switch$57$rdmux[0][6][45]$b$3819
      New ports: A=2'10, B=2'01, Y={ $memory$auto$proc_rom.cc:155:do_switch$57$rdmux[0][6][45]$b$3819 [5] $memory$auto$proc_rom.cc:155:do_switch$57$rdmux[0][6][45]$b$3819 [2] }
      New connections: { $memory$auto$proc_rom.cc:155:do_switch$57$rdmux[0][6][45]$b$3819 [9:6] $memory$auto$proc_rom.cc:155:do_switch$57$rdmux[0][6][45]$b$3819 [4:3] $memory$auto$proc_rom.cc:155:do_switch$57$rdmux[0][6][45]$b$3819 [1:0] } = { 4'1111 $memory$auto$proc_rom.cc:155:do_switch$57$rdmux[0][6][45]$b$3819 [2] 3'100 }
    Consolidated identical input bits for $mux cell $memory$auto$proc_rom.cc:155:do_switch$57$rdmux[0][7][90]$4144:
      Old ports: A=10'1111110100, B=10'1111101110, Y=$memory$auto$proc_rom.cc:155:do_switch$57$rdmux[0][6][45]$a$3818
      New ports: A=2'10, B=2'01, Y={ $memory$auto$proc_rom.cc:155:do_switch$57$rdmux[0][6][45]$a$3818 [4] $memory$auto$proc_rom.cc:155:do_switch$57$rdmux[0][6][45]$a$3818 [1] }
      New connections: { $memory$auto$proc_rom.cc:155:do_switch$57$rdmux[0][6][45]$a$3818 [9:5] $memory$auto$proc_rom.cc:155:do_switch$57$rdmux[0][6][45]$a$3818 [3:2] $memory$auto$proc_rom.cc:155:do_switch$57$rdmux[0][6][45]$a$3818 [0] } = { 5'11111 $memory$auto$proc_rom.cc:155:do_switch$57$rdmux[0][6][45]$a$3818 [1] 2'10 }
    Consolidated identical input bits for $mux cell $memory$auto$proc_rom.cc:155:do_switch$57$rdmux[0][7][89]$4141:
      Old ports: A=10'1111111010, B=10'1111110111, Y=$memory$auto$proc_rom.cc:155:do_switch$57$rdmux[0][6][44]$b$3816
      New ports: A=2'10, B=2'01, Y={ $memory$auto$proc_rom.cc:155:do_switch$57$rdmux[0][6][44]$b$3816 [3] $memory$auto$proc_rom.cc:155:do_switch$57$rdmux[0][6][44]$b$3816 [0] }
      New connections: { $memory$auto$proc_rom.cc:155:do_switch$57$rdmux[0][6][44]$b$3816 [9:4] $memory$auto$proc_rom.cc:155:do_switch$57$rdmux[0][6][44]$b$3816 [2:1] } = { 6'111111 $memory$auto$proc_rom.cc:155:do_switch$57$rdmux[0][6][44]$b$3816 [0] 1'1 }
    Consolidated identical input bits for $mux cell $memory$auto$proc_rom.cc:155:do_switch$57$rdmux[0][7][88]$4138:
      Old ports: A=10'0000000000, B=10'1111111101, Y=$memory$auto$proc_rom.cc:155:do_switch$57$rdmux[0][6][44]$a$3815
      New ports: A=1'0, B=1'1, Y=$memory$auto$proc_rom.cc:155:do_switch$57$rdmux[0][6][44]$a$3815 [0]
      New connections: $memory$auto$proc_rom.cc:155:do_switch$57$rdmux[0][6][44]$a$3815 [9:1] = { $memory$auto$proc_rom.cc:155:do_switch$57$rdmux[0][6][44]$a$3815 [0] $memory$auto$proc_rom.cc:155:do_switch$57$rdmux[0][6][44]$a$3815 [0] $memory$auto$proc_rom.cc:155:do_switch$57$rdmux[0][6][44]$a$3815 [0] $memory$auto$proc_rom.cc:155:do_switch$57$rdmux[0][6][44]$a$3815 [0] $memory$auto$proc_rom.cc:155:do_switch$57$rdmux[0][6][44]$a$3815 [0] $memory$auto$proc_rom.cc:155:do_switch$57$rdmux[0][6][44]$a$3815 [0] $memory$auto$proc_rom.cc:155:do_switch$57$rdmux[0][6][44]$a$3815 [0] $memory$auto$proc_rom.cc:155:do_switch$57$rdmux[0][6][44]$a$3815 [0] 1'0 }
    Consolidated identical input bits for $mux cell $memory$auto$proc_rom.cc:155:do_switch$57$rdmux[0][7][87]$4135:
      Old ports: A=10'0000010000, B=10'0000011000, Y=$memory$auto$proc_rom.cc:155:do_switch$57$rdmux[0][6][43]$b$3813
      New ports: A=1'0, B=1'1, Y=$memory$auto$proc_rom.cc:155:do_switch$57$rdmux[0][6][43]$b$3813 [3]
      New connections: { $memory$auto$proc_rom.cc:155:do_switch$57$rdmux[0][6][43]$b$3813 [9:4] $memory$auto$proc_rom.cc:155:do_switch$57$rdmux[0][6][43]$b$3813 [2:0] } = 9'000001000
    Consolidated identical input bits for $mux cell $memory$auto$proc_rom.cc:155:do_switch$57$rdmux[0][7][86]$4132:
      Old ports: A=10'0000001000, B=10'0000001100, Y=$memory$auto$proc_rom.cc:155:do_switch$57$rdmux[0][6][43]$a$3812
      New ports: A=1'0, B=1'1, Y=$memory$auto$proc_rom.cc:155:do_switch$57$rdmux[0][6][43]$a$3812 [2]
      New connections: { $memory$auto$proc_rom.cc:155:do_switch$57$rdmux[0][6][43]$a$3812 [9:3] $memory$auto$proc_rom.cc:155:do_switch$57$rdmux[0][6][43]$a$3812 [1:0] } = 9'000000100
    Consolidated identical input bits for $mux cell $memory$auto$proc_rom.cc:155:do_switch$57$rdmux[0][7][85]$4129:
      Old ports: A=10'0000000100, B=10'0000000110, Y=$memory$auto$proc_rom.cc:155:do_switch$57$rdmux[0][6][42]$b$3810
      New ports: A=1'0, B=1'1, Y=$memory$auto$proc_rom.cc:155:do_switch$57$rdmux[0][6][42]$b$3810 [1]
      New connections: { $memory$auto$proc_rom.cc:155:do_switch$57$rdmux[0][6][42]$b$3810 [9:2] $memory$auto$proc_rom.cc:155:do_switch$57$rdmux[0][6][42]$b$3810 [0] } = 9'000000010
    Consolidated identical input bits for $mux cell $memory$auto$proc_rom.cc:155:do_switch$57$rdmux[0][7][84]$4126:
      Old ports: A=10'0000000000, B=10'0000000010, Y=$memory$auto$proc_rom.cc:155:do_switch$57$rdmux[0][6][42]$a$3809
      New ports: A=1'0, B=1'1, Y=$memory$auto$proc_rom.cc:155:do_switch$57$rdmux[0][6][42]$a$3809 [1]
      New connections: { $memory$auto$proc_rom.cc:155:do_switch$57$rdmux[0][6][42]$a$3809 [9:2] $memory$auto$proc_rom.cc:155:do_switch$57$rdmux[0][6][42]$a$3809 [0] } = 9'000000000
    Consolidated identical input bits for $mux cell $memory$auto$proc_rom.cc:155:do_switch$57$rdmux[0][7][83]$4123:
      Old ports: A=10'1111110000, B=10'1111101000, Y=$memory$auto$proc_rom.cc:155:do_switch$57$rdmux[0][6][41]$b$3807
      New ports: A=2'10, B=2'01, Y=$memory$auto$proc_rom.cc:155:do_switch$57$rdmux[0][6][41]$b$3807 [4:3]
      New connections: { $memory$auto$proc_rom.cc:155:do_switch$57$rdmux[0][6][41]$b$3807 [9:5] $memory$auto$proc_rom.cc:155:do_switch$57$rdmux[0][6][41]$b$3807 [2:0] } = 8'11111000
    Consolidated identical input bits for $mux cell $memory$auto$proc_rom.cc:155:do_switch$57$rdmux[0][7][82]$4120:
      Old ports: A=10'1111111000, B=10'1111110100, Y=$memory$auto$proc_rom.cc:155:do_switch$57$rdmux[0][6][41]$a$3806
      New ports: A=2'10, B=2'01, Y=$memory$auto$proc_rom.cc:155:do_switch$57$rdmux[0][6][41]$a$3806 [3:2]
      New connections: { $memory$auto$proc_rom.cc:155:do_switch$57$rdmux[0][6][41]$a$3806 [9:4] $memory$auto$proc_rom.cc:155:do_switch$57$rdmux[0][6][41]$a$3806 [1:0] } = 8'11111100
    Consolidated identical input bits for $mux cell $memory$auto$proc_rom.cc:155:do_switch$57$rdmux[0][7][81]$4117:
      Old ports: A=10'1111111100, B=10'1111111010, Y=$memory$auto$proc_rom.cc:155:do_switch$57$rdmux[0][6][40]$b$3804
      New ports: A=2'10, B=2'01, Y=$memory$auto$proc_rom.cc:155:do_switch$57$rdmux[0][6][40]$b$3804 [2:1]
      New connections: { $memory$auto$proc_rom.cc:155:do_switch$57$rdmux[0][6][40]$b$3804 [9:3] $memory$auto$proc_rom.cc:155:do_switch$57$rdmux[0][6][40]$b$3804 [0] } = 8'11111110
    Consolidated identical input bits for $mux cell $memory$auto$proc_rom.cc:155:do_switch$57$rdmux[0][7][80]$4114:
      Old ports: A=10'0000000000, B=10'1111111110, Y=$memory$auto$proc_rom.cc:155:do_switch$57$rdmux[0][6][40]$a$3803
      New ports: A=1'0, B=1'1, Y=$memory$auto$proc_rom.cc:155:do_switch$57$rdmux[0][6][40]$a$3803 [1]
      New connections: { $memory$auto$proc_rom.cc:155:do_switch$57$rdmux[0][6][40]$a$3803 [9:2] $memory$auto$proc_rom.cc:155:do_switch$57$rdmux[0][6][40]$a$3803 [0] } = { $memory$auto$proc_rom.cc:155:do_switch$57$rdmux[0][6][40]$a$3803 [1] $memory$auto$proc_rom.cc:155:do_switch$57$rdmux[0][6][40]$a$3803 [1] $memory$auto$proc_rom.cc:155:do_switch$57$rdmux[0][6][40]$a$3803 [1] $memory$auto$proc_rom.cc:155:do_switch$57$rdmux[0][6][40]$a$3803 [1] $memory$auto$proc_rom.cc:155:do_switch$57$rdmux[0][6][40]$a$3803 [1] $memory$auto$proc_rom.cc:155:do_switch$57$rdmux[0][6][40]$a$3803 [1] $memory$auto$proc_rom.cc:155:do_switch$57$rdmux[0][6][40]$a$3803 [1] $memory$auto$proc_rom.cc:155:do_switch$57$rdmux[0][6][40]$a$3803 [1] 1'0 }
    Consolidated identical input bits for $mux cell $memory$auto$proc_rom.cc:155:do_switch$57$rdmux[0][7][79]$4111:
      Old ports: A=10'0000001000, B=10'0000001100, Y=$memory$auto$proc_rom.cc:155:do_switch$57$rdmux[0][6][39]$b$3801
      New ports: A=1'0, B=1'1, Y=$memory$auto$proc_rom.cc:155:do_switch$57$rdmux[0][6][39]$b$3801 [2]
      New connections: { $memory$auto$proc_rom.cc:155:do_switch$57$rdmux[0][6][39]$b$3801 [9:3] $memory$auto$proc_rom.cc:155:do_switch$57$rdmux[0][6][39]$b$3801 [1:0] } = 9'000000100
    Consolidated identical input bits for $mux cell $memory$auto$proc_rom.cc:155:do_switch$57$rdmux[0][7][78]$4108:
      Old ports: A=10'0000000100, B=10'0000000110, Y=$memory$auto$proc_rom.cc:155:do_switch$57$rdmux[0][6][39]$a$3800
      New ports: A=1'0, B=1'1, Y=$memory$auto$proc_rom.cc:155:do_switch$57$rdmux[0][6][39]$a$3800 [1]
      New connections: { $memory$auto$proc_rom.cc:155:do_switch$57$rdmux[0][6][39]$a$3800 [9:2] $memory$auto$proc_rom.cc:155:do_switch$57$rdmux[0][6][39]$a$3800 [0] } = 9'000000010
    Consolidated identical input bits for $mux cell $memory$auto$proc_rom.cc:155:do_switch$57$rdmux[0][7][77]$4105:
      Old ports: A=10'0000000010, B=10'0000000011, Y=$memory$auto$proc_rom.cc:155:do_switch$57$rdmux[0][6][38]$b$3798
      New ports: A=1'0, B=1'1, Y=$memory$auto$proc_rom.cc:155:do_switch$57$rdmux[0][6][38]$b$3798 [0]
      New connections: $memory$auto$proc_rom.cc:155:do_switch$57$rdmux[0][6][38]$b$3798 [9:1] = 9'000000001
    Consolidated identical input bits for $mux cell $memory$auto$proc_rom.cc:155:do_switch$57$rdmux[0][7][76]$4102:
      Old ports: A=10'0000000000, B=10'0000000001, Y=$memory$auto$proc_rom.cc:155:do_switch$57$rdmux[0][6][38]$a$3797
      New ports: A=1'0, B=1'1, Y=$memory$auto$proc_rom.cc:155:do_switch$57$rdmux[0][6][38]$a$3797 [0]
      New connections: $memory$auto$proc_rom.cc:155:do_switch$57$rdmux[0][6][38]$a$3797 [9:1] = 9'000000000
    Consolidated identical input bits for $mux cell $memory$auto$proc_rom.cc:155:do_switch$57$rdmux[0][7][75]$4099:
      Old ports: A=10'1111111000, B=10'1111110100, Y=$memory$auto$proc_rom.cc:155:do_switch$57$rdmux[0][6][37]$b$3795
      New ports: A=2'10, B=2'01, Y=$memory$auto$proc_rom.cc:155:do_switch$57$rdmux[0][6][37]$b$3795 [3:2]
      New connections: { $memory$auto$proc_rom.cc:155:do_switch$57$rdmux[0][6][37]$b$3795 [9:4] $memory$auto$proc_rom.cc:155:do_switch$57$rdmux[0][6][37]$b$3795 [1:0] } = 8'11111100
    Consolidated identical input bits for $mux cell $memory$auto$proc_rom.cc:155:do_switch$57$rdmux[0][7][74]$4096:
      Old ports: A=10'1111111100, B=10'1111111010, Y=$memory$auto$proc_rom.cc:155:do_switch$57$rdmux[0][6][37]$a$3794
      New ports: A=2'10, B=2'01, Y=$memory$auto$proc_rom.cc:155:do_switch$57$rdmux[0][6][37]$a$3794 [2:1]
      New connections: { $memory$auto$proc_rom.cc:155:do_switch$57$rdmux[0][6][37]$a$3794 [9:3] $memory$auto$proc_rom.cc:155:do_switch$57$rdmux[0][6][37]$a$3794 [0] } = 8'11111110
    Consolidated identical input bits for $mux cell $memory$auto$proc_rom.cc:155:do_switch$57$rdmux[0][7][73]$4093:
      Old ports: A=10'1111111110, B=10'1111111101, Y=$memory$auto$proc_rom.cc:155:do_switch$57$rdmux[0][6][36]$b$3792
      New ports: A=2'10, B=2'01, Y=$memory$auto$proc_rom.cc:155:do_switch$57$rdmux[0][6][36]$b$3792 [1:0]
      New connections: $memory$auto$proc_rom.cc:155:do_switch$57$rdmux[0][6][36]$b$3792 [9:2] = 8'11111111
    Consolidated identical input bits for $mux cell $memory$auto$proc_rom.cc:155:do_switch$57$rdmux[0][7][72]$4090:
      Old ports: A=10'0000000000, B=10'1111111111, Y=$memory$auto$proc_rom.cc:155:do_switch$57$rdmux[0][6][36]$a$3791
      New ports: A=1'0, B=1'1, Y=$memory$auto$proc_rom.cc:155:do_switch$57$rdmux[0][6][36]$a$3791 [0]
      New connections: $memory$auto$proc_rom.cc:155:do_switch$57$rdmux[0][6][36]$a$3791 [9:1] = { $memory$auto$proc_rom.cc:155:do_switch$57$rdmux[0][6][36]$a$3791 [0] $memory$auto$proc_rom.cc:155:do_switch$57$rdmux[0][6][36]$a$3791 [0] $memory$auto$proc_rom.cc:155:do_switch$57$rdmux[0][6][36]$a$3791 [0] $memory$auto$proc_rom.cc:155:do_switch$57$rdmux[0][6][36]$a$3791 [0] $memory$auto$proc_rom.cc:155:do_switch$57$rdmux[0][6][36]$a$3791 [0] $memory$auto$proc_rom.cc:155:do_switch$57$rdmux[0][6][36]$a$3791 [0] $memory$auto$proc_rom.cc:155:do_switch$57$rdmux[0][6][36]$a$3791 [0] $memory$auto$proc_rom.cc:155:do_switch$57$rdmux[0][6][36]$a$3791 [0] $memory$auto$proc_rom.cc:155:do_switch$57$rdmux[0][6][36]$a$3791 [0] }
    Consolidated identical input bits for $mux cell $memory$auto$proc_rom.cc:155:do_switch$57$rdmux[0][7][100]$4174:
      Old ports: A=10'0000000000, B=10'0000000100, Y=$memory$auto$proc_rom.cc:155:do_switch$57$rdmux[0][6][50]$a$3833
      New ports: A=1'0, B=1'1, Y=$memory$auto$proc_rom.cc:155:do_switch$57$rdmux[0][6][50]$a$3833 [2]
      New connections: { $memory$auto$proc_rom.cc:155:do_switch$57$rdmux[0][6][50]$a$3833 [9:3] $memory$auto$proc_rom.cc:155:do_switch$57$rdmux[0][6][50]$a$3833 [1:0] } = 9'000000000
    Consolidated identical input bits for $mux cell $memory$auto$proc_rom.cc:155:do_switch$57$rdmux[0][7][101]$4177:
      Old ports: A=10'0000001000, B=10'0000001100, Y=$memory$auto$proc_rom.cc:155:do_switch$57$rdmux[0][6][50]$b$3834
      New ports: A=1'0, B=1'1, Y=$memory$auto$proc_rom.cc:155:do_switch$57$rdmux[0][6][50]$b$3834 [2]
      New connections: { $memory$auto$proc_rom.cc:155:do_switch$57$rdmux[0][6][50]$b$3834 [9:3] $memory$auto$proc_rom.cc:155:do_switch$57$rdmux[0][6][50]$b$3834 [1:0] } = 9'000000100
    Consolidated identical input bits for $mux cell $memory$auto$proc_rom.cc:155:do_switch$57$rdmux[0][7][103]$4183:
      Old ports: A=10'0000100000, B=10'0000110000, Y=$memory$auto$proc_rom.cc:155:do_switch$57$rdmux[0][6][51]$b$3837
      New ports: A=1'0, B=1'1, Y=$memory$auto$proc_rom.cc:155:do_switch$57$rdmux[0][6][51]$b$3837 [4]
      New connections: { $memory$auto$proc_rom.cc:155:do_switch$57$rdmux[0][6][51]$b$3837 [9:5] $memory$auto$proc_rom.cc:155:do_switch$57$rdmux[0][6][51]$b$3837 [3:0] } = 9'000010000
    Consolidated identical input bits for $mux cell $memory$auto$proc_rom.cc:155:do_switch$57$rdmux[0][7][104]$4186:
      Old ports: A=10'0000000000, B=10'1111111010, Y=$memory$auto$proc_rom.cc:155:do_switch$57$rdmux[0][6][52]$a$3839
      New ports: A=1'0, B=1'1, Y=$memory$auto$proc_rom.cc:155:do_switch$57$rdmux[0][6][52]$a$3839 [1]
      New connections: { $memory$auto$proc_rom.cc:155:do_switch$57$rdmux[0][6][52]$a$3839 [9:2] $memory$auto$proc_rom.cc:155:do_switch$57$rdmux[0][6][52]$a$3839 [0] } = { $memory$auto$proc_rom.cc:155:do_switch$57$rdmux[0][6][52]$a$3839 [1] $memory$auto$proc_rom.cc:155:do_switch$57$rdmux[0][6][52]$a$3839 [1] $memory$auto$proc_rom.cc:155:do_switch$57$rdmux[0][6][52]$a$3839 [1] $memory$auto$proc_rom.cc:155:do_switch$57$rdmux[0][6][52]$a$3839 [1] $memory$auto$proc_rom.cc:155:do_switch$57$rdmux[0][6][52]$a$3839 [1] $memory$auto$proc_rom.cc:155:do_switch$57$rdmux[0][6][52]$a$3839 [1] $memory$auto$proc_rom.cc:155:do_switch$57$rdmux[0][6][52]$a$3839 [1] 2'00 }
    Consolidated identical input bits for $mux cell $memory$auto$proc_rom.cc:155:do_switch$57$rdmux[0][7][107]$4195:
      Old ports: A=10'1111010000, B=10'1110111000, Y=$memory$auto$proc_rom.cc:155:do_switch$57$rdmux[0][6][53]$b$3843
      New ports: A=2'10, B=2'01, Y={ $memory$auto$proc_rom.cc:155:do_switch$57$rdmux[0][6][53]$b$3843 [6] $memory$auto$proc_rom.cc:155:do_switch$57$rdmux[0][6][53]$b$3843 [3] }
      New connections: { $memory$auto$proc_rom.cc:155:do_switch$57$rdmux[0][6][53]$b$3843 [9:7] $memory$auto$proc_rom.cc:155:do_switch$57$rdmux[0][6][53]$b$3843 [5:4] $memory$auto$proc_rom.cc:155:do_switch$57$rdmux[0][6][53]$b$3843 [2:0] } = { 3'111 $memory$auto$proc_rom.cc:155:do_switch$57$rdmux[0][6][53]$b$3843 [3] 4'1000 }
    Consolidated identical input bits for $mux cell $memory$auto$proc_rom.cc:155:do_switch$57$rdmux[0][7][108]$4198:
      Old ports: A=10'0000000000, B=10'0000000110, Y=$memory$auto$proc_rom.cc:155:do_switch$57$rdmux[0][6][54]$a$3845
      New ports: A=1'0, B=1'1, Y=$memory$auto$proc_rom.cc:155:do_switch$57$rdmux[0][6][54]$a$3845 [1]
      New connections: { $memory$auto$proc_rom.cc:155:do_switch$57$rdmux[0][6][54]$a$3845 [9:2] $memory$auto$proc_rom.cc:155:do_switch$57$rdmux[0][6][54]$a$3845 [0] } = { 7'0000000 $memory$auto$proc_rom.cc:155:do_switch$57$rdmux[0][6][54]$a$3845 [1] 1'0 }
    Consolidated identical input bits for $mux cell $memory$auto$proc_rom.cc:155:do_switch$57$rdmux[0][7][110]$4204:
      Old ports: A=10'0000011000, B=10'0000100100, Y=$memory$auto$proc_rom.cc:155:do_switch$57$rdmux[0][6][55]$a$3848
      New ports: A=2'10, B=2'01, Y=$memory$auto$proc_rom.cc:155:do_switch$57$rdmux[0][6][55]$a$3848 [3:2]
      New connections: { $memory$auto$proc_rom.cc:155:do_switch$57$rdmux[0][6][55]$a$3848 [9:4] $memory$auto$proc_rom.cc:155:do_switch$57$rdmux[0][6][55]$a$3848 [1:0] } = { 4'0000 $memory$auto$proc_rom.cc:155:do_switch$57$rdmux[0][6][55]$a$3848 [2] $memory$auto$proc_rom.cc:155:do_switch$57$rdmux[0][6][55]$a$3848 [3] 2'00 }
    Consolidated identical input bits for $mux cell $memory$auto$proc_rom.cc:155:do_switch$57$rdmux[0][7][111]$4207:
      Old ports: A=10'0000110000, B=10'0001001000, Y=$memory$auto$proc_rom.cc:155:do_switch$57$rdmux[0][6][55]$b$3849
      New ports: A=2'10, B=2'01, Y=$memory$auto$proc_rom.cc:155:do_switch$57$rdmux[0][6][55]$b$3849 [4:3]
      New connections: { $memory$auto$proc_rom.cc:155:do_switch$57$rdmux[0][6][55]$b$3849 [9:5] $memory$auto$proc_rom.cc:155:do_switch$57$rdmux[0][6][55]$b$3849 [2:0] } = { 3'000 $memory$auto$proc_rom.cc:155:do_switch$57$rdmux[0][6][55]$b$3849 [3] $memory$auto$proc_rom.cc:155:do_switch$57$rdmux[0][6][55]$b$3849 [4] 3'000 }
    Consolidated identical input bits for $mux cell $memory$auto$proc_rom.cc:155:do_switch$57$rdmux[0][7][63]$4063:
      Old ports: A=10'1110100000, B=10'1101110000, Y=$memory$auto$proc_rom.cc:155:do_switch$57$rdmux[0][6][31]$b$3777
      New ports: A=2'10, B=2'01, Y={ $memory$auto$proc_rom.cc:155:do_switch$57$rdmux[0][6][31]$b$3777 [7] $memory$auto$proc_rom.cc:155:do_switch$57$rdmux[0][6][31]$b$3777 [4] }
      New connections: { $memory$auto$proc_rom.cc:155:do_switch$57$rdmux[0][6][31]$b$3777 [9:8] $memory$auto$proc_rom.cc:155:do_switch$57$rdmux[0][6][31]$b$3777 [6:5] $memory$auto$proc_rom.cc:155:do_switch$57$rdmux[0][6][31]$b$3777 [3:0] } = { 2'11 $memory$auto$proc_rom.cc:155:do_switch$57$rdmux[0][6][31]$b$3777 [4] 5'10000 }
    Consolidated identical input bits for $mux cell $memory$auto$proc_rom.cc:155:do_switch$57$rdmux[0][7][62]$4060:
      Old ports: A=10'1111010000, B=10'1110111000, Y=$memory$auto$proc_rom.cc:155:do_switch$57$rdmux[0][6][31]$a$3776
      New ports: A=2'10, B=2'01, Y={ $memory$auto$proc_rom.cc:155:do_switch$57$rdmux[0][6][31]$a$3776 [6] $memory$auto$proc_rom.cc:155:do_switch$57$rdmux[0][6][31]$a$3776 [3] }
      New connections: { $memory$auto$proc_rom.cc:155:do_switch$57$rdmux[0][6][31]$a$3776 [9:7] $memory$auto$proc_rom.cc:155:do_switch$57$rdmux[0][6][31]$a$3776 [5:4] $memory$auto$proc_rom.cc:155:do_switch$57$rdmux[0][6][31]$a$3776 [2:0] } = { 3'111 $memory$auto$proc_rom.cc:155:do_switch$57$rdmux[0][6][31]$a$3776 [3] 4'1000 }
    Consolidated identical input bits for $mux cell $memory$auto$proc_rom.cc:155:do_switch$57$rdmux[0][7][61]$4057:
      Old ports: A=10'1111101000, B=10'1111011100, Y=$memory$auto$proc_rom.cc:155:do_switch$57$rdmux[0][6][30]$b$3774
      New ports: A=2'10, B=2'01, Y={ $memory$auto$proc_rom.cc:155:do_switch$57$rdmux[0][6][30]$b$3774 [5] $memory$auto$proc_rom.cc:155:do_switch$57$rdmux[0][6][30]$b$3774 [2] }
      New connections: { $memory$auto$proc_rom.cc:155:do_switch$57$rdmux[0][6][30]$b$3774 [9:6] $memory$auto$proc_rom.cc:155:do_switch$57$rdmux[0][6][30]$b$3774 [4:3] $memory$auto$proc_rom.cc:155:do_switch$57$rdmux[0][6][30]$b$3774 [1:0] } = { 4'1111 $memory$auto$proc_rom.cc:155:do_switch$57$rdmux[0][6][30]$b$3774 [2] 3'100 }
    Consolidated identical input bits for $mux cell $memory$auto$proc_rom.cc:155:do_switch$57$rdmux[0][7][60]$4054:
      Old ports: A=10'0000000000, B=10'1111110100, Y=$memory$auto$proc_rom.cc:155:do_switch$57$rdmux[0][6][30]$a$3773
      New ports: A=1'0, B=1'1, Y=$memory$auto$proc_rom.cc:155:do_switch$57$rdmux[0][6][30]$a$3773 [2]
      New connections: { $memory$auto$proc_rom.cc:155:do_switch$57$rdmux[0][6][30]$a$3773 [9:3] $memory$auto$proc_rom.cc:155:do_switch$57$rdmux[0][6][30]$a$3773 [1:0] } = { $memory$auto$proc_rom.cc:155:do_switch$57$rdmux[0][6][30]$a$3773 [2] $memory$auto$proc_rom.cc:155:do_switch$57$rdmux[0][6][30]$a$3773 [2] $memory$auto$proc_rom.cc:155:do_switch$57$rdmux[0][6][30]$a$3773 [2] $memory$auto$proc_rom.cc:155:do_switch$57$rdmux[0][6][30]$a$3773 [2] $memory$auto$proc_rom.cc:155:do_switch$57$rdmux[0][6][30]$a$3773 [2] $memory$auto$proc_rom.cc:155:do_switch$57$rdmux[0][6][30]$a$3773 [2] 3'000 }
    Consolidated identical input bits for $mux cell $memory$auto$proc_rom.cc:155:do_switch$57$rdmux[0][7][59]$4051:
      Old ports: A=10'0001100000, B=10'0010010000, Y=$memory$auto$proc_rom.cc:155:do_switch$57$rdmux[0][6][29]$b$3771
      New ports: A=2'10, B=2'01, Y=$memory$auto$proc_rom.cc:155:do_switch$57$rdmux[0][6][29]$b$3771 [5:4]
      New connections: { $memory$auto$proc_rom.cc:155:do_switch$57$rdmux[0][6][29]$b$3771 [9:6] $memory$auto$proc_rom.cc:155:do_switch$57$rdmux[0][6][29]$b$3771 [3:0] } = { 2'00 $memory$auto$proc_rom.cc:155:do_switch$57$rdmux[0][6][29]$b$3771 [4] $memory$auto$proc_rom.cc:155:do_switch$57$rdmux[0][6][29]$b$3771 [5] 4'0000 }
    Consolidated identical input bits for $mux cell $memory$auto$proc_rom.cc:155:do_switch$57$rdmux[0][7][58]$4048:
      Old ports: A=10'0000110000, B=10'0001001000, Y=$memory$auto$proc_rom.cc:155:do_switch$57$rdmux[0][6][29]$a$3770
      New ports: A=2'10, B=2'01, Y=$memory$auto$proc_rom.cc:155:do_switch$57$rdmux[0][6][29]$a$3770 [4:3]
      New connections: { $memory$auto$proc_rom.cc:155:do_switch$57$rdmux[0][6][29]$a$3770 [9:5] $memory$auto$proc_rom.cc:155:do_switch$57$rdmux[0][6][29]$a$3770 [2:0] } = { 3'000 $memory$auto$proc_rom.cc:155:do_switch$57$rdmux[0][6][29]$a$3770 [3] $memory$auto$proc_rom.cc:155:do_switch$57$rdmux[0][6][29]$a$3770 [4] 3'000 }
    Consolidated identical input bits for $mux cell $memory$auto$proc_rom.cc:155:do_switch$57$rdmux[0][7][57]$4045:
      Old ports: A=10'0000011000, B=10'0000100100, Y=$memory$auto$proc_rom.cc:155:do_switch$57$rdmux[0][6][28]$b$3768
      New ports: A=2'10, B=2'01, Y=$memory$auto$proc_rom.cc:155:do_switch$57$rdmux[0][6][28]$b$3768 [3:2]
      New connections: { $memory$auto$proc_rom.cc:155:do_switch$57$rdmux[0][6][28]$b$3768 [9:4] $memory$auto$proc_rom.cc:155:do_switch$57$rdmux[0][6][28]$b$3768 [1:0] } = { 4'0000 $memory$auto$proc_rom.cc:155:do_switch$57$rdmux[0][6][28]$b$3768 [2] $memory$auto$proc_rom.cc:155:do_switch$57$rdmux[0][6][28]$b$3768 [3] 2'00 }
    Consolidated identical input bits for $mux cell $memory$auto$proc_rom.cc:155:do_switch$57$rdmux[0][7][56]$4042:
      Old ports: A=10'0000000000, B=10'0000001100, Y=$memory$auto$proc_rom.cc:155:do_switch$57$rdmux[0][6][28]$a$3767
      New ports: A=1'0, B=1'1, Y=$memory$auto$proc_rom.cc:155:do_switch$57$rdmux[0][6][28]$a$3767 [2]
      New connections: { $memory$auto$proc_rom.cc:155:do_switch$57$rdmux[0][6][28]$a$3767 [9:3] $memory$auto$proc_rom.cc:155:do_switch$57$rdmux[0][6][28]$a$3767 [1:0] } = { 6'000000 $memory$auto$proc_rom.cc:155:do_switch$57$rdmux[0][6][28]$a$3767 [2] 2'00 }
    Consolidated identical input bits for $mux cell $memory$auto$proc_rom.cc:155:do_switch$57$rdmux[0][7][55]$4039:
      Old ports: A=10'1111000000, B=10'1110100000, Y=$memory$auto$proc_rom.cc:155:do_switch$57$rdmux[0][6][27]$b$3765
      New ports: A=2'10, B=2'01, Y=$memory$auto$proc_rom.cc:155:do_switch$57$rdmux[0][6][27]$b$3765 [6:5]
      New connections: { $memory$auto$proc_rom.cc:155:do_switch$57$rdmux[0][6][27]$b$3765 [9:7] $memory$auto$proc_rom.cc:155:do_switch$57$rdmux[0][6][27]$b$3765 [4:0] } = 8'11100000
    Consolidated identical input bits for $mux cell $memory$auto$proc_rom.cc:155:do_switch$57$rdmux[0][7][54]$4036:
      Old ports: A=10'1111100000, B=10'1111010000, Y=$memory$auto$proc_rom.cc:155:do_switch$57$rdmux[0][6][27]$a$3764
      New ports: A=2'10, B=2'01, Y=$memory$auto$proc_rom.cc:155:do_switch$57$rdmux[0][6][27]$a$3764 [5:4]
      New connections: { $memory$auto$proc_rom.cc:155:do_switch$57$rdmux[0][6][27]$a$3764 [9:6] $memory$auto$proc_rom.cc:155:do_switch$57$rdmux[0][6][27]$a$3764 [3:0] } = 8'11110000
    Consolidated identical input bits for $mux cell $memory$auto$proc_rom.cc:155:do_switch$57$rdmux[0][7][53]$4033:
      Old ports: A=10'1111110000, B=10'1111101000, Y=$memory$auto$proc_rom.cc:155:do_switch$57$rdmux[0][6][26]$b$3762
      New ports: A=2'10, B=2'01, Y=$memory$auto$proc_rom.cc:155:do_switch$57$rdmux[0][6][26]$b$3762 [4:3]
      New connections: { $memory$auto$proc_rom.cc:155:do_switch$57$rdmux[0][6][26]$b$3762 [9:5] $memory$auto$proc_rom.cc:155:do_switch$57$rdmux[0][6][26]$b$3762 [2:0] } = 8'11111000
    Consolidated identical input bits for $mux cell $memory$auto$proc_rom.cc:155:do_switch$57$rdmux[0][7][52]$4030:
      Old ports: A=10'0000000000, B=10'1111111000, Y=$memory$auto$proc_rom.cc:155:do_switch$57$rdmux[0][6][26]$a$3761
      New ports: A=1'0, B=1'1, Y=$memory$auto$proc_rom.cc:155:do_switch$57$rdmux[0][6][26]$a$3761 [3]
      New connections: { $memory$auto$proc_rom.cc:155:do_switch$57$rdmux[0][6][26]$a$3761 [9:4] $memory$auto$proc_rom.cc:155:do_switch$57$rdmux[0][6][26]$a$3761 [2:0] } = { $memory$auto$proc_rom.cc:155:do_switch$57$rdmux[0][6][26]$a$3761 [3] $memory$auto$proc_rom.cc:155:do_switch$57$rdmux[0][6][26]$a$3761 [3] $memory$auto$proc_rom.cc:155:do_switch$57$rdmux[0][6][26]$a$3761 [3] $memory$auto$proc_rom.cc:155:do_switch$57$rdmux[0][6][26]$a$3761 [3] $memory$auto$proc_rom.cc:155:do_switch$57$rdmux[0][6][26]$a$3761 [3] $memory$auto$proc_rom.cc:155:do_switch$57$rdmux[0][6][26]$a$3761 [3] 3'000 }
    Consolidated identical input bits for $mux cell $memory$auto$proc_rom.cc:155:do_switch$57$rdmux[0][7][51]$4027:
      Old ports: A=10'0001000000, B=10'0001100000, Y=$memory$auto$proc_rom.cc:155:do_switch$57$rdmux[0][6][25]$b$3759
      New ports: A=1'0, B=1'1, Y=$memory$auto$proc_rom.cc:155:do_switch$57$rdmux[0][6][25]$b$3759 [5]
      New connections: { $memory$auto$proc_rom.cc:155:do_switch$57$rdmux[0][6][25]$b$3759 [9:6] $memory$auto$proc_rom.cc:155:do_switch$57$rdmux[0][6][25]$b$3759 [4:0] } = 9'000100000
    Consolidated identical input bits for $mux cell $memory$auto$proc_rom.cc:155:do_switch$57$rdmux[0][7][50]$4024:
      Old ports: A=10'0000100000, B=10'0000110000, Y=$memory$auto$proc_rom.cc:155:do_switch$57$rdmux[0][6][25]$a$3758
      New ports: A=1'0, B=1'1, Y=$memory$auto$proc_rom.cc:155:do_switch$57$rdmux[0][6][25]$a$3758 [4]
      New connections: { $memory$auto$proc_rom.cc:155:do_switch$57$rdmux[0][6][25]$a$3758 [9:5] $memory$auto$proc_rom.cc:155:do_switch$57$rdmux[0][6][25]$a$3758 [3:0] } = 9'000010000
    Consolidated identical input bits for $mux cell $memory$auto$proc_rom.cc:155:do_switch$57$rdmux[0][7][49]$4021:
      Old ports: A=10'0000010000, B=10'0000011000, Y=$memory$auto$proc_rom.cc:155:do_switch$57$rdmux[0][6][24]$b$3756
      New ports: A=1'0, B=1'1, Y=$memory$auto$proc_rom.cc:155:do_switch$57$rdmux[0][6][24]$b$3756 [3]
      New connections: { $memory$auto$proc_rom.cc:155:do_switch$57$rdmux[0][6][24]$b$3756 [9:4] $memory$auto$proc_rom.cc:155:do_switch$57$rdmux[0][6][24]$b$3756 [2:0] } = 9'000001000
    Consolidated identical input bits for $mux cell $memory$auto$proc_rom.cc:155:do_switch$57$rdmux[0][7][48]$4018:
      Old ports: A=10'0000000000, B=10'0000001000, Y=$memory$auto$proc_rom.cc:155:do_switch$57$rdmux[0][6][24]$a$3755
      New ports: A=1'0, B=1'1, Y=$memory$auto$proc_rom.cc:155:do_switch$57$rdmux[0][6][24]$a$3755 [3]
      New connections: { $memory$auto$proc_rom.cc:155:do_switch$57$rdmux[0][6][24]$a$3755 [9:4] $memory$auto$proc_rom.cc:155:do_switch$57$rdmux[0][6][24]$a$3755 [2:0] } = 9'000000000
    Consolidated identical input bits for $mux cell $memory$auto$proc_rom.cc:155:do_switch$57$rdmux[0][7][47]$4015:
      Old ports: A=10'1111010000, B=10'1110111000, Y=$memory$auto$proc_rom.cc:155:do_switch$57$rdmux[0][6][23]$b$3753
      New ports: A=2'10, B=2'01, Y={ $memory$auto$proc_rom.cc:155:do_switch$57$rdmux[0][6][23]$b$3753 [6] $memory$auto$proc_rom.cc:155:do_switch$57$rdmux[0][6][23]$b$3753 [3] }
      New connections: { $memory$auto$proc_rom.cc:155:do_switch$57$rdmux[0][6][23]$b$3753 [9:7] $memory$auto$proc_rom.cc:155:do_switch$57$rdmux[0][6][23]$b$3753 [5:4] $memory$auto$proc_rom.cc:155:do_switch$57$rdmux[0][6][23]$b$3753 [2:0] } = { 3'111 $memory$auto$proc_rom.cc:155:do_switch$57$rdmux[0][6][23]$b$3753 [3] 4'1000 }
    Consolidated identical input bits for $mux cell $memory$auto$proc_rom.cc:155:do_switch$57$rdmux[0][7][46]$4012:
      Old ports: A=10'1111101000, B=10'1111011100, Y=$memory$auto$proc_rom.cc:155:do_switch$57$rdmux[0][6][23]$a$3752
      New ports: A=2'10, B=2'01, Y={ $memory$auto$proc_rom.cc:155:do_switch$57$rdmux[0][6][23]$a$3752 [5] $memory$auto$proc_rom.cc:155:do_switch$57$rdmux[0][6][23]$a$3752 [2] }
      New connections: { $memory$auto$proc_rom.cc:155:do_switch$57$rdmux[0][6][23]$a$3752 [9:6] $memory$auto$proc_rom.cc:155:do_switch$57$rdmux[0][6][23]$a$3752 [4:3] $memory$auto$proc_rom.cc:155:do_switch$57$rdmux[0][6][23]$a$3752 [1:0] } = { 4'1111 $memory$auto$proc_rom.cc:155:do_switch$57$rdmux[0][6][23]$a$3752 [2] 3'100 }
    Consolidated identical input bits for $mux cell $memory$auto$proc_rom.cc:155:do_switch$57$rdmux[0][7][45]$4009:
      Old ports: A=10'1111110100, B=10'1111101110, Y=$memory$auto$proc_rom.cc:155:do_switch$57$rdmux[0][6][22]$b$3750
      New ports: A=2'10, B=2'01, Y={ $memory$auto$proc_rom.cc:155:do_switch$57$rdmux[0][6][22]$b$3750 [4] $memory$auto$proc_rom.cc:155:do_switch$57$rdmux[0][6][22]$b$3750 [1] }
      New connections: { $memory$auto$proc_rom.cc:155:do_switch$57$rdmux[0][6][22]$b$3750 [9:5] $memory$auto$proc_rom.cc:155:do_switch$57$rdmux[0][6][22]$b$3750 [3:2] $memory$auto$proc_rom.cc:155:do_switch$57$rdmux[0][6][22]$b$3750 [0] } = { 5'11111 $memory$auto$proc_rom.cc:155:do_switch$57$rdmux[0][6][22]$b$3750 [1] 2'10 }
    Consolidated identical input bits for $mux cell $memory$auto$proc_rom.cc:155:do_switch$57$rdmux[0][7][44]$4006:
      Old ports: A=10'0000000000, B=10'1111111010, Y=$memory$auto$proc_rom.cc:155:do_switch$57$rdmux[0][6][22]$a$3749
      New ports: A=1'0, B=1'1, Y=$memory$auto$proc_rom.cc:155:do_switch$57$rdmux[0][6][22]$a$3749 [1]
      New connections: { $memory$auto$proc_rom.cc:155:do_switch$57$rdmux[0][6][22]$a$3749 [9:2] $memory$auto$proc_rom.cc:155:do_switch$57$rdmux[0][6][22]$a$3749 [0] } = { $memory$auto$proc_rom.cc:155:do_switch$57$rdmux[0][6][22]$a$3749 [1] $memory$auto$proc_rom.cc:155:do_switch$57$rdmux[0][6][22]$a$3749 [1] $memory$auto$proc_rom.cc:155:do_switch$57$rdmux[0][6][22]$a$3749 [1] $memory$auto$proc_rom.cc:155:do_switch$57$rdmux[0][6][22]$a$3749 [1] $memory$auto$proc_rom.cc:155:do_switch$57$rdmux[0][6][22]$a$3749 [1] $memory$auto$proc_rom.cc:155:do_switch$57$rdmux[0][6][22]$a$3749 [1] $memory$auto$proc_rom.cc:155:do_switch$57$rdmux[0][6][22]$a$3749 [1] 2'00 }
    Consolidated identical input bits for $mux cell $memory$auto$proc_rom.cc:155:do_switch$57$rdmux[0][7][43]$4003:
      Old ports: A=10'0000110000, B=10'0001001000, Y=$memory$auto$proc_rom.cc:155:do_switch$57$rdmux[0][6][21]$b$3747
      New ports: A=2'10, B=2'01, Y=$memory$auto$proc_rom.cc:155:do_switch$57$rdmux[0][6][21]$b$3747 [4:3]
      New connections: { $memory$auto$proc_rom.cc:155:do_switch$57$rdmux[0][6][21]$b$3747 [9:5] $memory$auto$proc_rom.cc:155:do_switch$57$rdmux[0][6][21]$b$3747 [2:0] } = { 3'000 $memory$auto$proc_rom.cc:155:do_switch$57$rdmux[0][6][21]$b$3747 [3] $memory$auto$proc_rom.cc:155:do_switch$57$rdmux[0][6][21]$b$3747 [4] 3'000 }
    Consolidated identical input bits for $mux cell $memory$auto$proc_rom.cc:155:do_switch$57$rdmux[0][7][42]$4000:
      Old ports: A=10'0000011000, B=10'0000100100, Y=$memory$auto$proc_rom.cc:155:do_switch$57$rdmux[0][6][21]$a$3746
      New ports: A=2'10, B=2'01, Y=$memory$auto$proc_rom.cc:155:do_switch$57$rdmux[0][6][21]$a$3746 [3:2]
      New connections: { $memory$auto$proc_rom.cc:155:do_switch$57$rdmux[0][6][21]$a$3746 [9:4] $memory$auto$proc_rom.cc:155:do_switch$57$rdmux[0][6][21]$a$3746 [1:0] } = { 4'0000 $memory$auto$proc_rom.cc:155:do_switch$57$rdmux[0][6][21]$a$3746 [2] $memory$auto$proc_rom.cc:155:do_switch$57$rdmux[0][6][21]$a$3746 [3] 2'00 }
    Consolidated identical input bits for $mux cell $memory$auto$proc_rom.cc:155:do_switch$57$rdmux[0][7][41]$3997:
      Old ports: A=10'0000001100, B=10'0000010010, Y=$memory$auto$proc_rom.cc:155:do_switch$57$rdmux[0][6][20]$b$3744
      New ports: A=2'10, B=2'01, Y=$memory$auto$proc_rom.cc:155:do_switch$57$rdmux[0][6][20]$b$3744 [2:1]
      New connections: { $memory$auto$proc_rom.cc:155:do_switch$57$rdmux[0][6][20]$b$3744 [9:3] $memory$auto$proc_rom.cc:155:do_switch$57$rdmux[0][6][20]$b$3744 [0] } = { 5'00000 $memory$auto$proc_rom.cc:155:do_switch$57$rdmux[0][6][20]$b$3744 [1] $memory$auto$proc_rom.cc:155:do_switch$57$rdmux[0][6][20]$b$3744 [2] 1'0 }
    Consolidated identical input bits for $mux cell $memory$auto$proc_rom.cc:155:do_switch$57$rdmux[0][7][40]$3994:
      Old ports: A=10'0000000000, B=10'0000000110, Y=$memory$auto$proc_rom.cc:155:do_switch$57$rdmux[0][6][20]$a$3743
      New ports: A=1'0, B=1'1, Y=$memory$auto$proc_rom.cc:155:do_switch$57$rdmux[0][6][20]$a$3743 [1]
      New connections: { $memory$auto$proc_rom.cc:155:do_switch$57$rdmux[0][6][20]$a$3743 [9:2] $memory$auto$proc_rom.cc:155:do_switch$57$rdmux[0][6][20]$a$3743 [0] } = { 7'0000000 $memory$auto$proc_rom.cc:155:do_switch$57$rdmux[0][6][20]$a$3743 [1] 1'0 }
    Consolidated identical input bits for $mux cell $memory$auto$proc_rom.cc:155:do_switch$57$rdmux[0][7][39]$3991:
      Old ports: A=10'1111100000, B=10'1111010000, Y=$memory$auto$proc_rom.cc:155:do_switch$57$rdmux[0][6][19]$b$3741
      New ports: A=2'10, B=2'01, Y=$memory$auto$proc_rom.cc:155:do_switch$57$rdmux[0][6][19]$b$3741 [5:4]
      New connections: { $memory$auto$proc_rom.cc:155:do_switch$57$rdmux[0][6][19]$b$3741 [9:6] $memory$auto$proc_rom.cc:155:do_switch$57$rdmux[0][6][19]$b$3741 [3:0] } = 8'11110000
    Consolidated identical input bits for $mux cell $memory$auto$proc_rom.cc:155:do_switch$57$rdmux[0][7][38]$3988:
      Old ports: A=10'1111110000, B=10'1111101000, Y=$memory$auto$proc_rom.cc:155:do_switch$57$rdmux[0][6][19]$a$3740
      New ports: A=2'10, B=2'01, Y=$memory$auto$proc_rom.cc:155:do_switch$57$rdmux[0][6][19]$a$3740 [4:3]
      New connections: { $memory$auto$proc_rom.cc:155:do_switch$57$rdmux[0][6][19]$a$3740 [9:5] $memory$auto$proc_rom.cc:155:do_switch$57$rdmux[0][6][19]$a$3740 [2:0] } = 8'11111000
    Consolidated identical input bits for $mux cell $memory$auto$proc_rom.cc:155:do_switch$57$rdmux[0][7][37]$3985:
      Old ports: A=10'1111111000, B=10'1111110100, Y=$memory$auto$proc_rom.cc:155:do_switch$57$rdmux[0][6][18]$b$3738
      New ports: A=2'10, B=2'01, Y=$memory$auto$proc_rom.cc:155:do_switch$57$rdmux[0][6][18]$b$3738 [3:2]
      New connections: { $memory$auto$proc_rom.cc:155:do_switch$57$rdmux[0][6][18]$b$3738 [9:4] $memory$auto$proc_rom.cc:155:do_switch$57$rdmux[0][6][18]$b$3738 [1:0] } = 8'11111100
    Consolidated identical input bits for $mux cell $memory$auto$proc_rom.cc:155:do_switch$57$rdmux[0][7][36]$3982:
      Old ports: A=10'0000000000, B=10'1111111100, Y=$memory$auto$proc_rom.cc:155:do_switch$57$rdmux[0][6][18]$a$3737
      New ports: A=1'0, B=1'1, Y=$memory$auto$proc_rom.cc:155:do_switch$57$rdmux[0][6][18]$a$3737 [2]
      New connections: { $memory$auto$proc_rom.cc:155:do_switch$57$rdmux[0][6][18]$a$3737 [9:3] $memory$auto$proc_rom.cc:155:do_switch$57$rdmux[0][6][18]$a$3737 [1:0] } = { $memory$auto$proc_rom.cc:155:do_switch$57$rdmux[0][6][18]$a$3737 [2] $memory$auto$proc_rom.cc:155:do_switch$57$rdmux[0][6][18]$a$3737 [2] $memory$auto$proc_rom.cc:155:do_switch$57$rdmux[0][6][18]$a$3737 [2] $memory$auto$proc_rom.cc:155:do_switch$57$rdmux[0][6][18]$a$3737 [2] $memory$auto$proc_rom.cc:155:do_switch$57$rdmux[0][6][18]$a$3737 [2] $memory$auto$proc_rom.cc:155:do_switch$57$rdmux[0][6][18]$a$3737 [2] $memory$auto$proc_rom.cc:155:do_switch$57$rdmux[0][6][18]$a$3737 [2] 2'00 }
    Consolidated identical input bits for $mux cell $memory$auto$proc_rom.cc:155:do_switch$57$rdmux[0][7][35]$3979:
      Old ports: A=10'0000100000, B=10'0000110000, Y=$memory$auto$proc_rom.cc:155:do_switch$57$rdmux[0][6][17]$b$3735
      New ports: A=1'0, B=1'1, Y=$memory$auto$proc_rom.cc:155:do_switch$57$rdmux[0][6][17]$b$3735 [4]
      New connections: { $memory$auto$proc_rom.cc:155:do_switch$57$rdmux[0][6][17]$b$3735 [9:5] $memory$auto$proc_rom.cc:155:do_switch$57$rdmux[0][6][17]$b$3735 [3:0] } = 9'000010000
    Consolidated identical input bits for $mux cell $memory$auto$proc_rom.cc:155:do_switch$57$rdmux[0][7][34]$3976:
      Old ports: A=10'0000010000, B=10'0000011000, Y=$memory$auto$proc_rom.cc:155:do_switch$57$rdmux[0][6][17]$a$3734
      New ports: A=1'0, B=1'1, Y=$memory$auto$proc_rom.cc:155:do_switch$57$rdmux[0][6][17]$a$3734 [3]
      New connections: { $memory$auto$proc_rom.cc:155:do_switch$57$rdmux[0][6][17]$a$3734 [9:4] $memory$auto$proc_rom.cc:155:do_switch$57$rdmux[0][6][17]$a$3734 [2:0] } = 9'000001000
    Consolidated identical input bits for $mux cell $memory$auto$proc_rom.cc:155:do_switch$57$rdmux[0][7][33]$3973:
      Old ports: A=10'0000001000, B=10'0000001100, Y=$memory$auto$proc_rom.cc:155:do_switch$57$rdmux[0][6][16]$b$3732
      New ports: A=1'0, B=1'1, Y=$memory$auto$proc_rom.cc:155:do_switch$57$rdmux[0][6][16]$b$3732 [2]
      New connections: { $memory$auto$proc_rom.cc:155:do_switch$57$rdmux[0][6][16]$b$3732 [9:3] $memory$auto$proc_rom.cc:155:do_switch$57$rdmux[0][6][16]$b$3732 [1:0] } = 9'000000100
    Consolidated identical input bits for $mux cell $memory$auto$proc_rom.cc:155:do_switch$57$rdmux[0][7][32]$3970:
      Old ports: A=10'0000000000, B=10'0000000100, Y=$memory$auto$proc_rom.cc:155:do_switch$57$rdmux[0][6][16]$a$3731
      New ports: A=1'0, B=1'1, Y=$memory$auto$proc_rom.cc:155:do_switch$57$rdmux[0][6][16]$a$3731 [2]
      New connections: { $memory$auto$proc_rom.cc:155:do_switch$57$rdmux[0][6][16]$a$3731 [9:3] $memory$auto$proc_rom.cc:155:do_switch$57$rdmux[0][6][16]$a$3731 [1:0] } = 9'000000000
    Consolidated identical input bits for $mux cell $memory$auto$proc_rom.cc:155:do_switch$57$rdmux[0][7][31]$3967:
      Old ports: A=10'1111101000, B=10'1111011100, Y=$memory$auto$proc_rom.cc:155:do_switch$57$rdmux[0][6][15]$b$3729
      New ports: A=2'10, B=2'01, Y={ $memory$auto$proc_rom.cc:155:do_switch$57$rdmux[0][6][15]$b$3729 [5] $memory$auto$proc_rom.cc:155:do_switch$57$rdmux[0][6][15]$b$3729 [2] }
      New connections: { $memory$auto$proc_rom.cc:155:do_switch$57$rdmux[0][6][15]$b$3729 [9:6] $memory$auto$proc_rom.cc:155:do_switch$57$rdmux[0][6][15]$b$3729 [4:3] $memory$auto$proc_rom.cc:155:do_switch$57$rdmux[0][6][15]$b$3729 [1:0] } = { 4'1111 $memory$auto$proc_rom.cc:155:do_switch$57$rdmux[0][6][15]$b$3729 [2] 3'100 }
    Consolidated identical input bits for $mux cell $memory$auto$proc_rom.cc:155:do_switch$57$rdmux[0][7][30]$3964:
      Old ports: A=10'1111110100, B=10'1111101110, Y=$memory$auto$proc_rom.cc:155:do_switch$57$rdmux[0][6][15]$a$3728
      New ports: A=2'10, B=2'01, Y={ $memory$auto$proc_rom.cc:155:do_switch$57$rdmux[0][6][15]$a$3728 [4] $memory$auto$proc_rom.cc:155:do_switch$57$rdmux[0][6][15]$a$3728 [1] }
      New connections: { $memory$auto$proc_rom.cc:155:do_switch$57$rdmux[0][6][15]$a$3728 [9:5] $memory$auto$proc_rom.cc:155:do_switch$57$rdmux[0][6][15]$a$3728 [3:2] $memory$auto$proc_rom.cc:155:do_switch$57$rdmux[0][6][15]$a$3728 [0] } = { 5'11111 $memory$auto$proc_rom.cc:155:do_switch$57$rdmux[0][6][15]$a$3728 [1] 2'10 }
    Consolidated identical input bits for $mux cell $memory$auto$proc_rom.cc:155:do_switch$57$rdmux[0][7][29]$3961:
      Old ports: A=10'1111111010, B=10'1111110111, Y=$memory$auto$proc_rom.cc:155:do_switch$57$rdmux[0][6][14]$b$3726
      New ports: A=2'10, B=2'01, Y={ $memory$auto$proc_rom.cc:155:do_switch$57$rdmux[0][6][14]$b$3726 [3] $memory$auto$proc_rom.cc:155:do_switch$57$rdmux[0][6][14]$b$3726 [0] }
      New connections: { $memory$auto$proc_rom.cc:155:do_switch$57$rdmux[0][6][14]$b$3726 [9:4] $memory$auto$proc_rom.cc:155:do_switch$57$rdmux[0][6][14]$b$3726 [2:1] } = { 6'111111 $memory$auto$proc_rom.cc:155:do_switch$57$rdmux[0][6][14]$b$3726 [0] 1'1 }
    Consolidated identical input bits for $mux cell $memory$auto$proc_rom.cc:155:do_switch$57$rdmux[0][7][28]$3958:
      Old ports: A=10'0000000000, B=10'1111111101, Y=$memory$auto$proc_rom.cc:155:do_switch$57$rdmux[0][6][14]$a$3725
      New ports: A=1'0, B=1'1, Y=$memory$auto$proc_rom.cc:155:do_switch$57$rdmux[0][6][14]$a$3725 [0]
      New connections: $memory$auto$proc_rom.cc:155:do_switch$57$rdmux[0][6][14]$a$3725 [9:1] = { $memory$auto$proc_rom.cc:155:do_switch$57$rdmux[0][6][14]$a$3725 [0] $memory$auto$proc_rom.cc:155:do_switch$57$rdmux[0][6][14]$a$3725 [0] $memory$auto$proc_rom.cc:155:do_switch$57$rdmux[0][6][14]$a$3725 [0] $memory$auto$proc_rom.cc:155:do_switch$57$rdmux[0][6][14]$a$3725 [0] $memory$auto$proc_rom.cc:155:do_switch$57$rdmux[0][6][14]$a$3725 [0] $memory$auto$proc_rom.cc:155:do_switch$57$rdmux[0][6][14]$a$3725 [0] $memory$auto$proc_rom.cc:155:do_switch$57$rdmux[0][6][14]$a$3725 [0] $memory$auto$proc_rom.cc:155:do_switch$57$rdmux[0][6][14]$a$3725 [0] 1'0 }
    Consolidated identical input bits for $mux cell $memory$auto$proc_rom.cc:155:do_switch$57$rdmux[0][7][27]$3955:
      Old ports: A=10'0000011000, B=10'0000100100, Y=$memory$auto$proc_rom.cc:155:do_switch$57$rdmux[0][6][13]$b$3723
      New ports: A=2'10, B=2'01, Y=$memory$auto$proc_rom.cc:155:do_switch$57$rdmux[0][6][13]$b$3723 [3:2]
      New connections: { $memory$auto$proc_rom.cc:155:do_switch$57$rdmux[0][6][13]$b$3723 [9:4] $memory$auto$proc_rom.cc:155:do_switch$57$rdmux[0][6][13]$b$3723 [1:0] } = { 4'0000 $memory$auto$proc_rom.cc:155:do_switch$57$rdmux[0][6][13]$b$3723 [2] $memory$auto$proc_rom.cc:155:do_switch$57$rdmux[0][6][13]$b$3723 [3] 2'00 }
    Consolidated identical input bits for $mux cell $memory$auto$proc_rom.cc:155:do_switch$57$rdmux[0][7][26]$3952:
      Old ports: A=10'0000001100, B=10'0000010010, Y=$memory$auto$proc_rom.cc:155:do_switch$57$rdmux[0][6][13]$a$3722
      New ports: A=2'10, B=2'01, Y=$memory$auto$proc_rom.cc:155:do_switch$57$rdmux[0][6][13]$a$3722 [2:1]
      New connections: { $memory$auto$proc_rom.cc:155:do_switch$57$rdmux[0][6][13]$a$3722 [9:3] $memory$auto$proc_rom.cc:155:do_switch$57$rdmux[0][6][13]$a$3722 [0] } = { 5'00000 $memory$auto$proc_rom.cc:155:do_switch$57$rdmux[0][6][13]$a$3722 [1] $memory$auto$proc_rom.cc:155:do_switch$57$rdmux[0][6][13]$a$3722 [2] 1'0 }
    Consolidated identical input bits for $mux cell $memory$auto$proc_rom.cc:155:do_switch$57$rdmux[0][7][25]$3949:
      Old ports: A=10'0000000110, B=10'0000001001, Y=$memory$auto$proc_rom.cc:155:do_switch$57$rdmux[0][6][12]$b$3720
      New ports: A=2'10, B=2'01, Y=$memory$auto$proc_rom.cc:155:do_switch$57$rdmux[0][6][12]$b$3720 [1:0]
      New connections: $memory$auto$proc_rom.cc:155:do_switch$57$rdmux[0][6][12]$b$3720 [9:2] = { 6'000000 $memory$auto$proc_rom.cc:155:do_switch$57$rdmux[0][6][12]$b$3720 [0] $memory$auto$proc_rom.cc:155:do_switch$57$rdmux[0][6][12]$b$3720 [1] }
    Consolidated identical input bits for $mux cell $memory$auto$proc_rom.cc:155:do_switch$57$rdmux[0][7][24]$3946:
      Old ports: A=10'0000000000, B=10'0000000011, Y=$memory$auto$proc_rom.cc:155:do_switch$57$rdmux[0][6][12]$a$3719
      New ports: A=1'0, B=1'1, Y=$memory$auto$proc_rom.cc:155:do_switch$57$rdmux[0][6][12]$a$3719 [0]
      New connections: $memory$auto$proc_rom.cc:155:do_switch$57$rdmux[0][6][12]$a$3719 [9:1] = { 8'00000000 $memory$auto$proc_rom.cc:155:do_switch$57$rdmux[0][6][12]$a$3719 [0] }
    Consolidated identical input bits for $mux cell $memory$auto$proc_rom.cc:155:do_switch$57$rdmux[0][7][23]$3943:
      Old ports: A=10'1111110000, B=10'1111101000, Y=$memory$auto$proc_rom.cc:155:do_switch$57$rdmux[0][6][11]$b$3717
      New ports: A=2'10, B=2'01, Y=$memory$auto$proc_rom.cc:155:do_switch$57$rdmux[0][6][11]$b$3717 [4:3]
      New connections: { $memory$auto$proc_rom.cc:155:do_switch$57$rdmux[0][6][11]$b$3717 [9:5] $memory$auto$proc_rom.cc:155:do_switch$57$rdmux[0][6][11]$b$3717 [2:0] } = 8'11111000
    Consolidated identical input bits for $mux cell $memory$auto$proc_rom.cc:155:do_switch$57$rdmux[0][7][22]$3940:
      Old ports: A=10'1111111000, B=10'1111110100, Y=$memory$auto$proc_rom.cc:155:do_switch$57$rdmux[0][6][11]$a$3716
      New ports: A=2'10, B=2'01, Y=$memory$auto$proc_rom.cc:155:do_switch$57$rdmux[0][6][11]$a$3716 [3:2]
      New connections: { $memory$auto$proc_rom.cc:155:do_switch$57$rdmux[0][6][11]$a$3716 [9:4] $memory$auto$proc_rom.cc:155:do_switch$57$rdmux[0][6][11]$a$3716 [1:0] } = 8'11111100
    Consolidated identical input bits for $mux cell $memory$auto$proc_rom.cc:155:do_switch$57$rdmux[0][7][21]$3937:
      Old ports: A=10'1111111100, B=10'1111111010, Y=$memory$auto$proc_rom.cc:155:do_switch$57$rdmux[0][6][10]$b$3714
      New ports: A=2'10, B=2'01, Y=$memory$auto$proc_rom.cc:155:do_switch$57$rdmux[0][6][10]$b$3714 [2:1]
      New connections: { $memory$auto$proc_rom.cc:155:do_switch$57$rdmux[0][6][10]$b$3714 [9:3] $memory$auto$proc_rom.cc:155:do_switch$57$rdmux[0][6][10]$b$3714 [0] } = 8'11111110
    Consolidated identical input bits for $mux cell $memory$auto$proc_rom.cc:155:do_switch$57$rdmux[0][7][20]$3934:
      Old ports: A=10'0000000000, B=10'1111111110, Y=$memory$auto$proc_rom.cc:155:do_switch$57$rdmux[0][6][10]$a$3713
      New ports: A=1'0, B=1'1, Y=$memory$auto$proc_rom.cc:155:do_switch$57$rdmux[0][6][10]$a$3713 [1]
      New connections: { $memory$auto$proc_rom.cc:155:do_switch$57$rdmux[0][6][10]$a$3713 [9:2] $memory$auto$proc_rom.cc:155:do_switch$57$rdmux[0][6][10]$a$3713 [0] } = { $memory$auto$proc_rom.cc:155:do_switch$57$rdmux[0][6][10]$a$3713 [1] $memory$auto$proc_rom.cc:155:do_switch$57$rdmux[0][6][10]$a$3713 [1] $memory$auto$proc_rom.cc:155:do_switch$57$rdmux[0][6][10]$a$3713 [1] $memory$auto$proc_rom.cc:155:do_switch$57$rdmux[0][6][10]$a$3713 [1] $memory$auto$proc_rom.cc:155:do_switch$57$rdmux[0][6][10]$a$3713 [1] $memory$auto$proc_rom.cc:155:do_switch$57$rdmux[0][6][10]$a$3713 [1] $memory$auto$proc_rom.cc:155:do_switch$57$rdmux[0][6][10]$a$3713 [1] $memory$auto$proc_rom.cc:155:do_switch$57$rdmux[0][6][10]$a$3713 [1] 1'0 }
    Consolidated identical input bits for $mux cell $memory$auto$proc_rom.cc:155:do_switch$57$rdmux[0][7][19]$3931:
      Old ports: A=10'0000010000, B=10'0000011000, Y=$memory$auto$proc_rom.cc:155:do_switch$57$rdmux[0][6][9]$b$3711
      New ports: A=1'0, B=1'1, Y=$memory$auto$proc_rom.cc:155:do_switch$57$rdmux[0][6][9]$b$3711 [3]
      New connections: { $memory$auto$proc_rom.cc:155:do_switch$57$rdmux[0][6][9]$b$3711 [9:4] $memory$auto$proc_rom.cc:155:do_switch$57$rdmux[0][6][9]$b$3711 [2:0] } = 9'000001000
    Consolidated identical input bits for $mux cell $memory$auto$proc_rom.cc:155:do_switch$57$rdmux[0][7][18]$3928:
      Old ports: A=10'0000001000, B=10'0000001100, Y=$memory$auto$proc_rom.cc:155:do_switch$57$rdmux[0][6][9]$a$3710
      New ports: A=1'0, B=1'1, Y=$memory$auto$proc_rom.cc:155:do_switch$57$rdmux[0][6][9]$a$3710 [2]
      New connections: { $memory$auto$proc_rom.cc:155:do_switch$57$rdmux[0][6][9]$a$3710 [9:3] $memory$auto$proc_rom.cc:155:do_switch$57$rdmux[0][6][9]$a$3710 [1:0] } = 9'000000100
    Consolidated identical input bits for $mux cell $memory$auto$proc_rom.cc:155:do_switch$57$rdmux[0][7][17]$3925:
      Old ports: A=10'0000000100, B=10'0000000110, Y=$memory$auto$proc_rom.cc:155:do_switch$57$rdmux[0][6][8]$b$3708
      New ports: A=1'0, B=1'1, Y=$memory$auto$proc_rom.cc:155:do_switch$57$rdmux[0][6][8]$b$3708 [1]
      New connections: { $memory$auto$proc_rom.cc:155:do_switch$57$rdmux[0][6][8]$b$3708 [9:2] $memory$auto$proc_rom.cc:155:do_switch$57$rdmux[0][6][8]$b$3708 [0] } = 9'000000010
    Consolidated identical input bits for $mux cell $memory$auto$proc_rom.cc:155:do_switch$57$rdmux[0][7][16]$3922:
      Old ports: A=10'0000000000, B=10'0000000010, Y=$memory$auto$proc_rom.cc:155:do_switch$57$rdmux[0][6][8]$a$3707
      New ports: A=1'0, B=1'1, Y=$memory$auto$proc_rom.cc:155:do_switch$57$rdmux[0][6][8]$a$3707 [1]
      New connections: { $memory$auto$proc_rom.cc:155:do_switch$57$rdmux[0][6][8]$a$3707 [9:2] $memory$auto$proc_rom.cc:155:do_switch$57$rdmux[0][6][8]$a$3707 [0] } = 9'000000000
    Consolidated identical input bits for $mux cell $memory$auto$proc_rom.cc:155:do_switch$57$rdmux[0][7][15]$3919:
      Old ports: A=10'1111111000, B=10'1111110100, Y=$memory$auto$proc_rom.cc:155:do_switch$57$rdmux[0][6][7]$b$3705
      New ports: A=2'10, B=2'01, Y=$memory$auto$proc_rom.cc:155:do_switch$57$rdmux[0][6][7]$b$3705 [3:2]
      New connections: { $memory$auto$proc_rom.cc:155:do_switch$57$rdmux[0][6][7]$b$3705 [9:4] $memory$auto$proc_rom.cc:155:do_switch$57$rdmux[0][6][7]$b$3705 [1:0] } = 8'11111100
    Consolidated identical input bits for $mux cell $memory$auto$proc_rom.cc:155:do_switch$57$rdmux[0][7][14]$3916:
      Old ports: A=10'1111111100, B=10'1111111010, Y=$memory$auto$proc_rom.cc:155:do_switch$57$rdmux[0][6][7]$a$3704
      New ports: A=2'10, B=2'01, Y=$memory$auto$proc_rom.cc:155:do_switch$57$rdmux[0][6][7]$a$3704 [2:1]
      New connections: { $memory$auto$proc_rom.cc:155:do_switch$57$rdmux[0][6][7]$a$3704 [9:3] $memory$auto$proc_rom.cc:155:do_switch$57$rdmux[0][6][7]$a$3704 [0] } = 8'11111110
    Consolidated identical input bits for $mux cell $memory$auto$proc_rom.cc:155:do_switch$57$rdmux[0][7][13]$3913:
      Old ports: A=10'1111111110, B=10'1111111101, Y=$memory$auto$proc_rom.cc:155:do_switch$57$rdmux[0][6][6]$b$3702
      New ports: A=2'10, B=2'01, Y=$memory$auto$proc_rom.cc:155:do_switch$57$rdmux[0][6][6]$b$3702 [1:0]
      New connections: $memory$auto$proc_rom.cc:155:do_switch$57$rdmux[0][6][6]$b$3702 [9:2] = 8'11111111
    Consolidated identical input bits for $mux cell $memory$auto$proc_rom.cc:155:do_switch$57$rdmux[0][7][12]$3910:
      Old ports: A=10'0000000000, B=10'1111111111, Y=$memory$auto$proc_rom.cc:155:do_switch$57$rdmux[0][6][6]$a$3701
      New ports: A=1'0, B=1'1, Y=$memory$auto$proc_rom.cc:155:do_switch$57$rdmux[0][6][6]$a$3701 [0]
      New connections: $memory$auto$proc_rom.cc:155:do_switch$57$rdmux[0][6][6]$a$3701 [9:1] = { $memory$auto$proc_rom.cc:155:do_switch$57$rdmux[0][6][6]$a$3701 [0] $memory$auto$proc_rom.cc:155:do_switch$57$rdmux[0][6][6]$a$3701 [0] $memory$auto$proc_rom.cc:155:do_switch$57$rdmux[0][6][6]$a$3701 [0] $memory$auto$proc_rom.cc:155:do_switch$57$rdmux[0][6][6]$a$3701 [0] $memory$auto$proc_rom.cc:155:do_switch$57$rdmux[0][6][6]$a$3701 [0] $memory$auto$proc_rom.cc:155:do_switch$57$rdmux[0][6][6]$a$3701 [0] $memory$auto$proc_rom.cc:155:do_switch$57$rdmux[0][6][6]$a$3701 [0] $memory$auto$proc_rom.cc:155:do_switch$57$rdmux[0][6][6]$a$3701 [0] $memory$auto$proc_rom.cc:155:do_switch$57$rdmux[0][6][6]$a$3701 [0] }
    Consolidated identical input bits for $mux cell $memory$auto$proc_rom.cc:155:do_switch$57$rdmux[0][7][11]$3907:
      Old ports: A=10'0000001000, B=10'0000001100, Y=$memory$auto$proc_rom.cc:155:do_switch$57$rdmux[0][6][5]$b$3699
      New ports: A=1'0, B=1'1, Y=$memory$auto$proc_rom.cc:155:do_switch$57$rdmux[0][6][5]$b$3699 [2]
      New connections: { $memory$auto$proc_rom.cc:155:do_switch$57$rdmux[0][6][5]$b$3699 [9:3] $memory$auto$proc_rom.cc:155:do_switch$57$rdmux[0][6][5]$b$3699 [1:0] } = 9'000000100
    Consolidated identical input bits for $mux cell $memory$auto$proc_rom.cc:155:do_switch$57$rdmux[0][7][10]$3904:
      Old ports: A=10'0000000100, B=10'0000000110, Y=$memory$auto$proc_rom.cc:155:do_switch$57$rdmux[0][6][5]$a$3698
      New ports: A=1'0, B=1'1, Y=$memory$auto$proc_rom.cc:155:do_switch$57$rdmux[0][6][5]$a$3698 [1]
      New connections: { $memory$auto$proc_rom.cc:155:do_switch$57$rdmux[0][6][5]$a$3698 [9:2] $memory$auto$proc_rom.cc:155:do_switch$57$rdmux[0][6][5]$a$3698 [0] } = 9'000000010
    Consolidated identical input bits for $mux cell $memory$auto$proc_rom.cc:155:do_switch$57$rdmux[0][7][9]$3901:
      Old ports: A=10'0000000010, B=10'0000000011, Y=$memory$auto$proc_rom.cc:155:do_switch$57$rdmux[0][6][4]$b$3696
      New ports: A=1'0, B=1'1, Y=$memory$auto$proc_rom.cc:155:do_switch$57$rdmux[0][6][4]$b$3696 [0]
      New connections: $memory$auto$proc_rom.cc:155:do_switch$57$rdmux[0][6][4]$b$3696 [9:1] = 9'000000001
    Consolidated identical input bits for $mux cell $memory$auto$proc_rom.cc:155:do_switch$57$rdmux[0][7][8]$3898:
      Old ports: A=10'0000000000, B=10'0000000001, Y=$memory$auto$proc_rom.cc:155:do_switch$57$rdmux[0][6][4]$a$3695
      New ports: A=1'0, B=1'1, Y=$memory$auto$proc_rom.cc:155:do_switch$57$rdmux[0][6][4]$a$3695 [0]
      New connections: $memory$auto$proc_rom.cc:155:do_switch$57$rdmux[0][6][4]$a$3695 [9:1] = 9'000000000
    Consolidated identical input bits for $mux cell $memory$auto$proc_rom.cc:155:do_switch$57$rdmux[0][7][115]$4219:
      Old ports: A=10'1111000000, B=10'1110100000, Y=$memory$auto$proc_rom.cc:155:do_switch$57$rdmux[0][6][57]$b$3855
      New ports: A=2'10, B=2'01, Y=$memory$auto$proc_rom.cc:155:do_switch$57$rdmux[0][6][57]$b$3855 [6:5]
      New connections: { $memory$auto$proc_rom.cc:155:do_switch$57$rdmux[0][6][57]$b$3855 [9:7] $memory$auto$proc_rom.cc:155:do_switch$57$rdmux[0][6][57]$b$3855 [4:0] } = 8'11100000
    Consolidated identical input bits for $mux cell $memory$auto$proc_rom.cc:155:do_switch$57$rdmux[0][7][116]$4222:
      Old ports: A=10'0000000000, B=10'0000001000, Y=$memory$auto$proc_rom.cc:155:do_switch$57$rdmux[0][6][58]$a$3857
      New ports: A=1'0, B=1'1, Y=$memory$auto$proc_rom.cc:155:do_switch$57$rdmux[0][6][58]$a$3857 [3]
      New connections: { $memory$auto$proc_rom.cc:155:do_switch$57$rdmux[0][6][58]$a$3857 [9:4] $memory$auto$proc_rom.cc:155:do_switch$57$rdmux[0][6][58]$a$3857 [2:0] } = 9'000000000
    Consolidated identical input bits for $mux cell $memory$auto$proc_rom.cc:155:do_switch$57$rdmux[0][7][118]$4228:
      Old ports: A=10'0000100000, B=10'0000110000, Y=$memory$auto$proc_rom.cc:155:do_switch$57$rdmux[0][6][59]$a$3860
      New ports: A=1'0, B=1'1, Y=$memory$auto$proc_rom.cc:155:do_switch$57$rdmux[0][6][59]$a$3860 [4]
      New connections: { $memory$auto$proc_rom.cc:155:do_switch$57$rdmux[0][6][59]$a$3860 [9:5] $memory$auto$proc_rom.cc:155:do_switch$57$rdmux[0][6][59]$a$3860 [3:0] } = 9'000010000
    Consolidated identical input bits for $mux cell $memory$auto$proc_rom.cc:155:do_switch$57$rdmux[0][7][119]$4231:
      Old ports: A=10'0001000000, B=10'0001100000, Y=$memory$auto$proc_rom.cc:155:do_switch$57$rdmux[0][6][59]$b$3861
      New ports: A=1'0, B=1'1, Y=$memory$auto$proc_rom.cc:155:do_switch$57$rdmux[0][6][59]$b$3861 [5]
      New connections: { $memory$auto$proc_rom.cc:155:do_switch$57$rdmux[0][6][59]$b$3861 [9:6] $memory$auto$proc_rom.cc:155:do_switch$57$rdmux[0][6][59]$b$3861 [4:0] } = 9'000100000
    Consolidated identical input bits for $mux cell $memory$auto$proc_rom.cc:155:do_switch$57$rdmux[0][7][122]$4240:
      Old ports: A=10'1111010000, B=10'1110111000, Y=$memory$auto$proc_rom.cc:155:do_switch$57$rdmux[0][6][61]$a$3866
      New ports: A=2'10, B=2'01, Y={ $memory$auto$proc_rom.cc:155:do_switch$57$rdmux[0][6][61]$a$3866 [6] $memory$auto$proc_rom.cc:155:do_switch$57$rdmux[0][6][61]$a$3866 [3] }
      New connections: { $memory$auto$proc_rom.cc:155:do_switch$57$rdmux[0][6][61]$a$3866 [9:7] $memory$auto$proc_rom.cc:155:do_switch$57$rdmux[0][6][61]$a$3866 [5:4] $memory$auto$proc_rom.cc:155:do_switch$57$rdmux[0][6][61]$a$3866 [2:0] } = { 3'111 $memory$auto$proc_rom.cc:155:do_switch$57$rdmux[0][6][61]$a$3866 [3] 4'1000 }
    Consolidated identical input bits for $mux cell $memory$auto$proc_rom.cc:155:do_switch$57$rdmux[0][7][123]$4243:
      Old ports: A=10'1110100000, B=10'1101110000, Y=$memory$auto$proc_rom.cc:155:do_switch$57$rdmux[0][6][61]$b$3867
      New ports: A=2'10, B=2'01, Y={ $memory$auto$proc_rom.cc:155:do_switch$57$rdmux[0][6][61]$b$3867 [7] $memory$auto$proc_rom.cc:155:do_switch$57$rdmux[0][6][61]$b$3867 [4] }
      New connections: { $memory$auto$proc_rom.cc:155:do_switch$57$rdmux[0][6][61]$b$3867 [9:8] $memory$auto$proc_rom.cc:155:do_switch$57$rdmux[0][6][61]$b$3867 [6:5] $memory$auto$proc_rom.cc:155:do_switch$57$rdmux[0][6][61]$b$3867 [3:0] } = { 2'11 $memory$auto$proc_rom.cc:155:do_switch$57$rdmux[0][6][61]$b$3867 [4] 5'10000 }
    Consolidated identical input bits for $mux cell $memory$auto$proc_rom.cc:155:do_switch$57$rdmux[0][7][125]$4249:
      Old ports: A=10'0000011000, B=10'0000100100, Y=$memory$auto$proc_rom.cc:155:do_switch$57$rdmux[0][6][62]$b$3870
      New ports: A=2'10, B=2'01, Y=$memory$auto$proc_rom.cc:155:do_switch$57$rdmux[0][6][62]$b$3870 [3:2]
      New connections: { $memory$auto$proc_rom.cc:155:do_switch$57$rdmux[0][6][62]$b$3870 [9:4] $memory$auto$proc_rom.cc:155:do_switch$57$rdmux[0][6][62]$b$3870 [1:0] } = { 4'0000 $memory$auto$proc_rom.cc:155:do_switch$57$rdmux[0][6][62]$b$3870 [2] $memory$auto$proc_rom.cc:155:do_switch$57$rdmux[0][6][62]$b$3870 [3] 2'00 }
    Consolidated identical input bits for $mux cell $memory$auto$proc_rom.cc:155:do_switch$57$rdmux[0][7][126]$4252:
      Old ports: A=10'0000110000, B=10'0001001000, Y=$memory$auto$proc_rom.cc:155:do_switch$57$rdmux[0][6][63]$a$3872
      New ports: A=2'10, B=2'01, Y=$memory$auto$proc_rom.cc:155:do_switch$57$rdmux[0][6][63]$a$3872 [4:3]
      New connections: { $memory$auto$proc_rom.cc:155:do_switch$57$rdmux[0][6][63]$a$3872 [9:5] $memory$auto$proc_rom.cc:155:do_switch$57$rdmux[0][6][63]$a$3872 [2:0] } = { 3'000 $memory$auto$proc_rom.cc:155:do_switch$57$rdmux[0][6][63]$a$3872 [3] $memory$auto$proc_rom.cc:155:do_switch$57$rdmux[0][6][63]$a$3872 [4] 3'000 }
    Consolidated identical input bits for $mux cell $memory$auto$proc_rom.cc:155:do_switch$57$rdmux[0][7][99]$4171:
      Old ports: A=10'1111100000, B=10'1111010000, Y=$memory$auto$proc_rom.cc:155:do_switch$57$rdmux[0][6][49]$b$3831
      New ports: A=2'10, B=2'01, Y=$memory$auto$proc_rom.cc:155:do_switch$57$rdmux[0][6][49]$b$3831 [5:4]
      New connections: { $memory$auto$proc_rom.cc:155:do_switch$57$rdmux[0][6][49]$b$3831 [9:6] $memory$auto$proc_rom.cc:155:do_switch$57$rdmux[0][6][49]$b$3831 [3:0] } = 8'11110000
    Consolidated identical input bits for $mux cell $memory$auto$proc_rom.cc:155:do_switch$57$rdmux[0][7][102]$4180:
      Old ports: A=10'0000010000, B=10'0000011000, Y=$memory$auto$proc_rom.cc:155:do_switch$57$rdmux[0][6][51]$a$3836
      New ports: A=1'0, B=1'1, Y=$memory$auto$proc_rom.cc:155:do_switch$57$rdmux[0][6][51]$a$3836 [3]
      New connections: { $memory$auto$proc_rom.cc:155:do_switch$57$rdmux[0][6][51]$a$3836 [9:4] $memory$auto$proc_rom.cc:155:do_switch$57$rdmux[0][6][51]$a$3836 [2:0] } = 9'000001000
    Consolidated identical input bits for $mux cell $memory$auto$proc_rom.cc:155:do_switch$57$rdmux[0][7][106]$4192:
      Old ports: A=10'1111101000, B=10'1111011100, Y=$memory$auto$proc_rom.cc:155:do_switch$57$rdmux[0][6][53]$a$3842
      New ports: A=2'10, B=2'01, Y={ $memory$auto$proc_rom.cc:155:do_switch$57$rdmux[0][6][53]$a$3842 [5] $memory$auto$proc_rom.cc:155:do_switch$57$rdmux[0][6][53]$a$3842 [2] }
      New connections: { $memory$auto$proc_rom.cc:155:do_switch$57$rdmux[0][6][53]$a$3842 [9:6] $memory$auto$proc_rom.cc:155:do_switch$57$rdmux[0][6][53]$a$3842 [4:3] $memory$auto$proc_rom.cc:155:do_switch$57$rdmux[0][6][53]$a$3842 [1:0] } = { 4'1111 $memory$auto$proc_rom.cc:155:do_switch$57$rdmux[0][6][53]$a$3842 [2] 3'100 }
    Consolidated identical input bits for $mux cell $memory$auto$proc_rom.cc:155:do_switch$57$rdmux[0][7][109]$4201:
      Old ports: A=10'0000001100, B=10'0000010010, Y=$memory$auto$proc_rom.cc:155:do_switch$57$rdmux[0][6][54]$b$3846
      New ports: A=2'10, B=2'01, Y=$memory$auto$proc_rom.cc:155:do_switch$57$rdmux[0][6][54]$b$3846 [2:1]
      New connections: { $memory$auto$proc_rom.cc:155:do_switch$57$rdmux[0][6][54]$b$3846 [9:3] $memory$auto$proc_rom.cc:155:do_switch$57$rdmux[0][6][54]$b$3846 [0] } = { 5'00000 $memory$auto$proc_rom.cc:155:do_switch$57$rdmux[0][6][54]$b$3846 [1] $memory$auto$proc_rom.cc:155:do_switch$57$rdmux[0][6][54]$b$3846 [2] 1'0 }
    Consolidated identical input bits for $mux cell $memory$auto$proc_rom.cc:155:do_switch$57$rdmux[0][7][114]$4216:
      Old ports: A=10'1111100000, B=10'1111010000, Y=$memory$auto$proc_rom.cc:155:do_switch$57$rdmux[0][6][57]$a$3854
      New ports: A=2'10, B=2'01, Y=$memory$auto$proc_rom.cc:155:do_switch$57$rdmux[0][6][57]$a$3854 [5:4]
      New connections: { $memory$auto$proc_rom.cc:155:do_switch$57$rdmux[0][6][57]$a$3854 [9:6] $memory$auto$proc_rom.cc:155:do_switch$57$rdmux[0][6][57]$a$3854 [3:0] } = 8'11110000
    Consolidated identical input bits for $mux cell $memory$auto$proc_rom.cc:155:do_switch$57$rdmux[0][7][117]$4225:
      Old ports: A=10'0000010000, B=10'0000011000, Y=$memory$auto$proc_rom.cc:155:do_switch$57$rdmux[0][6][58]$b$3858
      New ports: A=1'0, B=1'1, Y=$memory$auto$proc_rom.cc:155:do_switch$57$rdmux[0][6][58]$b$3858 [3]
      New connections: { $memory$auto$proc_rom.cc:155:do_switch$57$rdmux[0][6][58]$b$3858 [9:4] $memory$auto$proc_rom.cc:155:do_switch$57$rdmux[0][6][58]$b$3858 [2:0] } = 9'000001000
    Consolidated identical input bits for $mux cell $memory$auto$proc_rom.cc:155:do_switch$57$rdmux[0][7][121]$4237:
      Old ports: A=10'1111101000, B=10'1111011100, Y=$memory$auto$proc_rom.cc:155:do_switch$57$rdmux[0][6][60]$b$3864
      New ports: A=2'10, B=2'01, Y={ $memory$auto$proc_rom.cc:155:do_switch$57$rdmux[0][6][60]$b$3864 [5] $memory$auto$proc_rom.cc:155:do_switch$57$rdmux[0][6][60]$b$3864 [2] }
      New connections: { $memory$auto$proc_rom.cc:155:do_switch$57$rdmux[0][6][60]$b$3864 [9:6] $memory$auto$proc_rom.cc:155:do_switch$57$rdmux[0][6][60]$b$3864 [4:3] $memory$auto$proc_rom.cc:155:do_switch$57$rdmux[0][6][60]$b$3864 [1:0] } = { 4'1111 $memory$auto$proc_rom.cc:155:do_switch$57$rdmux[0][6][60]$b$3864 [2] 3'100 }
    Consolidated identical input bits for $mux cell $memory$auto$proc_rom.cc:155:do_switch$57$rdmux[0][7][124]$4246:
      Old ports: A=10'0000000000, B=10'0000001100, Y=$memory$auto$proc_rom.cc:155:do_switch$57$rdmux[0][6][62]$a$3869
      New ports: A=1'0, B=1'1, Y=$memory$auto$proc_rom.cc:155:do_switch$57$rdmux[0][6][62]$a$3869 [2]
      New connections: { $memory$auto$proc_rom.cc:155:do_switch$57$rdmux[0][6][62]$a$3869 [9:3] $memory$auto$proc_rom.cc:155:do_switch$57$rdmux[0][6][62]$a$3869 [1:0] } = { 6'000000 $memory$auto$proc_rom.cc:155:do_switch$57$rdmux[0][6][62]$a$3869 [2] 2'00 }
    Consolidated identical input bits for $mux cell $memory$auto$proc_rom.cc:155:do_switch$57$rdmux[0][7][98]$4168:
      Old ports: A=10'1111110000, B=10'1111101000, Y=$memory$auto$proc_rom.cc:155:do_switch$57$rdmux[0][6][49]$a$3830
      New ports: A=2'10, B=2'01, Y=$memory$auto$proc_rom.cc:155:do_switch$57$rdmux[0][6][49]$a$3830 [4:3]
      New connections: { $memory$auto$proc_rom.cc:155:do_switch$57$rdmux[0][6][49]$a$3830 [9:5] $memory$auto$proc_rom.cc:155:do_switch$57$rdmux[0][6][49]$a$3830 [2:0] } = 8'11111000
    Consolidated identical input bits for $mux cell $memory$auto$proc_rom.cc:155:do_switch$57$rdmux[0][7][105]$4189:
      Old ports: A=10'1111110100, B=10'1111101110, Y=$memory$auto$proc_rom.cc:155:do_switch$57$rdmux[0][6][52]$b$3840
      New ports: A=2'10, B=2'01, Y={ $memory$auto$proc_rom.cc:155:do_switch$57$rdmux[0][6][52]$b$3840 [4] $memory$auto$proc_rom.cc:155:do_switch$57$rdmux[0][6][52]$b$3840 [1] }
      New connections: { $memory$auto$proc_rom.cc:155:do_switch$57$rdmux[0][6][52]$b$3840 [9:5] $memory$auto$proc_rom.cc:155:do_switch$57$rdmux[0][6][52]$b$3840 [3:2] $memory$auto$proc_rom.cc:155:do_switch$57$rdmux[0][6][52]$b$3840 [0] } = { 5'11111 $memory$auto$proc_rom.cc:155:do_switch$57$rdmux[0][6][52]$b$3840 [1] 2'10 }
    Consolidated identical input bits for $mux cell $memory$auto$proc_rom.cc:155:do_switch$57$rdmux[0][7][113]$4213:
      Old ports: A=10'1111110000, B=10'1111101000, Y=$memory$auto$proc_rom.cc:155:do_switch$57$rdmux[0][6][56]$b$3852
      New ports: A=2'10, B=2'01, Y=$memory$auto$proc_rom.cc:155:do_switch$57$rdmux[0][6][56]$b$3852 [4:3]
      New connections: { $memory$auto$proc_rom.cc:155:do_switch$57$rdmux[0][6][56]$b$3852 [9:5] $memory$auto$proc_rom.cc:155:do_switch$57$rdmux[0][6][56]$b$3852 [2:0] } = 8'11111000
    Consolidated identical input bits for $mux cell $memory$auto$proc_rom.cc:155:do_switch$57$rdmux[0][7][120]$4234:
      Old ports: A=10'0000000000, B=10'1111110100, Y=$memory$auto$proc_rom.cc:155:do_switch$57$rdmux[0][6][60]$a$3863
      New ports: A=1'0, B=1'1, Y=$memory$auto$proc_rom.cc:155:do_switch$57$rdmux[0][6][60]$a$3863 [2]
      New connections: { $memory$auto$proc_rom.cc:155:do_switch$57$rdmux[0][6][60]$a$3863 [9:3] $memory$auto$proc_rom.cc:155:do_switch$57$rdmux[0][6][60]$a$3863 [1:0] } = { $memory$auto$proc_rom.cc:155:do_switch$57$rdmux[0][6][60]$a$3863 [2] $memory$auto$proc_rom.cc:155:do_switch$57$rdmux[0][6][60]$a$3863 [2] $memory$auto$proc_rom.cc:155:do_switch$57$rdmux[0][6][60]$a$3863 [2] $memory$auto$proc_rom.cc:155:do_switch$57$rdmux[0][6][60]$a$3863 [2] $memory$auto$proc_rom.cc:155:do_switch$57$rdmux[0][6][60]$a$3863 [2] $memory$auto$proc_rom.cc:155:do_switch$57$rdmux[0][6][60]$a$3863 [2] 3'000 }
    Consolidated identical input bits for $mux cell $memory$auto$proc_rom.cc:155:do_switch$57$rdmux[0][7][97]$4165:
      Old ports: A=10'1111111000, B=10'1111110100, Y=$memory$auto$proc_rom.cc:155:do_switch$57$rdmux[0][6][48]$b$3828
      New ports: A=2'10, B=2'01, Y=$memory$auto$proc_rom.cc:155:do_switch$57$rdmux[0][6][48]$b$3828 [3:2]
      New connections: { $memory$auto$proc_rom.cc:155:do_switch$57$rdmux[0][6][48]$b$3828 [9:4] $memory$auto$proc_rom.cc:155:do_switch$57$rdmux[0][6][48]$b$3828 [1:0] } = 8'11111100
    Consolidated identical input bits for $mux cell $memory$auto$proc_rom.cc:155:do_switch$57$rdmux[0][7][112]$4210:
      Old ports: A=10'0000000000, B=10'1111111000, Y=$memory$auto$proc_rom.cc:155:do_switch$57$rdmux[0][6][56]$a$3851
      New ports: A=1'0, B=1'1, Y=$memory$auto$proc_rom.cc:155:do_switch$57$rdmux[0][6][56]$a$3851 [3]
      New connections: { $memory$auto$proc_rom.cc:155:do_switch$57$rdmux[0][6][56]$a$3851 [9:4] $memory$auto$proc_rom.cc:155:do_switch$57$rdmux[0][6][56]$a$3851 [2:0] } = { $memory$auto$proc_rom.cc:155:do_switch$57$rdmux[0][6][56]$a$3851 [3] $memory$auto$proc_rom.cc:155:do_switch$57$rdmux[0][6][56]$a$3851 [3] $memory$auto$proc_rom.cc:155:do_switch$57$rdmux[0][6][56]$a$3851 [3] $memory$auto$proc_rom.cc:155:do_switch$57$rdmux[0][6][56]$a$3851 [3] $memory$auto$proc_rom.cc:155:do_switch$57$rdmux[0][6][56]$a$3851 [3] $memory$auto$proc_rom.cc:155:do_switch$57$rdmux[0][6][56]$a$3851 [3] 3'000 }
    Consolidated identical input bits for $mux cell $memory$auto$proc_rom.cc:155:do_switch$61$rdmux[0][6][62]$3487:
      Old ports: A=18'110000000000000000, B=18'110100000000000000, Y=$memory$auto$proc_rom.cc:155:do_switch$61$rdmux[0][5][31]$a$3299
      New ports: A=1'0, B=1'1, Y=$memory$auto$proc_rom.cc:155:do_switch$61$rdmux[0][5][31]$a$3299 [14]
      New connections: { $memory$auto$proc_rom.cc:155:do_switch$61$rdmux[0][5][31]$a$3299 [17:15] $memory$auto$proc_rom.cc:155:do_switch$61$rdmux[0][5][31]$a$3299 [13:0] } = 17'11000000000000000
    Consolidated identical input bits for $mux cell $memory$auto$proc_rom.cc:155:do_switch$61$rdmux[0][6][61]$3484:
      Old ports: A=18'101000000000000000, B=18'101100000000000000, Y=$memory$auto$proc_rom.cc:155:do_switch$61$rdmux[0][5][30]$b$3297
      New ports: A=1'0, B=1'1, Y=$memory$auto$proc_rom.cc:155:do_switch$61$rdmux[0][5][30]$b$3297 [14]
      New connections: { $memory$auto$proc_rom.cc:155:do_switch$61$rdmux[0][5][30]$b$3297 [17:15] $memory$auto$proc_rom.cc:155:do_switch$61$rdmux[0][5][30]$b$3297 [13:0] } = 17'10100000000000000
    Consolidated identical input bits for $mux cell $memory$auto$proc_rom.cc:155:do_switch$61$rdmux[0][6][60]$3481:
      Old ports: A=18'100000000000000000, B=18'100100000000000000, Y=$memory$auto$proc_rom.cc:155:do_switch$61$rdmux[0][5][30]$a$3296
      New ports: A=1'0, B=1'1, Y=$memory$auto$proc_rom.cc:155:do_switch$61$rdmux[0][5][30]$a$3296 [14]
      New connections: { $memory$auto$proc_rom.cc:155:do_switch$61$rdmux[0][5][30]$a$3296 [17:15] $memory$auto$proc_rom.cc:155:do_switch$61$rdmux[0][5][30]$a$3296 [13:0] } = 17'10000000000000000
    Consolidated identical input bits for $mux cell $memory$auto$proc_rom.cc:155:do_switch$61$rdmux[0][6][59]$3478:
      Old ports: A=18'011100000000000000, B=18'011110000000000000, Y=$memory$auto$proc_rom.cc:155:do_switch$61$rdmux[0][5][29]$b$3294
      New ports: A=1'0, B=1'1, Y=$memory$auto$proc_rom.cc:155:do_switch$61$rdmux[0][5][29]$b$3294 [13]
      New connections: { $memory$auto$proc_rom.cc:155:do_switch$61$rdmux[0][5][29]$b$3294 [17:14] $memory$auto$proc_rom.cc:155:do_switch$61$rdmux[0][5][29]$b$3294 [12:0] } = 17'01110000000000000
    Consolidated identical input bits for $mux cell $memory$auto$proc_rom.cc:155:do_switch$61$rdmux[0][6][58]$3475:
      Old ports: A=18'011000000000000000, B=18'011010000000000000, Y=$memory$auto$proc_rom.cc:155:do_switch$61$rdmux[0][5][29]$a$3293
      New ports: A=1'0, B=1'1, Y=$memory$auto$proc_rom.cc:155:do_switch$61$rdmux[0][5][29]$a$3293 [13]
      New connections: { $memory$auto$proc_rom.cc:155:do_switch$61$rdmux[0][5][29]$a$3293 [17:14] $memory$auto$proc_rom.cc:155:do_switch$61$rdmux[0][5][29]$a$3293 [12:0] } = 17'01100000000000000
    Consolidated identical input bits for $mux cell $memory$auto$proc_rom.cc:155:do_switch$61$rdmux[0][6][57]$3472:
      Old ports: A=18'010100000000000000, B=18'010110000000000000, Y=$memory$auto$proc_rom.cc:155:do_switch$61$rdmux[0][5][28]$b$3291
      New ports: A=1'0, B=1'1, Y=$memory$auto$proc_rom.cc:155:do_switch$61$rdmux[0][5][28]$b$3291 [13]
      New connections: { $memory$auto$proc_rom.cc:155:do_switch$61$rdmux[0][5][28]$b$3291 [17:14] $memory$auto$proc_rom.cc:155:do_switch$61$rdmux[0][5][28]$b$3291 [12:0] } = 17'01010000000000000
    Consolidated identical input bits for $mux cell $memory$auto$proc_rom.cc:155:do_switch$61$rdmux[0][6][56]$3469:
      Old ports: A=18'010000000000000000, B=18'010010000000000000, Y=$memory$auto$proc_rom.cc:155:do_switch$61$rdmux[0][5][28]$a$3290
      New ports: A=1'0, B=1'1, Y=$memory$auto$proc_rom.cc:155:do_switch$61$rdmux[0][5][28]$a$3290 [13]
      New connections: { $memory$auto$proc_rom.cc:155:do_switch$61$rdmux[0][5][28]$a$3290 [17:14] $memory$auto$proc_rom.cc:155:do_switch$61$rdmux[0][5][28]$a$3290 [12:0] } = 17'01000000000000000
    Consolidated identical input bits for $mux cell $memory$auto$proc_rom.cc:155:do_switch$61$rdmux[0][6][55]$3466:
      Old ports: A=18'001110000000000000, B=18'001111000000000000, Y=$memory$auto$proc_rom.cc:155:do_switch$61$rdmux[0][5][27]$b$3288
      New ports: A=1'0, B=1'1, Y=$memory$auto$proc_rom.cc:155:do_switch$61$rdmux[0][5][27]$b$3288 [12]
      New connections: { $memory$auto$proc_rom.cc:155:do_switch$61$rdmux[0][5][27]$b$3288 [17:13] $memory$auto$proc_rom.cc:155:do_switch$61$rdmux[0][5][27]$b$3288 [11:0] } = 17'00111000000000000
    Consolidated identical input bits for $mux cell $memory$auto$proc_rom.cc:155:do_switch$61$rdmux[0][6][54]$3463:
      Old ports: A=18'001100000000000000, B=18'001101000000000000, Y=$memory$auto$proc_rom.cc:155:do_switch$61$rdmux[0][5][27]$a$3287
      New ports: A=1'0, B=1'1, Y=$memory$auto$proc_rom.cc:155:do_switch$61$rdmux[0][5][27]$a$3287 [12]
      New connections: { $memory$auto$proc_rom.cc:155:do_switch$61$rdmux[0][5][27]$a$3287 [17:13] $memory$auto$proc_rom.cc:155:do_switch$61$rdmux[0][5][27]$a$3287 [11:0] } = 17'00110000000000000
    Consolidated identical input bits for $mux cell $memory$auto$proc_rom.cc:155:do_switch$61$rdmux[0][6][53]$3460:
      Old ports: A=18'001010000000000000, B=18'001011000000000000, Y=$memory$auto$proc_rom.cc:155:do_switch$61$rdmux[0][5][26]$b$3285
      New ports: A=1'0, B=1'1, Y=$memory$auto$proc_rom.cc:155:do_switch$61$rdmux[0][5][26]$b$3285 [12]
      New connections: { $memory$auto$proc_rom.cc:155:do_switch$61$rdmux[0][5][26]$b$3285 [17:13] $memory$auto$proc_rom.cc:155:do_switch$61$rdmux[0][5][26]$b$3285 [11:0] } = 17'00101000000000000
    Consolidated identical input bits for $mux cell $memory$auto$proc_rom.cc:155:do_switch$61$rdmux[0][6][52]$3457:
      Old ports: A=18'001000000000000000, B=18'001001000000000000, Y=$memory$auto$proc_rom.cc:155:do_switch$61$rdmux[0][5][26]$a$3284
      New ports: A=1'0, B=1'1, Y=$memory$auto$proc_rom.cc:155:do_switch$61$rdmux[0][5][26]$a$3284 [12]
      New connections: { $memory$auto$proc_rom.cc:155:do_switch$61$rdmux[0][5][26]$a$3284 [17:13] $memory$auto$proc_rom.cc:155:do_switch$61$rdmux[0][5][26]$a$3284 [11:0] } = 17'00100000000000000
    Consolidated identical input bits for $mux cell $memory$auto$proc_rom.cc:155:do_switch$61$rdmux[0][6][51]$3454:
      Old ports: A=18'000111000000000000, B=18'000111100000000000, Y=$memory$auto$proc_rom.cc:155:do_switch$61$rdmux[0][5][25]$b$3282
      New ports: A=1'0, B=1'1, Y=$memory$auto$proc_rom.cc:155:do_switch$61$rdmux[0][5][25]$b$3282 [11]
      New connections: { $memory$auto$proc_rom.cc:155:do_switch$61$rdmux[0][5][25]$b$3282 [17:12] $memory$auto$proc_rom.cc:155:do_switch$61$rdmux[0][5][25]$b$3282 [10:0] } = 17'00011100000000000
    Consolidated identical input bits for $mux cell $memory$auto$proc_rom.cc:155:do_switch$61$rdmux[0][6][50]$3451:
      Old ports: A=18'000110000000000000, B=18'000110100000000000, Y=$memory$auto$proc_rom.cc:155:do_switch$61$rdmux[0][5][25]$a$3281
      New ports: A=1'0, B=1'1, Y=$memory$auto$proc_rom.cc:155:do_switch$61$rdmux[0][5][25]$a$3281 [11]
      New connections: { $memory$auto$proc_rom.cc:155:do_switch$61$rdmux[0][5][25]$a$3281 [17:12] $memory$auto$proc_rom.cc:155:do_switch$61$rdmux[0][5][25]$a$3281 [10:0] } = 17'00011000000000000
    Consolidated identical input bits for $mux cell $memory$auto$proc_rom.cc:155:do_switch$61$rdmux[0][6][49]$3448:
      Old ports: A=18'000101000000000000, B=18'000101100000000000, Y=$memory$auto$proc_rom.cc:155:do_switch$61$rdmux[0][5][24]$b$3279
      New ports: A=1'0, B=1'1, Y=$memory$auto$proc_rom.cc:155:do_switch$61$rdmux[0][5][24]$b$3279 [11]
      New connections: { $memory$auto$proc_rom.cc:155:do_switch$61$rdmux[0][5][24]$b$3279 [17:12] $memory$auto$proc_rom.cc:155:do_switch$61$rdmux[0][5][24]$b$3279 [10:0] } = 17'00010100000000000
    Consolidated identical input bits for $mux cell $memory$auto$proc_rom.cc:155:do_switch$61$rdmux[0][6][48]$3445:
      Old ports: A=18'000100000000000000, B=18'000100100000000000, Y=$memory$auto$proc_rom.cc:155:do_switch$61$rdmux[0][5][24]$a$3278
      New ports: A=1'0, B=1'1, Y=$memory$auto$proc_rom.cc:155:do_switch$61$rdmux[0][5][24]$a$3278 [11]
      New connections: { $memory$auto$proc_rom.cc:155:do_switch$61$rdmux[0][5][24]$a$3278 [17:12] $memory$auto$proc_rom.cc:155:do_switch$61$rdmux[0][5][24]$a$3278 [10:0] } = 17'00010000000000000
    Consolidated identical input bits for $mux cell $memory$auto$proc_rom.cc:155:do_switch$61$rdmux[0][6][47]$3442:
      Old ports: A=18'000011100000000000, B=18'000011110000000000, Y=$memory$auto$proc_rom.cc:155:do_switch$61$rdmux[0][5][23]$b$3276
      New ports: A=1'0, B=1'1, Y=$memory$auto$proc_rom.cc:155:do_switch$61$rdmux[0][5][23]$b$3276 [10]
      New connections: { $memory$auto$proc_rom.cc:155:do_switch$61$rdmux[0][5][23]$b$3276 [17:11] $memory$auto$proc_rom.cc:155:do_switch$61$rdmux[0][5][23]$b$3276 [9:0] } = 17'00001110000000000
    Consolidated identical input bits for $mux cell $memory$auto$proc_rom.cc:155:do_switch$61$rdmux[0][6][46]$3439:
      Old ports: A=18'000011000000000000, B=18'000011010000000000, Y=$memory$auto$proc_rom.cc:155:do_switch$61$rdmux[0][5][23]$a$3275
      New ports: A=1'0, B=1'1, Y=$memory$auto$proc_rom.cc:155:do_switch$61$rdmux[0][5][23]$a$3275 [10]
      New connections: { $memory$auto$proc_rom.cc:155:do_switch$61$rdmux[0][5][23]$a$3275 [17:11] $memory$auto$proc_rom.cc:155:do_switch$61$rdmux[0][5][23]$a$3275 [9:0] } = 17'00001100000000000
    Consolidated identical input bits for $mux cell $memory$auto$proc_rom.cc:155:do_switch$61$rdmux[0][6][45]$3436:
      Old ports: A=18'000010100000000000, B=18'000010110000000000, Y=$memory$auto$proc_rom.cc:155:do_switch$61$rdmux[0][5][22]$b$3273
      New ports: A=1'0, B=1'1, Y=$memory$auto$proc_rom.cc:155:do_switch$61$rdmux[0][5][22]$b$3273 [10]
      New connections: { $memory$auto$proc_rom.cc:155:do_switch$61$rdmux[0][5][22]$b$3273 [17:11] $memory$auto$proc_rom.cc:155:do_switch$61$rdmux[0][5][22]$b$3273 [9:0] } = 17'00001010000000000
    Consolidated identical input bits for $mux cell $memory$auto$proc_rom.cc:155:do_switch$61$rdmux[0][6][44]$3433:
      Old ports: A=18'000010000000000000, B=18'000010010000000000, Y=$memory$auto$proc_rom.cc:155:do_switch$61$rdmux[0][5][22]$a$3272
      New ports: A=1'0, B=1'1, Y=$memory$auto$proc_rom.cc:155:do_switch$61$rdmux[0][5][22]$a$3272 [10]
      New connections: { $memory$auto$proc_rom.cc:155:do_switch$61$rdmux[0][5][22]$a$3272 [17:11] $memory$auto$proc_rom.cc:155:do_switch$61$rdmux[0][5][22]$a$3272 [9:0] } = 17'00001000000000000
    Consolidated identical input bits for $mux cell $memory$auto$proc_rom.cc:155:do_switch$61$rdmux[0][6][43]$3430:
      Old ports: A=18'000001110000000000, B=18'000001111000000000, Y=$memory$auto$proc_rom.cc:155:do_switch$61$rdmux[0][5][21]$b$3270
      New ports: A=1'0, B=1'1, Y=$memory$auto$proc_rom.cc:155:do_switch$61$rdmux[0][5][21]$b$3270 [9]
      New connections: { $memory$auto$proc_rom.cc:155:do_switch$61$rdmux[0][5][21]$b$3270 [17:10] $memory$auto$proc_rom.cc:155:do_switch$61$rdmux[0][5][21]$b$3270 [8:0] } = 17'00000111000000000
    Consolidated identical input bits for $mux cell $memory$auto$proc_rom.cc:155:do_switch$61$rdmux[0][6][42]$3427:
      Old ports: A=18'000001100000000000, B=18'000001101000000000, Y=$memory$auto$proc_rom.cc:155:do_switch$61$rdmux[0][5][21]$a$3269
      New ports: A=1'0, B=1'1, Y=$memory$auto$proc_rom.cc:155:do_switch$61$rdmux[0][5][21]$a$3269 [9]
      New connections: { $memory$auto$proc_rom.cc:155:do_switch$61$rdmux[0][5][21]$a$3269 [17:10] $memory$auto$proc_rom.cc:155:do_switch$61$rdmux[0][5][21]$a$3269 [8:0] } = 17'00000110000000000
    Consolidated identical input bits for $mux cell $memory$auto$proc_rom.cc:155:do_switch$61$rdmux[0][6][41]$3424:
      Old ports: A=18'000001010000000000, B=18'000001011000000000, Y=$memory$auto$proc_rom.cc:155:do_switch$61$rdmux[0][5][20]$b$3267
      New ports: A=1'0, B=1'1, Y=$memory$auto$proc_rom.cc:155:do_switch$61$rdmux[0][5][20]$b$3267 [9]
      New connections: { $memory$auto$proc_rom.cc:155:do_switch$61$rdmux[0][5][20]$b$3267 [17:10] $memory$auto$proc_rom.cc:155:do_switch$61$rdmux[0][5][20]$b$3267 [8:0] } = 17'00000101000000000
    Consolidated identical input bits for $mux cell $memory$auto$proc_rom.cc:155:do_switch$61$rdmux[0][6][40]$3421:
      Old ports: A=18'000001000000000000, B=18'000001001000000000, Y=$memory$auto$proc_rom.cc:155:do_switch$61$rdmux[0][5][20]$a$3266
      New ports: A=1'0, B=1'1, Y=$memory$auto$proc_rom.cc:155:do_switch$61$rdmux[0][5][20]$a$3266 [9]
      New connections: { $memory$auto$proc_rom.cc:155:do_switch$61$rdmux[0][5][20]$a$3266 [17:10] $memory$auto$proc_rom.cc:155:do_switch$61$rdmux[0][5][20]$a$3266 [8:0] } = 17'00000100000000000
    Consolidated identical input bits for $mux cell $memory$auto$proc_rom.cc:155:do_switch$61$rdmux[0][6][39]$3418:
      Old ports: A=18'000000111000000000, B=18'000000111100000000, Y=$memory$auto$proc_rom.cc:155:do_switch$61$rdmux[0][5][19]$b$3264
      New ports: A=1'0, B=1'1, Y=$memory$auto$proc_rom.cc:155:do_switch$61$rdmux[0][5][19]$b$3264 [8]
      New connections: { $memory$auto$proc_rom.cc:155:do_switch$61$rdmux[0][5][19]$b$3264 [17:9] $memory$auto$proc_rom.cc:155:do_switch$61$rdmux[0][5][19]$b$3264 [7:0] } = 17'00000011100000000
    Consolidated identical input bits for $mux cell $memory$auto$proc_rom.cc:155:do_switch$61$rdmux[0][6][38]$3415:
      Old ports: A=18'000000110000000000, B=18'000000110100000000, Y=$memory$auto$proc_rom.cc:155:do_switch$61$rdmux[0][5][19]$a$3263
      New ports: A=1'0, B=1'1, Y=$memory$auto$proc_rom.cc:155:do_switch$61$rdmux[0][5][19]$a$3263 [8]
      New connections: { $memory$auto$proc_rom.cc:155:do_switch$61$rdmux[0][5][19]$a$3263 [17:9] $memory$auto$proc_rom.cc:155:do_switch$61$rdmux[0][5][19]$a$3263 [7:0] } = 17'00000011000000000
    Consolidated identical input bits for $mux cell $memory$auto$proc_rom.cc:155:do_switch$61$rdmux[0][6][37]$3412:
      Old ports: A=18'000000101000000000, B=18'000000101100000000, Y=$memory$auto$proc_rom.cc:155:do_switch$61$rdmux[0][5][18]$b$3261
      New ports: A=1'0, B=1'1, Y=$memory$auto$proc_rom.cc:155:do_switch$61$rdmux[0][5][18]$b$3261 [8]
      New connections: { $memory$auto$proc_rom.cc:155:do_switch$61$rdmux[0][5][18]$b$3261 [17:9] $memory$auto$proc_rom.cc:155:do_switch$61$rdmux[0][5][18]$b$3261 [7:0] } = 17'00000010100000000
    Consolidated identical input bits for $mux cell $memory$auto$proc_rom.cc:155:do_switch$61$rdmux[0][6][36]$3409:
      Old ports: A=18'000000100000000000, B=18'000000100100000000, Y=$memory$auto$proc_rom.cc:155:do_switch$61$rdmux[0][5][18]$a$3260
      New ports: A=1'0, B=1'1, Y=$memory$auto$proc_rom.cc:155:do_switch$61$rdmux[0][5][18]$a$3260 [8]
      New connections: { $memory$auto$proc_rom.cc:155:do_switch$61$rdmux[0][5][18]$a$3260 [17:9] $memory$auto$proc_rom.cc:155:do_switch$61$rdmux[0][5][18]$a$3260 [7:0] } = 17'00000010000000000
    Consolidated identical input bits for $mux cell $memory$auto$proc_rom.cc:155:do_switch$61$rdmux[0][6][35]$3406:
      Old ports: A=18'000000011100000000, B=18'000000011110000000, Y=$memory$auto$proc_rom.cc:155:do_switch$61$rdmux[0][5][17]$b$3258
      New ports: A=1'0, B=1'1, Y=$memory$auto$proc_rom.cc:155:do_switch$61$rdmux[0][5][17]$b$3258 [7]
      New connections: { $memory$auto$proc_rom.cc:155:do_switch$61$rdmux[0][5][17]$b$3258 [17:8] $memory$auto$proc_rom.cc:155:do_switch$61$rdmux[0][5][17]$b$3258 [6:0] } = 17'00000001110000000
    Consolidated identical input bits for $mux cell $memory$auto$proc_rom.cc:155:do_switch$61$rdmux[0][6][34]$3403:
      Old ports: A=18'000000011000000000, B=18'000000011010000000, Y=$memory$auto$proc_rom.cc:155:do_switch$61$rdmux[0][5][17]$a$3257
      New ports: A=1'0, B=1'1, Y=$memory$auto$proc_rom.cc:155:do_switch$61$rdmux[0][5][17]$a$3257 [7]
      New connections: { $memory$auto$proc_rom.cc:155:do_switch$61$rdmux[0][5][17]$a$3257 [17:8] $memory$auto$proc_rom.cc:155:do_switch$61$rdmux[0][5][17]$a$3257 [6:0] } = 17'00000001100000000
    Consolidated identical input bits for $mux cell $memory$auto$proc_rom.cc:155:do_switch$61$rdmux[0][6][33]$3400:
      Old ports: A=18'000000010100000000, B=18'000000010110000000, Y=$memory$auto$proc_rom.cc:155:do_switch$61$rdmux[0][5][16]$b$3255
      New ports: A=1'0, B=1'1, Y=$memory$auto$proc_rom.cc:155:do_switch$61$rdmux[0][5][16]$b$3255 [7]
      New connections: { $memory$auto$proc_rom.cc:155:do_switch$61$rdmux[0][5][16]$b$3255 [17:8] $memory$auto$proc_rom.cc:155:do_switch$61$rdmux[0][5][16]$b$3255 [6:0] } = 17'00000001010000000
    Consolidated identical input bits for $mux cell $memory$auto$proc_rom.cc:155:do_switch$61$rdmux[0][6][32]$3397:
      Old ports: A=18'000000010000000000, B=18'000000010010000000, Y=$memory$auto$proc_rom.cc:155:do_switch$61$rdmux[0][5][16]$a$3254
      New ports: A=1'0, B=1'1, Y=$memory$auto$proc_rom.cc:155:do_switch$61$rdmux[0][5][16]$a$3254 [7]
      New connections: { $memory$auto$proc_rom.cc:155:do_switch$61$rdmux[0][5][16]$a$3254 [17:8] $memory$auto$proc_rom.cc:155:do_switch$61$rdmux[0][5][16]$a$3254 [6:0] } = 17'00000001000000000
    Consolidated identical input bits for $mux cell $memory$auto$proc_rom.cc:155:do_switch$61$rdmux[0][6][31]$3394:
      Old ports: A=18'000000001110000000, B=18'000000001111000000, Y=$memory$auto$proc_rom.cc:155:do_switch$61$rdmux[0][5][15]$b$3252
      New ports: A=1'0, B=1'1, Y=$memory$auto$proc_rom.cc:155:do_switch$61$rdmux[0][5][15]$b$3252 [6]
      New connections: { $memory$auto$proc_rom.cc:155:do_switch$61$rdmux[0][5][15]$b$3252 [17:7] $memory$auto$proc_rom.cc:155:do_switch$61$rdmux[0][5][15]$b$3252 [5:0] } = 17'00000000111000000
    Consolidated identical input bits for $mux cell $memory$auto$proc_rom.cc:155:do_switch$61$rdmux[0][6][30]$3391:
      Old ports: A=18'000000001100000000, B=18'000000001101000000, Y=$memory$auto$proc_rom.cc:155:do_switch$61$rdmux[0][5][15]$a$3251
      New ports: A=1'0, B=1'1, Y=$memory$auto$proc_rom.cc:155:do_switch$61$rdmux[0][5][15]$a$3251 [6]
      New connections: { $memory$auto$proc_rom.cc:155:do_switch$61$rdmux[0][5][15]$a$3251 [17:7] $memory$auto$proc_rom.cc:155:do_switch$61$rdmux[0][5][15]$a$3251 [5:0] } = 17'00000000110000000
    Consolidated identical input bits for $mux cell $memory$auto$proc_rom.cc:155:do_switch$61$rdmux[0][6][29]$3388:
      Old ports: A=18'000000001010000000, B=18'000000001011000000, Y=$memory$auto$proc_rom.cc:155:do_switch$61$rdmux[0][5][14]$b$3249
      New ports: A=1'0, B=1'1, Y=$memory$auto$proc_rom.cc:155:do_switch$61$rdmux[0][5][14]$b$3249 [6]
      New connections: { $memory$auto$proc_rom.cc:155:do_switch$61$rdmux[0][5][14]$b$3249 [17:7] $memory$auto$proc_rom.cc:155:do_switch$61$rdmux[0][5][14]$b$3249 [5:0] } = 17'00000000101000000
    Consolidated identical input bits for $mux cell $memory$auto$proc_rom.cc:155:do_switch$61$rdmux[0][6][28]$3385:
      Old ports: A=18'000000001000000000, B=18'000000001001000000, Y=$memory$auto$proc_rom.cc:155:do_switch$61$rdmux[0][5][14]$a$3248
      New ports: A=1'0, B=1'1, Y=$memory$auto$proc_rom.cc:155:do_switch$61$rdmux[0][5][14]$a$3248 [6]
      New connections: { $memory$auto$proc_rom.cc:155:do_switch$61$rdmux[0][5][14]$a$3248 [17:7] $memory$auto$proc_rom.cc:155:do_switch$61$rdmux[0][5][14]$a$3248 [5:0] } = 17'00000000100000000
    Consolidated identical input bits for $mux cell $memory$auto$proc_rom.cc:155:do_switch$61$rdmux[0][6][27]$3382:
      Old ports: A=18'000000000111000000, B=18'000000000111100000, Y=$memory$auto$proc_rom.cc:155:do_switch$61$rdmux[0][5][13]$b$3246
      New ports: A=1'0, B=1'1, Y=$memory$auto$proc_rom.cc:155:do_switch$61$rdmux[0][5][13]$b$3246 [5]
      New connections: { $memory$auto$proc_rom.cc:155:do_switch$61$rdmux[0][5][13]$b$3246 [17:6] $memory$auto$proc_rom.cc:155:do_switch$61$rdmux[0][5][13]$b$3246 [4:0] } = 17'00000000011100000
    Consolidated identical input bits for $mux cell $memory$auto$proc_rom.cc:155:do_switch$61$rdmux[0][6][26]$3379:
      Old ports: A=18'000000000110000000, B=18'000000000110100000, Y=$memory$auto$proc_rom.cc:155:do_switch$61$rdmux[0][5][13]$a$3245
      New ports: A=1'0, B=1'1, Y=$memory$auto$proc_rom.cc:155:do_switch$61$rdmux[0][5][13]$a$3245 [5]
      New connections: { $memory$auto$proc_rom.cc:155:do_switch$61$rdmux[0][5][13]$a$3245 [17:6] $memory$auto$proc_rom.cc:155:do_switch$61$rdmux[0][5][13]$a$3245 [4:0] } = 17'00000000011000000
    Consolidated identical input bits for $mux cell $memory$auto$proc_rom.cc:155:do_switch$61$rdmux[0][6][25]$3376:
      Old ports: A=18'000000000101000000, B=18'000000000101100000, Y=$memory$auto$proc_rom.cc:155:do_switch$61$rdmux[0][5][12]$b$3243
      New ports: A=1'0, B=1'1, Y=$memory$auto$proc_rom.cc:155:do_switch$61$rdmux[0][5][12]$b$3243 [5]
      New connections: { $memory$auto$proc_rom.cc:155:do_switch$61$rdmux[0][5][12]$b$3243 [17:6] $memory$auto$proc_rom.cc:155:do_switch$61$rdmux[0][5][12]$b$3243 [4:0] } = 17'00000000010100000
    Consolidated identical input bits for $mux cell $memory$auto$proc_rom.cc:155:do_switch$61$rdmux[0][6][24]$3373:
      Old ports: A=18'000000000100000000, B=18'000000000100100000, Y=$memory$auto$proc_rom.cc:155:do_switch$61$rdmux[0][5][12]$a$3242
      New ports: A=1'0, B=1'1, Y=$memory$auto$proc_rom.cc:155:do_switch$61$rdmux[0][5][12]$a$3242 [5]
      New connections: { $memory$auto$proc_rom.cc:155:do_switch$61$rdmux[0][5][12]$a$3242 [17:6] $memory$auto$proc_rom.cc:155:do_switch$61$rdmux[0][5][12]$a$3242 [4:0] } = 17'00000000010000000
    Consolidated identical input bits for $mux cell $memory$auto$proc_rom.cc:155:do_switch$61$rdmux[0][6][23]$3370:
      Old ports: A=18'000000000011100000, B=18'000000000011110000, Y=$memory$auto$proc_rom.cc:155:do_switch$61$rdmux[0][5][11]$b$3240
      New ports: A=1'0, B=1'1, Y=$memory$auto$proc_rom.cc:155:do_switch$61$rdmux[0][5][11]$b$3240 [4]
      New connections: { $memory$auto$proc_rom.cc:155:do_switch$61$rdmux[0][5][11]$b$3240 [17:5] $memory$auto$proc_rom.cc:155:do_switch$61$rdmux[0][5][11]$b$3240 [3:0] } = 17'00000000001110000
    Consolidated identical input bits for $mux cell $memory$auto$proc_rom.cc:155:do_switch$61$rdmux[0][6][22]$3367:
      Old ports: A=18'000000000011000000, B=18'000000000011010000, Y=$memory$auto$proc_rom.cc:155:do_switch$61$rdmux[0][5][11]$a$3239
      New ports: A=1'0, B=1'1, Y=$memory$auto$proc_rom.cc:155:do_switch$61$rdmux[0][5][11]$a$3239 [4]
      New connections: { $memory$auto$proc_rom.cc:155:do_switch$61$rdmux[0][5][11]$a$3239 [17:5] $memory$auto$proc_rom.cc:155:do_switch$61$rdmux[0][5][11]$a$3239 [3:0] } = 17'00000000001100000
    Consolidated identical input bits for $mux cell $memory$auto$proc_rom.cc:155:do_switch$61$rdmux[0][6][21]$3364:
      Old ports: A=18'000000000010100000, B=18'000000000010110000, Y=$memory$auto$proc_rom.cc:155:do_switch$61$rdmux[0][5][10]$b$3237
      New ports: A=1'0, B=1'1, Y=$memory$auto$proc_rom.cc:155:do_switch$61$rdmux[0][5][10]$b$3237 [4]
      New connections: { $memory$auto$proc_rom.cc:155:do_switch$61$rdmux[0][5][10]$b$3237 [17:5] $memory$auto$proc_rom.cc:155:do_switch$61$rdmux[0][5][10]$b$3237 [3:0] } = 17'00000000001010000
    Consolidated identical input bits for $mux cell $memory$auto$proc_rom.cc:155:do_switch$61$rdmux[0][6][20]$3361:
      Old ports: A=18'000000000010000000, B=18'000000000010010000, Y=$memory$auto$proc_rom.cc:155:do_switch$61$rdmux[0][5][10]$a$3236
      New ports: A=1'0, B=1'1, Y=$memory$auto$proc_rom.cc:155:do_switch$61$rdmux[0][5][10]$a$3236 [4]
      New connections: { $memory$auto$proc_rom.cc:155:do_switch$61$rdmux[0][5][10]$a$3236 [17:5] $memory$auto$proc_rom.cc:155:do_switch$61$rdmux[0][5][10]$a$3236 [3:0] } = 17'00000000001000000
    Consolidated identical input bits for $mux cell $memory$auto$proc_rom.cc:155:do_switch$61$rdmux[0][6][19]$3358:
      Old ports: A=18'000000000001110000, B=18'000000000001111000, Y=$memory$auto$proc_rom.cc:155:do_switch$61$rdmux[0][5][9]$b$3234
      New ports: A=1'0, B=1'1, Y=$memory$auto$proc_rom.cc:155:do_switch$61$rdmux[0][5][9]$b$3234 [3]
      New connections: { $memory$auto$proc_rom.cc:155:do_switch$61$rdmux[0][5][9]$b$3234 [17:4] $memory$auto$proc_rom.cc:155:do_switch$61$rdmux[0][5][9]$b$3234 [2:0] } = 17'00000000000111000
    Consolidated identical input bits for $mux cell $memory$auto$proc_rom.cc:155:do_switch$61$rdmux[0][6][18]$3355:
      Old ports: A=18'000000000001100000, B=18'000000000001101000, Y=$memory$auto$proc_rom.cc:155:do_switch$61$rdmux[0][5][9]$a$3233
      New ports: A=1'0, B=1'1, Y=$memory$auto$proc_rom.cc:155:do_switch$61$rdmux[0][5][9]$a$3233 [3]
      New connections: { $memory$auto$proc_rom.cc:155:do_switch$61$rdmux[0][5][9]$a$3233 [17:4] $memory$auto$proc_rom.cc:155:do_switch$61$rdmux[0][5][9]$a$3233 [2:0] } = 17'00000000000110000
    Consolidated identical input bits for $mux cell $memory$auto$proc_rom.cc:155:do_switch$61$rdmux[0][6][17]$3352:
      Old ports: A=18'000000000001010000, B=18'000000000001011000, Y=$memory$auto$proc_rom.cc:155:do_switch$61$rdmux[0][5][8]$b$3231
      New ports: A=1'0, B=1'1, Y=$memory$auto$proc_rom.cc:155:do_switch$61$rdmux[0][5][8]$b$3231 [3]
      New connections: { $memory$auto$proc_rom.cc:155:do_switch$61$rdmux[0][5][8]$b$3231 [17:4] $memory$auto$proc_rom.cc:155:do_switch$61$rdmux[0][5][8]$b$3231 [2:0] } = 17'00000000000101000
    Consolidated identical input bits for $mux cell $memory$auto$proc_rom.cc:155:do_switch$61$rdmux[0][6][16]$3349:
      Old ports: A=18'000000000001000000, B=18'000000000001001000, Y=$memory$auto$proc_rom.cc:155:do_switch$61$rdmux[0][5][8]$a$3230
      New ports: A=1'0, B=1'1, Y=$memory$auto$proc_rom.cc:155:do_switch$61$rdmux[0][5][8]$a$3230 [3]
      New connections: { $memory$auto$proc_rom.cc:155:do_switch$61$rdmux[0][5][8]$a$3230 [17:4] $memory$auto$proc_rom.cc:155:do_switch$61$rdmux[0][5][8]$a$3230 [2:0] } = 17'00000000000100000
    Consolidated identical input bits for $mux cell $memory$auto$proc_rom.cc:155:do_switch$61$rdmux[0][6][15]$3346:
      Old ports: A=18'000000000000111000, B=18'000000000000111100, Y=$memory$auto$proc_rom.cc:155:do_switch$61$rdmux[0][5][7]$b$3228
      New ports: A=1'0, B=1'1, Y=$memory$auto$proc_rom.cc:155:do_switch$61$rdmux[0][5][7]$b$3228 [2]
      New connections: { $memory$auto$proc_rom.cc:155:do_switch$61$rdmux[0][5][7]$b$3228 [17:3] $memory$auto$proc_rom.cc:155:do_switch$61$rdmux[0][5][7]$b$3228 [1:0] } = 17'00000000000011100
    Consolidated identical input bits for $mux cell $memory$auto$proc_rom.cc:155:do_switch$61$rdmux[0][6][14]$3343:
      Old ports: A=18'000000000000110000, B=18'000000000000110100, Y=$memory$auto$proc_rom.cc:155:do_switch$61$rdmux[0][5][7]$a$3227
      New ports: A=1'0, B=1'1, Y=$memory$auto$proc_rom.cc:155:do_switch$61$rdmux[0][5][7]$a$3227 [2]
      New connections: { $memory$auto$proc_rom.cc:155:do_switch$61$rdmux[0][5][7]$a$3227 [17:3] $memory$auto$proc_rom.cc:155:do_switch$61$rdmux[0][5][7]$a$3227 [1:0] } = 17'00000000000011000
    Consolidated identical input bits for $mux cell $memory$auto$proc_rom.cc:155:do_switch$61$rdmux[0][6][13]$3340:
      Old ports: A=18'000000000000101000, B=18'000000000000101100, Y=$memory$auto$proc_rom.cc:155:do_switch$61$rdmux[0][5][6]$b$3225
      New ports: A=1'0, B=1'1, Y=$memory$auto$proc_rom.cc:155:do_switch$61$rdmux[0][5][6]$b$3225 [2]
      New connections: { $memory$auto$proc_rom.cc:155:do_switch$61$rdmux[0][5][6]$b$3225 [17:3] $memory$auto$proc_rom.cc:155:do_switch$61$rdmux[0][5][6]$b$3225 [1:0] } = 17'00000000000010100
    Consolidated identical input bits for $mux cell $memory$auto$proc_rom.cc:155:do_switch$61$rdmux[0][6][12]$3337:
      Old ports: A=18'000000000000100000, B=18'000000000000100100, Y=$memory$auto$proc_rom.cc:155:do_switch$61$rdmux[0][5][6]$a$3224
      New ports: A=1'0, B=1'1, Y=$memory$auto$proc_rom.cc:155:do_switch$61$rdmux[0][5][6]$a$3224 [2]
      New connections: { $memory$auto$proc_rom.cc:155:do_switch$61$rdmux[0][5][6]$a$3224 [17:3] $memory$auto$proc_rom.cc:155:do_switch$61$rdmux[0][5][6]$a$3224 [1:0] } = 17'00000000000010000
    Consolidated identical input bits for $mux cell $memory$auto$proc_rom.cc:155:do_switch$61$rdmux[0][6][11]$3334:
      Old ports: A=18'000000000000011100, B=18'000000000000011110, Y=$memory$auto$proc_rom.cc:155:do_switch$61$rdmux[0][5][5]$b$3222
      New ports: A=1'0, B=1'1, Y=$memory$auto$proc_rom.cc:155:do_switch$61$rdmux[0][5][5]$b$3222 [1]
      New connections: { $memory$auto$proc_rom.cc:155:do_switch$61$rdmux[0][5][5]$b$3222 [17:2] $memory$auto$proc_rom.cc:155:do_switch$61$rdmux[0][5][5]$b$3222 [0] } = 17'00000000000001110
    Consolidated identical input bits for $mux cell $memory$auto$proc_rom.cc:155:do_switch$61$rdmux[0][6][10]$3331:
      Old ports: A=18'000000000000011000, B=18'000000000000011010, Y=$memory$auto$proc_rom.cc:155:do_switch$61$rdmux[0][5][5]$a$3221
      New ports: A=1'0, B=1'1, Y=$memory$auto$proc_rom.cc:155:do_switch$61$rdmux[0][5][5]$a$3221 [1]
      New connections: { $memory$auto$proc_rom.cc:155:do_switch$61$rdmux[0][5][5]$a$3221 [17:2] $memory$auto$proc_rom.cc:155:do_switch$61$rdmux[0][5][5]$a$3221 [0] } = 17'00000000000001100
    Consolidated identical input bits for $mux cell $memory$auto$proc_rom.cc:155:do_switch$61$rdmux[0][6][9]$3328:
      Old ports: A=18'000000000000010100, B=18'000000000000010110, Y=$memory$auto$proc_rom.cc:155:do_switch$61$rdmux[0][5][4]$b$3219
      New ports: A=1'0, B=1'1, Y=$memory$auto$proc_rom.cc:155:do_switch$61$rdmux[0][5][4]$b$3219 [1]
      New connections: { $memory$auto$proc_rom.cc:155:do_switch$61$rdmux[0][5][4]$b$3219 [17:2] $memory$auto$proc_rom.cc:155:do_switch$61$rdmux[0][5][4]$b$3219 [0] } = 17'00000000000001010
    Consolidated identical input bits for $mux cell $memory$auto$proc_rom.cc:155:do_switch$61$rdmux[0][6][8]$3325:
      Old ports: A=18'000000000000010000, B=18'000000000000010010, Y=$memory$auto$proc_rom.cc:155:do_switch$61$rdmux[0][5][4]$a$3218
      New ports: A=1'0, B=1'1, Y=$memory$auto$proc_rom.cc:155:do_switch$61$rdmux[0][5][4]$a$3218 [1]
      New connections: { $memory$auto$proc_rom.cc:155:do_switch$61$rdmux[0][5][4]$a$3218 [17:2] $memory$auto$proc_rom.cc:155:do_switch$61$rdmux[0][5][4]$a$3218 [0] } = 17'00000000000001000
    Consolidated identical input bits for $mux cell $memory$auto$proc_rom.cc:155:do_switch$61$rdmux[0][6][7]$3322:
      Old ports: A=18'000000000000001110, B=18'000000000000001111, Y=$memory$auto$proc_rom.cc:155:do_switch$61$rdmux[0][5][3]$b$3216
      New ports: A=1'0, B=1'1, Y=$memory$auto$proc_rom.cc:155:do_switch$61$rdmux[0][5][3]$b$3216 [0]
      New connections: $memory$auto$proc_rom.cc:155:do_switch$61$rdmux[0][5][3]$b$3216 [17:1] = 17'00000000000000111
    Consolidated identical input bits for $mux cell $memory$auto$proc_rom.cc:155:do_switch$61$rdmux[0][6][6]$3319:
      Old ports: A=18'000000000000001100, B=18'000000000000001101, Y=$memory$auto$proc_rom.cc:155:do_switch$61$rdmux[0][5][3]$a$3215
      New ports: A=1'0, B=1'1, Y=$memory$auto$proc_rom.cc:155:do_switch$61$rdmux[0][5][3]$a$3215 [0]
      New connections: $memory$auto$proc_rom.cc:155:do_switch$61$rdmux[0][5][3]$a$3215 [17:1] = 17'00000000000000110
    Consolidated identical input bits for $mux cell $memory$auto$proc_rom.cc:155:do_switch$61$rdmux[0][6][5]$3316:
      Old ports: A=18'000000000000001010, B=18'000000000000001011, Y=$memory$auto$proc_rom.cc:155:do_switch$61$rdmux[0][5][2]$b$3213
      New ports: A=1'0, B=1'1, Y=$memory$auto$proc_rom.cc:155:do_switch$61$rdmux[0][5][2]$b$3213 [0]
      New connections: $memory$auto$proc_rom.cc:155:do_switch$61$rdmux[0][5][2]$b$3213 [17:1] = 17'00000000000000101
    Consolidated identical input bits for $mux cell $memory$auto$proc_rom.cc:155:do_switch$61$rdmux[0][6][4]$3313:
      Old ports: A=18'000000000000001000, B=18'000000000000001001, Y=$memory$auto$proc_rom.cc:155:do_switch$61$rdmux[0][5][2]$a$3212
      New ports: A=1'0, B=1'1, Y=$memory$auto$proc_rom.cc:155:do_switch$61$rdmux[0][5][2]$a$3212 [0]
      New connections: $memory$auto$proc_rom.cc:155:do_switch$61$rdmux[0][5][2]$a$3212 [17:1] = 17'00000000000000100
    Consolidated identical input bits for $mux cell $memory$auto$proc_rom.cc:155:do_switch$61$rdmux[0][6][3]$3310:
      Old ports: A=18'000000000000000110, B=18'000000000000000111, Y=$memory$auto$proc_rom.cc:155:do_switch$61$rdmux[0][5][1]$b$3210
      New ports: A=1'0, B=1'1, Y=$memory$auto$proc_rom.cc:155:do_switch$61$rdmux[0][5][1]$b$3210 [0]
      New connections: $memory$auto$proc_rom.cc:155:do_switch$61$rdmux[0][5][1]$b$3210 [17:1] = 17'00000000000000011
    Consolidated identical input bits for $mux cell $memory$auto$proc_rom.cc:155:do_switch$61$rdmux[0][6][2]$3307:
      Old ports: A=18'000000000000000100, B=18'000000000000000101, Y=$memory$auto$proc_rom.cc:155:do_switch$61$rdmux[0][5][1]$a$3209
      New ports: A=1'0, B=1'1, Y=$memory$auto$proc_rom.cc:155:do_switch$61$rdmux[0][5][1]$a$3209 [0]
      New connections: $memory$auto$proc_rom.cc:155:do_switch$61$rdmux[0][5][1]$a$3209 [17:1] = 17'00000000000000010
    Consolidated identical input bits for $mux cell $memory$auto$proc_rom.cc:155:do_switch$61$rdmux[0][6][1]$3304:
      Old ports: A=18'000000000000000010, B=18'000000000000000011, Y=$memory$auto$proc_rom.cc:155:do_switch$61$rdmux[0][5][0]$b$3207
      New ports: A=1'0, B=1'1, Y=$memory$auto$proc_rom.cc:155:do_switch$61$rdmux[0][5][0]$b$3207 [0]
      New connections: $memory$auto$proc_rom.cc:155:do_switch$61$rdmux[0][5][0]$b$3207 [17:1] = 17'00000000000000001
    Consolidated identical input bits for $mux cell $memory$auto$proc_rom.cc:155:do_switch$61$rdmux[0][6][0]$3301:
      Old ports: A=18'000000000000000000, B=18'000000000000000001, Y=$memory$auto$proc_rom.cc:155:do_switch$61$rdmux[0][5][0]$a$3206
      New ports: A=1'0, B=1'1, Y=$memory$auto$proc_rom.cc:155:do_switch$61$rdmux[0][5][0]$a$3206 [0]
      New connections: $memory$auto$proc_rom.cc:155:do_switch$61$rdmux[0][5][0]$a$3206 [17:1] = 17'00000000000000000
    Consolidated identical input bits for $mux cell $memory$auto$proc_rom.cc:155:do_switch$65$rdmux[0][6][62]$3106:
      Old ports: A=18'110000000000000000, B=18'110100000000000000, Y=$memory$auto$proc_rom.cc:155:do_switch$65$rdmux[0][5][31]$a$2918
      New ports: A=1'0, B=1'1, Y=$memory$auto$proc_rom.cc:155:do_switch$65$rdmux[0][5][31]$a$2918 [14]
      New connections: { $memory$auto$proc_rom.cc:155:do_switch$65$rdmux[0][5][31]$a$2918 [17:15] $memory$auto$proc_rom.cc:155:do_switch$65$rdmux[0][5][31]$a$2918 [13:0] } = 17'11000000000000000
    Consolidated identical input bits for $mux cell $memory$auto$proc_rom.cc:155:do_switch$65$rdmux[0][6][61]$3103:
      Old ports: A=18'101000000000000000, B=18'101100000000000000, Y=$memory$auto$proc_rom.cc:155:do_switch$65$rdmux[0][5][30]$b$2916
      New ports: A=1'0, B=1'1, Y=$memory$auto$proc_rom.cc:155:do_switch$65$rdmux[0][5][30]$b$2916 [14]
      New connections: { $memory$auto$proc_rom.cc:155:do_switch$65$rdmux[0][5][30]$b$2916 [17:15] $memory$auto$proc_rom.cc:155:do_switch$65$rdmux[0][5][30]$b$2916 [13:0] } = 17'10100000000000000
    Consolidated identical input bits for $mux cell $memory$auto$proc_rom.cc:155:do_switch$65$rdmux[0][6][60]$3100:
      Old ports: A=18'100000000000000000, B=18'100100000000000000, Y=$memory$auto$proc_rom.cc:155:do_switch$65$rdmux[0][5][30]$a$2915
      New ports: A=1'0, B=1'1, Y=$memory$auto$proc_rom.cc:155:do_switch$65$rdmux[0][5][30]$a$2915 [14]
      New connections: { $memory$auto$proc_rom.cc:155:do_switch$65$rdmux[0][5][30]$a$2915 [17:15] $memory$auto$proc_rom.cc:155:do_switch$65$rdmux[0][5][30]$a$2915 [13:0] } = 17'10000000000000000
    Consolidated identical input bits for $mux cell $memory$auto$proc_rom.cc:155:do_switch$65$rdmux[0][6][59]$3097:
      Old ports: A=18'011100000000000000, B=18'011110000000000000, Y=$memory$auto$proc_rom.cc:155:do_switch$65$rdmux[0][5][29]$b$2913
      New ports: A=1'0, B=1'1, Y=$memory$auto$proc_rom.cc:155:do_switch$65$rdmux[0][5][29]$b$2913 [13]
      New connections: { $memory$auto$proc_rom.cc:155:do_switch$65$rdmux[0][5][29]$b$2913 [17:14] $memory$auto$proc_rom.cc:155:do_switch$65$rdmux[0][5][29]$b$2913 [12:0] } = 17'01110000000000000
    Consolidated identical input bits for $mux cell $memory$auto$proc_rom.cc:155:do_switch$65$rdmux[0][6][58]$3094:
      Old ports: A=18'011000000000000000, B=18'011010000000000000, Y=$memory$auto$proc_rom.cc:155:do_switch$65$rdmux[0][5][29]$a$2912
      New ports: A=1'0, B=1'1, Y=$memory$auto$proc_rom.cc:155:do_switch$65$rdmux[0][5][29]$a$2912 [13]
      New connections: { $memory$auto$proc_rom.cc:155:do_switch$65$rdmux[0][5][29]$a$2912 [17:14] $memory$auto$proc_rom.cc:155:do_switch$65$rdmux[0][5][29]$a$2912 [12:0] } = 17'01100000000000000
    Consolidated identical input bits for $mux cell $memory$auto$proc_rom.cc:155:do_switch$65$rdmux[0][6][57]$3091:
      Old ports: A=18'010100000000000000, B=18'010110000000000000, Y=$memory$auto$proc_rom.cc:155:do_switch$65$rdmux[0][5][28]$b$2910
      New ports: A=1'0, B=1'1, Y=$memory$auto$proc_rom.cc:155:do_switch$65$rdmux[0][5][28]$b$2910 [13]
      New connections: { $memory$auto$proc_rom.cc:155:do_switch$65$rdmux[0][5][28]$b$2910 [17:14] $memory$auto$proc_rom.cc:155:do_switch$65$rdmux[0][5][28]$b$2910 [12:0] } = 17'01010000000000000
    Consolidated identical input bits for $mux cell $memory$auto$proc_rom.cc:155:do_switch$65$rdmux[0][6][56]$3088:
      Old ports: A=18'010000000000000000, B=18'010010000000000000, Y=$memory$auto$proc_rom.cc:155:do_switch$65$rdmux[0][5][28]$a$2909
      New ports: A=1'0, B=1'1, Y=$memory$auto$proc_rom.cc:155:do_switch$65$rdmux[0][5][28]$a$2909 [13]
      New connections: { $memory$auto$proc_rom.cc:155:do_switch$65$rdmux[0][5][28]$a$2909 [17:14] $memory$auto$proc_rom.cc:155:do_switch$65$rdmux[0][5][28]$a$2909 [12:0] } = 17'01000000000000000
    Consolidated identical input bits for $mux cell $memory$auto$proc_rom.cc:155:do_switch$65$rdmux[0][6][55]$3085:
      Old ports: A=18'001110000000000000, B=18'001111000000000000, Y=$memory$auto$proc_rom.cc:155:do_switch$65$rdmux[0][5][27]$b$2907
      New ports: A=1'0, B=1'1, Y=$memory$auto$proc_rom.cc:155:do_switch$65$rdmux[0][5][27]$b$2907 [12]
      New connections: { $memory$auto$proc_rom.cc:155:do_switch$65$rdmux[0][5][27]$b$2907 [17:13] $memory$auto$proc_rom.cc:155:do_switch$65$rdmux[0][5][27]$b$2907 [11:0] } = 17'00111000000000000
    Consolidated identical input bits for $mux cell $memory$auto$proc_rom.cc:155:do_switch$65$rdmux[0][6][54]$3082:
      Old ports: A=18'001100000000000000, B=18'001101000000000000, Y=$memory$auto$proc_rom.cc:155:do_switch$65$rdmux[0][5][27]$a$2906
      New ports: A=1'0, B=1'1, Y=$memory$auto$proc_rom.cc:155:do_switch$65$rdmux[0][5][27]$a$2906 [12]
      New connections: { $memory$auto$proc_rom.cc:155:do_switch$65$rdmux[0][5][27]$a$2906 [17:13] $memory$auto$proc_rom.cc:155:do_switch$65$rdmux[0][5][27]$a$2906 [11:0] } = 17'00110000000000000
    Consolidated identical input bits for $mux cell $memory$auto$proc_rom.cc:155:do_switch$65$rdmux[0][6][53]$3079:
      Old ports: A=18'001010000000000000, B=18'001011000000000000, Y=$memory$auto$proc_rom.cc:155:do_switch$65$rdmux[0][5][26]$b$2904
      New ports: A=1'0, B=1'1, Y=$memory$auto$proc_rom.cc:155:do_switch$65$rdmux[0][5][26]$b$2904 [12]
      New connections: { $memory$auto$proc_rom.cc:155:do_switch$65$rdmux[0][5][26]$b$2904 [17:13] $memory$auto$proc_rom.cc:155:do_switch$65$rdmux[0][5][26]$b$2904 [11:0] } = 17'00101000000000000
    Consolidated identical input bits for $mux cell $memory$auto$proc_rom.cc:155:do_switch$65$rdmux[0][6][52]$3076:
      Old ports: A=18'001000000000000000, B=18'001001000000000000, Y=$memory$auto$proc_rom.cc:155:do_switch$65$rdmux[0][5][26]$a$2903
      New ports: A=1'0, B=1'1, Y=$memory$auto$proc_rom.cc:155:do_switch$65$rdmux[0][5][26]$a$2903 [12]
      New connections: { $memory$auto$proc_rom.cc:155:do_switch$65$rdmux[0][5][26]$a$2903 [17:13] $memory$auto$proc_rom.cc:155:do_switch$65$rdmux[0][5][26]$a$2903 [11:0] } = 17'00100000000000000
    Consolidated identical input bits for $mux cell $memory$auto$proc_rom.cc:155:do_switch$65$rdmux[0][6][51]$3073:
      Old ports: A=18'000111000000000000, B=18'000111100000000000, Y=$memory$auto$proc_rom.cc:155:do_switch$65$rdmux[0][5][25]$b$2901
      New ports: A=1'0, B=1'1, Y=$memory$auto$proc_rom.cc:155:do_switch$65$rdmux[0][5][25]$b$2901 [11]
      New connections: { $memory$auto$proc_rom.cc:155:do_switch$65$rdmux[0][5][25]$b$2901 [17:12] $memory$auto$proc_rom.cc:155:do_switch$65$rdmux[0][5][25]$b$2901 [10:0] } = 17'00011100000000000
    Consolidated identical input bits for $mux cell $memory$auto$proc_rom.cc:155:do_switch$65$rdmux[0][6][50]$3070:
      Old ports: A=18'000110000000000000, B=18'000110100000000000, Y=$memory$auto$proc_rom.cc:155:do_switch$65$rdmux[0][5][25]$a$2900
      New ports: A=1'0, B=1'1, Y=$memory$auto$proc_rom.cc:155:do_switch$65$rdmux[0][5][25]$a$2900 [11]
      New connections: { $memory$auto$proc_rom.cc:155:do_switch$65$rdmux[0][5][25]$a$2900 [17:12] $memory$auto$proc_rom.cc:155:do_switch$65$rdmux[0][5][25]$a$2900 [10:0] } = 17'00011000000000000
    Consolidated identical input bits for $mux cell $memory$auto$proc_rom.cc:155:do_switch$65$rdmux[0][6][49]$3067:
      Old ports: A=18'000101000000000000, B=18'000101100000000000, Y=$memory$auto$proc_rom.cc:155:do_switch$65$rdmux[0][5][24]$b$2898
      New ports: A=1'0, B=1'1, Y=$memory$auto$proc_rom.cc:155:do_switch$65$rdmux[0][5][24]$b$2898 [11]
      New connections: { $memory$auto$proc_rom.cc:155:do_switch$65$rdmux[0][5][24]$b$2898 [17:12] $memory$auto$proc_rom.cc:155:do_switch$65$rdmux[0][5][24]$b$2898 [10:0] } = 17'00010100000000000
    Consolidated identical input bits for $mux cell $memory$auto$proc_rom.cc:155:do_switch$65$rdmux[0][6][48]$3064:
      Old ports: A=18'000100000000000000, B=18'000100100000000000, Y=$memory$auto$proc_rom.cc:155:do_switch$65$rdmux[0][5][24]$a$2897
      New ports: A=1'0, B=1'1, Y=$memory$auto$proc_rom.cc:155:do_switch$65$rdmux[0][5][24]$a$2897 [11]
      New connections: { $memory$auto$proc_rom.cc:155:do_switch$65$rdmux[0][5][24]$a$2897 [17:12] $memory$auto$proc_rom.cc:155:do_switch$65$rdmux[0][5][24]$a$2897 [10:0] } = 17'00010000000000000
    Consolidated identical input bits for $mux cell $memory$auto$proc_rom.cc:155:do_switch$65$rdmux[0][6][47]$3061:
      Old ports: A=18'000011100000000000, B=18'000011110000000000, Y=$memory$auto$proc_rom.cc:155:do_switch$65$rdmux[0][5][23]$b$2895
      New ports: A=1'0, B=1'1, Y=$memory$auto$proc_rom.cc:155:do_switch$65$rdmux[0][5][23]$b$2895 [10]
      New connections: { $memory$auto$proc_rom.cc:155:do_switch$65$rdmux[0][5][23]$b$2895 [17:11] $memory$auto$proc_rom.cc:155:do_switch$65$rdmux[0][5][23]$b$2895 [9:0] } = 17'00001110000000000
    Consolidated identical input bits for $mux cell $memory$auto$proc_rom.cc:155:do_switch$65$rdmux[0][6][46]$3058:
      Old ports: A=18'000011000000000000, B=18'000011010000000000, Y=$memory$auto$proc_rom.cc:155:do_switch$65$rdmux[0][5][23]$a$2894
      New ports: A=1'0, B=1'1, Y=$memory$auto$proc_rom.cc:155:do_switch$65$rdmux[0][5][23]$a$2894 [10]
      New connections: { $memory$auto$proc_rom.cc:155:do_switch$65$rdmux[0][5][23]$a$2894 [17:11] $memory$auto$proc_rom.cc:155:do_switch$65$rdmux[0][5][23]$a$2894 [9:0] } = 17'00001100000000000
    Consolidated identical input bits for $mux cell $memory$auto$proc_rom.cc:155:do_switch$65$rdmux[0][6][45]$3055:
      Old ports: A=18'000010100000000000, B=18'000010110000000000, Y=$memory$auto$proc_rom.cc:155:do_switch$65$rdmux[0][5][22]$b$2892
      New ports: A=1'0, B=1'1, Y=$memory$auto$proc_rom.cc:155:do_switch$65$rdmux[0][5][22]$b$2892 [10]
      New connections: { $memory$auto$proc_rom.cc:155:do_switch$65$rdmux[0][5][22]$b$2892 [17:11] $memory$auto$proc_rom.cc:155:do_switch$65$rdmux[0][5][22]$b$2892 [9:0] } = 17'00001010000000000
    Consolidated identical input bits for $mux cell $memory$auto$proc_rom.cc:155:do_switch$65$rdmux[0][6][44]$3052:
      Old ports: A=18'000010000000000000, B=18'000010010000000000, Y=$memory$auto$proc_rom.cc:155:do_switch$65$rdmux[0][5][22]$a$2891
      New ports: A=1'0, B=1'1, Y=$memory$auto$proc_rom.cc:155:do_switch$65$rdmux[0][5][22]$a$2891 [10]
      New connections: { $memory$auto$proc_rom.cc:155:do_switch$65$rdmux[0][5][22]$a$2891 [17:11] $memory$auto$proc_rom.cc:155:do_switch$65$rdmux[0][5][22]$a$2891 [9:0] } = 17'00001000000000000
    Consolidated identical input bits for $mux cell $memory$auto$proc_rom.cc:155:do_switch$65$rdmux[0][6][43]$3049:
      Old ports: A=18'000001110000000000, B=18'000001111000000000, Y=$memory$auto$proc_rom.cc:155:do_switch$65$rdmux[0][5][21]$b$2889
      New ports: A=1'0, B=1'1, Y=$memory$auto$proc_rom.cc:155:do_switch$65$rdmux[0][5][21]$b$2889 [9]
      New connections: { $memory$auto$proc_rom.cc:155:do_switch$65$rdmux[0][5][21]$b$2889 [17:10] $memory$auto$proc_rom.cc:155:do_switch$65$rdmux[0][5][21]$b$2889 [8:0] } = 17'00000111000000000
    Consolidated identical input bits for $mux cell $memory$auto$proc_rom.cc:155:do_switch$65$rdmux[0][6][42]$3046:
      Old ports: A=18'000001100000000000, B=18'000001101000000000, Y=$memory$auto$proc_rom.cc:155:do_switch$65$rdmux[0][5][21]$a$2888
      New ports: A=1'0, B=1'1, Y=$memory$auto$proc_rom.cc:155:do_switch$65$rdmux[0][5][21]$a$2888 [9]
      New connections: { $memory$auto$proc_rom.cc:155:do_switch$65$rdmux[0][5][21]$a$2888 [17:10] $memory$auto$proc_rom.cc:155:do_switch$65$rdmux[0][5][21]$a$2888 [8:0] } = 17'00000110000000000
    Consolidated identical input bits for $mux cell $memory$auto$proc_rom.cc:155:do_switch$65$rdmux[0][6][41]$3043:
      Old ports: A=18'000001010000000000, B=18'000001011000000000, Y=$memory$auto$proc_rom.cc:155:do_switch$65$rdmux[0][5][20]$b$2886
      New ports: A=1'0, B=1'1, Y=$memory$auto$proc_rom.cc:155:do_switch$65$rdmux[0][5][20]$b$2886 [9]
      New connections: { $memory$auto$proc_rom.cc:155:do_switch$65$rdmux[0][5][20]$b$2886 [17:10] $memory$auto$proc_rom.cc:155:do_switch$65$rdmux[0][5][20]$b$2886 [8:0] } = 17'00000101000000000
    Consolidated identical input bits for $mux cell $memory$auto$proc_rom.cc:155:do_switch$65$rdmux[0][6][40]$3040:
      Old ports: A=18'000001000000000000, B=18'000001001000000000, Y=$memory$auto$proc_rom.cc:155:do_switch$65$rdmux[0][5][20]$a$2885
      New ports: A=1'0, B=1'1, Y=$memory$auto$proc_rom.cc:155:do_switch$65$rdmux[0][5][20]$a$2885 [9]
      New connections: { $memory$auto$proc_rom.cc:155:do_switch$65$rdmux[0][5][20]$a$2885 [17:10] $memory$auto$proc_rom.cc:155:do_switch$65$rdmux[0][5][20]$a$2885 [8:0] } = 17'00000100000000000
    Consolidated identical input bits for $mux cell $memory$auto$proc_rom.cc:155:do_switch$65$rdmux[0][6][39]$3037:
      Old ports: A=18'000000111000000000, B=18'000000111100000000, Y=$memory$auto$proc_rom.cc:155:do_switch$65$rdmux[0][5][19]$b$2883
      New ports: A=1'0, B=1'1, Y=$memory$auto$proc_rom.cc:155:do_switch$65$rdmux[0][5][19]$b$2883 [8]
      New connections: { $memory$auto$proc_rom.cc:155:do_switch$65$rdmux[0][5][19]$b$2883 [17:9] $memory$auto$proc_rom.cc:155:do_switch$65$rdmux[0][5][19]$b$2883 [7:0] } = 17'00000011100000000
    Consolidated identical input bits for $mux cell $memory$auto$proc_rom.cc:155:do_switch$65$rdmux[0][6][38]$3034:
      Old ports: A=18'000000110000000000, B=18'000000110100000000, Y=$memory$auto$proc_rom.cc:155:do_switch$65$rdmux[0][5][19]$a$2882
      New ports: A=1'0, B=1'1, Y=$memory$auto$proc_rom.cc:155:do_switch$65$rdmux[0][5][19]$a$2882 [8]
      New connections: { $memory$auto$proc_rom.cc:155:do_switch$65$rdmux[0][5][19]$a$2882 [17:9] $memory$auto$proc_rom.cc:155:do_switch$65$rdmux[0][5][19]$a$2882 [7:0] } = 17'00000011000000000
    Consolidated identical input bits for $mux cell $memory$auto$proc_rom.cc:155:do_switch$65$rdmux[0][6][37]$3031:
      Old ports: A=18'000000101000000000, B=18'000000101100000000, Y=$memory$auto$proc_rom.cc:155:do_switch$65$rdmux[0][5][18]$b$2880
      New ports: A=1'0, B=1'1, Y=$memory$auto$proc_rom.cc:155:do_switch$65$rdmux[0][5][18]$b$2880 [8]
      New connections: { $memory$auto$proc_rom.cc:155:do_switch$65$rdmux[0][5][18]$b$2880 [17:9] $memory$auto$proc_rom.cc:155:do_switch$65$rdmux[0][5][18]$b$2880 [7:0] } = 17'00000010100000000
    Consolidated identical input bits for $mux cell $memory$auto$proc_rom.cc:155:do_switch$65$rdmux[0][6][36]$3028:
      Old ports: A=18'000000100000000000, B=18'000000100100000000, Y=$memory$auto$proc_rom.cc:155:do_switch$65$rdmux[0][5][18]$a$2879
      New ports: A=1'0, B=1'1, Y=$memory$auto$proc_rom.cc:155:do_switch$65$rdmux[0][5][18]$a$2879 [8]
      New connections: { $memory$auto$proc_rom.cc:155:do_switch$65$rdmux[0][5][18]$a$2879 [17:9] $memory$auto$proc_rom.cc:155:do_switch$65$rdmux[0][5][18]$a$2879 [7:0] } = 17'00000010000000000
    Consolidated identical input bits for $mux cell $memory$auto$proc_rom.cc:155:do_switch$65$rdmux[0][6][35]$3025:
      Old ports: A=18'000000011100000000, B=18'000000011110000000, Y=$memory$auto$proc_rom.cc:155:do_switch$65$rdmux[0][5][17]$b$2877
      New ports: A=1'0, B=1'1, Y=$memory$auto$proc_rom.cc:155:do_switch$65$rdmux[0][5][17]$b$2877 [7]
      New connections: { $memory$auto$proc_rom.cc:155:do_switch$65$rdmux[0][5][17]$b$2877 [17:8] $memory$auto$proc_rom.cc:155:do_switch$65$rdmux[0][5][17]$b$2877 [6:0] } = 17'00000001110000000
    Consolidated identical input bits for $mux cell $memory$auto$proc_rom.cc:155:do_switch$65$rdmux[0][6][34]$3022:
      Old ports: A=18'000000011000000000, B=18'000000011010000000, Y=$memory$auto$proc_rom.cc:155:do_switch$65$rdmux[0][5][17]$a$2876
      New ports: A=1'0, B=1'1, Y=$memory$auto$proc_rom.cc:155:do_switch$65$rdmux[0][5][17]$a$2876 [7]
      New connections: { $memory$auto$proc_rom.cc:155:do_switch$65$rdmux[0][5][17]$a$2876 [17:8] $memory$auto$proc_rom.cc:155:do_switch$65$rdmux[0][5][17]$a$2876 [6:0] } = 17'00000001100000000
    Consolidated identical input bits for $mux cell $memory$auto$proc_rom.cc:155:do_switch$65$rdmux[0][6][33]$3019:
      Old ports: A=18'000000010100000000, B=18'000000010110000000, Y=$memory$auto$proc_rom.cc:155:do_switch$65$rdmux[0][5][16]$b$2874
      New ports: A=1'0, B=1'1, Y=$memory$auto$proc_rom.cc:155:do_switch$65$rdmux[0][5][16]$b$2874 [7]
      New connections: { $memory$auto$proc_rom.cc:155:do_switch$65$rdmux[0][5][16]$b$2874 [17:8] $memory$auto$proc_rom.cc:155:do_switch$65$rdmux[0][5][16]$b$2874 [6:0] } = 17'00000001010000000
    Consolidated identical input bits for $mux cell $memory$auto$proc_rom.cc:155:do_switch$65$rdmux[0][6][32]$3016:
      Old ports: A=18'000000010000000000, B=18'000000010010000000, Y=$memory$auto$proc_rom.cc:155:do_switch$65$rdmux[0][5][16]$a$2873
      New ports: A=1'0, B=1'1, Y=$memory$auto$proc_rom.cc:155:do_switch$65$rdmux[0][5][16]$a$2873 [7]
      New connections: { $memory$auto$proc_rom.cc:155:do_switch$65$rdmux[0][5][16]$a$2873 [17:8] $memory$auto$proc_rom.cc:155:do_switch$65$rdmux[0][5][16]$a$2873 [6:0] } = 17'00000001000000000
    Consolidated identical input bits for $mux cell $memory$auto$proc_rom.cc:155:do_switch$65$rdmux[0][6][31]$3013:
      Old ports: A=18'000000001110000000, B=18'000000001111000000, Y=$memory$auto$proc_rom.cc:155:do_switch$65$rdmux[0][5][15]$b$2871
      New ports: A=1'0, B=1'1, Y=$memory$auto$proc_rom.cc:155:do_switch$65$rdmux[0][5][15]$b$2871 [6]
      New connections: { $memory$auto$proc_rom.cc:155:do_switch$65$rdmux[0][5][15]$b$2871 [17:7] $memory$auto$proc_rom.cc:155:do_switch$65$rdmux[0][5][15]$b$2871 [5:0] } = 17'00000000111000000
    Consolidated identical input bits for $mux cell $memory$auto$proc_rom.cc:155:do_switch$65$rdmux[0][6][30]$3010:
      Old ports: A=18'000000001100000000, B=18'000000001101000000, Y=$memory$auto$proc_rom.cc:155:do_switch$65$rdmux[0][5][15]$a$2870
      New ports: A=1'0, B=1'1, Y=$memory$auto$proc_rom.cc:155:do_switch$65$rdmux[0][5][15]$a$2870 [6]
      New connections: { $memory$auto$proc_rom.cc:155:do_switch$65$rdmux[0][5][15]$a$2870 [17:7] $memory$auto$proc_rom.cc:155:do_switch$65$rdmux[0][5][15]$a$2870 [5:0] } = 17'00000000110000000
    Consolidated identical input bits for $mux cell $memory$auto$proc_rom.cc:155:do_switch$65$rdmux[0][6][29]$3007:
      Old ports: A=18'000000001010000000, B=18'000000001011000000, Y=$memory$auto$proc_rom.cc:155:do_switch$65$rdmux[0][5][14]$b$2868
      New ports: A=1'0, B=1'1, Y=$memory$auto$proc_rom.cc:155:do_switch$65$rdmux[0][5][14]$b$2868 [6]
      New connections: { $memory$auto$proc_rom.cc:155:do_switch$65$rdmux[0][5][14]$b$2868 [17:7] $memory$auto$proc_rom.cc:155:do_switch$65$rdmux[0][5][14]$b$2868 [5:0] } = 17'00000000101000000
    Consolidated identical input bits for $mux cell $memory$auto$proc_rom.cc:155:do_switch$65$rdmux[0][6][28]$3004:
      Old ports: A=18'000000001000000000, B=18'000000001001000000, Y=$memory$auto$proc_rom.cc:155:do_switch$65$rdmux[0][5][14]$a$2867
      New ports: A=1'0, B=1'1, Y=$memory$auto$proc_rom.cc:155:do_switch$65$rdmux[0][5][14]$a$2867 [6]
      New connections: { $memory$auto$proc_rom.cc:155:do_switch$65$rdmux[0][5][14]$a$2867 [17:7] $memory$auto$proc_rom.cc:155:do_switch$65$rdmux[0][5][14]$a$2867 [5:0] } = 17'00000000100000000
    Consolidated identical input bits for $mux cell $memory$auto$proc_rom.cc:155:do_switch$65$rdmux[0][6][27]$3001:
      Old ports: A=18'000000000111000000, B=18'000000000111100000, Y=$memory$auto$proc_rom.cc:155:do_switch$65$rdmux[0][5][13]$b$2865
      New ports: A=1'0, B=1'1, Y=$memory$auto$proc_rom.cc:155:do_switch$65$rdmux[0][5][13]$b$2865 [5]
      New connections: { $memory$auto$proc_rom.cc:155:do_switch$65$rdmux[0][5][13]$b$2865 [17:6] $memory$auto$proc_rom.cc:155:do_switch$65$rdmux[0][5][13]$b$2865 [4:0] } = 17'00000000011100000
    Consolidated identical input bits for $mux cell $memory$auto$proc_rom.cc:155:do_switch$65$rdmux[0][6][26]$2998:
      Old ports: A=18'000000000110000000, B=18'000000000110100000, Y=$memory$auto$proc_rom.cc:155:do_switch$65$rdmux[0][5][13]$a$2864
      New ports: A=1'0, B=1'1, Y=$memory$auto$proc_rom.cc:155:do_switch$65$rdmux[0][5][13]$a$2864 [5]
      New connections: { $memory$auto$proc_rom.cc:155:do_switch$65$rdmux[0][5][13]$a$2864 [17:6] $memory$auto$proc_rom.cc:155:do_switch$65$rdmux[0][5][13]$a$2864 [4:0] } = 17'00000000011000000
    Consolidated identical input bits for $mux cell $memory$auto$proc_rom.cc:155:do_switch$65$rdmux[0][6][25]$2995:
      Old ports: A=18'000000000101000000, B=18'000000000101100000, Y=$memory$auto$proc_rom.cc:155:do_switch$65$rdmux[0][5][12]$b$2862
      New ports: A=1'0, B=1'1, Y=$memory$auto$proc_rom.cc:155:do_switch$65$rdmux[0][5][12]$b$2862 [5]
      New connections: { $memory$auto$proc_rom.cc:155:do_switch$65$rdmux[0][5][12]$b$2862 [17:6] $memory$auto$proc_rom.cc:155:do_switch$65$rdmux[0][5][12]$b$2862 [4:0] } = 17'00000000010100000
    Consolidated identical input bits for $mux cell $memory$auto$proc_rom.cc:155:do_switch$65$rdmux[0][6][24]$2992:
      Old ports: A=18'000000000100000000, B=18'000000000100100000, Y=$memory$auto$proc_rom.cc:155:do_switch$65$rdmux[0][5][12]$a$2861
      New ports: A=1'0, B=1'1, Y=$memory$auto$proc_rom.cc:155:do_switch$65$rdmux[0][5][12]$a$2861 [5]
      New connections: { $memory$auto$proc_rom.cc:155:do_switch$65$rdmux[0][5][12]$a$2861 [17:6] $memory$auto$proc_rom.cc:155:do_switch$65$rdmux[0][5][12]$a$2861 [4:0] } = 17'00000000010000000
    Consolidated identical input bits for $mux cell $memory$auto$proc_rom.cc:155:do_switch$65$rdmux[0][6][23]$2989:
      Old ports: A=18'000000000011100000, B=18'000000000011110000, Y=$memory$auto$proc_rom.cc:155:do_switch$65$rdmux[0][5][11]$b$2859
      New ports: A=1'0, B=1'1, Y=$memory$auto$proc_rom.cc:155:do_switch$65$rdmux[0][5][11]$b$2859 [4]
      New connections: { $memory$auto$proc_rom.cc:155:do_switch$65$rdmux[0][5][11]$b$2859 [17:5] $memory$auto$proc_rom.cc:155:do_switch$65$rdmux[0][5][11]$b$2859 [3:0] } = 17'00000000001110000
    Consolidated identical input bits for $mux cell $memory$auto$proc_rom.cc:155:do_switch$65$rdmux[0][6][22]$2986:
      Old ports: A=18'000000000011000000, B=18'000000000011010000, Y=$memory$auto$proc_rom.cc:155:do_switch$65$rdmux[0][5][11]$a$2858
      New ports: A=1'0, B=1'1, Y=$memory$auto$proc_rom.cc:155:do_switch$65$rdmux[0][5][11]$a$2858 [4]
      New connections: { $memory$auto$proc_rom.cc:155:do_switch$65$rdmux[0][5][11]$a$2858 [17:5] $memory$auto$proc_rom.cc:155:do_switch$65$rdmux[0][5][11]$a$2858 [3:0] } = 17'00000000001100000
    Consolidated identical input bits for $mux cell $memory$auto$proc_rom.cc:155:do_switch$65$rdmux[0][6][21]$2983:
      Old ports: A=18'000000000010100000, B=18'000000000010110000, Y=$memory$auto$proc_rom.cc:155:do_switch$65$rdmux[0][5][10]$b$2856
      New ports: A=1'0, B=1'1, Y=$memory$auto$proc_rom.cc:155:do_switch$65$rdmux[0][5][10]$b$2856 [4]
      New connections: { $memory$auto$proc_rom.cc:155:do_switch$65$rdmux[0][5][10]$b$2856 [17:5] $memory$auto$proc_rom.cc:155:do_switch$65$rdmux[0][5][10]$b$2856 [3:0] } = 17'00000000001010000
    Consolidated identical input bits for $mux cell $memory$auto$proc_rom.cc:155:do_switch$65$rdmux[0][6][20]$2980:
      Old ports: A=18'000000000010000000, B=18'000000000010010000, Y=$memory$auto$proc_rom.cc:155:do_switch$65$rdmux[0][5][10]$a$2855
      New ports: A=1'0, B=1'1, Y=$memory$auto$proc_rom.cc:155:do_switch$65$rdmux[0][5][10]$a$2855 [4]
      New connections: { $memory$auto$proc_rom.cc:155:do_switch$65$rdmux[0][5][10]$a$2855 [17:5] $memory$auto$proc_rom.cc:155:do_switch$65$rdmux[0][5][10]$a$2855 [3:0] } = 17'00000000001000000
    Consolidated identical input bits for $mux cell $memory$auto$proc_rom.cc:155:do_switch$65$rdmux[0][6][19]$2977:
      Old ports: A=18'000000000001110000, B=18'000000000001111000, Y=$memory$auto$proc_rom.cc:155:do_switch$65$rdmux[0][5][9]$b$2853
      New ports: A=1'0, B=1'1, Y=$memory$auto$proc_rom.cc:155:do_switch$65$rdmux[0][5][9]$b$2853 [3]
      New connections: { $memory$auto$proc_rom.cc:155:do_switch$65$rdmux[0][5][9]$b$2853 [17:4] $memory$auto$proc_rom.cc:155:do_switch$65$rdmux[0][5][9]$b$2853 [2:0] } = 17'00000000000111000
    Consolidated identical input bits for $mux cell $memory$auto$proc_rom.cc:155:do_switch$65$rdmux[0][6][18]$2974:
      Old ports: A=18'000000000001100000, B=18'000000000001101000, Y=$memory$auto$proc_rom.cc:155:do_switch$65$rdmux[0][5][9]$a$2852
      New ports: A=1'0, B=1'1, Y=$memory$auto$proc_rom.cc:155:do_switch$65$rdmux[0][5][9]$a$2852 [3]
      New connections: { $memory$auto$proc_rom.cc:155:do_switch$65$rdmux[0][5][9]$a$2852 [17:4] $memory$auto$proc_rom.cc:155:do_switch$65$rdmux[0][5][9]$a$2852 [2:0] } = 17'00000000000110000
    Consolidated identical input bits for $mux cell $memory$auto$proc_rom.cc:155:do_switch$65$rdmux[0][6][17]$2971:
      Old ports: A=18'000000000001010000, B=18'000000000001011000, Y=$memory$auto$proc_rom.cc:155:do_switch$65$rdmux[0][5][8]$b$2850
      New ports: A=1'0, B=1'1, Y=$memory$auto$proc_rom.cc:155:do_switch$65$rdmux[0][5][8]$b$2850 [3]
      New connections: { $memory$auto$proc_rom.cc:155:do_switch$65$rdmux[0][5][8]$b$2850 [17:4] $memory$auto$proc_rom.cc:155:do_switch$65$rdmux[0][5][8]$b$2850 [2:0] } = 17'00000000000101000
    Consolidated identical input bits for $mux cell $memory$auto$proc_rom.cc:155:do_switch$65$rdmux[0][6][16]$2968:
      Old ports: A=18'000000000001000000, B=18'000000000001001000, Y=$memory$auto$proc_rom.cc:155:do_switch$65$rdmux[0][5][8]$a$2849
      New ports: A=1'0, B=1'1, Y=$memory$auto$proc_rom.cc:155:do_switch$65$rdmux[0][5][8]$a$2849 [3]
      New connections: { $memory$auto$proc_rom.cc:155:do_switch$65$rdmux[0][5][8]$a$2849 [17:4] $memory$auto$proc_rom.cc:155:do_switch$65$rdmux[0][5][8]$a$2849 [2:0] } = 17'00000000000100000
    Consolidated identical input bits for $mux cell $memory$auto$proc_rom.cc:155:do_switch$65$rdmux[0][6][15]$2965:
      Old ports: A=18'000000000000111000, B=18'000000000000111100, Y=$memory$auto$proc_rom.cc:155:do_switch$65$rdmux[0][5][7]$b$2847
      New ports: A=1'0, B=1'1, Y=$memory$auto$proc_rom.cc:155:do_switch$65$rdmux[0][5][7]$b$2847 [2]
      New connections: { $memory$auto$proc_rom.cc:155:do_switch$65$rdmux[0][5][7]$b$2847 [17:3] $memory$auto$proc_rom.cc:155:do_switch$65$rdmux[0][5][7]$b$2847 [1:0] } = 17'00000000000011100
    Consolidated identical input bits for $mux cell $memory$auto$proc_rom.cc:155:do_switch$65$rdmux[0][6][14]$2962:
      Old ports: A=18'000000000000110000, B=18'000000000000110100, Y=$memory$auto$proc_rom.cc:155:do_switch$65$rdmux[0][5][7]$a$2846
      New ports: A=1'0, B=1'1, Y=$memory$auto$proc_rom.cc:155:do_switch$65$rdmux[0][5][7]$a$2846 [2]
      New connections: { $memory$auto$proc_rom.cc:155:do_switch$65$rdmux[0][5][7]$a$2846 [17:3] $memory$auto$proc_rom.cc:155:do_switch$65$rdmux[0][5][7]$a$2846 [1:0] } = 17'00000000000011000
    Consolidated identical input bits for $mux cell $memory$auto$proc_rom.cc:155:do_switch$65$rdmux[0][6][13]$2959:
      Old ports: A=18'000000000000101000, B=18'000000000000101100, Y=$memory$auto$proc_rom.cc:155:do_switch$65$rdmux[0][5][6]$b$2844
      New ports: A=1'0, B=1'1, Y=$memory$auto$proc_rom.cc:155:do_switch$65$rdmux[0][5][6]$b$2844 [2]
      New connections: { $memory$auto$proc_rom.cc:155:do_switch$65$rdmux[0][5][6]$b$2844 [17:3] $memory$auto$proc_rom.cc:155:do_switch$65$rdmux[0][5][6]$b$2844 [1:0] } = 17'00000000000010100
    Consolidated identical input bits for $mux cell $memory$auto$proc_rom.cc:155:do_switch$65$rdmux[0][6][12]$2956:
      Old ports: A=18'000000000000100000, B=18'000000000000100100, Y=$memory$auto$proc_rom.cc:155:do_switch$65$rdmux[0][5][6]$a$2843
      New ports: A=1'0, B=1'1, Y=$memory$auto$proc_rom.cc:155:do_switch$65$rdmux[0][5][6]$a$2843 [2]
      New connections: { $memory$auto$proc_rom.cc:155:do_switch$65$rdmux[0][5][6]$a$2843 [17:3] $memory$auto$proc_rom.cc:155:do_switch$65$rdmux[0][5][6]$a$2843 [1:0] } = 17'00000000000010000
    Consolidated identical input bits for $mux cell $memory$auto$proc_rom.cc:155:do_switch$65$rdmux[0][6][11]$2953:
      Old ports: A=18'000000000000011100, B=18'000000000000011110, Y=$memory$auto$proc_rom.cc:155:do_switch$65$rdmux[0][5][5]$b$2841
      New ports: A=1'0, B=1'1, Y=$memory$auto$proc_rom.cc:155:do_switch$65$rdmux[0][5][5]$b$2841 [1]
      New connections: { $memory$auto$proc_rom.cc:155:do_switch$65$rdmux[0][5][5]$b$2841 [17:2] $memory$auto$proc_rom.cc:155:do_switch$65$rdmux[0][5][5]$b$2841 [0] } = 17'00000000000001110
    Consolidated identical input bits for $mux cell $memory$auto$proc_rom.cc:155:do_switch$65$rdmux[0][6][10]$2950:
      Old ports: A=18'000000000000011000, B=18'000000000000011010, Y=$memory$auto$proc_rom.cc:155:do_switch$65$rdmux[0][5][5]$a$2840
      New ports: A=1'0, B=1'1, Y=$memory$auto$proc_rom.cc:155:do_switch$65$rdmux[0][5][5]$a$2840 [1]
      New connections: { $memory$auto$proc_rom.cc:155:do_switch$65$rdmux[0][5][5]$a$2840 [17:2] $memory$auto$proc_rom.cc:155:do_switch$65$rdmux[0][5][5]$a$2840 [0] } = 17'00000000000001100
    Consolidated identical input bits for $mux cell $memory$auto$proc_rom.cc:155:do_switch$65$rdmux[0][6][9]$2947:
      Old ports: A=18'000000000000010100, B=18'000000000000010110, Y=$memory$auto$proc_rom.cc:155:do_switch$65$rdmux[0][5][4]$b$2838
      New ports: A=1'0, B=1'1, Y=$memory$auto$proc_rom.cc:155:do_switch$65$rdmux[0][5][4]$b$2838 [1]
      New connections: { $memory$auto$proc_rom.cc:155:do_switch$65$rdmux[0][5][4]$b$2838 [17:2] $memory$auto$proc_rom.cc:155:do_switch$65$rdmux[0][5][4]$b$2838 [0] } = 17'00000000000001010
    Consolidated identical input bits for $mux cell $memory$auto$proc_rom.cc:155:do_switch$65$rdmux[0][6][8]$2944:
      Old ports: A=18'000000000000010000, B=18'000000000000010010, Y=$memory$auto$proc_rom.cc:155:do_switch$65$rdmux[0][5][4]$a$2837
      New ports: A=1'0, B=1'1, Y=$memory$auto$proc_rom.cc:155:do_switch$65$rdmux[0][5][4]$a$2837 [1]
      New connections: { $memory$auto$proc_rom.cc:155:do_switch$65$rdmux[0][5][4]$a$2837 [17:2] $memory$auto$proc_rom.cc:155:do_switch$65$rdmux[0][5][4]$a$2837 [0] } = 17'00000000000001000
    Consolidated identical input bits for $mux cell $memory$auto$proc_rom.cc:155:do_switch$65$rdmux[0][6][7]$2941:
      Old ports: A=18'000000000000001110, B=18'000000000000001111, Y=$memory$auto$proc_rom.cc:155:do_switch$65$rdmux[0][5][3]$b$2835
      New ports: A=1'0, B=1'1, Y=$memory$auto$proc_rom.cc:155:do_switch$65$rdmux[0][5][3]$b$2835 [0]
      New connections: $memory$auto$proc_rom.cc:155:do_switch$65$rdmux[0][5][3]$b$2835 [17:1] = 17'00000000000000111
    Consolidated identical input bits for $mux cell $memory$auto$proc_rom.cc:155:do_switch$65$rdmux[0][6][6]$2938:
      Old ports: A=18'000000000000001100, B=18'000000000000001101, Y=$memory$auto$proc_rom.cc:155:do_switch$65$rdmux[0][5][3]$a$2834
      New ports: A=1'0, B=1'1, Y=$memory$auto$proc_rom.cc:155:do_switch$65$rdmux[0][5][3]$a$2834 [0]
      New connections: $memory$auto$proc_rom.cc:155:do_switch$65$rdmux[0][5][3]$a$2834 [17:1] = 17'00000000000000110
    Consolidated identical input bits for $mux cell $memory$auto$proc_rom.cc:155:do_switch$65$rdmux[0][6][5]$2935:
      Old ports: A=18'000000000000001010, B=18'000000000000001011, Y=$memory$auto$proc_rom.cc:155:do_switch$65$rdmux[0][5][2]$b$2832
      New ports: A=1'0, B=1'1, Y=$memory$auto$proc_rom.cc:155:do_switch$65$rdmux[0][5][2]$b$2832 [0]
      New connections: $memory$auto$proc_rom.cc:155:do_switch$65$rdmux[0][5][2]$b$2832 [17:1] = 17'00000000000000101
    Consolidated identical input bits for $mux cell $memory$auto$proc_rom.cc:155:do_switch$65$rdmux[0][6][4]$2932:
      Old ports: A=18'000000000000001000, B=18'000000000000001001, Y=$memory$auto$proc_rom.cc:155:do_switch$65$rdmux[0][5][2]$a$2831
      New ports: A=1'0, B=1'1, Y=$memory$auto$proc_rom.cc:155:do_switch$65$rdmux[0][5][2]$a$2831 [0]
      New connections: $memory$auto$proc_rom.cc:155:do_switch$65$rdmux[0][5][2]$a$2831 [17:1] = 17'00000000000000100
    Consolidated identical input bits for $mux cell $memory$auto$proc_rom.cc:155:do_switch$65$rdmux[0][6][3]$2929:
      Old ports: A=18'000000000000000110, B=18'000000000000000111, Y=$memory$auto$proc_rom.cc:155:do_switch$65$rdmux[0][5][1]$b$2829
      New ports: A=1'0, B=1'1, Y=$memory$auto$proc_rom.cc:155:do_switch$65$rdmux[0][5][1]$b$2829 [0]
      New connections: $memory$auto$proc_rom.cc:155:do_switch$65$rdmux[0][5][1]$b$2829 [17:1] = 17'00000000000000011
    Consolidated identical input bits for $mux cell $memory$auto$proc_rom.cc:155:do_switch$65$rdmux[0][6][2]$2926:
      Old ports: A=18'000000000000000100, B=18'000000000000000101, Y=$memory$auto$proc_rom.cc:155:do_switch$65$rdmux[0][5][1]$a$2828
      New ports: A=1'0, B=1'1, Y=$memory$auto$proc_rom.cc:155:do_switch$65$rdmux[0][5][1]$a$2828 [0]
      New connections: $memory$auto$proc_rom.cc:155:do_switch$65$rdmux[0][5][1]$a$2828 [17:1] = 17'00000000000000010
    Consolidated identical input bits for $mux cell $memory$auto$proc_rom.cc:155:do_switch$65$rdmux[0][6][1]$2923:
      Old ports: A=18'000000000000000010, B=18'000000000000000011, Y=$memory$auto$proc_rom.cc:155:do_switch$65$rdmux[0][5][0]$b$2826
      New ports: A=1'0, B=1'1, Y=$memory$auto$proc_rom.cc:155:do_switch$65$rdmux[0][5][0]$b$2826 [0]
      New connections: $memory$auto$proc_rom.cc:155:do_switch$65$rdmux[0][5][0]$b$2826 [17:1] = 17'00000000000000001
    Consolidated identical input bits for $mux cell $memory$auto$proc_rom.cc:155:do_switch$65$rdmux[0][6][0]$2920:
      Old ports: A=18'000000000000000000, B=18'000000000000000001, Y=$memory$auto$proc_rom.cc:155:do_switch$65$rdmux[0][5][0]$a$2825
      New ports: A=1'0, B=1'1, Y=$memory$auto$proc_rom.cc:155:do_switch$65$rdmux[0][5][0]$a$2825 [0]
      New connections: $memory$auto$proc_rom.cc:155:do_switch$65$rdmux[0][5][0]$a$2825 [17:1] = 17'00000000000000000
    Consolidated identical input bits for $mux cell $memory$auto$proc_rom.cc:155:do_switch$65$rdmux[0][6][63]$3109:
      Old ports: A=18'111000000000000000, B=18'000000000000000000, Y=$memory$auto$proc_rom.cc:155:do_switch$65$rdmux[0][5][31]$b$2919
      New ports: A=1'1, B=1'0, Y=$memory$auto$proc_rom.cc:155:do_switch$65$rdmux[0][5][31]$b$2919 [15]
      New connections: { $memory$auto$proc_rom.cc:155:do_switch$65$rdmux[0][5][31]$b$2919 [17:16] $memory$auto$proc_rom.cc:155:do_switch$65$rdmux[0][5][31]$b$2919 [14:0] } = { $memory$auto$proc_rom.cc:155:do_switch$65$rdmux[0][5][31]$b$2919 [15] $memory$auto$proc_rom.cc:155:do_switch$65$rdmux[0][5][31]$b$2919 [15] 15'000000000000000 }
    Consolidated identical input bits for $mux cell $memory$auto$proc_rom.cc:155:do_switch$61$rdmux[0][6][63]$3490:
      Old ports: A=18'111000000000000000, B=18'000000000000000000, Y=$memory$auto$proc_rom.cc:155:do_switch$61$rdmux[0][5][31]$b$3300
      New ports: A=1'1, B=1'0, Y=$memory$auto$proc_rom.cc:155:do_switch$61$rdmux[0][5][31]$b$3300 [15]
      New connections: { $memory$auto$proc_rom.cc:155:do_switch$61$rdmux[0][5][31]$b$3300 [17:16] $memory$auto$proc_rom.cc:155:do_switch$61$rdmux[0][5][31]$b$3300 [14:0] } = { $memory$auto$proc_rom.cc:155:do_switch$61$rdmux[0][5][31]$b$3300 [15] $memory$auto$proc_rom.cc:155:do_switch$61$rdmux[0][5][31]$b$3300 [15] 15'000000000000000 }
    Consolidated identical input bits for $mux cell $memory$auto$proc_rom.cc:155:do_switch$57$rdmux[0][7][127]$4255:
      Old ports: A=10'0001100000, B=10'0010010000, Y=$memory$auto$proc_rom.cc:155:do_switch$57$rdmux[0][6][63]$b$3873
      New ports: A=2'10, B=2'01, Y=$memory$auto$proc_rom.cc:155:do_switch$57$rdmux[0][6][63]$b$3873 [5:4]
      New connections: { $memory$auto$proc_rom.cc:155:do_switch$57$rdmux[0][6][63]$b$3873 [9:6] $memory$auto$proc_rom.cc:155:do_switch$57$rdmux[0][6][63]$b$3873 [3:0] } = { 2'00 $memory$auto$proc_rom.cc:155:do_switch$57$rdmux[0][6][63]$b$3873 [4] $memory$auto$proc_rom.cc:155:do_switch$57$rdmux[0][6][63]$b$3873 [5] 4'0000 }
  Optimizing cells in module \ex254_semantic_e4acc_fp4prod_prodtable_qcase.
    Consolidated identical input bits for $mux cell $memory$auto$proc_rom.cc:155:do_switch$57$rdmux[0][6][63]$3871:
      Old ports: A=$memory$auto$proc_rom.cc:155:do_switch$57$rdmux[0][6][63]$a$3872, B=$memory$auto$proc_rom.cc:155:do_switch$57$rdmux[0][6][63]$b$3873, Y=$memory$auto$proc_rom.cc:155:do_switch$57$rdmux[0][5][31]$b$3681
      New ports: A={ 1'0 $memory$auto$proc_rom.cc:155:do_switch$57$rdmux[0][6][63]$a$3872 [3] $memory$auto$proc_rom.cc:155:do_switch$57$rdmux[0][6][63]$a$3872 [4] $memory$auto$proc_rom.cc:155:do_switch$57$rdmux[0][6][63]$a$3872 [4:3] }, B={ $memory$auto$proc_rom.cc:155:do_switch$57$rdmux[0][6][63]$b$3873 [4] $memory$auto$proc_rom.cc:155:do_switch$57$rdmux[0][6][63]$b$3873 [5] $memory$auto$proc_rom.cc:155:do_switch$57$rdmux[0][6][63]$b$3873 [5:4] 1'0 }, Y=$memory$auto$proc_rom.cc:155:do_switch$57$rdmux[0][5][31]$b$3681 [7:3]
      New connections: { $memory$auto$proc_rom.cc:155:do_switch$57$rdmux[0][5][31]$b$3681 [9:8] $memory$auto$proc_rom.cc:155:do_switch$57$rdmux[0][5][31]$b$3681 [2:0] } = 5'00000
    Consolidated identical input bits for $mux cell $memory$auto$proc_rom.cc:155:do_switch$57$rdmux[0][6][62]$3868:
      Old ports: A=$memory$auto$proc_rom.cc:155:do_switch$57$rdmux[0][6][62]$a$3869, B=$memory$auto$proc_rom.cc:155:do_switch$57$rdmux[0][6][62]$b$3870, Y=$memory$auto$proc_rom.cc:155:do_switch$57$rdmux[0][5][31]$a$3680
      New ports: A={ 2'00 $memory$auto$proc_rom.cc:155:do_switch$57$rdmux[0][6][62]$a$3869 [2] $memory$auto$proc_rom.cc:155:do_switch$57$rdmux[0][6][62]$a$3869 [2] }, B={ $memory$auto$proc_rom.cc:155:do_switch$57$rdmux[0][6][62]$b$3870 [2] $memory$auto$proc_rom.cc:155:do_switch$57$rdmux[0][6][62]$b$3870 [3] $memory$auto$proc_rom.cc:155:do_switch$57$rdmux[0][6][62]$b$3870 [3:2] }, Y=$memory$auto$proc_rom.cc:155:do_switch$57$rdmux[0][5][31]$a$3680 [5:2]
      New connections: { $memory$auto$proc_rom.cc:155:do_switch$57$rdmux[0][5][31]$a$3680 [9:6] $memory$auto$proc_rom.cc:155:do_switch$57$rdmux[0][5][31]$a$3680 [1:0] } = 6'000000
    Consolidated identical input bits for $mux cell $memory$auto$proc_rom.cc:155:do_switch$57$rdmux[0][6][61]$3865:
      Old ports: A=$memory$auto$proc_rom.cc:155:do_switch$57$rdmux[0][6][61]$a$3866, B=$memory$auto$proc_rom.cc:155:do_switch$57$rdmux[0][6][61]$b$3867, Y=$memory$auto$proc_rom.cc:155:do_switch$57$rdmux[0][5][30]$b$3678
      New ports: A={ 1'1 $memory$auto$proc_rom.cc:155:do_switch$57$rdmux[0][6][61]$a$3866 [6] $memory$auto$proc_rom.cc:155:do_switch$57$rdmux[0][6][61]$a$3866 [3] 1'1 $memory$auto$proc_rom.cc:155:do_switch$57$rdmux[0][6][61]$a$3866 [3] }, B={ $memory$auto$proc_rom.cc:155:do_switch$57$rdmux[0][6][61]$b$3867 [7] $memory$auto$proc_rom.cc:155:do_switch$57$rdmux[0][6][61]$b$3867 [4] 1'1 $memory$auto$proc_rom.cc:155:do_switch$57$rdmux[0][6][61]$b$3867 [4] 1'0 }, Y=$memory$auto$proc_rom.cc:155:do_switch$57$rdmux[0][5][30]$b$3678 [7:3]
      New connections: { $memory$auto$proc_rom.cc:155:do_switch$57$rdmux[0][5][30]$b$3678 [9:8] $memory$auto$proc_rom.cc:155:do_switch$57$rdmux[0][5][30]$b$3678 [2:0] } = 5'11000
    Consolidated identical input bits for $mux cell $memory$auto$proc_rom.cc:155:do_switch$57$rdmux[0][6][60]$3862:
      Old ports: A=$memory$auto$proc_rom.cc:155:do_switch$57$rdmux[0][6][60]$a$3863, B=$memory$auto$proc_rom.cc:155:do_switch$57$rdmux[0][6][60]$b$3864, Y=$memory$auto$proc_rom.cc:155:do_switch$57$rdmux[0][5][30]$a$3677
      New ports: A={ $memory$auto$proc_rom.cc:155:do_switch$57$rdmux[0][6][60]$a$3863 [2] $memory$auto$proc_rom.cc:155:do_switch$57$rdmux[0][6][60]$a$3863 [2] 1'0 $memory$auto$proc_rom.cc:155:do_switch$57$rdmux[0][6][60]$a$3863 [2] }, B={ 1'1 $memory$auto$proc_rom.cc:155:do_switch$57$rdmux[0][6][60]$b$3864 [5] 1'1 $memory$auto$proc_rom.cc:155:do_switch$57$rdmux[0][6][60]$b$3864 [2] }, Y={ $memory$auto$proc_rom.cc:155:do_switch$57$rdmux[0][5][30]$a$3677 [6:5] $memory$auto$proc_rom.cc:155:do_switch$57$rdmux[0][5][30]$a$3677 [3:2] }
      New connections: { $memory$auto$proc_rom.cc:155:do_switch$57$rdmux[0][5][30]$a$3677 [9:7] $memory$auto$proc_rom.cc:155:do_switch$57$rdmux[0][5][30]$a$3677 [4] $memory$auto$proc_rom.cc:155:do_switch$57$rdmux[0][5][30]$a$3677 [1:0] } = { $memory$auto$proc_rom.cc:155:do_switch$57$rdmux[0][5][30]$a$3677 [6] $memory$auto$proc_rom.cc:155:do_switch$57$rdmux[0][5][30]$a$3677 [6] $memory$auto$proc_rom.cc:155:do_switch$57$rdmux[0][5][30]$a$3677 [6] $memory$auto$proc_rom.cc:155:do_switch$57$rdmux[0][5][30]$a$3677 [2] 2'00 }
    Consolidated identical input bits for $mux cell $memory$auto$proc_rom.cc:155:do_switch$57$rdmux[0][6][59]$3859:
      Old ports: A=$memory$auto$proc_rom.cc:155:do_switch$57$rdmux[0][6][59]$a$3860, B=$memory$auto$proc_rom.cc:155:do_switch$57$rdmux[0][6][59]$b$3861, Y=$memory$auto$proc_rom.cc:155:do_switch$57$rdmux[0][5][29]$b$3675
      New ports: A={ 2'01 $memory$auto$proc_rom.cc:155:do_switch$57$rdmux[0][6][59]$a$3860 [4] }, B={ 1'1 $memory$auto$proc_rom.cc:155:do_switch$57$rdmux[0][6][59]$b$3861 [5] 1'0 }, Y=$memory$auto$proc_rom.cc:155:do_switch$57$rdmux[0][5][29]$b$3675 [6:4]
      New connections: { $memory$auto$proc_rom.cc:155:do_switch$57$rdmux[0][5][29]$b$3675 [9:7] $memory$auto$proc_rom.cc:155:do_switch$57$rdmux[0][5][29]$b$3675 [3:0] } = 7'0000000
    Consolidated identical input bits for $mux cell $memory$auto$proc_rom.cc:155:do_switch$57$rdmux[0][6][58]$3856:
      Old ports: A=$memory$auto$proc_rom.cc:155:do_switch$57$rdmux[0][6][58]$a$3857, B=$memory$auto$proc_rom.cc:155:do_switch$57$rdmux[0][6][58]$b$3858, Y=$memory$auto$proc_rom.cc:155:do_switch$57$rdmux[0][5][29]$a$3674
      New ports: A={ 1'0 $memory$auto$proc_rom.cc:155:do_switch$57$rdmux[0][6][58]$a$3857 [3] }, B={ 1'1 $memory$auto$proc_rom.cc:155:do_switch$57$rdmux[0][6][58]$b$3858 [3] }, Y=$memory$auto$proc_rom.cc:155:do_switch$57$rdmux[0][5][29]$a$3674 [4:3]
      New connections: { $memory$auto$proc_rom.cc:155:do_switch$57$rdmux[0][5][29]$a$3674 [9:5] $memory$auto$proc_rom.cc:155:do_switch$57$rdmux[0][5][29]$a$3674 [2:0] } = 8'00000000
    Consolidated identical input bits for $mux cell $memory$auto$proc_rom.cc:155:do_switch$57$rdmux[0][6][57]$3853:
      Old ports: A=$memory$auto$proc_rom.cc:155:do_switch$57$rdmux[0][6][57]$a$3854, B=$memory$auto$proc_rom.cc:155:do_switch$57$rdmux[0][6][57]$b$3855, Y=$memory$auto$proc_rom.cc:155:do_switch$57$rdmux[0][5][28]$b$3672
      New ports: A={ 1'1 $memory$auto$proc_rom.cc:155:do_switch$57$rdmux[0][6][57]$a$3854 [5:4] }, B={ $memory$auto$proc_rom.cc:155:do_switch$57$rdmux[0][6][57]$b$3855 [6:5] 1'0 }, Y=$memory$auto$proc_rom.cc:155:do_switch$57$rdmux[0][5][28]$b$3672 [6:4]
      New connections: { $memory$auto$proc_rom.cc:155:do_switch$57$rdmux[0][5][28]$b$3672 [9:7] $memory$auto$proc_rom.cc:155:do_switch$57$rdmux[0][5][28]$b$3672 [3:0] } = 7'1110000
    Consolidated identical input bits for $mux cell $memory$auto$proc_rom.cc:155:do_switch$57$rdmux[0][6][56]$3850:
      Old ports: A=$memory$auto$proc_rom.cc:155:do_switch$57$rdmux[0][6][56]$a$3851, B=$memory$auto$proc_rom.cc:155:do_switch$57$rdmux[0][6][56]$b$3852, Y=$memory$auto$proc_rom.cc:155:do_switch$57$rdmux[0][5][28]$a$3671
      New ports: A={ $memory$auto$proc_rom.cc:155:do_switch$57$rdmux[0][6][56]$a$3851 [3] $memory$auto$proc_rom.cc:155:do_switch$57$rdmux[0][6][56]$a$3851 [3] $memory$auto$proc_rom.cc:155:do_switch$57$rdmux[0][6][56]$a$3851 [3] }, B={ 1'1 $memory$auto$proc_rom.cc:155:do_switch$57$rdmux[0][6][56]$b$3852 [4:3] }, Y=$memory$auto$proc_rom.cc:155:do_switch$57$rdmux[0][5][28]$a$3671 [5:3]
      New connections: { $memory$auto$proc_rom.cc:155:do_switch$57$rdmux[0][5][28]$a$3671 [9:6] $memory$auto$proc_rom.cc:155:do_switch$57$rdmux[0][5][28]$a$3671 [2:0] } = { $memory$auto$proc_rom.cc:155:do_switch$57$rdmux[0][5][28]$a$3671 [5] $memory$auto$proc_rom.cc:155:do_switch$57$rdmux[0][5][28]$a$3671 [5] $memory$auto$proc_rom.cc:155:do_switch$57$rdmux[0][5][28]$a$3671 [5] $memory$auto$proc_rom.cc:155:do_switch$57$rdmux[0][5][28]$a$3671 [5] 3'000 }
    Consolidated identical input bits for $mux cell $memory$auto$proc_rom.cc:155:do_switch$57$rdmux[0][6][55]$3847:
      Old ports: A=$memory$auto$proc_rom.cc:155:do_switch$57$rdmux[0][6][55]$a$3848, B=$memory$auto$proc_rom.cc:155:do_switch$57$rdmux[0][6][55]$b$3849, Y=$memory$auto$proc_rom.cc:155:do_switch$57$rdmux[0][5][27]$b$3669
      New ports: A={ 1'0 $memory$auto$proc_rom.cc:155:do_switch$57$rdmux[0][6][55]$a$3848 [2] $memory$auto$proc_rom.cc:155:do_switch$57$rdmux[0][6][55]$a$3848 [3] $memory$auto$proc_rom.cc:155:do_switch$57$rdmux[0][6][55]$a$3848 [3:2] }, B={ $memory$auto$proc_rom.cc:155:do_switch$57$rdmux[0][6][55]$b$3849 [3] $memory$auto$proc_rom.cc:155:do_switch$57$rdmux[0][6][55]$b$3849 [4] $memory$auto$proc_rom.cc:155:do_switch$57$rdmux[0][6][55]$b$3849 [4:3] 1'0 }, Y=$memory$auto$proc_rom.cc:155:do_switch$57$rdmux[0][5][27]$b$3669 [6:2]
      New connections: { $memory$auto$proc_rom.cc:155:do_switch$57$rdmux[0][5][27]$b$3669 [9:7] $memory$auto$proc_rom.cc:155:do_switch$57$rdmux[0][5][27]$b$3669 [1:0] } = 5'00000
    Consolidated identical input bits for $mux cell $memory$auto$proc_rom.cc:155:do_switch$57$rdmux[0][6][54]$3844:
      Old ports: A=$memory$auto$proc_rom.cc:155:do_switch$57$rdmux[0][6][54]$a$3845, B=$memory$auto$proc_rom.cc:155:do_switch$57$rdmux[0][6][54]$b$3846, Y=$memory$auto$proc_rom.cc:155:do_switch$57$rdmux[0][5][27]$a$3668
      New ports: A={ 2'00 $memory$auto$proc_rom.cc:155:do_switch$57$rdmux[0][6][54]$a$3845 [1] $memory$auto$proc_rom.cc:155:do_switch$57$rdmux[0][6][54]$a$3845 [1] }, B={ $memory$auto$proc_rom.cc:155:do_switch$57$rdmux[0][6][54]$b$3846 [1] $memory$auto$proc_rom.cc:155:do_switch$57$rdmux[0][6][54]$b$3846 [2] $memory$auto$proc_rom.cc:155:do_switch$57$rdmux[0][6][54]$b$3846 [2:1] }, Y=$memory$auto$proc_rom.cc:155:do_switch$57$rdmux[0][5][27]$a$3668 [4:1]
      New connections: { $memory$auto$proc_rom.cc:155:do_switch$57$rdmux[0][5][27]$a$3668 [9:5] $memory$auto$proc_rom.cc:155:do_switch$57$rdmux[0][5][27]$a$3668 [0] } = 6'000000
    Consolidated identical input bits for $mux cell $memory$auto$proc_rom.cc:155:do_switch$57$rdmux[0][6][53]$3841:
      Old ports: A=$memory$auto$proc_rom.cc:155:do_switch$57$rdmux[0][6][53]$a$3842, B=$memory$auto$proc_rom.cc:155:do_switch$57$rdmux[0][6][53]$b$3843, Y=$memory$auto$proc_rom.cc:155:do_switch$57$rdmux[0][5][26]$b$3666
      New ports: A={ 1'1 $memory$auto$proc_rom.cc:155:do_switch$57$rdmux[0][6][53]$a$3842 [5] $memory$auto$proc_rom.cc:155:do_switch$57$rdmux[0][6][53]$a$3842 [2] 1'1 $memory$auto$proc_rom.cc:155:do_switch$57$rdmux[0][6][53]$a$3842 [2] }, B={ $memory$auto$proc_rom.cc:155:do_switch$57$rdmux[0][6][53]$b$3843 [6] $memory$auto$proc_rom.cc:155:do_switch$57$rdmux[0][6][53]$b$3843 [3] 1'1 $memory$auto$proc_rom.cc:155:do_switch$57$rdmux[0][6][53]$b$3843 [3] 1'0 }, Y=$memory$auto$proc_rom.cc:155:do_switch$57$rdmux[0][5][26]$b$3666 [6:2]
      New connections: { $memory$auto$proc_rom.cc:155:do_switch$57$rdmux[0][5][26]$b$3666 [9:7] $memory$auto$proc_rom.cc:155:do_switch$57$rdmux[0][5][26]$b$3666 [1:0] } = 5'11100
    Consolidated identical input bits for $mux cell $memory$auto$proc_rom.cc:155:do_switch$57$rdmux[0][6][52]$3838:
      Old ports: A=$memory$auto$proc_rom.cc:155:do_switch$57$rdmux[0][6][52]$a$3839, B=$memory$auto$proc_rom.cc:155:do_switch$57$rdmux[0][6][52]$b$3840, Y=$memory$auto$proc_rom.cc:155:do_switch$57$rdmux[0][5][26]$a$3665
      New ports: A={ $memory$auto$proc_rom.cc:155:do_switch$57$rdmux[0][6][52]$a$3839 [1] $memory$auto$proc_rom.cc:155:do_switch$57$rdmux[0][6][52]$a$3839 [1] 1'0 $memory$auto$proc_rom.cc:155:do_switch$57$rdmux[0][6][52]$a$3839 [1] }, B={ 1'1 $memory$auto$proc_rom.cc:155:do_switch$57$rdmux[0][6][52]$b$3840 [4] 1'1 $memory$auto$proc_rom.cc:155:do_switch$57$rdmux[0][6][52]$b$3840 [1] }, Y={ $memory$auto$proc_rom.cc:155:do_switch$57$rdmux[0][5][26]$a$3665 [5:4] $memory$auto$proc_rom.cc:155:do_switch$57$rdmux[0][5][26]$a$3665 [2:1] }
      New connections: { $memory$auto$proc_rom.cc:155:do_switch$57$rdmux[0][5][26]$a$3665 [9:6] $memory$auto$proc_rom.cc:155:do_switch$57$rdmux[0][5][26]$a$3665 [3] $memory$auto$proc_rom.cc:155:do_switch$57$rdmux[0][5][26]$a$3665 [0] } = { $memory$auto$proc_rom.cc:155:do_switch$57$rdmux[0][5][26]$a$3665 [5] $memory$auto$proc_rom.cc:155:do_switch$57$rdmux[0][5][26]$a$3665 [5] $memory$auto$proc_rom.cc:155:do_switch$57$rdmux[0][5][26]$a$3665 [5] $memory$auto$proc_rom.cc:155:do_switch$57$rdmux[0][5][26]$a$3665 [5] $memory$auto$proc_rom.cc:155:do_switch$57$rdmux[0][5][26]$a$3665 [1] 1'0 }
    Consolidated identical input bits for $mux cell $memory$auto$proc_rom.cc:155:do_switch$57$rdmux[0][6][51]$3835:
      Old ports: A=$memory$auto$proc_rom.cc:155:do_switch$57$rdmux[0][6][51]$a$3836, B=$memory$auto$proc_rom.cc:155:do_switch$57$rdmux[0][6][51]$b$3837, Y=$memory$auto$proc_rom.cc:155:do_switch$57$rdmux[0][5][25]$b$3663
      New ports: A={ 2'01 $memory$auto$proc_rom.cc:155:do_switch$57$rdmux[0][6][51]$a$3836 [3] }, B={ 1'1 $memory$auto$proc_rom.cc:155:do_switch$57$rdmux[0][6][51]$b$3837 [4] 1'0 }, Y=$memory$auto$proc_rom.cc:155:do_switch$57$rdmux[0][5][25]$b$3663 [5:3]
      New connections: { $memory$auto$proc_rom.cc:155:do_switch$57$rdmux[0][5][25]$b$3663 [9:6] $memory$auto$proc_rom.cc:155:do_switch$57$rdmux[0][5][25]$b$3663 [2:0] } = 7'0000000
    Consolidated identical input bits for $mux cell $memory$auto$proc_rom.cc:155:do_switch$57$rdmux[0][6][50]$3832:
      Old ports: A=$memory$auto$proc_rom.cc:155:do_switch$57$rdmux[0][6][50]$a$3833, B=$memory$auto$proc_rom.cc:155:do_switch$57$rdmux[0][6][50]$b$3834, Y=$memory$auto$proc_rom.cc:155:do_switch$57$rdmux[0][5][25]$a$3662
      New ports: A={ 1'0 $memory$auto$proc_rom.cc:155:do_switch$57$rdmux[0][6][50]$a$3833 [2] }, B={ 1'1 $memory$auto$proc_rom.cc:155:do_switch$57$rdmux[0][6][50]$b$3834 [2] }, Y=$memory$auto$proc_rom.cc:155:do_switch$57$rdmux[0][5][25]$a$3662 [3:2]
      New connections: { $memory$auto$proc_rom.cc:155:do_switch$57$rdmux[0][5][25]$a$3662 [9:4] $memory$auto$proc_rom.cc:155:do_switch$57$rdmux[0][5][25]$a$3662 [1:0] } = 8'00000000
    Consolidated identical input bits for $mux cell $memory$auto$proc_rom.cc:155:do_switch$57$rdmux[0][6][49]$3829:
      Old ports: A=$memory$auto$proc_rom.cc:155:do_switch$57$rdmux[0][6][49]$a$3830, B=$memory$auto$proc_rom.cc:155:do_switch$57$rdmux[0][6][49]$b$3831, Y=$memory$auto$proc_rom.cc:155:do_switch$57$rdmux[0][5][24]$b$3660
      New ports: A={ 1'1 $memory$auto$proc_rom.cc:155:do_switch$57$rdmux[0][6][49]$a$3830 [4:3] }, B={ $memory$auto$proc_rom.cc:155:do_switch$57$rdmux[0][6][49]$b$3831 [5:4] 1'0 }, Y=$memory$auto$proc_rom.cc:155:do_switch$57$rdmux[0][5][24]$b$3660 [5:3]
      New connections: { $memory$auto$proc_rom.cc:155:do_switch$57$rdmux[0][5][24]$b$3660 [9:6] $memory$auto$proc_rom.cc:155:do_switch$57$rdmux[0][5][24]$b$3660 [2:0] } = 7'1111000
    Consolidated identical input bits for $mux cell $memory$auto$proc_rom.cc:155:do_switch$57$rdmux[0][6][48]$3826:
      Old ports: A=$memory$auto$proc_rom.cc:155:do_switch$57$rdmux[0][6][48]$a$3827, B=$memory$auto$proc_rom.cc:155:do_switch$57$rdmux[0][6][48]$b$3828, Y=$memory$auto$proc_rom.cc:155:do_switch$57$rdmux[0][5][24]$a$3659
      New ports: A={ $memory$auto$proc_rom.cc:155:do_switch$57$rdmux[0][6][48]$a$3827 [2] $memory$auto$proc_rom.cc:155:do_switch$57$rdmux[0][6][48]$a$3827 [2] $memory$auto$proc_rom.cc:155:do_switch$57$rdmux[0][6][48]$a$3827 [2] }, B={ 1'1 $memory$auto$proc_rom.cc:155:do_switch$57$rdmux[0][6][48]$b$3828 [3:2] }, Y=$memory$auto$proc_rom.cc:155:do_switch$57$rdmux[0][5][24]$a$3659 [4:2]
      New connections: { $memory$auto$proc_rom.cc:155:do_switch$57$rdmux[0][5][24]$a$3659 [9:5] $memory$auto$proc_rom.cc:155:do_switch$57$rdmux[0][5][24]$a$3659 [1:0] } = { $memory$auto$proc_rom.cc:155:do_switch$57$rdmux[0][5][24]$a$3659 [4] $memory$auto$proc_rom.cc:155:do_switch$57$rdmux[0][5][24]$a$3659 [4] $memory$auto$proc_rom.cc:155:do_switch$57$rdmux[0][5][24]$a$3659 [4] $memory$auto$proc_rom.cc:155:do_switch$57$rdmux[0][5][24]$a$3659 [4] $memory$auto$proc_rom.cc:155:do_switch$57$rdmux[0][5][24]$a$3659 [4] 2'00 }
    Consolidated identical input bits for $mux cell $memory$auto$proc_rom.cc:155:do_switch$57$rdmux[0][6][47]$3823:
      Old ports: A=$memory$auto$proc_rom.cc:155:do_switch$57$rdmux[0][6][47]$a$3824, B=$memory$auto$proc_rom.cc:155:do_switch$57$rdmux[0][6][47]$b$3825, Y=$memory$auto$proc_rom.cc:155:do_switch$57$rdmux[0][5][23]$b$3657
      New ports: A={ 1'0 $memory$auto$proc_rom.cc:155:do_switch$57$rdmux[0][6][47]$a$3824 [1] $memory$auto$proc_rom.cc:155:do_switch$57$rdmux[0][6][47]$a$3824 [2] $memory$auto$proc_rom.cc:155:do_switch$57$rdmux[0][6][47]$a$3824 [2:1] }, B={ $memory$auto$proc_rom.cc:155:do_switch$57$rdmux[0][6][47]$b$3825 [2] $memory$auto$proc_rom.cc:155:do_switch$57$rdmux[0][6][47]$b$3825 [3] $memory$auto$proc_rom.cc:155:do_switch$57$rdmux[0][6][47]$b$3825 [3:2] 1'0 }, Y=$memory$auto$proc_rom.cc:155:do_switch$57$rdmux[0][5][23]$b$3657 [5:1]
      New connections: { $memory$auto$proc_rom.cc:155:do_switch$57$rdmux[0][5][23]$b$3657 [9:6] $memory$auto$proc_rom.cc:155:do_switch$57$rdmux[0][5][23]$b$3657 [0] } = 5'00000
    Consolidated identical input bits for $mux cell $memory$auto$proc_rom.cc:155:do_switch$57$rdmux[0][6][46]$3820:
      Old ports: A=$memory$auto$proc_rom.cc:155:do_switch$57$rdmux[0][6][46]$a$3821, B=$memory$auto$proc_rom.cc:155:do_switch$57$rdmux[0][6][46]$b$3822, Y=$memory$auto$proc_rom.cc:155:do_switch$57$rdmux[0][5][23]$a$3656
      New ports: A={ 2'00 $memory$auto$proc_rom.cc:155:do_switch$57$rdmux[0][6][46]$a$3821 [0] $memory$auto$proc_rom.cc:155:do_switch$57$rdmux[0][6][46]$a$3821 [0] }, B={ $memory$auto$proc_rom.cc:155:do_switch$57$rdmux[0][6][46]$b$3822 [0] $memory$auto$proc_rom.cc:155:do_switch$57$rdmux[0][6][46]$b$3822 [1] $memory$auto$proc_rom.cc:155:do_switch$57$rdmux[0][6][46]$b$3822 [1:0] }, Y=$memory$auto$proc_rom.cc:155:do_switch$57$rdmux[0][5][23]$a$3656 [3:0]
      New connections: $memory$auto$proc_rom.cc:155:do_switch$57$rdmux[0][5][23]$a$3656 [9:4] = 6'000000
    Consolidated identical input bits for $mux cell $memory$auto$proc_rom.cc:155:do_switch$57$rdmux[0][6][45]$3817:
      Old ports: A=$memory$auto$proc_rom.cc:155:do_switch$57$rdmux[0][6][45]$a$3818, B=$memory$auto$proc_rom.cc:155:do_switch$57$rdmux[0][6][45]$b$3819, Y=$memory$auto$proc_rom.cc:155:do_switch$57$rdmux[0][5][22]$b$3654
      New ports: A={ 1'1 $memory$auto$proc_rom.cc:155:do_switch$57$rdmux[0][6][45]$a$3818 [4] $memory$auto$proc_rom.cc:155:do_switch$57$rdmux[0][6][45]$a$3818 [1] 1'1 $memory$auto$proc_rom.cc:155:do_switch$57$rdmux[0][6][45]$a$3818 [1] }, B={ $memory$auto$proc_rom.cc:155:do_switch$57$rdmux[0][6][45]$b$3819 [5] $memory$auto$proc_rom.cc:155:do_switch$57$rdmux[0][6][45]$b$3819 [2] 1'1 $memory$auto$proc_rom.cc:155:do_switch$57$rdmux[0][6][45]$b$3819 [2] 1'0 }, Y=$memory$auto$proc_rom.cc:155:do_switch$57$rdmux[0][5][22]$b$3654 [5:1]
      New connections: { $memory$auto$proc_rom.cc:155:do_switch$57$rdmux[0][5][22]$b$3654 [9:6] $memory$auto$proc_rom.cc:155:do_switch$57$rdmux[0][5][22]$b$3654 [0] } = 5'11110
    Consolidated identical input bits for $mux cell $memory$auto$proc_rom.cc:155:do_switch$57$rdmux[0][6][44]$3814:
      Old ports: A=$memory$auto$proc_rom.cc:155:do_switch$57$rdmux[0][6][44]$a$3815, B=$memory$auto$proc_rom.cc:155:do_switch$57$rdmux[0][6][44]$b$3816, Y=$memory$auto$proc_rom.cc:155:do_switch$57$rdmux[0][5][22]$a$3653
      New ports: A={ $memory$auto$proc_rom.cc:155:do_switch$57$rdmux[0][6][44]$a$3815 [0] $memory$auto$proc_rom.cc:155:do_switch$57$rdmux[0][6][44]$a$3815 [0] 1'0 $memory$auto$proc_rom.cc:155:do_switch$57$rdmux[0][6][44]$a$3815 [0] }, B={ 1'1 $memory$auto$proc_rom.cc:155:do_switch$57$rdmux[0][6][44]$b$3816 [3] 1'1 $memory$auto$proc_rom.cc:155:do_switch$57$rdmux[0][6][44]$b$3816 [0] }, Y={ $memory$auto$proc_rom.cc:155:do_switch$57$rdmux[0][5][22]$a$3653 [4:3] $memory$auto$proc_rom.cc:155:do_switch$57$rdmux[0][5][22]$a$3653 [1:0] }
      New connections: { $memory$auto$proc_rom.cc:155:do_switch$57$rdmux[0][5][22]$a$3653 [9:5] $memory$auto$proc_rom.cc:155:do_switch$57$rdmux[0][5][22]$a$3653 [2] } = { $memory$auto$proc_rom.cc:155:do_switch$57$rdmux[0][5][22]$a$3653 [4] $memory$auto$proc_rom.cc:155:do_switch$57$rdmux[0][5][22]$a$3653 [4] $memory$auto$proc_rom.cc:155:do_switch$57$rdmux[0][5][22]$a$3653 [4] $memory$auto$proc_rom.cc:155:do_switch$57$rdmux[0][5][22]$a$3653 [4] $memory$auto$proc_rom.cc:155:do_switch$57$rdmux[0][5][22]$a$3653 [4] $memory$auto$proc_rom.cc:155:do_switch$57$rdmux[0][5][22]$a$3653 [0] }
    Consolidated identical input bits for $mux cell $memory$auto$proc_rom.cc:155:do_switch$57$rdmux[0][6][43]$3811:
      Old ports: A=$memory$auto$proc_rom.cc:155:do_switch$57$rdmux[0][6][43]$a$3812, B=$memory$auto$proc_rom.cc:155:do_switch$57$rdmux[0][6][43]$b$3813, Y=$memory$auto$proc_rom.cc:155:do_switch$57$rdmux[0][5][21]$b$3651
      New ports: A={ 2'01 $memory$auto$proc_rom.cc:155:do_switch$57$rdmux[0][6][43]$a$3812 [2] }, B={ 1'1 $memory$auto$proc_rom.cc:155:do_switch$57$rdmux[0][6][43]$b$3813 [3] 1'0 }, Y=$memory$auto$proc_rom.cc:155:do_switch$57$rdmux[0][5][21]$b$3651 [4:2]
      New connections: { $memory$auto$proc_rom.cc:155:do_switch$57$rdmux[0][5][21]$b$3651 [9:5] $memory$auto$proc_rom.cc:155:do_switch$57$rdmux[0][5][21]$b$3651 [1:0] } = 7'0000000
    Consolidated identical input bits for $mux cell $memory$auto$proc_rom.cc:155:do_switch$57$rdmux[0][6][42]$3808:
      Old ports: A=$memory$auto$proc_rom.cc:155:do_switch$57$rdmux[0][6][42]$a$3809, B=$memory$auto$proc_rom.cc:155:do_switch$57$rdmux[0][6][42]$b$3810, Y=$memory$auto$proc_rom.cc:155:do_switch$57$rdmux[0][5][21]$a$3650
      New ports: A={ 1'0 $memory$auto$proc_rom.cc:155:do_switch$57$rdmux[0][6][42]$a$3809 [1] }, B={ 1'1 $memory$auto$proc_rom.cc:155:do_switch$57$rdmux[0][6][42]$b$3810 [1] }, Y=$memory$auto$proc_rom.cc:155:do_switch$57$rdmux[0][5][21]$a$3650 [2:1]
      New connections: { $memory$auto$proc_rom.cc:155:do_switch$57$rdmux[0][5][21]$a$3650 [9:3] $memory$auto$proc_rom.cc:155:do_switch$57$rdmux[0][5][21]$a$3650 [0] } = 8'00000000
    Consolidated identical input bits for $mux cell $memory$auto$proc_rom.cc:155:do_switch$57$rdmux[0][6][41]$3805:
      Old ports: A=$memory$auto$proc_rom.cc:155:do_switch$57$rdmux[0][6][41]$a$3806, B=$memory$auto$proc_rom.cc:155:do_switch$57$rdmux[0][6][41]$b$3807, Y=$memory$auto$proc_rom.cc:155:do_switch$57$rdmux[0][5][20]$b$3648
      New ports: A={ 1'1 $memory$auto$proc_rom.cc:155:do_switch$57$rdmux[0][6][41]$a$3806 [3:2] }, B={ $memory$auto$proc_rom.cc:155:do_switch$57$rdmux[0][6][41]$b$3807 [4:3] 1'0 }, Y=$memory$auto$proc_rom.cc:155:do_switch$57$rdmux[0][5][20]$b$3648 [4:2]
      New connections: { $memory$auto$proc_rom.cc:155:do_switch$57$rdmux[0][5][20]$b$3648 [9:5] $memory$auto$proc_rom.cc:155:do_switch$57$rdmux[0][5][20]$b$3648 [1:0] } = 7'1111100
    Consolidated identical input bits for $mux cell $memory$auto$proc_rom.cc:155:do_switch$57$rdmux[0][6][40]$3802:
      Old ports: A=$memory$auto$proc_rom.cc:155:do_switch$57$rdmux[0][6][40]$a$3803, B=$memory$auto$proc_rom.cc:155:do_switch$57$rdmux[0][6][40]$b$3804, Y=$memory$auto$proc_rom.cc:155:do_switch$57$rdmux[0][5][20]$a$3647
      New ports: A={ $memory$auto$proc_rom.cc:155:do_switch$57$rdmux[0][6][40]$a$3803 [1] $memory$auto$proc_rom.cc:155:do_switch$57$rdmux[0][6][40]$a$3803 [1] $memory$auto$proc_rom.cc:155:do_switch$57$rdmux[0][6][40]$a$3803 [1] }, B={ 1'1 $memory$auto$proc_rom.cc:155:do_switch$57$rdmux[0][6][40]$b$3804 [2:1] }, Y=$memory$auto$proc_rom.cc:155:do_switch$57$rdmux[0][5][20]$a$3647 [3:1]
      New connections: { $memory$auto$proc_rom.cc:155:do_switch$57$rdmux[0][5][20]$a$3647 [9:4] $memory$auto$proc_rom.cc:155:do_switch$57$rdmux[0][5][20]$a$3647 [0] } = { $memory$auto$proc_rom.cc:155:do_switch$57$rdmux[0][5][20]$a$3647 [3] $memory$auto$proc_rom.cc:155:do_switch$57$rdmux[0][5][20]$a$3647 [3] $memory$auto$proc_rom.cc:155:do_switch$57$rdmux[0][5][20]$a$3647 [3] $memory$auto$proc_rom.cc:155:do_switch$57$rdmux[0][5][20]$a$3647 [3] $memory$auto$proc_rom.cc:155:do_switch$57$rdmux[0][5][20]$a$3647 [3] $memory$auto$proc_rom.cc:155:do_switch$57$rdmux[0][5][20]$a$3647 [3] 1'0 }
    Consolidated identical input bits for $mux cell $memory$auto$proc_rom.cc:155:do_switch$57$rdmux[0][6][39]$3799:
      Old ports: A=$memory$auto$proc_rom.cc:155:do_switch$57$rdmux[0][6][39]$a$3800, B=$memory$auto$proc_rom.cc:155:do_switch$57$rdmux[0][6][39]$b$3801, Y=$memory$auto$proc_rom.cc:155:do_switch$57$rdmux[0][5][19]$b$3645
      New ports: A={ 2'01 $memory$auto$proc_rom.cc:155:do_switch$57$rdmux[0][6][39]$a$3800 [1] }, B={ 1'1 $memory$auto$proc_rom.cc:155:do_switch$57$rdmux[0][6][39]$b$3801 [2] 1'0 }, Y=$memory$auto$proc_rom.cc:155:do_switch$57$rdmux[0][5][19]$b$3645 [3:1]
      New connections: { $memory$auto$proc_rom.cc:155:do_switch$57$rdmux[0][5][19]$b$3645 [9:4] $memory$auto$proc_rom.cc:155:do_switch$57$rdmux[0][5][19]$b$3645 [0] } = 7'0000000
    Consolidated identical input bits for $mux cell $memory$auto$proc_rom.cc:155:do_switch$57$rdmux[0][6][38]$3796:
      Old ports: A=$memory$auto$proc_rom.cc:155:do_switch$57$rdmux[0][6][38]$a$3797, B=$memory$auto$proc_rom.cc:155:do_switch$57$rdmux[0][6][38]$b$3798, Y=$memory$auto$proc_rom.cc:155:do_switch$57$rdmux[0][5][19]$a$3644
      New ports: A={ 1'0 $memory$auto$proc_rom.cc:155:do_switch$57$rdmux[0][6][38]$a$3797 [0] }, B={ 1'1 $memory$auto$proc_rom.cc:155:do_switch$57$rdmux[0][6][38]$b$3798 [0] }, Y=$memory$auto$proc_rom.cc:155:do_switch$57$rdmux[0][5][19]$a$3644 [1:0]
      New connections: $memory$auto$proc_rom.cc:155:do_switch$57$rdmux[0][5][19]$a$3644 [9:2] = 8'00000000
    Consolidated identical input bits for $mux cell $memory$auto$proc_rom.cc:155:do_switch$57$rdmux[0][6][37]$3793:
      Old ports: A=$memory$auto$proc_rom.cc:155:do_switch$57$rdmux[0][6][37]$a$3794, B=$memory$auto$proc_rom.cc:155:do_switch$57$rdmux[0][6][37]$b$3795, Y=$memory$auto$proc_rom.cc:155:do_switch$57$rdmux[0][5][18]$b$3642
      New ports: A={ 1'1 $memory$auto$proc_rom.cc:155:do_switch$57$rdmux[0][6][37]$a$3794 [2:1] }, B={ $memory$auto$proc_rom.cc:155:do_switch$57$rdmux[0][6][37]$b$3795 [3:2] 1'0 }, Y=$memory$auto$proc_rom.cc:155:do_switch$57$rdmux[0][5][18]$b$3642 [3:1]
      New connections: { $memory$auto$proc_rom.cc:155:do_switch$57$rdmux[0][5][18]$b$3642 [9:4] $memory$auto$proc_rom.cc:155:do_switch$57$rdmux[0][5][18]$b$3642 [0] } = 7'1111110
    Consolidated identical input bits for $mux cell $memory$auto$proc_rom.cc:155:do_switch$57$rdmux[0][6][36]$3790:
      Old ports: A=$memory$auto$proc_rom.cc:155:do_switch$57$rdmux[0][6][36]$a$3791, B=$memory$auto$proc_rom.cc:155:do_switch$57$rdmux[0][6][36]$b$3792, Y=$memory$auto$proc_rom.cc:155:do_switch$57$rdmux[0][5][18]$a$3641
      New ports: A={ $memory$auto$proc_rom.cc:155:do_switch$57$rdmux[0][6][36]$a$3791 [0] $memory$auto$proc_rom.cc:155:do_switch$57$rdmux[0][6][36]$a$3791 [0] $memory$auto$proc_rom.cc:155:do_switch$57$rdmux[0][6][36]$a$3791 [0] }, B={ 1'1 $memory$auto$proc_rom.cc:155:do_switch$57$rdmux[0][6][36]$b$3792 [1:0] }, Y=$memory$auto$proc_rom.cc:155:do_switch$57$rdmux[0][5][18]$a$3641 [2:0]
      New connections: $memory$auto$proc_rom.cc:155:do_switch$57$rdmux[0][5][18]$a$3641 [9:3] = { $memory$auto$proc_rom.cc:155:do_switch$57$rdmux[0][5][18]$a$3641 [2] $memory$auto$proc_rom.cc:155:do_switch$57$rdmux[0][5][18]$a$3641 [2] $memory$auto$proc_rom.cc:155:do_switch$57$rdmux[0][5][18]$a$3641 [2] $memory$auto$proc_rom.cc:155:do_switch$57$rdmux[0][5][18]$a$3641 [2] $memory$auto$proc_rom.cc:155:do_switch$57$rdmux[0][5][18]$a$3641 [2] $memory$auto$proc_rom.cc:155:do_switch$57$rdmux[0][5][18]$a$3641 [2] $memory$auto$proc_rom.cc:155:do_switch$57$rdmux[0][5][18]$a$3641 [2] }
    Consolidated identical input bits for $mux cell $memory$auto$proc_rom.cc:155:do_switch$57$rdmux[0][6][31]$3775:
      Old ports: A=$memory$auto$proc_rom.cc:155:do_switch$57$rdmux[0][6][31]$a$3776, B=$memory$auto$proc_rom.cc:155:do_switch$57$rdmux[0][6][31]$b$3777, Y=$memory$auto$proc_rom.cc:155:do_switch$57$rdmux[0][5][15]$b$3633
      New ports: A={ 1'1 $memory$auto$proc_rom.cc:155:do_switch$57$rdmux[0][6][31]$a$3776 [6] $memory$auto$proc_rom.cc:155:do_switch$57$rdmux[0][6][31]$a$3776 [3] 1'1 $memory$auto$proc_rom.cc:155:do_switch$57$rdmux[0][6][31]$a$3776 [3] }, B={ $memory$auto$proc_rom.cc:155:do_switch$57$rdmux[0][6][31]$b$3777 [7] $memory$auto$proc_rom.cc:155:do_switch$57$rdmux[0][6][31]$b$3777 [4] 1'1 $memory$auto$proc_rom.cc:155:do_switch$57$rdmux[0][6][31]$b$3777 [4] 1'0 }, Y=$memory$auto$proc_rom.cc:155:do_switch$57$rdmux[0][5][15]$b$3633 [7:3]
      New connections: { $memory$auto$proc_rom.cc:155:do_switch$57$rdmux[0][5][15]$b$3633 [9:8] $memory$auto$proc_rom.cc:155:do_switch$57$rdmux[0][5][15]$b$3633 [2:0] } = 5'11000
    Consolidated identical input bits for $mux cell $memory$auto$proc_rom.cc:155:do_switch$57$rdmux[0][6][30]$3772:
      Old ports: A=$memory$auto$proc_rom.cc:155:do_switch$57$rdmux[0][6][30]$a$3773, B=$memory$auto$proc_rom.cc:155:do_switch$57$rdmux[0][6][30]$b$3774, Y=$memory$auto$proc_rom.cc:155:do_switch$57$rdmux[0][5][15]$a$3632
      New ports: A={ $memory$auto$proc_rom.cc:155:do_switch$57$rdmux[0][6][30]$a$3773 [2] $memory$auto$proc_rom.cc:155:do_switch$57$rdmux[0][6][30]$a$3773 [2] 1'0 $memory$auto$proc_rom.cc:155:do_switch$57$rdmux[0][6][30]$a$3773 [2] }, B={ 1'1 $memory$auto$proc_rom.cc:155:do_switch$57$rdmux[0][6][30]$b$3774 [5] 1'1 $memory$auto$proc_rom.cc:155:do_switch$57$rdmux[0][6][30]$b$3774 [2] }, Y={ $memory$auto$proc_rom.cc:155:do_switch$57$rdmux[0][5][15]$a$3632 [6:5] $memory$auto$proc_rom.cc:155:do_switch$57$rdmux[0][5][15]$a$3632 [3:2] }
      New connections: { $memory$auto$proc_rom.cc:155:do_switch$57$rdmux[0][5][15]$a$3632 [9:7] $memory$auto$proc_rom.cc:155:do_switch$57$rdmux[0][5][15]$a$3632 [4] $memory$auto$proc_rom.cc:155:do_switch$57$rdmux[0][5][15]$a$3632 [1:0] } = { $memory$auto$proc_rom.cc:155:do_switch$57$rdmux[0][5][15]$a$3632 [6] $memory$auto$proc_rom.cc:155:do_switch$57$rdmux[0][5][15]$a$3632 [6] $memory$auto$proc_rom.cc:155:do_switch$57$rdmux[0][5][15]$a$3632 [6] $memory$auto$proc_rom.cc:155:do_switch$57$rdmux[0][5][15]$a$3632 [2] 2'00 }
    Consolidated identical input bits for $mux cell $memory$auto$proc_rom.cc:155:do_switch$57$rdmux[0][6][29]$3769:
      Old ports: A=$memory$auto$proc_rom.cc:155:do_switch$57$rdmux[0][6][29]$a$3770, B=$memory$auto$proc_rom.cc:155:do_switch$57$rdmux[0][6][29]$b$3771, Y=$memory$auto$proc_rom.cc:155:do_switch$57$rdmux[0][5][14]$b$3630
      New ports: A={ 1'0 $memory$auto$proc_rom.cc:155:do_switch$57$rdmux[0][6][29]$a$3770 [3] $memory$auto$proc_rom.cc:155:do_switch$57$rdmux[0][6][29]$a$3770 [4] $memory$auto$proc_rom.cc:155:do_switch$57$rdmux[0][6][29]$a$3770 [4:3] }, B={ $memory$auto$proc_rom.cc:155:do_switch$57$rdmux[0][6][29]$b$3771 [4] $memory$auto$proc_rom.cc:155:do_switch$57$rdmux[0][6][29]$b$3771 [5] $memory$auto$proc_rom.cc:155:do_switch$57$rdmux[0][6][29]$b$3771 [5:4] 1'0 }, Y=$memory$auto$proc_rom.cc:155:do_switch$57$rdmux[0][5][14]$b$3630 [7:3]
      New connections: { $memory$auto$proc_rom.cc:155:do_switch$57$rdmux[0][5][14]$b$3630 [9:8] $memory$auto$proc_rom.cc:155:do_switch$57$rdmux[0][5][14]$b$3630 [2:0] } = 5'00000
    Consolidated identical input bits for $mux cell $memory$auto$proc_rom.cc:155:do_switch$57$rdmux[0][6][28]$3766:
      Old ports: A=$memory$auto$proc_rom.cc:155:do_switch$57$rdmux[0][6][28]$a$3767, B=$memory$auto$proc_rom.cc:155:do_switch$57$rdmux[0][6][28]$b$3768, Y=$memory$auto$proc_rom.cc:155:do_switch$57$rdmux[0][5][14]$a$3629
      New ports: A={ 2'00 $memory$auto$proc_rom.cc:155:do_switch$57$rdmux[0][6][28]$a$3767 [2] $memory$auto$proc_rom.cc:155:do_switch$57$rdmux[0][6][28]$a$3767 [2] }, B={ $memory$auto$proc_rom.cc:155:do_switch$57$rdmux[0][6][28]$b$3768 [2] $memory$auto$proc_rom.cc:155:do_switch$57$rdmux[0][6][28]$b$3768 [3] $memory$auto$proc_rom.cc:155:do_switch$57$rdmux[0][6][28]$b$3768 [3:2] }, Y=$memory$auto$proc_rom.cc:155:do_switch$57$rdmux[0][5][14]$a$3629 [5:2]
      New connections: { $memory$auto$proc_rom.cc:155:do_switch$57$rdmux[0][5][14]$a$3629 [9:6] $memory$auto$proc_rom.cc:155:do_switch$57$rdmux[0][5][14]$a$3629 [1:0] } = 6'000000
    Consolidated identical input bits for $mux cell $memory$auto$proc_rom.cc:155:do_switch$57$rdmux[0][6][27]$3763:
      Old ports: A=$memory$auto$proc_rom.cc:155:do_switch$57$rdmux[0][6][27]$a$3764, B=$memory$auto$proc_rom.cc:155:do_switch$57$rdmux[0][6][27]$b$3765, Y=$memory$auto$proc_rom.cc:155:do_switch$57$rdmux[0][5][13]$b$3627
      New ports: A={ 1'1 $memory$auto$proc_rom.cc:155:do_switch$57$rdmux[0][6][27]$a$3764 [5:4] }, B={ $memory$auto$proc_rom.cc:155:do_switch$57$rdmux[0][6][27]$b$3765 [6:5] 1'0 }, Y=$memory$auto$proc_rom.cc:155:do_switch$57$rdmux[0][5][13]$b$3627 [6:4]
      New connections: { $memory$auto$proc_rom.cc:155:do_switch$57$rdmux[0][5][13]$b$3627 [9:7] $memory$auto$proc_rom.cc:155:do_switch$57$rdmux[0][5][13]$b$3627 [3:0] } = 7'1110000
    Consolidated identical input bits for $mux cell $memory$auto$proc_rom.cc:155:do_switch$57$rdmux[0][6][26]$3760:
      Old ports: A=$memory$auto$proc_rom.cc:155:do_switch$57$rdmux[0][6][26]$a$3761, B=$memory$auto$proc_rom.cc:155:do_switch$57$rdmux[0][6][26]$b$3762, Y=$memory$auto$proc_rom.cc:155:do_switch$57$rdmux[0][5][13]$a$3626
      New ports: A={ $memory$auto$proc_rom.cc:155:do_switch$57$rdmux[0][6][26]$a$3761 [3] $memory$auto$proc_rom.cc:155:do_switch$57$rdmux[0][6][26]$a$3761 [3] $memory$auto$proc_rom.cc:155:do_switch$57$rdmux[0][6][26]$a$3761 [3] }, B={ 1'1 $memory$auto$proc_rom.cc:155:do_switch$57$rdmux[0][6][26]$b$3762 [4:3] }, Y=$memory$auto$proc_rom.cc:155:do_switch$57$rdmux[0][5][13]$a$3626 [5:3]
      New connections: { $memory$auto$proc_rom.cc:155:do_switch$57$rdmux[0][5][13]$a$3626 [9:6] $memory$auto$proc_rom.cc:155:do_switch$57$rdmux[0][5][13]$a$3626 [2:0] } = { $memory$auto$proc_rom.cc:155:do_switch$57$rdmux[0][5][13]$a$3626 [5] $memory$auto$proc_rom.cc:155:do_switch$57$rdmux[0][5][13]$a$3626 [5] $memory$auto$proc_rom.cc:155:do_switch$57$rdmux[0][5][13]$a$3626 [5] $memory$auto$proc_rom.cc:155:do_switch$57$rdmux[0][5][13]$a$3626 [5] 3'000 }
    Consolidated identical input bits for $mux cell $memory$auto$proc_rom.cc:155:do_switch$57$rdmux[0][6][25]$3757:
      Old ports: A=$memory$auto$proc_rom.cc:155:do_switch$57$rdmux[0][6][25]$a$3758, B=$memory$auto$proc_rom.cc:155:do_switch$57$rdmux[0][6][25]$b$3759, Y=$memory$auto$proc_rom.cc:155:do_switch$57$rdmux[0][5][12]$b$3624
      New ports: A={ 2'01 $memory$auto$proc_rom.cc:155:do_switch$57$rdmux[0][6][25]$a$3758 [4] }, B={ 1'1 $memory$auto$proc_rom.cc:155:do_switch$57$rdmux[0][6][25]$b$3759 [5] 1'0 }, Y=$memory$auto$proc_rom.cc:155:do_switch$57$rdmux[0][5][12]$b$3624 [6:4]
      New connections: { $memory$auto$proc_rom.cc:155:do_switch$57$rdmux[0][5][12]$b$3624 [9:7] $memory$auto$proc_rom.cc:155:do_switch$57$rdmux[0][5][12]$b$3624 [3:0] } = 7'0000000
    Consolidated identical input bits for $mux cell $memory$auto$proc_rom.cc:155:do_switch$57$rdmux[0][6][24]$3754:
      Old ports: A=$memory$auto$proc_rom.cc:155:do_switch$57$rdmux[0][6][24]$a$3755, B=$memory$auto$proc_rom.cc:155:do_switch$57$rdmux[0][6][24]$b$3756, Y=$memory$auto$proc_rom.cc:155:do_switch$57$rdmux[0][5][12]$a$3623
      New ports: A={ 1'0 $memory$auto$proc_rom.cc:155:do_switch$57$rdmux[0][6][24]$a$3755 [3] }, B={ 1'1 $memory$auto$proc_rom.cc:155:do_switch$57$rdmux[0][6][24]$b$3756 [3] }, Y=$memory$auto$proc_rom.cc:155:do_switch$57$rdmux[0][5][12]$a$3623 [4:3]
      New connections: { $memory$auto$proc_rom.cc:155:do_switch$57$rdmux[0][5][12]$a$3623 [9:5] $memory$auto$proc_rom.cc:155:do_switch$57$rdmux[0][5][12]$a$3623 [2:0] } = 8'00000000
    Consolidated identical input bits for $mux cell $memory$auto$proc_rom.cc:155:do_switch$57$rdmux[0][6][23]$3751:
      Old ports: A=$memory$auto$proc_rom.cc:155:do_switch$57$rdmux[0][6][23]$a$3752, B=$memory$auto$proc_rom.cc:155:do_switch$57$rdmux[0][6][23]$b$3753, Y=$memory$auto$proc_rom.cc:155:do_switch$57$rdmux[0][5][11]$b$3621
      New ports: A={ 1'1 $memory$auto$proc_rom.cc:155:do_switch$57$rdmux[0][6][23]$a$3752 [5] $memory$auto$proc_rom.cc:155:do_switch$57$rdmux[0][6][23]$a$3752 [2] 1'1 $memory$auto$proc_rom.cc:155:do_switch$57$rdmux[0][6][23]$a$3752 [2] }, B={ $memory$auto$proc_rom.cc:155:do_switch$57$rdmux[0][6][23]$b$3753 [6] $memory$auto$proc_rom.cc:155:do_switch$57$rdmux[0][6][23]$b$3753 [3] 1'1 $memory$auto$proc_rom.cc:155:do_switch$57$rdmux[0][6][23]$b$3753 [3] 1'0 }, Y=$memory$auto$proc_rom.cc:155:do_switch$57$rdmux[0][5][11]$b$3621 [6:2]
      New connections: { $memory$auto$proc_rom.cc:155:do_switch$57$rdmux[0][5][11]$b$3621 [9:7] $memory$auto$proc_rom.cc:155:do_switch$57$rdmux[0][5][11]$b$3621 [1:0] } = 5'11100
    Consolidated identical input bits for $mux cell $memory$auto$proc_rom.cc:155:do_switch$57$rdmux[0][6][22]$3748:
      Old ports: A=$memory$auto$proc_rom.cc:155:do_switch$57$rdmux[0][6][22]$a$3749, B=$memory$auto$proc_rom.cc:155:do_switch$57$rdmux[0][6][22]$b$3750, Y=$memory$auto$proc_rom.cc:155:do_switch$57$rdmux[0][5][11]$a$3620
      New ports: A={ $memory$auto$proc_rom.cc:155:do_switch$57$rdmux[0][6][22]$a$3749 [1] $memory$auto$proc_rom.cc:155:do_switch$57$rdmux[0][6][22]$a$3749 [1] 1'0 $memory$auto$proc_rom.cc:155:do_switch$57$rdmux[0][6][22]$a$3749 [1] }, B={ 1'1 $memory$auto$proc_rom.cc:155:do_switch$57$rdmux[0][6][22]$b$3750 [4] 1'1 $memory$auto$proc_rom.cc:155:do_switch$57$rdmux[0][6][22]$b$3750 [1] }, Y={ $memory$auto$proc_rom.cc:155:do_switch$57$rdmux[0][5][11]$a$3620 [5:4] $memory$auto$proc_rom.cc:155:do_switch$57$rdmux[0][5][11]$a$3620 [2:1] }
      New connections: { $memory$auto$proc_rom.cc:155:do_switch$57$rdmux[0][5][11]$a$3620 [9:6] $memory$auto$proc_rom.cc:155:do_switch$57$rdmux[0][5][11]$a$3620 [3] $memory$auto$proc_rom.cc:155:do_switch$57$rdmux[0][5][11]$a$3620 [0] } = { $memory$auto$proc_rom.cc:155:do_switch$57$rdmux[0][5][11]$a$3620 [5] $memory$auto$proc_rom.cc:155:do_switch$57$rdmux[0][5][11]$a$3620 [5] $memory$auto$proc_rom.cc:155:do_switch$57$rdmux[0][5][11]$a$3620 [5] $memory$auto$proc_rom.cc:155:do_switch$57$rdmux[0][5][11]$a$3620 [5] $memory$auto$proc_rom.cc:155:do_switch$57$rdmux[0][5][11]$a$3620 [1] 1'0 }
    Consolidated identical input bits for $mux cell $memory$auto$proc_rom.cc:155:do_switch$57$rdmux[0][6][21]$3745:
      Old ports: A=$memory$auto$proc_rom.cc:155:do_switch$57$rdmux[0][6][21]$a$3746, B=$memory$auto$proc_rom.cc:155:do_switch$57$rdmux[0][6][21]$b$3747, Y=$memory$auto$proc_rom.cc:155:do_switch$57$rdmux[0][5][10]$b$3618
      New ports: A={ 1'0 $memory$auto$proc_rom.cc:155:do_switch$57$rdmux[0][6][21]$a$3746 [2] $memory$auto$proc_rom.cc:155:do_switch$57$rdmux[0][6][21]$a$3746 [3] $memory$auto$proc_rom.cc:155:do_switch$57$rdmux[0][6][21]$a$3746 [3:2] }, B={ $memory$auto$proc_rom.cc:155:do_switch$57$rdmux[0][6][21]$b$3747 [3] $memory$auto$proc_rom.cc:155:do_switch$57$rdmux[0][6][21]$b$3747 [4] $memory$auto$proc_rom.cc:155:do_switch$57$rdmux[0][6][21]$b$3747 [4:3] 1'0 }, Y=$memory$auto$proc_rom.cc:155:do_switch$57$rdmux[0][5][10]$b$3618 [6:2]
      New connections: { $memory$auto$proc_rom.cc:155:do_switch$57$rdmux[0][5][10]$b$3618 [9:7] $memory$auto$proc_rom.cc:155:do_switch$57$rdmux[0][5][10]$b$3618 [1:0] } = 5'00000
    Consolidated identical input bits for $mux cell $memory$auto$proc_rom.cc:155:do_switch$57$rdmux[0][6][20]$3742:
      Old ports: A=$memory$auto$proc_rom.cc:155:do_switch$57$rdmux[0][6][20]$a$3743, B=$memory$auto$proc_rom.cc:155:do_switch$57$rdmux[0][6][20]$b$3744, Y=$memory$auto$proc_rom.cc:155:do_switch$57$rdmux[0][5][10]$a$3617
      New ports: A={ 2'00 $memory$auto$proc_rom.cc:155:do_switch$57$rdmux[0][6][20]$a$3743 [1] $memory$auto$proc_rom.cc:155:do_switch$57$rdmux[0][6][20]$a$3743 [1] }, B={ $memory$auto$proc_rom.cc:155:do_switch$57$rdmux[0][6][20]$b$3744 [1] $memory$auto$proc_rom.cc:155:do_switch$57$rdmux[0][6][20]$b$3744 [2] $memory$auto$proc_rom.cc:155:do_switch$57$rdmux[0][6][20]$b$3744 [2:1] }, Y=$memory$auto$proc_rom.cc:155:do_switch$57$rdmux[0][5][10]$a$3617 [4:1]
      New connections: { $memory$auto$proc_rom.cc:155:do_switch$57$rdmux[0][5][10]$a$3617 [9:5] $memory$auto$proc_rom.cc:155:do_switch$57$rdmux[0][5][10]$a$3617 [0] } = 6'000000
    Consolidated identical input bits for $mux cell $memory$auto$proc_rom.cc:155:do_switch$57$rdmux[0][6][19]$3739:
      Old ports: A=$memory$auto$proc_rom.cc:155:do_switch$57$rdmux[0][6][19]$a$3740, B=$memory$auto$proc_rom.cc:155:do_switch$57$rdmux[0][6][19]$b$3741, Y=$memory$auto$proc_rom.cc:155:do_switch$57$rdmux[0][5][9]$b$3615
      New ports: A={ 1'1 $memory$auto$proc_rom.cc:155:do_switch$57$rdmux[0][6][19]$a$3740 [4:3] }, B={ $memory$auto$proc_rom.cc:155:do_switch$57$rdmux[0][6][19]$b$3741 [5:4] 1'0 }, Y=$memory$auto$proc_rom.cc:155:do_switch$57$rdmux[0][5][9]$b$3615 [5:3]
      New connections: { $memory$auto$proc_rom.cc:155:do_switch$57$rdmux[0][5][9]$b$3615 [9:6] $memory$auto$proc_rom.cc:155:do_switch$57$rdmux[0][5][9]$b$3615 [2:0] } = 7'1111000
    Consolidated identical input bits for $mux cell $memory$auto$proc_rom.cc:155:do_switch$57$rdmux[0][6][18]$3736:
      Old ports: A=$memory$auto$proc_rom.cc:155:do_switch$57$rdmux[0][6][18]$a$3737, B=$memory$auto$proc_rom.cc:155:do_switch$57$rdmux[0][6][18]$b$3738, Y=$memory$auto$proc_rom.cc:155:do_switch$57$rdmux[0][5][9]$a$3614
      New ports: A={ $memory$auto$proc_rom.cc:155:do_switch$57$rdmux[0][6][18]$a$3737 [2] $memory$auto$proc_rom.cc:155:do_switch$57$rdmux[0][6][18]$a$3737 [2] $memory$auto$proc_rom.cc:155:do_switch$57$rdmux[0][6][18]$a$3737 [2] }, B={ 1'1 $memory$auto$proc_rom.cc:155:do_switch$57$rdmux[0][6][18]$b$3738 [3:2] }, Y=$memory$auto$proc_rom.cc:155:do_switch$57$rdmux[0][5][9]$a$3614 [4:2]
      New connections: { $memory$auto$proc_rom.cc:155:do_switch$57$rdmux[0][5][9]$a$3614 [9:5] $memory$auto$proc_rom.cc:155:do_switch$57$rdmux[0][5][9]$a$3614 [1:0] } = { $memory$auto$proc_rom.cc:155:do_switch$57$rdmux[0][5][9]$a$3614 [4] $memory$auto$proc_rom.cc:155:do_switch$57$rdmux[0][5][9]$a$3614 [4] $memory$auto$proc_rom.cc:155:do_switch$57$rdmux[0][5][9]$a$3614 [4] $memory$auto$proc_rom.cc:155:do_switch$57$rdmux[0][5][9]$a$3614 [4] $memory$auto$proc_rom.cc:155:do_switch$57$rdmux[0][5][9]$a$3614 [4] 2'00 }
    Consolidated identical input bits for $mux cell $memory$auto$proc_rom.cc:155:do_switch$57$rdmux[0][6][17]$3733:
      Old ports: A=$memory$auto$proc_rom.cc:155:do_switch$57$rdmux[0][6][17]$a$3734, B=$memory$auto$proc_rom.cc:155:do_switch$57$rdmux[0][6][17]$b$3735, Y=$memory$auto$proc_rom.cc:155:do_switch$57$rdmux[0][5][8]$b$3612
      New ports: A={ 2'01 $memory$auto$proc_rom.cc:155:do_switch$57$rdmux[0][6][17]$a$3734 [3] }, B={ 1'1 $memory$auto$proc_rom.cc:155:do_switch$57$rdmux[0][6][17]$b$3735 [4] 1'0 }, Y=$memory$auto$proc_rom.cc:155:do_switch$57$rdmux[0][5][8]$b$3612 [5:3]
      New connections: { $memory$auto$proc_rom.cc:155:do_switch$57$rdmux[0][5][8]$b$3612 [9:6] $memory$auto$proc_rom.cc:155:do_switch$57$rdmux[0][5][8]$b$3612 [2:0] } = 7'0000000
    Consolidated identical input bits for $mux cell $memory$auto$proc_rom.cc:155:do_switch$57$rdmux[0][6][16]$3730:
      Old ports: A=$memory$auto$proc_rom.cc:155:do_switch$57$rdmux[0][6][16]$a$3731, B=$memory$auto$proc_rom.cc:155:do_switch$57$rdmux[0][6][16]$b$3732, Y=$memory$auto$proc_rom.cc:155:do_switch$57$rdmux[0][5][8]$a$3611
      New ports: A={ 1'0 $memory$auto$proc_rom.cc:155:do_switch$57$rdmux[0][6][16]$a$3731 [2] }, B={ 1'1 $memory$auto$proc_rom.cc:155:do_switch$57$rdmux[0][6][16]$b$3732 [2] }, Y=$memory$auto$proc_rom.cc:155:do_switch$57$rdmux[0][5][8]$a$3611 [3:2]
      New connections: { $memory$auto$proc_rom.cc:155:do_switch$57$rdmux[0][5][8]$a$3611 [9:4] $memory$auto$proc_rom.cc:155:do_switch$57$rdmux[0][5][8]$a$3611 [1:0] } = 8'00000000
    Consolidated identical input bits for $mux cell $memory$auto$proc_rom.cc:155:do_switch$57$rdmux[0][6][15]$3727:
      Old ports: A=$memory$auto$proc_rom.cc:155:do_switch$57$rdmux[0][6][15]$a$3728, B=$memory$auto$proc_rom.cc:155:do_switch$57$rdmux[0][6][15]$b$3729, Y=$memory$auto$proc_rom.cc:155:do_switch$57$rdmux[0][5][7]$b$3609
      New ports: A={ 1'1 $memory$auto$proc_rom.cc:155:do_switch$57$rdmux[0][6][15]$a$3728 [4] $memory$auto$proc_rom.cc:155:do_switch$57$rdmux[0][6][15]$a$3728 [1] 1'1 $memory$auto$proc_rom.cc:155:do_switch$57$rdmux[0][6][15]$a$3728 [1] }, B={ $memory$auto$proc_rom.cc:155:do_switch$57$rdmux[0][6][15]$b$3729 [5] $memory$auto$proc_rom.cc:155:do_switch$57$rdmux[0][6][15]$b$3729 [2] 1'1 $memory$auto$proc_rom.cc:155:do_switch$57$rdmux[0][6][15]$b$3729 [2] 1'0 }, Y=$memory$auto$proc_rom.cc:155:do_switch$57$rdmux[0][5][7]$b$3609 [5:1]
      New connections: { $memory$auto$proc_rom.cc:155:do_switch$57$rdmux[0][5][7]$b$3609 [9:6] $memory$auto$proc_rom.cc:155:do_switch$57$rdmux[0][5][7]$b$3609 [0] } = 5'11110
    Consolidated identical input bits for $mux cell $memory$auto$proc_rom.cc:155:do_switch$57$rdmux[0][6][14]$3724:
      Old ports: A=$memory$auto$proc_rom.cc:155:do_switch$57$rdmux[0][6][14]$a$3725, B=$memory$auto$proc_rom.cc:155:do_switch$57$rdmux[0][6][14]$b$3726, Y=$memory$auto$proc_rom.cc:155:do_switch$57$rdmux[0][5][7]$a$3608
      New ports: A={ $memory$auto$proc_rom.cc:155:do_switch$57$rdmux[0][6][14]$a$3725 [0] $memory$auto$proc_rom.cc:155:do_switch$57$rdmux[0][6][14]$a$3725 [0] 1'0 $memory$auto$proc_rom.cc:155:do_switch$57$rdmux[0][6][14]$a$3725 [0] }, B={ 1'1 $memory$auto$proc_rom.cc:155:do_switch$57$rdmux[0][6][14]$b$3726 [3] 1'1 $memory$auto$proc_rom.cc:155:do_switch$57$rdmux[0][6][14]$b$3726 [0] }, Y={ $memory$auto$proc_rom.cc:155:do_switch$57$rdmux[0][5][7]$a$3608 [4:3] $memory$auto$proc_rom.cc:155:do_switch$57$rdmux[0][5][7]$a$3608 [1:0] }
      New connections: { $memory$auto$proc_rom.cc:155:do_switch$57$rdmux[0][5][7]$a$3608 [9:5] $memory$auto$proc_rom.cc:155:do_switch$57$rdmux[0][5][7]$a$3608 [2] } = { $memory$auto$proc_rom.cc:155:do_switch$57$rdmux[0][5][7]$a$3608 [4] $memory$auto$proc_rom.cc:155:do_switch$57$rdmux[0][5][7]$a$3608 [4] $memory$auto$proc_rom.cc:155:do_switch$57$rdmux[0][5][7]$a$3608 [4] $memory$auto$proc_rom.cc:155:do_switch$57$rdmux[0][5][7]$a$3608 [4] $memory$auto$proc_rom.cc:155:do_switch$57$rdmux[0][5][7]$a$3608 [4] $memory$auto$proc_rom.cc:155:do_switch$57$rdmux[0][5][7]$a$3608 [0] }
    Consolidated identical input bits for $mux cell $memory$auto$proc_rom.cc:155:do_switch$57$rdmux[0][6][13]$3721:
      Old ports: A=$memory$auto$proc_rom.cc:155:do_switch$57$rdmux[0][6][13]$a$3722, B=$memory$auto$proc_rom.cc:155:do_switch$57$rdmux[0][6][13]$b$3723, Y=$memory$auto$proc_rom.cc:155:do_switch$57$rdmux[0][5][6]$b$3606
      New ports: A={ 1'0 $memory$auto$proc_rom.cc:155:do_switch$57$rdmux[0][6][13]$a$3722 [1] $memory$auto$proc_rom.cc:155:do_switch$57$rdmux[0][6][13]$a$3722 [2] $memory$auto$proc_rom.cc:155:do_switch$57$rdmux[0][6][13]$a$3722 [2:1] }, B={ $memory$auto$proc_rom.cc:155:do_switch$57$rdmux[0][6][13]$b$3723 [2] $memory$auto$proc_rom.cc:155:do_switch$57$rdmux[0][6][13]$b$3723 [3] $memory$auto$proc_rom.cc:155:do_switch$57$rdmux[0][6][13]$b$3723 [3:2] 1'0 }, Y=$memory$auto$proc_rom.cc:155:do_switch$57$rdmux[0][5][6]$b$3606 [5:1]
      New connections: { $memory$auto$proc_rom.cc:155:do_switch$57$rdmux[0][5][6]$b$3606 [9:6] $memory$auto$proc_rom.cc:155:do_switch$57$rdmux[0][5][6]$b$3606 [0] } = 5'00000
    Consolidated identical input bits for $mux cell $memory$auto$proc_rom.cc:155:do_switch$57$rdmux[0][6][12]$3718:
      Old ports: A=$memory$auto$proc_rom.cc:155:do_switch$57$rdmux[0][6][12]$a$3719, B=$memory$auto$proc_rom.cc:155:do_switch$57$rdmux[0][6][12]$b$3720, Y=$memory$auto$proc_rom.cc:155:do_switch$57$rdmux[0][5][6]$a$3605
      New ports: A={ 2'00 $memory$auto$proc_rom.cc:155:do_switch$57$rdmux[0][6][12]$a$3719 [0] $memory$auto$proc_rom.cc:155:do_switch$57$rdmux[0][6][12]$a$3719 [0] }, B={ $memory$auto$proc_rom.cc:155:do_switch$57$rdmux[0][6][12]$b$3720 [0] $memory$auto$proc_rom.cc:155:do_switch$57$rdmux[0][6][12]$b$3720 [1] $memory$auto$proc_rom.cc:155:do_switch$57$rdmux[0][6][12]$b$3720 [1:0] }, Y=$memory$auto$proc_rom.cc:155:do_switch$57$rdmux[0][5][6]$a$3605 [3:0]
      New connections: $memory$auto$proc_rom.cc:155:do_switch$57$rdmux[0][5][6]$a$3605 [9:4] = 6'000000
    Consolidated identical input bits for $mux cell $memory$auto$proc_rom.cc:155:do_switch$57$rdmux[0][6][11]$3715:
      Old ports: A=$memory$auto$proc_rom.cc:155:do_switch$57$rdmux[0][6][11]$a$3716, B=$memory$auto$proc_rom.cc:155:do_switch$57$rdmux[0][6][11]$b$3717, Y=$memory$auto$proc_rom.cc:155:do_switch$57$rdmux[0][5][5]$b$3603
      New ports: A={ 1'1 $memory$auto$proc_rom.cc:155:do_switch$57$rdmux[0][6][11]$a$3716 [3:2] }, B={ $memory$auto$proc_rom.cc:155:do_switch$57$rdmux[0][6][11]$b$3717 [4:3] 1'0 }, Y=$memory$auto$proc_rom.cc:155:do_switch$57$rdmux[0][5][5]$b$3603 [4:2]
      New connections: { $memory$auto$proc_rom.cc:155:do_switch$57$rdmux[0][5][5]$b$3603 [9:5] $memory$auto$proc_rom.cc:155:do_switch$57$rdmux[0][5][5]$b$3603 [1:0] } = 7'1111100
    Consolidated identical input bits for $mux cell $memory$auto$proc_rom.cc:155:do_switch$57$rdmux[0][6][10]$3712:
      Old ports: A=$memory$auto$proc_rom.cc:155:do_switch$57$rdmux[0][6][10]$a$3713, B=$memory$auto$proc_rom.cc:155:do_switch$57$rdmux[0][6][10]$b$3714, Y=$memory$auto$proc_rom.cc:155:do_switch$57$rdmux[0][5][5]$a$3602
      New ports: A={ $memory$auto$proc_rom.cc:155:do_switch$57$rdmux[0][6][10]$a$3713 [1] $memory$auto$proc_rom.cc:155:do_switch$57$rdmux[0][6][10]$a$3713 [1] $memory$auto$proc_rom.cc:155:do_switch$57$rdmux[0][6][10]$a$3713 [1] }, B={ 1'1 $memory$auto$proc_rom.cc:155:do_switch$57$rdmux[0][6][10]$b$3714 [2:1] }, Y=$memory$auto$proc_rom.cc:155:do_switch$57$rdmux[0][5][5]$a$3602 [3:1]
      New connections: { $memory$auto$proc_rom.cc:155:do_switch$57$rdmux[0][5][5]$a$3602 [9:4] $memory$auto$proc_rom.cc:155:do_switch$57$rdmux[0][5][5]$a$3602 [0] } = { $memory$auto$proc_rom.cc:155:do_switch$57$rdmux[0][5][5]$a$3602 [3] $memory$auto$proc_rom.cc:155:do_switch$57$rdmux[0][5][5]$a$3602 [3] $memory$auto$proc_rom.cc:155:do_switch$57$rdmux[0][5][5]$a$3602 [3] $memory$auto$proc_rom.cc:155:do_switch$57$rdmux[0][5][5]$a$3602 [3] $memory$auto$proc_rom.cc:155:do_switch$57$rdmux[0][5][5]$a$3602 [3] $memory$auto$proc_rom.cc:155:do_switch$57$rdmux[0][5][5]$a$3602 [3] 1'0 }
    Consolidated identical input bits for $mux cell $memory$auto$proc_rom.cc:155:do_switch$57$rdmux[0][6][9]$3709:
      Old ports: A=$memory$auto$proc_rom.cc:155:do_switch$57$rdmux[0][6][9]$a$3710, B=$memory$auto$proc_rom.cc:155:do_switch$57$rdmux[0][6][9]$b$3711, Y=$memory$auto$proc_rom.cc:155:do_switch$57$rdmux[0][5][4]$b$3600
      New ports: A={ 2'01 $memory$auto$proc_rom.cc:155:do_switch$57$rdmux[0][6][9]$a$3710 [2] }, B={ 1'1 $memory$auto$proc_rom.cc:155:do_switch$57$rdmux[0][6][9]$b$3711 [3] 1'0 }, Y=$memory$auto$proc_rom.cc:155:do_switch$57$rdmux[0][5][4]$b$3600 [4:2]
      New connections: { $memory$auto$proc_rom.cc:155:do_switch$57$rdmux[0][5][4]$b$3600 [9:5] $memory$auto$proc_rom.cc:155:do_switch$57$rdmux[0][5][4]$b$3600 [1:0] } = 7'0000000
    Consolidated identical input bits for $mux cell $memory$auto$proc_rom.cc:155:do_switch$57$rdmux[0][6][8]$3706:
      Old ports: A=$memory$auto$proc_rom.cc:155:do_switch$57$rdmux[0][6][8]$a$3707, B=$memory$auto$proc_rom.cc:155:do_switch$57$rdmux[0][6][8]$b$3708, Y=$memory$auto$proc_rom.cc:155:do_switch$57$rdmux[0][5][4]$a$3599
      New ports: A={ 1'0 $memory$auto$proc_rom.cc:155:do_switch$57$rdmux[0][6][8]$a$3707 [1] }, B={ 1'1 $memory$auto$proc_rom.cc:155:do_switch$57$rdmux[0][6][8]$b$3708 [1] }, Y=$memory$auto$proc_rom.cc:155:do_switch$57$rdmux[0][5][4]$a$3599 [2:1]
      New connections: { $memory$auto$proc_rom.cc:155:do_switch$57$rdmux[0][5][4]$a$3599 [9:3] $memory$auto$proc_rom.cc:155:do_switch$57$rdmux[0][5][4]$a$3599 [0] } = 8'00000000
    Consolidated identical input bits for $mux cell $memory$auto$proc_rom.cc:155:do_switch$57$rdmux[0][6][7]$3703:
      Old ports: A=$memory$auto$proc_rom.cc:155:do_switch$57$rdmux[0][6][7]$a$3704, B=$memory$auto$proc_rom.cc:155:do_switch$57$rdmux[0][6][7]$b$3705, Y=$memory$auto$proc_rom.cc:155:do_switch$57$rdmux[0][5][3]$b$3597
      New ports: A={ 1'1 $memory$auto$proc_rom.cc:155:do_switch$57$rdmux[0][6][7]$a$3704 [2:1] }, B={ $memory$auto$proc_rom.cc:155:do_switch$57$rdmux[0][6][7]$b$3705 [3:2] 1'0 }, Y=$memory$auto$proc_rom.cc:155:do_switch$57$rdmux[0][5][3]$b$3597 [3:1]
      New connections: { $memory$auto$proc_rom.cc:155:do_switch$57$rdmux[0][5][3]$b$3597 [9:4] $memory$auto$proc_rom.cc:155:do_switch$57$rdmux[0][5][3]$b$3597 [0] } = 7'1111110
    Consolidated identical input bits for $mux cell $memory$auto$proc_rom.cc:155:do_switch$57$rdmux[0][6][6]$3700:
      Old ports: A=$memory$auto$proc_rom.cc:155:do_switch$57$rdmux[0][6][6]$a$3701, B=$memory$auto$proc_rom.cc:155:do_switch$57$rdmux[0][6][6]$b$3702, Y=$memory$auto$proc_rom.cc:155:do_switch$57$rdmux[0][5][3]$a$3596
      New ports: A={ $memory$auto$proc_rom.cc:155:do_switch$57$rdmux[0][6][6]$a$3701 [0] $memory$auto$proc_rom.cc:155:do_switch$57$rdmux[0][6][6]$a$3701 [0] $memory$auto$proc_rom.cc:155:do_switch$57$rdmux[0][6][6]$a$3701 [0] }, B={ 1'1 $memory$auto$proc_rom.cc:155:do_switch$57$rdmux[0][6][6]$b$3702 [1:0] }, Y=$memory$auto$proc_rom.cc:155:do_switch$57$rdmux[0][5][3]$a$3596 [2:0]
      New connections: $memory$auto$proc_rom.cc:155:do_switch$57$rdmux[0][5][3]$a$3596 [9:3] = { $memory$auto$proc_rom.cc:155:do_switch$57$rdmux[0][5][3]$a$3596 [2] $memory$auto$proc_rom.cc:155:do_switch$57$rdmux[0][5][3]$a$3596 [2] $memory$auto$proc_rom.cc:155:do_switch$57$rdmux[0][5][3]$a$3596 [2] $memory$auto$proc_rom.cc:155:do_switch$57$rdmux[0][5][3]$a$3596 [2] $memory$auto$proc_rom.cc:155:do_switch$57$rdmux[0][5][3]$a$3596 [2] $memory$auto$proc_rom.cc:155:do_switch$57$rdmux[0][5][3]$a$3596 [2] $memory$auto$proc_rom.cc:155:do_switch$57$rdmux[0][5][3]$a$3596 [2] }
    Consolidated identical input bits for $mux cell $memory$auto$proc_rom.cc:155:do_switch$57$rdmux[0][6][5]$3697:
      Old ports: A=$memory$auto$proc_rom.cc:155:do_switch$57$rdmux[0][6][5]$a$3698, B=$memory$auto$proc_rom.cc:155:do_switch$57$rdmux[0][6][5]$b$3699, Y=$memory$auto$proc_rom.cc:155:do_switch$57$rdmux[0][5][2]$b$3594
      New ports: A={ 2'01 $memory$auto$proc_rom.cc:155:do_switch$57$rdmux[0][6][5]$a$3698 [1] }, B={ 1'1 $memory$auto$proc_rom.cc:155:do_switch$57$rdmux[0][6][5]$b$3699 [2] 1'0 }, Y=$memory$auto$proc_rom.cc:155:do_switch$57$rdmux[0][5][2]$b$3594 [3:1]
      New connections: { $memory$auto$proc_rom.cc:155:do_switch$57$rdmux[0][5][2]$b$3594 [9:4] $memory$auto$proc_rom.cc:155:do_switch$57$rdmux[0][5][2]$b$3594 [0] } = 7'0000000
    Consolidated identical input bits for $mux cell $memory$auto$proc_rom.cc:155:do_switch$57$rdmux[0][6][4]$3694:
      Old ports: A=$memory$auto$proc_rom.cc:155:do_switch$57$rdmux[0][6][4]$a$3695, B=$memory$auto$proc_rom.cc:155:do_switch$57$rdmux[0][6][4]$b$3696, Y=$memory$auto$proc_rom.cc:155:do_switch$57$rdmux[0][5][2]$a$3593
      New ports: A={ 1'0 $memory$auto$proc_rom.cc:155:do_switch$57$rdmux[0][6][4]$a$3695 [0] }, B={ 1'1 $memory$auto$proc_rom.cc:155:do_switch$57$rdmux[0][6][4]$b$3696 [0] }, Y=$memory$auto$proc_rom.cc:155:do_switch$57$rdmux[0][5][2]$a$3593 [1:0]
      New connections: $memory$auto$proc_rom.cc:155:do_switch$57$rdmux[0][5][2]$a$3593 [9:2] = 8'00000000
    Consolidated identical input bits for $mux cell $memory$auto$proc_rom.cc:155:do_switch$61$rdmux[0][5][31]$3298:
      Old ports: A=$memory$auto$proc_rom.cc:155:do_switch$61$rdmux[0][5][31]$a$3299, B=$memory$auto$proc_rom.cc:155:do_switch$61$rdmux[0][5][31]$b$3300, Y=$memory$auto$proc_rom.cc:155:do_switch$61$rdmux[0][4][15]$b$3204
      New ports: A={ 2'10 $memory$auto$proc_rom.cc:155:do_switch$61$rdmux[0][5][31]$a$3299 [14] }, B={ $memory$auto$proc_rom.cc:155:do_switch$61$rdmux[0][5][31]$b$3300 [15] $memory$auto$proc_rom.cc:155:do_switch$61$rdmux[0][5][31]$b$3300 [15] 1'0 }, Y=$memory$auto$proc_rom.cc:155:do_switch$61$rdmux[0][4][15]$b$3204 [16:14]
      New connections: { $memory$auto$proc_rom.cc:155:do_switch$61$rdmux[0][4][15]$b$3204 [17] $memory$auto$proc_rom.cc:155:do_switch$61$rdmux[0][4][15]$b$3204 [13:0] } = { $memory$auto$proc_rom.cc:155:do_switch$61$rdmux[0][4][15]$b$3204 [16] 14'00000000000000 }
    Consolidated identical input bits for $mux cell $memory$auto$proc_rom.cc:155:do_switch$61$rdmux[0][5][30]$3295:
      Old ports: A=$memory$auto$proc_rom.cc:155:do_switch$61$rdmux[0][5][30]$a$3296, B=$memory$auto$proc_rom.cc:155:do_switch$61$rdmux[0][5][30]$b$3297, Y=$memory$auto$proc_rom.cc:155:do_switch$61$rdmux[0][4][15]$a$3203
      New ports: A={ 1'0 $memory$auto$proc_rom.cc:155:do_switch$61$rdmux[0][5][30]$a$3296 [14] }, B={ 1'1 $memory$auto$proc_rom.cc:155:do_switch$61$rdmux[0][5][30]$b$3297 [14] }, Y=$memory$auto$proc_rom.cc:155:do_switch$61$rdmux[0][4][15]$a$3203 [15:14]
      New connections: { $memory$auto$proc_rom.cc:155:do_switch$61$rdmux[0][4][15]$a$3203 [17:16] $memory$auto$proc_rom.cc:155:do_switch$61$rdmux[0][4][15]$a$3203 [13:0] } = 16'1000000000000000
    Consolidated identical input bits for $mux cell $memory$auto$proc_rom.cc:155:do_switch$61$rdmux[0][5][29]$3292:
      Old ports: A=$memory$auto$proc_rom.cc:155:do_switch$61$rdmux[0][5][29]$a$3293, B=$memory$auto$proc_rom.cc:155:do_switch$61$rdmux[0][5][29]$b$3294, Y=$memory$auto$proc_rom.cc:155:do_switch$61$rdmux[0][4][14]$b$3201
      New ports: A={ 1'0 $memory$auto$proc_rom.cc:155:do_switch$61$rdmux[0][5][29]$a$3293 [13] }, B={ 1'1 $memory$auto$proc_rom.cc:155:do_switch$61$rdmux[0][5][29]$b$3294 [13] }, Y=$memory$auto$proc_rom.cc:155:do_switch$61$rdmux[0][4][14]$b$3201 [14:13]
      New connections: { $memory$auto$proc_rom.cc:155:do_switch$61$rdmux[0][4][14]$b$3201 [17:15] $memory$auto$proc_rom.cc:155:do_switch$61$rdmux[0][4][14]$b$3201 [12:0] } = 16'0110000000000000
    Consolidated identical input bits for $mux cell $memory$auto$proc_rom.cc:155:do_switch$61$rdmux[0][5][28]$3289:
      Old ports: A=$memory$auto$proc_rom.cc:155:do_switch$61$rdmux[0][5][28]$a$3290, B=$memory$auto$proc_rom.cc:155:do_switch$61$rdmux[0][5][28]$b$3291, Y=$memory$auto$proc_rom.cc:155:do_switch$61$rdmux[0][4][14]$a$3200
      New ports: A={ 1'0 $memory$auto$proc_rom.cc:155:do_switch$61$rdmux[0][5][28]$a$3290 [13] }, B={ 1'1 $memory$auto$proc_rom.cc:155:do_switch$61$rdmux[0][5][28]$b$3291 [13] }, Y=$memory$auto$proc_rom.cc:155:do_switch$61$rdmux[0][4][14]$a$3200 [14:13]
      New connections: { $memory$auto$proc_rom.cc:155:do_switch$61$rdmux[0][4][14]$a$3200 [17:15] $memory$auto$proc_rom.cc:155:do_switch$61$rdmux[0][4][14]$a$3200 [12:0] } = 16'0100000000000000
    Consolidated identical input bits for $mux cell $memory$auto$proc_rom.cc:155:do_switch$61$rdmux[0][5][27]$3286:
      Old ports: A=$memory$auto$proc_rom.cc:155:do_switch$61$rdmux[0][5][27]$a$3287, B=$memory$auto$proc_rom.cc:155:do_switch$61$rdmux[0][5][27]$b$3288, Y=$memory$auto$proc_rom.cc:155:do_switch$61$rdmux[0][4][13]$b$3198
      New ports: A={ 1'0 $memory$auto$proc_rom.cc:155:do_switch$61$rdmux[0][5][27]$a$3287 [12] }, B={ 1'1 $memory$auto$proc_rom.cc:155:do_switch$61$rdmux[0][5][27]$b$3288 [12] }, Y=$memory$auto$proc_rom.cc:155:do_switch$61$rdmux[0][4][13]$b$3198 [13:12]
      New connections: { $memory$auto$proc_rom.cc:155:do_switch$61$rdmux[0][4][13]$b$3198 [17:14] $memory$auto$proc_rom.cc:155:do_switch$61$rdmux[0][4][13]$b$3198 [11:0] } = 16'0011000000000000
    Consolidated identical input bits for $mux cell $memory$auto$proc_rom.cc:155:do_switch$61$rdmux[0][5][26]$3283:
      Old ports: A=$memory$auto$proc_rom.cc:155:do_switch$61$rdmux[0][5][26]$a$3284, B=$memory$auto$proc_rom.cc:155:do_switch$61$rdmux[0][5][26]$b$3285, Y=$memory$auto$proc_rom.cc:155:do_switch$61$rdmux[0][4][13]$a$3197
      New ports: A={ 1'0 $memory$auto$proc_rom.cc:155:do_switch$61$rdmux[0][5][26]$a$3284 [12] }, B={ 1'1 $memory$auto$proc_rom.cc:155:do_switch$61$rdmux[0][5][26]$b$3285 [12] }, Y=$memory$auto$proc_rom.cc:155:do_switch$61$rdmux[0][4][13]$a$3197 [13:12]
      New connections: { $memory$auto$proc_rom.cc:155:do_switch$61$rdmux[0][4][13]$a$3197 [17:14] $memory$auto$proc_rom.cc:155:do_switch$61$rdmux[0][4][13]$a$3197 [11:0] } = 16'0010000000000000
    Consolidated identical input bits for $mux cell $memory$auto$proc_rom.cc:155:do_switch$61$rdmux[0][5][25]$3280:
      Old ports: A=$memory$auto$proc_rom.cc:155:do_switch$61$rdmux[0][5][25]$a$3281, B=$memory$auto$proc_rom.cc:155:do_switch$61$rdmux[0][5][25]$b$3282, Y=$memory$auto$proc_rom.cc:155:do_switch$61$rdmux[0][4][12]$b$3195
      New ports: A={ 1'0 $memory$auto$proc_rom.cc:155:do_switch$61$rdmux[0][5][25]$a$3281 [11] }, B={ 1'1 $memory$auto$proc_rom.cc:155:do_switch$61$rdmux[0][5][25]$b$3282 [11] }, Y=$memory$auto$proc_rom.cc:155:do_switch$61$rdmux[0][4][12]$b$3195 [12:11]
      New connections: { $memory$auto$proc_rom.cc:155:do_switch$61$rdmux[0][4][12]$b$3195 [17:13] $memory$auto$proc_rom.cc:155:do_switch$61$rdmux[0][4][12]$b$3195 [10:0] } = 16'0001100000000000
    Consolidated identical input bits for $mux cell $memory$auto$proc_rom.cc:155:do_switch$61$rdmux[0][5][24]$3277:
      Old ports: A=$memory$auto$proc_rom.cc:155:do_switch$61$rdmux[0][5][24]$a$3278, B=$memory$auto$proc_rom.cc:155:do_switch$61$rdmux[0][5][24]$b$3279, Y=$memory$auto$proc_rom.cc:155:do_switch$61$rdmux[0][4][12]$a$3194
      New ports: A={ 1'0 $memory$auto$proc_rom.cc:155:do_switch$61$rdmux[0][5][24]$a$3278 [11] }, B={ 1'1 $memory$auto$proc_rom.cc:155:do_switch$61$rdmux[0][5][24]$b$3279 [11] }, Y=$memory$auto$proc_rom.cc:155:do_switch$61$rdmux[0][4][12]$a$3194 [12:11]
      New connections: { $memory$auto$proc_rom.cc:155:do_switch$61$rdmux[0][4][12]$a$3194 [17:13] $memory$auto$proc_rom.cc:155:do_switch$61$rdmux[0][4][12]$a$3194 [10:0] } = 16'0001000000000000
    Consolidated identical input bits for $mux cell $memory$auto$proc_rom.cc:155:do_switch$61$rdmux[0][5][23]$3274:
      Old ports: A=$memory$auto$proc_rom.cc:155:do_switch$61$rdmux[0][5][23]$a$3275, B=$memory$auto$proc_rom.cc:155:do_switch$61$rdmux[0][5][23]$b$3276, Y=$memory$auto$proc_rom.cc:155:do_switch$61$rdmux[0][4][11]$b$3192
      New ports: A={ 1'0 $memory$auto$proc_rom.cc:155:do_switch$61$rdmux[0][5][23]$a$3275 [10] }, B={ 1'1 $memory$auto$proc_rom.cc:155:do_switch$61$rdmux[0][5][23]$b$3276 [10] }, Y=$memory$auto$proc_rom.cc:155:do_switch$61$rdmux[0][4][11]$b$3192 [11:10]
      New connections: { $memory$auto$proc_rom.cc:155:do_switch$61$rdmux[0][4][11]$b$3192 [17:12] $memory$auto$proc_rom.cc:155:do_switch$61$rdmux[0][4][11]$b$3192 [9:0] } = 16'0000110000000000
    Consolidated identical input bits for $mux cell $memory$auto$proc_rom.cc:155:do_switch$61$rdmux[0][5][22]$3271:
      Old ports: A=$memory$auto$proc_rom.cc:155:do_switch$61$rdmux[0][5][22]$a$3272, B=$memory$auto$proc_rom.cc:155:do_switch$61$rdmux[0][5][22]$b$3273, Y=$memory$auto$proc_rom.cc:155:do_switch$61$rdmux[0][4][11]$a$3191
      New ports: A={ 1'0 $memory$auto$proc_rom.cc:155:do_switch$61$rdmux[0][5][22]$a$3272 [10] }, B={ 1'1 $memory$auto$proc_rom.cc:155:do_switch$61$rdmux[0][5][22]$b$3273 [10] }, Y=$memory$auto$proc_rom.cc:155:do_switch$61$rdmux[0][4][11]$a$3191 [11:10]
      New connections: { $memory$auto$proc_rom.cc:155:do_switch$61$rdmux[0][4][11]$a$3191 [17:12] $memory$auto$proc_rom.cc:155:do_switch$61$rdmux[0][4][11]$a$3191 [9:0] } = 16'0000100000000000
    Consolidated identical input bits for $mux cell $memory$auto$proc_rom.cc:155:do_switch$61$rdmux[0][5][21]$3268:
      Old ports: A=$memory$auto$proc_rom.cc:155:do_switch$61$rdmux[0][5][21]$a$3269, B=$memory$auto$proc_rom.cc:155:do_switch$61$rdmux[0][5][21]$b$3270, Y=$memory$auto$proc_rom.cc:155:do_switch$61$rdmux[0][4][10]$b$3189
      New ports: A={ 1'0 $memory$auto$proc_rom.cc:155:do_switch$61$rdmux[0][5][21]$a$3269 [9] }, B={ 1'1 $memory$auto$proc_rom.cc:155:do_switch$61$rdmux[0][5][21]$b$3270 [9] }, Y=$memory$auto$proc_rom.cc:155:do_switch$61$rdmux[0][4][10]$b$3189 [10:9]
      New connections: { $memory$auto$proc_rom.cc:155:do_switch$61$rdmux[0][4][10]$b$3189 [17:11] $memory$auto$proc_rom.cc:155:do_switch$61$rdmux[0][4][10]$b$3189 [8:0] } = 16'0000011000000000
    Consolidated identical input bits for $mux cell $memory$auto$proc_rom.cc:155:do_switch$61$rdmux[0][5][20]$3265:
      Old ports: A=$memory$auto$proc_rom.cc:155:do_switch$61$rdmux[0][5][20]$a$3266, B=$memory$auto$proc_rom.cc:155:do_switch$61$rdmux[0][5][20]$b$3267, Y=$memory$auto$proc_rom.cc:155:do_switch$61$rdmux[0][4][10]$a$3188
      New ports: A={ 1'0 $memory$auto$proc_rom.cc:155:do_switch$61$rdmux[0][5][20]$a$3266 [9] }, B={ 1'1 $memory$auto$proc_rom.cc:155:do_switch$61$rdmux[0][5][20]$b$3267 [9] }, Y=$memory$auto$proc_rom.cc:155:do_switch$61$rdmux[0][4][10]$a$3188 [10:9]
      New connections: { $memory$auto$proc_rom.cc:155:do_switch$61$rdmux[0][4][10]$a$3188 [17:11] $memory$auto$proc_rom.cc:155:do_switch$61$rdmux[0][4][10]$a$3188 [8:0] } = 16'0000010000000000
    Consolidated identical input bits for $mux cell $memory$auto$proc_rom.cc:155:do_switch$61$rdmux[0][5][19]$3262:
      Old ports: A=$memory$auto$proc_rom.cc:155:do_switch$61$rdmux[0][5][19]$a$3263, B=$memory$auto$proc_rom.cc:155:do_switch$61$rdmux[0][5][19]$b$3264, Y=$memory$auto$proc_rom.cc:155:do_switch$61$rdmux[0][4][9]$b$3186
      New ports: A={ 1'0 $memory$auto$proc_rom.cc:155:do_switch$61$rdmux[0][5][19]$a$3263 [8] }, B={ 1'1 $memory$auto$proc_rom.cc:155:do_switch$61$rdmux[0][5][19]$b$3264 [8] }, Y=$memory$auto$proc_rom.cc:155:do_switch$61$rdmux[0][4][9]$b$3186 [9:8]
      New connections: { $memory$auto$proc_rom.cc:155:do_switch$61$rdmux[0][4][9]$b$3186 [17:10] $memory$auto$proc_rom.cc:155:do_switch$61$rdmux[0][4][9]$b$3186 [7:0] } = 16'0000001100000000
    Consolidated identical input bits for $mux cell $memory$auto$proc_rom.cc:155:do_switch$61$rdmux[0][5][18]$3259:
      Old ports: A=$memory$auto$proc_rom.cc:155:do_switch$61$rdmux[0][5][18]$a$3260, B=$memory$auto$proc_rom.cc:155:do_switch$61$rdmux[0][5][18]$b$3261, Y=$memory$auto$proc_rom.cc:155:do_switch$61$rdmux[0][4][9]$a$3185
      New ports: A={ 1'0 $memory$auto$proc_rom.cc:155:do_switch$61$rdmux[0][5][18]$a$3260 [8] }, B={ 1'1 $memory$auto$proc_rom.cc:155:do_switch$61$rdmux[0][5][18]$b$3261 [8] }, Y=$memory$auto$proc_rom.cc:155:do_switch$61$rdmux[0][4][9]$a$3185 [9:8]
      New connections: { $memory$auto$proc_rom.cc:155:do_switch$61$rdmux[0][4][9]$a$3185 [17:10] $memory$auto$proc_rom.cc:155:do_switch$61$rdmux[0][4][9]$a$3185 [7:0] } = 16'0000001000000000
    Consolidated identical input bits for $mux cell $memory$auto$proc_rom.cc:155:do_switch$61$rdmux[0][5][17]$3256:
      Old ports: A=$memory$auto$proc_rom.cc:155:do_switch$61$rdmux[0][5][17]$a$3257, B=$memory$auto$proc_rom.cc:155:do_switch$61$rdmux[0][5][17]$b$3258, Y=$memory$auto$proc_rom.cc:155:do_switch$61$rdmux[0][4][8]$b$3183
      New ports: A={ 1'0 $memory$auto$proc_rom.cc:155:do_switch$61$rdmux[0][5][17]$a$3257 [7] }, B={ 1'1 $memory$auto$proc_rom.cc:155:do_switch$61$rdmux[0][5][17]$b$3258 [7] }, Y=$memory$auto$proc_rom.cc:155:do_switch$61$rdmux[0][4][8]$b$3183 [8:7]
      New connections: { $memory$auto$proc_rom.cc:155:do_switch$61$rdmux[0][4][8]$b$3183 [17:9] $memory$auto$proc_rom.cc:155:do_switch$61$rdmux[0][4][8]$b$3183 [6:0] } = 16'0000000110000000
    Consolidated identical input bits for $mux cell $memory$auto$proc_rom.cc:155:do_switch$61$rdmux[0][5][16]$3253:
      Old ports: A=$memory$auto$proc_rom.cc:155:do_switch$61$rdmux[0][5][16]$a$3254, B=$memory$auto$proc_rom.cc:155:do_switch$61$rdmux[0][5][16]$b$3255, Y=$memory$auto$proc_rom.cc:155:do_switch$61$rdmux[0][4][8]$a$3182
      New ports: A={ 1'0 $memory$auto$proc_rom.cc:155:do_switch$61$rdmux[0][5][16]$a$3254 [7] }, B={ 1'1 $memory$auto$proc_rom.cc:155:do_switch$61$rdmux[0][5][16]$b$3255 [7] }, Y=$memory$auto$proc_rom.cc:155:do_switch$61$rdmux[0][4][8]$a$3182 [8:7]
      New connections: { $memory$auto$proc_rom.cc:155:do_switch$61$rdmux[0][4][8]$a$3182 [17:9] $memory$auto$proc_rom.cc:155:do_switch$61$rdmux[0][4][8]$a$3182 [6:0] } = 16'0000000100000000
    Consolidated identical input bits for $mux cell $memory$auto$proc_rom.cc:155:do_switch$61$rdmux[0][5][15]$3250:
      Old ports: A=$memory$auto$proc_rom.cc:155:do_switch$61$rdmux[0][5][15]$a$3251, B=$memory$auto$proc_rom.cc:155:do_switch$61$rdmux[0][5][15]$b$3252, Y=$memory$auto$proc_rom.cc:155:do_switch$61$rdmux[0][4][7]$b$3180
      New ports: A={ 1'0 $memory$auto$proc_rom.cc:155:do_switch$61$rdmux[0][5][15]$a$3251 [6] }, B={ 1'1 $memory$auto$proc_rom.cc:155:do_switch$61$rdmux[0][5][15]$b$3252 [6] }, Y=$memory$auto$proc_rom.cc:155:do_switch$61$rdmux[0][4][7]$b$3180 [7:6]
      New connections: { $memory$auto$proc_rom.cc:155:do_switch$61$rdmux[0][4][7]$b$3180 [17:8] $memory$auto$proc_rom.cc:155:do_switch$61$rdmux[0][4][7]$b$3180 [5:0] } = 16'0000000011000000
    Consolidated identical input bits for $mux cell $memory$auto$proc_rom.cc:155:do_switch$61$rdmux[0][5][14]$3247:
      Old ports: A=$memory$auto$proc_rom.cc:155:do_switch$61$rdmux[0][5][14]$a$3248, B=$memory$auto$proc_rom.cc:155:do_switch$61$rdmux[0][5][14]$b$3249, Y=$memory$auto$proc_rom.cc:155:do_switch$61$rdmux[0][4][7]$a$3179
      New ports: A={ 1'0 $memory$auto$proc_rom.cc:155:do_switch$61$rdmux[0][5][14]$a$3248 [6] }, B={ 1'1 $memory$auto$proc_rom.cc:155:do_switch$61$rdmux[0][5][14]$b$3249 [6] }, Y=$memory$auto$proc_rom.cc:155:do_switch$61$rdmux[0][4][7]$a$3179 [7:6]
      New connections: { $memory$auto$proc_rom.cc:155:do_switch$61$rdmux[0][4][7]$a$3179 [17:8] $memory$auto$proc_rom.cc:155:do_switch$61$rdmux[0][4][7]$a$3179 [5:0] } = 16'0000000010000000
    Consolidated identical input bits for $mux cell $memory$auto$proc_rom.cc:155:do_switch$61$rdmux[0][5][13]$3244:
      Old ports: A=$memory$auto$proc_rom.cc:155:do_switch$61$rdmux[0][5][13]$a$3245, B=$memory$auto$proc_rom.cc:155:do_switch$61$rdmux[0][5][13]$b$3246, Y=$memory$auto$proc_rom.cc:155:do_switch$61$rdmux[0][4][6]$b$3177
      New ports: A={ 1'0 $memory$auto$proc_rom.cc:155:do_switch$61$rdmux[0][5][13]$a$3245 [5] }, B={ 1'1 $memory$auto$proc_rom.cc:155:do_switch$61$rdmux[0][5][13]$b$3246 [5] }, Y=$memory$auto$proc_rom.cc:155:do_switch$61$rdmux[0][4][6]$b$3177 [6:5]
      New connections: { $memory$auto$proc_rom.cc:155:do_switch$61$rdmux[0][4][6]$b$3177 [17:7] $memory$auto$proc_rom.cc:155:do_switch$61$rdmux[0][4][6]$b$3177 [4:0] } = 16'0000000001100000
    Consolidated identical input bits for $mux cell $memory$auto$proc_rom.cc:155:do_switch$61$rdmux[0][5][12]$3241:
      Old ports: A=$memory$auto$proc_rom.cc:155:do_switch$61$rdmux[0][5][12]$a$3242, B=$memory$auto$proc_rom.cc:155:do_switch$61$rdmux[0][5][12]$b$3243, Y=$memory$auto$proc_rom.cc:155:do_switch$61$rdmux[0][4][6]$a$3176
      New ports: A={ 1'0 $memory$auto$proc_rom.cc:155:do_switch$61$rdmux[0][5][12]$a$3242 [5] }, B={ 1'1 $memory$auto$proc_rom.cc:155:do_switch$61$rdmux[0][5][12]$b$3243 [5] }, Y=$memory$auto$proc_rom.cc:155:do_switch$61$rdmux[0][4][6]$a$3176 [6:5]
      New connections: { $memory$auto$proc_rom.cc:155:do_switch$61$rdmux[0][4][6]$a$3176 [17:7] $memory$auto$proc_rom.cc:155:do_switch$61$rdmux[0][4][6]$a$3176 [4:0] } = 16'0000000001000000
    Consolidated identical input bits for $mux cell $memory$auto$proc_rom.cc:155:do_switch$61$rdmux[0][5][11]$3238:
      Old ports: A=$memory$auto$proc_rom.cc:155:do_switch$61$rdmux[0][5][11]$a$3239, B=$memory$auto$proc_rom.cc:155:do_switch$61$rdmux[0][5][11]$b$3240, Y=$memory$auto$proc_rom.cc:155:do_switch$61$rdmux[0][4][5]$b$3174
      New ports: A={ 1'0 $memory$auto$proc_rom.cc:155:do_switch$61$rdmux[0][5][11]$a$3239 [4] }, B={ 1'1 $memory$auto$proc_rom.cc:155:do_switch$61$rdmux[0][5][11]$b$3240 [4] }, Y=$memory$auto$proc_rom.cc:155:do_switch$61$rdmux[0][4][5]$b$3174 [5:4]
      New connections: { $memory$auto$proc_rom.cc:155:do_switch$61$rdmux[0][4][5]$b$3174 [17:6] $memory$auto$proc_rom.cc:155:do_switch$61$rdmux[0][4][5]$b$3174 [3:0] } = 16'0000000000110000
    Consolidated identical input bits for $mux cell $memory$auto$proc_rom.cc:155:do_switch$61$rdmux[0][5][10]$3235:
      Old ports: A=$memory$auto$proc_rom.cc:155:do_switch$61$rdmux[0][5][10]$a$3236, B=$memory$auto$proc_rom.cc:155:do_switch$61$rdmux[0][5][10]$b$3237, Y=$memory$auto$proc_rom.cc:155:do_switch$61$rdmux[0][4][5]$a$3173
      New ports: A={ 1'0 $memory$auto$proc_rom.cc:155:do_switch$61$rdmux[0][5][10]$a$3236 [4] }, B={ 1'1 $memory$auto$proc_rom.cc:155:do_switch$61$rdmux[0][5][10]$b$3237 [4] }, Y=$memory$auto$proc_rom.cc:155:do_switch$61$rdmux[0][4][5]$a$3173 [5:4]
      New connections: { $memory$auto$proc_rom.cc:155:do_switch$61$rdmux[0][4][5]$a$3173 [17:6] $memory$auto$proc_rom.cc:155:do_switch$61$rdmux[0][4][5]$a$3173 [3:0] } = 16'0000000000100000
    Consolidated identical input bits for $mux cell $memory$auto$proc_rom.cc:155:do_switch$61$rdmux[0][5][9]$3232:
      Old ports: A=$memory$auto$proc_rom.cc:155:do_switch$61$rdmux[0][5][9]$a$3233, B=$memory$auto$proc_rom.cc:155:do_switch$61$rdmux[0][5][9]$b$3234, Y=$memory$auto$proc_rom.cc:155:do_switch$61$rdmux[0][4][4]$b$3171
      New ports: A={ 1'0 $memory$auto$proc_rom.cc:155:do_switch$61$rdmux[0][5][9]$a$3233 [3] }, B={ 1'1 $memory$auto$proc_rom.cc:155:do_switch$61$rdmux[0][5][9]$b$3234 [3] }, Y=$memory$auto$proc_rom.cc:155:do_switch$61$rdmux[0][4][4]$b$3171 [4:3]
      New connections: { $memory$auto$proc_rom.cc:155:do_switch$61$rdmux[0][4][4]$b$3171 [17:5] $memory$auto$proc_rom.cc:155:do_switch$61$rdmux[0][4][4]$b$3171 [2:0] } = 16'0000000000011000
    Consolidated identical input bits for $mux cell $memory$auto$proc_rom.cc:155:do_switch$61$rdmux[0][5][8]$3229:
      Old ports: A=$memory$auto$proc_rom.cc:155:do_switch$61$rdmux[0][5][8]$a$3230, B=$memory$auto$proc_rom.cc:155:do_switch$61$rdmux[0][5][8]$b$3231, Y=$memory$auto$proc_rom.cc:155:do_switch$61$rdmux[0][4][4]$a$3170
      New ports: A={ 1'0 $memory$auto$proc_rom.cc:155:do_switch$61$rdmux[0][5][8]$a$3230 [3] }, B={ 1'1 $memory$auto$proc_rom.cc:155:do_switch$61$rdmux[0][5][8]$b$3231 [3] }, Y=$memory$auto$proc_rom.cc:155:do_switch$61$rdmux[0][4][4]$a$3170 [4:3]
      New connections: { $memory$auto$proc_rom.cc:155:do_switch$61$rdmux[0][4][4]$a$3170 [17:5] $memory$auto$proc_rom.cc:155:do_switch$61$rdmux[0][4][4]$a$3170 [2:0] } = 16'0000000000010000
    Consolidated identical input bits for $mux cell $memory$auto$proc_rom.cc:155:do_switch$61$rdmux[0][5][7]$3226:
      Old ports: A=$memory$auto$proc_rom.cc:155:do_switch$61$rdmux[0][5][7]$a$3227, B=$memory$auto$proc_rom.cc:155:do_switch$61$rdmux[0][5][7]$b$3228, Y=$memory$auto$proc_rom.cc:155:do_switch$61$rdmux[0][4][3]$b$3168
      New ports: A={ 1'0 $memory$auto$proc_rom.cc:155:do_switch$61$rdmux[0][5][7]$a$3227 [2] }, B={ 1'1 $memory$auto$proc_rom.cc:155:do_switch$61$rdmux[0][5][7]$b$3228 [2] }, Y=$memory$auto$proc_rom.cc:155:do_switch$61$rdmux[0][4][3]$b$3168 [3:2]
      New connections: { $memory$auto$proc_rom.cc:155:do_switch$61$rdmux[0][4][3]$b$3168 [17:4] $memory$auto$proc_rom.cc:155:do_switch$61$rdmux[0][4][3]$b$3168 [1:0] } = 16'0000000000001100
    Consolidated identical input bits for $mux cell $memory$auto$proc_rom.cc:155:do_switch$61$rdmux[0][5][6]$3223:
      Old ports: A=$memory$auto$proc_rom.cc:155:do_switch$61$rdmux[0][5][6]$a$3224, B=$memory$auto$proc_rom.cc:155:do_switch$61$rdmux[0][5][6]$b$3225, Y=$memory$auto$proc_rom.cc:155:do_switch$61$rdmux[0][4][3]$a$3167
      New ports: A={ 1'0 $memory$auto$proc_rom.cc:155:do_switch$61$rdmux[0][5][6]$a$3224 [2] }, B={ 1'1 $memory$auto$proc_rom.cc:155:do_switch$61$rdmux[0][5][6]$b$3225 [2] }, Y=$memory$auto$proc_rom.cc:155:do_switch$61$rdmux[0][4][3]$a$3167 [3:2]
      New connections: { $memory$auto$proc_rom.cc:155:do_switch$61$rdmux[0][4][3]$a$3167 [17:4] $memory$auto$proc_rom.cc:155:do_switch$61$rdmux[0][4][3]$a$3167 [1:0] } = 16'0000000000001000
    Consolidated identical input bits for $mux cell $memory$auto$proc_rom.cc:155:do_switch$61$rdmux[0][5][5]$3220:
      Old ports: A=$memory$auto$proc_rom.cc:155:do_switch$61$rdmux[0][5][5]$a$3221, B=$memory$auto$proc_rom.cc:155:do_switch$61$rdmux[0][5][5]$b$3222, Y=$memory$auto$proc_rom.cc:155:do_switch$61$rdmux[0][4][2]$b$3165
      New ports: A={ 1'0 $memory$auto$proc_rom.cc:155:do_switch$61$rdmux[0][5][5]$a$3221 [1] }, B={ 1'1 $memory$auto$proc_rom.cc:155:do_switch$61$rdmux[0][5][5]$b$3222 [1] }, Y=$memory$auto$proc_rom.cc:155:do_switch$61$rdmux[0][4][2]$b$3165 [2:1]
      New connections: { $memory$auto$proc_rom.cc:155:do_switch$61$rdmux[0][4][2]$b$3165 [17:3] $memory$auto$proc_rom.cc:155:do_switch$61$rdmux[0][4][2]$b$3165 [0] } = 16'0000000000000110
    Consolidated identical input bits for $mux cell $memory$auto$proc_rom.cc:155:do_switch$61$rdmux[0][5][4]$3217:
      Old ports: A=$memory$auto$proc_rom.cc:155:do_switch$61$rdmux[0][5][4]$a$3218, B=$memory$auto$proc_rom.cc:155:do_switch$61$rdmux[0][5][4]$b$3219, Y=$memory$auto$proc_rom.cc:155:do_switch$61$rdmux[0][4][2]$a$3164
      New ports: A={ 1'0 $memory$auto$proc_rom.cc:155:do_switch$61$rdmux[0][5][4]$a$3218 [1] }, B={ 1'1 $memory$auto$proc_rom.cc:155:do_switch$61$rdmux[0][5][4]$b$3219 [1] }, Y=$memory$auto$proc_rom.cc:155:do_switch$61$rdmux[0][4][2]$a$3164 [2:1]
      New connections: { $memory$auto$proc_rom.cc:155:do_switch$61$rdmux[0][4][2]$a$3164 [17:3] $memory$auto$proc_rom.cc:155:do_switch$61$rdmux[0][4][2]$a$3164 [0] } = 16'0000000000000100
    Consolidated identical input bits for $mux cell $memory$auto$proc_rom.cc:155:do_switch$61$rdmux[0][5][3]$3214:
      Old ports: A=$memory$auto$proc_rom.cc:155:do_switch$61$rdmux[0][5][3]$a$3215, B=$memory$auto$proc_rom.cc:155:do_switch$61$rdmux[0][5][3]$b$3216, Y=$memory$auto$proc_rom.cc:155:do_switch$61$rdmux[0][4][1]$b$3162
      New ports: A={ 1'0 $memory$auto$proc_rom.cc:155:do_switch$61$rdmux[0][5][3]$a$3215 [0] }, B={ 1'1 $memory$auto$proc_rom.cc:155:do_switch$61$rdmux[0][5][3]$b$3216 [0] }, Y=$memory$auto$proc_rom.cc:155:do_switch$61$rdmux[0][4][1]$b$3162 [1:0]
      New connections: $memory$auto$proc_rom.cc:155:do_switch$61$rdmux[0][4][1]$b$3162 [17:2] = 16'0000000000000011
    Consolidated identical input bits for $mux cell $memory$auto$proc_rom.cc:155:do_switch$61$rdmux[0][5][2]$3211:
      Old ports: A=$memory$auto$proc_rom.cc:155:do_switch$61$rdmux[0][5][2]$a$3212, B=$memory$auto$proc_rom.cc:155:do_switch$61$rdmux[0][5][2]$b$3213, Y=$memory$auto$proc_rom.cc:155:do_switch$61$rdmux[0][4][1]$a$3161
      New ports: A={ 1'0 $memory$auto$proc_rom.cc:155:do_switch$61$rdmux[0][5][2]$a$3212 [0] }, B={ 1'1 $memory$auto$proc_rom.cc:155:do_switch$61$rdmux[0][5][2]$b$3213 [0] }, Y=$memory$auto$proc_rom.cc:155:do_switch$61$rdmux[0][4][1]$a$3161 [1:0]
      New connections: $memory$auto$proc_rom.cc:155:do_switch$61$rdmux[0][4][1]$a$3161 [17:2] = 16'0000000000000010
    Consolidated identical input bits for $mux cell $memory$auto$proc_rom.cc:155:do_switch$61$rdmux[0][5][1]$3208:
      Old ports: A=$memory$auto$proc_rom.cc:155:do_switch$61$rdmux[0][5][1]$a$3209, B=$memory$auto$proc_rom.cc:155:do_switch$61$rdmux[0][5][1]$b$3210, Y=$memory$auto$proc_rom.cc:155:do_switch$61$rdmux[0][4][0]$b$3159
      New ports: A={ 1'0 $memory$auto$proc_rom.cc:155:do_switch$61$rdmux[0][5][1]$a$3209 [0] }, B={ 1'1 $memory$auto$proc_rom.cc:155:do_switch$61$rdmux[0][5][1]$b$3210 [0] }, Y=$memory$auto$proc_rom.cc:155:do_switch$61$rdmux[0][4][0]$b$3159 [1:0]
      New connections: $memory$auto$proc_rom.cc:155:do_switch$61$rdmux[0][4][0]$b$3159 [17:2] = 16'0000000000000001
    Consolidated identical input bits for $mux cell $memory$auto$proc_rom.cc:155:do_switch$61$rdmux[0][5][0]$3205:
      Old ports: A=$memory$auto$proc_rom.cc:155:do_switch$61$rdmux[0][5][0]$a$3206, B=$memory$auto$proc_rom.cc:155:do_switch$61$rdmux[0][5][0]$b$3207, Y=$memory$auto$proc_rom.cc:155:do_switch$61$rdmux[0][4][0]$a$3158
      New ports: A={ 1'0 $memory$auto$proc_rom.cc:155:do_switch$61$rdmux[0][5][0]$a$3206 [0] }, B={ 1'1 $memory$auto$proc_rom.cc:155:do_switch$61$rdmux[0][5][0]$b$3207 [0] }, Y=$memory$auto$proc_rom.cc:155:do_switch$61$rdmux[0][4][0]$a$3158 [1:0]
      New connections: $memory$auto$proc_rom.cc:155:do_switch$61$rdmux[0][4][0]$a$3158 [17:2] = 16'0000000000000000
    Consolidated identical input bits for $mux cell $memory$auto$proc_rom.cc:155:do_switch$65$rdmux[0][5][31]$2917:
      Old ports: A=$memory$auto$proc_rom.cc:155:do_switch$65$rdmux[0][5][31]$a$2918, B=$memory$auto$proc_rom.cc:155:do_switch$65$rdmux[0][5][31]$b$2919, Y=$memory$auto$proc_rom.cc:155:do_switch$65$rdmux[0][4][15]$b$2823
      New ports: A={ 2'10 $memory$auto$proc_rom.cc:155:do_switch$65$rdmux[0][5][31]$a$2918 [14] }, B={ $memory$auto$proc_rom.cc:155:do_switch$65$rdmux[0][5][31]$b$2919 [15] $memory$auto$proc_rom.cc:155:do_switch$65$rdmux[0][5][31]$b$2919 [15] 1'0 }, Y=$memory$auto$proc_rom.cc:155:do_switch$65$rdmux[0][4][15]$b$2823 [16:14]
      New connections: { $memory$auto$proc_rom.cc:155:do_switch$65$rdmux[0][4][15]$b$2823 [17] $memory$auto$proc_rom.cc:155:do_switch$65$rdmux[0][4][15]$b$2823 [13:0] } = { $memory$auto$proc_rom.cc:155:do_switch$65$rdmux[0][4][15]$b$2823 [16] 14'00000000000000 }
    Consolidated identical input bits for $mux cell $memory$auto$proc_rom.cc:155:do_switch$65$rdmux[0][5][30]$2914:
      Old ports: A=$memory$auto$proc_rom.cc:155:do_switch$65$rdmux[0][5][30]$a$2915, B=$memory$auto$proc_rom.cc:155:do_switch$65$rdmux[0][5][30]$b$2916, Y=$memory$auto$proc_rom.cc:155:do_switch$65$rdmux[0][4][15]$a$2822
      New ports: A={ 1'0 $memory$auto$proc_rom.cc:155:do_switch$65$rdmux[0][5][30]$a$2915 [14] }, B={ 1'1 $memory$auto$proc_rom.cc:155:do_switch$65$rdmux[0][5][30]$b$2916 [14] }, Y=$memory$auto$proc_rom.cc:155:do_switch$65$rdmux[0][4][15]$a$2822 [15:14]
      New connections: { $memory$auto$proc_rom.cc:155:do_switch$65$rdmux[0][4][15]$a$2822 [17:16] $memory$auto$proc_rom.cc:155:do_switch$65$rdmux[0][4][15]$a$2822 [13:0] } = 16'1000000000000000
    Consolidated identical input bits for $mux cell $memory$auto$proc_rom.cc:155:do_switch$65$rdmux[0][5][29]$2911:
      Old ports: A=$memory$auto$proc_rom.cc:155:do_switch$65$rdmux[0][5][29]$a$2912, B=$memory$auto$proc_rom.cc:155:do_switch$65$rdmux[0][5][29]$b$2913, Y=$memory$auto$proc_rom.cc:155:do_switch$65$rdmux[0][4][14]$b$2820
      New ports: A={ 1'0 $memory$auto$proc_rom.cc:155:do_switch$65$rdmux[0][5][29]$a$2912 [13] }, B={ 1'1 $memory$auto$proc_rom.cc:155:do_switch$65$rdmux[0][5][29]$b$2913 [13] }, Y=$memory$auto$proc_rom.cc:155:do_switch$65$rdmux[0][4][14]$b$2820 [14:13]
      New connections: { $memory$auto$proc_rom.cc:155:do_switch$65$rdmux[0][4][14]$b$2820 [17:15] $memory$auto$proc_rom.cc:155:do_switch$65$rdmux[0][4][14]$b$2820 [12:0] } = 16'0110000000000000
    Consolidated identical input bits for $mux cell $memory$auto$proc_rom.cc:155:do_switch$65$rdmux[0][5][28]$2908:
      Old ports: A=$memory$auto$proc_rom.cc:155:do_switch$65$rdmux[0][5][28]$a$2909, B=$memory$auto$proc_rom.cc:155:do_switch$65$rdmux[0][5][28]$b$2910, Y=$memory$auto$proc_rom.cc:155:do_switch$65$rdmux[0][4][14]$a$2819
      New ports: A={ 1'0 $memory$auto$proc_rom.cc:155:do_switch$65$rdmux[0][5][28]$a$2909 [13] }, B={ 1'1 $memory$auto$proc_rom.cc:155:do_switch$65$rdmux[0][5][28]$b$2910 [13] }, Y=$memory$auto$proc_rom.cc:155:do_switch$65$rdmux[0][4][14]$a$2819 [14:13]
      New connections: { $memory$auto$proc_rom.cc:155:do_switch$65$rdmux[0][4][14]$a$2819 [17:15] $memory$auto$proc_rom.cc:155:do_switch$65$rdmux[0][4][14]$a$2819 [12:0] } = 16'0100000000000000
    Consolidated identical input bits for $mux cell $memory$auto$proc_rom.cc:155:do_switch$65$rdmux[0][5][27]$2905:
      Old ports: A=$memory$auto$proc_rom.cc:155:do_switch$65$rdmux[0][5][27]$a$2906, B=$memory$auto$proc_rom.cc:155:do_switch$65$rdmux[0][5][27]$b$2907, Y=$memory$auto$proc_rom.cc:155:do_switch$65$rdmux[0][4][13]$b$2817
      New ports: A={ 1'0 $memory$auto$proc_rom.cc:155:do_switch$65$rdmux[0][5][27]$a$2906 [12] }, B={ 1'1 $memory$auto$proc_rom.cc:155:do_switch$65$rdmux[0][5][27]$b$2907 [12] }, Y=$memory$auto$proc_rom.cc:155:do_switch$65$rdmux[0][4][13]$b$2817 [13:12]
      New connections: { $memory$auto$proc_rom.cc:155:do_switch$65$rdmux[0][4][13]$b$2817 [17:14] $memory$auto$proc_rom.cc:155:do_switch$65$rdmux[0][4][13]$b$2817 [11:0] } = 16'0011000000000000
    Consolidated identical input bits for $mux cell $memory$auto$proc_rom.cc:155:do_switch$65$rdmux[0][5][26]$2902:
      Old ports: A=$memory$auto$proc_rom.cc:155:do_switch$65$rdmux[0][5][26]$a$2903, B=$memory$auto$proc_rom.cc:155:do_switch$65$rdmux[0][5][26]$b$2904, Y=$memory$auto$proc_rom.cc:155:do_switch$65$rdmux[0][4][13]$a$2816
      New ports: A={ 1'0 $memory$auto$proc_rom.cc:155:do_switch$65$rdmux[0][5][26]$a$2903 [12] }, B={ 1'1 $memory$auto$proc_rom.cc:155:do_switch$65$rdmux[0][5][26]$b$2904 [12] }, Y=$memory$auto$proc_rom.cc:155:do_switch$65$rdmux[0][4][13]$a$2816 [13:12]
      New connections: { $memory$auto$proc_rom.cc:155:do_switch$65$rdmux[0][4][13]$a$2816 [17:14] $memory$auto$proc_rom.cc:155:do_switch$65$rdmux[0][4][13]$a$2816 [11:0] } = 16'0010000000000000
    Consolidated identical input bits for $mux cell $memory$auto$proc_rom.cc:155:do_switch$65$rdmux[0][5][25]$2899:
      Old ports: A=$memory$auto$proc_rom.cc:155:do_switch$65$rdmux[0][5][25]$a$2900, B=$memory$auto$proc_rom.cc:155:do_switch$65$rdmux[0][5][25]$b$2901, Y=$memory$auto$proc_rom.cc:155:do_switch$65$rdmux[0][4][12]$b$2814
      New ports: A={ 1'0 $memory$auto$proc_rom.cc:155:do_switch$65$rdmux[0][5][25]$a$2900 [11] }, B={ 1'1 $memory$auto$proc_rom.cc:155:do_switch$65$rdmux[0][5][25]$b$2901 [11] }, Y=$memory$auto$proc_rom.cc:155:do_switch$65$rdmux[0][4][12]$b$2814 [12:11]
      New connections: { $memory$auto$proc_rom.cc:155:do_switch$65$rdmux[0][4][12]$b$2814 [17:13] $memory$auto$proc_rom.cc:155:do_switch$65$rdmux[0][4][12]$b$2814 [10:0] } = 16'0001100000000000
    Consolidated identical input bits for $mux cell $memory$auto$proc_rom.cc:155:do_switch$65$rdmux[0][5][24]$2896:
      Old ports: A=$memory$auto$proc_rom.cc:155:do_switch$65$rdmux[0][5][24]$a$2897, B=$memory$auto$proc_rom.cc:155:do_switch$65$rdmux[0][5][24]$b$2898, Y=$memory$auto$proc_rom.cc:155:do_switch$65$rdmux[0][4][12]$a$2813
      New ports: A={ 1'0 $memory$auto$proc_rom.cc:155:do_switch$65$rdmux[0][5][24]$a$2897 [11] }, B={ 1'1 $memory$auto$proc_rom.cc:155:do_switch$65$rdmux[0][5][24]$b$2898 [11] }, Y=$memory$auto$proc_rom.cc:155:do_switch$65$rdmux[0][4][12]$a$2813 [12:11]
      New connections: { $memory$auto$proc_rom.cc:155:do_switch$65$rdmux[0][4][12]$a$2813 [17:13] $memory$auto$proc_rom.cc:155:do_switch$65$rdmux[0][4][12]$a$2813 [10:0] } = 16'0001000000000000
    Consolidated identical input bits for $mux cell $memory$auto$proc_rom.cc:155:do_switch$65$rdmux[0][5][23]$2893:
      Old ports: A=$memory$auto$proc_rom.cc:155:do_switch$65$rdmux[0][5][23]$a$2894, B=$memory$auto$proc_rom.cc:155:do_switch$65$rdmux[0][5][23]$b$2895, Y=$memory$auto$proc_rom.cc:155:do_switch$65$rdmux[0][4][11]$b$2811
      New ports: A={ 1'0 $memory$auto$proc_rom.cc:155:do_switch$65$rdmux[0][5][23]$a$2894 [10] }, B={ 1'1 $memory$auto$proc_rom.cc:155:do_switch$65$rdmux[0][5][23]$b$2895 [10] }, Y=$memory$auto$proc_rom.cc:155:do_switch$65$rdmux[0][4][11]$b$2811 [11:10]
      New connections: { $memory$auto$proc_rom.cc:155:do_switch$65$rdmux[0][4][11]$b$2811 [17:12] $memory$auto$proc_rom.cc:155:do_switch$65$rdmux[0][4][11]$b$2811 [9:0] } = 16'0000110000000000
    Consolidated identical input bits for $mux cell $memory$auto$proc_rom.cc:155:do_switch$65$rdmux[0][5][22]$2890:
      Old ports: A=$memory$auto$proc_rom.cc:155:do_switch$65$rdmux[0][5][22]$a$2891, B=$memory$auto$proc_rom.cc:155:do_switch$65$rdmux[0][5][22]$b$2892, Y=$memory$auto$proc_rom.cc:155:do_switch$65$rdmux[0][4][11]$a$2810
      New ports: A={ 1'0 $memory$auto$proc_rom.cc:155:do_switch$65$rdmux[0][5][22]$a$2891 [10] }, B={ 1'1 $memory$auto$proc_rom.cc:155:do_switch$65$rdmux[0][5][22]$b$2892 [10] }, Y=$memory$auto$proc_rom.cc:155:do_switch$65$rdmux[0][4][11]$a$2810 [11:10]
      New connections: { $memory$auto$proc_rom.cc:155:do_switch$65$rdmux[0][4][11]$a$2810 [17:12] $memory$auto$proc_rom.cc:155:do_switch$65$rdmux[0][4][11]$a$2810 [9:0] } = 16'0000100000000000
    Consolidated identical input bits for $mux cell $memory$auto$proc_rom.cc:155:do_switch$65$rdmux[0][5][21]$2887:
      Old ports: A=$memory$auto$proc_rom.cc:155:do_switch$65$rdmux[0][5][21]$a$2888, B=$memory$auto$proc_rom.cc:155:do_switch$65$rdmux[0][5][21]$b$2889, Y=$memory$auto$proc_rom.cc:155:do_switch$65$rdmux[0][4][10]$b$2808
      New ports: A={ 1'0 $memory$auto$proc_rom.cc:155:do_switch$65$rdmux[0][5][21]$a$2888 [9] }, B={ 1'1 $memory$auto$proc_rom.cc:155:do_switch$65$rdmux[0][5][21]$b$2889 [9] }, Y=$memory$auto$proc_rom.cc:155:do_switch$65$rdmux[0][4][10]$b$2808 [10:9]
      New connections: { $memory$auto$proc_rom.cc:155:do_switch$65$rdmux[0][4][10]$b$2808 [17:11] $memory$auto$proc_rom.cc:155:do_switch$65$rdmux[0][4][10]$b$2808 [8:0] } = 16'0000011000000000
    Consolidated identical input bits for $mux cell $memory$auto$proc_rom.cc:155:do_switch$65$rdmux[0][5][20]$2884:
      Old ports: A=$memory$auto$proc_rom.cc:155:do_switch$65$rdmux[0][5][20]$a$2885, B=$memory$auto$proc_rom.cc:155:do_switch$65$rdmux[0][5][20]$b$2886, Y=$memory$auto$proc_rom.cc:155:do_switch$65$rdmux[0][4][10]$a$2807
      New ports: A={ 1'0 $memory$auto$proc_rom.cc:155:do_switch$65$rdmux[0][5][20]$a$2885 [9] }, B={ 1'1 $memory$auto$proc_rom.cc:155:do_switch$65$rdmux[0][5][20]$b$2886 [9] }, Y=$memory$auto$proc_rom.cc:155:do_switch$65$rdmux[0][4][10]$a$2807 [10:9]
      New connections: { $memory$auto$proc_rom.cc:155:do_switch$65$rdmux[0][4][10]$a$2807 [17:11] $memory$auto$proc_rom.cc:155:do_switch$65$rdmux[0][4][10]$a$2807 [8:0] } = 16'0000010000000000
    Consolidated identical input bits for $mux cell $memory$auto$proc_rom.cc:155:do_switch$65$rdmux[0][5][19]$2881:
      Old ports: A=$memory$auto$proc_rom.cc:155:do_switch$65$rdmux[0][5][19]$a$2882, B=$memory$auto$proc_rom.cc:155:do_switch$65$rdmux[0][5][19]$b$2883, Y=$memory$auto$proc_rom.cc:155:do_switch$65$rdmux[0][4][9]$b$2805
      New ports: A={ 1'0 $memory$auto$proc_rom.cc:155:do_switch$65$rdmux[0][5][19]$a$2882 [8] }, B={ 1'1 $memory$auto$proc_rom.cc:155:do_switch$65$rdmux[0][5][19]$b$2883 [8] }, Y=$memory$auto$proc_rom.cc:155:do_switch$65$rdmux[0][4][9]$b$2805 [9:8]
      New connections: { $memory$auto$proc_rom.cc:155:do_switch$65$rdmux[0][4][9]$b$2805 [17:10] $memory$auto$proc_rom.cc:155:do_switch$65$rdmux[0][4][9]$b$2805 [7:0] } = 16'0000001100000000
    Consolidated identical input bits for $mux cell $memory$auto$proc_rom.cc:155:do_switch$65$rdmux[0][5][18]$2878:
      Old ports: A=$memory$auto$proc_rom.cc:155:do_switch$65$rdmux[0][5][18]$a$2879, B=$memory$auto$proc_rom.cc:155:do_switch$65$rdmux[0][5][18]$b$2880, Y=$memory$auto$proc_rom.cc:155:do_switch$65$rdmux[0][4][9]$a$2804
      New ports: A={ 1'0 $memory$auto$proc_rom.cc:155:do_switch$65$rdmux[0][5][18]$a$2879 [8] }, B={ 1'1 $memory$auto$proc_rom.cc:155:do_switch$65$rdmux[0][5][18]$b$2880 [8] }, Y=$memory$auto$proc_rom.cc:155:do_switch$65$rdmux[0][4][9]$a$2804 [9:8]
      New connections: { $memory$auto$proc_rom.cc:155:do_switch$65$rdmux[0][4][9]$a$2804 [17:10] $memory$auto$proc_rom.cc:155:do_switch$65$rdmux[0][4][9]$a$2804 [7:0] } = 16'0000001000000000
    Consolidated identical input bits for $mux cell $memory$auto$proc_rom.cc:155:do_switch$65$rdmux[0][5][17]$2875:
      Old ports: A=$memory$auto$proc_rom.cc:155:do_switch$65$rdmux[0][5][17]$a$2876, B=$memory$auto$proc_rom.cc:155:do_switch$65$rdmux[0][5][17]$b$2877, Y=$memory$auto$proc_rom.cc:155:do_switch$65$rdmux[0][4][8]$b$2802
      New ports: A={ 1'0 $memory$auto$proc_rom.cc:155:do_switch$65$rdmux[0][5][17]$a$2876 [7] }, B={ 1'1 $memory$auto$proc_rom.cc:155:do_switch$65$rdmux[0][5][17]$b$2877 [7] }, Y=$memory$auto$proc_rom.cc:155:do_switch$65$rdmux[0][4][8]$b$2802 [8:7]
      New connections: { $memory$auto$proc_rom.cc:155:do_switch$65$rdmux[0][4][8]$b$2802 [17:9] $memory$auto$proc_rom.cc:155:do_switch$65$rdmux[0][4][8]$b$2802 [6:0] } = 16'0000000110000000
    Consolidated identical input bits for $mux cell $memory$auto$proc_rom.cc:155:do_switch$65$rdmux[0][5][16]$2872:
      Old ports: A=$memory$auto$proc_rom.cc:155:do_switch$65$rdmux[0][5][16]$a$2873, B=$memory$auto$proc_rom.cc:155:do_switch$65$rdmux[0][5][16]$b$2874, Y=$memory$auto$proc_rom.cc:155:do_switch$65$rdmux[0][4][8]$a$2801
      New ports: A={ 1'0 $memory$auto$proc_rom.cc:155:do_switch$65$rdmux[0][5][16]$a$2873 [7] }, B={ 1'1 $memory$auto$proc_rom.cc:155:do_switch$65$rdmux[0][5][16]$b$2874 [7] }, Y=$memory$auto$proc_rom.cc:155:do_switch$65$rdmux[0][4][8]$a$2801 [8:7]
      New connections: { $memory$auto$proc_rom.cc:155:do_switch$65$rdmux[0][4][8]$a$2801 [17:9] $memory$auto$proc_rom.cc:155:do_switch$65$rdmux[0][4][8]$a$2801 [6:0] } = 16'0000000100000000
    Consolidated identical input bits for $mux cell $memory$auto$proc_rom.cc:155:do_switch$65$rdmux[0][5][15]$2869:
      Old ports: A=$memory$auto$proc_rom.cc:155:do_switch$65$rdmux[0][5][15]$a$2870, B=$memory$auto$proc_rom.cc:155:do_switch$65$rdmux[0][5][15]$b$2871, Y=$memory$auto$proc_rom.cc:155:do_switch$65$rdmux[0][4][7]$b$2799
      New ports: A={ 1'0 $memory$auto$proc_rom.cc:155:do_switch$65$rdmux[0][5][15]$a$2870 [6] }, B={ 1'1 $memory$auto$proc_rom.cc:155:do_switch$65$rdmux[0][5][15]$b$2871 [6] }, Y=$memory$auto$proc_rom.cc:155:do_switch$65$rdmux[0][4][7]$b$2799 [7:6]
      New connections: { $memory$auto$proc_rom.cc:155:do_switch$65$rdmux[0][4][7]$b$2799 [17:8] $memory$auto$proc_rom.cc:155:do_switch$65$rdmux[0][4][7]$b$2799 [5:0] } = 16'0000000011000000
    Consolidated identical input bits for $mux cell $memory$auto$proc_rom.cc:155:do_switch$65$rdmux[0][5][14]$2866:
      Old ports: A=$memory$auto$proc_rom.cc:155:do_switch$65$rdmux[0][5][14]$a$2867, B=$memory$auto$proc_rom.cc:155:do_switch$65$rdmux[0][5][14]$b$2868, Y=$memory$auto$proc_rom.cc:155:do_switch$65$rdmux[0][4][7]$a$2798
      New ports: A={ 1'0 $memory$auto$proc_rom.cc:155:do_switch$65$rdmux[0][5][14]$a$2867 [6] }, B={ 1'1 $memory$auto$proc_rom.cc:155:do_switch$65$rdmux[0][5][14]$b$2868 [6] }, Y=$memory$auto$proc_rom.cc:155:do_switch$65$rdmux[0][4][7]$a$2798 [7:6]
      New connections: { $memory$auto$proc_rom.cc:155:do_switch$65$rdmux[0][4][7]$a$2798 [17:8] $memory$auto$proc_rom.cc:155:do_switch$65$rdmux[0][4][7]$a$2798 [5:0] } = 16'0000000010000000
    Consolidated identical input bits for $mux cell $memory$auto$proc_rom.cc:155:do_switch$65$rdmux[0][5][13]$2863:
      Old ports: A=$memory$auto$proc_rom.cc:155:do_switch$65$rdmux[0][5][13]$a$2864, B=$memory$auto$proc_rom.cc:155:do_switch$65$rdmux[0][5][13]$b$2865, Y=$memory$auto$proc_rom.cc:155:do_switch$65$rdmux[0][4][6]$b$2796
      New ports: A={ 1'0 $memory$auto$proc_rom.cc:155:do_switch$65$rdmux[0][5][13]$a$2864 [5] }, B={ 1'1 $memory$auto$proc_rom.cc:155:do_switch$65$rdmux[0][5][13]$b$2865 [5] }, Y=$memory$auto$proc_rom.cc:155:do_switch$65$rdmux[0][4][6]$b$2796 [6:5]
      New connections: { $memory$auto$proc_rom.cc:155:do_switch$65$rdmux[0][4][6]$b$2796 [17:7] $memory$auto$proc_rom.cc:155:do_switch$65$rdmux[0][4][6]$b$2796 [4:0] } = 16'0000000001100000
    Consolidated identical input bits for $mux cell $memory$auto$proc_rom.cc:155:do_switch$65$rdmux[0][5][12]$2860:
      Old ports: A=$memory$auto$proc_rom.cc:155:do_switch$65$rdmux[0][5][12]$a$2861, B=$memory$auto$proc_rom.cc:155:do_switch$65$rdmux[0][5][12]$b$2862, Y=$memory$auto$proc_rom.cc:155:do_switch$65$rdmux[0][4][6]$a$2795
      New ports: A={ 1'0 $memory$auto$proc_rom.cc:155:do_switch$65$rdmux[0][5][12]$a$2861 [5] }, B={ 1'1 $memory$auto$proc_rom.cc:155:do_switch$65$rdmux[0][5][12]$b$2862 [5] }, Y=$memory$auto$proc_rom.cc:155:do_switch$65$rdmux[0][4][6]$a$2795 [6:5]
      New connections: { $memory$auto$proc_rom.cc:155:do_switch$65$rdmux[0][4][6]$a$2795 [17:7] $memory$auto$proc_rom.cc:155:do_switch$65$rdmux[0][4][6]$a$2795 [4:0] } = 16'0000000001000000
    Consolidated identical input bits for $mux cell $memory$auto$proc_rom.cc:155:do_switch$65$rdmux[0][5][11]$2857:
      Old ports: A=$memory$auto$proc_rom.cc:155:do_switch$65$rdmux[0][5][11]$a$2858, B=$memory$auto$proc_rom.cc:155:do_switch$65$rdmux[0][5][11]$b$2859, Y=$memory$auto$proc_rom.cc:155:do_switch$65$rdmux[0][4][5]$b$2793
      New ports: A={ 1'0 $memory$auto$proc_rom.cc:155:do_switch$65$rdmux[0][5][11]$a$2858 [4] }, B={ 1'1 $memory$auto$proc_rom.cc:155:do_switch$65$rdmux[0][5][11]$b$2859 [4] }, Y=$memory$auto$proc_rom.cc:155:do_switch$65$rdmux[0][4][5]$b$2793 [5:4]
      New connections: { $memory$auto$proc_rom.cc:155:do_switch$65$rdmux[0][4][5]$b$2793 [17:6] $memory$auto$proc_rom.cc:155:do_switch$65$rdmux[0][4][5]$b$2793 [3:0] } = 16'0000000000110000
    Consolidated identical input bits for $mux cell $memory$auto$proc_rom.cc:155:do_switch$65$rdmux[0][5][10]$2854:
      Old ports: A=$memory$auto$proc_rom.cc:155:do_switch$65$rdmux[0][5][10]$a$2855, B=$memory$auto$proc_rom.cc:155:do_switch$65$rdmux[0][5][10]$b$2856, Y=$memory$auto$proc_rom.cc:155:do_switch$65$rdmux[0][4][5]$a$2792
      New ports: A={ 1'0 $memory$auto$proc_rom.cc:155:do_switch$65$rdmux[0][5][10]$a$2855 [4] }, B={ 1'1 $memory$auto$proc_rom.cc:155:do_switch$65$rdmux[0][5][10]$b$2856 [4] }, Y=$memory$auto$proc_rom.cc:155:do_switch$65$rdmux[0][4][5]$a$2792 [5:4]
      New connections: { $memory$auto$proc_rom.cc:155:do_switch$65$rdmux[0][4][5]$a$2792 [17:6] $memory$auto$proc_rom.cc:155:do_switch$65$rdmux[0][4][5]$a$2792 [3:0] } = 16'0000000000100000
    Consolidated identical input bits for $mux cell $memory$auto$proc_rom.cc:155:do_switch$65$rdmux[0][5][9]$2851:
      Old ports: A=$memory$auto$proc_rom.cc:155:do_switch$65$rdmux[0][5][9]$a$2852, B=$memory$auto$proc_rom.cc:155:do_switch$65$rdmux[0][5][9]$b$2853, Y=$memory$auto$proc_rom.cc:155:do_switch$65$rdmux[0][4][4]$b$2790
      New ports: A={ 1'0 $memory$auto$proc_rom.cc:155:do_switch$65$rdmux[0][5][9]$a$2852 [3] }, B={ 1'1 $memory$auto$proc_rom.cc:155:do_switch$65$rdmux[0][5][9]$b$2853 [3] }, Y=$memory$auto$proc_rom.cc:155:do_switch$65$rdmux[0][4][4]$b$2790 [4:3]
      New connections: { $memory$auto$proc_rom.cc:155:do_switch$65$rdmux[0][4][4]$b$2790 [17:5] $memory$auto$proc_rom.cc:155:do_switch$65$rdmux[0][4][4]$b$2790 [2:0] } = 16'0000000000011000
    Consolidated identical input bits for $mux cell $memory$auto$proc_rom.cc:155:do_switch$65$rdmux[0][5][8]$2848:
      Old ports: A=$memory$auto$proc_rom.cc:155:do_switch$65$rdmux[0][5][8]$a$2849, B=$memory$auto$proc_rom.cc:155:do_switch$65$rdmux[0][5][8]$b$2850, Y=$memory$auto$proc_rom.cc:155:do_switch$65$rdmux[0][4][4]$a$2789
      New ports: A={ 1'0 $memory$auto$proc_rom.cc:155:do_switch$65$rdmux[0][5][8]$a$2849 [3] }, B={ 1'1 $memory$auto$proc_rom.cc:155:do_switch$65$rdmux[0][5][8]$b$2850 [3] }, Y=$memory$auto$proc_rom.cc:155:do_switch$65$rdmux[0][4][4]$a$2789 [4:3]
      New connections: { $memory$auto$proc_rom.cc:155:do_switch$65$rdmux[0][4][4]$a$2789 [17:5] $memory$auto$proc_rom.cc:155:do_switch$65$rdmux[0][4][4]$a$2789 [2:0] } = 16'0000000000010000
    Consolidated identical input bits for $mux cell $memory$auto$proc_rom.cc:155:do_switch$65$rdmux[0][5][7]$2845:
      Old ports: A=$memory$auto$proc_rom.cc:155:do_switch$65$rdmux[0][5][7]$a$2846, B=$memory$auto$proc_rom.cc:155:do_switch$65$rdmux[0][5][7]$b$2847, Y=$memory$auto$proc_rom.cc:155:do_switch$65$rdmux[0][4][3]$b$2787
      New ports: A={ 1'0 $memory$auto$proc_rom.cc:155:do_switch$65$rdmux[0][5][7]$a$2846 [2] }, B={ 1'1 $memory$auto$proc_rom.cc:155:do_switch$65$rdmux[0][5][7]$b$2847 [2] }, Y=$memory$auto$proc_rom.cc:155:do_switch$65$rdmux[0][4][3]$b$2787 [3:2]
      New connections: { $memory$auto$proc_rom.cc:155:do_switch$65$rdmux[0][4][3]$b$2787 [17:4] $memory$auto$proc_rom.cc:155:do_switch$65$rdmux[0][4][3]$b$2787 [1:0] } = 16'0000000000001100
    Consolidated identical input bits for $mux cell $memory$auto$proc_rom.cc:155:do_switch$65$rdmux[0][5][6]$2842:
      Old ports: A=$memory$auto$proc_rom.cc:155:do_switch$65$rdmux[0][5][6]$a$2843, B=$memory$auto$proc_rom.cc:155:do_switch$65$rdmux[0][5][6]$b$2844, Y=$memory$auto$proc_rom.cc:155:do_switch$65$rdmux[0][4][3]$a$2786
      New ports: A={ 1'0 $memory$auto$proc_rom.cc:155:do_switch$65$rdmux[0][5][6]$a$2843 [2] }, B={ 1'1 $memory$auto$proc_rom.cc:155:do_switch$65$rdmux[0][5][6]$b$2844 [2] }, Y=$memory$auto$proc_rom.cc:155:do_switch$65$rdmux[0][4][3]$a$2786 [3:2]
      New connections: { $memory$auto$proc_rom.cc:155:do_switch$65$rdmux[0][4][3]$a$2786 [17:4] $memory$auto$proc_rom.cc:155:do_switch$65$rdmux[0][4][3]$a$2786 [1:0] } = 16'0000000000001000
    Consolidated identical input bits for $mux cell $memory$auto$proc_rom.cc:155:do_switch$65$rdmux[0][5][5]$2839:
      Old ports: A=$memory$auto$proc_rom.cc:155:do_switch$65$rdmux[0][5][5]$a$2840, B=$memory$auto$proc_rom.cc:155:do_switch$65$rdmux[0][5][5]$b$2841, Y=$memory$auto$proc_rom.cc:155:do_switch$65$rdmux[0][4][2]$b$2784
      New ports: A={ 1'0 $memory$auto$proc_rom.cc:155:do_switch$65$rdmux[0][5][5]$a$2840 [1] }, B={ 1'1 $memory$auto$proc_rom.cc:155:do_switch$65$rdmux[0][5][5]$b$2841 [1] }, Y=$memory$auto$proc_rom.cc:155:do_switch$65$rdmux[0][4][2]$b$2784 [2:1]
      New connections: { $memory$auto$proc_rom.cc:155:do_switch$65$rdmux[0][4][2]$b$2784 [17:3] $memory$auto$proc_rom.cc:155:do_switch$65$rdmux[0][4][2]$b$2784 [0] } = 16'0000000000000110
    Consolidated identical input bits for $mux cell $memory$auto$proc_rom.cc:155:do_switch$65$rdmux[0][5][4]$2836:
      Old ports: A=$memory$auto$proc_rom.cc:155:do_switch$65$rdmux[0][5][4]$a$2837, B=$memory$auto$proc_rom.cc:155:do_switch$65$rdmux[0][5][4]$b$2838, Y=$memory$auto$proc_rom.cc:155:do_switch$65$rdmux[0][4][2]$a$2783
      New ports: A={ 1'0 $memory$auto$proc_rom.cc:155:do_switch$65$rdmux[0][5][4]$a$2837 [1] }, B={ 1'1 $memory$auto$proc_rom.cc:155:do_switch$65$rdmux[0][5][4]$b$2838 [1] }, Y=$memory$auto$proc_rom.cc:155:do_switch$65$rdmux[0][4][2]$a$2783 [2:1]
      New connections: { $memory$auto$proc_rom.cc:155:do_switch$65$rdmux[0][4][2]$a$2783 [17:3] $memory$auto$proc_rom.cc:155:do_switch$65$rdmux[0][4][2]$a$2783 [0] } = 16'0000000000000100
    Consolidated identical input bits for $mux cell $memory$auto$proc_rom.cc:155:do_switch$65$rdmux[0][5][3]$2833:
      Old ports: A=$memory$auto$proc_rom.cc:155:do_switch$65$rdmux[0][5][3]$a$2834, B=$memory$auto$proc_rom.cc:155:do_switch$65$rdmux[0][5][3]$b$2835, Y=$memory$auto$proc_rom.cc:155:do_switch$65$rdmux[0][4][1]$b$2781
      New ports: A={ 1'0 $memory$auto$proc_rom.cc:155:do_switch$65$rdmux[0][5][3]$a$2834 [0] }, B={ 1'1 $memory$auto$proc_rom.cc:155:do_switch$65$rdmux[0][5][3]$b$2835 [0] }, Y=$memory$auto$proc_rom.cc:155:do_switch$65$rdmux[0][4][1]$b$2781 [1:0]
      New connections: $memory$auto$proc_rom.cc:155:do_switch$65$rdmux[0][4][1]$b$2781 [17:2] = 16'0000000000000011
    Consolidated identical input bits for $mux cell $memory$auto$proc_rom.cc:155:do_switch$65$rdmux[0][5][2]$2830:
      Old ports: A=$memory$auto$proc_rom.cc:155:do_switch$65$rdmux[0][5][2]$a$2831, B=$memory$auto$proc_rom.cc:155:do_switch$65$rdmux[0][5][2]$b$2832, Y=$memory$auto$proc_rom.cc:155:do_switch$65$rdmux[0][4][1]$a$2780
      New ports: A={ 1'0 $memory$auto$proc_rom.cc:155:do_switch$65$rdmux[0][5][2]$a$2831 [0] }, B={ 1'1 $memory$auto$proc_rom.cc:155:do_switch$65$rdmux[0][5][2]$b$2832 [0] }, Y=$memory$auto$proc_rom.cc:155:do_switch$65$rdmux[0][4][1]$a$2780 [1:0]
      New connections: $memory$auto$proc_rom.cc:155:do_switch$65$rdmux[0][4][1]$a$2780 [17:2] = 16'0000000000000010
    Consolidated identical input bits for $mux cell $memory$auto$proc_rom.cc:155:do_switch$65$rdmux[0][5][1]$2827:
      Old ports: A=$memory$auto$proc_rom.cc:155:do_switch$65$rdmux[0][5][1]$a$2828, B=$memory$auto$proc_rom.cc:155:do_switch$65$rdmux[0][5][1]$b$2829, Y=$memory$auto$proc_rom.cc:155:do_switch$65$rdmux[0][4][0]$b$2778
      New ports: A={ 1'0 $memory$auto$proc_rom.cc:155:do_switch$65$rdmux[0][5][1]$a$2828 [0] }, B={ 1'1 $memory$auto$proc_rom.cc:155:do_switch$65$rdmux[0][5][1]$b$2829 [0] }, Y=$memory$auto$proc_rom.cc:155:do_switch$65$rdmux[0][4][0]$b$2778 [1:0]
      New connections: $memory$auto$proc_rom.cc:155:do_switch$65$rdmux[0][4][0]$b$2778 [17:2] = 16'0000000000000001
    Consolidated identical input bits for $mux cell $memory$auto$proc_rom.cc:155:do_switch$65$rdmux[0][5][0]$2824:
      Old ports: A=$memory$auto$proc_rom.cc:155:do_switch$65$rdmux[0][5][0]$a$2825, B=$memory$auto$proc_rom.cc:155:do_switch$65$rdmux[0][5][0]$b$2826, Y=$memory$auto$proc_rom.cc:155:do_switch$65$rdmux[0][4][0]$a$2777
      New ports: A={ 1'0 $memory$auto$proc_rom.cc:155:do_switch$65$rdmux[0][5][0]$a$2825 [0] }, B={ 1'1 $memory$auto$proc_rom.cc:155:do_switch$65$rdmux[0][5][0]$b$2826 [0] }, Y=$memory$auto$proc_rom.cc:155:do_switch$65$rdmux[0][4][0]$a$2777 [1:0]
      New connections: $memory$auto$proc_rom.cc:155:do_switch$65$rdmux[0][4][0]$a$2777 [17:2] = 16'0000000000000000
  Optimizing cells in module \ex254_semantic_e4acc_fp4prod_prodtable_qcase.
    Consolidated identical input bits for $mux cell $memory$auto$proc_rom.cc:155:do_switch$57$rdmux[0][5][31]$3679:
      Old ports: A=$memory$auto$proc_rom.cc:155:do_switch$57$rdmux[0][5][31]$a$3680, B=$memory$auto$proc_rom.cc:155:do_switch$57$rdmux[0][5][31]$b$3681, Y=$memory$auto$proc_rom.cc:155:do_switch$57$rdmux[0][4][15]$b$3585
      New ports: A={ 2'00 $memory$auto$proc_rom.cc:155:do_switch$57$rdmux[0][5][31]$a$3680 [5:2] }, B={ $memory$auto$proc_rom.cc:155:do_switch$57$rdmux[0][5][31]$b$3681 [7:3] 1'0 }, Y=$memory$auto$proc_rom.cc:155:do_switch$57$rdmux[0][4][15]$b$3585 [7:2]
      New connections: { $memory$auto$proc_rom.cc:155:do_switch$57$rdmux[0][4][15]$b$3585 [9:8] $memory$auto$proc_rom.cc:155:do_switch$57$rdmux[0][4][15]$b$3585 [1:0] } = 4'0000
    Consolidated identical input bits for $mux cell $memory$auto$proc_rom.cc:155:do_switch$57$rdmux[0][5][30]$3676:
      Old ports: A=$memory$auto$proc_rom.cc:155:do_switch$57$rdmux[0][5][30]$a$3677, B=$memory$auto$proc_rom.cc:155:do_switch$57$rdmux[0][5][30]$b$3678, Y=$memory$auto$proc_rom.cc:155:do_switch$57$rdmux[0][4][15]$a$3584
      New ports: A={ $memory$auto$proc_rom.cc:155:do_switch$57$rdmux[0][5][30]$a$3677 [6] $memory$auto$proc_rom.cc:155:do_switch$57$rdmux[0][5][30]$a$3677 [6] $memory$auto$proc_rom.cc:155:do_switch$57$rdmux[0][5][30]$a$3677 [6:5] $memory$auto$proc_rom.cc:155:do_switch$57$rdmux[0][5][30]$a$3677 [2] $memory$auto$proc_rom.cc:155:do_switch$57$rdmux[0][5][30]$a$3677 [3:2] }, B={ 1'1 $memory$auto$proc_rom.cc:155:do_switch$57$rdmux[0][5][30]$b$3678 [7:3] 1'0 }, Y=$memory$auto$proc_rom.cc:155:do_switch$57$rdmux[0][4][15]$a$3584 [8:2]
      New connections: { $memory$auto$proc_rom.cc:155:do_switch$57$rdmux[0][4][15]$a$3584 [9] $memory$auto$proc_rom.cc:155:do_switch$57$rdmux[0][4][15]$a$3584 [1:0] } = { $memory$auto$proc_rom.cc:155:do_switch$57$rdmux[0][4][15]$a$3584 [8] 2'00 }
    Consolidated identical input bits for $mux cell $memory$auto$proc_rom.cc:155:do_switch$57$rdmux[0][5][29]$3673:
      Old ports: A=$memory$auto$proc_rom.cc:155:do_switch$57$rdmux[0][5][29]$a$3674, B=$memory$auto$proc_rom.cc:155:do_switch$57$rdmux[0][5][29]$b$3675, Y=$memory$auto$proc_rom.cc:155:do_switch$57$rdmux[0][4][14]$b$3582
      New ports: A={ 2'00 $memory$auto$proc_rom.cc:155:do_switch$57$rdmux[0][5][29]$a$3674 [4:3] }, B={ $memory$auto$proc_rom.cc:155:do_switch$57$rdmux[0][5][29]$b$3675 [6:4] 1'0 }, Y=$memory$auto$proc_rom.cc:155:do_switch$57$rdmux[0][4][14]$b$3582 [6:3]
      New connections: { $memory$auto$proc_rom.cc:155:do_switch$57$rdmux[0][4][14]$b$3582 [9:7] $memory$auto$proc_rom.cc:155:do_switch$57$rdmux[0][4][14]$b$3582 [2:0] } = 6'000000
    Consolidated identical input bits for $mux cell $memory$auto$proc_rom.cc:155:do_switch$57$rdmux[0][5][28]$3670:
      Old ports: A=$memory$auto$proc_rom.cc:155:do_switch$57$rdmux[0][5][28]$a$3671, B=$memory$auto$proc_rom.cc:155:do_switch$57$rdmux[0][5][28]$b$3672, Y=$memory$auto$proc_rom.cc:155:do_switch$57$rdmux[0][4][14]$a$3581
      New ports: A={ $memory$auto$proc_rom.cc:155:do_switch$57$rdmux[0][5][28]$a$3671 [5] $memory$auto$proc_rom.cc:155:do_switch$57$rdmux[0][5][28]$a$3671 [5] $memory$auto$proc_rom.cc:155:do_switch$57$rdmux[0][5][28]$a$3671 [5:3] }, B={ 1'1 $memory$auto$proc_rom.cc:155:do_switch$57$rdmux[0][5][28]$b$3672 [6:4] 1'0 }, Y=$memory$auto$proc_rom.cc:155:do_switch$57$rdmux[0][4][14]$a$3581 [7:3]
      New connections: { $memory$auto$proc_rom.cc:155:do_switch$57$rdmux[0][4][14]$a$3581 [9:8] $memory$auto$proc_rom.cc:155:do_switch$57$rdmux[0][4][14]$a$3581 [2:0] } = { $memory$auto$proc_rom.cc:155:do_switch$57$rdmux[0][4][14]$a$3581 [7] $memory$auto$proc_rom.cc:155:do_switch$57$rdmux[0][4][14]$a$3581 [7] 3'000 }
    Consolidated identical input bits for $mux cell $memory$auto$proc_rom.cc:155:do_switch$57$rdmux[0][5][27]$3667:
      Old ports: A=$memory$auto$proc_rom.cc:155:do_switch$57$rdmux[0][5][27]$a$3668, B=$memory$auto$proc_rom.cc:155:do_switch$57$rdmux[0][5][27]$b$3669, Y=$memory$auto$proc_rom.cc:155:do_switch$57$rdmux[0][4][13]$b$3579
      New ports: A={ 2'00 $memory$auto$proc_rom.cc:155:do_switch$57$rdmux[0][5][27]$a$3668 [4:1] }, B={ $memory$auto$proc_rom.cc:155:do_switch$57$rdmux[0][5][27]$b$3669 [6:2] 1'0 }, Y=$memory$auto$proc_rom.cc:155:do_switch$57$rdmux[0][4][13]$b$3579 [6:1]
      New connections: { $memory$auto$proc_rom.cc:155:do_switch$57$rdmux[0][4][13]$b$3579 [9:7] $memory$auto$proc_rom.cc:155:do_switch$57$rdmux[0][4][13]$b$3579 [0] } = 4'0000
    Consolidated identical input bits for $mux cell $memory$auto$proc_rom.cc:155:do_switch$57$rdmux[0][5][26]$3664:
      Old ports: A=$memory$auto$proc_rom.cc:155:do_switch$57$rdmux[0][5][26]$a$3665, B=$memory$auto$proc_rom.cc:155:do_switch$57$rdmux[0][5][26]$b$3666, Y=$memory$auto$proc_rom.cc:155:do_switch$57$rdmux[0][4][13]$a$3578
      New ports: A={ $memory$auto$proc_rom.cc:155:do_switch$57$rdmux[0][5][26]$a$3665 [5] $memory$auto$proc_rom.cc:155:do_switch$57$rdmux[0][5][26]$a$3665 [5] $memory$auto$proc_rom.cc:155:do_switch$57$rdmux[0][5][26]$a$3665 [5:4] $memory$auto$proc_rom.cc:155:do_switch$57$rdmux[0][5][26]$a$3665 [1] $memory$auto$proc_rom.cc:155:do_switch$57$rdmux[0][5][26]$a$3665 [2:1] }, B={ 1'1 $memory$auto$proc_rom.cc:155:do_switch$57$rdmux[0][5][26]$b$3666 [6:2] 1'0 }, Y=$memory$auto$proc_rom.cc:155:do_switch$57$rdmux[0][4][13]$a$3578 [7:1]
      New connections: { $memory$auto$proc_rom.cc:155:do_switch$57$rdmux[0][4][13]$a$3578 [9:8] $memory$auto$proc_rom.cc:155:do_switch$57$rdmux[0][4][13]$a$3578 [0] } = { $memory$auto$proc_rom.cc:155:do_switch$57$rdmux[0][4][13]$a$3578 [7] $memory$auto$proc_rom.cc:155:do_switch$57$rdmux[0][4][13]$a$3578 [7] 1'0 }
    Consolidated identical input bits for $mux cell $memory$auto$proc_rom.cc:155:do_switch$57$rdmux[0][5][25]$3661:
      Old ports: A=$memory$auto$proc_rom.cc:155:do_switch$57$rdmux[0][5][25]$a$3662, B=$memory$auto$proc_rom.cc:155:do_switch$57$rdmux[0][5][25]$b$3663, Y=$memory$auto$proc_rom.cc:155:do_switch$57$rdmux[0][4][12]$b$3576
      New ports: A={ 2'00 $memory$auto$proc_rom.cc:155:do_switch$57$rdmux[0][5][25]$a$3662 [3:2] }, B={ $memory$auto$proc_rom.cc:155:do_switch$57$rdmux[0][5][25]$b$3663 [5:3] 1'0 }, Y=$memory$auto$proc_rom.cc:155:do_switch$57$rdmux[0][4][12]$b$3576 [5:2]
      New connections: { $memory$auto$proc_rom.cc:155:do_switch$57$rdmux[0][4][12]$b$3576 [9:6] $memory$auto$proc_rom.cc:155:do_switch$57$rdmux[0][4][12]$b$3576 [1:0] } = 6'000000
    Consolidated identical input bits for $mux cell $memory$auto$proc_rom.cc:155:do_switch$57$rdmux[0][5][24]$3658:
      Old ports: A=$memory$auto$proc_rom.cc:155:do_switch$57$rdmux[0][5][24]$a$3659, B=$memory$auto$proc_rom.cc:155:do_switch$57$rdmux[0][5][24]$b$3660, Y=$memory$auto$proc_rom.cc:155:do_switch$57$rdmux[0][4][12]$a$3575
      New ports: A={ $memory$auto$proc_rom.cc:155:do_switch$57$rdmux[0][5][24]$a$3659 [4] $memory$auto$proc_rom.cc:155:do_switch$57$rdmux[0][5][24]$a$3659 [4] $memory$auto$proc_rom.cc:155:do_switch$57$rdmux[0][5][24]$a$3659 [4:2] }, B={ 1'1 $memory$auto$proc_rom.cc:155:do_switch$57$rdmux[0][5][24]$b$3660 [5:3] 1'0 }, Y=$memory$auto$proc_rom.cc:155:do_switch$57$rdmux[0][4][12]$a$3575 [6:2]
      New connections: { $memory$auto$proc_rom.cc:155:do_switch$57$rdmux[0][4][12]$a$3575 [9:7] $memory$auto$proc_rom.cc:155:do_switch$57$rdmux[0][4][12]$a$3575 [1:0] } = { $memory$auto$proc_rom.cc:155:do_switch$57$rdmux[0][4][12]$a$3575 [6] $memory$auto$proc_rom.cc:155:do_switch$57$rdmux[0][4][12]$a$3575 [6] $memory$auto$proc_rom.cc:155:do_switch$57$rdmux[0][4][12]$a$3575 [6] 2'00 }
    Consolidated identical input bits for $mux cell $memory$auto$proc_rom.cc:155:do_switch$57$rdmux[0][5][23]$3655:
      Old ports: A=$memory$auto$proc_rom.cc:155:do_switch$57$rdmux[0][5][23]$a$3656, B=$memory$auto$proc_rom.cc:155:do_switch$57$rdmux[0][5][23]$b$3657, Y=$memory$auto$proc_rom.cc:155:do_switch$57$rdmux[0][4][11]$b$3573
      New ports: A={ 2'00 $memory$auto$proc_rom.cc:155:do_switch$57$rdmux[0][5][23]$a$3656 [3:0] }, B={ $memory$auto$proc_rom.cc:155:do_switch$57$rdmux[0][5][23]$b$3657 [5:1] 1'0 }, Y=$memory$auto$proc_rom.cc:155:do_switch$57$rdmux[0][4][11]$b$3573 [5:0]
      New connections: $memory$auto$proc_rom.cc:155:do_switch$57$rdmux[0][4][11]$b$3573 [9:6] = 4'0000
    Consolidated identical input bits for $mux cell $memory$auto$proc_rom.cc:155:do_switch$57$rdmux[0][5][22]$3652:
      Old ports: A=$memory$auto$proc_rom.cc:155:do_switch$57$rdmux[0][5][22]$a$3653, B=$memory$auto$proc_rom.cc:155:do_switch$57$rdmux[0][5][22]$b$3654, Y=$memory$auto$proc_rom.cc:155:do_switch$57$rdmux[0][4][11]$a$3572
      New ports: A={ $memory$auto$proc_rom.cc:155:do_switch$57$rdmux[0][5][22]$a$3653 [4] $memory$auto$proc_rom.cc:155:do_switch$57$rdmux[0][5][22]$a$3653 [4] $memory$auto$proc_rom.cc:155:do_switch$57$rdmux[0][5][22]$a$3653 [4:3] $memory$auto$proc_rom.cc:155:do_switch$57$rdmux[0][5][22]$a$3653 [0] $memory$auto$proc_rom.cc:155:do_switch$57$rdmux[0][5][22]$a$3653 [1:0] }, B={ 1'1 $memory$auto$proc_rom.cc:155:do_switch$57$rdmux[0][5][22]$b$3654 [5:1] 1'0 }, Y=$memory$auto$proc_rom.cc:155:do_switch$57$rdmux[0][4][11]$a$3572 [6:0]
      New connections: $memory$auto$proc_rom.cc:155:do_switch$57$rdmux[0][4][11]$a$3572 [9:7] = { $memory$auto$proc_rom.cc:155:do_switch$57$rdmux[0][4][11]$a$3572 [6] $memory$auto$proc_rom.cc:155:do_switch$57$rdmux[0][4][11]$a$3572 [6] $memory$auto$proc_rom.cc:155:do_switch$57$rdmux[0][4][11]$a$3572 [6] }
    Consolidated identical input bits for $mux cell $memory$auto$proc_rom.cc:155:do_switch$57$rdmux[0][5][21]$3649:
      Old ports: A=$memory$auto$proc_rom.cc:155:do_switch$57$rdmux[0][5][21]$a$3650, B=$memory$auto$proc_rom.cc:155:do_switch$57$rdmux[0][5][21]$b$3651, Y=$memory$auto$proc_rom.cc:155:do_switch$57$rdmux[0][4][10]$b$3570
      New ports: A={ 2'00 $memory$auto$proc_rom.cc:155:do_switch$57$rdmux[0][5][21]$a$3650 [2:1] }, B={ $memory$auto$proc_rom.cc:155:do_switch$57$rdmux[0][5][21]$b$3651 [4:2] 1'0 }, Y=$memory$auto$proc_rom.cc:155:do_switch$57$rdmux[0][4][10]$b$3570 [4:1]
      New connections: { $memory$auto$proc_rom.cc:155:do_switch$57$rdmux[0][4][10]$b$3570 [9:5] $memory$auto$proc_rom.cc:155:do_switch$57$rdmux[0][4][10]$b$3570 [0] } = 6'000000
    Consolidated identical input bits for $mux cell $memory$auto$proc_rom.cc:155:do_switch$57$rdmux[0][5][20]$3646:
      Old ports: A=$memory$auto$proc_rom.cc:155:do_switch$57$rdmux[0][5][20]$a$3647, B=$memory$auto$proc_rom.cc:155:do_switch$57$rdmux[0][5][20]$b$3648, Y=$memory$auto$proc_rom.cc:155:do_switch$57$rdmux[0][4][10]$a$3569
      New ports: A={ $memory$auto$proc_rom.cc:155:do_switch$57$rdmux[0][5][20]$a$3647 [3] $memory$auto$proc_rom.cc:155:do_switch$57$rdmux[0][5][20]$a$3647 [3] $memory$auto$proc_rom.cc:155:do_switch$57$rdmux[0][5][20]$a$3647 [3:1] }, B={ 1'1 $memory$auto$proc_rom.cc:155:do_switch$57$rdmux[0][5][20]$b$3648 [4:2] 1'0 }, Y=$memory$auto$proc_rom.cc:155:do_switch$57$rdmux[0][4][10]$a$3569 [5:1]
      New connections: { $memory$auto$proc_rom.cc:155:do_switch$57$rdmux[0][4][10]$a$3569 [9:6] $memory$auto$proc_rom.cc:155:do_switch$57$rdmux[0][4][10]$a$3569 [0] } = { $memory$auto$proc_rom.cc:155:do_switch$57$rdmux[0][4][10]$a$3569 [5] $memory$auto$proc_rom.cc:155:do_switch$57$rdmux[0][4][10]$a$3569 [5] $memory$auto$proc_rom.cc:155:do_switch$57$rdmux[0][4][10]$a$3569 [5] $memory$auto$proc_rom.cc:155:do_switch$57$rdmux[0][4][10]$a$3569 [5] 1'0 }
    Consolidated identical input bits for $mux cell $memory$auto$proc_rom.cc:155:do_switch$57$rdmux[0][5][19]$3643:
      Old ports: A=$memory$auto$proc_rom.cc:155:do_switch$57$rdmux[0][5][19]$a$3644, B=$memory$auto$proc_rom.cc:155:do_switch$57$rdmux[0][5][19]$b$3645, Y=$memory$auto$proc_rom.cc:155:do_switch$57$rdmux[0][4][9]$b$3567
      New ports: A={ 2'00 $memory$auto$proc_rom.cc:155:do_switch$57$rdmux[0][5][19]$a$3644 [1:0] }, B={ $memory$auto$proc_rom.cc:155:do_switch$57$rdmux[0][5][19]$b$3645 [3:1] 1'0 }, Y=$memory$auto$proc_rom.cc:155:do_switch$57$rdmux[0][4][9]$b$3567 [3:0]
      New connections: $memory$auto$proc_rom.cc:155:do_switch$57$rdmux[0][4][9]$b$3567 [9:4] = 6'000000
    Consolidated identical input bits for $mux cell $memory$auto$proc_rom.cc:155:do_switch$57$rdmux[0][5][18]$3640:
      Old ports: A=$memory$auto$proc_rom.cc:155:do_switch$57$rdmux[0][5][18]$a$3641, B=$memory$auto$proc_rom.cc:155:do_switch$57$rdmux[0][5][18]$b$3642, Y=$memory$auto$proc_rom.cc:155:do_switch$57$rdmux[0][4][9]$a$3566
      New ports: A={ $memory$auto$proc_rom.cc:155:do_switch$57$rdmux[0][5][18]$a$3641 [2] $memory$auto$proc_rom.cc:155:do_switch$57$rdmux[0][5][18]$a$3641 [2] $memory$auto$proc_rom.cc:155:do_switch$57$rdmux[0][5][18]$a$3641 [2:0] }, B={ 1'1 $memory$auto$proc_rom.cc:155:do_switch$57$rdmux[0][5][18]$b$3642 [3:1] 1'0 }, Y=$memory$auto$proc_rom.cc:155:do_switch$57$rdmux[0][4][9]$a$3566 [4:0]
      New connections: $memory$auto$proc_rom.cc:155:do_switch$57$rdmux[0][4][9]$a$3566 [9:5] = { $memory$auto$proc_rom.cc:155:do_switch$57$rdmux[0][4][9]$a$3566 [4] $memory$auto$proc_rom.cc:155:do_switch$57$rdmux[0][4][9]$a$3566 [4] $memory$auto$proc_rom.cc:155:do_switch$57$rdmux[0][4][9]$a$3566 [4] $memory$auto$proc_rom.cc:155:do_switch$57$rdmux[0][4][9]$a$3566 [4] $memory$auto$proc_rom.cc:155:do_switch$57$rdmux[0][4][9]$a$3566 [4] }
    Consolidated identical input bits for $mux cell $memory$auto$proc_rom.cc:155:do_switch$57$rdmux[0][5][15]$3631:
      Old ports: A=$memory$auto$proc_rom.cc:155:do_switch$57$rdmux[0][5][15]$a$3632, B=$memory$auto$proc_rom.cc:155:do_switch$57$rdmux[0][5][15]$b$3633, Y=$memory$auto$proc_rom.cc:155:do_switch$57$rdmux[0][4][7]$b$3561
      New ports: A={ $memory$auto$proc_rom.cc:155:do_switch$57$rdmux[0][5][15]$a$3632 [6] $memory$auto$proc_rom.cc:155:do_switch$57$rdmux[0][5][15]$a$3632 [6] $memory$auto$proc_rom.cc:155:do_switch$57$rdmux[0][5][15]$a$3632 [6:5] $memory$auto$proc_rom.cc:155:do_switch$57$rdmux[0][5][15]$a$3632 [2] $memory$auto$proc_rom.cc:155:do_switch$57$rdmux[0][5][15]$a$3632 [3:2] }, B={ 1'1 $memory$auto$proc_rom.cc:155:do_switch$57$rdmux[0][5][15]$b$3633 [7:3] 1'0 }, Y=$memory$auto$proc_rom.cc:155:do_switch$57$rdmux[0][4][7]$b$3561 [8:2]
      New connections: { $memory$auto$proc_rom.cc:155:do_switch$57$rdmux[0][4][7]$b$3561 [9] $memory$auto$proc_rom.cc:155:do_switch$57$rdmux[0][4][7]$b$3561 [1:0] } = { $memory$auto$proc_rom.cc:155:do_switch$57$rdmux[0][4][7]$b$3561 [8] 2'00 }
    Consolidated identical input bits for $mux cell $memory$auto$proc_rom.cc:155:do_switch$57$rdmux[0][5][14]$3628:
      Old ports: A=$memory$auto$proc_rom.cc:155:do_switch$57$rdmux[0][5][14]$a$3629, B=$memory$auto$proc_rom.cc:155:do_switch$57$rdmux[0][5][14]$b$3630, Y=$memory$auto$proc_rom.cc:155:do_switch$57$rdmux[0][4][7]$a$3560
      New ports: A={ 2'00 $memory$auto$proc_rom.cc:155:do_switch$57$rdmux[0][5][14]$a$3629 [5:2] }, B={ $memory$auto$proc_rom.cc:155:do_switch$57$rdmux[0][5][14]$b$3630 [7:3] 1'0 }, Y=$memory$auto$proc_rom.cc:155:do_switch$57$rdmux[0][4][7]$a$3560 [7:2]
      New connections: { $memory$auto$proc_rom.cc:155:do_switch$57$rdmux[0][4][7]$a$3560 [9:8] $memory$auto$proc_rom.cc:155:do_switch$57$rdmux[0][4][7]$a$3560 [1:0] } = 4'0000
    Consolidated identical input bits for $mux cell $memory$auto$proc_rom.cc:155:do_switch$57$rdmux[0][5][13]$3625:
      Old ports: A=$memory$auto$proc_rom.cc:155:do_switch$57$rdmux[0][5][13]$a$3626, B=$memory$auto$proc_rom.cc:155:do_switch$57$rdmux[0][5][13]$b$3627, Y=$memory$auto$proc_rom.cc:155:do_switch$57$rdmux[0][4][6]$b$3558
      New ports: A={ $memory$auto$proc_rom.cc:155:do_switch$57$rdmux[0][5][13]$a$3626 [5] $memory$auto$proc_rom.cc:155:do_switch$57$rdmux[0][5][13]$a$3626 [5] $memory$auto$proc_rom.cc:155:do_switch$57$rdmux[0][5][13]$a$3626 [5:3] }, B={ 1'1 $memory$auto$proc_rom.cc:155:do_switch$57$rdmux[0][5][13]$b$3627 [6:4] 1'0 }, Y=$memory$auto$proc_rom.cc:155:do_switch$57$rdmux[0][4][6]$b$3558 [7:3]
      New connections: { $memory$auto$proc_rom.cc:155:do_switch$57$rdmux[0][4][6]$b$3558 [9:8] $memory$auto$proc_rom.cc:155:do_switch$57$rdmux[0][4][6]$b$3558 [2:0] } = { $memory$auto$proc_rom.cc:155:do_switch$57$rdmux[0][4][6]$b$3558 [7] $memory$auto$proc_rom.cc:155:do_switch$57$rdmux[0][4][6]$b$3558 [7] 3'000 }
    Consolidated identical input bits for $mux cell $memory$auto$proc_rom.cc:155:do_switch$57$rdmux[0][5][12]$3622:
      Old ports: A=$memory$auto$proc_rom.cc:155:do_switch$57$rdmux[0][5][12]$a$3623, B=$memory$auto$proc_rom.cc:155:do_switch$57$rdmux[0][5][12]$b$3624, Y=$memory$auto$proc_rom.cc:155:do_switch$57$rdmux[0][4][6]$a$3557
      New ports: A={ 2'00 $memory$auto$proc_rom.cc:155:do_switch$57$rdmux[0][5][12]$a$3623 [4:3] }, B={ $memory$auto$proc_rom.cc:155:do_switch$57$rdmux[0][5][12]$b$3624 [6:4] 1'0 }, Y=$memory$auto$proc_rom.cc:155:do_switch$57$rdmux[0][4][6]$a$3557 [6:3]
      New connections: { $memory$auto$proc_rom.cc:155:do_switch$57$rdmux[0][4][6]$a$3557 [9:7] $memory$auto$proc_rom.cc:155:do_switch$57$rdmux[0][4][6]$a$3557 [2:0] } = 6'000000
    Consolidated identical input bits for $mux cell $memory$auto$proc_rom.cc:155:do_switch$57$rdmux[0][5][11]$3619:
      Old ports: A=$memory$auto$proc_rom.cc:155:do_switch$57$rdmux[0][5][11]$a$3620, B=$memory$auto$proc_rom.cc:155:do_switch$57$rdmux[0][5][11]$b$3621, Y=$memory$auto$proc_rom.cc:155:do_switch$57$rdmux[0][4][5]$b$3555
      New ports: A={ $memory$auto$proc_rom.cc:155:do_switch$57$rdmux[0][5][11]$a$3620 [5] $memory$auto$proc_rom.cc:155:do_switch$57$rdmux[0][5][11]$a$3620 [5] $memory$auto$proc_rom.cc:155:do_switch$57$rdmux[0][5][11]$a$3620 [5:4] $memory$auto$proc_rom.cc:155:do_switch$57$rdmux[0][5][11]$a$3620 [1] $memory$auto$proc_rom.cc:155:do_switch$57$rdmux[0][5][11]$a$3620 [2:1] }, B={ 1'1 $memory$auto$proc_rom.cc:155:do_switch$57$rdmux[0][5][11]$b$3621 [6:2] 1'0 }, Y=$memory$auto$proc_rom.cc:155:do_switch$57$rdmux[0][4][5]$b$3555 [7:1]
      New connections: { $memory$auto$proc_rom.cc:155:do_switch$57$rdmux[0][4][5]$b$3555 [9:8] $memory$auto$proc_rom.cc:155:do_switch$57$rdmux[0][4][5]$b$3555 [0] } = { $memory$auto$proc_rom.cc:155:do_switch$57$rdmux[0][4][5]$b$3555 [7] $memory$auto$proc_rom.cc:155:do_switch$57$rdmux[0][4][5]$b$3555 [7] 1'0 }
    Consolidated identical input bits for $mux cell $memory$auto$proc_rom.cc:155:do_switch$57$rdmux[0][5][10]$3616:
      Old ports: A=$memory$auto$proc_rom.cc:155:do_switch$57$rdmux[0][5][10]$a$3617, B=$memory$auto$proc_rom.cc:155:do_switch$57$rdmux[0][5][10]$b$3618, Y=$memory$auto$proc_rom.cc:155:do_switch$57$rdmux[0][4][5]$a$3554
      New ports: A={ 2'00 $memory$auto$proc_rom.cc:155:do_switch$57$rdmux[0][5][10]$a$3617 [4:1] }, B={ $memory$auto$proc_rom.cc:155:do_switch$57$rdmux[0][5][10]$b$3618 [6:2] 1'0 }, Y=$memory$auto$proc_rom.cc:155:do_switch$57$rdmux[0][4][5]$a$3554 [6:1]
      New connections: { $memory$auto$proc_rom.cc:155:do_switch$57$rdmux[0][4][5]$a$3554 [9:7] $memory$auto$proc_rom.cc:155:do_switch$57$rdmux[0][4][5]$a$3554 [0] } = 4'0000
    Consolidated identical input bits for $mux cell $memory$auto$proc_rom.cc:155:do_switch$57$rdmux[0][5][9]$3613:
      Old ports: A=$memory$auto$proc_rom.cc:155:do_switch$57$rdmux[0][5][9]$a$3614, B=$memory$auto$proc_rom.cc:155:do_switch$57$rdmux[0][5][9]$b$3615, Y=$memory$auto$proc_rom.cc:155:do_switch$57$rdmux[0][4][4]$b$3552
      New ports: A={ $memory$auto$proc_rom.cc:155:do_switch$57$rdmux[0][5][9]$a$3614 [4] $memory$auto$proc_rom.cc:155:do_switch$57$rdmux[0][5][9]$a$3614 [4] $memory$auto$proc_rom.cc:155:do_switch$57$rdmux[0][5][9]$a$3614 [4:2] }, B={ 1'1 $memory$auto$proc_rom.cc:155:do_switch$57$rdmux[0][5][9]$b$3615 [5:3] 1'0 }, Y=$memory$auto$proc_rom.cc:155:do_switch$57$rdmux[0][4][4]$b$3552 [6:2]
      New connections: { $memory$auto$proc_rom.cc:155:do_switch$57$rdmux[0][4][4]$b$3552 [9:7] $memory$auto$proc_rom.cc:155:do_switch$57$rdmux[0][4][4]$b$3552 [1:0] } = { $memory$auto$proc_rom.cc:155:do_switch$57$rdmux[0][4][4]$b$3552 [6] $memory$auto$proc_rom.cc:155:do_switch$57$rdmux[0][4][4]$b$3552 [6] $memory$auto$proc_rom.cc:155:do_switch$57$rdmux[0][4][4]$b$3552 [6] 2'00 }
    Consolidated identical input bits for $mux cell $memory$auto$proc_rom.cc:155:do_switch$57$rdmux[0][5][8]$3610:
      Old ports: A=$memory$auto$proc_rom.cc:155:do_switch$57$rdmux[0][5][8]$a$3611, B=$memory$auto$proc_rom.cc:155:do_switch$57$rdmux[0][5][8]$b$3612, Y=$memory$auto$proc_rom.cc:155:do_switch$57$rdmux[0][4][4]$a$3551
      New ports: A={ 2'00 $memory$auto$proc_rom.cc:155:do_switch$57$rdmux[0][5][8]$a$3611 [3:2] }, B={ $memory$auto$proc_rom.cc:155:do_switch$57$rdmux[0][5][8]$b$3612 [5:3] 1'0 }, Y=$memory$auto$proc_rom.cc:155:do_switch$57$rdmux[0][4][4]$a$3551 [5:2]
      New connections: { $memory$auto$proc_rom.cc:155:do_switch$57$rdmux[0][4][4]$a$3551 [9:6] $memory$auto$proc_rom.cc:155:do_switch$57$rdmux[0][4][4]$a$3551 [1:0] } = 6'000000
    Consolidated identical input bits for $mux cell $memory$auto$proc_rom.cc:155:do_switch$57$rdmux[0][5][7]$3607:
      Old ports: A=$memory$auto$proc_rom.cc:155:do_switch$57$rdmux[0][5][7]$a$3608, B=$memory$auto$proc_rom.cc:155:do_switch$57$rdmux[0][5][7]$b$3609, Y=$memory$auto$proc_rom.cc:155:do_switch$57$rdmux[0][4][3]$b$3549
      New ports: A={ $memory$auto$proc_rom.cc:155:do_switch$57$rdmux[0][5][7]$a$3608 [4] $memory$auto$proc_rom.cc:155:do_switch$57$rdmux[0][5][7]$a$3608 [4] $memory$auto$proc_rom.cc:155:do_switch$57$rdmux[0][5][7]$a$3608 [4:3] $memory$auto$proc_rom.cc:155:do_switch$57$rdmux[0][5][7]$a$3608 [0] $memory$auto$proc_rom.cc:155:do_switch$57$rdmux[0][5][7]$a$3608 [1:0] }, B={ 1'1 $memory$auto$proc_rom.cc:155:do_switch$57$rdmux[0][5][7]$b$3609 [5:1] 1'0 }, Y=$memory$auto$proc_rom.cc:155:do_switch$57$rdmux[0][4][3]$b$3549 [6:0]
      New connections: $memory$auto$proc_rom.cc:155:do_switch$57$rdmux[0][4][3]$b$3549 [9:7] = { $memory$auto$proc_rom.cc:155:do_switch$57$rdmux[0][4][3]$b$3549 [6] $memory$auto$proc_rom.cc:155:do_switch$57$rdmux[0][4][3]$b$3549 [6] $memory$auto$proc_rom.cc:155:do_switch$57$rdmux[0][4][3]$b$3549 [6] }
    Consolidated identical input bits for $mux cell $memory$auto$proc_rom.cc:155:do_switch$57$rdmux[0][5][6]$3604:
      Old ports: A=$memory$auto$proc_rom.cc:155:do_switch$57$rdmux[0][5][6]$a$3605, B=$memory$auto$proc_rom.cc:155:do_switch$57$rdmux[0][5][6]$b$3606, Y=$memory$auto$proc_rom.cc:155:do_switch$57$rdmux[0][4][3]$a$3548
      New ports: A={ 2'00 $memory$auto$proc_rom.cc:155:do_switch$57$rdmux[0][5][6]$a$3605 [3:0] }, B={ $memory$auto$proc_rom.cc:155:do_switch$57$rdmux[0][5][6]$b$3606 [5:1] 1'0 }, Y=$memory$auto$proc_rom.cc:155:do_switch$57$rdmux[0][4][3]$a$3548 [5:0]
      New connections: $memory$auto$proc_rom.cc:155:do_switch$57$rdmux[0][4][3]$a$3548 [9:6] = 4'0000
    Consolidated identical input bits for $mux cell $memory$auto$proc_rom.cc:155:do_switch$57$rdmux[0][5][5]$3601:
      Old ports: A=$memory$auto$proc_rom.cc:155:do_switch$57$rdmux[0][5][5]$a$3602, B=$memory$auto$proc_rom.cc:155:do_switch$57$rdmux[0][5][5]$b$3603, Y=$memory$auto$proc_rom.cc:155:do_switch$57$rdmux[0][4][2]$b$3546
      New ports: A={ $memory$auto$proc_rom.cc:155:do_switch$57$rdmux[0][5][5]$a$3602 [3] $memory$auto$proc_rom.cc:155:do_switch$57$rdmux[0][5][5]$a$3602 [3] $memory$auto$proc_rom.cc:155:do_switch$57$rdmux[0][5][5]$a$3602 [3:1] }, B={ 1'1 $memory$auto$proc_rom.cc:155:do_switch$57$rdmux[0][5][5]$b$3603 [4:2] 1'0 }, Y=$memory$auto$proc_rom.cc:155:do_switch$57$rdmux[0][4][2]$b$3546 [5:1]
      New connections: { $memory$auto$proc_rom.cc:155:do_switch$57$rdmux[0][4][2]$b$3546 [9:6] $memory$auto$proc_rom.cc:155:do_switch$57$rdmux[0][4][2]$b$3546 [0] } = { $memory$auto$proc_rom.cc:155:do_switch$57$rdmux[0][4][2]$b$3546 [5] $memory$auto$proc_rom.cc:155:do_switch$57$rdmux[0][4][2]$b$3546 [5] $memory$auto$proc_rom.cc:155:do_switch$57$rdmux[0][4][2]$b$3546 [5] $memory$auto$proc_rom.cc:155:do_switch$57$rdmux[0][4][2]$b$3546 [5] 1'0 }
    Consolidated identical input bits for $mux cell $memory$auto$proc_rom.cc:155:do_switch$57$rdmux[0][5][4]$3598:
      Old ports: A=$memory$auto$proc_rom.cc:155:do_switch$57$rdmux[0][5][4]$a$3599, B=$memory$auto$proc_rom.cc:155:do_switch$57$rdmux[0][5][4]$b$3600, Y=$memory$auto$proc_rom.cc:155:do_switch$57$rdmux[0][4][2]$a$3545
      New ports: A={ 2'00 $memory$auto$proc_rom.cc:155:do_switch$57$rdmux[0][5][4]$a$3599 [2:1] }, B={ $memory$auto$proc_rom.cc:155:do_switch$57$rdmux[0][5][4]$b$3600 [4:2] 1'0 }, Y=$memory$auto$proc_rom.cc:155:do_switch$57$rdmux[0][4][2]$a$3545 [4:1]
      New connections: { $memory$auto$proc_rom.cc:155:do_switch$57$rdmux[0][4][2]$a$3545 [9:5] $memory$auto$proc_rom.cc:155:do_switch$57$rdmux[0][4][2]$a$3545 [0] } = 6'000000
    Consolidated identical input bits for $mux cell $memory$auto$proc_rom.cc:155:do_switch$57$rdmux[0][5][3]$3595:
      Old ports: A=$memory$auto$proc_rom.cc:155:do_switch$57$rdmux[0][5][3]$a$3596, B=$memory$auto$proc_rom.cc:155:do_switch$57$rdmux[0][5][3]$b$3597, Y=$memory$auto$proc_rom.cc:155:do_switch$57$rdmux[0][4][1]$b$3543
      New ports: A={ $memory$auto$proc_rom.cc:155:do_switch$57$rdmux[0][5][3]$a$3596 [2] $memory$auto$proc_rom.cc:155:do_switch$57$rdmux[0][5][3]$a$3596 [2] $memory$auto$proc_rom.cc:155:do_switch$57$rdmux[0][5][3]$a$3596 [2:0] }, B={ 1'1 $memory$auto$proc_rom.cc:155:do_switch$57$rdmux[0][5][3]$b$3597 [3:1] 1'0 }, Y=$memory$auto$proc_rom.cc:155:do_switch$57$rdmux[0][4][1]$b$3543 [4:0]
      New connections: $memory$auto$proc_rom.cc:155:do_switch$57$rdmux[0][4][1]$b$3543 [9:5] = { $memory$auto$proc_rom.cc:155:do_switch$57$rdmux[0][4][1]$b$3543 [4] $memory$auto$proc_rom.cc:155:do_switch$57$rdmux[0][4][1]$b$3543 [4] $memory$auto$proc_rom.cc:155:do_switch$57$rdmux[0][4][1]$b$3543 [4] $memory$auto$proc_rom.cc:155:do_switch$57$rdmux[0][4][1]$b$3543 [4] $memory$auto$proc_rom.cc:155:do_switch$57$rdmux[0][4][1]$b$3543 [4] }
    Consolidated identical input bits for $mux cell $memory$auto$proc_rom.cc:155:do_switch$57$rdmux[0][5][2]$3592:
      Old ports: A=$memory$auto$proc_rom.cc:155:do_switch$57$rdmux[0][5][2]$a$3593, B=$memory$auto$proc_rom.cc:155:do_switch$57$rdmux[0][5][2]$b$3594, Y=$memory$auto$proc_rom.cc:155:do_switch$57$rdmux[0][4][1]$a$3542
      New ports: A={ 2'00 $memory$auto$proc_rom.cc:155:do_switch$57$rdmux[0][5][2]$a$3593 [1:0] }, B={ $memory$auto$proc_rom.cc:155:do_switch$57$rdmux[0][5][2]$b$3594 [3:1] 1'0 }, Y=$memory$auto$proc_rom.cc:155:do_switch$57$rdmux[0][4][1]$a$3542 [3:0]
      New connections: $memory$auto$proc_rom.cc:155:do_switch$57$rdmux[0][4][1]$a$3542 [9:4] = 6'000000
    Consolidated identical input bits for $mux cell $memory$auto$proc_rom.cc:155:do_switch$61$rdmux[0][4][15]$3202:
      Old ports: A=$memory$auto$proc_rom.cc:155:do_switch$61$rdmux[0][4][15]$a$3203, B=$memory$auto$proc_rom.cc:155:do_switch$61$rdmux[0][4][15]$b$3204, Y=$memory$auto$proc_rom.cc:155:do_switch$61$rdmux[0][3][7]$b$3156
      New ports: A={ 2'10 $memory$auto$proc_rom.cc:155:do_switch$61$rdmux[0][4][15]$a$3203 [15:14] }, B={ $memory$auto$proc_rom.cc:155:do_switch$61$rdmux[0][4][15]$b$3204 [16] $memory$auto$proc_rom.cc:155:do_switch$61$rdmux[0][4][15]$b$3204 [16:14] }, Y=$memory$auto$proc_rom.cc:155:do_switch$61$rdmux[0][3][7]$b$3156 [17:14]
      New connections: $memory$auto$proc_rom.cc:155:do_switch$61$rdmux[0][3][7]$b$3156 [13:0] = 14'00000000000000
    Consolidated identical input bits for $mux cell $memory$auto$proc_rom.cc:155:do_switch$61$rdmux[0][4][14]$3199:
      Old ports: A=$memory$auto$proc_rom.cc:155:do_switch$61$rdmux[0][4][14]$a$3200, B=$memory$auto$proc_rom.cc:155:do_switch$61$rdmux[0][4][14]$b$3201, Y=$memory$auto$proc_rom.cc:155:do_switch$61$rdmux[0][3][7]$a$3155
      New ports: A={ 1'0 $memory$auto$proc_rom.cc:155:do_switch$61$rdmux[0][4][14]$a$3200 [14:13] }, B={ 1'1 $memory$auto$proc_rom.cc:155:do_switch$61$rdmux[0][4][14]$b$3201 [14:13] }, Y=$memory$auto$proc_rom.cc:155:do_switch$61$rdmux[0][3][7]$a$3155 [15:13]
      New connections: { $memory$auto$proc_rom.cc:155:do_switch$61$rdmux[0][3][7]$a$3155 [17:16] $memory$auto$proc_rom.cc:155:do_switch$61$rdmux[0][3][7]$a$3155 [12:0] } = 15'010000000000000
    Consolidated identical input bits for $mux cell $memory$auto$proc_rom.cc:155:do_switch$61$rdmux[0][4][13]$3196:
      Old ports: A=$memory$auto$proc_rom.cc:155:do_switch$61$rdmux[0][4][13]$a$3197, B=$memory$auto$proc_rom.cc:155:do_switch$61$rdmux[0][4][13]$b$3198, Y=$memory$auto$proc_rom.cc:155:do_switch$61$rdmux[0][3][6]$b$3153
      New ports: A={ 1'0 $memory$auto$proc_rom.cc:155:do_switch$61$rdmux[0][4][13]$a$3197 [13:12] }, B={ 1'1 $memory$auto$proc_rom.cc:155:do_switch$61$rdmux[0][4][13]$b$3198 [13:12] }, Y=$memory$auto$proc_rom.cc:155:do_switch$61$rdmux[0][3][6]$b$3153 [14:12]
      New connections: { $memory$auto$proc_rom.cc:155:do_switch$61$rdmux[0][3][6]$b$3153 [17:15] $memory$auto$proc_rom.cc:155:do_switch$61$rdmux[0][3][6]$b$3153 [11:0] } = 15'001000000000000
    Consolidated identical input bits for $mux cell $memory$auto$proc_rom.cc:155:do_switch$61$rdmux[0][4][12]$3193:
      Old ports: A=$memory$auto$proc_rom.cc:155:do_switch$61$rdmux[0][4][12]$a$3194, B=$memory$auto$proc_rom.cc:155:do_switch$61$rdmux[0][4][12]$b$3195, Y=$memory$auto$proc_rom.cc:155:do_switch$61$rdmux[0][3][6]$a$3152
      New ports: A={ 1'0 $memory$auto$proc_rom.cc:155:do_switch$61$rdmux[0][4][12]$a$3194 [12:11] }, B={ 1'1 $memory$auto$proc_rom.cc:155:do_switch$61$rdmux[0][4][12]$b$3195 [12:11] }, Y=$memory$auto$proc_rom.cc:155:do_switch$61$rdmux[0][3][6]$a$3152 [13:11]
      New connections: { $memory$auto$proc_rom.cc:155:do_switch$61$rdmux[0][3][6]$a$3152 [17:14] $memory$auto$proc_rom.cc:155:do_switch$61$rdmux[0][3][6]$a$3152 [10:0] } = 15'000100000000000
    Consolidated identical input bits for $mux cell $memory$auto$proc_rom.cc:155:do_switch$61$rdmux[0][4][11]$3190:
      Old ports: A=$memory$auto$proc_rom.cc:155:do_switch$61$rdmux[0][4][11]$a$3191, B=$memory$auto$proc_rom.cc:155:do_switch$61$rdmux[0][4][11]$b$3192, Y=$memory$auto$proc_rom.cc:155:do_switch$61$rdmux[0][3][5]$b$3150
      New ports: A={ 1'0 $memory$auto$proc_rom.cc:155:do_switch$61$rdmux[0][4][11]$a$3191 [11:10] }, B={ 1'1 $memory$auto$proc_rom.cc:155:do_switch$61$rdmux[0][4][11]$b$3192 [11:10] }, Y=$memory$auto$proc_rom.cc:155:do_switch$61$rdmux[0][3][5]$b$3150 [12:10]
      New connections: { $memory$auto$proc_rom.cc:155:do_switch$61$rdmux[0][3][5]$b$3150 [17:13] $memory$auto$proc_rom.cc:155:do_switch$61$rdmux[0][3][5]$b$3150 [9:0] } = 15'000010000000000
    Consolidated identical input bits for $mux cell $memory$auto$proc_rom.cc:155:do_switch$61$rdmux[0][4][10]$3187:
      Old ports: A=$memory$auto$proc_rom.cc:155:do_switch$61$rdmux[0][4][10]$a$3188, B=$memory$auto$proc_rom.cc:155:do_switch$61$rdmux[0][4][10]$b$3189, Y=$memory$auto$proc_rom.cc:155:do_switch$61$rdmux[0][3][5]$a$3149
      New ports: A={ 1'0 $memory$auto$proc_rom.cc:155:do_switch$61$rdmux[0][4][10]$a$3188 [10:9] }, B={ 1'1 $memory$auto$proc_rom.cc:155:do_switch$61$rdmux[0][4][10]$b$3189 [10:9] }, Y=$memory$auto$proc_rom.cc:155:do_switch$61$rdmux[0][3][5]$a$3149 [11:9]
      New connections: { $memory$auto$proc_rom.cc:155:do_switch$61$rdmux[0][3][5]$a$3149 [17:12] $memory$auto$proc_rom.cc:155:do_switch$61$rdmux[0][3][5]$a$3149 [8:0] } = 15'000001000000000
    Consolidated identical input bits for $mux cell $memory$auto$proc_rom.cc:155:do_switch$61$rdmux[0][4][9]$3184:
      Old ports: A=$memory$auto$proc_rom.cc:155:do_switch$61$rdmux[0][4][9]$a$3185, B=$memory$auto$proc_rom.cc:155:do_switch$61$rdmux[0][4][9]$b$3186, Y=$memory$auto$proc_rom.cc:155:do_switch$61$rdmux[0][3][4]$b$3147
      New ports: A={ 1'0 $memory$auto$proc_rom.cc:155:do_switch$61$rdmux[0][4][9]$a$3185 [9:8] }, B={ 1'1 $memory$auto$proc_rom.cc:155:do_switch$61$rdmux[0][4][9]$b$3186 [9:8] }, Y=$memory$auto$proc_rom.cc:155:do_switch$61$rdmux[0][3][4]$b$3147 [10:8]
      New connections: { $memory$auto$proc_rom.cc:155:do_switch$61$rdmux[0][3][4]$b$3147 [17:11] $memory$auto$proc_rom.cc:155:do_switch$61$rdmux[0][3][4]$b$3147 [7:0] } = 15'000000100000000
    Consolidated identical input bits for $mux cell $memory$auto$proc_rom.cc:155:do_switch$61$rdmux[0][4][8]$3181:
      Old ports: A=$memory$auto$proc_rom.cc:155:do_switch$61$rdmux[0][4][8]$a$3182, B=$memory$auto$proc_rom.cc:155:do_switch$61$rdmux[0][4][8]$b$3183, Y=$memory$auto$proc_rom.cc:155:do_switch$61$rdmux[0][3][4]$a$3146
      New ports: A={ 1'0 $memory$auto$proc_rom.cc:155:do_switch$61$rdmux[0][4][8]$a$3182 [8:7] }, B={ 1'1 $memory$auto$proc_rom.cc:155:do_switch$61$rdmux[0][4][8]$b$3183 [8:7] }, Y=$memory$auto$proc_rom.cc:155:do_switch$61$rdmux[0][3][4]$a$3146 [9:7]
      New connections: { $memory$auto$proc_rom.cc:155:do_switch$61$rdmux[0][3][4]$a$3146 [17:10] $memory$auto$proc_rom.cc:155:do_switch$61$rdmux[0][3][4]$a$3146 [6:0] } = 15'000000010000000
    Consolidated identical input bits for $mux cell $memory$auto$proc_rom.cc:155:do_switch$61$rdmux[0][4][7]$3178:
      Old ports: A=$memory$auto$proc_rom.cc:155:do_switch$61$rdmux[0][4][7]$a$3179, B=$memory$auto$proc_rom.cc:155:do_switch$61$rdmux[0][4][7]$b$3180, Y=$memory$auto$proc_rom.cc:155:do_switch$61$rdmux[0][3][3]$b$3144
      New ports: A={ 1'0 $memory$auto$proc_rom.cc:155:do_switch$61$rdmux[0][4][7]$a$3179 [7:6] }, B={ 1'1 $memory$auto$proc_rom.cc:155:do_switch$61$rdmux[0][4][7]$b$3180 [7:6] }, Y=$memory$auto$proc_rom.cc:155:do_switch$61$rdmux[0][3][3]$b$3144 [8:6]
      New connections: { $memory$auto$proc_rom.cc:155:do_switch$61$rdmux[0][3][3]$b$3144 [17:9] $memory$auto$proc_rom.cc:155:do_switch$61$rdmux[0][3][3]$b$3144 [5:0] } = 15'000000001000000
    Consolidated identical input bits for $mux cell $memory$auto$proc_rom.cc:155:do_switch$61$rdmux[0][4][6]$3175:
      Old ports: A=$memory$auto$proc_rom.cc:155:do_switch$61$rdmux[0][4][6]$a$3176, B=$memory$auto$proc_rom.cc:155:do_switch$61$rdmux[0][4][6]$b$3177, Y=$memory$auto$proc_rom.cc:155:do_switch$61$rdmux[0][3][3]$a$3143
      New ports: A={ 1'0 $memory$auto$proc_rom.cc:155:do_switch$61$rdmux[0][4][6]$a$3176 [6:5] }, B={ 1'1 $memory$auto$proc_rom.cc:155:do_switch$61$rdmux[0][4][6]$b$3177 [6:5] }, Y=$memory$auto$proc_rom.cc:155:do_switch$61$rdmux[0][3][3]$a$3143 [7:5]
      New connections: { $memory$auto$proc_rom.cc:155:do_switch$61$rdmux[0][3][3]$a$3143 [17:8] $memory$auto$proc_rom.cc:155:do_switch$61$rdmux[0][3][3]$a$3143 [4:0] } = 15'000000000100000
    Consolidated identical input bits for $mux cell $memory$auto$proc_rom.cc:155:do_switch$61$rdmux[0][4][5]$3172:
      Old ports: A=$memory$auto$proc_rom.cc:155:do_switch$61$rdmux[0][4][5]$a$3173, B=$memory$auto$proc_rom.cc:155:do_switch$61$rdmux[0][4][5]$b$3174, Y=$memory$auto$proc_rom.cc:155:do_switch$61$rdmux[0][3][2]$b$3141
      New ports: A={ 1'0 $memory$auto$proc_rom.cc:155:do_switch$61$rdmux[0][4][5]$a$3173 [5:4] }, B={ 1'1 $memory$auto$proc_rom.cc:155:do_switch$61$rdmux[0][4][5]$b$3174 [5:4] }, Y=$memory$auto$proc_rom.cc:155:do_switch$61$rdmux[0][3][2]$b$3141 [6:4]
      New connections: { $memory$auto$proc_rom.cc:155:do_switch$61$rdmux[0][3][2]$b$3141 [17:7] $memory$auto$proc_rom.cc:155:do_switch$61$rdmux[0][3][2]$b$3141 [3:0] } = 15'000000000010000
    Consolidated identical input bits for $mux cell $memory$auto$proc_rom.cc:155:do_switch$61$rdmux[0][4][4]$3169:
      Old ports: A=$memory$auto$proc_rom.cc:155:do_switch$61$rdmux[0][4][4]$a$3170, B=$memory$auto$proc_rom.cc:155:do_switch$61$rdmux[0][4][4]$b$3171, Y=$memory$auto$proc_rom.cc:155:do_switch$61$rdmux[0][3][2]$a$3140
      New ports: A={ 1'0 $memory$auto$proc_rom.cc:155:do_switch$61$rdmux[0][4][4]$a$3170 [4:3] }, B={ 1'1 $memory$auto$proc_rom.cc:155:do_switch$61$rdmux[0][4][4]$b$3171 [4:3] }, Y=$memory$auto$proc_rom.cc:155:do_switch$61$rdmux[0][3][2]$a$3140 [5:3]
      New connections: { $memory$auto$proc_rom.cc:155:do_switch$61$rdmux[0][3][2]$a$3140 [17:6] $memory$auto$proc_rom.cc:155:do_switch$61$rdmux[0][3][2]$a$3140 [2:0] } = 15'000000000001000
    Consolidated identical input bits for $mux cell $memory$auto$proc_rom.cc:155:do_switch$61$rdmux[0][4][3]$3166:
      Old ports: A=$memory$auto$proc_rom.cc:155:do_switch$61$rdmux[0][4][3]$a$3167, B=$memory$auto$proc_rom.cc:155:do_switch$61$rdmux[0][4][3]$b$3168, Y=$memory$auto$proc_rom.cc:155:do_switch$61$rdmux[0][3][1]$b$3138
      New ports: A={ 1'0 $memory$auto$proc_rom.cc:155:do_switch$61$rdmux[0][4][3]$a$3167 [3:2] }, B={ 1'1 $memory$auto$proc_rom.cc:155:do_switch$61$rdmux[0][4][3]$b$3168 [3:2] }, Y=$memory$auto$proc_rom.cc:155:do_switch$61$rdmux[0][3][1]$b$3138 [4:2]
      New connections: { $memory$auto$proc_rom.cc:155:do_switch$61$rdmux[0][3][1]$b$3138 [17:5] $memory$auto$proc_rom.cc:155:do_switch$61$rdmux[0][3][1]$b$3138 [1:0] } = 15'000000000000100
    Consolidated identical input bits for $mux cell $memory$auto$proc_rom.cc:155:do_switch$61$rdmux[0][4][2]$3163:
      Old ports: A=$memory$auto$proc_rom.cc:155:do_switch$61$rdmux[0][4][2]$a$3164, B=$memory$auto$proc_rom.cc:155:do_switch$61$rdmux[0][4][2]$b$3165, Y=$memory$auto$proc_rom.cc:155:do_switch$61$rdmux[0][3][1]$a$3137
      New ports: A={ 1'0 $memory$auto$proc_rom.cc:155:do_switch$61$rdmux[0][4][2]$a$3164 [2:1] }, B={ 1'1 $memory$auto$proc_rom.cc:155:do_switch$61$rdmux[0][4][2]$b$3165 [2:1] }, Y=$memory$auto$proc_rom.cc:155:do_switch$61$rdmux[0][3][1]$a$3137 [3:1]
      New connections: { $memory$auto$proc_rom.cc:155:do_switch$61$rdmux[0][3][1]$a$3137 [17:4] $memory$auto$proc_rom.cc:155:do_switch$61$rdmux[0][3][1]$a$3137 [0] } = 15'000000000000010
    Consolidated identical input bits for $mux cell $memory$auto$proc_rom.cc:155:do_switch$61$rdmux[0][4][1]$3160:
      Old ports: A=$memory$auto$proc_rom.cc:155:do_switch$61$rdmux[0][4][1]$a$3161, B=$memory$auto$proc_rom.cc:155:do_switch$61$rdmux[0][4][1]$b$3162, Y=$memory$auto$proc_rom.cc:155:do_switch$61$rdmux[0][3][0]$b$3135
      New ports: A={ 1'0 $memory$auto$proc_rom.cc:155:do_switch$61$rdmux[0][4][1]$a$3161 [1:0] }, B={ 1'1 $memory$auto$proc_rom.cc:155:do_switch$61$rdmux[0][4][1]$b$3162 [1:0] }, Y=$memory$auto$proc_rom.cc:155:do_switch$61$rdmux[0][3][0]$b$3135 [2:0]
      New connections: $memory$auto$proc_rom.cc:155:do_switch$61$rdmux[0][3][0]$b$3135 [17:3] = 15'000000000000001
    Consolidated identical input bits for $mux cell $memory$auto$proc_rom.cc:155:do_switch$61$rdmux[0][4][0]$3157:
      Old ports: A=$memory$auto$proc_rom.cc:155:do_switch$61$rdmux[0][4][0]$a$3158, B=$memory$auto$proc_rom.cc:155:do_switch$61$rdmux[0][4][0]$b$3159, Y=$memory$auto$proc_rom.cc:155:do_switch$61$rdmux[0][3][0]$a$3134
      New ports: A={ 1'0 $memory$auto$proc_rom.cc:155:do_switch$61$rdmux[0][4][0]$a$3158 [1:0] }, B={ 1'1 $memory$auto$proc_rom.cc:155:do_switch$61$rdmux[0][4][0]$b$3159 [1:0] }, Y=$memory$auto$proc_rom.cc:155:do_switch$61$rdmux[0][3][0]$a$3134 [2:0]
      New connections: $memory$auto$proc_rom.cc:155:do_switch$61$rdmux[0][3][0]$a$3134 [17:3] = 15'000000000000000
    Consolidated identical input bits for $mux cell $memory$auto$proc_rom.cc:155:do_switch$65$rdmux[0][4][15]$2821:
      Old ports: A=$memory$auto$proc_rom.cc:155:do_switch$65$rdmux[0][4][15]$a$2822, B=$memory$auto$proc_rom.cc:155:do_switch$65$rdmux[0][4][15]$b$2823, Y=$memory$auto$proc_rom.cc:155:do_switch$65$rdmux[0][3][7]$b$2775
      New ports: A={ 2'10 $memory$auto$proc_rom.cc:155:do_switch$65$rdmux[0][4][15]$a$2822 [15:14] }, B={ $memory$auto$proc_rom.cc:155:do_switch$65$rdmux[0][4][15]$b$2823 [16] $memory$auto$proc_rom.cc:155:do_switch$65$rdmux[0][4][15]$b$2823 [16:14] }, Y=$memory$auto$proc_rom.cc:155:do_switch$65$rdmux[0][3][7]$b$2775 [17:14]
      New connections: $memory$auto$proc_rom.cc:155:do_switch$65$rdmux[0][3][7]$b$2775 [13:0] = 14'00000000000000
    Consolidated identical input bits for $mux cell $memory$auto$proc_rom.cc:155:do_switch$65$rdmux[0][4][14]$2818:
      Old ports: A=$memory$auto$proc_rom.cc:155:do_switch$65$rdmux[0][4][14]$a$2819, B=$memory$auto$proc_rom.cc:155:do_switch$65$rdmux[0][4][14]$b$2820, Y=$memory$auto$proc_rom.cc:155:do_switch$65$rdmux[0][3][7]$a$2774
      New ports: A={ 1'0 $memory$auto$proc_rom.cc:155:do_switch$65$rdmux[0][4][14]$a$2819 [14:13] }, B={ 1'1 $memory$auto$proc_rom.cc:155:do_switch$65$rdmux[0][4][14]$b$2820 [14:13] }, Y=$memory$auto$proc_rom.cc:155:do_switch$65$rdmux[0][3][7]$a$2774 [15:13]
      New connections: { $memory$auto$proc_rom.cc:155:do_switch$65$rdmux[0][3][7]$a$2774 [17:16] $memory$auto$proc_rom.cc:155:do_switch$65$rdmux[0][3][7]$a$2774 [12:0] } = 15'010000000000000
    Consolidated identical input bits for $mux cell $memory$auto$proc_rom.cc:155:do_switch$65$rdmux[0][4][13]$2815:
      Old ports: A=$memory$auto$proc_rom.cc:155:do_switch$65$rdmux[0][4][13]$a$2816, B=$memory$auto$proc_rom.cc:155:do_switch$65$rdmux[0][4][13]$b$2817, Y=$memory$auto$proc_rom.cc:155:do_switch$65$rdmux[0][3][6]$b$2772
      New ports: A={ 1'0 $memory$auto$proc_rom.cc:155:do_switch$65$rdmux[0][4][13]$a$2816 [13:12] }, B={ 1'1 $memory$auto$proc_rom.cc:155:do_switch$65$rdmux[0][4][13]$b$2817 [13:12] }, Y=$memory$auto$proc_rom.cc:155:do_switch$65$rdmux[0][3][6]$b$2772 [14:12]
      New connections: { $memory$auto$proc_rom.cc:155:do_switch$65$rdmux[0][3][6]$b$2772 [17:15] $memory$auto$proc_rom.cc:155:do_switch$65$rdmux[0][3][6]$b$2772 [11:0] } = 15'001000000000000
    Consolidated identical input bits for $mux cell $memory$auto$proc_rom.cc:155:do_switch$65$rdmux[0][4][12]$2812:
      Old ports: A=$memory$auto$proc_rom.cc:155:do_switch$65$rdmux[0][4][12]$a$2813, B=$memory$auto$proc_rom.cc:155:do_switch$65$rdmux[0][4][12]$b$2814, Y=$memory$auto$proc_rom.cc:155:do_switch$65$rdmux[0][3][6]$a$2771
      New ports: A={ 1'0 $memory$auto$proc_rom.cc:155:do_switch$65$rdmux[0][4][12]$a$2813 [12:11] }, B={ 1'1 $memory$auto$proc_rom.cc:155:do_switch$65$rdmux[0][4][12]$b$2814 [12:11] }, Y=$memory$auto$proc_rom.cc:155:do_switch$65$rdmux[0][3][6]$a$2771 [13:11]
      New connections: { $memory$auto$proc_rom.cc:155:do_switch$65$rdmux[0][3][6]$a$2771 [17:14] $memory$auto$proc_rom.cc:155:do_switch$65$rdmux[0][3][6]$a$2771 [10:0] } = 15'000100000000000
    Consolidated identical input bits for $mux cell $memory$auto$proc_rom.cc:155:do_switch$65$rdmux[0][4][11]$2809:
      Old ports: A=$memory$auto$proc_rom.cc:155:do_switch$65$rdmux[0][4][11]$a$2810, B=$memory$auto$proc_rom.cc:155:do_switch$65$rdmux[0][4][11]$b$2811, Y=$memory$auto$proc_rom.cc:155:do_switch$65$rdmux[0][3][5]$b$2769
      New ports: A={ 1'0 $memory$auto$proc_rom.cc:155:do_switch$65$rdmux[0][4][11]$a$2810 [11:10] }, B={ 1'1 $memory$auto$proc_rom.cc:155:do_switch$65$rdmux[0][4][11]$b$2811 [11:10] }, Y=$memory$auto$proc_rom.cc:155:do_switch$65$rdmux[0][3][5]$b$2769 [12:10]
      New connections: { $memory$auto$proc_rom.cc:155:do_switch$65$rdmux[0][3][5]$b$2769 [17:13] $memory$auto$proc_rom.cc:155:do_switch$65$rdmux[0][3][5]$b$2769 [9:0] } = 15'000010000000000
    Consolidated identical input bits for $mux cell $memory$auto$proc_rom.cc:155:do_switch$65$rdmux[0][4][10]$2806:
      Old ports: A=$memory$auto$proc_rom.cc:155:do_switch$65$rdmux[0][4][10]$a$2807, B=$memory$auto$proc_rom.cc:155:do_switch$65$rdmux[0][4][10]$b$2808, Y=$memory$auto$proc_rom.cc:155:do_switch$65$rdmux[0][3][5]$a$2768
      New ports: A={ 1'0 $memory$auto$proc_rom.cc:155:do_switch$65$rdmux[0][4][10]$a$2807 [10:9] }, B={ 1'1 $memory$auto$proc_rom.cc:155:do_switch$65$rdmux[0][4][10]$b$2808 [10:9] }, Y=$memory$auto$proc_rom.cc:155:do_switch$65$rdmux[0][3][5]$a$2768 [11:9]
      New connections: { $memory$auto$proc_rom.cc:155:do_switch$65$rdmux[0][3][5]$a$2768 [17:12] $memory$auto$proc_rom.cc:155:do_switch$65$rdmux[0][3][5]$a$2768 [8:0] } = 15'000001000000000
    Consolidated identical input bits for $mux cell $memory$auto$proc_rom.cc:155:do_switch$65$rdmux[0][4][9]$2803:
      Old ports: A=$memory$auto$proc_rom.cc:155:do_switch$65$rdmux[0][4][9]$a$2804, B=$memory$auto$proc_rom.cc:155:do_switch$65$rdmux[0][4][9]$b$2805, Y=$memory$auto$proc_rom.cc:155:do_switch$65$rdmux[0][3][4]$b$2766
      New ports: A={ 1'0 $memory$auto$proc_rom.cc:155:do_switch$65$rdmux[0][4][9]$a$2804 [9:8] }, B={ 1'1 $memory$auto$proc_rom.cc:155:do_switch$65$rdmux[0][4][9]$b$2805 [9:8] }, Y=$memory$auto$proc_rom.cc:155:do_switch$65$rdmux[0][3][4]$b$2766 [10:8]
      New connections: { $memory$auto$proc_rom.cc:155:do_switch$65$rdmux[0][3][4]$b$2766 [17:11] $memory$auto$proc_rom.cc:155:do_switch$65$rdmux[0][3][4]$b$2766 [7:0] } = 15'000000100000000
    Consolidated identical input bits for $mux cell $memory$auto$proc_rom.cc:155:do_switch$65$rdmux[0][4][8]$2800:
      Old ports: A=$memory$auto$proc_rom.cc:155:do_switch$65$rdmux[0][4][8]$a$2801, B=$memory$auto$proc_rom.cc:155:do_switch$65$rdmux[0][4][8]$b$2802, Y=$memory$auto$proc_rom.cc:155:do_switch$65$rdmux[0][3][4]$a$2765
      New ports: A={ 1'0 $memory$auto$proc_rom.cc:155:do_switch$65$rdmux[0][4][8]$a$2801 [8:7] }, B={ 1'1 $memory$auto$proc_rom.cc:155:do_switch$65$rdmux[0][4][8]$b$2802 [8:7] }, Y=$memory$auto$proc_rom.cc:155:do_switch$65$rdmux[0][3][4]$a$2765 [9:7]
      New connections: { $memory$auto$proc_rom.cc:155:do_switch$65$rdmux[0][3][4]$a$2765 [17:10] $memory$auto$proc_rom.cc:155:do_switch$65$rdmux[0][3][4]$a$2765 [6:0] } = 15'000000010000000
    Consolidated identical input bits for $mux cell $memory$auto$proc_rom.cc:155:do_switch$65$rdmux[0][4][7]$2797:
      Old ports: A=$memory$auto$proc_rom.cc:155:do_switch$65$rdmux[0][4][7]$a$2798, B=$memory$auto$proc_rom.cc:155:do_switch$65$rdmux[0][4][7]$b$2799, Y=$memory$auto$proc_rom.cc:155:do_switch$65$rdmux[0][3][3]$b$2763
      New ports: A={ 1'0 $memory$auto$proc_rom.cc:155:do_switch$65$rdmux[0][4][7]$a$2798 [7:6] }, B={ 1'1 $memory$auto$proc_rom.cc:155:do_switch$65$rdmux[0][4][7]$b$2799 [7:6] }, Y=$memory$auto$proc_rom.cc:155:do_switch$65$rdmux[0][3][3]$b$2763 [8:6]
      New connections: { $memory$auto$proc_rom.cc:155:do_switch$65$rdmux[0][3][3]$b$2763 [17:9] $memory$auto$proc_rom.cc:155:do_switch$65$rdmux[0][3][3]$b$2763 [5:0] } = 15'000000001000000
    Consolidated identical input bits for $mux cell $memory$auto$proc_rom.cc:155:do_switch$65$rdmux[0][4][6]$2794:
      Old ports: A=$memory$auto$proc_rom.cc:155:do_switch$65$rdmux[0][4][6]$a$2795, B=$memory$auto$proc_rom.cc:155:do_switch$65$rdmux[0][4][6]$b$2796, Y=$memory$auto$proc_rom.cc:155:do_switch$65$rdmux[0][3][3]$a$2762
      New ports: A={ 1'0 $memory$auto$proc_rom.cc:155:do_switch$65$rdmux[0][4][6]$a$2795 [6:5] }, B={ 1'1 $memory$auto$proc_rom.cc:155:do_switch$65$rdmux[0][4][6]$b$2796 [6:5] }, Y=$memory$auto$proc_rom.cc:155:do_switch$65$rdmux[0][3][3]$a$2762 [7:5]
      New connections: { $memory$auto$proc_rom.cc:155:do_switch$65$rdmux[0][3][3]$a$2762 [17:8] $memory$auto$proc_rom.cc:155:do_switch$65$rdmux[0][3][3]$a$2762 [4:0] } = 15'000000000100000
    Consolidated identical input bits for $mux cell $memory$auto$proc_rom.cc:155:do_switch$65$rdmux[0][4][5]$2791:
      Old ports: A=$memory$auto$proc_rom.cc:155:do_switch$65$rdmux[0][4][5]$a$2792, B=$memory$auto$proc_rom.cc:155:do_switch$65$rdmux[0][4][5]$b$2793, Y=$memory$auto$proc_rom.cc:155:do_switch$65$rdmux[0][3][2]$b$2760
      New ports: A={ 1'0 $memory$auto$proc_rom.cc:155:do_switch$65$rdmux[0][4][5]$a$2792 [5:4] }, B={ 1'1 $memory$auto$proc_rom.cc:155:do_switch$65$rdmux[0][4][5]$b$2793 [5:4] }, Y=$memory$auto$proc_rom.cc:155:do_switch$65$rdmux[0][3][2]$b$2760 [6:4]
      New connections: { $memory$auto$proc_rom.cc:155:do_switch$65$rdmux[0][3][2]$b$2760 [17:7] $memory$auto$proc_rom.cc:155:do_switch$65$rdmux[0][3][2]$b$2760 [3:0] } = 15'000000000010000
    Consolidated identical input bits for $mux cell $memory$auto$proc_rom.cc:155:do_switch$65$rdmux[0][4][4]$2788:
      Old ports: A=$memory$auto$proc_rom.cc:155:do_switch$65$rdmux[0][4][4]$a$2789, B=$memory$auto$proc_rom.cc:155:do_switch$65$rdmux[0][4][4]$b$2790, Y=$memory$auto$proc_rom.cc:155:do_switch$65$rdmux[0][3][2]$a$2759
      New ports: A={ 1'0 $memory$auto$proc_rom.cc:155:do_switch$65$rdmux[0][4][4]$a$2789 [4:3] }, B={ 1'1 $memory$auto$proc_rom.cc:155:do_switch$65$rdmux[0][4][4]$b$2790 [4:3] }, Y=$memory$auto$proc_rom.cc:155:do_switch$65$rdmux[0][3][2]$a$2759 [5:3]
      New connections: { $memory$auto$proc_rom.cc:155:do_switch$65$rdmux[0][3][2]$a$2759 [17:6] $memory$auto$proc_rom.cc:155:do_switch$65$rdmux[0][3][2]$a$2759 [2:0] } = 15'000000000001000
    Consolidated identical input bits for $mux cell $memory$auto$proc_rom.cc:155:do_switch$65$rdmux[0][4][3]$2785:
      Old ports: A=$memory$auto$proc_rom.cc:155:do_switch$65$rdmux[0][4][3]$a$2786, B=$memory$auto$proc_rom.cc:155:do_switch$65$rdmux[0][4][3]$b$2787, Y=$memory$auto$proc_rom.cc:155:do_switch$65$rdmux[0][3][1]$b$2757
      New ports: A={ 1'0 $memory$auto$proc_rom.cc:155:do_switch$65$rdmux[0][4][3]$a$2786 [3:2] }, B={ 1'1 $memory$auto$proc_rom.cc:155:do_switch$65$rdmux[0][4][3]$b$2787 [3:2] }, Y=$memory$auto$proc_rom.cc:155:do_switch$65$rdmux[0][3][1]$b$2757 [4:2]
      New connections: { $memory$auto$proc_rom.cc:155:do_switch$65$rdmux[0][3][1]$b$2757 [17:5] $memory$auto$proc_rom.cc:155:do_switch$65$rdmux[0][3][1]$b$2757 [1:0] } = 15'000000000000100
    Consolidated identical input bits for $mux cell $memory$auto$proc_rom.cc:155:do_switch$65$rdmux[0][4][2]$2782:
      Old ports: A=$memory$auto$proc_rom.cc:155:do_switch$65$rdmux[0][4][2]$a$2783, B=$memory$auto$proc_rom.cc:155:do_switch$65$rdmux[0][4][2]$b$2784, Y=$memory$auto$proc_rom.cc:155:do_switch$65$rdmux[0][3][1]$a$2756
      New ports: A={ 1'0 $memory$auto$proc_rom.cc:155:do_switch$65$rdmux[0][4][2]$a$2783 [2:1] }, B={ 1'1 $memory$auto$proc_rom.cc:155:do_switch$65$rdmux[0][4][2]$b$2784 [2:1] }, Y=$memory$auto$proc_rom.cc:155:do_switch$65$rdmux[0][3][1]$a$2756 [3:1]
      New connections: { $memory$auto$proc_rom.cc:155:do_switch$65$rdmux[0][3][1]$a$2756 [17:4] $memory$auto$proc_rom.cc:155:do_switch$65$rdmux[0][3][1]$a$2756 [0] } = 15'000000000000010
    Consolidated identical input bits for $mux cell $memory$auto$proc_rom.cc:155:do_switch$65$rdmux[0][4][1]$2779:
      Old ports: A=$memory$auto$proc_rom.cc:155:do_switch$65$rdmux[0][4][1]$a$2780, B=$memory$auto$proc_rom.cc:155:do_switch$65$rdmux[0][4][1]$b$2781, Y=$memory$auto$proc_rom.cc:155:do_switch$65$rdmux[0][3][0]$b$2754
      New ports: A={ 1'0 $memory$auto$proc_rom.cc:155:do_switch$65$rdmux[0][4][1]$a$2780 [1:0] }, B={ 1'1 $memory$auto$proc_rom.cc:155:do_switch$65$rdmux[0][4][1]$b$2781 [1:0] }, Y=$memory$auto$proc_rom.cc:155:do_switch$65$rdmux[0][3][0]$b$2754 [2:0]
      New connections: $memory$auto$proc_rom.cc:155:do_switch$65$rdmux[0][3][0]$b$2754 [17:3] = 15'000000000000001
    Consolidated identical input bits for $mux cell $memory$auto$proc_rom.cc:155:do_switch$65$rdmux[0][4][0]$2776:
      Old ports: A=$memory$auto$proc_rom.cc:155:do_switch$65$rdmux[0][4][0]$a$2777, B=$memory$auto$proc_rom.cc:155:do_switch$65$rdmux[0][4][0]$b$2778, Y=$memory$auto$proc_rom.cc:155:do_switch$65$rdmux[0][3][0]$a$2753
      New ports: A={ 1'0 $memory$auto$proc_rom.cc:155:do_switch$65$rdmux[0][4][0]$a$2777 [1:0] }, B={ 1'1 $memory$auto$proc_rom.cc:155:do_switch$65$rdmux[0][4][0]$b$2778 [1:0] }, Y=$memory$auto$proc_rom.cc:155:do_switch$65$rdmux[0][3][0]$a$2753 [2:0]
      New connections: $memory$auto$proc_rom.cc:155:do_switch$65$rdmux[0][3][0]$a$2753 [17:3] = 15'000000000000000
  Optimizing cells in module \ex254_semantic_e4acc_fp4prod_prodtable_qcase.
    Consolidated identical input bits for $mux cell $memory$auto$proc_rom.cc:155:do_switch$57$rdmux[0][4][15]$3583:
      Old ports: A=$memory$auto$proc_rom.cc:155:do_switch$57$rdmux[0][4][15]$a$3584, B=$memory$auto$proc_rom.cc:155:do_switch$57$rdmux[0][4][15]$b$3585, Y=$memory$auto$proc_rom.cc:155:do_switch$57$rdmux[0][3][7]$b$3537
      New ports: A=$memory$auto$proc_rom.cc:155:do_switch$57$rdmux[0][4][15]$a$3584 [8:2], B={ 1'0 $memory$auto$proc_rom.cc:155:do_switch$57$rdmux[0][4][15]$b$3585 [7:2] }, Y=$memory$auto$proc_rom.cc:155:do_switch$57$rdmux[0][3][7]$b$3537 [8:2]
      New connections: { $memory$auto$proc_rom.cc:155:do_switch$57$rdmux[0][3][7]$b$3537 [9] $memory$auto$proc_rom.cc:155:do_switch$57$rdmux[0][3][7]$b$3537 [1:0] } = { $memory$auto$proc_rom.cc:155:do_switch$57$rdmux[0][3][7]$b$3537 [8] 2'00 }
    Consolidated identical input bits for $mux cell $memory$auto$proc_rom.cc:155:do_switch$57$rdmux[0][4][14]$3580:
      Old ports: A=$memory$auto$proc_rom.cc:155:do_switch$57$rdmux[0][4][14]$a$3581, B=$memory$auto$proc_rom.cc:155:do_switch$57$rdmux[0][4][14]$b$3582, Y=$memory$auto$proc_rom.cc:155:do_switch$57$rdmux[0][3][7]$a$3536
      New ports: A=$memory$auto$proc_rom.cc:155:do_switch$57$rdmux[0][4][14]$a$3581 [7:3], B={ 1'0 $memory$auto$proc_rom.cc:155:do_switch$57$rdmux[0][4][14]$b$3582 [6:3] }, Y=$memory$auto$proc_rom.cc:155:do_switch$57$rdmux[0][3][7]$a$3536 [7:3]
      New connections: { $memory$auto$proc_rom.cc:155:do_switch$57$rdmux[0][3][7]$a$3536 [9:8] $memory$auto$proc_rom.cc:155:do_switch$57$rdmux[0][3][7]$a$3536 [2:0] } = { $memory$auto$proc_rom.cc:155:do_switch$57$rdmux[0][3][7]$a$3536 [7] $memory$auto$proc_rom.cc:155:do_switch$57$rdmux[0][3][7]$a$3536 [7] 3'000 }
    Consolidated identical input bits for $mux cell $memory$auto$proc_rom.cc:155:do_switch$57$rdmux[0][4][13]$3577:
      Old ports: A=$memory$auto$proc_rom.cc:155:do_switch$57$rdmux[0][4][13]$a$3578, B=$memory$auto$proc_rom.cc:155:do_switch$57$rdmux[0][4][13]$b$3579, Y=$memory$auto$proc_rom.cc:155:do_switch$57$rdmux[0][3][6]$b$3534
      New ports: A=$memory$auto$proc_rom.cc:155:do_switch$57$rdmux[0][4][13]$a$3578 [7:1], B={ 1'0 $memory$auto$proc_rom.cc:155:do_switch$57$rdmux[0][4][13]$b$3579 [6:1] }, Y=$memory$auto$proc_rom.cc:155:do_switch$57$rdmux[0][3][6]$b$3534 [7:1]
      New connections: { $memory$auto$proc_rom.cc:155:do_switch$57$rdmux[0][3][6]$b$3534 [9:8] $memory$auto$proc_rom.cc:155:do_switch$57$rdmux[0][3][6]$b$3534 [0] } = { $memory$auto$proc_rom.cc:155:do_switch$57$rdmux[0][3][6]$b$3534 [7] $memory$auto$proc_rom.cc:155:do_switch$57$rdmux[0][3][6]$b$3534 [7] 1'0 }
    Consolidated identical input bits for $mux cell $memory$auto$proc_rom.cc:155:do_switch$57$rdmux[0][4][12]$3574:
      Old ports: A=$memory$auto$proc_rom.cc:155:do_switch$57$rdmux[0][4][12]$a$3575, B=$memory$auto$proc_rom.cc:155:do_switch$57$rdmux[0][4][12]$b$3576, Y=$memory$auto$proc_rom.cc:155:do_switch$57$rdmux[0][3][6]$a$3533
      New ports: A=$memory$auto$proc_rom.cc:155:do_switch$57$rdmux[0][4][12]$a$3575 [6:2], B={ 1'0 $memory$auto$proc_rom.cc:155:do_switch$57$rdmux[0][4][12]$b$3576 [5:2] }, Y=$memory$auto$proc_rom.cc:155:do_switch$57$rdmux[0][3][6]$a$3533 [6:2]
      New connections: { $memory$auto$proc_rom.cc:155:do_switch$57$rdmux[0][3][6]$a$3533 [9:7] $memory$auto$proc_rom.cc:155:do_switch$57$rdmux[0][3][6]$a$3533 [1:0] } = { $memory$auto$proc_rom.cc:155:do_switch$57$rdmux[0][3][6]$a$3533 [6] $memory$auto$proc_rom.cc:155:do_switch$57$rdmux[0][3][6]$a$3533 [6] $memory$auto$proc_rom.cc:155:do_switch$57$rdmux[0][3][6]$a$3533 [6] 2'00 }
    Consolidated identical input bits for $mux cell $memory$auto$proc_rom.cc:155:do_switch$57$rdmux[0][4][11]$3571:
      Old ports: A=$memory$auto$proc_rom.cc:155:do_switch$57$rdmux[0][4][11]$a$3572, B=$memory$auto$proc_rom.cc:155:do_switch$57$rdmux[0][4][11]$b$3573, Y=$memory$auto$proc_rom.cc:155:do_switch$57$rdmux[0][3][5]$b$3531
      New ports: A=$memory$auto$proc_rom.cc:155:do_switch$57$rdmux[0][4][11]$a$3572 [6:0], B={ 1'0 $memory$auto$proc_rom.cc:155:do_switch$57$rdmux[0][4][11]$b$3573 [5:0] }, Y=$memory$auto$proc_rom.cc:155:do_switch$57$rdmux[0][3][5]$b$3531 [6:0]
      New connections: $memory$auto$proc_rom.cc:155:do_switch$57$rdmux[0][3][5]$b$3531 [9:7] = { $memory$auto$proc_rom.cc:155:do_switch$57$rdmux[0][3][5]$b$3531 [6] $memory$auto$proc_rom.cc:155:do_switch$57$rdmux[0][3][5]$b$3531 [6] $memory$auto$proc_rom.cc:155:do_switch$57$rdmux[0][3][5]$b$3531 [6] }
    Consolidated identical input bits for $mux cell $memory$auto$proc_rom.cc:155:do_switch$57$rdmux[0][4][10]$3568:
      Old ports: A=$memory$auto$proc_rom.cc:155:do_switch$57$rdmux[0][4][10]$a$3569, B=$memory$auto$proc_rom.cc:155:do_switch$57$rdmux[0][4][10]$b$3570, Y=$memory$auto$proc_rom.cc:155:do_switch$57$rdmux[0][3][5]$a$3530
      New ports: A=$memory$auto$proc_rom.cc:155:do_switch$57$rdmux[0][4][10]$a$3569 [5:1], B={ 1'0 $memory$auto$proc_rom.cc:155:do_switch$57$rdmux[0][4][10]$b$3570 [4:1] }, Y=$memory$auto$proc_rom.cc:155:do_switch$57$rdmux[0][3][5]$a$3530 [5:1]
      New connections: { $memory$auto$proc_rom.cc:155:do_switch$57$rdmux[0][3][5]$a$3530 [9:6] $memory$auto$proc_rom.cc:155:do_switch$57$rdmux[0][3][5]$a$3530 [0] } = { $memory$auto$proc_rom.cc:155:do_switch$57$rdmux[0][3][5]$a$3530 [5] $memory$auto$proc_rom.cc:155:do_switch$57$rdmux[0][3][5]$a$3530 [5] $memory$auto$proc_rom.cc:155:do_switch$57$rdmux[0][3][5]$a$3530 [5] $memory$auto$proc_rom.cc:155:do_switch$57$rdmux[0][3][5]$a$3530 [5] 1'0 }
    Consolidated identical input bits for $mux cell $memory$auto$proc_rom.cc:155:do_switch$57$rdmux[0][4][9]$3565:
      Old ports: A=$memory$auto$proc_rom.cc:155:do_switch$57$rdmux[0][4][9]$a$3566, B=$memory$auto$proc_rom.cc:155:do_switch$57$rdmux[0][4][9]$b$3567, Y=$memory$auto$proc_rom.cc:155:do_switch$57$rdmux[0][3][4]$b$3528
      New ports: A=$memory$auto$proc_rom.cc:155:do_switch$57$rdmux[0][4][9]$a$3566 [4:0], B={ 1'0 $memory$auto$proc_rom.cc:155:do_switch$57$rdmux[0][4][9]$b$3567 [3:0] }, Y=$memory$auto$proc_rom.cc:155:do_switch$57$rdmux[0][3][4]$b$3528 [4:0]
      New connections: $memory$auto$proc_rom.cc:155:do_switch$57$rdmux[0][3][4]$b$3528 [9:5] = { $memory$auto$proc_rom.cc:155:do_switch$57$rdmux[0][3][4]$b$3528 [4] $memory$auto$proc_rom.cc:155:do_switch$57$rdmux[0][3][4]$b$3528 [4] $memory$auto$proc_rom.cc:155:do_switch$57$rdmux[0][3][4]$b$3528 [4] $memory$auto$proc_rom.cc:155:do_switch$57$rdmux[0][3][4]$b$3528 [4] $memory$auto$proc_rom.cc:155:do_switch$57$rdmux[0][3][4]$b$3528 [4] }
    Consolidated identical input bits for $mux cell $memory$auto$proc_rom.cc:155:do_switch$57$rdmux[0][4][7]$3559:
      Old ports: A=$memory$auto$proc_rom.cc:155:do_switch$57$rdmux[0][4][7]$a$3560, B=$memory$auto$proc_rom.cc:155:do_switch$57$rdmux[0][4][7]$b$3561, Y=$memory$auto$proc_rom.cc:155:do_switch$57$rdmux[0][3][3]$b$3525
      New ports: A={ 1'0 $memory$auto$proc_rom.cc:155:do_switch$57$rdmux[0][4][7]$a$3560 [7:2] }, B=$memory$auto$proc_rom.cc:155:do_switch$57$rdmux[0][4][7]$b$3561 [8:2], Y=$memory$auto$proc_rom.cc:155:do_switch$57$rdmux[0][3][3]$b$3525 [8:2]
      New connections: { $memory$auto$proc_rom.cc:155:do_switch$57$rdmux[0][3][3]$b$3525 [9] $memory$auto$proc_rom.cc:155:do_switch$57$rdmux[0][3][3]$b$3525 [1:0] } = { $memory$auto$proc_rom.cc:155:do_switch$57$rdmux[0][3][3]$b$3525 [8] 2'00 }
    Consolidated identical input bits for $mux cell $memory$auto$proc_rom.cc:155:do_switch$57$rdmux[0][4][6]$3556:
      Old ports: A=$memory$auto$proc_rom.cc:155:do_switch$57$rdmux[0][4][6]$a$3557, B=$memory$auto$proc_rom.cc:155:do_switch$57$rdmux[0][4][6]$b$3558, Y=$memory$auto$proc_rom.cc:155:do_switch$57$rdmux[0][3][3]$a$3524
      New ports: A={ 1'0 $memory$auto$proc_rom.cc:155:do_switch$57$rdmux[0][4][6]$a$3557 [6:3] }, B=$memory$auto$proc_rom.cc:155:do_switch$57$rdmux[0][4][6]$b$3558 [7:3], Y=$memory$auto$proc_rom.cc:155:do_switch$57$rdmux[0][3][3]$a$3524 [7:3]
      New connections: { $memory$auto$proc_rom.cc:155:do_switch$57$rdmux[0][3][3]$a$3524 [9:8] $memory$auto$proc_rom.cc:155:do_switch$57$rdmux[0][3][3]$a$3524 [2:0] } = { $memory$auto$proc_rom.cc:155:do_switch$57$rdmux[0][3][3]$a$3524 [7] $memory$auto$proc_rom.cc:155:do_switch$57$rdmux[0][3][3]$a$3524 [7] 3'000 }
    Consolidated identical input bits for $mux cell $memory$auto$proc_rom.cc:155:do_switch$57$rdmux[0][4][5]$3553:
      Old ports: A=$memory$auto$proc_rom.cc:155:do_switch$57$rdmux[0][4][5]$a$3554, B=$memory$auto$proc_rom.cc:155:do_switch$57$rdmux[0][4][5]$b$3555, Y=$memory$auto$proc_rom.cc:155:do_switch$57$rdmux[0][3][2]$b$3522
      New ports: A={ 1'0 $memory$auto$proc_rom.cc:155:do_switch$57$rdmux[0][4][5]$a$3554 [6:1] }, B=$memory$auto$proc_rom.cc:155:do_switch$57$rdmux[0][4][5]$b$3555 [7:1], Y=$memory$auto$proc_rom.cc:155:do_switch$57$rdmux[0][3][2]$b$3522 [7:1]
      New connections: { $memory$auto$proc_rom.cc:155:do_switch$57$rdmux[0][3][2]$b$3522 [9:8] $memory$auto$proc_rom.cc:155:do_switch$57$rdmux[0][3][2]$b$3522 [0] } = { $memory$auto$proc_rom.cc:155:do_switch$57$rdmux[0][3][2]$b$3522 [7] $memory$auto$proc_rom.cc:155:do_switch$57$rdmux[0][3][2]$b$3522 [7] 1'0 }
    Consolidated identical input bits for $mux cell $memory$auto$proc_rom.cc:155:do_switch$57$rdmux[0][4][4]$3550:
      Old ports: A=$memory$auto$proc_rom.cc:155:do_switch$57$rdmux[0][4][4]$a$3551, B=$memory$auto$proc_rom.cc:155:do_switch$57$rdmux[0][4][4]$b$3552, Y=$memory$auto$proc_rom.cc:155:do_switch$57$rdmux[0][3][2]$a$3521
      New ports: A={ 1'0 $memory$auto$proc_rom.cc:155:do_switch$57$rdmux[0][4][4]$a$3551 [5:2] }, B=$memory$auto$proc_rom.cc:155:do_switch$57$rdmux[0][4][4]$b$3552 [6:2], Y=$memory$auto$proc_rom.cc:155:do_switch$57$rdmux[0][3][2]$a$3521 [6:2]
      New connections: { $memory$auto$proc_rom.cc:155:do_switch$57$rdmux[0][3][2]$a$3521 [9:7] $memory$auto$proc_rom.cc:155:do_switch$57$rdmux[0][3][2]$a$3521 [1:0] } = { $memory$auto$proc_rom.cc:155:do_switch$57$rdmux[0][3][2]$a$3521 [6] $memory$auto$proc_rom.cc:155:do_switch$57$rdmux[0][3][2]$a$3521 [6] $memory$auto$proc_rom.cc:155:do_switch$57$rdmux[0][3][2]$a$3521 [6] 2'00 }
    Consolidated identical input bits for $mux cell $memory$auto$proc_rom.cc:155:do_switch$57$rdmux[0][4][3]$3547:
      Old ports: A=$memory$auto$proc_rom.cc:155:do_switch$57$rdmux[0][4][3]$a$3548, B=$memory$auto$proc_rom.cc:155:do_switch$57$rdmux[0][4][3]$b$3549, Y=$memory$auto$proc_rom.cc:155:do_switch$57$rdmux[0][3][1]$b$3519
      New ports: A={ 1'0 $memory$auto$proc_rom.cc:155:do_switch$57$rdmux[0][4][3]$a$3548 [5:0] }, B=$memory$auto$proc_rom.cc:155:do_switch$57$rdmux[0][4][3]$b$3549 [6:0], Y=$memory$auto$proc_rom.cc:155:do_switch$57$rdmux[0][3][1]$b$3519 [6:0]
      New connections: $memory$auto$proc_rom.cc:155:do_switch$57$rdmux[0][3][1]$b$3519 [9:7] = { $memory$auto$proc_rom.cc:155:do_switch$57$rdmux[0][3][1]$b$3519 [6] $memory$auto$proc_rom.cc:155:do_switch$57$rdmux[0][3][1]$b$3519 [6] $memory$auto$proc_rom.cc:155:do_switch$57$rdmux[0][3][1]$b$3519 [6] }
    Consolidated identical input bits for $mux cell $memory$auto$proc_rom.cc:155:do_switch$57$rdmux[0][4][2]$3544:
      Old ports: A=$memory$auto$proc_rom.cc:155:do_switch$57$rdmux[0][4][2]$a$3545, B=$memory$auto$proc_rom.cc:155:do_switch$57$rdmux[0][4][2]$b$3546, Y=$memory$auto$proc_rom.cc:155:do_switch$57$rdmux[0][3][1]$a$3518
      New ports: A={ 1'0 $memory$auto$proc_rom.cc:155:do_switch$57$rdmux[0][4][2]$a$3545 [4:1] }, B=$memory$auto$proc_rom.cc:155:do_switch$57$rdmux[0][4][2]$b$3546 [5:1], Y=$memory$auto$proc_rom.cc:155:do_switch$57$rdmux[0][3][1]$a$3518 [5:1]
      New connections: { $memory$auto$proc_rom.cc:155:do_switch$57$rdmux[0][3][1]$a$3518 [9:6] $memory$auto$proc_rom.cc:155:do_switch$57$rdmux[0][3][1]$a$3518 [0] } = { $memory$auto$proc_rom.cc:155:do_switch$57$rdmux[0][3][1]$a$3518 [5] $memory$auto$proc_rom.cc:155:do_switch$57$rdmux[0][3][1]$a$3518 [5] $memory$auto$proc_rom.cc:155:do_switch$57$rdmux[0][3][1]$a$3518 [5] $memory$auto$proc_rom.cc:155:do_switch$57$rdmux[0][3][1]$a$3518 [5] 1'0 }
    Consolidated identical input bits for $mux cell $memory$auto$proc_rom.cc:155:do_switch$57$rdmux[0][4][1]$3541:
      Old ports: A=$memory$auto$proc_rom.cc:155:do_switch$57$rdmux[0][4][1]$a$3542, B=$memory$auto$proc_rom.cc:155:do_switch$57$rdmux[0][4][1]$b$3543, Y=$memory$auto$proc_rom.cc:155:do_switch$57$rdmux[0][3][0]$b$3516
      New ports: A={ 1'0 $memory$auto$proc_rom.cc:155:do_switch$57$rdmux[0][4][1]$a$3542 [3:0] }, B=$memory$auto$proc_rom.cc:155:do_switch$57$rdmux[0][4][1]$b$3543 [4:0], Y=$memory$auto$proc_rom.cc:155:do_switch$57$rdmux[0][3][0]$b$3516 [4:0]
      New connections: $memory$auto$proc_rom.cc:155:do_switch$57$rdmux[0][3][0]$b$3516 [9:5] = { $memory$auto$proc_rom.cc:155:do_switch$57$rdmux[0][3][0]$b$3516 [4] $memory$auto$proc_rom.cc:155:do_switch$57$rdmux[0][3][0]$b$3516 [4] $memory$auto$proc_rom.cc:155:do_switch$57$rdmux[0][3][0]$b$3516 [4] $memory$auto$proc_rom.cc:155:do_switch$57$rdmux[0][3][0]$b$3516 [4] $memory$auto$proc_rom.cc:155:do_switch$57$rdmux[0][3][0]$b$3516 [4] }
    Consolidated identical input bits for $mux cell $memory$auto$proc_rom.cc:155:do_switch$61$rdmux[0][3][7]$3154:
      Old ports: A=$memory$auto$proc_rom.cc:155:do_switch$61$rdmux[0][3][7]$a$3155, B=$memory$auto$proc_rom.cc:155:do_switch$61$rdmux[0][3][7]$b$3156, Y=$memory$auto$proc_rom.cc:155:do_switch$61$rdmux[0][2][3]$b$3132
      New ports: A={ 2'01 $memory$auto$proc_rom.cc:155:do_switch$61$rdmux[0][3][7]$a$3155 [15:13] }, B={ $memory$auto$proc_rom.cc:155:do_switch$61$rdmux[0][3][7]$b$3156 [17:14] 1'0 }, Y=$memory$auto$proc_rom.cc:155:do_switch$61$rdmux[0][2][3]$b$3132 [17:13]
      New connections: $memory$auto$proc_rom.cc:155:do_switch$61$rdmux[0][2][3]$b$3132 [12:0] = 13'0000000000000
    Consolidated identical input bits for $mux cell $memory$auto$proc_rom.cc:155:do_switch$61$rdmux[0][3][6]$3151:
      Old ports: A=$memory$auto$proc_rom.cc:155:do_switch$61$rdmux[0][3][6]$a$3152, B=$memory$auto$proc_rom.cc:155:do_switch$61$rdmux[0][3][6]$b$3153, Y=$memory$auto$proc_rom.cc:155:do_switch$61$rdmux[0][2][3]$a$3131
      New ports: A={ 2'01 $memory$auto$proc_rom.cc:155:do_switch$61$rdmux[0][3][6]$a$3152 [13:11] }, B={ 1'1 $memory$auto$proc_rom.cc:155:do_switch$61$rdmux[0][3][6]$b$3153 [14:12] 1'0 }, Y=$memory$auto$proc_rom.cc:155:do_switch$61$rdmux[0][2][3]$a$3131 [15:11]
      New connections: { $memory$auto$proc_rom.cc:155:do_switch$61$rdmux[0][2][3]$a$3131 [17:16] $memory$auto$proc_rom.cc:155:do_switch$61$rdmux[0][2][3]$a$3131 [10:0] } = 13'0000000000000
    Consolidated identical input bits for $mux cell $memory$auto$proc_rom.cc:155:do_switch$61$rdmux[0][3][5]$3148:
      Old ports: A=$memory$auto$proc_rom.cc:155:do_switch$61$rdmux[0][3][5]$a$3149, B=$memory$auto$proc_rom.cc:155:do_switch$61$rdmux[0][3][5]$b$3150, Y=$memory$auto$proc_rom.cc:155:do_switch$61$rdmux[0][2][2]$b$3129
      New ports: A={ 2'01 $memory$auto$proc_rom.cc:155:do_switch$61$rdmux[0][3][5]$a$3149 [11:9] }, B={ 1'1 $memory$auto$proc_rom.cc:155:do_switch$61$rdmux[0][3][5]$b$3150 [12:10] 1'0 }, Y=$memory$auto$proc_rom.cc:155:do_switch$61$rdmux[0][2][2]$b$3129 [13:9]
      New connections: { $memory$auto$proc_rom.cc:155:do_switch$61$rdmux[0][2][2]$b$3129 [17:14] $memory$auto$proc_rom.cc:155:do_switch$61$rdmux[0][2][2]$b$3129 [8:0] } = 13'0000000000000
    Consolidated identical input bits for $mux cell $memory$auto$proc_rom.cc:155:do_switch$61$rdmux[0][3][4]$3145:
      Old ports: A=$memory$auto$proc_rom.cc:155:do_switch$61$rdmux[0][3][4]$a$3146, B=$memory$auto$proc_rom.cc:155:do_switch$61$rdmux[0][3][4]$b$3147, Y=$memory$auto$proc_rom.cc:155:do_switch$61$rdmux[0][2][2]$a$3128
      New ports: A={ 2'01 $memory$auto$proc_rom.cc:155:do_switch$61$rdmux[0][3][4]$a$3146 [9:7] }, B={ 1'1 $memory$auto$proc_rom.cc:155:do_switch$61$rdmux[0][3][4]$b$3147 [10:8] 1'0 }, Y=$memory$auto$proc_rom.cc:155:do_switch$61$rdmux[0][2][2]$a$3128 [11:7]
      New connections: { $memory$auto$proc_rom.cc:155:do_switch$61$rdmux[0][2][2]$a$3128 [17:12] $memory$auto$proc_rom.cc:155:do_switch$61$rdmux[0][2][2]$a$3128 [6:0] } = 13'0000000000000
    Consolidated identical input bits for $mux cell $memory$auto$proc_rom.cc:155:do_switch$61$rdmux[0][3][3]$3142:
      Old ports: A=$memory$auto$proc_rom.cc:155:do_switch$61$rdmux[0][3][3]$a$3143, B=$memory$auto$proc_rom.cc:155:do_switch$61$rdmux[0][3][3]$b$3144, Y=$memory$auto$proc_rom.cc:155:do_switch$61$rdmux[0][2][1]$b$3126
      New ports: A={ 2'01 $memory$auto$proc_rom.cc:155:do_switch$61$rdmux[0][3][3]$a$3143 [7:5] }, B={ 1'1 $memory$auto$proc_rom.cc:155:do_switch$61$rdmux[0][3][3]$b$3144 [8:6] 1'0 }, Y=$memory$auto$proc_rom.cc:155:do_switch$61$rdmux[0][2][1]$b$3126 [9:5]
      New connections: { $memory$auto$proc_rom.cc:155:do_switch$61$rdmux[0][2][1]$b$3126 [17:10] $memory$auto$proc_rom.cc:155:do_switch$61$rdmux[0][2][1]$b$3126 [4:0] } = 13'0000000000000
    Consolidated identical input bits for $mux cell $memory$auto$proc_rom.cc:155:do_switch$61$rdmux[0][3][2]$3139:
      Old ports: A=$memory$auto$proc_rom.cc:155:do_switch$61$rdmux[0][3][2]$a$3140, B=$memory$auto$proc_rom.cc:155:do_switch$61$rdmux[0][3][2]$b$3141, Y=$memory$auto$proc_rom.cc:155:do_switch$61$rdmux[0][2][1]$a$3125
      New ports: A={ 2'01 $memory$auto$proc_rom.cc:155:do_switch$61$rdmux[0][3][2]$a$3140 [5:3] }, B={ 1'1 $memory$auto$proc_rom.cc:155:do_switch$61$rdmux[0][3][2]$b$3141 [6:4] 1'0 }, Y=$memory$auto$proc_rom.cc:155:do_switch$61$rdmux[0][2][1]$a$3125 [7:3]
      New connections: { $memory$auto$proc_rom.cc:155:do_switch$61$rdmux[0][2][1]$a$3125 [17:8] $memory$auto$proc_rom.cc:155:do_switch$61$rdmux[0][2][1]$a$3125 [2:0] } = 13'0000000000000
    Consolidated identical input bits for $mux cell $memory$auto$proc_rom.cc:155:do_switch$61$rdmux[0][3][1]$3136:
      Old ports: A=$memory$auto$proc_rom.cc:155:do_switch$61$rdmux[0][3][1]$a$3137, B=$memory$auto$proc_rom.cc:155:do_switch$61$rdmux[0][3][1]$b$3138, Y=$memory$auto$proc_rom.cc:155:do_switch$61$rdmux[0][2][0]$b$3123
      New ports: A={ 2'01 $memory$auto$proc_rom.cc:155:do_switch$61$rdmux[0][3][1]$a$3137 [3:1] }, B={ 1'1 $memory$auto$proc_rom.cc:155:do_switch$61$rdmux[0][3][1]$b$3138 [4:2] 1'0 }, Y=$memory$auto$proc_rom.cc:155:do_switch$61$rdmux[0][2][0]$b$3123 [5:1]
      New connections: { $memory$auto$proc_rom.cc:155:do_switch$61$rdmux[0][2][0]$b$3123 [17:6] $memory$auto$proc_rom.cc:155:do_switch$61$rdmux[0][2][0]$b$3123 [0] } = 13'0000000000000
    Consolidated identical input bits for $mux cell $memory$auto$proc_rom.cc:155:do_switch$61$rdmux[0][3][0]$3133:
      Old ports: A=$memory$auto$proc_rom.cc:155:do_switch$61$rdmux[0][3][0]$a$3134, B=$memory$auto$proc_rom.cc:155:do_switch$61$rdmux[0][3][0]$b$3135, Y=$memory$auto$proc_rom.cc:155:do_switch$61$rdmux[0][2][0]$a$3122
      New ports: A={ 1'0 $memory$auto$proc_rom.cc:155:do_switch$61$rdmux[0][3][0]$a$3134 [2:0] }, B={ 1'1 $memory$auto$proc_rom.cc:155:do_switch$61$rdmux[0][3][0]$b$3135 [2:0] }, Y=$memory$auto$proc_rom.cc:155:do_switch$61$rdmux[0][2][0]$a$3122 [3:0]
      New connections: $memory$auto$proc_rom.cc:155:do_switch$61$rdmux[0][2][0]$a$3122 [17:4] = 14'00000000000000
    Consolidated identical input bits for $mux cell $memory$auto$proc_rom.cc:155:do_switch$65$rdmux[0][3][7]$2773:
      Old ports: A=$memory$auto$proc_rom.cc:155:do_switch$65$rdmux[0][3][7]$a$2774, B=$memory$auto$proc_rom.cc:155:do_switch$65$rdmux[0][3][7]$b$2775, Y=$memory$auto$proc_rom.cc:155:do_switch$65$rdmux[0][2][3]$b$2751
      New ports: A={ 2'01 $memory$auto$proc_rom.cc:155:do_switch$65$rdmux[0][3][7]$a$2774 [15:13] }, B={ $memory$auto$proc_rom.cc:155:do_switch$65$rdmux[0][3][7]$b$2775 [17:14] 1'0 }, Y=$memory$auto$proc_rom.cc:155:do_switch$65$rdmux[0][2][3]$b$2751 [17:13]
      New connections: $memory$auto$proc_rom.cc:155:do_switch$65$rdmux[0][2][3]$b$2751 [12:0] = 13'0000000000000
    Consolidated identical input bits for $mux cell $memory$auto$proc_rom.cc:155:do_switch$65$rdmux[0][3][6]$2770:
      Old ports: A=$memory$auto$proc_rom.cc:155:do_switch$65$rdmux[0][3][6]$a$2771, B=$memory$auto$proc_rom.cc:155:do_switch$65$rdmux[0][3][6]$b$2772, Y=$memory$auto$proc_rom.cc:155:do_switch$65$rdmux[0][2][3]$a$2750
      New ports: A={ 2'01 $memory$auto$proc_rom.cc:155:do_switch$65$rdmux[0][3][6]$a$2771 [13:11] }, B={ 1'1 $memory$auto$proc_rom.cc:155:do_switch$65$rdmux[0][3][6]$b$2772 [14:12] 1'0 }, Y=$memory$auto$proc_rom.cc:155:do_switch$65$rdmux[0][2][3]$a$2750 [15:11]
      New connections: { $memory$auto$proc_rom.cc:155:do_switch$65$rdmux[0][2][3]$a$2750 [17:16] $memory$auto$proc_rom.cc:155:do_switch$65$rdmux[0][2][3]$a$2750 [10:0] } = 13'0000000000000
    Consolidated identical input bits for $mux cell $memory$auto$proc_rom.cc:155:do_switch$65$rdmux[0][3][5]$2767:
      Old ports: A=$memory$auto$proc_rom.cc:155:do_switch$65$rdmux[0][3][5]$a$2768, B=$memory$auto$proc_rom.cc:155:do_switch$65$rdmux[0][3][5]$b$2769, Y=$memory$auto$proc_rom.cc:155:do_switch$65$rdmux[0][2][2]$b$2748
      New ports: A={ 2'01 $memory$auto$proc_rom.cc:155:do_switch$65$rdmux[0][3][5]$a$2768 [11:9] }, B={ 1'1 $memory$auto$proc_rom.cc:155:do_switch$65$rdmux[0][3][5]$b$2769 [12:10] 1'0 }, Y=$memory$auto$proc_rom.cc:155:do_switch$65$rdmux[0][2][2]$b$2748 [13:9]
      New connections: { $memory$auto$proc_rom.cc:155:do_switch$65$rdmux[0][2][2]$b$2748 [17:14] $memory$auto$proc_rom.cc:155:do_switch$65$rdmux[0][2][2]$b$2748 [8:0] } = 13'0000000000000
    Consolidated identical input bits for $mux cell $memory$auto$proc_rom.cc:155:do_switch$65$rdmux[0][3][4]$2764:
      Old ports: A=$memory$auto$proc_rom.cc:155:do_switch$65$rdmux[0][3][4]$a$2765, B=$memory$auto$proc_rom.cc:155:do_switch$65$rdmux[0][3][4]$b$2766, Y=$memory$auto$proc_rom.cc:155:do_switch$65$rdmux[0][2][2]$a$2747
      New ports: A={ 2'01 $memory$auto$proc_rom.cc:155:do_switch$65$rdmux[0][3][4]$a$2765 [9:7] }, B={ 1'1 $memory$auto$proc_rom.cc:155:do_switch$65$rdmux[0][3][4]$b$2766 [10:8] 1'0 }, Y=$memory$auto$proc_rom.cc:155:do_switch$65$rdmux[0][2][2]$a$2747 [11:7]
      New connections: { $memory$auto$proc_rom.cc:155:do_switch$65$rdmux[0][2][2]$a$2747 [17:12] $memory$auto$proc_rom.cc:155:do_switch$65$rdmux[0][2][2]$a$2747 [6:0] } = 13'0000000000000
    Consolidated identical input bits for $mux cell $memory$auto$proc_rom.cc:155:do_switch$65$rdmux[0][3][3]$2761:
      Old ports: A=$memory$auto$proc_rom.cc:155:do_switch$65$rdmux[0][3][3]$a$2762, B=$memory$auto$proc_rom.cc:155:do_switch$65$rdmux[0][3][3]$b$2763, Y=$memory$auto$proc_rom.cc:155:do_switch$65$rdmux[0][2][1]$b$2745
      New ports: A={ 2'01 $memory$auto$proc_rom.cc:155:do_switch$65$rdmux[0][3][3]$a$2762 [7:5] }, B={ 1'1 $memory$auto$proc_rom.cc:155:do_switch$65$rdmux[0][3][3]$b$2763 [8:6] 1'0 }, Y=$memory$auto$proc_rom.cc:155:do_switch$65$rdmux[0][2][1]$b$2745 [9:5]
      New connections: { $memory$auto$proc_rom.cc:155:do_switch$65$rdmux[0][2][1]$b$2745 [17:10] $memory$auto$proc_rom.cc:155:do_switch$65$rdmux[0][2][1]$b$2745 [4:0] } = 13'0000000000000
    Consolidated identical input bits for $mux cell $memory$auto$proc_rom.cc:155:do_switch$65$rdmux[0][3][2]$2758:
      Old ports: A=$memory$auto$proc_rom.cc:155:do_switch$65$rdmux[0][3][2]$a$2759, B=$memory$auto$proc_rom.cc:155:do_switch$65$rdmux[0][3][2]$b$2760, Y=$memory$auto$proc_rom.cc:155:do_switch$65$rdmux[0][2][1]$a$2744
      New ports: A={ 2'01 $memory$auto$proc_rom.cc:155:do_switch$65$rdmux[0][3][2]$a$2759 [5:3] }, B={ 1'1 $memory$auto$proc_rom.cc:155:do_switch$65$rdmux[0][3][2]$b$2760 [6:4] 1'0 }, Y=$memory$auto$proc_rom.cc:155:do_switch$65$rdmux[0][2][1]$a$2744 [7:3]
      New connections: { $memory$auto$proc_rom.cc:155:do_switch$65$rdmux[0][2][1]$a$2744 [17:8] $memory$auto$proc_rom.cc:155:do_switch$65$rdmux[0][2][1]$a$2744 [2:0] } = 13'0000000000000
    Consolidated identical input bits for $mux cell $memory$auto$proc_rom.cc:155:do_switch$65$rdmux[0][3][1]$2755:
      Old ports: A=$memory$auto$proc_rom.cc:155:do_switch$65$rdmux[0][3][1]$a$2756, B=$memory$auto$proc_rom.cc:155:do_switch$65$rdmux[0][3][1]$b$2757, Y=$memory$auto$proc_rom.cc:155:do_switch$65$rdmux[0][2][0]$b$2742
      New ports: A={ 2'01 $memory$auto$proc_rom.cc:155:do_switch$65$rdmux[0][3][1]$a$2756 [3:1] }, B={ 1'1 $memory$auto$proc_rom.cc:155:do_switch$65$rdmux[0][3][1]$b$2757 [4:2] 1'0 }, Y=$memory$auto$proc_rom.cc:155:do_switch$65$rdmux[0][2][0]$b$2742 [5:1]
      New connections: { $memory$auto$proc_rom.cc:155:do_switch$65$rdmux[0][2][0]$b$2742 [17:6] $memory$auto$proc_rom.cc:155:do_switch$65$rdmux[0][2][0]$b$2742 [0] } = 13'0000000000000
    Consolidated identical input bits for $mux cell $memory$auto$proc_rom.cc:155:do_switch$65$rdmux[0][3][0]$2752:
      Old ports: A=$memory$auto$proc_rom.cc:155:do_switch$65$rdmux[0][3][0]$a$2753, B=$memory$auto$proc_rom.cc:155:do_switch$65$rdmux[0][3][0]$b$2754, Y=$memory$auto$proc_rom.cc:155:do_switch$65$rdmux[0][2][0]$a$2741
      New ports: A={ 1'0 $memory$auto$proc_rom.cc:155:do_switch$65$rdmux[0][3][0]$a$2753 [2:0] }, B={ 1'1 $memory$auto$proc_rom.cc:155:do_switch$65$rdmux[0][3][0]$b$2754 [2:0] }, Y=$memory$auto$proc_rom.cc:155:do_switch$65$rdmux[0][2][0]$a$2741 [3:0]
      New connections: $memory$auto$proc_rom.cc:155:do_switch$65$rdmux[0][2][0]$a$2741 [17:4] = 14'00000000000000
  Optimizing cells in module \ex254_semantic_e4acc_fp4prod_prodtable_qcase.
    Consolidated identical input bits for $mux cell $memory$auto$proc_rom.cc:155:do_switch$57$rdmux[0][3][7]$3535:
      Old ports: A=$memory$auto$proc_rom.cc:155:do_switch$57$rdmux[0][3][7]$a$3536, B=$memory$auto$proc_rom.cc:155:do_switch$57$rdmux[0][3][7]$b$3537, Y=$memory$auto$proc_rom.cc:155:do_switch$57$rdmux[0][2][3]$b$3513
      New ports: A={ $memory$auto$proc_rom.cc:155:do_switch$57$rdmux[0][3][7]$a$3536 [7] $memory$auto$proc_rom.cc:155:do_switch$57$rdmux[0][3][7]$a$3536 [7:3] 1'0 }, B=$memory$auto$proc_rom.cc:155:do_switch$57$rdmux[0][3][7]$b$3537 [8:2], Y=$memory$auto$proc_rom.cc:155:do_switch$57$rdmux[0][2][3]$b$3513 [8:2]
      New connections: { $memory$auto$proc_rom.cc:155:do_switch$57$rdmux[0][2][3]$b$3513 [9] $memory$auto$proc_rom.cc:155:do_switch$57$rdmux[0][2][3]$b$3513 [1:0] } = { $memory$auto$proc_rom.cc:155:do_switch$57$rdmux[0][2][3]$b$3513 [8] 2'00 }
    Consolidated identical input bits for $mux cell $memory$auto$proc_rom.cc:155:do_switch$57$rdmux[0][3][6]$3532:
      Old ports: A=$memory$auto$proc_rom.cc:155:do_switch$57$rdmux[0][3][6]$a$3533, B=$memory$auto$proc_rom.cc:155:do_switch$57$rdmux[0][3][6]$b$3534, Y=$memory$auto$proc_rom.cc:155:do_switch$57$rdmux[0][2][3]$a$3512
      New ports: A={ $memory$auto$proc_rom.cc:155:do_switch$57$rdmux[0][3][6]$a$3533 [6] $memory$auto$proc_rom.cc:155:do_switch$57$rdmux[0][3][6]$a$3533 [6:2] 1'0 }, B=$memory$auto$proc_rom.cc:155:do_switch$57$rdmux[0][3][6]$b$3534 [7:1], Y=$memory$auto$proc_rom.cc:155:do_switch$57$rdmux[0][2][3]$a$3512 [7:1]
      New connections: { $memory$auto$proc_rom.cc:155:do_switch$57$rdmux[0][2][3]$a$3512 [9:8] $memory$auto$proc_rom.cc:155:do_switch$57$rdmux[0][2][3]$a$3512 [0] } = { $memory$auto$proc_rom.cc:155:do_switch$57$rdmux[0][2][3]$a$3512 [7] $memory$auto$proc_rom.cc:155:do_switch$57$rdmux[0][2][3]$a$3512 [7] 1'0 }
    Consolidated identical input bits for $mux cell $memory$auto$proc_rom.cc:155:do_switch$57$rdmux[0][3][5]$3529:
      Old ports: A=$memory$auto$proc_rom.cc:155:do_switch$57$rdmux[0][3][5]$a$3530, B=$memory$auto$proc_rom.cc:155:do_switch$57$rdmux[0][3][5]$b$3531, Y=$memory$auto$proc_rom.cc:155:do_switch$57$rdmux[0][2][2]$b$3510
      New ports: A={ $memory$auto$proc_rom.cc:155:do_switch$57$rdmux[0][3][5]$a$3530 [5] $memory$auto$proc_rom.cc:155:do_switch$57$rdmux[0][3][5]$a$3530 [5:1] 1'0 }, B=$memory$auto$proc_rom.cc:155:do_switch$57$rdmux[0][3][5]$b$3531 [6:0], Y=$memory$auto$proc_rom.cc:155:do_switch$57$rdmux[0][2][2]$b$3510 [6:0]
      New connections: $memory$auto$proc_rom.cc:155:do_switch$57$rdmux[0][2][2]$b$3510 [9:7] = { $memory$auto$proc_rom.cc:155:do_switch$57$rdmux[0][2][2]$b$3510 [6] $memory$auto$proc_rom.cc:155:do_switch$57$rdmux[0][2][2]$b$3510 [6] $memory$auto$proc_rom.cc:155:do_switch$57$rdmux[0][2][2]$b$3510 [6] }
    Consolidated identical input bits for $mux cell $memory$auto$proc_rom.cc:155:do_switch$57$rdmux[0][3][4]$3526:
      Old ports: A=10'0000000000, B=$memory$auto$proc_rom.cc:155:do_switch$57$rdmux[0][3][4]$b$3528, Y=$memory$auto$proc_rom.cc:155:do_switch$57$rdmux[0][2][2]$a$3509
      New ports: A=5'00000, B=$memory$auto$proc_rom.cc:155:do_switch$57$rdmux[0][3][4]$b$3528 [4:0], Y=$memory$auto$proc_rom.cc:155:do_switch$57$rdmux[0][2][2]$a$3509 [4:0]
      New connections: $memory$auto$proc_rom.cc:155:do_switch$57$rdmux[0][2][2]$a$3509 [9:5] = { $memory$auto$proc_rom.cc:155:do_switch$57$rdmux[0][2][2]$a$3509 [4] $memory$auto$proc_rom.cc:155:do_switch$57$rdmux[0][2][2]$a$3509 [4] $memory$auto$proc_rom.cc:155:do_switch$57$rdmux[0][2][2]$a$3509 [4] $memory$auto$proc_rom.cc:155:do_switch$57$rdmux[0][2][2]$a$3509 [4] $memory$auto$proc_rom.cc:155:do_switch$57$rdmux[0][2][2]$a$3509 [4] }
    Consolidated identical input bits for $mux cell $memory$auto$proc_rom.cc:155:do_switch$57$rdmux[0][3][3]$3523:
      Old ports: A=$memory$auto$proc_rom.cc:155:do_switch$57$rdmux[0][3][3]$a$3524, B=$memory$auto$proc_rom.cc:155:do_switch$57$rdmux[0][3][3]$b$3525, Y=$memory$auto$proc_rom.cc:155:do_switch$57$rdmux[0][2][1]$b$3507
      New ports: A={ $memory$auto$proc_rom.cc:155:do_switch$57$rdmux[0][3][3]$a$3524 [7] $memory$auto$proc_rom.cc:155:do_switch$57$rdmux[0][3][3]$a$3524 [7:3] 1'0 }, B=$memory$auto$proc_rom.cc:155:do_switch$57$rdmux[0][3][3]$b$3525 [8:2], Y=$memory$auto$proc_rom.cc:155:do_switch$57$rdmux[0][2][1]$b$3507 [8:2]
      New connections: { $memory$auto$proc_rom.cc:155:do_switch$57$rdmux[0][2][1]$b$3507 [9] $memory$auto$proc_rom.cc:155:do_switch$57$rdmux[0][2][1]$b$3507 [1:0] } = { $memory$auto$proc_rom.cc:155:do_switch$57$rdmux[0][2][1]$b$3507 [8] 2'00 }
    Consolidated identical input bits for $mux cell $memory$auto$proc_rom.cc:155:do_switch$57$rdmux[0][3][2]$3520:
      Old ports: A=$memory$auto$proc_rom.cc:155:do_switch$57$rdmux[0][3][2]$a$3521, B=$memory$auto$proc_rom.cc:155:do_switch$57$rdmux[0][3][2]$b$3522, Y=$memory$auto$proc_rom.cc:155:do_switch$57$rdmux[0][2][1]$a$3506
      New ports: A={ $memory$auto$proc_rom.cc:155:do_switch$57$rdmux[0][3][2]$a$3521 [6] $memory$auto$proc_rom.cc:155:do_switch$57$rdmux[0][3][2]$a$3521 [6:2] 1'0 }, B=$memory$auto$proc_rom.cc:155:do_switch$57$rdmux[0][3][2]$b$3522 [7:1], Y=$memory$auto$proc_rom.cc:155:do_switch$57$rdmux[0][2][1]$a$3506 [7:1]
      New connections: { $memory$auto$proc_rom.cc:155:do_switch$57$rdmux[0][2][1]$a$3506 [9:8] $memory$auto$proc_rom.cc:155:do_switch$57$rdmux[0][2][1]$a$3506 [0] } = { $memory$auto$proc_rom.cc:155:do_switch$57$rdmux[0][2][1]$a$3506 [7] $memory$auto$proc_rom.cc:155:do_switch$57$rdmux[0][2][1]$a$3506 [7] 1'0 }
    Consolidated identical input bits for $mux cell $memory$auto$proc_rom.cc:155:do_switch$57$rdmux[0][3][1]$3517:
      Old ports: A=$memory$auto$proc_rom.cc:155:do_switch$57$rdmux[0][3][1]$a$3518, B=$memory$auto$proc_rom.cc:155:do_switch$57$rdmux[0][3][1]$b$3519, Y=$memory$auto$proc_rom.cc:155:do_switch$57$rdmux[0][2][0]$b$3504
      New ports: A={ $memory$auto$proc_rom.cc:155:do_switch$57$rdmux[0][3][1]$a$3518 [5] $memory$auto$proc_rom.cc:155:do_switch$57$rdmux[0][3][1]$a$3518 [5:1] 1'0 }, B=$memory$auto$proc_rom.cc:155:do_switch$57$rdmux[0][3][1]$b$3519 [6:0], Y=$memory$auto$proc_rom.cc:155:do_switch$57$rdmux[0][2][0]$b$3504 [6:0]
      New connections: $memory$auto$proc_rom.cc:155:do_switch$57$rdmux[0][2][0]$b$3504 [9:7] = { $memory$auto$proc_rom.cc:155:do_switch$57$rdmux[0][2][0]$b$3504 [6] $memory$auto$proc_rom.cc:155:do_switch$57$rdmux[0][2][0]$b$3504 [6] $memory$auto$proc_rom.cc:155:do_switch$57$rdmux[0][2][0]$b$3504 [6] }
    Consolidated identical input bits for $mux cell $memory$auto$proc_rom.cc:155:do_switch$57$rdmux[0][3][0]$3514:
      Old ports: A=10'0000000000, B=$memory$auto$proc_rom.cc:155:do_switch$57$rdmux[0][3][0]$b$3516, Y=$memory$auto$proc_rom.cc:155:do_switch$57$rdmux[0][2][0]$a$3503
      New ports: A=5'00000, B=$memory$auto$proc_rom.cc:155:do_switch$57$rdmux[0][3][0]$b$3516 [4:0], Y=$memory$auto$proc_rom.cc:155:do_switch$57$rdmux[0][2][0]$a$3503 [4:0]
      New connections: $memory$auto$proc_rom.cc:155:do_switch$57$rdmux[0][2][0]$a$3503 [9:5] = { $memory$auto$proc_rom.cc:155:do_switch$57$rdmux[0][2][0]$a$3503 [4] $memory$auto$proc_rom.cc:155:do_switch$57$rdmux[0][2][0]$a$3503 [4] $memory$auto$proc_rom.cc:155:do_switch$57$rdmux[0][2][0]$a$3503 [4] $memory$auto$proc_rom.cc:155:do_switch$57$rdmux[0][2][0]$a$3503 [4] $memory$auto$proc_rom.cc:155:do_switch$57$rdmux[0][2][0]$a$3503 [4] }
    Consolidated identical input bits for $mux cell $memory$auto$proc_rom.cc:155:do_switch$61$rdmux[0][2][3]$3130:
      Old ports: A=$memory$auto$proc_rom.cc:155:do_switch$61$rdmux[0][2][3]$a$3131, B=$memory$auto$proc_rom.cc:155:do_switch$61$rdmux[0][2][3]$b$3132, Y=$memory$auto$proc_rom.cc:155:do_switch$61$rdmux[0][1][1]$b$3120
      New ports: A={ 2'00 $memory$auto$proc_rom.cc:155:do_switch$61$rdmux[0][2][3]$a$3131 [15:11] }, B={ $memory$auto$proc_rom.cc:155:do_switch$61$rdmux[0][2][3]$b$3132 [17:13] 2'00 }, Y=$memory$auto$proc_rom.cc:155:do_switch$61$rdmux[0][1][1]$b$3120 [17:11]
      New connections: $memory$auto$proc_rom.cc:155:do_switch$61$rdmux[0][1][1]$b$3120 [10:0] = 11'00000000000
    Consolidated identical input bits for $mux cell $memory$auto$proc_rom.cc:155:do_switch$61$rdmux[0][2][2]$3127:
      Old ports: A=$memory$auto$proc_rom.cc:155:do_switch$61$rdmux[0][2][2]$a$3128, B=$memory$auto$proc_rom.cc:155:do_switch$61$rdmux[0][2][2]$b$3129, Y=$memory$auto$proc_rom.cc:155:do_switch$61$rdmux[0][1][1]$a$3119
      New ports: A={ 2'00 $memory$auto$proc_rom.cc:155:do_switch$61$rdmux[0][2][2]$a$3128 [11:7] }, B={ $memory$auto$proc_rom.cc:155:do_switch$61$rdmux[0][2][2]$b$3129 [13:9] 2'00 }, Y=$memory$auto$proc_rom.cc:155:do_switch$61$rdmux[0][1][1]$a$3119 [13:7]
      New connections: { $memory$auto$proc_rom.cc:155:do_switch$61$rdmux[0][1][1]$a$3119 [17:14] $memory$auto$proc_rom.cc:155:do_switch$61$rdmux[0][1][1]$a$3119 [6:0] } = 11'00000000000
    Consolidated identical input bits for $mux cell $memory$auto$proc_rom.cc:155:do_switch$61$rdmux[0][2][1]$3124:
      Old ports: A=$memory$auto$proc_rom.cc:155:do_switch$61$rdmux[0][2][1]$a$3125, B=$memory$auto$proc_rom.cc:155:do_switch$61$rdmux[0][2][1]$b$3126, Y=$memory$auto$proc_rom.cc:155:do_switch$61$rdmux[0][1][0]$b$3117
      New ports: A={ 2'00 $memory$auto$proc_rom.cc:155:do_switch$61$rdmux[0][2][1]$a$3125 [7:3] }, B={ $memory$auto$proc_rom.cc:155:do_switch$61$rdmux[0][2][1]$b$3126 [9:5] 2'00 }, Y=$memory$auto$proc_rom.cc:155:do_switch$61$rdmux[0][1][0]$b$3117 [9:3]
      New connections: { $memory$auto$proc_rom.cc:155:do_switch$61$rdmux[0][1][0]$b$3117 [17:10] $memory$auto$proc_rom.cc:155:do_switch$61$rdmux[0][1][0]$b$3117 [2:0] } = 11'00000000000
    Consolidated identical input bits for $mux cell $memory$auto$proc_rom.cc:155:do_switch$61$rdmux[0][2][0]$3121:
      Old ports: A=$memory$auto$proc_rom.cc:155:do_switch$61$rdmux[0][2][0]$a$3122, B=$memory$auto$proc_rom.cc:155:do_switch$61$rdmux[0][2][0]$b$3123, Y=$memory$auto$proc_rom.cc:155:do_switch$61$rdmux[0][1][0]$a$3116
      New ports: A={ 2'00 $memory$auto$proc_rom.cc:155:do_switch$61$rdmux[0][2][0]$a$3122 [3:0] }, B={ $memory$auto$proc_rom.cc:155:do_switch$61$rdmux[0][2][0]$b$3123 [5:1] 1'0 }, Y=$memory$auto$proc_rom.cc:155:do_switch$61$rdmux[0][1][0]$a$3116 [5:0]
      New connections: $memory$auto$proc_rom.cc:155:do_switch$61$rdmux[0][1][0]$a$3116 [17:6] = 12'000000000000
    Consolidated identical input bits for $mux cell $memory$auto$proc_rom.cc:155:do_switch$65$rdmux[0][2][3]$2749:
      Old ports: A=$memory$auto$proc_rom.cc:155:do_switch$65$rdmux[0][2][3]$a$2750, B=$memory$auto$proc_rom.cc:155:do_switch$65$rdmux[0][2][3]$b$2751, Y=$memory$auto$proc_rom.cc:155:do_switch$65$rdmux[0][1][1]$b$2739
      New ports: A={ 2'00 $memory$auto$proc_rom.cc:155:do_switch$65$rdmux[0][2][3]$a$2750 [15:11] }, B={ $memory$auto$proc_rom.cc:155:do_switch$65$rdmux[0][2][3]$b$2751 [17:13] 2'00 }, Y=$memory$auto$proc_rom.cc:155:do_switch$65$rdmux[0][1][1]$b$2739 [17:11]
      New connections: $memory$auto$proc_rom.cc:155:do_switch$65$rdmux[0][1][1]$b$2739 [10:0] = 11'00000000000
    Consolidated identical input bits for $mux cell $memory$auto$proc_rom.cc:155:do_switch$65$rdmux[0][2][2]$2746:
      Old ports: A=$memory$auto$proc_rom.cc:155:do_switch$65$rdmux[0][2][2]$a$2747, B=$memory$auto$proc_rom.cc:155:do_switch$65$rdmux[0][2][2]$b$2748, Y=$memory$auto$proc_rom.cc:155:do_switch$65$rdmux[0][1][1]$a$2738
      New ports: A={ 2'00 $memory$auto$proc_rom.cc:155:do_switch$65$rdmux[0][2][2]$a$2747 [11:7] }, B={ $memory$auto$proc_rom.cc:155:do_switch$65$rdmux[0][2][2]$b$2748 [13:9] 2'00 }, Y=$memory$auto$proc_rom.cc:155:do_switch$65$rdmux[0][1][1]$a$2738 [13:7]
      New connections: { $memory$auto$proc_rom.cc:155:do_switch$65$rdmux[0][1][1]$a$2738 [17:14] $memory$auto$proc_rom.cc:155:do_switch$65$rdmux[0][1][1]$a$2738 [6:0] } = 11'00000000000
    Consolidated identical input bits for $mux cell $memory$auto$proc_rom.cc:155:do_switch$65$rdmux[0][2][1]$2743:
      Old ports: A=$memory$auto$proc_rom.cc:155:do_switch$65$rdmux[0][2][1]$a$2744, B=$memory$auto$proc_rom.cc:155:do_switch$65$rdmux[0][2][1]$b$2745, Y=$memory$auto$proc_rom.cc:155:do_switch$65$rdmux[0][1][0]$b$2736
      New ports: A={ 2'00 $memory$auto$proc_rom.cc:155:do_switch$65$rdmux[0][2][1]$a$2744 [7:3] }, B={ $memory$auto$proc_rom.cc:155:do_switch$65$rdmux[0][2][1]$b$2745 [9:5] 2'00 }, Y=$memory$auto$proc_rom.cc:155:do_switch$65$rdmux[0][1][0]$b$2736 [9:3]
      New connections: { $memory$auto$proc_rom.cc:155:do_switch$65$rdmux[0][1][0]$b$2736 [17:10] $memory$auto$proc_rom.cc:155:do_switch$65$rdmux[0][1][0]$b$2736 [2:0] } = 11'00000000000
    Consolidated identical input bits for $mux cell $memory$auto$proc_rom.cc:155:do_switch$65$rdmux[0][2][0]$2740:
      Old ports: A=$memory$auto$proc_rom.cc:155:do_switch$65$rdmux[0][2][0]$a$2741, B=$memory$auto$proc_rom.cc:155:do_switch$65$rdmux[0][2][0]$b$2742, Y=$memory$auto$proc_rom.cc:155:do_switch$65$rdmux[0][1][0]$a$2735
      New ports: A={ 2'00 $memory$auto$proc_rom.cc:155:do_switch$65$rdmux[0][2][0]$a$2741 [3:0] }, B={ $memory$auto$proc_rom.cc:155:do_switch$65$rdmux[0][2][0]$b$2742 [5:1] 1'0 }, Y=$memory$auto$proc_rom.cc:155:do_switch$65$rdmux[0][1][0]$a$2735 [5:0]
      New connections: $memory$auto$proc_rom.cc:155:do_switch$65$rdmux[0][1][0]$a$2735 [17:6] = 12'000000000000
  Optimizing cells in module \ex254_semantic_e4acc_fp4prod_prodtable_qcase.
    Consolidated identical input bits for $mux cell $memory$auto$proc_rom.cc:155:do_switch$57$rdmux[0][2][3]$3511:
      Old ports: A=$memory$auto$proc_rom.cc:155:do_switch$57$rdmux[0][2][3]$a$3512, B=$memory$auto$proc_rom.cc:155:do_switch$57$rdmux[0][2][3]$b$3513, Y=$memory$auto$proc_rom.cc:155:do_switch$57$rdmux[0][1][1]$b$3501
      New ports: A={ $memory$auto$proc_rom.cc:155:do_switch$57$rdmux[0][2][3]$a$3512 [7] $memory$auto$proc_rom.cc:155:do_switch$57$rdmux[0][2][3]$a$3512 [7:1] }, B={ $memory$auto$proc_rom.cc:155:do_switch$57$rdmux[0][2][3]$b$3513 [8:2] 1'0 }, Y=$memory$auto$proc_rom.cc:155:do_switch$57$rdmux[0][1][1]$b$3501 [8:1]
      New connections: { $memory$auto$proc_rom.cc:155:do_switch$57$rdmux[0][1][1]$b$3501 [9] $memory$auto$proc_rom.cc:155:do_switch$57$rdmux[0][1][1]$b$3501 [0] } = { $memory$auto$proc_rom.cc:155:do_switch$57$rdmux[0][1][1]$b$3501 [8] 1'0 }
    Consolidated identical input bits for $mux cell $memory$auto$proc_rom.cc:155:do_switch$57$rdmux[0][2][2]$3508:
      Old ports: A=$memory$auto$proc_rom.cc:155:do_switch$57$rdmux[0][2][2]$a$3509, B=$memory$auto$proc_rom.cc:155:do_switch$57$rdmux[0][2][2]$b$3510, Y=$memory$auto$proc_rom.cc:155:do_switch$57$rdmux[0][1][1]$a$3500
      New ports: A={ $memory$auto$proc_rom.cc:155:do_switch$57$rdmux[0][2][2]$a$3509 [4] $memory$auto$proc_rom.cc:155:do_switch$57$rdmux[0][2][2]$a$3509 [4] $memory$auto$proc_rom.cc:155:do_switch$57$rdmux[0][2][2]$a$3509 [4:0] }, B=$memory$auto$proc_rom.cc:155:do_switch$57$rdmux[0][2][2]$b$3510 [6:0], Y=$memory$auto$proc_rom.cc:155:do_switch$57$rdmux[0][1][1]$a$3500 [6:0]
      New connections: $memory$auto$proc_rom.cc:155:do_switch$57$rdmux[0][1][1]$a$3500 [9:7] = { $memory$auto$proc_rom.cc:155:do_switch$57$rdmux[0][1][1]$a$3500 [6] $memory$auto$proc_rom.cc:155:do_switch$57$rdmux[0][1][1]$a$3500 [6] $memory$auto$proc_rom.cc:155:do_switch$57$rdmux[0][1][1]$a$3500 [6] }
    Consolidated identical input bits for $mux cell $memory$auto$proc_rom.cc:155:do_switch$57$rdmux[0][2][1]$3505:
      Old ports: A=$memory$auto$proc_rom.cc:155:do_switch$57$rdmux[0][2][1]$a$3506, B=$memory$auto$proc_rom.cc:155:do_switch$57$rdmux[0][2][1]$b$3507, Y=$memory$auto$proc_rom.cc:155:do_switch$57$rdmux[0][1][0]$b$3498
      New ports: A={ $memory$auto$proc_rom.cc:155:do_switch$57$rdmux[0][2][1]$a$3506 [7] $memory$auto$proc_rom.cc:155:do_switch$57$rdmux[0][2][1]$a$3506 [7:1] }, B={ $memory$auto$proc_rom.cc:155:do_switch$57$rdmux[0][2][1]$b$3507 [8:2] 1'0 }, Y=$memory$auto$proc_rom.cc:155:do_switch$57$rdmux[0][1][0]$b$3498 [8:1]
      New connections: { $memory$auto$proc_rom.cc:155:do_switch$57$rdmux[0][1][0]$b$3498 [9] $memory$auto$proc_rom.cc:155:do_switch$57$rdmux[0][1][0]$b$3498 [0] } = { $memory$auto$proc_rom.cc:155:do_switch$57$rdmux[0][1][0]$b$3498 [8] 1'0 }
    Consolidated identical input bits for $mux cell $memory$auto$proc_rom.cc:155:do_switch$57$rdmux[0][2][0]$3502:
      Old ports: A=$memory$auto$proc_rom.cc:155:do_switch$57$rdmux[0][2][0]$a$3503, B=$memory$auto$proc_rom.cc:155:do_switch$57$rdmux[0][2][0]$b$3504, Y=$memory$auto$proc_rom.cc:155:do_switch$57$rdmux[0][1][0]$a$3497
      New ports: A={ $memory$auto$proc_rom.cc:155:do_switch$57$rdmux[0][2][0]$a$3503 [4] $memory$auto$proc_rom.cc:155:do_switch$57$rdmux[0][2][0]$a$3503 [4] $memory$auto$proc_rom.cc:155:do_switch$57$rdmux[0][2][0]$a$3503 [4:0] }, B=$memory$auto$proc_rom.cc:155:do_switch$57$rdmux[0][2][0]$b$3504 [6:0], Y=$memory$auto$proc_rom.cc:155:do_switch$57$rdmux[0][1][0]$a$3497 [6:0]
      New connections: $memory$auto$proc_rom.cc:155:do_switch$57$rdmux[0][1][0]$a$3497 [9:7] = { $memory$auto$proc_rom.cc:155:do_switch$57$rdmux[0][1][0]$a$3497 [6] $memory$auto$proc_rom.cc:155:do_switch$57$rdmux[0][1][0]$a$3497 [6] $memory$auto$proc_rom.cc:155:do_switch$57$rdmux[0][1][0]$a$3497 [6] }
    Consolidated identical input bits for $mux cell $memory$auto$proc_rom.cc:155:do_switch$61$rdmux[0][1][1]$3118:
      Old ports: A=$memory$auto$proc_rom.cc:155:do_switch$61$rdmux[0][1][1]$a$3119, B=$memory$auto$proc_rom.cc:155:do_switch$61$rdmux[0][1][1]$b$3120, Y=$memory$auto$proc_rom.cc:155:do_switch$61$rdmux[0][0][0]$b$3114
      New ports: A={ 4'0000 $memory$auto$proc_rom.cc:155:do_switch$61$rdmux[0][1][1]$a$3119 [13:7] }, B={ $memory$auto$proc_rom.cc:155:do_switch$61$rdmux[0][1][1]$b$3120 [17:11] 4'0000 }, Y=$memory$auto$proc_rom.cc:155:do_switch$61$rdmux[0][0][0]$b$3114 [17:7]
      New connections: $memory$auto$proc_rom.cc:155:do_switch$61$rdmux[0][0][0]$b$3114 [6:0] = 7'0000000
    Consolidated identical input bits for $mux cell $memory$auto$proc_rom.cc:155:do_switch$61$rdmux[0][1][0]$3115:
      Old ports: A=$memory$auto$proc_rom.cc:155:do_switch$61$rdmux[0][1][0]$a$3116, B=$memory$auto$proc_rom.cc:155:do_switch$61$rdmux[0][1][0]$b$3117, Y=$memory$auto$proc_rom.cc:155:do_switch$61$rdmux[0][0][0]$a$3113
      New ports: A={ 4'0000 $memory$auto$proc_rom.cc:155:do_switch$61$rdmux[0][1][0]$a$3116 [5:0] }, B={ $memory$auto$proc_rom.cc:155:do_switch$61$rdmux[0][1][0]$b$3117 [9:3] 3'000 }, Y=$memory$auto$proc_rom.cc:155:do_switch$61$rdmux[0][0][0]$a$3113 [9:0]
      New connections: $memory$auto$proc_rom.cc:155:do_switch$61$rdmux[0][0][0]$a$3113 [17:10] = 8'00000000
    Consolidated identical input bits for $mux cell $memory$auto$proc_rom.cc:155:do_switch$65$rdmux[0][1][1]$2737:
      Old ports: A=$memory$auto$proc_rom.cc:155:do_switch$65$rdmux[0][1][1]$a$2738, B=$memory$auto$proc_rom.cc:155:do_switch$65$rdmux[0][1][1]$b$2739, Y=$memory$auto$proc_rom.cc:155:do_switch$65$rdmux[0][0][0]$b$2733
      New ports: A={ 4'0000 $memory$auto$proc_rom.cc:155:do_switch$65$rdmux[0][1][1]$a$2738 [13:7] }, B={ $memory$auto$proc_rom.cc:155:do_switch$65$rdmux[0][1][1]$b$2739 [17:11] 4'0000 }, Y=$memory$auto$proc_rom.cc:155:do_switch$65$rdmux[0][0][0]$b$2733 [17:7]
      New connections: $memory$auto$proc_rom.cc:155:do_switch$65$rdmux[0][0][0]$b$2733 [6:0] = 7'0000000
    Consolidated identical input bits for $mux cell $memory$auto$proc_rom.cc:155:do_switch$65$rdmux[0][1][0]$2734:
      Old ports: A=$memory$auto$proc_rom.cc:155:do_switch$65$rdmux[0][1][0]$a$2735, B=$memory$auto$proc_rom.cc:155:do_switch$65$rdmux[0][1][0]$b$2736, Y=$memory$auto$proc_rom.cc:155:do_switch$65$rdmux[0][0][0]$a$2732
      New ports: A={ 4'0000 $memory$auto$proc_rom.cc:155:do_switch$65$rdmux[0][1][0]$a$2735 [5:0] }, B={ $memory$auto$proc_rom.cc:155:do_switch$65$rdmux[0][1][0]$b$2736 [9:3] 3'000 }, Y=$memory$auto$proc_rom.cc:155:do_switch$65$rdmux[0][0][0]$a$2732 [9:0]
      New connections: $memory$auto$proc_rom.cc:155:do_switch$65$rdmux[0][0][0]$a$2732 [17:10] = 8'00000000
  Optimizing cells in module \ex254_semantic_e4acc_fp4prod_prodtable_qcase.
    Consolidated identical input bits for $mux cell $memory$auto$proc_rom.cc:155:do_switch$57$rdmux[0][1][1]$3499:
      Old ports: A=$memory$auto$proc_rom.cc:155:do_switch$57$rdmux[0][1][1]$a$3500, B=$memory$auto$proc_rom.cc:155:do_switch$57$rdmux[0][1][1]$b$3501, Y=$memory$auto$proc_rom.cc:155:do_switch$57$rdmux[0][0][0]$b$3495
      New ports: A={ $memory$auto$proc_rom.cc:155:do_switch$57$rdmux[0][1][1]$a$3500 [6] $memory$auto$proc_rom.cc:155:do_switch$57$rdmux[0][1][1]$a$3500 [6] $memory$auto$proc_rom.cc:155:do_switch$57$rdmux[0][1][1]$a$3500 [6:0] }, B={ $memory$auto$proc_rom.cc:155:do_switch$57$rdmux[0][1][1]$b$3501 [8:1] 1'0 }, Y=$memory$auto$proc_rom.cc:155:do_switch$57$rdmux[0][0][0]$b$3495 [8:0]
      New connections: $memory$auto$proc_rom.cc:155:do_switch$57$rdmux[0][0][0]$b$3495 [9] = $memory$auto$proc_rom.cc:155:do_switch$57$rdmux[0][0][0]$b$3495 [8]
    Consolidated identical input bits for $mux cell $memory$auto$proc_rom.cc:155:do_switch$57$rdmux[0][1][0]$3496:
      Old ports: A=$memory$auto$proc_rom.cc:155:do_switch$57$rdmux[0][1][0]$a$3497, B=$memory$auto$proc_rom.cc:155:do_switch$57$rdmux[0][1][0]$b$3498, Y=$memory$auto$proc_rom.cc:155:do_switch$57$rdmux[0][0][0]$a$3494
      New ports: A={ $memory$auto$proc_rom.cc:155:do_switch$57$rdmux[0][1][0]$a$3497 [6] $memory$auto$proc_rom.cc:155:do_switch$57$rdmux[0][1][0]$a$3497 [6] $memory$auto$proc_rom.cc:155:do_switch$57$rdmux[0][1][0]$a$3497 [6:0] }, B={ $memory$auto$proc_rom.cc:155:do_switch$57$rdmux[0][1][0]$b$3498 [8:1] 1'0 }, Y=$memory$auto$proc_rom.cc:155:do_switch$57$rdmux[0][0][0]$a$3494 [8:0]
      New connections: $memory$auto$proc_rom.cc:155:do_switch$57$rdmux[0][0][0]$a$3494 [9] = $memory$auto$proc_rom.cc:155:do_switch$57$rdmux[0][0][0]$a$3494 [8]
  Optimizing cells in module \ex254_semantic_e4acc_fp4prod_prodtable_qcase.
    Consolidated identical input bits for $mux cell $memory$auto$proc_rom.cc:155:do_switch$57$rdmux[0][0][0]$3493:
      Old ports: A=$memory$auto$proc_rom.cc:155:do_switch$57$rdmux[0][0][0]$a$3494, B=$memory$auto$proc_rom.cc:155:do_switch$57$rdmux[0][0][0]$b$3495, Y=\fp4_product$func$/home/b10507053/ALS_Final_Project/student/work/ex250_ex254_frontend_fp4_dot_fma_semantic_20260608_2105/ex254/verilog/ex254_semantic_e4acc_fp4prod_prodtable_qcase.v:2894$3.$result
      New ports: A=$memory$auto$proc_rom.cc:155:do_switch$57$rdmux[0][0][0]$a$3494 [8:0], B=$memory$auto$proc_rom.cc:155:do_switch$57$rdmux[0][0][0]$b$3495 [8:0], Y=\fp4_product$func$/home/b10507053/ALS_Final_Project/student/work/ex250_ex254_frontend_fp4_dot_fma_semantic_20260608_2105/ex254/verilog/ex254_semantic_e4acc_fp4prod_prodtable_qcase.v:2894$3.$result [8:0]
      New connections: \fp4_product$func$/home/b10507053/ALS_Final_Project/student/work/ex250_ex254_frontend_fp4_dot_fma_semantic_20260608_2105/ex254/verilog/ex254_semantic_e4acc_fp4prod_prodtable_qcase.v:2894$3.$result [9] = \fp4_product$func$/home/b10507053/ALS_Final_Project/student/work/ex250_ex254_frontend_fp4_dot_fma_semantic_20260608_2105/ex254/verilog/ex254_semantic_e4acc_fp4prod_prodtable_qcase.v:2894$3.$result [8]
  Optimizing cells in module \ex254_semantic_e4acc_fp4prod_prodtable_qcase.
Performed a total of 477 changes.

2.21.5. Executing OPT_MERGE pass (detect identical cells).
Finding identical cells in module `\ex254_semantic_e4acc_fp4prod_prodtable_qcase'.
Computing hashes of 3036 cells of `\ex254_semantic_e4acc_fp4prod_prodtable_qcase'.
Finding duplicate cells in `\ex254_semantic_e4acc_fp4prod_prodtable_qcase'.
Computing hashes of 2800 cells of `\ex254_semantic_e4acc_fp4prod_prodtable_qcase'.
Finding duplicate cells in `\ex254_semantic_e4acc_fp4prod_prodtable_qcase'.
Computing hashes of 2690 cells of `\ex254_semantic_e4acc_fp4prod_prodtable_qcase'.
Finding duplicate cells in `\ex254_semantic_e4acc_fp4prod_prodtable_qcase'.
Computing hashes of 2636 cells of `\ex254_semantic_e4acc_fp4prod_prodtable_qcase'.
Finding duplicate cells in `\ex254_semantic_e4acc_fp4prod_prodtable_qcase'.
Computing hashes of 2613 cells of `\ex254_semantic_e4acc_fp4prod_prodtable_qcase'.
Finding duplicate cells in `\ex254_semantic_e4acc_fp4prod_prodtable_qcase'.
Computing hashes of 2604 cells of `\ex254_semantic_e4acc_fp4prod_prodtable_qcase'.
Finding duplicate cells in `\ex254_semantic_e4acc_fp4prod_prodtable_qcase'.
Computing hashes of 2602 cells of `\ex254_semantic_e4acc_fp4prod_prodtable_qcase'.
Finding duplicate cells in `\ex254_semantic_e4acc_fp4prod_prodtable_qcase'.
Computing hashes of 2601 cells of `\ex254_semantic_e4acc_fp4prod_prodtable_qcase'.
Finding duplicate cells in `\ex254_semantic_e4acc_fp4prod_prodtable_qcase'.
Removed a total of 435 cells.

2.21.6. Executing OPT_SHARE pass.

2.21.7. Executing OPT_DFF pass (perform DFF optimizations).

2.21.8. Executing OPT_CLEAN pass (remove unused cells and wires).
Finding unused cells or wires in module \ex254_semantic_e4acc_fp4prod_prodtable_qcase..
Removed 0 unused cells and 977 unused wires.

2.21.9. Executing OPT_EXPR pass (perform const folding).
Optimizing module ex254_semantic_e4acc_fp4prod_prodtable_qcase.

2.21.10. Rerunning OPT passes. (Maybe there is more to do..)

2.21.11. Executing OPT_MUXTREE pass (detect dead branches in mux trees).
Running muxtree optimizer on module \ex254_semantic_e4acc_fp4prod_prodtable_qcase..
  Creating internal representation of mux trees.
  Evaluating internal representation of mux trees.
  Analyzing evaluation results.
Removed 0 multiplexer ports.

2.21.12. Executing OPT_REDUCE pass (consolidate $*mux and $reduce_* inputs).
  Optimizing cells in module \ex254_semantic_e4acc_fp4prod_prodtable_qcase.
    Consolidated identical input bits for $mux cell $memory$auto$proc_rom.cc:155:do_switch$61$rdmux[0][5][30]$3295:
      Old ports: A={ 1'0 $memory$auto$proc_rom.cc:155:do_switch$61$rdmux[0][5][0]$a$3206 [0] }, B={ 1'1 $memory$auto$proc_rom.cc:155:do_switch$61$rdmux[0][5][0]$a$3206 [0] }, Y=$memory$auto$proc_rom.cc:155:do_switch$61$rdmux[0][4][0]$a$3158 [1:0]
      New ports: A=1'0, B=1'1, Y=$memory$auto$proc_rom.cc:155:do_switch$61$rdmux[0][4][0]$a$3158 [1]
      New connections: $memory$auto$proc_rom.cc:155:do_switch$61$rdmux[0][4][0]$a$3158 [0] = \in [8]
    Consolidated identical input bits for $mux cell $memory$auto$proc_rom.cc:155:do_switch$61$rdmux[0][3][0]$3133:
      Old ports: A={ 1'0 $memory$auto$proc_rom.cc:155:do_switch$61$rdmux[0][3][0]$a$3134 [2:0] }, B={ 1'1 $memory$auto$proc_rom.cc:155:do_switch$61$rdmux[0][3][0]$a$3134 [2:0] }, Y=$memory$auto$proc_rom.cc:155:do_switch$61$rdmux[0][2][0]$a$3122 [3:0]
      New ports: A=1'0, B=1'1, Y=$memory$auto$proc_rom.cc:155:do_switch$61$rdmux[0][2][0]$a$3122 [3]
      New connections: $memory$auto$proc_rom.cc:155:do_switch$61$rdmux[0][2][0]$a$3122 [2:0] = $memory$auto$proc_rom.cc:155:do_switch$61$rdmux[0][3][0]$a$3134 [2:0]
    Consolidated identical input bits for $mux cell $memory$auto$proc_rom.cc:155:do_switch$57$rdmux[0][6][38]$3796:
      Old ports: A={ 1'0 $memory$auto$proc_rom.cc:155:do_switch$57$rdmux[0][6][10]$a$3713 [1] }, B={ 1'1 $memory$auto$proc_rom.cc:155:do_switch$57$rdmux[0][6][10]$a$3713 [1] }, Y=$memory$auto$proc_rom.cc:155:do_switch$57$rdmux[0][5][12]$a$3623 [4:3]
      New ports: A=1'0, B=1'1, Y=$memory$auto$proc_rom.cc:155:do_switch$57$rdmux[0][5][12]$a$3623 [4]
      New connections: $memory$auto$proc_rom.cc:155:do_switch$57$rdmux[0][5][12]$a$3623 [3] = \in [0]
    Consolidated identical input bits for $mux cell $memory$auto$proc_rom.cc:155:do_switch$57$rdmux[0][2][3]$3511:
      Old ports: A={ $memory$auto$proc_rom.cc:155:do_switch$57$rdmux[0][2][2]$b$3510 [6] $memory$auto$proc_rom.cc:155:do_switch$57$rdmux[0][2][2]$b$3510 [6:0] }, B={ $memory$auto$proc_rom.cc:155:do_switch$57$rdmux[0][2][2]$b$3510 [6:0] 1'0 }, Y=$memory$auto$proc_rom.cc:155:do_switch$57$rdmux[0][1][1]$b$3501 [8:1]
      New ports: A=$memory$auto$proc_rom.cc:155:do_switch$57$rdmux[0][2][2]$b$3510 [6:0], B={ $memory$auto$proc_rom.cc:155:do_switch$57$rdmux[0][2][2]$b$3510 [5:0] 1'0 }, Y=$memory$auto$proc_rom.cc:155:do_switch$57$rdmux[0][1][1]$b$3501 [7:1]
      New connections: $memory$auto$proc_rom.cc:155:do_switch$57$rdmux[0][1][1]$b$3501 [8] = $memory$auto$proc_rom.cc:155:do_switch$57$rdmux[0][2][2]$b$3510 [6]
    Consolidated identical input bits for $mux cell $memory$auto$proc_rom.cc:155:do_switch$57$rdmux[0][2][1]$3505:
      Old ports: A={ $memory$auto$proc_rom.cc:155:do_switch$57$rdmux[0][2][0]$b$3504 [6] $memory$auto$proc_rom.cc:155:do_switch$57$rdmux[0][2][0]$b$3504 [6:0] }, B={ $memory$auto$proc_rom.cc:155:do_switch$57$rdmux[0][2][0]$b$3504 [6:0] 1'0 }, Y=$memory$auto$proc_rom.cc:155:do_switch$57$rdmux[0][1][0]$b$3498 [8:1]
      New ports: A=$memory$auto$proc_rom.cc:155:do_switch$57$rdmux[0][2][0]$b$3504 [6:0], B={ $memory$auto$proc_rom.cc:155:do_switch$57$rdmux[0][2][0]$b$3504 [5:0] 1'0 }, Y=$memory$auto$proc_rom.cc:155:do_switch$57$rdmux[0][1][0]$b$3498 [7:1]
      New connections: $memory$auto$proc_rom.cc:155:do_switch$57$rdmux[0][1][0]$b$3498 [8] = $memory$auto$proc_rom.cc:155:do_switch$57$rdmux[0][2][0]$b$3504 [6]
    Consolidated identical input bits for $mux cell $memory$auto$proc_rom.cc:155:do_switch$57$rdmux[0][6][63]$3871:
      Old ports: A={ 1'0 $memory$auto$proc_rom.cc:155:do_switch$57$rdmux[0][6][10]$b$3714 [1] $memory$auto$proc_rom.cc:155:do_switch$57$rdmux[0][6][10]$b$3714 [2] $memory$auto$proc_rom.cc:155:do_switch$57$rdmux[0][6][10]$b$3714 [2:1] }, B={ $memory$auto$proc_rom.cc:155:do_switch$57$rdmux[0][6][10]$b$3714 [1] $memory$auto$proc_rom.cc:155:do_switch$57$rdmux[0][6][10]$b$3714 [2] $memory$auto$proc_rom.cc:155:do_switch$57$rdmux[0][6][10]$b$3714 [2:1] 1'0 }, Y=$memory$auto$proc_rom.cc:155:do_switch$57$rdmux[0][5][10]$b$3618 [6:2]
      New ports: A={ 1'0 $memory$auto$proc_rom.cc:155:do_switch$57$rdmux[0][6][10]$b$3714 [1] $memory$auto$proc_rom.cc:155:do_switch$57$rdmux[0][6][10]$b$3714 [2:1] }, B={ $memory$auto$proc_rom.cc:155:do_switch$57$rdmux[0][6][10]$b$3714 [1] $memory$auto$proc_rom.cc:155:do_switch$57$rdmux[0][6][10]$b$3714 [2:1] 1'0 }, Y={ $memory$auto$proc_rom.cc:155:do_switch$57$rdmux[0][5][10]$b$3618 [6:5] $memory$auto$proc_rom.cc:155:do_switch$57$rdmux[0][5][10]$b$3618 [3:2] }
      New connections: $memory$auto$proc_rom.cc:155:do_switch$57$rdmux[0][5][10]$b$3618 [4] = $memory$auto$proc_rom.cc:155:do_switch$57$rdmux[0][6][10]$b$3714 [2]
    Consolidated identical input bits for $mux cell $memory$auto$proc_rom.cc:155:do_switch$61$rdmux[0][4][14]$3199:
      Old ports: A={ 1'0 $memory$auto$proc_rom.cc:155:do_switch$61$rdmux[0][4][0]$a$3158 [1:0] }, B={ 1'1 $memory$auto$proc_rom.cc:155:do_switch$61$rdmux[0][4][0]$a$3158 [1:0] }, Y=$memory$auto$proc_rom.cc:155:do_switch$61$rdmux[0][3][0]$a$3134 [2:0]
      New ports: A=1'0, B=1'1, Y=$memory$auto$proc_rom.cc:155:do_switch$61$rdmux[0][3][0]$a$3134 [2]
      New connections: $memory$auto$proc_rom.cc:155:do_switch$61$rdmux[0][3][0]$a$3134 [1:0] = $memory$auto$proc_rom.cc:155:do_switch$61$rdmux[0][4][0]$a$3158 [1:0]
  Optimizing cells in module \ex254_semantic_e4acc_fp4prod_prodtable_qcase.
Performed a total of 7 changes.

2.21.13. Executing OPT_MERGE pass (detect identical cells).
Finding identical cells in module `\ex254_semantic_e4acc_fp4prod_prodtable_qcase'.
Computing hashes of 2599 cells of `\ex254_semantic_e4acc_fp4prod_prodtable_qcase'.
Finding duplicate cells in `\ex254_semantic_e4acc_fp4prod_prodtable_qcase'.
Removed a total of 0 cells.

2.21.14. Executing OPT_SHARE pass.

2.21.15. Executing OPT_DFF pass (perform DFF optimizations).

2.21.16. Executing OPT_CLEAN pass (remove unused cells and wires).
Finding unused cells or wires in module \ex254_semantic_e4acc_fp4prod_prodtable_qcase..
Removed 0 unused cells and 4 unused wires.

2.21.17. Executing OPT_EXPR pass (perform const folding).
Optimizing module ex254_semantic_e4acc_fp4prod_prodtable_qcase.

2.21.18. Rerunning OPT passes. (Maybe there is more to do..)

2.21.19. Executing OPT_MUXTREE pass (detect dead branches in mux trees).
Running muxtree optimizer on module \ex254_semantic_e4acc_fp4prod_prodtable_qcase..
  Creating internal representation of mux trees.
  Evaluating internal representation of mux trees.
  Analyzing evaluation results.
Removed 0 multiplexer ports.

2.21.20. Executing OPT_REDUCE pass (consolidate $*mux and $reduce_* inputs).
  Optimizing cells in module \ex254_semantic_e4acc_fp4prod_prodtable_qcase.
Performed a total of 0 changes.

2.21.21. Executing OPT_MERGE pass (detect identical cells).
Finding identical cells in module `\ex254_semantic_e4acc_fp4prod_prodtable_qcase'.
Computing hashes of 2595 cells of `\ex254_semantic_e4acc_fp4prod_prodtable_qcase'.
Finding duplicate cells in `\ex254_semantic_e4acc_fp4prod_prodtable_qcase'.
Removed a total of 0 cells.

2.21.22. Executing OPT_SHARE pass.

2.21.23. Executing OPT_DFF pass (perform DFF optimizations).

2.21.24. Executing OPT_CLEAN pass (remove unused cells and wires).
Finding unused cells or wires in module \ex254_semantic_e4acc_fp4prod_prodtable_qcase..
Removed 0 unused cells and 2 unused wires.

2.21.25. Executing OPT_EXPR pass (perform const folding).
Optimizing module ex254_semantic_e4acc_fp4prod_prodtable_qcase.

2.21.26. Rerunning OPT passes. (Maybe there is more to do..)

2.21.27. Executing OPT_MUXTREE pass (detect dead branches in mux trees).
Running muxtree optimizer on module \ex254_semantic_e4acc_fp4prod_prodtable_qcase..
  Creating internal representation of mux trees.
  Evaluating internal representation of mux trees.
  Analyzing evaluation results.
Removed 0 multiplexer ports.

2.21.28. Executing OPT_REDUCE pass (consolidate $*mux and $reduce_* inputs).
  Optimizing cells in module \ex254_semantic_e4acc_fp4prod_prodtable_qcase.
Performed a total of 0 changes.

2.21.29. Executing OPT_MERGE pass (detect identical cells).
Finding identical cells in module `\ex254_semantic_e4acc_fp4prod_prodtable_qcase'.
Computing hashes of 2595 cells of `\ex254_semantic_e4acc_fp4prod_prodtable_qcase'.
Finding duplicate cells in `\ex254_semantic_e4acc_fp4prod_prodtable_qcase'.
Removed a total of 0 cells.

2.21.30. Executing OPT_SHARE pass.

2.21.31. Executing OPT_DFF pass (perform DFF optimizations).

2.21.32. Executing OPT_CLEAN pass (remove unused cells and wires).
Finding unused cells or wires in module \ex254_semantic_e4acc_fp4prod_prodtable_qcase..

2.21.33. Executing OPT_EXPR pass (perform const folding).
Optimizing module ex254_semantic_e4acc_fp4prod_prodtable_qcase.

2.21.34. Finished fast OPT passes. (There is nothing left to do.)

2.22. Executing TECHMAP pass (map to technology primitives).

2.22.1. Executing Verilog-2005 frontend: /home/b10507053/ALS_Final_Project/student/tools/conda-env/bin/../share/yosys/techmap.v
Parsing Verilog input from `/home/b10507053/ALS_Final_Project/student/tools/conda-env/bin/../share/yosys/techmap.v' to AST representation.
Generating RTLIL representation for module `\_90_simplemap_bool_ops'.
Generating RTLIL representation for module `\_90_simplemap_reduce_ops'.
Generating RTLIL representation for module `\_90_simplemap_logic_ops'.
Generating RTLIL representation for module `\_90_simplemap_compare_ops'.
Generating RTLIL representation for module `\_90_simplemap_various'.
Generating RTLIL representation for module `\_90_simplemap_registers'.
Generating RTLIL representation for module `\_90_shift_ops_shr_shl_sshl_sshr'.
Generating RTLIL representation for module `\_90_shift_shiftx'.
Generating RTLIL representation for module `\_90_fa'.
Generating RTLIL representation for module `\_90_lcu_brent_kung'.
Generating RTLIL representation for module `\_90_alu'.
Generating RTLIL representation for module `\_90_macc'.
Generating RTLIL representation for module `\_90_alumacc'.
Generating RTLIL representation for module `$__div_mod_u'.
Generating RTLIL representation for module `$__div_mod_trunc'.
Generating RTLIL representation for module `\_90_div'.
Generating RTLIL representation for module `\_90_mod'.
Generating RTLIL representation for module `$__div_mod_floor'.
Generating RTLIL representation for module `\_90_divfloor'.
Generating RTLIL representation for module `\_90_modfloor'.
Generating RTLIL representation for module `\_90_pow'.
Generating RTLIL representation for module `\_90_demux'.
Generating RTLIL representation for module `\_90_lut'.
Generating RTLIL representation for module `$connect'.
Generating RTLIL representation for module `$input_port'.
Successfully finished Verilog frontend.

2.22.2. Continuing TECHMAP pass.
Using template $paramod$b5fbed22a08e3f5a92ec9643d62ae0306e4e3663\_90_alu for cells of type $alu.
Using template $paramod$ddfdc831544324b746ff75aff8805c9be5ca9cdf\_90_alu for cells of type $alu.
Using template $paramod$d16a138d50c5473e76a26446ec9bb0a651b19901\_90_alu for cells of type $alu.
Using extmapper simplemap for cells of type $reduce_or.
Using extmapper simplemap for cells of type $mux.
Using extmapper simplemap for cells of type $logic_not.
Using extmapper simplemap for cells of type $eq.
Using extmapper simplemap for cells of type $logic_and.
Using extmapper simplemap for cells of type $logic_or.
Using extmapper simplemap for cells of type $xor.
Using extmapper simplemap for cells of type $pmux.
Using extmapper simplemap for cells of type $not.
Using extmapper simplemap for cells of type $pos.
Using template $paramod\_90_fa\WIDTH=32'00000000000000000000000000010011 for cells of type $fa.
Using template $paramod\_90_lcu_brent_kung\WIDTH=32'00000000000000000000000000010011 for cells of type $lcu.
Using template $paramod\_90_fa\WIDTH=32'00000000000000000000000000001101 for cells of type $fa.
Using template $paramod\_90_lcu_brent_kung\WIDTH=32'00000000000000000000000000001101 for cells of type $lcu.
Using template $paramod\_90_fa\WIDTH=32'00000000000000000000000000010100 for cells of type $fa.
Using template $paramod\_90_lcu_brent_kung\WIDTH=32'00000000000000000000000000010100 for cells of type $lcu.
Using extmapper simplemap for cells of type $and.
Using extmapper simplemap for cells of type $or.
No more expansions possible.

2.23. Executing OPT pass (performing simple optimizations).

2.23.1. Executing OPT_EXPR pass (perform const folding).
Optimizing module ex254_semantic_e4acc_fp4prod_prodtable_qcase.

2.23.2. Executing OPT_MERGE pass (detect identical cells).
Finding identical cells in module `\ex254_semantic_e4acc_fp4prod_prodtable_qcase'.
Computing hashes of 62343 cells of `\ex254_semantic_e4acc_fp4prod_prodtable_qcase'.
Finding duplicate cells in `\ex254_semantic_e4acc_fp4prod_prodtable_qcase'.
Computing hashes of 37118 cells of `\ex254_semantic_e4acc_fp4prod_prodtable_qcase'.
Finding duplicate cells in `\ex254_semantic_e4acc_fp4prod_prodtable_qcase'.
Computing hashes of 22240 cells of `\ex254_semantic_e4acc_fp4prod_prodtable_qcase'.
Finding duplicate cells in `\ex254_semantic_e4acc_fp4prod_prodtable_qcase'.
Computing hashes of 14825 cells of `\ex254_semantic_e4acc_fp4prod_prodtable_qcase'.
Finding duplicate cells in `\ex254_semantic_e4acc_fp4prod_prodtable_qcase'.
Computing hashes of 10998 cells of `\ex254_semantic_e4acc_fp4prod_prodtable_qcase'.
Finding duplicate cells in `\ex254_semantic_e4acc_fp4prod_prodtable_qcase'.
Computing hashes of 10578 cells of `\ex254_semantic_e4acc_fp4prod_prodtable_qcase'.
Finding duplicate cells in `\ex254_semantic_e4acc_fp4prod_prodtable_qcase'.
Computing hashes of 10577 cells of `\ex254_semantic_e4acc_fp4prod_prodtable_qcase'.
Finding duplicate cells in `\ex254_semantic_e4acc_fp4prod_prodtable_qcase'.
Removed a total of 51766 cells.

2.23.3. Executing OPT_DFF pass (perform DFF optimizations).

2.23.4. Executing OPT_CLEAN pass (remove unused cells and wires).
Finding unused cells or wires in module \ex254_semantic_e4acc_fp4prod_prodtable_qcase..
Removed 16 unused cells and 25857 unused wires.

2.23.5. Finished fast OPT passes.

2.24. Executing ABC pass (technology mapping using ABC).

2.24.1. Extracting gate netlist of module `\ex254_semantic_e4acc_fp4prod_prodtable_qcase' to `<abc-temp-dir>/input.blif'..

2.24.1.1. Executed ABC.
Extracted 10561 gates and 10579 wires to a netlist network with 16 inputs and 8 outputs.
Running ABC script: <abc-temp-dir>/abc.script
ABC: UC Berkeley, ABC 1.01 (compiled May 12 2026 13:26:50)
ABC: abc 01> empty
ABC: abc 01> source <abc-temp-dir>/abc.script
ABC: + read_blif <abc-temp-dir>/input.blif 
ABC: + read_library <abc-temp-dir>/stdcells.genlib 
ABC: + strash 
ABC: + &get -n 
ABC: + &fraig -x 
ABC: + &put 
ABC: + scorr 
ABC: Warning: The network is combinational (run "fraig" or "fraig_sweep").
ABC: + dc2 
ABC: + dretime 
ABC: + strash 
ABC: + &get -n 
ABC: + &dch -f 
ABC: + &nf 
ABC: + &put 
ABC: + write_blif <abc-temp-dir>/output.blif 
ABC: 
ABC: YOSYS_ABC_DONE 

2.24.1.2. Re-integrating ABC results.
ABC RESULTS:               AND cells:      696
ABC RESULTS:            ANDNOT cells:       98
ABC RESULTS:               MUX cells:       37
ABC RESULTS:              NAND cells:      542
ABC RESULTS:               NOR cells:       34
ABC RESULTS:               NOT cells:       18
ABC RESULTS:                OR cells:       53
ABC RESULTS:             ORNOT cells:      122
ABC RESULTS:              XNOR cells:       33
ABC RESULTS:               XOR cells:       20
ABC RESULTS:        internal signals:    10555
ABC RESULTS:           input signals:       16
ABC RESULTS:          output signals:        8
Removing temp directory.
Removing global temp directory.

2.25. Executing OPT pass (performing simple optimizations).

2.25.1. Executing OPT_EXPR pass (perform const folding).
Optimizing module ex254_semantic_e4acc_fp4prod_prodtable_qcase.

2.25.2. Executing OPT_MERGE pass (detect identical cells).
Finding identical cells in module `\ex254_semantic_e4acc_fp4prod_prodtable_qcase'.
Computing hashes of 1653 cells of `\ex254_semantic_e4acc_fp4prod_prodtable_qcase'.
Finding duplicate cells in `\ex254_semantic_e4acc_fp4prod_prodtable_qcase'.
Removed a total of 0 cells.

2.25.3. Executing OPT_DFF pass (perform DFF optimizations).

2.25.4. Executing OPT_CLEAN pass (remove unused cells and wires).
Finding unused cells or wires in module \ex254_semantic_e4acc_fp4prod_prodtable_qcase..
Removed 0 unused cells and 7981 unused wires.

2.25.5. Finished fast OPT passes.

2.26. Executing HIERARCHY pass (managing design hierarchy).
Attribute `top' found on module `ex254_semantic_e4acc_fp4prod_prodtable_qcase'. Setting top module to ex254_semantic_e4acc_fp4prod_prodtable_qcase.

2.26.1. Analyzing design hierarchy..
Top module:  \ex254_semantic_e4acc_fp4prod_prodtable_qcase

2.26.2. Analyzing design hierarchy..
Top module:  \ex254_semantic_e4acc_fp4prod_prodtable_qcase
Removed 0 unused modules.

2.27. Printing statistics.

=== ex254_semantic_e4acc_fp4prod_prodtable_qcase ===

        +----------Local Count, excluding submodules.
        | 
     1659 wires
     1793 wire bits
       14 public wires
      148 public wire bits
        2 ports
       24 port bits
     1653 cells
       98   $_ANDNOT_
      696   $_AND_
       37   $_MUX_
      542   $_NAND_
       34   $_NOR_
       18   $_NOT_
      122   $_ORNOT_
       53   $_OR_
       33   $_XNOR_
       20   $_XOR_

2.28. Executing CHECK pass (checking for obvious problems).
Checking module ex254_semantic_e4acc_fp4prod_prodtable_qcase...
Found and reported 0 problems.

3. Executing ABC pass (technology mapping using ABC).

3.1. Extracting gate netlist of module `\ex254_semantic_e4acc_fp4prod_prodtable_qcase' to `<abc-temp-dir>/input.blif'..

3.1.1. Executed ABC.
Extracted 1653 gates and 1669 wires to a netlist network with 16 inputs and 8 outputs.
Running ABC script: <abc-temp-dir>/abc.script
ABC: UC Berkeley, ABC 1.01 (compiled May 12 2026 13:26:50)
ABC: abc 01> empty
ABC: abc 01> source <abc-temp-dir>/abc.script
ABC: + read_blif <abc-temp-dir>/input.blif 
ABC: + read_library <abc-temp-dir>/stdcells.genlib 
ABC: + strash 
ABC: + &get -n 
ABC: + &fraig -x 
ABC: + &put 
ABC: + scorr 
ABC: Warning: The network is combinational (run "fraig" or "fraig_sweep").
ABC: + dc2 
ABC: + dretime 
ABC: + strash 
ABC: + &get -n 
ABC: + &dch -f 
ABC: + &nf 
ABC: + &put 
ABC: + write_blif <abc-temp-dir>/output.blif 
ABC: 
ABC: YOSYS_ABC_DONE 

3.1.2. Re-integrating ABC results.
ABC RESULTS:               AND cells:     1705
ABC RESULTS:               NOT cells:     1070
ABC RESULTS:        internal signals:     1645
ABC RESULTS:           input signals:       16
ABC RESULTS:          output signals:        8
Removing temp directory.
Removing global temp directory.

4. Executing AIGMAP pass (map logic to AIG).
Module ex254_semantic_e4acc_fp4prod_prodtable_qcase: replaced 0 cells with 0 new cells, skipped 2775 cells.
  not replaced 2 cell types:
    1705 $_AND_
    1070 $_NOT_

5. Executing OPT pass (performing simple optimizations).

5.1. Executing OPT_EXPR pass (perform const folding).
Optimizing module ex254_semantic_e4acc_fp4prod_prodtable_qcase.

5.2. Executing OPT_MERGE pass (detect identical cells).
Finding identical cells in module `\ex254_semantic_e4acc_fp4prod_prodtable_qcase'.
Computing hashes of 2775 cells of `\ex254_semantic_e4acc_fp4prod_prodtable_qcase'.
Finding duplicate cells in `\ex254_semantic_e4acc_fp4prod_prodtable_qcase'.
Removed a total of 0 cells.

5.3. Executing OPT_MUXTREE pass (detect dead branches in mux trees).
Running muxtree optimizer on module \ex254_semantic_e4acc_fp4prod_prodtable_qcase..
  Creating internal representation of mux trees.
  No muxes found in this module.
Removed 0 multiplexer ports.

5.4. Executing OPT_REDUCE pass (consolidate $*mux and $reduce_* inputs).
  Optimizing cells in module \ex254_semantic_e4acc_fp4prod_prodtable_qcase.
Performed a total of 0 changes.

5.5. Executing OPT_MERGE pass (detect identical cells).
Finding identical cells in module `\ex254_semantic_e4acc_fp4prod_prodtable_qcase'.
Computing hashes of 2775 cells of `\ex254_semantic_e4acc_fp4prod_prodtable_qcase'.
Finding duplicate cells in `\ex254_semantic_e4acc_fp4prod_prodtable_qcase'.
Removed a total of 0 cells.

5.6. Executing OPT_DFF pass (perform DFF optimizations).

5.7. Executing OPT_CLEAN pass (remove unused cells and wires).
Finding unused cells or wires in module \ex254_semantic_e4acc_fp4prod_prodtable_qcase..
Removed 0 unused cells and 1669 unused wires.

5.8. Executing OPT_EXPR pass (perform const folding).
Optimizing module ex254_semantic_e4acc_fp4prod_prodtable_qcase.

5.9. Rerunning OPT passes. (Maybe there is more to do..)

5.10. Executing OPT_MUXTREE pass (detect dead branches in mux trees).
Running muxtree optimizer on module \ex254_semantic_e4acc_fp4prod_prodtable_qcase..
  Creating internal representation of mux trees.
  No muxes found in this module.
Removed 0 multiplexer ports.

5.11. Executing OPT_REDUCE pass (consolidate $*mux and $reduce_* inputs).
  Optimizing cells in module \ex254_semantic_e4acc_fp4prod_prodtable_qcase.
Performed a total of 0 changes.

5.12. Executing OPT_MERGE pass (detect identical cells).
Finding identical cells in module `\ex254_semantic_e4acc_fp4prod_prodtable_qcase'.
Computing hashes of 2775 cells of `\ex254_semantic_e4acc_fp4prod_prodtable_qcase'.
Finding duplicate cells in `\ex254_semantic_e4acc_fp4prod_prodtable_qcase'.
Removed a total of 0 cells.

5.13. Executing OPT_DFF pass (perform DFF optimizations).

5.14. Executing OPT_CLEAN pass (remove unused cells and wires).
Finding unused cells or wires in module \ex254_semantic_e4acc_fp4prod_prodtable_qcase..

5.15. Executing OPT_EXPR pass (perform const folding).
Optimizing module ex254_semantic_e4acc_fp4prod_prodtable_qcase.

5.16. Finished fast OPT passes. (There is nothing left to do.)

6. Executing AIGER backend.
ERROR: Can't open output file `/home/b10507053/ALS_Final_Project/student/work/ex250_ex254_frontend_fp4_dot_fma_semantic_20260608_2105/ex254/aigs/ex254_semantic_e4acc_fp4prod_prodtable_qcase_synth_preset.aig' for writing: No such file or directory
