case,candidate_id,hypothesis,variant,verilog_path,aig_path,verified_truth,synthesized,equivalent,area,delay,adp,reference_adp,adp_ratio_to_reference,within_1p5_reference,beats_reference,runtime_sec,classification,notes
ex255,ex255_umul_direct_context_default,unsigned low4_high4:a*b,direct_context+default,student/work/ex255_ex259_frontend_umul_deep_20260609_0013/ex255/verilog/ex255_umul_direct_context.v,student/work/ex255_ex259_frontend_umul_deep_20260609_0013/ex255/aigs/ex255_umul_direct_context_default.aig,1,1,1,91,19,1729,836,2.068182,0,0,0.185,semantic_mul_exact,exact unsigned low4 * high4 over 256 inputs; source=direct_context; flow=default
ex255,ex255_umul_direct_context_wreduce_default,unsigned low4_high4:a*b,direct_context+wreduce_default,student/work/ex255_ex259_frontend_umul_deep_20260609_0013/ex255/verilog/ex255_umul_direct_context.v,student/work/ex255_ex259_frontend_umul_deep_20260609_0013/ex255/aigs/ex255_umul_direct_context_wreduce_default.aig,1,1,1,91,19,1729,836,2.068182,0,0,0.190,semantic_mul_exact,exact unsigned low4 * high4 over 256 inputs; source=direct_context; flow=wreduce_default
ex255,ex255_umul_direct_context_abc_g_aig,unsigned low4_high4:a*b,direct_context+abc_g_aig,student/work/ex255_ex259_frontend_umul_deep_20260609_0013/ex255/verilog/ex255_umul_direct_context.v,student/work/ex255_ex259_frontend_umul_deep_20260609_0013/ex255/aigs/ex255_umul_direct_context_abc_g_aig.aig,1,1,1,89,19,1691,836,2.022727,0,0,0.190,semantic_mul_exact,exact unsigned low4 * high4 over 256 inputs; source=direct_context; flow=abc_g_aig
ex255,ex255_umul_direct_context_wreduce_abc_g_aig,unsigned low4_high4:a*b,direct_context+wreduce_abc_g_aig,student/work/ex255_ex259_frontend_umul_deep_20260609_0013/ex255/verilog/ex255_umul_direct_context.v,student/work/ex255_ex259_frontend_umul_deep_20260609_0013/ex255/aigs/ex255_umul_direct_context_wreduce_abc_g_aig.aig,1,1,1,89,19,1691,836,2.022727,0,0,0.192,semantic_mul_exact,exact unsigned low4 * high4 over 256 inputs; source=direct_context; flow=wreduce_abc_g_aig
ex255,ex255_umul_direct_context_arith_wreduce_aig,unsigned low4_high4:a*b,direct_context+arith_wreduce_aig,student/work/ex255_ex259_frontend_umul_deep_20260609_0013/ex255/verilog/ex255_umul_direct_context.v,student/work/ex255_ex259_frontend_umul_deep_20260609_0013/ex255/aigs/ex255_umul_direct_context_arith_wreduce_aig.aig,1,1,1,89,19,1691,836,2.022727,0,0,0.190,semantic_mul_exact,exact unsigned low4 * high4 over 256 inputs; source=direct_context; flow=arith_wreduce_aig
ex255,ex255_umul_direct_context_synth_preset,unsigned low4_high4:a*b,direct_context+synth_preset,student/work/ex255_ex259_frontend_umul_deep_20260609_0013/ex255/verilog/ex255_umul_direct_context.v,student/work/ex255_ex259_frontend_umul_deep_20260609_0013/ex255/aigs/ex255_umul_direct_context_synth_preset.aig,1,1,1,89,19,1691,836,2.022727,0,0,0.242,semantic_mul_exact,exact unsigned low4 * high4 over 256 inputs; source=direct_context; flow=synth_preset
ex255,ex255_umul_wide_ext_direct_default,unsigned low4_high4:a*b,wide_ext_direct+default,student/work/ex255_ex259_frontend_umul_deep_20260609_0013/ex255/verilog/ex255_umul_wide_ext_direct.v,student/work/ex255_ex259_frontend_umul_deep_20260609_0013/ex255/aigs/ex255_umul_wide_ext_direct_default.aig,1,1,1,97,16,1552,836,1.856459,0,0,0.195,semantic_mul_exact,exact unsigned low4 * high4 over 256 inputs; source=wide_ext_direct; flow=default
ex255,ex255_umul_wide_ext_direct_wreduce_default,unsigned low4_high4:a*b,wide_ext_direct+wreduce_default,student/work/ex255_ex259_frontend_umul_deep_20260609_0013/ex255/verilog/ex255_umul_wide_ext_direct.v,student/work/ex255_ex259_frontend_umul_deep_20260609_0013/ex255/aigs/ex255_umul_wide_ext_direct_wreduce_default.aig,1,1,1,91,19,1729,836,2.068182,0,0,0.191,semantic_mul_exact,exact unsigned low4 * high4 over 256 inputs; source=wide_ext_direct; flow=wreduce_default
ex255,ex255_umul_wide_ext_direct_abc_g_aig,unsigned low4_high4:a*b,wide_ext_direct+abc_g_aig,student/work/ex255_ex259_frontend_umul_deep_20260609_0013/ex255/verilog/ex255_umul_wide_ext_direct.v,student/work/ex255_ex259_frontend_umul_deep_20260609_0013/ex255/aigs/ex255_umul_wide_ext_direct_abc_g_aig.aig,1,1,1,97,16,1552,836,1.856459,0,0,0.194,semantic_mul_exact,exact unsigned low4 * high4 over 256 inputs; source=wide_ext_direct; flow=abc_g_aig
ex255,ex255_umul_wide_ext_direct_wreduce_abc_g_aig,unsigned low4_high4:a*b,wide_ext_direct+wreduce_abc_g_aig,student/work/ex255_ex259_frontend_umul_deep_20260609_0013/ex255/verilog/ex255_umul_wide_ext_direct.v,student/work/ex255_ex259_frontend_umul_deep_20260609_0013/ex255/aigs/ex255_umul_wide_ext_direct_wreduce_abc_g_aig.aig,1,1,1,89,19,1691,836,2.022727,0,0,0.188,semantic_mul_exact,exact unsigned low4 * high4 over 256 inputs; source=wide_ext_direct; flow=wreduce_abc_g_aig
ex255,ex255_umul_wide_ext_direct_arith_wreduce_aig,unsigned low4_high4:a*b,wide_ext_direct+arith_wreduce_aig,student/work/ex255_ex259_frontend_umul_deep_20260609_0013/ex255/verilog/ex255_umul_wide_ext_direct.v,student/work/ex255_ex259_frontend_umul_deep_20260609_0013/ex255/aigs/ex255_umul_wide_ext_direct_arith_wreduce_aig.aig,1,1,1,89,19,1691,836,2.022727,0,0,0.190,semantic_mul_exact,exact unsigned low4 * high4 over 256 inputs; source=wide_ext_direct; flow=arith_wreduce_aig
ex255,ex255_umul_wide_ext_direct_synth_preset,unsigned low4_high4:a*b,wide_ext_direct+synth_preset,student/work/ex255_ex259_frontend_umul_deep_20260609_0013/ex255/verilog/ex255_umul_wide_ext_direct.v,student/work/ex255_ex259_frontend_umul_deep_20260609_0013/ex255/aigs/ex255_umul_wide_ext_direct_synth_preset.aig,1,1,1,89,19,1691,836,2.022727,0,0,0.221,semantic_mul_exact,exact unsigned low4 * high4 over 256 inputs; source=wide_ext_direct; flow=synth_preset
ex255,ex255_umul_balanced_rows_default,unsigned low4_high4:a*b,balanced_rows+default,student/work/ex255_ex259_frontend_umul_deep_20260609_0013/ex255/verilog/ex255_umul_balanced_rows.v,student/work/ex255_ex259_frontend_umul_deep_20260609_0013/ex255/aigs/ex255_umul_balanced_rows_default.aig,1,1,1,86,17,1462,836,1.748804,0,0,0.214,semantic_mul_exact,exact unsigned low4 * high4 over 256 inputs; source=balanced_rows; flow=default
ex255,ex255_umul_balanced_rows_wreduce_default,unsigned low4_high4:a*b,balanced_rows+wreduce_default,student/work/ex255_ex259_frontend_umul_deep_20260609_0013/ex255/verilog/ex255_umul_balanced_rows.v,student/work/ex255_ex259_frontend_umul_deep_20260609_0013/ex255/aigs/ex255_umul_balanced_rows_wreduce_default.aig,1,1,1,86,17,1462,836,1.748804,0,0,0.232,semantic_mul_exact,exact unsigned low4 * high4 over 256 inputs; source=balanced_rows; flow=wreduce_default
ex255,ex255_umul_balanced_rows_abc_g_aig,unsigned low4_high4:a*b,balanced_rows+abc_g_aig,student/work/ex255_ex259_frontend_umul_deep_20260609_0013/ex255/verilog/ex255_umul_balanced_rows.v,student/work/ex255_ex259_frontend_umul_deep_20260609_0013/ex255/aigs/ex255_umul_balanced_rows_abc_g_aig.aig,1,1,1,86,17,1462,836,1.748804,0,0,0.236,semantic_mul_exact,exact unsigned low4 * high4 over 256 inputs; source=balanced_rows; flow=abc_g_aig
ex255,ex255_umul_balanced_rows_wreduce_abc_g_aig,unsigned low4_high4:a*b,balanced_rows+wreduce_abc_g_aig,student/work/ex255_ex259_frontend_umul_deep_20260609_0013/ex255/verilog/ex255_umul_balanced_rows.v,student/work/ex255_ex259_frontend_umul_deep_20260609_0013/ex255/aigs/ex255_umul_balanced_rows_wreduce_abc_g_aig.aig,1,1,1,86,17,1462,836,1.748804,0,0,0.227,semantic_mul_exact,exact unsigned low4 * high4 over 256 inputs; source=balanced_rows; flow=wreduce_abc_g_aig
ex255,ex255_umul_balanced_rows_arith_wreduce_aig,unsigned low4_high4:a*b,balanced_rows+arith_wreduce_aig,student/work/ex255_ex259_frontend_umul_deep_20260609_0013/ex255/verilog/ex255_umul_balanced_rows.v,student/work/ex255_ex259_frontend_umul_deep_20260609_0013/ex255/aigs/ex255_umul_balanced_rows_arith_wreduce_aig.aig,1,1,1,85,15,1275,836,1.525120,0,0,0.217,semantic_mul_exact,exact unsigned low4 * high4 over 256 inputs; source=balanced_rows; flow=arith_wreduce_aig
ex255,ex255_umul_balanced_rows_synth_preset,unsigned low4_high4:a*b,balanced_rows+synth_preset,student/work/ex255_ex259_frontend_umul_deep_20260609_0013/ex255/verilog/ex255_umul_balanced_rows.v,student/work/ex255_ex259_frontend_umul_deep_20260609_0013/ex255/aigs/ex255_umul_balanced_rows_synth_preset.aig,1,1,1,85,15,1275,836,1.525120,0,0,0.257,semantic_mul_exact,exact unsigned low4 * high4 over 256 inputs; source=balanced_rows; flow=synth_preset
ex255,ex255_umul_csa_vector_default,unsigned low4_high4:a*b,csa_vector+default,student/work/ex255_ex259_frontend_umul_deep_20260609_0013/ex255/verilog/ex255_umul_csa_vector.v,student/work/ex255_ex259_frontend_umul_deep_20260609_0013/ex255/aigs/ex255_umul_csa_vector_default.aig,1,1,1,112,14,1568,836,1.875598,0,0,0.215,semantic_mul_exact,exact unsigned low4 * high4 over 256 inputs; source=csa_vector; flow=default
ex255,ex255_umul_csa_vector_wreduce_default,unsigned low4_high4:a*b,csa_vector+wreduce_default,student/work/ex255_ex259_frontend_umul_deep_20260609_0013/ex255/verilog/ex255_umul_csa_vector.v,student/work/ex255_ex259_frontend_umul_deep_20260609_0013/ex255/aigs/ex255_umul_csa_vector_wreduce_default.aig,1,1,1,112,14,1568,836,1.875598,0,0,0.221,semantic_mul_exact,exact unsigned low4 * high4 over 256 inputs; source=csa_vector; flow=wreduce_default
ex255,ex255_umul_csa_vector_abc_g_aig,unsigned low4_high4:a*b,csa_vector+abc_g_aig,student/work/ex255_ex259_frontend_umul_deep_20260609_0013/ex255/verilog/ex255_umul_csa_vector.v,student/work/ex255_ex259_frontend_umul_deep_20260609_0013/ex255/aigs/ex255_umul_csa_vector_abc_g_aig.aig,1,1,1,87,14,1218,836,1.456938,1,0,0.217,semantic_mul_exact,exact unsigned low4 * high4 over 256 inputs; source=csa_vector; flow=abc_g_aig
ex255,ex255_umul_csa_vector_wreduce_abc_g_aig,unsigned low4_high4:a*b,csa_vector+wreduce_abc_g_aig,student/work/ex255_ex259_frontend_umul_deep_20260609_0013/ex255/verilog/ex255_umul_csa_vector.v,student/work/ex255_ex259_frontend_umul_deep_20260609_0013/ex255/aigs/ex255_umul_csa_vector_wreduce_abc_g_aig.aig,1,1,1,87,14,1218,836,1.456938,1,0,0.218,semantic_mul_exact,exact unsigned low4 * high4 over 256 inputs; source=csa_vector; flow=wreduce_abc_g_aig
ex255,ex255_umul_csa_vector_arith_wreduce_aig,unsigned low4_high4:a*b,csa_vector+arith_wreduce_aig,student/work/ex255_ex259_frontend_umul_deep_20260609_0013/ex255/verilog/ex255_umul_csa_vector.v,student/work/ex255_ex259_frontend_umul_deep_20260609_0013/ex255/aigs/ex255_umul_csa_vector_arith_wreduce_aig.aig,1,1,1,87,14,1218,836,1.456938,1,0,0.219,semantic_mul_exact,exact unsigned low4 * high4 over 256 inputs; source=csa_vector; flow=arith_wreduce_aig
ex255,ex255_umul_csa_vector_synth_preset,unsigned low4_high4:a*b,csa_vector+synth_preset,student/work/ex255_ex259_frontend_umul_deep_20260609_0013/ex255/verilog/ex255_umul_csa_vector.v,student/work/ex255_ex259_frontend_umul_deep_20260609_0013/ex255/aigs/ex255_umul_csa_vector_synth_preset.aig,1,1,1,86,16,1376,836,1.645933,0,0,0.278,semantic_mul_exact,exact unsigned low4 * high4 over 256 inputs; source=csa_vector; flow=synth_preset
ex255,ex255_umul_column_carry_default,unsigned low4_high4:a*b,column_carry+default,student/work/ex255_ex259_frontend_umul_deep_20260609_0013/ex255/verilog/ex255_umul_column_carry.v,student/work/ex255_ex259_frontend_umul_deep_20260609_0013/ex255/aigs/ex255_umul_column_carry_default.aig,1,1,1,86,35,3010,836,3.600478,0,0,0.224,semantic_mul_exact,exact unsigned low4 * high4 over 256 inputs; source=column_carry; flow=default
ex255,ex255_umul_column_carry_wreduce_default,unsigned low4_high4:a*b,column_carry+wreduce_default,student/work/ex255_ex259_frontend_umul_deep_20260609_0013/ex255/verilog/ex255_umul_column_carry.v,student/work/ex255_ex259_frontend_umul_deep_20260609_0013/ex255/aigs/ex255_umul_column_carry_wreduce_default.aig,1,1,1,88,32,2816,836,3.368421,0,0,0.234,semantic_mul_exact,exact unsigned low4 * high4 over 256 inputs; source=column_carry; flow=wreduce_default
ex255,ex255_umul_column_carry_abc_g_aig,unsigned low4_high4:a*b,column_carry+abc_g_aig,student/work/ex255_ex259_frontend_umul_deep_20260609_0013/ex255/verilog/ex255_umul_column_carry.v,student/work/ex255_ex259_frontend_umul_deep_20260609_0013/ex255/aigs/ex255_umul_column_carry_abc_g_aig.aig,1,1,1,86,35,3010,836,3.600478,0,0,0.224,semantic_mul_exact,exact unsigned low4 * high4 over 256 inputs; source=column_carry; flow=abc_g_aig
ex255,ex255_umul_column_carry_wreduce_abc_g_aig,unsigned low4_high4:a*b,column_carry+wreduce_abc_g_aig,student/work/ex255_ex259_frontend_umul_deep_20260609_0013/ex255/verilog/ex255_umul_column_carry.v,student/work/ex255_ex259_frontend_umul_deep_20260609_0013/ex255/aigs/ex255_umul_column_carry_wreduce_abc_g_aig.aig,1,1,1,88,32,2816,836,3.368421,0,0,0.233,semantic_mul_exact,exact unsigned low4 * high4 over 256 inputs; source=column_carry; flow=wreduce_abc_g_aig
ex255,ex255_umul_column_carry_arith_wreduce_aig,unsigned low4_high4:a*b,column_carry+arith_wreduce_aig,student/work/ex255_ex259_frontend_umul_deep_20260609_0013/ex255/verilog/ex255_umul_column_carry.v,student/work/ex255_ex259_frontend_umul_deep_20260609_0013/ex255/aigs/ex255_umul_column_carry_arith_wreduce_aig.aig,1,1,1,84,35,2940,836,3.516746,0,0,0.234,semantic_mul_exact,exact unsigned low4 * high4 over 256 inputs; source=column_carry; flow=arith_wreduce_aig
ex255,ex255_umul_column_carry_synth_preset,unsigned low4_high4:a*b,column_carry+synth_preset,student/work/ex255_ex259_frontend_umul_deep_20260609_0013/ex255/verilog/ex255_umul_column_carry.v,student/work/ex255_ex259_frontend_umul_deep_20260609_0013/ex255/aigs/ex255_umul_column_carry_synth_preset.aig,1,1,1,84,35,2940,836,3.516746,0,0,0.288,semantic_mul_exact,exact unsigned low4 * high4 over 256 inputs; source=column_carry; flow=synth_preset
ex255,ex255_umul_case_b_const_default,unsigned low4_high4:a*b,case_b_const+default,student/work/ex255_ex259_frontend_umul_deep_20260609_0013/ex255/verilog/ex255_umul_case_b_const.v,student/work/ex255_ex259_frontend_umul_deep_20260609_0013/ex255/aigs/ex255_umul_case_b_const_default.aig,1,1,1,259,11,2849,836,3.407895,0,0,0.277,semantic_mul_exact,exact unsigned low4 * high4 over 256 inputs; source=case_b_const; flow=default
ex255,ex255_umul_case_b_const_wreduce_default,unsigned low4_high4:a*b,case_b_const+wreduce_default,student/work/ex255_ex259_frontend_umul_deep_20260609_0013/ex255/verilog/ex255_umul_case_b_const.v,student/work/ex255_ex259_frontend_umul_deep_20260609_0013/ex255/aigs/ex255_umul_case_b_const_wreduce_default.aig,1,1,1,264,13,3432,836,4.105263,0,0,0.293,semantic_mul_exact,exact unsigned low4 * high4 over 256 inputs; source=case_b_const; flow=wreduce_default
ex255,ex255_umul_case_b_const_abc_g_aig,unsigned low4_high4:a*b,case_b_const+abc_g_aig,student/work/ex255_ex259_frontend_umul_deep_20260609_0013/ex255/verilog/ex255_umul_case_b_const.v,student/work/ex255_ex259_frontend_umul_deep_20260609_0013/ex255/aigs/ex255_umul_case_b_const_abc_g_aig.aig,1,1,1,251,10,2510,836,3.002392,0,0,0.277,semantic_mul_exact,exact unsigned low4 * high4 over 256 inputs; source=case_b_const; flow=abc_g_aig
ex255,ex255_umul_case_b_const_wreduce_abc_g_aig,unsigned low4_high4:a*b,case_b_const+wreduce_abc_g_aig,student/work/ex255_ex259_frontend_umul_deep_20260609_0013/ex255/verilog/ex255_umul_case_b_const.v,student/work/ex255_ex259_frontend_umul_deep_20260609_0013/ex255/aigs/ex255_umul_case_b_const_wreduce_abc_g_aig.aig,1,1,1,257,11,2827,836,3.381579,0,0,0.295,semantic_mul_exact,exact unsigned low4 * high4 over 256 inputs; source=case_b_const; flow=wreduce_abc_g_aig
ex255,ex255_umul_case_b_const_arith_wreduce_aig,unsigned low4_high4:a*b,case_b_const+arith_wreduce_aig,student/work/ex255_ex259_frontend_umul_deep_20260609_0013/ex255/verilog/ex255_umul_case_b_const.v,student/work/ex255_ex259_frontend_umul_deep_20260609_0013/ex255/aigs/ex255_umul_case_b_const_arith_wreduce_aig.aig,1,1,1,255,10,2550,836,3.050239,0,0,0.292,semantic_mul_exact,exact unsigned low4 * high4 over 256 inputs; source=case_b_const; flow=arith_wreduce_aig
ex255,ex255_umul_case_b_const_synth_preset,unsigned low4_high4:a*b,case_b_const+synth_preset,student/work/ex255_ex259_frontend_umul_deep_20260609_0013/ex255/verilog/ex255_umul_case_b_const.v,student/work/ex255_ex259_frontend_umul_deep_20260609_0013/ex255/aigs/ex255_umul_case_b_const_synth_preset.aig,1,1,1,220,18,3960,836,4.736842,0,0,0.325,semantic_mul_exact,exact unsigned low4 * high4 over 256 inputs; source=case_b_const; flow=synth_preset
ex255,ex255_umul_split_half_default,unsigned low4_high4:a*b,split_half+default,student/work/ex255_ex259_frontend_umul_deep_20260609_0013/ex255/verilog/ex255_umul_split_half.v,student/work/ex255_ex259_frontend_umul_deep_20260609_0013/ex255/aigs/ex255_umul_split_half_default.aig,1,1,1,82,17,1394,836,1.667464,0,0,0.204,semantic_mul_exact,exact unsigned low4 * high4 over 256 inputs; source=split_half; flow=default
ex255,ex255_umul_split_half_wreduce_default,unsigned low4_high4:a*b,split_half+wreduce_default,student/work/ex255_ex259_frontend_umul_deep_20260609_0013/ex255/verilog/ex255_umul_split_half.v,student/work/ex255_ex259_frontend_umul_deep_20260609_0013/ex255/aigs/ex255_umul_split_half_wreduce_default.aig,1,1,1,82,17,1394,836,1.667464,0,0,0.215,semantic_mul_exact,exact unsigned low4 * high4 over 256 inputs; source=split_half; flow=wreduce_default
ex255,ex255_umul_split_half_abc_g_aig,unsigned low4_high4:a*b,split_half+abc_g_aig,student/work/ex255_ex259_frontend_umul_deep_20260609_0013/ex255/verilog/ex255_umul_split_half.v,student/work/ex255_ex259_frontend_umul_deep_20260609_0013/ex255/aigs/ex255_umul_split_half_abc_g_aig.aig,1,1,1,82,17,1394,836,1.667464,0,0,0.212,semantic_mul_exact,exact unsigned low4 * high4 over 256 inputs; source=split_half; flow=abc_g_aig
ex255,ex255_umul_split_half_wreduce_abc_g_aig,unsigned low4_high4:a*b,split_half+wreduce_abc_g_aig,student/work/ex255_ex259_frontend_umul_deep_20260609_0013/ex255/verilog/ex255_umul_split_half.v,student/work/ex255_ex259_frontend_umul_deep_20260609_0013/ex255/aigs/ex255_umul_split_half_wreduce_abc_g_aig.aig,1,1,1,82,17,1394,836,1.667464,0,0,0.214,semantic_mul_exact,exact unsigned low4 * high4 over 256 inputs; source=split_half; flow=wreduce_abc_g_aig
ex255,ex255_umul_split_half_arith_wreduce_aig,unsigned low4_high4:a*b,split_half+arith_wreduce_aig,student/work/ex255_ex259_frontend_umul_deep_20260609_0013/ex255/verilog/ex255_umul_split_half.v,student/work/ex255_ex259_frontend_umul_deep_20260609_0013/ex255/aigs/ex255_umul_split_half_arith_wreduce_aig.aig,1,1,1,87,17,1479,836,1.769139,0,0,0.251,semantic_mul_exact,exact unsigned low4 * high4 over 256 inputs; source=split_half; flow=arith_wreduce_aig
ex255,ex255_umul_split_half_synth_preset,unsigned low4_high4:a*b,split_half+synth_preset,student/work/ex255_ex259_frontend_umul_deep_20260609_0013/ex255/verilog/ex255_umul_split_half.v,student/work/ex255_ex259_frontend_umul_deep_20260609_0013/ex255/aigs/ex255_umul_split_half_synth_preset.aig,1,1,1,87,16,1392,836,1.665072,0,0,0.246,semantic_mul_exact,exact unsigned low4 * high4 over 256 inputs; source=split_half; flow=synth_preset
ex255,ex255_umul_karatsuba_even_default,unsigned low4_high4:a*b,karatsuba_even+default,student/work/ex255_ex259_frontend_umul_deep_20260609_0013/ex255/verilog/ex255_umul_karatsuba_even.v,student/work/ex255_ex259_frontend_umul_deep_20260609_0013/ex255/aigs/ex255_umul_karatsuba_even_default.aig,1,1,1,154,28,4312,836,5.157895,0,0,0.260,semantic_mul_exact,exact unsigned low4 * high4 over 256 inputs; source=karatsuba_even; flow=default
ex255,ex255_umul_karatsuba_even_wreduce_default,unsigned low4_high4:a*b,karatsuba_even+wreduce_default,student/work/ex255_ex259_frontend_umul_deep_20260609_0013/ex255/verilog/ex255_umul_karatsuba_even.v,student/work/ex255_ex259_frontend_umul_deep_20260609_0013/ex255/aigs/ex255_umul_karatsuba_even_wreduce_default.aig,1,1,1,154,28,4312,836,5.157895,0,0,0.248,semantic_mul_exact,exact unsigned low4 * high4 over 256 inputs; source=karatsuba_even; flow=wreduce_default
ex255,ex255_umul_karatsuba_even_abc_g_aig,unsigned low4_high4:a*b,karatsuba_even+abc_g_aig,student/work/ex255_ex259_frontend_umul_deep_20260609_0013/ex255/verilog/ex255_umul_karatsuba_even.v,student/work/ex255_ex259_frontend_umul_deep_20260609_0013/ex255/aigs/ex255_umul_karatsuba_even_abc_g_aig.aig,1,1,1,142,28,3976,836,4.755981,0,0,0.272,semantic_mul_exact,exact unsigned low4 * high4 over 256 inputs; source=karatsuba_even; flow=abc_g_aig
ex255,ex255_umul_karatsuba_even_wreduce_abc_g_aig,unsigned low4_high4:a*b,karatsuba_even+wreduce_abc_g_aig,student/work/ex255_ex259_frontend_umul_deep_20260609_0013/ex255/verilog/ex255_umul_karatsuba_even.v,student/work/ex255_ex259_frontend_umul_deep_20260609_0013/ex255/aigs/ex255_umul_karatsuba_even_wreduce_abc_g_aig.aig,1,1,1,142,28,3976,836,4.755981,0,0,0.258,semantic_mul_exact,exact unsigned low4 * high4 over 256 inputs; source=karatsuba_even; flow=wreduce_abc_g_aig
ex255,ex255_umul_karatsuba_even_arith_wreduce_aig,unsigned low4_high4:a*b,karatsuba_even+arith_wreduce_aig,student/work/ex255_ex259_frontend_umul_deep_20260609_0013/ex255/verilog/ex255_umul_karatsuba_even.v,student/work/ex255_ex259_frontend_umul_deep_20260609_0013/ex255/aigs/ex255_umul_karatsuba_even_arith_wreduce_aig.aig,1,1,1,141,25,3525,836,4.216507,0,0,0.253,semantic_mul_exact,exact unsigned low4 * high4 over 256 inputs; source=karatsuba_even; flow=arith_wreduce_aig
ex255,ex255_umul_karatsuba_even_synth_preset,unsigned low4_high4:a*b,karatsuba_even+synth_preset,student/work/ex255_ex259_frontend_umul_deep_20260609_0013/ex255/verilog/ex255_umul_karatsuba_even.v,student/work/ex255_ex259_frontend_umul_deep_20260609_0013/ex255/aigs/ex255_umul_karatsuba_even_synth_preset.aig,1,1,1,141,25,3525,836,4.216507,0,0,0.293,semantic_mul_exact,exact unsigned low4 * high4 over 256 inputs; source=karatsuba_even; flow=synth_preset
ex255,ex255_umul_sorted_operands_default,unsigned low4_high4:a*b,sorted_operands+default,student/work/ex255_ex259_frontend_umul_deep_20260609_0013/ex255/verilog/ex255_umul_sorted_operands.v,student/work/ex255_ex259_frontend_umul_deep_20260609_0013/ex255/aigs/ex255_umul_sorted_operands_default.aig,1,1,1,130,27,3510,836,4.198565,0,0,0.277,semantic_mul_exact,exact unsigned low4 * high4 over 256 inputs; source=sorted_operands; flow=default
ex255,ex255_umul_sorted_operands_wreduce_default,unsigned low4_high4:a*b,sorted_operands+wreduce_default,student/work/ex255_ex259_frontend_umul_deep_20260609_0013/ex255/verilog/ex255_umul_sorted_operands.v,student/work/ex255_ex259_frontend_umul_deep_20260609_0013/ex255/aigs/ex255_umul_sorted_operands_wreduce_default.aig,1,1,1,130,27,3510,836,4.198565,0,0,0.241,semantic_mul_exact,exact unsigned low4 * high4 over 256 inputs; source=sorted_operands; flow=wreduce_default
ex255,ex255_umul_sorted_operands_abc_g_aig,unsigned low4_high4:a*b,sorted_operands+abc_g_aig,student/work/ex255_ex259_frontend_umul_deep_20260609_0013/ex255/verilog/ex255_umul_sorted_operands.v,student/work/ex255_ex259_frontend_umul_deep_20260609_0013/ex255/aigs/ex255_umul_sorted_operands_abc_g_aig.aig,1,1,1,128,27,3456,836,4.133971,0,0,0.249,semantic_mul_exact,exact unsigned low4 * high4 over 256 inputs; source=sorted_operands; flow=abc_g_aig
ex255,ex255_umul_sorted_operands_wreduce_abc_g_aig,unsigned low4_high4:a*b,sorted_operands+wreduce_abc_g_aig,student/work/ex255_ex259_frontend_umul_deep_20260609_0013/ex255/verilog/ex255_umul_sorted_operands.v,student/work/ex255_ex259_frontend_umul_deep_20260609_0013/ex255/aigs/ex255_umul_sorted_operands_wreduce_abc_g_aig.aig,1,1,1,128,27,3456,836,4.133971,0,0,0.234,semantic_mul_exact,exact unsigned low4 * high4 over 256 inputs; source=sorted_operands; flow=wreduce_abc_g_aig
ex255,ex255_umul_sorted_operands_arith_wreduce_aig,unsigned low4_high4:a*b,sorted_operands+arith_wreduce_aig,student/work/ex255_ex259_frontend_umul_deep_20260609_0013/ex255/verilog/ex255_umul_sorted_operands.v,student/work/ex255_ex259_frontend_umul_deep_20260609_0013/ex255/aigs/ex255_umul_sorted_operands_arith_wreduce_aig.aig,1,1,1,128,27,3456,836,4.133971,0,0,0.232,semantic_mul_exact,exact unsigned low4 * high4 over 256 inputs; source=sorted_operands; flow=arith_wreduce_aig
ex255,ex255_umul_sorted_operands_synth_preset,unsigned low4_high4:a*b,sorted_operands+synth_preset,student/work/ex255_ex259_frontend_umul_deep_20260609_0013/ex255/verilog/ex255_umul_sorted_operands.v,student/work/ex255_ex259_frontend_umul_deep_20260609_0013/ex255/aigs/ex255_umul_sorted_operands_synth_preset.aig,1,1,1,128,27,3456,836,4.133971,0,0,0.319,semantic_mul_exact,exact unsigned low4 * high4 over 256 inputs; source=sorted_operands; flow=synth_preset
ex256,ex256_umul_direct_context_default,unsigned low5_high5:a*b,direct_context+default,student/work/ex255_ex259_frontend_umul_deep_20260609_0013/ex256/verilog/ex256_umul_direct_context.v,student/work/ex255_ex259_frontend_umul_deep_20260609_0013/ex256/aigs/ex256_umul_direct_context_default.aig,1,1,1,158,25,3950,1911,2.066981,0,0,0.215,semantic_mul_exact,exact unsigned low5 * high5 over 1024 inputs; source=direct_context; flow=default
ex256,ex256_umul_direct_context_wreduce_default,unsigned low5_high5:a*b,direct_context+wreduce_default,student/work/ex255_ex259_frontend_umul_deep_20260609_0013/ex256/verilog/ex256_umul_direct_context.v,student/work/ex255_ex259_frontend_umul_deep_20260609_0013/ex256/aigs/ex256_umul_direct_context_wreduce_default.aig,1,1,1,158,25,3950,1911,2.066981,0,0,0.234,semantic_mul_exact,exact unsigned low5 * high5 over 1024 inputs; source=direct_context; flow=wreduce_default
ex256,ex256_umul_direct_context_abc_g_aig,unsigned low5_high5:a*b,direct_context+abc_g_aig,student/work/ex255_ex259_frontend_umul_deep_20260609_0013/ex256/verilog/ex256_umul_direct_context.v,student/work/ex255_ex259_frontend_umul_deep_20260609_0013/ex256/aigs/ex256_umul_direct_context_abc_g_aig.aig,1,1,1,158,25,3950,1911,2.066981,0,0,0.210,semantic_mul_exact,exact unsigned low5 * high5 over 1024 inputs; source=direct_context; flow=abc_g_aig
ex256,ex256_umul_direct_context_wreduce_abc_g_aig,unsigned low5_high5:a*b,direct_context+wreduce_abc_g_aig,student/work/ex255_ex259_frontend_umul_deep_20260609_0013/ex256/verilog/ex256_umul_direct_context.v,student/work/ex255_ex259_frontend_umul_deep_20260609_0013/ex256/aigs/ex256_umul_direct_context_wreduce_abc_g_aig.aig,1,1,1,158,25,3950,1911,2.066981,0,0,0.210,semantic_mul_exact,exact unsigned low5 * high5 over 1024 inputs; source=direct_context; flow=wreduce_abc_g_aig
ex256,ex256_umul_direct_context_arith_wreduce_aig,unsigned low5_high5:a*b,direct_context+arith_wreduce_aig,student/work/ex255_ex259_frontend_umul_deep_20260609_0013/ex256/verilog/ex256_umul_direct_context.v,student/work/ex255_ex259_frontend_umul_deep_20260609_0013/ex256/aigs/ex256_umul_direct_context_arith_wreduce_aig.aig,1,1,1,158,25,3950,1911,2.066981,0,0,0.207,semantic_mul_exact,exact unsigned low5 * high5 over 1024 inputs; source=direct_context; flow=arith_wreduce_aig
ex256,ex256_umul_direct_context_synth_preset,unsigned low5_high5:a*b,direct_context+synth_preset,student/work/ex255_ex259_frontend_umul_deep_20260609_0013/ex256/verilog/ex256_umul_direct_context.v,student/work/ex255_ex259_frontend_umul_deep_20260609_0013/ex256/aigs/ex256_umul_direct_context_synth_preset.aig,1,1,1,155,25,3875,1911,2.027734,0,0,0.247,semantic_mul_exact,exact unsigned low5 * high5 over 1024 inputs; source=direct_context; flow=synth_preset
ex256,ex256_umul_wide_ext_direct_default,unsigned low5_high5:a*b,wide_ext_direct+default,student/work/ex255_ex259_frontend_umul_deep_20260609_0013/ex256/verilog/ex256_umul_wide_ext_direct.v,student/work/ex255_ex259_frontend_umul_deep_20260609_0013/ex256/aigs/ex256_umul_wide_ext_direct_default.aig,1,1,1,171,24,4104,1911,2.147567,0,0,0.219,semantic_mul_exact,exact unsigned low5 * high5 over 1024 inputs; source=wide_ext_direct; flow=default
ex256,ex256_umul_wide_ext_direct_wreduce_default,unsigned low5_high5:a*b,wide_ext_direct+wreduce_default,student/work/ex255_ex259_frontend_umul_deep_20260609_0013/ex256/verilog/ex256_umul_wide_ext_direct.v,student/work/ex255_ex259_frontend_umul_deep_20260609_0013/ex256/aigs/ex256_umul_wide_ext_direct_wreduce_default.aig,1,1,1,158,25,3950,1911,2.066981,0,0,0.205,semantic_mul_exact,exact unsigned low5 * high5 over 1024 inputs; source=wide_ext_direct; flow=wreduce_default
ex256,ex256_umul_wide_ext_direct_abc_g_aig,unsigned low5_high5:a*b,wide_ext_direct+abc_g_aig,student/work/ex255_ex259_frontend_umul_deep_20260609_0013/ex256/verilog/ex256_umul_wide_ext_direct.v,student/work/ex255_ex259_frontend_umul_deep_20260609_0013/ex256/aigs/ex256_umul_wide_ext_direct_abc_g_aig.aig,1,1,1,168,24,4032,1911,2.109890,0,0,0.220,semantic_mul_exact,exact unsigned low5 * high5 over 1024 inputs; source=wide_ext_direct; flow=abc_g_aig
ex256,ex256_umul_wide_ext_direct_wreduce_abc_g_aig,unsigned low5_high5:a*b,wide_ext_direct+wreduce_abc_g_aig,student/work/ex255_ex259_frontend_umul_deep_20260609_0013/ex256/verilog/ex256_umul_wide_ext_direct.v,student/work/ex255_ex259_frontend_umul_deep_20260609_0013/ex256/aigs/ex256_umul_wide_ext_direct_wreduce_abc_g_aig.aig,1,1,1,158,25,3950,1911,2.066981,0,0,0.206,semantic_mul_exact,exact unsigned low5 * high5 over 1024 inputs; source=wide_ext_direct; flow=wreduce_abc_g_aig
ex256,ex256_umul_wide_ext_direct_arith_wreduce_aig,unsigned low5_high5:a*b,wide_ext_direct+arith_wreduce_aig,student/work/ex255_ex259_frontend_umul_deep_20260609_0013/ex256/verilog/ex256_umul_wide_ext_direct.v,student/work/ex255_ex259_frontend_umul_deep_20260609_0013/ex256/aigs/ex256_umul_wide_ext_direct_arith_wreduce_aig.aig,1,1,1,158,25,3950,1911,2.066981,0,0,0.238,semantic_mul_exact,exact unsigned low5 * high5 over 1024 inputs; source=wide_ext_direct; flow=arith_wreduce_aig
ex256,ex256_umul_wide_ext_direct_synth_preset,unsigned low5_high5:a*b,wide_ext_direct+synth_preset,student/work/ex255_ex259_frontend_umul_deep_20260609_0013/ex256/verilog/ex256_umul_wide_ext_direct.v,student/work/ex255_ex259_frontend_umul_deep_20260609_0013/ex256/aigs/ex256_umul_wide_ext_direct_synth_preset.aig,1,1,1,155,25,3875,1911,2.027734,0,0,0.248,semantic_mul_exact,exact unsigned low5 * high5 over 1024 inputs; source=wide_ext_direct; flow=synth_preset
ex256,ex256_umul_balanced_rows_default,unsigned low5_high5:a*b,balanced_rows+default,student/work/ex255_ex259_frontend_umul_deep_20260609_0013/ex256/verilog/ex256_umul_balanced_rows.v,student/work/ex255_ex259_frontend_umul_deep_20260609_0013/ex256/aigs/ex256_umul_balanced_rows_default.aig,1,1,1,162,25,4050,1911,2.119309,0,0,0.245,semantic_mul_exact,exact unsigned low5 * high5 over 1024 inputs; source=balanced_rows; flow=default
ex256,ex256_umul_balanced_rows_wreduce_default,unsigned low5_high5:a*b,balanced_rows+wreduce_default,student/work/ex255_ex259_frontend_umul_deep_20260609_0013/ex256/verilog/ex256_umul_balanced_rows.v,student/work/ex255_ex259_frontend_umul_deep_20260609_0013/ex256/aigs/ex256_umul_balanced_rows_wreduce_default.aig,1,1,1,156,25,3900,1911,2.040816,0,0,0.256,semantic_mul_exact,exact unsigned low5 * high5 over 1024 inputs; source=balanced_rows; flow=wreduce_default
ex256,ex256_umul_balanced_rows_abc_g_aig,unsigned low5_high5:a*b,balanced_rows+abc_g_aig,student/work/ex255_ex259_frontend_umul_deep_20260609_0013/ex256/verilog/ex256_umul_balanced_rows.v,student/work/ex255_ex259_frontend_umul_deep_20260609_0013/ex256/aigs/ex256_umul_balanced_rows_abc_g_aig.aig,1,1,1,151,25,3775,1911,1.975406,0,0,0.240,semantic_mul_exact,exact unsigned low5 * high5 over 1024 inputs; source=balanced_rows; flow=abc_g_aig
ex256,ex256_umul_balanced_rows_wreduce_abc_g_aig,unsigned low5_high5:a*b,balanced_rows+wreduce_abc_g_aig,student/work/ex255_ex259_frontend_umul_deep_20260609_0013/ex256/verilog/ex256_umul_balanced_rows.v,student/work/ex255_ex259_frontend_umul_deep_20260609_0013/ex256/aigs/ex256_umul_balanced_rows_wreduce_abc_g_aig.aig,1,1,1,149,25,3725,1911,1.949241,0,0,0.251,semantic_mul_exact,exact unsigned low5 * high5 over 1024 inputs; source=balanced_rows; flow=wreduce_abc_g_aig
ex256,ex256_umul_balanced_rows_arith_wreduce_aig,unsigned low5_high5:a*b,balanced_rows+arith_wreduce_aig,student/work/ex255_ex259_frontend_umul_deep_20260609_0013/ex256/verilog/ex256_umul_balanced_rows.v,student/work/ex255_ex259_frontend_umul_deep_20260609_0013/ex256/aigs/ex256_umul_balanced_rows_arith_wreduce_aig.aig,1,1,1,152,23,3496,1911,1.829409,0,0,0.234,semantic_mul_exact,exact unsigned low5 * high5 over 1024 inputs; source=balanced_rows; flow=arith_wreduce_aig
ex256,ex256_umul_balanced_rows_synth_preset,unsigned low5_high5:a*b,balanced_rows+synth_preset,student/work/ex255_ex259_frontend_umul_deep_20260609_0013/ex256/verilog/ex256_umul_balanced_rows.v,student/work/ex255_ex259_frontend_umul_deep_20260609_0013/ex256/aigs/ex256_umul_balanced_rows_synth_preset.aig,1,1,1,152,23,3496,1911,1.829409,0,0,0.275,semantic_mul_exact,exact unsigned low5 * high5 over 1024 inputs; source=balanced_rows; flow=synth_preset
ex256,ex256_umul_csa_vector_default,unsigned low5_high5:a*b,csa_vector+default,student/work/ex255_ex259_frontend_umul_deep_20260609_0013/ex256/verilog/ex256_umul_csa_vector.v,student/work/ex255_ex259_frontend_umul_deep_20260609_0013/ex256/aigs/ex256_umul_csa_vector_default.aig,1,1,1,194,21,4074,1911,2.131868,0,0,0.236,semantic_mul_exact,exact unsigned low5 * high5 over 1024 inputs; source=csa_vector; flow=default
ex256,ex256_umul_csa_vector_wreduce_default,unsigned low5_high5:a*b,csa_vector+wreduce_default,student/work/ex255_ex259_frontend_umul_deep_20260609_0013/ex256/verilog/ex256_umul_csa_vector.v,student/work/ex255_ex259_frontend_umul_deep_20260609_0013/ex256/aigs/ex256_umul_csa_vector_wreduce_default.aig,1,1,1,192,22,4224,1911,2.210361,0,0,0.259,semantic_mul_exact,exact unsigned low5 * high5 over 1024 inputs; source=csa_vector; flow=wreduce_default
ex256,ex256_umul_csa_vector_abc_g_aig,unsigned low5_high5:a*b,csa_vector+abc_g_aig,student/work/ex255_ex259_frontend_umul_deep_20260609_0013/ex256/verilog/ex256_umul_csa_vector.v,student/work/ex255_ex259_frontend_umul_deep_20260609_0013/ex256/aigs/ex256_umul_csa_vector_abc_g_aig.aig,1,1,1,155,21,3255,1911,1.703297,0,0,0.228,semantic_mul_exact,exact unsigned low5 * high5 over 1024 inputs; source=csa_vector; flow=abc_g_aig
ex256,ex256_umul_csa_vector_wreduce_abc_g_aig,unsigned low5_high5:a*b,csa_vector+wreduce_abc_g_aig,student/work/ex255_ex259_frontend_umul_deep_20260609_0013/ex256/verilog/ex256_umul_csa_vector.v,student/work/ex255_ex259_frontend_umul_deep_20260609_0013/ex256/aigs/ex256_umul_csa_vector_wreduce_abc_g_aig.aig,1,1,1,151,22,3322,1911,1.738357,0,0,0.237,semantic_mul_exact,exact unsigned low5 * high5 over 1024 inputs; source=csa_vector; flow=wreduce_abc_g_aig
ex256,ex256_umul_csa_vector_arith_wreduce_aig,unsigned low5_high5:a*b,csa_vector+arith_wreduce_aig,student/work/ex255_ex259_frontend_umul_deep_20260609_0013/ex256/verilog/ex256_umul_csa_vector.v,student/work/ex255_ex259_frontend_umul_deep_20260609_0013/ex256/aigs/ex256_umul_csa_vector_arith_wreduce_aig.aig,1,1,1,155,22,3410,1911,1.784406,0,0,0.236,semantic_mul_exact,exact unsigned low5 * high5 over 1024 inputs; source=csa_vector; flow=arith_wreduce_aig
ex256,ex256_umul_csa_vector_synth_preset,unsigned low5_high5:a*b,csa_vector+synth_preset,student/work/ex255_ex259_frontend_umul_deep_20260609_0013/ex256/verilog/ex256_umul_csa_vector.v,student/work/ex255_ex259_frontend_umul_deep_20260609_0013/ex256/aigs/ex256_umul_csa_vector_synth_preset.aig,1,1,1,150,21,3150,1911,1.648352,0,0,0.299,semantic_mul_exact,exact unsigned low5 * high5 over 1024 inputs; source=csa_vector; flow=synth_preset
ex256,ex256_umul_column_carry_default,unsigned low5_high5:a*b,column_carry+default,student/work/ex255_ex259_frontend_umul_deep_20260609_0013/ex256/verilog/ex256_umul_column_carry.v,student/work/ex255_ex259_frontend_umul_deep_20260609_0013/ex256/aigs/ex256_umul_column_carry_default.aig,1,1,1,162,57,9234,1911,4.832025,0,0,0.273,semantic_mul_exact,exact unsigned low5 * high5 over 1024 inputs; source=column_carry; flow=default
ex256,ex256_umul_column_carry_wreduce_default,unsigned low5_high5:a*b,column_carry+wreduce_default,student/work/ex255_ex259_frontend_umul_deep_20260609_0013/ex256/verilog/ex256_umul_column_carry.v,student/work/ex255_ex259_frontend_umul_deep_20260609_0013/ex256/aigs/ex256_umul_column_carry_wreduce_default.aig,1,1,1,159,55,8745,1911,4.576138,0,0,0.280,semantic_mul_exact,exact unsigned low5 * high5 over 1024 inputs; source=column_carry; flow=wreduce_default
ex256,ex256_umul_column_carry_abc_g_aig,unsigned low5_high5:a*b,column_carry+abc_g_aig,student/work/ex255_ex259_frontend_umul_deep_20260609_0013/ex256/verilog/ex256_umul_column_carry.v,student/work/ex255_ex259_frontend_umul_deep_20260609_0013/ex256/aigs/ex256_umul_column_carry_abc_g_aig.aig,1,1,1,153,57,8721,1911,4.563579,0,0,0.262,semantic_mul_exact,exact unsigned low5 * high5 over 1024 inputs; source=column_carry; flow=abc_g_aig
ex256,ex256_umul_column_carry_wreduce_abc_g_aig,unsigned low5_high5:a*b,column_carry+wreduce_abc_g_aig,student/work/ex255_ex259_frontend_umul_deep_20260609_0013/ex256/verilog/ex256_umul_column_carry.v,student/work/ex255_ex259_frontend_umul_deep_20260609_0013/ex256/aigs/ex256_umul_column_carry_wreduce_abc_g_aig.aig,1,1,1,154,55,8470,1911,4.432234,0,0,0.279,semantic_mul_exact,exact unsigned low5 * high5 over 1024 inputs; source=column_carry; flow=wreduce_abc_g_aig
ex256,ex256_umul_column_carry_arith_wreduce_aig,unsigned low5_high5:a*b,column_carry+arith_wreduce_aig,student/work/ex255_ex259_frontend_umul_deep_20260609_0013/ex256/verilog/ex256_umul_column_carry.v,student/work/ex255_ex259_frontend_umul_deep_20260609_0013/ex256/aigs/ex256_umul_column_carry_arith_wreduce_aig.aig,1,1,1,146,57,8322,1911,4.354788,0,0,0.251,semantic_mul_exact,exact unsigned low5 * high5 over 1024 inputs; source=column_carry; flow=arith_wreduce_aig
ex256,ex256_umul_column_carry_synth_preset,unsigned low5_high5:a*b,column_carry+synth_preset,student/work/ex255_ex259_frontend_umul_deep_20260609_0013/ex256/verilog/ex256_umul_column_carry.v,student/work/ex255_ex259_frontend_umul_deep_20260609_0013/ex256/aigs/ex256_umul_column_carry_synth_preset.aig,1,1,1,146,57,8322,1911,4.354788,0,0,0.309,semantic_mul_exact,exact unsigned low5 * high5 over 1024 inputs; source=column_carry; flow=synth_preset
ex256,ex256_umul_case_b_const_default,unsigned low5_high5:a*b,case_b_const+default,student/work/ex255_ex259_frontend_umul_deep_20260609_0013/ex256/verilog/ex256_umul_case_b_const.v,student/work/ex255_ex259_frontend_umul_deep_20260609_0013/ex256/aigs/ex256_umul_case_b_const_default.aig,1,1,1,793,29,22997,1911,12.034014,0,0,0.456,semantic_mul_exact,exact unsigned low5 * high5 over 1024 inputs; source=case_b_const; flow=default
ex256,ex256_umul_case_b_const_wreduce_default,unsigned low5_high5:a*b,case_b_const+wreduce_default,student/work/ex255_ex259_frontend_umul_deep_20260609_0013/ex256/verilog/ex256_umul_case_b_const.v,student/work/ex255_ex259_frontend_umul_deep_20260609_0013/ex256/aigs/ex256_umul_case_b_const_wreduce_default.aig,1,1,1,795,29,23055,1911,12.064364,0,0,0.482,semantic_mul_exact,exact unsigned low5 * high5 over 1024 inputs; source=case_b_const; flow=wreduce_default
ex256,ex256_umul_case_b_const_abc_g_aig,unsigned low5_high5:a*b,case_b_const+abc_g_aig,student/work/ex255_ex259_frontend_umul_deep_20260609_0013/ex256/verilog/ex256_umul_case_b_const.v,student/work/ex255_ex259_frontend_umul_deep_20260609_0013/ex256/aigs/ex256_umul_case_b_const_abc_g_aig.aig,1,1,1,786,29,22794,1911,11.927786,0,0,0.464,semantic_mul_exact,exact unsigned low5 * high5 over 1024 inputs; source=case_b_const; flow=abc_g_aig
ex256,ex256_umul_case_b_const_wreduce_abc_g_aig,unsigned low5_high5:a*b,case_b_const+wreduce_abc_g_aig,student/work/ex255_ex259_frontend_umul_deep_20260609_0013/ex256/verilog/ex256_umul_case_b_const.v,student/work/ex255_ex259_frontend_umul_deep_20260609_0013/ex256/aigs/ex256_umul_case_b_const_wreduce_abc_g_aig.aig,1,1,1,790,29,22910,1911,11.988488,0,0,0.488,semantic_mul_exact,exact unsigned low5 * high5 over 1024 inputs; source=case_b_const; flow=wreduce_abc_g_aig
ex256,ex256_umul_case_b_const_arith_wreduce_aig,unsigned low5_high5:a*b,case_b_const+arith_wreduce_aig,student/work/ex255_ex259_frontend_umul_deep_20260609_0013/ex256/verilog/ex256_umul_case_b_const.v,student/work/ex255_ex259_frontend_umul_deep_20260609_0013/ex256/aigs/ex256_umul_case_b_const_arith_wreduce_aig.aig,1,1,1,791,29,22939,1911,12.003663,0,0,0.489,semantic_mul_exact,exact unsigned low5 * high5 over 1024 inputs; source=case_b_const; flow=arith_wreduce_aig
ex256,ex256_umul_case_b_const_synth_preset,unsigned low5_high5:a*b,case_b_const+synth_preset,student/work/ex255_ex259_frontend_umul_deep_20260609_0013/ex256/verilog/ex256_umul_case_b_const.v,student/work/ex255_ex259_frontend_umul_deep_20260609_0013/ex256/aigs/ex256_umul_case_b_const_synth_preset.aig,1,1,1,594,30,17820,1911,9.324961,0,0,0.492,semantic_mul_exact,exact unsigned low5 * high5 over 1024 inputs; source=case_b_const; flow=synth_preset
ex256,ex256_umul_split_half_default,unsigned low5_high5:a*b,split_half+default,student/work/ex255_ex259_frontend_umul_deep_20260609_0013/ex256/verilog/ex256_umul_split_half.v,student/work/ex255_ex259_frontend_umul_deep_20260609_0013/ex256/aigs/ex256_umul_split_half_default.aig,1,1,1,152,21,3192,1911,1.670330,0,0,0.234,semantic_mul_exact,exact unsigned low5 * high5 over 1024 inputs; source=split_half; flow=default
ex256,ex256_umul_split_half_wreduce_default,unsigned low5_high5:a*b,split_half+wreduce_default,student/work/ex255_ex259_frontend_umul_deep_20260609_0013/ex256/verilog/ex256_umul_split_half.v,student/work/ex255_ex259_frontend_umul_deep_20260609_0013/ex256/aigs/ex256_umul_split_half_wreduce_default.aig,1,1,1,152,21,3192,1911,1.670330,0,0,0.240,semantic_mul_exact,exact unsigned low5 * high5 over 1024 inputs; source=split_half; flow=wreduce_default
ex256,ex256_umul_split_half_abc_g_aig,unsigned low5_high5:a*b,split_half+abc_g_aig,student/work/ex255_ex259_frontend_umul_deep_20260609_0013/ex256/verilog/ex256_umul_split_half.v,student/work/ex255_ex259_frontend_umul_deep_20260609_0013/ex256/aigs/ex256_umul_split_half_abc_g_aig.aig,1,1,1,152,21,3192,1911,1.670330,0,0,0.232,semantic_mul_exact,exact unsigned low5 * high5 over 1024 inputs; source=split_half; flow=abc_g_aig
ex256,ex256_umul_split_half_wreduce_abc_g_aig,unsigned low5_high5:a*b,split_half+wreduce_abc_g_aig,student/work/ex255_ex259_frontend_umul_deep_20260609_0013/ex256/verilog/ex256_umul_split_half.v,student/work/ex255_ex259_frontend_umul_deep_20260609_0013/ex256/aigs/ex256_umul_split_half_wreduce_abc_g_aig.aig,1,1,1,152,21,3192,1911,1.670330,0,0,0.236,semantic_mul_exact,exact unsigned low5 * high5 over 1024 inputs; source=split_half; flow=wreduce_abc_g_aig
ex256,ex256_umul_split_half_arith_wreduce_aig,unsigned low5_high5:a*b,split_half+arith_wreduce_aig,student/work/ex255_ex259_frontend_umul_deep_20260609_0013/ex256/verilog/ex256_umul_split_half.v,student/work/ex255_ex259_frontend_umul_deep_20260609_0013/ex256/aigs/ex256_umul_split_half_arith_wreduce_aig.aig,1,1,1,157,21,3297,1911,1.725275,0,0,0.234,semantic_mul_exact,exact unsigned low5 * high5 over 1024 inputs; source=split_half; flow=arith_wreduce_aig
ex256,ex256_umul_split_half_synth_preset,unsigned low5_high5:a*b,split_half+synth_preset,student/work/ex255_ex259_frontend_umul_deep_20260609_0013/ex256/verilog/ex256_umul_split_half.v,student/work/ex255_ex259_frontend_umul_deep_20260609_0013/ex256/aigs/ex256_umul_split_half_synth_preset.aig,1,1,1,157,21,3297,1911,1.725275,0,0,0.267,semantic_mul_exact,exact unsigned low5 * high5 over 1024 inputs; source=split_half; flow=synth_preset
ex256,ex256_umul_sorted_operands_default,unsigned low5_high5:a*b,sorted_operands+default,student/work/ex255_ex259_frontend_umul_deep_20260609_0013/ex256/verilog/ex256_umul_sorted_operands.v,student/work/ex255_ex259_frontend_umul_deep_20260609_0013/ex256/aigs/ex256_umul_sorted_operands_default.aig,1,1,1,209,36,7524,1911,3.937206,0,0,0.289,semantic_mul_exact,exact unsigned low5 * high5 over 1024 inputs; source=sorted_operands; flow=default
ex256,ex256_umul_sorted_operands_wreduce_default,unsigned low5_high5:a*b,sorted_operands+wreduce_default,student/work/ex255_ex259_frontend_umul_deep_20260609_0013/ex256/verilog/ex256_umul_sorted_operands.v,student/work/ex255_ex259_frontend_umul_deep_20260609_0013/ex256/aigs/ex256_umul_sorted_operands_wreduce_default.aig,1,1,1,209,36,7524,1911,3.937206,0,0,0.256,semantic_mul_exact,exact unsigned low5 * high5 over 1024 inputs; source=sorted_operands; flow=wreduce_default
ex256,ex256_umul_sorted_operands_abc_g_aig,unsigned low5_high5:a*b,sorted_operands+abc_g_aig,student/work/ex255_ex259_frontend_umul_deep_20260609_0013/ex256/verilog/ex256_umul_sorted_operands.v,student/work/ex255_ex259_frontend_umul_deep_20260609_0013/ex256/aigs/ex256_umul_sorted_operands_abc_g_aig.aig,1,1,1,209,36,7524,1911,3.937206,0,0,0.257,semantic_mul_exact,exact unsigned low5 * high5 over 1024 inputs; source=sorted_operands; flow=abc_g_aig
ex256,ex256_umul_sorted_operands_wreduce_abc_g_aig,unsigned low5_high5:a*b,sorted_operands+wreduce_abc_g_aig,student/work/ex255_ex259_frontend_umul_deep_20260609_0013/ex256/verilog/ex256_umul_sorted_operands.v,student/work/ex255_ex259_frontend_umul_deep_20260609_0013/ex256/aigs/ex256_umul_sorted_operands_wreduce_abc_g_aig.aig,1,1,1,209,36,7524,1911,3.937206,0,0,0.258,semantic_mul_exact,exact unsigned low5 * high5 over 1024 inputs; source=sorted_operands; flow=wreduce_abc_g_aig
ex256,ex256_umul_sorted_operands_arith_wreduce_aig,unsigned low5_high5:a*b,sorted_operands+arith_wreduce_aig,student/work/ex255_ex259_frontend_umul_deep_20260609_0013/ex256/verilog/ex256_umul_sorted_operands.v,student/work/ex255_ex259_frontend_umul_deep_20260609_0013/ex256/aigs/ex256_umul_sorted_operands_arith_wreduce_aig.aig,1,1,1,209,36,7524,1911,3.937206,0,0,0.256,semantic_mul_exact,exact unsigned low5 * high5 over 1024 inputs; source=sorted_operands; flow=arith_wreduce_aig
ex256,ex256_umul_sorted_operands_synth_preset,unsigned low5_high5:a*b,sorted_operands+synth_preset,student/work/ex255_ex259_frontend_umul_deep_20260609_0013/ex256/verilog/ex256_umul_sorted_operands.v,student/work/ex255_ex259_frontend_umul_deep_20260609_0013/ex256/aigs/ex256_umul_sorted_operands_synth_preset.aig,1,1,1,209,35,7315,1911,3.827839,0,0,0.323,semantic_mul_exact,exact unsigned low5 * high5 over 1024 inputs; source=sorted_operands; flow=synth_preset
ex257,ex257_umul_direct_context_default,unsigned low6_high6:a*b,direct_context+default,student/work/ex255_ex259_frontend_umul_deep_20260609_0013/ex257/verilog/ex257_umul_direct_context.v,student/work/ex255_ex259_frontend_umul_deep_20260609_0013/ex257/aigs/ex257_umul_direct_context_default.aig,1,1,1,235,27,6345,3952,1.605516,0,0,0.250,semantic_mul_exact,exact unsigned low6 * high6 over 4096 inputs; source=direct_context; flow=default
ex257,ex257_umul_direct_context_wreduce_default,unsigned low6_high6:a*b,direct_context+wreduce_default,student/work/ex255_ex259_frontend_umul_deep_20260609_0013/ex257/verilog/ex257_umul_direct_context.v,student/work/ex255_ex259_frontend_umul_deep_20260609_0013/ex257/aigs/ex257_umul_direct_context_wreduce_default.aig,1,1,1,235,27,6345,3952,1.605516,0,0,0.249,semantic_mul_exact,exact unsigned low6 * high6 over 4096 inputs; source=direct_context; flow=wreduce_default
ex257,ex257_umul_direct_context_abc_g_aig,unsigned low6_high6:a*b,direct_context+abc_g_aig,student/work/ex255_ex259_frontend_umul_deep_20260609_0013/ex257/verilog/ex257_umul_direct_context.v,student/work/ex255_ex259_frontend_umul_deep_20260609_0013/ex257/aigs/ex257_umul_direct_context_abc_g_aig.aig,1,1,1,235,27,6345,3952,1.605516,0,0,0.252,semantic_mul_exact,exact unsigned low6 * high6 over 4096 inputs; source=direct_context; flow=abc_g_aig
ex257,ex257_umul_direct_context_wreduce_abc_g_aig,unsigned low6_high6:a*b,direct_context+wreduce_abc_g_aig,student/work/ex255_ex259_frontend_umul_deep_20260609_0013/ex257/verilog/ex257_umul_direct_context.v,student/work/ex255_ex259_frontend_umul_deep_20260609_0013/ex257/aigs/ex257_umul_direct_context_wreduce_abc_g_aig.aig,1,1,1,235,27,6345,3952,1.605516,0,0,0.268,semantic_mul_exact,exact unsigned low6 * high6 over 4096 inputs; source=direct_context; flow=wreduce_abc_g_aig
ex257,ex257_umul_direct_context_arith_wreduce_aig,unsigned low6_high6:a*b,direct_context+arith_wreduce_aig,student/work/ex255_ex259_frontend_umul_deep_20260609_0013/ex257/verilog/ex257_umul_direct_context.v,student/work/ex255_ex259_frontend_umul_deep_20260609_0013/ex257/aigs/ex257_umul_direct_context_arith_wreduce_aig.aig,1,1,1,235,27,6345,3952,1.605516,0,0,0.249,semantic_mul_exact,exact unsigned low6 * high6 over 4096 inputs; source=direct_context; flow=arith_wreduce_aig
ex257,ex257_umul_direct_context_synth_preset,unsigned low6_high6:a*b,direct_context+synth_preset,student/work/ex255_ex259_frontend_umul_deep_20260609_0013/ex257/verilog/ex257_umul_direct_context.v,student/work/ex255_ex259_frontend_umul_deep_20260609_0013/ex257/aigs/ex257_umul_direct_context_synth_preset.aig,1,1,1,229,27,6183,3952,1.564524,0,0,0.296,semantic_mul_exact,exact unsigned low6 * high6 over 4096 inputs; source=direct_context; flow=synth_preset
ex257,ex257_umul_wide_ext_direct_default,unsigned low6_high6:a*b,wide_ext_direct+default,student/work/ex255_ex259_frontend_umul_deep_20260609_0013/ex257/verilog/ex257_umul_wide_ext_direct.v,student/work/ex255_ex259_frontend_umul_deep_20260609_0013/ex257/aigs/ex257_umul_wide_ext_direct_default.aig,1,1,1,261,28,7308,3952,1.849190,0,0,0.261,semantic_mul_exact,exact unsigned low6 * high6 over 4096 inputs; source=wide_ext_direct; flow=default
ex257,ex257_umul_wide_ext_direct_wreduce_default,unsigned low6_high6:a*b,wide_ext_direct+wreduce_default,student/work/ex255_ex259_frontend_umul_deep_20260609_0013/ex257/verilog/ex257_umul_wide_ext_direct.v,student/work/ex255_ex259_frontend_umul_deep_20260609_0013/ex257/aigs/ex257_umul_wide_ext_direct_wreduce_default.aig,1,1,1,235,27,6345,3952,1.605516,0,0,0.251,semantic_mul_exact,exact unsigned low6 * high6 over 4096 inputs; source=wide_ext_direct; flow=wreduce_default
ex257,ex257_umul_wide_ext_direct_abc_g_aig,unsigned low6_high6:a*b,wide_ext_direct+abc_g_aig,student/work/ex255_ex259_frontend_umul_deep_20260609_0013/ex257/verilog/ex257_umul_wide_ext_direct.v,student/work/ex255_ex259_frontend_umul_deep_20260609_0013/ex257/aigs/ex257_umul_wide_ext_direct_abc_g_aig.aig,1,1,1,255,28,7140,3952,1.806680,0,0,0.262,semantic_mul_exact,exact unsigned low6 * high6 over 4096 inputs; source=wide_ext_direct; flow=abc_g_aig
ex257,ex257_umul_wide_ext_direct_wreduce_abc_g_aig,unsigned low6_high6:a*b,wide_ext_direct+wreduce_abc_g_aig,student/work/ex255_ex259_frontend_umul_deep_20260609_0013/ex257/verilog/ex257_umul_wide_ext_direct.v,student/work/ex255_ex259_frontend_umul_deep_20260609_0013/ex257/aigs/ex257_umul_wide_ext_direct_wreduce_abc_g_aig.aig,1,1,1,235,27,6345,3952,1.605516,0,0,0.256,semantic_mul_exact,exact unsigned low6 * high6 over 4096 inputs; source=wide_ext_direct; flow=wreduce_abc_g_aig
ex257,ex257_umul_wide_ext_direct_arith_wreduce_aig,unsigned low6_high6:a*b,wide_ext_direct+arith_wreduce_aig,student/work/ex255_ex259_frontend_umul_deep_20260609_0013/ex257/verilog/ex257_umul_wide_ext_direct.v,student/work/ex255_ex259_frontend_umul_deep_20260609_0013/ex257/aigs/ex257_umul_wide_ext_direct_arith_wreduce_aig.aig,1,1,1,235,27,6345,3952,1.605516,0,0,0.248,semantic_mul_exact,exact unsigned low6 * high6 over 4096 inputs; source=wide_ext_direct; flow=arith_wreduce_aig
ex257,ex257_umul_wide_ext_direct_synth_preset,unsigned low6_high6:a*b,wide_ext_direct+synth_preset,student/work/ex255_ex259_frontend_umul_deep_20260609_0013/ex257/verilog/ex257_umul_wide_ext_direct.v,student/work/ex255_ex259_frontend_umul_deep_20260609_0013/ex257/aigs/ex257_umul_wide_ext_direct_synth_preset.aig,1,1,1,229,27,6183,3952,1.564524,0,0,0.296,semantic_mul_exact,exact unsigned low6 * high6 over 4096 inputs; source=wide_ext_direct; flow=synth_preset
ex257,ex257_umul_balanced_rows_default,unsigned low6_high6:a*b,balanced_rows+default,student/work/ex255_ex259_frontend_umul_deep_20260609_0013/ex257/verilog/ex257_umul_balanced_rows.v,student/work/ex255_ex259_frontend_umul_deep_20260609_0013/ex257/aigs/ex257_umul_balanced_rows_default.aig,1,1,1,222,29,6438,3952,1.629049,0,0,0.296,semantic_mul_exact,exact unsigned low6 * high6 over 4096 inputs; source=balanced_rows; flow=default
ex257,ex257_umul_balanced_rows_wreduce_default,unsigned low6_high6:a*b,balanced_rows+wreduce_default,student/work/ex255_ex259_frontend_umul_deep_20260609_0013/ex257/verilog/ex257_umul_balanced_rows.v,student/work/ex255_ex259_frontend_umul_deep_20260609_0013/ex257/aigs/ex257_umul_balanced_rows_wreduce_default.aig,1,1,1,225,29,6525,3952,1.651063,0,0,0.312,semantic_mul_exact,exact unsigned low6 * high6 over 4096 inputs; source=balanced_rows; flow=wreduce_default
ex257,ex257_umul_balanced_rows_abc_g_aig,unsigned low6_high6:a*b,balanced_rows+abc_g_aig,student/work/ex255_ex259_frontend_umul_deep_20260609_0013/ex257/verilog/ex257_umul_balanced_rows.v,student/work/ex255_ex259_frontend_umul_deep_20260609_0013/ex257/aigs/ex257_umul_balanced_rows_abc_g_aig.aig,1,1,1,222,29,6438,3952,1.629049,0,0,0.292,semantic_mul_exact,exact unsigned low6 * high6 over 4096 inputs; source=balanced_rows; flow=abc_g_aig
ex257,ex257_umul_balanced_rows_wreduce_abc_g_aig,unsigned low6_high6:a*b,balanced_rows+wreduce_abc_g_aig,student/work/ex255_ex259_frontend_umul_deep_20260609_0013/ex257/verilog/ex257_umul_balanced_rows.v,student/work/ex255_ex259_frontend_umul_deep_20260609_0013/ex257/aigs/ex257_umul_balanced_rows_wreduce_abc_g_aig.aig,1,1,1,223,29,6467,3952,1.636387,0,0,0.306,semantic_mul_exact,exact unsigned low6 * high6 over 4096 inputs; source=balanced_rows; flow=wreduce_abc_g_aig
ex257,ex257_umul_balanced_rows_arith_wreduce_aig,unsigned low6_high6:a*b,balanced_rows+arith_wreduce_aig,student/work/ex255_ex259_frontend_umul_deep_20260609_0013/ex257/verilog/ex257_umul_balanced_rows.v,student/work/ex255_ex259_frontend_umul_deep_20260609_0013/ex257/aigs/ex257_umul_balanced_rows_arith_wreduce_aig.aig,1,1,1,229,25,5725,3952,1.448634,1,0,0.272,semantic_mul_exact,exact unsigned low6 * high6 over 4096 inputs; source=balanced_rows; flow=arith_wreduce_aig
ex257,ex257_umul_balanced_rows_synth_preset,unsigned low6_high6:a*b,balanced_rows+synth_preset,student/work/ex255_ex259_frontend_umul_deep_20260609_0013/ex257/verilog/ex257_umul_balanced_rows.v,student/work/ex255_ex259_frontend_umul_deep_20260609_0013/ex257/aigs/ex257_umul_balanced_rows_synth_preset.aig,1,1,1,229,27,6183,3952,1.564524,0,0,0.312,semantic_mul_exact,exact unsigned low6 * high6 over 4096 inputs; source=balanced_rows; flow=synth_preset
ex257,ex257_umul_csa_vector_default,unsigned low6_high6:a*b,csa_vector+default,student/work/ex255_ex259_frontend_umul_deep_20260609_0013/ex257/verilog/ex257_umul_csa_vector.v,student/work/ex255_ex259_frontend_umul_deep_20260609_0013/ex257/aigs/ex257_umul_csa_vector_default.aig,1,1,1,316,25,7900,3952,1.998988,0,0,0.277,semantic_mul_exact,exact unsigned low6 * high6 over 4096 inputs; source=csa_vector; flow=default
ex257,ex257_umul_csa_vector_wreduce_default,unsigned low6_high6:a*b,csa_vector+wreduce_default,student/work/ex255_ex259_frontend_umul_deep_20260609_0013/ex257/verilog/ex257_umul_csa_vector.v,student/work/ex255_ex259_frontend_umul_deep_20260609_0013/ex257/aigs/ex257_umul_csa_vector_wreduce_default.aig,1,1,1,315,24,7560,3952,1.912955,0,0,0.281,semantic_mul_exact,exact unsigned low6 * high6 over 4096 inputs; source=csa_vector; flow=wreduce_default
ex257,ex257_umul_csa_vector_abc_g_aig,unsigned low6_high6:a*b,csa_vector+abc_g_aig,student/work/ex255_ex259_frontend_umul_deep_20260609_0013/ex257/verilog/ex257_umul_csa_vector.v,student/work/ex255_ex259_frontend_umul_deep_20260609_0013/ex257/aigs/ex257_umul_csa_vector_abc_g_aig.aig,1,1,1,241,25,6025,3952,1.524545,0,0,0.274,semantic_mul_exact,exact unsigned low6 * high6 over 4096 inputs; source=csa_vector; flow=abc_g_aig
ex257,ex257_umul_csa_vector_wreduce_abc_g_aig,unsigned low6_high6:a*b,csa_vector+wreduce_abc_g_aig,student/work/ex255_ex259_frontend_umul_deep_20260609_0013/ex257/verilog/ex257_umul_csa_vector.v,student/work/ex255_ex259_frontend_umul_deep_20260609_0013/ex257/aigs/ex257_umul_csa_vector_wreduce_abc_g_aig.aig,1,1,1,238,24,5712,3952,1.445344,1,0,0.281,semantic_mul_exact,exact unsigned low6 * high6 over 4096 inputs; source=csa_vector; flow=wreduce_abc_g_aig
ex257,ex257_umul_csa_vector_arith_wreduce_aig,unsigned low6_high6:a*b,csa_vector+arith_wreduce_aig,student/work/ex255_ex259_frontend_umul_deep_20260609_0013/ex257/verilog/ex257_umul_csa_vector.v,student/work/ex255_ex259_frontend_umul_deep_20260609_0013/ex257/aigs/ex257_umul_csa_vector_arith_wreduce_aig.aig,1,1,1,241,25,6025,3952,1.524545,0,0,0.285,semantic_mul_exact,exact unsigned low6 * high6 over 4096 inputs; source=csa_vector; flow=arith_wreduce_aig
ex257,ex257_umul_csa_vector_synth_preset,unsigned low6_high6:a*b,csa_vector+synth_preset,student/work/ex255_ex259_frontend_umul_deep_20260609_0013/ex257/verilog/ex257_umul_csa_vector.v,student/work/ex255_ex259_frontend_umul_deep_20260609_0013/ex257/aigs/ex257_umul_csa_vector_synth_preset.aig,1,1,1,238,24,5712,3952,1.445344,1,0,0.337,semantic_mul_exact,exact unsigned low6 * high6 over 4096 inputs; source=csa_vector; flow=synth_preset
ex257,ex257_umul_column_carry_default,unsigned low6_high6:a*b,column_carry+default,student/work/ex255_ex259_frontend_umul_deep_20260609_0013/ex257/verilog/ex257_umul_column_carry.v,student/work/ex255_ex259_frontend_umul_deep_20260609_0013/ex257/aigs/ex257_umul_column_carry_default.aig,1,1,1,260,83,21580,3952,5.460526,0,0,0.351,semantic_mul_exact,exact unsigned low6 * high6 over 4096 inputs; source=column_carry; flow=default
ex257,ex257_umul_column_carry_wreduce_default,unsigned low6_high6:a*b,column_carry+wreduce_default,student/work/ex255_ex259_frontend_umul_deep_20260609_0013/ex257/verilog/ex257_umul_column_carry.v,student/work/ex255_ex259_frontend_umul_deep_20260609_0013/ex257/aigs/ex257_umul_column_carry_wreduce_default.aig,1,1,1,256,83,21248,3952,5.376518,0,0,0.362,semantic_mul_exact,exact unsigned low6 * high6 over 4096 inputs; source=column_carry; flow=wreduce_default
ex257,ex257_umul_column_carry_abc_g_aig,unsigned low6_high6:a*b,column_carry+abc_g_aig,student/work/ex255_ex259_frontend_umul_deep_20260609_0013/ex257/verilog/ex257_umul_column_carry.v,student/work/ex255_ex259_frontend_umul_deep_20260609_0013/ex257/aigs/ex257_umul_column_carry_abc_g_aig.aig,1,1,1,251,83,20833,3952,5.271508,0,0,0.354,semantic_mul_exact,exact unsigned low6 * high6 over 4096 inputs; source=column_carry; flow=abc_g_aig
ex257,ex257_umul_column_carry_wreduce_abc_g_aig,unsigned low6_high6:a*b,column_carry+wreduce_abc_g_aig,student/work/ex255_ex259_frontend_umul_deep_20260609_0013/ex257/verilog/ex257_umul_column_carry.v,student/work/ex255_ex259_frontend_umul_deep_20260609_0013/ex257/aigs/ex257_umul_column_carry_wreduce_abc_g_aig.aig,1,1,1,250,83,20750,3952,5.250506,0,0,0.361,semantic_mul_exact,exact unsigned low6 * high6 over 4096 inputs; source=column_carry; flow=wreduce_abc_g_aig
ex257,ex257_umul_column_carry_arith_wreduce_aig,unsigned low6_high6:a*b,column_carry+arith_wreduce_aig,student/work/ex255_ex259_frontend_umul_deep_20260609_0013/ex257/verilog/ex257_umul_column_carry.v,student/work/ex255_ex259_frontend_umul_deep_20260609_0013/ex257/aigs/ex257_umul_column_carry_arith_wreduce_aig.aig,1,1,1,225,83,18675,3952,4.725455,0,0,0.327,semantic_mul_exact,exact unsigned low6 * high6 over 4096 inputs; source=column_carry; flow=arith_wreduce_aig
ex257,ex257_umul_column_carry_synth_preset,unsigned low6_high6:a*b,column_carry+synth_preset,student/work/ex255_ex259_frontend_umul_deep_20260609_0013/ex257/verilog/ex257_umul_column_carry.v,student/work/ex255_ex259_frontend_umul_deep_20260609_0013/ex257/aigs/ex257_umul_column_carry_synth_preset.aig,1,1,1,226,83,18758,3952,4.746457,0,0,0.369,semantic_mul_exact,exact unsigned low6 * high6 over 4096 inputs; source=column_carry; flow=synth_preset
ex257,ex257_umul_case_b_const_default,unsigned low6_high6:a*b,case_b_const+default,student/work/ex255_ex259_frontend_umul_deep_20260609_0013/ex257/verilog/ex257_umul_case_b_const.v,student/work/ex255_ex259_frontend_umul_deep_20260609_0013/ex257/aigs/ex257_umul_case_b_const_default.aig,1,1,1,2033,36,73188,3952,18.519231,0,0,0.999,semantic_mul_exact,exact unsigned low6 * high6 over 4096 inputs; source=case_b_const; flow=default
ex257,ex257_umul_case_b_const_wreduce_default,unsigned low6_high6:a*b,case_b_const+wreduce_default,student/work/ex255_ex259_frontend_umul_deep_20260609_0013/ex257/verilog/ex257_umul_case_b_const.v,student/work/ex255_ex259_frontend_umul_deep_20260609_0013/ex257/aigs/ex257_umul_case_b_const_wreduce_default.aig,1,1,1,1974,35,69090,3952,17.482287,0,0,1.041,semantic_mul_exact,exact unsigned low6 * high6 over 4096 inputs; source=case_b_const; flow=wreduce_default
ex257,ex257_umul_case_b_const_abc_g_aig,unsigned low6_high6:a*b,case_b_const+abc_g_aig,student/work/ex255_ex259_frontend_umul_deep_20260609_0013/ex257/verilog/ex257_umul_case_b_const.v,student/work/ex255_ex259_frontend_umul_deep_20260609_0013/ex257/aigs/ex257_umul_case_b_const_abc_g_aig.aig,1,1,1,2004,34,68136,3952,17.240891,0,0,1.037,semantic_mul_exact,exact unsigned low6 * high6 over 4096 inputs; source=case_b_const; flow=abc_g_aig
ex257,ex257_umul_case_b_const_wreduce_abc_g_aig,unsigned low6_high6:a*b,case_b_const+wreduce_abc_g_aig,student/work/ex255_ex259_frontend_umul_deep_20260609_0013/ex257/verilog/ex257_umul_case_b_const.v,student/work/ex255_ex259_frontend_umul_deep_20260609_0013/ex257/aigs/ex257_umul_case_b_const_wreduce_abc_g_aig.aig,1,1,1,1954,34,66436,3952,16.810729,0,0,1.084,semantic_mul_exact,exact unsigned low6 * high6 over 4096 inputs; source=case_b_const; flow=wreduce_abc_g_aig
ex257,ex257_umul_case_b_const_arith_wreduce_aig,unsigned low6_high6:a*b,case_b_const+arith_wreduce_aig,student/work/ex255_ex259_frontend_umul_deep_20260609_0013/ex257/verilog/ex257_umul_case_b_const.v,student/work/ex255_ex259_frontend_umul_deep_20260609_0013/ex257/aigs/ex257_umul_case_b_const_arith_wreduce_aig.aig,1,1,1,1990,34,67660,3952,17.120445,0,0,1.047,semantic_mul_exact,exact unsigned low6 * high6 over 4096 inputs; source=case_b_const; flow=arith_wreduce_aig
ex257,ex257_umul_case_b_const_synth_preset,unsigned low6_high6:a*b,case_b_const+synth_preset,student/work/ex255_ex259_frontend_umul_deep_20260609_0013/ex257/verilog/ex257_umul_case_b_const.v,student/work/ex255_ex259_frontend_umul_deep_20260609_0013/ex257/aigs/ex257_umul_case_b_const_synth_preset.aig,1,1,1,1429,41,58589,3952,14.825152,0,0,0.943,semantic_mul_exact,exact unsigned low6 * high6 over 4096 inputs; source=case_b_const; flow=synth_preset
ex257,ex257_umul_split_half_default,unsigned low6_high6:a*b,split_half+default,student/work/ex255_ex259_frontend_umul_deep_20260609_0013/ex257/verilog/ex257_umul_split_half.v,student/work/ex255_ex259_frontend_umul_deep_20260609_0013/ex257/aigs/ex257_umul_split_half_default.aig,1,1,1,235,27,6345,3952,1.605516,0,0,0.268,semantic_mul_exact,exact unsigned low6 * high6 over 4096 inputs; source=split_half; flow=default
ex257,ex257_umul_split_half_wreduce_default,unsigned low6_high6:a*b,split_half+wreduce_default,student/work/ex255_ex259_frontend_umul_deep_20260609_0013/ex257/verilog/ex257_umul_split_half.v,student/work/ex255_ex259_frontend_umul_deep_20260609_0013/ex257/aigs/ex257_umul_split_half_wreduce_default.aig,1,1,1,238,27,6426,3952,1.626012,0,0,0.274,semantic_mul_exact,exact unsigned low6 * high6 over 4096 inputs; source=split_half; flow=wreduce_default
ex257,ex257_umul_split_half_abc_g_aig,unsigned low6_high6:a*b,split_half+abc_g_aig,student/work/ex255_ex259_frontend_umul_deep_20260609_0013/ex257/verilog/ex257_umul_split_half.v,student/work/ex255_ex259_frontend_umul_deep_20260609_0013/ex257/aigs/ex257_umul_split_half_abc_g_aig.aig,1,1,1,235,27,6345,3952,1.605516,0,0,0.267,semantic_mul_exact,exact unsigned low6 * high6 over 4096 inputs; source=split_half; flow=abc_g_aig
ex257,ex257_umul_split_half_wreduce_abc_g_aig,unsigned low6_high6:a*b,split_half+wreduce_abc_g_aig,student/work/ex255_ex259_frontend_umul_deep_20260609_0013/ex257/verilog/ex257_umul_split_half.v,student/work/ex255_ex259_frontend_umul_deep_20260609_0013/ex257/aigs/ex257_umul_split_half_wreduce_abc_g_aig.aig,1,1,1,236,27,6372,3952,1.612348,0,0,0.279,semantic_mul_exact,exact unsigned low6 * high6 over 4096 inputs; source=split_half; flow=wreduce_abc_g_aig
ex257,ex257_umul_split_half_arith_wreduce_aig,unsigned low6_high6:a*b,split_half+arith_wreduce_aig,student/work/ex255_ex259_frontend_umul_deep_20260609_0013/ex257/verilog/ex257_umul_split_half.v,student/work/ex255_ex259_frontend_umul_deep_20260609_0013/ex257/aigs/ex257_umul_split_half_arith_wreduce_aig.aig,1,1,1,253,27,6831,3952,1.728492,0,0,0.267,semantic_mul_exact,exact unsigned low6 * high6 over 4096 inputs; source=split_half; flow=arith_wreduce_aig
ex257,ex257_umul_split_half_synth_preset,unsigned low6_high6:a*b,split_half+synth_preset,student/work/ex255_ex259_frontend_umul_deep_20260609_0013/ex257/verilog/ex257_umul_split_half.v,student/work/ex255_ex259_frontend_umul_deep_20260609_0013/ex257/aigs/ex257_umul_split_half_synth_preset.aig,1,1,1,254,27,6858,3952,1.735324,0,0,0.314,semantic_mul_exact,exact unsigned low6 * high6 over 4096 inputs; source=split_half; flow=synth_preset
ex257,ex257_umul_karatsuba_even_default,unsigned low6_high6:a*b,karatsuba_even+default,student/work/ex255_ex259_frontend_umul_deep_20260609_0013/ex257/verilog/ex257_umul_karatsuba_even.v,student/work/ex255_ex259_frontend_umul_deep_20260609_0013/ex257/aigs/ex257_umul_karatsuba_even_default.aig,1,1,1,337,39,13143,3952,3.325658,0,0,0.339,semantic_mul_exact,exact unsigned low6 * high6 over 4096 inputs; source=karatsuba_even; flow=default
ex257,ex257_umul_karatsuba_even_wreduce_default,unsigned low6_high6:a*b,karatsuba_even+wreduce_default,student/work/ex255_ex259_frontend_umul_deep_20260609_0013/ex257/verilog/ex257_umul_karatsuba_even.v,student/work/ex255_ex259_frontend_umul_deep_20260609_0013/ex257/aigs/ex257_umul_karatsuba_even_wreduce_default.aig,1,1,1,337,39,13143,3952,3.325658,0,0,0.342,semantic_mul_exact,exact unsigned low6 * high6 over 4096 inputs; source=karatsuba_even; flow=wreduce_default
ex257,ex257_umul_karatsuba_even_abc_g_aig,unsigned low6_high6:a*b,karatsuba_even+abc_g_aig,student/work/ex255_ex259_frontend_umul_deep_20260609_0013/ex257/verilog/ex257_umul_karatsuba_even.v,student/work/ex255_ex259_frontend_umul_deep_20260609_0013/ex257/aigs/ex257_umul_karatsuba_even_abc_g_aig.aig,1,1,1,332,39,12948,3952,3.276316,0,0,0.343,semantic_mul_exact,exact unsigned low6 * high6 over 4096 inputs; source=karatsuba_even; flow=abc_g_aig
ex257,ex257_umul_karatsuba_even_wreduce_abc_g_aig,unsigned low6_high6:a*b,karatsuba_even+wreduce_abc_g_aig,student/work/ex255_ex259_frontend_umul_deep_20260609_0013/ex257/verilog/ex257_umul_karatsuba_even.v,student/work/ex255_ex259_frontend_umul_deep_20260609_0013/ex257/aigs/ex257_umul_karatsuba_even_wreduce_abc_g_aig.aig,1,1,1,332,39,12948,3952,3.276316,0,0,0.373,semantic_mul_exact,exact unsigned low6 * high6 over 4096 inputs; source=karatsuba_even; flow=wreduce_abc_g_aig
ex257,ex257_umul_karatsuba_even_arith_wreduce_aig,unsigned low6_high6:a*b,karatsuba_even+arith_wreduce_aig,student/work/ex255_ex259_frontend_umul_deep_20260609_0013/ex257/verilog/ex257_umul_karatsuba_even.v,student/work/ex255_ex259_frontend_umul_deep_20260609_0013/ex257/aigs/ex257_umul_karatsuba_even_arith_wreduce_aig.aig,1,1,1,325,37,12025,3952,3.042763,0,0,0.320,semantic_mul_exact,exact unsigned low6 * high6 over 4096 inputs; source=karatsuba_even; flow=arith_wreduce_aig
ex257,ex257_umul_karatsuba_even_synth_preset,unsigned low6_high6:a*b,karatsuba_even+synth_preset,student/work/ex255_ex259_frontend_umul_deep_20260609_0013/ex257/verilog/ex257_umul_karatsuba_even.v,student/work/ex255_ex259_frontend_umul_deep_20260609_0013/ex257/aigs/ex257_umul_karatsuba_even_synth_preset.aig,1,1,1,325,37,12025,3952,3.042763,0,0,0.380,semantic_mul_exact,exact unsigned low6 * high6 over 4096 inputs; source=karatsuba_even; flow=synth_preset
ex257,ex257_umul_sorted_operands_default,unsigned low6_high6:a*b,sorted_operands+default,student/work/ex255_ex259_frontend_umul_deep_20260609_0013/ex257/verilog/ex257_umul_sorted_operands.v,student/work/ex255_ex259_frontend_umul_deep_20260609_0013/ex257/aigs/ex257_umul_sorted_operands_default.aig,1,1,1,295,37,10915,3952,2.761893,0,0,0.300,semantic_mul_exact,exact unsigned low6 * high6 over 4096 inputs; source=sorted_operands; flow=default
ex257,ex257_umul_sorted_operands_wreduce_default,unsigned low6_high6:a*b,sorted_operands+wreduce_default,student/work/ex255_ex259_frontend_umul_deep_20260609_0013/ex257/verilog/ex257_umul_sorted_operands.v,student/work/ex255_ex259_frontend_umul_deep_20260609_0013/ex257/aigs/ex257_umul_sorted_operands_wreduce_default.aig,1,1,1,295,37,10915,3952,2.761893,0,0,0.297,semantic_mul_exact,exact unsigned low6 * high6 over 4096 inputs; source=sorted_operands; flow=wreduce_default
ex257,ex257_umul_sorted_operands_abc_g_aig,unsigned low6_high6:a*b,sorted_operands+abc_g_aig,student/work/ex255_ex259_frontend_umul_deep_20260609_0013/ex257/verilog/ex257_umul_sorted_operands.v,student/work/ex255_ex259_frontend_umul_deep_20260609_0013/ex257/aigs/ex257_umul_sorted_operands_abc_g_aig.aig,1,1,1,295,37,10915,3952,2.761893,0,0,0.297,semantic_mul_exact,exact unsigned low6 * high6 over 4096 inputs; source=sorted_operands; flow=abc_g_aig
ex257,ex257_umul_sorted_operands_wreduce_abc_g_aig,unsigned low6_high6:a*b,sorted_operands+wreduce_abc_g_aig,student/work/ex255_ex259_frontend_umul_deep_20260609_0013/ex257/verilog/ex257_umul_sorted_operands.v,student/work/ex255_ex259_frontend_umul_deep_20260609_0013/ex257/aigs/ex257_umul_sorted_operands_wreduce_abc_g_aig.aig,1,1,1,295,37,10915,3952,2.761893,0,0,0.300,semantic_mul_exact,exact unsigned low6 * high6 over 4096 inputs; source=sorted_operands; flow=wreduce_abc_g_aig
ex257,ex257_umul_sorted_operands_arith_wreduce_aig,unsigned low6_high6:a*b,sorted_operands+arith_wreduce_aig,student/work/ex255_ex259_frontend_umul_deep_20260609_0013/ex257/verilog/ex257_umul_sorted_operands.v,student/work/ex255_ex259_frontend_umul_deep_20260609_0013/ex257/aigs/ex257_umul_sorted_operands_arith_wreduce_aig.aig,1,1,1,295,37,10915,3952,2.761893,0,0,0.300,semantic_mul_exact,exact unsigned low6 * high6 over 4096 inputs; source=sorted_operands; flow=arith_wreduce_aig
ex257,ex257_umul_sorted_operands_synth_preset,unsigned low6_high6:a*b,sorted_operands+synth_preset,student/work/ex255_ex259_frontend_umul_deep_20260609_0013/ex257/verilog/ex257_umul_sorted_operands.v,student/work/ex255_ex259_frontend_umul_deep_20260609_0013/ex257/aigs/ex257_umul_sorted_operands_synth_preset.aig,1,1,1,293,37,10841,3952,2.743168,0,0,0.368,semantic_mul_exact,exact unsigned low6 * high6 over 4096 inputs; source=sorted_operands; flow=synth_preset
ex258,ex258_umul_direct_context_default,unsigned low7_high7:a*b,direct_context+default,student/work/ex255_ex259_frontend_umul_deep_20260609_0013/ex258/verilog/ex258_umul_direct_context.v,student/work/ex255_ex259_frontend_umul_deep_20260609_0013/ex258/aigs/ex258_umul_direct_context_default.aig,1,1,1,343,33,11319,6289,1.799809,0,0,0.439,semantic_mul_exact,exact unsigned low7 * high7 over 16384 inputs; source=direct_context; flow=default
ex258,ex258_umul_direct_context_wreduce_default,unsigned low7_high7:a*b,direct_context+wreduce_default,student/work/ex255_ex259_frontend_umul_deep_20260609_0013/ex258/verilog/ex258_umul_direct_context.v,student/work/ex255_ex259_frontend_umul_deep_20260609_0013/ex258/aigs/ex258_umul_direct_context_wreduce_default.aig,1,1,1,343,33,11319,6289,1.799809,0,0,0.441,semantic_mul_exact,exact unsigned low7 * high7 over 16384 inputs; source=direct_context; flow=wreduce_default
ex258,ex258_umul_direct_context_abc_g_aig,unsigned low7_high7:a*b,direct_context+abc_g_aig,student/work/ex255_ex259_frontend_umul_deep_20260609_0013/ex258/verilog/ex258_umul_direct_context.v,student/work/ex255_ex259_frontend_umul_deep_20260609_0013/ex258/aigs/ex258_umul_direct_context_abc_g_aig.aig,1,1,1,343,33,11319,6289,1.799809,0,0,0.441,semantic_mul_exact,exact unsigned low7 * high7 over 16384 inputs; source=direct_context; flow=abc_g_aig
ex258,ex258_umul_direct_context_wreduce_abc_g_aig,unsigned low7_high7:a*b,direct_context+wreduce_abc_g_aig,student/work/ex255_ex259_frontend_umul_deep_20260609_0013/ex258/verilog/ex258_umul_direct_context.v,student/work/ex255_ex259_frontend_umul_deep_20260609_0013/ex258/aigs/ex258_umul_direct_context_wreduce_abc_g_aig.aig,1,1,1,343,33,11319,6289,1.799809,0,0,0.441,semantic_mul_exact,exact unsigned low7 * high7 over 16384 inputs; source=direct_context; flow=wreduce_abc_g_aig
ex258,ex258_umul_direct_context_arith_wreduce_aig,unsigned low7_high7:a*b,direct_context+arith_wreduce_aig,student/work/ex255_ex259_frontend_umul_deep_20260609_0013/ex258/verilog/ex258_umul_direct_context.v,student/work/ex255_ex259_frontend_umul_deep_20260609_0013/ex258/aigs/ex258_umul_direct_context_arith_wreduce_aig.aig,1,1,1,343,33,11319,6289,1.799809,0,0,0.443,semantic_mul_exact,exact unsigned low7 * high7 over 16384 inputs; source=direct_context; flow=arith_wreduce_aig
ex258,ex258_umul_direct_context_synth_preset,unsigned low7_high7:a*b,direct_context+synth_preset,student/work/ex255_ex259_frontend_umul_deep_20260609_0013/ex258/verilog/ex258_umul_direct_context.v,student/work/ex255_ex259_frontend_umul_deep_20260609_0013/ex258/aigs/ex258_umul_direct_context_synth_preset.aig,1,1,1,343,33,11319,6289,1.799809,0,0,0.486,semantic_mul_exact,exact unsigned low7 * high7 over 16384 inputs; source=direct_context; flow=synth_preset
ex258,ex258_umul_wide_ext_direct_default,unsigned low7_high7:a*b,wide_ext_direct+default,student/work/ex255_ex259_frontend_umul_deep_20260609_0013/ex258/verilog/ex258_umul_wide_ext_direct.v,student/work/ex255_ex259_frontend_umul_deep_20260609_0013/ex258/aigs/ex258_umul_wide_ext_direct_default.aig,1,1,1,392,35,13720,6289,2.181587,0,0,0.450,semantic_mul_exact,exact unsigned low7 * high7 over 16384 inputs; source=wide_ext_direct; flow=default
ex258,ex258_umul_wide_ext_direct_wreduce_default,unsigned low7_high7:a*b,wide_ext_direct+wreduce_default,student/work/ex255_ex259_frontend_umul_deep_20260609_0013/ex258/verilog/ex258_umul_wide_ext_direct.v,student/work/ex255_ex259_frontend_umul_deep_20260609_0013/ex258/aigs/ex258_umul_wide_ext_direct_wreduce_default.aig,1,1,1,343,33,11319,6289,1.799809,0,0,0.451,semantic_mul_exact,exact unsigned low7 * high7 over 16384 inputs; source=wide_ext_direct; flow=wreduce_default
ex258,ex258_umul_wide_ext_direct_abc_g_aig,unsigned low7_high7:a*b,wide_ext_direct+abc_g_aig,student/work/ex255_ex259_frontend_umul_deep_20260609_0013/ex258/verilog/ex258_umul_wide_ext_direct.v,student/work/ex255_ex259_frontend_umul_deep_20260609_0013/ex258/aigs/ex258_umul_wide_ext_direct_abc_g_aig.aig,1,1,1,389,35,13615,6289,2.164891,0,0,0.468,semantic_mul_exact,exact unsigned low7 * high7 over 16384 inputs; source=wide_ext_direct; flow=abc_g_aig
ex258,ex258_umul_wide_ext_direct_wreduce_abc_g_aig,unsigned low7_high7:a*b,wide_ext_direct+wreduce_abc_g_aig,student/work/ex255_ex259_frontend_umul_deep_20260609_0013/ex258/verilog/ex258_umul_wide_ext_direct.v,student/work/ex255_ex259_frontend_umul_deep_20260609_0013/ex258/aigs/ex258_umul_wide_ext_direct_wreduce_abc_g_aig.aig,1,1,1,343,33,11319,6289,1.799809,0,0,0.450,semantic_mul_exact,exact unsigned low7 * high7 over 16384 inputs; source=wide_ext_direct; flow=wreduce_abc_g_aig
ex258,ex258_umul_wide_ext_direct_arith_wreduce_aig,unsigned low7_high7:a*b,wide_ext_direct+arith_wreduce_aig,student/work/ex255_ex259_frontend_umul_deep_20260609_0013/ex258/verilog/ex258_umul_wide_ext_direct.v,student/work/ex255_ex259_frontend_umul_deep_20260609_0013/ex258/aigs/ex258_umul_wide_ext_direct_arith_wreduce_aig.aig,1,1,1,343,33,11319,6289,1.799809,0,0,0.441,semantic_mul_exact,exact unsigned low7 * high7 over 16384 inputs; source=wide_ext_direct; flow=arith_wreduce_aig
ex258,ex258_umul_wide_ext_direct_synth_preset,unsigned low7_high7:a*b,wide_ext_direct+synth_preset,student/work/ex255_ex259_frontend_umul_deep_20260609_0013/ex258/verilog/ex258_umul_wide_ext_direct.v,student/work/ex255_ex259_frontend_umul_deep_20260609_0013/ex258/aigs/ex258_umul_wide_ext_direct_synth_preset.aig,1,1,1,343,33,11319,6289,1.799809,0,0,0.487,semantic_mul_exact,exact unsigned low7 * high7 over 16384 inputs; source=wide_ext_direct; flow=synth_preset
ex258,ex258_umul_balanced_rows_default,unsigned low7_high7:a*b,balanced_rows+default,student/work/ex255_ex259_frontend_umul_deep_20260609_0013/ex258/verilog/ex258_umul_balanced_rows.v,student/work/ex255_ex259_frontend_umul_deep_20260609_0013/ex258/aigs/ex258_umul_balanced_rows_default.aig,1,1,1,320,32,10240,6289,1.628240,0,0,0.482,semantic_mul_exact,exact unsigned low7 * high7 over 16384 inputs; source=balanced_rows; flow=default
ex258,ex258_umul_balanced_rows_wreduce_default,unsigned low7_high7:a*b,balanced_rows+wreduce_default,student/work/ex255_ex259_frontend_umul_deep_20260609_0013/ex258/verilog/ex258_umul_balanced_rows.v,student/work/ex255_ex259_frontend_umul_deep_20260609_0013/ex258/aigs/ex258_umul_balanced_rows_wreduce_default.aig,1,1,1,326,32,10432,6289,1.658769,0,0,0.512,semantic_mul_exact,exact unsigned low7 * high7 over 16384 inputs; source=balanced_rows; flow=wreduce_default
ex258,ex258_umul_balanced_rows_abc_g_aig,unsigned low7_high7:a*b,balanced_rows+abc_g_aig,student/work/ex255_ex259_frontend_umul_deep_20260609_0013/ex258/verilog/ex258_umul_balanced_rows.v,student/work/ex255_ex259_frontend_umul_deep_20260609_0013/ex258/aigs/ex258_umul_balanced_rows_abc_g_aig.aig,1,1,1,320,32,10240,6289,1.628240,0,0,0.483,semantic_mul_exact,exact unsigned low7 * high7 over 16384 inputs; source=balanced_rows; flow=abc_g_aig
ex258,ex258_umul_balanced_rows_wreduce_abc_g_aig,unsigned low7_high7:a*b,balanced_rows+wreduce_abc_g_aig,student/work/ex255_ex259_frontend_umul_deep_20260609_0013/ex258/verilog/ex258_umul_balanced_rows.v,student/work/ex255_ex259_frontend_umul_deep_20260609_0013/ex258/aigs/ex258_umul_balanced_rows_wreduce_abc_g_aig.aig,1,1,1,321,32,10272,6289,1.633328,0,0,0.518,semantic_mul_exact,exact unsigned low7 * high7 over 16384 inputs; source=balanced_rows; flow=wreduce_abc_g_aig
ex258,ex258_umul_balanced_rows_arith_wreduce_aig,unsigned low7_high7:a*b,balanced_rows+arith_wreduce_aig,student/work/ex255_ex259_frontend_umul_deep_20260609_0013/ex258/verilog/ex258_umul_balanced_rows.v,student/work/ex255_ex259_frontend_umul_deep_20260609_0013/ex258/aigs/ex258_umul_balanced_rows_arith_wreduce_aig.aig,1,1,1,334,31,10354,6289,1.646367,0,0,0.484,semantic_mul_exact,exact unsigned low7 * high7 over 16384 inputs; source=balanced_rows; flow=arith_wreduce_aig
ex258,ex258_umul_balanced_rows_synth_preset,unsigned low7_high7:a*b,balanced_rows+synth_preset,student/work/ex255_ex259_frontend_umul_deep_20260609_0013/ex258/verilog/ex258_umul_balanced_rows.v,student/work/ex255_ex259_frontend_umul_deep_20260609_0013/ex258/aigs/ex258_umul_balanced_rows_synth_preset.aig,1,1,1,338,33,11154,6289,1.773573,0,0,0.547,semantic_mul_exact,exact unsigned low7 * high7 over 16384 inputs; source=balanced_rows; flow=synth_preset
ex258,ex258_umul_csa_vector_default,unsigned low7_high7:a*b,csa_vector+default,student/work/ex255_ex259_frontend_umul_deep_20260609_0013/ex258/verilog/ex258_umul_csa_vector.v,student/work/ex255_ex259_frontend_umul_deep_20260609_0013/ex258/aigs/ex258_umul_csa_vector_default.aig,1,1,1,459,29,13311,6289,2.116553,0,0,0.485,semantic_mul_exact,exact unsigned low7 * high7 over 16384 inputs; source=csa_vector; flow=default
ex258,ex258_umul_csa_vector_wreduce_default,unsigned low7_high7:a*b,csa_vector+wreduce_default,student/work/ex255_ex259_frontend_umul_deep_20260609_0013/ex258/verilog/ex258_umul_csa_vector.v,student/work/ex255_ex259_frontend_umul_deep_20260609_0013/ex258/aigs/ex258_umul_csa_vector_wreduce_default.aig,1,1,1,454,29,13166,6289,2.093497,0,0,0.502,semantic_mul_exact,exact unsigned low7 * high7 over 16384 inputs; source=csa_vector; flow=wreduce_default
ex258,ex258_umul_csa_vector_abc_g_aig,unsigned low7_high7:a*b,csa_vector+abc_g_aig,student/work/ex255_ex259_frontend_umul_deep_20260609_0013/ex258/verilog/ex258_umul_csa_vector.v,student/work/ex255_ex259_frontend_umul_deep_20260609_0013/ex258/aigs/ex258_umul_csa_vector_abc_g_aig.aig,1,1,1,347,29,10063,6289,1.600095,0,0,0.486,semantic_mul_exact,exact unsigned low7 * high7 over 16384 inputs; source=csa_vector; flow=abc_g_aig
ex258,ex258_umul_csa_vector_wreduce_abc_g_aig,unsigned low7_high7:a*b,csa_vector+wreduce_abc_g_aig,student/work/ex255_ex259_frontend_umul_deep_20260609_0013/ex258/verilog/ex258_umul_csa_vector.v,student/work/ex255_ex259_frontend_umul_deep_20260609_0013/ex258/aigs/ex258_umul_csa_vector_wreduce_abc_g_aig.aig,1,1,1,347,29,10063,6289,1.600095,0,0,0.497,semantic_mul_exact,exact unsigned low7 * high7 over 16384 inputs; source=csa_vector; flow=wreduce_abc_g_aig
ex258,ex258_umul_csa_vector_arith_wreduce_aig,unsigned low7_high7:a*b,csa_vector+arith_wreduce_aig,student/work/ex255_ex259_frontend_umul_deep_20260609_0013/ex258/verilog/ex258_umul_csa_vector.v,student/work/ex255_ex259_frontend_umul_deep_20260609_0013/ex258/aigs/ex258_umul_csa_vector_arith_wreduce_aig.aig,1,1,1,347,31,10757,6289,1.710447,0,0,0.495,semantic_mul_exact,exact unsigned low7 * high7 over 16384 inputs; source=csa_vector; flow=arith_wreduce_aig
ex258,ex258_umul_csa_vector_synth_preset,unsigned low7_high7:a*b,csa_vector+synth_preset,student/work/ex255_ex259_frontend_umul_deep_20260609_0013/ex258/verilog/ex258_umul_csa_vector.v,student/work/ex255_ex259_frontend_umul_deep_20260609_0013/ex258/aigs/ex258_umul_csa_vector_synth_preset.aig,1,1,1,350,29,10150,6289,1.613929,0,0,0.576,semantic_mul_exact,exact unsigned low7 * high7 over 16384 inputs; source=csa_vector; flow=synth_preset
ex258,ex258_umul_column_carry_default,unsigned low7_high7:a*b,column_carry+default,student/work/ex255_ex259_frontend_umul_deep_20260609_0013/ex258/verilog/ex258_umul_column_carry.v,student/work/ex255_ex259_frontend_umul_deep_20260609_0013/ex258/aigs/ex258_umul_column_carry_default.aig,1,1,1,382,113,43166,6289,6.863730,0,0,0.596,semantic_mul_exact,exact unsigned low7 * high7 over 16384 inputs; source=column_carry; flow=default
ex258,ex258_umul_column_carry_wreduce_default,unsigned low7_high7:a*b,column_carry+wreduce_default,student/work/ex255_ex259_frontend_umul_deep_20260609_0013/ex258/verilog/ex258_umul_column_carry.v,student/work/ex255_ex259_frontend_umul_deep_20260609_0013/ex258/aigs/ex258_umul_column_carry_wreduce_default.aig,1,1,1,385,113,43505,6289,6.917634,0,0,0.595,semantic_mul_exact,exact unsigned low7 * high7 over 16384 inputs; source=column_carry; flow=wreduce_default
ex258,ex258_umul_column_carry_abc_g_aig,unsigned low7_high7:a*b,column_carry+abc_g_aig,student/work/ex255_ex259_frontend_umul_deep_20260609_0013/ex258/verilog/ex258_umul_column_carry.v,student/work/ex255_ex259_frontend_umul_deep_20260609_0013/ex258/aigs/ex258_umul_column_carry_abc_g_aig.aig,1,1,1,370,113,41810,6289,6.648116,0,0,0.597,semantic_mul_exact,exact unsigned low7 * high7 over 16384 inputs; source=column_carry; flow=abc_g_aig
ex258,ex258_umul_column_carry_wreduce_abc_g_aig,unsigned low7_high7:a*b,column_carry+wreduce_abc_g_aig,student/work/ex255_ex259_frontend_umul_deep_20260609_0013/ex258/verilog/ex258_umul_column_carry.v,student/work/ex255_ex259_frontend_umul_deep_20260609_0013/ex258/aigs/ex258_umul_column_carry_wreduce_abc_g_aig.aig,1,1,1,376,113,42488,6289,6.755923,0,0,0.618,semantic_mul_exact,exact unsigned low7 * high7 over 16384 inputs; source=column_carry; flow=wreduce_abc_g_aig
ex258,ex258_umul_column_carry_arith_wreduce_aig,unsigned low7_high7:a*b,column_carry+arith_wreduce_aig,student/work/ex255_ex259_frontend_umul_deep_20260609_0013/ex258/verilog/ex258_umul_column_carry.v,student/work/ex255_ex259_frontend_umul_deep_20260609_0013/ex258/aigs/ex258_umul_column_carry_arith_wreduce_aig.aig,1,1,1,322,113,36386,6289,5.785657,0,0,0.508,semantic_mul_exact,exact unsigned low7 * high7 over 16384 inputs; source=column_carry; flow=arith_wreduce_aig
ex258,ex258_umul_column_carry_synth_preset,unsigned low7_high7:a*b,column_carry+synth_preset,student/work/ex255_ex259_frontend_umul_deep_20260609_0013/ex258/verilog/ex258_umul_column_carry.v,student/work/ex255_ex259_frontend_umul_deep_20260609_0013/ex258/aigs/ex258_umul_column_carry_synth_preset.aig,1,1,1,323,112,36176,6289,5.752266,0,0,0.636,semantic_mul_exact,exact unsigned low7 * high7 over 16384 inputs; source=column_carry; flow=synth_preset
ex258,ex258_umul_case_b_const_default,unsigned low7_high7:a*b,case_b_const+default,student/work/ex255_ex259_frontend_umul_deep_20260609_0013/ex258/verilog/ex258_umul_case_b_const.v,student/work/ex255_ex259_frontend_umul_deep_20260609_0013/ex258/aigs/ex258_umul_case_b_const_default.aig,1,1,1,4977,52,258804,6289,41.151852,0,0,2.946,semantic_mul_exact,exact unsigned low7 * high7 over 16384 inputs; source=case_b_const; flow=default
ex258,ex258_umul_case_b_const_wreduce_default,unsigned low7_high7:a*b,case_b_const+wreduce_default,student/work/ex255_ex259_frontend_umul_deep_20260609_0013/ex258/verilog/ex258_umul_case_b_const.v,student/work/ex255_ex259_frontend_umul_deep_20260609_0013/ex258/aigs/ex258_umul_case_b_const_wreduce_default.aig,1,1,1,4954,52,257608,6289,40.961679,0,0,3.126,semantic_mul_exact,exact unsigned low7 * high7 over 16384 inputs; source=case_b_const; flow=wreduce_default
ex258,ex258_umul_case_b_const_abc_g_aig,unsigned low7_high7:a*b,case_b_const+abc_g_aig,student/work/ex255_ex259_frontend_umul_deep_20260609_0013/ex258/verilog/ex258_umul_case_b_const.v,student/work/ex255_ex259_frontend_umul_deep_20260609_0013/ex258/aigs/ex258_umul_case_b_const_abc_g_aig.aig,1,1,1,4911,52,255372,6289,40.606138,0,0,2.970,semantic_mul_exact,exact unsigned low7 * high7 over 16384 inputs; source=case_b_const; flow=abc_g_aig
ex258,ex258_umul_case_b_const_wreduce_abc_g_aig,unsigned low7_high7:a*b,case_b_const+wreduce_abc_g_aig,student/work/ex255_ex259_frontend_umul_deep_20260609_0013/ex258/verilog/ex258_umul_case_b_const.v,student/work/ex255_ex259_frontend_umul_deep_20260609_0013/ex258/aigs/ex258_umul_case_b_const_wreduce_abc_g_aig.aig,1,1,1,4902,52,254904,6289,40.531722,0,0,3.316,semantic_mul_exact,exact unsigned low7 * high7 over 16384 inputs; source=case_b_const; flow=wreduce_abc_g_aig
ex258,ex258_umul_case_b_const_arith_wreduce_aig,unsigned low7_high7:a*b,case_b_const+arith_wreduce_aig,student/work/ex255_ex259_frontend_umul_deep_20260609_0013/ex258/verilog/ex258_umul_case_b_const.v,student/work/ex255_ex259_frontend_umul_deep_20260609_0013/ex258/aigs/ex258_umul_case_b_const_arith_wreduce_aig.aig,1,1,1,4919,51,250869,6289,39.890126,0,0,3.062,semantic_mul_exact,exact unsigned low7 * high7 over 16384 inputs; source=case_b_const; flow=arith_wreduce_aig
ex258,ex258_umul_case_b_const_synth_preset,unsigned low7_high7:a*b,case_b_const+synth_preset,student/work/ex255_ex259_frontend_umul_deep_20260609_0013/ex258/verilog/ex258_umul_case_b_const.v,student/work/ex255_ex259_frontend_umul_deep_20260609_0013/ex258/aigs/ex258_umul_case_b_const_synth_preset.aig,1,1,1,3386,54,182844,6289,29.073621,0,0,2.423,semantic_mul_exact,exact unsigned low7 * high7 over 16384 inputs; source=case_b_const; flow=synth_preset
ex258,ex258_umul_split_half_default,unsigned low7_high7:a*b,split_half+default,student/work/ex255_ex259_frontend_umul_deep_20260609_0013/ex258/verilog/ex258_umul_split_half.v,student/work/ex255_ex259_frontend_umul_deep_20260609_0013/ex258/aigs/ex258_umul_split_half_default.aig,1,1,1,337,30,10110,6289,1.607569,0,0,0.481,semantic_mul_exact,exact unsigned low7 * high7 over 16384 inputs; source=split_half; flow=default
ex258,ex258_umul_split_half_wreduce_default,unsigned low7_high7:a*b,split_half+wreduce_default,student/work/ex255_ex259_frontend_umul_deep_20260609_0013/ex258/verilog/ex258_umul_split_half.v,student/work/ex255_ex259_frontend_umul_deep_20260609_0013/ex258/aigs/ex258_umul_split_half_wreduce_default.aig,1,1,1,343,30,10290,6289,1.636190,0,0,0.517,semantic_mul_exact,exact unsigned low7 * high7 over 16384 inputs; source=split_half; flow=wreduce_default
ex258,ex258_umul_split_half_abc_g_aig,unsigned low7_high7:a*b,split_half+abc_g_aig,student/work/ex255_ex259_frontend_umul_deep_20260609_0013/ex258/verilog/ex258_umul_split_half.v,student/work/ex255_ex259_frontend_umul_deep_20260609_0013/ex258/aigs/ex258_umul_split_half_abc_g_aig.aig,1,1,1,337,30,10110,6289,1.607569,0,0,0.479,semantic_mul_exact,exact unsigned low7 * high7 over 16384 inputs; source=split_half; flow=abc_g_aig
ex258,ex258_umul_split_half_wreduce_abc_g_aig,unsigned low7_high7:a*b,split_half+wreduce_abc_g_aig,student/work/ex255_ex259_frontend_umul_deep_20260609_0013/ex258/verilog/ex258_umul_split_half.v,student/work/ex255_ex259_frontend_umul_deep_20260609_0013/ex258/aigs/ex258_umul_split_half_wreduce_abc_g_aig.aig,1,1,1,338,30,10140,6289,1.612339,0,0,0.494,semantic_mul_exact,exact unsigned low7 * high7 over 16384 inputs; source=split_half; flow=wreduce_abc_g_aig
ex258,ex258_umul_split_half_arith_wreduce_aig,unsigned low7_high7:a*b,split_half+arith_wreduce_aig,student/work/ex255_ex259_frontend_umul_deep_20260609_0013/ex258/verilog/ex258_umul_split_half.v,student/work/ex255_ex259_frontend_umul_deep_20260609_0013/ex258/aigs/ex258_umul_split_half_arith_wreduce_aig.aig,1,1,1,359,31,11129,6289,1.769598,0,0,0.462,semantic_mul_exact,exact unsigned low7 * high7 over 16384 inputs; source=split_half; flow=arith_wreduce_aig
ex258,ex258_umul_split_half_synth_preset,unsigned low7_high7:a*b,split_half+synth_preset,student/work/ex255_ex259_frontend_umul_deep_20260609_0013/ex258/verilog/ex258_umul_split_half.v,student/work/ex255_ex259_frontend_umul_deep_20260609_0013/ex258/aigs/ex258_umul_split_half_synth_preset.aig,1,1,1,361,31,11191,6289,1.779456,0,0,0.507,semantic_mul_exact,exact unsigned low7 * high7 over 16384 inputs; source=split_half; flow=synth_preset
ex258,ex258_umul_sorted_operands_default,unsigned low7_high7:a*b,sorted_operands+default,student/work/ex255_ex259_frontend_umul_deep_20260609_0013/ex258/verilog/ex258_umul_sorted_operands.v,student/work/ex255_ex259_frontend_umul_deep_20260609_0013/ex258/aigs/ex258_umul_sorted_operands_default.aig,1,1,1,425,45,19125,6289,3.041024,0,0,0.496,semantic_mul_exact,exact unsigned low7 * high7 over 16384 inputs; source=sorted_operands; flow=default
ex258,ex258_umul_sorted_operands_wreduce_default,unsigned low7_high7:a*b,sorted_operands+wreduce_default,student/work/ex255_ex259_frontend_umul_deep_20260609_0013/ex258/verilog/ex258_umul_sorted_operands.v,student/work/ex255_ex259_frontend_umul_deep_20260609_0013/ex258/aigs/ex258_umul_sorted_operands_wreduce_default.aig,1,1,1,425,45,19125,6289,3.041024,0,0,0.493,semantic_mul_exact,exact unsigned low7 * high7 over 16384 inputs; source=sorted_operands; flow=wreduce_default
ex258,ex258_umul_sorted_operands_abc_g_aig,unsigned low7_high7:a*b,sorted_operands+abc_g_aig,student/work/ex255_ex259_frontend_umul_deep_20260609_0013/ex258/verilog/ex258_umul_sorted_operands.v,student/work/ex255_ex259_frontend_umul_deep_20260609_0013/ex258/aigs/ex258_umul_sorted_operands_abc_g_aig.aig,1,1,1,420,45,18900,6289,3.005247,0,0,0.494,semantic_mul_exact,exact unsigned low7 * high7 over 16384 inputs; source=sorted_operands; flow=abc_g_aig
ex258,ex258_umul_sorted_operands_wreduce_abc_g_aig,unsigned low7_high7:a*b,sorted_operands+wreduce_abc_g_aig,student/work/ex255_ex259_frontend_umul_deep_20260609_0013/ex258/verilog/ex258_umul_sorted_operands.v,student/work/ex255_ex259_frontend_umul_deep_20260609_0013/ex258/aigs/ex258_umul_sorted_operands_wreduce_abc_g_aig.aig,1,1,1,420,45,18900,6289,3.005247,0,0,0.495,semantic_mul_exact,exact unsigned low7 * high7 over 16384 inputs; source=sorted_operands; flow=wreduce_abc_g_aig
ex258,ex258_umul_sorted_operands_arith_wreduce_aig,unsigned low7_high7:a*b,sorted_operands+arith_wreduce_aig,student/work/ex255_ex259_frontend_umul_deep_20260609_0013/ex258/verilog/ex258_umul_sorted_operands.v,student/work/ex255_ex259_frontend_umul_deep_20260609_0013/ex258/aigs/ex258_umul_sorted_operands_arith_wreduce_aig.aig,1,1,1,420,45,18900,6289,3.005247,0,0,0.497,semantic_mul_exact,exact unsigned low7 * high7 over 16384 inputs; source=sorted_operands; flow=arith_wreduce_aig
ex258,ex258_umul_sorted_operands_synth_preset,unsigned low7_high7:a*b,sorted_operands+synth_preset,student/work/ex255_ex259_frontend_umul_deep_20260609_0013/ex258/verilog/ex258_umul_sorted_operands.v,student/work/ex255_ex259_frontend_umul_deep_20260609_0013/ex258/aigs/ex258_umul_sorted_operands_synth_preset.aig,1,1,1,416,44,18304,6289,2.910479,0,0,0.569,semantic_mul_exact,exact unsigned low7 * high7 over 16384 inputs; source=sorted_operands; flow=synth_preset
ex259,ex259_umul_direct_context_default,unsigned low8_high8:a*b,direct_context+default,student/work/ex255_ex259_frontend_umul_deep_20260609_0013/ex259/verilog/ex259_umul_direct_context.v,student/work/ex255_ex259_frontend_umul_deep_20260609_0013/ex259/aigs/ex259_umul_direct_context_default.aig,1,1,1,458,37,16946,10000,1.694600,0,0,1.983,semantic_mul_exact,exact unsigned low8 * high8 over 65536 inputs; source=direct_context; flow=default
ex259,ex259_umul_direct_context_wreduce_default,unsigned low8_high8:a*b,direct_context+wreduce_default,student/work/ex255_ex259_frontend_umul_deep_20260609_0013/ex259/verilog/ex259_umul_direct_context.v,student/work/ex255_ex259_frontend_umul_deep_20260609_0013/ex259/aigs/ex259_umul_direct_context_wreduce_default.aig,1,1,1,458,37,16946,10000,1.694600,0,0,1.979,semantic_mul_exact,exact unsigned low8 * high8 over 65536 inputs; source=direct_context; flow=wreduce_default
ex259,ex259_umul_direct_context_abc_g_aig,unsigned low8_high8:a*b,direct_context+abc_g_aig,student/work/ex255_ex259_frontend_umul_deep_20260609_0013/ex259/verilog/ex259_umul_direct_context.v,student/work/ex255_ex259_frontend_umul_deep_20260609_0013/ex259/aigs/ex259_umul_direct_context_abc_g_aig.aig,1,1,1,458,37,16946,10000,1.694600,0,0,1.976,semantic_mul_exact,exact unsigned low8 * high8 over 65536 inputs; source=direct_context; flow=abc_g_aig
ex259,ex259_umul_direct_context_wreduce_abc_g_aig,unsigned low8_high8:a*b,direct_context+wreduce_abc_g_aig,student/work/ex255_ex259_frontend_umul_deep_20260609_0013/ex259/verilog/ex259_umul_direct_context.v,student/work/ex255_ex259_frontend_umul_deep_20260609_0013/ex259/aigs/ex259_umul_direct_context_wreduce_abc_g_aig.aig,1,1,1,458,37,16946,10000,1.694600,0,0,1.958,semantic_mul_exact,exact unsigned low8 * high8 over 65536 inputs; source=direct_context; flow=wreduce_abc_g_aig
ex259,ex259_umul_direct_context_arith_wreduce_aig,unsigned low8_high8:a*b,direct_context+arith_wreduce_aig,student/work/ex255_ex259_frontend_umul_deep_20260609_0013/ex259/verilog/ex259_umul_direct_context.v,student/work/ex255_ex259_frontend_umul_deep_20260609_0013/ex259/aigs/ex259_umul_direct_context_arith_wreduce_aig.aig,1,1,1,458,37,16946,10000,1.694600,0,0,2.001,semantic_mul_exact,exact unsigned low8 * high8 over 65536 inputs; source=direct_context; flow=arith_wreduce_aig
ex259,ex259_umul_direct_context_synth_preset,unsigned low8_high8:a*b,direct_context+synth_preset,student/work/ex255_ex259_frontend_umul_deep_20260609_0013/ex259/verilog/ex259_umul_direct_context.v,student/work/ex255_ex259_frontend_umul_deep_20260609_0013/ex259/aigs/ex259_umul_direct_context_synth_preset.aig,1,1,1,455,37,16835,10000,1.683500,0,0,2.038,semantic_mul_exact,exact unsigned low8 * high8 over 65536 inputs; source=direct_context; flow=synth_preset
ex259,ex259_umul_wide_ext_direct_default,unsigned low8_high8:a*b,wide_ext_direct+default,student/work/ex255_ex259_frontend_umul_deep_20260609_0013/ex259/verilog/ex259_umul_wide_ext_direct.v,student/work/ex255_ex259_frontend_umul_deep_20260609_0013/ex259/aigs/ex259_umul_wide_ext_direct_default.aig,1,1,1,506,38,19228,10000,1.922800,0,0,2.017,semantic_mul_exact,exact unsigned low8 * high8 over 65536 inputs; source=wide_ext_direct; flow=default
ex259,ex259_umul_wide_ext_direct_wreduce_default,unsigned low8_high8:a*b,wide_ext_direct+wreduce_default,student/work/ex255_ex259_frontend_umul_deep_20260609_0013/ex259/verilog/ex259_umul_wide_ext_direct.v,student/work/ex255_ex259_frontend_umul_deep_20260609_0013/ex259/aigs/ex259_umul_wide_ext_direct_wreduce_default.aig,1,1,1,458,37,16946,10000,1.694600,0,0,1.977,semantic_mul_exact,exact unsigned low8 * high8 over 65536 inputs; source=wide_ext_direct; flow=wreduce_default
ex259,ex259_umul_wide_ext_direct_abc_g_aig,unsigned low8_high8:a*b,wide_ext_direct+abc_g_aig,student/work/ex255_ex259_frontend_umul_deep_20260609_0013/ex259/verilog/ex259_umul_wide_ext_direct.v,student/work/ex255_ex259_frontend_umul_deep_20260609_0013/ex259/aigs/ex259_umul_wide_ext_direct_abc_g_aig.aig,1,1,1,506,38,19228,10000,1.922800,0,0,2.003,semantic_mul_exact,exact unsigned low8 * high8 over 65536 inputs; source=wide_ext_direct; flow=abc_g_aig
ex259,ex259_umul_wide_ext_direct_wreduce_abc_g_aig,unsigned low8_high8:a*b,wide_ext_direct+wreduce_abc_g_aig,student/work/ex255_ex259_frontend_umul_deep_20260609_0013/ex259/verilog/ex259_umul_wide_ext_direct.v,student/work/ex255_ex259_frontend_umul_deep_20260609_0013/ex259/aigs/ex259_umul_wide_ext_direct_wreduce_abc_g_aig.aig,1,1,1,458,37,16946,10000,1.694600,0,0,1.985,semantic_mul_exact,exact unsigned low8 * high8 over 65536 inputs; source=wide_ext_direct; flow=wreduce_abc_g_aig
ex259,ex259_umul_wide_ext_direct_arith_wreduce_aig,unsigned low8_high8:a*b,wide_ext_direct+arith_wreduce_aig,student/work/ex255_ex259_frontend_umul_deep_20260609_0013/ex259/verilog/ex259_umul_wide_ext_direct.v,student/work/ex255_ex259_frontend_umul_deep_20260609_0013/ex259/aigs/ex259_umul_wide_ext_direct_arith_wreduce_aig.aig,1,1,1,458,37,16946,10000,1.694600,0,0,1.995,semantic_mul_exact,exact unsigned low8 * high8 over 65536 inputs; source=wide_ext_direct; flow=arith_wreduce_aig
ex259,ex259_umul_wide_ext_direct_synth_preset,unsigned low8_high8:a*b,wide_ext_direct+synth_preset,student/work/ex255_ex259_frontend_umul_deep_20260609_0013/ex259/verilog/ex259_umul_wide_ext_direct.v,student/work/ex255_ex259_frontend_umul_deep_20260609_0013/ex259/aigs/ex259_umul_wide_ext_direct_synth_preset.aig,1,1,1,455,37,16835,10000,1.683500,0,0,2.049,semantic_mul_exact,exact unsigned low8 * high8 over 65536 inputs; source=wide_ext_direct; flow=synth_preset
ex259,ex259_umul_balanced_rows_default,unsigned low8_high8:a*b,balanced_rows+default,student/work/ex255_ex259_frontend_umul_deep_20260609_0013/ex259/verilog/ex259_umul_balanced_rows.v,student/work/ex255_ex259_frontend_umul_deep_20260609_0013/ex259/aigs/ex259_umul_balanced_rows_default.aig,1,1,1,445,35,15575,10000,1.557500,0,0,2.018,semantic_mul_exact,exact unsigned low8 * high8 over 65536 inputs; source=balanced_rows; flow=default
ex259,ex259_umul_balanced_rows_wreduce_default,unsigned low8_high8:a*b,balanced_rows+wreduce_default,student/work/ex255_ex259_frontend_umul_deep_20260609_0013/ex259/verilog/ex259_umul_balanced_rows.v,student/work/ex255_ex259_frontend_umul_deep_20260609_0013/ex259/aigs/ex259_umul_balanced_rows_wreduce_default.aig,1,1,1,444,35,15540,10000,1.554000,0,0,2.087,semantic_mul_exact,exact unsigned low8 * high8 over 65536 inputs; source=balanced_rows; flow=wreduce_default
ex259,ex259_umul_balanced_rows_abc_g_aig,unsigned low8_high8:a*b,balanced_rows+abc_g_aig,student/work/ex255_ex259_frontend_umul_deep_20260609_0013/ex259/verilog/ex259_umul_balanced_rows.v,student/work/ex255_ex259_frontend_umul_deep_20260609_0013/ex259/aigs/ex259_umul_balanced_rows_abc_g_aig.aig,1,1,1,433,35,15155,10000,1.515500,0,0,2.066,semantic_mul_exact,exact unsigned low8 * high8 over 65536 inputs; source=balanced_rows; flow=abc_g_aig
ex259,ex259_umul_balanced_rows_wreduce_abc_g_aig,unsigned low8_high8:a*b,balanced_rows+wreduce_abc_g_aig,student/work/ex255_ex259_frontend_umul_deep_20260609_0013/ex259/verilog/ex259_umul_balanced_rows.v,student/work/ex255_ex259_frontend_umul_deep_20260609_0013/ex259/aigs/ex259_umul_balanced_rows_wreduce_abc_g_aig.aig,1,1,1,434,35,15190,10000,1.519000,0,0,2.080,semantic_mul_exact,exact unsigned low8 * high8 over 65536 inputs; source=balanced_rows; flow=wreduce_abc_g_aig
ex259,ex259_umul_balanced_rows_arith_wreduce_aig,unsigned low8_high8:a*b,balanced_rows+arith_wreduce_aig,student/work/ex255_ex259_frontend_umul_deep_20260609_0013/ex259/verilog/ex259_umul_balanced_rows.v,student/work/ex255_ex259_frontend_umul_deep_20260609_0013/ex259/aigs/ex259_umul_balanced_rows_arith_wreduce_aig.aig,1,1,1,450,34,15300,10000,1.530000,0,0,2.025,semantic_mul_exact,exact unsigned low8 * high8 over 65536 inputs; source=balanced_rows; flow=arith_wreduce_aig
ex259,ex259_umul_balanced_rows_synth_preset,unsigned low8_high8:a*b,balanced_rows+synth_preset,student/work/ex255_ex259_frontend_umul_deep_20260609_0013/ex259/verilog/ex259_umul_balanced_rows.v,student/work/ex255_ex259_frontend_umul_deep_20260609_0013/ex259/aigs/ex259_umul_balanced_rows_synth_preset.aig,1,1,1,449,35,15715,10000,1.571500,0,0,2.079,semantic_mul_exact,exact unsigned low8 * high8 over 65536 inputs; source=balanced_rows; flow=synth_preset
ex259,ex259_umul_csa_vector_default,unsigned low8_high8:a*b,csa_vector+default,student/work/ex255_ex259_frontend_umul_deep_20260609_0013/ex259/verilog/ex259_umul_csa_vector.v,student/work/ex255_ex259_frontend_umul_deep_20260609_0013/ex259/aigs/ex259_umul_csa_vector_default.aig,1,1,1,651,34,22134,10000,2.213400,0,0,2.038,semantic_mul_exact,exact unsigned low8 * high8 over 65536 inputs; source=csa_vector; flow=default
ex259,ex259_umul_csa_vector_wreduce_default,unsigned low8_high8:a*b,csa_vector+wreduce_default,student/work/ex255_ex259_frontend_umul_deep_20260609_0013/ex259/verilog/ex259_umul_csa_vector.v,student/work/ex255_ex259_frontend_umul_deep_20260609_0013/ex259/aigs/ex259_umul_csa_vector_wreduce_default.aig,1,1,1,618,34,21012,10000,2.101200,0,0,2.033,semantic_mul_exact,exact unsigned low8 * high8 over 65536 inputs; source=csa_vector; flow=wreduce_default
ex259,ex259_umul_csa_vector_abc_g_aig,unsigned low8_high8:a*b,csa_vector+abc_g_aig,student/work/ex255_ex259_frontend_umul_deep_20260609_0013/ex259/verilog/ex259_umul_csa_vector.v,student/work/ex255_ex259_frontend_umul_deep_20260609_0013/ex259/aigs/ex259_umul_csa_vector_abc_g_aig.aig,1,1,1,475,34,16150,10000,1.615000,0,0,2.036,semantic_mul_exact,exact unsigned low8 * high8 over 65536 inputs; source=csa_vector; flow=abc_g_aig
ex259,ex259_umul_csa_vector_wreduce_abc_g_aig,unsigned low8_high8:a*b,csa_vector+wreduce_abc_g_aig,student/work/ex255_ex259_frontend_umul_deep_20260609_0013/ex259/verilog/ex259_umul_csa_vector.v,student/work/ex255_ex259_frontend_umul_deep_20260609_0013/ex259/aigs/ex259_umul_csa_vector_wreduce_abc_g_aig.aig,1,1,1,475,34,16150,10000,1.615000,0,0,2.032,semantic_mul_exact,exact unsigned low8 * high8 over 65536 inputs; source=csa_vector; flow=wreduce_abc_g_aig
ex259,ex259_umul_csa_vector_arith_wreduce_aig,unsigned low8_high8:a*b,csa_vector+arith_wreduce_aig,student/work/ex255_ex259_frontend_umul_deep_20260609_0013/ex259/verilog/ex259_umul_csa_vector.v,student/work/ex255_ex259_frontend_umul_deep_20260609_0013/ex259/aigs/ex259_umul_csa_vector_arith_wreduce_aig.aig,1,1,1,475,34,16150,10000,1.615000,0,0,2.053,semantic_mul_exact,exact unsigned low8 * high8 over 65536 inputs; source=csa_vector; flow=arith_wreduce_aig
ex259,ex259_umul_csa_vector_synth_preset,unsigned low8_high8:a*b,csa_vector+synth_preset,student/work/ex255_ex259_frontend_umul_deep_20260609_0013/ex259/verilog/ex259_umul_csa_vector.v,student/work/ex255_ex259_frontend_umul_deep_20260609_0013/ex259/aigs/ex259_umul_csa_vector_synth_preset.aig,1,1,1,469,32,15008,10000,1.500800,0,0,2.100,semantic_mul_exact,exact unsigned low8 * high8 over 65536 inputs; source=csa_vector; flow=synth_preset
ex259,ex259_umul_column_carry_default,unsigned low8_high8:a*b,column_carry+default,student/work/ex255_ex259_frontend_umul_deep_20260609_0013/ex259/verilog/ex259_umul_column_carry.v,student/work/ex255_ex259_frontend_umul_deep_20260609_0013/ex259/aigs/ex259_umul_column_carry_default.aig,1,1,1,532,149,79268,10000,7.926800,0,0,2.183,semantic_mul_exact,exact unsigned low8 * high8 over 65536 inputs; source=column_carry; flow=default
ex259,ex259_umul_column_carry_wreduce_default,unsigned low8_high8:a*b,column_carry+wreduce_default,student/work/ex255_ex259_frontend_umul_deep_20260609_0013/ex259/verilog/ex259_umul_column_carry.v,student/work/ex255_ex259_frontend_umul_deep_20260609_0013/ex259/aigs/ex259_umul_column_carry_wreduce_default.aig,1,1,1,529,147,77763,10000,7.776300,0,0,2.199,semantic_mul_exact,exact unsigned low8 * high8 over 65536 inputs; source=column_carry; flow=wreduce_default
ex259,ex259_umul_column_carry_abc_g_aig,unsigned low8_high8:a*b,column_carry+abc_g_aig,student/work/ex255_ex259_frontend_umul_deep_20260609_0013/ex259/verilog/ex259_umul_column_carry.v,student/work/ex255_ex259_frontend_umul_deep_20260609_0013/ex259/aigs/ex259_umul_column_carry_abc_g_aig.aig,1,1,1,509,148,75332,10000,7.533200,0,0,2.195,semantic_mul_exact,exact unsigned low8 * high8 over 65536 inputs; source=column_carry; flow=abc_g_aig
ex259,ex259_umul_column_carry_wreduce_abc_g_aig,unsigned low8_high8:a*b,column_carry+wreduce_abc_g_aig,student/work/ex255_ex259_frontend_umul_deep_20260609_0013/ex259/verilog/ex259_umul_column_carry.v,student/work/ex255_ex259_frontend_umul_deep_20260609_0013/ex259/aigs/ex259_umul_column_carry_wreduce_abc_g_aig.aig,1,1,1,513,147,75411,10000,7.541100,0,0,2.204,semantic_mul_exact,exact unsigned low8 * high8 over 65536 inputs; source=column_carry; flow=wreduce_abc_g_aig
ex259,ex259_umul_column_carry_arith_wreduce_aig,unsigned low8_high8:a*b,column_carry+arith_wreduce_aig,student/work/ex255_ex259_frontend_umul_deep_20260609_0013/ex259/verilog/ex259_umul_column_carry.v,student/work/ex255_ex259_frontend_umul_deep_20260609_0013/ex259/aigs/ex259_umul_column_carry_arith_wreduce_aig.aig,1,1,1,436,147,64092,10000,6.409200,0,0,2.048,semantic_mul_exact,exact unsigned low8 * high8 over 65536 inputs; source=column_carry; flow=arith_wreduce_aig
ex259,ex259_umul_column_carry_synth_preset,unsigned low8_high8:a*b,column_carry+synth_preset,student/work/ex255_ex259_frontend_umul_deep_20260609_0013/ex259/verilog/ex259_umul_column_carry.v,student/work/ex255_ex259_frontend_umul_deep_20260609_0013/ex259/aigs/ex259_umul_column_carry_synth_preset.aig,1,1,1,436,147,64092,10000,6.409200,0,0,2.178,semantic_mul_exact,exact unsigned low8 * high8 over 65536 inputs; source=column_carry; flow=synth_preset
ex259,ex259_umul_case_b_const_default,unsigned low8_high8:a*b,case_b_const+default,student/work/ex255_ex259_frontend_umul_deep_20260609_0013/ex259/verilog/ex259_umul_case_b_const.v,student/work/ex255_ex259_frontend_umul_deep_20260609_0013/ex259/aigs/ex259_umul_case_b_const_default.aig,1,1,1,11660,59,687940,10000,68.794000,0,0,10.574,semantic_mul_exact,exact unsigned low8 * high8 over 65536 inputs; source=case_b_const; flow=default
ex259,ex259_umul_case_b_const_wreduce_default,unsigned low8_high8:a*b,case_b_const+wreduce_default,student/work/ex255_ex259_frontend_umul_deep_20260609_0013/ex259/verilog/ex259_umul_case_b_const.v,student/work/ex255_ex259_frontend_umul_deep_20260609_0013/ex259/aigs/ex259_umul_case_b_const_wreduce_default.aig,1,1,1,11629,60,697740,10000,69.774000,0,0,10.146,semantic_mul_exact,exact unsigned low8 * high8 over 65536 inputs; source=case_b_const; flow=wreduce_default
ex259,ex259_umul_case_b_const_abc_g_aig,unsigned low8_high8:a*b,case_b_const+abc_g_aig,student/work/ex255_ex259_frontend_umul_deep_20260609_0013/ex259/verilog/ex259_umul_case_b_const.v,student/work/ex255_ex259_frontend_umul_deep_20260609_0013/ex259/aigs/ex259_umul_case_b_const_abc_g_aig.aig,1,1,1,11536,57,657552,10000,65.755200,0,0,10.627,semantic_mul_exact,exact unsigned low8 * high8 over 65536 inputs; source=case_b_const; flow=abc_g_aig
ex259,ex259_umul_case_b_const_wreduce_abc_g_aig,unsigned low8_high8:a*b,case_b_const+wreduce_abc_g_aig,student/work/ex255_ex259_frontend_umul_deep_20260609_0013/ex259/verilog/ex259_umul_case_b_const.v,student/work/ex255_ex259_frontend_umul_deep_20260609_0013/ex259/aigs/ex259_umul_case_b_const_wreduce_abc_g_aig.aig,1,1,1,11504,57,655728,10000,65.572800,0,0,10.418,semantic_mul_exact,exact unsigned low8 * high8 over 65536 inputs; source=case_b_const; flow=wreduce_abc_g_aig
ex259,ex259_umul_case_b_const_arith_wreduce_aig,unsigned low8_high8:a*b,case_b_const+arith_wreduce_aig,student/work/ex255_ex259_frontend_umul_deep_20260609_0013/ex259/verilog/ex259_umul_case_b_const.v,student/work/ex255_ex259_frontend_umul_deep_20260609_0013/ex259/aigs/ex259_umul_case_b_const_arith_wreduce_aig.aig,1,1,1,11538,57,657666,10000,65.766600,0,0,10.709,semantic_mul_exact,exact unsigned low8 * high8 over 65536 inputs; source=case_b_const; flow=arith_wreduce_aig
ex259,ex259_umul_case_b_const_synth_preset,unsigned low8_high8:a*b,case_b_const+synth_preset,student/work/ex255_ex259_frontend_umul_deep_20260609_0013/ex259/verilog/ex259_umul_case_b_const.v,student/work/ex255_ex259_frontend_umul_deep_20260609_0013/ex259/aigs/ex259_umul_case_b_const_synth_preset.aig,1,1,1,7976,67,534392,10000,53.439200,0,0,9.273,semantic_mul_exact,exact unsigned low8 * high8 over 65536 inputs; source=case_b_const; flow=synth_preset
ex259,ex259_umul_split_half_default,unsigned low8_high8:a*b,split_half+default,student/work/ex255_ex259_frontend_umul_deep_20260609_0013/ex259/verilog/ex259_umul_split_half.v,student/work/ex255_ex259_frontend_umul_deep_20260609_0013/ex259/aigs/ex259_umul_split_half_default.aig,1,1,1,470,38,17860,10000,1.786000,0,0,2.016,semantic_mul_exact,exact unsigned low8 * high8 over 65536 inputs; source=split_half; flow=default
ex259,ex259_umul_split_half_wreduce_default,unsigned low8_high8:a*b,split_half+wreduce_default,student/work/ex255_ex259_frontend_umul_deep_20260609_0013/ex259/verilog/ex259_umul_split_half.v,student/work/ex255_ex259_frontend_umul_deep_20260609_0013/ex259/aigs/ex259_umul_split_half_wreduce_default.aig,1,1,1,482,38,18316,10000,1.831600,0,0,2.021,semantic_mul_exact,exact unsigned low8 * high8 over 65536 inputs; source=split_half; flow=wreduce_default
ex259,ex259_umul_split_half_abc_g_aig,unsigned low8_high8:a*b,split_half+abc_g_aig,student/work/ex255_ex259_frontend_umul_deep_20260609_0013/ex259/verilog/ex259_umul_split_half.v,student/work/ex255_ex259_frontend_umul_deep_20260609_0013/ex259/aigs/ex259_umul_split_half_abc_g_aig.aig,1,1,1,470,38,17860,10000,1.786000,0,0,2.015,semantic_mul_exact,exact unsigned low8 * high8 over 65536 inputs; source=split_half; flow=abc_g_aig
ex259,ex259_umul_split_half_wreduce_abc_g_aig,unsigned low8_high8:a*b,split_half+wreduce_abc_g_aig,student/work/ex255_ex259_frontend_umul_deep_20260609_0013/ex259/verilog/ex259_umul_split_half.v,student/work/ex255_ex259_frontend_umul_deep_20260609_0013/ex259/aigs/ex259_umul_split_half_wreduce_abc_g_aig.aig,1,1,1,472,38,17936,10000,1.793600,0,0,2.027,semantic_mul_exact,exact unsigned low8 * high8 over 65536 inputs; source=split_half; flow=wreduce_abc_g_aig
ex259,ex259_umul_split_half_arith_wreduce_aig,unsigned low8_high8:a*b,split_half+arith_wreduce_aig,student/work/ex255_ex259_frontend_umul_deep_20260609_0013/ex259/verilog/ex259_umul_split_half.v,student/work/ex255_ex259_frontend_umul_deep_20260609_0013/ex259/aigs/ex259_umul_split_half_arith_wreduce_aig.aig,1,1,1,527,39,20553,10000,2.055300,0,0,2.023,semantic_mul_exact,exact unsigned low8 * high8 over 65536 inputs; source=split_half; flow=arith_wreduce_aig
ex259,ex259_umul_split_half_synth_preset,unsigned low8_high8:a*b,split_half+synth_preset,student/work/ex255_ex259_frontend_umul_deep_20260609_0013/ex259/verilog/ex259_umul_split_half.v,student/work/ex255_ex259_frontend_umul_deep_20260609_0013/ex259/aigs/ex259_umul_split_half_synth_preset.aig,1,1,1,528,39,20592,10000,2.059200,0,0,2.098,semantic_mul_exact,exact unsigned low8 * high8 over 65536 inputs; source=split_half; flow=synth_preset
ex259,ex259_umul_karatsuba_even_default,unsigned low8_high8:a*b,karatsuba_even+default,student/work/ex255_ex259_frontend_umul_deep_20260609_0013/ex259/verilog/ex259_umul_karatsuba_even.v,student/work/ex255_ex259_frontend_umul_deep_20260609_0013/ex259/aigs/ex259_umul_karatsuba_even_default.aig,1,1,1,574,50,28700,10000,2.870000,0,0,2.272,semantic_mul_exact,exact unsigned low8 * high8 over 65536 inputs; source=karatsuba_even; flow=default
ex259,ex259_umul_karatsuba_even_wreduce_default,unsigned low8_high8:a*b,karatsuba_even+wreduce_default,student/work/ex255_ex259_frontend_umul_deep_20260609_0013/ex259/verilog/ex259_umul_karatsuba_even.v,student/work/ex255_ex259_frontend_umul_deep_20260609_0013/ex259/aigs/ex259_umul_karatsuba_even_wreduce_default.aig,1,1,1,575,50,28750,10000,2.875000,0,0,2.209,semantic_mul_exact,exact unsigned low8 * high8 over 65536 inputs; source=karatsuba_even; flow=wreduce_default
ex259,ex259_umul_karatsuba_even_abc_g_aig,unsigned low8_high8:a*b,karatsuba_even+abc_g_aig,student/work/ex255_ex259_frontend_umul_deep_20260609_0013/ex259/verilog/ex259_umul_karatsuba_even.v,student/work/ex255_ex259_frontend_umul_deep_20260609_0013/ex259/aigs/ex259_umul_karatsuba_even_abc_g_aig.aig,1,1,1,567,50,28350,10000,2.835000,0,0,2.316,semantic_mul_exact,exact unsigned low8 * high8 over 65536 inputs; source=karatsuba_even; flow=abc_g_aig
ex259,ex259_umul_karatsuba_even_wreduce_abc_g_aig,unsigned low8_high8:a*b,karatsuba_even+wreduce_abc_g_aig,student/work/ex255_ex259_frontend_umul_deep_20260609_0013/ex259/verilog/ex259_umul_karatsuba_even.v,student/work/ex255_ex259_frontend_umul_deep_20260609_0013/ex259/aigs/ex259_umul_karatsuba_even_wreduce_abc_g_aig.aig,1,1,1,570,50,28500,10000,2.850000,0,0,2.297,semantic_mul_exact,exact unsigned low8 * high8 over 65536 inputs; source=karatsuba_even; flow=wreduce_abc_g_aig
ex259,ex259_umul_karatsuba_even_arith_wreduce_aig,unsigned low8_high8:a*b,karatsuba_even+arith_wreduce_aig,student/work/ex255_ex259_frontend_umul_deep_20260609_0013/ex259/verilog/ex259_umul_karatsuba_even.v,student/work/ex255_ex259_frontend_umul_deep_20260609_0013/ex259/aigs/ex259_umul_karatsuba_even_arith_wreduce_aig.aig,1,1,1,559,50,27950,10000,2.795000,0,0,2.190,semantic_mul_exact,exact unsigned low8 * high8 over 65536 inputs; source=karatsuba_even; flow=arith_wreduce_aig
ex259,ex259_umul_karatsuba_even_synth_preset,unsigned low8_high8:a*b,karatsuba_even+synth_preset,student/work/ex255_ex259_frontend_umul_deep_20260609_0013/ex259/verilog/ex259_umul_karatsuba_even.v,student/work/ex255_ex259_frontend_umul_deep_20260609_0013/ex259/aigs/ex259_umul_karatsuba_even_synth_preset.aig,1,1,1,556,50,27800,10000,2.780000,0,0,2.286,semantic_mul_exact,exact unsigned low8 * high8 over 65536 inputs; source=karatsuba_even; flow=synth_preset
ex259,ex259_umul_sorted_operands_default,unsigned low8_high8:a*b,sorted_operands+default,student/work/ex255_ex259_frontend_umul_deep_20260609_0013/ex259/verilog/ex259_umul_sorted_operands.v,student/work/ex255_ex259_frontend_umul_deep_20260609_0013/ex259/aigs/ex259_umul_sorted_operands_default.aig,1,1,1,551,47,25897,10000,2.589700,0,0,2.022,semantic_mul_exact,exact unsigned low8 * high8 over 65536 inputs; source=sorted_operands; flow=default
ex259,ex259_umul_sorted_operands_wreduce_default,unsigned low8_high8:a*b,sorted_operands+wreduce_default,student/work/ex255_ex259_frontend_umul_deep_20260609_0013/ex259/verilog/ex259_umul_sorted_operands.v,student/work/ex255_ex259_frontend_umul_deep_20260609_0013/ex259/aigs/ex259_umul_sorted_operands_wreduce_default.aig,1,1,1,551,47,25897,10000,2.589700,0,0,2.039,semantic_mul_exact,exact unsigned low8 * high8 over 65536 inputs; source=sorted_operands; flow=wreduce_default
ex259,ex259_umul_sorted_operands_abc_g_aig,unsigned low8_high8:a*b,sorted_operands+abc_g_aig,student/work/ex255_ex259_frontend_umul_deep_20260609_0013/ex259/verilog/ex259_umul_sorted_operands.v,student/work/ex255_ex259_frontend_umul_deep_20260609_0013/ex259/aigs/ex259_umul_sorted_operands_abc_g_aig.aig,1,1,1,546,47,25662,10000,2.566200,0,0,2.049,semantic_mul_exact,exact unsigned low8 * high8 over 65536 inputs; source=sorted_operands; flow=abc_g_aig
ex259,ex259_umul_sorted_operands_wreduce_abc_g_aig,unsigned low8_high8:a*b,sorted_operands+wreduce_abc_g_aig,student/work/ex255_ex259_frontend_umul_deep_20260609_0013/ex259/verilog/ex259_umul_sorted_operands.v,student/work/ex255_ex259_frontend_umul_deep_20260609_0013/ex259/aigs/ex259_umul_sorted_operands_wreduce_abc_g_aig.aig,1,1,1,546,47,25662,10000,2.566200,0,0,2.056,semantic_mul_exact,exact unsigned low8 * high8 over 65536 inputs; source=sorted_operands; flow=wreduce_abc_g_aig
ex259,ex259_umul_sorted_operands_arith_wreduce_aig,unsigned low8_high8:a*b,sorted_operands+arith_wreduce_aig,student/work/ex255_ex259_frontend_umul_deep_20260609_0013/ex259/verilog/ex259_umul_sorted_operands.v,student/work/ex255_ex259_frontend_umul_deep_20260609_0013/ex259/aigs/ex259_umul_sorted_operands_arith_wreduce_aig.aig,1,1,1,546,47,25662,10000,2.566200,0,0,2.046,semantic_mul_exact,exact unsigned low8 * high8 over 65536 inputs; source=sorted_operands; flow=arith_wreduce_aig
ex259,ex259_umul_sorted_operands_synth_preset,unsigned low8_high8:a*b,sorted_operands+synth_preset,student/work/ex255_ex259_frontend_umul_deep_20260609_0013/ex259/verilog/ex259_umul_sorted_operands.v,student/work/ex255_ex259_frontend_umul_deep_20260609_0013/ex259/aigs/ex259_umul_sorted_operands_synth_preset.aig,1,1,1,541,47,25427,10000,2.542700,0,0,2.126,semantic_mul_exact,exact unsigned low8 * high8 over 65536 inputs; source=sorted_operands; flow=synth_preset
