case,hypothesis,representation_family,sharing_strategy,source,confidence,novelty,expected_gain,status,reason,created_by,created_at
ex276,per-output prefix4 interval case may reduce word-mux coupling,prefix4 per-output casebits,shared hi decode and low interval predicates,ex200_ex299_frontend_refgap_round26_20260613_0539/coordinator-integer-r26,medium,explore,medium,tested_nonwinning,Best ADP 1120 worse than current frontend 1010,coordinator-integer-r26,2026-06-13
ex200,exact unary op remap,alternative high-level unary function mapping,shared,auto_seed_from_gap_index,low,wildcard,high,proposed,rethink high-level description and shared-structure RTL,build_frontend_campaign_index.py,auto
ex200,shared special-case shell,shared special-case decode plus residual correction,shared,auto_seed_from_gap_index,medium,exploit,high,proposed,rethink high-level description and shared-structure RTL,build_frontend_campaign_index.py,auto
ex200,grouped selected-bit correction,shared selected-output correction trees,shared,auto_seed_from_gap_index,medium,explore,high,proposed,rethink high-level description and shared-structure RTL,build_frontend_campaign_index.py,auto
ex201,exact unary op remap,alternative high-level unary function mapping,shared,auto_seed_from_gap_index,low,wildcard,medium,proposed,add diverse frontend seeds before deeper backend,build_frontend_campaign_index.py,auto
ex201,shared special-case shell,shared special-case decode plus residual correction,shared,auto_seed_from_gap_index,medium,exploit,medium,proposed,add diverse frontend seeds before deeper backend,build_frontend_campaign_index.py,auto
ex201,grouped selected-bit correction,shared selected-output correction trees,shared,auto_seed_from_gap_index,medium,explore,medium,proposed,add diverse frontend seeds before deeper backend,build_frontend_campaign_index.py,auto
ex203,exact unary op remap,alternative high-level unary function mapping,shared,auto_seed_from_gap_index,low,wildcard,medium,proposed,add diverse frontend seeds before deeper backend,build_frontend_campaign_index.py,auto
ex203,shared special-case shell,shared special-case decode plus residual correction,shared,auto_seed_from_gap_index,medium,exploit,medium,proposed,add diverse frontend seeds before deeper backend,build_frontend_campaign_index.py,auto
ex203,grouped selected-bit correction,shared selected-output correction trees,shared,auto_seed_from_gap_index,medium,explore,medium,proposed,add diverse frontend seeds before deeper backend,build_frontend_campaign_index.py,auto
ex204,exact unary op remap,alternative high-level unary function mapping,shared,auto_seed_from_gap_index,low,wildcard,high,proposed,rethink high-level description and shared-structure RTL,build_frontend_campaign_index.py,auto
ex204,shared special-case shell,shared special-case decode plus residual correction,shared,auto_seed_from_gap_index,medium,exploit,high,proposed,rethink high-level description and shared-structure RTL,build_frontend_campaign_index.py,auto
ex204,grouped selected-bit correction,shared selected-output correction trees,shared,auto_seed_from_gap_index,medium,explore,high,proposed,rethink high-level description and shared-structure RTL,build_frontend_campaign_index.py,auto
ex205,exact unary op remap,alternative high-level unary function mapping,shared,auto_seed_from_gap_index,low,wildcard,high,proposed,rethink high-level description and shared-structure RTL,build_frontend_campaign_index.py,auto
ex205,shared special-case shell,shared special-case decode plus residual correction,shared,auto_seed_from_gap_index,medium,exploit,high,proposed,rethink high-level description and shared-structure RTL,build_frontend_campaign_index.py,auto
ex205,grouped selected-bit correction,shared selected-output correction trees,shared,auto_seed_from_gap_index,medium,explore,high,proposed,rethink high-level description and shared-structure RTL,build_frontend_campaign_index.py,auto
ex218,exact unary op remap,alternative high-level unary function mapping,shared,auto_seed_from_gap_index,low,wildcard,medium,proposed,add diverse frontend seeds before deeper backend,build_frontend_campaign_index.py,auto
ex218,shared special-case shell,shared special-case decode plus residual correction,shared,auto_seed_from_gap_index,medium,exploit,medium,proposed,add diverse frontend seeds before deeper backend,build_frontend_campaign_index.py,auto
ex218,grouped selected-bit correction,shared selected-output correction trees,shared,auto_seed_from_gap_index,medium,explore,medium,proposed,add diverse frontend seeds before deeper backend,build_frontend_campaign_index.py,auto
ex223,exact unary op remap,alternative high-level unary function mapping,shared,auto_seed_from_gap_index,low,wildcard,high,proposed,rethink high-level description and shared-structure RTL,build_frontend_campaign_index.py,auto
ex223,shared special-case shell,shared special-case decode plus residual correction,shared,auto_seed_from_gap_index,medium,exploit,high,proposed,rethink high-level description and shared-structure RTL,build_frontend_campaign_index.py,auto
ex223,grouped selected-bit correction,shared selected-output correction trees,shared,auto_seed_from_gap_index,medium,explore,high,proposed,rethink high-level description and shared-structure RTL,build_frontend_campaign_index.py,auto
ex224,exact unary op remap,alternative high-level unary function mapping,shared,auto_seed_from_gap_index,low,wildcard,high,proposed,rethink high-level description and shared-structure RTL,build_frontend_campaign_index.py,auto
ex224,shared special-case shell,shared special-case decode plus residual correction,shared,auto_seed_from_gap_index,medium,exploit,high,proposed,rethink high-level description and shared-structure RTL,build_frontend_campaign_index.py,auto
ex224,grouped selected-bit correction,shared selected-output correction trees,shared,auto_seed_from_gap_index,medium,explore,high,proposed,rethink high-level description and shared-structure RTL,build_frontend_campaign_index.py,auto
ex225,exact unary op remap,alternative high-level unary function mapping,shared,auto_seed_from_gap_index,low,wildcard,high,proposed,rethink high-level description and shared-structure RTL,build_frontend_campaign_index.py,auto
ex225,shared special-case shell,shared special-case decode plus residual correction,shared,auto_seed_from_gap_index,medium,exploit,high,proposed,rethink high-level description and shared-structure RTL,build_frontend_campaign_index.py,auto
ex225,grouped selected-bit correction,shared selected-output correction trees,shared,auto_seed_from_gap_index,medium,explore,high,proposed,rethink high-level description and shared-structure RTL,build_frontend_campaign_index.py,auto
ex240,FP8 format/rounding variant inference,field-split decode with shared rounding predicates,shared,auto_seed_from_gap_index,medium,exploit,high,proposed,rethink high-level description and shared-structure RTL,build_frontend_campaign_index.py,auto
ex240,alternative saturation/FTZ/DAZ model,shared special-case shell,shared,auto_seed_from_gap_index,medium,explore,high,proposed,rethink high-level description and shared-structure RTL,build_frontend_campaign_index.py,auto
ex240,non-PPT conversion hypothesis,per-output truth clustering then shared predicates,shared,auto_seed_from_gap_index,low,wildcard,high,proposed,rethink high-level description and shared-structure RTL,build_frontend_campaign_index.py,auto
ex241,FP8 format/rounding variant inference,field-split decode with shared rounding predicates,shared,auto_seed_from_gap_index,medium,exploit,high,proposed,rethink high-level description and shared-structure RTL,build_frontend_campaign_index.py,auto
ex241,alternative saturation/FTZ/DAZ model,shared special-case shell,shared,auto_seed_from_gap_index,medium,explore,high,proposed,rethink high-level description and shared-structure RTL,build_frontend_campaign_index.py,auto
ex241,non-PPT conversion hypothesis,per-output truth clustering then shared predicates,shared,auto_seed_from_gap_index,low,wildcard,high,proposed,rethink high-level description and shared-structure RTL,build_frontend_campaign_index.py,auto
ex242,FP8 format/rounding variant inference,field-split decode with shared rounding predicates,shared,auto_seed_from_gap_index,medium,exploit,high,proposed,rethink high-level description and shared-structure RTL,build_frontend_campaign_index.py,auto
ex242,alternative saturation/FTZ/DAZ model,shared special-case shell,shared,auto_seed_from_gap_index,medium,explore,high,proposed,rethink high-level description and shared-structure RTL,build_frontend_campaign_index.py,auto
ex242,non-PPT conversion hypothesis,per-output truth clustering then shared predicates,shared,auto_seed_from_gap_index,low,wildcard,high,proposed,rethink high-level description and shared-structure RTL,build_frontend_campaign_index.py,auto
ex244,FP8 format/rounding variant inference,field-split decode with shared rounding predicates,shared,auto_seed_from_gap_index,medium,exploit,high,proposed,rethink high-level description and shared-structure RTL,build_frontend_campaign_index.py,auto
ex244,alternative saturation/FTZ/DAZ model,shared special-case shell,shared,auto_seed_from_gap_index,medium,explore,high,proposed,rethink high-level description and shared-structure RTL,build_frontend_campaign_index.py,auto
ex244,non-PPT conversion hypothesis,per-output truth clustering then shared predicates,shared,auto_seed_from_gap_index,low,wildcard,high,proposed,rethink high-level description and shared-structure RTL,build_frontend_campaign_index.py,auto
ex245,FP8 format/rounding variant inference,field-split decode with shared rounding predicates,shared,auto_seed_from_gap_index,medium,exploit,high,proposed,rethink high-level description and shared-structure RTL,build_frontend_campaign_index.py,auto
ex245,alternative saturation/FTZ/DAZ model,shared special-case shell,shared,auto_seed_from_gap_index,medium,explore,high,proposed,rethink high-level description and shared-structure RTL,build_frontend_campaign_index.py,auto
ex245,non-PPT conversion hypothesis,per-output truth clustering then shared predicates,shared,auto_seed_from_gap_index,low,wildcard,high,proposed,rethink high-level description and shared-structure RTL,build_frontend_campaign_index.py,auto
ex246,FP8 format/rounding variant inference,field-split decode with shared rounding predicates,shared,auto_seed_from_gap_index,medium,exploit,high,proposed,rethink high-level description and shared-structure RTL,build_frontend_campaign_index.py,auto
ex246,alternative saturation/FTZ/DAZ model,shared special-case shell,shared,auto_seed_from_gap_index,medium,explore,high,proposed,rethink high-level description and shared-structure RTL,build_frontend_campaign_index.py,auto
ex246,non-PPT conversion hypothesis,per-output truth clustering then shared predicates,shared,auto_seed_from_gap_index,low,wildcard,high,proposed,rethink high-level description and shared-structure RTL,build_frontend_campaign_index.py,auto
ex247,FP8 format/rounding variant inference,field-split decode with shared rounding predicates,shared,auto_seed_from_gap_index,medium,exploit,high,proposed,rethink high-level description and shared-structure RTL,build_frontend_campaign_index.py,auto
ex247,alternative saturation/FTZ/DAZ model,shared special-case shell,shared,auto_seed_from_gap_index,medium,explore,high,proposed,rethink high-level description and shared-structure RTL,build_frontend_campaign_index.py,auto
ex247,non-PPT conversion hypothesis,per-output truth clustering then shared predicates,shared,auto_seed_from_gap_index,low,wildcard,high,proposed,rethink high-level description and shared-structure RTL,build_frontend_campaign_index.py,auto
ex248,FP8 format/rounding variant inference,field-split decode with shared rounding predicates,shared,auto_seed_from_gap_index,medium,exploit,high,proposed,rethink high-level description and shared-structure RTL,build_frontend_campaign_index.py,auto
ex248,alternative saturation/FTZ/DAZ model,shared special-case shell,shared,auto_seed_from_gap_index,medium,explore,high,proposed,rethink high-level description and shared-structure RTL,build_frontend_campaign_index.py,auto
ex248,non-PPT conversion hypothesis,per-output truth clustering then shared predicates,shared,auto_seed_from_gap_index,low,wildcard,high,proposed,rethink high-level description and shared-structure RTL,build_frontend_campaign_index.py,auto
ex249,FP8 format/rounding variant inference,field-split decode with shared rounding predicates,shared,auto_seed_from_gap_index,medium,exploit,high,proposed,rethink high-level description and shared-structure RTL,build_frontend_campaign_index.py,auto
ex249,alternative saturation/FTZ/DAZ model,shared special-case shell,shared,auto_seed_from_gap_index,medium,explore,high,proposed,rethink high-level description and shared-structure RTL,build_frontend_campaign_index.py,auto
ex249,non-PPT conversion hypothesis,per-output truth clustering then shared predicates,shared,auto_seed_from_gap_index,low,wildcard,high,proposed,rethink high-level description and shared-structure RTL,build_frontend_campaign_index.py,auto
ex253,FP8 format/rounding variant inference,field-split decode with shared rounding predicates,shared,auto_seed_from_gap_index,medium,exploit,high,proposed,rethink high-level description and shared-structure RTL,build_frontend_campaign_index.py,auto
ex253,alternative saturation/FTZ/DAZ model,shared special-case shell,shared,auto_seed_from_gap_index,medium,explore,high,proposed,rethink high-level description and shared-structure RTL,build_frontend_campaign_index.py,auto
ex253,non-PPT conversion hypothesis,per-output truth clustering then shared predicates,shared,auto_seed_from_gap_index,low,wildcard,high,proposed,rethink high-level description and shared-structure RTL,build_frontend_campaign_index.py,auto
ex255,operation-specific arithmetic sharing,shared compressor/comparator/prefix network,shared,auto_seed_from_gap_index,medium,exploit,medium,proposed,add diverse frontend seeds before deeper backend,build_frontend_campaign_index.py,auto
ex255,alternative arithmetic algorithm,Booth/Dadda/restoring/prefix variant as applicable,shared,auto_seed_from_gap_index,medium,explore,medium,proposed,add diverse frontend seeds before deeper backend,build_frontend_campaign_index.py,auto
ex255,truth-guided selected-output correction,shared residual correction over arithmetic baseline,shared,auto_seed_from_gap_index,low,wildcard,medium,proposed,add diverse frontend seeds before deeper backend,build_frontend_campaign_index.py,auto
ex256,operation-specific arithmetic sharing,shared compressor/comparator/prefix network,shared,auto_seed_from_gap_index,medium,exploit,high,proposed,rethink high-level description and shared-structure RTL,build_frontend_campaign_index.py,auto
ex256,alternative arithmetic algorithm,Booth/Dadda/restoring/prefix variant as applicable,shared,auto_seed_from_gap_index,medium,explore,high,proposed,rethink high-level description and shared-structure RTL,build_frontend_campaign_index.py,auto
ex256,truth-guided selected-output correction,shared residual correction over arithmetic baseline,shared,auto_seed_from_gap_index,low,wildcard,high,proposed,rethink high-level description and shared-structure RTL,build_frontend_campaign_index.py,auto
ex257,operation-specific arithmetic sharing,shared compressor/comparator/prefix network,shared,auto_seed_from_gap_index,medium,exploit,medium,proposed,add diverse frontend seeds before deeper backend,build_frontend_campaign_index.py,auto
ex257,alternative arithmetic algorithm,Booth/Dadda/restoring/prefix variant as applicable,shared,auto_seed_from_gap_index,medium,explore,medium,proposed,add diverse frontend seeds before deeper backend,build_frontend_campaign_index.py,auto
ex257,truth-guided selected-output correction,shared residual correction over arithmetic baseline,shared,auto_seed_from_gap_index,low,wildcard,medium,proposed,add diverse frontend seeds before deeper backend,build_frontend_campaign_index.py,auto
ex258,operation-specific arithmetic sharing,shared compressor/comparator/prefix network,shared,auto_seed_from_gap_index,medium,exploit,medium,proposed,add diverse frontend seeds before deeper backend,build_frontend_campaign_index.py,auto
ex258,alternative arithmetic algorithm,Booth/Dadda/restoring/prefix variant as applicable,shared,auto_seed_from_gap_index,medium,explore,medium,proposed,add diverse frontend seeds before deeper backend,build_frontend_campaign_index.py,auto
ex258,truth-guided selected-output correction,shared residual correction over arithmetic baseline,shared,auto_seed_from_gap_index,low,wildcard,medium,proposed,add diverse frontend seeds before deeper backend,build_frontend_campaign_index.py,auto
ex259,operation-specific arithmetic sharing,shared compressor/comparator/prefix network,shared,auto_seed_from_gap_index,medium,exploit,medium,proposed,add diverse frontend seeds before deeper backend,build_frontend_campaign_index.py,auto
ex259,alternative arithmetic algorithm,Booth/Dadda/restoring/prefix variant as applicable,shared,auto_seed_from_gap_index,medium,explore,medium,proposed,add diverse frontend seeds before deeper backend,build_frontend_campaign_index.py,auto
ex259,truth-guided selected-output correction,shared residual correction over arithmetic baseline,shared,auto_seed_from_gap_index,low,wildcard,medium,proposed,add diverse frontend seeds before deeper backend,build_frontend_campaign_index.py,auto
ex260,operation-specific arithmetic sharing,shared compressor/comparator/prefix network,shared,auto_seed_from_gap_index,medium,exploit,high,proposed,rethink high-level description and shared-structure RTL,build_frontend_campaign_index.py,auto
ex260,alternative arithmetic algorithm,Booth/Dadda/restoring/prefix variant as applicable,shared,auto_seed_from_gap_index,medium,explore,high,proposed,rethink high-level description and shared-structure RTL,build_frontend_campaign_index.py,auto
ex260,truth-guided selected-output correction,shared residual correction over arithmetic baseline,shared,auto_seed_from_gap_index,low,wildcard,high,proposed,rethink high-level description and shared-structure RTL,build_frontend_campaign_index.py,auto
ex261,operation-specific arithmetic sharing,shared compressor/comparator/prefix network,shared,auto_seed_from_gap_index,medium,exploit,high,proposed,rethink high-level description and shared-structure RTL,build_frontend_campaign_index.py,auto
ex261,alternative arithmetic algorithm,Booth/Dadda/restoring/prefix variant as applicable,shared,auto_seed_from_gap_index,medium,explore,high,proposed,rethink high-level description and shared-structure RTL,build_frontend_campaign_index.py,auto
ex261,truth-guided selected-output correction,shared residual correction over arithmetic baseline,shared,auto_seed_from_gap_index,low,wildcard,high,proposed,rethink high-level description and shared-structure RTL,build_frontend_campaign_index.py,auto
ex263,operation-specific arithmetic sharing,shared compressor/comparator/prefix network,shared,auto_seed_from_gap_index,medium,exploit,medium,proposed,add diverse frontend seeds before deeper backend,build_frontend_campaign_index.py,auto
ex263,alternative arithmetic algorithm,Booth/Dadda/restoring/prefix variant as applicable,shared,auto_seed_from_gap_index,medium,explore,medium,proposed,add diverse frontend seeds before deeper backend,build_frontend_campaign_index.py,auto
ex263,truth-guided selected-output correction,shared residual correction over arithmetic baseline,shared,auto_seed_from_gap_index,low,wildcard,medium,proposed,add diverse frontend seeds before deeper backend,build_frontend_campaign_index.py,auto
ex264,operation-specific arithmetic sharing,shared compressor/comparator/prefix network,shared,auto_seed_from_gap_index,medium,exploit,medium,proposed,add diverse frontend seeds before deeper backend,build_frontend_campaign_index.py,auto
ex264,alternative arithmetic algorithm,Booth/Dadda/restoring/prefix variant as applicable,shared,auto_seed_from_gap_index,medium,explore,medium,proposed,add diverse frontend seeds before deeper backend,build_frontend_campaign_index.py,auto
ex264,truth-guided selected-output correction,shared residual correction over arithmetic baseline,shared,auto_seed_from_gap_index,low,wildcard,medium,proposed,add diverse frontend seeds before deeper backend,build_frontend_campaign_index.py,auto
ex266,operation-specific arithmetic sharing,shared compressor/comparator/prefix network,shared,auto_seed_from_gap_index,medium,exploit,high,proposed,rethink high-level description and shared-structure RTL,build_frontend_campaign_index.py,auto
ex266,alternative arithmetic algorithm,Booth/Dadda/restoring/prefix variant as applicable,shared,auto_seed_from_gap_index,medium,explore,high,proposed,rethink high-level description and shared-structure RTL,build_frontend_campaign_index.py,auto
ex266,truth-guided selected-output correction,shared residual correction over arithmetic baseline,shared,auto_seed_from_gap_index,low,wildcard,high,proposed,rethink high-level description and shared-structure RTL,build_frontend_campaign_index.py,auto
ex267,operation-specific arithmetic sharing,shared compressor/comparator/prefix network,shared,auto_seed_from_gap_index,medium,exploit,medium,proposed,add diverse frontend seeds before deeper backend,build_frontend_campaign_index.py,auto
ex267,alternative arithmetic algorithm,Booth/Dadda/restoring/prefix variant as applicable,shared,auto_seed_from_gap_index,medium,explore,medium,proposed,add diverse frontend seeds before deeper backend,build_frontend_campaign_index.py,auto
ex267,truth-guided selected-output correction,shared residual correction over arithmetic baseline,shared,auto_seed_from_gap_index,low,wildcard,medium,proposed,add diverse frontend seeds before deeper backend,build_frontend_campaign_index.py,auto
ex268,operation-specific arithmetic sharing,shared compressor/comparator/prefix network,shared,auto_seed_from_gap_index,medium,exploit,medium,proposed,add diverse frontend seeds before deeper backend,build_frontend_campaign_index.py,auto
ex268,alternative arithmetic algorithm,Booth/Dadda/restoring/prefix variant as applicable,shared,auto_seed_from_gap_index,medium,explore,medium,proposed,add diverse frontend seeds before deeper backend,build_frontend_campaign_index.py,auto
ex268,truth-guided selected-output correction,shared residual correction over arithmetic baseline,shared,auto_seed_from_gap_index,low,wildcard,medium,proposed,add diverse frontend seeds before deeper backend,build_frontend_campaign_index.py,auto
ex270,operation-specific arithmetic sharing,shared compressor/comparator/prefix network,shared,auto_seed_from_gap_index,medium,exploit,high,proposed,rethink high-level description and shared-structure RTL,build_frontend_campaign_index.py,auto
ex270,alternative arithmetic algorithm,Booth/Dadda/restoring/prefix variant as applicable,shared,auto_seed_from_gap_index,medium,explore,high,proposed,rethink high-level description and shared-structure RTL,build_frontend_campaign_index.py,auto
ex270,truth-guided selected-output correction,shared residual correction over arithmetic baseline,shared,auto_seed_from_gap_index,low,wildcard,high,proposed,rethink high-level description and shared-structure RTL,build_frontend_campaign_index.py,auto
ex273,operation-specific arithmetic sharing,shared compressor/comparator/prefix network,shared,auto_seed_from_gap_index,medium,exploit,medium,proposed,add diverse frontend seeds before deeper backend,build_frontend_campaign_index.py,auto
ex273,alternative arithmetic algorithm,Booth/Dadda/restoring/prefix variant as applicable,shared,auto_seed_from_gap_index,medium,explore,medium,proposed,add diverse frontend seeds before deeper backend,build_frontend_campaign_index.py,auto
ex273,truth-guided selected-output correction,shared residual correction over arithmetic baseline,shared,auto_seed_from_gap_index,low,wildcard,medium,proposed,add diverse frontend seeds before deeper backend,build_frontend_campaign_index.py,auto
ex274,operation-specific arithmetic sharing,shared compressor/comparator/prefix network,shared,auto_seed_from_gap_index,medium,exploit,medium,proposed,add diverse frontend seeds before deeper backend,build_frontend_campaign_index.py,auto
ex274,alternative arithmetic algorithm,Booth/Dadda/restoring/prefix variant as applicable,shared,auto_seed_from_gap_index,medium,explore,medium,proposed,add diverse frontend seeds before deeper backend,build_frontend_campaign_index.py,auto
ex274,truth-guided selected-output correction,shared residual correction over arithmetic baseline,shared,auto_seed_from_gap_index,low,wildcard,medium,proposed,add diverse frontend seeds before deeper backend,build_frontend_campaign_index.py,auto
ex276,operation-specific arithmetic sharing,shared compressor/comparator/prefix network,shared,auto_seed_from_gap_index,medium,exploit,high,proposed,rethink high-level description and shared-structure RTL,build_frontend_campaign_index.py,auto
ex276,alternative arithmetic algorithm,Booth/Dadda/restoring/prefix variant as applicable,shared,auto_seed_from_gap_index,medium,explore,high,proposed,rethink high-level description and shared-structure RTL,build_frontend_campaign_index.py,auto
ex276,truth-guided selected-output correction,shared residual correction over arithmetic baseline,shared,auto_seed_from_gap_index,low,wildcard,high,proposed,rethink high-level description and shared-structure RTL,build_frontend_campaign_index.py,auto
ex277,operation-specific arithmetic sharing,shared compressor/comparator/prefix network,shared,auto_seed_from_gap_index,medium,exploit,high,proposed,rethink high-level description and shared-structure RTL,build_frontend_campaign_index.py,auto
ex277,alternative arithmetic algorithm,Booth/Dadda/restoring/prefix variant as applicable,shared,auto_seed_from_gap_index,medium,explore,high,proposed,rethink high-level description and shared-structure RTL,build_frontend_campaign_index.py,auto
ex277,truth-guided selected-output correction,shared residual correction over arithmetic baseline,shared,auto_seed_from_gap_index,low,wildcard,high,proposed,rethink high-level description and shared-structure RTL,build_frontend_campaign_index.py,auto
ex278,operation-specific arithmetic sharing,shared compressor/comparator/prefix network,shared,auto_seed_from_gap_index,medium,exploit,medium,proposed,add diverse frontend seeds before deeper backend,build_frontend_campaign_index.py,auto
ex278,alternative arithmetic algorithm,Booth/Dadda/restoring/prefix variant as applicable,shared,auto_seed_from_gap_index,medium,explore,medium,proposed,add diverse frontend seeds before deeper backend,build_frontend_campaign_index.py,auto
ex278,truth-guided selected-output correction,shared residual correction over arithmetic baseline,shared,auto_seed_from_gap_index,low,wildcard,medium,proposed,add diverse frontend seeds before deeper backend,build_frontend_campaign_index.py,auto
ex279,operation-specific arithmetic sharing,shared compressor/comparator/prefix network,shared,auto_seed_from_gap_index,medium,exploit,medium,proposed,add diverse frontend seeds before deeper backend,build_frontend_campaign_index.py,auto
ex279,alternative arithmetic algorithm,Booth/Dadda/restoring/prefix variant as applicable,shared,auto_seed_from_gap_index,medium,explore,medium,proposed,add diverse frontend seeds before deeper backend,build_frontend_campaign_index.py,auto
ex279,truth-guided selected-output correction,shared residual correction over arithmetic baseline,shared,auto_seed_from_gap_index,low,wildcard,medium,proposed,add diverse frontend seeds before deeper backend,build_frontend_campaign_index.py,auto
ex280,PPT family transform,shared GF(2)/routing/state descriptors,shared,auto_seed_from_gap_index,medium,exploit,high,proposed,rethink high-level description and shared-structure RTL,build_frontend_campaign_index.py,auto
ex280,ANF/cofactor decomposition,shared symbolic monomials and grouped outputs,shared,auto_seed_from_gap_index,medium,explore,high,proposed,rethink high-level description and shared-structure RTL,build_frontend_campaign_index.py,auto
ex280,non-PPT structural hypothesis,truth-clustered state/routing model,shared,auto_seed_from_gap_index,low,wildcard,high,proposed,rethink high-level description and shared-structure RTL,build_frontend_campaign_index.py,auto
ex281,PPT family transform,shared GF(2)/routing/state descriptors,shared,auto_seed_from_gap_index,medium,exploit,high,proposed,rethink high-level description and shared-structure RTL,build_frontend_campaign_index.py,auto
ex281,ANF/cofactor decomposition,shared symbolic monomials and grouped outputs,shared,auto_seed_from_gap_index,medium,explore,high,proposed,rethink high-level description and shared-structure RTL,build_frontend_campaign_index.py,auto
ex281,non-PPT structural hypothesis,truth-clustered state/routing model,shared,auto_seed_from_gap_index,low,wildcard,high,proposed,rethink high-level description and shared-structure RTL,build_frontend_campaign_index.py,auto
ex282,PPT family transform,shared GF(2)/routing/state descriptors,shared,auto_seed_from_gap_index,medium,exploit,high,proposed,rethink high-level description and shared-structure RTL,build_frontend_campaign_index.py,auto
ex282,ANF/cofactor decomposition,shared symbolic monomials and grouped outputs,shared,auto_seed_from_gap_index,medium,explore,high,proposed,rethink high-level description and shared-structure RTL,build_frontend_campaign_index.py,auto
ex282,non-PPT structural hypothesis,truth-clustered state/routing model,shared,auto_seed_from_gap_index,low,wildcard,high,proposed,rethink high-level description and shared-structure RTL,build_frontend_campaign_index.py,auto
ex283,PPT family transform,shared GF(2)/routing/state descriptors,shared,auto_seed_from_gap_index,medium,exploit,high,proposed,rethink high-level description and shared-structure RTL,build_frontend_campaign_index.py,auto
ex283,ANF/cofactor decomposition,shared symbolic monomials and grouped outputs,shared,auto_seed_from_gap_index,medium,explore,high,proposed,rethink high-level description and shared-structure RTL,build_frontend_campaign_index.py,auto
ex283,non-PPT structural hypothesis,truth-clustered state/routing model,shared,auto_seed_from_gap_index,low,wildcard,high,proposed,rethink high-level description and shared-structure RTL,build_frontend_campaign_index.py,auto
ex284,PPT family transform,shared GF(2)/routing/state descriptors,shared,auto_seed_from_gap_index,medium,exploit,high,proposed,rethink high-level description and shared-structure RTL,build_frontend_campaign_index.py,auto
ex284,ANF/cofactor decomposition,shared symbolic monomials and grouped outputs,shared,auto_seed_from_gap_index,medium,explore,high,proposed,rethink high-level description and shared-structure RTL,build_frontend_campaign_index.py,auto
ex284,non-PPT structural hypothesis,truth-clustered state/routing model,shared,auto_seed_from_gap_index,low,wildcard,high,proposed,rethink high-level description and shared-structure RTL,build_frontend_campaign_index.py,auto
ex285,PPT family transform,shared GF(2)/routing/state descriptors,shared,auto_seed_from_gap_index,medium,exploit,high,proposed,rethink high-level description and shared-structure RTL,build_frontend_campaign_index.py,auto
ex285,ANF/cofactor decomposition,shared symbolic monomials and grouped outputs,shared,auto_seed_from_gap_index,medium,explore,high,proposed,rethink high-level description and shared-structure RTL,build_frontend_campaign_index.py,auto
ex285,non-PPT structural hypothesis,truth-clustered state/routing model,shared,auto_seed_from_gap_index,low,wildcard,high,proposed,rethink high-level description and shared-structure RTL,build_frontend_campaign_index.py,auto
ex286,PPT family transform,shared GF(2)/routing/state descriptors,shared,auto_seed_from_gap_index,medium,exploit,high,proposed,rethink high-level description and shared-structure RTL,build_frontend_campaign_index.py,auto
ex286,ANF/cofactor decomposition,shared symbolic monomials and grouped outputs,shared,auto_seed_from_gap_index,medium,explore,high,proposed,rethink high-level description and shared-structure RTL,build_frontend_campaign_index.py,auto
ex286,non-PPT structural hypothesis,truth-clustered state/routing model,shared,auto_seed_from_gap_index,low,wildcard,high,proposed,rethink high-level description and shared-structure RTL,build_frontend_campaign_index.py,auto
ex287,PPT family transform,shared GF(2)/routing/state descriptors,shared,auto_seed_from_gap_index,medium,exploit,high,proposed,rethink high-level description and shared-structure RTL,build_frontend_campaign_index.py,auto
ex287,ANF/cofactor decomposition,shared symbolic monomials and grouped outputs,shared,auto_seed_from_gap_index,medium,explore,high,proposed,rethink high-level description and shared-structure RTL,build_frontend_campaign_index.py,auto
ex287,non-PPT structural hypothesis,truth-clustered state/routing model,shared,auto_seed_from_gap_index,low,wildcard,high,proposed,rethink high-level description and shared-structure RTL,build_frontend_campaign_index.py,auto
ex288,PPT family transform,shared GF(2)/routing/state descriptors,shared,auto_seed_from_gap_index,medium,exploit,high,proposed,rethink high-level description and shared-structure RTL,build_frontend_campaign_index.py,auto
ex288,ANF/cofactor decomposition,shared symbolic monomials and grouped outputs,shared,auto_seed_from_gap_index,medium,explore,high,proposed,rethink high-level description and shared-structure RTL,build_frontend_campaign_index.py,auto
ex288,non-PPT structural hypothesis,truth-clustered state/routing model,shared,auto_seed_from_gap_index,low,wildcard,high,proposed,rethink high-level description and shared-structure RTL,build_frontend_campaign_index.py,auto
ex289,PPT family transform,shared GF(2)/routing/state descriptors,shared,auto_seed_from_gap_index,medium,exploit,high,proposed,rethink high-level description and shared-structure RTL,build_frontend_campaign_index.py,auto
ex289,ANF/cofactor decomposition,shared symbolic monomials and grouped outputs,shared,auto_seed_from_gap_index,medium,explore,high,proposed,rethink high-level description and shared-structure RTL,build_frontend_campaign_index.py,auto
ex289,non-PPT structural hypothesis,truth-clustered state/routing model,shared,auto_seed_from_gap_index,low,wildcard,high,proposed,rethink high-level description and shared-structure RTL,build_frontend_campaign_index.py,auto
ex290,PPT family transform,shared GF(2)/routing/state descriptors,shared,auto_seed_from_gap_index,medium,exploit,high,proposed,rethink high-level description and shared-structure RTL,build_frontend_campaign_index.py,auto
ex290,ANF/cofactor decomposition,shared symbolic monomials and grouped outputs,shared,auto_seed_from_gap_index,medium,explore,high,proposed,rethink high-level description and shared-structure RTL,build_frontend_campaign_index.py,auto
ex290,non-PPT structural hypothesis,truth-clustered state/routing model,shared,auto_seed_from_gap_index,low,wildcard,high,proposed,rethink high-level description and shared-structure RTL,build_frontend_campaign_index.py,auto
ex291,PPT family transform,shared GF(2)/routing/state descriptors,shared,auto_seed_from_gap_index,medium,exploit,high,proposed,rethink high-level description and shared-structure RTL,build_frontend_campaign_index.py,auto
ex291,ANF/cofactor decomposition,shared symbolic monomials and grouped outputs,shared,auto_seed_from_gap_index,medium,explore,high,proposed,rethink high-level description and shared-structure RTL,build_frontend_campaign_index.py,auto
ex291,non-PPT structural hypothesis,truth-clustered state/routing model,shared,auto_seed_from_gap_index,low,wildcard,high,proposed,rethink high-level description and shared-structure RTL,build_frontend_campaign_index.py,auto
ex292,PPT family transform,shared GF(2)/routing/state descriptors,shared,auto_seed_from_gap_index,medium,exploit,high,proposed,rethink high-level description and shared-structure RTL,build_frontend_campaign_index.py,auto
ex292,ANF/cofactor decomposition,shared symbolic monomials and grouped outputs,shared,auto_seed_from_gap_index,medium,explore,high,proposed,rethink high-level description and shared-structure RTL,build_frontend_campaign_index.py,auto
ex292,non-PPT structural hypothesis,truth-clustered state/routing model,shared,auto_seed_from_gap_index,low,wildcard,high,proposed,rethink high-level description and shared-structure RTL,build_frontend_campaign_index.py,auto
ex293,PPT family transform,shared GF(2)/routing/state descriptors,shared,auto_seed_from_gap_index,medium,exploit,high,proposed,rethink high-level description and shared-structure RTL,build_frontend_campaign_index.py,auto
ex293,ANF/cofactor decomposition,shared symbolic monomials and grouped outputs,shared,auto_seed_from_gap_index,medium,explore,high,proposed,rethink high-level description and shared-structure RTL,build_frontend_campaign_index.py,auto
ex293,non-PPT structural hypothesis,truth-clustered state/routing model,shared,auto_seed_from_gap_index,low,wildcard,high,proposed,rethink high-level description and shared-structure RTL,build_frontend_campaign_index.py,auto
ex294,PPT family transform,shared GF(2)/routing/state descriptors,shared,auto_seed_from_gap_index,medium,exploit,high,proposed,rethink high-level description and shared-structure RTL,build_frontend_campaign_index.py,auto
ex294,ANF/cofactor decomposition,shared symbolic monomials and grouped outputs,shared,auto_seed_from_gap_index,medium,explore,high,proposed,rethink high-level description and shared-structure RTL,build_frontend_campaign_index.py,auto
ex294,non-PPT structural hypothesis,truth-clustered state/routing model,shared,auto_seed_from_gap_index,low,wildcard,high,proposed,rethink high-level description and shared-structure RTL,build_frontend_campaign_index.py,auto
ex295,PPT family transform,shared GF(2)/routing/state descriptors,shared,auto_seed_from_gap_index,medium,exploit,high,proposed,rethink high-level description and shared-structure RTL,build_frontend_campaign_index.py,auto
ex295,ANF/cofactor decomposition,shared symbolic monomials and grouped outputs,shared,auto_seed_from_gap_index,medium,explore,high,proposed,rethink high-level description and shared-structure RTL,build_frontend_campaign_index.py,auto
ex295,non-PPT structural hypothesis,truth-clustered state/routing model,shared,auto_seed_from_gap_index,low,wildcard,high,proposed,rethink high-level description and shared-structure RTL,build_frontend_campaign_index.py,auto
ex296,PPT family transform,shared GF(2)/routing/state descriptors,shared,auto_seed_from_gap_index,medium,exploit,high,proposed,rethink high-level description and shared-structure RTL,build_frontend_campaign_index.py,auto
ex296,ANF/cofactor decomposition,shared symbolic monomials and grouped outputs,shared,auto_seed_from_gap_index,medium,explore,high,proposed,rethink high-level description and shared-structure RTL,build_frontend_campaign_index.py,auto
ex296,non-PPT structural hypothesis,truth-clustered state/routing model,shared,auto_seed_from_gap_index,low,wildcard,high,proposed,rethink high-level description and shared-structure RTL,build_frontend_campaign_index.py,auto
ex297,PPT family transform,shared GF(2)/routing/state descriptors,shared,auto_seed_from_gap_index,medium,exploit,high,proposed,rethink high-level description and shared-structure RTL,build_frontend_campaign_index.py,auto
ex297,ANF/cofactor decomposition,shared symbolic monomials and grouped outputs,shared,auto_seed_from_gap_index,medium,explore,high,proposed,rethink high-level description and shared-structure RTL,build_frontend_campaign_index.py,auto
ex297,non-PPT structural hypothesis,truth-clustered state/routing model,shared,auto_seed_from_gap_index,low,wildcard,high,proposed,rethink high-level description and shared-structure RTL,build_frontend_campaign_index.py,auto
ex298,PPT family transform,shared GF(2)/routing/state descriptors,shared,auto_seed_from_gap_index,medium,exploit,high,proposed,rethink high-level description and shared-structure RTL,build_frontend_campaign_index.py,auto
ex298,ANF/cofactor decomposition,shared symbolic monomials and grouped outputs,shared,auto_seed_from_gap_index,medium,explore,high,proposed,rethink high-level description and shared-structure RTL,build_frontend_campaign_index.py,auto
ex298,non-PPT structural hypothesis,truth-clustered state/routing model,shared,auto_seed_from_gap_index,low,wildcard,high,proposed,rethink high-level description and shared-structure RTL,build_frontend_campaign_index.py,auto
ex299,PPT family transform,shared GF(2)/routing/state descriptors,shared,auto_seed_from_gap_index,medium,exploit,high,proposed,rethink high-level description and shared-structure RTL,build_frontend_campaign_index.py,auto
ex299,ANF/cofactor decomposition,shared symbolic monomials and grouped outputs,shared,auto_seed_from_gap_index,medium,explore,high,proposed,rethink high-level description and shared-structure RTL,build_frontend_campaign_index.py,auto
ex299,non-PPT structural hypothesis,truth-clustered state/routing model,shared,auto_seed_from_gap_index,low,wildcard,high,proposed,rethink high-level description and shared-structure RTL,build_frontend_campaign_index.py,auto
ex200,shared special-case shell / synth-flow gate-set refinement,current_frontend_seed_copy,shared,ex200_ex299_frontend_parallel_shared_20260612_1422/bf16-agent,medium,exploit,medium,tested_promising,official frontend improvement vs current frontend; still behind reference/backend,bf16-agent,2026-06-12
ex204,shared special-case shell / synth-flow gate-set refinement,mantissa_hilo_grouped_lut,shared,ex200_ex299_frontend_parallel_shared_20260612_1422/bf16-agent,medium,exploit,medium,tested_promising,official frontend improvement vs current frontend; still behind reference/backend,bf16-agent,2026-06-12
ex205,shared special-case shell / synth-flow gate-set refinement,current_frontend_seed_copy,shared,ex200_ex299_frontend_parallel_shared_20260612_1422/bf16-agent,medium,exploit,medium,tested_promising,official frontend improvement vs current frontend; still behind reference/backend,bf16-agent,2026-06-12
ex200,field-split exp source factoring,separate output fields,shared,ex200_ex299_frontend_parallel_shared_20260612_1422/bf16-agent,high,explore,low,tested_bad,generated candidate failed equivalence in this batch,bf16-agent,2026-06-12
ex205,log10 exponent-base residual source factoring,arithbase delta/log10 residual,shared,ex200_ex299_frontend_parallel_shared_20260612_1422/bf16-agent,high,explore,low,tested_bad,equivalent but deeper than selected-field seed,bf16-agent,2026-06-12
ex240,E4M3FN packed add,same-sign GRS formula plus compact diff normalizer,shared byte decode gap clamp and sign/magnitude selection,ex200_ex299_frontend_parallel_shared_20260612_1422/float-fp8-agent,medium,campaign_shard,medium,tested_equivalent,OK,float-fp8-agent,2026-06-12
ex240,E4M3FN packed add,nested gap/max exponent table and significand pair correction,shared sorted magnitude decode with local table correction,ex200_ex299_frontend_parallel_shared_20260612_1422/float-fp8-agent,medium,campaign_shard,medium,tested_equivalent,OK,float-fp8-agent,2026-06-12
ex241,E4M3FN packed multiply,outer exponent sum table with inner 4x4 product table,shared sign xor exponent sum and product key,ex200_ex299_frontend_parallel_shared_20260612_1422/float-fp8-agent,medium,campaign_shard,medium,tested_equivalent,OK,float-fp8-agent,2026-06-12
ex241,E4M3FN packed multiply,product normalization formula with exact rounding exceptions,shared product and exponent-sum decode,ex200_ex299_frontend_parallel_shared_20260612_1422/float-fp8-agent,medium,campaign_shard,medium,tested_equivalent,OK,float-fp8-agent,2026-06-12
ex242,E4M3FN packed low-over-high division,sparse exponent-delta and significand-pair field table,shared divisor special decode and quotient field table,ex200_ex299_frontend_parallel_shared_20260612_1422/float-fp8-agent,medium,campaign_shard,medium,tested_equivalent,OK,float-fp8-agent,2026-06-12
ex242,E4M3FN packed low-over-high division,compact quotient formula with per-bit exception overlay,shared exponent-delta quotient decode,ex200_ex299_frontend_parallel_shared_20260612_1422/float-fp8-agent,medium,campaign_shard,medium,tested_equivalent,OK,float-fp8-agent,2026-06-12
ex244,E4M3FN packed hypot,max magnitude plus max-eff/gap/sig delta BDD,shared abs max/min decode and delta correction,ex200_ex299_frontend_parallel_shared_20260612_1422/float-fp8-agent,medium,campaign_shard,medium,tested_equivalent,OK,float-fp8-agent,2026-06-12
ex244,E4M3FN packed hypot,max-eff threshold pack with parallel min-sig predicates,shared max/min decode and packed threshold predicates,ex200_ex299_frontend_parallel_shared_20260612_1422/float-fp8-agent,medium,campaign_shard,medium,tested_equivalent,OK,float-fp8-agent,2026-06-12
ex245,E5M2FN packed add,small-gap class formula,shared gap max/min significand decode,ex200_ex299_frontend_parallel_shared_20260612_1422/float-fp8-agent,medium,campaign_shard,medium,tested_equivalent,OK,float-fp8-agent,2026-06-12
ex245,E5M2FN packed add,decoded integer add/sub with RNE normalizer,shared signed magnitude arithmetic path,ex200_ex299_frontend_parallel_shared_20260612_1422/float-fp8-agent,medium,campaign_shard,medium,tested_equivalent,OK,float-fp8-agent,2026-06-12
ex246,E5M2FN packed multiply,product-class formula with seed12 unreachable-code completion,shared sign xor exponent sum product class,ex200_ex299_frontend_parallel_shared_20260612_1422/float-fp8-agent,medium,campaign_shard,medium,tested_equivalent,OK,float-fp8-agent,2026-06-12
ex246,E5M2FN packed multiply,sigpair product-code table plus product-class completion,shared product-code decode and boundary reassembly,ex200_ex299_frontend_parallel_shared_20260612_1422/float-fp8-agent,medium,campaign_shard,medium,tested_equivalent,OK,float-fp8-agent,2026-06-12
ex247,E5M2FN packed low-over-high division,denominator-nested bound/smallpat classifier,shared denominator decode and low-underflow pattern reconstruction,ex200_ex299_frontend_parallel_shared_20260612_1422/float-fp8-agent,medium,campaign_shard,medium,tested_equivalent,OK,float-fp8-agent,2026-06-12
ex247,E5M2FN packed low-over-high division,denominator-nested quotient class plus 2-bit underflow pattern,shared quotient classifier and pattern reassembly,ex200_ex299_frontend_parallel_shared_20260612_1422/float-fp8-agent,medium,campaign_shard,medium,tested_equivalent,OK,float-fp8-agent,2026-06-12
ex248,E5M2FN packed fmod,periodic 2^delta modulo significand remainder,shared divisor period and remainder normalizer,ex200_ex299_frontend_parallel_shared_20260612_1422/float-fp8-agent,medium,campaign_shard,medium,tested_equivalent,OK,float-fp8-agent,2026-06-12
ex248,E5M2FN packed fmod,periodic remainder with formula normalizer,shared period decode and normalization path,ex200_ex299_frontend_parallel_shared_20260612_1422/float-fp8-agent,medium,campaign_shard,medium,tested_equivalent,OK,float-fp8-agent,2026-06-12
ex249,E5M2FN packed hypot,raw-exponent gap0/gap1 threshold predicates,shared abs max/min decode and saturation guard,ex200_ex299_frontend_parallel_shared_20260612_1422/float-fp8-agent,medium,campaign_shard,medium,tested_equivalent,OK,float-fp8-agent,2026-06-12
ex249,E5M2FN packed hypot,max magnitude plus delta BDD key-major order,shared abs max/min decode and delta BDD,ex200_ex299_frontend_parallel_shared_20260612_1422/float-fp8-agent,medium,campaign_shard,medium,tested_equivalent,OK,float-fp8-agent,2026-06-12
ex253,unsigned 2-bit lane reduction to E4M3FN,low/high bit popcounts plus reachable lane-sum qcase,shared weighted popcount and quantization table,ex200_ex299_frontend_parallel_shared_20260612_1422/float-fp8-agent,medium,campaign_shard,medium,tested_equivalent,OK,float-fp8-agent,2026-06-12
ex253,unsigned 2-bit lane reduction to E4M3FN,direct two-dimensional hi-count/lo-count quant table,shared weighted popcount with grouped quant output,ex200_ex299_frontend_parallel_shared_20260612_1422/float-fp8-agent,medium,campaign_shard,medium,tested_equivalent,OK,float-fp8-agent,2026-06-12
ex223,positive-normal log-family nested mantissa seed,nested_hi_lo_mantissa_lut_high_bit_run_trees,shared_special_sign_exp_decode_per_exp_mantissa_runs,fp16-agent,medium,exploit_neighbor_sweep,low,tested_promising,Official evaluate.py batch best 10747/19/204193; beats live frontend baseline=1; beats reference=0,fp16-agent,2026-06-12
ex224,positive-normal log-family nested mantissa seed,nested_hi_lo_mantissa_lut_high_bit_run_trees,shared_special_sign_exp_decode_per_exp_mantissa_runs,fp16-agent,medium,exploit_neighbor_sweep,none,tested_promising,Official evaluate.py batch best 6014/16/96224; beats live frontend baseline=0; beats reference=0,fp16-agent,2026-06-12
ex225,positive-normal log-family nested mantissa seed,nested_hi_lo_mantissa_lut_high_bit_run_trees,shared_special_sign_exp_decode_per_exp_mantissa_runs,fp16-agent,medium,exploit_neighbor_sweep,low,tested_promising,Official evaluate.py batch best 11530/19/219070; beats live frontend baseline=1; beats reference=0,fp16-agent,2026-06-12
ex223,non-nested selected-bit/predecode or shallow semantic normalizer,deferred_non_nested_family,tbd,fp16-agent,medium,deferred,unknown,deferred_not_run,Coordinator requested convergence before starting a second family.,fp16-agent,2026-06-12
ex224,non-nested selected-bit/predecode or shallow semantic normalizer,deferred_non_nested_family,tbd,fp16-agent,medium,deferred,unknown,deferred_not_run,Coordinator requested convergence before starting a second family.,fp16-agent,2026-06-12
ex225,non-nested selected-bit/predecode or shallow semantic normalizer,deferred_non_nested_family,tbd,fp16-agent,medium,deferred,unknown,deferred_not_run,Coordinator requested convergence before starting a second family.,fp16-agent,2026-06-12
ex256,current best frontend source may need a fixed post-synthesis rewrite,CSA AND-row CLA replay from current frontend best,existing shared partial products and CLA final carry,ex200_ex299_frontend_parallel_shared_20260612_1422/integer-agent,medium,campaign_shard,medium,tested_promising,"ADP=2844, current_frontend=2862, reference=1911",integer-agent,2026-06-12
ex256,drop provably unused final overflow carry before merge,modulo Wallace columns with hybrid CLA final merge,shared partial products and pruned final carry network,ex200_ex299_frontend_parallel_shared_20260612_1422/integer-agent,medium,campaign_shard,medium,tested_nonwinning,"ADP=3160, current_frontend=2862, reference=1911",integer-agent,2026-06-12
ex256,partial-product compressor final carry is bottleneck,unsigned Wallace columns with carry-select final merge,shared partial products and column compressor rows,ex200_ex299_frontend_parallel_shared_20260612_1422/integer-agent,medium,campaign_shard,medium,tested_nonwinning,"ADP=3476, current_frontend=2862, reference=1911",integer-agent,2026-06-12
ex260,small signed product final carry is bottleneck,Baugh-Wooley Wallace with carry-select final merge,shared signed partial products and compressor rows,ex200_ex299_frontend_parallel_shared_20260612_1422/integer-agent,medium,campaign_shard,medium,tested_nonwinning,"ADP=1380, current_frontend=1144, reference=657",integer-agent,2026-06-12
ex260,signed modulo carry pruning can reduce final merge cost,reverse Baugh-Wooley Wallace modulo hybrid CLA,shared signed partial products with pruned overflow carry,ex200_ex299_frontend_parallel_shared_20260612_1422/integer-agent,medium,campaign_shard,medium,tested_nonwinning,"ADP=1320, current_frontend=1144, reference=657",integer-agent,2026-06-12
ex260,current best frontend source may need a fixed post-synthesis rewrite,Baugh-Wooley reverse hCLA4 replay from current frontend best,existing shared signed partial products and hCLA final carry,ex200_ex299_frontend_parallel_shared_20260612_1422/integer-agent,medium,campaign_shard,medium,tested_nonwinning,"ADP=1144, current_frontend=1144, reference=657",integer-agent,2026-06-12
ex261,4-input counters reduce signed 5x5 compressor depth,Baugh-Wooley 4-input column compressor with hCLA2,shared signed partial products and 4-input compressor rows,ex200_ex299_frontend_parallel_shared_20260612_1422/integer-agent,medium,campaign_shard,medium,tested_nonwinning,"ADP=3312, current_frontend=2952, reference=2041",integer-agent,2026-06-12
ex261,signed 5x5 final carry grouping may beat hCLA4,Baugh-Wooley Wallace with carry-select final merge,shared signed partial products and compressor rows,ex200_ex299_frontend_parallel_shared_20260612_1422/integer-agent,medium,campaign_shard,medium,tested_nonwinning,"ADP=3002, current_frontend=2952, reference=2041",integer-agent,2026-06-12
ex261,current best frontend source may need a fixed post-synthesis rewrite,Baugh-Wooley hCLA4 replay from current frontend best,existing shared signed partial products and hCLA final carry,ex200_ex299_frontend_parallel_shared_20260612_1422/integer-agent,medium,campaign_shard,medium,tested_nonwinning,"ADP=2952, current_frontend=2952, reference=2041",integer-agent,2026-06-12
ex266,current best frontend source may need a fixed post-synthesis rewrite,cofactor bit-BDD word-mux replay from current frontend best,existing shared quotient-word mux,ex200_ex299_frontend_parallel_shared_20260612_1422/integer-agent,medium,campaign_shard,medium,tested_nonwinning,"ADP=1650, current_frontend=1480, reference=848",integer-agent,2026-06-12
ex266,shared cofactor word tree may lower mux delay,magnitude cofactor bit-BDD with shared tree word mux,shared quotient-word mux across output bits,ex200_ex299_frontend_parallel_shared_20260612_1422/integer-agent,medium,campaign_shard,medium,tested_nonwinning,"ADP=1860, current_frontend=1480, reference=848",integer-agent,2026-06-12
ex266,binary quotient threshold word tree can share product tests,recursive q>=mid comparator tree using constant b multiples,shared word-level quotient decisions,ex200_ex299_frontend_parallel_shared_20260612_1422/integer-agent,medium,campaign_shard,medium,tested_nonwinning,"ADP=13040, current_frontend=1480, reference=848",integer-agent,2026-06-12
ex270,current best frontend source may need a fixed post-synthesis rewrite,triangular square Wallace csel5 replay from current frontend best,existing shared cross terms and square compressor rows,ex200_ex299_frontend_parallel_shared_20260612_1422/integer-agent,medium,campaign_shard,medium,tested_promising,"ADP=3230, current_frontend=3247, reference=2076",integer-agent,2026-06-12
ex270,factored compressors can lower square area at csel5 grouping,factored full-adder square compressor with csel5,shared propagate/generate inside square-column compressors,ex200_ex299_frontend_parallel_shared_20260612_1422/integer-agent,medium,campaign_shard,medium,tested_nonwinning,"ADP=4512, current_frontend=3247, reference=2076",integer-agent,2026-06-12
ex270,alternate carry-select group can reduce square final carry ADP,triangular square Wallace columns with csel7,shared cross terms and square-column compressor rows,ex200_ex299_frontend_parallel_shared_20260612_1422/integer-agent,medium,campaign_shard,medium,tested_nonwinning,"ADP=3864, current_frontend=3247, reference=2076",integer-agent,2026-06-12
ex276,cofactored local BDD can reduce mid-bit classifier delay,4-bit high-prefix cofactor reverse BDD,local BDD sharing inside high-prefix buckets,ex200_ex299_frontend_parallel_shared_20260612_1422/integer-agent,medium,campaign_shard,medium,tested_nonwinning,"ADP=1140, current_frontend=1010, reference=632",integer-agent,2026-06-12
ex276,current best frontend source may need a fixed post-synthesis rewrite,prefix4 shared-ge bitwise replay from current frontend best,existing shared range predicates across output bits,ex200_ex299_frontend_parallel_shared_20260612_1422/integer-agent,medium,campaign_shard,medium,tested_nonwinning,"ADP=1243, current_frontend=1010, reference=632",integer-agent,2026-06-12
ex276,shared whole-word prefix-ge muxing may beat bitwise output logic,prefix4 shared threshold/ge tree LSB-first,shared range predicates and whole-word mux,ex200_ex299_frontend_parallel_shared_20260612_1422/integer-agent,medium,campaign_shard,medium,tested_nonwinning,"ADP=1356, current_frontend=1010, reference=632",integer-agent,2026-06-12
ex277,deeper cofactor split may reduce local BDD delay enough for ex277,5-bit high-prefix cofactor reverse BDD,local BDD sharing inside high-prefix buckets,ex200_ex299_frontend_parallel_shared_20260612_1422/integer-agent,medium,campaign_shard,medium,tested_nonwinning,"ADP=3084, current_frontend=2844, reference=1980",integer-agent,2026-06-12
ex277,current best frontend source may need a fixed post-synthesis rewrite,cofactor-4 reverse BDD replay from current frontend best,existing local BDDs and shared word mux,ex200_ex299_frontend_parallel_shared_20260612_1422/integer-agent,medium,campaign_shard,medium,tested_nonwinning,"ADP=3159, current_frontend=2844, reference=1980",integer-agent,2026-06-12
ex277,larger prefix range word tree may beat cofactor BDD on ADP,prefix5 shared threshold/ge tree LSB-first,shared range predicates and whole-word mux,ex200_ex299_frontend_parallel_shared_20260612_1422/integer-agent,medium,campaign_shard,medium,tested_nonwinning,"ADP=3735, current_frontend=2844, reference=1980",integer-agent,2026-06-12
ex285,hamming_weight_preserving_lossy_routing_normalizer,onehot_bucket_count_key_case_table,shared_bucket_counts_and_selectors,ex200_ex299_frontend_parallel_shared_20260612_1422/unknown-a-agent,medium,explore,low,tested_bad,official evaluate.py replay complete; no current-best improvement,unknown-a-agent,2026-06-12
ex286,hamming_weight_preserving_lossy_routing_normalizer,onehot_bucket_count_key_case_table,shared_bucket_counts_and_selectors,ex200_ex299_frontend_parallel_shared_20260612_1422/unknown-a-agent,medium,explore,low,tested_bad,official evaluate.py replay complete; no current-best improvement,unknown-a-agent,2026-06-12
ex287,hamming_weight_preserving_lossy_routing_normalizer,onehot_bucket_count_key_case_table,shared_bucket_counts_and_selectors,ex200_ex299_frontend_parallel_shared_20260612_1422/unknown-a-agent,medium,explore,low,tested_bad,official evaluate.py replay complete; no current-best improvement,unknown-a-agent,2026-06-12
ex288,hamming_weight_preserving_lossy_routing_normalizer,onehot_bucket_count_key_case_table,shared_bucket_counts_and_selectors,ex200_ex299_frontend_parallel_shared_20260612_1422/unknown-a-agent,medium,explore,low,tested_bad,official evaluate.py replay complete; no current-best improvement,unknown-a-agent,2026-06-12
ex289,hamming_weight_preserving_lossy_routing_normalizer,onehot_bucket_count_key_case_table,shared_bucket_counts_and_selectors,ex200_ex299_frontend_parallel_shared_20260612_1422/unknown-a-agent,medium,explore,low,tested_bad,official evaluate.py replay complete; no current-best improvement,unknown-a-agent,2026-06-12
ex289,hamming_weight_preserving_lossy_routing_normalizer,complement_reverse_split_domain_symcof,global_bdd_node_sharing,ex200_ex299_frontend_parallel_shared_20260612_1422/unknown-a-agent,medium,explore,low,tested_equivalent_worse,official evaluate.py replay complete; no current-best improvement,unknown-a-agent,2026-06-12
ex280,fixed1_zminus2_filter_variant,full_wrap_low_zero_high_muxcoord_degree2_anf,grouped_coordinate_terms,ex200_ex299_frontend_parallel_shared_20260612_1422/unknown-a-agent,medium,explore,low,tested_equivalent_worse,official evaluate.py replay complete; no current-best improvement,unknown-a-agent,2026-06-12
ex281,fixed1_zminus2_filter_variant,full_wrap_low_zero_high_muxcoord_degree2_anf,grouped_coordinate_terms,ex200_ex299_frontend_parallel_shared_20260612_1422/unknown-a-agent,medium,explore,low,tested_equivalent_worse,official evaluate.py replay complete; no current-best improvement,unknown-a-agent,2026-06-12
ex282,fixed1_zminus2_filter_variant,full_wrap_low_zero_high_muxcoord_degree2_anf,grouped_coordinate_terms,ex200_ex299_frontend_parallel_shared_20260612_1422/unknown-a-agent,medium,explore,low,tested_equivalent_worse,official evaluate.py replay complete; no current-best improvement,unknown-a-agent,2026-06-12
ex283,fixed1_zminus2_filter_variant,full_wrap_low_zero_high_muxcoord_degree2_anf,grouped_coordinate_terms,ex200_ex299_frontend_parallel_shared_20260612_1422/unknown-a-agent,medium,explore,low,tested_equivalent_worse,official evaluate.py replay complete; no current-best improvement,unknown-a-agent,2026-06-12
ex284,fixed1_zminus2_filter_variant,full_wrap_low_zero_high_muxcoord_degree2_anf,grouped_coordinate_terms,ex200_ex299_frontend_parallel_shared_20260612_1422/unknown-a-agent,medium,explore,low,tested_equivalent_worse,official evaluate.py replay complete; no current-best improvement,unknown-a-agent,2026-06-12
ex280,quartic_gf2_anf_monomial_sharing,full_clamp_muxcoord_quadratic_linear_form_products,shared_linear_form_products,ex200_ex299_frontend_parallel_shared_20260612_1422/unknown-a-agent,medium,explore,low,tested_equivalent_worse,official evaluate.py replay complete; no current-best improvement,unknown-a-agent,2026-06-12
ex281,quartic_gf2_anf_monomial_sharing,full_clamp_muxcoord_quadratic_linear_form_products,shared_linear_form_products,ex200_ex299_frontend_parallel_shared_20260612_1422/unknown-a-agent,medium,explore,low,tested_equivalent_worse,official evaluate.py replay complete; no current-best improvement,unknown-a-agent,2026-06-12
ex282,quartic_gf2_anf_monomial_sharing,full_clamp_muxcoord_quadratic_linear_form_products,shared_linear_form_products,ex200_ex299_frontend_parallel_shared_20260612_1422/unknown-a-agent,medium,explore,low,tested_equivalent_worse,official evaluate.py replay complete; no current-best improvement,unknown-a-agent,2026-06-12
ex283,quartic_gf2_anf_monomial_sharing,full_clamp_muxcoord_quadratic_linear_form_products,shared_linear_form_products,ex200_ex299_frontend_parallel_shared_20260612_1422/unknown-a-agent,medium,explore,low,tested_equivalent_worse,official evaluate.py replay complete; no current-best improvement,unknown-a-agent,2026-06-12
ex284,quartic_gf2_anf_monomial_sharing,full_clamp_muxcoord_quadratic_linear_form_products,shared_linear_form_products,ex200_ex299_frontend_parallel_shared_20260612_1422/unknown-a-agent,medium,explore,low,tested_equivalent_worse,official evaluate.py replay complete; no current-best improvement,unknown-a-agent,2026-06-12
ex285,hamming_weight_preserving_lossy_routing_normalizer,pair_symmetry_canonical_key_bdd_cofactors,global_bdd_node_sharing,ex200_ex299_frontend_parallel_shared_20260612_1422/unknown-a-agent,medium,explore,low,tested_equivalent_worse,official evaluate.py replay complete; no current-best improvement,unknown-a-agent,2026-06-12
ex286,hamming_weight_preserving_lossy_routing_normalizer,pair_symmetry_canonical_key_bdd_cofactors,global_bdd_node_sharing,ex200_ex299_frontend_parallel_shared_20260612_1422/unknown-a-agent,medium,explore,low,tested_equivalent_worse,official evaluate.py replay complete; no current-best improvement,unknown-a-agent,2026-06-12
ex287,hamming_weight_preserving_lossy_routing_normalizer,pair_symmetry_canonical_key_bdd_cofactors,global_bdd_node_sharing,ex200_ex299_frontend_parallel_shared_20260612_1422/unknown-a-agent,medium,explore,low,tested_equivalent_worse,official evaluate.py replay complete; no current-best improvement,unknown-a-agent,2026-06-12
ex288,hamming_weight_preserving_lossy_routing_normalizer,pair_symmetry_canonical_key_bdd_cofactors,global_bdd_node_sharing,ex200_ex299_frontend_parallel_shared_20260612_1422/unknown-a-agent,medium,explore,low,tested_equivalent_worse,official evaluate.py replay complete; no current-best improvement,unknown-a-agent,2026-06-12
ex290,global permutation-like I+R^-2 state descriptor,anchored_state_delta_shared_bdd,shared BDD nodes over descriptor key,ex200_ex299_frontend_parallel_shared_20260612_1422/unknown-b-agent,medium,campaign_shard,medium,tested_no_improvement,official equivalent but no current-best improvement,unknown-b-agent,2026-06-12
ex290,global permutation-like I+R^-2 state descriptor,direct_descriptor_formula,single shared rotate/delta expression,ex200_ex299_frontend_parallel_shared_20260612_1422/unknown-b-agent,medium,campaign_shard,medium,tested_bad,not equivalent or not synthesized successfully,unknown-b-agent,2026-06-12
ex291,global permutation-like I+R^-2 state descriptor,anchored_state_delta_shared_bdd,shared BDD nodes over descriptor key,ex200_ex299_frontend_parallel_shared_20260612_1422/unknown-b-agent,medium,campaign_shard,medium,tested_no_improvement,official equivalent but no current-best improvement,unknown-b-agent,2026-06-12
ex291,global permutation-like I+R^-2 state descriptor,direct_descriptor_formula,single shared rotate/delta expression,ex200_ex299_frontend_parallel_shared_20260612_1422/unknown-b-agent,medium,campaign_shard,medium,tested_bad,not equivalent or not synthesized successfully,unknown-b-agent,2026-06-12
ex292,global permutation-like I+R^-2 state descriptor,anchored_state_delta_shared_bdd,shared BDD nodes over descriptor key,ex200_ex299_frontend_parallel_shared_20260612_1422/unknown-b-agent,medium,campaign_shard,medium,tested_no_improvement,official equivalent but no current-best improvement,unknown-b-agent,2026-06-12
ex292,global permutation-like I+R^-2 state descriptor,direct_descriptor_formula,single shared rotate/delta expression,ex200_ex299_frontend_parallel_shared_20260612_1422/unknown-b-agent,medium,campaign_shard,medium,tested_bad,not equivalent or not synthesized successfully,unknown-b-agent,2026-06-12
ex293,global permutation-like I+R^-2 state descriptor,anchored_state_delta_shared_bdd,shared BDD nodes over descriptor key,ex200_ex299_frontend_parallel_shared_20260612_1422/unknown-b-agent,medium,campaign_shard,medium,tested_no_improvement,official equivalent but no current-best improvement,unknown-b-agent,2026-06-12
ex293,global permutation-like I+R^-2 state descriptor,direct_descriptor_formula,single shared rotate/delta expression,ex200_ex299_frontend_parallel_shared_20260612_1422/unknown-b-agent,medium,campaign_shard,medium,tested_bad,not equivalent or not synthesized successfully,unknown-b-agent,2026-06-12
ex294,global permutation-like I+R^-2 state descriptor,anchored_state_delta_shared_bdd,shared BDD nodes over descriptor key,ex200_ex299_frontend_parallel_shared_20260612_1422/unknown-b-agent,medium,campaign_shard,medium,tested_no_improvement,official equivalent but no current-best improvement,unknown-b-agent,2026-06-12
ex294,global permutation-like I+R^-2 state descriptor,direct_descriptor_formula,single shared rotate/delta expression,ex200_ex299_frontend_parallel_shared_20260612_1422/unknown-b-agent,medium,campaign_shard,medium,tested_bad,not equivalent or not synthesized successfully,unknown-b-agent,2026-06-12
ex295,cyclic 2-bit-symbol rot2/cell descriptor,anchored_cell_delta_shared_bdd,shared BDD nodes over descriptor key,ex200_ex299_frontend_parallel_shared_20260612_1422/unknown-b-agent,medium,campaign_shard,medium,tested_no_improvement,official equivalent but no current-best improvement,unknown-b-agent,2026-06-12
ex295,cyclic 2-bit-symbol rot2/cell descriptor,direct_descriptor_formula,single shared rotate/delta expression,ex200_ex299_frontend_parallel_shared_20260612_1422/unknown-b-agent,medium,campaign_shard,medium,tested_bad,not equivalent or not synthesized successfully,unknown-b-agent,2026-06-12
ex296,odd/open-boundary I+R^-2 state descriptor,open_state_delta_shared_bdd,shared BDD nodes over descriptor key,ex200_ex299_frontend_parallel_shared_20260612_1422/unknown-b-agent,medium,campaign_shard,medium,tested_no_improvement,official equivalent but no current-best improvement,unknown-b-agent,2026-06-12
ex296,odd/open-boundary I+R^-2 state descriptor,direct_descriptor_formula,single shared rotate/delta expression,ex200_ex299_frontend_parallel_shared_20260612_1422/unknown-b-agent,medium,campaign_shard,medium,tested_bad,not equivalent or not synthesized successfully,unknown-b-agent,2026-06-12
ex297,cyclic 2-bit-symbol rot2/cell descriptor,anchored_cell_delta_shared_bdd,shared BDD nodes over descriptor key,ex200_ex299_frontend_parallel_shared_20260612_1422/unknown-b-agent,medium,campaign_shard,medium,tested_no_improvement,official equivalent but no current-best improvement,unknown-b-agent,2026-06-12
ex297,cyclic 2-bit-symbol rot2/cell descriptor,direct_descriptor_formula,single shared rotate/delta expression,ex200_ex299_frontend_parallel_shared_20260612_1422/unknown-b-agent,medium,campaign_shard,medium,tested_bad,not equivalent or not synthesized successfully,unknown-b-agent,2026-06-12
ex298,odd/open-boundary I+R^-2 state descriptor,open_state_delta_shared_bdd,shared BDD nodes over descriptor key,ex200_ex299_frontend_parallel_shared_20260612_1422/unknown-b-agent,medium,campaign_shard,medium,tested_no_improvement,official equivalent but no current-best improvement,unknown-b-agent,2026-06-12
ex298,odd/open-boundary I+R^-2 state descriptor,direct_descriptor_formula,single shared rotate/delta expression,ex200_ex299_frontend_parallel_shared_20260612_1422/unknown-b-agent,medium,campaign_shard,medium,tested_bad,not equivalent or not synthesized successfully,unknown-b-agent,2026-06-12
ex299,cyclic 2-bit-symbol rot2/cell descriptor,anchored_cell_delta_shared_bdd,shared BDD nodes over descriptor key,ex200_ex299_frontend_parallel_shared_20260612_1422/unknown-b-agent,medium,campaign_shard,medium,tested_no_improvement,official equivalent but no current-best improvement,unknown-b-agent,2026-06-12
ex299,cyclic 2-bit-symbol rot2/cell descriptor,direct_descriptor_formula,single shared rotate/delta expression,ex200_ex299_frontend_parallel_shared_20260612_1422/unknown-b-agent,medium,campaign_shard,medium,tested_bad,not equivalent or not synthesized successfully,unknown-b-agent,2026-06-12
ex247,E5M2FN packed low-over-high division,numerator-first bound/smallpat quotient attributes,shared numerator decode with denominator local quotient predicates,ex200_ex299_frontend_refgap_round2_20260612_1512/float-fp8-agent,medium,round2_arithmetic_encoding,high,tested_equivalent,OK adp=9724,float-fp8-agent,2026-06-12
ex246,E5M2FN packed multiply,product bound/smallpat exponent-mantissa encoding,shared sign xor exponent sum and formulaic low-product predicates,ex200_ex299_frontend_refgap_round2_20260612_1512/float-fp8-agent,medium,round2_arithmetic_encoding,high,tested_equivalent,OK adp=10140,float-fp8-agent,2026-06-12
ex244,E4M3FN packed hypot,sig-first max-eff/gap/min-sig delta predicate BDD,shared abs max/min decode with reordered delta predicate support,ex200_ex299_frontend_refgap_round2_20260612_1512/float-fp8-agent,medium,round2_delta_predicates,high,tested_equivalent,OK adp=13846,float-fp8-agent,2026-06-12
ex240,E4M3FN packed add,formula-based diff-sign GRS cancellation normalizer,shared gap-clamped decode with separate same and diff arithmetic paths,ex200_ex299_frontend_refgap_round2_20260612_1512/float-fp8-agent,medium,round2_diff_cancellation,high,tested_failed,NOT_EQUIV adp=,float-fp8-agent,2026-06-12
ex241,E4M3FN packed multiply,product exponent formula with per-output exception bits,shared product and exponent-sum decode with bitwise boundary overlay,ex200_ex299_frontend_refgap_round2_20260612_1512/float-fp8-agent,medium,round2_boundary_formula,high,tested_equivalent,OK adp=28120,float-fp8-agent,2026-06-12
ex242,E4M3FN packed low-over-high division,delta-major quotient field table,shared special-case shell plus exponent-delta local tables,ex200_ex299_frontend_refgap_round2_20260612_1512/float-fp8-agent,medium,round2_boundary_formula,high,tested_equivalent,OK adp=34040,float-fp8-agent,2026-06-12
ex245,E5M2FN packed add,small-gap local normalizer with passthrough guards,shared gap max/min significand decode and local active-region normalizer,ex200_ex299_frontend_refgap_round2_20260612_1512/float-fp8-agent,medium,round2_gap_normalizer,high,tested_equivalent,OK adp=48456,float-fp8-agent,2026-06-12
ex248,E5M2FN packed fmod,delta-major modular-significand remainder with shared norm table,"shared exponent delta, divisor significand, and remainder normalizer",ex200_ex299_frontend_refgap_round2_20260612_1512/float-fp8-agent,medium,round2_fmod_normalizer,high,tested_equivalent,OK adp=15232,float-fp8-agent,2026-06-12
ex249,E5M2FN packed hypot,gap0/gap1 formula thresholds with explicit saturation,shared abs max/min decode and compact delta threshold predicates,ex200_ex299_frontend_refgap_round2_20260612_1512/float-fp8-agent,medium,round2_delta_predicates,high,tested_equivalent,OK adp=6012,float-fp8-agent,2026-06-12
ex253,unsigned 2-bit lane reduction to E4M3FN,low/high bit popcounts with threshold-field quantizer,shared weighted popcount and hand threshold output fields,ex200_ex299_frontend_refgap_round2_20260612_1512/float-fp8-agent,medium,round2_popcount_tradeoff,high,tested_equivalent,OK adp=3906,float-fp8-agent,2026-06-12
ex240,E4M3FN packed add,same-sign delta table plus compact diff parameter normalizer,shared magnitude ordering with separate active same/diff correction paths,ex200_ex299_frontend_refgap_round2_20260612_1512/float-fp8-agent,medium,round2_diff_cancellation_alt,high,tested_equivalent,OK adp=38900,float-fp8-agent,2026-06-12
ex241,E4M3FN packed multiply,product exponent formula with whole-magnitude exception overlay,shared product and exponent-sum decode,ex200_ex299_frontend_refgap_round2_20260612_1512/float-fp8-agent,medium,round2_boundary_formula_alt,high,tested_equivalent,OK adp=21360,float-fp8-agent,2026-06-12
ex242,E4M3FN packed low-over-high division,quotient formula with bitwise boundary exceptions,shared exponent-delta quotient decode and per-bit overlay,ex200_ex299_frontend_refgap_round2_20260612_1512/float-fp8-agent,medium,round2_boundary_formula_alt,high,tested_equivalent,OK adp=33200,float-fp8-agent,2026-06-12
ex244,E4M3FN packed hypot,gap/sig threshold pack without max-eff BDD,shared max/min decode and packed delta threshold predicates,ex200_ex299_frontend_refgap_round2_20260612_1512/float-fp8-agent,medium,round2_delta_predicates_alt,high,tested_equivalent,OK adp=11154,float-fp8-agent,2026-06-12
ex245,E5M2FN packed add,separate same-sign and diff-sign sorted-magnitude BDDs,shared sorted operand decode with split sign-path BDD predicates,ex200_ex299_frontend_refgap_round2_20260612_1512/float-fp8-agent,medium,round2_shared_bdd_alt,high,tested_equivalent,OK adp=41125,float-fp8-agent,2026-06-12
ex246,E5M2FN packed multiply,hand-written product leading-bit/RNE normalizer,shared significand product and exponent-sum normalizer,ex200_ex299_frontend_refgap_round2_20260612_1512/float-fp8-agent,medium,round2_arithmetic_encoding_alt,high,tested_equivalent,OK adp=15466,float-fp8-agent,2026-06-12
ex247,E5M2FN packed low-over-high division,sig-pair ratio exponent-offset formula,shared sigpair quotient class and exponent-delta boundaries,ex200_ex299_frontend_refgap_round2_20260612_1512/float-fp8-agent,medium,round2_arithmetic_encoding_alt,high,tested_equivalent,OK adp=9240,float-fp8-agent,2026-06-12
ex248,E5M2FN packed fmod,shifted significand modulo with shared normalization table,shared exponent delta and divisor-significand modulo path,ex200_ex299_frontend_refgap_round2_20260612_1512/float-fp8-agent,medium,round2_fmod_normalizer_alt,high,tested_equivalent,OK adp=352512,float-fp8-agent,2026-06-12
ex249,E5M2FN packed hypot,max magnitude plus interleaved delta BDD,shared abs max/min decode and delta BDD,ex200_ex299_frontend_refgap_round2_20260612_1512/float-fp8-agent,medium,round2_delta_predicates_alt,high,tested_equivalent,OK adp=8487,float-fp8-agent,2026-06-12
ex253,unsigned 2-bit lane reduction to E4M3FN,balanced lane-sum tree with reachable lane-sum qcase,shared balanced lane adder tree and quantization case,ex200_ex299_frontend_refgap_round2_20260612_1512/float-fp8-agent,medium,round2_popcount_tradeoff_alt,high,tested_equivalent,OK adp=3321,float-fp8-agent,2026-06-12
ex260,hand-minimized shared signed 4x4 product predicates,multi-output shared QMC cube cover over signed product bits,shared predicate cubes reused across all output bits,ex200_ex299_frontend_refgap_round2_20260612_1512/integer-agent,medium,campaign_shard,medium,tested_nonwinning,"ADP=2470, current_frontend=1144, reference=657",integer-agent,2026-06-12
ex260,sign-cofactored shared signed 4x4 product predicates,sign-bit cofactor mux with shared local cube covers,shared cubes inside each sign quadrant and one product word mux,ex200_ex299_frontend_refgap_round2_20260612_1512/integer-agent,medium,campaign_shard,medium,tested_nonwinning,"ADP=2350, current_frontend=1144, reference=657",integer-agent,2026-06-12
ex266,smaller predicates inside current cofactor word-mux structure,"shared cube covers per {b[4:3],a[4]} cofactor",shared cofactor-local predicate cubes plus one quotient word mux,ex200_ex299_frontend_refgap_round2_20260612_1512/integer-agent,medium,campaign_shard,medium,tested_nonwinning,"ADP=1810, current_frontend=1480, reference=848",integer-agent,2026-06-12
ex266,deeper cofactor predicate sharing inside quotient word mux,"shared cube covers per {b[4:3],a[4:3]} cofactor",deeper cofactor-local predicate cubes plus one quotient word mux,ex200_ex299_frontend_refgap_round2_20260612_1512/integer-agent,medium,campaign_shard,medium,tested_nonwinning,"ADP=1740, current_frontend=1480, reference=848",integer-agent,2026-06-12
ex256,real shared partial-product and high-carry recomposition,low4 product plus top-bit cross rows with explicit CSA high merge,shared partial-product rows and two-stage carry-save high correction,ex200_ex299_frontend_refgap_round2_20260612_1512/integer-agent,medium,campaign_shard,medium,tested_nonwinning,"ADP=4836, current_frontend=2844, reference=1911",integer-agent,2026-06-12
ex256,partial-product high-bit rows without CSA staging,low4 product plus direct top-bit cross-row sum,shared low partial products and explicit top-bit correction rows,ex200_ex299_frontend_refgap_round2_20260612_1512/integer-agent,medium,campaign_shard,medium,tested_nonwinning,"ADP=5215, current_frontend=2844, reference=1911",integer-agent,2026-06-12
ex256,truth-guided high-bit cofactor product predicates,a[4]/b[4] cofactor mux with shared local cube covers,shared local product predicates inside high-bit cofactors,ex200_ex299_frontend_refgap_round2_20260612_1512/integer-agent,medium,campaign_shard,medium,tested_nonwinning,"ADP=16016, current_frontend=2844, reference=1911",integer-agent,2026-06-12
ex261,sign-cofactored shared signed 5x5 product predicates,sign-bit cofactor mux with shared local cube covers,shared cubes inside each sign quadrant and one product word mux,ex200_ex299_frontend_refgap_round2_20260612_1512/integer-agent,medium,campaign_shard,medium,tested_nonwinning,"ADP=13538, current_frontend=2952, reference=2041",integer-agent,2026-06-12
ex270,square compressor row depth can improve with 4:2 style counters,triangular square columns with counter4x carry-select merge,shared square cross terms and wider column counters,ex200_ex299_frontend_refgap_round2_20260612_1512/integer-agent,medium,campaign_shard,medium,tested_nonwinning,"ADP=4140, current_frontend=3230, reference=2076",integer-agent,2026-06-12
ex270,MSB split may reduce square high-carry pressure,MSB-cofactored lower Wallace square with csel6,shared lower square and high correction rows,ex200_ex299_frontend_refgap_round2_20260612_1512/integer-agent,medium,campaign_shard,medium,tested_nonwinning,"ADP=5049, current_frontend=3230, reference=2076",integer-agent,2026-06-12
ex276,lower-bit shared classifier below prefix4 can replace local ge formulas,prefix4 cofactor shared cube covers,shared local cubes reused by all sqrt output bits,ex200_ex299_frontend_refgap_round2_20260612_1512/integer-agent,medium,campaign_shard,medium,tested_nonwinning,"ADP=1210, current_frontend=1010, reference=632",integer-agent,2026-06-12
ex276,coarser prefix decoder may reduce mux overhead for lower classifier,prefix3 cofactor shared cube covers,shared local cubes reused by all sqrt output bits,ex200_ex299_frontend_refgap_round2_20260612_1512/integer-agent,medium,campaign_shard,medium,tested_nonwinning,"ADP=1331, current_frontend=1010, reference=632",integer-agent,2026-06-12
ex277,cofbdd4 can be refined with shared local decoder cubes,4-bit high cofactor shared cube word mux,shared local cubes and one sqrt word mux,ex200_ex299_frontend_refgap_round2_20260612_1512/integer-agent,medium,campaign_shard,medium,tested_nonwinning,"ADP=3480, current_frontend=2844, reference=1980",integer-agent,2026-06-12
ex260,signed correction should be factored before shared cube covering,factored signed core with shared correction predicates,share Booth/Baugh-style correction and carry predicates,ex200_ex299_frontend_refgap_round2_20260612_1512/integer-agent,medium,campaign_shard,medium,next_hypothesis,Unstarted in this batch; current shared cube covers are too large versus frontend.,integer-agent,2026-06-12
ex266,quotient-threshold comparators may beat local truth cubes inside word mux,cofactor quotient threshold predicates,share divisor-class threshold tests across quotient bits,ex200_ex299_frontend_refgap_round2_20260612_1512/integer-agent,medium,campaign_shard,medium,next_hypothesis,Unstarted in this batch; deeper QMC cofactor split improved within tested family but still missed frontend.,integer-agent,2026-06-12
ex256,Dadda or Wallace 5x5 compressor with controlled final adder may recover reference gap,partial-product compressor tree with explicit final adder boundary,share generated rows and schedule compressors by column,ex200_ex299_frontend_refgap_round2_20260612_1512/integer-agent,medium,campaign_shard,medium,next_hypothesis,Unstarted in this batch; low4/highcarry recomposition was equivalent but too slow.,integer-agent,2026-06-12
ex261,signed 5x5 compressor rows should replace sign-cofactored truth cubes,signed Baugh-Wooley or Booth compressor structure,share sign correction rows and partial-product compressors,ex200_ex299_frontend_refgap_round2_20260612_1512/integer-agent,medium,campaign_shard,medium,next_hypothesis,Unstarted in this batch; sign-cofactored cube cover is far above frontend.,integer-agent,2026-06-12
ex270,square-specific Dadda schedule may improve over generic counter4x rows,diagonal square compressor with doubled cross terms,share diagonal/cross-term rows and use smaller carry-select boundary,ex200_ex299_frontend_refgap_round2_20260612_1512/integer-agent,medium,campaign_shard,medium,next_hypothesis,Unstarted in this batch; counter4x and MSB-split variants both missed frontend.,integer-agent,2026-06-12
ex276,restoring-sqrt classifier may reduce prefix cube mux overhead,hybrid prefix classifier plus residual comparator,share only low residual compare predicates below prefix,ex200_ex299_frontend_refgap_round2_20260612_1512/integer-agent,medium,campaign_shard,medium,next_hypothesis,Unstarted in this batch; prefix cube families remained above frontend.,integer-agent,2026-06-12
ex277,cof3/cof4 decoder refinements need synth_preset_d12 flow fix before comparison,cofactor decoder with local cube covers,share decoder arms and residual sqrt cubes,ex200_ex299_frontend_refgap_round2_20260612_1512/integer-agent,medium,campaign_shard,medium,next_hypothesis,Unstarted follow-up; two synth_preset_d12 jobs failed because the local driver lacked that flow key.,integer-agent,2026-06-12
ex225,fp16_log_family_sparse_residual_compression,sparse_per_hi_low14_residual_defaults,shared_special_sign_exp_decode_plus_high_bit_run_trees,ex200_ex299_frontend_refgap_round2_20260612_1512/unary-agent,medium,source_level_residual_compression,medium,tested_promising,official evaluate.py ADP=218728; current_frontend=219070; reference=116676,unary-agent,2026-06-12
ex223,fp16_log_family_sparse_residual_compression,sparse_per_hi_low14_residual_defaults,shared_special_sign_exp_decode_plus_high_bit_run_trees,ex200_ex299_frontend_refgap_round2_20260612_1512/unary-agent,medium,source_level_residual_compression,medium,tested_equivalent_nonwinning,official evaluate.py ADP=204402; current_frontend=204193; reference=120549,unary-agent,2026-06-12
ex224,fp16_log_family_sparse_residual_compression,sparse_per_hi_low12_residual_defaults,shared_special_sign_exp_decode_plus_high_bit_run_trees,ex200_ex299_frontend_refgap_round2_20260612_1512/unary-agent,medium,source_level_residual_compression,medium,tested_equivalent_nonwinning,official evaluate.py ADP=102306; current_frontend=96224; reference=64708,unary-agent,2026-06-12
ex200,bf16_exp_sparse_residual_compression,sparse_signexp_hilo3_residual_defaults,shared_sign_exp_decode_per_hi_sparse_residual,ex200_ex299_frontend_refgap_round2_20260612_1512/unary-agent,medium,source_level_residual_compression,medium,tested_promising,official evaluate.py ADP=54405; current_frontend=59232; reference=40052,unary-agent,2026-06-12
ex204,bf16_log2_sparse_residual_compression,sparse_signexp_hilo3_residual_defaults,shared_sign_exp_decode_per_hi_sparse_residual,ex200_ex299_frontend_refgap_round2_20260612_1512/unary-agent,medium,source_level_residual_compression,medium,tested_equivalent_nonwinning,official evaluate.py ADP=31995; current_frontend=25670; reference=15180,unary-agent,2026-06-12
ex205,bf16_log10_sparse_residual_compression,sparse_signexp_hilo3_residual_defaults,shared_sign_exp_decode_per_hi_sparse_residual,ex200_ex299_frontend_refgap_round2_20260612_1512/unary-agent,medium,source_level_residual_compression,medium,tested_equivalent_nonwinning,official evaluate.py ADP=72208; current_frontend=71104; reference=47128,unary-agent,2026-06-12
ex281,quartic_gf2_event_filter,overlap_root_product_basis_small_roots,shared_overlapping_linear_roots_with_linear_corrections,ex200_ex299_frontend_refgap_round2_20260612_1512/unknown-gf2-agent,medium,explore,medium,tested_promising,official evaluate.py replay complete,unknown-gf2-agent,2026-06-12
ex282,quartic_gf2_event_filter,overlap_root_product_basis_small_roots,shared_overlapping_linear_roots_with_linear_corrections,ex200_ex299_frontend_refgap_round2_20260612_1512/unknown-gf2-agent,medium,explore,medium,tested_promising,official evaluate.py replay complete,unknown-gf2-agent,2026-06-12
ex280,quartic_gf2_event_filter,overlap_root_product_basis_small_roots,shared_overlapping_linear_roots_with_linear_corrections,ex200_ex299_frontend_refgap_round2_20260612_1512/unknown-gf2-agent,medium,explore,medium,tested_promising,official evaluate.py replay complete,unknown-gf2-agent,2026-06-12
ex289,hamming_weight_preserving_lossy_routing_normalizer,complement_reverse_split2_pairdelta_symcof,pair_shared_duality_wrapper_and_group_bdd_cofactors,ex200_ex299_frontend_refgap_round2_20260612_1512/unknown-gf2-agent,medium,explore,low,tested_equivalent_worse,official evaluate.py replay complete,unknown-gf2-agent,2026-06-12
ex289,hamming_weight_preserving_lossy_routing_normalizer,complement_reverse_split2_group_symcof_resynth,group_bdd_node_sharing_with_existing_xor_wrapper,ex200_ex299_frontend_refgap_round2_20260612_1512/unknown-gf2-agent,medium,explore,low,tested_equivalent_worse,official evaluate.py replay complete,unknown-gf2-agent,2026-06-12
ex283,quartic_gf2_event_filter,overlap_root_product_basis_small_roots,shared_overlapping_linear_roots_with_linear_corrections,ex200_ex299_frontend_refgap_round2_20260612_1512/unknown-gf2-agent,medium,explore,medium,tested_promising,official evaluate.py replay complete,unknown-gf2-agent,2026-06-12
ex284,quartic_gf2_event_filter,overlap_root_product_basis_small_roots,shared_overlapping_linear_roots_with_linear_corrections,ex200_ex299_frontend_refgap_round2_20260612_1512/unknown-gf2-agent,medium,explore,low,tested_equivalent_worse,official evaluate.py replay complete,unknown-gf2-agent,2026-06-12
ex284,quartic_gf2_event_filter,overlap_root_product_basis_wide_roots,shared_overlapping_linear_roots_with_linear_corrections,ex200_ex299_frontend_refgap_round2_20260612_1512/unknown-gf2-agent,medium,explore,medium,tested_promising,official evaluate.py replay complete,unknown-gf2-agent,2026-06-12
ex286,hamming_weight_preserving_lossy_routing_normalizer,anchored_pair_delta_outside_in_split_table,shared anchored delta key wires with outside-in split,ex200_ex299_frontend_refgap_round2_20260612_1512/unknown-highgap-agent,medium,campaign_shard,medium,tested_no_improvement,official equivalent but no current-best improvement,unknown-highgap-agent,2026-06-12
ex287,hamming_weight_preserving_lossy_routing_normalizer,anchored_pair_delta_outside_in_split_table,shared anchored delta key wires with outside-in split,ex200_ex299_frontend_refgap_round2_20260612_1512/unknown-highgap-agent,medium,campaign_shard,medium,tested_no_improvement,official equivalent but no current-best improvement,unknown-highgap-agent,2026-06-12
ex299,cyclic 2-bit-symbol ring descriptor,anchored_ring_delta_outside_in_split_table,shared anchored delta key wires with outside-in split,ex200_ex299_frontend_refgap_round2_20260612_1512/unknown-highgap-agent,medium,campaign_shard,medium,tested_no_improvement,official equivalent but no current-best improvement,unknown-highgap-agent,2026-06-12
ex286,hamming_weight_preserving_lossy_routing_normalizer,shared_outside_in_root_bdd,single shared BDD node pool over all output roots,ex200_ex299_frontend_refgap_round2_20260612_1512/unknown-highgap-agent,medium,campaign_shard,medium,tested_no_improvement,official equivalent but no current-best improvement,unknown-highgap-agent,2026-06-12
ex287,hamming_weight_preserving_lossy_routing_normalizer,shared_outside_in_root_bdd,single shared BDD node pool over all output roots,ex200_ex299_frontend_refgap_round2_20260612_1512/unknown-highgap-agent,medium,campaign_shard,medium,tested_no_improvement,official equivalent but no current-best improvement,unknown-highgap-agent,2026-06-12
ex299,cyclic 2-bit-symbol ring descriptor,shared_outside_in_root_bdd,single shared BDD node pool over all output roots,ex200_ex299_frontend_refgap_round2_20260612_1512/unknown-highgap-agent,medium,campaign_shard,medium,tested_no_improvement,official equivalent but no current-best improvement,unknown-highgap-agent,2026-06-12
ex285,hamming_weight_preserving_lossy_routing_normalizer,shared_outside_in_root_bdd,single shared BDD node pool over all output roots,ex200_ex299_frontend_refgap_round2_20260612_1512/unknown-highgap-agent,medium,campaign_shard,medium,tested_no_improvement,official equivalent but no current-best improvement,unknown-highgap-agent,2026-06-12
ex288,hamming_weight_preserving_lossy_routing_normalizer,shared_outside_in_root_bdd,single shared BDD node pool over all output roots,ex200_ex299_frontend_refgap_round2_20260612_1512/unknown-highgap-agent,medium,campaign_shard,medium,tested_no_improvement,official equivalent but no current-best improvement,unknown-highgap-agent,2026-06-12
ex297,cyclic 2-bit-symbol ring descriptor,shared_outside_in_root_bdd,single shared BDD node pool over all output roots,ex200_ex299_frontend_refgap_round2_20260612_1512/unknown-highgap-agent,medium,campaign_shard,medium,tested_no_improvement,official equivalent but no current-best improvement,unknown-highgap-agent,2026-06-12
ex294,global state transform with sparse stride-2 delta roots,descriptor-key shared BDD after invertible stride-2 prefix-delta transform,single multi-output BDD node pool plus shared descriptor wires,ex200_ex299_frontend_refgap_round2_20260612_1512/unknown-state-agent,medium,campaign_shard,medium,tested_no_improvement,official evaluate.py OK; ADP 2282040 vs current 246698,unknown-state-agent,2026-06-12
ex292,global state transform with sparse stride-2 delta roots,descriptor-key shared BDD after invertible stride-2 prefix-delta transform,single multi-output BDD node pool plus shared descriptor wires,ex200_ex299_frontend_refgap_round2_20260612_1512/unknown-state-agent,medium,campaign_shard,medium,tested_no_improvement,official evaluate.py OK; ADP 627325 vs current 142170,unknown-state-agent,2026-06-12
ex295,nonlocal ring/cell descriptor with cumulative bridge roots,cell-prefix bridge descriptor shared BDD,single representative-root BDD pool over cumulative two-bit cell descriptors,ex200_ex299_frontend_refgap_round2_20260612_1512/unknown-state-agent,medium,campaign_shard,medium,tested_no_improvement,official evaluate.py OK; ADP 263926 vs current 138448,unknown-state-agent,2026-06-12
ex294,sparse correction over cyclic I plus R^-2 linear state,linear rotate base plus descriptor-key shared residual BDD,shared linear base and single residual BDD node pool,ex200_ex299_frontend_refgap_round2_20260612_1512/unknown-state-agent,medium,campaign_shard,medium,tested_no_improvement,official evaluate.py OK; ADP 2740256 vs current 246698,unknown-state-agent,2026-06-12
ex292,sparse correction over cyclic I plus R^-2 linear state,linear rotate base plus descriptor-key shared residual BDD,shared linear base and single residual BDD node pool,ex200_ex299_frontend_refgap_round2_20260612_1512/unknown-state-agent,medium,campaign_shard,medium,tested_no_improvement,official evaluate.py OK; ADP 747225 vs current 142170,unknown-state-agent,2026-06-12
ex295,nonlocal 2-bit cell rotate base with shared residual roots,cell rot2 xor base plus cell-prefix bridge residual BDD,shared cell base and single residual BDD node pool,ex200_ex299_frontend_refgap_round2_20260612_1512/unknown-state-agent,medium,campaign_shard,medium,tested_no_improvement,official evaluate.py OK; ADP 268569 vs current 138448,unknown-state-agent,2026-06-12
ex290,global state transform with sparse stride-2 delta roots,descriptor-key shared BDD after invertible stride-2 prefix-delta transform,single multi-output BDD node pool plus shared descriptor wires,ex200_ex299_frontend_refgap_round2_20260612_1512/unknown-state-agent,medium,campaign_shard,medium,tested_no_improvement,official evaluate.py OK; ADP 162120 vs current 61992,unknown-state-agent,2026-06-12
ex291,global state transform with sparse stride-2 delta roots,descriptor-key shared BDD after invertible stride-2 prefix-delta transform,single multi-output BDD node pool plus shared descriptor wires,ex200_ex299_frontend_refgap_round2_20260612_1512/unknown-state-agent,medium,campaign_shard,medium,tested_no_improvement,official evaluate.py OK; ADP 342696 vs current 97545,unknown-state-agent,2026-06-12
ex293,global state transform with sparse stride-2 delta roots,descriptor-key shared BDD after invertible stride-2 prefix-delta transform,single multi-output BDD node pool plus shared descriptor wires,ex200_ex299_frontend_refgap_round2_20260612_1512/unknown-state-agent,medium,campaign_shard,medium,tested_no_improvement,official evaluate.py OK; ADP 1162485 vs current 144972,unknown-state-agent,2026-06-12
ex296,open-boundary state transform with sparse stride-2 delta roots,descriptor-key shared BDD after invertible open stride-2 prefix-delta transform,single multi-output BDD node pool plus shared descriptor wires,ex200_ex299_frontend_refgap_round2_20260612_1512/unknown-state-agent,medium,campaign_shard,medium,tested_no_improvement,official evaluate.py OK; ADP 357840 vs current 143792,unknown-state-agent,2026-06-12
ex298,open-boundary state transform with sparse stride-2 delta roots,descriptor-key shared BDD after invertible open stride-2 prefix-delta transform,single multi-output BDD node pool plus shared descriptor wires,ex200_ex299_frontend_refgap_round2_20260612_1512/unknown-state-agent,medium,campaign_shard,medium,tested_no_improvement,official evaluate.py OK; ADP 1570901 vs current 645639,unknown-state-agent,2026-06-12
ex247,E5M2FN packed low-over-high division with boundary-first region mux,denominator-nested boundary attributes feeding explicit zero/sat/low/linear magnitude regions,"shared NaN zero sign decode, effective exponent/significand decode, exponent delta, boundary attributes, low-pattern decoder",ex200_ex299_frontend_refgap_round5_20260612_1743/float-fp8-r5,medium,round5_boundary_region_mux,medium,tested_equivalent_improved_frontend,official evaluate.py OK; ADP 8808 improved frontend best 9125 but still above reference 2975,round5-coordinator,2026-06-12
ex247,round8 accepted frontend improvement,ex247_round5_bound_region_mux_abc_g_aig,official evaluate.py candidate from round8 shard,ex200_ex299_frontend_refgap_round8_20260612_1826,high,exploit,medium,tested_improved,frontend ADP 8808->8349; reference gap remains,coordinator,2026-06-12
ex247,round8 accepted frontend improvement,ex247_round5_bound_region_mux_abc_g_aig,official evaluate.py candidate from round8 shard,ex200_ex299_frontend_refgap_round8_20260612_1826,high,exploit,medium,tested_improved,frontend ADP 8808->8349; reference gap remains,coordinator,2026-06-12
ex297,round10 accepted frontend improvement,ex297_r10_symbol_plane_split_abc_g_aig,official evaluate.py candidate from round10 shard,ex200_ex299_frontend_refgap_round10_20260612_1911,high,exploit,medium,tested_improved,frontend ADP 583596->569592; reference gap remains,coordinator,2026-06-12
ex299,round10 accepted frontend improvement,ex299_r10_symbol_plane_split_abc_g_aig,official evaluate.py candidate from round10 shard,ex200_ex299_frontend_refgap_round10_20260612_1911,high,exploit,medium,tested_improved,frontend ADP 2604734->2487261; reference gap remains,coordinator,2026-06-12
ex295,round10 accepted frontend improvement,ex295_r10_symbol_plane_split_abc_g_aig,official evaluate.py candidate from round10 shard,ex200_ex299_frontend_refgap_round10_20260612_1911,high,exploit,medium,tested_improved,frontend ADP 138448->123855; reference gap remains,coordinator,2026-06-12
ex218,round19 accepted frontend improvement,ex218_field_selector_abc_g_aig,official evaluate.py candidate from round19 shard,ex200_ex299_frontend_refgap_round19_20260612_2346,high,exploit,medium,tested_improved,frontend ADP 6071->5941; reference gap remains,coordinator,2026-06-12
ex295,round21 accepted frontend improvement,ex295_r21_cell_grouped_symbol_plane_abc_g_aig,official evaluate.py candidate from round20 shard,ex200_ex299_frontend_refgap_round21_20260613_0040,high,exploit,medium,tested_improved,frontend ADP 123855->123270; reference gap remains,coordinator,2026-06-13
ex246,E5M2FN packed multiply,seed12 unreachable product effective-map before reachable product-class decode,shared product effective-map and reachable product-class magnitude,ex246_ex247_frontend_targeted_probe_20260613_0351,high,exploit,low,tested_bad,official OK but best ADP 8520 worse than frontend best 7502,local-targeted,2026-06-13
ex246,E5M2FN packed multiply,parallel-case seed12 product-class magnitude table,shared product and parallel product-class magnitude decode,ex246_ex247_frontend_targeted_probe_20260613_0351,high,exploit,low,tested_bad,official OK but only ties frontend best 7502,local-targeted,2026-06-13
ex247,E5M2FN packed low-over-high division,validless nested boundary-region mux,shared denominator-nested validless boundary attrs and low-pattern decode,ex246_ex247_frontend_targeted_probe_20260613_0351,high,exploit,low,tested_bad,official OK but only ties frontend best 8349,local-targeted,2026-06-13
ex247,E5M2FN packed low-over-high division,validless flat pair boundary attrs,shared flat sigpair boundary attrs and low-pattern decode,ex246_ex247_frontend_targeted_probe_20260613_0351,high,explore,low,tested_bad,official OK but best ADP 9432 worse than frontend best 8349,local-targeted,2026-06-13
ex247,E5M2FN packed low-over-high division,validless direct assignment region mux,shared boundary attrs and direct priority region expression,ex246_ex247_frontend_targeted_probe_20260613_0351,high,explore,low,tested_bad,official OK but best ADP 8832 worse than frontend best 8349,local-targeted,2026-06-13
ex286,hamming_weight_preserving_lossy_routing_normalizer,symcof mux/share neighborhood over outer bitset 0:12:1:10,known pair-symmetry key with class mux and group/global BDD sharing,ex286_frontend_targeted_symcof_mux_probe_20260613_0403,high,exploit,low,tested_bad,official OK but only ties frontend best 20190,local-ex286-symcof,2026-06-13
ex286,hamming_weight_preserving_lossy_routing_normalizer,symcof outer-bit selector neighborhood around 0:12:1:10,known pair-symmetry key with onehot group BDD cofactors,ex286_frontend_targeted_symcof_mux_probe_20260613_0403,high,explore,low,tested_bad,official OK but nearest selector ADP 20415 worse than frontend best 20190,local-ex286-symcof,2026-06-13
ex287,hamming_weight_preserving_lossy_routing_normalizer,symcof_outer_13_0_1_12_2_onehot_group,known three-pair symmetry key with group-shared BDD cofactors and class mux,ex287_frontend_targeted_symcof_mux_probe_20260613_0407/local-ex287-symcof,medium,targeted_selector_reorder,low,tested_promising_gap_remains,official evaluate.py OK; improved frontend best 27480 to 27390 but still far above reference 5782,local-ex287-symcof,2026-06-13
ex287,hamming_weight_preserving_lossy_routing_normalizer,symcof_outer_k4_onehot_group_area_delay_tradeoff,fewer selector classes with group-shared BDD cofactors,ex287_frontend_targeted_symcof_mux_probe_20260613_0407/local-ex287-symcof,medium,selector_count_reduction,low,tested_promising_gap_remains,"official evaluate.py OK; lower area 1714 but delay 16 gives ADP 27424, worse than best selector-reordered k5",local-ex287-symcof,2026-06-13
ex287,hamming_weight_preserving_lossy_routing_normalizer,symcof_case_tree_global_mux_neighborhood,case/tree mux and global BDD sharing around existing three-pair symcof model,ex287_frontend_targeted_symcof_mux_probe_20260613_0407/local-ex287-symcof,high,near_current_replay_guard,low,tested_bad,"official evaluate.py OK for tested variants, but none beat 27390 and tree/global variants increase delay or area",local-ex287-symcof,2026-06-13
ex286,hamming_weight_preserving_lossy_routing_normalizer,symcof_fixed_outer_inner_bdd_order_tuning,fixed outer key 0:12:1:10 with reordered group-shared BDD cofactors,ex286_frontend_inner_order_probe_20260613_0424/local-ex286-innerorder,high,inner_bdd_order,low,tested_bad,official evaluate.py OK for 4 variants; best 1349/16/21584 did not beat current frontend 1346/15/20190 despite lower BDD node count,local-ex286-innerorder,2026-06-13
ex204,bf16_log2_arithbase_delta_bitgroup_flow_neighbor,hilo3 selected-bit correction with bit_hi2 grouping and aig gate flow,shared exponent base plus selected output-bit correction tables,ex200_ex299_frontend_refgap_round24_20260613_0435/mixed-r24,medium,targeted_refinement,medium,tested_promising_gap_remains,"official evaluate.py OK; frontend best improved from 25670 to 24576, reference 15180",mixed-r24,2026-06-13
ex297,cyclic 2-bit-symbol exact split with per-cell majority defaults,cell_grouped_symbol_plane_majority_default,shared symbol-plane selector/default logic with grouped cell-majority fallback,ex200_ex299_frontend_refgap_round24_20260613_0435/unknown-large-r24,medium,targeted_refinement,low,tested_promising_gap_remains,"official evaluate.py OK; frontend best improved from 569592 to 568674, reference 225900",unknown-large-r24,2026-06-13
ex299,cyclic 2-bit-symbol exact split with per-cell majority defaults,cell_grouped_symbol_plane_majority_default,shared symbol-plane selector/default logic with grouped cell-majority fallback,ex200_ex299_frontend_refgap_round24_20260613_0435/unknown-large-r24,medium,targeted_refinement,low,tested_promising_gap_remains,"official evaluate.py OK; frontend best improved from 2487261 to 2486379, reference 1013807",unknown-large-r24,2026-06-13
ex292,global state/permutation-like transform with output-grouped BDD sharing,output_grouped_bdd_pools_even_odd_planes,output-grouped BDD pools over even/odd planes,ex200_ex299_frontend_refgap_round24_20260613_0435/unknown-large-r24,medium,targeted_refinement,medium,tested_promising_gap_remains,"official evaluate.py OK; frontend best improved from 142170 to 141939, reference 84854",unknown-large-r24,2026-06-13
ex205,bf16_log10_mantissa_grouping_probe,hilo2/hilo5 word-mode mantissa grouping,shared sign/exp decode plus per-hi word defaults and local overrides,ex200_ex299_frontend_refgap_round25_20260613_0506/coordinator-bf16-r25,high,explore,medium,tested_bad,"official evaluate.py OK at 86184 and 101787 ADP, both worse than current frontend 71104",coordinator-bf16-r25,2026-06-13
ex292,global_state_transform_regrouped_bdd_roots,mod4_output_planes,four scalar BDD pools grouped by output bit modulo 4,ex200_ex299_frontend_refgap_round25_20260613_0506/unknown-large-r25,high,exploit,medium,tested_promising,official evaluate.py OK at 6789/20/135780; improves frontend best but gap to reference remains,unknown-large-r25,2026-06-13
ex240,E4M3FN packed add mixed diff normalizer can close source frontier gap,formula diff norm plus gapcase source variants,shared field decode same-sign GRS and diff active/gap predicates,ex240_frontend_source_only_round61_20260613_0858/local-ex240-source-r61,medium,exploit,medium,tested_nonwinning,best ADP 27000 did not beat frontend best 26772,local-ex240-source-r61,2026-06-13
ex244,mixed tail LUT can trade max-eff BDD depth for shared residual logic,gapcofactor satsplit and mixed tail LUT,shared special max gap predicates plus residual carry/low-bit LUT,frontend_source_parallel_round60_20260613_0825/sub-ex244-r60,medium,explore,medium,tested_nonwinning,best ADP 10336 did not beat frontend best 9120,sub-ex244-r60,2026-06-13
ex246,sigpair rounding predicates expose better sharing than product-code replay,sigpair round predicate source,shared sign exponent product and rounding/saturation predicates,frontend_source_parallel_round60_20260613_0825/sub-ex246-ex247-r60,medium,explore,medium,tested_nonwinning,best ADP 12320 did not beat frontend best 6888,sub-ex246-ex247-r60,2026-06-13
ex247,quotient region split reduces denominator-bound table cost,quotient region split source,shared quotient and boundary predicates with residual underflow path,frontend_source_parallel_round60_20260613_0825/sub-ex246-ex247-r60,medium,explore,medium,tested_nonwinning,best ADP 11744 did not beat frontend best 7291,sub-ex246-ex247-r60,2026-06-13
ex285,canonical pair descriptor can shrink Hamming-weight routing residual,twopair selector and countkey majority sources,shared canonical input descriptor plus selected residual delta table,frontend_source_parallel_round60_20260613_0825/sub-ex285-r60,medium,explore,medium,tested_nonwinning,best ADP 60928 did not beat frontend best 11033,sub-ex285-r60,2026-06-13
ex297,ring prefix delta predicates plus selected ANF/LUT shrink large symbol-plane residual,source-only diagnostic no RTL,shared ring/prefix/delta predicates before selected-output residual,frontend_source_parallel_round60_20260613_0825/sub-ex297-ex299-r60,low,explore,high,blocked_no_candidate,residual did not shrink; no official candidate emitted,sub-ex297-ex299-r60,2026-06-13
ex299,ring prefix delta predicates plus selected ANF/LUT shrink large symbol-plane residual,source-only diagnostic no RTL,shared ring/prefix/delta predicates before selected-output residual,frontend_source_parallel_round60_20260613_0825/sub-ex297-ex299-r60,low,explore,high,blocked_no_candidate,residual did not shrink; no official candidate emitted,sub-ex297-ex299-r60,2026-06-13
ex240,branch-pack output grouping can preserve r59 QoR while exposing smaller residual hooks,branch pack function split norm,shared field decode plus same/diff branch output grouping,frontend_source_parallel_round62_20260613_0907/sub-fp8-addhyp-r62,medium,exploit,low,tested_ties_frontend_best,"best 26772 tied current frontend, no improvement",sub-fp8-addhyp-r62,2026-06-13
ex244,delta-bit saturation sharing reduces delay without max-eff BDD replay,delta-bit sat shared source,shared max/min decode and saturation/increment predicates,frontend_source_parallel_round62_20260613_0907/sub-fp8-addhyp-r62,medium,explore,medium,tested_nonwinning,best 9952 did not beat frontend 9120,sub-fp8-addhyp-r62,2026-06-13
ex249,raw-exp output-bit grouping can lower area for E5M2 hypot,outbit grouped rawexp source,shared raw exponent/gap/saturation predicates with grouped output bits,frontend_source_parallel_round62_20260613_0907/sub-fp8-addhyp-r62,medium,explore,medium,tested_nonwinning,best 4816 did not beat frontend 4342,sub-fp8-addhyp-r62,2026-06-13
ex246,product-class small residual pattern can replace product-code completion,product-class smallpat semantic source,shared product and rounding predicates with small residual pattern,frontend_source_parallel_round62_20260613_0907/sub-fp8-muldiv-r62,medium,explore,medium,tested_nonwinning,best 8904 did not beat frontend 6888,sub-fp8-muldiv-r62,2026-06-13
ex247,qclass small residual denominator nesting can shrink low-boundary division logic,qclass smallpat nested denominator source,shared quotient class and denominator-first residual predicates,frontend_source_parallel_round62_20260613_0907/sub-fp8-muldiv-r62,medium,explore,medium,tested_nonwinning,best 9270 did not beat frontend 7291,sub-fp8-muldiv-r62,2026-06-13
ex285,output-value cube cover and orbit grouping provide low-depth exact source alternatives,"cube cover, singlepair orbit, nonlinear mixed state",shared exact output-value cubes and invariant orbit/state predicates,frontend_source_parallel_round62_20260613_0907/sub-unk285-r62,medium,explore,medium,tested_nonwinning,best 53154 did not beat frontend 11033,sub-unk285-r62,2026-06-13
ex297,adjacent and distance2 histogram descriptor may shrink large symbol residual enough for source RTL,adjhist distance2 shared default residual,shared histogram descriptor defaults plus sparse row overrides,frontend_source_parallel_round62_20260613_0907/sub-unklarge-r62,medium,explore,high,promising_blocked_synth_failed,residual shrank 67305 to 3808 but Yosys timed out,sub-unklarge-r62,2026-06-13
ex299,adjacent and distance2 histogram descriptor may shrink large symbol residual enough for source RTL,adjhist distance2 shared default residual,shared histogram descriptor defaults plus sparse row overrides,frontend_source_parallel_round62_20260613_0907/sub-unklarge-r62,medium,explore,high,promising_blocked_source_too_large,residual shrank 302600 to 30640 but source estimate still too large,sub-unklarge-r62,2026-06-13
ex240,E4M3FN packed add source restructuring,sign/magnitude selected-output factoring,split selected output into sign and magnitude functions with bit-sliced NaN override,frontend_source_parallel_round64_20260613_1004/sub-mixed-diffroute-r64,medium,exploit,medium,tested_promising,official OK ADP 26230 improved frontend best from 26772 but reference gap remains,sub-mixed-diffroute-r64,2026-06-13
ex244,E5M2 hypot reachable-state classifier,class case increment and delta-bit cubes,shared min/max/gap classes plus output classifiers,frontend_source_parallel_round65_20260613_1029/sub-fp8-hypot-classifier-r65,medium,explore,medium,tested_nonwinning,official OK best 18768 did not beat frontend best 9120,sub-fp8-hypot-classifier-r65,2026-06-13
ex249,E5M2 hypot threshold cube classifier,threshold and exact-state cube classifiers,shared rawexp/gap/saturation predicates plus output cubes,frontend_source_parallel_round65_20260613_1029/sub-fp8-hypot-classifier-r65,medium,explore,medium,tested_nonwinning,official OK best 4671 did not beat frontend best 4342,sub-fp8-hypot-classifier-r65,2026-06-13
ex246,E5M2 multiply code-arithmetic residual,boundary residual SOP and residual-bit classifiers,shared product microcode plus boundary predicates,frontend_source_parallel_round65_20260613_1029/sub-fp8-codearith-r65,medium,explore,medium,tested_nonwinning,official OK best 11129 did not beat frontend best 6888,sub-fp8-codearith-r65,2026-06-13
ex247,E5M2 division biased-delta microcode,biased exponent-delta and reciprocal nibble microcode,shared quotient/denominator code and boundary predicates,frontend_source_parallel_round65_20260613_1029/sub-fp8-codearith-r65,medium,explore,medium,tested_nonwinning,official OK best 12936 did not beat frontend best 7291,sub-fp8-codearith-r65,2026-06-13
ex285,Hamming-weight local-rule descriptors,swap-network popcount-window central-layer local rules,shared Hamming-weight and swap symmetry screens,frontend_source_parallel_round65_20260613_1029/sub-unk285-localrule-r65,medium,explore,medium,blocked_no_candidate,local-rule screens were table-sized or conflicted; no RTL emitted,sub-unk285-localrule-r65,2026-06-13
ex297,2-bit symbol local transition-delta rule,radius2 stride2 cell descriptor,exact zero-residual local-rule descriptor,frontend_source_parallel_round65_20260613_1029/sub-unklarge-rule-r65,medium,explore,high,blocked_table_sized,zero residual but 114688 keys so no RTL emitted,sub-unklarge-rule-r65,2026-06-13
ex299,2-bit symbol cyclic prefix rule,xor prefix cell descriptor,exact zero-residual cyclic-prefix descriptor,frontend_source_parallel_round65_20260613_1029/sub-unklarge-rule-r65,medium,explore,high,blocked_table_sized,zero residual but 524288 keys so no RTL emitted,sub-unklarge-rule-r65,2026-06-13
ex297,current best symbol-plane source factoring,cell-value cube default overrides,shared default inner wildcard cubes,frontend_source_parallel_round66_20260613_1050/sub-unklarge-currentfact-r66,high,exploit,medium,tested_promising,"official evaluate.py OK improved frontend ADP from 554958 to 426768, still above reference 225900",coordinator-round66,2026-06-13
ex299,current best symbol-plane source factoring,cell-value cube default overrides,shared default inner wildcard cubes,frontend_source_parallel_round66_20260613_1050/sub-unklarge-currentfact-r66,high,exploit,medium,tested_promising,"official evaluate.py OK improved frontend ADP from 2317740 to 1779138, still above reference 1013807",coordinator-round66,2026-06-13
ex295,cyclic 2-bit symbol source factoring,bit-plane cube defaults,shared selector inner wildcard cubes,frontend_source_parallel_round67_20260613_1104/sub-unk-mid-r67,high,exploit,medium,tested_promising,"official evaluate.py OK improved frontend ADP from 123270 to 95043, ratio 1.396377",coordinator-round67,2026-06-13
ex223,fp16_log_current_best_source_factoring,low11_hi5_manual15_14_compact_special,current low11/hi5 nested source with compact special shell and manual normal bits 15/14; compact_special const_groups=33; split_inf_nan_groups=1; full_items=0; low_width=11; nes...,frontend_source_parallel_round69_20260613_1204/sub-fp16-int-source-r69,medium,explore,medium,tested_nonwinning,official OK ADP 203927 did not beat current frontend/reference,sub-fp16-int-source-r69,2026-06-13
ex225,fp16_log10_current_best_source_factoring,low12_hi5_manual15_14_13_compact_special,current low12/hi5 nested source with compact special shell and manual normal bits 15/14/13; compact_special const_groups=33; split_inf_nan_groups=1; full_items=0; low_width=12; ...,frontend_source_parallel_round69_20260613_1204/sub-fp16-int-source-r69,medium,explore,medium,tested_nonwinning,official OK ADP 219450 did not beat current frontend/reference,sub-fp16-int-source-r69,2026-06-13
ex260,signed_weighted_partial_product_rows,negative_weight_sign_row_balanced_sum,negative-weight signed row source; distinct from Baugh-Wooley carry-select and case-constant signatures; signed high operand weighted rows with balanced final sum,frontend_source_parallel_round69_20260613_1204/sub-fp16-int-source-r69,medium,explore,medium,tested_nonwinning,official OK ADP 1560 did not beat current frontend/reference,sub-fp16-int-source-r69,2026-06-13
ex266,onehot_quotient_interval_predicates,adjacent_bound_qeq_sharing,"one-hot quotient equality intervals; distinct from cofactor wordmux, const-divisor, and descending threshold-priority signatures; one-hot quotient equality intervals with shared...",frontend_source_parallel_round69_20260613_1204/sub-fp16-int-source-r69,medium,explore,medium,tested_nonwinning,official OK ADP 17625 did not beat current frontend/reference,sub-fp16-int-source-r69,2026-06-13
ex260,current_best_source_checkpoint,copy_preserving_current_source,copy-preserving current frontend source/AIG checkpoint; official evaluate.py OK,frontend_source_parallel_round69_20260613_1204/sub-fp16-int-source-r69,medium,explore,medium,tested_nonwinning,official OK ADP 1144 did not beat current frontend/reference,sub-fp16-int-source-r69,2026-06-13
ex240,E4M3FN packed add,copy_preserving_current_signmag_selected_output,preserve r64 sign/magnitude selected-output factoring,frontend_source_parallel_round69_20260613_1204/sub-fp8-mid-source-r69,medium,explore,medium,tested_nonwinning,official OK ADP 29900 did not beat current frontend/reference,sub-fp8-mid-source-r69,2026-06-13
ex241,E4M3FN packed multiply,copy_preserving_nested_exp_product_table,preserve nested exponent-sum/product source,frontend_source_parallel_round69_20260613_1204/sub-fp8-mid-source-r69,medium,explore,medium,tested_nonwinning,official OK ADP 16620 did not beat current frontend/reference,sub-fp8-mid-source-r69,2026-06-13
ex242,E4M3FN packed low-over-high division,copy_preserving_sparse_field_table,preserve clean sparse quotient field source,frontend_source_parallel_round69_20260613_1204/sub-fp8-mid-source-r69,medium,explore,medium,tested_nonwinning,official OK ADP 26180 did not beat current frontend/reference,sub-fp8-mid-source-r69,2026-06-13
ex245,E5M2FN packed add,copy_preserving_active_table_mux,preserve active table mux source,frontend_source_parallel_round69_20260613_1204/sub-fp8-mid-source-r69,medium,explore,medium,tested_nonwinning,official OK ADP 26136 did not beat current frontend/reference,sub-fp8-mid-source-r69,2026-06-13
ex244,E4M3FN packed hypot,manual saturating increment over max-eff delta residual,"known-good max/min decode and delta residual, hand exposed carry chain",frontend_source_parallel_round69_20260613_1204/sub-fp8-worst-source-r69,medium,explore,medium,tested_nonwinning,official OK ADP 11552 did not beat current frontend/reference,sub-fp8-worst-source-r69,2026-06-13
ex244,E4M3FN packed hypot,explicit saturation predicate over max plus delta,"known-good max/min decode and delta residual, separate saturation selector",frontend_source_parallel_round69_20260613_1204/sub-fp8-worst-source-r69,medium,explore,medium,tested_nonwinning,official OK ADP 10764 did not beat current frontend/reference,sub-fp8-worst-source-r69,2026-06-13
ex246,E5M2FN packed multiply,selected-output product residual functions,"shared sign, exponent sum, significand product, zero/sat/exp/mant subfunctions",frontend_source_parallel_round69_20260613_1204/sub-fp8-worst-source-r69,medium,explore,medium,tested_nonwinning,official OK ADP 12975 did not beat current frontend/reference,sub-fp8-worst-source-r69,2026-06-13
ex246,E5M2FN packed multiply,predecoded product-zero selector around seed12 product class,shared sig decode product and explicit zero bypass before product residual,frontend_source_parallel_round69_20260613_1204/sub-fp8-worst-source-r69,medium,explore,medium,tested_nonwinning,official OK ADP 7502 did not beat current frontend/reference,sub-fp8-worst-source-r69,2026-06-13
ex247,E5M2FN low-over-high division,boolean low-underflow residual subfunction,known denominator boundary attributes with low_from_pat rewritten as small predicates,frontend_source_parallel_round69_20260613_1204/sub-fp8-worst-source-r69,medium,explore,medium,tested_nonwinning,official OK ADP 8448 did not beat current frontend/reference,sub-fp8-worst-source-r69,2026-06-13
ex247,E5M2FN low-over-high division,boolean low-underflow residual with direct region assignment,"denominator boundary attributes, boolean low pattern, and direct selected region mux",frontend_source_parallel_round69_20260613_1204/sub-fp8-worst-source-r69,medium,explore,medium,tested_nonwinning,official OK ADP 9747 did not beat current frontend/reference,sub-fp8-worst-source-r69,2026-06-13
ex249,E5M2FN packed hypot,gap0/gap1 split delta subfunctions,raw exponent max/min decode with active-gap selected residual tables,frontend_source_parallel_round69_20260613_1204/sub-fp8-worst-source-r69,medium,explore,medium,tested_nonwinning,official OK ADP 5152 did not beat current frontend/reference,sub-fp8-worst-source-r69,2026-06-13
ex249,E5M2FN packed hypot,manual saturating increment over raw-exp threshold residual,raw-exp active-gap delta table with hand exposed increment and saturation selector,frontend_source_parallel_round69_20260613_1204/sub-fp8-worst-source-r69,medium,explore,medium,tested_nonwinning,official OK ADP 4620 did not beat current frontend/reference,sub-fp8-worst-source-r69,2026-06-13
ex244,E4M3FN packed hypot,gap-mask selected delta factoring,shared max/min effective exponent decode plus explicit gap0 gap1 gap2 delta selector,frontend_source_parallel_round69_20260613_1204/sub-fp8-worst-source-r69,medium,explore,medium,tested_nonwinning,official OK ADP 10914 did not beat current frontend/reference,sub-fp8-worst-source-r69,2026-06-13
ex246,E5M2FN packed multiply,explicit product-zero selected magnitude factoring,shared sign exponent sum sig-product product-zero and product_mag selector,frontend_source_parallel_round69_20260613_1204/sub-fp8-worst-source-r69,medium,explore,medium,tested_nonwinning,official OK ADP 8520 did not beat current frontend/reference,sub-fp8-worst-source-r69,2026-06-13
ex247,E5M2FN low-over-high division,ternary priority region mux factoring,shared denominator-nested attrs plus direct priority ternary magnitude selector,frontend_source_parallel_round69_20260613_1204/sub-fp8-worst-source-r69,medium,explore,medium,tested_nonwinning,official OK ADP 9854 did not beat current frontend/reference,sub-fp8-worst-source-r69,2026-06-13
ex249,E5M2FN packed hypot,gap-split delta selector factoring,raw exponent max/min decode plus separate gap0 and gap1 delta selectors,frontend_source_parallel_round69_20260613_1204/sub-fp8-worst-source-r69,medium,explore,medium,tested_nonwinning,official OK ADP 5432 did not beat current frontend/reference,sub-fp8-worst-source-r69,2026-06-13
ex244,E4M3FN packed hypot,current-best copy-preserving gap-delta factoring,shared max/min effective exponent decode plus named small-gap delta selector,frontend_source_parallel_round69_20260613_1204/sub-fp8-worst-source-r69,medium,explore,medium,tested_nonwinning,official OK ADP 12136 did not beat current frontend/reference,sub-fp8-worst-source-r69,2026-06-13
ex246,E5M2FN packed multiply,current-best copy-preserving product/sign factoring,shared sign xor exponent sum sig-product and product_mag selector,frontend_source_parallel_round69_20260613_1204/sub-fp8-worst-source-r69,medium,explore,medium,tested_nonwinning,official OK ADP 8520 did not beat current frontend/reference,sub-fp8-worst-source-r69,2026-06-13
ex247,E5M2FN low-over-high division,current-best copy-preserving region-select factoring,shared denominator-nested attrs plus named priority region selector,frontend_source_parallel_round69_20260613_1204/sub-fp8-worst-source-r69,medium,explore,medium,tested_nonwinning,official OK ADP 8808 did not beat current frontend/reference,sub-fp8-worst-source-r69,2026-06-13
ex249,E5M2FN packed hypot,current-best copy-preserving active-delta factoring,shared max/min raw-exp decode plus named active-gap saturation and delta-mag selectors,frontend_source_parallel_round69_20260613_1204/sub-fp8-worst-source-r69,medium,explore,medium,tested_nonwinning,official OK ADP 5730 did not beat current frontend/reference,sub-fp8-worst-source-r69,2026-06-13
ex285,hamming-weight routing-state selected residual,raw route-state selected-bit cofactor cubes,decision-tree base with exact selected output residuals over a new raw route-state split,frontend_source_parallel_round69_20260613_1204/sub-unknown-source-r69,medium,explore,medium,tested_nonwinning,official OK ADP 22824 did not beat current frontend/reference,sub-unknown-source-r69,2026-06-13
ex288,conservative routing selected-output residual,raw high-state selected-bit cofactor cubes,current exact source with independently emitted selected residual bits over a raw route-state split,frontend_source_parallel_round69_20260613_1204/sub-unknown-source-r69,medium,explore,medium,tested_nonwinning,official OK ADP 53720 did not beat current frontend/reference,sub-unknown-source-r69,2026-06-13
ex297,cyclic 2-bit source compression by mixed output planes,r66 cube-source output-plane hybrid,select output bits from cell-default or bit-default cube sources using a mod-3 bit-plane split,frontend_source_parallel_round69_20260613_1204/sub-unknown-source-r69,medium,explore,medium,tested_nonwinning,official OK ADP 532692 did not beat current frontend/reference,sub-unknown-source-r69,2026-06-13
ex299,cyclic 2-bit source compression by lane-edge output planes,r66 cube-source output-plane hybrid,select lane-edge output bits from bit-default cubes and middle cell bits from cell-default cubes,frontend_source_parallel_round69_20260613_1204/sub-unknown-source-r69,medium,explore,medium,tested_nonwinning,official OK ADP 2256380 did not beat current frontend/reference,sub-unknown-source-r69,2026-06-13
ex223,shared monotone high-bit thresholds,compact special/normal shell plus high-bit threshold trees and non-nested low12 fullcase,shared special decode and output-grouped threshold trees,frontend_source_parallel_round70_20260613_1235/sub-fp16-int-source-r70,medium,explore,medium,tested_nonwinning,official OK ADP 245762 did not beat current frontend/reference,sub-fp16-int-source-r70,2026-06-13
ex225,shared monotone high-bit thresholds,compact special/normal shell plus high-bit threshold trees and non-nested low12 fullcase,shared special decode and output-grouped threshold trees,frontend_source_parallel_round70_20260613_1235/sub-fp16-int-source-r70,medium,explore,medium,tested_nonwinning,official OK ADP 243012 did not beat current frontend/reference,sub-fp16-int-source-r70,2026-06-13
ex260,direct signed product with shared radix-4 Booth source,radix4_booth_partial_products_with_signed_final_sum,"shared Booth recoder, +/-a and +/-2a partial products",frontend_source_parallel_round70_20260613_1235/sub-fp16-int-source-r70,medium,explore,medium,tested_nonwinning,official OK ADP 1648 did not beat current frontend/reference,sub-fp16-int-source-r70,2026-06-13
ex260,direct signed product via sign-magnitude carry-save compressor,absolute_value_unsigned_rows_csa_then_conditional_twos_complement,"shared abs decode, unsigned partial rows, CSA merge, conditional negate",frontend_source_parallel_round70_20260613_1235/sub-fp16-int-source-r70,medium,explore,medium,tested_nonwinning,official OK ADP 1957 did not beat current frontend/reference,sub-fp16-int-source-r70,2026-06-13
ex266,quotient via shared compare-subtract thresholds,parallel_qbit_bands_from_shared_ge_kb_thresholds,shared constant-multiple compare wires feeding quotient bit interval bands,frontend_source_parallel_round70_20260613_1235/sub-fp16-int-source-r70,medium,explore,medium,tested_nonwinning,official OK ADP 13776 did not beat current frontend/reference,sub-fp16-int-source-r70,2026-06-13
ex266,reciprocal/leading-one quotient class,leading_one_divisor_class_with_local_threshold_bits,shared leading-one class decode and class-limited threshold predicates,frontend_source_parallel_round70_20260613_1235/sub-fp16-int-source-r70,medium,explore,medium,tested_nonwinning,official OK ADP 8206 did not beat current frontend/reference,sub-fp16-int-source-r70,2026-06-13
ex240,E4M3FN packed add,one-hot branch record with shared selected magnitude/sign output planes,branch record one-hot special/same/diff/pass-through selectors feeding full-word magnitude plane,frontend_source_parallel_round70_20260613_1235/sub-fp8-mid-source-r70,medium,explore,medium,tested_nonwinning,official OK ADP 180842 did not beat current frontend/reference,sub-fp8-mid-source-r70,2026-06-13
ex240,E4M3FN packed add,gap-major nested same/diff cancellation tables,shared sorted FP8 decode with gap bucket functions and full-word output grouping,frontend_source_parallel_round70_20260613_1235/sub-fp8-mid-source-r70,medium,explore,medium,tested_nonwinning,official OK ADP 104328 did not beat current frontend/reference,sub-fp8-mid-source-r70,2026-06-13
ex241,E4M3FN packed multiply,compact product-cell lattice with full-word product plane,"shared sign xor, exponent sum, and explicit 4x4 partial-product lattice feeding one magnitude plane",frontend_source_parallel_round70_20260613_1235/sub-fp8-mid-source-r70,medium,explore,medium,tested_nonwinning,official OK ADP 30324 did not beat current frontend/reference,sub-fp8-mid-source-r70,2026-06-13
ex241,E4M3FN packed multiply,exponent one-hot product-cell output planes,shared product-cell lattice with exp-sum bucketed product magnitude planes,frontend_source_parallel_round70_20260613_1235/sub-fp8-mid-source-r70,medium,explore,medium,tested_nonwinning,official OK ADP 29822 did not beat current frontend/reference,sub-fp8-mid-source-r70,2026-06-13
ex242,E4M3FN packed low-over-high division,denominator-normalized reciprocal interval predicates,shared divisor special shell and denominator-bucket quotient interval planes,frontend_source_parallel_round70_20260613_1235/sub-fp8-mid-source-r70,medium,explore,medium,tested_nonwinning,official OK ADP 36410 did not beat current frontend/reference,sub-fp8-mid-source-r70,2026-06-13
ex242,E4M3FN packed low-over-high division,delta-major quotient class network,shared exponent-delta shell with quotient class planes grouped by delta,frontend_source_parallel_round70_20260613_1235/sub-fp8-mid-source-r70,medium,explore,medium,tested_nonwinning,official OK ADP 28446 did not beat current frontend/reference,sub-fp8-mid-source-r70,2026-06-13
ex245,E5M2FN packed add,one-hot branch record with shared selected magnitude/sign output planes,branch record one-hot small-gap/saturation/pass-through selectors feeding full-word magnitude plane,frontend_source_parallel_round70_20260613_1235/sub-fp8-mid-source-r70,medium,explore,medium,tested_nonwinning,official OK ADP 95511 did not beat current frontend/reference,sub-fp8-mid-source-r70,2026-06-13
ex245,E5M2FN packed add,gap-major nested same/diff small-gap tables,shared sorted E5M2 decode with gap bucket functions and full-word output grouping,frontend_source_parallel_round70_20260613_1235/sub-fp8-mid-source-r70,medium,explore,medium,tested_nonwinning,official OK ADP 47091 did not beat current frontend/reference,sub-fp8-mid-source-r70,2026-06-13
ex244,E4M3FN packed hypot,bit-sliced delta-ge threshold cells over max-eff gap sig key,shared abs max/min decode plus monotone delta threshold cells,frontend_source_parallel_round70_20260613_1235/sub-fp8-worst-source-r70,medium,explore,medium,tested_nonwinning,official OK ADP 52716 did not beat current frontend/reference,sub-fp8-worst-source-r70,2026-06-13
ex244,E4M3FN packed hypot,gap-cofactored min-significand square threshold kernels,"shared abs max/min decode, min_sig square kernel, per-gap threshold cells",frontend_source_parallel_round70_20260613_1235/sub-fp8-worst-source-r70,medium,explore,medium,tested_nonwinning,official OK ADP 23547 did not beat current frontend/reference,sub-fp8-worst-source-r70,2026-06-13
ex246,E5M2FN packed multiply,explicit partial-product sig cell bank with exponent-zone threshold attrs,"shared sign xor, effective exponents, bit-sliced significand product, product attrs",frontend_source_parallel_round70_20260613_1235/sub-fp8-worst-source-r70,medium,explore,medium,tested_nonwinning,official OK ADP 10571 did not beat current frontend/reference,sub-fp8-worst-source-r70,2026-06-13
ex246,E5M2FN packed multiply,sigpair onehot reusable product-cell bank,shared sigpair onehots and exponent-zone attrs without product-zero selector replay,frontend_source_parallel_round70_20260613_1235/sub-fp8-worst-source-r70,medium,explore,medium,tested_nonwinning,official OK ADP 11988 did not beat current frontend/reference,sub-fp8-worst-source-r70,2026-06-13
ex247,E5M2FN low-over-high division,reciprocal interval quotient predicates,shared denominator reciprocal quotient class and exponent delta predicates,frontend_source_parallel_round70_20260613_1235/sub-fp8-worst-source-r70,medium,explore,medium,tested_nonwinning,official OK ADP 17917 did not beat current frontend/reference,sub-fp8-worst-source-r70,2026-06-13
ex247,E5M2FN low-over-high division,denominator-normalized subtract/compare threshold network,shared sign exponent delta significand decode and quotient threshold comparisons,frontend_source_parallel_round70_20260613_1235/sub-fp8-worst-source-r70,medium,explore,medium,tested_nonwinning,official OK ADP 14336 did not beat current frontend/reference,sub-fp8-worst-source-r70,2026-06-13
ex249,E5M2FN packed hypot,active-gap min-significand square delta threshold cells,"shared raw exponent max/min decode, min_sig square, gap0/gap1 threshold cells",frontend_source_parallel_round70_20260613_1235/sub-fp8-worst-source-r70,medium,explore,medium,tested_nonwinning,official OK ADP 6171 did not beat current frontend/reference,sub-fp8-worst-source-r70,2026-06-13
ex249,E5M2FN packed hypot,onehot active-gap threshold predicate network,shared raw exponent max/min decode plus named smax/smin threshold cells,frontend_source_parallel_round70_20260613_1235/sub-fp8-worst-source-r70,medium,explore,medium,tested_nonwinning,official OK ADP 5270 did not beat current frontend/reference,sub-fp8-worst-source-r70,2026-06-13
ex285,mixed ANF lane-parity residual,low-representative lane parity repair over current exact source,shared GF(2) monomial bank for four mod-4 output parity coordinates,frontend_source_parallel_round70_20260613_1235/sub-unknown-source-r70,medium,explore,medium,tested_nonwinning,official OK ADP 23184 did not beat current frontend/reference,sub-unknown-source-r70,2026-06-13
ex285,outside-in orbit/cofactor residual,outside-in selected-bit cube residual over current exact source,shared outside-in high key plus low-bit wildcard cube covers,frontend_source_parallel_round70_20260613_1235/sub-unknown-source-r70,medium,explore,medium,tested_nonwinning,official OK ADP 18384 did not beat current frontend/reference,sub-unknown-source-r70,2026-06-13
ex288,mixed ANF lane-parity residual,low-representative lane parity repair over current exact source,shared GF(2) monomial bank for four mod-4 output parity coordinates,frontend_source_parallel_round70_20260613_1235/sub-unknown-source-r70,medium,explore,medium,tested_nonwinning,official OK ADP 56936 did not beat current frontend/reference,sub-unknown-source-r70,2026-06-13
ex288,outside-in orbit/cofactor residual,outside-in selected-bit cube residual over current exact source,shared outside-in high key plus low-bit wildcard cube covers,frontend_source_parallel_round70_20260613_1235/sub-unknown-source-r70,medium,explore,medium,tested_nonwinning,official OK ADP 37506 did not beat current frontend/reference,sub-unknown-source-r70,2026-06-13
ex297,cyclic 2-bit selected source grouping,cell-default and bit-default source mix,shared exact r66 cell source plus selected output groups from r66 bit-plane source,frontend_source_parallel_round70_20260613_1235/sub-unknown-source-r70,medium,explore,medium,tested_nonwinning,official OK ADP 474464 did not beat current frontend/reference,sub-unknown-source-r70,2026-06-13
ex299,cyclic 2-bit selected source grouping,cell-default and bit-default source mix,shared exact r66 cell source plus selected output groups from r66 bit-plane source,frontend_source_parallel_round70_20260613_1235/sub-unknown-source-r70,medium,explore,medium,tested_nonwinning,official OK ADP 2014074 did not beat current frontend/reference,sub-unknown-source-r70,2026-06-13
ex223,fp16_log_fullword_mantissa_patch,signexp_hi8_low2_fullword_patch,signexp_hi8_low2_fullword_patch,frontend_source_parallel_round70_20260613_1240/sub-fp16-int-predicate-r70,medium,explore,medium,tested_nonwinning,official OK ADP 285589 did not beat current frontend/reference,sub-fp16-int-predicate-r70,2026-06-13
ex223,fp16_log_shared_special_predicates,manual_b15_b14_plus_hi8_lowerword_patch,manual_b15_b14_plus_hi8_lowerword_patch,frontend_source_parallel_round70_20260613_1240/sub-fp16-int-predicate-r70,medium,explore,medium,tested_nonwinning,official OK ADP 301440 did not beat current frontend/reference,sub-fp16-int-predicate-r70,2026-06-13
ex225,fp16_log10_fullword_mantissa_patch,signexp_hi8_low2_fullword_patch,signexp_hi8_low2_fullword_patch,frontend_source_parallel_round70_20260613_1240/sub-fp16-int-predicate-r70,medium,explore,medium,tested_nonwinning,official OK ADP 341180 did not beat current frontend/reference,sub-fp16-int-predicate-r70,2026-06-13
ex225,fp16_log10_shared_special_predicates,manual_b15_b14_b13_plus_hi8_lowerword_patch,manual_b15_b14_b13_plus_hi8_lowerword_patch,frontend_source_parallel_round70_20260613_1240/sub-fp16-int-predicate-r70,medium,explore,medium,tested_nonwinning,official OK ADP 344460 did not beat current frontend/reference,sub-fp16-int-predicate-r70,2026-06-13
ex260,signed_abs_quadrant_product,shared_abs_product_conditional_twos_complement,shared_abs_product_conditional_twos_complement,frontend_source_parallel_round70_20260613_1240/sub-fp16-int-predicate-r70,medium,explore,medium,tested_nonwinning,official OK ADP 1854 did not beat current frontend/reference,sub-fp16-int-predicate-r70,2026-06-13
ex260,signed_radix4_booth_recode,two_booth_digits_shared_a_multiples,two_booth_digits_shared_a_multiples,frontend_source_parallel_round70_20260613_1240/sub-fp16-int-predicate-r70,medium,explore,medium,tested_nonwinning,official OK ADP 1648 did not beat current frontend/reference,sub-fp16-int-predicate-r70,2026-06-13
ex266,udiv_shared_subtract_prefix,binary_quotient_remainder_subtract_terms,binary_quotient_remainder_subtract_terms,frontend_source_parallel_round70_20260613_1240/sub-fp16-int-predicate-r70,medium,explore,medium,tested_nonwinning,official OK ADP 2430 did not beat current frontend/reference,sub-fp16-int-predicate-r70,2026-06-13
ex266,udiv_binary_threshold_predicates,shared_constant_multiple_compare_prefix,shared_constant_multiple_compare_prefix,frontend_source_parallel_round70_20260613_1240/sub-fp16-int-predicate-r70,medium,explore,medium,tested_nonwinning,official OK ADP 5724 did not beat current frontend/reference,sub-fp16-int-predicate-r70,2026-06-13
ex240,E4M3FN packed add,selected-output residual over sorted E4 field decode,shared NaN/sign/max/min decode plus XOR residual table,frontend_source_parallel_round70_20260613_1240/sub-fp8-mid-predicate-r70,medium,explore,medium,tested_nonwinning,official OK ADP 275187 did not beat current frontend/reference,sub-fp8-mid-predicate-r70,2026-06-13
ex240,E4M3FN packed add,guard-round field key with split sign/high/low residuals,shared sorted exponent/significand decode and split residual output groups,frontend_source_parallel_round70_20260613_1240/sub-fp8-mid-predicate-r70,medium,explore,medium,tested_nonwinning,official OK ADP 396381 did not beat current frontend/reference,sub-fp8-mid-predicate-r70,2026-06-13
ex241,E4M3FN packed multiply,alternate gray-coded exponent-sum product residual,"shared sign xor, effective exponent sum, product, and gray-coded table address",frontend_source_parallel_round70_20260613_1240/sub-fp8-mid-predicate-r70,medium,explore,medium,tested_nonwinning,official OK ADP 56550 did not beat current frontend/reference,sub-fp8-mid-predicate-r70,2026-06-13
ex241,E4M3FN packed multiply,product-class common subfunction with split magnitude output,shared product high-nibble class plus low-nibble residual for output groups,frontend_source_parallel_round70_20260613_1240/sub-fp8-mid-predicate-r70,medium,explore,medium,tested_nonwinning,official OK ADP 52133 did not beat current frontend/reference,sub-fp8-mid-predicate-r70,2026-06-13
ex242,E4M3FN packed low-over-high division,denominator-major quotient residual table,shared divisor special decode plus denominator-major sig/delta address,frontend_source_parallel_round70_20260613_1240/sub-fp8-mid-predicate-r70,medium,explore,medium,tested_nonwinning,official OK ADP 47618 did not beat current frontend/reference,sub-fp8-mid-predicate-r70,2026-06-13
ex242,E4M3FN packed low-over-high division,shared boundary-region predicate with split quotient magnitude,shared zero/saturation/boundary-region predicates and high/low quotient outputs,frontend_source_parallel_round70_20260613_1240/sub-fp8-mid-predicate-r70,medium,explore,medium,tested_nonwinning,official OK ADP 131404 did not beat current frontend/reference,sub-fp8-mid-predicate-r70,2026-06-13
ex245,E5M2FN packed add,selected-output residual over sorted E5 field decode,shared NaN/sign/max/min decode plus XOR residual table,frontend_source_parallel_round70_20260613_1240/sub-fp8-mid-predicate-r70,medium,explore,medium,tested_nonwinning,official OK ADP 165300 did not beat current frontend/reference,sub-fp8-mid-predicate-r70,2026-06-13
ex245,E5M2FN packed add,gap-round field key with split sign/high/low residuals,shared sorted exponent/significand decode and split residual output groups,frontend_source_parallel_round70_20260613_1240/sub-fp8-mid-predicate-r70,medium,explore,medium,tested_nonwinning,official OK ADP 159740 did not beat current frontend/reference,sub-fp8-mid-predicate-r70,2026-06-13
ex244,"E4M3FN packed hypot abs(high,low)",truth-mined reduced key delta case,"shared max/min effective exponent, two-bit gap, sig4 operands, selected delta residual",frontend_source_parallel_round70_20260613_1240/sub-fp8-worst-predicate-r70,medium,explore,medium,tested_nonwinning,official OK ADP 25953 did not beat current frontend/reference,sub-fp8-worst-predicate-r70,2026-06-13
ex244,"E4M3FN packed hypot abs(high,low)",truth-mined selected delta-bit predicates,"shared max/min effective exponent, two-bit gap, sig4 operands, selected delta residual",frontend_source_parallel_round70_20260613_1240/sub-fp8-worst-predicate-r70,medium,explore,medium,tested_nonwinning,official OK ADP 35219 did not beat current frontend/reference,sub-fp8-worst-predicate-r70,2026-06-13
ex246,E5M2FN packed multiply high_times_low,truth-mined exp-sum/product reduced magnitude case,"shared sign xor, effective exponent sum, 3-bit significand product, selected magnitude residual",frontend_source_parallel_round70_20260613_1240/sub-fp8-worst-predicate-r70,medium,explore,medium,tested_nonwinning,official OK ADP 21576 did not beat current frontend/reference,sub-fp8-worst-predicate-r70,2026-06-13
ex246,E5M2FN packed multiply high_times_low,truth-mined selected product magnitude bit predicates,"shared sign xor, effective exponent sum, 3-bit significand product, selected magnitude residual",frontend_source_parallel_round70_20260613_1240/sub-fp8-worst-predicate-r70,medium,explore,medium,tested_nonwinning,official OK ADP 39614 did not beat current frontend/reference,sub-fp8-worst-predicate-r70,2026-06-13
ex247,E5M2FN low_over_high division,truth-mined delta/sigpair reduced magnitude case,"shared sign xor, exponent delta, numerator/denominator sig3, selected quotient magnitude residual",frontend_source_parallel_round70_20260613_1240/sub-fp8-worst-predicate-r70,medium,explore,medium,tested_nonwinning,official OK ADP 27918 did not beat current frontend/reference,sub-fp8-worst-predicate-r70,2026-06-13
ex247,E5M2FN low_over_high division,truth-mined quotient residual magnitude bit predicates,"shared sign xor, exponent delta, numerator/denominator sig3, selected quotient magnitude residual",frontend_source_parallel_round70_20260613_1240/sub-fp8-worst-predicate-r70,medium,explore,medium,tested_nonwinning,official OK ADP 67025 did not beat current frontend/reference,sub-fp8-worst-predicate-r70,2026-06-13
ex249,"E5M2FN packed hypot abs(high,low)",truth-mined active-gap delta key case,"shared max/min raw exponent, active gap0/gap1, max magnitude, sig3 operands, selected delta residual",frontend_source_parallel_round70_20260613_1240/sub-fp8-worst-predicate-r70,medium,explore,medium,tested_nonwinning,official OK ADP 14478 did not beat current frontend/reference,sub-fp8-worst-predicate-r70,2026-06-13
ex249,"E5M2FN packed hypot abs(high,low)",truth-mined active-gap delta-bit predicates,"shared max/min raw exponent, active gap0/gap1, max magnitude, sig3 operands, selected delta residual",frontend_source_parallel_round70_20260613_1240/sub-fp8-worst-predicate-r70,medium,explore,medium,tested_nonwinning,official OK ADP 14859 did not beat current frontend/reference,sub-fp8-worst-predicate-r70,2026-06-13
ex285,hamming_weight_routing_pair_canonical_residual,paircanon_selector_cube_residual,known swap-pair OR/AND state plus grouped output residual cube covers,frontend_source_parallel_round70_20260613_1240/sub-unknown-predicate-r70,medium,explore,medium,tested_nonwinning,official OK ADP 39030 did not beat current frontend/reference,sub-unknown-predicate-r70,2026-06-13
ex285,hamming_weight_routing_lane_residual,even_odd_lane_selector_cube_residual,interleaved lane selector with grouped output cube residuals,frontend_source_parallel_round70_20260613_1240/sub-unknown-predicate-r70,medium,explore,medium,tested_nonwinning,official OK ADP 46340 did not beat current frontend/reference,sub-unknown-predicate-r70,2026-06-13
ex288,hamming_weight_routing_tripair_canonical_residual,tripaircanon_selector_cube_residual,three known swap-pair OR/AND states plus grouped output residual cube covers,frontend_source_parallel_round70_20260613_1240/sub-unknown-predicate-r70,medium,explore,medium,tested_nonwinning,official OK ADP 244368 did not beat current frontend/reference,sub-unknown-predicate-r70,2026-06-13
ex297,cyclic_2bit_source_shared_cofactor_predicates,r66_cell_cube_source_with_global_shared_inner_compare_wires,deduplicate repeated inner mask/value cofactor predicates across selectors and output cells,frontend_source_parallel_round70_20260613_1240/sub-unknown-predicate-r70,medium,explore,medium,tested_nonwinning,official OK ADP 505913 did not beat current frontend/reference,sub-unknown-predicate-r70,2026-06-13
ex299,cyclic_2bit_source_shared_cofactor_predicates,r66_cell_cube_source_with_global_shared_inner_compare_wires,deduplicate repeated inner mask/value cofactor predicates across selectors and output cells,frontend_source_parallel_round70_20260613_1240/sub-unknown-predicate-r70,medium,explore,medium,tested_nonwinning,official OK ADP 1977640 did not beat current frontend/reference,sub-unknown-predicate-r70,2026-06-13
ex223,fp16 log/log10 exponent interval thresholds plus PO low-bit table,low10 selected PO-group table with high bits as mantissa run trees,shared special sign-exp decode and per-exp high-bit threshold trees,frontend_source_parallel_round71_20260613_1308/sub-fp16-int-hybrid-r71,medium,explore,medium,tested_nonwinning,official OK ADP 205200 did not beat current frontend/reference,sub-fp16-int-hybrid-r71,2026-06-13
ex223,fp16 log/log10 selected low-byte table plus high-bit thresholds,low8 selected PO-group table with bits15:8 as run/threshold trees,shared special sign-exp decode and byte-level output grouping,frontend_source_parallel_round71_20260613_1308/sub-fp16-int-hybrid-r71,medium,explore,medium,tested_nonwinning,official OK ADP 217440 did not beat current frontend/reference,sub-fp16-int-hybrid-r71,2026-06-13
ex225,fp16 log/log10 exponent interval thresholds plus PO low-bit table,low10 selected PO-group table with high bits as mantissa run trees,shared special sign-exp decode and per-exp high-bit threshold trees,frontend_source_parallel_round71_20260613_1308/sub-fp16-int-hybrid-r71,medium,explore,medium,tested_nonwinning,official OK ADP 220077 did not beat current frontend/reference,sub-fp16-int-hybrid-r71,2026-06-13
ex225,fp16 log/log10 selected low-byte table plus high-bit thresholds,low8 selected PO-group table with bits15:8 as run/threshold trees,shared special sign-exp decode and byte-level output grouping,frontend_source_parallel_round71_20260613_1308/sub-fp16-int-hybrid-r71,medium,explore,medium,tested_nonwinning,official OK ADP 229180 did not beat current frontend/reference,sub-fp16-int-hybrid-r71,2026-06-13
ex260,minimal Boolean-optimized signed 4x4 product,per-output QMC cube equations over all product bits,shared input literals only; no Baugh/native multiplier replay,frontend_source_parallel_round71_20260613_1308/sub-fp16-int-hybrid-r71,medium,explore,medium,tested_nonwinning,official OK ADP 2500 did not beat current frontend/reference,sub-fp16-int-hybrid-r71,2026-06-13
ex260,output-bit hybrid signed product,low nibble truncated column rows plus high-bit QMC equations,low-column partial products reused; high bits independent minimized covers,frontend_source_parallel_round71_20260613_1308/sub-fp16-int-hybrid-r71,medium,explore,medium,tested_nonwinning,official OK ADP 1720 did not beat current frontend/reference,sub-fp16-int-hybrid-r71,2026-06-13
ex266,restoring division FSM unrolled as combinational source,guarded restoring remainder/quotient loop,shared serial remainder subtract path and dbz guard,frontend_source_parallel_round71_20260613_1308/sub-fp16-int-hybrid-r71,medium,explore,medium,tested_nonwinning,official OK ADP 2581 did not beat current frontend/reference,sub-fp16-int-hybrid-r71,2026-06-13
ex266,source-level PO hybrid quotient bits,QMC q4/q3 predicates plus restoring low quotient bits,high quotient SOP shares literal covers; low bits share restoring remainder,frontend_source_parallel_round71_20260613_1308/sub-fp16-int-hybrid-r71,medium,explore,medium,tested_nonwinning,official OK ADP 2730 did not beat current frontend/reference,sub-fp16-int-hybrid-r71,2026-06-13
ex240,E4M3FN packed add,source-level PO split with high/sign plane plus low2 residual LUT,shared sorted field decode; active same/diff residuals split into high and low magnitude planes,frontend_source_parallel_round71_20260613_1308/sub-fp8-addhyp-hybrid-r71,medium,explore,medium,tested_nonwinning,official OK ADP 274056 did not beat current frontend/reference,sub-fp8-addhyp-hybrid-r71,2026-06-13
ex240,E4M3FN packed add,carry-save-style signed magnitude adjustment from max operand,shared guard gap predicates; same/diff signed adjustment ROM feeds one maxc-plus-adjust assembler,frontend_source_parallel_round71_20260613_1308/sub-fp8-addhyp-hybrid-r71,medium,explore,medium,tested_nonwinning,official OK ADP 136350 did not beat current frontend/reference,sub-fp8-addhyp-hybrid-r71,2026-06-13
ex245,E5M2FN packed add,source-level PO split with active-table high plane plus low2 cancellation LUT,shared E5M2 sorted decode and small-gap active predicates with separate high/low residual output planes,frontend_source_parallel_round71_20260613_1308/sub-fp8-addhyp-hybrid-r71,medium,explore,medium,tested_nonwinning,official OK ADP 176320 did not beat current frontend/reference,sub-fp8-addhyp-hybrid-r71,2026-06-13
ex245,E5M2FN packed add,carry-save-style signed magnitude adjustment with shared sticky/guard predicates,shared E5M2 max/min decode; signed same/diff residual adjustment ROMs feed one magnitude assembler,frontend_source_parallel_round71_20260613_1308/sub-fp8-addhyp-hybrid-r71,medium,explore,medium,tested_nonwinning,official OK ADP 90944 did not beat current frontend/reference,sub-fp8-addhyp-hybrid-r71,2026-06-13
ex244,E4M3FN packed hypot,max-plus correction ROM per effective exponent gap,"shared max/min magnitude decode; exact correction ROM keyed by max_eff, gap, max_sig, min_sig",frontend_source_parallel_round71_20260613_1308/sub-fp8-addhyp-hybrid-r71,medium,explore,medium,tested_nonwinning,official OK ADP 23790 did not beat current frontend/reference,sub-fp8-addhyp-hybrid-r71,2026-06-13
ex244,E4M3FN packed hypot,CORDIC-like coarse correction plus max-eff patch ROM,coarse gap/sig correction table reused across exponents with small max-eff patch table,frontend_source_parallel_round71_20260613_1308/sub-fp8-addhyp-hybrid-r71,medium,explore,medium,tested_nonwinning,official OK ADP 27048 did not beat current frontend/reference,sub-fp8-addhyp-hybrid-r71,2026-06-13
ex249,E5M2FN packed hypot,raw-exponent max-plus correction ROM per active gap,shared raw exponent active-gap shell and exact correction ROM with max-exp context,frontend_source_parallel_round71_20260613_1308/sub-fp8-addhyp-hybrid-r71,medium,explore,medium,tested_nonwinning,official OK ADP 11625 did not beat current frontend/reference,sub-fp8-addhyp-hybrid-r71,2026-06-13
ex249,E5M2FN packed hypot,piecewise sqrt exact table for tiny mantissa classes,shared active-gap shell; separate gap0/gap1 tiny mantissa correction tables,frontend_source_parallel_round71_20260613_1308/sub-fp8-addhyp-hybrid-r71,medium,explore,medium,tested_nonwinning,official OK ADP 10292 did not beat current frontend/reference,sub-fp8-addhyp-hybrid-r71,2026-06-13
ex246,E5M2FN packed multiply high byte times low byte,axis/minor affine shell with full hard-row ROM repairs,"shared sign xor, effective exponent sum, significand product, per-product affine attributes",frontend_source_parallel_round71_20260613_1308/sub-fp8-arith-hybrid-r71,medium,explore,medium,tested_nonwinning,official OK ADP 12958 did not beat current frontend/reference,sub-fp8-arith-hybrid-r71,2026-06-13
ex246,E5M2FN packed multiply high byte times low byte,axis/minor affine shell with independent exponent and mantissa hard-piece functions,"shared sign xor, effective exponent sum, significand product, per-product affine attributes",frontend_source_parallel_round71_20260613_1308/sub-fp8-arith-hybrid-r71,medium,explore,medium,tested_nonwinning,official OK ADP 18228 did not beat current frontend/reference,sub-fp8-arith-hybrid-r71,2026-06-13
ex247,E5M2FN packed low-over-high division,axis/minor affine shell with full hard-row ROM repairs,"shared sign xor, exponent delta, numerator/denominator significands, per-sigpair affine attributes",frontend_source_parallel_round71_20260613_1308/sub-fp8-arith-hybrid-r71,medium,explore,medium,tested_nonwinning,official OK ADP 8250 did not beat current frontend/reference,sub-fp8-arith-hybrid-r71,2026-06-13
ex247,E5M2FN packed low-over-high division,axis/minor affine shell with independent exponent and mantissa hard-piece functions,"shared sign xor, exponent delta, numerator/denominator significands, per-sigpair affine attributes",frontend_source_parallel_round71_20260613_1308/sub-fp8-arith-hybrid-r71,medium,explore,medium,tested_nonwinning,official OK ADP 9545 did not beat current frontend/reference,sub-fp8-arith-hybrid-r71,2026-06-13
ex241,E4M3FN packed multiply high byte times low byte,axis/minor affine shell with full hard-row ROM repairs,"shared sign xor, effective exponent sum, significand product, per-product affine attributes",frontend_source_parallel_round71_20260613_1308/sub-fp8-arith-hybrid-r71,medium,explore,medium,tested_nonwinning,official OK ADP 30280 did not beat current frontend/reference,sub-fp8-arith-hybrid-r71,2026-06-13
ex241,E4M3FN packed multiply high byte times low byte,axis/minor affine shell with independent exponent and mantissa hard-piece functions,"shared sign xor, effective exponent sum, significand product, per-product affine attributes",frontend_source_parallel_round71_20260613_1308/sub-fp8-arith-hybrid-r71,medium,explore,medium,tested_nonwinning,official OK ADP 53177 did not beat current frontend/reference,sub-fp8-arith-hybrid-r71,2026-06-13
ex242,E4M3FN packed low-over-high division,axis/minor affine shell with full hard-row ROM repairs,"shared sign xor, exponent delta, numerator/denominator significands, per-sigpair affine attributes",frontend_source_parallel_round71_20260613_1308/sub-fp8-arith-hybrid-r71,high,exploit,medium,tested_promising,official OK improved current ADP to 17682,sub-fp8-arith-hybrid-r71,2026-06-13
ex242,E4M3FN packed low-over-high division,axis/minor affine shell with independent exponent and mantissa hard-piece functions,"shared sign xor, exponent delta, numerator/denominator significands, per-sigpair affine attributes",frontend_source_parallel_round71_20260613_1308/sub-fp8-arith-hybrid-r71,medium,explore,medium,tested_nonwinning,official OK ADP 19026 did not beat current frontend/reference,sub-fp8-arith-hybrid-r71,2026-06-13
ex285,source-level conservative routing selected BDD,cyclic-window ordered shared ROBDD for selected output bits over exact current source,single BDD node pool shared by selected PO roots using outside-to-inside cyclic window order,frontend_source_parallel_round71_20260613_1308/sub-unknown-hybrid-r71,medium,explore,medium,tested_nonwinning,official OK ADP 17731 did not beat current frontend/reference,sub-unknown-hybrid-r71,2026-06-13
ex285,outer-window cofactor cube selected PO,contiguous outer-window cofactor cube covers for selected output bits over exact current source,shared contiguous high-window decode with low-window wildcard cube cover,frontend_source_parallel_round71_20260613_1308/sub-unknown-hybrid-r71,medium,explore,medium,tested_nonwinning,official OK ADP 16335 did not beat current frontend/reference,sub-unknown-hybrid-r71,2026-06-13
ex288,source-level conservative routing selected BDD,cyclic-window ordered shared ROBDD for selected output bits over exact current source,single BDD node pool shared by selected PO roots using outside-to-inside cyclic window order,frontend_source_parallel_round71_20260613_1308/sub-unknown-hybrid-r71,medium,explore,medium,tested_nonwinning,official OK ADP 38505 did not beat current frontend/reference,sub-unknown-hybrid-r71,2026-06-13
ex288,outer-window cofactor cube selected PO,contiguous outer-window cofactor cube covers for selected output bits over exact current source,shared contiguous high-window decode with low-window wildcard cube cover,frontend_source_parallel_round71_20260613_1308/sub-unknown-hybrid-r71,medium,explore,medium,tested_nonwinning,official OK ADP 62192 did not beat current frontend/reference,sub-unknown-hybrid-r71,2026-06-13
ex297,source-level cross-initialized cyclic template mix,r66 cell-default source crossed with r24 majority-default source by rotation quotient cell groups,stable r66 cell classes plus selected rotation-quotient cells from majority-default template,frontend_source_parallel_round71_20260613_1308/sub-unknown-hybrid-r71,medium,explore,medium,tested_nonwinning,official OK ADP 504645 did not beat current frontend/reference,sub-unknown-hybrid-r71,2026-06-13
ex297,cyclic window PO-group source hybrid,r66 cell-default source crossed with r66 bit-default source by cyclic diagonal PO groups,stable cell source for most POs plus diagonal cyclic-window bit-source roots,frontend_source_parallel_round71_20260613_1308/sub-unknown-hybrid-r71,medium,explore,medium,tested_nonwinning,official OK ADP 471952 did not beat current frontend/reference,sub-unknown-hybrid-r71,2026-06-13
ex299,source-level cross-initialized cyclic template mix,r66 cell-default source crossed with r24 majority-default source by rotation quotient cell groups,stable r66 cell classes plus selected rotation-quotient cells from majority-default template,frontend_source_parallel_round71_20260613_1308/sub-unknown-hybrid-r71,medium,explore,medium,tested_nonwinning,official OK ADP 2278460 did not beat current frontend/reference,sub-unknown-hybrid-r71,2026-06-13
ex299,cyclic window PO-group source hybrid,r66 cell-default source crossed with r66 bit-default source by cyclic diagonal PO groups,stable cell source for most POs plus diagonal cyclic-window bit-source roots,frontend_source_parallel_round71_20260613_1308/sub-unknown-hybrid-r71,medium,explore,medium,tested_nonwinning,official OK ADP 2011464 did not beat current frontend/reference,sub-unknown-hybrid-r71,2026-06-13
ex223,fp16_log_shared_special_case_predicates,current_source_plus_small_special_shell_no_lower_patch,shared sign/exp/mant special predicates over current source,frontend_source_parallel_round71_20260613_1312/sub-fp16-int-local-r71,medium,explore,medium,tested_nonwinning,official OK ADP 204383 did not beat current frontend/reference,sub-fp16-int-local-r71,2026-06-13
ex223,fp16_log_selected_sign_predicate,current_source_plus_exact_sign_bit_formula,single shared sign/exp predicate over current source,frontend_source_parallel_round71_20260613_1312/sub-fp16-int-local-r71,medium,explore,medium,tested_nonwinning,official OK ADP 215240 did not beat current frontend/reference,sub-fp16-int-local-r71,2026-06-13
ex225,fp16_log10_shared_special_case_predicates,current_source_plus_small_special_shell_no_lower_patch,shared sign/exp/mant special predicates over current source,frontend_source_parallel_round71_20260613_1312/sub-fp16-int-local-r71,medium,explore,medium,tested_nonwinning,official OK ADP 219317 did not beat current frontend/reference,sub-fp16-int-local-r71,2026-06-13
ex225,fp16_log10_selected_sign_predicate,current_source_plus_exact_sign_bit_formula,single shared sign/exp predicate over current source,frontend_source_parallel_round71_20260613_1312/sub-fp16-int-local-r71,medium,explore,medium,tested_nonwinning,official OK ADP 218576 did not beat current frontend/reference,sub-fp16-int-local-r71,2026-06-13
ex260,signed_product_offset_csa,unsigned_core_plus_muxed_twos_complement_offset_terms,shared unsigned product and correction terms,frontend_source_parallel_round71_20260613_1312/sub-fp16-int-local-r71,medium,explore,medium,tested_nonwinning,official OK ADP 3780 did not beat current frontend/reference,sub-fp16-int-local-r71,2026-06-13
ex260,signed_product_selected_high_cones,current_source_plus_exact_highbit_bdd_cones,current compressor source with local high-bit BDD replacements,frontend_source_parallel_round71_20260613_1312/sub-fp16-int-local-r71,medium,explore,medium,tested_nonwinning,official OK ADP 1232 did not beat current frontend/reference,sub-fp16-int-local-r71,2026-06-13
ex266,bounded_top_quotient_compare_sharing,current_wordmux_plus_top_qbit_shared_ge_8_16_24_b,shared top quotient constant-multiple comparators,frontend_source_parallel_round71_20260613_1312/sub-fp16-int-local-r71,medium,explore,medium,tested_nonwinning,official OK ADP 1727 did not beat current frontend/reference,sub-fp16-int-local-r71,2026-06-13
ex266,bounded_low_quotient_remainder_sharing,current_high_quotient_plus_shared_low_remainder_subtract,reuse current q[4:2] and one bounded remainder/subtract chain for q1/q0,frontend_source_parallel_round71_20260613_1312/sub-fp16-int-local-r71,medium,explore,medium,tested_nonwinning,official OK ADP 2350 did not beat current frontend/reference,sub-fp16-int-local-r71,2026-06-13
ex240,E4M3FN packed add source-local output/decode factoring,inline sign/magnitude select plus case attributes over current r64 source,"shared sorted field decode, same-sign GRS path, compact diff normalizer",frontend_source_parallel_round71_20260613_1312/sub-fp8-mid-local-r71,medium,explore,medium,tested_nonwinning,official OK ADP 26230 did not beat current frontend/reference,sub-fp8-mid-local-r71,2026-06-13
ex240,E4M3FN packed add source-local diff normalizer gating,gate compact diff-normalizer inputs outside selected active diff cone,"shared sorted field decode and GRS, bounded diff normalization cone",frontend_source_parallel_round71_20260613_1312/sub-fp8-mid-local-r71,medium,explore,medium,tested_nonwinning,official OK ADP 31115 did not beat current frontend/reference,sub-fp8-mid-local-r71,2026-06-13
ex241,E4M3FN packed multiply nested product source factoring,split NaN/sign output mux and add case attributes to exp/product tables,"shared sign xor, exponent-sum, product table",frontend_source_parallel_round71_20260613_1312/sub-fp8-mid-local-r71,medium,explore,medium,tested_nonwinning,official OK ADP 15399 did not beat current frontend/reference,sub-fp8-mid-local-r71,2026-06-13
ex241,E4M3FN packed multiply product-table active cone gating,explicit product-zero bypass before nested product magnitude table,shared sign xor and exponent-sum with bounded product table input,frontend_source_parallel_round71_20260613_1312/sub-fp8-mid-local-r71,medium,explore,medium,tested_nonwinning,official OK ADP 20498 did not beat current frontend/reference,sub-fp8-mid-local-r71,2026-06-13
ex242,E4M3FN low-over-high division sparse quotient source factoring,split invalid/sign output mux and add case attributes to sparse quotient table,"shared divisor special decode, exponent delta, sig pair table",frontend_source_parallel_round71_20260613_1312/sub-fp8-mid-local-r71,medium,explore,medium,tested_nonwinning,official OK ADP 26922 did not beat current frontend/reference,sub-fp8-mid-local-r71,2026-06-13
ex242,E4M3FN low-over-high division sparse quotient key gating,gate sparse quotient table address outside non-special divisor-active cone,shared special decode plus bounded delta/sig table address,frontend_source_parallel_round71_20260613_1312/sub-fp8-mid-local-r71,medium,explore,medium,tested_nonwinning,official OK ADP 33100 did not beat current frontend/reference,sub-fp8-mid-local-r71,2026-06-13
ex245,E5M2FN packed add small-gap class source factoring,split NaN/sign output mux and add case attributes to same/diff class tables,shared sorted E5M2 field decode and small-gap class formulas,frontend_source_parallel_round71_20260613_1312/sub-fp8-mid-local-r71,medium,explore,medium,tested_nonwinning,official OK ADP 23732 did not beat current frontend/reference,sub-fp8-mid-local-r71,2026-06-13
ex245,E5M2FN packed add same/diff class table key gating,gate inactive same/diff class table keys before output mux,shared sorted field decode with bounded same/diff small-gap tables,frontend_source_parallel_round71_20260613_1312/sub-fp8-mid-local-r71,medium,explore,medium,tested_nonwinning,official OK ADP 31863 did not beat current frontend/reference,sub-fp8-mid-local-r71,2026-06-13
ex244,E4M3FN packed hypot,bounded saturated max-plus-delta mux,reuse max/min effective exponent delta BDD; replace final adder/saturation cone with bounded increment mux,frontend_source_parallel_round71_20260613_1312/sub-fp8-worst-local-r71,medium,explore,medium,tested_nonwinning,official OK ADP 16422 did not beat current frontend/reference,sub-fp8-worst-local-r71,2026-06-13
ex244,E4M3FN packed hypot,lexicographic max/min compare predecode,keep exact max-eff delta BDD; replace inferred >= comparator with explicit bit-priority compare,frontend_source_parallel_round71_20260613_1312/sub-fp8-worst-local-r71,medium,explore,medium,tested_nonwinning,official OK ADP 11304 did not beat current frontend/reference,sub-fp8-worst-local-r71,2026-06-13
ex246,E5M2FN packed multiply high_times_low,local product magnitude packing helper,keep seed12 product-class table; replace repeated shift/or magnitude expressions with a shared width-explicit pack helper,frontend_source_parallel_round71_20260613_1312/sub-fp8-worst-local-r71,medium,explore,medium,tested_nonwinning,official OK ADP  did not beat current frontend/reference,sub-fp8-worst-local-r71,2026-06-13
ex246,E5M2FN packed multiply high_times_low,explicit 3x3 partial-product local cone,keep seed12 product-class table; replace generic multiply operator with local partial-product sum,frontend_source_parallel_round71_20260613_1312/sub-fp8-worst-local-r71,medium,explore,medium,tested_nonwinning,official OK ADP 8544 did not beat current frontend/reference,sub-fp8-worst-local-r71,2026-06-13
ex247,E5M2FN low-over-high division,bounded priority region mux assignment,keep denominator-bound attrs and low-pattern reconstruction; replace procedural casez region mux with explicit priority assign,frontend_source_parallel_round71_20260613_1312/sub-fp8-worst-local-r71,medium,explore,medium,tested_nonwinning,official OK ADP 9854 did not beat current frontend/reference,sub-fp8-worst-local-r71,2026-06-13
ex247,E5M2FN low-over-high division,width-explicit signed delta region predicates,keep denominator-bound attrs and low-pattern reconstruction; widen only the local delta compare cone for zero/sat/low predicates,frontend_source_parallel_round71_20260613_1312/sub-fp8-worst-local-r71,medium,explore,medium,tested_nonwinning,official OK ADP 8487 did not beat current frontend/reference,sub-fp8-worst-local-r71,2026-06-13
ex249,"E5M2FN packed hypot abs(high,low)",bounded saturated max-plus-delta mux,keep raw-exp gap0/gap1 threshold delta table; replace final add/sat cone with bounded delta mux,frontend_source_parallel_round71_20260613_1312/sub-fp8-worst-local-r71,medium,explore,medium,tested_nonwinning,official OK ADP 6615 did not beat current frontend/reference,sub-fp8-worst-local-r71,2026-06-13
ex249,"E5M2FN packed hypot abs(high,low)",exp-difference active-gap predicate,keep threshold delta table; replace min_exp+1 gap predicate with shared exponent-difference predicate,frontend_source_parallel_round71_20260613_1312/sub-fp8-worst-local-r71,medium,explore,medium,tested_nonwinning,official OK ADP 6188 did not beat current frontend/reference,sub-fp8-worst-local-r71,2026-06-13
ex285,hamming-weight routing source local replacement,onehot and all-zero/all-one boundary bypass wrapper,current decision tree base with tiny exact onehot output map,frontend_source_parallel_round71_20260613_1312/sub-unknown-local-r71,medium,explore,medium,tested_nonwinning,official OK ADP 14346 did not beat current frontend/reference,sub-unknown-local-r71,2026-06-13
ex288,hamming-weight routing source local replacement,onehot and all-zero/all-one boundary bypass wrapper,current key-BDD-selected symcof base with tiny exact onehot output map,frontend_source_parallel_round71_20260613_1312/sub-unknown-local-r71,medium,explore,medium,tested_nonwinning,official OK ADP 31976 did not beat current frontend/reference,sub-unknown-local-r71,2026-06-13
ex297,cyclic 2-bit source local selector replacement,sel==0 exact cell-identity bypass wrapper,r66 cell-cube source plus one shared selector-zero predicate,frontend_source_parallel_round71_20260613_1312/sub-unknown-local-r71,medium,explore,medium,tested_nonwinning,official OK ADP 426176 did not beat current frontend/reference,sub-unknown-local-r71,2026-06-13
ex299,cyclic 2-bit source local selector replacement,sel==0 exact cell-identity bypass wrapper,r66 cell-cube source plus one shared selector-zero predicate,frontend_source_parallel_round71_20260613_1312/sub-unknown-local-r71,medium,explore,medium,tested_nonwinning,official OK ADP 1778940 did not beat current frontend/reference,sub-unknown-local-r71,2026-06-13
ex223,exact log/log10 piecewise monotone segment interpolation,mantissa hi7 segment base word plus exact lo3 signed delta,shared special sign-exp decode and per-exp mantissa segment base/delta tables,frontend_source_parallel_round72_20260613_1338/sub-fp16-int-r72,medium,explore,medium,tested_nonwinning,official OK ADP 379392 did not beat current frontend/reference,sub-fp16-int-r72,2026-06-13
ex223,high-bit threshold-only plus low-bit small ROM per active exponent,flat low9 active-exponent ROM with bits15:9 as mantissa run trees,shared special sign-exp decode and per-exp high-bit run predicates,frontend_source_parallel_round72_20260613_1338/sub-fp16-int-r72,medium,explore,medium,tested_nonwinning,official OK ADP 246840 did not beat current frontend/reference,sub-fp16-int-r72,2026-06-13
ex225,exact log/log10 piecewise monotone segment interpolation,mantissa hi7 segment base word plus exact lo3 signed delta,shared special sign-exp decode and per-exp mantissa segment base/delta tables,frontend_source_parallel_round72_20260613_1338/sub-fp16-int-r72,medium,explore,medium,tested_nonwinning,official OK ADP 380880 did not beat current frontend/reference,sub-fp16-int-r72,2026-06-13
ex225,high-bit threshold-only plus low-bit small ROM per active exponent,flat low9 active-exponent ROM with bits15:9 as mantissa run trees,shared special sign-exp decode and per-exp high-bit run predicates,frontend_source_parallel_round72_20260613_1338/sub-fp16-int-r72,medium,explore,medium,tested_nonwinning,official OK ADP 253484 did not beat current frontend/reference,sub-fp16-int-r72,2026-06-13
ex260,hand-minimized Boolean equations for signed 4x4 product,shared ANF monomial network for all product bits,single shared positive-literal monomial pool reused across output XOR cones,frontend_source_parallel_round72_20260613_1338/sub-fp16-int-r72,medium,explore,medium,tested_nonwinning,official OK ADP 8874 did not beat current frontend/reference,sub-fp16-int-r72,2026-06-13
ex260,hybrid shared partial product monomials for sign-extension bits,explicit low modulo-product columns plus ANF high product bits,low-column partial products and high-bit shared ANF monomials,frontend_source_parallel_round72_20260613_1338/sub-fp16-int-r72,medium,explore,medium,tested_nonwinning,official OK ADP 7366 did not beat current frontend/reference,sub-fp16-int-r72,2026-06-13
ex266,quotient bit comparators with shared multiples generated once,q-bit threshold interval predicates over ge(k*b) wires,one shared constant-multiple bank feeds all quotient-bit interval formulas,frontend_source_parallel_round72_20260613_1338/sub-fp16-int-r72,medium,explore,medium,tested_nonwinning,official OK ADP 14259 did not beat current frontend/reference,sub-fp16-int-r72,2026-06-13
ex266,high-cost bit replacement over current wordmux source,current cofactor word-mux low bits with q4/q3 shared multiple comparators,preserve existing low quotient word-mux sharing and replace only high quotient bits,frontend_source_parallel_round72_20260613_1338/sub-fp16-int-r72,medium,explore,medium,tested_nonwinning,official OK ADP 1812 did not beat current frontend/reference,sub-fp16-int-r72,2026-06-13
ex240,E4M3FN packed add,normalize-and-add field shell with absolute exp/mant residual,shared sorted decode and same/diff active key; residual LUT emits normalized exponent and mantissa fields,frontend_source_parallel_round72_20260613_1338/sub-fp8-addhyp-r72,medium,explore,medium,tested_nonwinning,official OK ADP 393750 did not beat current frontend/reference,sub-fp8-addhyp-r72,2026-06-13
ex240,E4M3FN packed add,normalize-and-add carry sharing with relative exponent residual,"shared max exponent carry path; LUT emits signed exponent adjust, subnormal flag, and mantissa residual",frontend_source_parallel_round72_20260613_1338/sub-fp8-addhyp-r72,medium,explore,medium,tested_nonwinning,official OK ADP 319760 did not beat current frontend/reference,sub-fp8-addhyp-r72,2026-06-13
ex245,E5M2FN packed add,normalize-and-add field shell with absolute exp/mant residual,shared sorted E5M2 decode and small-gap active key; residual LUT emits normalized fields,frontend_source_parallel_round72_20260613_1338/sub-fp8-addhyp-r72,medium,explore,medium,tested_nonwinning,official OK ADP 178737 did not beat current frontend/reference,sub-fp8-addhyp-r72,2026-06-13
ex245,E5M2FN packed add,normalize-and-add carry sharing with relative exponent residual,"shared max exponent carry path; LUT emits signed exponent adjust, subnormal flag, and mantissa residual",frontend_source_parallel_round72_20260613_1338/sub-fp8-addhyp-r72,medium,explore,medium,tested_nonwinning,official OK ADP 131376 did not beat current frontend/reference,sub-fp8-addhyp-r72,2026-06-13
ex244,E4M3FN packed hypot,direct output-code classifier using rounded square-distance score,shared max shell; score is smax^2 plus gap-scaled smin^2 and table emits final output code,frontend_source_parallel_round72_20260613_1338/sub-fp8-addhyp-r72,medium,explore,medium,tested_nonwinning,official OK ADP 76900 did not beat current frontend/reference,sub-fp8-addhyp-r72,2026-06-13
ex244,E4M3FN packed hypot,squared-norm delta classifier with smax disambiguation,shared max shell; square-distance score plus smax emits exact max-plus delta,frontend_source_parallel_round72_20260613_1338/sub-fp8-addhyp-r72,medium,explore,medium,tested_nonwinning,official OK ADP 76189 did not beat current frontend/reference,sub-fp8-addhyp-r72,2026-06-13
ex249,E5M2FN packed hypot,direct output-code classifier using rounded square-distance score,shared raw exponent active-gap shell; score is smax^2 plus gap-scaled smin^2 and table emits final output code,frontend_source_parallel_round72_20260613_1338/sub-fp8-addhyp-r72,medium,explore,medium,tested_nonwinning,official OK ADP 28485 did not beat current frontend/reference,sub-fp8-addhyp-r72,2026-06-13
ex249,E5M2FN packed hypot,squared-norm delta classifier with smax disambiguation,shared active-gap shell; square-distance score plus smax emits exact max-plus delta,frontend_source_parallel_round72_20260613_1338/sub-fp8-addhyp-r72,medium,explore,medium,tested_nonwinning,official OK ADP 18144 did not beat current frontend/reference,sub-fp8-addhyp-r72,2026-06-13
ex246,"E5M2FN packed multiply, high byte times low byte",shared exponent exception shell plus product leading-bit RNE normalizer,"shared sign xor, effective exponent sum, significand product, normal/subnormal/saturation predicates",frontend_source_parallel_round72_20260613_1338/sub-fp8-muldiv-r72,medium,explore,medium,tested_nonwinning,official OK ADP 17384 did not beat current frontend/reference,sub-fp8-muldiv-r72,2026-06-13
ex246,"E5M2FN packed multiply, high byte times low byte",logarithmic product-code recoding with normal/subnormal side tables,"shared sign xor, operand class decode, normal-normal log base, subnormal correction predicates",frontend_source_parallel_round72_20260613_1338/sub-fp8-muldiv-r72,medium,explore,medium,tested_nonwinning,official OK ADP 11800 did not beat current frontend/reference,sub-fp8-muldiv-r72,2026-06-13
ex247,"E5M2FN packed division, low byte over high byte",quotient digit recurrence using shared subtract-multiple comparators,"shared sign xor, exponent delta, denominator-normalized quotient shift, rounded significand and boundary predicates",frontend_source_parallel_round72_20260613_1338/sub-fp8-muldiv-r72,medium,explore,medium,tested_nonwinning,official OK ADP 16765 did not beat current frontend/reference,sub-fp8-muldiv-r72,2026-06-13
ex247,"E5M2FN packed division, low byte over high byte",compact denominator-class BDD subfunctions with denominator-first variable order,"shared sign xor, exponent delta, numerator/denominator significands, shared BDD roots ordered by denominator class",frontend_source_parallel_round72_20260613_1338/sub-fp8-muldiv-r72,medium,explore,medium,tested_nonwinning,official OK ADP 22110 did not beat current frontend/reference,sub-fp8-muldiv-r72,2026-06-13
ex241,"E4M3FN packed multiply, high byte times low byte",exact FP8 multiply with shared exponent shell and product exception overlay,"shared sign xor, effective exponent sum, 4x4 significand product, RNE carry and exception predicates",frontend_source_parallel_round72_20260613_1338/sub-fp8-muldiv-r72,medium,explore,medium,tested_nonwinning,official OK ADP 43310 did not beat current frontend/reference,sub-fp8-muldiv-r72,2026-06-13
ex241,"E4M3FN packed multiply, high byte times low byte",scaled integer product with shared quantize-by-512 normalizer,"shared decoded integer magnitudes, product, sign xor, and quantizer thresholds",frontend_source_parallel_round72_20260613_1338/sub-fp8-muldiv-r72,medium,explore,medium,tested_nonwinning,official OK ADP 178398 did not beat current frontend/reference,sub-fp8-muldiv-r72,2026-06-13
ex285,source-level PO replacement from compact alternate descriptor,exact current source with only edge output POs replaced by an older compact symmetry/cofactor source,keep current-source shared logic for most outputs and instantiate one compact alternate source for selected edge POs,frontend_source_parallel_round72_20260613_1338/sub-unknown-r72,medium,explore,medium,tested_nonwinning,official OK ADP 16000 did not beat current frontend/reference,sub-unknown-r72,2026-06-13
ex285,exact small BDD cofactors by selected raw outer keys,selected output root emitted as shared inner ROBDD cofactors under raw edge/key bits,single inner-node pool shared across all outer-key cofactors for one selected PO,frontend_source_parallel_round72_20260613_1338/sub-unknown-r72,medium,explore,medium,tested_nonwinning,official OK ADP 16448 did not beat current frontend/reference,sub-unknown-r72,2026-06-13
ex288,source-level PO replacement from compact alternate descriptor,exact current source with only edge output POs replaced by an older compact symmetry/cofactor source,keep current-source shared logic for most outputs and instantiate one compact alternate source for selected edge POs,frontend_source_parallel_round72_20260613_1338/sub-unknown-r72,medium,explore,medium,tested_nonwinning,official OK ADP 37216 did not beat current frontend/reference,sub-unknown-r72,2026-06-13
ex288,exact small BDD cofactors by selected raw outer keys,selected output root emitted as shared inner ROBDD cofactors under raw edge/key bits,single inner-node pool shared across all outer-key cofactors for one selected PO,frontend_source_parallel_round72_20260613_1338/sub-unknown-r72,medium,explore,medium,tested_nonwinning,official OK ADP 74844 did not beat current frontend/reference,sub-unknown-r72,2026-06-13
ex297,cell-class default plus one 2-bit lane replacement,r66 cell-default source with a single lane group replaced from r24 majority-default source,duplicate only one alternate exact source and use it for one selected 2-bit lane group,frontend_source_parallel_round72_20260613_1338/sub-unknown-r72,medium,explore,medium,tested_nonwinning,official OK ADP 484551 did not beat current frontend/reference,sub-unknown-r72,2026-06-13
ex297,source-level highest-cost lane PO replacement,r66 cell-default source with a different single lane group replaced from r66 bit-default source,keep cell-default logic for the word and borrow bit-default roots only for one lane,frontend_source_parallel_round72_20260613_1338/sub-unknown-r72,medium,explore,medium,tested_nonwinning,official OK ADP 431120 did not beat current frontend/reference,sub-unknown-r72,2026-06-13
ex299,cell-class default plus one 2-bit lane replacement,r66 cell-default source with a single lane group replaced from r24 majority-default source,duplicate only one alternate exact source and use it for one selected 2-bit lane group,frontend_source_parallel_round72_20260613_1338/sub-unknown-r72,medium,explore,medium,tested_nonwinning,official OK ADP 2132920 did not beat current frontend/reference,sub-unknown-r72,2026-06-13
ex299,source-level highest-cost lane PO replacement,r66 cell-default source with a different single lane group replaced from r66 bit-default source,keep cell-default logic for the word and borrow bit-default roots only for one lane,frontend_source_parallel_round72_20260613_1338/sub-unknown-r72,medium,explore,medium,tested_nonwinning,official OK ADP 1798632 did not beat current frontend/reference,sub-unknown-r72,2026-06-13
ex223,fp16_log_positive_normal_mant0_special_predicate,current_source_plus_positive_normal_mantissa_zero_exact_cone,shared sign-exp mantissa-zero predicate over current source,frontend_source_parallel_round72_20260613_1347/sub-fp16-int-micro-r72,medium,explore,medium,tested_nonwinning,official OK ADP 204098 did not beat current frontend/reference,sub-fp16-int-micro-r72,2026-06-13
ex225,fp16_log10_positive_normal_mant0_special_predicate,current_source_plus_positive_normal_mantissa_zero_exact_cone,shared sign-exp mantissa-zero predicate over current source,frontend_source_parallel_round72_20260613_1347/sub-fp16-int-micro-r72,medium,explore,medium,tested_nonwinning,official OK ADP 219146 did not beat current frontend/reference,sub-fp16-int-micro-r72,2026-06-13
ex260,signed_product_low_carry_predicate,current_source_plus_exact_low2_column_formula,shared low-column product and carry predicate,frontend_source_parallel_round72_20260613_1347/sub-fp16-int-micro-r72,medium,explore,medium,tested_nonwinning,official OK ADP 1232 did not beat current frontend/reference,sub-fp16-int-micro-r72,2026-06-13
ex260,signed_product_low_carry_predicate,current_source_plus_exact_low3_column_formula,shared low-column product and carry predicate,frontend_source_parallel_round72_20260613_1347/sub-fp16-int-micro-r72,medium,explore,medium,tested_nonwinning,official OK ADP 1232 did not beat current frontend/reference,sub-fp16-int-micro-r72,2026-06-13
ex266,udiv_low_quotient_bit_predicate,current_source_plus_exact_q0_bdd_predicate,single exact quotient LSB predicate with current high quotient source,frontend_source_parallel_round72_20260613_1347/sub-fp16-int-micro-r72,medium,explore,medium,tested_nonwinning,official OK ADP 3638 did not beat current frontend/reference,sub-fp16-int-micro-r72,2026-06-13
ex240,E4M3FN packed add,numeric signless magnitude compare replacing split exp/mant compare,shared sorted field decode and compact diff normalizer,frontend_source_parallel_round72_20260613_1347/sub-fp8-mid-micro-r72,medium,explore,medium,tested_nonwinning,official OK ADP 31115 did not beat current frontend/reference,sub-fp8-mid-micro-r72,2026-06-13
ex240,E4M3FN packed add,numeric magnitude compare plus shared selected sign wire,shared sorted field decode max sign and compact diff normalizer,frontend_source_parallel_round72_20260613_1347/sub-fp8-mid-micro-r72,medium,explore,medium,tested_nonwinning,official OK ADP 31115 did not beat current frontend/reference,sub-fp8-mid-micro-r72,2026-06-13
ex241,E4M3FN packed multiply high byte times low byte,explicit product and effective exponent operand wires,shared sign xor effective exponent sum significand product and nested product table,frontend_source_parallel_round72_20260613_1347/sub-fp8-mid-micro-r72,medium,explore,medium,tested_nonwinning,official OK ADP 17010 did not beat current frontend/reference,sub-fp8-mid-micro-r72,2026-06-13
ex241,E4M3FN packed multiply high byte times low byte,shared sig and effective exponent wires preserving original product expression sizing,shared sign xor effective exponent sum significand product and nested product table,frontend_source_parallel_round72_20260613_1347/sub-fp8-mid-micro-r72,medium,explore,medium,tested_nonwinning,official OK ADP 16620 did not beat current frontend/reference,sub-fp8-mid-micro-r72,2026-06-13
ex245,E5M2FN packed add,zero-pair bypass around existing small-gap class tables,shared sorted E5M2 field decode and zero special predicate,frontend_source_parallel_round72_20260613_1347/sub-fp8-mid-micro-r72,medium,explore,medium,tested_nonwinning,official OK ADP 26788 did not beat current frontend/reference,sub-fp8-mid-micro-r72,2026-06-13
ex244,E4M3FN packed hypot,sum high-bit saturation predicate,keep max-eff delta BDD and replace raw >= compare with sum high-bit saturation,frontend_source_parallel_round72_20260613_1347/sub-fp8-worst-micro-r72,medium,explore,medium,tested_nonwinning,official OK ADP 12198 did not beat current frontend/reference,sub-fp8-worst-micro-r72,2026-06-13
ex244,E4M3FN packed hypot,comparator polarity sharing,replace max/min >= comparator with shared b_gt_a polarity while keeping delta/output cones,frontend_source_parallel_round72_20260613_1347/sub-fp8-worst-micro-r72,medium,explore,medium,tested_nonwinning,official OK ADP 12948 did not beat current frontend/reference,sub-fp8-worst-micro-r72,2026-06-13
ex246,E5M2FN packed multiply,final output mask mux,replace ternary NaN output cone with bit-mask mux over product-class source,frontend_source_parallel_round72_20260613_1347/sub-fp8-worst-micro-r72,medium,explore,medium,tested_nonwinning,official OK ADP 8520 did not beat current frontend/reference,sub-fp8-worst-micro-r72,2026-06-13
ex246,E5M2FN packed multiply,shared sig and exponent predecode,materialize sig_a sig_b exp_a exp_b before product-class table,frontend_source_parallel_round72_20260613_1347/sub-fp8-worst-micro-r72,medium,explore,medium,tested_nonwinning,official OK ADP 8520 did not beat current frontend/reference,sub-fp8-worst-micro-r72,2026-06-13
ex247,E5M2FN low-over-high division,encoded small region mux,encode zero low linear saturation region before selecting magnitude,frontend_source_parallel_round72_20260613_1347/sub-fp8-worst-micro-r72,medium,explore,medium,tested_nonwinning,official OK ADP 9225 did not beat current frontend/reference,sub-fp8-worst-micro-r72,2026-06-13
ex247,E5M2FN low-over-high division,shared middle-region predicate,share zero and saturation comparisons before low-underflow predicate,frontend_source_parallel_round72_20260613_1347/sub-fp8-worst-micro-r72,medium,explore,medium,tested_nonwinning,official OK ADP 8808 did not beat current frontend/reference,sub-fp8-worst-micro-r72,2026-06-13
ex249,E5M2FN packed hypot,sum high-bit saturation predicate,replace raw-exp threshold explicit saturation with raw sum high-bit predicate,frontend_source_parallel_round72_20260613_1347/sub-fp8-worst-micro-r72,medium,explore,medium,tested_nonwinning,official OK ADP 5890 did not beat current frontend/reference,sub-fp8-worst-micro-r72,2026-06-13
ex297,partial_sel0_identity_bypass_on_even_selector_cells,source_verilog,shared_sel_zero_predicate,frontend_source_parallel_round72_20260613_1347/sub-unknown-micro-r72,medium,explore,medium,tested_nonwinning,official OK ADP 505248 did not beat current frontend/reference,sub-unknown-micro-r72,2026-06-13
ex297,partial_sel0_identity_bypass_on_odd_selector_cells,source_verilog,shared_sel_zero_predicate,frontend_source_parallel_round72_20260613_1347/sub-unknown-micro-r72,medium,explore,medium,tested_nonwinning,official OK ADP 479556 did not beat current frontend/reference,sub-unknown-micro-r72,2026-06-13
ex299,partial_sel0_identity_bypass_on_even_selector_cells,source_verilog,shared_sel_zero_predicate,frontend_source_parallel_round72_20260613_1347/sub-unknown-micro-r72,medium,explore,medium,tested_nonwinning,official OK ADP 2078412 did not beat current frontend/reference,sub-unknown-micro-r72,2026-06-13
ex299,partial_sel0_identity_bypass_on_odd_selector_cells,source_verilog,shared_sel_zero_predicate,frontend_source_parallel_round72_20260613_1347/sub-unknown-micro-r72,medium,explore,medium,tested_nonwinning,official OK ADP 1976140 did not beat current frontend/reference,sub-unknown-micro-r72,2026-06-13
ex223,fp16 log-family semantic action decode,special class shell plus balanced whole-output mantissa action ranges,shared special decode and per-exponent action range tree,frontend_source_parallel_round73_20260613_1414/sub-fp16-int-semantic-r73,medium,explore,medium,tested_nonwinning,official OK ADP 574860 did not beat current frontend/reference,sub-fp16-int-semantic-r73,2026-06-13
ex225,fp16 log-family semantic action decode,special class shell plus balanced whole-output mantissa action ranges,shared special decode and per-exponent action range tree,frontend_source_parallel_round73_20260613_1414/sub-fp16-int-semantic-r73,medium,explore,medium,tested_nonwinning,official OK ADP 631320 did not beat current frontend/reference,sub-fp16-int-semantic-r73,2026-06-13
ex260,signed multiply operand action decode,b_action_affine,one operand action case shared across all product bits,frontend_source_parallel_round73_20260613_1414/sub-fp16-int-semantic-r73,medium,explore,medium,tested_nonwinning,official OK ADP 1900 did not beat current frontend/reference,sub-fp16-int-semantic-r73,2026-06-13
ex260,signed multiply operand action decode,a_action_affine,one operand action case shared across all product bits,frontend_source_parallel_round73_20260613_1414/sub-fp16-int-semantic-r73,medium,explore,medium,tested_nonwinning,official OK ADP 1900 did not beat current frontend/reference,sub-fp16-int-semantic-r73,2026-06-13
ex266,bounded quotient action decode,divisor_action_ranges,operand-keyed quotient action range tree,frontend_source_parallel_round73_20260613_1414/sub-fp16-int-semantic-r73,medium,explore,medium,tested_nonwinning,official OK ADP 2724 did not beat current frontend/reference,sub-fp16-int-semantic-r73,2026-06-13
ex266,bounded quotient action decode,dividend_action_ranges,operand-keyed quotient action range tree,frontend_source_parallel_round73_20260613_1414/sub-fp16-int-semantic-r73,medium,explore,medium,tested_nonwinning,official OK ADP 4186 did not beat current frontend/reference,sub-fp16-int-semantic-r73,2026-06-13
ex240,E4M3FN packed add high byte plus low byte,compact add action-id decode over shared same/diff sign-magnitude paths,shared sorted E4M3 field decode; same-sign GRS path; diff-sign compact normalizer; 5-action output decoder,frontend_source_parallel_round73_20260613_1414/sub-fp8-mid-classes-r73,medium,explore,medium,tested_nonwinning,official OK ADP 28600 did not beat current frontend/reference,sub-fp8-mid-classes-r73,2026-06-13
ex241,E4M3FN packed multiply high byte times low byte,compact multiply action-id decode over product magnitude table,"shared sign xor, effective exponent sum, 4x4 product, product magnitude table, 4-action output decoder",frontend_source_parallel_round73_20260613_1414/sub-fp8-mid-classes-r73,medium,explore,medium,tested_nonwinning,official OK ADP 20055 did not beat current frontend/reference,sub-fp8-mid-classes-r73,2026-06-13
ex245,E5M2FN packed add high byte plus low byte,compact add action-id decode over same/diff active-region tables,shared sorted E5M2 field decode; same/diff small-gap class tables; 4-action output decoder,frontend_source_parallel_round73_20260613_1414/sub-fp8-mid-classes-r73,medium,explore,medium,tested_nonwinning,official OK ADP 25160 did not beat current frontend/reference,sub-fp8-mid-classes-r73,2026-06-13
ex244,"E4M3FN packed hypot abs(high,low)",gap/max-sig action encoder with min-sig threshold runs,"shared abs max/min decode, effective exponent gap, sig4 class wires, one delta action encoder",frontend_source_parallel_round73_20260613_1414/sub-fp8-worst-classes-r73,medium,explore,medium,tested_nonwinning,official OK ADP 11916 did not beat current frontend/reference,sub-fp8-worst-classes-r73,2026-06-13
ex246,E5M2FN packed multiply high byte times low byte,product action word plus exception decode,"shared sign xor, sig3 product, exp_sum, per-product affine action, sparse exact exception action",frontend_source_parallel_round73_20260613_1414/sub-fp8-worst-classes-r73,medium,explore,medium,tested_nonwinning,official OK ADP 11670 did not beat current frontend/reference,sub-fp8-worst-classes-r73,2026-06-13
ex247,E5M2FN low-over-high division,denominator bound-smallpat attributes feeding a single region action decoder,"shared sign xor, exponent delta, denominator-first attrs, low pattern, linear magnitude, one region action",frontend_source_parallel_round73_20260613_1414/sub-fp8-worst-classes-r73,medium,explore,medium,tested_nonwinning,official OK ADP 8904 did not beat current frontend/reference,sub-fp8-worst-classes-r73,2026-06-13
ex249,"E5M2FN packed hypot abs(high,low)",table-free gap0/gap1 predicate action encoder,"shared raw exponent max/min decode, active gap, sig3 classes, one 2-bit delta action",frontend_source_parallel_round73_20260613_1414/sub-fp8-worst-classes-r73,medium,explore,medium,tested_nonwinning,official OK ADP 5890 did not beat current frontend/reference,sub-fp8-worst-classes-r73,2026-06-13
ex285,hamming-weight routing compact low-weight state,low-weight <=2 position decoder over current exact source,shared popcount/position boundary decoder plus current source fallback,frontend_source_parallel_round73_20260613_1414/sub-unknown-state-r73,medium,explore,medium,tested_nonwinning,official OK ADP 13685 did not beat current frontend/reference,sub-unknown-state-r73,2026-06-13
ex288,hamming-weight routing compact low-weight state,low-weight <=2 position decoder over current exact source,shared popcount/position boundary decoder plus current source fallback,frontend_source_parallel_round73_20260613_1414/sub-unknown-state-r73,medium,explore,medium,tested_nonwinning,official OK ADP 33855 did not beat current frontend/reference,sub-unknown-state-r73,2026-06-13
ex297,cyclic 2-bit cell-local default inversion,paired selector equality drives cell-local inversion-normalized exact cell source,r66 cell-default source with per-cell inversion normalization under paired selector equality,frontend_source_parallel_round73_20260613_1414/sub-unknown-state-r73,medium,explore,medium,tested_nonwinning,official OK ADP 426304 did not beat current frontend/reference,sub-unknown-state-r73,2026-06-13
ex297,cyclic 2-bit selector-state paired class template,paired selector classes choose cell-default or bit-default multi-output cell templates,two exact r66 source templates selected per 2-bit output cell by paired selector class,frontend_source_parallel_round73_20260613_1414/sub-unknown-state-r73,medium,explore,medium,tested_nonwinning,official OK ADP 425024 did not beat current frontend/reference,sub-unknown-state-r73,2026-06-13
ex299,cyclic 2-bit cell-local default inversion,paired selector equality drives cell-local inversion-normalized exact cell source,r66 cell-default source with per-cell inversion normalization under paired selector equality,frontend_source_parallel_round73_20260613_1414/sub-unknown-state-r73,medium,explore,medium,tested_nonwinning,official OK ADP 1778148 did not beat current frontend/reference,sub-unknown-state-r73,2026-06-13
ex299,cyclic 2-bit selector-state paired class template,paired selector classes choose cell-default or bit-default multi-output cell templates,two exact r66 source templates selected per 2-bit output cell by paired selector class,frontend_source_parallel_round73_20260613_1414/sub-unknown-state-r73,medium,explore,medium,tested_nonwinning,official OK ADP 1779282 did not beat current frontend/reference,sub-unknown-state-r73,2026-06-13
ex223,FP16 log/log10 positive-normal exact source segmentation,mantissa hi8 plus low2 full-word segment table,shared sign-exp special decode and full-word segment muxing,frontend_source_parallel_round73_20260613_1404/sub-fp16-int-r73,medium,explore,medium,tested_nonwinning,official OK ADP 286197 did not beat current frontend/reference,sub-fp16-int-r73,2026-06-13
ex223,FP16 log/log10 exact monotone run threshold compression,balanced per-exponent mantissa run-threshold tree returning full output word,shared sign-exp special decode and per-exponent balanced threshold functions,frontend_source_parallel_round73_20260613_1404/sub-fp16-int-r73,medium,explore,medium,tested_nonwinning,official OK ADP 556017 did not beat current frontend/reference,sub-fp16-int-r73,2026-06-13
ex225,FP16 log/log10 positive-normal exact source segmentation,mantissa hi8 plus low2 full-word segment table,shared sign-exp special decode and full-word segment muxing,frontend_source_parallel_round73_20260613_1404/sub-fp16-int-r73,medium,explore,medium,tested_nonwinning,official OK ADP 339380 did not beat current frontend/reference,sub-fp16-int-r73,2026-06-13
ex240,E4M3FN packed add,shared normalize aligner plus exact low-cluster correction table,shared sorted E4 decode; high magnitude cluster selected first; only low cluster is corrected from the high-cluster context,frontend_source_parallel_round73_20260613_1404/sub-fp8-addhyp-r73,medium,explore,medium,tested_nonwinning,official OK ADP 336581 did not beat current frontend/reference,sub-fp8-addhyp-r73,2026-06-13
ex240,E4M3FN packed add,low-cost cofactor DAG by operand class,one shared class selector for zero/equal/pass/active cases; active same and diff cofactors dispatch to local gap subfunctions,frontend_source_parallel_round73_20260613_1404/sub-fp8-addhyp-r73,medium,explore,medium,tested_nonwinning,official OK ADP  did not beat current frontend/reference,sub-fp8-addhyp-r73,2026-06-13
ex245,E5M2FN packed add,shared normalize aligner plus exact low-cluster correction table,shared sorted E5 decode; high magnitude cluster selected first; low E5 mantissa cluster corrected from high-cluster context,frontend_source_parallel_round73_20260613_1404/sub-fp8-addhyp-r73,medium,explore,medium,tested_nonwinning,official OK ADP 183448 did not beat current frontend/reference,sub-fp8-addhyp-r73,2026-06-13
ex245,E5M2FN packed add,low-cost cofactor DAG by operand class,one shared class selector for zero/equal/pass/active cases; active same and diff cofactors dispatch to local gap subfunctions,frontend_source_parallel_round73_20260613_1404/sub-fp8-addhyp-r73,medium,explore,medium,tested_nonwinning,official OK ADP  did not beat current frontend/reference,sub-fp8-addhyp-r73,2026-06-13
ex244,E4M3FN packed hypot,multi-output exact code classifier with shared rounded-distance predicates,shared max/min effective-exponent key feeds rounded-distance predicate flags reused by all delta bits,frontend_source_parallel_round73_20260613_1404/sub-fp8-addhyp-r73,medium,explore,medium,tested_nonwinning,official OK ADP 59892 did not beat current frontend/reference,sub-fp8-addhyp-r73,2026-06-13
ex244,E4M3FN packed hypot,max-code plus small correction as reduced multi-output PLA,shared max/min effective-exponent predicate vector drives one reduced multi-output correction PLA,frontend_source_parallel_round73_20260613_1404/sub-fp8-addhyp-r73,medium,explore,medium,tested_nonwinning,official OK ADP 29028 did not beat current frontend/reference,sub-fp8-addhyp-r73,2026-06-13
ex249,E5M2FN packed hypot,multi-output exact code classifier with shared rounded-distance predicates,shared raw exponent and significand key feeds rounded-distance predicate flags reused by both delta bits,frontend_source_parallel_round73_20260613_1404/sub-fp8-addhyp-r73,medium,explore,medium,tested_nonwinning,official OK ADP 18278 did not beat current frontend/reference,sub-fp8-addhyp-r73,2026-06-13
ex249,E5M2FN packed hypot,max-code plus small correction as reduced multi-output PLA,shared raw exponent/significand predicate vector drives one reduced multi-output correction PLA,frontend_source_parallel_round73_20260613_1404/sub-fp8-addhyp-r73,medium,explore,medium,tested_nonwinning,official OK ADP 14384 did not beat current frontend/reference,sub-fp8-addhyp-r73,2026-06-13
ex241,E4M3FN packed multiply high byte times low byte,named shared predicate DAG over nan/sign/exp_sum/product with high-low output clusters,"sign xor, effective exponent sum, 4-bit significand product, shared key functions",frontend_source_parallel_round73_20260613_1404/sub-fp8-muldiv-r73,medium,explore,medium,tested_nonwinning,official OK ADP 116240 did not beat current frontend/reference,sub-fp8-muldiv-r73,2026-06-13
ex241,E4M3FN packed multiply high byte times low byte,selected low-magnitude replacement using common exp/product subfunction over exact semantic shell,base nested exponent/product source for high bits plus shared low-magnitude key function,frontend_source_parallel_round73_20260613_1404/sub-fp8-muldiv-r73,medium,explore,medium,tested_nonwinning,official OK ADP 50160 did not beat current frontend/reference,sub-fp8-muldiv-r73,2026-06-13
ex246,E5M2FN packed multiply high byte times low byte,named shared predicate DAG over nan/sign/exp_sum/product with exponent-mantissa output clusters,"sign xor, effective exponent sum, 3-bit significand product, shared mag-high/mantissa functions",frontend_source_parallel_round73_20260613_1404/sub-fp8-muldiv-r73,medium,explore,medium,tested_nonwinning,official OK ADP 50976 did not beat current frontend/reference,sub-fp8-muldiv-r73,2026-06-13
ex246,E5M2FN packed multiply high byte times low byte,selected mantissa replacement using common product subfunction over seed12 exact shell,current product-class source for sign/exponent plus exact shared mantissa key function,frontend_source_parallel_round73_20260613_1404/sub-fp8-muldiv-r73,medium,explore,medium,tested_nonwinning,official OK ADP 17640 did not beat current frontend/reference,sub-fp8-muldiv-r73,2026-06-13
ex247,E5M2FN packed low-over-high division,named shared predicate DAG over nan/sign/denzero/numzero/delta/sigpair with quotient clusters,"sign xor, exponent delta, numerator and denominator significands, shared quotient high/low functions",frontend_source_parallel_round73_20260613_1404/sub-fp8-muldiv-r73,medium,explore,medium,tested_nonwinning,official OK ADP 84971 did not beat current frontend/reference,sub-fp8-muldiv-r73,2026-06-13
ex247,E5M2FN packed low-over-high division,selected quotient-high replacement using common delta/sigpair subfunction over boundary-region shell,round8 exact boundary-region source for sign/low bits plus shared quotient-high key function,frontend_source_parallel_round73_20260613_1404/sub-fp8-muldiv-r73,medium,explore,medium,tested_nonwinning,official OK ADP 25920 did not beat current frontend/reference,sub-fp8-muldiv-r73,2026-06-13
ex285,hamming-weight routing source boundary factoring,exact popcount-2 direct source overlay on current exact source,reuse current source for all rows and override only two-hot rows with direct truth outputs,frontend_source_parallel_round73_20260613_1404/sub-unknown-r73,medium,explore,medium,tested_nonwinning,official OK ADP 13685 did not beat current frontend/reference,sub-unknown-r73,2026-06-13
ex285,compact BDD cofactor by alternate outer key,two selected output roots emitted as shared inner ROBDD cofactors under a new raw outer key,one inner-node pool shared across selected outputs and all outer-key cofactors,frontend_source_parallel_round73_20260613_1404/sub-unknown-r73,medium,explore,medium,tested_nonwinning,official OK ADP 27872 did not beat current frontend/reference,sub-unknown-r73,2026-06-13
ex288,hamming-weight routing source boundary factoring,exact popcount-2 direct source overlay on current exact source,reuse current source for all rows and override only two-hot rows with direct truth outputs,frontend_source_parallel_round73_20260613_1404/sub-unknown-r73,medium,explore,medium,tested_nonwinning,official OK ADP 32200 did not beat current frontend/reference,sub-unknown-r73,2026-06-13
ex288,compact BDD cofactor by alternate outer key,two selected output roots emitted as shared inner ROBDD cofactors under a new raw outer key,one inner-node pool shared across selected outputs and all outer-key cofactors,frontend_source_parallel_round73_20260613_1404/sub-unknown-r73,medium,explore,medium,tested_nonwinning,official OK ADP 66453 did not beat current frontend/reference,sub-unknown-r73,2026-06-13
ex297,bounded local selector wrapper for nonzero selector,selector-1 full-word inner cofactor table overlay on current exact source,reuse current source and replace only one nonzero selector branch without duplicating another whole source,frontend_source_parallel_round73_20260613_1404/sub-unknown-r73,medium,explore,medium,tested_nonwinning,official OK ADP 427536 did not beat current frontend/reference,sub-unknown-r73,2026-06-13
ex297,shared local identity/selector PO-cluster replacement,selector-2 selected output-cluster BDD overlay on current exact source,single inner BDD pool replaces only one 2-bit PO cluster under sel==2,frontend_source_parallel_round73_20260613_1404/sub-unknown-r73,high,exploit,medium,tested_promising,official OK improved current ADP to 425648,sub-unknown-r73,2026-06-13
ex299,bounded local selector wrapper for nonzero selector,selector-1 full-word inner cofactor table overlay on current exact source,reuse current source and replace only one nonzero selector branch without duplicating another whole source,frontend_source_parallel_round73_20260613_1404/sub-unknown-r73,medium,explore,medium,tested_nonwinning,official OK ADP 1781460 did not beat current frontend/reference,sub-unknown-r73,2026-06-13
ex299,shared local identity/selector PO-cluster replacement,selector-2 selected output-cluster BDD overlay on current exact source,single inner BDD pool replaces only one 2-bit PO cluster under sel==2,frontend_source_parallel_round73_20260613_1404/sub-unknown-r73,high,exploit,medium,tested_promising,official OK improved current ADP to 1777806,sub-unknown-r73,2026-06-13
ex223,fp16_log,r74_nested_low10_hi7,positive-normal exp-group high-bit run trees plus nested low LUT; special_const_groups=33; special_full_groups=1; special_items=1057; low_width=10; nested_hi=7; nested_lo=3; low...,frontend_source_parallel_round74_20260613_1439/,medium,explore,medium,tested_nonwinning,official OK ADP 234882 did not beat current global frontend best/reference,coordinator-round74,2026-06-13
ex223,fp16_log,r74_flat_low10_hi_runs,positive-normal flat low10 table plus high-bit run trees; special_const_groups=33; special_full_groups=1; special_items=1057; flat_low_width=10; flat_items=30720; const_groups=0...,frontend_source_parallel_round74_20260613_1439/,medium,explore,medium,tested_nonwinning,official OK ADP 245476 did not beat current global frontend best/reference,coordinator-round74,2026-06-13
ex225,fp16_log10,r74_nested_low10_hi7,positive-normal exp-group high-bit run trees plus nested low LUT; special_const_groups=33; special_full_groups=1; special_items=1057; low_width=10; nested_hi=7; nested_lo=3; low...,frontend_source_parallel_round74_20260613_1439/,medium,explore,medium,tested_nonwinning,official OK ADP 262782 did not beat current global frontend best/reference,coordinator-round74,2026-06-13
ex225,fp16_log10,r74_flat_low10_hi_runs,positive-normal flat low10 table plus high-bit run trees; special_const_groups=33; special_full_groups=1; special_items=1057; flat_low_width=10; flat_items=30720; const_groups=0...,frontend_source_parallel_round74_20260613_1439/,medium,explore,medium,tested_nonwinning,official OK ADP 251196 did not beat current global frontend best/reference,coordinator-round74,2026-06-13
ex238,fp16_reciprocal_cube,r74_core_boundary_low13_hi5,"special=semantic reciprocal_cube: exp<=8 signed inf, exp>=20/inf signed zero, NaN canonical; exp_delta_width=2; exp_delta_runs=4; exp_delta_max=3; mant_high=; low_width=10; nest...",frontend_source_parallel_round74_20260613_1439/,medium,explore,medium,tested_nonwinning,official OK ADP 23520 did not beat current global frontend best/reference,coordinator-round74,2026-06-13
ex238,fp16_reciprocal_cube,r74_core_clamp_hi4,"exp_delta_width=2; exp_delta_runs=4; exp_delta_max=3; mant_high=; low_width=10; nested_hi=4; boundary_clamp=exp9 mant<=0x259 inf, exp19 mant>=0x25a zero",frontend_source_parallel_round74_20260613_1439/,medium,explore,medium,tested_nonwinning,official OK ADP 26406 did not beat current global frontend best/reference,coordinator-round74,2026-06-13
ex244,"E4M3FN hypot(abs(high),abs(low))",ex244_field_compare_decode,field-level magnitude compare and decoded field mux before delta BDD,frontend_source_parallel_round74_20260613_1439/sub-fp8-addhyp-r74,medium,explore,medium,tested_nonwinning,official OK ADP 11480 did not beat current global frontend best/reference,sub-fp8-addhyp-r74,2026-06-13
ex244,"E4M3FN hypot(abs(high),abs(low))",ex244_smallgap_key_gated,gate max-eff delta BDD key to zero outside small exponent gaps,frontend_source_parallel_round74_20260613_1439/sub-fp8-addhyp-r74,medium,explore,medium,tested_nonwinning,official OK ADP 15640 did not beat current global frontend best/reference,sub-fp8-addhyp-r74,2026-06-13
ex244,"E4M3FN hypot(abs(high),abs(low))",ex244_case_increment_tail,replace max-plus-delta tail with constant increment and explicit saturation cases,frontend_source_parallel_round74_20260613_1439/sub-fp8-addhyp-r74,medium,explore,medium,tested_nonwinning,official OK ADP 16252 did not beat current global frontend best/reference,sub-fp8-addhyp-r74,2026-06-13
ex244,"E4M3FN hypot(abs(high),abs(low))",ex244_field_compare_key_gated,field-level compare with small-gap gated delta BDD key,frontend_source_parallel_round74_20260613_1439/sub-fp8-addhyp-r74,medium,explore,medium,tested_nonwinning,official OK ADP 14784 did not beat current global frontend best/reference,sub-fp8-addhyp-r74,2026-06-13
ex244,"E4M3FN hypot(abs(high),abs(low))",ex244_field_compare_case_increment,field-level compare plus constant increment saturation tail,frontend_source_parallel_round74_20260613_1439/sub-fp8-addhyp-r74,medium,explore,medium,tested_nonwinning,official OK ADP 15675 did not beat current global frontend best/reference,sub-fp8-addhyp-r74,2026-06-13
ex244,"E4M3FN hypot(abs(high),abs(low))",ex244_field_key_gated_case_increment,field-level compare gated BDD key and constant increment tail,frontend_source_parallel_round74_20260613_1439/sub-fp8-addhyp-r74,medium,explore,medium,tested_nonwinning,official OK ADP 20172 did not beat current global frontend best/reference,sub-fp8-addhyp-r74,2026-06-13
ex249,"E5M2FN hypot(abs(high),abs(low))",ex249_delta_case_attrs,original delta case with full/parallel case attributes,frontend_source_parallel_round74_20260613_1439/sub-fp8-addhyp-r74,medium,explore,medium,tested_nonwinning,official OK ADP 5730 did not beat current global frontend best/reference,sub-fp8-addhyp-r74,2026-06-13
ex249,"E5M2FN hypot(abs(high),abs(low))",ex249_split_delta_pred,split delta table into shared inc1/inc2 predicates,frontend_source_parallel_round74_20260613_1439/sub-fp8-addhyp-r74,medium,explore,medium,tested_nonwinning,official OK ADP 5404 did not beat current global frontend best/reference,sub-fp8-addhyp-r74,2026-06-13
ex249,"E5M2FN hypot(abs(high),abs(low))",ex249_inc_mux_delta_pred,split delta predicates and mux plus-one/plus-two carry paths,frontend_source_parallel_round74_20260613_1439/sub-fp8-addhyp-r74,medium,explore,medium,tested_nonwinning,official OK ADP 6090 did not beat current global frontend best/reference,sub-fp8-addhyp-r74,2026-06-13
ex249,"E5M2FN hypot(abs(high),abs(low))",ex249_effgap_split_delta,effective exponent gap plus split inc predicates,frontend_source_parallel_round74_20260613_1439/sub-fp8-addhyp-r74,medium,explore,medium,tested_nonwinning,official OK ADP 5580 did not beat current global frontend best/reference,sub-fp8-addhyp-r74,2026-06-13
ex249,"E5M2FN hypot(abs(high),abs(low))",ex249_effgap_inc_mux,effective exponent gap with muxed increment paths,frontend_source_parallel_round74_20260613_1439/sub-fp8-addhyp-r74,medium,explore,medium,tested_nonwinning,official OK ADP 5400 did not beat current global frontend best/reference,sub-fp8-addhyp-r74,2026-06-13
ex249,"E5M2FN hypot(abs(high),abs(low))",ex249_direct_carry_delta,split delta predicates with hand-written limited carry incrementer,frontend_source_parallel_round74_20260613_1439/sub-fp8-addhyp-r74,medium,explore,medium,tested_nonwinning,official OK ADP 5432 did not beat current global frontend best/reference,sub-fp8-addhyp-r74,2026-06-13
ex249,"E5M2FN hypot(abs(high),abs(low))",ex249_effgap_direct_carry,effective exponent gap with hand-written limited carry incrementer,frontend_source_parallel_round74_20260613_1439/sub-fp8-addhyp-r74,medium,explore,medium,tested_nonwinning,official OK ADP 5580 did not beat current global frontend best/reference,sub-fp8-addhyp-r74,2026-06-13
ex249,"E5M2FN hypot(abs(high),abs(low))",ex249_or_pred_delta,equality-OR delta predicates for shared inc1/inc2,frontend_source_parallel_round74_20260613_1439/sub-fp8-addhyp-r74,medium,explore,medium,tested_nonwinning,official OK ADP 6634 did not beat current global frontend best/reference,sub-fp8-addhyp-r74,2026-06-13
ex249,"E5M2FN hypot(abs(high),abs(low))",ex249_or_pred_direct_carry,equality-OR delta predicates with hand-written limited carry incrementer,frontend_source_parallel_round74_20260613_1439/sub-fp8-addhyp-r74,medium,explore,medium,tested_nonwinning,official OK ADP 6541 did not beat current global frontend best/reference,sub-fp8-addhyp-r74,2026-06-13
ex245,E5M2FN add high byte plus low byte,ex245_active_table_mux,gate same/diff table use before output mux,frontend_source_parallel_round74_20260613_1439/sub-fp8-addhyp-r74,medium,explore,medium,tested_nonwinning,official OK ADP 26136 did not beat current global frontend best/reference,sub-fp8-addhyp-r74,2026-06-13
ex245,E5M2FN add high byte plus low byte,ex245_selected_mag_function,selected same/diff table inside one function,frontend_source_parallel_round74_20260613_1439/sub-fp8-addhyp-r74,medium,explore,medium,tested_nonwinning,official OK ADP 24956 did not beat current global frontend best/reference,sub-fp8-addhyp-r74,2026-06-13
ex245,E5M2FN add high byte plus low byte,ex245_key_gated_tables,gate same/diff table keys when inactive,frontend_source_parallel_round74_20260613_1439/sub-fp8-addhyp-r74,medium,explore,medium,tested_nonwinning,official OK ADP 31038 did not beat current global frontend best/reference,sub-fp8-addhyp-r74,2026-06-13
ex240,E4M3FN add high byte plus low byte,ex240_field_same_gapcase_split_norm,field-level decode and same-gapcase constants with split diff normalizer parameter tables,frontend_source_parallel_round74_20260613_1439/sub-fp8-addhyp-r74,medium,explore,medium,tested_nonwinning,official OK ADP 29025 did not beat current global frontend best/reference,sub-fp8-addhyp-r74,2026-06-13
ex240,E4M3FN add high byte plus low byte,ex240_field_same_gapcase_case_attrs,field-level decode and same-gapcase constants with case attributes,frontend_source_parallel_round74_20260613_1439/sub-fp8-addhyp-r74,medium,explore,medium,tested_nonwinning,official OK ADP 28845 did not beat current global frontend best/reference,sub-fp8-addhyp-r74,2026-06-13
ex240,E4M3FN add high byte plus low byte,ex240_field_same_gapcase_split_norm_attrs,field-level same-gapcase split norm tables with case attributes,frontend_source_parallel_round74_20260613_1439/sub-fp8-addhyp-r74,medium,explore,medium,tested_nonwinning,official OK ADP 29025 did not beat current global frontend best/reference,sub-fp8-addhyp-r74,2026-06-13
ex240,E4M3FN add high byte plus low byte,ex240_field_compare_case_attrs,field-level decode with case attributes on source tables,frontend_source_parallel_round74_20260613_1439/sub-fp8-addhyp-r74,medium,explore,medium,tested_nonwinning,official OK ADP 30926 did not beat current global frontend best/reference,sub-fp8-addhyp-r74,2026-06-13
ex241,E4M3FN packed multiply high byte times low byte,sigpair_exp_mag_table,"sign xor, effective exponent sum, and direct significand-pair table",frontend_source_parallel_round74_20260613_1439/,medium,explore,medium,tested_nonwinning,official OK ADP 30576 did not beat current global frontend best/reference,coordinator-round74,2026-06-13
ex241,E4M3FN packed multiply high byte times low byte,product_split_exp_mant,"shared product key, split exponent and mantissa output functions",frontend_source_parallel_round74_20260613_1439/,medium,explore,medium,tested_nonwinning,official OK ADP 53200 did not beat current global frontend best/reference,coordinator-round74,2026-06-13
ex246,E5M2FN packed multiply high byte times low byte,sigpair_exp_mag_table,"sign xor, effective exponent sum, and direct significand-pair table",frontend_source_parallel_round74_20260613_1439/,medium,explore,medium,tested_nonwinning,official OK ADP 10507 did not beat current global frontend best/reference,coordinator-round74,2026-06-13
ex246,E5M2FN packed multiply high byte times low byte,product_split_exp_mant,"shared product key, split exponent and mantissa output functions",frontend_source_parallel_round74_20260613_1439/,medium,explore,medium,tested_nonwinning,official OK ADP 25296 did not beat current global frontend best/reference,coordinator-round74,2026-06-13
ex247,E5M2FN packed division low byte over high byte,flat_delta_sigpair_mag,"shared exponent delta and sigpair key, flat exact magnitude table",frontend_source_parallel_round74_20260613_1439/,medium,explore,medium,tested_nonwinning,official OK ADP 25300 did not beat current global frontend best/reference,coordinator-round74,2026-06-13
ex247,E5M2FN packed division low byte over high byte,den_nested_delta_num_mag,"denominator-major nested tables, local delta/numerator residual",frontend_source_parallel_round74_20260613_1439/,medium,explore,medium,tested_nonwinning,official OK ADP 20124 did not beat current global frontend best/reference,coordinator-round74,2026-06-13
ex248,E5M2FN packed fmod low byte modulo high byte,magpair_remainder_table,shared special-case shell and direct magnitude-pair remainder table,frontend_source_parallel_round74_20260613_1439/,medium,explore,medium,tested_nonwinning,official OK ADP 104305 did not beat current global frontend best/reference,coordinator-round74,2026-06-13
ex248,E5M2FN packed fmod low byte modulo high byte,den_group_remainder_table,denominator-major grouped exact remainder tables,frontend_source_parallel_round74_20260613_1439/,medium,explore,medium,tested_nonwinning,official OK ADP 63360 did not beat current global frontend best/reference,coordinator-round74,2026-06-13
ex260,signed_digit2_block_recomposition,2x2 signed digit decomposition with shifted cross products,frontend-only r74; materially distinct source family; current_frontend_adp=1144,frontend_source_parallel_round74_20260613_1439/,medium,explore,medium,tested_nonwinning,official OK ADP 2121 did not beat current global frontend best/reference,coordinator-round74,2026-06-13
ex260,signed_signbit_offset_product,unsigned low3 product plus folded signbit offset correction,frontend-only r74; materially distinct source family; current_frontend_adp=1144,frontend_source_parallel_round74_20260613_1439/,medium,explore,medium,tested_nonwinning,official OK ADP 1804 did not beat current global frontend best/reference,coordinator-round74,2026-06-13
ex265,udiv_parallel_quotient_thresholds,descending q*b threshold ladder,frontend-only r74; materially distinct source family; current_frontend_adp=504,frontend_source_parallel_round74_20260613_1439/,medium,explore,medium,tested_nonwinning,official OK ADP 3100 did not beat current global frontend best/reference,coordinator-round74,2026-06-13
ex265,udiv_divisor_constant_actions,divisor-keyed constant quotient arms,frontend-only r74; materially distinct source family; current_frontend_adp=504,frontend_source_parallel_round74_20260613_1439/,medium,explore,medium,tested_nonwinning,official OK ADP 640 did not beat current global frontend best/reference,coordinator-round74,2026-06-13
ex266,udiv_parallel_quotient_thresholds,descending q*b threshold ladder,frontend-only r74; materially distinct source family; current_frontend_adp=1480,frontend_source_parallel_round74_20260613_1439/,medium,explore,medium,tested_nonwinning,official OK ADP 26896 did not beat current global frontend best/reference,coordinator-round74,2026-06-13
ex266,udiv_divisor_constant_actions,divisor-keyed constant quotient arms,frontend-only r74; materially distinct source family; current_frontend_adp=1480,frontend_source_parallel_round74_20260613_1439/,medium,explore,medium,tested_nonwinning,official OK ADP 3172 did not beat current global frontend best/reference,coordinator-round74,2026-06-13
ex267,udiv_parallel_quotient_thresholds,descending q*b threshold ladder,frontend-only r74; materially distinct source family; current_frontend_adp=4080,frontend_source_parallel_round74_20260613_1439/,medium,explore,medium,tested_nonwinning,official OK ADP 150708 did not beat current global frontend best/reference,coordinator-round74,2026-06-13
ex267,udiv_divisor_constant_actions,divisor-keyed constant quotient arms,frontend-only r74; materially distinct source family; current_frontend_adp=4080,frontend_source_parallel_round74_20260613_1439/,medium,explore,medium,tested_nonwinning,official OK ADP 9197 did not beat current global frontend best/reference,coordinator-round74,2026-06-13
ex270,square_block_decomposition,low4/high4 square plus one cross product,frontend-only r74; materially distinct source family; current_frontend_adp=3230,frontend_source_parallel_round74_20260613_1439/,medium,explore,medium,tested_nonwinning,official OK ADP 5640 did not beat current global frontend best/reference,coordinator-round74,2026-06-13
ex270,square_lowbits_constant_decomposition,low3 square case plus high arithmetic square/cross,frontend-only r74; materially distinct source family; current_frontend_adp=3230,frontend_source_parallel_round74_20260613_1439/,medium,explore,medium,tested_nonwinning,official OK ADP 5832 did not beat current global frontend best/reference,coordinator-round74,2026-06-13
ex273,square_block_decomposition,low7/high7 square plus one cross product,frontend-only r74; materially distinct source family; current_frontend_adp=26301,frontend_source_parallel_round74_20260613_1439/,medium,explore,medium,tested_nonwinning,official OK ADP 55366 did not beat current global frontend best/reference,coordinator-round74,2026-06-13
ex273,square_lowbits_constant_decomposition,low4 square case plus high arithmetic square/cross,frontend-only r74; materially distinct source family; current_frontend_adp=26301,frontend_source_parallel_round74_20260613_1439/,medium,explore,medium,tested_nonwinning,official OK ADP 45936 did not beat current global frontend best/reference,coordinator-round74,2026-06-13
ex274,square_block_decomposition,low8/high8 square plus one cross product,frontend-only r74; materially distinct source family; current_frontend_adp=41370,frontend_source_parallel_round74_20260613_1439/,medium,explore,medium,tested_nonwinning,official OK ADP 76362 did not beat current global frontend best/reference,coordinator-round74,2026-06-13
ex274,square_lowbits_constant_decomposition,low4 square case plus high arithmetic square/cross,frontend-only r74; materially distinct source family; current_frontend_adp=41370,frontend_source_parallel_round74_20260613_1439/,medium,explore,medium,tested_nonwinning,official OK ADP 68418 did not beat current global frontend best/reference,coordinator-round74,2026-06-13
ex276,isqrt_word_priority_thresholds,whole-word descending square threshold priority ladder,frontend-only r74; materially distinct source family; current_frontend_adp=1010,frontend_source_parallel_round74_20260613_1439/,medium,explore,medium,tested_nonwinning,official OK ADP 4260 did not beat current global frontend best/reference,coordinator-round74,2026-06-13
ex276,isqrt_restoring_digit_loop,combinational restoring square-root loop,frontend-only r74; materially distinct source family; current_frontend_adp=1010,frontend_source_parallel_round74_20260613_1439/,medium,explore,medium,tested_nonwinning,official OK ADP 2375 did not beat current global frontend best/reference,coordinator-round74,2026-06-13
ex297,cyclic 2-bit adjacent selector output-cluster overlay,pairsel current source with selector-2/3 adjacent PO clusters borrowed from sel2-cluster source,current paired selector/cell template plus one adjacent-selector predicate and two selected output clusters,frontend_source_parallel_round74_20260613_1439/sub-unknown-rot2-r74,medium,explore,medium,tested_nonwinning,official OK ADP 426224 did not beat current global frontend best/reference,sub-unknown-rot2-r74,2026-06-13
ex297,cyclic 2-bit pair-xor cell-local hybrid,pairsel current source with cell-local template selected per output cell by adjacent selector xor,paired selector/cell template plus cell-local inversion source under per-cell selector-pair predicates,frontend_source_parallel_round74_20260613_1439/sub-unknown-rot2-r74,medium,explore,medium,tested_nonwinning,official OK ADP 425744 did not beat current global frontend best/reference,sub-unknown-rot2-r74,2026-06-13
ex299,cyclic 2-bit adjacent selector output-cluster overlay,sel2-cluster current source with adjacent selector-2/3 PO clusters borrowed from cell-local source,sel2 cluster BDD current source plus adjacent selector predicate and two cell-local selected clusters,frontend_source_parallel_round74_20260613_1439/sub-unknown-rot2-r74,medium,explore,medium,tested_nonwinning,official OK ADP 1778958 did not beat current global frontend best/reference,sub-unknown-rot2-r74,2026-06-13
ex299,cyclic 2-bit pair-xor pairsel hybrid,sel2-cluster current source with pairsel template selected per output cell by adjacent selector xor,sel2 cluster BDD source plus paired selector/cell-bit template roots under per-cell selector-pair predicates,frontend_source_parallel_round74_20260613_1439/sub-unknown-rot2-r74,medium,explore,medium,tested_nonwinning,official OK ADP 1778220 did not beat current global frontend best/reference,sub-unknown-rot2-r74,2026-06-13
ex285,hamming-weight routing boundary-state factoring,exact popcount-3 direct source overlay on current exact source,reuse current source and override only three-hot boundary rows,frontend_source_parallel_round74_20260613_1439/sub-unknown-route-state-r74,medium,explore,medium,tested_nonwinning,official OK ADP 14195 did not beat current global frontend best/reference,sub-unknown-route-state-r74,2026-06-13
ex285,route-state selected PO cofactor sharing,four edge/route output roots emitted as shared inner ROBDD cofactors under a new raw outer key,one inner BDD node pool shared across four selected outputs and all outer-key cofactors,frontend_source_parallel_round74_20260613_1439/sub-unknown-route-state-r74,medium,explore,medium,tested_nonwinning,official OK ADP 20640 did not beat current global frontend best/reference,sub-unknown-route-state-r74,2026-06-13
ex288,hamming-weight routing boundary-state factoring,exact popcount-3 direct source overlay on current exact source,reuse current source and override only three-hot boundary rows,frontend_source_parallel_round74_20260613_1439/sub-unknown-route-state-r74,medium,explore,medium,tested_nonwinning,official OK ADP 34350 did not beat current global frontend best/reference,sub-unknown-route-state-r74,2026-06-13
ex288,route-state selected PO cofactor sharing,four edge/route output roots emitted as shared inner ROBDD cofactors under a new raw outer key,one inner BDD node pool shared across four selected outputs and all outer-key cofactors,frontend_source_parallel_round74_20260613_1439/sub-unknown-route-state-r74,medium,explore,medium,tested_nonwinning,official OK ADP 90000 did not beat current global frontend best/reference,sub-unknown-route-state-r74,2026-06-13
ex292,global state/permutation-like transform root regrouping,mod5 output residue-plane BDD pools with center-out input order,separate exact BDD node pools per output group to expose root-local sharing without stride-2 descriptor keys,frontend_source_parallel_round74_20260613_1439/sub-unknown-route-state-r74,medium,explore,medium,tested_nonwinning,official OK ADP 846101 did not beat current global frontend best/reference,sub-unknown-route-state-r74,2026-06-13
ex292,global state/permutation-like transform root regrouping,mirrored edge/center output-pair BDD pools with mixed outside-center input order,separate exact BDD node pools per output group to expose root-local sharing without stride-2 descriptor keys,frontend_source_parallel_round74_20260613_1439/sub-unknown-route-state-r74,medium,explore,medium,tested_nonwinning,official OK ADP 435886 did not beat current global frontend best/reference,sub-unknown-route-state-r74,2026-06-13
ex294,global state/permutation-like transform root regrouping,mod4 output residue-plane BDD pools with outside-in input order,separate exact BDD node pools per output group to expose root-local sharing without stride-2 descriptor keys,frontend_source_parallel_round74_20260613_1439/sub-unknown-route-state-r74,medium,explore,medium,tested_nonwinning,official OK ADP 249619 did not beat current global frontend best/reference,sub-unknown-route-state-r74,2026-06-13
ex294,global state/permutation-like transform root regrouping,mirrored edge/center output-pair BDD pools with center-out input order,separate exact BDD node pools per output group to expose root-local sharing without stride-2 descriptor keys,frontend_source_parallel_round74_20260613_1439/sub-unknown-route-state-r74,medium,explore,medium,tested_nonwinning,official OK ADP 3869046 did not beat current global frontend best/reference,sub-unknown-route-state-r74,2026-06-13
ex266,udiv selected q4 semantic override,current cofactor wordmux low bits plus exact q4 formula,shared current cofactor wordmux for q3:q0 and simple dbz or b1 q4 predicate,frontend_source_parallel_round74_20260613_1438/sub-fp16-int-hybrid-r74,medium,explore,medium,tested_nonwinning,official OK ADP 1836 did not beat current frontend/reference,sub-fp16-int-hybrid-r74,2026-06-13
ex240,E4M3FN packed add source hybrid,action sign plus r64 selected-output high magnitude plus r68 formula low bits,three exact source families sliced as sign/high/low producers over shared input field decode,frontend_source_parallel_round74_20260613_1438/sub-fp8-mid-hybrid-r74,medium,explore,medium,tested_nonwinning,official OK ADP 30080 did not beat current frontend/reference,sub-fp8-mid-hybrid-r74,2026-06-13
ex240,E4M3FN packed add source hybrid,r64 sign plus r68 direct-cancel high magnitude plus action low bits,three exact source families sliced as sign/high/low producers over shared input field decode,frontend_source_parallel_round74_20260613_1438/sub-fp8-mid-hybrid-r74,medium,explore,medium,tested_nonwinning,official OK ADP 28575 did not beat current frontend/reference,sub-fp8-mid-hybrid-r74,2026-06-13
ex241,E4M3FN packed multiply high byte times low byte source hybrid,action sign plus nested product high magnitude plus shared-wire low bits,three exact product source families sliced as sign/high/low producers over shared sign/exp/product semantics,frontend_source_parallel_round74_20260613_1438/sub-fp8-mid-hybrid-r74,medium,explore,medium,tested_nonwinning,official OK ADP 17760 did not beat current frontend/reference,sub-fp8-mid-hybrid-r74,2026-06-13
ex241,E4M3FN packed multiply high byte times low byte source hybrid,shared-wire sign plus action high magnitude plus nested product low bits,three exact product source families sliced as sign/high/low producers over shared sign/exp/product semantics,frontend_source_parallel_round74_20260613_1438/sub-fp8-mid-hybrid-r74,medium,explore,medium,tested_nonwinning,official OK ADP 19705 did not beat current frontend/reference,sub-fp8-mid-hybrid-r74,2026-06-13
ex245,E5M2FN packed add source hybrid,action sign plus active-table high magnitude plus gap-class low bits,three exact E5M2 add source families sliced as sign/high/low producers over sorted field decode,frontend_source_parallel_round74_20260613_1438/sub-fp8-mid-hybrid-r74,medium,explore,medium,tested_nonwinning,official OK ADP 24955 did not beat current frontend/reference,sub-fp8-mid-hybrid-r74,2026-06-13
ex245,E5M2FN packed add source hybrid,active-table sign plus gap-class high magnitude plus action low bits,three exact E5M2 add source families sliced as sign/high/low producers over sorted field decode,frontend_source_parallel_round74_20260613_1438/sub-fp8-mid-hybrid-r74,medium,explore,medium,tested_nonwinning,official OK ADP 25200 did not beat current frontend/reference,sub-fp8-mid-hybrid-r74,2026-06-13
ex244,E4M3FN packed hypot abs high low,source_hybrid_field_select_a_upper_b_lower,upper_out_maxeff_delta_bdd_expfirst_lower_out_shared_truth_bdd_interleaved_with_yosys_pruned_unused_cones,frontend_source_parallel_round74_20260613_1438/sub-fp8-worst-hybrid-r74,medium,explore,medium,tested_nonwinning,official OK ADP 11592 did not beat current frontend/reference,sub-fp8-worst-hybrid-r74,2026-06-13
ex244,E4M3FN packed hypot abs high low,source_hybrid_field_select_b_upper_a_lower,upper_out_shared_truth_bdd_interleaved_lower_out_maxeff_delta_bdd_expfirst_with_yosys_pruned_unused_cones,frontend_source_parallel_round74_20260613_1438/sub-fp8-worst-hybrid-r74,medium,explore,medium,tested_nonwinning,official OK ADP 12099 did not beat current frontend/reference,sub-fp8-worst-hybrid-r74,2026-06-13
ex246,E5M2FN packed multiply high byte times low byte,source_hybrid_field_select_a_upper_b_lower,upper_out_product_seed12_lower_out_sigprodcode_factored_with_yosys_pruned_unused_cones,frontend_source_parallel_round74_20260613_1438/sub-fp8-worst-hybrid-r74,medium,explore,medium,tested_nonwinning,official OK ADP 8717 did not beat current frontend/reference,sub-fp8-worst-hybrid-r74,2026-06-13
ex246,E5M2FN packed multiply high byte times low byte,source_hybrid_field_select_b_upper_a_lower,upper_out_sigprodcode_factored_lower_out_product_seed12_with_yosys_pruned_unused_cones,frontend_source_parallel_round74_20260613_1438/sub-fp8-worst-hybrid-r74,medium,explore,medium,tested_nonwinning,official OK ADP 8616 did not beat current frontend/reference,sub-fp8-worst-hybrid-r74,2026-06-13
ex247,E5M2FN packed division low byte over high byte,source_hybrid_field_select_a_upper_b_lower,upper_out_boundary_region_mux_lower_out_qclass_smallpat_nested_den_with_yosys_pruned_unused_cones,frontend_source_parallel_round74_20260613_1438/sub-fp8-worst-hybrid-r74,medium,explore,medium,tested_nonwinning,official OK ADP 12630 did not beat current frontend/reference,sub-fp8-worst-hybrid-r74,2026-06-13
ex247,E5M2FN packed division low byte over high byte,source_hybrid_field_select_b_upper_a_lower,upper_out_qclass_smallpat_nested_den_lower_out_boundary_region_mux_with_yosys_pruned_unused_cones,frontend_source_parallel_round74_20260613_1438/sub-fp8-worst-hybrid-r74,medium,explore,medium,tested_nonwinning,official OK ADP 13110 did not beat current frontend/reference,sub-fp8-worst-hybrid-r74,2026-06-13
ex249,E5M2FN packed hypot abs high low,source_hybrid_field_select_a_upper_b_lower,upper_out_rawexp_threshold_lower_out_delta_bdd_keymajor_with_yosys_pruned_unused_cones,frontend_source_parallel_round74_20260613_1438/sub-fp8-worst-hybrid-r74,medium,explore,medium,tested_nonwinning,official OK ADP 17815 did not beat current frontend/reference,sub-fp8-worst-hybrid-r74,2026-06-13
ex249,E5M2FN packed hypot abs high low,source_hybrid_field_select_b_upper_a_lower,upper_out_delta_bdd_keymajor_lower_out_rawexp_threshold_with_yosys_pruned_unused_cones,frontend_source_parallel_round74_20260613_1438/sub-fp8-worst-hybrid-r74,medium,explore,medium,tested_nonwinning,official OK ADP 17136 did not beat current frontend/reference,sub-fp8-worst-hybrid-r74,2026-06-13
ex297,cyclic 2-bit selector template hybrid,r73 pairsel cell/bit template with selector-2 cluster-BDD PO roots for one cell,pairsel template drives most outputs; r73 sel2 cluster source drives only output bits 10 and 11,frontend_source_parallel_round74_20260613_1438/sub-unknown-hybrid-r74,medium,explore,medium,tested_nonwinning,official OK ADP 425872 did not beat current frontend/reference,sub-unknown-hybrid-r74,2026-06-13
ex297,cyclic 2-bit local-inversion edge template hybrid,r73 pairsel template with edge cell POs from r73 cell-local inversion source,pairsel template drives middle cells; cell-local inversion source drives both edge cell output pairs,frontend_source_parallel_round74_20260613_1438/sub-unknown-hybrid-r74,medium,explore,medium,tested_nonwinning,official OK ADP 426560 did not beat current frontend/reference,sub-unknown-hybrid-r74,2026-06-13
ex299,cyclic 2-bit selector/local inversion template hybrid,r73 sel2 cluster source for its winning cluster and cell-local inversion source for the other POs,selector-2 BDD roots keep bits 8/9; cell-local inversion template drives all remaining output pairs,frontend_source_parallel_round74_20260613_1438/sub-unknown-hybrid-r74,medium,explore,medium,tested_nonwinning,official OK ADP 1777860 did not beat current frontend/reference,sub-unknown-hybrid-r74,2026-06-13
ex299,cyclic 2-bit selector pair-template hybrid,r73 sel2 cluster source for its winning cluster and r73 pairsel cell/bit template for the other POs,selector-2 BDD roots keep bits 8/9; pairsel source drives all remaining output pairs,frontend_source_parallel_round74_20260613_1438/sub-unknown-hybrid-r74,medium,explore,medium,tested_nonwinning,official OK ADP 1778940 did not beat current frontend/reference,sub-unknown-hybrid-r74,2026-06-13
ex225,fp16_log10,"hi12_runs_low12_mtbdd; high bits as per-exp run trees, low12 as shared MTBDD",shared special/non-positive shell plus output-grouped low MTBDD residual,frontend_source_parallel_round75_20260613_1507/sub-fp16-r75,medium,explore,medium,tested_nonwinning,official OK ADP 279744 did not beat current frontend/reference,sub-fp16-r75,2026-06-13
ex225,fp16_log10,"hi8_runs_low8_mtbdd; high bits as per-exp run trees, low8 as shared MTBDD",shared special/non-positive shell plus output-grouped low MTBDD residual,frontend_source_parallel_round75_20260613_1507/sub-fp16-r75,medium,explore,medium,tested_nonwinning,official OK ADP 278856 did not beat current frontend/reference,sub-fp16-r75,2026-06-13
ex223,fp16_log,"hi12_runs_low12_mtbdd; high bits as per-exp run trees, low12 as shared MTBDD",shared special/non-positive shell plus output-grouped low MTBDD residual,frontend_source_parallel_round75_20260613_1507/sub-fp16-r75,medium,explore,medium,tested_nonwinning,official OK ADP 280275 did not beat current frontend/reference,sub-fp16-r75,2026-06-13
ex223,fp16_log,"hi8_runs_low8_mtbdd; high bits as per-exp run trees, low8 as shared MTBDD",shared special/non-positive shell plus output-grouped low MTBDD residual,frontend_source_parallel_round75_20260613_1507/sub-fp16-r75,medium,explore,medium,tested_nonwinning,official OK ADP 271584 did not beat current frontend/reference,sub-fp16-r75,2026-06-13
ex249,"E5M2FN hypot abs(high,low)",PO-clustered nan/saturation/output tail over raw-exp threshold source,shared raw exponent gap0/gap1 threshold delta table,frontend_source_parallel_round75_20260613_1507/sub-fp8-mid-r75,medium,explore,medium,tested_nonwinning,official OK ADP 5481 did not beat current frontend/reference,sub-fp8-mid-r75,2026-06-13
ex249,"E5M2FN hypot abs(high,low)",effective-gap active shell retaining original delta table,shared max/min decode with a single active-gap predicate,frontend_source_parallel_round75_20260613_1507/sub-fp8-mid-r75,medium,explore,medium,tested_nonwinning,official OK ADP 6052 did not beat current frontend/reference,sub-fp8-mid-r75,2026-06-13
ex241,E4M3FN packed multiply high byte times low byte,explicit zero-product shell around compact product table,shared sign xor effective exponent sum and significand product,frontend_source_parallel_round75_20260613_1507/sub-fp8-mid-r75,medium,explore,medium,tested_nonwinning,official OK ADP 16590 did not beat current frontend/reference,sub-fp8-mid-r75,2026-06-13
ex241,E4M3FN packed multiply high byte times low byte,PO-clustered high/low output over compact product table,shared product/exponent shell with output clusters,frontend_source_parallel_round75_20260613_1507/sub-fp8-mid-r75,medium,explore,medium,tested_nonwinning,official OK ADP 16740 did not beat current frontend/reference,sub-fp8-mid-r75,2026-06-13
ex240,E4M3FN packed add high byte plus low byte,inline selected sign/magnitude output mux,shared r64 sorted field decode and compact diff normalizer,frontend_source_parallel_round75_20260613_1507/sub-fp8-mid-r75,medium,explore,medium,tested_nonwinning,official OK ADP 28845 did not beat current frontend/reference,sub-fp8-mid-r75,2026-06-13
ex240,E4M3FN packed add high byte plus low byte,PO-clustered sign and magnitude tail over r64 source,shared same-sign GRS path plus diff-sign local normalizer,frontend_source_parallel_round75_20260613_1507/sub-fp8-mid-r75,medium,explore,medium,tested_nonwinning,official OK ADP 28845 did not beat current frontend/reference,sub-fp8-mid-r75,2026-06-13
ex245,E5M2FN packed add high byte plus low byte,explicit zero-pair shell around small-gap class formula,shared sorted E5M2 field decode and same/diff active-region class formulas,frontend_source_parallel_round75_20260613_1507/sub-fp8-mid-r75,medium,explore,medium,tested_nonwinning,official OK ADP 25690 did not beat current frontend/reference,sub-fp8-mid-r75,2026-06-13
ex245,E5M2FN packed add high byte plus low byte,PO-clustered exponent/mantissa output over gap-class source,shared small-gap same/diff residual with separated output clusters,frontend_source_parallel_round75_20260613_1507/sub-fp8-mid-r75,medium,explore,medium,tested_nonwinning,official OK ADP 25534 did not beat current frontend/reference,sub-fp8-mid-r75,2026-06-13
ex247,E5M2FN packed division low byte over high byte,ex247_r75_shell_low2_cluster,denominator-bound region shell with low two quotient bits isolated as an explicit local cluster,frontend_source_parallel_round75_20260613_1507/sub-fp8-worst-r75,medium,explore,medium,tested_nonwinning,official OK ADP 8808 did not beat current frontend/reference,sub-fp8-worst-r75,2026-06-13
ex247,E5M2FN packed division low byte over high byte,ex247_r75_shell_hi5_cluster,denominator-bound region shell with high five quotient bits isolated as an explicit local cluster,frontend_source_parallel_round75_20260613_1507/sub-fp8-worst-r75,medium,explore,medium,tested_nonwinning,official OK ADP 8808 did not beat current frontend/reference,sub-fp8-worst-r75,2026-06-13
ex246,E5M2FN packed multiply high byte times low byte,ex246_r75_shell_mant2_cluster,seed12 product shell with mantissa output isolated as an explicit local cluster,frontend_source_parallel_round75_20260613_1507/sub-fp8-worst-r75,medium,explore,medium,tested_nonwinning,official OK ADP 8520 did not beat current frontend/reference,sub-fp8-worst-r75,2026-06-13
ex246,E5M2FN packed multiply high byte times low byte,ex246_r75_shell_exp5_cluster,seed12 product shell with exponent output isolated as an explicit local cluster,frontend_source_parallel_round75_20260613_1507/sub-fp8-worst-r75,medium,explore,medium,tested_nonwinning,official OK ADP 8520 did not beat current frontend/reference,sub-fp8-worst-r75,2026-06-13
ex244,"E4M3FN packed hypot abs(high),abs(low)",ex244_r75_delta_low2_graft,known max-eff delta shell with low two output bits rebuilt by a bounded saturating-add cluster,frontend_source_parallel_round75_20260613_1507/sub-fp8-worst-r75,medium,explore,medium,tested_nonwinning,official OK ADP 12062 did not beat current frontend/reference,sub-fp8-worst-r75,2026-06-13
ex244,"E4M3FN packed hypot abs(high),abs(low)",ex244_r75_delta_high5_graft,known max-eff delta shell with high five magnitude bits rebuilt by a bounded saturating-add cluster,frontend_source_parallel_round75_20260613_1507/sub-fp8-worst-r75,medium,explore,medium,tested_nonwinning,official OK ADP 12025 did not beat current frontend/reference,sub-fp8-worst-r75,2026-06-13
ex260,signed low4_high4:a*b,Baugh-Wooley partial-product compressor with carry-select final merge group2,shared complemented sign row/column partial products plus carry-select suffix,frontend_source_parallel_round75_20260613_1507/sub-integer-r75,medium,explore,medium,tested_nonwinning,official OK ADP 1380 did not beat current frontend/reference,sub-integer-r75,2026-06-13
ex260,signed low4_high4:a*b,Baugh-Wooley partial-product compressor with carry-select final merge group2,shared complemented sign row/column partial products plus carry-select suffix,frontend_source_parallel_round75_20260613_1507/sub-integer-r75,medium,explore,medium,tested_nonwinning,official OK ADP 1274 did not beat current frontend/reference,sub-integer-r75,2026-06-13
ex260,signed low4_high4:a*b,Baugh-Wooley partial-product compressor with carry-select final merge group3,shared complemented sign row/column partial products plus carry-select suffix,frontend_source_parallel_round75_20260613_1507/sub-integer-r75,medium,explore,medium,tested_nonwinning,official OK ADP 1440 did not beat current frontend/reference,sub-integer-r75,2026-06-13
ex260,signed low4_high4:a*b,Baugh-Wooley partial-product compressor with carry-select final merge group3,shared complemented sign row/column partial products plus carry-select suffix,frontend_source_parallel_round75_20260613_1507/sub-integer-r75,medium,explore,medium,tested_nonwinning,official OK ADP 1274 did not beat current frontend/reference,sub-integer-r75,2026-06-13
ex260,signed low4_high4:a*b,Baugh-Wooley partial-product compressor with carry-select final merge group4,shared complemented sign row/column partial products plus carry-select suffix,frontend_source_parallel_round75_20260613_1507/sub-integer-r75,medium,explore,medium,tested_nonwinning,official OK ADP 1222 did not beat current frontend/reference,sub-integer-r75,2026-06-13
ex260,signed low4_high4:a*b,Baugh-Wooley partial-product compressor with carry-select final merge group4,shared complemented sign row/column partial products plus carry-select suffix,frontend_source_parallel_round75_20260613_1507/sub-integer-r75,medium,explore,medium,tested_nonwinning,official OK ADP 1425 did not beat current frontend/reference,sub-integer-r75,2026-06-13
ex260,signed low4_high4:a*b,radix-4 Booth rows with CSA and CLA final merge,shared Booth recoder and +/-a/+/-2a partial products,frontend_source_parallel_round75_20260613_1507/sub-integer-r75,medium,explore,medium,tested_nonwinning,official OK ADP 1632 did not beat current frontend/reference,sub-integer-r75,2026-06-13
ex260,signed low4_high4:a*b,radix-4 Booth rows with CSA and CLA final merge,shared Booth recoder and +/-a/+/-2a partial products,frontend_source_parallel_round75_20260613_1507/sub-integer-r75,medium,explore,medium,tested_nonwinning,official OK ADP 1632 did not beat current frontend/reference,sub-integer-r75,2026-06-13
ex266,unsigned low5_high5:a/b dbz=max,"{b[4:3],a[4]} cofactor quotient classifier with complemented local BDD wordmux",shared magnitude cofactor selector and one quotient-word mux,frontend_source_parallel_round75_20260613_1507/sub-integer-r75,medium,explore,medium,tested_nonwinning,official OK ADP 1836 did not beat current frontend/reference,sub-integer-r75,2026-06-13
ex266,unsigned low5_high5:a/b dbz=max,"{b[4:3],a[4]} cofactor quotient classifier with complemented local BDD wordmux",shared magnitude cofactor selector and one quotient-word mux,frontend_source_parallel_round75_20260613_1507/sub-integer-r75,medium,explore,medium,tested_nonwinning,official OK ADP 1628 did not beat current frontend/reference,sub-integer-r75,2026-06-13
ex266,unsigned low5_high5:a/b dbz=max,"{b[4:3],a[4]} cofactor quotient classifier with tree local BDD wordmux",shared magnitude cofactor selector and one quotient-word mux,frontend_source_parallel_round75_20260613_1507/sub-integer-r75,medium,explore,medium,tested_nonwinning,official OK ADP 1860 did not beat current frontend/reference,sub-integer-r75,2026-06-13
ex266,unsigned low5_high5:a/b dbz=max,"{b[4:3],a[4]} cofactor quotient classifier with tree local BDD wordmux",shared magnitude cofactor selector and one quotient-word mux,frontend_source_parallel_round75_20260613_1507/sub-integer-r75,medium,explore,medium,tested_nonwinning,official OK ADP 1776 did not beat current frontend/reference,sub-integer-r75,2026-06-13
ex266,unsigned low5_high5:a/b dbz=max,radix-4 top-two quotient digit shift/subtract recurrence,shared shifted divisor trial subtract states,frontend_source_parallel_round75_20260613_1507/sub-integer-r75,medium,explore,medium,tested_nonwinning,official OK ADP 3128 did not beat current frontend/reference,sub-integer-r75,2026-06-13
ex266,unsigned low5_high5:a/b dbz=max,radix-4 top-two quotient digit shift/subtract recurrence,shared shifted divisor trial subtract states,frontend_source_parallel_round75_20260613_1507/sub-integer-r75,medium,explore,medium,tested_nonwinning,official OK ADP 3220 did not beat current frontend/reference,sub-integer-r75,2026-06-13
ex266,unsigned low5_high5:a/b dbz=max,narrow shift/subtract quotient recurrence,shared serial remainder and trial subtract chain,frontend_source_parallel_round75_20260613_1507/sub-integer-r75,medium,explore,medium,tested_nonwinning,official OK ADP 2492 did not beat current frontend/reference,sub-integer-r75,2026-06-13
ex266,unsigned low5_high5:a/b dbz=max,narrow shift/subtract quotient recurrence,shared serial remainder and trial subtract chain,frontend_source_parallel_round75_20260613_1507/sub-integer-r75,medium,explore,medium,tested_nonwinning,official OK ADP 2464 did not beat current frontend/reference,sub-integer-r75,2026-06-13
ex297,cyclic 2-bit selector/cell transform,unconditional selected PO cluster source substitution,pairsel template drives most outputs; sel2 BDD source drives one mid cluster without selector branch mux,frontend_source_parallel_round75_20260613_1507/sub-unknown-r75,medium,explore,medium,tested_nonwinning,official OK ADP 425872 did not beat current frontend/reference,sub-unknown-r75,2026-06-13
ex297,cyclic 2-bit selector/cell transform,unconditional dual PO cluster source substitution,pairsel template drives low/tail outputs; sel2 BDD source drives two high-impact middle clusters,frontend_source_parallel_round75_20260613_1507/sub-unknown-r75,medium,explore,medium,tested_nonwinning,official OK ADP 426320 did not beat current frontend/reference,sub-unknown-r75,2026-06-13
ex299,cyclic 2-bit selector/cell transform,sel2 source with pairsel tail cluster substitution,sel2 cluster source drives most outputs; pairsel source drives only tail cluster,frontend_source_parallel_round75_20260613_1507/sub-unknown-r75,medium,explore,medium,tested_nonwinning,official OK ADP 1779426 did not beat current frontend/reference,sub-unknown-r75,2026-06-13
ex299,cyclic 2-bit selector/cell transform,sel2 source with pairsel edge-cluster substitution,sel2 BDD current source keeps winning mid cluster; pairsel roots drive both edge clusters,frontend_source_parallel_round75_20260613_1507/sub-unknown-r75,medium,explore,medium,tested_nonwinning,official OK ADP 1777986 did not beat current frontend/reference,sub-unknown-r75,2026-06-13
ex285,hamming-weight routing descriptors,decision-tree base with selected symcof route edge roots,current decision tree keeps central outputs; symcof route descriptor drives edge route bits,frontend_source_parallel_round75_20260613_1507/sub-unknown-r75,medium,explore,medium,tested_nonwinning,official OK ADP 16016 did not beat current frontend/reference,sub-unknown-r75,2026-06-13
ex285,permutation/routing normalizer with shared delta descriptors,decision-tree base with selected delta-coordinate lane roots,tree source drives most outputs; delta-coordinate BDD roots drive lane parity-adjacent bits,frontend_source_parallel_round75_20260613_1507/sub-unknown-r75,medium,explore,medium,tested_nonwinning,official OK ADP 25859 did not beat current frontend/reference,sub-unknown-r75,2026-06-13
ex288,route-class selected tiny output roots,key-BDD current base with selected delta-coordinate lane roots,current key-BDD selected source keeps low-delay structure; delta roots drive four lane-class bits,frontend_source_parallel_round75_20260613_1507/sub-unknown-r75,medium,explore,medium,tested_nonwinning,official OK ADP 79557 did not beat current frontend/reference,sub-unknown-r75,2026-06-13
ex288,route-class selected tiny output roots,key-BDD current base with selected multipair symcof edge roots,key-BDD selected bit source keeps current low delay; multipair symcof roots drive edge route class bits,frontend_source_parallel_round75_20260613_1507/sub-unknown-r75,medium,explore,medium,tested_nonwinning,official OK ADP 31598 did not beat current frontend/reference,sub-unknown-r75,2026-06-13
ex223,fp16_log_special_nested_minimality_recheck,low14_hi5_nested_lut_with_manual_sign_and_bit14,direct special class shell plus manual high-bit thresholds and nested low table,frontend_source_parallel_round75_20260613_1450/sub-fp16-redesc-r75,medium,explore,medium,tested_nonwinning,official OK ADP 204668 did not beat current frontend/reference,sub-fp16-redesc-r75,2026-06-13
ex223,fp16_log_sparse_residual_minimality_recheck,sparse_low14_hi5_residual_defaults_with_manual_sign_and_bit14,direct special class shell plus manual high-bit thresholds and sparse residual defaults,frontend_source_parallel_round75_20260613_1450/sub-fp16-redesc-r75,medium,explore,medium,tested_nonwinning,official OK ADP 203965 did not beat current frontend/reference,sub-fp16-redesc-r75,2026-06-13
ex225,fp16_log10_sparse_residual_minimality_recheck,sparse_low14_hi5_residual_defaults_with_run_high_bits,direct special class shell plus high-bit run trees and sparse residual defaults,frontend_source_parallel_round75_20260613_1450/sub-fp16-redesc-r75,medium,explore,medium,tested_nonwinning,official OK ADP 219203 did not beat current frontend/reference,sub-fp16-redesc-r75,2026-06-13
ex225,fp16_log10_sparse_residual_minimality_recheck,sparse_low14_hi5_residual_defaults_with_manual_sign_only,direct special class shell plus manual sign predicate and sparse residual defaults,frontend_source_parallel_round75_20260613_1450/sub-fp16-redesc-r75,medium,explore,medium,tested_nonwinning,official OK ADP 218975 did not beat current frontend/reference,sub-fp16-redesc-r75,2026-06-13
ex225,fp16_log10_sparse_residual_minimality_recheck,sparse_low14_hi5_residual_defaults_with_manual_sign_and_bit14,direct special class shell plus manual high-bit thresholds and sparse residual defaults,frontend_source_parallel_round75_20260613_1450/sub-fp16-redesc-r75,medium,explore,medium,tested_nonwinning,official OK ADP 231440 did not beat current frontend/reference,sub-fp16-redesc-r75,2026-06-13
ex225,fp16_log10_special_nested_minimality_recheck,low12_hi5_nested_lut_with_run_high_bits,direct special class shell plus high-bit run trees and nested low table,frontend_source_parallel_round75_20260613_1450/sub-fp16-redesc-r75,medium,explore,medium,tested_nonwinning,official OK ADP 219089 did not beat current frontend/reference,sub-fp16-redesc-r75,2026-06-13
ex225,fp16_log10_special_nested_minimality_recheck,low12_hi5_nested_lut_with_manual_sign_only,direct special class shell plus manual sign predicate and nested low table,frontend_source_parallel_round75_20260613_1450/sub-fp16-redesc-r75,medium,explore,medium,tested_nonwinning,official OK ADP 219260 did not beat current frontend/reference,sub-fp16-redesc-r75,2026-06-13
ex225,fp16_log10_special_nested_minimality_recheck,low13_hi5_nested_lut_with_manual_bits15_14_13,direct special class shell plus manual high-bit thresholds and nested low table,frontend_source_parallel_round75_20260613_1450/sub-fp16-redesc-r75,medium,explore,medium,tested_nonwinning,official OK ADP 219507 did not beat current frontend/reference,sub-fp16-redesc-r75,2026-06-13
ex240,E4M3FN packed add high byte plus low byte,ex240_r75_final_packed_mux,replace helper final sign/mag selectors and split assigns with one packed output mux,frontend_source_parallel_round75_20260613_1450/sub-fp8-addhypot-redesc-r75,medium,explore,medium,tested_nonwinning,official OK ADP 29025 did not beat current frontend/reference,sub-fp8-addhypot-redesc-r75,2026-06-13
ex240,E4M3FN packed add high byte plus low byte,ex240_r75_diff_gapcase_final_mux,case-decode diff alignment action plus packed final sign/mag mux,frontend_source_parallel_round75_20260613_1450/sub-fp8-addhypot-redesc-r75,medium,explore,medium,tested_nonwinning,official OK ADP 28728 did not beat current frontend/reference,sub-fp8-addhypot-redesc-r75,2026-06-13
ex244,"E4M3FN packed hypot abs(high,low)",ex244_r75_valid_delta_bits,gate individual max-plus-delta bits with the small-gap predicate after the exact delta BDD,frontend_source_parallel_round75_20260613_1450/sub-fp8-addhypot-redesc-r75,medium,explore,medium,tested_nonwinning,official OK ADP 12388 did not beat current frontend/reference,sub-fp8-addhypot-redesc-r75,2026-06-13
ex244,"E4M3FN packed hypot abs(high,low)",ex244_r75_field_valid_delta_bits,field-level max/min decode plus individual valid-gated delta bits,frontend_source_parallel_round75_20260613_1450/sub-fp8-addhypot-redesc-r75,medium,explore,medium,tested_nonwinning,official OK ADP 11480 did not beat current frontend/reference,sub-fp8-addhypot-redesc-r75,2026-06-13
ex245,E5M2FN packed add high byte plus low byte,ex245_r75_field_active_mux,direct E5 field compare/decode plus active same/diff table gating before output mux,frontend_source_parallel_round75_20260613_1450/sub-fp8-addhypot-redesc-r75,medium,explore,medium,tested_nonwinning,official OK ADP 22971 did not beat current frontend/reference,sub-fp8-addhypot-redesc-r75,2026-06-13
ex245,E5M2FN packed add high byte plus low byte,ex245_r75_field_keyed_tables,direct E5 field compare/decode plus inactive-key suppression for same/diff tables,frontend_source_parallel_round75_20260613_1450/sub-fp8-addhypot-redesc-r75,medium,explore,medium,tested_nonwinning,official OK ADP 27216 did not beat current frontend/reference,sub-fp8-addhypot-redesc-r75,2026-06-13
ex249,"E5M2FN packed hypot abs(high,low)",ex249_r75_active_key_delta_case,active-gap key gating before the original 2-bit delta case and shared saturation guard,frontend_source_parallel_round75_20260613_1450/sub-fp8-addhypot-redesc-r75,medium,explore,medium,tested_nonwinning,official OK ADP 7696 did not beat current frontend/reference,sub-fp8-addhypot-redesc-r75,2026-06-13
ex249,"E5M2FN packed hypot abs(high,low)",ex249_r75_active_key_split_pred,active-gap key gating feeding split inc1/inc2 predicate tables and shared saturation guard,frontend_source_parallel_round75_20260613_1450/sub-fp8-addhypot-redesc-r75,medium,explore,medium,tested_nonwinning,official OK ADP 7380 did not beat current frontend/reference,sub-fp8-addhypot-redesc-r75,2026-06-13
ex241,E4M3FN packed multiply high byte times low byte,per-product linear exponent region plus exact low-step patch table,"shared sign xor, effective exponent sum, 4x4 significand product, product-local patch decode",frontend_source_parallel_round75_20260613_1450/sub-fp8-muldiv-redesc-r75,medium,explore,medium,tested_nonwinning,official OK ADP 40508 did not beat current frontend/reference,sub-fp8-muldiv-redesc-r75,2026-06-13
ex246,E5M2FN packed multiply high byte times low byte,explicit 3x3 partial product plus product-local linear/patch decode,"shared sign xor, exponent sum, explicit partial-product state, product-local patch decode",frontend_source_parallel_round75_20260613_1450/sub-fp8-muldiv-redesc-r75,medium,explore,medium,tested_nonwinning,official OK ADP 12209 did not beat current frontend/reference,sub-fp8-muldiv-redesc-r75,2026-06-13
ex247,E5M2FN packed division low byte over high byte,sigpair quotient linear delta region plus exact patch table,"shared sign xor, exponent delta, numerator/denominator significands, sigpair-local patch decode",frontend_source_parallel_round75_20260613_1450/sub-fp8-muldiv-redesc-r75,medium,explore,medium,tested_nonwinning,official OK ADP 14532 did not beat current frontend/reference,sub-fp8-muldiv-redesc-r75,2026-06-13
ex297,cyclic 2-bit static bit-cone graft,static selected output bits from sel2-cluster source over pairsel current best,pairsel template provides most outputs; only output bits 10/11 use the sel2 BDD cone,frontend_source_parallel_round75_20260613_1450/sub-unknown-large-redesc-r75,medium,explore,medium,tested_nonwinning,official OK ADP 425872 did not beat current frontend/reference,sub-unknown-large-redesc-r75,2026-06-13
ex297,cyclic 2-bit static bit-cone graft,static low-cell output cones from cell-local source over pairsel current best,cell-local inversion source covers cells 0..2 while pairsel template covers the rest,frontend_source_parallel_round75_20260613_1450/sub-unknown-large-redesc-r75,medium,explore,medium,tested_nonwinning,official OK ADP 426256 did not beat current frontend/reference,sub-unknown-large-redesc-r75,2026-06-13
ex297,cyclic 2-bit static bit-cone graft,static high-cell output cones from cell-local source over pairsel current best,cell-local inversion source covers cells 4..6 while pairsel template covers the rest,frontend_source_parallel_round75_20260613_1450/sub-unknown-large-redesc-r75,medium,explore,medium,tested_nonwinning,official OK ADP 426080 did not beat current frontend/reference,sub-unknown-large-redesc-r75,2026-06-13
ex297,cyclic 2-bit static bit-cone graft,static selector-plane cones from r71 sel0-identity source over pairsel current best,r71 source drives even selector-plane outputs; pairsel drives odd inner-plane outputs,frontend_source_parallel_round75_20260613_1450/sub-unknown-large-redesc-r75,medium,explore,medium,tested_nonwinning,official OK ADP 425440 did not beat current frontend/reference,sub-unknown-large-redesc-r75,2026-06-13
ex299,cyclic 2-bit static bit-cone graft,static selected output bits from cell-local source over sel2-cluster current best,sel2 cluster source provides most outputs; only bits 8/9 use cell-local cones,frontend_source_parallel_round75_20260613_1450/sub-unknown-large-redesc-r75,medium,explore,medium,tested_nonwinning,official OK ADP 1777446 did not beat current frontend/reference,sub-unknown-large-redesc-r75,2026-06-13
ex299,cyclic 2-bit static bit-cone graft,static selected output bits from pairsel source over sel2-cluster current best,sel2 cluster source provides most outputs; only bits 8/9 use pairsel cones,frontend_source_parallel_round75_20260613_1450/sub-unknown-large-redesc-r75,medium,explore,medium,tested_nonwinning,official OK ADP 1777230 did not beat current frontend/reference,sub-unknown-large-redesc-r75,2026-06-13
ex299,cyclic 2-bit static bit-cone graft,static low-half output cones from cell-local source over sel2-cluster current best,cell-local inversion source drives low half; sel2 cluster source drives high half,frontend_source_parallel_round75_20260613_1450/sub-unknown-large-redesc-r75,medium,explore,medium,tested_nonwinning,official OK ADP 1777770 did not beat current frontend/reference,sub-unknown-large-redesc-r75,2026-06-13
ex285,hamming_weight_preserving_lossy_routing_normalizer,paircanon_p45_p67_decision_tree_wrapper,canonicalize exact input pairs 4/5 and 6/7 before current decision-tree source,frontend_source_parallel_round75_20260613_1450/sub-unknown-small-redesc-r75,medium,explore,medium,tested_nonwinning,official OK ADP 14580 did not beat current frontend/reference,sub-unknown-small-redesc-r75,2026-06-13
ex285,hamming_weight_preserving_lossy_routing_normalizer,paircanon_p45_decision_tree_wrapper,canonicalize exact input pair 4/5 before current decision-tree source,frontend_source_parallel_round75_20260613_1450/sub-unknown-small-redesc-r75,medium,explore,medium,tested_nonwinning,official OK ADP 14580 did not beat current frontend/reference,sub-unknown-small-redesc-r75,2026-06-13
ex285,hamming_weight_preserving_lossy_routing_normalizer,paircanon_p67_decision_tree_wrapper,canonicalize exact input pair 6/7 before current decision-tree source,frontend_source_parallel_round75_20260613_1450/sub-unknown-small-redesc-r75,medium,explore,medium,tested_nonwinning,official OK ADP 14598 did not beat current frontend/reference,sub-unknown-small-redesc-r75,2026-06-13
ex288,hamming_weight_preserving_lossy_routing_normalizer,vector_onehot_mux_keybdd7,express class-onehot mux as one vector mask OR plus selected keyBDD bit 7,frontend_source_parallel_round75_20260613_1450/sub-unknown-small-redesc-r75,medium,explore,medium,tested_nonwinning,official OK ADP 34290 did not beat current frontend/reference,sub-unknown-small-redesc-r75,2026-06-13
ex288,hamming_weight_preserving_lossy_routing_normalizer,vector_onehot_mux_keybdd7,express class-onehot mux as one vector mask OR plus selected keyBDD bit 7,frontend_source_parallel_round75_20260613_1450/sub-unknown-small-redesc-r75,medium,explore,medium,tested_nonwinning,official OK ADP 34260 did not beat current frontend/reference,sub-unknown-small-redesc-r75,2026-06-13
ex225,exact log/log10 exponent-region affine boundary delta,sign-exp plus mant_hi5 base word with exact mant_lo5 modular delta,shared special shell and shared per-region base feeding one 16-bit delta adder,frontend_source_parallel_round76_20260613_1706/sub-fp16-r76,medium,explore,medium,tested_nonwinning,official OK ADP 585442 did not beat current frontend/reference,sub-fp16-r76,2026-06-13
ex225,positive-normal mantissa quotient/ratio descriptor,mant_hi4 leading-ratio class base word plus exact mant_lo6 XOR residual,shared leading-region predicate and one semantic-class residual family,frontend_source_parallel_round76_20260613_1706/sub-fp16-r76,medium,explore,medium,tested_nonwinning,official OK ADP 267288 did not beat current frontend/reference,sub-fp16-r76,2026-06-13
ex223,exact log/log10 exponent-region affine boundary delta,sign-exp plus mant_hi5 base word with exact mant_lo5 modular delta,shared special shell and shared per-region base feeding one 16-bit delta adder,frontend_source_parallel_round76_20260613_1706/sub-fp16-r76,medium,explore,medium,tested_nonwinning,official OK ADP 580796 did not beat current frontend/reference,sub-fp16-r76,2026-06-13
ex223,positive-normal mantissa quotient/ratio descriptor,mant_hi4 leading-ratio class base word plus exact mant_lo6 XOR residual,shared leading-region predicate and one semantic-class residual family,frontend_source_parallel_round76_20260613_1706/sub-fp16-r76,medium,explore,medium,tested_nonwinning,official OK ADP 253155 did not beat current frontend/reference,sub-fp16-r76,2026-06-13
ex249,"E5M2FN hypot abs(high,low)",rawexp_threshold_semantic,"shared raw-exponent max/min decode, ordered_abs, gap0/gap1 threshold delta, saturation guard",frontend_source_parallel_round76_20260613_1706/sub-fp8-mid-r76,medium,explore,medium,tested_nonwinning,official OK ADP 5730 did not beat current frontend/reference,sub-fp8-mid-r76,2026-06-13
ex249,"E5M2FN hypot abs(high,low)",threshold_case_semantic,threshold-case delta classification keyed by max/min significand and active gap,frontend_source_parallel_round76_20260613_1706/sub-fp8-mid-r76,medium,explore,medium,tested_nonwinning,official OK ADP 5550 did not beat current frontend/reference,sub-fp8-mid-r76,2026-06-13
ex241,E4M3FN multiply high byte times low byte,nested_exp_product,"shared sign xor, exponent sum, product key, nested exponent/product output tables",frontend_source_parallel_round76_20260613_1706/sub-fp8-mid-r76,medium,explore,medium,tested_nonwinning,official OK ADP 16620 did not beat current frontend/reference,sub-fp8-mid-r76,2026-06-13
ex241,E4M3FN multiply high byte times low byte,product_param_exception,product exponent formula with parameterized rounding and exception overlay,frontend_source_parallel_round76_20260613_1706/sub-fp8-mid-r76,medium,explore,medium,tested_nonwinning,official OK ADP 23280 did not beat current frontend/reference,sub-fp8-mid-r76,2026-06-13
ex240,E4M3FN add high byte plus low byte,signmag_selected_output_factor,shared field decode and separate sign/magnitude selected-output factoring,frontend_source_parallel_round76_20260613_1706/sub-fp8-mid-r76,medium,explore,medium,tested_nonwinning,official OK ADP 29900 did not beat current frontend/reference,sub-fp8-mid-r76,2026-06-13
ex240,E4M3FN add high byte plus low byte,compact_cancel_predicate_mux,compact cancellation predicates with same/diff active muxing,frontend_source_parallel_round76_20260613_1706/sub-fp8-mid-r76,medium,explore,medium,tested_nonwinning,official OK ADP 30550 did not beat current frontend/reference,sub-fp8-mid-r76,2026-06-13
ex245,E5M2FN add high byte plus low byte,gap_class_semantic,"small-gap class formula using ordered_abs, gap, same_sign, saturation boundary",frontend_source_parallel_round76_20260613_1706/sub-fp8-mid-r76,medium,explore,medium,tested_nonwinning,official OK ADP 25690 did not beat current frontend/reference,sub-fp8-mid-r76,2026-06-13
ex245,E5M2FN add high byte plus low byte,gap4_normalizer_semantic,gap-limited local normalizer over shared sorted sign/magnitude fields,frontend_source_parallel_round76_20260613_1706/sub-fp8-mid-r76,medium,explore,medium,tested_nonwinning,official OK ADP 43523 did not beat current frontend/reference,sub-fp8-mid-r76,2026-06-13
ex247,E5M2FN low-over-high division can be represented by sign and magnitude field pair,one vector case over sign-xor numerator magnitude and denominator magnitude,shared sign xor numerator/denominator magnitude descriptor,frontend_source_parallel_round76_20260613_1706/sub-fp8-worst-r76,medium,explore,medium,tested_nonwinning,official OK ADP 100441 did not beat current frontend/reference,sub-fp8-worst-r76,2026-06-13
ex247,E5M2FN division output is driven by exponent delta and significand ratio,one vector case over special flags exponent delta and sig ratio,shared special shell sign xor exponent delta numerator/denominator sig descriptor,frontend_source_parallel_round76_20260613_1706/sub-fp8-worst-r76,medium,explore,medium,tested_nonwinning,official OK ADP 54270 did not beat current frontend/reference,sub-fp8-worst-r76,2026-06-13
ex246,E5M2FN multiply can be represented by signed magnitude field pair,one vector case over sign-xor and two 7-bit magnitudes,shared sign xor and magnitude-pair descriptor,frontend_source_parallel_round76_20260613_1706/sub-fp8-worst-r76,medium,explore,medium,tested_nonwinning,official OK ADP 74613 did not beat current frontend/reference,sub-fp8-worst-r76,2026-06-13
ex246,E5M2FN multiply output is driven by exponent sum and significand product,one vector case over special flags exponent-sum and sig-product,shared special shell sign xor exponent sum and product descriptor,frontend_source_parallel_round76_20260613_1706/sub-fp8-worst-r76,medium,explore,medium,tested_nonwinning,official OK ADP 44608 did not beat current frontend/reference,sub-fp8-worst-r76,2026-06-13
ex244,E4M3FN hypot can be represented by sorted finite magnitudes,one vector case over sorted 7-bit magnitude pair,sign-free sorted magnitude descriptor shared by all output bits,frontend_source_parallel_round76_20260613_1706/sub-fp8-worst-r76,medium,explore,medium,tested_nonwinning,official OK ADP 57780 did not beat current frontend/reference,sub-fp8-worst-r76,2026-06-13
ex244,E4M3FN hypot delta depends on max_eff gap and significand pair,one vector case over max_eff/gap/sig descriptor,shared max/min decode with max_eff saturation context,frontend_source_parallel_round76_20260613_1706/sub-fp8-worst-r76,medium,explore,medium,tested_nonwinning,official OK ADP 53532 did not beat current frontend/reference,sub-fp8-worst-r76,2026-06-13
ex260,signed low4*high4 can share negate/correction by preconditioning only the high operand sign,high operand sign-preconditioned Booth-like shifted rows,"shared a sign extension, high-operand magnitude rows, and one final conditional negate",frontend_source_parallel_round76_20260613_1706/sub-integer-r76,medium,explore,medium,tested_nonwinning,official OK ADP 2244 did not beat current frontend/reference,sub-integer-r76,2026-06-13
ex260,signed low4*high4 can share negate/correction by preconditioning only the high operand sign,high operand sign-preconditioned Booth-like shifted rows,"shared a sign extension, high-operand magnitude rows, and one final conditional negate",frontend_source_parallel_round76_20260613_1706/sub-integer-r76,medium,explore,medium,tested_nonwinning,official OK ADP 2120 did not beat current frontend/reference,sub-integer-r76,2026-06-13
ex260,signed low4*high4 can expose reusable common carries from weighted signed rows,two's-complement weighted rows compressed by explicit 3:2 carry-save slice,shared row0-row2 sum/carry wires reused before adding the negative sign row,frontend_source_parallel_round76_20260613_1706/sub-integer-r76,medium,explore,medium,tested_nonwinning,official OK ADP 1836 did not beat current frontend/reference,sub-integer-r76,2026-06-13
ex260,signed low4*high4 can expose reusable common carries from weighted signed rows,two's-complement weighted rows compressed by explicit 3:2 carry-save slice,shared row0-row2 sum/carry wires reused before adding the negative sign row,frontend_source_parallel_round76_20260613_1706/sub-integer-r76,medium,explore,medium,tested_nonwinning,official OK ADP 1755 did not beat current frontend/reference,sub-integer-r76,2026-06-13
ex266,unsigned 5x5 division has high-denominator regions that can share quotient threshold prefixes,denominator high-bit decision tree with region-limited shifted-divisor comparisons,shared aw/bw prefixes and selected quotient-bit comparator thresholds per denominator region,frontend_source_parallel_round76_20260613_1706/sub-integer-r76,medium,explore,medium,tested_nonwinning,official OK ADP 4352 did not beat current frontend/reference,sub-integer-r76,2026-06-13
ex266,unsigned 5x5 division has high-denominator regions that can share quotient threshold prefixes,denominator high-bit decision tree with region-limited shifted-divisor comparisons,shared aw/bw prefixes and selected quotient-bit comparator thresholds per denominator region,frontend_source_parallel_round76_20260613_1706/sub-integer-r76,medium,explore,medium,tested_nonwinning,official OK ADP 4302 did not beat current frontend/reference,sub-integer-r76,2026-06-13
ex266,unsigned 5x5 division can split on denominator high bits and numerator top bits with tiny residual cells,decision tree over b[4:3] and a[4:3] with local residual truth cells over low bits,shared high-cell selector with compact residual quotient constants per ambiguous cell,frontend_source_parallel_round76_20260613_1706/sub-integer-r76,medium,explore,medium,tested_nonwinning,official OK ADP 1749 did not beat current frontend/reference,sub-integer-r76,2026-06-13
ex266,unsigned 5x5 division can split on denominator high bits and numerator top bits with tiny residual cells,decision tree over b[4:3] and a[4:3] with local residual truth cells over low bits,shared high-cell selector with compact residual quotient constants per ambiguous cell,frontend_source_parallel_round76_20260613_1706/sub-integer-r76,medium,explore,medium,tested_nonwinning,official OK ADP 1628 did not beat current frontend/reference,sub-integer-r76,2026-06-13
ex285,hamming_weight_route_input_swap_invariant,swap45_wrapper_current_decision_tree,Tests exact swap-invariance as a source wrapper rather than repeating r75 edge-route output grafts.,frontend_source_parallel_round76_20260613_1706/sub-unknown-r76,medium,explore,medium,tested_nonwinning,official OK ADP 13685 did not beat current frontend/reference,sub-unknown-r76,2026-06-13
ex285,hamming_weight_route_split_descriptor_control,high_split_default_control_source,Control family for split/default source behavior; materially different from swap/tree and r75 route-bit overlays.,frontend_source_parallel_round76_20260613_1706/sub-unknown-r76,medium,explore,medium,tested_nonwinning,official OK ADP 53568 did not beat current frontend/reference,sub-unknown-r76,2026-06-13
ex288,hamming_weight_route_multipair_input_swap_invariant,swap45_67_89_wrapper_keybdd,Area-reduction probe around the active low-delay key-BDD source; not a keybdd_symcof_edge_bits replay.,frontend_source_parallel_round76_20260613_1706/sub-unknown-r76,medium,explore,medium,tested_nonwinning,official OK ADP 34005 did not beat current frontend/reference,sub-unknown-r76,2026-06-13
ex288,hamming_weight_route_rotated_split_control,rotate_high_split_default_control_source,"Control family for non-key-BDD split behavior, included as a second materially different hypothesis family.",frontend_source_parallel_round76_20260613_1706/sub-unknown-r76,medium,explore,medium,tested_nonwinning,official OK ADP 69232 did not beat current frontend/reference,sub-unknown-r76,2026-06-13
ex297,cyclic_2bit_fixed_phase_equivariance,fixed_one_cell_rotate_wrapper_on_pairsel_template,Tests fixed-phase rotation reuse around the current pairsel template; not an r75 selector-cluster graft.,frontend_source_parallel_round76_20260613_1706/sub-unknown-r76,medium,explore,medium,tested_nonwinning,official OK ADP 505172 did not beat current frontend/reference,sub-unknown-r76,2026-06-13
ex297,cyclic_2bit_pairxor_celllocal_control,pairxor_celllocal_mix_control_source,Control family distinct from the fixed-phase wrapper and from r75 unconditional selector-cluster substitutions.,frontend_source_parallel_round76_20260613_1706/sub-unknown-r76,medium,explore,medium,tested_nonwinning,official OK ADP 479052 did not beat current frontend/reference,sub-unknown-r76,2026-06-13
ex299,cyclic_2bit_fixed_phase_equivariance,fixed_one_cell_rotate_wrapper_on_sel2_static_source,Checks whether fixed-phase wrapping changes source synthesis around the latest best without repeating the r75 static graft as-is.,frontend_source_parallel_round76_20260613_1706/sub-unknown-r76,medium,explore,medium,tested_nonwinning,official OK ADP 1976980 did not beat current frontend/reference,sub-unknown-r76,2026-06-13
ex299,cyclic_2bit_pairxor_pairsel_control,pairxor_pairsel_mix_control_source,Second family distinct from fixed-phase latest-source wrapping and not the r75 uncond lowtail/static replay.,frontend_source_parallel_round76_20260613_1706/sub-unknown-r76,medium,explore,medium,tested_nonwinning,official OK ADP 1978460 did not beat current frontend/reference,sub-unknown-r76,2026-06-13
ex225,fp16_log10,current_nested_low_boundary_with_selective_keep_on_decode_and_highbit_outputs,preserve only sign_exp mant active_pos_normal and high-bit run outputs,frontend_source_parallel_round77_20260613_1733/sub-fp16-source-r77,medium,explore,medium,tested_nonwinning,official OK ADP 219811 did not beat current frontend/reference,sub-fp16-source-r77,2026-06-13
ex225,fp16_log10,current_nested_source_with_high_vs_low_output_grouped_assigns,separate high run-tree bundle from low residual LUT at output mux,frontend_source_parallel_round77_20260613_1733/sub-fp16-source-r77,medium,explore,medium,tested_nonwinning,official OK ADP 219127 did not beat current frontend/reference,sub-fp16-source-r77,2026-06-13
ex225,fp16_log10,current_nested_source_with_positive_normal_predicate_helper_module,module boundary only for high-fanout positive-normal predicate,frontend_source_parallel_round77_20260613_1733/sub-fp16-source-r77,medium,explore,medium,tested_nonwinning,official OK ADP 219260 did not beat current frontend/reference,sub-fp16-source-r77,2026-06-13
ex225,fp16_log10,registry_frontend_best_source_with_selective_keep_on_decode_and_highbit_outputs,preserve only high-fanout decode wires and high-bit run outputs in current frontend-best source,frontend_source_parallel_round77_20260613_1733/sub-fp16-source-r77,medium,explore,medium,tested_nonwinning,official OK ADP 219089 did not beat current frontend/reference,sub-fp16-source-r77,2026-06-13
ex225,fp16_log10,registry_frontend_best_source_with_high_vs_low_output_grouped_assigns,separate high run-tree bundle from low residual at final output mux,frontend_source_parallel_round77_20260613_1733/sub-fp16-source-r77,medium,explore,medium,tested_nonwinning,official OK ADP 230560 did not beat current frontend/reference,sub-fp16-source-r77,2026-06-13
ex223,fp16_log,current_nested_low_boundary_with_selective_keep_on_decode_and_highbit_outputs,preserve only sign_exp mant active_pos_normal and high-bit run outputs,frontend_source_parallel_round77_20260613_1733/sub-fp16-source-r77,medium,explore,medium,tested_nonwinning,official OK ADP 216260 did not beat current frontend/reference,sub-fp16-source-r77,2026-06-13
ex223,fp16_log,current_nested_source_with_high_vs_low_output_grouped_assigns,separate high run-tree bundle from low residual LUT at output mux,frontend_source_parallel_round77_20260613_1733/sub-fp16-source-r77,medium,explore,medium,tested_nonwinning,official OK ADP 204877 did not beat current frontend/reference,sub-fp16-source-r77,2026-06-13
ex223,fp16_log,current_nested_source_with_positive_normal_predicate_helper_module,module boundary only for high-fanout positive-normal predicate,frontend_source_parallel_round77_20260613_1733/sub-fp16-source-r77,medium,explore,medium,tested_nonwinning,official OK ADP 205105 did not beat current frontend/reference,sub-fp16-source-r77,2026-06-13
ex223,fp16_log,registry_frontend_best_source_with_selective_keep_on_decode_and_highbit_outputs,preserve only high-fanout decode wires and high-bit run outputs in current frontend-best source,frontend_source_parallel_round77_20260613_1733/sub-fp16-source-r77,medium,explore,medium,tested_nonwinning,official OK ADP 204326 did not beat current frontend/reference,sub-fp16-source-r77,2026-06-13
ex223,fp16_log,registry_frontend_best_source_with_high_vs_low_output_grouped_assigns,separate high run-tree bundle from low residual at final output mux,frontend_source_parallel_round77_20260613_1733/sub-fp16-source-r77,medium,explore,medium,tested_nonwinning,official OK ADP 203490 did not beat current frontend/reference,sub-fp16-source-r77,2026-06-13
ex249,"E5M2FN hypot abs(high,low)",keep_boundary,small keep/wire-boundary annotations on shared semantic predicates; family=shared semantic decode boundary,frontend_source_parallel_round77_20260613_1733/sub-fp8-mid-source-r77,medium,explore,medium,tested_nonwinning,official OK ADP 4844 did not beat current frontend/reference,sub-fp8-mid-source-r77,2026-06-13
ex249,"E5M2FN hypot abs(high,low)",grouped_vector,grouped sign/magnitude output vector wrapper over current exact source; family=grouped output vectors,frontend_source_parallel_round77_20260613_1733/sub-fp8-mid-source-r77,medium,explore,medium,tested_nonwinning,official OK ADP 5539 did not beat current frontend/reference,sub-fp8-mid-source-r77,2026-06-13
ex249,"E5M2FN hypot abs(high,low)",perbit_decomp,per-bit output assign decomposition over current exact source; family=per-bit assign decomposition,frontend_source_parallel_round77_20260613_1733/sub-fp8-mid-source-r77,medium,explore,medium,tested_nonwinning,official OK ADP 5539 did not beat current frontend/reference,sub-fp8-mid-source-r77,2026-06-13
ex249,"E5M2FN hypot abs(high,low)",flattened_inline,renamed flattened source with a shallow output staging wire where available; family=flattened inline expression,frontend_source_parallel_round77_20260613_1733/sub-fp8-mid-source-r77,medium,explore,medium,tested_nonwinning,official OK ADP 5730 did not beat current frontend/reference,sub-fp8-mid-source-r77,2026-06-13
ex241,E4M3FN multiply high byte times low byte,keep_boundary,small keep/wire-boundary annotations on shared semantic predicates; family=shared semantic decode boundary,frontend_source_parallel_round77_20260613_1733/sub-fp8-mid-source-r77,medium,explore,medium,tested_nonwinning,official OK ADP 16350 did not beat current frontend/reference,sub-fp8-mid-source-r77,2026-06-13
ex241,E4M3FN multiply high byte times low byte,grouped_vector,grouped sign/magnitude output vector wrapper over current exact source; family=grouped output vectors,frontend_source_parallel_round77_20260613_1733/sub-fp8-mid-source-r77,medium,explore,medium,tested_nonwinning,official OK ADP 16710 did not beat current frontend/reference,sub-fp8-mid-source-r77,2026-06-13
ex241,E4M3FN multiply high byte times low byte,perbit_decomp,per-bit output assign decomposition over current exact source; family=per-bit assign decomposition,frontend_source_parallel_round77_20260613_1733/sub-fp8-mid-source-r77,medium,explore,medium,tested_nonwinning,official OK ADP 16710 did not beat current frontend/reference,sub-fp8-mid-source-r77,2026-06-13
ex241,E4M3FN multiply high byte times low byte,flattened_inline,renamed flattened source with a shallow output staging wire where available; family=flattened inline expression,frontend_source_parallel_round77_20260613_1733/sub-fp8-mid-source-r77,medium,explore,medium,tested_nonwinning,official OK ADP 16620 did not beat current frontend/reference,sub-fp8-mid-source-r77,2026-06-13
ex240,E4M3FN add high byte plus low byte,keep_boundary,small keep/wire-boundary annotations on shared semantic predicates; family=shared semantic decode boundary,frontend_source_parallel_round77_20260613_1733/sub-fp8-mid-source-r77,medium,explore,medium,tested_nonwinning,official OK ADP 29348 did not beat current frontend/reference,sub-fp8-mid-source-r77,2026-06-13
ex240,E4M3FN add high byte plus low byte,grouped_vector,grouped sign/magnitude output vector wrapper over current exact source; family=grouped output vectors,frontend_source_parallel_round77_20260613_1733/sub-fp8-mid-source-r77,medium,explore,medium,tested_nonwinning,official OK ADP 29798 did not beat current frontend/reference,sub-fp8-mid-source-r77,2026-06-13
ex240,E4M3FN add high byte plus low byte,perbit_decomp,per-bit output assign decomposition over current exact source; family=per-bit assign decomposition,frontend_source_parallel_round77_20260613_1733/sub-fp8-mid-source-r77,medium,explore,medium,tested_nonwinning,official OK ADP 29798 did not beat current frontend/reference,sub-fp8-mid-source-r77,2026-06-13
ex240,E4M3FN add high byte plus low byte,flattened_inline,renamed flattened source with a shallow output staging wire where available; family=flattened inline expression,frontend_source_parallel_round77_20260613_1733/sub-fp8-mid-source-r77,medium,explore,medium,tested_nonwinning,official OK ADP 29900 did not beat current frontend/reference,sub-fp8-mid-source-r77,2026-06-13
ex245,E5M2FN add high byte plus low byte,keep_boundary,small keep/wire-boundary annotations on shared semantic predicates; family=shared semantic decode boundary,frontend_source_parallel_round77_20260613_1733/sub-fp8-mid-source-r77,medium,explore,medium,tested_nonwinning,official OK ADP 25452 did not beat current frontend/reference,sub-fp8-mid-source-r77,2026-06-13
ex245,E5M2FN add high byte plus low byte,grouped_vector,grouped sign/magnitude output vector wrapper over current exact source; family=grouped output vectors,frontend_source_parallel_round77_20260613_1733/sub-fp8-mid-source-r77,medium,explore,medium,tested_nonwinning,official OK ADP 24718 did not beat current frontend/reference,sub-fp8-mid-source-r77,2026-06-13
ex245,E5M2FN add high byte plus low byte,perbit_decomp,per-bit output assign decomposition over current exact source; family=per-bit assign decomposition,frontend_source_parallel_round77_20260613_1733/sub-fp8-mid-source-r77,medium,explore,medium,tested_nonwinning,official OK ADP 24718 did not beat current frontend/reference,sub-fp8-mid-source-r77,2026-06-13
ex245,E5M2FN add high byte plus low byte,flattened_inline,renamed flattened source with a shallow output staging wire where available; family=flattened inline expression,frontend_source_parallel_round77_20260613_1733/sub-fp8-mid-source-r77,medium,explore,medium,tested_nonwinning,official OK ADP 26136 did not beat current frontend/reference,sub-fp8-mid-source-r77,2026-06-13
ex247,E5M2FN packed low-over-high division,current-best source copy control,source-only; synth_sec=0.375; eval_sec=0.464; eval_code=0,frontend_source_parallel_round77_20260613_1733/sub-fp8-worst-source-r77,medium,explore,medium,tested_nonwinning,official OK ADP 8808 did not beat current frontend/reference,sub-fp8-worst-source-r77,2026-06-13
ex247,E5M2FN packed low-over-high division,selective keep on reused semantic wires,source-only; synth_sec=0.329; eval_sec=0.468; eval_code=0,frontend_source_parallel_round77_20260613_1733/sub-fp8-worst-source-r77,medium,explore,medium,tested_nonwinning,official OK ADP 9542 did not beat current frontend/reference,sub-fp8-worst-source-r77,2026-06-13
ex247,E5M2FN packed low-over-high division,assign versus always/case output style rewrite,source-only; synth_sec=0.334; eval_sec=0.458; eval_code=0,frontend_source_parallel_round77_20260613_1733/sub-fp8-worst-source-r77,medium,explore,medium,tested_nonwinning,official OK ADP 9854 did not beat current frontend/reference,sub-fp8-worst-source-r77,2026-06-13
ex247,E5M2FN packed low-over-high division,boundary module variant around current semantic core,source-only; synth_sec=0.382; eval_sec=0.464; eval_code=0,frontend_source_parallel_round77_20260613_1733/sub-fp8-worst-source-r77,medium,explore,medium,tested_nonwinning,official OK ADP 8808 did not beat current frontend/reference,sub-fp8-worst-source-r77,2026-06-13
ex246,E5M2FN packed multiply high byte times low byte,current-best source copy control,source-only; synth_sec=0.525; eval_sec=0.461; eval_code=0,frontend_source_parallel_round77_20260613_1733/sub-fp8-worst-source-r77,medium,explore,medium,tested_nonwinning,official OK ADP 8520 did not beat current frontend/reference,sub-fp8-worst-source-r77,2026-06-13
ex246,E5M2FN packed multiply high byte times low byte,selective keep on reused semantic wires,source-only; synth_sec=0.526; eval_sec=0.484; eval_code=0,frontend_source_parallel_round77_20260613_1733/sub-fp8-worst-source-r77,medium,explore,medium,tested_nonwinning,official OK ADP 8424 did not beat current frontend/reference,sub-fp8-worst-source-r77,2026-06-13
ex246,E5M2FN packed multiply high byte times low byte,assign versus always/case output style rewrite,source-only; synth_sec=0.533; eval_sec=0.458; eval_code=0,frontend_source_parallel_round77_20260613_1733/sub-fp8-worst-source-r77,medium,explore,medium,tested_nonwinning,official OK ADP 8520 did not beat current frontend/reference,sub-fp8-worst-source-r77,2026-06-13
ex246,E5M2FN packed multiply high byte times low byte,boundary module variant around current semantic core,source-only; synth_sec=0.569; eval_sec=0.460; eval_code=0,frontend_source_parallel_round77_20260613_1733/sub-fp8-worst-source-r77,medium,explore,medium,tested_nonwinning,official OK ADP 8448 did not beat current frontend/reference,sub-fp8-worst-source-r77,2026-06-13
ex244,"E4M3FN packed hypot(abs(high),abs(low))",current-best source copy control,source-only; synth_sec=0.294; eval_sec=0.518; eval_code=0,frontend_source_parallel_round77_20260613_1733/sub-fp8-worst-source-r77,medium,explore,medium,tested_nonwinning,official OK ADP 12136 did not beat current frontend/reference,sub-fp8-worst-source-r77,2026-06-13
ex244,"E4M3FN packed hypot(abs(high),abs(low))",selective keep on reused semantic wires,source-only; synth_sec=0.291; eval_sec=0.531; eval_code=0,frontend_source_parallel_round77_20260613_1733/sub-fp8-worst-source-r77,medium,explore,medium,tested_nonwinning,official OK ADP 11803 did not beat current frontend/reference,sub-fp8-worst-source-r77,2026-06-13
ex244,"E4M3FN packed hypot(abs(high),abs(low))",assign versus always/case output style rewrite,source-only; synth_sec=0.288; eval_sec=0.518; eval_code=0,frontend_source_parallel_round77_20260613_1733/sub-fp8-worst-source-r77,medium,explore,medium,tested_nonwinning,official OK ADP 12388 did not beat current frontend/reference,sub-fp8-worst-source-r77,2026-06-13
ex244,"E4M3FN packed hypot(abs(high),abs(low))",boundary module variant around current semantic core,source-only; synth_sec=0.301; eval_sec=0.492; eval_code=0,frontend_source_parallel_round77_20260613_1733/sub-fp8-worst-source-r77,medium,explore,medium,tested_nonwinning,official OK ADP 11445 did not beat current frontend/reference,sub-fp8-worst-source-r77,2026-06-13
ex260,signed low4_high4 multiply keeps current Baugh-Wooley semantics but exposes common sign-correction boundaries,grouped partial products plus explicit sign-row/sign-column correction buses,"shared sign-correction wires, grouped partial products, named carry wires reused across high output bits",frontend_source_parallel_round77_20260613_1733/sub-integer-source-r77,medium,explore,medium,tested_nonwinning,official OK ADP 1392 did not beat current frontend/reference,sub-integer-source-r77,2026-06-13
ex260,signed low4_high4 multiply keeps current Baugh-Wooley semantics but exposes common sign-correction boundaries,grouped partial products plus explicit sign-row/sign-column correction buses,"shared sign-correction wires, grouped partial products, named carry wires reused across high output bits",frontend_source_parallel_round77_20260613_1733/sub-integer-source-r77,medium,explore,medium,tested_nonwinning,official OK ADP 1392 did not beat current frontend/reference,sub-integer-source-r77,2026-06-13
ex260,low product bits can use a small shared ANF monomial helper while high bits keep current shared compressor carries,explicit low-bit ANF/common monomials plus current Baugh-Wooley high-bit carry network,common low monomials feed bits 0-3; compressor carry wires continue to feed bits 4-7,frontend_source_parallel_round77_20260613_1733/sub-integer-source-r77,medium,explore,medium,tested_nonwinning,official OK ADP 1392 did not beat current frontend/reference,sub-integer-source-r77,2026-06-13
ex260,low product bits can use a small shared ANF monomial helper while high bits keep current shared compressor carries,explicit low-bit ANF/common monomials plus current Baugh-Wooley high-bit carry network,common low monomials feed bits 0-3; compressor carry wires continue to feed bits 4-7,frontend_source_parallel_round77_20260613_1733/sub-integer-source-r77,medium,explore,medium,tested_nonwinning,official OK ADP 1392 did not beat current frontend/reference,sub-integer-source-r77,2026-06-13
ex266,current quotient cofactor source can prune high-denominator cells into small compare residuals while preserving low-denominator BDD cells,"current {b[4:3],a[4]} low cells plus explicit high-cell quotient comparisons","shared high-cell selector, current group0/group1 local BDDs, and compact compare residuals for groups 2-7",frontend_source_parallel_round77_20260613_1733/sub-integer-source-r77,medium,explore,medium,tested_nonwinning,official OK ADP 2256 did not beat current frontend/reference,sub-integer-source-r77,2026-06-13
ex266,current quotient cofactor source can prune high-denominator cells into small compare residuals while preserving low-denominator BDD cells,"current {b[4:3],a[4]} low cells plus explicit high-cell quotient comparisons","shared high-cell selector, current group0/group1 local BDDs, and compact compare residuals for groups 2-7",frontend_source_parallel_round77_20260613_1733/sub-integer-source-r77,medium,explore,medium,tested_nonwinning,official OK ADP 2353 did not beat current frontend/reference,sub-integer-source-r77,2026-06-13
ex266,quotient bits can be grouped around q4/q3 and q2/q1 trial-subtract boundaries with one dbz guard,combinational restoring quotient bits with named residual boundaries,shared shifted-divisor trials and grouped residual wires reused by later quotient-bit assigns,frontend_source_parallel_round77_20260613_1733/sub-integer-source-r77,medium,explore,medium,tested_nonwinning,official OK ADP 3036 did not beat current frontend/reference,sub-integer-source-r77,2026-06-13
ex266,quotient bits can be grouped around q4/q3 and q2/q1 trial-subtract boundaries with one dbz guard,combinational restoring quotient bits with named residual boundaries,shared shifted-divisor trials and grouped residual wires reused by later quotient-bit assigns,frontend_source_parallel_round77_20260613_1733/sub-integer-source-r77,medium,explore,medium,tested_nonwinning,official OK ADP 2552 did not beat current frontend/reference,sub-integer-source-r77,2026-06-13
ex297,cyclic_2bit_selector_source_boundary,grouped_pair_output_assigns_with_keep_helper,Grouped assign source-boundary variant of the r73 current best; no static r75 graft or fixed r76 rotate.,frontend_source_parallel_round77_20260613_1733/sub-unknown-source-r77,medium,explore,medium,tested_nonwinning,official OK ADP 452251 did not beat current frontend/reference,sub-unknown-source-r77,2026-06-13
ex297,cyclic_2bit_selector_source_boundary,vector_case_block_for_pair_output_clusters,Vector-case source-boundary variant of the current best; materially different from r75 static bitcone grafts and r76 rotates.,frontend_source_parallel_round77_20260613_1733/sub-unknown-source-r77,medium,explore,medium,tested_nonwinning,official OK ADP 479556 did not beat current frontend/reference,sub-unknown-source-r77,2026-06-13
ex299,cyclic_2bit_selector_source_boundary,grouped_static_cluster_assigns_with_keep_helper,Grouped boundary variant around latest ex299 source; no new semantic descriptor and not a new static bit graft.,frontend_source_parallel_round77_20260613_1733/sub-unknown-source-r77,medium,explore,medium,tested_nonwinning,official OK ADP 1977240 did not beat current frontend/reference,sub-unknown-source-r77,2026-06-13
ex299,cyclic_2bit_selector_source_boundary,low_tail_factored_tiny_helper_module,Low-tail helper module around latest best source; differs from r75 static graft by source boundary rather than selected-bit set.,frontend_source_parallel_round77_20260613_1733/sub-unknown-source-r77,medium,explore,medium,tested_nonwinning,official OK ADP 1976180 did not beat current frontend/reference,sub-unknown-source-r77,2026-06-13
ex285,hamming_weight_route_source_boundary,route_class_decode_helper_plus_tree_residual,Helper-boundary source variant around current decision tree; avoids r76 swap/highsplit forms.,frontend_source_parallel_round77_20260613_1733/sub-unknown-source-r77,medium,explore,medium,tested_nonwinning,official OK ADP 13396 did not beat current frontend/reference,sub-unknown-source-r77,2026-06-13
ex285,hamming_weight_route_source_boundary,flattened_current_tree_alias,Flattened source-structure control for the current exact tree; not a pair-canonical wrapper or highsplit replay.,frontend_source_parallel_round77_20260613_1733/sub-unknown-source-r77,medium,explore,medium,tested_nonwinning,official OK ADP 13906 did not beat current frontend/reference,sub-unknown-source-r77,2026-06-13
ex288,hamming_weight_route_keybdd_source_boundary,split_route_key_decode_from_keybdd_residual,Source-boundary split of active key-BDD source; avoids r76 symmetry/highsplit wrappers.,frontend_source_parallel_round77_20260613_1733/sub-unknown-source-r77,medium,explore,medium,tested_nonwinning,official OK ADP 36224 did not beat current frontend/reference,sub-unknown-source-r77,2026-06-13
ex288,hamming_weight_route_keybdd_source_boundary,flattened_keybdd_with_kept_route_key_bus,Flattened active key-BDD variant with kept key bus; not the r75 edge-bit graft or r76 swap wrapper.,frontend_source_parallel_round77_20260613_1733/sub-unknown-source-r77,medium,explore,medium,tested_nonwinning,official OK ADP 33480 did not beat current frontend/reference,sub-unknown-source-r77,2026-06-13
ex223,fp16_log,nested_log_boundary_low12_hi15_to_12,high-vs-low grouped output assigns with no extra keep,frontend_source_parallel_round78_20260613_1744/sub-fp16-int-enum-r78,medium,explore,medium,tested_nonwinning,official OK ADP 203813 did not beat current frontend/reference,sub-fp16-int-enum-r78,2026-06-13
ex223,fp16_log,nested_log_boundary_low12_hi15_to_12,high-vs-low grouped output assigns plus kept sign_exp/mant/active decode,frontend_source_parallel_round78_20260613_1744/sub-fp16-int-enum-r78,medium,explore,medium,tested_nonwinning,official OK ADP 214540 did not beat current frontend/reference,sub-fp16-int-enum-r78,2026-06-13
ex223,fp16_log,nested_log_boundary_low12_hi15_to_12,high-vs-low output boundary plus kept high-run output registers,frontend_source_parallel_round78_20260613_1744/sub-fp16-int-enum-r78,medium,explore,medium,tested_nonwinning,official OK ADP 214600 did not beat current frontend/reference,sub-fp16-int-enum-r78,2026-06-13
ex223,fp16_log,nested_log_boundary_low12_hi15_to_12,positive-normal helper module plus grouped high-vs-low output assigns,frontend_source_parallel_round78_20260613_1744/sub-fp16-int-enum-r78,medium,explore,medium,tested_nonwinning,official OK ADP 214300 did not beat current frontend/reference,sub-fp16-int-enum-r78,2026-06-13
ex223,fp16_log,nested_log_boundary_low13_hi15_to_13,high-vs-low grouped output assigns with no extra keep,frontend_source_parallel_round78_20260613_1744/sub-fp16-int-enum-r78,medium,explore,medium,tested_nonwinning,official OK ADP 203889 did not beat current frontend/reference,sub-fp16-int-enum-r78,2026-06-13
ex223,fp16_log,nested_log_boundary_low13_hi15_to_13,high-vs-low grouped output assigns plus kept sign_exp/mant/active decode,frontend_source_parallel_round78_20260613_1744/sub-fp16-int-enum-r78,medium,explore,medium,tested_nonwinning,official OK ADP 203642 did not beat current frontend/reference,sub-fp16-int-enum-r78,2026-06-13
ex223,fp16_log,nested_log_boundary_low13_hi15_to_13,high-vs-low output boundary plus kept high-run output registers,frontend_source_parallel_round78_20260613_1744/sub-fp16-int-enum-r78,medium,explore,medium,tested_nonwinning,official OK ADP 203756 did not beat current frontend/reference,sub-fp16-int-enum-r78,2026-06-13
ex223,fp16_log,nested_log_boundary_low13_hi15_to_13,positive-normal helper module plus grouped high-vs-low output assigns,frontend_source_parallel_round78_20260613_1744/sub-fp16-int-enum-r78,medium,explore,medium,tested_nonwinning,official OK ADP 204535 did not beat current frontend/reference,sub-fp16-int-enum-r78,2026-06-13
ex223,fp16_log,nested_log_boundary_low11_hi15_to_11,high-vs-low grouped output assigns with no extra keep,frontend_source_parallel_round78_20260613_1744/sub-fp16-int-enum-r78,medium,explore,medium,tested_nonwinning,official OK ADP 204877 did not beat current frontend/reference,sub-fp16-int-enum-r78,2026-06-13
ex223,fp16_log,nested_log_boundary_low11_hi15_to_11,high-vs-low grouped output assigns plus kept sign_exp/mant/active decode,frontend_source_parallel_round78_20260613_1744/sub-fp16-int-enum-r78,medium,explore,medium,tested_nonwinning,official OK ADP 205029 did not beat current frontend/reference,sub-fp16-int-enum-r78,2026-06-13
ex223,fp16_log,nested_log_boundary_low11_hi15_to_11,high-vs-low output boundary plus kept high-run output registers,frontend_source_parallel_round78_20260613_1744/sub-fp16-int-enum-r78,medium,explore,medium,tested_nonwinning,official OK ADP 205143 did not beat current frontend/reference,sub-fp16-int-enum-r78,2026-06-13
ex223,fp16_log,nested_log_boundary_low11_hi15_to_11,positive-normal helper module plus grouped high-vs-low output assigns,frontend_source_parallel_round78_20260613_1744/sub-fp16-int-enum-r78,medium,explore,medium,tested_nonwinning,official OK ADP 204801 did not beat current frontend/reference,sub-fp16-int-enum-r78,2026-06-13
ex225,fp16_log10,nested_log_boundary_low12_hi15_to_12,high-vs-low grouped output assigns with no extra keep,frontend_source_parallel_round78_20260613_1744/sub-fp16-int-enum-r78,medium,explore,medium,tested_nonwinning,official OK ADP 219127 did not beat current frontend/reference,sub-fp16-int-enum-r78,2026-06-13
ex225,fp16_log10,nested_log_boundary_low12_hi15_to_12,high-vs-low grouped output assigns plus kept sign_exp/mant/active decode,frontend_source_parallel_round78_20260613_1744/sub-fp16-int-enum-r78,medium,explore,medium,tested_nonwinning,official OK ADP 219393 did not beat current frontend/reference,sub-fp16-int-enum-r78,2026-06-13
ex225,fp16_log10,nested_log_boundary_low12_hi15_to_12,high-vs-low output boundary plus kept high-run output registers,frontend_source_parallel_round78_20260613_1744/sub-fp16-int-enum-r78,medium,explore,medium,tested_nonwinning,official OK ADP 218994 did not beat current frontend/reference,sub-fp16-int-enum-r78,2026-06-13
ex225,fp16_log10,nested_log_boundary_low12_hi15_to_12,positive-normal helper module plus grouped high-vs-low output assigns,frontend_source_parallel_round78_20260613_1744/sub-fp16-int-enum-r78,medium,explore,medium,tested_nonwinning,official OK ADP 219450 did not beat current frontend/reference,sub-fp16-int-enum-r78,2026-06-13
ex225,fp16_log10,nested_log_boundary_low13_hi15_to_13,high-vs-low grouped output assigns with no extra keep,frontend_source_parallel_round78_20260613_1744/sub-fp16-int-enum-r78,medium,explore,medium,tested_nonwinning,official OK ADP 230400 did not beat current frontend/reference,sub-fp16-int-enum-r78,2026-06-13
ex225,fp16_log10,nested_log_boundary_low13_hi15_to_13,high-vs-low grouped output assigns plus kept sign_exp/mant/active decode,frontend_source_parallel_round78_20260613_1744/sub-fp16-int-enum-r78,medium,explore,medium,tested_nonwinning,official OK ADP 230560 did not beat current frontend/reference,sub-fp16-int-enum-r78,2026-06-13
ex225,fp16_log10,nested_log_boundary_low13_hi15_to_13,high-vs-low output boundary plus kept high-run output registers,frontend_source_parallel_round78_20260613_1744/sub-fp16-int-enum-r78,medium,explore,medium,tested_nonwinning,official OK ADP 230320 did not beat current frontend/reference,sub-fp16-int-enum-r78,2026-06-13
ex225,fp16_log10,nested_log_boundary_low13_hi15_to_13,positive-normal helper module plus grouped high-vs-low output assigns,frontend_source_parallel_round78_20260613_1744/sub-fp16-int-enum-r78,medium,explore,medium,tested_nonwinning,official OK ADP 229980 did not beat current frontend/reference,sub-fp16-int-enum-r78,2026-06-13
ex225,fp16_log10,nested_log_boundary_low11_hi15_to_11,high-vs-low grouped output assigns with no extra keep,frontend_source_parallel_round78_20260613_1744/sub-fp16-int-enum-r78,medium,explore,medium,tested_nonwinning,official OK ADP 219184 did not beat current frontend/reference,sub-fp16-int-enum-r78,2026-06-13
ex225,fp16_log10,nested_log_boundary_low11_hi15_to_11,high-vs-low grouped output assigns plus kept sign_exp/mant/active decode,frontend_source_parallel_round78_20260613_1744/sub-fp16-int-enum-r78,medium,explore,medium,tested_nonwinning,official OK ADP 219602 did not beat current frontend/reference,sub-fp16-int-enum-r78,2026-06-13
ex225,fp16_log10,nested_log_boundary_low11_hi15_to_11,high-vs-low output boundary plus kept high-run output registers,frontend_source_parallel_round78_20260613_1744/sub-fp16-int-enum-r78,medium,explore,medium,tested_nonwinning,official OK ADP 219697 did not beat current frontend/reference,sub-fp16-int-enum-r78,2026-06-13
ex225,fp16_log10,nested_log_boundary_low11_hi15_to_11,positive-normal helper module plus grouped high-vs-low output assigns,frontend_source_parallel_round78_20260613_1744/sub-fp16-int-enum-r78,medium,explore,medium,tested_nonwinning,official OK ADP 219887 did not beat current frontend/reference,sub-fp16-int-enum-r78,2026-06-13
ex260,signed_low4_high4_multiply,current_source_boundary_enum_output_grouped,separate high/low output bit groups,frontend_source_parallel_round78_20260613_1744/sub-fp16-int-enum-r78,medium,explore,medium,tested_nonwinning,official OK ADP 1144 did not beat current frontend/reference,sub-fp16-int-enum-r78,2026-06-13
ex260,signed_low4_high4_multiply,current_source_boundary_enum_keep_common,keep common sign/compare/cofactor wires,frontend_source_parallel_round78_20260613_1744/sub-fp16-int-enum-r78,medium,explore,medium,tested_nonwinning,official OK ADP 1131 did not beat current frontend/reference,sub-fp16-int-enum-r78,2026-06-13
ex260,signed_low4_high4_multiply,current_source_boundary_enum_grouped_keep_common,combine output grouping with common sign/compare wire boundaries,frontend_source_parallel_round78_20260613_1744/sub-fp16-int-enum-r78,medium,explore,medium,tested_nonwinning,official OK ADP 1131 did not beat current frontend/reference,sub-fp16-int-enum-r78,2026-06-13
ex266,unsigned_low5_high5_div_dbz_sat,current_source_boundary_enum_output_grouped,separate high/low output bit groups,frontend_source_parallel_round78_20260613_1744/sub-fp16-int-enum-r78,medium,explore,medium,tested_nonwinning,official OK ADP 1672 did not beat current frontend/reference,sub-fp16-int-enum-r78,2026-06-13
ex266,unsigned_low5_high5_div_dbz_sat,current_source_boundary_enum_keep_common,keep common sign/compare/cofactor wires,frontend_source_parallel_round78_20260613_1744/sub-fp16-int-enum-r78,medium,explore,medium,tested_nonwinning,official OK ADP 1860 did not beat current frontend/reference,sub-fp16-int-enum-r78,2026-06-13
ex266,unsigned_low5_high5_div_dbz_sat,current_source_boundary_enum_grouped_keep_common,combine output grouping with common sign/compare wire boundaries,frontend_source_parallel_round78_20260613_1744/sub-fp16-int-enum-r78,medium,explore,medium,tested_nonwinning,official OK ADP 1860 did not beat current frontend/reference,sub-fp16-int-enum-r78,2026-06-13
ex266,unsigned_low5_high5_div_dbz_sat,current_source_boundary_enum_dbz_guard,explicit shared divide-by-zero guard around current word,frontend_source_parallel_round78_20260613_1744/sub-fp16-int-enum-r78,medium,explore,medium,tested_nonwinning,official OK ADP 1683 did not beat current frontend/reference,sub-fp16-int-enum-r78,2026-06-13
ex249,"E5M2FN hypot abs(high,low)",sparse_semantic_keep,keep only sparse semantic wires such as gap/round/sticky/winner/sign/product class when present; family=sparse semantic wire preservation,frontend_source_parallel_round78_20260613_1744/sub-fp8-mid-enum-r78,medium,explore,medium,tested_nonwinning,official OK ADP 5310 did not beat current frontend/reference,sub-fp8-mid-enum-r78,2026-06-13
ex249,"E5M2FN hypot abs(high,low)",split_44_output,split final output construction into high and low nibbles over a grouped helper core; family=4+4 output split with grouped helper,frontend_source_parallel_round78_20260613_1744/sub-fp8-mid-enum-r78,medium,explore,medium,tested_nonwinning,official OK ADP 5539 did not beat current frontend/reference,sub-fp8-mid-enum-r78,2026-06-13
ex249,"E5M2FN hypot abs(high,low)",split_field_output,split final output construction into sign/exponent/mantissa-style bit groups over a grouped helper core; family=field output split with grouped helper,frontend_source_parallel_round78_20260613_1744/sub-fp8-mid-enum-r78,medium,explore,medium,tested_nonwinning,official OK ADP 5539 did not beat current frontend/reference,sub-fp8-mid-enum-r78,2026-06-13
ex249,"E5M2FN hypot abs(high,low)",flat_staged_core,single flattened source with a staged final result wire and no helper wrapper; family=flattened staged core,frontend_source_parallel_round78_20260613_1744/sub-fp8-mid-enum-r78,medium,explore,medium,tested_nonwinning,official OK ADP 5730 did not beat current frontend/reference,sub-fp8-mid-enum-r78,2026-06-13
ex241,E4M3FN multiply high byte times low byte,sparse_semantic_keep,keep only sparse semantic wires such as gap/round/sticky/winner/sign/product class when present; family=sparse semantic wire preservation,frontend_source_parallel_round78_20260613_1744/sub-fp8-mid-enum-r78,medium,explore,medium,tested_nonwinning,official OK ADP 16590 did not beat current frontend/reference,sub-fp8-mid-enum-r78,2026-06-13
ex241,E4M3FN multiply high byte times low byte,split_44_output,split final output construction into high and low nibbles over a grouped helper core; family=4+4 output split with grouped helper,frontend_source_parallel_round78_20260613_1744/sub-fp8-mid-enum-r78,medium,explore,medium,tested_nonwinning,official OK ADP 16710 did not beat current frontend/reference,sub-fp8-mid-enum-r78,2026-06-13
ex241,E4M3FN multiply high byte times low byte,split_field_output,split final output construction into sign/exponent/mantissa-style bit groups over a grouped helper core; family=field output split with grouped helper,frontend_source_parallel_round78_20260613_1744/sub-fp8-mid-enum-r78,medium,explore,medium,tested_nonwinning,official OK ADP 16710 did not beat current frontend/reference,sub-fp8-mid-enum-r78,2026-06-13
ex241,E4M3FN multiply high byte times low byte,flat_staged_core,single flattened source with a staged final result wire and no helper wrapper; family=flattened staged core,frontend_source_parallel_round78_20260613_1744/sub-fp8-mid-enum-r78,medium,explore,medium,tested_nonwinning,official OK ADP 16620 did not beat current frontend/reference,sub-fp8-mid-enum-r78,2026-06-13
ex240,E4M3FN add high byte plus low byte,sparse_semantic_keep,keep only sparse semantic wires such as gap/round/sticky/winner/sign/product class when present; family=sparse semantic wire preservation,frontend_source_parallel_round78_20260613_1744/sub-fp8-mid-enum-r78,medium,explore,medium,tested_nonwinning,official OK ADP 29394 did not beat current frontend/reference,sub-fp8-mid-enum-r78,2026-06-13
ex240,E4M3FN add high byte plus low byte,split_44_output,split final output construction into high and low nibbles over a grouped helper core; family=4+4 output split with grouped helper,frontend_source_parallel_round78_20260613_1744/sub-fp8-mid-enum-r78,medium,explore,medium,tested_nonwinning,official OK ADP 29798 did not beat current frontend/reference,sub-fp8-mid-enum-r78,2026-06-13
ex240,E4M3FN add high byte plus low byte,split_field_output,split final output construction into sign/exponent/mantissa-style bit groups over a grouped helper core; family=field output split with grouped helper,frontend_source_parallel_round78_20260613_1744/sub-fp8-mid-enum-r78,medium,explore,medium,tested_nonwinning,official OK ADP 29798 did not beat current frontend/reference,sub-fp8-mid-enum-r78,2026-06-13
ex240,E4M3FN add high byte plus low byte,flat_staged_core,single flattened source with a staged final result wire and no helper wrapper; family=flattened staged core,frontend_source_parallel_round78_20260613_1744/sub-fp8-mid-enum-r78,medium,explore,medium,tested_nonwinning,official OK ADP 29900 did not beat current frontend/reference,sub-fp8-mid-enum-r78,2026-06-13
ex245,E5M2FN add high byte plus low byte,sparse_semantic_keep,keep only sparse semantic wires such as gap/round/sticky/winner/sign/product class when present; family=sparse semantic wire preservation,frontend_source_parallel_round78_20260613_1744/sub-fp8-mid-enum-r78,medium,explore,medium,tested_nonwinning,official OK ADP 25488 did not beat current frontend/reference,sub-fp8-mid-enum-r78,2026-06-13
ex245,E5M2FN add high byte plus low byte,split_44_output,split final output construction into high and low nibbles over a grouped helper core; family=4+4 output split with grouped helper,frontend_source_parallel_round78_20260613_1744/sub-fp8-mid-enum-r78,medium,explore,medium,tested_nonwinning,official OK ADP 24718 did not beat current frontend/reference,sub-fp8-mid-enum-r78,2026-06-13
ex245,E5M2FN add high byte plus low byte,split_field_output,split final output construction into sign/exponent/mantissa-style bit groups over a grouped helper core; family=field output split with grouped helper,frontend_source_parallel_round78_20260613_1744/sub-fp8-mid-enum-r78,medium,explore,medium,tested_nonwinning,official OK ADP 24718 did not beat current frontend/reference,sub-fp8-mid-enum-r78,2026-06-13
ex245,E5M2FN add high byte plus low byte,flat_staged_core,single flattened source with a staged final result wire and no helper wrapper; family=flattened staged core,frontend_source_parallel_round78_20260613_1744/sub-fp8-mid-enum-r78,medium,explore,medium,tested_nonwinning,official OK ADP 26136 did not beat current frontend/reference,sub-fp8-mid-enum-r78,2026-06-13
ex247,E5M2FN packed low-over-high division,common wire boundary toggle on high fanout semantic wires only,source-only; synth_sec=0.346; eval_sec=0.458; eval_code=0,frontend_source_parallel_round78_20260613_1744/sub-fp8-top-enum-r78,medium,explore,medium,tested_nonwinning,official OK ADP 8349 did not beat current frontend/reference,sub-fp8-top-enum-r78,2026-06-13
ex247,E5M2FN packed low-over-high division,output grouping boundary split into high and low nibbles,source-only; synth_sec=0.325; eval_sec=0.445; eval_code=0,frontend_source_parallel_round78_20260613_1744/sub-fp8-top-enum-r78,medium,explore,medium,tested_nonwinning,official OK ADP 8856 did not beat current frontend/reference,sub-fp8-top-enum-r78,2026-06-13
ex247,E5M2FN packed low-over-high division,single-bit output assignment boundary,source-only; synth_sec=0.322; eval_sec=0.480; eval_code=0,frontend_source_parallel_round78_20260613_1744/sub-fp8-top-enum-r78,medium,explore,medium,tested_nonwinning,official OK ADP 8760 did not beat current frontend/reference,sub-fp8-top-enum-r78,2026-06-13
ex247,E5M2FN packed low-over-high division,helper module boundary around output pack only,source-only; synth_sec=0.334; eval_sec=0.465; eval_code=0,frontend_source_parallel_round78_20260613_1744/sub-fp8-top-enum-r78,medium,explore,medium,tested_nonwinning,official OK ADP 8784 did not beat current frontend/reference,sub-fp8-top-enum-r78,2026-06-13
ex246,E5M2FN packed multiply high byte times low byte,common wire boundary toggle on high fanout semantic wires only,source-only; synth_sec=0.523; eval_sec=0.460; eval_code=0,frontend_source_parallel_round78_20260613_1744/sub-fp8-top-enum-r78,medium,explore,medium,tested_nonwinning,official OK ADP 8750 did not beat current frontend/reference,sub-fp8-top-enum-r78,2026-06-13
ex246,E5M2FN packed multiply high byte times low byte,output grouping boundary split into high and low nibbles,source-only; synth_sec=0.519; eval_sec=0.477; eval_code=0,frontend_source_parallel_round78_20260613_1744/sub-fp8-top-enum-r78,medium,explore,medium,tested_nonwinning,official OK ADP 8568 did not beat current frontend/reference,sub-fp8-top-enum-r78,2026-06-13
ex246,E5M2FN packed multiply high byte times low byte,single-bit output assignment boundary,source-only; synth_sec=0.552; eval_sec=0.466; eval_code=0,frontend_source_parallel_round78_20260613_1744/sub-fp8-top-enum-r78,medium,explore,medium,tested_nonwinning,official OK ADP 8472 did not beat current frontend/reference,sub-fp8-top-enum-r78,2026-06-13
ex246,E5M2FN packed multiply high byte times low byte,helper module boundary around output pack only,source-only; synth_sec=0.541; eval_sec=0.458; eval_code=0,frontend_source_parallel_round78_20260613_1744/sub-fp8-top-enum-r78,medium,explore,medium,tested_nonwinning,official OK ADP 8520 did not beat current frontend/reference,sub-fp8-top-enum-r78,2026-06-13
ex244,"E4M3FN packed hypot abs(high),abs(low)",common wire boundary toggle on high fanout semantic wires only,source-only; synth_sec=0.277; eval_sec=0.472; eval_code=0,frontend_source_parallel_round78_20260613_1744/sub-fp8-top-enum-r78,medium,explore,medium,tested_nonwinning,official OK ADP 11433 did not beat current frontend/reference,sub-fp8-top-enum-r78,2026-06-13
ex244,"E4M3FN packed hypot abs(high),abs(low)",output grouping boundary split into high and low nibbles,source-only; synth_sec=0.286; eval_sec=0.495; eval_code=0,frontend_source_parallel_round78_20260613_1744/sub-fp8-top-enum-r78,medium,explore,medium,tested_nonwinning,official OK ADP 12464 did not beat current frontend/reference,sub-fp8-top-enum-r78,2026-06-13
ex244,"E4M3FN packed hypot abs(high),abs(low)",single-bit output assignment boundary,source-only; synth_sec=0.288; eval_sec=0.485; eval_code=0,frontend_source_parallel_round78_20260613_1744/sub-fp8-top-enum-r78,medium,explore,medium,tested_nonwinning,official OK ADP 11988 did not beat current frontend/reference,sub-fp8-top-enum-r78,2026-06-13
ex244,"E4M3FN packed hypot abs(high),abs(low)",helper module boundary around output pack only,source-only; synth_sec=0.289; eval_sec=0.494; eval_code=0,frontend_source_parallel_round78_20260613_1744/sub-fp8-top-enum-r78,medium,explore,medium,tested_nonwinning,official OK ADP 12025 did not beat current frontend/reference,sub-fp8-top-enum-r78,2026-06-13
ex285,bounded selected-output/cofactor source mix,delta lane bits 4/7 over decision-tree source,official evaluate.py result; delta lane bits 4/7 over decision-tree source,frontend_source_parallel_round78_20260613_1744/sub-unknown-bitcluster-r78,medium,explore,medium,tested_nonwinning,official OK ADP 14195 did not beat current frontend/reference,sub-unknown-bitcluster-r78,2026-06-13
ex285,bounded selected-output/cofactor source mix,symcof edge route bits 0/11 over decision-tree source,official evaluate.py result; symcof edge route bits 0/11 over decision-tree source,frontend_source_parallel_round78_20260613_1744/sub-unknown-bitcluster-r78,medium,explore,medium,tested_nonwinning,official OK ADP 16240 did not beat current frontend/reference,sub-unknown-bitcluster-r78,2026-06-13
ex288,bounded selected-output/cofactor source mix,delta lane bits 6/8 over keyBDD source,official evaluate.py result; delta lane bits 6/8 over keyBDD source,frontend_source_parallel_round78_20260613_1744/sub-unknown-bitcluster-r78,medium,explore,medium,tested_nonwinning,official OK ADP 76912 did not beat current frontend/reference,sub-unknown-bitcluster-r78,2026-06-13
ex288,bounded selected-output/cofactor source mix,symcof edge bits 0/14 over keyBDD source,official evaluate.py result; symcof edge bits 0/14 over keyBDD source,frontend_source_parallel_round78_20260613_1744/sub-unknown-bitcluster-r78,medium,explore,medium,tested_nonwinning,official OK ADP 34110 did not beat current frontend/reference,sub-unknown-bitcluster-r78,2026-06-13
ex297,bounded selected-output/cofactor source mix,r74 pairxor bits 6/7 over r73 pairsel current source,official evaluate.py result; r74 pairxor bits 6/7 over r73 pairsel current source,frontend_source_parallel_round78_20260613_1744/sub-unknown-bitcluster-r78,medium,explore,medium,tested_nonwinning,official OK ADP 426128 did not beat current frontend/reference,sub-unknown-bitcluster-r78,2026-06-13
ex297,bounded selected-output/cofactor source mix,sel2 bits 0/1 over r73 pairsel current source,official evaluate.py result; sel2 bits 0/1 over r73 pairsel current source,frontend_source_parallel_round78_20260613_1744/sub-unknown-bitcluster-r78,medium,explore,medium,tested_nonwinning,official OK ADP 426336 did not beat current frontend/reference,sub-unknown-bitcluster-r78,2026-06-13
ex299,bounded selected-output/cofactor source mix,celllocal bits 8/9 over r75 sel2 current source,official evaluate.py result; celllocal bits 8/9 over r75 sel2 current source,frontend_source_parallel_round78_20260613_1744/sub-unknown-bitcluster-r78,medium,explore,medium,tested_nonwinning,official OK ADP 1777032 did not beat current frontend/reference,sub-unknown-bitcluster-r78,2026-06-13
ex299,bounded selected-output/cofactor source mix,pairsel bits 10/11 over r75 sel2/pairsel static source,official evaluate.py result; pairsel bits 10/11 over r75 sel2/pairsel static source,frontend_source_parallel_round78_20260613_1744/sub-unknown-bitcluster-r78,medium,explore,medium,tested_nonwinning,official OK ADP 1777878 did not beat current frontend/reference,sub-unknown-bitcluster-r78,2026-06-13
ex299,bounded selected-output/cofactor source mix,pairsel bits 6/7 over r75 sel2/pairsel static source,official evaluate.py result; pairsel bits 6/7 over r75 sel2/pairsel static source,frontend_source_parallel_round78_20260613_1744/sub-unknown-bitcluster-r78,medium,explore,medium,tested_nonwinning,official OK ADP 1778580 did not beat current frontend/reference,sub-unknown-bitcluster-r78,2026-06-13
ex223,fp16_log,frontend_best_source_split_after_bit15,adjacent output split with bit15 separated from bits14_0,frontend_source_parallel_round79_20260613_1838/sub-fp16-source-r79,medium,explore,medium,tested_nonwinning,official OK ADP 214740 did not beat current frontend/reference,sub-fp16-source-r79,2026-06-13
ex223,fp16_log,frontend_best_source_split_after_bit13,adjacent output split with bits15_13 separated from bits12_0,frontend_source_parallel_round79_20260613_1838/sub-fp16-source-r79,medium,explore,medium,tested_nonwinning,official OK ADP 204060 did not beat current frontend/reference,sub-fp16-source-r79,2026-06-13
ex223,fp16_log,frontend_best_source_split_after_bit12,wider high output split with bits15_12 separated from bits11_0,frontend_source_parallel_round79_20260613_1838/sub-fp16-source-r79,medium,explore,medium,tested_nonwinning,official OK ADP 214540 did not beat current frontend/reference,sub-fp16-source-r79,2026-06-13
ex223,fp16_log,frontend_best_source_single_high_bits_split,single-bit splits for both high-run outputs and one low residual group,frontend_source_parallel_round79_20260613_1838/sub-fp16-source-r79,medium,explore,medium,tested_nonwinning,official OK ADP 203661 did not beat current frontend/reference,sub-fp16-source-r79,2026-06-13
ex223,fp16_log,frontend_best_source_single_bit13_split,single low-msb-adjacent bit split at bit13 with high bits grouped,frontend_source_parallel_round79_20260613_1838/sub-fp16-source-r79,medium,explore,medium,tested_nonwinning,official OK ADP 204022 did not beat current frontend/reference,sub-fp16-source-r79,2026-06-13
ex223,fp16_log,frontend_best_source_single_bit12_split,single adjacent residual bit split at bit12,frontend_source_parallel_round79_20260613_1838/sub-fp16-source-r79,medium,explore,medium,tested_nonwinning,official OK ADP 214860 did not beat current frontend/reference,sub-fp16-source-r79,2026-06-13
ex223,fp16_log,frontend_best_source_r77_boundary_keep_highrun,r77 high-vs-low output split with keep only on high-run output regs,frontend_source_parallel_round79_20260613_1838/sub-fp16-source-r79,medium,explore,medium,tested_nonwinning,official OK ADP 203813 did not beat current frontend/reference,sub-fp16-source-r79,2026-06-13
ex223,fp16_log,frontend_best_source_bit13_boundary_keep_highrun,adjacent bit13 output split with keep only on high-run output regs,frontend_source_parallel_round79_20260613_1838/sub-fp16-source-r79,medium,explore,medium,tested_nonwinning,official OK ADP 204250 did not beat current frontend/reference,sub-fp16-source-r79,2026-06-13
ex225,fp16_log10,frontend_best_source_split_after_bit15,adjacent output split with bit15 separated from bits14_0,frontend_source_parallel_round79_20260613_1838/sub-fp16-source-r79,medium,explore,medium,tested_nonwinning,official OK ADP 219165 did not beat current frontend/reference,sub-fp16-source-r79,2026-06-13
ex225,fp16_log10,frontend_best_source_split_after_bit13,adjacent output split with bits15_13 separated from bits12_0,frontend_source_parallel_round79_20260613_1838/sub-fp16-source-r79,medium,explore,medium,tested_nonwinning,official OK ADP 230420 did not beat current frontend/reference,sub-fp16-source-r79,2026-06-13
ex225,fp16_log10,frontend_best_source_split_after_bit12,wider high output split with bits15_12 separated from bits11_0,frontend_source_parallel_round79_20260613_1838/sub-fp16-source-r79,medium,explore,medium,tested_nonwinning,official OK ADP 218652 did not beat current frontend/reference,sub-fp16-source-r79,2026-06-13
ex225,fp16_log10,frontend_best_source_single_high_bits_split,single-bit splits for both high-run outputs and one low residual group,frontend_source_parallel_round79_20260613_1838/sub-fp16-source-r79,medium,explore,medium,tested_nonwinning,official OK ADP 218747 did not beat current frontend/reference,sub-fp16-source-r79,2026-06-13
ex225,fp16_log10,frontend_best_source_single_bit13_split,single low-msb-adjacent bit split at bit13 with high bits grouped,frontend_source_parallel_round79_20260613_1838/sub-fp16-source-r79,medium,explore,medium,tested_nonwinning,official OK ADP 230180 did not beat current frontend/reference,sub-fp16-source-r79,2026-06-13
ex225,fp16_log10,frontend_best_source_single_bit12_split,single adjacent residual bit split at bit12,frontend_source_parallel_round79_20260613_1838/sub-fp16-source-r79,medium,explore,medium,tested_nonwinning,official OK ADP 218652 did not beat current frontend/reference,sub-fp16-source-r79,2026-06-13
ex225,fp16_log10,frontend_best_source_r77_boundary_keep_highrun,r77 high-vs-low output split with keep only on high-run output regs,frontend_source_parallel_round79_20260613_1838/sub-fp16-source-r79,medium,explore,medium,tested_nonwinning,official OK ADP 218728 did not beat current frontend/reference,sub-fp16-source-r79,2026-06-13
ex225,fp16_log10,frontend_best_source_bit13_boundary_keep_highrun,adjacent bit13 output split with keep only on high-run output regs,frontend_source_parallel_round79_20260613_1838/sub-fp16-source-r79,medium,explore,medium,tested_nonwinning,official OK ADP 218595 did not beat current frontend/reference,sub-fp16-source-r79,2026-06-13
ex247,E5M2FN packed low-over-high division,keep highfanout semantic wires plus bit-level output assignment,source-only; synth_sec=0.324; eval_sec=0.464; synth_code=0; eval_code=0,frontend_source_parallel_round79_20260613_1838/sub-fp8-source-r79,medium,explore,medium,tested_nonwinning,official OK ADP 8349 did not beat current frontend/reference,sub-fp8-source-r79,2026-06-13
ex246,E5M2FN packed multiply high byte times low byte,keep highfanout semantic wires plus bit-level output assignment,source-only; synth_sec=0.523; eval_sec=0.476; synth_code=0; eval_code=0,frontend_source_parallel_round79_20260613_1838/sub-fp8-source-r79,medium,explore,medium,tested_nonwinning,official OK ADP 8750 did not beat current frontend/reference,sub-fp8-source-r79,2026-06-13
ex244,"E4M3FN packed hypot abs(high),abs(low)",keep highfanout semantic wires plus bit-level output assignment,source-only; synth_sec=0.289; eval_sec=0.499; synth_code=0; eval_code=0,frontend_source_parallel_round79_20260613_1838/sub-fp8-source-r79,medium,explore,medium,tested_nonwinning,official OK ADP 11433 did not beat current frontend/reference,sub-fp8-source-r79,2026-06-13
ex249,"E5M2FN hypot abs(high,low)",split compact delta semantic wire into kept bit predicates,source-only; synth_sec=0.233; eval_sec=0.464; synth_code=0; eval_code=0,frontend_source_parallel_round79_20260613_1838/sub-fp8-source-r79,medium,explore,medium,tested_nonwinning,official OK ADP 5310 did not beat current frontend/reference,sub-fp8-source-r79,2026-06-13
ex260,signed_low4_high4_multiply,bounded_source_boundary_variant,common_keep_subset_pg_only,frontend_source_parallel_round79_20260613_1838/sub-integer-source-r79,medium,explore,medium,tested_nonwinning,official OK ADP 1218 did not beat current frontend/reference,sub-integer-source-r79,2026-06-13
ex260,signed_low4_high4_multiply,bounded_source_boundary_variant,common_keep_subset_cin_only,frontend_source_parallel_round79_20260613_1838/sub-integer-source-r79,medium,explore,medium,tested_nonwinning,official OK ADP 1144 did not beat current frontend/reference,sub-integer-source-r79,2026-06-13
ex260,signed_low4_high4_multiply,bounded_source_boundary_variant,common_keep_subset_sign_only,frontend_source_parallel_round79_20260613_1838/sub-integer-source-r79,medium,explore,medium,tested_nonwinning,official OK ADP 1144 did not beat current frontend/reference,sub-integer-source-r79,2026-06-13
ex260,signed_low4_high4_multiply,bounded_source_boundary_variant,common_keep_subset_sign_cin,frontend_source_parallel_round79_20260613_1838/sub-integer-source-r79,medium,explore,medium,tested_nonwinning,official OK ADP 1144 did not beat current frontend/reference,sub-integer-source-r79,2026-06-13
ex260,signed_low4_high4_multiply,bounded_source_boundary_variant,common_keep_subset_sign_pg,frontend_source_parallel_round79_20260613_1838/sub-integer-source-r79,medium,explore,medium,tested_nonwinning,official OK ADP 1218 did not beat current frontend/reference,sub-integer-source-r79,2026-06-13
ex260,signed_low4_high4_multiply,bounded_source_boundary_variant,common_keep_subset_p_only,frontend_source_parallel_round79_20260613_1838/sub-integer-source-r79,medium,explore,medium,tested_nonwinning,official OK ADP 1144 did not beat current frontend/reference,sub-integer-source-r79,2026-06-13
ex260,signed_low4_high4_multiply,bounded_source_boundary_variant,common_keep_subset_g_only,frontend_source_parallel_round79_20260613_1838/sub-integer-source-r79,medium,explore,medium,tested_nonwinning,official OK ADP 1218 did not beat current frontend/reference,sub-integer-source-r79,2026-06-13
ex260,signed_low4_high4_multiply,bounded_source_boundary_variant,common_keep_subset_p_cin,frontend_source_parallel_round79_20260613_1838/sub-integer-source-r79,medium,explore,medium,tested_nonwinning,official OK ADP 1144 did not beat current frontend/reference,sub-integer-source-r79,2026-06-13
ex260,signed_low4_high4_multiply,bounded_source_boundary_variant,common_keep_subset_g_cin,frontend_source_parallel_round79_20260613_1838/sub-integer-source-r79,medium,explore,medium,tested_nonwinning,official OK ADP 1131 did not beat current frontend/reference,sub-integer-source-r79,2026-06-13
ex260,signed_low4_high4_multiply,bounded_source_boundary_variant,common_keep_rows_plus_current,frontend_source_parallel_round79_20260613_1838/sub-integer-source-r79,medium,explore,medium,tested_nonwinning,official OK ADP 1131 did not beat current frontend/reference,sub-integer-source-r79,2026-06-13
ex260,signed_low4_high4_multiply,bounded_source_boundary_variant,output_split_individual_bits,frontend_source_parallel_round79_20260613_1838/sub-integer-source-r79,medium,explore,medium,tested_nonwinning,official OK ADP 1131 did not beat current frontend/reference,sub-integer-source-r79,2026-06-13
ex260,signed_low4_high4_multiply,bounded_source_boundary_variant,output_split_hi_lo_keep,frontend_source_parallel_round79_20260613_1838/sub-integer-source-r79,medium,explore,medium,tested_nonwinning,official OK ADP 1131 did not beat current frontend/reference,sub-integer-source-r79,2026-06-13
ex260,signed_low4_high4_multiply,bounded_source_boundary_variant,anf_common_monomial_low_bits,frontend_source_parallel_round79_20260613_1838/sub-integer-source-r79,medium,explore,medium,tested_nonwinning,official OK ADP 1232 did not beat current frontend/reference,sub-integer-source-r79,2026-06-13
ex266,unsigned_low5_high5_div_dbz_sat,compact_quotient_boundary_variant,quotient_threshold_guarded_bits,frontend_source_parallel_round79_20260613_1838/sub-integer-source-r79,medium,explore,medium,tested_nonwinning,official OK ADP 2548 did not beat current frontend/reference,sub-integer-source-r79,2026-06-13
ex266,unsigned_low5_high5_div_dbz_sat,compact_quotient_boundary_variant,quotient_divisor_hi_boundary,frontend_source_parallel_round79_20260613_1838/sub-integer-source-r79,medium,explore,medium,tested_nonwinning,official OK ADP  did not beat current frontend/reference,sub-integer-source-r79,2026-06-13
ex299,bounded selected-output/cofactor source mix,celllocal_bits_7_8_over_r75_sel2_static,official evaluate.py result; adjacent celllocal bits 7/8 around r78 pair89,frontend_source_parallel_round79_20260613_1838/sub-unknown-large-bitmix-r79,medium,explore,medium,tested_nonwinning,official OK ADP 1778760 did not beat current frontend/reference,sub-unknown-large-bitmix-r79,2026-06-13
ex299,bounded selected-output/cofactor source mix,celllocal_bits_8_10_over_r75_sel2_static,official evaluate.py result; symmetric celllocal bits 8/10 around r78 pair89,frontend_source_parallel_round79_20260613_1838/sub-unknown-large-bitmix-r79,medium,explore,medium,tested_nonwinning,official OK ADP 1778760 did not beat current frontend/reference,sub-unknown-large-bitmix-r79,2026-06-13
ex299,bounded selected-output/cofactor source mix,celllocal_bits_7_9_over_r75_sel2_static,official evaluate.py result; symmetric celllocal bits 7/9 around r78 pair89,frontend_source_parallel_round79_20260613_1838/sub-unknown-large-bitmix-r79,medium,explore,medium,tested_nonwinning,official OK ADP 1777320 did not beat current frontend/reference,sub-unknown-large-bitmix-r79,2026-06-13
ex299,bounded selected-output/cofactor source mix,celllocal_bits_8_9_10_over_r75_sel2_static,official evaluate.py result; adjacent triple includes r78 pair89 plus bit10 and is distinct from pair89 alone,frontend_source_parallel_round79_20260613_1838/sub-unknown-large-bitmix-r79,medium,explore,medium,tested_nonwinning,official OK ADP 1779174 did not beat current frontend/reference,sub-unknown-large-bitmix-r79,2026-06-13
ex223,fp16_log,current_frontend_best_source_with_compact_shared_special_decode,shared zero/negative/inf/nan constant predicates feeding existing normal source,frontend_source_parallel_round80_20260613_1915/sub-fp16-source-r80,medium,explore,medium,tested_nonwinning,official OK ADP 204117 did not beat current frontend/reference,sub-fp16-source-r80,2026-06-13
ex223,fp16_log,positive_normal_mant_hi6_base_word_plus_lo4_xor_residual,shared sign_exp/mant_hi6 base table plus exact low-nibble XOR residual,frontend_source_parallel_round80_20260613_1915/sub-fp16-source-r80,medium,explore,medium,tested_nonwinning,official OK ADP 271100 did not beat current frontend/reference,sub-fp16-source-r80,2026-06-13
ex225,fp16_log10,current_frontend_best_source_with_compact_shared_special_decode,shared zero/negative/inf/nan constant predicates feeding existing normal source,frontend_source_parallel_round80_20260613_1915/sub-fp16-source-r80,medium,explore,medium,tested_nonwinning,official OK ADP 218633 did not beat current frontend/reference,sub-fp16-source-r80,2026-06-13
ex225,fp16_log10,positive_normal_mant_hi6_base_word_plus_lo4_xor_residual,shared sign_exp/mant_hi6 base table plus exact low-nibble XOR residual,frontend_source_parallel_round80_20260613_1915/sub-fp16-source-r80,medium,explore,medium,tested_nonwinning,official OK ADP 252225 did not beat current frontend/reference,sub-fp16-source-r80,2026-06-13
ex247,ex247_r80_step_onehot_low_region,,source-only; synth_sec=0.356; eval_sec=0.457; synth_code=0; eval_code=0,frontend_source_parallel_round80_20260613_1915/sub-fp8-struct-r80,medium,explore,medium,tested_nonwinning,official OK ADP 8664 did not beat current frontend/reference,sub-fp8-struct-r80,2026-06-13
ex247,ex247_r80_region_mask_blend,,source-only; synth_sec=0.309; eval_sec=0.468; synth_code=0; eval_code=0,frontend_source_parallel_round80_20260613_1915/sub-fp8-struct-r80,medium,explore,medium,tested_nonwinning,official OK ADP 8712 did not beat current frontend/reference,sub-fp8-struct-r80,2026-06-13
ex246,ex246_r80_zero_product_bypass,,source-only; synth_sec=0.567; eval_sec=0.464; synth_code=0; eval_code=0,frontend_source_parallel_round80_20260613_1915/sub-fp8-struct-r80,medium,explore,medium,tested_nonwinning,official OK ADP 8520 did not beat current frontend/reference,sub-fp8-struct-r80,2026-06-13
ex246,ex246_r80_sorted_sig_product,,source-only; synth_sec=0.545; eval_sec=0.459; synth_code=0; eval_code=0,frontend_source_parallel_round80_20260613_1915/sub-fp8-struct-r80,medium,explore,medium,tested_nonwinning,official OK ADP 10422 did not beat current frontend/reference,sub-fp8-struct-r80,2026-06-13
ex244,ex244_r80_sat_delta_case_tail,,source-only; synth_sec=0.349; eval_sec=0.506; synth_code=0; eval_code=0,frontend_source_parallel_round80_20260613_1915/sub-fp8-struct-r80,medium,explore,medium,tested_nonwinning,official OK ADP 16422 did not beat current frontend/reference,sub-fp8-struct-r80,2026-06-13
ex244,ex244_r80_zero_guard_sat_delta_tail,,source-only; synth_sec=0.363; eval_sec=0.504; synth_code=0; eval_code=0,frontend_source_parallel_round80_20260613_1915/sub-fp8-struct-r80,medium,explore,medium,tested_nonwinning,official OK ADP 16422 did not beat current frontend/reference,sub-fp8-struct-r80,2026-06-13
ex260,signed_low4_high4_multiply,sign quadrant local product words,one low6 key drives four signed quadrant output words,frontend_source_parallel_round80_20260613_1915/sub-integer-front-r80,medium,explore,medium,tested_nonwinning,official OK ADP 2497 did not beat current frontend/reference,sub-integer-front-r80,2026-06-13
ex260,signed_low4_high4_multiply,unsigned 4x4 product minus sign-bias rows,shared unsigned product with two sign correction shifts,frontend_source_parallel_round80_20260613_1915/sub-integer-front-r80,medium,explore,medium,tested_nonwinning,official OK ADP 2489 did not beat current frontend/reference,sub-integer-front-r80,2026-06-13
ex266,unsigned_low5_high5_div_dbz_sat,power-of-two and high-divisor regions plus local direct low region,shared high-divisor q<=2 predicates before low-region division,frontend_source_parallel_round80_20260613_1915/sub-integer-front-r80,medium,explore,medium,tested_nonwinning,official OK ADP 2492 did not beat current frontend/reference,sub-integer-front-r80,2026-06-13
ex266,unsigned_low5_high5_div_dbz_sat,parallel q>=16/8/4/2/1 threshold class with exact b=1 residual,top quotient class shares shifted divisor comparisons,frontend_source_parallel_round80_20260613_1915/sub-integer-front-r80,medium,explore,medium,tested_nonwinning,official OK ADP 6400 did not beat current frontend/reference,sub-integer-front-r80,2026-06-13
ex265,unsigned_low4_high4_div_dbz_sat,power-of-two and high-divisor regions plus local direct low region,shared high-divisor q<=2 predicates before low-region division,frontend_source_parallel_round80_20260613_1915/sub-integer-front-r80,medium,explore,medium,tested_nonwinning,official OK ADP 882 did not beat current frontend/reference,sub-integer-front-r80,2026-06-13
ex267,unsigned_low6_high6_div_dbz_sat,power-of-two and high-divisor regions plus local direct low region,shared high-divisor q<=2 predicates before low-region division,frontend_source_parallel_round80_20260613_1915/sub-integer-front-r80,medium,explore,medium,tested_nonwinning,official OK ADP 5680 did not beat current frontend/reference,sub-integer-front-r80,2026-06-13
ex270,unsigned_square_x_times_x,balanced adder tree over diagonal and doubled cross terms,each square cross term generated once before balanced source adds,frontend_source_parallel_round80_20260613_1915/sub-integer-front-r80,medium,explore,medium,tested_nonwinning,official OK ADP 6270 did not beat current frontend/reference,sub-integer-front-r80,2026-06-13
ex273,unsigned_square_x_times_x,balanced adder tree over diagonal and doubled cross terms,each square cross term generated once before balanced source adds,frontend_source_parallel_round80_20260613_1915/sub-integer-front-r80,medium,explore,medium,tested_nonwinning,official OK ADP 34546 did not beat current frontend/reference,sub-integer-front-r80,2026-06-13
ex274,unsigned_square_x_times_x,balanced adder tree over diagonal and doubled cross terms,each square cross term generated once before balanced source adds,frontend_source_parallel_round80_20260613_1915/sub-integer-front-r80,medium,explore,medium,tested_nonwinning,official OK ADP 58926 did not beat current frontend/reference,sub-integer-front-r80,2026-06-13
ex276,unsigned_floor_isqrt_10_to_5,hi6 bucket base root plus up to four shared local threshold corrections,one high bucket word drives all output bits with shared next-root thresholds,frontend_source_parallel_round80_20260613_1915/sub-integer-front-r80,medium,explore,medium,tested_nonwinning,official OK ADP 6240 did not beat current frontend/reference,sub-integer-front-r80,2026-06-13
ex297,bounded selected-output cofactor source mix,pairxor low and high adjacent pairs over r73 pairsel current source,"reuse r73 pairsel base and r74 pairxor/celllocal exact source, selecting bits 2/3/10/11",frontend_source_parallel_round80_20260613_1915/sub-unknown-large-r80,medium,explore,medium,tested_nonwinning,official OK ADP 426832 did not beat current frontend/reference,sub-unknown-large-r80,2026-06-13
ex299,bounded selected-output cofactor source mix,celllocal high-tail bits 10/11 over r75 sel2 static source,reuse r79 stopped source and run official frontend evaluation,frontend_source_parallel_round80_20260613_1915/sub-unknown-large-r80,medium,explore,medium,tested_nonwinning,official OK ADP 1778058 did not beat current frontend/reference,sub-unknown-large-r80,2026-06-13
ex299,output cofactor groups beyond adjacent pair89 toggles,edge-cell celllocal bits over current r78 pair89 source,reuse current r78 source and a cell-local donor only on the two edge cells,frontend_source_parallel_round80_20260613_1915/sub-unknown-large-r80,medium,explore,medium,tested_nonwinning,official OK ADP 1777914 did not beat current frontend/reference,sub-unknown-large-r80,2026-06-13
ex285,Hamming-layer pair descriptor cofactor can expose shared route predicates,layer_and_pair_descriptor_source_mux,shared popcount layer and pair OR/AND descriptors gate selected edge outputs between exact route bodies,frontend_source_parallel_round80_20260613_1915/sub-unknown-route-r80,medium,explore,medium,tested_nonwinning,official OK ADP 15371 did not beat current frontend/reference,sub-unknown-route-r80,2026-06-13
ex285,central-layer and outer-edge cofactors can expose common decision-tree route predicates,center_layer_outer_xor_source_mux,center-layer popcount and outer-bit xor predicate select alternate exact route body for sparse PO set,frontend_source_parallel_round80_20260613_1915/sub-unknown-route-r80,medium,explore,medium,tested_nonwinning,official OK ADP 14616 did not beat current frontend/reference,sub-unknown-route-r80,2026-06-13
ex288,three-pair route descriptors can cofactor low-delay k6 subfunctions without full keyBDD replay,pair_descriptor_keybdd_k6_source_mux,shared p45/p67/p89 OR/AND descriptors select low-delay k6 exact body for selected route outputs,frontend_source_parallel_round80_20260613_1915/sub-unknown-route-r80,medium,explore,medium,tested_nonwinning,official OK ADP 34305 did not beat current frontend/reference,sub-unknown-route-r80,2026-06-13
ex288,middle Hamming-weight layers can share low-delay k6 route cofactors,middle_layer_keybdd_k6_source_mux,shared popcount middle-layer predicate selects low-delay k6 exact body for adjacent route outputs,frontend_source_parallel_round80_20260613_1915/sub-unknown-route-r80,medium,explore,medium,tested_nonwinning,official OK ADP 36272 did not beat current frontend/reference,sub-unknown-route-r80,2026-06-13
ex292,mirror-pair lane parity can cofactor mod4 output-plane BDD roots,mod4_output_planes_with_mirror_lane_cofactor,shared mirror lane parity selects exact mirror-order body for one mod4 output plane,frontend_source_parallel_round80_20260613_1915/sub-unknown-route-r80,medium,explore,medium,tested_nonwinning,official OK ADP 148500 did not beat current frontend/reference,sub-unknown-route-r80,2026-06-13
ex294,sparse mirror-pair descriptor can cofactor mod4 global-state roots,shared_bdd_mod4_mirror_source_mux,shared mirror-pair descriptor selects mod4 exact body for one output plane,frontend_source_parallel_round80_20260613_1915/sub-unknown-route-r80,medium,explore,medium,tested_nonwinning,official OK ADP 245525 did not beat current frontend/reference,sub-unknown-route-r80,2026-06-13
ex223,fp16_log,mant_hi7 affine base+slope plus exact mant_lo3 signed residual,shared sign_exp/mant_hi base+slope tables with sparse exact residual correction,frontend_radical_parallel_round81_20260613_1958/sub-fp16-radical-r81,medium,explore,medium,tested_nonwinning,official OK ADP 388861 did not beat current frontend/reference,sub-fp16-radical-r81,2026-06-13
ex225,fp16_log10,mant_hi7 affine base+slope plus exact mant_lo3 signed residual,shared sign_exp/mant_hi base+slope tables with sparse exact residual correction,frontend_radical_parallel_round81_20260613_1958/sub-fp16-radical-r81,medium,explore,medium,tested_nonwinning,official OK ADP 403596 did not beat current frontend/reference,sub-fp16-radical-r81,2026-06-13
ex247,E5M2FN packed low-over-high division,exact exponent-delta/significand residual decision list,"shared special shell, sign xor, effective exponent delta, numerator/denominator significands",frontend_radical_parallel_round81_20260613_1958/sub-fp8-radical-r81,medium,explore,medium,tested_nonwinning,official OK ADP 13961 did not beat current frontend/reference,sub-fp8-radical-r81,2026-06-13
ex266,unsigned_division_leading_denominator_range,shared_b_multiples_threshold_binary_encode,official evaluate.py equivalent; ex266|unsigned_division_leading_denominator_range|shared_b_multiple_threshold_binary_encoder|shared_constant_multiples_and_binary_threshold_flag...,frontend_radical_parallel_round81_20260613_1958/sub-integer-radical-r81,medium,explore,medium,tested_nonwinning,official OK ADP 7360 did not beat current frontend/reference,sub-integer-radical-r81,2026-06-13
ex266,unsigned_division_reciprocal_seed_with_exact_correction,six_bit_reciprocal_table_multiply_plus_one_threshold_correction,official evaluate.py equivalent; ex266|unsigned_division_reciprocal_seed_with_exact_correction|reciprocal_table_multiply_plus_single_increment_check|shared_reciprocal_product_an...,frontend_radical_parallel_round81_20260613_1958/sub-integer-radical-r81,medium,explore,medium,tested_nonwinning,official OK ADP 13294 did not beat current frontend/reference,sub-integer-radical-r81,2026-06-13
ex276,unsigned_isqrt_binary_trial_square_network,prefix_selected_constant_square_thresholds,official evaluate.py equivalent; ex276|unsigned_isqrt_binary_trial_square_network|binary_search_square_threshold_mux|shared_prefix_selected_constant_square_comparators|yosys_abc...,frontend_radical_parallel_round81_20260613_1958/sub-integer-radical-r81,medium,explore,medium,tested_nonwinning,official OK ADP 1859 did not beat current frontend/reference,sub-integer-radical-r81,2026-06-13
ex294,larger sparse octant descriptor can cofactor global-state roots beyond round80 mod4 mirror plane,octant_plane_descriptor_source_mux,shared endpoint/midpoint octant descriptor selects exact mod4-plane body for all even output roots,frontend_radical_parallel_round81_20260613_1958/sub-unknown-descriptor-r81,medium,explore,medium,tested_nonwinning,official OK ADP 234608 did not beat current frontend/reference,sub-unknown-descriptor-r81,2026-06-13
ex297,cyclic 2-bit symbol transition descriptor,shared pair-transition mask over cell/bit descriptor roots,official evaluate.py result; not r78/r79/r80; descriptor-mask DAG over r73 cell/bit roots,frontend_radical_parallel_round81_20260613_1958/sub-unknown-rot2-r81,medium,explore,medium,tested_nonwinning,official OK ADP 426192 did not beat current frontend/reference,sub-unknown-rot2-r81,2026-06-13
ex299,cyclic 2-bit symbol transition descriptor,shared transition descriptor boundary around pre-pair89 sel2/pairsel source,official evaluate.py result; uses pre-pair89 base from the r78 source file; does not graft pair89/celllocal bits,frontend_radical_parallel_round81_20260613_1958/sub-unknown-rot2-r81,medium,explore,medium,tested_nonwinning,official OK ADP 1778724 did not beat current frontend/reference,sub-unknown-rot2-r81,2026-06-13
ex225,fp16_log10,low12 output group with mant_hi4/mant_lo6 nested LUT,positive-normal exp-group high-bit run trees plus shared low12 nested LUT,frontend_radical_parallel_round82_20260613_2022/sub-fp16-log-r82,medium,explore,medium,tested_nonwinning,official OK ADP 225560 did not beat current frontend/reference,sub-fp16-log-r82,2026-06-13
ex247,E5M2FN packed low-over-high division,frontend-best r48 anchor re-evaluated in r82 shard,preserve existing shared denominator-boundary structure,frontend_radical_parallel_round82_20260613_2022/sub-fp8-threshold-r82,medium,explore,medium,tested_nonwinning,official OK ADP 7291 did not beat current frontend/reference,sub-fp8-threshold-r82,2026-06-13
ex260,signed_low4_high4_multiply,radix-2 signed digit rows with negative sign-bit row,shared sign-extended multiplicand and balanced two-pair partial sums,frontend_radical_parallel_round82_20260613_2022/sub-integer-tight-r82,medium,explore,medium,tested_nonwinning,official OK ADP 1802 did not beat current frontend/reference,sub-integer-tight-r82,2026-06-13
ex246,feature-space output-bit predicate minimization,shared class/rounding signal SOP,shared class/rounding feature SOP,frontend_radical_parallel_round83_20260613_2038/sub-fp8-logicmin-r83,medium,explore,medium,tested_nonwinning,official OK ADP 8472 did not beat current frontend/reference,sub-fp8-logicmin-r83,2026-06-13
ex247,feature-space output-bit predicate minimization,shared class/rounding signal SOP,shared class/rounding feature SOP,frontend_radical_parallel_round83_20260613_2038/sub-fp8-logicmin-r83,medium,explore,medium,tested_nonwinning,official OK ADP 17523 did not beat current frontend/reference,sub-fp8-logicmin-r83,2026-06-13
ex260,signed_low4_high4_multiply,radix4_booth_two_window_compact_sum,two Booth partial terms plus compact final sum,frontend_radical_parallel_round83_20260613_2038/sub-mixed-hard-r83,medium,explore,medium,tested_nonwinning,official OK ADP 1648 did not beat current frontend/reference,sub-mixed-hard-r83,2026-06-13
ex260,signed_low4_high4_multiply,semantic output-word hit cover grouped by exact product value,one predicate per product word drives all output bits,frontend_radical_parallel_round84_20260613_2103/sub-arith-fp16-r84,medium,explore,medium,tested_nonwinning,official OK ADP 6768 did not beat current frontend/reference,sub-arith-fp16-r84,2026-06-13
ex266,unsigned_low5_high5_divide_dbz_sat,semantic quotient-word hit cover grouped by exact quotient value,one predicate per quotient word drives all quotient bits,frontend_radical_parallel_round84_20260613_2103/sub-arith-fp16-r84,medium,explore,medium,tested_nonwinning,official OK ADP 6318 did not beat current frontend/reference,sub-arith-fp16-r84,2026-06-13
ex223,fp16_log,positive-normal high output word run tree plus low nested truth LUT,single multi-bit highword predicate tree shares boundaries across high output bits,frontend_radical_parallel_round84_20260613_2103/sub-arith-fp16-r84,medium,explore,medium,tested_nonwinning,official OK ADP 204649 did not beat current frontend/reference,sub-arith-fp16-r84,2026-06-13
ex225,fp16_log10,positive-normal high output word run tree plus low nested truth LUT,single multi-bit highword predicate tree shares boundaries across high output bits,frontend_radical_parallel_round84_20260613_2103/sub-arith-fp16-r84,medium,explore,medium,tested_nonwinning,official OK ADP 219830 did not beat current frontend/reference,sub-arith-fp16-r84,2026-06-13
ex247,E5M2FN packed low-over-high division,truth-derived descriptor case split by full word,cofactored output grouping over one shared descriptor,frontend_radical_parallel_round84_20260613_2103/sub-fp8-structural-r84,medium,explore,medium,tested_nonwinning,official OK ADP 53850 did not beat current frontend/reference,sub-fp8-structural-r84,2026-06-13
ex247,E5M2FN packed low-over-high division,truth-derived descriptor case split by nibbles,cofactored output grouping over one shared descriptor,frontend_radical_parallel_round84_20260613_2103/sub-fp8-structural-r84,medium,explore,medium,tested_nonwinning,official OK ADP 105504 did not beat current frontend/reference,sub-fp8-structural-r84,2026-06-13
ex246,E5M2FN packed multiply,truth-derived descriptor case split by full word,cofactored output grouping over one shared descriptor,frontend_radical_parallel_round84_20260613_2103/sub-fp8-structural-r84,medium,explore,medium,tested_nonwinning,official OK ADP 28826 did not beat current frontend/reference,sub-fp8-structural-r84,2026-06-13
ex244,E4M3FN packed hypot abs high low,truth-derived descriptor case split by full word,cofactored output grouping over one shared descriptor,frontend_radical_parallel_round84_20260613_2103/sub-fp8-structural-r84,medium,explore,medium,tested_nonwinning,official OK ADP 51520 did not beat current frontend/reference,sub-fp8-structural-r84,2026-06-13
ex246,E5M2FN packed multiply,truth-derived descriptor case split by nibbles,cofactored output grouping over one shared descriptor,frontend_radical_parallel_round84_20260613_2103/sub-fp8-structural-r84,medium,explore,medium,tested_nonwinning,official OK ADP 22880 did not beat current frontend/reference,sub-fp8-structural-r84,2026-06-13
ex244,E4M3FN packed hypot abs high low,truth-derived descriptor case split by nibbles,cofactored output grouping over one shared descriptor,frontend_radical_parallel_round84_20260613_2103/sub-fp8-structural-r84,medium,explore,medium,tested_nonwinning,official OK ADP 53976 did not beat current frontend/reference,sub-fp8-structural-r84,2026-06-13
ex249,"E5M2FN packed hypot abs(high,low)",max/min semantic delta BDD with interleaved key order,shared max/min decode and four output delta roots,frontend_radical_parallel_round84_20260613_2103/sub-fp8-wide-r84,medium,explore,medium,tested_nonwinning,official OK ADP 8979 did not beat current frontend/reference,sub-fp8-wide-r84,2026-06-13
ex249,"E5M2FN packed hypot abs(high,low)",full truth shared BDD with FP8 field-major input order,shared BDD internal nodes across all output bits,frontend_radical_parallel_round84_20260613_2103/sub-fp8-wide-r84,medium,explore,medium,tested_nonwinning,official OK ADP 17365 did not beat current frontend/reference,sub-fp8-wide-r84,2026-06-13
ex241,E4M3FN packed multiply high byte times low byte,exponent-sum plus significand-product magnitude table,"shared sign xor, effective exponent sum, and product key",frontend_radical_parallel_round84_20260613_2103/sub-fp8-wide-r84,medium,explore,medium,tested_nonwinning,official OK ADP 26530 did not beat current frontend/reference,sub-fp8-wide-r84,2026-06-13
ex241,E4M3FN packed multiply high byte times low byte,full truth shared BDD with FP8 field-major input order,shared BDD internal nodes across all output bits,frontend_radical_parallel_round84_20260613_2103/sub-fp8-wide-r84,medium,explore,medium,tested_nonwinning,official OK ADP 46948 did not beat current frontend/reference,sub-fp8-wide-r84,2026-06-13
ex240,E4M3FN packed add high byte plus low byte,decoded integer magnitudes plus exact RNE normalizer,shared magnitude decoder and one exact normalizer for signed sum,frontend_radical_parallel_round84_20260613_2103/sub-fp8-wide-r84,medium,explore,medium,tested_nonwinning,official OK ADP 92560 did not beat current frontend/reference,sub-fp8-wide-r84,2026-06-13
ex240,E4M3FN packed add high byte plus low byte,full truth shared BDD with byte-interleaved FP8 field order,shared BDD internal nodes across all output bits,frontend_radical_parallel_round84_20260613_2103/sub-fp8-wide-r84,medium,explore,medium,tested_nonwinning,official OK ADP 65088 did not beat current frontend/reference,sub-fp8-wide-r84,2026-06-13
ex245,E5M2FN packed add high byte plus low byte,separate same-sign and diff-sign sorted-magnitude BDDs,shared sorted field decode feeding separate same/diff BDD roots,frontend_radical_parallel_round84_20260613_2103/sub-fp8-wide-r84,medium,explore,medium,tested_nonwinning,official OK ADP 43488 did not beat current frontend/reference,sub-fp8-wide-r84,2026-06-13
ex245,E5M2FN packed add high byte plus low byte,small-gap local normalizer with passthrough guards,shared sorted field decode and local gap-limited normalizer,frontend_radical_parallel_round84_20260613_2103/sub-fp8-wide-r84,medium,explore,medium,tested_nonwinning,official OK ADP 50400 did not beat current frontend/reference,sub-fp8-wide-r84,2026-06-13
ex285,hamming-weight route sorted-position descriptor,sorted_position_descriptor,selected_groups=19; selected_rows=38; conflict_keys=625; runtime_sec=8.567,frontend_radical_parallel_round84_20260613_2103/sub-unknown-route-r84,medium,explore,medium,tested_nonwinning,official OK ADP 13736 did not beat current frontend/reference,sub-unknown-route-r84,2026-06-13
ex223,fp16_log,positive-normal selected high-bit residual over frontend-best source,shared base decode plus exact per-bit output cluster replacement,frontend_hybrid_parallel_round85_20260613_2139/sub-fp16-int-hybrid-r85,medium,explore,medium,tested_nonwinning,official OK ADP 203547 did not beat current frontend/reference,sub-fp16-int-hybrid-r85,2026-06-13
ex225,fp16_log10,positive-normal selected high and residual-bit replacement over frontend-best source,shared base decode plus exact per-bit output cluster replacement,frontend_hybrid_parallel_round85_20260613_2139/sub-fp16-int-hybrid-r85,medium,explore,medium,tested_nonwinning,official OK ADP 220704 did not beat current frontend/reference,sub-fp16-int-hybrid-r85,2026-06-13
ex260,signed_low4_high4_multiply,current signed compressor with exact selected product-bit clusters,current shared compressor plus exact per-bit source replacements,frontend_hybrid_parallel_round85_20260613_2139/sub-fp16-int-hybrid-r85,medium,explore,medium,tested_nonwinning,official OK ADP 1500 did not beat current frontend/reference,sub-fp16-int-hybrid-r85,2026-06-13
ex266,unsigned_low5_high5_divide_dbz_sat,current quotient classifier with exact selected quotient-bit clusters,current shared quotient classifier plus exact per-bit source replacements,frontend_hybrid_parallel_round85_20260613_2139/sub-fp16-int-hybrid-r85,medium,explore,medium,tested_nonwinning,official OK ADP 1872 did not beat current frontend/reference,sub-fp16-int-hybrid-r85,2026-06-13
ex247,E5M2FN packed low-over-high division,active low-underflow residual boolean replacement,shared invalid/sign/exponent-delta/denominator-bound shell with explicit low_from_pat bit expressions,frontend_hybrid_parallel_round85_20260613_2139/sub-fp8-top-hybrid-r85,medium,explore,medium,tested_nonwinning,official OK ADP 9200 did not beat current frontend/reference,sub-fp8-top-hybrid-r85,2026-06-13
ex246,E5M2FN packed multiply,product mantissa residual SOP replacement,shared sign/exponent-sum/product shell with independently exact mantissa residual expressions; mant_sop_cubes_bit0_30_bit1_27_valid_keys_978,frontend_hybrid_parallel_round85_20260613_2139/sub-fp8-top-hybrid-r85,medium,explore,medium,tested_nonwinning,official OK ADP 9528 did not beat current frontend/reference,sub-fp8-top-hybrid-r85,2026-06-13
ex244,E4M3FN packed hypot abs high low,max-plus-delta residual SOP replacement,shared nan/max/min/effective-exp/gap shell with independently exact delta-bit residual expressions; delta_sop_cubes_bit0_45_bit1_47_bit2_27_valid_keys_2472,frontend_hybrid_parallel_round85_20260613_2139/sub-fp8-top-hybrid-r85,medium,explore,medium,tested_nonwinning,official OK ADP 19352 did not beat current frontend/reference,sub-fp8-top-hybrid-r85,2026-06-13
ex249,E5M2FN packed hypot abs high low,raw-exp delta table replaced by minimized increment predicates,shared max/min decode plus independent increment predicate roots,frontend_hybrid_parallel_round85_20260613_2139/sub-fp8-wide-hybrid-r85,medium,explore,medium,tested_nonwinning,official OK ADP 6868 did not beat current frontend/reference,sub-fp8-wide-hybrid-r85,2026-06-13
ex241,E4M3FN packed multiply high byte times low byte,product table source with explicit sign high-field low-field output clusters,shared sign exponent sum product roots with split output clusters,frontend_hybrid_parallel_round85_20260613_2139/sub-fp8-wide-hybrid-r85,medium,explore,medium,tested_nonwinning,official OK ADP 16650 did not beat current frontend/reference,sub-fp8-wide-hybrid-r85,2026-06-13
ex240,E4M3FN packed add high byte plus low byte,explicit diff cancel far and gap5 predicates around current source,shared same-sign GRS path plus factored diff-sign predicate roots,frontend_hybrid_parallel_round85_20260613_2139/sub-fp8-wide-hybrid-r85,medium,explore,medium,tested_nonwinning,official OK ADP 29900 did not beat current frontend/reference,sub-fp8-wide-hybrid-r85,2026-06-13
ex245,E5M2FN packed add high byte plus low byte,active same/diff table selection factored before final max passthrough,shared sorted decode plus selected active residual roots,frontend_hybrid_parallel_round85_20260613_2139/sub-fp8-wide-hybrid-r85,medium,explore,medium,tested_nonwinning,official OK ADP 23331 did not beat current frontend/reference,sub-fp8-wide-hybrid-r85,2026-06-13
ex285,round85_source_output_graft,decision_tree_base_sorted_descriptor_outer_bits_0_11,official evaluate.py result; variant=decision_tree_base_sorted_descriptor_outer_bits_0_11; synth_sec=15.819; eval_sec=0.183; frontend_target=11033; current_best=9132,frontend_hybrid_parallel_round85_20260613_2139/sub-unknown-hybrid-r85,medium,explore,medium,tested_nonwinning,official OK ADP 14093 did not beat current frontend/reference,sub-unknown-hybrid-r85,2026-06-13
ex285,round85_source_output_graft,decision_tree_base_loww2_center_bits_4_7,official evaluate.py result; variant=decision_tree_base_loww2_center_bits_4_7; synth_sec=14.263; eval_sec=0.182; frontend_target=11033; current_best=9132,frontend_hybrid_parallel_round85_20260613_2139/sub-unknown-hybrid-r85,medium,explore,medium,tested_nonwinning,official OK ADP 13668 did not beat current frontend/reference,sub-unknown-hybrid-r85,2026-06-13
ex288,round85_source_output_graft,keybdd_base_loww2_edge_bits_0_14,official evaluate.py result; variant=keybdd_base_loww2_edge_bits_0_14; synth_sec=4.551; eval_sec=0.577; frontend_target=31598; current_best=26224,frontend_hybrid_parallel_round85_20260613_2139/sub-unknown-hybrid-r85,medium,explore,medium,tested_nonwinning,official OK ADP 33690 did not beat current frontend/reference,sub-unknown-hybrid-r85,2026-06-13
ex288,round85_source_output_graft,keybdd_base_loww2_center_bits_6_8,official evaluate.py result; variant=keybdd_base_loww2_center_bits_6_8; synth_sec=4.234; eval_sec=0.585; frontend_target=31598; current_best=26224,frontend_hybrid_parallel_round85_20260613_2139/sub-unknown-hybrid-r85,medium,explore,medium,tested_nonwinning,official OK ADP 31682 did not beat current frontend/reference,sub-unknown-hybrid-r85,2026-06-13
ex297,round85_source_output_graft,pairsel_base_pairxor_lowadj_bits_2_3,official evaluate.py result; variant=pairsel_base_pairxor_lowadj_bits_2_3; synth_sec=62.415; eval_sec=0.769; frontend_target=425024; current_best=425024,frontend_hybrid_parallel_round85_20260613_2139/sub-unknown-hybrid-r85,medium,explore,medium,tested_nonwinning,official OK ADP 425984 did not beat current frontend/reference,sub-unknown-hybrid-r85,2026-06-13
ex297,round85_source_output_graft,pairsel_base_pairxor_hiadj_bits_10_11,official evaluate.py result; variant=pairsel_base_pairxor_hiadj_bits_10_11; synth_sec=65.110; eval_sec=0.774; frontend_target=425024; current_best=425024,frontend_hybrid_parallel_round85_20260613_2139/sub-unknown-hybrid-r85,medium,explore,medium,tested_nonwinning,official OK ADP 425696 did not beat current frontend/reference,sub-unknown-hybrid-r85,2026-06-13
ex297,round85_source_output_graft,pairsel_base_celllocal_edge_bits_0_13,official evaluate.py result; variant=pairsel_base_celllocal_edge_bits_0_13; synth_sec=44.461; eval_sec=0.759; frontend_target=425024; current_best=425024,frontend_hybrid_parallel_round85_20260613_2139/sub-unknown-hybrid-r85,medium,explore,medium,tested_nonwinning,official OK ADP 425888 did not beat current frontend/reference,sub-unknown-hybrid-r85,2026-06-13
ex223,fp16_log,positive-normal bit11 sign-exp mantissa root,current source plus one low-cost bit11 truth-root predicate,frontend_truthroot_parallel_round86_20260613_2221/sub-fp16-int-root-r86,medium,explore,medium,tested_frontend_improvement,official OK ADP 203395 improved frontend best 203490->203395; current overall/reference gap remains,sub-fp16-int-root-r86,2026-06-13
ex225,fp16_log10,positive-normal bit11 sign-exp mantissa root,current source plus one low-cost bit11 truth-root predicate,frontend_truthroot_parallel_round86_20260613_2221/sub-fp16-int-root-r86,medium,explore,medium,tested_nonwinning,official OK ADP 220343 did not beat current frontend/reference,sub-fp16-int-root-r86,2026-06-13
ex260,signed_low4_high4_multiply,product bit4 reduced BDD root over signed operand interleave,current signed compressor plus one exact product-bit BDD cofactor root,frontend_truthroot_parallel_round86_20260613_2221/sub-fp16-int-root-r86,medium,explore,medium,tested_nonwinning,official OK ADP 2310 did not beat current frontend/reference,sub-fp16-int-root-r86,2026-06-13
ex266,unsigned_low5_high5_divide_dbz_sat,quotient bit2 reduced BDD root over current selector order,current quotient word mux plus one exact local quotient-bit BDD root,frontend_truthroot_parallel_round86_20260613_2221/sub-fp16-int-root-r86,medium,explore,medium,tested_nonwinning,official OK ADP 1848 did not beat current frontend/reference,sub-fp16-int-root-r86,2026-06-13
ex223,fp16_log,full-output reduced decision DAG over sign_exp then mantissa,one shared word-level decision node can feed all 16 output bits,frontend_truthroot_parallel_round86_20260613_2221/sub-fp16-int-root-r86,medium,explore,medium,tested_nonwinning,official OK ADP 269760 did not beat current frontend/reference,sub-fp16-int-root-r86,2026-06-13
ex225,fp16_log10,full-output reduced decision DAG over sign_exp then mantissa,one shared word-level decision node can feed all 16 output bits,frontend_truthroot_parallel_round86_20260613_2221/sub-fp16-int-root-r86,medium,explore,medium,tested_nonwinning,official OK ADP 280104 did not beat current frontend/reference,sub-fp16-int-root-r86,2026-06-13
ex260,signed_low4_high4_multiply,full-output reduced decision DAG over interleaved signed operands,one shared word-level decision node can feed all 8 product bits,frontend_truthroot_parallel_round86_20260613_2221/sub-fp16-int-root-r86,medium,explore,medium,tested_nonwinning,official OK ADP 2420 did not beat current frontend/reference,sub-fp16-int-root-r86,2026-06-13
ex266,unsigned_low5_high5_divide_dbz_sat,full-output reduced decision DAG over current quotient selector order,one shared word-level decision node can feed all 5 quotient bits,frontend_truthroot_parallel_round86_20260613_2221/sub-fp16-int-root-r86,medium,explore,medium,tested_nonwinning,official OK ADP 2170 did not beat current frontend/reference,sub-fp16-int-root-r86,2026-06-13
ex240,E4M3FN packed add high byte plus low byte,max-effective-exponent guarded diff-sign decision DAG over compact r64 source,shared same-sign GRS shell plus diff cancel/gap/max-eff predicate roots,frontend_truthroot_parallel_round86_20260613_2221/sub-fp8-addmul-struct-r86,medium,explore,medium,tested_nonwinning,official OK ADP 30406 did not beat current frontend/reference,sub-fp8-addmul-struct-r86,2026-06-13
ex241,E4M3FN packed multiply high byte times low byte,product-param formula with exact per-bit exception DAGs instead of full product table,"shared sign xor, exp_sum, product roots, exception flag, and bit-level residual functions",frontend_truthroot_parallel_round86_20260613_2221/sub-fp8-addmul-struct-r86,medium,explore,medium,tested_nonwinning,official OK ADP 30135 did not beat current frontend/reference,sub-fp8-addmul-struct-r86,2026-06-13
ex245,E5M2FN packed add high byte plus low byte,max-effective-exponent split active-region DAG over small-gap class source,"shared sorted decode, same/diff active roots, and max-eff saturation predicates",frontend_truthroot_parallel_round86_20260613_2221/sub-fp8-addmul-struct-r86,medium,explore,medium,tested_nonwinning,official OK ADP 25270 did not beat current frontend/reference,sub-fp8-addmul-struct-r86,2026-06-13
ex247,E5M2FN packed low-over-high division,low-underflow pattern bits as indexed root vectors,shared denominator-bound shell with lowpat bit-vector roots,frontend_truthroot_parallel_round86_20260613_2221/sub-fp8-root-r86,medium,explore,medium,tested_nonwinning,official OK ADP 8579 did not beat current frontend/reference,sub-fp8-root-r86,2026-06-13
ex246,E5M2FN packed multiply,product magnitude zero/saturate/field roots,shared product-class source with explicit output field roots,frontend_truthroot_parallel_round86_20260613_2221/sub-fp8-root-r86,medium,explore,medium,tested_nonwinning,official OK ADP 8664 did not beat current frontend/reference,sub-fp8-root-r86,2026-06-13
ex244,E4M3FN packed hypot abs high low,active delta roots feeding explicit increment mux,shared max/min key BDD with active delta mux roots,frontend_truthroot_parallel_round86_20260613_2221/sub-fp8-root-r86,medium,explore,medium,tested_nonwinning,official OK ADP 15804 did not beat current frontend/reference,sub-fp8-root-r86,2026-06-13
ex249,E5M2FN packed hypot abs high low,gap0 and gap1 increment roots split by active-gap class,shared max/min decode with active-gap-specific increment roots,frontend_truthroot_parallel_round86_20260613_2221/sub-fp8-root-r86,medium,explore,medium,tested_nonwinning,official OK ADP 5292 did not beat current frontend/reference,sub-fp8-root-r86,2026-06-13
ex244,E4M3FN packed hypot abs high low,gap/significand threshold decision tree,shared max/min field decoders feed a hierarchical delta threshold DAG,frontend_truthroot_parallel_round86_20260613_2221/sub-fp8-root-r86,medium,explore,medium,tested_nonwinning,official OK ADP 12284 did not beat current frontend/reference,sub-fp8-root-r86,2026-06-13
ex246,E5M2FN packed multiply,product-threshold decision graph with small edge table,shared sig/product/exponent nodes feed zero/saturation/linear/low-region mux DAG,frontend_truthroot_parallel_round86_20260613_2221/sub-fp8-root-r86,medium,explore,medium,tested_nonwinning,official OK ADP 14455 did not beat current frontend/reference,sub-fp8-root-r86,2026-06-13
ex247,E5M2FN packed low-over-high division,split sig-pair attribute banks feeding a shared quotient-region DAG,shared numerator/denominator sig decoders feed separate zero/sat/offset/mant tables and output muxes,frontend_truthroot_parallel_round86_20260613_2221/sub-fp8-root-r86,medium,explore,medium,tested_nonwinning,official OK ADP 13552 did not beat current frontend/reference,sub-fp8-root-r86,2026-06-13
ex249,E5M2FN packed hypot abs high low,shared active-gap predicate graph with formula delta nodes,shared max/min decode feeds gap0/gap1 decision nodes reused by both delta output bits,frontend_truthroot_parallel_round86_20260613_2221/sub-fp8-root-r86,medium,explore,medium,tested_nonwinning,official OK ADP 6264 did not beat current frontend/reference,sub-fp8-root-r86,2026-06-13
ex244,E4M3FN packed hypot abs high low,gap/significand orbit predicates feeding shared delta bits,shared max/min and gap decoders feed reusable d0/d1/d2 predicate nodes,frontend_truthroot_parallel_round86_20260613_2221/sub-fp8-root-r86,medium,explore,medium,tested_nonwinning,official OK ADP 12528 did not beat current frontend/reference,sub-fp8-root-r86,2026-06-13
ex246,E5M2FN packed multiply,product-class attribute bank feeding shared output-region muxes,shared product key feeds packed zero/sat/bias/mant attributes and low-edge decoder,frontend_truthroot_parallel_round86_20260613_2221/sub-fp8-root-r86,medium,explore,medium,tested_nonwinning,official OK ADP 14190 did not beat current frontend/reference,sub-fp8-root-r86,2026-06-13
ex247,E5M2FN packed low-over-high division,packed sig-pair attribute graph feeding shared division regions,shared sig pair key feeds packed zero/sat/offset/mant attributes and low-edge table,frontend_truthroot_parallel_round86_20260613_2221/sub-fp8-root-r86,medium,explore,medium,tested_nonwinning,official OK ADP 13176 did not beat current frontend/reference,sub-fp8-root-r86,2026-06-13
ex249,E5M2FN packed hypot abs high low,active-gap case decoder feeding shared delta and saturation nodes,shared max/min and sig decoders feed a compact active-gap delta table,frontend_truthroot_parallel_round86_20260613_2221/sub-fp8-root-r86,medium,explore,medium,tested_nonwinning,official OK ADP 5550 did not beat current frontend/reference,sub-fp8-root-r86,2026-06-13
ex285,learned decision graph with shared internal predicates,order_natural,nodes=1785; leaves=903; screened_orders=4; reference_adp=5499; previous_frontend_adp=11033; evaluate_log=student/work/frontend_truthroot_parallel_round86_20260613_2221/sub-unkno...,frontend_truthroot_parallel_round86_20260613_2221/sub-unknown-root-r86,medium,explore,medium,tested_nonwinning,official OK ADP 79743 did not beat current frontend/reference,sub-unknown-root-r86,2026-06-13
ex288,learned decision graph with shared internal predicates,order_natural,nodes=12048; leaves=6734; screened_orders=4; reference_adp=16394; previous_frontend_adp=31598; evaluate_log=student/work/frontend_truthroot_parallel_round86_20260613_2221/sub-un...,frontend_truthroot_parallel_round86_20260613_2221/sub-unknown-root-r86,medium,explore,medium,tested_nonwinning,official OK ADP 449098 did not beat current frontend/reference,sub-unknown-root-r86,2026-06-13
ex297,learned decision graph with shared internal predicates,order_natural_cell_bits,nodes=13189; leaves=6660; screened_orders=4; reference_adp=225900; previous_frontend_adp=425024; evaluate_log=student/work/frontend_truthroot_parallel_round86_20260613_2221/sub-...,frontend_truthroot_parallel_round86_20260613_2221/sub-unknown-root-r86,medium,explore,medium,tested_nonwinning,official OK ADP 719774 did not beat current frontend/reference,sub-unknown-root-r86,2026-06-13
ex299,learned decision graph with shared internal predicates,order_natural_cell_bits,nodes=50329; leaves=24485; screened_orders=4; reference_adp=1013807; previous_frontend_adp=1777032; evaluate_log=student/work/frontend_truthroot_parallel_round86_20260613_2221/s...,frontend_truthroot_parallel_round86_20260613_2221/sub-unknown-root-r86,medium,explore,medium,tested_nonwinning,official OK ADP 3082482 did not beat current frontend/reference,sub-unknown-root-r86,2026-06-13
ex260,signed_low4_high4_multiply,explicit_partial_product_sign_correction,explicit abs partial-product rows plus one conditional two's-complement correction,frontend_structural_dag_parallel_round87_20260613_2305/sub-fp16-int-r87,medium,explore,medium,tested_nonwinning,official OK ADP 1957 did not beat current frontend/reference,sub-fp16-int-r87,2026-06-13
ex266,unsigned_low5_high5_divide_dbz_sat,denominator_threshold_quotient_classifier,parallel q>=k*b threshold predicates with dbz saturation,frontend_structural_dag_parallel_round87_20260613_2305/sub-fp16-int-r87,medium,explore,medium,tested_nonwinning,official OK ADP 15246 did not beat current frontend/reference,sub-fp16-int-r87,2026-06-13
ex223,fp16_log,multioutput_positive_normal_root_bank,multi-bit root bank over bits12/11/10; uses r86 bit11 source only as base and replaces three bits,frontend_structural_dag_parallel_round87_20260613_2305/sub-fp16-int-r87,medium,explore,medium,tested_nonwinning,official OK ADP 204440 did not beat current frontend/reference,sub-fp16-int-r87,2026-06-13
ex225,fp16_log10,multioutput_positive_normal_root_bank,multi-bit root bank over bits12/11/10; materially different from bit11-only and full MTBDD,frontend_structural_dag_parallel_round87_20260613_2305/sub-fp16-int-r87,medium,explore,medium,tested_nonwinning,official OK ADP 220514 did not beat current frontend/reference,sub-fp16-int-r87,2026-06-13
ex240,E4M3FN packed add high byte plus low byte,diff_lzd_formula_norm,evaluate.py status=NOT_EQUIV; exit=1; Formula/bucket diff normalizer; materially different from round86 max-eff roots,frontend_structural_dag_parallel_round87_20260613_2305/sub-fp8-arith-r87,medium,explore,medium,tested_nonwinning,official OK ADP  did not beat current frontend/reference,sub-fp8-arith-r87,2026-06-13
ex241,E4M3FN packed multiply high byte times low byte,product_round_bucket_formula,evaluate.py status=OK; exit=0; Product round bucket formula rather than per-bit exception DAG,frontend_structural_dag_parallel_round87_20260613_2305/sub-fp8-arith-r87,medium,explore,medium,tested_nonwinning,official OK ADP 23280 did not beat current frontend/reference,sub-fp8-arith-r87,2026-06-13
ex245,E5M2FN packed add high byte plus low byte,active_gap4_lzd_normalizer,evaluate.py status=OK; exit=0; Leading-distance active normalizer instead of max-eff active DAG,frontend_structural_dag_parallel_round87_20260613_2305/sub-fp8-arith-r87,medium,explore,medium,tested_nonwinning,official OK ADP 43523 did not beat current frontend/reference,sub-fp8-arith-r87,2026-06-13
ex247,E5M2FN packed low-over-high division,guarded denominator-bound lowpat predicate datapath,shared sign exponent-delta denominator-bound shell with factored lowpat predicates,frontend_structural_dag_parallel_round87_20260613_2305/sub-fp8-guard-r87,medium,explore,medium,tested_nonwinning,official OK ADP 8688 did not beat current frontend/reference,sub-fp8-guard-r87,2026-06-13
ex247,E5M2FN packed low-over-high division,denominator step residual decision graph,shared denominator/numerator sig decode plus delta step guards feeding low/linear/sat outputs,frontend_structural_dag_parallel_round87_20260613_2305/sub-fp8-guard-r87,medium,explore,medium,tested_nonwinning,official OK ADP 9828 did not beat current frontend/reference,sub-fp8-guard-r87,2026-06-13
ex246,E5M2FN packed multiply,guarded product shell with separated zero/product core,shared sign exponent-sum product and selected underflow/saturation guards,frontend_structural_dag_parallel_round87_20260613_2305/sub-fp8-guard-r87,medium,explore,medium,tested_nonwinning,official OK ADP 8520 did not beat current frontend/reference,sub-fp8-guard-r87,2026-06-13
ex246,E5M2FN packed multiply,product boundary residual DAG,shared product and exponent nodes feeding compact zero/saturation/linear muxes,frontend_structural_dag_parallel_round87_20260613_2305/sub-fp8-guard-r87,medium,explore,medium,tested_nonwinning,official OK ADP 8664 did not beat current frontend/reference,sub-fp8-guard-r87,2026-06-13
ex244,E4M3FN packed hypot abs high low,guarded max-plus-delta saturation datapath,shared max/min field decode with small-gap delta and explicit saturation guard,frontend_structural_dag_parallel_round87_20260613_2305/sub-fp8-guard-r87,medium,explore,medium,tested_nonwinning,official OK ADP 12136 did not beat current frontend/reference,sub-fp8-guard-r87,2026-06-13
ex244,E4M3FN packed hypot abs high low,gap-bucket delta decision graph,shared max/min comparator and gap bucket predicates feeding compact delta output DAG,frontend_structural_dag_parallel_round87_20260613_2305/sub-fp8-guard-r87,medium,explore,medium,tested_nonwinning,official OK ADP 11700 did not beat current frontend/reference,sub-fp8-guard-r87,2026-06-13
ex249,E5M2FN packed hypot abs high low,guarded active-gap saturation datapath,shared max/min decode with active-gap and saturation predicates feeding delta add,frontend_structural_dag_parallel_round87_20260613_2305/sub-fp8-guard-r87,medium,explore,medium,tested_nonwinning,official OK ADP 5280 did not beat current frontend/reference,sub-fp8-guard-r87,2026-06-13
ex249,E5M2FN packed hypot abs high low,significand-bucket active-gap delta DAG,shared max/min and gap predicates with sig bucket nodes feeding delta and saturation,frontend_structural_dag_parallel_round87_20260613_2305/sub-fp8-guard-r87,medium,explore,medium,tested_nonwinning,official OK ADP 6603 did not beat current frontend/reference,sub-fp8-guard-r87,2026-06-13
ex285,route/popcount descriptor graph,popcount_layer_route_biased_dag,popcount_layer_split_nodes=2080; leaves=903; order=4 5 6 7 0 11 1 10 2 9 3 8; frontend_target=11033; current_best=9132; reference=5499,frontend_structural_dag_parallel_round87_20260613_2305/sub-unknown-route-r87,medium,explore,medium,tested_nonwinning,official OK ADP 172480 did not beat current frontend/reference,sub-unknown-route-r87,2026-06-13
ex285,cofactor module reuse,route_descriptor_cofactor_dags,cofactor_groups=937; cofactor_nodes=5364; leaves=3307; frontend_target=11033; current_best=9132; reference=5499,frontend_structural_dag_parallel_round87_20260613_2305/sub-unknown-route-r87,medium,explore,medium,tested_nonwinning,official OK ADP 708816 did not beat current frontend/reference,sub-unknown-route-r87,2026-06-13
ex288,route/popcount descriptor graph,popcount_layer_route_biased_dag,popcount_layer_split_nodes=12339; leaves=6734; order=4 5 6 7 8 9 0 14 1 13 2 12 3 11 10; frontend_target=31598; current_best=26224; reference=16394,frontend_structural_dag_parallel_round87_20260613_2305/sub-unknown-route-r87,medium,explore,medium,tested_nonwinning,official OK ADP 1101772 did not beat current frontend/reference,sub-unknown-route-r87,2026-06-13
ex288,cofactor module reuse,route_descriptor_cofactor_dags,cofactor_groups=2167; cofactor_nodes=49167; leaves=30149; frontend_target=31598; current_best=26224; reference=16394,frontend_structural_dag_parallel_round87_20260613_2305/sub-unknown-route-r87,medium,explore,medium,tested_nonwinning,official OK ADP 6583115 did not beat current frontend/reference,sub-unknown-route-r87,2026-06-13
ex240,E4M3FN packed add high byte plus low byte,cancellation-selected packed output grouping,evaluate.py status=OK; exit=0; Mutates current r64 source by replacing separate sign/magnitude selectors with packed same/diff output branches; not a max-eff or LZD DAG replay.,frontend_best_mutation_round89_20260613_2357/sub-fp8-arith-mutate-r89,medium,explore,medium,tested_nonwinning,official OK ADP 29025 did not beat current frontend/reference,sub-fp8-arith-mutate-r89,2026-06-13
ex241,E4M3FN packed multiply high byte times low byte,staged product-round field output grouping,evaluate.py status=OK; exit=0; Mutates current nested product source around product rounding/output grouping; not a product exception or round-bucket DAG replay.,frontend_best_mutation_round89_20260613_2357/sub-fp8-arith-mutate-r89,medium,explore,medium,tested_nonwinning,official OK ADP 16620 did not beat current frontend/reference,sub-fp8-arith-mutate-r89,2026-06-13
ex245,E5M2FN packed add high byte plus low byte,active same/diff/pass packed branch output grouping,evaluate.py status=OK; exit=0; Mutates current active-table source around output grouping; not a max-eff active or active-LZD DAG replay.,frontend_best_mutation_round89_20260613_2357/sub-fp8-arith-mutate-r89,medium,explore,medium,tested_nonwinning,official OK ADP 23331 did not beat current frontend/reference,sub-fp8-arith-mutate-r89,2026-06-13
ex247,E5M2FN packed low-over-high division,round89 region mux ladder over current best source,shared denominator/numerator decode with two-stage region magnitude mux,frontend_best_mutation_round89_20260613_2357/sub-fp8-top-mutate-r89,medium,explore,medium,tested_nonwinning,official OK ADP 8808 did not beat current frontend/reference,sub-fp8-top-mutate-r89,2026-06-13
ex246,E5M2FN packed multiply high byte times low byte,round89 packed product decode bus over current best source,shared sign/exponent/product decode bus before product_mag mux,frontend_best_mutation_round89_20260613_2357/sub-fp8-top-mutate-r89,medium,explore,medium,tested_nonwinning,official OK ADP 8520 did not beat current frontend/reference,sub-fp8-top-mutate-r89,2026-06-13
ex244,E4M3FN packed hypot abs high low,round89 ordered magnitude bus over current best source,shared ordered max/min magnitude bus feeding max_eff/gap/delta mux,frontend_best_mutation_round89_20260613_2357/sub-fp8-top-mutate-r89,medium,explore,medium,tested_nonwinning,official OK ADP 12136 did not beat current frontend/reference,sub-fp8-top-mutate-r89,2026-06-13
ex249,E5M2FN packed hypot abs high low,round89 ordered magnitude active-tail split over current best source,shared ordered magnitude bus plus explicit active-gap delta/saturation tail,frontend_best_mutation_round89_20260613_2357/sub-fp8-top-mutate-r89,medium,explore,medium,tested_nonwinning,official OK ADP 5730 did not beat current frontend/reference,sub-fp8-top-mutate-r89,2026-06-13
ex260,signed_low4_high4_multiply,direct signed multiply with explicit output grouping,let frontend infer the smallest signed 4x4 product while preserving grouped output boundaries,frontend_best_mutation_round89_20260613_2357/sub-integer-small-r89,medium,explore,medium,tested_nonwinning,official OK ADP 2340 did not beat current frontend/reference,sub-integer-small-r89,2026-06-13
ex260,signed_low4_high4_multiply,full-output support-clustered ANF equations,materialize unique monomial wires once and reuse them across product output bits,frontend_best_mutation_round89_20260613_2357/sub-integer-small-r89,medium,explore,medium,tested_nonwinning,official OK ADP 9894 did not beat current frontend/reference,sub-integer-small-r89,2026-06-13
ex266,unsigned_low5_high5_divide_dbz_sat,"selector {in[9],in[8],in[4],in[3]} local per-bit BDD word mux",materialize r88 lower-exception selector as exact local BDD cofactors and one shared quotient word mux,frontend_best_mutation_round89_20260613_2357/sub-integer-small-r89,medium,explore,medium,tested_nonwinning,official OK ADP 1749 did not beat current frontend/reference,sub-integer-small-r89,2026-06-13
ex241,E4M3FN packed multiply high byte times low byte,current nested product source copy+repo_default,evaluate.py status=OK; exit=0; yosys_log=student/work/frontend_synthflow_mutation_round90_20260614_0014/sub-fp8-arith-flow-r90/ex241/logs/ex241_r90_current_repo_default.yosys.lo...,frontend_synthflow_mutation_round90_20260614_0014/sub-fp8-arith-flow-r90,medium,explore,medium,tested_nonwinning,official OK ADP 16620 did not beat current frontend/reference,sub-fp8-arith-flow-r90,2026-06-14
ex241,E4M3FN packed multiply high byte times low byte,current nested product source copy+abc_g_aig,evaluate.py status=OK; exit=0; yosys_log=student/work/frontend_synthflow_mutation_round90_20260614_0014/sub-fp8-arith-flow-r90/ex241/logs/ex241_r90_current_abc_g_aig.yosys.log; ...,frontend_synthflow_mutation_round90_20260614_0014/sub-fp8-arith-flow-r90,medium,explore,medium,tested_nonwinning,official OK ADP 15892 did not beat current frontend/reference,sub-fp8-arith-flow-r90,2026-06-14
ex241,E4M3FN packed multiply high byte times low byte,current nested product source copy+abc_g_and_d24,evaluate.py status=OK; exit=0; yosys_log=student/work/frontend_synthflow_mutation_round90_20260614_0014/sub-fp8-arith-flow-r90/ex241/logs/ex241_r90_current_d24.yosys.log; Fronte...,frontend_synthflow_mutation_round90_20260614_0014/sub-fp8-arith-flow-r90,medium,explore,medium,tested_nonwinning,official OK ADP 16620 did not beat current frontend/reference,sub-fp8-arith-flow-r90,2026-06-14
ex241,E4M3FN packed multiply high byte times low byte,current nested product source copy+no_flatten,evaluate.py status=OK; exit=0; yosys_log=student/work/frontend_synthflow_mutation_round90_20260614_0014/sub-fp8-arith-flow-r90/ex241/logs/ex241_r90_current_no_flatten.yosys.log;...,frontend_synthflow_mutation_round90_20260614_0014/sub-fp8-arith-flow-r90,medium,explore,medium,tested_nonwinning,official OK ADP 16620 did not beat current frontend/reference,sub-fp8-arith-flow-r90,2026-06-14
ex241,E4M3FN packed multiply high byte times low byte,product/exp/mag keep-boundary source+abc_g_aig,evaluate.py status=OK; exit=0; yosys_log=student/work/frontend_synthflow_mutation_round90_20260614_0014/sub-fp8-arith-flow-r90/ex241/logs/ex241_r90_keep_abc_g_aig.yosys.log; Mat...,frontend_synthflow_mutation_round90_20260614_0014/sub-fp8-arith-flow-r90,medium,explore,medium,tested_nonwinning,official OK ADP 17112 did not beat current frontend/reference,sub-fp8-arith-flow-r90,2026-06-14
ex241,E4M3FN packed multiply high byte times low byte,product/exp/mag keep-boundary source+extra_opt_share,evaluate.py status=OK; exit=0; yosys_log=student/work/frontend_synthflow_mutation_round90_20260614_0014/sub-fp8-arith-flow-r90/ex241/logs/ex241_r90_keep_extra_opt.yosys.log; Kee...,frontend_synthflow_mutation_round90_20260614_0014/sub-fp8-arith-flow-r90,medium,explore,medium,tested_nonwinning,official OK ADP 17952 did not beat current frontend/reference,sub-fp8-arith-flow-r90,2026-06-14
ex241,E4M3FN packed multiply high byte times low byte,round89 field-staged output source+abc_g_aig,evaluate.py status=OK; exit=0; yosys_log=student/work/frontend_synthflow_mutation_round90_20260614_0014/sub-fp8-arith-flow-r90/ex241/logs/ex241_r90_r89_abc_g_aig.yosys.log; Uses...,frontend_synthflow_mutation_round90_20260614_0014/sub-fp8-arith-flow-r90,medium,explore,medium,tested_nonwinning,official OK ADP 15892 did not beat current frontend/reference,sub-fp8-arith-flow-r90,2026-06-14
ex241,E4M3FN packed multiply high byte times low byte,round89 field-staged output source+no_internal_abc,evaluate.py status=OK; exit=0; yosys_log=student/work/frontend_synthflow_mutation_round90_20260614_0014/sub-fp8-arith-flow-r90/ex241/logs/ex241_r90_r89_no_internal_abc.yosys.log...,frontend_synthflow_mutation_round90_20260614_0014/sub-fp8-arith-flow-r90,medium,explore,medium,tested_nonwinning,official OK ADP 39508 did not beat current frontend/reference,sub-fp8-arith-flow-r90,2026-06-14
ex240,E4M3FN packed add high byte plus low byte,current sign/magnitude selected-output source+abc_g_aig,evaluate.py status=OK; exit=0; yosys_log=student/work/frontend_synthflow_mutation_round90_20260614_0014/sub-fp8-arith-flow-r90/ex240/logs/ex240_r90_current_abc_g_aig.yosys.log; ...,frontend_synthflow_mutation_round90_20260614_0014/sub-fp8-arith-flow-r90,medium,explore,medium,tested_nonwinning,official OK ADP 28215 did not beat current frontend/reference,sub-fp8-arith-flow-r90,2026-06-14
ex240,E4M3FN packed add high byte plus low byte,same/diff keep-boundary source+no_flatten,evaluate.py status=OK; exit=0; yosys_log=student/work/frontend_synthflow_mutation_round90_20260614_0014/sub-fp8-arith-flow-r90/ex240/logs/ex240_r90_keep_no_flatten.yosys.log; Sm...,frontend_synthflow_mutation_round90_20260614_0014/sub-fp8-arith-flow-r90,medium,explore,medium,tested_nonwinning,official OK ADP 29845 did not beat current frontend/reference,sub-fp8-arith-flow-r90,2026-06-14
ex245,E5M2FN packed add high byte plus low byte,current active table mux source+abc_g_aig,evaluate.py status=OK; exit=0; yosys_log=student/work/frontend_synthflow_mutation_round90_20260614_0014/sub-fp8-arith-flow-r90/ex245/logs/ex245_r90_current_abc_g_aig.yosys.log; ...,frontend_synthflow_mutation_round90_20260614_0014/sub-fp8-arith-flow-r90,medium,explore,medium,tested_nonwinning,official OK ADP 24710 did not beat current frontend/reference,sub-fp8-arith-flow-r90,2026-06-14
ex245,E5M2FN packed add high byte plus low byte,active table keep-boundary source+no_flatten,evaluate.py status=OK; exit=0; yosys_log=student/work/frontend_synthflow_mutation_round90_20260614_0014/sub-fp8-arith-flow-r90/ex245/logs/ex245_r90_keep_no_flatten.yosys.log; Sm...,frontend_synthflow_mutation_round90_20260614_0014/sub-fp8-arith-flow-r90,medium,explore,medium,tested_nonwinning,official OK ADP 24990 did not beat current frontend/reference,sub-fp8-arith-flow-r90,2026-06-14
ex247,E5M2FN packed low-over-high division,current_best_source_abc_g_aig,shared denominator numerator decode with bounded region magnitude source,frontend_synthflow_mutation_round90_20260614_0014/sub-fp8-top-flow-r90,medium,explore,medium,tested_nonwinning,official OK ADP 8349 did not beat current frontend/reference,sub-fp8-top-flow-r90,2026-06-14
ex247,E5M2FN packed low-over-high division,round89_equiv_source_noabc,shared denominator numerator decode with bounded region magnitude source,frontend_synthflow_mutation_round90_20260614_0014/sub-fp8-top-flow-r90,medium,explore,medium,tested_nonwinning,official OK ADP 24682 did not beat current frontend/reference,sub-fp8-top-flow-r90,2026-06-14
ex246,E5M2FN packed multiply high byte times low byte,current_best_source_abc_g_aig,shared product-class source with alternate frontend mapping,frontend_synthflow_mutation_round90_20260614_0014/sub-fp8-top-flow-r90,medium,explore,medium,tested_nonwinning,official OK ADP 8496 did not beat current frontend/reference,sub-fp8-top-flow-r90,2026-06-14
ex246,E5M2FN packed multiply high byte times low byte,round89_equiv_source_noabc,shared product-class source with alternate frontend mapping,frontend_synthflow_mutation_round90_20260614_0014/sub-fp8-top-flow-r90,medium,explore,medium,tested_nonwinning,official OK ADP 41174 did not beat current frontend/reference,sub-fp8-top-flow-r90,2026-06-14
ex244,E4M3FN packed hypot abs high low,current_best_source_abc_g_aig,shared max min decode plus maxeff delta source with alternate frontend mapping,frontend_synthflow_mutation_round90_20260614_0014/sub-fp8-top-flow-r90,medium,explore,medium,tested_nonwinning,official OK ADP 11544 did not beat current frontend/reference,sub-fp8-top-flow-r90,2026-06-14
ex244,E4M3FN packed hypot abs high low,round89_equiv_source_noabc,shared max min decode plus maxeff delta source with alternate frontend mapping,frontend_synthflow_mutation_round90_20260614_0014/sub-fp8-top-flow-r90,medium,explore,medium,tested_nonwinning,official OK ADP 29522 did not beat current frontend/reference,sub-fp8-top-flow-r90,2026-06-14
ex249,E5M2FN packed hypot abs high low,current_best_source_abc_g_aig,shared raw exponent threshold source with alternate frontend mapping,frontend_synthflow_mutation_round90_20260614_0014/sub-fp8-top-flow-r90,medium,explore,medium,tested_nonwinning,official OK ADP 5190 did not beat current frontend/reference,sub-fp8-top-flow-r90,2026-06-14
ex249,E5M2FN packed hypot abs high low,round89_equiv_source_noabc,shared raw exponent threshold source with alternate frontend mapping,frontend_synthflow_mutation_round90_20260614_0014/sub-fp8-top-flow-r90,medium,explore,medium,tested_nonwinning,official OK ADP 12280 did not beat current frontend/reference,sub-fp8-top-flow-r90,2026-06-14
ex223,fp16_log,current frontend-best truthroot bit11 source,single exact bit11 root over boundary-split source,frontend_synthflow_mutation_round90_20260614_0014/sub-int-fp16-flow-r90,medium,explore,medium,tested_nonwinning,official OK ADP 225855 did not beat current frontend/reference,sub-int-fp16-flow-r90,2026-06-14
ex223,fp16_log,current frontend-best truthroot bit11 source,single exact bit11 root over boundary-split source,frontend_synthflow_mutation_round90_20260614_0014/sub-int-fp16-flow-r90,medium,explore,medium,tested_nonwinning,official OK ADP 203756 did not beat current frontend/reference,sub-int-fp16-flow-r90,2026-06-14
ex225,fp16_log10,current frontend-best high-run boundary source,adjacent bit13 output split with high-run keep boundary,frontend_synthflow_mutation_round90_20260614_0014/sub-int-fp16-flow-r90,medium,explore,medium,tested_nonwinning,official OK ADP 242529 did not beat current frontend/reference,sub-int-fp16-flow-r90,2026-06-14
ex225,fp16_log10,current frontend-best high-run boundary source,adjacent bit13 output split with high-run keep boundary,frontend_synthflow_mutation_round90_20260614_0014/sub-int-fp16-flow-r90,medium,explore,medium,tested_nonwinning,official OK ADP 218595 did not beat current frontend/reference,sub-int-fp16-flow-r90,2026-06-14
ex260,signed_low4_high4_multiply,current frontend-best common-wire boundary source,common sign/compare/cofactor wires retained,frontend_synthflow_mutation_round90_20260614_0014/sub-int-fp16-flow-r90,medium,explore,medium,tested_nonwinning,official OK ADP 1300 did not beat current frontend/reference,sub-int-fp16-flow-r90,2026-06-14
ex260,signed_low4_high4_multiply,current frontend-best common-wire boundary source,common sign/compare/cofactor wires retained,frontend_synthflow_mutation_round90_20260614_0014/sub-int-fp16-flow-r90,medium,explore,medium,tested_nonwinning,official OK ADP 1131 did not beat current frontend/reference,sub-int-fp16-flow-r90,2026-06-14
ex260,signed_low4_high4_multiply,recent direct signed multiply grouped-output source,word product shared by low/high output groups,frontend_synthflow_mutation_round90_20260614_0014/sub-int-fp16-flow-r90,medium,explore,medium,tested_nonwinning,official OK ADP 2320 did not beat current frontend/reference,sub-int-fp16-flow-r90,2026-06-14
ex266,unsigned_low5_high5_divide_dbz_sat,current frontend-best cofactor bit-BDD wordmux source,"b[4:3],a[4] cofactor local classifiers plus shared word mux",frontend_synthflow_mutation_round90_20260614_0014/sub-int-fp16-flow-r90,medium,explore,medium,tested_nonwinning,official OK ADP 1683 did not beat current frontend/reference,sub-int-fp16-flow-r90,2026-06-14
ex266,unsigned_low5_high5_divide_dbz_sat,current frontend-best cofactor bit-BDD wordmux source,"b[4:3],a[4] cofactor local classifiers plus shared word mux",frontend_synthflow_mutation_round90_20260614_0014/sub-int-fp16-flow-r90,medium,explore,medium,tested_nonwinning,official OK ADP 1672 did not beat current frontend/reference,sub-int-fp16-flow-r90,2026-06-14
ex266,unsigned_low5_high5_divide_dbz_sat,recent selector x9/x8/x4/x3 local word-BDD source,shared word mux over 16 cofactors,frontend_synthflow_mutation_round90_20260614_0014/sub-int-fp16-flow-r90,medium,explore,medium,tested_nonwinning,official OK ADP 1738 did not beat current frontend/reference,sub-int-fp16-flow-r90,2026-06-14
ex285,current decision-tree routing source may expose different AIG cost under frontend ABC mapping,current-best Verilog renamed only; no semantic/source rewrite; flow=proc_abc_aig,preserve existing decision-tree shared routing logic,frontend_synthflow_mutation_round90_20260614_0014/sub-unknown-flow-r90,medium,explore,medium,tested_nonwinning,official OK ADP 13719 did not beat current frontend/reference,sub-unknown-flow-r90,2026-06-14
ex288,current keyBDD route source may expose different AIG cost under frontend ABC mapping,current-best Verilog renamed only; no semantic/source rewrite; flow=proc_abc_aig,preserve existing keyBDD and symmetry-cofactor sharing,frontend_synthflow_mutation_round90_20260614_0014/sub-unknown-flow-r90,medium,explore,medium,tested_nonwinning,official OK ADP 31598 did not beat current frontend/reference,sub-unknown-flow-r90,2026-06-14
ex297,current pairsel cell/bit template source may expose different AIG cost under frontend ABC mapping,current-best Verilog renamed only; no semantic/source rewrite; flow=proc_abc_aig,preserve existing paired selector class and cell/bit template sharing,frontend_synthflow_mutation_round90_20260614_0014/sub-unknown-flow-r90,medium,explore,medium,tested_nonwinning,official OK ADP 425024 did not beat current frontend/reference,sub-unknown-flow-r90,2026-06-14
ex240,E4M3FN packed add high byte plus low byte,NaN-mask final output cone over current sign/magnitude selected-output source,keep r64 same/diff magnitude cones and replace final 8-bit mux with sign clear plus 7-bit OR mask,frontend_cone_replace_round91_20260614_0034/sub-fp8-arith-cone-r91,medium,explore,medium,tested_nonwinning,official OK ADP 28620 did not beat current frontend/reference,sub-fp8-arith-cone-r91,2026-06-14
ex241,E4M3FN packed multiply high byte times low byte,NaN-mask final output cone over current nested product source,keep product_mag table and replace final word mux with sign clear plus 7-bit OR mask,frontend_cone_replace_round91_20260614_0034/sub-fp8-arith-cone-r91,medium,explore,medium,tested_nonwinning,official OK ADP 16710 did not beat current frontend/reference,sub-fp8-arith-cone-r91,2026-06-14
ex245,E5M2FN packed add high byte plus low byte,NaN-mask final output cone over current active same/diff table source,keep active same/diff/pass magnitude cones and replace final word mux with sign clear plus 7-bit OR mask,frontend_cone_replace_round91_20260614_0034/sub-fp8-arith-cone-r91,medium,explore,medium,tested_nonwinning,official OK ADP 24582 did not beat current frontend/reference,sub-fp8-arith-cone-r91,2026-06-14
ex247,E5M2FN packed low-over-high division,current high-nibble plus r89 low-nibble output-cone mix,mixed current/r89 denominator-nested output cones,frontend_cone_replace_round91_20260614_0034/sub-fp8-top-cone-r91,medium,explore,medium,tested_nonwinning,official OK ADP 9050 did not beat current frontend/reference,sub-fp8-top-cone-r91,2026-06-14
ex246,E5M2FN packed multiply high byte times low byte,current high-nibble plus r89 low-nibble output-cone mix,mixed current/r89 product-class output cones,frontend_cone_replace_round91_20260614_0034/sub-fp8-top-cone-r91,medium,explore,medium,tested_nonwinning,official OK ADP 8096 did not beat current frontend/reference,sub-fp8-top-cone-r91,2026-06-14
ex244,E4M3FN packed hypot abs high low,current high-nibble plus r89 low-nibble output-cone mix,mixed current/r89 maxeff-delta output cones,frontend_cone_replace_round91_20260614_0034/sub-fp8-top-cone-r91,medium,explore,medium,tested_nonwinning,official OK ADP 11088 did not beat current frontend/reference,sub-fp8-top-cone-r91,2026-06-14
ex249,E5M2FN packed hypot abs high low,current high-nibble plus r89 low-nibble output-cone mix,mixed current/r89 raw-exp threshold output cones,frontend_cone_replace_round91_20260614_0034/sub-fp8-top-cone-r91,medium,explore,medium,tested_nonwinning,official OK ADP 4959 did not beat current frontend/reference,sub-fp8-top-cone-r91,2026-06-14
ex260,signed_low4_high4_multiply,b-operand case graph of signed shift/add products,share sign-extended a and shift/add subexpressions across all output bits,frontend_cone_replace_round91_20260614_0034/sub-int-fp16-cone-r91,medium,explore,medium,tested_nonwinning,official OK ADP 1940 did not beat current frontend/reference,sub-int-fp16-cone-r91,2026-06-14
ex297,bounded decision graph from current pairsel cell bit template with shared pairmix mask,current cellsrc and bitsrc reused with output selection through one shared 14-bit mask,share pairmix_0_1 pairmix_2_3 pairmix_4_5 tailmix_6 and mix_mask across output pairs,frontend_cone_replace_round91_20260614_0034/sub-unknown-cone-r91,medium,explore,medium,tested_nonwinning,official OK ADP 508806 did not beat current frontend/reference,sub-unknown-cone-r91,2026-06-14
ex260,signed_low4_high4_multiply,signed_bit_weight_rows_pairwise_sum,shared_signed_a_rows_and_pairwise_merge,frontend_decision_structural_round92_20260614_0055/sub-fp16-int-struct-r92,medium,explore,medium,tested_nonwinning,official OK ADP 1785 did not beat current frontend/reference,sub-fp16-int-struct-r92,2026-06-14
ex266,unsigned_low5_high5_divide_dbz_sat,parallel_top2_threshold_selector_plus_low3_residual_division,shared_qtop_decision_and_residual_lowquotient,frontend_decision_structural_round92_20260614_0055/sub-fp16-int-struct-r92,medium,explore,medium,tested_nonwinning,official OK ADP 3100 did not beat current frontend/reference,sub-fp16-int-struct-r92,2026-06-14
ex241,E4M3FN packed multiply high byte times low byte,product-class affine decision nodes with residual exp windows,shared product lead rounded_sig exponent sum and saturation predicates,frontend_decision_structural_round92_20260614_0055/sub-fp8-arith-dgraph-r92,medium,explore,medium,tested_nonwinning,official OK ADP 24140 did not beat current frontend/reference,sub-fp8-arith-dgraph-r92,2026-06-14
ex245,E5M2FN packed add high byte plus low byte,unified same/diff active decision bus around small-gap class core,shared sorted decode gap same-diff saturation and residual predicates,frontend_decision_structural_round92_20260614_0055/sub-fp8-arith-dgraph-r92,medium,explore,medium,tested_nonwinning,official OK ADP 23940 did not beat current frontend/reference,sub-fp8-arith-dgraph-r92,2026-06-14
ex247,E5M2FN packed low-over-high division,compact bound-smallpat decision-node bus,shared sign/nan/zero/delta/sigpair/low-pattern predicates,frontend_decision_structural_round92_20260614_0055/sub-fp8-top-dgraph-r92,medium,explore,medium,tested_nonwinning,official OK ADP 9672 did not beat current frontend/reference,sub-fp8-top-dgraph-r92,2026-06-14
ex246,E5M2FN packed multiply high byte times low byte,compact product decision-node bus,shared sign/nan/exp-sum/product/saturation/underflow predicates,frontend_decision_structural_round92_20260614_0055/sub-fp8-top-dgraph-r92,medium,explore,medium,tested_nonwinning,official OK ADP 10726 did not beat current frontend/reference,sub-fp8-top-dgraph-r92,2026-06-14
ex249,"E5M2FN packed hypot abs(high,low)",structural top-conversion predicate bus,shared raw-exp gap0/gap1 delta and saturation predicates,frontend_decision_structural_round92_20260614_0055/sub-fp8-top-dgraph-r92,medium,explore,medium,tested_nonwinning,official OK ADP 5568 did not beat current frontend/reference,sub-fp8-top-dgraph-r92,2026-06-14
ex285,class/rotation split decision graph,structural wrapper over current decision-tree source,shared_input_parity plus residual_output_parity,frontend_decision_structural_round92_20260614_0055/sub-unknown-struct-r92,medium,explore,medium,tested_nonwinning,official OK ADP 20600 did not beat current frontend/reference,sub-unknown-struct-r92,2026-06-14
ex200,bf16_exp,separate output fields plus selected exponent-msb predicate,shared sign_exp special/default shell; mantissa hi3 residual; bit14 split,frontend_bf16_unknown_struct_round94_20260614_0552/sub-bf16-exp-log-r94,medium,explore,medium,tested_nonwinning,official OK ADP 58400 did not beat current frontend/reference,sub-bf16-exp-log-r94,2026-06-14
ex201,bf16_exp2,separate output fields plus paired low-bit predicates,shared sign_exp special/default shell; bit2/bit3 residual grouped separately,frontend_bf16_unknown_struct_round94_20260614_0552/sub-bf16-exp-log-r94,medium,explore,medium,tested_nonwinning,official OK ADP 24495 did not beat current frontend/reference,sub-bf16-exp-log-r94,2026-06-14
ex202,bf16_exp10,separate output fields with hand formula for bit14 and constant sign bit,shared field tables; formula residual for exponent-msb/sign,frontend_bf16_unknown_struct_round94_20260614_0552/sub-bf16-exp-log-r94,medium,explore,medium,tested_nonwinning,official OK ADP 59262 did not beat current frontend/reference,sub-bf16-exp-log-r94,2026-06-14
ex203,bf16_log,current-style separated fields with an additional grouped bit13 residual,shared sign/exp/mant tables; selected bit13/bit14 predicates,frontend_bf16_unknown_struct_round94_20260614_0552/sub-bf16-exp-log-r94,medium,explore,medium,tested_nonwinning,official OK ADP 78370 did not beat current frontend/reference,sub-bf16-exp-log-r94,2026-06-14
ex204,bf16_log2,semantic exponent base plus mantissa delta and compact formulas for bits 9/11/14,shared log2 exponent base; formula residual predicates instead of equality/full-run replay,frontend_bf16_unknown_struct_round94_20260614_0552/sub-bf16-exp-log-r94,medium,explore,medium,tested_nonwinning,official OK ADP 27792 did not beat current frontend/reference,sub-bf16-exp-log-r94,2026-06-14
ex204,bf16_log2,source-level output grouping with compact log2 sign/exponent formulas,shared field tables; formula residual for bits 11/14,frontend_bf16_unknown_struct_round94_20260614_0552/sub-bf16-exp-log-r94,medium,explore,medium,tested_nonwinning,official OK ADP 36000 did not beat current frontend/reference,sub-bf16-exp-log-r94,2026-06-14
ex205,bf16_log10,sign-exp default-expression shell plus compact sign predicate,shared default expression cases; manual sign bit residual,frontend_bf16_unknown_struct_round94_20260614_0552/sub-bf16-exp-log-r94,medium,explore,medium,tested_nonwinning,official OK ADP 99855 did not beat current frontend/reference,sub-bf16-exp-log-r94,2026-06-14
ex211,bf16_reciprocal,exponent-affine reciprocal shell with single-add style exponent path,BF16 special-case shell plus grouped output/source-level selected correction,frontend_bf16_unknown_struct_round94_20260614_0552/sub-bf16-recip-power-r94,medium,explore,medium,tested_nonwinning,official OK ADP 3264 did not beat current frontend/reference,sub-bf16-recip-power-r94,2026-06-14
ex211,bf16_reciprocal,source-level grouped output delta pair using sign-selected halves,BF16 special-case shell plus grouped output/source-level selected correction,frontend_bf16_unknown_struct_round94_20260614_0552/sub-bf16-recip-power-r94,medium,explore,medium,tested_nonwinning,official OK ADP 3552 did not beat current frontend/reference,sub-bf16-recip-power-r94,2026-06-14
ex211,bf16_reciprocal,positive-domain field table with shared sign shell,BF16 special-case shell plus grouped output/source-level selected correction,frontend_bf16_unknown_struct_round94_20260614_0552/sub-bf16-recip-power-r94,medium,explore,medium,tested_nonwinning,official OK ADP 13888 did not beat current frontend/reference,sub-bf16-recip-power-r94,2026-06-14
ex212,bf16_square,semantic square exponent-affine shell plus compact mantissa LUT,BF16 special-case shell plus grouped output/source-level selected correction,frontend_bf16_unknown_struct_round94_20260614_0552/sub-bf16-recip-power-r94,medium,explore,medium,tested_nonwinning,official OK ADP 3600 did not beat current frontend/reference,sub-bf16-recip-power-r94,2026-06-14
ex212,bf16_square,sign-insensitive positive-domain field regrouping,BF16 special-case shell plus grouped output/source-level selected correction,frontend_bf16_unknown_struct_round94_20260614_0552/sub-bf16-recip-power-r94,medium,explore,medium,tested_nonwinning,official OK ADP 6188 did not beat current frontend/reference,sub-bf16-recip-power-r94,2026-06-14
ex212,bf16_square,delta-pair regrouping with explicit constant sign-bit repair,BF16 special-case shell plus grouped output/source-level selected correction,frontend_bf16_unknown_struct_round94_20260614_0552/sub-bf16-recip-power-r94,medium,explore,medium,tested_nonwinning,official OK ADP 3322 did not beat current frontend/reference,sub-bf16-recip-power-r94,2026-06-14
ex213,bf16_sqrt,sqrt positive-domain fields with canonical negative-NaN shell,BF16 special-case shell plus grouped output/source-level selected correction,frontend_bf16_unknown_struct_round94_20260614_0552/sub-bf16-recip-power-r94,medium,explore,medium,tested_nonwinning,official OK ADP 4836 did not beat current frontend/reference,sub-bf16-recip-power-r94,2026-06-14
ex213,bf16_sqrt,separate output-field recut with selected bit1 repair,BF16 special-case shell plus grouped output/source-level selected correction,frontend_bf16_unknown_struct_round94_20260614_0552/sub-bf16-recip-power-r94,medium,explore,medium,tested_nonwinning,official OK ADP 3806 did not beat current frontend/reference,sub-bf16-recip-power-r94,2026-06-14
ex213,bf16_sqrt,mantissa regrouped separate-fields bit1 repair,BF16 special-case shell plus grouped output/source-level selected correction,frontend_bf16_unknown_struct_round94_20260614_0552/sub-bf16-recip-power-r94,medium,explore,medium,tested_nonwinning,official OK ADP 4308 did not beat current frontend/reference,sub-bf16-recip-power-r94,2026-06-14
ex214,bf16_reciprocal_square,semantic reciprocal-square exponent-affine shell plus mantissa LUT,BF16 special-case shell plus grouped output/source-level selected correction,frontend_bf16_unknown_struct_round94_20260614_0552/sub-bf16-recip-power-r94,medium,explore,medium,tested_nonwinning,official OK ADP 6444 did not beat current frontend/reference,sub-bf16-recip-power-r94,2026-06-14
ex214,bf16_reciprocal_square,sign-insensitive reciprocal-square field regrouping,BF16 special-case shell plus grouped output/source-level selected correction,frontend_bf16_unknown_struct_round94_20260614_0552/sub-bf16-recip-power-r94,medium,explore,medium,tested_nonwinning,official OK ADP 7752 did not beat current frontend/reference,sub-bf16-recip-power-r94,2026-06-14
ex214,bf16_reciprocal_square,delta-pair regrouping with compact selected bit13 comparator repair,BF16 special-case shell plus grouped output/source-level selected correction,frontend_bf16_unknown_struct_round94_20260614_0552/sub-bf16-recip-power-r94,medium,explore,medium,tested_nonwinning,official OK ADP 4048 did not beat current frontend/reference,sub-bf16-recip-power-r94,2026-06-14
ex215,bf16_reciprocal_sqrt,direct reciprocal-sqrt semantic exponent/mantissa fields,BF16 special-case shell plus grouped output/source-level selected correction,frontend_bf16_unknown_struct_round94_20260614_0552/sub-bf16-recip-power-r94,medium,explore,medium,tested_nonwinning,official OK ADP 5304 did not beat current frontend/reference,sub-bf16-recip-power-r94,2026-06-14
ex215,bf16_reciprocal_sqrt,separate-field recut with selected bit9 repair,BF16 special-case shell plus grouped output/source-level selected correction,frontend_bf16_unknown_struct_round94_20260614_0552/sub-bf16-recip-power-r94,medium,explore,medium,tested_nonwinning,official OK ADP 14445 did not beat current frontend/reference,sub-bf16-recip-power-r94,2026-06-14
ex215,bf16_reciprocal_sqrt,hi4 delta-pair regrouping with selected bit9 repair,BF16 special-case shell plus grouped output/source-level selected correction,frontend_bf16_unknown_struct_round94_20260614_0552/sub-bf16-recip-power-r94,medium,explore,medium,tested_nonwinning,official OK ADP 5096 did not beat current frontend/reference,sub-bf16-recip-power-r94,2026-06-14
ex216,bf16_cube,guarded cube exponent-affine shell with mantissa LUT,BF16 special-case shell plus grouped output/source-level selected correction,frontend_bf16_unknown_struct_round94_20260614_0552/sub-bf16-recip-power-r94,medium,explore,medium,tested_nonwinning,official OK ADP 7429 did not beat current frontend/reference,sub-bf16-recip-power-r94,2026-06-14
ex216,bf16_cube,semantic exp-delta fields with hand bit14 boundary,BF16 special-case shell plus grouped output/source-level selected correction,frontend_bf16_unknown_struct_round94_20260614_0552/sub-bf16-recip-power-r94,medium,explore,medium,tested_nonwinning,official OK ADP 9306 did not beat current frontend/reference,sub-bf16-recip-power-r94,2026-06-14
ex216,bf16_cube,delta-pair source grouping with hand bit14 boundary,BF16 special-case shell plus grouped output/source-level selected correction,frontend_bf16_unknown_struct_round94_20260614_0552/sub-bf16-recip-power-r94,medium,explore,medium,tested_nonwinning,official OK ADP 6266 did not beat current frontend/reference,sub-bf16-recip-power-r94,2026-06-14
ex217,bf16_cbrt,semantic exp-delta fields plus explicit exp-mod3 bit0 repair,BF16 special-case shell plus grouped output/source-level selected correction,frontend_bf16_unknown_struct_round94_20260614_0552/sub-bf16-recip-power-r94,medium,explore,medium,tested_nonwinning,official OK ADP 29328 did not beat current frontend/reference,sub-bf16-recip-power-r94,2026-06-14
ex217,bf16_cbrt,mode delta-pair with selected bit0 and semantic sign shell,BF16 special-case shell plus grouped output/source-level selected correction,frontend_bf16_unknown_struct_round94_20260614_0552/sub-bf16-recip-power-r94,medium,explore,medium,tested_nonwinning,official OK ADP 10992 did not beat current frontend/reference,sub-bf16-recip-power-r94,2026-06-14
ex217,bf16_cbrt,hi4 first-delta source grouping with selected bit0 repair,BF16 special-case shell plus grouped output/source-level selected correction,frontend_bf16_unknown_struct_round94_20260614_0552/sub-bf16-recip-power-r94,medium,explore,medium,tested_nonwinning,official OK ADP 8216 did not beat current frontend/reference,sub-bf16-recip-power-r94,2026-06-14
ex218,bf16_reciprocal_cube,mant64 delta-pair grouping with selected sign-path comparator,BF16 special-case shell plus grouped output/source-level selected correction,frontend_bf16_unknown_struct_round94_20260614_0552/sub-bf16-recip-power-r94,medium,explore,medium,tested_nonwinning,official OK ADP 8130 did not beat current frontend/reference,sub-bf16-recip-power-r94,2026-06-14
ex218,bf16_reciprocal_cube,field recut with selected sign-path comparator,BF16 special-case shell plus grouped output/source-level selected correction,frontend_bf16_unknown_struct_round94_20260614_0552/sub-bf16-recip-power-r94,medium,explore,medium,tested_nonwinning,official OK ADP 13125 did not beat current frontend/reference,sub-bf16-recip-power-r94,2026-06-14
ex218,bf16_reciprocal_cube,positive-domain fields with shared odd sign shell and selected sign repair,BF16 special-case shell plus grouped output/source-level selected correction,frontend_bf16_unknown_struct_round94_20260614_0552/sub-bf16-recip-power-r94,medium,explore,medium,tested_nonwinning,official OK ADP 10426 did not beat current frontend/reference,sub-bf16-recip-power-r94,2026-06-14
ex219,bf16_reciprocal_cbrt,guarded reciprocal-cbrt exp-class shell with selected bit6 repair,BF16 special-case shell plus grouped output/source-level selected correction,frontend_bf16_unknown_struct_round94_20260614_0552/sub-bf16-recip-power-r94,medium,explore,medium,tested_nonwinning,official OK ADP 11419 did not beat current frontend/reference,sub-bf16-recip-power-r94,2026-06-14
ex219,bf16_reciprocal_cbrt,mode hi4 delta-pair with selected bit6 comparator,BF16 special-case shell plus grouped output/source-level selected correction,frontend_bf16_unknown_struct_round94_20260614_0552/sub-bf16-recip-power-r94,medium,explore,medium,tested_nonwinning,official OK ADP 12672 did not beat current frontend/reference,sub-bf16-recip-power-r94,2026-06-14
ex219,bf16_reciprocal_cbrt,mant64 delta-pair regrouping with selected bit6 comparator,BF16 special-case shell plus grouped output/source-level selected correction,frontend_bf16_unknown_struct_round94_20260614_0552/sub-bf16-recip-power-r94,high,explore,medium,tested_improved,"official evaluate.py OK; frontend ADP improved 9345 to 9212, still above reference 5640",sub-bf16-recip-power-r94,2026-06-14
ex206,bf16_sin,odd_pos_fullword_expflip_h4,reused existing official evaluate.py artifact from this shard,frontend_bf16_unknown_struct_round94_20260614_0552/sub-bf16-trig-hyp-r94,medium,explore,medium,tested_nonwinning,official OK ADP 617849 did not beat current frontend/reference,sub-bf16-trig-hyp-r94,2026-06-14
ex206,bf16_sin,odd_pos_fullword_h4_first,reused existing official evaluate.py artifact from this shard,frontend_bf16_unknown_struct_round94_20260614_0552/sub-bf16-trig-hyp-r94,medium,explore,medium,tested_nonwinning,official OK ADP 591360 did not beat current frontend/reference,sub-bf16-trig-hyp-r94,2026-06-14
ex206,bf16_sin,odd_pos_passthrough_descriptor_h4,reused existing official evaluate.py artifact from this shard,frontend_bf16_unknown_struct_round94_20260614_0552/sub-bf16-trig-hyp-r94,medium,explore,medium,tested_nonwinning,official OK ADP 587620 did not beat current frontend/reference,sub-bf16-trig-hyp-r94,2026-06-14
ex207,bf16_tan,odd_pos_fullword_h4_first,reused existing official evaluate.py artifact from this shard,frontend_bf16_unknown_struct_round94_20260614_0552/sub-bf16-trig-hyp-r94,medium,explore,medium,tested_nonwinning,official OK ADP 657778 did not beat current frontend/reference,sub-bf16-trig-hyp-r94,2026-06-14
ex207,bf16_tan,odd_pos_passthrough_descriptor_h4,reused existing official evaluate.py artifact from this shard,frontend_bf16_unknown_struct_round94_20260614_0552/sub-bf16-trig-hyp-r94,medium,explore,medium,tested_nonwinning,official OK ADP 640122 did not beat current frontend/reference,sub-bf16-trig-hyp-r94,2026-06-14
ex207,bf16_tan,odd_pos_passthrough_descriptor_h5,reused existing official evaluate.py artifact from this shard,frontend_bf16_unknown_struct_round94_20260614_0552/sub-bf16-trig-hyp-r94,medium,explore,medium,tested_nonwinning,official OK ADP 697544 did not beat current frontend/reference,sub-bf16-trig-hyp-r94,2026-06-14
ex208,bf16_sinh,default_in_const_excepts_h4_first,reused existing official evaluate.py artifact from this shard,frontend_bf16_unknown_struct_round94_20260614_0552/sub-bf16-trig-hyp-r94,medium,explore,medium,tested_nonwinning,official OK ADP 34624 did not beat current frontend/reference,sub-bf16-trig-hyp-r94,2026-06-14
ex208,bf16_sinh,default_in_const_excepts_h5_first,reused existing official evaluate.py artifact from this shard,frontend_bf16_unknown_struct_round94_20260614_0552/sub-bf16-trig-hyp-r94,medium,explore,medium,tested_nonwinning,official OK ADP 40732 did not beat current frontend/reference,sub-bf16-trig-hyp-r94,2026-06-14
ex208,bf16_sinh,default_in_const_excepts_h4_manual_bits_15,default expression in with first-value local exception defaults; hi_bits=4; items=2736; manual bit 15 override hi_bits=4 items=25; official_evaluate_runtime_sec=0.880,frontend_bf16_unknown_struct_round94_20260614_0552/sub-bf16-trig-hyp-r94,medium,explore,medium,tested_nonwinning,official OK ADP 34576 did not beat current frontend/reference,sub-bf16-trig-hyp-r94,2026-06-14
ex209,bf16_tanh,sign_exp_default_expr_casez_manual_bits_15,range-compressed sign-exp default expression groups=3 exceptions=33680 items=33970; manual formula bits=15; official_evaluate_runtime_sec=0.703,frontend_bf16_unknown_struct_round94_20260614_0552/sub-bf16-trig-hyp-r94,medium,explore,medium,tested_nonwinning,official OK ADP 10402 did not beat current frontend/reference,sub-bf16-trig-hyp-r94,2026-06-14
ex209,bf16_tanh,default_signed_one_const_excepts_h4,"default expr {sign, 15'h3f80} with exception hi_bits=4 items=32474; official_evaluate_runtime_sec=0.715",frontend_bf16_unknown_struct_round94_20260614_0552/sub-bf16-trig-hyp-r94,medium,explore,medium,tested_nonwinning,official OK ADP 14896 did not beat current frontend/reference,sub-bf16-trig-hyp-r94,2026-06-14
ex209,bf16_tanh,default_in_const_excepts_h4_first,default expression in with first-value local exception defaults; hi_bits=4; items=1498; official_evaluate_runtime_sec=0.790,frontend_bf16_unknown_struct_round94_20260614_0552/sub-bf16-trig-hyp-r94,medium,explore,medium,tested_nonwinning,official OK ADP 10626 did not beat current frontend/reference,sub-bf16-trig-hyp-r94,2026-06-14
ex210,bf16_sigmoid,const_default_3f80_h3_first,constant default 16'h3f80 exceptions hi_bits=3 default_mode=first items=2139; official_evaluate_runtime_sec=0.591,frontend_bf16_unknown_struct_round94_20260614_0552/sub-bf16-trig-hyp-r94,medium,explore,medium,tested_nonwinning,official OK ADP 36080 did not beat current frontend/reference,sub-bf16-trig-hyp-r94,2026-06-14
ex210,bf16_sigmoid,const_default_fields_3f80_h3,sigmoid sign-constant field default 16'h3f80; hi_bits=3; items=2149; official_evaluate_runtime_sec=0.583,frontend_bf16_unknown_struct_round94_20260614_0552/sub-bf16-trig-hyp-r94,medium,explore,medium,tested_nonwinning,official OK ADP 33750 did not beat current frontend/reference,sub-bf16-trig-hyp-r94,2026-06-14
ex210,bf16_sigmoid,const_default_fields_3f80_h4,sigmoid sign-constant field default 16'h3f80; hi_bits=4; items=1977; official_evaluate_runtime_sec=0.705,frontend_bf16_unknown_struct_round94_20260614_0552/sub-bf16-trig-hyp-r94,medium,explore,medium,tested_nonwinning,official OK ADP 39950 did not beat current frontend/reference,sub-bf16-trig-hyp-r94,2026-06-14
ex286,selected_output_decision_graph_hybrid,frontend base source plus direct ROBDD selected output roots,Yosys-pruned current frontend source for untouched bits; selected bits use direct decision graph,frontend_bf16_unknown_struct_round94_20260614_0552/sub-unknown-286287-r94,medium,explore,medium,tested_nonwinning,official OK ADP 24106 did not beat current frontend/reference,sub-unknown-286287-r94,2026-06-14
ex286,selected_output_decision_graph_hybrid,frontend base source plus direct ROBDD selected output roots,Yosys-pruned current frontend source for untouched bits; selected bits use direct decision graph,frontend_bf16_unknown_struct_round94_20260614_0552/sub-unknown-286287-r94,medium,explore,medium,tested_nonwinning,official OK ADP 38502 did not beat current frontend/reference,sub-unknown-286287-r94,2026-06-14
ex286,selected_output_decision_graph_hybrid,frontend base source plus direct ROBDD selected output roots,Yosys-pruned current frontend source for untouched bits; selected bits use direct decision graph,frontend_bf16_unknown_struct_round94_20260614_0552/sub-unknown-286287-r94,medium,explore,medium,tested_nonwinning,official OK ADP 29160 did not beat current frontend/reference,sub-unknown-286287-r94,2026-06-14
ex286,selected_output_decision_graph_hybrid,frontend base source plus direct ROBDD selected output roots,Yosys-pruned current frontend source for untouched bits; selected bits use direct decision graph,frontend_bf16_unknown_struct_round94_20260614_0552/sub-unknown-286287-r94,medium,explore,medium,tested_nonwinning,official OK ADP 24480 did not beat current frontend/reference,sub-unknown-286287-r94,2026-06-14
ex286,selected_output_decision_graph_hybrid,frontend base source plus direct ROBDD selected output roots,Yosys-pruned current frontend source for untouched bits; selected bits use direct decision graph,frontend_bf16_unknown_struct_round94_20260614_0552/sub-unknown-286287-r94,medium,explore,medium,tested_nonwinning,official OK ADP 24871 did not beat current frontend/reference,sub-unknown-286287-r94,2026-06-14
ex286,selected_output_decision_graph_hybrid,frontend base source plus direct ROBDD selected output roots,Yosys-pruned current frontend source for untouched bits; selected bits use direct decision graph,frontend_bf16_unknown_struct_round94_20260614_0552/sub-unknown-286287-r94,medium,explore,medium,tested_nonwinning,official OK ADP 23792 did not beat current frontend/reference,sub-unknown-286287-r94,2026-06-14
ex286,selected_output_decision_graph_hybrid,frontend base source plus direct ROBDD selected output roots,Yosys-pruned current frontend source for untouched bits; selected bits use direct decision graph,frontend_bf16_unknown_struct_round94_20260614_0552/sub-unknown-286287-r94,medium,explore,medium,tested_nonwinning,official OK ADP 28584 did not beat current frontend/reference,sub-unknown-286287-r94,2026-06-14
ex286,selected_output_decision_graph_hybrid,frontend base source plus direct ROBDD selected output roots,Yosys-pruned current frontend source for untouched bits; selected bits use direct decision graph,frontend_bf16_unknown_struct_round94_20260614_0552/sub-unknown-286287-r94,medium,explore,medium,tested_nonwinning,official OK ADP 23341 did not beat current frontend/reference,sub-unknown-286287-r94,2026-06-14
ex286,selected_output_decision_graph_hybrid,frontend base source plus direct ROBDD selected output roots,Yosys-pruned current frontend source for untouched bits; selected bits use direct decision graph,frontend_bf16_unknown_struct_round94_20260614_0552/sub-unknown-286287-r94,medium,explore,medium,tested_nonwinning,official OK ADP 26370 did not beat current frontend/reference,sub-unknown-286287-r94,2026-06-14
ex286,selected_output_decision_graph_hybrid,frontend base source plus direct ROBDD selected output roots,Yosys-pruned current frontend source for untouched bits; selected bits use direct decision graph,frontend_bf16_unknown_struct_round94_20260614_0552/sub-unknown-286287-r94,medium,explore,medium,tested_nonwinning,official OK ADP 23536 did not beat current frontend/reference,sub-unknown-286287-r94,2026-06-14
ex286,selected_output_decision_graph_hybrid,frontend base source plus direct ROBDD selected output roots,Yosys-pruned current frontend source for untouched bits; selected bits use direct decision graph,frontend_bf16_unknown_struct_round94_20260614_0552/sub-unknown-286287-r94,medium,explore,medium,tested_nonwinning,official OK ADP 23008 did not beat current frontend/reference,sub-unknown-286287-r94,2026-06-14
ex286,selected_output_decision_graph_hybrid,frontend base source plus direct ROBDD selected output roots,Yosys-pruned current frontend source for untouched bits; selected bits use direct decision graph,frontend_bf16_unknown_struct_round94_20260614_0552/sub-unknown-286287-r94,medium,explore,medium,tested_nonwinning,official OK ADP 26724 did not beat current frontend/reference,sub-unknown-286287-r94,2026-06-14
ex287,selected_output_decision_graph_hybrid,frontend base source plus direct ROBDD selected output roots,Yosys-pruned current frontend source for untouched bits; selected bits use direct decision graph,frontend_bf16_unknown_struct_round94_20260614_0552/sub-unknown-286287-r94,medium,explore,medium,tested_nonwinning,official OK ADP 40536 did not beat current frontend/reference,sub-unknown-286287-r94,2026-06-14
ex287,selected_output_decision_graph_hybrid,frontend base source plus direct ROBDD selected output roots,Yosys-pruned current frontend source for untouched bits; selected bits use direct decision graph,frontend_bf16_unknown_struct_round94_20260614_0552/sub-unknown-286287-r94,medium,explore,medium,tested_nonwinning,official OK ADP 38430 did not beat current frontend/reference,sub-unknown-286287-r94,2026-06-14
ex287,selected_output_decision_graph_hybrid,frontend base source plus direct ROBDD selected output roots,Yosys-pruned current frontend source for untouched bits; selected bits use direct decision graph,frontend_bf16_unknown_struct_round94_20260614_0552/sub-unknown-286287-r94,medium,explore,medium,tested_nonwinning,official OK ADP 35020 did not beat current frontend/reference,sub-unknown-286287-r94,2026-06-14
ex287,selected_output_decision_graph_hybrid,frontend base source plus direct ROBDD selected output roots,Yosys-pruned current frontend source for untouched bits; selected bits use direct decision graph,frontend_bf16_unknown_struct_round94_20260614_0552/sub-unknown-286287-r94,medium,explore,medium,tested_nonwinning,official OK ADP 32976 did not beat current frontend/reference,sub-unknown-286287-r94,2026-06-14
ex287,selected_output_decision_graph_hybrid,frontend base source plus direct ROBDD selected output roots,Yosys-pruned current frontend source for untouched bits; selected bits use direct decision graph,frontend_bf16_unknown_struct_round94_20260614_0552/sub-unknown-286287-r94,medium,explore,medium,tested_nonwinning,official OK ADP 37944 did not beat current frontend/reference,sub-unknown-286287-r94,2026-06-14
ex287,selected_output_decision_graph_hybrid,frontend base source plus direct ROBDD selected output roots,Yosys-pruned current frontend source for untouched bits; selected bits use direct decision graph,frontend_bf16_unknown_struct_round94_20260614_0552/sub-unknown-286287-r94,medium,explore,medium,tested_nonwinning,official OK ADP 38016 did not beat current frontend/reference,sub-unknown-286287-r94,2026-06-14
ex287,selected_output_decision_graph_hybrid,frontend base source plus direct ROBDD selected output roots,Yosys-pruned current frontend source for untouched bits; selected bits use direct decision graph,frontend_bf16_unknown_struct_round94_20260614_0552/sub-unknown-286287-r94,medium,explore,medium,tested_nonwinning,official OK ADP 35207 did not beat current frontend/reference,sub-unknown-286287-r94,2026-06-14
ex287,selected_output_decision_graph_hybrid,frontend base source plus direct ROBDD selected output roots,Yosys-pruned current frontend source for untouched bits; selected bits use direct decision graph,frontend_bf16_unknown_struct_round94_20260614_0552/sub-unknown-286287-r94,medium,explore,medium,tested_nonwinning,official OK ADP 35394 did not beat current frontend/reference,sub-unknown-286287-r94,2026-06-14
ex287,selected_output_decision_graph_hybrid,frontend base source plus direct ROBDD selected output roots,Yosys-pruned current frontend source for untouched bits; selected bits use direct decision graph,frontend_bf16_unknown_struct_round94_20260614_0552/sub-unknown-286287-r94,medium,explore,medium,tested_nonwinning,official OK ADP 35241 did not beat current frontend/reference,sub-unknown-286287-r94,2026-06-14
ex287,selected_output_decision_graph_hybrid,frontend base source plus direct ROBDD selected output roots,Yosys-pruned current frontend source for untouched bits; selected bits use direct decision graph,frontend_bf16_unknown_struct_round94_20260614_0552/sub-unknown-286287-r94,medium,explore,medium,tested_nonwinning,official OK ADP 35037 did not beat current frontend/reference,sub-unknown-286287-r94,2026-06-14
ex287,selected_output_decision_graph_hybrid,frontend base source plus direct ROBDD selected output roots,Yosys-pruned current frontend source for untouched bits; selected bits use direct decision graph,frontend_bf16_unknown_struct_round94_20260614_0552/sub-unknown-286287-r94,medium,explore,medium,tested_nonwinning,official OK ADP 40261 did not beat current frontend/reference,sub-unknown-286287-r94,2026-06-14
ex287,selected_output_decision_graph_hybrid,frontend base source plus direct ROBDD selected output roots,Yosys-pruned current frontend source for untouched bits; selected bits use direct decision graph,frontend_bf16_unknown_struct_round94_20260614_0552/sub-unknown-286287-r94,medium,explore,medium,tested_nonwinning,official OK ADP 38070 did not beat current frontend/reference,sub-unknown-286287-r94,2026-06-14
ex287,selected_output_decision_graph_hybrid,frontend base source plus direct ROBDD selected output roots,Yosys-pruned current frontend source for untouched bits; selected bits use direct decision graph,frontend_bf16_unknown_struct_round94_20260614_0552/sub-unknown-286287-r94,medium,explore,medium,tested_nonwinning,official OK ADP 33136 did not beat current frontend/reference,sub-unknown-286287-r94,2026-06-14
ex287,selected_output_decision_graph_hybrid,frontend base source plus direct ROBDD selected output roots,Yosys-pruned current frontend source for untouched bits; selected bits use direct decision graph,frontend_bf16_unknown_struct_round94_20260614_0552/sub-unknown-286287-r94,medium,explore,medium,tested_nonwinning,official OK ADP 32800 did not beat current frontend/reference,sub-unknown-286287-r94,2026-06-14
ex204,bf16_log2_arithbase_selected_bit_minimal,round24 arithmetic-base hilo3 with only bit14 truth-derived correction,shared exponent base plus one selected output-bit table,frontend_gt15_bf16_unknown_round95_20260614_0627/sub-bf16-log-tight-r95,medium,explore,medium,tested_nonwinning,official OK ADP 26027 did not beat current frontend/reference,sub-bf16-log-tight-r95,2026-06-14
ex205,bf16_log10_field_decode_source_cleanup,current source reusing out_sign instead of duplicate bit15 block,same field decode but removes duplicate selected sign-bit block,frontend_gt15_bf16_unknown_round95_20260614_0627/sub-bf16-log-tight-r95,medium,explore,medium,tested_nonwinning,official OK ADP 71200 did not beat current frontend/reference,sub-bf16-log-tight-r95,2026-06-14
ex204,bf16_log2_arithbase_selected_bit_minimal,round24 arithmetic-base hilo3 with only bit11 truth-derived correction,shared exponent base plus one selected output-bit table,frontend_gt15_bf16_unknown_round95_20260614_0627/sub-bf16-log-tight-r95,medium,explore,medium,tested_nonwinning,official OK ADP 25687 did not beat current frontend/reference,sub-bf16-log-tight-r95,2026-06-14
ex204,bf16_log2_arithbase_selected_bit_cmp,comparator-run selected-bit correction over arithmetic exponent base,shared exponent base plus comparator-coded selected output bits,frontend_gt15_bf16_unknown_round95_20260614_0627/sub-bf16-log-tight-r95,medium,explore,medium,tested_nonwinning,official OK ADP 26248 did not beat current frontend/reference,sub-bf16-log-tight-r95,2026-06-14
ex204,bf16_log2_arithbase_selected_bit_cmp,single bit14 comparator-run correction over arithmetic exponent base,shared exponent base plus one comparator-coded selected output bit,frontend_gt15_bf16_unknown_round95_20260614_0627/sub-bf16-log-tight-r95,medium,explore,medium,tested_nonwinning,official OK ADP 26078 did not beat current frontend/reference,sub-bf16-log-tight-r95,2026-06-14
ex204,bf16_log2_arithbase_selected_bit_cmp,single bit11 comparator-run correction over arithmetic exponent base,shared exponent base plus one comparator-coded selected output bit,frontend_gt15_bf16_unknown_round95_20260614_0627/sub-bf16-log-tight-r95,medium,explore,medium,tested_nonwinning,official OK ADP 27486 did not beat current frontend/reference,sub-bf16-log-tight-r95,2026-06-14
ex205,bf16_log10_field_decode_bitgroup_recheck,current separate field split with bit15 bh2 under current aig flow,shared sign/exponent/mantissa field decode plus selected sign bit,frontend_gt15_bf16_unknown_round95_20260614_0627/sub-bf16-log-tight-r95,medium,explore,medium,tested_nonwinning,official OK ADP 71104 did not beat current frontend/reference,sub-bf16-log-tight-r95,2026-06-14
ex205,bf16_log10_field_decode_exp_recut,separate field split with exp_hi4 mant_hi3 and selected sign bit,shared field decode with finer exponent grouping,frontend_gt15_bf16_unknown_round95_20260614_0627/sub-bf16-log-tight-r95,medium,explore,medium,tested_nonwinning,official OK ADP 71264 did not beat current frontend/reference,sub-bf16-log-tight-r95,2026-06-14
ex205,bf16_log10_field_decode_mant_recut,separate field split with exp_hi3 mant_hi4 and selected sign bit,shared field decode with finer mantissa grouping,frontend_gt15_bf16_unknown_round95_20260614_0627/sub-bf16-log-tight-r95,medium,explore,medium,tested_nonwinning,official OK ADP 77418 did not beat current frontend/reference,sub-bf16-log-tight-r95,2026-06-14
ex205,bf16_log10_field_decode_cross_recut,separate field split with exp_hi4 mant_hi2 and selected sign bit,shared field decode balancing exponent and mantissa tables,frontend_gt15_bf16_unknown_round95_20260614_0627/sub-bf16-log-tight-r95,medium,explore,medium,tested_nonwinning,official OK ADP 77401 did not beat current frontend/reference,sub-bf16-log-tight-r95,2026-06-14
ex205,bf16_log10_field_decode_cross_recut,separate field split with exp_hi2 mant_hi4 and selected sign bit,shared field decode balancing exponent and mantissa tables,frontend_gt15_bf16_unknown_round95_20260614_0627/sub-bf16-log-tight-r95,medium,explore,medium,tested_nonwinning,official OK ADP 72688 did not beat current frontend/reference,sub-bf16-log-tight-r95,2026-06-14
ex205,bf16_log10_selected_sign_cmp,current separate field split with comparator-run selected sign bit,shared field decode plus comparator-coded sign correction,frontend_gt15_bf16_unknown_round95_20260614_0627/sub-bf16-log-tight-r95,medium,explore,medium,tested_nonwinning,official OK ADP 71104 did not beat current frontend/reference,sub-bf16-log-tight-r95,2026-06-14
ex205,bf16_log10_field_decode_source_cleanup,current source with compact output concatenation,same field decode but simpler final output wiring,frontend_gt15_bf16_unknown_round95_20260614_0627/sub-bf16-log-tight-r95,medium,explore,medium,tested_nonwinning,official OK ADP 71104 did not beat current frontend/reference,sub-bf16-log-tight-r95,2026-06-14
ex214,bf16_reciprocal_square,current default/exception bit13 comparator with case-attribute source recut,frontend source-level BF16 field/shared selected-output recut,frontend_gt15_bf16_unknown_round95_20260614_0627/sub-bf16-power-tight-r95,medium,explore,medium,tested_nonwinning,official OK ADP 3707 did not beat current frontend/reference,sub-bf16-power-tight-r95,2026-06-14
ex214,bf16_reciprocal_square,same default/exception base with low-delay hi1 selected-bit13 table,frontend source-level BF16 field/shared selected-output recut,frontend_gt15_bf16_unknown_round95_20260614_0627/sub-bf16-power-tight-r95,medium,explore,medium,tested_nonwinning,official OK ADP 3740 did not beat current frontend/reference,sub-bf16-power-tight-r95,2026-06-14
ex214,bf16_reciprocal_square,default/exception base with paired bit13 plus constant-sign comparator extraction,frontend source-level BF16 field/shared selected-output recut,frontend_gt15_bf16_unknown_round95_20260614_0627/sub-bf16-power-tight-r95,medium,explore,medium,tested_nonwinning,official OK ADP 4008 did not beat current frontend/reference,sub-bf16-power-tight-r95,2026-06-14
ex214,bf16_reciprocal_square,mant64 delta-pair base with selected bit13 comparator,frontend source-level BF16 field/shared selected-output recut,frontend_gt15_bf16_unknown_round95_20260614_0627/sub-bf16-power-tight-r95,medium,explore,medium,tested_nonwinning,official OK ADP 4080 did not beat current frontend/reference,sub-bf16-power-tight-r95,2026-06-14
ex214,bf16_reciprocal_square,hilo3 word table recut with selected bit13 comparator,frontend source-level BF16 field/shared selected-output recut,frontend_gt15_bf16_unknown_round95_20260614_0627/sub-bf16-power-tight-r95,medium,explore,medium,tested_nonwinning,official OK ADP 6684 did not beat current frontend/reference,sub-bf16-power-tight-r95,2026-06-14
ex216,bf16_cube,current semantic positive-symmetry field base plus explicit non-NaN sign,frontend source-level BF16 field/shared selected-output recut,frontend_gt15_bf16_unknown_round95_20260614_0627/sub-bf16-power-tight-r95,medium,explore,medium,tested_nonwinning,official OK ADP 6855 did not beat current frontend/reference,sub-bf16-power-tight-r95,2026-06-14
ex216,bf16_cube,current semantic positive-symmetry field base plus selected sign comparator,frontend source-level BF16 field/shared selected-output recut,frontend_gt15_bf16_unknown_round95_20260614_0627/sub-bf16-power-tight-r95,medium,explore,medium,tested_nonwinning,official OK ADP 6855 did not beat current frontend/reference,sub-bf16-power-tight-r95,2026-06-14
ex216,bf16_cube,current semantic positive-symmetry field base plus selected exp bit13 comparator,frontend source-level BF16 field/shared selected-output recut,frontend_gt15_bf16_unknown_round95_20260614_0627/sub-bf16-power-tight-r95,medium,explore,medium,tested_nonwinning,official OK ADP 6342 did not beat current frontend/reference,sub-bf16-power-tight-r95,2026-06-14
ex216,bf16_cube,mant64 hilo3 delta-pair base plus hand cube bit14 boundary,frontend source-level BF16 field/shared selected-output recut,frontend_gt15_bf16_unknown_round95_20260614_0627/sub-bf16-power-tight-r95,medium,explore,medium,tested_nonwinning,official OK ADP 6972 did not beat current frontend/reference,sub-bf16-power-tight-r95,2026-06-14
ex216,bf16_cube,separate-field e4/m3/s3 recut plus hand cube bit14 boundary,frontend source-level BF16 field/shared selected-output recut,frontend_gt15_bf16_unknown_round95_20260614_0627/sub-bf16-power-tight-r95,medium,explore,medium,tested_nonwinning,official OK ADP 12630 did not beat current frontend/reference,sub-bf16-power-tight-r95,2026-06-14
ex218,bf16_reciprocal_cube,round19 decoded field selector plus selected bit4 table,frontend source-level BF16 field/shared selected-output recut,frontend_gt15_bf16_unknown_round95_20260614_0627/sub-bf16-power-tight-r95,medium,explore,medium,tested_nonwinning,official OK ADP 6930 did not beat current frontend/reference,sub-bf16-power-tight-r95,2026-06-14
ex218,bf16_reciprocal_cube,round19 decoded field selector plus selected bit8 comparator,frontend source-level BF16 field/shared selected-output recut,frontend_gt15_bf16_unknown_round95_20260614_0627/sub-bf16-power-tight-r95,medium,explore,medium,tested_nonwinning,official OK ADP 6720 did not beat current frontend/reference,sub-bf16-power-tight-r95,2026-06-14
ex218,bf16_reciprocal_cube,value-case bit15 sign comparator plus selected bit4 table,frontend source-level BF16 field/shared selected-output recut,frontend_gt15_bf16_unknown_round95_20260614_0627/sub-bf16-power-tight-r95,medium,explore,medium,tested_nonwinning,official OK ADP 6930 did not beat current frontend/reference,sub-bf16-power-tight-r95,2026-06-14
ex218,bf16_reciprocal_cube,mant64 hilo3 delta-pair base plus selected sign comparator,frontend source-level BF16 field/shared selected-output recut,frontend_gt15_bf16_unknown_round95_20260614_0627/sub-bf16-power-tight-r95,medium,explore,medium,tested_nonwinning,official OK ADP 7995 did not beat current frontend/reference,sub-bf16-power-tight-r95,2026-06-14
ex218,bf16_reciprocal_cube,separate-field e3/m3/s3 recut plus selected sign comparator,frontend source-level BF16 field/shared selected-output recut,frontend_gt15_bf16_unknown_round95_20260614_0627/sub-bf16-power-tight-r95,medium,explore,medium,tested_nonwinning,official OK ADP 13290 did not beat current frontend/reference,sub-bf16-power-tight-r95,2026-06-14
ex219,bf16_reciprocal_cbrt,round94 mant64 hilo3 bit6 comparator with case-attribute source recut,frontend source-level BF16 field/shared selected-output recut,frontend_gt15_bf16_unknown_round95_20260614_0627/sub-bf16-power-tight-r95,medium,explore,medium,tested_nonwinning,official OK ADP 9212 did not beat current frontend/reference,sub-bf16-power-tight-r95,2026-06-14
ex219,bf16_reciprocal_cbrt,mant64 hilo3 delta-pair base with paired bit6 and bit14 comparator extraction,frontend source-level BF16 field/shared selected-output recut,frontend_gt15_bf16_unknown_round95_20260614_0627/sub-bf16-power-tight-r95,medium,explore,medium,tested_nonwinning,official OK ADP 11130 did not beat current frontend/reference,sub-bf16-power-tight-r95,2026-06-14
ex219,bf16_reciprocal_cbrt,mant64 hilo2 delta-pair regrouping with selected bit6 comparator,frontend source-level BF16 field/shared selected-output recut,frontend_gt15_bf16_unknown_round95_20260614_0627/sub-bf16-power-tight-r95,medium,explore,medium,tested_nonwinning,official OK ADP 9856 did not beat current frontend/reference,sub-bf16-power-tight-r95,2026-06-14
ex219,bf16_reciprocal_cbrt,mant64 hilo4 delta-pair regrouping with selected bit6 comparator,frontend source-level BF16 field/shared selected-output recut,frontend_gt15_bf16_unknown_round95_20260614_0627/sub-bf16-power-tight-r95,medium,explore,medium,tested_nonwinning,official OK ADP 12464 did not beat current frontend/reference,sub-bf16-power-tight-r95,2026-06-14
ex287,hamming_weight_preserving_lossy_routing_normalizer,singleton-home OR basis plus full-word residual BDD,single residual BDD node pool over all output bits,frontend_gt15_bf16_unknown_round95_20260614_0627/sub-unknown287-r95,medium,explore,medium,tested_nonwinning,official OK ADP 60698 did not beat current frontend/reference,sub-unknown287-r95,2026-06-14
ex204,bf16_log2,special-shell sign-exp descriptor with mantissa bucket residuals,shared constant special shell plus compact residual output groups,frontend_gt15_structural_round96_20260614_0651/sub-bf16-field2-r96,medium,explore,medium,tested_nonwinning,official OK ADP 32320 did not beat current frontend/reference,sub-bf16-field2-r96,2026-06-14
ex216,bf16_cube,odd sign shell with exponent classes and mantissa bucket residuals,shared sign/special shell plus positive-magnitude residual groups,frontend_gt15_structural_round96_20260614_0651/sub-bf16-field2-r96,medium,explore,medium,tested_nonwinning,official OK ADP 10248 did not beat current frontend/reference,sub-bf16-field2-r96,2026-06-14
ex218,bf16_reciprocal_cube,odd sign shell with reciprocal-cube exponent bucket residuals,shared sign/special shell plus positive-magnitude residual groups,frontend_gt15_structural_round96_20260614_0651/sub-bf16-field2-r96,medium,explore,medium,tested_nonwinning,official OK ADP 9893 did not beat current frontend/reference,sub-bf16-field2-r96,2026-06-14
ex219,bf16_reciprocal_cbrt,odd sign shell with exp-mod3 prior and mantissa bucket residuals,shared sign/special shell plus positive-magnitude residual groups,frontend_gt15_structural_round96_20260614_0651/sub-bf16-field2-r96,medium,explore,medium,tested_nonwinning,official OK ADP 13819 did not beat current frontend/reference,sub-bf16-field2-r96,2026-06-14
ex205,bf16_log10_field_decode,current field-decode source with abc_g_aig_d15,factor selected output predicates and reuse current shared BF16 field decode,frontend_gt15_structural_round96_20260614_0651/sub-bf16-smallgap-flow-r96,medium,explore,medium,tested_nonwinning,official OK ADP 71104 did not beat current frontend/reference,sub-bf16-smallgap-flow-r96,2026-06-14
ex205,bf16_log10_field_decode,current field-decode source with abc_g_aig_d16,factor selected output predicates and reuse current shared BF16 field decode,frontend_gt15_structural_round96_20260614_0651/sub-bf16-smallgap-flow-r96,medium,explore,medium,tested_nonwinning,official OK ADP 71104 did not beat current frontend/reference,sub-bf16-smallgap-flow-r96,2026-06-14
ex205,bf16_log10_field_decode,current field-decode source with extra_opt_aig,factor selected output predicates and reuse current shared BF16 field decode,frontend_gt15_structural_round96_20260614_0651/sub-bf16-smallgap-flow-r96,medium,explore,medium,tested_nonwinning,official OK ADP 71440 did not beat current frontend/reference,sub-bf16-smallgap-flow-r96,2026-06-14
ex205,bf16_log10_selected_sign_formula,decoded exponent formula for bit15 plus abc_g_aig,factor selected output predicates and reuse current shared BF16 field decode,frontend_gt15_structural_round96_20260614_0651/sub-bf16-smallgap-flow-r96,medium,explore,medium,tested_nonwinning,official OK ADP 71104 did not beat current frontend/reference,sub-bf16-smallgap-flow-r96,2026-06-14
ex214,bf16_reciprocal_square_default_exception,current selected-bit13 source with abc_g_aig,factor selected output predicates and reuse current shared BF16 field decode,frontend_gt15_structural_round96_20260614_0651/sub-bf16-smallgap-flow-r96,medium,explore,medium,tested_nonwinning,official OK ADP 3707 did not beat current frontend/reference,sub-bf16-smallgap-flow-r96,2026-06-14
ex214,bf16_reciprocal_square_default_exception,current selected-bit13 source with abc_g_aig_d10,factor selected output predicates and reuse current shared BF16 field decode,frontend_gt15_structural_round96_20260614_0651/sub-bf16-smallgap-flow-r96,medium,explore,medium,tested_nonwinning,official OK ADP 3707 did not beat current frontend/reference,sub-bf16-smallgap-flow-r96,2026-06-14
ex214,bf16_reciprocal_square_default_exception,current selected-bit13 source with abc_g_aig_d11,factor selected output predicates and reuse current shared BF16 field decode,frontend_gt15_structural_round96_20260614_0651/sub-bf16-smallgap-flow-r96,medium,explore,medium,tested_nonwinning,official OK ADP 3707 did not beat current frontend/reference,sub-bf16-smallgap-flow-r96,2026-06-14
ex214,bf16_reciprocal_square_default_exception,current selected-bit13 source with abc_g_aig_d12,factor selected output predicates and reuse current shared BF16 field decode,frontend_gt15_structural_round96_20260614_0651/sub-bf16-smallgap-flow-r96,medium,explore,medium,tested_nonwinning,official OK ADP 3707 did not beat current frontend/reference,sub-bf16-smallgap-flow-r96,2026-06-14
ex214,bf16_reciprocal_square_default_exception,current selected-bit13 source with extra_opt_aig,factor selected output predicates and reuse current shared BF16 field decode,frontend_gt15_structural_round96_20260614_0651/sub-bf16-smallgap-flow-r96,medium,explore,medium,tested_nonwinning,official OK ADP 3707 did not beat current frontend/reference,sub-bf16-smallgap-flow-r96,2026-06-14
ex214,bf16_reciprocal_square_bit13_formula,sign-independent exponent range formula for bit13,factor selected output predicates and reuse current shared BF16 field decode,frontend_gt15_structural_round96_20260614_0651/sub-bf16-smallgap-flow-r96,high,useful_frontend_best,realized,tested_frontend_best,official OK ADP 3564 improved frontend best,sub-bf16-smallgap-flow-r96,2026-06-14
ex214,bf16_reciprocal_square_bit13_casez,sign-independent exponent casez for bit13,factor selected output predicates and reuse current shared BF16 field decode,frontend_gt15_structural_round96_20260614_0651/sub-bf16-smallgap-flow-r96,medium,explore,medium,tested_nonwinning,official OK ADP 4199 did not beat current frontend/reference,sub-bf16-smallgap-flow-r96,2026-06-14
ex204,bf16_log2,log2_arithbase_delta_hilo3_bits_10_11_14_bh2,frontend source-level shared decode/predicate factoring,frontend_gt15_deepstruct_round97_20260614_0724/sub-bf16-logmodel-r97,medium,explore,medium,tested_nonwinning,official OK ADP 26520 did not beat current frontend/reference,sub-bf16-logmodel-r97,2026-06-14
ex204,bf16_log2,log2_arithbase_delta_hilo3_bits_10_11_14_bh2,frontend source-level shared decode/predicate factoring,frontend_gt15_deepstruct_round97_20260614_0724/sub-bf16-logmodel-r97,medium,explore,medium,tested_nonwinning,official OK ADP 26588 did not beat current frontend/reference,sub-bf16-logmodel-r97,2026-06-14
ex204,bf16_log2,log2_arithbase_delta_hilo3_bits_11_12_14_bh2,frontend source-level shared decode/predicate factoring,frontend_gt15_deepstruct_round97_20260614_0724/sub-bf16-logmodel-r97,medium,explore,medium,tested_nonwinning,official OK ADP 27360 did not beat current frontend/reference,sub-bf16-logmodel-r97,2026-06-14
ex204,bf16_log2,sep_fields_e2_m3_s0_bits_11_14_bh2,frontend source-level shared decode/predicate factoring,frontend_gt15_deepstruct_round97_20260614_0724/sub-bf16-logmodel-r97,medium,explore,medium,tested_nonwinning,official OK ADP 34384 did not beat current frontend/reference,sub-bf16-logmodel-r97,2026-06-14
ex205,bf16_log10,sep_fields_e3_m3_s0_bits_14_15_bh1,frontend source-level shared decode/predicate factoring,frontend_gt15_deepstruct_round97_20260614_0724/sub-bf16-logmodel-r97,high,useful_frontend_best,realized,tested_frontend_best,official OK ADP 71040 improved frontend best,sub-bf16-logmodel-r97,2026-06-14
ex205,bf16_log10,sep_fields_e2_m3_s0_bits_15_bh1,frontend source-level shared decode/predicate factoring,frontend_gt15_deepstruct_round97_20260614_0724/sub-bf16-logmodel-r97,medium,explore,medium,tested_nonwinning,official OK ADP 71520 did not beat current frontend/reference,sub-bf16-logmodel-r97,2026-06-14
ex205,bf16_log10,hilo3_word_mode_bits_14_15_bh1,frontend source-level shared decode/predicate factoring,frontend_gt15_deepstruct_round97_20260614_0724/sub-bf16-logmodel-r97,medium,explore,medium,tested_nonwinning,official OK ADP 71664 did not beat current frontend/reference,sub-bf16-logmodel-r97,2026-06-14
ex205,bf16_log10,sep_fields_e3_m3_s0_bits_14_15_bh1,frontend source-level shared decode/predicate factoring,frontend_gt15_deepstruct_round97_20260614_0724/sub-bf16-logmodel-r97,medium,explore,medium,tested_nonwinning,official OK ADP 75667 did not beat current frontend/reference,sub-bf16-logmodel-r97,2026-06-14
ex205,bf16_log10,log10_exp_runs_mant_sep_m2,frontend source-level shared decode/predicate factoring,frontend_gt15_deepstruct_round97_20260614_0724/sub-bf16-logmodel-r97,medium,explore,medium,tested_nonwinning,official OK ADP 88830 did not beat current frontend/reference,sub-bf16-logmodel-r97,2026-06-14
ex216,bf16_cube,current_frontend_source_with_exact_selected_bit_overlay,reuse current source sharing; replace selected output bit predicates,frontend_gt15_deepstruct_round97_20260614_0724/sub-bf16-rootpower-r97,medium,explore,medium,tested_nonwinning,official OK ADP 7530 did not beat current frontend/reference,sub-bf16-rootpower-r97,2026-06-14
ex216,bf16_cube,current_frontend_source_with_exact_selected_bit_overlay,reuse current source sharing; replace selected output bit predicates,frontend_gt15_deepstruct_round97_20260614_0724/sub-bf16-rootpower-r97,medium,explore,medium,tested_nonwinning,official OK ADP 6818 did not beat current frontend/reference,sub-bf16-rootpower-r97,2026-06-14
ex216,bf16_cube,current_frontend_source_with_exact_selected_bit_overlay,reuse current source sharing; replace selected output bit predicates,frontend_gt15_deepstruct_round97_20260614_0724/sub-bf16-rootpower-r97,medium,explore,medium,tested_nonwinning,official OK ADP 8224 did not beat current frontend/reference,sub-bf16-rootpower-r97,2026-06-14
ex218,bf16_reciprocal_cube,current_frontend_source_with_exact_selected_bit_overlay,reuse current source sharing; replace selected output bit predicates,frontend_gt15_deepstruct_round97_20260614_0724/sub-bf16-rootpower-r97,medium,explore,medium,tested_nonwinning,official OK ADP 7140 did not beat current frontend/reference,sub-bf16-rootpower-r97,2026-06-14
ex218,bf16_reciprocal_cube,current_frontend_source_with_exact_selected_bit_overlay,reuse current source sharing; replace selected output bit predicates,frontend_gt15_deepstruct_round97_20260614_0724/sub-bf16-rootpower-r97,medium,explore,medium,tested_nonwinning,official OK ADP 7920 did not beat current frontend/reference,sub-bf16-rootpower-r97,2026-06-14
ex218,bf16_reciprocal_cube,current_frontend_source_with_exact_selected_bit_overlay,reuse current source sharing; replace selected output bit predicates,frontend_gt15_deepstruct_round97_20260614_0724/sub-bf16-rootpower-r97,medium,explore,medium,tested_nonwinning,official OK ADP 8160 did not beat current frontend/reference,sub-bf16-rootpower-r97,2026-06-14
ex219,bf16_reciprocal_cbrt,current_frontend_source_with_exact_selected_bit_overlay,reuse current source sharing; replace selected output bit predicates,frontend_gt15_deepstruct_round97_20260614_0724/sub-bf16-rootpower-r97,medium,explore,medium,tested_nonwinning,official OK ADP 9716 did not beat current frontend/reference,sub-bf16-rootpower-r97,2026-06-14
ex219,bf16_reciprocal_cbrt,current_frontend_source_with_exact_selected_bit_overlay,reuse current source sharing; replace selected output bit predicates,frontend_gt15_deepstruct_round97_20260614_0724/sub-bf16-rootpower-r97,medium,explore,medium,tested_nonwinning,official OK ADP 12915 did not beat current frontend/reference,sub-bf16-rootpower-r97,2026-06-14
ex219,bf16_reciprocal_cbrt,current_frontend_source_with_exact_selected_bit_overlay,reuse current source sharing; replace selected output bit predicates,frontend_gt15_deepstruct_round97_20260614_0724/sub-bf16-rootpower-r97,medium,explore,medium,tested_nonwinning,official OK ADP 9632 did not beat current frontend/reference,sub-bf16-rootpower-r97,2026-06-14
ex216,bf16_cube,hand_cube_guard_lut,explicit sign/special decode plus exponent-affine mantissa LUT,frontend_gt15_deepstruct_round97_20260614_0724/sub-bf16-rootpower-r97,medium,explore,medium,tested_nonwinning,official OK ADP 7242 did not beat current frontend/reference,sub-bf16-rootpower-r97,2026-06-14
ex216,bf16_cube,hand_cube_guard_lut,explicit sign/special decode plus exponent-affine mantissa LUT,frontend_gt15_deepstruct_round97_20260614_0724/sub-bf16-rootpower-r97,medium,explore,medium,tested_nonwinning,official OK ADP 7293 did not beat current frontend/reference,sub-bf16-rootpower-r97,2026-06-14
ex218,bf16_reciprocal_cube,hand_recip_cube_guard_lut_normal_first,explicit sign/special decode plus exponent-affine mantissa LUT,frontend_gt15_deepstruct_round97_20260614_0724/sub-bf16-rootpower-r97,medium,explore,medium,tested_nonwinning,official OK ADP 11160 did not beat current frontend/reference,sub-bf16-rootpower-r97,2026-06-14
ex218,bf16_reciprocal_cube,hand_recip_cube_guard_lut_normal_first,explicit sign/special decode plus exponent-affine mantissa LUT,frontend_gt15_deepstruct_round97_20260614_0724/sub-bf16-rootpower-r97,medium,explore,medium,tested_nonwinning,official OK ADP 11352 did not beat current frontend/reference,sub-bf16-rootpower-r97,2026-06-14
ex219,bf16_reciprocal_cbrt,hand_recip_cbrt_guard_lut_expcase,explicit sign/special decode plus exponent-affine mantissa LUT,frontend_gt15_deepstruct_round97_20260614_0724/sub-bf16-rootpower-r97,medium,explore,medium,tested_nonwinning,official OK ADP 11400 did not beat current frontend/reference,sub-bf16-rootpower-r97,2026-06-14
ex219,bf16_reciprocal_cbrt,hand_recip_cbrt_guard_lut_expcase,explicit sign/special decode plus exponent-affine mantissa LUT,frontend_gt15_deepstruct_round97_20260614_0724/sub-bf16-rootpower-r97,medium,explore,medium,tested_nonwinning,official OK ADP 11419 did not beat current frontend/reference,sub-bf16-rootpower-r97,2026-06-14
ex247,tail-only bound table with minimized low-underflow predicates,direct-region source RTL with compact pat/step residual,shared tail region predicates plus factored low-underflow pat/step terms,ex204_ex299_frontend_breakthrough_20260614_1051,high,exploit,high,tested_promising,"official evaluate.py OK 251/26/6526, improved frontend ADP 8349 to 6526",coordinator,2026-06-14
