case,input_coord,output_coord,degree,exact_bits,total_bits,total_terms,low_degree_terms,max_degree,bit_term_counts,bit_degrees,notes
ex286,raw,suffix_onehot,4,1,13,17665,2853,13,1785:1709:1855:1860:1674:337:1636:1641:821:1254:1874:13:1206,13:13:13:13:13:8:13:13:10:12:13:1:12,output-coordinate ANF over transformed input coordinates
ex286,reverse_bits,suffix_onehot,4,1,13,17665,2853,13,1785:1709:1855:1860:1674:337:1636:1641:821:1254:1874:13:1206,13:13:13:13:13:8:13:13:10:12:13:1:12,output-coordinate ANF over transformed input coordinates
ex286,raw,suffix_onehot,3,1,13,17665,1145,13,1785:1709:1855:1860:1674:337:1636:1641:821:1254:1874:13:1206,13:13:13:13:13:8:13:13:10:12:13:1:12,output-coordinate ANF over transformed input coordinates
ex286,reverse_bits,suffix_onehot,3,1,13,17665,1145,13,1785:1709:1855:1860:1674:337:1636:1641:821:1254:1874:13:1206,13:13:13:13:13:8:13:13:10:12:13:1:12,output-coordinate ANF over transformed input coordinates
ex286,raw,suffix_onehot,2,1,13,17665,365,13,1785:1709:1855:1860:1674:337:1636:1641:821:1254:1874:13:1206,13:13:13:13:13:8:13:13:10:12:13:1:12,output-coordinate ANF over transformed input coordinates
ex286,reverse_bits,suffix_onehot,2,1,13,17665,365,13,1785:1709:1855:1860:1674:337:1636:1641:821:1254:1874:13:1206,13:13:13:13:13:8:13:13:10:12:13:1:12,output-coordinate ANF over transformed input coordinates
ex286,raw,suffix_onehot,1,1,13,17665,73,13,1785:1709:1855:1860:1674:337:1636:1641:821:1254:1874:13:1206,13:13:13:13:13:8:13:13:10:12:13:1:12,output-coordinate ANF over transformed input coordinates
ex286,reverse_bits,suffix_onehot,1,1,13,17665,73,13,1785:1709:1855:1860:1674:337:1636:1641:821:1254:1874:13:1206,13:13:13:13:13:8:13:13:10:12:13:1:12,output-coordinate ANF over transformed input coordinates
ex286,raw,prefix_onehot,4,1,13,17701,2889,13,1211:1861:1643:1790:346:13:1650:1683:1873:818:1708:1245:1860,12:13:13:13:8:1:13:13:13:10:13:12:13,output-coordinate ANF over transformed input coordinates
ex286,reverse_bits,prefix_onehot,4,1,13,17701,2889,13,1211:1861:1643:1790:346:13:1650:1683:1873:818:1708:1245:1860,12:13:13:13:8:1:13:13:13:10:13:12:13,output-coordinate ANF over transformed input coordinates
ex286,raw,prefix_onehot,3,1,13,17701,1181,13,1211:1861:1643:1790:346:13:1650:1683:1873:818:1708:1245:1860,12:13:13:13:8:1:13:13:13:10:13:12:13,output-coordinate ANF over transformed input coordinates
ex286,reverse_bits,prefix_onehot,3,1,13,17701,1181,13,1211:1861:1643:1790:346:13:1650:1683:1873:818:1708:1245:1860,12:13:13:13:8:1:13:13:13:10:13:12:13,output-coordinate ANF over transformed input coordinates
ex286,raw,prefix_onehot,2,1,13,17701,401,13,1211:1861:1643:1790:346:13:1650:1683:1873:818:1708:1245:1860,12:13:13:13:8:1:13:13:13:10:13:12:13,output-coordinate ANF over transformed input coordinates
ex286,reverse_bits,prefix_onehot,2,1,13,17701,401,13,1211:1861:1643:1790:346:13:1650:1683:1873:818:1708:1245:1860,12:13:13:13:8:1:13:13:13:10:13:12:13,output-coordinate ANF over transformed input coordinates
ex286,raw,prefix_onehot,1,1,13,17701,109,13,1211:1861:1643:1790:346:13:1650:1683:1873:818:1708:1245:1860,12:13:13:13:8:1:13:13:13:10:13:12:13,output-coordinate ANF over transformed input coordinates
ex286,reverse_bits,prefix_onehot,1,1,13,17701,109,13,1211:1861:1643:1790:346:13:1650:1683:1873:818:1708:1245:1860,12:13:13:13:8:1:13:13:13:10:13:12:13,output-coordinate ANF over transformed input coordinates
ex286,raw,prefix_natural,4,1,13,19601,3019,13,1647:1704:1897:1720:1319:1398:1389:1372:1685:1890:1943:1624:13,13:13:13:13:9:9:9:9:13:13:13:13:1,output-coordinate ANF over transformed input coordinates
ex286,raw,suffix_reverse,4,1,13,19601,3019,13,1647:1704:1897:1720:1319:1398:1389:1372:1685:1890:1943:1624:13,13:13:13:13:9:9:9:9:13:13:13:13:1,output-coordinate ANF over transformed input coordinates
ex286,reverse_bits,prefix_natural,4,1,13,19601,3019,13,1647:1704:1897:1720:1319:1398:1389:1372:1685:1890:1943:1624:13,13:13:13:13:9:9:9:9:13:13:13:13:1,output-coordinate ANF over transformed input coordinates
ex286,reverse_bits,suffix_reverse,4,1,13,19601,3019,13,1647:1704:1897:1720:1319:1398:1389:1372:1685:1890:1943:1624:13,13:13:13:13:9:9:9:9:13:13:13:13:1,output-coordinate ANF over transformed input coordinates
ex286,raw,prefix_natural,3,1,13,19601,1215,13,1647:1704:1897:1720:1319:1398:1389:1372:1685:1890:1943:1624:13,13:13:13:13:9:9:9:9:13:13:13:13:1,output-coordinate ANF over transformed input coordinates
ex286,raw,suffix_reverse,3,1,13,19601,1215,13,1647:1704:1897:1720:1319:1398:1389:1372:1685:1890:1943:1624:13,13:13:13:13:9:9:9:9:13:13:13:13:1,output-coordinate ANF over transformed input coordinates
ex286,reverse_bits,prefix_natural,3,1,13,19601,1215,13,1647:1704:1897:1720:1319:1398:1389:1372:1685:1890:1943:1624:13,13:13:13:13:9:9:9:9:13:13:13:13:1,output-coordinate ANF over transformed input coordinates
ex286,reverse_bits,suffix_reverse,3,1,13,19601,1215,13,1647:1704:1897:1720:1319:1398:1389:1372:1685:1890:1943:1624:13,13:13:13:13:9:9:9:9:13:13:13:13:1,output-coordinate ANF over transformed input coordinates
ex286,raw,prefix_natural,2,1,13,19601,339,13,1647:1704:1897:1720:1319:1398:1389:1372:1685:1890:1943:1624:13,13:13:13:13:9:9:9:9:13:13:13:13:1,output-coordinate ANF over transformed input coordinates
ex286,raw,suffix_reverse,2,1,13,19601,339,13,1647:1704:1897:1720:1319:1398:1389:1372:1685:1890:1943:1624:13,13:13:13:13:9:9:9:9:13:13:13:13:1,output-coordinate ANF over transformed input coordinates
ex286,reverse_bits,prefix_natural,2,1,13,19601,339,13,1647:1704:1897:1720:1319:1398:1389:1372:1685:1890:1943:1624:13,13:13:13:13:9:9:9:9:13:13:13:13:1,output-coordinate ANF over transformed input coordinates
ex286,reverse_bits,suffix_reverse,2,1,13,19601,339,13,1647:1704:1897:1720:1319:1398:1389:1372:1685:1890:1943:1624:13,13:13:13:13:9:9:9:9:13:13:13:13:1,output-coordinate ANF over transformed input coordinates
ex286,raw,prefix_natural,1,1,13,19601,87,13,1647:1704:1897:1720:1319:1398:1389:1372:1685:1890:1943:1624:13,13:13:13:13:9:9:9:9:13:13:13:13:1,output-coordinate ANF over transformed input coordinates
ex286,raw,suffix_reverse,1,1,13,19601,87,13,1647:1704:1897:1720:1319:1398:1389:1372:1685:1890:1943:1624:13,13:13:13:13:9:9:9:9:13:13:13:13:1,output-coordinate ANF over transformed input coordinates
ex286,reverse_bits,prefix_natural,1,1,13,19601,87,13,1647:1704:1897:1720:1319:1398:1389:1372:1685:1890:1943:1624:13,13:13:13:13:9:9:9:9:13:13:13:13:1,output-coordinate ANF over transformed input coordinates
ex286,reverse_bits,suffix_reverse,1,1,13,19601,87,13,1647:1704:1897:1720:1319:1398:1389:1372:1685:1890:1943:1624:13,13:13:13:13:9:9:9:9:13:13:13:13:1,output-coordinate ANF over transformed input coordinates
ex286,raw,suffix_natural,4,1,13,19609,3027,13,13:1660:1715:1906:1725:1324:1399:1388:1371:1682:1881:1934:1611,1:13:13:13:13:9:9:9:9:13:13:13:13,output-coordinate ANF over transformed input coordinates
ex286,raw,prefix_reverse,4,1,13,19609,3027,13,13:1660:1715:1906:1725:1324:1399:1388:1371:1682:1881:1934:1611,1:13:13:13:13:9:9:9:9:13:13:13:13,output-coordinate ANF over transformed input coordinates
ex286,reverse_bits,suffix_natural,4,1,13,19609,3027,13,13:1660:1715:1906:1725:1324:1399:1388:1371:1682:1881:1934:1611,1:13:13:13:13:9:9:9:9:13:13:13:13,output-coordinate ANF over transformed input coordinates
ex286,reverse_bits,prefix_reverse,4,1,13,19609,3027,13,13:1660:1715:1906:1725:1324:1399:1388:1371:1682:1881:1934:1611,1:13:13:13:13:9:9:9:9:13:13:13:13,output-coordinate ANF over transformed input coordinates
ex286,raw,suffix_natural,3,1,13,19609,1223,13,13:1660:1715:1906:1725:1324:1399:1388:1371:1682:1881:1934:1611,1:13:13:13:13:9:9:9:9:13:13:13:13,output-coordinate ANF over transformed input coordinates
ex286,raw,prefix_reverse,3,1,13,19609,1223,13,13:1660:1715:1906:1725:1324:1399:1388:1371:1682:1881:1934:1611,1:13:13:13:13:9:9:9:9:13:13:13:13,output-coordinate ANF over transformed input coordinates
ex286,reverse_bits,suffix_natural,3,1,13,19609,1223,13,13:1660:1715:1906:1725:1324:1399:1388:1371:1682:1881:1934:1611,1:13:13:13:13:9:9:9:9:13:13:13:13,output-coordinate ANF over transformed input coordinates
ex286,reverse_bits,prefix_reverse,3,1,13,19609,1223,13,13:1660:1715:1906:1725:1324:1399:1388:1371:1682:1881:1934:1611,1:13:13:13:13:9:9:9:9:13:13:13:13,output-coordinate ANF over transformed input coordinates
ex286,raw,suffix_natural,2,1,13,19609,347,13,13:1660:1715:1906:1725:1324:1399:1388:1371:1682:1881:1934:1611,1:13:13:13:13:9:9:9:9:13:13:13:13,output-coordinate ANF over transformed input coordinates
ex286,raw,prefix_reverse,2,1,13,19609,347,13,13:1660:1715:1906:1725:1324:1399:1388:1371:1682:1881:1934:1611,1:13:13:13:13:9:9:9:9:13:13:13:13,output-coordinate ANF over transformed input coordinates
ex286,reverse_bits,suffix_natural,2,1,13,19609,347,13,13:1660:1715:1906:1725:1324:1399:1388:1371:1682:1881:1934:1611,1:13:13:13:13:9:9:9:9:13:13:13:13,output-coordinate ANF over transformed input coordinates
ex286,reverse_bits,prefix_reverse,2,1,13,19609,347,13,13:1660:1715:1906:1725:1324:1399:1388:1371:1682:1881:1934:1611,1:13:13:13:13:9:9:9:9:13:13:13:13,output-coordinate ANF over transformed input coordinates
ex286,raw,suffix_natural,1,1,13,19609,95,13,13:1660:1715:1906:1725:1324:1399:1388:1371:1682:1881:1934:1611,1:13:13:13:13:9:9:9:9:13:13:13:13,output-coordinate ANF over transformed input coordinates
ex286,raw,prefix_reverse,1,1,13,19609,95,13,13:1660:1715:1906:1725:1324:1399:1388:1371:1682:1881:1934:1611,1:13:13:13:13:9:9:9:9:13:13:13:13,output-coordinate ANF over transformed input coordinates
ex286,reverse_bits,suffix_natural,1,1,13,19609,95,13,13:1660:1715:1906:1725:1324:1399:1388:1371:1682:1881:1934:1611,1:13:13:13:13:9:9:9:9:13:13:13:13,output-coordinate ANF over transformed input coordinates
ex286,reverse_bits,prefix_reverse,1,1,13,19609,95,13,13:1660:1715:1906:1725:1324:1399:1388:1371:1682:1881:1934:1611,1:13:13:13:13:9:9:9:9:13:13:13:13,output-coordinate ANF over transformed input coordinates
ex286,gray_natural,suffix_onehot,4,1,13,35433,5983,13,3695:3423:3411:3631:3381:616:3302:3443:2067:2453:3612:7:2392,13:13:13:13:13:8:13:13:10:12:13:1:12,output-coordinate ANF over transformed input coordinates
ex286,gray_natural,suffix_onehot,3,1,13,35433,2135,13,3695:3423:3411:3631:3381:616:3302:3443:2067:2453:3612:7:2392,13:13:13:13:13:8:13:13:10:12:13:1:12,output-coordinate ANF over transformed input coordinates
ex286,gray_natural,suffix_onehot,2,1,13,35433,522,13,3695:3423:3411:3631:3381:616:3302:3443:2067:2453:3612:7:2392,13:13:13:13:13:8:13:13:10:12:13:1:12,output-coordinate ANF over transformed input coordinates
ex286,gray_natural,suffix_onehot,1,1,13,35433,70,13,3695:3423:3411:3631:3381:616:3302:3443:2067:2453:3612:7:2392,13:13:13:13:13:8:13:13:10:12:13:1:12,output-coordinate ANF over transformed input coordinates
ex286,gray_natural,prefix_onehot,4,1,13,35447,5997,13,2391:3630:3307:3690:619:7:3444:3386:3619:2062:3418:2458:3416,12:13:13:13:8:1:13:13:13:10:13:12:13,output-coordinate ANF over transformed input coordinates
ex286,gray_natural,prefix_onehot,3,1,13,35447,2149,13,2391:3630:3307:3690:619:7:3444:3386:3619:2062:3418:2458:3416,12:13:13:13:8:1:13:13:13:10:13:12:13,output-coordinate ANF over transformed input coordinates
ex286,gray_natural,prefix_onehot,2,1,13,35447,536,13,2391:3630:3307:3690:619:7:3444:3386:3619:2062:3418:2458:3416,12:13:13:13:8:1:13:13:13:10:13:12:13,output-coordinate ANF over transformed input coordinates
ex286,gray_natural,prefix_onehot,1,1,13,35447,84,13,2391:3630:3307:3690:619:7:3444:3386:3619:2062:3418:2458:3416,12:13:13:13:8:1:13:13:13:10:13:12:13,output-coordinate ANF over transformed input coordinates
ex286,gray_natural,prefix_natural,4,1,13,37193,6213,13,3689:3651:3590:3428:2303:2251:2284:2242:3487:3589:3396:3276:7,13:13:13:13:9:9:9:9:13:13:13:13:1,output-coordinate ANF over transformed input coordinates
ex286,gray_natural,suffix_reverse,4,1,13,37193,6213,13,3689:3651:3590:3428:2303:2251:2284:2242:3487:3589:3396:3276:7,13:13:13:13:9:9:9:9:13:13:13:13:1,output-coordinate ANF over transformed input coordinates
ex286,gray_natural,prefix_natural,3,1,13,37193,2103,13,3689:3651:3590:3428:2303:2251:2284:2242:3487:3589:3396:3276:7,13:13:13:13:9:9:9:9:13:13:13:13:1,output-coordinate ANF over transformed input coordinates
ex286,gray_natural,suffix_reverse,3,1,13,37193,2103,13,3689:3651:3590:3428:2303:2251:2284:2242:3487:3589:3396:3276:7,13:13:13:13:9:9:9:9:13:13:13:13:1,output-coordinate ANF over transformed input coordinates
ex286,gray_natural,prefix_natural,2,1,13,37193,509,13,3689:3651:3590:3428:2303:2251:2284:2242:3487:3589:3396:3276:7,13:13:13:13:9:9:9:9:13:13:13:13:1,output-coordinate ANF over transformed input coordinates
ex286,gray_natural,suffix_reverse,2,1,13,37193,509,13,3689:3651:3590:3428:2303:2251:2284:2242:3487:3589:3396:3276:7,13:13:13:13:9:9:9:9:13:13:13:13:1,output-coordinate ANF over transformed input coordinates
ex286,gray_natural,prefix_natural,1,1,13,37193,62,13,3689:3651:3590:3428:2303:2251:2284:2242:3487:3589:3396:3276:7,13:13:13:13:9:9:9:9:13:13:13:13:1,output-coordinate ANF over transformed input coordinates
ex286,gray_natural,suffix_reverse,1,1,13,37193,62,13,3689:3651:3590:3428:2303:2251:2284:2242:3487:3589:3396:3276:7,13:13:13:13:9:9:9:9:13:13:13:13:1,output-coordinate ANF over transformed input coordinates
ex286,gray_reverse,prefix_onehot,4,1,13,37197,5409,13,2759:3734:3325:3970:453:7:3366:3360:3747:2822:3362:2684:3608,12:13:13:13:8:1:13:13:13:10:13:12:13,output-coordinate ANF over transformed input coordinates
ex286,gray_reverse,prefix_onehot,3,1,13,37197,1837,13,2759:3734:3325:3970:453:7:3366:3360:3747:2822:3362:2684:3608,12:13:13:13:8:1:13:13:13:10:13:12:13,output-coordinate ANF over transformed input coordinates
ex286,gray_reverse,prefix_onehot,2,1,13,37197,432,13,2759:3734:3325:3970:453:7:3366:3360:3747:2822:3362:2684:3608,12:13:13:13:8:1:13:13:13:10:13:12:13,output-coordinate ANF over transformed input coordinates
ex286,gray_reverse,prefix_onehot,1,1,13,37197,76,13,2759:3734:3325:3970:453:7:3366:3360:3747:2822:3362:2684:3608,12:13:13:13:8:1:13:13:13:10:13:12:13,output-coordinate ANF over transformed input coordinates
ex286,gray_reverse,suffix_onehot,4,1,13,37211,5423,13,3975:3367:3611:3735:3359:456:3326:3365:2827:2683:3744:7:2756,13:13:13:13:13:8:13:13:10:12:13:1:12,output-coordinate ANF over transformed input coordinates
ex286,gray_reverse,suffix_onehot,3,1,13,37211,1851,13,3975:3367:3611:3735:3359:456:3326:3365:2827:2683:3744:7:2756,13:13:13:13:13:8:13:13:10:12:13:1:12,output-coordinate ANF over transformed input coordinates
ex286,gray_reverse,suffix_onehot,2,1,13,37211,446,13,3975:3367:3611:3735:3359:456:3326:3365:2827:2683:3744:7:2756,13:13:13:13:13:8:13:13:10:12:13:1:12,output-coordinate ANF over transformed input coordinates
ex286,gray_reverse,suffix_onehot,1,1,13,37211,90,13,3975:3367:3611:3735:3359:456:3326:3365:2827:2683:3744:7:2756,13:13:13:13:13:8:13:13:10:12:13:1:12,output-coordinate ANF over transformed input coordinates
ex286,gray_natural,suffix_natural,4,1,13,37223,6243,13,7:3692:3658:3593:3435:2304:2256:2285:2247:3484:3592:3391:3279,1:13:13:13:13:9:9:9:9:13:13:13:13,output-coordinate ANF over transformed input coordinates
ex286,gray_natural,prefix_reverse,4,1,13,37223,6243,13,7:3692:3658:3593:3435:2304:2256:2285:2247:3484:3592:3391:3279,1:13:13:13:13:9:9:9:9:13:13:13:13,output-coordinate ANF over transformed input coordinates
ex286,gray_natural,suffix_natural,3,1,13,37223,2133,13,7:3692:3658:3593:3435:2304:2256:2285:2247:3484:3592:3391:3279,1:13:13:13:13:9:9:9:9:13:13:13:13,output-coordinate ANF over transformed input coordinates
ex286,gray_natural,prefix_reverse,3,1,13,37223,2133,13,7:3692:3658:3593:3435:2304:2256:2285:2247:3484:3592:3391:3279,1:13:13:13:13:9:9:9:9:13:13:13:13,output-coordinate ANF over transformed input coordinates
ex286,gray_natural,suffix_natural,2,1,13,37223,539,13,7:3692:3658:3593:3435:2304:2256:2285:2247:3484:3592:3391:3279,1:13:13:13:13:9:9:9:9:13:13:13:13,output-coordinate ANF over transformed input coordinates
ex286,gray_natural,prefix_reverse,2,1,13,37223,539,13,7:3692:3658:3593:3435:2304:2256:2285:2247:3484:3592:3391:3279,1:13:13:13:13:9:9:9:9:13:13:13:13,output-coordinate ANF over transformed input coordinates
ex286,gray_natural,suffix_natural,1,1,13,37223,92,13,7:3692:3658:3593:3435:2304:2256:2285:2247:3484:3592:3391:3279,1:13:13:13:13:9:9:9:9:13:13:13:13,output-coordinate ANF over transformed input coordinates
ex286,gray_natural,prefix_reverse,1,1,13,37223,92,13,7:3692:3658:3593:3435:2304:2256:2285:2247:3484:3592:3391:3279,1:13:13:13:13:9:9:9:9:13:13:13:13,output-coordinate ANF over transformed input coordinates
ex286,gray_reverse,suffix_natural,4,1,13,38997,5881,13,7:3864:3802:3805:3413:2444:2434:2423:2425:3750:3752:3611:3267,1:13:13:13:13:9:9:9:9:13:13:13:13,output-coordinate ANF over transformed input coordinates
ex286,gray_reverse,prefix_reverse,4,1,13,38997,5881,13,7:3864:3802:3805:3413:2444:2434:2423:2425:3750:3752:3611:3267,1:13:13:13:13:9:9:9:9:13:13:13:13,output-coordinate ANF over transformed input coordinates
ex286,gray_reverse,suffix_natural,3,1,13,38997,1949,13,7:3864:3802:3805:3413:2444:2434:2423:2425:3750:3752:3611:3267,1:13:13:13:13:9:9:9:9:13:13:13:13,output-coordinate ANF over transformed input coordinates
ex286,gray_reverse,prefix_reverse,3,1,13,38997,1949,13,7:3864:3802:3805:3413:2444:2434:2423:2425:3750:3752:3611:3267,1:13:13:13:13:9:9:9:9:13:13:13:13,output-coordinate ANF over transformed input coordinates
ex286,gray_reverse,suffix_natural,2,1,13,38997,421,13,7:3864:3802:3805:3413:2444:2434:2423:2425:3750:3752:3611:3267,1:13:13:13:13:9:9:9:9:13:13:13:13,output-coordinate ANF over transformed input coordinates
ex286,gray_reverse,prefix_reverse,2,1,13,38997,421,13,7:3864:3802:3805:3413:2444:2434:2423:2425:3750:3752:3611:3267,1:13:13:13:13:9:9:9:9:13:13:13:13,output-coordinate ANF over transformed input coordinates
ex286,gray_reverse,suffix_natural,1,1,13,38997,74,13,7:3864:3802:3805:3413:2444:2434:2423:2425:3750:3752:3611:3267,1:13:13:13:13:9:9:9:9:13:13:13:13,output-coordinate ANF over transformed input coordinates
ex286,gray_reverse,prefix_reverse,1,1,13,38997,74,13,7:3864:3802:3805:3413:2444:2434:2423:2425:3750:3752:3611:3267,1:13:13:13:13:9:9:9:9:13:13:13:13,output-coordinate ANF over transformed input coordinates
ex286,gray_reverse,prefix_natural,4,1,13,39001,5885,13,3865:3803:3808:3412:2447:2427:2430:2420:3753:3749:3616:3264:7,13:13:13:13:9:9:9:9:13:13:13:13:1,output-coordinate ANF over transformed input coordinates
ex286,gray_reverse,suffix_reverse,4,1,13,39001,5885,13,3865:3803:3808:3412:2447:2427:2430:2420:3753:3749:3616:3264:7,13:13:13:13:9:9:9:9:13:13:13:13:1,output-coordinate ANF over transformed input coordinates
ex286,gray_reverse,prefix_natural,3,1,13,39001,1953,13,3865:3803:3808:3412:2447:2427:2430:2420:3753:3749:3616:3264:7,13:13:13:13:9:9:9:9:13:13:13:13:1,output-coordinate ANF over transformed input coordinates
ex286,gray_reverse,suffix_reverse,3,1,13,39001,1953,13,3865:3803:3808:3412:2447:2427:2430:2420:3753:3749:3616:3264:7,13:13:13:13:9:9:9:9:13:13:13:13:1,output-coordinate ANF over transformed input coordinates
ex286,gray_reverse,prefix_natural,2,1,13,39001,425,13,3865:3803:3808:3412:2447:2427:2430:2420:3753:3749:3616:3264:7,13:13:13:13:9:9:9:9:13:13:13:13:1,output-coordinate ANF over transformed input coordinates
ex286,gray_reverse,suffix_reverse,2,1,13,39001,425,13,3865:3803:3808:3412:2447:2427:2430:2420:3753:3749:3616:3264:7,13:13:13:13:9:9:9:9:13:13:13:13:1,output-coordinate ANF over transformed input coordinates
ex286,gray_reverse,prefix_natural,1,1,13,39001,78,13,3865:3803:3808:3412:2447:2427:2430:2420:3753:3749:3616:3264:7,13:13:13:13:9:9:9:9:13:13:13:13:1,output-coordinate ANF over transformed input coordinates
ex286,gray_reverse,suffix_reverse,1,1,13,39001,78,13,3865:3803:3808:3412:2447:2427:2430:2420:3753:3749:3616:3264:7,13:13:13:13:9:9:9:9:13:13:13:13:1,output-coordinate ANF over transformed input coordinates
ex286,prefix_natural,suffix_onehot,4,1,13,40832,5792,13,4259:4137:3977:4129:3860:768:3861:3902:2349:2707:4003:1:2879,13:13:13:13:13:8:13:13:10:12:13:1:12,output-coordinate ANF over transformed input coordinates
ex286,suffix_reverse,suffix_onehot,4,1,13,40832,5792,13,4259:4137:3977:4129:3860:768:3861:3902:2349:2707:4003:1:2879,13:13:13:13:13:8:13:13:10:12:13:1:12,output-coordinate ANF over transformed input coordinates
ex286,prefix_natural,suffix_onehot,3,1,13,40832,1901,13,4259:4137:3977:4129:3860:768:3861:3902:2349:2707:4003:1:2879,13:13:13:13:13:8:13:13:10:12:13:1:12,output-coordinate ANF over transformed input coordinates
ex286,suffix_reverse,suffix_onehot,3,1,13,40832,1901,13,4259:4137:3977:4129:3860:768:3861:3902:2349:2707:4003:1:2879,13:13:13:13:13:8:13:13:10:12:13:1:12,output-coordinate ANF over transformed input coordinates
ex286,prefix_natural,suffix_onehot,2,1,13,40832,384,13,4259:4137:3977:4129:3860:768:3861:3902:2349:2707:4003:1:2879,13:13:13:13:13:8:13:13:10:12:13:1:12,output-coordinate ANF over transformed input coordinates
ex286,suffix_reverse,suffix_onehot,2,1,13,40832,384,13,4259:4137:3977:4129:3860:768:3861:3902:2349:2707:4003:1:2879,13:13:13:13:13:8:13:13:10:12:13:1:12,output-coordinate ANF over transformed input coordinates
ex286,prefix_natural,suffix_onehot,1,1,13,40832,37,13,4259:4137:3977:4129:3860:768:3861:3902:2349:2707:4003:1:2879,13:13:13:13:13:8:13:13:10:12:13:1:12,output-coordinate ANF over transformed input coordinates
ex286,suffix_reverse,suffix_onehot,1,1,13,40832,37,13,4259:4137:3977:4129:3860:768:3861:3902:2349:2707:4003:1:2879,13:13:13:13:13:8:13:13:10:12:13:1:12,output-coordinate ANF over transformed input coordinates
ex286,prefix_natural,prefix_onehot,4,1,13,40840,5800,13,2880:4130:3862:4260:769:1:3903:3861:4004:2348:4138:2706:3978,12:13:13:13:8:1:13:13:13:10:13:12:13,output-coordinate ANF over transformed input coordinates
ex286,suffix_reverse,prefix_onehot,4,1,13,40840,5800,13,2880:4130:3862:4260:769:1:3903:3861:4004:2348:4138:2706:3978,12:13:13:13:8:1:13:13:13:10:13:12:13,output-coordinate ANF over transformed input coordinates
ex286,prefix_natural,prefix_onehot,3,1,13,40840,1909,13,2880:4130:3862:4260:769:1:3903:3861:4004:2348:4138:2706:3978,12:13:13:13:8:1:13:13:13:10:13:12:13,output-coordinate ANF over transformed input coordinates
ex286,suffix_reverse,prefix_onehot,3,1,13,40840,1909,13,2880:4130:3862:4260:769:1:3903:3861:4004:2348:4138:2706:3978,12:13:13:13:8:1:13:13:13:10:13:12:13,output-coordinate ANF over transformed input coordinates
ex286,prefix_natural,prefix_onehot,2,1,13,40840,392,13,2880:4130:3862:4260:769:1:3903:3861:4004:2348:4138:2706:3978,12:13:13:13:8:1:13:13:13:10:13:12:13,output-coordinate ANF over transformed input coordinates
ex286,suffix_reverse,prefix_onehot,2,1,13,40840,392,13,2880:4130:3862:4260:769:1:3903:3861:4004:2348:4138:2706:3978,12:13:13:13:8:1:13:13:13:10:13:12:13,output-coordinate ANF over transformed input coordinates
ex286,prefix_natural,prefix_onehot,1,1,13,40840,45,13,2880:4130:3862:4260:769:1:3903:3861:4004:2348:4138:2706:3978,12:13:13:13:8:1:13:13:13:10:13:12:13,output-coordinate ANF over transformed input coordinates
ex286,suffix_reverse,prefix_onehot,1,1,13,40840,45,13,2880:4130:3862:4260:769:1:3903:3861:4004:2348:4138:2706:3978,12:13:13:13:8:1:13:13:13:10:13:12:13,output-coordinate ANF over transformed input coordinates
ex286,prefix_onehot,suffix_onehot,4,1,13,43769,5389,13,3660:4059:3884:4024:3740:2108:3834:3916:3487:3667:3911:1:3478,13:13:13:13:13:8:13:13:10:12:13:1:12,output-coordinate ANF over transformed input coordinates
ex286,prefix_onehot,suffix_onehot,3,1,13,43769,1768,13,3660:4059:3884:4024:3740:2108:3834:3916:3487:3667:3911:1:3478,13:13:13:13:13:8:13:13:10:12:13:1:12,output-coordinate ANF over transformed input coordinates
ex286,prefix_onehot,suffix_onehot,2,1,13,43769,386,13,3660:4059:3884:4024:3740:2108:3834:3916:3487:3667:3911:1:3478,13:13:13:13:13:8:13:13:10:12:13:1:12,output-coordinate ANF over transformed input coordinates
ex286,prefix_onehot,suffix_onehot,1,1,13,43769,42,13,3660:4059:3884:4024:3740:2108:3834:3916:3487:3667:3911:1:3478,13:13:13:13:13:8:13:13:10:12:13:1:12,output-coordinate ANF over transformed input coordinates
ex286,prefix_onehot,prefix_onehot,4,1,13,43781,5401,13,3479:4025:3835:3661:2109:1:3917:3741:3912:3488:4060:3668:3885,12:13:13:13:8:1:13:13:13:10:13:12:13,output-coordinate ANF over transformed input coordinates
ex286,prefix_onehot,prefix_onehot,3,1,13,43781,1780,13,3479:4025:3835:3661:2109:1:3917:3741:3912:3488:4060:3668:3885,12:13:13:13:8:1:13:13:13:10:13:12:13,output-coordinate ANF over transformed input coordinates
ex286,prefix_onehot,prefix_onehot,2,1,13,43781,398,13,3479:4025:3835:3661:2109:1:3917:3741:3912:3488:4060:3668:3885,12:13:13:13:8:1:13:13:13:10:13:12:13,output-coordinate ANF over transformed input coordinates
ex286,prefix_onehot,prefix_onehot,1,1,13,43781,54,13,3479:4025:3835:3661:2109:1:3917:3741:3912:3488:4060:3668:3885,12:13:13:13:8:1:13:13:13:10:13:12:13,output-coordinate ANF over transformed input coordinates
ex287,raw,prefix_natural,4,1,14,30801,3327,14,2789:2118:2829:2402:2993:1388:1453:1434:3275:2374:2879:2262:2591:14,14:13:13:13:14:9:9:9:14:13:13:13:14:1,output-coordinate ANF over transformed input coordinates
ex287,raw,suffix_reverse,4,1,14,30801,3327,14,2789:2118:2829:2402:2993:1388:1453:1434:3275:2374:2879:2262:2591:14,14:13:13:13:14:9:9:9:14:13:13:13:14:1,output-coordinate ANF over transformed input coordinates
ex287,reverse_bits,prefix_natural,4,1,14,30801,3327,14,2789:2118:2829:2402:2993:1388:1453:1434:3275:2374:2879:2262:2591:14,14:13:13:13:14:9:9:9:14:13:13:13:14:1,output-coordinate ANF over transformed input coordinates
ex287,reverse_bits,suffix_reverse,4,1,14,30801,3327,14,2789:2118:2829:2402:2993:1388:1453:1434:3275:2374:2879:2262:2591:14,14:13:13:13:14:9:9:9:14:13:13:13:14:1,output-coordinate ANF over transformed input coordinates
ex287,raw,prefix_natural,3,1,14,30801,1319,14,2789:2118:2829:2402:2993:1388:1453:1434:3275:2374:2879:2262:2591:14,14:13:13:13:14:9:9:9:14:13:13:13:14:1,output-coordinate ANF over transformed input coordinates
ex287,raw,suffix_reverse,3,1,14,30801,1319,14,2789:2118:2829:2402:2993:1388:1453:1434:3275:2374:2879:2262:2591:14,14:13:13:13:14:9:9:9:14:13:13:13:14:1,output-coordinate ANF over transformed input coordinates
ex287,reverse_bits,prefix_natural,3,1,14,30801,1319,14,2789:2118:2829:2402:2993:1388:1453:1434:3275:2374:2879:2262:2591:14,14:13:13:13:14:9:9:9:14:13:13:13:14:1,output-coordinate ANF over transformed input coordinates
ex287,reverse_bits,suffix_reverse,3,1,14,30801,1319,14,2789:2118:2829:2402:2993:1388:1453:1434:3275:2374:2879:2262:2591:14,14:13:13:13:14:9:9:9:14:13:13:13:14:1,output-coordinate ANF over transformed input coordinates
ex287,raw,prefix_natural,2,1,14,30801,413,14,2789:2118:2829:2402:2993:1388:1453:1434:3275:2374:2879:2262:2591:14,14:13:13:13:14:9:9:9:14:13:13:13:14:1,output-coordinate ANF over transformed input coordinates
ex287,raw,suffix_reverse,2,1,14,30801,413,14,2789:2118:2829:2402:2993:1388:1453:1434:3275:2374:2879:2262:2591:14,14:13:13:13:14:9:9:9:14:13:13:13:14:1,output-coordinate ANF over transformed input coordinates
ex287,reverse_bits,prefix_natural,2,1,14,30801,413,14,2789:2118:2829:2402:2993:1388:1453:1434:3275:2374:2879:2262:2591:14,14:13:13:13:14:9:9:9:14:13:13:13:14:1,output-coordinate ANF over transformed input coordinates
ex287,reverse_bits,suffix_reverse,2,1,14,30801,413,14,2789:2118:2829:2402:2993:1388:1453:1434:3275:2374:2879:2262:2591:14,14:13:13:13:14:9:9:9:14:13:13:13:14:1,output-coordinate ANF over transformed input coordinates
ex287,raw,prefix_natural,1,1,14,30801,96,14,2789:2118:2829:2402:2993:1388:1453:1434:3275:2374:2879:2262:2591:14,14:13:13:13:14:9:9:9:14:13:13:13:14:1,output-coordinate ANF over transformed input coordinates
ex287,raw,suffix_reverse,1,1,14,30801,96,14,2789:2118:2829:2402:2993:1388:1453:1434:3275:2374:2879:2262:2591:14,14:13:13:13:14:9:9:9:14:13:13:13:14:1,output-coordinate ANF over transformed input coordinates
ex287,reverse_bits,prefix_natural,1,1,14,30801,96,14,2789:2118:2829:2402:2993:1388:1453:1434:3275:2374:2879:2262:2591:14,14:13:13:13:14:9:9:9:14:13:13:13:14:1,output-coordinate ANF over transformed input coordinates
ex287,reverse_bits,suffix_reverse,1,1,14,30801,96,14,2789:2118:2829:2402:2993:1388:1453:1434:3275:2374:2879:2262:2591:14,14:13:13:13:14:9:9:9:14:13:13:13:14:1,output-coordinate ANF over transformed input coordinates
ex287,raw,suffix_natural,4,1,14,30819,3345,14,14:2803:2132:2843:2410:2999:1390:1453:1434:3275:2366:2871:2250:2579,1:14:13:13:13:14:9:9:9:14:13:13:13:14,output-coordinate ANF over transformed input coordinates
ex287,raw,prefix_reverse,4,1,14,30819,3345,14,14:2803:2132:2843:2410:2999:1390:1453:1434:3275:2366:2871:2250:2579,1:14:13:13:13:14:9:9:9:14:13:13:13:14,output-coordinate ANF over transformed input coordinates
ex287,reverse_bits,suffix_natural,4,1,14,30819,3345,14,14:2803:2132:2843:2410:2999:1390:1453:1434:3275:2366:2871:2250:2579,1:14:13:13:13:14:9:9:9:14:13:13:13:14,output-coordinate ANF over transformed input coordinates
ex287,reverse_bits,prefix_reverse,4,1,14,30819,3345,14,14:2803:2132:2843:2410:2999:1390:1453:1434:3275:2366:2871:2250:2579,1:14:13:13:13:14:9:9:9:14:13:13:13:14,output-coordinate ANF over transformed input coordinates
ex287,raw,suffix_natural,3,1,14,30819,1337,14,14:2803:2132:2843:2410:2999:1390:1453:1434:3275:2366:2871:2250:2579,1:14:13:13:13:14:9:9:9:14:13:13:13:14,output-coordinate ANF over transformed input coordinates
ex287,raw,prefix_reverse,3,1,14,30819,1337,14,14:2803:2132:2843:2410:2999:1390:1453:1434:3275:2366:2871:2250:2579,1:14:13:13:13:14:9:9:9:14:13:13:13:14,output-coordinate ANF over transformed input coordinates
ex287,reverse_bits,suffix_natural,3,1,14,30819,1337,14,14:2803:2132:2843:2410:2999:1390:1453:1434:3275:2366:2871:2250:2579,1:14:13:13:13:14:9:9:9:14:13:13:13:14,output-coordinate ANF over transformed input coordinates
ex287,reverse_bits,prefix_reverse,3,1,14,30819,1337,14,14:2803:2132:2843:2410:2999:1390:1453:1434:3275:2366:2871:2250:2579,1:14:13:13:13:14:9:9:9:14:13:13:13:14,output-coordinate ANF over transformed input coordinates
ex287,raw,suffix_natural,2,1,14,30819,431,14,14:2803:2132:2843:2410:2999:1390:1453:1434:3275:2366:2871:2250:2579,1:14:13:13:13:14:9:9:9:14:13:13:13:14,output-coordinate ANF over transformed input coordinates
ex287,raw,prefix_reverse,2,1,14,30819,431,14,14:2803:2132:2843:2410:2999:1390:1453:1434:3275:2366:2871:2250:2579,1:14:13:13:13:14:9:9:9:14:13:13:13:14,output-coordinate ANF over transformed input coordinates
ex287,reverse_bits,suffix_natural,2,1,14,30819,431,14,14:2803:2132:2843:2410:2999:1390:1453:1434:3275:2366:2871:2250:2579,1:14:13:13:13:14:9:9:9:14:13:13:13:14,output-coordinate ANF over transformed input coordinates
ex287,reverse_bits,prefix_reverse,2,1,14,30819,431,14,14:2803:2132:2843:2410:2999:1390:1453:1434:3275:2366:2871:2250:2579,1:14:13:13:13:14:9:9:9:14:13:13:13:14,output-coordinate ANF over transformed input coordinates
ex287,raw,suffix_natural,1,1,14,30819,114,14,14:2803:2132:2843:2410:2999:1390:1453:1434:3275:2366:2871:2250:2579,1:14:13:13:13:14:9:9:9:14:13:13:13:14,output-coordinate ANF over transformed input coordinates
ex287,raw,prefix_reverse,1,1,14,30819,114,14,14:2803:2132:2843:2410:2999:1390:1453:1434:3275:2366:2871:2250:2579,1:14:13:13:13:14:9:9:9:14:13:13:13:14,output-coordinate ANF over transformed input coordinates
ex287,reverse_bits,suffix_natural,1,1,14,30819,114,14,14:2803:2132:2843:2410:2999:1390:1453:1434:3275:2366:2871:2250:2579,1:14:13:13:13:14:9:9:9:14:13:13:13:14,output-coordinate ANF over transformed input coordinates
ex287,reverse_bits,prefix_reverse,1,1,14,30819,114,14,14:2803:2132:2843:2410:2999:1390:1453:1434:3275:2366:2871:2250:2579,1:14:13:13:13:14:9:9:9:14:13:13:13:14,output-coordinate ANF over transformed input coordinates
ex287,raw,suffix_onehot,4,1,14,35423,3831,14,2980:2583:3047:2388:2983:1808:3014:2953:14:2799:2849:2176:2829:3000,14:14:13:13:14:12:13:13:1:14:13:13:13:13,output-coordinate ANF over transformed input coordinates
ex287,reverse_bits,suffix_onehot,4,1,14,35423,3831,14,2980:2583:3047:2388:2983:1808:3014:2953:14:2799:2849:2176:2829:3000,14:14:13:13:14:12:13:13:1:14:13:13:13:13,output-coordinate ANF over transformed input coordinates
ex287,raw,suffix_onehot,3,1,14,35423,1456,14,2980:2583:3047:2388:2983:1808:3014:2953:14:2799:2849:2176:2829:3000,14:14:13:13:14:12:13:13:1:14:13:13:13:13,output-coordinate ANF over transformed input coordinates
ex287,reverse_bits,suffix_onehot,3,1,14,35423,1456,14,2980:2583:3047:2388:2983:1808:3014:2953:14:2799:2849:2176:2829:3000,14:14:13:13:14:12:13:13:1:14:13:13:13:13,output-coordinate ANF over transformed input coordinates
ex287,raw,suffix_onehot,2,1,14,35423,425,14,2980:2583:3047:2388:2983:1808:3014:2953:14:2799:2849:2176:2829:3000,14:14:13:13:14:12:13:13:1:14:13:13:13:13,output-coordinate ANF over transformed input coordinates
ex287,reverse_bits,suffix_onehot,2,1,14,35423,425,14,2980:2583:3047:2388:2983:1808:3014:2953:14:2799:2849:2176:2829:3000,14:14:13:13:14:12:13:13:1:14:13:13:13:13,output-coordinate ANF over transformed input coordinates
ex287,raw,suffix_onehot,1,1,14,35423,87,14,2980:2583:3047:2388:2983:1808:3014:2953:14:2799:2849:2176:2829:3000,14:14:13:13:14:12:13:13:1:14:13:13:13:13,output-coordinate ANF over transformed input coordinates
ex287,reverse_bits,suffix_onehot,1,1,14,35423,87,14,2980:2583:3047:2388:2983:1808:3014:2953:14:2799:2849:2176:2829:3000,14:14:13:13:14:12:13:13:1:14:13:13:13:13,output-coordinate ANF over transformed input coordinates
ex287,raw,prefix_onehot,4,1,14,35459,3867,14,3051:14:3018:2833:1818:2597:2959:3006:2785:2170:2386:2847:2984:2991,13:1:13:13:12:14:13:13:14:13:13:13:14:14,output-coordinate ANF over transformed input coordinates
ex287,reverse_bits,prefix_onehot,4,1,14,35459,3867,14,3051:14:3018:2833:1818:2597:2959:3006:2785:2170:2386:2847:2984:2991,13:1:13:13:12:14:13:13:14:13:13:13:14:14,output-coordinate ANF over transformed input coordinates
ex287,raw,prefix_onehot,3,1,14,35459,1492,14,3051:14:3018:2833:1818:2597:2959:3006:2785:2170:2386:2847:2984:2991,13:1:13:13:12:14:13:13:14:13:13:13:14:14,output-coordinate ANF over transformed input coordinates
ex287,reverse_bits,prefix_onehot,3,1,14,35459,1492,14,3051:14:3018:2833:1818:2597:2959:3006:2785:2170:2386:2847:2984:2991,13:1:13:13:12:14:13:13:14:13:13:13:14:14,output-coordinate ANF over transformed input coordinates
ex287,raw,prefix_onehot,2,1,14,35459,461,14,3051:14:3018:2833:1818:2597:2959:3006:2785:2170:2386:2847:2984:2991,13:1:13:13:12:14:13:13:14:13:13:13:14:14,output-coordinate ANF over transformed input coordinates
ex287,reverse_bits,prefix_onehot,2,1,14,35459,461,14,3051:14:3018:2833:1818:2597:2959:3006:2785:2170:2386:2847:2984:2991,13:1:13:13:12:14:13:13:14:13:13:13:14:14,output-coordinate ANF over transformed input coordinates
ex287,raw,prefix_onehot,1,1,14,35459,123,14,3051:14:3018:2833:1818:2597:2959:3006:2785:2170:2386:2847:2984:2991,13:1:13:13:12:14:13:13:14:13:13:13:14:14,output-coordinate ANF over transformed input coordinates
ex287,reverse_bits,prefix_onehot,1,1,14,35459,123,14,3051:14:3018:2833:1818:2597:2959:3006:2785:2170:2386:2847:2984:2991,13:1:13:13:12:14:13:13:14:13:13:13:14:14,output-coordinate ANF over transformed input coordinates
ex287,gray_reverse,suffix_natural,4,1,14,76996,7920,14,7:7383:6332:6880:5843:7417:3480:3456:3451:7411:6426:6776:5635:6499,1:14:13:13:13:14:9:9:9:14:13:13:13:14,output-coordinate ANF over transformed input coordinates
ex287,gray_reverse,prefix_reverse,4,1,14,76996,7920,14,7:7383:6332:6880:5843:7417:3480:3456:3451:7411:6426:6776:5635:6499,1:14:13:13:13:14:9:9:9:14:13:13:13:14,output-coordinate ANF over transformed input coordinates
ex287,gray_reverse,suffix_natural,3,1,14,76996,2334,14,7:7383:6332:6880:5843:7417:3480:3456:3451:7411:6426:6776:5635:6499,1:14:13:13:13:14:9:9:9:14:13:13:13:14,output-coordinate ANF over transformed input coordinates
ex287,gray_reverse,prefix_reverse,3,1,14,76996,2334,14,7:7383:6332:6880:5843:7417:3480:3456:3451:7411:6426:6776:5635:6499,1:14:13:13:13:14:9:9:9:14:13:13:13:14,output-coordinate ANF over transformed input coordinates
ex287,gray_reverse,suffix_natural,2,1,14,76996,472,14,7:7383:6332:6880:5843:7417:3480:3456:3451:7411:6426:6776:5635:6499,1:14:13:13:13:14:9:9:9:14:13:13:13:14,output-coordinate ANF over transformed input coordinates
ex287,gray_reverse,prefix_reverse,2,1,14,76996,472,14,7:7383:6332:6880:5843:7417:3480:3456:3451:7411:6426:6776:5635:6499,1:14:13:13:13:14:9:9:9:14:13:13:13:14,output-coordinate ANF over transformed input coordinates
ex287,gray_reverse,suffix_natural,1,1,14,76996,70,14,7:7383:6332:6880:5843:7417:3480:3456:3451:7411:6426:6776:5635:6499,1:14:13:13:13:14:9:9:9:14:13:13:13:14,output-coordinate ANF over transformed input coordinates
ex287,gray_reverse,prefix_reverse,1,1,14,76996,70,14,7:7383:6332:6880:5843:7417:3480:3456:3451:7411:6426:6776:5635:6499,1:14:13:13:13:14:9:9:9:14:13:13:13:14,output-coordinate ANF over transformed input coordinates
ex287,gray_natural,prefix_natural,4,1,14,77003,8689,14,7190:6517:6719:6364:7322:3223:3233:3246:7344:6335:6781:6140:6582:7,14:13:13:13:14:9:9:9:14:13:13:13:14:1,output-coordinate ANF over transformed input coordinates
ex287,gray_natural,suffix_reverse,4,1,14,77003,8689,14,7190:6517:6719:6364:7322:3223:3233:3246:7344:6335:6781:6140:6582:7,14:13:13:13:14:9:9:9:14:13:13:13:14:1,output-coordinate ANF over transformed input coordinates
ex287,gray_natural,prefix_natural,3,1,14,77003,2687,14,7190:6517:6719:6364:7322:3223:3233:3246:7344:6335:6781:6140:6582:7,14:13:13:13:14:9:9:9:14:13:13:13:14:1,output-coordinate ANF over transformed input coordinates
ex287,gray_natural,suffix_reverse,3,1,14,77003,2687,14,7190:6517:6719:6364:7322:3223:3233:3246:7344:6335:6781:6140:6582:7,14:13:13:13:14:9:9:9:14:13:13:13:14:1,output-coordinate ANF over transformed input coordinates
ex287,gray_natural,prefix_natural,2,1,14,77003,537,14,7190:6517:6719:6364:7322:3223:3233:3246:7344:6335:6781:6140:6582:7,14:13:13:13:14:9:9:9:14:13:13:13:14:1,output-coordinate ANF over transformed input coordinates
ex287,gray_natural,suffix_reverse,2,1,14,77003,537,14,7190:6517:6719:6364:7322:3223:3233:3246:7344:6335:6781:6140:6582:7,14:13:13:13:14:9:9:9:14:13:13:13:14:1,output-coordinate ANF over transformed input coordinates
ex287,gray_natural,prefix_natural,1,1,14,77003,67,14,7190:6517:6719:6364:7322:3223:3233:3246:7344:6335:6781:6140:6582:7,14:13:13:13:14:9:9:9:14:13:13:13:14:1,output-coordinate ANF over transformed input coordinates
ex287,gray_natural,suffix_reverse,1,1,14,77003,67,14,7190:6517:6719:6364:7322:3223:3233:3246:7344:6335:6781:6140:6582:7,14:13:13:13:14:9:9:9:14:13:13:13:14:1,output-coordinate ANF over transformed input coordinates
ex287,gray_reverse,prefix_natural,4,1,14,77017,7941,14,7384:6333:6881:5844:7418:3483:3453:3456:7412:6433:6775:5642:6496:7,14:13:13:13:14:9:9:9:14:13:13:13:14:1,output-coordinate ANF over transformed input coordinates
ex287,gray_reverse,suffix_reverse,4,1,14,77017,7941,14,7384:6333:6881:5844:7418:3483:3453:3456:7412:6433:6775:5642:6496:7,14:13:13:13:14:9:9:9:14:13:13:13:14:1,output-coordinate ANF over transformed input coordinates
ex287,gray_reverse,prefix_natural,3,1,14,77017,2355,14,7384:6333:6881:5844:7418:3483:3453:3456:7412:6433:6775:5642:6496:7,14:13:13:13:14:9:9:9:14:13:13:13:14:1,output-coordinate ANF over transformed input coordinates
ex287,gray_reverse,suffix_reverse,3,1,14,77017,2355,14,7384:6333:6881:5844:7418:3483:3453:3456:7412:6433:6775:5642:6496:7,14:13:13:13:14:9:9:9:14:13:13:13:14:1,output-coordinate ANF over transformed input coordinates
ex287,gray_reverse,prefix_natural,2,1,14,77017,493,14,7384:6333:6881:5844:7418:3483:3453:3456:7412:6433:6775:5642:6496:7,14:13:13:13:14:9:9:9:14:13:13:13:14:1,output-coordinate ANF over transformed input coordinates
ex287,gray_reverse,suffix_reverse,2,1,14,77017,493,14,7384:6333:6881:5844:7418:3483:3453:3456:7412:6433:6775:5642:6496:7,14:13:13:13:14:9:9:9:14:13:13:13:14:1,output-coordinate ANF over transformed input coordinates
ex287,gray_reverse,prefix_natural,1,1,14,77017,91,14,7384:6333:6881:5844:7418:3483:3453:3456:7412:6433:6775:5642:6496:7,14:13:13:13:14:9:9:9:14:13:13:13:14:1,output-coordinate ANF over transformed input coordinates
ex287,gray_reverse,suffix_reverse,1,1,14,77017,91,14,7384:6333:6881:5844:7418:3483:3453:3456:7412:6433:6775:5642:6496:7,14:13:13:13:14:9:9:9:14:13:13:13:14:1,output-coordinate ANF over transformed input coordinates
ex287,gray_natural,suffix_natural,4,1,14,77030,8716,14,7:7193:6522:6724:6369:7325:3228:3234:3245:7347:6332:6784:6133:6587,1:14:13:13:13:14:9:9:9:14:13:13:13:14,output-coordinate ANF over transformed input coordinates
ex287,gray_natural,prefix_reverse,4,1,14,77030,8716,14,7:7193:6522:6724:6369:7325:3228:3234:3245:7347:6332:6784:6133:6587,1:14:13:13:13:14:9:9:9:14:13:13:13:14,output-coordinate ANF over transformed input coordinates
ex287,gray_natural,suffix_natural,3,1,14,77030,2714,14,7:7193:6522:6724:6369:7325:3228:3234:3245:7347:6332:6784:6133:6587,1:14:13:13:13:14:9:9:9:14:13:13:13:14,output-coordinate ANF over transformed input coordinates
ex287,gray_natural,prefix_reverse,3,1,14,77030,2714,14,7:7193:6522:6724:6369:7325:3228:3234:3245:7347:6332:6784:6133:6587,1:14:13:13:13:14:9:9:9:14:13:13:13:14,output-coordinate ANF over transformed input coordinates
ex287,gray_natural,suffix_natural,2,1,14,77030,564,14,7:7193:6522:6724:6369:7325:3228:3234:3245:7347:6332:6784:6133:6587,1:14:13:13:13:14:9:9:9:14:13:13:13:14,output-coordinate ANF over transformed input coordinates
ex287,gray_natural,prefix_reverse,2,1,14,77030,564,14,7:7193:6522:6724:6369:7325:3228:3234:3245:7347:6332:6784:6133:6587,1:14:13:13:13:14:9:9:9:14:13:13:13:14,output-coordinate ANF over transformed input coordinates
ex287,gray_natural,suffix_natural,1,1,14,77030,94,14,7:7193:6522:6724:6369:7325:3228:3234:3245:7347:6332:6784:6133:6587,1:14:13:13:13:14:9:9:9:14:13:13:13:14,output-coordinate ANF over transformed input coordinates
ex287,gray_natural,prefix_reverse,1,1,14,77030,94,14,7:7193:6522:6724:6369:7325:3228:3234:3245:7347:6332:6784:6133:6587,1:14:13:13:13:14:9:9:9:14:13:13:13:14,output-coordinate ANF over transformed input coordinates
ex287,suffix_natural,suffix_natural,4,1,14,82734,7202,14,1:7569:6143:7373:6689:7255:4159:4303:4251:7781:6562:7498:6224:6926,1:14:13:13:13:14:9:9:9:14:13:13:13:14,output-coordinate ANF over transformed input coordinates
ex287,suffix_natural,prefix_reverse,4,1,14,82734,7202,14,1:7569:6143:7373:6689:7255:4159:4303:4251:7781:6562:7498:6224:6926,1:14:13:13:13:14:9:9:9:14:13:13:13:14,output-coordinate ANF over transformed input coordinates
ex287,prefix_reverse,suffix_natural,4,1,14,82734,7202,14,1:7569:6143:7373:6689:7255:4159:4303:4251:7781:6562:7498:6224:6926,1:14:13:13:13:14:9:9:9:14:13:13:13:14,output-coordinate ANF over transformed input coordinates
ex287,prefix_reverse,prefix_reverse,4,1,14,82734,7202,14,1:7569:6143:7373:6689:7255:4159:4303:4251:7781:6562:7498:6224:6926,1:14:13:13:13:14:9:9:9:14:13:13:13:14,output-coordinate ANF over transformed input coordinates
ex287,suffix_natural,suffix_natural,3,1,14,82734,2032,14,1:7569:6143:7373:6689:7255:4159:4303:4251:7781:6562:7498:6224:6926,1:14:13:13:13:14:9:9:9:14:13:13:13:14,output-coordinate ANF over transformed input coordinates
ex287,suffix_natural,prefix_reverse,3,1,14,82734,2032,14,1:7569:6143:7373:6689:7255:4159:4303:4251:7781:6562:7498:6224:6926,1:14:13:13:13:14:9:9:9:14:13:13:13:14,output-coordinate ANF over transformed input coordinates
ex287,prefix_reverse,suffix_natural,3,1,14,82734,2032,14,1:7569:6143:7373:6689:7255:4159:4303:4251:7781:6562:7498:6224:6926,1:14:13:13:13:14:9:9:9:14:13:13:13:14,output-coordinate ANF over transformed input coordinates
ex287,prefix_reverse,prefix_reverse,3,1,14,82734,2032,14,1:7569:6143:7373:6689:7255:4159:4303:4251:7781:6562:7498:6224:6926,1:14:13:13:13:14:9:9:9:14:13:13:13:14,output-coordinate ANF over transformed input coordinates
ex287,suffix_natural,suffix_natural,2,1,14,82734,352,14,1:7569:6143:7373:6689:7255:4159:4303:4251:7781:6562:7498:6224:6926,1:14:13:13:13:14:9:9:9:14:13:13:13:14,output-coordinate ANF over transformed input coordinates
ex287,suffix_natural,prefix_reverse,2,1,14,82734,352,14,1:7569:6143:7373:6689:7255:4159:4303:4251:7781:6562:7498:6224:6926,1:14:13:13:13:14:9:9:9:14:13:13:13:14,output-coordinate ANF over transformed input coordinates
ex287,prefix_reverse,suffix_natural,2,1,14,82734,352,14,1:7569:6143:7373:6689:7255:4159:4303:4251:7781:6562:7498:6224:6926,1:14:13:13:13:14:9:9:9:14:13:13:13:14,output-coordinate ANF over transformed input coordinates
ex287,prefix_reverse,prefix_reverse,2,1,14,82734,352,14,1:7569:6143:7373:6689:7255:4159:4303:4251:7781:6562:7498:6224:6926,1:14:13:13:13:14:9:9:9:14:13:13:13:14,output-coordinate ANF over transformed input coordinates
ex287,suffix_natural,suffix_natural,1,1,14,82734,30,14,1:7569:6143:7373:6689:7255:4159:4303:4251:7781:6562:7498:6224:6926,1:14:13:13:13:14:9:9:9:14:13:13:13:14,output-coordinate ANF over transformed input coordinates
ex287,suffix_natural,prefix_reverse,1,1,14,82734,30,14,1:7569:6143:7373:6689:7255:4159:4303:4251:7781:6562:7498:6224:6926,1:14:13:13:13:14:9:9:9:14:13:13:13:14,output-coordinate ANF over transformed input coordinates
ex287,prefix_reverse,suffix_natural,1,1,14,82734,30,14,1:7569:6143:7373:6689:7255:4159:4303:4251:7781:6562:7498:6224:6926,1:14:13:13:13:14:9:9:9:14:13:13:13:14,output-coordinate ANF over transformed input coordinates
ex287,prefix_reverse,prefix_reverse,1,1,14,82734,30,14,1:7569:6143:7373:6689:7255:4159:4303:4251:7781:6562:7498:6224:6926,1:14:13:13:13:14:9:9:9:14:13:13:13:14,output-coordinate ANF over transformed input coordinates
ex287,suffix_natural,prefix_natural,4,1,14,82735,7203,14,7568:6142:7372:6688:7254:4158:4304:4252:7782:6563:7499:6225:6927:1,14:13:13:13:14:9:9:9:14:13:13:13:14:1,output-coordinate ANF over transformed input coordinates
ex287,suffix_natural,suffix_reverse,4,1,14,82735,7203,14,7568:6142:7372:6688:7254:4158:4304:4252:7782:6563:7499:6225:6927:1,14:13:13:13:14:9:9:9:14:13:13:13:14:1,output-coordinate ANF over transformed input coordinates
ex287,prefix_reverse,prefix_natural,4,1,14,82735,7203,14,7568:6142:7372:6688:7254:4158:4304:4252:7782:6563:7499:6225:6927:1,14:13:13:13:14:9:9:9:14:13:13:13:14:1,output-coordinate ANF over transformed input coordinates
ex287,prefix_reverse,suffix_reverse,4,1,14,82735,7203,14,7568:6142:7372:6688:7254:4158:4304:4252:7782:6563:7499:6225:6927:1,14:13:13:13:14:9:9:9:14:13:13:13:14:1,output-coordinate ANF over transformed input coordinates
ex287,suffix_natural,prefix_natural,3,1,14,82735,2033,14,7568:6142:7372:6688:7254:4158:4304:4252:7782:6563:7499:6225:6927:1,14:13:13:13:14:9:9:9:14:13:13:13:14:1,output-coordinate ANF over transformed input coordinates
ex287,suffix_natural,suffix_reverse,3,1,14,82735,2033,14,7568:6142:7372:6688:7254:4158:4304:4252:7782:6563:7499:6225:6927:1,14:13:13:13:14:9:9:9:14:13:13:13:14:1,output-coordinate ANF over transformed input coordinates
ex287,prefix_reverse,prefix_natural,3,1,14,82735,2033,14,7568:6142:7372:6688:7254:4158:4304:4252:7782:6563:7499:6225:6927:1,14:13:13:13:14:9:9:9:14:13:13:13:14:1,output-coordinate ANF over transformed input coordinates
ex287,prefix_reverse,suffix_reverse,3,1,14,82735,2033,14,7568:6142:7372:6688:7254:4158:4304:4252:7782:6563:7499:6225:6927:1,14:13:13:13:14:9:9:9:14:13:13:13:14:1,output-coordinate ANF over transformed input coordinates
ex287,suffix_natural,prefix_natural,2,1,14,82735,353,14,7568:6142:7372:6688:7254:4158:4304:4252:7782:6563:7499:6225:6927:1,14:13:13:13:14:9:9:9:14:13:13:13:14:1,output-coordinate ANF over transformed input coordinates
ex287,suffix_natural,suffix_reverse,2,1,14,82735,353,14,7568:6142:7372:6688:7254:4158:4304:4252:7782:6563:7499:6225:6927:1,14:13:13:13:14:9:9:9:14:13:13:13:14:1,output-coordinate ANF over transformed input coordinates
ex287,prefix_reverse,prefix_natural,2,1,14,82735,353,14,7568:6142:7372:6688:7254:4158:4304:4252:7782:6563:7499:6225:6927:1,14:13:13:13:14:9:9:9:14:13:13:13:14:1,output-coordinate ANF over transformed input coordinates
ex287,prefix_reverse,suffix_reverse,2,1,14,82735,353,14,7568:6142:7372:6688:7254:4158:4304:4252:7782:6563:7499:6225:6927:1,14:13:13:13:14:9:9:9:14:13:13:13:14:1,output-coordinate ANF over transformed input coordinates
ex287,suffix_natural,prefix_natural,1,1,14,82735,31,14,7568:6142:7372:6688:7254:4158:4304:4252:7782:6563:7499:6225:6927:1,14:13:13:13:14:9:9:9:14:13:13:13:14:1,output-coordinate ANF over transformed input coordinates
ex287,suffix_natural,suffix_reverse,1,1,14,82735,31,14,7568:6142:7372:6688:7254:4158:4304:4252:7782:6563:7499:6225:6927:1,14:13:13:13:14:9:9:9:14:13:13:13:14:1,output-coordinate ANF over transformed input coordinates
ex287,prefix_reverse,prefix_natural,1,1,14,82735,31,14,7568:6142:7372:6688:7254:4158:4304:4252:7782:6563:7499:6225:6927:1,14:13:13:13:14:9:9:9:14:13:13:13:14:1,output-coordinate ANF over transformed input coordinates
ex287,prefix_reverse,suffix_reverse,1,1,14,82735,31,14,7568:6142:7372:6688:7254:4158:4304:4252:7782:6563:7499:6225:6927:1,14:13:13:13:14:9:9:9:14:13:13:13:14:1,output-coordinate ANF over transformed input coordinates
ex287,prefix_natural,prefix_natural,4,1,14,85792,7826,14,8044:6982:7694:7160:7490:3974:4069:4009:8319:6859:7601:6769:6821:1,14:13:13:13:14:9:9:9:14:13:13:13:14:1,output-coordinate ANF over transformed input coordinates
ex287,prefix_natural,suffix_reverse,4,1,14,85792,7826,14,8044:6982:7694:7160:7490:3974:4069:4009:8319:6859:7601:6769:6821:1,14:13:13:13:14:9:9:9:14:13:13:13:14:1,output-coordinate ANF over transformed input coordinates
ex287,suffix_reverse,prefix_natural,4,1,14,85792,7826,14,8044:6982:7694:7160:7490:3974:4069:4009:8319:6859:7601:6769:6821:1,14:13:13:13:14:9:9:9:14:13:13:13:14:1,output-coordinate ANF over transformed input coordinates
ex287,suffix_reverse,suffix_reverse,4,1,14,85792,7826,14,8044:6982:7694:7160:7490:3974:4069:4009:8319:6859:7601:6769:6821:1,14:13:13:13:14:9:9:9:14:13:13:13:14:1,output-coordinate ANF over transformed input coordinates
ex287,prefix_natural,prefix_natural,3,1,14,85792,2214,14,8044:6982:7694:7160:7490:3974:4069:4009:8319:6859:7601:6769:6821:1,14:13:13:13:14:9:9:9:14:13:13:13:14:1,output-coordinate ANF over transformed input coordinates
ex287,prefix_natural,suffix_reverse,3,1,14,85792,2214,14,8044:6982:7694:7160:7490:3974:4069:4009:8319:6859:7601:6769:6821:1,14:13:13:13:14:9:9:9:14:13:13:13:14:1,output-coordinate ANF over transformed input coordinates
ex287,suffix_reverse,prefix_natural,3,1,14,85792,2214,14,8044:6982:7694:7160:7490:3974:4069:4009:8319:6859:7601:6769:6821:1,14:13:13:13:14:9:9:9:14:13:13:13:14:1,output-coordinate ANF over transformed input coordinates
ex287,suffix_reverse,suffix_reverse,3,1,14,85792,2214,14,8044:6982:7694:7160:7490:3974:4069:4009:8319:6859:7601:6769:6821:1,14:13:13:13:14:9:9:9:14:13:13:13:14:1,output-coordinate ANF over transformed input coordinates
ex288,raw,suffix_onehot,4,1,15,67374,4866,15,6087:5932:3035:4605:3292:6559:5768:3421:5450:3015:4502:4494:15:5739:5460,15:15:12:14:11:15:15:11:15:12:14:14:1:15:15,output-coordinate ANF over transformed input coordinates
ex288,reverse_bits,suffix_onehot,4,1,15,67374,4866,15,6087:5932:3035:4605:3292:6559:5768:3421:5450:3015:4502:4494:15:5739:5460,15:15:12:14:11:15:15:11:15:12:14:14:1:15:15,output-coordinate ANF over transformed input coordinates
ex288,raw,suffix_onehot,3,1,15,67374,1793,15,6087:5932:3035:4605:3292:6559:5768:3421:5450:3015:4502:4494:15:5739:5460,15:15:12:14:11:15:15:11:15:12:14:14:1:15:15,output-coordinate ANF over transformed input coordinates
ex288,reverse_bits,suffix_onehot,3,1,15,67374,1793,15,6087:5932:3035:4605:3292:6559:5768:3421:5450:3015:4502:4494:15:5739:5460,15:15:12:14:11:15:15:11:15:12:14:14:1:15:15,output-coordinate ANF over transformed input coordinates
ex288,raw,suffix_onehot,2,1,15,67374,466,15,6087:5932:3035:4605:3292:6559:5768:3421:5450:3015:4502:4494:15:5739:5460,15:15:12:14:11:15:15:11:15:12:14:14:1:15:15,output-coordinate ANF over transformed input coordinates
ex288,reverse_bits,suffix_onehot,2,1,15,67374,466,15,6087:5932:3035:4605:3292:6559:5768:3421:5450:3015:4502:4494:15:5739:5460,15:15:12:14:11:15:15:11:15:12:14:14:1:15:15,output-coordinate ANF over transformed input coordinates
ex288,raw,suffix_onehot,1,1,15,67374,109,15,6087:5932:3035:4605:3292:6559:5768:3421:5450:3015:4502:4494:15:5739:5460,15:15:12:14:11:15:15:11:15:12:14:14:1:15:15,output-coordinate ANF over transformed input coordinates
ex288,reverse_bits,suffix_onehot,1,1,15,67374,109,15,6087:5932:3035:4605:3292:6559:5768:3421:5450:3015:4502:4494:15:5739:5460,15:15:12:14:11:15:15:11:15:12:14:14:1:15:15,output-coordinate ANF over transformed input coordinates
ex288,raw,prefix_onehot,4,1,15,67396,4888,15,15:6102:5773:4503:6566:5945:3426:3297:3002:4487:5740:4602:5435:5463:3040,1:15:15:14:15:15:11:11:12:14:15:14:15:15:12,output-coordinate ANF over transformed input coordinates
ex288,reverse_bits,prefix_onehot,4,1,15,67396,4888,15,15:6102:5773:4503:6566:5945:3426:3297:3002:4487:5740:4602:5435:5463:3040,1:15:15:14:15:15:11:11:12:14:15:14:15:15:12,output-coordinate ANF over transformed input coordinates
ex288,raw,prefix_onehot,3,1,15,67396,1815,15,15:6102:5773:4503:6566:5945:3426:3297:3002:4487:5740:4602:5435:5463:3040,1:15:15:14:15:15:11:11:12:14:15:14:15:15:12,output-coordinate ANF over transformed input coordinates
ex288,reverse_bits,prefix_onehot,3,1,15,67396,1815,15,15:6102:5773:4503:6566:5945:3426:3297:3002:4487:5740:4602:5435:5463:3040,1:15:15:14:15:15:11:11:12:14:15:14:15:15:12,output-coordinate ANF over transformed input coordinates
ex288,raw,prefix_onehot,2,1,15,67396,488,15,15:6102:5773:4503:6566:5945:3426:3297:3002:4487:5740:4602:5435:5463:3040,1:15:15:14:15:15:11:11:12:14:15:14:15:15:12,output-coordinate ANF over transformed input coordinates
ex288,reverse_bits,prefix_onehot,2,1,15,67396,488,15,15:6102:5773:4503:6566:5945:3426:3297:3002:4487:5740:4602:5435:5463:3040,1:15:15:14:15:15:11:11:12:14:15:14:15:15:12,output-coordinate ANF over transformed input coordinates
ex288,raw,prefix_onehot,1,1,15,67396,131,15,15:6102:5773:4503:6566:5945:3426:3297:3002:4487:5740:4602:5435:5463:3040,1:15:15:14:15:15:11:11:12:14:15:14:15:15:12,output-coordinate ANF over transformed input coordinates
ex288,reverse_bits,prefix_onehot,1,1,15,67396,131,15,15:6102:5773:4503:6566:5945:3426:3297:3002:4487:5740:4602:5435:5463:3040,1:15:15:14:15:15:11:11:12:14:15:14:15:15:12,output-coordinate ANF over transformed input coordinates
ex288,raw,prefix_natural,4,1,15,72002,4752,15,6087:5932:5357:5350:5689:5470:2875:2944:6277:6232:5067:5232:5123:4352:15,15:15:13:13:15:15:9:9:15:15:13:13:15:15:1,output-coordinate ANF over transformed input coordinates
ex288,raw,suffix_reverse,4,1,15,72002,4752,15,6087:5932:5357:5350:5689:5470:2875:2944:6277:6232:5067:5232:5123:4352:15,15:15:13:13:15:15:9:9:15:15:13:13:15:15:1,output-coordinate ANF over transformed input coordinates
ex288,reverse_bits,prefix_natural,4,1,15,72002,4752,15,6087:5932:5357:5350:5689:5470:2875:2944:6277:6232:5067:5232:5123:4352:15,15:15:13:13:15:15:9:9:15:15:13:13:15:15:1,output-coordinate ANF over transformed input coordinates
ex288,reverse_bits,suffix_reverse,4,1,15,72002,4752,15,6087:5932:5357:5350:5689:5470:2875:2944:6277:6232:5067:5232:5123:4352:15,15:15:13:13:15:15:9:9:15:15:13:13:15:15:1,output-coordinate ANF over transformed input coordinates
ex288,raw,prefix_natural,3,1,15,72002,1658,15,6087:5932:5357:5350:5689:5470:2875:2944:6277:6232:5067:5232:5123:4352:15,15:15:13:13:15:15:9:9:15:15:13:13:15:15:1,output-coordinate ANF over transformed input coordinates
ex288,raw,suffix_reverse,3,1,15,72002,1658,15,6087:5932:5357:5350:5689:5470:2875:2944:6277:6232:5067:5232:5123:4352:15,15:15:13:13:15:15:9:9:15:15:13:13:15:15:1,output-coordinate ANF over transformed input coordinates
ex288,reverse_bits,prefix_natural,3,1,15,72002,1658,15,6087:5932:5357:5350:5689:5470:2875:2944:6277:6232:5067:5232:5123:4352:15,15:15:13:13:15:15:9:9:15:15:13:13:15:15:1,output-coordinate ANF over transformed input coordinates
ex288,reverse_bits,suffix_reverse,3,1,15,72002,1658,15,6087:5932:5357:5350:5689:5470:2875:2944:6277:6232:5067:5232:5123:4352:15,15:15:13:13:15:15:9:9:15:15:13:13:15:15:1,output-coordinate ANF over transformed input coordinates
ex288,raw,prefix_natural,2,1,15,72002,474,15,6087:5932:5357:5350:5689:5470:2875:2944:6277:6232:5067:5232:5123:4352:15,15:15:13:13:15:15:9:9:15:15:13:13:15:15:1,output-coordinate ANF over transformed input coordinates
ex288,raw,suffix_reverse,2,1,15,72002,474,15,6087:5932:5357:5350:5689:5470:2875:2944:6277:6232:5067:5232:5123:4352:15,15:15:13:13:15:15:9:9:15:15:13:13:15:15:1,output-coordinate ANF over transformed input coordinates
ex288,reverse_bits,prefix_natural,2,1,15,72002,474,15,6087:5932:5357:5350:5689:5470:2875:2944:6277:6232:5067:5232:5123:4352:15,15:15:13:13:15:15:9:9:15:15:13:13:15:15:1,output-coordinate ANF over transformed input coordinates
ex288,reverse_bits,suffix_reverse,2,1,15,72002,474,15,6087:5932:5357:5350:5689:5470:2875:2944:6277:6232:5067:5232:5123:4352:15,15:15:13:13:15:15:9:9:15:15:13:13:15:15:1,output-coordinate ANF over transformed input coordinates
ex288,raw,prefix_natural,1,1,15,72002,115,15,6087:5932:5357:5350:5689:5470:2875:2944:6277:6232:5067:5232:5123:4352:15,15:15:13:13:15:15:9:9:15:15:13:13:15:15:1,output-coordinate ANF over transformed input coordinates
ex288,raw,suffix_reverse,1,1,15,72002,115,15,6087:5932:5357:5350:5689:5470:2875:2944:6277:6232:5067:5232:5123:4352:15,15:15:13:13:15:15:9:9:15:15:13:13:15:15:1,output-coordinate ANF over transformed input coordinates
ex288,reverse_bits,prefix_natural,1,1,15,72002,115,15,6087:5932:5357:5350:5689:5470:2875:2944:6277:6232:5067:5232:5123:4352:15,15:15:13:13:15:15:9:9:15:15:13:13:15:15:1,output-coordinate ANF over transformed input coordinates
ex288,reverse_bits,suffix_reverse,1,1,15,72002,115,15,6087:5932:5357:5350:5689:5470:2875:2944:6277:6232:5067:5232:5123:4352:15,15:15:13:13:15:15:9:9:15:15:13:13:15:15:1,output-coordinate ANF over transformed input coordinates
ex288,raw,suffix_natural,4,1,15,72012,4762,15,15:6102:5945:5370:5359:5696:5471:2876:2945:6276:6225:5060:5221:5112:4339,1:15:15:13:13:15:15:9:9:15:15:13:13:15:15,output-coordinate ANF over transformed input coordinates
ex288,raw,prefix_reverse,4,1,15,72012,4762,15,15:6102:5945:5370:5359:5696:5471:2876:2945:6276:6225:5060:5221:5112:4339,1:15:15:13:13:15:15:9:9:15:15:13:13:15:15,output-coordinate ANF over transformed input coordinates
ex288,reverse_bits,suffix_natural,4,1,15,72012,4762,15,15:6102:5945:5370:5359:5696:5471:2876:2945:6276:6225:5060:5221:5112:4339,1:15:15:13:13:15:15:9:9:15:15:13:13:15:15,output-coordinate ANF over transformed input coordinates
ex288,reverse_bits,prefix_reverse,4,1,15,72012,4762,15,15:6102:5945:5370:5359:5696:5471:2876:2945:6276:6225:5060:5221:5112:4339,1:15:15:13:13:15:15:9:9:15:15:13:13:15:15,output-coordinate ANF over transformed input coordinates
ex288,raw,suffix_natural,3,1,15,72012,1668,15,15:6102:5945:5370:5359:5696:5471:2876:2945:6276:6225:5060:5221:5112:4339,1:15:15:13:13:15:15:9:9:15:15:13:13:15:15,output-coordinate ANF over transformed input coordinates
ex288,raw,prefix_reverse,3,1,15,72012,1668,15,15:6102:5945:5370:5359:5696:5471:2876:2945:6276:6225:5060:5221:5112:4339,1:15:15:13:13:15:15:9:9:15:15:13:13:15:15,output-coordinate ANF over transformed input coordinates
ex288,reverse_bits,suffix_natural,3,1,15,72012,1668,15,15:6102:5945:5370:5359:5696:5471:2876:2945:6276:6225:5060:5221:5112:4339,1:15:15:13:13:15:15:9:9:15:15:13:13:15:15,output-coordinate ANF over transformed input coordinates
ex288,reverse_bits,prefix_reverse,3,1,15,72012,1668,15,15:6102:5945:5370:5359:5696:5471:2876:2945:6276:6225:5060:5221:5112:4339,1:15:15:13:13:15:15:9:9:15:15:13:13:15:15,output-coordinate ANF over transformed input coordinates
ex288,raw,suffix_natural,2,1,15,72012,484,15,15:6102:5945:5370:5359:5696:5471:2876:2945:6276:6225:5060:5221:5112:4339,1:15:15:13:13:15:15:9:9:15:15:13:13:15:15,output-coordinate ANF over transformed input coordinates
ex288,raw,prefix_reverse,2,1,15,72012,484,15,15:6102:5945:5370:5359:5696:5471:2876:2945:6276:6225:5060:5221:5112:4339,1:15:15:13:13:15:15:9:9:15:15:13:13:15:15,output-coordinate ANF over transformed input coordinates
ex288,reverse_bits,suffix_natural,2,1,15,72012,484,15,15:6102:5945:5370:5359:5696:5471:2876:2945:6276:6225:5060:5221:5112:4339,1:15:15:13:13:15:15:9:9:15:15:13:13:15:15,output-coordinate ANF over transformed input coordinates
ex288,reverse_bits,prefix_reverse,2,1,15,72012,484,15,15:6102:5945:5370:5359:5696:5471:2876:2945:6276:6225:5060:5221:5112:4339,1:15:15:13:13:15:15:9:9:15:15:13:13:15:15,output-coordinate ANF over transformed input coordinates
ex288,raw,suffix_natural,1,1,15,72012,125,15,15:6102:5945:5370:5359:5696:5471:2876:2945:6276:6225:5060:5221:5112:4339,1:15:15:13:13:15:15:9:9:15:15:13:13:15:15,output-coordinate ANF over transformed input coordinates
ex288,raw,prefix_reverse,1,1,15,72012,125,15,15:6102:5945:5370:5359:5696:5471:2876:2945:6276:6225:5060:5221:5112:4339,1:15:15:13:13:15:15:9:9:15:15:13:13:15:15,output-coordinate ANF over transformed input coordinates
ex288,reverse_bits,suffix_natural,1,1,15,72012,125,15,15:6102:5945:5370:5359:5696:5471:2876:2945:6276:6225:5060:5221:5112:4339,1:15:15:13:13:15:15:9:9:15:15:13:13:15:15,output-coordinate ANF over transformed input coordinates
ex288,reverse_bits,prefix_reverse,1,1,15,72012,125,15,15:6102:5945:5370:5359:5696:5471:2876:2945:6276:6225:5060:5221:5112:4339,1:15:15:13:13:15:15:9:9:15:15:13:13:15:15,output-coordinate ANF over transformed input coordinates
ex288,gray_natural,suffix_onehot,4,1,15,172323,13095,15,14997:15111:8814:11894:8978:15241:14267:9104:14181:9042:11460:11426:8:13443:14357,15:15:12:14:11:15:15:11:15:12:14:14:1:15:15,output-coordinate ANF over transformed input coordinates
ex288,gray_natural,suffix_onehot,3,1,15,172323,3851,15,14997:15111:8814:11894:8978:15241:14267:9104:14181:9042:11460:11426:8:13443:14357,15:15:12:14:11:15:15:11:15:12:14:14:1:15:15,output-coordinate ANF over transformed input coordinates
ex288,gray_natural,suffix_onehot,2,1,15,172323,796,15,14997:15111:8814:11894:8978:15241:14267:9104:14181:9042:11460:11426:8:13443:14357,15:15:12:14:11:15:15:11:15:12:14:14:1:15:15,output-coordinate ANF over transformed input coordinates
ex288,gray_natural,suffix_onehot,1,1,15,172323,81,15,14997:15111:8814:11894:8978:15241:14267:9104:14181:9042:11460:11426:8:13443:14357,15:15:12:14:11:15:15:11:15:12:14:14:1:15:15,output-coordinate ANF over transformed input coordinates
ex288,gray_natural,prefix_onehot,4,1,15,172367,13139,15,8:15001:14275:11458:15243:15119:9104:8986:9042:11432:13449:11892:14185:14355:8818,1:15:15:14:15:15:11:11:12:14:15:14:15:15:12,output-coordinate ANF over transformed input coordinates
ex288,gray_natural,prefix_onehot,3,1,15,172367,3895,15,8:15001:14275:11458:15243:15119:9104:8986:9042:11432:13449:11892:14185:14355:8818,1:15:15:14:15:15:11:11:12:14:15:14:15:15:12,output-coordinate ANF over transformed input coordinates
ex288,gray_natural,prefix_onehot,2,1,15,172367,840,15,8:15001:14275:11458:15243:15119:9104:8986:9042:11432:13449:11892:14185:14355:8818,1:15:15:14:15:15:11:11:12:14:15:14:15:15:12,output-coordinate ANF over transformed input coordinates
ex288,gray_natural,prefix_onehot,1,1,15,172367,125,15,8:15001:14275:11458:15243:15119:9104:8986:9042:11432:13449:11892:14185:14355:8818,1:15:15:14:15:15:11:11:12:14:15:14:15:15:12,output-coordinate ANF over transformed input coordinates
ex288,gray_reverse,suffix_onehot,4,1,15,182903,12083,15,15463:14665:10216:13316:9554:15091:14819:9684:12919:11506:13298:13194:8:14579:14591,15:15:12:14:11:15:15:11:15:12:14:14:1:15:15,output-coordinate ANF over transformed input coordinates
ex288,gray_reverse,suffix_onehot,3,1,15,182903,3468,15,15463:14665:10216:13316:9554:15091:14819:9684:12919:11506:13298:13194:8:14579:14591,15:15:12:14:11:15:15:11:15:12:14:14:1:15:15,output-coordinate ANF over transformed input coordinates
ex288,gray_reverse,suffix_onehot,2,1,15,182903,680,15,15463:14665:10216:13316:9554:15091:14819:9684:12919:11506:13298:13194:8:14579:14591,15:15:12:14:11:15:15:11:15:12:14:14:1:15:15,output-coordinate ANF over transformed input coordinates
ex288,gray_reverse,suffix_onehot,1,1,15,182903,105,15,15463:14665:10216:13316:9554:15091:14819:9684:12919:11506:13298:13194:8:14579:14591,15:15:12:14:11:15:15:11:15:12:14:14:1:15:15,output-coordinate ANF over transformed input coordinates
ex288,gray_reverse,prefix_onehot,4,1,15,182911,12091,15,8:15461:14823:13300:15089:14663:9688:9552:11504:13200:14579:13312:12923:14591:10218,1:15:15:14:15:15:11:11:12:14:15:14:15:15:12,output-coordinate ANF over transformed input coordinates
ex288,gray_reverse,prefix_onehot,3,1,15,182911,3476,15,8:15461:14823:13300:15089:14663:9688:9552:11504:13200:14579:13312:12923:14591:10218,1:15:15:14:15:15:11:11:12:14:15:14:15:15:12,output-coordinate ANF over transformed input coordinates
ex288,gray_reverse,prefix_onehot,2,1,15,182911,688,15,8:15461:14823:13300:15089:14663:9688:9552:11504:13200:14579:13312:12923:14591:10218,1:15:15:14:15:15:11:11:12:14:15:14:15:15:12,output-coordinate ANF over transformed input coordinates
ex288,gray_reverse,prefix_onehot,1,1,15,182911,113,15,8:15461:14823:13300:15089:14663:9688:9552:11504:13200:14579:13312:12923:14591:10218,1:15:15:14:15:15:11:11:12:14:15:14:15:15:12,output-coordinate ANF over transformed input coordinates
ex288,gray_reverse,prefix_natural,4,1,15,191318,11744,15,15463:14665:15112:14878:15505:14571:7908:7900:14901:14757:14428:14066:13891:13265:8,15:15:13:13:15:15:9:9:15:15:13:13:15:15:1,output-coordinate ANF over transformed input coordinates
ex288,gray_reverse,suffix_reverse,4,1,15,191318,11744,15,15463:14665:15112:14878:15505:14571:7908:7900:14901:14757:14428:14066:13891:13265:8,15:15:13:13:15:15:9:9:15:15:13:13:15:15:1,output-coordinate ANF over transformed input coordinates
ex288,gray_reverse,prefix_natural,3,1,15,191318,3256,15,15463:14665:15112:14878:15505:14571:7908:7900:14901:14757:14428:14066:13891:13265:8,15:15:13:13:15:15:9:9:15:15:13:13:15:15:1,output-coordinate ANF over transformed input coordinates
ex288,gray_reverse,suffix_reverse,3,1,15,191318,3256,15,15463:14665:15112:14878:15505:14571:7908:7900:14901:14757:14428:14066:13891:13265:8,15:15:13:13:15:15:9:9:15:15:13:13:15:15:1,output-coordinate ANF over transformed input coordinates
ex288,gray_reverse,prefix_natural,2,1,15,191318,670,15,15463:14665:15112:14878:15505:14571:7908:7900:14901:14757:14428:14066:13891:13265:8,15:15:13:13:15:15:9:9:15:15:13:13:15:15:1,output-coordinate ANF over transformed input coordinates
ex288,gray_reverse,suffix_reverse,2,1,15,191318,670,15,15463:14665:15112:14878:15505:14571:7908:7900:14901:14757:14428:14066:13891:13265:8,15:15:13:13:15:15:9:9:15:15:13:13:15:15:1,output-coordinate ANF over transformed input coordinates
ex288,gray_reverse,prefix_natural,1,1,15,191318,99,15,15463:14665:15112:14878:15505:14571:7908:7900:14901:14757:14428:14066:13891:13265:8,15:15:13:13:15:15:9:9:15:15:13:13:15:15:1,output-coordinate ANF over transformed input coordinates
ex288,gray_reverse,suffix_reverse,1,1,15,191318,99,15,15463:14665:15112:14878:15505:14571:7908:7900:14901:14757:14428:14066:13891:13265:8,15:15:13:13:15:15:9:9:15:15:13:13:15:15:1,output-coordinate ANF over transformed input coordinates
ex288,gray_natural,prefix_natural,4,1,15,191320,12950,15,14997:15111:15236:15184:14535:14129:7134:7204:15165:15451:15226:15354:13315:13271:8,15:15:13:13:15:15:9:9:15:15:13:13:15:15:1,output-coordinate ANF over transformed input coordinates
ex288,gray_natural,suffix_reverse,4,1,15,191320,12950,15,14997:15111:15236:15184:14535:14129:7134:7204:15165:15451:15226:15354:13315:13271:8,15:15:13:13:15:15:9:9:15:15:13:13:15:15:1,output-coordinate ANF over transformed input coordinates
ex288,gray_reverse,suffix_natural,4,1,15,191320,11746,15,8:15461:14663:15108:14880:15503:14573:7902:7908:14899:14763:14424:14072:13885:13271,1:15:15:13:13:15:15:9:9:15:15:13:13:15:15,output-coordinate ANF over transformed input coordinates
ex288,gray_reverse,prefix_reverse,4,1,15,191320,11746,15,8:15461:14663:15108:14880:15503:14573:7902:7908:14899:14763:14424:14072:13885:13271,1:15:15:13:13:15:15:9:9:15:15:13:13:15:15,output-coordinate ANF over transformed input coordinates
ex288,gray_natural,prefix_natural,3,1,15,191320,3686,15,14997:15111:15236:15184:14535:14129:7134:7204:15165:15451:15226:15354:13315:13271:8,15:15:13:13:15:15:9:9:15:15:13:13:15:15:1,output-coordinate ANF over transformed input coordinates
ex288,gray_natural,suffix_reverse,3,1,15,191320,3686,15,14997:15111:15236:15184:14535:14129:7134:7204:15165:15451:15226:15354:13315:13271:8,15:15:13:13:15:15:9:9:15:15:13:13:15:15:1,output-coordinate ANF over transformed input coordinates
ex288,gray_reverse,suffix_natural,3,1,15,191320,3258,15,8:15461:14663:15108:14880:15503:14573:7902:7908:14899:14763:14424:14072:13885:13271,1:15:15:13:13:15:15:9:9:15:15:13:13:15:15,output-coordinate ANF over transformed input coordinates
ex288,gray_reverse,prefix_reverse,3,1,15,191320,3258,15,8:15461:14663:15108:14880:15503:14573:7902:7908:14899:14763:14424:14072:13885:13271,1:15:15:13:13:15:15:9:9:15:15:13:13:15:15,output-coordinate ANF over transformed input coordinates
ex288,gray_natural,prefix_natural,2,1,15,191320,724,15,14997:15111:15236:15184:14535:14129:7134:7204:15165:15451:15226:15354:13315:13271:8,15:15:13:13:15:15:9:9:15:15:13:13:15:15:1,output-coordinate ANF over transformed input coordinates
ex288,gray_natural,suffix_reverse,2,1,15,191320,724,15,14997:15111:15236:15184:14535:14129:7134:7204:15165:15451:15226:15354:13315:13271:8,15:15:13:13:15:15:9:9:15:15:13:13:15:15:1,output-coordinate ANF over transformed input coordinates
ex288,gray_reverse,suffix_natural,2,1,15,191320,672,15,8:15461:14663:15108:14880:15503:14573:7902:7908:14899:14763:14424:14072:13885:13271,1:15:15:13:13:15:15:9:9:15:15:13:13:15:15,output-coordinate ANF over transformed input coordinates
ex288,gray_reverse,prefix_reverse,2,1,15,191320,672,15,8:15461:14663:15108:14880:15503:14573:7902:7908:14899:14763:14424:14072:13885:13271,1:15:15:13:13:15:15:9:9:15:15:13:13:15:15,output-coordinate ANF over transformed input coordinates
ex288,gray_reverse,suffix_natural,1,1,15,191320,101,15,8:15461:14663:15108:14880:15503:14573:7902:7908:14899:14763:14424:14072:13885:13271,1:15:15:13:13:15:15:9:9:15:15:13:13:15:15,output-coordinate ANF over transformed input coordinates
ex288,gray_reverse,prefix_reverse,1,1,15,191320,101,15,8:15461:14663:15108:14880:15503:14573:7902:7908:14899:14763:14424:14072:13885:13271,1:15:15:13:13:15:15:9:9:15:15:13:13:15:15,output-coordinate ANF over transformed input coordinates
ex288,gray_natural,prefix_natural,1,1,15,191320,78,15,14997:15111:15236:15184:14535:14129:7134:7204:15165:15451:15226:15354:13315:13271:8,15:15:13:13:15:15:9:9:15:15:13:13:15:15:1,output-coordinate ANF over transformed input coordinates
ex288,gray_natural,suffix_reverse,1,1,15,191320,78,15,14997:15111:15236:15184:14535:14129:7134:7204:15165:15451:15226:15354:13315:13271:8,15:15:13:13:15:15:9:9:15:15:13:13:15:15:1,output-coordinate ANF over transformed input coordinates
ex288,gray_natural,suffix_natural,4,1,15,191364,12994,15,8:15001:15119:15240:15192:14537:14137:7134:7212:15161:15457:15220:15360:13309:13277,1:15:15:13:13:15:15:9:9:15:15:13:13:15:15,output-coordinate ANF over transformed input coordinates
ex288,gray_natural,prefix_reverse,4,1,15,191364,12994,15,8:15001:15119:15240:15192:14537:14137:7134:7212:15161:15457:15220:15360:13309:13277,1:15:15:13:13:15:15:9:9:15:15:13:13:15:15,output-coordinate ANF over transformed input coordinates
ex288,gray_natural,suffix_natural,3,1,15,191364,3730,15,8:15001:15119:15240:15192:14537:14137:7134:7212:15161:15457:15220:15360:13309:13277,1:15:15:13:13:15:15:9:9:15:15:13:13:15:15,output-coordinate ANF over transformed input coordinates
ex288,gray_natural,prefix_reverse,3,1,15,191364,3730,15,8:15001:15119:15240:15192:14537:14137:7134:7212:15161:15457:15220:15360:13309:13277,1:15:15:13:13:15:15:9:9:15:15:13:13:15:15,output-coordinate ANF over transformed input coordinates
ex288,gray_natural,suffix_natural,2,1,15,191364,768,15,8:15001:15119:15240:15192:14537:14137:7134:7212:15161:15457:15220:15360:13309:13277,1:15:15:13:13:15:15:9:9:15:15:13:13:15:15,output-coordinate ANF over transformed input coordinates
ex288,gray_natural,prefix_reverse,2,1,15,191364,768,15,8:15001:15119:15240:15192:14537:14137:7134:7212:15161:15457:15220:15360:13309:13277,1:15:15:13:13:15:15:9:9:15:15:13:13:15:15,output-coordinate ANF over transformed input coordinates
ex288,gray_natural,suffix_natural,1,1,15,191364,122,15,8:15001:15119:15240:15192:14537:14137:7134:7212:15161:15457:15220:15360:13309:13277,1:15:15:13:13:15:15:9:9:15:15:13:13:15:15,output-coordinate ANF over transformed input coordinates
ex288,gray_natural,prefix_reverse,1,1,15,191364,122,15,8:15001:15119:15240:15192:14537:14137:7134:7212:15161:15457:15220:15360:13309:13277,1:15:15:13:13:15:15:9:9:15:15:13:13:15:15,output-coordinate ANF over transformed input coordinates
ex288,prefix_natural,suffix_onehot,4,1,15,198770,12406,15,16990:15662:9940:14113:11764:15854:15638:11922:13955:13183:14007:14047:1:15705:15989,15:15:12:14:11:15:15:11:15:12:14:14:1:15:15,output-coordinate ANF over transformed input coordinates
ex288,suffix_reverse,suffix_onehot,4,1,15,198770,12406,15,16990:15662:9940:14113:11764:15854:15638:11922:13955:13183:14007:14047:1:15705:15989,15:15:12:14:11:15:15:11:15:12:14:14:1:15:15,output-coordinate ANF over transformed input coordinates
ex288,prefix_natural,suffix_onehot,3,1,15,198770,3370,15,16990:15662:9940:14113:11764:15854:15638:11922:13955:13183:14007:14047:1:15705:15989,15:15:12:14:11:15:15:11:15:12:14:14:1:15:15,output-coordinate ANF over transformed input coordinates
ex288,suffix_reverse,suffix_onehot,3,1,15,198770,3370,15,16990:15662:9940:14113:11764:15854:15638:11922:13955:13183:14007:14047:1:15705:15989,15:15:12:14:11:15:15:11:15:12:14:14:1:15:15,output-coordinate ANF over transformed input coordinates
ex288,prefix_natural,suffix_onehot,2,1,15,198770,580,15,16990:15662:9940:14113:11764:15854:15638:11922:13955:13183:14007:14047:1:15705:15989,15:15:12:14:11:15:15:11:15:12:14:14:1:15:15,output-coordinate ANF over transformed input coordinates
ex288,suffix_reverse,suffix_onehot,2,1,15,198770,580,15,16990:15662:9940:14113:11764:15854:15638:11922:13955:13183:14007:14047:1:15705:15989,15:15:12:14:11:15:15:11:15:12:14:14:1:15:15,output-coordinate ANF over transformed input coordinates
ex288,prefix_natural,suffix_onehot,1,1,15,198770,45,15,16990:15662:9940:14113:11764:15854:15638:11922:13955:13183:14007:14047:1:15705:15989,15:15:12:14:11:15:15:11:15:12:14:14:1:15:15,output-coordinate ANF over transformed input coordinates
ex288,suffix_reverse,suffix_onehot,1,1,15,198770,45,15,16990:15662:9940:14113:11764:15854:15638:11922:13955:13183:14007:14047:1:15705:15989,15:15:12:14:11:15:15:11:15:12:14:14:1:15:15,output-coordinate ANF over transformed input coordinates
ex288,prefix_natural,prefix_onehot,4,1,15,198782,12418,15,1:16991:15639:14008:15855:15663:11923:11765:13184:14048:15706:14114:13954:15990:9941,1:15:15:14:15:15:11:11:12:14:15:14:15:15:12,output-coordinate ANF over transformed input coordinates
ex288,suffix_reverse,prefix_onehot,4,1,15,198782,12418,15,1:16991:15639:14008:15855:15663:11923:11765:13184:14048:15706:14114:13954:15990:9941,1:15:15:14:15:15:11:11:12:14:15:14:15:15:12,output-coordinate ANF over transformed input coordinates
ex288,prefix_natural,prefix_onehot,3,1,15,198782,3382,15,1:16991:15639:14008:15855:15663:11923:11765:13184:14048:15706:14114:13954:15990:9941,1:15:15:14:15:15:11:11:12:14:15:14:15:15:12,output-coordinate ANF over transformed input coordinates
ex288,suffix_reverse,prefix_onehot,3,1,15,198782,3382,15,1:16991:15639:14008:15855:15663:11923:11765:13184:14048:15706:14114:13954:15990:9941,1:15:15:14:15:15:11:11:12:14:15:14:15:15:12,output-coordinate ANF over transformed input coordinates
ex288,prefix_natural,prefix_onehot,2,1,15,198782,592,15,1:16991:15639:14008:15855:15663:11923:11765:13184:14048:15706:14114:13954:15990:9941,1:15:15:14:15:15:11:11:12:14:15:14:15:15:12,output-coordinate ANF over transformed input coordinates
ex288,suffix_reverse,prefix_onehot,2,1,15,198782,592,15,1:16991:15639:14008:15855:15663:11923:11765:13184:14048:15706:14114:13954:15990:9941,1:15:15:14:15:15:11:11:12:14:15:14:15:15:12,output-coordinate ANF over transformed input coordinates
ex288,prefix_natural,prefix_onehot,1,1,15,198782,57,15,1:16991:15639:14008:15855:15663:11923:11765:13184:14048:15706:14114:13954:15990:9941,1:15:15:14:15:15:11:11:12:14:15:14:15:15:12,output-coordinate ANF over transformed input coordinates
ex288,suffix_reverse,prefix_onehot,1,1,15,198782,57,15,1:16991:15639:14008:15855:15663:11923:11765:13184:14048:15706:14114:13954:15990:9941,1:15:15:14:15:15:11:11:12:14:15:14:15:15:12,output-coordinate ANF over transformed input coordinates
ex288,suffix_natural,prefix_onehot,4,1,15,205362,10954,15,1:16463:16111:16385:15667:13983:11087:10881:13173:16321:15627:16389:14940:16225:12109,1:15:15:14:15:15:11:11:12:14:15:14:15:15:12,output-coordinate ANF over transformed input coordinates
ex288,suffix_natural,suffix_onehot,4,1,15,205362,10954,15,16462:13982:12108:16390:10880:15666:16110:11086:14941:13174:16386:16322:1:15628:16226,15:15:12:14:11:15:15:11:15:12:14:14:1:15:15,output-coordinate ANF over transformed input coordinates
ex288,prefix_reverse,prefix_onehot,4,1,15,205362,10954,15,1:16463:16111:16385:15667:13983:11087:10881:13173:16321:15627:16389:14940:16225:12109,1:15:15:14:15:15:11:11:12:14:15:14:15:15:12,output-coordinate ANF over transformed input coordinates
ex288,prefix_reverse,suffix_onehot,4,1,15,205362,10954,15,16462:13982:12108:16390:10880:15666:16110:11086:14941:13174:16386:16322:1:15628:16226,15:15:12:14:11:15:15:11:15:12:14:14:1:15:15,output-coordinate ANF over transformed input coordinates
ex288,suffix_natural,prefix_onehot,3,1,15,205362,3030,15,1:16463:16111:16385:15667:13983:11087:10881:13173:16321:15627:16389:14940:16225:12109,1:15:15:14:15:15:11:11:12:14:15:14:15:15:12,output-coordinate ANF over transformed input coordinates
ex288,suffix_natural,suffix_onehot,3,1,15,205362,3030,15,16462:13982:12108:16390:10880:15666:16110:11086:14941:13174:16386:16322:1:15628:16226,15:15:12:14:11:15:15:11:15:12:14:14:1:15:15,output-coordinate ANF over transformed input coordinates
ex288,prefix_reverse,prefix_onehot,3,1,15,205362,3030,15,1:16463:16111:16385:15667:13983:11087:10881:13173:16321:15627:16389:14940:16225:12109,1:15:15:14:15:15:11:11:12:14:15:14:15:15:12,output-coordinate ANF over transformed input coordinates
ex288,prefix_reverse,suffix_onehot,3,1,15,205362,3030,15,16462:13982:12108:16390:10880:15666:16110:11086:14941:13174:16386:16322:1:15628:16226,15:15:12:14:11:15:15:11:15:12:14:14:1:15:15,output-coordinate ANF over transformed input coordinates
ex289,raw,prefix_natural,4,1,16,93244,4504,16,7387:5396:7677:4354:8227:5978:7097:1652:7997:6048:8047:4530:7533:5136:6169:16,16:15:16:13:16:15:16:9:16:15:16:13:16:15:16:1,output-coordinate ANF over transformed input coordinates
ex289,raw,suffix_reverse,4,1,16,93244,4504,16,7387:5396:7677:4354:8227:5978:7097:1652:7997:6048:8047:4530:7533:5136:6169:16,16:15:16:13:16:15:16:9:16:15:16:13:16:15:16:1,output-coordinate ANF over transformed input coordinates
ex289,reverse_bits,prefix_natural,4,1,16,93244,4504,16,7387:5396:7677:4354:8227:5978:7097:1652:7997:6048:8047:4530:7533:5136:6169:16,16:15:16:13:16:15:16:9:16:15:16:13:16:15:16:1,output-coordinate ANF over transformed input coordinates
ex289,reverse_bits,suffix_reverse,4,1,16,93244,4504,16,7387:5396:7677:4354:8227:5978:7097:1652:7997:6048:8047:4530:7533:5136:6169:16,16:15:16:13:16:15:16:9:16:15:16:13:16:15:16:1,output-coordinate ANF over transformed input coordinates
ex289,raw,prefix_natural,3,1,16,93244,1744,16,7387:5396:7677:4354:8227:5978:7097:1652:7997:6048:8047:4530:7533:5136:6169:16,16:15:16:13:16:15:16:9:16:15:16:13:16:15:16:1,output-coordinate ANF over transformed input coordinates
ex289,raw,suffix_reverse,3,1,16,93244,1744,16,7387:5396:7677:4354:8227:5978:7097:1652:7997:6048:8047:4530:7533:5136:6169:16,16:15:16:13:16:15:16:9:16:15:16:13:16:15:16:1,output-coordinate ANF over transformed input coordinates
ex289,reverse_bits,prefix_natural,3,1,16,93244,1744,16,7387:5396:7677:4354:8227:5978:7097:1652:7997:6048:8047:4530:7533:5136:6169:16,16:15:16:13:16:15:16:9:16:15:16:13:16:15:16:1,output-coordinate ANF over transformed input coordinates
ex289,reverse_bits,suffix_reverse,3,1,16,93244,1744,16,7387:5396:7677:4354:8227:5978:7097:1652:7997:6048:8047:4530:7533:5136:6169:16,16:15:16:13:16:15:16:9:16:15:16:13:16:15:16:1,output-coordinate ANF over transformed input coordinates
ex289,raw,prefix_natural,2,1,16,93244,540,16,7387:5396:7677:4354:8227:5978:7097:1652:7997:6048:8047:4530:7533:5136:6169:16,16:15:16:13:16:15:16:9:16:15:16:13:16:15:16:1,output-coordinate ANF over transformed input coordinates
ex289,raw,suffix_reverse,2,1,16,93244,540,16,7387:5396:7677:4354:8227:5978:7097:1652:7997:6048:8047:4530:7533:5136:6169:16,16:15:16:13:16:15:16:9:16:15:16:13:16:15:16:1,output-coordinate ANF over transformed input coordinates
ex289,reverse_bits,prefix_natural,2,1,16,93244,540,16,7387:5396:7677:4354:8227:5978:7097:1652:7997:6048:8047:4530:7533:5136:6169:16,16:15:16:13:16:15:16:9:16:15:16:13:16:15:16:1,output-coordinate ANF over transformed input coordinates
ex289,reverse_bits,suffix_reverse,2,1,16,93244,540,16,7387:5396:7677:4354:8227:5978:7097:1652:7997:6048:8047:4530:7533:5136:6169:16,16:15:16:13:16:15:16:9:16:15:16:13:16:15:16:1,output-coordinate ANF over transformed input coordinates
ex289,raw,prefix_natural,1,1,16,93244,134,16,7387:5396:7677:4354:8227:5978:7097:1652:7997:6048:8047:4530:7533:5136:6169:16,16:15:16:13:16:15:16:9:16:15:16:13:16:15:16:1,output-coordinate ANF over transformed input coordinates
ex289,raw,suffix_reverse,1,1,16,93244,134,16,7387:5396:7677:4354:8227:5978:7097:1652:7997:6048:8047:4530:7533:5136:6169:16,16:15:16:13:16:15:16:9:16:15:16:13:16:15:16:1,output-coordinate ANF over transformed input coordinates
ex289,reverse_bits,prefix_natural,1,1,16,93244,134,16,7387:5396:7677:4354:8227:5978:7097:1652:7997:6048:8047:4530:7533:5136:6169:16,16:15:16:13:16:15:16:9:16:15:16:13:16:15:16:1,output-coordinate ANF over transformed input coordinates
ex289,reverse_bits,suffix_reverse,1,1,16,93244,134,16,7387:5396:7677:4354:8227:5978:7097:1652:7997:6048:8047:4530:7533:5136:6169:16,16:15:16:13:16:15:16:9:16:15:16:13:16:15:16:1,output-coordinate ANF over transformed input coordinates
ex289,raw,suffix_natural,4,1,16,93248,4508,16,16:7403:5410:7689:4366:8239:5982:7101:1652:7997:6040:8039:4518:7521:5122:6153,1:16:15:16:13:16:15:16:9:16:15:16:13:16:15:16,output-coordinate ANF over transformed input coordinates
ex289,raw,prefix_reverse,4,1,16,93248,4508,16,16:7403:5410:7689:4366:8239:5982:7101:1652:7997:6040:8039:4518:7521:5122:6153,1:16:15:16:13:16:15:16:9:16:15:16:13:16:15:16,output-coordinate ANF over transformed input coordinates
ex289,reverse_bits,suffix_natural,4,1,16,93248,4508,16,16:7403:5410:7689:4366:8239:5982:7101:1652:7997:6040:8039:4518:7521:5122:6153,1:16:15:16:13:16:15:16:9:16:15:16:13:16:15:16,output-coordinate ANF over transformed input coordinates
ex289,reverse_bits,prefix_reverse,4,1,16,93248,4508,16,16:7403:5410:7689:4366:8239:5982:7101:1652:7997:6040:8039:4518:7521:5122:6153,1:16:15:16:13:16:15:16:9:16:15:16:13:16:15:16,output-coordinate ANF over transformed input coordinates
ex289,raw,suffix_natural,3,1,16,93248,1748,16,16:7403:5410:7689:4366:8239:5982:7101:1652:7997:6040:8039:4518:7521:5122:6153,1:16:15:16:13:16:15:16:9:16:15:16:13:16:15:16,output-coordinate ANF over transformed input coordinates
ex289,raw,prefix_reverse,3,1,16,93248,1748,16,16:7403:5410:7689:4366:8239:5982:7101:1652:7997:6040:8039:4518:7521:5122:6153,1:16:15:16:13:16:15:16:9:16:15:16:13:16:15:16,output-coordinate ANF over transformed input coordinates
ex289,reverse_bits,suffix_natural,3,1,16,93248,1748,16,16:7403:5410:7689:4366:8239:5982:7101:1652:7997:6040:8039:4518:7521:5122:6153,1:16:15:16:13:16:15:16:9:16:15:16:13:16:15:16,output-coordinate ANF over transformed input coordinates
ex289,reverse_bits,prefix_reverse,3,1,16,93248,1748,16,16:7403:5410:7689:4366:8239:5982:7101:1652:7997:6040:8039:4518:7521:5122:6153,1:16:15:16:13:16:15:16:9:16:15:16:13:16:15:16,output-coordinate ANF over transformed input coordinates
ex289,raw,suffix_natural,2,1,16,93248,544,16,16:7403:5410:7689:4366:8239:5982:7101:1652:7997:6040:8039:4518:7521:5122:6153,1:16:15:16:13:16:15:16:9:16:15:16:13:16:15:16,output-coordinate ANF over transformed input coordinates
ex289,raw,prefix_reverse,2,1,16,93248,544,16,16:7403:5410:7689:4366:8239:5982:7101:1652:7997:6040:8039:4518:7521:5122:6153,1:16:15:16:13:16:15:16:9:16:15:16:13:16:15:16,output-coordinate ANF over transformed input coordinates
ex289,reverse_bits,suffix_natural,2,1,16,93248,544,16,16:7403:5410:7689:4366:8239:5982:7101:1652:7997:6040:8039:4518:7521:5122:6153,1:16:15:16:13:16:15:16:9:16:15:16:13:16:15:16,output-coordinate ANF over transformed input coordinates
ex289,reverse_bits,prefix_reverse,2,1,16,93248,544,16,16:7403:5410:7689:4366:8239:5982:7101:1652:7997:6040:8039:4518:7521:5122:6153,1:16:15:16:13:16:15:16:9:16:15:16:13:16:15:16,output-coordinate ANF over transformed input coordinates
ex289,raw,suffix_natural,1,1,16,93248,138,16,16:7403:5410:7689:4366:8239:5982:7101:1652:7997:6040:8039:4518:7521:5122:6153,1:16:15:16:13:16:15:16:9:16:15:16:13:16:15:16,output-coordinate ANF over transformed input coordinates
ex289,raw,prefix_reverse,1,1,16,93248,138,16,16:7403:5410:7689:4366:8239:5982:7101:1652:7997:6040:8039:4518:7521:5122:6153,1:16:15:16:13:16:15:16:9:16:15:16:13:16:15:16,output-coordinate ANF over transformed input coordinates
ex289,reverse_bits,suffix_natural,1,1,16,93248,138,16,16:7403:5410:7689:4366:8239:5982:7101:1652:7997:6040:8039:4518:7521:5122:6153,1:16:15:16:13:16:15:16:9:16:15:16:13:16:15:16,output-coordinate ANF over transformed input coordinates
ex289,reverse_bits,prefix_reverse,1,1,16,93248,138,16,16:7403:5410:7689:4366:8239:5982:7101:1652:7997:6040:8039:4518:7521:5122:6153,1:16:15:16:13:16:15:16:9:16:15:16:13:16:15:16,output-coordinate ANF over transformed input coordinates
ex289,raw,prefix_onehot,4,1,16,99376,5690,16,16:7403:7537:9157:8759:5410:3098:7659:8069:4424:6238:8277:5756:7325:7566:2682,1:16:16:16:16:15:11:16:16:12:13:16:15:16:15:11,output-coordinate ANF over transformed input coordinates
ex289,reverse_bits,prefix_onehot,4,1,16,99376,5690,16,16:7403:7537:9157:8759:5410:3098:7659:8069:4424:6238:8277:5756:7325:7566:2682,1:16:16:16:16:15:11:16:16:12:13:16:15:16:15:11,output-coordinate ANF over transformed input coordinates
ex289,raw,prefix_onehot,3,1,16,99376,2267,16,16:7403:7537:9157:8759:5410:3098:7659:8069:4424:6238:8277:5756:7325:7566:2682,1:16:16:16:16:15:11:16:16:12:13:16:15:16:15:11,output-coordinate ANF over transformed input coordinates
ex289,reverse_bits,prefix_onehot,3,1,16,99376,2267,16,16:7403:7537:9157:8759:5410:3098:7659:8069:4424:6238:8277:5756:7325:7566:2682,1:16:16:16:16:15:11:16:16:12:13:16:15:16:15:11,output-coordinate ANF over transformed input coordinates
ex289,raw,prefix_onehot,2,1,16,99376,556,16,16:7403:7537:9157:8759:5410:3098:7659:8069:4424:6238:8277:5756:7325:7566:2682,1:16:16:16:16:15:11:16:16:12:13:16:15:16:15:11,output-coordinate ANF over transformed input coordinates
ex289,reverse_bits,prefix_onehot,2,1,16,99376,556,16,16:7403:7537:9157:8759:5410:3098:7659:8069:4424:6238:8277:5756:7325:7566:2682,1:16:16:16:16:15:11:16:16:12:13:16:15:16:15:11,output-coordinate ANF over transformed input coordinates
ex289,raw,prefix_onehot,1,1,16,99376,121,16,16:7403:7537:9157:8759:5410:3098:7659:8069:4424:6238:8277:5756:7325:7566:2682,1:16:16:16:16:15:11:16:16:12:13:16:15:16:15:11,output-coordinate ANF over transformed input coordinates
ex289,reverse_bits,prefix_onehot,1,1,16,99376,121,16,16:7403:7537:9157:8759:5410:3098:7659:8069:4424:6238:8277:5756:7325:7566:2682,1:16:16:16:16:15:11:16:16:12:13:16:15:16:15:11,output-coordinate ANF over transformed input coordinates
ex289,raw,suffix_onehot,4,1,16,99406,5720,16,7387:5396:4424:5770:2676:8753:7535:3096:7574:8077:9171:6252:7339:16:8287:7653,16:15:12:15:11:16:16:11:15:16:16:13:16:1:16:16,output-coordinate ANF over transformed input coordinates
ex289,reverse_bits,suffix_onehot,4,1,16,99406,5720,16,7387:5396:4424:5770:2676:8753:7535:3096:7574:8077:9171:6252:7339:16:8287:7653,16:15:12:15:11:16:16:11:15:16:16:13:16:1:16:16,output-coordinate ANF over transformed input coordinates
ex289,raw,suffix_onehot,3,1,16,99406,2297,16,7387:5396:4424:5770:2676:8753:7535:3096:7574:8077:9171:6252:7339:16:8287:7653,16:15:12:15:11:16:16:11:15:16:16:13:16:1:16:16,output-coordinate ANF over transformed input coordinates
ex289,reverse_bits,suffix_onehot,3,1,16,99406,2297,16,7387:5396:4424:5770:2676:8753:7535:3096:7574:8077:9171:6252:7339:16:8287:7653,16:15:12:15:11:16:16:11:15:16:16:13:16:1:16:16,output-coordinate ANF over transformed input coordinates
ex289,raw,suffix_onehot,2,1,16,99406,586,16,7387:5396:4424:5770:2676:8753:7535:3096:7574:8077:9171:6252:7339:16:8287:7653,16:15:12:15:11:16:16:11:15:16:16:13:16:1:16:16,output-coordinate ANF over transformed input coordinates
ex289,reverse_bits,suffix_onehot,2,1,16,99406,586,16,7387:5396:4424:5770:2676:8753:7535:3096:7574:8077:9171:6252:7339:16:8287:7653,16:15:12:15:11:16:16:11:15:16:16:13:16:1:16:16,output-coordinate ANF over transformed input coordinates
ex289,raw,suffix_onehot,1,1,16,99406,151,16,7387:5396:4424:5770:2676:8753:7535:3096:7574:8077:9171:6252:7339:16:8287:7653,16:15:12:15:11:16:16:11:15:16:16:13:16:1:16:16,output-coordinate ANF over transformed input coordinates
ex289,reverse_bits,suffix_onehot,1,1,16,99406,151,16,7387:5396:4424:5770:2676:8753:7535:3096:7574:8077:9171:6252:7339:16:8287:7653,16:15:12:15:11:16:16:11:15:16:16:13:16:1:16:16,output-coordinate ANF over transformed input coordinates
ex289,gray_natural,suffix_onehot,4,1,16,340159,16937,16,26010:24799:15176:24037:12562:26702:25362:12944:26653:27869:27096:12808:26169:8:26407:25557,16:15:12:15:11:16:16:11:15:16:16:13:16:1:16:16,output-coordinate ANF over transformed input coordinates
ex289,gray_natural,suffix_onehot,3,1,16,340159,4752,16,26010:24799:15176:24037:12562:26702:25362:12944:26653:27869:27096:12808:26169:8:26407:25557,16:15:12:15:11:16:16:11:15:16:16:13:16:1:16:16,output-coordinate ANF over transformed input coordinates
ex289,gray_natural,suffix_onehot,2,1,16,340159,893,16,26010:24799:15176:24037:12562:26702:25362:12944:26653:27869:27096:12808:26169:8:26407:25557,16:15:12:15:11:16:16:11:15:16:16:13:16:1:16:16,output-coordinate ANF over transformed input coordinates
ex289,gray_natural,suffix_onehot,1,1,16,340159,111,16,26010:24799:15176:24037:12562:26702:25362:12944:26653:27869:27096:12808:26169:8:26407:25557,16:15:12:15:11:16:16:11:15:16:16:13:16:1:16:16,output-coordinate ANF over transformed input coordinates
ex289,gray_natural,prefix_onehot,4,1,16,340175,16953,16,8:26014:25368:27092:26706:24805:12942:25561:27865:15178:12808:26403:24029:26175:26653:12568,1:16:16:16:16:15:11:16:16:12:13:16:15:16:15:11,output-coordinate ANF over transformed input coordinates
ex289,gray_natural,prefix_onehot,3,1,16,340175,4768,16,8:26014:25368:27092:26706:24805:12942:25561:27865:15178:12808:26403:24029:26175:26653:12568,1:16:16:16:16:15:11:16:16:12:13:16:15:16:15:11,output-coordinate ANF over transformed input coordinates
ex289,gray_natural,prefix_onehot,2,1,16,340175,909,16,8:26014:25368:27092:26706:24805:12942:25561:27865:15178:12808:26403:24029:26175:26653:12568,1:16:16:16:16:15:11:16:16:12:13:16:15:16:15:11,output-coordinate ANF over transformed input coordinates
ex289,gray_natural,prefix_onehot,1,1,16,340175,127,16,8:26014:25368:27092:26706:24805:12942:25561:27865:15178:12808:26403:24029:26175:26653:12568,1:16:16:16:16:15:11:16:16:12:13:16:15:16:15:11,output-coordinate ANF over transformed input coordinates
ex289,gray_reverse,suffix_onehot,4,1,16,348841,16099,16,27932:24807:18420:22547:13010:27222:27854:13840:27883:27921:27050:13034:23449:8:26945:26919,16:15:12:15:11:16:16:11:15:16:16:13:16:1:16:16,output-coordinate ANF over transformed input coordinates
ex289,gray_reverse,suffix_onehot,3,1,16,348841,4332,16,27932:24807:18420:22547:13010:27222:27854:13840:27883:27921:27050:13034:23449:8:26945:26919,16:15:12:15:11:16:16:11:15:16:16:13:16:1:16:16,output-coordinate ANF over transformed input coordinates
ex289,gray_reverse,suffix_onehot,2,1,16,348841,875,16,27932:24807:18420:22547:13010:27222:27854:13840:27883:27921:27050:13034:23449:8:26945:26919,16:15:12:15:11:16:16:11:15:16:16:13:16:1:16:16,output-coordinate ANF over transformed input coordinates
ex289,gray_reverse,suffix_onehot,1,1,16,348841,123,16,27932:24807:18420:22547:13010:27222:27854:13840:27883:27921:27050:13034:23449:8:26945:26919,16:15:12:15:11:16:16:11:15:16:16:13:16:1:16:16,output-coordinate ANF over transformed input coordinates
ex289,gray_reverse,prefix_onehot,4,1,16,348845,16103,16,8:27930:27862:27044:27220:24805:13842:26925:27923:18426:13034:26939:22539:23453:27887:13008,1:16:16:16:16:15:11:16:16:12:13:16:15:16:15:11,output-coordinate ANF over transformed input coordinates
ex289,gray_reverse,prefix_onehot,3,1,16,348845,4336,16,8:27930:27862:27044:27220:24805:13842:26925:27923:18426:13034:26939:22539:23453:27887:13008,1:16:16:16:16:15:11:16:16:12:13:16:15:16:15:11,output-coordinate ANF over transformed input coordinates
ex289,gray_reverse,prefix_onehot,2,1,16,348845,879,16,8:27930:27862:27044:27220:24805:13842:26925:27923:18426:13034:26939:22539:23453:27887:13008,1:16:16:16:16:15:11:16:16:12:13:16:15:16:15:11,output-coordinate ANF over transformed input coordinates
ex289,gray_reverse,prefix_onehot,1,1,16,348845,127,16,8:27930:27862:27044:27220:24805:13842:26925:27923:18426:13034:26939:22539:23453:27887:13008,1:16:16:16:16:15:11:16:16:12:13:16:15:16:15:11,output-coordinate ANF over transformed input coordinates
ex289,gray_natural,prefix_natural,4,1,16,350388,17626,16,26010:24799:27285:18460:26688:24421:25227:5426:26302:25047:27459:18594:26120:23961:24581:8,16:15:16:13:16:15:16:9:16:15:16:13:16:15:16:1,output-coordinate ANF over transformed input coordinates
ex289,gray_natural,suffix_reverse,4,1,16,350388,17626,16,26010:24799:27285:18460:26688:24421:25227:5426:26302:25047:27459:18594:26120:23961:24581:8,16:15:16:13:16:15:16:9:16:15:16:13:16:15:16:1,output-coordinate ANF over transformed input coordinates
ex289,gray_natural,prefix_natural,3,1,16,350388,4884,16,26010:24799:27285:18460:26688:24421:25227:5426:26302:25047:27459:18594:26120:23961:24581:8,16:15:16:13:16:15:16:9:16:15:16:13:16:15:16:1,output-coordinate ANF over transformed input coordinates
ex289,gray_natural,suffix_reverse,3,1,16,350388,4884,16,26010:24799:27285:18460:26688:24421:25227:5426:26302:25047:27459:18594:26120:23961:24581:8,16:15:16:13:16:15:16:9:16:15:16:13:16:15:16:1,output-coordinate ANF over transformed input coordinates
ex289,gray_natural,prefix_natural,2,1,16,350388,918,16,26010:24799:27285:18460:26688:24421:25227:5426:26302:25047:27459:18594:26120:23961:24581:8,16:15:16:13:16:15:16:9:16:15:16:13:16:15:16:1,output-coordinate ANF over transformed input coordinates
ex289,gray_natural,suffix_reverse,2,1,16,350388,918,16,26010:24799:27285:18460:26688:24421:25227:5426:26302:25047:27459:18594:26120:23961:24581:8,16:15:16:13:16:15:16:9:16:15:16:13:16:15:16:1,output-coordinate ANF over transformed input coordinates
ex289,gray_natural,prefix_natural,1,1,16,350388,86,16,26010:24799:27285:18460:26688:24421:25227:5426:26302:25047:27459:18594:26120:23961:24581:8,16:15:16:13:16:15:16:9:16:15:16:13:16:15:16:1,output-coordinate ANF over transformed input coordinates
ex289,gray_natural,suffix_reverse,1,1,16,350388,86,16,26010:24799:27285:18460:26688:24421:25227:5426:26302:25047:27459:18594:26120:23961:24581:8,16:15:16:13:16:15:16:9:16:15:16:13:16:15:16:1,output-coordinate ANF over transformed input coordinates
ex289,gray_natural,suffix_natural,4,1,16,350424,17662,16,8:26014:24805:27291:18466:26692:24427:25229:5430:26302:25049:27457:18596:26116:23963:24579,1:16:15:16:13:16:15:16:9:16:15:16:13:16:15:16,output-coordinate ANF over transformed input coordinates
ex289,gray_natural,prefix_reverse,4,1,16,350424,17662,16,8:26014:24805:27291:18466:26692:24427:25229:5430:26302:25049:27457:18596:26116:23963:24579,1:16:15:16:13:16:15:16:9:16:15:16:13:16:15:16,output-coordinate ANF over transformed input coordinates
ex289,gray_natural,suffix_natural,3,1,16,350424,4920,16,8:26014:24805:27291:18466:26692:24427:25229:5430:26302:25049:27457:18596:26116:23963:24579,1:16:15:16:13:16:15:16:9:16:15:16:13:16:15:16,output-coordinate ANF over transformed input coordinates
ex289,gray_natural,prefix_reverse,3,1,16,350424,4920,16,8:26014:24805:27291:18466:26692:24427:25229:5430:26302:25049:27457:18596:26116:23963:24579,1:16:15:16:13:16:15:16:9:16:15:16:13:16:15:16,output-coordinate ANF over transformed input coordinates
ex289,gray_natural,suffix_natural,2,1,16,350424,954,16,8:26014:24805:27291:18466:26692:24427:25229:5430:26302:25049:27457:18596:26116:23963:24579,1:16:15:16:13:16:15:16:9:16:15:16:13:16:15:16,output-coordinate ANF over transformed input coordinates
ex289,gray_natural,prefix_reverse,2,1,16,350424,954,16,8:26014:24805:27291:18466:26692:24427:25229:5430:26302:25049:27457:18596:26116:23963:24579,1:16:15:16:13:16:15:16:9:16:15:16:13:16:15:16,output-coordinate ANF over transformed input coordinates
ex289,gray_natural,suffix_natural,1,1,16,350424,122,16,8:26014:24805:27291:18466:26692:24427:25229:5430:26302:25049:27457:18596:26116:23963:24579,1:16:15:16:13:16:15:16:9:16:15:16:13:16:15:16,output-coordinate ANF over transformed input coordinates
ex289,gray_natural,prefix_reverse,1,1,16,350424,122,16,8:26014:24805:27291:18466:26692:24427:25229:5430:26302:25049:27457:18596:26116:23963:24579,1:16:15:16:13:16:15:16:9:16:15:16:13:16:15:16,output-coordinate ANF over transformed input coordinates
ex289,gray_reverse,suffix_natural,4,1,16,355146,15854,16,8:27930:24805:28065:17596:27906:24427:25969:5402:27686:25045:27783:17364:26976:23641:24543,1:16:15:16:13:16:15:16:9:16:15:16:13:16:15:16,output-coordinate ANF over transformed input coordinates
ex289,gray_reverse,prefix_reverse,4,1,16,355146,15854,16,8:27930:24805:28065:17596:27906:24427:25969:5402:27686:25045:27783:17364:26976:23641:24543,1:16:15:16:13:16:15:16:9:16:15:16:13:16:15:16,output-coordinate ANF over transformed input coordinates
ex289,gray_reverse,suffix_natural,3,1,16,355146,4090,16,8:27930:24805:28065:17596:27906:24427:25969:5402:27686:25045:27783:17364:26976:23641:24543,1:16:15:16:13:16:15:16:9:16:15:16:13:16:15:16,output-coordinate ANF over transformed input coordinates
ex289,gray_reverse,prefix_reverse,3,1,16,355146,4090,16,8:27930:24805:28065:17596:27906:24427:25969:5402:27686:25045:27783:17364:26976:23641:24543,1:16:15:16:13:16:15:16:9:16:15:16:13:16:15:16,output-coordinate ANF over transformed input coordinates
ex289,gray_reverse,suffix_natural,2,1,16,355146,712,16,8:27930:24805:28065:17596:27906:24427:25969:5402:27686:25045:27783:17364:26976:23641:24543,1:16:15:16:13:16:15:16:9:16:15:16:13:16:15:16,output-coordinate ANF over transformed input coordinates
ex289,gray_reverse,prefix_reverse,2,1,16,355146,712,16,8:27930:24805:28065:17596:27906:24427:25969:5402:27686:25045:27783:17364:26976:23641:24543,1:16:15:16:13:16:15:16:9:16:15:16:13:16:15:16,output-coordinate ANF over transformed input coordinates
ex289,gray_reverse,suffix_natural,1,1,16,355146,94,16,8:27930:24805:28065:17596:27906:24427:25969:5402:27686:25045:27783:17364:26976:23641:24543,1:16:15:16:13:16:15:16:9:16:15:16:13:16:15:16,output-coordinate ANF over transformed input coordinates
ex289,gray_reverse,prefix_reverse,1,1,16,355146,94,16,8:27930:24805:28065:17596:27906:24427:25969:5402:27686:25045:27783:17364:26976:23641:24543,1:16:15:16:13:16:15:16:9:16:15:16:13:16:15:16,output-coordinate ANF over transformed input coordinates
ex289,gray_reverse,prefix_natural,4,1,16,355166,15874,16,27932:24807:28069:17598:27908:24429:25969:5406:27684:25051:27779:17370:26970:23647:24539:8,16:15:16:13:16:15:16:9:16:15:16:13:16:15:16:1,output-coordinate ANF over transformed input coordinates
ex289,gray_reverse,suffix_reverse,4,1,16,355166,15874,16,27932:24807:28069:17598:27908:24429:25969:5406:27684:25051:27779:17370:26970:23647:24539:8,16:15:16:13:16:15:16:9:16:15:16:13:16:15:16:1,output-coordinate ANF over transformed input coordinates
ex289,gray_reverse,prefix_natural,3,1,16,355166,4110,16,27932:24807:28069:17598:27908:24429:25969:5406:27684:25051:27779:17370:26970:23647:24539:8,16:15:16:13:16:15:16:9:16:15:16:13:16:15:16:1,output-coordinate ANF over transformed input coordinates
ex289,gray_reverse,suffix_reverse,3,1,16,355166,4110,16,27932:24807:28069:17598:27908:24429:25969:5406:27684:25051:27779:17370:26970:23647:24539:8,16:15:16:13:16:15:16:9:16:15:16:13:16:15:16:1,output-coordinate ANF over transformed input coordinates
ex289,gray_reverse,prefix_natural,2,1,16,355166,732,16,27932:24807:28069:17598:27908:24429:25969:5406:27684:25051:27779:17370:26970:23647:24539:8,16:15:16:13:16:15:16:9:16:15:16:13:16:15:16:1,output-coordinate ANF over transformed input coordinates
ex289,gray_reverse,suffix_reverse,2,1,16,355166,732,16,27932:24807:28069:17598:27908:24429:25969:5406:27684:25051:27779:17370:26970:23647:24539:8,16:15:16:13:16:15:16:9:16:15:16:13:16:15:16:1,output-coordinate ANF over transformed input coordinates
ex289,gray_reverse,prefix_natural,1,1,16,355166,114,16,27932:24807:28069:17598:27908:24429:25969:5406:27684:25051:27779:17370:26970:23647:24539:8,16:15:16:13:16:15:16:9:16:15:16:13:16:15:16:1,output-coordinate ANF over transformed input coordinates
ex289,gray_reverse,suffix_reverse,1,1,16,355166,114,16,27932:24807:28069:17598:27908:24429:25969:5406:27684:25051:27779:17370:26970:23647:24539:8,16:15:16:13:16:15:16:9:16:15:16:13:16:15:16:1,output-coordinate ANF over transformed input coordinates
ex289,prefix_natural,suffix_onehot,4,1,16,406066,14682,16,29572:27822:23088:26883:16810:31616:32504:17482:28744:29154:30537:26395:24541:1:29513:31404,16:15:12:15:11:16:16:11:15:16:16:13:16:1:16:16,output-coordinate ANF over transformed input coordinates
ex289,suffix_reverse,suffix_onehot,4,1,16,406066,14682,16,29572:27822:23088:26883:16810:31616:32504:17482:28744:29154:30537:26395:24541:1:29513:31404,16:15:12:15:11:16:16:11:15:16:16:13:16:1:16:16,output-coordinate ANF over transformed input coordinates
ex289,prefix_natural,suffix_onehot,3,1,16,406066,3694,16,29572:27822:23088:26883:16810:31616:32504:17482:28744:29154:30537:26395:24541:1:29513:31404,16:15:12:15:11:16:16:11:15:16:16:13:16:1:16:16,output-coordinate ANF over transformed input coordinates
ex289,suffix_reverse,suffix_onehot,3,1,16,406066,3694,16,29572:27822:23088:26883:16810:31616:32504:17482:28744:29154:30537:26395:24541:1:29513:31404,16:15:12:15:11:16:16:11:15:16:16:13:16:1:16:16,output-coordinate ANF over transformed input coordinates
ex289,prefix_natural,suffix_onehot,2,1,16,406066,646,16,29572:27822:23088:26883:16810:31616:32504:17482:28744:29154:30537:26395:24541:1:29513:31404,16:15:12:15:11:16:16:11:15:16:16:13:16:1:16:16,output-coordinate ANF over transformed input coordinates
ex289,suffix_reverse,suffix_onehot,2,1,16,406066,646,16,29572:27822:23088:26883:16810:31616:32504:17482:28744:29154:30537:26395:24541:1:29513:31404,16:15:12:15:11:16:16:11:15:16:16:13:16:1:16:16,output-coordinate ANF over transformed input coordinates
ex289,prefix_natural,suffix_onehot,1,1,16,406066,56,16,29572:27822:23088:26883:16810:31616:32504:17482:28744:29154:30537:26395:24541:1:29513:31404,16:15:12:15:11:16:16:11:15:16:16:13:16:1:16:16,output-coordinate ANF over transformed input coordinates
ex289,suffix_reverse,suffix_onehot,1,1,16,406066,56,16,29572:27822:23088:26883:16810:31616:32504:17482:28744:29154:30537:26395:24541:1:29513:31404,16:15:12:15:11:16:16:11:15:16:16:13:16:1:16:16,output-coordinate ANF over transformed input coordinates
ex289,prefix_natural,prefix_onehot,4,1,16,406067,14683,16,1:29573:32505:30536:31617:27823:17483:31405:29153:23089:26394:29512:26882:24540:28743:16811,1:16:16:16:16:15:11:16:16:12:13:16:15:16:15:11,output-coordinate ANF over transformed input coordinates
ex289,suffix_reverse,prefix_onehot,4,1,16,406067,14683,16,1:29573:32505:30536:31617:27823:17483:31405:29153:23089:26394:29512:26882:24540:28743:16811,1:16:16:16:16:15:11:16:16:12:13:16:15:16:15:11,output-coordinate ANF over transformed input coordinates
ex289,prefix_natural,prefix_onehot,3,1,16,406067,3695,16,1:29573:32505:30536:31617:27823:17483:31405:29153:23089:26394:29512:26882:24540:28743:16811,1:16:16:16:16:15:11:16:16:12:13:16:15:16:15:11,output-coordinate ANF over transformed input coordinates
ex289,suffix_reverse,prefix_onehot,3,1,16,406067,3695,16,1:29573:32505:30536:31617:27823:17483:31405:29153:23089:26394:29512:26882:24540:28743:16811,1:16:16:16:16:15:11:16:16:12:13:16:15:16:15:11,output-coordinate ANF over transformed input coordinates
ex289,prefix_natural,prefix_onehot,2,1,16,406067,647,16,1:29573:32505:30536:31617:27823:17483:31405:29153:23089:26394:29512:26882:24540:28743:16811,1:16:16:16:16:15:11:16:16:12:13:16:15:16:15:11,output-coordinate ANF over transformed input coordinates
ex289,suffix_reverse,prefix_onehot,2,1,16,406067,647,16,1:29573:32505:30536:31617:27823:17483:31405:29153:23089:26394:29512:26882:24540:28743:16811,1:16:16:16:16:15:11:16:16:12:13:16:15:16:15:11,output-coordinate ANF over transformed input coordinates
ex289,prefix_natural,prefix_onehot,1,1,16,406067,57,16,1:29573:32505:30536:31617:27823:17483:31405:29153:23089:26394:29512:26882:24540:28743:16811,1:16:16:16:16:15:11:16:16:12:13:16:15:16:15:11,output-coordinate ANF over transformed input coordinates
ex289,suffix_reverse,prefix_onehot,1,1,16,406067,57,16,1:29573:32505:30536:31617:27823:17483:31405:29153:23089:26394:29512:26882:24540:28743:16811,1:16:16:16:16:15:11:16:16:12:13:16:15:16:15:11,output-coordinate ANF over transformed input coordinates
ex289,prefix_natural,prefix_natural,4,1,16,410810,14316,16,29572:27822:31202:27420:30750:28422:28384:9632:30792:28096:31138:26938:29044:26286:25311:1,16:15:16:13:16:15:16:9:16:15:16:13:16:15:16:1,output-coordinate ANF over transformed input coordinates
ex289,prefix_natural,suffix_reverse,4,1,16,410810,14316,16,29572:27822:31202:27420:30750:28422:28384:9632:30792:28096:31138:26938:29044:26286:25311:1,16:15:16:13:16:15:16:9:16:15:16:13:16:15:16:1,output-coordinate ANF over transformed input coordinates
ex289,suffix_reverse,prefix_natural,4,1,16,410810,14316,16,29572:27822:31202:27420:30750:28422:28384:9632:30792:28096:31138:26938:29044:26286:25311:1,16:15:16:13:16:15:16:9:16:15:16:13:16:15:16:1,output-coordinate ANF over transformed input coordinates
ex289,suffix_reverse,suffix_reverse,4,1,16,410810,14316,16,29572:27822:31202:27420:30750:28422:28384:9632:30792:28096:31138:26938:29044:26286:25311:1,16:15:16:13:16:15:16:9:16:15:16:13:16:15:16:1,output-coordinate ANF over transformed input coordinates
ex289,prefix_natural,prefix_natural,3,1,16,410810,3518,16,29572:27822:31202:27420:30750:28422:28384:9632:30792:28096:31138:26938:29044:26286:25311:1,16:15:16:13:16:15:16:9:16:15:16:13:16:15:16:1,output-coordinate ANF over transformed input coordinates
ex289,prefix_natural,suffix_reverse,3,1,16,410810,3518,16,29572:27822:31202:27420:30750:28422:28384:9632:30792:28096:31138:26938:29044:26286:25311:1,16:15:16:13:16:15:16:9:16:15:16:13:16:15:16:1,output-coordinate ANF over transformed input coordinates
ex289,suffix_reverse,prefix_natural,3,1,16,410810,3518,16,29572:27822:31202:27420:30750:28422:28384:9632:30792:28096:31138:26938:29044:26286:25311:1,16:15:16:13:16:15:16:9:16:15:16:13:16:15:16:1,output-coordinate ANF over transformed input coordinates
ex289,suffix_reverse,suffix_reverse,3,1,16,410810,3518,16,29572:27822:31202:27420:30750:28422:28384:9632:30792:28096:31138:26938:29044:26286:25311:1,16:15:16:13:16:15:16:9:16:15:16:13:16:15:16:1,output-coordinate ANF over transformed input coordinates
