case,domain,agent_id,candidate_id,hypothesis,representation,shared_structure,method_signature,verilog_path,aig_path,equivalent,simulation_pass,area,delay,adp,evaluate_log,notes
ex249,float_fp8,local-fp8-source-r35,ex249_ex249_split_delta_pred_default_raw,FP8 source predicate/table restructuring,ex249_split_delta_pred + default + raw,split delta table into shared inc1/inc2 predicates,ex249|fp8_source_restructure|ex249_split_delta_pred|split_delta_table_into_shared_inc1_inc2_predicates|default|raw|official_evaluate|full_word,student/work/ex245_ex249_frontend_source_round35_20260613_0800/local-fp8-source-r35/ex249/ex249_split_delta_pred/verilog/ex249_split_delta_pred.v,student/work/ex245_ex249_frontend_source_round35_20260613_0800/local-fp8-source-r35/ex249/ex249_split_delta_pred/aigs/ex249_ex249_split_delta_pred_default_raw.aig,1,not_run,193,28,5404,student/work/ex245_ex249_frontend_source_round35_20260613_0800/local-fp8-source-r35/ex249/ex249_split_delta_pred/logs/ex249_ex249_split_delta_pred_default_raw.evaluate.py.log,official evaluate.py OK; yosys_log=student/work/ex245_ex249_frontend_source_round35_20260613_0800/local-fp8-source-r35/ex249/ex249_split_delta_pred/logs/ex249_split_delta_pred_default.yosys.log; abc_log=student/work/ex245_ex249_frontend_source_round35_20260613_0800/local-fp8-source-r35/ex249/ex249_split_delta_pred/logs/ex249_ex249_split_delta_pred_default_raw.abc.log; synth_sec=0.192; abc_sec=0.000; eval_sec=0.438
ex249,float_fp8,local-fp8-source-r35,ex249_ex249_split_delta_pred_default_resyn2rs_area,FP8 source predicate/table restructuring,ex249_split_delta_pred + default + resyn2rs_area,split delta table into shared inc1/inc2 predicates,ex249|fp8_source_restructure|ex249_split_delta_pred|split_delta_table_into_shared_inc1_inc2_predicates|default|resyn2rs_area|official_evaluate|full_word,student/work/ex245_ex249_frontend_source_round35_20260613_0800/local-fp8-source-r35/ex249/ex249_split_delta_pred/verilog/ex249_split_delta_pred.v,student/work/ex245_ex249_frontend_source_round35_20260613_0800/local-fp8-source-r35/ex249/ex249_split_delta_pred/aigs/ex249_ex249_split_delta_pred_default_resyn2rs_area.aig,1,not_run,174,27,4698,student/work/ex245_ex249_frontend_source_round35_20260613_0800/local-fp8-source-r35/ex249/ex249_split_delta_pred/logs/ex249_ex249_split_delta_pred_default_resyn2rs_area.evaluate.py.log,official evaluate.py OK; yosys_log=student/work/ex245_ex249_frontend_source_round35_20260613_0800/local-fp8-source-r35/ex249/ex249_split_delta_pred/logs/ex249_split_delta_pred_default.yosys.log; abc_log=student/work/ex245_ex249_frontend_source_round35_20260613_0800/local-fp8-source-r35/ex249/ex249_split_delta_pred/logs/ex249_ex249_split_delta_pred_default_resyn2rs_area.abc.log; synth_sec=0.192; abc_sec=0.075; eval_sec=0.439
ex249,float_fp8,local-fp8-source-r35,ex249_ex249_split_delta_pred_default_compress2rs_area,FP8 source predicate/table restructuring,ex249_split_delta_pred + default + compress2rs_area,split delta table into shared inc1/inc2 predicates,ex249|fp8_source_restructure|ex249_split_delta_pred|split_delta_table_into_shared_inc1_inc2_predicates|default|compress2rs_area|official_evaluate|full_word,student/work/ex245_ex249_frontend_source_round35_20260613_0800/local-fp8-source-r35/ex249/ex249_split_delta_pred/verilog/ex249_split_delta_pred.v,student/work/ex245_ex249_frontend_source_round35_20260613_0800/local-fp8-source-r35/ex249/ex249_split_delta_pred/aigs/ex249_ex249_split_delta_pred_default_compress2rs_area.aig,1,not_run,174,30,5220,student/work/ex245_ex249_frontend_source_round35_20260613_0800/local-fp8-source-r35/ex249/ex249_split_delta_pred/logs/ex249_ex249_split_delta_pred_default_compress2rs_area.evaluate.py.log,official evaluate.py OK; yosys_log=student/work/ex245_ex249_frontend_source_round35_20260613_0800/local-fp8-source-r35/ex249/ex249_split_delta_pred/logs/ex249_split_delta_pred_default.yosys.log; abc_log=student/work/ex245_ex249_frontend_source_round35_20260613_0800/local-fp8-source-r35/ex249/ex249_split_delta_pred/logs/ex249_ex249_split_delta_pred_default_compress2rs_area.abc.log; synth_sec=0.192; abc_sec=0.078; eval_sec=0.441
ex249,float_fp8,local-fp8-source-r35,ex249_ex249_split_delta_pred_extra_share_raw,FP8 source predicate/table restructuring,ex249_split_delta_pred + extra_share + raw,split delta table into shared inc1/inc2 predicates,ex249|fp8_source_restructure|ex249_split_delta_pred|split_delta_table_into_shared_inc1_inc2_predicates|extra_share|raw|official_evaluate|full_word,student/work/ex245_ex249_frontend_source_round35_20260613_0800/local-fp8-source-r35/ex249/ex249_split_delta_pred/verilog/ex249_split_delta_pred.v,student/work/ex245_ex249_frontend_source_round35_20260613_0800/local-fp8-source-r35/ex249/ex249_split_delta_pred/aigs/ex249_ex249_split_delta_pred_extra_share_raw.aig,1,not_run,192,28,5376,student/work/ex245_ex249_frontend_source_round35_20260613_0800/local-fp8-source-r35/ex249/ex249_split_delta_pred/logs/ex249_ex249_split_delta_pred_extra_share_raw.evaluate.py.log,official evaluate.py OK; yosys_log=student/work/ex245_ex249_frontend_source_round35_20260613_0800/local-fp8-source-r35/ex249/ex249_split_delta_pred/logs/ex249_split_delta_pred_extra_share.yosys.log; abc_log=student/work/ex245_ex249_frontend_source_round35_20260613_0800/local-fp8-source-r35/ex249/ex249_split_delta_pred/logs/ex249_ex249_split_delta_pred_extra_share_raw.abc.log; synth_sec=0.183; abc_sec=0.000; eval_sec=0.436
ex249,float_fp8,local-fp8-source-r35,ex249_ex249_split_delta_pred_extra_share_resyn2rs_area,FP8 source predicate/table restructuring,ex249_split_delta_pred + extra_share + resyn2rs_area,split delta table into shared inc1/inc2 predicates,ex249|fp8_source_restructure|ex249_split_delta_pred|split_delta_table_into_shared_inc1_inc2_predicates|extra_share|resyn2rs_area|official_evaluate|full_word,student/work/ex245_ex249_frontend_source_round35_20260613_0800/local-fp8-source-r35/ex249/ex249_split_delta_pred/verilog/ex249_split_delta_pred.v,student/work/ex245_ex249_frontend_source_round35_20260613_0800/local-fp8-source-r35/ex249/ex249_split_delta_pred/aigs/ex249_ex249_split_delta_pred_extra_share_resyn2rs_area.aig,1,not_run,173,28,4844,student/work/ex245_ex249_frontend_source_round35_20260613_0800/local-fp8-source-r35/ex249/ex249_split_delta_pred/logs/ex249_ex249_split_delta_pred_extra_share_resyn2rs_area.evaluate.py.log,official evaluate.py OK; yosys_log=student/work/ex245_ex249_frontend_source_round35_20260613_0800/local-fp8-source-r35/ex249/ex249_split_delta_pred/logs/ex249_split_delta_pred_extra_share.yosys.log; abc_log=student/work/ex245_ex249_frontend_source_round35_20260613_0800/local-fp8-source-r35/ex249/ex249_split_delta_pred/logs/ex249_ex249_split_delta_pred_extra_share_resyn2rs_area.abc.log; synth_sec=0.183; abc_sec=0.077; eval_sec=0.438
ex249,float_fp8,local-fp8-source-r35,ex249_ex249_split_delta_pred_extra_share_compress2rs_area,FP8 source predicate/table restructuring,ex249_split_delta_pred + extra_share + compress2rs_area,split delta table into shared inc1/inc2 predicates,ex249|fp8_source_restructure|ex249_split_delta_pred|split_delta_table_into_shared_inc1_inc2_predicates|extra_share|compress2rs_area|official_evaluate|full_word,student/work/ex245_ex249_frontend_source_round35_20260613_0800/local-fp8-source-r35/ex249/ex249_split_delta_pred/verilog/ex249_split_delta_pred.v,student/work/ex245_ex249_frontend_source_round35_20260613_0800/local-fp8-source-r35/ex249/ex249_split_delta_pred/aigs/ex249_ex249_split_delta_pred_extra_share_compress2rs_area.aig,1,not_run,172,29,4988,student/work/ex245_ex249_frontend_source_round35_20260613_0800/local-fp8-source-r35/ex249/ex249_split_delta_pred/logs/ex249_ex249_split_delta_pred_extra_share_compress2rs_area.evaluate.py.log,official evaluate.py OK; yosys_log=student/work/ex245_ex249_frontend_source_round35_20260613_0800/local-fp8-source-r35/ex249/ex249_split_delta_pred/logs/ex249_split_delta_pred_extra_share.yosys.log; abc_log=student/work/ex245_ex249_frontend_source_round35_20260613_0800/local-fp8-source-r35/ex249/ex249_split_delta_pred/logs/ex249_ex249_split_delta_pred_extra_share_compress2rs_area.abc.log; synth_sec=0.183; abc_sec=0.078; eval_sec=0.445
ex249,float_fp8,local-fp8-source-r35,ex249_ex249_split_delta_pred_abc_g_aig_raw,FP8 source predicate/table restructuring,ex249_split_delta_pred + abc_g_aig + raw,split delta table into shared inc1/inc2 predicates,ex249|fp8_source_restructure|ex249_split_delta_pred|split_delta_table_into_shared_inc1_inc2_predicates|abc_g_aig|raw|official_evaluate|full_word,student/work/ex245_ex249_frontend_source_round35_20260613_0800/local-fp8-source-r35/ex249/ex249_split_delta_pred/verilog/ex249_split_delta_pred.v,student/work/ex245_ex249_frontend_source_round35_20260613_0800/local-fp8-source-r35/ex249/ex249_split_delta_pred/aigs/ex249_ex249_split_delta_pred_abc_g_aig_raw.aig,1,not_run,175,28,4900,student/work/ex245_ex249_frontend_source_round35_20260613_0800/local-fp8-source-r35/ex249/ex249_split_delta_pred/logs/ex249_ex249_split_delta_pred_abc_g_aig_raw.evaluate.py.log,official evaluate.py OK; yosys_log=student/work/ex245_ex249_frontend_source_round35_20260613_0800/local-fp8-source-r35/ex249/ex249_split_delta_pred/logs/ex249_split_delta_pred_abc_g_aig.yosys.log; abc_log=student/work/ex245_ex249_frontend_source_round35_20260613_0800/local-fp8-source-r35/ex249/ex249_split_delta_pred/logs/ex249_ex249_split_delta_pred_abc_g_aig_raw.abc.log; synth_sec=0.193; abc_sec=0.000; eval_sec=0.444
ex249,float_fp8,local-fp8-source-r35,ex249_ex249_split_delta_pred_abc_g_aig_resyn2rs_area,FP8 source predicate/table restructuring,ex249_split_delta_pred + abc_g_aig + resyn2rs_area,split delta table into shared inc1/inc2 predicates,ex249|fp8_source_restructure|ex249_split_delta_pred|split_delta_table_into_shared_inc1_inc2_predicates|abc_g_aig|resyn2rs_area|official_evaluate|full_word,student/work/ex245_ex249_frontend_source_round35_20260613_0800/local-fp8-source-r35/ex249/ex249_split_delta_pred/verilog/ex249_split_delta_pred.v,student/work/ex245_ex249_frontend_source_round35_20260613_0800/local-fp8-source-r35/ex249/ex249_split_delta_pred/aigs/ex249_ex249_split_delta_pred_abc_g_aig_resyn2rs_area.aig,1,not_run,172,27,4644,student/work/ex245_ex249_frontend_source_round35_20260613_0800/local-fp8-source-r35/ex249/ex249_split_delta_pred/logs/ex249_ex249_split_delta_pred_abc_g_aig_resyn2rs_area.evaluate.py.log,official evaluate.py OK; yosys_log=student/work/ex245_ex249_frontend_source_round35_20260613_0800/local-fp8-source-r35/ex249/ex249_split_delta_pred/logs/ex249_split_delta_pred_abc_g_aig.yosys.log; abc_log=student/work/ex245_ex249_frontend_source_round35_20260613_0800/local-fp8-source-r35/ex249/ex249_split_delta_pred/logs/ex249_ex249_split_delta_pred_abc_g_aig_resyn2rs_area.abc.log; synth_sec=0.193; abc_sec=0.077; eval_sec=0.444
ex249,float_fp8,local-fp8-source-r35,ex249_ex249_split_delta_pred_abc_g_aig_compress2rs_area,FP8 source predicate/table restructuring,ex249_split_delta_pred + abc_g_aig + compress2rs_area,split delta table into shared inc1/inc2 predicates,ex249|fp8_source_restructure|ex249_split_delta_pred|split_delta_table_into_shared_inc1_inc2_predicates|abc_g_aig|compress2rs_area|official_evaluate|full_word,student/work/ex245_ex249_frontend_source_round35_20260613_0800/local-fp8-source-r35/ex249/ex249_split_delta_pred/verilog/ex249_split_delta_pred.v,student/work/ex245_ex249_frontend_source_round35_20260613_0800/local-fp8-source-r35/ex249/ex249_split_delta_pred/aigs/ex249_ex249_split_delta_pred_abc_g_aig_compress2rs_area.aig,1,not_run,172,30,5160,student/work/ex245_ex249_frontend_source_round35_20260613_0800/local-fp8-source-r35/ex249/ex249_split_delta_pred/logs/ex249_ex249_split_delta_pred_abc_g_aig_compress2rs_area.evaluate.py.log,official evaluate.py OK; yosys_log=student/work/ex245_ex249_frontend_source_round35_20260613_0800/local-fp8-source-r35/ex249/ex249_split_delta_pred/logs/ex249_split_delta_pred_abc_g_aig.yosys.log; abc_log=student/work/ex245_ex249_frontend_source_round35_20260613_0800/local-fp8-source-r35/ex249/ex249_split_delta_pred/logs/ex249_ex249_split_delta_pred_abc_g_aig_compress2rs_area.abc.log; synth_sec=0.193; abc_sec=0.077; eval_sec=0.440
ex249,float_fp8,local-fp8-source-r35,ex249_ex249_split_delta_pred_synth_preset_raw,FP8 source predicate/table restructuring,ex249_split_delta_pred + synth_preset + raw,split delta table into shared inc1/inc2 predicates,ex249|fp8_source_restructure|ex249_split_delta_pred|split_delta_table_into_shared_inc1_inc2_predicates|synth_preset|raw|official_evaluate|full_word,student/work/ex245_ex249_frontend_source_round35_20260613_0800/local-fp8-source-r35/ex249/ex249_split_delta_pred/verilog/ex249_split_delta_pred.v,student/work/ex245_ex249_frontend_source_round35_20260613_0800/local-fp8-source-r35/ex249/ex249_split_delta_pred/aigs/ex249_ex249_split_delta_pred_synth_preset_raw.aig,1,not_run,193,27,5211,student/work/ex245_ex249_frontend_source_round35_20260613_0800/local-fp8-source-r35/ex249/ex249_split_delta_pred/logs/ex249_ex249_split_delta_pred_synth_preset_raw.evaluate.py.log,official evaluate.py OK; yosys_log=student/work/ex245_ex249_frontend_source_round35_20260613_0800/local-fp8-source-r35/ex249/ex249_split_delta_pred/logs/ex249_split_delta_pred_synth_preset.yosys.log; abc_log=student/work/ex245_ex249_frontend_source_round35_20260613_0800/local-fp8-source-r35/ex249/ex249_split_delta_pred/logs/ex249_ex249_split_delta_pred_synth_preset_raw.abc.log; synth_sec=0.292; abc_sec=0.000; eval_sec=0.452
ex249,float_fp8,local-fp8-source-r35,ex249_ex249_split_delta_pred_synth_preset_resyn2rs_area,FP8 source predicate/table restructuring,ex249_split_delta_pred + synth_preset + resyn2rs_area,split delta table into shared inc1/inc2 predicates,ex249|fp8_source_restructure|ex249_split_delta_pred|split_delta_table_into_shared_inc1_inc2_predicates|synth_preset|resyn2rs_area|official_evaluate|full_word,student/work/ex245_ex249_frontend_source_round35_20260613_0800/local-fp8-source-r35/ex249/ex249_split_delta_pred/verilog/ex249_split_delta_pred.v,student/work/ex245_ex249_frontend_source_round35_20260613_0800/local-fp8-source-r35/ex249/ex249_split_delta_pred/aigs/ex249_ex249_split_delta_pred_synth_preset_resyn2rs_area.aig,1,not_run,176,27,4752,student/work/ex245_ex249_frontend_source_round35_20260613_0800/local-fp8-source-r35/ex249/ex249_split_delta_pred/logs/ex249_ex249_split_delta_pred_synth_preset_resyn2rs_area.evaluate.py.log,official evaluate.py OK; yosys_log=student/work/ex245_ex249_frontend_source_round35_20260613_0800/local-fp8-source-r35/ex249/ex249_split_delta_pred/logs/ex249_split_delta_pred_synth_preset.yosys.log; abc_log=student/work/ex245_ex249_frontend_source_round35_20260613_0800/local-fp8-source-r35/ex249/ex249_split_delta_pred/logs/ex249_ex249_split_delta_pred_synth_preset_resyn2rs_area.abc.log; synth_sec=0.292; abc_sec=0.079; eval_sec=0.440
ex249,float_fp8,local-fp8-source-r35,ex249_ex249_split_delta_pred_synth_preset_compress2rs_area,FP8 source predicate/table restructuring,ex249_split_delta_pred + synth_preset + compress2rs_area,split delta table into shared inc1/inc2 predicates,ex249|fp8_source_restructure|ex249_split_delta_pred|split_delta_table_into_shared_inc1_inc2_predicates|synth_preset|compress2rs_area|official_evaluate|full_word,student/work/ex245_ex249_frontend_source_round35_20260613_0800/local-fp8-source-r35/ex249/ex249_split_delta_pred/verilog/ex249_split_delta_pred.v,student/work/ex245_ex249_frontend_source_round35_20260613_0800/local-fp8-source-r35/ex249/ex249_split_delta_pred/aigs/ex249_ex249_split_delta_pred_synth_preset_compress2rs_area.aig,1,not_run,176,29,5104,student/work/ex245_ex249_frontend_source_round35_20260613_0800/local-fp8-source-r35/ex249/ex249_split_delta_pred/logs/ex249_ex249_split_delta_pred_synth_preset_compress2rs_area.evaluate.py.log,official evaluate.py OK; yosys_log=student/work/ex245_ex249_frontend_source_round35_20260613_0800/local-fp8-source-r35/ex249/ex249_split_delta_pred/logs/ex249_split_delta_pred_synth_preset.yosys.log; abc_log=student/work/ex245_ex249_frontend_source_round35_20260613_0800/local-fp8-source-r35/ex249/ex249_split_delta_pred/logs/ex249_ex249_split_delta_pred_synth_preset_compress2rs_area.abc.log; synth_sec=0.292; abc_sec=0.078; eval_sec=0.450
ex249,float_fp8,local-fp8-source-r35,ex249_ex249_inc_mux_delta_pred_default_raw,FP8 source predicate/table restructuring,ex249_inc_mux_delta_pred + default + raw,split delta predicates and mux plus-one/plus-two carry paths,ex249|fp8_source_restructure|ex249_inc_mux_delta_pred|split_delta_predicates_and_mux_plus_one_plus_two_carry_paths|default|raw|official_evaluate|full_word,student/work/ex245_ex249_frontend_source_round35_20260613_0800/local-fp8-source-r35/ex249/ex249_inc_mux_delta_pred/verilog/ex249_inc_mux_delta_pred.v,student/work/ex245_ex249_frontend_source_round35_20260613_0800/local-fp8-source-r35/ex249/ex249_inc_mux_delta_pred/aigs/ex249_ex249_inc_mux_delta_pred_default_raw.aig,1,not_run,203,30,6090,student/work/ex245_ex249_frontend_source_round35_20260613_0800/local-fp8-source-r35/ex249/ex249_inc_mux_delta_pred/logs/ex249_ex249_inc_mux_delta_pred_default_raw.evaluate.py.log,official evaluate.py OK; yosys_log=student/work/ex245_ex249_frontend_source_round35_20260613_0800/local-fp8-source-r35/ex249/ex249_inc_mux_delta_pred/logs/ex249_inc_mux_delta_pred_default.yosys.log; abc_log=student/work/ex245_ex249_frontend_source_round35_20260613_0800/local-fp8-source-r35/ex249/ex249_inc_mux_delta_pred/logs/ex249_ex249_inc_mux_delta_pred_default_raw.abc.log; synth_sec=0.189; abc_sec=0.000; eval_sec=0.450
ex249,float_fp8,local-fp8-source-r35,ex249_ex249_inc_mux_delta_pred_default_resyn2rs_area,FP8 source predicate/table restructuring,ex249_inc_mux_delta_pred + default + resyn2rs_area,split delta predicates and mux plus-one/plus-two carry paths,ex249|fp8_source_restructure|ex249_inc_mux_delta_pred|split_delta_predicates_and_mux_plus_one_plus_two_carry_paths|default|resyn2rs_area|official_evaluate|full_word,student/work/ex245_ex249_frontend_source_round35_20260613_0800/local-fp8-source-r35/ex249/ex249_inc_mux_delta_pred/verilog/ex249_inc_mux_delta_pred.v,student/work/ex245_ex249_frontend_source_round35_20260613_0800/local-fp8-source-r35/ex249/ex249_inc_mux_delta_pred/aigs/ex249_ex249_inc_mux_delta_pred_default_resyn2rs_area.aig,1,not_run,177,26,4602,student/work/ex245_ex249_frontend_source_round35_20260613_0800/local-fp8-source-r35/ex249/ex249_inc_mux_delta_pred/logs/ex249_ex249_inc_mux_delta_pred_default_resyn2rs_area.evaluate.py.log,official evaluate.py OK; yosys_log=student/work/ex245_ex249_frontend_source_round35_20260613_0800/local-fp8-source-r35/ex249/ex249_inc_mux_delta_pred/logs/ex249_inc_mux_delta_pred_default.yosys.log; abc_log=student/work/ex245_ex249_frontend_source_round35_20260613_0800/local-fp8-source-r35/ex249/ex249_inc_mux_delta_pred/logs/ex249_ex249_inc_mux_delta_pred_default_resyn2rs_area.abc.log; synth_sec=0.189; abc_sec=0.080; eval_sec=0.443
ex249,float_fp8,local-fp8-source-r35,ex249_ex249_inc_mux_delta_pred_default_compress2rs_area,FP8 source predicate/table restructuring,ex249_inc_mux_delta_pred + default + compress2rs_area,split delta predicates and mux plus-one/plus-two carry paths,ex249|fp8_source_restructure|ex249_inc_mux_delta_pred|split_delta_predicates_and_mux_plus_one_plus_two_carry_paths|default|compress2rs_area|official_evaluate|full_word,student/work/ex245_ex249_frontend_source_round35_20260613_0800/local-fp8-source-r35/ex249/ex249_inc_mux_delta_pred/verilog/ex249_inc_mux_delta_pred.v,student/work/ex245_ex249_frontend_source_round35_20260613_0800/local-fp8-source-r35/ex249/ex249_inc_mux_delta_pred/aigs/ex249_ex249_inc_mux_delta_pred_default_compress2rs_area.aig,1,not_run,173,28,4844,student/work/ex245_ex249_frontend_source_round35_20260613_0800/local-fp8-source-r35/ex249/ex249_inc_mux_delta_pred/logs/ex249_ex249_inc_mux_delta_pred_default_compress2rs_area.evaluate.py.log,official evaluate.py OK; yosys_log=student/work/ex245_ex249_frontend_source_round35_20260613_0800/local-fp8-source-r35/ex249/ex249_inc_mux_delta_pred/logs/ex249_inc_mux_delta_pred_default.yosys.log; abc_log=student/work/ex245_ex249_frontend_source_round35_20260613_0800/local-fp8-source-r35/ex249/ex249_inc_mux_delta_pred/logs/ex249_ex249_inc_mux_delta_pred_default_compress2rs_area.abc.log; synth_sec=0.189; abc_sec=0.078; eval_sec=0.468
ex249,float_fp8,local-fp8-source-r35,ex249_ex249_inc_mux_delta_pred_extra_share_raw,FP8 source predicate/table restructuring,ex249_inc_mux_delta_pred + extra_share + raw,split delta predicates and mux plus-one/plus-two carry paths,ex249|fp8_source_restructure|ex249_inc_mux_delta_pred|split_delta_predicates_and_mux_plus_one_plus_two_carry_paths|extra_share|raw|official_evaluate|full_word,student/work/ex245_ex249_frontend_source_round35_20260613_0800/local-fp8-source-r35/ex249/ex249_inc_mux_delta_pred/verilog/ex249_inc_mux_delta_pred.v,student/work/ex245_ex249_frontend_source_round35_20260613_0800/local-fp8-source-r35/ex249/ex249_inc_mux_delta_pred/aigs/ex249_ex249_inc_mux_delta_pred_extra_share_raw.aig,1,not_run,191,29,5539,student/work/ex245_ex249_frontend_source_round35_20260613_0800/local-fp8-source-r35/ex249/ex249_inc_mux_delta_pred/logs/ex249_ex249_inc_mux_delta_pred_extra_share_raw.evaluate.py.log,official evaluate.py OK; yosys_log=student/work/ex245_ex249_frontend_source_round35_20260613_0800/local-fp8-source-r35/ex249/ex249_inc_mux_delta_pred/logs/ex249_inc_mux_delta_pred_extra_share.yosys.log; abc_log=student/work/ex245_ex249_frontend_source_round35_20260613_0800/local-fp8-source-r35/ex249/ex249_inc_mux_delta_pred/logs/ex249_ex249_inc_mux_delta_pred_extra_share_raw.abc.log; synth_sec=0.224; abc_sec=0.000; eval_sec=0.491
ex249,float_fp8,local-fp8-source-r35,ex249_ex249_inc_mux_delta_pred_extra_share_resyn2rs_area,FP8 source predicate/table restructuring,ex249_inc_mux_delta_pred + extra_share + resyn2rs_area,split delta predicates and mux plus-one/plus-two carry paths,ex249|fp8_source_restructure|ex249_inc_mux_delta_pred|split_delta_predicates_and_mux_plus_one_plus_two_carry_paths|extra_share|resyn2rs_area|official_evaluate|full_word,student/work/ex245_ex249_frontend_source_round35_20260613_0800/local-fp8-source-r35/ex249/ex249_inc_mux_delta_pred/verilog/ex249_inc_mux_delta_pred.v,student/work/ex245_ex249_frontend_source_round35_20260613_0800/local-fp8-source-r35/ex249/ex249_inc_mux_delta_pred/aigs/ex249_ex249_inc_mux_delta_pred_extra_share_resyn2rs_area.aig,1,not_run,169,26,4394,student/work/ex245_ex249_frontend_source_round35_20260613_0800/local-fp8-source-r35/ex249/ex249_inc_mux_delta_pred/logs/ex249_ex249_inc_mux_delta_pred_extra_share_resyn2rs_area.evaluate.py.log,official evaluate.py OK; yosys_log=student/work/ex245_ex249_frontend_source_round35_20260613_0800/local-fp8-source-r35/ex249/ex249_inc_mux_delta_pred/logs/ex249_inc_mux_delta_pred_extra_share.yosys.log; abc_log=student/work/ex245_ex249_frontend_source_round35_20260613_0800/local-fp8-source-r35/ex249/ex249_inc_mux_delta_pred/logs/ex249_ex249_inc_mux_delta_pred_extra_share_resyn2rs_area.abc.log; synth_sec=0.224; abc_sec=0.111; eval_sec=0.462
ex249,float_fp8,local-fp8-source-r35,ex249_ex249_inc_mux_delta_pred_extra_share_compress2rs_area,FP8 source predicate/table restructuring,ex249_inc_mux_delta_pred + extra_share + compress2rs_area,split delta predicates and mux plus-one/plus-two carry paths,ex249|fp8_source_restructure|ex249_inc_mux_delta_pred|split_delta_predicates_and_mux_plus_one_plus_two_carry_paths|extra_share|compress2rs_area|official_evaluate|full_word,student/work/ex245_ex249_frontend_source_round35_20260613_0800/local-fp8-source-r35/ex249/ex249_inc_mux_delta_pred/verilog/ex249_inc_mux_delta_pred.v,student/work/ex245_ex249_frontend_source_round35_20260613_0800/local-fp8-source-r35/ex249/ex249_inc_mux_delta_pred/aigs/ex249_ex249_inc_mux_delta_pred_extra_share_compress2rs_area.aig,1,not_run,169,27,4563,student/work/ex245_ex249_frontend_source_round35_20260613_0800/local-fp8-source-r35/ex249/ex249_inc_mux_delta_pred/logs/ex249_ex249_inc_mux_delta_pred_extra_share_compress2rs_area.evaluate.py.log,official evaluate.py OK; yosys_log=student/work/ex245_ex249_frontend_source_round35_20260613_0800/local-fp8-source-r35/ex249/ex249_inc_mux_delta_pred/logs/ex249_inc_mux_delta_pred_extra_share.yosys.log; abc_log=student/work/ex245_ex249_frontend_source_round35_20260613_0800/local-fp8-source-r35/ex249/ex249_inc_mux_delta_pred/logs/ex249_ex249_inc_mux_delta_pred_extra_share_compress2rs_area.abc.log; synth_sec=0.224; abc_sec=0.108; eval_sec=0.443
ex249,float_fp8,local-fp8-source-r35,ex249_ex249_inc_mux_delta_pred_abc_g_aig_raw,FP8 source predicate/table restructuring,ex249_inc_mux_delta_pred + abc_g_aig + raw,split delta predicates and mux plus-one/plus-two carry paths,ex249|fp8_source_restructure|ex249_inc_mux_delta_pred|split_delta_predicates_and_mux_plus_one_plus_two_carry_paths|abc_g_aig|raw|official_evaluate|full_word,student/work/ex245_ex249_frontend_source_round35_20260613_0800/local-fp8-source-r35/ex249/ex249_inc_mux_delta_pred/verilog/ex249_inc_mux_delta_pred.v,student/work/ex245_ex249_frontend_source_round35_20260613_0800/local-fp8-source-r35/ex249/ex249_inc_mux_delta_pred/aigs/ex249_ex249_inc_mux_delta_pred_abc_g_aig_raw.aig,1,not_run,174,28,4872,student/work/ex245_ex249_frontend_source_round35_20260613_0800/local-fp8-source-r35/ex249/ex249_inc_mux_delta_pred/logs/ex249_ex249_inc_mux_delta_pred_abc_g_aig_raw.evaluate.py.log,official evaluate.py OK; yosys_log=student/work/ex245_ex249_frontend_source_round35_20260613_0800/local-fp8-source-r35/ex249/ex249_inc_mux_delta_pred/logs/ex249_inc_mux_delta_pred_abc_g_aig.yosys.log; abc_log=student/work/ex245_ex249_frontend_source_round35_20260613_0800/local-fp8-source-r35/ex249/ex249_inc_mux_delta_pred/logs/ex249_ex249_inc_mux_delta_pred_abc_g_aig_raw.abc.log; synth_sec=0.190; abc_sec=0.000; eval_sec=0.440
ex249,float_fp8,local-fp8-source-r35,ex249_ex249_inc_mux_delta_pred_abc_g_aig_resyn2rs_area,FP8 source predicate/table restructuring,ex249_inc_mux_delta_pred + abc_g_aig + resyn2rs_area,split delta predicates and mux plus-one/plus-two carry paths,ex249|fp8_source_restructure|ex249_inc_mux_delta_pred|split_delta_predicates_and_mux_plus_one_plus_two_carry_paths|abc_g_aig|resyn2rs_area|official_evaluate|full_word,student/work/ex245_ex249_frontend_source_round35_20260613_0800/local-fp8-source-r35/ex249/ex249_inc_mux_delta_pred/verilog/ex249_inc_mux_delta_pred.v,student/work/ex245_ex249_frontend_source_round35_20260613_0800/local-fp8-source-r35/ex249/ex249_inc_mux_delta_pred/aigs/ex249_ex249_inc_mux_delta_pred_abc_g_aig_resyn2rs_area.aig,1,not_run,173,26,4498,student/work/ex245_ex249_frontend_source_round35_20260613_0800/local-fp8-source-r35/ex249/ex249_inc_mux_delta_pred/logs/ex249_ex249_inc_mux_delta_pred_abc_g_aig_resyn2rs_area.evaluate.py.log,official evaluate.py OK; yosys_log=student/work/ex245_ex249_frontend_source_round35_20260613_0800/local-fp8-source-r35/ex249/ex249_inc_mux_delta_pred/logs/ex249_inc_mux_delta_pred_abc_g_aig.yosys.log; abc_log=student/work/ex245_ex249_frontend_source_round35_20260613_0800/local-fp8-source-r35/ex249/ex249_inc_mux_delta_pred/logs/ex249_ex249_inc_mux_delta_pred_abc_g_aig_resyn2rs_area.abc.log; synth_sec=0.190; abc_sec=0.078; eval_sec=0.442
ex249,float_fp8,local-fp8-source-r35,ex249_ex249_inc_mux_delta_pred_abc_g_aig_compress2rs_area,FP8 source predicate/table restructuring,ex249_inc_mux_delta_pred + abc_g_aig + compress2rs_area,split delta predicates and mux plus-one/plus-two carry paths,ex249|fp8_source_restructure|ex249_inc_mux_delta_pred|split_delta_predicates_and_mux_plus_one_plus_two_carry_paths|abc_g_aig|compress2rs_area|official_evaluate|full_word,student/work/ex245_ex249_frontend_source_round35_20260613_0800/local-fp8-source-r35/ex249/ex249_inc_mux_delta_pred/verilog/ex249_inc_mux_delta_pred.v,student/work/ex245_ex249_frontend_source_round35_20260613_0800/local-fp8-source-r35/ex249/ex249_inc_mux_delta_pred/aigs/ex249_ex249_inc_mux_delta_pred_abc_g_aig_compress2rs_area.aig,1,not_run,170,27,4590,student/work/ex245_ex249_frontend_source_round35_20260613_0800/local-fp8-source-r35/ex249/ex249_inc_mux_delta_pred/logs/ex249_ex249_inc_mux_delta_pred_abc_g_aig_compress2rs_area.evaluate.py.log,official evaluate.py OK; yosys_log=student/work/ex245_ex249_frontend_source_round35_20260613_0800/local-fp8-source-r35/ex249/ex249_inc_mux_delta_pred/logs/ex249_inc_mux_delta_pred_abc_g_aig.yosys.log; abc_log=student/work/ex245_ex249_frontend_source_round35_20260613_0800/local-fp8-source-r35/ex249/ex249_inc_mux_delta_pred/logs/ex249_ex249_inc_mux_delta_pred_abc_g_aig_compress2rs_area.abc.log; synth_sec=0.190; abc_sec=0.077; eval_sec=0.438
ex249,float_fp8,local-fp8-source-r35,ex249_ex249_inc_mux_delta_pred_synth_preset_raw,FP8 source predicate/table restructuring,ex249_inc_mux_delta_pred + synth_preset + raw,split delta predicates and mux plus-one/plus-two carry paths,ex249|fp8_source_restructure|ex249_inc_mux_delta_pred|split_delta_predicates_and_mux_plus_one_plus_two_carry_paths|synth_preset|raw|official_evaluate|full_word,student/work/ex245_ex249_frontend_source_round35_20260613_0800/local-fp8-source-r35/ex249/ex249_inc_mux_delta_pred/verilog/ex249_inc_mux_delta_pred.v,student/work/ex245_ex249_frontend_source_round35_20260613_0800/local-fp8-source-r35/ex249/ex249_inc_mux_delta_pred/aigs/ex249_ex249_inc_mux_delta_pred_synth_preset_raw.aig,1,not_run,190,28,5320,student/work/ex245_ex249_frontend_source_round35_20260613_0800/local-fp8-source-r35/ex249/ex249_inc_mux_delta_pred/logs/ex249_ex249_inc_mux_delta_pred_synth_preset_raw.evaluate.py.log,official evaluate.py OK; yosys_log=student/work/ex245_ex249_frontend_source_round35_20260613_0800/local-fp8-source-r35/ex249/ex249_inc_mux_delta_pred/logs/ex249_inc_mux_delta_pred_synth_preset.yosys.log; abc_log=student/work/ex245_ex249_frontend_source_round35_20260613_0800/local-fp8-source-r35/ex249/ex249_inc_mux_delta_pred/logs/ex249_ex249_inc_mux_delta_pred_synth_preset_raw.abc.log; synth_sec=0.298; abc_sec=0.000; eval_sec=0.443
ex249,float_fp8,local-fp8-source-r35,ex249_ex249_inc_mux_delta_pred_synth_preset_resyn2rs_area,FP8 source predicate/table restructuring,ex249_inc_mux_delta_pred + synth_preset + resyn2rs_area,split delta predicates and mux plus-one/plus-two carry paths,ex249|fp8_source_restructure|ex249_inc_mux_delta_pred|split_delta_predicates_and_mux_plus_one_plus_two_carry_paths|synth_preset|resyn2rs_area|official_evaluate|full_word,student/work/ex245_ex249_frontend_source_round35_20260613_0800/local-fp8-source-r35/ex249/ex249_inc_mux_delta_pred/verilog/ex249_inc_mux_delta_pred.v,student/work/ex245_ex249_frontend_source_round35_20260613_0800/local-fp8-source-r35/ex249/ex249_inc_mux_delta_pred/aigs/ex249_ex249_inc_mux_delta_pred_synth_preset_resyn2rs_area.aig,1,not_run,166,28,4648,student/work/ex245_ex249_frontend_source_round35_20260613_0800/local-fp8-source-r35/ex249/ex249_inc_mux_delta_pred/logs/ex249_ex249_inc_mux_delta_pred_synth_preset_resyn2rs_area.evaluate.py.log,official evaluate.py OK; yosys_log=student/work/ex245_ex249_frontend_source_round35_20260613_0800/local-fp8-source-r35/ex249/ex249_inc_mux_delta_pred/logs/ex249_inc_mux_delta_pred_synth_preset.yosys.log; abc_log=student/work/ex245_ex249_frontend_source_round35_20260613_0800/local-fp8-source-r35/ex249/ex249_inc_mux_delta_pred/logs/ex249_ex249_inc_mux_delta_pred_synth_preset_resyn2rs_area.abc.log; synth_sec=0.298; abc_sec=0.076; eval_sec=0.456
ex249,float_fp8,local-fp8-source-r35,ex249_ex249_inc_mux_delta_pred_synth_preset_compress2rs_area,FP8 source predicate/table restructuring,ex249_inc_mux_delta_pred + synth_preset + compress2rs_area,split delta predicates and mux plus-one/plus-two carry paths,ex249|fp8_source_restructure|ex249_inc_mux_delta_pred|split_delta_predicates_and_mux_plus_one_plus_two_carry_paths|synth_preset|compress2rs_area|official_evaluate|full_word,student/work/ex245_ex249_frontend_source_round35_20260613_0800/local-fp8-source-r35/ex249/ex249_inc_mux_delta_pred/verilog/ex249_inc_mux_delta_pred.v,student/work/ex245_ex249_frontend_source_round35_20260613_0800/local-fp8-source-r35/ex249/ex249_inc_mux_delta_pred/aigs/ex249_ex249_inc_mux_delta_pred_synth_preset_compress2rs_area.aig,1,not_run,168,28,4704,student/work/ex245_ex249_frontend_source_round35_20260613_0800/local-fp8-source-r35/ex249/ex249_inc_mux_delta_pred/logs/ex249_ex249_inc_mux_delta_pred_synth_preset_compress2rs_area.evaluate.py.log,official evaluate.py OK; yosys_log=student/work/ex245_ex249_frontend_source_round35_20260613_0800/local-fp8-source-r35/ex249/ex249_inc_mux_delta_pred/logs/ex249_inc_mux_delta_pred_synth_preset.yosys.log; abc_log=student/work/ex245_ex249_frontend_source_round35_20260613_0800/local-fp8-source-r35/ex249/ex249_inc_mux_delta_pred/logs/ex249_ex249_inc_mux_delta_pred_synth_preset_compress2rs_area.abc.log; synth_sec=0.298; abc_sec=0.081; eval_sec=0.437
ex249,float_fp8,local-fp8-source-r35,ex249_ex249_effgap_split_delta_default_raw,FP8 source predicate/table restructuring,ex249_effgap_split_delta + default + raw,effective exponent gap plus split inc predicates,ex249|fp8_source_restructure|ex249_effgap_split_delta|effective_exponent_gap_plus_split_inc_predicates|default|raw|official_evaluate|full_word,student/work/ex245_ex249_frontend_source_round35_20260613_0800/local-fp8-source-r35/ex249/ex249_effgap_split_delta/verilog/ex249_effgap_split_delta.v,student/work/ex245_ex249_frontend_source_round35_20260613_0800/local-fp8-source-r35/ex249/ex249_effgap_split_delta/aigs/ex249_ex249_effgap_split_delta_default_raw.aig,1,not_run,186,30,5580,student/work/ex245_ex249_frontend_source_round35_20260613_0800/local-fp8-source-r35/ex249/ex249_effgap_split_delta/logs/ex249_ex249_effgap_split_delta_default_raw.evaluate.py.log,official evaluate.py OK; yosys_log=student/work/ex245_ex249_frontend_source_round35_20260613_0800/local-fp8-source-r35/ex249/ex249_effgap_split_delta/logs/ex249_effgap_split_delta_default.yosys.log; abc_log=student/work/ex245_ex249_frontend_source_round35_20260613_0800/local-fp8-source-r35/ex249/ex249_effgap_split_delta/logs/ex249_ex249_effgap_split_delta_default_raw.abc.log; synth_sec=0.187; abc_sec=0.000; eval_sec=0.438
ex249,float_fp8,local-fp8-source-r35,ex249_ex249_effgap_split_delta_default_resyn2rs_area,FP8 source predicate/table restructuring,ex249_effgap_split_delta + default + resyn2rs_area,effective exponent gap plus split inc predicates,ex249|fp8_source_restructure|ex249_effgap_split_delta|effective_exponent_gap_plus_split_inc_predicates|default|resyn2rs_area|official_evaluate|full_word,student/work/ex245_ex249_frontend_source_round35_20260613_0800/local-fp8-source-r35/ex249/ex249_effgap_split_delta/verilog/ex249_effgap_split_delta.v,student/work/ex245_ex249_frontend_source_round35_20260613_0800/local-fp8-source-r35/ex249/ex249_effgap_split_delta/aigs/ex249_ex249_effgap_split_delta_default_resyn2rs_area.aig,1,not_run,172,27,4644,student/work/ex245_ex249_frontend_source_round35_20260613_0800/local-fp8-source-r35/ex249/ex249_effgap_split_delta/logs/ex249_ex249_effgap_split_delta_default_resyn2rs_area.evaluate.py.log,official evaluate.py OK; yosys_log=student/work/ex245_ex249_frontend_source_round35_20260613_0800/local-fp8-source-r35/ex249/ex249_effgap_split_delta/logs/ex249_effgap_split_delta_default.yosys.log; abc_log=student/work/ex245_ex249_frontend_source_round35_20260613_0800/local-fp8-source-r35/ex249/ex249_effgap_split_delta/logs/ex249_ex249_effgap_split_delta_default_resyn2rs_area.abc.log; synth_sec=0.187; abc_sec=0.077; eval_sec=0.441
ex249,float_fp8,local-fp8-source-r35,ex249_ex249_effgap_split_delta_default_compress2rs_area,FP8 source predicate/table restructuring,ex249_effgap_split_delta + default + compress2rs_area,effective exponent gap plus split inc predicates,ex249|fp8_source_restructure|ex249_effgap_split_delta|effective_exponent_gap_plus_split_inc_predicates|default|compress2rs_area|official_evaluate|full_word,student/work/ex245_ex249_frontend_source_round35_20260613_0800/local-fp8-source-r35/ex249/ex249_effgap_split_delta/verilog/ex249_effgap_split_delta.v,student/work/ex245_ex249_frontend_source_round35_20260613_0800/local-fp8-source-r35/ex249/ex249_effgap_split_delta/aigs/ex249_ex249_effgap_split_delta_default_compress2rs_area.aig,1,not_run,172,28,4816,student/work/ex245_ex249_frontend_source_round35_20260613_0800/local-fp8-source-r35/ex249/ex249_effgap_split_delta/logs/ex249_ex249_effgap_split_delta_default_compress2rs_area.evaluate.py.log,official evaluate.py OK; yosys_log=student/work/ex245_ex249_frontend_source_round35_20260613_0800/local-fp8-source-r35/ex249/ex249_effgap_split_delta/logs/ex249_effgap_split_delta_default.yosys.log; abc_log=student/work/ex245_ex249_frontend_source_round35_20260613_0800/local-fp8-source-r35/ex249/ex249_effgap_split_delta/logs/ex249_ex249_effgap_split_delta_default_compress2rs_area.abc.log; synth_sec=0.187; abc_sec=0.084; eval_sec=0.439
ex249,float_fp8,local-fp8-source-r35,ex249_ex249_effgap_split_delta_extra_share_raw,FP8 source predicate/table restructuring,ex249_effgap_split_delta + extra_share + raw,effective exponent gap plus split inc predicates,ex249|fp8_source_restructure|ex249_effgap_split_delta|effective_exponent_gap_plus_split_inc_predicates|extra_share|raw|official_evaluate|full_word,student/work/ex245_ex249_frontend_source_round35_20260613_0800/local-fp8-source-r35/ex249/ex249_effgap_split_delta/verilog/ex249_effgap_split_delta.v,student/work/ex245_ex249_frontend_source_round35_20260613_0800/local-fp8-source-r35/ex249/ex249_effgap_split_delta/aigs/ex249_ex249_effgap_split_delta_extra_share_raw.aig,1,not_run,189,29,5481,student/work/ex245_ex249_frontend_source_round35_20260613_0800/local-fp8-source-r35/ex249/ex249_effgap_split_delta/logs/ex249_ex249_effgap_split_delta_extra_share_raw.evaluate.py.log,official evaluate.py OK; yosys_log=student/work/ex245_ex249_frontend_source_round35_20260613_0800/local-fp8-source-r35/ex249/ex249_effgap_split_delta/logs/ex249_effgap_split_delta_extra_share.yosys.log; abc_log=student/work/ex245_ex249_frontend_source_round35_20260613_0800/local-fp8-source-r35/ex249/ex249_effgap_split_delta/logs/ex249_ex249_effgap_split_delta_extra_share_raw.abc.log; synth_sec=0.187; abc_sec=0.000; eval_sec=0.443
ex249,float_fp8,local-fp8-source-r35,ex249_ex249_effgap_split_delta_extra_share_resyn2rs_area,FP8 source predicate/table restructuring,ex249_effgap_split_delta + extra_share + resyn2rs_area,effective exponent gap plus split inc predicates,ex249|fp8_source_restructure|ex249_effgap_split_delta|effective_exponent_gap_plus_split_inc_predicates|extra_share|resyn2rs_area|official_evaluate|full_word,student/work/ex245_ex249_frontend_source_round35_20260613_0800/local-fp8-source-r35/ex249/ex249_effgap_split_delta/verilog/ex249_effgap_split_delta.v,student/work/ex245_ex249_frontend_source_round35_20260613_0800/local-fp8-source-r35/ex249/ex249_effgap_split_delta/aigs/ex249_ex249_effgap_split_delta_extra_share_resyn2rs_area.aig,1,not_run,169,28,4732,student/work/ex245_ex249_frontend_source_round35_20260613_0800/local-fp8-source-r35/ex249/ex249_effgap_split_delta/logs/ex249_ex249_effgap_split_delta_extra_share_resyn2rs_area.evaluate.py.log,official evaluate.py OK; yosys_log=student/work/ex245_ex249_frontend_source_round35_20260613_0800/local-fp8-source-r35/ex249/ex249_effgap_split_delta/logs/ex249_effgap_split_delta_extra_share.yosys.log; abc_log=student/work/ex245_ex249_frontend_source_round35_20260613_0800/local-fp8-source-r35/ex249/ex249_effgap_split_delta/logs/ex249_ex249_effgap_split_delta_extra_share_resyn2rs_area.abc.log; synth_sec=0.187; abc_sec=0.085; eval_sec=0.440
ex249,float_fp8,local-fp8-source-r35,ex249_ex249_effgap_split_delta_extra_share_compress2rs_area,FP8 source predicate/table restructuring,ex249_effgap_split_delta + extra_share + compress2rs_area,effective exponent gap plus split inc predicates,ex249|fp8_source_restructure|ex249_effgap_split_delta|effective_exponent_gap_plus_split_inc_predicates|extra_share|compress2rs_area|official_evaluate|full_word,student/work/ex245_ex249_frontend_source_round35_20260613_0800/local-fp8-source-r35/ex249/ex249_effgap_split_delta/verilog/ex249_effgap_split_delta.v,student/work/ex245_ex249_frontend_source_round35_20260613_0800/local-fp8-source-r35/ex249/ex249_effgap_split_delta/aigs/ex249_ex249_effgap_split_delta_extra_share_compress2rs_area.aig,1,not_run,169,29,4901,student/work/ex245_ex249_frontend_source_round35_20260613_0800/local-fp8-source-r35/ex249/ex249_effgap_split_delta/logs/ex249_ex249_effgap_split_delta_extra_share_compress2rs_area.evaluate.py.log,official evaluate.py OK; yosys_log=student/work/ex245_ex249_frontend_source_round35_20260613_0800/local-fp8-source-r35/ex249/ex249_effgap_split_delta/logs/ex249_effgap_split_delta_extra_share.yosys.log; abc_log=student/work/ex245_ex249_frontend_source_round35_20260613_0800/local-fp8-source-r35/ex249/ex249_effgap_split_delta/logs/ex249_ex249_effgap_split_delta_extra_share_compress2rs_area.abc.log; synth_sec=0.187; abc_sec=0.079; eval_sec=0.442
ex249,float_fp8,local-fp8-source-r35,ex249_ex249_effgap_split_delta_abc_g_aig_raw,FP8 source predicate/table restructuring,ex249_effgap_split_delta + abc_g_aig + raw,effective exponent gap plus split inc predicates,ex249|fp8_source_restructure|ex249_effgap_split_delta|effective_exponent_gap_plus_split_inc_predicates|abc_g_aig|raw|official_evaluate|full_word,student/work/ex245_ex249_frontend_source_round35_20260613_0800/local-fp8-source-r35/ex249/ex249_effgap_split_delta/verilog/ex249_effgap_split_delta.v,student/work/ex245_ex249_frontend_source_round35_20260613_0800/local-fp8-source-r35/ex249/ex249_effgap_split_delta/aigs/ex249_ex249_effgap_split_delta_abc_g_aig_raw.aig,1,not_run,174,30,5220,student/work/ex245_ex249_frontend_source_round35_20260613_0800/local-fp8-source-r35/ex249/ex249_effgap_split_delta/logs/ex249_ex249_effgap_split_delta_abc_g_aig_raw.evaluate.py.log,official evaluate.py OK; yosys_log=student/work/ex245_ex249_frontend_source_round35_20260613_0800/local-fp8-source-r35/ex249/ex249_effgap_split_delta/logs/ex249_effgap_split_delta_abc_g_aig.yosys.log; abc_log=student/work/ex245_ex249_frontend_source_round35_20260613_0800/local-fp8-source-r35/ex249/ex249_effgap_split_delta/logs/ex249_ex249_effgap_split_delta_abc_g_aig_raw.abc.log; synth_sec=0.186; abc_sec=0.000; eval_sec=0.454
ex249,float_fp8,local-fp8-source-r35,ex249_ex249_effgap_split_delta_abc_g_aig_resyn2rs_area,FP8 source predicate/table restructuring,ex249_effgap_split_delta + abc_g_aig + resyn2rs_area,effective exponent gap plus split inc predicates,ex249|fp8_source_restructure|ex249_effgap_split_delta|effective_exponent_gap_plus_split_inc_predicates|abc_g_aig|resyn2rs_area|official_evaluate|full_word,student/work/ex245_ex249_frontend_source_round35_20260613_0800/local-fp8-source-r35/ex249/ex249_effgap_split_delta/verilog/ex249_effgap_split_delta.v,student/work/ex245_ex249_frontend_source_round35_20260613_0800/local-fp8-source-r35/ex249/ex249_effgap_split_delta/aigs/ex249_ex249_effgap_split_delta_abc_g_aig_resyn2rs_area.aig,1,not_run,172,27,4644,student/work/ex245_ex249_frontend_source_round35_20260613_0800/local-fp8-source-r35/ex249/ex249_effgap_split_delta/logs/ex249_ex249_effgap_split_delta_abc_g_aig_resyn2rs_area.evaluate.py.log,official evaluate.py OK; yosys_log=student/work/ex245_ex249_frontend_source_round35_20260613_0800/local-fp8-source-r35/ex249/ex249_effgap_split_delta/logs/ex249_effgap_split_delta_abc_g_aig.yosys.log; abc_log=student/work/ex245_ex249_frontend_source_round35_20260613_0800/local-fp8-source-r35/ex249/ex249_effgap_split_delta/logs/ex249_ex249_effgap_split_delta_abc_g_aig_resyn2rs_area.abc.log; synth_sec=0.186; abc_sec=0.082; eval_sec=0.443
ex249,float_fp8,local-fp8-source-r35,ex249_ex249_effgap_split_delta_abc_g_aig_compress2rs_area,FP8 source predicate/table restructuring,ex249_effgap_split_delta + abc_g_aig + compress2rs_area,effective exponent gap plus split inc predicates,ex249|fp8_source_restructure|ex249_effgap_split_delta|effective_exponent_gap_plus_split_inc_predicates|abc_g_aig|compress2rs_area|official_evaluate|full_word,student/work/ex245_ex249_frontend_source_round35_20260613_0800/local-fp8-source-r35/ex249/ex249_effgap_split_delta/verilog/ex249_effgap_split_delta.v,student/work/ex245_ex249_frontend_source_round35_20260613_0800/local-fp8-source-r35/ex249/ex249_effgap_split_delta/aigs/ex249_ex249_effgap_split_delta_abc_g_aig_compress2rs_area.aig,1,not_run,172,28,4816,student/work/ex245_ex249_frontend_source_round35_20260613_0800/local-fp8-source-r35/ex249/ex249_effgap_split_delta/logs/ex249_ex249_effgap_split_delta_abc_g_aig_compress2rs_area.evaluate.py.log,official evaluate.py OK; yosys_log=student/work/ex245_ex249_frontend_source_round35_20260613_0800/local-fp8-source-r35/ex249/ex249_effgap_split_delta/logs/ex249_effgap_split_delta_abc_g_aig.yosys.log; abc_log=student/work/ex245_ex249_frontend_source_round35_20260613_0800/local-fp8-source-r35/ex249/ex249_effgap_split_delta/logs/ex249_ex249_effgap_split_delta_abc_g_aig_compress2rs_area.abc.log; synth_sec=0.186; abc_sec=0.077; eval_sec=0.447
ex249,float_fp8,local-fp8-source-r35,ex249_ex249_effgap_split_delta_synth_preset_raw,FP8 source predicate/table restructuring,ex249_effgap_split_delta + synth_preset + raw,effective exponent gap plus split inc predicates,ex249|fp8_source_restructure|ex249_effgap_split_delta|effective_exponent_gap_plus_split_inc_predicates|synth_preset|raw|official_evaluate|full_word,student/work/ex245_ex249_frontend_source_round35_20260613_0800/local-fp8-source-r35/ex249/ex249_effgap_split_delta/verilog/ex249_effgap_split_delta.v,student/work/ex245_ex249_frontend_source_round35_20260613_0800/local-fp8-source-r35/ex249/ex249_effgap_split_delta/aigs/ex249_ex249_effgap_split_delta_synth_preset_raw.aig,1,not_run,176,29,5104,student/work/ex245_ex249_frontend_source_round35_20260613_0800/local-fp8-source-r35/ex249/ex249_effgap_split_delta/logs/ex249_ex249_effgap_split_delta_synth_preset_raw.evaluate.py.log,official evaluate.py OK; yosys_log=student/work/ex245_ex249_frontend_source_round35_20260613_0800/local-fp8-source-r35/ex249/ex249_effgap_split_delta/logs/ex249_effgap_split_delta_synth_preset.yosys.log; abc_log=student/work/ex245_ex249_frontend_source_round35_20260613_0800/local-fp8-source-r35/ex249/ex249_effgap_split_delta/logs/ex249_ex249_effgap_split_delta_synth_preset_raw.abc.log; synth_sec=0.288; abc_sec=0.000; eval_sec=0.439
ex249,float_fp8,local-fp8-source-r35,ex249_ex249_effgap_split_delta_synth_preset_resyn2rs_area,FP8 source predicate/table restructuring,ex249_effgap_split_delta + synth_preset + resyn2rs_area,effective exponent gap plus split inc predicates,ex249|fp8_source_restructure|ex249_effgap_split_delta|effective_exponent_gap_plus_split_inc_predicates|synth_preset|resyn2rs_area|official_evaluate|full_word,student/work/ex245_ex249_frontend_source_round35_20260613_0800/local-fp8-source-r35/ex249/ex249_effgap_split_delta/verilog/ex249_effgap_split_delta.v,student/work/ex245_ex249_frontend_source_round35_20260613_0800/local-fp8-source-r35/ex249/ex249_effgap_split_delta/aigs/ex249_ex249_effgap_split_delta_synth_preset_resyn2rs_area.aig,1,not_run,169,28,4732,student/work/ex245_ex249_frontend_source_round35_20260613_0800/local-fp8-source-r35/ex249/ex249_effgap_split_delta/logs/ex249_ex249_effgap_split_delta_synth_preset_resyn2rs_area.evaluate.py.log,official evaluate.py OK; yosys_log=student/work/ex245_ex249_frontend_source_round35_20260613_0800/local-fp8-source-r35/ex249/ex249_effgap_split_delta/logs/ex249_effgap_split_delta_synth_preset.yosys.log; abc_log=student/work/ex245_ex249_frontend_source_round35_20260613_0800/local-fp8-source-r35/ex249/ex249_effgap_split_delta/logs/ex249_ex249_effgap_split_delta_synth_preset_resyn2rs_area.abc.log; synth_sec=0.288; abc_sec=0.076; eval_sec=0.437
ex249,float_fp8,local-fp8-source-r35,ex249_ex249_effgap_split_delta_synth_preset_compress2rs_area,FP8 source predicate/table restructuring,ex249_effgap_split_delta + synth_preset + compress2rs_area,effective exponent gap plus split inc predicates,ex249|fp8_source_restructure|ex249_effgap_split_delta|effective_exponent_gap_plus_split_inc_predicates|synth_preset|compress2rs_area|official_evaluate|full_word,student/work/ex245_ex249_frontend_source_round35_20260613_0800/local-fp8-source-r35/ex249/ex249_effgap_split_delta/verilog/ex249_effgap_split_delta.v,student/work/ex245_ex249_frontend_source_round35_20260613_0800/local-fp8-source-r35/ex249/ex249_effgap_split_delta/aigs/ex249_ex249_effgap_split_delta_synth_preset_compress2rs_area.aig,1,not_run,169,30,5070,student/work/ex245_ex249_frontend_source_round35_20260613_0800/local-fp8-source-r35/ex249/ex249_effgap_split_delta/logs/ex249_ex249_effgap_split_delta_synth_preset_compress2rs_area.evaluate.py.log,official evaluate.py OK; yosys_log=student/work/ex245_ex249_frontend_source_round35_20260613_0800/local-fp8-source-r35/ex249/ex249_effgap_split_delta/logs/ex249_effgap_split_delta_synth_preset.yosys.log; abc_log=student/work/ex245_ex249_frontend_source_round35_20260613_0800/local-fp8-source-r35/ex249/ex249_effgap_split_delta/logs/ex249_ex249_effgap_split_delta_synth_preset_compress2rs_area.abc.log; synth_sec=0.288; abc_sec=0.079; eval_sec=0.440
ex249,float_fp8,local-fp8-source-r35,ex249_ex249_effgap_inc_mux_default_raw,FP8 source predicate/table restructuring,ex249_effgap_inc_mux + default + raw,effective exponent gap with muxed increment paths,ex249|fp8_source_restructure|ex249_effgap_inc_mux|effective_exponent_gap_with_muxed_increment_paths|default|raw|official_evaluate|full_word,student/work/ex245_ex249_frontend_source_round35_20260613_0800/local-fp8-source-r35/ex249/ex249_effgap_inc_mux/verilog/ex249_effgap_inc_mux.v,student/work/ex245_ex249_frontend_source_round35_20260613_0800/local-fp8-source-r35/ex249/ex249_effgap_inc_mux/aigs/ex249_ex249_effgap_inc_mux_default_raw.aig,1,not_run,180,30,5400,student/work/ex245_ex249_frontend_source_round35_20260613_0800/local-fp8-source-r35/ex249/ex249_effgap_inc_mux/logs/ex249_ex249_effgap_inc_mux_default_raw.evaluate.py.log,official evaluate.py OK; yosys_log=student/work/ex245_ex249_frontend_source_round35_20260613_0800/local-fp8-source-r35/ex249/ex249_effgap_inc_mux/logs/ex249_effgap_inc_mux_default.yosys.log; abc_log=student/work/ex245_ex249_frontend_source_round35_20260613_0800/local-fp8-source-r35/ex249/ex249_effgap_inc_mux/logs/ex249_ex249_effgap_inc_mux_default_raw.abc.log; synth_sec=0.196; abc_sec=0.000; eval_sec=0.443
ex249,float_fp8,local-fp8-source-r35,ex249_ex249_effgap_inc_mux_default_resyn2rs_area,FP8 source predicate/table restructuring,ex249_effgap_inc_mux + default + resyn2rs_area,effective exponent gap with muxed increment paths,ex249|fp8_source_restructure|ex249_effgap_inc_mux|effective_exponent_gap_with_muxed_increment_paths|default|resyn2rs_area|official_evaluate|full_word,student/work/ex245_ex249_frontend_source_round35_20260613_0800/local-fp8-source-r35/ex249/ex249_effgap_inc_mux/verilog/ex249_effgap_inc_mux.v,student/work/ex245_ex249_frontend_source_round35_20260613_0800/local-fp8-source-r35/ex249/ex249_effgap_inc_mux/aigs/ex249_ex249_effgap_inc_mux_default_resyn2rs_area.aig,1,not_run,169,28,4732,student/work/ex245_ex249_frontend_source_round35_20260613_0800/local-fp8-source-r35/ex249/ex249_effgap_inc_mux/logs/ex249_ex249_effgap_inc_mux_default_resyn2rs_area.evaluate.py.log,official evaluate.py OK; yosys_log=student/work/ex245_ex249_frontend_source_round35_20260613_0800/local-fp8-source-r35/ex249/ex249_effgap_inc_mux/logs/ex249_effgap_inc_mux_default.yosys.log; abc_log=student/work/ex245_ex249_frontend_source_round35_20260613_0800/local-fp8-source-r35/ex249/ex249_effgap_inc_mux/logs/ex249_ex249_effgap_inc_mux_default_resyn2rs_area.abc.log; synth_sec=0.196; abc_sec=0.077; eval_sec=0.437
ex249,float_fp8,local-fp8-source-r35,ex249_ex249_effgap_inc_mux_default_compress2rs_area,FP8 source predicate/table restructuring,ex249_effgap_inc_mux + default + compress2rs_area,effective exponent gap with muxed increment paths,ex249|fp8_source_restructure|ex249_effgap_inc_mux|effective_exponent_gap_with_muxed_increment_paths|default|compress2rs_area|official_evaluate|full_word,student/work/ex245_ex249_frontend_source_round35_20260613_0800/local-fp8-source-r35/ex249/ex249_effgap_inc_mux/verilog/ex249_effgap_inc_mux.v,student/work/ex245_ex249_frontend_source_round35_20260613_0800/local-fp8-source-r35/ex249/ex249_effgap_inc_mux/aigs/ex249_ex249_effgap_inc_mux_default_compress2rs_area.aig,1,not_run,167,30,5010,student/work/ex245_ex249_frontend_source_round35_20260613_0800/local-fp8-source-r35/ex249/ex249_effgap_inc_mux/logs/ex249_ex249_effgap_inc_mux_default_compress2rs_area.evaluate.py.log,official evaluate.py OK; yosys_log=student/work/ex245_ex249_frontend_source_round35_20260613_0800/local-fp8-source-r35/ex249/ex249_effgap_inc_mux/logs/ex249_effgap_inc_mux_default.yosys.log; abc_log=student/work/ex245_ex249_frontend_source_round35_20260613_0800/local-fp8-source-r35/ex249/ex249_effgap_inc_mux/logs/ex249_ex249_effgap_inc_mux_default_compress2rs_area.abc.log; synth_sec=0.196; abc_sec=0.076; eval_sec=0.449
ex249,float_fp8,local-fp8-source-r35,ex249_ex249_effgap_inc_mux_extra_share_raw,FP8 source predicate/table restructuring,ex249_effgap_inc_mux + extra_share + raw,effective exponent gap with muxed increment paths,ex249|fp8_source_restructure|ex249_effgap_inc_mux|effective_exponent_gap_with_muxed_increment_paths|extra_share|raw|official_evaluate|full_word,student/work/ex245_ex249_frontend_source_round35_20260613_0800/local-fp8-source-r35/ex249/ex249_effgap_inc_mux/verilog/ex249_effgap_inc_mux.v,student/work/ex245_ex249_frontend_source_round35_20260613_0800/local-fp8-source-r35/ex249/ex249_effgap_inc_mux/aigs/ex249_ex249_effgap_inc_mux_extra_share_raw.aig,1,not_run,202,30,6060,student/work/ex245_ex249_frontend_source_round35_20260613_0800/local-fp8-source-r35/ex249/ex249_effgap_inc_mux/logs/ex249_ex249_effgap_inc_mux_extra_share_raw.evaluate.py.log,official evaluate.py OK; yosys_log=student/work/ex245_ex249_frontend_source_round35_20260613_0800/local-fp8-source-r35/ex249/ex249_effgap_inc_mux/logs/ex249_effgap_inc_mux_extra_share.yosys.log; abc_log=student/work/ex245_ex249_frontend_source_round35_20260613_0800/local-fp8-source-r35/ex249/ex249_effgap_inc_mux/logs/ex249_ex249_effgap_inc_mux_extra_share_raw.abc.log; synth_sec=0.222; abc_sec=0.000; eval_sec=0.443
ex249,float_fp8,local-fp8-source-r35,ex249_ex249_effgap_inc_mux_extra_share_resyn2rs_area,FP8 source predicate/table restructuring,ex249_effgap_inc_mux + extra_share + resyn2rs_area,effective exponent gap with muxed increment paths,ex249|fp8_source_restructure|ex249_effgap_inc_mux|effective_exponent_gap_with_muxed_increment_paths|extra_share|resyn2rs_area|official_evaluate|full_word,student/work/ex245_ex249_frontend_source_round35_20260613_0800/local-fp8-source-r35/ex249/ex249_effgap_inc_mux/verilog/ex249_effgap_inc_mux.v,student/work/ex245_ex249_frontend_source_round35_20260613_0800/local-fp8-source-r35/ex249/ex249_effgap_inc_mux/aigs/ex249_ex249_effgap_inc_mux_extra_share_resyn2rs_area.aig,1,not_run,171,28,4788,student/work/ex245_ex249_frontend_source_round35_20260613_0800/local-fp8-source-r35/ex249/ex249_effgap_inc_mux/logs/ex249_ex249_effgap_inc_mux_extra_share_resyn2rs_area.evaluate.py.log,official evaluate.py OK; yosys_log=student/work/ex245_ex249_frontend_source_round35_20260613_0800/local-fp8-source-r35/ex249/ex249_effgap_inc_mux/logs/ex249_effgap_inc_mux_extra_share.yosys.log; abc_log=student/work/ex245_ex249_frontend_source_round35_20260613_0800/local-fp8-source-r35/ex249/ex249_effgap_inc_mux/logs/ex249_ex249_effgap_inc_mux_extra_share_resyn2rs_area.abc.log; synth_sec=0.222; abc_sec=0.079; eval_sec=0.442
ex249,float_fp8,local-fp8-source-r35,ex249_ex249_effgap_inc_mux_extra_share_compress2rs_area,FP8 source predicate/table restructuring,ex249_effgap_inc_mux + extra_share + compress2rs_area,effective exponent gap with muxed increment paths,ex249|fp8_source_restructure|ex249_effgap_inc_mux|effective_exponent_gap_with_muxed_increment_paths|extra_share|compress2rs_area|official_evaluate|full_word,student/work/ex245_ex249_frontend_source_round35_20260613_0800/local-fp8-source-r35/ex249/ex249_effgap_inc_mux/verilog/ex249_effgap_inc_mux.v,student/work/ex245_ex249_frontend_source_round35_20260613_0800/local-fp8-source-r35/ex249/ex249_effgap_inc_mux/aigs/ex249_ex249_effgap_inc_mux_extra_share_compress2rs_area.aig,1,not_run,171,28,4788,student/work/ex245_ex249_frontend_source_round35_20260613_0800/local-fp8-source-r35/ex249/ex249_effgap_inc_mux/logs/ex249_ex249_effgap_inc_mux_extra_share_compress2rs_area.evaluate.py.log,official evaluate.py OK; yosys_log=student/work/ex245_ex249_frontend_source_round35_20260613_0800/local-fp8-source-r35/ex249/ex249_effgap_inc_mux/logs/ex249_effgap_inc_mux_extra_share.yosys.log; abc_log=student/work/ex245_ex249_frontend_source_round35_20260613_0800/local-fp8-source-r35/ex249/ex249_effgap_inc_mux/logs/ex249_ex249_effgap_inc_mux_extra_share_compress2rs_area.abc.log; synth_sec=0.222; abc_sec=0.079; eval_sec=0.438
ex249,float_fp8,local-fp8-source-r35,ex249_ex249_effgap_inc_mux_abc_g_aig_raw,FP8 source predicate/table restructuring,ex249_effgap_inc_mux + abc_g_aig + raw,effective exponent gap with muxed increment paths,ex249|fp8_source_restructure|ex249_effgap_inc_mux|effective_exponent_gap_with_muxed_increment_paths|abc_g_aig|raw|official_evaluate|full_word,student/work/ex245_ex249_frontend_source_round35_20260613_0800/local-fp8-source-r35/ex249/ex249_effgap_inc_mux/verilog/ex249_effgap_inc_mux.v,student/work/ex245_ex249_frontend_source_round35_20260613_0800/local-fp8-source-r35/ex249/ex249_effgap_inc_mux/aigs/ex249_ex249_effgap_inc_mux_abc_g_aig_raw.aig,1,not_run,170,30,5100,student/work/ex245_ex249_frontend_source_round35_20260613_0800/local-fp8-source-r35/ex249/ex249_effgap_inc_mux/logs/ex249_ex249_effgap_inc_mux_abc_g_aig_raw.evaluate.py.log,official evaluate.py OK; yosys_log=student/work/ex245_ex249_frontend_source_round35_20260613_0800/local-fp8-source-r35/ex249/ex249_effgap_inc_mux/logs/ex249_effgap_inc_mux_abc_g_aig.yosys.log; abc_log=student/work/ex245_ex249_frontend_source_round35_20260613_0800/local-fp8-source-r35/ex249/ex249_effgap_inc_mux/logs/ex249_ex249_effgap_inc_mux_abc_g_aig_raw.abc.log; synth_sec=0.185; abc_sec=0.000; eval_sec=0.438
ex249,float_fp8,local-fp8-source-r35,ex249_ex249_effgap_inc_mux_abc_g_aig_resyn2rs_area,FP8 source predicate/table restructuring,ex249_effgap_inc_mux + abc_g_aig + resyn2rs_area,effective exponent gap with muxed increment paths,ex249|fp8_source_restructure|ex249_effgap_inc_mux|effective_exponent_gap_with_muxed_increment_paths|abc_g_aig|resyn2rs_area|official_evaluate|full_word,student/work/ex245_ex249_frontend_source_round35_20260613_0800/local-fp8-source-r35/ex249/ex249_effgap_inc_mux/verilog/ex249_effgap_inc_mux.v,student/work/ex245_ex249_frontend_source_round35_20260613_0800/local-fp8-source-r35/ex249/ex249_effgap_inc_mux/aigs/ex249_ex249_effgap_inc_mux_abc_g_aig_resyn2rs_area.aig,1,not_run,169,28,4732,student/work/ex245_ex249_frontend_source_round35_20260613_0800/local-fp8-source-r35/ex249/ex249_effgap_inc_mux/logs/ex249_ex249_effgap_inc_mux_abc_g_aig_resyn2rs_area.evaluate.py.log,official evaluate.py OK; yosys_log=student/work/ex245_ex249_frontend_source_round35_20260613_0800/local-fp8-source-r35/ex249/ex249_effgap_inc_mux/logs/ex249_effgap_inc_mux_abc_g_aig.yosys.log; abc_log=student/work/ex245_ex249_frontend_source_round35_20260613_0800/local-fp8-source-r35/ex249/ex249_effgap_inc_mux/logs/ex249_ex249_effgap_inc_mux_abc_g_aig_resyn2rs_area.abc.log; synth_sec=0.185; abc_sec=0.081; eval_sec=0.440
ex249,float_fp8,local-fp8-source-r35,ex249_ex249_effgap_inc_mux_abc_g_aig_compress2rs_area,FP8 source predicate/table restructuring,ex249_effgap_inc_mux + abc_g_aig + compress2rs_area,effective exponent gap with muxed increment paths,ex249|fp8_source_restructure|ex249_effgap_inc_mux|effective_exponent_gap_with_muxed_increment_paths|abc_g_aig|compress2rs_area|official_evaluate|full_word,student/work/ex245_ex249_frontend_source_round35_20260613_0800/local-fp8-source-r35/ex249/ex249_effgap_inc_mux/verilog/ex249_effgap_inc_mux.v,student/work/ex245_ex249_frontend_source_round35_20260613_0800/local-fp8-source-r35/ex249/ex249_effgap_inc_mux/aigs/ex249_ex249_effgap_inc_mux_abc_g_aig_compress2rs_area.aig,1,not_run,167,30,5010,student/work/ex245_ex249_frontend_source_round35_20260613_0800/local-fp8-source-r35/ex249/ex249_effgap_inc_mux/logs/ex249_ex249_effgap_inc_mux_abc_g_aig_compress2rs_area.evaluate.py.log,official evaluate.py OK; yosys_log=student/work/ex245_ex249_frontend_source_round35_20260613_0800/local-fp8-source-r35/ex249/ex249_effgap_inc_mux/logs/ex249_effgap_inc_mux_abc_g_aig.yosys.log; abc_log=student/work/ex245_ex249_frontend_source_round35_20260613_0800/local-fp8-source-r35/ex249/ex249_effgap_inc_mux/logs/ex249_ex249_effgap_inc_mux_abc_g_aig_compress2rs_area.abc.log; synth_sec=0.185; abc_sec=0.080; eval_sec=0.438
ex249,float_fp8,local-fp8-source-r35,ex249_ex249_effgap_inc_mux_synth_preset_raw,FP8 source predicate/table restructuring,ex249_effgap_inc_mux + synth_preset + raw,effective exponent gap with muxed increment paths,ex249|fp8_source_restructure|ex249_effgap_inc_mux|effective_exponent_gap_with_muxed_increment_paths|synth_preset|raw|official_evaluate|full_word,student/work/ex245_ex249_frontend_source_round35_20260613_0800/local-fp8-source-r35/ex249/ex249_effgap_inc_mux/verilog/ex249_effgap_inc_mux.v,student/work/ex245_ex249_frontend_source_round35_20260613_0800/local-fp8-source-r35/ex249/ex249_effgap_inc_mux/aigs/ex249_ex249_effgap_inc_mux_synth_preset_raw.aig,1,not_run,186,30,5580,student/work/ex245_ex249_frontend_source_round35_20260613_0800/local-fp8-source-r35/ex249/ex249_effgap_inc_mux/logs/ex249_ex249_effgap_inc_mux_synth_preset_raw.evaluate.py.log,official evaluate.py OK; yosys_log=student/work/ex245_ex249_frontend_source_round35_20260613_0800/local-fp8-source-r35/ex249/ex249_effgap_inc_mux/logs/ex249_effgap_inc_mux_synth_preset.yosys.log; abc_log=student/work/ex245_ex249_frontend_source_round35_20260613_0800/local-fp8-source-r35/ex249/ex249_effgap_inc_mux/logs/ex249_ex249_effgap_inc_mux_synth_preset_raw.abc.log; synth_sec=0.301; abc_sec=0.000; eval_sec=0.436
ex249,float_fp8,local-fp8-source-r35,ex249_ex249_effgap_inc_mux_synth_preset_resyn2rs_area,FP8 source predicate/table restructuring,ex249_effgap_inc_mux + synth_preset + resyn2rs_area,effective exponent gap with muxed increment paths,ex249|fp8_source_restructure|ex249_effgap_inc_mux|effective_exponent_gap_with_muxed_increment_paths|synth_preset|resyn2rs_area|official_evaluate|full_word,student/work/ex245_ex249_frontend_source_round35_20260613_0800/local-fp8-source-r35/ex249/ex249_effgap_inc_mux/verilog/ex249_effgap_inc_mux.v,student/work/ex245_ex249_frontend_source_round35_20260613_0800/local-fp8-source-r35/ex249/ex249_effgap_inc_mux/aigs/ex249_ex249_effgap_inc_mux_synth_preset_resyn2rs_area.aig,1,not_run,168,29,4872,student/work/ex245_ex249_frontend_source_round35_20260613_0800/local-fp8-source-r35/ex249/ex249_effgap_inc_mux/logs/ex249_ex249_effgap_inc_mux_synth_preset_resyn2rs_area.evaluate.py.log,official evaluate.py OK; yosys_log=student/work/ex245_ex249_frontend_source_round35_20260613_0800/local-fp8-source-r35/ex249/ex249_effgap_inc_mux/logs/ex249_effgap_inc_mux_synth_preset.yosys.log; abc_log=student/work/ex245_ex249_frontend_source_round35_20260613_0800/local-fp8-source-r35/ex249/ex249_effgap_inc_mux/logs/ex249_ex249_effgap_inc_mux_synth_preset_resyn2rs_area.abc.log; synth_sec=0.301; abc_sec=0.077; eval_sec=0.441
ex249,float_fp8,local-fp8-source-r35,ex249_ex249_effgap_inc_mux_synth_preset_compress2rs_area,FP8 source predicate/table restructuring,ex249_effgap_inc_mux + synth_preset + compress2rs_area,effective exponent gap with muxed increment paths,ex249|fp8_source_restructure|ex249_effgap_inc_mux|effective_exponent_gap_with_muxed_increment_paths|synth_preset|compress2rs_area|official_evaluate|full_word,student/work/ex245_ex249_frontend_source_round35_20260613_0800/local-fp8-source-r35/ex249/ex249_effgap_inc_mux/verilog/ex249_effgap_inc_mux.v,student/work/ex245_ex249_frontend_source_round35_20260613_0800/local-fp8-source-r35/ex249/ex249_effgap_inc_mux/aigs/ex249_ex249_effgap_inc_mux_synth_preset_compress2rs_area.aig,1,not_run,168,30,5040,student/work/ex245_ex249_frontend_source_round35_20260613_0800/local-fp8-source-r35/ex249/ex249_effgap_inc_mux/logs/ex249_ex249_effgap_inc_mux_synth_preset_compress2rs_area.evaluate.py.log,official evaluate.py OK; yosys_log=student/work/ex245_ex249_frontend_source_round35_20260613_0800/local-fp8-source-r35/ex249/ex249_effgap_inc_mux/logs/ex249_effgap_inc_mux_synth_preset.yosys.log; abc_log=student/work/ex245_ex249_frontend_source_round35_20260613_0800/local-fp8-source-r35/ex249/ex249_effgap_inc_mux/logs/ex249_ex249_effgap_inc_mux_synth_preset_compress2rs_area.abc.log; synth_sec=0.301; abc_sec=0.077; eval_sec=0.444
ex245,float_fp8,local-fp8-source-r35,ex245_ex245_active_table_mux_default_raw,FP8 source predicate/table restructuring,ex245_active_table_mux + default + raw,gate same/diff table use before output mux,ex245|fp8_source_restructure|ex245_active_table_mux|gate_same_diff_table_use_before_output_mux|default|raw|official_evaluate|full_word,student/work/ex245_ex249_frontend_source_round35_20260613_0800/local-fp8-source-r35/ex245/ex245_active_table_mux/verilog/ex245_active_table_mux.v,student/work/ex245_ex249_frontend_source_round35_20260613_0800/local-fp8-source-r35/ex245/ex245_active_table_mux/aigs/ex245_ex245_active_table_mux_default_raw.aig,1,not_run,726,36,26136,student/work/ex245_ex249_frontend_source_round35_20260613_0800/local-fp8-source-r35/ex245/ex245_active_table_mux/logs/ex245_ex245_active_table_mux_default_raw.evaluate.py.log,official evaluate.py OK; yosys_log=student/work/ex245_ex249_frontend_source_round35_20260613_0800/local-fp8-source-r35/ex245/ex245_active_table_mux/logs/ex245_active_table_mux_default.yosys.log; abc_log=student/work/ex245_ex249_frontend_source_round35_20260613_0800/local-fp8-source-r35/ex245/ex245_active_table_mux/logs/ex245_ex245_active_table_mux_default_raw.abc.log; synth_sec=1.052; abc_sec=0.000; eval_sec=0.737
ex245,float_fp8,local-fp8-source-r35,ex245_ex245_active_table_mux_default_resyn2rs_area,FP8 source predicate/table restructuring,ex245_active_table_mux + default + resyn2rs_area,gate same/diff table use before output mux,ex245|fp8_source_restructure|ex245_active_table_mux|gate_same_diff_table_use_before_output_mux|default|resyn2rs_area|official_evaluate|full_word,student/work/ex245_ex249_frontend_source_round35_20260613_0800/local-fp8-source-r35/ex245/ex245_active_table_mux/verilog/ex245_active_table_mux.v,student/work/ex245_ex249_frontend_source_round35_20260613_0800/local-fp8-source-r35/ex245/ex245_active_table_mux/aigs/ex245_ex245_active_table_mux_default_resyn2rs_area.aig,1,not_run,680,35,23800,student/work/ex245_ex249_frontend_source_round35_20260613_0800/local-fp8-source-r35/ex245/ex245_active_table_mux/logs/ex245_ex245_active_table_mux_default_resyn2rs_area.evaluate.py.log,official evaluate.py OK; yosys_log=student/work/ex245_ex249_frontend_source_round35_20260613_0800/local-fp8-source-r35/ex245/ex245_active_table_mux/logs/ex245_active_table_mux_default.yosys.log; abc_log=student/work/ex245_ex249_frontend_source_round35_20260613_0800/local-fp8-source-r35/ex245/ex245_active_table_mux/logs/ex245_ex245_active_table_mux_default_resyn2rs_area.abc.log; synth_sec=1.052; abc_sec=0.196; eval_sec=0.744
ex245,float_fp8,local-fp8-source-r35,ex245_ex245_active_table_mux_default_compress2rs_area,FP8 source predicate/table restructuring,ex245_active_table_mux + default + compress2rs_area,gate same/diff table use before output mux,ex245|fp8_source_restructure|ex245_active_table_mux|gate_same_diff_table_use_before_output_mux|default|compress2rs_area|official_evaluate|full_word,student/work/ex245_ex249_frontend_source_round35_20260613_0800/local-fp8-source-r35/ex245/ex245_active_table_mux/verilog/ex245_active_table_mux.v,student/work/ex245_ex249_frontend_source_round35_20260613_0800/local-fp8-source-r35/ex245/ex245_active_table_mux/aigs/ex245_ex245_active_table_mux_default_compress2rs_area.aig,1,not_run,678,35,23730,student/work/ex245_ex249_frontend_source_round35_20260613_0800/local-fp8-source-r35/ex245/ex245_active_table_mux/logs/ex245_ex245_active_table_mux_default_compress2rs_area.evaluate.py.log,official evaluate.py OK; yosys_log=student/work/ex245_ex249_frontend_source_round35_20260613_0800/local-fp8-source-r35/ex245/ex245_active_table_mux/logs/ex245_active_table_mux_default.yosys.log; abc_log=student/work/ex245_ex249_frontend_source_round35_20260613_0800/local-fp8-source-r35/ex245/ex245_active_table_mux/logs/ex245_ex245_active_table_mux_default_compress2rs_area.abc.log; synth_sec=1.052; abc_sec=0.188; eval_sec=0.733
ex245,float_fp8,local-fp8-source-r35,ex245_ex245_active_table_mux_extra_share_raw,FP8 source predicate/table restructuring,ex245_active_table_mux + extra_share + raw,gate same/diff table use before output mux,ex245|fp8_source_restructure|ex245_active_table_mux|gate_same_diff_table_use_before_output_mux|extra_share|raw|official_evaluate|full_word,student/work/ex245_ex249_frontend_source_round35_20260613_0800/local-fp8-source-r35/ex245/ex245_active_table_mux/verilog/ex245_active_table_mux.v,student/work/ex245_ex249_frontend_source_round35_20260613_0800/local-fp8-source-r35/ex245/ex245_active_table_mux/aigs/ex245_ex245_active_table_mux_extra_share_raw.aig,1,not_run,719,34,24446,student/work/ex245_ex249_frontend_source_round35_20260613_0800/local-fp8-source-r35/ex245/ex245_active_table_mux/logs/ex245_ex245_active_table_mux_extra_share_raw.evaluate.py.log,official evaluate.py OK; yosys_log=student/work/ex245_ex249_frontend_source_round35_20260613_0800/local-fp8-source-r35/ex245/ex245_active_table_mux/logs/ex245_active_table_mux_extra_share.yosys.log; abc_log=student/work/ex245_ex249_frontend_source_round35_20260613_0800/local-fp8-source-r35/ex245/ex245_active_table_mux/logs/ex245_ex245_active_table_mux_extra_share_raw.abc.log; synth_sec=1.123; abc_sec=0.000; eval_sec=0.748
ex245,float_fp8,local-fp8-source-r35,ex245_ex245_active_table_mux_extra_share_resyn2rs_area,FP8 source predicate/table restructuring,ex245_active_table_mux + extra_share + resyn2rs_area,gate same/diff table use before output mux,ex245|fp8_source_restructure|ex245_active_table_mux|gate_same_diff_table_use_before_output_mux|extra_share|resyn2rs_area|official_evaluate|full_word,student/work/ex245_ex249_frontend_source_round35_20260613_0800/local-fp8-source-r35/ex245/ex245_active_table_mux/verilog/ex245_active_table_mux.v,student/work/ex245_ex249_frontend_source_round35_20260613_0800/local-fp8-source-r35/ex245/ex245_active_table_mux/aigs/ex245_ex245_active_table_mux_extra_share_resyn2rs_area.aig,1,not_run,675,34,22950,student/work/ex245_ex249_frontend_source_round35_20260613_0800/local-fp8-source-r35/ex245/ex245_active_table_mux/logs/ex245_ex245_active_table_mux_extra_share_resyn2rs_area.evaluate.py.log,official evaluate.py OK; yosys_log=student/work/ex245_ex249_frontend_source_round35_20260613_0800/local-fp8-source-r35/ex245/ex245_active_table_mux/logs/ex245_active_table_mux_extra_share.yosys.log; abc_log=student/work/ex245_ex249_frontend_source_round35_20260613_0800/local-fp8-source-r35/ex245/ex245_active_table_mux/logs/ex245_ex245_active_table_mux_extra_share_resyn2rs_area.abc.log; synth_sec=1.123; abc_sec=0.188; eval_sec=0.773
ex245,float_fp8,local-fp8-source-r35,ex245_ex245_active_table_mux_extra_share_compress2rs_area,FP8 source predicate/table restructuring,ex245_active_table_mux + extra_share + compress2rs_area,gate same/diff table use before output mux,ex245|fp8_source_restructure|ex245_active_table_mux|gate_same_diff_table_use_before_output_mux|extra_share|compress2rs_area|official_evaluate|full_word,student/work/ex245_ex249_frontend_source_round35_20260613_0800/local-fp8-source-r35/ex245/ex245_active_table_mux/verilog/ex245_active_table_mux.v,student/work/ex245_ex249_frontend_source_round35_20260613_0800/local-fp8-source-r35/ex245/ex245_active_table_mux/aigs/ex245_ex245_active_table_mux_extra_share_compress2rs_area.aig,1,not_run,674,34,22916,student/work/ex245_ex249_frontend_source_round35_20260613_0800/local-fp8-source-r35/ex245/ex245_active_table_mux/logs/ex245_ex245_active_table_mux_extra_share_compress2rs_area.evaluate.py.log,official evaluate.py OK; yosys_log=student/work/ex245_ex249_frontend_source_round35_20260613_0800/local-fp8-source-r35/ex245/ex245_active_table_mux/logs/ex245_active_table_mux_extra_share.yosys.log; abc_log=student/work/ex245_ex249_frontend_source_round35_20260613_0800/local-fp8-source-r35/ex245/ex245_active_table_mux/logs/ex245_ex245_active_table_mux_extra_share_compress2rs_area.abc.log; synth_sec=1.123; abc_sec=0.190; eval_sec=0.738
ex245,float_fp8,local-fp8-source-r35,ex245_ex245_active_table_mux_abc_g_aig_raw,FP8 source predicate/table restructuring,ex245_active_table_mux + abc_g_aig + raw,gate same/diff table use before output mux,ex245|fp8_source_restructure|ex245_active_table_mux|gate_same_diff_table_use_before_output_mux|abc_g_aig|raw|official_evaluate|full_word,student/work/ex245_ex249_frontend_source_round35_20260613_0800/local-fp8-source-r35/ex245/ex245_active_table_mux/verilog/ex245_active_table_mux.v,student/work/ex245_ex249_frontend_source_round35_20260613_0800/local-fp8-source-r35/ex245/ex245_active_table_mux/aigs/ex245_ex245_active_table_mux_abc_g_aig_raw.aig,1,not_run,706,35,24710,student/work/ex245_ex249_frontend_source_round35_20260613_0800/local-fp8-source-r35/ex245/ex245_active_table_mux/logs/ex245_ex245_active_table_mux_abc_g_aig_raw.evaluate.py.log,official evaluate.py OK; yosys_log=student/work/ex245_ex249_frontend_source_round35_20260613_0800/local-fp8-source-r35/ex245/ex245_active_table_mux/logs/ex245_active_table_mux_abc_g_aig.yosys.log; abc_log=student/work/ex245_ex249_frontend_source_round35_20260613_0800/local-fp8-source-r35/ex245/ex245_active_table_mux/logs/ex245_ex245_active_table_mux_abc_g_aig_raw.abc.log; synth_sec=1.066; abc_sec=0.000; eval_sec=0.739
ex245,float_fp8,local-fp8-source-r35,ex245_ex245_active_table_mux_abc_g_aig_resyn2rs_area,FP8 source predicate/table restructuring,ex245_active_table_mux + abc_g_aig + resyn2rs_area,gate same/diff table use before output mux,ex245|fp8_source_restructure|ex245_active_table_mux|gate_same_diff_table_use_before_output_mux|abc_g_aig|resyn2rs_area|official_evaluate|full_word,student/work/ex245_ex249_frontend_source_round35_20260613_0800/local-fp8-source-r35/ex245/ex245_active_table_mux/verilog/ex245_active_table_mux.v,student/work/ex245_ex249_frontend_source_round35_20260613_0800/local-fp8-source-r35/ex245/ex245_active_table_mux/aigs/ex245_ex245_active_table_mux_abc_g_aig_resyn2rs_area.aig,1,not_run,681,34,23154,student/work/ex245_ex249_frontend_source_round35_20260613_0800/local-fp8-source-r35/ex245/ex245_active_table_mux/logs/ex245_ex245_active_table_mux_abc_g_aig_resyn2rs_area.evaluate.py.log,official evaluate.py OK; yosys_log=student/work/ex245_ex249_frontend_source_round35_20260613_0800/local-fp8-source-r35/ex245/ex245_active_table_mux/logs/ex245_active_table_mux_abc_g_aig.yosys.log; abc_log=student/work/ex245_ex249_frontend_source_round35_20260613_0800/local-fp8-source-r35/ex245/ex245_active_table_mux/logs/ex245_ex245_active_table_mux_abc_g_aig_resyn2rs_area.abc.log; synth_sec=1.066; abc_sec=0.200; eval_sec=0.734
ex245,float_fp8,local-fp8-source-r35,ex245_ex245_active_table_mux_abc_g_aig_compress2rs_area,FP8 source predicate/table restructuring,ex245_active_table_mux + abc_g_aig + compress2rs_area,gate same/diff table use before output mux,ex245|fp8_source_restructure|ex245_active_table_mux|gate_same_diff_table_use_before_output_mux|abc_g_aig|compress2rs_area|official_evaluate|full_word,student/work/ex245_ex249_frontend_source_round35_20260613_0800/local-fp8-source-r35/ex245/ex245_active_table_mux/verilog/ex245_active_table_mux.v,student/work/ex245_ex249_frontend_source_round35_20260613_0800/local-fp8-source-r35/ex245/ex245_active_table_mux/aigs/ex245_ex245_active_table_mux_abc_g_aig_compress2rs_area.aig,1,not_run,683,36,24588,student/work/ex245_ex249_frontend_source_round35_20260613_0800/local-fp8-source-r35/ex245/ex245_active_table_mux/logs/ex245_ex245_active_table_mux_abc_g_aig_compress2rs_area.evaluate.py.log,official evaluate.py OK; yosys_log=student/work/ex245_ex249_frontend_source_round35_20260613_0800/local-fp8-source-r35/ex245/ex245_active_table_mux/logs/ex245_active_table_mux_abc_g_aig.yosys.log; abc_log=student/work/ex245_ex249_frontend_source_round35_20260613_0800/local-fp8-source-r35/ex245/ex245_active_table_mux/logs/ex245_ex245_active_table_mux_abc_g_aig_compress2rs_area.abc.log; synth_sec=1.066; abc_sec=0.195; eval_sec=0.728
ex245,float_fp8,local-fp8-source-r35,ex245_ex245_active_table_mux_synth_preset_raw,FP8 source predicate/table restructuring,ex245_active_table_mux + synth_preset + raw,gate same/diff table use before output mux,ex245|fp8_source_restructure|ex245_active_table_mux|gate_same_diff_table_use_before_output_mux|synth_preset|raw|official_evaluate|full_word,student/work/ex245_ex249_frontend_source_round35_20260613_0800/local-fp8-source-r35/ex245/ex245_active_table_mux/verilog/ex245_active_table_mux.v,student/work/ex245_ex249_frontend_source_round35_20260613_0800/local-fp8-source-r35/ex245/ex245_active_table_mux/aigs/ex245_ex245_active_table_mux_synth_preset_raw.aig,1,not_run,700,34,23800,student/work/ex245_ex249_frontend_source_round35_20260613_0800/local-fp8-source-r35/ex245/ex245_active_table_mux/logs/ex245_ex245_active_table_mux_synth_preset_raw.evaluate.py.log,official evaluate.py OK; yosys_log=student/work/ex245_ex249_frontend_source_round35_20260613_0800/local-fp8-source-r35/ex245/ex245_active_table_mux/logs/ex245_active_table_mux_synth_preset.yosys.log; abc_log=student/work/ex245_ex249_frontend_source_round35_20260613_0800/local-fp8-source-r35/ex245/ex245_active_table_mux/logs/ex245_ex245_active_table_mux_synth_preset_raw.abc.log; synth_sec=1.397; abc_sec=0.000; eval_sec=0.732
ex245,float_fp8,local-fp8-source-r35,ex245_ex245_active_table_mux_synth_preset_resyn2rs_area,FP8 source predicate/table restructuring,ex245_active_table_mux + synth_preset + resyn2rs_area,gate same/diff table use before output mux,ex245|fp8_source_restructure|ex245_active_table_mux|gate_same_diff_table_use_before_output_mux|synth_preset|resyn2rs_area|official_evaluate|full_word,student/work/ex245_ex249_frontend_source_round35_20260613_0800/local-fp8-source-r35/ex245/ex245_active_table_mux/verilog/ex245_active_table_mux.v,student/work/ex245_ex249_frontend_source_round35_20260613_0800/local-fp8-source-r35/ex245/ex245_active_table_mux/aigs/ex245_ex245_active_table_mux_synth_preset_resyn2rs_area.aig,1,not_run,669,33,22077,student/work/ex245_ex249_frontend_source_round35_20260613_0800/local-fp8-source-r35/ex245/ex245_active_table_mux/logs/ex245_ex245_active_table_mux_synth_preset_resyn2rs_area.evaluate.py.log,official evaluate.py OK; yosys_log=student/work/ex245_ex249_frontend_source_round35_20260613_0800/local-fp8-source-r35/ex245/ex245_active_table_mux/logs/ex245_active_table_mux_synth_preset.yosys.log; abc_log=student/work/ex245_ex249_frontend_source_round35_20260613_0800/local-fp8-source-r35/ex245/ex245_active_table_mux/logs/ex245_ex245_active_table_mux_synth_preset_resyn2rs_area.abc.log; synth_sec=1.397; abc_sec=0.171; eval_sec=0.731
ex245,float_fp8,local-fp8-source-r35,ex245_ex245_active_table_mux_synth_preset_compress2rs_area,FP8 source predicate/table restructuring,ex245_active_table_mux + synth_preset + compress2rs_area,gate same/diff table use before output mux,ex245|fp8_source_restructure|ex245_active_table_mux|gate_same_diff_table_use_before_output_mux|synth_preset|compress2rs_area|official_evaluate|full_word,student/work/ex245_ex249_frontend_source_round35_20260613_0800/local-fp8-source-r35/ex245/ex245_active_table_mux/verilog/ex245_active_table_mux.v,student/work/ex245_ex249_frontend_source_round35_20260613_0800/local-fp8-source-r35/ex245/ex245_active_table_mux/aigs/ex245_ex245_active_table_mux_synth_preset_compress2rs_area.aig,1,not_run,669,35,23415,student/work/ex245_ex249_frontend_source_round35_20260613_0800/local-fp8-source-r35/ex245/ex245_active_table_mux/logs/ex245_ex245_active_table_mux_synth_preset_compress2rs_area.evaluate.py.log,official evaluate.py OK; yosys_log=student/work/ex245_ex249_frontend_source_round35_20260613_0800/local-fp8-source-r35/ex245/ex245_active_table_mux/logs/ex245_active_table_mux_synth_preset.yosys.log; abc_log=student/work/ex245_ex249_frontend_source_round35_20260613_0800/local-fp8-source-r35/ex245/ex245_active_table_mux/logs/ex245_ex245_active_table_mux_synth_preset_compress2rs_area.abc.log; synth_sec=1.397; abc_sec=0.186; eval_sec=0.735
ex245,float_fp8,local-fp8-source-r35,ex245_ex245_selected_mag_function_default_raw,FP8 source predicate/table restructuring,ex245_selected_mag_function + default + raw,selected same/diff table inside one function,ex245|fp8_source_restructure|ex245_selected_mag_function|selected_same_diff_table_inside_one_function|default|raw|official_evaluate|full_word,student/work/ex245_ex249_frontend_source_round35_20260613_0800/local-fp8-source-r35/ex245/ex245_selected_mag_function/verilog/ex245_selected_mag_function.v,student/work/ex245_ex249_frontend_source_round35_20260613_0800/local-fp8-source-r35/ex245/ex245_selected_mag_function/aigs/ex245_ex245_selected_mag_function_default_raw.aig,1,not_run,734,34,24956,student/work/ex245_ex249_frontend_source_round35_20260613_0800/local-fp8-source-r35/ex245/ex245_selected_mag_function/logs/ex245_ex245_selected_mag_function_default_raw.evaluate.py.log,official evaluate.py OK; yosys_log=student/work/ex245_ex249_frontend_source_round35_20260613_0800/local-fp8-source-r35/ex245/ex245_selected_mag_function/logs/ex245_selected_mag_function_default.yosys.log; abc_log=student/work/ex245_ex249_frontend_source_round35_20260613_0800/local-fp8-source-r35/ex245/ex245_selected_mag_function/logs/ex245_ex245_selected_mag_function_default_raw.abc.log; synth_sec=1.123; abc_sec=0.000; eval_sec=0.734
ex245,float_fp8,local-fp8-source-r35,ex245_ex245_selected_mag_function_default_resyn2rs_area,FP8 source predicate/table restructuring,ex245_selected_mag_function + default + resyn2rs_area,selected same/diff table inside one function,ex245|fp8_source_restructure|ex245_selected_mag_function|selected_same_diff_table_inside_one_function|default|resyn2rs_area|official_evaluate|full_word,student/work/ex245_ex249_frontend_source_round35_20260613_0800/local-fp8-source-r35/ex245/ex245_selected_mag_function/verilog/ex245_selected_mag_function.v,student/work/ex245_ex249_frontend_source_round35_20260613_0800/local-fp8-source-r35/ex245/ex245_selected_mag_function/aigs/ex245_ex245_selected_mag_function_default_resyn2rs_area.aig,1,not_run,689,33,22737,student/work/ex245_ex249_frontend_source_round35_20260613_0800/local-fp8-source-r35/ex245/ex245_selected_mag_function/logs/ex245_ex245_selected_mag_function_default_resyn2rs_area.evaluate.py.log,official evaluate.py OK; yosys_log=student/work/ex245_ex249_frontend_source_round35_20260613_0800/local-fp8-source-r35/ex245/ex245_selected_mag_function/logs/ex245_selected_mag_function_default.yosys.log; abc_log=student/work/ex245_ex249_frontend_source_round35_20260613_0800/local-fp8-source-r35/ex245/ex245_selected_mag_function/logs/ex245_ex245_selected_mag_function_default_resyn2rs_area.abc.log; synth_sec=1.123; abc_sec=0.189; eval_sec=0.731
ex245,float_fp8,local-fp8-source-r35,ex245_ex245_selected_mag_function_default_compress2rs_area,FP8 source predicate/table restructuring,ex245_selected_mag_function + default + compress2rs_area,selected same/diff table inside one function,ex245|fp8_source_restructure|ex245_selected_mag_function|selected_same_diff_table_inside_one_function|default|compress2rs_area|official_evaluate|full_word,student/work/ex245_ex249_frontend_source_round35_20260613_0800/local-fp8-source-r35/ex245/ex245_selected_mag_function/verilog/ex245_selected_mag_function.v,student/work/ex245_ex249_frontend_source_round35_20260613_0800/local-fp8-source-r35/ex245/ex245_selected_mag_function/aigs/ex245_ex245_selected_mag_function_default_compress2rs_area.aig,1,not_run,687,36,24732,student/work/ex245_ex249_frontend_source_round35_20260613_0800/local-fp8-source-r35/ex245/ex245_selected_mag_function/logs/ex245_ex245_selected_mag_function_default_compress2rs_area.evaluate.py.log,official evaluate.py OK; yosys_log=student/work/ex245_ex249_frontend_source_round35_20260613_0800/local-fp8-source-r35/ex245/ex245_selected_mag_function/logs/ex245_selected_mag_function_default.yosys.log; abc_log=student/work/ex245_ex249_frontend_source_round35_20260613_0800/local-fp8-source-r35/ex245/ex245_selected_mag_function/logs/ex245_ex245_selected_mag_function_default_compress2rs_area.abc.log; synth_sec=1.123; abc_sec=0.175; eval_sec=0.732
ex245,float_fp8,local-fp8-source-r35,ex245_ex245_selected_mag_function_extra_share_raw,FP8 source predicate/table restructuring,ex245_selected_mag_function + extra_share + raw,selected same/diff table inside one function,ex245|fp8_source_restructure|ex245_selected_mag_function|selected_same_diff_table_inside_one_function|extra_share|raw|official_evaluate|full_word,student/work/ex245_ex249_frontend_source_round35_20260613_0800/local-fp8-source-r35/ex245/ex245_selected_mag_function/verilog/ex245_selected_mag_function.v,student/work/ex245_ex249_frontend_source_round35_20260613_0800/local-fp8-source-r35/ex245/ex245_selected_mag_function/aigs/ex245_ex245_selected_mag_function_extra_share_raw.aig,1,not_run,738,35,25830,student/work/ex245_ex249_frontend_source_round35_20260613_0800/local-fp8-source-r35/ex245/ex245_selected_mag_function/logs/ex245_ex245_selected_mag_function_extra_share_raw.evaluate.py.log,official evaluate.py OK; yosys_log=student/work/ex245_ex249_frontend_source_round35_20260613_0800/local-fp8-source-r35/ex245/ex245_selected_mag_function/logs/ex245_selected_mag_function_extra_share.yosys.log; abc_log=student/work/ex245_ex249_frontend_source_round35_20260613_0800/local-fp8-source-r35/ex245/ex245_selected_mag_function/logs/ex245_ex245_selected_mag_function_extra_share_raw.abc.log; synth_sec=1.146; abc_sec=0.000; eval_sec=0.729
ex245,float_fp8,local-fp8-source-r35,ex245_ex245_selected_mag_function_extra_share_resyn2rs_area,FP8 source predicate/table restructuring,ex245_selected_mag_function + extra_share + resyn2rs_area,selected same/diff table inside one function,ex245|fp8_source_restructure|ex245_selected_mag_function|selected_same_diff_table_inside_one_function|extra_share|resyn2rs_area|official_evaluate|full_word,student/work/ex245_ex249_frontend_source_round35_20260613_0800/local-fp8-source-r35/ex245/ex245_selected_mag_function/verilog/ex245_selected_mag_function.v,student/work/ex245_ex249_frontend_source_round35_20260613_0800/local-fp8-source-r35/ex245/ex245_selected_mag_function/aigs/ex245_ex245_selected_mag_function_extra_share_resyn2rs_area.aig,1,not_run,694,34,23596,student/work/ex245_ex249_frontend_source_round35_20260613_0800/local-fp8-source-r35/ex245/ex245_selected_mag_function/logs/ex245_ex245_selected_mag_function_extra_share_resyn2rs_area.evaluate.py.log,official evaluate.py OK; yosys_log=student/work/ex245_ex249_frontend_source_round35_20260613_0800/local-fp8-source-r35/ex245/ex245_selected_mag_function/logs/ex245_selected_mag_function_extra_share.yosys.log; abc_log=student/work/ex245_ex249_frontend_source_round35_20260613_0800/local-fp8-source-r35/ex245/ex245_selected_mag_function/logs/ex245_ex245_selected_mag_function_extra_share_resyn2rs_area.abc.log; synth_sec=1.146; abc_sec=0.196; eval_sec=0.735
ex245,float_fp8,local-fp8-source-r35,ex245_ex245_selected_mag_function_extra_share_compress2rs_area,FP8 source predicate/table restructuring,ex245_selected_mag_function + extra_share + compress2rs_area,selected same/diff table inside one function,ex245|fp8_source_restructure|ex245_selected_mag_function|selected_same_diff_table_inside_one_function|extra_share|compress2rs_area|official_evaluate|full_word,student/work/ex245_ex249_frontend_source_round35_20260613_0800/local-fp8-source-r35/ex245/ex245_selected_mag_function/verilog/ex245_selected_mag_function.v,student/work/ex245_ex249_frontend_source_round35_20260613_0800/local-fp8-source-r35/ex245/ex245_selected_mag_function/aigs/ex245_ex245_selected_mag_function_extra_share_compress2rs_area.aig,1,not_run,696,36,25056,student/work/ex245_ex249_frontend_source_round35_20260613_0800/local-fp8-source-r35/ex245/ex245_selected_mag_function/logs/ex245_ex245_selected_mag_function_extra_share_compress2rs_area.evaluate.py.log,official evaluate.py OK; yosys_log=student/work/ex245_ex249_frontend_source_round35_20260613_0800/local-fp8-source-r35/ex245/ex245_selected_mag_function/logs/ex245_selected_mag_function_extra_share.yosys.log; abc_log=student/work/ex245_ex249_frontend_source_round35_20260613_0800/local-fp8-source-r35/ex245/ex245_selected_mag_function/logs/ex245_ex245_selected_mag_function_extra_share_compress2rs_area.abc.log; synth_sec=1.146; abc_sec=0.176; eval_sec=0.732
ex245,float_fp8,local-fp8-source-r35,ex245_ex245_selected_mag_function_abc_g_aig_raw,FP8 source predicate/table restructuring,ex245_selected_mag_function + abc_g_aig + raw,selected same/diff table inside one function,ex245|fp8_source_restructure|ex245_selected_mag_function|selected_same_diff_table_inside_one_function|abc_g_aig|raw|official_evaluate|full_word,student/work/ex245_ex249_frontend_source_round35_20260613_0800/local-fp8-source-r35/ex245/ex245_selected_mag_function/verilog/ex245_selected_mag_function.v,student/work/ex245_ex249_frontend_source_round35_20260613_0800/local-fp8-source-r35/ex245/ex245_selected_mag_function/aigs/ex245_ex245_selected_mag_function_abc_g_aig_raw.aig,1,not_run,715,34,24310,student/work/ex245_ex249_frontend_source_round35_20260613_0800/local-fp8-source-r35/ex245/ex245_selected_mag_function/logs/ex245_ex245_selected_mag_function_abc_g_aig_raw.evaluate.py.log,official evaluate.py OK; yosys_log=student/work/ex245_ex249_frontend_source_round35_20260613_0800/local-fp8-source-r35/ex245/ex245_selected_mag_function/logs/ex245_selected_mag_function_abc_g_aig.yosys.log; abc_log=student/work/ex245_ex249_frontend_source_round35_20260613_0800/local-fp8-source-r35/ex245/ex245_selected_mag_function/logs/ex245_ex245_selected_mag_function_abc_g_aig_raw.abc.log; synth_sec=1.122; abc_sec=0.000; eval_sec=0.729
ex245,float_fp8,local-fp8-source-r35,ex245_ex245_selected_mag_function_abc_g_aig_resyn2rs_area,FP8 source predicate/table restructuring,ex245_selected_mag_function + abc_g_aig + resyn2rs_area,selected same/diff table inside one function,ex245|fp8_source_restructure|ex245_selected_mag_function|selected_same_diff_table_inside_one_function|abc_g_aig|resyn2rs_area|official_evaluate|full_word,student/work/ex245_ex249_frontend_source_round35_20260613_0800/local-fp8-source-r35/ex245/ex245_selected_mag_function/verilog/ex245_selected_mag_function.v,student/work/ex245_ex249_frontend_source_round35_20260613_0800/local-fp8-source-r35/ex245/ex245_selected_mag_function/aigs/ex245_ex245_selected_mag_function_abc_g_aig_resyn2rs_area.aig,1,not_run,686,33,22638,student/work/ex245_ex249_frontend_source_round35_20260613_0800/local-fp8-source-r35/ex245/ex245_selected_mag_function/logs/ex245_ex245_selected_mag_function_abc_g_aig_resyn2rs_area.evaluate.py.log,official evaluate.py OK; yosys_log=student/work/ex245_ex249_frontend_source_round35_20260613_0800/local-fp8-source-r35/ex245/ex245_selected_mag_function/logs/ex245_selected_mag_function_abc_g_aig.yosys.log; abc_log=student/work/ex245_ex249_frontend_source_round35_20260613_0800/local-fp8-source-r35/ex245/ex245_selected_mag_function/logs/ex245_ex245_selected_mag_function_abc_g_aig_resyn2rs_area.abc.log; synth_sec=1.122; abc_sec=0.176; eval_sec=0.732
ex245,float_fp8,local-fp8-source-r35,ex245_ex245_selected_mag_function_abc_g_aig_compress2rs_area,FP8 source predicate/table restructuring,ex245_selected_mag_function + abc_g_aig + compress2rs_area,selected same/diff table inside one function,ex245|fp8_source_restructure|ex245_selected_mag_function|selected_same_diff_table_inside_one_function|abc_g_aig|compress2rs_area|official_evaluate|full_word,student/work/ex245_ex249_frontend_source_round35_20260613_0800/local-fp8-source-r35/ex245/ex245_selected_mag_function/verilog/ex245_selected_mag_function.v,student/work/ex245_ex249_frontend_source_round35_20260613_0800/local-fp8-source-r35/ex245/ex245_selected_mag_function/aigs/ex245_ex245_selected_mag_function_abc_g_aig_compress2rs_area.aig,1,not_run,686,35,24010,student/work/ex245_ex249_frontend_source_round35_20260613_0800/local-fp8-source-r35/ex245/ex245_selected_mag_function/logs/ex245_ex245_selected_mag_function_abc_g_aig_compress2rs_area.evaluate.py.log,official evaluate.py OK; yosys_log=student/work/ex245_ex249_frontend_source_round35_20260613_0800/local-fp8-source-r35/ex245/ex245_selected_mag_function/logs/ex245_selected_mag_function_abc_g_aig.yosys.log; abc_log=student/work/ex245_ex249_frontend_source_round35_20260613_0800/local-fp8-source-r35/ex245/ex245_selected_mag_function/logs/ex245_ex245_selected_mag_function_abc_g_aig_compress2rs_area.abc.log; synth_sec=1.122; abc_sec=0.181; eval_sec=0.733
ex245,float_fp8,local-fp8-source-r35,ex245_ex245_selected_mag_function_synth_preset_raw,FP8 source predicate/table restructuring,ex245_selected_mag_function + synth_preset + raw,selected same/diff table inside one function,ex245|fp8_source_restructure|ex245_selected_mag_function|selected_same_diff_table_inside_one_function|synth_preset|raw|official_evaluate|full_word,student/work/ex245_ex249_frontend_source_round35_20260613_0800/local-fp8-source-r35/ex245/ex245_selected_mag_function/verilog/ex245_selected_mag_function.v,student/work/ex245_ex249_frontend_source_round35_20260613_0800/local-fp8-source-r35/ex245/ex245_selected_mag_function/aigs/ex245_ex245_selected_mag_function_synth_preset_raw.aig,1,not_run,718,35,25130,student/work/ex245_ex249_frontend_source_round35_20260613_0800/local-fp8-source-r35/ex245/ex245_selected_mag_function/logs/ex245_ex245_selected_mag_function_synth_preset_raw.evaluate.py.log,official evaluate.py OK; yosys_log=student/work/ex245_ex249_frontend_source_round35_20260613_0800/local-fp8-source-r35/ex245/ex245_selected_mag_function/logs/ex245_selected_mag_function_synth_preset.yosys.log; abc_log=student/work/ex245_ex249_frontend_source_round35_20260613_0800/local-fp8-source-r35/ex245/ex245_selected_mag_function/logs/ex245_ex245_selected_mag_function_synth_preset_raw.abc.log; synth_sec=1.467; abc_sec=0.000; eval_sec=0.729
ex245,float_fp8,local-fp8-source-r35,ex245_ex245_selected_mag_function_synth_preset_resyn2rs_area,FP8 source predicate/table restructuring,ex245_selected_mag_function + synth_preset + resyn2rs_area,selected same/diff table inside one function,ex245|fp8_source_restructure|ex245_selected_mag_function|selected_same_diff_table_inside_one_function|synth_preset|resyn2rs_area|official_evaluate|full_word,student/work/ex245_ex249_frontend_source_round35_20260613_0800/local-fp8-source-r35/ex245/ex245_selected_mag_function/verilog/ex245_selected_mag_function.v,student/work/ex245_ex249_frontend_source_round35_20260613_0800/local-fp8-source-r35/ex245/ex245_selected_mag_function/aigs/ex245_ex245_selected_mag_function_synth_preset_resyn2rs_area.aig,1,not_run,691,34,23494,student/work/ex245_ex249_frontend_source_round35_20260613_0800/local-fp8-source-r35/ex245/ex245_selected_mag_function/logs/ex245_ex245_selected_mag_function_synth_preset_resyn2rs_area.evaluate.py.log,official evaluate.py OK; yosys_log=student/work/ex245_ex249_frontend_source_round35_20260613_0800/local-fp8-source-r35/ex245/ex245_selected_mag_function/logs/ex245_selected_mag_function_synth_preset.yosys.log; abc_log=student/work/ex245_ex249_frontend_source_round35_20260613_0800/local-fp8-source-r35/ex245/ex245_selected_mag_function/logs/ex245_ex245_selected_mag_function_synth_preset_resyn2rs_area.abc.log; synth_sec=1.467; abc_sec=0.171; eval_sec=0.737
ex245,float_fp8,local-fp8-source-r35,ex245_ex245_selected_mag_function_synth_preset_compress2rs_area,FP8 source predicate/table restructuring,ex245_selected_mag_function + synth_preset + compress2rs_area,selected same/diff table inside one function,ex245|fp8_source_restructure|ex245_selected_mag_function|selected_same_diff_table_inside_one_function|synth_preset|compress2rs_area|official_evaluate|full_word,student/work/ex245_ex249_frontend_source_round35_20260613_0800/local-fp8-source-r35/ex245/ex245_selected_mag_function/verilog/ex245_selected_mag_function.v,student/work/ex245_ex249_frontend_source_round35_20260613_0800/local-fp8-source-r35/ex245/ex245_selected_mag_function/aigs/ex245_ex245_selected_mag_function_synth_preset_compress2rs_area.aig,1,not_run,690,37,25530,student/work/ex245_ex249_frontend_source_round35_20260613_0800/local-fp8-source-r35/ex245/ex245_selected_mag_function/logs/ex245_ex245_selected_mag_function_synth_preset_compress2rs_area.evaluate.py.log,official evaluate.py OK; yosys_log=student/work/ex245_ex249_frontend_source_round35_20260613_0800/local-fp8-source-r35/ex245/ex245_selected_mag_function/logs/ex245_selected_mag_function_synth_preset.yosys.log; abc_log=student/work/ex245_ex249_frontend_source_round35_20260613_0800/local-fp8-source-r35/ex245/ex245_selected_mag_function/logs/ex245_ex245_selected_mag_function_synth_preset_compress2rs_area.abc.log; synth_sec=1.467; abc_sec=0.192; eval_sec=0.730
ex245,float_fp8,local-fp8-source-r35,ex245_ex245_key_gated_tables_default_raw,FP8 source predicate/table restructuring,ex245_key_gated_tables + default + raw,gate same/diff table keys when inactive,ex245|fp8_source_restructure|ex245_key_gated_tables|gate_same_diff_table_keys_when_inactive|default|raw|official_evaluate|full_word,student/work/ex245_ex249_frontend_source_round35_20260613_0800/local-fp8-source-r35/ex245/ex245_key_gated_tables/verilog/ex245_key_gated_tables.v,student/work/ex245_ex249_frontend_source_round35_20260613_0800/local-fp8-source-r35/ex245/ex245_key_gated_tables/aigs/ex245_ex245_key_gated_tables_default_raw.aig,1,not_run,739,42,31038,student/work/ex245_ex249_frontend_source_round35_20260613_0800/local-fp8-source-r35/ex245/ex245_key_gated_tables/logs/ex245_ex245_key_gated_tables_default_raw.evaluate.py.log,official evaluate.py OK; yosys_log=student/work/ex245_ex249_frontend_source_round35_20260613_0800/local-fp8-source-r35/ex245/ex245_key_gated_tables/logs/ex245_key_gated_tables_default.yosys.log; abc_log=student/work/ex245_ex249_frontend_source_round35_20260613_0800/local-fp8-source-r35/ex245/ex245_key_gated_tables/logs/ex245_ex245_key_gated_tables_default_raw.abc.log; synth_sec=1.044; abc_sec=0.000; eval_sec=0.728
ex245,float_fp8,local-fp8-source-r35,ex245_ex245_key_gated_tables_default_resyn2rs_area,FP8 source predicate/table restructuring,ex245_key_gated_tables + default + resyn2rs_area,gate same/diff table keys when inactive,ex245|fp8_source_restructure|ex245_key_gated_tables|gate_same_diff_table_keys_when_inactive|default|resyn2rs_area|official_evaluate|full_word,student/work/ex245_ex249_frontend_source_round35_20260613_0800/local-fp8-source-r35/ex245/ex245_key_gated_tables/verilog/ex245_key_gated_tables.v,student/work/ex245_ex249_frontend_source_round35_20260613_0800/local-fp8-source-r35/ex245/ex245_key_gated_tables/aigs/ex245_ex245_key_gated_tables_default_resyn2rs_area.aig,1,not_run,701,40,28040,student/work/ex245_ex249_frontend_source_round35_20260613_0800/local-fp8-source-r35/ex245/ex245_key_gated_tables/logs/ex245_ex245_key_gated_tables_default_resyn2rs_area.evaluate.py.log,official evaluate.py OK; yosys_log=student/work/ex245_ex249_frontend_source_round35_20260613_0800/local-fp8-source-r35/ex245/ex245_key_gated_tables/logs/ex245_key_gated_tables_default.yosys.log; abc_log=student/work/ex245_ex249_frontend_source_round35_20260613_0800/local-fp8-source-r35/ex245/ex245_key_gated_tables/logs/ex245_ex245_key_gated_tables_default_resyn2rs_area.abc.log; synth_sec=1.044; abc_sec=0.227; eval_sec=0.735
ex245,float_fp8,local-fp8-source-r35,ex245_ex245_key_gated_tables_default_compress2rs_area,FP8 source predicate/table restructuring,ex245_key_gated_tables + default + compress2rs_area,gate same/diff table keys when inactive,ex245|fp8_source_restructure|ex245_key_gated_tables|gate_same_diff_table_keys_when_inactive|default|compress2rs_area|official_evaluate|full_word,student/work/ex245_ex249_frontend_source_round35_20260613_0800/local-fp8-source-r35/ex245/ex245_key_gated_tables/verilog/ex245_key_gated_tables.v,student/work/ex245_ex249_frontend_source_round35_20260613_0800/local-fp8-source-r35/ex245/ex245_key_gated_tables/aigs/ex245_ex245_key_gated_tables_default_compress2rs_area.aig,1,not_run,696,43,29928,student/work/ex245_ex249_frontend_source_round35_20260613_0800/local-fp8-source-r35/ex245/ex245_key_gated_tables/logs/ex245_ex245_key_gated_tables_default_compress2rs_area.evaluate.py.log,official evaluate.py OK; yosys_log=student/work/ex245_ex249_frontend_source_round35_20260613_0800/local-fp8-source-r35/ex245/ex245_key_gated_tables/logs/ex245_key_gated_tables_default.yosys.log; abc_log=student/work/ex245_ex249_frontend_source_round35_20260613_0800/local-fp8-source-r35/ex245/ex245_key_gated_tables/logs/ex245_ex245_key_gated_tables_default_compress2rs_area.abc.log; synth_sec=1.044; abc_sec=0.211; eval_sec=0.729
ex245,float_fp8,local-fp8-source-r35,ex245_ex245_key_gated_tables_extra_share_raw,FP8 source predicate/table restructuring,ex245_key_gated_tables + extra_share + raw,gate same/diff table keys when inactive,ex245|fp8_source_restructure|ex245_key_gated_tables|gate_same_diff_table_keys_when_inactive|extra_share|raw|official_evaluate|full_word,student/work/ex245_ex249_frontend_source_round35_20260613_0800/local-fp8-source-r35/ex245/ex245_key_gated_tables/verilog/ex245_key_gated_tables.v,student/work/ex245_ex249_frontend_source_round35_20260613_0800/local-fp8-source-r35/ex245/ex245_key_gated_tables/aigs/ex245_ex245_key_gated_tables_extra_share_raw.aig,1,not_run,740,42,31080,student/work/ex245_ex249_frontend_source_round35_20260613_0800/local-fp8-source-r35/ex245/ex245_key_gated_tables/logs/ex245_ex245_key_gated_tables_extra_share_raw.evaluate.py.log,official evaluate.py OK; yosys_log=student/work/ex245_ex249_frontend_source_round35_20260613_0800/local-fp8-source-r35/ex245/ex245_key_gated_tables/logs/ex245_key_gated_tables_extra_share.yosys.log; abc_log=student/work/ex245_ex249_frontend_source_round35_20260613_0800/local-fp8-source-r35/ex245/ex245_key_gated_tables/logs/ex245_ex245_key_gated_tables_extra_share_raw.abc.log; synth_sec=1.080; abc_sec=0.000; eval_sec=0.731
ex245,float_fp8,local-fp8-source-r35,ex245_ex245_key_gated_tables_extra_share_resyn2rs_area,FP8 source predicate/table restructuring,ex245_key_gated_tables + extra_share + resyn2rs_area,gate same/diff table keys when inactive,ex245|fp8_source_restructure|ex245_key_gated_tables|gate_same_diff_table_keys_when_inactive|extra_share|resyn2rs_area|official_evaluate|full_word,student/work/ex245_ex249_frontend_source_round35_20260613_0800/local-fp8-source-r35/ex245/ex245_key_gated_tables/verilog/ex245_key_gated_tables.v,student/work/ex245_ex249_frontend_source_round35_20260613_0800/local-fp8-source-r35/ex245/ex245_key_gated_tables/aigs/ex245_ex245_key_gated_tables_extra_share_resyn2rs_area.aig,1,not_run,700,40,28000,student/work/ex245_ex249_frontend_source_round35_20260613_0800/local-fp8-source-r35/ex245/ex245_key_gated_tables/logs/ex245_ex245_key_gated_tables_extra_share_resyn2rs_area.evaluate.py.log,official evaluate.py OK; yosys_log=student/work/ex245_ex249_frontend_source_round35_20260613_0800/local-fp8-source-r35/ex245/ex245_key_gated_tables/logs/ex245_key_gated_tables_extra_share.yosys.log; abc_log=student/work/ex245_ex249_frontend_source_round35_20260613_0800/local-fp8-source-r35/ex245/ex245_key_gated_tables/logs/ex245_ex245_key_gated_tables_extra_share_resyn2rs_area.abc.log; synth_sec=1.080; abc_sec=0.206; eval_sec=0.731
ex245,float_fp8,local-fp8-source-r35,ex245_ex245_key_gated_tables_extra_share_compress2rs_area,FP8 source predicate/table restructuring,ex245_key_gated_tables + extra_share + compress2rs_area,gate same/diff table keys when inactive,ex245|fp8_source_restructure|ex245_key_gated_tables|gate_same_diff_table_keys_when_inactive|extra_share|compress2rs_area|official_evaluate|full_word,student/work/ex245_ex249_frontend_source_round35_20260613_0800/local-fp8-source-r35/ex245/ex245_key_gated_tables/verilog/ex245_key_gated_tables.v,student/work/ex245_ex249_frontend_source_round35_20260613_0800/local-fp8-source-r35/ex245/ex245_key_gated_tables/aigs/ex245_ex245_key_gated_tables_extra_share_compress2rs_area.aig,1,not_run,694,44,30536,student/work/ex245_ex249_frontend_source_round35_20260613_0800/local-fp8-source-r35/ex245/ex245_key_gated_tables/logs/ex245_ex245_key_gated_tables_extra_share_compress2rs_area.evaluate.py.log,official evaluate.py OK; yosys_log=student/work/ex245_ex249_frontend_source_round35_20260613_0800/local-fp8-source-r35/ex245/ex245_key_gated_tables/logs/ex245_key_gated_tables_extra_share.yosys.log; abc_log=student/work/ex245_ex249_frontend_source_round35_20260613_0800/local-fp8-source-r35/ex245/ex245_key_gated_tables/logs/ex245_ex245_key_gated_tables_extra_share_compress2rs_area.abc.log; synth_sec=1.080; abc_sec=0.174; eval_sec=0.732
ex245,float_fp8,local-fp8-source-r35,ex245_ex245_key_gated_tables_abc_g_aig_raw,FP8 source predicate/table restructuring,ex245_key_gated_tables + abc_g_aig + raw,gate same/diff table keys when inactive,ex245|fp8_source_restructure|ex245_key_gated_tables|gate_same_diff_table_keys_when_inactive|abc_g_aig|raw|official_evaluate|full_word,student/work/ex245_ex249_frontend_source_round35_20260613_0800/local-fp8-source-r35/ex245/ex245_key_gated_tables/verilog/ex245_key_gated_tables.v,student/work/ex245_ex249_frontend_source_round35_20260613_0800/local-fp8-source-r35/ex245/ex245_key_gated_tables/aigs/ex245_ex245_key_gated_tables_abc_g_aig_raw.aig,1,not_run,726,41,29766,student/work/ex245_ex249_frontend_source_round35_20260613_0800/local-fp8-source-r35/ex245/ex245_key_gated_tables/logs/ex245_ex245_key_gated_tables_abc_g_aig_raw.evaluate.py.log,official evaluate.py OK; yosys_log=student/work/ex245_ex249_frontend_source_round35_20260613_0800/local-fp8-source-r35/ex245/ex245_key_gated_tables/logs/ex245_key_gated_tables_abc_g_aig.yosys.log; abc_log=student/work/ex245_ex249_frontend_source_round35_20260613_0800/local-fp8-source-r35/ex245/ex245_key_gated_tables/logs/ex245_ex245_key_gated_tables_abc_g_aig_raw.abc.log; synth_sec=1.045; abc_sec=0.000; eval_sec=0.732
ex245,float_fp8,local-fp8-source-r35,ex245_ex245_key_gated_tables_abc_g_aig_resyn2rs_area,FP8 source predicate/table restructuring,ex245_key_gated_tables + abc_g_aig + resyn2rs_area,gate same/diff table keys when inactive,ex245|fp8_source_restructure|ex245_key_gated_tables|gate_same_diff_table_keys_when_inactive|abc_g_aig|resyn2rs_area|official_evaluate|full_word,student/work/ex245_ex249_frontend_source_round35_20260613_0800/local-fp8-source-r35/ex245/ex245_key_gated_tables/verilog/ex245_key_gated_tables.v,student/work/ex245_ex249_frontend_source_round35_20260613_0800/local-fp8-source-r35/ex245/ex245_key_gated_tables/aigs/ex245_ex245_key_gated_tables_abc_g_aig_resyn2rs_area.aig,1,not_run,707,40,28280,student/work/ex245_ex249_frontend_source_round35_20260613_0800/local-fp8-source-r35/ex245/ex245_key_gated_tables/logs/ex245_ex245_key_gated_tables_abc_g_aig_resyn2rs_area.evaluate.py.log,official evaluate.py OK; yosys_log=student/work/ex245_ex249_frontend_source_round35_20260613_0800/local-fp8-source-r35/ex245/ex245_key_gated_tables/logs/ex245_key_gated_tables_abc_g_aig.yosys.log; abc_log=student/work/ex245_ex249_frontend_source_round35_20260613_0800/local-fp8-source-r35/ex245/ex245_key_gated_tables/logs/ex245_ex245_key_gated_tables_abc_g_aig_resyn2rs_area.abc.log; synth_sec=1.045; abc_sec=0.214; eval_sec=0.732
ex245,float_fp8,local-fp8-source-r35,ex245_ex245_key_gated_tables_abc_g_aig_compress2rs_area,FP8 source predicate/table restructuring,ex245_key_gated_tables + abc_g_aig + compress2rs_area,gate same/diff table keys when inactive,ex245|fp8_source_restructure|ex245_key_gated_tables|gate_same_diff_table_keys_when_inactive|abc_g_aig|compress2rs_area|official_evaluate|full_word,student/work/ex245_ex249_frontend_source_round35_20260613_0800/local-fp8-source-r35/ex245/ex245_key_gated_tables/verilog/ex245_key_gated_tables.v,student/work/ex245_ex249_frontend_source_round35_20260613_0800/local-fp8-source-r35/ex245/ex245_key_gated_tables/aigs/ex245_ex245_key_gated_tables_abc_g_aig_compress2rs_area.aig,1,not_run,698,43,30014,student/work/ex245_ex249_frontend_source_round35_20260613_0800/local-fp8-source-r35/ex245/ex245_key_gated_tables/logs/ex245_ex245_key_gated_tables_abc_g_aig_compress2rs_area.evaluate.py.log,official evaluate.py OK; yosys_log=student/work/ex245_ex249_frontend_source_round35_20260613_0800/local-fp8-source-r35/ex245/ex245_key_gated_tables/logs/ex245_key_gated_tables_abc_g_aig.yosys.log; abc_log=student/work/ex245_ex249_frontend_source_round35_20260613_0800/local-fp8-source-r35/ex245/ex245_key_gated_tables/logs/ex245_ex245_key_gated_tables_abc_g_aig_compress2rs_area.abc.log; synth_sec=1.045; abc_sec=0.186; eval_sec=0.747
ex245,float_fp8,local-fp8-source-r35,ex245_ex245_key_gated_tables_synth_preset_raw,FP8 source predicate/table restructuring,ex245_key_gated_tables + synth_preset + raw,gate same/diff table keys when inactive,ex245|fp8_source_restructure|ex245_key_gated_tables|gate_same_diff_table_keys_when_inactive|synth_preset|raw|official_evaluate|full_word,student/work/ex245_ex249_frontend_source_round35_20260613_0800/local-fp8-source-r35/ex245/ex245_key_gated_tables/verilog/ex245_key_gated_tables.v,student/work/ex245_ex249_frontend_source_round35_20260613_0800/local-fp8-source-r35/ex245/ex245_key_gated_tables/aigs/ex245_ex245_key_gated_tables_synth_preset_raw.aig,1,not_run,725,42,30450,student/work/ex245_ex249_frontend_source_round35_20260613_0800/local-fp8-source-r35/ex245/ex245_key_gated_tables/logs/ex245_ex245_key_gated_tables_synth_preset_raw.evaluate.py.log,official evaluate.py OK; yosys_log=student/work/ex245_ex249_frontend_source_round35_20260613_0800/local-fp8-source-r35/ex245/ex245_key_gated_tables/logs/ex245_key_gated_tables_synth_preset.yosys.log; abc_log=student/work/ex245_ex249_frontend_source_round35_20260613_0800/local-fp8-source-r35/ex245/ex245_key_gated_tables/logs/ex245_ex245_key_gated_tables_synth_preset_raw.abc.log; synth_sec=1.354; abc_sec=0.000; eval_sec=0.728
ex245,float_fp8,local-fp8-source-r35,ex245_ex245_key_gated_tables_synth_preset_resyn2rs_area,FP8 source predicate/table restructuring,ex245_key_gated_tables + synth_preset + resyn2rs_area,gate same/diff table keys when inactive,ex245|fp8_source_restructure|ex245_key_gated_tables|gate_same_diff_table_keys_when_inactive|synth_preset|resyn2rs_area|official_evaluate|full_word,student/work/ex245_ex249_frontend_source_round35_20260613_0800/local-fp8-source-r35/ex245/ex245_key_gated_tables/verilog/ex245_key_gated_tables.v,student/work/ex245_ex249_frontend_source_round35_20260613_0800/local-fp8-source-r35/ex245/ex245_key_gated_tables/aigs/ex245_ex245_key_gated_tables_synth_preset_resyn2rs_area.aig,1,not_run,685,39,26715,student/work/ex245_ex249_frontend_source_round35_20260613_0800/local-fp8-source-r35/ex245/ex245_key_gated_tables/logs/ex245_ex245_key_gated_tables_synth_preset_resyn2rs_area.evaluate.py.log,official evaluate.py OK; yosys_log=student/work/ex245_ex249_frontend_source_round35_20260613_0800/local-fp8-source-r35/ex245/ex245_key_gated_tables/logs/ex245_key_gated_tables_synth_preset.yosys.log; abc_log=student/work/ex245_ex249_frontend_source_round35_20260613_0800/local-fp8-source-r35/ex245/ex245_key_gated_tables/logs/ex245_ex245_key_gated_tables_synth_preset_resyn2rs_area.abc.log; synth_sec=1.354; abc_sec=0.208; eval_sec=0.725
ex245,float_fp8,local-fp8-source-r35,ex245_ex245_key_gated_tables_synth_preset_compress2rs_area,FP8 source predicate/table restructuring,ex245_key_gated_tables + synth_preset + compress2rs_area,gate same/diff table keys when inactive,ex245|fp8_source_restructure|ex245_key_gated_tables|gate_same_diff_table_keys_when_inactive|synth_preset|compress2rs_area|official_evaluate|full_word,student/work/ex245_ex249_frontend_source_round35_20260613_0800/local-fp8-source-r35/ex245/ex245_key_gated_tables/verilog/ex245_key_gated_tables.v,student/work/ex245_ex249_frontend_source_round35_20260613_0800/local-fp8-source-r35/ex245/ex245_key_gated_tables/aigs/ex245_ex245_key_gated_tables_synth_preset_compress2rs_area.aig,1,not_run,677,43,29111,student/work/ex245_ex249_frontend_source_round35_20260613_0800/local-fp8-source-r35/ex245/ex245_key_gated_tables/logs/ex245_ex245_key_gated_tables_synth_preset_compress2rs_area.evaluate.py.log,official evaluate.py OK; yosys_log=student/work/ex245_ex249_frontend_source_round35_20260613_0800/local-fp8-source-r35/ex245/ex245_key_gated_tables/logs/ex245_key_gated_tables_synth_preset.yosys.log; abc_log=student/work/ex245_ex249_frontend_source_round35_20260613_0800/local-fp8-source-r35/ex245/ex245_key_gated_tables/logs/ex245_ex245_key_gated_tables_synth_preset_compress2rs_area.abc.log; synth_sec=1.354; abc_sec=0.245; eval_sec=0.735
