case,candidate_id,hypothesis,variant,verilog_path,aig_path,verified_truth,synthesized,equivalent,area,delay,adp,reference_adp,adp_ratio_to_reference,within_1p5_reference,beats_reference,runtime_sec,classification,notes
ex270,ex270_square_direct_square_abc_g_aig,unsigned_square_x_times_x,direct_square+abc_g_aig,student/work/ex270_ex274_frontend_square_structures_20260609_1138_full2/ex270/verilog/ex270_square_direct_square.v,student/work/ex270_ex274_frontend_square_structures_20260609_1138_full2/ex270/aigs/ex270_square_direct_square_abc_g_aig.aig,1,1,1,270,33,8910,2076,4.291908,0,0,0.335,semantic_rtl,exact unsigned 8-bit square x*x over 256 inputs; source=direct_square; flow=abc_g_aig
ex270,ex270_square_direct_square_wreduce_abc_g_aig,unsigned_square_x_times_x,direct_square+wreduce_abc_g_aig,student/work/ex270_ex274_frontend_square_structures_20260609_1138_full2/ex270/verilog/ex270_square_direct_square.v,student/work/ex270_ex274_frontend_square_structures_20260609_1138_full2/ex270/aigs/ex270_square_direct_square_wreduce_abc_g_aig.aig,1,1,1,270,33,8910,2076,4.291908,0,0,0.325,semantic_rtl,exact unsigned 8-bit square x*x over 256 inputs; source=direct_square; flow=wreduce_abc_g_aig
ex270,ex270_square_direct_square_arith_wreduce_aig,unsigned_square_x_times_x,direct_square+arith_wreduce_aig,student/work/ex270_ex274_frontend_square_structures_20260609_1138_full2/ex270/verilog/ex270_square_direct_square.v,student/work/ex270_ex274_frontend_square_structures_20260609_1138_full2/ex270/aigs/ex270_square_direct_square_arith_wreduce_aig.aig,1,1,1,270,33,8910,2076,4.291908,0,0,0.330,semantic_rtl,exact unsigned 8-bit square x*x over 256 inputs; source=direct_square; flow=arith_wreduce_aig
ex270,ex270_square_direct_square_synth_preset_d20,unsigned_square_x_times_x,direct_square+synth_preset_d20,student/work/ex270_ex274_frontend_square_structures_20260609_1138_full2/ex270/verilog/ex270_square_direct_square.v,student/work/ex270_ex274_frontend_square_structures_20260609_1138_full2/ex270/aigs/ex270_square_direct_square_synth_preset_d20.aig,1,1,1,252,33,8316,2076,4.005780,0,0,0.395,semantic_rtl,exact unsigned 8-bit square x*x over 256 inputs; source=direct_square; flow=synth_preset_d20
ex270,ex270_square_triangular_balanced_abc_g_aig,unsigned_square_x_times_x,triangular_balanced+abc_g_aig,student/work/ex270_ex274_frontend_square_structures_20260609_1138_full2/ex270/verilog/ex270_square_triangular_balanced.v,student/work/ex270_ex274_frontend_square_structures_20260609_1138_full2/ex270/aigs/ex270_square_triangular_balanced_abc_g_aig.aig,1,1,1,206,30,6180,2076,2.976879,0,0,0.460,square_specific_structural_rtl,exact unsigned 8-bit square x*x over 256 inputs; source=triangular_balanced; flow=abc_g_aig
ex270,ex270_square_triangular_balanced_wreduce_abc_g_aig,unsigned_square_x_times_x,triangular_balanced+wreduce_abc_g_aig,student/work/ex270_ex274_frontend_square_structures_20260609_1138_full2/ex270/verilog/ex270_square_triangular_balanced.v,student/work/ex270_ex274_frontend_square_structures_20260609_1138_full2/ex270/aigs/ex270_square_triangular_balanced_wreduce_abc_g_aig.aig,1,1,1,210,30,6300,2076,3.034682,0,0,0.516,square_specific_structural_rtl,exact unsigned 8-bit square x*x over 256 inputs; source=triangular_balanced; flow=wreduce_abc_g_aig
ex270,ex270_square_triangular_balanced_arith_wreduce_aig,unsigned_square_x_times_x,triangular_balanced+arith_wreduce_aig,student/work/ex270_ex274_frontend_square_structures_20260609_1138_full2/ex270/verilog/ex270_square_triangular_balanced.v,student/work/ex270_ex274_frontend_square_structures_20260609_1138_full2/ex270/aigs/ex270_square_triangular_balanced_arith_wreduce_aig.aig,1,1,1,199,28,5572,2076,2.684008,0,0,0.311,square_specific_structural_rtl,exact unsigned 8-bit square x*x over 256 inputs; source=triangular_balanced; flow=arith_wreduce_aig
ex270,ex270_square_triangular_balanced_synth_preset_d20,unsigned_square_x_times_x,triangular_balanced+synth_preset_d20,student/work/ex270_ex274_frontend_square_structures_20260609_1138_full2/ex270/verilog/ex270_square_triangular_balanced.v,student/work/ex270_ex274_frontend_square_structures_20260609_1138_full2/ex270/aigs/ex270_square_triangular_balanced_synth_preset_d20.aig,1,1,1,195,27,5265,2076,2.536127,0,0,0.320,square_specific_structural_rtl,exact unsigned 8-bit square x*x over 256 inputs; source=triangular_balanced; flow=synth_preset_d20
ex270,ex270_square_triangular_rows_csa_abc_g_aig,unsigned_square_x_times_x,triangular_rows_csa+abc_g_aig,student/work/ex270_ex274_frontend_square_structures_20260609_1138_full2/ex270/verilog/ex270_square_triangular_rows_csa.v,student/work/ex270_ex274_frontend_square_structures_20260609_1138_full2/ex270/aigs/ex270_square_triangular_rows_csa_abc_g_aig.aig,1,1,1,222,27,5994,2076,2.887283,0,0,0.252,square_specific_structural_rtl,exact unsigned 8-bit square x*x over 256 inputs; source=triangular_rows_csa; flow=abc_g_aig
ex270,ex270_square_triangular_rows_csa_wreduce_abc_g_aig,unsigned_square_x_times_x,triangular_rows_csa+wreduce_abc_g_aig,student/work/ex270_ex274_frontend_square_structures_20260609_1138_full2/ex270/verilog/ex270_square_triangular_rows_csa.v,student/work/ex270_ex274_frontend_square_structures_20260609_1138_full2/ex270/aigs/ex270_square_triangular_rows_csa_wreduce_abc_g_aig.aig,1,1,1,223,26,5798,2076,2.792871,0,0,0.262,square_specific_structural_rtl,exact unsigned 8-bit square x*x over 256 inputs; source=triangular_rows_csa; flow=wreduce_abc_g_aig
ex270,ex270_square_triangular_rows_csa_arith_wreduce_aig,unsigned_square_x_times_x,triangular_rows_csa+arith_wreduce_aig,student/work/ex270_ex274_frontend_square_structures_20260609_1138_full2/ex270/verilog/ex270_square_triangular_rows_csa.v,student/work/ex270_ex274_frontend_square_structures_20260609_1138_full2/ex270/aigs/ex270_square_triangular_rows_csa_arith_wreduce_aig.aig,1,1,1,223,25,5575,2076,2.685453,0,0,0.267,square_specific_structural_rtl,exact unsigned 8-bit square x*x over 256 inputs; source=triangular_rows_csa; flow=arith_wreduce_aig
ex270,ex270_square_triangular_rows_csa_synth_preset_d20,unsigned_square_x_times_x,triangular_rows_csa+synth_preset_d20,student/work/ex270_ex274_frontend_square_structures_20260609_1138_full2/ex270/verilog/ex270_square_triangular_rows_csa.v,student/work/ex270_ex274_frontend_square_structures_20260609_1138_full2/ex270/aigs/ex270_square_triangular_rows_csa_synth_preset_d20.aig,1,1,1,226,23,5198,2076,2.503854,0,0,0.337,square_specific_structural_rtl,exact unsigned 8-bit square x*x over 256 inputs; source=triangular_rows_csa; flow=synth_preset_d20
ex270,ex270_square_wallace_square_abc_g_aig,unsigned_square_x_times_x,wallace_square+abc_g_aig,student/work/ex270_ex274_frontend_square_structures_20260609_1138_full2/ex270/verilog/ex270_square_wallace_square.v,student/work/ex270_ex274_frontend_square_structures_20260609_1138_full2/ex270/aigs/ex270_square_wallace_square_abc_g_aig.aig,1,1,1,194,23,4462,2076,2.149326,0,0,0.234,square_specific_structural_rtl,exact unsigned 8-bit square x*x over 256 inputs; source=wallace_square; flow=abc_g_aig
ex270,ex270_square_wallace_square_wreduce_abc_g_aig,unsigned_square_x_times_x,wallace_square+wreduce_abc_g_aig,student/work/ex270_ex274_frontend_square_structures_20260609_1138_full2/ex270/verilog/ex270_square_wallace_square.v,student/work/ex270_ex274_frontend_square_structures_20260609_1138_full2/ex270/aigs/ex270_square_wallace_square_wreduce_abc_g_aig.aig,1,1,1,194,23,4462,2076,2.149326,0,0,0.245,square_specific_structural_rtl,exact unsigned 8-bit square x*x over 256 inputs; source=wallace_square; flow=wreduce_abc_g_aig
ex270,ex270_square_wallace_square_arith_wreduce_aig,unsigned_square_x_times_x,wallace_square+arith_wreduce_aig,student/work/ex270_ex274_frontend_square_structures_20260609_1138_full2/ex270/verilog/ex270_square_wallace_square.v,student/work/ex270_ex274_frontend_square_structures_20260609_1138_full2/ex270/aigs/ex270_square_wallace_square_arith_wreduce_aig.aig,1,1,1,193,22,4246,2076,2.045279,0,0,0.285,square_specific_structural_rtl,exact unsigned 8-bit square x*x over 256 inputs; source=wallace_square; flow=arith_wreduce_aig
ex270,ex270_square_wallace_square_synth_preset_d20,unsigned_square_x_times_x,wallace_square+synth_preset_d20,student/work/ex270_ex274_frontend_square_structures_20260609_1138_full2/ex270/verilog/ex270_square_wallace_square.v,student/work/ex270_ex274_frontend_square_structures_20260609_1138_full2/ex270/aigs/ex270_square_wallace_square_synth_preset_d20.aig,1,1,1,190,22,4180,2076,2.013487,0,0,0.316,square_specific_structural_rtl,exact unsigned 8-bit square x*x over 256 inputs; source=wallace_square; flow=synth_preset_d20
ex270,ex270_square_wallace_square_rev_abc_g_aig,unsigned_square_x_times_x,wallace_square_rev+abc_g_aig,student/work/ex270_ex274_frontend_square_structures_20260609_1138_full2/ex270/verilog/ex270_square_wallace_square_rev.v,student/work/ex270_ex274_frontend_square_structures_20260609_1138_full2/ex270/aigs/ex270_square_wallace_square_rev_abc_g_aig.aig,1,1,1,188,22,4136,2076,1.992293,0,0,0.230,square_specific_structural_rtl,exact unsigned 8-bit square x*x over 256 inputs; source=wallace_square_rev; flow=abc_g_aig
ex270,ex270_square_wallace_square_rev_wreduce_abc_g_aig,unsigned_square_x_times_x,wallace_square_rev+wreduce_abc_g_aig,student/work/ex270_ex274_frontend_square_structures_20260609_1138_full2/ex270/verilog/ex270_square_wallace_square_rev.v,student/work/ex270_ex274_frontend_square_structures_20260609_1138_full2/ex270/aigs/ex270_square_wallace_square_rev_wreduce_abc_g_aig.aig,1,1,1,188,22,4136,2076,1.992293,0,0,0.239,square_specific_structural_rtl,exact unsigned 8-bit square x*x over 256 inputs; source=wallace_square_rev; flow=wreduce_abc_g_aig
ex270,ex270_square_wallace_square_rev_arith_wreduce_aig,unsigned_square_x_times_x,wallace_square_rev+arith_wreduce_aig,student/work/ex270_ex274_frontend_square_structures_20260609_1138_full2/ex270/verilog/ex270_square_wallace_square_rev.v,student/work/ex270_ex274_frontend_square_structures_20260609_1138_full2/ex270/aigs/ex270_square_wallace_square_rev_arith_wreduce_aig.aig,1,1,1,188,22,4136,2076,1.992293,0,0,0.261,square_specific_structural_rtl,exact unsigned 8-bit square x*x over 256 inputs; source=wallace_square_rev; flow=arith_wreduce_aig
ex270,ex270_square_wallace_square_rev_synth_preset_d20,unsigned_square_x_times_x,wallace_square_rev+synth_preset_d20,student/work/ex270_ex274_frontend_square_structures_20260609_1138_full2/ex270/verilog/ex270_square_wallace_square_rev.v,student/work/ex270_ex274_frontend_square_structures_20260609_1138_full2/ex270/aigs/ex270_square_wallace_square_rev_synth_preset_d20.aig,1,1,1,187,22,4114,2076,1.981696,0,0,0.381,square_specific_structural_rtl,exact unsigned 8-bit square x*x over 256 inputs; source=wallace_square_rev; flow=synth_preset_d20
ex270,ex270_square_wallace_square_outside_abc_g_aig,unsigned_square_x_times_x,wallace_square_outside+abc_g_aig,student/work/ex270_ex274_frontend_square_structures_20260609_1138_full2/ex270/verilog/ex270_square_wallace_square_outside.v,student/work/ex270_ex274_frontend_square_structures_20260609_1138_full2/ex270/aigs/ex270_square_wallace_square_outside_abc_g_aig.aig,1,1,1,186,21,3906,2076,1.881503,0,0,0.247,square_specific_structural_rtl,exact unsigned 8-bit square x*x over 256 inputs; source=wallace_square_outside; flow=abc_g_aig
ex270,ex270_square_wallace_square_outside_wreduce_abc_g_aig,unsigned_square_x_times_x,wallace_square_outside+wreduce_abc_g_aig,student/work/ex270_ex274_frontend_square_structures_20260609_1138_full2/ex270/verilog/ex270_square_wallace_square_outside.v,student/work/ex270_ex274_frontend_square_structures_20260609_1138_full2/ex270/aigs/ex270_square_wallace_square_outside_wreduce_abc_g_aig.aig,1,1,1,186,21,3906,2076,1.881503,0,0,0.233,square_specific_structural_rtl,exact unsigned 8-bit square x*x over 256 inputs; source=wallace_square_outside; flow=wreduce_abc_g_aig
ex270,ex270_square_wallace_square_outside_arith_wreduce_aig,unsigned_square_x_times_x,wallace_square_outside+arith_wreduce_aig,student/work/ex270_ex274_frontend_square_structures_20260609_1138_full2/ex270/verilog/ex270_square_wallace_square_outside.v,student/work/ex270_ex274_frontend_square_structures_20260609_1138_full2/ex270/aigs/ex270_square_wallace_square_outside_arith_wreduce_aig.aig,1,1,1,187,21,3927,2076,1.891618,0,0,0.256,square_specific_structural_rtl,exact unsigned 8-bit square x*x over 256 inputs; source=wallace_square_outside; flow=arith_wreduce_aig
ex270,ex270_square_wallace_square_outside_synth_preset_d20,unsigned_square_x_times_x,wallace_square_outside+synth_preset_d20,student/work/ex270_ex274_frontend_square_structures_20260609_1138_full2/ex270/verilog/ex270_square_wallace_square_outside.v,student/work/ex270_ex274_frontend_square_structures_20260609_1138_full2/ex270/aigs/ex270_square_wallace_square_outside_synth_preset_d20.aig,1,1,1,183,20,3660,2076,1.763006,0,0,0.304,square_specific_structural_rtl,exact unsigned 8-bit square x*x over 256 inputs; source=wallace_square_outside; flow=synth_preset_d20
ex270,ex270_square_wallace_square_hcla2_abc_g_aig,unsigned_square_x_times_x,wallace_square_hcla2+abc_g_aig,student/work/ex270_ex274_frontend_square_structures_20260609_1138_full2/ex270/verilog/ex270_square_wallace_square_hcla2.v,student/work/ex270_ex274_frontend_square_structures_20260609_1138_full2/ex270/aigs/ex270_square_wallace_square_hcla2_abc_g_aig.aig,1,1,1,195,22,4290,2076,2.066474,0,0,0.247,square_specific_structural_rtl,exact unsigned 8-bit square x*x over 256 inputs; source=wallace_square_hcla2; flow=abc_g_aig
ex270,ex270_square_wallace_square_hcla2_wreduce_abc_g_aig,unsigned_square_x_times_x,wallace_square_hcla2+wreduce_abc_g_aig,student/work/ex270_ex274_frontend_square_structures_20260609_1138_full2/ex270/verilog/ex270_square_wallace_square_hcla2.v,student/work/ex270_ex274_frontend_square_structures_20260609_1138_full2/ex270/aigs/ex270_square_wallace_square_hcla2_wreduce_abc_g_aig.aig,1,1,1,198,22,4356,2076,2.098266,0,0,0.250,square_specific_structural_rtl,exact unsigned 8-bit square x*x over 256 inputs; source=wallace_square_hcla2; flow=wreduce_abc_g_aig
ex270,ex270_square_wallace_square_hcla2_arith_wreduce_aig,unsigned_square_x_times_x,wallace_square_hcla2+arith_wreduce_aig,student/work/ex270_ex274_frontend_square_structures_20260609_1138_full2/ex270/verilog/ex270_square_wallace_square_hcla2.v,student/work/ex270_ex274_frontend_square_structures_20260609_1138_full2/ex270/aigs/ex270_square_wallace_square_hcla2_arith_wreduce_aig.aig,1,1,1,198,22,4356,2076,2.098266,0,0,0.252,square_specific_structural_rtl,exact unsigned 8-bit square x*x over 256 inputs; source=wallace_square_hcla2; flow=arith_wreduce_aig
ex270,ex270_square_wallace_square_hcla2_synth_preset_d20,unsigned_square_x_times_x,wallace_square_hcla2+synth_preset_d20,student/work/ex270_ex274_frontend_square_structures_20260609_1138_full2/ex270/verilog/ex270_square_wallace_square_hcla2.v,student/work/ex270_ex274_frontend_square_structures_20260609_1138_full2/ex270/aigs/ex270_square_wallace_square_hcla2_synth_preset_d20.aig,1,1,1,195,22,4290,2076,2.066474,0,0,0.320,square_specific_structural_rtl,exact unsigned 8-bit square x*x over 256 inputs; source=wallace_square_hcla2; flow=synth_preset_d20
ex270,ex270_square_wallace_square_hcla4_abc_g_aig,unsigned_square_x_times_x,wallace_square_hcla4+abc_g_aig,student/work/ex270_ex274_frontend_square_structures_20260609_1138_full2/ex270/verilog/ex270_square_wallace_square_hcla4.v,student/work/ex270_ex274_frontend_square_structures_20260609_1138_full2/ex270/aigs/ex270_square_wallace_square_hcla4_abc_g_aig.aig,1,1,1,196,22,4312,2076,2.077071,0,0,0.236,square_specific_structural_rtl,exact unsigned 8-bit square x*x over 256 inputs; source=wallace_square_hcla4; flow=abc_g_aig
ex270,ex270_square_wallace_square_hcla4_wreduce_abc_g_aig,unsigned_square_x_times_x,wallace_square_hcla4+wreduce_abc_g_aig,student/work/ex270_ex274_frontend_square_structures_20260609_1138_full2/ex270/verilog/ex270_square_wallace_square_hcla4.v,student/work/ex270_ex274_frontend_square_structures_20260609_1138_full2/ex270/aigs/ex270_square_wallace_square_hcla4_wreduce_abc_g_aig.aig,1,1,1,194,22,4268,2076,2.055877,0,0,1.753,square_specific_structural_rtl,exact unsigned 8-bit square x*x over 256 inputs; source=wallace_square_hcla4; flow=wreduce_abc_g_aig
ex270,ex270_square_wallace_square_hcla4_arith_wreduce_aig,unsigned_square_x_times_x,wallace_square_hcla4+arith_wreduce_aig,student/work/ex270_ex274_frontend_square_structures_20260609_1138_full2/ex270/verilog/ex270_square_wallace_square_hcla4.v,student/work/ex270_ex274_frontend_square_structures_20260609_1138_full2/ex270/aigs/ex270_square_wallace_square_hcla4_arith_wreduce_aig.aig,1,1,1,194,22,4268,2076,2.055877,0,0,1.592,square_specific_structural_rtl,exact unsigned 8-bit square x*x over 256 inputs; source=wallace_square_hcla4; flow=arith_wreduce_aig
ex270,ex270_square_wallace_square_hcla4_synth_preset_d20,unsigned_square_x_times_x,wallace_square_hcla4+synth_preset_d20,student/work/ex270_ex274_frontend_square_structures_20260609_1138_full2/ex270/verilog/ex270_square_wallace_square_hcla4.v,student/work/ex270_ex274_frontend_square_structures_20260609_1138_full2/ex270/aigs/ex270_square_wallace_square_hcla4_synth_preset_d20.aig,1,1,1,194,22,4268,2076,2.055877,0,0,0.765,square_specific_structural_rtl,exact unsigned 8-bit square x*x over 256 inputs; source=wallace_square_hcla4; flow=synth_preset_d20
ex270,ex270_square_wallace_square_hcla6_abc_g_aig,unsigned_square_x_times_x,wallace_square_hcla6+abc_g_aig,student/work/ex270_ex274_frontend_square_structures_20260609_1138_full2/ex270/verilog/ex270_square_wallace_square_hcla6.v,student/work/ex270_ex274_frontend_square_structures_20260609_1138_full2/ex270/aigs/ex270_square_wallace_square_hcla6_abc_g_aig.aig,1,1,1,195,22,4290,2076,2.066474,0,0,0.239,square_specific_structural_rtl,exact unsigned 8-bit square x*x over 256 inputs; source=wallace_square_hcla6; flow=abc_g_aig
ex270,ex270_square_wallace_square_hcla6_wreduce_abc_g_aig,unsigned_square_x_times_x,wallace_square_hcla6+wreduce_abc_g_aig,student/work/ex270_ex274_frontend_square_structures_20260609_1138_full2/ex270/verilog/ex270_square_wallace_square_hcla6.v,student/work/ex270_ex274_frontend_square_structures_20260609_1138_full2/ex270/aigs/ex270_square_wallace_square_hcla6_wreduce_abc_g_aig.aig,1,1,1,195,22,4290,2076,2.066474,0,0,0.245,square_specific_structural_rtl,exact unsigned 8-bit square x*x over 256 inputs; source=wallace_square_hcla6; flow=wreduce_abc_g_aig
ex270,ex270_square_wallace_square_hcla6_arith_wreduce_aig,unsigned_square_x_times_x,wallace_square_hcla6+arith_wreduce_aig,student/work/ex270_ex274_frontend_square_structures_20260609_1138_full2/ex270/verilog/ex270_square_wallace_square_hcla6.v,student/work/ex270_ex274_frontend_square_structures_20260609_1138_full2/ex270/aigs/ex270_square_wallace_square_hcla6_arith_wreduce_aig.aig,1,1,1,195,22,4290,2076,2.066474,0,0,0.247,square_specific_structural_rtl,exact unsigned 8-bit square x*x over 256 inputs; source=wallace_square_hcla6; flow=arith_wreduce_aig
ex270,ex270_square_wallace_square_hcla6_synth_preset_d20,unsigned_square_x_times_x,wallace_square_hcla6+synth_preset_d20,student/work/ex270_ex274_frontend_square_structures_20260609_1138_full2/ex270/verilog/ex270_square_wallace_square_hcla6.v,student/work/ex270_ex274_frontend_square_structures_20260609_1138_full2/ex270/aigs/ex270_square_wallace_square_hcla6_synth_preset_d20.aig,1,1,1,194,22,4268,2076,2.055877,0,0,0.321,square_specific_structural_rtl,exact unsigned 8-bit square x*x over 256 inputs; source=wallace_square_hcla6; flow=synth_preset_d20
ex270,ex270_square_wallace_square_hcla8_abc_g_aig,unsigned_square_x_times_x,wallace_square_hcla8+abc_g_aig,student/work/ex270_ex274_frontend_square_structures_20260609_1138_full2/ex270/verilog/ex270_square_wallace_square_hcla8.v,student/work/ex270_ex274_frontend_square_structures_20260609_1138_full2/ex270/aigs/ex270_square_wallace_square_hcla8_abc_g_aig.aig,1,1,1,195,23,4485,2076,2.160405,0,0,0.238,square_specific_structural_rtl,exact unsigned 8-bit square x*x over 256 inputs; source=wallace_square_hcla8; flow=abc_g_aig
ex270,ex270_square_wallace_square_hcla8_wreduce_abc_g_aig,unsigned_square_x_times_x,wallace_square_hcla8+wreduce_abc_g_aig,student/work/ex270_ex274_frontend_square_structures_20260609_1138_full2/ex270/verilog/ex270_square_wallace_square_hcla8.v,student/work/ex270_ex274_frontend_square_structures_20260609_1138_full2/ex270/aigs/ex270_square_wallace_square_hcla8_wreduce_abc_g_aig.aig,1,1,1,195,22,4290,2076,2.066474,0,0,0.245,square_specific_structural_rtl,exact unsigned 8-bit square x*x over 256 inputs; source=wallace_square_hcla8; flow=wreduce_abc_g_aig
ex270,ex270_square_wallace_square_hcla8_arith_wreduce_aig,unsigned_square_x_times_x,wallace_square_hcla8+arith_wreduce_aig,student/work/ex270_ex274_frontend_square_structures_20260609_1138_full2/ex270/verilog/ex270_square_wallace_square_hcla8.v,student/work/ex270_ex274_frontend_square_structures_20260609_1138_full2/ex270/aigs/ex270_square_wallace_square_hcla8_arith_wreduce_aig.aig,1,1,1,195,22,4290,2076,2.066474,0,0,0.248,square_specific_structural_rtl,exact unsigned 8-bit square x*x over 256 inputs; source=wallace_square_hcla8; flow=arith_wreduce_aig
ex270,ex270_square_wallace_square_hcla8_synth_preset_d20,unsigned_square_x_times_x,wallace_square_hcla8+synth_preset_d20,student/work/ex270_ex274_frontend_square_structures_20260609_1138_full2/ex270/verilog/ex270_square_wallace_square_hcla8.v,student/work/ex270_ex274_frontend_square_structures_20260609_1138_full2/ex270/aigs/ex270_square_wallace_square_hcla8_synth_preset_d20.aig,1,1,1,194,22,4268,2076,2.055877,0,0,0.334,square_specific_structural_rtl,exact unsigned 8-bit square x*x over 256 inputs; source=wallace_square_hcla8; flow=synth_preset_d20
ex270,ex270_square_wallace_square_rev_hcla4_abc_g_aig,unsigned_square_x_times_x,wallace_square_rev_hcla4+abc_g_aig,student/work/ex270_ex274_frontend_square_structures_20260609_1138_full2/ex270/verilog/ex270_square_wallace_square_rev_hcla4.v,student/work/ex270_ex274_frontend_square_structures_20260609_1138_full2/ex270/aigs/ex270_square_wallace_square_rev_hcla4_abc_g_aig.aig,1,1,1,195,23,4485,2076,2.160405,0,0,0.246,square_specific_structural_rtl,exact unsigned 8-bit square x*x over 256 inputs; source=wallace_square_rev_hcla4; flow=abc_g_aig
ex270,ex270_square_wallace_square_rev_hcla4_wreduce_abc_g_aig,unsigned_square_x_times_x,wallace_square_rev_hcla4+wreduce_abc_g_aig,student/work/ex270_ex274_frontend_square_structures_20260609_1138_full2/ex270/verilog/ex270_square_wallace_square_rev_hcla4.v,student/work/ex270_ex274_frontend_square_structures_20260609_1138_full2/ex270/aigs/ex270_square_wallace_square_rev_hcla4_wreduce_abc_g_aig.aig,1,1,1,192,23,4416,2076,2.127168,0,0,0.942,square_specific_structural_rtl,exact unsigned 8-bit square x*x over 256 inputs; source=wallace_square_rev_hcla4; flow=wreduce_abc_g_aig
ex270,ex270_square_wallace_square_rev_hcla4_arith_wreduce_aig,unsigned_square_x_times_x,wallace_square_rev_hcla4+arith_wreduce_aig,student/work/ex270_ex274_frontend_square_structures_20260609_1138_full2/ex270/verilog/ex270_square_wallace_square_rev_hcla4.v,student/work/ex270_ex274_frontend_square_structures_20260609_1138_full2/ex270/aigs/ex270_square_wallace_square_rev_hcla4_arith_wreduce_aig.aig,1,1,1,192,23,4416,2076,2.127168,0,0,2.849,square_specific_structural_rtl,exact unsigned 8-bit square x*x over 256 inputs; source=wallace_square_rev_hcla4; flow=arith_wreduce_aig
ex270,ex270_square_wallace_square_rev_hcla4_synth_preset_d20,unsigned_square_x_times_x,wallace_square_rev_hcla4+synth_preset_d20,student/work/ex270_ex274_frontend_square_structures_20260609_1138_full2/ex270/verilog/ex270_square_wallace_square_rev_hcla4.v,student/work/ex270_ex274_frontend_square_structures_20260609_1138_full2/ex270/aigs/ex270_square_wallace_square_rev_hcla4_synth_preset_d20.aig,1,1,1,189,24,4536,2076,2.184971,0,0,0.866,square_specific_structural_rtl,exact unsigned 8-bit square x*x over 256 inputs; source=wallace_square_rev_hcla4; flow=synth_preset_d20
ex270,ex270_square_wallace_square_rev_hcla6_abc_g_aig,unsigned_square_x_times_x,wallace_square_rev_hcla6+abc_g_aig,student/work/ex270_ex274_frontend_square_structures_20260609_1138_full2/ex270/verilog/ex270_square_wallace_square_rev_hcla6.v,student/work/ex270_ex274_frontend_square_structures_20260609_1138_full2/ex270/aigs/ex270_square_wallace_square_rev_hcla6_abc_g_aig.aig,1,1,1,193,23,4439,2076,2.138247,0,0,0.239,square_specific_structural_rtl,exact unsigned 8-bit square x*x over 256 inputs; source=wallace_square_rev_hcla6; flow=abc_g_aig
ex270,ex270_square_wallace_square_rev_hcla6_wreduce_abc_g_aig,unsigned_square_x_times_x,wallace_square_rev_hcla6+wreduce_abc_g_aig,student/work/ex270_ex274_frontend_square_structures_20260609_1138_full2/ex270/verilog/ex270_square_wallace_square_rev_hcla6.v,student/work/ex270_ex274_frontend_square_structures_20260609_1138_full2/ex270/aigs/ex270_square_wallace_square_rev_hcla6_wreduce_abc_g_aig.aig,1,1,1,193,23,4439,2076,2.138247,0,0,0.245,square_specific_structural_rtl,exact unsigned 8-bit square x*x over 256 inputs; source=wallace_square_rev_hcla6; flow=wreduce_abc_g_aig
ex270,ex270_square_wallace_square_rev_hcla6_arith_wreduce_aig,unsigned_square_x_times_x,wallace_square_rev_hcla6+arith_wreduce_aig,student/work/ex270_ex274_frontend_square_structures_20260609_1138_full2/ex270/verilog/ex270_square_wallace_square_rev_hcla6.v,student/work/ex270_ex274_frontend_square_structures_20260609_1138_full2/ex270/aigs/ex270_square_wallace_square_rev_hcla6_arith_wreduce_aig.aig,1,1,1,193,23,4439,2076,2.138247,0,0,0.248,square_specific_structural_rtl,exact unsigned 8-bit square x*x over 256 inputs; source=wallace_square_rev_hcla6; flow=arith_wreduce_aig
ex270,ex270_square_wallace_square_rev_hcla6_synth_preset_d20,unsigned_square_x_times_x,wallace_square_rev_hcla6+synth_preset_d20,student/work/ex270_ex274_frontend_square_structures_20260609_1138_full2/ex270/verilog/ex270_square_wallace_square_rev_hcla6.v,student/work/ex270_ex274_frontend_square_structures_20260609_1138_full2/ex270/aigs/ex270_square_wallace_square_rev_hcla6_synth_preset_d20.aig,1,1,1,192,23,4416,2076,2.127168,0,0,0.313,square_specific_structural_rtl,exact unsigned 8-bit square x*x over 256 inputs; source=wallace_square_rev_hcla6; flow=synth_preset_d20
ex270,ex270_square_wallace_square_outside_hcla4_abc_g_aig,unsigned_square_x_times_x,wallace_square_outside_hcla4+abc_g_aig,student/work/ex270_ex274_frontend_square_structures_20260609_1138_full2/ex270/verilog/ex270_square_wallace_square_outside_hcla4.v,student/work/ex270_ex274_frontend_square_structures_20260609_1138_full2/ex270/aigs/ex270_square_wallace_square_outside_hcla4_abc_g_aig.aig,1,1,1,188,20,3760,2076,1.811175,0,0,0.235,square_specific_structural_rtl,exact unsigned 8-bit square x*x over 256 inputs; source=wallace_square_outside_hcla4; flow=abc_g_aig
ex270,ex270_square_wallace_square_outside_hcla4_wreduce_abc_g_aig,unsigned_square_x_times_x,wallace_square_outside_hcla4+wreduce_abc_g_aig,student/work/ex270_ex274_frontend_square_structures_20260609_1138_full2/ex270/verilog/ex270_square_wallace_square_outside_hcla4.v,student/work/ex270_ex274_frontend_square_structures_20260609_1138_full2/ex270/aigs/ex270_square_wallace_square_outside_hcla4_wreduce_abc_g_aig.aig,1,1,1,187,21,3927,2076,1.891618,0,0,0.241,square_specific_structural_rtl,exact unsigned 8-bit square x*x over 256 inputs; source=wallace_square_outside_hcla4; flow=wreduce_abc_g_aig
ex270,ex270_square_wallace_square_outside_hcla4_arith_wreduce_aig,unsigned_square_x_times_x,wallace_square_outside_hcla4+arith_wreduce_aig,student/work/ex270_ex274_frontend_square_structures_20260609_1138_full2/ex270/verilog/ex270_square_wallace_square_outside_hcla4.v,student/work/ex270_ex274_frontend_square_structures_20260609_1138_full2/ex270/aigs/ex270_square_wallace_square_outside_hcla4_arith_wreduce_aig.aig,1,1,1,187,21,3927,2076,1.891618,0,0,0.246,square_specific_structural_rtl,exact unsigned 8-bit square x*x over 256 inputs; source=wallace_square_outside_hcla4; flow=arith_wreduce_aig
ex270,ex270_square_wallace_square_outside_hcla4_synth_preset_d20,unsigned_square_x_times_x,wallace_square_outside_hcla4+synth_preset_d20,student/work/ex270_ex274_frontend_square_structures_20260609_1138_full2/ex270/verilog/ex270_square_wallace_square_outside_hcla4.v,student/work/ex270_ex274_frontend_square_structures_20260609_1138_full2/ex270/aigs/ex270_square_wallace_square_outside_hcla4_synth_preset_d20.aig,1,1,1,186,20,3720,2076,1.791908,0,0,0.311,square_specific_structural_rtl,exact unsigned 8-bit square x*x over 256 inputs; source=wallace_square_outside_hcla4; flow=synth_preset_d20
ex270,ex270_square_wallace_square_outside_hcla6_abc_g_aig,unsigned_square_x_times_x,wallace_square_outside_hcla6+abc_g_aig,student/work/ex270_ex274_frontend_square_structures_20260609_1138_full2/ex270/verilog/ex270_square_wallace_square_outside_hcla6.v,student/work/ex270_ex274_frontend_square_structures_20260609_1138_full2/ex270/aigs/ex270_square_wallace_square_outside_hcla6_abc_g_aig.aig,1,1,1,185,21,3885,2076,1.871387,0,0,0.230,square_specific_structural_rtl,exact unsigned 8-bit square x*x over 256 inputs; source=wallace_square_outside_hcla6; flow=abc_g_aig
ex270,ex270_square_wallace_square_outside_hcla6_wreduce_abc_g_aig,unsigned_square_x_times_x,wallace_square_outside_hcla6+wreduce_abc_g_aig,student/work/ex270_ex274_frontend_square_structures_20260609_1138_full2/ex270/verilog/ex270_square_wallace_square_outside_hcla6.v,student/work/ex270_ex274_frontend_square_structures_20260609_1138_full2/ex270/aigs/ex270_square_wallace_square_outside_hcla6_wreduce_abc_g_aig.aig,1,1,1,185,21,3885,2076,1.871387,0,0,0.237,square_specific_structural_rtl,exact unsigned 8-bit square x*x over 256 inputs; source=wallace_square_outside_hcla6; flow=wreduce_abc_g_aig
ex270,ex270_square_wallace_square_outside_hcla6_arith_wreduce_aig,unsigned_square_x_times_x,wallace_square_outside_hcla6+arith_wreduce_aig,student/work/ex270_ex274_frontend_square_structures_20260609_1138_full2/ex270/verilog/ex270_square_wallace_square_outside_hcla6.v,student/work/ex270_ex274_frontend_square_structures_20260609_1138_full2/ex270/aigs/ex270_square_wallace_square_outside_hcla6_arith_wreduce_aig.aig,1,1,1,185,21,3885,2076,1.871387,0,0,0.239,square_specific_structural_rtl,exact unsigned 8-bit square x*x over 256 inputs; source=wallace_square_outside_hcla6; flow=arith_wreduce_aig
ex270,ex270_square_wallace_square_outside_hcla6_synth_preset_d20,unsigned_square_x_times_x,wallace_square_outside_hcla6+synth_preset_d20,student/work/ex270_ex274_frontend_square_structures_20260609_1138_full2/ex270/verilog/ex270_square_wallace_square_outside_hcla6.v,student/work/ex270_ex274_frontend_square_structures_20260609_1138_full2/ex270/aigs/ex270_square_wallace_square_outside_hcla6_synth_preset_d20.aig,1,1,1,184,20,3680,2076,1.772640,0,0,0.341,square_specific_structural_rtl,exact unsigned 8-bit square x*x over 256 inputs; source=wallace_square_outside_hcla6; flow=synth_preset_d20
ex270,ex270_square_dadda_square_abc_g_aig,unsigned_square_x_times_x,dadda_square+abc_g_aig,student/work/ex270_ex274_frontend_square_structures_20260609_1138_full2/ex270/verilog/ex270_square_dadda_square.v,student/work/ex270_ex274_frontend_square_structures_20260609_1138_full2/ex270/aigs/ex270_square_dadda_square_abc_g_aig.aig,1,1,1,197,23,4531,2076,2.182563,0,0,0.228,square_specific_structural_rtl,exact unsigned 8-bit square x*x over 256 inputs; source=dadda_square; flow=abc_g_aig
ex270,ex270_square_dadda_square_wreduce_abc_g_aig,unsigned_square_x_times_x,dadda_square+wreduce_abc_g_aig,student/work/ex270_ex274_frontend_square_structures_20260609_1138_full2/ex270/verilog/ex270_square_dadda_square.v,student/work/ex270_ex274_frontend_square_structures_20260609_1138_full2/ex270/aigs/ex270_square_dadda_square_wreduce_abc_g_aig.aig,1,1,1,197,23,4531,2076,2.182563,0,0,0.230,square_specific_structural_rtl,exact unsigned 8-bit square x*x over 256 inputs; source=dadda_square; flow=wreduce_abc_g_aig
ex270,ex270_square_dadda_square_arith_wreduce_aig,unsigned_square_x_times_x,dadda_square+arith_wreduce_aig,student/work/ex270_ex274_frontend_square_structures_20260609_1138_full2/ex270/verilog/ex270_square_dadda_square.v,student/work/ex270_ex274_frontend_square_structures_20260609_1138_full2/ex270/aigs/ex270_square_dadda_square_arith_wreduce_aig.aig,1,1,1,196,23,4508,2076,2.171484,0,0,0.233,square_specific_structural_rtl,exact unsigned 8-bit square x*x over 256 inputs; source=dadda_square; flow=arith_wreduce_aig
ex270,ex270_square_dadda_square_synth_preset_d20,unsigned_square_x_times_x,dadda_square+synth_preset_d20,student/work/ex270_ex274_frontend_square_structures_20260609_1138_full2/ex270/verilog/ex270_square_dadda_square.v,student/work/ex270_ex274_frontend_square_structures_20260609_1138_full2/ex270/aigs/ex270_square_dadda_square_synth_preset_d20.aig,1,1,1,190,23,4370,2076,2.105010,0,0,0.298,square_specific_structural_rtl,exact unsigned 8-bit square x*x over 256 inputs; source=dadda_square; flow=synth_preset_d20
ex270,ex270_square_dadda_square_hcla4_abc_g_aig,unsigned_square_x_times_x,dadda_square_hcla4+abc_g_aig,student/work/ex270_ex274_frontend_square_structures_20260609_1138_full2/ex270/verilog/ex270_square_dadda_square_hcla4.v,student/work/ex270_ex274_frontend_square_structures_20260609_1138_full2/ex270/aigs/ex270_square_dadda_square_hcla4_abc_g_aig.aig,1,1,1,197,23,4531,2076,2.182563,0,0,0.240,square_specific_structural_rtl,exact unsigned 8-bit square x*x over 256 inputs; source=dadda_square_hcla4; flow=abc_g_aig
ex270,ex270_square_dadda_square_hcla4_wreduce_abc_g_aig,unsigned_square_x_times_x,dadda_square_hcla4+wreduce_abc_g_aig,student/work/ex270_ex274_frontend_square_structures_20260609_1138_full2/ex270/verilog/ex270_square_dadda_square_hcla4.v,student/work/ex270_ex274_frontend_square_structures_20260609_1138_full2/ex270/aigs/ex270_square_dadda_square_hcla4_wreduce_abc_g_aig.aig,1,1,1,200,23,4600,2076,2.215800,0,0,0.253,square_specific_structural_rtl,exact unsigned 8-bit square x*x over 256 inputs; source=dadda_square_hcla4; flow=wreduce_abc_g_aig
ex270,ex270_square_dadda_square_hcla4_arith_wreduce_aig,unsigned_square_x_times_x,dadda_square_hcla4+arith_wreduce_aig,student/work/ex270_ex274_frontend_square_structures_20260609_1138_full2/ex270/verilog/ex270_square_dadda_square_hcla4.v,student/work/ex270_ex274_frontend_square_structures_20260609_1138_full2/ex270/aigs/ex270_square_dadda_square_hcla4_arith_wreduce_aig.aig,1,1,1,200,23,4600,2076,2.215800,0,0,0.254,square_specific_structural_rtl,exact unsigned 8-bit square x*x over 256 inputs; source=dadda_square_hcla4; flow=arith_wreduce_aig
ex270,ex270_square_dadda_square_hcla4_synth_preset_d20,unsigned_square_x_times_x,dadda_square_hcla4+synth_preset_d20,student/work/ex270_ex274_frontend_square_structures_20260609_1138_full2/ex270/verilog/ex270_square_dadda_square_hcla4.v,student/work/ex270_ex274_frontend_square_structures_20260609_1138_full2/ex270/aigs/ex270_square_dadda_square_hcla4_synth_preset_d20.aig,1,1,1,194,23,4462,2076,2.149326,0,0,0.328,square_specific_structural_rtl,exact unsigned 8-bit square x*x over 256 inputs; source=dadda_square_hcla4; flow=synth_preset_d20
ex270,ex270_square_dadda_square_hcla6_abc_g_aig,unsigned_square_x_times_x,dadda_square_hcla6+abc_g_aig,student/work/ex270_ex274_frontend_square_structures_20260609_1138_full2/ex270/verilog/ex270_square_dadda_square_hcla6.v,student/work/ex270_ex274_frontend_square_structures_20260609_1138_full2/ex270/aigs/ex270_square_dadda_square_hcla6_abc_g_aig.aig,1,1,1,195,23,4485,2076,2.160405,0,0,0.239,square_specific_structural_rtl,exact unsigned 8-bit square x*x over 256 inputs; source=dadda_square_hcla6; flow=abc_g_aig
ex270,ex270_square_dadda_square_hcla6_wreduce_abc_g_aig,unsigned_square_x_times_x,dadda_square_hcla6+wreduce_abc_g_aig,student/work/ex270_ex274_frontend_square_structures_20260609_1138_full2/ex270/verilog/ex270_square_dadda_square_hcla6.v,student/work/ex270_ex274_frontend_square_structures_20260609_1138_full2/ex270/aigs/ex270_square_dadda_square_hcla6_wreduce_abc_g_aig.aig,1,1,1,195,23,4485,2076,2.160405,0,0,0.246,square_specific_structural_rtl,exact unsigned 8-bit square x*x over 256 inputs; source=dadda_square_hcla6; flow=wreduce_abc_g_aig
ex270,ex270_square_dadda_square_hcla6_arith_wreduce_aig,unsigned_square_x_times_x,dadda_square_hcla6+arith_wreduce_aig,student/work/ex270_ex274_frontend_square_structures_20260609_1138_full2/ex270/verilog/ex270_square_dadda_square_hcla6.v,student/work/ex270_ex274_frontend_square_structures_20260609_1138_full2/ex270/aigs/ex270_square_dadda_square_hcla6_arith_wreduce_aig.aig,1,1,1,195,23,4485,2076,2.160405,0,0,0.244,square_specific_structural_rtl,exact unsigned 8-bit square x*x over 256 inputs; source=dadda_square_hcla6; flow=arith_wreduce_aig
ex270,ex270_square_dadda_square_hcla6_synth_preset_d20,unsigned_square_x_times_x,dadda_square_hcla6+synth_preset_d20,student/work/ex270_ex274_frontend_square_structures_20260609_1138_full2/ex270/verilog/ex270_square_dadda_square_hcla6.v,student/work/ex270_ex274_frontend_square_structures_20260609_1138_full2/ex270/aigs/ex270_square_dadda_square_hcla6_synth_preset_d20.aig,1,1,1,195,23,4485,2076,2.160405,0,0,0.322,square_specific_structural_rtl,exact unsigned 8-bit square x*x over 256 inputs; source=dadda_square_hcla6; flow=synth_preset_d20
ex270,ex270_square_dadda_square_hcla8_abc_g_aig,unsigned_square_x_times_x,dadda_square_hcla8+abc_g_aig,student/work/ex270_ex274_frontend_square_structures_20260609_1138_full2/ex270/verilog/ex270_square_dadda_square_hcla8.v,student/work/ex270_ex274_frontend_square_structures_20260609_1138_full2/ex270/aigs/ex270_square_dadda_square_hcla8_abc_g_aig.aig,1,1,1,193,24,4632,2076,2.231214,0,0,0.233,square_specific_structural_rtl,exact unsigned 8-bit square x*x over 256 inputs; source=dadda_square_hcla8; flow=abc_g_aig
ex270,ex270_square_dadda_square_hcla8_wreduce_abc_g_aig,unsigned_square_x_times_x,dadda_square_hcla8+wreduce_abc_g_aig,student/work/ex270_ex274_frontend_square_structures_20260609_1138_full2/ex270/verilog/ex270_square_dadda_square_hcla8.v,student/work/ex270_ex274_frontend_square_structures_20260609_1138_full2/ex270/aigs/ex270_square_dadda_square_hcla8_wreduce_abc_g_aig.aig,1,1,1,195,23,4485,2076,2.160405,0,0,0.240,square_specific_structural_rtl,exact unsigned 8-bit square x*x over 256 inputs; source=dadda_square_hcla8; flow=wreduce_abc_g_aig
ex270,ex270_square_dadda_square_hcla8_arith_wreduce_aig,unsigned_square_x_times_x,dadda_square_hcla8+arith_wreduce_aig,student/work/ex270_ex274_frontend_square_structures_20260609_1138_full2/ex270/verilog/ex270_square_dadda_square_hcla8.v,student/work/ex270_ex274_frontend_square_structures_20260609_1138_full2/ex270/aigs/ex270_square_dadda_square_hcla8_arith_wreduce_aig.aig,1,1,1,195,23,4485,2076,2.160405,0,0,0.243,square_specific_structural_rtl,exact unsigned 8-bit square x*x over 256 inputs; source=dadda_square_hcla8; flow=arith_wreduce_aig
ex270,ex270_square_dadda_square_hcla8_synth_preset_d20,unsigned_square_x_times_x,dadda_square_hcla8+synth_preset_d20,student/work/ex270_ex274_frontend_square_structures_20260609_1138_full2/ex270/verilog/ex270_square_dadda_square_hcla8.v,student/work/ex270_ex274_frontend_square_structures_20260609_1138_full2/ex270/aigs/ex270_square_dadda_square_hcla8_synth_preset_d20.aig,1,1,1,195,23,4485,2076,2.160405,0,0,0.315,square_specific_structural_rtl,exact unsigned 8-bit square x*x over 256 inputs; source=dadda_square_hcla8; flow=synth_preset_d20
ex270,ex270_square_low_high_split_abc_g_aig,unsigned_square_x_times_x,low_high_split+abc_g_aig,student/work/ex270_ex274_frontend_square_structures_20260609_1138_full2/ex270/verilog/ex270_square_low_high_split.v,student/work/ex270_ex274_frontend_square_structures_20260609_1138_full2/ex270/aigs/ex270_square_low_high_split_abc_g_aig.aig,1,1,1,173,28,4844,2076,2.333333,0,0,0.237,square_specific_structural_rtl,exact unsigned 8-bit square x*x over 256 inputs; source=low_high_split; flow=abc_g_aig
ex270,ex270_square_low_high_split_wreduce_abc_g_aig,unsigned_square_x_times_x,low_high_split+wreduce_abc_g_aig,student/work/ex270_ex274_frontend_square_structures_20260609_1138_full2/ex270/verilog/ex270_square_low_high_split.v,student/work/ex270_ex274_frontend_square_structures_20260609_1138_full2/ex270/aigs/ex270_square_low_high_split_wreduce_abc_g_aig.aig,1,1,1,173,28,4844,2076,2.333333,0,0,0.238,square_specific_structural_rtl,exact unsigned 8-bit square x*x over 256 inputs; source=low_high_split; flow=wreduce_abc_g_aig
ex270,ex270_square_low_high_split_arith_wreduce_aig,unsigned_square_x_times_x,low_high_split+arith_wreduce_aig,student/work/ex270_ex274_frontend_square_structures_20260609_1138_full2/ex270/verilog/ex270_square_low_high_split.v,student/work/ex270_ex274_frontend_square_structures_20260609_1138_full2/ex270/aigs/ex270_square_low_high_split_arith_wreduce_aig.aig,1,1,1,214,29,6206,2076,2.989403,0,0,0.250,square_specific_structural_rtl,exact unsigned 8-bit square x*x over 256 inputs; source=low_high_split; flow=arith_wreduce_aig
ex270,ex270_square_low_high_split_synth_preset_d20,unsigned_square_x_times_x,low_high_split+synth_preset_d20,student/work/ex270_ex274_frontend_square_structures_20260609_1138_full2/ex270/verilog/ex270_square_low_high_split.v,student/work/ex270_ex274_frontend_square_structures_20260609_1138_full2/ex270/aigs/ex270_square_low_high_split_synth_preset_d20.aig,1,1,1,212,29,6148,2076,2.961464,0,0,0.304,square_specific_structural_rtl,exact unsigned 8-bit square x*x over 256 inputs; source=low_high_split; flow=synth_preset_d20
ex270,ex270_square_low_high_split_hcla_abc_g_aig,unsigned_square_x_times_x,low_high_split_hcla+abc_g_aig,student/work/ex270_ex274_frontend_square_structures_20260609_1138_full2/ex270/verilog/ex270_square_low_high_split_hcla.v,student/work/ex270_ex274_frontend_square_structures_20260609_1138_full2/ex270/aigs/ex270_square_low_high_split_hcla_abc_g_aig.aig,1,1,1,183,26,4758,2076,2.291908,0,0,0.259,square_specific_structural_rtl,exact unsigned 8-bit square x*x over 256 inputs; source=low_high_split_hcla; flow=abc_g_aig
ex270,ex270_square_low_high_split_hcla_wreduce_abc_g_aig,unsigned_square_x_times_x,low_high_split_hcla+wreduce_abc_g_aig,student/work/ex270_ex274_frontend_square_structures_20260609_1138_full2/ex270/verilog/ex270_square_low_high_split_hcla.v,student/work/ex270_ex274_frontend_square_structures_20260609_1138_full2/ex270/aigs/ex270_square_low_high_split_hcla_wreduce_abc_g_aig.aig,1,1,1,184,26,4784,2076,2.304432,0,0,0.263,square_specific_structural_rtl,exact unsigned 8-bit square x*x over 256 inputs; source=low_high_split_hcla; flow=wreduce_abc_g_aig
ex270,ex270_square_low_high_split_hcla_arith_wreduce_aig,unsigned_square_x_times_x,low_high_split_hcla+arith_wreduce_aig,student/work/ex270_ex274_frontend_square_structures_20260609_1138_full2/ex270/verilog/ex270_square_low_high_split_hcla.v,student/work/ex270_ex274_frontend_square_structures_20260609_1138_full2/ex270/aigs/ex270_square_low_high_split_hcla_arith_wreduce_aig.aig,1,1,1,176,27,4752,2076,2.289017,0,0,0.264,square_specific_structural_rtl,exact unsigned 8-bit square x*x over 256 inputs; source=low_high_split_hcla; flow=arith_wreduce_aig
ex270,ex270_square_low_high_split_hcla_synth_preset_d20,unsigned_square_x_times_x,low_high_split_hcla+synth_preset_d20,student/work/ex270_ex274_frontend_square_structures_20260609_1138_full2/ex270/verilog/ex270_square_low_high_split_hcla.v,student/work/ex270_ex274_frontend_square_structures_20260609_1138_full2/ex270/aigs/ex270_square_low_high_split_hcla_synth_preset_d20.aig,1,1,1,180,27,4860,2076,2.341040,0,0,0.320,square_specific_structural_rtl,exact unsigned 8-bit square x*x over 256 inputs; source=low_high_split_hcla; flow=synth_preset_d20
ex270,ex270_square_karatsuba_square_abc_g_aig,unsigned_square_x_times_x,karatsuba_square+abc_g_aig,student/work/ex270_ex274_frontend_square_structures_20260609_1138_full2/ex270/verilog/ex270_square_karatsuba_square.v,student/work/ex270_ex274_frontend_square_structures_20260609_1138_full2/ex270/aigs/ex270_square_karatsuba_square_abc_g_aig.aig,1,1,1,259,47,12173,2076,5.863680,0,0,0.295,square_specific_structural_rtl,exact unsigned 8-bit square x*x over 256 inputs; source=karatsuba_square; flow=abc_g_aig
ex270,ex270_square_karatsuba_square_wreduce_abc_g_aig,unsigned_square_x_times_x,karatsuba_square+wreduce_abc_g_aig,student/work/ex270_ex274_frontend_square_structures_20260609_1138_full2/ex270/verilog/ex270_square_karatsuba_square.v,student/work/ex270_ex274_frontend_square_structures_20260609_1138_full2/ex270/aigs/ex270_square_karatsuba_square_wreduce_abc_g_aig.aig,1,1,1,258,46,11868,2076,5.716763,0,0,0.292,square_specific_structural_rtl,exact unsigned 8-bit square x*x over 256 inputs; source=karatsuba_square; flow=wreduce_abc_g_aig
ex270,ex270_square_karatsuba_square_arith_wreduce_aig,unsigned_square_x_times_x,karatsuba_square+arith_wreduce_aig,student/work/ex270_ex274_frontend_square_structures_20260609_1138_full2/ex270/verilog/ex270_square_karatsuba_square.v,student/work/ex270_ex274_frontend_square_structures_20260609_1138_full2/ex270/aigs/ex270_square_karatsuba_square_arith_wreduce_aig.aig,1,1,1,312,42,13104,2076,6.312139,0,0,0.287,square_specific_structural_rtl,exact unsigned 8-bit square x*x over 256 inputs; source=karatsuba_square; flow=arith_wreduce_aig
ex270,ex270_square_karatsuba_square_synth_preset_d20,unsigned_square_x_times_x,karatsuba_square+synth_preset_d20,student/work/ex270_ex274_frontend_square_structures_20260609_1138_full2/ex270/verilog/ex270_square_karatsuba_square.v,student/work/ex270_ex274_frontend_square_structures_20260609_1138_full2/ex270/aigs/ex270_square_karatsuba_square_synth_preset_d20.aig,1,1,1,303,42,12726,2076,6.130058,0,0,0.356,square_specific_structural_rtl,exact unsigned 8-bit square x*x over 256 inputs; source=karatsuba_square; flow=synth_preset_d20
ex270,ex270_square_low4_case_high_direct_abc_g_aig,unsigned_square_x_times_x,low4_case_high_direct+abc_g_aig,student/work/ex270_ex274_frontend_square_structures_20260609_1138_full2/ex270/verilog/ex270_square_low4_case_high_direct.v,student/work/ex270_ex274_frontend_square_structures_20260609_1138_full2/ex270/aigs/ex270_square_low4_case_high_direct_abc_g_aig.aig,1,1,1,173,28,4844,2076,2.333333,0,0,0.290,square_specific_structural_rtl,exact unsigned 8-bit square x*x over 256 inputs; source=low4_case_high_direct; flow=abc_g_aig
ex270,ex270_square_low4_case_high_direct_wreduce_abc_g_aig,unsigned_square_x_times_x,low4_case_high_direct+wreduce_abc_g_aig,student/work/ex270_ex274_frontend_square_structures_20260609_1138_full2/ex270/verilog/ex270_square_low4_case_high_direct.v,student/work/ex270_ex274_frontend_square_structures_20260609_1138_full2/ex270/aigs/ex270_square_low4_case_high_direct_wreduce_abc_g_aig.aig,1,1,1,173,28,4844,2076,2.333333,0,0,0.261,square_specific_structural_rtl,exact unsigned 8-bit square x*x over 256 inputs; source=low4_case_high_direct; flow=wreduce_abc_g_aig
ex270,ex270_square_low4_case_high_direct_synth_preset_d20,unsigned_square_x_times_x,low4_case_high_direct+synth_preset_d20,student/work/ex270_ex274_frontend_square_structures_20260609_1138_full2/ex270/verilog/ex270_square_low4_case_high_direct.v,student/work/ex270_ex274_frontend_square_structures_20260609_1138_full2/ex270/aigs/ex270_square_low4_case_high_direct_synth_preset_d20.aig,1,1,1,170,26,4420,2076,2.129094,0,0,0.315,square_specific_structural_rtl,exact unsigned 8-bit square x*x over 256 inputs; source=low4_case_high_direct; flow=synth_preset_d20
ex270,ex270_square_low5_case_high_direct_abc_g_aig,unsigned_square_x_times_x,low5_case_high_direct+abc_g_aig,student/work/ex270_ex274_frontend_square_structures_20260609_1138_full2/ex270/verilog/ex270_square_low5_case_high_direct.v,student/work/ex270_ex274_frontend_square_structures_20260609_1138_full2/ex270/aigs/ex270_square_low5_case_high_direct_abc_g_aig.aig,1,1,1,171,22,3762,2076,1.812139,0,0,0.257,square_specific_structural_rtl,exact unsigned 8-bit square x*x over 256 inputs; source=low5_case_high_direct; flow=abc_g_aig
ex270,ex270_square_low5_case_high_direct_wreduce_abc_g_aig,unsigned_square_x_times_x,low5_case_high_direct+wreduce_abc_g_aig,student/work/ex270_ex274_frontend_square_structures_20260609_1138_full2/ex270/verilog/ex270_square_low5_case_high_direct.v,student/work/ex270_ex274_frontend_square_structures_20260609_1138_full2/ex270/aigs/ex270_square_low5_case_high_direct_wreduce_abc_g_aig.aig,1,1,1,167,22,3674,2076,1.769750,0,0,0.261,square_specific_structural_rtl,exact unsigned 8-bit square x*x over 256 inputs; source=low5_case_high_direct; flow=wreduce_abc_g_aig
ex270,ex270_square_low5_case_high_direct_synth_preset_d20,unsigned_square_x_times_x,low5_case_high_direct+synth_preset_d20,student/work/ex270_ex274_frontend_square_structures_20260609_1138_full2/ex270/verilog/ex270_square_low5_case_high_direct.v,student/work/ex270_ex274_frontend_square_structures_20260609_1138_full2/ex270/aigs/ex270_square_low5_case_high_direct_synth_preset_d20.aig,1,1,1,170,22,3740,2076,1.801541,0,0,0.318,square_specific_structural_rtl,exact unsigned 8-bit square x*x over 256 inputs; source=low5_case_high_direct; flow=synth_preset_d20
ex271,ex271_square_direct_square_abc_g_aig,unsigned_square_x_times_x,direct_square+abc_g_aig,student/work/ex270_ex274_frontend_square_structures_20260609_1138_full2/ex271/verilog/ex271_square_direct_square.v,student/work/ex270_ex274_frontend_square_structures_20260609_1138_full2/ex271/aigs/ex271_square_direct_square_abc_g_aig.aig,1,1,1,542,35,18970,5542,3.422952,0,0,0.343,semantic_rtl,exact unsigned 10-bit square x*x over 1024 inputs; source=direct_square; flow=abc_g_aig
ex271,ex271_square_direct_square_wreduce_abc_g_aig,unsigned_square_x_times_x,direct_square+wreduce_abc_g_aig,student/work/ex270_ex274_frontend_square_structures_20260609_1138_full2/ex271/verilog/ex271_square_direct_square.v,student/work/ex270_ex274_frontend_square_structures_20260609_1138_full2/ex271/aigs/ex271_square_direct_square_wreduce_abc_g_aig.aig,1,1,1,542,35,18970,5542,3.422952,0,0,0.311,semantic_rtl,exact unsigned 10-bit square x*x over 1024 inputs; source=direct_square; flow=wreduce_abc_g_aig
ex271,ex271_square_direct_square_arith_wreduce_aig,unsigned_square_x_times_x,direct_square+arith_wreduce_aig,student/work/ex270_ex274_frontend_square_structures_20260609_1138_full2/ex271/verilog/ex271_square_direct_square.v,student/work/ex270_ex274_frontend_square_structures_20260609_1138_full2/ex271/aigs/ex271_square_direct_square_arith_wreduce_aig.aig,1,1,1,542,35,18970,5542,3.422952,0,0,0.315,semantic_rtl,exact unsigned 10-bit square x*x over 1024 inputs; source=direct_square; flow=arith_wreduce_aig
ex271,ex271_square_direct_square_synth_preset_d20,unsigned_square_x_times_x,direct_square+synth_preset_d20,student/work/ex270_ex274_frontend_square_structures_20260609_1138_full2/ex271/verilog/ex271_square_direct_square.v,student/work/ex270_ex274_frontend_square_structures_20260609_1138_full2/ex271/aigs/ex271_square_direct_square_synth_preset_d20.aig,1,1,1,516,35,18060,5542,3.258751,0,0,0.386,semantic_rtl,exact unsigned 10-bit square x*x over 1024 inputs; source=direct_square; flow=synth_preset_d20
ex271,ex271_square_triangular_balanced_abc_g_aig,unsigned_square_x_times_x,triangular_balanced+abc_g_aig,student/work/ex270_ex274_frontend_square_structures_20260609_1138_full2/ex271/verilog/ex271_square_triangular_balanced.v,student/work/ex270_ex274_frontend_square_structures_20260609_1138_full2/ex271/aigs/ex271_square_triangular_balanced_abc_g_aig.aig,1,1,1,348,36,12528,5542,2.260556,0,0,0.536,square_specific_structural_rtl,exact unsigned 10-bit square x*x over 1024 inputs; source=triangular_balanced; flow=abc_g_aig
ex271,ex271_square_triangular_balanced_wreduce_abc_g_aig,unsigned_square_x_times_x,triangular_balanced+wreduce_abc_g_aig,student/work/ex270_ex274_frontend_square_structures_20260609_1138_full2/ex271/verilog/ex271_square_triangular_balanced.v,student/work/ex270_ex274_frontend_square_structures_20260609_1138_full2/ex271/aigs/ex271_square_triangular_balanced_wreduce_abc_g_aig.aig,1,1,1,347,37,12839,5542,2.316673,0,0,0.627,square_specific_structural_rtl,exact unsigned 10-bit square x*x over 1024 inputs; source=triangular_balanced; flow=wreduce_abc_g_aig
ex271,ex271_square_triangular_balanced_arith_wreduce_aig,unsigned_square_x_times_x,triangular_balanced+arith_wreduce_aig,student/work/ex270_ex274_frontend_square_structures_20260609_1138_full2/ex271/verilog/ex271_square_triangular_balanced.v,student/work/ex270_ex274_frontend_square_structures_20260609_1138_full2/ex271/aigs/ex271_square_triangular_balanced_arith_wreduce_aig.aig,1,1,1,351,28,9828,5542,1.773367,0,0,0.279,square_specific_structural_rtl,exact unsigned 10-bit square x*x over 1024 inputs; source=triangular_balanced; flow=arith_wreduce_aig
ex271,ex271_square_triangular_balanced_synth_preset_d20,unsigned_square_x_times_x,triangular_balanced+synth_preset_d20,student/work/ex270_ex274_frontend_square_structures_20260609_1138_full2/ex271/verilog/ex271_square_triangular_balanced.v,student/work/ex270_ex274_frontend_square_structures_20260609_1138_full2/ex271/aigs/ex271_square_triangular_balanced_synth_preset_d20.aig,1,1,1,343,30,10290,5542,1.856730,0,0,0.368,square_specific_structural_rtl,exact unsigned 10-bit square x*x over 1024 inputs; source=triangular_balanced; flow=synth_preset_d20
ex271,ex271_square_triangular_rows_csa_abc_g_aig,unsigned_square_x_times_x,triangular_rows_csa+abc_g_aig,student/work/ex270_ex274_frontend_square_structures_20260609_1138_full2/ex271/verilog/ex271_square_triangular_rows_csa.v,student/work/ex270_ex274_frontend_square_structures_20260609_1138_full2/ex271/aigs/ex271_square_triangular_rows_csa_abc_g_aig.aig,1,1,1,401,26,10426,5542,1.881270,0,0,0.325,square_specific_structural_rtl,exact unsigned 10-bit square x*x over 1024 inputs; source=triangular_rows_csa; flow=abc_g_aig
ex271,ex271_square_triangular_rows_csa_wreduce_abc_g_aig,unsigned_square_x_times_x,triangular_rows_csa+wreduce_abc_g_aig,student/work/ex270_ex274_frontend_square_structures_20260609_1138_full2/ex271/verilog/ex271_square_triangular_rows_csa.v,student/work/ex270_ex274_frontend_square_structures_20260609_1138_full2/ex271/aigs/ex271_square_triangular_rows_csa_wreduce_abc_g_aig.aig,1,1,1,402,26,10452,5542,1.885962,0,0,0.330,square_specific_structural_rtl,exact unsigned 10-bit square x*x over 1024 inputs; source=triangular_rows_csa; flow=wreduce_abc_g_aig
ex271,ex271_square_triangular_rows_csa_arith_wreduce_aig,unsigned_square_x_times_x,triangular_rows_csa+arith_wreduce_aig,student/work/ex270_ex274_frontend_square_structures_20260609_1138_full2/ex271/verilog/ex271_square_triangular_rows_csa.v,student/work/ex270_ex274_frontend_square_structures_20260609_1138_full2/ex271/aigs/ex271_square_triangular_rows_csa_arith_wreduce_aig.aig,1,1,1,400,27,10800,5542,1.948755,0,0,0.332,square_specific_structural_rtl,exact unsigned 10-bit square x*x over 1024 inputs; source=triangular_rows_csa; flow=arith_wreduce_aig
ex271,ex271_square_triangular_rows_csa_synth_preset_d20,unsigned_square_x_times_x,triangular_rows_csa+synth_preset_d20,student/work/ex270_ex274_frontend_square_structures_20260609_1138_full2/ex271/verilog/ex271_square_triangular_rows_csa.v,student/work/ex270_ex274_frontend_square_structures_20260609_1138_full2/ex271/aigs/ex271_square_triangular_rows_csa_synth_preset_d20.aig,1,1,1,394,33,13002,5542,2.346084,0,0,0.437,square_specific_structural_rtl,exact unsigned 10-bit square x*x over 1024 inputs; source=triangular_rows_csa; flow=synth_preset_d20
ex271,ex271_square_wallace_square_abc_g_aig,unsigned_square_x_times_x,wallace_square+abc_g_aig,student/work/ex270_ex274_frontend_square_structures_20260609_1138_full2/ex271/verilog/ex271_square_wallace_square.v,student/work/ex270_ex274_frontend_square_structures_20260609_1138_full2/ex271/aigs/ex271_square_wallace_square_abc_g_aig.aig,1,1,1,338,31,10478,5542,1.890653,0,0,0.272,square_specific_structural_rtl,exact unsigned 10-bit square x*x over 1024 inputs; source=wallace_square; flow=abc_g_aig
ex271,ex271_square_wallace_square_wreduce_abc_g_aig,unsigned_square_x_times_x,wallace_square+wreduce_abc_g_aig,student/work/ex270_ex274_frontend_square_structures_20260609_1138_full2/ex271/verilog/ex271_square_wallace_square.v,student/work/ex270_ex274_frontend_square_structures_20260609_1138_full2/ex271/aigs/ex271_square_wallace_square_wreduce_abc_g_aig.aig,1,1,1,338,31,10478,5542,1.890653,0,0,0.279,square_specific_structural_rtl,exact unsigned 10-bit square x*x over 1024 inputs; source=wallace_square; flow=wreduce_abc_g_aig
ex271,ex271_square_wallace_square_arith_wreduce_aig,unsigned_square_x_times_x,wallace_square+arith_wreduce_aig,student/work/ex270_ex274_frontend_square_structures_20260609_1138_full2/ex271/verilog/ex271_square_wallace_square.v,student/work/ex270_ex274_frontend_square_structures_20260609_1138_full2/ex271/aigs/ex271_square_wallace_square_arith_wreduce_aig.aig,1,1,1,336,30,10080,5542,1.818838,0,0,0.279,square_specific_structural_rtl,exact unsigned 10-bit square x*x over 1024 inputs; source=wallace_square; flow=arith_wreduce_aig
ex271,ex271_square_wallace_square_synth_preset_d20,unsigned_square_x_times_x,wallace_square+synth_preset_d20,student/work/ex270_ex274_frontend_square_structures_20260609_1138_full2/ex271/verilog/ex271_square_wallace_square.v,student/work/ex270_ex274_frontend_square_structures_20260609_1138_full2/ex271/aigs/ex271_square_wallace_square_synth_preset_d20.aig,1,1,1,333,30,9990,5542,1.802598,0,0,0.359,square_specific_structural_rtl,exact unsigned 10-bit square x*x over 1024 inputs; source=wallace_square; flow=synth_preset_d20
ex271,ex271_square_wallace_square_rev_abc_g_aig,unsigned_square_x_times_x,wallace_square_rev+abc_g_aig,student/work/ex270_ex274_frontend_square_structures_20260609_1138_full2/ex271/verilog/ex271_square_wallace_square_rev.v,student/work/ex270_ex274_frontend_square_structures_20260609_1138_full2/ex271/aigs/ex271_square_wallace_square_rev_abc_g_aig.aig,1,1,1,330,31,10230,5542,1.845904,0,0,0.271,square_specific_structural_rtl,exact unsigned 10-bit square x*x over 1024 inputs; source=wallace_square_rev; flow=abc_g_aig
ex271,ex271_square_wallace_square_rev_wreduce_abc_g_aig,unsigned_square_x_times_x,wallace_square_rev+wreduce_abc_g_aig,student/work/ex270_ex274_frontend_square_structures_20260609_1138_full2/ex271/verilog/ex271_square_wallace_square_rev.v,student/work/ex270_ex274_frontend_square_structures_20260609_1138_full2/ex271/aigs/ex271_square_wallace_square_rev_wreduce_abc_g_aig.aig,1,1,1,330,31,10230,5542,1.845904,0,0,0.293,square_specific_structural_rtl,exact unsigned 10-bit square x*x over 1024 inputs; source=wallace_square_rev; flow=wreduce_abc_g_aig
ex271,ex271_square_wallace_square_rev_arith_wreduce_aig,unsigned_square_x_times_x,wallace_square_rev+arith_wreduce_aig,student/work/ex270_ex274_frontend_square_structures_20260609_1138_full2/ex271/verilog/ex271_square_wallace_square_rev.v,student/work/ex270_ex274_frontend_square_structures_20260609_1138_full2/ex271/aigs/ex271_square_wallace_square_rev_arith_wreduce_aig.aig,1,1,1,330,30,9900,5542,1.786359,0,0,0.281,square_specific_structural_rtl,exact unsigned 10-bit square x*x over 1024 inputs; source=wallace_square_rev; flow=arith_wreduce_aig
ex271,ex271_square_wallace_square_rev_synth_preset_d20,unsigned_square_x_times_x,wallace_square_rev+synth_preset_d20,student/work/ex270_ex274_frontend_square_structures_20260609_1138_full2/ex271/verilog/ex271_square_wallace_square_rev.v,student/work/ex270_ex274_frontend_square_structures_20260609_1138_full2/ex271/aigs/ex271_square_wallace_square_rev_synth_preset_d20.aig,1,1,1,328,30,9840,5542,1.775532,0,0,0.355,square_specific_structural_rtl,exact unsigned 10-bit square x*x over 1024 inputs; source=wallace_square_rev; flow=synth_preset_d20
ex271,ex271_square_wallace_square_outside_abc_g_aig,unsigned_square_x_times_x,wallace_square_outside+abc_g_aig,student/work/ex270_ex274_frontend_square_structures_20260609_1138_full2/ex271/verilog/ex271_square_wallace_square_outside.v,student/work/ex270_ex274_frontend_square_structures_20260609_1138_full2/ex271/aigs/ex271_square_wallace_square_outside_abc_g_aig.aig,1,1,1,320,29,9280,5542,1.674486,0,0,0.262,square_specific_structural_rtl,exact unsigned 10-bit square x*x over 1024 inputs; source=wallace_square_outside; flow=abc_g_aig
ex271,ex271_square_wallace_square_outside_wreduce_abc_g_aig,unsigned_square_x_times_x,wallace_square_outside+wreduce_abc_g_aig,student/work/ex270_ex274_frontend_square_structures_20260609_1138_full2/ex271/verilog/ex271_square_wallace_square_outside.v,student/work/ex270_ex274_frontend_square_structures_20260609_1138_full2/ex271/aigs/ex271_square_wallace_square_outside_wreduce_abc_g_aig.aig,1,1,1,320,29,9280,5542,1.674486,0,0,0.313,square_specific_structural_rtl,exact unsigned 10-bit square x*x over 1024 inputs; source=wallace_square_outside; flow=wreduce_abc_g_aig
ex271,ex271_square_wallace_square_outside_arith_wreduce_aig,unsigned_square_x_times_x,wallace_square_outside+arith_wreduce_aig,student/work/ex270_ex274_frontend_square_structures_20260609_1138_full2/ex271/verilog/ex271_square_wallace_square_outside.v,student/work/ex270_ex274_frontend_square_structures_20260609_1138_full2/ex271/aigs/ex271_square_wallace_square_outside_arith_wreduce_aig.aig,1,1,1,322,29,9338,5542,1.684951,0,0,0.272,square_specific_structural_rtl,exact unsigned 10-bit square x*x over 1024 inputs; source=wallace_square_outside; flow=arith_wreduce_aig
ex271,ex271_square_wallace_square_outside_synth_preset_d20,unsigned_square_x_times_x,wallace_square_outside+synth_preset_d20,student/work/ex270_ex274_frontend_square_structures_20260609_1138_full2/ex271/verilog/ex271_square_wallace_square_outside.v,student/work/ex270_ex274_frontend_square_structures_20260609_1138_full2/ex271/aigs/ex271_square_wallace_square_outside_synth_preset_d20.aig,1,1,1,319,29,9251,5542,1.669253,0,0,0.347,square_specific_structural_rtl,exact unsigned 10-bit square x*x over 1024 inputs; source=wallace_square_outside; flow=synth_preset_d20
ex271,ex271_square_wallace_square_hcla2_abc_g_aig,unsigned_square_x_times_x,wallace_square_hcla2+abc_g_aig,student/work/ex270_ex274_frontend_square_structures_20260609_1138_full2/ex271/verilog/ex271_square_wallace_square_hcla2.v,student/work/ex270_ex274_frontend_square_structures_20260609_1138_full2/ex271/aigs/ex271_square_wallace_square_hcla2_abc_g_aig.aig,1,1,1,334,30,10020,5542,1.808012,0,0,0.292,square_specific_structural_rtl,exact unsigned 10-bit square x*x over 1024 inputs; source=wallace_square_hcla2; flow=abc_g_aig
ex271,ex271_square_wallace_square_hcla2_wreduce_abc_g_aig,unsigned_square_x_times_x,wallace_square_hcla2+wreduce_abc_g_aig,student/work/ex270_ex274_frontend_square_structures_20260609_1138_full2/ex271/verilog/ex271_square_wallace_square_hcla2.v,student/work/ex270_ex274_frontend_square_structures_20260609_1138_full2/ex271/aigs/ex271_square_wallace_square_hcla2_wreduce_abc_g_aig.aig,1,1,1,336,30,10080,5542,1.818838,0,0,0.306,square_specific_structural_rtl,exact unsigned 10-bit square x*x over 1024 inputs; source=wallace_square_hcla2; flow=wreduce_abc_g_aig
ex271,ex271_square_wallace_square_hcla2_arith_wreduce_aig,unsigned_square_x_times_x,wallace_square_hcla2+arith_wreduce_aig,student/work/ex270_ex274_frontend_square_structures_20260609_1138_full2/ex271/verilog/ex271_square_wallace_square_hcla2.v,student/work/ex270_ex274_frontend_square_structures_20260609_1138_full2/ex271/aigs/ex271_square_wallace_square_hcla2_arith_wreduce_aig.aig,1,1,1,336,30,10080,5542,1.818838,0,0,0.305,square_specific_structural_rtl,exact unsigned 10-bit square x*x over 1024 inputs; source=wallace_square_hcla2; flow=arith_wreduce_aig
ex271,ex271_square_wallace_square_hcla2_synth_preset_d20,unsigned_square_x_times_x,wallace_square_hcla2+synth_preset_d20,student/work/ex270_ex274_frontend_square_structures_20260609_1138_full2/ex271/verilog/ex271_square_wallace_square_hcla2.v,student/work/ex270_ex274_frontend_square_structures_20260609_1138_full2/ex271/aigs/ex271_square_wallace_square_hcla2_synth_preset_d20.aig,1,1,1,338,31,10478,5542,1.890653,0,0,0.389,square_specific_structural_rtl,exact unsigned 10-bit square x*x over 1024 inputs; source=wallace_square_hcla2; flow=synth_preset_d20
ex271,ex271_square_wallace_square_hcla4_abc_g_aig,unsigned_square_x_times_x,wallace_square_hcla4+abc_g_aig,student/work/ex270_ex274_frontend_square_structures_20260609_1138_full2/ex271/verilog/ex271_square_wallace_square_hcla4.v,student/work/ex270_ex274_frontend_square_structures_20260609_1138_full2/ex271/aigs/ex271_square_wallace_square_hcla4_abc_g_aig.aig,1,1,1,341,30,10230,5542,1.845904,0,0,0.290,square_specific_structural_rtl,exact unsigned 10-bit square x*x over 1024 inputs; source=wallace_square_hcla4; flow=abc_g_aig
ex271,ex271_square_wallace_square_hcla4_wreduce_abc_g_aig,unsigned_square_x_times_x,wallace_square_hcla4+wreduce_abc_g_aig,student/work/ex270_ex274_frontend_square_structures_20260609_1138_full2/ex271/verilog/ex271_square_wallace_square_hcla4.v,student/work/ex270_ex274_frontend_square_structures_20260609_1138_full2/ex271/aigs/ex271_square_wallace_square_hcla4_wreduce_abc_g_aig.aig,1,1,1,339,30,10170,5542,1.835078,0,0,0.303,square_specific_structural_rtl,exact unsigned 10-bit square x*x over 1024 inputs; source=wallace_square_hcla4; flow=wreduce_abc_g_aig
ex271,ex271_square_wallace_square_hcla4_arith_wreduce_aig,unsigned_square_x_times_x,wallace_square_hcla4+arith_wreduce_aig,student/work/ex270_ex274_frontend_square_structures_20260609_1138_full2/ex271/verilog/ex271_square_wallace_square_hcla4.v,student/work/ex270_ex274_frontend_square_structures_20260609_1138_full2/ex271/aigs/ex271_square_wallace_square_hcla4_arith_wreduce_aig.aig,1,1,1,339,30,10170,5542,1.835078,0,0,0.306,square_specific_structural_rtl,exact unsigned 10-bit square x*x over 1024 inputs; source=wallace_square_hcla4; flow=arith_wreduce_aig
ex271,ex271_square_wallace_square_hcla4_synth_preset_d20,unsigned_square_x_times_x,wallace_square_hcla4+synth_preset_d20,student/work/ex270_ex274_frontend_square_structures_20260609_1138_full2/ex271/verilog/ex271_square_wallace_square_hcla4.v,student/work/ex270_ex274_frontend_square_structures_20260609_1138_full2/ex271/aigs/ex271_square_wallace_square_hcla4_synth_preset_d20.aig,1,1,1,336,30,10080,5542,1.818838,0,0,0.394,square_specific_structural_rtl,exact unsigned 10-bit square x*x over 1024 inputs; source=wallace_square_hcla4; flow=synth_preset_d20
ex271,ex271_square_wallace_square_hcla6_abc_g_aig,unsigned_square_x_times_x,wallace_square_hcla6+abc_g_aig,student/work/ex270_ex274_frontend_square_structures_20260609_1138_full2/ex271/verilog/ex271_square_wallace_square_hcla6.v,student/work/ex270_ex274_frontend_square_structures_20260609_1138_full2/ex271/aigs/ex271_square_wallace_square_hcla6_abc_g_aig.aig,1,1,1,336,30,10080,5542,1.818838,0,0,0.288,square_specific_structural_rtl,exact unsigned 10-bit square x*x over 1024 inputs; source=wallace_square_hcla6; flow=abc_g_aig
ex271,ex271_square_wallace_square_hcla6_wreduce_abc_g_aig,unsigned_square_x_times_x,wallace_square_hcla6+wreduce_abc_g_aig,student/work/ex270_ex274_frontend_square_structures_20260609_1138_full2/ex271/verilog/ex271_square_wallace_square_hcla6.v,student/work/ex270_ex274_frontend_square_structures_20260609_1138_full2/ex271/aigs/ex271_square_wallace_square_hcla6_wreduce_abc_g_aig.aig,1,1,1,336,31,10416,5542,1.879466,0,0,0.301,square_specific_structural_rtl,exact unsigned 10-bit square x*x over 1024 inputs; source=wallace_square_hcla6; flow=wreduce_abc_g_aig
ex271,ex271_square_wallace_square_hcla6_arith_wreduce_aig,unsigned_square_x_times_x,wallace_square_hcla6+arith_wreduce_aig,student/work/ex270_ex274_frontend_square_structures_20260609_1138_full2/ex271/verilog/ex271_square_wallace_square_hcla6.v,student/work/ex270_ex274_frontend_square_structures_20260609_1138_full2/ex271/aigs/ex271_square_wallace_square_hcla6_arith_wreduce_aig.aig,1,1,1,336,31,10416,5542,1.879466,0,0,0.301,square_specific_structural_rtl,exact unsigned 10-bit square x*x over 1024 inputs; source=wallace_square_hcla6; flow=arith_wreduce_aig
ex271,ex271_square_wallace_square_hcla6_synth_preset_d20,unsigned_square_x_times_x,wallace_square_hcla6+synth_preset_d20,student/work/ex270_ex274_frontend_square_structures_20260609_1138_full2/ex271/verilog/ex271_square_wallace_square_hcla6.v,student/work/ex270_ex274_frontend_square_structures_20260609_1138_full2/ex271/aigs/ex271_square_wallace_square_hcla6_synth_preset_d20.aig,1,1,1,333,30,9990,5542,1.802598,0,0,0.387,square_specific_structural_rtl,exact unsigned 10-bit square x*x over 1024 inputs; source=wallace_square_hcla6; flow=synth_preset_d20
ex271,ex271_square_wallace_square_hcla8_abc_g_aig,unsigned_square_x_times_x,wallace_square_hcla8+abc_g_aig,student/work/ex270_ex274_frontend_square_structures_20260609_1138_full2/ex271/verilog/ex271_square_wallace_square_hcla8.v,student/work/ex270_ex274_frontend_square_structures_20260609_1138_full2/ex271/aigs/ex271_square_wallace_square_hcla8_abc_g_aig.aig,1,1,1,338,29,9802,5542,1.768676,0,0,0.290,square_specific_structural_rtl,exact unsigned 10-bit square x*x over 1024 inputs; source=wallace_square_hcla8; flow=abc_g_aig
ex271,ex271_square_wallace_square_hcla8_wreduce_abc_g_aig,unsigned_square_x_times_x,wallace_square_hcla8+wreduce_abc_g_aig,student/work/ex270_ex274_frontend_square_structures_20260609_1138_full2/ex271/verilog/ex271_square_wallace_square_hcla8.v,student/work/ex270_ex274_frontend_square_structures_20260609_1138_full2/ex271/aigs/ex271_square_wallace_square_hcla8_wreduce_abc_g_aig.aig,1,1,1,337,29,9773,5542,1.763443,0,0,0.307,square_specific_structural_rtl,exact unsigned 10-bit square x*x over 1024 inputs; source=wallace_square_hcla8; flow=wreduce_abc_g_aig
ex271,ex271_square_wallace_square_hcla8_arith_wreduce_aig,unsigned_square_x_times_x,wallace_square_hcla8+arith_wreduce_aig,student/work/ex270_ex274_frontend_square_structures_20260609_1138_full2/ex271/verilog/ex271_square_wallace_square_hcla8.v,student/work/ex270_ex274_frontend_square_structures_20260609_1138_full2/ex271/aigs/ex271_square_wallace_square_hcla8_arith_wreduce_aig.aig,1,1,1,337,29,9773,5542,1.763443,0,0,0.304,square_specific_structural_rtl,exact unsigned 10-bit square x*x over 1024 inputs; source=wallace_square_hcla8; flow=arith_wreduce_aig
ex271,ex271_square_wallace_square_hcla8_synth_preset_d20,unsigned_square_x_times_x,wallace_square_hcla8+synth_preset_d20,student/work/ex270_ex274_frontend_square_structures_20260609_1138_full2/ex271/verilog/ex271_square_wallace_square_hcla8.v,student/work/ex270_ex274_frontend_square_structures_20260609_1138_full2/ex271/aigs/ex271_square_wallace_square_hcla8_synth_preset_d20.aig,1,1,1,333,30,9990,5542,1.802598,0,0,0.381,square_specific_structural_rtl,exact unsigned 10-bit square x*x over 1024 inputs; source=wallace_square_hcla8; flow=synth_preset_d20
ex271,ex271_square_wallace_square_rev_hcla4_abc_g_aig,unsigned_square_x_times_x,wallace_square_rev_hcla4+abc_g_aig,student/work/ex270_ex274_frontend_square_structures_20260609_1138_full2/ex271/verilog/ex271_square_wallace_square_rev_hcla4.v,student/work/ex270_ex274_frontend_square_structures_20260609_1138_full2/ex271/aigs/ex271_square_wallace_square_rev_hcla4_abc_g_aig.aig,1,1,1,338,32,10816,5542,1.951642,0,0,0.293,square_specific_structural_rtl,exact unsigned 10-bit square x*x over 1024 inputs; source=wallace_square_rev_hcla4; flow=abc_g_aig
ex271,ex271_square_wallace_square_rev_hcla4_wreduce_abc_g_aig,unsigned_square_x_times_x,wallace_square_rev_hcla4+wreduce_abc_g_aig,student/work/ex270_ex274_frontend_square_structures_20260609_1138_full2/ex271/verilog/ex271_square_wallace_square_rev_hcla4.v,student/work/ex270_ex274_frontend_square_structures_20260609_1138_full2/ex271/aigs/ex271_square_wallace_square_rev_hcla4_wreduce_abc_g_aig.aig,1,1,1,332,31,10292,5542,1.857091,0,0,0.306,square_specific_structural_rtl,exact unsigned 10-bit square x*x over 1024 inputs; source=wallace_square_rev_hcla4; flow=wreduce_abc_g_aig
ex271,ex271_square_wallace_square_rev_hcla4_arith_wreduce_aig,unsigned_square_x_times_x,wallace_square_rev_hcla4+arith_wreduce_aig,student/work/ex270_ex274_frontend_square_structures_20260609_1138_full2/ex271/verilog/ex271_square_wallace_square_rev_hcla4.v,student/work/ex270_ex274_frontend_square_structures_20260609_1138_full2/ex271/aigs/ex271_square_wallace_square_rev_hcla4_arith_wreduce_aig.aig,1,1,1,332,31,10292,5542,1.857091,0,0,0.312,square_specific_structural_rtl,exact unsigned 10-bit square x*x over 1024 inputs; source=wallace_square_rev_hcla4; flow=arith_wreduce_aig
ex271,ex271_square_wallace_square_rev_hcla4_synth_preset_d20,unsigned_square_x_times_x,wallace_square_rev_hcla4+synth_preset_d20,student/work/ex270_ex274_frontend_square_structures_20260609_1138_full2/ex271/verilog/ex271_square_wallace_square_rev_hcla4.v,student/work/ex270_ex274_frontend_square_structures_20260609_1138_full2/ex271/aigs/ex271_square_wallace_square_rev_hcla4_synth_preset_d20.aig,1,1,1,337,29,9773,5542,1.763443,0,0,0.393,square_specific_structural_rtl,exact unsigned 10-bit square x*x over 1024 inputs; source=wallace_square_rev_hcla4; flow=synth_preset_d20
ex271,ex271_square_wallace_square_rev_hcla6_abc_g_aig,unsigned_square_x_times_x,wallace_square_rev_hcla6+abc_g_aig,student/work/ex270_ex274_frontend_square_structures_20260609_1138_full2/ex271/verilog/ex271_square_wallace_square_rev_hcla6.v,student/work/ex270_ex274_frontend_square_structures_20260609_1138_full2/ex271/aigs/ex271_square_wallace_square_rev_hcla6_abc_g_aig.aig,1,1,1,331,31,10261,5542,1.851498,0,0,0.289,square_specific_structural_rtl,exact unsigned 10-bit square x*x over 1024 inputs; source=wallace_square_rev_hcla6; flow=abc_g_aig
ex271,ex271_square_wallace_square_rev_hcla6_wreduce_abc_g_aig,unsigned_square_x_times_x,wallace_square_rev_hcla6+wreduce_abc_g_aig,student/work/ex270_ex274_frontend_square_structures_20260609_1138_full2/ex271/verilog/ex271_square_wallace_square_rev_hcla6.v,student/work/ex270_ex274_frontend_square_structures_20260609_1138_full2/ex271/aigs/ex271_square_wallace_square_rev_hcla6_wreduce_abc_g_aig.aig,1,1,1,332,32,10624,5542,1.916997,0,0,0.301,square_specific_structural_rtl,exact unsigned 10-bit square x*x over 1024 inputs; source=wallace_square_rev_hcla6; flow=wreduce_abc_g_aig
ex271,ex271_square_wallace_square_rev_hcla6_arith_wreduce_aig,unsigned_square_x_times_x,wallace_square_rev_hcla6+arith_wreduce_aig,student/work/ex270_ex274_frontend_square_structures_20260609_1138_full2/ex271/verilog/ex271_square_wallace_square_rev_hcla6.v,student/work/ex270_ex274_frontend_square_structures_20260609_1138_full2/ex271/aigs/ex271_square_wallace_square_rev_hcla6_arith_wreduce_aig.aig,1,1,1,332,32,10624,5542,1.916997,0,0,0.299,square_specific_structural_rtl,exact unsigned 10-bit square x*x over 1024 inputs; source=wallace_square_rev_hcla6; flow=arith_wreduce_aig
ex271,ex271_square_wallace_square_rev_hcla6_synth_preset_d20,unsigned_square_x_times_x,wallace_square_rev_hcla6+synth_preset_d20,student/work/ex270_ex274_frontend_square_structures_20260609_1138_full2/ex271/verilog/ex271_square_wallace_square_rev_hcla6.v,student/work/ex270_ex274_frontend_square_structures_20260609_1138_full2/ex271/aigs/ex271_square_wallace_square_rev_hcla6_synth_preset_d20.aig,1,1,1,336,30,10080,5542,1.818838,0,0,0.390,square_specific_structural_rtl,exact unsigned 10-bit square x*x over 1024 inputs; source=wallace_square_rev_hcla6; flow=synth_preset_d20
ex271,ex271_square_wallace_square_outside_hcla4_abc_g_aig,unsigned_square_x_times_x,wallace_square_outside_hcla4+abc_g_aig,student/work/ex270_ex274_frontend_square_structures_20260609_1138_full2/ex271/verilog/ex271_square_wallace_square_outside_hcla4.v,student/work/ex270_ex274_frontend_square_structures_20260609_1138_full2/ex271/aigs/ex271_square_wallace_square_outside_hcla4_abc_g_aig.aig,1,1,1,317,29,9193,5542,1.658787,0,0,0.285,square_specific_structural_rtl,exact unsigned 10-bit square x*x over 1024 inputs; source=wallace_square_outside_hcla4; flow=abc_g_aig
ex271,ex271_square_wallace_square_outside_hcla4_wreduce_abc_g_aig,unsigned_square_x_times_x,wallace_square_outside_hcla4+wreduce_abc_g_aig,student/work/ex270_ex274_frontend_square_structures_20260609_1138_full2/ex271/verilog/ex271_square_wallace_square_outside_hcla4.v,student/work/ex270_ex274_frontend_square_structures_20260609_1138_full2/ex271/aigs/ex271_square_wallace_square_outside_hcla4_wreduce_abc_g_aig.aig,1,1,1,317,29,9193,5542,1.658787,0,0,0.299,square_specific_structural_rtl,exact unsigned 10-bit square x*x over 1024 inputs; source=wallace_square_outside_hcla4; flow=wreduce_abc_g_aig
ex271,ex271_square_wallace_square_outside_hcla4_arith_wreduce_aig,unsigned_square_x_times_x,wallace_square_outside_hcla4+arith_wreduce_aig,student/work/ex270_ex274_frontend_square_structures_20260609_1138_full2/ex271/verilog/ex271_square_wallace_square_outside_hcla4.v,student/work/ex270_ex274_frontend_square_structures_20260609_1138_full2/ex271/aigs/ex271_square_wallace_square_outside_hcla4_arith_wreduce_aig.aig,1,1,1,317,29,9193,5542,1.658787,0,0,0.299,square_specific_structural_rtl,exact unsigned 10-bit square x*x over 1024 inputs; source=wallace_square_outside_hcla4; flow=arith_wreduce_aig
ex271,ex271_square_wallace_square_outside_hcla4_synth_preset_d20,unsigned_square_x_times_x,wallace_square_outside_hcla4+synth_preset_d20,student/work/ex270_ex274_frontend_square_structures_20260609_1138_full2/ex271/verilog/ex271_square_wallace_square_outside_hcla4.v,student/work/ex270_ex274_frontend_square_structures_20260609_1138_full2/ex271/aigs/ex271_square_wallace_square_outside_hcla4_synth_preset_d20.aig,1,1,1,321,29,9309,5542,1.679719,0,0,0.382,square_specific_structural_rtl,exact unsigned 10-bit square x*x over 1024 inputs; source=wallace_square_outside_hcla4; flow=synth_preset_d20
ex271,ex271_square_wallace_square_outside_hcla6_abc_g_aig,unsigned_square_x_times_x,wallace_square_outside_hcla6+abc_g_aig,student/work/ex270_ex274_frontend_square_structures_20260609_1138_full2/ex271/verilog/ex271_square_wallace_square_outside_hcla6.v,student/work/ex270_ex274_frontend_square_structures_20260609_1138_full2/ex271/aigs/ex271_square_wallace_square_outside_hcla6_abc_g_aig.aig,1,1,1,324,29,9396,5542,1.695417,0,0,0.278,square_specific_structural_rtl,exact unsigned 10-bit square x*x over 1024 inputs; source=wallace_square_outside_hcla6; flow=abc_g_aig
ex271,ex271_square_wallace_square_outside_hcla6_wreduce_abc_g_aig,unsigned_square_x_times_x,wallace_square_outside_hcla6+wreduce_abc_g_aig,student/work/ex270_ex274_frontend_square_structures_20260609_1138_full2/ex271/verilog/ex271_square_wallace_square_outside_hcla6.v,student/work/ex270_ex274_frontend_square_structures_20260609_1138_full2/ex271/aigs/ex271_square_wallace_square_outside_hcla6_wreduce_abc_g_aig.aig,1,1,1,319,30,9570,5542,1.726813,0,0,0.289,square_specific_structural_rtl,exact unsigned 10-bit square x*x over 1024 inputs; source=wallace_square_outside_hcla6; flow=wreduce_abc_g_aig
ex271,ex271_square_wallace_square_outside_hcla6_arith_wreduce_aig,unsigned_square_x_times_x,wallace_square_outside_hcla6+arith_wreduce_aig,student/work/ex270_ex274_frontend_square_structures_20260609_1138_full2/ex271/verilog/ex271_square_wallace_square_outside_hcla6.v,student/work/ex270_ex274_frontend_square_structures_20260609_1138_full2/ex271/aigs/ex271_square_wallace_square_outside_hcla6_arith_wreduce_aig.aig,1,1,1,319,30,9570,5542,1.726813,0,0,0.312,square_specific_structural_rtl,exact unsigned 10-bit square x*x over 1024 inputs; source=wallace_square_outside_hcla6; flow=arith_wreduce_aig
ex271,ex271_square_wallace_square_outside_hcla6_synth_preset_d20,unsigned_square_x_times_x,wallace_square_outside_hcla6+synth_preset_d20,student/work/ex270_ex274_frontend_square_structures_20260609_1138_full2/ex271/verilog/ex271_square_wallace_square_outside_hcla6.v,student/work/ex270_ex274_frontend_square_structures_20260609_1138_full2/ex271/aigs/ex271_square_wallace_square_outside_hcla6_synth_preset_d20.aig,1,1,1,319,29,9251,5542,1.669253,0,0,0.373,square_specific_structural_rtl,exact unsigned 10-bit square x*x over 1024 inputs; source=wallace_square_outside_hcla6; flow=synth_preset_d20
ex271,ex271_square_dadda_square_abc_g_aig,unsigned_square_x_times_x,dadda_square+abc_g_aig,student/work/ex270_ex274_frontend_square_structures_20260609_1138_full2/ex271/verilog/ex271_square_dadda_square.v,student/work/ex270_ex274_frontend_square_structures_20260609_1138_full2/ex271/aigs/ex271_square_dadda_square_abc_g_aig.aig,1,1,1,341,31,10571,5542,1.907434,0,0,0.275,square_specific_structural_rtl,exact unsigned 10-bit square x*x over 1024 inputs; source=dadda_square; flow=abc_g_aig
ex271,ex271_square_dadda_square_wreduce_abc_g_aig,unsigned_square_x_times_x,dadda_square+wreduce_abc_g_aig,student/work/ex270_ex274_frontend_square_structures_20260609_1138_full2/ex271/verilog/ex271_square_dadda_square.v,student/work/ex270_ex274_frontend_square_structures_20260609_1138_full2/ex271/aigs/ex271_square_dadda_square_wreduce_abc_g_aig.aig,1,1,1,341,31,10571,5542,1.907434,0,0,0.297,square_specific_structural_rtl,exact unsigned 10-bit square x*x over 1024 inputs; source=dadda_square; flow=wreduce_abc_g_aig
ex271,ex271_square_dadda_square_arith_wreduce_aig,unsigned_square_x_times_x,dadda_square+arith_wreduce_aig,student/work/ex270_ex274_frontend_square_structures_20260609_1138_full2/ex271/verilog/ex271_square_dadda_square.v,student/work/ex270_ex274_frontend_square_structures_20260609_1138_full2/ex271/aigs/ex271_square_dadda_square_arith_wreduce_aig.aig,1,1,1,337,31,10447,5542,1.885060,0,0,0.284,square_specific_structural_rtl,exact unsigned 10-bit square x*x over 1024 inputs; source=dadda_square; flow=arith_wreduce_aig
ex271,ex271_square_dadda_square_synth_preset_d20,unsigned_square_x_times_x,dadda_square+synth_preset_d20,student/work/ex270_ex274_frontend_square_structures_20260609_1138_full2/ex271/verilog/ex271_square_dadda_square.v,student/work/ex270_ex274_frontend_square_structures_20260609_1138_full2/ex271/aigs/ex271_square_dadda_square_synth_preset_d20.aig,1,1,1,333,31,10323,5542,1.862685,0,0,0.358,square_specific_structural_rtl,exact unsigned 10-bit square x*x over 1024 inputs; source=dadda_square; flow=synth_preset_d20
ex271,ex271_square_dadda_square_hcla4_abc_g_aig,unsigned_square_x_times_x,dadda_square_hcla4+abc_g_aig,student/work/ex270_ex274_frontend_square_structures_20260609_1138_full2/ex271/verilog/ex271_square_dadda_square_hcla4.v,student/work/ex270_ex274_frontend_square_structures_20260609_1138_full2/ex271/aigs/ex271_square_dadda_square_hcla4_abc_g_aig.aig,1,1,1,342,31,10602,5542,1.913028,0,0,0.288,square_specific_structural_rtl,exact unsigned 10-bit square x*x over 1024 inputs; source=dadda_square_hcla4; flow=abc_g_aig
ex271,ex271_square_dadda_square_hcla4_wreduce_abc_g_aig,unsigned_square_x_times_x,dadda_square_hcla4+wreduce_abc_g_aig,student/work/ex270_ex274_frontend_square_structures_20260609_1138_full2/ex271/verilog/ex271_square_dadda_square_hcla4.v,student/work/ex270_ex274_frontend_square_structures_20260609_1138_full2/ex271/aigs/ex271_square_dadda_square_hcla4_wreduce_abc_g_aig.aig,1,1,1,340,31,10540,5542,1.901840,0,0,0.307,square_specific_structural_rtl,exact unsigned 10-bit square x*x over 1024 inputs; source=dadda_square_hcla4; flow=wreduce_abc_g_aig
ex271,ex271_square_dadda_square_hcla4_arith_wreduce_aig,unsigned_square_x_times_x,dadda_square_hcla4+arith_wreduce_aig,student/work/ex270_ex274_frontend_square_structures_20260609_1138_full2/ex271/verilog/ex271_square_dadda_square_hcla4.v,student/work/ex270_ex274_frontend_square_structures_20260609_1138_full2/ex271/aigs/ex271_square_dadda_square_hcla4_arith_wreduce_aig.aig,1,1,1,340,31,10540,5542,1.901840,0,0,0.306,square_specific_structural_rtl,exact unsigned 10-bit square x*x over 1024 inputs; source=dadda_square_hcla4; flow=arith_wreduce_aig
ex271,ex271_square_dadda_square_hcla4_synth_preset_d20,unsigned_square_x_times_x,dadda_square_hcla4+synth_preset_d20,student/work/ex270_ex274_frontend_square_structures_20260609_1138_full2/ex271/verilog/ex271_square_dadda_square_hcla4.v,student/work/ex270_ex274_frontend_square_structures_20260609_1138_full2/ex271/aigs/ex271_square_dadda_square_hcla4_synth_preset_d20.aig,1,1,1,336,31,10416,5542,1.879466,0,0,0.392,square_specific_structural_rtl,exact unsigned 10-bit square x*x over 1024 inputs; source=dadda_square_hcla4; flow=synth_preset_d20
ex271,ex271_square_dadda_square_hcla6_abc_g_aig,unsigned_square_x_times_x,dadda_square_hcla6+abc_g_aig,student/work/ex270_ex274_frontend_square_structures_20260609_1138_full2/ex271/verilog/ex271_square_dadda_square_hcla6.v,student/work/ex270_ex274_frontend_square_structures_20260609_1138_full2/ex271/aigs/ex271_square_dadda_square_hcla6_abc_g_aig.aig,1,1,1,338,31,10478,5542,1.890653,0,0,0.283,square_specific_structural_rtl,exact unsigned 10-bit square x*x over 1024 inputs; source=dadda_square_hcla6; flow=abc_g_aig
ex271,ex271_square_dadda_square_hcla6_wreduce_abc_g_aig,unsigned_square_x_times_x,dadda_square_hcla6+wreduce_abc_g_aig,student/work/ex270_ex274_frontend_square_structures_20260609_1138_full2/ex271/verilog/ex271_square_dadda_square_hcla6.v,student/work/ex270_ex274_frontend_square_structures_20260609_1138_full2/ex271/aigs/ex271_square_dadda_square_hcla6_wreduce_abc_g_aig.aig,1,1,1,338,31,10478,5542,1.890653,0,0,0.295,square_specific_structural_rtl,exact unsigned 10-bit square x*x over 1024 inputs; source=dadda_square_hcla6; flow=wreduce_abc_g_aig
ex271,ex271_square_dadda_square_hcla6_arith_wreduce_aig,unsigned_square_x_times_x,dadda_square_hcla6+arith_wreduce_aig,student/work/ex270_ex274_frontend_square_structures_20260609_1138_full2/ex271/verilog/ex271_square_dadda_square_hcla6.v,student/work/ex270_ex274_frontend_square_structures_20260609_1138_full2/ex271/aigs/ex271_square_dadda_square_hcla6_arith_wreduce_aig.aig,1,1,1,338,31,10478,5542,1.890653,0,0,0.299,square_specific_structural_rtl,exact unsigned 10-bit square x*x over 1024 inputs; source=dadda_square_hcla6; flow=arith_wreduce_aig
ex271,ex271_square_dadda_square_hcla6_synth_preset_d20,unsigned_square_x_times_x,dadda_square_hcla6+synth_preset_d20,student/work/ex270_ex274_frontend_square_structures_20260609_1138_full2/ex271/verilog/ex271_square_dadda_square_hcla6.v,student/work/ex270_ex274_frontend_square_structures_20260609_1138_full2/ex271/aigs/ex271_square_dadda_square_hcla6_synth_preset_d20.aig,1,1,1,336,31,10416,5542,1.879466,0,0,0.383,square_specific_structural_rtl,exact unsigned 10-bit square x*x over 1024 inputs; source=dadda_square_hcla6; flow=synth_preset_d20
ex271,ex271_square_dadda_square_hcla8_abc_g_aig,unsigned_square_x_times_x,dadda_square_hcla8+abc_g_aig,student/work/ex270_ex274_frontend_square_structures_20260609_1138_full2/ex271/verilog/ex271_square_dadda_square_hcla8.v,student/work/ex270_ex274_frontend_square_structures_20260609_1138_full2/ex271/aigs/ex271_square_dadda_square_hcla8_abc_g_aig.aig,1,1,1,336,31,10416,5542,1.879466,0,0,0.324,square_specific_structural_rtl,exact unsigned 10-bit square x*x over 1024 inputs; source=dadda_square_hcla8; flow=abc_g_aig
ex271,ex271_square_dadda_square_hcla8_wreduce_abc_g_aig,unsigned_square_x_times_x,dadda_square_hcla8+wreduce_abc_g_aig,student/work/ex270_ex274_frontend_square_structures_20260609_1138_full2/ex271/verilog/ex271_square_dadda_square_hcla8.v,student/work/ex270_ex274_frontend_square_structures_20260609_1138_full2/ex271/aigs/ex271_square_dadda_square_hcla8_wreduce_abc_g_aig.aig,1,1,1,338,31,10478,5542,1.890653,0,0,0.345,square_specific_structural_rtl,exact unsigned 10-bit square x*x over 1024 inputs; source=dadda_square_hcla8; flow=wreduce_abc_g_aig
ex271,ex271_square_dadda_square_hcla8_arith_wreduce_aig,unsigned_square_x_times_x,dadda_square_hcla8+arith_wreduce_aig,student/work/ex270_ex274_frontend_square_structures_20260609_1138_full2/ex271/verilog/ex271_square_dadda_square_hcla8.v,student/work/ex270_ex274_frontend_square_structures_20260609_1138_full2/ex271/aigs/ex271_square_dadda_square_hcla8_arith_wreduce_aig.aig,1,1,1,338,31,10478,5542,1.890653,0,0,0.342,square_specific_structural_rtl,exact unsigned 10-bit square x*x over 1024 inputs; source=dadda_square_hcla8; flow=arith_wreduce_aig
ex271,ex271_square_dadda_square_hcla8_synth_preset_d20,unsigned_square_x_times_x,dadda_square_hcla8+synth_preset_d20,student/work/ex270_ex274_frontend_square_structures_20260609_1138_full2/ex271/verilog/ex271_square_dadda_square_hcla8.v,student/work/ex270_ex274_frontend_square_structures_20260609_1138_full2/ex271/aigs/ex271_square_dadda_square_hcla8_synth_preset_d20.aig,1,1,1,336,31,10416,5542,1.879466,0,0,0.419,square_specific_structural_rtl,exact unsigned 10-bit square x*x over 1024 inputs; source=dadda_square_hcla8; flow=synth_preset_d20
ex271,ex271_square_low_high_split_abc_g_aig,unsigned_square_x_times_x,low_high_split+abc_g_aig,student/work/ex270_ex274_frontend_square_structures_20260609_1138_full2/ex271/verilog/ex271_square_low_high_split.v,student/work/ex270_ex274_frontend_square_structures_20260609_1138_full2/ex271/aigs/ex271_square_low_high_split_abc_g_aig.aig,1,1,1,379,34,12886,5542,2.325153,0,0,0.294,square_specific_structural_rtl,exact unsigned 10-bit square x*x over 1024 inputs; source=low_high_split; flow=abc_g_aig
ex271,ex271_square_low_high_split_wreduce_abc_g_aig,unsigned_square_x_times_x,low_high_split+wreduce_abc_g_aig,student/work/ex270_ex274_frontend_square_structures_20260609_1138_full2/ex271/verilog/ex271_square_low_high_split.v,student/work/ex270_ex274_frontend_square_structures_20260609_1138_full2/ex271/aigs/ex271_square_low_high_split_wreduce_abc_g_aig.aig,1,1,1,378,34,12852,5542,2.319018,0,0,0.298,square_specific_structural_rtl,exact unsigned 10-bit square x*x over 1024 inputs; source=low_high_split; flow=wreduce_abc_g_aig
ex271,ex271_square_low_high_split_arith_wreduce_aig,unsigned_square_x_times_x,low_high_split+arith_wreduce_aig,student/work/ex270_ex274_frontend_square_structures_20260609_1138_full2/ex271/verilog/ex271_square_low_high_split.v,student/work/ex270_ex274_frontend_square_structures_20260609_1138_full2/ex271/aigs/ex271_square_low_high_split_arith_wreduce_aig.aig,1,1,1,396,36,14256,5542,2.572357,0,0,0.297,square_specific_structural_rtl,exact unsigned 10-bit square x*x over 1024 inputs; source=low_high_split; flow=arith_wreduce_aig
ex271,ex271_square_low_high_split_synth_preset_d20,unsigned_square_x_times_x,low_high_split+synth_preset_d20,student/work/ex270_ex274_frontend_square_structures_20260609_1138_full2/ex271/verilog/ex271_square_low_high_split.v,student/work/ex270_ex274_frontend_square_structures_20260609_1138_full2/ex271/aigs/ex271_square_low_high_split_synth_preset_d20.aig,1,1,1,372,36,13392,5542,2.416456,0,0,0.364,square_specific_structural_rtl,exact unsigned 10-bit square x*x over 1024 inputs; source=low_high_split; flow=synth_preset_d20
ex271,ex271_square_low_high_split_hcla_abc_g_aig,unsigned_square_x_times_x,low_high_split_hcla+abc_g_aig,student/work/ex270_ex274_frontend_square_structures_20260609_1138_full2/ex271/verilog/ex271_square_low_high_split_hcla.v,student/work/ex270_ex274_frontend_square_structures_20260609_1138_full2/ex271/aigs/ex271_square_low_high_split_hcla_abc_g_aig.aig,1,1,1,380,33,12540,5542,2.262721,0,0,0.368,square_specific_structural_rtl,exact unsigned 10-bit square x*x over 1024 inputs; source=low_high_split_hcla; flow=abc_g_aig
ex271,ex271_square_low_high_split_hcla_wreduce_abc_g_aig,unsigned_square_x_times_x,low_high_split_hcla+wreduce_abc_g_aig,student/work/ex270_ex274_frontend_square_structures_20260609_1138_full2/ex271/verilog/ex271_square_low_high_split_hcla.v,student/work/ex270_ex274_frontend_square_structures_20260609_1138_full2/ex271/aigs/ex271_square_low_high_split_hcla_wreduce_abc_g_aig.aig,1,1,1,384,33,12672,5542,2.286539,0,0,0.350,square_specific_structural_rtl,exact unsigned 10-bit square x*x over 1024 inputs; source=low_high_split_hcla; flow=wreduce_abc_g_aig
ex271,ex271_square_low_high_split_hcla_arith_wreduce_aig,unsigned_square_x_times_x,low_high_split_hcla+arith_wreduce_aig,student/work/ex270_ex274_frontend_square_structures_20260609_1138_full2/ex271/verilog/ex271_square_low_high_split_hcla.v,student/work/ex270_ex274_frontend_square_structures_20260609_1138_full2/ex271/aigs/ex271_square_low_high_split_hcla_arith_wreduce_aig.aig,1,1,1,362,33,11946,5542,2.155540,0,0,0.357,square_specific_structural_rtl,exact unsigned 10-bit square x*x over 1024 inputs; source=low_high_split_hcla; flow=arith_wreduce_aig
ex271,ex271_square_low_high_split_hcla_synth_preset_d20,unsigned_square_x_times_x,low_high_split_hcla+synth_preset_d20,student/work/ex270_ex274_frontend_square_structures_20260609_1138_full2/ex271/verilog/ex271_square_low_high_split_hcla.v,student/work/ex270_ex274_frontend_square_structures_20260609_1138_full2/ex271/aigs/ex271_square_low_high_split_hcla_synth_preset_d20.aig,1,1,1,339,34,11526,5542,2.079755,0,0,0.420,square_specific_structural_rtl,exact unsigned 10-bit square x*x over 1024 inputs; source=low_high_split_hcla; flow=synth_preset_d20
ex271,ex271_square_karatsuba_square_abc_g_aig,unsigned_square_x_times_x,karatsuba_square+abc_g_aig,student/work/ex270_ex274_frontend_square_structures_20260609_1138_full2/ex271/verilog/ex271_square_karatsuba_square.v,student/work/ex270_ex274_frontend_square_structures_20260609_1138_full2/ex271/aigs/ex271_square_karatsuba_square_abc_g_aig.aig,1,1,1,454,44,19976,5542,3.604475,0,0,0.370,square_specific_structural_rtl,exact unsigned 10-bit square x*x over 1024 inputs; source=karatsuba_square; flow=abc_g_aig
ex271,ex271_square_karatsuba_square_wreduce_abc_g_aig,unsigned_square_x_times_x,karatsuba_square+wreduce_abc_g_aig,student/work/ex270_ex274_frontend_square_structures_20260609_1138_full2/ex271/verilog/ex271_square_karatsuba_square.v,student/work/ex270_ex274_frontend_square_structures_20260609_1138_full2/ex271/aigs/ex271_square_karatsuba_square_wreduce_abc_g_aig.aig,1,1,1,455,43,19565,5542,3.530314,0,0,0.367,square_specific_structural_rtl,exact unsigned 10-bit square x*x over 1024 inputs; source=karatsuba_square; flow=wreduce_abc_g_aig
ex271,ex271_square_karatsuba_square_arith_wreduce_aig,unsigned_square_x_times_x,karatsuba_square+arith_wreduce_aig,student/work/ex270_ex274_frontend_square_structures_20260609_1138_full2/ex271/verilog/ex271_square_karatsuba_square.v,student/work/ex270_ex274_frontend_square_structures_20260609_1138_full2/ex271/aigs/ex271_square_karatsuba_square_arith_wreduce_aig.aig,1,1,1,561,52,29172,5542,5.263804,0,0,0.373,square_specific_structural_rtl,exact unsigned 10-bit square x*x over 1024 inputs; source=karatsuba_square; flow=arith_wreduce_aig
ex271,ex271_square_karatsuba_square_synth_preset_d20,unsigned_square_x_times_x,karatsuba_square+synth_preset_d20,student/work/ex270_ex274_frontend_square_structures_20260609_1138_full2/ex271/verilog/ex271_square_karatsuba_square.v,student/work/ex270_ex274_frontend_square_structures_20260609_1138_full2/ex271/aigs/ex271_square_karatsuba_square_synth_preset_d20.aig,1,1,1,524,51,26724,5542,4.822086,0,0,0.452,square_specific_structural_rtl,exact unsigned 10-bit square x*x over 1024 inputs; source=karatsuba_square; flow=synth_preset_d20
ex271,ex271_square_low4_case_high_direct_abc_g_aig,unsigned_square_x_times_x,low4_case_high_direct+abc_g_aig,student/work/ex270_ex274_frontend_square_structures_20260609_1138_full2/ex271/verilog/ex271_square_low4_case_high_direct.v,student/work/ex270_ex274_frontend_square_structures_20260609_1138_full2/ex271/aigs/ex271_square_low4_case_high_direct_abc_g_aig.aig,1,1,1,327,32,10464,5542,1.888127,0,0,0.317,square_specific_structural_rtl,exact unsigned 10-bit square x*x over 1024 inputs; source=low4_case_high_direct; flow=abc_g_aig
ex271,ex271_square_low4_case_high_direct_wreduce_abc_g_aig,unsigned_square_x_times_x,low4_case_high_direct+wreduce_abc_g_aig,student/work/ex270_ex274_frontend_square_structures_20260609_1138_full2/ex271/verilog/ex271_square_low4_case_high_direct.v,student/work/ex270_ex274_frontend_square_structures_20260609_1138_full2/ex271/aigs/ex271_square_low4_case_high_direct_wreduce_abc_g_aig.aig,1,1,1,327,32,10464,5542,1.888127,0,0,0.320,square_specific_structural_rtl,exact unsigned 10-bit square x*x over 1024 inputs; source=low4_case_high_direct; flow=wreduce_abc_g_aig
ex271,ex271_square_low4_case_high_direct_synth_preset_d20,unsigned_square_x_times_x,low4_case_high_direct+synth_preset_d20,student/work/ex270_ex274_frontend_square_structures_20260609_1138_full2/ex271/verilog/ex271_square_low4_case_high_direct.v,student/work/ex270_ex274_frontend_square_structures_20260609_1138_full2/ex271/aigs/ex271_square_low4_case_high_direct_synth_preset_d20.aig,1,1,1,327,32,10464,5542,1.888127,0,0,0.377,square_specific_structural_rtl,exact unsigned 10-bit square x*x over 1024 inputs; source=low4_case_high_direct; flow=synth_preset_d20
ex271,ex271_square_low5_case_high_direct_abc_g_aig,unsigned_square_x_times_x,low5_case_high_direct+abc_g_aig,student/work/ex270_ex274_frontend_square_structures_20260609_1138_full2/ex271/verilog/ex271_square_low5_case_high_direct.v,student/work/ex270_ex274_frontend_square_structures_20260609_1138_full2/ex271/aigs/ex271_square_low5_case_high_direct_abc_g_aig.aig,1,1,1,355,33,11715,5542,2.113858,0,0,0.310,square_specific_structural_rtl,exact unsigned 10-bit square x*x over 1024 inputs; source=low5_case_high_direct; flow=abc_g_aig
ex271,ex271_square_low5_case_high_direct_wreduce_abc_g_aig,unsigned_square_x_times_x,low5_case_high_direct+wreduce_abc_g_aig,student/work/ex270_ex274_frontend_square_structures_20260609_1138_full2/ex271/verilog/ex271_square_low5_case_high_direct.v,student/work/ex270_ex274_frontend_square_structures_20260609_1138_full2/ex271/aigs/ex271_square_low5_case_high_direct_wreduce_abc_g_aig.aig,1,1,1,356,33,11748,5542,2.119812,0,0,0.309,square_specific_structural_rtl,exact unsigned 10-bit square x*x over 1024 inputs; source=low5_case_high_direct; flow=wreduce_abc_g_aig
ex271,ex271_square_low5_case_high_direct_synth_preset_d20,unsigned_square_x_times_x,low5_case_high_direct+synth_preset_d20,student/work/ex270_ex274_frontend_square_structures_20260609_1138_full2/ex271/verilog/ex271_square_low5_case_high_direct.v,student/work/ex270_ex274_frontend_square_structures_20260609_1138_full2/ex271/aigs/ex271_square_low5_case_high_direct_synth_preset_d20.aig,1,1,1,343,33,11319,5542,2.042403,0,0,0.376,square_specific_structural_rtl,exact unsigned 10-bit square x*x over 1024 inputs; source=low5_case_high_direct; flow=synth_preset_d20
ex272,ex272_square_direct_square_abc_g_aig,unsigned_square_x_times_x,direct_square+abc_g_aig,student/work/ex270_ex274_frontend_square_structures_20260609_1138_full2/ex272/verilog/ex272_square_direct_square.v,student/work/ex270_ex274_frontend_square_structures_20260609_1138_full2/ex272/aigs/ex272_square_direct_square_abc_g_aig.aig,1,1,1,792,43,34056,10880,3.130147,0,0,0.403,semantic_rtl,exact unsigned 12-bit square x*x over 4096 inputs; source=direct_square; flow=abc_g_aig
ex272,ex272_square_direct_square_wreduce_abc_g_aig,unsigned_square_x_times_x,direct_square+wreduce_abc_g_aig,student/work/ex270_ex274_frontend_square_structures_20260609_1138_full2/ex272/verilog/ex272_square_direct_square.v,student/work/ex270_ex274_frontend_square_structures_20260609_1138_full2/ex272/aigs/ex272_square_direct_square_wreduce_abc_g_aig.aig,1,1,1,792,43,34056,10880,3.130147,0,0,0.402,semantic_rtl,exact unsigned 12-bit square x*x over 4096 inputs; source=direct_square; flow=wreduce_abc_g_aig
ex272,ex272_square_direct_square_arith_wreduce_aig,unsigned_square_x_times_x,direct_square+arith_wreduce_aig,student/work/ex270_ex274_frontend_square_structures_20260609_1138_full2/ex272/verilog/ex272_square_direct_square.v,student/work/ex270_ex274_frontend_square_structures_20260609_1138_full2/ex272/aigs/ex272_square_direct_square_arith_wreduce_aig.aig,1,1,1,792,43,34056,10880,3.130147,0,0,0.405,semantic_rtl,exact unsigned 12-bit square x*x over 4096 inputs; source=direct_square; flow=arith_wreduce_aig
ex272,ex272_square_direct_square_synth_preset_d20,unsigned_square_x_times_x,direct_square+synth_preset_d20,student/work/ex270_ex274_frontend_square_structures_20260609_1138_full2/ex272/verilog/ex272_square_direct_square.v,student/work/ex270_ex274_frontend_square_structures_20260609_1138_full2/ex272/aigs/ex272_square_direct_square_synth_preset_d20.aig,1,1,1,764,43,32852,10880,3.019485,0,0,0.495,semantic_rtl,exact unsigned 12-bit square x*x over 4096 inputs; source=direct_square; flow=synth_preset_d20
ex272,ex272_square_triangular_balanced_abc_g_aig,unsigned_square_x_times_x,triangular_balanced+abc_g_aig,student/work/ex270_ex274_frontend_square_structures_20260609_1138_full2/ex272/verilog/ex272_square_triangular_balanced.v,student/work/ex270_ex274_frontend_square_structures_20260609_1138_full2/ex272/aigs/ex272_square_triangular_balanced_abc_g_aig.aig,1,1,1,516,50,25800,10880,2.371324,0,0,0.867,square_specific_structural_rtl,exact unsigned 12-bit square x*x over 4096 inputs; source=triangular_balanced; flow=abc_g_aig
ex272,ex272_square_triangular_balanced_wreduce_abc_g_aig,unsigned_square_x_times_x,triangular_balanced+wreduce_abc_g_aig,student/work/ex270_ex274_frontend_square_structures_20260609_1138_full2/ex272/verilog/ex272_square_triangular_balanced.v,student/work/ex270_ex274_frontend_square_structures_20260609_1138_full2/ex272/aigs/ex272_square_triangular_balanced_wreduce_abc_g_aig.aig,1,1,1,518,49,25382,10880,2.332904,0,0,0.918,square_specific_structural_rtl,exact unsigned 12-bit square x*x over 4096 inputs; source=triangular_balanced; flow=wreduce_abc_g_aig
ex272,ex272_square_triangular_balanced_arith_wreduce_aig,unsigned_square_x_times_x,triangular_balanced+arith_wreduce_aig,student/work/ex270_ex274_frontend_square_structures_20260609_1138_full2/ex272/verilog/ex272_square_triangular_balanced.v,student/work/ex270_ex274_frontend_square_structures_20260609_1138_full2/ex272/aigs/ex272_square_triangular_balanced_arith_wreduce_aig.aig,1,1,1,557,37,20609,10880,1.894210,0,0,0.382,square_specific_structural_rtl,exact unsigned 12-bit square x*x over 4096 inputs; source=triangular_balanced; flow=arith_wreduce_aig
ex272,ex272_square_triangular_balanced_synth_preset_d20,unsigned_square_x_times_x,triangular_balanced+synth_preset_d20,student/work/ex270_ex274_frontend_square_structures_20260609_1138_full2/ex272/verilog/ex272_square_triangular_balanced.v,student/work/ex270_ex274_frontend_square_structures_20260609_1138_full2/ex272/aigs/ex272_square_triangular_balanced_synth_preset_d20.aig,1,1,1,540,44,23760,10880,2.183824,0,0,0.473,square_specific_structural_rtl,exact unsigned 12-bit square x*x over 4096 inputs; source=triangular_balanced; flow=synth_preset_d20
ex272,ex272_square_triangular_rows_csa_abc_g_aig,unsigned_square_x_times_x,triangular_rows_csa+abc_g_aig,student/work/ex270_ex274_frontend_square_structures_20260609_1138_full2/ex272/verilog/ex272_square_triangular_rows_csa.v,student/work/ex270_ex274_frontend_square_structures_20260609_1138_full2/ex272/aigs/ex272_square_triangular_rows_csa_abc_g_aig.aig,1,1,1,593,37,21941,10880,2.016636,0,0,0.429,square_specific_structural_rtl,exact unsigned 12-bit square x*x over 4096 inputs; source=triangular_rows_csa; flow=abc_g_aig
ex272,ex272_square_triangular_rows_csa_wreduce_abc_g_aig,unsigned_square_x_times_x,triangular_rows_csa+wreduce_abc_g_aig,student/work/ex270_ex274_frontend_square_structures_20260609_1138_full2/ex272/verilog/ex272_square_triangular_rows_csa.v,student/work/ex270_ex274_frontend_square_structures_20260609_1138_full2/ex272/aigs/ex272_square_triangular_rows_csa_wreduce_abc_g_aig.aig,1,1,1,590,37,21830,10880,2.006434,0,0,0.455,square_specific_structural_rtl,exact unsigned 12-bit square x*x over 4096 inputs; source=triangular_rows_csa; flow=wreduce_abc_g_aig
ex272,ex272_square_triangular_rows_csa_arith_wreduce_aig,unsigned_square_x_times_x,triangular_rows_csa+arith_wreduce_aig,student/work/ex270_ex274_frontend_square_structures_20260609_1138_full2/ex272/verilog/ex272_square_triangular_rows_csa.v,student/work/ex270_ex274_frontend_square_structures_20260609_1138_full2/ex272/aigs/ex272_square_triangular_rows_csa_arith_wreduce_aig.aig,1,1,1,593,36,21348,10880,1.962132,0,0,0.455,square_specific_structural_rtl,exact unsigned 12-bit square x*x over 4096 inputs; source=triangular_rows_csa; flow=arith_wreduce_aig
ex272,ex272_square_triangular_rows_csa_synth_preset_d20,unsigned_square_x_times_x,triangular_rows_csa+synth_preset_d20,student/work/ex270_ex274_frontend_square_structures_20260609_1138_full2/ex272/verilog/ex272_square_triangular_rows_csa.v,student/work/ex270_ex274_frontend_square_structures_20260609_1138_full2/ex272/aigs/ex272_square_triangular_rows_csa_synth_preset_d20.aig,1,1,1,592,38,22496,10880,2.067647,0,0,0.563,square_specific_structural_rtl,exact unsigned 12-bit square x*x over 4096 inputs; source=triangular_rows_csa; flow=synth_preset_d20
ex272,ex272_square_wallace_square_abc_g_aig,unsigned_square_x_times_x,wallace_square+abc_g_aig,student/work/ex270_ex274_frontend_square_structures_20260609_1138_full2/ex272/verilog/ex272_square_wallace_square.v,student/work/ex270_ex274_frontend_square_structures_20260609_1138_full2/ex272/aigs/ex272_square_wallace_square_abc_g_aig.aig,1,1,1,516,39,20124,10880,1.849632,0,0,0.362,square_specific_structural_rtl,exact unsigned 12-bit square x*x over 4096 inputs; source=wallace_square; flow=abc_g_aig
ex272,ex272_square_wallace_square_wreduce_abc_g_aig,unsigned_square_x_times_x,wallace_square+wreduce_abc_g_aig,student/work/ex270_ex274_frontend_square_structures_20260609_1138_full2/ex272/verilog/ex272_square_wallace_square.v,student/work/ex270_ex274_frontend_square_structures_20260609_1138_full2/ex272/aigs/ex272_square_wallace_square_wreduce_abc_g_aig.aig,1,1,1,516,39,20124,10880,1.849632,0,0,0.373,square_specific_structural_rtl,exact unsigned 12-bit square x*x over 4096 inputs; source=wallace_square; flow=wreduce_abc_g_aig
ex272,ex272_square_wallace_square_arith_wreduce_aig,unsigned_square_x_times_x,wallace_square+arith_wreduce_aig,student/work/ex270_ex274_frontend_square_structures_20260609_1138_full2/ex272/verilog/ex272_square_wallace_square.v,student/work/ex270_ex274_frontend_square_structures_20260609_1138_full2/ex272/aigs/ex272_square_wallace_square_arith_wreduce_aig.aig,1,1,1,514,38,19532,10880,1.795221,0,0,0.395,square_specific_structural_rtl,exact unsigned 12-bit square x*x over 4096 inputs; source=wallace_square; flow=arith_wreduce_aig
ex272,ex272_square_wallace_square_synth_preset_d20,unsigned_square_x_times_x,wallace_square+synth_preset_d20,student/work/ex270_ex274_frontend_square_structures_20260609_1138_full2/ex272/verilog/ex272_square_wallace_square.v,student/work/ex270_ex274_frontend_square_structures_20260609_1138_full2/ex272/aigs/ex272_square_wallace_square_synth_preset_d20.aig,1,1,1,511,38,19418,10880,1.784743,0,0,0.468,square_specific_structural_rtl,exact unsigned 12-bit square x*x over 4096 inputs; source=wallace_square; flow=synth_preset_d20
ex272,ex272_square_wallace_square_rev_abc_g_aig,unsigned_square_x_times_x,wallace_square_rev+abc_g_aig,student/work/ex270_ex274_frontend_square_structures_20260609_1138_full2/ex272/verilog/ex272_square_wallace_square_rev.v,student/work/ex270_ex274_frontend_square_structures_20260609_1138_full2/ex272/aigs/ex272_square_wallace_square_rev_abc_g_aig.aig,1,1,1,508,41,20828,10880,1.914338,0,0,0.372,square_specific_structural_rtl,exact unsigned 12-bit square x*x over 4096 inputs; source=wallace_square_rev; flow=abc_g_aig
ex272,ex272_square_wallace_square_rev_wreduce_abc_g_aig,unsigned_square_x_times_x,wallace_square_rev+wreduce_abc_g_aig,student/work/ex270_ex274_frontend_square_structures_20260609_1138_full2/ex272/verilog/ex272_square_wallace_square_rev.v,student/work/ex270_ex274_frontend_square_structures_20260609_1138_full2/ex272/aigs/ex272_square_wallace_square_rev_wreduce_abc_g_aig.aig,1,1,1,508,41,20828,10880,1.914338,0,0,0.376,square_specific_structural_rtl,exact unsigned 12-bit square x*x over 4096 inputs; source=wallace_square_rev; flow=wreduce_abc_g_aig
ex272,ex272_square_wallace_square_rev_arith_wreduce_aig,unsigned_square_x_times_x,wallace_square_rev+arith_wreduce_aig,student/work/ex270_ex274_frontend_square_structures_20260609_1138_full2/ex272/verilog/ex272_square_wallace_square_rev.v,student/work/ex270_ex274_frontend_square_structures_20260609_1138_full2/ex272/aigs/ex272_square_wallace_square_rev_arith_wreduce_aig.aig,1,1,1,507,42,21294,10880,1.957169,0,0,0.376,square_specific_structural_rtl,exact unsigned 12-bit square x*x over 4096 inputs; source=wallace_square_rev; flow=arith_wreduce_aig
ex272,ex272_square_wallace_square_rev_synth_preset_d20,unsigned_square_x_times_x,wallace_square_rev+synth_preset_d20,student/work/ex270_ex274_frontend_square_structures_20260609_1138_full2/ex272/verilog/ex272_square_wallace_square_rev.v,student/work/ex270_ex274_frontend_square_structures_20260609_1138_full2/ex272/aigs/ex272_square_wallace_square_rev_synth_preset_d20.aig,1,1,1,505,41,20705,10880,1.903033,0,0,0.491,square_specific_structural_rtl,exact unsigned 12-bit square x*x over 4096 inputs; source=wallace_square_rev; flow=synth_preset_d20
ex272,ex272_square_wallace_square_outside_abc_g_aig,unsigned_square_x_times_x,wallace_square_outside+abc_g_aig,student/work/ex270_ex274_frontend_square_structures_20260609_1138_full2/ex272/verilog/ex272_square_wallace_square_outside.v,student/work/ex270_ex274_frontend_square_structures_20260609_1138_full2/ex272/aigs/ex272_square_wallace_square_outside_abc_g_aig.aig,1,1,1,494,37,18278,10880,1.679963,0,0,0.352,square_specific_structural_rtl,exact unsigned 12-bit square x*x over 4096 inputs; source=wallace_square_outside; flow=abc_g_aig
ex272,ex272_square_wallace_square_outside_wreduce_abc_g_aig,unsigned_square_x_times_x,wallace_square_outside+wreduce_abc_g_aig,student/work/ex270_ex274_frontend_square_structures_20260609_1138_full2/ex272/verilog/ex272_square_wallace_square_outside.v,student/work/ex270_ex274_frontend_square_structures_20260609_1138_full2/ex272/aigs/ex272_square_wallace_square_outside_wreduce_abc_g_aig.aig,1,1,1,494,37,18278,10880,1.679963,0,0,0.374,square_specific_structural_rtl,exact unsigned 12-bit square x*x over 4096 inputs; source=wallace_square_outside; flow=wreduce_abc_g_aig
ex272,ex272_square_wallace_square_outside_arith_wreduce_aig,unsigned_square_x_times_x,wallace_square_outside+arith_wreduce_aig,student/work/ex270_ex274_frontend_square_structures_20260609_1138_full2/ex272/verilog/ex272_square_wallace_square_outside.v,student/work/ex270_ex274_frontend_square_structures_20260609_1138_full2/ex272/aigs/ex272_square_wallace_square_outside_arith_wreduce_aig.aig,1,1,1,491,37,18167,10880,1.669761,0,0,0.377,square_specific_structural_rtl,exact unsigned 12-bit square x*x over 4096 inputs; source=wallace_square_outside; flow=arith_wreduce_aig
ex272,ex272_square_wallace_square_outside_synth_preset_d20,unsigned_square_x_times_x,wallace_square_outside+synth_preset_d20,student/work/ex270_ex274_frontend_square_structures_20260609_1138_full2/ex272/verilog/ex272_square_wallace_square_outside.v,student/work/ex270_ex274_frontend_square_structures_20260609_1138_full2/ex272/aigs/ex272_square_wallace_square_outside_synth_preset_d20.aig,1,1,1,488,37,18056,10880,1.659559,0,0,0.475,square_specific_structural_rtl,exact unsigned 12-bit square x*x over 4096 inputs; source=wallace_square_outside; flow=synth_preset_d20
ex272,ex272_square_wallace_square_hcla2_abc_g_aig,unsigned_square_x_times_x,wallace_square_hcla2+abc_g_aig,student/work/ex270_ex274_frontend_square_structures_20260609_1138_full2/ex272/verilog/ex272_square_wallace_square_hcla2.v,student/work/ex270_ex274_frontend_square_structures_20260609_1138_full2/ex272/aigs/ex272_square_wallace_square_hcla2_abc_g_aig.aig,1,1,1,547,32,17504,10880,1.608824,0,0,0.397,square_specific_structural_rtl,exact unsigned 12-bit square x*x over 4096 inputs; source=wallace_square_hcla2; flow=abc_g_aig
ex272,ex272_square_wallace_square_hcla2_wreduce_abc_g_aig,unsigned_square_x_times_x,wallace_square_hcla2+wreduce_abc_g_aig,student/work/ex270_ex274_frontend_square_structures_20260609_1138_full2/ex272/verilog/ex272_square_wallace_square_hcla2.v,student/work/ex270_ex274_frontend_square_structures_20260609_1138_full2/ex272/aigs/ex272_square_wallace_square_hcla2_wreduce_abc_g_aig.aig,1,1,1,544,32,17408,10880,1.600000,0,0,0.425,square_specific_structural_rtl,exact unsigned 12-bit square x*x over 4096 inputs; source=wallace_square_hcla2; flow=wreduce_abc_g_aig
ex272,ex272_square_wallace_square_hcla2_arith_wreduce_aig,unsigned_square_x_times_x,wallace_square_hcla2+arith_wreduce_aig,student/work/ex270_ex274_frontend_square_structures_20260609_1138_full2/ex272/verilog/ex272_square_wallace_square_hcla2.v,student/work/ex270_ex274_frontend_square_structures_20260609_1138_full2/ex272/aigs/ex272_square_wallace_square_hcla2_arith_wreduce_aig.aig,1,1,1,544,32,17408,10880,1.600000,0,0,0.430,square_specific_structural_rtl,exact unsigned 12-bit square x*x over 4096 inputs; source=wallace_square_hcla2; flow=arith_wreduce_aig
ex272,ex272_square_wallace_square_hcla2_synth_preset_d20,unsigned_square_x_times_x,wallace_square_hcla2+synth_preset_d20,student/work/ex270_ex274_frontend_square_structures_20260609_1138_full2/ex272/verilog/ex272_square_wallace_square_hcla2.v,student/work/ex270_ex274_frontend_square_structures_20260609_1138_full2/ex272/aigs/ex272_square_wallace_square_hcla2_synth_preset_d20.aig,1,1,1,544,32,17408,10880,1.600000,0,0,0.553,square_specific_structural_rtl,exact unsigned 12-bit square x*x over 4096 inputs; source=wallace_square_hcla2; flow=synth_preset_d20
ex272,ex272_square_wallace_square_hcla4_abc_g_aig,unsigned_square_x_times_x,wallace_square_hcla4+abc_g_aig,student/work/ex270_ex274_frontend_square_structures_20260609_1138_full2/ex272/verilog/ex272_square_wallace_square_hcla4.v,student/work/ex270_ex274_frontend_square_structures_20260609_1138_full2/ex272/aigs/ex272_square_wallace_square_hcla4_abc_g_aig.aig,1,1,1,547,31,16957,10880,1.558548,0,0,0.424,square_specific_structural_rtl,exact unsigned 12-bit square x*x over 4096 inputs; source=wallace_square_hcla4; flow=abc_g_aig
ex272,ex272_square_wallace_square_hcla4_wreduce_abc_g_aig,unsigned_square_x_times_x,wallace_square_hcla4+wreduce_abc_g_aig,student/work/ex270_ex274_frontend_square_structures_20260609_1138_full2/ex272/verilog/ex272_square_wallace_square_hcla4.v,student/work/ex270_ex274_frontend_square_structures_20260609_1138_full2/ex272/aigs/ex272_square_wallace_square_hcla4_wreduce_abc_g_aig.aig,1,1,1,548,31,16988,10880,1.561397,0,0,0.423,square_specific_structural_rtl,exact unsigned 12-bit square x*x over 4096 inputs; source=wallace_square_hcla4; flow=wreduce_abc_g_aig
ex272,ex272_square_wallace_square_hcla4_arith_wreduce_aig,unsigned_square_x_times_x,wallace_square_hcla4+arith_wreduce_aig,student/work/ex270_ex274_frontend_square_structures_20260609_1138_full2/ex272/verilog/ex272_square_wallace_square_hcla4.v,student/work/ex270_ex274_frontend_square_structures_20260609_1138_full2/ex272/aigs/ex272_square_wallace_square_hcla4_arith_wreduce_aig.aig,1,1,1,548,31,16988,10880,1.561397,0,0,0.428,square_specific_structural_rtl,exact unsigned 12-bit square x*x over 4096 inputs; source=wallace_square_hcla4; flow=arith_wreduce_aig
ex272,ex272_square_wallace_square_hcla4_synth_preset_d20,unsigned_square_x_times_x,wallace_square_hcla4+synth_preset_d20,student/work/ex270_ex274_frontend_square_structures_20260609_1138_full2/ex272/verilog/ex272_square_wallace_square_hcla4.v,student/work/ex270_ex274_frontend_square_structures_20260609_1138_full2/ex272/aigs/ex272_square_wallace_square_hcla4_synth_preset_d20.aig,1,1,1,542,33,17886,10880,1.643934,0,0,0.598,square_specific_structural_rtl,exact unsigned 12-bit square x*x over 4096 inputs; source=wallace_square_hcla4; flow=synth_preset_d20
ex272,ex272_square_wallace_square_hcla6_abc_g_aig,unsigned_square_x_times_x,wallace_square_hcla6+abc_g_aig,student/work/ex270_ex274_frontend_square_structures_20260609_1138_full2/ex272/verilog/ex272_square_wallace_square_hcla6.v,student/work/ex270_ex274_frontend_square_structures_20260609_1138_full2/ex272/aigs/ex272_square_wallace_square_hcla6_abc_g_aig.aig,1,1,1,542,33,17886,10880,1.643934,0,0,0.400,square_specific_structural_rtl,exact unsigned 12-bit square x*x over 4096 inputs; source=wallace_square_hcla6; flow=abc_g_aig
ex272,ex272_square_wallace_square_hcla6_wreduce_abc_g_aig,unsigned_square_x_times_x,wallace_square_hcla6+wreduce_abc_g_aig,student/work/ex270_ex274_frontend_square_structures_20260609_1138_full2/ex272/verilog/ex272_square_wallace_square_hcla6.v,student/work/ex270_ex274_frontend_square_structures_20260609_1138_full2/ex272/aigs/ex272_square_wallace_square_hcla6_wreduce_abc_g_aig.aig,1,1,1,542,31,16802,10880,1.544301,0,0,0.422,square_specific_structural_rtl,exact unsigned 12-bit square x*x over 4096 inputs; source=wallace_square_hcla6; flow=wreduce_abc_g_aig
ex272,ex272_square_wallace_square_hcla6_arith_wreduce_aig,unsigned_square_x_times_x,wallace_square_hcla6+arith_wreduce_aig,student/work/ex270_ex274_frontend_square_structures_20260609_1138_full2/ex272/verilog/ex272_square_wallace_square_hcla6.v,student/work/ex270_ex274_frontend_square_structures_20260609_1138_full2/ex272/aigs/ex272_square_wallace_square_hcla6_arith_wreduce_aig.aig,1,1,1,542,31,16802,10880,1.544301,0,0,0.422,square_specific_structural_rtl,exact unsigned 12-bit square x*x over 4096 inputs; source=wallace_square_hcla6; flow=arith_wreduce_aig
ex272,ex272_square_wallace_square_hcla6_synth_preset_d20,unsigned_square_x_times_x,wallace_square_hcla6+synth_preset_d20,student/work/ex270_ex274_frontend_square_structures_20260609_1138_full2/ex272/verilog/ex272_square_wallace_square_hcla6.v,student/work/ex270_ex274_frontend_square_structures_20260609_1138_full2/ex272/aigs/ex272_square_wallace_square_hcla6_synth_preset_d20.aig,1,1,1,542,33,17886,10880,1.643934,0,0,0.543,square_specific_structural_rtl,exact unsigned 12-bit square x*x over 4096 inputs; source=wallace_square_hcla6; flow=synth_preset_d20
ex272,ex272_square_wallace_square_hcla8_abc_g_aig,unsigned_square_x_times_x,wallace_square_hcla8+abc_g_aig,student/work/ex270_ex274_frontend_square_structures_20260609_1138_full2/ex272/verilog/ex272_square_wallace_square_hcla8.v,student/work/ex270_ex274_frontend_square_structures_20260609_1138_full2/ex272/aigs/ex272_square_wallace_square_hcla8_abc_g_aig.aig,1,1,1,544,31,16864,10880,1.550000,0,0,0.406,square_specific_structural_rtl,exact unsigned 12-bit square x*x over 4096 inputs; source=wallace_square_hcla8; flow=abc_g_aig
ex272,ex272_square_wallace_square_hcla8_wreduce_abc_g_aig,unsigned_square_x_times_x,wallace_square_hcla8+wreduce_abc_g_aig,student/work/ex270_ex274_frontend_square_structures_20260609_1138_full2/ex272/verilog/ex272_square_wallace_square_hcla8.v,student/work/ex270_ex274_frontend_square_structures_20260609_1138_full2/ex272/aigs/ex272_square_wallace_square_hcla8_wreduce_abc_g_aig.aig,1,1,1,542,34,18428,10880,1.693750,0,0,0.424,square_specific_structural_rtl,exact unsigned 12-bit square x*x over 4096 inputs; source=wallace_square_hcla8; flow=wreduce_abc_g_aig
ex272,ex272_square_wallace_square_hcla8_arith_wreduce_aig,unsigned_square_x_times_x,wallace_square_hcla8+arith_wreduce_aig,student/work/ex270_ex274_frontend_square_structures_20260609_1138_full2/ex272/verilog/ex272_square_wallace_square_hcla8.v,student/work/ex270_ex274_frontend_square_structures_20260609_1138_full2/ex272/aigs/ex272_square_wallace_square_hcla8_arith_wreduce_aig.aig,1,1,1,542,34,18428,10880,1.693750,0,0,0.424,square_specific_structural_rtl,exact unsigned 12-bit square x*x over 4096 inputs; source=wallace_square_hcla8; flow=arith_wreduce_aig
ex272,ex272_square_wallace_square_hcla8_synth_preset_d20,unsigned_square_x_times_x,wallace_square_hcla8+synth_preset_d20,student/work/ex270_ex274_frontend_square_structures_20260609_1138_full2/ex272/verilog/ex272_square_wallace_square_hcla8.v,student/work/ex270_ex274_frontend_square_structures_20260609_1138_full2/ex272/aigs/ex272_square_wallace_square_hcla8_synth_preset_d20.aig,1,1,1,542,33,17886,10880,1.643934,0,0,0.544,square_specific_structural_rtl,exact unsigned 12-bit square x*x over 4096 inputs; source=wallace_square_hcla8; flow=synth_preset_d20
ex272,ex272_square_wallace_square_rev_hcla4_abc_g_aig,unsigned_square_x_times_x,wallace_square_rev_hcla4+abc_g_aig,student/work/ex270_ex274_frontend_square_structures_20260609_1138_full2/ex272/verilog/ex272_square_wallace_square_rev_hcla4.v,student/work/ex270_ex274_frontend_square_structures_20260609_1138_full2/ex272/aigs/ex272_square_wallace_square_rev_hcla4_abc_g_aig.aig,1,1,1,531,33,17523,10880,1.610570,0,0,0.409,square_specific_structural_rtl,exact unsigned 12-bit square x*x over 4096 inputs; source=wallace_square_rev_hcla4; flow=abc_g_aig
ex272,ex272_square_wallace_square_rev_hcla4_wreduce_abc_g_aig,unsigned_square_x_times_x,wallace_square_rev_hcla4+wreduce_abc_g_aig,student/work/ex270_ex274_frontend_square_structures_20260609_1138_full2/ex272/verilog/ex272_square_wallace_square_rev_hcla4.v,student/work/ex270_ex274_frontend_square_structures_20260609_1138_full2/ex272/aigs/ex272_square_wallace_square_rev_hcla4_wreduce_abc_g_aig.aig,1,1,1,536,35,18760,10880,1.724265,0,0,0.426,square_specific_structural_rtl,exact unsigned 12-bit square x*x over 4096 inputs; source=wallace_square_rev_hcla4; flow=wreduce_abc_g_aig
ex272,ex272_square_wallace_square_rev_hcla4_arith_wreduce_aig,unsigned_square_x_times_x,wallace_square_rev_hcla4+arith_wreduce_aig,student/work/ex270_ex274_frontend_square_structures_20260609_1138_full2/ex272/verilog/ex272_square_wallace_square_rev_hcla4.v,student/work/ex270_ex274_frontend_square_structures_20260609_1138_full2/ex272/aigs/ex272_square_wallace_square_rev_hcla4_arith_wreduce_aig.aig,1,1,1,536,35,18760,10880,1.724265,0,0,0.420,square_specific_structural_rtl,exact unsigned 12-bit square x*x over 4096 inputs; source=wallace_square_rev_hcla4; flow=arith_wreduce_aig
ex272,ex272_square_wallace_square_rev_hcla4_synth_preset_d20,unsigned_square_x_times_x,wallace_square_rev_hcla4+synth_preset_d20,student/work/ex270_ex274_frontend_square_structures_20260609_1138_full2/ex272/verilog/ex272_square_wallace_square_rev_hcla4.v,student/work/ex270_ex274_frontend_square_structures_20260609_1138_full2/ex272/aigs/ex272_square_wallace_square_rev_hcla4_synth_preset_d20.aig,1,1,1,533,33,17589,10880,1.616636,0,0,0.543,square_specific_structural_rtl,exact unsigned 12-bit square x*x over 4096 inputs; source=wallace_square_rev_hcla4; flow=synth_preset_d20
ex272,ex272_square_wallace_square_rev_hcla6_abc_g_aig,unsigned_square_x_times_x,wallace_square_rev_hcla6+abc_g_aig,student/work/ex270_ex274_frontend_square_structures_20260609_1138_full2/ex272/verilog/ex272_square_wallace_square_rev_hcla6.v,student/work/ex270_ex274_frontend_square_structures_20260609_1138_full2/ex272/aigs/ex272_square_wallace_square_rev_hcla6_abc_g_aig.aig,1,1,1,532,34,18088,10880,1.662500,0,0,0.396,square_specific_structural_rtl,exact unsigned 12-bit square x*x over 4096 inputs; source=wallace_square_rev_hcla6; flow=abc_g_aig
ex272,ex272_square_wallace_square_rev_hcla6_wreduce_abc_g_aig,unsigned_square_x_times_x,wallace_square_rev_hcla6+wreduce_abc_g_aig,student/work/ex270_ex274_frontend_square_structures_20260609_1138_full2/ex272/verilog/ex272_square_wallace_square_rev_hcla6.v,student/work/ex270_ex274_frontend_square_structures_20260609_1138_full2/ex272/aigs/ex272_square_wallace_square_rev_hcla6_wreduce_abc_g_aig.aig,1,1,1,532,36,19152,10880,1.760294,0,0,0.414,square_specific_structural_rtl,exact unsigned 12-bit square x*x over 4096 inputs; source=wallace_square_rev_hcla6; flow=wreduce_abc_g_aig
ex272,ex272_square_wallace_square_rev_hcla6_arith_wreduce_aig,unsigned_square_x_times_x,wallace_square_rev_hcla6+arith_wreduce_aig,student/work/ex270_ex274_frontend_square_structures_20260609_1138_full2/ex272/verilog/ex272_square_wallace_square_rev_hcla6.v,student/work/ex270_ex274_frontend_square_structures_20260609_1138_full2/ex272/aigs/ex272_square_wallace_square_rev_hcla6_arith_wreduce_aig.aig,1,1,1,532,36,19152,10880,1.760294,0,0,0.415,square_specific_structural_rtl,exact unsigned 12-bit square x*x over 4096 inputs; source=wallace_square_rev_hcla6; flow=arith_wreduce_aig
ex272,ex272_square_wallace_square_rev_hcla6_synth_preset_d20,unsigned_square_x_times_x,wallace_square_rev_hcla6+synth_preset_d20,student/work/ex270_ex274_frontend_square_structures_20260609_1138_full2/ex272/verilog/ex272_square_wallace_square_rev_hcla6.v,student/work/ex270_ex274_frontend_square_structures_20260609_1138_full2/ex272/aigs/ex272_square_wallace_square_rev_hcla6_synth_preset_d20.aig,1,1,1,520,37,19240,10880,1.768382,0,0,0.536,square_specific_structural_rtl,exact unsigned 12-bit square x*x over 4096 inputs; source=wallace_square_rev_hcla6; flow=synth_preset_d20
ex272,ex272_square_wallace_square_outside_hcla4_abc_g_aig,unsigned_square_x_times_x,wallace_square_outside_hcla4+abc_g_aig,student/work/ex270_ex274_frontend_square_structures_20260609_1138_full2/ex272/verilog/ex272_square_wallace_square_outside_hcla4.v,student/work/ex270_ex274_frontend_square_structures_20260609_1138_full2/ex272/aigs/ex272_square_wallace_square_outside_hcla4_abc_g_aig.aig,1,1,1,521,32,16672,10880,1.532353,0,0,0.383,square_specific_structural_rtl,exact unsigned 12-bit square x*x over 4096 inputs; source=wallace_square_outside_hcla4; flow=abc_g_aig
ex272,ex272_square_wallace_square_outside_hcla4_wreduce_abc_g_aig,unsigned_square_x_times_x,wallace_square_outside_hcla4+wreduce_abc_g_aig,student/work/ex270_ex274_frontend_square_structures_20260609_1138_full2/ex272/verilog/ex272_square_wallace_square_outside_hcla4.v,student/work/ex270_ex274_frontend_square_structures_20260609_1138_full2/ex272/aigs/ex272_square_wallace_square_outside_hcla4_wreduce_abc_g_aig.aig,1,1,1,523,32,16736,10880,1.538235,0,0,0.402,square_specific_structural_rtl,exact unsigned 12-bit square x*x over 4096 inputs; source=wallace_square_outside_hcla4; flow=wreduce_abc_g_aig
ex272,ex272_square_wallace_square_outside_hcla4_arith_wreduce_aig,unsigned_square_x_times_x,wallace_square_outside_hcla4+arith_wreduce_aig,student/work/ex270_ex274_frontend_square_structures_20260609_1138_full2/ex272/verilog/ex272_square_wallace_square_outside_hcla4.v,student/work/ex270_ex274_frontend_square_structures_20260609_1138_full2/ex272/aigs/ex272_square_wallace_square_outside_hcla4_arith_wreduce_aig.aig,1,1,1,523,32,16736,10880,1.538235,0,0,0.440,square_specific_structural_rtl,exact unsigned 12-bit square x*x over 4096 inputs; source=wallace_square_outside_hcla4; flow=arith_wreduce_aig
ex272,ex272_square_wallace_square_outside_hcla4_synth_preset_d20,unsigned_square_x_times_x,wallace_square_outside_hcla4+synth_preset_d20,student/work/ex270_ex274_frontend_square_structures_20260609_1138_full2/ex272/verilog/ex272_square_wallace_square_outside_hcla4.v,student/work/ex270_ex274_frontend_square_structures_20260609_1138_full2/ex272/aigs/ex272_square_wallace_square_outside_hcla4_synth_preset_d20.aig,1,1,1,518,32,16576,10880,1.523529,0,0,0.530,square_specific_structural_rtl,exact unsigned 12-bit square x*x over 4096 inputs; source=wallace_square_outside_hcla4; flow=synth_preset_d20
ex272,ex272_square_wallace_square_outside_hcla6_abc_g_aig,unsigned_square_x_times_x,wallace_square_outside_hcla6+abc_g_aig,student/work/ex270_ex274_frontend_square_structures_20260609_1138_full2/ex272/verilog/ex272_square_wallace_square_outside_hcla6.v,student/work/ex270_ex274_frontend_square_structures_20260609_1138_full2/ex272/aigs/ex272_square_wallace_square_outside_hcla6_abc_g_aig.aig,1,1,1,524,32,16768,10880,1.541176,0,0,0.421,square_specific_structural_rtl,exact unsigned 12-bit square x*x over 4096 inputs; source=wallace_square_outside_hcla6; flow=abc_g_aig
ex272,ex272_square_wallace_square_outside_hcla6_wreduce_abc_g_aig,unsigned_square_x_times_x,wallace_square_outside_hcla6+wreduce_abc_g_aig,student/work/ex270_ex274_frontend_square_structures_20260609_1138_full2/ex272/verilog/ex272_square_wallace_square_outside_hcla6.v,student/work/ex270_ex274_frontend_square_structures_20260609_1138_full2/ex272/aigs/ex272_square_wallace_square_outside_hcla6_wreduce_abc_g_aig.aig,1,1,1,522,32,16704,10880,1.535294,0,0,0.401,square_specific_structural_rtl,exact unsigned 12-bit square x*x over 4096 inputs; source=wallace_square_outside_hcla6; flow=wreduce_abc_g_aig
ex272,ex272_square_wallace_square_outside_hcla6_arith_wreduce_aig,unsigned_square_x_times_x,wallace_square_outside_hcla6+arith_wreduce_aig,student/work/ex270_ex274_frontend_square_structures_20260609_1138_full2/ex272/verilog/ex272_square_wallace_square_outside_hcla6.v,student/work/ex270_ex274_frontend_square_structures_20260609_1138_full2/ex272/aigs/ex272_square_wallace_square_outside_hcla6_arith_wreduce_aig.aig,1,1,1,522,32,16704,10880,1.535294,0,0,0.403,square_specific_structural_rtl,exact unsigned 12-bit square x*x over 4096 inputs; source=wallace_square_outside_hcla6; flow=arith_wreduce_aig
ex272,ex272_square_wallace_square_outside_hcla6_synth_preset_d20,unsigned_square_x_times_x,wallace_square_outside_hcla6+synth_preset_d20,student/work/ex270_ex274_frontend_square_structures_20260609_1138_full2/ex272/verilog/ex272_square_wallace_square_outside_hcla6.v,student/work/ex270_ex274_frontend_square_structures_20260609_1138_full2/ex272/aigs/ex272_square_wallace_square_outside_hcla6_synth_preset_d20.aig,1,1,1,516,33,17028,10880,1.565074,0,0,0.527,square_specific_structural_rtl,exact unsigned 12-bit square x*x over 4096 inputs; source=wallace_square_outside_hcla6; flow=synth_preset_d20
ex272,ex272_square_dadda_square_abc_g_aig,unsigned_square_x_times_x,dadda_square+abc_g_aig,student/work/ex270_ex274_frontend_square_structures_20260609_1138_full2/ex272/verilog/ex272_square_dadda_square.v,student/work/ex270_ex274_frontend_square_structures_20260609_1138_full2/ex272/aigs/ex272_square_dadda_square_abc_g_aig.aig,1,1,1,519,39,20241,10880,1.860386,0,0,0.364,square_specific_structural_rtl,exact unsigned 12-bit square x*x over 4096 inputs; source=dadda_square; flow=abc_g_aig
ex272,ex272_square_dadda_square_wreduce_abc_g_aig,unsigned_square_x_times_x,dadda_square+wreduce_abc_g_aig,student/work/ex270_ex274_frontend_square_structures_20260609_1138_full2/ex272/verilog/ex272_square_dadda_square.v,student/work/ex270_ex274_frontend_square_structures_20260609_1138_full2/ex272/aigs/ex272_square_dadda_square_wreduce_abc_g_aig.aig,1,1,1,519,39,20241,10880,1.860386,0,0,0.381,square_specific_structural_rtl,exact unsigned 12-bit square x*x over 4096 inputs; source=dadda_square; flow=wreduce_abc_g_aig
ex272,ex272_square_dadda_square_arith_wreduce_aig,unsigned_square_x_times_x,dadda_square+arith_wreduce_aig,student/work/ex270_ex274_frontend_square_structures_20260609_1138_full2/ex272/verilog/ex272_square_dadda_square.v,student/work/ex270_ex274_frontend_square_structures_20260609_1138_full2/ex272/aigs/ex272_square_dadda_square_arith_wreduce_aig.aig,1,1,1,518,39,20202,10880,1.856801,0,0,0.374,square_specific_structural_rtl,exact unsigned 12-bit square x*x over 4096 inputs; source=dadda_square; flow=arith_wreduce_aig
ex272,ex272_square_dadda_square_synth_preset_d20,unsigned_square_x_times_x,dadda_square+synth_preset_d20,student/work/ex270_ex274_frontend_square_structures_20260609_1138_full2/ex272/verilog/ex272_square_dadda_square.v,student/work/ex270_ex274_frontend_square_structures_20260609_1138_full2/ex272/aigs/ex272_square_dadda_square_synth_preset_d20.aig,1,1,1,510,39,19890,10880,1.828125,0,0,0.477,square_specific_structural_rtl,exact unsigned 12-bit square x*x over 4096 inputs; source=dadda_square; flow=synth_preset_d20
ex272,ex272_square_dadda_square_hcla4_abc_g_aig,unsigned_square_x_times_x,dadda_square_hcla4+abc_g_aig,student/work/ex270_ex274_frontend_square_structures_20260609_1138_full2/ex272/verilog/ex272_square_dadda_square_hcla4.v,student/work/ex270_ex274_frontend_square_structures_20260609_1138_full2/ex272/aigs/ex272_square_dadda_square_hcla4_abc_g_aig.aig,1,1,1,550,33,18150,10880,1.668199,0,0,0.401,square_specific_structural_rtl,exact unsigned 12-bit square x*x over 4096 inputs; source=dadda_square_hcla4; flow=abc_g_aig
ex272,ex272_square_dadda_square_hcla4_wreduce_abc_g_aig,unsigned_square_x_times_x,dadda_square_hcla4+wreduce_abc_g_aig,student/work/ex270_ex274_frontend_square_structures_20260609_1138_full2/ex272/verilog/ex272_square_dadda_square_hcla4.v,student/work/ex270_ex274_frontend_square_structures_20260609_1138_full2/ex272/aigs/ex272_square_dadda_square_hcla4_wreduce_abc_g_aig.aig,1,1,1,552,32,17664,10880,1.623529,0,0,0.424,square_specific_structural_rtl,exact unsigned 12-bit square x*x over 4096 inputs; source=dadda_square_hcla4; flow=wreduce_abc_g_aig
ex272,ex272_square_dadda_square_hcla4_arith_wreduce_aig,unsigned_square_x_times_x,dadda_square_hcla4+arith_wreduce_aig,student/work/ex270_ex274_frontend_square_structures_20260609_1138_full2/ex272/verilog/ex272_square_dadda_square_hcla4.v,student/work/ex270_ex274_frontend_square_structures_20260609_1138_full2/ex272/aigs/ex272_square_dadda_square_hcla4_arith_wreduce_aig.aig,1,1,1,552,32,17664,10880,1.623529,0,0,0.425,square_specific_structural_rtl,exact unsigned 12-bit square x*x over 4096 inputs; source=dadda_square_hcla4; flow=arith_wreduce_aig
ex272,ex272_square_dadda_square_hcla4_synth_preset_d20,unsigned_square_x_times_x,dadda_square_hcla4+synth_preset_d20,student/work/ex270_ex274_frontend_square_structures_20260609_1138_full2/ex272/verilog/ex272_square_dadda_square_hcla4.v,student/work/ex270_ex274_frontend_square_structures_20260609_1138_full2/ex272/aigs/ex272_square_dadda_square_hcla4_synth_preset_d20.aig,1,1,1,544,33,17952,10880,1.650000,0,0,0.543,square_specific_structural_rtl,exact unsigned 12-bit square x*x over 4096 inputs; source=dadda_square_hcla4; flow=synth_preset_d20
ex272,ex272_square_dadda_square_hcla6_abc_g_aig,unsigned_square_x_times_x,dadda_square_hcla6+abc_g_aig,student/work/ex270_ex274_frontend_square_structures_20260609_1138_full2/ex272/verilog/ex272_square_dadda_square_hcla6.v,student/work/ex270_ex274_frontend_square_structures_20260609_1138_full2/ex272/aigs/ex272_square_dadda_square_hcla6_abc_g_aig.aig,1,1,1,547,32,17504,10880,1.608824,0,0,0.400,square_specific_structural_rtl,exact unsigned 12-bit square x*x over 4096 inputs; source=dadda_square_hcla6; flow=abc_g_aig
ex272,ex272_square_dadda_square_hcla6_wreduce_abc_g_aig,unsigned_square_x_times_x,dadda_square_hcla6+wreduce_abc_g_aig,student/work/ex270_ex274_frontend_square_structures_20260609_1138_full2/ex272/verilog/ex272_square_dadda_square_hcla6.v,student/work/ex270_ex274_frontend_square_structures_20260609_1138_full2/ex272/aigs/ex272_square_dadda_square_hcla6_wreduce_abc_g_aig.aig,1,1,1,551,33,18183,10880,1.671232,0,0,0.416,square_specific_structural_rtl,exact unsigned 12-bit square x*x over 4096 inputs; source=dadda_square_hcla6; flow=wreduce_abc_g_aig
ex272,ex272_square_dadda_square_hcla6_arith_wreduce_aig,unsigned_square_x_times_x,dadda_square_hcla6+arith_wreduce_aig,student/work/ex270_ex274_frontend_square_structures_20260609_1138_full2/ex272/verilog/ex272_square_dadda_square_hcla6.v,student/work/ex270_ex274_frontend_square_structures_20260609_1138_full2/ex272/aigs/ex272_square_dadda_square_hcla6_arith_wreduce_aig.aig,1,1,1,551,33,18183,10880,1.671232,0,0,0.419,square_specific_structural_rtl,exact unsigned 12-bit square x*x over 4096 inputs; source=dadda_square_hcla6; flow=arith_wreduce_aig
ex272,ex272_square_dadda_square_hcla6_synth_preset_d20,unsigned_square_x_times_x,dadda_square_hcla6+synth_preset_d20,student/work/ex270_ex274_frontend_square_structures_20260609_1138_full2/ex272/verilog/ex272_square_dadda_square_hcla6.v,student/work/ex270_ex274_frontend_square_structures_20260609_1138_full2/ex272/aigs/ex272_square_dadda_square_hcla6_synth_preset_d20.aig,1,1,1,543,33,17919,10880,1.646967,0,0,0.554,square_specific_structural_rtl,exact unsigned 12-bit square x*x over 4096 inputs; source=dadda_square_hcla6; flow=synth_preset_d20
ex272,ex272_square_dadda_square_hcla8_abc_g_aig,unsigned_square_x_times_x,dadda_square_hcla8+abc_g_aig,student/work/ex270_ex274_frontend_square_structures_20260609_1138_full2/ex272/verilog/ex272_square_dadda_square_hcla8.v,student/work/ex270_ex274_frontend_square_structures_20260609_1138_full2/ex272/aigs/ex272_square_dadda_square_hcla8_abc_g_aig.aig,1,1,1,545,34,18530,10880,1.703125,0,0,0.390,square_specific_structural_rtl,exact unsigned 12-bit square x*x over 4096 inputs; source=dadda_square_hcla8; flow=abc_g_aig
ex272,ex272_square_dadda_square_hcla8_wreduce_abc_g_aig,unsigned_square_x_times_x,dadda_square_hcla8+wreduce_abc_g_aig,student/work/ex270_ex274_frontend_square_structures_20260609_1138_full2/ex272/verilog/ex272_square_dadda_square_hcla8.v,student/work/ex270_ex274_frontend_square_structures_20260609_1138_full2/ex272/aigs/ex272_square_dadda_square_hcla8_wreduce_abc_g_aig.aig,1,1,1,548,34,18632,10880,1.712500,0,0,0.415,square_specific_structural_rtl,exact unsigned 12-bit square x*x over 4096 inputs; source=dadda_square_hcla8; flow=wreduce_abc_g_aig
ex272,ex272_square_dadda_square_hcla8_arith_wreduce_aig,unsigned_square_x_times_x,dadda_square_hcla8+arith_wreduce_aig,student/work/ex270_ex274_frontend_square_structures_20260609_1138_full2/ex272/verilog/ex272_square_dadda_square_hcla8.v,student/work/ex270_ex274_frontend_square_structures_20260609_1138_full2/ex272/aigs/ex272_square_dadda_square_hcla8_arith_wreduce_aig.aig,1,1,1,548,34,18632,10880,1.712500,0,0,0.416,square_specific_structural_rtl,exact unsigned 12-bit square x*x over 4096 inputs; source=dadda_square_hcla8; flow=arith_wreduce_aig
ex272,ex272_square_dadda_square_hcla8_synth_preset_d20,unsigned_square_x_times_x,dadda_square_hcla8+synth_preset_d20,student/work/ex270_ex274_frontend_square_structures_20260609_1138_full2/ex272/verilog/ex272_square_dadda_square_hcla8.v,student/work/ex270_ex274_frontend_square_structures_20260609_1138_full2/ex272/aigs/ex272_square_dadda_square_hcla8_synth_preset_d20.aig,1,1,1,548,32,17536,10880,1.611765,0,0,0.556,square_specific_structural_rtl,exact unsigned 12-bit square x*x over 4096 inputs; source=dadda_square_hcla8; flow=synth_preset_d20
ex272,ex272_square_low_high_split_abc_g_aig,unsigned_square_x_times_x,low_high_split+abc_g_aig,student/work/ex270_ex274_frontend_square_structures_20260609_1138_full2/ex272/verilog/ex272_square_low_high_split.v,student/work/ex270_ex274_frontend_square_structures_20260609_1138_full2/ex272/aigs/ex272_square_low_high_split_abc_g_aig.aig,1,1,1,511,38,19418,10880,1.784743,0,0,0.384,square_specific_structural_rtl,exact unsigned 12-bit square x*x over 4096 inputs; source=low_high_split; flow=abc_g_aig
ex272,ex272_square_low_high_split_wreduce_abc_g_aig,unsigned_square_x_times_x,low_high_split+wreduce_abc_g_aig,student/work/ex270_ex274_frontend_square_structures_20260609_1138_full2/ex272/verilog/ex272_square_low_high_split.v,student/work/ex270_ex274_frontend_square_structures_20260609_1138_full2/ex272/aigs/ex272_square_low_high_split_wreduce_abc_g_aig.aig,1,1,1,507,38,19266,10880,1.770772,0,0,0.376,square_specific_structural_rtl,exact unsigned 12-bit square x*x over 4096 inputs; source=low_high_split; flow=wreduce_abc_g_aig
ex272,ex272_square_low_high_split_arith_wreduce_aig,unsigned_square_x_times_x,low_high_split+arith_wreduce_aig,student/work/ex270_ex274_frontend_square_structures_20260609_1138_full2/ex272/verilog/ex272_square_low_high_split.v,student/work/ex270_ex274_frontend_square_structures_20260609_1138_full2/ex272/aigs/ex272_square_low_high_split_arith_wreduce_aig.aig,1,1,1,579,43,24897,10880,2.288327,0,0,0.392,square_specific_structural_rtl,exact unsigned 12-bit square x*x over 4096 inputs; source=low_high_split; flow=arith_wreduce_aig
ex272,ex272_square_low_high_split_synth_preset_d20,unsigned_square_x_times_x,low_high_split+synth_preset_d20,student/work/ex270_ex274_frontend_square_structures_20260609_1138_full2/ex272/verilog/ex272_square_low_high_split.v,student/work/ex270_ex274_frontend_square_structures_20260609_1138_full2/ex272/aigs/ex272_square_low_high_split_synth_preset_d20.aig,1,1,1,569,44,25036,10880,2.301103,0,0,0.543,square_specific_structural_rtl,exact unsigned 12-bit square x*x over 4096 inputs; source=low_high_split; flow=synth_preset_d20
ex272,ex272_square_low_high_split_hcla_abc_g_aig,unsigned_square_x_times_x,low_high_split_hcla+abc_g_aig,student/work/ex270_ex274_frontend_square_structures_20260609_1138_full2/ex272/verilog/ex272_square_low_high_split_hcla.v,student/work/ex270_ex274_frontend_square_structures_20260609_1138_full2/ex272/aigs/ex272_square_low_high_split_hcla_abc_g_aig.aig,1,1,1,539,35,18865,10880,1.733915,0,0,0.417,square_specific_structural_rtl,exact unsigned 12-bit square x*x over 4096 inputs; source=low_high_split_hcla; flow=abc_g_aig
ex272,ex272_square_low_high_split_hcla_wreduce_abc_g_aig,unsigned_square_x_times_x,low_high_split_hcla+wreduce_abc_g_aig,student/work/ex270_ex274_frontend_square_structures_20260609_1138_full2/ex272/verilog/ex272_square_low_high_split_hcla.v,student/work/ex270_ex274_frontend_square_structures_20260609_1138_full2/ex272/aigs/ex272_square_low_high_split_hcla_wreduce_abc_g_aig.aig,1,1,1,538,35,18830,10880,1.730699,0,0,0.426,square_specific_structural_rtl,exact unsigned 12-bit square x*x over 4096 inputs; source=low_high_split_hcla; flow=wreduce_abc_g_aig
ex272,ex272_square_low_high_split_hcla_arith_wreduce_aig,unsigned_square_x_times_x,low_high_split_hcla+arith_wreduce_aig,student/work/ex270_ex274_frontend_square_structures_20260609_1138_full2/ex272/verilog/ex272_square_low_high_split_hcla.v,student/work/ex270_ex274_frontend_square_structures_20260609_1138_full2/ex272/aigs/ex272_square_low_high_split_hcla_arith_wreduce_aig.aig,1,1,1,546,36,19656,10880,1.806618,0,0,0.433,square_specific_structural_rtl,exact unsigned 12-bit square x*x over 4096 inputs; source=low_high_split_hcla; flow=arith_wreduce_aig
ex272,ex272_square_low_high_split_hcla_synth_preset_d20,unsigned_square_x_times_x,low_high_split_hcla+synth_preset_d20,student/work/ex270_ex274_frontend_square_structures_20260609_1138_full2/ex272/verilog/ex272_square_low_high_split_hcla.v,student/work/ex270_ex274_frontend_square_structures_20260609_1138_full2/ex272/aigs/ex272_square_low_high_split_hcla_synth_preset_d20.aig,1,1,1,513,37,18981,10880,1.744577,0,0,0.502,square_specific_structural_rtl,exact unsigned 12-bit square x*x over 4096 inputs; source=low_high_split_hcla; flow=synth_preset_d20
ex272,ex272_square_karatsuba_square_abc_g_aig,unsigned_square_x_times_x,karatsuba_square+abc_g_aig,student/work/ex270_ex274_frontend_square_structures_20260609_1138_full2/ex272/verilog/ex272_square_karatsuba_square.v,student/work/ex270_ex274_frontend_square_structures_20260609_1138_full2/ex272/aigs/ex272_square_karatsuba_square_abc_g_aig.aig,1,1,1,663,62,41106,10880,3.778125,0,0,0.488,square_specific_structural_rtl,exact unsigned 12-bit square x*x over 4096 inputs; source=karatsuba_square; flow=abc_g_aig
ex272,ex272_square_karatsuba_square_wreduce_abc_g_aig,unsigned_square_x_times_x,karatsuba_square+wreduce_abc_g_aig,student/work/ex270_ex274_frontend_square_structures_20260609_1138_full2/ex272/verilog/ex272_square_karatsuba_square.v,student/work/ex270_ex274_frontend_square_structures_20260609_1138_full2/ex272/aigs/ex272_square_karatsuba_square_wreduce_abc_g_aig.aig,1,1,1,663,62,41106,10880,3.778125,0,0,0.487,square_specific_structural_rtl,exact unsigned 12-bit square x*x over 4096 inputs; source=karatsuba_square; flow=wreduce_abc_g_aig
ex272,ex272_square_karatsuba_square_arith_wreduce_aig,unsigned_square_x_times_x,karatsuba_square+arith_wreduce_aig,student/work/ex270_ex274_frontend_square_structures_20260609_1138_full2/ex272/verilog/ex272_square_karatsuba_square.v,student/work/ex270_ex274_frontend_square_structures_20260609_1138_full2/ex272/aigs/ex272_square_karatsuba_square_arith_wreduce_aig.aig,1,1,1,703,54,37962,10880,3.489154,0,0,0.488,square_specific_structural_rtl,exact unsigned 12-bit square x*x over 4096 inputs; source=karatsuba_square; flow=arith_wreduce_aig
ex272,ex272_square_karatsuba_square_synth_preset_d20,unsigned_square_x_times_x,karatsuba_square+synth_preset_d20,student/work/ex270_ex274_frontend_square_structures_20260609_1138_full2/ex272/verilog/ex272_square_karatsuba_square.v,student/work/ex270_ex274_frontend_square_structures_20260609_1138_full2/ex272/aigs/ex272_square_karatsuba_square_synth_preset_d20.aig,1,1,1,698,56,39088,10880,3.592647,0,0,0.578,square_specific_structural_rtl,exact unsigned 12-bit square x*x over 4096 inputs; source=karatsuba_square; flow=synth_preset_d20
ex272,ex272_square_low4_case_high_direct_abc_g_aig,unsigned_square_x_times_x,low4_case_high_direct+abc_g_aig,student/work/ex270_ex274_frontend_square_structures_20260609_1138_full2/ex272/verilog/ex272_square_low4_case_high_direct.v,student/work/ex270_ex274_frontend_square_structures_20260609_1138_full2/ex272/aigs/ex272_square_low4_case_high_direct_abc_g_aig.aig,1,1,1,571,40,22840,10880,2.099265,0,0,0.407,square_specific_structural_rtl,exact unsigned 12-bit square x*x over 4096 inputs; source=low4_case_high_direct; flow=abc_g_aig
ex272,ex272_square_low4_case_high_direct_wreduce_abc_g_aig,unsigned_square_x_times_x,low4_case_high_direct+wreduce_abc_g_aig,student/work/ex270_ex274_frontend_square_structures_20260609_1138_full2/ex272/verilog/ex272_square_low4_case_high_direct.v,student/work/ex270_ex274_frontend_square_structures_20260609_1138_full2/ex272/aigs/ex272_square_low4_case_high_direct_wreduce_abc_g_aig.aig,1,1,1,576,40,23040,10880,2.117647,0,0,0.411,square_specific_structural_rtl,exact unsigned 12-bit square x*x over 4096 inputs; source=low4_case_high_direct; flow=wreduce_abc_g_aig
ex272,ex272_square_low4_case_high_direct_synth_preset_d20,unsigned_square_x_times_x,low4_case_high_direct+synth_preset_d20,student/work/ex270_ex274_frontend_square_structures_20260609_1138_full2/ex272/verilog/ex272_square_low4_case_high_direct.v,student/work/ex270_ex274_frontend_square_structures_20260609_1138_full2/ex272/aigs/ex272_square_low4_case_high_direct_synth_preset_d20.aig,1,1,1,560,40,22400,10880,2.058824,0,0,0.474,square_specific_structural_rtl,exact unsigned 12-bit square x*x over 4096 inputs; source=low4_case_high_direct; flow=synth_preset_d20
ex272,ex272_square_low5_case_high_direct_abc_g_aig,unsigned_square_x_times_x,low5_case_high_direct+abc_g_aig,student/work/ex270_ex274_frontend_square_structures_20260609_1138_full2/ex272/verilog/ex272_square_low5_case_high_direct.v,student/work/ex270_ex274_frontend_square_structures_20260609_1138_full2/ex272/aigs/ex272_square_low5_case_high_direct_abc_g_aig.aig,1,1,1,557,41,22837,10880,2.098989,0,0,0.405,square_specific_structural_rtl,exact unsigned 12-bit square x*x over 4096 inputs; source=low5_case_high_direct; flow=abc_g_aig
ex272,ex272_square_low5_case_high_direct_wreduce_abc_g_aig,unsigned_square_x_times_x,low5_case_high_direct+wreduce_abc_g_aig,student/work/ex270_ex274_frontend_square_structures_20260609_1138_full2/ex272/verilog/ex272_square_low5_case_high_direct.v,student/work/ex270_ex274_frontend_square_structures_20260609_1138_full2/ex272/aigs/ex272_square_low5_case_high_direct_wreduce_abc_g_aig.aig,1,1,1,562,41,23042,10880,2.117831,0,0,0.413,square_specific_structural_rtl,exact unsigned 12-bit square x*x over 4096 inputs; source=low5_case_high_direct; flow=wreduce_abc_g_aig
ex272,ex272_square_low5_case_high_direct_synth_preset_d20,unsigned_square_x_times_x,low5_case_high_direct+synth_preset_d20,student/work/ex270_ex274_frontend_square_structures_20260609_1138_full2/ex272/verilog/ex272_square_low5_case_high_direct.v,student/work/ex270_ex274_frontend_square_structures_20260609_1138_full2/ex272/aigs/ex272_square_low5_case_high_direct_synth_preset_d20.aig,1,1,1,545,41,22345,10880,2.053768,0,0,0.476,square_specific_structural_rtl,exact unsigned 12-bit square x*x over 4096 inputs; source=low5_case_high_direct; flow=synth_preset_d20
ex273,ex273_square_direct_square_abc_g_aig,unsigned_square_x_times_x,direct_square+abc_g_aig,student/work/ex270_ex274_frontend_square_structures_20260609_1138_full2/ex273/verilog/ex273_square_direct_square.v,student/work/ex270_ex274_frontend_square_structures_20260609_1138_full2/ex273/aigs/ex273_square_direct_square_abc_g_aig.aig,1,1,1,1211,61,73871,15078,4.899257,0,0,0.800,semantic_rtl,exact unsigned 14-bit square x*x over 16384 inputs; source=direct_square; flow=abc_g_aig
ex273,ex273_square_direct_square_wreduce_abc_g_aig,unsigned_square_x_times_x,direct_square+wreduce_abc_g_aig,student/work/ex270_ex274_frontend_square_structures_20260609_1138_full2/ex273/verilog/ex273_square_direct_square.v,student/work/ex270_ex274_frontend_square_structures_20260609_1138_full2/ex273/aigs/ex273_square_direct_square_wreduce_abc_g_aig.aig,1,1,1,1211,61,73871,15078,4.899257,0,0,0.796,semantic_rtl,exact unsigned 14-bit square x*x over 16384 inputs; source=direct_square; flow=wreduce_abc_g_aig
ex273,ex273_square_direct_square_arith_wreduce_aig,unsigned_square_x_times_x,direct_square+arith_wreduce_aig,student/work/ex270_ex274_frontend_square_structures_20260609_1138_full2/ex273/verilog/ex273_square_direct_square.v,student/work/ex270_ex274_frontend_square_structures_20260609_1138_full2/ex273/aigs/ex273_square_direct_square_arith_wreduce_aig.aig,1,1,1,1211,61,73871,15078,4.899257,0,0,0.797,semantic_rtl,exact unsigned 14-bit square x*x over 16384 inputs; source=direct_square; flow=arith_wreduce_aig
ex273,ex273_square_direct_square_synth_preset_d20,unsigned_square_x_times_x,direct_square+synth_preset_d20,student/work/ex270_ex274_frontend_square_structures_20260609_1138_full2/ex273/verilog/ex273_square_direct_square.v,student/work/ex270_ex274_frontend_square_structures_20260609_1138_full2/ex273/aigs/ex273_square_direct_square_synth_preset_d20.aig,1,1,1,1178,61,71858,15078,4.765751,0,0,0.903,semantic_rtl,exact unsigned 14-bit square x*x over 16384 inputs; source=direct_square; flow=synth_preset_d20
ex273,ex273_square_triangular_balanced_abc_g_aig,unsigned_square_x_times_x,triangular_balanced+abc_g_aig,student/work/ex270_ex274_frontend_square_structures_20260609_1138_full2/ex273/verilog/ex273_square_triangular_balanced.v,student/work/ex270_ex274_frontend_square_structures_20260609_1138_full2/ex273/aigs/ex273_square_triangular_balanced_abc_g_aig.aig,1,1,1,745,56,41720,15078,2.766945,0,0,1.611,square_specific_structural_rtl,exact unsigned 14-bit square x*x over 16384 inputs; source=triangular_balanced; flow=abc_g_aig
ex273,ex273_square_triangular_balanced_wreduce_abc_g_aig,unsigned_square_x_times_x,triangular_balanced+wreduce_abc_g_aig,student/work/ex270_ex274_frontend_square_structures_20260609_1138_full2/ex273/verilog/ex273_square_triangular_balanced.v,student/work/ex270_ex274_frontend_square_structures_20260609_1138_full2/ex273/aigs/ex273_square_triangular_balanced_wreduce_abc_g_aig.aig,1,1,1,750,56,42000,15078,2.785515,0,0,1.668,square_specific_structural_rtl,exact unsigned 14-bit square x*x over 16384 inputs; source=triangular_balanced; flow=wreduce_abc_g_aig
ex273,ex273_square_triangular_balanced_arith_wreduce_aig,unsigned_square_x_times_x,triangular_balanced+arith_wreduce_aig,student/work/ex270_ex274_frontend_square_structures_20260609_1138_full2/ex273/verilog/ex273_square_triangular_balanced.v,student/work/ex270_ex274_frontend_square_structures_20260609_1138_full2/ex273/aigs/ex273_square_triangular_balanced_arith_wreduce_aig.aig,1,1,1,754,47,35438,15078,2.350312,0,0,0.749,square_specific_structural_rtl,exact unsigned 14-bit square x*x over 16384 inputs; source=triangular_balanced; flow=arith_wreduce_aig
ex273,ex273_square_triangular_balanced_synth_preset_d20,unsigned_square_x_times_x,triangular_balanced+synth_preset_d20,student/work/ex270_ex274_frontend_square_structures_20260609_1138_full2/ex273/verilog/ex273_square_triangular_balanced.v,student/work/ex270_ex274_frontend_square_structures_20260609_1138_full2/ex273/aigs/ex273_square_triangular_balanced_synth_preset_d20.aig,1,1,1,752,46,34592,15078,2.294203,0,0,0.870,square_specific_structural_rtl,exact unsigned 14-bit square x*x over 16384 inputs; source=triangular_balanced; flow=synth_preset_d20
ex273,ex273_square_triangular_rows_csa_abc_g_aig,unsigned_square_x_times_x,triangular_rows_csa+abc_g_aig,student/work/ex270_ex274_frontend_square_structures_20260609_1138_full2/ex273/verilog/ex273_square_triangular_rows_csa.v,student/work/ex270_ex274_frontend_square_structures_20260609_1138_full2/ex273/aigs/ex273_square_triangular_rows_csa_abc_g_aig.aig,1,1,1,870,50,43500,15078,2.884998,0,0,0.843,square_specific_structural_rtl,exact unsigned 14-bit square x*x over 16384 inputs; source=triangular_rows_csa; flow=abc_g_aig
ex273,ex273_square_triangular_rows_csa_wreduce_abc_g_aig,unsigned_square_x_times_x,triangular_rows_csa+wreduce_abc_g_aig,student/work/ex270_ex274_frontend_square_structures_20260609_1138_full2/ex273/verilog/ex273_square_triangular_rows_csa.v,student/work/ex270_ex274_frontend_square_structures_20260609_1138_full2/ex273/aigs/ex273_square_triangular_rows_csa_wreduce_abc_g_aig.aig,1,1,1,874,50,43700,15078,2.898262,0,0,0.883,square_specific_structural_rtl,exact unsigned 14-bit square x*x over 16384 inputs; source=triangular_rows_csa; flow=wreduce_abc_g_aig
ex273,ex273_square_triangular_rows_csa_arith_wreduce_aig,unsigned_square_x_times_x,triangular_rows_csa+arith_wreduce_aig,student/work/ex270_ex274_frontend_square_structures_20260609_1138_full2/ex273/verilog/ex273_square_triangular_rows_csa.v,student/work/ex270_ex274_frontend_square_structures_20260609_1138_full2/ex273/aigs/ex273_square_triangular_rows_csa_arith_wreduce_aig.aig,1,1,1,873,51,44523,15078,2.952845,0,0,0.858,square_specific_structural_rtl,exact unsigned 14-bit square x*x over 16384 inputs; source=triangular_rows_csa; flow=arith_wreduce_aig
ex273,ex273_square_triangular_rows_csa_synth_preset_d20,unsigned_square_x_times_x,triangular_rows_csa+synth_preset_d20,student/work/ex270_ex274_frontend_square_structures_20260609_1138_full2/ex273/verilog/ex273_square_triangular_rows_csa.v,student/work/ex270_ex274_frontend_square_structures_20260609_1138_full2/ex273/aigs/ex273_square_triangular_rows_csa_synth_preset_d20.aig,1,1,1,866,52,45032,15078,2.986603,0,0,0.996,square_specific_structural_rtl,exact unsigned 14-bit square x*x over 16384 inputs; source=triangular_rows_csa; flow=synth_preset_d20
ex273,ex273_square_wallace_square_abc_g_aig,unsigned_square_x_times_x,wallace_square+abc_g_aig,student/work/ex270_ex274_frontend_square_structures_20260609_1138_full2/ex273/verilog/ex273_square_wallace_square.v,student/work/ex270_ex274_frontend_square_structures_20260609_1138_full2/ex273/aigs/ex273_square_wallace_square_abc_g_aig.aig,1,1,1,732,47,34404,15078,2.281735,0,0,0.742,square_specific_structural_rtl,exact unsigned 14-bit square x*x over 16384 inputs; source=wallace_square; flow=abc_g_aig
ex273,ex273_square_wallace_square_wreduce_abc_g_aig,unsigned_square_x_times_x,wallace_square+wreduce_abc_g_aig,student/work/ex270_ex274_frontend_square_structures_20260609_1138_full2/ex273/verilog/ex273_square_wallace_square.v,student/work/ex270_ex274_frontend_square_structures_20260609_1138_full2/ex273/aigs/ex273_square_wallace_square_wreduce_abc_g_aig.aig,1,1,1,732,47,34404,15078,2.281735,0,0,0.759,square_specific_structural_rtl,exact unsigned 14-bit square x*x over 16384 inputs; source=wallace_square; flow=wreduce_abc_g_aig
ex273,ex273_square_wallace_square_arith_wreduce_aig,unsigned_square_x_times_x,wallace_square+arith_wreduce_aig,student/work/ex270_ex274_frontend_square_structures_20260609_1138_full2/ex273/verilog/ex273_square_wallace_square.v,student/work/ex270_ex274_frontend_square_structures_20260609_1138_full2/ex273/aigs/ex273_square_wallace_square_arith_wreduce_aig.aig,1,1,1,730,45,32850,15078,2.178671,0,0,0.755,square_specific_structural_rtl,exact unsigned 14-bit square x*x over 16384 inputs; source=wallace_square; flow=arith_wreduce_aig
ex273,ex273_square_wallace_square_synth_preset_d20,unsigned_square_x_times_x,wallace_square+synth_preset_d20,student/work/ex270_ex274_frontend_square_structures_20260609_1138_full2/ex273/verilog/ex273_square_wallace_square.v,student/work/ex270_ex274_frontend_square_structures_20260609_1138_full2/ex273/aigs/ex273_square_wallace_square_synth_preset_d20.aig,1,1,1,727,46,33442,15078,2.217933,0,0,0.892,square_specific_structural_rtl,exact unsigned 14-bit square x*x over 16384 inputs; source=wallace_square; flow=synth_preset_d20
ex273,ex273_square_wallace_square_rev_abc_g_aig,unsigned_square_x_times_x,wallace_square_rev+abc_g_aig,student/work/ex270_ex274_frontend_square_structures_20260609_1138_full2/ex273/verilog/ex273_square_wallace_square_rev.v,student/work/ex270_ex274_frontend_square_structures_20260609_1138_full2/ex273/aigs/ex273_square_wallace_square_rev_abc_g_aig.aig,1,1,1,722,50,36100,15078,2.394217,0,0,0.750,square_specific_structural_rtl,exact unsigned 14-bit square x*x over 16384 inputs; source=wallace_square_rev; flow=abc_g_aig
ex273,ex273_square_wallace_square_rev_wreduce_abc_g_aig,unsigned_square_x_times_x,wallace_square_rev+wreduce_abc_g_aig,student/work/ex270_ex274_frontend_square_structures_20260609_1138_full2/ex273/verilog/ex273_square_wallace_square_rev.v,student/work/ex270_ex274_frontend_square_structures_20260609_1138_full2/ex273/aigs/ex273_square_wallace_square_rev_wreduce_abc_g_aig.aig,1,1,1,722,50,36100,15078,2.394217,0,0,0.760,square_specific_structural_rtl,exact unsigned 14-bit square x*x over 16384 inputs; source=wallace_square_rev; flow=wreduce_abc_g_aig
ex273,ex273_square_wallace_square_rev_arith_wreduce_aig,unsigned_square_x_times_x,wallace_square_rev+arith_wreduce_aig,student/work/ex270_ex274_frontend_square_structures_20260609_1138_full2/ex273/verilog/ex273_square_wallace_square_rev.v,student/work/ex270_ex274_frontend_square_structures_20260609_1138_full2/ex273/aigs/ex273_square_wallace_square_rev_arith_wreduce_aig.aig,1,1,1,721,51,36771,15078,2.438719,0,0,0.753,square_specific_structural_rtl,exact unsigned 14-bit square x*x over 16384 inputs; source=wallace_square_rev; flow=arith_wreduce_aig
ex273,ex273_square_wallace_square_rev_synth_preset_d20,unsigned_square_x_times_x,wallace_square_rev+synth_preset_d20,student/work/ex270_ex274_frontend_square_structures_20260609_1138_full2/ex273/verilog/ex273_square_wallace_square_rev.v,student/work/ex270_ex274_frontend_square_structures_20260609_1138_full2/ex273/aigs/ex273_square_wallace_square_rev_synth_preset_d20.aig,1,1,1,720,50,36000,15078,2.387585,0,0,0.907,square_specific_structural_rtl,exact unsigned 14-bit square x*x over 16384 inputs; source=wallace_square_rev; flow=synth_preset_d20
ex273,ex273_square_wallace_square_outside_abc_g_aig,unsigned_square_x_times_x,wallace_square_outside+abc_g_aig,student/work/ex270_ex274_frontend_square_structures_20260609_1138_full2/ex273/verilog/ex273_square_wallace_square_outside.v,student/work/ex270_ex274_frontend_square_structures_20260609_1138_full2/ex273/aigs/ex273_square_wallace_square_outside_abc_g_aig.aig,1,1,1,702,44,30888,15078,2.048548,0,0,0.720,square_specific_structural_rtl,exact unsigned 14-bit square x*x over 16384 inputs; source=wallace_square_outside; flow=abc_g_aig
ex273,ex273_square_wallace_square_outside_wreduce_abc_g_aig,unsigned_square_x_times_x,wallace_square_outside+wreduce_abc_g_aig,student/work/ex270_ex274_frontend_square_structures_20260609_1138_full2/ex273/verilog/ex273_square_wallace_square_outside.v,student/work/ex270_ex274_frontend_square_structures_20260609_1138_full2/ex273/aigs/ex273_square_wallace_square_outside_wreduce_abc_g_aig.aig,1,1,1,702,44,30888,15078,2.048548,0,0,0.734,square_specific_structural_rtl,exact unsigned 14-bit square x*x over 16384 inputs; source=wallace_square_outside; flow=wreduce_abc_g_aig
ex273,ex273_square_wallace_square_outside_arith_wreduce_aig,unsigned_square_x_times_x,wallace_square_outside+arith_wreduce_aig,student/work/ex270_ex274_frontend_square_structures_20260609_1138_full2/ex273/verilog/ex273_square_wallace_square_outside.v,student/work/ex270_ex274_frontend_square_structures_20260609_1138_full2/ex273/aigs/ex273_square_wallace_square_outside_arith_wreduce_aig.aig,1,1,1,701,45,31545,15078,2.092121,0,0,0.738,square_specific_structural_rtl,exact unsigned 14-bit square x*x over 16384 inputs; source=wallace_square_outside; flow=arith_wreduce_aig
ex273,ex273_square_wallace_square_outside_synth_preset_d20,unsigned_square_x_times_x,wallace_square_outside+synth_preset_d20,student/work/ex270_ex274_frontend_square_structures_20260609_1138_full2/ex273/verilog/ex273_square_wallace_square_outside.v,student/work/ex270_ex274_frontend_square_structures_20260609_1138_full2/ex273/aigs/ex273_square_wallace_square_outside_synth_preset_d20.aig,1,1,1,702,45,31590,15078,2.095105,0,0,0.887,square_specific_structural_rtl,exact unsigned 14-bit square x*x over 16384 inputs; source=wallace_square_outside; flow=synth_preset_d20
ex273,ex273_square_wallace_square_hcla2_abc_g_aig,unsigned_square_x_times_x,wallace_square_hcla2+abc_g_aig,student/work/ex270_ex274_frontend_square_structures_20260609_1138_full2/ex273/verilog/ex273_square_wallace_square_hcla2.v,student/work/ex270_ex274_frontend_square_structures_20260609_1138_full2/ex273/aigs/ex273_square_wallace_square_hcla2_abc_g_aig.aig,1,1,1,758,40,30320,15078,2.010877,0,0,0.808,square_specific_structural_rtl,exact unsigned 14-bit square x*x over 16384 inputs; source=wallace_square_hcla2; flow=abc_g_aig
ex273,ex273_square_wallace_square_hcla2_wreduce_abc_g_aig,unsigned_square_x_times_x,wallace_square_hcla2+wreduce_abc_g_aig,student/work/ex270_ex274_frontend_square_structures_20260609_1138_full2/ex273/verilog/ex273_square_wallace_square_hcla2.v,student/work/ex270_ex274_frontend_square_structures_20260609_1138_full2/ex273/aigs/ex273_square_wallace_square_hcla2_wreduce_abc_g_aig.aig,1,1,1,752,42,31584,15078,2.094708,0,0,0.825,square_specific_structural_rtl,exact unsigned 14-bit square x*x over 16384 inputs; source=wallace_square_hcla2; flow=wreduce_abc_g_aig
ex273,ex273_square_wallace_square_hcla2_arith_wreduce_aig,unsigned_square_x_times_x,wallace_square_hcla2+arith_wreduce_aig,student/work/ex270_ex274_frontend_square_structures_20260609_1138_full2/ex273/verilog/ex273_square_wallace_square_hcla2.v,student/work/ex270_ex274_frontend_square_structures_20260609_1138_full2/ex273/aigs/ex273_square_wallace_square_hcla2_arith_wreduce_aig.aig,1,1,1,752,42,31584,15078,2.094708,0,0,0.831,square_specific_structural_rtl,exact unsigned 14-bit square x*x over 16384 inputs; source=wallace_square_hcla2; flow=arith_wreduce_aig
ex273,ex273_square_wallace_square_hcla2_synth_preset_d20,unsigned_square_x_times_x,wallace_square_hcla2+synth_preset_d20,student/work/ex270_ex274_frontend_square_structures_20260609_1138_full2/ex273/verilog/ex273_square_wallace_square_hcla2.v,student/work/ex270_ex274_frontend_square_structures_20260609_1138_full2/ex273/aigs/ex273_square_wallace_square_hcla2_synth_preset_d20.aig,1,1,1,727,46,33442,15078,2.217933,0,0,0.972,square_specific_structural_rtl,exact unsigned 14-bit square x*x over 16384 inputs; source=wallace_square_hcla2; flow=synth_preset_d20
ex273,ex273_square_wallace_square_hcla4_abc_g_aig,unsigned_square_x_times_x,wallace_square_hcla4+abc_g_aig,student/work/ex270_ex274_frontend_square_structures_20260609_1138_full2/ex273/verilog/ex273_square_wallace_square_hcla4.v,student/work/ex270_ex274_frontend_square_structures_20260609_1138_full2/ex273/aigs/ex273_square_wallace_square_hcla4_abc_g_aig.aig,1,1,1,754,42,31668,15078,2.100279,0,0,0.801,square_specific_structural_rtl,exact unsigned 14-bit square x*x over 16384 inputs; source=wallace_square_hcla4; flow=abc_g_aig
ex273,ex273_square_wallace_square_hcla4_wreduce_abc_g_aig,unsigned_square_x_times_x,wallace_square_hcla4+wreduce_abc_g_aig,student/work/ex270_ex274_frontend_square_structures_20260609_1138_full2/ex273/verilog/ex273_square_wallace_square_hcla4.v,student/work/ex270_ex274_frontend_square_structures_20260609_1138_full2/ex273/aigs/ex273_square_wallace_square_hcla4_wreduce_abc_g_aig.aig,1,1,1,754,42,31668,15078,2.100279,0,0,0.851,square_specific_structural_rtl,exact unsigned 14-bit square x*x over 16384 inputs; source=wallace_square_hcla4; flow=wreduce_abc_g_aig
ex273,ex273_square_wallace_square_hcla4_arith_wreduce_aig,unsigned_square_x_times_x,wallace_square_hcla4+arith_wreduce_aig,student/work/ex270_ex274_frontend_square_structures_20260609_1138_full2/ex273/verilog/ex273_square_wallace_square_hcla4.v,student/work/ex270_ex274_frontend_square_structures_20260609_1138_full2/ex273/aigs/ex273_square_wallace_square_hcla4_arith_wreduce_aig.aig,1,1,1,754,42,31668,15078,2.100279,0,0,0.845,square_specific_structural_rtl,exact unsigned 14-bit square x*x over 16384 inputs; source=wallace_square_hcla4; flow=arith_wreduce_aig
ex273,ex273_square_wallace_square_hcla4_synth_preset_d20,unsigned_square_x_times_x,wallace_square_hcla4+synth_preset_d20,student/work/ex270_ex274_frontend_square_structures_20260609_1138_full2/ex273/verilog/ex273_square_wallace_square_hcla4.v,student/work/ex270_ex274_frontend_square_structures_20260609_1138_full2/ex273/aigs/ex273_square_wallace_square_hcla4_synth_preset_d20.aig,1,1,1,729,44,32076,15078,2.127338,0,0,0.984,square_specific_structural_rtl,exact unsigned 14-bit square x*x over 16384 inputs; source=wallace_square_hcla4; flow=synth_preset_d20
ex273,ex273_square_wallace_square_hcla6_abc_g_aig,unsigned_square_x_times_x,wallace_square_hcla6+abc_g_aig,student/work/ex270_ex274_frontend_square_structures_20260609_1138_full2/ex273/verilog/ex273_square_wallace_square_hcla6.v,student/work/ex270_ex274_frontend_square_structures_20260609_1138_full2/ex273/aigs/ex273_square_wallace_square_hcla6_abc_g_aig.aig,1,1,1,753,41,30873,15078,2.047553,0,0,0.790,square_specific_structural_rtl,exact unsigned 14-bit square x*x over 16384 inputs; source=wallace_square_hcla6; flow=abc_g_aig
ex273,ex273_square_wallace_square_hcla6_wreduce_abc_g_aig,unsigned_square_x_times_x,wallace_square_hcla6+wreduce_abc_g_aig,student/work/ex270_ex274_frontend_square_structures_20260609_1138_full2/ex273/verilog/ex273_square_wallace_square_hcla6.v,student/work/ex270_ex274_frontend_square_structures_20260609_1138_full2/ex273/aigs/ex273_square_wallace_square_hcla6_wreduce_abc_g_aig.aig,1,1,1,746,43,32078,15078,2.127470,0,0,0.831,square_specific_structural_rtl,exact unsigned 14-bit square x*x over 16384 inputs; source=wallace_square_hcla6; flow=wreduce_abc_g_aig
ex273,ex273_square_wallace_square_hcla6_arith_wreduce_aig,unsigned_square_x_times_x,wallace_square_hcla6+arith_wreduce_aig,student/work/ex270_ex274_frontend_square_structures_20260609_1138_full2/ex273/verilog/ex273_square_wallace_square_hcla6.v,student/work/ex270_ex274_frontend_square_structures_20260609_1138_full2/ex273/aigs/ex273_square_wallace_square_hcla6_arith_wreduce_aig.aig,1,1,1,746,43,32078,15078,2.127470,0,0,0.833,square_specific_structural_rtl,exact unsigned 14-bit square x*x over 16384 inputs; source=wallace_square_hcla6; flow=arith_wreduce_aig
ex273,ex273_square_wallace_square_hcla6_synth_preset_d20,unsigned_square_x_times_x,wallace_square_hcla6+synth_preset_d20,student/work/ex270_ex274_frontend_square_structures_20260609_1138_full2/ex273/verilog/ex273_square_wallace_square_hcla6.v,student/work/ex270_ex274_frontend_square_structures_20260609_1138_full2/ex273/aigs/ex273_square_wallace_square_hcla6_synth_preset_d20.aig,1,1,1,745,41,30545,15078,2.025799,0,0,0.969,square_specific_structural_rtl,exact unsigned 14-bit square x*x over 16384 inputs; source=wallace_square_hcla6; flow=synth_preset_d20
ex273,ex273_square_wallace_square_hcla8_abc_g_aig,unsigned_square_x_times_x,wallace_square_hcla8+abc_g_aig,student/work/ex270_ex274_frontend_square_structures_20260609_1138_full2/ex273/verilog/ex273_square_wallace_square_hcla8.v,student/work/ex270_ex274_frontend_square_structures_20260609_1138_full2/ex273/aigs/ex273_square_wallace_square_hcla8_abc_g_aig.aig,1,1,1,743,43,31949,15078,2.118915,0,0,0.794,square_specific_structural_rtl,exact unsigned 14-bit square x*x over 16384 inputs; source=wallace_square_hcla8; flow=abc_g_aig
ex273,ex273_square_wallace_square_hcla8_wreduce_abc_g_aig,unsigned_square_x_times_x,wallace_square_hcla8+wreduce_abc_g_aig,student/work/ex270_ex274_frontend_square_structures_20260609_1138_full2/ex273/verilog/ex273_square_wallace_square_hcla8.v,student/work/ex270_ex274_frontend_square_structures_20260609_1138_full2/ex273/aigs/ex273_square_wallace_square_hcla8_wreduce_abc_g_aig.aig,1,1,1,741,44,32604,15078,2.162356,0,0,1.367,square_specific_structural_rtl,exact unsigned 14-bit square x*x over 16384 inputs; source=wallace_square_hcla8; flow=wreduce_abc_g_aig
ex273,ex273_square_wallace_square_hcla8_arith_wreduce_aig,unsigned_square_x_times_x,wallace_square_hcla8+arith_wreduce_aig,student/work/ex270_ex274_frontend_square_structures_20260609_1138_full2/ex273/verilog/ex273_square_wallace_square_hcla8.v,student/work/ex270_ex274_frontend_square_structures_20260609_1138_full2/ex273/aigs/ex273_square_wallace_square_hcla8_arith_wreduce_aig.aig,1,1,1,741,44,32604,15078,2.162356,0,0,1.776,square_specific_structural_rtl,exact unsigned 14-bit square x*x over 16384 inputs; source=wallace_square_hcla8; flow=arith_wreduce_aig
ex273,ex273_square_wallace_square_hcla8_synth_preset_d20,unsigned_square_x_times_x,wallace_square_hcla8+synth_preset_d20,student/work/ex270_ex274_frontend_square_structures_20260609_1138_full2/ex273/verilog/ex273_square_wallace_square_hcla8.v,student/work/ex270_ex274_frontend_square_structures_20260609_1138_full2/ex273/aigs/ex273_square_wallace_square_hcla8_synth_preset_d20.aig,1,1,1,734,43,31562,15078,2.093248,0,0,2.353,square_specific_structural_rtl,exact unsigned 14-bit square x*x over 16384 inputs; source=wallace_square_hcla8; flow=synth_preset_d20
ex273,ex273_square_wallace_square_rev_hcla4_abc_g_aig,unsigned_square_x_times_x,wallace_square_rev_hcla4+abc_g_aig,student/work/ex270_ex274_frontend_square_structures_20260609_1138_full2/ex273/verilog/ex273_square_wallace_square_rev_hcla4.v,student/work/ex270_ex274_frontend_square_structures_20260609_1138_full2/ex273/aigs/ex273_square_wallace_square_rev_hcla4_abc_g_aig.aig,1,1,1,748,46,34408,15078,2.282000,0,0,1.976,square_specific_structural_rtl,exact unsigned 14-bit square x*x over 16384 inputs; source=wallace_square_rev_hcla4; flow=abc_g_aig
ex273,ex273_square_wallace_square_rev_hcla4_wreduce_abc_g_aig,unsigned_square_x_times_x,wallace_square_rev_hcla4+wreduce_abc_g_aig,student/work/ex270_ex274_frontend_square_structures_20260609_1138_full2/ex273/verilog/ex273_square_wallace_square_rev_hcla4.v,student/work/ex270_ex274_frontend_square_structures_20260609_1138_full2/ex273/aigs/ex273_square_wallace_square_rev_hcla4_wreduce_abc_g_aig.aig,1,1,1,749,47,35203,15078,2.334726,0,0,1.305,square_specific_structural_rtl,exact unsigned 14-bit square x*x over 16384 inputs; source=wallace_square_rev_hcla4; flow=wreduce_abc_g_aig
ex273,ex273_square_wallace_square_rev_hcla4_arith_wreduce_aig,unsigned_square_x_times_x,wallace_square_rev_hcla4+arith_wreduce_aig,student/work/ex270_ex274_frontend_square_structures_20260609_1138_full2/ex273/verilog/ex273_square_wallace_square_rev_hcla4.v,student/work/ex270_ex274_frontend_square_structures_20260609_1138_full2/ex273/aigs/ex273_square_wallace_square_rev_hcla4_arith_wreduce_aig.aig,1,1,1,749,47,35203,15078,2.334726,0,0,1.476,square_specific_structural_rtl,exact unsigned 14-bit square x*x over 16384 inputs; source=wallace_square_rev_hcla4; flow=arith_wreduce_aig
ex273,ex273_square_wallace_square_rev_hcla4_synth_preset_d20,unsigned_square_x_times_x,wallace_square_rev_hcla4+synth_preset_d20,student/work/ex270_ex274_frontend_square_structures_20260609_1138_full2/ex273/verilog/ex273_square_wallace_square_rev_hcla4.v,student/work/ex270_ex274_frontend_square_structures_20260609_1138_full2/ex273/aigs/ex273_square_wallace_square_rev_hcla4_synth_preset_d20.aig,1,1,1,738,47,34686,15078,2.300438,0,0,2.619,square_specific_structural_rtl,exact unsigned 14-bit square x*x over 16384 inputs; source=wallace_square_rev_hcla4; flow=synth_preset_d20
ex273,ex273_square_wallace_square_rev_hcla6_abc_g_aig,unsigned_square_x_times_x,wallace_square_rev_hcla6+abc_g_aig,student/work/ex270_ex274_frontend_square_structures_20260609_1138_full2/ex273/verilog/ex273_square_wallace_square_rev_hcla6.v,student/work/ex270_ex274_frontend_square_structures_20260609_1138_full2/ex273/aigs/ex273_square_wallace_square_rev_hcla6_abc_g_aig.aig,1,1,1,739,46,33994,15078,2.254543,0,0,1.648,square_specific_structural_rtl,exact unsigned 14-bit square x*x over 16384 inputs; source=wallace_square_rev_hcla6; flow=abc_g_aig
ex273,ex273_square_wallace_square_rev_hcla6_wreduce_abc_g_aig,unsigned_square_x_times_x,wallace_square_rev_hcla6+wreduce_abc_g_aig,student/work/ex270_ex274_frontend_square_structures_20260609_1138_full2/ex273/verilog/ex273_square_wallace_square_rev_hcla6.v,student/work/ex270_ex274_frontend_square_structures_20260609_1138_full2/ex273/aigs/ex273_square_wallace_square_rev_hcla6_wreduce_abc_g_aig.aig,1,1,1,747,47,35109,15078,2.328492,0,0,0.821,square_specific_structural_rtl,exact unsigned 14-bit square x*x over 16384 inputs; source=wallace_square_rev_hcla6; flow=wreduce_abc_g_aig
ex273,ex273_square_wallace_square_rev_hcla6_arith_wreduce_aig,unsigned_square_x_times_x,wallace_square_rev_hcla6+arith_wreduce_aig,student/work/ex270_ex274_frontend_square_structures_20260609_1138_full2/ex273/verilog/ex273_square_wallace_square_rev_hcla6.v,student/work/ex270_ex274_frontend_square_structures_20260609_1138_full2/ex273/aigs/ex273_square_wallace_square_rev_hcla6_arith_wreduce_aig.aig,1,1,1,747,47,35109,15078,2.328492,0,0,0.819,square_specific_structural_rtl,exact unsigned 14-bit square x*x over 16384 inputs; source=wallace_square_rev_hcla6; flow=arith_wreduce_aig
ex273,ex273_square_wallace_square_rev_hcla6_synth_preset_d20,unsigned_square_x_times_x,wallace_square_rev_hcla6+synth_preset_d20,student/work/ex270_ex274_frontend_square_structures_20260609_1138_full2/ex273/verilog/ex273_square_wallace_square_rev_hcla6.v,student/work/ex270_ex274_frontend_square_structures_20260609_1138_full2/ex273/aigs/ex273_square_wallace_square_rev_hcla6_synth_preset_d20.aig,1,1,1,740,47,34780,15078,2.306672,0,0,0.976,square_specific_structural_rtl,exact unsigned 14-bit square x*x over 16384 inputs; source=wallace_square_rev_hcla6; flow=synth_preset_d20
ex273,ex273_square_wallace_square_outside_hcla4_abc_g_aig,unsigned_square_x_times_x,wallace_square_outside_hcla4+abc_g_aig,student/work/ex270_ex274_frontend_square_structures_20260609_1138_full2/ex273/verilog/ex273_square_wallace_square_outside_hcla4.v,student/work/ex270_ex274_frontend_square_structures_20260609_1138_full2/ex273/aigs/ex273_square_wallace_square_outside_hcla4_abc_g_aig.aig,1,1,1,721,41,29561,15078,1.960539,0,0,0.780,square_specific_structural_rtl,exact unsigned 14-bit square x*x over 16384 inputs; source=wallace_square_outside_hcla4; flow=abc_g_aig
ex273,ex273_square_wallace_square_outside_hcla4_wreduce_abc_g_aig,unsigned_square_x_times_x,wallace_square_outside_hcla4+wreduce_abc_g_aig,student/work/ex270_ex274_frontend_square_structures_20260609_1138_full2/ex273/verilog/ex273_square_wallace_square_outside_hcla4.v,student/work/ex270_ex274_frontend_square_structures_20260609_1138_full2/ex273/aigs/ex273_square_wallace_square_outside_hcla4_wreduce_abc_g_aig.aig,1,1,1,723,40,28920,15078,1.918026,0,0,0.826,square_specific_structural_rtl,exact unsigned 14-bit square x*x over 16384 inputs; source=wallace_square_outside_hcla4; flow=wreduce_abc_g_aig
ex273,ex273_square_wallace_square_outside_hcla4_arith_wreduce_aig,unsigned_square_x_times_x,wallace_square_outside_hcla4+arith_wreduce_aig,student/work/ex270_ex274_frontend_square_structures_20260609_1138_full2/ex273/verilog/ex273_square_wallace_square_outside_hcla4.v,student/work/ex270_ex274_frontend_square_structures_20260609_1138_full2/ex273/aigs/ex273_square_wallace_square_outside_hcla4_arith_wreduce_aig.aig,1,1,1,723,40,28920,15078,1.918026,0,0,0.819,square_specific_structural_rtl,exact unsigned 14-bit square x*x over 16384 inputs; source=wallace_square_outside_hcla4; flow=arith_wreduce_aig
ex273,ex273_square_wallace_square_outside_hcla4_synth_preset_d20,unsigned_square_x_times_x,wallace_square_outside_hcla4+synth_preset_d20,student/work/ex270_ex274_frontend_square_structures_20260609_1138_full2/ex273/verilog/ex273_square_wallace_square_outside_hcla4.v,student/work/ex270_ex274_frontend_square_structures_20260609_1138_full2/ex273/aigs/ex273_square_wallace_square_outside_hcla4_synth_preset_d20.aig,1,1,1,708,44,31152,15078,2.066057,0,0,0.964,square_specific_structural_rtl,exact unsigned 14-bit square x*x over 16384 inputs; source=wallace_square_outside_hcla4; flow=synth_preset_d20
ex273,ex273_square_wallace_square_outside_hcla6_abc_g_aig,unsigned_square_x_times_x,wallace_square_outside_hcla6+abc_g_aig,student/work/ex270_ex274_frontend_square_structures_20260609_1138_full2/ex273/verilog/ex273_square_wallace_square_outside_hcla6.v,student/work/ex270_ex274_frontend_square_structures_20260609_1138_full2/ex273/aigs/ex273_square_wallace_square_outside_hcla6_abc_g_aig.aig,1,1,1,719,41,29479,15078,1.955100,0,0,0.778,square_specific_structural_rtl,exact unsigned 14-bit square x*x over 16384 inputs; source=wallace_square_outside_hcla6; flow=abc_g_aig
ex273,ex273_square_wallace_square_outside_hcla6_wreduce_abc_g_aig,unsigned_square_x_times_x,wallace_square_outside_hcla6+wreduce_abc_g_aig,student/work/ex270_ex274_frontend_square_structures_20260609_1138_full2/ex273/verilog/ex273_square_wallace_square_outside_hcla6.v,student/work/ex270_ex274_frontend_square_structures_20260609_1138_full2/ex273/aigs/ex273_square_wallace_square_outside_hcla6_wreduce_abc_g_aig.aig,1,1,1,719,42,30198,15078,2.002786,0,0,0.833,square_specific_structural_rtl,exact unsigned 14-bit square x*x over 16384 inputs; source=wallace_square_outside_hcla6; flow=wreduce_abc_g_aig
ex273,ex273_square_wallace_square_outside_hcla6_arith_wreduce_aig,unsigned_square_x_times_x,wallace_square_outside_hcla6+arith_wreduce_aig,student/work/ex270_ex274_frontend_square_structures_20260609_1138_full2/ex273/verilog/ex273_square_wallace_square_outside_hcla6.v,student/work/ex270_ex274_frontend_square_structures_20260609_1138_full2/ex273/aigs/ex273_square_wallace_square_outside_hcla6_arith_wreduce_aig.aig,1,1,1,719,42,30198,15078,2.002786,0,0,0.834,square_specific_structural_rtl,exact unsigned 14-bit square x*x over 16384 inputs; source=wallace_square_outside_hcla6; flow=arith_wreduce_aig
ex273,ex273_square_wallace_square_outside_hcla6_synth_preset_d20,unsigned_square_x_times_x,wallace_square_outside_hcla6+synth_preset_d20,student/work/ex270_ex274_frontend_square_structures_20260609_1138_full2/ex273/verilog/ex273_square_wallace_square_outside_hcla6.v,student/work/ex270_ex274_frontend_square_structures_20260609_1138_full2/ex273/aigs/ex273_square_wallace_square_outside_hcla6_synth_preset_d20.aig,1,1,1,713,42,29946,15078,1.986072,0,0,0.957,square_specific_structural_rtl,exact unsigned 14-bit square x*x over 16384 inputs; source=wallace_square_outside_hcla6; flow=synth_preset_d20
ex273,ex273_square_dadda_square_abc_g_aig,unsigned_square_x_times_x,dadda_square+abc_g_aig,student/work/ex270_ex274_frontend_square_structures_20260609_1138_full2/ex273/verilog/ex273_square_dadda_square.v,student/work/ex270_ex274_frontend_square_structures_20260609_1138_full2/ex273/aigs/ex273_square_dadda_square_abc_g_aig.aig,1,1,1,730,47,34310,15078,2.275501,0,0,0.737,square_specific_structural_rtl,exact unsigned 14-bit square x*x over 16384 inputs; source=dadda_square; flow=abc_g_aig
ex273,ex273_square_dadda_square_wreduce_abc_g_aig,unsigned_square_x_times_x,dadda_square+wreduce_abc_g_aig,student/work/ex270_ex274_frontend_square_structures_20260609_1138_full2/ex273/verilog/ex273_square_dadda_square.v,student/work/ex270_ex274_frontend_square_structures_20260609_1138_full2/ex273/aigs/ex273_square_dadda_square_wreduce_abc_g_aig.aig,1,1,1,730,47,34310,15078,2.275501,0,0,0.765,square_specific_structural_rtl,exact unsigned 14-bit square x*x over 16384 inputs; source=dadda_square; flow=wreduce_abc_g_aig
ex273,ex273_square_dadda_square_arith_wreduce_aig,unsigned_square_x_times_x,dadda_square+arith_wreduce_aig,student/work/ex270_ex274_frontend_square_structures_20260609_1138_full2/ex273/verilog/ex273_square_dadda_square.v,student/work/ex270_ex274_frontend_square_structures_20260609_1138_full2/ex273/aigs/ex273_square_dadda_square_arith_wreduce_aig.aig,1,1,1,731,46,33626,15078,2.230137,0,0,0.775,square_specific_structural_rtl,exact unsigned 14-bit square x*x over 16384 inputs; source=dadda_square; flow=arith_wreduce_aig
ex273,ex273_square_dadda_square_synth_preset_d20,unsigned_square_x_times_x,dadda_square+synth_preset_d20,student/work/ex270_ex274_frontend_square_structures_20260609_1138_full2/ex273/verilog/ex273_square_dadda_square.v,student/work/ex270_ex274_frontend_square_structures_20260609_1138_full2/ex273/aigs/ex273_square_dadda_square_synth_preset_d20.aig,1,1,1,726,47,34122,15078,2.263032,0,0,0.930,square_specific_structural_rtl,exact unsigned 14-bit square x*x over 16384 inputs; source=dadda_square; flow=synth_preset_d20
ex273,ex273_square_dadda_square_hcla4_abc_g_aig,unsigned_square_x_times_x,dadda_square_hcla4+abc_g_aig,student/work/ex270_ex274_frontend_square_structures_20260609_1138_full2/ex273/verilog/ex273_square_dadda_square_hcla4.v,student/work/ex270_ex274_frontend_square_structures_20260609_1138_full2/ex273/aigs/ex273_square_dadda_square_hcla4_abc_g_aig.aig,1,1,1,738,44,32472,15078,2.153601,0,0,0.777,square_specific_structural_rtl,exact unsigned 14-bit square x*x over 16384 inputs; source=dadda_square_hcla4; flow=abc_g_aig
ex273,ex273_square_dadda_square_hcla4_wreduce_abc_g_aig,unsigned_square_x_times_x,dadda_square_hcla4+wreduce_abc_g_aig,student/work/ex270_ex274_frontend_square_structures_20260609_1138_full2/ex273/verilog/ex273_square_dadda_square_hcla4.v,student/work/ex270_ex274_frontend_square_structures_20260609_1138_full2/ex273/aigs/ex273_square_dadda_square_hcla4_wreduce_abc_g_aig.aig,1,1,1,756,43,32508,15078,2.155989,0,0,0.826,square_specific_structural_rtl,exact unsigned 14-bit square x*x over 16384 inputs; source=dadda_square_hcla4; flow=wreduce_abc_g_aig
ex273,ex273_square_dadda_square_hcla4_arith_wreduce_aig,unsigned_square_x_times_x,dadda_square_hcla4+arith_wreduce_aig,student/work/ex270_ex274_frontend_square_structures_20260609_1138_full2/ex273/verilog/ex273_square_dadda_square_hcla4.v,student/work/ex270_ex274_frontend_square_structures_20260609_1138_full2/ex273/aigs/ex273_square_dadda_square_hcla4_arith_wreduce_aig.aig,1,1,1,756,43,32508,15078,2.155989,0,0,0.826,square_specific_structural_rtl,exact unsigned 14-bit square x*x over 16384 inputs; source=dadda_square_hcla4; flow=arith_wreduce_aig
ex273,ex273_square_dadda_square_hcla4_synth_preset_d20,unsigned_square_x_times_x,dadda_square_hcla4+synth_preset_d20,student/work/ex270_ex274_frontend_square_structures_20260609_1138_full2/ex273/verilog/ex273_square_dadda_square_hcla4.v,student/work/ex270_ex274_frontend_square_structures_20260609_1138_full2/ex273/aigs/ex273_square_dadda_square_hcla4_synth_preset_d20.aig,1,1,1,732,46,33672,15078,2.233187,0,0,0.974,square_specific_structural_rtl,exact unsigned 14-bit square x*x over 16384 inputs; source=dadda_square_hcla4; flow=synth_preset_d20
ex273,ex273_square_dadda_square_hcla6_abc_g_aig,unsigned_square_x_times_x,dadda_square_hcla6+abc_g_aig,student/work/ex270_ex274_frontend_square_structures_20260609_1138_full2/ex273/verilog/ex273_square_dadda_square_hcla6.v,student/work/ex270_ex274_frontend_square_structures_20260609_1138_full2/ex273/aigs/ex273_square_dadda_square_hcla6_abc_g_aig.aig,1,1,1,743,45,33435,15078,2.217469,0,0,0.784,square_specific_structural_rtl,exact unsigned 14-bit square x*x over 16384 inputs; source=dadda_square_hcla6; flow=abc_g_aig
ex273,ex273_square_dadda_square_hcla6_wreduce_abc_g_aig,unsigned_square_x_times_x,dadda_square_hcla6+wreduce_abc_g_aig,student/work/ex270_ex274_frontend_square_structures_20260609_1138_full2/ex273/verilog/ex273_square_dadda_square_hcla6.v,student/work/ex270_ex274_frontend_square_structures_20260609_1138_full2/ex273/aigs/ex273_square_dadda_square_hcla6_wreduce_abc_g_aig.aig,1,1,1,751,44,33044,15078,2.191537,0,0,0.832,square_specific_structural_rtl,exact unsigned 14-bit square x*x over 16384 inputs; source=dadda_square_hcla6; flow=wreduce_abc_g_aig
ex273,ex273_square_dadda_square_hcla6_arith_wreduce_aig,unsigned_square_x_times_x,dadda_square_hcla6+arith_wreduce_aig,student/work/ex270_ex274_frontend_square_structures_20260609_1138_full2/ex273/verilog/ex273_square_dadda_square_hcla6.v,student/work/ex270_ex274_frontend_square_structures_20260609_1138_full2/ex273/aigs/ex273_square_dadda_square_hcla6_arith_wreduce_aig.aig,1,1,1,751,44,33044,15078,2.191537,0,0,0.824,square_specific_structural_rtl,exact unsigned 14-bit square x*x over 16384 inputs; source=dadda_square_hcla6; flow=arith_wreduce_aig
ex273,ex273_square_dadda_square_hcla6_synth_preset_d20,unsigned_square_x_times_x,dadda_square_hcla6+synth_preset_d20,student/work/ex270_ex274_frontend_square_structures_20260609_1138_full2/ex273/verilog/ex273_square_dadda_square_hcla6.v,student/work/ex270_ex274_frontend_square_structures_20260609_1138_full2/ex273/aigs/ex273_square_dadda_square_hcla6_synth_preset_d20.aig,1,1,1,746,43,32078,15078,2.127470,0,0,0.972,square_specific_structural_rtl,exact unsigned 14-bit square x*x over 16384 inputs; source=dadda_square_hcla6; flow=synth_preset_d20
ex273,ex273_square_dadda_square_hcla8_abc_g_aig,unsigned_square_x_times_x,dadda_square_hcla8+abc_g_aig,student/work/ex270_ex274_frontend_square_structures_20260609_1138_full2/ex273/verilog/ex273_square_dadda_square_hcla8.v,student/work/ex270_ex274_frontend_square_structures_20260609_1138_full2/ex273/aigs/ex273_square_dadda_square_hcla8_abc_g_aig.aig,1,1,1,744,43,31992,15078,2.121767,0,0,0.790,square_specific_structural_rtl,exact unsigned 14-bit square x*x over 16384 inputs; source=dadda_square_hcla8; flow=abc_g_aig
ex273,ex273_square_dadda_square_hcla8_wreduce_abc_g_aig,unsigned_square_x_times_x,dadda_square_hcla8+wreduce_abc_g_aig,student/work/ex270_ex274_frontend_square_structures_20260609_1138_full2/ex273/verilog/ex273_square_dadda_square_hcla8.v,student/work/ex270_ex274_frontend_square_structures_20260609_1138_full2/ex273/aigs/ex273_square_dadda_square_hcla8_wreduce_abc_g_aig.aig,1,1,1,738,46,33948,15078,2.251492,0,0,0.810,square_specific_structural_rtl,exact unsigned 14-bit square x*x over 16384 inputs; source=dadda_square_hcla8; flow=wreduce_abc_g_aig
ex273,ex273_square_dadda_square_hcla8_arith_wreduce_aig,unsigned_square_x_times_x,dadda_square_hcla8+arith_wreduce_aig,student/work/ex270_ex274_frontend_square_structures_20260609_1138_full2/ex273/verilog/ex273_square_dadda_square_hcla8.v,student/work/ex270_ex274_frontend_square_structures_20260609_1138_full2/ex273/aigs/ex273_square_dadda_square_hcla8_arith_wreduce_aig.aig,1,1,1,738,46,33948,15078,2.251492,0,0,0.812,square_specific_structural_rtl,exact unsigned 14-bit square x*x over 16384 inputs; source=dadda_square_hcla8; flow=arith_wreduce_aig
ex273,ex273_square_dadda_square_hcla8_synth_preset_d20,unsigned_square_x_times_x,dadda_square_hcla8+synth_preset_d20,student/work/ex270_ex274_frontend_square_structures_20260609_1138_full2/ex273/verilog/ex273_square_dadda_square_hcla8.v,student/work/ex270_ex274_frontend_square_structures_20260609_1138_full2/ex273/aigs/ex273_square_dadda_square_hcla8_synth_preset_d20.aig,1,1,1,735,44,32340,15078,2.144847,0,0,0.984,square_specific_structural_rtl,exact unsigned 14-bit square x*x over 16384 inputs; source=dadda_square_hcla8; flow=synth_preset_d20
ex273,ex273_square_low_high_split_abc_g_aig,unsigned_square_x_times_x,low_high_split+abc_g_aig,student/work/ex270_ex274_frontend_square_structures_20260609_1138_full2/ex273/verilog/ex273_square_low_high_split.v,student/work/ex270_ex274_frontend_square_structures_20260609_1138_full2/ex273/aigs/ex273_square_low_high_split_abc_g_aig.aig,1,1,1,861,58,49938,15078,3.311978,0,0,0.753,square_specific_structural_rtl,exact unsigned 14-bit square x*x over 16384 inputs; source=low_high_split; flow=abc_g_aig
ex273,ex273_square_low_high_split_wreduce_abc_g_aig,unsigned_square_x_times_x,low_high_split+wreduce_abc_g_aig,student/work/ex270_ex274_frontend_square_structures_20260609_1138_full2/ex273/verilog/ex273_square_low_high_split.v,student/work/ex270_ex274_frontend_square_structures_20260609_1138_full2/ex273/aigs/ex273_square_low_high_split_wreduce_abc_g_aig.aig,1,1,1,856,58,49648,15078,3.292744,0,0,0.751,square_specific_structural_rtl,exact unsigned 14-bit square x*x over 16384 inputs; source=low_high_split; flow=wreduce_abc_g_aig
ex273,ex273_square_low_high_split_arith_wreduce_aig,unsigned_square_x_times_x,low_high_split+arith_wreduce_aig,student/work/ex270_ex274_frontend_square_structures_20260609_1138_full2/ex273/verilog/ex273_square_low_high_split.v,student/work/ex270_ex274_frontend_square_structures_20260609_1138_full2/ex273/aigs/ex273_square_low_high_split_arith_wreduce_aig.aig,1,1,1,940,56,52640,15078,3.491179,0,0,0.770,square_specific_structural_rtl,exact unsigned 14-bit square x*x over 16384 inputs; source=low_high_split; flow=arith_wreduce_aig
ex273,ex273_square_low_high_split_synth_preset_d20,unsigned_square_x_times_x,low_high_split+synth_preset_d20,student/work/ex270_ex274_frontend_square_structures_20260609_1138_full2/ex273/verilog/ex273_square_low_high_split.v,student/work/ex270_ex274_frontend_square_structures_20260609_1138_full2/ex273/aigs/ex273_square_low_high_split_synth_preset_d20.aig,1,1,1,916,57,52212,15078,3.462793,0,0,0.855,square_specific_structural_rtl,exact unsigned 14-bit square x*x over 16384 inputs; source=low_high_split; flow=synth_preset_d20
ex273,ex273_square_low_high_split_hcla_abc_g_aig,unsigned_square_x_times_x,low_high_split_hcla+abc_g_aig,student/work/ex270_ex274_frontend_square_structures_20260609_1138_full2/ex273/verilog/ex273_square_low_high_split_hcla.v,student/work/ex270_ex274_frontend_square_structures_20260609_1138_full2/ex273/aigs/ex273_square_low_high_split_hcla_abc_g_aig.aig,1,1,1,930,46,42780,15078,2.837246,0,0,0.856,square_specific_structural_rtl,exact unsigned 14-bit square x*x over 16384 inputs; source=low_high_split_hcla; flow=abc_g_aig
ex273,ex273_square_low_high_split_hcla_wreduce_abc_g_aig,unsigned_square_x_times_x,low_high_split_hcla+wreduce_abc_g_aig,student/work/ex270_ex274_frontend_square_structures_20260609_1138_full2/ex273/verilog/ex273_square_low_high_split_hcla.v,student/work/ex270_ex274_frontend_square_structures_20260609_1138_full2/ex273/aigs/ex273_square_low_high_split_hcla_wreduce_abc_g_aig.aig,1,1,1,917,44,40348,15078,2.675952,0,0,0.865,square_specific_structural_rtl,exact unsigned 14-bit square x*x over 16384 inputs; source=low_high_split_hcla; flow=wreduce_abc_g_aig
ex273,ex273_square_low_high_split_hcla_arith_wreduce_aig,unsigned_square_x_times_x,low_high_split_hcla+arith_wreduce_aig,student/work/ex270_ex274_frontend_square_structures_20260609_1138_full2/ex273/verilog/ex273_square_low_high_split_hcla.v,student/work/ex270_ex274_frontend_square_structures_20260609_1138_full2/ex273/aigs/ex273_square_low_high_split_hcla_arith_wreduce_aig.aig,1,1,1,920,43,39560,15078,2.623690,0,0,0.871,square_specific_structural_rtl,exact unsigned 14-bit square x*x over 16384 inputs; source=low_high_split_hcla; flow=arith_wreduce_aig
ex273,ex273_square_low_high_split_hcla_synth_preset_d20,unsigned_square_x_times_x,low_high_split_hcla+synth_preset_d20,student/work/ex270_ex274_frontend_square_structures_20260609_1138_full2/ex273/verilog/ex273_square_low_high_split_hcla.v,student/work/ex270_ex274_frontend_square_structures_20260609_1138_full2/ex273/aigs/ex273_square_low_high_split_hcla_synth_preset_d20.aig,1,1,1,891,45,40095,15078,2.659172,0,0,1.007,square_specific_structural_rtl,exact unsigned 14-bit square x*x over 16384 inputs; source=low_high_split_hcla; flow=synth_preset_d20
ex273,ex273_square_karatsuba_square_abc_g_aig,unsigned_square_x_times_x,karatsuba_square+abc_g_aig,student/work/ex270_ex274_frontend_square_structures_20260609_1138_full2/ex273/verilog/ex273_square_karatsuba_square.v,student/work/ex270_ex274_frontend_square_structures_20260609_1138_full2/ex273/aigs/ex273_square_karatsuba_square_abc_g_aig.aig,1,1,1,1003,65,65195,15078,4.323849,0,0,0.954,square_specific_structural_rtl,exact unsigned 14-bit square x*x over 16384 inputs; source=karatsuba_square; flow=abc_g_aig
ex273,ex273_square_karatsuba_square_wreduce_abc_g_aig,unsigned_square_x_times_x,karatsuba_square+wreduce_abc_g_aig,student/work/ex270_ex274_frontend_square_structures_20260609_1138_full2/ex273/verilog/ex273_square_karatsuba_square.v,student/work/ex270_ex274_frontend_square_structures_20260609_1138_full2/ex273/aigs/ex273_square_karatsuba_square_wreduce_abc_g_aig.aig,1,1,1,988,65,64220,15078,4.259186,0,0,0.931,square_specific_structural_rtl,exact unsigned 14-bit square x*x over 16384 inputs; source=karatsuba_square; flow=wreduce_abc_g_aig
ex273,ex273_square_karatsuba_square_arith_wreduce_aig,unsigned_square_x_times_x,karatsuba_square+arith_wreduce_aig,student/work/ex270_ex274_frontend_square_structures_20260609_1138_full2/ex273/verilog/ex273_square_karatsuba_square.v,student/work/ex270_ex274_frontend_square_structures_20260609_1138_full2/ex273/aigs/ex273_square_karatsuba_square_arith_wreduce_aig.aig,1,1,1,1107,71,78597,15078,5.212694,0,0,0.953,square_specific_structural_rtl,exact unsigned 14-bit square x*x over 16384 inputs; source=karatsuba_square; flow=arith_wreduce_aig
ex273,ex273_square_karatsuba_square_synth_preset_d20,unsigned_square_x_times_x,karatsuba_square+synth_preset_d20,student/work/ex270_ex274_frontend_square_structures_20260609_1138_full2/ex273/verilog/ex273_square_karatsuba_square.v,student/work/ex270_ex274_frontend_square_structures_20260609_1138_full2/ex273/aigs/ex273_square_karatsuba_square_synth_preset_d20.aig,1,1,1,1064,71,75544,15078,5.010214,0,0,1.111,square_specific_structural_rtl,exact unsigned 14-bit square x*x over 16384 inputs; source=karatsuba_square; flow=synth_preset_d20
ex273,ex273_square_low4_case_high_direct_abc_g_aig,unsigned_square_x_times_x,low4_case_high_direct+abc_g_aig,student/work/ex270_ex274_frontend_square_structures_20260609_1138_full2/ex273/verilog/ex273_square_low4_case_high_direct.v,student/work/ex270_ex274_frontend_square_structures_20260609_1138_full2/ex273/aigs/ex273_square_low4_case_high_direct_abc_g_aig.aig,1,1,1,910,46,41860,15078,2.776230,0,0,0.800,square_specific_structural_rtl,exact unsigned 14-bit square x*x over 16384 inputs; source=low4_case_high_direct; flow=abc_g_aig
ex273,ex273_square_low4_case_high_direct_wreduce_abc_g_aig,unsigned_square_x_times_x,low4_case_high_direct+wreduce_abc_g_aig,student/work/ex270_ex274_frontend_square_structures_20260609_1138_full2/ex273/verilog/ex273_square_low4_case_high_direct.v,student/work/ex270_ex274_frontend_square_structures_20260609_1138_full2/ex273/aigs/ex273_square_low4_case_high_direct_wreduce_abc_g_aig.aig,1,1,1,918,46,42228,15078,2.800637,0,0,0.807,square_specific_structural_rtl,exact unsigned 14-bit square x*x over 16384 inputs; source=low4_case_high_direct; flow=wreduce_abc_g_aig
ex273,ex273_square_low4_case_high_direct_synth_preset_d20,unsigned_square_x_times_x,low4_case_high_direct+synth_preset_d20,student/work/ex270_ex274_frontend_square_structures_20260609_1138_full2/ex273/verilog/ex273_square_low4_case_high_direct.v,student/work/ex270_ex274_frontend_square_structures_20260609_1138_full2/ex273/aigs/ex273_square_low4_case_high_direct_synth_preset_d20.aig,1,1,1,877,46,40342,15078,2.675554,0,0,0.908,square_specific_structural_rtl,exact unsigned 14-bit square x*x over 16384 inputs; source=low4_case_high_direct; flow=synth_preset_d20
ex273,ex273_square_low5_case_high_direct_abc_g_aig,unsigned_square_x_times_x,low5_case_high_direct+abc_g_aig,student/work/ex270_ex274_frontend_square_structures_20260609_1138_full2/ex273/verilog/ex273_square_low5_case_high_direct.v,student/work/ex270_ex274_frontend_square_structures_20260609_1138_full2/ex273/aigs/ex273_square_low5_case_high_direct_abc_g_aig.aig,1,1,1,802,47,37694,15078,2.499934,0,0,0.810,square_specific_structural_rtl,exact unsigned 14-bit square x*x over 16384 inputs; source=low5_case_high_direct; flow=abc_g_aig
ex273,ex273_square_low5_case_high_direct_wreduce_abc_g_aig,unsigned_square_x_times_x,low5_case_high_direct+wreduce_abc_g_aig,student/work/ex270_ex274_frontend_square_structures_20260609_1138_full2/ex273/verilog/ex273_square_low5_case_high_direct.v,student/work/ex270_ex274_frontend_square_structures_20260609_1138_full2/ex273/aigs/ex273_square_low5_case_high_direct_wreduce_abc_g_aig.aig,1,1,1,800,47,37600,15078,2.493699,0,0,0.780,square_specific_structural_rtl,exact unsigned 14-bit square x*x over 16384 inputs; source=low5_case_high_direct; flow=wreduce_abc_g_aig
ex273,ex273_square_low5_case_high_direct_synth_preset_d20,unsigned_square_x_times_x,low5_case_high_direct+synth_preset_d20,student/work/ex270_ex274_frontend_square_structures_20260609_1138_full2/ex273/verilog/ex273_square_low5_case_high_direct.v,student/work/ex270_ex274_frontend_square_structures_20260609_1138_full2/ex273/aigs/ex273_square_low5_case_high_direct_synth_preset_d20.aig,1,1,1,763,47,35861,15078,2.378366,0,0,0.847,square_specific_structural_rtl,exact unsigned 14-bit square x*x over 16384 inputs; source=low5_case_high_direct; flow=synth_preset_d20
ex274,ex274_square_direct_square_abc_g_aig,unsigned_square_x_times_x,direct_square+abc_g_aig,student/work/ex270_ex274_frontend_square_structures_20260609_1138_full2/ex274/verilog/ex274_square_direct_square.v,student/work/ex270_ex274_frontend_square_structures_20260609_1138_full2/ex274/aigs/ex274_square_direct_square_abc_g_aig.aig,1,1,1,1571,68,106828,21630,4.938881,0,0,3.547,semantic_rtl,exact unsigned 16-bit square x*x over 65536 inputs; source=direct_square; flow=abc_g_aig
ex274,ex274_square_direct_square_wreduce_abc_g_aig,unsigned_square_x_times_x,direct_square+wreduce_abc_g_aig,student/work/ex270_ex274_frontend_square_structures_20260609_1138_full2/ex274/verilog/ex274_square_direct_square.v,student/work/ex270_ex274_frontend_square_structures_20260609_1138_full2/ex274/aigs/ex274_square_direct_square_wreduce_abc_g_aig.aig,1,1,1,1571,68,106828,21630,4.938881,0,0,3.503,semantic_rtl,exact unsigned 16-bit square x*x over 65536 inputs; source=direct_square; flow=wreduce_abc_g_aig
ex274,ex274_square_direct_square_arith_wreduce_aig,unsigned_square_x_times_x,direct_square+arith_wreduce_aig,student/work/ex270_ex274_frontend_square_structures_20260609_1138_full2/ex274/verilog/ex274_square_direct_square.v,student/work/ex270_ex274_frontend_square_structures_20260609_1138_full2/ex274/aigs/ex274_square_direct_square_arith_wreduce_aig.aig,1,1,1,1571,68,106828,21630,4.938881,0,0,3.513,semantic_rtl,exact unsigned 16-bit square x*x over 65536 inputs; source=direct_square; flow=arith_wreduce_aig
ex274,ex274_square_direct_square_synth_preset_d20,unsigned_square_x_times_x,direct_square+synth_preset_d20,student/work/ex270_ex274_frontend_square_structures_20260609_1138_full2/ex274/verilog/ex274_square_direct_square.v,student/work/ex270_ex274_frontend_square_structures_20260609_1138_full2/ex274/aigs/ex274_square_direct_square_synth_preset_d20.aig,1,1,1,1543,68,104924,21630,4.850855,0,0,3.631,semantic_rtl,exact unsigned 16-bit square x*x over 65536 inputs; source=direct_square; flow=synth_preset_d20
ex274,ex274_square_triangular_balanced_abc_g_aig,unsigned_square_x_times_x,triangular_balanced+abc_g_aig,student/work/ex270_ex274_frontend_square_structures_20260609_1138_full2/ex274/verilog/ex274_square_triangular_balanced.v,student/work/ex270_ex274_frontend_square_structures_20260609_1138_full2/ex274/aigs/ex274_square_triangular_balanced_abc_g_aig.aig,1,1,1,1049,65,68185,21630,3.152335,0,0,4.726,square_specific_structural_rtl,exact unsigned 16-bit square x*x over 65536 inputs; source=triangular_balanced; flow=abc_g_aig
ex274,ex274_square_triangular_balanced_wreduce_abc_g_aig,unsigned_square_x_times_x,triangular_balanced+wreduce_abc_g_aig,student/work/ex270_ex274_frontend_square_structures_20260609_1138_full2/ex274/verilog/ex274_square_triangular_balanced.v,student/work/ex270_ex274_frontend_square_structures_20260609_1138_full2/ex274/aigs/ex274_square_triangular_balanced_wreduce_abc_g_aig.aig,1,1,1,1035,67,69345,21630,3.205964,0,0,4.746,square_specific_structural_rtl,exact unsigned 16-bit square x*x over 65536 inputs; source=triangular_balanced; flow=wreduce_abc_g_aig
ex274,ex274_square_triangular_balanced_arith_wreduce_aig,unsigned_square_x_times_x,triangular_balanced+arith_wreduce_aig,student/work/ex270_ex274_frontend_square_structures_20260609_1138_full2/ex274/verilog/ex274_square_triangular_balanced.v,student/work/ex270_ex274_frontend_square_structures_20260609_1138_full2/ex274/aigs/ex274_square_triangular_balanced_arith_wreduce_aig.aig,1,1,1,973,60,58380,21630,2.699029,0,0,3.481,square_specific_structural_rtl,exact unsigned 16-bit square x*x over 65536 inputs; source=triangular_balanced; flow=arith_wreduce_aig
ex274,ex274_square_triangular_balanced_synth_preset_d20,unsigned_square_x_times_x,triangular_balanced+synth_preset_d20,student/work/ex270_ex274_frontend_square_structures_20260609_1138_full2/ex274/verilog/ex274_square_triangular_balanced.v,student/work/ex270_ex274_frontend_square_structures_20260609_1138_full2/ex274/aigs/ex274_square_triangular_balanced_synth_preset_d20.aig,1,1,1,967,60,58020,21630,2.682386,0,0,3.598,square_specific_structural_rtl,exact unsigned 16-bit square x*x over 65536 inputs; source=triangular_balanced; flow=synth_preset_d20
ex274,ex274_square_triangular_rows_csa_abc_g_aig,unsigned_square_x_times_x,triangular_rows_csa+abc_g_aig,student/work/ex270_ex274_frontend_square_structures_20260609_1138_full2/ex274/verilog/ex274_square_triangular_rows_csa.v,student/work/ex270_ex274_frontend_square_structures_20260609_1138_full2/ex274/aigs/ex274_square_triangular_rows_csa_abc_g_aig.aig,1,1,1,1139,60,68340,21630,3.159501,0,0,3.613,square_specific_structural_rtl,exact unsigned 16-bit square x*x over 65536 inputs; source=triangular_rows_csa; flow=abc_g_aig
ex274,ex274_square_triangular_rows_csa_wreduce_abc_g_aig,unsigned_square_x_times_x,triangular_rows_csa+wreduce_abc_g_aig,student/work/ex270_ex274_frontend_square_structures_20260609_1138_full2/ex274/verilog/ex274_square_triangular_rows_csa.v,student/work/ex270_ex274_frontend_square_structures_20260609_1138_full2/ex274/aigs/ex274_square_triangular_rows_csa_wreduce_abc_g_aig.aig,1,1,1,1142,60,68520,21630,3.167822,0,0,4.215,square_specific_structural_rtl,exact unsigned 16-bit square x*x over 65536 inputs; source=triangular_rows_csa; flow=wreduce_abc_g_aig
ex274,ex274_square_triangular_rows_csa_arith_wreduce_aig,unsigned_square_x_times_x,triangular_rows_csa+arith_wreduce_aig,student/work/ex270_ex274_frontend_square_structures_20260609_1138_full2/ex274/verilog/ex274_square_triangular_rows_csa.v,student/work/ex270_ex274_frontend_square_structures_20260609_1138_full2/ex274/aigs/ex274_square_triangular_rows_csa_arith_wreduce_aig.aig,1,1,1,1146,59,67614,21630,3.125936,0,0,4.011,square_specific_structural_rtl,exact unsigned 16-bit square x*x over 65536 inputs; source=triangular_rows_csa; flow=arith_wreduce_aig
ex274,ex274_square_triangular_rows_csa_synth_preset_d20,unsigned_square_x_times_x,triangular_rows_csa+synth_preset_d20,student/work/ex270_ex274_frontend_square_structures_20260609_1138_full2/ex274/verilog/ex274_square_triangular_rows_csa.v,student/work/ex270_ex274_frontend_square_structures_20260609_1138_full2/ex274/aigs/ex274_square_triangular_rows_csa_synth_preset_d20.aig,1,1,1,1130,60,67800,21630,3.134535,0,0,3.961,square_specific_structural_rtl,exact unsigned 16-bit square x*x over 65536 inputs; source=triangular_rows_csa; flow=synth_preset_d20
ex274,ex274_square_wallace_square_abc_g_aig,unsigned_square_x_times_x,wallace_square+abc_g_aig,student/work/ex270_ex274_frontend_square_structures_20260609_1138_full2/ex274/verilog/ex274_square_wallace_square.v,student/work/ex270_ex274_frontend_square_structures_20260609_1138_full2/ex274/aigs/ex274_square_wallace_square_abc_g_aig.aig,1,1,1,974,56,54544,21630,2.521683,0,0,3.383,square_specific_structural_rtl,exact unsigned 16-bit square x*x over 65536 inputs; source=wallace_square; flow=abc_g_aig
ex274,ex274_square_wallace_square_wreduce_abc_g_aig,unsigned_square_x_times_x,wallace_square+wreduce_abc_g_aig,student/work/ex270_ex274_frontend_square_structures_20260609_1138_full2/ex274/verilog/ex274_square_wallace_square.v,student/work/ex270_ex274_frontend_square_structures_20260609_1138_full2/ex274/aigs/ex274_square_wallace_square_wreduce_abc_g_aig.aig,1,1,1,974,56,54544,21630,2.521683,0,0,3.580,square_specific_structural_rtl,exact unsigned 16-bit square x*x over 65536 inputs; source=wallace_square; flow=wreduce_abc_g_aig
ex274,ex274_square_wallace_square_arith_wreduce_aig,unsigned_square_x_times_x,wallace_square+arith_wreduce_aig,student/work/ex270_ex274_frontend_square_structures_20260609_1138_full2/ex274/verilog/ex274_square_wallace_square.v,student/work/ex270_ex274_frontend_square_structures_20260609_1138_full2/ex274/aigs/ex274_square_wallace_square_arith_wreduce_aig.aig,1,1,1,976,54,52704,21630,2.436616,0,0,3.507,square_specific_structural_rtl,exact unsigned 16-bit square x*x over 65536 inputs; source=wallace_square; flow=arith_wreduce_aig
ex274,ex274_square_wallace_square_synth_preset_d20,unsigned_square_x_times_x,wallace_square+synth_preset_d20,student/work/ex270_ex274_frontend_square_structures_20260609_1138_full2/ex274/verilog/ex274_square_wallace_square.v,student/work/ex270_ex274_frontend_square_structures_20260609_1138_full2/ex274/aigs/ex274_square_wallace_square_synth_preset_d20.aig,1,1,1,975,55,53625,21630,2.479196,0,0,3.612,square_specific_structural_rtl,exact unsigned 16-bit square x*x over 65536 inputs; source=wallace_square; flow=synth_preset_d20
ex274,ex274_square_wallace_square_rev_abc_g_aig,unsigned_square_x_times_x,wallace_square_rev+abc_g_aig,student/work/ex270_ex274_frontend_square_structures_20260609_1138_full2/ex274/verilog/ex274_square_wallace_square_rev.v,student/work/ex270_ex274_frontend_square_structures_20260609_1138_full2/ex274/aigs/ex274_square_wallace_square_rev_abc_g_aig.aig,1,1,1,974,60,58440,21630,2.701803,0,0,3.409,square_specific_structural_rtl,exact unsigned 16-bit square x*x over 65536 inputs; source=wallace_square_rev; flow=abc_g_aig
ex274,ex274_square_wallace_square_rev_wreduce_abc_g_aig,unsigned_square_x_times_x,wallace_square_rev+wreduce_abc_g_aig,student/work/ex270_ex274_frontend_square_structures_20260609_1138_full2/ex274/verilog/ex274_square_wallace_square_rev.v,student/work/ex270_ex274_frontend_square_structures_20260609_1138_full2/ex274/aigs/ex274_square_wallace_square_rev_wreduce_abc_g_aig.aig,1,1,1,974,60,58440,21630,2.701803,0,0,3.579,square_specific_structural_rtl,exact unsigned 16-bit square x*x over 65536 inputs; source=wallace_square_rev; flow=wreduce_abc_g_aig
ex274,ex274_square_wallace_square_rev_arith_wreduce_aig,unsigned_square_x_times_x,wallace_square_rev+arith_wreduce_aig,student/work/ex270_ex274_frontend_square_structures_20260609_1138_full2/ex274/verilog/ex274_square_wallace_square_rev.v,student/work/ex270_ex274_frontend_square_structures_20260609_1138_full2/ex274/aigs/ex274_square_wallace_square_rev_arith_wreduce_aig.aig,1,1,1,969,59,57171,21630,2.643135,0,0,3.503,square_specific_structural_rtl,exact unsigned 16-bit square x*x over 65536 inputs; source=wallace_square_rev; flow=arith_wreduce_aig
ex274,ex274_square_wallace_square_rev_synth_preset_d20,unsigned_square_x_times_x,wallace_square_rev+synth_preset_d20,student/work/ex270_ex274_frontend_square_structures_20260609_1138_full2/ex274/verilog/ex274_square_wallace_square_rev.v,student/work/ex270_ex274_frontend_square_structures_20260609_1138_full2/ex274/aigs/ex274_square_wallace_square_rev_synth_preset_d20.aig,1,1,1,969,59,57171,21630,2.643135,0,0,3.796,square_specific_structural_rtl,exact unsigned 16-bit square x*x over 65536 inputs; source=wallace_square_rev; flow=synth_preset_d20
ex274,ex274_square_wallace_square_outside_abc_g_aig,unsigned_square_x_times_x,wallace_square_outside+abc_g_aig,student/work/ex270_ex274_frontend_square_structures_20260609_1138_full2/ex274/verilog/ex274_square_wallace_square_outside.v,student/work/ex270_ex274_frontend_square_structures_20260609_1138_full2/ex274/aigs/ex274_square_wallace_square_outside_abc_g_aig.aig,1,1,1,943,54,50922,21630,2.354230,0,0,3.524,square_specific_structural_rtl,exact unsigned 16-bit square x*x over 65536 inputs; source=wallace_square_outside; flow=abc_g_aig
ex274,ex274_square_wallace_square_outside_wreduce_abc_g_aig,unsigned_square_x_times_x,wallace_square_outside+wreduce_abc_g_aig,student/work/ex270_ex274_frontend_square_structures_20260609_1138_full2/ex274/verilog/ex274_square_wallace_square_outside.v,student/work/ex270_ex274_frontend_square_structures_20260609_1138_full2/ex274/aigs/ex274_square_wallace_square_outside_wreduce_abc_g_aig.aig,1,1,1,943,54,50922,21630,2.354230,0,0,3.480,square_specific_structural_rtl,exact unsigned 16-bit square x*x over 65536 inputs; source=wallace_square_outside; flow=wreduce_abc_g_aig
ex274,ex274_square_wallace_square_outside_arith_wreduce_aig,unsigned_square_x_times_x,wallace_square_outside+arith_wreduce_aig,student/work/ex270_ex274_frontend_square_structures_20260609_1138_full2/ex274/verilog/ex274_square_wallace_square_outside.v,student/work/ex270_ex274_frontend_square_structures_20260609_1138_full2/ex274/aigs/ex274_square_wallace_square_outside_arith_wreduce_aig.aig,1,1,1,939,53,49767,21630,2.300832,0,0,3.513,square_specific_structural_rtl,exact unsigned 16-bit square x*x over 65536 inputs; source=wallace_square_outside; flow=arith_wreduce_aig
ex274,ex274_square_wallace_square_outside_synth_preset_d20,unsigned_square_x_times_x,wallace_square_outside+synth_preset_d20,student/work/ex270_ex274_frontend_square_structures_20260609_1138_full2/ex274/verilog/ex274_square_wallace_square_outside.v,student/work/ex270_ex274_frontend_square_structures_20260609_1138_full2/ex274/aigs/ex274_square_wallace_square_outside_synth_preset_d20.aig,1,1,1,942,54,50868,21630,2.351734,0,0,3.675,square_specific_structural_rtl,exact unsigned 16-bit square x*x over 65536 inputs; source=wallace_square_outside; flow=synth_preset_d20
ex274,ex274_square_wallace_square_hcla2_abc_g_aig,unsigned_square_x_times_x,wallace_square_hcla2+abc_g_aig,student/work/ex270_ex274_frontend_square_structures_20260609_1138_full2/ex274/verilog/ex274_square_wallace_square_hcla2.v,student/work/ex270_ex274_frontend_square_structures_20260609_1138_full2/ex274/aigs/ex274_square_wallace_square_hcla2_abc_g_aig.aig,1,1,1,999,49,48951,21630,2.263107,0,0,3.806,square_specific_structural_rtl,exact unsigned 16-bit square x*x over 65536 inputs; source=wallace_square_hcla2; flow=abc_g_aig
ex274,ex274_square_wallace_square_hcla2_wreduce_abc_g_aig,unsigned_square_x_times_x,wallace_square_hcla2+wreduce_abc_g_aig,student/work/ex270_ex274_frontend_square_structures_20260609_1138_full2/ex274/verilog/ex274_square_wallace_square_hcla2.v,student/work/ex270_ex274_frontend_square_structures_20260609_1138_full2/ex274/aigs/ex274_square_wallace_square_hcla2_wreduce_abc_g_aig.aig,1,1,1,1015,44,44660,21630,2.064725,0,0,3.808,square_specific_structural_rtl,exact unsigned 16-bit square x*x over 65536 inputs; source=wallace_square_hcla2; flow=wreduce_abc_g_aig
ex274,ex274_square_wallace_square_hcla2_arith_wreduce_aig,unsigned_square_x_times_x,wallace_square_hcla2+arith_wreduce_aig,student/work/ex270_ex274_frontend_square_structures_20260609_1138_full2/ex274/verilog/ex274_square_wallace_square_hcla2.v,student/work/ex270_ex274_frontend_square_structures_20260609_1138_full2/ex274/aigs/ex274_square_wallace_square_hcla2_arith_wreduce_aig.aig,1,1,1,1015,44,44660,21630,2.064725,0,0,3.848,square_specific_structural_rtl,exact unsigned 16-bit square x*x over 65536 inputs; source=wallace_square_hcla2; flow=arith_wreduce_aig
ex274,ex274_square_wallace_square_hcla2_synth_preset_d20,unsigned_square_x_times_x,wallace_square_hcla2+synth_preset_d20,student/work/ex270_ex274_frontend_square_structures_20260609_1138_full2/ex274/verilog/ex274_square_wallace_square_hcla2.v,student/work/ex270_ex274_frontend_square_structures_20260609_1138_full2/ex274/aigs/ex274_square_wallace_square_hcla2_synth_preset_d20.aig,1,1,1,982,51,50082,21630,2.315395,0,0,3.967,square_specific_structural_rtl,exact unsigned 16-bit square x*x over 65536 inputs; source=wallace_square_hcla2; flow=synth_preset_d20
ex274,ex274_square_wallace_square_hcla4_abc_g_aig,unsigned_square_x_times_x,wallace_square_hcla4+abc_g_aig,student/work/ex270_ex274_frontend_square_structures_20260609_1138_full2/ex274/verilog/ex274_square_wallace_square_hcla4.v,student/work/ex270_ex274_frontend_square_structures_20260609_1138_full2/ex274/aigs/ex274_square_wallace_square_hcla4_abc_g_aig.aig,1,1,1,1013,47,47611,21630,2.201156,0,0,3.860,square_specific_structural_rtl,exact unsigned 16-bit square x*x over 65536 inputs; source=wallace_square_hcla4; flow=abc_g_aig
ex274,ex274_square_wallace_square_hcla4_wreduce_abc_g_aig,unsigned_square_x_times_x,wallace_square_hcla4+wreduce_abc_g_aig,student/work/ex270_ex274_frontend_square_structures_20260609_1138_full2/ex274/verilog/ex274_square_wallace_square_hcla4.v,student/work/ex270_ex274_frontend_square_structures_20260609_1138_full2/ex274/aigs/ex274_square_wallace_square_hcla4_wreduce_abc_g_aig.aig,1,1,1,1002,49,49098,21630,2.269903,0,0,3.804,square_specific_structural_rtl,exact unsigned 16-bit square x*x over 65536 inputs; source=wallace_square_hcla4; flow=wreduce_abc_g_aig
ex274,ex274_square_wallace_square_hcla4_arith_wreduce_aig,unsigned_square_x_times_x,wallace_square_hcla4+arith_wreduce_aig,student/work/ex270_ex274_frontend_square_structures_20260609_1138_full2/ex274/verilog/ex274_square_wallace_square_hcla4.v,student/work/ex270_ex274_frontend_square_structures_20260609_1138_full2/ex274/aigs/ex274_square_wallace_square_hcla4_arith_wreduce_aig.aig,1,1,1,1002,49,49098,21630,2.269903,0,0,3.963,square_specific_structural_rtl,exact unsigned 16-bit square x*x over 65536 inputs; source=wallace_square_hcla4; flow=arith_wreduce_aig
ex274,ex274_square_wallace_square_hcla4_synth_preset_d20,unsigned_square_x_times_x,wallace_square_hcla4+synth_preset_d20,student/work/ex270_ex274_frontend_square_structures_20260609_1138_full2/ex274/verilog/ex274_square_wallace_square_hcla4.v,student/work/ex270_ex274_frontend_square_structures_20260609_1138_full2/ex274/aigs/ex274_square_wallace_square_hcla4_synth_preset_d20.aig,1,1,1,985,51,50235,21630,2.322469,0,0,3.938,square_specific_structural_rtl,exact unsigned 16-bit square x*x over 65536 inputs; source=wallace_square_hcla4; flow=synth_preset_d20
ex274,ex274_square_wallace_square_hcla6_abc_g_aig,unsigned_square_x_times_x,wallace_square_hcla6+abc_g_aig,student/work/ex270_ex274_frontend_square_structures_20260609_1138_full2/ex274/verilog/ex274_square_wallace_square_hcla6.v,student/work/ex270_ex274_frontend_square_structures_20260609_1138_full2/ex274/aigs/ex274_square_wallace_square_hcla6_abc_g_aig.aig,1,1,1,1000,47,47000,21630,2.172908,0,0,3.873,square_specific_structural_rtl,exact unsigned 16-bit square x*x over 65536 inputs; source=wallace_square_hcla6; flow=abc_g_aig
ex274,ex274_square_wallace_square_hcla6_wreduce_abc_g_aig,unsigned_square_x_times_x,wallace_square_hcla6+wreduce_abc_g_aig,student/work/ex270_ex274_frontend_square_structures_20260609_1138_full2/ex274/verilog/ex274_square_wallace_square_hcla6.v,student/work/ex270_ex274_frontend_square_structures_20260609_1138_full2/ex274/aigs/ex274_square_wallace_square_hcla6_wreduce_abc_g_aig.aig,1,1,1,999,49,48951,21630,2.263107,0,0,3.982,square_specific_structural_rtl,exact unsigned 16-bit square x*x over 65536 inputs; source=wallace_square_hcla6; flow=wreduce_abc_g_aig
ex274,ex274_square_wallace_square_hcla6_arith_wreduce_aig,unsigned_square_x_times_x,wallace_square_hcla6+arith_wreduce_aig,student/work/ex270_ex274_frontend_square_structures_20260609_1138_full2/ex274/verilog/ex274_square_wallace_square_hcla6.v,student/work/ex270_ex274_frontend_square_structures_20260609_1138_full2/ex274/aigs/ex274_square_wallace_square_hcla6_arith_wreduce_aig.aig,1,1,1,999,49,48951,21630,2.263107,0,0,4.452,square_specific_structural_rtl,exact unsigned 16-bit square x*x over 65536 inputs; source=wallace_square_hcla6; flow=arith_wreduce_aig
ex274,ex274_square_wallace_square_hcla6_synth_preset_d20,unsigned_square_x_times_x,wallace_square_hcla6+synth_preset_d20,student/work/ex270_ex274_frontend_square_structures_20260609_1138_full2/ex274/verilog/ex274_square_wallace_square_hcla6.v,student/work/ex270_ex274_frontend_square_structures_20260609_1138_full2/ex274/aigs/ex274_square_wallace_square_hcla6_synth_preset_d20.aig,1,1,1,1000,49,49000,21630,2.265372,0,0,5.317,square_specific_structural_rtl,exact unsigned 16-bit square x*x over 65536 inputs; source=wallace_square_hcla6; flow=synth_preset_d20
ex274,ex274_square_wallace_square_hcla8_abc_g_aig,unsigned_square_x_times_x,wallace_square_hcla8+abc_g_aig,student/work/ex270_ex274_frontend_square_structures_20260609_1138_full2/ex274/verilog/ex274_square_wallace_square_hcla8.v,student/work/ex270_ex274_frontend_square_structures_20260609_1138_full2/ex274/aigs/ex274_square_wallace_square_hcla8_abc_g_aig.aig,1,1,1,1006,49,49294,21630,2.278964,0,0,4.305,square_specific_structural_rtl,exact unsigned 16-bit square x*x over 65536 inputs; source=wallace_square_hcla8; flow=abc_g_aig
ex274,ex274_square_wallace_square_hcla8_wreduce_abc_g_aig,unsigned_square_x_times_x,wallace_square_hcla8+wreduce_abc_g_aig,student/work/ex270_ex274_frontend_square_structures_20260609_1138_full2/ex274/verilog/ex274_square_wallace_square_hcla8.v,student/work/ex270_ex274_frontend_square_structures_20260609_1138_full2/ex274/aigs/ex274_square_wallace_square_hcla8_wreduce_abc_g_aig.aig,1,1,1,997,49,48853,21630,2.258576,0,0,5.054,square_specific_structural_rtl,exact unsigned 16-bit square x*x over 65536 inputs; source=wallace_square_hcla8; flow=wreduce_abc_g_aig
ex274,ex274_square_wallace_square_hcla8_arith_wreduce_aig,unsigned_square_x_times_x,wallace_square_hcla8+arith_wreduce_aig,student/work/ex270_ex274_frontend_square_structures_20260609_1138_full2/ex274/verilog/ex274_square_wallace_square_hcla8.v,student/work/ex270_ex274_frontend_square_structures_20260609_1138_full2/ex274/aigs/ex274_square_wallace_square_hcla8_arith_wreduce_aig.aig,1,1,1,997,49,48853,21630,2.258576,0,0,3.949,square_specific_structural_rtl,exact unsigned 16-bit square x*x over 65536 inputs; source=wallace_square_hcla8; flow=arith_wreduce_aig
ex274,ex274_square_wallace_square_hcla8_synth_preset_d20,unsigned_square_x_times_x,wallace_square_hcla8+synth_preset_d20,student/work/ex270_ex274_frontend_square_structures_20260609_1138_full2/ex274/verilog/ex274_square_wallace_square_hcla8.v,student/work/ex270_ex274_frontend_square_structures_20260609_1138_full2/ex274/aigs/ex274_square_wallace_square_hcla8_synth_preset_d20.aig,1,1,1,1000,48,48000,21630,2.219140,0,0,4.020,square_specific_structural_rtl,exact unsigned 16-bit square x*x over 65536 inputs; source=wallace_square_hcla8; flow=synth_preset_d20
ex274,ex274_square_wallace_square_rev_hcla4_abc_g_aig,unsigned_square_x_times_x,wallace_square_rev_hcla4+abc_g_aig,student/work/ex270_ex274_frontend_square_structures_20260609_1138_full2/ex274/verilog/ex274_square_wallace_square_rev_hcla4.v,student/work/ex270_ex274_frontend_square_structures_20260609_1138_full2/ex274/aigs/ex274_square_wallace_square_rev_hcla4_abc_g_aig.aig,1,1,1,1005,55,55275,21630,2.555479,0,0,3.679,square_specific_structural_rtl,exact unsigned 16-bit square x*x over 65536 inputs; source=wallace_square_rev_hcla4; flow=abc_g_aig
ex274,ex274_square_wallace_square_rev_hcla4_wreduce_abc_g_aig,unsigned_square_x_times_x,wallace_square_rev_hcla4+wreduce_abc_g_aig,student/work/ex270_ex274_frontend_square_structures_20260609_1138_full2/ex274/verilog/ex274_square_wallace_square_rev_hcla4.v,student/work/ex270_ex274_frontend_square_structures_20260609_1138_full2/ex274/aigs/ex274_square_wallace_square_rev_hcla4_wreduce_abc_g_aig.aig,1,1,1,1001,50,50050,21630,2.313916,0,0,3.904,square_specific_structural_rtl,exact unsigned 16-bit square x*x over 65536 inputs; source=wallace_square_rev_hcla4; flow=wreduce_abc_g_aig
ex274,ex274_square_wallace_square_rev_hcla4_arith_wreduce_aig,unsigned_square_x_times_x,wallace_square_rev_hcla4+arith_wreduce_aig,student/work/ex270_ex274_frontend_square_structures_20260609_1138_full2/ex274/verilog/ex274_square_wallace_square_rev_hcla4.v,student/work/ex270_ex274_frontend_square_structures_20260609_1138_full2/ex274/aigs/ex274_square_wallace_square_rev_hcla4_arith_wreduce_aig.aig,1,1,1,1001,50,50050,21630,2.313916,0,0,4.052,square_specific_structural_rtl,exact unsigned 16-bit square x*x over 65536 inputs; source=wallace_square_rev_hcla4; flow=arith_wreduce_aig
ex274,ex274_square_wallace_square_rev_hcla4_synth_preset_d20,unsigned_square_x_times_x,wallace_square_rev_hcla4+synth_preset_d20,student/work/ex270_ex274_frontend_square_structures_20260609_1138_full2/ex274/verilog/ex274_square_wallace_square_rev_hcla4.v,student/work/ex270_ex274_frontend_square_structures_20260609_1138_full2/ex274/aigs/ex274_square_wallace_square_rev_hcla4_synth_preset_d20.aig,1,1,1,988,56,55328,21630,2.557929,0,0,4.090,square_specific_structural_rtl,exact unsigned 16-bit square x*x over 65536 inputs; source=wallace_square_rev_hcla4; flow=synth_preset_d20
ex274,ex274_square_wallace_square_rev_hcla6_abc_g_aig,unsigned_square_x_times_x,wallace_square_rev_hcla6+abc_g_aig,student/work/ex270_ex274_frontend_square_structures_20260609_1138_full2/ex274/verilog/ex274_square_wallace_square_rev_hcla6.v,student/work/ex270_ex274_frontend_square_structures_20260609_1138_full2/ex274/aigs/ex274_square_wallace_square_rev_hcla6_abc_g_aig.aig,1,1,1,990,55,54450,21630,2.517337,0,0,3.780,square_specific_structural_rtl,exact unsigned 16-bit square x*x over 65536 inputs; source=wallace_square_rev_hcla6; flow=abc_g_aig
ex274,ex274_square_wallace_square_rev_hcla6_wreduce_abc_g_aig,unsigned_square_x_times_x,wallace_square_rev_hcla6+wreduce_abc_g_aig,student/work/ex270_ex274_frontend_square_structures_20260609_1138_full2/ex274/verilog/ex274_square_wallace_square_rev_hcla6.v,student/work/ex270_ex274_frontend_square_structures_20260609_1138_full2/ex274/aigs/ex274_square_wallace_square_rev_hcla6_wreduce_abc_g_aig.aig,1,1,1,1004,52,52208,21630,2.413685,0,0,3.867,square_specific_structural_rtl,exact unsigned 16-bit square x*x over 65536 inputs; source=wallace_square_rev_hcla6; flow=wreduce_abc_g_aig
ex274,ex274_square_wallace_square_rev_hcla6_arith_wreduce_aig,unsigned_square_x_times_x,wallace_square_rev_hcla6+arith_wreduce_aig,student/work/ex270_ex274_frontend_square_structures_20260609_1138_full2/ex274/verilog/ex274_square_wallace_square_rev_hcla6.v,student/work/ex270_ex274_frontend_square_structures_20260609_1138_full2/ex274/aigs/ex274_square_wallace_square_rev_hcla6_arith_wreduce_aig.aig,1,1,1,1004,52,52208,21630,2.413685,0,0,3.957,square_specific_structural_rtl,exact unsigned 16-bit square x*x over 65536 inputs; source=wallace_square_rev_hcla6; flow=arith_wreduce_aig
ex274,ex274_square_wallace_square_rev_hcla6_synth_preset_d20,unsigned_square_x_times_x,wallace_square_rev_hcla6+synth_preset_d20,student/work/ex270_ex274_frontend_square_structures_20260609_1138_full2/ex274/verilog/ex274_square_wallace_square_rev_hcla6.v,student/work/ex270_ex274_frontend_square_structures_20260609_1138_full2/ex274/aigs/ex274_square_wallace_square_rev_hcla6_synth_preset_d20.aig,1,1,1,998,54,53892,21630,2.491540,0,0,4.188,square_specific_structural_rtl,exact unsigned 16-bit square x*x over 65536 inputs; source=wallace_square_rev_hcla6; flow=synth_preset_d20
ex274,ex274_square_wallace_square_outside_hcla4_abc_g_aig,unsigned_square_x_times_x,wallace_square_outside_hcla4+abc_g_aig,student/work/ex270_ex274_frontend_square_structures_20260609_1138_full2/ex274/verilog/ex274_square_wallace_square_outside_hcla4.v,student/work/ex270_ex274_frontend_square_structures_20260609_1138_full2/ex274/aigs/ex274_square_wallace_square_outside_hcla4_abc_g_aig.aig,1,1,1,965,48,46320,21630,2.141470,0,0,3.843,square_specific_structural_rtl,exact unsigned 16-bit square x*x over 65536 inputs; source=wallace_square_outside_hcla4; flow=abc_g_aig
ex274,ex274_square_wallace_square_outside_hcla4_wreduce_abc_g_aig,unsigned_square_x_times_x,wallace_square_outside_hcla4+wreduce_abc_g_aig,student/work/ex270_ex274_frontend_square_structures_20260609_1138_full2/ex274/verilog/ex274_square_wallace_square_outside_hcla4.v,student/work/ex270_ex274_frontend_square_structures_20260609_1138_full2/ex274/aigs/ex274_square_wallace_square_outside_hcla4_wreduce_abc_g_aig.aig,1,1,1,971,47,45637,21630,2.109894,0,0,3.953,square_specific_structural_rtl,exact unsigned 16-bit square x*x over 65536 inputs; source=wallace_square_outside_hcla4; flow=wreduce_abc_g_aig
ex274,ex274_square_wallace_square_outside_hcla4_arith_wreduce_aig,unsigned_square_x_times_x,wallace_square_outside_hcla4+arith_wreduce_aig,student/work/ex270_ex274_frontend_square_structures_20260609_1138_full2/ex274/verilog/ex274_square_wallace_square_outside_hcla4.v,student/work/ex270_ex274_frontend_square_structures_20260609_1138_full2/ex274/aigs/ex274_square_wallace_square_outside_hcla4_arith_wreduce_aig.aig,1,1,1,971,47,45637,21630,2.109894,0,0,4.613,square_specific_structural_rtl,exact unsigned 16-bit square x*x over 65536 inputs; source=wallace_square_outside_hcla4; flow=arith_wreduce_aig
ex274,ex274_square_wallace_square_outside_hcla4_synth_preset_d20,unsigned_square_x_times_x,wallace_square_outside_hcla4+synth_preset_d20,student/work/ex270_ex274_frontend_square_structures_20260609_1138_full2/ex274/verilog/ex274_square_wallace_square_outside_hcla4.v,student/work/ex270_ex274_frontend_square_structures_20260609_1138_full2/ex274/aigs/ex274_square_wallace_square_outside_hcla4_synth_preset_d20.aig,1,1,1,954,50,47700,21630,2.205270,0,0,4.473,square_specific_structural_rtl,exact unsigned 16-bit square x*x over 65536 inputs; source=wallace_square_outside_hcla4; flow=synth_preset_d20
ex274,ex274_square_wallace_square_outside_hcla6_abc_g_aig,unsigned_square_x_times_x,wallace_square_outside_hcla6+abc_g_aig,student/work/ex270_ex274_frontend_square_structures_20260609_1138_full2/ex274/verilog/ex274_square_wallace_square_outside_hcla6.v,student/work/ex270_ex274_frontend_square_structures_20260609_1138_full2/ex274/aigs/ex274_square_wallace_square_outside_hcla6_abc_g_aig.aig,1,1,1,968,46,44528,21630,2.058622,0,0,3.819,square_specific_structural_rtl,exact unsigned 16-bit square x*x over 65536 inputs; source=wallace_square_outside_hcla6; flow=abc_g_aig
ex274,ex274_square_wallace_square_outside_hcla6_wreduce_abc_g_aig,unsigned_square_x_times_x,wallace_square_outside_hcla6+wreduce_abc_g_aig,student/work/ex270_ex274_frontend_square_structures_20260609_1138_full2/ex274/verilog/ex274_square_wallace_square_outside_hcla6.v,student/work/ex270_ex274_frontend_square_structures_20260609_1138_full2/ex274/aigs/ex274_square_wallace_square_outside_hcla6_wreduce_abc_g_aig.aig,1,1,1,970,48,46560,21630,2.152566,0,0,3.703,square_specific_structural_rtl,exact unsigned 16-bit square x*x over 65536 inputs; source=wallace_square_outside_hcla6; flow=wreduce_abc_g_aig
ex274,ex274_square_wallace_square_outside_hcla6_arith_wreduce_aig,unsigned_square_x_times_x,wallace_square_outside_hcla6+arith_wreduce_aig,student/work/ex270_ex274_frontend_square_structures_20260609_1138_full2/ex274/verilog/ex274_square_wallace_square_outside_hcla6.v,student/work/ex270_ex274_frontend_square_structures_20260609_1138_full2/ex274/aigs/ex274_square_wallace_square_outside_hcla6_arith_wreduce_aig.aig,1,1,1,970,48,46560,21630,2.152566,0,0,3.746,square_specific_structural_rtl,exact unsigned 16-bit square x*x over 65536 inputs; source=wallace_square_outside_hcla6; flow=arith_wreduce_aig
ex274,ex274_square_wallace_square_outside_hcla6_synth_preset_d20,unsigned_square_x_times_x,wallace_square_outside_hcla6+synth_preset_d20,student/work/ex270_ex274_frontend_square_structures_20260609_1138_full2/ex274/verilog/ex274_square_wallace_square_outside_hcla6.v,student/work/ex270_ex274_frontend_square_structures_20260609_1138_full2/ex274/aigs/ex274_square_wallace_square_outside_hcla6_synth_preset_d20.aig,1,1,1,971,46,44666,21630,2.065002,0,0,3.979,square_specific_structural_rtl,exact unsigned 16-bit square x*x over 65536 inputs; source=wallace_square_outside_hcla6; flow=synth_preset_d20
ex274,ex274_square_dadda_square_abc_g_aig,unsigned_square_x_times_x,dadda_square+abc_g_aig,student/work/ex270_ex274_frontend_square_structures_20260609_1138_full2/ex274/verilog/ex274_square_dadda_square.v,student/work/ex270_ex274_frontend_square_structures_20260609_1138_full2/ex274/aigs/ex274_square_dadda_square_abc_g_aig.aig,1,1,1,978,57,55746,21630,2.577254,0,0,3.523,square_specific_structural_rtl,exact unsigned 16-bit square x*x over 65536 inputs; source=dadda_square; flow=abc_g_aig
ex274,ex274_square_dadda_square_wreduce_abc_g_aig,unsigned_square_x_times_x,dadda_square+wreduce_abc_g_aig,student/work/ex270_ex274_frontend_square_structures_20260609_1138_full2/ex274/verilog/ex274_square_dadda_square.v,student/work/ex270_ex274_frontend_square_structures_20260609_1138_full2/ex274/aigs/ex274_square_dadda_square_wreduce_abc_g_aig.aig,1,1,1,978,57,55746,21630,2.577254,0,0,3.483,square_specific_structural_rtl,exact unsigned 16-bit square x*x over 65536 inputs; source=dadda_square; flow=wreduce_abc_g_aig
ex274,ex274_square_dadda_square_arith_wreduce_aig,unsigned_square_x_times_x,dadda_square+arith_wreduce_aig,student/work/ex270_ex274_frontend_square_structures_20260609_1138_full2/ex274/verilog/ex274_square_dadda_square.v,student/work/ex270_ex274_frontend_square_structures_20260609_1138_full2/ex274/aigs/ex274_square_dadda_square_arith_wreduce_aig.aig,1,1,1,978,55,53790,21630,2.486824,0,0,4.347,square_specific_structural_rtl,exact unsigned 16-bit square x*x over 65536 inputs; source=dadda_square; flow=arith_wreduce_aig
ex274,ex274_square_dadda_square_synth_preset_d20,unsigned_square_x_times_x,dadda_square+synth_preset_d20,student/work/ex270_ex274_frontend_square_structures_20260609_1138_full2/ex274/verilog/ex274_square_dadda_square.v,student/work/ex270_ex274_frontend_square_structures_20260609_1138_full2/ex274/aigs/ex274_square_dadda_square_synth_preset_d20.aig,1,1,1,974,56,54544,21630,2.521683,0,0,4.842,square_specific_structural_rtl,exact unsigned 16-bit square x*x over 65536 inputs; source=dadda_square; flow=synth_preset_d20
ex274,ex274_square_dadda_square_hcla4_abc_g_aig,unsigned_square_x_times_x,dadda_square_hcla4+abc_g_aig,student/work/ex270_ex274_frontend_square_structures_20260609_1138_full2/ex274/verilog/ex274_square_dadda_square_hcla4.v,student/work/ex270_ex274_frontend_square_structures_20260609_1138_full2/ex274/aigs/ex274_square_dadda_square_hcla4_abc_g_aig.aig,1,1,1,1006,53,53318,21630,2.465002,0,0,3.704,square_specific_structural_rtl,exact unsigned 16-bit square x*x over 65536 inputs; source=dadda_square_hcla4; flow=abc_g_aig
ex274,ex274_square_dadda_square_hcla4_wreduce_abc_g_aig,unsigned_square_x_times_x,dadda_square_hcla4+wreduce_abc_g_aig,student/work/ex270_ex274_frontend_square_structures_20260609_1138_full2/ex274/verilog/ex274_square_dadda_square_hcla4.v,student/work/ex270_ex274_frontend_square_structures_20260609_1138_full2/ex274/aigs/ex274_square_dadda_square_hcla4_wreduce_abc_g_aig.aig,1,1,1,988,53,52364,21630,2.420897,0,0,3.729,square_specific_structural_rtl,exact unsigned 16-bit square x*x over 65536 inputs; source=dadda_square_hcla4; flow=wreduce_abc_g_aig
ex274,ex274_square_dadda_square_hcla4_arith_wreduce_aig,unsigned_square_x_times_x,dadda_square_hcla4+arith_wreduce_aig,student/work/ex270_ex274_frontend_square_structures_20260609_1138_full2/ex274/verilog/ex274_square_dadda_square_hcla4.v,student/work/ex270_ex274_frontend_square_structures_20260609_1138_full2/ex274/aigs/ex274_square_dadda_square_hcla4_arith_wreduce_aig.aig,1,1,1,988,53,52364,21630,2.420897,0,0,3.731,square_specific_structural_rtl,exact unsigned 16-bit square x*x over 65536 inputs; source=dadda_square_hcla4; flow=arith_wreduce_aig
ex274,ex274_square_dadda_square_hcla4_synth_preset_d20,unsigned_square_x_times_x,dadda_square_hcla4+synth_preset_d20,student/work/ex270_ex274_frontend_square_structures_20260609_1138_full2/ex274/verilog/ex274_square_dadda_square_hcla4.v,student/work/ex270_ex274_frontend_square_structures_20260609_1138_full2/ex274/aigs/ex274_square_dadda_square_hcla4_synth_preset_d20.aig,1,1,1,1000,51,51000,21630,2.357836,0,0,3.962,square_specific_structural_rtl,exact unsigned 16-bit square x*x over 65536 inputs; source=dadda_square_hcla4; flow=synth_preset_d20
ex274,ex274_square_dadda_square_hcla6_abc_g_aig,unsigned_square_x_times_x,dadda_square_hcla6+abc_g_aig,student/work/ex270_ex274_frontend_square_structures_20260609_1138_full2/ex274/verilog/ex274_square_dadda_square_hcla6.v,student/work/ex270_ex274_frontend_square_structures_20260609_1138_full2/ex274/aigs/ex274_square_dadda_square_hcla6_abc_g_aig.aig,1,1,1,995,50,49750,21630,2.300046,0,0,3.697,square_specific_structural_rtl,exact unsigned 16-bit square x*x over 65536 inputs; source=dadda_square_hcla6; flow=abc_g_aig
ex274,ex274_square_dadda_square_hcla6_wreduce_abc_g_aig,unsigned_square_x_times_x,dadda_square_hcla6+wreduce_abc_g_aig,student/work/ex270_ex274_frontend_square_structures_20260609_1138_full2/ex274/verilog/ex274_square_dadda_square_hcla6.v,student/work/ex270_ex274_frontend_square_structures_20260609_1138_full2/ex274/aigs/ex274_square_dadda_square_hcla6_wreduce_abc_g_aig.aig,1,1,1,989,52,51428,21630,2.377624,0,0,3.790,square_specific_structural_rtl,exact unsigned 16-bit square x*x over 65536 inputs; source=dadda_square_hcla6; flow=wreduce_abc_g_aig
ex274,ex274_square_dadda_square_hcla6_arith_wreduce_aig,unsigned_square_x_times_x,dadda_square_hcla6+arith_wreduce_aig,student/work/ex270_ex274_frontend_square_structures_20260609_1138_full2/ex274/verilog/ex274_square_dadda_square_hcla6.v,student/work/ex270_ex274_frontend_square_structures_20260609_1138_full2/ex274/aigs/ex274_square_dadda_square_hcla6_arith_wreduce_aig.aig,1,1,1,989,52,51428,21630,2.377624,0,0,3.720,square_specific_structural_rtl,exact unsigned 16-bit square x*x over 65536 inputs; source=dadda_square_hcla6; flow=arith_wreduce_aig
ex274,ex274_square_dadda_square_hcla6_synth_preset_d20,unsigned_square_x_times_x,dadda_square_hcla6+synth_preset_d20,student/work/ex270_ex274_frontend_square_structures_20260609_1138_full2/ex274/verilog/ex274_square_dadda_square_hcla6.v,student/work/ex270_ex274_frontend_square_structures_20260609_1138_full2/ex274/aigs/ex274_square_dadda_square_hcla6_synth_preset_d20.aig,1,1,1,996,51,50796,21630,2.348405,0,0,3.905,square_specific_structural_rtl,exact unsigned 16-bit square x*x over 65536 inputs; source=dadda_square_hcla6; flow=synth_preset_d20
ex274,ex274_square_dadda_square_hcla8_abc_g_aig,unsigned_square_x_times_x,dadda_square_hcla8+abc_g_aig,student/work/ex270_ex274_frontend_square_structures_20260609_1138_full2/ex274/verilog/ex274_square_dadda_square_hcla8.v,student/work/ex270_ex274_frontend_square_structures_20260609_1138_full2/ex274/aigs/ex274_square_dadda_square_hcla8_abc_g_aig.aig,1,1,1,1004,50,50200,21630,2.320851,0,0,3.743,square_specific_structural_rtl,exact unsigned 16-bit square x*x over 65536 inputs; source=dadda_square_hcla8; flow=abc_g_aig
ex274,ex274_square_dadda_square_hcla8_wreduce_abc_g_aig,unsigned_square_x_times_x,dadda_square_hcla8+wreduce_abc_g_aig,student/work/ex270_ex274_frontend_square_structures_20260609_1138_full2/ex274/verilog/ex274_square_dadda_square_hcla8.v,student/work/ex270_ex274_frontend_square_structures_20260609_1138_full2/ex274/aigs/ex274_square_dadda_square_hcla8_wreduce_abc_g_aig.aig,1,1,1,1001,50,50050,21630,2.313916,0,0,3.844,square_specific_structural_rtl,exact unsigned 16-bit square x*x over 65536 inputs; source=dadda_square_hcla8; flow=wreduce_abc_g_aig
ex274,ex274_square_dadda_square_hcla8_arith_wreduce_aig,unsigned_square_x_times_x,dadda_square_hcla8+arith_wreduce_aig,student/work/ex270_ex274_frontend_square_structures_20260609_1138_full2/ex274/verilog/ex274_square_dadda_square_hcla8.v,student/work/ex270_ex274_frontend_square_structures_20260609_1138_full2/ex274/aigs/ex274_square_dadda_square_hcla8_arith_wreduce_aig.aig,1,1,1,1001,50,50050,21630,2.313916,0,0,3.796,square_specific_structural_rtl,exact unsigned 16-bit square x*x over 65536 inputs; source=dadda_square_hcla8; flow=arith_wreduce_aig
ex274,ex274_square_dadda_square_hcla8_synth_preset_d20,unsigned_square_x_times_x,dadda_square_hcla8+synth_preset_d20,student/work/ex270_ex274_frontend_square_structures_20260609_1138_full2/ex274/verilog/ex274_square_dadda_square_hcla8.v,student/work/ex270_ex274_frontend_square_structures_20260609_1138_full2/ex274/aigs/ex274_square_dadda_square_hcla8_synth_preset_d20.aig,1,1,1,991,51,50541,21630,2.336616,0,0,3.906,square_specific_structural_rtl,exact unsigned 16-bit square x*x over 65536 inputs; source=dadda_square_hcla8; flow=synth_preset_d20
ex274,ex274_square_low_high_split_abc_g_aig,unsigned_square_x_times_x,low_high_split+abc_g_aig,student/work/ex270_ex274_frontend_square_structures_20260609_1138_full2/ex274/verilog/ex274_square_low_high_split.v,student/work/ex270_ex274_frontend_square_structures_20260609_1138_full2/ex274/aigs/ex274_square_low_high_split_abc_g_aig.aig,1,1,1,1119,63,70497,21630,3.259223,0,0,3.534,square_specific_structural_rtl,exact unsigned 16-bit square x*x over 65536 inputs; source=low_high_split; flow=abc_g_aig
ex274,ex274_square_low_high_split_wreduce_abc_g_aig,unsigned_square_x_times_x,low_high_split+wreduce_abc_g_aig,student/work/ex270_ex274_frontend_square_structures_20260609_1138_full2/ex274/verilog/ex274_square_low_high_split.v,student/work/ex270_ex274_frontend_square_structures_20260609_1138_full2/ex274/aigs/ex274_square_low_high_split_wreduce_abc_g_aig.aig,1,1,1,1133,63,71379,21630,3.300000,0,0,3.530,square_specific_structural_rtl,exact unsigned 16-bit square x*x over 65536 inputs; source=low_high_split; flow=wreduce_abc_g_aig
ex274,ex274_square_low_high_split_arith_wreduce_aig,unsigned_square_x_times_x,low_high_split+arith_wreduce_aig,student/work/ex270_ex274_frontend_square_structures_20260609_1138_full2/ex274/verilog/ex274_square_low_high_split.v,student/work/ex270_ex274_frontend_square_structures_20260609_1138_full2/ex274/aigs/ex274_square_low_high_split_arith_wreduce_aig.aig,1,1,1,1205,63,75915,21630,3.509709,0,0,3.527,square_specific_structural_rtl,exact unsigned 16-bit square x*x over 65536 inputs; source=low_high_split; flow=arith_wreduce_aig
ex274,ex274_square_low_high_split_synth_preset_d20,unsigned_square_x_times_x,low_high_split+synth_preset_d20,student/work/ex270_ex274_frontend_square_structures_20260609_1138_full2/ex274/verilog/ex274_square_low_high_split.v,student/work/ex270_ex274_frontend_square_structures_20260609_1138_full2/ex274/aigs/ex274_square_low_high_split_synth_preset_d20.aig,1,1,1,1179,61,71919,21630,3.324965,0,0,3.655,square_specific_structural_rtl,exact unsigned 16-bit square x*x over 65536 inputs; source=low_high_split; flow=synth_preset_d20
ex274,ex274_square_low_high_split_hcla_abc_g_aig,unsigned_square_x_times_x,low_high_split_hcla+abc_g_aig,student/work/ex270_ex274_frontend_square_structures_20260609_1138_full2/ex274/verilog/ex274_square_low_high_split_hcla.v,student/work/ex270_ex274_frontend_square_structures_20260609_1138_full2/ex274/aigs/ex274_square_low_high_split_hcla_abc_g_aig.aig,1,1,1,1236,48,59328,21630,2.742857,0,0,4.017,square_specific_structural_rtl,exact unsigned 16-bit square x*x over 65536 inputs; source=low_high_split_hcla; flow=abc_g_aig
ex274,ex274_square_low_high_split_hcla_wreduce_abc_g_aig,unsigned_square_x_times_x,low_high_split_hcla+wreduce_abc_g_aig,student/work/ex270_ex274_frontend_square_structures_20260609_1138_full2/ex274/verilog/ex274_square_low_high_split_hcla.v,student/work/ex270_ex274_frontend_square_structures_20260609_1138_full2/ex274/aigs/ex274_square_low_high_split_hcla_wreduce_abc_g_aig.aig,1,1,1,1231,48,59088,21630,2.731761,0,0,4.043,square_specific_structural_rtl,exact unsigned 16-bit square x*x over 65536 inputs; source=low_high_split_hcla; flow=wreduce_abc_g_aig
ex274,ex274_square_low_high_split_hcla_arith_wreduce_aig,unsigned_square_x_times_x,low_high_split_hcla+arith_wreduce_aig,student/work/ex270_ex274_frontend_square_structures_20260609_1138_full2/ex274/verilog/ex274_square_low_high_split_hcla.v,student/work/ex270_ex274_frontend_square_structures_20260609_1138_full2/ex274/aigs/ex274_square_low_high_split_hcla_arith_wreduce_aig.aig,1,1,1,1215,47,57105,21630,2.640083,0,0,3.971,square_specific_structural_rtl,exact unsigned 16-bit square x*x over 65536 inputs; source=low_high_split_hcla; flow=arith_wreduce_aig
ex274,ex274_square_low_high_split_hcla_synth_preset_d20,unsigned_square_x_times_x,low_high_split_hcla+synth_preset_d20,student/work/ex270_ex274_frontend_square_structures_20260609_1138_full2/ex274/verilog/ex274_square_low_high_split_hcla.v,student/work/ex270_ex274_frontend_square_structures_20260609_1138_full2/ex274/aigs/ex274_square_low_high_split_hcla_synth_preset_d20.aig,1,1,1,1172,47,55084,21630,2.546648,0,0,4.000,square_specific_structural_rtl,exact unsigned 16-bit square x*x over 65536 inputs; source=low_high_split_hcla; flow=synth_preset_d20
ex274,ex274_square_karatsuba_square_abc_g_aig,unsigned_square_x_times_x,karatsuba_square+abc_g_aig,student/work/ex270_ex274_frontend_square_structures_20260609_1138_full2/ex274/verilog/ex274_square_karatsuba_square.v,student/work/ex270_ex274_frontend_square_structures_20260609_1138_full2/ex274/aigs/ex274_square_karatsuba_square_abc_g_aig.aig,1,1,1,1318,72,94896,21630,4.387240,0,0,5.051,square_specific_structural_rtl,exact unsigned 16-bit square x*x over 65536 inputs; source=karatsuba_square; flow=abc_g_aig
ex274,ex274_square_karatsuba_square_wreduce_abc_g_aig,unsigned_square_x_times_x,karatsuba_square+wreduce_abc_g_aig,student/work/ex270_ex274_frontend_square_structures_20260609_1138_full2/ex274/verilog/ex274_square_karatsuba_square.v,student/work/ex270_ex274_frontend_square_structures_20260609_1138_full2/ex274/aigs/ex274_square_karatsuba_square_wreduce_abc_g_aig.aig,1,1,1,1293,72,93096,21630,4.304022,0,0,5.984,square_specific_structural_rtl,exact unsigned 16-bit square x*x over 65536 inputs; source=karatsuba_square; flow=wreduce_abc_g_aig
ex274,ex274_square_karatsuba_square_arith_wreduce_aig,unsigned_square_x_times_x,karatsuba_square+arith_wreduce_aig,student/work/ex270_ex274_frontend_square_structures_20260609_1138_full2/ex274/verilog/ex274_square_karatsuba_square.v,student/work/ex270_ex274_frontend_square_structures_20260609_1138_full2/ex274/aigs/ex274_square_karatsuba_square_arith_wreduce_aig.aig,1,1,1,1424,72,102528,21630,4.740083,0,0,5.793,square_specific_structural_rtl,exact unsigned 16-bit square x*x over 65536 inputs; source=karatsuba_square; flow=arith_wreduce_aig
ex274,ex274_square_karatsuba_square_synth_preset_d20,unsigned_square_x_times_x,karatsuba_square+synth_preset_d20,student/work/ex270_ex274_frontend_square_structures_20260609_1138_full2/ex274/verilog/ex274_square_karatsuba_square.v,student/work/ex270_ex274_frontend_square_structures_20260609_1138_full2/ex274/aigs/ex274_square_karatsuba_square_synth_preset_d20.aig,1,1,1,1348,72,97056,21630,4.487101,0,0,4.201,square_specific_structural_rtl,exact unsigned 16-bit square x*x over 65536 inputs; source=karatsuba_square; flow=synth_preset_d20
ex274,ex274_square_low4_case_high_direct_abc_g_aig,unsigned_square_x_times_x,low4_case_high_direct+abc_g_aig,student/work/ex270_ex274_frontend_square_structures_20260609_1138_full2/ex274/verilog/ex274_square_low4_case_high_direct.v,student/work/ex270_ex274_frontend_square_structures_20260609_1138_full2/ex274/aigs/ex274_square_low4_case_high_direct_abc_g_aig.aig,1,1,1,1225,52,63700,21630,2.944984,0,0,3.619,square_specific_structural_rtl,exact unsigned 16-bit square x*x over 65536 inputs; source=low4_case_high_direct; flow=abc_g_aig
ex274,ex274_square_low4_case_high_direct_wreduce_abc_g_aig,unsigned_square_x_times_x,low4_case_high_direct+wreduce_abc_g_aig,student/work/ex270_ex274_frontend_square_structures_20260609_1138_full2/ex274/verilog/ex274_square_low4_case_high_direct.v,student/work/ex270_ex274_frontend_square_structures_20260609_1138_full2/ex274/aigs/ex274_square_low4_case_high_direct_wreduce_abc_g_aig.aig,1,1,1,1226,52,63752,21630,2.947388,0,0,3.603,square_specific_structural_rtl,exact unsigned 16-bit square x*x over 65536 inputs; source=low4_case_high_direct; flow=wreduce_abc_g_aig
ex274,ex274_square_low4_case_high_direct_synth_preset_d20,unsigned_square_x_times_x,low4_case_high_direct+synth_preset_d20,student/work/ex270_ex274_frontend_square_structures_20260609_1138_full2/ex274/verilog/ex274_square_low4_case_high_direct.v,student/work/ex270_ex274_frontend_square_structures_20260609_1138_full2/ex274/aigs/ex274_square_low4_case_high_direct_synth_preset_d20.aig,1,1,1,1192,52,61984,21630,2.865650,0,0,3.698,square_specific_structural_rtl,exact unsigned 16-bit square x*x over 65536 inputs; source=low4_case_high_direct; flow=synth_preset_d20
ex274,ex274_square_low5_case_high_direct_abc_g_aig,unsigned_square_x_times_x,low5_case_high_direct+abc_g_aig,student/work/ex270_ex274_frontend_square_structures_20260609_1138_full2/ex274/verilog/ex274_square_low5_case_high_direct.v,student/work/ex270_ex274_frontend_square_structures_20260609_1138_full2/ex274/aigs/ex274_square_low5_case_high_direct_abc_g_aig.aig,1,1,1,1208,53,64024,21630,2.959963,0,0,3.602,square_specific_structural_rtl,exact unsigned 16-bit square x*x over 65536 inputs; source=low5_case_high_direct; flow=abc_g_aig
ex274,ex274_square_low5_case_high_direct_wreduce_abc_g_aig,unsigned_square_x_times_x,low5_case_high_direct+wreduce_abc_g_aig,student/work/ex270_ex274_frontend_square_structures_20260609_1138_full2/ex274/verilog/ex274_square_low5_case_high_direct.v,student/work/ex270_ex274_frontend_square_structures_20260609_1138_full2/ex274/aigs/ex274_square_low5_case_high_direct_wreduce_abc_g_aig.aig,1,1,1,1210,53,64130,21630,2.964864,0,0,3.620,square_specific_structural_rtl,exact unsigned 16-bit square x*x over 65536 inputs; source=low5_case_high_direct; flow=wreduce_abc_g_aig
ex274,ex274_square_low5_case_high_direct_synth_preset_d20,unsigned_square_x_times_x,low5_case_high_direct+synth_preset_d20,student/work/ex270_ex274_frontend_square_structures_20260609_1138_full2/ex274/verilog/ex274_square_low5_case_high_direct.v,student/work/ex270_ex274_frontend_square_structures_20260609_1138_full2/ex274/aigs/ex274_square_low5_case_high_direct_synth_preset_d20.aig,1,1,1,1169,53,61957,21630,2.864401,0,0,3.624,square_specific_structural_rtl,exact unsigned 16-bit square x*x over 65536 inputs; source=low5_case_high_direct; flow=synth_preset_d20
