
 /----------------------------------------------------------------------------\
 |  yosys -- Yosys Open SYnthesis Suite                                       |
 |  Copyright (C) 2012 - 2026  Claire Xenia Wolf <claire@yosyshq.com>         |
 |  Distributed under an ISC-like license, type "license" to see terms        |
 \----------------------------------------------------------------------------/
 Yosys 0.65 (git sha1 aec814bdf3071f7e0fd0fbe43f7f711e99d01e24, g++ 14.3.0-19 -fvisibility-inlines-hidden -fmessage-length=0 -march=nocona -mtune=haswell -ftree-vectorize -fPIC -fstack-protector-strong -fno-plt -O2 -ffunction-sections -fdebug-prefix-map=/home/conda/feedstock_root/build_artifacts/yosys_1778591527500/work=/usr/local/src/conda/yosys-0.65 -fdebug-prefix-map=/home/b10507053/ALS_Final_Project/student/tools/conda-env=/usr/local/src/conda-prefix -fPIC -O3) [conda-forge/yosys-feedstock]

-- Executing script file `/home/b10507053/ALS_Final_Project/student/work/ex250_ex254_frontend_fp4_dot_fma_semantic_20260608_2105/ex251/logs/ex251_semantic_int3_dot2_arith_qcase_synth_preset_aig.yosys.ys' --

1. Executing Verilog-2005 frontend: /home/b10507053/ALS_Final_Project/student/work/ex250_ex254_frontend_fp4_dot_fma_semantic_20260608_2105/ex251/verilog/ex251_semantic_int3_dot2_arith_qcase.v
Parsing Verilog input from `/home/b10507053/ALS_Final_Project/student/work/ex250_ex254_frontend_fp4_dot_fma_semantic_20260608_2105/ex251/verilog/ex251_semantic_int3_dot2_arith_qcase.v' to AST representation.
Generating RTLIL representation for module `\ex251_semantic_int3_dot2_arith_qcase'.
Successfully finished Verilog frontend.

2. Executing SYNTH pass.

2.1. Executing HIERARCHY pass (managing design hierarchy).

2.1.1. Analyzing design hierarchy..
Top module:  \ex251_semantic_int3_dot2_arith_qcase

2.1.2. Analyzing design hierarchy..
Top module:  \ex251_semantic_int3_dot2_arith_qcase
Removed 0 unused modules.

2.2. Executing PROC pass (convert processes to netlists).

2.2.1. Executing PROC_CLEAN pass (remove empty switches from decision trees).
Cleaned up 0 empty switches.

2.2.2. Executing PROC_RMDEAD pass (remove dead branches from decision trees).
Marked 1 switch rules as full_case in process $proc$/home/b10507053/ALS_Final_Project/student/work/ex250_ex254_frontend_fp4_dot_fma_semantic_20260608_2105/ex251/verilog/ex251_semantic_int3_dot2_arith_qcase.v:141$73 in module ex251_semantic_int3_dot2_arith_qcase.
Removed a total of 0 dead cases.

2.2.3. Executing PROC_PRUNE pass (remove redundant assignments in processes).
Removed 0 redundant assignments.
Promoted 27 assignments to connections.

2.2.4. Executing PROC_INIT pass (extract init attributes).

2.2.5. Executing PROC_ARST pass (detect async resets in processes).

2.2.6. Executing PROC_ROM pass (convert switches to ROMs).
Converted 1 switch.

2.2.7. Executing PROC_MUX pass (convert decision trees to multiplexers).
Creating decoders for process `\ex251_semantic_int3_dot2_arith_qcase.$proc$/home/b10507053/ALS_Final_Project/student/work/ex250_ex254_frontend_fp4_dot_fma_semantic_20260608_2105/ex251/verilog/ex251_semantic_int3_dot2_arith_qcase.v:141$73'.
     1/1: $1\quant_scaled$func$/home/b10507053/ALS_Final_Project/student/work/ex250_ex254_frontend_fp4_dot_fma_semantic_20260608_2105/ex251/verilog/ex251_semantic_int3_dot2_arith_qcase.v:141$14.$result[6:0]$77
Creating decoders for process `\ex251_semantic_int3_dot2_arith_qcase.$proc$/home/b10507053/ALS_Final_Project/student/work/ex250_ex254_frontend_fp4_dot_fma_semantic_20260608_2105/ex251/verilog/ex251_semantic_int3_dot2_arith_qcase.v:140$63'.
Creating decoders for process `\ex251_semantic_int3_dot2_arith_qcase.$proc$/home/b10507053/ALS_Final_Project/student/work/ex250_ex254_frontend_fp4_dot_fma_semantic_20260608_2105/ex251/verilog/ex251_semantic_int3_dot2_arith_qcase.v:140$53'.
Creating decoders for process `\ex251_semantic_int3_dot2_arith_qcase.$proc$/home/b10507053/ALS_Final_Project/student/work/ex250_ex254_frontend_fp4_dot_fma_semantic_20260608_2105/ex251/verilog/ex251_semantic_int3_dot2_arith_qcase.v:135$46'.
Creating decoders for process `\ex251_semantic_int3_dot2_arith_qcase.$proc$/home/b10507053/ALS_Final_Project/student/work/ex250_ex254_frontend_fp4_dot_fma_semantic_20260608_2105/ex251/verilog/ex251_semantic_int3_dot2_arith_qcase.v:135$39'.
Creating decoders for process `\ex251_semantic_int3_dot2_arith_qcase.$proc$/home/b10507053/ALS_Final_Project/student/work/ex250_ex254_frontend_fp4_dot_fma_semantic_20260608_2105/ex251/verilog/ex251_semantic_int3_dot2_arith_qcase.v:134$32'.
Creating decoders for process `\ex251_semantic_int3_dot2_arith_qcase.$proc$/home/b10507053/ALS_Final_Project/student/work/ex250_ex254_frontend_fp4_dot_fma_semantic_20260608_2105/ex251/verilog/ex251_semantic_int3_dot2_arith_qcase.v:134$25'.

2.2.8. Executing PROC_DLATCH pass (convert process syncs to latches).
No latch inferred for signal `\ex251_semantic_int3_dot2_arith_qcase.\quant_scaled$func$/home/b10507053/ALS_Final_Project/student/work/ex250_ex254_frontend_fp4_dot_fma_semantic_20260608_2105/ex251/verilog/ex251_semantic_int3_dot2_arith_qcase.v:141$7.$result' from process `\ex251_semantic_int3_dot2_arith_qcase.$proc$/home/b10507053/ALS_Final_Project/student/work/ex250_ex254_frontend_fp4_dot_fma_semantic_20260608_2105/ex251/verilog/ex251_semantic_int3_dot2_arith_qcase.v:141$73'.
No latch inferred for signal `\ex251_semantic_int3_dot2_arith_qcase.\quant_scaled$func$/home/b10507053/ALS_Final_Project/student/work/ex250_ex254_frontend_fp4_dot_fma_semantic_20260608_2105/ex251/verilog/ex251_semantic_int3_dot2_arith_qcase.v:141$14.$result' from process `\ex251_semantic_int3_dot2_arith_qcase.$proc$/home/b10507053/ALS_Final_Project/student/work/ex250_ex254_frontend_fp4_dot_fma_semantic_20260608_2105/ex251/verilog/ex251_semantic_int3_dot2_arith_qcase.v:141$73'.
No latch inferred for signal `\ex251_semantic_int3_dot2_arith_qcase.\quant_scaled$func$/home/b10507053/ALS_Final_Project/student/work/ex250_ex254_frontend_fp4_dot_fma_semantic_20260608_2105/ex251/verilog/ex251_semantic_int3_dot2_arith_qcase.v:141$14.value' from process `\ex251_semantic_int3_dot2_arith_qcase.$proc$/home/b10507053/ALS_Final_Project/student/work/ex250_ex254_frontend_fp4_dot_fma_semantic_20260608_2105/ex251/verilog/ex251_semantic_int3_dot2_arith_qcase.v:141$73'.
No latch inferred for signal `\ex251_semantic_int3_dot2_arith_qcase.\int3_neg_zero_product$func$/home/b10507053/ALS_Final_Project/student/work/ex250_ex254_frontend_fp4_dot_fma_semantic_20260608_2105/ex251/verilog/ex251_semantic_int3_dot2_arith_qcase.v:140$6.$result' from process `\ex251_semantic_int3_dot2_arith_qcase.$proc$/home/b10507053/ALS_Final_Project/student/work/ex250_ex254_frontend_fp4_dot_fma_semantic_20260608_2105/ex251/verilog/ex251_semantic_int3_dot2_arith_qcase.v:140$63'.
No latch inferred for signal `\ex251_semantic_int3_dot2_arith_qcase.\int3_neg_zero_product$func$/home/b10507053/ALS_Final_Project/student/work/ex250_ex254_frontend_fp4_dot_fma_semantic_20260608_2105/ex251/verilog/ex251_semantic_int3_dot2_arith_qcase.v:140$13.$result' from process `\ex251_semantic_int3_dot2_arith_qcase.$proc$/home/b10507053/ALS_Final_Project/student/work/ex250_ex254_frontend_fp4_dot_fma_semantic_20260608_2105/ex251/verilog/ex251_semantic_int3_dot2_arith_qcase.v:140$63'.
No latch inferred for signal `\ex251_semantic_int3_dot2_arith_qcase.\int3_neg_zero_product$func$/home/b10507053/ALS_Final_Project/student/work/ex250_ex254_frontend_fp4_dot_fma_semantic_20260608_2105/ex251/verilog/ex251_semantic_int3_dot2_arith_qcase.v:140$13.a' from process `\ex251_semantic_int3_dot2_arith_qcase.$proc$/home/b10507053/ALS_Final_Project/student/work/ex250_ex254_frontend_fp4_dot_fma_semantic_20260608_2105/ex251/verilog/ex251_semantic_int3_dot2_arith_qcase.v:140$63'.
No latch inferred for signal `\ex251_semantic_int3_dot2_arith_qcase.\int3_neg_zero_product$func$/home/b10507053/ALS_Final_Project/student/work/ex250_ex254_frontend_fp4_dot_fma_semantic_20260608_2105/ex251/verilog/ex251_semantic_int3_dot2_arith_qcase.v:140$13.b' from process `\ex251_semantic_int3_dot2_arith_qcase.$proc$/home/b10507053/ALS_Final_Project/student/work/ex250_ex254_frontend_fp4_dot_fma_semantic_20260608_2105/ex251/verilog/ex251_semantic_int3_dot2_arith_qcase.v:140$63'.
No latch inferred for signal `\ex251_semantic_int3_dot2_arith_qcase.\int3_neg_zero_product$func$/home/b10507053/ALS_Final_Project/student/work/ex250_ex254_frontend_fp4_dot_fma_semantic_20260608_2105/ex251/verilog/ex251_semantic_int3_dot2_arith_qcase.v:140$5.$result' from process `\ex251_semantic_int3_dot2_arith_qcase.$proc$/home/b10507053/ALS_Final_Project/student/work/ex250_ex254_frontend_fp4_dot_fma_semantic_20260608_2105/ex251/verilog/ex251_semantic_int3_dot2_arith_qcase.v:140$53'.
No latch inferred for signal `\ex251_semantic_int3_dot2_arith_qcase.\int3_neg_zero_product$func$/home/b10507053/ALS_Final_Project/student/work/ex250_ex254_frontend_fp4_dot_fma_semantic_20260608_2105/ex251/verilog/ex251_semantic_int3_dot2_arith_qcase.v:140$12.$result' from process `\ex251_semantic_int3_dot2_arith_qcase.$proc$/home/b10507053/ALS_Final_Project/student/work/ex250_ex254_frontend_fp4_dot_fma_semantic_20260608_2105/ex251/verilog/ex251_semantic_int3_dot2_arith_qcase.v:140$53'.
No latch inferred for signal `\ex251_semantic_int3_dot2_arith_qcase.\int3_neg_zero_product$func$/home/b10507053/ALS_Final_Project/student/work/ex250_ex254_frontend_fp4_dot_fma_semantic_20260608_2105/ex251/verilog/ex251_semantic_int3_dot2_arith_qcase.v:140$12.a' from process `\ex251_semantic_int3_dot2_arith_qcase.$proc$/home/b10507053/ALS_Final_Project/student/work/ex250_ex254_frontend_fp4_dot_fma_semantic_20260608_2105/ex251/verilog/ex251_semantic_int3_dot2_arith_qcase.v:140$53'.
No latch inferred for signal `\ex251_semantic_int3_dot2_arith_qcase.\int3_neg_zero_product$func$/home/b10507053/ALS_Final_Project/student/work/ex250_ex254_frontend_fp4_dot_fma_semantic_20260608_2105/ex251/verilog/ex251_semantic_int3_dot2_arith_qcase.v:140$12.b' from process `\ex251_semantic_int3_dot2_arith_qcase.$proc$/home/b10507053/ALS_Final_Project/student/work/ex250_ex254_frontend_fp4_dot_fma_semantic_20260608_2105/ex251/verilog/ex251_semantic_int3_dot2_arith_qcase.v:140$53'.
No latch inferred for signal `\ex251_semantic_int3_dot2_arith_qcase.\int3_value$func$/home/b10507053/ALS_Final_Project/student/work/ex250_ex254_frontend_fp4_dot_fma_semantic_20260608_2105/ex251/verilog/ex251_semantic_int3_dot2_arith_qcase.v:135$4.$result' from process `\ex251_semantic_int3_dot2_arith_qcase.$proc$/home/b10507053/ALS_Final_Project/student/work/ex250_ex254_frontend_fp4_dot_fma_semantic_20260608_2105/ex251/verilog/ex251_semantic_int3_dot2_arith_qcase.v:135$46'.
No latch inferred for signal `\ex251_semantic_int3_dot2_arith_qcase.\int3_value$func$/home/b10507053/ALS_Final_Project/student/work/ex250_ex254_frontend_fp4_dot_fma_semantic_20260608_2105/ex251/verilog/ex251_semantic_int3_dot2_arith_qcase.v:135$11.$result' from process `\ex251_semantic_int3_dot2_arith_qcase.$proc$/home/b10507053/ALS_Final_Project/student/work/ex250_ex254_frontend_fp4_dot_fma_semantic_20260608_2105/ex251/verilog/ex251_semantic_int3_dot2_arith_qcase.v:135$46'.
No latch inferred for signal `\ex251_semantic_int3_dot2_arith_qcase.\int3_value$func$/home/b10507053/ALS_Final_Project/student/work/ex250_ex254_frontend_fp4_dot_fma_semantic_20260608_2105/ex251/verilog/ex251_semantic_int3_dot2_arith_qcase.v:135$11.x' from process `\ex251_semantic_int3_dot2_arith_qcase.$proc$/home/b10507053/ALS_Final_Project/student/work/ex250_ex254_frontend_fp4_dot_fma_semantic_20260608_2105/ex251/verilog/ex251_semantic_int3_dot2_arith_qcase.v:135$46'.
No latch inferred for signal `\ex251_semantic_int3_dot2_arith_qcase.\int3_value$func$/home/b10507053/ALS_Final_Project/student/work/ex250_ex254_frontend_fp4_dot_fma_semantic_20260608_2105/ex251/verilog/ex251_semantic_int3_dot2_arith_qcase.v:135$11.value' from process `\ex251_semantic_int3_dot2_arith_qcase.$proc$/home/b10507053/ALS_Final_Project/student/work/ex250_ex254_frontend_fp4_dot_fma_semantic_20260608_2105/ex251/verilog/ex251_semantic_int3_dot2_arith_qcase.v:135$46'.
No latch inferred for signal `\ex251_semantic_int3_dot2_arith_qcase.\int3_value$func$/home/b10507053/ALS_Final_Project/student/work/ex250_ex254_frontend_fp4_dot_fma_semantic_20260608_2105/ex251/verilog/ex251_semantic_int3_dot2_arith_qcase.v:135$3.$result' from process `\ex251_semantic_int3_dot2_arith_qcase.$proc$/home/b10507053/ALS_Final_Project/student/work/ex250_ex254_frontend_fp4_dot_fma_semantic_20260608_2105/ex251/verilog/ex251_semantic_int3_dot2_arith_qcase.v:135$39'.
No latch inferred for signal `\ex251_semantic_int3_dot2_arith_qcase.\int3_value$func$/home/b10507053/ALS_Final_Project/student/work/ex250_ex254_frontend_fp4_dot_fma_semantic_20260608_2105/ex251/verilog/ex251_semantic_int3_dot2_arith_qcase.v:135$10.$result' from process `\ex251_semantic_int3_dot2_arith_qcase.$proc$/home/b10507053/ALS_Final_Project/student/work/ex250_ex254_frontend_fp4_dot_fma_semantic_20260608_2105/ex251/verilog/ex251_semantic_int3_dot2_arith_qcase.v:135$39'.
No latch inferred for signal `\ex251_semantic_int3_dot2_arith_qcase.\int3_value$func$/home/b10507053/ALS_Final_Project/student/work/ex250_ex254_frontend_fp4_dot_fma_semantic_20260608_2105/ex251/verilog/ex251_semantic_int3_dot2_arith_qcase.v:135$10.x' from process `\ex251_semantic_int3_dot2_arith_qcase.$proc$/home/b10507053/ALS_Final_Project/student/work/ex250_ex254_frontend_fp4_dot_fma_semantic_20260608_2105/ex251/verilog/ex251_semantic_int3_dot2_arith_qcase.v:135$39'.
No latch inferred for signal `\ex251_semantic_int3_dot2_arith_qcase.\int3_value$func$/home/b10507053/ALS_Final_Project/student/work/ex250_ex254_frontend_fp4_dot_fma_semantic_20260608_2105/ex251/verilog/ex251_semantic_int3_dot2_arith_qcase.v:135$10.value' from process `\ex251_semantic_int3_dot2_arith_qcase.$proc$/home/b10507053/ALS_Final_Project/student/work/ex250_ex254_frontend_fp4_dot_fma_semantic_20260608_2105/ex251/verilog/ex251_semantic_int3_dot2_arith_qcase.v:135$39'.
No latch inferred for signal `\ex251_semantic_int3_dot2_arith_qcase.\int3_value$func$/home/b10507053/ALS_Final_Project/student/work/ex250_ex254_frontend_fp4_dot_fma_semantic_20260608_2105/ex251/verilog/ex251_semantic_int3_dot2_arith_qcase.v:134$2.$result' from process `\ex251_semantic_int3_dot2_arith_qcase.$proc$/home/b10507053/ALS_Final_Project/student/work/ex250_ex254_frontend_fp4_dot_fma_semantic_20260608_2105/ex251/verilog/ex251_semantic_int3_dot2_arith_qcase.v:134$32'.
No latch inferred for signal `\ex251_semantic_int3_dot2_arith_qcase.\int3_value$func$/home/b10507053/ALS_Final_Project/student/work/ex250_ex254_frontend_fp4_dot_fma_semantic_20260608_2105/ex251/verilog/ex251_semantic_int3_dot2_arith_qcase.v:134$9.$result' from process `\ex251_semantic_int3_dot2_arith_qcase.$proc$/home/b10507053/ALS_Final_Project/student/work/ex250_ex254_frontend_fp4_dot_fma_semantic_20260608_2105/ex251/verilog/ex251_semantic_int3_dot2_arith_qcase.v:134$32'.
No latch inferred for signal `\ex251_semantic_int3_dot2_arith_qcase.\int3_value$func$/home/b10507053/ALS_Final_Project/student/work/ex250_ex254_frontend_fp4_dot_fma_semantic_20260608_2105/ex251/verilog/ex251_semantic_int3_dot2_arith_qcase.v:134$9.x' from process `\ex251_semantic_int3_dot2_arith_qcase.$proc$/home/b10507053/ALS_Final_Project/student/work/ex250_ex254_frontend_fp4_dot_fma_semantic_20260608_2105/ex251/verilog/ex251_semantic_int3_dot2_arith_qcase.v:134$32'.
No latch inferred for signal `\ex251_semantic_int3_dot2_arith_qcase.\int3_value$func$/home/b10507053/ALS_Final_Project/student/work/ex250_ex254_frontend_fp4_dot_fma_semantic_20260608_2105/ex251/verilog/ex251_semantic_int3_dot2_arith_qcase.v:134$9.value' from process `\ex251_semantic_int3_dot2_arith_qcase.$proc$/home/b10507053/ALS_Final_Project/student/work/ex250_ex254_frontend_fp4_dot_fma_semantic_20260608_2105/ex251/verilog/ex251_semantic_int3_dot2_arith_qcase.v:134$32'.
No latch inferred for signal `\ex251_semantic_int3_dot2_arith_qcase.\int3_value$func$/home/b10507053/ALS_Final_Project/student/work/ex250_ex254_frontend_fp4_dot_fma_semantic_20260608_2105/ex251/verilog/ex251_semantic_int3_dot2_arith_qcase.v:134$1.$result' from process `\ex251_semantic_int3_dot2_arith_qcase.$proc$/home/b10507053/ALS_Final_Project/student/work/ex250_ex254_frontend_fp4_dot_fma_semantic_20260608_2105/ex251/verilog/ex251_semantic_int3_dot2_arith_qcase.v:134$25'.
No latch inferred for signal `\ex251_semantic_int3_dot2_arith_qcase.\int3_value$func$/home/b10507053/ALS_Final_Project/student/work/ex250_ex254_frontend_fp4_dot_fma_semantic_20260608_2105/ex251/verilog/ex251_semantic_int3_dot2_arith_qcase.v:134$8.$result' from process `\ex251_semantic_int3_dot2_arith_qcase.$proc$/home/b10507053/ALS_Final_Project/student/work/ex250_ex254_frontend_fp4_dot_fma_semantic_20260608_2105/ex251/verilog/ex251_semantic_int3_dot2_arith_qcase.v:134$25'.
No latch inferred for signal `\ex251_semantic_int3_dot2_arith_qcase.\int3_value$func$/home/b10507053/ALS_Final_Project/student/work/ex250_ex254_frontend_fp4_dot_fma_semantic_20260608_2105/ex251/verilog/ex251_semantic_int3_dot2_arith_qcase.v:134$8.x' from process `\ex251_semantic_int3_dot2_arith_qcase.$proc$/home/b10507053/ALS_Final_Project/student/work/ex250_ex254_frontend_fp4_dot_fma_semantic_20260608_2105/ex251/verilog/ex251_semantic_int3_dot2_arith_qcase.v:134$25'.
No latch inferred for signal `\ex251_semantic_int3_dot2_arith_qcase.\int3_value$func$/home/b10507053/ALS_Final_Project/student/work/ex250_ex254_frontend_fp4_dot_fma_semantic_20260608_2105/ex251/verilog/ex251_semantic_int3_dot2_arith_qcase.v:134$8.value' from process `\ex251_semantic_int3_dot2_arith_qcase.$proc$/home/b10507053/ALS_Final_Project/student/work/ex250_ex254_frontend_fp4_dot_fma_semantic_20260608_2105/ex251/verilog/ex251_semantic_int3_dot2_arith_qcase.v:134$25'.

2.2.9. Executing PROC_DFF pass (convert process syncs to FFs).

2.2.10. Executing PROC_MEMWR pass (convert process memory writes to cells).

2.2.11. Executing PROC_CLEAN pass (remove empty switches from decision trees).
Found and cleaned up 1 empty switch in `\ex251_semantic_int3_dot2_arith_qcase.$proc$/home/b10507053/ALS_Final_Project/student/work/ex250_ex254_frontend_fp4_dot_fma_semantic_20260608_2105/ex251/verilog/ex251_semantic_int3_dot2_arith_qcase.v:141$73'.
Removing empty process `ex251_semantic_int3_dot2_arith_qcase.$proc$/home/b10507053/ALS_Final_Project/student/work/ex250_ex254_frontend_fp4_dot_fma_semantic_20260608_2105/ex251/verilog/ex251_semantic_int3_dot2_arith_qcase.v:141$73'.
Removing empty process `ex251_semantic_int3_dot2_arith_qcase.$proc$/home/b10507053/ALS_Final_Project/student/work/ex250_ex254_frontend_fp4_dot_fma_semantic_20260608_2105/ex251/verilog/ex251_semantic_int3_dot2_arith_qcase.v:140$63'.
Removing empty process `ex251_semantic_int3_dot2_arith_qcase.$proc$/home/b10507053/ALS_Final_Project/student/work/ex250_ex254_frontend_fp4_dot_fma_semantic_20260608_2105/ex251/verilog/ex251_semantic_int3_dot2_arith_qcase.v:140$53'.
Removing empty process `ex251_semantic_int3_dot2_arith_qcase.$proc$/home/b10507053/ALS_Final_Project/student/work/ex250_ex254_frontend_fp4_dot_fma_semantic_20260608_2105/ex251/verilog/ex251_semantic_int3_dot2_arith_qcase.v:135$46'.
Removing empty process `ex251_semantic_int3_dot2_arith_qcase.$proc$/home/b10507053/ALS_Final_Project/student/work/ex250_ex254_frontend_fp4_dot_fma_semantic_20260608_2105/ex251/verilog/ex251_semantic_int3_dot2_arith_qcase.v:135$39'.
Removing empty process `ex251_semantic_int3_dot2_arith_qcase.$proc$/home/b10507053/ALS_Final_Project/student/work/ex250_ex254_frontend_fp4_dot_fma_semantic_20260608_2105/ex251/verilog/ex251_semantic_int3_dot2_arith_qcase.v:134$32'.
Removing empty process `ex251_semantic_int3_dot2_arith_qcase.$proc$/home/b10507053/ALS_Final_Project/student/work/ex250_ex254_frontend_fp4_dot_fma_semantic_20260608_2105/ex251/verilog/ex251_semantic_int3_dot2_arith_qcase.v:134$25'.
Cleaned up 1 empty switch.

2.2.12. Executing OPT_EXPR pass (perform const folding).
Optimizing module ex251_semantic_int3_dot2_arith_qcase.

2.3. Executing CHECK pass (checking for obvious problems).
Checking module ex251_semantic_int3_dot2_arith_qcase...
Found and reported 0 problems.

2.4. Executing FLATTEN pass (flatten design).

2.5. Executing OPT_EXPR pass (perform const folding).
Optimizing module ex251_semantic_int3_dot2_arith_qcase.

2.6. Executing OPT_CLEAN pass (remove unused cells and wires).
Finding unused cells or wires in module \ex251_semantic_int3_dot2_arith_qcase..
Removed 0 unused cells and 50 unused wires.

2.7. Executing CHECK pass (checking for obvious problems).
Checking module ex251_semantic_int3_dot2_arith_qcase...
Found and reported 0 problems.

2.8. Executing OPT pass (performing simple optimizations).

2.8.1. Executing OPT_EXPR pass (perform const folding).
Optimizing module ex251_semantic_int3_dot2_arith_qcase.

2.8.2. Executing OPT_MERGE pass (detect identical cells).
Finding identical cells in module `\ex251_semantic_int3_dot2_arith_qcase'.
Computing hashes of 32 cells of `\ex251_semantic_int3_dot2_arith_qcase'.
Finding duplicate cells in `\ex251_semantic_int3_dot2_arith_qcase'.
Removed a total of 0 cells.

2.8.3. Executing OPT_MUXTREE pass (detect dead branches in mux trees).
Running muxtree optimizer on module \ex251_semantic_int3_dot2_arith_qcase..
  Creating internal representation of mux trees.
  Evaluating internal representation of mux trees.
  Analyzing evaluation results.
Removed 0 multiplexer ports.

2.8.4. Executing OPT_REDUCE pass (consolidate $*mux and $reduce_* inputs).
  Optimizing cells in module \ex251_semantic_int3_dot2_arith_qcase.
Performed a total of 0 changes.

2.8.5. Executing OPT_MERGE pass (detect identical cells).
Finding identical cells in module `\ex251_semantic_int3_dot2_arith_qcase'.
Computing hashes of 32 cells of `\ex251_semantic_int3_dot2_arith_qcase'.
Finding duplicate cells in `\ex251_semantic_int3_dot2_arith_qcase'.
Removed a total of 0 cells.

2.8.6. Executing OPT_DFF pass (perform DFF optimizations).

2.8.7. Executing OPT_CLEAN pass (remove unused cells and wires).
Finding unused cells or wires in module \ex251_semantic_int3_dot2_arith_qcase..

2.8.8. Executing OPT_EXPR pass (perform const folding).
Optimizing module ex251_semantic_int3_dot2_arith_qcase.

2.8.9. Finished fast OPT passes. (There is nothing left to do.)

2.9. Executing FSM pass (extract and optimize FSM).

2.9.1. Executing FSM_DETECT pass (finding FSMs in design).

2.9.2. Executing FSM_EXTRACT pass (extracting FSM from design).

2.9.3. Executing FSM_OPT pass (simple optimizations of FSMs).

2.9.4. Executing OPT_CLEAN pass (remove unused cells and wires).
Finding unused cells or wires in module \ex251_semantic_int3_dot2_arith_qcase..

2.9.5. Executing FSM_OPT pass (simple optimizations of FSMs).

2.9.6. Executing FSM_RECODE pass (re-assigning FSM state encoding).

2.9.7. Executing FSM_INFO pass (dumping all available information on FSM cells).

2.9.8. Executing FSM_MAP pass (mapping FSMs to basic logic).

2.10. Executing OPT pass (performing simple optimizations).

2.10.1. Executing OPT_EXPR pass (perform const folding).
Optimizing module ex251_semantic_int3_dot2_arith_qcase.

2.10.2. Executing OPT_MERGE pass (detect identical cells).
Finding identical cells in module `\ex251_semantic_int3_dot2_arith_qcase'.
Computing hashes of 32 cells of `\ex251_semantic_int3_dot2_arith_qcase'.
Finding duplicate cells in `\ex251_semantic_int3_dot2_arith_qcase'.
Removed a total of 0 cells.

2.10.3. Executing OPT_MUXTREE pass (detect dead branches in mux trees).
Running muxtree optimizer on module \ex251_semantic_int3_dot2_arith_qcase..
  Creating internal representation of mux trees.
  Evaluating internal representation of mux trees.
  Analyzing evaluation results.
Removed 0 multiplexer ports.

2.10.4. Executing OPT_REDUCE pass (consolidate $*mux and $reduce_* inputs).
  Optimizing cells in module \ex251_semantic_int3_dot2_arith_qcase.
Performed a total of 0 changes.

2.10.5. Executing OPT_MERGE pass (detect identical cells).
Finding identical cells in module `\ex251_semantic_int3_dot2_arith_qcase'.
Computing hashes of 32 cells of `\ex251_semantic_int3_dot2_arith_qcase'.
Finding duplicate cells in `\ex251_semantic_int3_dot2_arith_qcase'.
Removed a total of 0 cells.

2.10.6. Executing OPT_DFF pass (perform DFF optimizations).

2.10.7. Executing OPT_CLEAN pass (remove unused cells and wires).
Finding unused cells or wires in module \ex251_semantic_int3_dot2_arith_qcase..

2.10.8. Executing OPT_EXPR pass (perform const folding).
Optimizing module ex251_semantic_int3_dot2_arith_qcase.

2.10.9. Finished fast OPT passes. (There is nothing left to do.)

2.11. Executing WREDUCE pass (reducing word size of cells).
Removed top 25 address bits (of 32) from memory init port ex251_semantic_int3_dot2_arith_qcase.$auto$mem.cc:351:emit$81 ($auto$proc_rom.cc:155:do_switch$79).
Converting cell ex251_semantic_int3_dot2_arith_qcase.$mul$/home/b10507053/ALS_Final_Project/student/work/ex250_ex254_frontend_fp4_dot_fma_semantic_20260608_2105/ex251/verilog/ex251_semantic_int3_dot2_arith_qcase.v:134$15 ($mul) from unsigned to signed.
Removed top 7 bits (of 11) from port A of cell ex251_semantic_int3_dot2_arith_qcase.$mul$/home/b10507053/ALS_Final_Project/student/work/ex250_ex254_frontend_fp4_dot_fma_semantic_20260608_2105/ex251/verilog/ex251_semantic_int3_dot2_arith_qcase.v:134$15 ($mul).
Removed top 7 bits (of 11) from port B of cell ex251_semantic_int3_dot2_arith_qcase.$mul$/home/b10507053/ALS_Final_Project/student/work/ex250_ex254_frontend_fp4_dot_fma_semantic_20260608_2105/ex251/verilog/ex251_semantic_int3_dot2_arith_qcase.v:134$15 ($mul).
Removed top 3 bits (of 11) from port Y of cell ex251_semantic_int3_dot2_arith_qcase.$mul$/home/b10507053/ALS_Final_Project/student/work/ex250_ex254_frontend_fp4_dot_fma_semantic_20260608_2105/ex251/verilog/ex251_semantic_int3_dot2_arith_qcase.v:134$15 ($mul).
Converting cell ex251_semantic_int3_dot2_arith_qcase.$mul$/home/b10507053/ALS_Final_Project/student/work/ex250_ex254_frontend_fp4_dot_fma_semantic_20260608_2105/ex251/verilog/ex251_semantic_int3_dot2_arith_qcase.v:135$16 ($mul) from unsigned to signed.
Removed top 7 bits (of 11) from port A of cell ex251_semantic_int3_dot2_arith_qcase.$mul$/home/b10507053/ALS_Final_Project/student/work/ex250_ex254_frontend_fp4_dot_fma_semantic_20260608_2105/ex251/verilog/ex251_semantic_int3_dot2_arith_qcase.v:135$16 ($mul).
Removed top 7 bits (of 11) from port B of cell ex251_semantic_int3_dot2_arith_qcase.$mul$/home/b10507053/ALS_Final_Project/student/work/ex250_ex254_frontend_fp4_dot_fma_semantic_20260608_2105/ex251/verilog/ex251_semantic_int3_dot2_arith_qcase.v:135$16 ($mul).
Removed top 3 bits (of 11) from port Y of cell ex251_semantic_int3_dot2_arith_qcase.$mul$/home/b10507053/ALS_Final_Project/student/work/ex250_ex254_frontend_fp4_dot_fma_semantic_20260608_2105/ex251/verilog/ex251_semantic_int3_dot2_arith_qcase.v:135$16 ($mul).
Converting cell ex251_semantic_int3_dot2_arith_qcase.$add$/home/b10507053/ALS_Final_Project/student/work/ex250_ex254_frontend_fp4_dot_fma_semantic_20260608_2105/ex251/verilog/ex251_semantic_int3_dot2_arith_qcase.v:136$17 ($add) from unsigned to signed.
Removed top 3 bits (of 11) from port A of cell ex251_semantic_int3_dot2_arith_qcase.$add$/home/b10507053/ALS_Final_Project/student/work/ex250_ex254_frontend_fp4_dot_fma_semantic_20260608_2105/ex251/verilog/ex251_semantic_int3_dot2_arith_qcase.v:136$17 ($add).
Removed top 3 bits (of 11) from port B of cell ex251_semantic_int3_dot2_arith_qcase.$add$/home/b10507053/ALS_Final_Project/student/work/ex250_ex254_frontend_fp4_dot_fma_semantic_20260608_2105/ex251/verilog/ex251_semantic_int3_dot2_arith_qcase.v:136$17 ($add).
Removed top 2 bits (of 11) from port Y of cell ex251_semantic_int3_dot2_arith_qcase.$add$/home/b10507053/ALS_Final_Project/student/work/ex250_ex254_frontend_fp4_dot_fma_semantic_20260608_2105/ex251/verilog/ex251_semantic_int3_dot2_arith_qcase.v:136$17 ($add).
Removed top 2 bits (of 11) from port A of cell ex251_semantic_int3_dot2_arith_qcase.$lt$/home/b10507053/ALS_Final_Project/student/work/ex250_ex254_frontend_fp4_dot_fma_semantic_20260608_2105/ex251/verilog/ex251_semantic_int3_dot2_arith_qcase.v:137$18 ($lt).
Removed top 31 bits (of 32) from port B of cell ex251_semantic_int3_dot2_arith_qcase.$lt$/home/b10507053/ALS_Final_Project/student/work/ex250_ex254_frontend_fp4_dot_fma_semantic_20260608_2105/ex251/verilog/ex251_semantic_int3_dot2_arith_qcase.v:137$18 ($lt).
Removed top 2 bits (of 11) from port A of cell ex251_semantic_int3_dot2_arith_qcase.$neg$/home/b10507053/ALS_Final_Project/student/work/ex250_ex254_frontend_fp4_dot_fma_semantic_20260608_2105/ex251/verilog/ex251_semantic_int3_dot2_arith_qcase.v:138$19 ($neg).
Removed top 1 bits (of 11) from port Y of cell ex251_semantic_int3_dot2_arith_qcase.$neg$/home/b10507053/ALS_Final_Project/student/work/ex250_ex254_frontend_fp4_dot_fma_semantic_20260608_2105/ex251/verilog/ex251_semantic_int3_dot2_arith_qcase.v:138$19 ($neg).
Converting cell ex251_semantic_int3_dot2_arith_qcase.$neg$/home/b10507053/ALS_Final_Project/student/work/ex250_ex254_frontend_fp4_dot_fma_semantic_20260608_2105/ex251/verilog/ex251_semantic_int3_dot2_arith_qcase.v:13$30 ($neg) from signed to unsigned.
Removed top 1 bits (of 4) from port A of cell ex251_semantic_int3_dot2_arith_qcase.$neg$/home/b10507053/ALS_Final_Project/student/work/ex250_ex254_frontend_fp4_dot_fma_semantic_20260608_2105/ex251/verilog/ex251_semantic_int3_dot2_arith_qcase.v:13$30 ($neg).
Converting cell ex251_semantic_int3_dot2_arith_qcase.$neg$/home/b10507053/ALS_Final_Project/student/work/ex250_ex254_frontend_fp4_dot_fma_semantic_20260608_2105/ex251/verilog/ex251_semantic_int3_dot2_arith_qcase.v:13$37 ($neg) from signed to unsigned.
Removed top 1 bits (of 4) from port A of cell ex251_semantic_int3_dot2_arith_qcase.$neg$/home/b10507053/ALS_Final_Project/student/work/ex250_ex254_frontend_fp4_dot_fma_semantic_20260608_2105/ex251/verilog/ex251_semantic_int3_dot2_arith_qcase.v:13$37 ($neg).
Converting cell ex251_semantic_int3_dot2_arith_qcase.$neg$/home/b10507053/ALS_Final_Project/student/work/ex250_ex254_frontend_fp4_dot_fma_semantic_20260608_2105/ex251/verilog/ex251_semantic_int3_dot2_arith_qcase.v:13$44 ($neg) from signed to unsigned.
Removed top 1 bits (of 4) from port A of cell ex251_semantic_int3_dot2_arith_qcase.$neg$/home/b10507053/ALS_Final_Project/student/work/ex250_ex254_frontend_fp4_dot_fma_semantic_20260608_2105/ex251/verilog/ex251_semantic_int3_dot2_arith_qcase.v:13$44 ($neg).
Converting cell ex251_semantic_int3_dot2_arith_qcase.$neg$/home/b10507053/ALS_Final_Project/student/work/ex250_ex254_frontend_fp4_dot_fma_semantic_20260608_2105/ex251/verilog/ex251_semantic_int3_dot2_arith_qcase.v:13$51 ($neg) from signed to unsigned.
Removed top 1 bits (of 4) from port A of cell ex251_semantic_int3_dot2_arith_qcase.$neg$/home/b10507053/ALS_Final_Project/student/work/ex250_ex254_frontend_fp4_dot_fma_semantic_20260608_2105/ex251/verilog/ex251_semantic_int3_dot2_arith_qcase.v:13$51 ($neg).
Removed top 1 bits (of 11) from wire ex251_semantic_int3_dot2_arith_qcase.neg_sum.

2.12. Executing PEEPOPT pass (run peephole optimizers).

2.13. Executing OPT_CLEAN pass (remove unused cells and wires).
Finding unused cells or wires in module \ex251_semantic_int3_dot2_arith_qcase..
Removed 0 unused cells and 1 unused wires.

2.14. Executing ALUMACC pass (create $alu and $macc cells).
Extracting $alu and $macc cells in module ex251_semantic_int3_dot2_arith_qcase:
  creating $macc model for $neg$/home/b10507053/ALS_Final_Project/student/work/ex250_ex254_frontend_fp4_dot_fma_semantic_20260608_2105/ex251/verilog/ex251_semantic_int3_dot2_arith_qcase.v:13$51 ($neg).
  creating $macc model for $neg$/home/b10507053/ALS_Final_Project/student/work/ex250_ex254_frontend_fp4_dot_fma_semantic_20260608_2105/ex251/verilog/ex251_semantic_int3_dot2_arith_qcase.v:13$44 ($neg).
  creating $macc model for $neg$/home/b10507053/ALS_Final_Project/student/work/ex250_ex254_frontend_fp4_dot_fma_semantic_20260608_2105/ex251/verilog/ex251_semantic_int3_dot2_arith_qcase.v:13$37 ($neg).
  creating $macc model for $neg$/home/b10507053/ALS_Final_Project/student/work/ex250_ex254_frontend_fp4_dot_fma_semantic_20260608_2105/ex251/verilog/ex251_semantic_int3_dot2_arith_qcase.v:13$30 ($neg).
  creating $macc model for $neg$/home/b10507053/ALS_Final_Project/student/work/ex250_ex254_frontend_fp4_dot_fma_semantic_20260608_2105/ex251/verilog/ex251_semantic_int3_dot2_arith_qcase.v:138$19 ($neg).
  creating $macc model for $add$/home/b10507053/ALS_Final_Project/student/work/ex250_ex254_frontend_fp4_dot_fma_semantic_20260608_2105/ex251/verilog/ex251_semantic_int3_dot2_arith_qcase.v:136$17 ($add).
  creating $macc model for $mul$/home/b10507053/ALS_Final_Project/student/work/ex250_ex254_frontend_fp4_dot_fma_semantic_20260608_2105/ex251/verilog/ex251_semantic_int3_dot2_arith_qcase.v:135$16 ($mul).
  creating $macc model for $mul$/home/b10507053/ALS_Final_Project/student/work/ex250_ex254_frontend_fp4_dot_fma_semantic_20260608_2105/ex251/verilog/ex251_semantic_int3_dot2_arith_qcase.v:134$15 ($mul).
  merging $macc model for $mul$/home/b10507053/ALS_Final_Project/student/work/ex250_ex254_frontend_fp4_dot_fma_semantic_20260608_2105/ex251/verilog/ex251_semantic_int3_dot2_arith_qcase.v:134$15 into $add$/home/b10507053/ALS_Final_Project/student/work/ex250_ex254_frontend_fp4_dot_fma_semantic_20260608_2105/ex251/verilog/ex251_semantic_int3_dot2_arith_qcase.v:136$17.
  merging $macc model for $mul$/home/b10507053/ALS_Final_Project/student/work/ex250_ex254_frontend_fp4_dot_fma_semantic_20260608_2105/ex251/verilog/ex251_semantic_int3_dot2_arith_qcase.v:135$16 into $add$/home/b10507053/ALS_Final_Project/student/work/ex250_ex254_frontend_fp4_dot_fma_semantic_20260608_2105/ex251/verilog/ex251_semantic_int3_dot2_arith_qcase.v:136$17.
  creating $alu model for $macc $neg$/home/b10507053/ALS_Final_Project/student/work/ex250_ex254_frontend_fp4_dot_fma_semantic_20260608_2105/ex251/verilog/ex251_semantic_int3_dot2_arith_qcase.v:13$30.
  creating $alu model for $macc $neg$/home/b10507053/ALS_Final_Project/student/work/ex250_ex254_frontend_fp4_dot_fma_semantic_20260608_2105/ex251/verilog/ex251_semantic_int3_dot2_arith_qcase.v:13$37.
  creating $alu model for $macc $neg$/home/b10507053/ALS_Final_Project/student/work/ex250_ex254_frontend_fp4_dot_fma_semantic_20260608_2105/ex251/verilog/ex251_semantic_int3_dot2_arith_qcase.v:13$44.
  creating $alu model for $macc $neg$/home/b10507053/ALS_Final_Project/student/work/ex250_ex254_frontend_fp4_dot_fma_semantic_20260608_2105/ex251/verilog/ex251_semantic_int3_dot2_arith_qcase.v:13$51.
  creating $macc cell for $neg$/home/b10507053/ALS_Final_Project/student/work/ex250_ex254_frontend_fp4_dot_fma_semantic_20260608_2105/ex251/verilog/ex251_semantic_int3_dot2_arith_qcase.v:138$19: $auto$alumacc.cc:382:replace_macc$86
  creating $macc cell for $add$/home/b10507053/ALS_Final_Project/student/work/ex250_ex254_frontend_fp4_dot_fma_semantic_20260608_2105/ex251/verilog/ex251_semantic_int3_dot2_arith_qcase.v:136$17: $auto$alumacc.cc:382:replace_macc$87
  creating $alu model for $lt$/home/b10507053/ALS_Final_Project/student/work/ex250_ex254_frontend_fp4_dot_fma_semantic_20260608_2105/ex251/verilog/ex251_semantic_int3_dot2_arith_qcase.v:137$18 ($lt): new $alu
  creating $alu cell for $lt$/home/b10507053/ALS_Final_Project/student/work/ex250_ex254_frontend_fp4_dot_fma_semantic_20260608_2105/ex251/verilog/ex251_semantic_int3_dot2_arith_qcase.v:137$18: $auto$alumacc.cc:512:replace_alu$89
  creating $alu cell for $neg$/home/b10507053/ALS_Final_Project/student/work/ex250_ex254_frontend_fp4_dot_fma_semantic_20260608_2105/ex251/verilog/ex251_semantic_int3_dot2_arith_qcase.v:13$51: $auto$alumacc.cc:512:replace_alu$96
  creating $alu cell for $neg$/home/b10507053/ALS_Final_Project/student/work/ex250_ex254_frontend_fp4_dot_fma_semantic_20260608_2105/ex251/verilog/ex251_semantic_int3_dot2_arith_qcase.v:13$44: $auto$alumacc.cc:512:replace_alu$99
  creating $alu cell for $neg$/home/b10507053/ALS_Final_Project/student/work/ex250_ex254_frontend_fp4_dot_fma_semantic_20260608_2105/ex251/verilog/ex251_semantic_int3_dot2_arith_qcase.v:13$37: $auto$alumacc.cc:512:replace_alu$102
  creating $alu cell for $neg$/home/b10507053/ALS_Final_Project/student/work/ex250_ex254_frontend_fp4_dot_fma_semantic_20260608_2105/ex251/verilog/ex251_semantic_int3_dot2_arith_qcase.v:13$30: $auto$alumacc.cc:512:replace_alu$105
  created 5 $alu and 2 $macc cells.

2.15. Executing SHARE pass (SAT-based resource sharing).
Found 3 cells in module ex251_semantic_int3_dot2_arith_qcase that may be considered for resource sharing.
  Analyzing resource sharing options for $mul$/home/b10507053/ALS_Final_Project/student/work/ex250_ex254_frontend_fp4_dot_fma_semantic_20260608_2105/ex251/verilog/ex251_semantic_int3_dot2_arith_qcase.v:134$15 ($mul):
    Found cell that is never activated: $mul$/home/b10507053/ALS_Final_Project/student/work/ex250_ex254_frontend_fp4_dot_fma_semantic_20260608_2105/ex251/verilog/ex251_semantic_int3_dot2_arith_qcase.v:134$15
    Cell is never active. Sharing is pointless, we simply remove it.
  Analyzing resource sharing options for $mul$/home/b10507053/ALS_Final_Project/student/work/ex250_ex254_frontend_fp4_dot_fma_semantic_20260608_2105/ex251/verilog/ex251_semantic_int3_dot2_arith_qcase.v:135$16 ($mul):
    Found cell that is never activated: $mul$/home/b10507053/ALS_Final_Project/student/work/ex250_ex254_frontend_fp4_dot_fma_semantic_20260608_2105/ex251/verilog/ex251_semantic_int3_dot2_arith_qcase.v:135$16
    Cell is never active. Sharing is pointless, we simply remove it.
  Analyzing resource sharing options for $auto$mem.cc:305:emit$80 ($memrd_v2):
    Found 1 activation_patterns using ctrl signal $procmux$84_CMP.
    No candidates found.
Removing 2 cells in module ex251_semantic_int3_dot2_arith_qcase:
  Removing cell $mul$/home/b10507053/ALS_Final_Project/student/work/ex250_ex254_frontend_fp4_dot_fma_semantic_20260608_2105/ex251/verilog/ex251_semantic_int3_dot2_arith_qcase.v:135$16 ($mul).
  Removing cell $mul$/home/b10507053/ALS_Final_Project/student/work/ex250_ex254_frontend_fp4_dot_fma_semantic_20260608_2105/ex251/verilog/ex251_semantic_int3_dot2_arith_qcase.v:134$15 ($mul).

2.16. Executing OPT pass (performing simple optimizations).

2.16.1. Executing OPT_EXPR pass (perform const folding).
Optimizing module ex251_semantic_int3_dot2_arith_qcase.

2.16.2. Executing OPT_MERGE pass (detect identical cells).
Finding identical cells in module `\ex251_semantic_int3_dot2_arith_qcase'.
Computing hashes of 31 cells of `\ex251_semantic_int3_dot2_arith_qcase'.
Finding duplicate cells in `\ex251_semantic_int3_dot2_arith_qcase'.
Removed a total of 0 cells.

2.16.3. Executing OPT_MUXTREE pass (detect dead branches in mux trees).
Running muxtree optimizer on module \ex251_semantic_int3_dot2_arith_qcase..
  Creating internal representation of mux trees.
  Evaluating internal representation of mux trees.
  Analyzing evaluation results.
Removed 0 multiplexer ports.

2.16.4. Executing OPT_REDUCE pass (consolidate $*mux and $reduce_* inputs).
  Optimizing cells in module \ex251_semantic_int3_dot2_arith_qcase.
Performed a total of 0 changes.

2.16.5. Executing OPT_MERGE pass (detect identical cells).
Finding identical cells in module `\ex251_semantic_int3_dot2_arith_qcase'.
Computing hashes of 31 cells of `\ex251_semantic_int3_dot2_arith_qcase'.
Finding duplicate cells in `\ex251_semantic_int3_dot2_arith_qcase'.
Removed a total of 0 cells.

2.16.6. Executing OPT_DFF pass (perform DFF optimizations).

2.16.7. Executing OPT_CLEAN pass (remove unused cells and wires).
Finding unused cells or wires in module \ex251_semantic_int3_dot2_arith_qcase..
Removed 1 unused cells and 6 unused wires.

2.16.8. Executing OPT_EXPR pass (perform const folding).
Optimizing module ex251_semantic_int3_dot2_arith_qcase.

2.16.9. Rerunning OPT passes. (Maybe there is more to do..)

2.16.10. Executing OPT_MUXTREE pass (detect dead branches in mux trees).
Running muxtree optimizer on module \ex251_semantic_int3_dot2_arith_qcase..
  Creating internal representation of mux trees.
  Evaluating internal representation of mux trees.
      Replacing known input bits on port A of cell $ternary$/home/b10507053/ALS_Final_Project/student/work/ex250_ex254_frontend_fp4_dot_fma_semantic_20260608_2105/ex251/verilog/ex251_semantic_int3_dot2_arith_qcase.v:139$20: { \negative \negative \sum [7:0] } -> { 2'00 \sum [7:0] }
  Analyzing evaluation results.
Removed 0 multiplexer ports.

2.16.11. Executing OPT_REDUCE pass (consolidate $*mux and $reduce_* inputs).
  Optimizing cells in module \ex251_semantic_int3_dot2_arith_qcase.
Performed a total of 0 changes.

2.16.12. Executing OPT_MERGE pass (detect identical cells).
Finding identical cells in module `\ex251_semantic_int3_dot2_arith_qcase'.
Computing hashes of 29 cells of `\ex251_semantic_int3_dot2_arith_qcase'.
Finding duplicate cells in `\ex251_semantic_int3_dot2_arith_qcase'.
Removed a total of 0 cells.

2.16.13. Executing OPT_DFF pass (perform DFF optimizations).

2.16.14. Executing OPT_CLEAN pass (remove unused cells and wires).
Finding unused cells or wires in module \ex251_semantic_int3_dot2_arith_qcase..

2.16.15. Executing OPT_EXPR pass (perform const folding).
Optimizing module ex251_semantic_int3_dot2_arith_qcase.

2.16.16. Finished fast OPT passes. (There is nothing left to do.)

2.17. Executing MEMORY pass.

2.17.1. Executing OPT_MEM pass (optimize memories).
Performed a total of 0 transformations.

2.17.2. Executing OPT_MEM_PRIORITY pass (removing unnecessary memory write priority relations).
Performed a total of 0 transformations.

2.17.3. Executing OPT_MEM_FEEDBACK pass (finding memory read-to-write feedback paths).

2.17.4. Executing MEMORY_BMUX2ROM pass (converting muxes to ROMs).

2.17.5. Executing MEMORY_DFF pass (merging $dff cells to $memrd).
Checking read port `$auto$proc_rom.cc:155:do_switch$79'[0] in module `\ex251_semantic_int3_dot2_arith_qcase': no output FF found.
Checking read port address `$auto$proc_rom.cc:155:do_switch$79'[0] in module `\ex251_semantic_int3_dot2_arith_qcase': no address FF found.

2.17.6. Executing OPT_CLEAN pass (remove unused cells and wires).
Finding unused cells or wires in module \ex251_semantic_int3_dot2_arith_qcase..

2.17.7. Executing MEMORY_SHARE pass (consolidating $memrd/$memwr cells).

2.17.8. Executing OPT_MEM_WIDEN pass (optimize memories where all ports are wide).
Performed a total of 0 transformations.

2.17.9. Executing OPT_CLEAN pass (remove unused cells and wires).
Finding unused cells or wires in module \ex251_semantic_int3_dot2_arith_qcase..

2.17.10. Executing MEMORY_COLLECT pass (generating $mem cells).

2.18. Executing OPT_CLEAN pass (remove unused cells and wires).
Finding unused cells or wires in module \ex251_semantic_int3_dot2_arith_qcase..

2.19. Executing OPT pass (performing simple optimizations).

2.19.1. Executing OPT_EXPR pass (perform const folding).
Optimizing module ex251_semantic_int3_dot2_arith_qcase.

2.19.2. Executing OPT_MERGE pass (detect identical cells).
Finding identical cells in module `\ex251_semantic_int3_dot2_arith_qcase'.
Computing hashes of 28 cells of `\ex251_semantic_int3_dot2_arith_qcase'.
Finding duplicate cells in `\ex251_semantic_int3_dot2_arith_qcase'.
Removed a total of 0 cells.

2.19.3. Executing OPT_DFF pass (perform DFF optimizations).

2.19.4. Executing OPT_CLEAN pass (remove unused cells and wires).
Finding unused cells or wires in module \ex251_semantic_int3_dot2_arith_qcase..

2.19.5. Finished fast OPT passes.

2.20. Executing MEMORY_MAP pass (converting memories to logic and flip-flops).
Mapping memory $auto$proc_rom.cc:155:do_switch$79 in module \ex251_semantic_int3_dot2_arith_qcase:
  created 128 $dff cells and 0 static cells of width 7.
  read interface: 0 $dff and 127 $mux cells.
  write interface: 0 write mux blocks.

2.21. Executing OPT pass (performing simple optimizations).

2.21.1. Executing OPT_EXPR pass (perform const folding).
Optimizing module ex251_semantic_int3_dot2_arith_qcase.

2.21.2. Executing OPT_MERGE pass (detect identical cells).
Finding identical cells in module `\ex251_semantic_int3_dot2_arith_qcase'.
Computing hashes of 92 cells of `\ex251_semantic_int3_dot2_arith_qcase'.
Finding duplicate cells in `\ex251_semantic_int3_dot2_arith_qcase'.
Removed a total of 0 cells.

2.21.3. Executing OPT_MUXTREE pass (detect dead branches in mux trees).
Running muxtree optimizer on module \ex251_semantic_int3_dot2_arith_qcase..
  Creating internal representation of mux trees.
  Evaluating internal representation of mux trees.
  Analyzing evaluation results.
Removed 0 multiplexer ports.

2.21.4. Executing OPT_REDUCE pass (consolidate $*mux and $reduce_* inputs).
  Optimizing cells in module \ex251_semantic_int3_dot2_arith_qcase.
    Consolidated identical input bits for $mux cell $memory$auto$proc_rom.cc:155:do_switch$79$rdmux[0][6][0]$301:
      Old ports: A=7'0000000, B=7'0101000, Y=$memory$auto$proc_rom.cc:155:do_switch$79$rdmux[0][5][0]$a$206
      New ports: A=1'0, B=1'1, Y=$memory$auto$proc_rom.cc:155:do_switch$79$rdmux[0][5][0]$a$206 [3]
      New connections: { $memory$auto$proc_rom.cc:155:do_switch$79$rdmux[0][5][0]$a$206 [6:4] $memory$auto$proc_rom.cc:155:do_switch$79$rdmux[0][5][0]$a$206 [2:0] } = { 1'0 $memory$auto$proc_rom.cc:155:do_switch$79$rdmux[0][5][0]$a$206 [3] 4'0000 }
    Consolidated identical input bits for $mux cell $memory$auto$proc_rom.cc:155:do_switch$79$rdmux[0][6][21]$364:
      Old ports: A=7'1010010, B=7'1010011, Y=$memory$auto$proc_rom.cc:155:do_switch$79$rdmux[0][5][10]$b$237
      New ports: A=1'0, B=1'1, Y=$memory$auto$proc_rom.cc:155:do_switch$79$rdmux[0][5][10]$b$237 [0]
      New connections: $memory$auto$proc_rom.cc:155:do_switch$79$rdmux[0][5][10]$b$237 [6:1] = 6'101001
    Consolidated identical input bits for $mux cell $memory$auto$proc_rom.cc:155:do_switch$79$rdmux[0][6][4]$313:
      Old ports: A=7'1000000, B=7'1000001, Y=$memory$auto$proc_rom.cc:155:do_switch$79$rdmux[0][5][2]$a$212
      New ports: A=1'0, B=1'1, Y=$memory$auto$proc_rom.cc:155:do_switch$79$rdmux[0][5][2]$a$212 [0]
      New connections: $memory$auto$proc_rom.cc:155:do_switch$79$rdmux[0][5][2]$a$212 [6:1] = 6'100000
    Consolidated identical input bits for $mux cell $memory$auto$proc_rom.cc:155:do_switch$79$rdmux[0][6][9]$328:
      Old ports: A=7'1001001, B=7'1001010, Y=$memory$auto$proc_rom.cc:155:do_switch$79$rdmux[0][5][4]$b$219
      New ports: A=2'01, B=2'10, Y=$memory$auto$proc_rom.cc:155:do_switch$79$rdmux[0][5][4]$b$219 [1:0]
      New connections: $memory$auto$proc_rom.cc:155:do_switch$79$rdmux[0][5][4]$b$219 [6:2] = 5'10010
    Consolidated identical input bits for $mux cell $memory$auto$proc_rom.cc:155:do_switch$79$rdmux[0][6][5]$316:
      Old ports: A=7'1000010, B=7'1000011, Y=$memory$auto$proc_rom.cc:155:do_switch$79$rdmux[0][5][2]$b$213
      New ports: A=1'0, B=1'1, Y=$memory$auto$proc_rom.cc:155:do_switch$79$rdmux[0][5][2]$b$213 [0]
      New connections: $memory$auto$proc_rom.cc:155:do_switch$79$rdmux[0][5][2]$b$213 [6:1] = 6'100001
    Consolidated identical input bits for $mux cell $memory$auto$proc_rom.cc:155:do_switch$79$rdmux[0][6][13]$340:
      Old ports: A=7'1001101, B=7'1001110, Y=$memory$auto$proc_rom.cc:155:do_switch$79$rdmux[0][5][6]$b$225
      New ports: A=2'01, B=2'10, Y=$memory$auto$proc_rom.cc:155:do_switch$79$rdmux[0][5][6]$b$225 [1:0]
      New connections: $memory$auto$proc_rom.cc:155:do_switch$79$rdmux[0][5][6]$b$225 [6:2] = 5'10011
    Consolidated identical input bits for $mux cell $memory$auto$proc_rom.cc:155:do_switch$79$rdmux[0][6][11]$334:
      Old ports: A=7'1001011, B=7'1001100, Y=$memory$auto$proc_rom.cc:155:do_switch$79$rdmux[0][5][5]$b$222
      New ports: A=2'01, B=2'10, Y={ $memory$auto$proc_rom.cc:155:do_switch$79$rdmux[0][5][5]$b$222 [2] $memory$auto$proc_rom.cc:155:do_switch$79$rdmux[0][5][5]$b$222 [0] }
      New connections: { $memory$auto$proc_rom.cc:155:do_switch$79$rdmux[0][5][5]$b$222 [6:3] $memory$auto$proc_rom.cc:155:do_switch$79$rdmux[0][5][5]$b$222 [1] } = { 4'1001 $memory$auto$proc_rom.cc:155:do_switch$79$rdmux[0][5][5]$b$222 [0] }
    Consolidated identical input bits for $mux cell $memory$auto$proc_rom.cc:155:do_switch$79$rdmux[0][6][15]$346:
      Old ports: A=7'1001111, B=7'1010000, Y=$memory$auto$proc_rom.cc:155:do_switch$79$rdmux[0][5][7]$b$228
      New ports: A=2'01, B=2'10, Y={ $memory$auto$proc_rom.cc:155:do_switch$79$rdmux[0][5][7]$b$228 [4] $memory$auto$proc_rom.cc:155:do_switch$79$rdmux[0][5][7]$b$228 [0] }
      New connections: { $memory$auto$proc_rom.cc:155:do_switch$79$rdmux[0][5][7]$b$228 [6:5] $memory$auto$proc_rom.cc:155:do_switch$79$rdmux[0][5][7]$b$228 [3:1] } = { 2'10 $memory$auto$proc_rom.cc:155:do_switch$79$rdmux[0][5][7]$b$228 [0] $memory$auto$proc_rom.cc:155:do_switch$79$rdmux[0][5][7]$b$228 [0] $memory$auto$proc_rom.cc:155:do_switch$79$rdmux[0][5][7]$b$228 [0] }
    Consolidated identical input bits for $mux cell $memory$auto$proc_rom.cc:155:do_switch$79$rdmux[0][6][17]$352:
      Old ports: A=7'1010000, B=7'1010001, Y=$memory$auto$proc_rom.cc:155:do_switch$79$rdmux[0][5][8]$b$231
      New ports: A=1'0, B=1'1, Y=$memory$auto$proc_rom.cc:155:do_switch$79$rdmux[0][5][8]$b$231 [0]
      New connections: $memory$auto$proc_rom.cc:155:do_switch$79$rdmux[0][5][8]$b$231 [6:1] = 6'101000
    Consolidated identical input bits for $mux cell $memory$auto$proc_rom.cc:155:do_switch$79$rdmux[0][6][1]$304:
      Old ports: A=7'0110000, B=7'0110100, Y=$memory$auto$proc_rom.cc:155:do_switch$79$rdmux[0][5][0]$b$207
      New ports: A=1'0, B=1'1, Y=$memory$auto$proc_rom.cc:155:do_switch$79$rdmux[0][5][0]$b$207 [2]
      New connections: { $memory$auto$proc_rom.cc:155:do_switch$79$rdmux[0][5][0]$b$207 [6:3] $memory$auto$proc_rom.cc:155:do_switch$79$rdmux[0][5][0]$b$207 [1:0] } = 6'011000
    Consolidated identical input bits for $mux cell $memory$auto$proc_rom.cc:155:do_switch$79$rdmux[0][6][25]$376:
      Old ports: A=7'1010100, B=7'1010101, Y=$memory$auto$proc_rom.cc:155:do_switch$79$rdmux[0][5][12]$b$243
      New ports: A=1'0, B=1'1, Y=$memory$auto$proc_rom.cc:155:do_switch$79$rdmux[0][5][12]$b$243 [0]
      New connections: $memory$auto$proc_rom.cc:155:do_switch$79$rdmux[0][5][12]$b$243 [6:1] = 6'101010
    Consolidated identical input bits for $mux cell $memory$auto$proc_rom.cc:155:do_switch$79$rdmux[0][6][7]$322:
      Old ports: A=7'1000110, B=7'1000111, Y=$memory$auto$proc_rom.cc:155:do_switch$79$rdmux[0][5][3]$b$216
      New ports: A=1'0, B=1'1, Y=$memory$auto$proc_rom.cc:155:do_switch$79$rdmux[0][5][3]$b$216 [0]
      New connections: $memory$auto$proc_rom.cc:155:do_switch$79$rdmux[0][5][3]$b$216 [6:1] = 6'100011
    Consolidated identical input bits for $mux cell $memory$auto$proc_rom.cc:155:do_switch$79$rdmux[0][6][3]$310:
      Old ports: A=7'0111100, B=7'0111110, Y=$memory$auto$proc_rom.cc:155:do_switch$79$rdmux[0][5][1]$b$210
      New ports: A=1'0, B=1'1, Y=$memory$auto$proc_rom.cc:155:do_switch$79$rdmux[0][5][1]$b$210 [1]
      New connections: { $memory$auto$proc_rom.cc:155:do_switch$79$rdmux[0][5][1]$b$210 [6:2] $memory$auto$proc_rom.cc:155:do_switch$79$rdmux[0][5][1]$b$210 [0] } = 6'011110
    Consolidated identical input bits for $mux cell $memory$auto$proc_rom.cc:155:do_switch$79$rdmux[0][6][29]$388:
      Old ports: A=7'1010110, B=7'1010111, Y=$memory$auto$proc_rom.cc:155:do_switch$79$rdmux[0][5][14]$b$249
      New ports: A=1'0, B=1'1, Y=$memory$auto$proc_rom.cc:155:do_switch$79$rdmux[0][5][14]$b$249 [0]
      New connections: $memory$auto$proc_rom.cc:155:do_switch$79$rdmux[0][5][14]$b$249 [6:1] = 6'101011
    Consolidated identical input bits for $mux cell $memory$auto$proc_rom.cc:155:do_switch$79$rdmux[0][5][15]$250:
      Old ports: A=7'1010111, B=7'1011000, Y=$memory$auto$proc_rom.cc:155:do_switch$79$rdmux[0][4][7]$b$180
      New ports: A=2'01, B=2'10, Y={ $memory$auto$proc_rom.cc:155:do_switch$79$rdmux[0][4][7]$b$180 [3] $memory$auto$proc_rom.cc:155:do_switch$79$rdmux[0][4][7]$b$180 [0] }
      New connections: { $memory$auto$proc_rom.cc:155:do_switch$79$rdmux[0][4][7]$b$180 [6:4] $memory$auto$proc_rom.cc:155:do_switch$79$rdmux[0][4][7]$b$180 [2:1] } = { 3'101 $memory$auto$proc_rom.cc:155:do_switch$79$rdmux[0][4][7]$b$180 [0] $memory$auto$proc_rom.cc:155:do_switch$79$rdmux[0][4][7]$b$180 [0] }
    Consolidated identical input bits for $mux cell $memory$auto$proc_rom.cc:155:do_switch$79$rdmux[0][5][13]$244:
      Old ports: A=7'1010101, B=7'1010110, Y=$memory$auto$proc_rom.cc:155:do_switch$79$rdmux[0][4][6]$b$177
      New ports: A=2'01, B=2'10, Y=$memory$auto$proc_rom.cc:155:do_switch$79$rdmux[0][4][6]$b$177 [1:0]
      New connections: $memory$auto$proc_rom.cc:155:do_switch$79$rdmux[0][4][6]$b$177 [6:2] = 5'10101
    Consolidated identical input bits for $mux cell $memory$auto$proc_rom.cc:155:do_switch$79$rdmux[0][5][11]$238:
      Old ports: A=7'1010011, B=7'1010100, Y=$memory$auto$proc_rom.cc:155:do_switch$79$rdmux[0][4][5]$b$174
      New ports: A=2'01, B=2'10, Y={ $memory$auto$proc_rom.cc:155:do_switch$79$rdmux[0][4][5]$b$174 [2] $memory$auto$proc_rom.cc:155:do_switch$79$rdmux[0][4][5]$b$174 [0] }
      New connections: { $memory$auto$proc_rom.cc:155:do_switch$79$rdmux[0][4][5]$b$174 [6:3] $memory$auto$proc_rom.cc:155:do_switch$79$rdmux[0][4][5]$b$174 [1] } = { 4'1010 $memory$auto$proc_rom.cc:155:do_switch$79$rdmux[0][4][5]$b$174 [0] }
    Consolidated identical input bits for $mux cell $memory$auto$proc_rom.cc:155:do_switch$79$rdmux[0][5][9]$232:
      Old ports: A=7'1010001, B=7'1010010, Y=$memory$auto$proc_rom.cc:155:do_switch$79$rdmux[0][4][4]$b$171
      New ports: A=2'01, B=2'10, Y=$memory$auto$proc_rom.cc:155:do_switch$79$rdmux[0][4][4]$b$171 [1:0]
      New connections: $memory$auto$proc_rom.cc:155:do_switch$79$rdmux[0][4][4]$b$171 [6:2] = 5'10100
    Consolidated identical input bits for $mux cell $memory$auto$proc_rom.cc:155:do_switch$79$rdmux[0][6][49]$448:
      Old ports: A=7'1011100, B=7'1111110, Y=$memory$auto$proc_rom.cc:155:do_switch$79$rdmux[0][5][24]$b$279
      New ports: A=1'0, B=1'1, Y=$memory$auto$proc_rom.cc:155:do_switch$79$rdmux[0][5][24]$b$279 [1]
      New connections: { $memory$auto$proc_rom.cc:155:do_switch$79$rdmux[0][5][24]$b$279 [6:2] $memory$auto$proc_rom.cc:155:do_switch$79$rdmux[0][5][24]$b$279 [0] } = { 1'1 $memory$auto$proc_rom.cc:155:do_switch$79$rdmux[0][5][24]$b$279 [1] 4'1110 }
    Consolidated identical input bits for $mux cell $memory$auto$proc_rom.cc:155:do_switch$79$rdmux[0][6][42]$427:
      Old ports: A=7'1011010, B=7'1011011, Y=$memory$auto$proc_rom.cc:155:do_switch$79$rdmux[0][5][21]$a$269
      New ports: A=1'0, B=1'1, Y=$memory$auto$proc_rom.cc:155:do_switch$79$rdmux[0][5][21]$a$269 [0]
      New connections: $memory$auto$proc_rom.cc:155:do_switch$79$rdmux[0][5][21]$a$269 [6:1] = 6'101101
    Consolidated identical input bits for $mux cell $memory$auto$proc_rom.cc:155:do_switch$79$rdmux[0][6][2]$307:
      Old ports: A=7'0111000, B=7'0111010, Y=$memory$auto$proc_rom.cc:155:do_switch$79$rdmux[0][5][1]$a$209
      New ports: A=1'0, B=1'1, Y=$memory$auto$proc_rom.cc:155:do_switch$79$rdmux[0][5][1]$a$209 [1]
      New connections: { $memory$auto$proc_rom.cc:155:do_switch$79$rdmux[0][5][1]$a$209 [6:2] $memory$auto$proc_rom.cc:155:do_switch$79$rdmux[0][5][1]$a$209 [0] } = 6'011100
    Consolidated identical input bits for $mux cell $memory$auto$proc_rom.cc:155:do_switch$79$rdmux[0][4][11]$190:
      Old ports: A=7'1011011, B=7'1011100, Y=$memory$auto$proc_rom.cc:155:do_switch$79$rdmux[0][3][5]$b$150
      New ports: A=2'01, B=2'10, Y={ $memory$auto$proc_rom.cc:155:do_switch$79$rdmux[0][3][5]$b$150 [2] $memory$auto$proc_rom.cc:155:do_switch$79$rdmux[0][3][5]$b$150 [0] }
      New connections: { $memory$auto$proc_rom.cc:155:do_switch$79$rdmux[0][3][5]$b$150 [6:3] $memory$auto$proc_rom.cc:155:do_switch$79$rdmux[0][3][5]$b$150 [1] } = { 4'1011 $memory$auto$proc_rom.cc:155:do_switch$79$rdmux[0][3][5]$b$150 [0] }
    Consolidated identical input bits for $mux cell $memory$auto$proc_rom.cc:155:do_switch$79$rdmux[0][4][9]$184:
      Old ports: A=7'1011001, B=7'1011010, Y=$memory$auto$proc_rom.cc:155:do_switch$79$rdmux[0][3][4]$b$147
      New ports: A=2'01, B=2'10, Y=$memory$auto$proc_rom.cc:155:do_switch$79$rdmux[0][3][4]$b$147 [1:0]
      New connections: $memory$auto$proc_rom.cc:155:do_switch$79$rdmux[0][3][4]$b$147 [6:2] = 5'10110
    Consolidated identical input bits for $mux cell $memory$auto$proc_rom.cc:155:do_switch$79$rdmux[0][6][34]$403:
      Old ports: A=7'1011000, B=7'1011001, Y=$memory$auto$proc_rom.cc:155:do_switch$79$rdmux[0][5][17]$a$257
      New ports: A=1'0, B=1'1, Y=$memory$auto$proc_rom.cc:155:do_switch$79$rdmux[0][5][17]$a$257 [0]
      New connections: $memory$auto$proc_rom.cc:155:do_switch$79$rdmux[0][5][17]$a$257 [6:1] = 6'101100
    Consolidated identical input bits for $mux cell $memory$auto$proc_rom.cc:155:do_switch$79$rdmux[0][6][6]$319:
      Old ports: A=7'1000100, B=7'1000101, Y=$memory$auto$proc_rom.cc:155:do_switch$79$rdmux[0][5][3]$a$215
      New ports: A=1'0, B=1'1, Y=$memory$auto$proc_rom.cc:155:do_switch$79$rdmux[0][5][3]$a$215 [0]
      New connections: $memory$auto$proc_rom.cc:155:do_switch$79$rdmux[0][5][3]$a$215 [6:1] = 6'100010
  Optimizing cells in module \ex251_semantic_int3_dot2_arith_qcase.
    Consolidated identical input bits for $mux cell $memory$auto$proc_rom.cc:155:do_switch$79$rdmux[0][5][24]$277:
      Old ports: A=7'1011100, B=$memory$auto$proc_rom.cc:155:do_switch$79$rdmux[0][5][24]$b$279, Y=$memory$auto$proc_rom.cc:155:do_switch$79$rdmux[0][4][12]$a$194
      New ports: A=1'0, B=$memory$auto$proc_rom.cc:155:do_switch$79$rdmux[0][5][24]$b$279 [1], Y=$memory$auto$proc_rom.cc:155:do_switch$79$rdmux[0][4][12]$a$194 [1]
      New connections: { $memory$auto$proc_rom.cc:155:do_switch$79$rdmux[0][4][12]$a$194 [6:2] $memory$auto$proc_rom.cc:155:do_switch$79$rdmux[0][4][12]$a$194 [0] } = { 1'1 $memory$auto$proc_rom.cc:155:do_switch$79$rdmux[0][4][12]$a$194 [1] 4'1110 }
    Consolidated identical input bits for $mux cell $memory$auto$proc_rom.cc:155:do_switch$79$rdmux[0][5][21]$268:
      Old ports: A=$memory$auto$proc_rom.cc:155:do_switch$79$rdmux[0][5][21]$a$269, B=7'1011011, Y=$memory$auto$proc_rom.cc:155:do_switch$79$rdmux[0][4][10]$b$189
      New ports: A=$memory$auto$proc_rom.cc:155:do_switch$79$rdmux[0][5][21]$a$269 [0], B=1'1, Y=$memory$auto$proc_rom.cc:155:do_switch$79$rdmux[0][4][10]$b$189 [0]
      New connections: $memory$auto$proc_rom.cc:155:do_switch$79$rdmux[0][4][10]$b$189 [6:1] = 6'101101
    Consolidated identical input bits for $mux cell $memory$auto$proc_rom.cc:155:do_switch$79$rdmux[0][5][17]$256:
      Old ports: A=$memory$auto$proc_rom.cc:155:do_switch$79$rdmux[0][5][17]$a$257, B=7'1011001, Y=$memory$auto$proc_rom.cc:155:do_switch$79$rdmux[0][4][8]$b$183
      New ports: A=$memory$auto$proc_rom.cc:155:do_switch$79$rdmux[0][5][17]$a$257 [0], B=1'1, Y=$memory$auto$proc_rom.cc:155:do_switch$79$rdmux[0][4][8]$b$183 [0]
      New connections: $memory$auto$proc_rom.cc:155:do_switch$79$rdmux[0][4][8]$b$183 [6:1] = 6'101100
    Consolidated identical input bits for $mux cell $memory$auto$proc_rom.cc:155:do_switch$79$rdmux[0][5][14]$247:
      Old ports: A=7'1010110, B=$memory$auto$proc_rom.cc:155:do_switch$79$rdmux[0][5][14]$b$249, Y=$memory$auto$proc_rom.cc:155:do_switch$79$rdmux[0][4][7]$a$179
      New ports: A=1'0, B=$memory$auto$proc_rom.cc:155:do_switch$79$rdmux[0][5][14]$b$249 [0], Y=$memory$auto$proc_rom.cc:155:do_switch$79$rdmux[0][4][7]$a$179 [0]
      New connections: $memory$auto$proc_rom.cc:155:do_switch$79$rdmux[0][4][7]$a$179 [6:1] = 6'101011
    Consolidated identical input bits for $mux cell $memory$auto$proc_rom.cc:155:do_switch$79$rdmux[0][5][12]$241:
      Old ports: A=7'1010100, B=$memory$auto$proc_rom.cc:155:do_switch$79$rdmux[0][5][12]$b$243, Y=$memory$auto$proc_rom.cc:155:do_switch$79$rdmux[0][4][6]$a$176
      New ports: A=1'0, B=$memory$auto$proc_rom.cc:155:do_switch$79$rdmux[0][5][12]$b$243 [0], Y=$memory$auto$proc_rom.cc:155:do_switch$79$rdmux[0][4][6]$a$176 [0]
      New connections: $memory$auto$proc_rom.cc:155:do_switch$79$rdmux[0][4][6]$a$176 [6:1] = 6'101010
    Consolidated identical input bits for $mux cell $memory$auto$proc_rom.cc:155:do_switch$79$rdmux[0][5][10]$235:
      Old ports: A=7'1010010, B=$memory$auto$proc_rom.cc:155:do_switch$79$rdmux[0][5][10]$b$237, Y=$memory$auto$proc_rom.cc:155:do_switch$79$rdmux[0][4][5]$a$173
      New ports: A=1'0, B=$memory$auto$proc_rom.cc:155:do_switch$79$rdmux[0][5][10]$b$237 [0], Y=$memory$auto$proc_rom.cc:155:do_switch$79$rdmux[0][4][5]$a$173 [0]
      New connections: $memory$auto$proc_rom.cc:155:do_switch$79$rdmux[0][4][5]$a$173 [6:1] = 6'101001
    Consolidated identical input bits for $mux cell $memory$auto$proc_rom.cc:155:do_switch$79$rdmux[0][5][8]$229:
      Old ports: A=7'1010000, B=$memory$auto$proc_rom.cc:155:do_switch$79$rdmux[0][5][8]$b$231, Y=$memory$auto$proc_rom.cc:155:do_switch$79$rdmux[0][4][4]$a$170
      New ports: A=1'0, B=$memory$auto$proc_rom.cc:155:do_switch$79$rdmux[0][5][8]$b$231 [0], Y=$memory$auto$proc_rom.cc:155:do_switch$79$rdmux[0][4][4]$a$170 [0]
      New connections: $memory$auto$proc_rom.cc:155:do_switch$79$rdmux[0][4][4]$a$170 [6:1] = 6'101000
    Consolidated identical input bits for $mux cell $memory$auto$proc_rom.cc:155:do_switch$79$rdmux[0][5][7]$226:
      Old ports: A=7'1001110, B=$memory$auto$proc_rom.cc:155:do_switch$79$rdmux[0][5][7]$b$228, Y=$memory$auto$proc_rom.cc:155:do_switch$79$rdmux[0][4][3]$b$168
      New ports: A=3'010, B={ $memory$auto$proc_rom.cc:155:do_switch$79$rdmux[0][5][7]$b$228 [4] $memory$auto$proc_rom.cc:155:do_switch$79$rdmux[0][5][7]$b$228 [0] $memory$auto$proc_rom.cc:155:do_switch$79$rdmux[0][5][7]$b$228 [0] }, Y={ $memory$auto$proc_rom.cc:155:do_switch$79$rdmux[0][4][3]$b$168 [4] $memory$auto$proc_rom.cc:155:do_switch$79$rdmux[0][4][3]$b$168 [1:0] }
      New connections: { $memory$auto$proc_rom.cc:155:do_switch$79$rdmux[0][4][3]$b$168 [6:5] $memory$auto$proc_rom.cc:155:do_switch$79$rdmux[0][4][3]$b$168 [3:2] } = { 2'10 $memory$auto$proc_rom.cc:155:do_switch$79$rdmux[0][4][3]$b$168 [1] $memory$auto$proc_rom.cc:155:do_switch$79$rdmux[0][4][3]$b$168 [1] }
    Consolidated identical input bits for $mux cell $memory$auto$proc_rom.cc:155:do_switch$79$rdmux[0][5][6]$223:
      Old ports: A=7'1001100, B=$memory$auto$proc_rom.cc:155:do_switch$79$rdmux[0][5][6]$b$225, Y=$memory$auto$proc_rom.cc:155:do_switch$79$rdmux[0][4][3]$a$167
      New ports: A=2'00, B=$memory$auto$proc_rom.cc:155:do_switch$79$rdmux[0][5][6]$b$225 [1:0], Y=$memory$auto$proc_rom.cc:155:do_switch$79$rdmux[0][4][3]$a$167 [1:0]
      New connections: $memory$auto$proc_rom.cc:155:do_switch$79$rdmux[0][4][3]$a$167 [6:2] = 5'10011
    Consolidated identical input bits for $mux cell $memory$auto$proc_rom.cc:155:do_switch$79$rdmux[0][5][5]$220:
      Old ports: A=7'1001010, B=$memory$auto$proc_rom.cc:155:do_switch$79$rdmux[0][5][5]$b$222, Y=$memory$auto$proc_rom.cc:155:do_switch$79$rdmux[0][4][2]$b$165
      New ports: A=3'010, B={ $memory$auto$proc_rom.cc:155:do_switch$79$rdmux[0][5][5]$b$222 [2] $memory$auto$proc_rom.cc:155:do_switch$79$rdmux[0][5][5]$b$222 [0] $memory$auto$proc_rom.cc:155:do_switch$79$rdmux[0][5][5]$b$222 [0] }, Y=$memory$auto$proc_rom.cc:155:do_switch$79$rdmux[0][4][2]$b$165 [2:0]
      New connections: $memory$auto$proc_rom.cc:155:do_switch$79$rdmux[0][4][2]$b$165 [6:3] = 4'1001
    Consolidated identical input bits for $mux cell $memory$auto$proc_rom.cc:155:do_switch$79$rdmux[0][5][4]$217:
      Old ports: A=7'1001000, B=$memory$auto$proc_rom.cc:155:do_switch$79$rdmux[0][5][4]$b$219, Y=$memory$auto$proc_rom.cc:155:do_switch$79$rdmux[0][4][2]$a$164
      New ports: A=2'00, B=$memory$auto$proc_rom.cc:155:do_switch$79$rdmux[0][5][4]$b$219 [1:0], Y=$memory$auto$proc_rom.cc:155:do_switch$79$rdmux[0][4][2]$a$164 [1:0]
      New connections: $memory$auto$proc_rom.cc:155:do_switch$79$rdmux[0][4][2]$a$164 [6:2] = 5'10010
    Consolidated identical input bits for $mux cell $memory$auto$proc_rom.cc:155:do_switch$79$rdmux[0][5][3]$214:
      Old ports: A=$memory$auto$proc_rom.cc:155:do_switch$79$rdmux[0][5][3]$a$215, B=$memory$auto$proc_rom.cc:155:do_switch$79$rdmux[0][5][3]$b$216, Y=$memory$auto$proc_rom.cc:155:do_switch$79$rdmux[0][4][1]$b$162
      New ports: A={ 1'0 $memory$auto$proc_rom.cc:155:do_switch$79$rdmux[0][5][3]$a$215 [0] }, B={ 1'1 $memory$auto$proc_rom.cc:155:do_switch$79$rdmux[0][5][3]$b$216 [0] }, Y=$memory$auto$proc_rom.cc:155:do_switch$79$rdmux[0][4][1]$b$162 [1:0]
      New connections: $memory$auto$proc_rom.cc:155:do_switch$79$rdmux[0][4][1]$b$162 [6:2] = 5'10001
    Consolidated identical input bits for $mux cell $memory$auto$proc_rom.cc:155:do_switch$79$rdmux[0][5][2]$211:
      Old ports: A=$memory$auto$proc_rom.cc:155:do_switch$79$rdmux[0][5][2]$a$212, B=$memory$auto$proc_rom.cc:155:do_switch$79$rdmux[0][5][2]$b$213, Y=$memory$auto$proc_rom.cc:155:do_switch$79$rdmux[0][4][1]$a$161
      New ports: A={ 1'0 $memory$auto$proc_rom.cc:155:do_switch$79$rdmux[0][5][2]$a$212 [0] }, B={ 1'1 $memory$auto$proc_rom.cc:155:do_switch$79$rdmux[0][5][2]$b$213 [0] }, Y=$memory$auto$proc_rom.cc:155:do_switch$79$rdmux[0][4][1]$a$161 [1:0]
      New connections: $memory$auto$proc_rom.cc:155:do_switch$79$rdmux[0][4][1]$a$161 [6:2] = 5'10000
    Consolidated identical input bits for $mux cell $memory$auto$proc_rom.cc:155:do_switch$79$rdmux[0][5][1]$208:
      Old ports: A=$memory$auto$proc_rom.cc:155:do_switch$79$rdmux[0][5][1]$a$209, B=$memory$auto$proc_rom.cc:155:do_switch$79$rdmux[0][5][1]$b$210, Y=$memory$auto$proc_rom.cc:155:do_switch$79$rdmux[0][4][0]$b$159
      New ports: A={ 1'0 $memory$auto$proc_rom.cc:155:do_switch$79$rdmux[0][5][1]$a$209 [1] }, B={ 1'1 $memory$auto$proc_rom.cc:155:do_switch$79$rdmux[0][5][1]$b$210 [1] }, Y=$memory$auto$proc_rom.cc:155:do_switch$79$rdmux[0][4][0]$b$159 [2:1]
      New connections: { $memory$auto$proc_rom.cc:155:do_switch$79$rdmux[0][4][0]$b$159 [6:3] $memory$auto$proc_rom.cc:155:do_switch$79$rdmux[0][4][0]$b$159 [0] } = 5'01110
    Consolidated identical input bits for $mux cell $memory$auto$proc_rom.cc:155:do_switch$79$rdmux[0][5][0]$205:
      Old ports: A=$memory$auto$proc_rom.cc:155:do_switch$79$rdmux[0][5][0]$a$206, B=$memory$auto$proc_rom.cc:155:do_switch$79$rdmux[0][5][0]$b$207, Y=$memory$auto$proc_rom.cc:155:do_switch$79$rdmux[0][4][0]$a$158
      New ports: A={ $memory$auto$proc_rom.cc:155:do_switch$79$rdmux[0][5][0]$a$206 [3] 1'0 $memory$auto$proc_rom.cc:155:do_switch$79$rdmux[0][5][0]$a$206 [3] 1'0 }, B={ 3'110 $memory$auto$proc_rom.cc:155:do_switch$79$rdmux[0][5][0]$b$207 [2] }, Y=$memory$auto$proc_rom.cc:155:do_switch$79$rdmux[0][4][0]$a$158 [5:2]
      New connections: { $memory$auto$proc_rom.cc:155:do_switch$79$rdmux[0][4][0]$a$158 [6] $memory$auto$proc_rom.cc:155:do_switch$79$rdmux[0][4][0]$a$158 [1:0] } = 3'000
  Optimizing cells in module \ex251_semantic_int3_dot2_arith_qcase.
    Consolidated identical input bits for $mux cell $memory$auto$proc_rom.cc:155:do_switch$79$rdmux[0][4][12]$193:
      Old ports: A=$memory$auto$proc_rom.cc:155:do_switch$79$rdmux[0][4][12]$a$194, B=7'1111110, Y=$memory$auto$proc_rom.cc:155:do_switch$79$rdmux[0][3][6]$a$152
      New ports: A=$memory$auto$proc_rom.cc:155:do_switch$79$rdmux[0][4][12]$a$194 [1], B=1'1, Y=$memory$auto$proc_rom.cc:155:do_switch$79$rdmux[0][3][6]$a$152 [1]
      New connections: { $memory$auto$proc_rom.cc:155:do_switch$79$rdmux[0][3][6]$a$152 [6:2] $memory$auto$proc_rom.cc:155:do_switch$79$rdmux[0][3][6]$a$152 [0] } = { 1'1 $memory$auto$proc_rom.cc:155:do_switch$79$rdmux[0][3][6]$a$152 [1] 4'1110 }
    Consolidated identical input bits for $mux cell $memory$auto$proc_rom.cc:155:do_switch$79$rdmux[0][4][10]$187:
      Old ports: A=7'1011010, B=$memory$auto$proc_rom.cc:155:do_switch$79$rdmux[0][4][10]$b$189, Y=$memory$auto$proc_rom.cc:155:do_switch$79$rdmux[0][3][5]$a$149
      New ports: A=1'0, B=$memory$auto$proc_rom.cc:155:do_switch$79$rdmux[0][4][10]$b$189 [0], Y=$memory$auto$proc_rom.cc:155:do_switch$79$rdmux[0][3][5]$a$149 [0]
      New connections: $memory$auto$proc_rom.cc:155:do_switch$79$rdmux[0][3][5]$a$149 [6:1] = 6'101101
    Consolidated identical input bits for $mux cell $memory$auto$proc_rom.cc:155:do_switch$79$rdmux[0][4][8]$181:
      Old ports: A=7'1011000, B=$memory$auto$proc_rom.cc:155:do_switch$79$rdmux[0][4][8]$b$183, Y=$memory$auto$proc_rom.cc:155:do_switch$79$rdmux[0][3][4]$a$146
      New ports: A=1'0, B=$memory$auto$proc_rom.cc:155:do_switch$79$rdmux[0][4][8]$b$183 [0], Y=$memory$auto$proc_rom.cc:155:do_switch$79$rdmux[0][3][4]$a$146 [0]
      New connections: $memory$auto$proc_rom.cc:155:do_switch$79$rdmux[0][3][4]$a$146 [6:1] = 6'101100
    Consolidated identical input bits for $mux cell $memory$auto$proc_rom.cc:155:do_switch$79$rdmux[0][4][7]$178:
      Old ports: A=$memory$auto$proc_rom.cc:155:do_switch$79$rdmux[0][4][7]$a$179, B=$memory$auto$proc_rom.cc:155:do_switch$79$rdmux[0][4][7]$b$180, Y=$memory$auto$proc_rom.cc:155:do_switch$79$rdmux[0][3][3]$b$144
      New ports: A={ 2'01 $memory$auto$proc_rom.cc:155:do_switch$79$rdmux[0][4][7]$a$179 [0] }, B={ $memory$auto$proc_rom.cc:155:do_switch$79$rdmux[0][4][7]$b$180 [3] $memory$auto$proc_rom.cc:155:do_switch$79$rdmux[0][4][7]$b$180 [0] $memory$auto$proc_rom.cc:155:do_switch$79$rdmux[0][4][7]$b$180 [0] }, Y={ $memory$auto$proc_rom.cc:155:do_switch$79$rdmux[0][3][3]$b$144 [3] $memory$auto$proc_rom.cc:155:do_switch$79$rdmux[0][3][3]$b$144 [1:0] }
      New connections: { $memory$auto$proc_rom.cc:155:do_switch$79$rdmux[0][3][3]$b$144 [6:4] $memory$auto$proc_rom.cc:155:do_switch$79$rdmux[0][3][3]$b$144 [2] } = { 3'101 $memory$auto$proc_rom.cc:155:do_switch$79$rdmux[0][3][3]$b$144 [1] }
    Consolidated identical input bits for $mux cell $memory$auto$proc_rom.cc:155:do_switch$79$rdmux[0][4][6]$175:
      Old ports: A=$memory$auto$proc_rom.cc:155:do_switch$79$rdmux[0][4][6]$a$176, B=$memory$auto$proc_rom.cc:155:do_switch$79$rdmux[0][4][6]$b$177, Y=$memory$auto$proc_rom.cc:155:do_switch$79$rdmux[0][3][3]$a$143
      New ports: A={ 1'0 $memory$auto$proc_rom.cc:155:do_switch$79$rdmux[0][4][6]$a$176 [0] }, B=$memory$auto$proc_rom.cc:155:do_switch$79$rdmux[0][4][6]$b$177 [1:0], Y=$memory$auto$proc_rom.cc:155:do_switch$79$rdmux[0][3][3]$a$143 [1:0]
      New connections: $memory$auto$proc_rom.cc:155:do_switch$79$rdmux[0][3][3]$a$143 [6:2] = 5'10101
    Consolidated identical input bits for $mux cell $memory$auto$proc_rom.cc:155:do_switch$79$rdmux[0][4][5]$172:
      Old ports: A=$memory$auto$proc_rom.cc:155:do_switch$79$rdmux[0][4][5]$a$173, B=$memory$auto$proc_rom.cc:155:do_switch$79$rdmux[0][4][5]$b$174, Y=$memory$auto$proc_rom.cc:155:do_switch$79$rdmux[0][3][2]$b$141
      New ports: A={ 2'01 $memory$auto$proc_rom.cc:155:do_switch$79$rdmux[0][4][5]$a$173 [0] }, B={ $memory$auto$proc_rom.cc:155:do_switch$79$rdmux[0][4][5]$b$174 [2] $memory$auto$proc_rom.cc:155:do_switch$79$rdmux[0][4][5]$b$174 [0] $memory$auto$proc_rom.cc:155:do_switch$79$rdmux[0][4][5]$b$174 [0] }, Y=$memory$auto$proc_rom.cc:155:do_switch$79$rdmux[0][3][2]$b$141 [2:0]
      New connections: $memory$auto$proc_rom.cc:155:do_switch$79$rdmux[0][3][2]$b$141 [6:3] = 4'1010
    Consolidated identical input bits for $mux cell $memory$auto$proc_rom.cc:155:do_switch$79$rdmux[0][4][4]$169:
      Old ports: A=$memory$auto$proc_rom.cc:155:do_switch$79$rdmux[0][4][4]$a$170, B=$memory$auto$proc_rom.cc:155:do_switch$79$rdmux[0][4][4]$b$171, Y=$memory$auto$proc_rom.cc:155:do_switch$79$rdmux[0][3][2]$a$140
      New ports: A={ 1'0 $memory$auto$proc_rom.cc:155:do_switch$79$rdmux[0][4][4]$a$170 [0] }, B=$memory$auto$proc_rom.cc:155:do_switch$79$rdmux[0][4][4]$b$171 [1:0], Y=$memory$auto$proc_rom.cc:155:do_switch$79$rdmux[0][3][2]$a$140 [1:0]
      New connections: $memory$auto$proc_rom.cc:155:do_switch$79$rdmux[0][3][2]$a$140 [6:2] = 5'10100
    Consolidated identical input bits for $mux cell $memory$auto$proc_rom.cc:155:do_switch$79$rdmux[0][4][3]$166:
      Old ports: A=$memory$auto$proc_rom.cc:155:do_switch$79$rdmux[0][4][3]$a$167, B=$memory$auto$proc_rom.cc:155:do_switch$79$rdmux[0][4][3]$b$168, Y=$memory$auto$proc_rom.cc:155:do_switch$79$rdmux[0][3][1]$b$138
      New ports: A={ 2'01 $memory$auto$proc_rom.cc:155:do_switch$79$rdmux[0][4][3]$a$167 [1:0] }, B={ $memory$auto$proc_rom.cc:155:do_switch$79$rdmux[0][4][3]$b$168 [4] $memory$auto$proc_rom.cc:155:do_switch$79$rdmux[0][4][3]$b$168 [1] $memory$auto$proc_rom.cc:155:do_switch$79$rdmux[0][4][3]$b$168 [1:0] }, Y={ $memory$auto$proc_rom.cc:155:do_switch$79$rdmux[0][3][1]$b$138 [4] $memory$auto$proc_rom.cc:155:do_switch$79$rdmux[0][3][1]$b$138 [2:0] }
      New connections: { $memory$auto$proc_rom.cc:155:do_switch$79$rdmux[0][3][1]$b$138 [6:5] $memory$auto$proc_rom.cc:155:do_switch$79$rdmux[0][3][1]$b$138 [3] } = { 2'10 $memory$auto$proc_rom.cc:155:do_switch$79$rdmux[0][3][1]$b$138 [2] }
    Consolidated identical input bits for $mux cell $memory$auto$proc_rom.cc:155:do_switch$79$rdmux[0][4][2]$163:
      Old ports: A=$memory$auto$proc_rom.cc:155:do_switch$79$rdmux[0][4][2]$a$164, B=$memory$auto$proc_rom.cc:155:do_switch$79$rdmux[0][4][2]$b$165, Y=$memory$auto$proc_rom.cc:155:do_switch$79$rdmux[0][3][1]$a$137
      New ports: A={ 1'0 $memory$auto$proc_rom.cc:155:do_switch$79$rdmux[0][4][2]$a$164 [1:0] }, B=$memory$auto$proc_rom.cc:155:do_switch$79$rdmux[0][4][2]$b$165 [2:0], Y=$memory$auto$proc_rom.cc:155:do_switch$79$rdmux[0][3][1]$a$137 [2:0]
      New connections: $memory$auto$proc_rom.cc:155:do_switch$79$rdmux[0][3][1]$a$137 [6:3] = 4'1001
    Consolidated identical input bits for $mux cell $memory$auto$proc_rom.cc:155:do_switch$79$rdmux[0][4][1]$160:
      Old ports: A=$memory$auto$proc_rom.cc:155:do_switch$79$rdmux[0][4][1]$a$161, B=$memory$auto$proc_rom.cc:155:do_switch$79$rdmux[0][4][1]$b$162, Y=$memory$auto$proc_rom.cc:155:do_switch$79$rdmux[0][3][0]$b$135
      New ports: A={ 1'0 $memory$auto$proc_rom.cc:155:do_switch$79$rdmux[0][4][1]$a$161 [1:0] }, B={ 1'1 $memory$auto$proc_rom.cc:155:do_switch$79$rdmux[0][4][1]$b$162 [1:0] }, Y=$memory$auto$proc_rom.cc:155:do_switch$79$rdmux[0][3][0]$b$135 [2:0]
      New connections: $memory$auto$proc_rom.cc:155:do_switch$79$rdmux[0][3][0]$b$135 [6:3] = 4'1000
    Consolidated identical input bits for $mux cell $memory$auto$proc_rom.cc:155:do_switch$79$rdmux[0][4][0]$157:
      Old ports: A=$memory$auto$proc_rom.cc:155:do_switch$79$rdmux[0][4][0]$a$158, B=$memory$auto$proc_rom.cc:155:do_switch$79$rdmux[0][4][0]$b$159, Y=$memory$auto$proc_rom.cc:155:do_switch$79$rdmux[0][3][0]$a$134
      New ports: A={ $memory$auto$proc_rom.cc:155:do_switch$79$rdmux[0][4][0]$a$158 [5:2] 1'0 }, B={ 3'111 $memory$auto$proc_rom.cc:155:do_switch$79$rdmux[0][4][0]$b$159 [2:1] }, Y=$memory$auto$proc_rom.cc:155:do_switch$79$rdmux[0][3][0]$a$134 [5:1]
      New connections: { $memory$auto$proc_rom.cc:155:do_switch$79$rdmux[0][3][0]$a$134 [6] $memory$auto$proc_rom.cc:155:do_switch$79$rdmux[0][3][0]$a$134 [0] } = 2'00
  Optimizing cells in module \ex251_semantic_int3_dot2_arith_qcase.
    Consolidated identical input bits for $mux cell $memory$auto$proc_rom.cc:155:do_switch$79$rdmux[0][3][6]$151:
      Old ports: A=$memory$auto$proc_rom.cc:155:do_switch$79$rdmux[0][3][6]$a$152, B=7'1111110, Y=$memory$auto$proc_rom.cc:155:do_switch$79$rdmux[0][2][3]$a$131
      New ports: A=$memory$auto$proc_rom.cc:155:do_switch$79$rdmux[0][3][6]$a$152 [1], B=1'1, Y=$memory$auto$proc_rom.cc:155:do_switch$79$rdmux[0][2][3]$a$131 [1]
      New connections: { $memory$auto$proc_rom.cc:155:do_switch$79$rdmux[0][2][3]$a$131 [6:2] $memory$auto$proc_rom.cc:155:do_switch$79$rdmux[0][2][3]$a$131 [0] } = { 1'1 $memory$auto$proc_rom.cc:155:do_switch$79$rdmux[0][2][3]$a$131 [1] 4'1110 }
    Consolidated identical input bits for $mux cell $memory$auto$proc_rom.cc:155:do_switch$79$rdmux[0][3][5]$148:
      Old ports: A=$memory$auto$proc_rom.cc:155:do_switch$79$rdmux[0][3][5]$a$149, B=$memory$auto$proc_rom.cc:155:do_switch$79$rdmux[0][3][5]$b$150, Y=$memory$auto$proc_rom.cc:155:do_switch$79$rdmux[0][2][2]$b$129
      New ports: A={ 2'01 $memory$auto$proc_rom.cc:155:do_switch$79$rdmux[0][3][5]$a$149 [0] }, B={ $memory$auto$proc_rom.cc:155:do_switch$79$rdmux[0][3][5]$b$150 [2] $memory$auto$proc_rom.cc:155:do_switch$79$rdmux[0][3][5]$b$150 [0] $memory$auto$proc_rom.cc:155:do_switch$79$rdmux[0][3][5]$b$150 [0] }, Y=$memory$auto$proc_rom.cc:155:do_switch$79$rdmux[0][2][2]$b$129 [2:0]
      New connections: $memory$auto$proc_rom.cc:155:do_switch$79$rdmux[0][2][2]$b$129 [6:3] = 4'1011
    Consolidated identical input bits for $mux cell $memory$auto$proc_rom.cc:155:do_switch$79$rdmux[0][3][4]$145:
      Old ports: A=$memory$auto$proc_rom.cc:155:do_switch$79$rdmux[0][3][4]$a$146, B=$memory$auto$proc_rom.cc:155:do_switch$79$rdmux[0][3][4]$b$147, Y=$memory$auto$proc_rom.cc:155:do_switch$79$rdmux[0][2][2]$a$128
      New ports: A={ 1'0 $memory$auto$proc_rom.cc:155:do_switch$79$rdmux[0][3][4]$a$146 [0] }, B=$memory$auto$proc_rom.cc:155:do_switch$79$rdmux[0][3][4]$b$147 [1:0], Y=$memory$auto$proc_rom.cc:155:do_switch$79$rdmux[0][2][2]$a$128 [1:0]
      New connections: $memory$auto$proc_rom.cc:155:do_switch$79$rdmux[0][2][2]$a$128 [6:2] = 5'10110
    Consolidated identical input bits for $mux cell $memory$auto$proc_rom.cc:155:do_switch$79$rdmux[0][3][3]$142:
      Old ports: A=$memory$auto$proc_rom.cc:155:do_switch$79$rdmux[0][3][3]$a$143, B=$memory$auto$proc_rom.cc:155:do_switch$79$rdmux[0][3][3]$b$144, Y=$memory$auto$proc_rom.cc:155:do_switch$79$rdmux[0][2][1]$b$126
      New ports: A={ 2'01 $memory$auto$proc_rom.cc:155:do_switch$79$rdmux[0][3][3]$a$143 [1:0] }, B={ $memory$auto$proc_rom.cc:155:do_switch$79$rdmux[0][3][3]$b$144 [3] $memory$auto$proc_rom.cc:155:do_switch$79$rdmux[0][3][3]$b$144 [1] $memory$auto$proc_rom.cc:155:do_switch$79$rdmux[0][3][3]$b$144 [1:0] }, Y=$memory$auto$proc_rom.cc:155:do_switch$79$rdmux[0][2][1]$b$126 [3:0]
      New connections: $memory$auto$proc_rom.cc:155:do_switch$79$rdmux[0][2][1]$b$126 [6:4] = 3'101
    Consolidated identical input bits for $mux cell $memory$auto$proc_rom.cc:155:do_switch$79$rdmux[0][3][2]$139:
      Old ports: A=$memory$auto$proc_rom.cc:155:do_switch$79$rdmux[0][3][2]$a$140, B=$memory$auto$proc_rom.cc:155:do_switch$79$rdmux[0][3][2]$b$141, Y=$memory$auto$proc_rom.cc:155:do_switch$79$rdmux[0][2][1]$a$125
      New ports: A={ 1'0 $memory$auto$proc_rom.cc:155:do_switch$79$rdmux[0][3][2]$a$140 [1:0] }, B=$memory$auto$proc_rom.cc:155:do_switch$79$rdmux[0][3][2]$b$141 [2:0], Y=$memory$auto$proc_rom.cc:155:do_switch$79$rdmux[0][2][1]$a$125 [2:0]
      New connections: $memory$auto$proc_rom.cc:155:do_switch$79$rdmux[0][2][1]$a$125 [6:3] = 4'1010
    Consolidated identical input bits for $mux cell $memory$auto$proc_rom.cc:155:do_switch$79$rdmux[0][3][1]$136:
      Old ports: A=$memory$auto$proc_rom.cc:155:do_switch$79$rdmux[0][3][1]$a$137, B=$memory$auto$proc_rom.cc:155:do_switch$79$rdmux[0][3][1]$b$138, Y=$memory$auto$proc_rom.cc:155:do_switch$79$rdmux[0][2][0]$b$123
      New ports: A={ 2'01 $memory$auto$proc_rom.cc:155:do_switch$79$rdmux[0][3][1]$a$137 [2:0] }, B={ $memory$auto$proc_rom.cc:155:do_switch$79$rdmux[0][3][1]$b$138 [4] $memory$auto$proc_rom.cc:155:do_switch$79$rdmux[0][3][1]$b$138 [2] $memory$auto$proc_rom.cc:155:do_switch$79$rdmux[0][3][1]$b$138 [2:0] }, Y=$memory$auto$proc_rom.cc:155:do_switch$79$rdmux[0][2][0]$b$123 [4:0]
      New connections: $memory$auto$proc_rom.cc:155:do_switch$79$rdmux[0][2][0]$b$123 [6:5] = 2'10
  Optimizing cells in module \ex251_semantic_int3_dot2_arith_qcase.
    Consolidated identical input bits for $mux cell $memory$auto$proc_rom.cc:155:do_switch$79$rdmux[0][2][3]$130:
      Old ports: A=$memory$auto$proc_rom.cc:155:do_switch$79$rdmux[0][2][3]$a$131, B=7'1111110, Y=$memory$auto$proc_rom.cc:155:do_switch$79$rdmux[0][1][1]$b$120
      New ports: A=$memory$auto$proc_rom.cc:155:do_switch$79$rdmux[0][2][3]$a$131 [1], B=1'1, Y=$memory$auto$proc_rom.cc:155:do_switch$79$rdmux[0][1][1]$b$120 [1]
      New connections: { $memory$auto$proc_rom.cc:155:do_switch$79$rdmux[0][1][1]$b$120 [6:2] $memory$auto$proc_rom.cc:155:do_switch$79$rdmux[0][1][1]$b$120 [0] } = { 1'1 $memory$auto$proc_rom.cc:155:do_switch$79$rdmux[0][1][1]$b$120 [1] 4'1110 }
    Consolidated identical input bits for $mux cell $memory$auto$proc_rom.cc:155:do_switch$79$rdmux[0][2][2]$127:
      Old ports: A=$memory$auto$proc_rom.cc:155:do_switch$79$rdmux[0][2][2]$a$128, B=$memory$auto$proc_rom.cc:155:do_switch$79$rdmux[0][2][2]$b$129, Y=$memory$auto$proc_rom.cc:155:do_switch$79$rdmux[0][1][1]$a$119
      New ports: A={ 1'0 $memory$auto$proc_rom.cc:155:do_switch$79$rdmux[0][2][2]$a$128 [1:0] }, B=$memory$auto$proc_rom.cc:155:do_switch$79$rdmux[0][2][2]$b$129 [2:0], Y=$memory$auto$proc_rom.cc:155:do_switch$79$rdmux[0][1][1]$a$119 [2:0]
      New connections: $memory$auto$proc_rom.cc:155:do_switch$79$rdmux[0][1][1]$a$119 [6:3] = 4'1011
    Consolidated identical input bits for $mux cell $memory$auto$proc_rom.cc:155:do_switch$79$rdmux[0][2][1]$124:
      Old ports: A=$memory$auto$proc_rom.cc:155:do_switch$79$rdmux[0][2][1]$a$125, B=$memory$auto$proc_rom.cc:155:do_switch$79$rdmux[0][2][1]$b$126, Y=$memory$auto$proc_rom.cc:155:do_switch$79$rdmux[0][1][0]$b$117
      New ports: A={ 1'0 $memory$auto$proc_rom.cc:155:do_switch$79$rdmux[0][2][1]$a$125 [2:0] }, B=$memory$auto$proc_rom.cc:155:do_switch$79$rdmux[0][2][1]$b$126 [3:0], Y=$memory$auto$proc_rom.cc:155:do_switch$79$rdmux[0][1][0]$b$117 [3:0]
      New connections: $memory$auto$proc_rom.cc:155:do_switch$79$rdmux[0][1][0]$b$117 [6:4] = 3'101
  Optimizing cells in module \ex251_semantic_int3_dot2_arith_qcase.
    Consolidated identical input bits for $mux cell $memory$auto$proc_rom.cc:155:do_switch$79$rdmux[0][1][1]$118:
      Old ports: A=$memory$auto$proc_rom.cc:155:do_switch$79$rdmux[0][1][1]$a$119, B=$memory$auto$proc_rom.cc:155:do_switch$79$rdmux[0][1][1]$b$120, Y=$memory$auto$proc_rom.cc:155:do_switch$79$rdmux[0][0][0]$b$114
      New ports: A={ 1'0 $memory$auto$proc_rom.cc:155:do_switch$79$rdmux[0][1][1]$a$119 [2:0] }, B={ $memory$auto$proc_rom.cc:155:do_switch$79$rdmux[0][1][1]$b$120 [1] 1'1 $memory$auto$proc_rom.cc:155:do_switch$79$rdmux[0][1][1]$b$120 [1] 1'0 }, Y={ $memory$auto$proc_rom.cc:155:do_switch$79$rdmux[0][0][0]$b$114 [5] $memory$auto$proc_rom.cc:155:do_switch$79$rdmux[0][0][0]$b$114 [2:0] }
      New connections: { $memory$auto$proc_rom.cc:155:do_switch$79$rdmux[0][0][0]$b$114 [6] $memory$auto$proc_rom.cc:155:do_switch$79$rdmux[0][0][0]$b$114 [4:3] } = 3'111
  Optimizing cells in module \ex251_semantic_int3_dot2_arith_qcase.
Performed a total of 61 changes.

2.21.5. Executing OPT_MERGE pass (detect identical cells).
Finding identical cells in module `\ex251_semantic_int3_dot2_arith_qcase'.
Computing hashes of 92 cells of `\ex251_semantic_int3_dot2_arith_qcase'.
Finding duplicate cells in `\ex251_semantic_int3_dot2_arith_qcase'.
Computing hashes of 71 cells of `\ex251_semantic_int3_dot2_arith_qcase'.
Finding duplicate cells in `\ex251_semantic_int3_dot2_arith_qcase'.
Computing hashes of 62 cells of `\ex251_semantic_int3_dot2_arith_qcase'.
Finding duplicate cells in `\ex251_semantic_int3_dot2_arith_qcase'.
Computing hashes of 59 cells of `\ex251_semantic_int3_dot2_arith_qcase'.
Finding duplicate cells in `\ex251_semantic_int3_dot2_arith_qcase'.
Removed a total of 33 cells.

2.21.6. Executing OPT_SHARE pass.

2.21.7. Executing OPT_DFF pass (perform DFF optimizations).

2.21.8. Executing OPT_CLEAN pass (remove unused cells and wires).
Finding unused cells or wires in module \ex251_semantic_int3_dot2_arith_qcase..
Removed 0 unused cells and 223 unused wires.

2.21.9. Executing OPT_EXPR pass (perform const folding).
Optimizing module ex251_semantic_int3_dot2_arith_qcase.

2.21.10. Rerunning OPT passes. (Maybe there is more to do..)

2.21.11. Executing OPT_MUXTREE pass (detect dead branches in mux trees).
Running muxtree optimizer on module \ex251_semantic_int3_dot2_arith_qcase..
  Creating internal representation of mux trees.
  Evaluating internal representation of mux trees.
  Analyzing evaluation results.
Removed 0 multiplexer ports.

2.21.12. Executing OPT_REDUCE pass (consolidate $*mux and $reduce_* inputs).
  Optimizing cells in module \ex251_semantic_int3_dot2_arith_qcase.
    Consolidated identical input bits for $mux cell $memory$auto$proc_rom.cc:155:do_switch$79$rdmux[0][4][1]$160:
      Old ports: A={ 1'0 $memory$auto$proc_rom.cc:155:do_switch$79$rdmux[0][4][0]$b$159 [2:1] }, B={ 1'1 $memory$auto$proc_rom.cc:155:do_switch$79$rdmux[0][4][0]$b$159 [2:1] }, Y=$memory$auto$proc_rom.cc:155:do_switch$79$rdmux[0][3][0]$b$135 [2:0]
      New ports: A=1'0, B=1'1, Y=$memory$auto$proc_rom.cc:155:do_switch$79$rdmux[0][3][0]$b$135 [2]
      New connections: $memory$auto$proc_rom.cc:155:do_switch$79$rdmux[0][3][0]$b$135 [1:0] = $memory$auto$proc_rom.cc:155:do_switch$79$rdmux[0][4][0]$b$159 [2:1]
    Consolidated identical input bits for $mux cell $memory$auto$proc_rom.cc:155:do_switch$79$rdmux[0][5][3]$214:
      Old ports: A={ 1'0 $memory$auto$proc_rom.cc:155:do_switch$79$rdmux[0][5][0]$a$206 [3] }, B={ 1'1 $memory$auto$proc_rom.cc:155:do_switch$79$rdmux[0][5][0]$a$206 [3] }, Y=$memory$auto$proc_rom.cc:155:do_switch$79$rdmux[0][4][0]$b$159 [2:1]
      New ports: A=1'0, B=1'1, Y=$memory$auto$proc_rom.cc:155:do_switch$79$rdmux[0][4][0]$b$159 [2]
      New connections: $memory$auto$proc_rom.cc:155:do_switch$79$rdmux[0][4][0]$b$159 [1] = \abs_sum [0]
  Optimizing cells in module \ex251_semantic_int3_dot2_arith_qcase.
Performed a total of 2 changes.

2.21.13. Executing OPT_MERGE pass (detect identical cells).
Finding identical cells in module `\ex251_semantic_int3_dot2_arith_qcase'.
Computing hashes of 58 cells of `\ex251_semantic_int3_dot2_arith_qcase'.
Finding duplicate cells in `\ex251_semantic_int3_dot2_arith_qcase'.
Removed a total of 0 cells.

2.21.14. Executing OPT_SHARE pass.

2.21.15. Executing OPT_DFF pass (perform DFF optimizations).

2.21.16. Executing OPT_CLEAN pass (remove unused cells and wires).
Finding unused cells or wires in module \ex251_semantic_int3_dot2_arith_qcase..
Removed 0 unused cells and 2 unused wires.

2.21.17. Executing OPT_EXPR pass (perform const folding).
Optimizing module ex251_semantic_int3_dot2_arith_qcase.

2.21.18. Rerunning OPT passes. (Maybe there is more to do..)

2.21.19. Executing OPT_MUXTREE pass (detect dead branches in mux trees).
Running muxtree optimizer on module \ex251_semantic_int3_dot2_arith_qcase..
  Creating internal representation of mux trees.
  Evaluating internal representation of mux trees.
  Analyzing evaluation results.
Removed 0 multiplexer ports.

2.21.20. Executing OPT_REDUCE pass (consolidate $*mux and $reduce_* inputs).
  Optimizing cells in module \ex251_semantic_int3_dot2_arith_qcase.
Performed a total of 0 changes.

2.21.21. Executing OPT_MERGE pass (detect identical cells).
Finding identical cells in module `\ex251_semantic_int3_dot2_arith_qcase'.
Computing hashes of 56 cells of `\ex251_semantic_int3_dot2_arith_qcase'.
Finding duplicate cells in `\ex251_semantic_int3_dot2_arith_qcase'.
Removed a total of 0 cells.

2.21.22. Executing OPT_SHARE pass.

2.21.23. Executing OPT_DFF pass (perform DFF optimizations).

2.21.24. Executing OPT_CLEAN pass (remove unused cells and wires).
Finding unused cells or wires in module \ex251_semantic_int3_dot2_arith_qcase..
Removed 0 unused cells and 1 unused wires.

2.21.25. Executing OPT_EXPR pass (perform const folding).
Optimizing module ex251_semantic_int3_dot2_arith_qcase.

2.21.26. Rerunning OPT passes. (Maybe there is more to do..)

2.21.27. Executing OPT_MUXTREE pass (detect dead branches in mux trees).
Running muxtree optimizer on module \ex251_semantic_int3_dot2_arith_qcase..
  Creating internal representation of mux trees.
  Evaluating internal representation of mux trees.
  Analyzing evaluation results.
Removed 0 multiplexer ports.

2.21.28. Executing OPT_REDUCE pass (consolidate $*mux and $reduce_* inputs).
  Optimizing cells in module \ex251_semantic_int3_dot2_arith_qcase.
Performed a total of 0 changes.

2.21.29. Executing OPT_MERGE pass (detect identical cells).
Finding identical cells in module `\ex251_semantic_int3_dot2_arith_qcase'.
Computing hashes of 56 cells of `\ex251_semantic_int3_dot2_arith_qcase'.
Finding duplicate cells in `\ex251_semantic_int3_dot2_arith_qcase'.
Removed a total of 0 cells.

2.21.30. Executing OPT_SHARE pass.

2.21.31. Executing OPT_DFF pass (perform DFF optimizations).

2.21.32. Executing OPT_CLEAN pass (remove unused cells and wires).
Finding unused cells or wires in module \ex251_semantic_int3_dot2_arith_qcase..

2.21.33. Executing OPT_EXPR pass (perform const folding).
Optimizing module ex251_semantic_int3_dot2_arith_qcase.

2.21.34. Finished fast OPT passes. (There is nothing left to do.)

2.22. Executing TECHMAP pass (map to technology primitives).

2.22.1. Executing Verilog-2005 frontend: /home/b10507053/ALS_Final_Project/student/tools/conda-env/bin/../share/yosys/techmap.v
Parsing Verilog input from `/home/b10507053/ALS_Final_Project/student/tools/conda-env/bin/../share/yosys/techmap.v' to AST representation.
Generating RTLIL representation for module `\_90_simplemap_bool_ops'.
Generating RTLIL representation for module `\_90_simplemap_reduce_ops'.
Generating RTLIL representation for module `\_90_simplemap_logic_ops'.
Generating RTLIL representation for module `\_90_simplemap_compare_ops'.
Generating RTLIL representation for module `\_90_simplemap_various'.
Generating RTLIL representation for module `\_90_simplemap_registers'.
Generating RTLIL representation for module `\_90_shift_ops_shr_shl_sshl_sshr'.
Generating RTLIL representation for module `\_90_shift_shiftx'.
Generating RTLIL representation for module `\_90_fa'.
Generating RTLIL representation for module `\_90_lcu_brent_kung'.
Generating RTLIL representation for module `\_90_alu'.
Generating RTLIL representation for module `\_90_macc'.
Generating RTLIL representation for module `\_90_alumacc'.
Generating RTLIL representation for module `$__div_mod_u'.
Generating RTLIL representation for module `$__div_mod_trunc'.
Generating RTLIL representation for module `\_90_div'.
Generating RTLIL representation for module `\_90_mod'.
Generating RTLIL representation for module `$__div_mod_floor'.
Generating RTLIL representation for module `\_90_divfloor'.
Generating RTLIL representation for module `\_90_modfloor'.
Generating RTLIL representation for module `\_90_pow'.
Generating RTLIL representation for module `\_90_demux'.
Generating RTLIL representation for module `\_90_lut'.
Generating RTLIL representation for module `$connect'.
Generating RTLIL representation for module `$input_port'.
Successfully finished Verilog frontend.

2.22.2. Continuing TECHMAP pass.
Using template $paramod$025d767fc934a3e7d59a671de523743ebaa07759\_90_alu for cells of type $alu.
Using extmapper maccmap for cells of type $macc_v2.
  add \int3_value$func$/home/b10507053/ALS_Final_Project/student/work/ex250_ex254_frontend_fp4_dot_fma_semantic_20260608_2105/ex251/verilog/ex251_semantic_int3_dot2_arith_qcase.v:134$1.$result * \int3_value$func$/home/b10507053/ALS_Final_Project/student/work/ex250_ex254_frontend_fp4_dot_fma_semantic_20260608_2105/ex251/verilog/ex251_semantic_int3_dot2_arith_qcase.v:134$2.$result (4x4 bits, signed)
  add \int3_value$func$/home/b10507053/ALS_Final_Project/student/work/ex250_ex254_frontend_fp4_dot_fma_semantic_20260608_2105/ex251/verilog/ex251_semantic_int3_dot2_arith_qcase.v:135$3.$result * \int3_value$func$/home/b10507053/ALS_Final_Project/student/work/ex250_ex254_frontend_fp4_dot_fma_semantic_20260608_2105/ex251/verilog/ex251_semantic_int3_dot2_arith_qcase.v:135$4.$result (4x4 bits, signed)
  packed 8 (1) bits / 1 words into adder tree
  sub { \negative \sum [7:0] } (9 bits, signed)
Using extmapper simplemap for cells of type $and.
Using extmapper simplemap for cells of type $mux.
Using extmapper simplemap for cells of type $logic_not.
Using extmapper simplemap for cells of type $logic_and.
Using extmapper simplemap for cells of type $logic_or.
Using extmapper simplemap for cells of type $or.
Using extmapper simplemap for cells of type $xor.
Using template $paramod$484d51534650924b7ed4c69e46eed3a56904771f\_90_alu for cells of type $alu.
Using extmapper simplemap for cells of type $not.
Using template $paramod\_90_fa\WIDTH=32'00000000000000000000000000001001 for cells of type $fa.
Using template $paramod$d2fa05d38998afabc6d4f34471305d0af4b8b2df\_90_alu for cells of type $alu.
Using extmapper simplemap for cells of type $pos.
Using template $paramod\_90_fa\WIDTH=32'00000000000000000000000000000100 for cells of type $fa.
Using template $paramod\_90_lcu_brent_kung\WIDTH=32'00000000000000000000000000000100 for cells of type $lcu.
Using template $paramod\_90_fa\WIDTH=32'00000000000000000000000000001010 for cells of type $fa.
Using template $paramod\_90_lcu_brent_kung\WIDTH=32'00000000000000000000000000001010 for cells of type $lcu.
Using template $paramod\_90_lcu_brent_kung\WIDTH=32'00000000000000000000000000001001 for cells of type $lcu.
No more expansions possible.

2.23. Executing OPT pass (performing simple optimizations).

2.23.1. Executing OPT_EXPR pass (perform const folding).
Optimizing module ex251_semantic_int3_dot2_arith_qcase.

2.23.2. Executing OPT_MERGE pass (detect identical cells).
Finding identical cells in module `\ex251_semantic_int3_dot2_arith_qcase'.
Computing hashes of 600 cells of `\ex251_semantic_int3_dot2_arith_qcase'.
Finding duplicate cells in `\ex251_semantic_int3_dot2_arith_qcase'.
Computing hashes of 551 cells of `\ex251_semantic_int3_dot2_arith_qcase'.
Finding duplicate cells in `\ex251_semantic_int3_dot2_arith_qcase'.
Computing hashes of 539 cells of `\ex251_semantic_int3_dot2_arith_qcase'.
Finding duplicate cells in `\ex251_semantic_int3_dot2_arith_qcase'.
Computing hashes of 531 cells of `\ex251_semantic_int3_dot2_arith_qcase'.
Finding duplicate cells in `\ex251_semantic_int3_dot2_arith_qcase'.
Computing hashes of 523 cells of `\ex251_semantic_int3_dot2_arith_qcase'.
Finding duplicate cells in `\ex251_semantic_int3_dot2_arith_qcase'.
Computing hashes of 519 cells of `\ex251_semantic_int3_dot2_arith_qcase'.
Finding duplicate cells in `\ex251_semantic_int3_dot2_arith_qcase'.
Computing hashes of 515 cells of `\ex251_semantic_int3_dot2_arith_qcase'.
Finding duplicate cells in `\ex251_semantic_int3_dot2_arith_qcase'.
Computing hashes of 511 cells of `\ex251_semantic_int3_dot2_arith_qcase'.
Finding duplicate cells in `\ex251_semantic_int3_dot2_arith_qcase'.
Computing hashes of 509 cells of `\ex251_semantic_int3_dot2_arith_qcase'.
Finding duplicate cells in `\ex251_semantic_int3_dot2_arith_qcase'.
Removed a total of 91 cells.

2.23.3. Executing OPT_DFF pass (perform DFF optimizations).

2.23.4. Executing OPT_CLEAN pass (remove unused cells and wires).
Finding unused cells or wires in module \ex251_semantic_int3_dot2_arith_qcase..
Removed 21 unused cells and 370 unused wires.

2.23.5. Finished fast OPT passes.

2.24. Executing ABC pass (technology mapping using ABC).

2.24.1. Extracting gate netlist of module `\ex251_semantic_int3_dot2_arith_qcase' to `<abc-temp-dir>/input.blif'..

2.24.1.1. Executed ABC.
Extracted 488 gates and 506 wires to a netlist network with 16 inputs and 8 outputs.
Running ABC script: <abc-temp-dir>/abc.script
ABC: UC Berkeley, ABC 1.01 (compiled May 12 2026 13:26:50)
ABC: abc 01> empty
ABC: abc 01> source <abc-temp-dir>/abc.script
ABC: + read_blif <abc-temp-dir>/input.blif 
ABC: + read_library <abc-temp-dir>/stdcells.genlib 
ABC: + strash 
ABC: + &get -n 
ABC: + &fraig -x 
ABC: + &put 
ABC: + scorr 
ABC: Warning: The network is combinational (run "fraig" or "fraig_sweep").
ABC: + dc2 
ABC: + dretime 
ABC: + strash 
ABC: + &get -n 
ABC: + &dch -f 
ABC: + &nf 
ABC: + &put 
ABC: + write_blif <abc-temp-dir>/output.blif 
ABC: 
ABC: YOSYS_ABC_DONE 

2.24.1.2. Re-integrating ABC results.
ABC RESULTS:               AND cells:       56
ABC RESULTS:            ANDNOT cells:       20
ABC RESULTS:               MUX cells:        4
ABC RESULTS:              NAND cells:      129
ABC RESULTS:               NOR cells:       10
ABC RESULTS:                OR cells:       22
ABC RESULTS:             ORNOT cells:       23
ABC RESULTS:              XNOR cells:       35
ABC RESULTS:               XOR cells:       54
ABC RESULTS:        internal signals:      482
ABC RESULTS:           input signals:       16
ABC RESULTS:          output signals:        8
Removing temp directory.
Removing global temp directory.

2.25. Executing OPT pass (performing simple optimizations).

2.25.1. Executing OPT_EXPR pass (perform const folding).
Optimizing module ex251_semantic_int3_dot2_arith_qcase.

2.25.2. Executing OPT_MERGE pass (detect identical cells).
Finding identical cells in module `\ex251_semantic_int3_dot2_arith_qcase'.
Computing hashes of 353 cells of `\ex251_semantic_int3_dot2_arith_qcase'.
Finding duplicate cells in `\ex251_semantic_int3_dot2_arith_qcase'.
Removed a total of 0 cells.

2.25.3. Executing OPT_DFF pass (perform DFF optimizations).

2.25.4. Executing OPT_CLEAN pass (remove unused cells and wires).
Finding unused cells or wires in module \ex251_semantic_int3_dot2_arith_qcase..
Removed 0 unused cells and 175 unused wires.

2.25.5. Finished fast OPT passes.

2.26. Executing HIERARCHY pass (managing design hierarchy).
Attribute `top' found on module `ex251_semantic_int3_dot2_arith_qcase'. Setting top module to ex251_semantic_int3_dot2_arith_qcase.

2.26.1. Analyzing design hierarchy..
Top module:  \ex251_semantic_int3_dot2_arith_qcase

2.26.2. Analyzing design hierarchy..
Top module:  \ex251_semantic_int3_dot2_arith_qcase
Removed 0 unused modules.

2.27. Printing statistics.

=== ex251_semantic_int3_dot2_arith_qcase ===

        +----------Local Count, excluding submodules.
        | 
      366 wires
      465 wire bits
       21 public wires
      120 public wire bits
        2 ports
       24 port bits
      353 cells
       20   $_ANDNOT_
       56   $_AND_
        4   $_MUX_
      129   $_NAND_
       10   $_NOR_
       23   $_ORNOT_
       22   $_OR_
       35   $_XNOR_
       54   $_XOR_

2.28. Executing CHECK pass (checking for obvious problems).
Checking module ex251_semantic_int3_dot2_arith_qcase...
Found and reported 0 problems.

3. Executing ABC pass (technology mapping using ABC).

3.1. Extracting gate netlist of module `\ex251_semantic_int3_dot2_arith_qcase' to `<abc-temp-dir>/input.blif'..

3.1.1. Executed ABC.
Extracted 353 gates and 369 wires to a netlist network with 16 inputs and 8 outputs.
Running ABC script: <abc-temp-dir>/abc.script
ABC: UC Berkeley, ABC 1.01 (compiled May 12 2026 13:26:50)
ABC: abc 01> empty
ABC: abc 01> source <abc-temp-dir>/abc.script
ABC: + read_blif <abc-temp-dir>/input.blif 
ABC: + read_library <abc-temp-dir>/stdcells.genlib 
ABC: + strash 
ABC: + &get -n 
ABC: + &fraig -x 
ABC: + &put 
ABC: + scorr 
ABC: Warning: The network is combinational (run "fraig" or "fraig_sweep").
ABC: + dc2 
ABC: + dretime 
ABC: + strash 
ABC: + &get -n 
ABC: + &dch -f 
ABC: + &nf 
ABC: + &put 
ABC: + write_blif <abc-temp-dir>/output.blif 
ABC: 
ABC: YOSYS_ABC_DONE 

3.1.2. Re-integrating ABC results.
ABC RESULTS:               AND cells:      107
ABC RESULTS:            ANDNOT cells:       13
ABC RESULTS:              NAND cells:      202
ABC RESULTS:               NOR cells:        2
ABC RESULTS:               NOT cells:        2
ABC RESULTS:                OR cells:      100
ABC RESULTS:             ORNOT cells:       26
ABC RESULTS:        internal signals:      345
ABC RESULTS:           input signals:       16
ABC RESULTS:          output signals:        8
Removing temp directory.
Removing global temp directory.

4. Executing AIGMAP pass (map logic to AIG).
Module ex251_semantic_int3_dot2_arith_qcase: replaced 343 cells with 914 new cells, skipped 109 cells.
  replaced 5 cell types:
      13 $_ANDNOT_
     202 $_NAND_
       2 $_NOR_
      26 $_ORNOT_
     100 $_OR_
  not replaced 2 cell types:
     107 $_AND_
       2 $_NOT_

5. Executing OPT pass (performing simple optimizations).

5.1. Executing OPT_EXPR pass (perform const folding).
Optimizing module ex251_semantic_int3_dot2_arith_qcase.

5.2. Executing OPT_MERGE pass (detect identical cells).
Finding identical cells in module `\ex251_semantic_int3_dot2_arith_qcase'.
Computing hashes of 916 cells of `\ex251_semantic_int3_dot2_arith_qcase'.
Finding duplicate cells in `\ex251_semantic_int3_dot2_arith_qcase'.
Computing hashes of 896 cells of `\ex251_semantic_int3_dot2_arith_qcase'.
Finding duplicate cells in `\ex251_semantic_int3_dot2_arith_qcase'.
Removed a total of 20 cells.

5.3. Executing OPT_MUXTREE pass (detect dead branches in mux trees).
Running muxtree optimizer on module \ex251_semantic_int3_dot2_arith_qcase..
  Creating internal representation of mux trees.
  No muxes found in this module.
Removed 0 multiplexer ports.

5.4. Executing OPT_REDUCE pass (consolidate $*mux and $reduce_* inputs).
  Optimizing cells in module \ex251_semantic_int3_dot2_arith_qcase.
Performed a total of 0 changes.

5.5. Executing OPT_MERGE pass (detect identical cells).
Finding identical cells in module `\ex251_semantic_int3_dot2_arith_qcase'.
Computing hashes of 896 cells of `\ex251_semantic_int3_dot2_arith_qcase'.
Finding duplicate cells in `\ex251_semantic_int3_dot2_arith_qcase'.
Removed a total of 0 cells.

5.6. Executing OPT_DFF pass (perform DFF optimizations).

5.7. Executing OPT_CLEAN pass (remove unused cells and wires).
Finding unused cells or wires in module \ex251_semantic_int3_dot2_arith_qcase..
Removed 3 unused cells and 842 unused wires.

5.8. Executing OPT_EXPR pass (perform const folding).
Optimizing module ex251_semantic_int3_dot2_arith_qcase.

5.9. Rerunning OPT passes. (Maybe there is more to do..)

5.10. Executing OPT_MUXTREE pass (detect dead branches in mux trees).
Running muxtree optimizer on module \ex251_semantic_int3_dot2_arith_qcase..
  Creating internal representation of mux trees.
  No muxes found in this module.
Removed 0 multiplexer ports.

5.11. Executing OPT_REDUCE pass (consolidate $*mux and $reduce_* inputs).
  Optimizing cells in module \ex251_semantic_int3_dot2_arith_qcase.
Performed a total of 0 changes.

5.12. Executing OPT_MERGE pass (detect identical cells).
Finding identical cells in module `\ex251_semantic_int3_dot2_arith_qcase'.
Computing hashes of 893 cells of `\ex251_semantic_int3_dot2_arith_qcase'.
Finding duplicate cells in `\ex251_semantic_int3_dot2_arith_qcase'.
Removed a total of 0 cells.

5.13. Executing OPT_DFF pass (perform DFF optimizations).

5.14. Executing OPT_CLEAN pass (remove unused cells and wires).
Finding unused cells or wires in module \ex251_semantic_int3_dot2_arith_qcase..

5.15. Executing OPT_EXPR pass (perform const folding).
Optimizing module ex251_semantic_int3_dot2_arith_qcase.

5.16. Finished fast OPT passes. (There is nothing left to do.)

6. Executing AIGER backend.
ERROR: Can't open output file `/home/b10507053/ALS_Final_Project/student/work/ex250_ex254_frontend_fp4_dot_fma_semantic_20260608_2105/ex251/aigs/ex251_semantic_int3_dot2_arith_qcase_synth_preset_aig.aig' for writing: No such file or directory
