
 /----------------------------------------------------------------------------\
 |  yosys -- Yosys Open SYnthesis Suite                                       |
 |  Copyright (C) 2012 - 2026  Claire Xenia Wolf <claire@yosyshq.com>         |
 |  Distributed under an ISC-like license, type "license" to see terms        |
 \----------------------------------------------------------------------------/
 Yosys 0.65 (git sha1 aec814bdf3071f7e0fd0fbe43f7f711e99d01e24, g++ 14.3.0-19 -fvisibility-inlines-hidden -fmessage-length=0 -march=nocona -mtune=haswell -ftree-vectorize -fPIC -fstack-protector-strong -fno-plt -O2 -ffunction-sections -fdebug-prefix-map=/home/conda/feedstock_root/build_artifacts/yosys_1778591527500/work=/usr/local/src/conda/yosys-0.65 -fdebug-prefix-map=/home/b10507053/ALS_Final_Project/student/tools/conda-env=/usr/local/src/conda-prefix -fPIC -O3) [conda-forge/yosys-feedstock]

-- Executing script file `/home/b10507053/ALS_Final_Project/student/work/ex250_ex254_frontend_fp4_dot_fma_semantic_20260608_2105/ex251/logs/ex251_semantic_int3_dot2_prodtable_qcase_synth_preset_aig.yosys.ys' --

1. Executing Verilog-2005 frontend: /home/b10507053/ALS_Final_Project/student/work/ex250_ex254_frontend_fp4_dot_fma_semantic_20260608_2105/ex251/verilog/ex251_semantic_int3_dot2_prodtable_qcase.v
Parsing Verilog input from `/home/b10507053/ALS_Final_Project/student/work/ex250_ex254_frontend_fp4_dot_fma_semantic_20260608_2105/ex251/verilog/ex251_semantic_int3_dot2_prodtable_qcase.v' to AST representation.
Generating RTLIL representation for module `\ex251_semantic_int3_dot2_prodtable_qcase'.
Successfully finished Verilog frontend.

2. Executing SYNTH pass.

2.1. Executing HIERARCHY pass (managing design hierarchy).

2.1.1. Analyzing design hierarchy..
Top module:  \ex251_semantic_int3_dot2_prodtable_qcase

2.1.2. Analyzing design hierarchy..
Top module:  \ex251_semantic_int3_dot2_prodtable_qcase
Removed 0 unused modules.

2.2. Executing PROC pass (convert processes to netlists).

2.2.1. Executing PROC_CLEAN pass (remove empty switches from decision trees).
Cleaned up 0 empty switches.

2.2.2. Executing PROC_RMDEAD pass (remove dead branches from decision trees).
Marked 1 switch rules as full_case in process $proc$/home/b10507053/ALS_Final_Project/student/work/ex250_ex254_frontend_fp4_dot_fma_semantic_20260608_2105/ex251/verilog/ex251_semantic_int3_dot2_prodtable_qcase.v:406$51 in module ex251_semantic_int3_dot2_prodtable_qcase.
Removed 1 dead cases from process $proc$/home/b10507053/ALS_Final_Project/student/work/ex250_ex254_frontend_fp4_dot_fma_semantic_20260608_2105/ex251/verilog/ex251_semantic_int3_dot2_prodtable_qcase.v:400$25 in module ex251_semantic_int3_dot2_prodtable_qcase.
Marked 1 switch rules as full_case in process $proc$/home/b10507053/ALS_Final_Project/student/work/ex250_ex254_frontend_fp4_dot_fma_semantic_20260608_2105/ex251/verilog/ex251_semantic_int3_dot2_prodtable_qcase.v:400$25 in module ex251_semantic_int3_dot2_prodtable_qcase.
Removed 1 dead cases from process $proc$/home/b10507053/ALS_Final_Project/student/work/ex250_ex254_frontend_fp4_dot_fma_semantic_20260608_2105/ex251/verilog/ex251_semantic_int3_dot2_prodtable_qcase.v:399$19 in module ex251_semantic_int3_dot2_prodtable_qcase.
Marked 1 switch rules as full_case in process $proc$/home/b10507053/ALS_Final_Project/student/work/ex250_ex254_frontend_fp4_dot_fma_semantic_20260608_2105/ex251/verilog/ex251_semantic_int3_dot2_prodtable_qcase.v:399$19 in module ex251_semantic_int3_dot2_prodtable_qcase.
Removed a total of 2 dead cases.

2.2.3. Executing PROC_PRUNE pass (remove redundant assignments in processes).
Removed 0 redundant assignments.
Promoted 19 assignments to connections.

2.2.4. Executing PROC_INIT pass (extract init attributes).

2.2.5. Executing PROC_ARST pass (detect async resets in processes).

2.2.6. Executing PROC_ROM pass (convert switches to ROMs).
Converted 3 switches.

2.2.7. Executing PROC_MUX pass (convert decision trees to multiplexers).
Creating decoders for process `\ex251_semantic_int3_dot2_prodtable_qcase.$proc$/home/b10507053/ALS_Final_Project/student/work/ex250_ex254_frontend_fp4_dot_fma_semantic_20260608_2105/ex251/verilog/ex251_semantic_int3_dot2_prodtable_qcase.v:406$51'.
     1/1: $1\quant_scaled$func$/home/b10507053/ALS_Final_Project/student/work/ex250_ex254_frontend_fp4_dot_fma_semantic_20260608_2105/ex251/verilog/ex251_semantic_int3_dot2_prodtable_qcase.v:406$10.$result[6:0]$55
Creating decoders for process `\ex251_semantic_int3_dot2_prodtable_qcase.$proc$/home/b10507053/ALS_Final_Project/student/work/ex250_ex254_frontend_fp4_dot_fma_semantic_20260608_2105/ex251/verilog/ex251_semantic_int3_dot2_prodtable_qcase.v:405$41'.
Creating decoders for process `\ex251_semantic_int3_dot2_prodtable_qcase.$proc$/home/b10507053/ALS_Final_Project/student/work/ex250_ex254_frontend_fp4_dot_fma_semantic_20260608_2105/ex251/verilog/ex251_semantic_int3_dot2_prodtable_qcase.v:405$31'.
Creating decoders for process `\ex251_semantic_int3_dot2_prodtable_qcase.$proc$/home/b10507053/ALS_Final_Project/student/work/ex250_ex254_frontend_fp4_dot_fma_semantic_20260608_2105/ex251/verilog/ex251_semantic_int3_dot2_prodtable_qcase.v:400$25'.
     1/1: $1\lane_product$func$/home/b10507053/ALS_Final_Project/student/work/ex250_ex254_frontend_fp4_dot_fma_semantic_20260608_2105/ex251/verilog/ex251_semantic_int3_dot2_prodtable_qcase.v:400$7.$result[8:0]$30
Creating decoders for process `\ex251_semantic_int3_dot2_prodtable_qcase.$proc$/home/b10507053/ALS_Final_Project/student/work/ex250_ex254_frontend_fp4_dot_fma_semantic_20260608_2105/ex251/verilog/ex251_semantic_int3_dot2_prodtable_qcase.v:399$19'.
     1/1: $1\lane_product$func$/home/b10507053/ALS_Final_Project/student/work/ex250_ex254_frontend_fp4_dot_fma_semantic_20260608_2105/ex251/verilog/ex251_semantic_int3_dot2_prodtable_qcase.v:399$6.$result[8:0]$24

2.2.8. Executing PROC_DLATCH pass (convert process syncs to latches).
No latch inferred for signal `\ex251_semantic_int3_dot2_prodtable_qcase.\quant_scaled$func$/home/b10507053/ALS_Final_Project/student/work/ex250_ex254_frontend_fp4_dot_fma_semantic_20260608_2105/ex251/verilog/ex251_semantic_int3_dot2_prodtable_qcase.v:406$5.$result' from process `\ex251_semantic_int3_dot2_prodtable_qcase.$proc$/home/b10507053/ALS_Final_Project/student/work/ex250_ex254_frontend_fp4_dot_fma_semantic_20260608_2105/ex251/verilog/ex251_semantic_int3_dot2_prodtable_qcase.v:406$51'.
No latch inferred for signal `\ex251_semantic_int3_dot2_prodtable_qcase.\quant_scaled$func$/home/b10507053/ALS_Final_Project/student/work/ex250_ex254_frontend_fp4_dot_fma_semantic_20260608_2105/ex251/verilog/ex251_semantic_int3_dot2_prodtable_qcase.v:406$10.$result' from process `\ex251_semantic_int3_dot2_prodtable_qcase.$proc$/home/b10507053/ALS_Final_Project/student/work/ex250_ex254_frontend_fp4_dot_fma_semantic_20260608_2105/ex251/verilog/ex251_semantic_int3_dot2_prodtable_qcase.v:406$51'.
No latch inferred for signal `\ex251_semantic_int3_dot2_prodtable_qcase.\quant_scaled$func$/home/b10507053/ALS_Final_Project/student/work/ex250_ex254_frontend_fp4_dot_fma_semantic_20260608_2105/ex251/verilog/ex251_semantic_int3_dot2_prodtable_qcase.v:406$10.value' from process `\ex251_semantic_int3_dot2_prodtable_qcase.$proc$/home/b10507053/ALS_Final_Project/student/work/ex250_ex254_frontend_fp4_dot_fma_semantic_20260608_2105/ex251/verilog/ex251_semantic_int3_dot2_prodtable_qcase.v:406$51'.
No latch inferred for signal `\ex251_semantic_int3_dot2_prodtable_qcase.\int3_neg_zero_product$func$/home/b10507053/ALS_Final_Project/student/work/ex250_ex254_frontend_fp4_dot_fma_semantic_20260608_2105/ex251/verilog/ex251_semantic_int3_dot2_prodtable_qcase.v:405$4.$result' from process `\ex251_semantic_int3_dot2_prodtable_qcase.$proc$/home/b10507053/ALS_Final_Project/student/work/ex250_ex254_frontend_fp4_dot_fma_semantic_20260608_2105/ex251/verilog/ex251_semantic_int3_dot2_prodtable_qcase.v:405$41'.
No latch inferred for signal `\ex251_semantic_int3_dot2_prodtable_qcase.\int3_neg_zero_product$func$/home/b10507053/ALS_Final_Project/student/work/ex250_ex254_frontend_fp4_dot_fma_semantic_20260608_2105/ex251/verilog/ex251_semantic_int3_dot2_prodtable_qcase.v:405$9.$result' from process `\ex251_semantic_int3_dot2_prodtable_qcase.$proc$/home/b10507053/ALS_Final_Project/student/work/ex250_ex254_frontend_fp4_dot_fma_semantic_20260608_2105/ex251/verilog/ex251_semantic_int3_dot2_prodtable_qcase.v:405$41'.
No latch inferred for signal `\ex251_semantic_int3_dot2_prodtable_qcase.\int3_neg_zero_product$func$/home/b10507053/ALS_Final_Project/student/work/ex250_ex254_frontend_fp4_dot_fma_semantic_20260608_2105/ex251/verilog/ex251_semantic_int3_dot2_prodtable_qcase.v:405$9.a' from process `\ex251_semantic_int3_dot2_prodtable_qcase.$proc$/home/b10507053/ALS_Final_Project/student/work/ex250_ex254_frontend_fp4_dot_fma_semantic_20260608_2105/ex251/verilog/ex251_semantic_int3_dot2_prodtable_qcase.v:405$41'.
No latch inferred for signal `\ex251_semantic_int3_dot2_prodtable_qcase.\int3_neg_zero_product$func$/home/b10507053/ALS_Final_Project/student/work/ex250_ex254_frontend_fp4_dot_fma_semantic_20260608_2105/ex251/verilog/ex251_semantic_int3_dot2_prodtable_qcase.v:405$9.b' from process `\ex251_semantic_int3_dot2_prodtable_qcase.$proc$/home/b10507053/ALS_Final_Project/student/work/ex250_ex254_frontend_fp4_dot_fma_semantic_20260608_2105/ex251/verilog/ex251_semantic_int3_dot2_prodtable_qcase.v:405$41'.
No latch inferred for signal `\ex251_semantic_int3_dot2_prodtable_qcase.\int3_neg_zero_product$func$/home/b10507053/ALS_Final_Project/student/work/ex250_ex254_frontend_fp4_dot_fma_semantic_20260608_2105/ex251/verilog/ex251_semantic_int3_dot2_prodtable_qcase.v:405$3.$result' from process `\ex251_semantic_int3_dot2_prodtable_qcase.$proc$/home/b10507053/ALS_Final_Project/student/work/ex250_ex254_frontend_fp4_dot_fma_semantic_20260608_2105/ex251/verilog/ex251_semantic_int3_dot2_prodtable_qcase.v:405$31'.
No latch inferred for signal `\ex251_semantic_int3_dot2_prodtable_qcase.\int3_neg_zero_product$func$/home/b10507053/ALS_Final_Project/student/work/ex250_ex254_frontend_fp4_dot_fma_semantic_20260608_2105/ex251/verilog/ex251_semantic_int3_dot2_prodtable_qcase.v:405$8.$result' from process `\ex251_semantic_int3_dot2_prodtable_qcase.$proc$/home/b10507053/ALS_Final_Project/student/work/ex250_ex254_frontend_fp4_dot_fma_semantic_20260608_2105/ex251/verilog/ex251_semantic_int3_dot2_prodtable_qcase.v:405$31'.
No latch inferred for signal `\ex251_semantic_int3_dot2_prodtable_qcase.\int3_neg_zero_product$func$/home/b10507053/ALS_Final_Project/student/work/ex250_ex254_frontend_fp4_dot_fma_semantic_20260608_2105/ex251/verilog/ex251_semantic_int3_dot2_prodtable_qcase.v:405$8.a' from process `\ex251_semantic_int3_dot2_prodtable_qcase.$proc$/home/b10507053/ALS_Final_Project/student/work/ex250_ex254_frontend_fp4_dot_fma_semantic_20260608_2105/ex251/verilog/ex251_semantic_int3_dot2_prodtable_qcase.v:405$31'.
No latch inferred for signal `\ex251_semantic_int3_dot2_prodtable_qcase.\int3_neg_zero_product$func$/home/b10507053/ALS_Final_Project/student/work/ex250_ex254_frontend_fp4_dot_fma_semantic_20260608_2105/ex251/verilog/ex251_semantic_int3_dot2_prodtable_qcase.v:405$8.b' from process `\ex251_semantic_int3_dot2_prodtable_qcase.$proc$/home/b10507053/ALS_Final_Project/student/work/ex250_ex254_frontend_fp4_dot_fma_semantic_20260608_2105/ex251/verilog/ex251_semantic_int3_dot2_prodtable_qcase.v:405$31'.
No latch inferred for signal `\ex251_semantic_int3_dot2_prodtable_qcase.\lane_product$func$/home/b10507053/ALS_Final_Project/student/work/ex250_ex254_frontend_fp4_dot_fma_semantic_20260608_2105/ex251/verilog/ex251_semantic_int3_dot2_prodtable_qcase.v:400$2.$result' from process `\ex251_semantic_int3_dot2_prodtable_qcase.$proc$/home/b10507053/ALS_Final_Project/student/work/ex250_ex254_frontend_fp4_dot_fma_semantic_20260608_2105/ex251/verilog/ex251_semantic_int3_dot2_prodtable_qcase.v:400$25'.
No latch inferred for signal `\ex251_semantic_int3_dot2_prodtable_qcase.\lane_product$func$/home/b10507053/ALS_Final_Project/student/work/ex250_ex254_frontend_fp4_dot_fma_semantic_20260608_2105/ex251/verilog/ex251_semantic_int3_dot2_prodtable_qcase.v:400$7.$result' from process `\ex251_semantic_int3_dot2_prodtable_qcase.$proc$/home/b10507053/ALS_Final_Project/student/work/ex250_ex254_frontend_fp4_dot_fma_semantic_20260608_2105/ex251/verilog/ex251_semantic_int3_dot2_prodtable_qcase.v:400$25'.
No latch inferred for signal `\ex251_semantic_int3_dot2_prodtable_qcase.\lane_product$func$/home/b10507053/ALS_Final_Project/student/work/ex250_ex254_frontend_fp4_dot_fma_semantic_20260608_2105/ex251/verilog/ex251_semantic_int3_dot2_prodtable_qcase.v:400$7.a' from process `\ex251_semantic_int3_dot2_prodtable_qcase.$proc$/home/b10507053/ALS_Final_Project/student/work/ex250_ex254_frontend_fp4_dot_fma_semantic_20260608_2105/ex251/verilog/ex251_semantic_int3_dot2_prodtable_qcase.v:400$25'.
No latch inferred for signal `\ex251_semantic_int3_dot2_prodtable_qcase.\lane_product$func$/home/b10507053/ALS_Final_Project/student/work/ex250_ex254_frontend_fp4_dot_fma_semantic_20260608_2105/ex251/verilog/ex251_semantic_int3_dot2_prodtable_qcase.v:400$7.b' from process `\ex251_semantic_int3_dot2_prodtable_qcase.$proc$/home/b10507053/ALS_Final_Project/student/work/ex250_ex254_frontend_fp4_dot_fma_semantic_20260608_2105/ex251/verilog/ex251_semantic_int3_dot2_prodtable_qcase.v:400$25'.
No latch inferred for signal `\ex251_semantic_int3_dot2_prodtable_qcase.\lane_product$func$/home/b10507053/ALS_Final_Project/student/work/ex250_ex254_frontend_fp4_dot_fma_semantic_20260608_2105/ex251/verilog/ex251_semantic_int3_dot2_prodtable_qcase.v:399$1.$result' from process `\ex251_semantic_int3_dot2_prodtable_qcase.$proc$/home/b10507053/ALS_Final_Project/student/work/ex250_ex254_frontend_fp4_dot_fma_semantic_20260608_2105/ex251/verilog/ex251_semantic_int3_dot2_prodtable_qcase.v:399$19'.
No latch inferred for signal `\ex251_semantic_int3_dot2_prodtable_qcase.\lane_product$func$/home/b10507053/ALS_Final_Project/student/work/ex250_ex254_frontend_fp4_dot_fma_semantic_20260608_2105/ex251/verilog/ex251_semantic_int3_dot2_prodtable_qcase.v:399$6.$result' from process `\ex251_semantic_int3_dot2_prodtable_qcase.$proc$/home/b10507053/ALS_Final_Project/student/work/ex250_ex254_frontend_fp4_dot_fma_semantic_20260608_2105/ex251/verilog/ex251_semantic_int3_dot2_prodtable_qcase.v:399$19'.
No latch inferred for signal `\ex251_semantic_int3_dot2_prodtable_qcase.\lane_product$func$/home/b10507053/ALS_Final_Project/student/work/ex250_ex254_frontend_fp4_dot_fma_semantic_20260608_2105/ex251/verilog/ex251_semantic_int3_dot2_prodtable_qcase.v:399$6.a' from process `\ex251_semantic_int3_dot2_prodtable_qcase.$proc$/home/b10507053/ALS_Final_Project/student/work/ex250_ex254_frontend_fp4_dot_fma_semantic_20260608_2105/ex251/verilog/ex251_semantic_int3_dot2_prodtable_qcase.v:399$19'.
No latch inferred for signal `\ex251_semantic_int3_dot2_prodtable_qcase.\lane_product$func$/home/b10507053/ALS_Final_Project/student/work/ex250_ex254_frontend_fp4_dot_fma_semantic_20260608_2105/ex251/verilog/ex251_semantic_int3_dot2_prodtable_qcase.v:399$6.b' from process `\ex251_semantic_int3_dot2_prodtable_qcase.$proc$/home/b10507053/ALS_Final_Project/student/work/ex250_ex254_frontend_fp4_dot_fma_semantic_20260608_2105/ex251/verilog/ex251_semantic_int3_dot2_prodtable_qcase.v:399$19'.

2.2.9. Executing PROC_DFF pass (convert process syncs to FFs).

2.2.10. Executing PROC_MEMWR pass (convert process memory writes to cells).

2.2.11. Executing PROC_CLEAN pass (remove empty switches from decision trees).
Found and cleaned up 1 empty switch in `\ex251_semantic_int3_dot2_prodtable_qcase.$proc$/home/b10507053/ALS_Final_Project/student/work/ex250_ex254_frontend_fp4_dot_fma_semantic_20260608_2105/ex251/verilog/ex251_semantic_int3_dot2_prodtable_qcase.v:406$51'.
Removing empty process `ex251_semantic_int3_dot2_prodtable_qcase.$proc$/home/b10507053/ALS_Final_Project/student/work/ex250_ex254_frontend_fp4_dot_fma_semantic_20260608_2105/ex251/verilog/ex251_semantic_int3_dot2_prodtable_qcase.v:406$51'.
Removing empty process `ex251_semantic_int3_dot2_prodtable_qcase.$proc$/home/b10507053/ALS_Final_Project/student/work/ex250_ex254_frontend_fp4_dot_fma_semantic_20260608_2105/ex251/verilog/ex251_semantic_int3_dot2_prodtable_qcase.v:405$41'.
Removing empty process `ex251_semantic_int3_dot2_prodtable_qcase.$proc$/home/b10507053/ALS_Final_Project/student/work/ex250_ex254_frontend_fp4_dot_fma_semantic_20260608_2105/ex251/verilog/ex251_semantic_int3_dot2_prodtable_qcase.v:405$31'.
Found and cleaned up 1 empty switch in `\ex251_semantic_int3_dot2_prodtable_qcase.$proc$/home/b10507053/ALS_Final_Project/student/work/ex250_ex254_frontend_fp4_dot_fma_semantic_20260608_2105/ex251/verilog/ex251_semantic_int3_dot2_prodtable_qcase.v:400$25'.
Removing empty process `ex251_semantic_int3_dot2_prodtable_qcase.$proc$/home/b10507053/ALS_Final_Project/student/work/ex250_ex254_frontend_fp4_dot_fma_semantic_20260608_2105/ex251/verilog/ex251_semantic_int3_dot2_prodtable_qcase.v:400$25'.
Found and cleaned up 1 empty switch in `\ex251_semantic_int3_dot2_prodtable_qcase.$proc$/home/b10507053/ALS_Final_Project/student/work/ex250_ex254_frontend_fp4_dot_fma_semantic_20260608_2105/ex251/verilog/ex251_semantic_int3_dot2_prodtable_qcase.v:399$19'.
Removing empty process `ex251_semantic_int3_dot2_prodtable_qcase.$proc$/home/b10507053/ALS_Final_Project/student/work/ex250_ex254_frontend_fp4_dot_fma_semantic_20260608_2105/ex251/verilog/ex251_semantic_int3_dot2_prodtable_qcase.v:399$19'.
Cleaned up 3 empty switches.

2.2.12. Executing OPT_EXPR pass (perform const folding).
Optimizing module ex251_semantic_int3_dot2_prodtable_qcase.

2.3. Executing CHECK pass (checking for obvious problems).
Checking module ex251_semantic_int3_dot2_prodtable_qcase...
Found and reported 0 problems.

2.4. Executing FLATTEN pass (flatten design).

2.5. Executing OPT_EXPR pass (perform const folding).
Optimizing module ex251_semantic_int3_dot2_prodtable_qcase.

2.6. Executing OPT_CLEAN pass (remove unused cells and wires).
Finding unused cells or wires in module \ex251_semantic_int3_dot2_prodtable_qcase..
Removed 0 unused cells and 38 unused wires.

2.7. Executing CHECK pass (checking for obvious problems).
Checking module ex251_semantic_int3_dot2_prodtable_qcase...
Found and reported 0 problems.

2.8. Executing OPT pass (performing simple optimizations).

2.8.1. Executing OPT_EXPR pass (perform const folding).
Optimizing module ex251_semantic_int3_dot2_prodtable_qcase.

2.8.2. Executing OPT_MERGE pass (detect identical cells).
Finding identical cells in module `\ex251_semantic_int3_dot2_prodtable_qcase'.
Computing hashes of 26 cells of `\ex251_semantic_int3_dot2_prodtable_qcase'.
Finding duplicate cells in `\ex251_semantic_int3_dot2_prodtable_qcase'.
Removed a total of 0 cells.

2.8.3. Executing OPT_MUXTREE pass (detect dead branches in mux trees).
Running muxtree optimizer on module \ex251_semantic_int3_dot2_prodtable_qcase..
  Creating internal representation of mux trees.
  Evaluating internal representation of mux trees.
  Analyzing evaluation results.
Removed 0 multiplexer ports.

2.8.4. Executing OPT_REDUCE pass (consolidate $*mux and $reduce_* inputs).
  Optimizing cells in module \ex251_semantic_int3_dot2_prodtable_qcase.
Performed a total of 0 changes.

2.8.5. Executing OPT_MERGE pass (detect identical cells).
Finding identical cells in module `\ex251_semantic_int3_dot2_prodtable_qcase'.
Computing hashes of 26 cells of `\ex251_semantic_int3_dot2_prodtable_qcase'.
Finding duplicate cells in `\ex251_semantic_int3_dot2_prodtable_qcase'.
Removed a total of 0 cells.

2.8.6. Executing OPT_DFF pass (perform DFF optimizations).

2.8.7. Executing OPT_CLEAN pass (remove unused cells and wires).
Finding unused cells or wires in module \ex251_semantic_int3_dot2_prodtable_qcase..

2.8.8. Executing OPT_EXPR pass (perform const folding).
Optimizing module ex251_semantic_int3_dot2_prodtable_qcase.

2.8.9. Finished fast OPT passes. (There is nothing left to do.)

2.9. Executing FSM pass (extract and optimize FSM).

2.9.1. Executing FSM_DETECT pass (finding FSMs in design).

2.9.2. Executing FSM_EXTRACT pass (extracting FSM from design).

2.9.3. Executing FSM_OPT pass (simple optimizations of FSMs).

2.9.4. Executing OPT_CLEAN pass (remove unused cells and wires).
Finding unused cells or wires in module \ex251_semantic_int3_dot2_prodtable_qcase..

2.9.5. Executing FSM_OPT pass (simple optimizations of FSMs).

2.9.6. Executing FSM_RECODE pass (re-assigning FSM state encoding).

2.9.7. Executing FSM_INFO pass (dumping all available information on FSM cells).

2.9.8. Executing FSM_MAP pass (mapping FSMs to basic logic).

2.10. Executing OPT pass (performing simple optimizations).

2.10.1. Executing OPT_EXPR pass (perform const folding).
Optimizing module ex251_semantic_int3_dot2_prodtable_qcase.

2.10.2. Executing OPT_MERGE pass (detect identical cells).
Finding identical cells in module `\ex251_semantic_int3_dot2_prodtable_qcase'.
Computing hashes of 26 cells of `\ex251_semantic_int3_dot2_prodtable_qcase'.
Finding duplicate cells in `\ex251_semantic_int3_dot2_prodtable_qcase'.
Removed a total of 0 cells.

2.10.3. Executing OPT_MUXTREE pass (detect dead branches in mux trees).
Running muxtree optimizer on module \ex251_semantic_int3_dot2_prodtable_qcase..
  Creating internal representation of mux trees.
  Evaluating internal representation of mux trees.
  Analyzing evaluation results.
Removed 0 multiplexer ports.

2.10.4. Executing OPT_REDUCE pass (consolidate $*mux and $reduce_* inputs).
  Optimizing cells in module \ex251_semantic_int3_dot2_prodtable_qcase.
Performed a total of 0 changes.

2.10.5. Executing OPT_MERGE pass (detect identical cells).
Finding identical cells in module `\ex251_semantic_int3_dot2_prodtable_qcase'.
Computing hashes of 26 cells of `\ex251_semantic_int3_dot2_prodtable_qcase'.
Finding duplicate cells in `\ex251_semantic_int3_dot2_prodtable_qcase'.
Removed a total of 0 cells.

2.10.6. Executing OPT_DFF pass (perform DFF optimizations).

2.10.7. Executing OPT_CLEAN pass (remove unused cells and wires).
Finding unused cells or wires in module \ex251_semantic_int3_dot2_prodtable_qcase..

2.10.8. Executing OPT_EXPR pass (perform const folding).
Optimizing module ex251_semantic_int3_dot2_prodtable_qcase.

2.10.9. Finished fast OPT passes. (There is nothing left to do.)

2.11. Executing WREDUCE pass (reducing word size of cells).
Removed top 24 address bits (of 32) from memory init port ex251_semantic_int3_dot2_prodtable_qcase.$auto$mem.cc:351:emit$67 ($auto$proc_rom.cc:155:do_switch$65).
Removed top 24 address bits (of 32) from memory init port ex251_semantic_int3_dot2_prodtable_qcase.$auto$mem.cc:351:emit$63 ($auto$proc_rom.cc:155:do_switch$61).
Removed top 25 address bits (of 32) from memory init port ex251_semantic_int3_dot2_prodtable_qcase.$auto$mem.cc:351:emit$59 ($auto$proc_rom.cc:155:do_switch$57).
Converting cell ex251_semantic_int3_dot2_prodtable_qcase.$add$/home/b10507053/ALS_Final_Project/student/work/ex250_ex254_frontend_fp4_dot_fma_semantic_20260608_2105/ex251/verilog/ex251_semantic_int3_dot2_prodtable_qcase.v:401$11 ($add) from unsigned to signed.
Removed top 2 bits (of 11) from port A of cell ex251_semantic_int3_dot2_prodtable_qcase.$add$/home/b10507053/ALS_Final_Project/student/work/ex250_ex254_frontend_fp4_dot_fma_semantic_20260608_2105/ex251/verilog/ex251_semantic_int3_dot2_prodtable_qcase.v:401$11 ($add).
Removed top 2 bits (of 11) from port B of cell ex251_semantic_int3_dot2_prodtable_qcase.$add$/home/b10507053/ALS_Final_Project/student/work/ex250_ex254_frontend_fp4_dot_fma_semantic_20260608_2105/ex251/verilog/ex251_semantic_int3_dot2_prodtable_qcase.v:401$11 ($add).
Removed top 1 bits (of 11) from port Y of cell ex251_semantic_int3_dot2_prodtable_qcase.$add$/home/b10507053/ALS_Final_Project/student/work/ex250_ex254_frontend_fp4_dot_fma_semantic_20260608_2105/ex251/verilog/ex251_semantic_int3_dot2_prodtable_qcase.v:401$11 ($add).
Removed top 1 bits (of 11) from port A of cell ex251_semantic_int3_dot2_prodtable_qcase.$lt$/home/b10507053/ALS_Final_Project/student/work/ex250_ex254_frontend_fp4_dot_fma_semantic_20260608_2105/ex251/verilog/ex251_semantic_int3_dot2_prodtable_qcase.v:402$12 ($lt).
Removed top 31 bits (of 32) from port B of cell ex251_semantic_int3_dot2_prodtable_qcase.$lt$/home/b10507053/ALS_Final_Project/student/work/ex250_ex254_frontend_fp4_dot_fma_semantic_20260608_2105/ex251/verilog/ex251_semantic_int3_dot2_prodtable_qcase.v:402$12 ($lt).
Removed top 1 bits (of 11) from port A of cell ex251_semantic_int3_dot2_prodtable_qcase.$neg$/home/b10507053/ALS_Final_Project/student/work/ex250_ex254_frontend_fp4_dot_fma_semantic_20260608_2105/ex251/verilog/ex251_semantic_int3_dot2_prodtable_qcase.v:403$13 ($neg).
Removed top 1 bits (of 11) from port Y of cell ex251_semantic_int3_dot2_prodtable_qcase.$neg$/home/b10507053/ALS_Final_Project/student/work/ex250_ex254_frontend_fp4_dot_fma_semantic_20260608_2105/ex251/verilog/ex251_semantic_int3_dot2_prodtable_qcase.v:403$13 ($neg).
Removed top 1 bits (of 11) from wire ex251_semantic_int3_dot2_prodtable_qcase.neg_sum.

2.12. Executing PEEPOPT pass (run peephole optimizers).

2.13. Executing OPT_CLEAN pass (remove unused cells and wires).
Finding unused cells or wires in module \ex251_semantic_int3_dot2_prodtable_qcase..
Removed 0 unused cells and 1 unused wires.

2.14. Executing ALUMACC pass (create $alu and $macc cells).
Extracting $alu and $macc cells in module ex251_semantic_int3_dot2_prodtable_qcase:
  creating $macc model for $neg$/home/b10507053/ALS_Final_Project/student/work/ex250_ex254_frontend_fp4_dot_fma_semantic_20260608_2105/ex251/verilog/ex251_semantic_int3_dot2_prodtable_qcase.v:403$13 ($neg).
  creating $macc model for $add$/home/b10507053/ALS_Final_Project/student/work/ex250_ex254_frontend_fp4_dot_fma_semantic_20260608_2105/ex251/verilog/ex251_semantic_int3_dot2_prodtable_qcase.v:401$11 ($add).
  creating $alu model for $macc $add$/home/b10507053/ALS_Final_Project/student/work/ex250_ex254_frontend_fp4_dot_fma_semantic_20260608_2105/ex251/verilog/ex251_semantic_int3_dot2_prodtable_qcase.v:401$11.
  creating $alu model for $macc $neg$/home/b10507053/ALS_Final_Project/student/work/ex250_ex254_frontend_fp4_dot_fma_semantic_20260608_2105/ex251/verilog/ex251_semantic_int3_dot2_prodtable_qcase.v:403$13.
  creating $alu model for $lt$/home/b10507053/ALS_Final_Project/student/work/ex250_ex254_frontend_fp4_dot_fma_semantic_20260608_2105/ex251/verilog/ex251_semantic_int3_dot2_prodtable_qcase.v:402$12 ($lt): new $alu
  creating $alu cell for $lt$/home/b10507053/ALS_Final_Project/student/work/ex250_ex254_frontend_fp4_dot_fma_semantic_20260608_2105/ex251/verilog/ex251_semantic_int3_dot2_prodtable_qcase.v:402$12: $auto$alumacc.cc:512:replace_alu$75
  creating $alu cell for $neg$/home/b10507053/ALS_Final_Project/student/work/ex250_ex254_frontend_fp4_dot_fma_semantic_20260608_2105/ex251/verilog/ex251_semantic_int3_dot2_prodtable_qcase.v:403$13: $auto$alumacc.cc:512:replace_alu$82
  creating $alu cell for $add$/home/b10507053/ALS_Final_Project/student/work/ex250_ex254_frontend_fp4_dot_fma_semantic_20260608_2105/ex251/verilog/ex251_semantic_int3_dot2_prodtable_qcase.v:401$11: $auto$alumacc.cc:512:replace_alu$85
  created 3 $alu and 0 $macc cells.

2.15. Executing SHARE pass (SAT-based resource sharing).

2.16. Executing OPT pass (performing simple optimizations).

2.16.1. Executing OPT_EXPR pass (perform const folding).
Optimizing module ex251_semantic_int3_dot2_prodtable_qcase.

2.16.2. Executing OPT_MERGE pass (detect identical cells).
Finding identical cells in module `\ex251_semantic_int3_dot2_prodtable_qcase'.
Computing hashes of 27 cells of `\ex251_semantic_int3_dot2_prodtable_qcase'.
Finding duplicate cells in `\ex251_semantic_int3_dot2_prodtable_qcase'.
Removed a total of 0 cells.

2.16.3. Executing OPT_MUXTREE pass (detect dead branches in mux trees).
Running muxtree optimizer on module \ex251_semantic_int3_dot2_prodtable_qcase..
  Creating internal representation of mux trees.
  Evaluating internal representation of mux trees.
  Analyzing evaluation results.
Removed 0 multiplexer ports.

2.16.4. Executing OPT_REDUCE pass (consolidate $*mux and $reduce_* inputs).
  Optimizing cells in module \ex251_semantic_int3_dot2_prodtable_qcase.
Performed a total of 0 changes.

2.16.5. Executing OPT_MERGE pass (detect identical cells).
Finding identical cells in module `\ex251_semantic_int3_dot2_prodtable_qcase'.
Computing hashes of 27 cells of `\ex251_semantic_int3_dot2_prodtable_qcase'.
Finding duplicate cells in `\ex251_semantic_int3_dot2_prodtable_qcase'.
Removed a total of 0 cells.

2.16.6. Executing OPT_DFF pass (perform DFF optimizations).

2.16.7. Executing OPT_CLEAN pass (remove unused cells and wires).
Finding unused cells or wires in module \ex251_semantic_int3_dot2_prodtable_qcase..
Removed 1 unused cells and 6 unused wires.

2.16.8. Executing OPT_EXPR pass (perform const folding).
Optimizing module ex251_semantic_int3_dot2_prodtable_qcase.

2.16.9. Rerunning OPT passes. (Maybe there is more to do..)

2.16.10. Executing OPT_MUXTREE pass (detect dead branches in mux trees).
Running muxtree optimizer on module \ex251_semantic_int3_dot2_prodtable_qcase..
  Creating internal representation of mux trees.
  Evaluating internal representation of mux trees.
      Replacing known input bits on port A of cell $ternary$/home/b10507053/ALS_Final_Project/student/work/ex250_ex254_frontend_fp4_dot_fma_semantic_20260608_2105/ex251/verilog/ex251_semantic_int3_dot2_prodtable_qcase.v:404$14: { \negative \sum [8:0] } -> { 1'0 \sum [8:0] }
  Analyzing evaluation results.
Removed 0 multiplexer ports.

2.16.11. Executing OPT_REDUCE pass (consolidate $*mux and $reduce_* inputs).
  Optimizing cells in module \ex251_semantic_int3_dot2_prodtable_qcase.
Performed a total of 0 changes.

2.16.12. Executing OPT_MERGE pass (detect identical cells).
Finding identical cells in module `\ex251_semantic_int3_dot2_prodtable_qcase'.
Computing hashes of 25 cells of `\ex251_semantic_int3_dot2_prodtable_qcase'.
Finding duplicate cells in `\ex251_semantic_int3_dot2_prodtable_qcase'.
Removed a total of 0 cells.

2.16.13. Executing OPT_DFF pass (perform DFF optimizations).

2.16.14. Executing OPT_CLEAN pass (remove unused cells and wires).
Finding unused cells or wires in module \ex251_semantic_int3_dot2_prodtable_qcase..

2.16.15. Executing OPT_EXPR pass (perform const folding).
Optimizing module ex251_semantic_int3_dot2_prodtable_qcase.

2.16.16. Finished fast OPT passes. (There is nothing left to do.)

2.17. Executing MEMORY pass.

2.17.1. Executing OPT_MEM pass (optimize memories).
Performed a total of 0 transformations.

2.17.2. Executing OPT_MEM_PRIORITY pass (removing unnecessary memory write priority relations).
Performed a total of 0 transformations.

2.17.3. Executing OPT_MEM_FEEDBACK pass (finding memory read-to-write feedback paths).

2.17.4. Executing MEMORY_BMUX2ROM pass (converting muxes to ROMs).

2.17.5. Executing MEMORY_DFF pass (merging $dff cells to $memrd).
Checking read port `$auto$proc_rom.cc:155:do_switch$65'[0] in module `\ex251_semantic_int3_dot2_prodtable_qcase': no output FF found.
Checking read port `$auto$proc_rom.cc:155:do_switch$61'[0] in module `\ex251_semantic_int3_dot2_prodtable_qcase': no output FF found.
Checking read port `$auto$proc_rom.cc:155:do_switch$57'[0] in module `\ex251_semantic_int3_dot2_prodtable_qcase': no output FF found.
Checking read port address `$auto$proc_rom.cc:155:do_switch$65'[0] in module `\ex251_semantic_int3_dot2_prodtable_qcase': no address FF found.
Checking read port address `$auto$proc_rom.cc:155:do_switch$61'[0] in module `\ex251_semantic_int3_dot2_prodtable_qcase': no address FF found.
Checking read port address `$auto$proc_rom.cc:155:do_switch$57'[0] in module `\ex251_semantic_int3_dot2_prodtable_qcase': no address FF found.

2.17.6. Executing OPT_CLEAN pass (remove unused cells and wires).
Finding unused cells or wires in module \ex251_semantic_int3_dot2_prodtable_qcase..

2.17.7. Executing MEMORY_SHARE pass (consolidating $memrd/$memwr cells).

2.17.8. Executing OPT_MEM_WIDEN pass (optimize memories where all ports are wide).
Performed a total of 0 transformations.

2.17.9. Executing OPT_CLEAN pass (remove unused cells and wires).
Finding unused cells or wires in module \ex251_semantic_int3_dot2_prodtable_qcase..

2.17.10. Executing MEMORY_COLLECT pass (generating $mem cells).

2.18. Executing OPT_CLEAN pass (remove unused cells and wires).
Finding unused cells or wires in module \ex251_semantic_int3_dot2_prodtable_qcase..

2.19. Executing OPT pass (performing simple optimizations).

2.19.1. Executing OPT_EXPR pass (perform const folding).
Optimizing module ex251_semantic_int3_dot2_prodtable_qcase.

2.19.2. Executing OPT_MERGE pass (detect identical cells).
Finding identical cells in module `\ex251_semantic_int3_dot2_prodtable_qcase'.
Computing hashes of 22 cells of `\ex251_semantic_int3_dot2_prodtable_qcase'.
Finding duplicate cells in `\ex251_semantic_int3_dot2_prodtable_qcase'.
Removed a total of 0 cells.

2.19.3. Executing OPT_DFF pass (perform DFF optimizations).

2.19.4. Executing OPT_CLEAN pass (remove unused cells and wires).
Finding unused cells or wires in module \ex251_semantic_int3_dot2_prodtable_qcase..

2.19.5. Finished fast OPT passes.

2.20. Executing MEMORY_MAP pass (converting memories to logic and flip-flops).
Mapping memory $auto$proc_rom.cc:155:do_switch$61 in module \ex251_semantic_int3_dot2_prodtable_qcase:
  created 256 $dff cells and 0 static cells of width 9.
  read interface: 0 $dff and 255 $mux cells.
  write interface: 0 write mux blocks.
Mapping memory $auto$proc_rom.cc:155:do_switch$65 in module \ex251_semantic_int3_dot2_prodtable_qcase:
  created 256 $dff cells and 0 static cells of width 9.
  read interface: 0 $dff and 255 $mux cells.
  write interface: 0 write mux blocks.
Mapping memory $auto$proc_rom.cc:155:do_switch$57 in module \ex251_semantic_int3_dot2_prodtable_qcase:
  created 128 $dff cells and 0 static cells of width 7.
  read interface: 0 $dff and 127 $mux cells.
  write interface: 0 write mux blocks.

2.21. Executing OPT pass (performing simple optimizations).

2.21.1. Executing OPT_EXPR pass (perform const folding).
Optimizing module ex251_semantic_int3_dot2_prodtable_qcase.

2.21.2. Executing OPT_MERGE pass (detect identical cells).
Finding identical cells in module `\ex251_semantic_int3_dot2_prodtable_qcase'.
Computing hashes of 534 cells of `\ex251_semantic_int3_dot2_prodtable_qcase'.
Finding duplicate cells in `\ex251_semantic_int3_dot2_prodtable_qcase'.
Removed a total of 0 cells.

2.21.3. Executing OPT_MUXTREE pass (detect dead branches in mux trees).
Running muxtree optimizer on module \ex251_semantic_int3_dot2_prodtable_qcase..
  Creating internal representation of mux trees.
  Evaluating internal representation of mux trees.
  Analyzing evaluation results.
Removed 0 multiplexer ports.

2.21.4. Executing OPT_REDUCE pass (consolidate $*mux and $reduce_* inputs).
  Optimizing cells in module \ex251_semantic_int3_dot2_prodtable_qcase.
    Consolidated identical input bits for $mux cell $memory$auto$proc_rom.cc:155:do_switch$65$rdmux[0][7][126]$1620:
      Old ports: A=9'000011100, B=9'000100011, Y=$memory$auto$proc_rom.cc:155:do_switch$65$rdmux[0][6][63]$a$1240
      New ports: A=2'10, B=2'01, Y={ $memory$auto$proc_rom.cc:155:do_switch$65$rdmux[0][6][63]$a$1240 [2] $memory$auto$proc_rom.cc:155:do_switch$65$rdmux[0][6][63]$a$1240 [0] }
      New connections: { $memory$auto$proc_rom.cc:155:do_switch$65$rdmux[0][6][63]$a$1240 [8:3] $memory$auto$proc_rom.cc:155:do_switch$65$rdmux[0][6][63]$a$1240 [1] } = { 3'000 $memory$auto$proc_rom.cc:155:do_switch$65$rdmux[0][6][63]$a$1240 [0] $memory$auto$proc_rom.cc:155:do_switch$65$rdmux[0][6][63]$a$1240 [2] $memory$auto$proc_rom.cc:155:do_switch$65$rdmux[0][6][63]$a$1240 [2] $memory$auto$proc_rom.cc:155:do_switch$65$rdmux[0][6][63]$a$1240 [0] }
    Consolidated identical input bits for $mux cell $memory$auto$proc_rom.cc:155:do_switch$65$rdmux[0][7][125]$1617:
      Old ports: A=9'000001110, B=9'000010101, Y=$memory$auto$proc_rom.cc:155:do_switch$65$rdmux[0][6][62]$b$1238
      New ports: A=2'10, B=2'01, Y=$memory$auto$proc_rom.cc:155:do_switch$65$rdmux[0][6][62]$b$1238 [1:0]
      New connections: $memory$auto$proc_rom.cc:155:do_switch$65$rdmux[0][6][62]$b$1238 [8:2] = { 4'0000 $memory$auto$proc_rom.cc:155:do_switch$65$rdmux[0][6][62]$b$1238 [0] $memory$auto$proc_rom.cc:155:do_switch$65$rdmux[0][6][62]$b$1238 [1] 1'1 }
    Consolidated identical input bits for $mux cell $memory$auto$proc_rom.cc:155:do_switch$65$rdmux[0][7][124]$1614:
      Old ports: A=9'000000000, B=9'000000111, Y=$memory$auto$proc_rom.cc:155:do_switch$65$rdmux[0][6][62]$a$1237
      New ports: A=1'0, B=1'1, Y=$memory$auto$proc_rom.cc:155:do_switch$65$rdmux[0][6][62]$a$1237 [0]
      New connections: $memory$auto$proc_rom.cc:155:do_switch$65$rdmux[0][6][62]$a$1237 [8:1] = { 6'000000 $memory$auto$proc_rom.cc:155:do_switch$65$rdmux[0][6][62]$a$1237 [0] $memory$auto$proc_rom.cc:155:do_switch$65$rdmux[0][6][62]$a$1237 [0] }
    Consolidated identical input bits for $mux cell $memory$auto$proc_rom.cc:155:do_switch$65$rdmux[0][7][123]$1611:
      Old ports: A=9'111010110, B=9'111001111, Y=$memory$auto$proc_rom.cc:155:do_switch$65$rdmux[0][6][61]$b$1235
      New ports: A=2'10, B=2'01, Y={ $memory$auto$proc_rom.cc:155:do_switch$65$rdmux[0][6][61]$b$1235 [4] $memory$auto$proc_rom.cc:155:do_switch$65$rdmux[0][6][61]$b$1235 [0] }
      New connections: { $memory$auto$proc_rom.cc:155:do_switch$65$rdmux[0][6][61]$b$1235 [8:5] $memory$auto$proc_rom.cc:155:do_switch$65$rdmux[0][6][61]$b$1235 [3:1] } = { 4'1110 $memory$auto$proc_rom.cc:155:do_switch$65$rdmux[0][6][61]$b$1235 [0] 2'11 }
    Consolidated identical input bits for $mux cell $memory$auto$proc_rom.cc:155:do_switch$65$rdmux[0][7][122]$1608:
      Old ports: A=9'111100100, B=9'111011101, Y=$memory$auto$proc_rom.cc:155:do_switch$65$rdmux[0][6][61]$a$1234
      New ports: A=2'10, B=2'01, Y={ $memory$auto$proc_rom.cc:155:do_switch$65$rdmux[0][6][61]$a$1234 [5] $memory$auto$proc_rom.cc:155:do_switch$65$rdmux[0][6][61]$a$1234 [0] }
      New connections: { $memory$auto$proc_rom.cc:155:do_switch$65$rdmux[0][6][61]$a$1234 [8:6] $memory$auto$proc_rom.cc:155:do_switch$65$rdmux[0][6][61]$a$1234 [4:1] } = { 3'111 $memory$auto$proc_rom.cc:155:do_switch$65$rdmux[0][6][61]$a$1234 [0] $memory$auto$proc_rom.cc:155:do_switch$65$rdmux[0][6][61]$a$1234 [0] 2'10 }
    Consolidated identical input bits for $mux cell $memory$auto$proc_rom.cc:155:do_switch$65$rdmux[0][7][121]$1605:
      Old ports: A=9'111110010, B=9'111101011, Y=$memory$auto$proc_rom.cc:155:do_switch$65$rdmux[0][6][60]$b$1232
      New ports: A=2'10, B=2'01, Y={ $memory$auto$proc_rom.cc:155:do_switch$65$rdmux[0][6][60]$b$1232 [4] $memory$auto$proc_rom.cc:155:do_switch$65$rdmux[0][6][60]$b$1232 [0] }
      New connections: { $memory$auto$proc_rom.cc:155:do_switch$65$rdmux[0][6][60]$b$1232 [8:5] $memory$auto$proc_rom.cc:155:do_switch$65$rdmux[0][6][60]$b$1232 [3:1] } = { 4'1111 $memory$auto$proc_rom.cc:155:do_switch$65$rdmux[0][6][60]$b$1232 [0] 2'01 }
    Consolidated identical input bits for $mux cell $memory$auto$proc_rom.cc:155:do_switch$65$rdmux[0][7][120]$1602:
      Old ports: A=9'000000000, B=9'111111001, Y=$memory$auto$proc_rom.cc:155:do_switch$65$rdmux[0][6][60]$a$1231
      New ports: A=1'0, B=1'1, Y=$memory$auto$proc_rom.cc:155:do_switch$65$rdmux[0][6][60]$a$1231 [0]
      New connections: $memory$auto$proc_rom.cc:155:do_switch$65$rdmux[0][6][60]$a$1231 [8:1] = { $memory$auto$proc_rom.cc:155:do_switch$65$rdmux[0][6][60]$a$1231 [0] $memory$auto$proc_rom.cc:155:do_switch$65$rdmux[0][6][60]$a$1231 [0] $memory$auto$proc_rom.cc:155:do_switch$65$rdmux[0][6][60]$a$1231 [0] $memory$auto$proc_rom.cc:155:do_switch$65$rdmux[0][6][60]$a$1231 [0] $memory$auto$proc_rom.cc:155:do_switch$65$rdmux[0][6][60]$a$1231 [0] $memory$auto$proc_rom.cc:155:do_switch$65$rdmux[0][6][60]$a$1231 [0] 2'00 }
    Consolidated identical input bits for $mux cell $memory$auto$proc_rom.cc:155:do_switch$65$rdmux[0][7][119]$1599:
      Old ports: A=9'000100100, B=9'000101010, Y=$memory$auto$proc_rom.cc:155:do_switch$65$rdmux[0][6][59]$b$1229
      New ports: A=2'10, B=2'01, Y=$memory$auto$proc_rom.cc:155:do_switch$65$rdmux[0][6][59]$b$1229 [2:1]
      New connections: { $memory$auto$proc_rom.cc:155:do_switch$65$rdmux[0][6][59]$b$1229 [8:3] $memory$auto$proc_rom.cc:155:do_switch$65$rdmux[0][6][59]$b$1229 [0] } = { 5'00010 $memory$auto$proc_rom.cc:155:do_switch$65$rdmux[0][6][59]$b$1229 [1] 1'0 }
    Consolidated identical input bits for $mux cell $memory$auto$proc_rom.cc:155:do_switch$65$rdmux[0][7][118]$1596:
      Old ports: A=9'000011000, B=9'000011110, Y=$memory$auto$proc_rom.cc:155:do_switch$65$rdmux[0][6][59]$a$1228
      New ports: A=1'0, B=1'1, Y=$memory$auto$proc_rom.cc:155:do_switch$65$rdmux[0][6][59]$a$1228 [1]
      New connections: { $memory$auto$proc_rom.cc:155:do_switch$65$rdmux[0][6][59]$a$1228 [8:2] $memory$auto$proc_rom.cc:155:do_switch$65$rdmux[0][6][59]$a$1228 [0] } = { 6'000011 $memory$auto$proc_rom.cc:155:do_switch$65$rdmux[0][6][59]$a$1228 [1] 1'0 }
    Consolidated identical input bits for $mux cell $memory$auto$proc_rom.cc:155:do_switch$65$rdmux[0][7][117]$1593:
      Old ports: A=9'000001100, B=9'000010010, Y=$memory$auto$proc_rom.cc:155:do_switch$65$rdmux[0][6][58]$b$1226
      New ports: A=2'10, B=2'01, Y=$memory$auto$proc_rom.cc:155:do_switch$65$rdmux[0][6][58]$b$1226 [2:1]
      New connections: { $memory$auto$proc_rom.cc:155:do_switch$65$rdmux[0][6][58]$b$1226 [8:3] $memory$auto$proc_rom.cc:155:do_switch$65$rdmux[0][6][58]$b$1226 [0] } = { 4'0000 $memory$auto$proc_rom.cc:155:do_switch$65$rdmux[0][6][58]$b$1226 [1] $memory$auto$proc_rom.cc:155:do_switch$65$rdmux[0][6][58]$b$1226 [2] 1'0 }
    Consolidated identical input bits for $mux cell $memory$auto$proc_rom.cc:155:do_switch$65$rdmux[0][7][116]$1590:
      Old ports: A=9'000000000, B=9'000000110, Y=$memory$auto$proc_rom.cc:155:do_switch$65$rdmux[0][6][58]$a$1225
      New ports: A=1'0, B=1'1, Y=$memory$auto$proc_rom.cc:155:do_switch$65$rdmux[0][6][58]$a$1225 [1]
      New connections: { $memory$auto$proc_rom.cc:155:do_switch$65$rdmux[0][6][58]$a$1225 [8:2] $memory$auto$proc_rom.cc:155:do_switch$65$rdmux[0][6][58]$a$1225 [0] } = { 6'000000 $memory$auto$proc_rom.cc:155:do_switch$65$rdmux[0][6][58]$a$1225 [1] 1'0 }
    Consolidated identical input bits for $mux cell $memory$auto$proc_rom.cc:155:do_switch$65$rdmux[0][7][115]$1587:
      Old ports: A=9'111011100, B=9'111010110, Y=$memory$auto$proc_rom.cc:155:do_switch$65$rdmux[0][6][57]$b$1223
      New ports: A=2'10, B=2'01, Y={ $memory$auto$proc_rom.cc:155:do_switch$65$rdmux[0][6][57]$b$1223 [3] $memory$auto$proc_rom.cc:155:do_switch$65$rdmux[0][6][57]$b$1223 [1] }
      New connections: { $memory$auto$proc_rom.cc:155:do_switch$65$rdmux[0][6][57]$b$1223 [8:4] $memory$auto$proc_rom.cc:155:do_switch$65$rdmux[0][6][57]$b$1223 [2] $memory$auto$proc_rom.cc:155:do_switch$65$rdmux[0][6][57]$b$1223 [0] } = 7'1110110
    Consolidated identical input bits for $mux cell $memory$auto$proc_rom.cc:155:do_switch$65$rdmux[0][7][114]$1584:
      Old ports: A=9'111101000, B=9'111100010, Y=$memory$auto$proc_rom.cc:155:do_switch$65$rdmux[0][6][57]$a$1222
      New ports: A=2'10, B=2'01, Y={ $memory$auto$proc_rom.cc:155:do_switch$65$rdmux[0][6][57]$a$1222 [3] $memory$auto$proc_rom.cc:155:do_switch$65$rdmux[0][6][57]$a$1222 [1] }
      New connections: { $memory$auto$proc_rom.cc:155:do_switch$65$rdmux[0][6][57]$a$1222 [8:4] $memory$auto$proc_rom.cc:155:do_switch$65$rdmux[0][6][57]$a$1222 [2] $memory$auto$proc_rom.cc:155:do_switch$65$rdmux[0][6][57]$a$1222 [0] } = 7'1111000
    Consolidated identical input bits for $mux cell $memory$auto$proc_rom.cc:155:do_switch$65$rdmux[0][7][113]$1581:
      Old ports: A=9'111110100, B=9'111101110, Y=$memory$auto$proc_rom.cc:155:do_switch$65$rdmux[0][6][56]$b$1220
      New ports: A=2'10, B=2'01, Y={ $memory$auto$proc_rom.cc:155:do_switch$65$rdmux[0][6][56]$b$1220 [4] $memory$auto$proc_rom.cc:155:do_switch$65$rdmux[0][6][56]$b$1220 [1] }
      New connections: { $memory$auto$proc_rom.cc:155:do_switch$65$rdmux[0][6][56]$b$1220 [8:5] $memory$auto$proc_rom.cc:155:do_switch$65$rdmux[0][6][56]$b$1220 [3:2] $memory$auto$proc_rom.cc:155:do_switch$65$rdmux[0][6][56]$b$1220 [0] } = { 4'1111 $memory$auto$proc_rom.cc:155:do_switch$65$rdmux[0][6][56]$b$1220 [1] 2'10 }
    Consolidated identical input bits for $mux cell $memory$auto$proc_rom.cc:155:do_switch$65$rdmux[0][7][112]$1578:
      Old ports: A=9'000000000, B=9'111111010, Y=$memory$auto$proc_rom.cc:155:do_switch$65$rdmux[0][6][56]$a$1219
      New ports: A=1'0, B=1'1, Y=$memory$auto$proc_rom.cc:155:do_switch$65$rdmux[0][6][56]$a$1219 [1]
      New connections: { $memory$auto$proc_rom.cc:155:do_switch$65$rdmux[0][6][56]$a$1219 [8:2] $memory$auto$proc_rom.cc:155:do_switch$65$rdmux[0][6][56]$a$1219 [0] } = { $memory$auto$proc_rom.cc:155:do_switch$65$rdmux[0][6][56]$a$1219 [1] $memory$auto$proc_rom.cc:155:do_switch$65$rdmux[0][6][56]$a$1219 [1] $memory$auto$proc_rom.cc:155:do_switch$65$rdmux[0][6][56]$a$1219 [1] $memory$auto$proc_rom.cc:155:do_switch$65$rdmux[0][6][56]$a$1219 [1] $memory$auto$proc_rom.cc:155:do_switch$65$rdmux[0][6][56]$a$1219 [1] $memory$auto$proc_rom.cc:155:do_switch$65$rdmux[0][6][56]$a$1219 [1] 2'00 }
    Consolidated identical input bits for $mux cell $memory$auto$proc_rom.cc:155:do_switch$65$rdmux[0][7][111]$1575:
      Old ports: A=9'000011110, B=9'000100011, Y=$memory$auto$proc_rom.cc:155:do_switch$65$rdmux[0][6][55]$b$1217
      New ports: A=2'10, B=2'01, Y={ $memory$auto$proc_rom.cc:155:do_switch$65$rdmux[0][6][55]$b$1217 [2] $memory$auto$proc_rom.cc:155:do_switch$65$rdmux[0][6][55]$b$1217 [0] }
      New connections: { $memory$auto$proc_rom.cc:155:do_switch$65$rdmux[0][6][55]$b$1217 [8:3] $memory$auto$proc_rom.cc:155:do_switch$65$rdmux[0][6][55]$b$1217 [1] } = { 3'000 $memory$auto$proc_rom.cc:155:do_switch$65$rdmux[0][6][55]$b$1217 [0] $memory$auto$proc_rom.cc:155:do_switch$65$rdmux[0][6][55]$b$1217 [2] $memory$auto$proc_rom.cc:155:do_switch$65$rdmux[0][6][55]$b$1217 [2] 1'1 }
    Consolidated identical input bits for $mux cell $memory$auto$proc_rom.cc:155:do_switch$65$rdmux[0][7][110]$1572:
      Old ports: A=9'000010100, B=9'000011001, Y=$memory$auto$proc_rom.cc:155:do_switch$65$rdmux[0][6][55]$a$1216
      New ports: A=2'10, B=2'01, Y={ $memory$auto$proc_rom.cc:155:do_switch$65$rdmux[0][6][55]$a$1216 [2] $memory$auto$proc_rom.cc:155:do_switch$65$rdmux[0][6][55]$a$1216 [0] }
      New connections: { $memory$auto$proc_rom.cc:155:do_switch$65$rdmux[0][6][55]$a$1216 [8:3] $memory$auto$proc_rom.cc:155:do_switch$65$rdmux[0][6][55]$a$1216 [1] } = { 5'00001 $memory$auto$proc_rom.cc:155:do_switch$65$rdmux[0][6][55]$a$1216 [0] 1'0 }
    Consolidated identical input bits for $mux cell $memory$auto$proc_rom.cc:155:do_switch$65$rdmux[0][7][109]$1569:
      Old ports: A=9'000001010, B=9'000001111, Y=$memory$auto$proc_rom.cc:155:do_switch$65$rdmux[0][6][54]$b$1214
      New ports: A=1'0, B=1'1, Y=$memory$auto$proc_rom.cc:155:do_switch$65$rdmux[0][6][54]$b$1214 [0]
      New connections: $memory$auto$proc_rom.cc:155:do_switch$65$rdmux[0][6][54]$b$1214 [8:1] = { 6'000001 $memory$auto$proc_rom.cc:155:do_switch$65$rdmux[0][6][54]$b$1214 [0] 1'1 }
    Consolidated identical input bits for $mux cell $memory$auto$proc_rom.cc:155:do_switch$65$rdmux[0][7][108]$1566:
      Old ports: A=9'000000000, B=9'000000101, Y=$memory$auto$proc_rom.cc:155:do_switch$65$rdmux[0][6][54]$a$1213
      New ports: A=1'0, B=1'1, Y=$memory$auto$proc_rom.cc:155:do_switch$65$rdmux[0][6][54]$a$1213 [0]
      New connections: $memory$auto$proc_rom.cc:155:do_switch$65$rdmux[0][6][54]$a$1213 [8:1] = { 6'000000 $memory$auto$proc_rom.cc:155:do_switch$65$rdmux[0][6][54]$a$1213 [0] 1'0 }
    Consolidated identical input bits for $mux cell $memory$auto$proc_rom.cc:155:do_switch$65$rdmux[0][7][107]$1563:
      Old ports: A=9'111100010, B=9'111011101, Y=$memory$auto$proc_rom.cc:155:do_switch$65$rdmux[0][6][53]$b$1211
      New ports: A=2'10, B=2'01, Y=$memory$auto$proc_rom.cc:155:do_switch$65$rdmux[0][6][53]$b$1211 [1:0]
      New connections: $memory$auto$proc_rom.cc:155:do_switch$65$rdmux[0][6][53]$b$1211 [8:2] = { 3'111 $memory$auto$proc_rom.cc:155:do_switch$65$rdmux[0][6][53]$b$1211 [1:0] $memory$auto$proc_rom.cc:155:do_switch$65$rdmux[0][6][53]$b$1211 [0] $memory$auto$proc_rom.cc:155:do_switch$65$rdmux[0][6][53]$b$1211 [0] }
    Consolidated identical input bits for $mux cell $memory$auto$proc_rom.cc:155:do_switch$65$rdmux[0][7][106]$1560:
      Old ports: A=9'111101100, B=9'111100111, Y=$memory$auto$proc_rom.cc:155:do_switch$65$rdmux[0][6][53]$a$1210
      New ports: A=2'10, B=2'01, Y={ $memory$auto$proc_rom.cc:155:do_switch$65$rdmux[0][6][53]$a$1210 [3] $memory$auto$proc_rom.cc:155:do_switch$65$rdmux[0][6][53]$a$1210 [0] }
      New connections: { $memory$auto$proc_rom.cc:155:do_switch$65$rdmux[0][6][53]$a$1210 [8:4] $memory$auto$proc_rom.cc:155:do_switch$65$rdmux[0][6][53]$a$1210 [2:1] } = { 6'111101 $memory$auto$proc_rom.cc:155:do_switch$65$rdmux[0][6][53]$a$1210 [0] }
    Consolidated identical input bits for $mux cell $memory$auto$proc_rom.cc:155:do_switch$65$rdmux[0][7][105]$1557:
      Old ports: A=9'111110110, B=9'111110001, Y=$memory$auto$proc_rom.cc:155:do_switch$65$rdmux[0][6][52]$b$1208
      New ports: A=2'10, B=2'01, Y=$memory$auto$proc_rom.cc:155:do_switch$65$rdmux[0][6][52]$b$1208 [1:0]
      New connections: $memory$auto$proc_rom.cc:155:do_switch$65$rdmux[0][6][52]$b$1208 [8:2] = { 6'111110 $memory$auto$proc_rom.cc:155:do_switch$65$rdmux[0][6][52]$b$1208 [1] }
    Consolidated identical input bits for $mux cell $memory$auto$proc_rom.cc:155:do_switch$65$rdmux[0][7][104]$1554:
      Old ports: A=9'000000000, B=9'111111011, Y=$memory$auto$proc_rom.cc:155:do_switch$65$rdmux[0][6][52]$a$1207
      New ports: A=1'0, B=1'1, Y=$memory$auto$proc_rom.cc:155:do_switch$65$rdmux[0][6][52]$a$1207 [0]
      New connections: $memory$auto$proc_rom.cc:155:do_switch$65$rdmux[0][6][52]$a$1207 [8:1] = { $memory$auto$proc_rom.cc:155:do_switch$65$rdmux[0][6][52]$a$1207 [0] $memory$auto$proc_rom.cc:155:do_switch$65$rdmux[0][6][52]$a$1207 [0] $memory$auto$proc_rom.cc:155:do_switch$65$rdmux[0][6][52]$a$1207 [0] $memory$auto$proc_rom.cc:155:do_switch$65$rdmux[0][6][52]$a$1207 [0] $memory$auto$proc_rom.cc:155:do_switch$65$rdmux[0][6][52]$a$1207 [0] $memory$auto$proc_rom.cc:155:do_switch$65$rdmux[0][6][52]$a$1207 [0] 1'0 $memory$auto$proc_rom.cc:155:do_switch$65$rdmux[0][6][52]$a$1207 [0] }
    Consolidated identical input bits for $mux cell $memory$auto$proc_rom.cc:155:do_switch$65$rdmux[0][7][103]$1551:
      Old ports: A=9'000011000, B=9'000011100, Y=$memory$auto$proc_rom.cc:155:do_switch$65$rdmux[0][6][51]$b$1205
      New ports: A=1'0, B=1'1, Y=$memory$auto$proc_rom.cc:155:do_switch$65$rdmux[0][6][51]$b$1205 [2]
      New connections: { $memory$auto$proc_rom.cc:155:do_switch$65$rdmux[0][6][51]$b$1205 [8:3] $memory$auto$proc_rom.cc:155:do_switch$65$rdmux[0][6][51]$b$1205 [1:0] } = 8'00001100
    Consolidated identical input bits for $mux cell $memory$auto$proc_rom.cc:155:do_switch$65$rdmux[0][7][102]$1548:
      Old ports: A=9'000010000, B=9'000010100, Y=$memory$auto$proc_rom.cc:155:do_switch$65$rdmux[0][6][51]$a$1204
      New ports: A=1'0, B=1'1, Y=$memory$auto$proc_rom.cc:155:do_switch$65$rdmux[0][6][51]$a$1204 [2]
      New connections: { $memory$auto$proc_rom.cc:155:do_switch$65$rdmux[0][6][51]$a$1204 [8:3] $memory$auto$proc_rom.cc:155:do_switch$65$rdmux[0][6][51]$a$1204 [1:0] } = 8'00001000
    Consolidated identical input bits for $mux cell $memory$auto$proc_rom.cc:155:do_switch$65$rdmux[0][7][101]$1545:
      Old ports: A=9'000001000, B=9'000001100, Y=$memory$auto$proc_rom.cc:155:do_switch$65$rdmux[0][6][50]$b$1202
      New ports: A=1'0, B=1'1, Y=$memory$auto$proc_rom.cc:155:do_switch$65$rdmux[0][6][50]$b$1202 [2]
      New connections: { $memory$auto$proc_rom.cc:155:do_switch$65$rdmux[0][6][50]$b$1202 [8:3] $memory$auto$proc_rom.cc:155:do_switch$65$rdmux[0][6][50]$b$1202 [1:0] } = 8'00000100
    Consolidated identical input bits for $mux cell $memory$auto$proc_rom.cc:155:do_switch$65$rdmux[0][7][100]$1542:
      Old ports: A=9'000000000, B=9'000000100, Y=$memory$auto$proc_rom.cc:155:do_switch$65$rdmux[0][6][50]$a$1201
      New ports: A=1'0, B=1'1, Y=$memory$auto$proc_rom.cc:155:do_switch$65$rdmux[0][6][50]$a$1201 [2]
      New connections: { $memory$auto$proc_rom.cc:155:do_switch$65$rdmux[0][6][50]$a$1201 [8:3] $memory$auto$proc_rom.cc:155:do_switch$65$rdmux[0][6][50]$a$1201 [1:0] } = 8'00000000
    Consolidated identical input bits for $mux cell $memory$auto$proc_rom.cc:155:do_switch$65$rdmux[0][7][99]$1539:
      Old ports: A=9'111101000, B=9'111100100, Y=$memory$auto$proc_rom.cc:155:do_switch$65$rdmux[0][6][49]$b$1199
      New ports: A=2'10, B=2'01, Y=$memory$auto$proc_rom.cc:155:do_switch$65$rdmux[0][6][49]$b$1199 [3:2]
      New connections: { $memory$auto$proc_rom.cc:155:do_switch$65$rdmux[0][6][49]$b$1199 [8:4] $memory$auto$proc_rom.cc:155:do_switch$65$rdmux[0][6][49]$b$1199 [1:0] } = 7'1111000
    Consolidated identical input bits for $mux cell $memory$auto$proc_rom.cc:155:do_switch$65$rdmux[0][7][98]$1536:
      Old ports: A=9'111110000, B=9'111101100, Y=$memory$auto$proc_rom.cc:155:do_switch$65$rdmux[0][6][49]$a$1198
      New ports: A=2'10, B=2'01, Y={ $memory$auto$proc_rom.cc:155:do_switch$65$rdmux[0][6][49]$a$1198 [4] $memory$auto$proc_rom.cc:155:do_switch$65$rdmux[0][6][49]$a$1198 [2] }
      New connections: { $memory$auto$proc_rom.cc:155:do_switch$65$rdmux[0][6][49]$a$1198 [8:5] $memory$auto$proc_rom.cc:155:do_switch$65$rdmux[0][6][49]$a$1198 [3] $memory$auto$proc_rom.cc:155:do_switch$65$rdmux[0][6][49]$a$1198 [1:0] } = { 4'1111 $memory$auto$proc_rom.cc:155:do_switch$65$rdmux[0][6][49]$a$1198 [2] 2'00 }
    Consolidated identical input bits for $mux cell $memory$auto$proc_rom.cc:155:do_switch$65$rdmux[0][7][97]$1533:
      Old ports: A=9'111111000, B=9'111110100, Y=$memory$auto$proc_rom.cc:155:do_switch$65$rdmux[0][6][48]$b$1196
      New ports: A=2'10, B=2'01, Y=$memory$auto$proc_rom.cc:155:do_switch$65$rdmux[0][6][48]$b$1196 [3:2]
      New connections: { $memory$auto$proc_rom.cc:155:do_switch$65$rdmux[0][6][48]$b$1196 [8:4] $memory$auto$proc_rom.cc:155:do_switch$65$rdmux[0][6][48]$b$1196 [1:0] } = 7'1111100
    Consolidated identical input bits for $mux cell $memory$auto$proc_rom.cc:155:do_switch$65$rdmux[0][7][96]$1530:
      Old ports: A=9'000000000, B=9'111111100, Y=$memory$auto$proc_rom.cc:155:do_switch$65$rdmux[0][6][48]$a$1195
      New ports: A=1'0, B=1'1, Y=$memory$auto$proc_rom.cc:155:do_switch$65$rdmux[0][6][48]$a$1195 [2]
      New connections: { $memory$auto$proc_rom.cc:155:do_switch$65$rdmux[0][6][48]$a$1195 [8:3] $memory$auto$proc_rom.cc:155:do_switch$65$rdmux[0][6][48]$a$1195 [1:0] } = { $memory$auto$proc_rom.cc:155:do_switch$65$rdmux[0][6][48]$a$1195 [2] $memory$auto$proc_rom.cc:155:do_switch$65$rdmux[0][6][48]$a$1195 [2] $memory$auto$proc_rom.cc:155:do_switch$65$rdmux[0][6][48]$a$1195 [2] $memory$auto$proc_rom.cc:155:do_switch$65$rdmux[0][6][48]$a$1195 [2] $memory$auto$proc_rom.cc:155:do_switch$65$rdmux[0][6][48]$a$1195 [2] $memory$auto$proc_rom.cc:155:do_switch$65$rdmux[0][6][48]$a$1195 [2] 2'00 }
    Consolidated identical input bits for $mux cell $memory$auto$proc_rom.cc:155:do_switch$65$rdmux[0][7][95]$1527:
      Old ports: A=9'000010010, B=9'000010101, Y=$memory$auto$proc_rom.cc:155:do_switch$65$rdmux[0][6][47]$b$1193
      New ports: A=2'10, B=2'01, Y=$memory$auto$proc_rom.cc:155:do_switch$65$rdmux[0][6][47]$b$1193 [1:0]
      New connections: $memory$auto$proc_rom.cc:155:do_switch$65$rdmux[0][6][47]$b$1193 [8:2] = { 6'000010 $memory$auto$proc_rom.cc:155:do_switch$65$rdmux[0][6][47]$b$1193 [0] }
    Consolidated identical input bits for $mux cell $memory$auto$proc_rom.cc:155:do_switch$65$rdmux[0][7][94]$1524:
      Old ports: A=9'000001100, B=9'000001111, Y=$memory$auto$proc_rom.cc:155:do_switch$65$rdmux[0][6][47]$a$1192
      New ports: A=1'0, B=1'1, Y=$memory$auto$proc_rom.cc:155:do_switch$65$rdmux[0][6][47]$a$1192 [0]
      New connections: $memory$auto$proc_rom.cc:155:do_switch$65$rdmux[0][6][47]$a$1192 [8:1] = { 7'0000011 $memory$auto$proc_rom.cc:155:do_switch$65$rdmux[0][6][47]$a$1192 [0] }
    Consolidated identical input bits for $mux cell $memory$auto$proc_rom.cc:155:do_switch$65$rdmux[0][7][93]$1521:
      Old ports: A=9'000000110, B=9'000001001, Y=$memory$auto$proc_rom.cc:155:do_switch$65$rdmux[0][6][46]$b$1190
      New ports: A=2'10, B=2'01, Y=$memory$auto$proc_rom.cc:155:do_switch$65$rdmux[0][6][46]$b$1190 [1:0]
      New connections: $memory$auto$proc_rom.cc:155:do_switch$65$rdmux[0][6][46]$b$1190 [8:2] = { 5'00000 $memory$auto$proc_rom.cc:155:do_switch$65$rdmux[0][6][46]$b$1190 [0] $memory$auto$proc_rom.cc:155:do_switch$65$rdmux[0][6][46]$b$1190 [1] }
    Consolidated identical input bits for $mux cell $memory$auto$proc_rom.cc:155:do_switch$65$rdmux[0][7][92]$1518:
      Old ports: A=9'000000000, B=9'000000011, Y=$memory$auto$proc_rom.cc:155:do_switch$65$rdmux[0][6][46]$a$1189
      New ports: A=1'0, B=1'1, Y=$memory$auto$proc_rom.cc:155:do_switch$65$rdmux[0][6][46]$a$1189 [0]
      New connections: $memory$auto$proc_rom.cc:155:do_switch$65$rdmux[0][6][46]$a$1189 [8:1] = { 7'0000000 $memory$auto$proc_rom.cc:155:do_switch$65$rdmux[0][6][46]$a$1189 [0] }
    Consolidated identical input bits for $mux cell $memory$auto$proc_rom.cc:155:do_switch$65$rdmux[0][7][91]$1515:
      Old ports: A=9'111101110, B=9'111101011, Y=$memory$auto$proc_rom.cc:155:do_switch$65$rdmux[0][6][45]$b$1187
      New ports: A=2'10, B=2'01, Y={ $memory$auto$proc_rom.cc:155:do_switch$65$rdmux[0][6][45]$b$1187 [2] $memory$auto$proc_rom.cc:155:do_switch$65$rdmux[0][6][45]$b$1187 [0] }
      New connections: { $memory$auto$proc_rom.cc:155:do_switch$65$rdmux[0][6][45]$b$1187 [8:3] $memory$auto$proc_rom.cc:155:do_switch$65$rdmux[0][6][45]$b$1187 [1] } = 7'1111011
    Consolidated identical input bits for $mux cell $memory$auto$proc_rom.cc:155:do_switch$65$rdmux[0][7][90]$1512:
      Old ports: A=9'111110100, B=9'111110001, Y=$memory$auto$proc_rom.cc:155:do_switch$65$rdmux[0][6][45]$a$1186
      New ports: A=2'10, B=2'01, Y={ $memory$auto$proc_rom.cc:155:do_switch$65$rdmux[0][6][45]$a$1186 [2] $memory$auto$proc_rom.cc:155:do_switch$65$rdmux[0][6][45]$a$1186 [0] }
      New connections: { $memory$auto$proc_rom.cc:155:do_switch$65$rdmux[0][6][45]$a$1186 [8:3] $memory$auto$proc_rom.cc:155:do_switch$65$rdmux[0][6][45]$a$1186 [1] } = 7'1111100
    Consolidated identical input bits for $mux cell $memory$auto$proc_rom.cc:155:do_switch$65$rdmux[0][7][89]$1509:
      Old ports: A=9'111111010, B=9'111110111, Y=$memory$auto$proc_rom.cc:155:do_switch$65$rdmux[0][6][44]$b$1184
      New ports: A=2'10, B=2'01, Y={ $memory$auto$proc_rom.cc:155:do_switch$65$rdmux[0][6][44]$b$1184 [3] $memory$auto$proc_rom.cc:155:do_switch$65$rdmux[0][6][44]$b$1184 [0] }
      New connections: { $memory$auto$proc_rom.cc:155:do_switch$65$rdmux[0][6][44]$b$1184 [8:4] $memory$auto$proc_rom.cc:155:do_switch$65$rdmux[0][6][44]$b$1184 [2:1] } = { 5'11111 $memory$auto$proc_rom.cc:155:do_switch$65$rdmux[0][6][44]$b$1184 [0] 1'1 }
    Consolidated identical input bits for $mux cell $memory$auto$proc_rom.cc:155:do_switch$65$rdmux[0][7][88]$1506:
      Old ports: A=9'000000000, B=9'111111101, Y=$memory$auto$proc_rom.cc:155:do_switch$65$rdmux[0][6][44]$a$1183
      New ports: A=1'0, B=1'1, Y=$memory$auto$proc_rom.cc:155:do_switch$65$rdmux[0][6][44]$a$1183 [0]
      New connections: $memory$auto$proc_rom.cc:155:do_switch$65$rdmux[0][6][44]$a$1183 [8:1] = { $memory$auto$proc_rom.cc:155:do_switch$65$rdmux[0][6][44]$a$1183 [0] $memory$auto$proc_rom.cc:155:do_switch$65$rdmux[0][6][44]$a$1183 [0] $memory$auto$proc_rom.cc:155:do_switch$65$rdmux[0][6][44]$a$1183 [0] $memory$auto$proc_rom.cc:155:do_switch$65$rdmux[0][6][44]$a$1183 [0] $memory$auto$proc_rom.cc:155:do_switch$65$rdmux[0][6][44]$a$1183 [0] $memory$auto$proc_rom.cc:155:do_switch$65$rdmux[0][6][44]$a$1183 [0] $memory$auto$proc_rom.cc:155:do_switch$65$rdmux[0][6][44]$a$1183 [0] 1'0 }
    Consolidated identical input bits for $mux cell $memory$auto$proc_rom.cc:155:do_switch$65$rdmux[0][7][87]$1503:
      Old ports: A=9'000001100, B=9'000001110, Y=$memory$auto$proc_rom.cc:155:do_switch$65$rdmux[0][6][43]$b$1181
      New ports: A=1'0, B=1'1, Y=$memory$auto$proc_rom.cc:155:do_switch$65$rdmux[0][6][43]$b$1181 [1]
      New connections: { $memory$auto$proc_rom.cc:155:do_switch$65$rdmux[0][6][43]$b$1181 [8:2] $memory$auto$proc_rom.cc:155:do_switch$65$rdmux[0][6][43]$b$1181 [0] } = 8'00000110
    Consolidated identical input bits for $mux cell $memory$auto$proc_rom.cc:155:do_switch$65$rdmux[0][7][86]$1500:
      Old ports: A=9'000001000, B=9'000001010, Y=$memory$auto$proc_rom.cc:155:do_switch$65$rdmux[0][6][43]$a$1180
      New ports: A=1'0, B=1'1, Y=$memory$auto$proc_rom.cc:155:do_switch$65$rdmux[0][6][43]$a$1180 [1]
      New connections: { $memory$auto$proc_rom.cc:155:do_switch$65$rdmux[0][6][43]$a$1180 [8:2] $memory$auto$proc_rom.cc:155:do_switch$65$rdmux[0][6][43]$a$1180 [0] } = 8'00000100
    Consolidated identical input bits for $mux cell $memory$auto$proc_rom.cc:155:do_switch$65$rdmux[0][7][85]$1497:
      Old ports: A=9'000000100, B=9'000000110, Y=$memory$auto$proc_rom.cc:155:do_switch$65$rdmux[0][6][42]$b$1178
      New ports: A=1'0, B=1'1, Y=$memory$auto$proc_rom.cc:155:do_switch$65$rdmux[0][6][42]$b$1178 [1]
      New connections: { $memory$auto$proc_rom.cc:155:do_switch$65$rdmux[0][6][42]$b$1178 [8:2] $memory$auto$proc_rom.cc:155:do_switch$65$rdmux[0][6][42]$b$1178 [0] } = 8'00000010
    Consolidated identical input bits for $mux cell $memory$auto$proc_rom.cc:155:do_switch$65$rdmux[0][7][84]$1494:
      Old ports: A=9'000000000, B=9'000000010, Y=$memory$auto$proc_rom.cc:155:do_switch$65$rdmux[0][6][42]$a$1177
      New ports: A=1'0, B=1'1, Y=$memory$auto$proc_rom.cc:155:do_switch$65$rdmux[0][6][42]$a$1177 [1]
      New connections: { $memory$auto$proc_rom.cc:155:do_switch$65$rdmux[0][6][42]$a$1177 [8:2] $memory$auto$proc_rom.cc:155:do_switch$65$rdmux[0][6][42]$a$1177 [0] } = 8'00000000
    Consolidated identical input bits for $mux cell $memory$auto$proc_rom.cc:155:do_switch$65$rdmux[0][7][83]$1491:
      Old ports: A=9'111110100, B=9'111110010, Y=$memory$auto$proc_rom.cc:155:do_switch$65$rdmux[0][6][41]$b$1175
      New ports: A=2'10, B=2'01, Y=$memory$auto$proc_rom.cc:155:do_switch$65$rdmux[0][6][41]$b$1175 [2:1]
      New connections: { $memory$auto$proc_rom.cc:155:do_switch$65$rdmux[0][6][41]$b$1175 [8:3] $memory$auto$proc_rom.cc:155:do_switch$65$rdmux[0][6][41]$b$1175 [0] } = 7'1111100
    Consolidated identical input bits for $mux cell $memory$auto$proc_rom.cc:155:do_switch$65$rdmux[0][7][82]$1488:
      Old ports: A=9'111111000, B=9'111110110, Y=$memory$auto$proc_rom.cc:155:do_switch$65$rdmux[0][6][41]$a$1174
      New ports: A=2'10, B=2'01, Y={ $memory$auto$proc_rom.cc:155:do_switch$65$rdmux[0][6][41]$a$1174 [3] $memory$auto$proc_rom.cc:155:do_switch$65$rdmux[0][6][41]$a$1174 [1] }
      New connections: { $memory$auto$proc_rom.cc:155:do_switch$65$rdmux[0][6][41]$a$1174 [8:4] $memory$auto$proc_rom.cc:155:do_switch$65$rdmux[0][6][41]$a$1174 [2] $memory$auto$proc_rom.cc:155:do_switch$65$rdmux[0][6][41]$a$1174 [0] } = { 5'11111 $memory$auto$proc_rom.cc:155:do_switch$65$rdmux[0][6][41]$a$1174 [1] 1'0 }
    Consolidated identical input bits for $mux cell $memory$auto$proc_rom.cc:155:do_switch$65$rdmux[0][7][81]$1485:
      Old ports: A=9'111111100, B=9'111111010, Y=$memory$auto$proc_rom.cc:155:do_switch$65$rdmux[0][6][40]$b$1172
      New ports: A=2'10, B=2'01, Y=$memory$auto$proc_rom.cc:155:do_switch$65$rdmux[0][6][40]$b$1172 [2:1]
      New connections: { $memory$auto$proc_rom.cc:155:do_switch$65$rdmux[0][6][40]$b$1172 [8:3] $memory$auto$proc_rom.cc:155:do_switch$65$rdmux[0][6][40]$b$1172 [0] } = 7'1111110
    Consolidated identical input bits for $mux cell $memory$auto$proc_rom.cc:155:do_switch$65$rdmux[0][7][80]$1482:
      Old ports: A=9'000000000, B=9'111111110, Y=$memory$auto$proc_rom.cc:155:do_switch$65$rdmux[0][6][40]$a$1171
      New ports: A=1'0, B=1'1, Y=$memory$auto$proc_rom.cc:155:do_switch$65$rdmux[0][6][40]$a$1171 [1]
      New connections: { $memory$auto$proc_rom.cc:155:do_switch$65$rdmux[0][6][40]$a$1171 [8:2] $memory$auto$proc_rom.cc:155:do_switch$65$rdmux[0][6][40]$a$1171 [0] } = { $memory$auto$proc_rom.cc:155:do_switch$65$rdmux[0][6][40]$a$1171 [1] $memory$auto$proc_rom.cc:155:do_switch$65$rdmux[0][6][40]$a$1171 [1] $memory$auto$proc_rom.cc:155:do_switch$65$rdmux[0][6][40]$a$1171 [1] $memory$auto$proc_rom.cc:155:do_switch$65$rdmux[0][6][40]$a$1171 [1] $memory$auto$proc_rom.cc:155:do_switch$65$rdmux[0][6][40]$a$1171 [1] $memory$auto$proc_rom.cc:155:do_switch$65$rdmux[0][6][40]$a$1171 [1] $memory$auto$proc_rom.cc:155:do_switch$65$rdmux[0][6][40]$a$1171 [1] 1'0 }
    Consolidated identical input bits for $mux cell $memory$auto$proc_rom.cc:155:do_switch$65$rdmux[0][7][79]$1479:
      Old ports: A=9'000000110, B=9'000000111, Y=$memory$auto$proc_rom.cc:155:do_switch$65$rdmux[0][6][39]$b$1169
      New ports: A=1'0, B=1'1, Y=$memory$auto$proc_rom.cc:155:do_switch$65$rdmux[0][6][39]$b$1169 [0]
      New connections: $memory$auto$proc_rom.cc:155:do_switch$65$rdmux[0][6][39]$b$1169 [8:1] = 8'00000011
    Consolidated identical input bits for $mux cell $memory$auto$proc_rom.cc:155:do_switch$65$rdmux[0][7][78]$1476:
      Old ports: A=9'000000100, B=9'000000101, Y=$memory$auto$proc_rom.cc:155:do_switch$65$rdmux[0][6][39]$a$1168
      New ports: A=1'0, B=1'1, Y=$memory$auto$proc_rom.cc:155:do_switch$65$rdmux[0][6][39]$a$1168 [0]
      New connections: $memory$auto$proc_rom.cc:155:do_switch$65$rdmux[0][6][39]$a$1168 [8:1] = 8'00000010
    Consolidated identical input bits for $mux cell $memory$auto$proc_rom.cc:155:do_switch$65$rdmux[0][7][77]$1473:
      Old ports: A=9'000000010, B=9'000000011, Y=$memory$auto$proc_rom.cc:155:do_switch$65$rdmux[0][6][38]$b$1166
      New ports: A=1'0, B=1'1, Y=$memory$auto$proc_rom.cc:155:do_switch$65$rdmux[0][6][38]$b$1166 [0]
      New connections: $memory$auto$proc_rom.cc:155:do_switch$65$rdmux[0][6][38]$b$1166 [8:1] = 8'00000001
    Consolidated identical input bits for $mux cell $memory$auto$proc_rom.cc:155:do_switch$65$rdmux[0][7][76]$1470:
      Old ports: A=9'000000000, B=9'000000001, Y=$memory$auto$proc_rom.cc:155:do_switch$65$rdmux[0][6][38]$a$1165
      New ports: A=1'0, B=1'1, Y=$memory$auto$proc_rom.cc:155:do_switch$65$rdmux[0][6][38]$a$1165 [0]
      New connections: $memory$auto$proc_rom.cc:155:do_switch$65$rdmux[0][6][38]$a$1165 [8:1] = 8'00000000
    Consolidated identical input bits for $mux cell $memory$auto$proc_rom.cc:155:do_switch$65$rdmux[0][7][75]$1467:
      Old ports: A=9'111111010, B=9'111111001, Y=$memory$auto$proc_rom.cc:155:do_switch$65$rdmux[0][6][37]$b$1163
      New ports: A=2'10, B=2'01, Y=$memory$auto$proc_rom.cc:155:do_switch$65$rdmux[0][6][37]$b$1163 [1:0]
      New connections: $memory$auto$proc_rom.cc:155:do_switch$65$rdmux[0][6][37]$b$1163 [8:2] = 7'1111110
    Consolidated identical input bits for $mux cell $memory$auto$proc_rom.cc:155:do_switch$65$rdmux[0][7][74]$1464:
      Old ports: A=9'111111100, B=9'111111011, Y=$memory$auto$proc_rom.cc:155:do_switch$65$rdmux[0][6][37]$a$1162
      New ports: A=2'10, B=2'01, Y={ $memory$auto$proc_rom.cc:155:do_switch$65$rdmux[0][6][37]$a$1162 [2] $memory$auto$proc_rom.cc:155:do_switch$65$rdmux[0][6][37]$a$1162 [0] }
      New connections: { $memory$auto$proc_rom.cc:155:do_switch$65$rdmux[0][6][37]$a$1162 [8:3] $memory$auto$proc_rom.cc:155:do_switch$65$rdmux[0][6][37]$a$1162 [1] } = { 6'111111 $memory$auto$proc_rom.cc:155:do_switch$65$rdmux[0][6][37]$a$1162 [0] }
    Consolidated identical input bits for $mux cell $memory$auto$proc_rom.cc:155:do_switch$65$rdmux[0][7][73]$1461:
      Old ports: A=9'111111110, B=9'111111101, Y=$memory$auto$proc_rom.cc:155:do_switch$65$rdmux[0][6][36]$b$1160
      New ports: A=2'10, B=2'01, Y=$memory$auto$proc_rom.cc:155:do_switch$65$rdmux[0][6][36]$b$1160 [1:0]
      New connections: $memory$auto$proc_rom.cc:155:do_switch$65$rdmux[0][6][36]$b$1160 [8:2] = 7'1111111
    Consolidated identical input bits for $mux cell $memory$auto$proc_rom.cc:155:do_switch$65$rdmux[0][7][72]$1458:
      Old ports: A=9'000000000, B=9'111111111, Y=$memory$auto$proc_rom.cc:155:do_switch$65$rdmux[0][6][36]$a$1159
      New ports: A=1'0, B=1'1, Y=$memory$auto$proc_rom.cc:155:do_switch$65$rdmux[0][6][36]$a$1159 [0]
      New connections: $memory$auto$proc_rom.cc:155:do_switch$65$rdmux[0][6][36]$a$1159 [8:1] = { $memory$auto$proc_rom.cc:155:do_switch$65$rdmux[0][6][36]$a$1159 [0] $memory$auto$proc_rom.cc:155:do_switch$65$rdmux[0][6][36]$a$1159 [0] $memory$auto$proc_rom.cc:155:do_switch$65$rdmux[0][6][36]$a$1159 [0] $memory$auto$proc_rom.cc:155:do_switch$65$rdmux[0][6][36]$a$1159 [0] $memory$auto$proc_rom.cc:155:do_switch$65$rdmux[0][6][36]$a$1159 [0] $memory$auto$proc_rom.cc:155:do_switch$65$rdmux[0][6][36]$a$1159 [0] $memory$auto$proc_rom.cc:155:do_switch$65$rdmux[0][6][36]$a$1159 [0] $memory$auto$proc_rom.cc:155:do_switch$65$rdmux[0][6][36]$a$1159 [0] }
    Consolidated identical input bits for $mux cell $memory$auto$proc_rom.cc:155:do_switch$57$rdmux[0][6][6]$1833:
      Old ports: A=7'1000100, B=7'1000101, Y=$memory$auto$proc_rom.cc:155:do_switch$57$rdmux[0][5][3]$a$1729
      New ports: A=1'0, B=1'1, Y=$memory$auto$proc_rom.cc:155:do_switch$57$rdmux[0][5][3]$a$1729 [0]
      New connections: $memory$auto$proc_rom.cc:155:do_switch$57$rdmux[0][5][3]$a$1729 [6:1] = 6'100010
    Consolidated identical input bits for $mux cell $memory$auto$proc_rom.cc:155:do_switch$57$rdmux[0][6][7]$1836:
      Old ports: A=7'1000110, B=7'1000111, Y=$memory$auto$proc_rom.cc:155:do_switch$57$rdmux[0][5][3]$b$1730
      New ports: A=1'0, B=1'1, Y=$memory$auto$proc_rom.cc:155:do_switch$57$rdmux[0][5][3]$b$1730 [0]
      New connections: $memory$auto$proc_rom.cc:155:do_switch$57$rdmux[0][5][3]$b$1730 [6:1] = 6'100011
    Consolidated identical input bits for $mux cell $memory$auto$proc_rom.cc:155:do_switch$57$rdmux[0][6][9]$1842:
      Old ports: A=7'1001001, B=7'1001010, Y=$memory$auto$proc_rom.cc:155:do_switch$57$rdmux[0][5][4]$b$1733
      New ports: A=2'01, B=2'10, Y=$memory$auto$proc_rom.cc:155:do_switch$57$rdmux[0][5][4]$b$1733 [1:0]
      New connections: $memory$auto$proc_rom.cc:155:do_switch$57$rdmux[0][5][4]$b$1733 [6:2] = 5'10010
    Consolidated identical input bits for $mux cell $memory$auto$proc_rom.cc:155:do_switch$57$rdmux[0][6][1]$1818:
      Old ports: A=7'0110000, B=7'0110100, Y=$memory$auto$proc_rom.cc:155:do_switch$57$rdmux[0][5][0]$b$1721
      New ports: A=1'0, B=1'1, Y=$memory$auto$proc_rom.cc:155:do_switch$57$rdmux[0][5][0]$b$1721 [2]
      New connections: { $memory$auto$proc_rom.cc:155:do_switch$57$rdmux[0][5][0]$b$1721 [6:3] $memory$auto$proc_rom.cc:155:do_switch$57$rdmux[0][5][0]$b$1721 [1:0] } = 6'011000
    Consolidated identical input bits for $mux cell $memory$auto$proc_rom.cc:155:do_switch$57$rdmux[0][6][13]$1854:
      Old ports: A=7'1001101, B=7'1001110, Y=$memory$auto$proc_rom.cc:155:do_switch$57$rdmux[0][5][6]$b$1739
      New ports: A=2'01, B=2'10, Y=$memory$auto$proc_rom.cc:155:do_switch$57$rdmux[0][5][6]$b$1739 [1:0]
      New connections: $memory$auto$proc_rom.cc:155:do_switch$57$rdmux[0][5][6]$b$1739 [6:2] = 5'10011
    Consolidated identical input bits for $mux cell $memory$auto$proc_rom.cc:155:do_switch$57$rdmux[0][6][17]$1866:
      Old ports: A=7'1010000, B=7'1010001, Y=$memory$auto$proc_rom.cc:155:do_switch$57$rdmux[0][5][8]$b$1745
      New ports: A=1'0, B=1'1, Y=$memory$auto$proc_rom.cc:155:do_switch$57$rdmux[0][5][8]$b$1745 [0]
      New connections: $memory$auto$proc_rom.cc:155:do_switch$57$rdmux[0][5][8]$b$1745 [6:1] = 6'101000
    Consolidated identical input bits for $mux cell $memory$auto$proc_rom.cc:155:do_switch$65$rdmux[0][7][63]$1431:
      Old ports: A=9'111010110, B=9'111001111, Y=$memory$auto$proc_rom.cc:155:do_switch$65$rdmux[0][6][31]$b$1145
      New ports: A=2'10, B=2'01, Y={ $memory$auto$proc_rom.cc:155:do_switch$65$rdmux[0][6][31]$b$1145 [4] $memory$auto$proc_rom.cc:155:do_switch$65$rdmux[0][6][31]$b$1145 [0] }
      New connections: { $memory$auto$proc_rom.cc:155:do_switch$65$rdmux[0][6][31]$b$1145 [8:5] $memory$auto$proc_rom.cc:155:do_switch$65$rdmux[0][6][31]$b$1145 [3:1] } = { 4'1110 $memory$auto$proc_rom.cc:155:do_switch$65$rdmux[0][6][31]$b$1145 [0] 2'11 }
    Consolidated identical input bits for $mux cell $memory$auto$proc_rom.cc:155:do_switch$65$rdmux[0][7][62]$1428:
      Old ports: A=9'111100100, B=9'111011101, Y=$memory$auto$proc_rom.cc:155:do_switch$65$rdmux[0][6][31]$a$1144
      New ports: A=2'10, B=2'01, Y={ $memory$auto$proc_rom.cc:155:do_switch$65$rdmux[0][6][31]$a$1144 [5] $memory$auto$proc_rom.cc:155:do_switch$65$rdmux[0][6][31]$a$1144 [0] }
      New connections: { $memory$auto$proc_rom.cc:155:do_switch$65$rdmux[0][6][31]$a$1144 [8:6] $memory$auto$proc_rom.cc:155:do_switch$65$rdmux[0][6][31]$a$1144 [4:1] } = { 3'111 $memory$auto$proc_rom.cc:155:do_switch$65$rdmux[0][6][31]$a$1144 [0] $memory$auto$proc_rom.cc:155:do_switch$65$rdmux[0][6][31]$a$1144 [0] 2'10 }
    Consolidated identical input bits for $mux cell $memory$auto$proc_rom.cc:155:do_switch$65$rdmux[0][7][61]$1425:
      Old ports: A=9'111110010, B=9'111101011, Y=$memory$auto$proc_rom.cc:155:do_switch$65$rdmux[0][6][30]$b$1142
      New ports: A=2'10, B=2'01, Y={ $memory$auto$proc_rom.cc:155:do_switch$65$rdmux[0][6][30]$b$1142 [4] $memory$auto$proc_rom.cc:155:do_switch$65$rdmux[0][6][30]$b$1142 [0] }
      New connections: { $memory$auto$proc_rom.cc:155:do_switch$65$rdmux[0][6][30]$b$1142 [8:5] $memory$auto$proc_rom.cc:155:do_switch$65$rdmux[0][6][30]$b$1142 [3:1] } = { 4'1111 $memory$auto$proc_rom.cc:155:do_switch$65$rdmux[0][6][30]$b$1142 [0] 2'01 }
    Consolidated identical input bits for $mux cell $memory$auto$proc_rom.cc:155:do_switch$65$rdmux[0][7][60]$1422:
      Old ports: A=9'000000000, B=9'111111001, Y=$memory$auto$proc_rom.cc:155:do_switch$65$rdmux[0][6][30]$a$1141
      New ports: A=1'0, B=1'1, Y=$memory$auto$proc_rom.cc:155:do_switch$65$rdmux[0][6][30]$a$1141 [0]
      New connections: $memory$auto$proc_rom.cc:155:do_switch$65$rdmux[0][6][30]$a$1141 [8:1] = { $memory$auto$proc_rom.cc:155:do_switch$65$rdmux[0][6][30]$a$1141 [0] $memory$auto$proc_rom.cc:155:do_switch$65$rdmux[0][6][30]$a$1141 [0] $memory$auto$proc_rom.cc:155:do_switch$65$rdmux[0][6][30]$a$1141 [0] $memory$auto$proc_rom.cc:155:do_switch$65$rdmux[0][6][30]$a$1141 [0] $memory$auto$proc_rom.cc:155:do_switch$65$rdmux[0][6][30]$a$1141 [0] $memory$auto$proc_rom.cc:155:do_switch$65$rdmux[0][6][30]$a$1141 [0] 2'00 }
    Consolidated identical input bits for $mux cell $memory$auto$proc_rom.cc:155:do_switch$65$rdmux[0][7][59]$1419:
      Old ports: A=9'000101010, B=9'000110001, Y=$memory$auto$proc_rom.cc:155:do_switch$65$rdmux[0][6][29]$b$1139
      New ports: A=2'10, B=2'01, Y=$memory$auto$proc_rom.cc:155:do_switch$65$rdmux[0][6][29]$b$1139 [1:0]
      New connections: $memory$auto$proc_rom.cc:155:do_switch$65$rdmux[0][6][29]$b$1139 [8:2] = { 4'0001 $memory$auto$proc_rom.cc:155:do_switch$65$rdmux[0][6][29]$b$1139 [0] $memory$auto$proc_rom.cc:155:do_switch$65$rdmux[0][6][29]$b$1139 [1] 1'0 }
    Consolidated identical input bits for $mux cell $memory$auto$proc_rom.cc:155:do_switch$65$rdmux[0][7][58]$1416:
      Old ports: A=9'000011100, B=9'000100011, Y=$memory$auto$proc_rom.cc:155:do_switch$65$rdmux[0][6][29]$a$1138
      New ports: A=2'10, B=2'01, Y={ $memory$auto$proc_rom.cc:155:do_switch$65$rdmux[0][6][29]$a$1138 [2] $memory$auto$proc_rom.cc:155:do_switch$65$rdmux[0][6][29]$a$1138 [0] }
      New connections: { $memory$auto$proc_rom.cc:155:do_switch$65$rdmux[0][6][29]$a$1138 [8:3] $memory$auto$proc_rom.cc:155:do_switch$65$rdmux[0][6][29]$a$1138 [1] } = { 3'000 $memory$auto$proc_rom.cc:155:do_switch$65$rdmux[0][6][29]$a$1138 [0] $memory$auto$proc_rom.cc:155:do_switch$65$rdmux[0][6][29]$a$1138 [2] $memory$auto$proc_rom.cc:155:do_switch$65$rdmux[0][6][29]$a$1138 [2] $memory$auto$proc_rom.cc:155:do_switch$65$rdmux[0][6][29]$a$1138 [0] }
    Consolidated identical input bits for $mux cell $memory$auto$proc_rom.cc:155:do_switch$65$rdmux[0][7][57]$1413:
      Old ports: A=9'000001110, B=9'000010101, Y=$memory$auto$proc_rom.cc:155:do_switch$65$rdmux[0][6][28]$b$1136
      New ports: A=2'10, B=2'01, Y=$memory$auto$proc_rom.cc:155:do_switch$65$rdmux[0][6][28]$b$1136 [1:0]
      New connections: $memory$auto$proc_rom.cc:155:do_switch$65$rdmux[0][6][28]$b$1136 [8:2] = { 4'0000 $memory$auto$proc_rom.cc:155:do_switch$65$rdmux[0][6][28]$b$1136 [0] $memory$auto$proc_rom.cc:155:do_switch$65$rdmux[0][6][28]$b$1136 [1] 1'1 }
    Consolidated identical input bits for $mux cell $memory$auto$proc_rom.cc:155:do_switch$65$rdmux[0][7][56]$1410:
      Old ports: A=9'000000000, B=9'000000111, Y=$memory$auto$proc_rom.cc:155:do_switch$65$rdmux[0][6][28]$a$1135
      New ports: A=1'0, B=1'1, Y=$memory$auto$proc_rom.cc:155:do_switch$65$rdmux[0][6][28]$a$1135 [0]
      New connections: $memory$auto$proc_rom.cc:155:do_switch$65$rdmux[0][6][28]$a$1135 [8:1] = { 6'000000 $memory$auto$proc_rom.cc:155:do_switch$65$rdmux[0][6][28]$a$1135 [0] $memory$auto$proc_rom.cc:155:do_switch$65$rdmux[0][6][28]$a$1135 [0] }
    Consolidated identical input bits for $mux cell $memory$auto$proc_rom.cc:155:do_switch$65$rdmux[0][7][55]$1407:
      Old ports: A=9'111011100, B=9'111010110, Y=$memory$auto$proc_rom.cc:155:do_switch$65$rdmux[0][6][27]$b$1133
      New ports: A=2'10, B=2'01, Y={ $memory$auto$proc_rom.cc:155:do_switch$65$rdmux[0][6][27]$b$1133 [3] $memory$auto$proc_rom.cc:155:do_switch$65$rdmux[0][6][27]$b$1133 [1] }
      New connections: { $memory$auto$proc_rom.cc:155:do_switch$65$rdmux[0][6][27]$b$1133 [8:4] $memory$auto$proc_rom.cc:155:do_switch$65$rdmux[0][6][27]$b$1133 [2] $memory$auto$proc_rom.cc:155:do_switch$65$rdmux[0][6][27]$b$1133 [0] } = 7'1110110
    Consolidated identical input bits for $mux cell $memory$auto$proc_rom.cc:155:do_switch$65$rdmux[0][7][54]$1404:
      Old ports: A=9'111101000, B=9'111100010, Y=$memory$auto$proc_rom.cc:155:do_switch$65$rdmux[0][6][27]$a$1132
      New ports: A=2'10, B=2'01, Y={ $memory$auto$proc_rom.cc:155:do_switch$65$rdmux[0][6][27]$a$1132 [3] $memory$auto$proc_rom.cc:155:do_switch$65$rdmux[0][6][27]$a$1132 [1] }
      New connections: { $memory$auto$proc_rom.cc:155:do_switch$65$rdmux[0][6][27]$a$1132 [8:4] $memory$auto$proc_rom.cc:155:do_switch$65$rdmux[0][6][27]$a$1132 [2] $memory$auto$proc_rom.cc:155:do_switch$65$rdmux[0][6][27]$a$1132 [0] } = 7'1111000
    Consolidated identical input bits for $mux cell $memory$auto$proc_rom.cc:155:do_switch$65$rdmux[0][7][53]$1401:
      Old ports: A=9'111110100, B=9'111101110, Y=$memory$auto$proc_rom.cc:155:do_switch$65$rdmux[0][6][26]$b$1130
      New ports: A=2'10, B=2'01, Y={ $memory$auto$proc_rom.cc:155:do_switch$65$rdmux[0][6][26]$b$1130 [4] $memory$auto$proc_rom.cc:155:do_switch$65$rdmux[0][6][26]$b$1130 [1] }
      New connections: { $memory$auto$proc_rom.cc:155:do_switch$65$rdmux[0][6][26]$b$1130 [8:5] $memory$auto$proc_rom.cc:155:do_switch$65$rdmux[0][6][26]$b$1130 [3:2] $memory$auto$proc_rom.cc:155:do_switch$65$rdmux[0][6][26]$b$1130 [0] } = { 4'1111 $memory$auto$proc_rom.cc:155:do_switch$65$rdmux[0][6][26]$b$1130 [1] 2'10 }
    Consolidated identical input bits for $mux cell $memory$auto$proc_rom.cc:155:do_switch$65$rdmux[0][7][52]$1398:
      Old ports: A=9'000000000, B=9'111111010, Y=$memory$auto$proc_rom.cc:155:do_switch$65$rdmux[0][6][26]$a$1129
      New ports: A=1'0, B=1'1, Y=$memory$auto$proc_rom.cc:155:do_switch$65$rdmux[0][6][26]$a$1129 [1]
      New connections: { $memory$auto$proc_rom.cc:155:do_switch$65$rdmux[0][6][26]$a$1129 [8:2] $memory$auto$proc_rom.cc:155:do_switch$65$rdmux[0][6][26]$a$1129 [0] } = { $memory$auto$proc_rom.cc:155:do_switch$65$rdmux[0][6][26]$a$1129 [1] $memory$auto$proc_rom.cc:155:do_switch$65$rdmux[0][6][26]$a$1129 [1] $memory$auto$proc_rom.cc:155:do_switch$65$rdmux[0][6][26]$a$1129 [1] $memory$auto$proc_rom.cc:155:do_switch$65$rdmux[0][6][26]$a$1129 [1] $memory$auto$proc_rom.cc:155:do_switch$65$rdmux[0][6][26]$a$1129 [1] $memory$auto$proc_rom.cc:155:do_switch$65$rdmux[0][6][26]$a$1129 [1] 2'00 }
    Consolidated identical input bits for $mux cell $memory$auto$proc_rom.cc:155:do_switch$65$rdmux[0][7][51]$1395:
      Old ports: A=9'000100100, B=9'000101010, Y=$memory$auto$proc_rom.cc:155:do_switch$65$rdmux[0][6][25]$b$1127
      New ports: A=2'10, B=2'01, Y=$memory$auto$proc_rom.cc:155:do_switch$65$rdmux[0][6][25]$b$1127 [2:1]
      New connections: { $memory$auto$proc_rom.cc:155:do_switch$65$rdmux[0][6][25]$b$1127 [8:3] $memory$auto$proc_rom.cc:155:do_switch$65$rdmux[0][6][25]$b$1127 [0] } = { 5'00010 $memory$auto$proc_rom.cc:155:do_switch$65$rdmux[0][6][25]$b$1127 [1] 1'0 }
    Consolidated identical input bits for $mux cell $memory$auto$proc_rom.cc:155:do_switch$65$rdmux[0][7][50]$1392:
      Old ports: A=9'000011000, B=9'000011110, Y=$memory$auto$proc_rom.cc:155:do_switch$65$rdmux[0][6][25]$a$1126
      New ports: A=1'0, B=1'1, Y=$memory$auto$proc_rom.cc:155:do_switch$65$rdmux[0][6][25]$a$1126 [1]
      New connections: { $memory$auto$proc_rom.cc:155:do_switch$65$rdmux[0][6][25]$a$1126 [8:2] $memory$auto$proc_rom.cc:155:do_switch$65$rdmux[0][6][25]$a$1126 [0] } = { 6'000011 $memory$auto$proc_rom.cc:155:do_switch$65$rdmux[0][6][25]$a$1126 [1] 1'0 }
    Consolidated identical input bits for $mux cell $memory$auto$proc_rom.cc:155:do_switch$65$rdmux[0][7][49]$1389:
      Old ports: A=9'000001100, B=9'000010010, Y=$memory$auto$proc_rom.cc:155:do_switch$65$rdmux[0][6][24]$b$1124
      New ports: A=2'10, B=2'01, Y=$memory$auto$proc_rom.cc:155:do_switch$65$rdmux[0][6][24]$b$1124 [2:1]
      New connections: { $memory$auto$proc_rom.cc:155:do_switch$65$rdmux[0][6][24]$b$1124 [8:3] $memory$auto$proc_rom.cc:155:do_switch$65$rdmux[0][6][24]$b$1124 [0] } = { 4'0000 $memory$auto$proc_rom.cc:155:do_switch$65$rdmux[0][6][24]$b$1124 [1] $memory$auto$proc_rom.cc:155:do_switch$65$rdmux[0][6][24]$b$1124 [2] 1'0 }
    Consolidated identical input bits for $mux cell $memory$auto$proc_rom.cc:155:do_switch$65$rdmux[0][7][48]$1386:
      Old ports: A=9'000000000, B=9'000000110, Y=$memory$auto$proc_rom.cc:155:do_switch$65$rdmux[0][6][24]$a$1123
      New ports: A=1'0, B=1'1, Y=$memory$auto$proc_rom.cc:155:do_switch$65$rdmux[0][6][24]$a$1123 [1]
      New connections: { $memory$auto$proc_rom.cc:155:do_switch$65$rdmux[0][6][24]$a$1123 [8:2] $memory$auto$proc_rom.cc:155:do_switch$65$rdmux[0][6][24]$a$1123 [0] } = { 6'000000 $memory$auto$proc_rom.cc:155:do_switch$65$rdmux[0][6][24]$a$1123 [1] 1'0 }
    Consolidated identical input bits for $mux cell $memory$auto$proc_rom.cc:155:do_switch$65$rdmux[0][7][47]$1383:
      Old ports: A=9'111100010, B=9'111011101, Y=$memory$auto$proc_rom.cc:155:do_switch$65$rdmux[0][6][23]$b$1121
      New ports: A=2'10, B=2'01, Y=$memory$auto$proc_rom.cc:155:do_switch$65$rdmux[0][6][23]$b$1121 [1:0]
      New connections: $memory$auto$proc_rom.cc:155:do_switch$65$rdmux[0][6][23]$b$1121 [8:2] = { 3'111 $memory$auto$proc_rom.cc:155:do_switch$65$rdmux[0][6][23]$b$1121 [1:0] $memory$auto$proc_rom.cc:155:do_switch$65$rdmux[0][6][23]$b$1121 [0] $memory$auto$proc_rom.cc:155:do_switch$65$rdmux[0][6][23]$b$1121 [0] }
    Consolidated identical input bits for $mux cell $memory$auto$proc_rom.cc:155:do_switch$65$rdmux[0][7][46]$1380:
      Old ports: A=9'111101100, B=9'111100111, Y=$memory$auto$proc_rom.cc:155:do_switch$65$rdmux[0][6][23]$a$1120
      New ports: A=2'10, B=2'01, Y={ $memory$auto$proc_rom.cc:155:do_switch$65$rdmux[0][6][23]$a$1120 [3] $memory$auto$proc_rom.cc:155:do_switch$65$rdmux[0][6][23]$a$1120 [0] }
      New connections: { $memory$auto$proc_rom.cc:155:do_switch$65$rdmux[0][6][23]$a$1120 [8:4] $memory$auto$proc_rom.cc:155:do_switch$65$rdmux[0][6][23]$a$1120 [2:1] } = { 6'111101 $memory$auto$proc_rom.cc:155:do_switch$65$rdmux[0][6][23]$a$1120 [0] }
    Consolidated identical input bits for $mux cell $memory$auto$proc_rom.cc:155:do_switch$65$rdmux[0][7][45]$1377:
      Old ports: A=9'111110110, B=9'111110001, Y=$memory$auto$proc_rom.cc:155:do_switch$65$rdmux[0][6][22]$b$1118
      New ports: A=2'10, B=2'01, Y=$memory$auto$proc_rom.cc:155:do_switch$65$rdmux[0][6][22]$b$1118 [1:0]
      New connections: $memory$auto$proc_rom.cc:155:do_switch$65$rdmux[0][6][22]$b$1118 [8:2] = { 6'111110 $memory$auto$proc_rom.cc:155:do_switch$65$rdmux[0][6][22]$b$1118 [1] }
    Consolidated identical input bits for $mux cell $memory$auto$proc_rom.cc:155:do_switch$65$rdmux[0][7][44]$1374:
      Old ports: A=9'000000000, B=9'111111011, Y=$memory$auto$proc_rom.cc:155:do_switch$65$rdmux[0][6][22]$a$1117
      New ports: A=1'0, B=1'1, Y=$memory$auto$proc_rom.cc:155:do_switch$65$rdmux[0][6][22]$a$1117 [0]
      New connections: $memory$auto$proc_rom.cc:155:do_switch$65$rdmux[0][6][22]$a$1117 [8:1] = { $memory$auto$proc_rom.cc:155:do_switch$65$rdmux[0][6][22]$a$1117 [0] $memory$auto$proc_rom.cc:155:do_switch$65$rdmux[0][6][22]$a$1117 [0] $memory$auto$proc_rom.cc:155:do_switch$65$rdmux[0][6][22]$a$1117 [0] $memory$auto$proc_rom.cc:155:do_switch$65$rdmux[0][6][22]$a$1117 [0] $memory$auto$proc_rom.cc:155:do_switch$65$rdmux[0][6][22]$a$1117 [0] $memory$auto$proc_rom.cc:155:do_switch$65$rdmux[0][6][22]$a$1117 [0] 1'0 $memory$auto$proc_rom.cc:155:do_switch$65$rdmux[0][6][22]$a$1117 [0] }
    Consolidated identical input bits for $mux cell $memory$auto$proc_rom.cc:155:do_switch$65$rdmux[0][7][43]$1371:
      Old ports: A=9'000011110, B=9'000100011, Y=$memory$auto$proc_rom.cc:155:do_switch$65$rdmux[0][6][21]$b$1115
      New ports: A=2'10, B=2'01, Y={ $memory$auto$proc_rom.cc:155:do_switch$65$rdmux[0][6][21]$b$1115 [2] $memory$auto$proc_rom.cc:155:do_switch$65$rdmux[0][6][21]$b$1115 [0] }
      New connections: { $memory$auto$proc_rom.cc:155:do_switch$65$rdmux[0][6][21]$b$1115 [8:3] $memory$auto$proc_rom.cc:155:do_switch$65$rdmux[0][6][21]$b$1115 [1] } = { 3'000 $memory$auto$proc_rom.cc:155:do_switch$65$rdmux[0][6][21]$b$1115 [0] $memory$auto$proc_rom.cc:155:do_switch$65$rdmux[0][6][21]$b$1115 [2] $memory$auto$proc_rom.cc:155:do_switch$65$rdmux[0][6][21]$b$1115 [2] 1'1 }
    Consolidated identical input bits for $mux cell $memory$auto$proc_rom.cc:155:do_switch$65$rdmux[0][7][42]$1368:
      Old ports: A=9'000010100, B=9'000011001, Y=$memory$auto$proc_rom.cc:155:do_switch$65$rdmux[0][6][21]$a$1114
      New ports: A=2'10, B=2'01, Y={ $memory$auto$proc_rom.cc:155:do_switch$65$rdmux[0][6][21]$a$1114 [2] $memory$auto$proc_rom.cc:155:do_switch$65$rdmux[0][6][21]$a$1114 [0] }
      New connections: { $memory$auto$proc_rom.cc:155:do_switch$65$rdmux[0][6][21]$a$1114 [8:3] $memory$auto$proc_rom.cc:155:do_switch$65$rdmux[0][6][21]$a$1114 [1] } = { 5'00001 $memory$auto$proc_rom.cc:155:do_switch$65$rdmux[0][6][21]$a$1114 [0] 1'0 }
    Consolidated identical input bits for $mux cell $memory$auto$proc_rom.cc:155:do_switch$65$rdmux[0][7][41]$1365:
      Old ports: A=9'000001010, B=9'000001111, Y=$memory$auto$proc_rom.cc:155:do_switch$65$rdmux[0][6][20]$b$1112
      New ports: A=1'0, B=1'1, Y=$memory$auto$proc_rom.cc:155:do_switch$65$rdmux[0][6][20]$b$1112 [0]
      New connections: $memory$auto$proc_rom.cc:155:do_switch$65$rdmux[0][6][20]$b$1112 [8:1] = { 6'000001 $memory$auto$proc_rom.cc:155:do_switch$65$rdmux[0][6][20]$b$1112 [0] 1'1 }
    Consolidated identical input bits for $mux cell $memory$auto$proc_rom.cc:155:do_switch$65$rdmux[0][7][40]$1362:
      Old ports: A=9'000000000, B=9'000000101, Y=$memory$auto$proc_rom.cc:155:do_switch$65$rdmux[0][6][20]$a$1111
      New ports: A=1'0, B=1'1, Y=$memory$auto$proc_rom.cc:155:do_switch$65$rdmux[0][6][20]$a$1111 [0]
      New connections: $memory$auto$proc_rom.cc:155:do_switch$65$rdmux[0][6][20]$a$1111 [8:1] = { 6'000000 $memory$auto$proc_rom.cc:155:do_switch$65$rdmux[0][6][20]$a$1111 [0] 1'0 }
    Consolidated identical input bits for $mux cell $memory$auto$proc_rom.cc:155:do_switch$65$rdmux[0][7][39]$1359:
      Old ports: A=9'111101000, B=9'111100100, Y=$memory$auto$proc_rom.cc:155:do_switch$65$rdmux[0][6][19]$b$1109
      New ports: A=2'10, B=2'01, Y=$memory$auto$proc_rom.cc:155:do_switch$65$rdmux[0][6][19]$b$1109 [3:2]
      New connections: { $memory$auto$proc_rom.cc:155:do_switch$65$rdmux[0][6][19]$b$1109 [8:4] $memory$auto$proc_rom.cc:155:do_switch$65$rdmux[0][6][19]$b$1109 [1:0] } = 7'1111000
    Consolidated identical input bits for $mux cell $memory$auto$proc_rom.cc:155:do_switch$65$rdmux[0][7][38]$1356:
      Old ports: A=9'111110000, B=9'111101100, Y=$memory$auto$proc_rom.cc:155:do_switch$65$rdmux[0][6][19]$a$1108
      New ports: A=2'10, B=2'01, Y={ $memory$auto$proc_rom.cc:155:do_switch$65$rdmux[0][6][19]$a$1108 [4] $memory$auto$proc_rom.cc:155:do_switch$65$rdmux[0][6][19]$a$1108 [2] }
      New connections: { $memory$auto$proc_rom.cc:155:do_switch$65$rdmux[0][6][19]$a$1108 [8:5] $memory$auto$proc_rom.cc:155:do_switch$65$rdmux[0][6][19]$a$1108 [3] $memory$auto$proc_rom.cc:155:do_switch$65$rdmux[0][6][19]$a$1108 [1:0] } = { 4'1111 $memory$auto$proc_rom.cc:155:do_switch$65$rdmux[0][6][19]$a$1108 [2] 2'00 }
    Consolidated identical input bits for $mux cell $memory$auto$proc_rom.cc:155:do_switch$65$rdmux[0][7][37]$1353:
      Old ports: A=9'111111000, B=9'111110100, Y=$memory$auto$proc_rom.cc:155:do_switch$65$rdmux[0][6][18]$b$1106
      New ports: A=2'10, B=2'01, Y=$memory$auto$proc_rom.cc:155:do_switch$65$rdmux[0][6][18]$b$1106 [3:2]
      New connections: { $memory$auto$proc_rom.cc:155:do_switch$65$rdmux[0][6][18]$b$1106 [8:4] $memory$auto$proc_rom.cc:155:do_switch$65$rdmux[0][6][18]$b$1106 [1:0] } = 7'1111100
    Consolidated identical input bits for $mux cell $memory$auto$proc_rom.cc:155:do_switch$65$rdmux[0][7][36]$1350:
      Old ports: A=9'000000000, B=9'111111100, Y=$memory$auto$proc_rom.cc:155:do_switch$65$rdmux[0][6][18]$a$1105
      New ports: A=1'0, B=1'1, Y=$memory$auto$proc_rom.cc:155:do_switch$65$rdmux[0][6][18]$a$1105 [2]
      New connections: { $memory$auto$proc_rom.cc:155:do_switch$65$rdmux[0][6][18]$a$1105 [8:3] $memory$auto$proc_rom.cc:155:do_switch$65$rdmux[0][6][18]$a$1105 [1:0] } = { $memory$auto$proc_rom.cc:155:do_switch$65$rdmux[0][6][18]$a$1105 [2] $memory$auto$proc_rom.cc:155:do_switch$65$rdmux[0][6][18]$a$1105 [2] $memory$auto$proc_rom.cc:155:do_switch$65$rdmux[0][6][18]$a$1105 [2] $memory$auto$proc_rom.cc:155:do_switch$65$rdmux[0][6][18]$a$1105 [2] $memory$auto$proc_rom.cc:155:do_switch$65$rdmux[0][6][18]$a$1105 [2] $memory$auto$proc_rom.cc:155:do_switch$65$rdmux[0][6][18]$a$1105 [2] 2'00 }
    Consolidated identical input bits for $mux cell $memory$auto$proc_rom.cc:155:do_switch$65$rdmux[0][7][35]$1347:
      Old ports: A=9'000011000, B=9'000011100, Y=$memory$auto$proc_rom.cc:155:do_switch$65$rdmux[0][6][17]$b$1103
      New ports: A=1'0, B=1'1, Y=$memory$auto$proc_rom.cc:155:do_switch$65$rdmux[0][6][17]$b$1103 [2]
      New connections: { $memory$auto$proc_rom.cc:155:do_switch$65$rdmux[0][6][17]$b$1103 [8:3] $memory$auto$proc_rom.cc:155:do_switch$65$rdmux[0][6][17]$b$1103 [1:0] } = 8'00001100
    Consolidated identical input bits for $mux cell $memory$auto$proc_rom.cc:155:do_switch$65$rdmux[0][7][34]$1344:
      Old ports: A=9'000010000, B=9'000010100, Y=$memory$auto$proc_rom.cc:155:do_switch$65$rdmux[0][6][17]$a$1102
      New ports: A=1'0, B=1'1, Y=$memory$auto$proc_rom.cc:155:do_switch$65$rdmux[0][6][17]$a$1102 [2]
      New connections: { $memory$auto$proc_rom.cc:155:do_switch$65$rdmux[0][6][17]$a$1102 [8:3] $memory$auto$proc_rom.cc:155:do_switch$65$rdmux[0][6][17]$a$1102 [1:0] } = 8'00001000
    Consolidated identical input bits for $mux cell $memory$auto$proc_rom.cc:155:do_switch$65$rdmux[0][7][33]$1341:
      Old ports: A=9'000001000, B=9'000001100, Y=$memory$auto$proc_rom.cc:155:do_switch$65$rdmux[0][6][16]$b$1100
      New ports: A=1'0, B=1'1, Y=$memory$auto$proc_rom.cc:155:do_switch$65$rdmux[0][6][16]$b$1100 [2]
      New connections: { $memory$auto$proc_rom.cc:155:do_switch$65$rdmux[0][6][16]$b$1100 [8:3] $memory$auto$proc_rom.cc:155:do_switch$65$rdmux[0][6][16]$b$1100 [1:0] } = 8'00000100
    Consolidated identical input bits for $mux cell $memory$auto$proc_rom.cc:155:do_switch$65$rdmux[0][7][32]$1338:
      Old ports: A=9'000000000, B=9'000000100, Y=$memory$auto$proc_rom.cc:155:do_switch$65$rdmux[0][6][16]$a$1099
      New ports: A=1'0, B=1'1, Y=$memory$auto$proc_rom.cc:155:do_switch$65$rdmux[0][6][16]$a$1099 [2]
      New connections: { $memory$auto$proc_rom.cc:155:do_switch$65$rdmux[0][6][16]$a$1099 [8:3] $memory$auto$proc_rom.cc:155:do_switch$65$rdmux[0][6][16]$a$1099 [1:0] } = 8'00000000
    Consolidated identical input bits for $mux cell $memory$auto$proc_rom.cc:155:do_switch$65$rdmux[0][7][31]$1335:
      Old ports: A=9'111101110, B=9'111101011, Y=$memory$auto$proc_rom.cc:155:do_switch$65$rdmux[0][6][15]$b$1097
      New ports: A=2'10, B=2'01, Y={ $memory$auto$proc_rom.cc:155:do_switch$65$rdmux[0][6][15]$b$1097 [2] $memory$auto$proc_rom.cc:155:do_switch$65$rdmux[0][6][15]$b$1097 [0] }
      New connections: { $memory$auto$proc_rom.cc:155:do_switch$65$rdmux[0][6][15]$b$1097 [8:3] $memory$auto$proc_rom.cc:155:do_switch$65$rdmux[0][6][15]$b$1097 [1] } = 7'1111011
    Consolidated identical input bits for $mux cell $memory$auto$proc_rom.cc:155:do_switch$65$rdmux[0][7][30]$1332:
      Old ports: A=9'111110100, B=9'111110001, Y=$memory$auto$proc_rom.cc:155:do_switch$65$rdmux[0][6][15]$a$1096
      New ports: A=2'10, B=2'01, Y={ $memory$auto$proc_rom.cc:155:do_switch$65$rdmux[0][6][15]$a$1096 [2] $memory$auto$proc_rom.cc:155:do_switch$65$rdmux[0][6][15]$a$1096 [0] }
      New connections: { $memory$auto$proc_rom.cc:155:do_switch$65$rdmux[0][6][15]$a$1096 [8:3] $memory$auto$proc_rom.cc:155:do_switch$65$rdmux[0][6][15]$a$1096 [1] } = 7'1111100
    Consolidated identical input bits for $mux cell $memory$auto$proc_rom.cc:155:do_switch$65$rdmux[0][7][29]$1329:
      Old ports: A=9'111111010, B=9'111110111, Y=$memory$auto$proc_rom.cc:155:do_switch$65$rdmux[0][6][14]$b$1094
      New ports: A=2'10, B=2'01, Y={ $memory$auto$proc_rom.cc:155:do_switch$65$rdmux[0][6][14]$b$1094 [3] $memory$auto$proc_rom.cc:155:do_switch$65$rdmux[0][6][14]$b$1094 [0] }
      New connections: { $memory$auto$proc_rom.cc:155:do_switch$65$rdmux[0][6][14]$b$1094 [8:4] $memory$auto$proc_rom.cc:155:do_switch$65$rdmux[0][6][14]$b$1094 [2:1] } = { 5'11111 $memory$auto$proc_rom.cc:155:do_switch$65$rdmux[0][6][14]$b$1094 [0] 1'1 }
    Consolidated identical input bits for $mux cell $memory$auto$proc_rom.cc:155:do_switch$65$rdmux[0][7][28]$1326:
      Old ports: A=9'000000000, B=9'111111101, Y=$memory$auto$proc_rom.cc:155:do_switch$65$rdmux[0][6][14]$a$1093
      New ports: A=1'0, B=1'1, Y=$memory$auto$proc_rom.cc:155:do_switch$65$rdmux[0][6][14]$a$1093 [0]
      New connections: $memory$auto$proc_rom.cc:155:do_switch$65$rdmux[0][6][14]$a$1093 [8:1] = { $memory$auto$proc_rom.cc:155:do_switch$65$rdmux[0][6][14]$a$1093 [0] $memory$auto$proc_rom.cc:155:do_switch$65$rdmux[0][6][14]$a$1093 [0] $memory$auto$proc_rom.cc:155:do_switch$65$rdmux[0][6][14]$a$1093 [0] $memory$auto$proc_rom.cc:155:do_switch$65$rdmux[0][6][14]$a$1093 [0] $memory$auto$proc_rom.cc:155:do_switch$65$rdmux[0][6][14]$a$1093 [0] $memory$auto$proc_rom.cc:155:do_switch$65$rdmux[0][6][14]$a$1093 [0] $memory$auto$proc_rom.cc:155:do_switch$65$rdmux[0][6][14]$a$1093 [0] 1'0 }
    Consolidated identical input bits for $mux cell $memory$auto$proc_rom.cc:155:do_switch$65$rdmux[0][7][27]$1323:
      Old ports: A=9'000010010, B=9'000010101, Y=$memory$auto$proc_rom.cc:155:do_switch$65$rdmux[0][6][13]$b$1091
      New ports: A=2'10, B=2'01, Y=$memory$auto$proc_rom.cc:155:do_switch$65$rdmux[0][6][13]$b$1091 [1:0]
      New connections: $memory$auto$proc_rom.cc:155:do_switch$65$rdmux[0][6][13]$b$1091 [8:2] = { 6'000010 $memory$auto$proc_rom.cc:155:do_switch$65$rdmux[0][6][13]$b$1091 [0] }
    Consolidated identical input bits for $mux cell $memory$auto$proc_rom.cc:155:do_switch$65$rdmux[0][7][26]$1320:
      Old ports: A=9'000001100, B=9'000001111, Y=$memory$auto$proc_rom.cc:155:do_switch$65$rdmux[0][6][13]$a$1090
      New ports: A=1'0, B=1'1, Y=$memory$auto$proc_rom.cc:155:do_switch$65$rdmux[0][6][13]$a$1090 [0]
      New connections: $memory$auto$proc_rom.cc:155:do_switch$65$rdmux[0][6][13]$a$1090 [8:1] = { 7'0000011 $memory$auto$proc_rom.cc:155:do_switch$65$rdmux[0][6][13]$a$1090 [0] }
    Consolidated identical input bits for $mux cell $memory$auto$proc_rom.cc:155:do_switch$65$rdmux[0][7][25]$1317:
      Old ports: A=9'000000110, B=9'000001001, Y=$memory$auto$proc_rom.cc:155:do_switch$65$rdmux[0][6][12]$b$1088
      New ports: A=2'10, B=2'01, Y=$memory$auto$proc_rom.cc:155:do_switch$65$rdmux[0][6][12]$b$1088 [1:0]
      New connections: $memory$auto$proc_rom.cc:155:do_switch$65$rdmux[0][6][12]$b$1088 [8:2] = { 5'00000 $memory$auto$proc_rom.cc:155:do_switch$65$rdmux[0][6][12]$b$1088 [0] $memory$auto$proc_rom.cc:155:do_switch$65$rdmux[0][6][12]$b$1088 [1] }
    Consolidated identical input bits for $mux cell $memory$auto$proc_rom.cc:155:do_switch$65$rdmux[0][7][24]$1314:
      Old ports: A=9'000000000, B=9'000000011, Y=$memory$auto$proc_rom.cc:155:do_switch$65$rdmux[0][6][12]$a$1087
      New ports: A=1'0, B=1'1, Y=$memory$auto$proc_rom.cc:155:do_switch$65$rdmux[0][6][12]$a$1087 [0]
      New connections: $memory$auto$proc_rom.cc:155:do_switch$65$rdmux[0][6][12]$a$1087 [8:1] = { 7'0000000 $memory$auto$proc_rom.cc:155:do_switch$65$rdmux[0][6][12]$a$1087 [0] }
    Consolidated identical input bits for $mux cell $memory$auto$proc_rom.cc:155:do_switch$65$rdmux[0][7][23]$1311:
      Old ports: A=9'111110100, B=9'111110010, Y=$memory$auto$proc_rom.cc:155:do_switch$65$rdmux[0][6][11]$b$1085
      New ports: A=2'10, B=2'01, Y=$memory$auto$proc_rom.cc:155:do_switch$65$rdmux[0][6][11]$b$1085 [2:1]
      New connections: { $memory$auto$proc_rom.cc:155:do_switch$65$rdmux[0][6][11]$b$1085 [8:3] $memory$auto$proc_rom.cc:155:do_switch$65$rdmux[0][6][11]$b$1085 [0] } = 7'1111100
    Consolidated identical input bits for $mux cell $memory$auto$proc_rom.cc:155:do_switch$65$rdmux[0][7][22]$1308:
      Old ports: A=9'111111000, B=9'111110110, Y=$memory$auto$proc_rom.cc:155:do_switch$65$rdmux[0][6][11]$a$1084
      New ports: A=2'10, B=2'01, Y={ $memory$auto$proc_rom.cc:155:do_switch$65$rdmux[0][6][11]$a$1084 [3] $memory$auto$proc_rom.cc:155:do_switch$65$rdmux[0][6][11]$a$1084 [1] }
      New connections: { $memory$auto$proc_rom.cc:155:do_switch$65$rdmux[0][6][11]$a$1084 [8:4] $memory$auto$proc_rom.cc:155:do_switch$65$rdmux[0][6][11]$a$1084 [2] $memory$auto$proc_rom.cc:155:do_switch$65$rdmux[0][6][11]$a$1084 [0] } = { 5'11111 $memory$auto$proc_rom.cc:155:do_switch$65$rdmux[0][6][11]$a$1084 [1] 1'0 }
    Consolidated identical input bits for $mux cell $memory$auto$proc_rom.cc:155:do_switch$65$rdmux[0][7][21]$1305:
      Old ports: A=9'111111100, B=9'111111010, Y=$memory$auto$proc_rom.cc:155:do_switch$65$rdmux[0][6][10]$b$1082
      New ports: A=2'10, B=2'01, Y=$memory$auto$proc_rom.cc:155:do_switch$65$rdmux[0][6][10]$b$1082 [2:1]
      New connections: { $memory$auto$proc_rom.cc:155:do_switch$65$rdmux[0][6][10]$b$1082 [8:3] $memory$auto$proc_rom.cc:155:do_switch$65$rdmux[0][6][10]$b$1082 [0] } = 7'1111110
    Consolidated identical input bits for $mux cell $memory$auto$proc_rom.cc:155:do_switch$65$rdmux[0][7][20]$1302:
      Old ports: A=9'000000000, B=9'111111110, Y=$memory$auto$proc_rom.cc:155:do_switch$65$rdmux[0][6][10]$a$1081
      New ports: A=1'0, B=1'1, Y=$memory$auto$proc_rom.cc:155:do_switch$65$rdmux[0][6][10]$a$1081 [1]
      New connections: { $memory$auto$proc_rom.cc:155:do_switch$65$rdmux[0][6][10]$a$1081 [8:2] $memory$auto$proc_rom.cc:155:do_switch$65$rdmux[0][6][10]$a$1081 [0] } = { $memory$auto$proc_rom.cc:155:do_switch$65$rdmux[0][6][10]$a$1081 [1] $memory$auto$proc_rom.cc:155:do_switch$65$rdmux[0][6][10]$a$1081 [1] $memory$auto$proc_rom.cc:155:do_switch$65$rdmux[0][6][10]$a$1081 [1] $memory$auto$proc_rom.cc:155:do_switch$65$rdmux[0][6][10]$a$1081 [1] $memory$auto$proc_rom.cc:155:do_switch$65$rdmux[0][6][10]$a$1081 [1] $memory$auto$proc_rom.cc:155:do_switch$65$rdmux[0][6][10]$a$1081 [1] $memory$auto$proc_rom.cc:155:do_switch$65$rdmux[0][6][10]$a$1081 [1] 1'0 }
    Consolidated identical input bits for $mux cell $memory$auto$proc_rom.cc:155:do_switch$65$rdmux[0][7][19]$1299:
      Old ports: A=9'000001100, B=9'000001110, Y=$memory$auto$proc_rom.cc:155:do_switch$65$rdmux[0][6][9]$b$1079
      New ports: A=1'0, B=1'1, Y=$memory$auto$proc_rom.cc:155:do_switch$65$rdmux[0][6][9]$b$1079 [1]
      New connections: { $memory$auto$proc_rom.cc:155:do_switch$65$rdmux[0][6][9]$b$1079 [8:2] $memory$auto$proc_rom.cc:155:do_switch$65$rdmux[0][6][9]$b$1079 [0] } = 8'00000110
    Consolidated identical input bits for $mux cell $memory$auto$proc_rom.cc:155:do_switch$65$rdmux[0][7][18]$1296:
      Old ports: A=9'000001000, B=9'000001010, Y=$memory$auto$proc_rom.cc:155:do_switch$65$rdmux[0][6][9]$a$1078
      New ports: A=1'0, B=1'1, Y=$memory$auto$proc_rom.cc:155:do_switch$65$rdmux[0][6][9]$a$1078 [1]
      New connections: { $memory$auto$proc_rom.cc:155:do_switch$65$rdmux[0][6][9]$a$1078 [8:2] $memory$auto$proc_rom.cc:155:do_switch$65$rdmux[0][6][9]$a$1078 [0] } = 8'00000100
    Consolidated identical input bits for $mux cell $memory$auto$proc_rom.cc:155:do_switch$65$rdmux[0][7][17]$1293:
      Old ports: A=9'000000100, B=9'000000110, Y=$memory$auto$proc_rom.cc:155:do_switch$65$rdmux[0][6][8]$b$1076
      New ports: A=1'0, B=1'1, Y=$memory$auto$proc_rom.cc:155:do_switch$65$rdmux[0][6][8]$b$1076 [1]
      New connections: { $memory$auto$proc_rom.cc:155:do_switch$65$rdmux[0][6][8]$b$1076 [8:2] $memory$auto$proc_rom.cc:155:do_switch$65$rdmux[0][6][8]$b$1076 [0] } = 8'00000010
    Consolidated identical input bits for $mux cell $memory$auto$proc_rom.cc:155:do_switch$65$rdmux[0][7][16]$1290:
      Old ports: A=9'000000000, B=9'000000010, Y=$memory$auto$proc_rom.cc:155:do_switch$65$rdmux[0][6][8]$a$1075
      New ports: A=1'0, B=1'1, Y=$memory$auto$proc_rom.cc:155:do_switch$65$rdmux[0][6][8]$a$1075 [1]
      New connections: { $memory$auto$proc_rom.cc:155:do_switch$65$rdmux[0][6][8]$a$1075 [8:2] $memory$auto$proc_rom.cc:155:do_switch$65$rdmux[0][6][8]$a$1075 [0] } = 8'00000000
    Consolidated identical input bits for $mux cell $memory$auto$proc_rom.cc:155:do_switch$65$rdmux[0][7][15]$1287:
      Old ports: A=9'111111010, B=9'111111001, Y=$memory$auto$proc_rom.cc:155:do_switch$65$rdmux[0][6][7]$b$1073
      New ports: A=2'10, B=2'01, Y=$memory$auto$proc_rom.cc:155:do_switch$65$rdmux[0][6][7]$b$1073 [1:0]
      New connections: $memory$auto$proc_rom.cc:155:do_switch$65$rdmux[0][6][7]$b$1073 [8:2] = 7'1111110
    Consolidated identical input bits for $mux cell $memory$auto$proc_rom.cc:155:do_switch$65$rdmux[0][7][14]$1284:
      Old ports: A=9'111111100, B=9'111111011, Y=$memory$auto$proc_rom.cc:155:do_switch$65$rdmux[0][6][7]$a$1072
      New ports: A=2'10, B=2'01, Y={ $memory$auto$proc_rom.cc:155:do_switch$65$rdmux[0][6][7]$a$1072 [2] $memory$auto$proc_rom.cc:155:do_switch$65$rdmux[0][6][7]$a$1072 [0] }
      New connections: { $memory$auto$proc_rom.cc:155:do_switch$65$rdmux[0][6][7]$a$1072 [8:3] $memory$auto$proc_rom.cc:155:do_switch$65$rdmux[0][6][7]$a$1072 [1] } = { 6'111111 $memory$auto$proc_rom.cc:155:do_switch$65$rdmux[0][6][7]$a$1072 [0] }
    Consolidated identical input bits for $mux cell $memory$auto$proc_rom.cc:155:do_switch$65$rdmux[0][7][13]$1281:
      Old ports: A=9'111111110, B=9'111111101, Y=$memory$auto$proc_rom.cc:155:do_switch$65$rdmux[0][6][6]$b$1070
      New ports: A=2'10, B=2'01, Y=$memory$auto$proc_rom.cc:155:do_switch$65$rdmux[0][6][6]$b$1070 [1:0]
      New connections: $memory$auto$proc_rom.cc:155:do_switch$65$rdmux[0][6][6]$b$1070 [8:2] = 7'1111111
    Consolidated identical input bits for $mux cell $memory$auto$proc_rom.cc:155:do_switch$65$rdmux[0][7][12]$1278:
      Old ports: A=9'000000000, B=9'111111111, Y=$memory$auto$proc_rom.cc:155:do_switch$65$rdmux[0][6][6]$a$1069
      New ports: A=1'0, B=1'1, Y=$memory$auto$proc_rom.cc:155:do_switch$65$rdmux[0][6][6]$a$1069 [0]
      New connections: $memory$auto$proc_rom.cc:155:do_switch$65$rdmux[0][6][6]$a$1069 [8:1] = { $memory$auto$proc_rom.cc:155:do_switch$65$rdmux[0][6][6]$a$1069 [0] $memory$auto$proc_rom.cc:155:do_switch$65$rdmux[0][6][6]$a$1069 [0] $memory$auto$proc_rom.cc:155:do_switch$65$rdmux[0][6][6]$a$1069 [0] $memory$auto$proc_rom.cc:155:do_switch$65$rdmux[0][6][6]$a$1069 [0] $memory$auto$proc_rom.cc:155:do_switch$65$rdmux[0][6][6]$a$1069 [0] $memory$auto$proc_rom.cc:155:do_switch$65$rdmux[0][6][6]$a$1069 [0] $memory$auto$proc_rom.cc:155:do_switch$65$rdmux[0][6][6]$a$1069 [0] $memory$auto$proc_rom.cc:155:do_switch$65$rdmux[0][6][6]$a$1069 [0] }
    Consolidated identical input bits for $mux cell $memory$auto$proc_rom.cc:155:do_switch$65$rdmux[0][7][11]$1275:
      Old ports: A=9'000000110, B=9'000000111, Y=$memory$auto$proc_rom.cc:155:do_switch$65$rdmux[0][6][5]$b$1067
      New ports: A=1'0, B=1'1, Y=$memory$auto$proc_rom.cc:155:do_switch$65$rdmux[0][6][5]$b$1067 [0]
      New connections: $memory$auto$proc_rom.cc:155:do_switch$65$rdmux[0][6][5]$b$1067 [8:1] = 8'00000011
    Consolidated identical input bits for $mux cell $memory$auto$proc_rom.cc:155:do_switch$65$rdmux[0][7][10]$1272:
      Old ports: A=9'000000100, B=9'000000101, Y=$memory$auto$proc_rom.cc:155:do_switch$65$rdmux[0][6][5]$a$1066
      New ports: A=1'0, B=1'1, Y=$memory$auto$proc_rom.cc:155:do_switch$65$rdmux[0][6][5]$a$1066 [0]
      New connections: $memory$auto$proc_rom.cc:155:do_switch$65$rdmux[0][6][5]$a$1066 [8:1] = 8'00000010
    Consolidated identical input bits for $mux cell $memory$auto$proc_rom.cc:155:do_switch$65$rdmux[0][7][9]$1269:
      Old ports: A=9'000000010, B=9'000000011, Y=$memory$auto$proc_rom.cc:155:do_switch$65$rdmux[0][6][4]$b$1064
      New ports: A=1'0, B=1'1, Y=$memory$auto$proc_rom.cc:155:do_switch$65$rdmux[0][6][4]$b$1064 [0]
      New connections: $memory$auto$proc_rom.cc:155:do_switch$65$rdmux[0][6][4]$b$1064 [8:1] = 8'00000001
    Consolidated identical input bits for $mux cell $memory$auto$proc_rom.cc:155:do_switch$65$rdmux[0][7][8]$1266:
      Old ports: A=9'000000000, B=9'000000001, Y=$memory$auto$proc_rom.cc:155:do_switch$65$rdmux[0][6][4]$a$1063
      New ports: A=1'0, B=1'1, Y=$memory$auto$proc_rom.cc:155:do_switch$65$rdmux[0][6][4]$a$1063 [0]
      New connections: $memory$auto$proc_rom.cc:155:do_switch$65$rdmux[0][6][4]$a$1063 [8:1] = 8'00000000
    Consolidated identical input bits for $mux cell $memory$auto$proc_rom.cc:155:do_switch$57$rdmux[0][6][21]$1878:
      Old ports: A=7'1010010, B=7'1010011, Y=$memory$auto$proc_rom.cc:155:do_switch$57$rdmux[0][5][10]$b$1751
      New ports: A=1'0, B=1'1, Y=$memory$auto$proc_rom.cc:155:do_switch$57$rdmux[0][5][10]$b$1751 [0]
      New connections: $memory$auto$proc_rom.cc:155:do_switch$57$rdmux[0][5][10]$b$1751 [6:1] = 6'101001
    Consolidated identical input bits for $mux cell $memory$auto$proc_rom.cc:155:do_switch$57$rdmux[0][6][25]$1890:
      Old ports: A=7'1010100, B=7'1010101, Y=$memory$auto$proc_rom.cc:155:do_switch$57$rdmux[0][5][12]$b$1757
      New ports: A=1'0, B=1'1, Y=$memory$auto$proc_rom.cc:155:do_switch$57$rdmux[0][5][12]$b$1757 [0]
      New connections: $memory$auto$proc_rom.cc:155:do_switch$57$rdmux[0][5][12]$b$1757 [6:1] = 6'101010
    Consolidated identical input bits for $mux cell $memory$auto$proc_rom.cc:155:do_switch$57$rdmux[0][6][29]$1902:
      Old ports: A=7'1010110, B=7'1010111, Y=$memory$auto$proc_rom.cc:155:do_switch$57$rdmux[0][5][14]$b$1763
      New ports: A=1'0, B=1'1, Y=$memory$auto$proc_rom.cc:155:do_switch$57$rdmux[0][5][14]$b$1763 [0]
      New connections: $memory$auto$proc_rom.cc:155:do_switch$57$rdmux[0][5][14]$b$1763 [6:1] = 6'101011
    Consolidated identical input bits for $mux cell $memory$auto$proc_rom.cc:155:do_switch$57$rdmux[0][5][9]$1746:
      Old ports: A=7'1010001, B=7'1010010, Y=$memory$auto$proc_rom.cc:155:do_switch$57$rdmux[0][4][4]$b$1685
      New ports: A=2'01, B=2'10, Y=$memory$auto$proc_rom.cc:155:do_switch$57$rdmux[0][4][4]$b$1685 [1:0]
      New connections: $memory$auto$proc_rom.cc:155:do_switch$57$rdmux[0][4][4]$b$1685 [6:2] = 5'10100
    Consolidated identical input bits for $mux cell $memory$auto$proc_rom.cc:155:do_switch$57$rdmux[0][6][5]$1830:
      Old ports: A=7'1000010, B=7'1000011, Y=$memory$auto$proc_rom.cc:155:do_switch$57$rdmux[0][5][2]$b$1727
      New ports: A=1'0, B=1'1, Y=$memory$auto$proc_rom.cc:155:do_switch$57$rdmux[0][5][2]$b$1727 [0]
      New connections: $memory$auto$proc_rom.cc:155:do_switch$57$rdmux[0][5][2]$b$1727 [6:1] = 6'100001
    Consolidated identical input bits for $mux cell $memory$auto$proc_rom.cc:155:do_switch$57$rdmux[0][6][2]$1821:
      Old ports: A=7'0111000, B=7'0111010, Y=$memory$auto$proc_rom.cc:155:do_switch$57$rdmux[0][5][1]$a$1723
      New ports: A=1'0, B=1'1, Y=$memory$auto$proc_rom.cc:155:do_switch$57$rdmux[0][5][1]$a$1723 [1]
      New connections: { $memory$auto$proc_rom.cc:155:do_switch$57$rdmux[0][5][1]$a$1723 [6:2] $memory$auto$proc_rom.cc:155:do_switch$57$rdmux[0][5][1]$a$1723 [0] } = 6'011100
    Consolidated identical input bits for $mux cell $memory$auto$proc_rom.cc:155:do_switch$57$rdmux[0][6][0]$1815:
      Old ports: A=7'0000000, B=7'0101000, Y=$memory$auto$proc_rom.cc:155:do_switch$57$rdmux[0][5][0]$a$1720
      New ports: A=1'0, B=1'1, Y=$memory$auto$proc_rom.cc:155:do_switch$57$rdmux[0][5][0]$a$1720 [3]
      New connections: { $memory$auto$proc_rom.cc:155:do_switch$57$rdmux[0][5][0]$a$1720 [6:4] $memory$auto$proc_rom.cc:155:do_switch$57$rdmux[0][5][0]$a$1720 [2:0] } = { 1'0 $memory$auto$proc_rom.cc:155:do_switch$57$rdmux[0][5][0]$a$1720 [3] 4'0000 }
    Consolidated identical input bits for $mux cell $memory$auto$proc_rom.cc:155:do_switch$57$rdmux[0][6][15]$1860:
      Old ports: A=7'1001111, B=7'1010000, Y=$memory$auto$proc_rom.cc:155:do_switch$57$rdmux[0][5][7]$b$1742
      New ports: A=2'01, B=2'10, Y={ $memory$auto$proc_rom.cc:155:do_switch$57$rdmux[0][5][7]$b$1742 [4] $memory$auto$proc_rom.cc:155:do_switch$57$rdmux[0][5][7]$b$1742 [0] }
      New connections: { $memory$auto$proc_rom.cc:155:do_switch$57$rdmux[0][5][7]$b$1742 [6:5] $memory$auto$proc_rom.cc:155:do_switch$57$rdmux[0][5][7]$b$1742 [3:1] } = { 2'10 $memory$auto$proc_rom.cc:155:do_switch$57$rdmux[0][5][7]$b$1742 [0] $memory$auto$proc_rom.cc:155:do_switch$57$rdmux[0][5][7]$b$1742 [0] $memory$auto$proc_rom.cc:155:do_switch$57$rdmux[0][5][7]$b$1742 [0] }
    Consolidated identical input bits for $mux cell $memory$auto$proc_rom.cc:155:do_switch$57$rdmux[0][4][11]$1704:
      Old ports: A=7'1011011, B=7'1011100, Y=$memory$auto$proc_rom.cc:155:do_switch$57$rdmux[0][3][5]$b$1664
      New ports: A=2'01, B=2'10, Y={ $memory$auto$proc_rom.cc:155:do_switch$57$rdmux[0][3][5]$b$1664 [2] $memory$auto$proc_rom.cc:155:do_switch$57$rdmux[0][3][5]$b$1664 [0] }
      New connections: { $memory$auto$proc_rom.cc:155:do_switch$57$rdmux[0][3][5]$b$1664 [6:3] $memory$auto$proc_rom.cc:155:do_switch$57$rdmux[0][3][5]$b$1664 [1] } = { 4'1011 $memory$auto$proc_rom.cc:155:do_switch$57$rdmux[0][3][5]$b$1664 [0] }
    Consolidated identical input bits for $mux cell $memory$auto$proc_rom.cc:155:do_switch$57$rdmux[0][6][4]$1827:
      Old ports: A=7'1000000, B=7'1000001, Y=$memory$auto$proc_rom.cc:155:do_switch$57$rdmux[0][5][2]$a$1726
      New ports: A=1'0, B=1'1, Y=$memory$auto$proc_rom.cc:155:do_switch$57$rdmux[0][5][2]$a$1726 [0]
      New connections: $memory$auto$proc_rom.cc:155:do_switch$57$rdmux[0][5][2]$a$1726 [6:1] = 6'100000
    Consolidated identical input bits for $mux cell $memory$auto$proc_rom.cc:155:do_switch$57$rdmux[0][6][11]$1848:
      Old ports: A=7'1001011, B=7'1001100, Y=$memory$auto$proc_rom.cc:155:do_switch$57$rdmux[0][5][5]$b$1736
      New ports: A=2'01, B=2'10, Y={ $memory$auto$proc_rom.cc:155:do_switch$57$rdmux[0][5][5]$b$1736 [2] $memory$auto$proc_rom.cc:155:do_switch$57$rdmux[0][5][5]$b$1736 [0] }
      New connections: { $memory$auto$proc_rom.cc:155:do_switch$57$rdmux[0][5][5]$b$1736 [6:3] $memory$auto$proc_rom.cc:155:do_switch$57$rdmux[0][5][5]$b$1736 [1] } = { 4'1001 $memory$auto$proc_rom.cc:155:do_switch$57$rdmux[0][5][5]$b$1736 [0] }
    Consolidated identical input bits for $mux cell $memory$auto$proc_rom.cc:155:do_switch$57$rdmux[0][6][3]$1824:
      Old ports: A=7'0111100, B=7'0111110, Y=$memory$auto$proc_rom.cc:155:do_switch$57$rdmux[0][5][1]$b$1724
      New ports: A=1'0, B=1'1, Y=$memory$auto$proc_rom.cc:155:do_switch$57$rdmux[0][5][1]$b$1724 [1]
      New connections: { $memory$auto$proc_rom.cc:155:do_switch$57$rdmux[0][5][1]$b$1724 [6:2] $memory$auto$proc_rom.cc:155:do_switch$57$rdmux[0][5][1]$b$1724 [0] } = 6'011110
    Consolidated identical input bits for $mux cell $memory$auto$proc_rom.cc:155:do_switch$61$rdmux[0][7][126]$855:
      Old ports: A=9'000011100, B=9'000100011, Y=$memory$auto$proc_rom.cc:155:do_switch$61$rdmux[0][6][63]$a$475
      New ports: A=2'10, B=2'01, Y={ $memory$auto$proc_rom.cc:155:do_switch$61$rdmux[0][6][63]$a$475 [2] $memory$auto$proc_rom.cc:155:do_switch$61$rdmux[0][6][63]$a$475 [0] }
      New connections: { $memory$auto$proc_rom.cc:155:do_switch$61$rdmux[0][6][63]$a$475 [8:3] $memory$auto$proc_rom.cc:155:do_switch$61$rdmux[0][6][63]$a$475 [1] } = { 3'000 $memory$auto$proc_rom.cc:155:do_switch$61$rdmux[0][6][63]$a$475 [0] $memory$auto$proc_rom.cc:155:do_switch$61$rdmux[0][6][63]$a$475 [2] $memory$auto$proc_rom.cc:155:do_switch$61$rdmux[0][6][63]$a$475 [2] $memory$auto$proc_rom.cc:155:do_switch$61$rdmux[0][6][63]$a$475 [0] }
    Consolidated identical input bits for $mux cell $memory$auto$proc_rom.cc:155:do_switch$61$rdmux[0][7][125]$852:
      Old ports: A=9'000001110, B=9'000010101, Y=$memory$auto$proc_rom.cc:155:do_switch$61$rdmux[0][6][62]$b$473
      New ports: A=2'10, B=2'01, Y=$memory$auto$proc_rom.cc:155:do_switch$61$rdmux[0][6][62]$b$473 [1:0]
      New connections: $memory$auto$proc_rom.cc:155:do_switch$61$rdmux[0][6][62]$b$473 [8:2] = { 4'0000 $memory$auto$proc_rom.cc:155:do_switch$61$rdmux[0][6][62]$b$473 [0] $memory$auto$proc_rom.cc:155:do_switch$61$rdmux[0][6][62]$b$473 [1] 1'1 }
    Consolidated identical input bits for $mux cell $memory$auto$proc_rom.cc:155:do_switch$61$rdmux[0][7][124]$849:
      Old ports: A=9'000000000, B=9'000000111, Y=$memory$auto$proc_rom.cc:155:do_switch$61$rdmux[0][6][62]$a$472
      New ports: A=1'0, B=1'1, Y=$memory$auto$proc_rom.cc:155:do_switch$61$rdmux[0][6][62]$a$472 [0]
      New connections: $memory$auto$proc_rom.cc:155:do_switch$61$rdmux[0][6][62]$a$472 [8:1] = { 6'000000 $memory$auto$proc_rom.cc:155:do_switch$61$rdmux[0][6][62]$a$472 [0] $memory$auto$proc_rom.cc:155:do_switch$61$rdmux[0][6][62]$a$472 [0] }
    Consolidated identical input bits for $mux cell $memory$auto$proc_rom.cc:155:do_switch$61$rdmux[0][7][123]$846:
      Old ports: A=9'111010110, B=9'111001111, Y=$memory$auto$proc_rom.cc:155:do_switch$61$rdmux[0][6][61]$b$470
      New ports: A=2'10, B=2'01, Y={ $memory$auto$proc_rom.cc:155:do_switch$61$rdmux[0][6][61]$b$470 [4] $memory$auto$proc_rom.cc:155:do_switch$61$rdmux[0][6][61]$b$470 [0] }
      New connections: { $memory$auto$proc_rom.cc:155:do_switch$61$rdmux[0][6][61]$b$470 [8:5] $memory$auto$proc_rom.cc:155:do_switch$61$rdmux[0][6][61]$b$470 [3:1] } = { 4'1110 $memory$auto$proc_rom.cc:155:do_switch$61$rdmux[0][6][61]$b$470 [0] 2'11 }
    Consolidated identical input bits for $mux cell $memory$auto$proc_rom.cc:155:do_switch$61$rdmux[0][7][122]$843:
      Old ports: A=9'111100100, B=9'111011101, Y=$memory$auto$proc_rom.cc:155:do_switch$61$rdmux[0][6][61]$a$469
      New ports: A=2'10, B=2'01, Y={ $memory$auto$proc_rom.cc:155:do_switch$61$rdmux[0][6][61]$a$469 [5] $memory$auto$proc_rom.cc:155:do_switch$61$rdmux[0][6][61]$a$469 [0] }
      New connections: { $memory$auto$proc_rom.cc:155:do_switch$61$rdmux[0][6][61]$a$469 [8:6] $memory$auto$proc_rom.cc:155:do_switch$61$rdmux[0][6][61]$a$469 [4:1] } = { 3'111 $memory$auto$proc_rom.cc:155:do_switch$61$rdmux[0][6][61]$a$469 [0] $memory$auto$proc_rom.cc:155:do_switch$61$rdmux[0][6][61]$a$469 [0] 2'10 }
    Consolidated identical input bits for $mux cell $memory$auto$proc_rom.cc:155:do_switch$61$rdmux[0][7][121]$840:
      Old ports: A=9'111110010, B=9'111101011, Y=$memory$auto$proc_rom.cc:155:do_switch$61$rdmux[0][6][60]$b$467
      New ports: A=2'10, B=2'01, Y={ $memory$auto$proc_rom.cc:155:do_switch$61$rdmux[0][6][60]$b$467 [4] $memory$auto$proc_rom.cc:155:do_switch$61$rdmux[0][6][60]$b$467 [0] }
      New connections: { $memory$auto$proc_rom.cc:155:do_switch$61$rdmux[0][6][60]$b$467 [8:5] $memory$auto$proc_rom.cc:155:do_switch$61$rdmux[0][6][60]$b$467 [3:1] } = { 4'1111 $memory$auto$proc_rom.cc:155:do_switch$61$rdmux[0][6][60]$b$467 [0] 2'01 }
    Consolidated identical input bits for $mux cell $memory$auto$proc_rom.cc:155:do_switch$61$rdmux[0][7][120]$837:
      Old ports: A=9'000000000, B=9'111111001, Y=$memory$auto$proc_rom.cc:155:do_switch$61$rdmux[0][6][60]$a$466
      New ports: A=1'0, B=1'1, Y=$memory$auto$proc_rom.cc:155:do_switch$61$rdmux[0][6][60]$a$466 [0]
      New connections: $memory$auto$proc_rom.cc:155:do_switch$61$rdmux[0][6][60]$a$466 [8:1] = { $memory$auto$proc_rom.cc:155:do_switch$61$rdmux[0][6][60]$a$466 [0] $memory$auto$proc_rom.cc:155:do_switch$61$rdmux[0][6][60]$a$466 [0] $memory$auto$proc_rom.cc:155:do_switch$61$rdmux[0][6][60]$a$466 [0] $memory$auto$proc_rom.cc:155:do_switch$61$rdmux[0][6][60]$a$466 [0] $memory$auto$proc_rom.cc:155:do_switch$61$rdmux[0][6][60]$a$466 [0] $memory$auto$proc_rom.cc:155:do_switch$61$rdmux[0][6][60]$a$466 [0] 2'00 }
    Consolidated identical input bits for $mux cell $memory$auto$proc_rom.cc:155:do_switch$61$rdmux[0][7][119]$834:
      Old ports: A=9'000100100, B=9'000101010, Y=$memory$auto$proc_rom.cc:155:do_switch$61$rdmux[0][6][59]$b$464
      New ports: A=2'10, B=2'01, Y=$memory$auto$proc_rom.cc:155:do_switch$61$rdmux[0][6][59]$b$464 [2:1]
      New connections: { $memory$auto$proc_rom.cc:155:do_switch$61$rdmux[0][6][59]$b$464 [8:3] $memory$auto$proc_rom.cc:155:do_switch$61$rdmux[0][6][59]$b$464 [0] } = { 5'00010 $memory$auto$proc_rom.cc:155:do_switch$61$rdmux[0][6][59]$b$464 [1] 1'0 }
    Consolidated identical input bits for $mux cell $memory$auto$proc_rom.cc:155:do_switch$61$rdmux[0][7][118]$831:
      Old ports: A=9'000011000, B=9'000011110, Y=$memory$auto$proc_rom.cc:155:do_switch$61$rdmux[0][6][59]$a$463
      New ports: A=1'0, B=1'1, Y=$memory$auto$proc_rom.cc:155:do_switch$61$rdmux[0][6][59]$a$463 [1]
      New connections: { $memory$auto$proc_rom.cc:155:do_switch$61$rdmux[0][6][59]$a$463 [8:2] $memory$auto$proc_rom.cc:155:do_switch$61$rdmux[0][6][59]$a$463 [0] } = { 6'000011 $memory$auto$proc_rom.cc:155:do_switch$61$rdmux[0][6][59]$a$463 [1] 1'0 }
    Consolidated identical input bits for $mux cell $memory$auto$proc_rom.cc:155:do_switch$61$rdmux[0][7][117]$828:
      Old ports: A=9'000001100, B=9'000010010, Y=$memory$auto$proc_rom.cc:155:do_switch$61$rdmux[0][6][58]$b$461
      New ports: A=2'10, B=2'01, Y=$memory$auto$proc_rom.cc:155:do_switch$61$rdmux[0][6][58]$b$461 [2:1]
      New connections: { $memory$auto$proc_rom.cc:155:do_switch$61$rdmux[0][6][58]$b$461 [8:3] $memory$auto$proc_rom.cc:155:do_switch$61$rdmux[0][6][58]$b$461 [0] } = { 4'0000 $memory$auto$proc_rom.cc:155:do_switch$61$rdmux[0][6][58]$b$461 [1] $memory$auto$proc_rom.cc:155:do_switch$61$rdmux[0][6][58]$b$461 [2] 1'0 }
    Consolidated identical input bits for $mux cell $memory$auto$proc_rom.cc:155:do_switch$61$rdmux[0][7][116]$825:
      Old ports: A=9'000000000, B=9'000000110, Y=$memory$auto$proc_rom.cc:155:do_switch$61$rdmux[0][6][58]$a$460
      New ports: A=1'0, B=1'1, Y=$memory$auto$proc_rom.cc:155:do_switch$61$rdmux[0][6][58]$a$460 [1]
      New connections: { $memory$auto$proc_rom.cc:155:do_switch$61$rdmux[0][6][58]$a$460 [8:2] $memory$auto$proc_rom.cc:155:do_switch$61$rdmux[0][6][58]$a$460 [0] } = { 6'000000 $memory$auto$proc_rom.cc:155:do_switch$61$rdmux[0][6][58]$a$460 [1] 1'0 }
    Consolidated identical input bits for $mux cell $memory$auto$proc_rom.cc:155:do_switch$61$rdmux[0][7][115]$822:
      Old ports: A=9'111011100, B=9'111010110, Y=$memory$auto$proc_rom.cc:155:do_switch$61$rdmux[0][6][57]$b$458
      New ports: A=2'10, B=2'01, Y={ $memory$auto$proc_rom.cc:155:do_switch$61$rdmux[0][6][57]$b$458 [3] $memory$auto$proc_rom.cc:155:do_switch$61$rdmux[0][6][57]$b$458 [1] }
      New connections: { $memory$auto$proc_rom.cc:155:do_switch$61$rdmux[0][6][57]$b$458 [8:4] $memory$auto$proc_rom.cc:155:do_switch$61$rdmux[0][6][57]$b$458 [2] $memory$auto$proc_rom.cc:155:do_switch$61$rdmux[0][6][57]$b$458 [0] } = 7'1110110
    Consolidated identical input bits for $mux cell $memory$auto$proc_rom.cc:155:do_switch$61$rdmux[0][7][114]$819:
      Old ports: A=9'111101000, B=9'111100010, Y=$memory$auto$proc_rom.cc:155:do_switch$61$rdmux[0][6][57]$a$457
      New ports: A=2'10, B=2'01, Y={ $memory$auto$proc_rom.cc:155:do_switch$61$rdmux[0][6][57]$a$457 [3] $memory$auto$proc_rom.cc:155:do_switch$61$rdmux[0][6][57]$a$457 [1] }
      New connections: { $memory$auto$proc_rom.cc:155:do_switch$61$rdmux[0][6][57]$a$457 [8:4] $memory$auto$proc_rom.cc:155:do_switch$61$rdmux[0][6][57]$a$457 [2] $memory$auto$proc_rom.cc:155:do_switch$61$rdmux[0][6][57]$a$457 [0] } = 7'1111000
    Consolidated identical input bits for $mux cell $memory$auto$proc_rom.cc:155:do_switch$61$rdmux[0][7][113]$816:
      Old ports: A=9'111110100, B=9'111101110, Y=$memory$auto$proc_rom.cc:155:do_switch$61$rdmux[0][6][56]$b$455
      New ports: A=2'10, B=2'01, Y={ $memory$auto$proc_rom.cc:155:do_switch$61$rdmux[0][6][56]$b$455 [4] $memory$auto$proc_rom.cc:155:do_switch$61$rdmux[0][6][56]$b$455 [1] }
      New connections: { $memory$auto$proc_rom.cc:155:do_switch$61$rdmux[0][6][56]$b$455 [8:5] $memory$auto$proc_rom.cc:155:do_switch$61$rdmux[0][6][56]$b$455 [3:2] $memory$auto$proc_rom.cc:155:do_switch$61$rdmux[0][6][56]$b$455 [0] } = { 4'1111 $memory$auto$proc_rom.cc:155:do_switch$61$rdmux[0][6][56]$b$455 [1] 2'10 }
    Consolidated identical input bits for $mux cell $memory$auto$proc_rom.cc:155:do_switch$61$rdmux[0][7][112]$813:
      Old ports: A=9'000000000, B=9'111111010, Y=$memory$auto$proc_rom.cc:155:do_switch$61$rdmux[0][6][56]$a$454
      New ports: A=1'0, B=1'1, Y=$memory$auto$proc_rom.cc:155:do_switch$61$rdmux[0][6][56]$a$454 [1]
      New connections: { $memory$auto$proc_rom.cc:155:do_switch$61$rdmux[0][6][56]$a$454 [8:2] $memory$auto$proc_rom.cc:155:do_switch$61$rdmux[0][6][56]$a$454 [0] } = { $memory$auto$proc_rom.cc:155:do_switch$61$rdmux[0][6][56]$a$454 [1] $memory$auto$proc_rom.cc:155:do_switch$61$rdmux[0][6][56]$a$454 [1] $memory$auto$proc_rom.cc:155:do_switch$61$rdmux[0][6][56]$a$454 [1] $memory$auto$proc_rom.cc:155:do_switch$61$rdmux[0][6][56]$a$454 [1] $memory$auto$proc_rom.cc:155:do_switch$61$rdmux[0][6][56]$a$454 [1] $memory$auto$proc_rom.cc:155:do_switch$61$rdmux[0][6][56]$a$454 [1] 2'00 }
    Consolidated identical input bits for $mux cell $memory$auto$proc_rom.cc:155:do_switch$61$rdmux[0][7][111]$810:
      Old ports: A=9'000011110, B=9'000100011, Y=$memory$auto$proc_rom.cc:155:do_switch$61$rdmux[0][6][55]$b$452
      New ports: A=2'10, B=2'01, Y={ $memory$auto$proc_rom.cc:155:do_switch$61$rdmux[0][6][55]$b$452 [2] $memory$auto$proc_rom.cc:155:do_switch$61$rdmux[0][6][55]$b$452 [0] }
      New connections: { $memory$auto$proc_rom.cc:155:do_switch$61$rdmux[0][6][55]$b$452 [8:3] $memory$auto$proc_rom.cc:155:do_switch$61$rdmux[0][6][55]$b$452 [1] } = { 3'000 $memory$auto$proc_rom.cc:155:do_switch$61$rdmux[0][6][55]$b$452 [0] $memory$auto$proc_rom.cc:155:do_switch$61$rdmux[0][6][55]$b$452 [2] $memory$auto$proc_rom.cc:155:do_switch$61$rdmux[0][6][55]$b$452 [2] 1'1 }
    Consolidated identical input bits for $mux cell $memory$auto$proc_rom.cc:155:do_switch$61$rdmux[0][7][110]$807:
      Old ports: A=9'000010100, B=9'000011001, Y=$memory$auto$proc_rom.cc:155:do_switch$61$rdmux[0][6][55]$a$451
      New ports: A=2'10, B=2'01, Y={ $memory$auto$proc_rom.cc:155:do_switch$61$rdmux[0][6][55]$a$451 [2] $memory$auto$proc_rom.cc:155:do_switch$61$rdmux[0][6][55]$a$451 [0] }
      New connections: { $memory$auto$proc_rom.cc:155:do_switch$61$rdmux[0][6][55]$a$451 [8:3] $memory$auto$proc_rom.cc:155:do_switch$61$rdmux[0][6][55]$a$451 [1] } = { 5'00001 $memory$auto$proc_rom.cc:155:do_switch$61$rdmux[0][6][55]$a$451 [0] 1'0 }
    Consolidated identical input bits for $mux cell $memory$auto$proc_rom.cc:155:do_switch$61$rdmux[0][7][109]$804:
      Old ports: A=9'000001010, B=9'000001111, Y=$memory$auto$proc_rom.cc:155:do_switch$61$rdmux[0][6][54]$b$449
      New ports: A=1'0, B=1'1, Y=$memory$auto$proc_rom.cc:155:do_switch$61$rdmux[0][6][54]$b$449 [0]
      New connections: $memory$auto$proc_rom.cc:155:do_switch$61$rdmux[0][6][54]$b$449 [8:1] = { 6'000001 $memory$auto$proc_rom.cc:155:do_switch$61$rdmux[0][6][54]$b$449 [0] 1'1 }
    Consolidated identical input bits for $mux cell $memory$auto$proc_rom.cc:155:do_switch$61$rdmux[0][7][108]$801:
      Old ports: A=9'000000000, B=9'000000101, Y=$memory$auto$proc_rom.cc:155:do_switch$61$rdmux[0][6][54]$a$448
      New ports: A=1'0, B=1'1, Y=$memory$auto$proc_rom.cc:155:do_switch$61$rdmux[0][6][54]$a$448 [0]
      New connections: $memory$auto$proc_rom.cc:155:do_switch$61$rdmux[0][6][54]$a$448 [8:1] = { 6'000000 $memory$auto$proc_rom.cc:155:do_switch$61$rdmux[0][6][54]$a$448 [0] 1'0 }
    Consolidated identical input bits for $mux cell $memory$auto$proc_rom.cc:155:do_switch$61$rdmux[0][7][107]$798:
      Old ports: A=9'111100010, B=9'111011101, Y=$memory$auto$proc_rom.cc:155:do_switch$61$rdmux[0][6][53]$b$446
      New ports: A=2'10, B=2'01, Y=$memory$auto$proc_rom.cc:155:do_switch$61$rdmux[0][6][53]$b$446 [1:0]
      New connections: $memory$auto$proc_rom.cc:155:do_switch$61$rdmux[0][6][53]$b$446 [8:2] = { 3'111 $memory$auto$proc_rom.cc:155:do_switch$61$rdmux[0][6][53]$b$446 [1:0] $memory$auto$proc_rom.cc:155:do_switch$61$rdmux[0][6][53]$b$446 [0] $memory$auto$proc_rom.cc:155:do_switch$61$rdmux[0][6][53]$b$446 [0] }
    Consolidated identical input bits for $mux cell $memory$auto$proc_rom.cc:155:do_switch$61$rdmux[0][7][106]$795:
      Old ports: A=9'111101100, B=9'111100111, Y=$memory$auto$proc_rom.cc:155:do_switch$61$rdmux[0][6][53]$a$445
      New ports: A=2'10, B=2'01, Y={ $memory$auto$proc_rom.cc:155:do_switch$61$rdmux[0][6][53]$a$445 [3] $memory$auto$proc_rom.cc:155:do_switch$61$rdmux[0][6][53]$a$445 [0] }
      New connections: { $memory$auto$proc_rom.cc:155:do_switch$61$rdmux[0][6][53]$a$445 [8:4] $memory$auto$proc_rom.cc:155:do_switch$61$rdmux[0][6][53]$a$445 [2:1] } = { 6'111101 $memory$auto$proc_rom.cc:155:do_switch$61$rdmux[0][6][53]$a$445 [0] }
    Consolidated identical input bits for $mux cell $memory$auto$proc_rom.cc:155:do_switch$61$rdmux[0][7][105]$792:
      Old ports: A=9'111110110, B=9'111110001, Y=$memory$auto$proc_rom.cc:155:do_switch$61$rdmux[0][6][52]$b$443
      New ports: A=2'10, B=2'01, Y=$memory$auto$proc_rom.cc:155:do_switch$61$rdmux[0][6][52]$b$443 [1:0]
      New connections: $memory$auto$proc_rom.cc:155:do_switch$61$rdmux[0][6][52]$b$443 [8:2] = { 6'111110 $memory$auto$proc_rom.cc:155:do_switch$61$rdmux[0][6][52]$b$443 [1] }
    Consolidated identical input bits for $mux cell $memory$auto$proc_rom.cc:155:do_switch$61$rdmux[0][7][104]$789:
      Old ports: A=9'000000000, B=9'111111011, Y=$memory$auto$proc_rom.cc:155:do_switch$61$rdmux[0][6][52]$a$442
      New ports: A=1'0, B=1'1, Y=$memory$auto$proc_rom.cc:155:do_switch$61$rdmux[0][6][52]$a$442 [0]
      New connections: $memory$auto$proc_rom.cc:155:do_switch$61$rdmux[0][6][52]$a$442 [8:1] = { $memory$auto$proc_rom.cc:155:do_switch$61$rdmux[0][6][52]$a$442 [0] $memory$auto$proc_rom.cc:155:do_switch$61$rdmux[0][6][52]$a$442 [0] $memory$auto$proc_rom.cc:155:do_switch$61$rdmux[0][6][52]$a$442 [0] $memory$auto$proc_rom.cc:155:do_switch$61$rdmux[0][6][52]$a$442 [0] $memory$auto$proc_rom.cc:155:do_switch$61$rdmux[0][6][52]$a$442 [0] $memory$auto$proc_rom.cc:155:do_switch$61$rdmux[0][6][52]$a$442 [0] 1'0 $memory$auto$proc_rom.cc:155:do_switch$61$rdmux[0][6][52]$a$442 [0] }
    Consolidated identical input bits for $mux cell $memory$auto$proc_rom.cc:155:do_switch$61$rdmux[0][7][103]$786:
      Old ports: A=9'000011000, B=9'000011100, Y=$memory$auto$proc_rom.cc:155:do_switch$61$rdmux[0][6][51]$b$440
      New ports: A=1'0, B=1'1, Y=$memory$auto$proc_rom.cc:155:do_switch$61$rdmux[0][6][51]$b$440 [2]
      New connections: { $memory$auto$proc_rom.cc:155:do_switch$61$rdmux[0][6][51]$b$440 [8:3] $memory$auto$proc_rom.cc:155:do_switch$61$rdmux[0][6][51]$b$440 [1:0] } = 8'00001100
    Consolidated identical input bits for $mux cell $memory$auto$proc_rom.cc:155:do_switch$61$rdmux[0][7][102]$783:
      Old ports: A=9'000010000, B=9'000010100, Y=$memory$auto$proc_rom.cc:155:do_switch$61$rdmux[0][6][51]$a$439
      New ports: A=1'0, B=1'1, Y=$memory$auto$proc_rom.cc:155:do_switch$61$rdmux[0][6][51]$a$439 [2]
      New connections: { $memory$auto$proc_rom.cc:155:do_switch$61$rdmux[0][6][51]$a$439 [8:3] $memory$auto$proc_rom.cc:155:do_switch$61$rdmux[0][6][51]$a$439 [1:0] } = 8'00001000
    Consolidated identical input bits for $mux cell $memory$auto$proc_rom.cc:155:do_switch$61$rdmux[0][7][101]$780:
      Old ports: A=9'000001000, B=9'000001100, Y=$memory$auto$proc_rom.cc:155:do_switch$61$rdmux[0][6][50]$b$437
      New ports: A=1'0, B=1'1, Y=$memory$auto$proc_rom.cc:155:do_switch$61$rdmux[0][6][50]$b$437 [2]
      New connections: { $memory$auto$proc_rom.cc:155:do_switch$61$rdmux[0][6][50]$b$437 [8:3] $memory$auto$proc_rom.cc:155:do_switch$61$rdmux[0][6][50]$b$437 [1:0] } = 8'00000100
    Consolidated identical input bits for $mux cell $memory$auto$proc_rom.cc:155:do_switch$61$rdmux[0][7][100]$777:
      Old ports: A=9'000000000, B=9'000000100, Y=$memory$auto$proc_rom.cc:155:do_switch$61$rdmux[0][6][50]$a$436
      New ports: A=1'0, B=1'1, Y=$memory$auto$proc_rom.cc:155:do_switch$61$rdmux[0][6][50]$a$436 [2]
      New connections: { $memory$auto$proc_rom.cc:155:do_switch$61$rdmux[0][6][50]$a$436 [8:3] $memory$auto$proc_rom.cc:155:do_switch$61$rdmux[0][6][50]$a$436 [1:0] } = 8'00000000
    Consolidated identical input bits for $mux cell $memory$auto$proc_rom.cc:155:do_switch$61$rdmux[0][7][99]$774:
      Old ports: A=9'111101000, B=9'111100100, Y=$memory$auto$proc_rom.cc:155:do_switch$61$rdmux[0][6][49]$b$434
      New ports: A=2'10, B=2'01, Y=$memory$auto$proc_rom.cc:155:do_switch$61$rdmux[0][6][49]$b$434 [3:2]
      New connections: { $memory$auto$proc_rom.cc:155:do_switch$61$rdmux[0][6][49]$b$434 [8:4] $memory$auto$proc_rom.cc:155:do_switch$61$rdmux[0][6][49]$b$434 [1:0] } = 7'1111000
    Consolidated identical input bits for $mux cell $memory$auto$proc_rom.cc:155:do_switch$61$rdmux[0][7][98]$771:
      Old ports: A=9'111110000, B=9'111101100, Y=$memory$auto$proc_rom.cc:155:do_switch$61$rdmux[0][6][49]$a$433
      New ports: A=2'10, B=2'01, Y={ $memory$auto$proc_rom.cc:155:do_switch$61$rdmux[0][6][49]$a$433 [4] $memory$auto$proc_rom.cc:155:do_switch$61$rdmux[0][6][49]$a$433 [2] }
      New connections: { $memory$auto$proc_rom.cc:155:do_switch$61$rdmux[0][6][49]$a$433 [8:5] $memory$auto$proc_rom.cc:155:do_switch$61$rdmux[0][6][49]$a$433 [3] $memory$auto$proc_rom.cc:155:do_switch$61$rdmux[0][6][49]$a$433 [1:0] } = { 4'1111 $memory$auto$proc_rom.cc:155:do_switch$61$rdmux[0][6][49]$a$433 [2] 2'00 }
    Consolidated identical input bits for $mux cell $memory$auto$proc_rom.cc:155:do_switch$61$rdmux[0][7][97]$768:
      Old ports: A=9'111111000, B=9'111110100, Y=$memory$auto$proc_rom.cc:155:do_switch$61$rdmux[0][6][48]$b$431
      New ports: A=2'10, B=2'01, Y=$memory$auto$proc_rom.cc:155:do_switch$61$rdmux[0][6][48]$b$431 [3:2]
      New connections: { $memory$auto$proc_rom.cc:155:do_switch$61$rdmux[0][6][48]$b$431 [8:4] $memory$auto$proc_rom.cc:155:do_switch$61$rdmux[0][6][48]$b$431 [1:0] } = 7'1111100
    Consolidated identical input bits for $mux cell $memory$auto$proc_rom.cc:155:do_switch$61$rdmux[0][7][96]$765:
      Old ports: A=9'000000000, B=9'111111100, Y=$memory$auto$proc_rom.cc:155:do_switch$61$rdmux[0][6][48]$a$430
      New ports: A=1'0, B=1'1, Y=$memory$auto$proc_rom.cc:155:do_switch$61$rdmux[0][6][48]$a$430 [2]
      New connections: { $memory$auto$proc_rom.cc:155:do_switch$61$rdmux[0][6][48]$a$430 [8:3] $memory$auto$proc_rom.cc:155:do_switch$61$rdmux[0][6][48]$a$430 [1:0] } = { $memory$auto$proc_rom.cc:155:do_switch$61$rdmux[0][6][48]$a$430 [2] $memory$auto$proc_rom.cc:155:do_switch$61$rdmux[0][6][48]$a$430 [2] $memory$auto$proc_rom.cc:155:do_switch$61$rdmux[0][6][48]$a$430 [2] $memory$auto$proc_rom.cc:155:do_switch$61$rdmux[0][6][48]$a$430 [2] $memory$auto$proc_rom.cc:155:do_switch$61$rdmux[0][6][48]$a$430 [2] $memory$auto$proc_rom.cc:155:do_switch$61$rdmux[0][6][48]$a$430 [2] 2'00 }
    Consolidated identical input bits for $mux cell $memory$auto$proc_rom.cc:155:do_switch$61$rdmux[0][7][95]$762:
      Old ports: A=9'000010010, B=9'000010101, Y=$memory$auto$proc_rom.cc:155:do_switch$61$rdmux[0][6][47]$b$428
      New ports: A=2'10, B=2'01, Y=$memory$auto$proc_rom.cc:155:do_switch$61$rdmux[0][6][47]$b$428 [1:0]
      New connections: $memory$auto$proc_rom.cc:155:do_switch$61$rdmux[0][6][47]$b$428 [8:2] = { 6'000010 $memory$auto$proc_rom.cc:155:do_switch$61$rdmux[0][6][47]$b$428 [0] }
    Consolidated identical input bits for $mux cell $memory$auto$proc_rom.cc:155:do_switch$61$rdmux[0][7][94]$759:
      Old ports: A=9'000001100, B=9'000001111, Y=$memory$auto$proc_rom.cc:155:do_switch$61$rdmux[0][6][47]$a$427
      New ports: A=1'0, B=1'1, Y=$memory$auto$proc_rom.cc:155:do_switch$61$rdmux[0][6][47]$a$427 [0]
      New connections: $memory$auto$proc_rom.cc:155:do_switch$61$rdmux[0][6][47]$a$427 [8:1] = { 7'0000011 $memory$auto$proc_rom.cc:155:do_switch$61$rdmux[0][6][47]$a$427 [0] }
    Consolidated identical input bits for $mux cell $memory$auto$proc_rom.cc:155:do_switch$61$rdmux[0][7][93]$756:
      Old ports: A=9'000000110, B=9'000001001, Y=$memory$auto$proc_rom.cc:155:do_switch$61$rdmux[0][6][46]$b$425
      New ports: A=2'10, B=2'01, Y=$memory$auto$proc_rom.cc:155:do_switch$61$rdmux[0][6][46]$b$425 [1:0]
      New connections: $memory$auto$proc_rom.cc:155:do_switch$61$rdmux[0][6][46]$b$425 [8:2] = { 5'00000 $memory$auto$proc_rom.cc:155:do_switch$61$rdmux[0][6][46]$b$425 [0] $memory$auto$proc_rom.cc:155:do_switch$61$rdmux[0][6][46]$b$425 [1] }
    Consolidated identical input bits for $mux cell $memory$auto$proc_rom.cc:155:do_switch$61$rdmux[0][7][92]$753:
      Old ports: A=9'000000000, B=9'000000011, Y=$memory$auto$proc_rom.cc:155:do_switch$61$rdmux[0][6][46]$a$424
      New ports: A=1'0, B=1'1, Y=$memory$auto$proc_rom.cc:155:do_switch$61$rdmux[0][6][46]$a$424 [0]
      New connections: $memory$auto$proc_rom.cc:155:do_switch$61$rdmux[0][6][46]$a$424 [8:1] = { 7'0000000 $memory$auto$proc_rom.cc:155:do_switch$61$rdmux[0][6][46]$a$424 [0] }
    Consolidated identical input bits for $mux cell $memory$auto$proc_rom.cc:155:do_switch$61$rdmux[0][7][91]$750:
      Old ports: A=9'111101110, B=9'111101011, Y=$memory$auto$proc_rom.cc:155:do_switch$61$rdmux[0][6][45]$b$422
      New ports: A=2'10, B=2'01, Y={ $memory$auto$proc_rom.cc:155:do_switch$61$rdmux[0][6][45]$b$422 [2] $memory$auto$proc_rom.cc:155:do_switch$61$rdmux[0][6][45]$b$422 [0] }
      New connections: { $memory$auto$proc_rom.cc:155:do_switch$61$rdmux[0][6][45]$b$422 [8:3] $memory$auto$proc_rom.cc:155:do_switch$61$rdmux[0][6][45]$b$422 [1] } = 7'1111011
    Consolidated identical input bits for $mux cell $memory$auto$proc_rom.cc:155:do_switch$61$rdmux[0][7][90]$747:
      Old ports: A=9'111110100, B=9'111110001, Y=$memory$auto$proc_rom.cc:155:do_switch$61$rdmux[0][6][45]$a$421
      New ports: A=2'10, B=2'01, Y={ $memory$auto$proc_rom.cc:155:do_switch$61$rdmux[0][6][45]$a$421 [2] $memory$auto$proc_rom.cc:155:do_switch$61$rdmux[0][6][45]$a$421 [0] }
      New connections: { $memory$auto$proc_rom.cc:155:do_switch$61$rdmux[0][6][45]$a$421 [8:3] $memory$auto$proc_rom.cc:155:do_switch$61$rdmux[0][6][45]$a$421 [1] } = 7'1111100
    Consolidated identical input bits for $mux cell $memory$auto$proc_rom.cc:155:do_switch$61$rdmux[0][7][89]$744:
      Old ports: A=9'111111010, B=9'111110111, Y=$memory$auto$proc_rom.cc:155:do_switch$61$rdmux[0][6][44]$b$419
      New ports: A=2'10, B=2'01, Y={ $memory$auto$proc_rom.cc:155:do_switch$61$rdmux[0][6][44]$b$419 [3] $memory$auto$proc_rom.cc:155:do_switch$61$rdmux[0][6][44]$b$419 [0] }
      New connections: { $memory$auto$proc_rom.cc:155:do_switch$61$rdmux[0][6][44]$b$419 [8:4] $memory$auto$proc_rom.cc:155:do_switch$61$rdmux[0][6][44]$b$419 [2:1] } = { 5'11111 $memory$auto$proc_rom.cc:155:do_switch$61$rdmux[0][6][44]$b$419 [0] 1'1 }
    Consolidated identical input bits for $mux cell $memory$auto$proc_rom.cc:155:do_switch$61$rdmux[0][7][88]$741:
      Old ports: A=9'000000000, B=9'111111101, Y=$memory$auto$proc_rom.cc:155:do_switch$61$rdmux[0][6][44]$a$418
      New ports: A=1'0, B=1'1, Y=$memory$auto$proc_rom.cc:155:do_switch$61$rdmux[0][6][44]$a$418 [0]
      New connections: $memory$auto$proc_rom.cc:155:do_switch$61$rdmux[0][6][44]$a$418 [8:1] = { $memory$auto$proc_rom.cc:155:do_switch$61$rdmux[0][6][44]$a$418 [0] $memory$auto$proc_rom.cc:155:do_switch$61$rdmux[0][6][44]$a$418 [0] $memory$auto$proc_rom.cc:155:do_switch$61$rdmux[0][6][44]$a$418 [0] $memory$auto$proc_rom.cc:155:do_switch$61$rdmux[0][6][44]$a$418 [0] $memory$auto$proc_rom.cc:155:do_switch$61$rdmux[0][6][44]$a$418 [0] $memory$auto$proc_rom.cc:155:do_switch$61$rdmux[0][6][44]$a$418 [0] $memory$auto$proc_rom.cc:155:do_switch$61$rdmux[0][6][44]$a$418 [0] 1'0 }
    Consolidated identical input bits for $mux cell $memory$auto$proc_rom.cc:155:do_switch$61$rdmux[0][7][87]$738:
      Old ports: A=9'000001100, B=9'000001110, Y=$memory$auto$proc_rom.cc:155:do_switch$61$rdmux[0][6][43]$b$416
      New ports: A=1'0, B=1'1, Y=$memory$auto$proc_rom.cc:155:do_switch$61$rdmux[0][6][43]$b$416 [1]
      New connections: { $memory$auto$proc_rom.cc:155:do_switch$61$rdmux[0][6][43]$b$416 [8:2] $memory$auto$proc_rom.cc:155:do_switch$61$rdmux[0][6][43]$b$416 [0] } = 8'00000110
    Consolidated identical input bits for $mux cell $memory$auto$proc_rom.cc:155:do_switch$61$rdmux[0][7][86]$735:
      Old ports: A=9'000001000, B=9'000001010, Y=$memory$auto$proc_rom.cc:155:do_switch$61$rdmux[0][6][43]$a$415
      New ports: A=1'0, B=1'1, Y=$memory$auto$proc_rom.cc:155:do_switch$61$rdmux[0][6][43]$a$415 [1]
      New connections: { $memory$auto$proc_rom.cc:155:do_switch$61$rdmux[0][6][43]$a$415 [8:2] $memory$auto$proc_rom.cc:155:do_switch$61$rdmux[0][6][43]$a$415 [0] } = 8'00000100
    Consolidated identical input bits for $mux cell $memory$auto$proc_rom.cc:155:do_switch$61$rdmux[0][7][85]$732:
      Old ports: A=9'000000100, B=9'000000110, Y=$memory$auto$proc_rom.cc:155:do_switch$61$rdmux[0][6][42]$b$413
      New ports: A=1'0, B=1'1, Y=$memory$auto$proc_rom.cc:155:do_switch$61$rdmux[0][6][42]$b$413 [1]
      New connections: { $memory$auto$proc_rom.cc:155:do_switch$61$rdmux[0][6][42]$b$413 [8:2] $memory$auto$proc_rom.cc:155:do_switch$61$rdmux[0][6][42]$b$413 [0] } = 8'00000010
    Consolidated identical input bits for $mux cell $memory$auto$proc_rom.cc:155:do_switch$61$rdmux[0][7][84]$729:
      Old ports: A=9'000000000, B=9'000000010, Y=$memory$auto$proc_rom.cc:155:do_switch$61$rdmux[0][6][42]$a$412
      New ports: A=1'0, B=1'1, Y=$memory$auto$proc_rom.cc:155:do_switch$61$rdmux[0][6][42]$a$412 [1]
      New connections: { $memory$auto$proc_rom.cc:155:do_switch$61$rdmux[0][6][42]$a$412 [8:2] $memory$auto$proc_rom.cc:155:do_switch$61$rdmux[0][6][42]$a$412 [0] } = 8'00000000
    Consolidated identical input bits for $mux cell $memory$auto$proc_rom.cc:155:do_switch$61$rdmux[0][7][83]$726:
      Old ports: A=9'111110100, B=9'111110010, Y=$memory$auto$proc_rom.cc:155:do_switch$61$rdmux[0][6][41]$b$410
      New ports: A=2'10, B=2'01, Y=$memory$auto$proc_rom.cc:155:do_switch$61$rdmux[0][6][41]$b$410 [2:1]
      New connections: { $memory$auto$proc_rom.cc:155:do_switch$61$rdmux[0][6][41]$b$410 [8:3] $memory$auto$proc_rom.cc:155:do_switch$61$rdmux[0][6][41]$b$410 [0] } = 7'1111100
    Consolidated identical input bits for $mux cell $memory$auto$proc_rom.cc:155:do_switch$61$rdmux[0][7][82]$723:
      Old ports: A=9'111111000, B=9'111110110, Y=$memory$auto$proc_rom.cc:155:do_switch$61$rdmux[0][6][41]$a$409
      New ports: A=2'10, B=2'01, Y={ $memory$auto$proc_rom.cc:155:do_switch$61$rdmux[0][6][41]$a$409 [3] $memory$auto$proc_rom.cc:155:do_switch$61$rdmux[0][6][41]$a$409 [1] }
      New connections: { $memory$auto$proc_rom.cc:155:do_switch$61$rdmux[0][6][41]$a$409 [8:4] $memory$auto$proc_rom.cc:155:do_switch$61$rdmux[0][6][41]$a$409 [2] $memory$auto$proc_rom.cc:155:do_switch$61$rdmux[0][6][41]$a$409 [0] } = { 5'11111 $memory$auto$proc_rom.cc:155:do_switch$61$rdmux[0][6][41]$a$409 [1] 1'0 }
    Consolidated identical input bits for $mux cell $memory$auto$proc_rom.cc:155:do_switch$61$rdmux[0][7][81]$720:
      Old ports: A=9'111111100, B=9'111111010, Y=$memory$auto$proc_rom.cc:155:do_switch$61$rdmux[0][6][40]$b$407
      New ports: A=2'10, B=2'01, Y=$memory$auto$proc_rom.cc:155:do_switch$61$rdmux[0][6][40]$b$407 [2:1]
      New connections: { $memory$auto$proc_rom.cc:155:do_switch$61$rdmux[0][6][40]$b$407 [8:3] $memory$auto$proc_rom.cc:155:do_switch$61$rdmux[0][6][40]$b$407 [0] } = 7'1111110
    Consolidated identical input bits for $mux cell $memory$auto$proc_rom.cc:155:do_switch$61$rdmux[0][7][80]$717:
      Old ports: A=9'000000000, B=9'111111110, Y=$memory$auto$proc_rom.cc:155:do_switch$61$rdmux[0][6][40]$a$406
      New ports: A=1'0, B=1'1, Y=$memory$auto$proc_rom.cc:155:do_switch$61$rdmux[0][6][40]$a$406 [1]
      New connections: { $memory$auto$proc_rom.cc:155:do_switch$61$rdmux[0][6][40]$a$406 [8:2] $memory$auto$proc_rom.cc:155:do_switch$61$rdmux[0][6][40]$a$406 [0] } = { $memory$auto$proc_rom.cc:155:do_switch$61$rdmux[0][6][40]$a$406 [1] $memory$auto$proc_rom.cc:155:do_switch$61$rdmux[0][6][40]$a$406 [1] $memory$auto$proc_rom.cc:155:do_switch$61$rdmux[0][6][40]$a$406 [1] $memory$auto$proc_rom.cc:155:do_switch$61$rdmux[0][6][40]$a$406 [1] $memory$auto$proc_rom.cc:155:do_switch$61$rdmux[0][6][40]$a$406 [1] $memory$auto$proc_rom.cc:155:do_switch$61$rdmux[0][6][40]$a$406 [1] $memory$auto$proc_rom.cc:155:do_switch$61$rdmux[0][6][40]$a$406 [1] 1'0 }
    Consolidated identical input bits for $mux cell $memory$auto$proc_rom.cc:155:do_switch$61$rdmux[0][7][79]$714:
      Old ports: A=9'000000110, B=9'000000111, Y=$memory$auto$proc_rom.cc:155:do_switch$61$rdmux[0][6][39]$b$404
      New ports: A=1'0, B=1'1, Y=$memory$auto$proc_rom.cc:155:do_switch$61$rdmux[0][6][39]$b$404 [0]
      New connections: $memory$auto$proc_rom.cc:155:do_switch$61$rdmux[0][6][39]$b$404 [8:1] = 8'00000011
    Consolidated identical input bits for $mux cell $memory$auto$proc_rom.cc:155:do_switch$61$rdmux[0][7][78]$711:
      Old ports: A=9'000000100, B=9'000000101, Y=$memory$auto$proc_rom.cc:155:do_switch$61$rdmux[0][6][39]$a$403
      New ports: A=1'0, B=1'1, Y=$memory$auto$proc_rom.cc:155:do_switch$61$rdmux[0][6][39]$a$403 [0]
      New connections: $memory$auto$proc_rom.cc:155:do_switch$61$rdmux[0][6][39]$a$403 [8:1] = 8'00000010
    Consolidated identical input bits for $mux cell $memory$auto$proc_rom.cc:155:do_switch$61$rdmux[0][7][77]$708:
      Old ports: A=9'000000010, B=9'000000011, Y=$memory$auto$proc_rom.cc:155:do_switch$61$rdmux[0][6][38]$b$401
      New ports: A=1'0, B=1'1, Y=$memory$auto$proc_rom.cc:155:do_switch$61$rdmux[0][6][38]$b$401 [0]
      New connections: $memory$auto$proc_rom.cc:155:do_switch$61$rdmux[0][6][38]$b$401 [8:1] = 8'00000001
    Consolidated identical input bits for $mux cell $memory$auto$proc_rom.cc:155:do_switch$61$rdmux[0][7][76]$705:
      Old ports: A=9'000000000, B=9'000000001, Y=$memory$auto$proc_rom.cc:155:do_switch$61$rdmux[0][6][38]$a$400
      New ports: A=1'0, B=1'1, Y=$memory$auto$proc_rom.cc:155:do_switch$61$rdmux[0][6][38]$a$400 [0]
      New connections: $memory$auto$proc_rom.cc:155:do_switch$61$rdmux[0][6][38]$a$400 [8:1] = 8'00000000
    Consolidated identical input bits for $mux cell $memory$auto$proc_rom.cc:155:do_switch$61$rdmux[0][7][75]$702:
      Old ports: A=9'111111010, B=9'111111001, Y=$memory$auto$proc_rom.cc:155:do_switch$61$rdmux[0][6][37]$b$398
      New ports: A=2'10, B=2'01, Y=$memory$auto$proc_rom.cc:155:do_switch$61$rdmux[0][6][37]$b$398 [1:0]
      New connections: $memory$auto$proc_rom.cc:155:do_switch$61$rdmux[0][6][37]$b$398 [8:2] = 7'1111110
    Consolidated identical input bits for $mux cell $memory$auto$proc_rom.cc:155:do_switch$61$rdmux[0][7][74]$699:
      Old ports: A=9'111111100, B=9'111111011, Y=$memory$auto$proc_rom.cc:155:do_switch$61$rdmux[0][6][37]$a$397
      New ports: A=2'10, B=2'01, Y={ $memory$auto$proc_rom.cc:155:do_switch$61$rdmux[0][6][37]$a$397 [2] $memory$auto$proc_rom.cc:155:do_switch$61$rdmux[0][6][37]$a$397 [0] }
      New connections: { $memory$auto$proc_rom.cc:155:do_switch$61$rdmux[0][6][37]$a$397 [8:3] $memory$auto$proc_rom.cc:155:do_switch$61$rdmux[0][6][37]$a$397 [1] } = { 6'111111 $memory$auto$proc_rom.cc:155:do_switch$61$rdmux[0][6][37]$a$397 [0] }
    Consolidated identical input bits for $mux cell $memory$auto$proc_rom.cc:155:do_switch$61$rdmux[0][7][73]$696:
      Old ports: A=9'111111110, B=9'111111101, Y=$memory$auto$proc_rom.cc:155:do_switch$61$rdmux[0][6][36]$b$395
      New ports: A=2'10, B=2'01, Y=$memory$auto$proc_rom.cc:155:do_switch$61$rdmux[0][6][36]$b$395 [1:0]
      New connections: $memory$auto$proc_rom.cc:155:do_switch$61$rdmux[0][6][36]$b$395 [8:2] = 7'1111111
    Consolidated identical input bits for $mux cell $memory$auto$proc_rom.cc:155:do_switch$61$rdmux[0][7][72]$693:
      Old ports: A=9'000000000, B=9'111111111, Y=$memory$auto$proc_rom.cc:155:do_switch$61$rdmux[0][6][36]$a$394
      New ports: A=1'0, B=1'1, Y=$memory$auto$proc_rom.cc:155:do_switch$61$rdmux[0][6][36]$a$394 [0]
      New connections: $memory$auto$proc_rom.cc:155:do_switch$61$rdmux[0][6][36]$a$394 [8:1] = { $memory$auto$proc_rom.cc:155:do_switch$61$rdmux[0][6][36]$a$394 [0] $memory$auto$proc_rom.cc:155:do_switch$61$rdmux[0][6][36]$a$394 [0] $memory$auto$proc_rom.cc:155:do_switch$61$rdmux[0][6][36]$a$394 [0] $memory$auto$proc_rom.cc:155:do_switch$61$rdmux[0][6][36]$a$394 [0] $memory$auto$proc_rom.cc:155:do_switch$61$rdmux[0][6][36]$a$394 [0] $memory$auto$proc_rom.cc:155:do_switch$61$rdmux[0][6][36]$a$394 [0] $memory$auto$proc_rom.cc:155:do_switch$61$rdmux[0][6][36]$a$394 [0] $memory$auto$proc_rom.cc:155:do_switch$61$rdmux[0][6][36]$a$394 [0] }
    Consolidated identical input bits for $mux cell $memory$auto$proc_rom.cc:155:do_switch$61$rdmux[0][7][63]$666:
      Old ports: A=9'111010110, B=9'111001111, Y=$memory$auto$proc_rom.cc:155:do_switch$61$rdmux[0][6][31]$b$380
      New ports: A=2'10, B=2'01, Y={ $memory$auto$proc_rom.cc:155:do_switch$61$rdmux[0][6][31]$b$380 [4] $memory$auto$proc_rom.cc:155:do_switch$61$rdmux[0][6][31]$b$380 [0] }
      New connections: { $memory$auto$proc_rom.cc:155:do_switch$61$rdmux[0][6][31]$b$380 [8:5] $memory$auto$proc_rom.cc:155:do_switch$61$rdmux[0][6][31]$b$380 [3:1] } = { 4'1110 $memory$auto$proc_rom.cc:155:do_switch$61$rdmux[0][6][31]$b$380 [0] 2'11 }
    Consolidated identical input bits for $mux cell $memory$auto$proc_rom.cc:155:do_switch$61$rdmux[0][7][62]$663:
      Old ports: A=9'111100100, B=9'111011101, Y=$memory$auto$proc_rom.cc:155:do_switch$61$rdmux[0][6][31]$a$379
      New ports: A=2'10, B=2'01, Y={ $memory$auto$proc_rom.cc:155:do_switch$61$rdmux[0][6][31]$a$379 [5] $memory$auto$proc_rom.cc:155:do_switch$61$rdmux[0][6][31]$a$379 [0] }
      New connections: { $memory$auto$proc_rom.cc:155:do_switch$61$rdmux[0][6][31]$a$379 [8:6] $memory$auto$proc_rom.cc:155:do_switch$61$rdmux[0][6][31]$a$379 [4:1] } = { 3'111 $memory$auto$proc_rom.cc:155:do_switch$61$rdmux[0][6][31]$a$379 [0] $memory$auto$proc_rom.cc:155:do_switch$61$rdmux[0][6][31]$a$379 [0] 2'10 }
    Consolidated identical input bits for $mux cell $memory$auto$proc_rom.cc:155:do_switch$61$rdmux[0][7][61]$660:
      Old ports: A=9'111110010, B=9'111101011, Y=$memory$auto$proc_rom.cc:155:do_switch$61$rdmux[0][6][30]$b$377
      New ports: A=2'10, B=2'01, Y={ $memory$auto$proc_rom.cc:155:do_switch$61$rdmux[0][6][30]$b$377 [4] $memory$auto$proc_rom.cc:155:do_switch$61$rdmux[0][6][30]$b$377 [0] }
      New connections: { $memory$auto$proc_rom.cc:155:do_switch$61$rdmux[0][6][30]$b$377 [8:5] $memory$auto$proc_rom.cc:155:do_switch$61$rdmux[0][6][30]$b$377 [3:1] } = { 4'1111 $memory$auto$proc_rom.cc:155:do_switch$61$rdmux[0][6][30]$b$377 [0] 2'01 }
    Consolidated identical input bits for $mux cell $memory$auto$proc_rom.cc:155:do_switch$61$rdmux[0][7][60]$657:
      Old ports: A=9'000000000, B=9'111111001, Y=$memory$auto$proc_rom.cc:155:do_switch$61$rdmux[0][6][30]$a$376
      New ports: A=1'0, B=1'1, Y=$memory$auto$proc_rom.cc:155:do_switch$61$rdmux[0][6][30]$a$376 [0]
      New connections: $memory$auto$proc_rom.cc:155:do_switch$61$rdmux[0][6][30]$a$376 [8:1] = { $memory$auto$proc_rom.cc:155:do_switch$61$rdmux[0][6][30]$a$376 [0] $memory$auto$proc_rom.cc:155:do_switch$61$rdmux[0][6][30]$a$376 [0] $memory$auto$proc_rom.cc:155:do_switch$61$rdmux[0][6][30]$a$376 [0] $memory$auto$proc_rom.cc:155:do_switch$61$rdmux[0][6][30]$a$376 [0] $memory$auto$proc_rom.cc:155:do_switch$61$rdmux[0][6][30]$a$376 [0] $memory$auto$proc_rom.cc:155:do_switch$61$rdmux[0][6][30]$a$376 [0] 2'00 }
    Consolidated identical input bits for $mux cell $memory$auto$proc_rom.cc:155:do_switch$61$rdmux[0][7][59]$654:
      Old ports: A=9'000101010, B=9'000110001, Y=$memory$auto$proc_rom.cc:155:do_switch$61$rdmux[0][6][29]$b$374
      New ports: A=2'10, B=2'01, Y=$memory$auto$proc_rom.cc:155:do_switch$61$rdmux[0][6][29]$b$374 [1:0]
      New connections: $memory$auto$proc_rom.cc:155:do_switch$61$rdmux[0][6][29]$b$374 [8:2] = { 4'0001 $memory$auto$proc_rom.cc:155:do_switch$61$rdmux[0][6][29]$b$374 [0] $memory$auto$proc_rom.cc:155:do_switch$61$rdmux[0][6][29]$b$374 [1] 1'0 }
    Consolidated identical input bits for $mux cell $memory$auto$proc_rom.cc:155:do_switch$61$rdmux[0][7][58]$651:
      Old ports: A=9'000011100, B=9'000100011, Y=$memory$auto$proc_rom.cc:155:do_switch$61$rdmux[0][6][29]$a$373
      New ports: A=2'10, B=2'01, Y={ $memory$auto$proc_rom.cc:155:do_switch$61$rdmux[0][6][29]$a$373 [2] $memory$auto$proc_rom.cc:155:do_switch$61$rdmux[0][6][29]$a$373 [0] }
      New connections: { $memory$auto$proc_rom.cc:155:do_switch$61$rdmux[0][6][29]$a$373 [8:3] $memory$auto$proc_rom.cc:155:do_switch$61$rdmux[0][6][29]$a$373 [1] } = { 3'000 $memory$auto$proc_rom.cc:155:do_switch$61$rdmux[0][6][29]$a$373 [0] $memory$auto$proc_rom.cc:155:do_switch$61$rdmux[0][6][29]$a$373 [2] $memory$auto$proc_rom.cc:155:do_switch$61$rdmux[0][6][29]$a$373 [2] $memory$auto$proc_rom.cc:155:do_switch$61$rdmux[0][6][29]$a$373 [0] }
    Consolidated identical input bits for $mux cell $memory$auto$proc_rom.cc:155:do_switch$61$rdmux[0][7][57]$648:
      Old ports: A=9'000001110, B=9'000010101, Y=$memory$auto$proc_rom.cc:155:do_switch$61$rdmux[0][6][28]$b$371
      New ports: A=2'10, B=2'01, Y=$memory$auto$proc_rom.cc:155:do_switch$61$rdmux[0][6][28]$b$371 [1:0]
      New connections: $memory$auto$proc_rom.cc:155:do_switch$61$rdmux[0][6][28]$b$371 [8:2] = { 4'0000 $memory$auto$proc_rom.cc:155:do_switch$61$rdmux[0][6][28]$b$371 [0] $memory$auto$proc_rom.cc:155:do_switch$61$rdmux[0][6][28]$b$371 [1] 1'1 }
    Consolidated identical input bits for $mux cell $memory$auto$proc_rom.cc:155:do_switch$61$rdmux[0][7][56]$645:
      Old ports: A=9'000000000, B=9'000000111, Y=$memory$auto$proc_rom.cc:155:do_switch$61$rdmux[0][6][28]$a$370
      New ports: A=1'0, B=1'1, Y=$memory$auto$proc_rom.cc:155:do_switch$61$rdmux[0][6][28]$a$370 [0]
      New connections: $memory$auto$proc_rom.cc:155:do_switch$61$rdmux[0][6][28]$a$370 [8:1] = { 6'000000 $memory$auto$proc_rom.cc:155:do_switch$61$rdmux[0][6][28]$a$370 [0] $memory$auto$proc_rom.cc:155:do_switch$61$rdmux[0][6][28]$a$370 [0] }
    Consolidated identical input bits for $mux cell $memory$auto$proc_rom.cc:155:do_switch$61$rdmux[0][7][55]$642:
      Old ports: A=9'111011100, B=9'111010110, Y=$memory$auto$proc_rom.cc:155:do_switch$61$rdmux[0][6][27]$b$368
      New ports: A=2'10, B=2'01, Y={ $memory$auto$proc_rom.cc:155:do_switch$61$rdmux[0][6][27]$b$368 [3] $memory$auto$proc_rom.cc:155:do_switch$61$rdmux[0][6][27]$b$368 [1] }
      New connections: { $memory$auto$proc_rom.cc:155:do_switch$61$rdmux[0][6][27]$b$368 [8:4] $memory$auto$proc_rom.cc:155:do_switch$61$rdmux[0][6][27]$b$368 [2] $memory$auto$proc_rom.cc:155:do_switch$61$rdmux[0][6][27]$b$368 [0] } = 7'1110110
    Consolidated identical input bits for $mux cell $memory$auto$proc_rom.cc:155:do_switch$61$rdmux[0][7][54]$639:
      Old ports: A=9'111101000, B=9'111100010, Y=$memory$auto$proc_rom.cc:155:do_switch$61$rdmux[0][6][27]$a$367
      New ports: A=2'10, B=2'01, Y={ $memory$auto$proc_rom.cc:155:do_switch$61$rdmux[0][6][27]$a$367 [3] $memory$auto$proc_rom.cc:155:do_switch$61$rdmux[0][6][27]$a$367 [1] }
      New connections: { $memory$auto$proc_rom.cc:155:do_switch$61$rdmux[0][6][27]$a$367 [8:4] $memory$auto$proc_rom.cc:155:do_switch$61$rdmux[0][6][27]$a$367 [2] $memory$auto$proc_rom.cc:155:do_switch$61$rdmux[0][6][27]$a$367 [0] } = 7'1111000
    Consolidated identical input bits for $mux cell $memory$auto$proc_rom.cc:155:do_switch$61$rdmux[0][7][53]$636:
      Old ports: A=9'111110100, B=9'111101110, Y=$memory$auto$proc_rom.cc:155:do_switch$61$rdmux[0][6][26]$b$365
      New ports: A=2'10, B=2'01, Y={ $memory$auto$proc_rom.cc:155:do_switch$61$rdmux[0][6][26]$b$365 [4] $memory$auto$proc_rom.cc:155:do_switch$61$rdmux[0][6][26]$b$365 [1] }
      New connections: { $memory$auto$proc_rom.cc:155:do_switch$61$rdmux[0][6][26]$b$365 [8:5] $memory$auto$proc_rom.cc:155:do_switch$61$rdmux[0][6][26]$b$365 [3:2] $memory$auto$proc_rom.cc:155:do_switch$61$rdmux[0][6][26]$b$365 [0] } = { 4'1111 $memory$auto$proc_rom.cc:155:do_switch$61$rdmux[0][6][26]$b$365 [1] 2'10 }
    Consolidated identical input bits for $mux cell $memory$auto$proc_rom.cc:155:do_switch$61$rdmux[0][7][52]$633:
      Old ports: A=9'000000000, B=9'111111010, Y=$memory$auto$proc_rom.cc:155:do_switch$61$rdmux[0][6][26]$a$364
      New ports: A=1'0, B=1'1, Y=$memory$auto$proc_rom.cc:155:do_switch$61$rdmux[0][6][26]$a$364 [1]
      New connections: { $memory$auto$proc_rom.cc:155:do_switch$61$rdmux[0][6][26]$a$364 [8:2] $memory$auto$proc_rom.cc:155:do_switch$61$rdmux[0][6][26]$a$364 [0] } = { $memory$auto$proc_rom.cc:155:do_switch$61$rdmux[0][6][26]$a$364 [1] $memory$auto$proc_rom.cc:155:do_switch$61$rdmux[0][6][26]$a$364 [1] $memory$auto$proc_rom.cc:155:do_switch$61$rdmux[0][6][26]$a$364 [1] $memory$auto$proc_rom.cc:155:do_switch$61$rdmux[0][6][26]$a$364 [1] $memory$auto$proc_rom.cc:155:do_switch$61$rdmux[0][6][26]$a$364 [1] $memory$auto$proc_rom.cc:155:do_switch$61$rdmux[0][6][26]$a$364 [1] 2'00 }
    Consolidated identical input bits for $mux cell $memory$auto$proc_rom.cc:155:do_switch$61$rdmux[0][7][51]$630:
      Old ports: A=9'000100100, B=9'000101010, Y=$memory$auto$proc_rom.cc:155:do_switch$61$rdmux[0][6][25]$b$362
      New ports: A=2'10, B=2'01, Y=$memory$auto$proc_rom.cc:155:do_switch$61$rdmux[0][6][25]$b$362 [2:1]
      New connections: { $memory$auto$proc_rom.cc:155:do_switch$61$rdmux[0][6][25]$b$362 [8:3] $memory$auto$proc_rom.cc:155:do_switch$61$rdmux[0][6][25]$b$362 [0] } = { 5'00010 $memory$auto$proc_rom.cc:155:do_switch$61$rdmux[0][6][25]$b$362 [1] 1'0 }
    Consolidated identical input bits for $mux cell $memory$auto$proc_rom.cc:155:do_switch$61$rdmux[0][7][50]$627:
      Old ports: A=9'000011000, B=9'000011110, Y=$memory$auto$proc_rom.cc:155:do_switch$61$rdmux[0][6][25]$a$361
      New ports: A=1'0, B=1'1, Y=$memory$auto$proc_rom.cc:155:do_switch$61$rdmux[0][6][25]$a$361 [1]
      New connections: { $memory$auto$proc_rom.cc:155:do_switch$61$rdmux[0][6][25]$a$361 [8:2] $memory$auto$proc_rom.cc:155:do_switch$61$rdmux[0][6][25]$a$361 [0] } = { 6'000011 $memory$auto$proc_rom.cc:155:do_switch$61$rdmux[0][6][25]$a$361 [1] 1'0 }
    Consolidated identical input bits for $mux cell $memory$auto$proc_rom.cc:155:do_switch$61$rdmux[0][7][49]$624:
      Old ports: A=9'000001100, B=9'000010010, Y=$memory$auto$proc_rom.cc:155:do_switch$61$rdmux[0][6][24]$b$359
      New ports: A=2'10, B=2'01, Y=$memory$auto$proc_rom.cc:155:do_switch$61$rdmux[0][6][24]$b$359 [2:1]
      New connections: { $memory$auto$proc_rom.cc:155:do_switch$61$rdmux[0][6][24]$b$359 [8:3] $memory$auto$proc_rom.cc:155:do_switch$61$rdmux[0][6][24]$b$359 [0] } = { 4'0000 $memory$auto$proc_rom.cc:155:do_switch$61$rdmux[0][6][24]$b$359 [1] $memory$auto$proc_rom.cc:155:do_switch$61$rdmux[0][6][24]$b$359 [2] 1'0 }
    Consolidated identical input bits for $mux cell $memory$auto$proc_rom.cc:155:do_switch$61$rdmux[0][7][48]$621:
      Old ports: A=9'000000000, B=9'000000110, Y=$memory$auto$proc_rom.cc:155:do_switch$61$rdmux[0][6][24]$a$358
      New ports: A=1'0, B=1'1, Y=$memory$auto$proc_rom.cc:155:do_switch$61$rdmux[0][6][24]$a$358 [1]
      New connections: { $memory$auto$proc_rom.cc:155:do_switch$61$rdmux[0][6][24]$a$358 [8:2] $memory$auto$proc_rom.cc:155:do_switch$61$rdmux[0][6][24]$a$358 [0] } = { 6'000000 $memory$auto$proc_rom.cc:155:do_switch$61$rdmux[0][6][24]$a$358 [1] 1'0 }
    Consolidated identical input bits for $mux cell $memory$auto$proc_rom.cc:155:do_switch$61$rdmux[0][7][47]$618:
      Old ports: A=9'111100010, B=9'111011101, Y=$memory$auto$proc_rom.cc:155:do_switch$61$rdmux[0][6][23]$b$356
      New ports: A=2'10, B=2'01, Y=$memory$auto$proc_rom.cc:155:do_switch$61$rdmux[0][6][23]$b$356 [1:0]
      New connections: $memory$auto$proc_rom.cc:155:do_switch$61$rdmux[0][6][23]$b$356 [8:2] = { 3'111 $memory$auto$proc_rom.cc:155:do_switch$61$rdmux[0][6][23]$b$356 [1:0] $memory$auto$proc_rom.cc:155:do_switch$61$rdmux[0][6][23]$b$356 [0] $memory$auto$proc_rom.cc:155:do_switch$61$rdmux[0][6][23]$b$356 [0] }
    Consolidated identical input bits for $mux cell $memory$auto$proc_rom.cc:155:do_switch$61$rdmux[0][7][46]$615:
      Old ports: A=9'111101100, B=9'111100111, Y=$memory$auto$proc_rom.cc:155:do_switch$61$rdmux[0][6][23]$a$355
      New ports: A=2'10, B=2'01, Y={ $memory$auto$proc_rom.cc:155:do_switch$61$rdmux[0][6][23]$a$355 [3] $memory$auto$proc_rom.cc:155:do_switch$61$rdmux[0][6][23]$a$355 [0] }
      New connections: { $memory$auto$proc_rom.cc:155:do_switch$61$rdmux[0][6][23]$a$355 [8:4] $memory$auto$proc_rom.cc:155:do_switch$61$rdmux[0][6][23]$a$355 [2:1] } = { 6'111101 $memory$auto$proc_rom.cc:155:do_switch$61$rdmux[0][6][23]$a$355 [0] }
    Consolidated identical input bits for $mux cell $memory$auto$proc_rom.cc:155:do_switch$61$rdmux[0][7][45]$612:
      Old ports: A=9'111110110, B=9'111110001, Y=$memory$auto$proc_rom.cc:155:do_switch$61$rdmux[0][6][22]$b$353
      New ports: A=2'10, B=2'01, Y=$memory$auto$proc_rom.cc:155:do_switch$61$rdmux[0][6][22]$b$353 [1:0]
      New connections: $memory$auto$proc_rom.cc:155:do_switch$61$rdmux[0][6][22]$b$353 [8:2] = { 6'111110 $memory$auto$proc_rom.cc:155:do_switch$61$rdmux[0][6][22]$b$353 [1] }
    Consolidated identical input bits for $mux cell $memory$auto$proc_rom.cc:155:do_switch$61$rdmux[0][7][44]$609:
      Old ports: A=9'000000000, B=9'111111011, Y=$memory$auto$proc_rom.cc:155:do_switch$61$rdmux[0][6][22]$a$352
      New ports: A=1'0, B=1'1, Y=$memory$auto$proc_rom.cc:155:do_switch$61$rdmux[0][6][22]$a$352 [0]
      New connections: $memory$auto$proc_rom.cc:155:do_switch$61$rdmux[0][6][22]$a$352 [8:1] = { $memory$auto$proc_rom.cc:155:do_switch$61$rdmux[0][6][22]$a$352 [0] $memory$auto$proc_rom.cc:155:do_switch$61$rdmux[0][6][22]$a$352 [0] $memory$auto$proc_rom.cc:155:do_switch$61$rdmux[0][6][22]$a$352 [0] $memory$auto$proc_rom.cc:155:do_switch$61$rdmux[0][6][22]$a$352 [0] $memory$auto$proc_rom.cc:155:do_switch$61$rdmux[0][6][22]$a$352 [0] $memory$auto$proc_rom.cc:155:do_switch$61$rdmux[0][6][22]$a$352 [0] 1'0 $memory$auto$proc_rom.cc:155:do_switch$61$rdmux[0][6][22]$a$352 [0] }
    Consolidated identical input bits for $mux cell $memory$auto$proc_rom.cc:155:do_switch$61$rdmux[0][7][43]$606:
      Old ports: A=9'000011110, B=9'000100011, Y=$memory$auto$proc_rom.cc:155:do_switch$61$rdmux[0][6][21]$b$350
      New ports: A=2'10, B=2'01, Y={ $memory$auto$proc_rom.cc:155:do_switch$61$rdmux[0][6][21]$b$350 [2] $memory$auto$proc_rom.cc:155:do_switch$61$rdmux[0][6][21]$b$350 [0] }
      New connections: { $memory$auto$proc_rom.cc:155:do_switch$61$rdmux[0][6][21]$b$350 [8:3] $memory$auto$proc_rom.cc:155:do_switch$61$rdmux[0][6][21]$b$350 [1] } = { 3'000 $memory$auto$proc_rom.cc:155:do_switch$61$rdmux[0][6][21]$b$350 [0] $memory$auto$proc_rom.cc:155:do_switch$61$rdmux[0][6][21]$b$350 [2] $memory$auto$proc_rom.cc:155:do_switch$61$rdmux[0][6][21]$b$350 [2] 1'1 }
    Consolidated identical input bits for $mux cell $memory$auto$proc_rom.cc:155:do_switch$61$rdmux[0][7][42]$603:
      Old ports: A=9'000010100, B=9'000011001, Y=$memory$auto$proc_rom.cc:155:do_switch$61$rdmux[0][6][21]$a$349
      New ports: A=2'10, B=2'01, Y={ $memory$auto$proc_rom.cc:155:do_switch$61$rdmux[0][6][21]$a$349 [2] $memory$auto$proc_rom.cc:155:do_switch$61$rdmux[0][6][21]$a$349 [0] }
      New connections: { $memory$auto$proc_rom.cc:155:do_switch$61$rdmux[0][6][21]$a$349 [8:3] $memory$auto$proc_rom.cc:155:do_switch$61$rdmux[0][6][21]$a$349 [1] } = { 5'00001 $memory$auto$proc_rom.cc:155:do_switch$61$rdmux[0][6][21]$a$349 [0] 1'0 }
    Consolidated identical input bits for $mux cell $memory$auto$proc_rom.cc:155:do_switch$61$rdmux[0][7][41]$600:
      Old ports: A=9'000001010, B=9'000001111, Y=$memory$auto$proc_rom.cc:155:do_switch$61$rdmux[0][6][20]$b$347
      New ports: A=1'0, B=1'1, Y=$memory$auto$proc_rom.cc:155:do_switch$61$rdmux[0][6][20]$b$347 [0]
      New connections: $memory$auto$proc_rom.cc:155:do_switch$61$rdmux[0][6][20]$b$347 [8:1] = { 6'000001 $memory$auto$proc_rom.cc:155:do_switch$61$rdmux[0][6][20]$b$347 [0] 1'1 }
    Consolidated identical input bits for $mux cell $memory$auto$proc_rom.cc:155:do_switch$61$rdmux[0][7][40]$597:
      Old ports: A=9'000000000, B=9'000000101, Y=$memory$auto$proc_rom.cc:155:do_switch$61$rdmux[0][6][20]$a$346
      New ports: A=1'0, B=1'1, Y=$memory$auto$proc_rom.cc:155:do_switch$61$rdmux[0][6][20]$a$346 [0]
      New connections: $memory$auto$proc_rom.cc:155:do_switch$61$rdmux[0][6][20]$a$346 [8:1] = { 6'000000 $memory$auto$proc_rom.cc:155:do_switch$61$rdmux[0][6][20]$a$346 [0] 1'0 }
    Consolidated identical input bits for $mux cell $memory$auto$proc_rom.cc:155:do_switch$61$rdmux[0][7][39]$594:
      Old ports: A=9'111101000, B=9'111100100, Y=$memory$auto$proc_rom.cc:155:do_switch$61$rdmux[0][6][19]$b$344
      New ports: A=2'10, B=2'01, Y=$memory$auto$proc_rom.cc:155:do_switch$61$rdmux[0][6][19]$b$344 [3:2]
      New connections: { $memory$auto$proc_rom.cc:155:do_switch$61$rdmux[0][6][19]$b$344 [8:4] $memory$auto$proc_rom.cc:155:do_switch$61$rdmux[0][6][19]$b$344 [1:0] } = 7'1111000
    Consolidated identical input bits for $mux cell $memory$auto$proc_rom.cc:155:do_switch$61$rdmux[0][7][38]$591:
      Old ports: A=9'111110000, B=9'111101100, Y=$memory$auto$proc_rom.cc:155:do_switch$61$rdmux[0][6][19]$a$343
      New ports: A=2'10, B=2'01, Y={ $memory$auto$proc_rom.cc:155:do_switch$61$rdmux[0][6][19]$a$343 [4] $memory$auto$proc_rom.cc:155:do_switch$61$rdmux[0][6][19]$a$343 [2] }
      New connections: { $memory$auto$proc_rom.cc:155:do_switch$61$rdmux[0][6][19]$a$343 [8:5] $memory$auto$proc_rom.cc:155:do_switch$61$rdmux[0][6][19]$a$343 [3] $memory$auto$proc_rom.cc:155:do_switch$61$rdmux[0][6][19]$a$343 [1:0] } = { 4'1111 $memory$auto$proc_rom.cc:155:do_switch$61$rdmux[0][6][19]$a$343 [2] 2'00 }
    Consolidated identical input bits for $mux cell $memory$auto$proc_rom.cc:155:do_switch$61$rdmux[0][7][37]$588:
      Old ports: A=9'111111000, B=9'111110100, Y=$memory$auto$proc_rom.cc:155:do_switch$61$rdmux[0][6][18]$b$341
      New ports: A=2'10, B=2'01, Y=$memory$auto$proc_rom.cc:155:do_switch$61$rdmux[0][6][18]$b$341 [3:2]
      New connections: { $memory$auto$proc_rom.cc:155:do_switch$61$rdmux[0][6][18]$b$341 [8:4] $memory$auto$proc_rom.cc:155:do_switch$61$rdmux[0][6][18]$b$341 [1:0] } = 7'1111100
    Consolidated identical input bits for $mux cell $memory$auto$proc_rom.cc:155:do_switch$61$rdmux[0][7][36]$585:
      Old ports: A=9'000000000, B=9'111111100, Y=$memory$auto$proc_rom.cc:155:do_switch$61$rdmux[0][6][18]$a$340
      New ports: A=1'0, B=1'1, Y=$memory$auto$proc_rom.cc:155:do_switch$61$rdmux[0][6][18]$a$340 [2]
      New connections: { $memory$auto$proc_rom.cc:155:do_switch$61$rdmux[0][6][18]$a$340 [8:3] $memory$auto$proc_rom.cc:155:do_switch$61$rdmux[0][6][18]$a$340 [1:0] } = { $memory$auto$proc_rom.cc:155:do_switch$61$rdmux[0][6][18]$a$340 [2] $memory$auto$proc_rom.cc:155:do_switch$61$rdmux[0][6][18]$a$340 [2] $memory$auto$proc_rom.cc:155:do_switch$61$rdmux[0][6][18]$a$340 [2] $memory$auto$proc_rom.cc:155:do_switch$61$rdmux[0][6][18]$a$340 [2] $memory$auto$proc_rom.cc:155:do_switch$61$rdmux[0][6][18]$a$340 [2] $memory$auto$proc_rom.cc:155:do_switch$61$rdmux[0][6][18]$a$340 [2] 2'00 }
    Consolidated identical input bits for $mux cell $memory$auto$proc_rom.cc:155:do_switch$61$rdmux[0][7][35]$582:
      Old ports: A=9'000011000, B=9'000011100, Y=$memory$auto$proc_rom.cc:155:do_switch$61$rdmux[0][6][17]$b$338
      New ports: A=1'0, B=1'1, Y=$memory$auto$proc_rom.cc:155:do_switch$61$rdmux[0][6][17]$b$338 [2]
      New connections: { $memory$auto$proc_rom.cc:155:do_switch$61$rdmux[0][6][17]$b$338 [8:3] $memory$auto$proc_rom.cc:155:do_switch$61$rdmux[0][6][17]$b$338 [1:0] } = 8'00001100
    Consolidated identical input bits for $mux cell $memory$auto$proc_rom.cc:155:do_switch$61$rdmux[0][7][34]$579:
      Old ports: A=9'000010000, B=9'000010100, Y=$memory$auto$proc_rom.cc:155:do_switch$61$rdmux[0][6][17]$a$337
      New ports: A=1'0, B=1'1, Y=$memory$auto$proc_rom.cc:155:do_switch$61$rdmux[0][6][17]$a$337 [2]
      New connections: { $memory$auto$proc_rom.cc:155:do_switch$61$rdmux[0][6][17]$a$337 [8:3] $memory$auto$proc_rom.cc:155:do_switch$61$rdmux[0][6][17]$a$337 [1:0] } = 8'00001000
    Consolidated identical input bits for $mux cell $memory$auto$proc_rom.cc:155:do_switch$61$rdmux[0][7][33]$576:
      Old ports: A=9'000001000, B=9'000001100, Y=$memory$auto$proc_rom.cc:155:do_switch$61$rdmux[0][6][16]$b$335
      New ports: A=1'0, B=1'1, Y=$memory$auto$proc_rom.cc:155:do_switch$61$rdmux[0][6][16]$b$335 [2]
      New connections: { $memory$auto$proc_rom.cc:155:do_switch$61$rdmux[0][6][16]$b$335 [8:3] $memory$auto$proc_rom.cc:155:do_switch$61$rdmux[0][6][16]$b$335 [1:0] } = 8'00000100
    Consolidated identical input bits for $mux cell $memory$auto$proc_rom.cc:155:do_switch$61$rdmux[0][7][32]$573:
      Old ports: A=9'000000000, B=9'000000100, Y=$memory$auto$proc_rom.cc:155:do_switch$61$rdmux[0][6][16]$a$334
      New ports: A=1'0, B=1'1, Y=$memory$auto$proc_rom.cc:155:do_switch$61$rdmux[0][6][16]$a$334 [2]
      New connections: { $memory$auto$proc_rom.cc:155:do_switch$61$rdmux[0][6][16]$a$334 [8:3] $memory$auto$proc_rom.cc:155:do_switch$61$rdmux[0][6][16]$a$334 [1:0] } = 8'00000000
    Consolidated identical input bits for $mux cell $memory$auto$proc_rom.cc:155:do_switch$61$rdmux[0][7][31]$570:
      Old ports: A=9'111101110, B=9'111101011, Y=$memory$auto$proc_rom.cc:155:do_switch$61$rdmux[0][6][15]$b$332
      New ports: A=2'10, B=2'01, Y={ $memory$auto$proc_rom.cc:155:do_switch$61$rdmux[0][6][15]$b$332 [2] $memory$auto$proc_rom.cc:155:do_switch$61$rdmux[0][6][15]$b$332 [0] }
      New connections: { $memory$auto$proc_rom.cc:155:do_switch$61$rdmux[0][6][15]$b$332 [8:3] $memory$auto$proc_rom.cc:155:do_switch$61$rdmux[0][6][15]$b$332 [1] } = 7'1111011
    Consolidated identical input bits for $mux cell $memory$auto$proc_rom.cc:155:do_switch$61$rdmux[0][7][30]$567:
      Old ports: A=9'111110100, B=9'111110001, Y=$memory$auto$proc_rom.cc:155:do_switch$61$rdmux[0][6][15]$a$331
      New ports: A=2'10, B=2'01, Y={ $memory$auto$proc_rom.cc:155:do_switch$61$rdmux[0][6][15]$a$331 [2] $memory$auto$proc_rom.cc:155:do_switch$61$rdmux[0][6][15]$a$331 [0] }
      New connections: { $memory$auto$proc_rom.cc:155:do_switch$61$rdmux[0][6][15]$a$331 [8:3] $memory$auto$proc_rom.cc:155:do_switch$61$rdmux[0][6][15]$a$331 [1] } = 7'1111100
    Consolidated identical input bits for $mux cell $memory$auto$proc_rom.cc:155:do_switch$61$rdmux[0][7][29]$564:
      Old ports: A=9'111111010, B=9'111110111, Y=$memory$auto$proc_rom.cc:155:do_switch$61$rdmux[0][6][14]$b$329
      New ports: A=2'10, B=2'01, Y={ $memory$auto$proc_rom.cc:155:do_switch$61$rdmux[0][6][14]$b$329 [3] $memory$auto$proc_rom.cc:155:do_switch$61$rdmux[0][6][14]$b$329 [0] }
      New connections: { $memory$auto$proc_rom.cc:155:do_switch$61$rdmux[0][6][14]$b$329 [8:4] $memory$auto$proc_rom.cc:155:do_switch$61$rdmux[0][6][14]$b$329 [2:1] } = { 5'11111 $memory$auto$proc_rom.cc:155:do_switch$61$rdmux[0][6][14]$b$329 [0] 1'1 }
    Consolidated identical input bits for $mux cell $memory$auto$proc_rom.cc:155:do_switch$61$rdmux[0][7][28]$561:
      Old ports: A=9'000000000, B=9'111111101, Y=$memory$auto$proc_rom.cc:155:do_switch$61$rdmux[0][6][14]$a$328
      New ports: A=1'0, B=1'1, Y=$memory$auto$proc_rom.cc:155:do_switch$61$rdmux[0][6][14]$a$328 [0]
      New connections: $memory$auto$proc_rom.cc:155:do_switch$61$rdmux[0][6][14]$a$328 [8:1] = { $memory$auto$proc_rom.cc:155:do_switch$61$rdmux[0][6][14]$a$328 [0] $memory$auto$proc_rom.cc:155:do_switch$61$rdmux[0][6][14]$a$328 [0] $memory$auto$proc_rom.cc:155:do_switch$61$rdmux[0][6][14]$a$328 [0] $memory$auto$proc_rom.cc:155:do_switch$61$rdmux[0][6][14]$a$328 [0] $memory$auto$proc_rom.cc:155:do_switch$61$rdmux[0][6][14]$a$328 [0] $memory$auto$proc_rom.cc:155:do_switch$61$rdmux[0][6][14]$a$328 [0] $memory$auto$proc_rom.cc:155:do_switch$61$rdmux[0][6][14]$a$328 [0] 1'0 }
    Consolidated identical input bits for $mux cell $memory$auto$proc_rom.cc:155:do_switch$61$rdmux[0][7][27]$558:
      Old ports: A=9'000010010, B=9'000010101, Y=$memory$auto$proc_rom.cc:155:do_switch$61$rdmux[0][6][13]$b$326
      New ports: A=2'10, B=2'01, Y=$memory$auto$proc_rom.cc:155:do_switch$61$rdmux[0][6][13]$b$326 [1:0]
      New connections: $memory$auto$proc_rom.cc:155:do_switch$61$rdmux[0][6][13]$b$326 [8:2] = { 6'000010 $memory$auto$proc_rom.cc:155:do_switch$61$rdmux[0][6][13]$b$326 [0] }
    Consolidated identical input bits for $mux cell $memory$auto$proc_rom.cc:155:do_switch$61$rdmux[0][7][26]$555:
      Old ports: A=9'000001100, B=9'000001111, Y=$memory$auto$proc_rom.cc:155:do_switch$61$rdmux[0][6][13]$a$325
      New ports: A=1'0, B=1'1, Y=$memory$auto$proc_rom.cc:155:do_switch$61$rdmux[0][6][13]$a$325 [0]
      New connections: $memory$auto$proc_rom.cc:155:do_switch$61$rdmux[0][6][13]$a$325 [8:1] = { 7'0000011 $memory$auto$proc_rom.cc:155:do_switch$61$rdmux[0][6][13]$a$325 [0] }
    Consolidated identical input bits for $mux cell $memory$auto$proc_rom.cc:155:do_switch$61$rdmux[0][7][25]$552:
      Old ports: A=9'000000110, B=9'000001001, Y=$memory$auto$proc_rom.cc:155:do_switch$61$rdmux[0][6][12]$b$323
      New ports: A=2'10, B=2'01, Y=$memory$auto$proc_rom.cc:155:do_switch$61$rdmux[0][6][12]$b$323 [1:0]
      New connections: $memory$auto$proc_rom.cc:155:do_switch$61$rdmux[0][6][12]$b$323 [8:2] = { 5'00000 $memory$auto$proc_rom.cc:155:do_switch$61$rdmux[0][6][12]$b$323 [0] $memory$auto$proc_rom.cc:155:do_switch$61$rdmux[0][6][12]$b$323 [1] }
    Consolidated identical input bits for $mux cell $memory$auto$proc_rom.cc:155:do_switch$61$rdmux[0][7][24]$549:
      Old ports: A=9'000000000, B=9'000000011, Y=$memory$auto$proc_rom.cc:155:do_switch$61$rdmux[0][6][12]$a$322
      New ports: A=1'0, B=1'1, Y=$memory$auto$proc_rom.cc:155:do_switch$61$rdmux[0][6][12]$a$322 [0]
      New connections: $memory$auto$proc_rom.cc:155:do_switch$61$rdmux[0][6][12]$a$322 [8:1] = { 7'0000000 $memory$auto$proc_rom.cc:155:do_switch$61$rdmux[0][6][12]$a$322 [0] }
    Consolidated identical input bits for $mux cell $memory$auto$proc_rom.cc:155:do_switch$61$rdmux[0][7][23]$546:
      Old ports: A=9'111110100, B=9'111110010, Y=$memory$auto$proc_rom.cc:155:do_switch$61$rdmux[0][6][11]$b$320
      New ports: A=2'10, B=2'01, Y=$memory$auto$proc_rom.cc:155:do_switch$61$rdmux[0][6][11]$b$320 [2:1]
      New connections: { $memory$auto$proc_rom.cc:155:do_switch$61$rdmux[0][6][11]$b$320 [8:3] $memory$auto$proc_rom.cc:155:do_switch$61$rdmux[0][6][11]$b$320 [0] } = 7'1111100
    Consolidated identical input bits for $mux cell $memory$auto$proc_rom.cc:155:do_switch$61$rdmux[0][7][22]$543:
      Old ports: A=9'111111000, B=9'111110110, Y=$memory$auto$proc_rom.cc:155:do_switch$61$rdmux[0][6][11]$a$319
      New ports: A=2'10, B=2'01, Y={ $memory$auto$proc_rom.cc:155:do_switch$61$rdmux[0][6][11]$a$319 [3] $memory$auto$proc_rom.cc:155:do_switch$61$rdmux[0][6][11]$a$319 [1] }
      New connections: { $memory$auto$proc_rom.cc:155:do_switch$61$rdmux[0][6][11]$a$319 [8:4] $memory$auto$proc_rom.cc:155:do_switch$61$rdmux[0][6][11]$a$319 [2] $memory$auto$proc_rom.cc:155:do_switch$61$rdmux[0][6][11]$a$319 [0] } = { 5'11111 $memory$auto$proc_rom.cc:155:do_switch$61$rdmux[0][6][11]$a$319 [1] 1'0 }
    Consolidated identical input bits for $mux cell $memory$auto$proc_rom.cc:155:do_switch$61$rdmux[0][7][21]$540:
      Old ports: A=9'111111100, B=9'111111010, Y=$memory$auto$proc_rom.cc:155:do_switch$61$rdmux[0][6][10]$b$317
      New ports: A=2'10, B=2'01, Y=$memory$auto$proc_rom.cc:155:do_switch$61$rdmux[0][6][10]$b$317 [2:1]
      New connections: { $memory$auto$proc_rom.cc:155:do_switch$61$rdmux[0][6][10]$b$317 [8:3] $memory$auto$proc_rom.cc:155:do_switch$61$rdmux[0][6][10]$b$317 [0] } = 7'1111110
    Consolidated identical input bits for $mux cell $memory$auto$proc_rom.cc:155:do_switch$61$rdmux[0][7][20]$537:
      Old ports: A=9'000000000, B=9'111111110, Y=$memory$auto$proc_rom.cc:155:do_switch$61$rdmux[0][6][10]$a$316
      New ports: A=1'0, B=1'1, Y=$memory$auto$proc_rom.cc:155:do_switch$61$rdmux[0][6][10]$a$316 [1]
      New connections: { $memory$auto$proc_rom.cc:155:do_switch$61$rdmux[0][6][10]$a$316 [8:2] $memory$auto$proc_rom.cc:155:do_switch$61$rdmux[0][6][10]$a$316 [0] } = { $memory$auto$proc_rom.cc:155:do_switch$61$rdmux[0][6][10]$a$316 [1] $memory$auto$proc_rom.cc:155:do_switch$61$rdmux[0][6][10]$a$316 [1] $memory$auto$proc_rom.cc:155:do_switch$61$rdmux[0][6][10]$a$316 [1] $memory$auto$proc_rom.cc:155:do_switch$61$rdmux[0][6][10]$a$316 [1] $memory$auto$proc_rom.cc:155:do_switch$61$rdmux[0][6][10]$a$316 [1] $memory$auto$proc_rom.cc:155:do_switch$61$rdmux[0][6][10]$a$316 [1] $memory$auto$proc_rom.cc:155:do_switch$61$rdmux[0][6][10]$a$316 [1] 1'0 }
    Consolidated identical input bits for $mux cell $memory$auto$proc_rom.cc:155:do_switch$61$rdmux[0][7][19]$534:
      Old ports: A=9'000001100, B=9'000001110, Y=$memory$auto$proc_rom.cc:155:do_switch$61$rdmux[0][6][9]$b$314
      New ports: A=1'0, B=1'1, Y=$memory$auto$proc_rom.cc:155:do_switch$61$rdmux[0][6][9]$b$314 [1]
      New connections: { $memory$auto$proc_rom.cc:155:do_switch$61$rdmux[0][6][9]$b$314 [8:2] $memory$auto$proc_rom.cc:155:do_switch$61$rdmux[0][6][9]$b$314 [0] } = 8'00000110
    Consolidated identical input bits for $mux cell $memory$auto$proc_rom.cc:155:do_switch$61$rdmux[0][7][18]$531:
      Old ports: A=9'000001000, B=9'000001010, Y=$memory$auto$proc_rom.cc:155:do_switch$61$rdmux[0][6][9]$a$313
      New ports: A=1'0, B=1'1, Y=$memory$auto$proc_rom.cc:155:do_switch$61$rdmux[0][6][9]$a$313 [1]
      New connections: { $memory$auto$proc_rom.cc:155:do_switch$61$rdmux[0][6][9]$a$313 [8:2] $memory$auto$proc_rom.cc:155:do_switch$61$rdmux[0][6][9]$a$313 [0] } = 8'00000100
    Consolidated identical input bits for $mux cell $memory$auto$proc_rom.cc:155:do_switch$61$rdmux[0][7][17]$528:
      Old ports: A=9'000000100, B=9'000000110, Y=$memory$auto$proc_rom.cc:155:do_switch$61$rdmux[0][6][8]$b$311
      New ports: A=1'0, B=1'1, Y=$memory$auto$proc_rom.cc:155:do_switch$61$rdmux[0][6][8]$b$311 [1]
      New connections: { $memory$auto$proc_rom.cc:155:do_switch$61$rdmux[0][6][8]$b$311 [8:2] $memory$auto$proc_rom.cc:155:do_switch$61$rdmux[0][6][8]$b$311 [0] } = 8'00000010
    Consolidated identical input bits for $mux cell $memory$auto$proc_rom.cc:155:do_switch$61$rdmux[0][7][16]$525:
      Old ports: A=9'000000000, B=9'000000010, Y=$memory$auto$proc_rom.cc:155:do_switch$61$rdmux[0][6][8]$a$310
      New ports: A=1'0, B=1'1, Y=$memory$auto$proc_rom.cc:155:do_switch$61$rdmux[0][6][8]$a$310 [1]
      New connections: { $memory$auto$proc_rom.cc:155:do_switch$61$rdmux[0][6][8]$a$310 [8:2] $memory$auto$proc_rom.cc:155:do_switch$61$rdmux[0][6][8]$a$310 [0] } = 8'00000000
    Consolidated identical input bits for $mux cell $memory$auto$proc_rom.cc:155:do_switch$61$rdmux[0][7][15]$522:
      Old ports: A=9'111111010, B=9'111111001, Y=$memory$auto$proc_rom.cc:155:do_switch$61$rdmux[0][6][7]$b$308
      New ports: A=2'10, B=2'01, Y=$memory$auto$proc_rom.cc:155:do_switch$61$rdmux[0][6][7]$b$308 [1:0]
      New connections: $memory$auto$proc_rom.cc:155:do_switch$61$rdmux[0][6][7]$b$308 [8:2] = 7'1111110
    Consolidated identical input bits for $mux cell $memory$auto$proc_rom.cc:155:do_switch$61$rdmux[0][7][14]$519:
      Old ports: A=9'111111100, B=9'111111011, Y=$memory$auto$proc_rom.cc:155:do_switch$61$rdmux[0][6][7]$a$307
      New ports: A=2'10, B=2'01, Y={ $memory$auto$proc_rom.cc:155:do_switch$61$rdmux[0][6][7]$a$307 [2] $memory$auto$proc_rom.cc:155:do_switch$61$rdmux[0][6][7]$a$307 [0] }
      New connections: { $memory$auto$proc_rom.cc:155:do_switch$61$rdmux[0][6][7]$a$307 [8:3] $memory$auto$proc_rom.cc:155:do_switch$61$rdmux[0][6][7]$a$307 [1] } = { 6'111111 $memory$auto$proc_rom.cc:155:do_switch$61$rdmux[0][6][7]$a$307 [0] }
    Consolidated identical input bits for $mux cell $memory$auto$proc_rom.cc:155:do_switch$61$rdmux[0][7][13]$516:
      Old ports: A=9'111111110, B=9'111111101, Y=$memory$auto$proc_rom.cc:155:do_switch$61$rdmux[0][6][6]$b$305
      New ports: A=2'10, B=2'01, Y=$memory$auto$proc_rom.cc:155:do_switch$61$rdmux[0][6][6]$b$305 [1:0]
      New connections: $memory$auto$proc_rom.cc:155:do_switch$61$rdmux[0][6][6]$b$305 [8:2] = 7'1111111
    Consolidated identical input bits for $mux cell $memory$auto$proc_rom.cc:155:do_switch$61$rdmux[0][7][12]$513:
      Old ports: A=9'000000000, B=9'111111111, Y=$memory$auto$proc_rom.cc:155:do_switch$61$rdmux[0][6][6]$a$304
      New ports: A=1'0, B=1'1, Y=$memory$auto$proc_rom.cc:155:do_switch$61$rdmux[0][6][6]$a$304 [0]
      New connections: $memory$auto$proc_rom.cc:155:do_switch$61$rdmux[0][6][6]$a$304 [8:1] = { $memory$auto$proc_rom.cc:155:do_switch$61$rdmux[0][6][6]$a$304 [0] $memory$auto$proc_rom.cc:155:do_switch$61$rdmux[0][6][6]$a$304 [0] $memory$auto$proc_rom.cc:155:do_switch$61$rdmux[0][6][6]$a$304 [0] $memory$auto$proc_rom.cc:155:do_switch$61$rdmux[0][6][6]$a$304 [0] $memory$auto$proc_rom.cc:155:do_switch$61$rdmux[0][6][6]$a$304 [0] $memory$auto$proc_rom.cc:155:do_switch$61$rdmux[0][6][6]$a$304 [0] $memory$auto$proc_rom.cc:155:do_switch$61$rdmux[0][6][6]$a$304 [0] $memory$auto$proc_rom.cc:155:do_switch$61$rdmux[0][6][6]$a$304 [0] }
    Consolidated identical input bits for $mux cell $memory$auto$proc_rom.cc:155:do_switch$61$rdmux[0][7][11]$510:
      Old ports: A=9'000000110, B=9'000000111, Y=$memory$auto$proc_rom.cc:155:do_switch$61$rdmux[0][6][5]$b$302
      New ports: A=1'0, B=1'1, Y=$memory$auto$proc_rom.cc:155:do_switch$61$rdmux[0][6][5]$b$302 [0]
      New connections: $memory$auto$proc_rom.cc:155:do_switch$61$rdmux[0][6][5]$b$302 [8:1] = 8'00000011
    Consolidated identical input bits for $mux cell $memory$auto$proc_rom.cc:155:do_switch$61$rdmux[0][7][10]$507:
      Old ports: A=9'000000100, B=9'000000101, Y=$memory$auto$proc_rom.cc:155:do_switch$61$rdmux[0][6][5]$a$301
      New ports: A=1'0, B=1'1, Y=$memory$auto$proc_rom.cc:155:do_switch$61$rdmux[0][6][5]$a$301 [0]
      New connections: $memory$auto$proc_rom.cc:155:do_switch$61$rdmux[0][6][5]$a$301 [8:1] = 8'00000010
    Consolidated identical input bits for $mux cell $memory$auto$proc_rom.cc:155:do_switch$61$rdmux[0][7][9]$504:
      Old ports: A=9'000000010, B=9'000000011, Y=$memory$auto$proc_rom.cc:155:do_switch$61$rdmux[0][6][4]$b$299
      New ports: A=1'0, B=1'1, Y=$memory$auto$proc_rom.cc:155:do_switch$61$rdmux[0][6][4]$b$299 [0]
      New connections: $memory$auto$proc_rom.cc:155:do_switch$61$rdmux[0][6][4]$b$299 [8:1] = 8'00000001
    Consolidated identical input bits for $mux cell $memory$auto$proc_rom.cc:155:do_switch$61$rdmux[0][7][8]$501:
      Old ports: A=9'000000000, B=9'000000001, Y=$memory$auto$proc_rom.cc:155:do_switch$61$rdmux[0][6][4]$a$298
      New ports: A=1'0, B=1'1, Y=$memory$auto$proc_rom.cc:155:do_switch$61$rdmux[0][6][4]$a$298 [0]
      New connections: $memory$auto$proc_rom.cc:155:do_switch$61$rdmux[0][6][4]$a$298 [8:1] = 8'00000000
    Consolidated identical input bits for $mux cell $memory$auto$proc_rom.cc:155:do_switch$57$rdmux[0][5][13]$1758:
      Old ports: A=7'1010101, B=7'1010110, Y=$memory$auto$proc_rom.cc:155:do_switch$57$rdmux[0][4][6]$b$1691
      New ports: A=2'01, B=2'10, Y=$memory$auto$proc_rom.cc:155:do_switch$57$rdmux[0][4][6]$b$1691 [1:0]
      New connections: $memory$auto$proc_rom.cc:155:do_switch$57$rdmux[0][4][6]$b$1691 [6:2] = 5'10101
    Consolidated identical input bits for $mux cell $memory$auto$proc_rom.cc:155:do_switch$57$rdmux[0][4][9]$1698:
      Old ports: A=7'1011001, B=7'1011010, Y=$memory$auto$proc_rom.cc:155:do_switch$57$rdmux[0][3][4]$b$1661
      New ports: A=2'01, B=2'10, Y=$memory$auto$proc_rom.cc:155:do_switch$57$rdmux[0][3][4]$b$1661 [1:0]
      New connections: $memory$auto$proc_rom.cc:155:do_switch$57$rdmux[0][3][4]$b$1661 [6:2] = 5'10110
    Consolidated identical input bits for $mux cell $memory$auto$proc_rom.cc:155:do_switch$57$rdmux[0][5][15]$1764:
      Old ports: A=7'1010111, B=7'1011000, Y=$memory$auto$proc_rom.cc:155:do_switch$57$rdmux[0][4][7]$b$1694
      New ports: A=2'01, B=2'10, Y={ $memory$auto$proc_rom.cc:155:do_switch$57$rdmux[0][4][7]$b$1694 [3] $memory$auto$proc_rom.cc:155:do_switch$57$rdmux[0][4][7]$b$1694 [0] }
      New connections: { $memory$auto$proc_rom.cc:155:do_switch$57$rdmux[0][4][7]$b$1694 [6:4] $memory$auto$proc_rom.cc:155:do_switch$57$rdmux[0][4][7]$b$1694 [2:1] } = { 3'101 $memory$auto$proc_rom.cc:155:do_switch$57$rdmux[0][4][7]$b$1694 [0] $memory$auto$proc_rom.cc:155:do_switch$57$rdmux[0][4][7]$b$1694 [0] }
    Consolidated identical input bits for $mux cell $memory$auto$proc_rom.cc:155:do_switch$57$rdmux[0][5][11]$1752:
      Old ports: A=7'1010011, B=7'1010100, Y=$memory$auto$proc_rom.cc:155:do_switch$57$rdmux[0][4][5]$b$1688
      New ports: A=2'01, B=2'10, Y={ $memory$auto$proc_rom.cc:155:do_switch$57$rdmux[0][4][5]$b$1688 [2] $memory$auto$proc_rom.cc:155:do_switch$57$rdmux[0][4][5]$b$1688 [0] }
      New connections: { $memory$auto$proc_rom.cc:155:do_switch$57$rdmux[0][4][5]$b$1688 [6:3] $memory$auto$proc_rom.cc:155:do_switch$57$rdmux[0][4][5]$b$1688 [1] } = { 4'1010 $memory$auto$proc_rom.cc:155:do_switch$57$rdmux[0][4][5]$b$1688 [0] }
    Consolidated identical input bits for $mux cell $memory$auto$proc_rom.cc:155:do_switch$57$rdmux[0][6][42]$1941:
      Old ports: A=7'1011010, B=7'1011011, Y=$memory$auto$proc_rom.cc:155:do_switch$57$rdmux[0][5][21]$a$1783
      New ports: A=1'0, B=1'1, Y=$memory$auto$proc_rom.cc:155:do_switch$57$rdmux[0][5][21]$a$1783 [0]
      New connections: $memory$auto$proc_rom.cc:155:do_switch$57$rdmux[0][5][21]$a$1783 [6:1] = 6'101101
    Consolidated identical input bits for $mux cell $memory$auto$proc_rom.cc:155:do_switch$57$rdmux[0][6][49]$1962:
      Old ports: A=7'1011100, B=7'1111110, Y=$memory$auto$proc_rom.cc:155:do_switch$57$rdmux[0][5][24]$b$1793
      New ports: A=1'0, B=1'1, Y=$memory$auto$proc_rom.cc:155:do_switch$57$rdmux[0][5][24]$b$1793 [1]
      New connections: { $memory$auto$proc_rom.cc:155:do_switch$57$rdmux[0][5][24]$b$1793 [6:2] $memory$auto$proc_rom.cc:155:do_switch$57$rdmux[0][5][24]$b$1793 [0] } = { 1'1 $memory$auto$proc_rom.cc:155:do_switch$57$rdmux[0][5][24]$b$1793 [1] 4'1110 }
    Consolidated identical input bits for $mux cell $memory$auto$proc_rom.cc:155:do_switch$57$rdmux[0][6][34]$1917:
      Old ports: A=7'1011000, B=7'1011001, Y=$memory$auto$proc_rom.cc:155:do_switch$57$rdmux[0][5][17]$a$1771
      New ports: A=1'0, B=1'1, Y=$memory$auto$proc_rom.cc:155:do_switch$57$rdmux[0][5][17]$a$1771 [0]
      New connections: $memory$auto$proc_rom.cc:155:do_switch$57$rdmux[0][5][17]$a$1771 [6:1] = 6'101100
    Consolidated identical input bits for $mux cell $memory$auto$proc_rom.cc:155:do_switch$61$rdmux[0][7][127]$858:
      Old ports: A=9'000101010, B=9'000110001, Y=$memory$auto$proc_rom.cc:155:do_switch$61$rdmux[0][6][63]$b$476
      New ports: A=2'10, B=2'01, Y=$memory$auto$proc_rom.cc:155:do_switch$61$rdmux[0][6][63]$b$476 [1:0]
      New connections: $memory$auto$proc_rom.cc:155:do_switch$61$rdmux[0][6][63]$b$476 [8:2] = { 4'0001 $memory$auto$proc_rom.cc:155:do_switch$61$rdmux[0][6][63]$b$476 [0] $memory$auto$proc_rom.cc:155:do_switch$61$rdmux[0][6][63]$b$476 [1] 1'0 }
    Consolidated identical input bits for $mux cell $memory$auto$proc_rom.cc:155:do_switch$65$rdmux[0][7][127]$1623:
      Old ports: A=9'000101010, B=9'000110001, Y=$memory$auto$proc_rom.cc:155:do_switch$65$rdmux[0][6][63]$b$1241
      New ports: A=2'10, B=2'01, Y=$memory$auto$proc_rom.cc:155:do_switch$65$rdmux[0][6][63]$b$1241 [1:0]
      New connections: $memory$auto$proc_rom.cc:155:do_switch$65$rdmux[0][6][63]$b$1241 [8:2] = { 4'0001 $memory$auto$proc_rom.cc:155:do_switch$65$rdmux[0][6][63]$b$1241 [0] $memory$auto$proc_rom.cc:155:do_switch$65$rdmux[0][6][63]$b$1241 [1] 1'0 }
  Optimizing cells in module \ex251_semantic_int3_dot2_prodtable_qcase.
    Consolidated identical input bits for $mux cell $memory$auto$proc_rom.cc:155:do_switch$57$rdmux[0][5][24]$1791:
      Old ports: A=7'1011100, B=$memory$auto$proc_rom.cc:155:do_switch$57$rdmux[0][5][24]$b$1793, Y=$memory$auto$proc_rom.cc:155:do_switch$57$rdmux[0][4][12]$a$1708
      New ports: A=1'0, B=$memory$auto$proc_rom.cc:155:do_switch$57$rdmux[0][5][24]$b$1793 [1], Y=$memory$auto$proc_rom.cc:155:do_switch$57$rdmux[0][4][12]$a$1708 [1]
      New connections: { $memory$auto$proc_rom.cc:155:do_switch$57$rdmux[0][4][12]$a$1708 [6:2] $memory$auto$proc_rom.cc:155:do_switch$57$rdmux[0][4][12]$a$1708 [0] } = { 1'1 $memory$auto$proc_rom.cc:155:do_switch$57$rdmux[0][4][12]$a$1708 [1] 4'1110 }
    Consolidated identical input bits for $mux cell $memory$auto$proc_rom.cc:155:do_switch$57$rdmux[0][5][21]$1782:
      Old ports: A=$memory$auto$proc_rom.cc:155:do_switch$57$rdmux[0][5][21]$a$1783, B=7'1011011, Y=$memory$auto$proc_rom.cc:155:do_switch$57$rdmux[0][4][10]$b$1703
      New ports: A=$memory$auto$proc_rom.cc:155:do_switch$57$rdmux[0][5][21]$a$1783 [0], B=1'1, Y=$memory$auto$proc_rom.cc:155:do_switch$57$rdmux[0][4][10]$b$1703 [0]
      New connections: $memory$auto$proc_rom.cc:155:do_switch$57$rdmux[0][4][10]$b$1703 [6:1] = 6'101101
    Consolidated identical input bits for $mux cell $memory$auto$proc_rom.cc:155:do_switch$57$rdmux[0][5][12]$1755:
      Old ports: A=7'1010100, B=$memory$auto$proc_rom.cc:155:do_switch$57$rdmux[0][5][12]$b$1757, Y=$memory$auto$proc_rom.cc:155:do_switch$57$rdmux[0][4][6]$a$1690
      New ports: A=1'0, B=$memory$auto$proc_rom.cc:155:do_switch$57$rdmux[0][5][12]$b$1757 [0], Y=$memory$auto$proc_rom.cc:155:do_switch$57$rdmux[0][4][6]$a$1690 [0]
      New connections: $memory$auto$proc_rom.cc:155:do_switch$57$rdmux[0][4][6]$a$1690 [6:1] = 6'101010
    Consolidated identical input bits for $mux cell $memory$auto$proc_rom.cc:155:do_switch$65$rdmux[0][6][63]$1239:
      Old ports: A=$memory$auto$proc_rom.cc:155:do_switch$65$rdmux[0][6][63]$a$1240, B=$memory$auto$proc_rom.cc:155:do_switch$65$rdmux[0][6][63]$b$1241, Y=$memory$auto$proc_rom.cc:155:do_switch$65$rdmux[0][5][31]$b$1049
      New ports: A={ $memory$auto$proc_rom.cc:155:do_switch$65$rdmux[0][6][63]$a$1240 [0] $memory$auto$proc_rom.cc:155:do_switch$65$rdmux[0][6][63]$a$1240 [2] $memory$auto$proc_rom.cc:155:do_switch$65$rdmux[0][6][63]$a$1240 [2] $memory$auto$proc_rom.cc:155:do_switch$65$rdmux[0][6][63]$a$1240 [2] $memory$auto$proc_rom.cc:155:do_switch$65$rdmux[0][6][63]$a$1240 [0] $memory$auto$proc_rom.cc:155:do_switch$65$rdmux[0][6][63]$a$1240 [0] }, B={ 1'1 $memory$auto$proc_rom.cc:155:do_switch$65$rdmux[0][6][63]$b$1241 [0] $memory$auto$proc_rom.cc:155:do_switch$65$rdmux[0][6][63]$b$1241 [1] 1'0 $memory$auto$proc_rom.cc:155:do_switch$65$rdmux[0][6][63]$b$1241 [1:0] }, Y=$memory$auto$proc_rom.cc:155:do_switch$65$rdmux[0][5][31]$b$1049 [5:0]
      New connections: $memory$auto$proc_rom.cc:155:do_switch$65$rdmux[0][5][31]$b$1049 [8:6] = 3'000
    Consolidated identical input bits for $mux cell $memory$auto$proc_rom.cc:155:do_switch$65$rdmux[0][6][62]$1236:
      Old ports: A=$memory$auto$proc_rom.cc:155:do_switch$65$rdmux[0][6][62]$a$1237, B=$memory$auto$proc_rom.cc:155:do_switch$65$rdmux[0][6][62]$b$1238, Y=$memory$auto$proc_rom.cc:155:do_switch$65$rdmux[0][5][31]$a$1048
      New ports: A={ 2'00 $memory$auto$proc_rom.cc:155:do_switch$65$rdmux[0][6][62]$a$1237 [0] $memory$auto$proc_rom.cc:155:do_switch$65$rdmux[0][6][62]$a$1237 [0] $memory$auto$proc_rom.cc:155:do_switch$65$rdmux[0][6][62]$a$1237 [0] }, B={ $memory$auto$proc_rom.cc:155:do_switch$65$rdmux[0][6][62]$b$1238 [0] $memory$auto$proc_rom.cc:155:do_switch$65$rdmux[0][6][62]$b$1238 [1] 1'1 $memory$auto$proc_rom.cc:155:do_switch$65$rdmux[0][6][62]$b$1238 [1:0] }, Y=$memory$auto$proc_rom.cc:155:do_switch$65$rdmux[0][5][31]$a$1048 [4:0]
      New connections: $memory$auto$proc_rom.cc:155:do_switch$65$rdmux[0][5][31]$a$1048 [8:5] = 4'0000
    Consolidated identical input bits for $mux cell $memory$auto$proc_rom.cc:155:do_switch$65$rdmux[0][6][61]$1233:
      Old ports: A=$memory$auto$proc_rom.cc:155:do_switch$65$rdmux[0][6][61]$a$1234, B=$memory$auto$proc_rom.cc:155:do_switch$65$rdmux[0][6][61]$b$1235, Y=$memory$auto$proc_rom.cc:155:do_switch$65$rdmux[0][5][30]$b$1046
      New ports: A={ $memory$auto$proc_rom.cc:155:do_switch$65$rdmux[0][6][61]$a$1234 [5] $memory$auto$proc_rom.cc:155:do_switch$65$rdmux[0][6][61]$a$1234 [0] 1'0 $memory$auto$proc_rom.cc:155:do_switch$65$rdmux[0][6][61]$a$1234 [0] }, B={ 1'0 $memory$auto$proc_rom.cc:155:do_switch$65$rdmux[0][6][61]$b$1235 [4] 1'1 $memory$auto$proc_rom.cc:155:do_switch$65$rdmux[0][6][61]$b$1235 [0] }, Y={ $memory$auto$proc_rom.cc:155:do_switch$65$rdmux[0][5][30]$b$1046 [5:4] $memory$auto$proc_rom.cc:155:do_switch$65$rdmux[0][5][30]$b$1046 [1:0] }
      New connections: { $memory$auto$proc_rom.cc:155:do_switch$65$rdmux[0][5][30]$b$1046 [8:6] $memory$auto$proc_rom.cc:155:do_switch$65$rdmux[0][5][30]$b$1046 [3:2] } = { 3'111 $memory$auto$proc_rom.cc:155:do_switch$65$rdmux[0][5][30]$b$1046 [0] 1'1 }
    Consolidated identical input bits for $mux cell $memory$auto$proc_rom.cc:155:do_switch$65$rdmux[0][6][60]$1230:
      Old ports: A=$memory$auto$proc_rom.cc:155:do_switch$65$rdmux[0][6][60]$a$1231, B=$memory$auto$proc_rom.cc:155:do_switch$65$rdmux[0][6][60]$b$1232, Y=$memory$auto$proc_rom.cc:155:do_switch$65$rdmux[0][5][30]$a$1045
      New ports: A={ $memory$auto$proc_rom.cc:155:do_switch$65$rdmux[0][6][60]$a$1231 [0] $memory$auto$proc_rom.cc:155:do_switch$65$rdmux[0][6][60]$a$1231 [0] 1'0 $memory$auto$proc_rom.cc:155:do_switch$65$rdmux[0][6][60]$a$1231 [0] }, B={ 1'1 $memory$auto$proc_rom.cc:155:do_switch$65$rdmux[0][6][60]$b$1232 [4] 1'1 $memory$auto$proc_rom.cc:155:do_switch$65$rdmux[0][6][60]$b$1232 [0] }, Y={ $memory$auto$proc_rom.cc:155:do_switch$65$rdmux[0][5][30]$a$1045 [5:4] $memory$auto$proc_rom.cc:155:do_switch$65$rdmux[0][5][30]$a$1045 [1:0] }
      New connections: { $memory$auto$proc_rom.cc:155:do_switch$65$rdmux[0][5][30]$a$1045 [8:6] $memory$auto$proc_rom.cc:155:do_switch$65$rdmux[0][5][30]$a$1045 [3:2] } = { $memory$auto$proc_rom.cc:155:do_switch$65$rdmux[0][5][30]$a$1045 [5] $memory$auto$proc_rom.cc:155:do_switch$65$rdmux[0][5][30]$a$1045 [5] $memory$auto$proc_rom.cc:155:do_switch$65$rdmux[0][5][30]$a$1045 [5] $memory$auto$proc_rom.cc:155:do_switch$65$rdmux[0][5][30]$a$1045 [0] 1'0 }
    Consolidated identical input bits for $mux cell $memory$auto$proc_rom.cc:155:do_switch$65$rdmux[0][6][59]$1227:
      Old ports: A=$memory$auto$proc_rom.cc:155:do_switch$65$rdmux[0][6][59]$a$1228, B=$memory$auto$proc_rom.cc:155:do_switch$65$rdmux[0][6][59]$b$1229, Y=$memory$auto$proc_rom.cc:155:do_switch$65$rdmux[0][5][29]$b$1043
      New ports: A={ 3'011 $memory$auto$proc_rom.cc:155:do_switch$65$rdmux[0][6][59]$a$1228 [1] $memory$auto$proc_rom.cc:155:do_switch$65$rdmux[0][6][59]$a$1228 [1] }, B={ 2'10 $memory$auto$proc_rom.cc:155:do_switch$65$rdmux[0][6][59]$b$1229 [1] $memory$auto$proc_rom.cc:155:do_switch$65$rdmux[0][6][59]$b$1229 [2:1] }, Y=$memory$auto$proc_rom.cc:155:do_switch$65$rdmux[0][5][29]$b$1043 [5:1]
      New connections: { $memory$auto$proc_rom.cc:155:do_switch$65$rdmux[0][5][29]$b$1043 [8:6] $memory$auto$proc_rom.cc:155:do_switch$65$rdmux[0][5][29]$b$1043 [0] } = 4'0000
    Consolidated identical input bits for $mux cell $memory$auto$proc_rom.cc:155:do_switch$65$rdmux[0][6][58]$1224:
      Old ports: A=$memory$auto$proc_rom.cc:155:do_switch$65$rdmux[0][6][58]$a$1225, B=$memory$auto$proc_rom.cc:155:do_switch$65$rdmux[0][6][58]$b$1226, Y=$memory$auto$proc_rom.cc:155:do_switch$65$rdmux[0][5][29]$a$1042
      New ports: A={ 2'00 $memory$auto$proc_rom.cc:155:do_switch$65$rdmux[0][6][58]$a$1225 [1] $memory$auto$proc_rom.cc:155:do_switch$65$rdmux[0][6][58]$a$1225 [1] }, B={ $memory$auto$proc_rom.cc:155:do_switch$65$rdmux[0][6][58]$b$1226 [1] $memory$auto$proc_rom.cc:155:do_switch$65$rdmux[0][6][58]$b$1226 [2] $memory$auto$proc_rom.cc:155:do_switch$65$rdmux[0][6][58]$b$1226 [2:1] }, Y=$memory$auto$proc_rom.cc:155:do_switch$65$rdmux[0][5][29]$a$1042 [4:1]
      New connections: { $memory$auto$proc_rom.cc:155:do_switch$65$rdmux[0][5][29]$a$1042 [8:5] $memory$auto$proc_rom.cc:155:do_switch$65$rdmux[0][5][29]$a$1042 [0] } = 5'00000
    Consolidated identical input bits for $mux cell $memory$auto$proc_rom.cc:155:do_switch$65$rdmux[0][6][57]$1221:
      Old ports: A=$memory$auto$proc_rom.cc:155:do_switch$65$rdmux[0][6][57]$a$1222, B=$memory$auto$proc_rom.cc:155:do_switch$65$rdmux[0][6][57]$b$1223, Y=$memory$auto$proc_rom.cc:155:do_switch$65$rdmux[0][5][28]$b$1040
      New ports: A={ 1'1 $memory$auto$proc_rom.cc:155:do_switch$65$rdmux[0][6][57]$a$1222 [3] 1'0 $memory$auto$proc_rom.cc:155:do_switch$65$rdmux[0][6][57]$a$1222 [1] }, B={ 1'0 $memory$auto$proc_rom.cc:155:do_switch$65$rdmux[0][6][57]$b$1223 [3] 1'1 $memory$auto$proc_rom.cc:155:do_switch$65$rdmux[0][6][57]$b$1223 [1] }, Y={ $memory$auto$proc_rom.cc:155:do_switch$65$rdmux[0][5][28]$b$1040 [5] $memory$auto$proc_rom.cc:155:do_switch$65$rdmux[0][5][28]$b$1040 [3:1] }
      New connections: { $memory$auto$proc_rom.cc:155:do_switch$65$rdmux[0][5][28]$b$1040 [8:6] $memory$auto$proc_rom.cc:155:do_switch$65$rdmux[0][5][28]$b$1040 [4] $memory$auto$proc_rom.cc:155:do_switch$65$rdmux[0][5][28]$b$1040 [0] } = { 3'111 $memory$auto$proc_rom.cc:155:do_switch$65$rdmux[0][5][28]$b$1040 [2] 1'0 }
    Consolidated identical input bits for $mux cell $memory$auto$proc_rom.cc:155:do_switch$65$rdmux[0][6][56]$1218:
      Old ports: A=$memory$auto$proc_rom.cc:155:do_switch$65$rdmux[0][6][56]$a$1219, B=$memory$auto$proc_rom.cc:155:do_switch$65$rdmux[0][6][56]$b$1220, Y=$memory$auto$proc_rom.cc:155:do_switch$65$rdmux[0][5][28]$a$1039
      New ports: A={ $memory$auto$proc_rom.cc:155:do_switch$65$rdmux[0][6][56]$a$1219 [1] $memory$auto$proc_rom.cc:155:do_switch$65$rdmux[0][6][56]$a$1219 [1] 1'0 $memory$auto$proc_rom.cc:155:do_switch$65$rdmux[0][6][56]$a$1219 [1] }, B={ 1'1 $memory$auto$proc_rom.cc:155:do_switch$65$rdmux[0][6][56]$b$1220 [4] 1'1 $memory$auto$proc_rom.cc:155:do_switch$65$rdmux[0][6][56]$b$1220 [1] }, Y={ $memory$auto$proc_rom.cc:155:do_switch$65$rdmux[0][5][28]$a$1039 [5:4] $memory$auto$proc_rom.cc:155:do_switch$65$rdmux[0][5][28]$a$1039 [2:1] }
      New connections: { $memory$auto$proc_rom.cc:155:do_switch$65$rdmux[0][5][28]$a$1039 [8:6] $memory$auto$proc_rom.cc:155:do_switch$65$rdmux[0][5][28]$a$1039 [3] $memory$auto$proc_rom.cc:155:do_switch$65$rdmux[0][5][28]$a$1039 [0] } = { $memory$auto$proc_rom.cc:155:do_switch$65$rdmux[0][5][28]$a$1039 [5] $memory$auto$proc_rom.cc:155:do_switch$65$rdmux[0][5][28]$a$1039 [5] $memory$auto$proc_rom.cc:155:do_switch$65$rdmux[0][5][28]$a$1039 [5] $memory$auto$proc_rom.cc:155:do_switch$65$rdmux[0][5][28]$a$1039 [1] 1'0 }
    Consolidated identical input bits for $mux cell $memory$auto$proc_rom.cc:155:do_switch$65$rdmux[0][6][55]$1215:
      Old ports: A=$memory$auto$proc_rom.cc:155:do_switch$65$rdmux[0][6][55]$a$1216, B=$memory$auto$proc_rom.cc:155:do_switch$65$rdmux[0][6][55]$b$1217, Y=$memory$auto$proc_rom.cc:155:do_switch$65$rdmux[0][5][27]$b$1037
      New ports: A={ 2'01 $memory$auto$proc_rom.cc:155:do_switch$65$rdmux[0][6][55]$a$1216 [0] $memory$auto$proc_rom.cc:155:do_switch$65$rdmux[0][6][55]$a$1216 [2] 1'0 $memory$auto$proc_rom.cc:155:do_switch$65$rdmux[0][6][55]$a$1216 [0] }, B={ $memory$auto$proc_rom.cc:155:do_switch$65$rdmux[0][6][55]$b$1217 [0] $memory$auto$proc_rom.cc:155:do_switch$65$rdmux[0][6][55]$b$1217 [2] $memory$auto$proc_rom.cc:155:do_switch$65$rdmux[0][6][55]$b$1217 [2] $memory$auto$proc_rom.cc:155:do_switch$65$rdmux[0][6][55]$b$1217 [2] 1'1 $memory$auto$proc_rom.cc:155:do_switch$65$rdmux[0][6][55]$b$1217 [0] }, Y=$memory$auto$proc_rom.cc:155:do_switch$65$rdmux[0][5][27]$b$1037 [5:0]
      New connections: $memory$auto$proc_rom.cc:155:do_switch$65$rdmux[0][5][27]$b$1037 [8:6] = 3'000
    Consolidated identical input bits for $mux cell $memory$auto$proc_rom.cc:155:do_switch$65$rdmux[0][6][54]$1212:
      Old ports: A=$memory$auto$proc_rom.cc:155:do_switch$65$rdmux[0][6][54]$a$1213, B=$memory$auto$proc_rom.cc:155:do_switch$65$rdmux[0][6][54]$b$1214, Y=$memory$auto$proc_rom.cc:155:do_switch$65$rdmux[0][5][27]$a$1036
      New ports: A={ 1'0 $memory$auto$proc_rom.cc:155:do_switch$65$rdmux[0][6][54]$a$1213 [0] }, B={ 1'1 $memory$auto$proc_rom.cc:155:do_switch$65$rdmux[0][6][54]$b$1214 [0] }, Y=$memory$auto$proc_rom.cc:155:do_switch$65$rdmux[0][5][27]$a$1036 [1:0]
      New connections: $memory$auto$proc_rom.cc:155:do_switch$65$rdmux[0][5][27]$a$1036 [8:2] = { 5'00000 $memory$auto$proc_rom.cc:155:do_switch$65$rdmux[0][5][27]$a$1036 [1:0] }
    Consolidated identical input bits for $mux cell $memory$auto$proc_rom.cc:155:do_switch$65$rdmux[0][6][53]$1209:
      Old ports: A=$memory$auto$proc_rom.cc:155:do_switch$65$rdmux[0][6][53]$a$1210, B=$memory$auto$proc_rom.cc:155:do_switch$65$rdmux[0][6][53]$b$1211, Y=$memory$auto$proc_rom.cc:155:do_switch$65$rdmux[0][5][26]$b$1034
      New ports: A={ 2'10 $memory$auto$proc_rom.cc:155:do_switch$65$rdmux[0][6][53]$a$1210 [3] 1'1 $memory$auto$proc_rom.cc:155:do_switch$65$rdmux[0][6][53]$a$1210 [0] $memory$auto$proc_rom.cc:155:do_switch$65$rdmux[0][6][53]$a$1210 [0] }, B={ $memory$auto$proc_rom.cc:155:do_switch$65$rdmux[0][6][53]$b$1211 [1:0] $memory$auto$proc_rom.cc:155:do_switch$65$rdmux[0][6][53]$b$1211 [0] $memory$auto$proc_rom.cc:155:do_switch$65$rdmux[0][6][53]$b$1211 [0] $memory$auto$proc_rom.cc:155:do_switch$65$rdmux[0][6][53]$b$1211 [1:0] }, Y=$memory$auto$proc_rom.cc:155:do_switch$65$rdmux[0][5][26]$b$1034 [5:0]
      New connections: $memory$auto$proc_rom.cc:155:do_switch$65$rdmux[0][5][26]$b$1034 [8:6] = 3'111
    Consolidated identical input bits for $mux cell $memory$auto$proc_rom.cc:155:do_switch$65$rdmux[0][6][52]$1206:
      Old ports: A=$memory$auto$proc_rom.cc:155:do_switch$65$rdmux[0][6][52]$a$1207, B=$memory$auto$proc_rom.cc:155:do_switch$65$rdmux[0][6][52]$b$1208, Y=$memory$auto$proc_rom.cc:155:do_switch$65$rdmux[0][5][26]$a$1033
      New ports: A={ $memory$auto$proc_rom.cc:155:do_switch$65$rdmux[0][6][52]$a$1207 [0] $memory$auto$proc_rom.cc:155:do_switch$65$rdmux[0][6][52]$a$1207 [0] 1'0 $memory$auto$proc_rom.cc:155:do_switch$65$rdmux[0][6][52]$a$1207 [0] $memory$auto$proc_rom.cc:155:do_switch$65$rdmux[0][6][52]$a$1207 [0] }, B={ 2'10 $memory$auto$proc_rom.cc:155:do_switch$65$rdmux[0][6][52]$b$1208 [1] $memory$auto$proc_rom.cc:155:do_switch$65$rdmux[0][6][52]$b$1208 [1:0] }, Y=$memory$auto$proc_rom.cc:155:do_switch$65$rdmux[0][5][26]$a$1033 [4:0]
      New connections: $memory$auto$proc_rom.cc:155:do_switch$65$rdmux[0][5][26]$a$1033 [8:5] = { $memory$auto$proc_rom.cc:155:do_switch$65$rdmux[0][5][26]$a$1033 [4] $memory$auto$proc_rom.cc:155:do_switch$65$rdmux[0][5][26]$a$1033 [4] $memory$auto$proc_rom.cc:155:do_switch$65$rdmux[0][5][26]$a$1033 [4] $memory$auto$proc_rom.cc:155:do_switch$65$rdmux[0][5][26]$a$1033 [4] }
    Consolidated identical input bits for $mux cell $memory$auto$proc_rom.cc:155:do_switch$65$rdmux[0][6][51]$1203:
      Old ports: A=$memory$auto$proc_rom.cc:155:do_switch$65$rdmux[0][6][51]$a$1204, B=$memory$auto$proc_rom.cc:155:do_switch$65$rdmux[0][6][51]$b$1205, Y=$memory$auto$proc_rom.cc:155:do_switch$65$rdmux[0][5][25]$b$1031
      New ports: A={ 1'0 $memory$auto$proc_rom.cc:155:do_switch$65$rdmux[0][6][51]$a$1204 [2] }, B={ 1'1 $memory$auto$proc_rom.cc:155:do_switch$65$rdmux[0][6][51]$b$1205 [2] }, Y=$memory$auto$proc_rom.cc:155:do_switch$65$rdmux[0][5][25]$b$1031 [3:2]
      New connections: { $memory$auto$proc_rom.cc:155:do_switch$65$rdmux[0][5][25]$b$1031 [8:4] $memory$auto$proc_rom.cc:155:do_switch$65$rdmux[0][5][25]$b$1031 [1:0] } = 7'0000100
    Consolidated identical input bits for $mux cell $memory$auto$proc_rom.cc:155:do_switch$65$rdmux[0][6][50]$1200:
      Old ports: A=$memory$auto$proc_rom.cc:155:do_switch$65$rdmux[0][6][50]$a$1201, B=$memory$auto$proc_rom.cc:155:do_switch$65$rdmux[0][6][50]$b$1202, Y=$memory$auto$proc_rom.cc:155:do_switch$65$rdmux[0][5][25]$a$1030
      New ports: A={ 1'0 $memory$auto$proc_rom.cc:155:do_switch$65$rdmux[0][6][50]$a$1201 [2] }, B={ 1'1 $memory$auto$proc_rom.cc:155:do_switch$65$rdmux[0][6][50]$b$1202 [2] }, Y=$memory$auto$proc_rom.cc:155:do_switch$65$rdmux[0][5][25]$a$1030 [3:2]
      New connections: { $memory$auto$proc_rom.cc:155:do_switch$65$rdmux[0][5][25]$a$1030 [8:4] $memory$auto$proc_rom.cc:155:do_switch$65$rdmux[0][5][25]$a$1030 [1:0] } = 7'0000000
    Consolidated identical input bits for $mux cell $memory$auto$proc_rom.cc:155:do_switch$65$rdmux[0][6][49]$1197:
      Old ports: A=$memory$auto$proc_rom.cc:155:do_switch$65$rdmux[0][6][49]$a$1198, B=$memory$auto$proc_rom.cc:155:do_switch$65$rdmux[0][6][49]$b$1199, Y=$memory$auto$proc_rom.cc:155:do_switch$65$rdmux[0][5][24]$b$1028
      New ports: A={ $memory$auto$proc_rom.cc:155:do_switch$65$rdmux[0][6][49]$a$1198 [4] $memory$auto$proc_rom.cc:155:do_switch$65$rdmux[0][6][49]$a$1198 [2] $memory$auto$proc_rom.cc:155:do_switch$65$rdmux[0][6][49]$a$1198 [2] }, B={ 1'0 $memory$auto$proc_rom.cc:155:do_switch$65$rdmux[0][6][49]$b$1199 [3:2] }, Y=$memory$auto$proc_rom.cc:155:do_switch$65$rdmux[0][5][24]$b$1028 [4:2]
      New connections: { $memory$auto$proc_rom.cc:155:do_switch$65$rdmux[0][5][24]$b$1028 [8:5] $memory$auto$proc_rom.cc:155:do_switch$65$rdmux[0][5][24]$b$1028 [1:0] } = 6'111100
    Consolidated identical input bits for $mux cell $memory$auto$proc_rom.cc:155:do_switch$65$rdmux[0][6][48]$1194:
      Old ports: A=$memory$auto$proc_rom.cc:155:do_switch$65$rdmux[0][6][48]$a$1195, B=$memory$auto$proc_rom.cc:155:do_switch$65$rdmux[0][6][48]$b$1196, Y=$memory$auto$proc_rom.cc:155:do_switch$65$rdmux[0][5][24]$a$1027
      New ports: A={ $memory$auto$proc_rom.cc:155:do_switch$65$rdmux[0][6][48]$a$1195 [2] $memory$auto$proc_rom.cc:155:do_switch$65$rdmux[0][6][48]$a$1195 [2] $memory$auto$proc_rom.cc:155:do_switch$65$rdmux[0][6][48]$a$1195 [2] }, B={ 1'1 $memory$auto$proc_rom.cc:155:do_switch$65$rdmux[0][6][48]$b$1196 [3:2] }, Y=$memory$auto$proc_rom.cc:155:do_switch$65$rdmux[0][5][24]$a$1027 [4:2]
      New connections: { $memory$auto$proc_rom.cc:155:do_switch$65$rdmux[0][5][24]$a$1027 [8:5] $memory$auto$proc_rom.cc:155:do_switch$65$rdmux[0][5][24]$a$1027 [1:0] } = { $memory$auto$proc_rom.cc:155:do_switch$65$rdmux[0][5][24]$a$1027 [4] $memory$auto$proc_rom.cc:155:do_switch$65$rdmux[0][5][24]$a$1027 [4] $memory$auto$proc_rom.cc:155:do_switch$65$rdmux[0][5][24]$a$1027 [4] $memory$auto$proc_rom.cc:155:do_switch$65$rdmux[0][5][24]$a$1027 [4] 2'00 }
    Consolidated identical input bits for $mux cell $memory$auto$proc_rom.cc:155:do_switch$65$rdmux[0][6][47]$1191:
      Old ports: A=$memory$auto$proc_rom.cc:155:do_switch$65$rdmux[0][6][47]$a$1192, B=$memory$auto$proc_rom.cc:155:do_switch$65$rdmux[0][6][47]$b$1193, Y=$memory$auto$proc_rom.cc:155:do_switch$65$rdmux[0][5][23]$b$1025
      New ports: A={ 3'011 $memory$auto$proc_rom.cc:155:do_switch$65$rdmux[0][6][47]$a$1192 [0] $memory$auto$proc_rom.cc:155:do_switch$65$rdmux[0][6][47]$a$1192 [0] }, B={ 2'10 $memory$auto$proc_rom.cc:155:do_switch$65$rdmux[0][6][47]$b$1193 [0] $memory$auto$proc_rom.cc:155:do_switch$65$rdmux[0][6][47]$b$1193 [1:0] }, Y=$memory$auto$proc_rom.cc:155:do_switch$65$rdmux[0][5][23]$b$1025 [4:0]
      New connections: $memory$auto$proc_rom.cc:155:do_switch$65$rdmux[0][5][23]$b$1025 [8:5] = 4'0000
    Consolidated identical input bits for $mux cell $memory$auto$proc_rom.cc:155:do_switch$65$rdmux[0][6][46]$1188:
      Old ports: A=$memory$auto$proc_rom.cc:155:do_switch$65$rdmux[0][6][46]$a$1189, B=$memory$auto$proc_rom.cc:155:do_switch$65$rdmux[0][6][46]$b$1190, Y=$memory$auto$proc_rom.cc:155:do_switch$65$rdmux[0][5][23]$a$1024
      New ports: A={ 2'00 $memory$auto$proc_rom.cc:155:do_switch$65$rdmux[0][6][46]$a$1189 [0] $memory$auto$proc_rom.cc:155:do_switch$65$rdmux[0][6][46]$a$1189 [0] }, B={ $memory$auto$proc_rom.cc:155:do_switch$65$rdmux[0][6][46]$b$1190 [0] $memory$auto$proc_rom.cc:155:do_switch$65$rdmux[0][6][46]$b$1190 [1] $memory$auto$proc_rom.cc:155:do_switch$65$rdmux[0][6][46]$b$1190 [1:0] }, Y=$memory$auto$proc_rom.cc:155:do_switch$65$rdmux[0][5][23]$a$1024 [3:0]
      New connections: $memory$auto$proc_rom.cc:155:do_switch$65$rdmux[0][5][23]$a$1024 [8:4] = 5'00000
    Consolidated identical input bits for $mux cell $memory$auto$proc_rom.cc:155:do_switch$65$rdmux[0][6][45]$1185:
      Old ports: A=$memory$auto$proc_rom.cc:155:do_switch$65$rdmux[0][6][45]$a$1186, B=$memory$auto$proc_rom.cc:155:do_switch$65$rdmux[0][6][45]$b$1187, Y=$memory$auto$proc_rom.cc:155:do_switch$65$rdmux[0][5][22]$b$1022
      New ports: A={ 1'1 $memory$auto$proc_rom.cc:155:do_switch$65$rdmux[0][6][45]$a$1186 [2] 1'0 $memory$auto$proc_rom.cc:155:do_switch$65$rdmux[0][6][45]$a$1186 [0] }, B={ 1'0 $memory$auto$proc_rom.cc:155:do_switch$65$rdmux[0][6][45]$b$1187 [2] 1'1 $memory$auto$proc_rom.cc:155:do_switch$65$rdmux[0][6][45]$b$1187 [0] }, Y={ $memory$auto$proc_rom.cc:155:do_switch$65$rdmux[0][5][22]$b$1022 [4] $memory$auto$proc_rom.cc:155:do_switch$65$rdmux[0][5][22]$b$1022 [2:0] }
      New connections: { $memory$auto$proc_rom.cc:155:do_switch$65$rdmux[0][5][22]$b$1022 [8:5] $memory$auto$proc_rom.cc:155:do_switch$65$rdmux[0][5][22]$b$1022 [3] } = { 4'1111 $memory$auto$proc_rom.cc:155:do_switch$65$rdmux[0][5][22]$b$1022 [1] }
    Consolidated identical input bits for $mux cell $memory$auto$proc_rom.cc:155:do_switch$65$rdmux[0][6][44]$1182:
      Old ports: A=$memory$auto$proc_rom.cc:155:do_switch$65$rdmux[0][6][44]$a$1183, B=$memory$auto$proc_rom.cc:155:do_switch$65$rdmux[0][6][44]$b$1184, Y=$memory$auto$proc_rom.cc:155:do_switch$65$rdmux[0][5][22]$a$1021
      New ports: A={ $memory$auto$proc_rom.cc:155:do_switch$65$rdmux[0][6][44]$a$1183 [0] $memory$auto$proc_rom.cc:155:do_switch$65$rdmux[0][6][44]$a$1183 [0] 1'0 $memory$auto$proc_rom.cc:155:do_switch$65$rdmux[0][6][44]$a$1183 [0] }, B={ 1'1 $memory$auto$proc_rom.cc:155:do_switch$65$rdmux[0][6][44]$b$1184 [3] 1'1 $memory$auto$proc_rom.cc:155:do_switch$65$rdmux[0][6][44]$b$1184 [0] }, Y={ $memory$auto$proc_rom.cc:155:do_switch$65$rdmux[0][5][22]$a$1021 [4:3] $memory$auto$proc_rom.cc:155:do_switch$65$rdmux[0][5][22]$a$1021 [1:0] }
      New connections: { $memory$auto$proc_rom.cc:155:do_switch$65$rdmux[0][5][22]$a$1021 [8:5] $memory$auto$proc_rom.cc:155:do_switch$65$rdmux[0][5][22]$a$1021 [2] } = { $memory$auto$proc_rom.cc:155:do_switch$65$rdmux[0][5][22]$a$1021 [4] $memory$auto$proc_rom.cc:155:do_switch$65$rdmux[0][5][22]$a$1021 [4] $memory$auto$proc_rom.cc:155:do_switch$65$rdmux[0][5][22]$a$1021 [4] $memory$auto$proc_rom.cc:155:do_switch$65$rdmux[0][5][22]$a$1021 [4] $memory$auto$proc_rom.cc:155:do_switch$65$rdmux[0][5][22]$a$1021 [0] }
    Consolidated identical input bits for $mux cell $memory$auto$proc_rom.cc:155:do_switch$65$rdmux[0][6][43]$1179:
      Old ports: A=$memory$auto$proc_rom.cc:155:do_switch$65$rdmux[0][6][43]$a$1180, B=$memory$auto$proc_rom.cc:155:do_switch$65$rdmux[0][6][43]$b$1181, Y=$memory$auto$proc_rom.cc:155:do_switch$65$rdmux[0][5][21]$b$1019
      New ports: A={ 1'0 $memory$auto$proc_rom.cc:155:do_switch$65$rdmux[0][6][43]$a$1180 [1] }, B={ 1'1 $memory$auto$proc_rom.cc:155:do_switch$65$rdmux[0][6][43]$b$1181 [1] }, Y=$memory$auto$proc_rom.cc:155:do_switch$65$rdmux[0][5][21]$b$1019 [2:1]
      New connections: { $memory$auto$proc_rom.cc:155:do_switch$65$rdmux[0][5][21]$b$1019 [8:3] $memory$auto$proc_rom.cc:155:do_switch$65$rdmux[0][5][21]$b$1019 [0] } = 7'0000010
    Consolidated identical input bits for $mux cell $memory$auto$proc_rom.cc:155:do_switch$65$rdmux[0][6][42]$1176:
      Old ports: A=$memory$auto$proc_rom.cc:155:do_switch$65$rdmux[0][6][42]$a$1177, B=$memory$auto$proc_rom.cc:155:do_switch$65$rdmux[0][6][42]$b$1178, Y=$memory$auto$proc_rom.cc:155:do_switch$65$rdmux[0][5][21]$a$1018
      New ports: A={ 1'0 $memory$auto$proc_rom.cc:155:do_switch$65$rdmux[0][6][42]$a$1177 [1] }, B={ 1'1 $memory$auto$proc_rom.cc:155:do_switch$65$rdmux[0][6][42]$b$1178 [1] }, Y=$memory$auto$proc_rom.cc:155:do_switch$65$rdmux[0][5][21]$a$1018 [2:1]
      New connections: { $memory$auto$proc_rom.cc:155:do_switch$65$rdmux[0][5][21]$a$1018 [8:3] $memory$auto$proc_rom.cc:155:do_switch$65$rdmux[0][5][21]$a$1018 [0] } = 7'0000000
    Consolidated identical input bits for $mux cell $memory$auto$proc_rom.cc:155:do_switch$65$rdmux[0][6][41]$1173:
      Old ports: A=$memory$auto$proc_rom.cc:155:do_switch$65$rdmux[0][6][41]$a$1174, B=$memory$auto$proc_rom.cc:155:do_switch$65$rdmux[0][6][41]$b$1175, Y=$memory$auto$proc_rom.cc:155:do_switch$65$rdmux[0][5][20]$b$1016
      New ports: A={ $memory$auto$proc_rom.cc:155:do_switch$65$rdmux[0][6][41]$a$1174 [3] $memory$auto$proc_rom.cc:155:do_switch$65$rdmux[0][6][41]$a$1174 [1] $memory$auto$proc_rom.cc:155:do_switch$65$rdmux[0][6][41]$a$1174 [1] }, B={ 1'0 $memory$auto$proc_rom.cc:155:do_switch$65$rdmux[0][6][41]$b$1175 [2:1] }, Y=$memory$auto$proc_rom.cc:155:do_switch$65$rdmux[0][5][20]$b$1016 [3:1]
      New connections: { $memory$auto$proc_rom.cc:155:do_switch$65$rdmux[0][5][20]$b$1016 [8:4] $memory$auto$proc_rom.cc:155:do_switch$65$rdmux[0][5][20]$b$1016 [0] } = 6'111110
    Consolidated identical input bits for $mux cell $memory$auto$proc_rom.cc:155:do_switch$65$rdmux[0][6][40]$1170:
      Old ports: A=$memory$auto$proc_rom.cc:155:do_switch$65$rdmux[0][6][40]$a$1171, B=$memory$auto$proc_rom.cc:155:do_switch$65$rdmux[0][6][40]$b$1172, Y=$memory$auto$proc_rom.cc:155:do_switch$65$rdmux[0][5][20]$a$1015
      New ports: A={ $memory$auto$proc_rom.cc:155:do_switch$65$rdmux[0][6][40]$a$1171 [1] $memory$auto$proc_rom.cc:155:do_switch$65$rdmux[0][6][40]$a$1171 [1] $memory$auto$proc_rom.cc:155:do_switch$65$rdmux[0][6][40]$a$1171 [1] }, B={ 1'1 $memory$auto$proc_rom.cc:155:do_switch$65$rdmux[0][6][40]$b$1172 [2:1] }, Y=$memory$auto$proc_rom.cc:155:do_switch$65$rdmux[0][5][20]$a$1015 [3:1]
      New connections: { $memory$auto$proc_rom.cc:155:do_switch$65$rdmux[0][5][20]$a$1015 [8:4] $memory$auto$proc_rom.cc:155:do_switch$65$rdmux[0][5][20]$a$1015 [0] } = { $memory$auto$proc_rom.cc:155:do_switch$65$rdmux[0][5][20]$a$1015 [3] $memory$auto$proc_rom.cc:155:do_switch$65$rdmux[0][5][20]$a$1015 [3] $memory$auto$proc_rom.cc:155:do_switch$65$rdmux[0][5][20]$a$1015 [3] $memory$auto$proc_rom.cc:155:do_switch$65$rdmux[0][5][20]$a$1015 [3] $memory$auto$proc_rom.cc:155:do_switch$65$rdmux[0][5][20]$a$1015 [3] 1'0 }
    Consolidated identical input bits for $mux cell $memory$auto$proc_rom.cc:155:do_switch$65$rdmux[0][6][39]$1167:
      Old ports: A=$memory$auto$proc_rom.cc:155:do_switch$65$rdmux[0][6][39]$a$1168, B=$memory$auto$proc_rom.cc:155:do_switch$65$rdmux[0][6][39]$b$1169, Y=$memory$auto$proc_rom.cc:155:do_switch$65$rdmux[0][5][19]$b$1013
      New ports: A={ 1'0 $memory$auto$proc_rom.cc:155:do_switch$65$rdmux[0][6][39]$a$1168 [0] }, B={ 1'1 $memory$auto$proc_rom.cc:155:do_switch$65$rdmux[0][6][39]$b$1169 [0] }, Y=$memory$auto$proc_rom.cc:155:do_switch$65$rdmux[0][5][19]$b$1013 [1:0]
      New connections: $memory$auto$proc_rom.cc:155:do_switch$65$rdmux[0][5][19]$b$1013 [8:2] = 7'0000001
    Consolidated identical input bits for $mux cell $memory$auto$proc_rom.cc:155:do_switch$65$rdmux[0][6][38]$1164:
      Old ports: A=$memory$auto$proc_rom.cc:155:do_switch$65$rdmux[0][6][38]$a$1165, B=$memory$auto$proc_rom.cc:155:do_switch$65$rdmux[0][6][38]$b$1166, Y=$memory$auto$proc_rom.cc:155:do_switch$65$rdmux[0][5][19]$a$1012
      New ports: A={ 1'0 $memory$auto$proc_rom.cc:155:do_switch$65$rdmux[0][6][38]$a$1165 [0] }, B={ 1'1 $memory$auto$proc_rom.cc:155:do_switch$65$rdmux[0][6][38]$b$1166 [0] }, Y=$memory$auto$proc_rom.cc:155:do_switch$65$rdmux[0][5][19]$a$1012 [1:0]
      New connections: $memory$auto$proc_rom.cc:155:do_switch$65$rdmux[0][5][19]$a$1012 [8:2] = 7'0000000
    Consolidated identical input bits for $mux cell $memory$auto$proc_rom.cc:155:do_switch$65$rdmux[0][6][37]$1161:
      Old ports: A=$memory$auto$proc_rom.cc:155:do_switch$65$rdmux[0][6][37]$a$1162, B=$memory$auto$proc_rom.cc:155:do_switch$65$rdmux[0][6][37]$b$1163, Y=$memory$auto$proc_rom.cc:155:do_switch$65$rdmux[0][5][18]$b$1010
      New ports: A={ $memory$auto$proc_rom.cc:155:do_switch$65$rdmux[0][6][37]$a$1162 [2] $memory$auto$proc_rom.cc:155:do_switch$65$rdmux[0][6][37]$a$1162 [0] $memory$auto$proc_rom.cc:155:do_switch$65$rdmux[0][6][37]$a$1162 [0] }, B={ 1'0 $memory$auto$proc_rom.cc:155:do_switch$65$rdmux[0][6][37]$b$1163 [1:0] }, Y=$memory$auto$proc_rom.cc:155:do_switch$65$rdmux[0][5][18]$b$1010 [2:0]
      New connections: $memory$auto$proc_rom.cc:155:do_switch$65$rdmux[0][5][18]$b$1010 [8:3] = 6'111111
    Consolidated identical input bits for $mux cell $memory$auto$proc_rom.cc:155:do_switch$65$rdmux[0][6][36]$1158:
      Old ports: A=$memory$auto$proc_rom.cc:155:do_switch$65$rdmux[0][6][36]$a$1159, B=$memory$auto$proc_rom.cc:155:do_switch$65$rdmux[0][6][36]$b$1160, Y=$memory$auto$proc_rom.cc:155:do_switch$65$rdmux[0][5][18]$a$1009
      New ports: A={ $memory$auto$proc_rom.cc:155:do_switch$65$rdmux[0][6][36]$a$1159 [0] $memory$auto$proc_rom.cc:155:do_switch$65$rdmux[0][6][36]$a$1159 [0] $memory$auto$proc_rom.cc:155:do_switch$65$rdmux[0][6][36]$a$1159 [0] }, B={ 1'1 $memory$auto$proc_rom.cc:155:do_switch$65$rdmux[0][6][36]$b$1160 [1:0] }, Y=$memory$auto$proc_rom.cc:155:do_switch$65$rdmux[0][5][18]$a$1009 [2:0]
      New connections: $memory$auto$proc_rom.cc:155:do_switch$65$rdmux[0][5][18]$a$1009 [8:3] = { $memory$auto$proc_rom.cc:155:do_switch$65$rdmux[0][5][18]$a$1009 [2] $memory$auto$proc_rom.cc:155:do_switch$65$rdmux[0][5][18]$a$1009 [2] $memory$auto$proc_rom.cc:155:do_switch$65$rdmux[0][5][18]$a$1009 [2] $memory$auto$proc_rom.cc:155:do_switch$65$rdmux[0][5][18]$a$1009 [2] $memory$auto$proc_rom.cc:155:do_switch$65$rdmux[0][5][18]$a$1009 [2] $memory$auto$proc_rom.cc:155:do_switch$65$rdmux[0][5][18]$a$1009 [2] }
    Consolidated identical input bits for $mux cell $memory$auto$proc_rom.cc:155:do_switch$65$rdmux[0][6][31]$1143:
      Old ports: A=$memory$auto$proc_rom.cc:155:do_switch$65$rdmux[0][6][31]$a$1144, B=$memory$auto$proc_rom.cc:155:do_switch$65$rdmux[0][6][31]$b$1145, Y=$memory$auto$proc_rom.cc:155:do_switch$65$rdmux[0][5][15]$b$1001
      New ports: A={ $memory$auto$proc_rom.cc:155:do_switch$65$rdmux[0][6][31]$a$1144 [5] $memory$auto$proc_rom.cc:155:do_switch$65$rdmux[0][6][31]$a$1144 [0] 1'0 $memory$auto$proc_rom.cc:155:do_switch$65$rdmux[0][6][31]$a$1144 [0] }, B={ 1'0 $memory$auto$proc_rom.cc:155:do_switch$65$rdmux[0][6][31]$b$1145 [4] 1'1 $memory$auto$proc_rom.cc:155:do_switch$65$rdmux[0][6][31]$b$1145 [0] }, Y={ $memory$auto$proc_rom.cc:155:do_switch$65$rdmux[0][5][15]$b$1001 [5:4] $memory$auto$proc_rom.cc:155:do_switch$65$rdmux[0][5][15]$b$1001 [1:0] }
      New connections: { $memory$auto$proc_rom.cc:155:do_switch$65$rdmux[0][5][15]$b$1001 [8:6] $memory$auto$proc_rom.cc:155:do_switch$65$rdmux[0][5][15]$b$1001 [3:2] } = { 3'111 $memory$auto$proc_rom.cc:155:do_switch$65$rdmux[0][5][15]$b$1001 [0] 1'1 }
    Consolidated identical input bits for $mux cell $memory$auto$proc_rom.cc:155:do_switch$65$rdmux[0][6][30]$1140:
      Old ports: A=$memory$auto$proc_rom.cc:155:do_switch$65$rdmux[0][6][30]$a$1141, B=$memory$auto$proc_rom.cc:155:do_switch$65$rdmux[0][6][30]$b$1142, Y=$memory$auto$proc_rom.cc:155:do_switch$65$rdmux[0][5][15]$a$1000
      New ports: A={ $memory$auto$proc_rom.cc:155:do_switch$65$rdmux[0][6][30]$a$1141 [0] $memory$auto$proc_rom.cc:155:do_switch$65$rdmux[0][6][30]$a$1141 [0] 1'0 $memory$auto$proc_rom.cc:155:do_switch$65$rdmux[0][6][30]$a$1141 [0] }, B={ 1'1 $memory$auto$proc_rom.cc:155:do_switch$65$rdmux[0][6][30]$b$1142 [4] 1'1 $memory$auto$proc_rom.cc:155:do_switch$65$rdmux[0][6][30]$b$1142 [0] }, Y={ $memory$auto$proc_rom.cc:155:do_switch$65$rdmux[0][5][15]$a$1000 [5:4] $memory$auto$proc_rom.cc:155:do_switch$65$rdmux[0][5][15]$a$1000 [1:0] }
      New connections: { $memory$auto$proc_rom.cc:155:do_switch$65$rdmux[0][5][15]$a$1000 [8:6] $memory$auto$proc_rom.cc:155:do_switch$65$rdmux[0][5][15]$a$1000 [3:2] } = { $memory$auto$proc_rom.cc:155:do_switch$65$rdmux[0][5][15]$a$1000 [5] $memory$auto$proc_rom.cc:155:do_switch$65$rdmux[0][5][15]$a$1000 [5] $memory$auto$proc_rom.cc:155:do_switch$65$rdmux[0][5][15]$a$1000 [5] $memory$auto$proc_rom.cc:155:do_switch$65$rdmux[0][5][15]$a$1000 [0] 1'0 }
    Consolidated identical input bits for $mux cell $memory$auto$proc_rom.cc:155:do_switch$65$rdmux[0][6][29]$1137:
      Old ports: A=$memory$auto$proc_rom.cc:155:do_switch$65$rdmux[0][6][29]$a$1138, B=$memory$auto$proc_rom.cc:155:do_switch$65$rdmux[0][6][29]$b$1139, Y=$memory$auto$proc_rom.cc:155:do_switch$65$rdmux[0][5][14]$b$998
      New ports: A={ $memory$auto$proc_rom.cc:155:do_switch$65$rdmux[0][6][29]$a$1138 [0] $memory$auto$proc_rom.cc:155:do_switch$65$rdmux[0][6][29]$a$1138 [2] $memory$auto$proc_rom.cc:155:do_switch$65$rdmux[0][6][29]$a$1138 [2] $memory$auto$proc_rom.cc:155:do_switch$65$rdmux[0][6][29]$a$1138 [2] $memory$auto$proc_rom.cc:155:do_switch$65$rdmux[0][6][29]$a$1138 [0] $memory$auto$proc_rom.cc:155:do_switch$65$rdmux[0][6][29]$a$1138 [0] }, B={ 1'1 $memory$auto$proc_rom.cc:155:do_switch$65$rdmux[0][6][29]$b$1139 [0] $memory$auto$proc_rom.cc:155:do_switch$65$rdmux[0][6][29]$b$1139 [1] 1'0 $memory$auto$proc_rom.cc:155:do_switch$65$rdmux[0][6][29]$b$1139 [1:0] }, Y=$memory$auto$proc_rom.cc:155:do_switch$65$rdmux[0][5][14]$b$998 [5:0]
      New connections: $memory$auto$proc_rom.cc:155:do_switch$65$rdmux[0][5][14]$b$998 [8:6] = 3'000
    Consolidated identical input bits for $mux cell $memory$auto$proc_rom.cc:155:do_switch$65$rdmux[0][6][28]$1134:
      Old ports: A=$memory$auto$proc_rom.cc:155:do_switch$65$rdmux[0][6][28]$a$1135, B=$memory$auto$proc_rom.cc:155:do_switch$65$rdmux[0][6][28]$b$1136, Y=$memory$auto$proc_rom.cc:155:do_switch$65$rdmux[0][5][14]$a$997
      New ports: A={ 2'00 $memory$auto$proc_rom.cc:155:do_switch$65$rdmux[0][6][28]$a$1135 [0] $memory$auto$proc_rom.cc:155:do_switch$65$rdmux[0][6][28]$a$1135 [0] $memory$auto$proc_rom.cc:155:do_switch$65$rdmux[0][6][28]$a$1135 [0] }, B={ $memory$auto$proc_rom.cc:155:do_switch$65$rdmux[0][6][28]$b$1136 [0] $memory$auto$proc_rom.cc:155:do_switch$65$rdmux[0][6][28]$b$1136 [1] 1'1 $memory$auto$proc_rom.cc:155:do_switch$65$rdmux[0][6][28]$b$1136 [1:0] }, Y=$memory$auto$proc_rom.cc:155:do_switch$65$rdmux[0][5][14]$a$997 [4:0]
      New connections: $memory$auto$proc_rom.cc:155:do_switch$65$rdmux[0][5][14]$a$997 [8:5] = 4'0000
    Consolidated identical input bits for $mux cell $memory$auto$proc_rom.cc:155:do_switch$65$rdmux[0][6][27]$1131:
      Old ports: A=$memory$auto$proc_rom.cc:155:do_switch$65$rdmux[0][6][27]$a$1132, B=$memory$auto$proc_rom.cc:155:do_switch$65$rdmux[0][6][27]$b$1133, Y=$memory$auto$proc_rom.cc:155:do_switch$65$rdmux[0][5][13]$b$995
      New ports: A={ 1'1 $memory$auto$proc_rom.cc:155:do_switch$65$rdmux[0][6][27]$a$1132 [3] 1'0 $memory$auto$proc_rom.cc:155:do_switch$65$rdmux[0][6][27]$a$1132 [1] }, B={ 1'0 $memory$auto$proc_rom.cc:155:do_switch$65$rdmux[0][6][27]$b$1133 [3] 1'1 $memory$auto$proc_rom.cc:155:do_switch$65$rdmux[0][6][27]$b$1133 [1] }, Y={ $memory$auto$proc_rom.cc:155:do_switch$65$rdmux[0][5][13]$b$995 [5] $memory$auto$proc_rom.cc:155:do_switch$65$rdmux[0][5][13]$b$995 [3:1] }
      New connections: { $memory$auto$proc_rom.cc:155:do_switch$65$rdmux[0][5][13]$b$995 [8:6] $memory$auto$proc_rom.cc:155:do_switch$65$rdmux[0][5][13]$b$995 [4] $memory$auto$proc_rom.cc:155:do_switch$65$rdmux[0][5][13]$b$995 [0] } = { 3'111 $memory$auto$proc_rom.cc:155:do_switch$65$rdmux[0][5][13]$b$995 [2] 1'0 }
    Consolidated identical input bits for $mux cell $memory$auto$proc_rom.cc:155:do_switch$65$rdmux[0][6][26]$1128:
      Old ports: A=$memory$auto$proc_rom.cc:155:do_switch$65$rdmux[0][6][26]$a$1129, B=$memory$auto$proc_rom.cc:155:do_switch$65$rdmux[0][6][26]$b$1130, Y=$memory$auto$proc_rom.cc:155:do_switch$65$rdmux[0][5][13]$a$994
      New ports: A={ $memory$auto$proc_rom.cc:155:do_switch$65$rdmux[0][6][26]$a$1129 [1] $memory$auto$proc_rom.cc:155:do_switch$65$rdmux[0][6][26]$a$1129 [1] 1'0 $memory$auto$proc_rom.cc:155:do_switch$65$rdmux[0][6][26]$a$1129 [1] }, B={ 1'1 $memory$auto$proc_rom.cc:155:do_switch$65$rdmux[0][6][26]$b$1130 [4] 1'1 $memory$auto$proc_rom.cc:155:do_switch$65$rdmux[0][6][26]$b$1130 [1] }, Y={ $memory$auto$proc_rom.cc:155:do_switch$65$rdmux[0][5][13]$a$994 [5:4] $memory$auto$proc_rom.cc:155:do_switch$65$rdmux[0][5][13]$a$994 [2:1] }
      New connections: { $memory$auto$proc_rom.cc:155:do_switch$65$rdmux[0][5][13]$a$994 [8:6] $memory$auto$proc_rom.cc:155:do_switch$65$rdmux[0][5][13]$a$994 [3] $memory$auto$proc_rom.cc:155:do_switch$65$rdmux[0][5][13]$a$994 [0] } = { $memory$auto$proc_rom.cc:155:do_switch$65$rdmux[0][5][13]$a$994 [5] $memory$auto$proc_rom.cc:155:do_switch$65$rdmux[0][5][13]$a$994 [5] $memory$auto$proc_rom.cc:155:do_switch$65$rdmux[0][5][13]$a$994 [5] $memory$auto$proc_rom.cc:155:do_switch$65$rdmux[0][5][13]$a$994 [1] 1'0 }
    Consolidated identical input bits for $mux cell $memory$auto$proc_rom.cc:155:do_switch$65$rdmux[0][6][25]$1125:
      Old ports: A=$memory$auto$proc_rom.cc:155:do_switch$65$rdmux[0][6][25]$a$1126, B=$memory$auto$proc_rom.cc:155:do_switch$65$rdmux[0][6][25]$b$1127, Y=$memory$auto$proc_rom.cc:155:do_switch$65$rdmux[0][5][12]$b$992
      New ports: A={ 3'011 $memory$auto$proc_rom.cc:155:do_switch$65$rdmux[0][6][25]$a$1126 [1] $memory$auto$proc_rom.cc:155:do_switch$65$rdmux[0][6][25]$a$1126 [1] }, B={ 2'10 $memory$auto$proc_rom.cc:155:do_switch$65$rdmux[0][6][25]$b$1127 [1] $memory$auto$proc_rom.cc:155:do_switch$65$rdmux[0][6][25]$b$1127 [2:1] }, Y=$memory$auto$proc_rom.cc:155:do_switch$65$rdmux[0][5][12]$b$992 [5:1]
      New connections: { $memory$auto$proc_rom.cc:155:do_switch$65$rdmux[0][5][12]$b$992 [8:6] $memory$auto$proc_rom.cc:155:do_switch$65$rdmux[0][5][12]$b$992 [0] } = 4'0000
    Consolidated identical input bits for $mux cell $memory$auto$proc_rom.cc:155:do_switch$65$rdmux[0][6][24]$1122:
      Old ports: A=$memory$auto$proc_rom.cc:155:do_switch$65$rdmux[0][6][24]$a$1123, B=$memory$auto$proc_rom.cc:155:do_switch$65$rdmux[0][6][24]$b$1124, Y=$memory$auto$proc_rom.cc:155:do_switch$65$rdmux[0][5][12]$a$991
      New ports: A={ 2'00 $memory$auto$proc_rom.cc:155:do_switch$65$rdmux[0][6][24]$a$1123 [1] $memory$auto$proc_rom.cc:155:do_switch$65$rdmux[0][6][24]$a$1123 [1] }, B={ $memory$auto$proc_rom.cc:155:do_switch$65$rdmux[0][6][24]$b$1124 [1] $memory$auto$proc_rom.cc:155:do_switch$65$rdmux[0][6][24]$b$1124 [2] $memory$auto$proc_rom.cc:155:do_switch$65$rdmux[0][6][24]$b$1124 [2:1] }, Y=$memory$auto$proc_rom.cc:155:do_switch$65$rdmux[0][5][12]$a$991 [4:1]
      New connections: { $memory$auto$proc_rom.cc:155:do_switch$65$rdmux[0][5][12]$a$991 [8:5] $memory$auto$proc_rom.cc:155:do_switch$65$rdmux[0][5][12]$a$991 [0] } = 5'00000
    Consolidated identical input bits for $mux cell $memory$auto$proc_rom.cc:155:do_switch$65$rdmux[0][6][23]$1119:
      Old ports: A=$memory$auto$proc_rom.cc:155:do_switch$65$rdmux[0][6][23]$a$1120, B=$memory$auto$proc_rom.cc:155:do_switch$65$rdmux[0][6][23]$b$1121, Y=$memory$auto$proc_rom.cc:155:do_switch$65$rdmux[0][5][11]$b$989
      New ports: A={ 2'10 $memory$auto$proc_rom.cc:155:do_switch$65$rdmux[0][6][23]$a$1120 [3] 1'1 $memory$auto$proc_rom.cc:155:do_switch$65$rdmux[0][6][23]$a$1120 [0] $memory$auto$proc_rom.cc:155:do_switch$65$rdmux[0][6][23]$a$1120 [0] }, B={ $memory$auto$proc_rom.cc:155:do_switch$65$rdmux[0][6][23]$b$1121 [1:0] $memory$auto$proc_rom.cc:155:do_switch$65$rdmux[0][6][23]$b$1121 [0] $memory$auto$proc_rom.cc:155:do_switch$65$rdmux[0][6][23]$b$1121 [0] $memory$auto$proc_rom.cc:155:do_switch$65$rdmux[0][6][23]$b$1121 [1:0] }, Y=$memory$auto$proc_rom.cc:155:do_switch$65$rdmux[0][5][11]$b$989 [5:0]
      New connections: $memory$auto$proc_rom.cc:155:do_switch$65$rdmux[0][5][11]$b$989 [8:6] = 3'111
    Consolidated identical input bits for $mux cell $memory$auto$proc_rom.cc:155:do_switch$65$rdmux[0][6][22]$1116:
      Old ports: A=$memory$auto$proc_rom.cc:155:do_switch$65$rdmux[0][6][22]$a$1117, B=$memory$auto$proc_rom.cc:155:do_switch$65$rdmux[0][6][22]$b$1118, Y=$memory$auto$proc_rom.cc:155:do_switch$65$rdmux[0][5][11]$a$988
      New ports: A={ $memory$auto$proc_rom.cc:155:do_switch$65$rdmux[0][6][22]$a$1117 [0] $memory$auto$proc_rom.cc:155:do_switch$65$rdmux[0][6][22]$a$1117 [0] 1'0 $memory$auto$proc_rom.cc:155:do_switch$65$rdmux[0][6][22]$a$1117 [0] $memory$auto$proc_rom.cc:155:do_switch$65$rdmux[0][6][22]$a$1117 [0] }, B={ 2'10 $memory$auto$proc_rom.cc:155:do_switch$65$rdmux[0][6][22]$b$1118 [1] $memory$auto$proc_rom.cc:155:do_switch$65$rdmux[0][6][22]$b$1118 [1:0] }, Y=$memory$auto$proc_rom.cc:155:do_switch$65$rdmux[0][5][11]$a$988 [4:0]
      New connections: $memory$auto$proc_rom.cc:155:do_switch$65$rdmux[0][5][11]$a$988 [8:5] = { $memory$auto$proc_rom.cc:155:do_switch$65$rdmux[0][5][11]$a$988 [4] $memory$auto$proc_rom.cc:155:do_switch$65$rdmux[0][5][11]$a$988 [4] $memory$auto$proc_rom.cc:155:do_switch$65$rdmux[0][5][11]$a$988 [4] $memory$auto$proc_rom.cc:155:do_switch$65$rdmux[0][5][11]$a$988 [4] }
    Consolidated identical input bits for $mux cell $memory$auto$proc_rom.cc:155:do_switch$65$rdmux[0][6][21]$1113:
      Old ports: A=$memory$auto$proc_rom.cc:155:do_switch$65$rdmux[0][6][21]$a$1114, B=$memory$auto$proc_rom.cc:155:do_switch$65$rdmux[0][6][21]$b$1115, Y=$memory$auto$proc_rom.cc:155:do_switch$65$rdmux[0][5][10]$b$986
      New ports: A={ 2'01 $memory$auto$proc_rom.cc:155:do_switch$65$rdmux[0][6][21]$a$1114 [0] $memory$auto$proc_rom.cc:155:do_switch$65$rdmux[0][6][21]$a$1114 [2] 1'0 $memory$auto$proc_rom.cc:155:do_switch$65$rdmux[0][6][21]$a$1114 [0] }, B={ $memory$auto$proc_rom.cc:155:do_switch$65$rdmux[0][6][21]$b$1115 [0] $memory$auto$proc_rom.cc:155:do_switch$65$rdmux[0][6][21]$b$1115 [2] $memory$auto$proc_rom.cc:155:do_switch$65$rdmux[0][6][21]$b$1115 [2] $memory$auto$proc_rom.cc:155:do_switch$65$rdmux[0][6][21]$b$1115 [2] 1'1 $memory$auto$proc_rom.cc:155:do_switch$65$rdmux[0][6][21]$b$1115 [0] }, Y=$memory$auto$proc_rom.cc:155:do_switch$65$rdmux[0][5][10]$b$986 [5:0]
      New connections: $memory$auto$proc_rom.cc:155:do_switch$65$rdmux[0][5][10]$b$986 [8:6] = 3'000
    Consolidated identical input bits for $mux cell $memory$auto$proc_rom.cc:155:do_switch$65$rdmux[0][6][20]$1110:
      Old ports: A=$memory$auto$proc_rom.cc:155:do_switch$65$rdmux[0][6][20]$a$1111, B=$memory$auto$proc_rom.cc:155:do_switch$65$rdmux[0][6][20]$b$1112, Y=$memory$auto$proc_rom.cc:155:do_switch$65$rdmux[0][5][10]$a$985
      New ports: A={ 1'0 $memory$auto$proc_rom.cc:155:do_switch$65$rdmux[0][6][20]$a$1111 [0] }, B={ 1'1 $memory$auto$proc_rom.cc:155:do_switch$65$rdmux[0][6][20]$b$1112 [0] }, Y=$memory$auto$proc_rom.cc:155:do_switch$65$rdmux[0][5][10]$a$985 [1:0]
      New connections: $memory$auto$proc_rom.cc:155:do_switch$65$rdmux[0][5][10]$a$985 [8:2] = { 5'00000 $memory$auto$proc_rom.cc:155:do_switch$65$rdmux[0][5][10]$a$985 [1:0] }
    Consolidated identical input bits for $mux cell $memory$auto$proc_rom.cc:155:do_switch$65$rdmux[0][6][19]$1107:
      Old ports: A=$memory$auto$proc_rom.cc:155:do_switch$65$rdmux[0][6][19]$a$1108, B=$memory$auto$proc_rom.cc:155:do_switch$65$rdmux[0][6][19]$b$1109, Y=$memory$auto$proc_rom.cc:155:do_switch$65$rdmux[0][5][9]$b$983
      New ports: A={ $memory$auto$proc_rom.cc:155:do_switch$65$rdmux[0][6][19]$a$1108 [4] $memory$auto$proc_rom.cc:155:do_switch$65$rdmux[0][6][19]$a$1108 [2] $memory$auto$proc_rom.cc:155:do_switch$65$rdmux[0][6][19]$a$1108 [2] }, B={ 1'0 $memory$auto$proc_rom.cc:155:do_switch$65$rdmux[0][6][19]$b$1109 [3:2] }, Y=$memory$auto$proc_rom.cc:155:do_switch$65$rdmux[0][5][9]$b$983 [4:2]
      New connections: { $memory$auto$proc_rom.cc:155:do_switch$65$rdmux[0][5][9]$b$983 [8:5] $memory$auto$proc_rom.cc:155:do_switch$65$rdmux[0][5][9]$b$983 [1:0] } = 6'111100
    Consolidated identical input bits for $mux cell $memory$auto$proc_rom.cc:155:do_switch$65$rdmux[0][6][18]$1104:
      Old ports: A=$memory$auto$proc_rom.cc:155:do_switch$65$rdmux[0][6][18]$a$1105, B=$memory$auto$proc_rom.cc:155:do_switch$65$rdmux[0][6][18]$b$1106, Y=$memory$auto$proc_rom.cc:155:do_switch$65$rdmux[0][5][9]$a$982
      New ports: A={ $memory$auto$proc_rom.cc:155:do_switch$65$rdmux[0][6][18]$a$1105 [2] $memory$auto$proc_rom.cc:155:do_switch$65$rdmux[0][6][18]$a$1105 [2] $memory$auto$proc_rom.cc:155:do_switch$65$rdmux[0][6][18]$a$1105 [2] }, B={ 1'1 $memory$auto$proc_rom.cc:155:do_switch$65$rdmux[0][6][18]$b$1106 [3:2] }, Y=$memory$auto$proc_rom.cc:155:do_switch$65$rdmux[0][5][9]$a$982 [4:2]
      New connections: { $memory$auto$proc_rom.cc:155:do_switch$65$rdmux[0][5][9]$a$982 [8:5] $memory$auto$proc_rom.cc:155:do_switch$65$rdmux[0][5][9]$a$982 [1:0] } = { $memory$auto$proc_rom.cc:155:do_switch$65$rdmux[0][5][9]$a$982 [4] $memory$auto$proc_rom.cc:155:do_switch$65$rdmux[0][5][9]$a$982 [4] $memory$auto$proc_rom.cc:155:do_switch$65$rdmux[0][5][9]$a$982 [4] $memory$auto$proc_rom.cc:155:do_switch$65$rdmux[0][5][9]$a$982 [4] 2'00 }
    Consolidated identical input bits for $mux cell $memory$auto$proc_rom.cc:155:do_switch$65$rdmux[0][6][17]$1101:
      Old ports: A=$memory$auto$proc_rom.cc:155:do_switch$65$rdmux[0][6][17]$a$1102, B=$memory$auto$proc_rom.cc:155:do_switch$65$rdmux[0][6][17]$b$1103, Y=$memory$auto$proc_rom.cc:155:do_switch$65$rdmux[0][5][8]$b$980
      New ports: A={ 1'0 $memory$auto$proc_rom.cc:155:do_switch$65$rdmux[0][6][17]$a$1102 [2] }, B={ 1'1 $memory$auto$proc_rom.cc:155:do_switch$65$rdmux[0][6][17]$b$1103 [2] }, Y=$memory$auto$proc_rom.cc:155:do_switch$65$rdmux[0][5][8]$b$980 [3:2]
      New connections: { $memory$auto$proc_rom.cc:155:do_switch$65$rdmux[0][5][8]$b$980 [8:4] $memory$auto$proc_rom.cc:155:do_switch$65$rdmux[0][5][8]$b$980 [1:0] } = 7'0000100
    Consolidated identical input bits for $mux cell $memory$auto$proc_rom.cc:155:do_switch$65$rdmux[0][6][16]$1098:
      Old ports: A=$memory$auto$proc_rom.cc:155:do_switch$65$rdmux[0][6][16]$a$1099, B=$memory$auto$proc_rom.cc:155:do_switch$65$rdmux[0][6][16]$b$1100, Y=$memory$auto$proc_rom.cc:155:do_switch$65$rdmux[0][5][8]$a$979
      New ports: A={ 1'0 $memory$auto$proc_rom.cc:155:do_switch$65$rdmux[0][6][16]$a$1099 [2] }, B={ 1'1 $memory$auto$proc_rom.cc:155:do_switch$65$rdmux[0][6][16]$b$1100 [2] }, Y=$memory$auto$proc_rom.cc:155:do_switch$65$rdmux[0][5][8]$a$979 [3:2]
      New connections: { $memory$auto$proc_rom.cc:155:do_switch$65$rdmux[0][5][8]$a$979 [8:4] $memory$auto$proc_rom.cc:155:do_switch$65$rdmux[0][5][8]$a$979 [1:0] } = 7'0000000
    Consolidated identical input bits for $mux cell $memory$auto$proc_rom.cc:155:do_switch$65$rdmux[0][6][15]$1095:
      Old ports: A=$memory$auto$proc_rom.cc:155:do_switch$65$rdmux[0][6][15]$a$1096, B=$memory$auto$proc_rom.cc:155:do_switch$65$rdmux[0][6][15]$b$1097, Y=$memory$auto$proc_rom.cc:155:do_switch$65$rdmux[0][5][7]$b$977
      New ports: A={ 1'1 $memory$auto$proc_rom.cc:155:do_switch$65$rdmux[0][6][15]$a$1096 [2] 1'0 $memory$auto$proc_rom.cc:155:do_switch$65$rdmux[0][6][15]$a$1096 [0] }, B={ 1'0 $memory$auto$proc_rom.cc:155:do_switch$65$rdmux[0][6][15]$b$1097 [2] 1'1 $memory$auto$proc_rom.cc:155:do_switch$65$rdmux[0][6][15]$b$1097 [0] }, Y={ $memory$auto$proc_rom.cc:155:do_switch$65$rdmux[0][5][7]$b$977 [4] $memory$auto$proc_rom.cc:155:do_switch$65$rdmux[0][5][7]$b$977 [2:0] }
      New connections: { $memory$auto$proc_rom.cc:155:do_switch$65$rdmux[0][5][7]$b$977 [8:5] $memory$auto$proc_rom.cc:155:do_switch$65$rdmux[0][5][7]$b$977 [3] } = { 4'1111 $memory$auto$proc_rom.cc:155:do_switch$65$rdmux[0][5][7]$b$977 [1] }
    Consolidated identical input bits for $mux cell $memory$auto$proc_rom.cc:155:do_switch$65$rdmux[0][6][14]$1092:
      Old ports: A=$memory$auto$proc_rom.cc:155:do_switch$65$rdmux[0][6][14]$a$1093, B=$memory$auto$proc_rom.cc:155:do_switch$65$rdmux[0][6][14]$b$1094, Y=$memory$auto$proc_rom.cc:155:do_switch$65$rdmux[0][5][7]$a$976
      New ports: A={ $memory$auto$proc_rom.cc:155:do_switch$65$rdmux[0][6][14]$a$1093 [0] $memory$auto$proc_rom.cc:155:do_switch$65$rdmux[0][6][14]$a$1093 [0] 1'0 $memory$auto$proc_rom.cc:155:do_switch$65$rdmux[0][6][14]$a$1093 [0] }, B={ 1'1 $memory$auto$proc_rom.cc:155:do_switch$65$rdmux[0][6][14]$b$1094 [3] 1'1 $memory$auto$proc_rom.cc:155:do_switch$65$rdmux[0][6][14]$b$1094 [0] }, Y={ $memory$auto$proc_rom.cc:155:do_switch$65$rdmux[0][5][7]$a$976 [4:3] $memory$auto$proc_rom.cc:155:do_switch$65$rdmux[0][5][7]$a$976 [1:0] }
      New connections: { $memory$auto$proc_rom.cc:155:do_switch$65$rdmux[0][5][7]$a$976 [8:5] $memory$auto$proc_rom.cc:155:do_switch$65$rdmux[0][5][7]$a$976 [2] } = { $memory$auto$proc_rom.cc:155:do_switch$65$rdmux[0][5][7]$a$976 [4] $memory$auto$proc_rom.cc:155:do_switch$65$rdmux[0][5][7]$a$976 [4] $memory$auto$proc_rom.cc:155:do_switch$65$rdmux[0][5][7]$a$976 [4] $memory$auto$proc_rom.cc:155:do_switch$65$rdmux[0][5][7]$a$976 [4] $memory$auto$proc_rom.cc:155:do_switch$65$rdmux[0][5][7]$a$976 [0] }
    Consolidated identical input bits for $mux cell $memory$auto$proc_rom.cc:155:do_switch$65$rdmux[0][6][13]$1089:
      Old ports: A=$memory$auto$proc_rom.cc:155:do_switch$65$rdmux[0][6][13]$a$1090, B=$memory$auto$proc_rom.cc:155:do_switch$65$rdmux[0][6][13]$b$1091, Y=$memory$auto$proc_rom.cc:155:do_switch$65$rdmux[0][5][6]$b$974
      New ports: A={ 3'011 $memory$auto$proc_rom.cc:155:do_switch$65$rdmux[0][6][13]$a$1090 [0] $memory$auto$proc_rom.cc:155:do_switch$65$rdmux[0][6][13]$a$1090 [0] }, B={ 2'10 $memory$auto$proc_rom.cc:155:do_switch$65$rdmux[0][6][13]$b$1091 [0] $memory$auto$proc_rom.cc:155:do_switch$65$rdmux[0][6][13]$b$1091 [1:0] }, Y=$memory$auto$proc_rom.cc:155:do_switch$65$rdmux[0][5][6]$b$974 [4:0]
      New connections: $memory$auto$proc_rom.cc:155:do_switch$65$rdmux[0][5][6]$b$974 [8:5] = 4'0000
    Consolidated identical input bits for $mux cell $memory$auto$proc_rom.cc:155:do_switch$65$rdmux[0][6][12]$1086:
      Old ports: A=$memory$auto$proc_rom.cc:155:do_switch$65$rdmux[0][6][12]$a$1087, B=$memory$auto$proc_rom.cc:155:do_switch$65$rdmux[0][6][12]$b$1088, Y=$memory$auto$proc_rom.cc:155:do_switch$65$rdmux[0][5][6]$a$973
      New ports: A={ 2'00 $memory$auto$proc_rom.cc:155:do_switch$65$rdmux[0][6][12]$a$1087 [0] $memory$auto$proc_rom.cc:155:do_switch$65$rdmux[0][6][12]$a$1087 [0] }, B={ $memory$auto$proc_rom.cc:155:do_switch$65$rdmux[0][6][12]$b$1088 [0] $memory$auto$proc_rom.cc:155:do_switch$65$rdmux[0][6][12]$b$1088 [1] $memory$auto$proc_rom.cc:155:do_switch$65$rdmux[0][6][12]$b$1088 [1:0] }, Y=$memory$auto$proc_rom.cc:155:do_switch$65$rdmux[0][5][6]$a$973 [3:0]
      New connections: $memory$auto$proc_rom.cc:155:do_switch$65$rdmux[0][5][6]$a$973 [8:4] = 5'00000
    Consolidated identical input bits for $mux cell $memory$auto$proc_rom.cc:155:do_switch$65$rdmux[0][6][11]$1083:
      Old ports: A=$memory$auto$proc_rom.cc:155:do_switch$65$rdmux[0][6][11]$a$1084, B=$memory$auto$proc_rom.cc:155:do_switch$65$rdmux[0][6][11]$b$1085, Y=$memory$auto$proc_rom.cc:155:do_switch$65$rdmux[0][5][5]$b$971
      New ports: A={ $memory$auto$proc_rom.cc:155:do_switch$65$rdmux[0][6][11]$a$1084 [3] $memory$auto$proc_rom.cc:155:do_switch$65$rdmux[0][6][11]$a$1084 [1] $memory$auto$proc_rom.cc:155:do_switch$65$rdmux[0][6][11]$a$1084 [1] }, B={ 1'0 $memory$auto$proc_rom.cc:155:do_switch$65$rdmux[0][6][11]$b$1085 [2:1] }, Y=$memory$auto$proc_rom.cc:155:do_switch$65$rdmux[0][5][5]$b$971 [3:1]
      New connections: { $memory$auto$proc_rom.cc:155:do_switch$65$rdmux[0][5][5]$b$971 [8:4] $memory$auto$proc_rom.cc:155:do_switch$65$rdmux[0][5][5]$b$971 [0] } = 6'111110
    Consolidated identical input bits for $mux cell $memory$auto$proc_rom.cc:155:do_switch$65$rdmux[0][6][10]$1080:
      Old ports: A=$memory$auto$proc_rom.cc:155:do_switch$65$rdmux[0][6][10]$a$1081, B=$memory$auto$proc_rom.cc:155:do_switch$65$rdmux[0][6][10]$b$1082, Y=$memory$auto$proc_rom.cc:155:do_switch$65$rdmux[0][5][5]$a$970
      New ports: A={ $memory$auto$proc_rom.cc:155:do_switch$65$rdmux[0][6][10]$a$1081 [1] $memory$auto$proc_rom.cc:155:do_switch$65$rdmux[0][6][10]$a$1081 [1] $memory$auto$proc_rom.cc:155:do_switch$65$rdmux[0][6][10]$a$1081 [1] }, B={ 1'1 $memory$auto$proc_rom.cc:155:do_switch$65$rdmux[0][6][10]$b$1082 [2:1] }, Y=$memory$auto$proc_rom.cc:155:do_switch$65$rdmux[0][5][5]$a$970 [3:1]
      New connections: { $memory$auto$proc_rom.cc:155:do_switch$65$rdmux[0][5][5]$a$970 [8:4] $memory$auto$proc_rom.cc:155:do_switch$65$rdmux[0][5][5]$a$970 [0] } = { $memory$auto$proc_rom.cc:155:do_switch$65$rdmux[0][5][5]$a$970 [3] $memory$auto$proc_rom.cc:155:do_switch$65$rdmux[0][5][5]$a$970 [3] $memory$auto$proc_rom.cc:155:do_switch$65$rdmux[0][5][5]$a$970 [3] $memory$auto$proc_rom.cc:155:do_switch$65$rdmux[0][5][5]$a$970 [3] $memory$auto$proc_rom.cc:155:do_switch$65$rdmux[0][5][5]$a$970 [3] 1'0 }
    Consolidated identical input bits for $mux cell $memory$auto$proc_rom.cc:155:do_switch$65$rdmux[0][6][9]$1077:
      Old ports: A=$memory$auto$proc_rom.cc:155:do_switch$65$rdmux[0][6][9]$a$1078, B=$memory$auto$proc_rom.cc:155:do_switch$65$rdmux[0][6][9]$b$1079, Y=$memory$auto$proc_rom.cc:155:do_switch$65$rdmux[0][5][4]$b$968
      New ports: A={ 1'0 $memory$auto$proc_rom.cc:155:do_switch$65$rdmux[0][6][9]$a$1078 [1] }, B={ 1'1 $memory$auto$proc_rom.cc:155:do_switch$65$rdmux[0][6][9]$b$1079 [1] }, Y=$memory$auto$proc_rom.cc:155:do_switch$65$rdmux[0][5][4]$b$968 [2:1]
      New connections: { $memory$auto$proc_rom.cc:155:do_switch$65$rdmux[0][5][4]$b$968 [8:3] $memory$auto$proc_rom.cc:155:do_switch$65$rdmux[0][5][4]$b$968 [0] } = 7'0000010
    Consolidated identical input bits for $mux cell $memory$auto$proc_rom.cc:155:do_switch$65$rdmux[0][6][8]$1074:
      Old ports: A=$memory$auto$proc_rom.cc:155:do_switch$65$rdmux[0][6][8]$a$1075, B=$memory$auto$proc_rom.cc:155:do_switch$65$rdmux[0][6][8]$b$1076, Y=$memory$auto$proc_rom.cc:155:do_switch$65$rdmux[0][5][4]$a$967
      New ports: A={ 1'0 $memory$auto$proc_rom.cc:155:do_switch$65$rdmux[0][6][8]$a$1075 [1] }, B={ 1'1 $memory$auto$proc_rom.cc:155:do_switch$65$rdmux[0][6][8]$b$1076 [1] }, Y=$memory$auto$proc_rom.cc:155:do_switch$65$rdmux[0][5][4]$a$967 [2:1]
      New connections: { $memory$auto$proc_rom.cc:155:do_switch$65$rdmux[0][5][4]$a$967 [8:3] $memory$auto$proc_rom.cc:155:do_switch$65$rdmux[0][5][4]$a$967 [0] } = 7'0000000
    Consolidated identical input bits for $mux cell $memory$auto$proc_rom.cc:155:do_switch$65$rdmux[0][6][7]$1071:
      Old ports: A=$memory$auto$proc_rom.cc:155:do_switch$65$rdmux[0][6][7]$a$1072, B=$memory$auto$proc_rom.cc:155:do_switch$65$rdmux[0][6][7]$b$1073, Y=$memory$auto$proc_rom.cc:155:do_switch$65$rdmux[0][5][3]$b$965
      New ports: A={ $memory$auto$proc_rom.cc:155:do_switch$65$rdmux[0][6][7]$a$1072 [2] $memory$auto$proc_rom.cc:155:do_switch$65$rdmux[0][6][7]$a$1072 [0] $memory$auto$proc_rom.cc:155:do_switch$65$rdmux[0][6][7]$a$1072 [0] }, B={ 1'0 $memory$auto$proc_rom.cc:155:do_switch$65$rdmux[0][6][7]$b$1073 [1:0] }, Y=$memory$auto$proc_rom.cc:155:do_switch$65$rdmux[0][5][3]$b$965 [2:0]
      New connections: $memory$auto$proc_rom.cc:155:do_switch$65$rdmux[0][5][3]$b$965 [8:3] = 6'111111
    Consolidated identical input bits for $mux cell $memory$auto$proc_rom.cc:155:do_switch$65$rdmux[0][6][6]$1068:
      Old ports: A=$memory$auto$proc_rom.cc:155:do_switch$65$rdmux[0][6][6]$a$1069, B=$memory$auto$proc_rom.cc:155:do_switch$65$rdmux[0][6][6]$b$1070, Y=$memory$auto$proc_rom.cc:155:do_switch$65$rdmux[0][5][3]$a$964
      New ports: A={ $memory$auto$proc_rom.cc:155:do_switch$65$rdmux[0][6][6]$a$1069 [0] $memory$auto$proc_rom.cc:155:do_switch$65$rdmux[0][6][6]$a$1069 [0] $memory$auto$proc_rom.cc:155:do_switch$65$rdmux[0][6][6]$a$1069 [0] }, B={ 1'1 $memory$auto$proc_rom.cc:155:do_switch$65$rdmux[0][6][6]$b$1070 [1:0] }, Y=$memory$auto$proc_rom.cc:155:do_switch$65$rdmux[0][5][3]$a$964 [2:0]
      New connections: $memory$auto$proc_rom.cc:155:do_switch$65$rdmux[0][5][3]$a$964 [8:3] = { $memory$auto$proc_rom.cc:155:do_switch$65$rdmux[0][5][3]$a$964 [2] $memory$auto$proc_rom.cc:155:do_switch$65$rdmux[0][5][3]$a$964 [2] $memory$auto$proc_rom.cc:155:do_switch$65$rdmux[0][5][3]$a$964 [2] $memory$auto$proc_rom.cc:155:do_switch$65$rdmux[0][5][3]$a$964 [2] $memory$auto$proc_rom.cc:155:do_switch$65$rdmux[0][5][3]$a$964 [2] $memory$auto$proc_rom.cc:155:do_switch$65$rdmux[0][5][3]$a$964 [2] }
    Consolidated identical input bits for $mux cell $memory$auto$proc_rom.cc:155:do_switch$65$rdmux[0][6][5]$1065:
      Old ports: A=$memory$auto$proc_rom.cc:155:do_switch$65$rdmux[0][6][5]$a$1066, B=$memory$auto$proc_rom.cc:155:do_switch$65$rdmux[0][6][5]$b$1067, Y=$memory$auto$proc_rom.cc:155:do_switch$65$rdmux[0][5][2]$b$962
      New ports: A={ 1'0 $memory$auto$proc_rom.cc:155:do_switch$65$rdmux[0][6][5]$a$1066 [0] }, B={ 1'1 $memory$auto$proc_rom.cc:155:do_switch$65$rdmux[0][6][5]$b$1067 [0] }, Y=$memory$auto$proc_rom.cc:155:do_switch$65$rdmux[0][5][2]$b$962 [1:0]
      New connections: $memory$auto$proc_rom.cc:155:do_switch$65$rdmux[0][5][2]$b$962 [8:2] = 7'0000001
    Consolidated identical input bits for $mux cell $memory$auto$proc_rom.cc:155:do_switch$65$rdmux[0][6][4]$1062:
      Old ports: A=$memory$auto$proc_rom.cc:155:do_switch$65$rdmux[0][6][4]$a$1063, B=$memory$auto$proc_rom.cc:155:do_switch$65$rdmux[0][6][4]$b$1064, Y=$memory$auto$proc_rom.cc:155:do_switch$65$rdmux[0][5][2]$a$961
      New ports: A={ 1'0 $memory$auto$proc_rom.cc:155:do_switch$65$rdmux[0][6][4]$a$1063 [0] }, B={ 1'1 $memory$auto$proc_rom.cc:155:do_switch$65$rdmux[0][6][4]$b$1064 [0] }, Y=$memory$auto$proc_rom.cc:155:do_switch$65$rdmux[0][5][2]$a$961 [1:0]
      New connections: $memory$auto$proc_rom.cc:155:do_switch$65$rdmux[0][5][2]$a$961 [8:2] = 7'0000000
    Consolidated identical input bits for $mux cell $memory$auto$proc_rom.cc:155:do_switch$57$rdmux[0][5][2]$1725:
      Old ports: A=$memory$auto$proc_rom.cc:155:do_switch$57$rdmux[0][5][2]$a$1726, B=$memory$auto$proc_rom.cc:155:do_switch$57$rdmux[0][5][2]$b$1727, Y=$memory$auto$proc_rom.cc:155:do_switch$57$rdmux[0][4][1]$a$1675
      New ports: A={ 1'0 $memory$auto$proc_rom.cc:155:do_switch$57$rdmux[0][5][2]$a$1726 [0] }, B={ 1'1 $memory$auto$proc_rom.cc:155:do_switch$57$rdmux[0][5][2]$b$1727 [0] }, Y=$memory$auto$proc_rom.cc:155:do_switch$57$rdmux[0][4][1]$a$1675 [1:0]
      New connections: $memory$auto$proc_rom.cc:155:do_switch$57$rdmux[0][4][1]$a$1675 [6:2] = 5'10000
    Consolidated identical input bits for $mux cell $memory$auto$proc_rom.cc:155:do_switch$57$rdmux[0][5][6]$1737:
      Old ports: A=7'1001100, B=$memory$auto$proc_rom.cc:155:do_switch$57$rdmux[0][5][6]$b$1739, Y=$memory$auto$proc_rom.cc:155:do_switch$57$rdmux[0][4][3]$a$1681
      New ports: A=2'00, B=$memory$auto$proc_rom.cc:155:do_switch$57$rdmux[0][5][6]$b$1739 [1:0], Y=$memory$auto$proc_rom.cc:155:do_switch$57$rdmux[0][4][3]$a$1681 [1:0]
      New connections: $memory$auto$proc_rom.cc:155:do_switch$57$rdmux[0][4][3]$a$1681 [6:2] = 5'10011
    Consolidated identical input bits for $mux cell $memory$auto$proc_rom.cc:155:do_switch$57$rdmux[0][5][14]$1761:
      Old ports: A=7'1010110, B=$memory$auto$proc_rom.cc:155:do_switch$57$rdmux[0][5][14]$b$1763, Y=$memory$auto$proc_rom.cc:155:do_switch$57$rdmux[0][4][7]$a$1693
      New ports: A=1'0, B=$memory$auto$proc_rom.cc:155:do_switch$57$rdmux[0][5][14]$b$1763 [0], Y=$memory$auto$proc_rom.cc:155:do_switch$57$rdmux[0][4][7]$a$1693 [0]
      New connections: $memory$auto$proc_rom.cc:155:do_switch$57$rdmux[0][4][7]$a$1693 [6:1] = 6'101011
    Consolidated identical input bits for $mux cell $memory$auto$proc_rom.cc:155:do_switch$57$rdmux[0][5][10]$1749:
      Old ports: A=7'1010010, B=$memory$auto$proc_rom.cc:155:do_switch$57$rdmux[0][5][10]$b$1751, Y=$memory$auto$proc_rom.cc:155:do_switch$57$rdmux[0][4][5]$a$1687
      New ports: A=1'0, B=$memory$auto$proc_rom.cc:155:do_switch$57$rdmux[0][5][10]$b$1751 [0], Y=$memory$auto$proc_rom.cc:155:do_switch$57$rdmux[0][4][5]$a$1687 [0]
      New connections: $memory$auto$proc_rom.cc:155:do_switch$57$rdmux[0][4][5]$a$1687 [6:1] = 6'101001
    Consolidated identical input bits for $mux cell $memory$auto$proc_rom.cc:155:do_switch$57$rdmux[0][5][8]$1743:
      Old ports: A=7'1010000, B=$memory$auto$proc_rom.cc:155:do_switch$57$rdmux[0][5][8]$b$1745, Y=$memory$auto$proc_rom.cc:155:do_switch$57$rdmux[0][4][4]$a$1684
      New ports: A=1'0, B=$memory$auto$proc_rom.cc:155:do_switch$57$rdmux[0][5][8]$b$1745 [0], Y=$memory$auto$proc_rom.cc:155:do_switch$57$rdmux[0][4][4]$a$1684 [0]
      New connections: $memory$auto$proc_rom.cc:155:do_switch$57$rdmux[0][4][4]$a$1684 [6:1] = 6'101000
    Consolidated identical input bits for $mux cell $memory$auto$proc_rom.cc:155:do_switch$57$rdmux[0][5][5]$1734:
      Old ports: A=7'1001010, B=$memory$auto$proc_rom.cc:155:do_switch$57$rdmux[0][5][5]$b$1736, Y=$memory$auto$proc_rom.cc:155:do_switch$57$rdmux[0][4][2]$b$1679
      New ports: A=3'010, B={ $memory$auto$proc_rom.cc:155:do_switch$57$rdmux[0][5][5]$b$1736 [2] $memory$auto$proc_rom.cc:155:do_switch$57$rdmux[0][5][5]$b$1736 [0] $memory$auto$proc_rom.cc:155:do_switch$57$rdmux[0][5][5]$b$1736 [0] }, Y=$memory$auto$proc_rom.cc:155:do_switch$57$rdmux[0][4][2]$b$1679 [2:0]
      New connections: $memory$auto$proc_rom.cc:155:do_switch$57$rdmux[0][4][2]$b$1679 [6:3] = 4'1001
    Consolidated identical input bits for $mux cell $memory$auto$proc_rom.cc:155:do_switch$57$rdmux[0][5][4]$1731:
      Old ports: A=7'1001000, B=$memory$auto$proc_rom.cc:155:do_switch$57$rdmux[0][5][4]$b$1733, Y=$memory$auto$proc_rom.cc:155:do_switch$57$rdmux[0][4][2]$a$1678
      New ports: A=2'00, B=$memory$auto$proc_rom.cc:155:do_switch$57$rdmux[0][5][4]$b$1733 [1:0], Y=$memory$auto$proc_rom.cc:155:do_switch$57$rdmux[0][4][2]$a$1678 [1:0]
      New connections: $memory$auto$proc_rom.cc:155:do_switch$57$rdmux[0][4][2]$a$1678 [6:2] = 5'10010
    Consolidated identical input bits for $mux cell $memory$auto$proc_rom.cc:155:do_switch$57$rdmux[0][5][1]$1722:
      Old ports: A=$memory$auto$proc_rom.cc:155:do_switch$57$rdmux[0][5][1]$a$1723, B=$memory$auto$proc_rom.cc:155:do_switch$57$rdmux[0][5][1]$b$1724, Y=$memory$auto$proc_rom.cc:155:do_switch$57$rdmux[0][4][0]$b$1673
      New ports: A={ 1'0 $memory$auto$proc_rom.cc:155:do_switch$57$rdmux[0][5][1]$a$1723 [1] }, B={ 1'1 $memory$auto$proc_rom.cc:155:do_switch$57$rdmux[0][5][1]$b$1724 [1] }, Y=$memory$auto$proc_rom.cc:155:do_switch$57$rdmux[0][4][0]$b$1673 [2:1]
      New connections: { $memory$auto$proc_rom.cc:155:do_switch$57$rdmux[0][4][0]$b$1673 [6:3] $memory$auto$proc_rom.cc:155:do_switch$57$rdmux[0][4][0]$b$1673 [0] } = 5'01110
    Consolidated identical input bits for $mux cell $memory$auto$proc_rom.cc:155:do_switch$57$rdmux[0][5][0]$1719:
      Old ports: A=$memory$auto$proc_rom.cc:155:do_switch$57$rdmux[0][5][0]$a$1720, B=$memory$auto$proc_rom.cc:155:do_switch$57$rdmux[0][5][0]$b$1721, Y=$memory$auto$proc_rom.cc:155:do_switch$57$rdmux[0][4][0]$a$1672
      New ports: A={ $memory$auto$proc_rom.cc:155:do_switch$57$rdmux[0][5][0]$a$1720 [3] 1'0 $memory$auto$proc_rom.cc:155:do_switch$57$rdmux[0][5][0]$a$1720 [3] 1'0 }, B={ 3'110 $memory$auto$proc_rom.cc:155:do_switch$57$rdmux[0][5][0]$b$1721 [2] }, Y=$memory$auto$proc_rom.cc:155:do_switch$57$rdmux[0][4][0]$a$1672 [5:2]
      New connections: { $memory$auto$proc_rom.cc:155:do_switch$57$rdmux[0][4][0]$a$1672 [6] $memory$auto$proc_rom.cc:155:do_switch$57$rdmux[0][4][0]$a$1672 [1:0] } = 3'000
    Consolidated identical input bits for $mux cell $memory$auto$proc_rom.cc:155:do_switch$61$rdmux[0][6][63]$474:
      Old ports: A=$memory$auto$proc_rom.cc:155:do_switch$61$rdmux[0][6][63]$a$475, B=$memory$auto$proc_rom.cc:155:do_switch$61$rdmux[0][6][63]$b$476, Y=$memory$auto$proc_rom.cc:155:do_switch$61$rdmux[0][5][31]$b$284
      New ports: A={ $memory$auto$proc_rom.cc:155:do_switch$61$rdmux[0][6][63]$a$475 [0] $memory$auto$proc_rom.cc:155:do_switch$61$rdmux[0][6][63]$a$475 [2] $memory$auto$proc_rom.cc:155:do_switch$61$rdmux[0][6][63]$a$475 [2] $memory$auto$proc_rom.cc:155:do_switch$61$rdmux[0][6][63]$a$475 [2] $memory$auto$proc_rom.cc:155:do_switch$61$rdmux[0][6][63]$a$475 [0] $memory$auto$proc_rom.cc:155:do_switch$61$rdmux[0][6][63]$a$475 [0] }, B={ 1'1 $memory$auto$proc_rom.cc:155:do_switch$61$rdmux[0][6][63]$b$476 [0] $memory$auto$proc_rom.cc:155:do_switch$61$rdmux[0][6][63]$b$476 [1] 1'0 $memory$auto$proc_rom.cc:155:do_switch$61$rdmux[0][6][63]$b$476 [1:0] }, Y=$memory$auto$proc_rom.cc:155:do_switch$61$rdmux[0][5][31]$b$284 [5:0]
      New connections: $memory$auto$proc_rom.cc:155:do_switch$61$rdmux[0][5][31]$b$284 [8:6] = 3'000
    Consolidated identical input bits for $mux cell $memory$auto$proc_rom.cc:155:do_switch$61$rdmux[0][6][62]$471:
      Old ports: A=$memory$auto$proc_rom.cc:155:do_switch$61$rdmux[0][6][62]$a$472, B=$memory$auto$proc_rom.cc:155:do_switch$61$rdmux[0][6][62]$b$473, Y=$memory$auto$proc_rom.cc:155:do_switch$61$rdmux[0][5][31]$a$283
      New ports: A={ 2'00 $memory$auto$proc_rom.cc:155:do_switch$61$rdmux[0][6][62]$a$472 [0] $memory$auto$proc_rom.cc:155:do_switch$61$rdmux[0][6][62]$a$472 [0] $memory$auto$proc_rom.cc:155:do_switch$61$rdmux[0][6][62]$a$472 [0] }, B={ $memory$auto$proc_rom.cc:155:do_switch$61$rdmux[0][6][62]$b$473 [0] $memory$auto$proc_rom.cc:155:do_switch$61$rdmux[0][6][62]$b$473 [1] 1'1 $memory$auto$proc_rom.cc:155:do_switch$61$rdmux[0][6][62]$b$473 [1:0] }, Y=$memory$auto$proc_rom.cc:155:do_switch$61$rdmux[0][5][31]$a$283 [4:0]
      New connections: $memory$auto$proc_rom.cc:155:do_switch$61$rdmux[0][5][31]$a$283 [8:5] = 4'0000
    Consolidated identical input bits for $mux cell $memory$auto$proc_rom.cc:155:do_switch$61$rdmux[0][6][61]$468:
      Old ports: A=$memory$auto$proc_rom.cc:155:do_switch$61$rdmux[0][6][61]$a$469, B=$memory$auto$proc_rom.cc:155:do_switch$61$rdmux[0][6][61]$b$470, Y=$memory$auto$proc_rom.cc:155:do_switch$61$rdmux[0][5][30]$b$281
      New ports: A={ $memory$auto$proc_rom.cc:155:do_switch$61$rdmux[0][6][61]$a$469 [5] $memory$auto$proc_rom.cc:155:do_switch$61$rdmux[0][6][61]$a$469 [0] 1'0 $memory$auto$proc_rom.cc:155:do_switch$61$rdmux[0][6][61]$a$469 [0] }, B={ 1'0 $memory$auto$proc_rom.cc:155:do_switch$61$rdmux[0][6][61]$b$470 [4] 1'1 $memory$auto$proc_rom.cc:155:do_switch$61$rdmux[0][6][61]$b$470 [0] }, Y={ $memory$auto$proc_rom.cc:155:do_switch$61$rdmux[0][5][30]$b$281 [5:4] $memory$auto$proc_rom.cc:155:do_switch$61$rdmux[0][5][30]$b$281 [1:0] }
      New connections: { $memory$auto$proc_rom.cc:155:do_switch$61$rdmux[0][5][30]$b$281 [8:6] $memory$auto$proc_rom.cc:155:do_switch$61$rdmux[0][5][30]$b$281 [3:2] } = { 3'111 $memory$auto$proc_rom.cc:155:do_switch$61$rdmux[0][5][30]$b$281 [0] 1'1 }
    Consolidated identical input bits for $mux cell $memory$auto$proc_rom.cc:155:do_switch$61$rdmux[0][6][60]$465:
      Old ports: A=$memory$auto$proc_rom.cc:155:do_switch$61$rdmux[0][6][60]$a$466, B=$memory$auto$proc_rom.cc:155:do_switch$61$rdmux[0][6][60]$b$467, Y=$memory$auto$proc_rom.cc:155:do_switch$61$rdmux[0][5][30]$a$280
      New ports: A={ $memory$auto$proc_rom.cc:155:do_switch$61$rdmux[0][6][60]$a$466 [0] $memory$auto$proc_rom.cc:155:do_switch$61$rdmux[0][6][60]$a$466 [0] 1'0 $memory$auto$proc_rom.cc:155:do_switch$61$rdmux[0][6][60]$a$466 [0] }, B={ 1'1 $memory$auto$proc_rom.cc:155:do_switch$61$rdmux[0][6][60]$b$467 [4] 1'1 $memory$auto$proc_rom.cc:155:do_switch$61$rdmux[0][6][60]$b$467 [0] }, Y={ $memory$auto$proc_rom.cc:155:do_switch$61$rdmux[0][5][30]$a$280 [5:4] $memory$auto$proc_rom.cc:155:do_switch$61$rdmux[0][5][30]$a$280 [1:0] }
      New connections: { $memory$auto$proc_rom.cc:155:do_switch$61$rdmux[0][5][30]$a$280 [8:6] $memory$auto$proc_rom.cc:155:do_switch$61$rdmux[0][5][30]$a$280 [3:2] } = { $memory$auto$proc_rom.cc:155:do_switch$61$rdmux[0][5][30]$a$280 [5] $memory$auto$proc_rom.cc:155:do_switch$61$rdmux[0][5][30]$a$280 [5] $memory$auto$proc_rom.cc:155:do_switch$61$rdmux[0][5][30]$a$280 [5] $memory$auto$proc_rom.cc:155:do_switch$61$rdmux[0][5][30]$a$280 [0] 1'0 }
    Consolidated identical input bits for $mux cell $memory$auto$proc_rom.cc:155:do_switch$61$rdmux[0][6][59]$462:
      Old ports: A=$memory$auto$proc_rom.cc:155:do_switch$61$rdmux[0][6][59]$a$463, B=$memory$auto$proc_rom.cc:155:do_switch$61$rdmux[0][6][59]$b$464, Y=$memory$auto$proc_rom.cc:155:do_switch$61$rdmux[0][5][29]$b$278
      New ports: A={ 3'011 $memory$auto$proc_rom.cc:155:do_switch$61$rdmux[0][6][59]$a$463 [1] $memory$auto$proc_rom.cc:155:do_switch$61$rdmux[0][6][59]$a$463 [1] }, B={ 2'10 $memory$auto$proc_rom.cc:155:do_switch$61$rdmux[0][6][59]$b$464 [1] $memory$auto$proc_rom.cc:155:do_switch$61$rdmux[0][6][59]$b$464 [2:1] }, Y=$memory$auto$proc_rom.cc:155:do_switch$61$rdmux[0][5][29]$b$278 [5:1]
      New connections: { $memory$auto$proc_rom.cc:155:do_switch$61$rdmux[0][5][29]$b$278 [8:6] $memory$auto$proc_rom.cc:155:do_switch$61$rdmux[0][5][29]$b$278 [0] } = 4'0000
    Consolidated identical input bits for $mux cell $memory$auto$proc_rom.cc:155:do_switch$61$rdmux[0][6][58]$459:
      Old ports: A=$memory$auto$proc_rom.cc:155:do_switch$61$rdmux[0][6][58]$a$460, B=$memory$auto$proc_rom.cc:155:do_switch$61$rdmux[0][6][58]$b$461, Y=$memory$auto$proc_rom.cc:155:do_switch$61$rdmux[0][5][29]$a$277
      New ports: A={ 2'00 $memory$auto$proc_rom.cc:155:do_switch$61$rdmux[0][6][58]$a$460 [1] $memory$auto$proc_rom.cc:155:do_switch$61$rdmux[0][6][58]$a$460 [1] }, B={ $memory$auto$proc_rom.cc:155:do_switch$61$rdmux[0][6][58]$b$461 [1] $memory$auto$proc_rom.cc:155:do_switch$61$rdmux[0][6][58]$b$461 [2] $memory$auto$proc_rom.cc:155:do_switch$61$rdmux[0][6][58]$b$461 [2:1] }, Y=$memory$auto$proc_rom.cc:155:do_switch$61$rdmux[0][5][29]$a$277 [4:1]
      New connections: { $memory$auto$proc_rom.cc:155:do_switch$61$rdmux[0][5][29]$a$277 [8:5] $memory$auto$proc_rom.cc:155:do_switch$61$rdmux[0][5][29]$a$277 [0] } = 5'00000
    Consolidated identical input bits for $mux cell $memory$auto$proc_rom.cc:155:do_switch$61$rdmux[0][6][57]$456:
      Old ports: A=$memory$auto$proc_rom.cc:155:do_switch$61$rdmux[0][6][57]$a$457, B=$memory$auto$proc_rom.cc:155:do_switch$61$rdmux[0][6][57]$b$458, Y=$memory$auto$proc_rom.cc:155:do_switch$61$rdmux[0][5][28]$b$275
      New ports: A={ 1'1 $memory$auto$proc_rom.cc:155:do_switch$61$rdmux[0][6][57]$a$457 [3] 1'0 $memory$auto$proc_rom.cc:155:do_switch$61$rdmux[0][6][57]$a$457 [1] }, B={ 1'0 $memory$auto$proc_rom.cc:155:do_switch$61$rdmux[0][6][57]$b$458 [3] 1'1 $memory$auto$proc_rom.cc:155:do_switch$61$rdmux[0][6][57]$b$458 [1] }, Y={ $memory$auto$proc_rom.cc:155:do_switch$61$rdmux[0][5][28]$b$275 [5] $memory$auto$proc_rom.cc:155:do_switch$61$rdmux[0][5][28]$b$275 [3:1] }
      New connections: { $memory$auto$proc_rom.cc:155:do_switch$61$rdmux[0][5][28]$b$275 [8:6] $memory$auto$proc_rom.cc:155:do_switch$61$rdmux[0][5][28]$b$275 [4] $memory$auto$proc_rom.cc:155:do_switch$61$rdmux[0][5][28]$b$275 [0] } = { 3'111 $memory$auto$proc_rom.cc:155:do_switch$61$rdmux[0][5][28]$b$275 [2] 1'0 }
    Consolidated identical input bits for $mux cell $memory$auto$proc_rom.cc:155:do_switch$61$rdmux[0][6][56]$453:
      Old ports: A=$memory$auto$proc_rom.cc:155:do_switch$61$rdmux[0][6][56]$a$454, B=$memory$auto$proc_rom.cc:155:do_switch$61$rdmux[0][6][56]$b$455, Y=$memory$auto$proc_rom.cc:155:do_switch$61$rdmux[0][5][28]$a$274
      New ports: A={ $memory$auto$proc_rom.cc:155:do_switch$61$rdmux[0][6][56]$a$454 [1] $memory$auto$proc_rom.cc:155:do_switch$61$rdmux[0][6][56]$a$454 [1] 1'0 $memory$auto$proc_rom.cc:155:do_switch$61$rdmux[0][6][56]$a$454 [1] }, B={ 1'1 $memory$auto$proc_rom.cc:155:do_switch$61$rdmux[0][6][56]$b$455 [4] 1'1 $memory$auto$proc_rom.cc:155:do_switch$61$rdmux[0][6][56]$b$455 [1] }, Y={ $memory$auto$proc_rom.cc:155:do_switch$61$rdmux[0][5][28]$a$274 [5:4] $memory$auto$proc_rom.cc:155:do_switch$61$rdmux[0][5][28]$a$274 [2:1] }
      New connections: { $memory$auto$proc_rom.cc:155:do_switch$61$rdmux[0][5][28]$a$274 [8:6] $memory$auto$proc_rom.cc:155:do_switch$61$rdmux[0][5][28]$a$274 [3] $memory$auto$proc_rom.cc:155:do_switch$61$rdmux[0][5][28]$a$274 [0] } = { $memory$auto$proc_rom.cc:155:do_switch$61$rdmux[0][5][28]$a$274 [5] $memory$auto$proc_rom.cc:155:do_switch$61$rdmux[0][5][28]$a$274 [5] $memory$auto$proc_rom.cc:155:do_switch$61$rdmux[0][5][28]$a$274 [5] $memory$auto$proc_rom.cc:155:do_switch$61$rdmux[0][5][28]$a$274 [1] 1'0 }
    Consolidated identical input bits for $mux cell $memory$auto$proc_rom.cc:155:do_switch$61$rdmux[0][6][55]$450:
      Old ports: A=$memory$auto$proc_rom.cc:155:do_switch$61$rdmux[0][6][55]$a$451, B=$memory$auto$proc_rom.cc:155:do_switch$61$rdmux[0][6][55]$b$452, Y=$memory$auto$proc_rom.cc:155:do_switch$61$rdmux[0][5][27]$b$272
      New ports: A={ 2'01 $memory$auto$proc_rom.cc:155:do_switch$61$rdmux[0][6][55]$a$451 [0] $memory$auto$proc_rom.cc:155:do_switch$61$rdmux[0][6][55]$a$451 [2] 1'0 $memory$auto$proc_rom.cc:155:do_switch$61$rdmux[0][6][55]$a$451 [0] }, B={ $memory$auto$proc_rom.cc:155:do_switch$61$rdmux[0][6][55]$b$452 [0] $memory$auto$proc_rom.cc:155:do_switch$61$rdmux[0][6][55]$b$452 [2] $memory$auto$proc_rom.cc:155:do_switch$61$rdmux[0][6][55]$b$452 [2] $memory$auto$proc_rom.cc:155:do_switch$61$rdmux[0][6][55]$b$452 [2] 1'1 $memory$auto$proc_rom.cc:155:do_switch$61$rdmux[0][6][55]$b$452 [0] }, Y=$memory$auto$proc_rom.cc:155:do_switch$61$rdmux[0][5][27]$b$272 [5:0]
      New connections: $memory$auto$proc_rom.cc:155:do_switch$61$rdmux[0][5][27]$b$272 [8:6] = 3'000
    Consolidated identical input bits for $mux cell $memory$auto$proc_rom.cc:155:do_switch$61$rdmux[0][6][54]$447:
      Old ports: A=$memory$auto$proc_rom.cc:155:do_switch$61$rdmux[0][6][54]$a$448, B=$memory$auto$proc_rom.cc:155:do_switch$61$rdmux[0][6][54]$b$449, Y=$memory$auto$proc_rom.cc:155:do_switch$61$rdmux[0][5][27]$a$271
      New ports: A={ 1'0 $memory$auto$proc_rom.cc:155:do_switch$61$rdmux[0][6][54]$a$448 [0] }, B={ 1'1 $memory$auto$proc_rom.cc:155:do_switch$61$rdmux[0][6][54]$b$449 [0] }, Y=$memory$auto$proc_rom.cc:155:do_switch$61$rdmux[0][5][27]$a$271 [1:0]
      New connections: $memory$auto$proc_rom.cc:155:do_switch$61$rdmux[0][5][27]$a$271 [8:2] = { 5'00000 $memory$auto$proc_rom.cc:155:do_switch$61$rdmux[0][5][27]$a$271 [1:0] }
    Consolidated identical input bits for $mux cell $memory$auto$proc_rom.cc:155:do_switch$61$rdmux[0][6][53]$444:
      Old ports: A=$memory$auto$proc_rom.cc:155:do_switch$61$rdmux[0][6][53]$a$445, B=$memory$auto$proc_rom.cc:155:do_switch$61$rdmux[0][6][53]$b$446, Y=$memory$auto$proc_rom.cc:155:do_switch$61$rdmux[0][5][26]$b$269
      New ports: A={ 2'10 $memory$auto$proc_rom.cc:155:do_switch$61$rdmux[0][6][53]$a$445 [3] 1'1 $memory$auto$proc_rom.cc:155:do_switch$61$rdmux[0][6][53]$a$445 [0] $memory$auto$proc_rom.cc:155:do_switch$61$rdmux[0][6][53]$a$445 [0] }, B={ $memory$auto$proc_rom.cc:155:do_switch$61$rdmux[0][6][53]$b$446 [1:0] $memory$auto$proc_rom.cc:155:do_switch$61$rdmux[0][6][53]$b$446 [0] $memory$auto$proc_rom.cc:155:do_switch$61$rdmux[0][6][53]$b$446 [0] $memory$auto$proc_rom.cc:155:do_switch$61$rdmux[0][6][53]$b$446 [1:0] }, Y=$memory$auto$proc_rom.cc:155:do_switch$61$rdmux[0][5][26]$b$269 [5:0]
      New connections: $memory$auto$proc_rom.cc:155:do_switch$61$rdmux[0][5][26]$b$269 [8:6] = 3'111
    Consolidated identical input bits for $mux cell $memory$auto$proc_rom.cc:155:do_switch$61$rdmux[0][6][52]$441:
      Old ports: A=$memory$auto$proc_rom.cc:155:do_switch$61$rdmux[0][6][52]$a$442, B=$memory$auto$proc_rom.cc:155:do_switch$61$rdmux[0][6][52]$b$443, Y=$memory$auto$proc_rom.cc:155:do_switch$61$rdmux[0][5][26]$a$268
      New ports: A={ $memory$auto$proc_rom.cc:155:do_switch$61$rdmux[0][6][52]$a$442 [0] $memory$auto$proc_rom.cc:155:do_switch$61$rdmux[0][6][52]$a$442 [0] 1'0 $memory$auto$proc_rom.cc:155:do_switch$61$rdmux[0][6][52]$a$442 [0] $memory$auto$proc_rom.cc:155:do_switch$61$rdmux[0][6][52]$a$442 [0] }, B={ 2'10 $memory$auto$proc_rom.cc:155:do_switch$61$rdmux[0][6][52]$b$443 [1] $memory$auto$proc_rom.cc:155:do_switch$61$rdmux[0][6][52]$b$443 [1:0] }, Y=$memory$auto$proc_rom.cc:155:do_switch$61$rdmux[0][5][26]$a$268 [4:0]
      New connections: $memory$auto$proc_rom.cc:155:do_switch$61$rdmux[0][5][26]$a$268 [8:5] = { $memory$auto$proc_rom.cc:155:do_switch$61$rdmux[0][5][26]$a$268 [4] $memory$auto$proc_rom.cc:155:do_switch$61$rdmux[0][5][26]$a$268 [4] $memory$auto$proc_rom.cc:155:do_switch$61$rdmux[0][5][26]$a$268 [4] $memory$auto$proc_rom.cc:155:do_switch$61$rdmux[0][5][26]$a$268 [4] }
    Consolidated identical input bits for $mux cell $memory$auto$proc_rom.cc:155:do_switch$61$rdmux[0][6][51]$438:
      Old ports: A=$memory$auto$proc_rom.cc:155:do_switch$61$rdmux[0][6][51]$a$439, B=$memory$auto$proc_rom.cc:155:do_switch$61$rdmux[0][6][51]$b$440, Y=$memory$auto$proc_rom.cc:155:do_switch$61$rdmux[0][5][25]$b$266
      New ports: A={ 1'0 $memory$auto$proc_rom.cc:155:do_switch$61$rdmux[0][6][51]$a$439 [2] }, B={ 1'1 $memory$auto$proc_rom.cc:155:do_switch$61$rdmux[0][6][51]$b$440 [2] }, Y=$memory$auto$proc_rom.cc:155:do_switch$61$rdmux[0][5][25]$b$266 [3:2]
      New connections: { $memory$auto$proc_rom.cc:155:do_switch$61$rdmux[0][5][25]$b$266 [8:4] $memory$auto$proc_rom.cc:155:do_switch$61$rdmux[0][5][25]$b$266 [1:0] } = 7'0000100
    Consolidated identical input bits for $mux cell $memory$auto$proc_rom.cc:155:do_switch$61$rdmux[0][6][50]$435:
      Old ports: A=$memory$auto$proc_rom.cc:155:do_switch$61$rdmux[0][6][50]$a$436, B=$memory$auto$proc_rom.cc:155:do_switch$61$rdmux[0][6][50]$b$437, Y=$memory$auto$proc_rom.cc:155:do_switch$61$rdmux[0][5][25]$a$265
      New ports: A={ 1'0 $memory$auto$proc_rom.cc:155:do_switch$61$rdmux[0][6][50]$a$436 [2] }, B={ 1'1 $memory$auto$proc_rom.cc:155:do_switch$61$rdmux[0][6][50]$b$437 [2] }, Y=$memory$auto$proc_rom.cc:155:do_switch$61$rdmux[0][5][25]$a$265 [3:2]
      New connections: { $memory$auto$proc_rom.cc:155:do_switch$61$rdmux[0][5][25]$a$265 [8:4] $memory$auto$proc_rom.cc:155:do_switch$61$rdmux[0][5][25]$a$265 [1:0] } = 7'0000000
    Consolidated identical input bits for $mux cell $memory$auto$proc_rom.cc:155:do_switch$61$rdmux[0][6][49]$432:
      Old ports: A=$memory$auto$proc_rom.cc:155:do_switch$61$rdmux[0][6][49]$a$433, B=$memory$auto$proc_rom.cc:155:do_switch$61$rdmux[0][6][49]$b$434, Y=$memory$auto$proc_rom.cc:155:do_switch$61$rdmux[0][5][24]$b$263
      New ports: A={ $memory$auto$proc_rom.cc:155:do_switch$61$rdmux[0][6][49]$a$433 [4] $memory$auto$proc_rom.cc:155:do_switch$61$rdmux[0][6][49]$a$433 [2] $memory$auto$proc_rom.cc:155:do_switch$61$rdmux[0][6][49]$a$433 [2] }, B={ 1'0 $memory$auto$proc_rom.cc:155:do_switch$61$rdmux[0][6][49]$b$434 [3:2] }, Y=$memory$auto$proc_rom.cc:155:do_switch$61$rdmux[0][5][24]$b$263 [4:2]
      New connections: { $memory$auto$proc_rom.cc:155:do_switch$61$rdmux[0][5][24]$b$263 [8:5] $memory$auto$proc_rom.cc:155:do_switch$61$rdmux[0][5][24]$b$263 [1:0] } = 6'111100
    Consolidated identical input bits for $mux cell $memory$auto$proc_rom.cc:155:do_switch$61$rdmux[0][6][48]$429:
      Old ports: A=$memory$auto$proc_rom.cc:155:do_switch$61$rdmux[0][6][48]$a$430, B=$memory$auto$proc_rom.cc:155:do_switch$61$rdmux[0][6][48]$b$431, Y=$memory$auto$proc_rom.cc:155:do_switch$61$rdmux[0][5][24]$a$262
      New ports: A={ $memory$auto$proc_rom.cc:155:do_switch$61$rdmux[0][6][48]$a$430 [2] $memory$auto$proc_rom.cc:155:do_switch$61$rdmux[0][6][48]$a$430 [2] $memory$auto$proc_rom.cc:155:do_switch$61$rdmux[0][6][48]$a$430 [2] }, B={ 1'1 $memory$auto$proc_rom.cc:155:do_switch$61$rdmux[0][6][48]$b$431 [3:2] }, Y=$memory$auto$proc_rom.cc:155:do_switch$61$rdmux[0][5][24]$a$262 [4:2]
      New connections: { $memory$auto$proc_rom.cc:155:do_switch$61$rdmux[0][5][24]$a$262 [8:5] $memory$auto$proc_rom.cc:155:do_switch$61$rdmux[0][5][24]$a$262 [1:0] } = { $memory$auto$proc_rom.cc:155:do_switch$61$rdmux[0][5][24]$a$262 [4] $memory$auto$proc_rom.cc:155:do_switch$61$rdmux[0][5][24]$a$262 [4] $memory$auto$proc_rom.cc:155:do_switch$61$rdmux[0][5][24]$a$262 [4] $memory$auto$proc_rom.cc:155:do_switch$61$rdmux[0][5][24]$a$262 [4] 2'00 }
    Consolidated identical input bits for $mux cell $memory$auto$proc_rom.cc:155:do_switch$61$rdmux[0][6][47]$426:
      Old ports: A=$memory$auto$proc_rom.cc:155:do_switch$61$rdmux[0][6][47]$a$427, B=$memory$auto$proc_rom.cc:155:do_switch$61$rdmux[0][6][47]$b$428, Y=$memory$auto$proc_rom.cc:155:do_switch$61$rdmux[0][5][23]$b$260
      New ports: A={ 3'011 $memory$auto$proc_rom.cc:155:do_switch$61$rdmux[0][6][47]$a$427 [0] $memory$auto$proc_rom.cc:155:do_switch$61$rdmux[0][6][47]$a$427 [0] }, B={ 2'10 $memory$auto$proc_rom.cc:155:do_switch$61$rdmux[0][6][47]$b$428 [0] $memory$auto$proc_rom.cc:155:do_switch$61$rdmux[0][6][47]$b$428 [1:0] }, Y=$memory$auto$proc_rom.cc:155:do_switch$61$rdmux[0][5][23]$b$260 [4:0]
      New connections: $memory$auto$proc_rom.cc:155:do_switch$61$rdmux[0][5][23]$b$260 [8:5] = 4'0000
    Consolidated identical input bits for $mux cell $memory$auto$proc_rom.cc:155:do_switch$61$rdmux[0][6][46]$423:
      Old ports: A=$memory$auto$proc_rom.cc:155:do_switch$61$rdmux[0][6][46]$a$424, B=$memory$auto$proc_rom.cc:155:do_switch$61$rdmux[0][6][46]$b$425, Y=$memory$auto$proc_rom.cc:155:do_switch$61$rdmux[0][5][23]$a$259
      New ports: A={ 2'00 $memory$auto$proc_rom.cc:155:do_switch$61$rdmux[0][6][46]$a$424 [0] $memory$auto$proc_rom.cc:155:do_switch$61$rdmux[0][6][46]$a$424 [0] }, B={ $memory$auto$proc_rom.cc:155:do_switch$61$rdmux[0][6][46]$b$425 [0] $memory$auto$proc_rom.cc:155:do_switch$61$rdmux[0][6][46]$b$425 [1] $memory$auto$proc_rom.cc:155:do_switch$61$rdmux[0][6][46]$b$425 [1:0] }, Y=$memory$auto$proc_rom.cc:155:do_switch$61$rdmux[0][5][23]$a$259 [3:0]
      New connections: $memory$auto$proc_rom.cc:155:do_switch$61$rdmux[0][5][23]$a$259 [8:4] = 5'00000
    Consolidated identical input bits for $mux cell $memory$auto$proc_rom.cc:155:do_switch$61$rdmux[0][6][45]$420:
      Old ports: A=$memory$auto$proc_rom.cc:155:do_switch$61$rdmux[0][6][45]$a$421, B=$memory$auto$proc_rom.cc:155:do_switch$61$rdmux[0][6][45]$b$422, Y=$memory$auto$proc_rom.cc:155:do_switch$61$rdmux[0][5][22]$b$257
      New ports: A={ 1'1 $memory$auto$proc_rom.cc:155:do_switch$61$rdmux[0][6][45]$a$421 [2] 1'0 $memory$auto$proc_rom.cc:155:do_switch$61$rdmux[0][6][45]$a$421 [0] }, B={ 1'0 $memory$auto$proc_rom.cc:155:do_switch$61$rdmux[0][6][45]$b$422 [2] 1'1 $memory$auto$proc_rom.cc:155:do_switch$61$rdmux[0][6][45]$b$422 [0] }, Y={ $memory$auto$proc_rom.cc:155:do_switch$61$rdmux[0][5][22]$b$257 [4] $memory$auto$proc_rom.cc:155:do_switch$61$rdmux[0][5][22]$b$257 [2:0] }
      New connections: { $memory$auto$proc_rom.cc:155:do_switch$61$rdmux[0][5][22]$b$257 [8:5] $memory$auto$proc_rom.cc:155:do_switch$61$rdmux[0][5][22]$b$257 [3] } = { 4'1111 $memory$auto$proc_rom.cc:155:do_switch$61$rdmux[0][5][22]$b$257 [1] }
    Consolidated identical input bits for $mux cell $memory$auto$proc_rom.cc:155:do_switch$61$rdmux[0][6][44]$417:
      Old ports: A=$memory$auto$proc_rom.cc:155:do_switch$61$rdmux[0][6][44]$a$418, B=$memory$auto$proc_rom.cc:155:do_switch$61$rdmux[0][6][44]$b$419, Y=$memory$auto$proc_rom.cc:155:do_switch$61$rdmux[0][5][22]$a$256
      New ports: A={ $memory$auto$proc_rom.cc:155:do_switch$61$rdmux[0][6][44]$a$418 [0] $memory$auto$proc_rom.cc:155:do_switch$61$rdmux[0][6][44]$a$418 [0] 1'0 $memory$auto$proc_rom.cc:155:do_switch$61$rdmux[0][6][44]$a$418 [0] }, B={ 1'1 $memory$auto$proc_rom.cc:155:do_switch$61$rdmux[0][6][44]$b$419 [3] 1'1 $memory$auto$proc_rom.cc:155:do_switch$61$rdmux[0][6][44]$b$419 [0] }, Y={ $memory$auto$proc_rom.cc:155:do_switch$61$rdmux[0][5][22]$a$256 [4:3] $memory$auto$proc_rom.cc:155:do_switch$61$rdmux[0][5][22]$a$256 [1:0] }
      New connections: { $memory$auto$proc_rom.cc:155:do_switch$61$rdmux[0][5][22]$a$256 [8:5] $memory$auto$proc_rom.cc:155:do_switch$61$rdmux[0][5][22]$a$256 [2] } = { $memory$auto$proc_rom.cc:155:do_switch$61$rdmux[0][5][22]$a$256 [4] $memory$auto$proc_rom.cc:155:do_switch$61$rdmux[0][5][22]$a$256 [4] $memory$auto$proc_rom.cc:155:do_switch$61$rdmux[0][5][22]$a$256 [4] $memory$auto$proc_rom.cc:155:do_switch$61$rdmux[0][5][22]$a$256 [4] $memory$auto$proc_rom.cc:155:do_switch$61$rdmux[0][5][22]$a$256 [0] }
    Consolidated identical input bits for $mux cell $memory$auto$proc_rom.cc:155:do_switch$61$rdmux[0][6][43]$414:
      Old ports: A=$memory$auto$proc_rom.cc:155:do_switch$61$rdmux[0][6][43]$a$415, B=$memory$auto$proc_rom.cc:155:do_switch$61$rdmux[0][6][43]$b$416, Y=$memory$auto$proc_rom.cc:155:do_switch$61$rdmux[0][5][21]$b$254
      New ports: A={ 1'0 $memory$auto$proc_rom.cc:155:do_switch$61$rdmux[0][6][43]$a$415 [1] }, B={ 1'1 $memory$auto$proc_rom.cc:155:do_switch$61$rdmux[0][6][43]$b$416 [1] }, Y=$memory$auto$proc_rom.cc:155:do_switch$61$rdmux[0][5][21]$b$254 [2:1]
      New connections: { $memory$auto$proc_rom.cc:155:do_switch$61$rdmux[0][5][21]$b$254 [8:3] $memory$auto$proc_rom.cc:155:do_switch$61$rdmux[0][5][21]$b$254 [0] } = 7'0000010
    Consolidated identical input bits for $mux cell $memory$auto$proc_rom.cc:155:do_switch$61$rdmux[0][6][42]$411:
      Old ports: A=$memory$auto$proc_rom.cc:155:do_switch$61$rdmux[0][6][42]$a$412, B=$memory$auto$proc_rom.cc:155:do_switch$61$rdmux[0][6][42]$b$413, Y=$memory$auto$proc_rom.cc:155:do_switch$61$rdmux[0][5][21]$a$253
      New ports: A={ 1'0 $memory$auto$proc_rom.cc:155:do_switch$61$rdmux[0][6][42]$a$412 [1] }, B={ 1'1 $memory$auto$proc_rom.cc:155:do_switch$61$rdmux[0][6][42]$b$413 [1] }, Y=$memory$auto$proc_rom.cc:155:do_switch$61$rdmux[0][5][21]$a$253 [2:1]
      New connections: { $memory$auto$proc_rom.cc:155:do_switch$61$rdmux[0][5][21]$a$253 [8:3] $memory$auto$proc_rom.cc:155:do_switch$61$rdmux[0][5][21]$a$253 [0] } = 7'0000000
    Consolidated identical input bits for $mux cell $memory$auto$proc_rom.cc:155:do_switch$61$rdmux[0][6][41]$408:
      Old ports: A=$memory$auto$proc_rom.cc:155:do_switch$61$rdmux[0][6][41]$a$409, B=$memory$auto$proc_rom.cc:155:do_switch$61$rdmux[0][6][41]$b$410, Y=$memory$auto$proc_rom.cc:155:do_switch$61$rdmux[0][5][20]$b$251
      New ports: A={ $memory$auto$proc_rom.cc:155:do_switch$61$rdmux[0][6][41]$a$409 [3] $memory$auto$proc_rom.cc:155:do_switch$61$rdmux[0][6][41]$a$409 [1] $memory$auto$proc_rom.cc:155:do_switch$61$rdmux[0][6][41]$a$409 [1] }, B={ 1'0 $memory$auto$proc_rom.cc:155:do_switch$61$rdmux[0][6][41]$b$410 [2:1] }, Y=$memory$auto$proc_rom.cc:155:do_switch$61$rdmux[0][5][20]$b$251 [3:1]
      New connections: { $memory$auto$proc_rom.cc:155:do_switch$61$rdmux[0][5][20]$b$251 [8:4] $memory$auto$proc_rom.cc:155:do_switch$61$rdmux[0][5][20]$b$251 [0] } = 6'111110
    Consolidated identical input bits for $mux cell $memory$auto$proc_rom.cc:155:do_switch$61$rdmux[0][6][40]$405:
      Old ports: A=$memory$auto$proc_rom.cc:155:do_switch$61$rdmux[0][6][40]$a$406, B=$memory$auto$proc_rom.cc:155:do_switch$61$rdmux[0][6][40]$b$407, Y=$memory$auto$proc_rom.cc:155:do_switch$61$rdmux[0][5][20]$a$250
      New ports: A={ $memory$auto$proc_rom.cc:155:do_switch$61$rdmux[0][6][40]$a$406 [1] $memory$auto$proc_rom.cc:155:do_switch$61$rdmux[0][6][40]$a$406 [1] $memory$auto$proc_rom.cc:155:do_switch$61$rdmux[0][6][40]$a$406 [1] }, B={ 1'1 $memory$auto$proc_rom.cc:155:do_switch$61$rdmux[0][6][40]$b$407 [2:1] }, Y=$memory$auto$proc_rom.cc:155:do_switch$61$rdmux[0][5][20]$a$250 [3:1]
      New connections: { $memory$auto$proc_rom.cc:155:do_switch$61$rdmux[0][5][20]$a$250 [8:4] $memory$auto$proc_rom.cc:155:do_switch$61$rdmux[0][5][20]$a$250 [0] } = { $memory$auto$proc_rom.cc:155:do_switch$61$rdmux[0][5][20]$a$250 [3] $memory$auto$proc_rom.cc:155:do_switch$61$rdmux[0][5][20]$a$250 [3] $memory$auto$proc_rom.cc:155:do_switch$61$rdmux[0][5][20]$a$250 [3] $memory$auto$proc_rom.cc:155:do_switch$61$rdmux[0][5][20]$a$250 [3] $memory$auto$proc_rom.cc:155:do_switch$61$rdmux[0][5][20]$a$250 [3] 1'0 }
    Consolidated identical input bits for $mux cell $memory$auto$proc_rom.cc:155:do_switch$61$rdmux[0][6][39]$402:
      Old ports: A=$memory$auto$proc_rom.cc:155:do_switch$61$rdmux[0][6][39]$a$403, B=$memory$auto$proc_rom.cc:155:do_switch$61$rdmux[0][6][39]$b$404, Y=$memory$auto$proc_rom.cc:155:do_switch$61$rdmux[0][5][19]$b$248
      New ports: A={ 1'0 $memory$auto$proc_rom.cc:155:do_switch$61$rdmux[0][6][39]$a$403 [0] }, B={ 1'1 $memory$auto$proc_rom.cc:155:do_switch$61$rdmux[0][6][39]$b$404 [0] }, Y=$memory$auto$proc_rom.cc:155:do_switch$61$rdmux[0][5][19]$b$248 [1:0]
      New connections: $memory$auto$proc_rom.cc:155:do_switch$61$rdmux[0][5][19]$b$248 [8:2] = 7'0000001
    Consolidated identical input bits for $mux cell $memory$auto$proc_rom.cc:155:do_switch$61$rdmux[0][6][38]$399:
      Old ports: A=$memory$auto$proc_rom.cc:155:do_switch$61$rdmux[0][6][38]$a$400, B=$memory$auto$proc_rom.cc:155:do_switch$61$rdmux[0][6][38]$b$401, Y=$memory$auto$proc_rom.cc:155:do_switch$61$rdmux[0][5][19]$a$247
      New ports: A={ 1'0 $memory$auto$proc_rom.cc:155:do_switch$61$rdmux[0][6][38]$a$400 [0] }, B={ 1'1 $memory$auto$proc_rom.cc:155:do_switch$61$rdmux[0][6][38]$b$401 [0] }, Y=$memory$auto$proc_rom.cc:155:do_switch$61$rdmux[0][5][19]$a$247 [1:0]
      New connections: $memory$auto$proc_rom.cc:155:do_switch$61$rdmux[0][5][19]$a$247 [8:2] = 7'0000000
    Consolidated identical input bits for $mux cell $memory$auto$proc_rom.cc:155:do_switch$61$rdmux[0][6][37]$396:
      Old ports: A=$memory$auto$proc_rom.cc:155:do_switch$61$rdmux[0][6][37]$a$397, B=$memory$auto$proc_rom.cc:155:do_switch$61$rdmux[0][6][37]$b$398, Y=$memory$auto$proc_rom.cc:155:do_switch$61$rdmux[0][5][18]$b$245
      New ports: A={ $memory$auto$proc_rom.cc:155:do_switch$61$rdmux[0][6][37]$a$397 [2] $memory$auto$proc_rom.cc:155:do_switch$61$rdmux[0][6][37]$a$397 [0] $memory$auto$proc_rom.cc:155:do_switch$61$rdmux[0][6][37]$a$397 [0] }, B={ 1'0 $memory$auto$proc_rom.cc:155:do_switch$61$rdmux[0][6][37]$b$398 [1:0] }, Y=$memory$auto$proc_rom.cc:155:do_switch$61$rdmux[0][5][18]$b$245 [2:0]
      New connections: $memory$auto$proc_rom.cc:155:do_switch$61$rdmux[0][5][18]$b$245 [8:3] = 6'111111
    Consolidated identical input bits for $mux cell $memory$auto$proc_rom.cc:155:do_switch$61$rdmux[0][6][36]$393:
      Old ports: A=$memory$auto$proc_rom.cc:155:do_switch$61$rdmux[0][6][36]$a$394, B=$memory$auto$proc_rom.cc:155:do_switch$61$rdmux[0][6][36]$b$395, Y=$memory$auto$proc_rom.cc:155:do_switch$61$rdmux[0][5][18]$a$244
      New ports: A={ $memory$auto$proc_rom.cc:155:do_switch$61$rdmux[0][6][36]$a$394 [0] $memory$auto$proc_rom.cc:155:do_switch$61$rdmux[0][6][36]$a$394 [0] $memory$auto$proc_rom.cc:155:do_switch$61$rdmux[0][6][36]$a$394 [0] }, B={ 1'1 $memory$auto$proc_rom.cc:155:do_switch$61$rdmux[0][6][36]$b$395 [1:0] }, Y=$memory$auto$proc_rom.cc:155:do_switch$61$rdmux[0][5][18]$a$244 [2:0]
      New connections: $memory$auto$proc_rom.cc:155:do_switch$61$rdmux[0][5][18]$a$244 [8:3] = { $memory$auto$proc_rom.cc:155:do_switch$61$rdmux[0][5][18]$a$244 [2] $memory$auto$proc_rom.cc:155:do_switch$61$rdmux[0][5][18]$a$244 [2] $memory$auto$proc_rom.cc:155:do_switch$61$rdmux[0][5][18]$a$244 [2] $memory$auto$proc_rom.cc:155:do_switch$61$rdmux[0][5][18]$a$244 [2] $memory$auto$proc_rom.cc:155:do_switch$61$rdmux[0][5][18]$a$244 [2] $memory$auto$proc_rom.cc:155:do_switch$61$rdmux[0][5][18]$a$244 [2] }
    Consolidated identical input bits for $mux cell $memory$auto$proc_rom.cc:155:do_switch$61$rdmux[0][6][31]$378:
      Old ports: A=$memory$auto$proc_rom.cc:155:do_switch$61$rdmux[0][6][31]$a$379, B=$memory$auto$proc_rom.cc:155:do_switch$61$rdmux[0][6][31]$b$380, Y=$memory$auto$proc_rom.cc:155:do_switch$61$rdmux[0][5][15]$b$236
      New ports: A={ $memory$auto$proc_rom.cc:155:do_switch$61$rdmux[0][6][31]$a$379 [5] $memory$auto$proc_rom.cc:155:do_switch$61$rdmux[0][6][31]$a$379 [0] 1'0 $memory$auto$proc_rom.cc:155:do_switch$61$rdmux[0][6][31]$a$379 [0] }, B={ 1'0 $memory$auto$proc_rom.cc:155:do_switch$61$rdmux[0][6][31]$b$380 [4] 1'1 $memory$auto$proc_rom.cc:155:do_switch$61$rdmux[0][6][31]$b$380 [0] }, Y={ $memory$auto$proc_rom.cc:155:do_switch$61$rdmux[0][5][15]$b$236 [5:4] $memory$auto$proc_rom.cc:155:do_switch$61$rdmux[0][5][15]$b$236 [1:0] }
      New connections: { $memory$auto$proc_rom.cc:155:do_switch$61$rdmux[0][5][15]$b$236 [8:6] $memory$auto$proc_rom.cc:155:do_switch$61$rdmux[0][5][15]$b$236 [3:2] } = { 3'111 $memory$auto$proc_rom.cc:155:do_switch$61$rdmux[0][5][15]$b$236 [0] 1'1 }
    Consolidated identical input bits for $mux cell $memory$auto$proc_rom.cc:155:do_switch$61$rdmux[0][6][30]$375:
      Old ports: A=$memory$auto$proc_rom.cc:155:do_switch$61$rdmux[0][6][30]$a$376, B=$memory$auto$proc_rom.cc:155:do_switch$61$rdmux[0][6][30]$b$377, Y=$memory$auto$proc_rom.cc:155:do_switch$61$rdmux[0][5][15]$a$235
      New ports: A={ $memory$auto$proc_rom.cc:155:do_switch$61$rdmux[0][6][30]$a$376 [0] $memory$auto$proc_rom.cc:155:do_switch$61$rdmux[0][6][30]$a$376 [0] 1'0 $memory$auto$proc_rom.cc:155:do_switch$61$rdmux[0][6][30]$a$376 [0] }, B={ 1'1 $memory$auto$proc_rom.cc:155:do_switch$61$rdmux[0][6][30]$b$377 [4] 1'1 $memory$auto$proc_rom.cc:155:do_switch$61$rdmux[0][6][30]$b$377 [0] }, Y={ $memory$auto$proc_rom.cc:155:do_switch$61$rdmux[0][5][15]$a$235 [5:4] $memory$auto$proc_rom.cc:155:do_switch$61$rdmux[0][5][15]$a$235 [1:0] }
      New connections: { $memory$auto$proc_rom.cc:155:do_switch$61$rdmux[0][5][15]$a$235 [8:6] $memory$auto$proc_rom.cc:155:do_switch$61$rdmux[0][5][15]$a$235 [3:2] } = { $memory$auto$proc_rom.cc:155:do_switch$61$rdmux[0][5][15]$a$235 [5] $memory$auto$proc_rom.cc:155:do_switch$61$rdmux[0][5][15]$a$235 [5] $memory$auto$proc_rom.cc:155:do_switch$61$rdmux[0][5][15]$a$235 [5] $memory$auto$proc_rom.cc:155:do_switch$61$rdmux[0][5][15]$a$235 [0] 1'0 }
    Consolidated identical input bits for $mux cell $memory$auto$proc_rom.cc:155:do_switch$61$rdmux[0][6][29]$372:
      Old ports: A=$memory$auto$proc_rom.cc:155:do_switch$61$rdmux[0][6][29]$a$373, B=$memory$auto$proc_rom.cc:155:do_switch$61$rdmux[0][6][29]$b$374, Y=$memory$auto$proc_rom.cc:155:do_switch$61$rdmux[0][5][14]$b$233
      New ports: A={ $memory$auto$proc_rom.cc:155:do_switch$61$rdmux[0][6][29]$a$373 [0] $memory$auto$proc_rom.cc:155:do_switch$61$rdmux[0][6][29]$a$373 [2] $memory$auto$proc_rom.cc:155:do_switch$61$rdmux[0][6][29]$a$373 [2] $memory$auto$proc_rom.cc:155:do_switch$61$rdmux[0][6][29]$a$373 [2] $memory$auto$proc_rom.cc:155:do_switch$61$rdmux[0][6][29]$a$373 [0] $memory$auto$proc_rom.cc:155:do_switch$61$rdmux[0][6][29]$a$373 [0] }, B={ 1'1 $memory$auto$proc_rom.cc:155:do_switch$61$rdmux[0][6][29]$b$374 [0] $memory$auto$proc_rom.cc:155:do_switch$61$rdmux[0][6][29]$b$374 [1] 1'0 $memory$auto$proc_rom.cc:155:do_switch$61$rdmux[0][6][29]$b$374 [1:0] }, Y=$memory$auto$proc_rom.cc:155:do_switch$61$rdmux[0][5][14]$b$233 [5:0]
      New connections: $memory$auto$proc_rom.cc:155:do_switch$61$rdmux[0][5][14]$b$233 [8:6] = 3'000
    Consolidated identical input bits for $mux cell $memory$auto$proc_rom.cc:155:do_switch$61$rdmux[0][6][28]$369:
      Old ports: A=$memory$auto$proc_rom.cc:155:do_switch$61$rdmux[0][6][28]$a$370, B=$memory$auto$proc_rom.cc:155:do_switch$61$rdmux[0][6][28]$b$371, Y=$memory$auto$proc_rom.cc:155:do_switch$61$rdmux[0][5][14]$a$232
      New ports: A={ 2'00 $memory$auto$proc_rom.cc:155:do_switch$61$rdmux[0][6][28]$a$370 [0] $memory$auto$proc_rom.cc:155:do_switch$61$rdmux[0][6][28]$a$370 [0] $memory$auto$proc_rom.cc:155:do_switch$61$rdmux[0][6][28]$a$370 [0] }, B={ $memory$auto$proc_rom.cc:155:do_switch$61$rdmux[0][6][28]$b$371 [0] $memory$auto$proc_rom.cc:155:do_switch$61$rdmux[0][6][28]$b$371 [1] 1'1 $memory$auto$proc_rom.cc:155:do_switch$61$rdmux[0][6][28]$b$371 [1:0] }, Y=$memory$auto$proc_rom.cc:155:do_switch$61$rdmux[0][5][14]$a$232 [4:0]
      New connections: $memory$auto$proc_rom.cc:155:do_switch$61$rdmux[0][5][14]$a$232 [8:5] = 4'0000
    Consolidated identical input bits for $mux cell $memory$auto$proc_rom.cc:155:do_switch$61$rdmux[0][6][27]$366:
      Old ports: A=$memory$auto$proc_rom.cc:155:do_switch$61$rdmux[0][6][27]$a$367, B=$memory$auto$proc_rom.cc:155:do_switch$61$rdmux[0][6][27]$b$368, Y=$memory$auto$proc_rom.cc:155:do_switch$61$rdmux[0][5][13]$b$230
      New ports: A={ 1'1 $memory$auto$proc_rom.cc:155:do_switch$61$rdmux[0][6][27]$a$367 [3] 1'0 $memory$auto$proc_rom.cc:155:do_switch$61$rdmux[0][6][27]$a$367 [1] }, B={ 1'0 $memory$auto$proc_rom.cc:155:do_switch$61$rdmux[0][6][27]$b$368 [3] 1'1 $memory$auto$proc_rom.cc:155:do_switch$61$rdmux[0][6][27]$b$368 [1] }, Y={ $memory$auto$proc_rom.cc:155:do_switch$61$rdmux[0][5][13]$b$230 [5] $memory$auto$proc_rom.cc:155:do_switch$61$rdmux[0][5][13]$b$230 [3:1] }
      New connections: { $memory$auto$proc_rom.cc:155:do_switch$61$rdmux[0][5][13]$b$230 [8:6] $memory$auto$proc_rom.cc:155:do_switch$61$rdmux[0][5][13]$b$230 [4] $memory$auto$proc_rom.cc:155:do_switch$61$rdmux[0][5][13]$b$230 [0] } = { 3'111 $memory$auto$proc_rom.cc:155:do_switch$61$rdmux[0][5][13]$b$230 [2] 1'0 }
    Consolidated identical input bits for $mux cell $memory$auto$proc_rom.cc:155:do_switch$61$rdmux[0][6][26]$363:
      Old ports: A=$memory$auto$proc_rom.cc:155:do_switch$61$rdmux[0][6][26]$a$364, B=$memory$auto$proc_rom.cc:155:do_switch$61$rdmux[0][6][26]$b$365, Y=$memory$auto$proc_rom.cc:155:do_switch$61$rdmux[0][5][13]$a$229
      New ports: A={ $memory$auto$proc_rom.cc:155:do_switch$61$rdmux[0][6][26]$a$364 [1] $memory$auto$proc_rom.cc:155:do_switch$61$rdmux[0][6][26]$a$364 [1] 1'0 $memory$auto$proc_rom.cc:155:do_switch$61$rdmux[0][6][26]$a$364 [1] }, B={ 1'1 $memory$auto$proc_rom.cc:155:do_switch$61$rdmux[0][6][26]$b$365 [4] 1'1 $memory$auto$proc_rom.cc:155:do_switch$61$rdmux[0][6][26]$b$365 [1] }, Y={ $memory$auto$proc_rom.cc:155:do_switch$61$rdmux[0][5][13]$a$229 [5:4] $memory$auto$proc_rom.cc:155:do_switch$61$rdmux[0][5][13]$a$229 [2:1] }
      New connections: { $memory$auto$proc_rom.cc:155:do_switch$61$rdmux[0][5][13]$a$229 [8:6] $memory$auto$proc_rom.cc:155:do_switch$61$rdmux[0][5][13]$a$229 [3] $memory$auto$proc_rom.cc:155:do_switch$61$rdmux[0][5][13]$a$229 [0] } = { $memory$auto$proc_rom.cc:155:do_switch$61$rdmux[0][5][13]$a$229 [5] $memory$auto$proc_rom.cc:155:do_switch$61$rdmux[0][5][13]$a$229 [5] $memory$auto$proc_rom.cc:155:do_switch$61$rdmux[0][5][13]$a$229 [5] $memory$auto$proc_rom.cc:155:do_switch$61$rdmux[0][5][13]$a$229 [1] 1'0 }
    Consolidated identical input bits for $mux cell $memory$auto$proc_rom.cc:155:do_switch$61$rdmux[0][6][25]$360:
      Old ports: A=$memory$auto$proc_rom.cc:155:do_switch$61$rdmux[0][6][25]$a$361, B=$memory$auto$proc_rom.cc:155:do_switch$61$rdmux[0][6][25]$b$362, Y=$memory$auto$proc_rom.cc:155:do_switch$61$rdmux[0][5][12]$b$227
      New ports: A={ 3'011 $memory$auto$proc_rom.cc:155:do_switch$61$rdmux[0][6][25]$a$361 [1] $memory$auto$proc_rom.cc:155:do_switch$61$rdmux[0][6][25]$a$361 [1] }, B={ 2'10 $memory$auto$proc_rom.cc:155:do_switch$61$rdmux[0][6][25]$b$362 [1] $memory$auto$proc_rom.cc:155:do_switch$61$rdmux[0][6][25]$b$362 [2:1] }, Y=$memory$auto$proc_rom.cc:155:do_switch$61$rdmux[0][5][12]$b$227 [5:1]
      New connections: { $memory$auto$proc_rom.cc:155:do_switch$61$rdmux[0][5][12]$b$227 [8:6] $memory$auto$proc_rom.cc:155:do_switch$61$rdmux[0][5][12]$b$227 [0] } = 4'0000
    Consolidated identical input bits for $mux cell $memory$auto$proc_rom.cc:155:do_switch$61$rdmux[0][6][24]$357:
      Old ports: A=$memory$auto$proc_rom.cc:155:do_switch$61$rdmux[0][6][24]$a$358, B=$memory$auto$proc_rom.cc:155:do_switch$61$rdmux[0][6][24]$b$359, Y=$memory$auto$proc_rom.cc:155:do_switch$61$rdmux[0][5][12]$a$226
      New ports: A={ 2'00 $memory$auto$proc_rom.cc:155:do_switch$61$rdmux[0][6][24]$a$358 [1] $memory$auto$proc_rom.cc:155:do_switch$61$rdmux[0][6][24]$a$358 [1] }, B={ $memory$auto$proc_rom.cc:155:do_switch$61$rdmux[0][6][24]$b$359 [1] $memory$auto$proc_rom.cc:155:do_switch$61$rdmux[0][6][24]$b$359 [2] $memory$auto$proc_rom.cc:155:do_switch$61$rdmux[0][6][24]$b$359 [2:1] }, Y=$memory$auto$proc_rom.cc:155:do_switch$61$rdmux[0][5][12]$a$226 [4:1]
      New connections: { $memory$auto$proc_rom.cc:155:do_switch$61$rdmux[0][5][12]$a$226 [8:5] $memory$auto$proc_rom.cc:155:do_switch$61$rdmux[0][5][12]$a$226 [0] } = 5'00000
    Consolidated identical input bits for $mux cell $memory$auto$proc_rom.cc:155:do_switch$61$rdmux[0][6][23]$354:
      Old ports: A=$memory$auto$proc_rom.cc:155:do_switch$61$rdmux[0][6][23]$a$355, B=$memory$auto$proc_rom.cc:155:do_switch$61$rdmux[0][6][23]$b$356, Y=$memory$auto$proc_rom.cc:155:do_switch$61$rdmux[0][5][11]$b$224
      New ports: A={ 2'10 $memory$auto$proc_rom.cc:155:do_switch$61$rdmux[0][6][23]$a$355 [3] 1'1 $memory$auto$proc_rom.cc:155:do_switch$61$rdmux[0][6][23]$a$355 [0] $memory$auto$proc_rom.cc:155:do_switch$61$rdmux[0][6][23]$a$355 [0] }, B={ $memory$auto$proc_rom.cc:155:do_switch$61$rdmux[0][6][23]$b$356 [1:0] $memory$auto$proc_rom.cc:155:do_switch$61$rdmux[0][6][23]$b$356 [0] $memory$auto$proc_rom.cc:155:do_switch$61$rdmux[0][6][23]$b$356 [0] $memory$auto$proc_rom.cc:155:do_switch$61$rdmux[0][6][23]$b$356 [1:0] }, Y=$memory$auto$proc_rom.cc:155:do_switch$61$rdmux[0][5][11]$b$224 [5:0]
      New connections: $memory$auto$proc_rom.cc:155:do_switch$61$rdmux[0][5][11]$b$224 [8:6] = 3'111
    Consolidated identical input bits for $mux cell $memory$auto$proc_rom.cc:155:do_switch$61$rdmux[0][6][22]$351:
      Old ports: A=$memory$auto$proc_rom.cc:155:do_switch$61$rdmux[0][6][22]$a$352, B=$memory$auto$proc_rom.cc:155:do_switch$61$rdmux[0][6][22]$b$353, Y=$memory$auto$proc_rom.cc:155:do_switch$61$rdmux[0][5][11]$a$223
      New ports: A={ $memory$auto$proc_rom.cc:155:do_switch$61$rdmux[0][6][22]$a$352 [0] $memory$auto$proc_rom.cc:155:do_switch$61$rdmux[0][6][22]$a$352 [0] 1'0 $memory$auto$proc_rom.cc:155:do_switch$61$rdmux[0][6][22]$a$352 [0] $memory$auto$proc_rom.cc:155:do_switch$61$rdmux[0][6][22]$a$352 [0] }, B={ 2'10 $memory$auto$proc_rom.cc:155:do_switch$61$rdmux[0][6][22]$b$353 [1] $memory$auto$proc_rom.cc:155:do_switch$61$rdmux[0][6][22]$b$353 [1:0] }, Y=$memory$auto$proc_rom.cc:155:do_switch$61$rdmux[0][5][11]$a$223 [4:0]
      New connections: $memory$auto$proc_rom.cc:155:do_switch$61$rdmux[0][5][11]$a$223 [8:5] = { $memory$auto$proc_rom.cc:155:do_switch$61$rdmux[0][5][11]$a$223 [4] $memory$auto$proc_rom.cc:155:do_switch$61$rdmux[0][5][11]$a$223 [4] $memory$auto$proc_rom.cc:155:do_switch$61$rdmux[0][5][11]$a$223 [4] $memory$auto$proc_rom.cc:155:do_switch$61$rdmux[0][5][11]$a$223 [4] }
    Consolidated identical input bits for $mux cell $memory$auto$proc_rom.cc:155:do_switch$61$rdmux[0][6][21]$348:
      Old ports: A=$memory$auto$proc_rom.cc:155:do_switch$61$rdmux[0][6][21]$a$349, B=$memory$auto$proc_rom.cc:155:do_switch$61$rdmux[0][6][21]$b$350, Y=$memory$auto$proc_rom.cc:155:do_switch$61$rdmux[0][5][10]$b$221
      New ports: A={ 2'01 $memory$auto$proc_rom.cc:155:do_switch$61$rdmux[0][6][21]$a$349 [0] $memory$auto$proc_rom.cc:155:do_switch$61$rdmux[0][6][21]$a$349 [2] 1'0 $memory$auto$proc_rom.cc:155:do_switch$61$rdmux[0][6][21]$a$349 [0] }, B={ $memory$auto$proc_rom.cc:155:do_switch$61$rdmux[0][6][21]$b$350 [0] $memory$auto$proc_rom.cc:155:do_switch$61$rdmux[0][6][21]$b$350 [2] $memory$auto$proc_rom.cc:155:do_switch$61$rdmux[0][6][21]$b$350 [2] $memory$auto$proc_rom.cc:155:do_switch$61$rdmux[0][6][21]$b$350 [2] 1'1 $memory$auto$proc_rom.cc:155:do_switch$61$rdmux[0][6][21]$b$350 [0] }, Y=$memory$auto$proc_rom.cc:155:do_switch$61$rdmux[0][5][10]$b$221 [5:0]
      New connections: $memory$auto$proc_rom.cc:155:do_switch$61$rdmux[0][5][10]$b$221 [8:6] = 3'000
    Consolidated identical input bits for $mux cell $memory$auto$proc_rom.cc:155:do_switch$61$rdmux[0][6][20]$345:
      Old ports: A=$memory$auto$proc_rom.cc:155:do_switch$61$rdmux[0][6][20]$a$346, B=$memory$auto$proc_rom.cc:155:do_switch$61$rdmux[0][6][20]$b$347, Y=$memory$auto$proc_rom.cc:155:do_switch$61$rdmux[0][5][10]$a$220
      New ports: A={ 1'0 $memory$auto$proc_rom.cc:155:do_switch$61$rdmux[0][6][20]$a$346 [0] }, B={ 1'1 $memory$auto$proc_rom.cc:155:do_switch$61$rdmux[0][6][20]$b$347 [0] }, Y=$memory$auto$proc_rom.cc:155:do_switch$61$rdmux[0][5][10]$a$220 [1:0]
      New connections: $memory$auto$proc_rom.cc:155:do_switch$61$rdmux[0][5][10]$a$220 [8:2] = { 5'00000 $memory$auto$proc_rom.cc:155:do_switch$61$rdmux[0][5][10]$a$220 [1:0] }
    Consolidated identical input bits for $mux cell $memory$auto$proc_rom.cc:155:do_switch$61$rdmux[0][6][19]$342:
      Old ports: A=$memory$auto$proc_rom.cc:155:do_switch$61$rdmux[0][6][19]$a$343, B=$memory$auto$proc_rom.cc:155:do_switch$61$rdmux[0][6][19]$b$344, Y=$memory$auto$proc_rom.cc:155:do_switch$61$rdmux[0][5][9]$b$218
      New ports: A={ $memory$auto$proc_rom.cc:155:do_switch$61$rdmux[0][6][19]$a$343 [4] $memory$auto$proc_rom.cc:155:do_switch$61$rdmux[0][6][19]$a$343 [2] $memory$auto$proc_rom.cc:155:do_switch$61$rdmux[0][6][19]$a$343 [2] }, B={ 1'0 $memory$auto$proc_rom.cc:155:do_switch$61$rdmux[0][6][19]$b$344 [3:2] }, Y=$memory$auto$proc_rom.cc:155:do_switch$61$rdmux[0][5][9]$b$218 [4:2]
      New connections: { $memory$auto$proc_rom.cc:155:do_switch$61$rdmux[0][5][9]$b$218 [8:5] $memory$auto$proc_rom.cc:155:do_switch$61$rdmux[0][5][9]$b$218 [1:0] } = 6'111100
    Consolidated identical input bits for $mux cell $memory$auto$proc_rom.cc:155:do_switch$61$rdmux[0][6][18]$339:
      Old ports: A=$memory$auto$proc_rom.cc:155:do_switch$61$rdmux[0][6][18]$a$340, B=$memory$auto$proc_rom.cc:155:do_switch$61$rdmux[0][6][18]$b$341, Y=$memory$auto$proc_rom.cc:155:do_switch$61$rdmux[0][5][9]$a$217
      New ports: A={ $memory$auto$proc_rom.cc:155:do_switch$61$rdmux[0][6][18]$a$340 [2] $memory$auto$proc_rom.cc:155:do_switch$61$rdmux[0][6][18]$a$340 [2] $memory$auto$proc_rom.cc:155:do_switch$61$rdmux[0][6][18]$a$340 [2] }, B={ 1'1 $memory$auto$proc_rom.cc:155:do_switch$61$rdmux[0][6][18]$b$341 [3:2] }, Y=$memory$auto$proc_rom.cc:155:do_switch$61$rdmux[0][5][9]$a$217 [4:2]
      New connections: { $memory$auto$proc_rom.cc:155:do_switch$61$rdmux[0][5][9]$a$217 [8:5] $memory$auto$proc_rom.cc:155:do_switch$61$rdmux[0][5][9]$a$217 [1:0] } = { $memory$auto$proc_rom.cc:155:do_switch$61$rdmux[0][5][9]$a$217 [4] $memory$auto$proc_rom.cc:155:do_switch$61$rdmux[0][5][9]$a$217 [4] $memory$auto$proc_rom.cc:155:do_switch$61$rdmux[0][5][9]$a$217 [4] $memory$auto$proc_rom.cc:155:do_switch$61$rdmux[0][5][9]$a$217 [4] 2'00 }
    Consolidated identical input bits for $mux cell $memory$auto$proc_rom.cc:155:do_switch$61$rdmux[0][6][17]$336:
      Old ports: A=$memory$auto$proc_rom.cc:155:do_switch$61$rdmux[0][6][17]$a$337, B=$memory$auto$proc_rom.cc:155:do_switch$61$rdmux[0][6][17]$b$338, Y=$memory$auto$proc_rom.cc:155:do_switch$61$rdmux[0][5][8]$b$215
      New ports: A={ 1'0 $memory$auto$proc_rom.cc:155:do_switch$61$rdmux[0][6][17]$a$337 [2] }, B={ 1'1 $memory$auto$proc_rom.cc:155:do_switch$61$rdmux[0][6][17]$b$338 [2] }, Y=$memory$auto$proc_rom.cc:155:do_switch$61$rdmux[0][5][8]$b$215 [3:2]
      New connections: { $memory$auto$proc_rom.cc:155:do_switch$61$rdmux[0][5][8]$b$215 [8:4] $memory$auto$proc_rom.cc:155:do_switch$61$rdmux[0][5][8]$b$215 [1:0] } = 7'0000100
    Consolidated identical input bits for $mux cell $memory$auto$proc_rom.cc:155:do_switch$61$rdmux[0][6][16]$333:
      Old ports: A=$memory$auto$proc_rom.cc:155:do_switch$61$rdmux[0][6][16]$a$334, B=$memory$auto$proc_rom.cc:155:do_switch$61$rdmux[0][6][16]$b$335, Y=$memory$auto$proc_rom.cc:155:do_switch$61$rdmux[0][5][8]$a$214
      New ports: A={ 1'0 $memory$auto$proc_rom.cc:155:do_switch$61$rdmux[0][6][16]$a$334 [2] }, B={ 1'1 $memory$auto$proc_rom.cc:155:do_switch$61$rdmux[0][6][16]$b$335 [2] }, Y=$memory$auto$proc_rom.cc:155:do_switch$61$rdmux[0][5][8]$a$214 [3:2]
      New connections: { $memory$auto$proc_rom.cc:155:do_switch$61$rdmux[0][5][8]$a$214 [8:4] $memory$auto$proc_rom.cc:155:do_switch$61$rdmux[0][5][8]$a$214 [1:0] } = 7'0000000
    Consolidated identical input bits for $mux cell $memory$auto$proc_rom.cc:155:do_switch$61$rdmux[0][6][15]$330:
      Old ports: A=$memory$auto$proc_rom.cc:155:do_switch$61$rdmux[0][6][15]$a$331, B=$memory$auto$proc_rom.cc:155:do_switch$61$rdmux[0][6][15]$b$332, Y=$memory$auto$proc_rom.cc:155:do_switch$61$rdmux[0][5][7]$b$212
      New ports: A={ 1'1 $memory$auto$proc_rom.cc:155:do_switch$61$rdmux[0][6][15]$a$331 [2] 1'0 $memory$auto$proc_rom.cc:155:do_switch$61$rdmux[0][6][15]$a$331 [0] }, B={ 1'0 $memory$auto$proc_rom.cc:155:do_switch$61$rdmux[0][6][15]$b$332 [2] 1'1 $memory$auto$proc_rom.cc:155:do_switch$61$rdmux[0][6][15]$b$332 [0] }, Y={ $memory$auto$proc_rom.cc:155:do_switch$61$rdmux[0][5][7]$b$212 [4] $memory$auto$proc_rom.cc:155:do_switch$61$rdmux[0][5][7]$b$212 [2:0] }
      New connections: { $memory$auto$proc_rom.cc:155:do_switch$61$rdmux[0][5][7]$b$212 [8:5] $memory$auto$proc_rom.cc:155:do_switch$61$rdmux[0][5][7]$b$212 [3] } = { 4'1111 $memory$auto$proc_rom.cc:155:do_switch$61$rdmux[0][5][7]$b$212 [1] }
    Consolidated identical input bits for $mux cell $memory$auto$proc_rom.cc:155:do_switch$61$rdmux[0][6][14]$327:
      Old ports: A=$memory$auto$proc_rom.cc:155:do_switch$61$rdmux[0][6][14]$a$328, B=$memory$auto$proc_rom.cc:155:do_switch$61$rdmux[0][6][14]$b$329, Y=$memory$auto$proc_rom.cc:155:do_switch$61$rdmux[0][5][7]$a$211
      New ports: A={ $memory$auto$proc_rom.cc:155:do_switch$61$rdmux[0][6][14]$a$328 [0] $memory$auto$proc_rom.cc:155:do_switch$61$rdmux[0][6][14]$a$328 [0] 1'0 $memory$auto$proc_rom.cc:155:do_switch$61$rdmux[0][6][14]$a$328 [0] }, B={ 1'1 $memory$auto$proc_rom.cc:155:do_switch$61$rdmux[0][6][14]$b$329 [3] 1'1 $memory$auto$proc_rom.cc:155:do_switch$61$rdmux[0][6][14]$b$329 [0] }, Y={ $memory$auto$proc_rom.cc:155:do_switch$61$rdmux[0][5][7]$a$211 [4:3] $memory$auto$proc_rom.cc:155:do_switch$61$rdmux[0][5][7]$a$211 [1:0] }
      New connections: { $memory$auto$proc_rom.cc:155:do_switch$61$rdmux[0][5][7]$a$211 [8:5] $memory$auto$proc_rom.cc:155:do_switch$61$rdmux[0][5][7]$a$211 [2] } = { $memory$auto$proc_rom.cc:155:do_switch$61$rdmux[0][5][7]$a$211 [4] $memory$auto$proc_rom.cc:155:do_switch$61$rdmux[0][5][7]$a$211 [4] $memory$auto$proc_rom.cc:155:do_switch$61$rdmux[0][5][7]$a$211 [4] $memory$auto$proc_rom.cc:155:do_switch$61$rdmux[0][5][7]$a$211 [4] $memory$auto$proc_rom.cc:155:do_switch$61$rdmux[0][5][7]$a$211 [0] }
    Consolidated identical input bits for $mux cell $memory$auto$proc_rom.cc:155:do_switch$61$rdmux[0][6][13]$324:
      Old ports: A=$memory$auto$proc_rom.cc:155:do_switch$61$rdmux[0][6][13]$a$325, B=$memory$auto$proc_rom.cc:155:do_switch$61$rdmux[0][6][13]$b$326, Y=$memory$auto$proc_rom.cc:155:do_switch$61$rdmux[0][5][6]$b$209
      New ports: A={ 3'011 $memory$auto$proc_rom.cc:155:do_switch$61$rdmux[0][6][13]$a$325 [0] $memory$auto$proc_rom.cc:155:do_switch$61$rdmux[0][6][13]$a$325 [0] }, B={ 2'10 $memory$auto$proc_rom.cc:155:do_switch$61$rdmux[0][6][13]$b$326 [0] $memory$auto$proc_rom.cc:155:do_switch$61$rdmux[0][6][13]$b$326 [1:0] }, Y=$memory$auto$proc_rom.cc:155:do_switch$61$rdmux[0][5][6]$b$209 [4:0]
      New connections: $memory$auto$proc_rom.cc:155:do_switch$61$rdmux[0][5][6]$b$209 [8:5] = 4'0000
    Consolidated identical input bits for $mux cell $memory$auto$proc_rom.cc:155:do_switch$61$rdmux[0][6][12]$321:
      Old ports: A=$memory$auto$proc_rom.cc:155:do_switch$61$rdmux[0][6][12]$a$322, B=$memory$auto$proc_rom.cc:155:do_switch$61$rdmux[0][6][12]$b$323, Y=$memory$auto$proc_rom.cc:155:do_switch$61$rdmux[0][5][6]$a$208
      New ports: A={ 2'00 $memory$auto$proc_rom.cc:155:do_switch$61$rdmux[0][6][12]$a$322 [0] $memory$auto$proc_rom.cc:155:do_switch$61$rdmux[0][6][12]$a$322 [0] }, B={ $memory$auto$proc_rom.cc:155:do_switch$61$rdmux[0][6][12]$b$323 [0] $memory$auto$proc_rom.cc:155:do_switch$61$rdmux[0][6][12]$b$323 [1] $memory$auto$proc_rom.cc:155:do_switch$61$rdmux[0][6][12]$b$323 [1:0] }, Y=$memory$auto$proc_rom.cc:155:do_switch$61$rdmux[0][5][6]$a$208 [3:0]
      New connections: $memory$auto$proc_rom.cc:155:do_switch$61$rdmux[0][5][6]$a$208 [8:4] = 5'00000
    Consolidated identical input bits for $mux cell $memory$auto$proc_rom.cc:155:do_switch$61$rdmux[0][6][11]$318:
      Old ports: A=$memory$auto$proc_rom.cc:155:do_switch$61$rdmux[0][6][11]$a$319, B=$memory$auto$proc_rom.cc:155:do_switch$61$rdmux[0][6][11]$b$320, Y=$memory$auto$proc_rom.cc:155:do_switch$61$rdmux[0][5][5]$b$206
      New ports: A={ $memory$auto$proc_rom.cc:155:do_switch$61$rdmux[0][6][11]$a$319 [3] $memory$auto$proc_rom.cc:155:do_switch$61$rdmux[0][6][11]$a$319 [1] $memory$auto$proc_rom.cc:155:do_switch$61$rdmux[0][6][11]$a$319 [1] }, B={ 1'0 $memory$auto$proc_rom.cc:155:do_switch$61$rdmux[0][6][11]$b$320 [2:1] }, Y=$memory$auto$proc_rom.cc:155:do_switch$61$rdmux[0][5][5]$b$206 [3:1]
      New connections: { $memory$auto$proc_rom.cc:155:do_switch$61$rdmux[0][5][5]$b$206 [8:4] $memory$auto$proc_rom.cc:155:do_switch$61$rdmux[0][5][5]$b$206 [0] } = 6'111110
    Consolidated identical input bits for $mux cell $memory$auto$proc_rom.cc:155:do_switch$61$rdmux[0][6][10]$315:
      Old ports: A=$memory$auto$proc_rom.cc:155:do_switch$61$rdmux[0][6][10]$a$316, B=$memory$auto$proc_rom.cc:155:do_switch$61$rdmux[0][6][10]$b$317, Y=$memory$auto$proc_rom.cc:155:do_switch$61$rdmux[0][5][5]$a$205
      New ports: A={ $memory$auto$proc_rom.cc:155:do_switch$61$rdmux[0][6][10]$a$316 [1] $memory$auto$proc_rom.cc:155:do_switch$61$rdmux[0][6][10]$a$316 [1] $memory$auto$proc_rom.cc:155:do_switch$61$rdmux[0][6][10]$a$316 [1] }, B={ 1'1 $memory$auto$proc_rom.cc:155:do_switch$61$rdmux[0][6][10]$b$317 [2:1] }, Y=$memory$auto$proc_rom.cc:155:do_switch$61$rdmux[0][5][5]$a$205 [3:1]
      New connections: { $memory$auto$proc_rom.cc:155:do_switch$61$rdmux[0][5][5]$a$205 [8:4] $memory$auto$proc_rom.cc:155:do_switch$61$rdmux[0][5][5]$a$205 [0] } = { $memory$auto$proc_rom.cc:155:do_switch$61$rdmux[0][5][5]$a$205 [3] $memory$auto$proc_rom.cc:155:do_switch$61$rdmux[0][5][5]$a$205 [3] $memory$auto$proc_rom.cc:155:do_switch$61$rdmux[0][5][5]$a$205 [3] $memory$auto$proc_rom.cc:155:do_switch$61$rdmux[0][5][5]$a$205 [3] $memory$auto$proc_rom.cc:155:do_switch$61$rdmux[0][5][5]$a$205 [3] 1'0 }
    Consolidated identical input bits for $mux cell $memory$auto$proc_rom.cc:155:do_switch$61$rdmux[0][6][9]$312:
      Old ports: A=$memory$auto$proc_rom.cc:155:do_switch$61$rdmux[0][6][9]$a$313, B=$memory$auto$proc_rom.cc:155:do_switch$61$rdmux[0][6][9]$b$314, Y=$memory$auto$proc_rom.cc:155:do_switch$61$rdmux[0][5][4]$b$203
      New ports: A={ 1'0 $memory$auto$proc_rom.cc:155:do_switch$61$rdmux[0][6][9]$a$313 [1] }, B={ 1'1 $memory$auto$proc_rom.cc:155:do_switch$61$rdmux[0][6][9]$b$314 [1] }, Y=$memory$auto$proc_rom.cc:155:do_switch$61$rdmux[0][5][4]$b$203 [2:1]
      New connections: { $memory$auto$proc_rom.cc:155:do_switch$61$rdmux[0][5][4]$b$203 [8:3] $memory$auto$proc_rom.cc:155:do_switch$61$rdmux[0][5][4]$b$203 [0] } = 7'0000010
    Consolidated identical input bits for $mux cell $memory$auto$proc_rom.cc:155:do_switch$61$rdmux[0][6][8]$309:
      Old ports: A=$memory$auto$proc_rom.cc:155:do_switch$61$rdmux[0][6][8]$a$310, B=$memory$auto$proc_rom.cc:155:do_switch$61$rdmux[0][6][8]$b$311, Y=$memory$auto$proc_rom.cc:155:do_switch$61$rdmux[0][5][4]$a$202
      New ports: A={ 1'0 $memory$auto$proc_rom.cc:155:do_switch$61$rdmux[0][6][8]$a$310 [1] }, B={ 1'1 $memory$auto$proc_rom.cc:155:do_switch$61$rdmux[0][6][8]$b$311 [1] }, Y=$memory$auto$proc_rom.cc:155:do_switch$61$rdmux[0][5][4]$a$202 [2:1]
      New connections: { $memory$auto$proc_rom.cc:155:do_switch$61$rdmux[0][5][4]$a$202 [8:3] $memory$auto$proc_rom.cc:155:do_switch$61$rdmux[0][5][4]$a$202 [0] } = 7'0000000
    Consolidated identical input bits for $mux cell $memory$auto$proc_rom.cc:155:do_switch$61$rdmux[0][6][7]$306:
      Old ports: A=$memory$auto$proc_rom.cc:155:do_switch$61$rdmux[0][6][7]$a$307, B=$memory$auto$proc_rom.cc:155:do_switch$61$rdmux[0][6][7]$b$308, Y=$memory$auto$proc_rom.cc:155:do_switch$61$rdmux[0][5][3]$b$200
      New ports: A={ $memory$auto$proc_rom.cc:155:do_switch$61$rdmux[0][6][7]$a$307 [2] $memory$auto$proc_rom.cc:155:do_switch$61$rdmux[0][6][7]$a$307 [0] $memory$auto$proc_rom.cc:155:do_switch$61$rdmux[0][6][7]$a$307 [0] }, B={ 1'0 $memory$auto$proc_rom.cc:155:do_switch$61$rdmux[0][6][7]$b$308 [1:0] }, Y=$memory$auto$proc_rom.cc:155:do_switch$61$rdmux[0][5][3]$b$200 [2:0]
      New connections: $memory$auto$proc_rom.cc:155:do_switch$61$rdmux[0][5][3]$b$200 [8:3] = 6'111111
    Consolidated identical input bits for $mux cell $memory$auto$proc_rom.cc:155:do_switch$61$rdmux[0][6][6]$303:
      Old ports: A=$memory$auto$proc_rom.cc:155:do_switch$61$rdmux[0][6][6]$a$304, B=$memory$auto$proc_rom.cc:155:do_switch$61$rdmux[0][6][6]$b$305, Y=$memory$auto$proc_rom.cc:155:do_switch$61$rdmux[0][5][3]$a$199
      New ports: A={ $memory$auto$proc_rom.cc:155:do_switch$61$rdmux[0][6][6]$a$304 [0] $memory$auto$proc_rom.cc:155:do_switch$61$rdmux[0][6][6]$a$304 [0] $memory$auto$proc_rom.cc:155:do_switch$61$rdmux[0][6][6]$a$304 [0] }, B={ 1'1 $memory$auto$proc_rom.cc:155:do_switch$61$rdmux[0][6][6]$b$305 [1:0] }, Y=$memory$auto$proc_rom.cc:155:do_switch$61$rdmux[0][5][3]$a$199 [2:0]
      New connections: $memory$auto$proc_rom.cc:155:do_switch$61$rdmux[0][5][3]$a$199 [8:3] = { $memory$auto$proc_rom.cc:155:do_switch$61$rdmux[0][5][3]$a$199 [2] $memory$auto$proc_rom.cc:155:do_switch$61$rdmux[0][5][3]$a$199 [2] $memory$auto$proc_rom.cc:155:do_switch$61$rdmux[0][5][3]$a$199 [2] $memory$auto$proc_rom.cc:155:do_switch$61$rdmux[0][5][3]$a$199 [2] $memory$auto$proc_rom.cc:155:do_switch$61$rdmux[0][5][3]$a$199 [2] $memory$auto$proc_rom.cc:155:do_switch$61$rdmux[0][5][3]$a$199 [2] }
    Consolidated identical input bits for $mux cell $memory$auto$proc_rom.cc:155:do_switch$61$rdmux[0][6][5]$300:
      Old ports: A=$memory$auto$proc_rom.cc:155:do_switch$61$rdmux[0][6][5]$a$301, B=$memory$auto$proc_rom.cc:155:do_switch$61$rdmux[0][6][5]$b$302, Y=$memory$auto$proc_rom.cc:155:do_switch$61$rdmux[0][5][2]$b$197
      New ports: A={ 1'0 $memory$auto$proc_rom.cc:155:do_switch$61$rdmux[0][6][5]$a$301 [0] }, B={ 1'1 $memory$auto$proc_rom.cc:155:do_switch$61$rdmux[0][6][5]$b$302 [0] }, Y=$memory$auto$proc_rom.cc:155:do_switch$61$rdmux[0][5][2]$b$197 [1:0]
      New connections: $memory$auto$proc_rom.cc:155:do_switch$61$rdmux[0][5][2]$b$197 [8:2] = 7'0000001
    Consolidated identical input bits for $mux cell $memory$auto$proc_rom.cc:155:do_switch$61$rdmux[0][6][4]$297:
      Old ports: A=$memory$auto$proc_rom.cc:155:do_switch$61$rdmux[0][6][4]$a$298, B=$memory$auto$proc_rom.cc:155:do_switch$61$rdmux[0][6][4]$b$299, Y=$memory$auto$proc_rom.cc:155:do_switch$61$rdmux[0][5][2]$a$196
      New ports: A={ 1'0 $memory$auto$proc_rom.cc:155:do_switch$61$rdmux[0][6][4]$a$298 [0] }, B={ 1'1 $memory$auto$proc_rom.cc:155:do_switch$61$rdmux[0][6][4]$b$299 [0] }, Y=$memory$auto$proc_rom.cc:155:do_switch$61$rdmux[0][5][2]$a$196 [1:0]
      New connections: $memory$auto$proc_rom.cc:155:do_switch$61$rdmux[0][5][2]$a$196 [8:2] = 7'0000000
    Consolidated identical input bits for $mux cell $memory$auto$proc_rom.cc:155:do_switch$57$rdmux[0][5][3]$1728:
      Old ports: A=$memory$auto$proc_rom.cc:155:do_switch$57$rdmux[0][5][3]$a$1729, B=$memory$auto$proc_rom.cc:155:do_switch$57$rdmux[0][5][3]$b$1730, Y=$memory$auto$proc_rom.cc:155:do_switch$57$rdmux[0][4][1]$b$1676
      New ports: A={ 1'0 $memory$auto$proc_rom.cc:155:do_switch$57$rdmux[0][5][3]$a$1729 [0] }, B={ 1'1 $memory$auto$proc_rom.cc:155:do_switch$57$rdmux[0][5][3]$b$1730 [0] }, Y=$memory$auto$proc_rom.cc:155:do_switch$57$rdmux[0][4][1]$b$1676 [1:0]
      New connections: $memory$auto$proc_rom.cc:155:do_switch$57$rdmux[0][4][1]$b$1676 [6:2] = 5'10001
    Consolidated identical input bits for $mux cell $memory$auto$proc_rom.cc:155:do_switch$57$rdmux[0][5][7]$1740:
      Old ports: A=7'1001110, B=$memory$auto$proc_rom.cc:155:do_switch$57$rdmux[0][5][7]$b$1742, Y=$memory$auto$proc_rom.cc:155:do_switch$57$rdmux[0][4][3]$b$1682
      New ports: A=3'010, B={ $memory$auto$proc_rom.cc:155:do_switch$57$rdmux[0][5][7]$b$1742 [4] $memory$auto$proc_rom.cc:155:do_switch$57$rdmux[0][5][7]$b$1742 [0] $memory$auto$proc_rom.cc:155:do_switch$57$rdmux[0][5][7]$b$1742 [0] }, Y={ $memory$auto$proc_rom.cc:155:do_switch$57$rdmux[0][4][3]$b$1682 [4] $memory$auto$proc_rom.cc:155:do_switch$57$rdmux[0][4][3]$b$1682 [1:0] }
      New connections: { $memory$auto$proc_rom.cc:155:do_switch$57$rdmux[0][4][3]$b$1682 [6:5] $memory$auto$proc_rom.cc:155:do_switch$57$rdmux[0][4][3]$b$1682 [3:2] } = { 2'10 $memory$auto$proc_rom.cc:155:do_switch$57$rdmux[0][4][3]$b$1682 [1] $memory$auto$proc_rom.cc:155:do_switch$57$rdmux[0][4][3]$b$1682 [1] }
    Consolidated identical input bits for $mux cell $memory$auto$proc_rom.cc:155:do_switch$57$rdmux[0][5][17]$1770:
      Old ports: A=$memory$auto$proc_rom.cc:155:do_switch$57$rdmux[0][5][17]$a$1771, B=7'1011001, Y=$memory$auto$proc_rom.cc:155:do_switch$57$rdmux[0][4][8]$b$1697
      New ports: A=$memory$auto$proc_rom.cc:155:do_switch$57$rdmux[0][5][17]$a$1771 [0], B=1'1, Y=$memory$auto$proc_rom.cc:155:do_switch$57$rdmux[0][4][8]$b$1697 [0]
      New connections: $memory$auto$proc_rom.cc:155:do_switch$57$rdmux[0][4][8]$b$1697 [6:1] = 6'101100
  Optimizing cells in module \ex251_semantic_int3_dot2_prodtable_qcase.
    Consolidated identical input bits for $mux cell $memory$auto$proc_rom.cc:155:do_switch$57$rdmux[0][4][8]$1695:
      Old ports: A=7'1011000, B=$memory$auto$proc_rom.cc:155:do_switch$57$rdmux[0][4][8]$b$1697, Y=$memory$auto$proc_rom.cc:155:do_switch$57$rdmux[0][3][4]$a$1660
      New ports: A=1'0, B=$memory$auto$proc_rom.cc:155:do_switch$57$rdmux[0][4][8]$b$1697 [0], Y=$memory$auto$proc_rom.cc:155:do_switch$57$rdmux[0][3][4]$a$1660 [0]
      New connections: $memory$auto$proc_rom.cc:155:do_switch$57$rdmux[0][3][4]$a$1660 [6:1] = 6'101100
    Consolidated identical input bits for $mux cell $memory$auto$proc_rom.cc:155:do_switch$57$rdmux[0][4][5]$1686:
      Old ports: A=$memory$auto$proc_rom.cc:155:do_switch$57$rdmux[0][4][5]$a$1687, B=$memory$auto$proc_rom.cc:155:do_switch$57$rdmux[0][4][5]$b$1688, Y=$memory$auto$proc_rom.cc:155:do_switch$57$rdmux[0][3][2]$b$1655
      New ports: A={ 2'01 $memory$auto$proc_rom.cc:155:do_switch$57$rdmux[0][4][5]$a$1687 [0] }, B={ $memory$auto$proc_rom.cc:155:do_switch$57$rdmux[0][4][5]$b$1688 [2] $memory$auto$proc_rom.cc:155:do_switch$57$rdmux[0][4][5]$b$1688 [0] $memory$auto$proc_rom.cc:155:do_switch$57$rdmux[0][4][5]$b$1688 [0] }, Y=$memory$auto$proc_rom.cc:155:do_switch$57$rdmux[0][3][2]$b$1655 [2:0]
      New connections: $memory$auto$proc_rom.cc:155:do_switch$57$rdmux[0][3][2]$b$1655 [6:3] = 4'1010
    Consolidated identical input bits for $mux cell $memory$auto$proc_rom.cc:155:do_switch$65$rdmux[0][5][31]$1047:
      Old ports: A=$memory$auto$proc_rom.cc:155:do_switch$65$rdmux[0][5][31]$a$1048, B=$memory$auto$proc_rom.cc:155:do_switch$65$rdmux[0][5][31]$b$1049, Y=$memory$auto$proc_rom.cc:155:do_switch$65$rdmux[0][4][15]$b$953
      New ports: A={ 1'0 $memory$auto$proc_rom.cc:155:do_switch$65$rdmux[0][5][31]$a$1048 [4:0] }, B=$memory$auto$proc_rom.cc:155:do_switch$65$rdmux[0][5][31]$b$1049 [5:0], Y=$memory$auto$proc_rom.cc:155:do_switch$65$rdmux[0][4][15]$b$953 [5:0]
      New connections: $memory$auto$proc_rom.cc:155:do_switch$65$rdmux[0][4][15]$b$953 [8:6] = 3'000
    Consolidated identical input bits for $mux cell $memory$auto$proc_rom.cc:155:do_switch$65$rdmux[0][5][30]$1044:
      Old ports: A=$memory$auto$proc_rom.cc:155:do_switch$65$rdmux[0][5][30]$a$1045, B=$memory$auto$proc_rom.cc:155:do_switch$65$rdmux[0][5][30]$b$1046, Y=$memory$auto$proc_rom.cc:155:do_switch$65$rdmux[0][4][15]$a$952
      New ports: A={ $memory$auto$proc_rom.cc:155:do_switch$65$rdmux[0][5][30]$a$1045 [5] $memory$auto$proc_rom.cc:155:do_switch$65$rdmux[0][5][30]$a$1045 [5:4] 1'0 $memory$auto$proc_rom.cc:155:do_switch$65$rdmux[0][5][30]$a$1045 [1:0] }, B={ 1'1 $memory$auto$proc_rom.cc:155:do_switch$65$rdmux[0][5][30]$b$1046 [5:4] 1'1 $memory$auto$proc_rom.cc:155:do_switch$65$rdmux[0][5][30]$b$1046 [1:0] }, Y={ $memory$auto$proc_rom.cc:155:do_switch$65$rdmux[0][4][15]$a$952 [6:4] $memory$auto$proc_rom.cc:155:do_switch$65$rdmux[0][4][15]$a$952 [2:0] }
      New connections: { $memory$auto$proc_rom.cc:155:do_switch$65$rdmux[0][4][15]$a$952 [8:7] $memory$auto$proc_rom.cc:155:do_switch$65$rdmux[0][4][15]$a$952 [3] } = { $memory$auto$proc_rom.cc:155:do_switch$65$rdmux[0][4][15]$a$952 [6] $memory$auto$proc_rom.cc:155:do_switch$65$rdmux[0][4][15]$a$952 [6] $memory$auto$proc_rom.cc:155:do_switch$65$rdmux[0][4][15]$a$952 [0] }
    Consolidated identical input bits for $mux cell $memory$auto$proc_rom.cc:155:do_switch$65$rdmux[0][5][29]$1041:
      Old ports: A=$memory$auto$proc_rom.cc:155:do_switch$65$rdmux[0][5][29]$a$1042, B=$memory$auto$proc_rom.cc:155:do_switch$65$rdmux[0][5][29]$b$1043, Y=$memory$auto$proc_rom.cc:155:do_switch$65$rdmux[0][4][14]$b$950
      New ports: A={ 1'0 $memory$auto$proc_rom.cc:155:do_switch$65$rdmux[0][5][29]$a$1042 [4:1] }, B=$memory$auto$proc_rom.cc:155:do_switch$65$rdmux[0][5][29]$b$1043 [5:1], Y=$memory$auto$proc_rom.cc:155:do_switch$65$rdmux[0][4][14]$b$950 [5:1]
      New connections: { $memory$auto$proc_rom.cc:155:do_switch$65$rdmux[0][4][14]$b$950 [8:6] $memory$auto$proc_rom.cc:155:do_switch$65$rdmux[0][4][14]$b$950 [0] } = 4'0000
    Consolidated identical input bits for $mux cell $memory$auto$proc_rom.cc:155:do_switch$65$rdmux[0][5][28]$1038:
      Old ports: A=$memory$auto$proc_rom.cc:155:do_switch$65$rdmux[0][5][28]$a$1039, B=$memory$auto$proc_rom.cc:155:do_switch$65$rdmux[0][5][28]$b$1040, Y=$memory$auto$proc_rom.cc:155:do_switch$65$rdmux[0][4][14]$a$949
      New ports: A={ $memory$auto$proc_rom.cc:155:do_switch$65$rdmux[0][5][28]$a$1039 [5] $memory$auto$proc_rom.cc:155:do_switch$65$rdmux[0][5][28]$a$1039 [5:4] $memory$auto$proc_rom.cc:155:do_switch$65$rdmux[0][5][28]$a$1039 [1] $memory$auto$proc_rom.cc:155:do_switch$65$rdmux[0][5][28]$a$1039 [2:1] }, B={ 1'1 $memory$auto$proc_rom.cc:155:do_switch$65$rdmux[0][5][28]$b$1040 [5] $memory$auto$proc_rom.cc:155:do_switch$65$rdmux[0][5][28]$b$1040 [2] $memory$auto$proc_rom.cc:155:do_switch$65$rdmux[0][5][28]$b$1040 [3:1] }, Y=$memory$auto$proc_rom.cc:155:do_switch$65$rdmux[0][4][14]$a$949 [6:1]
      New connections: { $memory$auto$proc_rom.cc:155:do_switch$65$rdmux[0][4][14]$a$949 [8:7] $memory$auto$proc_rom.cc:155:do_switch$65$rdmux[0][4][14]$a$949 [0] } = { $memory$auto$proc_rom.cc:155:do_switch$65$rdmux[0][4][14]$a$949 [6] $memory$auto$proc_rom.cc:155:do_switch$65$rdmux[0][4][14]$a$949 [6] 1'0 }
    Consolidated identical input bits for $mux cell $memory$auto$proc_rom.cc:155:do_switch$65$rdmux[0][5][27]$1035:
      Old ports: A=$memory$auto$proc_rom.cc:155:do_switch$65$rdmux[0][5][27]$a$1036, B=$memory$auto$proc_rom.cc:155:do_switch$65$rdmux[0][5][27]$b$1037, Y=$memory$auto$proc_rom.cc:155:do_switch$65$rdmux[0][4][13]$b$947
      New ports: A={ 2'00 $memory$auto$proc_rom.cc:155:do_switch$65$rdmux[0][5][27]$a$1036 [1:0] $memory$auto$proc_rom.cc:155:do_switch$65$rdmux[0][5][27]$a$1036 [1:0] }, B=$memory$auto$proc_rom.cc:155:do_switch$65$rdmux[0][5][27]$b$1037 [5:0], Y=$memory$auto$proc_rom.cc:155:do_switch$65$rdmux[0][4][13]$b$947 [5:0]
      New connections: $memory$auto$proc_rom.cc:155:do_switch$65$rdmux[0][4][13]$b$947 [8:6] = 3'000
    Consolidated identical input bits for $mux cell $memory$auto$proc_rom.cc:155:do_switch$65$rdmux[0][5][26]$1032:
      Old ports: A=$memory$auto$proc_rom.cc:155:do_switch$65$rdmux[0][5][26]$a$1033, B=$memory$auto$proc_rom.cc:155:do_switch$65$rdmux[0][5][26]$b$1034, Y=$memory$auto$proc_rom.cc:155:do_switch$65$rdmux[0][4][13]$a$946
      New ports: A={ $memory$auto$proc_rom.cc:155:do_switch$65$rdmux[0][5][26]$a$1033 [4] $memory$auto$proc_rom.cc:155:do_switch$65$rdmux[0][5][26]$a$1033 [4] $memory$auto$proc_rom.cc:155:do_switch$65$rdmux[0][5][26]$a$1033 [4:0] }, B={ 1'1 $memory$auto$proc_rom.cc:155:do_switch$65$rdmux[0][5][26]$b$1034 [5:0] }, Y=$memory$auto$proc_rom.cc:155:do_switch$65$rdmux[0][4][13]$a$946 [6:0]
      New connections: $memory$auto$proc_rom.cc:155:do_switch$65$rdmux[0][4][13]$a$946 [8:7] = { $memory$auto$proc_rom.cc:155:do_switch$65$rdmux[0][4][13]$a$946 [6] $memory$auto$proc_rom.cc:155:do_switch$65$rdmux[0][4][13]$a$946 [6] }
    Consolidated identical input bits for $mux cell $memory$auto$proc_rom.cc:155:do_switch$65$rdmux[0][5][25]$1029:
      Old ports: A=$memory$auto$proc_rom.cc:155:do_switch$65$rdmux[0][5][25]$a$1030, B=$memory$auto$proc_rom.cc:155:do_switch$65$rdmux[0][5][25]$b$1031, Y=$memory$auto$proc_rom.cc:155:do_switch$65$rdmux[0][4][12]$b$944
      New ports: A={ 1'0 $memory$auto$proc_rom.cc:155:do_switch$65$rdmux[0][5][25]$a$1030 [3:2] }, B={ 1'1 $memory$auto$proc_rom.cc:155:do_switch$65$rdmux[0][5][25]$b$1031 [3:2] }, Y=$memory$auto$proc_rom.cc:155:do_switch$65$rdmux[0][4][12]$b$944 [4:2]
      New connections: { $memory$auto$proc_rom.cc:155:do_switch$65$rdmux[0][4][12]$b$944 [8:5] $memory$auto$proc_rom.cc:155:do_switch$65$rdmux[0][4][12]$b$944 [1:0] } = 6'000000
    Consolidated identical input bits for $mux cell $memory$auto$proc_rom.cc:155:do_switch$65$rdmux[0][5][24]$1026:
      Old ports: A=$memory$auto$proc_rom.cc:155:do_switch$65$rdmux[0][5][24]$a$1027, B=$memory$auto$proc_rom.cc:155:do_switch$65$rdmux[0][5][24]$b$1028, Y=$memory$auto$proc_rom.cc:155:do_switch$65$rdmux[0][4][12]$a$943
      New ports: A={ $memory$auto$proc_rom.cc:155:do_switch$65$rdmux[0][5][24]$a$1027 [4] $memory$auto$proc_rom.cc:155:do_switch$65$rdmux[0][5][24]$a$1027 [4:2] }, B={ 1'1 $memory$auto$proc_rom.cc:155:do_switch$65$rdmux[0][5][24]$b$1028 [4:2] }, Y=$memory$auto$proc_rom.cc:155:do_switch$65$rdmux[0][4][12]$a$943 [5:2]
      New connections: { $memory$auto$proc_rom.cc:155:do_switch$65$rdmux[0][4][12]$a$943 [8:6] $memory$auto$proc_rom.cc:155:do_switch$65$rdmux[0][4][12]$a$943 [1:0] } = { $memory$auto$proc_rom.cc:155:do_switch$65$rdmux[0][4][12]$a$943 [5] $memory$auto$proc_rom.cc:155:do_switch$65$rdmux[0][4][12]$a$943 [5] $memory$auto$proc_rom.cc:155:do_switch$65$rdmux[0][4][12]$a$943 [5] 2'00 }
    Consolidated identical input bits for $mux cell $memory$auto$proc_rom.cc:155:do_switch$65$rdmux[0][5][23]$1023:
      Old ports: A=$memory$auto$proc_rom.cc:155:do_switch$65$rdmux[0][5][23]$a$1024, B=$memory$auto$proc_rom.cc:155:do_switch$65$rdmux[0][5][23]$b$1025, Y=$memory$auto$proc_rom.cc:155:do_switch$65$rdmux[0][4][11]$b$941
      New ports: A={ 1'0 $memory$auto$proc_rom.cc:155:do_switch$65$rdmux[0][5][23]$a$1024 [3:0] }, B=$memory$auto$proc_rom.cc:155:do_switch$65$rdmux[0][5][23]$b$1025 [4:0], Y=$memory$auto$proc_rom.cc:155:do_switch$65$rdmux[0][4][11]$b$941 [4:0]
      New connections: $memory$auto$proc_rom.cc:155:do_switch$65$rdmux[0][4][11]$b$941 [8:5] = 4'0000
    Consolidated identical input bits for $mux cell $memory$auto$proc_rom.cc:155:do_switch$65$rdmux[0][5][22]$1020:
      Old ports: A=$memory$auto$proc_rom.cc:155:do_switch$65$rdmux[0][5][22]$a$1021, B=$memory$auto$proc_rom.cc:155:do_switch$65$rdmux[0][5][22]$b$1022, Y=$memory$auto$proc_rom.cc:155:do_switch$65$rdmux[0][4][11]$a$940
      New ports: A={ $memory$auto$proc_rom.cc:155:do_switch$65$rdmux[0][5][22]$a$1021 [4] $memory$auto$proc_rom.cc:155:do_switch$65$rdmux[0][5][22]$a$1021 [4:3] $memory$auto$proc_rom.cc:155:do_switch$65$rdmux[0][5][22]$a$1021 [0] $memory$auto$proc_rom.cc:155:do_switch$65$rdmux[0][5][22]$a$1021 [1:0] }, B={ 1'1 $memory$auto$proc_rom.cc:155:do_switch$65$rdmux[0][5][22]$b$1022 [4] $memory$auto$proc_rom.cc:155:do_switch$65$rdmux[0][5][22]$b$1022 [1] $memory$auto$proc_rom.cc:155:do_switch$65$rdmux[0][5][22]$b$1022 [2:0] }, Y=$memory$auto$proc_rom.cc:155:do_switch$65$rdmux[0][4][11]$a$940 [5:0]
      New connections: $memory$auto$proc_rom.cc:155:do_switch$65$rdmux[0][4][11]$a$940 [8:6] = { $memory$auto$proc_rom.cc:155:do_switch$65$rdmux[0][4][11]$a$940 [5] $memory$auto$proc_rom.cc:155:do_switch$65$rdmux[0][4][11]$a$940 [5] $memory$auto$proc_rom.cc:155:do_switch$65$rdmux[0][4][11]$a$940 [5] }
    Consolidated identical input bits for $mux cell $memory$auto$proc_rom.cc:155:do_switch$65$rdmux[0][5][21]$1017:
      Old ports: A=$memory$auto$proc_rom.cc:155:do_switch$65$rdmux[0][5][21]$a$1018, B=$memory$auto$proc_rom.cc:155:do_switch$65$rdmux[0][5][21]$b$1019, Y=$memory$auto$proc_rom.cc:155:do_switch$65$rdmux[0][4][10]$b$938
      New ports: A={ 1'0 $memory$auto$proc_rom.cc:155:do_switch$65$rdmux[0][5][21]$a$1018 [2:1] }, B={ 1'1 $memory$auto$proc_rom.cc:155:do_switch$65$rdmux[0][5][21]$b$1019 [2:1] }, Y=$memory$auto$proc_rom.cc:155:do_switch$65$rdmux[0][4][10]$b$938 [3:1]
      New connections: { $memory$auto$proc_rom.cc:155:do_switch$65$rdmux[0][4][10]$b$938 [8:4] $memory$auto$proc_rom.cc:155:do_switch$65$rdmux[0][4][10]$b$938 [0] } = 6'000000
    Consolidated identical input bits for $mux cell $memory$auto$proc_rom.cc:155:do_switch$65$rdmux[0][5][20]$1014:
      Old ports: A=$memory$auto$proc_rom.cc:155:do_switch$65$rdmux[0][5][20]$a$1015, B=$memory$auto$proc_rom.cc:155:do_switch$65$rdmux[0][5][20]$b$1016, Y=$memory$auto$proc_rom.cc:155:do_switch$65$rdmux[0][4][10]$a$937
      New ports: A={ $memory$auto$proc_rom.cc:155:do_switch$65$rdmux[0][5][20]$a$1015 [3] $memory$auto$proc_rom.cc:155:do_switch$65$rdmux[0][5][20]$a$1015 [3:1] }, B={ 1'1 $memory$auto$proc_rom.cc:155:do_switch$65$rdmux[0][5][20]$b$1016 [3:1] }, Y=$memory$auto$proc_rom.cc:155:do_switch$65$rdmux[0][4][10]$a$937 [4:1]
      New connections: { $memory$auto$proc_rom.cc:155:do_switch$65$rdmux[0][4][10]$a$937 [8:5] $memory$auto$proc_rom.cc:155:do_switch$65$rdmux[0][4][10]$a$937 [0] } = { $memory$auto$proc_rom.cc:155:do_switch$65$rdmux[0][4][10]$a$937 [4] $memory$auto$proc_rom.cc:155:do_switch$65$rdmux[0][4][10]$a$937 [4] $memory$auto$proc_rom.cc:155:do_switch$65$rdmux[0][4][10]$a$937 [4] $memory$auto$proc_rom.cc:155:do_switch$65$rdmux[0][4][10]$a$937 [4] 1'0 }
    Consolidated identical input bits for $mux cell $memory$auto$proc_rom.cc:155:do_switch$65$rdmux[0][5][19]$1011:
      Old ports: A=$memory$auto$proc_rom.cc:155:do_switch$65$rdmux[0][5][19]$a$1012, B=$memory$auto$proc_rom.cc:155:do_switch$65$rdmux[0][5][19]$b$1013, Y=$memory$auto$proc_rom.cc:155:do_switch$65$rdmux[0][4][9]$b$935
      New ports: A={ 1'0 $memory$auto$proc_rom.cc:155:do_switch$65$rdmux[0][5][19]$a$1012 [1:0] }, B={ 1'1 $memory$auto$proc_rom.cc:155:do_switch$65$rdmux[0][5][19]$b$1013 [1:0] }, Y=$memory$auto$proc_rom.cc:155:do_switch$65$rdmux[0][4][9]$b$935 [2:0]
      New connections: $memory$auto$proc_rom.cc:155:do_switch$65$rdmux[0][4][9]$b$935 [8:3] = 6'000000
    Consolidated identical input bits for $mux cell $memory$auto$proc_rom.cc:155:do_switch$65$rdmux[0][5][18]$1008:
      Old ports: A=$memory$auto$proc_rom.cc:155:do_switch$65$rdmux[0][5][18]$a$1009, B=$memory$auto$proc_rom.cc:155:do_switch$65$rdmux[0][5][18]$b$1010, Y=$memory$auto$proc_rom.cc:155:do_switch$65$rdmux[0][4][9]$a$934
      New ports: A={ $memory$auto$proc_rom.cc:155:do_switch$65$rdmux[0][5][18]$a$1009 [2] $memory$auto$proc_rom.cc:155:do_switch$65$rdmux[0][5][18]$a$1009 [2:0] }, B={ 1'1 $memory$auto$proc_rom.cc:155:do_switch$65$rdmux[0][5][18]$b$1010 [2:0] }, Y=$memory$auto$proc_rom.cc:155:do_switch$65$rdmux[0][4][9]$a$934 [3:0]
      New connections: $memory$auto$proc_rom.cc:155:do_switch$65$rdmux[0][4][9]$a$934 [8:4] = { $memory$auto$proc_rom.cc:155:do_switch$65$rdmux[0][4][9]$a$934 [3] $memory$auto$proc_rom.cc:155:do_switch$65$rdmux[0][4][9]$a$934 [3] $memory$auto$proc_rom.cc:155:do_switch$65$rdmux[0][4][9]$a$934 [3] $memory$auto$proc_rom.cc:155:do_switch$65$rdmux[0][4][9]$a$934 [3] $memory$auto$proc_rom.cc:155:do_switch$65$rdmux[0][4][9]$a$934 [3] }
    Consolidated identical input bits for $mux cell $memory$auto$proc_rom.cc:155:do_switch$65$rdmux[0][5][15]$999:
      Old ports: A=$memory$auto$proc_rom.cc:155:do_switch$65$rdmux[0][5][15]$a$1000, B=$memory$auto$proc_rom.cc:155:do_switch$65$rdmux[0][5][15]$b$1001, Y=$memory$auto$proc_rom.cc:155:do_switch$65$rdmux[0][4][7]$b$929
      New ports: A={ $memory$auto$proc_rom.cc:155:do_switch$65$rdmux[0][5][15]$a$1000 [5] $memory$auto$proc_rom.cc:155:do_switch$65$rdmux[0][5][15]$a$1000 [5:4] 1'0 $memory$auto$proc_rom.cc:155:do_switch$65$rdmux[0][5][15]$a$1000 [1:0] }, B={ 1'1 $memory$auto$proc_rom.cc:155:do_switch$65$rdmux[0][5][15]$b$1001 [5:4] 1'1 $memory$auto$proc_rom.cc:155:do_switch$65$rdmux[0][5][15]$b$1001 [1:0] }, Y={ $memory$auto$proc_rom.cc:155:do_switch$65$rdmux[0][4][7]$b$929 [6:4] $memory$auto$proc_rom.cc:155:do_switch$65$rdmux[0][4][7]$b$929 [2:0] }
      New connections: { $memory$auto$proc_rom.cc:155:do_switch$65$rdmux[0][4][7]$b$929 [8:7] $memory$auto$proc_rom.cc:155:do_switch$65$rdmux[0][4][7]$b$929 [3] } = { $memory$auto$proc_rom.cc:155:do_switch$65$rdmux[0][4][7]$b$929 [6] $memory$auto$proc_rom.cc:155:do_switch$65$rdmux[0][4][7]$b$929 [6] $memory$auto$proc_rom.cc:155:do_switch$65$rdmux[0][4][7]$b$929 [0] }
    Consolidated identical input bits for $mux cell $memory$auto$proc_rom.cc:155:do_switch$65$rdmux[0][5][14]$996:
      Old ports: A=$memory$auto$proc_rom.cc:155:do_switch$65$rdmux[0][5][14]$a$997, B=$memory$auto$proc_rom.cc:155:do_switch$65$rdmux[0][5][14]$b$998, Y=$memory$auto$proc_rom.cc:155:do_switch$65$rdmux[0][4][7]$a$928
      New ports: A={ 1'0 $memory$auto$proc_rom.cc:155:do_switch$65$rdmux[0][5][14]$a$997 [4:0] }, B=$memory$auto$proc_rom.cc:155:do_switch$65$rdmux[0][5][14]$b$998 [5:0], Y=$memory$auto$proc_rom.cc:155:do_switch$65$rdmux[0][4][7]$a$928 [5:0]
      New connections: $memory$auto$proc_rom.cc:155:do_switch$65$rdmux[0][4][7]$a$928 [8:6] = 3'000
    Consolidated identical input bits for $mux cell $memory$auto$proc_rom.cc:155:do_switch$65$rdmux[0][5][13]$993:
      Old ports: A=$memory$auto$proc_rom.cc:155:do_switch$65$rdmux[0][5][13]$a$994, B=$memory$auto$proc_rom.cc:155:do_switch$65$rdmux[0][5][13]$b$995, Y=$memory$auto$proc_rom.cc:155:do_switch$65$rdmux[0][4][6]$b$926
      New ports: A={ $memory$auto$proc_rom.cc:155:do_switch$65$rdmux[0][5][13]$a$994 [5] $memory$auto$proc_rom.cc:155:do_switch$65$rdmux[0][5][13]$a$994 [5:4] $memory$auto$proc_rom.cc:155:do_switch$65$rdmux[0][5][13]$a$994 [1] $memory$auto$proc_rom.cc:155:do_switch$65$rdmux[0][5][13]$a$994 [2:1] }, B={ 1'1 $memory$auto$proc_rom.cc:155:do_switch$65$rdmux[0][5][13]$b$995 [5] $memory$auto$proc_rom.cc:155:do_switch$65$rdmux[0][5][13]$b$995 [2] $memory$auto$proc_rom.cc:155:do_switch$65$rdmux[0][5][13]$b$995 [3:1] }, Y=$memory$auto$proc_rom.cc:155:do_switch$65$rdmux[0][4][6]$b$926 [6:1]
      New connections: { $memory$auto$proc_rom.cc:155:do_switch$65$rdmux[0][4][6]$b$926 [8:7] $memory$auto$proc_rom.cc:155:do_switch$65$rdmux[0][4][6]$b$926 [0] } = { $memory$auto$proc_rom.cc:155:do_switch$65$rdmux[0][4][6]$b$926 [6] $memory$auto$proc_rom.cc:155:do_switch$65$rdmux[0][4][6]$b$926 [6] 1'0 }
    Consolidated identical input bits for $mux cell $memory$auto$proc_rom.cc:155:do_switch$65$rdmux[0][5][12]$990:
      Old ports: A=$memory$auto$proc_rom.cc:155:do_switch$65$rdmux[0][5][12]$a$991, B=$memory$auto$proc_rom.cc:155:do_switch$65$rdmux[0][5][12]$b$992, Y=$memory$auto$proc_rom.cc:155:do_switch$65$rdmux[0][4][6]$a$925
      New ports: A={ 1'0 $memory$auto$proc_rom.cc:155:do_switch$65$rdmux[0][5][12]$a$991 [4:1] }, B=$memory$auto$proc_rom.cc:155:do_switch$65$rdmux[0][5][12]$b$992 [5:1], Y=$memory$auto$proc_rom.cc:155:do_switch$65$rdmux[0][4][6]$a$925 [5:1]
      New connections: { $memory$auto$proc_rom.cc:155:do_switch$65$rdmux[0][4][6]$a$925 [8:6] $memory$auto$proc_rom.cc:155:do_switch$65$rdmux[0][4][6]$a$925 [0] } = 4'0000
    Consolidated identical input bits for $mux cell $memory$auto$proc_rom.cc:155:do_switch$65$rdmux[0][5][11]$987:
      Old ports: A=$memory$auto$proc_rom.cc:155:do_switch$65$rdmux[0][5][11]$a$988, B=$memory$auto$proc_rom.cc:155:do_switch$65$rdmux[0][5][11]$b$989, Y=$memory$auto$proc_rom.cc:155:do_switch$65$rdmux[0][4][5]$b$923
      New ports: A={ $memory$auto$proc_rom.cc:155:do_switch$65$rdmux[0][5][11]$a$988 [4] $memory$auto$proc_rom.cc:155:do_switch$65$rdmux[0][5][11]$a$988 [4] $memory$auto$proc_rom.cc:155:do_switch$65$rdmux[0][5][11]$a$988 [4:0] }, B={ 1'1 $memory$auto$proc_rom.cc:155:do_switch$65$rdmux[0][5][11]$b$989 [5:0] }, Y=$memory$auto$proc_rom.cc:155:do_switch$65$rdmux[0][4][5]$b$923 [6:0]
      New connections: $memory$auto$proc_rom.cc:155:do_switch$65$rdmux[0][4][5]$b$923 [8:7] = { $memory$auto$proc_rom.cc:155:do_switch$65$rdmux[0][4][5]$b$923 [6] $memory$auto$proc_rom.cc:155:do_switch$65$rdmux[0][4][5]$b$923 [6] }
    Consolidated identical input bits for $mux cell $memory$auto$proc_rom.cc:155:do_switch$65$rdmux[0][5][10]$984:
      Old ports: A=$memory$auto$proc_rom.cc:155:do_switch$65$rdmux[0][5][10]$a$985, B=$memory$auto$proc_rom.cc:155:do_switch$65$rdmux[0][5][10]$b$986, Y=$memory$auto$proc_rom.cc:155:do_switch$65$rdmux[0][4][5]$a$922
      New ports: A={ 2'00 $memory$auto$proc_rom.cc:155:do_switch$65$rdmux[0][5][10]$a$985 [1:0] $memory$auto$proc_rom.cc:155:do_switch$65$rdmux[0][5][10]$a$985 [1:0] }, B=$memory$auto$proc_rom.cc:155:do_switch$65$rdmux[0][5][10]$b$986 [5:0], Y=$memory$auto$proc_rom.cc:155:do_switch$65$rdmux[0][4][5]$a$922 [5:0]
      New connections: $memory$auto$proc_rom.cc:155:do_switch$65$rdmux[0][4][5]$a$922 [8:6] = 3'000
    Consolidated identical input bits for $mux cell $memory$auto$proc_rom.cc:155:do_switch$65$rdmux[0][5][9]$981:
      Old ports: A=$memory$auto$proc_rom.cc:155:do_switch$65$rdmux[0][5][9]$a$982, B=$memory$auto$proc_rom.cc:155:do_switch$65$rdmux[0][5][9]$b$983, Y=$memory$auto$proc_rom.cc:155:do_switch$65$rdmux[0][4][4]$b$920
      New ports: A={ $memory$auto$proc_rom.cc:155:do_switch$65$rdmux[0][5][9]$a$982 [4] $memory$auto$proc_rom.cc:155:do_switch$65$rdmux[0][5][9]$a$982 [4:2] }, B={ 1'1 $memory$auto$proc_rom.cc:155:do_switch$65$rdmux[0][5][9]$b$983 [4:2] }, Y=$memory$auto$proc_rom.cc:155:do_switch$65$rdmux[0][4][4]$b$920 [5:2]
      New connections: { $memory$auto$proc_rom.cc:155:do_switch$65$rdmux[0][4][4]$b$920 [8:6] $memory$auto$proc_rom.cc:155:do_switch$65$rdmux[0][4][4]$b$920 [1:0] } = { $memory$auto$proc_rom.cc:155:do_switch$65$rdmux[0][4][4]$b$920 [5] $memory$auto$proc_rom.cc:155:do_switch$65$rdmux[0][4][4]$b$920 [5] $memory$auto$proc_rom.cc:155:do_switch$65$rdmux[0][4][4]$b$920 [5] 2'00 }
    Consolidated identical input bits for $mux cell $memory$auto$proc_rom.cc:155:do_switch$65$rdmux[0][5][8]$978:
      Old ports: A=$memory$auto$proc_rom.cc:155:do_switch$65$rdmux[0][5][8]$a$979, B=$memory$auto$proc_rom.cc:155:do_switch$65$rdmux[0][5][8]$b$980, Y=$memory$auto$proc_rom.cc:155:do_switch$65$rdmux[0][4][4]$a$919
      New ports: A={ 1'0 $memory$auto$proc_rom.cc:155:do_switch$65$rdmux[0][5][8]$a$979 [3:2] }, B={ 1'1 $memory$auto$proc_rom.cc:155:do_switch$65$rdmux[0][5][8]$b$980 [3:2] }, Y=$memory$auto$proc_rom.cc:155:do_switch$65$rdmux[0][4][4]$a$919 [4:2]
      New connections: { $memory$auto$proc_rom.cc:155:do_switch$65$rdmux[0][4][4]$a$919 [8:5] $memory$auto$proc_rom.cc:155:do_switch$65$rdmux[0][4][4]$a$919 [1:0] } = 6'000000
    Consolidated identical input bits for $mux cell $memory$auto$proc_rom.cc:155:do_switch$65$rdmux[0][5][7]$975:
      Old ports: A=$memory$auto$proc_rom.cc:155:do_switch$65$rdmux[0][5][7]$a$976, B=$memory$auto$proc_rom.cc:155:do_switch$65$rdmux[0][5][7]$b$977, Y=$memory$auto$proc_rom.cc:155:do_switch$65$rdmux[0][4][3]$b$917
      New ports: A={ $memory$auto$proc_rom.cc:155:do_switch$65$rdmux[0][5][7]$a$976 [4] $memory$auto$proc_rom.cc:155:do_switch$65$rdmux[0][5][7]$a$976 [4:3] $memory$auto$proc_rom.cc:155:do_switch$65$rdmux[0][5][7]$a$976 [0] $memory$auto$proc_rom.cc:155:do_switch$65$rdmux[0][5][7]$a$976 [1:0] }, B={ 1'1 $memory$auto$proc_rom.cc:155:do_switch$65$rdmux[0][5][7]$b$977 [4] $memory$auto$proc_rom.cc:155:do_switch$65$rdmux[0][5][7]$b$977 [1] $memory$auto$proc_rom.cc:155:do_switch$65$rdmux[0][5][7]$b$977 [2:0] }, Y=$memory$auto$proc_rom.cc:155:do_switch$65$rdmux[0][4][3]$b$917 [5:0]
      New connections: $memory$auto$proc_rom.cc:155:do_switch$65$rdmux[0][4][3]$b$917 [8:6] = { $memory$auto$proc_rom.cc:155:do_switch$65$rdmux[0][4][3]$b$917 [5] $memory$auto$proc_rom.cc:155:do_switch$65$rdmux[0][4][3]$b$917 [5] $memory$auto$proc_rom.cc:155:do_switch$65$rdmux[0][4][3]$b$917 [5] }
    Consolidated identical input bits for $mux cell $memory$auto$proc_rom.cc:155:do_switch$65$rdmux[0][5][6]$972:
      Old ports: A=$memory$auto$proc_rom.cc:155:do_switch$65$rdmux[0][5][6]$a$973, B=$memory$auto$proc_rom.cc:155:do_switch$65$rdmux[0][5][6]$b$974, Y=$memory$auto$proc_rom.cc:155:do_switch$65$rdmux[0][4][3]$a$916
      New ports: A={ 1'0 $memory$auto$proc_rom.cc:155:do_switch$65$rdmux[0][5][6]$a$973 [3:0] }, B=$memory$auto$proc_rom.cc:155:do_switch$65$rdmux[0][5][6]$b$974 [4:0], Y=$memory$auto$proc_rom.cc:155:do_switch$65$rdmux[0][4][3]$a$916 [4:0]
      New connections: $memory$auto$proc_rom.cc:155:do_switch$65$rdmux[0][4][3]$a$916 [8:5] = 4'0000
    Consolidated identical input bits for $mux cell $memory$auto$proc_rom.cc:155:do_switch$65$rdmux[0][5][5]$969:
      Old ports: A=$memory$auto$proc_rom.cc:155:do_switch$65$rdmux[0][5][5]$a$970, B=$memory$auto$proc_rom.cc:155:do_switch$65$rdmux[0][5][5]$b$971, Y=$memory$auto$proc_rom.cc:155:do_switch$65$rdmux[0][4][2]$b$914
      New ports: A={ $memory$auto$proc_rom.cc:155:do_switch$65$rdmux[0][5][5]$a$970 [3] $memory$auto$proc_rom.cc:155:do_switch$65$rdmux[0][5][5]$a$970 [3:1] }, B={ 1'1 $memory$auto$proc_rom.cc:155:do_switch$65$rdmux[0][5][5]$b$971 [3:1] }, Y=$memory$auto$proc_rom.cc:155:do_switch$65$rdmux[0][4][2]$b$914 [4:1]
      New connections: { $memory$auto$proc_rom.cc:155:do_switch$65$rdmux[0][4][2]$b$914 [8:5] $memory$auto$proc_rom.cc:155:do_switch$65$rdmux[0][4][2]$b$914 [0] } = { $memory$auto$proc_rom.cc:155:do_switch$65$rdmux[0][4][2]$b$914 [4] $memory$auto$proc_rom.cc:155:do_switch$65$rdmux[0][4][2]$b$914 [4] $memory$auto$proc_rom.cc:155:do_switch$65$rdmux[0][4][2]$b$914 [4] $memory$auto$proc_rom.cc:155:do_switch$65$rdmux[0][4][2]$b$914 [4] 1'0 }
    Consolidated identical input bits for $mux cell $memory$auto$proc_rom.cc:155:do_switch$65$rdmux[0][5][4]$966:
      Old ports: A=$memory$auto$proc_rom.cc:155:do_switch$65$rdmux[0][5][4]$a$967, B=$memory$auto$proc_rom.cc:155:do_switch$65$rdmux[0][5][4]$b$968, Y=$memory$auto$proc_rom.cc:155:do_switch$65$rdmux[0][4][2]$a$913
      New ports: A={ 1'0 $memory$auto$proc_rom.cc:155:do_switch$65$rdmux[0][5][4]$a$967 [2:1] }, B={ 1'1 $memory$auto$proc_rom.cc:155:do_switch$65$rdmux[0][5][4]$b$968 [2:1] }, Y=$memory$auto$proc_rom.cc:155:do_switch$65$rdmux[0][4][2]$a$913 [3:1]
      New connections: { $memory$auto$proc_rom.cc:155:do_switch$65$rdmux[0][4][2]$a$913 [8:4] $memory$auto$proc_rom.cc:155:do_switch$65$rdmux[0][4][2]$a$913 [0] } = 6'000000
    Consolidated identical input bits for $mux cell $memory$auto$proc_rom.cc:155:do_switch$65$rdmux[0][5][3]$963:
      Old ports: A=$memory$auto$proc_rom.cc:155:do_switch$65$rdmux[0][5][3]$a$964, B=$memory$auto$proc_rom.cc:155:do_switch$65$rdmux[0][5][3]$b$965, Y=$memory$auto$proc_rom.cc:155:do_switch$65$rdmux[0][4][1]$b$911
      New ports: A={ $memory$auto$proc_rom.cc:155:do_switch$65$rdmux[0][5][3]$a$964 [2] $memory$auto$proc_rom.cc:155:do_switch$65$rdmux[0][5][3]$a$964 [2:0] }, B={ 1'1 $memory$auto$proc_rom.cc:155:do_switch$65$rdmux[0][5][3]$b$965 [2:0] }, Y=$memory$auto$proc_rom.cc:155:do_switch$65$rdmux[0][4][1]$b$911 [3:0]
      New connections: $memory$auto$proc_rom.cc:155:do_switch$65$rdmux[0][4][1]$b$911 [8:4] = { $memory$auto$proc_rom.cc:155:do_switch$65$rdmux[0][4][1]$b$911 [3] $memory$auto$proc_rom.cc:155:do_switch$65$rdmux[0][4][1]$b$911 [3] $memory$auto$proc_rom.cc:155:do_switch$65$rdmux[0][4][1]$b$911 [3] $memory$auto$proc_rom.cc:155:do_switch$65$rdmux[0][4][1]$b$911 [3] $memory$auto$proc_rom.cc:155:do_switch$65$rdmux[0][4][1]$b$911 [3] }
    Consolidated identical input bits for $mux cell $memory$auto$proc_rom.cc:155:do_switch$65$rdmux[0][5][2]$960:
      Old ports: A=$memory$auto$proc_rom.cc:155:do_switch$65$rdmux[0][5][2]$a$961, B=$memory$auto$proc_rom.cc:155:do_switch$65$rdmux[0][5][2]$b$962, Y=$memory$auto$proc_rom.cc:155:do_switch$65$rdmux[0][4][1]$a$910
      New ports: A={ 1'0 $memory$auto$proc_rom.cc:155:do_switch$65$rdmux[0][5][2]$a$961 [1:0] }, B={ 1'1 $memory$auto$proc_rom.cc:155:do_switch$65$rdmux[0][5][2]$b$962 [1:0] }, Y=$memory$auto$proc_rom.cc:155:do_switch$65$rdmux[0][4][1]$a$910 [2:0]
      New connections: $memory$auto$proc_rom.cc:155:do_switch$65$rdmux[0][4][1]$a$910 [8:3] = 6'000000
    Consolidated identical input bits for $mux cell $memory$auto$proc_rom.cc:155:do_switch$57$rdmux[0][4][1]$1674:
      Old ports: A=$memory$auto$proc_rom.cc:155:do_switch$57$rdmux[0][4][1]$a$1675, B=$memory$auto$proc_rom.cc:155:do_switch$57$rdmux[0][4][1]$b$1676, Y=$memory$auto$proc_rom.cc:155:do_switch$57$rdmux[0][3][0]$b$1649
      New ports: A={ 1'0 $memory$auto$proc_rom.cc:155:do_switch$57$rdmux[0][4][1]$a$1675 [1:0] }, B={ 1'1 $memory$auto$proc_rom.cc:155:do_switch$57$rdmux[0][4][1]$b$1676 [1:0] }, Y=$memory$auto$proc_rom.cc:155:do_switch$57$rdmux[0][3][0]$b$1649 [2:0]
      New connections: $memory$auto$proc_rom.cc:155:do_switch$57$rdmux[0][3][0]$b$1649 [6:3] = 4'1000
    Consolidated identical input bits for $mux cell $memory$auto$proc_rom.cc:155:do_switch$57$rdmux[0][4][12]$1707:
      Old ports: A=$memory$auto$proc_rom.cc:155:do_switch$57$rdmux[0][4][12]$a$1708, B=7'1111110, Y=$memory$auto$proc_rom.cc:155:do_switch$57$rdmux[0][3][6]$a$1666
      New ports: A=$memory$auto$proc_rom.cc:155:do_switch$57$rdmux[0][4][12]$a$1708 [1], B=1'1, Y=$memory$auto$proc_rom.cc:155:do_switch$57$rdmux[0][3][6]$a$1666 [1]
      New connections: { $memory$auto$proc_rom.cc:155:do_switch$57$rdmux[0][3][6]$a$1666 [6:2] $memory$auto$proc_rom.cc:155:do_switch$57$rdmux[0][3][6]$a$1666 [0] } = { 1'1 $memory$auto$proc_rom.cc:155:do_switch$57$rdmux[0][3][6]$a$1666 [1] 4'1110 }
    Consolidated identical input bits for $mux cell $memory$auto$proc_rom.cc:155:do_switch$57$rdmux[0][4][10]$1701:
      Old ports: A=7'1011010, B=$memory$auto$proc_rom.cc:155:do_switch$57$rdmux[0][4][10]$b$1703, Y=$memory$auto$proc_rom.cc:155:do_switch$57$rdmux[0][3][5]$a$1663
      New ports: A=1'0, B=$memory$auto$proc_rom.cc:155:do_switch$57$rdmux[0][4][10]$b$1703 [0], Y=$memory$auto$proc_rom.cc:155:do_switch$57$rdmux[0][3][5]$a$1663 [0]
      New connections: $memory$auto$proc_rom.cc:155:do_switch$57$rdmux[0][3][5]$a$1663 [6:1] = 6'101101
    Consolidated identical input bits for $mux cell $memory$auto$proc_rom.cc:155:do_switch$57$rdmux[0][4][7]$1692:
      Old ports: A=$memory$auto$proc_rom.cc:155:do_switch$57$rdmux[0][4][7]$a$1693, B=$memory$auto$proc_rom.cc:155:do_switch$57$rdmux[0][4][7]$b$1694, Y=$memory$auto$proc_rom.cc:155:do_switch$57$rdmux[0][3][3]$b$1658
      New ports: A={ 2'01 $memory$auto$proc_rom.cc:155:do_switch$57$rdmux[0][4][7]$a$1693 [0] }, B={ $memory$auto$proc_rom.cc:155:do_switch$57$rdmux[0][4][7]$b$1694 [3] $memory$auto$proc_rom.cc:155:do_switch$57$rdmux[0][4][7]$b$1694 [0] $memory$auto$proc_rom.cc:155:do_switch$57$rdmux[0][4][7]$b$1694 [0] }, Y={ $memory$auto$proc_rom.cc:155:do_switch$57$rdmux[0][3][3]$b$1658 [3] $memory$auto$proc_rom.cc:155:do_switch$57$rdmux[0][3][3]$b$1658 [1:0] }
      New connections: { $memory$auto$proc_rom.cc:155:do_switch$57$rdmux[0][3][3]$b$1658 [6:4] $memory$auto$proc_rom.cc:155:do_switch$57$rdmux[0][3][3]$b$1658 [2] } = { 3'101 $memory$auto$proc_rom.cc:155:do_switch$57$rdmux[0][3][3]$b$1658 [1] }
    Consolidated identical input bits for $mux cell $memory$auto$proc_rom.cc:155:do_switch$57$rdmux[0][4][6]$1689:
      Old ports: A=$memory$auto$proc_rom.cc:155:do_switch$57$rdmux[0][4][6]$a$1690, B=$memory$auto$proc_rom.cc:155:do_switch$57$rdmux[0][4][6]$b$1691, Y=$memory$auto$proc_rom.cc:155:do_switch$57$rdmux[0][3][3]$a$1657
      New ports: A={ 1'0 $memory$auto$proc_rom.cc:155:do_switch$57$rdmux[0][4][6]$a$1690 [0] }, B=$memory$auto$proc_rom.cc:155:do_switch$57$rdmux[0][4][6]$b$1691 [1:0], Y=$memory$auto$proc_rom.cc:155:do_switch$57$rdmux[0][3][3]$a$1657 [1:0]
      New connections: $memory$auto$proc_rom.cc:155:do_switch$57$rdmux[0][3][3]$a$1657 [6:2] = 5'10101
    Consolidated identical input bits for $mux cell $memory$auto$proc_rom.cc:155:do_switch$57$rdmux[0][4][0]$1671:
      Old ports: A=$memory$auto$proc_rom.cc:155:do_switch$57$rdmux[0][4][0]$a$1672, B=$memory$auto$proc_rom.cc:155:do_switch$57$rdmux[0][4][0]$b$1673, Y=$memory$auto$proc_rom.cc:155:do_switch$57$rdmux[0][3][0]$a$1648
      New ports: A={ $memory$auto$proc_rom.cc:155:do_switch$57$rdmux[0][4][0]$a$1672 [5:2] 1'0 }, B={ 3'111 $memory$auto$proc_rom.cc:155:do_switch$57$rdmux[0][4][0]$b$1673 [2:1] }, Y=$memory$auto$proc_rom.cc:155:do_switch$57$rdmux[0][3][0]$a$1648 [5:1]
      New connections: { $memory$auto$proc_rom.cc:155:do_switch$57$rdmux[0][3][0]$a$1648 [6] $memory$auto$proc_rom.cc:155:do_switch$57$rdmux[0][3][0]$a$1648 [0] } = 2'00
    Consolidated identical input bits for $mux cell $memory$auto$proc_rom.cc:155:do_switch$57$rdmux[0][4][4]$1683:
      Old ports: A=$memory$auto$proc_rom.cc:155:do_switch$57$rdmux[0][4][4]$a$1684, B=$memory$auto$proc_rom.cc:155:do_switch$57$rdmux[0][4][4]$b$1685, Y=$memory$auto$proc_rom.cc:155:do_switch$57$rdmux[0][3][2]$a$1654
      New ports: A={ 1'0 $memory$auto$proc_rom.cc:155:do_switch$57$rdmux[0][4][4]$a$1684 [0] }, B=$memory$auto$proc_rom.cc:155:do_switch$57$rdmux[0][4][4]$b$1685 [1:0], Y=$memory$auto$proc_rom.cc:155:do_switch$57$rdmux[0][3][2]$a$1654 [1:0]
      New connections: $memory$auto$proc_rom.cc:155:do_switch$57$rdmux[0][3][2]$a$1654 [6:2] = 5'10100
    Consolidated identical input bits for $mux cell $memory$auto$proc_rom.cc:155:do_switch$57$rdmux[0][4][2]$1677:
      Old ports: A=$memory$auto$proc_rom.cc:155:do_switch$57$rdmux[0][4][2]$a$1678, B=$memory$auto$proc_rom.cc:155:do_switch$57$rdmux[0][4][2]$b$1679, Y=$memory$auto$proc_rom.cc:155:do_switch$57$rdmux[0][3][1]$a$1651
      New ports: A={ 1'0 $memory$auto$proc_rom.cc:155:do_switch$57$rdmux[0][4][2]$a$1678 [1:0] }, B=$memory$auto$proc_rom.cc:155:do_switch$57$rdmux[0][4][2]$b$1679 [2:0], Y=$memory$auto$proc_rom.cc:155:do_switch$57$rdmux[0][3][1]$a$1651 [2:0]
      New connections: $memory$auto$proc_rom.cc:155:do_switch$57$rdmux[0][3][1]$a$1651 [6:3] = 4'1001
    Consolidated identical input bits for $mux cell $memory$auto$proc_rom.cc:155:do_switch$61$rdmux[0][5][31]$282:
      Old ports: A=$memory$auto$proc_rom.cc:155:do_switch$61$rdmux[0][5][31]$a$283, B=$memory$auto$proc_rom.cc:155:do_switch$61$rdmux[0][5][31]$b$284, Y=$memory$auto$proc_rom.cc:155:do_switch$61$rdmux[0][4][15]$b$188
      New ports: A={ 1'0 $memory$auto$proc_rom.cc:155:do_switch$61$rdmux[0][5][31]$a$283 [4:0] }, B=$memory$auto$proc_rom.cc:155:do_switch$61$rdmux[0][5][31]$b$284 [5:0], Y=$memory$auto$proc_rom.cc:155:do_switch$61$rdmux[0][4][15]$b$188 [5:0]
      New connections: $memory$auto$proc_rom.cc:155:do_switch$61$rdmux[0][4][15]$b$188 [8:6] = 3'000
    Consolidated identical input bits for $mux cell $memory$auto$proc_rom.cc:155:do_switch$61$rdmux[0][5][30]$279:
      Old ports: A=$memory$auto$proc_rom.cc:155:do_switch$61$rdmux[0][5][30]$a$280, B=$memory$auto$proc_rom.cc:155:do_switch$61$rdmux[0][5][30]$b$281, Y=$memory$auto$proc_rom.cc:155:do_switch$61$rdmux[0][4][15]$a$187
      New ports: A={ $memory$auto$proc_rom.cc:155:do_switch$61$rdmux[0][5][30]$a$280 [5] $memory$auto$proc_rom.cc:155:do_switch$61$rdmux[0][5][30]$a$280 [5:4] 1'0 $memory$auto$proc_rom.cc:155:do_switch$61$rdmux[0][5][30]$a$280 [1:0] }, B={ 1'1 $memory$auto$proc_rom.cc:155:do_switch$61$rdmux[0][5][30]$b$281 [5:4] 1'1 $memory$auto$proc_rom.cc:155:do_switch$61$rdmux[0][5][30]$b$281 [1:0] }, Y={ $memory$auto$proc_rom.cc:155:do_switch$61$rdmux[0][4][15]$a$187 [6:4] $memory$auto$proc_rom.cc:155:do_switch$61$rdmux[0][4][15]$a$187 [2:0] }
      New connections: { $memory$auto$proc_rom.cc:155:do_switch$61$rdmux[0][4][15]$a$187 [8:7] $memory$auto$proc_rom.cc:155:do_switch$61$rdmux[0][4][15]$a$187 [3] } = { $memory$auto$proc_rom.cc:155:do_switch$61$rdmux[0][4][15]$a$187 [6] $memory$auto$proc_rom.cc:155:do_switch$61$rdmux[0][4][15]$a$187 [6] $memory$auto$proc_rom.cc:155:do_switch$61$rdmux[0][4][15]$a$187 [0] }
    Consolidated identical input bits for $mux cell $memory$auto$proc_rom.cc:155:do_switch$61$rdmux[0][5][29]$276:
      Old ports: A=$memory$auto$proc_rom.cc:155:do_switch$61$rdmux[0][5][29]$a$277, B=$memory$auto$proc_rom.cc:155:do_switch$61$rdmux[0][5][29]$b$278, Y=$memory$auto$proc_rom.cc:155:do_switch$61$rdmux[0][4][14]$b$185
      New ports: A={ 1'0 $memory$auto$proc_rom.cc:155:do_switch$61$rdmux[0][5][29]$a$277 [4:1] }, B=$memory$auto$proc_rom.cc:155:do_switch$61$rdmux[0][5][29]$b$278 [5:1], Y=$memory$auto$proc_rom.cc:155:do_switch$61$rdmux[0][4][14]$b$185 [5:1]
      New connections: { $memory$auto$proc_rom.cc:155:do_switch$61$rdmux[0][4][14]$b$185 [8:6] $memory$auto$proc_rom.cc:155:do_switch$61$rdmux[0][4][14]$b$185 [0] } = 4'0000
    Consolidated identical input bits for $mux cell $memory$auto$proc_rom.cc:155:do_switch$61$rdmux[0][5][28]$273:
      Old ports: A=$memory$auto$proc_rom.cc:155:do_switch$61$rdmux[0][5][28]$a$274, B=$memory$auto$proc_rom.cc:155:do_switch$61$rdmux[0][5][28]$b$275, Y=$memory$auto$proc_rom.cc:155:do_switch$61$rdmux[0][4][14]$a$184
      New ports: A={ $memory$auto$proc_rom.cc:155:do_switch$61$rdmux[0][5][28]$a$274 [5] $memory$auto$proc_rom.cc:155:do_switch$61$rdmux[0][5][28]$a$274 [5:4] $memory$auto$proc_rom.cc:155:do_switch$61$rdmux[0][5][28]$a$274 [1] $memory$auto$proc_rom.cc:155:do_switch$61$rdmux[0][5][28]$a$274 [2:1] }, B={ 1'1 $memory$auto$proc_rom.cc:155:do_switch$61$rdmux[0][5][28]$b$275 [5] $memory$auto$proc_rom.cc:155:do_switch$61$rdmux[0][5][28]$b$275 [2] $memory$auto$proc_rom.cc:155:do_switch$61$rdmux[0][5][28]$b$275 [3:1] }, Y=$memory$auto$proc_rom.cc:155:do_switch$61$rdmux[0][4][14]$a$184 [6:1]
      New connections: { $memory$auto$proc_rom.cc:155:do_switch$61$rdmux[0][4][14]$a$184 [8:7] $memory$auto$proc_rom.cc:155:do_switch$61$rdmux[0][4][14]$a$184 [0] } = { $memory$auto$proc_rom.cc:155:do_switch$61$rdmux[0][4][14]$a$184 [6] $memory$auto$proc_rom.cc:155:do_switch$61$rdmux[0][4][14]$a$184 [6] 1'0 }
    Consolidated identical input bits for $mux cell $memory$auto$proc_rom.cc:155:do_switch$61$rdmux[0][5][27]$270:
      Old ports: A=$memory$auto$proc_rom.cc:155:do_switch$61$rdmux[0][5][27]$a$271, B=$memory$auto$proc_rom.cc:155:do_switch$61$rdmux[0][5][27]$b$272, Y=$memory$auto$proc_rom.cc:155:do_switch$61$rdmux[0][4][13]$b$182
      New ports: A={ 2'00 $memory$auto$proc_rom.cc:155:do_switch$61$rdmux[0][5][27]$a$271 [1:0] $memory$auto$proc_rom.cc:155:do_switch$61$rdmux[0][5][27]$a$271 [1:0] }, B=$memory$auto$proc_rom.cc:155:do_switch$61$rdmux[0][5][27]$b$272 [5:0], Y=$memory$auto$proc_rom.cc:155:do_switch$61$rdmux[0][4][13]$b$182 [5:0]
      New connections: $memory$auto$proc_rom.cc:155:do_switch$61$rdmux[0][4][13]$b$182 [8:6] = 3'000
    Consolidated identical input bits for $mux cell $memory$auto$proc_rom.cc:155:do_switch$61$rdmux[0][5][26]$267:
      Old ports: A=$memory$auto$proc_rom.cc:155:do_switch$61$rdmux[0][5][26]$a$268, B=$memory$auto$proc_rom.cc:155:do_switch$61$rdmux[0][5][26]$b$269, Y=$memory$auto$proc_rom.cc:155:do_switch$61$rdmux[0][4][13]$a$181
      New ports: A={ $memory$auto$proc_rom.cc:155:do_switch$61$rdmux[0][5][26]$a$268 [4] $memory$auto$proc_rom.cc:155:do_switch$61$rdmux[0][5][26]$a$268 [4] $memory$auto$proc_rom.cc:155:do_switch$61$rdmux[0][5][26]$a$268 [4:0] }, B={ 1'1 $memory$auto$proc_rom.cc:155:do_switch$61$rdmux[0][5][26]$b$269 [5:0] }, Y=$memory$auto$proc_rom.cc:155:do_switch$61$rdmux[0][4][13]$a$181 [6:0]
      New connections: $memory$auto$proc_rom.cc:155:do_switch$61$rdmux[0][4][13]$a$181 [8:7] = { $memory$auto$proc_rom.cc:155:do_switch$61$rdmux[0][4][13]$a$181 [6] $memory$auto$proc_rom.cc:155:do_switch$61$rdmux[0][4][13]$a$181 [6] }
    Consolidated identical input bits for $mux cell $memory$auto$proc_rom.cc:155:do_switch$61$rdmux[0][5][25]$264:
      Old ports: A=$memory$auto$proc_rom.cc:155:do_switch$61$rdmux[0][5][25]$a$265, B=$memory$auto$proc_rom.cc:155:do_switch$61$rdmux[0][5][25]$b$266, Y=$memory$auto$proc_rom.cc:155:do_switch$61$rdmux[0][4][12]$b$179
      New ports: A={ 1'0 $memory$auto$proc_rom.cc:155:do_switch$61$rdmux[0][5][25]$a$265 [3:2] }, B={ 1'1 $memory$auto$proc_rom.cc:155:do_switch$61$rdmux[0][5][25]$b$266 [3:2] }, Y=$memory$auto$proc_rom.cc:155:do_switch$61$rdmux[0][4][12]$b$179 [4:2]
      New connections: { $memory$auto$proc_rom.cc:155:do_switch$61$rdmux[0][4][12]$b$179 [8:5] $memory$auto$proc_rom.cc:155:do_switch$61$rdmux[0][4][12]$b$179 [1:0] } = 6'000000
    Consolidated identical input bits for $mux cell $memory$auto$proc_rom.cc:155:do_switch$61$rdmux[0][5][24]$261:
      Old ports: A=$memory$auto$proc_rom.cc:155:do_switch$61$rdmux[0][5][24]$a$262, B=$memory$auto$proc_rom.cc:155:do_switch$61$rdmux[0][5][24]$b$263, Y=$memory$auto$proc_rom.cc:155:do_switch$61$rdmux[0][4][12]$a$178
      New ports: A={ $memory$auto$proc_rom.cc:155:do_switch$61$rdmux[0][5][24]$a$262 [4] $memory$auto$proc_rom.cc:155:do_switch$61$rdmux[0][5][24]$a$262 [4:2] }, B={ 1'1 $memory$auto$proc_rom.cc:155:do_switch$61$rdmux[0][5][24]$b$263 [4:2] }, Y=$memory$auto$proc_rom.cc:155:do_switch$61$rdmux[0][4][12]$a$178 [5:2]
      New connections: { $memory$auto$proc_rom.cc:155:do_switch$61$rdmux[0][4][12]$a$178 [8:6] $memory$auto$proc_rom.cc:155:do_switch$61$rdmux[0][4][12]$a$178 [1:0] } = { $memory$auto$proc_rom.cc:155:do_switch$61$rdmux[0][4][12]$a$178 [5] $memory$auto$proc_rom.cc:155:do_switch$61$rdmux[0][4][12]$a$178 [5] $memory$auto$proc_rom.cc:155:do_switch$61$rdmux[0][4][12]$a$178 [5] 2'00 }
    Consolidated identical input bits for $mux cell $memory$auto$proc_rom.cc:155:do_switch$61$rdmux[0][5][23]$258:
      Old ports: A=$memory$auto$proc_rom.cc:155:do_switch$61$rdmux[0][5][23]$a$259, B=$memory$auto$proc_rom.cc:155:do_switch$61$rdmux[0][5][23]$b$260, Y=$memory$auto$proc_rom.cc:155:do_switch$61$rdmux[0][4][11]$b$176
      New ports: A={ 1'0 $memory$auto$proc_rom.cc:155:do_switch$61$rdmux[0][5][23]$a$259 [3:0] }, B=$memory$auto$proc_rom.cc:155:do_switch$61$rdmux[0][5][23]$b$260 [4:0], Y=$memory$auto$proc_rom.cc:155:do_switch$61$rdmux[0][4][11]$b$176 [4:0]
      New connections: $memory$auto$proc_rom.cc:155:do_switch$61$rdmux[0][4][11]$b$176 [8:5] = 4'0000
    Consolidated identical input bits for $mux cell $memory$auto$proc_rom.cc:155:do_switch$61$rdmux[0][5][22]$255:
      Old ports: A=$memory$auto$proc_rom.cc:155:do_switch$61$rdmux[0][5][22]$a$256, B=$memory$auto$proc_rom.cc:155:do_switch$61$rdmux[0][5][22]$b$257, Y=$memory$auto$proc_rom.cc:155:do_switch$61$rdmux[0][4][11]$a$175
      New ports: A={ $memory$auto$proc_rom.cc:155:do_switch$61$rdmux[0][5][22]$a$256 [4] $memory$auto$proc_rom.cc:155:do_switch$61$rdmux[0][5][22]$a$256 [4:3] $memory$auto$proc_rom.cc:155:do_switch$61$rdmux[0][5][22]$a$256 [0] $memory$auto$proc_rom.cc:155:do_switch$61$rdmux[0][5][22]$a$256 [1:0] }, B={ 1'1 $memory$auto$proc_rom.cc:155:do_switch$61$rdmux[0][5][22]$b$257 [4] $memory$auto$proc_rom.cc:155:do_switch$61$rdmux[0][5][22]$b$257 [1] $memory$auto$proc_rom.cc:155:do_switch$61$rdmux[0][5][22]$b$257 [2:0] }, Y=$memory$auto$proc_rom.cc:155:do_switch$61$rdmux[0][4][11]$a$175 [5:0]
      New connections: $memory$auto$proc_rom.cc:155:do_switch$61$rdmux[0][4][11]$a$175 [8:6] = { $memory$auto$proc_rom.cc:155:do_switch$61$rdmux[0][4][11]$a$175 [5] $memory$auto$proc_rom.cc:155:do_switch$61$rdmux[0][4][11]$a$175 [5] $memory$auto$proc_rom.cc:155:do_switch$61$rdmux[0][4][11]$a$175 [5] }
    Consolidated identical input bits for $mux cell $memory$auto$proc_rom.cc:155:do_switch$61$rdmux[0][5][21]$252:
      Old ports: A=$memory$auto$proc_rom.cc:155:do_switch$61$rdmux[0][5][21]$a$253, B=$memory$auto$proc_rom.cc:155:do_switch$61$rdmux[0][5][21]$b$254, Y=$memory$auto$proc_rom.cc:155:do_switch$61$rdmux[0][4][10]$b$173
      New ports: A={ 1'0 $memory$auto$proc_rom.cc:155:do_switch$61$rdmux[0][5][21]$a$253 [2:1] }, B={ 1'1 $memory$auto$proc_rom.cc:155:do_switch$61$rdmux[0][5][21]$b$254 [2:1] }, Y=$memory$auto$proc_rom.cc:155:do_switch$61$rdmux[0][4][10]$b$173 [3:1]
      New connections: { $memory$auto$proc_rom.cc:155:do_switch$61$rdmux[0][4][10]$b$173 [8:4] $memory$auto$proc_rom.cc:155:do_switch$61$rdmux[0][4][10]$b$173 [0] } = 6'000000
    Consolidated identical input bits for $mux cell $memory$auto$proc_rom.cc:155:do_switch$61$rdmux[0][5][20]$249:
      Old ports: A=$memory$auto$proc_rom.cc:155:do_switch$61$rdmux[0][5][20]$a$250, B=$memory$auto$proc_rom.cc:155:do_switch$61$rdmux[0][5][20]$b$251, Y=$memory$auto$proc_rom.cc:155:do_switch$61$rdmux[0][4][10]$a$172
      New ports: A={ $memory$auto$proc_rom.cc:155:do_switch$61$rdmux[0][5][20]$a$250 [3] $memory$auto$proc_rom.cc:155:do_switch$61$rdmux[0][5][20]$a$250 [3:1] }, B={ 1'1 $memory$auto$proc_rom.cc:155:do_switch$61$rdmux[0][5][20]$b$251 [3:1] }, Y=$memory$auto$proc_rom.cc:155:do_switch$61$rdmux[0][4][10]$a$172 [4:1]
      New connections: { $memory$auto$proc_rom.cc:155:do_switch$61$rdmux[0][4][10]$a$172 [8:5] $memory$auto$proc_rom.cc:155:do_switch$61$rdmux[0][4][10]$a$172 [0] } = { $memory$auto$proc_rom.cc:155:do_switch$61$rdmux[0][4][10]$a$172 [4] $memory$auto$proc_rom.cc:155:do_switch$61$rdmux[0][4][10]$a$172 [4] $memory$auto$proc_rom.cc:155:do_switch$61$rdmux[0][4][10]$a$172 [4] $memory$auto$proc_rom.cc:155:do_switch$61$rdmux[0][4][10]$a$172 [4] 1'0 }
    Consolidated identical input bits for $mux cell $memory$auto$proc_rom.cc:155:do_switch$61$rdmux[0][5][19]$246:
      Old ports: A=$memory$auto$proc_rom.cc:155:do_switch$61$rdmux[0][5][19]$a$247, B=$memory$auto$proc_rom.cc:155:do_switch$61$rdmux[0][5][19]$b$248, Y=$memory$auto$proc_rom.cc:155:do_switch$61$rdmux[0][4][9]$b$170
      New ports: A={ 1'0 $memory$auto$proc_rom.cc:155:do_switch$61$rdmux[0][5][19]$a$247 [1:0] }, B={ 1'1 $memory$auto$proc_rom.cc:155:do_switch$61$rdmux[0][5][19]$b$248 [1:0] }, Y=$memory$auto$proc_rom.cc:155:do_switch$61$rdmux[0][4][9]$b$170 [2:0]
      New connections: $memory$auto$proc_rom.cc:155:do_switch$61$rdmux[0][4][9]$b$170 [8:3] = 6'000000
    Consolidated identical input bits for $mux cell $memory$auto$proc_rom.cc:155:do_switch$61$rdmux[0][5][18]$243:
      Old ports: A=$memory$auto$proc_rom.cc:155:do_switch$61$rdmux[0][5][18]$a$244, B=$memory$auto$proc_rom.cc:155:do_switch$61$rdmux[0][5][18]$b$245, Y=$memory$auto$proc_rom.cc:155:do_switch$61$rdmux[0][4][9]$a$169
      New ports: A={ $memory$auto$proc_rom.cc:155:do_switch$61$rdmux[0][5][18]$a$244 [2] $memory$auto$proc_rom.cc:155:do_switch$61$rdmux[0][5][18]$a$244 [2:0] }, B={ 1'1 $memory$auto$proc_rom.cc:155:do_switch$61$rdmux[0][5][18]$b$245 [2:0] }, Y=$memory$auto$proc_rom.cc:155:do_switch$61$rdmux[0][4][9]$a$169 [3:0]
      New connections: $memory$auto$proc_rom.cc:155:do_switch$61$rdmux[0][4][9]$a$169 [8:4] = { $memory$auto$proc_rom.cc:155:do_switch$61$rdmux[0][4][9]$a$169 [3] $memory$auto$proc_rom.cc:155:do_switch$61$rdmux[0][4][9]$a$169 [3] $memory$auto$proc_rom.cc:155:do_switch$61$rdmux[0][4][9]$a$169 [3] $memory$auto$proc_rom.cc:155:do_switch$61$rdmux[0][4][9]$a$169 [3] $memory$auto$proc_rom.cc:155:do_switch$61$rdmux[0][4][9]$a$169 [3] }
    Consolidated identical input bits for $mux cell $memory$auto$proc_rom.cc:155:do_switch$57$rdmux[0][4][3]$1680:
      Old ports: A=$memory$auto$proc_rom.cc:155:do_switch$57$rdmux[0][4][3]$a$1681, B=$memory$auto$proc_rom.cc:155:do_switch$57$rdmux[0][4][3]$b$1682, Y=$memory$auto$proc_rom.cc:155:do_switch$57$rdmux[0][3][1]$b$1652
      New ports: A={ 2'01 $memory$auto$proc_rom.cc:155:do_switch$57$rdmux[0][4][3]$a$1681 [1:0] }, B={ $memory$auto$proc_rom.cc:155:do_switch$57$rdmux[0][4][3]$b$1682 [4] $memory$auto$proc_rom.cc:155:do_switch$57$rdmux[0][4][3]$b$1682 [1] $memory$auto$proc_rom.cc:155:do_switch$57$rdmux[0][4][3]$b$1682 [1:0] }, Y={ $memory$auto$proc_rom.cc:155:do_switch$57$rdmux[0][3][1]$b$1652 [4] $memory$auto$proc_rom.cc:155:do_switch$57$rdmux[0][3][1]$b$1652 [2:0] }
      New connections: { $memory$auto$proc_rom.cc:155:do_switch$57$rdmux[0][3][1]$b$1652 [6:5] $memory$auto$proc_rom.cc:155:do_switch$57$rdmux[0][3][1]$b$1652 [3] } = { 2'10 $memory$auto$proc_rom.cc:155:do_switch$57$rdmux[0][3][1]$b$1652 [2] }
    Consolidated identical input bits for $mux cell $memory$auto$proc_rom.cc:155:do_switch$61$rdmux[0][5][15]$234:
      Old ports: A=$memory$auto$proc_rom.cc:155:do_switch$61$rdmux[0][5][15]$a$235, B=$memory$auto$proc_rom.cc:155:do_switch$61$rdmux[0][5][15]$b$236, Y=$memory$auto$proc_rom.cc:155:do_switch$61$rdmux[0][4][7]$b$164
      New ports: A={ $memory$auto$proc_rom.cc:155:do_switch$61$rdmux[0][5][15]$a$235 [5] $memory$auto$proc_rom.cc:155:do_switch$61$rdmux[0][5][15]$a$235 [5:4] 1'0 $memory$auto$proc_rom.cc:155:do_switch$61$rdmux[0][5][15]$a$235 [1:0] }, B={ 1'1 $memory$auto$proc_rom.cc:155:do_switch$61$rdmux[0][5][15]$b$236 [5:4] 1'1 $memory$auto$proc_rom.cc:155:do_switch$61$rdmux[0][5][15]$b$236 [1:0] }, Y={ $memory$auto$proc_rom.cc:155:do_switch$61$rdmux[0][4][7]$b$164 [6:4] $memory$auto$proc_rom.cc:155:do_switch$61$rdmux[0][4][7]$b$164 [2:0] }
      New connections: { $memory$auto$proc_rom.cc:155:do_switch$61$rdmux[0][4][7]$b$164 [8:7] $memory$auto$proc_rom.cc:155:do_switch$61$rdmux[0][4][7]$b$164 [3] } = { $memory$auto$proc_rom.cc:155:do_switch$61$rdmux[0][4][7]$b$164 [6] $memory$auto$proc_rom.cc:155:do_switch$61$rdmux[0][4][7]$b$164 [6] $memory$auto$proc_rom.cc:155:do_switch$61$rdmux[0][4][7]$b$164 [0] }
    Consolidated identical input bits for $mux cell $memory$auto$proc_rom.cc:155:do_switch$61$rdmux[0][5][14]$231:
      Old ports: A=$memory$auto$proc_rom.cc:155:do_switch$61$rdmux[0][5][14]$a$232, B=$memory$auto$proc_rom.cc:155:do_switch$61$rdmux[0][5][14]$b$233, Y=$memory$auto$proc_rom.cc:155:do_switch$61$rdmux[0][4][7]$a$163
      New ports: A={ 1'0 $memory$auto$proc_rom.cc:155:do_switch$61$rdmux[0][5][14]$a$232 [4:0] }, B=$memory$auto$proc_rom.cc:155:do_switch$61$rdmux[0][5][14]$b$233 [5:0], Y=$memory$auto$proc_rom.cc:155:do_switch$61$rdmux[0][4][7]$a$163 [5:0]
      New connections: $memory$auto$proc_rom.cc:155:do_switch$61$rdmux[0][4][7]$a$163 [8:6] = 3'000
    Consolidated identical input bits for $mux cell $memory$auto$proc_rom.cc:155:do_switch$61$rdmux[0][5][13]$228:
      Old ports: A=$memory$auto$proc_rom.cc:155:do_switch$61$rdmux[0][5][13]$a$229, B=$memory$auto$proc_rom.cc:155:do_switch$61$rdmux[0][5][13]$b$230, Y=$memory$auto$proc_rom.cc:155:do_switch$61$rdmux[0][4][6]$b$161
      New ports: A={ $memory$auto$proc_rom.cc:155:do_switch$61$rdmux[0][5][13]$a$229 [5] $memory$auto$proc_rom.cc:155:do_switch$61$rdmux[0][5][13]$a$229 [5:4] $memory$auto$proc_rom.cc:155:do_switch$61$rdmux[0][5][13]$a$229 [1] $memory$auto$proc_rom.cc:155:do_switch$61$rdmux[0][5][13]$a$229 [2:1] }, B={ 1'1 $memory$auto$proc_rom.cc:155:do_switch$61$rdmux[0][5][13]$b$230 [5] $memory$auto$proc_rom.cc:155:do_switch$61$rdmux[0][5][13]$b$230 [2] $memory$auto$proc_rom.cc:155:do_switch$61$rdmux[0][5][13]$b$230 [3:1] }, Y=$memory$auto$proc_rom.cc:155:do_switch$61$rdmux[0][4][6]$b$161 [6:1]
      New connections: { $memory$auto$proc_rom.cc:155:do_switch$61$rdmux[0][4][6]$b$161 [8:7] $memory$auto$proc_rom.cc:155:do_switch$61$rdmux[0][4][6]$b$161 [0] } = { $memory$auto$proc_rom.cc:155:do_switch$61$rdmux[0][4][6]$b$161 [6] $memory$auto$proc_rom.cc:155:do_switch$61$rdmux[0][4][6]$b$161 [6] 1'0 }
    Consolidated identical input bits for $mux cell $memory$auto$proc_rom.cc:155:do_switch$61$rdmux[0][5][12]$225:
      Old ports: A=$memory$auto$proc_rom.cc:155:do_switch$61$rdmux[0][5][12]$a$226, B=$memory$auto$proc_rom.cc:155:do_switch$61$rdmux[0][5][12]$b$227, Y=$memory$auto$proc_rom.cc:155:do_switch$61$rdmux[0][4][6]$a$160
      New ports: A={ 1'0 $memory$auto$proc_rom.cc:155:do_switch$61$rdmux[0][5][12]$a$226 [4:1] }, B=$memory$auto$proc_rom.cc:155:do_switch$61$rdmux[0][5][12]$b$227 [5:1], Y=$memory$auto$proc_rom.cc:155:do_switch$61$rdmux[0][4][6]$a$160 [5:1]
      New connections: { $memory$auto$proc_rom.cc:155:do_switch$61$rdmux[0][4][6]$a$160 [8:6] $memory$auto$proc_rom.cc:155:do_switch$61$rdmux[0][4][6]$a$160 [0] } = 4'0000
    Consolidated identical input bits for $mux cell $memory$auto$proc_rom.cc:155:do_switch$61$rdmux[0][5][11]$222:
      Old ports: A=$memory$auto$proc_rom.cc:155:do_switch$61$rdmux[0][5][11]$a$223, B=$memory$auto$proc_rom.cc:155:do_switch$61$rdmux[0][5][11]$b$224, Y=$memory$auto$proc_rom.cc:155:do_switch$61$rdmux[0][4][5]$b$158
      New ports: A={ $memory$auto$proc_rom.cc:155:do_switch$61$rdmux[0][5][11]$a$223 [4] $memory$auto$proc_rom.cc:155:do_switch$61$rdmux[0][5][11]$a$223 [4] $memory$auto$proc_rom.cc:155:do_switch$61$rdmux[0][5][11]$a$223 [4:0] }, B={ 1'1 $memory$auto$proc_rom.cc:155:do_switch$61$rdmux[0][5][11]$b$224 [5:0] }, Y=$memory$auto$proc_rom.cc:155:do_switch$61$rdmux[0][4][5]$b$158 [6:0]
      New connections: $memory$auto$proc_rom.cc:155:do_switch$61$rdmux[0][4][5]$b$158 [8:7] = { $memory$auto$proc_rom.cc:155:do_switch$61$rdmux[0][4][5]$b$158 [6] $memory$auto$proc_rom.cc:155:do_switch$61$rdmux[0][4][5]$b$158 [6] }
    Consolidated identical input bits for $mux cell $memory$auto$proc_rom.cc:155:do_switch$61$rdmux[0][5][10]$219:
      Old ports: A=$memory$auto$proc_rom.cc:155:do_switch$61$rdmux[0][5][10]$a$220, B=$memory$auto$proc_rom.cc:155:do_switch$61$rdmux[0][5][10]$b$221, Y=$memory$auto$proc_rom.cc:155:do_switch$61$rdmux[0][4][5]$a$157
      New ports: A={ 2'00 $memory$auto$proc_rom.cc:155:do_switch$61$rdmux[0][5][10]$a$220 [1:0] $memory$auto$proc_rom.cc:155:do_switch$61$rdmux[0][5][10]$a$220 [1:0] }, B=$memory$auto$proc_rom.cc:155:do_switch$61$rdmux[0][5][10]$b$221 [5:0], Y=$memory$auto$proc_rom.cc:155:do_switch$61$rdmux[0][4][5]$a$157 [5:0]
      New connections: $memory$auto$proc_rom.cc:155:do_switch$61$rdmux[0][4][5]$a$157 [8:6] = 3'000
    Consolidated identical input bits for $mux cell $memory$auto$proc_rom.cc:155:do_switch$61$rdmux[0][5][9]$216:
      Old ports: A=$memory$auto$proc_rom.cc:155:do_switch$61$rdmux[0][5][9]$a$217, B=$memory$auto$proc_rom.cc:155:do_switch$61$rdmux[0][5][9]$b$218, Y=$memory$auto$proc_rom.cc:155:do_switch$61$rdmux[0][4][4]$b$155
      New ports: A={ $memory$auto$proc_rom.cc:155:do_switch$61$rdmux[0][5][9]$a$217 [4] $memory$auto$proc_rom.cc:155:do_switch$61$rdmux[0][5][9]$a$217 [4:2] }, B={ 1'1 $memory$auto$proc_rom.cc:155:do_switch$61$rdmux[0][5][9]$b$218 [4:2] }, Y=$memory$auto$proc_rom.cc:155:do_switch$61$rdmux[0][4][4]$b$155 [5:2]
      New connections: { $memory$auto$proc_rom.cc:155:do_switch$61$rdmux[0][4][4]$b$155 [8:6] $memory$auto$proc_rom.cc:155:do_switch$61$rdmux[0][4][4]$b$155 [1:0] } = { $memory$auto$proc_rom.cc:155:do_switch$61$rdmux[0][4][4]$b$155 [5] $memory$auto$proc_rom.cc:155:do_switch$61$rdmux[0][4][4]$b$155 [5] $memory$auto$proc_rom.cc:155:do_switch$61$rdmux[0][4][4]$b$155 [5] 2'00 }
    Consolidated identical input bits for $mux cell $memory$auto$proc_rom.cc:155:do_switch$61$rdmux[0][5][8]$213:
      Old ports: A=$memory$auto$proc_rom.cc:155:do_switch$61$rdmux[0][5][8]$a$214, B=$memory$auto$proc_rom.cc:155:do_switch$61$rdmux[0][5][8]$b$215, Y=$memory$auto$proc_rom.cc:155:do_switch$61$rdmux[0][4][4]$a$154
      New ports: A={ 1'0 $memory$auto$proc_rom.cc:155:do_switch$61$rdmux[0][5][8]$a$214 [3:2] }, B={ 1'1 $memory$auto$proc_rom.cc:155:do_switch$61$rdmux[0][5][8]$b$215 [3:2] }, Y=$memory$auto$proc_rom.cc:155:do_switch$61$rdmux[0][4][4]$a$154 [4:2]
      New connections: { $memory$auto$proc_rom.cc:155:do_switch$61$rdmux[0][4][4]$a$154 [8:5] $memory$auto$proc_rom.cc:155:do_switch$61$rdmux[0][4][4]$a$154 [1:0] } = 6'000000
    Consolidated identical input bits for $mux cell $memory$auto$proc_rom.cc:155:do_switch$61$rdmux[0][5][7]$210:
      Old ports: A=$memory$auto$proc_rom.cc:155:do_switch$61$rdmux[0][5][7]$a$211, B=$memory$auto$proc_rom.cc:155:do_switch$61$rdmux[0][5][7]$b$212, Y=$memory$auto$proc_rom.cc:155:do_switch$61$rdmux[0][4][3]$b$152
      New ports: A={ $memory$auto$proc_rom.cc:155:do_switch$61$rdmux[0][5][7]$a$211 [4] $memory$auto$proc_rom.cc:155:do_switch$61$rdmux[0][5][7]$a$211 [4:3] $memory$auto$proc_rom.cc:155:do_switch$61$rdmux[0][5][7]$a$211 [0] $memory$auto$proc_rom.cc:155:do_switch$61$rdmux[0][5][7]$a$211 [1:0] }, B={ 1'1 $memory$auto$proc_rom.cc:155:do_switch$61$rdmux[0][5][7]$b$212 [4] $memory$auto$proc_rom.cc:155:do_switch$61$rdmux[0][5][7]$b$212 [1] $memory$auto$proc_rom.cc:155:do_switch$61$rdmux[0][5][7]$b$212 [2:0] }, Y=$memory$auto$proc_rom.cc:155:do_switch$61$rdmux[0][4][3]$b$152 [5:0]
      New connections: $memory$auto$proc_rom.cc:155:do_switch$61$rdmux[0][4][3]$b$152 [8:6] = { $memory$auto$proc_rom.cc:155:do_switch$61$rdmux[0][4][3]$b$152 [5] $memory$auto$proc_rom.cc:155:do_switch$61$rdmux[0][4][3]$b$152 [5] $memory$auto$proc_rom.cc:155:do_switch$61$rdmux[0][4][3]$b$152 [5] }
    Consolidated identical input bits for $mux cell $memory$auto$proc_rom.cc:155:do_switch$61$rdmux[0][5][6]$207:
      Old ports: A=$memory$auto$proc_rom.cc:155:do_switch$61$rdmux[0][5][6]$a$208, B=$memory$auto$proc_rom.cc:155:do_switch$61$rdmux[0][5][6]$b$209, Y=$memory$auto$proc_rom.cc:155:do_switch$61$rdmux[0][4][3]$a$151
      New ports: A={ 1'0 $memory$auto$proc_rom.cc:155:do_switch$61$rdmux[0][5][6]$a$208 [3:0] }, B=$memory$auto$proc_rom.cc:155:do_switch$61$rdmux[0][5][6]$b$209 [4:0], Y=$memory$auto$proc_rom.cc:155:do_switch$61$rdmux[0][4][3]$a$151 [4:0]
      New connections: $memory$auto$proc_rom.cc:155:do_switch$61$rdmux[0][4][3]$a$151 [8:5] = 4'0000
    Consolidated identical input bits for $mux cell $memory$auto$proc_rom.cc:155:do_switch$61$rdmux[0][5][5]$204:
      Old ports: A=$memory$auto$proc_rom.cc:155:do_switch$61$rdmux[0][5][5]$a$205, B=$memory$auto$proc_rom.cc:155:do_switch$61$rdmux[0][5][5]$b$206, Y=$memory$auto$proc_rom.cc:155:do_switch$61$rdmux[0][4][2]$b$149
      New ports: A={ $memory$auto$proc_rom.cc:155:do_switch$61$rdmux[0][5][5]$a$205 [3] $memory$auto$proc_rom.cc:155:do_switch$61$rdmux[0][5][5]$a$205 [3:1] }, B={ 1'1 $memory$auto$proc_rom.cc:155:do_switch$61$rdmux[0][5][5]$b$206 [3:1] }, Y=$memory$auto$proc_rom.cc:155:do_switch$61$rdmux[0][4][2]$b$149 [4:1]
      New connections: { $memory$auto$proc_rom.cc:155:do_switch$61$rdmux[0][4][2]$b$149 [8:5] $memory$auto$proc_rom.cc:155:do_switch$61$rdmux[0][4][2]$b$149 [0] } = { $memory$auto$proc_rom.cc:155:do_switch$61$rdmux[0][4][2]$b$149 [4] $memory$auto$proc_rom.cc:155:do_switch$61$rdmux[0][4][2]$b$149 [4] $memory$auto$proc_rom.cc:155:do_switch$61$rdmux[0][4][2]$b$149 [4] $memory$auto$proc_rom.cc:155:do_switch$61$rdmux[0][4][2]$b$149 [4] 1'0 }
    Consolidated identical input bits for $mux cell $memory$auto$proc_rom.cc:155:do_switch$61$rdmux[0][5][4]$201:
      Old ports: A=$memory$auto$proc_rom.cc:155:do_switch$61$rdmux[0][5][4]$a$202, B=$memory$auto$proc_rom.cc:155:do_switch$61$rdmux[0][5][4]$b$203, Y=$memory$auto$proc_rom.cc:155:do_switch$61$rdmux[0][4][2]$a$148
      New ports: A={ 1'0 $memory$auto$proc_rom.cc:155:do_switch$61$rdmux[0][5][4]$a$202 [2:1] }, B={ 1'1 $memory$auto$proc_rom.cc:155:do_switch$61$rdmux[0][5][4]$b$203 [2:1] }, Y=$memory$auto$proc_rom.cc:155:do_switch$61$rdmux[0][4][2]$a$148 [3:1]
      New connections: { $memory$auto$proc_rom.cc:155:do_switch$61$rdmux[0][4][2]$a$148 [8:4] $memory$auto$proc_rom.cc:155:do_switch$61$rdmux[0][4][2]$a$148 [0] } = 6'000000
    Consolidated identical input bits for $mux cell $memory$auto$proc_rom.cc:155:do_switch$61$rdmux[0][5][3]$198:
      Old ports: A=$memory$auto$proc_rom.cc:155:do_switch$61$rdmux[0][5][3]$a$199, B=$memory$auto$proc_rom.cc:155:do_switch$61$rdmux[0][5][3]$b$200, Y=$memory$auto$proc_rom.cc:155:do_switch$61$rdmux[0][4][1]$b$146
      New ports: A={ $memory$auto$proc_rom.cc:155:do_switch$61$rdmux[0][5][3]$a$199 [2] $memory$auto$proc_rom.cc:155:do_switch$61$rdmux[0][5][3]$a$199 [2:0] }, B={ 1'1 $memory$auto$proc_rom.cc:155:do_switch$61$rdmux[0][5][3]$b$200 [2:0] }, Y=$memory$auto$proc_rom.cc:155:do_switch$61$rdmux[0][4][1]$b$146 [3:0]
      New connections: $memory$auto$proc_rom.cc:155:do_switch$61$rdmux[0][4][1]$b$146 [8:4] = { $memory$auto$proc_rom.cc:155:do_switch$61$rdmux[0][4][1]$b$146 [3] $memory$auto$proc_rom.cc:155:do_switch$61$rdmux[0][4][1]$b$146 [3] $memory$auto$proc_rom.cc:155:do_switch$61$rdmux[0][4][1]$b$146 [3] $memory$auto$proc_rom.cc:155:do_switch$61$rdmux[0][4][1]$b$146 [3] $memory$auto$proc_rom.cc:155:do_switch$61$rdmux[0][4][1]$b$146 [3] }
    Consolidated identical input bits for $mux cell $memory$auto$proc_rom.cc:155:do_switch$61$rdmux[0][5][2]$195:
      Old ports: A=$memory$auto$proc_rom.cc:155:do_switch$61$rdmux[0][5][2]$a$196, B=$memory$auto$proc_rom.cc:155:do_switch$61$rdmux[0][5][2]$b$197, Y=$memory$auto$proc_rom.cc:155:do_switch$61$rdmux[0][4][1]$a$145
      New ports: A={ 1'0 $memory$auto$proc_rom.cc:155:do_switch$61$rdmux[0][5][2]$a$196 [1:0] }, B={ 1'1 $memory$auto$proc_rom.cc:155:do_switch$61$rdmux[0][5][2]$b$197 [1:0] }, Y=$memory$auto$proc_rom.cc:155:do_switch$61$rdmux[0][4][1]$a$145 [2:0]
      New connections: $memory$auto$proc_rom.cc:155:do_switch$61$rdmux[0][4][1]$a$145 [8:3] = 6'000000
  Optimizing cells in module \ex251_semantic_int3_dot2_prodtable_qcase.
    Consolidated identical input bits for $mux cell $memory$auto$proc_rom.cc:155:do_switch$57$rdmux[0][3][2]$1653:
      Old ports: A=$memory$auto$proc_rom.cc:155:do_switch$57$rdmux[0][3][2]$a$1654, B=$memory$auto$proc_rom.cc:155:do_switch$57$rdmux[0][3][2]$b$1655, Y=$memory$auto$proc_rom.cc:155:do_switch$57$rdmux[0][2][1]$a$1639
      New ports: A={ 1'0 $memory$auto$proc_rom.cc:155:do_switch$57$rdmux[0][3][2]$a$1654 [1:0] }, B=$memory$auto$proc_rom.cc:155:do_switch$57$rdmux[0][3][2]$b$1655 [2:0], Y=$memory$auto$proc_rom.cc:155:do_switch$57$rdmux[0][2][1]$a$1639 [2:0]
      New connections: $memory$auto$proc_rom.cc:155:do_switch$57$rdmux[0][2][1]$a$1639 [6:3] = 4'1010
    Consolidated identical input bits for $mux cell $memory$auto$proc_rom.cc:155:do_switch$65$rdmux[0][4][15]$951:
      Old ports: A=$memory$auto$proc_rom.cc:155:do_switch$65$rdmux[0][4][15]$a$952, B=$memory$auto$proc_rom.cc:155:do_switch$65$rdmux[0][4][15]$b$953, Y=$memory$auto$proc_rom.cc:155:do_switch$65$rdmux[0][3][7]$b$905
      New ports: A={ $memory$auto$proc_rom.cc:155:do_switch$65$rdmux[0][4][15]$a$952 [6:4] $memory$auto$proc_rom.cc:155:do_switch$65$rdmux[0][4][15]$a$952 [0] $memory$auto$proc_rom.cc:155:do_switch$65$rdmux[0][4][15]$a$952 [2:0] }, B={ 1'0 $memory$auto$proc_rom.cc:155:do_switch$65$rdmux[0][4][15]$b$953 [5:0] }, Y=$memory$auto$proc_rom.cc:155:do_switch$65$rdmux[0][3][7]$b$905 [6:0]
      New connections: $memory$auto$proc_rom.cc:155:do_switch$65$rdmux[0][3][7]$b$905 [8:7] = { $memory$auto$proc_rom.cc:155:do_switch$65$rdmux[0][3][7]$b$905 [6] $memory$auto$proc_rom.cc:155:do_switch$65$rdmux[0][3][7]$b$905 [6] }
    Consolidated identical input bits for $mux cell $memory$auto$proc_rom.cc:155:do_switch$65$rdmux[0][4][14]$948:
      Old ports: A=$memory$auto$proc_rom.cc:155:do_switch$65$rdmux[0][4][14]$a$949, B=$memory$auto$proc_rom.cc:155:do_switch$65$rdmux[0][4][14]$b$950, Y=$memory$auto$proc_rom.cc:155:do_switch$65$rdmux[0][3][7]$a$904
      New ports: A=$memory$auto$proc_rom.cc:155:do_switch$65$rdmux[0][4][14]$a$949 [6:1], B={ 1'0 $memory$auto$proc_rom.cc:155:do_switch$65$rdmux[0][4][14]$b$950 [5:1] }, Y=$memory$auto$proc_rom.cc:155:do_switch$65$rdmux[0][3][7]$a$904 [6:1]
      New connections: { $memory$auto$proc_rom.cc:155:do_switch$65$rdmux[0][3][7]$a$904 [8:7] $memory$auto$proc_rom.cc:155:do_switch$65$rdmux[0][3][7]$a$904 [0] } = { $memory$auto$proc_rom.cc:155:do_switch$65$rdmux[0][3][7]$a$904 [6] $memory$auto$proc_rom.cc:155:do_switch$65$rdmux[0][3][7]$a$904 [6] 1'0 }
    Consolidated identical input bits for $mux cell $memory$auto$proc_rom.cc:155:do_switch$65$rdmux[0][4][13]$945:
      Old ports: A=$memory$auto$proc_rom.cc:155:do_switch$65$rdmux[0][4][13]$a$946, B=$memory$auto$proc_rom.cc:155:do_switch$65$rdmux[0][4][13]$b$947, Y=$memory$auto$proc_rom.cc:155:do_switch$65$rdmux[0][3][6]$b$902
      New ports: A=$memory$auto$proc_rom.cc:155:do_switch$65$rdmux[0][4][13]$a$946 [6:0], B={ 1'0 $memory$auto$proc_rom.cc:155:do_switch$65$rdmux[0][4][13]$b$947 [5:0] }, Y=$memory$auto$proc_rom.cc:155:do_switch$65$rdmux[0][3][6]$b$902 [6:0]
      New connections: $memory$auto$proc_rom.cc:155:do_switch$65$rdmux[0][3][6]$b$902 [8:7] = { $memory$auto$proc_rom.cc:155:do_switch$65$rdmux[0][3][6]$b$902 [6] $memory$auto$proc_rom.cc:155:do_switch$65$rdmux[0][3][6]$b$902 [6] }
    Consolidated identical input bits for $mux cell $memory$auto$proc_rom.cc:155:do_switch$65$rdmux[0][4][12]$942:
      Old ports: A=$memory$auto$proc_rom.cc:155:do_switch$65$rdmux[0][4][12]$a$943, B=$memory$auto$proc_rom.cc:155:do_switch$65$rdmux[0][4][12]$b$944, Y=$memory$auto$proc_rom.cc:155:do_switch$65$rdmux[0][3][6]$a$901
      New ports: A=$memory$auto$proc_rom.cc:155:do_switch$65$rdmux[0][4][12]$a$943 [5:2], B={ 1'0 $memory$auto$proc_rom.cc:155:do_switch$65$rdmux[0][4][12]$b$944 [4:2] }, Y=$memory$auto$proc_rom.cc:155:do_switch$65$rdmux[0][3][6]$a$901 [5:2]
      New connections: { $memory$auto$proc_rom.cc:155:do_switch$65$rdmux[0][3][6]$a$901 [8:6] $memory$auto$proc_rom.cc:155:do_switch$65$rdmux[0][3][6]$a$901 [1:0] } = { $memory$auto$proc_rom.cc:155:do_switch$65$rdmux[0][3][6]$a$901 [5] $memory$auto$proc_rom.cc:155:do_switch$65$rdmux[0][3][6]$a$901 [5] $memory$auto$proc_rom.cc:155:do_switch$65$rdmux[0][3][6]$a$901 [5] 2'00 }
    Consolidated identical input bits for $mux cell $memory$auto$proc_rom.cc:155:do_switch$65$rdmux[0][4][11]$939:
      Old ports: A=$memory$auto$proc_rom.cc:155:do_switch$65$rdmux[0][4][11]$a$940, B=$memory$auto$proc_rom.cc:155:do_switch$65$rdmux[0][4][11]$b$941, Y=$memory$auto$proc_rom.cc:155:do_switch$65$rdmux[0][3][5]$b$899
      New ports: A=$memory$auto$proc_rom.cc:155:do_switch$65$rdmux[0][4][11]$a$940 [5:0], B={ 1'0 $memory$auto$proc_rom.cc:155:do_switch$65$rdmux[0][4][11]$b$941 [4:0] }, Y=$memory$auto$proc_rom.cc:155:do_switch$65$rdmux[0][3][5]$b$899 [5:0]
      New connections: $memory$auto$proc_rom.cc:155:do_switch$65$rdmux[0][3][5]$b$899 [8:6] = { $memory$auto$proc_rom.cc:155:do_switch$65$rdmux[0][3][5]$b$899 [5] $memory$auto$proc_rom.cc:155:do_switch$65$rdmux[0][3][5]$b$899 [5] $memory$auto$proc_rom.cc:155:do_switch$65$rdmux[0][3][5]$b$899 [5] }
    Consolidated identical input bits for $mux cell $memory$auto$proc_rom.cc:155:do_switch$65$rdmux[0][4][10]$936:
      Old ports: A=$memory$auto$proc_rom.cc:155:do_switch$65$rdmux[0][4][10]$a$937, B=$memory$auto$proc_rom.cc:155:do_switch$65$rdmux[0][4][10]$b$938, Y=$memory$auto$proc_rom.cc:155:do_switch$65$rdmux[0][3][5]$a$898
      New ports: A=$memory$auto$proc_rom.cc:155:do_switch$65$rdmux[0][4][10]$a$937 [4:1], B={ 1'0 $memory$auto$proc_rom.cc:155:do_switch$65$rdmux[0][4][10]$b$938 [3:1] }, Y=$memory$auto$proc_rom.cc:155:do_switch$65$rdmux[0][3][5]$a$898 [4:1]
      New connections: { $memory$auto$proc_rom.cc:155:do_switch$65$rdmux[0][3][5]$a$898 [8:5] $memory$auto$proc_rom.cc:155:do_switch$65$rdmux[0][3][5]$a$898 [0] } = { $memory$auto$proc_rom.cc:155:do_switch$65$rdmux[0][3][5]$a$898 [4] $memory$auto$proc_rom.cc:155:do_switch$65$rdmux[0][3][5]$a$898 [4] $memory$auto$proc_rom.cc:155:do_switch$65$rdmux[0][3][5]$a$898 [4] $memory$auto$proc_rom.cc:155:do_switch$65$rdmux[0][3][5]$a$898 [4] 1'0 }
    Consolidated identical input bits for $mux cell $memory$auto$proc_rom.cc:155:do_switch$65$rdmux[0][4][9]$933:
      Old ports: A=$memory$auto$proc_rom.cc:155:do_switch$65$rdmux[0][4][9]$a$934, B=$memory$auto$proc_rom.cc:155:do_switch$65$rdmux[0][4][9]$b$935, Y=$memory$auto$proc_rom.cc:155:do_switch$65$rdmux[0][3][4]$b$896
      New ports: A=$memory$auto$proc_rom.cc:155:do_switch$65$rdmux[0][4][9]$a$934 [3:0], B={ 1'0 $memory$auto$proc_rom.cc:155:do_switch$65$rdmux[0][4][9]$b$935 [2:0] }, Y=$memory$auto$proc_rom.cc:155:do_switch$65$rdmux[0][3][4]$b$896 [3:0]
      New connections: $memory$auto$proc_rom.cc:155:do_switch$65$rdmux[0][3][4]$b$896 [8:4] = { $memory$auto$proc_rom.cc:155:do_switch$65$rdmux[0][3][4]$b$896 [3] $memory$auto$proc_rom.cc:155:do_switch$65$rdmux[0][3][4]$b$896 [3] $memory$auto$proc_rom.cc:155:do_switch$65$rdmux[0][3][4]$b$896 [3] $memory$auto$proc_rom.cc:155:do_switch$65$rdmux[0][3][4]$b$896 [3] $memory$auto$proc_rom.cc:155:do_switch$65$rdmux[0][3][4]$b$896 [3] }
    Consolidated identical input bits for $mux cell $memory$auto$proc_rom.cc:155:do_switch$65$rdmux[0][4][7]$927:
      Old ports: A=$memory$auto$proc_rom.cc:155:do_switch$65$rdmux[0][4][7]$a$928, B=$memory$auto$proc_rom.cc:155:do_switch$65$rdmux[0][4][7]$b$929, Y=$memory$auto$proc_rom.cc:155:do_switch$65$rdmux[0][3][3]$b$893
      New ports: A={ 1'0 $memory$auto$proc_rom.cc:155:do_switch$65$rdmux[0][4][7]$a$928 [5:0] }, B={ $memory$auto$proc_rom.cc:155:do_switch$65$rdmux[0][4][7]$b$929 [6:4] $memory$auto$proc_rom.cc:155:do_switch$65$rdmux[0][4][7]$b$929 [0] $memory$auto$proc_rom.cc:155:do_switch$65$rdmux[0][4][7]$b$929 [2:0] }, Y=$memory$auto$proc_rom.cc:155:do_switch$65$rdmux[0][3][3]$b$893 [6:0]
      New connections: $memory$auto$proc_rom.cc:155:do_switch$65$rdmux[0][3][3]$b$893 [8:7] = { $memory$auto$proc_rom.cc:155:do_switch$65$rdmux[0][3][3]$b$893 [6] $memory$auto$proc_rom.cc:155:do_switch$65$rdmux[0][3][3]$b$893 [6] }
    Consolidated identical input bits for $mux cell $memory$auto$proc_rom.cc:155:do_switch$65$rdmux[0][4][6]$924:
      Old ports: A=$memory$auto$proc_rom.cc:155:do_switch$65$rdmux[0][4][6]$a$925, B=$memory$auto$proc_rom.cc:155:do_switch$65$rdmux[0][4][6]$b$926, Y=$memory$auto$proc_rom.cc:155:do_switch$65$rdmux[0][3][3]$a$892
      New ports: A={ 1'0 $memory$auto$proc_rom.cc:155:do_switch$65$rdmux[0][4][6]$a$925 [5:1] }, B=$memory$auto$proc_rom.cc:155:do_switch$65$rdmux[0][4][6]$b$926 [6:1], Y=$memory$auto$proc_rom.cc:155:do_switch$65$rdmux[0][3][3]$a$892 [6:1]
      New connections: { $memory$auto$proc_rom.cc:155:do_switch$65$rdmux[0][3][3]$a$892 [8:7] $memory$auto$proc_rom.cc:155:do_switch$65$rdmux[0][3][3]$a$892 [0] } = { $memory$auto$proc_rom.cc:155:do_switch$65$rdmux[0][3][3]$a$892 [6] $memory$auto$proc_rom.cc:155:do_switch$65$rdmux[0][3][3]$a$892 [6] 1'0 }
    Consolidated identical input bits for $mux cell $memory$auto$proc_rom.cc:155:do_switch$65$rdmux[0][4][5]$921:
      Old ports: A=$memory$auto$proc_rom.cc:155:do_switch$65$rdmux[0][4][5]$a$922, B=$memory$auto$proc_rom.cc:155:do_switch$65$rdmux[0][4][5]$b$923, Y=$memory$auto$proc_rom.cc:155:do_switch$65$rdmux[0][3][2]$b$890
      New ports: A={ 1'0 $memory$auto$proc_rom.cc:155:do_switch$65$rdmux[0][4][5]$a$922 [5:0] }, B=$memory$auto$proc_rom.cc:155:do_switch$65$rdmux[0][4][5]$b$923 [6:0], Y=$memory$auto$proc_rom.cc:155:do_switch$65$rdmux[0][3][2]$b$890 [6:0]
      New connections: $memory$auto$proc_rom.cc:155:do_switch$65$rdmux[0][3][2]$b$890 [8:7] = { $memory$auto$proc_rom.cc:155:do_switch$65$rdmux[0][3][2]$b$890 [6] $memory$auto$proc_rom.cc:155:do_switch$65$rdmux[0][3][2]$b$890 [6] }
    Consolidated identical input bits for $mux cell $memory$auto$proc_rom.cc:155:do_switch$65$rdmux[0][4][4]$918:
      Old ports: A=$memory$auto$proc_rom.cc:155:do_switch$65$rdmux[0][4][4]$a$919, B=$memory$auto$proc_rom.cc:155:do_switch$65$rdmux[0][4][4]$b$920, Y=$memory$auto$proc_rom.cc:155:do_switch$65$rdmux[0][3][2]$a$889
      New ports: A={ 1'0 $memory$auto$proc_rom.cc:155:do_switch$65$rdmux[0][4][4]$a$919 [4:2] }, B=$memory$auto$proc_rom.cc:155:do_switch$65$rdmux[0][4][4]$b$920 [5:2], Y=$memory$auto$proc_rom.cc:155:do_switch$65$rdmux[0][3][2]$a$889 [5:2]
      New connections: { $memory$auto$proc_rom.cc:155:do_switch$65$rdmux[0][3][2]$a$889 [8:6] $memory$auto$proc_rom.cc:155:do_switch$65$rdmux[0][3][2]$a$889 [1:0] } = { $memory$auto$proc_rom.cc:155:do_switch$65$rdmux[0][3][2]$a$889 [5] $memory$auto$proc_rom.cc:155:do_switch$65$rdmux[0][3][2]$a$889 [5] $memory$auto$proc_rom.cc:155:do_switch$65$rdmux[0][3][2]$a$889 [5] 2'00 }
    Consolidated identical input bits for $mux cell $memory$auto$proc_rom.cc:155:do_switch$65$rdmux[0][4][3]$915:
      Old ports: A=$memory$auto$proc_rom.cc:155:do_switch$65$rdmux[0][4][3]$a$916, B=$memory$auto$proc_rom.cc:155:do_switch$65$rdmux[0][4][3]$b$917, Y=$memory$auto$proc_rom.cc:155:do_switch$65$rdmux[0][3][1]$b$887
      New ports: A={ 1'0 $memory$auto$proc_rom.cc:155:do_switch$65$rdmux[0][4][3]$a$916 [4:0] }, B=$memory$auto$proc_rom.cc:155:do_switch$65$rdmux[0][4][3]$b$917 [5:0], Y=$memory$auto$proc_rom.cc:155:do_switch$65$rdmux[0][3][1]$b$887 [5:0]
      New connections: $memory$auto$proc_rom.cc:155:do_switch$65$rdmux[0][3][1]$b$887 [8:6] = { $memory$auto$proc_rom.cc:155:do_switch$65$rdmux[0][3][1]$b$887 [5] $memory$auto$proc_rom.cc:155:do_switch$65$rdmux[0][3][1]$b$887 [5] $memory$auto$proc_rom.cc:155:do_switch$65$rdmux[0][3][1]$b$887 [5] }
    Consolidated identical input bits for $mux cell $memory$auto$proc_rom.cc:155:do_switch$65$rdmux[0][4][2]$912:
      Old ports: A=$memory$auto$proc_rom.cc:155:do_switch$65$rdmux[0][4][2]$a$913, B=$memory$auto$proc_rom.cc:155:do_switch$65$rdmux[0][4][2]$b$914, Y=$memory$auto$proc_rom.cc:155:do_switch$65$rdmux[0][3][1]$a$886
      New ports: A={ 1'0 $memory$auto$proc_rom.cc:155:do_switch$65$rdmux[0][4][2]$a$913 [3:1] }, B=$memory$auto$proc_rom.cc:155:do_switch$65$rdmux[0][4][2]$b$914 [4:1], Y=$memory$auto$proc_rom.cc:155:do_switch$65$rdmux[0][3][1]$a$886 [4:1]
      New connections: { $memory$auto$proc_rom.cc:155:do_switch$65$rdmux[0][3][1]$a$886 [8:5] $memory$auto$proc_rom.cc:155:do_switch$65$rdmux[0][3][1]$a$886 [0] } = { $memory$auto$proc_rom.cc:155:do_switch$65$rdmux[0][3][1]$a$886 [4] $memory$auto$proc_rom.cc:155:do_switch$65$rdmux[0][3][1]$a$886 [4] $memory$auto$proc_rom.cc:155:do_switch$65$rdmux[0][3][1]$a$886 [4] $memory$auto$proc_rom.cc:155:do_switch$65$rdmux[0][3][1]$a$886 [4] 1'0 }
    Consolidated identical input bits for $mux cell $memory$auto$proc_rom.cc:155:do_switch$65$rdmux[0][4][1]$909:
      Old ports: A=$memory$auto$proc_rom.cc:155:do_switch$65$rdmux[0][4][1]$a$910, B=$memory$auto$proc_rom.cc:155:do_switch$65$rdmux[0][4][1]$b$911, Y=$memory$auto$proc_rom.cc:155:do_switch$65$rdmux[0][3][0]$b$884
      New ports: A={ 1'0 $memory$auto$proc_rom.cc:155:do_switch$65$rdmux[0][4][1]$a$910 [2:0] }, B=$memory$auto$proc_rom.cc:155:do_switch$65$rdmux[0][4][1]$b$911 [3:0], Y=$memory$auto$proc_rom.cc:155:do_switch$65$rdmux[0][3][0]$b$884 [3:0]
      New connections: $memory$auto$proc_rom.cc:155:do_switch$65$rdmux[0][3][0]$b$884 [8:4] = { $memory$auto$proc_rom.cc:155:do_switch$65$rdmux[0][3][0]$b$884 [3] $memory$auto$proc_rom.cc:155:do_switch$65$rdmux[0][3][0]$b$884 [3] $memory$auto$proc_rom.cc:155:do_switch$65$rdmux[0][3][0]$b$884 [3] $memory$auto$proc_rom.cc:155:do_switch$65$rdmux[0][3][0]$b$884 [3] $memory$auto$proc_rom.cc:155:do_switch$65$rdmux[0][3][0]$b$884 [3] }
    Consolidated identical input bits for $mux cell $memory$auto$proc_rom.cc:155:do_switch$57$rdmux[0][3][6]$1665:
      Old ports: A=$memory$auto$proc_rom.cc:155:do_switch$57$rdmux[0][3][6]$a$1666, B=7'1111110, Y=$memory$auto$proc_rom.cc:155:do_switch$57$rdmux[0][2][3]$a$1645
      New ports: A=$memory$auto$proc_rom.cc:155:do_switch$57$rdmux[0][3][6]$a$1666 [1], B=1'1, Y=$memory$auto$proc_rom.cc:155:do_switch$57$rdmux[0][2][3]$a$1645 [1]
      New connections: { $memory$auto$proc_rom.cc:155:do_switch$57$rdmux[0][2][3]$a$1645 [6:2] $memory$auto$proc_rom.cc:155:do_switch$57$rdmux[0][2][3]$a$1645 [0] } = { 1'1 $memory$auto$proc_rom.cc:155:do_switch$57$rdmux[0][2][3]$a$1645 [1] 4'1110 }
    Consolidated identical input bits for $mux cell $memory$auto$proc_rom.cc:155:do_switch$57$rdmux[0][3][3]$1656:
      Old ports: A=$memory$auto$proc_rom.cc:155:do_switch$57$rdmux[0][3][3]$a$1657, B=$memory$auto$proc_rom.cc:155:do_switch$57$rdmux[0][3][3]$b$1658, Y=$memory$auto$proc_rom.cc:155:do_switch$57$rdmux[0][2][1]$b$1640
      New ports: A={ 2'01 $memory$auto$proc_rom.cc:155:do_switch$57$rdmux[0][3][3]$a$1657 [1:0] }, B={ $memory$auto$proc_rom.cc:155:do_switch$57$rdmux[0][3][3]$b$1658 [3] $memory$auto$proc_rom.cc:155:do_switch$57$rdmux[0][3][3]$b$1658 [1] $memory$auto$proc_rom.cc:155:do_switch$57$rdmux[0][3][3]$b$1658 [1:0] }, Y=$memory$auto$proc_rom.cc:155:do_switch$57$rdmux[0][2][1]$b$1640 [3:0]
      New connections: $memory$auto$proc_rom.cc:155:do_switch$57$rdmux[0][2][1]$b$1640 [6:4] = 3'101
    Consolidated identical input bits for $mux cell $memory$auto$proc_rom.cc:155:do_switch$57$rdmux[0][3][1]$1650:
      Old ports: A=$memory$auto$proc_rom.cc:155:do_switch$57$rdmux[0][3][1]$a$1651, B=$memory$auto$proc_rom.cc:155:do_switch$57$rdmux[0][3][1]$b$1652, Y=$memory$auto$proc_rom.cc:155:do_switch$57$rdmux[0][2][0]$b$1637
      New ports: A={ 2'01 $memory$auto$proc_rom.cc:155:do_switch$57$rdmux[0][3][1]$a$1651 [2:0] }, B={ $memory$auto$proc_rom.cc:155:do_switch$57$rdmux[0][3][1]$b$1652 [4] $memory$auto$proc_rom.cc:155:do_switch$57$rdmux[0][3][1]$b$1652 [2] $memory$auto$proc_rom.cc:155:do_switch$57$rdmux[0][3][1]$b$1652 [2:0] }, Y=$memory$auto$proc_rom.cc:155:do_switch$57$rdmux[0][2][0]$b$1637 [4:0]
      New connections: $memory$auto$proc_rom.cc:155:do_switch$57$rdmux[0][2][0]$b$1637 [6:5] = 2'10
    Consolidated identical input bits for $mux cell $memory$auto$proc_rom.cc:155:do_switch$57$rdmux[0][3][4]$1659:
      Old ports: A=$memory$auto$proc_rom.cc:155:do_switch$57$rdmux[0][3][4]$a$1660, B=$memory$auto$proc_rom.cc:155:do_switch$57$rdmux[0][3][4]$b$1661, Y=$memory$auto$proc_rom.cc:155:do_switch$57$rdmux[0][2][2]$a$1642
      New ports: A={ 1'0 $memory$auto$proc_rom.cc:155:do_switch$57$rdmux[0][3][4]$a$1660 [0] }, B=$memory$auto$proc_rom.cc:155:do_switch$57$rdmux[0][3][4]$b$1661 [1:0], Y=$memory$auto$proc_rom.cc:155:do_switch$57$rdmux[0][2][2]$a$1642 [1:0]
      New connections: $memory$auto$proc_rom.cc:155:do_switch$57$rdmux[0][2][2]$a$1642 [6:2] = 5'10110
    Consolidated identical input bits for $mux cell $memory$auto$proc_rom.cc:155:do_switch$61$rdmux[0][4][15]$186:
      Old ports: A=$memory$auto$proc_rom.cc:155:do_switch$61$rdmux[0][4][15]$a$187, B=$memory$auto$proc_rom.cc:155:do_switch$61$rdmux[0][4][15]$b$188, Y=$memory$auto$proc_rom.cc:155:do_switch$61$rdmux[0][3][7]$b$140
      New ports: A={ $memory$auto$proc_rom.cc:155:do_switch$61$rdmux[0][4][15]$a$187 [6:4] $memory$auto$proc_rom.cc:155:do_switch$61$rdmux[0][4][15]$a$187 [0] $memory$auto$proc_rom.cc:155:do_switch$61$rdmux[0][4][15]$a$187 [2:0] }, B={ 1'0 $memory$auto$proc_rom.cc:155:do_switch$61$rdmux[0][4][15]$b$188 [5:0] }, Y=$memory$auto$proc_rom.cc:155:do_switch$61$rdmux[0][3][7]$b$140 [6:0]
      New connections: $memory$auto$proc_rom.cc:155:do_switch$61$rdmux[0][3][7]$b$140 [8:7] = { $memory$auto$proc_rom.cc:155:do_switch$61$rdmux[0][3][7]$b$140 [6] $memory$auto$proc_rom.cc:155:do_switch$61$rdmux[0][3][7]$b$140 [6] }
    Consolidated identical input bits for $mux cell $memory$auto$proc_rom.cc:155:do_switch$61$rdmux[0][4][14]$183:
      Old ports: A=$memory$auto$proc_rom.cc:155:do_switch$61$rdmux[0][4][14]$a$184, B=$memory$auto$proc_rom.cc:155:do_switch$61$rdmux[0][4][14]$b$185, Y=$memory$auto$proc_rom.cc:155:do_switch$61$rdmux[0][3][7]$a$139
      New ports: A=$memory$auto$proc_rom.cc:155:do_switch$61$rdmux[0][4][14]$a$184 [6:1], B={ 1'0 $memory$auto$proc_rom.cc:155:do_switch$61$rdmux[0][4][14]$b$185 [5:1] }, Y=$memory$auto$proc_rom.cc:155:do_switch$61$rdmux[0][3][7]$a$139 [6:1]
      New connections: { $memory$auto$proc_rom.cc:155:do_switch$61$rdmux[0][3][7]$a$139 [8:7] $memory$auto$proc_rom.cc:155:do_switch$61$rdmux[0][3][7]$a$139 [0] } = { $memory$auto$proc_rom.cc:155:do_switch$61$rdmux[0][3][7]$a$139 [6] $memory$auto$proc_rom.cc:155:do_switch$61$rdmux[0][3][7]$a$139 [6] 1'0 }
    Consolidated identical input bits for $mux cell $memory$auto$proc_rom.cc:155:do_switch$61$rdmux[0][4][13]$180:
      Old ports: A=$memory$auto$proc_rom.cc:155:do_switch$61$rdmux[0][4][13]$a$181, B=$memory$auto$proc_rom.cc:155:do_switch$61$rdmux[0][4][13]$b$182, Y=$memory$auto$proc_rom.cc:155:do_switch$61$rdmux[0][3][6]$b$137
      New ports: A=$memory$auto$proc_rom.cc:155:do_switch$61$rdmux[0][4][13]$a$181 [6:0], B={ 1'0 $memory$auto$proc_rom.cc:155:do_switch$61$rdmux[0][4][13]$b$182 [5:0] }, Y=$memory$auto$proc_rom.cc:155:do_switch$61$rdmux[0][3][6]$b$137 [6:0]
      New connections: $memory$auto$proc_rom.cc:155:do_switch$61$rdmux[0][3][6]$b$137 [8:7] = { $memory$auto$proc_rom.cc:155:do_switch$61$rdmux[0][3][6]$b$137 [6] $memory$auto$proc_rom.cc:155:do_switch$61$rdmux[0][3][6]$b$137 [6] }
    Consolidated identical input bits for $mux cell $memory$auto$proc_rom.cc:155:do_switch$61$rdmux[0][4][12]$177:
      Old ports: A=$memory$auto$proc_rom.cc:155:do_switch$61$rdmux[0][4][12]$a$178, B=$memory$auto$proc_rom.cc:155:do_switch$61$rdmux[0][4][12]$b$179, Y=$memory$auto$proc_rom.cc:155:do_switch$61$rdmux[0][3][6]$a$136
      New ports: A=$memory$auto$proc_rom.cc:155:do_switch$61$rdmux[0][4][12]$a$178 [5:2], B={ 1'0 $memory$auto$proc_rom.cc:155:do_switch$61$rdmux[0][4][12]$b$179 [4:2] }, Y=$memory$auto$proc_rom.cc:155:do_switch$61$rdmux[0][3][6]$a$136 [5:2]
      New connections: { $memory$auto$proc_rom.cc:155:do_switch$61$rdmux[0][3][6]$a$136 [8:6] $memory$auto$proc_rom.cc:155:do_switch$61$rdmux[0][3][6]$a$136 [1:0] } = { $memory$auto$proc_rom.cc:155:do_switch$61$rdmux[0][3][6]$a$136 [5] $memory$auto$proc_rom.cc:155:do_switch$61$rdmux[0][3][6]$a$136 [5] $memory$auto$proc_rom.cc:155:do_switch$61$rdmux[0][3][6]$a$136 [5] 2'00 }
    Consolidated identical input bits for $mux cell $memory$auto$proc_rom.cc:155:do_switch$61$rdmux[0][4][11]$174:
      Old ports: A=$memory$auto$proc_rom.cc:155:do_switch$61$rdmux[0][4][11]$a$175, B=$memory$auto$proc_rom.cc:155:do_switch$61$rdmux[0][4][11]$b$176, Y=$memory$auto$proc_rom.cc:155:do_switch$61$rdmux[0][3][5]$b$134
      New ports: A=$memory$auto$proc_rom.cc:155:do_switch$61$rdmux[0][4][11]$a$175 [5:0], B={ 1'0 $memory$auto$proc_rom.cc:155:do_switch$61$rdmux[0][4][11]$b$176 [4:0] }, Y=$memory$auto$proc_rom.cc:155:do_switch$61$rdmux[0][3][5]$b$134 [5:0]
      New connections: $memory$auto$proc_rom.cc:155:do_switch$61$rdmux[0][3][5]$b$134 [8:6] = { $memory$auto$proc_rom.cc:155:do_switch$61$rdmux[0][3][5]$b$134 [5] $memory$auto$proc_rom.cc:155:do_switch$61$rdmux[0][3][5]$b$134 [5] $memory$auto$proc_rom.cc:155:do_switch$61$rdmux[0][3][5]$b$134 [5] }
    Consolidated identical input bits for $mux cell $memory$auto$proc_rom.cc:155:do_switch$61$rdmux[0][4][10]$171:
      Old ports: A=$memory$auto$proc_rom.cc:155:do_switch$61$rdmux[0][4][10]$a$172, B=$memory$auto$proc_rom.cc:155:do_switch$61$rdmux[0][4][10]$b$173, Y=$memory$auto$proc_rom.cc:155:do_switch$61$rdmux[0][3][5]$a$133
      New ports: A=$memory$auto$proc_rom.cc:155:do_switch$61$rdmux[0][4][10]$a$172 [4:1], B={ 1'0 $memory$auto$proc_rom.cc:155:do_switch$61$rdmux[0][4][10]$b$173 [3:1] }, Y=$memory$auto$proc_rom.cc:155:do_switch$61$rdmux[0][3][5]$a$133 [4:1]
      New connections: { $memory$auto$proc_rom.cc:155:do_switch$61$rdmux[0][3][5]$a$133 [8:5] $memory$auto$proc_rom.cc:155:do_switch$61$rdmux[0][3][5]$a$133 [0] } = { $memory$auto$proc_rom.cc:155:do_switch$61$rdmux[0][3][5]$a$133 [4] $memory$auto$proc_rom.cc:155:do_switch$61$rdmux[0][3][5]$a$133 [4] $memory$auto$proc_rom.cc:155:do_switch$61$rdmux[0][3][5]$a$133 [4] $memory$auto$proc_rom.cc:155:do_switch$61$rdmux[0][3][5]$a$133 [4] 1'0 }
    Consolidated identical input bits for $mux cell $memory$auto$proc_rom.cc:155:do_switch$61$rdmux[0][4][9]$168:
      Old ports: A=$memory$auto$proc_rom.cc:155:do_switch$61$rdmux[0][4][9]$a$169, B=$memory$auto$proc_rom.cc:155:do_switch$61$rdmux[0][4][9]$b$170, Y=$memory$auto$proc_rom.cc:155:do_switch$61$rdmux[0][3][4]$b$131
      New ports: A=$memory$auto$proc_rom.cc:155:do_switch$61$rdmux[0][4][9]$a$169 [3:0], B={ 1'0 $memory$auto$proc_rom.cc:155:do_switch$61$rdmux[0][4][9]$b$170 [2:0] }, Y=$memory$auto$proc_rom.cc:155:do_switch$61$rdmux[0][3][4]$b$131 [3:0]
      New connections: $memory$auto$proc_rom.cc:155:do_switch$61$rdmux[0][3][4]$b$131 [8:4] = { $memory$auto$proc_rom.cc:155:do_switch$61$rdmux[0][3][4]$b$131 [3] $memory$auto$proc_rom.cc:155:do_switch$61$rdmux[0][3][4]$b$131 [3] $memory$auto$proc_rom.cc:155:do_switch$61$rdmux[0][3][4]$b$131 [3] $memory$auto$proc_rom.cc:155:do_switch$61$rdmux[0][3][4]$b$131 [3] $memory$auto$proc_rom.cc:155:do_switch$61$rdmux[0][3][4]$b$131 [3] }
    Consolidated identical input bits for $mux cell $memory$auto$proc_rom.cc:155:do_switch$57$rdmux[0][3][5]$1662:
      Old ports: A=$memory$auto$proc_rom.cc:155:do_switch$57$rdmux[0][3][5]$a$1663, B=$memory$auto$proc_rom.cc:155:do_switch$57$rdmux[0][3][5]$b$1664, Y=$memory$auto$proc_rom.cc:155:do_switch$57$rdmux[0][2][2]$b$1643
      New ports: A={ 2'01 $memory$auto$proc_rom.cc:155:do_switch$57$rdmux[0][3][5]$a$1663 [0] }, B={ $memory$auto$proc_rom.cc:155:do_switch$57$rdmux[0][3][5]$b$1664 [2] $memory$auto$proc_rom.cc:155:do_switch$57$rdmux[0][3][5]$b$1664 [0] $memory$auto$proc_rom.cc:155:do_switch$57$rdmux[0][3][5]$b$1664 [0] }, Y=$memory$auto$proc_rom.cc:155:do_switch$57$rdmux[0][2][2]$b$1643 [2:0]
      New connections: $memory$auto$proc_rom.cc:155:do_switch$57$rdmux[0][2][2]$b$1643 [6:3] = 4'1011
    Consolidated identical input bits for $mux cell $memory$auto$proc_rom.cc:155:do_switch$61$rdmux[0][4][7]$162:
      Old ports: A=$memory$auto$proc_rom.cc:155:do_switch$61$rdmux[0][4][7]$a$163, B=$memory$auto$proc_rom.cc:155:do_switch$61$rdmux[0][4][7]$b$164, Y=$memory$auto$proc_rom.cc:155:do_switch$61$rdmux[0][3][3]$b$128
      New ports: A={ 1'0 $memory$auto$proc_rom.cc:155:do_switch$61$rdmux[0][4][7]$a$163 [5:0] }, B={ $memory$auto$proc_rom.cc:155:do_switch$61$rdmux[0][4][7]$b$164 [6:4] $memory$auto$proc_rom.cc:155:do_switch$61$rdmux[0][4][7]$b$164 [0] $memory$auto$proc_rom.cc:155:do_switch$61$rdmux[0][4][7]$b$164 [2:0] }, Y=$memory$auto$proc_rom.cc:155:do_switch$61$rdmux[0][3][3]$b$128 [6:0]
      New connections: $memory$auto$proc_rom.cc:155:do_switch$61$rdmux[0][3][3]$b$128 [8:7] = { $memory$auto$proc_rom.cc:155:do_switch$61$rdmux[0][3][3]$b$128 [6] $memory$auto$proc_rom.cc:155:do_switch$61$rdmux[0][3][3]$b$128 [6] }
    Consolidated identical input bits for $mux cell $memory$auto$proc_rom.cc:155:do_switch$61$rdmux[0][4][6]$159:
      Old ports: A=$memory$auto$proc_rom.cc:155:do_switch$61$rdmux[0][4][6]$a$160, B=$memory$auto$proc_rom.cc:155:do_switch$61$rdmux[0][4][6]$b$161, Y=$memory$auto$proc_rom.cc:155:do_switch$61$rdmux[0][3][3]$a$127
      New ports: A={ 1'0 $memory$auto$proc_rom.cc:155:do_switch$61$rdmux[0][4][6]$a$160 [5:1] }, B=$memory$auto$proc_rom.cc:155:do_switch$61$rdmux[0][4][6]$b$161 [6:1], Y=$memory$auto$proc_rom.cc:155:do_switch$61$rdmux[0][3][3]$a$127 [6:1]
      New connections: { $memory$auto$proc_rom.cc:155:do_switch$61$rdmux[0][3][3]$a$127 [8:7] $memory$auto$proc_rom.cc:155:do_switch$61$rdmux[0][3][3]$a$127 [0] } = { $memory$auto$proc_rom.cc:155:do_switch$61$rdmux[0][3][3]$a$127 [6] $memory$auto$proc_rom.cc:155:do_switch$61$rdmux[0][3][3]$a$127 [6] 1'0 }
    Consolidated identical input bits for $mux cell $memory$auto$proc_rom.cc:155:do_switch$61$rdmux[0][4][5]$156:
      Old ports: A=$memory$auto$proc_rom.cc:155:do_switch$61$rdmux[0][4][5]$a$157, B=$memory$auto$proc_rom.cc:155:do_switch$61$rdmux[0][4][5]$b$158, Y=$memory$auto$proc_rom.cc:155:do_switch$61$rdmux[0][3][2]$b$125
      New ports: A={ 1'0 $memory$auto$proc_rom.cc:155:do_switch$61$rdmux[0][4][5]$a$157 [5:0] }, B=$memory$auto$proc_rom.cc:155:do_switch$61$rdmux[0][4][5]$b$158 [6:0], Y=$memory$auto$proc_rom.cc:155:do_switch$61$rdmux[0][3][2]$b$125 [6:0]
      New connections: $memory$auto$proc_rom.cc:155:do_switch$61$rdmux[0][3][2]$b$125 [8:7] = { $memory$auto$proc_rom.cc:155:do_switch$61$rdmux[0][3][2]$b$125 [6] $memory$auto$proc_rom.cc:155:do_switch$61$rdmux[0][3][2]$b$125 [6] }
    Consolidated identical input bits for $mux cell $memory$auto$proc_rom.cc:155:do_switch$61$rdmux[0][4][4]$153:
      Old ports: A=$memory$auto$proc_rom.cc:155:do_switch$61$rdmux[0][4][4]$a$154, B=$memory$auto$proc_rom.cc:155:do_switch$61$rdmux[0][4][4]$b$155, Y=$memory$auto$proc_rom.cc:155:do_switch$61$rdmux[0][3][2]$a$124
      New ports: A={ 1'0 $memory$auto$proc_rom.cc:155:do_switch$61$rdmux[0][4][4]$a$154 [4:2] }, B=$memory$auto$proc_rom.cc:155:do_switch$61$rdmux[0][4][4]$b$155 [5:2], Y=$memory$auto$proc_rom.cc:155:do_switch$61$rdmux[0][3][2]$a$124 [5:2]
      New connections: { $memory$auto$proc_rom.cc:155:do_switch$61$rdmux[0][3][2]$a$124 [8:6] $memory$auto$proc_rom.cc:155:do_switch$61$rdmux[0][3][2]$a$124 [1:0] } = { $memory$auto$proc_rom.cc:155:do_switch$61$rdmux[0][3][2]$a$124 [5] $memory$auto$proc_rom.cc:155:do_switch$61$rdmux[0][3][2]$a$124 [5] $memory$auto$proc_rom.cc:155:do_switch$61$rdmux[0][3][2]$a$124 [5] 2'00 }
    Consolidated identical input bits for $mux cell $memory$auto$proc_rom.cc:155:do_switch$61$rdmux[0][4][3]$150:
      Old ports: A=$memory$auto$proc_rom.cc:155:do_switch$61$rdmux[0][4][3]$a$151, B=$memory$auto$proc_rom.cc:155:do_switch$61$rdmux[0][4][3]$b$152, Y=$memory$auto$proc_rom.cc:155:do_switch$61$rdmux[0][3][1]$b$122
      New ports: A={ 1'0 $memory$auto$proc_rom.cc:155:do_switch$61$rdmux[0][4][3]$a$151 [4:0] }, B=$memory$auto$proc_rom.cc:155:do_switch$61$rdmux[0][4][3]$b$152 [5:0], Y=$memory$auto$proc_rom.cc:155:do_switch$61$rdmux[0][3][1]$b$122 [5:0]
      New connections: $memory$auto$proc_rom.cc:155:do_switch$61$rdmux[0][3][1]$b$122 [8:6] = { $memory$auto$proc_rom.cc:155:do_switch$61$rdmux[0][3][1]$b$122 [5] $memory$auto$proc_rom.cc:155:do_switch$61$rdmux[0][3][1]$b$122 [5] $memory$auto$proc_rom.cc:155:do_switch$61$rdmux[0][3][1]$b$122 [5] }
    Consolidated identical input bits for $mux cell $memory$auto$proc_rom.cc:155:do_switch$61$rdmux[0][4][2]$147:
      Old ports: A=$memory$auto$proc_rom.cc:155:do_switch$61$rdmux[0][4][2]$a$148, B=$memory$auto$proc_rom.cc:155:do_switch$61$rdmux[0][4][2]$b$149, Y=$memory$auto$proc_rom.cc:155:do_switch$61$rdmux[0][3][1]$a$121
      New ports: A={ 1'0 $memory$auto$proc_rom.cc:155:do_switch$61$rdmux[0][4][2]$a$148 [3:1] }, B=$memory$auto$proc_rom.cc:155:do_switch$61$rdmux[0][4][2]$b$149 [4:1], Y=$memory$auto$proc_rom.cc:155:do_switch$61$rdmux[0][3][1]$a$121 [4:1]
      New connections: { $memory$auto$proc_rom.cc:155:do_switch$61$rdmux[0][3][1]$a$121 [8:5] $memory$auto$proc_rom.cc:155:do_switch$61$rdmux[0][3][1]$a$121 [0] } = { $memory$auto$proc_rom.cc:155:do_switch$61$rdmux[0][3][1]$a$121 [4] $memory$auto$proc_rom.cc:155:do_switch$61$rdmux[0][3][1]$a$121 [4] $memory$auto$proc_rom.cc:155:do_switch$61$rdmux[0][3][1]$a$121 [4] $memory$auto$proc_rom.cc:155:do_switch$61$rdmux[0][3][1]$a$121 [4] 1'0 }
    Consolidated identical input bits for $mux cell $memory$auto$proc_rom.cc:155:do_switch$61$rdmux[0][4][1]$144:
      Old ports: A=$memory$auto$proc_rom.cc:155:do_switch$61$rdmux[0][4][1]$a$145, B=$memory$auto$proc_rom.cc:155:do_switch$61$rdmux[0][4][1]$b$146, Y=$memory$auto$proc_rom.cc:155:do_switch$61$rdmux[0][3][0]$b$119
      New ports: A={ 1'0 $memory$auto$proc_rom.cc:155:do_switch$61$rdmux[0][4][1]$a$145 [2:0] }, B=$memory$auto$proc_rom.cc:155:do_switch$61$rdmux[0][4][1]$b$146 [3:0], Y=$memory$auto$proc_rom.cc:155:do_switch$61$rdmux[0][3][0]$b$119 [3:0]
      New connections: $memory$auto$proc_rom.cc:155:do_switch$61$rdmux[0][3][0]$b$119 [8:4] = { $memory$auto$proc_rom.cc:155:do_switch$61$rdmux[0][3][0]$b$119 [3] $memory$auto$proc_rom.cc:155:do_switch$61$rdmux[0][3][0]$b$119 [3] $memory$auto$proc_rom.cc:155:do_switch$61$rdmux[0][3][0]$b$119 [3] $memory$auto$proc_rom.cc:155:do_switch$61$rdmux[0][3][0]$b$119 [3] $memory$auto$proc_rom.cc:155:do_switch$61$rdmux[0][3][0]$b$119 [3] }
  Optimizing cells in module \ex251_semantic_int3_dot2_prodtable_qcase.
    Consolidated identical input bits for $mux cell $memory$auto$proc_rom.cc:155:do_switch$57$rdmux[0][2][3]$1644:
      Old ports: A=$memory$auto$proc_rom.cc:155:do_switch$57$rdmux[0][2][3]$a$1645, B=7'1111110, Y=$memory$auto$proc_rom.cc:155:do_switch$57$rdmux[0][1][1]$b$1634
      New ports: A=$memory$auto$proc_rom.cc:155:do_switch$57$rdmux[0][2][3]$a$1645 [1], B=1'1, Y=$memory$auto$proc_rom.cc:155:do_switch$57$rdmux[0][1][1]$b$1634 [1]
      New connections: { $memory$auto$proc_rom.cc:155:do_switch$57$rdmux[0][1][1]$b$1634 [6:2] $memory$auto$proc_rom.cc:155:do_switch$57$rdmux[0][1][1]$b$1634 [0] } = { 1'1 $memory$auto$proc_rom.cc:155:do_switch$57$rdmux[0][1][1]$b$1634 [1] 4'1110 }
    Consolidated identical input bits for $mux cell $memory$auto$proc_rom.cc:155:do_switch$57$rdmux[0][2][2]$1641:
      Old ports: A=$memory$auto$proc_rom.cc:155:do_switch$57$rdmux[0][2][2]$a$1642, B=$memory$auto$proc_rom.cc:155:do_switch$57$rdmux[0][2][2]$b$1643, Y=$memory$auto$proc_rom.cc:155:do_switch$57$rdmux[0][1][1]$a$1633
      New ports: A={ 1'0 $memory$auto$proc_rom.cc:155:do_switch$57$rdmux[0][2][2]$a$1642 [1:0] }, B=$memory$auto$proc_rom.cc:155:do_switch$57$rdmux[0][2][2]$b$1643 [2:0], Y=$memory$auto$proc_rom.cc:155:do_switch$57$rdmux[0][1][1]$a$1633 [2:0]
      New connections: $memory$auto$proc_rom.cc:155:do_switch$57$rdmux[0][1][1]$a$1633 [6:3] = 4'1011
    Consolidated identical input bits for $mux cell $memory$auto$proc_rom.cc:155:do_switch$65$rdmux[0][3][7]$903:
      Old ports: A=$memory$auto$proc_rom.cc:155:do_switch$65$rdmux[0][3][7]$a$904, B=$memory$auto$proc_rom.cc:155:do_switch$65$rdmux[0][3][7]$b$905, Y=$memory$auto$proc_rom.cc:155:do_switch$65$rdmux[0][2][3]$b$881
      New ports: A={ $memory$auto$proc_rom.cc:155:do_switch$65$rdmux[0][3][7]$a$904 [6:1] 1'0 }, B=$memory$auto$proc_rom.cc:155:do_switch$65$rdmux[0][3][7]$b$905 [6:0], Y=$memory$auto$proc_rom.cc:155:do_switch$65$rdmux[0][2][3]$b$881 [6:0]
      New connections: $memory$auto$proc_rom.cc:155:do_switch$65$rdmux[0][2][3]$b$881 [8:7] = { $memory$auto$proc_rom.cc:155:do_switch$65$rdmux[0][2][3]$b$881 [6] $memory$auto$proc_rom.cc:155:do_switch$65$rdmux[0][2][3]$b$881 [6] }
    Consolidated identical input bits for $mux cell $memory$auto$proc_rom.cc:155:do_switch$65$rdmux[0][3][6]$900:
      Old ports: A=$memory$auto$proc_rom.cc:155:do_switch$65$rdmux[0][3][6]$a$901, B=$memory$auto$proc_rom.cc:155:do_switch$65$rdmux[0][3][6]$b$902, Y=$memory$auto$proc_rom.cc:155:do_switch$65$rdmux[0][2][3]$a$880
      New ports: A={ $memory$auto$proc_rom.cc:155:do_switch$65$rdmux[0][3][6]$a$901 [5] $memory$auto$proc_rom.cc:155:do_switch$65$rdmux[0][3][6]$a$901 [5:2] 2'00 }, B=$memory$auto$proc_rom.cc:155:do_switch$65$rdmux[0][3][6]$b$902 [6:0], Y=$memory$auto$proc_rom.cc:155:do_switch$65$rdmux[0][2][3]$a$880 [6:0]
      New connections: $memory$auto$proc_rom.cc:155:do_switch$65$rdmux[0][2][3]$a$880 [8:7] = { $memory$auto$proc_rom.cc:155:do_switch$65$rdmux[0][2][3]$a$880 [6] $memory$auto$proc_rom.cc:155:do_switch$65$rdmux[0][2][3]$a$880 [6] }
    Consolidated identical input bits for $mux cell $memory$auto$proc_rom.cc:155:do_switch$65$rdmux[0][3][5]$897:
      Old ports: A=$memory$auto$proc_rom.cc:155:do_switch$65$rdmux[0][3][5]$a$898, B=$memory$auto$proc_rom.cc:155:do_switch$65$rdmux[0][3][5]$b$899, Y=$memory$auto$proc_rom.cc:155:do_switch$65$rdmux[0][2][2]$b$878
      New ports: A={ $memory$auto$proc_rom.cc:155:do_switch$65$rdmux[0][3][5]$a$898 [4] $memory$auto$proc_rom.cc:155:do_switch$65$rdmux[0][3][5]$a$898 [4:1] 1'0 }, B=$memory$auto$proc_rom.cc:155:do_switch$65$rdmux[0][3][5]$b$899 [5:0], Y=$memory$auto$proc_rom.cc:155:do_switch$65$rdmux[0][2][2]$b$878 [5:0]
      New connections: $memory$auto$proc_rom.cc:155:do_switch$65$rdmux[0][2][2]$b$878 [8:6] = { $memory$auto$proc_rom.cc:155:do_switch$65$rdmux[0][2][2]$b$878 [5] $memory$auto$proc_rom.cc:155:do_switch$65$rdmux[0][2][2]$b$878 [5] $memory$auto$proc_rom.cc:155:do_switch$65$rdmux[0][2][2]$b$878 [5] }
    Consolidated identical input bits for $mux cell $memory$auto$proc_rom.cc:155:do_switch$65$rdmux[0][3][4]$894:
      Old ports: A=9'000000000, B=$memory$auto$proc_rom.cc:155:do_switch$65$rdmux[0][3][4]$b$896, Y=$memory$auto$proc_rom.cc:155:do_switch$65$rdmux[0][2][2]$a$877
      New ports: A=4'0000, B=$memory$auto$proc_rom.cc:155:do_switch$65$rdmux[0][3][4]$b$896 [3:0], Y=$memory$auto$proc_rom.cc:155:do_switch$65$rdmux[0][2][2]$a$877 [3:0]
      New connections: $memory$auto$proc_rom.cc:155:do_switch$65$rdmux[0][2][2]$a$877 [8:4] = { $memory$auto$proc_rom.cc:155:do_switch$65$rdmux[0][2][2]$a$877 [3] $memory$auto$proc_rom.cc:155:do_switch$65$rdmux[0][2][2]$a$877 [3] $memory$auto$proc_rom.cc:155:do_switch$65$rdmux[0][2][2]$a$877 [3] $memory$auto$proc_rom.cc:155:do_switch$65$rdmux[0][2][2]$a$877 [3] $memory$auto$proc_rom.cc:155:do_switch$65$rdmux[0][2][2]$a$877 [3] }
    Consolidated identical input bits for $mux cell $memory$auto$proc_rom.cc:155:do_switch$65$rdmux[0][3][3]$891:
      Old ports: A=$memory$auto$proc_rom.cc:155:do_switch$65$rdmux[0][3][3]$a$892, B=$memory$auto$proc_rom.cc:155:do_switch$65$rdmux[0][3][3]$b$893, Y=$memory$auto$proc_rom.cc:155:do_switch$65$rdmux[0][2][1]$b$875
      New ports: A={ $memory$auto$proc_rom.cc:155:do_switch$65$rdmux[0][3][3]$a$892 [6:1] 1'0 }, B=$memory$auto$proc_rom.cc:155:do_switch$65$rdmux[0][3][3]$b$893 [6:0], Y=$memory$auto$proc_rom.cc:155:do_switch$65$rdmux[0][2][1]$b$875 [6:0]
      New connections: $memory$auto$proc_rom.cc:155:do_switch$65$rdmux[0][2][1]$b$875 [8:7] = { $memory$auto$proc_rom.cc:155:do_switch$65$rdmux[0][2][1]$b$875 [6] $memory$auto$proc_rom.cc:155:do_switch$65$rdmux[0][2][1]$b$875 [6] }
    Consolidated identical input bits for $mux cell $memory$auto$proc_rom.cc:155:do_switch$65$rdmux[0][3][2]$888:
      Old ports: A=$memory$auto$proc_rom.cc:155:do_switch$65$rdmux[0][3][2]$a$889, B=$memory$auto$proc_rom.cc:155:do_switch$65$rdmux[0][3][2]$b$890, Y=$memory$auto$proc_rom.cc:155:do_switch$65$rdmux[0][2][1]$a$874
      New ports: A={ $memory$auto$proc_rom.cc:155:do_switch$65$rdmux[0][3][2]$a$889 [5] $memory$auto$proc_rom.cc:155:do_switch$65$rdmux[0][3][2]$a$889 [5:2] 2'00 }, B=$memory$auto$proc_rom.cc:155:do_switch$65$rdmux[0][3][2]$b$890 [6:0], Y=$memory$auto$proc_rom.cc:155:do_switch$65$rdmux[0][2][1]$a$874 [6:0]
      New connections: $memory$auto$proc_rom.cc:155:do_switch$65$rdmux[0][2][1]$a$874 [8:7] = { $memory$auto$proc_rom.cc:155:do_switch$65$rdmux[0][2][1]$a$874 [6] $memory$auto$proc_rom.cc:155:do_switch$65$rdmux[0][2][1]$a$874 [6] }
    Consolidated identical input bits for $mux cell $memory$auto$proc_rom.cc:155:do_switch$65$rdmux[0][3][1]$885:
      Old ports: A=$memory$auto$proc_rom.cc:155:do_switch$65$rdmux[0][3][1]$a$886, B=$memory$auto$proc_rom.cc:155:do_switch$65$rdmux[0][3][1]$b$887, Y=$memory$auto$proc_rom.cc:155:do_switch$65$rdmux[0][2][0]$b$872
      New ports: A={ $memory$auto$proc_rom.cc:155:do_switch$65$rdmux[0][3][1]$a$886 [4] $memory$auto$proc_rom.cc:155:do_switch$65$rdmux[0][3][1]$a$886 [4:1] 1'0 }, B=$memory$auto$proc_rom.cc:155:do_switch$65$rdmux[0][3][1]$b$887 [5:0], Y=$memory$auto$proc_rom.cc:155:do_switch$65$rdmux[0][2][0]$b$872 [5:0]
      New connections: $memory$auto$proc_rom.cc:155:do_switch$65$rdmux[0][2][0]$b$872 [8:6] = { $memory$auto$proc_rom.cc:155:do_switch$65$rdmux[0][2][0]$b$872 [5] $memory$auto$proc_rom.cc:155:do_switch$65$rdmux[0][2][0]$b$872 [5] $memory$auto$proc_rom.cc:155:do_switch$65$rdmux[0][2][0]$b$872 [5] }
    Consolidated identical input bits for $mux cell $memory$auto$proc_rom.cc:155:do_switch$65$rdmux[0][3][0]$882:
      Old ports: A=9'000000000, B=$memory$auto$proc_rom.cc:155:do_switch$65$rdmux[0][3][0]$b$884, Y=$memory$auto$proc_rom.cc:155:do_switch$65$rdmux[0][2][0]$a$871
      New ports: A=4'0000, B=$memory$auto$proc_rom.cc:155:do_switch$65$rdmux[0][3][0]$b$884 [3:0], Y=$memory$auto$proc_rom.cc:155:do_switch$65$rdmux[0][2][0]$a$871 [3:0]
      New connections: $memory$auto$proc_rom.cc:155:do_switch$65$rdmux[0][2][0]$a$871 [8:4] = { $memory$auto$proc_rom.cc:155:do_switch$65$rdmux[0][2][0]$a$871 [3] $memory$auto$proc_rom.cc:155:do_switch$65$rdmux[0][2][0]$a$871 [3] $memory$auto$proc_rom.cc:155:do_switch$65$rdmux[0][2][0]$a$871 [3] $memory$auto$proc_rom.cc:155:do_switch$65$rdmux[0][2][0]$a$871 [3] $memory$auto$proc_rom.cc:155:do_switch$65$rdmux[0][2][0]$a$871 [3] }
    Consolidated identical input bits for $mux cell $memory$auto$proc_rom.cc:155:do_switch$57$rdmux[0][2][1]$1638:
      Old ports: A=$memory$auto$proc_rom.cc:155:do_switch$57$rdmux[0][2][1]$a$1639, B=$memory$auto$proc_rom.cc:155:do_switch$57$rdmux[0][2][1]$b$1640, Y=$memory$auto$proc_rom.cc:155:do_switch$57$rdmux[0][1][0]$b$1631
      New ports: A={ 1'0 $memory$auto$proc_rom.cc:155:do_switch$57$rdmux[0][2][1]$a$1639 [2:0] }, B=$memory$auto$proc_rom.cc:155:do_switch$57$rdmux[0][2][1]$b$1640 [3:0], Y=$memory$auto$proc_rom.cc:155:do_switch$57$rdmux[0][1][0]$b$1631 [3:0]
      New connections: $memory$auto$proc_rom.cc:155:do_switch$57$rdmux[0][1][0]$b$1631 [6:4] = 3'101
    Consolidated identical input bits for $mux cell $memory$auto$proc_rom.cc:155:do_switch$61$rdmux[0][3][7]$138:
      Old ports: A=$memory$auto$proc_rom.cc:155:do_switch$61$rdmux[0][3][7]$a$139, B=$memory$auto$proc_rom.cc:155:do_switch$61$rdmux[0][3][7]$b$140, Y=$memory$auto$proc_rom.cc:155:do_switch$61$rdmux[0][2][3]$b$116
      New ports: A={ $memory$auto$proc_rom.cc:155:do_switch$61$rdmux[0][3][7]$a$139 [6:1] 1'0 }, B=$memory$auto$proc_rom.cc:155:do_switch$61$rdmux[0][3][7]$b$140 [6:0], Y=$memory$auto$proc_rom.cc:155:do_switch$61$rdmux[0][2][3]$b$116 [6:0]
      New connections: $memory$auto$proc_rom.cc:155:do_switch$61$rdmux[0][2][3]$b$116 [8:7] = { $memory$auto$proc_rom.cc:155:do_switch$61$rdmux[0][2][3]$b$116 [6] $memory$auto$proc_rom.cc:155:do_switch$61$rdmux[0][2][3]$b$116 [6] }
    Consolidated identical input bits for $mux cell $memory$auto$proc_rom.cc:155:do_switch$61$rdmux[0][3][6]$135:
      Old ports: A=$memory$auto$proc_rom.cc:155:do_switch$61$rdmux[0][3][6]$a$136, B=$memory$auto$proc_rom.cc:155:do_switch$61$rdmux[0][3][6]$b$137, Y=$memory$auto$proc_rom.cc:155:do_switch$61$rdmux[0][2][3]$a$115
      New ports: A={ $memory$auto$proc_rom.cc:155:do_switch$61$rdmux[0][3][6]$a$136 [5] $memory$auto$proc_rom.cc:155:do_switch$61$rdmux[0][3][6]$a$136 [5:2] 2'00 }, B=$memory$auto$proc_rom.cc:155:do_switch$61$rdmux[0][3][6]$b$137 [6:0], Y=$memory$auto$proc_rom.cc:155:do_switch$61$rdmux[0][2][3]$a$115 [6:0]
      New connections: $memory$auto$proc_rom.cc:155:do_switch$61$rdmux[0][2][3]$a$115 [8:7] = { $memory$auto$proc_rom.cc:155:do_switch$61$rdmux[0][2][3]$a$115 [6] $memory$auto$proc_rom.cc:155:do_switch$61$rdmux[0][2][3]$a$115 [6] }
    Consolidated identical input bits for $mux cell $memory$auto$proc_rom.cc:155:do_switch$61$rdmux[0][3][5]$132:
      Old ports: A=$memory$auto$proc_rom.cc:155:do_switch$61$rdmux[0][3][5]$a$133, B=$memory$auto$proc_rom.cc:155:do_switch$61$rdmux[0][3][5]$b$134, Y=$memory$auto$proc_rom.cc:155:do_switch$61$rdmux[0][2][2]$b$113
      New ports: A={ $memory$auto$proc_rom.cc:155:do_switch$61$rdmux[0][3][5]$a$133 [4] $memory$auto$proc_rom.cc:155:do_switch$61$rdmux[0][3][5]$a$133 [4:1] 1'0 }, B=$memory$auto$proc_rom.cc:155:do_switch$61$rdmux[0][3][5]$b$134 [5:0], Y=$memory$auto$proc_rom.cc:155:do_switch$61$rdmux[0][2][2]$b$113 [5:0]
      New connections: $memory$auto$proc_rom.cc:155:do_switch$61$rdmux[0][2][2]$b$113 [8:6] = { $memory$auto$proc_rom.cc:155:do_switch$61$rdmux[0][2][2]$b$113 [5] $memory$auto$proc_rom.cc:155:do_switch$61$rdmux[0][2][2]$b$113 [5] $memory$auto$proc_rom.cc:155:do_switch$61$rdmux[0][2][2]$b$113 [5] }
    Consolidated identical input bits for $mux cell $memory$auto$proc_rom.cc:155:do_switch$61$rdmux[0][3][4]$129:
      Old ports: A=9'000000000, B=$memory$auto$proc_rom.cc:155:do_switch$61$rdmux[0][3][4]$b$131, Y=$memory$auto$proc_rom.cc:155:do_switch$61$rdmux[0][2][2]$a$112
      New ports: A=4'0000, B=$memory$auto$proc_rom.cc:155:do_switch$61$rdmux[0][3][4]$b$131 [3:0], Y=$memory$auto$proc_rom.cc:155:do_switch$61$rdmux[0][2][2]$a$112 [3:0]
      New connections: $memory$auto$proc_rom.cc:155:do_switch$61$rdmux[0][2][2]$a$112 [8:4] = { $memory$auto$proc_rom.cc:155:do_switch$61$rdmux[0][2][2]$a$112 [3] $memory$auto$proc_rom.cc:155:do_switch$61$rdmux[0][2][2]$a$112 [3] $memory$auto$proc_rom.cc:155:do_switch$61$rdmux[0][2][2]$a$112 [3] $memory$auto$proc_rom.cc:155:do_switch$61$rdmux[0][2][2]$a$112 [3] $memory$auto$proc_rom.cc:155:do_switch$61$rdmux[0][2][2]$a$112 [3] }
    Consolidated identical input bits for $mux cell $memory$auto$proc_rom.cc:155:do_switch$61$rdmux[0][3][3]$126:
      Old ports: A=$memory$auto$proc_rom.cc:155:do_switch$61$rdmux[0][3][3]$a$127, B=$memory$auto$proc_rom.cc:155:do_switch$61$rdmux[0][3][3]$b$128, Y=$memory$auto$proc_rom.cc:155:do_switch$61$rdmux[0][2][1]$b$110
      New ports: A={ $memory$auto$proc_rom.cc:155:do_switch$61$rdmux[0][3][3]$a$127 [6:1] 1'0 }, B=$memory$auto$proc_rom.cc:155:do_switch$61$rdmux[0][3][3]$b$128 [6:0], Y=$memory$auto$proc_rom.cc:155:do_switch$61$rdmux[0][2][1]$b$110 [6:0]
      New connections: $memory$auto$proc_rom.cc:155:do_switch$61$rdmux[0][2][1]$b$110 [8:7] = { $memory$auto$proc_rom.cc:155:do_switch$61$rdmux[0][2][1]$b$110 [6] $memory$auto$proc_rom.cc:155:do_switch$61$rdmux[0][2][1]$b$110 [6] }
    Consolidated identical input bits for $mux cell $memory$auto$proc_rom.cc:155:do_switch$61$rdmux[0][3][2]$123:
      Old ports: A=$memory$auto$proc_rom.cc:155:do_switch$61$rdmux[0][3][2]$a$124, B=$memory$auto$proc_rom.cc:155:do_switch$61$rdmux[0][3][2]$b$125, Y=$memory$auto$proc_rom.cc:155:do_switch$61$rdmux[0][2][1]$a$109
      New ports: A={ $memory$auto$proc_rom.cc:155:do_switch$61$rdmux[0][3][2]$a$124 [5] $memory$auto$proc_rom.cc:155:do_switch$61$rdmux[0][3][2]$a$124 [5:2] 2'00 }, B=$memory$auto$proc_rom.cc:155:do_switch$61$rdmux[0][3][2]$b$125 [6:0], Y=$memory$auto$proc_rom.cc:155:do_switch$61$rdmux[0][2][1]$a$109 [6:0]
      New connections: $memory$auto$proc_rom.cc:155:do_switch$61$rdmux[0][2][1]$a$109 [8:7] = { $memory$auto$proc_rom.cc:155:do_switch$61$rdmux[0][2][1]$a$109 [6] $memory$auto$proc_rom.cc:155:do_switch$61$rdmux[0][2][1]$a$109 [6] }
    Consolidated identical input bits for $mux cell $memory$auto$proc_rom.cc:155:do_switch$61$rdmux[0][3][1]$120:
      Old ports: A=$memory$auto$proc_rom.cc:155:do_switch$61$rdmux[0][3][1]$a$121, B=$memory$auto$proc_rom.cc:155:do_switch$61$rdmux[0][3][1]$b$122, Y=$memory$auto$proc_rom.cc:155:do_switch$61$rdmux[0][2][0]$b$107
      New ports: A={ $memory$auto$proc_rom.cc:155:do_switch$61$rdmux[0][3][1]$a$121 [4] $memory$auto$proc_rom.cc:155:do_switch$61$rdmux[0][3][1]$a$121 [4:1] 1'0 }, B=$memory$auto$proc_rom.cc:155:do_switch$61$rdmux[0][3][1]$b$122 [5:0], Y=$memory$auto$proc_rom.cc:155:do_switch$61$rdmux[0][2][0]$b$107 [5:0]
      New connections: $memory$auto$proc_rom.cc:155:do_switch$61$rdmux[0][2][0]$b$107 [8:6] = { $memory$auto$proc_rom.cc:155:do_switch$61$rdmux[0][2][0]$b$107 [5] $memory$auto$proc_rom.cc:155:do_switch$61$rdmux[0][2][0]$b$107 [5] $memory$auto$proc_rom.cc:155:do_switch$61$rdmux[0][2][0]$b$107 [5] }
    Consolidated identical input bits for $mux cell $memory$auto$proc_rom.cc:155:do_switch$61$rdmux[0][3][0]$117:
      Old ports: A=9'000000000, B=$memory$auto$proc_rom.cc:155:do_switch$61$rdmux[0][3][0]$b$119, Y=$memory$auto$proc_rom.cc:155:do_switch$61$rdmux[0][2][0]$a$106
      New ports: A=4'0000, B=$memory$auto$proc_rom.cc:155:do_switch$61$rdmux[0][3][0]$b$119 [3:0], Y=$memory$auto$proc_rom.cc:155:do_switch$61$rdmux[0][2][0]$a$106 [3:0]
      New connections: $memory$auto$proc_rom.cc:155:do_switch$61$rdmux[0][2][0]$a$106 [8:4] = { $memory$auto$proc_rom.cc:155:do_switch$61$rdmux[0][2][0]$a$106 [3] $memory$auto$proc_rom.cc:155:do_switch$61$rdmux[0][2][0]$a$106 [3] $memory$auto$proc_rom.cc:155:do_switch$61$rdmux[0][2][0]$a$106 [3] $memory$auto$proc_rom.cc:155:do_switch$61$rdmux[0][2][0]$a$106 [3] $memory$auto$proc_rom.cc:155:do_switch$61$rdmux[0][2][0]$a$106 [3] }
  Optimizing cells in module \ex251_semantic_int3_dot2_prodtable_qcase.
    Consolidated identical input bits for $mux cell $memory$auto$proc_rom.cc:155:do_switch$57$rdmux[0][1][1]$1632:
      Old ports: A=$memory$auto$proc_rom.cc:155:do_switch$57$rdmux[0][1][1]$a$1633, B=$memory$auto$proc_rom.cc:155:do_switch$57$rdmux[0][1][1]$b$1634, Y=$memory$auto$proc_rom.cc:155:do_switch$57$rdmux[0][0][0]$b$1628
      New ports: A={ 1'0 $memory$auto$proc_rom.cc:155:do_switch$57$rdmux[0][1][1]$a$1633 [2:0] }, B={ $memory$auto$proc_rom.cc:155:do_switch$57$rdmux[0][1][1]$b$1634 [1] 1'1 $memory$auto$proc_rom.cc:155:do_switch$57$rdmux[0][1][1]$b$1634 [1] 1'0 }, Y={ $memory$auto$proc_rom.cc:155:do_switch$57$rdmux[0][0][0]$b$1628 [5] $memory$auto$proc_rom.cc:155:do_switch$57$rdmux[0][0][0]$b$1628 [2:0] }
      New connections: { $memory$auto$proc_rom.cc:155:do_switch$57$rdmux[0][0][0]$b$1628 [6] $memory$auto$proc_rom.cc:155:do_switch$57$rdmux[0][0][0]$b$1628 [4:3] } = 3'111
    Consolidated identical input bits for $mux cell $memory$auto$proc_rom.cc:155:do_switch$65$rdmux[0][2][3]$879:
      Old ports: A=$memory$auto$proc_rom.cc:155:do_switch$65$rdmux[0][2][3]$a$880, B=$memory$auto$proc_rom.cc:155:do_switch$65$rdmux[0][2][3]$b$881, Y=$memory$auto$proc_rom.cc:155:do_switch$65$rdmux[0][1][1]$b$869
      New ports: A=$memory$auto$proc_rom.cc:155:do_switch$65$rdmux[0][2][3]$a$880 [6:0], B=$memory$auto$proc_rom.cc:155:do_switch$65$rdmux[0][2][3]$b$881 [6:0], Y=$memory$auto$proc_rom.cc:155:do_switch$65$rdmux[0][1][1]$b$869 [6:0]
      New connections: $memory$auto$proc_rom.cc:155:do_switch$65$rdmux[0][1][1]$b$869 [8:7] = { $memory$auto$proc_rom.cc:155:do_switch$65$rdmux[0][1][1]$b$869 [6] $memory$auto$proc_rom.cc:155:do_switch$65$rdmux[0][1][1]$b$869 [6] }
    Consolidated identical input bits for $mux cell $memory$auto$proc_rom.cc:155:do_switch$65$rdmux[0][2][2]$876:
      Old ports: A=$memory$auto$proc_rom.cc:155:do_switch$65$rdmux[0][2][2]$a$877, B=$memory$auto$proc_rom.cc:155:do_switch$65$rdmux[0][2][2]$b$878, Y=$memory$auto$proc_rom.cc:155:do_switch$65$rdmux[0][1][1]$a$868
      New ports: A={ $memory$auto$proc_rom.cc:155:do_switch$65$rdmux[0][2][2]$a$877 [3] $memory$auto$proc_rom.cc:155:do_switch$65$rdmux[0][2][2]$a$877 [3] $memory$auto$proc_rom.cc:155:do_switch$65$rdmux[0][2][2]$a$877 [3:0] }, B=$memory$auto$proc_rom.cc:155:do_switch$65$rdmux[0][2][2]$b$878 [5:0], Y=$memory$auto$proc_rom.cc:155:do_switch$65$rdmux[0][1][1]$a$868 [5:0]
      New connections: $memory$auto$proc_rom.cc:155:do_switch$65$rdmux[0][1][1]$a$868 [8:6] = { $memory$auto$proc_rom.cc:155:do_switch$65$rdmux[0][1][1]$a$868 [5] $memory$auto$proc_rom.cc:155:do_switch$65$rdmux[0][1][1]$a$868 [5] $memory$auto$proc_rom.cc:155:do_switch$65$rdmux[0][1][1]$a$868 [5] }
    Consolidated identical input bits for $mux cell $memory$auto$proc_rom.cc:155:do_switch$65$rdmux[0][2][1]$873:
      Old ports: A=$memory$auto$proc_rom.cc:155:do_switch$65$rdmux[0][2][1]$a$874, B=$memory$auto$proc_rom.cc:155:do_switch$65$rdmux[0][2][1]$b$875, Y=$memory$auto$proc_rom.cc:155:do_switch$65$rdmux[0][1][0]$b$866
      New ports: A=$memory$auto$proc_rom.cc:155:do_switch$65$rdmux[0][2][1]$a$874 [6:0], B=$memory$auto$proc_rom.cc:155:do_switch$65$rdmux[0][2][1]$b$875 [6:0], Y=$memory$auto$proc_rom.cc:155:do_switch$65$rdmux[0][1][0]$b$866 [6:0]
      New connections: $memory$auto$proc_rom.cc:155:do_switch$65$rdmux[0][1][0]$b$866 [8:7] = { $memory$auto$proc_rom.cc:155:do_switch$65$rdmux[0][1][0]$b$866 [6] $memory$auto$proc_rom.cc:155:do_switch$65$rdmux[0][1][0]$b$866 [6] }
    Consolidated identical input bits for $mux cell $memory$auto$proc_rom.cc:155:do_switch$65$rdmux[0][2][0]$870:
      Old ports: A=$memory$auto$proc_rom.cc:155:do_switch$65$rdmux[0][2][0]$a$871, B=$memory$auto$proc_rom.cc:155:do_switch$65$rdmux[0][2][0]$b$872, Y=$memory$auto$proc_rom.cc:155:do_switch$65$rdmux[0][1][0]$a$865
      New ports: A={ $memory$auto$proc_rom.cc:155:do_switch$65$rdmux[0][2][0]$a$871 [3] $memory$auto$proc_rom.cc:155:do_switch$65$rdmux[0][2][0]$a$871 [3] $memory$auto$proc_rom.cc:155:do_switch$65$rdmux[0][2][0]$a$871 [3:0] }, B=$memory$auto$proc_rom.cc:155:do_switch$65$rdmux[0][2][0]$b$872 [5:0], Y=$memory$auto$proc_rom.cc:155:do_switch$65$rdmux[0][1][0]$a$865 [5:0]
      New connections: $memory$auto$proc_rom.cc:155:do_switch$65$rdmux[0][1][0]$a$865 [8:6] = { $memory$auto$proc_rom.cc:155:do_switch$65$rdmux[0][1][0]$a$865 [5] $memory$auto$proc_rom.cc:155:do_switch$65$rdmux[0][1][0]$a$865 [5] $memory$auto$proc_rom.cc:155:do_switch$65$rdmux[0][1][0]$a$865 [5] }
    Consolidated identical input bits for $mux cell $memory$auto$proc_rom.cc:155:do_switch$61$rdmux[0][2][3]$114:
      Old ports: A=$memory$auto$proc_rom.cc:155:do_switch$61$rdmux[0][2][3]$a$115, B=$memory$auto$proc_rom.cc:155:do_switch$61$rdmux[0][2][3]$b$116, Y=$memory$auto$proc_rom.cc:155:do_switch$61$rdmux[0][1][1]$b$104
      New ports: A=$memory$auto$proc_rom.cc:155:do_switch$61$rdmux[0][2][3]$a$115 [6:0], B=$memory$auto$proc_rom.cc:155:do_switch$61$rdmux[0][2][3]$b$116 [6:0], Y=$memory$auto$proc_rom.cc:155:do_switch$61$rdmux[0][1][1]$b$104 [6:0]
      New connections: $memory$auto$proc_rom.cc:155:do_switch$61$rdmux[0][1][1]$b$104 [8:7] = { $memory$auto$proc_rom.cc:155:do_switch$61$rdmux[0][1][1]$b$104 [6] $memory$auto$proc_rom.cc:155:do_switch$61$rdmux[0][1][1]$b$104 [6] }
    Consolidated identical input bits for $mux cell $memory$auto$proc_rom.cc:155:do_switch$61$rdmux[0][2][2]$111:
      Old ports: A=$memory$auto$proc_rom.cc:155:do_switch$61$rdmux[0][2][2]$a$112, B=$memory$auto$proc_rom.cc:155:do_switch$61$rdmux[0][2][2]$b$113, Y=$memory$auto$proc_rom.cc:155:do_switch$61$rdmux[0][1][1]$a$103
      New ports: A={ $memory$auto$proc_rom.cc:155:do_switch$61$rdmux[0][2][2]$a$112 [3] $memory$auto$proc_rom.cc:155:do_switch$61$rdmux[0][2][2]$a$112 [3] $memory$auto$proc_rom.cc:155:do_switch$61$rdmux[0][2][2]$a$112 [3:0] }, B=$memory$auto$proc_rom.cc:155:do_switch$61$rdmux[0][2][2]$b$113 [5:0], Y=$memory$auto$proc_rom.cc:155:do_switch$61$rdmux[0][1][1]$a$103 [5:0]
      New connections: $memory$auto$proc_rom.cc:155:do_switch$61$rdmux[0][1][1]$a$103 [8:6] = { $memory$auto$proc_rom.cc:155:do_switch$61$rdmux[0][1][1]$a$103 [5] $memory$auto$proc_rom.cc:155:do_switch$61$rdmux[0][1][1]$a$103 [5] $memory$auto$proc_rom.cc:155:do_switch$61$rdmux[0][1][1]$a$103 [5] }
    Consolidated identical input bits for $mux cell $memory$auto$proc_rom.cc:155:do_switch$61$rdmux[0][2][1]$108:
      Old ports: A=$memory$auto$proc_rom.cc:155:do_switch$61$rdmux[0][2][1]$a$109, B=$memory$auto$proc_rom.cc:155:do_switch$61$rdmux[0][2][1]$b$110, Y=$memory$auto$proc_rom.cc:155:do_switch$61$rdmux[0][1][0]$b$101
      New ports: A=$memory$auto$proc_rom.cc:155:do_switch$61$rdmux[0][2][1]$a$109 [6:0], B=$memory$auto$proc_rom.cc:155:do_switch$61$rdmux[0][2][1]$b$110 [6:0], Y=$memory$auto$proc_rom.cc:155:do_switch$61$rdmux[0][1][0]$b$101 [6:0]
      New connections: $memory$auto$proc_rom.cc:155:do_switch$61$rdmux[0][1][0]$b$101 [8:7] = { $memory$auto$proc_rom.cc:155:do_switch$61$rdmux[0][1][0]$b$101 [6] $memory$auto$proc_rom.cc:155:do_switch$61$rdmux[0][1][0]$b$101 [6] }
    Consolidated identical input bits for $mux cell $memory$auto$proc_rom.cc:155:do_switch$61$rdmux[0][2][0]$105:
      Old ports: A=$memory$auto$proc_rom.cc:155:do_switch$61$rdmux[0][2][0]$a$106, B=$memory$auto$proc_rom.cc:155:do_switch$61$rdmux[0][2][0]$b$107, Y=$memory$auto$proc_rom.cc:155:do_switch$61$rdmux[0][1][0]$a$100
      New ports: A={ $memory$auto$proc_rom.cc:155:do_switch$61$rdmux[0][2][0]$a$106 [3] $memory$auto$proc_rom.cc:155:do_switch$61$rdmux[0][2][0]$a$106 [3] $memory$auto$proc_rom.cc:155:do_switch$61$rdmux[0][2][0]$a$106 [3:0] }, B=$memory$auto$proc_rom.cc:155:do_switch$61$rdmux[0][2][0]$b$107 [5:0], Y=$memory$auto$proc_rom.cc:155:do_switch$61$rdmux[0][1][0]$a$100 [5:0]
      New connections: $memory$auto$proc_rom.cc:155:do_switch$61$rdmux[0][1][0]$a$100 [8:6] = { $memory$auto$proc_rom.cc:155:do_switch$61$rdmux[0][1][0]$a$100 [5] $memory$auto$proc_rom.cc:155:do_switch$61$rdmux[0][1][0]$a$100 [5] $memory$auto$proc_rom.cc:155:do_switch$61$rdmux[0][1][0]$a$100 [5] }
  Optimizing cells in module \ex251_semantic_int3_dot2_prodtable_qcase.
    Consolidated identical input bits for $mux cell $memory$auto$proc_rom.cc:155:do_switch$65$rdmux[0][1][1]$867:
      Old ports: A=$memory$auto$proc_rom.cc:155:do_switch$65$rdmux[0][1][1]$a$868, B=$memory$auto$proc_rom.cc:155:do_switch$65$rdmux[0][1][1]$b$869, Y=$memory$auto$proc_rom.cc:155:do_switch$65$rdmux[0][0][0]$b$863
      New ports: A={ $memory$auto$proc_rom.cc:155:do_switch$65$rdmux[0][1][1]$a$868 [5] $memory$auto$proc_rom.cc:155:do_switch$65$rdmux[0][1][1]$a$868 [5:0] }, B=$memory$auto$proc_rom.cc:155:do_switch$65$rdmux[0][1][1]$b$869 [6:0], Y=$memory$auto$proc_rom.cc:155:do_switch$65$rdmux[0][0][0]$b$863 [6:0]
      New connections: $memory$auto$proc_rom.cc:155:do_switch$65$rdmux[0][0][0]$b$863 [8:7] = { $memory$auto$proc_rom.cc:155:do_switch$65$rdmux[0][0][0]$b$863 [6] $memory$auto$proc_rom.cc:155:do_switch$65$rdmux[0][0][0]$b$863 [6] }
    Consolidated identical input bits for $mux cell $memory$auto$proc_rom.cc:155:do_switch$65$rdmux[0][1][0]$864:
      Old ports: A=$memory$auto$proc_rom.cc:155:do_switch$65$rdmux[0][1][0]$a$865, B=$memory$auto$proc_rom.cc:155:do_switch$65$rdmux[0][1][0]$b$866, Y=$memory$auto$proc_rom.cc:155:do_switch$65$rdmux[0][0][0]$a$862
      New ports: A={ $memory$auto$proc_rom.cc:155:do_switch$65$rdmux[0][1][0]$a$865 [5] $memory$auto$proc_rom.cc:155:do_switch$65$rdmux[0][1][0]$a$865 [5:0] }, B=$memory$auto$proc_rom.cc:155:do_switch$65$rdmux[0][1][0]$b$866 [6:0], Y=$memory$auto$proc_rom.cc:155:do_switch$65$rdmux[0][0][0]$a$862 [6:0]
      New connections: $memory$auto$proc_rom.cc:155:do_switch$65$rdmux[0][0][0]$a$862 [8:7] = { $memory$auto$proc_rom.cc:155:do_switch$65$rdmux[0][0][0]$a$862 [6] $memory$auto$proc_rom.cc:155:do_switch$65$rdmux[0][0][0]$a$862 [6] }
    Consolidated identical input bits for $mux cell $memory$auto$proc_rom.cc:155:do_switch$61$rdmux[0][1][1]$102:
      Old ports: A=$memory$auto$proc_rom.cc:155:do_switch$61$rdmux[0][1][1]$a$103, B=$memory$auto$proc_rom.cc:155:do_switch$61$rdmux[0][1][1]$b$104, Y=$memory$auto$proc_rom.cc:155:do_switch$61$rdmux[0][0][0]$b$98
      New ports: A={ $memory$auto$proc_rom.cc:155:do_switch$61$rdmux[0][1][1]$a$103 [5] $memory$auto$proc_rom.cc:155:do_switch$61$rdmux[0][1][1]$a$103 [5:0] }, B=$memory$auto$proc_rom.cc:155:do_switch$61$rdmux[0][1][1]$b$104 [6:0], Y=$memory$auto$proc_rom.cc:155:do_switch$61$rdmux[0][0][0]$b$98 [6:0]
      New connections: $memory$auto$proc_rom.cc:155:do_switch$61$rdmux[0][0][0]$b$98 [8:7] = { $memory$auto$proc_rom.cc:155:do_switch$61$rdmux[0][0][0]$b$98 [6] $memory$auto$proc_rom.cc:155:do_switch$61$rdmux[0][0][0]$b$98 [6] }
    Consolidated identical input bits for $mux cell $memory$auto$proc_rom.cc:155:do_switch$61$rdmux[0][1][0]$99:
      Old ports: A=$memory$auto$proc_rom.cc:155:do_switch$61$rdmux[0][1][0]$a$100, B=$memory$auto$proc_rom.cc:155:do_switch$61$rdmux[0][1][0]$b$101, Y=$memory$auto$proc_rom.cc:155:do_switch$61$rdmux[0][0][0]$a$97
      New ports: A={ $memory$auto$proc_rom.cc:155:do_switch$61$rdmux[0][1][0]$a$100 [5] $memory$auto$proc_rom.cc:155:do_switch$61$rdmux[0][1][0]$a$100 [5:0] }, B=$memory$auto$proc_rom.cc:155:do_switch$61$rdmux[0][1][0]$b$101 [6:0], Y=$memory$auto$proc_rom.cc:155:do_switch$61$rdmux[0][0][0]$a$97 [6:0]
      New connections: $memory$auto$proc_rom.cc:155:do_switch$61$rdmux[0][0][0]$a$97 [8:7] = { $memory$auto$proc_rom.cc:155:do_switch$61$rdmux[0][0][0]$a$97 [6] $memory$auto$proc_rom.cc:155:do_switch$61$rdmux[0][0][0]$a$97 [6] }
  Optimizing cells in module \ex251_semantic_int3_dot2_prodtable_qcase.
    Consolidated identical input bits for $mux cell $memory$auto$proc_rom.cc:155:do_switch$65$rdmux[0][0][0]$861:
      Old ports: A=$memory$auto$proc_rom.cc:155:do_switch$65$rdmux[0][0][0]$a$862, B=$memory$auto$proc_rom.cc:155:do_switch$65$rdmux[0][0][0]$b$863, Y=\lane_product$func$/home/b10507053/ALS_Final_Project/student/work/ex250_ex254_frontend_fp4_dot_fma_semantic_20260608_2105/ex251/verilog/ex251_semantic_int3_dot2_prodtable_qcase.v:399$1.$result
      New ports: A=$memory$auto$proc_rom.cc:155:do_switch$65$rdmux[0][0][0]$a$862 [6:0], B=$memory$auto$proc_rom.cc:155:do_switch$65$rdmux[0][0][0]$b$863 [6:0], Y=\lane_product$func$/home/b10507053/ALS_Final_Project/student/work/ex250_ex254_frontend_fp4_dot_fma_semantic_20260608_2105/ex251/verilog/ex251_semantic_int3_dot2_prodtable_qcase.v:399$1.$result [6:0]
      New connections: \lane_product$func$/home/b10507053/ALS_Final_Project/student/work/ex250_ex254_frontend_fp4_dot_fma_semantic_20260608_2105/ex251/verilog/ex251_semantic_int3_dot2_prodtable_qcase.v:399$1.$result [8:7] = { \lane_product$func$/home/b10507053/ALS_Final_Project/student/work/ex250_ex254_frontend_fp4_dot_fma_semantic_20260608_2105/ex251/verilog/ex251_semantic_int3_dot2_prodtable_qcase.v:399$1.$result [6] \lane_product$func$/home/b10507053/ALS_Final_Project/student/work/ex250_ex254_frontend_fp4_dot_fma_semantic_20260608_2105/ex251/verilog/ex251_semantic_int3_dot2_prodtable_qcase.v:399$1.$result [6] }
    Consolidated identical input bits for $mux cell $memory$auto$proc_rom.cc:155:do_switch$61$rdmux[0][0][0]$96:
      Old ports: A=$memory$auto$proc_rom.cc:155:do_switch$61$rdmux[0][0][0]$a$97, B=$memory$auto$proc_rom.cc:155:do_switch$61$rdmux[0][0][0]$b$98, Y=\lane_product$func$/home/b10507053/ALS_Final_Project/student/work/ex250_ex254_frontend_fp4_dot_fma_semantic_20260608_2105/ex251/verilog/ex251_semantic_int3_dot2_prodtable_qcase.v:400$2.$result
      New ports: A=$memory$auto$proc_rom.cc:155:do_switch$61$rdmux[0][0][0]$a$97 [6:0], B=$memory$auto$proc_rom.cc:155:do_switch$61$rdmux[0][0][0]$b$98 [6:0], Y=\lane_product$func$/home/b10507053/ALS_Final_Project/student/work/ex250_ex254_frontend_fp4_dot_fma_semantic_20260608_2105/ex251/verilog/ex251_semantic_int3_dot2_prodtable_qcase.v:400$2.$result [6:0]
      New connections: \lane_product$func$/home/b10507053/ALS_Final_Project/student/work/ex250_ex254_frontend_fp4_dot_fma_semantic_20260608_2105/ex251/verilog/ex251_semantic_int3_dot2_prodtable_qcase.v:400$2.$result [8:7] = { \lane_product$func$/home/b10507053/ALS_Final_Project/student/work/ex250_ex254_frontend_fp4_dot_fma_semantic_20260608_2105/ex251/verilog/ex251_semantic_int3_dot2_prodtable_qcase.v:400$2.$result [6] \lane_product$func$/home/b10507053/ALS_Final_Project/student/work/ex250_ex254_frontend_fp4_dot_fma_semantic_20260608_2105/ex251/verilog/ex251_semantic_int3_dot2_prodtable_qcase.v:400$2.$result [6] }
  Optimizing cells in module \ex251_semantic_int3_dot2_prodtable_qcase.
Performed a total of 511 changes.

2.21.5. Executing OPT_MERGE pass (detect identical cells).
Finding identical cells in module `\ex251_semantic_int3_dot2_prodtable_qcase'.
Computing hashes of 534 cells of `\ex251_semantic_int3_dot2_prodtable_qcase'.
Finding duplicate cells in `\ex251_semantic_int3_dot2_prodtable_qcase'.
Computing hashes of 293 cells of `\ex251_semantic_int3_dot2_prodtable_qcase'.
Finding duplicate cells in `\ex251_semantic_int3_dot2_prodtable_qcase'.
Computing hashes of 198 cells of `\ex251_semantic_int3_dot2_prodtable_qcase'.
Finding duplicate cells in `\ex251_semantic_int3_dot2_prodtable_qcase'.
Computing hashes of 155 cells of `\ex251_semantic_int3_dot2_prodtable_qcase'.
Finding duplicate cells in `\ex251_semantic_int3_dot2_prodtable_qcase'.
Computing hashes of 143 cells of `\ex251_semantic_int3_dot2_prodtable_qcase'.
Finding duplicate cells in `\ex251_semantic_int3_dot2_prodtable_qcase'.
Removed a total of 391 cells.

2.21.6. Executing OPT_SHARE pass.

2.21.7. Executing OPT_DFF pass (perform DFF optimizations).

2.21.8. Executing OPT_CLEAN pass (remove unused cells and wires).
Finding unused cells or wires in module \ex251_semantic_int3_dot2_prodtable_qcase..
Removed 0 unused cells and 1153 unused wires.

2.21.9. Executing OPT_EXPR pass (perform const folding).
Optimizing module ex251_semantic_int3_dot2_prodtable_qcase.

2.21.10. Rerunning OPT passes. (Maybe there is more to do..)

2.21.11. Executing OPT_MUXTREE pass (detect dead branches in mux trees).
Running muxtree optimizer on module \ex251_semantic_int3_dot2_prodtable_qcase..
  Creating internal representation of mux trees.
  Evaluating internal representation of mux trees.
  Analyzing evaluation results.
Removed 0 multiplexer ports.

2.21.12. Executing OPT_REDUCE pass (consolidate $*mux and $reduce_* inputs).
  Optimizing cells in module \ex251_semantic_int3_dot2_prodtable_qcase.
    Consolidated identical input bits for $mux cell $memory$auto$proc_rom.cc:155:do_switch$61$rdmux[0][6][54]$447:
      Old ports: A={ 1'0 $memory$auto$proc_rom.cc:155:do_switch$61$rdmux[0][6][10]$a$316 [1] }, B={ 1'1 $memory$auto$proc_rom.cc:155:do_switch$61$rdmux[0][6][10]$a$316 [1] }, Y=$memory$auto$proc_rom.cc:155:do_switch$61$rdmux[0][5][10]$a$220 [1:0]
      New ports: A=1'0, B=1'1, Y=$memory$auto$proc_rom.cc:155:do_switch$61$rdmux[0][5][10]$a$220 [1]
      New connections: $memory$auto$proc_rom.cc:155:do_switch$61$rdmux[0][5][10]$a$220 [0] = \in [0]
    Consolidated identical input bits for $mux cell $memory$auto$proc_rom.cc:155:do_switch$61$rdmux[0][6][53]$444:
      Old ports: A={ 2'10 $memory$auto$proc_rom.cc:155:do_switch$61$rdmux[0][6][10]$b$317 [2] 1'1 $memory$auto$proc_rom.cc:155:do_switch$61$rdmux[0][6][10]$b$317 [1] $memory$auto$proc_rom.cc:155:do_switch$61$rdmux[0][6][10]$b$317 [1] }, B={ $memory$auto$proc_rom.cc:155:do_switch$61$rdmux[0][6][10]$b$317 [2:1] $memory$auto$proc_rom.cc:155:do_switch$61$rdmux[0][6][10]$b$317 [1] $memory$auto$proc_rom.cc:155:do_switch$61$rdmux[0][6][10]$b$317 [1] $memory$auto$proc_rom.cc:155:do_switch$61$rdmux[0][6][10]$b$317 [2:1] }, Y=$memory$auto$proc_rom.cc:155:do_switch$61$rdmux[0][5][11]$b$224 [5:0]
      New ports: A={ 2'10 $memory$auto$proc_rom.cc:155:do_switch$61$rdmux[0][6][10]$b$317 [2] 1'1 $memory$auto$proc_rom.cc:155:do_switch$61$rdmux[0][6][10]$b$317 [1] }, B={ $memory$auto$proc_rom.cc:155:do_switch$61$rdmux[0][6][10]$b$317 [2:1] $memory$auto$proc_rom.cc:155:do_switch$61$rdmux[0][6][10]$b$317 [1] $memory$auto$proc_rom.cc:155:do_switch$61$rdmux[0][6][10]$b$317 [1] $memory$auto$proc_rom.cc:155:do_switch$61$rdmux[0][6][10]$b$317 [2] }, Y=$memory$auto$proc_rom.cc:155:do_switch$61$rdmux[0][5][11]$b$224 [5:1]
      New connections: $memory$auto$proc_rom.cc:155:do_switch$61$rdmux[0][5][11]$b$224 [0] = $memory$auto$proc_rom.cc:155:do_switch$61$rdmux[0][6][10]$b$317 [1]
    Consolidated identical input bits for $mux cell $memory$auto$proc_rom.cc:155:do_switch$61$rdmux[0][6][49]$432:
      Old ports: A={ $memory$auto$proc_rom.cc:155:do_switch$61$rdmux[0][6][10]$b$317 [2:1] $memory$auto$proc_rom.cc:155:do_switch$61$rdmux[0][6][10]$b$317 [1] }, B={ 1'0 $memory$auto$proc_rom.cc:155:do_switch$61$rdmux[0][6][10]$b$317 [2:1] }, Y=$memory$auto$proc_rom.cc:155:do_switch$61$rdmux[0][5][18]$b$245 [2:0]
      New ports: A=$memory$auto$proc_rom.cc:155:do_switch$61$rdmux[0][6][10]$b$317 [2:1], B={ 1'0 $memory$auto$proc_rom.cc:155:do_switch$61$rdmux[0][6][10]$b$317 [2] }, Y=$memory$auto$proc_rom.cc:155:do_switch$61$rdmux[0][5][18]$b$245 [2:1]
      New connections: $memory$auto$proc_rom.cc:155:do_switch$61$rdmux[0][5][18]$b$245 [0] = $memory$auto$proc_rom.cc:155:do_switch$61$rdmux[0][6][10]$b$317 [1]
    Consolidated identical input bits for $mux cell $memory$auto$proc_rom.cc:155:do_switch$61$rdmux[0][6][55]$450:
      Old ports: A={ 2'01 $memory$auto$proc_rom.cc:155:do_switch$61$rdmux[0][6][10]$b$317 [1] $memory$auto$proc_rom.cc:155:do_switch$61$rdmux[0][6][10]$b$317 [2] 1'0 $memory$auto$proc_rom.cc:155:do_switch$61$rdmux[0][6][10]$b$317 [1] }, B={ $memory$auto$proc_rom.cc:155:do_switch$61$rdmux[0][6][10]$b$317 [1] $memory$auto$proc_rom.cc:155:do_switch$61$rdmux[0][6][10]$b$317 [2] $memory$auto$proc_rom.cc:155:do_switch$61$rdmux[0][6][10]$b$317 [2] $memory$auto$proc_rom.cc:155:do_switch$61$rdmux[0][6][10]$b$317 [2] 1'1 $memory$auto$proc_rom.cc:155:do_switch$61$rdmux[0][6][10]$b$317 [1] }, Y=$memory$auto$proc_rom.cc:155:do_switch$61$rdmux[0][5][10]$b$221 [5:0]
      New ports: A={ 2'01 $memory$auto$proc_rom.cc:155:do_switch$61$rdmux[0][6][10]$b$317 [1] 1'0 }, B={ $memory$auto$proc_rom.cc:155:do_switch$61$rdmux[0][6][10]$b$317 [1] $memory$auto$proc_rom.cc:155:do_switch$61$rdmux[0][6][10]$b$317 [2] $memory$auto$proc_rom.cc:155:do_switch$61$rdmux[0][6][10]$b$317 [2] 1'1 }, Y={ $memory$auto$proc_rom.cc:155:do_switch$61$rdmux[0][5][10]$b$221 [5:3] $memory$auto$proc_rom.cc:155:do_switch$61$rdmux[0][5][10]$b$221 [1] }
      New connections: { $memory$auto$proc_rom.cc:155:do_switch$61$rdmux[0][5][10]$b$221 [2] $memory$auto$proc_rom.cc:155:do_switch$61$rdmux[0][5][10]$b$221 [0] } = $memory$auto$proc_rom.cc:155:do_switch$61$rdmux[0][6][10]$b$317 [2:1]
    Consolidated identical input bits for $mux cell $memory$auto$proc_rom.cc:155:do_switch$61$rdmux[0][6][57]$456:
      Old ports: A={ 1'1 $memory$auto$proc_rom.cc:155:do_switch$61$rdmux[0][6][10]$b$317 [2] 1'0 $memory$auto$proc_rom.cc:155:do_switch$61$rdmux[0][6][10]$b$317 [1] }, B={ 1'0 $memory$auto$proc_rom.cc:155:do_switch$61$rdmux[0][6][10]$b$317 [2] 1'1 $memory$auto$proc_rom.cc:155:do_switch$61$rdmux[0][6][10]$b$317 [1] }, Y={ $memory$auto$proc_rom.cc:155:do_switch$61$rdmux[0][5][13]$b$230 [5] $memory$auto$proc_rom.cc:155:do_switch$61$rdmux[0][5][13]$b$230 [3:1] }
      New ports: A=2'10, B=2'01, Y={ $memory$auto$proc_rom.cc:155:do_switch$61$rdmux[0][5][13]$b$230 [5] $memory$auto$proc_rom.cc:155:do_switch$61$rdmux[0][5][13]$b$230 [2] }
      New connections: { $memory$auto$proc_rom.cc:155:do_switch$61$rdmux[0][5][13]$b$230 [3] $memory$auto$proc_rom.cc:155:do_switch$61$rdmux[0][5][13]$b$230 [1] } = $memory$auto$proc_rom.cc:155:do_switch$61$rdmux[0][6][10]$b$317 [2:1]
    Consolidated identical input bits for $mux cell $memory$auto$proc_rom.cc:155:do_switch$65$rdmux[0][6][63]$1239:
      Old ports: A={ $memory$auto$proc_rom.cc:155:do_switch$65$rdmux[0][6][10]$b$1082 [1] $memory$auto$proc_rom.cc:155:do_switch$65$rdmux[0][6][10]$b$1082 [2] $memory$auto$proc_rom.cc:155:do_switch$65$rdmux[0][6][10]$b$1082 [2] $memory$auto$proc_rom.cc:155:do_switch$65$rdmux[0][6][10]$b$1082 [2:1] $memory$auto$proc_rom.cc:155:do_switch$65$rdmux[0][6][10]$b$1082 [1] }, B={ 1'1 $memory$auto$proc_rom.cc:155:do_switch$65$rdmux[0][6][10]$b$1082 [1] $memory$auto$proc_rom.cc:155:do_switch$65$rdmux[0][6][10]$b$1082 [2] 1'0 $memory$auto$proc_rom.cc:155:do_switch$65$rdmux[0][6][10]$b$1082 [2:1] }, Y=$memory$auto$proc_rom.cc:155:do_switch$65$rdmux[0][5][14]$b$998 [5:0]
      New ports: A={ $memory$auto$proc_rom.cc:155:do_switch$65$rdmux[0][6][10]$b$1082 [1] $memory$auto$proc_rom.cc:155:do_switch$65$rdmux[0][6][10]$b$1082 [2] $memory$auto$proc_rom.cc:155:do_switch$65$rdmux[0][6][10]$b$1082 [2:1] }, B={ 1'1 $memory$auto$proc_rom.cc:155:do_switch$65$rdmux[0][6][10]$b$1082 [1] 1'0 $memory$auto$proc_rom.cc:155:do_switch$65$rdmux[0][6][10]$b$1082 [2] }, Y={ $memory$auto$proc_rom.cc:155:do_switch$65$rdmux[0][5][14]$b$998 [5:4] $memory$auto$proc_rom.cc:155:do_switch$65$rdmux[0][5][14]$b$998 [2:1] }
      New connections: { $memory$auto$proc_rom.cc:155:do_switch$65$rdmux[0][5][14]$b$998 [3] $memory$auto$proc_rom.cc:155:do_switch$65$rdmux[0][5][14]$b$998 [0] } = $memory$auto$proc_rom.cc:155:do_switch$65$rdmux[0][6][10]$b$1082 [2:1]
    Consolidated identical input bits for $mux cell $memory$auto$proc_rom.cc:155:do_switch$65$rdmux[0][6][61]$1233:
      Old ports: A={ $memory$auto$proc_rom.cc:155:do_switch$65$rdmux[0][6][10]$b$1082 [2:1] 1'0 $memory$auto$proc_rom.cc:155:do_switch$65$rdmux[0][6][10]$b$1082 [1] }, B={ 1'0 $memory$auto$proc_rom.cc:155:do_switch$65$rdmux[0][6][10]$b$1082 [2] 1'1 $memory$auto$proc_rom.cc:155:do_switch$65$rdmux[0][6][10]$b$1082 [1] }, Y={ $memory$auto$proc_rom.cc:155:do_switch$65$rdmux[0][5][15]$b$1001 [5:4] $memory$auto$proc_rom.cc:155:do_switch$65$rdmux[0][5][15]$b$1001 [1:0] }
      New ports: A={ $memory$auto$proc_rom.cc:155:do_switch$65$rdmux[0][6][10]$b$1082 [2:1] 1'0 }, B={ 1'0 $memory$auto$proc_rom.cc:155:do_switch$65$rdmux[0][6][10]$b$1082 [2] 1'1 }, Y={ $memory$auto$proc_rom.cc:155:do_switch$65$rdmux[0][5][15]$b$1001 [5:4] $memory$auto$proc_rom.cc:155:do_switch$65$rdmux[0][5][15]$b$1001 [1] }
      New connections: $memory$auto$proc_rom.cc:155:do_switch$65$rdmux[0][5][15]$b$1001 [0] = $memory$auto$proc_rom.cc:155:do_switch$65$rdmux[0][6][10]$b$1082 [1]
    Consolidated identical input bits for $mux cell $memory$auto$proc_rom.cc:155:do_switch$65$rdmux[0][6][57]$1221:
      Old ports: A={ 1'1 $memory$auto$proc_rom.cc:155:do_switch$65$rdmux[0][6][10]$b$1082 [2] 1'0 $memory$auto$proc_rom.cc:155:do_switch$65$rdmux[0][6][10]$b$1082 [1] }, B={ 1'0 $memory$auto$proc_rom.cc:155:do_switch$65$rdmux[0][6][10]$b$1082 [2] 1'1 $memory$auto$proc_rom.cc:155:do_switch$65$rdmux[0][6][10]$b$1082 [1] }, Y={ $memory$auto$proc_rom.cc:155:do_switch$65$rdmux[0][5][13]$b$995 [5] $memory$auto$proc_rom.cc:155:do_switch$65$rdmux[0][5][13]$b$995 [3:1] }
      New ports: A=2'10, B=2'01, Y={ $memory$auto$proc_rom.cc:155:do_switch$65$rdmux[0][5][13]$b$995 [5] $memory$auto$proc_rom.cc:155:do_switch$65$rdmux[0][5][13]$b$995 [2] }
      New connections: { $memory$auto$proc_rom.cc:155:do_switch$65$rdmux[0][5][13]$b$995 [3] $memory$auto$proc_rom.cc:155:do_switch$65$rdmux[0][5][13]$b$995 [1] } = $memory$auto$proc_rom.cc:155:do_switch$65$rdmux[0][6][10]$b$1082 [2:1]
    Consolidated identical input bits for $mux cell $memory$auto$proc_rom.cc:155:do_switch$65$rdmux[0][6][55]$1215:
      Old ports: A={ 2'01 $memory$auto$proc_rom.cc:155:do_switch$65$rdmux[0][6][10]$b$1082 [1] $memory$auto$proc_rom.cc:155:do_switch$65$rdmux[0][6][10]$b$1082 [2] 1'0 $memory$auto$proc_rom.cc:155:do_switch$65$rdmux[0][6][10]$b$1082 [1] }, B={ $memory$auto$proc_rom.cc:155:do_switch$65$rdmux[0][6][10]$b$1082 [1] $memory$auto$proc_rom.cc:155:do_switch$65$rdmux[0][6][10]$b$1082 [2] $memory$auto$proc_rom.cc:155:do_switch$65$rdmux[0][6][10]$b$1082 [2] $memory$auto$proc_rom.cc:155:do_switch$65$rdmux[0][6][10]$b$1082 [2] 1'1 $memory$auto$proc_rom.cc:155:do_switch$65$rdmux[0][6][10]$b$1082 [1] }, Y=$memory$auto$proc_rom.cc:155:do_switch$65$rdmux[0][5][10]$b$986 [5:0]
      New ports: A={ 2'01 $memory$auto$proc_rom.cc:155:do_switch$65$rdmux[0][6][10]$b$1082 [1] 1'0 }, B={ $memory$auto$proc_rom.cc:155:do_switch$65$rdmux[0][6][10]$b$1082 [1] $memory$auto$proc_rom.cc:155:do_switch$65$rdmux[0][6][10]$b$1082 [2] $memory$auto$proc_rom.cc:155:do_switch$65$rdmux[0][6][10]$b$1082 [2] 1'1 }, Y={ $memory$auto$proc_rom.cc:155:do_switch$65$rdmux[0][5][10]$b$986 [5:3] $memory$auto$proc_rom.cc:155:do_switch$65$rdmux[0][5][10]$b$986 [1] }
      New connections: { $memory$auto$proc_rom.cc:155:do_switch$65$rdmux[0][5][10]$b$986 [2] $memory$auto$proc_rom.cc:155:do_switch$65$rdmux[0][5][10]$b$986 [0] } = $memory$auto$proc_rom.cc:155:do_switch$65$rdmux[0][6][10]$b$1082 [2:1]
    Consolidated identical input bits for $mux cell $memory$auto$proc_rom.cc:155:do_switch$65$rdmux[0][6][54]$1212:
      Old ports: A={ 1'0 $memory$auto$proc_rom.cc:155:do_switch$65$rdmux[0][6][10]$a$1081 [1] }, B={ 1'1 $memory$auto$proc_rom.cc:155:do_switch$65$rdmux[0][6][10]$a$1081 [1] }, Y=$memory$auto$proc_rom.cc:155:do_switch$65$rdmux[0][5][10]$a$985 [1:0]
      New ports: A=1'0, B=1'1, Y=$memory$auto$proc_rom.cc:155:do_switch$65$rdmux[0][5][10]$a$985 [1]
      New connections: $memory$auto$proc_rom.cc:155:do_switch$65$rdmux[0][5][10]$a$985 [0] = \in [4]
    Consolidated identical input bits for $mux cell $memory$auto$proc_rom.cc:155:do_switch$65$rdmux[0][6][53]$1209:
      Old ports: A={ 2'10 $memory$auto$proc_rom.cc:155:do_switch$65$rdmux[0][6][10]$b$1082 [2] 1'1 $memory$auto$proc_rom.cc:155:do_switch$65$rdmux[0][6][10]$b$1082 [1] $memory$auto$proc_rom.cc:155:do_switch$65$rdmux[0][6][10]$b$1082 [1] }, B={ $memory$auto$proc_rom.cc:155:do_switch$65$rdmux[0][6][10]$b$1082 [2:1] $memory$auto$proc_rom.cc:155:do_switch$65$rdmux[0][6][10]$b$1082 [1] $memory$auto$proc_rom.cc:155:do_switch$65$rdmux[0][6][10]$b$1082 [1] $memory$auto$proc_rom.cc:155:do_switch$65$rdmux[0][6][10]$b$1082 [2:1] }, Y=$memory$auto$proc_rom.cc:155:do_switch$65$rdmux[0][5][11]$b$989 [5:0]
      New ports: A={ 2'10 $memory$auto$proc_rom.cc:155:do_switch$65$rdmux[0][6][10]$b$1082 [2] 1'1 $memory$auto$proc_rom.cc:155:do_switch$65$rdmux[0][6][10]$b$1082 [1] }, B={ $memory$auto$proc_rom.cc:155:do_switch$65$rdmux[0][6][10]$b$1082 [2:1] $memory$auto$proc_rom.cc:155:do_switch$65$rdmux[0][6][10]$b$1082 [1] $memory$auto$proc_rom.cc:155:do_switch$65$rdmux[0][6][10]$b$1082 [1] $memory$auto$proc_rom.cc:155:do_switch$65$rdmux[0][6][10]$b$1082 [2] }, Y=$memory$auto$proc_rom.cc:155:do_switch$65$rdmux[0][5][11]$b$989 [5:1]
      New connections: $memory$auto$proc_rom.cc:155:do_switch$65$rdmux[0][5][11]$b$989 [0] = $memory$auto$proc_rom.cc:155:do_switch$65$rdmux[0][6][10]$b$1082 [1]
    Consolidated identical input bits for $mux cell $memory$auto$proc_rom.cc:155:do_switch$65$rdmux[0][6][49]$1197:
      Old ports: A={ $memory$auto$proc_rom.cc:155:do_switch$65$rdmux[0][6][10]$b$1082 [2:1] $memory$auto$proc_rom.cc:155:do_switch$65$rdmux[0][6][10]$b$1082 [1] }, B={ 1'0 $memory$auto$proc_rom.cc:155:do_switch$65$rdmux[0][6][10]$b$1082 [2:1] }, Y=$memory$auto$proc_rom.cc:155:do_switch$65$rdmux[0][5][18]$b$1010 [2:0]
      New ports: A=$memory$auto$proc_rom.cc:155:do_switch$65$rdmux[0][6][10]$b$1082 [2:1], B={ 1'0 $memory$auto$proc_rom.cc:155:do_switch$65$rdmux[0][6][10]$b$1082 [2] }, Y=$memory$auto$proc_rom.cc:155:do_switch$65$rdmux[0][5][18]$b$1010 [2:1]
      New connections: $memory$auto$proc_rom.cc:155:do_switch$65$rdmux[0][5][18]$b$1010 [0] = $memory$auto$proc_rom.cc:155:do_switch$65$rdmux[0][6][10]$b$1082 [1]
    Consolidated identical input bits for $mux cell $memory$auto$proc_rom.cc:155:do_switch$61$rdmux[0][5][25]$264:
      Old ports: A={ 1'0 $memory$auto$proc_rom.cc:155:do_switch$61$rdmux[0][5][10]$a$220 [1:0] }, B={ 1'1 $memory$auto$proc_rom.cc:155:do_switch$61$rdmux[0][5][10]$a$220 [1:0] }, Y=$memory$auto$proc_rom.cc:155:do_switch$61$rdmux[0][4][10]$b$173 [3:1]
      New ports: A=1'0, B=1'1, Y=$memory$auto$proc_rom.cc:155:do_switch$61$rdmux[0][4][10]$b$173 [3]
      New connections: $memory$auto$proc_rom.cc:155:do_switch$61$rdmux[0][4][10]$b$173 [2:1] = $memory$auto$proc_rom.cc:155:do_switch$61$rdmux[0][5][10]$a$220 [1:0]
    Consolidated identical input bits for $mux cell $memory$auto$proc_rom.cc:155:do_switch$65$rdmux[0][5][25]$1029:
      Old ports: A={ 1'0 $memory$auto$proc_rom.cc:155:do_switch$65$rdmux[0][5][10]$a$985 [1:0] }, B={ 1'1 $memory$auto$proc_rom.cc:155:do_switch$65$rdmux[0][5][10]$a$985 [1:0] }, Y=$memory$auto$proc_rom.cc:155:do_switch$65$rdmux[0][4][10]$b$938 [3:1]
      New ports: A=1'0, B=1'1, Y=$memory$auto$proc_rom.cc:155:do_switch$65$rdmux[0][4][10]$b$938 [3]
      New connections: $memory$auto$proc_rom.cc:155:do_switch$65$rdmux[0][4][10]$b$938 [2:1] = $memory$auto$proc_rom.cc:155:do_switch$65$rdmux[0][5][10]$a$985 [1:0]
    Consolidated identical input bits for $mux cell $memory$auto$proc_rom.cc:155:do_switch$57$rdmux[0][5][2]$1725:
      Old ports: A={ 1'0 $memory$auto$proc_rom.cc:155:do_switch$57$rdmux[0][5][0]$a$1720 [3] }, B={ 1'1 $memory$auto$proc_rom.cc:155:do_switch$57$rdmux[0][5][0]$a$1720 [3] }, Y=$memory$auto$proc_rom.cc:155:do_switch$57$rdmux[0][4][0]$b$1673 [2:1]
      New ports: A=1'0, B=1'1, Y=$memory$auto$proc_rom.cc:155:do_switch$57$rdmux[0][4][0]$b$1673 [2]
      New connections: $memory$auto$proc_rom.cc:155:do_switch$57$rdmux[0][4][0]$b$1673 [1] = \abs_sum [0]
    Consolidated identical input bits for $mux cell $memory$auto$proc_rom.cc:155:do_switch$57$rdmux[0][4][1]$1674:
      Old ports: A={ 1'0 $memory$auto$proc_rom.cc:155:do_switch$57$rdmux[0][4][0]$b$1673 [2:1] }, B={ 1'1 $memory$auto$proc_rom.cc:155:do_switch$57$rdmux[0][4][0]$b$1673 [2:1] }, Y=$memory$auto$proc_rom.cc:155:do_switch$57$rdmux[0][3][0]$b$1649 [2:0]
      New ports: A=1'0, B=1'1, Y=$memory$auto$proc_rom.cc:155:do_switch$57$rdmux[0][3][0]$b$1649 [2]
      New connections: $memory$auto$proc_rom.cc:155:do_switch$57$rdmux[0][3][0]$b$1649 [1:0] = $memory$auto$proc_rom.cc:155:do_switch$57$rdmux[0][4][0]$b$1673 [2:1]
    Consolidated identical input bits for $mux cell $memory$auto$proc_rom.cc:155:do_switch$61$rdmux[0][6][63]$474:
      Old ports: A={ $memory$auto$proc_rom.cc:155:do_switch$61$rdmux[0][6][10]$b$317 [1] $memory$auto$proc_rom.cc:155:do_switch$61$rdmux[0][6][10]$b$317 [2] $memory$auto$proc_rom.cc:155:do_switch$61$rdmux[0][6][10]$b$317 [2] $memory$auto$proc_rom.cc:155:do_switch$61$rdmux[0][6][10]$b$317 [2:1] $memory$auto$proc_rom.cc:155:do_switch$61$rdmux[0][6][10]$b$317 [1] }, B={ 1'1 $memory$auto$proc_rom.cc:155:do_switch$61$rdmux[0][6][10]$b$317 [1] $memory$auto$proc_rom.cc:155:do_switch$61$rdmux[0][6][10]$b$317 [2] 1'0 $memory$auto$proc_rom.cc:155:do_switch$61$rdmux[0][6][10]$b$317 [2:1] }, Y=$memory$auto$proc_rom.cc:155:do_switch$61$rdmux[0][5][14]$b$233 [5:0]
      New ports: A={ $memory$auto$proc_rom.cc:155:do_switch$61$rdmux[0][6][10]$b$317 [1] $memory$auto$proc_rom.cc:155:do_switch$61$rdmux[0][6][10]$b$317 [2] $memory$auto$proc_rom.cc:155:do_switch$61$rdmux[0][6][10]$b$317 [2:1] }, B={ 1'1 $memory$auto$proc_rom.cc:155:do_switch$61$rdmux[0][6][10]$b$317 [1] 1'0 $memory$auto$proc_rom.cc:155:do_switch$61$rdmux[0][6][10]$b$317 [2] }, Y={ $memory$auto$proc_rom.cc:155:do_switch$61$rdmux[0][5][14]$b$233 [5:4] $memory$auto$proc_rom.cc:155:do_switch$61$rdmux[0][5][14]$b$233 [2:1] }
      New connections: { $memory$auto$proc_rom.cc:155:do_switch$61$rdmux[0][5][14]$b$233 [3] $memory$auto$proc_rom.cc:155:do_switch$61$rdmux[0][5][14]$b$233 [0] } = $memory$auto$proc_rom.cc:155:do_switch$61$rdmux[0][6][10]$b$317 [2:1]
    Consolidated identical input bits for $mux cell $memory$auto$proc_rom.cc:155:do_switch$61$rdmux[0][6][61]$468:
      Old ports: A={ $memory$auto$proc_rom.cc:155:do_switch$61$rdmux[0][6][10]$b$317 [2:1] 1'0 $memory$auto$proc_rom.cc:155:do_switch$61$rdmux[0][6][10]$b$317 [1] }, B={ 1'0 $memory$auto$proc_rom.cc:155:do_switch$61$rdmux[0][6][10]$b$317 [2] 1'1 $memory$auto$proc_rom.cc:155:do_switch$61$rdmux[0][6][10]$b$317 [1] }, Y={ $memory$auto$proc_rom.cc:155:do_switch$61$rdmux[0][5][15]$b$236 [5:4] $memory$auto$proc_rom.cc:155:do_switch$61$rdmux[0][5][15]$b$236 [1:0] }
      New ports: A={ $memory$auto$proc_rom.cc:155:do_switch$61$rdmux[0][6][10]$b$317 [2:1] 1'0 }, B={ 1'0 $memory$auto$proc_rom.cc:155:do_switch$61$rdmux[0][6][10]$b$317 [2] 1'1 }, Y={ $memory$auto$proc_rom.cc:155:do_switch$61$rdmux[0][5][15]$b$236 [5:4] $memory$auto$proc_rom.cc:155:do_switch$61$rdmux[0][5][15]$b$236 [1] }
      New connections: $memory$auto$proc_rom.cc:155:do_switch$61$rdmux[0][5][15]$b$236 [0] = $memory$auto$proc_rom.cc:155:do_switch$61$rdmux[0][6][10]$b$317 [1]
  Optimizing cells in module \ex251_semantic_int3_dot2_prodtable_qcase.
Performed a total of 18 changes.

2.21.13. Executing OPT_MERGE pass (detect identical cells).
Finding identical cells in module `\ex251_semantic_int3_dot2_prodtable_qcase'.
Computing hashes of 140 cells of `\ex251_semantic_int3_dot2_prodtable_qcase'.
Finding duplicate cells in `\ex251_semantic_int3_dot2_prodtable_qcase'.
Removed a total of 0 cells.

2.21.14. Executing OPT_SHARE pass.

2.21.15. Executing OPT_DFF pass (perform DFF optimizations).

2.21.16. Executing OPT_CLEAN pass (remove unused cells and wires).
Finding unused cells or wires in module \ex251_semantic_int3_dot2_prodtable_qcase..
Removed 0 unused cells and 8 unused wires.

2.21.17. Executing OPT_EXPR pass (perform const folding).
Optimizing module ex251_semantic_int3_dot2_prodtable_qcase.

2.21.18. Rerunning OPT passes. (Maybe there is more to do..)

2.21.19. Executing OPT_MUXTREE pass (detect dead branches in mux trees).
Running muxtree optimizer on module \ex251_semantic_int3_dot2_prodtable_qcase..
  Creating internal representation of mux trees.
  Evaluating internal representation of mux trees.
  Analyzing evaluation results.
Removed 0 multiplexer ports.

2.21.20. Executing OPT_REDUCE pass (consolidate $*mux and $reduce_* inputs).
  Optimizing cells in module \ex251_semantic_int3_dot2_prodtable_qcase.
Performed a total of 0 changes.

2.21.21. Executing OPT_MERGE pass (detect identical cells).
Finding identical cells in module `\ex251_semantic_int3_dot2_prodtable_qcase'.
Computing hashes of 134 cells of `\ex251_semantic_int3_dot2_prodtable_qcase'.
Finding duplicate cells in `\ex251_semantic_int3_dot2_prodtable_qcase'.
Removed a total of 0 cells.

2.21.22. Executing OPT_SHARE pass.

2.21.23. Executing OPT_DFF pass (perform DFF optimizations).

2.21.24. Executing OPT_CLEAN pass (remove unused cells and wires).
Finding unused cells or wires in module \ex251_semantic_int3_dot2_prodtable_qcase..
Removed 0 unused cells and 3 unused wires.

2.21.25. Executing OPT_EXPR pass (perform const folding).
Optimizing module ex251_semantic_int3_dot2_prodtable_qcase.

2.21.26. Rerunning OPT passes. (Maybe there is more to do..)

2.21.27. Executing OPT_MUXTREE pass (detect dead branches in mux trees).
Running muxtree optimizer on module \ex251_semantic_int3_dot2_prodtable_qcase..
  Creating internal representation of mux trees.
  Evaluating internal representation of mux trees.
  Analyzing evaluation results.
Removed 0 multiplexer ports.

2.21.28. Executing OPT_REDUCE pass (consolidate $*mux and $reduce_* inputs).
  Optimizing cells in module \ex251_semantic_int3_dot2_prodtable_qcase.
Performed a total of 0 changes.

2.21.29. Executing OPT_MERGE pass (detect identical cells).
Finding identical cells in module `\ex251_semantic_int3_dot2_prodtable_qcase'.
Computing hashes of 134 cells of `\ex251_semantic_int3_dot2_prodtable_qcase'.
Finding duplicate cells in `\ex251_semantic_int3_dot2_prodtable_qcase'.
Removed a total of 0 cells.

2.21.30. Executing OPT_SHARE pass.

2.21.31. Executing OPT_DFF pass (perform DFF optimizations).

2.21.32. Executing OPT_CLEAN pass (remove unused cells and wires).
Finding unused cells or wires in module \ex251_semantic_int3_dot2_prodtable_qcase..

2.21.33. Executing OPT_EXPR pass (perform const folding).
Optimizing module ex251_semantic_int3_dot2_prodtable_qcase.

2.21.34. Finished fast OPT passes. (There is nothing left to do.)

2.22. Executing TECHMAP pass (map to technology primitives).

2.22.1. Executing Verilog-2005 frontend: /home/b10507053/ALS_Final_Project/student/tools/conda-env/bin/../share/yosys/techmap.v
Parsing Verilog input from `/home/b10507053/ALS_Final_Project/student/tools/conda-env/bin/../share/yosys/techmap.v' to AST representation.
Generating RTLIL representation for module `\_90_simplemap_bool_ops'.
Generating RTLIL representation for module `\_90_simplemap_reduce_ops'.
Generating RTLIL representation for module `\_90_simplemap_logic_ops'.
Generating RTLIL representation for module `\_90_simplemap_compare_ops'.
Generating RTLIL representation for module `\_90_simplemap_various'.
Generating RTLIL representation for module `\_90_simplemap_registers'.
Generating RTLIL representation for module `\_90_shift_ops_shr_shl_sshl_sshr'.
Generating RTLIL representation for module `\_90_shift_shiftx'.
Generating RTLIL representation for module `\_90_fa'.
Generating RTLIL representation for module `\_90_lcu_brent_kung'.
Generating RTLIL representation for module `\_90_alu'.
Generating RTLIL representation for module `\_90_macc'.
Generating RTLIL representation for module `\_90_alumacc'.
Generating RTLIL representation for module `$__div_mod_u'.
Generating RTLIL representation for module `$__div_mod_trunc'.
Generating RTLIL representation for module `\_90_div'.
Generating RTLIL representation for module `\_90_mod'.
Generating RTLIL representation for module `$__div_mod_floor'.
Generating RTLIL representation for module `\_90_divfloor'.
Generating RTLIL representation for module `\_90_modfloor'.
Generating RTLIL representation for module `\_90_pow'.
Generating RTLIL representation for module `\_90_demux'.
Generating RTLIL representation for module `\_90_lut'.
Generating RTLIL representation for module `$connect'.
Generating RTLIL representation for module `$input_port'.
Successfully finished Verilog frontend.

2.22.2. Continuing TECHMAP pass.
Using template $paramod$e91b162b5e66ac5731bf38c3cce71e8fd8ae1a69\_90_alu for cells of type $alu.
Using template $paramod$bd91b1311a7e26328ec7b35acb363a89aa87e033\_90_alu for cells of type $alu.
Using extmapper simplemap for cells of type $mux.
Using extmapper simplemap for cells of type $logic_not.
Using extmapper simplemap for cells of type $logic_and.
Using extmapper simplemap for cells of type $logic_or.
Using extmapper simplemap for cells of type $xor.
Using extmapper simplemap for cells of type $or.
Using extmapper simplemap for cells of type $and.
Using extmapper simplemap for cells of type $not.
Using extmapper simplemap for cells of type $pos.
Using template $paramod\_90_fa\WIDTH=32'00000000000000000000000000001010 for cells of type $fa.
Using template $paramod\_90_lcu_brent_kung\WIDTH=32'00000000000000000000000000001010 for cells of type $lcu.
No more expansions possible.

2.23. Executing OPT pass (performing simple optimizations).

2.23.1. Executing OPT_EXPR pass (perform const folding).
Optimizing module ex251_semantic_int3_dot2_prodtable_qcase.

2.23.2. Executing OPT_MERGE pass (detect identical cells).
Finding identical cells in module `\ex251_semantic_int3_dot2_prodtable_qcase'.
Computing hashes of 645 cells of `\ex251_semantic_int3_dot2_prodtable_qcase'.
Finding duplicate cells in `\ex251_semantic_int3_dot2_prodtable_qcase'.
Computing hashes of 554 cells of `\ex251_semantic_int3_dot2_prodtable_qcase'.
Finding duplicate cells in `\ex251_semantic_int3_dot2_prodtable_qcase'.
Computing hashes of 524 cells of `\ex251_semantic_int3_dot2_prodtable_qcase'.
Finding duplicate cells in `\ex251_semantic_int3_dot2_prodtable_qcase'.
Computing hashes of 493 cells of `\ex251_semantic_int3_dot2_prodtable_qcase'.
Finding duplicate cells in `\ex251_semantic_int3_dot2_prodtable_qcase'.
Computing hashes of 477 cells of `\ex251_semantic_int3_dot2_prodtable_qcase'.
Finding duplicate cells in `\ex251_semantic_int3_dot2_prodtable_qcase'.
Computing hashes of 473 cells of `\ex251_semantic_int3_dot2_prodtable_qcase'.
Finding duplicate cells in `\ex251_semantic_int3_dot2_prodtable_qcase'.
Removed a total of 172 cells.

2.23.3. Executing OPT_DFF pass (perform DFF optimizations).

2.23.4. Executing OPT_CLEAN pass (remove unused cells and wires).
Finding unused cells or wires in module \ex251_semantic_int3_dot2_prodtable_qcase..
Removed 12 unused cells and 122 unused wires.

2.23.5. Finished fast OPT passes.

2.24. Executing ABC pass (technology mapping using ABC).

2.24.1. Extracting gate netlist of module `\ex251_semantic_int3_dot2_prodtable_qcase' to `<abc-temp-dir>/input.blif'..

2.24.1.1. Executed ABC.
Extracted 461 gates and 479 wires to a netlist network with 16 inputs and 8 outputs.
Running ABC script: <abc-temp-dir>/abc.script
ABC: UC Berkeley, ABC 1.01 (compiled May 12 2026 13:26:50)
ABC: abc 01> empty
ABC: abc 01> source <abc-temp-dir>/abc.script
ABC: + read_blif <abc-temp-dir>/input.blif 
ABC: + read_library <abc-temp-dir>/stdcells.genlib 
ABC: + strash 
ABC: + &get -n 
ABC: + &fraig -x 
ABC: + &put 
ABC: + scorr 
ABC: Warning: The network is combinational (run "fraig" or "fraig_sweep").
ABC: + dc2 
ABC: + dretime 
ABC: + strash 
ABC: + &get -n 
ABC: + &dch -f 
ABC: + &nf 
ABC: + &put 
ABC: + write_blif <abc-temp-dir>/output.blif 
ABC: 
ABC: YOSYS_ABC_DONE 

2.24.1.2. Re-integrating ABC results.
ABC RESULTS:               AND cells:      101
ABC RESULTS:            ANDNOT cells:       35
ABC RESULTS:               MUX cells:       63
ABC RESULTS:              NAND cells:      152
ABC RESULTS:               NOR cells:       17
ABC RESULTS:               NOT cells:       14
ABC RESULTS:                OR cells:       43
ABC RESULTS:             ORNOT cells:       35
ABC RESULTS:              XNOR cells:       18
ABC RESULTS:               XOR cells:       14
ABC RESULTS:        internal signals:      455
ABC RESULTS:           input signals:       16
ABC RESULTS:          output signals:        8
Removing temp directory.
Removing global temp directory.

2.25. Executing OPT pass (performing simple optimizations).

2.25.1. Executing OPT_EXPR pass (perform const folding).
Optimizing module ex251_semantic_int3_dot2_prodtable_qcase.

2.25.2. Executing OPT_MERGE pass (detect identical cells).
Finding identical cells in module `\ex251_semantic_int3_dot2_prodtable_qcase'.
Computing hashes of 492 cells of `\ex251_semantic_int3_dot2_prodtable_qcase'.
Finding duplicate cells in `\ex251_semantic_int3_dot2_prodtable_qcase'.
Removed a total of 0 cells.

2.25.3. Executing OPT_DFF pass (perform DFF optimizations).

2.25.4. Executing OPT_CLEAN pass (remove unused cells and wires).
Finding unused cells or wires in module \ex251_semantic_int3_dot2_prodtable_qcase..
Removed 0 unused cells and 183 unused wires.

2.25.5. Finished fast OPT passes.

2.26. Executing HIERARCHY pass (managing design hierarchy).
Attribute `top' found on module `ex251_semantic_int3_dot2_prodtable_qcase'. Setting top module to ex251_semantic_int3_dot2_prodtable_qcase.

2.26.1. Analyzing design hierarchy..
Top module:  \ex251_semantic_int3_dot2_prodtable_qcase

2.26.2. Analyzing design hierarchy..
Top module:  \ex251_semantic_int3_dot2_prodtable_qcase
Removed 0 unused modules.

2.27. Printing statistics.

=== ex251_semantic_int3_dot2_prodtable_qcase ===

        +----------Local Count, excluding submodules.
        | 
      499 wires
      566 wire bits
       15 public wires
       82 public wire bits
        2 ports
       24 port bits
      492 cells
       35   $_ANDNOT_
      101   $_AND_
       63   $_MUX_
      152   $_NAND_
       17   $_NOR_
       14   $_NOT_
       35   $_ORNOT_
       43   $_OR_
       18   $_XNOR_
       14   $_XOR_

2.28. Executing CHECK pass (checking for obvious problems).
Checking module ex251_semantic_int3_dot2_prodtable_qcase...
Found and reported 0 problems.

3. Executing ABC pass (technology mapping using ABC).

3.1. Extracting gate netlist of module `\ex251_semantic_int3_dot2_prodtable_qcase' to `<abc-temp-dir>/input.blif'..

3.1.1. Executed ABC.
Extracted 492 gates and 508 wires to a netlist network with 16 inputs and 8 outputs.
Running ABC script: <abc-temp-dir>/abc.script
ABC: UC Berkeley, ABC 1.01 (compiled May 12 2026 13:26:50)
ABC: abc 01> empty
ABC: abc 01> source <abc-temp-dir>/abc.script
ABC: + read_blif <abc-temp-dir>/input.blif 
ABC: + read_library <abc-temp-dir>/stdcells.genlib 
ABC: + strash 
ABC: + &get -n 
ABC: + &fraig -x 
ABC: + &put 
ABC: + scorr 
ABC: Warning: The network is combinational (run "fraig" or "fraig_sweep").
ABC: + dc2 
ABC: + dretime 
ABC: + strash 
ABC: + &get -n 
ABC: + &dch -f 
ABC: + &nf 
ABC: + &put 
ABC: + write_blif <abc-temp-dir>/output.blif 
ABC: 
ABC: YOSYS_ABC_DONE 

3.1.2. Re-integrating ABC results.
ABC RESULTS:               AND cells:      163
ABC RESULTS:            ANDNOT cells:       27
ABC RESULTS:              NAND cells:      267
ABC RESULTS:               NOR cells:       17
ABC RESULTS:               NOT cells:        9
ABC RESULTS:                OR cells:       73
ABC RESULTS:             ORNOT cells:       50
ABC RESULTS:        internal signals:      484
ABC RESULTS:           input signals:       16
ABC RESULTS:          output signals:        8
Removing temp directory.
Removing global temp directory.

4. Executing AIGMAP pass (map logic to AIG).
Module ex251_semantic_int3_dot2_prodtable_qcase: replaced 434 cells with 1081 new cells, skipped 172 cells.
  replaced 5 cell types:
      27 $_ANDNOT_
     267 $_NAND_
      17 $_NOR_
      50 $_ORNOT_
      73 $_OR_
  not replaced 2 cell types:
     163 $_AND_
       9 $_NOT_

5. Executing OPT pass (performing simple optimizations).

5.1. Executing OPT_EXPR pass (perform const folding).
Optimizing module ex251_semantic_int3_dot2_prodtable_qcase.

5.2. Executing OPT_MERGE pass (detect identical cells).
Finding identical cells in module `\ex251_semantic_int3_dot2_prodtable_qcase'.
Computing hashes of 1185 cells of `\ex251_semantic_int3_dot2_prodtable_qcase'.
Finding duplicate cells in `\ex251_semantic_int3_dot2_prodtable_qcase'.
Computing hashes of 1096 cells of `\ex251_semantic_int3_dot2_prodtable_qcase'.
Finding duplicate cells in `\ex251_semantic_int3_dot2_prodtable_qcase'.
Computing hashes of 1095 cells of `\ex251_semantic_int3_dot2_prodtable_qcase'.
Finding duplicate cells in `\ex251_semantic_int3_dot2_prodtable_qcase'.
Removed a total of 90 cells.

5.3. Executing OPT_MUXTREE pass (detect dead branches in mux trees).
Running muxtree optimizer on module \ex251_semantic_int3_dot2_prodtable_qcase..
  Creating internal representation of mux trees.
  No muxes found in this module.
Removed 0 multiplexer ports.

5.4. Executing OPT_REDUCE pass (consolidate $*mux and $reduce_* inputs).
  Optimizing cells in module \ex251_semantic_int3_dot2_prodtable_qcase.
Performed a total of 0 changes.

5.5. Executing OPT_MERGE pass (detect identical cells).
Finding identical cells in module `\ex251_semantic_int3_dot2_prodtable_qcase'.
Computing hashes of 1095 cells of `\ex251_semantic_int3_dot2_prodtable_qcase'.
Finding duplicate cells in `\ex251_semantic_int3_dot2_prodtable_qcase'.
Removed a total of 0 cells.

5.6. Executing OPT_DFF pass (perform DFF optimizations).

5.7. Executing OPT_CLEAN pass (remove unused cells and wires).
Finding unused cells or wires in module \ex251_semantic_int3_dot2_prodtable_qcase..
Removed 7 unused cells and 1107 unused wires.

5.8. Executing OPT_EXPR pass (perform const folding).
Optimizing module ex251_semantic_int3_dot2_prodtable_qcase.

5.9. Rerunning OPT passes. (Maybe there is more to do..)

5.10. Executing OPT_MUXTREE pass (detect dead branches in mux trees).
Running muxtree optimizer on module \ex251_semantic_int3_dot2_prodtable_qcase..
  Creating internal representation of mux trees.
  No muxes found in this module.
Removed 0 multiplexer ports.

5.11. Executing OPT_REDUCE pass (consolidate $*mux and $reduce_* inputs).
  Optimizing cells in module \ex251_semantic_int3_dot2_prodtable_qcase.
Performed a total of 0 changes.

5.12. Executing OPT_MERGE pass (detect identical cells).
Finding identical cells in module `\ex251_semantic_int3_dot2_prodtable_qcase'.
Computing hashes of 1088 cells of `\ex251_semantic_int3_dot2_prodtable_qcase'.
Finding duplicate cells in `\ex251_semantic_int3_dot2_prodtable_qcase'.
Removed a total of 0 cells.

5.13. Executing OPT_DFF pass (perform DFF optimizations).

5.14. Executing OPT_CLEAN pass (remove unused cells and wires).
Finding unused cells or wires in module \ex251_semantic_int3_dot2_prodtable_qcase..

5.15. Executing OPT_EXPR pass (perform const folding).
Optimizing module ex251_semantic_int3_dot2_prodtable_qcase.

5.16. Finished fast OPT passes. (There is nothing left to do.)

6. Executing AIGER backend.
ERROR: Can't open output file `/home/b10507053/ALS_Final_Project/student/work/ex250_ex254_frontend_fp4_dot_fma_semantic_20260608_2105/ex251/aigs/ex251_semantic_int3_dot2_prodtable_qcase_synth_preset_aig.aig' for writing: No such file or directory
